┌ Warning: Optimization did not converge. RetCode: Stalled
└ @ ODEParameterEstimation ~/ODEParameterEstimation/src/core/solvers/homotopy_continuation.jl:778
┌ Warning: Optimization did not converge. RetCode: MaxIters
└ @ ODEParameterEstimation ~/ODEParameterEstimation/src/core/solvers/homotopy_continuation.jl:778
┌ Warning: Optimization did not converge. RetCode: MaxIters
└ @ ODEParameterEstimation ~/ODEParameterEstimation/src/core/solvers/homotopy_continuation.jl:778
┌ Warning: Optimization did not converge. RetCode: Stalled
└ @ ODEParameterEstimation ~/ODEParameterEstimation/src/core/solvers/homotopy_continuation.jl:778
┌ Warning: Optimization did not converge. RetCode: Stalled
└ @ ODEParameterEstimation ~/ODEParameterEstimation/src/core/solvers/homotopy_continuation.jl:778
┌ Warning: Optimization did not converge. RetCode: Stalled
└ @ ODEParameterEstimation ~/ODEParameterEstimation/src/core/solvers/homotopy_continuation.jl:778
┌ Warning: Optimization did not converge. RetCode: MaxIters
└ @ ODEParameterEstimation ~/ODEParameterEstimation/src/core/solvers/homotopy_continuation.jl:778
┌ Warning: Optimization did not converge. RetCode: MaxIters
└ @ ODEParameterEstimation ~/ODEParameterEstimation/src/core/solvers/homotopy_continuation.jl:778
┌ Warning: Optimization did not converge. RetCode: MaxIters
└ @ ODEParameterEstimation ~/ODEParameterEstimation/src/core/solvers/homotopy_continuation.jl:778
┌ Warning: Optimization did not converge. RetCode: MaxIters
└ @ ODEParameterEstimation ~/ODEParameterEstimation/src/core/solvers/homotopy_continuation.jl:778
┌ Warning: Optimization did not converge. RetCode: Stalled
└ @ ODEParameterEstimation ~/ODEParameterEstimation/src/core/solvers/homotopy_continuation.jl:778
┌ Warning: Optimization did not converge. RetCode: MaxIters
└ @ ODEParameterEstimation ~/ODEParameterEstimation/src/core/solvers/homotopy_continuation.jl:778
┌ Warning: Optimization did not converge. RetCode: MaxIters
└ @ ODEParameterEstimation ~/ODEParameterEstimation/src/core/solvers/homotopy_continuation.jl:778
┌ Warning: Optimization did not converge. RetCode: MaxIters
└ @ ODEParameterEstimation ~/ODEParameterEstimation/src/core/solvers/homotopy_continuation.jl:778
┌ Warning: Optimization did not converge. RetCode: Stalled
└ @ ODEParameterEstimation ~/ODEParameterEstimation/src/core/solvers/homotopy_continuation.jl:778
┌ Warning: Optimization did not converge. RetCode: MaxIters
└ @ ODEParameterEstimation ~/ODEParameterEstimation/src/core/solvers/homotopy_continuation.jl:778
┌ Warning: Optimization did not converge. RetCode: MaxIters
└ @ ODEParameterEstimation ~/ODEParameterEstimation/src/core/solvers/homotopy_continuation.jl:778
┌ Warning: Optimization did not converge. RetCode: Stalled
└ @ ODEParameterEstimation ~/ODEParameterEstimation/src/core/solvers/homotopy_continuation.jl:778
┌ Warning: Optimization did not converge. RetCode: MaxIters
└ @ ODEParameterEstimation ~/ODEParameterEstimation/src/core/solvers/homotopy_continuation.jl:778
┌ Warning: Optimization did not converge. RetCode: MaxIters
└ @ ODEParameterEstimation ~/ODEParameterEstimation/src/core/solvers/homotopy_continuation.jl:778
┌ Warning: Optimization did not converge. RetCode: Stalled
└ @ ODEParameterEstimation ~/ODEParameterEstimation/src/core/solvers/homotopy_continuation.jl:778
┌ Warning: At t=-0.729283799419694, dt was forced below floating point epsilon -9.932881965661253e-17, and step error estimate = 1.0611423239896023. Aborting. There is either an error in your model specification or the true solution is unstable (or the true solution can not be represented in the precision of Float64).
└ @ SciMLBase ~/.julia/packages/SciMLBase/VW1cI/src/integrator_interface.jl:623
┌ Warning: At t=-0.7220000002976023, dt was forced below floating point epsilon -1.0560140026657046e-16, and step error estimate = NaN. Aborting. There is either an error in your model specification or the true solution is unstable (or the true solution can not be represented in the precision of Float64).
└ @ SciMLBase ~/.julia/packages/SciMLBase/VW1cI/src/integrator_interface.jl:623
┌ Warning: At t=-0.7269628462108363, dt was forced below floating point epsilon -1.0500356036662386e-16, and step error estimate = 1.0607656024762324. Aborting. There is either an error in your model specification or the true solution is unstable (or the true solution can not be represented in the precision of Float64).
└ @ SciMLBase ~/.julia/packages/SciMLBase/VW1cI/src/integrator_interface.jl:623
┌ Warning: At t=-0.7220000001779703, dt was forced below floating point epsilon -3.5478435574095684e-17, and step error estimate = NaN. Aborting. There is either an error in your model specification or the true solution is unstable (or the true solution can not be represented in the precision of Float64).
└ @ SciMLBase ~/.julia/packages/SciMLBase/VW1cI/src/integrator_interface.jl:623
┌ Warning: At t=-0.7225853161008312, dt was forced below floating point epsilon -1.0815275267533493e-16, and step error estimate = 1.44521455272045. Aborting. There is either an error in your model specification or the true solution is unstable (or the true solution can not be represented in the precision of Float64).
└ @ SciMLBase ~/.julia/packages/SciMLBase/VW1cI/src/integrator_interface.jl:623
┌ Warning: At t=-0.7220001187554833, dt was forced below floating point epsilon -8.984117504362612e-17, and step error estimate = 3.6940537845893613. Aborting. There is either an error in your model specification or the true solution is unstable (or the true solution can not be represented in the precision of Float64).
└ @ SciMLBase ~/.julia/packages/SciMLBase/VW1cI/src/integrator_interface.jl:623
┌ Warning: At t=-0.9384101015940693, dt was forced below floating point epsilon -9.986078863460188e-17, and step error estimate = 1.0059514687970743. Aborting. There is either an error in your model specification or the true solution is unstable (or the true solution can not be represented in the precision of Float64).
└ @ SciMLBase ~/.julia/packages/SciMLBase/VW1cI/src/integrator_interface.jl:623
┌ Warning: At t=-0.7220018028342062, dt was forced below floating point epsilon -9.962073289876989e-17, and step error estimate = 1.0304548812002028. Aborting. There is either an error in your model specification or the true solution is unstable (or the true solution can not be represented in the precision of Float64).
└ @ SciMLBase ~/.julia/packages/SciMLBase/VW1cI/src/integrator_interface.jl:623
┌ Warning: At t=-0.7801938467625876, dt was forced below floating point epsilon -9.164492144329509e-17, and step error estimate = 472.8318870962713. Aborting. There is either an error in your model specification or the true solution is unstable (or the true solution can not be represented in the precision of Float64).
└ @ SciMLBase ~/.julia/packages/SciMLBase/VW1cI/src/integrator_interface.jl:623
┌ Warning: At t=-0.7220000350411228, dt was forced below floating point epsilon -1.0195502933302488e-16, and step error estimate = NaN. Aborting. There is either an error in your model specification or the true solution is unstable (or the true solution can not be represented in the precision of Float64).
└ @ SciMLBase ~/.julia/packages/SciMLBase/VW1cI/src/integrator_interface.jl:623
┌ Warning: At t=-0.7220000150019525, dt was forced below floating point epsilon -8.87566530830566e-17, and step error estimate = 3.269876810422881. Aborting. There is either an error in your model specification or the true solution is unstable (or the true solution can not be represented in the precision of Float64).
└ @ SciMLBase ~/.julia/packages/SciMLBase/VW1cI/src/integrator_interface.jl:623
┌ Warning: At t=-0.7308694214080047, dt was forced below floating point epsilon -7.696074662430789e-17, and step error estimate = 397.7129640212487. Aborting. There is either an error in your model specification or the true solution is unstable (or the true solution can not be represented in the precision of Float64).
└ @ SciMLBase ~/.julia/packages/SciMLBase/VW1cI/src/integrator_interface.jl:623
┌ Warning: At t=-0.8745102454870829, dt was forced below floating point epsilon -9.988518399772852e-17, and step error estimate = 1.0034979907268902. Aborting. There is either an error in your model specification or the true solution is unstable (or the true solution can not be represented in the precision of Float64).
└ @ SciMLBase ~/.julia/packages/SciMLBase/VW1cI/src/integrator_interface.jl:623
┌ Warning: At t=-0.9392119200504011, dt was forced below floating point epsilon -4.031015517158294e-17, and step error estimate = NaN. Aborting. There is either an error in your model specification or the true solution is unstable (or the true solution can not be represented in the precision of Float64).
└ @ SciMLBase ~/.julia/packages/SciMLBase/VW1cI/src/integrator_interface.jl:623
┌ Warning: At t=-0.7484592414225957, dt was forced below floating point epsilon -6.144676983633363e-17, and step error estimate = 522.4633213777091. Aborting. There is either an error in your model specification or the true solution is unstable (or the true solution can not be represented in the precision of Float64).
└ @ SciMLBase ~/.julia/packages/SciMLBase/VW1cI/src/integrator_interface.jl:623
┌ Warning: At t=-0.7220000000990232, dt was forced below floating point epsilon -1.0380806065998488e-16, and step error estimate = NaN. Aborting. There is either an error in your model specification or the true solution is unstable (or the true solution can not be represented in the precision of Float64).
└ @ SciMLBase ~/.julia/packages/SciMLBase/VW1cI/src/integrator_interface.jl:623
┌ Warning: At t=-0.8435501229834731, dt was forced below floating point epsilon -9.921942426191895e-17, and step error estimate = 1.0729029672922792. Aborting. There is either an error in your model specification or the true solution is unstable (or the true solution can not be represented in the precision of Float64).
└ @ SciMLBase ~/.julia/packages/SciMLBase/VW1cI/src/integrator_interface.jl:623
┌ Warning: At t=-0.7220000002510737, dt was forced below floating point epsilon -9.934422699021114e-17, and step error estimate = 15.157983336053995. Aborting. There is either an error in your model specification or the true solution is unstable (or the true solution can not be represented in the precision of Float64).
└ @ SciMLBase ~/.julia/packages/SciMLBase/VW1cI/src/integrator_interface.jl:623
┌ Warning: At t=-0.9921198971864703, dt was forced below floating point epsilon -9.625017107117554e-17, and step error estimate = 1.6607905006049388. Aborting. There is either an error in your model specification or the true solution is unstable (or the true solution can not be represented in the precision of Float64).
└ @ SciMLBase ~/.julia/packages/SciMLBase/VW1cI/src/integrator_interface.jl:623
┌ Warning: At t=-0.723436188853942, dt was forced below floating point epsilon -9.920684702675831e-17, and step error estimate = 1.0742637980268748. Aborting. There is either an error in your model specification or the true solution is unstable (or the true solution can not be represented in the precision of Float64).
└ @ SciMLBase ~/.julia/packages/SciMLBase/VW1cI/src/integrator_interface.jl:623
┌ Warning: At t=-0.7830480271066576, dt was forced below floating point epsilon -8.38564216726466e-17, and step error estimate = 32891.0682955547. Aborting. There is either an error in your model specification or the true solution is unstable (or the true solution can not be represented in the precision of Float64).
└ @ SciMLBase ~/.julia/packages/SciMLBase/VW1cI/src/integrator_interface.jl:623
┌ Warning: At t=-0.722000001013351, dt was forced below floating point epsilon -9.26781249021021e-17, and step error estimate = 20.51384425068747. Aborting. There is either an error in your model specification or the true solution is unstable (or the true solution can not be represented in the precision of Float64).
└ @ SciMLBase ~/.julia/packages/SciMLBase/VW1cI/src/integrator_interface.jl:623
┌ Warning: At t=-0.7848474883556716, dt was forced below floating point epsilon -1.0174719925211569e-16, and step error estimate = 193.75406082810926. Aborting. There is either an error in your model specification or the true solution is unstable (or the true solution can not be represented in the precision of Float64).
└ @ SciMLBase ~/.julia/packages/SciMLBase/VW1cI/src/integrator_interface.jl:623
┌ Warning: At t=-0.7948274833404323, dt was forced below floating point epsilon -9.949753486773995e-17, and step error estimate = 1.0432844613703947. Aborting. There is either an error in your model specification or the true solution is unstable (or the true solution can not be represented in the precision of Float64).
└ @ SciMLBase ~/.julia/packages/SciMLBase/VW1cI/src/integrator_interface.jl:623
┌ Warning: At t=-0.8435501229834731, dt was forced below floating point epsilon -9.921942426191895e-17, and step error estimate = 1.0729029672922792. Aborting. There is either an error in your model specification or the true solution is unstable (or the true solution can not be represented in the precision of Float64).
└ @ SciMLBase ~/.julia/packages/SciMLBase/VW1cI/src/integrator_interface.jl:623
┌ Warning: At t=-0.7220000002510737, dt was forced below floating point epsilon -9.934422699021114e-17, and step error estimate = 15.157983336053995. Aborting. There is either an error in your model specification or the true solution is unstable (or the true solution can not be represented in the precision of Float64).
└ @ SciMLBase ~/.julia/packages/SciMLBase/VW1cI/src/integrator_interface.jl:623
┌ Warning: At t=-0.8371629404039492, dt was forced below floating point epsilon -2.2287283364923293e-17, and step error estimate = NaN. Aborting. There is either an error in your model specification or the true solution is unstable (or the true solution can not be represented in the precision of Float64).
└ @ SciMLBase ~/.julia/packages/SciMLBase/VW1cI/src/integrator_interface.jl:623
┌ Warning: At t=-0.7220115688198575, dt was forced below floating point epsilon -1.1066593836283731e-16, and step error estimate = NaN. Aborting. There is either an error in your model specification or the true solution is unstable (or the true solution can not be represented in the precision of Float64).
└ @ SciMLBase ~/.julia/packages/SciMLBase/VW1cI/src/integrator_interface.jl:623
┌ Warning: At t=-0.8019157676597395, dt was forced below floating point epsilon -9.874363903775447e-17, and step error estimate = 1.1257502679555207. Aborting. There is either an error in your model specification or the true solution is unstable (or the true solution can not be represented in the precision of Float64).
└ @ SciMLBase ~/.julia/packages/SciMLBase/VW1cI/src/integrator_interface.jl:623
┌ Warning: At t=-0.7466724047420455, dt was forced below floating point epsilon -1.0930813765639902e-16, and step error estimate = 1.0021803061965. Aborting. There is either an error in your model specification or the true solution is unstable (or the true solution can not be represented in the precision of Float64).
└ @ SciMLBase ~/.julia/packages/SciMLBase/VW1cI/src/integrator_interface.jl:623
┌ Warning: At t=-0.87451025117187, dt was forced below floating point epsilon -1.0176891131443736e-16, and step error estimate = 1.0132144362256081. Aborting. There is either an error in your model specification or the true solution is unstable (or the true solution can not be represented in the precision of Float64).
└ @ SciMLBase ~/.julia/packages/SciMLBase/VW1cI/src/integrator_interface.jl:623
┌ Warning: At t=-0.7220000000700689, dt was forced below floating point epsilon -5.780893587477049e-17, and step error estimate = NaN. Aborting. There is either an error in your model specification or the true solution is unstable (or the true solution can not be represented in the precision of Float64).
└ @ SciMLBase ~/.julia/packages/SciMLBase/VW1cI/src/integrator_interface.jl:623
┌ Warning: At t=-0.7222431504681364, dt was forced below floating point epsilon -5.057075089572635e-17, and step error estimate = NaN. Aborting. There is either an error in your model specification or the true solution is unstable (or the true solution can not be represented in the precision of Float64).
└ @ SciMLBase ~/.julia/packages/SciMLBase/VW1cI/src/integrator_interface.jl:623
┌ Warning: At t=-0.7221647777699435, dt was forced below floating point epsilon -5.88504639304795e-17, and step error estimate = NaN. Aborting. There is either an error in your model specification or the true solution is unstable (or the true solution can not be represented in the precision of Float64).
└ @ SciMLBase ~/.julia/packages/SciMLBase/VW1cI/src/integrator_interface.jl:623
┌ Warning: At t=-0.8278978940677688, dt was forced below floating point epsilon -9.850463456073391e-17, and step error estimate = 1.153377279064563. Aborting. There is either an error in your model specification or the true solution is unstable (or the true solution can not be represented in the precision of Float64).
└ @ SciMLBase ~/.julia/packages/SciMLBase/VW1cI/src/integrator_interface.jl:623
┌ Warning: At t=-0.7646710864299916, dt was forced below floating point epsilon -9.833678651964831e-17, and step error estimate = 1.1732256388754188. Aborting. There is either an error in your model specification or the true solution is unstable (or the true solution can not be represented in the precision of Float64).
└ @ SciMLBase ~/.julia/packages/SciMLBase/VW1cI/src/integrator_interface.jl:623
┌ Warning: At t=-0.8807132993091559, dt was forced below floating point epsilon -9.833690188885181e-17, and step error estimate = 1.1732118410225716. Aborting. There is either an error in your model specification or the true solution is unstable (or the true solution can not be represented in the precision of Float64).
└ @ SciMLBase ~/.julia/packages/SciMLBase/VW1cI/src/integrator_interface.jl:623
┌ Warning: At t=-0.7220000008053554, dt was forced below floating point epsilon -9.93993553990183e-17, and step error estimate = 3.1876371741291054. Aborting. There is either an error in your model specification or the true solution is unstable (or the true solution can not be represented in the precision of Float64).
└ @ SciMLBase ~/.julia/packages/SciMLBase/VW1cI/src/integrator_interface.jl:623
┌ Warning: At t=-0.723436188853942, dt was forced below floating point epsilon -9.920684702675831e-17, and step error estimate = 1.0742637980268748. Aborting. There is either an error in your model specification or the true solution is unstable (or the true solution can not be represented in the precision of Float64).
└ @ SciMLBase ~/.julia/packages/SciMLBase/VW1cI/src/integrator_interface.jl:623
┌ Warning: At t=-0.8344721602549804, dt was forced below floating point epsilon -1.0836077447868812e-16, and step error estimate = 1.016717184978988. Aborting. There is either an error in your model specification or the true solution is unstable (or the true solution can not be represented in the precision of Float64).
└ @ SciMLBase ~/.julia/packages/SciMLBase/VW1cI/src/integrator_interface.jl:623
┌ Warning: At t=-0.7220001083457682, dt was forced below floating point epsilon -1.0687779263567466e-16, and step error estimate = 1.9560243928870653. Aborting. There is either an error in your model specification or the true solution is unstable (or the true solution can not be represented in the precision of Float64).
└ @ SciMLBase ~/.julia/packages/SciMLBase/VW1cI/src/integrator_interface.jl:623
┌ Warning: At t=-0.9347676216802155, dt was forced below floating point epsilon -9.85885533102331e-17, and step error estimate = 1.1435929562393508. Aborting. There is either an error in your model specification or the true solution is unstable (or the true solution can not be represented in the precision of Float64).
└ @ SciMLBase ~/.julia/packages/SciMLBase/VW1cI/src/integrator_interface.jl:623
┌ Warning: At t=-0.7220000028184039, dt was forced below floating point epsilon -1.0436420278973143e-16, and step error estimate = 7.314260090367855. Aborting. There is either an error in your model specification or the true solution is unstable (or the true solution can not be represented in the precision of Float64).
└ @ SciMLBase ~/.julia/packages/SciMLBase/VW1cI/src/integrator_interface.jl:623
┌ Warning: At t=-0.7220018028342062, dt was forced below floating point epsilon -9.962073289876989e-17, and step error estimate = 1.0304548812002028. Aborting. There is either an error in your model specification or the true solution is unstable (or the true solution can not be represented in the precision of Float64).
└ @ SciMLBase ~/.julia/packages/SciMLBase/VW1cI/src/integrator_interface.jl:623
┌ Warning: At t=-0.7225853161008312, dt was forced below floating point epsilon -1.0815275267533493e-16, and step error estimate = 1.44521455272045. Aborting. There is either an error in your model specification or the true solution is unstable (or the true solution can not be represented in the precision of Float64).
└ @ SciMLBase ~/.julia/packages/SciMLBase/VW1cI/src/integrator_interface.jl:623
┌ Warning: At t=-0.7270470011148596, dt was forced below floating point epsilon -1.0897294788875399e-16, and step error estimate = 4.654430671907941. Aborting. There is either an error in your model specification or the true solution is unstable (or the true solution can not be represented in the precision of Float64).
└ @ SciMLBase ~/.julia/packages/SciMLBase/VW1cI/src/integrator_interface.jl:623
┌ Warning: At t=-0.7607255624725806, dt was forced below floating point epsilon -9.852040403869335e-17, and step error estimate = 1.1515323088492577. Aborting. There is either an error in your model specification or the true solution is unstable (or the true solution can not be represented in the precision of Float64).
└ @ SciMLBase ~/.julia/packages/SciMLBase/VW1cI/src/integrator_interface.jl:623
┌ Warning: At t=-0.7423220413630804, dt was forced below floating point epsilon -9.907428152928046e-17, and step error estimate = 1.0887276673443869. Aborting. There is either an error in your model specification or the true solution is unstable (or the true solution can not be represented in the precision of Float64).
└ @ SciMLBase ~/.julia/packages/SciMLBase/VW1cI/src/integrator_interface.jl:623
┌ Warning: At t=-0.7225217094416926, dt was forced below floating point epsilon -9.960476257290468e-17, and step error estimate = 1.14283770651383. Aborting. There is either an error in your model specification or the true solution is unstable (or the true solution can not be represented in the precision of Float64).
└ @ SciMLBase ~/.julia/packages/SciMLBase/VW1cI/src/integrator_interface.jl:623
┌ Warning: At t=-0.8278978940677688, dt was forced below floating point epsilon -9.850463456073391e-17, and step error estimate = 1.153377279064563. Aborting. There is either an error in your model specification or the true solution is unstable (or the true solution can not be represented in the precision of Float64).
└ @ SciMLBase ~/.julia/packages/SciMLBase/VW1cI/src/integrator_interface.jl:623
┌ Warning: At t=-0.7220000013246142, dt was forced below floating point epsilon -8.039695983842487e-17, and step error estimate = 10.72115110293705. Aborting. There is either an error in your model specification or the true solution is unstable (or the true solution can not be represented in the precision of Float64).
└ @ SciMLBase ~/.julia/packages/SciMLBase/VW1cI/src/integrator_interface.jl:623
┌ Warning: At t=-0.7220000000263688, dt was forced below floating point epsilon -2.4189666743862203e-17, and step error estimate = NaN. Aborting. There is either an error in your model specification or the true solution is unstable (or the true solution can not be represented in the precision of Float64).
└ @ SciMLBase ~/.julia/packages/SciMLBase/VW1cI/src/integrator_interface.jl:623
┌ Warning: At t=-0.9057469484028122, dt was forced below floating point epsilon -9.988912407403734e-17, and step error estimate = 1.0031014260387472. Aborting. There is either an error in your model specification or the true solution is unstable (or the true solution can not be represented in the precision of Float64).
└ @ SciMLBase ~/.julia/packages/SciMLBase/VW1cI/src/integrator_interface.jl:623
┌ Warning: At t=-0.7255490173287608, dt was forced below floating point epsilon -9.676218325273736e-17, and step error estimate = 1.3787902032504251. Aborting. There is either an error in your model specification or the true solution is unstable (or the true solution can not be represented in the precision of Float64).
└ @ SciMLBase ~/.julia/packages/SciMLBase/VW1cI/src/integrator_interface.jl:623
┌ Warning: At t=-0.8113512834712704, dt was forced below floating point epsilon -9.881030373425577e-17, and step error estimate = 1.1181752735229562. Aborting. There is either an error in your model specification or the true solution is unstable (or the true solution can not be represented in the precision of Float64).
└ @ SciMLBase ~/.julia/packages/SciMLBase/VW1cI/src/integrator_interface.jl:623
┌ Warning: At t=-0.7530153437578041, dt was forced below floating point epsilon -7.244168317394398e-17, and step error estimate = 455.049492220051. Aborting. There is either an error in your model specification or the true solution is unstable (or the true solution can not be represented in the precision of Float64).
└ @ SciMLBase ~/.julia/packages/SciMLBase/VW1cI/src/integrator_interface.jl:623
┌ Warning: At t=-0.7299469751732465, dt was forced below floating point epsilon -9.894712726609549e-17, and step error estimate = 1.1028044672294286. Aborting. There is either an error in your model specification or the true solution is unstable (or the true solution can not be represented in the precision of Float64).
└ @ SciMLBase ~/.julia/packages/SciMLBase/VW1cI/src/integrator_interface.jl:623
┌ Warning: At t=-0.7325427855471222, dt was forced below floating point epsilon -9.904784604534093e-17, and step error estimate = 1.0916378458864884. Aborting. There is either an error in your model specification or the true solution is unstable (or the true solution can not be represented in the precision of Float64).
└ @ SciMLBase ~/.julia/packages/SciMLBase/VW1cI/src/integrator_interface.jl:623
┌ Warning: At t=-0.7220001217961194, dt was forced below floating point epsilon -3.298129652156429e-17, and step error estimate = NaN. Aborting. There is either an error in your model specification or the true solution is unstable (or the true solution can not be represented in the precision of Float64).
└ @ SciMLBase ~/.julia/packages/SciMLBase/VW1cI/src/integrator_interface.jl:623
┌ Warning: At t=-0.722000066557551, dt was forced below floating point epsilon -4.1138041418740155e-17, and step error estimate = NaN. Aborting. There is either an error in your model specification or the true solution is unstable (or the true solution can not be represented in the precision of Float64).
└ @ SciMLBase ~/.julia/packages/SciMLBase/VW1cI/src/integrator_interface.jl:623
┌ Warning: At t=-0.9391108250775837, dt was forced below floating point epsilon -9.941010500256482e-17, and step error estimate = 1.0524972757236954. Aborting. There is either an error in your model specification or the true solution is unstable (or the true solution can not be represented in the precision of Float64).
└ @ SciMLBase ~/.julia/packages/SciMLBase/VW1cI/src/integrator_interface.jl:623
┌ Warning: At t=-0.9973028431364891, dt was forced below floating point epsilon -1.0811833450748723e-16, and step error estimate = 1.1154516271566959. Aborting. There is either an error in your model specification or the true solution is unstable (or the true solution can not be represented in the precision of Float64).
└ @ SciMLBase ~/.julia/packages/SciMLBase/VW1cI/src/integrator_interface.jl:623
┌ Warning: At t=-0.7603912067678162, dt was forced below floating point epsilon -9.894390353600825e-17, and step error estimate = 1.103163342040894. Aborting. There is either an error in your model specification or the true solution is unstable (or the true solution can not be represented in the precision of Float64).
└ @ SciMLBase ~/.julia/packages/SciMLBase/VW1cI/src/integrator_interface.jl:623
┌ Warning: At t=-0.7220000047285252, dt was forced below floating point epsilon -8.852086153632578e-17, and step error estimate = 3.358056334473371. Aborting. There is either an error in your model specification or the true solution is unstable (or the true solution can not be represented in the precision of Float64).
└ @ SciMLBase ~/.julia/packages/SciMLBase/VW1cI/src/integrator_interface.jl:623
┌ Warning: At t=-0.8807132993091559, dt was forced below floating point epsilon -9.833690188885181e-17, and step error estimate = 1.1732118410225716. Aborting. There is either an error in your model specification or the true solution is unstable (or the true solution can not be represented in the precision of Float64).
└ @ SciMLBase ~/.julia/packages/SciMLBase/VW1cI/src/integrator_interface.jl:623
┌ Warning: At t=-0.7229537092498258, dt was forced below floating point epsilon -1.0868417891786527e-16, and step error estimate = 1.0765648674632824. Aborting. There is either an error in your model specification or the true solution is unstable (or the true solution can not be represented in the precision of Float64).
└ @ SciMLBase ~/.julia/packages/SciMLBase/VW1cI/src/integrator_interface.jl:623
┌ Warning: At t=-0.7297975797918291, dt was forced below floating point epsilon -1.1072941361010376e-16, and step error estimate = 1.1115357007162308. Aborting. There is either an error in your model specification or the true solution is unstable (or the true solution can not be represented in the precision of Float64).
└ @ SciMLBase ~/.julia/packages/SciMLBase/VW1cI/src/integrator_interface.jl:623
┌ Warning: At t=-0.9548780200379474, dt was forced below floating point epsilon -9.933096199793476e-17, and step error estimate = 1.0609144021984045. Aborting. There is either an error in your model specification or the true solution is unstable (or the true solution can not be represented in the precision of Float64).
└ @ SciMLBase ~/.julia/packages/SciMLBase/VW1cI/src/integrator_interface.jl:623
┌ Warning: At t=-0.7220000150019525, dt was forced below floating point epsilon -8.87566530830566e-17, and step error estimate = 3.269876810422881. Aborting. There is either an error in your model specification or the true solution is unstable (or the true solution can not be represented in the precision of Float64).
└ @ SciMLBase ~/.julia/packages/SciMLBase/VW1cI/src/integrator_interface.jl:623
┌ Warning: At t=-0.8361517307654815, dt was forced below floating point epsilon -9.871540323787562e-17, and step error estimate = 1.1289757477768063. Aborting. There is either an error in your model specification or the true solution is unstable (or the true solution can not be represented in the precision of Float64).
└ @ SciMLBase ~/.julia/packages/SciMLBase/VW1cI/src/integrator_interface.jl:623
┌ Warning: At t=-0.7220000000656089, dt was forced below floating point epsilon -2.5003378313003412e-17, and step error estimate = NaN. Aborting. There is either an error in your model specification or the true solution is unstable (or the true solution can not be represented in the precision of Float64).
└ @ SciMLBase ~/.julia/packages/SciMLBase/VW1cI/src/integrator_interface.jl:623
┌ Warning: At t=-0.7220000202378432, dt was forced below floating point epsilon -5.277148405363586e-17, and step error estimate = NaN. Aborting. There is either an error in your model specification or the true solution is unstable (or the true solution can not be represented in the precision of Float64).
└ @ SciMLBase ~/.julia/packages/SciMLBase/VW1cI/src/integrator_interface.jl:623
┌ Warning: At t=-0.7220002084807323, dt was forced below floating point epsilon -8.490919997124971e-17, and step error estimate = 8.746383354334846. Aborting. There is either an error in your model specification or the true solution is unstable (or the true solution can not be represented in the precision of Float64).
└ @ SciMLBase ~/.julia/packages/SciMLBase/VW1cI/src/integrator_interface.jl:623
┌ Warning: At t=-0.7220000001779703, dt was forced below floating point epsilon -3.5478435574095684e-17, and step error estimate = NaN. Aborting. There is either an error in your model specification or the true solution is unstable (or the true solution can not be represented in the precision of Float64).
└ @ SciMLBase ~/.julia/packages/SciMLBase/VW1cI/src/integrator_interface.jl:623
┌ Warning: At t=-0.9347676216802155, dt was forced below floating point epsilon -9.85885533102331e-17, and step error estimate = 1.1435929562393508. Aborting. There is either an error in your model specification or the true solution is unstable (or the true solution can not be represented in the precision of Float64).
└ @ SciMLBase ~/.julia/packages/SciMLBase/VW1cI/src/integrator_interface.jl:623
┌ Warning: At t=-0.8616887145361556, dt was forced below floating point epsilon -9.754462289474381e-17, and step error estimate = 115.53290815821781. Aborting. There is either an error in your model specification or the true solution is unstable (or the true solution can not be represented in the precision of Float64).
└ @ SciMLBase ~/.julia/packages/SciMLBase/VW1cI/src/integrator_interface.jl:623
┌ Warning: At t=-0.8605418710668583, dt was forced below floating point epsilon -9.632864990669997e-17, and step error estimate = 2.48131704218872. Aborting. There is either an error in your model specification or the true solution is unstable (or the true solution can not be represented in the precision of Float64).
└ @ SciMLBase ~/.julia/packages/SciMLBase/VW1cI/src/integrator_interface.jl:623
┌ Warning: At t=-0.7636640289429265, dt was forced below floating point epsilon -1.0462139686849019e-16, and step error estimate = 1.1366572569535496. Aborting. There is either an error in your model specification or the true solution is unstable (or the true solution can not be represented in the precision of Float64).
└ @ SciMLBase ~/.julia/packages/SciMLBase/VW1cI/src/integrator_interface.jl:623
┌ Warning: At t=-0.7273556164126314, dt was forced below floating point epsilon -1.0565745255676201e-16, and step error estimate = 1.557420697202722. Aborting. There is either an error in your model specification or the true solution is unstable (or the true solution can not be represented in the precision of Float64).
└ @ SciMLBase ~/.julia/packages/SciMLBase/VW1cI/src/integrator_interface.jl:623
┌ Warning: At t=-0.7220000000757703, dt was forced below floating point epsilon -1.0671306535230411e-16, and step error estimate = NaN. Aborting. There is either an error in your model specification or the true solution is unstable (or the true solution can not be represented in the precision of Float64).
└ @ SciMLBase ~/.julia/packages/SciMLBase/VW1cI/src/integrator_interface.jl:623
┌ Warning: At t=-0.750425388559946, dt was forced below floating point epsilon -1.0333611734290712e-16, and step error estimate = 1.0049377899826242. Aborting. There is either an error in your model specification or the true solution is unstable (or the true solution can not be represented in the precision of Float64).
└ @ SciMLBase ~/.julia/packages/SciMLBase/VW1cI/src/integrator_interface.jl:623
┌ Warning: At t=-0.7341391171340278, dt was forced below floating point epsilon -9.918719487679922e-17, and step error estimate = 1.0763949045471828. Aborting. There is either an error in your model specification or the true solution is unstable (or the true solution can not be represented in the precision of Float64).
└ @ SciMLBase ~/.julia/packages/SciMLBase/VW1cI/src/integrator_interface.jl:623
┌ Warning: At t=-0.7220000166435747, dt was forced below floating point epsilon -9.510019452858198e-17, and step error estimate = 2.018789567481731. Aborting. There is either an error in your model specification or the true solution is unstable (or the true solution can not be represented in the precision of Float64).
└ @ SciMLBase ~/.julia/packages/SciMLBase/VW1cI/src/integrator_interface.jl:623
┌ Warning: At t=-0.7220115688198575, dt was forced below floating point epsilon -1.1066593836283731e-16, and step error estimate = NaN. Aborting. There is either an error in your model specification or the true solution is unstable (or the true solution can not be represented in the precision of Float64).
└ @ SciMLBase ~/.julia/packages/SciMLBase/VW1cI/src/integrator_interface.jl:623
┌ Warning: At t=-0.7665939770548511, dt was forced below floating point epsilon -9.33489066181567e-17, and step error estimate = NaN. Aborting. There is either an error in your model specification or the true solution is unstable (or the true solution can not be represented in the precision of Float64).
└ @ SciMLBase ~/.julia/packages/SciMLBase/VW1cI/src/integrator_interface.jl:623
┌ Warning: At t=-0.7453374734053684, dt was forced below floating point epsilon -6.221070429990453e-17, and step error estimate = 458.4812748622809. Aborting. There is either an error in your model specification or the true solution is unstable (or the true solution can not be represented in the precision of Float64).
└ @ SciMLBase ~/.julia/packages/SciMLBase/VW1cI/src/integrator_interface.jl:623
┌ Warning: At t=-0.9548780200379493, dt was forced below floating point epsilon -9.886341348029545e-17, and step error estimate = 1.11218067885312. Aborting. There is either an error in your model specification or the true solution is unstable (or the true solution can not be represented in the precision of Float64).
└ @ SciMLBase ~/.julia/packages/SciMLBase/VW1cI/src/integrator_interface.jl:623
┌ Warning: At t=-0.8634649189178031, dt was forced below floating point epsilon -1.1101092485697706e-16, and step error estimate = 1.185287917715994. Aborting. There is either an error in your model specification or the true solution is unstable (or the true solution can not be represented in the precision of Float64).
└ @ SciMLBase ~/.julia/packages/SciMLBase/VW1cI/src/integrator_interface.jl:623
┌ Warning: At t=-0.7220000003998762, dt was forced below floating point epsilon -1.017002004746377e-16, and step error estimate = 1.3171832132259202. Aborting. There is either an error in your model specification or the true solution is unstable (or the true solution can not be represented in the precision of Float64).
└ @ SciMLBase ~/.julia/packages/SciMLBase/VW1cI/src/integrator_interface.jl:623
┌ Warning: At t=-0.7253332422053299, dt was forced below floating point epsilon -7.831042432927775e-17, and step error estimate = NaN. Aborting. There is either an error in your model specification or the true solution is unstable (or the true solution can not be represented in the precision of Float64).
└ @ SciMLBase ~/.julia/packages/SciMLBase/VW1cI/src/integrator_interface.jl:623
┌ Warning: At t=-0.7306817342475515, dt was forced below floating point epsilon -7.169892562257682e-17, and step error estimate = 320.5921005490803. Aborting. There is either an error in your model specification or the true solution is unstable (or the true solution can not be represented in the precision of Float64).
└ @ SciMLBase ~/.julia/packages/SciMLBase/VW1cI/src/integrator_interface.jl:623
┌ Warning: At t=-0.9391108250755634, dt was forced below floating point epsilon -9.952685809409335e-17, and step error estimate = 1.040215519574447. Aborting. There is either an error in your model specification or the true solution is unstable (or the true solution can not be represented in the precision of Float64).
└ @ SciMLBase ~/.julia/packages/SciMLBase/VW1cI/src/integrator_interface.jl:623
┌ Warning: At t=-0.7220000047420986, dt was forced below floating point epsilon -1.0865009882135795e-16, and step error estimate = 1.476286391584109. Aborting. There is either an error in your model specification or the true solution is unstable (or the true solution can not be represented in the precision of Float64).
└ @ SciMLBase ~/.julia/packages/SciMLBase/VW1cI/src/integrator_interface.jl:623
┌ Warning: At t=-0.7733718269647925, dt was forced below floating point epsilon -9.876558293740988e-17, and step error estimate = 1.1232506915825125. Aborting. There is either an error in your model specification or the true solution is unstable (or the true solution can not be represented in the precision of Float64).
└ @ SciMLBase ~/.julia/packages/SciMLBase/VW1cI/src/integrator_interface.jl:623
┌ Warning: At t=-0.7220002190885003, dt was forced below floating point epsilon -3.324243007630673e-17, and step error estimate = NaN. Aborting. There is either an error in your model specification or the true solution is unstable (or the true solution can not be represented in the precision of Float64).
└ @ SciMLBase ~/.julia/packages/SciMLBase/VW1cI/src/integrator_interface.jl:623
┌ Warning: At t=-0.9958712252966682, dt was forced below floating point epsilon -9.948372987278952e-17, and step error estimate = 1.0447339531153244. Aborting. There is either an error in your model specification or the true solution is unstable (or the true solution can not be represented in the precision of Float64).
└ @ SciMLBase ~/.julia/packages/SciMLBase/VW1cI/src/integrator_interface.jl:623
┌ Warning: At t=-0.7306817342475517, dt was forced below floating point epsilon -9.869032723962366e-17, and step error estimate = 280.73000296738695. Aborting. There is either an error in your model specification or the true solution is unstable (or the true solution can not be represented in the precision of Float64).
└ @ SciMLBase ~/.julia/packages/SciMLBase/VW1cI/src/integrator_interface.jl:623
┌ Warning: At t=-0.730869421408006, dt was forced below floating point epsilon -9.342367281086537e-17, and step error estimate = 398.71616012319987. Aborting. There is either an error in your model specification or the true solution is unstable (or the true solution can not be represented in the precision of Float64).
└ @ SciMLBase ~/.julia/packages/SciMLBase/VW1cI/src/integrator_interface.jl:623
┌ Warning: At t=-0.7750545591363973, dt was forced below floating point epsilon -9.882240778047763e-17, and step error estimate = 1.1168061551884154. Aborting. There is either an error in your model specification or the true solution is unstable (or the true solution can not be represented in the precision of Float64).
└ @ SciMLBase ~/.julia/packages/SciMLBase/VW1cI/src/integrator_interface.jl:623
┌ Warning: At t=-0.7226677427645302, dt was forced below floating point epsilon -9.83120460805132e-17, and step error estimate = 1.1761832508101555. Aborting. There is either an error in your model specification or the true solution is unstable (or the true solution can not be represented in the precision of Float64).
└ @ SciMLBase ~/.julia/packages/SciMLBase/VW1cI/src/integrator_interface.jl:623
┌ Warning: At t=-0.7220000000656089, dt was forced below floating point epsilon -2.5003378313003412e-17, and step error estimate = NaN. Aborting. There is either an error in your model specification or the true solution is unstable (or the true solution can not be represented in the precision of Float64).
└ @ SciMLBase ~/.julia/packages/SciMLBase/VW1cI/src/integrator_interface.jl:623
┌ Warning: At t=-0.7669505818088045, dt was forced below floating point epsilon -9.966362450349603e-17, and step error estimate = 1.0260286152822677. Aborting. There is either an error in your model specification or the true solution is unstable (or the true solution can not be represented in the precision of Float64).
└ @ SciMLBase ~/.julia/packages/SciMLBase/VW1cI/src/integrator_interface.jl:623
┌ Warning: At t=-0.9314507576505279, dt was forced below floating point epsilon -9.900289832548644e-17, and step error estimate = 1.096606057255962. Aborting. There is either an error in your model specification or the true solution is unstable (or the true solution can not be represented in the precision of Float64).
└ @ SciMLBase ~/.julia/packages/SciMLBase/VW1cI/src/integrator_interface.jl:623
┌ Warning: At t=-0.9347676216802173, dt was forced below floating point epsilon -9.978529807647755e-17, and step error estimate = 1.0135866401590152. Aborting. There is either an error in your model specification or the true solution is unstable (or the true solution can not be represented in the precision of Float64).
└ @ SciMLBase ~/.julia/packages/SciMLBase/VW1cI/src/integrator_interface.jl:623
┌ Warning: At t=-0.9633949901705248, dt was forced below floating point epsilon -9.936665381048973e-17, and step error estimate = 1.057109144969233. Aborting. There is either an error in your model specification or the true solution is unstable (or the true solution can not be represented in the precision of Float64).
└ @ SciMLBase ~/.julia/packages/SciMLBase/VW1cI/src/integrator_interface.jl:623
┌ Warning: At t=-0.9340833990623054, dt was forced below floating point epsilon -9.82191011001593e-17, and step error estimate = 1.1873670578415605. Aborting. There is either an error in your model specification or the true solution is unstable (or the true solution can not be represented in the precision of Float64).
└ @ SciMLBase ~/.julia/packages/SciMLBase/VW1cI/src/integrator_interface.jl:623
┌ Warning: At t=-0.7220000118126259, dt was forced below floating point epsilon -2.599786609624307e-17, and step error estimate = NaN. Aborting. There is either an error in your model specification or the true solution is unstable (or the true solution can not be represented in the precision of Float64).
└ @ SciMLBase ~/.julia/packages/SciMLBase/VW1cI/src/integrator_interface.jl:623
┌ Warning: At t=-0.7669505818088045, dt was forced below floating point epsilon -9.966362450349603e-17, and step error estimate = 1.0260286152822677. Aborting. There is either an error in your model specification or the true solution is unstable (or the true solution can not be represented in the precision of Float64).
└ @ SciMLBase ~/.julia/packages/SciMLBase/VW1cI/src/integrator_interface.jl:623
┌ Warning: At t=-0.7220040446573962, dt was forced below floating point epsilon -9.923097088053892e-17, and step error estimate = 1.0716549533811417. Aborting. There is either an error in your model specification or the true solution is unstable (or the true solution can not be represented in the precision of Float64).
└ @ SciMLBase ~/.julia/packages/SciMLBase/VW1cI/src/integrator_interface.jl:623
┌ Warning: At t=-0.727565170637105, dt was forced below floating point epsilon -9.989559616972243e-17, and step error estimate = NaN. Aborting. There is either an error in your model specification or the true solution is unstable (or the true solution can not be represented in the precision of Float64).
└ @ SciMLBase ~/.julia/packages/SciMLBase/VW1cI/src/integrator_interface.jl:623
┌ Warning: At t=-0.8616887145378461, dt was forced below floating point epsilon -7.327318848379723e-17, and step error estimate = 44.581086041044536. Aborting. There is either an error in your model specification or the true solution is unstable (or the true solution can not be represented in the precision of Float64).
└ @ SciMLBase ~/.julia/packages/SciMLBase/VW1cI/src/integrator_interface.jl:623
┌ Warning: At t=-0.7894794693741315, dt was forced below floating point epsilon -9.945948298198338e-17, and step error estimate = 1.047282755625419. Aborting. There is either an error in your model specification or the true solution is unstable (or the true solution can not be represented in the precision of Float64).
└ @ SciMLBase ~/.julia/packages/SciMLBase/VW1cI/src/integrator_interface.jl:623
┌ Warning: At t=-0.760572885214336, dt was forced below floating point epsilon -9.924342443314361e-17, and step error estimate = 345.70515967575756. Aborting. There is either an error in your model specification or the true solution is unstable (or the true solution can not be represented in the precision of Float64).
└ @ SciMLBase ~/.julia/packages/SciMLBase/VW1cI/src/integrator_interface.jl:623
┌ Warning: At t=-0.7539013607271374, dt was forced below floating point epsilon -9.870312779646556e-17, and step error estimate = 1.1303809335021267. Aborting. There is either an error in your model specification or the true solution is unstable (or the true solution can not be represented in the precision of Float64).
└ @ SciMLBase ~/.julia/packages/SciMLBase/VW1cI/src/integrator_interface.jl:623
┌ Warning: At t=-0.8139850154043907, dt was forced below floating point epsilon -9.822696258776668e-17, and step error estimate = 1.1864170916143153. Aborting. There is either an error in your model specification or the true solution is unstable (or the true solution can not be represented in the precision of Float64).
└ @ SciMLBase ~/.julia/packages/SciMLBase/VW1cI/src/integrator_interface.jl:623
┌ Warning: At t=-0.7220000001979757, dt was forced below floating point epsilon -4.5390858352458553e-17, and step error estimate = NaN. Aborting. There is either an error in your model specification or the true solution is unstable (or the true solution can not be represented in the precision of Float64).
└ @ SciMLBase ~/.julia/packages/SciMLBase/VW1cI/src/integrator_interface.jl:623
┌ Warning: At t=-0.9958712252966682, dt was forced below floating point epsilon -9.948372987278952e-17, and step error estimate = 1.0447339531153244. Aborting. There is either an error in your model specification or the true solution is unstable (or the true solution can not be represented in the precision of Float64).
└ @ SciMLBase ~/.julia/packages/SciMLBase/VW1cI/src/integrator_interface.jl:623
┌ Warning: At t=-0.9392119200504011, dt was forced below floating point epsilon -4.031015517158294e-17, and step error estimate = NaN. Aborting. There is either an error in your model specification or the true solution is unstable (or the true solution can not be represented in the precision of Float64).
└ @ SciMLBase ~/.julia/packages/SciMLBase/VW1cI/src/integrator_interface.jl:623
┌ Warning: At t=-0.7220000350411228, dt was forced below floating point epsilon -1.0195502933302488e-16, and step error estimate = NaN. Aborting. There is either an error in your model specification or the true solution is unstable (or the true solution can not be represented in the precision of Float64).
└ @ SciMLBase ~/.julia/packages/SciMLBase/VW1cI/src/integrator_interface.jl:623
┌ Warning: At t=-1.0, dt was forced below floating point epsilon 2.220446049250313e-16, and step error estimate = 7.210019555862478. Aborting. There is either an error in your model specification or the true solution is unstable (or the true solution can not be represented in the precision of Float64).
└ @ SciMLBase ~/.julia/packages/SciMLBase/VW1cI/src/integrator_interface.jl:623
┌ Warning: At t=-0.7158553095272873, dt was forced below floating point epsilon 1.1102230246251565e-16, and step error estimate = NaN. Aborting. There is either an error in your model specification or the true solution is unstable (or the true solution can not be represented in the precision of Float64).
└ @ SciMLBase ~/.julia/packages/SciMLBase/VW1cI/src/integrator_interface.jl:623
┌ Warning: At t=-0.7181223627321988, dt was forced below floating point epsilon 1.1102230246251565e-16, and step error estimate = 1.0979599198888683. Aborting. There is either an error in your model specification or the true solution is unstable (or the true solution can not be represented in the precision of Float64).
└ @ SciMLBase ~/.julia/packages/SciMLBase/VW1cI/src/integrator_interface.jl:623
┌ Warning: At t=-0.5863792573386085, dt was forced below floating point epsilon 1.1102230246251565e-16, and step error estimate = 1.1109001119385447. Aborting. There is either an error in your model specification or the true solution is unstable (or the true solution can not be represented in the precision of Float64).
└ @ SciMLBase ~/.julia/packages/SciMLBase/VW1cI/src/integrator_interface.jl:623
┌ Warning: At t=0.5429942835176622, dt was forced below floating point epsilon 1.1102230246251565e-16, and step error estimate = 1.1187440767258605. Aborting. There is either an error in your model specification or the true solution is unstable (or the true solution can not be represented in the precision of Float64).
└ @ SciMLBase ~/.julia/packages/SciMLBase/VW1cI/src/integrator_interface.jl:623
┌ Warning: At t=-0.865200352925121, dt was forced below floating point epsilon 1.1102230246251565e-16, and step error estimate = 1.2175034415992847. Aborting. There is either an error in your model specification or the true solution is unstable (or the true solution can not be represented in the precision of Float64).
└ @ SciMLBase ~/.julia/packages/SciMLBase/VW1cI/src/integrator_interface.jl:623
┌ Warning: At t=-0.6155836419526882, dt was forced below floating point epsilon 1.1102230246251565e-16, and step error estimate = 1.0122645490146178. Aborting. There is either an error in your model specification or the true solution is unstable (or the true solution can not be represented in the precision of Float64).
└ @ SciMLBase ~/.julia/packages/SciMLBase/VW1cI/src/integrator_interface.jl:623
┌ Warning: Interrupted. Larger maxiters is needed. If you are using an integrator for non-stiff ODEs or an automatic switching algorithm (the default), you may want to consider using a method for stiff equations. See the solver pages for more details (e.g. https://docs.sciml.ai/DiffEqDocs/stable/solvers/ode_solve/#Stiff-Problems).
└ @ SciMLBase ~/.julia/packages/SciMLBase/VW1cI/src/integrator_interface.jl:589
┌ Warning: At t=-0.8847774949300244, dt was forced below floating point epsilon 1.1102230246251565e-16, and step error estimate = 1.1879861981607207. Aborting. There is either an error in your model specification or the true solution is unstable (or the true solution can not be represented in the precision of Float64).
└ @ SciMLBase ~/.julia/packages/SciMLBase/VW1cI/src/integrator_interface.jl:623
┌ Warning: At t=-0.9056232060279258, dt was forced below floating point epsilon 1.1102230246251565e-16, and step error estimate = 1.0661446459941872. Aborting. There is either an error in your model specification or the true solution is unstable (or the true solution can not be represented in the precision of Float64).
└ @ SciMLBase ~/.julia/packages/SciMLBase/VW1cI/src/integrator_interface.jl:623
┌ Warning: At t=-0.6344052016638834, dt was forced below floating point epsilon 1.1102230246251565e-16, and step error estimate = NaN. Aborting. There is either an error in your model specification or the true solution is unstable (or the true solution can not be represented in the precision of Float64).
└ @ SciMLBase ~/.julia/packages/SciMLBase/VW1cI/src/integrator_interface.jl:623
┌ Warning: At t=-1.0, dt was forced below floating point epsilon 2.220446049250313e-16, and step error estimate = 7.1126589076370825. Aborting. There is either an error in your model specification or the true solution is unstable (or the true solution can not be represented in the precision of Float64).
└ @ SciMLBase ~/.julia/packages/SciMLBase/VW1cI/src/integrator_interface.jl:623
┌ Warning: At t=-0.7219999341259928, dt was forced below floating point epsilon 1.1102230246251565e-16, and step error estimate = NaN. Aborting. There is either an error in your model specification or the true solution is unstable (or the true solution can not be represented in the precision of Float64).
└ @ SciMLBase ~/.julia/packages/SciMLBase/VW1cI/src/integrator_interface.jl:623
┌ Warning: At t=-1.0, dt was forced below floating point epsilon 2.220446049250313e-16, and step error estimate = 7.089821819464824. Aborting. There is either an error in your model specification or the true solution is unstable (or the true solution can not be represented in the precision of Float64).
└ @ SciMLBase ~/.julia/packages/SciMLBase/VW1cI/src/integrator_interface.jl:623
┌ Warning: At t=0.7579855433237979, dt was forced below floating point epsilon 1.1102230246251565e-16, and step error estimate = 1.3399759714265091. Aborting. There is either an error in your model specification or the true solution is unstable (or the true solution can not be represented in the precision of Float64).
└ @ SciMLBase ~/.julia/packages/SciMLBase/VW1cI/src/integrator_interface.jl:623
┌ Warning: At t=-1.0, dt was forced below floating point epsilon 2.220446049250313e-16, and step error estimate = NaN. Aborting. There is either an error in your model specification or the true solution is unstable (or the true solution can not be represented in the precision of Float64).
└ @ SciMLBase ~/.julia/packages/SciMLBase/VW1cI/src/integrator_interface.jl:623
┌ Warning: At t=-0.12531806747767535, dt was forced below floating point epsilon 2.7755575615628914e-17, and step error estimate = 28.55502713742834. Aborting. There is either an error in your model specification or the true solution is unstable (or the true solution can not be represented in the precision of Float64).
└ @ SciMLBase ~/.julia/packages/SciMLBase/VW1cI/src/integrator_interface.jl:623
┌ Warning: At t=-1.0, dt was forced below floating point epsilon 2.220446049250313e-16, and step error estimate = 80.80009850134374. Aborting. There is either an error in your model specification or the true solution is unstable (or the true solution can not be represented in the precision of Float64).
└ @ SciMLBase ~/.julia/packages/SciMLBase/VW1cI/src/integrator_interface.jl:623
┌ Warning: At t=-0.6537207953674941, dt was forced below floating point epsilon 1.1102230246251565e-16, and step error estimate = 1.3472909467969767. Aborting. There is either an error in your model specification or the true solution is unstable (or the true solution can not be represented in the precision of Float64).
└ @ SciMLBase ~/.julia/packages/SciMLBase/VW1cI/src/integrator_interface.jl:623
┌ Warning: At t=-0.6970588154596102, dt was forced below floating point epsilon 1.1102230246251565e-16, and step error estimate = 1.0105613015484964. Aborting. There is either an error in your model specification or the true solution is unstable (or the true solution can not be represented in the precision of Float64).
└ @ SciMLBase ~/.julia/packages/SciMLBase/VW1cI/src/integrator_interface.jl:623
┌ Warning: At t=-0.7827880793154043, dt was forced below floating point epsilon 1.1102230246251565e-16, and step error estimate = NaN. Aborting. There is either an error in your model specification or the true solution is unstable (or the true solution can not be represented in the precision of Float64).
└ @ SciMLBase ~/.julia/packages/SciMLBase/VW1cI/src/integrator_interface.jl:623
┌ Warning: At t=-0.693639997096156, dt was forced below floating point epsilon 1.1102230246251565e-16, and step error estimate = 1.293723801376259. Aborting. There is either an error in your model specification or the true solution is unstable (or the true solution can not be represented in the precision of Float64).
└ @ SciMLBase ~/.julia/packages/SciMLBase/VW1cI/src/integrator_interface.jl:623
┌ Warning: At t=0.4484653307273262, dt was forced below floating point epsilon 5.551115123125783e-17, and step error estimate = 1.1408661143715912. Aborting. There is either an error in your model specification or the true solution is unstable (or the true solution can not be represented in the precision of Float64).
└ @ SciMLBase ~/.julia/packages/SciMLBase/VW1cI/src/integrator_interface.jl:623
┌ Warning: At t=0.4419819666208666, dt was forced below floating point epsilon 5.551115123125783e-17, and step error estimate = 17.7622966926326. Aborting. There is either an error in your model specification or the true solution is unstable (or the true solution can not be represented in the precision of Float64).
└ @ SciMLBase ~/.julia/packages/SciMLBase/VW1cI/src/integrator_interface.jl:623
┌ Warning: At t=-0.20994635480535373, dt was forced below floating point epsilon 2.7755575615628914e-17, and step error estimate = 1.2022191623416847. Aborting. There is either an error in your model specification or the true solution is unstable (or the true solution can not be represented in the precision of Float64).
└ @ SciMLBase ~/.julia/packages/SciMLBase/VW1cI/src/integrator_interface.jl:623
┌ Warning: At t=-0.871888247156928, dt was forced below floating point epsilon 1.1102230246251565e-16, and step error estimate = 1.0658800334660685. Aborting. There is either an error in your model specification or the true solution is unstable (or the true solution can not be represented in the precision of Float64).
└ @ SciMLBase ~/.julia/packages/SciMLBase/VW1cI/src/integrator_interface.jl:623
┌ Warning: At t=-0.3745870062623441, dt was forced below floating point epsilon 5.551115123125783e-17, and step error estimate = 108.07874579720723. Aborting. There is either an error in your model specification or the true solution is unstable (or the true solution can not be represented in the precision of Float64).
└ @ SciMLBase ~/.julia/packages/SciMLBase/VW1cI/src/integrator_interface.jl:623
┌ Warning: At t=-1.0, dt was forced below floating point epsilon 2.220446049250313e-16, and step error estimate = 7.230733603196237. Aborting. There is either an error in your model specification or the true solution is unstable (or the true solution can not be represented in the precision of Float64).
└ @ SciMLBase ~/.julia/packages/SciMLBase/VW1cI/src/integrator_interface.jl:623
┌ Warning: At t=-0.729873244117878, dt was forced below floating point epsilon 1.1102230246251565e-16, and step error estimate = NaN. Aborting. There is either an error in your model specification or the true solution is unstable (or the true solution can not be represented in the precision of Float64).
└ @ SciMLBase ~/.julia/packages/SciMLBase/VW1cI/src/integrator_interface.jl:623
┌ Warning: At t=0.5692815346727151, dt was forced below floating point epsilon 1.1102230246251565e-16, and step error estimate = 1.4698684019963517. Aborting. There is either an error in your model specification or the true solution is unstable (or the true solution can not be represented in the precision of Float64).
└ @ SciMLBase ~/.julia/packages/SciMLBase/VW1cI/src/integrator_interface.jl:623
┌ Warning: At t=-0.06880259518764337, dt was forced below floating point epsilon 1.3877787807814457e-17, and step error estimate = 1.095244041606665. Aborting. There is either an error in your model specification or the true solution is unstable (or the true solution can not be represented in the precision of Float64).
└ @ SciMLBase ~/.julia/packages/SciMLBase/VW1cI/src/integrator_interface.jl:623
┌ Warning: At t=-0.9048397184763186, dt was forced below floating point epsilon 1.1102230246251565e-16, and step error estimate = 1.269433998040393. Aborting. There is either an error in your model specification or the true solution is unstable (or the true solution can not be represented in the precision of Float64).
└ @ SciMLBase ~/.julia/packages/SciMLBase/VW1cI/src/integrator_interface.jl:623
┌ Warning: At t=-1.0, dt was forced below floating point epsilon 2.220446049250313e-16, and step error estimate = 17.115304182382904. Aborting. There is either an error in your model specification or the true solution is unstable (or the true solution can not be represented in the precision of Float64).
└ @ SciMLBase ~/.julia/packages/SciMLBase/VW1cI/src/integrator_interface.jl:623
┌ Warning: At t=0.20869468754876286, dt was forced below floating point epsilon 2.7755575615628914e-17, and step error estimate = 10774.91507891237. Aborting. There is either an error in your model specification or the true solution is unstable (or the true solution can not be represented in the precision of Float64).
└ @ SciMLBase ~/.julia/packages/SciMLBase/VW1cI/src/integrator_interface.jl:623
┌ Warning: At t=-0.20781837298504208, dt was forced below floating point epsilon 2.7755575615628914e-17, and step error estimate = 1.386976702598421. Aborting. There is either an error in your model specification or the true solution is unstable (or the true solution can not be represented in the precision of Float64).
└ @ SciMLBase ~/.julia/packages/SciMLBase/VW1cI/src/integrator_interface.jl:623
┌ Warning: At t=-0.8751863393487953, dt was forced below floating point epsilon 1.1102230246251565e-16, and step error estimate = 1.0899945184511768. Aborting. There is either an error in your model specification or the true solution is unstable (or the true solution can not be represented in the precision of Float64).
└ @ SciMLBase ~/.julia/packages/SciMLBase/VW1cI/src/integrator_interface.jl:623
┌ Warning: At t=-0.4768157540504408, dt was forced below floating point epsilon 5.551115123125783e-17, and step error estimate = 1.2051646998756862. Aborting. There is either an error in your model specification or the true solution is unstable (or the true solution can not be represented in the precision of Float64).
└ @ SciMLBase ~/.julia/packages/SciMLBase/VW1cI/src/integrator_interface.jl:623
┌ Warning: At t=-1.0, dt was forced below floating point epsilon 2.220446049250313e-16, and step error estimate = 7.230733603196237. Aborting. There is either an error in your model specification or the true solution is unstable (or the true solution can not be represented in the precision of Float64).
└ @ SciMLBase ~/.julia/packages/SciMLBase/VW1cI/src/integrator_interface.jl:623
┌ Warning: At t=-0.7818223995749317, dt was forced below floating point epsilon 1.1102230246251565e-16, and step error estimate = 1.394893067956643. Aborting. There is either an error in your model specification or the true solution is unstable (or the true solution can not be represented in the precision of Float64).
└ @ SciMLBase ~/.julia/packages/SciMLBase/VW1cI/src/integrator_interface.jl:623
┌ Warning: At t=-1.0, dt was forced below floating point epsilon 2.220446049250313e-16, and step error estimate = NaN. Aborting. There is either an error in your model specification or the true solution is unstable (or the true solution can not be represented in the precision of Float64).
└ @ SciMLBase ~/.julia/packages/SciMLBase/VW1cI/src/integrator_interface.jl:623
┌ Warning: At t=-0.30369605444328407, dt was forced below floating point epsilon 5.551115123125783e-17, and step error estimate = 1.158865341232065. Aborting. There is either an error in your model specification or the true solution is unstable (or the true solution can not be represented in the precision of Float64).
└ @ SciMLBase ~/.julia/packages/SciMLBase/VW1cI/src/integrator_interface.jl:623
┌ Warning: At t=-1.0, dt was forced below floating point epsilon 2.220446049250313e-16, and step error estimate = 7.319360620441829. Aborting. There is either an error in your model specification or the true solution is unstable (or the true solution can not be represented in the precision of Float64).
└ @ SciMLBase ~/.julia/packages/SciMLBase/VW1cI/src/integrator_interface.jl:623
┌ Warning: At t=-0.04650757617316183, dt was forced below floating point epsilon 6.938893903907228e-18, and step error estimate = 8.535237994205154. Aborting. There is either an error in your model specification or the true solution is unstable (or the true solution can not be represented in the precision of Float64).
└ @ SciMLBase ~/.julia/packages/SciMLBase/VW1cI/src/integrator_interface.jl:623
┌ Warning: At t=-0.717289757238455, dt was forced below floating point epsilon 1.1102230246251565e-16, and step error estimate = 1.0876776555211964. Aborting. There is either an error in your model specification or the true solution is unstable (or the true solution can not be represented in the precision of Float64).
└ @ SciMLBase ~/.julia/packages/SciMLBase/VW1cI/src/integrator_interface.jl:623
┌ Warning: At t=-0.7219999223760063, dt was forced below floating point epsilon 1.1102230246251565e-16, and step error estimate = NaN. Aborting. There is either an error in your model specification or the true solution is unstable (or the true solution can not be represented in the precision of Float64).
└ @ SciMLBase ~/.julia/packages/SciMLBase/VW1cI/src/integrator_interface.jl:623
┌ Warning: At t=-0.9059239448671035, dt was forced below floating point epsilon 1.1102230246251565e-16, and step error estimate = 1.00274023636268. Aborting. There is either an error in your model specification or the true solution is unstable (or the true solution can not be represented in the precision of Float64).
└ @ SciMLBase ~/.julia/packages/SciMLBase/VW1cI/src/integrator_interface.jl:623
┌ Warning: At t=-0.46712170957438925, dt was forced below floating point epsilon 5.551115123125783e-17, and step error estimate = 1.071299141373794. Aborting. There is either an error in your model specification or the true solution is unstable (or the true solution can not be represented in the precision of Float64).
└ @ SciMLBase ~/.julia/packages/SciMLBase/VW1cI/src/integrator_interface.jl:623
┌ Warning: At t=-0.6537212945466164, dt was forced below floating point epsilon 1.1102230246251565e-16, and step error estimate = 1.0881396995293808. Aborting. There is either an error in your model specification or the true solution is unstable (or the true solution can not be represented in the precision of Float64).
└ @ SciMLBase ~/.julia/packages/SciMLBase/VW1cI/src/integrator_interface.jl:623
┌ Warning: At t=0.5869019669854005, dt was forced below floating point epsilon 1.1102230246251565e-16, and step error estimate = 1.0134119710866951. Aborting. There is either an error in your model specification or the true solution is unstable (or the true solution can not be represented in the precision of Float64).
└ @ SciMLBase ~/.julia/packages/SciMLBase/VW1cI/src/integrator_interface.jl:623
┌ Warning: At t=-0.9997483037469752, dt was forced below floating point epsilon 1.1102230246251565e-16, and step error estimate = NaN. Aborting. There is either an error in your model specification or the true solution is unstable (or the true solution can not be represented in the precision of Float64).
└ @ SciMLBase ~/.julia/packages/SciMLBase/VW1cI/src/integrator_interface.jl:623
┌ Warning: At t=-1.0, dt was forced below floating point epsilon 2.220446049250313e-16, and step error estimate = 7.364156401091525. Aborting. There is either an error in your model specification or the true solution is unstable (or the true solution can not be represented in the precision of Float64).
└ @ SciMLBase ~/.julia/packages/SciMLBase/VW1cI/src/integrator_interface.jl:623
┌ Warning: At t=-1.0, dt was forced below floating point epsilon 2.220446049250313e-16, and step error estimate = 7.396980157694779. Aborting. There is either an error in your model specification or the true solution is unstable (or the true solution can not be represented in the precision of Float64).
└ @ SciMLBase ~/.julia/packages/SciMLBase/VW1cI/src/integrator_interface.jl:623
┌ Warning: At t=-0.5243668401793005, dt was forced below floating point epsilon 1.1102230246251565e-16, and step error estimate = 1.0804050099472884. Aborting. There is either an error in your model specification or the true solution is unstable (or the true solution can not be represented in the precision of Float64).
└ @ SciMLBase ~/.julia/packages/SciMLBase/VW1cI/src/integrator_interface.jl:623
┌ Warning: At t=-0.6601802310891852, dt was forced below floating point epsilon 1.1102230246251565e-16, and step error estimate = 1.0691759320881622. Aborting. There is either an error in your model specification or the true solution is unstable (or the true solution can not be represented in the precision of Float64).
└ @ SciMLBase ~/.julia/packages/SciMLBase/VW1cI/src/integrator_interface.jl:623
┌ Warning: At t=-0.09968248483156228, dt was forced below floating point epsilon 1.3877787807814457e-17, and step error estimate = 1.0653418597189035. Aborting. There is either an error in your model specification or the true solution is unstable (or the true solution can not be represented in the precision of Float64).
└ @ SciMLBase ~/.julia/packages/SciMLBase/VW1cI/src/integrator_interface.jl:623
┌ Warning: At t=-0.6470891787532744, dt was forced below floating point epsilon 1.1102230246251565e-16, and step error estimate = 124.67059306222961. Aborting. There is either an error in your model specification or the true solution is unstable (or the true solution can not be represented in the precision of Float64).
└ @ SciMLBase ~/.julia/packages/SciMLBase/VW1cI/src/integrator_interface.jl:623
┌ Warning: At t=-0.5013756374165745, dt was forced below floating point epsilon 1.1102230246251565e-16, and step error estimate = 1.2748208665498573. Aborting. There is either an error in your model specification or the true solution is unstable (or the true solution can not be represented in the precision of Float64).
└ @ SciMLBase ~/.julia/packages/SciMLBase/VW1cI/src/integrator_interface.jl:623
┌ Warning: At t=-1.0, dt was forced below floating point epsilon 2.220446049250313e-16, and step error estimate = 7.396866343865721. Aborting. There is either an error in your model specification or the true solution is unstable (or the true solution can not be represented in the precision of Float64).
└ @ SciMLBase ~/.julia/packages/SciMLBase/VW1cI/src/integrator_interface.jl:623
┌ Warning: At t=-0.17853335381045587, dt was forced below floating point epsilon 2.7755575615628914e-17, and step error estimate = 42.23326225070687. Aborting. There is either an error in your model specification or the true solution is unstable (or the true solution can not be represented in the precision of Float64).
└ @ SciMLBase ~/.julia/packages/SciMLBase/VW1cI/src/integrator_interface.jl:623
┌ Warning: At t=0.5692815346727151, dt was forced below floating point epsilon 1.1102230246251565e-16, and step error estimate = 1.4698684019963517. Aborting. There is either an error in your model specification or the true solution is unstable (or the true solution can not be represented in the precision of Float64).
└ @ SciMLBase ~/.julia/packages/SciMLBase/VW1cI/src/integrator_interface.jl:623
┌ Warning: At t=-0.9134255426173542, dt was forced below floating point epsilon 1.1102230246251565e-16, and step error estimate = 1.1913778469129475. Aborting. There is either an error in your model specification or the true solution is unstable (or the true solution can not be represented in the precision of Float64).
└ @ SciMLBase ~/.julia/packages/SciMLBase/VW1cI/src/integrator_interface.jl:623
┌ Warning: At t=-0.1702533886000849, dt was forced below floating point epsilon 2.7755575615628914e-17, and step error estimate = 16.415901238774143. Aborting. There is either an error in your model specification or the true solution is unstable (or the true solution can not be represented in the precision of Float64).
└ @ SciMLBase ~/.julia/packages/SciMLBase/VW1cI/src/integrator_interface.jl:623
┌ Warning: At t=-0.2258906484997245, dt was forced below floating point epsilon 2.7755575615628914e-17, and step error estimate = 1.1019901849363798. Aborting. There is either an error in your model specification or the true solution is unstable (or the true solution can not be represented in the precision of Float64).
└ @ SciMLBase ~/.julia/packages/SciMLBase/VW1cI/src/integrator_interface.jl:623
┌ Warning: At t=-1.0, dt was forced below floating point epsilon 2.220446049250313e-16, and step error estimate = 7.348112224802899. Aborting. There is either an error in your model specification or the true solution is unstable (or the true solution can not be represented in the precision of Float64).
└ @ SciMLBase ~/.julia/packages/SciMLBase/VW1cI/src/integrator_interface.jl:623
┌ Warning: At t=-1.0, dt was forced below floating point epsilon 2.220446049250313e-16, and step error estimate = 7.089821819464824. Aborting. There is either an error in your model specification or the true solution is unstable (or the true solution can not be represented in the precision of Float64).
└ @ SciMLBase ~/.julia/packages/SciMLBase/VW1cI/src/integrator_interface.jl:623
┌ Warning: At t=-0.8847774949300244, dt was forced below floating point epsilon 1.1102230246251565e-16, and step error estimate = 1.1879861981607207. Aborting. There is either an error in your model specification or the true solution is unstable (or the true solution can not be represented in the precision of Float64).
└ @ SciMLBase ~/.julia/packages/SciMLBase/VW1cI/src/integrator_interface.jl:623
┌ Warning: At t=-0.9949530330715132, dt was forced below floating point epsilon 1.1102230246251565e-16, and step error estimate = NaN. Aborting. There is either an error in your model specification or the true solution is unstable (or the true solution can not be represented in the precision of Float64).
└ @ SciMLBase ~/.julia/packages/SciMLBase/VW1cI/src/integrator_interface.jl:623
┌ Warning: At t=0.14549297734747324, dt was forced below floating point epsilon 2.7755575615628914e-17, and step error estimate = 51.49748138911431. Aborting. There is either an error in your model specification or the true solution is unstable (or the true solution can not be represented in the precision of Float64).
└ @ SciMLBase ~/.julia/packages/SciMLBase/VW1cI/src/integrator_interface.jl:623
┌ Warning: At t=-1.0, dt was forced below floating point epsilon 2.220446049250313e-16, and step error estimate = 7.361391441633543. Aborting. There is either an error in your model specification or the true solution is unstable (or the true solution can not be represented in the precision of Float64).
└ @ SciMLBase ~/.julia/packages/SciMLBase/VW1cI/src/integrator_interface.jl:623
┌ Warning: At t=-0.21910722171121053, dt was forced below floating point epsilon 2.7755575615628914e-17, and step error estimate = 3.825790147284012. Aborting. There is either an error in your model specification or the true solution is unstable (or the true solution can not be represented in the precision of Float64).
└ @ SciMLBase ~/.julia/packages/SciMLBase/VW1cI/src/integrator_interface.jl:623
┌ Warning: At t=-0.49751836182726156, dt was forced below floating point epsilon 5.551115123125783e-17, and step error estimate = 52.38731026362779. Aborting. There is either an error in your model specification or the true solution is unstable (or the true solution can not be represented in the precision of Float64).
└ @ SciMLBase ~/.julia/packages/SciMLBase/VW1cI/src/integrator_interface.jl:623
┌ Warning: At t=-1.0, dt was forced below floating point epsilon 2.220446049250313e-16, and step error estimate = 7.257543948612798. Aborting. There is either an error in your model specification or the true solution is unstable (or the true solution can not be represented in the precision of Float64).
└ @ SciMLBase ~/.julia/packages/SciMLBase/VW1cI/src/integrator_interface.jl:623
┌ Warning: At t=0.9136800358667355, dt was forced below floating point epsilon 1.1102230246251565e-16, and step error estimate = 101.33445642541646. Aborting. There is either an error in your model specification or the true solution is unstable (or the true solution can not be represented in the precision of Float64).
└ @ SciMLBase ~/.julia/packages/SciMLBase/VW1cI/src/integrator_interface.jl:623
┌ Warning: At t=0.4419819666204986, dt was forced below floating point epsilon 5.551115123125783e-17, and step error estimate = 20.627746049594375. Aborting. There is either an error in your model specification or the true solution is unstable (or the true solution can not be represented in the precision of Float64).
└ @ SciMLBase ~/.julia/packages/SciMLBase/VW1cI/src/integrator_interface.jl:623
┌ Warning: At t=-0.694326241450726, dt was forced below floating point epsilon 1.1102230246251565e-16, and step error estimate = 1.0694957230449575. Aborting. There is either an error in your model specification or the true solution is unstable (or the true solution can not be represented in the precision of Float64).
└ @ SciMLBase ~/.julia/packages/SciMLBase/VW1cI/src/integrator_interface.jl:623
┌ Warning: At t=-1.0, dt was forced below floating point epsilon 2.220446049250313e-16, and step error estimate = 7.364156401091525. Aborting. There is either an error in your model specification or the true solution is unstable (or the true solution can not be represented in the precision of Float64).
└ @ SciMLBase ~/.julia/packages/SciMLBase/VW1cI/src/integrator_interface.jl:623
┌ Warning: At t=-0.5595826069750697, dt was forced below floating point epsilon 1.1102230246251565e-16, and step error estimate = 35.43763561215182. Aborting. There is either an error in your model specification or the true solution is unstable (or the true solution can not be represented in the precision of Float64).
└ @ SciMLBase ~/.julia/packages/SciMLBase/VW1cI/src/integrator_interface.jl:623
┌ Warning: At t=-0.8332487335688371, dt was forced below floating point epsilon 1.1102230246251565e-16, and step error estimate = 1.1049544012629775. Aborting. There is either an error in your model specification or the true solution is unstable (or the true solution can not be represented in the precision of Float64).
└ @ SciMLBase ~/.julia/packages/SciMLBase/VW1cI/src/integrator_interface.jl:623
┌ Warning: At t=-0.8239150979959735, dt was forced below floating point epsilon 1.1102230246251565e-16, and step error estimate = 5774.454623264611. Aborting. There is either an error in your model specification or the true solution is unstable (or the true solution can not be represented in the precision of Float64).
└ @ SciMLBase ~/.julia/packages/SciMLBase/VW1cI/src/integrator_interface.jl:623
┌ Warning: At t=-1.0, dt was forced below floating point epsilon 2.220446049250313e-16, and step error estimate = 7.107536814346087. Aborting. There is either an error in your model specification or the true solution is unstable (or the true solution can not be represented in the precision of Float64).
└ @ SciMLBase ~/.julia/packages/SciMLBase/VW1cI/src/integrator_interface.jl:623
┌ Warning: At t=-0.9948734135012502, dt was forced below floating point epsilon 1.1102230246251565e-16, and step error estimate = 1.0148603380282786. Aborting. There is either an error in your model specification or the true solution is unstable (or the true solution can not be represented in the precision of Float64).
└ @ SciMLBase ~/.julia/packages/SciMLBase/VW1cI/src/integrator_interface.jl:623
┌ Warning: At t=-0.23657295033443107, dt was forced below floating point epsilon 2.7755575615628914e-17, and step error estimate = 1.0441918949415931. Aborting. There is either an error in your model specification or the true solution is unstable (or the true solution can not be represented in the precision of Float64).
└ @ SciMLBase ~/.julia/packages/SciMLBase/VW1cI/src/integrator_interface.jl:623
┌ Warning: At t=-1.0, dt was forced below floating point epsilon 2.220446049250313e-16, and step error estimate = 7.306986182423819. Aborting. There is either an error in your model specification or the true solution is unstable (or the true solution can not be represented in the precision of Float64).
└ @ SciMLBase ~/.julia/packages/SciMLBase/VW1cI/src/integrator_interface.jl:623
┌ Warning: At t=-0.6815343376761311, dt was forced below floating point epsilon 1.1102230246251565e-16, and step error estimate = 1.2401053887042888. Aborting. There is either an error in your model specification or the true solution is unstable (or the true solution can not be represented in the precision of Float64).
└ @ SciMLBase ~/.julia/packages/SciMLBase/VW1cI/src/integrator_interface.jl:623
┌ Warning: At t=-0.9655211494342685, dt was forced below floating point epsilon 1.1102230246251565e-16, and step error estimate = 1.2100989773559285. Aborting. There is either an error in your model specification or the true solution is unstable (or the true solution can not be represented in the precision of Float64).
└ @ SciMLBase ~/.julia/packages/SciMLBase/VW1cI/src/integrator_interface.jl:623
┌ Warning: At t=-0.5016432636425254, dt was forced below floating point epsilon 1.1102230246251565e-16, and step error estimate = 1.1646440097397956. Aborting. There is either an error in your model specification or the true solution is unstable (or the true solution can not be represented in the precision of Float64).
└ @ SciMLBase ~/.julia/packages/SciMLBase/VW1cI/src/integrator_interface.jl:623
┌ Warning: Interrupted. Larger maxiters is needed. If you are using an integrator for non-stiff ODEs or an automatic switching algorithm (the default), you may want to consider using a method for stiff equations. See the solver pages for more details (e.g. https://docs.sciml.ai/DiffEqDocs/stable/solvers/ode_solve/#Stiff-Problems).
└ @ SciMLBase ~/.julia/packages/SciMLBase/VW1cI/src/integrator_interface.jl:589
┌ Warning: At t=-1.0, dt was forced below floating point epsilon 2.220446049250313e-16, and step error estimate = 7.281213435376411. Aborting. There is either an error in your model specification or the true solution is unstable (or the true solution can not be represented in the precision of Float64).
└ @ SciMLBase ~/.julia/packages/SciMLBase/VW1cI/src/integrator_interface.jl:623
┌ Warning: At t=-0.7219775027572907, dt was forced below floating point epsilon 1.1102230246251565e-16, and step error estimate = NaN. Aborting. There is either an error in your model specification or the true solution is unstable (or the true solution can not be represented in the precision of Float64).
└ @ SciMLBase ~/.julia/packages/SciMLBase/VW1cI/src/integrator_interface.jl:623
┌ Warning: At t=-1.0, dt was forced below floating point epsilon 2.220446049250313e-16, and step error estimate = NaN. Aborting. There is either an error in your model specification or the true solution is unstable (or the true solution can not be represented in the precision of Float64).
└ @ SciMLBase ~/.julia/packages/SciMLBase/VW1cI/src/integrator_interface.jl:623
┌ Warning: At t=-0.4729463544479389, dt was forced below floating point epsilon 5.551115123125783e-17, and step error estimate = 1.0614797308486716. Aborting. There is either an error in your model specification or the true solution is unstable (or the true solution can not be represented in the precision of Float64).
└ @ SciMLBase ~/.julia/packages/SciMLBase/VW1cI/src/integrator_interface.jl:623
┌ Warning: At t=-1.0, dt was forced below floating point epsilon 2.220446049250313e-16, and step error estimate = NaN. Aborting. There is either an error in your model specification or the true solution is unstable (or the true solution can not be represented in the precision of Float64).
└ @ SciMLBase ~/.julia/packages/SciMLBase/VW1cI/src/integrator_interface.jl:623
┌ Warning: At t=-1.0, dt was forced below floating point epsilon 2.220446049250313e-16, and step error estimate = 7.281843920210188. Aborting. There is either an error in your model specification or the true solution is unstable (or the true solution can not be represented in the precision of Float64).
└ @ SciMLBase ~/.julia/packages/SciMLBase/VW1cI/src/integrator_interface.jl:623
┌ Warning: At t=-0.09968248483153933, dt was forced below floating point epsilon 1.3877787807814457e-17, and step error estimate = 1.1055451574131159. Aborting. There is either an error in your model specification or the true solution is unstable (or the true solution can not be represented in the precision of Float64).
└ @ SciMLBase ~/.julia/packages/SciMLBase/VW1cI/src/integrator_interface.jl:623
┌ Warning: At t=-0.5464413430905147, dt was forced below floating point epsilon 1.1102230246251565e-16, and step error estimate = NaN. Aborting. There is either an error in your model specification or the true solution is unstable (or the true solution can not be represented in the precision of Float64).
└ @ SciMLBase ~/.julia/packages/SciMLBase/VW1cI/src/integrator_interface.jl:623
┌ Warning: At t=-1.0, dt was forced below floating point epsilon 2.220446049250313e-16, and step error estimate = 7.396866343865721. Aborting. There is either an error in your model specification or the true solution is unstable (or the true solution can not be represented in the precision of Float64).
└ @ SciMLBase ~/.julia/packages/SciMLBase/VW1cI/src/integrator_interface.jl:623
┌ Warning: At t=-0.5350196264192111, dt was forced below floating point epsilon 1.1102230246251565e-16, and step error estimate = 1.2809225394704793. Aborting. There is either an error in your model specification or the true solution is unstable (or the true solution can not be represented in the precision of Float64).
└ @ SciMLBase ~/.julia/packages/SciMLBase/VW1cI/src/integrator_interface.jl:623
┌ Warning: At t=0.04744150853324885, dt was forced below floating point epsilon 6.938893903907228e-18, and step error estimate = 1.2865898161722966. Aborting. There is either an error in your model specification or the true solution is unstable (or the true solution can not be represented in the precision of Float64).
└ @ SciMLBase ~/.julia/packages/SciMLBase/VW1cI/src/integrator_interface.jl:623
┌ Warning: At t=-0.8723842249373974, dt was forced below floating point epsilon 1.1102230246251565e-16, and step error estimate = 1.081043358555545. Aborting. There is either an error in your model specification or the true solution is unstable (or the true solution can not be represented in the precision of Float64).
└ @ SciMLBase ~/.julia/packages/SciMLBase/VW1cI/src/integrator_interface.jl:623
┌ Warning: At t=-0.7145533615800775, dt was forced below floating point epsilon 1.1102230246251565e-16, and step error estimate = 1.3578564468256384. Aborting. There is either an error in your model specification or the true solution is unstable (or the true solution can not be represented in the precision of Float64).
└ @ SciMLBase ~/.julia/packages/SciMLBase/VW1cI/src/integrator_interface.jl:623
┌ Warning: At t=0.22456219396630525, dt was forced below floating point epsilon 2.7755575615628914e-17, and step error estimate = 147.8585791874942. Aborting. There is either an error in your model specification or the true solution is unstable (or the true solution can not be represented in the precision of Float64).
└ @ SciMLBase ~/.julia/packages/SciMLBase/VW1cI/src/integrator_interface.jl:623
┌ Warning: At t=-0.9134255426173542, dt was forced below floating point epsilon 1.1102230246251565e-16, and step error estimate = 1.1913778469129475. Aborting. There is either an error in your model specification or the true solution is unstable (or the true solution can not be represented in the precision of Float64).
└ @ SciMLBase ~/.julia/packages/SciMLBase/VW1cI/src/integrator_interface.jl:623
┌ Warning: At t=-1.0, dt was forced below floating point epsilon 2.220446049250313e-16, and step error estimate = 7.209409071757205. Aborting. There is either an error in your model specification or the true solution is unstable (or the true solution can not be represented in the precision of Float64).
└ @ SciMLBase ~/.julia/packages/SciMLBase/VW1cI/src/integrator_interface.jl:623
┌ Warning: At t=-0.7219775027572907, dt was forced below floating point epsilon 1.1102230246251565e-16, and step error estimate = NaN. Aborting. There is either an error in your model specification or the true solution is unstable (or the true solution can not be represented in the precision of Float64).
└ @ SciMLBase ~/.julia/packages/SciMLBase/VW1cI/src/integrator_interface.jl:623
┌ Warning: At t=-0.7078958233848158, dt was forced below floating point epsilon 1.1102230246251565e-16, and step error estimate = 1.462907991912217. Aborting. There is either an error in your model specification or the true solution is unstable (or the true solution can not be represented in the precision of Float64).
└ @ SciMLBase ~/.julia/packages/SciMLBase/VW1cI/src/integrator_interface.jl:623
┌ Warning: At t=-0.6312470731041412, dt was forced below floating point epsilon 1.1102230246251565e-16, and step error estimate = 571.1875040021749. Aborting. There is either an error in your model specification or the true solution is unstable (or the true solution can not be represented in the precision of Float64).
└ @ SciMLBase ~/.julia/packages/SciMLBase/VW1cI/src/integrator_interface.jl:623
┌ Warning: At t=-0.12531806747767535, dt was forced below floating point epsilon 2.7755575615628914e-17, and step error estimate = 28.55502713742834. Aborting. There is either an error in your model specification or the true solution is unstable (or the true solution can not be represented in the precision of Float64).
└ @ SciMLBase ~/.julia/packages/SciMLBase/VW1cI/src/integrator_interface.jl:623
┌ Warning: At t=-1.0, dt was forced below floating point epsilon 2.220446049250313e-16, and step error estimate = 7.324536312070244. Aborting. There is either an error in your model specification or the true solution is unstable (or the true solution can not be represented in the precision of Float64).
└ @ SciMLBase ~/.julia/packages/SciMLBase/VW1cI/src/integrator_interface.jl:623
┌ Warning: At t=-0.7219999989893984, dt was forced below floating point epsilon 1.1102230246251565e-16, and step error estimate = NaN. Aborting. There is either an error in your model specification or the true solution is unstable (or the true solution can not be represented in the precision of Float64).
└ @ SciMLBase ~/.julia/packages/SciMLBase/VW1cI/src/integrator_interface.jl:623
┌ Warning: At t=-0.6846538431138985, dt was forced below floating point epsilon 1.1102230246251565e-16, and step error estimate = 1.2904990526854323. Aborting. There is either an error in your model specification or the true solution is unstable (or the true solution can not be represented in the precision of Float64).
└ @ SciMLBase ~/.julia/packages/SciMLBase/VW1cI/src/integrator_interface.jl:623
┌ Warning: At t=0.26161188947621566, dt was forced below floating point epsilon 5.551115123125783e-17, and step error estimate = 19.12167636657152. Aborting. There is either an error in your model specification or the true solution is unstable (or the true solution can not be represented in the precision of Float64).
└ @ SciMLBase ~/.julia/packages/SciMLBase/VW1cI/src/integrator_interface.jl:623
┌ Warning: At t=-1.0, dt was forced below floating point epsilon 2.220446049250313e-16, and step error estimate = 7.348112224802899. Aborting. There is either an error in your model specification or the true solution is unstable (or the true solution can not be represented in the precision of Float64).
└ @ SciMLBase ~/.julia/packages/SciMLBase/VW1cI/src/integrator_interface.jl:623
┌ Warning: At t=-0.7037304423044155, dt was forced below floating point epsilon 1.1102230246251565e-16, and step error estimate = 1.1849693696386328. Aborting. There is either an error in your model specification or the true solution is unstable (or the true solution can not be represented in the precision of Float64).
└ @ SciMLBase ~/.julia/packages/SciMLBase/VW1cI/src/integrator_interface.jl:623
┌ Warning: At t=-0.9913986171884641, dt was forced below floating point epsilon 1.1102230246251565e-16, and step error estimate = 1.03667831957896. Aborting. There is either an error in your model specification or the true solution is unstable (or the true solution can not be represented in the precision of Float64).
└ @ SciMLBase ~/.julia/packages/SciMLBase/VW1cI/src/integrator_interface.jl:623
┌ Warning: At t=-0.7219999962855008, dt was forced below floating point epsilon 1.1102230246251565e-16, and step error estimate = NaN. Aborting. There is either an error in your model specification or the true solution is unstable (or the true solution can not be represented in the precision of Float64).
└ @ SciMLBase ~/.julia/packages/SciMLBase/VW1cI/src/integrator_interface.jl:623
┌ Warning: At t=-1.0, dt was forced below floating point epsilon 2.220446049250313e-16, and step error estimate = 7.236631066903597. Aborting. There is either an error in your model specification or the true solution is unstable (or the true solution can not be represented in the precision of Float64).
└ @ SciMLBase ~/.julia/packages/SciMLBase/VW1cI/src/integrator_interface.jl:623
┌ Warning: At t=0.6415515601562413, dt was forced below floating point epsilon 1.1102230246251565e-16, and step error estimate = 1.1202231392265412. Aborting. There is either an error in your model specification or the true solution is unstable (or the true solution can not be represented in the precision of Float64).
└ @ SciMLBase ~/.julia/packages/SciMLBase/VW1cI/src/integrator_interface.jl:623
┌ Warning: At t=-0.06718600341527473, dt was forced below floating point epsilon 1.3877787807814457e-17, and step error estimate = 1.0381722714558281. Aborting. There is either an error in your model specification or the true solution is unstable (or the true solution can not be represented in the precision of Float64).
└ @ SciMLBase ~/.julia/packages/SciMLBase/VW1cI/src/integrator_interface.jl:623
┌ Warning: At t=0.6112937937320703, dt was forced below floating point epsilon 1.1102230246251565e-16, and step error estimate = 31.83329805039929. Aborting. There is either an error in your model specification or the true solution is unstable (or the true solution can not be represented in the precision of Float64).
└ @ SciMLBase ~/.julia/packages/SciMLBase/VW1cI/src/integrator_interface.jl:623
┌ Warning: At t=-0.7187626135023575, dt was forced below floating point epsilon 1.1102230246251565e-16, and step error estimate = 1.3315604181930185. Aborting. There is either an error in your model specification or the true solution is unstable (or the true solution can not be represented in the precision of Float64).
└ @ SciMLBase ~/.julia/packages/SciMLBase/VW1cI/src/integrator_interface.jl:623
┌ Warning: Interrupted. Larger maxiters is needed. If you are using an integrator for non-stiff ODEs or an automatic switching algorithm (the default), you may want to consider using a method for stiff equations. See the solver pages for more details (e.g. https://docs.sciml.ai/DiffEqDocs/stable/solvers/ode_solve/#Stiff-Problems).
└ @ SciMLBase ~/.julia/packages/SciMLBase/VW1cI/src/integrator_interface.jl:589
┌ Warning: At t=-0.04650757617316183, dt was forced below floating point epsilon 6.938893903907228e-18, and step error estimate = 8.535237994205154. Aborting. There is either an error in your model specification or the true solution is unstable (or the true solution can not be represented in the precision of Float64).
└ @ SciMLBase ~/.julia/packages/SciMLBase/VW1cI/src/integrator_interface.jl:623
┌ Warning: At t=-1.0, dt was forced below floating point epsilon 2.220446049250313e-16, and step error estimate = NaN. Aborting. There is either an error in your model specification or the true solution is unstable (or the true solution can not be represented in the precision of Float64).
└ @ SciMLBase ~/.julia/packages/SciMLBase/VW1cI/src/integrator_interface.jl:623
┌ Warning: At t=0.4484653307273262, dt was forced below floating point epsilon 5.551115123125783e-17, and step error estimate = 1.1408661143715912. Aborting. There is either an error in your model specification or the true solution is unstable (or the true solution can not be represented in the precision of Float64).
└ @ SciMLBase ~/.julia/packages/SciMLBase/VW1cI/src/integrator_interface.jl:623
┌ Warning: At t=-0.20781837298503292, dt was forced below floating point epsilon 2.7755575615628914e-17, and step error estimate = 1.0010175817305755. Aborting. There is either an error in your model specification or the true solution is unstable (or the true solution can not be represented in the precision of Float64).
└ @ SciMLBase ~/.julia/packages/SciMLBase/VW1cI/src/integrator_interface.jl:623
┌ Warning: At t=-0.9554059616618801, dt was forced below floating point epsilon 1.1102230246251565e-16, and step error estimate = NaN. Aborting. There is either an error in your model specification or the true solution is unstable (or the true solution can not be represented in the precision of Float64).
└ @ SciMLBase ~/.julia/packages/SciMLBase/VW1cI/src/integrator_interface.jl:623
┌ Warning: At t=-0.7219999223760063, dt was forced below floating point epsilon 1.1102230246251565e-16, and step error estimate = NaN. Aborting. There is either an error in your model specification or the true solution is unstable (or the true solution can not be represented in the precision of Float64).
└ @ SciMLBase ~/.julia/packages/SciMLBase/VW1cI/src/integrator_interface.jl:623
┌ Warning: At t=-0.7211319575033985, dt was forced below floating point epsilon 1.1102230246251565e-16, and step error estimate = NaN. Aborting. There is either an error in your model specification or the true solution is unstable (or the true solution can not be represented in the precision of Float64).
└ @ SciMLBase ~/.julia/packages/SciMLBase/VW1cI/src/integrator_interface.jl:623
┌ Warning: At t=-1.0, dt was forced below floating point epsilon 2.220446049250313e-16, and step error estimate = 81.950369072667. Aborting. There is either an error in your model specification or the true solution is unstable (or the true solution can not be represented in the precision of Float64).
└ @ SciMLBase ~/.julia/packages/SciMLBase/VW1cI/src/integrator_interface.jl:623
┌ Warning: At t=0.9209482644322412, dt was forced below floating point epsilon 1.1102230246251565e-16, and step error estimate = 1.1285730015152424. Aborting. There is either an error in your model specification or the true solution is unstable (or the true solution can not be represented in the precision of Float64).
└ @ SciMLBase ~/.julia/packages/SciMLBase/VW1cI/src/integrator_interface.jl:623
┌ Warning: At t=-1.0, dt was forced below floating point epsilon 2.220446049250313e-16, and step error estimate = 7.297052616797709. Aborting. There is either an error in your model specification or the true solution is unstable (or the true solution can not be represented in the precision of Float64).
└ @ SciMLBase ~/.julia/packages/SciMLBase/VW1cI/src/integrator_interface.jl:623
┌ Warning: At t=0.6818846351248588, dt was forced below floating point epsilon 1.1102230246251565e-16, and step error estimate = 1.216292911796845. Aborting. There is either an error in your model specification or the true solution is unstable (or the true solution can not be represented in the precision of Float64).
└ @ SciMLBase ~/.julia/packages/SciMLBase/VW1cI/src/integrator_interface.jl:623
┌ Warning: At t=-0.8488589615744089, dt was forced below floating point epsilon 1.1102230246251565e-16, and step error estimate = 1.253651856173059. Aborting. There is either an error in your model specification or the true solution is unstable (or the true solution can not be represented in the precision of Float64).
└ @ SciMLBase ~/.julia/packages/SciMLBase/VW1cI/src/integrator_interface.jl:623
┌ Warning: At t=-0.0456400673061532, dt was forced below floating point epsilon 6.938893903907228e-18, and step error estimate = 29.06097878300665. Aborting. There is either an error in your model specification or the true solution is unstable (or the true solution can not be represented in the precision of Float64).
└ @ SciMLBase ~/.julia/packages/SciMLBase/VW1cI/src/integrator_interface.jl:623
┌ Warning: At t=-1.0, dt was forced below floating point epsilon 2.220446049250313e-16, and step error estimate = 1.6223826137726622. Aborting. There is either an error in your model specification or the true solution is unstable (or the true solution can not be represented in the precision of Float64).
└ @ SciMLBase ~/.julia/packages/SciMLBase/VW1cI/src/integrator_interface.jl:623
┌ Warning: At t=0.6112937937408509, dt was forced below floating point epsilon 1.1102230246251565e-16, and step error estimate = 11.268928068604955. Aborting. There is either an error in your model specification or the true solution is unstable (or the true solution can not be represented in the precision of Float64).
└ @ SciMLBase ~/.julia/packages/SciMLBase/VW1cI/src/integrator_interface.jl:623
┌ Warning: At t=-0.9966539604663506, dt was forced below floating point epsilon 1.1102230246251565e-16, and step error estimate = NaN. Aborting. There is either an error in your model specification or the true solution is unstable (or the true solution can not be represented in the precision of Float64).
└ @ SciMLBase ~/.julia/packages/SciMLBase/VW1cI/src/integrator_interface.jl:623
┌ Warning: At t=-1.0, dt was forced below floating point epsilon 2.220446049250313e-16, and step error estimate = 35.05373783248188. Aborting. There is either an error in your model specification or the true solution is unstable (or the true solution can not be represented in the precision of Float64).
└ @ SciMLBase ~/.julia/packages/SciMLBase/VW1cI/src/integrator_interface.jl:623
┌ Warning: At t=-0.7214095661265687, dt was forced below floating point epsilon 1.1102230246251565e-16, and step error estimate = 1.0265361279490333. Aborting. There is either an error in your model specification or the true solution is unstable (or the true solution can not be represented in the precision of Float64).
└ @ SciMLBase ~/.julia/packages/SciMLBase/VW1cI/src/integrator_interface.jl:623
┌ Warning: At t=-0.7219997679027055, dt was forced below floating point epsilon 1.1102230246251565e-16, and step error estimate = 2.322798462556581. Aborting. There is either an error in your model specification or the true solution is unstable (or the true solution can not be represented in the precision of Float64).
└ @ SciMLBase ~/.julia/packages/SciMLBase/VW1cI/src/integrator_interface.jl:623
┌ Warning: At t=-0.209946354805354, dt was forced below floating point epsilon 2.7755575615628914e-17, and step error estimate = 1.0230998031571221. Aborting. There is either an error in your model specification or the true solution is unstable (or the true solution can not be represented in the precision of Float64).
└ @ SciMLBase ~/.julia/packages/SciMLBase/VW1cI/src/integrator_interface.jl:623
┌ Warning: At t=-0.9056232060279258, dt was forced below floating point epsilon 1.1102230246251565e-16, and step error estimate = 1.0661446459941872. Aborting. There is either an error in your model specification or the true solution is unstable (or the true solution can not be represented in the precision of Float64).
└ @ SciMLBase ~/.julia/packages/SciMLBase/VW1cI/src/integrator_interface.jl:623
┌ Warning: At t=-1.0, dt was forced below floating point epsilon 2.220446049250313e-16, and step error estimate = 7.315268497809046. Aborting. There is either an error in your model specification or the true solution is unstable (or the true solution can not be represented in the precision of Float64).
└ @ SciMLBase ~/.julia/packages/SciMLBase/VW1cI/src/integrator_interface.jl:623
┌ Warning: At t=-0.1935365207929261, dt was forced below floating point epsilon 2.7755575615628914e-17, and step error estimate = 1.3833842249065698. Aborting. There is either an error in your model specification or the true solution is unstable (or the true solution can not be represented in the precision of Float64).
└ @ SciMLBase ~/.julia/packages/SciMLBase/VW1cI/src/integrator_interface.jl:623
┌ Warning: At t=-0.27655053559975934, dt was forced below floating point epsilon 5.551115123125783e-17, and step error estimate = 1.0355198200322946. Aborting. There is either an error in your model specification or the true solution is unstable (or the true solution can not be represented in the precision of Float64).
└ @ SciMLBase ~/.julia/packages/SciMLBase/VW1cI/src/integrator_interface.jl:623
┌ Warning: At t=-1.0, dt was forced below floating point epsilon 2.220446049250313e-16, and step error estimate = 6.485554317234998. Aborting. There is either an error in your model specification or the true solution is unstable (or the true solution can not be represented in the precision of Float64).
└ @ SciMLBase ~/.julia/packages/SciMLBase/VW1cI/src/integrator_interface.jl:623
┌ Warning: At t=-0.7446220743799309, dt was forced below floating point epsilon 1.1102230246251565e-16, and step error estimate = 1.0748558667155412. Aborting. There is either an error in your model specification or the true solution is unstable (or the true solution can not be represented in the precision of Float64).
└ @ SciMLBase ~/.julia/packages/SciMLBase/VW1cI/src/integrator_interface.jl:623
┌ Warning: At t=-0.6442341417001198, dt was forced below floating point epsilon 1.1102230246251565e-16, and step error estimate = 1.1187240156000229. Aborting. There is either an error in your model specification or the true solution is unstable (or the true solution can not be represented in the precision of Float64).
└ @ SciMLBase ~/.julia/packages/SciMLBase/VW1cI/src/integrator_interface.jl:623
┌ Warning: At t=-1.0, dt was forced below floating point epsilon 2.220446049250313e-16, and step error estimate = 7.305012124914293. Aborting. There is either an error in your model specification or the true solution is unstable (or the true solution can not be represented in the precision of Float64).
└ @ SciMLBase ~/.julia/packages/SciMLBase/VW1cI/src/integrator_interface.jl:623
┌ Warning: At t=-1.0, dt was forced below floating point epsilon 2.220446049250313e-16, and step error estimate = 7.40119134721768. Aborting. There is either an error in your model specification or the true solution is unstable (or the true solution can not be represented in the precision of Float64).
└ @ SciMLBase ~/.julia/packages/SciMLBase/VW1cI/src/integrator_interface.jl:623
┌ Warning: At t=-0.40679133616546803, dt was forced below floating point epsilon 5.551115123125783e-17, and step error estimate = 1.2013899433943034. Aborting. There is either an error in your model specification or the true solution is unstable (or the true solution can not be represented in the precision of Float64).
└ @ SciMLBase ~/.julia/packages/SciMLBase/VW1cI/src/integrator_interface.jl:623
┌ Warning: At t=-0.6970588154596102, dt was forced below floating point epsilon 1.1102230246251565e-16, and step error estimate = 1.0105613015484964. Aborting. There is either an error in your model specification or the true solution is unstable (or the true solution can not be represented in the precision of Float64).
└ @ SciMLBase ~/.julia/packages/SciMLBase/VW1cI/src/integrator_interface.jl:623
┌ Warning: At t=-0.8320855139638059, dt was forced below floating point epsilon 1.1102230246251565e-16, and step error estimate = 1.2308931406248698. Aborting. There is either an error in your model specification or the true solution is unstable (or the true solution can not be represented in the precision of Float64).
└ @ SciMLBase ~/.julia/packages/SciMLBase/VW1cI/src/integrator_interface.jl:623
┌ Warning: At t=-0.7219999935430435, dt was forced below floating point epsilon 1.1102230246251565e-16, and step error estimate = NaN. Aborting. There is either an error in your model specification or the true solution is unstable (or the true solution can not be represented in the precision of Float64).
└ @ SciMLBase ~/.julia/packages/SciMLBase/VW1cI/src/integrator_interface.jl:623
┌ Warning: At t=-1.0, dt was forced below floating point epsilon 2.220446049250313e-16, and step error estimate = 7.271227804183588. Aborting. There is either an error in your model specification or the true solution is unstable (or the true solution can not be represented in the precision of Float64).
└ @ SciMLBase ~/.julia/packages/SciMLBase/VW1cI/src/integrator_interface.jl:623
┌ Warning: Interrupted. Larger maxiters is needed. If you are using an integrator for non-stiff ODEs or an automatic switching algorithm (the default), you may want to consider using a method for stiff equations. See the solver pages for more details (e.g. https://docs.sciml.ai/DiffEqDocs/stable/solvers/ode_solve/#Stiff-Problems).
└ @ SciMLBase ~/.julia/packages/SciMLBase/VW1cI/src/integrator_interface.jl:589
┌ Warning: At t=-1.0, dt was forced below floating point epsilon 2.220446049250313e-16, and step error estimate = 7.126506944340267. Aborting. There is either an error in your model specification or the true solution is unstable (or the true solution can not be represented in the precision of Float64).
└ @ SciMLBase ~/.julia/packages/SciMLBase/VW1cI/src/integrator_interface.jl:623
┌ Warning: Interrupted. Larger maxiters is needed. If you are using an integrator for non-stiff ODEs or an automatic switching algorithm (the default), you may want to consider using a method for stiff equations. See the solver pages for more details (e.g. https://docs.sciml.ai/DiffEqDocs/stable/solvers/ode_solve/#Stiff-Problems).
└ @ SciMLBase ~/.julia/packages/SciMLBase/VW1cI/src/integrator_interface.jl:589
┌ Warning: At t=-0.7211319575033985, dt was forced below floating point epsilon 1.1102230246251565e-16, and step error estimate = NaN. Aborting. There is either an error in your model specification or the true solution is unstable (or the true solution can not be represented in the precision of Float64).
└ @ SciMLBase ~/.julia/packages/SciMLBase/VW1cI/src/integrator_interface.jl:623
┌ Warning: At t=-0.4977234547209203, dt was forced below floating point epsilon 5.551115123125783e-17, and step error estimate = 1.2039328631486461. Aborting. There is either an error in your model specification or the true solution is unstable (or the true solution can not be represented in the precision of Float64).
└ @ SciMLBase ~/.julia/packages/SciMLBase/VW1cI/src/integrator_interface.jl:623
┌ Warning: At t=-1.0, dt was forced below floating point epsilon 2.220446049250313e-16, and step error estimate = 7.203471246470332. Aborting. There is either an error in your model specification or the true solution is unstable (or the true solution can not be represented in the precision of Float64).
└ @ SciMLBase ~/.julia/packages/SciMLBase/VW1cI/src/integrator_interface.jl:623
┌ Warning: At t=-1.0, dt was forced below floating point epsilon 2.220446049250313e-16, and step error estimate = 7.419760049794878. Aborting. There is either an error in your model specification or the true solution is unstable (or the true solution can not be represented in the precision of Float64).
└ @ SciMLBase ~/.julia/packages/SciMLBase/VW1cI/src/integrator_interface.jl:623
┌ Warning: At t=-0.8320855139638059, dt was forced below floating point epsilon 1.1102230246251565e-16, and step error estimate = 1.2308931406248698. Aborting. There is either an error in your model specification or the true solution is unstable (or the true solution can not be represented in the precision of Float64).
└ @ SciMLBase ~/.julia/packages/SciMLBase/VW1cI/src/integrator_interface.jl:623
┌ Warning: At t=-1.0, dt was forced below floating point epsilon 2.220446049250313e-16, and step error estimate = 7.228073041226387. Aborting. There is either an error in your model specification or the true solution is unstable (or the true solution can not be represented in the precision of Float64).
└ @ SciMLBase ~/.julia/packages/SciMLBase/VW1cI/src/integrator_interface.jl:623
┌ Warning: At t=-0.7219997679027055, dt was forced below floating point epsilon 1.1102230246251565e-16, and step error estimate = 2.322798462556581. Aborting. There is either an error in your model specification or the true solution is unstable (or the true solution can not be represented in the precision of Float64).
└ @ SciMLBase ~/.julia/packages/SciMLBase/VW1cI/src/integrator_interface.jl:623
┌ Warning: At t=-0.9944333588544579, dt was forced below floating point epsilon 1.1102230246251565e-16, and step error estimate = NaN. Aborting. There is either an error in your model specification or the true solution is unstable (or the true solution can not be represented in the precision of Float64).
└ @ SciMLBase ~/.julia/packages/SciMLBase/VW1cI/src/integrator_interface.jl:623
┌ Warning: At t=0.7130908617210397, dt was forced below floating point epsilon 1.1102230246251565e-16, and step error estimate = 1.0193639252087867. Aborting. There is either an error in your model specification or the true solution is unstable (or the true solution can not be represented in the precision of Float64).
└ @ SciMLBase ~/.julia/packages/SciMLBase/VW1cI/src/integrator_interface.jl:623
┌ Warning: At t=-0.5623106231724362, dt was forced below floating point epsilon 1.1102230246251565e-16, and step error estimate = 1.3971084216490695. Aborting. There is either an error in your model specification or the true solution is unstable (or the true solution can not be represented in the precision of Float64).
└ @ SciMLBase ~/.julia/packages/SciMLBase/VW1cI/src/integrator_interface.jl:623
┌ Warning: At t=-1.0, dt was forced below floating point epsilon 2.220446049250313e-16, and step error estimate = 7.186131966594253. Aborting. There is either an error in your model specification or the true solution is unstable (or the true solution can not be represented in the precision of Float64).
└ @ SciMLBase ~/.julia/packages/SciMLBase/VW1cI/src/integrator_interface.jl:623
┌ Warning: At t=-0.6844136912165751, dt was forced below floating point epsilon 1.1102230246251565e-16, and step error estimate = 1.0384008333664176. Aborting. There is either an error in your model specification or the true solution is unstable (or the true solution can not be represented in the precision of Float64).
└ @ SciMLBase ~/.julia/packages/SciMLBase/VW1cI/src/integrator_interface.jl:623
┌ Warning: At t=-1.0, dt was forced below floating point epsilon 2.220446049250313e-16, and step error estimate = 7.326692189155792. Aborting. There is either an error in your model specification or the true solution is unstable (or the true solution can not be represented in the precision of Float64).
└ @ SciMLBase ~/.julia/packages/SciMLBase/VW1cI/src/integrator_interface.jl:623
┌ Warning: At t=-1.0, dt was forced below floating point epsilon 2.220446049250313e-16, and step error estimate = 7.417980425047769. Aborting. There is either an error in your model specification or the true solution is unstable (or the true solution can not be represented in the precision of Float64).
└ @ SciMLBase ~/.julia/packages/SciMLBase/VW1cI/src/integrator_interface.jl:623
┌ Warning: At t=-0.7827880793154043, dt was forced below floating point epsilon 1.1102230246251565e-16, and step error estimate = NaN. Aborting. There is either an error in your model specification or the true solution is unstable (or the true solution can not be represented in the precision of Float64).
└ @ SciMLBase ~/.julia/packages/SciMLBase/VW1cI/src/integrator_interface.jl:623
┌ Warning: At t=-0.7219999961622511, dt was forced below floating point epsilon 1.1102230246251565e-16, and step error estimate = NaN. Aborting. There is either an error in your model specification or the true solution is unstable (or the true solution can not be represented in the precision of Float64).
└ @ SciMLBase ~/.julia/packages/SciMLBase/VW1cI/src/integrator_interface.jl:623
┌ Warning: At t=-1.0, dt was forced below floating point epsilon 2.220446049250313e-16, and step error estimate = NaN. Aborting. There is either an error in your model specification or the true solution is unstable (or the true solution can not be represented in the precision of Float64).
└ @ SciMLBase ~/.julia/packages/SciMLBase/VW1cI/src/integrator_interface.jl:623
┌ Warning: At t=0.23729299797876408, dt was forced below floating point epsilon 2.7755575615628914e-17, and step error estimate = 46.050600439759414. Aborting. There is either an error in your model specification or the true solution is unstable (or the true solution can not be represented in the precision of Float64).
└ @ SciMLBase ~/.julia/packages/SciMLBase/VW1cI/src/integrator_interface.jl:623
LinearAlgebra.PosDefException(3)
LinearAlgebra.PosDefException(3)
LinearAlgebra.PosDefException(2)
LinearAlgebra.PosDefException(3)
LinearAlgebra.PosDefException(4)
LinearAlgebra.PosDefException(4)
LinearAlgebra.PosDefException(86)
LinearAlgebra.PosDefException(2)
LinearAlgebra.PosDefException(2)
LinearAlgebra.PosDefException(2)
LinearAlgebra.PosDefException(2)
LinearAlgebra.PosDefException(2)
LinearAlgebra.PosDefException(3)
LinearAlgebra.PosDefException(6)
LinearAlgebra.PosDefException(8)
LinearAlgebra.PosDefException(25)
LinearAlgebra.PosDefException(4)
LinearAlgebra.PosDefException(67)
LinearAlgebra.PosDefException(488)
LinearAlgebra.PosDefException(2)
LinearAlgebra.PosDefException(2)
LinearAlgebra.PosDefException(2)
LinearAlgebra.PosDefException(3)
LinearAlgebra.PosDefException(4)
LinearAlgebra.PosDefException(4)
LinearAlgebra.PosDefException(86)
LinearAlgebra.PosDefException(3)
LinearAlgebra.PosDefException(2)
LinearAlgebra.PosDefException(2)
LinearAlgebra.PosDefException(3)
LinearAlgebra.PosDefException(3)
LinearAlgebra.PosDefException(6)
LinearAlgebra.PosDefException(94)
LinearAlgebra.PosDefException(2)
LinearAlgebra.PosDefException(2)
LinearAlgebra.PosDefException(3)
LinearAlgebra.PosDefException(6)
LinearAlgebra.PosDefException(3)
LinearAlgebra.PosDefException(3)
LinearAlgebra.PosDefException(4)
LinearAlgebra.PosDefException(4)
LinearAlgebra.PosDefException(30)
LinearAlgebra.PosDefException(4)
LinearAlgebra.PosDefException(71)
LinearAlgebra.PosDefException(504)
LinearAlgebra.PosDefException(2)
LinearAlgebra.PosDefException(2)
LinearAlgebra.PosDefException(3)
LinearAlgebra.PosDefException(3)
LinearAlgebra.PosDefException(5)
LinearAlgebra.PosDefException(6)
LinearAlgebra.PosDefException(85)
LinearAlgebra.PosDefException(2)
LinearAlgebra.PosDefException(2)
LinearAlgebra.PosDefException(3)
LinearAlgebra.PosDefException(3)
LinearAlgebra.PosDefException(7)
LinearAlgebra.PosDefException(7)
LinearAlgebra.PosDefException(92)
LinearAlgebra.PosDefException(2)
LinearAlgebra.PosDefException(2)
LinearAlgebra.PosDefException(3)
LinearAlgebra.PosDefException(2)
LinearAlgebra.PosDefException(2)
LinearAlgebra.PosDefException(3)
LinearAlgebra.PosDefException(4)
LinearAlgebra.PosDefException(4)
LinearAlgebra.PosDefException(24)
LinearAlgebra.PosDefException(4)
LinearAlgebra.PosDefException(68)
LinearAlgebra.PosDefException(498)
LinearAlgebra.PosDefException(3)
LinearAlgebra.PosDefException(2)
LinearAlgebra.PosDefException(2)
LinearAlgebra.PosDefException(3)
LinearAlgebra.PosDefException(4)
LinearAlgebra.PosDefException(5)
LinearAlgebra.PosDefException(79)
Optimization improved residual by 2.0400851812901317e-5 (from 2.0400851819635127e-5 to 6.733809585421156e-15)
Optimization improved residual by 0.36309014618502644 (from 0.363090146185038 to 1.1543686095567671e-14)
Optimization improved residual by 0.025610065150596474 (from 0.025610065150600596 to 4.12092336742615e-15)
Optimization improved residual by 0.014855888791012203 (from 0.01485588879101744 to 5.237374083681734e-15)
Optimization improved residual by 0.025252994378000944 (from 0.02525299437801214 to 1.1196811690435486e-14)
Optimization improved residual by 0.02717624397221225 (from 0.027176243972993494 to 7.812427238000209e-13)
Optimization improved residual by 0.07692979798653249 (from 0.07692979798667253 to 1.4004033815932567e-13)
Optimization did not improve residual (initial: 5.778068025250135e-17, final: 5.778068025250135e-17)
Optimization improved residual by 0.004995116632925353 (from 0.004995116632945738 to 2.0385911342481166e-14)
Optimization did not improve residual (initial: 1.8481034125633957e-18, final: 1.8481034125633957e-18)
Optimization improved residual by 0.016562722073332842 (from 0.016562722073408913 to 7.606971967447395e-14)
Optimization improved residual by 1.0840769019317986 (from 1.0840769019321328 to 3.3409496344885036e-13)
Optimization improved residual by 0.004130325873004211 (from 0.004130325873050993 to 4.678190173830372e-14)
Optimization improved residual by 0.052455289510341875 (from 0.052455289510626814 to 2.849364039422512e-13)
Optimization improved residual by 0.0021213006036162095 (from 0.002121300604400051 to 7.838413960385359e-13)
Optimization improved residual by 0.004961372491798795 (from 0.004961372491881651 to 8.285644678677851e-14)
Optimization did not improve residual (initial: 1.1404535327857988e-13, final: 1.1404535327857988e-13)
Optimization improved residual by 0.004519764653318181 (from 0.004519764653331277 to 1.3096562384501028e-14)
Optimization improved residual by 0.03473010949921905 (from 0.03473010949990008 to 6.810325946400992e-13)
Optimization improved residual by 0.36309014618444246 (from 0.36309014618503804 to 5.955543671164459e-13)
Optimization improved residual by 0.0008857118320352009 (from 0.0008857118328813545 to 8.461535757591588e-13)
Optimization did not improve residual (initial: 2.437083875972648e-17, final: 2.437083875972648e-17)
Optimization did not improve residual (initial: 9.547121898594524e-18, final: 9.547121898594524e-18)
Optimization did not improve residual (initial: 7.186895822793097e-17, final: 7.186895822793097e-17)
Optimization did not improve residual (initial: 7.316113032321071e-16, final: 7.316113032321071e-16)
Optimization improved residual by 0.002311216141180771 (from 0.002311216141244316 to 6.354506221015315e-14)
Optimization improved residual by 0.013066948812823182 (from 0.013066948812935833 to 1.1265059495270856e-13)
Optimization improved residual by 0.025610065150041748 (from 0.025610065150600596 to 5.588471722622922e-13)
Optimization improved residual by 0.0024808720602604306 (from 0.002480872060794569 to 5.341383709337301e-13)
Optimization improved residual by 0.030690102473458592 (from 0.03069010247349025 to 3.165709527913935e-14)
Optimization improved residual by 0.03490498127699329 (from 0.03490498127701809 to 2.480002682677979e-14)
Optimization improved residual by 0.03490498127699329 (from 0.03490498127701809 to 2.480002682677979e-14)
Optimization did not improve residual (initial: 7.316113032321071e-16, final: 7.316113032321071e-16)
Optimization improved residual by 0.018793176216350682 (from 0.01879317621654068 to 1.8999820613102708e-13)
Optimization did not improve residual (initial: 1.268596127766596e-14, final: 1.268596127766596e-14)
Optimization improved residual by 0.001238264365272982 (from 0.0012382643652777562 to 4.774175071477429e-15)
Optimization improved residual by 0.014777712859872992 (from 0.01477771285991135 to 3.835819810014248e-14)
Optimization improved residual by 0.02611762205852027 (from 0.026117622059387214 to 8.669457656678402e-13)
Optimization improved residual by 0.002480872060178347 (from 0.0024808720607945676 to 6.162206153329782e-13)
Optimization improved residual by 0.011230080649954713 (from 0.011230080650017049 to 6.233542339356221e-14)
Optimization improved residual by 0.004930389740077071 (from 0.0049303897401329465 to 5.5875529531378625e-14)
Optimization improved residual by 2.0426502322518847e-5 (from 2.0426503305829496e-5 to 9.833106479298153e-13)
Optimization improved residual by 0.0020083447861239355 (from 0.002008344786236095 to 1.1215930734592584e-13)
Optimization improved residual by 0.003070341886547205 (from 0.0030703418866432465 to 9.60417633540953e-14)
Optimization improved residual by 0.23838356951751621 (from 0.23838356951752027 to 4.053336430596649e-15)
Optimization did not improve residual (initial: 2.3861547966774115e-16, final: 2.3861547966774115e-16)
Optimization improved residual by 0.02969609556192109 (from 0.029696095561922466 to 1.3724083529529997e-15)
Optimization improved residual by 0.23838356951747428 (from 0.2383835695175203 to 4.602897346695848e-14)
Optimization improved residual by 0.015953311417379153 (from 0.01595331141741558 to 3.642448342684493e-14)
Optimization did not improve residual (initial: 3.120900126526053e-15, final: 3.120900126526053e-15)
Optimization did not improve residual (initial: 2.924676518326261e-16, final: 2.924676518326261e-16)
Optimization improved residual by 0.002311216141240195 (from 0.002311216141244317 to 4.1222954472444165e-15)
Optimization did not improve residual (initial: 1.2566674953732081e-15, final: 1.2566674953732081e-15)
Optimization improved residual by 0.052455289510341875 (from 0.052455289510626814 to 2.849364039422512e-13)
Optimization improved residual by 0.011230080649954713 (from 0.011230080650017049 to 6.233542339356221e-14)
Optimization improved residual by 0.01706602684702105 (from 0.017066026847026742 to 5.691832713919294e-15)
Optimization improved residual by 0.002783741525845241 (from 0.0027837415259341493 to 8.890788600696689e-14)
Optimization improved residual by 0.0020083447855677194 (from 0.0020083447862360953 to 6.683758684585547e-13)
Optimization did not improve residual (initial: 5.851773446179126e-18, final: 5.851773446179126e-18)
Optimization improved residual by 0.018793176216336298 (from 0.01879317621654066 to 2.0436015338862887e-13)
Optimization did not improve residual (initial: 2.4627472760707006e-16, final: 2.4627472760707006e-16)
Optimization improved residual by 0.010042556726463883 (from 0.010042556726555065 to 9.118313463378845e-14)
Optimization improved residual by 0.002751706643799303 (from 0.0027517066440158047 to 2.1650187177590204e-13)
Optimization did not improve residual (initial: 3.3536740969670333e-17, final: 3.3536740969670333e-17)
Optimization did not improve residual (initial: 1.9921016360557617e-16, final: 1.9921016360557617e-16)
Optimization improved residual by 0.008162370605234103 (from 0.008162370605665 to 4.308962290217528e-13)
Optimization improved residual by 0.7038621660639706 (from 0.703862166064062 to 9.147233015446502e-14)
Optimization did not improve residual (initial: 5.851773446179126e-18, final: 5.851773446179126e-18)
Optimization improved residual by 0.20622664058472023 (from 0.20622664058487894 to 1.5870051737388738e-13)
Optimization improved residual by 0.024446300622552035 (from 0.024446300623428716 to 8.766790832727975e-13)
Optimization improved residual by 0.1165816144118311 (from 0.11658161441199755 to 1.664557218420094e-13)
Optimization improved residual by 0.11658161441199284 (from 0.1165816144119991 to 6.25732295750544e-15)
Optimization did not improve residual (initial: 5.872871733195627e-17, final: 5.872871733195627e-17)
Optimization improved residual by 0.20622664058487372 (from 0.20622664058487894 to 5.224084577755304e-15)
Optimization improved residual by 0.018793176216350682 (from 0.01879317621654068 to 1.8999820613102708e-13)
Optimization improved residual by 0.025689981801146376 (from 0.025689981801636105 to 4.89730914705556e-13)
Optimization did not improve residual (initial: 2.9783608748699235e-15, final: 2.9783608748699235e-15)
Optimization did not improve residual (initial: 1.7708601579531045e-16, final: 1.7708601579531045e-16)
Optimization did not improve residual (initial: 6.918224212512469e-18, final: 6.918224212512469e-18)
Optimization did not improve residual (initial: 3.1281087392178466e-16, final: 3.1281087392178466e-16)
Optimization improved residual by 0.038129559476543354 (from 0.0381295594770651 to 5.217504474694977e-13)
Optimization improved residual by 0.003993811168420298 (from 0.00399381116896726 to 5.469620669981495e-13)
Optimization did not improve residual (initial: 4.3895622541671505e-18, final: 4.3895622541671505e-18)
Optimization improved residual by 0.011683230092217214 (from 0.011683230092888512 to 6.712975593072576e-13)
Optimization improved residual by 0.001653654940184656 (from 0.0016536549402842776 to 9.962153915999311e-14)
Optimization improved residual by 2.0426502322518847e-5 (from 2.0426503305829496e-5 to 9.833106479298153e-13)
Optimization improved residual by 0.03490498127671076 (from 0.03490498127701811 to 3.073545687595616e-13)
Optimization improved residual by 3.262096033256263 (from 3.2620960332568587 to 5.957109798785203e-13)
Optimization did not improve residual (initial: 1.6356192476584117e-16, final: 1.6356192476584117e-16)
Optimization improved residual by 0.0016536549395176328 (from 0.0016536549402842776 to 7.666447818011423e-13)
Optimization improved residual by 0.003993840848585066 (from 0.003993840848600713 to 1.564713230892964e-14)
Optimization improved residual by 0.0023023663707734117 (from 0.0023023663708133446 to 3.993299897993032e-14)
Optimization did not improve residual (initial: 2.0795890787483062e-16, final: 2.0795890787483062e-16)
Optimization improved residual by 0.03473010949921905 (from 0.03473010949990008 to 6.810325946400992e-13)
Optimization improved residual by 0.004130325873004211 (from 0.004130325873050993 to 4.678190173830372e-14)
Optimization improved residual by 0.012273388068343957 (from 0.012273388068349857 to 5.900007472995625e-15)
Optimization did not improve residual (initial: 1.2992856077769072e-16, final: 1.2992856077769072e-16)
Optimization did not improve residual (initial: 1.3956665572785189e-16, final: 1.3956665572785189e-16)
Optimization did not improve residual (initial: 9.23006570632501e-16, final: 9.23006570632501e-16)
Optimization improved residual by 0.004995116632317833 (from 0.0049951166329458615 to 6.280286974319671e-13)
Optimization did not improve residual (initial: 3.756819305264738e-15, final: 3.756819305264738e-15)
Optimization improved residual by 0.0161374913421657 (from 0.016137491342263388 to 9.768982013946885e-14)
Optimization improved residual by 0.12124474504205289 (from 0.12124474504205576 to 2.8693407116373105e-15)
Optimization improved residual by 0.005679801494423981 (from 0.0056798014949796536 to 5.556726764034108e-13)
Optimization improved residual by 0.0316543368241834 (from 0.03165433682443697 to 2.535682883557033e-13)
Optimization improved residual by 0.025689981801146376 (from 0.025689981801636105 to 4.89730914705556e-13)
Optimization improved residual by 0.00013582342431648148 (from 0.0001358234244786687 to 1.621872236613165e-13)
Optimization improved residual by 0.0023023663707389436 (from 0.0023023663708133446 to 7.440093208312741e-14)
Optimization improved residual by 0.026208988007335426 (from 0.02620898800737268 to 3.725646789177088e-14)
Optimization did not improve residual (initial: 3.412564225103595e-13, final: 3.412564225103595e-13)
Optimization did not improve residual (initial: 2.1586666261005053e-14, final: 2.1586666261005053e-14)
Optimization did not improve residual (initial: 3.7416204970950693e-16, final: 3.7416204970950693e-16)
Optimization did not improve residual (initial: 4.3895622541671505e-18, final: 4.3895622541671505e-18)
Optimization did not improve residual (initial: 5.218301243149307e-18, final: 5.218301243149307e-18)
Optimization did not improve residual (initial: 2.238603198625675e-16, final: 2.238603198625675e-16)
Optimization improved residual by 0.00013528869317812396 (from 0.00013528869323217258 to 5.404860827843894e-14)
Optimization did not improve residual (initial: 1.6235833115969632e-15, final: 1.6235833115969632e-15)
Optimization improved residual by 0.005592038041548235 (from 0.005592038041651663 to 1.0342745731376689e-13)
Optimization improved residual by 0.003980955636984202 (from 0.003980955637031037 to 4.683473175648219e-14)
Optimization improved residual by 1.3653125751098247 (from 1.3653125751098667 to 4.189623981917728e-14)
Optimization improved residual by 0.0021942529244162534 (from 0.0021942529251204796 to 7.04226271843957e-13)
Optimization did not improve residual (initial: 6.918224212512469e-18, final: 6.918224212512469e-18)
Optimization improved residual by 2.2909061236856036 (from 2.290906123686407 to 8.034252313422479e-13)
Optimization did not improve residual (initial: 1.0445747170661225e-16, final: 1.0445747170661225e-16)
Optimization did not improve residual (initial: 2.0478939836105103e-16, final: 2.0478939836105103e-16)
Optimization improved residual by 0.024092851300789205 (from 0.024092851301210493 to 4.212872342805354e-13)
Optimization did not improve residual (initial: 1.7708601579550988e-16, final: 1.7708601579550988e-16)
Optimization improved residual by 0.8582992822270973 (from 0.8582992822271889 to 9.154869612702845e-14)
Optimization improved residual by 0.011683230092217214 (from 0.011683230092888512 to 6.712975593072576e-13)
Optimization improved residual by 0.0010383054796716936 (from 0.001038305479769579 to 9.788537777724065e-14)
Optimization did not improve residual (initial: 1.619146283163381e-16, final: 1.619146283163381e-16)
Optimization improved residual by 2.0103155903388257 (from 2.010315590338989 to 1.6324078443544587e-13)
Optimization improved residual by 0.02969609556192046 (from 0.029696095561922473 to 2.0106243639838284e-15)
Optimization improved residual by 0.016688211607407095 (from 0.01668821160830902 to 9.019256035007504e-13)
Optimization improved residual by 0.03490498127671076 (from 0.03490498127701811 to 3.073545687595616e-13)
Optimization did not improve residual (initial: 1.1749653454400242e-16, final: 1.1749653454400242e-16)
Optimization did not improve residual (initial: 1.3956665572785189e-16, final: 1.3956665572785189e-16)
Optimization did not improve residual (initial: 2.1690298394099717e-16, final: 2.1690298394099717e-16)
Optimization improved residual by 1.3653125751098247 (from 1.3653125751098667 to 4.189623981917728e-14)
Optimization did not improve residual (initial: 1.1820430666730721e-16, final: 1.1820430666730721e-16)
Optimization improved residual by 0.23838356951751621 (from 0.23838356951752027 to 4.053336430596649e-15)
Optimization improved residual by 0.003474885436008653 (from 0.003474885436615399 to 6.067458859437976e-13)
Optimization improved residual by 0.06674346937887403 (from 0.06674346937888442 to 1.0397270264374594e-14)
Optimization improved residual by 0.0008857118320352009 (from 0.0008857118328813545 to 8.461535757591588e-13)
Optimization did not improve residual (initial: 7.80090601169077e-17, final: 7.80090601169077e-17)
Optimization improved residual by 0.013066948812923487 (from 0.013066948812935833 to 1.234615763721824e-14)
Optimization improved residual by 0.023328025480212004 (from 0.02332802548026033 to 4.8326490880566915e-14)
Optimization improved residual by 0.0041303258725333076 (from 0.004130325873050994 to 5.176866965777274e-13)
Optimization improved residual by 0.02332802547977669 (from 0.02332802548026028 to 4.835914723334073e-13)
Optimization improved residual by 0.016562722073332842 (from 0.016562722073408913 to 7.606971967447395e-14)
Optimization improved residual by 0.020981206903646823 (from 0.020981206903648998 to 2.1765881556721537e-15)
Optimization did not improve residual (initial: 2.5298223685559327e-18, final: 2.5298223685559327e-18)
Optimization did not improve residual (initial: 3.1992711118531327e-18, final: 3.1992711118531327e-18)
Optimization did not improve residual (initial: 5.718798625990178e-14, final: 5.718798625990178e-14)
Optimization improved residual by 0.02849990013514407 (from 0.028499900135961032 to 8.169621977473989e-13)
Optimization improved residual by 0.004985496072387591 (from 0.004985496073168086 to 7.804946936412151e-13)
Optimization did not improve residual (initial: 3.7416204970950693e-16, final: 3.7416204970950693e-16)
Optimization improved residual by 0.00872597223431032 (from 0.008725972234401544 to 9.122474951641619e-14)
Optimization improved residual by 0.001111909355915804 (from 0.0011119093559219437 to 6.139581499115263e-15)
Optimization improved residual by 0.05245528951061534 (from 0.05245528951062681 to 1.1473204473915716e-14)
Optimization improved residual by 0.008324601235247137 (from 0.008324601236120603 to 8.734654677990507e-13)
Optimization improved residual by 0.8582992822271498 (from 0.8582992822271889 to 3.909460363405689e-14)
Optimization improved residual by 0.00698725026331324 (from 0.006987250263968503 to 6.552635986223388e-13)
Optimization improved residual by 0.014399645982340838 (from 0.014399645982633215 to 2.9237761366049895e-13)
Optimization improved residual by 0.12124474504188462 (from 0.12124474504205576 to 1.7113800596894741e-13)
Optimization did not improve residual (initial: 3.4065912733539905e-17, final: 3.4065912733539905e-17)
Optimization improved residual by 0.0027517066439991743 (from 0.0027517066440158043 to 1.6629965378698734e-14)
Optimization improved residual by 1.0840769019319032 (from 1.0840769019321328 to 2.295286399794093e-13)
Optimization improved residual by 0.010042556726463883 (from 0.010042556726555065 to 9.118313463378845e-14)
Optimization did not improve residual (initial: 5.218301243149505e-18, final: 5.218301243149505e-18)
Optimization improved residual by 0.012506824117523553 (from 0.012506824118076207 to 5.52653757022627e-13)
Optimization improved residual by 0.0020083447855677194 (from 0.0020083447862360953 to 6.683758684585547e-13)
Optimization improved residual by 0.030690102473458592 (from 0.03069010247349025 to 3.165709527913935e-14)
Optimization improved residual by 0.018793176216336298 (from 0.01879317621654066 to 2.0436015338862887e-13)
Optimization improved residual by 0.02662767252775873 (from 0.026627672527845255 to 8.652546061477684e-14)
Optimization did not improve residual (initial: 1.2280916538441164e-16, final: 1.2280916538441164e-16)
Optimization improved residual by 0.014775972618877501 (from 0.01477597261889808 to 2.0578884831975235e-14)
Optimization improved residual by 0.008162370605234103 (from 0.008162370605665 to 4.308962290217528e-13)
Optimization improved residual by 0.36692748812974263 (from 0.3669274881298601 to 1.174445824734135e-13)
Optimization did not improve residual (initial: 8.953041860072083e-18, final: 8.953041860072083e-18)
Optimization did not improve residual (initial: 2.2819017960771015e-17, final: 2.2819017960771015e-17)
Optimization did not improve residual (initial: 7.126551914911281e-17, final: 7.126551914911281e-17)
Optimization did not improve residual (initial: 2.3342507677132546e-16, final: 2.3342507677132546e-16)
Optimization improved residual by 0.006424357157746272 (from 0.006424357157772855 to 2.6583162568153657e-14)
Optimization improved residual by 0.0010383054794540084 (from 0.0010383054797695813 to 3.155729266434135e-13)
Optimization improved residual by 0.010042556726553256 (from 0.010042556726555065 to 1.808910236575719e-15)
Optimization improved residual by 0.004442705562081245 (from 0.004442705562108649 to 2.7403475963276743e-14)
Optimization did not improve residual (initial: 4.970511416592474e-17, final: 4.970511416592474e-17)
Optimization improved residual by 0.0007094327983558956 (from 0.0007094327992195693 to 8.636736964687665e-13)
Optimization did not improve residual (initial: 2.0956517370640738e-16, final: 2.0956517370640738e-16)
Optimization improved residual by 0.9674046878075376 (from 0.9674046878084848 to 9.471811213321487e-13)
Optimization improved residual by 0.024446300623309932 (from 0.024446300623428723 to 1.1879043231066965e-13)
Optimization did not improve residual (initial: 1.1235832633456571e-16, final: 1.1235832633456571e-16)
Optimization improved residual by 8.787432897197775e-14 (from 1.1770800816915986e-13 to 2.9833679197182124e-14)
Optimization improved residual by 0.01123008064902847 (from 0.011230080650017052 to 9.885830291044875e-13)
Optimization did not improve residual (initial: 1.725530367527285e-16, final: 1.725530367527285e-16)
Optimization improved residual by 0.0034748854365827405 (from 0.003474885436615399 to 3.265853566338481e-14)
Optimization improved residual by 0.02409285130113852 (from 0.024092851301210493 to 7.197308993123089e-14)
Optimization did not improve residual (initial: 6.293753922443196e-17, final: 6.293753922443196e-17)
Optimization did not improve residual (initial: 2.1000802021707605e-16, final: 2.1000802021707605e-16)
Optimization did not improve residual (initial: 2.437083875972648e-17, final: 2.437083875972648e-17)
Optimization improved residual by 0.012467055219674185 (from 0.012467055219695235 to 2.1051717129962634e-14)
Optimization did not improve residual (initial: 8.461036055437846e-17, final: 8.461036055437846e-17)
Optimization improved residual by 0.026117622059385087 (from 0.026117622059387214 to 2.125176162359061e-15)
Optimization improved residual by 0.02525299437800528 (from 0.02525299437801214 to 6.858951136263867e-15)
Optimization improved residual by 0.002311216141180771 (from 0.002311216141244316 to 6.354506221015315e-14)
Optimization improved residual by 0.013066948812923487 (from 0.013066948812935833 to 1.234615763721824e-14)
Optimization improved residual by 0.002501391643154356 (from 0.0025013916431721466 to 1.7790665755825587e-14)
Optimization improved residual by 0.0013429146244752037 (from 0.0013429146245231066 to 4.7902882778943745e-14)
Optimization improved residual by 2.0103155903388537 (from 2.0103155903389887 to 1.3503603333226897e-13)
Optimization improved residual by 0.3669274881298399 (from 0.3669274881298601 to 2.0197252081148926e-14)
Optimization did not improve residual (initial: 2.6000201751578248e-18, final: 2.6000201751578248e-18)
Optimization improved residual by 0.3669274881298399 (from 0.3669274881298601 to 2.0197252081148926e-14)
Optimization improved residual by 0.36692748812974263 (from 0.3669274881298601 to 1.174445824734135e-13)
Optimization did not improve residual (initial: 3.1992711118531327e-18, final: 3.1992711118531327e-18)
Optimization did not improve residual (initial: 1.1522263957957722e-13, final: 1.1522263957957722e-13)
Optimization improved residual by 0.011683230092766788 (from 0.011683230092888512 to 1.2172413715014897e-13)
Optimization improved residual by 0.008725972234063692 (from 0.008725972234401597 to 3.3790495480412846e-13)
Optimization improved residual by 0.002501391643154356 (from 0.0025013916431721466 to 1.7790665755825587e-14)
Optimization improved residual by 0.09760093854530057 (from 0.0976009385462482 to 9.47637439903861e-13)
Optimization improved residual by 0.024446300623309932 (from 0.024446300623428723 to 1.1879043231066965e-13)
Optimization improved residual by 0.10106697399115477 (from 0.1010669739917104 to 5.556236134956513e-13)
Optimization improved residual by 0.07692979798632564 (from 0.07692979798667249 to 3.4684765172037314e-13)
Optimization improved residual by 0.015953311417379153 (from 0.01595331141741558 to 3.642448342684493e-14)
Optimization did not improve residual (initial: 2.5298223685578647e-18, final: 2.5298223685578647e-18)
Optimization did not improve residual (initial: 1.725530367527285e-16, final: 1.725530367527285e-16)
Optimization did not improve residual (initial: 4.476670407218809e-16, final: 4.476670407218809e-16)
Optimization improved residual by 0.0011113731495992214 (from 0.0011113731503296718 to 7.304504598196239e-13)
Optimization did not improve residual (initial: 6.293753922443196e-17, final: 6.293753922443196e-17)
Optimization did not improve residual (initial: 4.3094483192522834e-17, final: 4.3094483192522834e-17)
Optimization improved residual by 0.00021335648557092968 (from 0.0002133564855851942 to 1.4264530039334683e-14)
Optimization improved residual by 0.02409285130113852 (from 0.024092851301210493 to 7.197308993123089e-14)
Optimization improved residual by 0.013066948812823182 (from 0.013066948812935833 to 1.1265059495270856e-13)
Optimization improved residual by 0.0006506148210948618 (from 0.0006506148213572966 to 2.624348460838882e-13)
Optimization improved residual by 0.36309014618444246 (from 0.36309014618503804 to 5.955543671164459e-13)
Optimization improved residual by 0.002501391643150895 (from 0.0025013916431721466 to 2.1251803148355834e-14)








































































































































