system,run,noise_label,id,non_id_vars,M,o06,n06,omb06,w06,o12,n12,omb12,w12,o13,n13,omb13,w13,o14,n14,omb14,w14,owb,nwb,ombwb,wwb,status_wb
aircraft_pitch,odepe_v2_polish,0,aircraft_pitch_0_0,theta,1,1.587302390316106e-09,339,1.587302390316106e-09,385.4212131500244,1.902120344201709e-08,1,1.902120344201709e-08,359.80526399612427,1.3788180865729504e-08,1,1.3788180865729504e-08,365.44907307624817,1.5873013286274212e-09,100,1.3788180865729504e-08,385.36163091659546,6.527680035850288e-09,20,0.0004659168055800359,348.69614696502686,ok
aircraft_pitch,odepe_v2_polish,1em2,aircraft_pitch_0_1em2,theta,1,0.0027225877417892926,239,0.006857782113747541,417.9426770210266,0.011750248611950505,57,0.45145045583158044,393.3619420528412,0.006857782113747541,20,0.45145045581945153,405.4246380329132,0.006857782113747541,100,0.45145045583158044,382.42478919029236,0.006857782113747541,20,0.011750248611950505,421.69738006591797,ok
aircraft_pitch,odepe_v2_polish,1em4,aircraft_pitch_0_1em4,theta,1,0.0002724642310637376,372,0.0002724642310637376,420.12401008605957,0.004047913629500571,4,0.004047913629500571,440.8560559749603,0.0008152391089767925,20,0.0035671679700006987,445.0058159828186,0.0002768430553499034,100,0.0035671679700006987,402.07092213630676,0.001164905360487619,20,0.004047913629500571,410.5650010108948,ok
aircraft_pitch,odepe_v2_polish,1em6,aircraft_pitch_0_1em6,theta,1,6.600430137244416e-06,391,6.600430137244416e-06,359.36821389198303,0.0035899053436200803,2,0.004659105519779371,358.3545551300049,0.00034949427745379155,20,0.0034362331765596765,379.03526401519775,0.00026204156093907906,100,0.0034362331765596765,393.0134401321411,0.0009466624650799079,20,0.0039023219561967475,369.1021409034729,ok
aircraft_pitch,odepe_v2_polish,1em8,aircraft_pitch_0_1em8,theta,1,6.600430137244416e-06,359,6.600430137244416e-06,361.8249409198761,7.558639533039864e-06,2,7.558639533039864e-06,356.14118695259094,7.558639533039864e-06,20,7.558639533039864e-06,346.52956104278564,7.558639533039864e-06,100,7.558639533039864e-06,331.7625319957733,5.2238338730739716e-05,20,0.0030287719163738097,454.38700699806213,ok
aircraft_pitch,odepe_v2_polish,0,aircraft_pitch_1_0,theta,1,4.010736187609609e-09,337,4.010736187609609e-09,389.10904598236084,9.511166502272452e-10,1,9.511166502272452e-10,347.246041059494,1.318465368181936e-09,1,1.318465368181936e-09,351.3023030757904,1.318465368181936e-09,100,1.318465368181936e-09,358.04114389419556,8.029879890904432e-09,20,4.303623253196025e-05,340.9048240184784,ok
aircraft_pitch,odepe_v2_polish,1em2,aircraft_pitch_1_1em2,theta,1,0.03039999411139685,215,0.032121309092347006,468.9226288795471,0.033342280857999514,38,0.14903437965219263,412.80797481536865,0.1490343796511648,20,0.1490343796511648,417.4145300388336,0.03315221759634954,100,0.1490343796511648,420.71370697021484,0.033202251917879295,20,0.033342280857999514,416.3777370452881,ok
aircraft_pitch,odepe_v2_polish,1em4,aircraft_pitch_1_1em4,theta,1,4.5665672847140726e-05,334,4.5665672847140726e-05,439.0212450027466,0.0002932078401807829,4,0.0002932078401807829,397.452260017395,0.0002633215675891786,18,0.0002633215675891786,432.2019820213318,4.5665672847140726e-05,100,0.0002633215675891786,399.36646008491516,0.0001333666519380452,20,0.00027339559205825866,469.7092411518097,ok
aircraft_pitch,odepe_v2_polish,1em6,aircraft_pitch_1_1em6,theta,1,3.4457161312390336e-06,373,3.4457161312390336e-06,427.8574299812317,0.000683744188765455,2,0.000683744188765455,356.6538598537445,0.0001431048755914893,20,0.0001431048755914893,376.1979978084564,7.913034622604306e-05,100,0.0001431048755914893,386.99710392951965,1.7072113466884382e-05,20,0.0002633215675891786,410.29565691947937,ok
aircraft_pitch,odepe_v2_polish,1em8,aircraft_pitch_1_1em8,theta,1,3.4457161312390336e-06,332,3.4457161312390336e-06,417.41383504867554,7.718043221851044e-05,1,7.718043221851044e-05,335.9178011417389,7.718043221851044e-05,20,7.718043221851044e-05,333.4535048007965,3.910971995913105e-05,100,7.709534623862114e-05,345.21258187294006,6.41938556500879e-05,20,0.0001333666519380452,354.7214229106903,ok
aircraft_pitch,odepe_v2_polish,0,aircraft_pitch_2_0,theta,1,8.396655435443283e-09,335,8.396655435443283e-09,444.8101990222931,8.205740468467298e-08,1,8.205740468467298e-08,365.55122900009155,3.240296219214815e-10,1,3.240296219214815e-10,373.4106750488281,3.240296219214815e-10,100,3.240296219214815e-10,363.52231216430664,2.7482701183150433e-08,20,7.211372303284549e-05,368.23760890960693,ok
aircraft_pitch,odepe_v2_polish,1em2,aircraft_pitch_2_1em2,theta,1,0.019815342659453877,282,0.019815342659453877,611.569041967392,0.02703280541613223,64,0.05082299187809207,385.92689085006714,0.02703280541613223,20,0.05082299187809207,404.7738108634949,0.019815342659453877,100,0.05082299185200953,490.75646901130676,0.02703281119607027,20,0.04632060685744422,443.34518694877625,ok
aircraft_pitch,odepe_v2_polish,1em4,aircraft_pitch_2_1em4,theta,1,2.019804085474971e-05,409,2.019804085474971e-05,586.9621601104736,9.448896823244007e-05,2,9.448896823244007e-05,417.14353108406067,0.00013378666778466922,20,0.00013378666778466922,489.1411428451538,3.995053023571228e-05,100,0.00013378666778466922,445.09900999069214,5.537929595079575e-05,20,0.00013378666778466922,509.185889005661,ok
aircraft_pitch,odepe_v2_polish,1em6,aircraft_pitch_2_1em6,theta,1,2.0928757181976087e-06,364,2.0928757181976087e-06,453.2484791278839,0.0018107913646036268,2,0.0018107913646036268,348.2368001937866,0.0002748909256970332,20,0.0022631955071578517,367.5810480117798,0.00010162347498753602,100,0.0029090586520896097,405.2488398551941,6.232577543530686e-05,20,0.0001561619129842638,424.6388201713562,ok
aircraft_pitch,odepe_v2_polish,1em8,aircraft_pitch_2_1em8,theta,1,2.0928757181976087e-06,347,2.0928757181976087e-06,449.0633158683777,0.0002753606730079175,2,0.0002753606730079175,376.0037639141083,0.00010162347498753602,20,0.0009015020135825239,474.76200699806213,8.81518402248468e-05,100,0.0009015020135825239,349.4707329273224,9.244681636352074e-05,20,0.0009125956225470288,424.01964688301086,ok
aircraft_pitch,odepe_v2_polish,0,aircraft_pitch_3_0,theta,1,2.0173736914573585e-08,386,2.0173736914573585e-08,541.2328579425812,6.250029356029573e-09,1,6.250029356029573e-09,367.74440002441406,2.8743323109714234e-08,1,2.8743323109714234e-08,475.69324588775635,2.8743323109714234e-08,100,2.8743323109714234e-08,481.8069190979004,1.4854908278487182e-06,20,0.00012486587462804714,469.79367208480835,ok
aircraft_pitch,odepe_v2_polish,1em2,aircraft_pitch_3_1em2,theta,1,0.0004118987400470884,388,0.0004118987400470884,1203.6990761756897,0.0012609658314902416,7,0.003060815793187598,563.8753271102905,0.0005553349511620258,20,0.0030656290888625955,526.0134890079498,0.00036873952216127394,100,0.003008190427140954,560.147628068924,0.0007704892678344318,20,0.005212519403100824,602.4004180431366,ok
aircraft_pitch,odepe_v2_polish,1em4,aircraft_pitch_3_1em4,theta,1,4.130449461896495e-06,406,4.130449461896495e-06,596.103490114212,0.00036873952216127394,6,0.00036873952216127394,434.0949411392212,0.00036873952216127394,20,0.004929255027308912,455.0044810771942,0.00019658398018551583,100,0.004929255027308912,383.6578140258789,0.0003735528178362718,20,0.004929255027308912,527.5487928390503,ok
aircraft_pitch,odepe_v2_polish,1em6,aircraft_pitch_3_1em6,theta,1,3.6573901618222654e-06,402,3.6573901618222654e-06,548.2363238334656,1.4010553611399504e-05,2,1.4010553611399504e-05,524.1664891242981,1.4010553611399504e-05,12,1.4010553611399504e-05,469.14783215522766,1.4010553611399504e-05,100,1.4010553611399504e-05,514.2409529685974,3.8836780078403395e-05,20,0.0014159522178516497,449.5635859966278,ok
aircraft_pitch,odepe_v2_polish,1em8,aircraft_pitch_3_1em8,theta,1,2.394538171753833e-07,387,2.394538171753833e-07,509.56719279289246,1.5754497915604684e-07,1,1.5754497915604684e-07,406.8213539123535,1.3166801998930182e-07,1,1.3166801998930182e-07,463.81003499031067,1.3166801998930182e-07,100,1.3166801998930182e-07,452.0925979614258,1.673918439182343e-07,20,0.00012486587462804714,568.7837798595428,ok
aircraft_pitch,odepe_v2_polish,0,aircraft_pitch_4_0,theta,1,2.8738727385191026e-09,371,2.8738727385191026e-09,411.0468921661377,5.470581181429125e-09,1,5.470581181429125e-09,360.6560609340668,4.334442166809712e-09,1,4.334442166809712e-09,386.5953919887543,1.518545572183744e-09,100,4.334442166809712e-09,357.7961711883545,1.753494446237928e-08,20,0.00019967575967806895,355.91480708122253,ok
aircraft_pitch,odepe_v2_polish,1em2,aircraft_pitch_4_1em2,theta,1,0.00042438507080078125,306,0.00042438507080078125,606.4276361465454,0.001312495476037372,43,0.001312495476037372,361.75750708580017,0.00042438507080078125,20,0.001312495476037372,421.64678597450256,0.00042438507080078125,100,0.001312495476037372,456.5137720108032,0.00042438507080078125,20,0.001312495476037372,408.41014313697815,ok
aircraft_pitch,odepe_v2_polish,1em4,aircraft_pitch_4_1em4,theta,1,3.8598238105527505e-06,398,3.8598238105527505e-06,475.2809371948242,0.0015089811392165493,2,0.0015089811392165493,343.19643807411194,0.00018190419054905802,20,0.00018190419054905802,403.14639806747437,8.066615067929907e-05,100,0.00018190419054905802,420.4282410144806,2.63626251987893e-05,20,0.00018190419054905802,362.7240390777588,ok
aircraft_pitch,odepe_v2_polish,1em6,aircraft_pitch_4_1em6,theta,1,3.8598238105527505e-06,403,3.8598238105527505e-06,518.8671460151672,0.000413932991986257,2,0.000413932991986257,487.52839612960815,3.9132595860936415e-05,20,0.0015804667768366156,489.31146001815796,3.8598238105527505e-06,100,0.0015804667768366156,514.5375139713287,3.9132595860936415e-05,20,3.9132595860936415e-05,460.3076229095459,ok
aircraft_pitch,odepe_v2_polish,1em8,aircraft_pitch_4_1em8,theta,1,3.8598238105527505e-06,404,3.8598238105527505e-06,675.2214629650116,6.144706818539338e-05,2,6.144706818539338e-05,383.35777401924133,6.144785711656949e-05,20,6.144785711656949e-05,457.03637194633484,5.65273298436253e-06,100,6.144706818539338e-05,369.07799100875854,0.00011635411274601992,20,0.0008067046377926,458.3448910713196,ok
aircraft_pitch,odepe_v2_polish,0,aircraft_pitch_5_0,theta,1,1.1013062951227992e-06,353,1.1013062951227992e-06,784.3615000247955,5.491686844078384e-07,1,5.491686844078384e-07,385.69284892082214,1.1013062951227992e-06,1,1.1013062951227992e-06,551.7001059055328,1.1013062951227992e-06,100,1.1013062951227992e-06,520.1873610019684,3.035904066696618e-06,20,0.0011871750675031204,516.6621291637421,ok
aircraft_pitch,odepe_v2_polish,1em2,aircraft_pitch_5_1em2,theta,1,1.0222227466640188,303,1.0566893549107794,1834.3589470386505,1.168149151019196,79,1.168149151019196,634.8261017799377,1.0565034240039426,20,1.0565034240039426,951.0462129116058,1.0224077879492917,100,1.0565034240039426,796.5722391605377,1.0213206703983135,20,1.1671412097873972,876.7265090942383,ok
aircraft_pitch,odepe_v2_polish,1em4,aircraft_pitch_5_1em4,theta,1,0.003945001915319701,370,0.003945001915319701,1010.6767508983612,0.03440742350336337,8,0.08944830965639945,631.6250059604645,0.003945001915319701,20,0.07718492621806124,887.5167851448059,0.007364707206612262,100,0.08944830965639945,640.0110700130463,0.03249918524898705,20,0.06911333995078932,891.4854991436005,ok
aircraft_pitch,odepe_v2_polish,1em6,aircraft_pitch_5_1em6,theta,1,0.002168427652387536,370,0.002168427652387536,1116.1939761638641,0.003759071008483035,12,0.08833450345850707,490.74789595603943,0.003759071008483035,20,0.08833450345850707,587.4843211174011,0.002168427652387536,100,0.09127826121316032,695.9568121433258,0.006024097328755333,20,0.08761924772120239,529.5525560379028,ok
aircraft_pitch,odepe_v2_polish,1em8,aircraft_pitch_5_1em8,theta,1,0.001955808098636516,370,0.001955808098636516,834.3895590305328,0.02426489787315249,15,0.09204689424429373,490.962021112442,0.0025127111975827027,20,0.09204689424429373,493.92957615852356,0.0025127111975827027,100,0.09204689424429373,494.20696997642517,0.04916095733642572,20,0.04916095733642572,611.6739320755005,ok
aircraft_pitch,odepe_v2_polish,0,aircraft_pitch_6_0,theta,1,5.726298910355451e-09,393,5.726298910355451e-09,524.7730407714844,2.2529817209379942e-08,1,2.2529817209379942e-08,369.80523705482483,6.538869523003359e-08,1,6.538869523003359e-08,454.3787350654602,6.538869523003359e-08,100,6.538869523003359e-08,458.37451219558716,2.478288870418529e-09,20,0.0003825028737386438,435.6304371356964,ok
aircraft_pitch,odepe_v2_polish,1em2,aircraft_pitch_6_1em2,theta,1,0.14342363675435382,261,0.14342363675435382,522.0491111278534,0.16018048922220862,61,0.33442564253267093,418.9796631336212,0.15281865331861705,20,0.33442564253267093,460.0782630443573,0.15281865331861705,100,0.33442564253267093,490.3314929008484,0.14358125792609316,20,0.16018048922220862,468.0112900733948,ok
aircraft_pitch,odepe_v2_polish,1em4,aircraft_pitch_6_1em4,theta,1,3.20805443657399e-05,404,6.659825642907347e-05,524.7278881072998,0.0007772180769178973,9,0.0007772180769178973,417.7048361301422,0.0007427003648545637,20,0.0007427003648545637,470.865669965744,0.0006632275051540429,100,0.0007427003648545637,395.49615001678467,0.000757349861992767,20,0.0007772180769178973,431.23724699020386,ok
aircraft_pitch,odepe_v2_polish,1em6,aircraft_pitch_6_1em6,theta,1,7.655885484520515e-06,405,7.655885484520515e-06,597.6343729496002,0.0007970862918430275,6,0.0007970862918430275,459.28387093544006,0.0003825028737386438,20,0.0003825028737386438,610.3143560886383,0.0003825028737386438,100,0.0003825028737386438,639.8049719333649,0.002913633982340458,20,0.005336311128404442,552.9665699005127,ok
aircraft_pitch,odepe_v2_polish,1em8,aircraft_pitch_6_1em8,theta,1,7.655885484520515e-06,412,7.655885484520515e-06,698.9380939006805,0.0005199153384637266,6,0.0005199153384637266,420.1988010406494,0.00030369228786896065,20,0.0015712049272324934,510.59967398643494,0.0005199153384637266,100,0.0005199153384637266,433.91323709487915,0.0009599261813693207,20,0.0028546916113959047,498.11291217803955,ok
aircraft_pitch,odepe_v2_polish,0,aircraft_pitch_7_0,theta,1,8.761571587621049e-10,348,8.761571587621049e-10,434.70883297920227,8.833577293679454e-09,1,8.833577293679454e-09,349.00240302085876,9.734056153713293e-09,1,9.734056153713293e-09,433.70377492904663,8.761571587621049e-10,100,9.734056153713293e-09,442.52228689193726,1.3749283268982887e-09,20,0.00021439506894060633,393.8027958869934,ok
aircraft_pitch,odepe_v2_polish,1em2,aircraft_pitch_7_1em2,theta,1,0.03970938397135568,237,0.03970938397135568,794.1273169517517,0.03970938397214888,36,0.4658160713519786,460.1984028816223,0.03970938397214888,20,0.4658160713519786,480.87696599960327,0.03970938397135568,100,0.46581607135369685,538.1133120059967,0.03970938398505503,20,0.12151430739837434,445.59210896492004,ok
aircraft_pitch,odepe_v2_polish,1em4,aircraft_pitch_7_1em4,theta,1,1.3958324085553025e-05,339,1.3958324085553025e-05,442.76192808151245,0.0034890012676212505,5,0.0034890012676212505,399.198184967041,0.0003956418459106717,20,0.0017491133034634194,596.4708728790283,1.3958324085553025e-05,100,0.0034890012676212505,423.88049697875977,0.00011201131911510426,20,0.0016400408582621943,419.8381781578064,ok
aircraft_pitch,odepe_v2_polish,1em6,aircraft_pitch_7_1em6,theta,1,3.34434768786148e-06,396,3.34434768786148e-06,541.4291989803314,0.0005105920389396552,3,0.0005105920389396552,438.09906792640686,0.0006314232235863654,20,0.0006314232235863654,529.2580101490021,0.000262646448044494,100,0.0019421188198789701,590.1176578998566,0.0003054223093046371,20,0.0006314232235863654,639.8408010005951,ok
aircraft_pitch,odepe_v2_polish,1em8,aircraft_pitch_7_1em8,theta,1,3.34434768786148e-06,375,3.34434768786148e-06,451.0570890903473,0.00018360425088002926,3,0.00018360425088002926,364.18495988845825,0.00018360425088002926,20,0.00018360425088002926,395.8676710128784,0.00010840793688323926,100,0.00018360425088002926,398.3901629447937,4.9103565711691285e-05,20,0.000982158038081011,366.9689300060272,ok
aircraft_pitch,odepe_v2_polish,0,aircraft_pitch_8_0,theta,1,1.632429919449753e-10,324,1.632429919449753e-10,419.7502818107605,7.894769494227949e-10,1,7.894769494227949e-10,348.51831817626953,1.8638192493129433e-08,1,1.8638192493129433e-08,404.3823459148407,1.4149252641161461e-08,100,1.8638192493129433e-08,424.0395710468292,6.570341458313676e-09,20,5.255964465660802e-06,390.81516313552856,ok
aircraft_pitch,odepe_v2_polish,1em2,aircraft_pitch_8_1em2,theta,1,0.007700867562600551,268,0.03616215364306414,546.5881979465485,0.03616213945916558,67,0.11930618735251936,391.4442410469055,0.11930618735251936,20,0.11930618735251936,424.5991909503937,0.11930618735251936,100,0.11930618735251936,427.81489992141724,0.14392009295317756,20,0.14397327403974408,442.2833640575409,ok
aircraft_pitch,odepe_v2_polish,1em4,aircraft_pitch_8_1em4,theta,1,2.1633348966846245e-05,374,2.1633348966846245e-05,445.9633820056915,0.0014640956295462243,3,0.0014640956295462243,380.8106999397278,0.0005292438325427293,19,0.0005292438325427293,444.5196590423584,9.428946894218413e-05,100,0.0005292438325427293,471.7296061515808,0.0002009504122244621,20,0.000520280728065227,477.60911107063293,ok
aircraft_pitch,odepe_v2_polish,1em6,aircraft_pitch_8_1em6,theta,1,5.255964465660802e-06,354,5.255964465660802e-06,580.7799010276794,0.0002300106993529656,2,0.0004668008713494629,535.5443778038025,0.0005379081668709816,20,0.001955029958471672,466.55777502059937,3.0596453444348594e-05,100,0.0020530265674256975,621.6731441020966,0.00025318021463565694,20,0.0005558343758259863,612.15576004982,ok
aircraft_pitch,odepe_v2_polish,1em8,aircraft_pitch_8_1em8,theta,1,3.707140011841547e-06,352,3.707140011841547e-06,403.69659996032715,3.3650445196402236e-05,1,3.3650445196402236e-05,356.939612865448,3.3650445196402236e-05,8,3.3650445196402236e-05,376.61770701408386,3.7331730596698244e-05,100,3.7331730596698244e-05,427.93087100982666,9.833814785199655e-05,20,0.0001641467101591336,394.2531759738922,ok
aircraft_pitch,odepe_v2_polish,0,aircraft_pitch_9_0,theta,1,5.304681934745152e-10,301,5.304681934745152e-10,432.98943996429443,6.628830564907577e-10,1,6.628830564907577e-10,345.6614019870758,1.2469975581607297e-08,1,1.2469975581607297e-08,374.60024785995483,8.454998989542112e-10,100,1.2469975581607297e-08,361.6534221172333,1.1771097862831792e-07,20,7.743355613069347e-06,384.16579389572144,ok
aircraft_pitch,odepe_v2_polish,1em2,aircraft_pitch_9_1em2,theta,1,0.0017346759816621777,281,0.0065906208043999175,536.1684491634369,0.02586272551464956,63,0.02722551352629697,499.3699719905853,0.0031408056181194237,20,0.02722551352629697,540.2084939479828,0.0006946807610365608,100,0.0006946807610365608,429.827712059021,0.026990864115647075,20,0.04667604563076845,470.4898519515991,ok
aircraft_pitch,odepe_v2_polish,1em4,aircraft_pitch_9_1em4,theta,1,1.569832032645074e-05,334,1.569832032645074e-05,616.7302250862122,0.0007333280690873416,3,0.0007333280690873416,441.248731136322,0.0005250675749472924,19,0.0037138736773689733,501.09098196029663,6.518764143133398e-05,100,0.0037138736773689733,527.1127378940582,1.0611152920300756e-05,20,0.0037138736773689733,604.7144460678101,ok
aircraft_pitch,odepe_v2_polish,1em6,aircraft_pitch_9_1em6,theta,1,7.743355613069347e-06,356,7.743355613069347e-06,417.6028859615326,0.002891304482776164,2,0.002891304482776164,352.30218410491943,0.00010554583618679051,20,0.004517306983046927,366.4726209640503,6.131325473492891e-05,100,0.004517306983046927,378.92860198020935,0.0007068490235937184,20,0.0007068490235937184,486.6690249443054,ok
aircraft_pitch,odepe_v2_polish,1em8,aircraft_pitch_9_1em8,theta,1,7.743355613069347e-06,330,7.743355613069347e-06,395.74077916145325,7.01052365906123e-05,2,0.00010827107735071102,355.6681020259857,7.01052365906123e-05,20,0.00010826792091147902,332.3339900970459,1.484709286224341e-05,100,0.00010827107735071102,324.4138071537018,1.442192564817961e-05,20,0.0031225752525274736,363.26337718963623,ok
bicycle_model,odepe_v2_polish,0,bicycle_model_0_0,,1,1.8550907936224607e-10,142,1.8550907936224607e-10,479.3778028488159,2.575143163841764e-12,1,2.575143163841764e-12,378.6648621559143,1.854315551682852e-10,1,1.854315551682852e-10,440.20434284210205,1.854315551682852e-10,100,1.854315551682852e-10,397.70744490623474,1.4798507247201872e-12,20,6.708605536030228e-06,443.8759708404541,ok
bicycle_model,odepe_v2_polish,1em2,bicycle_model_0_1em2,,1,0.0034585821217504734,188,0.0034585821217504734,549.1811571121216,0.003511198635759094,24,0.24060840106717776,456.60819005966187,0.16806201571679613,20,0.24060840106697276,517.3883380889893,0.003511198635759094,100,0.24060840106717776,511.71895599365234,0.0035235306312298644,20,0.0035366847597320195,484.3184690475464,ok
bicycle_model,odepe_v2_polish,1em4,bicycle_model_0_1em4,,1,4.874466508795954e-05,221,4.874466508795954e-05,576.0497698783875,4.874466508795954e-05,17,4.874466508795954e-05,539.8784139156342,0.0003070887729260733,20,0.0003070887729260733,475.9353668689728,4.874466508795954e-05,100,4.874466508795954e-05,563.285248041153,0.00026716424163273473,20,0.00026716424163273473,479.1991238594055,ok
bicycle_model,odepe_v2_polish,1em6,bicycle_model_0_1em6,,1,1.7133252374126023e-05,165,1.7133252374126023e-05,489.98635482788086,5.6595637880591544e-05,3,5.6595637880591544e-05,385.24539279937744,1.7133252374126023e-05,2,1.7133252374126023e-05,472.394003868103,1.7133252374126023e-05,100,1.7133252374126023e-05,446.5990858078003,1.5488986311356628e-05,20,1.5488986311356628e-05,496.11871910095215,ok
bicycle_model,odepe_v2_polish,1em8,bicycle_model_0_1em8,,1,2.4321516590320876e-06,154,2.4321516590320876e-06,438.9164328575134,2.4321516590320876e-06,2,2.4321516590320876e-06,371.9911849498749,2.4321516590320876e-06,2,2.4321516590320876e-06,373.07974791526794,2.4321516590320876e-06,100,2.4321516590320876e-06,385.0690350532532,2.4244382783834317e-06,20,2.4244382783834317e-06,468.74242401123047,ok
bicycle_model,odepe_v2_polish,0,bicycle_model_1_0,,1,1.5763096603710556e-12,198,1.5763096603710556e-12,462.42274498939514,1.79589572946067e-12,1,1.79589572946067e-12,356.8954939842224,1.79589572946067e-12,1,1.79589572946067e-12,370.1272509098053,2.475098603150349e-12,100,2.475098603150349e-12,395.9878628253937,1.0054117600626417e-12,20,7.944895808911507e-06,417.2230529785156,ok
bicycle_model,odepe_v2_polish,1em2,bicycle_model_1_1em2,,1,0.0004559472806191114,202,0.0004559472806191114,635.0517659187317,0.0005318904635913802,27,0.007810569939320244,498.65580797195435,0.005415071858697663,20,0.007810569939320244,528.102215051651,0.0004861880156953983,100,0.007810569939320244,513.1309340000153,0.0005318904635913802,20,0.0006380302961482219,523.6896750926971,ok
bicycle_model,odepe_v2_polish,1em4,bicycle_model_1_1em4,,1,1.4597280866074402e-05,241,1.4597280866074402e-05,605.4844830036163,6.17235226739256e-05,3,6.17235226739256e-05,482.2037990093231,1.4597280866074402e-05,20,1.4597280866074402e-05,480.36247086524963,1.4597280866074402e-05,100,1.4597280866074402e-05,455.6297369003296,4.6730041503940186e-05,20,4.6730041503940186e-05,498.10141491889954,ok
bicycle_model,odepe_v2_polish,1em6,bicycle_model_1_1em6,,1,7.944895808911507e-06,224,7.944895808911507e-06,710.4028022289276,7.944895808911507e-06,2,7.944895808911507e-06,417.78972005844116,7.944895808911507e-06,2,7.944895808911507e-06,455.8934111595154,7.944895808911507e-06,100,7.944895808911507e-06,478.9076039791107,1.8048107175845307e-05,20,1.8048107175845307e-05,453.94367504119873,ok
bicycle_model,odepe_v2_polish,1em8,bicycle_model_1_1em8,,1,2.28661229202776e-06,203,2.28661229202776e-06,473.4839961528778,2.286707729930355e-06,1,2.286707729930355e-06,367.9884259700775,2.2866123386105442e-06,1,2.2866123386105442e-06,402.5725498199463,2.286707729930355e-06,100,2.286707729930355e-06,365.2175679206848,2.2876829592811394e-06,20,7.944895808911507e-06,403.7296209335327,ok
bicycle_model,odepe_v2_polish,0,bicycle_model_2_0,,1,2.394172497188137e-12,145,2.394172497188137e-12,428.0692479610443,1.2686252674343514e-12,1,1.2686252674343514e-12,362.01846504211426,1.2686252674343514e-12,1,1.2686252674343514e-12,370.8830120563507,2.0123183244931183e-12,100,2.0123183244931183e-12,394.4597260951996,1.5132463642335078e-12,20,7.655885484520515e-06,391.21236395835876,ok
bicycle_model,odepe_v2_polish,1em2,bicycle_model_2_1em2,,1,0.000871580753600201,200,0.000871580753600201,601.2350618839264,0.0009282384382670795,26,0.037918640590506765,533.7648968696594,0.0009282384382670795,20,0.03791864059050759,556.9371590614319,0.000871580753600201,100,0.03791864059050759,491.63424706459045,0.0009282384382670795,20,0.0009620809479003156,539.8565440177917,ok
bicycle_model,odepe_v2_polish,1em4,bicycle_model_2_1em4,,1,7.655885484520515e-06,206,7.655885484520515e-06,635.1139640808105,4.1412154981132084e-05,6,4.1412154981132084e-05,480.66481614112854,2.8117438674353504e-05,11,2.8117438674353504e-05,498.01331305503845,2.8117438674353504e-05,100,2.8117438674353504e-05,603.2905430793762,4.1412154981132084e-05,20,4.1412154981132084e-05,596.7791578769684,ok
bicycle_model,odepe_v2_polish,1em6,bicycle_model_2_1em6,,1,7.655885484520515e-06,176,7.655885484520515e-06,510.9274790287018,1.2212329440609694e-05,2,1.2212329440609694e-05,434.9438970088959,1.2212329440609694e-05,3,1.2212329440609694e-05,419.1609671115875,1.2212329440609694e-05,100,1.2212329440609694e-05,396.2368230819702,5.104035373978041e-06,20,1.2212329440609694e-05,409.33360719680786,ok
bicycle_model,odepe_v2_polish,1em8,bicycle_model_2_1em8,,1,9.320336909143449e-07,149,9.320336909143449e-07,470.03338098526,8.340644062733771e-07,1,8.340644062733771e-07,386.4504678249359,8.340644062733771e-07,1,8.340644062733771e-07,385.44689106941223,8.340644062733771e-07,100,8.340644062733771e-07,389.37578797340393,4.010096800264392e-07,20,7.655885484520515e-06,435.9061760902405,ok
bicycle_model,odepe_v2_polish,0,bicycle_model_3_0,,1,1.6701679617151265e-12,215,1.6701679617151265e-12,488.4097878932953,3.433336604645362e-11,1,3.433336604645362e-11,353.12499594688416,3.433336604645362e-11,1,3.433336604645362e-11,361.98483204841614,1.6701679617151265e-12,100,1.6701679617151265e-12,389.70880699157715,1.0205559681931135e-12,20,0.0002625179986884902,382.9158389568329,ok
bicycle_model,odepe_v2_polish,1em2,bicycle_model_3_1em2,,1,0.017101704068607622,350,0.017101704068607622,653.8901398181915,0.09312430602404155,37,0.26590107026203685,554.4670639038086,0.09312430602404155,20,0.26590107026203685,605.5517380237579,0.02323139478170696,100,0.26590107026203685,586.2682490348816,0.016779878713788852,20,0.025040050459390804,571.8490369319916,ok
bicycle_model,odepe_v2_polish,1em4,bicycle_model_3_1em4,,1,0.00024153546589184723,271,0.00024153546589184723,501.23385286331177,0.0009011782462739173,9,0.004974092784682496,400.5651500225067,0.0009011782462739173,20,0.004974092784682496,469.98226594924927,0.0008688863944992411,100,0.004974092784682496,478.0238471031189,0.001042781181893293,20,0.001042781181893293,523.9196557998657,ok
bicycle_model,odepe_v2_polish,1em6,bicycle_model_3_1em6,,1,4.0565580372113665e-05,257,4.0565580372113665e-05,748.8469579219818,5.771880360337932e-05,4,5.771880360337932e-05,453.4855580329895,5.771880360337932e-05,20,5.771880360337932e-05,447.78524899482727,4.056558037998139e-05,100,5.771880368755146e-05,447.6751458644867,5.771880369454499e-05,20,0.0007294010123734394,444.4860589504242,ok
bicycle_model,odepe_v2_polish,1em8,bicycle_model_3_1em8,,1,4.4845505284527335e-06,231,4.4845505284527335e-06,465.9174201488495,2.0873974617799095e-05,1,2.0873974617799095e-05,372.8905200958252,2.087398217730642e-05,2,2.087398217730642e-05,388.8781840801239,4.4845510477224e-06,100,2.087398217730642e-05,413.5299451351166,2.0873453816549198e-05,20,0.0002609587063753784,405.90434193611145,ok
bicycle_model,odepe_v2_polish,0,bicycle_model_4_0,,1,1.0274546825666964e-10,156,1.0274546825666964e-10,482.81676602363586,1.0269137527353553e-10,1,1.0269137527353553e-10,408.99180817604065,9.080631593572714e-11,1,9.080631593572714e-11,402.4717390537262,1.0269137527353553e-10,100,1.0269137527353553e-10,405.2008578777313,1.520906268950358e-11,20,3.3030544755140418e-06,426.20663690567017,ok
bicycle_model,odepe_v2_polish,1em2,bicycle_model_4_1em2,,1,0.009306768431280572,185,0.009306768431280572,1096.7735109329224,0.009864093613450467,17,0.12417065572824107,557.3282930850983,0.009864093613450467,20,0.12417065572811978,552.7631731033325,0.009864093613450467,100,0.12417065572811978,571.0763339996338,0.009864093613450467,20,0.009864093613450467,549.7771968841553,ok
bicycle_model,odepe_v2_polish,1em4,bicycle_model_4_1em4,,1,4.89053935029303e-05,237,4.89053935029303e-05,620.2853269577026,0.00017385560322581763,3,0.00017385560322581763,472.02389001846313,6.908178329460589e-05,14,6.908178329460589e-05,545.9549970626831,0.00017385560322581763,100,0.00017385560322581763,521.9198031425476,0.0003661517679257022,20,0.0003661517679257022,567.1288180351257,ok
bicycle_model,odepe_v2_polish,1em6,bicycle_model_4_1em6,,1,1.0870336517100316e-05,169,1.0870336517100316e-05,474.72206711769104,1.5920096070304757e-05,2,1.5920096070304757e-05,480.16115498542786,9.228928544778185e-05,6,0.00038608495336371666,434.84552693367004,5.055249221940255e-06,100,0.00018472741120060813,454.4912338256836,9.326462501317952e-05,20,9.37976976381509e-05,506.2585070133209,ok
bicycle_model,odepe_v2_polish,1em8,bicycle_model_4_1em8,,1,1.581701370244012e-06,167,1.581701370244012e-06,400.8089210987091,1.3169837084222921e-06,1,1.3169837084222921e-06,474.8016300201416,1.3169837084222921e-06,1,1.3169837084222921e-06,409.38802099227905,1.3169837084222921e-06,100,1.3169837084222921e-06,418.21495485305786,1.3370005718931792e-06,20,3.3030544755140418e-06,420.7845230102539,ok
bicycle_model,odepe_v2_polish,0,bicycle_model_5_0,,1,1.4767487080972973e-13,176,1.4767487080972973e-13,428.11949586868286,1.4767487080972973e-13,1,1.4767487080972973e-13,397.98064708709717,2.756102718841656e-13,1,2.756102718841656e-13,346.02857303619385,1.4767487080972973e-13,100,1.4767487080972973e-13,401.22643423080444,3.227260099864531e-11,20,4.219682249280033e-06,393.18494510650635,ok
bicycle_model,odepe_v2_polish,1em2,bicycle_model_5_1em2,,1,0.006205767801363199,208,0.006205767801363199,591.7337038516998,0.005378487991960106,32,0.050200515450669156,498.45021390914917,0.016129193195698516,20,0.050200515450669156,549.4778010845184,0.005378487991960106,100,0.050200515450669156,514.9075109958649,0.005557220672892613,20,0.006786079050224499,501.5368649959564,ok
bicycle_model,odepe_v2_polish,1em4,bicycle_model_5_1em4,,1,4.574071581116604e-05,244,4.574071581116604e-05,589.349781036377,0.0002100304381488364,7,0.0002100304381488364,442.05971789360046,0.0002100304381488364,20,0.0002100304381488364,492.5946581363678,0.00016216474158739632,100,0.0002100304381488364,480.13562989234924,0.00011394378986774069,20,0.00011394378986774069,528.191036939621,ok
bicycle_model,odepe_v2_polish,1em6,bicycle_model_5_1em6,,1,6.993611653741896e-06,212,6.993611653741896e-06,456.9319999217987,4.3093147924380856e-05,2,4.3093147924380856e-05,429.598375082016,4.3093147924380856e-05,3,4.3093147924380856e-05,405.3966100215912,1.8755618315936987e-05,100,4.3093147924380856e-05,455.4868528842926,2.580500663604603e-05,20,2.580500663604603e-05,481.01744294166565,ok
bicycle_model,odepe_v2_polish,1em8,bicycle_model_5_1em8,,1,4.0329779567595676e-08,179,4.0329779567595676e-08,408.7292799949646,4.0329779567595676e-08,1,4.0329779567595676e-08,384.29881596565247,4.0329779567595676e-08,1,4.0329779567595676e-08,385.3974828720093,4.0329779567595676e-08,100,4.0329779567595676e-08,373.9861350059509,4.621534822799838e-07,20,4.219682249280033e-06,417.80687499046326,ok
bicycle_model,odepe_v2_polish,0,bicycle_model_6_0,,1,1.4817612678343664e-11,165,1.4817612678343664e-11,537.0032749176025,1.4973137591497904e-11,1,1.4973137591497904e-11,455.8206219673157,1.7040518082395362e-11,1,1.7040518082395362e-11,417.9303340911865,1.4973137591497904e-11,100,1.4973137591497904e-11,452.66545391082764,3.3295937973383028e-12,20,2.050515237159781e-06,448.77777218818665,ok
bicycle_model,odepe_v2_polish,1em2,bicycle_model_6_1em2,,1,0.00130188078654383,196,0.00130188078654383,679.1085019111633,0.0014213873561184287,31,0.2537939069572718,612.2746729850769,0.03521559962658681,20,0.2537939069572718,641.7131979465485,0.001417076795773076,100,0.2571588914876298,541.7916162014008,0.0014213873561184287,20,0.0014213873561184287,602.3139269351959,ok
bicycle_model,odepe_v2_polish,1em4,bicycle_model_6_1em4,,1,8.220627302263507e-06,228,8.220627302263507e-06,679.820023059845,9.64365628960108e-05,3,9.64365628960108e-05,464.78924107551575,2.7118938511082195e-06,10,2.7118938511082195e-06,583.966295003891,9.64365628960108e-05,100,9.64365628960108e-05,498.4373052120209,0.0001310736446056809,20,0.0001310736446056809,548.2115740776062,ok
bicycle_model,odepe_v2_polish,1em6,bicycle_model_6_1em6,,1,8.220627302263507e-06,195,8.220627302263507e-06,562.4759321212769,2.773968417183177e-05,2,2.773968417183177e-05,434.3645679950714,3.9332525391291415e-05,2,3.9332525391291415e-05,517.2857959270477,2.773968417183177e-05,100,3.9332525391291415e-05,556.1738369464874,3.9332525391291415e-05,20,3.9332525391291415e-05,510.4993968009949,ok
bicycle_model,odepe_v2_polish,1em8,bicycle_model_6_1em8,,1,1.0616244320581442e-06,177,1.0616244320581442e-06,516.3302090167999,3.1049865399160034e-06,1,3.1049865399160034e-06,446.7150299549103,3.259380580248698e-06,1,3.259380580248698e-06,506.04283714294434,3.259380580248698e-06,100,3.259380580248698e-06,471.8799319267273,1.1290763419150628e-06,20,2.050515237159781e-06,473.420578956604,ok
bicycle_model,odepe_v2_polish,0,bicycle_model_7_0,,1,2.5623652684195167e-09,207,2.5623652684195167e-09,541.2361979484558,2.558769204537564e-09,1,2.558769204537564e-09,414.9447841644287,2.758033635381034e-09,1,2.758033635381034e-09,372.67655181884766,2.758033635381034e-09,100,2.758033635381034e-09,393.7601058483124,4.007169739212978e-10,20,0.006104223506966847,422.4422399997711,ok
bicycle_model,odepe_v2_polish,1em2,bicycle_model_7_1em2,,1,0.020482274330630736,309,0.020482274330630736,617.3528709411621,0.6605964949660508,28,116.41982357513506,514.3430140018463,0.6605964949660508,20,116.41982357513506,584.6120028495789,0.020482274330630736,100,116.41982357513506,531.0186960697174,0.023637146508994268,20,0.02859785576828392,585.7385761737823,ok
bicycle_model,odepe_v2_polish,1em4,bicycle_model_7_1em4,,1,0.0024948445695902087,218,0.0024948445695902087,469.85405802726746,0.002417338263128251,46,0.002417338263128251,442.38631319999695,0.002417338263128251,20,0.002417338263128251,442.7556028366089,0.0026729623067010605,100,9.096835073191937,447.98875284194946,0.018157880330823162,20,0.14423952397611955,459.3335280418396,ok
bicycle_model,odepe_v2_polish,1em6,bicycle_model_7_1em6,,1,0.00014796467288635029,246,0.00014796467288635029,582.1789150238037,0.0022605005872088158,25,0.23078931913166195,442.74426317214966,0.0021259067815495667,20,0.23078931913166195,439.9847209453583,0.0015782039706480067,100,0.23078931913166195,471.8412868976593,0.0008450504047941264,20,0.0008450504047941264,492.8708779811859,ok
bicycle_model,odepe_v2_polish,1em8,bicycle_model_7_1em8,,1,5.633662923611225e-06,225,5.633662923611225e-06,621.9770188331604,0.004947391101238442,2,0.004947391101238442,391.0712718963623,0.00024491975954692114,6,0.00469005889713952,441.99145913124084,5.633681531381672e-06,100,0.004947391101238442,407.1928811073303,0.004070164442730172,20,0.08203439614207476,428.91198897361755,ok
bicycle_model,odepe_v2_polish,0,bicycle_model_8_0,,1,4.587138868254422e-12,159,4.587138868254422e-12,469.71146988868713,2.940042777714172e-11,1,2.940042777714172e-11,430.0600731372833,1.877202097470369e-12,1,1.877202097470369e-12,395.32011008262634,1.877202097470369e-12,100,1.877202097470369e-12,394.4529540538788,1.258931230868004e-11,20,1.0635446293917513e-06,433.02330803871155,ok
bicycle_model,odepe_v2_polish,1em2,bicycle_model_8_1em2,,1,0.005289951866858129,164,0.005289951866858129,614.327358007431,0.005285889505639595,30,0.13052641053720895,540.2588210105896,0.00540091009317197,20,0.00540091009317197,570.5457029342651,0.005289951866858129,100,0.13052641053720895,554.6430559158325,0.005294154309497992,20,0.005319228883915841,587.2812120914459,ok
bicycle_model,odepe_v2_polish,1em4,bicycle_model_8_1em4,,1,1.9245677524179802e-05,243,1.9245677524179802e-05,687.5023059844971,0.0005774036530525098,11,0.0005774036530525098,451.10130405426025,6.661949802290893e-05,20,6.661949802290893e-05,647.5602810382843,6.231661578475188e-05,100,6.231661578475188e-05,575.5271098613739,1.9245677524179802e-05,20,1.9245677524179802e-05,541.9106688499451,ok
bicycle_model,odepe_v2_polish,1em6,bicycle_model_8_1em6,,1,1.0635446293917513e-06,191,1.0635446293917513e-06,472.6192548274994,4.1126784650780594e-05,2,4.1126784650780594e-05,418.1487469673157,4.1126784650780594e-05,3,4.1126784650780594e-05,423.0364818572998,1.1989849014396928e-05,100,1.1989849014396928e-05,494.8602750301361,4.3277625083160653e-05,20,8.410600601713767e-05,410.54652309417725,ok
bicycle_model,odepe_v2_polish,1em8,bicycle_model_8_1em8,,1,4.466960228883071e-07,163,4.466960228883071e-07,591.6515440940857,4.4669549943921393e-07,1,4.4669549943921393e-07,409.62387800216675,4.466960228883071e-07,1,4.466960228883071e-07,496.5419352054596,4.4669549943921393e-07,100,4.4669549943921393e-07,379.34995007514954,4.4669588645453514e-07,20,1.0635446293917513e-06,436.9512209892273,ok
bicycle_model,odepe_v2_polish,0,bicycle_model_9_0,,1,8.777016672142259e-13,186,8.777016672142259e-13,482.61147904396057,8.777016672142259e-13,1,8.777016672142259e-13,387.88366985321045,3.3613382182021316e-13,1,3.3613382182021316e-13,349.189740896225,3.3613382182021316e-13,100,3.3613382182021316e-13,352.0480399131775,2.9190969056914455e-11,20,3.313448648751683e-06,405.7336161136627,ok
bicycle_model,odepe_v2_polish,1em2,bicycle_model_9_1em2,,1,0.0009034008989920749,207,0.0009034008989920749,675.3548448085785,0.0010013499330815702,37,0.02190711184698314,553.0248248577118,0.021907111846982436,20,0.021907111846982436,558.9401400089264,0.0009034008989920749,100,0.02190711184698314,576.6859841346741,0.0010013499330815702,20,0.0010013499330815702,604.2461919784546,ok
bicycle_model,odepe_v2_polish,1em4,bicycle_model_9_1em4,,1,2.0847199069411877e-05,239,2.0847199069411877e-05,626.6754291057587,0.0002571696966466269,3,0.0002571696966466269,514.8998010158539,8.108458954305505e-05,13,8.108458954305505e-05,583.3246381282806,0.0001299993753939971,100,0.0001299993753939971,624.6644690036774,0.00010314457853080489,20,0.00010314457853080489,524.1624109745026,ok
bicycle_model,odepe_v2_polish,1em6,bicycle_model_9_1em6,,1,3.313448648751683e-06,207,3.313448648751683e-06,676.8760459423065,2.176590387330633e-05,2,2.176590387330633e-05,447.4685080051422,2.844014744844253e-05,2,2.844014744844253e-05,427.3195240497589,2.176590387330633e-05,100,2.844014744844253e-05,439.5271198749542,3.788704863756975e-06,20,6.998088997804275e-06,428.94439005851746,ok
bicycle_model,odepe_v2_polish,1em8,bicycle_model_9_1em8,,1,2.1710264568274346e-07,184,2.1710264568274346e-07,547.6554169654846,2.171026233267167e-07,1,2.171026233267167e-07,387.58071994781494,2.1710264568274346e-07,1,2.1710264568274346e-07,425.91802191734314,2.1710264568274346e-07,100,2.1710264568274346e-07,386.3403968811035,2.171294998178896e-07,20,3.313448648751683e-06,415.0348219871521,ok
biohydrogenation,odepe_v2_polish,0,biohydrogenation_0_0,x7,2,3.863996134405995e-11,2107,3.863996134405995e-11,59464.828953027725,5.400705283534069e-10,1,5.400705283534069e-10,4630.233107089996,1.0106706405735544e-09,1,1.0106706405735544e-09,2816.0715839862823,1.0106706405735544e-09,100,1.0106706405735544e-09,2840.084883213043,6.635176972141367e-11,20,6.635176972141367e-11,4403.2131271362305,ok
biohydrogenation,odepe_v2_polish,1em2,biohydrogenation_0_1em2,x7,2,0.9637747169646732,1354,0.9637747169646732,16642.24759697914,2.896878607039852,378,9.16616336080186,4443.248774051666,6.506903184385631,20,9.166163360797075,12827.239022016525,6.001172092186288,100,9.166163360797075,9692.719373941422,3.174042686401478,20,3.17449187365562,7631.655636072159,ok
biohydrogenation,odepe_v2_polish,1em4,biohydrogenation_0_1em4,x7,2,0.9662059812852898,1376,0.9662059812852898,36957.77540111542,0.9913105142445379,289,1.4100619171966877,3930.922574043274,1.0345935042503078,20,1.410061916832605,16661.336532831192,1.0345930911479122,100,1.4100619171966877,13678.53338098526,1.0345902702089407,20,1.0345933892807684,6519.377685785294,ok
biohydrogenation,odepe_v2_polish,1em6,biohydrogenation_0_1em6,x7,2,0.00253261653646828,1748,0.00253261653646828,43573.74905085564,0.002543686226828545,3,0.002543686226828545,4024.8598499298096,0.002543530175828495,3,0.002543530175828495,4928.6049909591675,0.0025364350305340983,100,0.002543530175828495,5480.173863172531,0.0025338912694971957,20,0.002543626236006153,3459.0451810359955,ok
biohydrogenation,odepe_v2_polish,1em8,biohydrogenation_0_1em8,x7,2,8.452767172282007e-05,2115,8.452767172282007e-05,49824.495500802994,8.538347313887597e-05,1,8.538347313887597e-05,3866.366380929947,8.538340766344055e-05,1,8.538340766344055e-05,6916.701503992081,8.47579608678745e-05,100,8.53830258965286e-05,7666.489342927933,8.481631800814873e-05,20,8.52486969059769e-05,3754.1088149547577,ok
biohydrogenation,odepe_v2_polish,0,biohydrogenation_1_0,x7,2,2.7575480805771154e-11,1586,2.7575480805771154e-11,20598.198372125626,6.50544403001302e-10,1,6.50544403001302e-10,5423.974812030792,8.34361533898955e-10,1,8.34361533898955e-10,2786.1588459014893,8.34361533898955e-10,100,8.34361533898955e-10,2806.2919161319733,3.1648647674707506e-06,20,3.1648647674707506e-06,5674.786916971207,ok
biohydrogenation,odepe_v2_polish,1em2,biohydrogenation_1_1em2,x7,2,0.9999674267100976,1528,0.9999674267100976,15797.70115017891,1.8975954672586273,275,35.569327872313934,3685.4832038879395,18.777792840589978,20,35.569327872313934,14427.734679937363,1.8975954672586273,100,35.569327872313934,13863.16302394867,20.907612238640276,20,20.907612253136303,3946.571396112442,ok
biohydrogenation,odepe_v2_polish,1em4,biohydrogenation_1_1em4,x7,2,0.9728086133042013,1874,0.9728086133042013,15334.479958057404,0.07410041985852167,221,1.126140302249187,6130.306001901627,1.1262493374450993,20,1.1262493374450993,10939.288753986359,1.1253658306836927,100,1.1262493374450993,11412.687341928482,1.1261425504929,20,1.1262573771997275,8547.201776981354,ok
biohydrogenation,odepe_v2_polish,1em6,biohydrogenation_1_1em6,x7,2,0.02284724610517507,1566,0.02284724610517507,13629.618513822556,0.022853429345367642,37,0.022853429345367642,5874.429368972778,0.022853439226665377,20,0.022853439226665377,8941.453089952469,0.022848627591529086,100,0.022853439226665377,9273.396811008453,0.022852704227977694,20,0.02285329491025856,8238.179663181305,ok
biohydrogenation,odepe_v2_polish,1em8,biohydrogenation_1_1em8,x7,2,0.0003394921558890938,1612,0.0003394921558890938,20919.108336925507,0.00034003746740436376,1,0.00034003746740436376,3523.339567899704,0.00034003746740436376,1,0.00034003746740436376,3384.5294501781464,0.0003397088720786045,100,0.0003400316336559319,3604.165479183197,0.0003400354086022664,20,0.00034003614335943646,6209.093111991882,ok
biohydrogenation,odepe_v2_polish,0,biohydrogenation_2_0,x7,2,1.084510798754445e-09,1682,1.084510798754445e-09,13026.346199989319,2.2021722257103325e-05,1,2.2021722257103325e-05,7353.732808113098,6.924901527898438e-08,1,6.924901527898438e-08,3337.7448279857635,4.411948644179716e-08,100,4.5449589511018496e-08,3270.1437628269196,6.079102796650824e-06,20,6.079102796650824e-06,7472.176628828049,ok
biohydrogenation,odepe_v2_polish,1em2,biohydrogenation_2_1em2,x7,2,0.9943757547949555,1021,0.9999728260869565,3217.6292991638184,1.8670797165258068,276,1.8670797165258068,4534.745956897736,1.8670797165258068,20,1.8670797165258068,3854.356188774109,1.870373593541821,100,1.870373593541821,3302.7911739349365,4.258670198332624,20,4.259865457755789,4262.899017095566,ok
biohydrogenation,odepe_v2_polish,1em4,biohydrogenation_2_1em4,x7,2,0.9134255986644623,1347,0.9134255986644623,4165.88174200058,0.9134255979229355,423,2.3161749714621034,3770.452824115753,0.9134255979571975,20,2.31617497146407,6351.6489498615265,0.9134255979229355,100,2.3161749714621034,3870.427680015564,4.612842389852333,20,4.612844705488762,4421.893222093582,ok
biohydrogenation,odepe_v2_polish,1em6,biohydrogenation_2_1em6,x7,2,0.10718920573701608,1408,0.10718920573701608,4094.9236998558044,0.10718920573701608,45,0.8034702574149057,3298.640256166458,0.5795026897324496,20,0.8034702574149057,3809.0095958709717,0.8034702574149057,100,12.495276653171393,3573.9180750846863,0.8034703230747773,20,5.763659797083459,6219.499097108841,ok
biohydrogenation,odepe_v2_polish,1em8,biohydrogenation_2_1em8,x7,2,0.0010835103734528403,1601,0.0010835103734528403,5691.280497074127,0.0013303247205085583,1,0.0013303247205085583,3214.5021719932556,0.0013303247205085583,1,0.0013303247205085583,3287.3461039066315,0.0012859207453350438,100,0.0013039982579175807,6442.023077011108,0.0013017642919716274,20,0.0013034736139860433,3243.837779045105,ok
biohydrogenation,odepe_v2_polish,0,biohydrogenation_3_0,x7,2,9.162338262472453e-11,1893,9.162338262472453e-11,27282.982882976532,5.915231503484821e-10,1,5.915231503484821e-10,4012.639708042145,3.4993791304162467e-10,1,3.4993791304162467e-10,2591.133301973343,3.4993791304162467e-10,100,3.4993791304162467e-10,2579.562034845352,2.133768152967336e-07,20,2.133768152967336e-07,3947.485529899597,ok
biohydrogenation,odepe_v2_polish,1em2,biohydrogenation_3_1em2,x7,2,0.898156675775823,1000,0.898156675775823,32770.59732198715,2.1259022912342496,181,7.482447122049715,4167.089570045471,2.247997419543386,20,7.482447122049715,18893.09143304825,2.247997419543386,100,7.482447122049715,17944.25984096527,8.533685215662539,20,8.53454745154624,20810.796040058136,ok
biohydrogenation,odepe_v2_polish,1em4,biohydrogenation_3_1em4,x7,2,0.6122575772492281,973,0.6122575772492281,10835.976234912872,0.6122575770326317,183,0.6122575770326317,3923.0985288619995,0.6122575778627058,20,0.6122575778627058,4255.794037103653,0.6122575778627058,100,0.6122575778627058,3945.834109067917,0.7269957248257547,20,0.7269995858396424,3232.2238450050354,ok
biohydrogenation,odepe_v2_polish,1em6,biohydrogenation_3_1em6,x7,2,0.031321134611693065,1458,0.031321134611693065,38630.95572805405,0.03133839607498972,40,0.03133839607498972,3460.5853350162506,0.03133902543127104,20,0.03133902543127104,8236.619962215424,0.031323891991439534,100,0.03133839607498972,5842.690366029739,0.03133754855662963,20,0.03133891709637443,3136.2503521442413,ok
biohydrogenation,odepe_v2_polish,1em8,biohydrogenation_3_1em8,x7,2,0.0008266152633807094,1621,0.0008266152633807094,15226.778894901276,0.0008278485316495334,1,0.0008278485316495334,3123.068908929825,0.000827848378526301,1,0.000827848378526301,3231.9600801467896,0.0008274681110615089,100,0.000827848378526301,3280.12851190567,0.0008265582768944081,20,0.0008265582768944081,3353.2341890335083,ok
biohydrogenation,odepe_v2_polish,0,biohydrogenation_4_0,x7,2,8.834953801929615e-13,2443,8.834953801929615e-13,21212.685731887817,8.995699588778752e-12,1,8.995699588778752e-12,5105.708599090576,4.918016771966164e-11,1,4.918016771966164e-11,2961.709727048874,4.918016771966164e-11,100,4.918016771966164e-11,3009.845502138138,6.629356414531285e-13,20,7.050820296780677e-12,4904.469126939774,ok
biohydrogenation,odepe_v2_polish,1em2,biohydrogenation_4_1em2,x7,2,0.9961105970897204,1533,0.9961105970897204,7209.479161024094,1.0,296,9.752371200507053,4423.6331441402435,2.461252809779929,20,9.74237302326206,5137.6139969825745,2.4612528097795936,100,9.742374309984893,7036.01860499382,1.5590164085852394,20,1.5590500940585994,5669.644536972046,ok
biohydrogenation,odepe_v2_polish,1em4,biohydrogenation_4_1em4,x7,2,0.0715596386695446,1367,0.0715596386695446,15643.914445877075,0.07156187267751778,93,0.6040589285110988,4045.610813856125,0.07156187267751778,20,0.6040589285110988,4587.229258060455,0.07155400952262582,100,0.6040415964774878,6034.623682975769,0.07155406716923733,20,0.07156185818627189,3681.2013750076294,ok
biohydrogenation,odepe_v2_polish,1em6,biohydrogenation_4_1em6,x7,2,0.000626729438007053,2370,0.000626729438007053,4010.7844190597534,0.0006272816896805069,3,0.0006272816896805069,2877.6044371128082,0.0006272821440533835,10,0.0006272821440533835,3176.85449385643,0.0006266200924829229,100,0.0006272813858046899,5205.515899896622,0.0006270951717084298,20,0.0006272836660997161,5356.836156129837,ok
biohydrogenation,odepe_v2_polish,1em8,biohydrogenation_4_1em8,x7,2,6.6259444979231095e-06,2125,6.6259444979231095e-06,23433.643395900726,6.69892388683228e-06,1,6.69892388683228e-06,3175.645719051361,6.69892388683228e-06,1,6.69892388683228e-06,3240.8722400665283,6.6198066722429004e-06,100,6.698605269278659e-06,3208.0354681015015,,,,,incomplete
biohydrogenation,odepe_v2_polish,0,biohydrogenation_5_0,x7,2,6.979371329240327e-11,1748,6.979371329240327e-11,33483.711246967316,1.1370035631962177e-09,1,1.1370035631962177e-09,5019.737134218216,1.849326182386502e-09,1,1.849326182386502e-09,3154.4198880195618,1.849326182386502e-09,100,1.849326182386502e-09,3131.354994058609,6.682321362916355e-10,20,6.682321362916355e-10,4985.465087890625,ok
biohydrogenation,odepe_v2_polish,1em2,biohydrogenation_5_1em2,x7,2,0.8650221321902726,1146,0.8650221321902726,9195.847090005875,2.9223837919324294,235,13.325752651955703,3769.183182001114,10.099489482780278,20,13.325752651955703,5152.909842967987,5.7868574545877385,100,13.325752651955703,6684.505378007889,4.907929866678196,20,4.907930367533305,3664.9740178585052,ok
biohydrogenation,odepe_v2_polish,1em4,biohydrogenation_5_1em4,x7,2,0.9201346274113151,1260,0.9999861095177579,21280.58179998398,1.0,287,4.456282698793403,4065.7267079353333,1.4903339388751295,20,4.456282698793403,10877.55217385292,1.4903339388751295,100,4.456282698793403,9536.167225122452,4.896420262133921,20,4.8964202622607855,6096.319384098053,ok
biohydrogenation,odepe_v2_polish,1em6,biohydrogenation_5_1em6,x7,2,0.0062292215082093705,1514,0.0062292215082093705,23313.80309510231,0.006231515350169016,11,0.006231515350169016,3271.015977859497,0.006231515350169016,12,0.006231515350169016,3138.468420982361,0.006226097731486067,100,0.006231471687415864,5769.794658899307,0.006231311998289498,20,0.006231410167902982,5093.245584964752,ok
biohydrogenation,odepe_v2_polish,1em8,biohydrogenation_5_1em8,x7,2,6.71701480247546e-05,1452,6.71701480247546e-05,19200.468727827072,6.730100921278414e-05,1,6.730100921278414e-05,4757.4369440078735,6.730100921278414e-05,1,6.730100921278414e-05,6081.50239109993,6.702895432384057e-05,100,6.73009038535334e-05,4731.888493776321,6.729603102694672e-05,20,6.730101907861778e-05,4146.157004117966,ok
biohydrogenation,odepe_v2_polish,0,biohydrogenation_6_0,x7,2,2.47980256269609e-10,1866,2.47980256269609e-10,16302.851437091827,0.00012087228793145734,1,0.00012087228793145734,6676.29748415947,8.893984435104377e-09,1,8.893984435104377e-09,3025.709818840027,2.6157044473889287e-10,100,8.893984435104377e-09,3020.394455909729,1.9179797793444705e-08,20,1.9179797793444705e-08,6774.274598121643,ok
biohydrogenation,odepe_v2_polish,1em2,biohydrogenation_6_1em2,x7,2,0.9778835361620695,1416,0.9947642218297719,4478.536572933197,1.2067803252412272,389,4.6139484705599685,4484.427781820297,4.61109262434188,20,5.909442672596382,5052.747575998306,3.4484417444188997,100,5.907801293017511,3429.979987859726,5.986950665503297,20,14.070242520757475,3558.3598580360413,ok
biohydrogenation,odepe_v2_polish,1em4,biohydrogenation_6_1em4,x7,2,0.8562953565416497,1231,0.8562953565416497,6875.574841976166,0.9672649688544297,357,3.2584334232290524,4797.64985704422,2.4629382327298077,20,3.258433423310537,7373.945205926895,0.9672649688544297,100,3.2584334232290524,9099.96557188034,2.1196849224234704,20,2.1196849224234704,5768.900608062744,ok
biohydrogenation,odepe_v2_polish,1em6,biohydrogenation_6_1em6,x7,2,0.7304054812083342,1997,0.7304054812083342,10150.453136920929,0.08423221351298958,142,10.635276531297711,5910.025421857834,0.9413295064525108,20,7.335703416846857,9983.006211042404,0.9413295064525108,100,11.224938875305627,9411.71712589264,5.126960428003044,20,5.126981683110187,11016.450870990753,ok
biohydrogenation,odepe_v2_polish,1em8,biohydrogenation_6_1em8,x7,2,0.009217438433550504,1331,0.009260489172905458,6214.2168118953705,0.009306841328326907,1,0.009306841328326907,2712.1221039295197,0.009306841328326907,1,0.009306841328326907,2988.8781700134277,0.009242243214338686,100,0.009292950230421705,2810.956591129303,0.009289112266826851,20,0.009292773043742087,6046.562109947205,ok
biohydrogenation,odepe_v2_polish,0,biohydrogenation_7_0,x7,2,2.2304407577445055e-12,2082,2.2304407577445055e-12,29746.26447582245,1.719482272165484e-07,1,1.719482272165484e-07,3335.8722908496857,5.733260582965378e-07,1,5.733260582965378e-07,2472.2645659446716,5.733260582965378e-07,100,5.733260582965378e-07,2366.563759803772,1.2780594736083187e-07,20,3.7091388408912273e-07,3526.16401386261,ok
biohydrogenation,odepe_v2_polish,1em2,biohydrogenation_7_1em2,x7,2,0.9875561975161266,1233,0.9875561975161266,9120.613963842392,1.0,352,3.0391485151020654,4067.64204287529,3.0391485151024398,20,3.0391485151024398,13483.436161994934,1.0,100,3.0391485151024398,8937.3744058609,3.6469223927458994,20,3.647379811700443,5004.821887016296,ok
biohydrogenation,odepe_v2_polish,1em4,biohydrogenation_7_1em4,x7,2,0.6130202241645332,1256,0.6130202241645332,21269.421383857727,0.6130239684319279,227,4.558750760534274,3652.851907014847,1.0767830015583006,20,4.55875076046762,9871.120167970657,0.6130235265114982,100,4.55875076046762,10104.957831144333,0.6130197214367495,20,0.6130224308982538,3799.427978992462,ok
biohydrogenation,odepe_v2_polish,1em6,biohydrogenation_7_1em6,x7,2,0.022065146920298324,1715,0.022065146920298324,18589.724217891693,0.02206660076155036,7,0.02206660076155036,3022.2604410648346,0.022066356197746034,14,0.022066356197746034,4894.905728816986,0.02206366611504794,100,0.022066356197746034,5040.763995885849,0.02206614914386983,20,0.02206614914386983,3499.275631904602,ok
biohydrogenation,odepe_v2_polish,1em8,biohydrogenation_7_1em8,x7,2,0.00016433933555558289,2323,0.00016433933555558289,40497.833146095276,0.00016493739376680956,1,0.00016493739376680956,3818.842395067215,0.0001649086120108367,1,0.0001649086120108367,2766.591548204422,0.00016464592357981296,100,0.00016490858243014625,4290.620893001556,0.00016488708933938413,20,0.00016488708933938413,3545.3829939365387,ok
biohydrogenation,odepe_v2_polish,0,biohydrogenation_8_0,x7,2,,,,,,,,,5.053102504099771e-08,1,5.053102504099771e-08,1842.3303830623627,5.053102504099771e-08,100,5.053102504099771e-08,1851.482959985733,1.2630110553634045e-10,20,1.2630110553634045e-10,2675.944077014923,ok
biohydrogenation,odepe_v2_polish,1em2,biohydrogenation_8_1em2,x7,2,0.8095319786502013,1547,0.8095319786502013,12543.711522817612,0.8095319786502068,442,5.769103944778733,3526.9886322021484,4.363744649386579,20,5.769112439710522,10684.391664981842,1.8317114216306192,100,5.769103944778733,6916.244776010513,8.264893113021733,20,8.264893132572041,6718.744583129883,ok
biohydrogenation,odepe_v2_polish,1em4,biohydrogenation_8_1em4,x7,2,0.8527026214262665,1242,0.8527026214262665,14796.483697891235,0.06421115271161909,287,1.6250239851943233,3122.5355031490326,1.566662485585573,20,1.6262025397001838,9254.9842710495,1.566662485585573,100,1.6262025397001838,9431.298126935959,1.624485086288461,20,8.26409181358366,4693.953804016113,ok
biohydrogenation,odepe_v2_polish,1em6,biohydrogenation_8_1em6,x7,2,0.001713459420530601,1105,0.001713459420530601,14258.131437063217,0.0017143684324571248,3,0.0017143684324571248,2721.2563450336456,0.0017144127650571515,1,0.0017144127650571515,4128.469390153885,0.0017143032303441614,100,0.001714306746880166,4410.336766958237,0.0017143211176266976,20,0.0017176763089049266,3354.073967933655,ok
biohydrogenation,odepe_v2_polish,1em8,biohydrogenation_8_1em8,x7,2,8.207551755979231e-05,1060,8.207551755979231e-05,21306.659958839417,8.23674044777963e-05,1,8.23674044777963e-05,1900.0393559932709,8.260178550439809e-05,1,8.260178550439809e-05,2203.9600949287415,8.246740373374546e-05,100,8.246740373374546e-05,3106.231547832489,8.250460545932313e-05,20,8.262194486923072e-05,2049.6575050354004,ok
biohydrogenation,odepe_v2_polish,0,biohydrogenation_9_0,x7,2,1.732962890238038e-11,1965,1.732962890238038e-11,20412.879267930984,1.0980357737153858e-07,1,1.0980357737153858e-07,6281.787567138672,,,,,,,,,5.038090979349721e-07,20,5.038090979349721e-07,6623.456022024155,ok
biohydrogenation,odepe_v2_polish,1em2,biohydrogenation_9_1em2,x7,2,0.9929025273877283,1636,0.9929025273877283,16747.388607025146,1.0,329,5.9103375591087275,6174.547383069992,4.069991119462556,20,5.910276087479253,8874.297070980072,1.9895951868633228,100,5.9103375591087275,13188.785972118378,6.121361837143092,20,6.121362007836594,6663.679958820343,ok
biohydrogenation,odepe_v2_polish,1em4,biohydrogenation_9_1em4,x7,2,0.5938342773850284,1131,0.5938342773850284,6300.3439610004425,0.5938526713052955,75,0.5938526713052955,6085.534103870392,0.5938526713052955,20,0.5938526713052955,6846.217128038406,,,,,0.5938437459413712,20,0.5938530538582947,5935.911098003387,ok
biohydrogenation,odepe_v2_polish,1em6,biohydrogenation_9_1em6,x7,2,0.0025645118520916266,1734,0.0025645118520916266,10408.279582977295,0.002566596052777916,3,0.002566596052777916,4971.78612613678,0.0025664421504969135,2,0.0025664421504969135,7203.95094704628,0.0025646989529173494,100,0.002566587018921816,4904.798518896103,0.002566226723577032,20,0.002566596178509182,5399.307498216629,ok
biohydrogenation,odepe_v2_polish,1em8,biohydrogenation_9_1em8,x7,2,6.264990843908863e-05,1971,6.264990843908863e-05,13566.838402032852,6.281873507425747e-05,1,6.281873507425747e-05,8519.280081987381,6.286187825489243e-05,1,6.286187825489243e-05,4273.2741022109985,6.258828100713773e-05,100,6.286197891168119e-05,7313.59937787056,6.286218257836446e-05,20,6.286218257836446e-05,4694.434891939163,ok
boost_converter,odepe_v2_polish,0,boost_converter_0_0,,1,6.060224564998117e-09,167,6.060224564998117e-09,739.4702999591827,2.2274456691972855e-09,1,2.2274456691972855e-09,636.0294761657715,1.750806518030556e-08,1,1.750806518030556e-08,596.6718490123749,1.750806518030556e-08,100,1.750806518030556e-08,591.2839851379395,2.17007238987936e-09,20,0.00018197518807876948,680.542093038559,ok
boost_converter,odepe_v2_polish,1em2,boost_converter_0_1em2,,1,0.004128285185220887,233,0.004128285185220887,894.7279279232025,0.13643999580443322,38,0.3246654033769724,631.3510208129883,0.13643999580443322,20,0.3246654033769724,714.1141939163208,0.003807643140644249,100,0.45193052064067474,748.6651508808136,0.00432632880098881,20,0.0077017324942128965,682.1183848381042,ok
boost_converter,odepe_v2_polish,1em4,boost_converter_0_1em4,,1,0.0001571090133101194,228,0.0001571090133101194,807.4856088161469,0.0035298184411078266,9,0.0035298184411078266,691.8053801059723,0.0035298184411078266,20,0.0035298184411078266,706.1494529247284,0.0001571090133101194,100,0.0035298184411078266,692.081690788269,0.00018197518807876948,20,0.00018197518807876948,699.7631299495697,ok
boost_converter,odepe_v2_polish,1em6,boost_converter_0_1em6,,1,4.4682850922797044e-05,185,4.4682850922797044e-05,694.2677240371704,2.1967366820929302e-05,1,2.1967366820929302e-05,633.2418758869171,2.291361199640065e-05,12,2.291361199640065e-05,616.2447838783264,2.291361199640065e-05,100,2.291361199640065e-05,625.2782819271088,4.2504674748826994e-05,20,0.0004126097274798487,675.8787851333618,ok
boost_converter,odepe_v2_polish,1em8,boost_converter_0_1em8,,1,1.9654085240217892e-07,174,1.9654085240217892e-07,672.953192949295,1.102099279163632e-06,1,1.102099279163632e-06,609.3172929286957,2.7017123723401443e-07,1,2.7017123723401443e-07,719.0396320819855,1.102099279163632e-06,100,1.102099279163632e-06,618.1074068546295,1.5283063353949338e-07,20,0.00012546115451395466,665.1395778656006,ok
boost_converter,odepe_v2_polish,0,boost_converter_1_0,,1,3.0817020902386584e-07,181,3.0817020902386584e-07,681.4381048679352,4.64691324603917e-06,1,4.64691324603917e-06,610.4993829727173,3.2683539514091553e-06,1,3.2683539514091553e-06,559.5947358608246,3.2683539514091553e-06,100,3.2683539514091553e-06,559.9936990737915,1.287979210000099e-06,20,9.89702012803064e-05,619.4012739658356,ok
boost_converter,odepe_v2_polish,1em2,boost_converter_1_1em2,,1,0.03725672919969057,295,0.03725672919969057,854.320081949234,0.05512102777490197,60,0.05512102777490197,667.7063541412354,0.05512102777490197,20,0.05512102777490197,686.5489659309387,0.05107809610412898,100,0.05512102777490197,831.9265730381012,0.046553902004076136,20,0.051630950780306516,715.6280028820038,ok
boost_converter,odepe_v2_polish,1em4,boost_converter_1_1em4,,1,0.00014515412159451713,270,0.00014515412159451713,695.7370800971985,0.002472975323972962,7,0.002472975323972962,638.1964800357819,0.0011216084698990488,20,0.002472975323972962,684.695121049881,0.00015096618357492966,100,0.002472975323972962,715.5633239746094,0.0004726390742776895,20,0.0009341769748264394,683.6368699073792,ok
boost_converter,odepe_v2_polish,1em6,boost_converter_1_1em6,,1,4.1181419271856e-05,228,4.1181419271856e-05,728.4455831050873,0.00019870377550013462,1,0.00019870377550013462,626.2207250595093,0.00019870377550013462,15,0.00019870377550013462,634.96919298172,4.11814192976003e-05,100,0.00019870377550013462,614.8802871704102,0.00019940702424225162,20,0.0007959633057820553,652.0371959209442,ok
boost_converter,odepe_v2_polish,1em8,boost_converter_1_1em8,,1,1.7569967995273466e-06,184,1.7569967995273466e-06,677.5637068748474,1.6316627223684852e-07,1,1.6316627223684852e-07,684.4710431098938,1.756996832109979e-06,1,1.756996832109979e-06,593.6766560077667,1.756996832109979e-06,100,1.756996832109979e-06,562.0873520374298,1.5260790013593491e-06,20,0.00011624690991087954,688.7684149742126,ok
boost_converter,odepe_v2_polish,0,boost_converter_2_0,,1,5.061132655913998e-12,269,5.061132655913998e-12,591.6198880672455,1.2591564898521575e-11,1,1.2591564898521575e-11,556.8690569400787,3.352484274726324e-10,1,3.352484274726324e-10,473.8125069141388,3.352484274726324e-10,100,3.352484274726324e-10,469.4874620437622,1.3684521153050242e-11,20,0.00012640096660202215,550.5544219017029,ok
boost_converter,odepe_v2_polish,1em2,boost_converter_2_1em2,,1,0.03232577585425906,319,0.03232577585425906,777.538761138916,0.19517435552099255,57,0.3454096568383633,683.1760258674622,0.19517436276955838,20,0.3454081641130438,687.8437120914459,0.03965332530855647,100,0.3454081641130438,659.5566530227661,0.0383834942951697,20,0.040132114051308856,695.0857992172241,ok
boost_converter,odepe_v2_polish,1em4,boost_converter_2_1em4,,1,0.00022759495011294824,303,0.00022759495011294824,746.18971991539,0.001912462206844349,15,0.001912462206844349,575.5718040466309,0.0015238711542736975,20,0.001912462206844349,605.712415933609,0.0003926484028606959,100,0.001912462206844349,610.1034009456635,0.00036142305007249675,20,0.00036142305007249675,580.2497889995575,ok
boost_converter,odepe_v2_polish,1em6,boost_converter_2_1em6,,1,5.875507623102982e-06,321,5.875507623102982e-06,1064.488958120346,0.00024353425510063973,1,0.00024353425510063973,674.6247730255127,0.00011890947294161864,20,0.00011890947294161864,569.9504199028015,7.180794009628918e-05,100,0.00011890947294161864,557.5452899932861,7.137156668866697e-05,20,0.000271139546667102,568.1146960258484,ok
boost_converter,odepe_v2_polish,1em8,boost_converter_2_1em8,,1,3.5300639548063184e-06,292,3.5300639548063184e-06,658.6126420497894,3.530063955260707e-06,1,3.530063955260707e-06,485.82579493522644,3.5300682154575713e-06,1,3.5300682154575713e-06,595.8232960700989,3.530063955260707e-06,100,3.530063955260707e-06,504.33008193969727,3.530100901453364e-06,20,0.00015099460341365105,501.8788368701935,ok
boost_converter,odepe_v2_polish,0,boost_converter_3_0,,1,8.222811408708289e-10,124,8.222811408708289e-10,695.2681980133057,3.5397780850175466e-09,1,3.5397780850175466e-09,659.378714799881,1.4614581951735745e-08,1,1.4614581951735745e-08,604.4010281562805,1.4614581951735745e-08,84,1.4614581951735745e-08,600.5268061161041,1.575167853168771e-08,20,0.00011346883295122396,624.8183398246765,ok
boost_converter,odepe_v2_polish,1em2,boost_converter_3_1em2,,1,0.009642553397490131,262,0.009642553397490131,814.9592370986938,0.02283990471251962,50,0.02283990471251962,655.3987879753113,0.02283990471251962,20,0.02283990471251962,694.8401160240173,0.01663193498662836,100,0.02283990471251962,679.1487469673157,0.012787910058732999,20,0.017357392469790008,674.2349519729614,ok
boost_converter,odepe_v2_polish,1em4,boost_converter_3_1em4,,1,0.00011404191635301953,205,0.00011404191635301953,732.3184499740601,0.0076381271286277376,7,0.0076381271286277376,773.2854149341583,0.0016080907546646673,20,0.0076381271286277376,757.9541168212891,0.00026682326230684575,100,0.007637989227105875,704.5739889144897,0.00020165110110562556,20,0.00020165110110562556,695.3120999336243,ok
boost_converter,odepe_v2_polish,1em6,boost_converter_3_1em6,,1,1.6381950953639745e-05,174,1.6381950953639745e-05,695.235689163208,2.6707184218161417e-05,1,2.6707184218161417e-05,632.5027921199799,2.6707184218161417e-05,5,2.6707184218161417e-05,639.1003539562225,1.6381950953639745e-05,100,2.6707184218161417e-05,633.8638548851013,1.599766820172121e-05,20,0.0002349514968799609,652.3699870109558,ok
boost_converter,odepe_v2_polish,1em8,boost_converter_3_1em8,,1,5.104136579847458e-07,137,5.104136579847458e-07,738.0892059803009,4.448165027194149e-06,1,4.448165027194149e-06,578.044909954071,5.104136511228284e-07,1,5.104136511228284e-07,681.2094218730927,4.448165027194149e-06,95,4.448165027194149e-06,562.3738081455231,6.843144610574345e-08,20,0.00010610455251565446,663.9380269050598,ok
boost_converter,odepe_v2_polish,0,boost_converter_4_0,,1,1.3184183499025422e-08,171,1.3184183499025422e-08,696.4362149238586,3.5772664603928313e-09,1,3.5772664603928313e-09,652.0855898857117,2.714564571581481e-08,1,2.714564571581481e-08,602.9794690608978,2.714564571581481e-08,100,2.714564571581481e-08,582.6366488933563,1.3148765969423627e-08,20,6.894895284644587e-05,665.3503408432007,ok
boost_converter,odepe_v2_polish,1em2,boost_converter_4_1em2,,1,0.008322502186980349,227,0.008322502186980349,750.7465651035309,0.043796214746476866,45,0.10805518627350187,620.0528118610382,0.043796214746476866,20,0.10805518627350187,687.0261800289154,0.008322502186980349,100,0.10805518627350187,607.4322700500488,0.008373252039738108,20,0.03086115725485227,642.2965989112854,ok
boost_converter,odepe_v2_polish,1em4,boost_converter_4_1em4,,1,0.0002675099415822952,224,0.0002675099415822952,763.7482378482819,0.0009089919157045441,6,0.0009089919157045441,738.1009769439697,0.0009088000443906836,20,0.0009088000443906836,690.6250479221344,0.00028409991037802937,100,0.0009089919157045441,763.9013230800629,0.00026641881065323213,20,0.0003510896150055426,719.6780910491943,ok
boost_converter,odepe_v2_polish,1em6,boost_converter_4_1em6,,1,2.589615232661401e-05,178,2.589615232661401e-05,838.5629620552063,2.7598285186699128e-05,1,2.7598285186699128e-05,602.1763589382172,2.7598285186699128e-05,7,2.7598285186699128e-05,628.3430149555206,2.6264973422830553e-05,100,2.7598285186699128e-05,640.8440289497375,1.4229554566963053e-05,20,0.00013485927539498224,679.5741970539093,ok
boost_converter,odepe_v2_polish,1em8,boost_converter_4_1em8,,1,1.4863809912766443e-07,147,1.4863809912766443e-07,892.0199880599976,2.6027622230770437e-06,1,2.6027622230770437e-06,639.9923799037933,1.4863809912766443e-07,1,1.4863809912766443e-07,680.9517529010773,2.6027622230770437e-06,100,2.6027622230770437e-06,604.1071960926056,5.209038641870497e-07,20,9.567673141900693e-05,820.7214391231537,ok
boost_converter,odepe_v2_polish,0,boost_converter_5_0,,1,1.85807248375237e-08,152,1.85807248375237e-08,740.8463611602783,1.2486809202789054e-07,1,1.2486809202789054e-07,634.9016518592834,8.776680765992301e-07,1,8.776680765992301e-07,583.603401184082,8.776680765992301e-07,100,8.776680765992301e-07,607.178150177002,1.0725276081399473e-06,20,0.00042000463453384563,693.2786409854889,ok
boost_converter,odepe_v2_polish,1em2,boost_converter_5_1em2,,1,0.030032400357521135,229,0.030032400357521135,853.8083221912384,0.07125410619435074,38,1.8265187997263335,649.6536371707916,0.0765678593032721,20,1.8617231258468665,776.9580988883972,0.03475228002515885,100,1.8265187997263335,673.7164289951324,0.03358847407971393,20,0.06793767755681826,724.9074909687042,ok
boost_converter,odepe_v2_polish,1em4,boost_converter_5_1em4,,1,0.0004846605203918965,211,0.0004846605203918965,863.2810280323029,0.034798414612777974,12,0.034798414612777974,658.6197860240936,0.009982661656237169,20,0.034798262282815996,639.3459050655365,0.0016701438210226464,100,0.034798262282815996,658.883467912674,0.0016701438210226464,20,0.003823020241477353,675.0105919837952,ok
boost_converter,odepe_v2_polish,1em6,boost_converter_5_1em6,,1,3.239231876526396e-05,194,3.239231876526396e-05,722.8919851779938,0.0003476954064242996,1,0.0003476954064242996,593.9635779857635,7.88765912130739e-05,11,7.88765912130739e-05,574.388102054596,4.034619388135161e-05,100,0.0003476954064242996,606.9503540992737,0.0002056413642530104,20,0.001548073508522808,644.255973815918,ok
boost_converter,odepe_v2_polish,1em8,boost_converter_5_1em8,,1,1.0386527921573734e-05,183,1.0386527921573734e-05,655.3677730560303,3.9570800985024654e-05,1,3.9570800985024654e-05,636.5853950977325,1.0386527693473369e-05,1,1.0386527693473369e-05,558.560320854187,3.9570800985024654e-05,100,3.9570800985024654e-05,606.0351960659027,8.752099029346088e-06,20,0.00022655422404666288,609.0335531234741,ok
boost_converter,odepe_v2_polish,0,boost_converter_6_0,,1,0.0007106896602745741,194,0.0007106896602745741,717.5792269706726,0.0007106896602745741,35,0.0013353752367424713,681.5437350273132,0.0007106896602745741,20,0.0013353752367424713,650.4450998306274,0.0007106896602745741,100,0.0013353752367424713,682.8331868648529,0.0014505097360321497,20,0.0014505097360321497,714.4339838027954,ok
boost_converter,odepe_v2_polish,1em2,boost_converter_6_1em2,,1,0.006606130888967755,138,0.006606130888967755,778.9327969551086,6.790800255003998,20,7.888086966026653,643.8006780147552,6.790800255003998,20,7.888086966026653,710.3114049434662,0.006606130888967755,88,7.888086966026653,700.9252278804779,0.006606130888967755,20,0.05292626583214967,680.9403259754181,ok
boost_converter,odepe_v2_polish,1em4,boost_converter_6_1em4,,1,0.0008147268584279832,195,0.0008147268584279832,712.830069065094,0.001843539151278362,46,0.001843539151278362,668.6852629184723,0.001843539151278362,20,0.001843539151278362,724.6162478923798,0.0008147268584279832,100,0.001843539151278362,694.5534760951996,0.0008840849905302558,20,0.0008840849905302558,803.9094319343567,ok
boost_converter,odepe_v2_polish,1em6,boost_converter_6_1em6,,1,0.0007453687263257105,194,0.0007453687263257105,721.8373670578003,0.0013006961706913348,35,0.0013006961706913348,718.4048030376434,0.0013006961706913348,20,0.0013006961706913348,770.7200510501862,0.0013006961706913348,100,0.0013006961706913348,801.5953540802002,0.001589688387784138,20,0.0021672104344223012,804.9095160961151,ok
boost_converter,odepe_v2_polish,1em8,boost_converter_6_1em8,,1,0.0005719733960700286,195,0.0005719733960700286,737.5768830776215,0.0016007856889204075,32,0.0016007856889204075,667.0431890487671,0.0016007856889204075,20,0.0016007856889204075,695.2171130180359,0.0016007856889204075,100,0.0016007856889204075,683.5305230617523,0.0010695023970170925,20,0.0010695023970170925,678.2795920372009,ok
boost_converter,odepe_v2_polish,0,boost_converter_7_0,,1,1.834170296442943e-13,177,1.834170296442943e-13,661.6397929191589,1.8226587673857697e-13,1,1.8226587673857697e-13,624.1281850337982,7.316151032495093e-13,1,7.316151032495093e-13,535.7203831672668,7.316151032495093e-13,100,7.316151032495093e-13,519.3145670890808,3.425353215952424e-12,20,9.651270192577904e-05,653.2123870849609,ok
boost_converter,odepe_v2_polish,1em2,boost_converter_7_1em2,,1,0.006463644264194658,239,0.006463644264194658,790.9002909660339,0.1067677410504218,43,0.1839870689814678,680.1392669677734,0.1067677410504218,20,0.1839870689814678,672.2992889881134,0.006591832237199437,100,0.1839870689814678,643.7840001583099,0.006476905088988256,20,0.007749882828830517,705.7322461605072,ok
boost_converter,odepe_v2_polish,1em4,boost_converter_7_1em4,,1,7.467665430586841e-05,222,7.467665430586841e-05,901.9914619922638,0.0003943754805367695,6,0.0003943754805367695,658.7240459918976,0.0003943754805367695,20,0.0003943754805367695,721.3515849113464,7.467665430586841e-05,100,0.0003943754805367695,677.7440929412842,0.0007016213992794156,20,0.0007016213992794156,679.1724181175232,ok
boost_converter,odepe_v2_polish,1em6,boost_converter_7_1em6,,1,1.7912673461574404e-05,256,1.7912673461574404e-05,798.8929510116577,5.594624256463283e-05,1,5.594624256463283e-05,709.6378180980682,1.7912673461574404e-05,8,1.7912673461574404e-05,639.0656712055206,3.805957074823434e-05,100,5.594624256463283e-05,735.7279860973358,5.036645588777021e-05,20,0.00011862477948587993,665.2691450119019,ok
boost_converter,odepe_v2_polish,1em8,boost_converter_7_1em8,,1,3.903751895191881e-06,227,3.903751895191881e-06,737.3021309375763,3.9037518821985415e-06,1,3.9037518821985415e-06,541.8498029708862,3.9037518821985415e-06,1,3.9037518821985415e-06,556.3062739372253,3.9037518821985415e-06,100,3.9037518821985415e-06,524.2680552005768,2.1934546692138363e-07,20,7.167241698387446e-05,660.4970769882202,ok
boost_converter,odepe_v2_polish,0,boost_converter_8_0,,1,3.836061055420843e-07,158,3.836061055420843e-07,650.8684940338135,5.382927957269175e-07,1,5.382927957269175e-07,621.1351308822632,5.229568464622564e-07,1,5.229568464622564e-07,572.2651998996735,5.229568464622564e-07,93,5.229568464622564e-07,573.26726603508,1.6625051245990161e-06,20,0.00012879859744095886,632.44127202034,ok
boost_converter,odepe_v2_polish,1em2,boost_converter_8_1em2,,1,0.042826374684731806,246,0.042826374684731806,914.0304880142212,0.04448364652114347,42,1.0382008901987692,661.0913200378418,0.04448364652114347,20,1.0382008901987692,714.8254728317261,0.02830204743155603,100,0.02830204743155603,754.4358990192413,0.05054588017501232,20,0.07579196719672737,743.6326129436493,ok
boost_converter,odepe_v2_polish,1em4,boost_converter_8_1em4,,1,0.0001383114270385723,227,0.0001383114270385723,739.1863269805908,0.0039150434412156335,12,0.0039150434412156335,643.9631500244141,0.0028962343175915244,20,0.003914733923573583,585.2192809581757,0.0002038910632997187,100,0.0039150434412156335,676.9558968544006,0.00021890955647147067,20,0.0041988102469857425,677.9073250293732,ok
boost_converter,odepe_v2_polish,1em6,boost_converter_8_1em6,,1,4.262065600643312e-05,176,4.262065600643312e-05,803.3681030273438,0.00013596708534703147,1,0.00013596708534703147,600.8332350254059,7.652477415260155e-05,8,7.652477415260155e-05,626.4368500709534,4.262065604074513e-05,100,7.652477415260155e-05,628.6268270015717,0.00013508593624758931,20,0.0031302144208292183,597.5020668506622,ok
boost_converter,odepe_v2_polish,1em8,boost_converter_8_1em8,,1,1.3741008558907487e-05,165,1.3741008558907487e-05,732.4596829414368,1.0278336640025615e-05,1,1.0278336640025615e-05,589.8112919330597,1.0278336640025615e-05,2,1.0278336640025615e-05,623.1148381233215,5.225937328985423e-06,100,5.225937328985423e-06,600.1732540130615,1.6935216142818502e-06,20,0.0003540759950172384,634.4487779140472,ok
boost_converter,odepe_v2_polish,0,boost_converter_9_0,,1,0.00036034217247592735,126,0.00036034217247592735,745.8651750087738,0.0006087662337662568,23,0.42450694182203497,596.9654648303986,0.0006087662337662568,20,0.42450694181663123,567.110965013504,0.00036034217247592735,79,0.42450694181663123,546.3162131309509,0.00018427922175477354,20,0.00018427922175477354,629.5526249408722,ok
boost_converter,odepe_v2_polish,1em2,boost_converter_9_1em2,,1,0.05545123211749191,268,0.05545123211749191,935.1506531238556,1.5110176959205692,40,2.7959736094094403,641.8132078647614,1.5110176959205692,20,2.7959736094094403,667.3123037815094,0.06288246055702112,100,2.7958941816943326,816.0307891368866,0.06008831866375814,20,0.10469550591010554,779.2178318500519,ok
boost_converter,odepe_v2_polish,1em4,boost_converter_9_1em4,,1,0.000419029822716312,130,0.000419029822716312,772.6660380363464,0.000419029822716312,24,0.42153225070358785,583.0430130958557,0.000419029822716312,20,0.42153220038076816,731.4467680454254,0.000419029822716312,84,0.42153225070358785,653.0345890522003,0.0003610586191152828,20,0.0003610586191152828,676.2976729869843,ok
boost_converter,odepe_v2_polish,1em6,boost_converter_9_1em6,,1,0.00013850285456734184,124,0.00013850285456734184,733.6233170032501,0.00013850285456734184,22,0.00020252574573865944,619.3826451301575,0.00013850285456734184,20,0.00020252574573865944,623.0326151847839,0.00013850285456734184,80,0.00020252574573865944,626.7979328632355,0.0003145658052884957,20,0.0003145658052884957,631.1625068187714,ok
boost_converter,odepe_v2_polish,1em8,boost_converter_9_1em8,,1,0.00013850285456734184,123,0.00013850285456734184,898.6688101291656,0.00013850285456734184,22,0.00013850285456734184,569.9544157981873,0.00013850285456734184,20,0.00013850285456734184,586.5270059108734,0.00013850285456734184,78,0.00013850285456734184,563.0622630119324,0.00029191596018691437,20,0.00031270609273536653,622.5910329818726,ok
brusselator,odepe_v2_polish,0,brusselator_0_0,,1,1.4628527844107e-13,87,1.4628527844107e-13,438.0639958381653,2.7238468370713715e-13,1,2.7238468370713715e-13,415.1509280204773,2.622917471196357e-13,1,2.622917471196357e-13,376.3899779319763,2.622917471196357e-13,89,2.622917471196357e-13,373.9049961566925,1.4877736154909504e-13,20,1.4877736154909504e-13,438.0576388835907,ok
brusselator,odepe_v2_polish,1em2,brusselator_0_1em2,,1,0.01857734962598223,264,0.01857734962598223,726.598385810852,0.08231812080594857,47,0.28449862625889666,582.1292321681976,0.28449860035636915,20,0.28449860035636915,724.206118106842,0.08231812080594857,100,0.28449862625889666,623.14599609375,0.018577349349468975,20,0.018577349349468975,650.5528440475464,ok
brusselator,odepe_v2_polish,1em4,brusselator_0_1em4,,1,0.0003104900869164278,172,0.0003104900869164278,554.6171660423279,0.0014151239263943743,5,0.0014151239263943743,517.375205039978,0.0003104900879004268,20,0.0014151178502552764,492.1714680194855,0.0003104900879004268,100,0.0014151178502552764,503.20335388183594,0.0014151239494396438,20,0.0014151239494396438,569.2821729183197,ok
brusselator,odepe_v2_polish,1em6,brusselator_0_1em6,,1,1.6250553668149969e-06,126,1.6250553668149969e-06,520.8356730937958,1.6250592039924861e-06,1,1.6250592039924861e-06,486.88253593444824,1.6250589555492447e-06,1,1.6250589555492447e-06,556.7878589630127,1.6250589555492447e-06,100,1.6250589555492447e-06,547.3593690395355,1.625437910071328e-06,20,1.625437910071328e-06,518.4718809127808,ok
brusselator,odepe_v2_polish,1em8,brusselator_0_1em8,,1,7.835824951859157e-09,92,7.835824951859157e-09,409.3422689437866,7.835819400744034e-09,1,7.835819400744034e-09,391.9290769100189,7.835819400744034e-09,1,7.835819400744034e-09,401.6751182079315,7.83582248469688e-09,89,7.83582248469688e-09,491.8884057998657,7.835852830792886e-09,20,7.835852830792886e-09,474.72463607788086,ok
brusselator,odepe_v2_polish,0,brusselator_1_0,,1,1.7045519292043522e-12,91,1.7045519292043522e-12,651.0544350147247,1.7807392987079814e-12,1,1.7807392987079814e-12,393.69596815109253,1.7807392987079814e-12,1,1.7807392987079814e-12,401.85064697265625,3.4104174883203754e-12,100,3.4104174883203754e-12,359.6480119228363,1.790273719568087e-12,20,1.790273719568087e-12,421.68492794036865,ok
brusselator,odepe_v2_polish,1em2,brusselator_1_1em2,,1,0.02148764674427835,290,0.02148764674427835,1410.1384830474854,0.02148764674427216,35,0.4716266335117078,1126.026866197586,0.0214906554877462,20,0.4716285426817976,1794.8917269706726,0.0214906554877462,100,0.4716285426817976,1795.4090950489044,0.021489773163440046,20,0.2877609750808974,1836.5026640892029,ok
brusselator,odepe_v2_polish,1em4,brusselator_1_1em4,,1,0.0012946244593381086,245,0.0012946244593381086,879.8700711727142,0.0012930995707482107,3,0.0012930995707482107,469.1002109050751,0.0012930995707482107,15,0.0012930995707482107,512.3009219169617,0.0012946244593381086,100,0.0012946244593381086,521.3655261993408,0.001293067308042771,20,0.001293067308042771,530.0282499790192,ok
brusselator,odepe_v2_polish,1em6,brusselator_1_1em6,,1,1.0039542811116576e-05,146,1.0039542811116576e-05,868.5275449752808,2.2035742014152702e-05,1,2.2035742014152702e-05,403.99831104278564,1.0039542811116576e-05,2,1.0039542811116576e-05,456.721431016922,1.0039542811116576e-05,100,1.0039542811116576e-05,458.076623916626,1.1119876576004186e-05,20,1.1119876576004186e-05,492.9444100856781,ok
brusselator,odepe_v2_polish,1em8,brusselator_1_1em8,,1,2.786683866448139e-07,98,2.786683866448139e-07,721.9580249786377,2.78668886245175e-07,1,2.78668886245175e-07,395.79878401756287,2.786682973578636e-07,1,2.786682973578636e-07,420.7001099586487,2.786682973578636e-07,97,2.786682973578636e-07,473.8727629184723,2.7866891063880764e-07,20,2.7866891063880764e-07,436.7861211299896,ok
brusselator,odepe_v2_polish,0,brusselator_2_0,,1,5.645659662935711e-14,125,5.645659662935711e-14,1072.898449897766,1.0545768097655988e-11,1,1.0545768097655988e-11,430.63232016563416,1.0545768097655988e-11,1,1.0545768097655988e-11,435.526664018631,1.4845383640954924e-11,100,1.4845383640954924e-11,379.692321062088,6.257632962762546e-12,20,6.257632962762546e-12,435.8237130641937,ok
brusselator,odepe_v2_polish,1em2,brusselator_2_1em2,,1,0.06431438570791205,338,0.06431438570791205,1482.0896410942078,0.06431438570791205,32,0.06431438570791205,1029.7068319320679,0.0643142784499482,20,0.0643142784499482,1311.3854348659515,0.06431438570791205,100,0.06431438570791205,1501.8656628131866,0.06431174256660806,20,0.6959741708620282,1315.7378380298615,ok
brusselator,odepe_v2_polish,1em4,brusselator_2_1em4,,1,0.0037961757079403332,291,0.0037961757079403332,2028.0664060115814,0.047496789742733914,8,0.047496789742733914,497.63380217552185,0.047496789742733914,20,0.047496789742733914,564.1686441898346,0.04749666137215095,100,0.04749666137215095,593.6388440132141,0.041286196685019656,20,0.04749720934087888,561.5427289009094,ok
brusselator,odepe_v2_polish,1em6,brusselator_2_1em6,,1,1.0812194104268502e-05,157,1.0812194104268502e-05,1348.5849339962006,0.00025737144192106306,3,0.00025737144192106306,565.6452450752258,1.0812193352966893e-05,11,1.0812193352966893e-05,448.6267759799957,1.0812193352966893e-05,100,1.0812193352966893e-05,496.0668079853058,1.0806052958533488e-05,20,1.0806052958533488e-05,532.580372095108,ok
brusselator,odepe_v2_polish,1em8,brusselator_2_1em8,,1,1.4989605825838934e-07,143,1.4989605825838934e-07,1162.11323595047,1.4967351459335773e-07,1,1.4967351459335773e-07,414.34375,1.4966980601625186e-07,1,1.4966980601625186e-07,443.1945478916168,1.4967372272640894e-07,100,1.4967372272640894e-07,421.2416081428528,1.496711385540087e-07,20,1.496711385540087e-07,493.71336102485657,ok
brusselator,odepe_v2_polish,0,brusselator_3_0,,1,5.326708341552613e-13,95,5.326708341552613e-13,554.3660039901733,1.5182890405911051e-12,1,1.5182890405911051e-12,397.0753917694092,1.5182890405911051e-12,1,1.5182890405911051e-12,413.1412181854248,1.044384217350874e-12,100,1.044384217350874e-12,376.247496843338,2.5379619603709475e-12,20,2.5379619603709475e-12,387.31617283821106,ok
brusselator,odepe_v2_polish,1em2,brusselator_3_1em2,,1,0.08155986769225293,297,0.08155986769225293,1296.169293165207,0.08628463370584673,50,0.22604774848096335,939.5855000019073,0.22604774848096335,20,0.22604774848096335,1482.8579120635986,0.22604774848096335,100,0.22604774848096335,1401.0006349086761,0.08155991822930009,20,0.08155991822930009,1326.027986049652,ok
brusselator,odepe_v2_polish,1em4,brusselator_3_1em4,,1,0.00042677212992349,185,0.00042677212992349,773.151340007782,0.0054100765549835485,3,0.0054100765549835485,411.29774594306946,0.0054100765549835485,15,0.0054100765549835485,486.7079439163208,0.0004267716396036037,100,0.0054100765549835485,458.46879482269287,0.005409753054707886,20,0.005409753054707886,475.82423520088196,ok
brusselator,odepe_v2_polish,1em6,brusselator_3_1em6,,1,7.903072577931494e-06,118,7.903072577931494e-06,684.7646360397339,4.384720050608973e-05,1,4.384720050608973e-05,398.931832075119,4.384720050608973e-05,2,4.384720050608973e-05,429.79798007011414,7.903007519938049e-06,100,4.384720050608973e-05,426.46304297447205,4.380424617349244e-05,20,4.380424617349244e-05,451.7775628566742,ok
brusselator,odepe_v2_polish,1em8,brusselator_3_1em8,,1,1.0920973234267904e-07,102,1.0920973234267904e-07,608.7076780796051,1.0921312196545616e-07,1,1.0921312196545616e-07,352.8526518344879,1.0921312196545616e-07,1,1.0921312196545616e-07,358.69412302970886,1.0921004174204132e-07,98,1.0921004174204132e-07,393.371463060379,1.0920971642087597e-07,20,1.0920971642087597e-07,447.17465901374817,ok
brusselator,odepe_v2_polish,0,brusselator_4_0,,1,1.7025362090059757e-11,116,1.7025362090059757e-11,687.9010968208313,1.0232315301997967e-10,1,1.0232315301997967e-10,413.3575949668884,1.0232315301997967e-10,1,1.0232315301997967e-10,433.19538497924805,2.729707190794532e-12,100,2.729707190794532e-12,400.5934660434723,2.4909218334387924e-10,20,2.4909218334387924e-10,432.9554281234741,ok
brusselator,odepe_v2_polish,1em2,brusselator_4_1em2,,1,0.0454272929572729,316,0.0454272929572729,1580.2502059936523,0.17019586277892654,69,0.17019586277892654,1058.7381219863892,0.17019586277892654,20,0.17019586277892654,1988.5880541801453,0.17019586277892654,100,0.17019586277892654,1600.2198867797852,0.04542782036629727,20,0.04542782036629727,1556.8776948451996,ok
brusselator,odepe_v2_polish,1em4,brusselator_4_1em4,,1,0.001704998798109866,250,0.001704998798109866,1071.1465740203857,0.02349550616597213,14,0.02349550616597213,460.2420518398285,0.00413032575357342,20,0.02349548435137658,583.0447390079498,0.00413032575357342,100,0.02349548435137658,601.2480969429016,0.02349593604887059,20,8.922574259395507,557.7587530612946,ok
brusselator,odepe_v2_polish,1em6,brusselator_4_1em6,,1,1.4490978250275605e-05,158,1.4490978250275605e-05,785.2961330413818,1.4490978250275605e-05,1,1.4490978250275605e-05,419.7713007926941,1.469629132679133e-05,1,1.469629132679133e-05,472.3219609260559,1.4490978250275605e-05,100,1.4490978250275605e-05,461.2641749382019,2.352593857397889e-05,20,2.352593857397889e-05,520.8302547931671,ok
brusselator,odepe_v2_polish,1em8,brusselator_4_1em8,,1,9.031047942931744e-07,122,9.031047942931744e-07,747.1459310054779,9.03094393926296e-07,1,9.03094393926296e-07,386.8407781124115,9.025611608614718e-07,1,9.025611608614718e-07,398.25996708869934,9.03094393926296e-07,100,9.03094393926296e-07,379.59419894218445,9.030970472673175e-07,20,9.030970472673175e-07,440.4867830276489,ok
brusselator,odepe_v2_polish,0,brusselator_5_0,,1,0.5929859996349078,92,0.5929859996349078,362.4243791103363,13.992503748125939,32,186222774.0533049,335.9734699726105,4601.520322974111,20,186222774.0533049,343.75410079956055,13.992503748125939,79,186222774.0533049,344.23372197151184,20.321961620469107,20,20.321961620469107,353.78485202789307,ok
brusselator,odepe_v2_polish,1em2,brusselator_5_1em2,,1,0.9873417721521776,1,0.9873417721521776,537.4711399078369,1.712408166943985,1,1.712408166943985,1053.1316378116608,1.712408166943985,1,1.712408166943985,992.6132278442383,1.712408166943985,1,1.712408166943985,938.1719360351562,0.8135069116299972,1,0.8135069116299972,942.7374410629272,ok
brusselator,odepe_v2_polish,1em4,brusselator_5_1em4,,1,,,,524.4615499973297,20.32196153401012,1,20.32196153401012,415.10254287719727,20.32196153401012,1,20.32196153401012,416.2993721961975,20.32196153401012,1,20.32196153401012,474.05422806739807,20.321961534017884,1,20.321961534017884,467.33428287506104,ok
brusselator,odepe_v2_polish,1em6,brusselator_5_1em6,,1,,,,362.31777596473694,16.605557164091614,1,16.605557164091614,332.28420400619507,16.605557164091614,1,16.605557164091614,337.1892890930176,16.605557164091614,1,16.605557164091614,331.87073397636414,16.60555716409146,1,16.60555716409146,394.13061904907227,ok
brusselator,odepe_v2_polish,1em8,brusselator_5_1em8,,1,20.32196162046907,23,20.32196162046907,358.29836916923523,20.32196162046907,7,62635133.99466951,331.5066740512848,20.32196162046907,7,62635133.99466951,319.7880320549011,20.32196162046907,18,62635133.99466951,329.28824400901794,16.60563380281689,18,148415079.49040514,377.86085200309753,ok
brusselator,odepe_v2_polish,0,brusselator_6_0,,1,0.11528256390874601,200,0.11528256390874601,435.17676997184753,0.22221618039100838,1,0.22221618039100838,384.9249129295349,0.22221618039100838,1,0.22221618039100838,390.8129940032959,0.11528256390874601,100,0.22221618039100838,386.0799081325531,0.25547847629378645,20,0.25547847629378645,422.51758909225464,ok
brusselator,odepe_v2_polish,1em2,brusselator_6_1em2,,1,0.9877750611452841,1,0.9877750611452841,491.4563789367676,11.223619251304756,1,11.223619251304756,493.09151792526245,11.223619251304756,1,11.223619251304756,545.0975098609924,11.223619251304756,1,11.223619251304756,605.2827379703522,1.3216828898493134,1,1.3216828898493134,602.8134171962738,ok
brusselator,odepe_v2_polish,1em4,brusselator_6_1em4,,1,14.360983102918576,28,14.360983102918576,458.56616497039795,22833377.330953494,12,22833377.330953494,448.11944794654846,22712043.6728355,12,22712043.6728355,451.0452299118042,14.360983102918576,30,22833377.330953494,480.5893290042877,8309092.030191507,20,22801447.56322439,438.62837505340576,ok
brusselator,odepe_v2_polish,1em6,brusselator_6_1em6,,1,0.9999736842105262,155,0.9999736842105262,530.8176169395447,8007.889535234234,33,181930.88112600226,457.2585279941559,93734.66528407956,20,93734.66528407956,474.10229897499084,14.360983102918576,100,181930.88112600226,466.3153781890869,0.9999736842105262,20,0.9999736842105262,494.5408310890198,ok
brusselator,odepe_v2_polish,1em8,brusselator_6_1em8,,1,4.2138802738415935,197,4.2138802738415935,448.78567004203796,235.55334221701085,77,38875.02603310033,433.5645070075989,1615.7890157376232,20,38875.02603310033,414.8491859436035,54.17987902061314,100,38875.02603310033,393.34690499305725,4.245717253508701,20,4.245717253508701,437.74445605278015,ok
brusselator,odepe_v2_polish,0,brusselator_7_0,,1,9.681222822044169e-11,192,9.681222822044169e-11,3283.801427125931,5.369526875465187e-07,1,5.369526875465187e-07,379.5881700515747,6.68633378808021e-11,1,6.68633378808021e-11,405.7185950279236,6.68633378808021e-11,100,6.68633378808021e-11,406.80530881881714,2.1382866186538218e-09,20,2.1382866186538218e-09,437.9231081008911,ok
brusselator,odepe_v2_polish,1em2,brusselator_7_1em2,,1,0.8676679853027452,435,0.8676679853027452,1779.9952070713043,1.0,90,1.0,1192.2605998516083,1.0,20,1.0,1678.447373867035,1.0,100,1.0,1442.897157907486,0.8676444349703034,20,3.0172221940584927,1511.0035290718079,ok
brusselator,odepe_v2_polish,1em4,brusselator_7_1em4,,1,0.12429847657284646,377,0.12429847657284646,14847.66971707344,0.13300274961020056,74,0.658619451455172,1759.9802930355072,0.6570767442054911,20,0.6570767442054911,17232.12404203415,0.6570767442054911,100,0.6570767442054911,15912.213546991348,0.5227077520484188,20,0.5227077520484188,15797.224054813385,ok
brusselator,odepe_v2_polish,1em6,brusselator_7_1em6,,1,0.003608574852798632,273,0.003608574852798632,3849.960300922394,0.003614897831034921,5,0.003614897831034921,986.3533442020416,0.003607634161887408,20,0.003607634161887408,1020.3055808544159,0.0036108695492638914,100,0.0036108695492638914,1312.5036849975586,0.003608596573595049,20,0.003608596573595049,1508.058825969696,ok
brusselator,odepe_v2_polish,1em8,brusselator_7_1em8,,1,5.5408360190413e-05,207,5.5408360190413e-05,4421.157516002655,5.535650499610314e-05,1,5.535650499610314e-05,1055.703735113144,5.53576441684535e-05,1,5.53576441684535e-05,547.4855260848999,5.53576441684535e-05,100,5.53576441684535e-05,531.2645261287689,5.535679729387137e-05,20,5.535679729387137e-05,570.0402700901031,ok
brusselator,odepe_v2_polish,0,brusselator_8_0,,1,4.0851434978001215,45,4.0851434978001215,382.35197496414185,18.379844961240313,16,4739910026.9329605,416.0845880508423,18.379844961240313,16,4739910026.9329605,410.7475121021271,18.379844961240313,41,4739910026.9329605,413.512815952301,54.86592178770951,20,54.86592178770951,389.13098788261414,ok
brusselator,odepe_v2_polish,1em2,brusselator_8_1em2,,1,0.9886234357226624,1,0.9886234357226624,596.7402169704437,3.040212121187622,1,3.040212121187622,632.3195321559906,3.040212121187622,1,3.040212121187622,644.5296139717102,3.040212121187622,1,3.040212121187622,639.2101008892059,1.1325570574168309,1,1.1325570574168309,1052.2380139827728,ok
brusselator,odepe_v2_polish,1em4,brusselator_8_1em4,,1,,,,589.6694638729095,54.86587352962687,1,54.86587352962687,455.80946111679077,54.86587352962687,1,54.86587352962687,505.9384961128235,54.86587352962687,1,54.86587352962687,528.0686731338501,54.86587352956155,1,54.86587352956155,436.02980494499207,ok
brusselator,odepe_v2_polish,1em6,brusselator_8_1em6,,1,,,,631.8351979255676,80.96685968321813,1,80.96685968321813,434.8948829174042,80.96685968321813,1,80.96685968321813,423.72508692741394,80.96685968321813,1,80.96685968321813,404.0625870227814,80.96685968321803,1,80.96685968321803,394.7281620502472,ok
brusselator,odepe_v2_polish,1em8,brusselator_8_1em8,,1,,,,409.2857530117035,80.96685965231785,1,80.96685965231785,339.91174507141113,80.96685965231785,1,80.96685965231785,346.26793098449707,80.96685965231785,1,80.96685965231785,396.44704008102417,80.96685965231751,1,80.96685965231751,360.7847099304199,ok
brusselator,odepe_v2_polish,0,brusselator_9_0,,1,3.3071188885046327e-13,99,3.3071188885046327e-13,650.4680829048157,2.069990520455837e-12,1,2.069990520455837e-12,387.7663860321045,2.069990520455837e-12,1,2.069990520455837e-12,399.4406440258026,2.069990520455837e-12,100,2.069990520455837e-12,382.89961099624634,4.3647335068723757e-13,20,4.3647335068723757e-13,382.6391999721527,ok
brusselator,odepe_v2_polish,1em2,brusselator_9_1em2,,1,0.026640767518348367,253,0.026640767518348367,1250.953008890152,0.2520126252657022,45,0.2520126252657022,890.860787153244,0.2520126252657022,20,0.2520126252657022,1490.5842440128326,0.2520126252657022,100,0.2520126252657022,1561.7700309753418,0.02664061127533203,20,0.02664061127533203,1512.5443320274353,ok
brusselator,odepe_v2_polish,1em4,brusselator_9_1em4,,1,0.00023902338953192,192,0.00023902338953192,878.6130030155182,0.00712759423094788,5,0.00712759423094788,442.09021401405334,0.00023902333412775389,20,0.00712759423094788,489.9531080722809,0.00023902576452471502,100,0.007127580397872273,525.8705358505249,0.007127595404155752,20,0.007127595404155752,539.6190271377563,ok
brusselator,odepe_v2_polish,1em6,brusselator_9_1em6,,1,2.7973583700767558e-05,133,2.7973583700767558e-05,742.7022240161896,3.3055846051422674e-05,1,3.3055846051422674e-05,442.1262390613556,3.3074602754930124e-05,1,3.3074602754930124e-05,440.91871786117554,3.3055846051422674e-05,100,3.3055846051422674e-05,477.38128113746643,3.316463583077572e-05,20,3.316463583077572e-05,568.2677941322327,ok
brusselator,odepe_v2_polish,1em8,brusselator_9_1em8,,1,8.508680511007477e-08,108,8.508680511007477e-08,802.9420130252838,8.503373005730452e-08,1,8.503373005730452e-08,376.65577507019043,8.503373005730452e-08,1,8.503373005730452e-08,387.85400104522705,8.503373005730452e-08,100,8.503373005730452e-08,364.16741609573364,8.503313104151805e-08,20,8.503313104151805e-08,440.45450091362,ok
crauste,odepe_v2_polish,0,crauste_0_0,,1,4.0965295366667565e-05,2398,4.0965295366667565e-05,7316.166851043701,1.510815115781573e-05,1,1.510815115781573e-05,6157.391647100449,7.986597831710847e-06,1,7.986597831710847e-06,4432.080596923828,7.986597831710847e-06,100,7.986597831710847e-06,5150.513535022736,5.234816399228672e-06,20,5.234816399228672e-06,5904.6990649700165,ok
crauste,odepe_v2_polish,1em2,crauste_0_1em2,,1,4.634270719803738,1406,4.634270719803738,66610.40950703621,55419.51215740927,81,194177542.46982613,4473.382095813751,165753.56577371288,20,194132588.9695209,7701.581306934357,56287.1780340728,100,194132588.9695209,7864.759126186371,13.139857436631411,20,13.139857436631411,9763.495903015137,ok
crauste,odepe_v2_polish,1em4,crauste_0_1em4,,1,0.999982008075545,1991,0.999982008075545,4136.7870881557465,1682.888004417973,161,42995.524163342256,3705.00656914711,467.30341853186616,20,39084.30922423249,21753.000818014145,1682.888004417973,100,42995.524163342256,14659.676386833191,0.9999627056461633,20,3.3615056945985704,10532.827152013779,ok
crauste,odepe_v2_polish,1em6,crauste_0_1em6,,1,0.9998887125326716,2849,0.9998887125326716,4974.429929018021,0.9999872448979592,95,183.62621084529326,4450.837056875229,83.08820899347137,20,172.8132944084091,12402.986347913742,0.9999820344116136,100,172.8132944084091,10269.86832690239,0.99982935321327,20,7.998545128736674,12316.274188041687,ok
crauste,odepe_v2_polish,1em8,crauste_0_1em8,,1,0.9998539939710148,2435,0.9998539939710148,7748.251040220261,0.9998035489388183,14,10.688471967721279,4380.424056053162,0.5548654247455563,20,0.5548654247455563,14064.94567489624,0.5548654247455563,100,0.5548654247455563,13748.633600950241,0.9996138643984377,20,1.4888713804583116,15997.316874980927,ok
crauste,odepe_v2_polish,0,crauste_1_0,,1,6.251257863247635e-10,1232,6.251257863247635e-10,69478.57864689827,1.5362358749618066e-10,1,1.5362358749618066e-10,4674.186703920364,1.5362358749618066e-10,1,1.5362358749618066e-10,4858.125746965408,1.5362358749618066e-10,100,1.5362358749618066e-10,4323.084486961365,5.283084042004808e-10,20,5.283084042004808e-10,4851.635339975357,ok
crauste,odepe_v2_polish,1em2,crauste_1_1em2,,1,1.2453921790383509,952,1.2453921790383509,105778.46236300468,418.42010666756494,99,9484.505500787238,3446.192043066025,3125.4769220277735,20,9484.03479707509,28374.549667835236,1404.3006700710403,100,9484.505500787238,23353.531409025192,14.08295625942685,20,14.08295625942685,28911.862416028976,ok
crauste,odepe_v2_polish,1em4,crauste_1_1em4,,1,0.9987962130432314,1387,0.9987962130432314,112246.82020306587,87.26843906127937,111,2643.003999781244,6401.277760982513,2568.1186760051855,20,2643.003999781244,32927.820852041245,783.5427881905099,100,2643.8009957227823,24965.068305015564,0.9985740726587046,20,1.3299120889030802,25340.758757829666,ok
crauste,odepe_v2_polish,1em6,crauste_1_1em6,,1,0.0816524896787499,1494,0.0816524896787499,113571.92433595657,0.0816524847954432,8,64.36422439950434,6138.590604066849,0.08165248350868322,13,153.1853176471339,4019.05379319191,0.08165248350868322,100,153.1853176471339,4351.494579076767,0.08165248372882498,20,0.08165248372882498,3512.455708026886,ok
crauste,odepe_v2_polish,1em8,crauste_1_1em8,,1,0.44676980569376207,1620,0.44676980569376207,9172.471251010895,0.00022382323534145233,1,0.00022382323534145233,3453.819461107254,0.00022382408553615045,1,0.00022382408553615045,6422.838881969452,0.00022382408553615045,100,0.00022382408553615045,5908.426997900009,0.00022382304428740027,20,0.00022382304428740027,4990.089538097382,ok
crauste,odepe_v2_polish,0,crauste_2_0,,1,1.2660559441296051e-08,1754,1.2660559441296051e-08,73288.52578401566,1.1420976517094102e-08,1,1.1420976517094102e-08,2731.105744123459,1.2976344083679042e-08,1,1.2976344083679042e-08,4541.516885042191,1.2188310571863575e-08,100,1.2188310571863575e-08,2603.065663099289,1.9514254602228918e-08,20,1.9514254602228918e-08,5617.934345960617,ok
crauste,odepe_v2_polish,1em2,crauste_2_1em2,,1,12.966480446927378,1428,12.966480446927378,56529.248989105225,30899.090171526757,68,338748.48244540876,5649.352741956711,30899.090171526757,20,338748.48244540876,11602.24228811264,12.966480446927378,100,338905.913432118,8185.376930952072,32.89830508474577,20,25267838.767526016,8358.813400030136,ok
crauste,odepe_v2_polish,1em4,crauste_2_1em4,,1,0.999847676718457,1516,0.999847676718457,4292.200422048569,157.7499258206242,97,157.7499258206242,3955.750382900238,,,,,,,,,,,,,incomplete
crauste,odepe_v2_polish,1em6,crauste_2_1em6,,1,0.2997712201326466,1828,0.2997712201326466,64890.48576307297,0.9996892242096062,35,0.9996892242096062,3942.6623270511627,0.30600107208075,20,0.30600107208075,5148.142345905304,0.3058246427002435,100,0.3058246427002435,10819.124686002731,0.305716351764351,20,0.305716351764351,8738.408796072006,ok
crauste,odepe_v2_polish,1em8,crauste_2_1em8,,1,0.0002687150751756393,2088,0.0002687150751756393,118989.16574311256,0.0003386262789245376,11,0.0003386262789245376,7589.653752088547,0.00040330677764001025,2,0.00040330677764001025,4333.195579051971,0.0003386262789245376,100,0.0004015322968874979,8119.363283872604,0.000426106814320361,20,0.000426106814320361,7440.098540067673,ok
crauste,odepe_v2_polish,0,crauste_3_0,,1,2.916315469349148e-09,1473,2.916315469349148e-09,76352.21260499954,,,,,2.87318591806356e-09,1,2.87318591806356e-09,4971.76776099205,,,,,2.5627780132627636e-10,20,2.5627780132627636e-10,6337.107944011688,ok
crauste,odepe_v2_polish,1em2,crauste_3_1em2,,1,3.8310463463593147,1414,3.8310463463593147,118425.89001512527,3892.547412534629,116,11590.33110360726,6032.205765008926,7588.075925238458,20,11590.48305364793,22969.16008400917,3892.547412534629,100,11590.33110360726,28313.144590854645,3.8319618493742986,20,3.8320089300614875,18266.746968984604,ok
crauste,odepe_v2_polish,1em4,crauste_3_1em4,,1,0.8988867723594587,1318,0.8988867723594587,71419.79285311699,0.956363817255696,130,346.0145450112566,4162.017116069794,9.090349498844498,20,346.0145450112566,19543.10260796547,9.090349498844498,100,346.0145450112566,21123.879864931107,0.8989742507621596,20,0.8989742507621596,26327.15638780594,ok
crauste,odepe_v2_polish,1em6,crauste_3_1em6,,1,0.0115880911291285,1419,0.0115880911291285,92315.26180005074,0.011588093748681038,11,0.011588093748681038,3321.320587873459,0.011588091134262766,10,0.011588091134262766,5323.964362859726,0.011588091134262766,100,0.011588091134262766,6667.39642906189,0.011588094263284455,20,0.011588094263284455,6618.652325868607,ok
crauste,odepe_v2_polish,1em8,crauste_3_1em8,,1,8.305507974998667e-05,2171,8.305507974998667e-05,10886.978651046753,8.30551540405366e-05,1,8.30551540405366e-05,6852.609489917755,8.305510777147733e-05,1,8.305510777147733e-05,3599.215677022934,8.30551540405366e-05,100,8.30551540405366e-05,7121.996721029282,8.305827177152677e-05,20,8.305827177152677e-05,6751.339455842972,ok
crauste,odepe_v2_polish,0,crauste_4_0,,1,1.2043995965010312e-10,1486,1.2043995965010312e-10,97148.82224416733,1.5809896512691e-10,1,1.5809896512691e-10,3210.780086994171,1.3927166680245437e-10,1,1.3927166680245437e-10,5108.165127038956,2.4430958660046526e-10,100,2.4430958660046526e-10,3017.005739927292,5.285100475992627e-10,20,5.285100475992627e-10,5598.076588153839,ok
crauste,odepe_v2_polish,1em2,crauste_4_1em2,,1,0.9999683544303797,1164,0.9999683544303797,4800.095468044281,131.49563321538514,48,1748337.198489415,5111.564140081406,131.49563321538685,20,1748337.0356176926,10559.699142932892,2.302059982278366,100,1748337.198489415,14527.360151052475,2.3020798769591586,20,2.3020798769591586,15474.665291070938,ok
crauste,odepe_v2_polish,1em4,crauste_4_1em4,,1,0.8268836178285905,1304,0.8268836178285905,92400.9127240181,130.74722721796604,96,241.72618052774942,4110.985507965088,78.77502813747954,20,78.77502813747954,15422.38767695427,0.8268836171941305,100,78.77502813747954,18307.1330139637,0.8268836162784775,20,0.8268836162784775,13343.920528173447,ok
crauste,odepe_v2_polish,1em6,crauste_4_1em6,,1,0.9998363275013837,1626,0.9998363275013837,5472.587640047073,0.0028207594935980252,9,19.129538449216106,3493.210638999939,0.0028207594935980252,9,19.129538449216106,3342.679370880127,0.0028207594167858224,100,16.686076161815492,6606.762816905975,0.002820758822049368,20,0.002820758822049368,5616.635334968567,ok
crauste,odepe_v2_polish,1em8,crauste_4_1em8,,1,2.0049863363031407e-05,1636,2.0049863363031407e-05,89737.91271018982,2.0050003367164847e-05,1,2.0050003367164847e-05,6357.395217180252,2.0049934824520362e-05,1,2.0049934824520362e-05,3510.006674051285,2.0049934824520362e-05,100,2.0049934824520362e-05,3362.5316910743713,2.0050124349009523e-05,20,2.0050124349009523e-05,6480.51047205925,ok
crauste,odepe_v2_polish,0,crauste_5_0,,1,2.3987542401437735e-06,2551,2.3987542401437735e-06,98125.73540496826,4.08487313052121e-06,1,4.08487313052121e-06,3556.5794479846954,5.157586804378628e-06,1,5.157586804378628e-06,3454.9628388881683,5.157586804378628e-06,100,5.157586804378628e-06,3497.424525976181,2.1057690867650682e-06,20,2.1057690867650682e-06,6299.037644863129,ok
crauste,odepe_v2_polish,1em2,crauste_5_1em2,,1,0.9999779835755331,1833,0.9999779835755331,50137.03512787819,60682.84739346509,152,161068.42245109924,5706.430615186691,60682.84739346509,20,161068.42245109924,13506.081251859665,60682.84739346509,100,161068.42245109924,13849.684674024582,12.006505735175946,20,60682.847393477445,10968.363440036774,ok
crauste,odepe_v2_polish,1em4,crauste_5_1em4,,1,0.9999863481831984,2117,0.9999863481831984,52474.21177697182,2010.125083440846,108,82949.39721442653,3985.5930659770966,2010.1250837845403,20,10040.48189252179,13085.088267087936,2010.1250837845403,100,10040.48189252179,13732.431232213974,12.701263915510633,20,12.701263915510633,10829.826699972153,ok
crauste,odepe_v2_polish,1em6,crauste_5_1em6,,1,0.9999695712158228,2201,0.9999695712158228,61261.35017514229,0.9999793388429752,72,210.318840609196,4347.1552810668945,118.8862460673426,20,210.31883680775408,8983.48892402649,0.9999696445004247,100,210.31883680775408,10448.599582910538,0.9999394571694598,20,13.786626899558344,8129.38467001915,ok
crauste,odepe_v2_polish,1em8,crauste_5_1em8,,1,0.9997562219576929,2675,0.9997562219576929,8441.52691602707,0.9997789436587919,28,2.0434110182067995,7819.530158042908,0.9997789188188563,20,2.0417319682736172,7255.236382007599,0.9997788605076117,100,2.068749084546782,12972.767895936966,0.9995570646986022,20,1.9823042874714232,10487.964607954025,ok
crauste,odepe_v2_polish,0,crauste_6_0,,1,1.7397382403007679e-09,1724,1.7397382403007679e-09,9069.389738798141,1.642810887325652e-09,1,1.642810887325652e-09,2906.453173160553,1.529094109561821e-09,1,1.529094109561821e-09,2799.670427083969,1.529094109561821e-09,100,1.529094109561821e-09,2827.8844590187073,6.87689617185617e-10,20,6.87689617185617e-10,6480.6168820858,ok
crauste,odepe_v2_polish,1em2,crauste_6_1em2,,1,2.115328598535,1604,2.115328598535,118034.81351280212,2962.6506705175534,110,18190.67641274857,7379.377743959427,3609.348172175219,20,18190.67641274857,27438.034320116043,2962.6506705175534,100,18190.67641274857,28691.66532111168,6.03960445071131,20,6453.7616969070605,21387.42972278595,ok
crauste,odepe_v2_polish,1em4,crauste_6_1em4,,1,0.9974752247443558,2070,0.9974752247443558,5442.105382204056,86.7873393935082,144,725.8175659139919,6993.193398952484,78.54373358976564,20,737.3051553337164,14706.975030899048,86.7873393935082,100,725.8175659139919,25177.805234193802,2.095851190905893,20,2.095851190905893,22724.620952129364,ok
crauste,odepe_v2_polish,1em6,crauste_6_1em6,,1,0.13429247711060305,1555,0.13429247711060305,75655.2317738533,0.13429249130171123,16,1.1585513460938395,3545.7399621009827,0.13429249130171123,17,1.1585513460938395,4118.257208108902,0.13429249154255535,100,2.605558207137352,6670.737494945526,0.1342924565813053,20,0.1342924565813053,3724.357552051544,ok
crauste,odepe_v2_polish,1em8,crauste_6_1em8,,1,0.0017073973457759782,1366,0.0017073973457759782,106976.28632688522,0.0017073969845180154,2,0.0017073969845180154,6514.129048109055,0.0017073984208027485,2,0.0017073984208027485,3328.7244288921356,0.0017073969845180154,100,0.0017073969845180154,6815.537086009979,0.001707394546156774,20,0.001707394546156774,4105.05110001564,ok
crauste,odepe_v2_polish,0,crauste_7_0,,1,2.342501084430152e-10,1179,2.342501084430152e-10,69681.61395096779,3.212705705711268e-10,1,3.212705705711268e-10,2712.194195985794,2.8746054397911086e-10,1,2.8746054397911086e-10,5327.040792942047,3.212705705711268e-10,100,3.212705705711268e-10,2642.8176820278168,3.3376832736046905e-11,20,3.3376832736046905e-11,4771.224658966064,ok
crauste,odepe_v2_polish,1em2,crauste_7_1em2,,1,0.9999837968177586,1325,0.9999837968177586,4947.767871141434,139.12616484096222,136,11232.632178403133,4034.6441299915314,680.4275131221871,20,11232.632178403133,22824.98435306549,680.4469767069154,100,11232.612515936677,31152.520215034485,9.734053408875846,20,9.734067718905436,24098.122936964035,ok
crauste,odepe_v2_polish,1em4,crauste_7_1em4,,1,0.4992473877097975,1452,0.4992473877097975,5466.360955953598,9.938730737072499,100,5339.767519745865,6072.657022953033,9.57965381749259,20,4686.073868604754,15396.084217071533,9.57965381749259,100,4686.073868604754,16119.727754116058,0.6262818835168804,20,0.6262818835168804,24626.799491882324,ok
crauste,odepe_v2_polish,1em6,crauste_7_1em6,,1,0.008936257871018304,1431,0.008936257871018304,120011.41693687439,0.008936257716304815,12,66.55230657938492,6664.778750896454,0.008936257716304815,12,66.55230657938492,6553.969176054001,0.008936257716304815,100,66.55230657938492,7068.474927186966,0.008936258185684698,20,0.008936258185684698,6109.326232910156,ok
crauste,odepe_v2_polish,1em8,crauste_7_1em8,,1,7.299054260201526e-05,1271,7.299054260201526e-05,94229.43101286888,7.29907156155923e-05,1,7.29907156155923e-05,5741.151472091675,7.299069050995746e-05,2,7.299069050995746e-05,2897.856971025467,7.29907156155923e-05,100,7.29907156155923e-05,5681.570461988449,7.299084845143165e-05,20,7.299084845143165e-05,2549.319167137146,ok
crauste,odepe_v2_polish,0,crauste_8_0,,1,1.0209792480356337e-09,1303,1.0209792480356337e-09,81244.36395096779,1.0646975963342537e-09,1,1.0646975963342537e-09,3136.1491231918335,2.106490558504342e-09,1,2.106490558504342e-09,7412.393114089966,2.8662187927058664e-09,100,2.8662187927058664e-09,3101.864326953888,1.7209254636284664e-09,20,1.7209254636284664e-09,6755.972216129303,ok
crauste,odepe_v2_polish,1em2,crauste_8_1em2,,1,0.9999812937144327,1275,0.9999812937144327,5164.619676113129,317.7010428851099,128,21694.397295341478,4401.989312887192,7745.515242735084,20,21694.39713106051,28516.10662293434,1422.74663382584,100,21694.397295341478,26877.162662029266,3.2552454893813225,20,7689880515.461464,33684.15402507782,ok
crauste,odepe_v2_polish,1em4,crauste_8_1em4,,1,0.9999719160774303,1309,0.9999719160774303,4569.930748939514,91.0324814620503,107,2350.5212751202303,4327.623491048813,90.95007202046344,20,2350.4257645530465,23017.706119060516,91.0324814620503,100,2350.5212751202303,20462.48782801628,0.9998788051049313,20,0.9998788051049313,20766.990024089813,ok
crauste,odepe_v2_polish,1em6,crauste_8_1em6,,1,0.040621376672661906,1352,0.040621376672661906,126050.48847317696,0.0406213772633524,15,120.27338283153767,7492.2036600112915,0.0406213772633524,15,120.27338283153767,7095.984493017197,0.04062137643549488,100,0.04062137643549488,4891.458282232285,0.040621413104398464,20,0.040621413104398464,8729.214721918106,ok
crauste,odepe_v2_polish,1em8,crauste_8_1em8,,1,4.8982831477151284e-05,1396,4.8982831477151284e-05,108500.33669805527,4.898276314344781e-05,1,4.898276314344781e-05,7108.706897974014,4.898276314344781e-05,1,4.898276314344781e-05,6184.88668012619,4.898276314344781e-05,100,4.898276314344781e-05,7074.402037858963,4.898240329380646e-05,20,4.898240329380646e-05,6691.814947843552,ok
crauste,odepe_v2_polish,0,crauste_9_0,,1,9.191844953832756e-10,1222,9.191844953832756e-10,105632.74554300308,9.387501391944362e-10,1,9.387501391944362e-10,5413.679746866226,3.186903456904787e-08,1,3.186903456904787e-08,2726.3886210918427,3.186903456904787e-08,100,3.186903456904787e-08,2733.828908920288,,,,,incomplete
crauste,odepe_v2_polish,1em2,crauste_9_1em2,,1,0.9999885057471265,726,0.9999885057471265,119624.73667693138,2135.3303293937306,60,10481.085623911185,5521.140820026398,1914.429753320532,20,10482.905498043623,17743.53671193123,0.9999885057471265,100,10482.905498043623,18261.289927959442,0.9999885057471265,20,0.9999885057471265,26192.431399822235,ok
crauste,odepe_v2_polish,1em4,crauste_9_1em4,,1,0.9999885019676573,1118,0.9999885019676573,5192.295655012131,18.309464888655505,74,18.309464888655505,3856.8721539974213,18.309464888655505,20,18.309464888655505,23717.91524195671,0.9297105137223588,100,18.309464888655505,25041.461341142654,0.9794845345073977,20,0.999969260361245,21056.076955795288,ok
crauste,odepe_v2_polish,1em6,crauste_9_1em6,,1,0.9999885057471265,1122,0.9999885057471265,5325.6482310295105,9.484714776263734,115,9.484714776263734,6574.883939027786,0.999816350715228,20,1.9803035330247079,33917.650977134705,0.010333593055857914,100,0.010333593055857914,32996.67971897125,1.5168996573964688,20,1.6257951082722004,23789.8340280056,ok
crauste,odepe_v2_polish,1em8,crauste_9_1em8,,1,0.1584363850259868,1248,0.1584363850259868,8141.481099128723,0.15553284938091383,1,0.15553284938091383,6414.6093719005585,7.262720116521772e-05,2,7.262720116521772e-05,42677.96470499039,7.262719832941873e-05,100,7.262719832941873e-05,43570.976373910904,7.262722568987738e-05,20,7.262722568987738e-05,52756.415711164474,ok
cstr,odepe_v2_polish,0,cstr_0_0,,1,0.00018863723378025662,1204,0.00018863723378025662,5136.658195018768,0.005161609102159988,2,0.005161609102159988,2680.308439016342,0.0006703786464591023,3,0.005161609102159988,2563.324042081833,0.00021207760107282527,100,0.005161609102159988,2571.6216599941254,0.0047574156358613055,20,0.5226208018238433,4692.803544998169,ok
cstr,odepe_v2_polish,1em2,cstr_0_1em2,,1,3.454773828976336,842,3.454773828976336,4175.078551054001,8.232821177868233,201,8.232821177868233,2322.665227174759,8.232821177868233,20,8.232821177868233,2912.5428459644318,8.232806610936088,100,8.232806610936088,4483.160222053528,7.7174707391605155,20,31.680338541666664,3587.3181579113007,ok
cstr,odepe_v2_polish,1em4,cstr_0_1em4,,1,1.0552071911549705,1027,1.0552071911549705,4131.391556978226,1.0806597201179264,64,105.36194296073718,2249.3252198696136,1.0806597201179264,20,105.36194296073718,2239.1823620796204,1.0806597201169095,100,105.36194296054776,3711.764539003372,13.152777777777775,20,34.124747751383765,4762.111553907394,ok
cstr,odepe_v2_polish,1em6,cstr_0_1em6,,1,0.5313607717867679,1254,0.5313607717867679,5183.3595180511475,0.5388734030646052,22,2.8303691719940516,4924.046418905258,0.4123633805523109,20,2.830369173532943,2869.4265110492706,0.4123633805523109,100,2.830369173532943,2782.4759769439697,0.536424247382199,20,299.345794499269,2813.0241429805756,ok
cstr,odepe_v2_polish,1em8,cstr_0_1em8,,1,0.18655992826957304,1241,0.18655992826957304,4529.247599124908,2.272544590131154,15,457.1926266713657,5109.734060049057,2.272544590131154,15,457.1926266713657,5585.363816022873,0.6182158264337695,100,457.1926258519163,2801.446657896042,2.251639025950292,20,2.8184450383771926,5152.989715099335,ok
cstr,odepe_v2_polish,0,cstr_1_0,,1,7.315067615682053e-05,1132,7.315067615682053e-05,3130.0686440467834,0.000743090223964992,1,0.000743090223964992,2728.3871591091156,0.0006895803377568315,1,0.0006895803377568315,4975.705840110779,7.315067615682053e-05,100,0.000743090223964992,3573.081967115402,7.956662526165215e-05,20,0.18142305750425167,4853.808305978775,ok
cstr,odepe_v2_polish,1em2,cstr_1_1em2,,1,1.7201914851413134,1014,1.7201914851413134,4363.012017965317,1.7201904304879383,276,106.33039887487048,2289.5207839012146,5.522446167475903,20,106.33039887487048,2792.9161031246185,1.7201904304879383,100,106.33039887487048,2613.3369801044464,7.103311037884078,20,44.148161803784014,4187.72368979454,ok
cstr,odepe_v2_polish,1em4,cstr_1_1em4,,1,1.0603333376544486,1077,1.0603333376544486,2802.519119977951,2.2048967682960505,325,18.019848236660195,2555.1477098464966,14.24336765950405,20,18.019848236660195,2580.022885084152,9.057762061573936,100,18.021282752063744,4488.368216991425,9.698975973289105,20,62.29760908269558,2785.945662021637,ok
cstr,odepe_v2_polish,1em6,cstr_1_1em6,,1,0.25039280726256985,1130,0.25039280726256985,3945.8849301338196,1.7708198023296262,3,1.7708198023296262,5065.281001091003,1.7708198023296262,3,1.7708198023296262,5101.798525094986,2.3261253661115378,100,63.9306879208994,3060.545753955841,6.285849118365921,20,3418.466187353848,3102.385952234268,ok
cstr,odepe_v2_polish,1em8,cstr_1_1em8,,1,0.7819411161021321,1225,0.7819411161021321,4083.848732948303,0.8173562587253295,139,22.555496892552945,5093.378663063049,0.8173562587253295,20,22.555496892552945,5418.904456138611,0.7378606006314555,100,10.554816394112152,2769.9615190029144,1.4256227432943607,20,31.69590873458759,5596.507895946503,ok
cstr,odepe_v2_polish,0,cstr_2_0,,1,5.01550164757679e-07,1138,5.01550164757679e-07,2277.105364084244,6.380180379115513e-07,1,6.380180379115513e-07,4466.710098028183,5.01550164757679e-07,1,5.01550164757679e-07,2125.4764149188995,5.01550164757679e-07,100,5.01550164757679e-07,2161.099571943283,6.014464077041611e-08,20,0.09159408077116936,4186.891073942184,ok
cstr,odepe_v2_polish,1em2,cstr_2_1em2,,1,0.4744904941814837,588,0.4744904941814837,2876.751037120819,0.47449049418148714,181,2.95142971530554,1714.6110110282898,2.042470482534748,20,2.951429715305936,3007.4090099334717,0.47449049418148714,100,2.95142971530554,2003.5623409748077,1.7056403653883307,20,4.345737232881434,2828.7788989543915,ok
cstr,odepe_v2_polish,1em4,cstr_2_1em4,,1,0.22070312499999997,864,0.22070312499999997,3391.2684450149536,0.34197822310734133,150,0.5441848500237962,3154.7976789474487,0.41477630238431556,20,0.5441848500674897,1906.2469379901886,0.341978223107539,100,0.5441848500674897,2062.0292139053345,0.39534242691532256,20,0.6272816377527574,3380.753270149231,ok
cstr,odepe_v2_polish,1em6,cstr_2_1em6,,1,0.030706581190273023,1108,0.03577644594254033,2299.8171331882477,0.03717009984058797,128,0.06514906244724901,2011.2444751262665,0.03717009984058797,20,0.06514906244724901,2122.53825712204,0.03717009984058797,100,0.06514906244724901,2113.2722702026367,0.04791977826286757,20,0.08140674809215613,3822.91325712204,ok
cstr,odepe_v2_polish,1em8,cstr_2_1em8,,1,0.007721367449179393,1339,0.008371993657098056,4624.5243220329285,0.021990526686690298,30,0.021990526686690298,4090.051640033722,0.008371993657098056,20,0.021990526686690298,4810.651247024536,0.00837199281230507,100,0.021990526369353045,2343.7846579551697,0.02316430399922717,20,0.4969552230245363,4096.90113902092,ok
cstr,odepe_v2_polish,0,cstr_3_0,,1,0.009696118489397066,1107,0.009696118489397066,3081.7511100769043,0.009696118489397066,4,0.009696118489397066,2854.265284061432,0.009724321828906047,3,0.009724321828906047,5492.824179887772,0.009696118489397066,100,0.009696118489397066,2700.6532559394836,0.0004320641065366657,20,0.0033961054104478207,5092.211064815521,ok
cstr,odepe_v2_polish,1em2,cstr_3_1em2,,1,1.5367659871181403,812,1.5367659871181403,4604.246011018753,3.3283535231534165,185,6.543327703097983,2311.6478390693665,6.543327703097983,20,6.543327703097983,2430.9642629623413,3.3283535231534165,100,6.543327703097983,2518.2815680503845,15.128312295942164,20,2516.2579181728074,2406.630964040756,ok
cstr,odepe_v2_polish,1em4,cstr_3_1em4,,1,1.0408360196024222,770,1.0408360196024222,4369.669333934784,3.4485594356355658,181,986.7874914212299,2283.570911884308,7.170086995912718,20,986.7874914243325,3125.9052340984344,7.170086996904806,100,986.7874914212299,2649.3527500629425,10.784216280005856,20,81.10682063316231,4060.108222961426,ok
cstr,odepe_v2_polish,1em6,cstr_3_1em6,,1,1.2507199965169147,1109,1.2507199965169147,2736.0888419151306,6.170327327066333,16,619.3125732535974,2518.907632112503,5.596802016535938,18,578.1358193698849,4360.555881023407,5.596801516060331,100,619.3125732535974,2739.2707829475403,368.69718910331153,20,788.2114440006995,3453.8616621494293,ok
cstr,odepe_v2_polish,1em8,cstr_3_1em8,,1,1.3946190382336514,1313,1.3946190382336514,3381.1171169281006,4.1200373455320465,20,59.86069779951605,2818.867256164551,4.11865428761278,11,490.7680565487277,5177.9458129405975,0.5827511110579519,100,490.7680565487277,5567.640960931778,0.9845535506063432,20,0.9845535506063432,2864.693955898285,ok
cstr,odepe_v2_polish,0,cstr_4_0,,1,0.9332551033266129,1155,0.9332551033266129,2553.2740149497986,0.9999999999940851,43,9.891478170676432,4118.636030912399,0.9999999999940851,20,9.891478170790945,2254.0256209373474,0.9999999999940851,100,9.891478170790945,2269.061022043228,4.442050648384354,20,562.5803151931851,4111.937866926193,ok
cstr,odepe_v2_polish,1em2,cstr_4_1em2,,1,1.059755386844758,1116,1.059755386844758,4272.871767044067,1.639429095516969,260,242.64176316842773,2189.8774271011353,2.06799168004065,20,242.64176316842773,2647.7288620471954,1.6597221669593107,100,242.64176316842773,2522.761486053467,2.3485816217237905,20,16.568116895195576,4123.656099081039,ok
cstr,odepe_v2_polish,1em4,cstr_4_1em4,,1,0.9997171024044033,1189,0.9997171024044033,3478.9234318733215,1.0523969718083888,18,7.928680838434727,3667.542351961136,1.052396971808634,19,7.928680838288869,2752.8420798778534,1.052396971808634,100,7.928680838288869,2450.637300014496,1.052696050599564,20,15.94987643494898,3846.704645872116,ok
cstr,odepe_v2_polish,1em6,cstr_4_1em6,,1,1.0737212425054505,1185,1.0737212425054505,2606.9947679042816,0.9999999999940754,37,9.908277709049552,2262.155271053314,0.9999999999940754,20,9.908277709049552,2459.7524888515472,1.07440198252619,100,9.908277708758025,4000.7549607753754,1.6822252338435375,20,9.907854352678571,2586.4634099006653,ok
cstr,odepe_v2_polish,1em8,cstr_4_1em8,,1,0.9999999999940853,1169,0.9999999999940853,4693.6633059978485,0.9999999999940853,44,9.891684313574242,2254.3383510112762,2.9806802735105578,20,9.891684313574242,2317.222904920578,0.9999999999940853,100,9.89168431339957,4128.715791940689,0.9995049292077057,20,9.894152582908164,2584.8809258937836,ok
cstr,odepe_v2_polish,0,cstr_5_0,,1,0.9154005728945848,947,0.9154005728945848,2384.9586951732635,0.9999999999999902,37,3.8898825663045637,2138.761502981186,0.9999999999999902,20,3.8898825663045637,2073.2254531383514,0.9999999999999902,100,3.8898825663045637,2142.8924350738525,1.0007172168772034,20,241.43429432744566,3838.187891960144,ok
cstr,odepe_v2_polish,1em2,cstr_5_1em2,,1,0.999999245176158,1140,0.999999245176158,4248.984847068787,2.6036670771762336,284,8.561375509858063,2088.4448630809784,2.603667077176156,20,8.560550830840793,3577.3413479328156,2.6036670771762336,100,8.561375509858063,2513.2057781219482,4.162700168335636,20,119.07644958137486,3404.876063108444,ok
cstr,odepe_v2_polish,1em4,cstr_5_1em4,,1,0.9999999999999246,869,0.9999999999999246,4224.606421947479,0.9999999999999284,118,2.1974757504781115,2161.7035658359528,0.9999999999999284,20,2.1974757504781115,2294.606504201889,0.9999999999999284,100,2.1974757504781115,2314.3246982097626,3.678536795236014,20,189.1279543597606,3607.8944170475006,ok
cstr,odepe_v2_polish,1em6,cstr_5_1em6,,1,1.215629097465035,1060,1.215629097465035,2484.694654941559,1.4035972457937504,32,2.2450219278895935,2190.114284992218,1.4035972457937504,20,2.2450219278895935,2311.835438013077,1.4035972457937504,100,2.2450219278895935,2646.193711042404,1.4366361177884615,20,2.316908189466783,2613.169914960861,ok
cstr,odepe_v2_polish,1em8,cstr_5_1em8,,1,0.9402556629708617,1087,0.9402556629708617,2719.233062028885,0.999999999999654,26,2.3290999187749577,2211.5581328868866,1.4495937059559325,20,1.8557717806786604,3793.687138080597,0.999999999999654,100,2.3290999187749577,2294.5093669891357,0.9994262264982373,20,5.1322934877622375,3744.9946961402893,ok
cstr,odepe_v2_polish,0,cstr_6_0,,1,2.4899723156351124e-08,1674,2.4899723156351124e-08,3117.751939058304,2.4899723156351124e-08,1,2.4899723156351124e-08,2883.6312799453735,3.604923634735799e-08,1,3.604923634735799e-08,5918.098132133484,3.604923634735799e-08,100,3.604923634735799e-08,5623.7649891376495,1.9069857818075255e-06,20,0.09185984778025794,6032.579279184341,ok
cstr,odepe_v2_polish,1em2,cstr_6_1em2,,1,0.9672049906716418,846,0.9672049906716418,4356.867985963821,2.9278911636184315,194,23.30721638147705,3351.813089132309,6.544644391818351,20,23.30721638147705,4282.848183870316,2.9278911636184315,100,23.30721638147705,4193.168970108032,2.868345230344742,20,202.74582774603545,2703.0430760383606,ok
cstr,odepe_v2_polish,1em4,cstr_6_1em4,,1,0.6163972350897831,965,0.6163972350897831,4617.741546154022,0.6163972350897831,77,18.688129629771463,4021.666430950165,0.6163972350897831,20,18.688129629771463,3439.7047419548035,0.6163972350897831,100,18.688129629771463,3789.029547929764,1.1005142454117063,20,640.7896783173974,2866.1434559822083,ok
cstr,odepe_v2_polish,1em6,cstr_6_1em6,,1,0.2600023327722482,989,0.2600023327722482,3522.26074385643,0.4017734837519189,62,3.5903741724766194,2509.033047914505,0.4017736735723791,20,3.462966953389724,5124.078309059143,0.4017734837519189,100,3.5903741724766194,2785.7248730659485,0.31162241342905406,20,54.148452075559696,2793.220009803772,ok
cstr,odepe_v2_polish,1em8,cstr_6_1em8,,1,0.021751087995630487,1550,0.021751087995630487,3639.1218218803406,0.12805033222575168,101,3.033935977535617,2851.7030911445618,0.12805033222575168,20,3.033935977535617,2910.9063708782196,0.49920926335852484,100,1.2304021268664964,4785.978940010071,0.40859243032094594,20,1.1020289179104477,3366.7163259983063,ok
cstr,odepe_v2_polish,0,cstr_7_0,,1,0.9862279647435898,1057,0.9862279647435898,2902.2677438259125,0.9999428642077844,120,2.1506208277285044,4439.413214206696,0.9999428642077844,20,2.1506208277285044,4821.449469804764,0.9999428642077844,100,2.1506208277285044,4498.064567804337,2.6655850051036434,20,2.6655850051036434,4467.840495824814,ok
cstr,odepe_v2_polish,1em2,cstr_7_1em2,,1,1.0217499481704824,1190,1.0217499481704824,4286.15235209465,1.744104189305587,259,2.410802782424102,2366.704339981079,2.410802782424102,20,2.410802782424102,3329.420660972595,2.410802782438596,100,2.410802782438596,4093.3882541656494,1.7433867334720476,20,10.7328837792478,3804.3424139022827,ok
cstr,odepe_v2_polish,1em4,cstr_7_1em4,,1,1.005593525378857,1055,1.005593525378857,5137.590138912201,1.0648943644745923,152,1.3784777932633505,2619.8467359542847,1.0648943644745923,20,1.3784777932633505,2906.009239912033,1.076105369074614,100,1.379357622276737,5184.270258903503,1.3799085963283828,20,19.524128828898515,2901.0294890403748,ok
cstr,odepe_v2_polish,1em6,cstr_7_1em6,,1,0.9994296838370998,742,0.9994296838370998,2546.005562067032,1.0324518304904609,78,100.33960388715987,2571.0563020706177,0.9993007918014591,20,1.970060345952219,4353.955687046051,1.0324518304904609,100,100.33960388715987,2725.2816178798676,1.5059937136856156,20,3.660770227413366,4904.550860881805,ok
cstr,odepe_v2_polish,1em8,cstr_7_1em8,,1,0.9909353728341584,988,0.9909353728341584,4982.502078056335,1.2090110129139449,87,2.0417504932511408,2661.0599579811096,0.9999792349556115,20,3.44998034024208,4349.523199081421,0.9999792349556115,100,3.44998034024208,5657.328649044037,0.32868840144230765,20,3.66379176980198,4817.395535945892,ok
cstr,odepe_v2_polish,0,cstr_8_0,,1,1.0930916445166352,1292,1.0930916445166352,3682.2787981033325,1.811993689329005,41,22.117198898361345,4184.031093835831,3.0415006678843954,20,22.117198898361345,4225.675580024719,1.8119936894384445,100,22.11786280379224,2211.441549062729,6.928777879284274,20,841.1022135416666,4207.329309940338,ok
cstr,odepe_v2_polish,1em2,cstr_8_1em2,,1,1.0247167161673554,1251,1.0247167161673554,4249.251374959946,2.8328544965168696,260,10.266022585773458,3276.2406899929047,6.39963807507402,20,10.266022585773458,3340.00834107399,4.187269275125841,100,10.2660225857711,2260.1275401115417,2.377228767641129,20,6.650904718474669,3289.1721589565277,ok
cstr,odepe_v2_polish,1em4,cstr_8_1em4,,1,1.000000000226173,1150,1.000000000226173,4586.427103996277,4.177972929200678,35,48.8051471197792,2183.192221879959,7.441772362710411,20,48.8051471197792,2272.710160970688,2.270460042091495,100,6.21667823932871,3914.4554550647736,2.5923284715221775,20,56.71240234375,3970.4347829818726,ok
cstr,odepe_v2_polish,1em6,cstr_8_1em6,,1,1.076178768603681,1135,1.076178768603681,2710.3690989017487,1.541398597508565,35,22.29504572223834,2262.6132729053497,2.4080868133444207,20,22.297661665033427,3567.7473559379578,1.541398597508565,100,22.29504572223834,2240.42986702919,1.357606862610132,20,1.9622881489415323,2364.5346879959106,ok
cstr,odepe_v2_polish,1em8,cstr_8_1em8,,1,1.0979515814012097,1134,1.0979515814012097,5828.7818338871,1.006239605101225,38,22.109560699389473,2092.9368340969086,2.5804785904196743,20,22.49495777494398,4285.064479112625,1.006239605101225,100,22.109560699389473,2129.213651895523,1.1844679309475807,20,28.806435861895164,3706.4328830242157,ok
cstr,odepe_v2_polish,0,cstr_9_0,,1,0.9681974712171053,1048,0.9681974712171053,2786.584979057312,3.443655381635484,22,12.076047097468285,3949.619488954544,3.7278266301415823,20,12.076047097468285,3964.6813068389893,3.4436553817148354,100,6.51929499889246,2281.9766318798065,4.29686215049342,20,13.918338260135135,3779.517921924591,ok
cstr,odepe_v2_polish,1em2,cstr_9_1em2,,1,1.5970117540154962,1058,1.5970117540154962,4890.298504829407,2.5041301414837953,220,12.153034425789597,4142.455368041992,4.596459527717137,20,12.153034425789597,4338.635117053986,2.5041301414838,100,12.153034425787363,2367.370800971985,6.279541015625,20,12.154977898848683,3876.4219908714294,ok
cstr,odepe_v2_polish,1em4,cstr_9_1em4,,1,1.2196555913880813,931,1.2196555913880813,4143.804681062698,1.2205294190052844,36,42.00247113912673,2148.0067279338837,4.501654399192122,20,42.00247113633948,4074.6209840774536,1.2205686032619183,100,42.00247113633948,3981.6019129753113,4.503257349917763,20,42.00181178042763,2214.2635798454285,ok
cstr,odepe_v2_polish,1em6,cstr_9_1em6,,1,1.5645964736238533,898,1.5645964736238533,2850.282618045807,1.4299000601541556,29,4.8014434075179215,2286.328660964966,3.727483142558531,20,12.90823701707627,4162.404839992523,1.4299000601541556,100,4.8014434075179215,2384.737473964691,4.24803402549342,20,18.747899105674342,4708.759474039078,ok
cstr,odepe_v2_polish,1em8,cstr_9_1em8,,1,0.8494791519235447,1044,0.8494791519235447,4795.925957202911,3.4420198505430952,31,6.765969753074911,3970.618201971054,3.7278635713254076,20,6.765969753074911,3939.956073999405,1.0000068187512159,100,9.03188808237351,2182.3504428863525,2.834909539473684,20,18.73523591694079,4038.1070659160614,ok
daisy_mamil3,odepe_v2_polish,0,daisy_mamil3_0_0,,1,9.933020040052396e-13,339,9.933020040052396e-13,769.0574698448181,2.121949042789522e-09,1,2.121949042789522e-09,758.7725670337677,2.121949042789522e-09,1,2.121949042789522e-09,785.6534290313721,2.0841658569748165e-09,100,2.0841658569748165e-09,577.2208290100098,1.2441991354546709e-09,20,1.2441991354546709e-09,836.0612671375275,ok
daisy_mamil3,odepe_v2_polish,1em2,daisy_mamil3_0_1em2,,1,0.4066185012116475,316,0.4066185012116475,1153.5503430366516,0.3566432094841421,58,1.8883969272542669,786.2971889972687,0.35667660965974773,20,1.8883969659341748,1227.8821561336517,0.35667660965974773,100,1.8883969659341748,1038.0525040626526,0.40661850121145005,20,0.738877382414342,1161.2000498771667,ok
daisy_mamil3,odepe_v2_polish,1em4,daisy_mamil3_0_1em4,,1,0.01647859105520945,269,0.01647859105520945,909.3103070259094,0.016478590619973584,35,0.016478590619973584,1036.2270979881287,0.016478591120003078,20,0.016478591120003078,696.339418888092,0.016478590619973584,100,0.016478590619973584,905.5733909606934,0.01647859114662673,20,0.01647859114662673,702.7461321353912,ok
daisy_mamil3,odepe_v2_polish,1em6,daisy_mamil3_0_1em6,,1,1.9137083432372417e-05,372,1.9137083432372417e-05,791.9813780784607,1.9137081168528655e-05,1,1.9137081168528655e-05,606.9799041748047,1.9137664731665325e-05,1,1.9137664731665325e-05,604.4747779369354,1.9137664731665325e-05,100,1.9137664731665325e-05,644.3547229766846,1.913706824717586e-05,20,1.913706824717586e-05,879.3942699432373,ok
daisy_mamil3,odepe_v2_polish,1em8,daisy_mamil3_0_1em8,,1,3.397154739678131e-07,399,3.397154739678131e-07,784.4059770107269,3.3858206455679073e-07,1,3.3858206455679073e-07,630.0375180244446,3.3858206455679073e-07,1,3.3858206455679073e-07,677.0577418804169,3.3741241932012746e-07,100,3.3741241932012746e-07,847.445375919342,3.3966069804966647e-07,20,3.3966069804966647e-07,916.7027530670166,ok
daisy_mamil3,odepe_v2_polish,0,daisy_mamil3_1_0,,1,2.4153707024287757e-14,333,2.4153707024287757e-14,764.7747511863708,4.3130482350589414e-12,1,4.3130482350589414e-12,717.5057911872864,4.3130482350589414e-12,1,4.3130482350589414e-12,717.521821975708,4.3130482350589414e-12,100,4.3130482350589414e-12,754.2017140388489,1.1624876145874348e-11,20,1.1624876145874348e-11,702.3351941108704,ok
daisy_mamil3,odepe_v2_polish,1em2,daisy_mamil3_1_1em2,,1,0.06154458821047101,339,0.06154458821047101,1498.3543448448181,0.06154458821047247,52,0.06154458821047247,900.3869521617889,0.061544588210470826,20,0.061544588210470826,1368.0703978538513,0.06154458821047247,100,0.06154458821047247,956.8842971324921,0.06154458821047284,20,0.06154458821047284,1186.7088100910187,ok
daisy_mamil3,odepe_v2_polish,1em4,daisy_mamil3_1_1em4,,1,0.00011264913228673545,322,0.00011264913228673545,1300.0406239032745,0.00011264996519875763,28,0.00011264996519875763,917.6594867706299,0.00011264996519875763,20,0.00011264996519875763,1069.134701013565,0.00011264919411539212,100,0.00011264919411539212,764.2768759727478,0.00011264914586694985,20,0.00011264914586694985,693.1489181518555,ok
daisy_mamil3,odepe_v2_polish,1em6,daisy_mamil3_1_1em6,,1,8.46636690653536e-06,427,8.46636690653536e-06,875.9254961013794,8.46642755246808e-06,1,8.46642755246808e-06,997.9769790172577,8.466377523631786e-06,1,8.466377523631786e-06,909.1579871177673,8.466377523631786e-06,100,8.466377523631786e-06,1074.59197306633,8.46688609947316e-06,20,8.46688609947316e-06,1020.249547958374,ok
daisy_mamil3,odepe_v2_polish,1em8,daisy_mamil3_1_1em8,,1,7.50654954020851e-08,392,7.50654954020851e-08,760.8949460983276,7.505928706857451e-08,1,7.505928706857451e-08,529.6148791313171,7.505555234560592e-08,1,7.505555234560592e-08,788.6261010169983,7.505555234560592e-08,100,7.505555234560592e-08,816.2345139980316,7.505953737340187e-08,20,7.505953737340187e-08,623.7732319831848,ok
daisy_mamil3,odepe_v2_polish,0,daisy_mamil3_2_0,,1,5.660903844449826e-13,390,5.660903844449826e-13,857.0129239559174,1.317131247898789e-10,1,1.317131247898789e-10,690.6396701335907,1.317131247898789e-10,1,1.317131247898789e-10,720.597118139267,4.632352526259511e-10,100,4.632352526259511e-10,568.070748090744,9.671244859742196e-11,20,9.671244859742196e-11,770.4399380683899,ok
daisy_mamil3,odepe_v2_polish,1em2,daisy_mamil3_2_1em2,,1,0.07471722731980551,396,0.07471722731980551,1816.221251964569,0.17010098260000658,51,0.2546230229782398,811.7442610263824,0.17010098260000658,20,0.2546230229782398,963.1935880184174,0.07471723150663084,100,0.2546230229782398,874.8475561141968,0.07471723421508962,20,0.07471723421508962,1282.79203915596,ok
daisy_mamil3,odepe_v2_polish,1em4,daisy_mamil3_2_1em4,,1,0.0006937724016723429,354,0.0006937724016723429,1315.0383069515228,0.0006937722764261394,16,0.0006937722764261394,657.0267069339752,0.0006937722764261394,20,0.0006937722764261394,713.1795878410339,0.0006937722772948761,100,0.0006937722772948761,1040.0322670936584,0.0006937722758833068,20,0.0006937722758833068,695.6308598518372,ok
daisy_mamil3,odepe_v2_polish,1em6,daisy_mamil3_2_1em6,,1,8.716507505162557e-06,438,8.716507505162557e-06,1287.5812878608704,8.716225909058097e-06,1,8.716225909058097e-06,963.1266038417816,8.716834235657069e-06,1,8.716834235657069e-06,733.111848115921,8.716225739440691e-06,100,8.716225739440691e-06,980.0941140651703,8.71623775970202e-06,20,8.71623775970202e-06,713.5080959796906,ok
daisy_mamil3,odepe_v2_polish,1em8,daisy_mamil3_2_1em8,,1,7.394065033821883e-08,425,7.394065033821883e-08,764.5263359546661,7.394060116223853e-08,1,7.394060116223853e-08,576.8518538475037,7.39406463238531e-08,1,7.39406463238531e-08,583.687390089035,7.394059125177312e-08,100,7.394059125177312e-08,726.9776329994202,7.394078168324785e-08,20,7.394078168324785e-08,722.6227478981018,ok
daisy_mamil3,odepe_v2_polish,0,daisy_mamil3_3_0,,1,8.538844791578817e-14,360,8.538844791578817e-14,890.0857520103455,1.4858455945946692e-11,1,1.4858455945946692e-11,770.5689740180969,4.25366103927757e-12,1,4.25366103927757e-12,653.7658250331879,1.4858455945946692e-11,100,1.4858455945946692e-11,790.3270301818848,2.554096646433958e-10,20,2.554096646433958e-10,791.2693400382996,ok
daisy_mamil3,odepe_v2_polish,1em2,daisy_mamil3_3_1em2,,1,0.0592687182642832,369,0.0592687182642832,1364.9871850013733,0.25960409862451084,64,0.25960409862451084,781.6315639019012,0.25960409862451084,20,0.25960409862451084,836.5932860374451,0.059268701568775506,100,0.25960409862451084,827.9423730373383,0.05926872134634545,20,0.05926872134634545,953.7499759197235,ok
daisy_mamil3,odepe_v2_polish,1em4,daisy_mamil3_3_1em4,,1,0.0005224551416832526,318,0.0005224551416832526,829.9336068630219,0.0005224633574484676,15,0.0005224633574484676,620.8094639778137,0.0005224551128330421,20,0.0005224551128330421,886.3993351459503,0.0005224552065225288,100,0.0005224552065225288,778.9597430229187,0.0005224550730548424,20,0.0005224550730548424,702.2336378097534,ok
daisy_mamil3,odepe_v2_polish,1em6,daisy_mamil3_3_1em6,,1,2.509019178414613e-06,378,2.509019178414613e-06,920.512659072876,2.5080049704562268e-06,1,2.5080049704562268e-06,1069.5306630134583,2.5083573957734454e-06,1,2.5083573957734454e-06,674.4732010364532,2.5083573957734454e-06,100,2.5083573957734454e-06,694.2185051441193,2.508326099954675e-06,20,2.508326099954675e-06,778.480250120163,ok
daisy_mamil3,odepe_v2_polish,1em8,daisy_mamil3_3_1em8,,1,1.091210614674033e-07,416,1.091210614674033e-07,938.7741808891296,1.091231423128663e-07,1,1.091231423128663e-07,605.6934139728546,1.0900104393361725e-07,1,1.0900104393361725e-07,781.1526820659637,1.0912092602365833e-07,100,1.0912092602365833e-07,655.4169039726257,1.090986152173098e-07,20,1.090986152173098e-07,875.2355661392212,ok
daisy_mamil3,odepe_v2_polish,0,daisy_mamil3_4_0,,1,4.613544891700207e-13,336,4.613544891700207e-13,889.9375128746033,1.6804307289507236e-09,1,1.6804307289507236e-09,883.2101850509644,1.6804307289507236e-09,1,1.6804307289507236e-09,938.2782258987427,1.6804307289507236e-09,100,1.6804307289507236e-09,913.3520660400391,2.9549986692049693e-09,20,2.9549986692049693e-09,908.5956888198853,ok
daisy_mamil3,odepe_v2_polish,1em2,daisy_mamil3_4_1em2,,1,0.4137860753700658,289,0.4137860753700658,1401.5421588420868,0.6265908203078779,78,1.8009003706151345,931.4549331665039,0.6265908203078779,20,1.8009003706151345,978.7985579967499,0.41378613437014317,100,1.8009003706151345,970.6115560531616,0.4137861856805455,20,0.4137861856805455,1476.444573879242,ok
daisy_mamil3,odepe_v2_polish,1em4,daisy_mamil3_4_1em4,,1,0.0010214419940972712,291,0.0010214419940972712,763.6043751239777,0.0010214424720664229,19,0.0010214424720664229,669.6893060207367,0.0010214417450648493,20,0.0010214417450648493,1169.4825489521027,0.0010214417450648493,100,0.0010214417450648493,1040.946321964264,0.001021441051431597,20,0.001021441051431597,736.828910112381,ok
daisy_mamil3,odepe_v2_polish,1em6,daisy_mamil3_4_1em6,,1,1.1981646255207195e-05,395,1.1981646255207195e-05,965.7790040969849,1.1981645224098487e-05,1,1.1981645224098487e-05,1242.815109014511,1.1981603739129048e-05,1,1.1981603739129048e-05,850.0035779476166,1.198164615445664e-05,100,1.198164615445664e-05,1314.0294511318207,1.1978779649304412e-05,20,1.1978779649304412e-05,909.8572020530701,ok
daisy_mamil3,odepe_v2_polish,1em8,daisy_mamil3_4_1em8,,1,5.207464402822046e-08,395,5.207464402822046e-08,765.6723909378052,5.207353249390879e-08,1,5.207353249390879e-08,610.0853931903839,5.2068902339381296e-08,1,5.2068902339381296e-08,630.1343178749084,5.2068902339381296e-08,100,5.2068902339381296e-08,667.484944820404,5.206878519773933e-08,20,5.206878519773933e-08,731.0516121387482,ok
daisy_mamil3,odepe_v2_polish,0,daisy_mamil3_5_0,,1,1.6750330369229661e-12,374,1.6750330369229661e-12,943.0805449485779,1.5800349917327594e-09,1,1.5800349917327594e-09,816.4969539642334,8.442241797078477e-10,1,8.442241797078477e-10,627.2768528461456,1.5800349917327594e-09,100,1.5800349917327594e-09,816.2782680988312,1.7815504308064865e-07,20,1.7815504308064865e-07,798.8864438533783,ok
daisy_mamil3,odepe_v2_polish,1em2,daisy_mamil3_5_1em2,,1,0.3164865406389251,353,0.3164865406389251,1690.481420993805,0.3164863421193667,74,10.188826882645708,973.2652058601379,10.188826882645708,20,10.188826882645708,1006.3719940185547,0.31648637152068976,100,10.188826882645708,1144.5784540176392,0.3164863875750854,20,0.3164863875750854,1446.5965127944946,ok
daisy_mamil3,odepe_v2_polish,1em4,daisy_mamil3_5_1em4,,1,0.010233121921324355,377,0.010233121921324355,1412.415953874588,0.010233121981711299,17,0.010233121981711299,660.4391331672668,0.010233121981711299,20,0.010233121981711299,714.7845528125763,0.01023312219435474,100,0.01023312219435474,864.0415380001068,0.010233192527620644,20,0.010233192527620644,878.2831840515137,ok
daisy_mamil3,odepe_v2_polish,1em6,daisy_mamil3_5_1em6,,1,2.4985702573460176e-05,445,2.4985702573460176e-05,898.9603519439697,2.4991378045940406e-05,1,2.4991378045940406e-05,705.9092609882355,2.4989177543835483e-05,1,2.4989177543835483e-05,1151.241707086563,2.4989177543835483e-05,100,2.4989177543835483e-05,1164.3112881183624,2.4987666279414087e-05,20,2.4987666279414087e-05,1415.1046228408813,ok
daisy_mamil3,odepe_v2_polish,1em8,daisy_mamil3_5_1em8,,1,7.004043669399875e-08,446,7.004043669399875e-08,905.1116361618042,7.004008021708566e-08,1,7.004008021708566e-08,913.6352210044861,7.004210987859748e-08,1,7.004210987859748e-08,639.4198749065399,7.004210987859748e-08,100,7.004210987859748e-08,637.3363451957703,7.005377899544873e-08,20,7.005377899544873e-08,910.2519240379333,ok
daisy_mamil3,odepe_v2_polish,0,daisy_mamil3_6_0,,1,7.789183760068558e-14,345,7.789183760068558e-14,697.7468249797821,1.8271480129419748e-09,1,1.8271480129419748e-09,697.808257818222,1.8271480129419748e-09,1,1.8271480129419748e-09,764.3508739471436,1.8271480129419748e-09,100,1.8271480129419748e-09,698.3809778690338,2.0020516303404962e-09,20,2.0020516303404962e-09,709.5795729160309,ok
daisy_mamil3,odepe_v2_polish,1em2,daisy_mamil3_6_1em2,,1,0.3160564193540585,298,0.3160564193540585,1315.6996898651123,0.47568339534091214,72,0.637783600236273,836.0854787826538,0.47568339534091214,20,0.637783600236273,885.5134100914001,0.3160564197059063,100,0.637783600236273,985.2694091796875,0.31605641317385974,20,0.31605641317385974,1148.52197098732,ok
daisy_mamil3,odepe_v2_polish,1em4,daisy_mamil3_6_1em4,,1,6.493528762017075e-05,295,6.493528762017075e-05,1011.0064730644226,6.493505999390562e-05,30,6.493505999390562e-05,716.1900389194489,6.493505999390562e-05,20,6.493505999390562e-05,751.2180650234222,6.493442703985911e-05,100,6.493442703985911e-05,1076.2947361469269,6.493505990254933e-05,20,6.493505990254933e-05,713.9443161487579,ok
daisy_mamil3,odepe_v2_polish,1em6,daisy_mamil3_6_1em6,,1,1.3616128398670283e-05,395,1.3616128398670283e-05,767.8897540569305,1.3616126420156691e-05,1,1.3616126420156691e-05,666.1412200927734,1.3616127290632736e-05,1,1.3616127290632736e-05,647.7745389938354,1.3618046151590878e-05,100,1.3618046151590878e-05,1194.4645161628723,1.3616121868023742e-05,20,1.3616121868023742e-05,1187.151701927185,ok
daisy_mamil3,odepe_v2_polish,1em8,daisy_mamil3_6_1em8,,1,8.91347077075106e-08,400,8.91347077075106e-08,743.4425308704376,8.906296478969235e-08,1,8.906296478969235e-08,684.1604790687561,8.904872858342777e-08,1,8.904872858342777e-08,938.2211208343506,8.906245950708744e-08,100,8.906245950708744e-08,661.0222978591919,8.905988042403358e-08,20,8.905988042403358e-08,950.033802986145,ok
daisy_mamil3,odepe_v2_polish,0,daisy_mamil3_7_0,,1,1.9356944031196017e-12,356,1.9356944031196017e-12,748.6970810890198,2.4113607201538526e-10,1,2.4113607201538526e-10,713.4699840545654,2.4113607201538526e-10,1,2.4113607201538526e-10,813.2947990894318,2.4113607201538526e-10,100,2.4113607201538526e-10,730.4917941093445,2.7437465879545347e-10,20,2.7437465879545347e-10,734.6279780864716,ok
daisy_mamil3,odepe_v2_polish,1em2,daisy_mamil3_7_1em2,,1,0.15289429956001965,288,0.15289429956001965,1205.4418120384216,0.15289437975763134,52,0.8334794987274089,1178.6784479618073,0.8334794987274843,20,0.8334794987274843,870.3155150413513,0.1528943603417729,100,0.8334794987274843,847.4073750972748,0.1528955485963305,20,0.1528955485963305,999.1850690841675,ok
daisy_mamil3,odepe_v2_polish,1em4,daisy_mamil3_7_1em4,,1,0.0005826556322963962,332,0.0005826556322963962,1284.1313109397888,0.0005826635657560981,22,0.0005826635657560981,689.9377181529999,0.0005826635657560981,20,0.0005826635657560981,750.729140996933,0.0005826635657454328,100,0.0005826635657454328,1115.2300868034363,0.000582662990388541,20,0.000582662990388541,716.4634420871735,ok
daisy_mamil3,odepe_v2_polish,1em6,daisy_mamil3_7_1em6,,1,9.770280536093321e-05,352,9.770280536093321e-05,766.6721999645233,9.77032458446167e-05,1,9.77032458446167e-05,573.8572912216187,9.770280617201282e-05,1,9.770280617201282e-05,810.1415860652924,9.77032458446167e-05,100,9.77032458446167e-05,643.6527299880981,9.770280687682453e-05,20,9.770280687682453e-05,787.6524589061737,ok
daisy_mamil3,odepe_v2_polish,1em8,daisy_mamil3_7_1em8,,1,1.7964652540764164e-07,417,1.7964652540764164e-07,689.8016049861908,1.7956313480868879e-07,1,1.7956313480868879e-07,622.092896938324,1.7953873290329532e-07,1,1.7953873290329532e-07,580.1030600070953,1.7953873290329532e-07,100,1.7953873290329532e-07,593.3324060440063,1.7915772209397285e-07,20,1.7915772209397285e-07,589.9161520004272,ok
daisy_mamil3,odepe_v2_polish,0,daisy_mamil3_8_0,,1,5.551115123125783e-14,364,5.551115123125783e-14,805.5037031173706,1.6342040873498533e-11,1,1.6342040873498533e-11,858.4255001544952,1.6342040873498533e-11,1,1.6342040873498533e-11,852.2840340137482,1.6342040873498533e-11,100,1.6342040873498533e-11,874.2633550167084,3.9566614405473476e-11,20,3.9566614405473476e-11,1080.4142291545868,ok
daisy_mamil3,odepe_v2_polish,1em2,daisy_mamil3_8_1em2,,1,0.012622395865763933,353,0.012622395865763933,1052.429044008255,0.129180698459542,67,0.129180698459542,1130.8128769397736,0.12918069846062977,20,0.12918069846062977,1188.0650460720062,0.012622374589434757,100,0.129180698459542,1178.7284350395203,0.012622375415703706,20,0.012622375415703706,1129.3472118377686,ok
daisy_mamil3,odepe_v2_polish,1em4,daisy_mamil3_8_1em4,,1,0.00017985306243166704,341,0.00017985306243166704,1291.356432914734,0.00017985308030166723,22,0.00017985308030166723,1063.0921230316162,0.00017985307810043332,20,0.00017985307810043332,814.185623884201,0.00017985307810043332,100,0.00017985307810043332,879.2479341030121,0.00017985309439588903,20,0.00017985309439588903,760.7944588661194,ok
daisy_mamil3,odepe_v2_polish,1em6,daisy_mamil3_8_1em6,,1,1.7952818330126306e-06,439,1.7952818330126306e-06,873.8471269607544,1.7952535903330385e-06,1,1.7952535903330385e-06,694.1084680557251,1.7952535544590633e-06,1,1.7952535544590633e-06,1143.9795608520508,1.7952535544590633e-06,100,1.7952535544590633e-06,1199.784173965454,1.7952532338035313e-06,20,1.7952532338035313e-06,753.7128999233246,ok
daisy_mamil3,odepe_v2_polish,1em8,daisy_mamil3_8_1em8,,1,2.2736037224453346e-08,426,2.2736037224453346e-08,723.5947420597076,2.2736057310725174e-08,1,2.2736057310725174e-08,624.6114649772644,2.2736047937131654e-08,1,2.2736047937131654e-08,641.2144930362701,2.2736047937131654e-08,100,2.2736047937131654e-08,643.8004441261292,2.2736233096037407e-08,20,2.2736233096037407e-08,1013.5685360431671,ok
daisy_mamil3,odepe_v2_polish,0,daisy_mamil3_9_0,,1,2.5486915655684784e-12,342,2.5486915655684784e-12,694.284373998642,3.5533550541205956e-09,1,3.5533550541205956e-09,791.7302899360657,3.5533550541205956e-09,1,3.5533550541205956e-09,815.3872089385986,3.5533550541205956e-09,100,3.5533550541205956e-09,788.2563941478729,6.188618735883689e-09,20,6.188618735883689e-09,742.9659600257874,ok
daisy_mamil3,odepe_v2_polish,1em2,daisy_mamil3_9_1em2,,1,0.20165913866725133,309,0.20165913866725133,1090.6438579559326,0.20165900239809983,77,0.9071002850907209,781.9229030609131,0.28514675312959425,20,0.9070274351839307,1130.6170001029968,0.20165900239809983,100,0.9071002850907209,836.0679759979248,0.20165993624820425,20,0.6132107887272966,980.1310298442841,ok
daisy_mamil3,odepe_v2_polish,1em4,daisy_mamil3_9_1em4,,1,0.012338753211186146,303,0.012338753211186146,1109.6915431022644,0.012338699827965375,37,0.012338699827965375,914.535943031311,0.012338699827965375,20,0.012338699827965375,932.4666299819946,0.012338711114730064,100,0.012338711114730064,729.4611418247223,0.012338713372427354,20,0.012338713372427354,702.847473859787,ok
daisy_mamil3,odepe_v2_polish,1em6,daisy_mamil3_9_1em6,,1,1.502206471500165e-06,404,1.502206471500165e-06,1095.11283993721,1.5032360363008196e-06,1,1.5032360363008196e-06,1107.0456202030182,1.4872933703601546e-06,1,1.4872933703601546e-06,732.4385511875153,1.4872933703601546e-06,100,1.4872933703601546e-06,688.4013531208038,1.5009449063129505e-06,20,1.5009449063129505e-06,817.545215845108,ok
daisy_mamil3,odepe_v2_polish,1em8,daisy_mamil3_9_1em8,,1,1.1170130825776755e-06,403,1.1170130825776755e-06,608.8470690250397,1.1150861785839811e-06,1,1.1150861785839811e-06,586.7806050777435,1.116629538311949e-06,1,1.116629538311949e-06,920.959988117218,1.116629538311949e-06,100,1.116629538311949e-06,883.9426169395447,1.1170146215135818e-06,20,1.1170146215135818e-06,659.5866429805756,ok
daisy_mamil4,odepe_v2_polish,0,daisy_mamil4_0_0,,2,1.7550495288266365e-12,597,1.7550495288266365e-12,13126.916149139404,5.005401256213567e-10,2,5.005401256213567e-10,3274.0539150238037,5.005401256213567e-10,2,5.005401256213567e-10,3624.348123073578,5.005401256213567e-10,100,5.005401256213567e-10,3205.2267060279846,4.825310185089283e-09,20,4.825310185089283e-09,3307.590693950653,ok
daisy_mamil4,odepe_v2_polish,1em2,daisy_mamil4_0_1em2,,2,0.7547846457878188,466,0.7547846457878188,11616.366484880447,1.0277942146507935,66,2.8976245932611326,3990.5019268989563,1.0277942146507935,20,2.8976245932611326,3997.654121160507,0.7547844860545054,100,2.8976245932611326,3903.1660850048065,0.7547859950999523,20,0.7547859950999523,3959.9285798072815,ok
daisy_mamil4,odepe_v2_polish,1em4,daisy_mamil4_0_1em4,,2,0.027698978418149587,450,0.027698978418149587,13805.476031064987,0.02769898221788845,42,0.2023375865093734,4517.807066917419,0.02769898221788845,20,0.2023375865093734,4802.910831212997,0.02769898221788845,100,0.2023375865093734,4321.762156009674,0.027698976998622164,20,0.027698976998622164,2575.591376066208,ok
daisy_mamil4,odepe_v2_polish,1em6,daisy_mamil4_0_1em6,,2,0.001478487137821987,519,0.001478487137821987,11413.963016033173,0.0014785293939025895,2,0.0014785293939025895,3940.8691041469574,0.001478487184944039,2,0.001478487184944039,2406.896020889282,0.0014784932267704496,100,0.0014784932267704496,4812.998900175095,0.0014784870693451504,20,0.0014784870693451504,5159.461804151535,ok
daisy_mamil4,odepe_v2_polish,1em8,daisy_mamil4_0_1em8,,2,4.090812626729273e-06,684,4.090812626729273e-06,13830.15329504013,4.090812768591103e-06,2,4.090812768591103e-06,1739.701269865036,4.0909382864064744e-06,2,4.0909382864064744e-06,2527.1919989585876,,,,,4.0906282312076e-06,20,4.0906282312076e-06,4711.803932189941,ok
daisy_mamil4,odepe_v2_polish,0,daisy_mamil4_1_0,,2,1.2741682283228714e-11,587,1.2741682283228714e-11,4546.333558082581,9.284889897530026e-10,2,9.284889897530026e-10,2712.6516740322113,9.697908875522672e-10,2,9.697908875522672e-10,1331.6938738822937,9.284889897530026e-10,100,9.284889897530026e-10,2646.2302618026733,5.534011558480775e-09,20,5.534011558480775e-09,2704.333291053772,ok
daisy_mamil4,odepe_v2_polish,1em2,daisy_mamil4_1_1em2,,2,1.3741262546336497,400,1.3741262546336497,5082.063542127609,1.6358887080943316,108,1.685614723024898,2349.631243944168,1.6358887080943316,20,1.685614723024898,2988.68838596344,1.6358887080943316,100,1.685614723024898,2969.251771211624,1.6358886976206979,20,14.929965288234104,2815.9867379665375,ok
daisy_mamil4,odepe_v2_polish,1em4,daisy_mamil4_1_1em4,,2,0.11178307502474895,462,0.11178307502474895,7551.094851970673,0.10644548362995915,200,0.299978686388396,3631.18008685112,0.299978686388396,20,0.299978686388396,8210.878704071045,0.11178307516208098,100,0.299978686388396,7075.435858011246,0.2151689572164219,20,0.2151689572164219,6670.638183116913,ok
daisy_mamil4,odepe_v2_polish,1em6,daisy_mamil4_1_1em6,,2,0.0021889458526836015,477,0.0021889458526836015,6629.280748128891,0.0021889483336392265,2,0.0021889483336392265,3764.3841710090637,0.002188950770755516,4,0.002188950770755516,1892.0111210346222,0.0021889483336392265,100,0.0021889483336392265,3681.353129863739,0.0021889505965460277,20,0.0021889505965460277,3816.7735300064087,ok
daisy_mamil4,odepe_v2_polish,1em8,daisy_mamil4_1_1em8,,2,1.2399170363243641e-05,682,1.2399170363243641e-05,5998.01694893837,1.2399091531108547e-05,2,1.2399091531108547e-05,3613.4176847934723,1.239917121293887e-05,2,1.239917121293887e-05,3523.674658060074,1.239917121293887e-05,100,1.239917121293887e-05,3526.7662110328674,1.240137592464178e-05,20,1.240137592464178e-05,3275.189572095871,ok
daisy_mamil4,odepe_v2_polish,0,daisy_mamil4_2_0,,2,4.154118623505198e-13,559,4.154118623505198e-13,2676.2454240322113,2.7973830713920074e-10,2,2.7973830713920074e-10,2723.518068790436,2.7973830713920074e-10,2,2.7973830713920074e-10,2673.997923851013,2.7973830713920074e-10,100,2.7973830713920074e-10,2663.980484008789,3.1560547533327176e-10,20,3.1560547533327176e-10,2637.0832550525665,ok
daisy_mamil4,odepe_v2_polish,1em2,daisy_mamil4_2_1em2,,2,0.38610253661075444,439,0.38610253661075444,4829.901125907898,0.38610253661075444,101,0.38610253661075444,3653.434135913849,0.38610253661075444,20,0.38610253661075444,3699.2308979034424,0.38610253661075444,100,0.38610253661075444,3770.0467989444733,0.3861025366096547,20,0.48308400451888783,3696.741884946823,ok
daisy_mamil4,odepe_v2_polish,1em4,daisy_mamil4_2_1em4,,2,0.007504627401172493,457,0.007504627401172493,2913.903002023697,0.02479418267125428,74,0.02479418267125428,3096.307055950165,0.007504627401172493,20,0.024794182671025476,1838.0117988586426,0.007504627401172493,100,0.024794182671025476,1636.358510017395,0.024794182679845192,20,0.024794182679845192,1738.1394670009613,ok
daisy_mamil4,odepe_v2_polish,1em6,daisy_mamil4_2_1em6,,2,8.587152382585883e-05,523,8.587152382585883e-05,3033.9406111240387,8.587155094868926e-05,2,8.587155094868926e-05,3075.7852098941803,8.58715969436724e-05,2,8.58715969436724e-05,1663.7998399734497,8.587159572549964e-05,100,8.587159572549964e-05,3330.9114859104156,8.587152367898985e-05,20,8.587152367898985e-05,1682.225044965744,ok
daisy_mamil4,odepe_v2_polish,1em8,daisy_mamil4_2_1em8,,2,5.203285131584144e-07,653,5.203285131584144e-07,5287.14325594902,5.20303260500721e-07,2,5.20303260500721e-07,2794.4003369808197,5.205996462129218e-07,2,5.205996462129218e-07,3118.5944418907166,5.205466025426047e-07,100,5.205466025426047e-07,1468.6942369937897,5.203823118623236e-07,20,5.203823118623236e-07,2924.0000550746918,ok
daisy_mamil4,odepe_v2_polish,0,daisy_mamil4_3_0,,2,6.5280272769910246e-12,626,6.5280272769910246e-12,8238.489639997482,7.386704884123932e-11,2,7.386704884123932e-11,1854.6169521808624,4.4174848963981123e-10,2,4.4174848963981123e-10,1075.5686230659485,7.386704884123932e-11,100,7.386704884123932e-11,1825.215754032135,3.011145625771276e-10,20,3.011145625771276e-10,1874.6724300384521,ok
daisy_mamil4,odepe_v2_polish,1em2,daisy_mamil4_3_1em2,,2,0.9888230023991369,378,0.9888230023991369,5801.933957099915,1.984241369001339,123,4.5854563640275465,3334.6733300685883,2.098241686682884,20,4.5854563640275465,4799.38511800766,1.984241369001339,100,4.5854563640275465,4807.234008073807,0.9999728467125223,20,3.7733525349719077,3064.4662141799927,ok
daisy_mamil4,odepe_v2_polish,1em4,daisy_mamil4_3_1em4,,2,0.09443457192393091,498,0.09443457192393091,14912.122370958328,0.011978345841083255,95,4.950305180304582,3803.390226125717,0.09443459558927123,20,4.949679825441925,3590.3621089458466,0.09443458940679014,100,4.950305180304582,5337.479860067368,0.09443437315602095,20,0.09443437315602095,3727.145826101303,ok
daisy_mamil4,odepe_v2_polish,1em6,daisy_mamil4_3_1em6,,2,0.0005581831663506033,640,0.0005581831663506033,10552.450979948044,0.0005581845920723073,2,0.0005581845920723073,3052.781970024109,0.0005581007021093597,2,0.0005581007021093597,3207.9670600891113,0.0005581007021093597,100,0.0005581007021093597,2564.4334251880646,0.0005581908569361454,20,0.0005581908569361454,2661.685178041458,ok
daisy_mamil4,odepe_v2_polish,1em8,daisy_mamil4_3_1em8,,2,4.251050340356363e-06,699,4.251050340356363e-06,15907.44765496254,4.250770717348766e-06,2,4.250770717348766e-06,1212.1287450790405,4.25094235634628e-06,2,4.25094235634628e-06,2504.2177250385284,4.250932205216074e-06,100,4.250932205216074e-06,1272.0179240703583,4.2509265378239516e-06,20,4.2509265378239516e-06,1346.707533121109,ok
daisy_mamil4,odepe_v2_polish,0,daisy_mamil4_4_0,,2,1.1760096442758173e-11,618,1.1760096442758173e-11,11170.997318983078,4.4723924622837575e-09,2,4.4723924622837575e-09,2909.772712945938,4.2967627092261236e-09,2,4.2967627092261236e-09,1404.7513930797577,4.4723924622837575e-09,100,4.4723924622837575e-09,2855.621856212616,7.945568257712499e-09,20,7.945568257712499e-09,2569.309916973114,ok
daisy_mamil4,odepe_v2_polish,1em2,daisy_mamil4_4_1em2,,2,0.15613717418582715,520,0.15613717418582715,4942.048379182816,0.35398427193075915,137,0.35398427193075915,3926.1138718128204,0.35398427193075915,20,0.35398427193075915,5149.69869685173,0.35398427193075915,100,0.35398427193075915,5195.3580939769745,0.1561371740850783,20,1.1270787293615974,4951.451237916946,ok
daisy_mamil4,odepe_v2_polish,1em4,daisy_mamil4_4_1em4,,2,0.07568043191476927,496,0.07568043191476927,17939.72733592987,0.028664254511244137,139,0.33152331408931773,4727.074352025986,0.07567974241689351,20,0.3315233142605295,5197.0445239543915,0.07567974241689351,100,0.3315233142605295,5011.666231870651,0.07567997204949709,20,0.07567997204949709,6353.4074947834015,ok
daisy_mamil4,odepe_v2_polish,1em6,daisy_mamil4_4_1em6,,2,0.001291060041786897,635,0.001291060041786897,11391.091952085495,0.0031945664030842555,2,0.0031945664030842555,4290.0826070308685,0.0031945777535193273,6,0.0031945777535193273,3288.207283973694,0.0026028465705670743,100,0.0031945664030842555,6198.11746096611,0.0031945777292051477,20,0.0031945777292051477,5882.982148885727,ok
daisy_mamil4,odepe_v2_polish,1em8,daisy_mamil4_4_1em8,,2,2.75922761794511e-05,699,2.75922761794511e-05,11048.737378835678,2.759215701812136e-05,2,2.759215701812136e-05,4749.382442951202,2.758710584144585e-05,2,2.758710584144585e-05,4298.937060117722,2.7592410867515584e-05,100,2.7592410867515584e-05,7072.519585132599,2.759147346236799e-05,20,2.759147346236799e-05,6158.696793079376,ok
daisy_mamil4,odepe_v2_polish,0,daisy_mamil4_5_0,,2,2.136645561333895e-12,532,2.136645561333895e-12,6748.804151058197,4.0053451296392005e-08,2,4.0053451296392005e-08,3032.5482630729675,2.0405818741666565e-10,2,2.0405818741666565e-10,1421.7528290748596,2.0405818741666565e-10,100,2.0405818741666565e-10,1502.3862099647522,2.7129078897877217e-09,20,2.7129078897877217e-09,2933.5927789211273,ok
daisy_mamil4,odepe_v2_polish,1em2,daisy_mamil4_5_1em2,,2,0.9999358973073554,481,0.9999358973073554,6356.435215950012,1.0503031851860418,162,54.906877797354724,4307.989454030991,9.233330118466265,20,54.906877797354724,5603.825049877167,9.233330118466265,100,54.906877797354724,5611.500472068787,0.9998720985863164,20,0.9998720985863164,5834.83040189743,ok
daisy_mamil4,odepe_v2_polish,1em4,daisy_mamil4_5_1em4,,2,0.15712776281370053,463,0.15712776281370053,8023.762406110764,0.15712776281694366,69,1.0805871613088702,4135.206834793091,0.15712776285155058,20,1.0805871613086864,2315.1838290691376,0.15712776285155058,100,1.0805871613086864,2131.6133949756622,0.1571277627845892,20,0.3920445356673033,4088.732796907425,ok
daisy_mamil4,odepe_v2_polish,1em6,daisy_mamil4_5_1em6,,2,0.005158281182640505,607,0.005158281182640505,7223.074559211731,0.005158362998031683,2,0.005158362998031683,3695.011251926422,0.005158362998031683,2,0.005158362998031683,3016.4005930423737,0.005158362998031683,100,0.005158362998031683,4043.292923927307,0.005158369273680843,20,0.005158369273680843,3975.4960918426514,ok
daisy_mamil4,odepe_v2_polish,1em8,daisy_mamil4_5_1em8,,2,2.960248821942964e-05,630,2.960248821942964e-05,4764.101044893265,2.9602480960279093e-05,2,2.9602480960279093e-05,3800.5265719890594,2.96039685045193e-05,2,2.96039685045193e-05,3616.860044002533,2.96039685045193e-05,100,2.96039685045193e-05,4513.579320907593,2.9602696144630912e-05,20,2.9602696144630912e-05,4528.692888975143,ok
daisy_mamil4,odepe_v2_polish,0,daisy_mamil4_6_0,,2,2.3341371570604853e-12,532,2.3341371570604853e-12,9290.242227077484,5.020449867797739e-10,2,5.020449867797739e-10,3024.948672056198,8.589146132223573e-10,2,8.589146132223573e-10,1514.9643540382385,8.589146132223573e-10,100,8.589146132223573e-10,1583.8551948070526,7.124254889726936e-10,20,7.124254889726936e-10,3158.6463799476624,ok
daisy_mamil4,odepe_v2_polish,1em2,daisy_mamil4_6_1em2,,2,0.6321400285042285,384,0.6321400285042285,4547.519549846649,0.6321434806329259,41,3.3104417449383114,2021.9427530765533,1.8523680827239668,20,3.3104417449383114,2009.6986818313599,0.6321434806329259,100,3.3104417449383114,2039.5728859901428,3.310441345085661,20,8.18372049242289,2006.690796136856,ok
daisy_mamil4,odepe_v2_polish,1em4,daisy_mamil4_6_1em4,,2,0.03588061008579445,488,0.03588061008579445,20734.12310194969,0.03588059535713598,200,0.35054390406208574,2988.1674439907074,0.035880628063318654,20,0.35054390408082486,14072.113651037216,0.03588081089306341,100,0.35054390406208574,13293.439718008041,0.035880626501105156,20,0.035880626501105156,7112.539083003998,ok
daisy_mamil4,odepe_v2_polish,1em6,daisy_mamil4_6_1em6,,2,0.0014686121297466594,571,0.0014686121297466594,14881.187519073486,0.0014686266958633127,2,0.0014686266958633127,1889.5043859481812,0.0014686199151569745,2,0.0014686199151569745,3759.3970940113068,0.0014686264530489972,100,0.0014686264530489972,1964.4087128639221,0.001468626763493865,20,0.001468626763493865,4255.607028007507,ok
daisy_mamil4,odepe_v2_polish,1em8,daisy_mamil4_6_1em8,,2,1.928853319622983e-05,644,1.928853319622983e-05,13118.92331981659,1.92885310047848e-05,2,1.92885310047848e-05,4130.040899038315,1.928853243312942e-05,2,1.928853243312942e-05,2633.925082921982,1.9288419256923123e-05,100,1.9288419256923123e-05,4756.872164011002,1.9288532669763494e-05,20,1.9288532669763494e-05,4331.529011011124,ok
daisy_mamil4,odepe_v2_polish,0,daisy_mamil4_7_0,,2,4.0457459265681994e-12,576,4.0457459265681994e-12,4312.63823390007,3.150888371251989e-09,2,3.150888371251989e-09,2746.1129529476166,3.1482104878916388e-09,2,3.1482104878916388e-09,1397.599897146225,3.150888371251989e-09,100,3.150888371251989e-09,2723.28338599205,6.352476221046451e-09,20,6.352476221046451e-09,2484.8060138225555,ok
daisy_mamil4,odepe_v2_polish,1em2,daisy_mamil4_7_1em2,,2,0.2759718794994899,506,0.2759718794994899,7825.884507894516,0.5188426544514763,104,1.627821956168867,4924.087791919708,1.5076251035253787,20,1.627821956168867,6061.316459178925,0.5188426544514763,100,1.627821956168867,6189.6922788619995,0.2759735295861851,20,0.2759735295861851,6361.664942979813,ok
daisy_mamil4,odepe_v2_polish,1em4,daisy_mamil4_7_1em4,,2,0.03552230611412565,528,0.03552230611412565,12632.989891052246,,,,,0.03552202462540231,20,0.03552202462540231,5392.752937078476,,,,,0.035522105141043966,20,0.035522105141043966,4401.585205078125,ok
daisy_mamil4,odepe_v2_polish,1em6,daisy_mamil4_7_1em6,,2,0.00018213001251556705,460,0.00018213001251556705,4634.965774059296,0.00018213189453195034,2,0.00018213189453195034,3861.3685801029205,0.0001821305387538651,2,0.0001821305387538651,1924.9856469631195,0.0001821305387538651,100,0.0001821305387538651,1938.8739240169525,0.0001821306633257616,20,0.0001821306633257616,4257.680785179138,ok
daisy_mamil4,odepe_v2_polish,1em8,daisy_mamil4_7_1em8,,2,1.553362517495012e-06,678,1.553362517495012e-06,5445.766008138657,1.5533000907560855e-06,2,1.5533000907560855e-06,1687.6627099514008,1.553364448096577e-06,2,1.553364448096577e-06,3130.0813598632812,1.5533820394109024e-06,100,1.5533820394109024e-06,1760.4366660118103,1.5533703286767388e-06,20,1.5533703286767388e-06,4051.4621641635895,ok
daisy_mamil4,odepe_v2_polish,0,daisy_mamil4_8_0,,2,1.1355692278315986e-07,884,1.1355692278315986e-07,31974.909304857254,4.8094240869062986e-06,2,4.8094240869062986e-06,3606.029958963394,1.2877391165096248e-06,2,1.2877391165096248e-06,1524.744658946991,4.8094240869062986e-06,100,4.8094240869062986e-06,3540.478870153427,1.9995788235720105e-06,20,1.9995788235720105e-06,3238.7716250419617,ok
daisy_mamil4,odepe_v2_polish,1em2,daisy_mamil4_8_1em2,,2,0.803032066964966,482,0.803032066964966,6999.139149904251,0.910186448564965,85,4.4004356733987295,3709.67364692688,0.910186448564965,20,4.4004356733987295,3984.87620306015,0.910186448564965,100,4.4004356733987295,4049.6300230026245,0.9999533766495926,20,2.5897380989864844,4301.510710954666,ok
daisy_mamil4,odepe_v2_polish,1em4,daisy_mamil4_8_1em4,,2,0.5124990911835563,650,0.5124990911835563,25537.390375852585,0.6997306278384067,175,4.207773203266895,2602.080507993698,0.9760460502194579,20,4.207773203266895,4613.168145895004,0.5609067328112338,100,4.207773203266895,4819.919308900833,0.6086249649051336,20,1.0766545565971724,7400.549023151398,ok
daisy_mamil4,odepe_v2_polish,1em6,daisy_mamil4_8_1em6,,2,0.03650169373875769,672,0.03650169373875769,23597.644062042236,0.06811956940027558,18,1.014488022320805,2867.3476898670197,0.03650169595396935,20,0.8486709944411401,7594.412916183472,0.03650169372862107,100,0.848615890444178,10005.875967025757,0.03650169458626213,20,0.8486363194308371,8661.347633838654,ok
daisy_mamil4,odepe_v2_polish,1em8,daisy_mamil4_8_1em8,,2,0.006193209787272447,884,0.006193209787272447,23160.149651050568,0.1488316388686948,14,0.1488316388686948,3042.722804784775,0.06254071361815927,20,0.06254071361815927,5686.66188287735,0.06254071361815927,100,0.06254071361815927,5949.019166946411,0.07105706912653165,20,0.07105706912653165,11468.80035495758,ok
daisy_mamil4,odepe_v2_polish,0,daisy_mamil4_9_0,,2,1.754945395353908e-12,560,1.754945395353908e-12,3232.361364841461,9.353264194901708e-10,2,9.353264194901708e-10,2314.5594170093536,9.353264194901708e-10,2,9.353264194901708e-10,2334.5346648693085,9.353264194901708e-10,100,9.353264194901708e-10,2370.253221988678,4.913353454253207e-10,20,4.913353454253207e-10,2702.833519935608,ok
daisy_mamil4,odepe_v2_polish,1em2,daisy_mamil4_9_1em2,,2,0.9143717838167406,492,0.9143717838167406,7507.259460926056,0.9143617725002913,139,1.3164473789804487,3401.8785769939423,1.2263882218606579,20,1.3164473789804487,3592.1693568229675,0.9143617725002913,100,1.3164473789804487,3647.2185299396515,1.21138871090865,20,1.21138871090865,3451.0840950012207,ok
daisy_mamil4,odepe_v2_polish,1em4,daisy_mamil4_9_1em4,,2,0.0025386929949256743,481,0.0025386929949256743,6552.640480041504,0.0025389572280336875,92,0.04099376533627955,1914.5048320293427,0.04099376533627955,20,0.04099376533627955,2130.131206035614,0.002538880762740463,100,0.04099376534442343,3647.3848748207092,0.0025389454206621387,20,0.0025389454206621387,1806.7944090366364,ok
daisy_mamil4,odepe_v2_polish,1em6,daisy_mamil4_9_1em6,,2,0.00020110833798587483,465,0.00020110833798587483,3314.259835958481,0.00020110808543075516,2,0.00020110808543075516,1546.2955930233002,0.0002011085459956747,2,0.0002011085459956747,2913.4648780822754,0.00020110835306627207,100,0.00020110835306627207,1593.1807680130005,0.00020110828178440278,20,0.00020110828178440278,1620.1502931118011,ok
daisy_mamil4,odepe_v2_polish,1em8,daisy_mamil4_9_1em8,,2,7.272475595938258e-07,680,7.272475595938258e-07,2863.059876203537,7.265617922778767e-07,2,7.265617922778767e-07,1393.7922959327698,7.27197793846747e-07,2,7.27197793846747e-07,1732.9232881069183,7.27197793846747e-07,100,7.27197793846747e-07,1620.5701370239258,7.271982678723277e-07,20,7.271982678723277e-07,1659.140221118927,ok
dc_motor,odepe_v2_polish,0,dc_motor_0_0,,1,6.375078458658876e-11,204,6.375078458658876e-11,304.3122651576996,6.371871746524643e-11,1,6.371871746524643e-11,301.47240686416626,6.47867681832323e-11,1,6.47867681832323e-11,326.0207829475403,6.371871746524643e-11,100,6.371871746524643e-11,314.1841928958893,2.7410786693296904e-11,20,3.6313695815058006e-05,310.22955417633057,ok
dc_motor,odepe_v2_polish,1em2,dc_motor_0_1em2,,1,0.01640045298317272,242,0.01640045298317272,411.14369893074036,0.06587904183398635,55,0.26466298898580837,426.02216386795044,0.1723325652905233,20,0.26466298898580837,432.75762605667114,0.02234162347165154,100,0.26466298898580837,428.56418895721436,0.02203843221499059,20,0.022460143690164455,434.34980511665344,ok
dc_motor,odepe_v2_polish,1em4,dc_motor_0_1em4,,1,0.00015215791029744621,260,0.00015215791029744621,357.81256103515625,0.0002362245769170723,23,0.03230664057750853,377.33667492866516,0.0016210747120805938,20,0.03230664057674188,405.9992530345917,0.0001983457398646636,100,0.03230664057674188,400.496621131897,0.00023898086106853545,20,0.00023898086106853545,379.9440920352936,ok
dc_motor,odepe_v2_polish,1em6,dc_motor_0_1em6,,1,2.954854806853852e-05,280,2.954854806853852e-05,422.3283140659332,2.954854807254944e-05,1,2.954854807254944e-05,445.5251989364624,2.954854807254944e-05,12,2.954854807254944e-05,427.6271049976349,2.954854810608074e-05,100,2.954854810608074e-05,377.76006507873535,2.9548545940504097e-05,20,0.00014192155263950814,392.3231990337372,ok
dc_motor,odepe_v2_polish,1em8,dc_motor_0_1em8,,1,3.7736210448835786e-05,229,3.7736210448835786e-05,326.4868218898773,4.328468631465176e-05,2,0.00014827624945411383,305.68513894081116,0.00014827624945411383,19,0.00014827624945411383,298.3575551509857,4.328468631465176e-05,100,0.00014827624945411383,336.31294202804565,0.0001427918961905131,20,0.0001427918961905131,360.01455092430115,ok
dc_motor,odepe_v2_polish,0,dc_motor_1_0,,1,5.704007860288353e-12,214,5.704007860288353e-12,311.6055040359497,5.702403070108212e-12,1,5.702403070108212e-12,311.8103530406952,3.680221553113561e-12,1,3.680221553113561e-12,306.09982800483704,5.702403070108212e-12,100,5.702403070108212e-12,312.16839694976807,4.892127391762713e-11,20,2.02564936273073e-05,307.1736319065094,ok
dc_motor,odepe_v2_polish,1em2,dc_motor_1_1em2,,1,0.024409756553940627,217,0.024409756553940627,469.1442561149597,0.04872232055954903,47,0.12897149606416264,468.4662449359894,0.04872232055954903,20,0.12897149606416264,476.5852220058441,0.024312634662322384,100,0.12897149606416264,476.14143919944763,0.024457377610476026,20,0.024457377610476026,490.05441784858704,ok
dc_motor,odepe_v2_polish,1em4,dc_motor_1_1em4,,1,0.00013137897586698474,201,0.00013137897586698474,372.75770902633667,0.00044968814323516804,14,0.006913509357138796,337.239951133728,0.0011199500222652111,20,0.006913509357138796,370.1980209350586,0.00013137897586698474,100,0.006913509357138796,363.8054621219635,0.00042086487217426956,20,0.00042086487217426956,356.8882429599762,ok
dc_motor,odepe_v2_polish,1em6,dc_motor_1_1em6,,1,6.060406036991321e-06,272,6.060406036991321e-06,437.26681995391846,2.5895829269657004e-05,2,5.934071020634439e-05,365.5580539703369,2.5895829269657004e-05,14,5.934071012391653e-05,366.1072680950165,1.0505458917229256e-05,100,5.934071020634439e-05,368.99482011795044,3.842768625265635e-05,20,3.842768625265635e-05,362.4847891330719,ok
dc_motor,odepe_v2_polish,1em8,dc_motor_1_1em8,,1,5.478137394101648e-06,249,5.478137394101648e-06,305.6955940723419,5.218771198601172e-06,1,5.218771198601172e-06,312.95148181915283,5.218771198601172e-06,2,5.218771198601172e-06,299.6126480102539,5.218771198601172e-06,100,5.218771198601172e-06,343.4871971607208,6.0218478954494995e-06,20,2.2285862972915266e-05,352.4622571468353,ok
dc_motor,odepe_v2_polish,0,dc_motor_2_0,,1,7.019861474863567e-11,210,7.019861474863567e-11,340.4101710319519,7.020420728999105e-11,1,7.020420728999105e-11,320.97379302978516,7.020420728999105e-11,1,7.020420728999105e-11,310.40337109565735,7.020420728999105e-11,100,7.020420728999105e-11,335.8125548362732,2.5335040864552496e-11,20,1.1328494909990777e-05,301.10252690315247,ok
dc_motor,odepe_v2_polish,1em2,dc_motor_2_1em2,,1,0.08288651082053107,254,0.08288651082053107,454.64525413513184,0.11009170502169001,48,0.11009170502169001,483.8354308605194,0.11009170502169001,20,0.11009170502169001,479.95484614372253,0.08288651082053107,100,0.11009170502169001,481.84793305397034,0.08352703834647557,20,0.08352703834647557,504.0560472011566,ok
dc_motor,odepe_v2_polish,1em4,dc_motor_2_1em4,,1,0.000819761361648847,237,0.000819761361648847,430.6726438999176,0.0026701742143773917,22,0.009618462564042212,396.38131380081177,0.0015859521461860447,20,0.009618462564042212,523.6028680801392,0.000819761361648847,100,0.009618462564045733,389.78055715560913,0.0008179821185212233,20,0.002705759076929864,432.5194230079651,ok
dc_motor,odepe_v2_polish,1em6,dc_motor_2_1em6,,1,8.438572739062748e-06,260,8.438572739062748e-06,434.51325011253357,0.00040341846978492435,3,0.00040341846978492435,314.63283681869507,0.00015170538603363903,20,0.00015170538603363903,387.40236806869507,0.00014364897315187868,100,0.00015170538603363903,393.07589888572693,0.00014009048689663146,20,0.00014009048689663146,382.8875391483307,ok
dc_motor,odepe_v2_polish,1em8,dc_motor_2_1em8,,1,8.983960662143225e-06,212,8.983960662143225e-06,287.0986020565033,7.153401966339359e-05,2,7.153401966339359e-05,352.6102919578552,7.153401966339359e-05,14,7.153401966339359e-05,332.9876561164856,1.0509077642954651e-05,100,9.095019440435588e-05,339.11040902137756,4.3171555248599395e-05,20,4.3171555248599395e-05,366.89551401138306,ok
dc_motor,odepe_v2_polish,0,dc_motor_3_0,,1,6.426525978042719e-12,198,6.426525978042719e-12,292.4731240272522,6.432410160073232e-12,1,6.432410160073232e-12,306.8409688472748,6.432410160073232e-12,1,6.432410160073232e-12,304.36905884742737,6.432410160073232e-12,100,6.432410160073232e-12,303.4978678226471,8.035794252236883e-13,20,6.866455078125e-05,298.04006600379944,ok
dc_motor,odepe_v2_polish,1em2,dc_motor_3_1em2,,1,0.0651702880859375,205,0.0651702880859375,471.41037702560425,0.10111678532205692,34,0.5097683769856647,467.01876521110535,0.10111678532205692,20,0.5097683769856647,464.93414402008057,0.0651702880859375,100,0.5097683769856647,461.9867150783539,0.06563186645507812,20,0.06563186645507812,485.4035749435425,ok
dc_motor,odepe_v2_polish,1em4,dc_motor_3_1em4,,1,4.884618273852324e-05,219,4.884618273852324e-05,393.68741488456726,0.000308990478515625,15,0.006319452415097793,363.3407690525055,0.003721740456117617,20,0.0063194524151724,426.569580078125,0.00020120835163182945,100,0.006319452415097793,384.12366700172424,0.000461578369140625,20,0.000461578369140625,502.9062991142273,ok
dc_motor,odepe_v2_polish,1em6,dc_motor_3_1em6,,1,1.3616349962033878e-05,250,1.3616349962033878e-05,381.40374398231506,7.2479248046875e-05,2,8.055025178030181e-05,349.7643630504608,7.2479248046875e-05,20,8.055025178030181e-05,382.065691947937,6.855698570973345e-05,100,8.055025165307507e-05,351.47251200675964,8.055024858233395e-05,20,0.000911712646484375,387.7152349948883,ok
dc_motor,odepe_v2_polish,1em8,dc_motor_3_1em8,,1,1.289410243490264e-06,243,1.289410243490264e-06,289.47443103790283,1.2894101937820536e-06,1,1.2894101937820536e-06,316.4963970184326,1.2894101937820536e-06,1,1.2894101937820536e-06,329.80858087539673,1.2894101937820536e-06,100,1.2894101937820536e-06,336.38797307014465,1.289403918722686e-06,20,4.9591064453125e-05,376.1753079891205,ok
dc_motor,odepe_v2_polish,0,dc_motor_4_0,,1,5.5065396686870827e-11,249,5.5065396686870827e-11,417.4043288230896,5.597161623072111e-11,1,5.597161623072111e-11,318.89655113220215,5.597161623072111e-11,1,5.597161623072111e-11,329.5056390762329,5.597161623072111e-11,100,5.597161623072111e-11,325.21102714538574,2.2951363032319705e-11,20,2.027080006850845e-05,348.7057740688324,ok
dc_motor,odepe_v2_polish,1em2,dc_motor_4_1em2,,1,0.08367599367866121,215,0.08367599367866121,448.54666900634766,0.08367599367866418,56,0.5788677903791023,443.04939913749695,0.08367599367866418,20,0.5788677903791023,451.77197909355164,0.08367599367866418,100,0.5788677903791023,457.03254985809326,0.08367599367858516,20,0.2528038024902343,468.59335494041443,ok
dc_motor,odepe_v2_polish,1em4,dc_motor_4_1em4,,1,0.00032407410290772616,305,0.00032407410290772616,440.46881198883057,0.0010004043579101007,24,0.017188558335287235,367.15978503227234,0.0009419093201685338,20,0.017188558334113868,368.7203769683838,0.00032407410290772616,100,0.017188558334113868,368.4299831390381,0.0009908676147460382,20,0.0021924972534179132,366.16147208213806,ok
dc_motor,odepe_v2_polish,1em6,dc_motor_4_1em6,,1,2.010373303482184e-05,310,2.010373303482184e-05,455.68552803993225,0.00024610764529503504,2,0.00024610764529503504,373.92598390579224,0.00024610764650323524,20,0.00024610764650323524,458.06520795822144,5.358722017984041e-05,100,0.00024610764650323524,397.9776539802551,0.0002461076258079842,20,0.001176834106445257,391.28090810775757,ok
dc_motor,odepe_v2_polish,1em8,dc_motor_4_1em8,,1,2.587865219630392e-05,275,2.587865219630392e-05,308.22453594207764,2.587865209624507e-05,2,2.587865209624507e-05,328.46485114097595,2.587866224590396e-05,8,2.587866224590396e-05,293.4098119735718,2.587866224590396e-05,100,2.587866224590396e-05,315.7184569835663,2.587862699493515e-05,20,6.580352783197574e-05,311.25522685050964,ok
dc_motor,odepe_v2_polish,0,dc_motor_5_0,,1,5.917542225976162e-11,193,5.917542225976162e-11,283.2710030078888,5.915040880125501e-11,1,5.915040880125501e-11,303.575315952301,5.915040880125501e-11,1,5.915040880125501e-11,344.9399399757385,5.915040880125501e-11,100,5.915040880125501e-11,293.77937412261963,1.071632466396439e-11,20,3.437823559869273e-05,313.61993288993835,ok
dc_motor,odepe_v2_polish,1em2,dc_motor_5_1em2,,1,0.04688180211078685,253,0.04688180211078685,1135.1468479633331,0.06564149648870898,63,0.09385583614203953,460.0187590122223,0.09385583614203953,20,0.09385583614203953,464.71922612190247,0.051206657685429174,100,0.09385583614203953,466.8602728843689,0.04725867581654739,20,0.051583531391189714,468.6170139312744,ok
dc_motor,odepe_v2_polish,1em4,dc_motor_5_1em4,,1,0.0003469076501318253,254,0.0003469076501318253,378.99468302726746,0.0006226688982492952,17,0.004511242505489132,394.0333309173584,0.003124507286480876,20,0.004511242505507725,386.0663549900055,0.00046601223322518284,100,0.004511242505489132,346.36499190330505,0.0010868669992470362,20,0.0012707078313253493,334.7737169265747,ok
dc_motor,odepe_v2_polish,1em6,dc_motor_5_1em6,,1,1.612337315730432e-05,289,1.612337315730432e-05,1346.0891978740692,1.6805894395669315e-05,2,1.6805894395669315e-05,348.4552779197693,6.655038121239755e-05,20,0.00022207985990107827,360.74217796325684,2.780657010639256e-05,100,0.00022207985990107827,345.24348497390747,6.655038121239755e-05,20,6.655038121239755e-05,351.70486092567444,ok
dc_motor,odepe_v2_polish,1em8,dc_motor_5_1em8,,1,1.0223153909627983e-05,234,1.0223153909627983e-05,309.69507908821106,1.0223154082849526e-05,1,1.0223154082849526e-05,299.14810395240784,1.0223154661369356e-05,1,1.0223154661369356e-05,321.275927066803,1.0223154661369356e-05,100,1.0223154661369356e-05,320.42779302597046,1.0223166726818397e-05,20,2.9966055628716908e-05,298.57208800315857,ok
dc_motor,odepe_v2_polish,0,dc_motor_6_0,,1,1.8147565435286693e-12,195,1.8147565435286693e-12,331.22686886787415,5.966909814144379e-12,1,5.966909814144379e-12,294.3240520954132,5.966909814144379e-12,1,5.966909814144379e-12,355.48234009742737,5.966909814144379e-12,100,5.966909814144379e-12,300.8515028953552,5.1099237835433855e-11,20,1.9138142213993086e-05,295.6673710346222,ok
dc_motor,odepe_v2_polish,1em2,dc_motor_6_1em2,,1,0.031155505815075844,247,0.031155505815075844,405.7723469734192,0.031155505815075844,52,0.08483983599118897,436.6379737854004,0.031155505815075844,20,0.08483983599118897,437.033164024353,0.031155505815075844,100,0.08483983599118897,436.42094898223877,0.031155505814997566,20,0.07481873151168088,423.8166208267212,ok
dc_motor,odepe_v2_polish,1em4,dc_motor_6_1em4,,1,6.008686992409196e-05,259,6.008686992409196e-05,397.8977801799774,9.331193942462647e-05,20,0.004493846138854337,355.31022906303406,0.004493846138854337,20,0.004493846138854337,334.73664379119873,6.008686992409196e-05,100,0.004493846138854337,371.46784591674805,9.888040143892247e-05,20,9.888040143892247e-05,396.90524196624756,ok
dc_motor,odepe_v2_polish,1em6,dc_motor_6_1em6,,1,2.1241487159921607e-05,299,2.1241487159921607e-05,423.36511421203613,9.56266829110494e-05,2,0.0001005841073055847,338.7059669494629,0.0001005841073055847,20,0.0001005841073055847,329.9570279121399,2.1241487159921607e-05,100,0.0001005841073055847,352.1080160140991,0.00020524563503831274,20,0.0002976756984904561,369.81943106651306,ok
dc_motor,odepe_v2_polish,1em8,dc_motor_6_1em8,,1,5.140703413115268e-07,254,5.140703413115268e-07,317.7894060611725,5.140703417157342e-07,1,5.140703417157342e-07,357.63226795196533,5.140702791983212e-07,1,5.140702791983212e-07,352.66063594818115,5.140702791983212e-07,100,5.140702791983212e-07,352.1322100162506,5.140703278379464e-07,20,1.3166260950828638e-05,326.1263358592987,ok
dc_motor,odepe_v2_polish,0,dc_motor_7_0,,1,4.3548820880173116e-11,209,4.3548820880173116e-11,301.1967611312866,4.354414116102862e-11,1,4.354414116102862e-11,321.5997440814972,4.354414116102862e-11,1,4.354414116102862e-11,351.1207449436188,4.354414116102862e-11,100,4.354414116102862e-11,332.348788022995,7.381692156751914e-12,20,1.4260757801064584e-05,412.22807598114014,ok
dc_motor,odepe_v2_polish,1em2,dc_motor_7_1em2,,1,0.03481980257256095,224,0.03481980257256095,411.9797258377075,0.06396981004492684,52,0.2823527521392746,426.7031729221344,0.10023527273464614,20,0.2823527521392746,425.96463894844055,0.03481980257256095,100,0.2823527521392746,426.9404048919678,0.035080399624137074,20,0.035080399624137074,436.35545682907104,ok
dc_motor,odepe_v2_polish,1em4,dc_motor_7_1em4,,1,4.614231198325027e-05,272,4.614231198325027e-05,408.67970991134644,0.00028832565397912576,20,0.011085280889431212,423.0184659957886,0.002638636593078298,20,0.01062120730396863,395.18835377693176,6.213570882342515e-05,100,0.011085280889431212,409.9335949420929,0.00027210190451363485,20,0.00027210190451363485,368.99970984458923,ok
dc_motor,odepe_v2_polish,1em6,dc_motor_7_1em6,,1,1.5250815260691243e-05,249,1.5250815260691243e-05,443.8535490036011,1.525081503364418e-05,2,1.525081503364418e-05,397.46830892562866,1.525081527860327e-05,20,1.525081527860327e-05,363.852255821228,1.525081527860327e-05,100,1.525081527860327e-05,387.220281124115,1.5250815717690023e-05,20,3.834556860938638e-05,367.9100489616394,ok
dc_motor,odepe_v2_polish,1em8,dc_motor_7_1em8,,1,7.64205907647519e-06,228,7.64205907647519e-06,308.52641701698303,7.64212147213876e-06,2,7.64212147213876e-06,331.62785601615906,7.642059057594942e-06,4,7.642059057594942e-06,288.7097878456116,7.64212147213876e-06,100,7.64212147213876e-06,355.5399079322815,7.642311802125674e-06,20,0.00014871774717810856,322.0112271308899,ok
dc_motor,odepe_v2_polish,0,dc_motor_8_0,,1,8.62215088932277e-11,206,8.62215088932277e-11,347.1136419773102,8.636934487364462e-11,1,8.636934487364462e-11,322.43498492240906,8.636934487364462e-11,1,8.636934487364462e-11,328.1125659942627,8.636934487364462e-11,100,8.636934487364462e-11,320.2877311706543,8.42498458044693e-11,20,2.526764822484717e-05,344.03775095939636,ok
dc_motor,odepe_v2_polish,1em2,dc_motor_8_1em2,,1,0.10118941861297441,176,0.10118941861297441,403.05646109580994,0.22100253993208072,32,0.7083416938704523,420.99875807762146,0.3931824463108477,20,0.7083416938704523,426.14722990989685,0.10118941861297441,100,0.7083416938704523,430.61808013916016,0.10122270567462907,20,0.10122270567462907,455.8762400150299,ok
dc_motor,odepe_v2_polish,1em4,dc_motor_8_1em4,,1,0.00039286721647297787,246,0.00039286721647297787,438.7853968143463,0.0006708141812894592,29,0.03753767164058418,385.8283939361572,0.015601215842548992,20,0.03753767164058418,444.3633530139923,0.00039286721647297787,100,0.037537671640678734,428.37180495262146,0.0005659599370772537,20,0.0005659599370772537,385.1068501472473,ok
dc_motor,odepe_v2_polish,1em6,dc_motor_8_1em6,,1,2.971182136256699e-05,262,2.971182136256699e-05,485.64397501945496,0.00012657072323563057,6,0.0009378407319177289,353.49458289146423,2.9988808207056328e-05,20,0.00011621888501887011,442.4546241760254,8.147341210604701e-05,100,0.0009378407319177289,353.497309923172,9.161930849822874e-05,20,9.161930849822874e-05,347.019868850708,ok
dc_motor,odepe_v2_polish,1em8,dc_motor_8_1em8,,1,3.7920614892111243e-06,240,3.7920614892111243e-06,343.14838004112244,3.088375881627629e-06,2,3.088375881627629e-06,319.83844089508057,3.8125139779236552e-06,7,3.8125139779236552e-06,398.15689396858215,3.088375881627629e-06,100,3.088375881627629e-06,350.74964690208435,4.0330417953280206e-06,20,1.0066007444291126e-05,351.1962330341339,ok
dc_motor,odepe_v2_polish,0,dc_motor_9_0,,1,2.120631461406935e-12,212,2.120631461406935e-12,316.3461787700653,2.1212907387374725e-12,1,2.1212907387374725e-12,324.0325229167938,2.1212907387374725e-12,1,2.1212907387374725e-12,335.9418659210205,2.5259551642213926e-12,100,2.5259551642213926e-12,324.3058829307556,2.3569164566715763e-12,20,2.108362620467918e-05,301.6718850135803,ok
dc_motor,odepe_v2_polish,1em2,dc_motor_9_1em2,,1,0.045328396869511615,178,0.045328396869511615,443.0923430919647,0.04532959834359528,35,0.08080518601609891,463.0873520374298,0.04532959834359528,20,0.08080518601609891,478.20568013191223,0.04532959834359528,100,0.08080518601609891,466.79110193252563,0.04532409447605893,20,0.06137090852361851,457.0022280216217,ok
dc_motor,odepe_v2_polish,1em4,dc_motor_9_1em4,,1,3.170457418624043e-05,274,3.170457418624043e-05,416.404629945755,0.00015686017034169248,15,0.004179875733651508,350.21004009246826,0.00052580367040382,20,0.004179875733651508,461.2820281982422,1.3582496914862756e-05,100,0.004179875733651508,381.71919894218445,3.283720401570153e-05,20,3.283720401570153e-05,392.3592338562012,ok
dc_motor,odepe_v2_polish,1em6,dc_motor_9_1em6,,1,1.5892117179928114e-05,284,1.5892117179928114e-05,397.17805099487305,0.00012627916494624265,2,0.00034675830307061273,336.9621012210846,0.00026730970079149116,20,0.00034675830307061273,375.32783913612366,4.8369609256861064e-05,100,5.428433181310021e-05,358.99337005615234,5.267634810861186e-05,20,0.0003562211424041879,339.0487208366394,ok
dc_motor,odepe_v2_polish,1em8,dc_motor_9_1em8,,1,1.3342299094137273e-05,238,1.3342299094137273e-05,295.946918964386,1.6093913409528484e-05,1,1.6093913409528484e-05,301.51312613487244,1.6093913409528484e-05,2,1.6093913409528484e-05,285.0718901157379,9.358390160063226e-06,100,1.6093913409528484e-05,320.4936099052429,1.642339595054146e-05,20,1.699850848058707e-05,304.2394359111786,ok
fitzhugh_nagumo,odepe_v2_polish,0,fitzhugh_nagumo_0_0,,1,8.132777351487296e-12,538,8.132777351487296e-12,438.5443880558014,8.762178813203123e-10,1,8.762178813203123e-10,404.5665760040283,9.810866404994354e-10,1,9.810866404994354e-10,391.0427429676056,8.762178813203123e-10,100,8.762178813203123e-10,405.7164080142975,7.960160308684294e-10,20,7.960160308684294e-10,420.47162795066833,ok
fitzhugh_nagumo,odepe_v2_polish,1em2,fitzhugh_nagumo_0_1em2,,1,2.846177174948496,392,2.846177174948496,463.1460428237915,13.610224266227874,141,20.304905195422187,649.204638004303,20.206754369898952,20,20.304905195422187,630.2179880142212,16.110526150767477,100,20.304905195422187,631.827653169632,2.8461773300181297,20,2.8461773300181297,652.0686750411987,ok
fitzhugh_nagumo,odepe_v2_polish,1em4,fitzhugh_nagumo_0_1em4,,1,0.014572344562444701,446,0.014572344562444701,405.45342898368835,0.420495205760838,81,0.43097677709917626,377.85243797302246,0.014572557626002436,20,0.43097677709917626,407.023992061615,0.014572343363278246,100,0.4310680937808035,422.9149708747864,0.014572372727520174,20,0.014572372727520174,426.33652210235596,ok
fitzhugh_nagumo,odepe_v2_polish,1em6,fitzhugh_nagumo_0_1em6,,1,0.0005954790959307124,546,0.0005954790959307124,388.25655579566956,0.0005954844449625119,1,0.0005954844449625119,439.05105900764465,0.0005954789341811304,2,0.0005954789341811304,390.1333909034729,0.0005954789341811304,100,0.0005954789341811304,405.07249903678894,0.0005954908415057277,20,0.0005954908415057277,415.00886511802673,ok
fitzhugh_nagumo,odepe_v2_polish,1em8,fitzhugh_nagumo_0_1em8,,1,3.490353263952655e-06,628,3.490353263952655e-06,362.2517640590668,3.4903632397030397e-06,1,3.4903632397030397e-06,369.14905190467834,3.490567931918598e-06,1,3.490567931918598e-06,402.0751950740814,3.490567931918598e-06,100,3.490567931918598e-06,392.7328760623932,3.4912472943050504e-06,20,3.4912472943050504e-06,445.3186571598053,ok
fitzhugh_nagumo,odepe_v2_polish,0,fitzhugh_nagumo_1_0,,1,9.356381327480202e-12,537,9.356381327480202e-12,493.3741171360016,3.194311932977661e-12,1,3.194311932977661e-12,431.59313797950745,1.2859693397763213e-09,1,1.2859693397763213e-09,382.41569900512695,3.194311932977661e-12,100,3.194311932977661e-12,429.60957312583923,1.8811102018958693e-08,20,1.8811102018958693e-08,428.0374732017517,ok
fitzhugh_nagumo,odepe_v2_polish,1em2,fitzhugh_nagumo_1_1em2,,1,0.42697886700607524,484,0.42697886700607524,533.4063889980316,0.4256354213507483,199,0.4256354213507483,629.9966750144958,0.4256354213507483,20,0.4256354213507483,639.3040728569031,0.4256354213507483,100,0.4256354213507483,641.2799780368805,0.4257390210174529,20,0.9999761645337174,643.8094520568848,ok
fitzhugh_nagumo,odepe_v2_polish,1em4,fitzhugh_nagumo_1_1em4,,1,0.0022979072167429574,338,0.0022979072167429574,529.4841060638428,0.002297919559884732,42,0.5168342057857502,414.38188314437866,0.002297919559884732,20,0.5168342057857502,396.805104970932,0.002297919559884732,100,0.5168342057857502,424.6389219760895,0.08189865214060835,20,0.5167111109125223,397.27523398399353,ok
fitzhugh_nagumo,odepe_v2_polish,1em6,fitzhugh_nagumo_1_1em6,,1,0.00034595464793149013,544,0.00034595464793149013,452.4758629798889,0.0003459518811385889,1,0.0003459518811385889,414.90168499946594,0.0003459460047343538,5,0.0003459460047343538,371.12285900115967,0.0003459460047343538,100,0.0003459460047343538,441.45698714256287,0.0003459542116249835,20,0.0003459542116249835,433.4159719944,ok
fitzhugh_nagumo,odepe_v2_polish,1em8,fitzhugh_nagumo_1_1em8,,1,2.0281790432702495e-06,588,2.0281790432702495e-06,367.75705099105835,2.0307686512089287e-06,1,2.0307686512089287e-06,351.513081073761,2.0272319207623885e-06,1,2.0272319207623885e-06,405.1370060443878,2.027227495654823e-06,100,2.027227495654823e-06,398.85852813720703,2.0272342197331726e-06,20,2.0272342197331726e-06,410.80183601379395,ok
fitzhugh_nagumo,odepe_v2_polish,0,fitzhugh_nagumo_2_0,,1,1.2250311450643632e-11,556,1.2250311450643632e-11,476.551481962204,5.256321133991357e-10,1,5.256321133991357e-10,416.62453508377075,5.256321133991357e-10,1,5.256321133991357e-10,409.51703095436096,5.256321133991357e-10,100,5.256321133991357e-10,412.5759310722351,1.546532059503514e-08,20,1.546532059503514e-08,477.0171129703522,ok
fitzhugh_nagumo,odepe_v2_polish,1em2,fitzhugh_nagumo_2_1em2,,1,0.6045685685820325,464,0.6045685685820325,607.677463054657,0.6045685685820325,83,52.19053824137636,548.9930670261383,0.6045685685820325,20,52.19053824137636,544.600338935852,0.6045685685820325,100,52.19053824137636,561.1212539672852,0.6045685685821479,20,0.9999235532755852,537.6322250366211,ok
fitzhugh_nagumo,odepe_v2_polish,1em4,fitzhugh_nagumo_2_1em4,,1,0.03510946036838833,386,0.03510946036838833,457.2205021381378,0.035109080314957075,28,0.06678756673840985,376.7232549190521,0.03510926129984592,20,0.06701661997515826,400.6395490169525,0.03510926129984592,100,0.06701661997515826,396.4675440788269,0.03510908257838236,20,0.03510908257838236,380.73000502586365,ok
fitzhugh_nagumo,odepe_v2_polish,1em6,fitzhugh_nagumo_2_1em6,,1,0.00027582036841856326,615,0.00027582036841856326,568.8092060089111,0.00027582033478157055,1,0.00027582033478157055,388.74601006507874,0.0002758349191372179,2,0.0002758349191372179,398.0630488395691,0.0002758349191372179,100,0.0002758349191372179,392.85255789756775,0.00027582025353345034,20,0.00027582025353345034,406.2502830028534,ok
fitzhugh_nagumo,odepe_v2_polish,1em8,fitzhugh_nagumo_2_1em8,,1,5.125925539499056e-06,558,5.125925539499056e-06,392.600781917572,5.125949501387298e-06,1,5.125949501387298e-06,490.3708128929138,5.134464595508805e-06,1,5.134464595508805e-06,406.1150460243225,5.134464595508805e-06,100,5.134464595508805e-06,434.28934597969055,5.125870840384512e-06,20,5.125870840384512e-06,373.54016494750977,ok
fitzhugh_nagumo,odepe_v2_polish,0,fitzhugh_nagumo_3_0,,1,3.478659752514158e-11,546,3.478659752514158e-11,340.0858669281006,1.2659110054555503e-08,1,1.2659110054555503e-08,355.21863889694214,1.2659110054555503e-08,1,1.2659110054555503e-08,352.53298711776733,1.2659110054555503e-08,100,1.2659110054555503e-08,350.4485080242157,1.318968651682837e-08,20,1.318968651682837e-08,379.88618993759155,ok
fitzhugh_nagumo,odepe_v2_polish,1em2,fitzhugh_nagumo_3_1em2,,1,0.6087407578763359,295,0.6087407578763359,444.18429684638977,0.6087407578763359,111,3.0150204024266904,659.108648777008,0.6087407578763359,20,3.0150204024266904,661.3874061107635,0.6087407578763359,100,3.0150204024266904,643.4837682247162,0.6087407578763873,20,1.3043201189882987,652.6903340816498,ok
fitzhugh_nagumo,odepe_v2_polish,1em4,fitzhugh_nagumo_3_1em4,,1,0.02629736055470742,350,0.02629736055470742,381.8046221733093,0.02629749398647364,106,0.9950257281383578,414.53586506843567,0.16778585732231754,20,0.9950257281383578,349.2885670661926,0.02629749398647364,100,0.9950257281383578,401.67632508277893,0.026297468402917405,20,0.026297468402917405,434.8366379737854,ok
fitzhugh_nagumo,odepe_v2_polish,1em6,fitzhugh_nagumo_3_1em6,,1,3.067284992019387e-05,445,3.067284992019387e-05,399.95555996894836,3.068543248224147e-05,1,3.068543248224147e-05,338.4268400669098,3.068404044320418e-05,17,3.068404044320418e-05,397.2085471153259,3.068404044320418e-05,100,3.068404044320418e-05,358.93425607681274,3.0684127637633427e-05,20,3.0684127637633427e-05,386.0638630390167,ok
fitzhugh_nagumo,odepe_v2_polish,1em8,fitzhugh_nagumo_3_1em8,,1,1.9372909018585115e-06,487,1.9372909018585115e-06,350.07990407943726,1.937293406398582e-06,1,1.937293406398582e-06,355.7861659526825,1.9376265881743103e-06,1,1.9376265881743103e-06,364.0785701274872,1.9376265881743103e-06,100,1.9376265881743103e-06,340.89383697509766,1.9359472462380777e-06,20,1.9359472462380777e-06,377.7925570011139,ok
fitzhugh_nagumo,odepe_v2_polish,0,fitzhugh_nagumo_4_0,,1,4.5015743092552937e-11,561,4.5015743092552937e-11,367.0581040382385,3.76367245345425e-08,1,3.76367245345425e-08,353.80666518211365,3.4477192884862094e-08,1,3.4477192884862094e-08,343.44144105911255,3.76367245345425e-08,100,3.76367245345425e-08,383.33146595954895,1.672540794197624e-08,20,1.672540794197624e-08,340.1462171077728,ok
fitzhugh_nagumo,odepe_v2_polish,1em2,fitzhugh_nagumo_4_1em2,,1,0.48733096490000966,295,0.48733096490000966,405.67911195755005,0.4873309649000091,96,8.382465715170603,562.2381711006165,0.4873309649000091,20,8.382465715170603,561.2722749710083,0.4873309649000091,100,8.382465715170603,547.4091241359711,0.48733096490021244,20,19.503390329845224,559.8141689300537,ok
fitzhugh_nagumo,odepe_v2_polish,1em4,fitzhugh_nagumo_4_1em4,,1,0.1745083554637099,353,0.1745083554637099,408.2078092098236,0.17450835546371013,106,0.42862026595719566,366.6559410095215,0.21905807039567404,20,0.4290325022000658,449.70952916145325,0.21599722882396696,100,0.42862026595719566,407.23494505882263,0.21830848274147663,20,0.41453641971885574,377.77371287345886,ok
fitzhugh_nagumo,odepe_v2_polish,1em6,fitzhugh_nagumo_4_1em6,,1,0.0015870894925858396,556,0.0015870894925858396,482.1843900680542,0.02350030304468266,6,0.02350030304468266,359.13729095458984,0.01167649314162608,20,0.02350030304468266,451.92186093330383,0.0015870894332246188,100,0.02350030304468266,393.1796419620514,0.023500388624081228,20,0.023500388624081228,384.4257140159607,ok
fitzhugh_nagumo,odepe_v2_polish,1em8,fitzhugh_nagumo_4_1em8,,1,0.00021848869093691865,524,0.00021848869093691865,340.4713921546936,0.00021850864907210928,1,0.00021850864907210928,340.78351497650146,0.00021854108142421057,1,0.00021854108142421057,342.33218812942505,0.00021854108142421057,100,0.00021854108142421057,369.5995328426361,0.0002184812311733603,20,0.0002184812311733603,335.68055510520935,ok
fitzhugh_nagumo,odepe_v2_polish,0,fitzhugh_nagumo_5_0,,1,9.769808419059068e-12,531,9.769808419059068e-12,511.56134486198425,1.6938361555656773e-09,1,1.6938361555656773e-09,603.5391550064087,1.6938361555656773e-09,1,1.6938361555656773e-09,631.299978017807,1.6938361555656773e-09,100,1.6938361555656773e-09,625.0352230072021,6.910869725946932e-11,20,6.910869725946932e-11,646.0388128757477,ok
fitzhugh_nagumo,odepe_v2_polish,1em2,fitzhugh_nagumo_5_1em2,,1,1.146092049581132,422,1.146092049581132,629.0547091960907,4.177082097044151,196,31.345396480929505,658.8087899684906,4.177082097044151,20,31.345396480929505,685.859295129776,4.177082097044151,100,31.345396480929505,658.6910269260406,0.9999166610164332,20,1.146092050077369,658.3397831916809,ok
fitzhugh_nagumo,odepe_v2_polish,1em4,fitzhugh_nagumo_5_1em4,,1,0.012132155800823052,441,0.012132155800823052,485.9487519264221,0.012132155729440338,118,0.5365148282541076,446.7873480319977,0.012132155729440338,20,0.5365148282541076,446.13929200172424,0.012132157169613165,100,0.5365315737294026,511.251669883728,0.012132212212904232,20,0.012132212212904232,483.02869296073914,ok
fitzhugh_nagumo,odepe_v2_polish,1em6,fitzhugh_nagumo_5_1em6,,1,0.0006641362370283975,489,0.0006641362370283975,488.6413400173187,0.0006640876696659003,1,0.0006640876696659003,458.7231750488281,0.0006641360853243674,4,0.0006641360853243674,435.3945589065552,0.0006641360853243674,100,0.0006641360853243674,494.7427451610565,0.0006641360699820253,20,0.0006641360699820253,567.396891117096,ok
fitzhugh_nagumo,odepe_v2_polish,1em8,fitzhugh_nagumo_5_1em8,,1,8.684226304800906e-06,554,8.684226304800906e-06,431.5833070278168,8.68726659884789e-06,1,8.68726659884789e-06,531.1779727935791,8.684227126388328e-06,1,8.684227126388328e-06,461.5575499534607,8.684224861063304e-06,100,8.684224861063304e-06,629.1484661102295,8.683592148766769e-06,20,8.683592148766769e-06,612.2499208450317,ok
fitzhugh_nagumo,odepe_v2_polish,0,fitzhugh_nagumo_6_0,,1,4.637256311033627e-12,522,4.637256311033627e-12,392.93702697753906,3.796132670928596e-11,1,3.796132670928596e-11,432.7339930534363,3.796132670928596e-11,1,3.796132670928596e-11,481.31686186790466,3.796132670928596e-11,100,3.796132670928596e-11,421.2035551071167,5.0972473905282215e-09,20,5.0972473905282215e-09,430.0133581161499,ok
fitzhugh_nagumo,odepe_v2_polish,1em2,fitzhugh_nagumo_6_1em2,,1,0.5938838359866017,363,0.5938838359866017,508.65514302253723,0.6998461883515228,181,5.3502114160302385,486.0904350280762,0.9850184799656831,20,5.3502114160302385,502.3219139575958,0.5938838359866019,100,5.3502114160302385,513.9926700592041,0.6998461883580758,20,0.9999533834539541,506.61917209625244,ok
fitzhugh_nagumo,odepe_v2_polish,1em4,fitzhugh_nagumo_6_1em4,,1,0.025857666829059236,452,0.025857666829059236,481.8942160606384,0.025857670844495067,92,0.12790115580054975,402.94906401634216,0.11103421775626038,20,0.12790115580054975,417.1815881729126,0.025857670844495067,100,0.12790115580054975,435.3396120071411,0.025857812336240567,20,0.025857812336240567,431.26649498939514,ok
fitzhugh_nagumo,odepe_v2_polish,1em6,fitzhugh_nagumo_6_1em6,,1,0.00033631707853754543,531,0.00033631707853754543,483.6784179210663,0.0003363135822916773,1,0.0003363135822916773,477.2706379890442,0.00033633119096359665,12,0.00033633119096359665,397.5771610736847,0.00033633119096359665,100,0.00033633119096359665,420.7839410305023,0.0003363309221793806,20,0.0003363309221793806,381.04141902923584,ok
fitzhugh_nagumo,odepe_v2_polish,1em8,fitzhugh_nagumo_6_1em8,,1,2.564792188629261e-06,493,2.564792188629261e-06,380.13800501823425,2.5652600189984166e-06,1,2.5652600189984166e-06,398.02696204185486,2.5650880213417273e-06,1,2.5650880213417273e-06,378.85472893714905,2.5650880213417273e-06,100,2.5650880213417273e-06,384.6190240383148,2.5650934519059757e-06,20,2.5650934519059757e-06,419.0498471260071,ok
fitzhugh_nagumo,odepe_v2_polish,0,fitzhugh_nagumo_7_0,,1,2.996711136773135e-12,582,2.996711136773135e-12,472.0733790397644,2.8621284047981528e-09,1,2.8621284047981528e-09,500.6677920818329,8.871491021736028e-10,1,8.871491021736028e-10,389.10912680625916,2.8621284047981528e-09,100,2.8621284047981528e-09,495.2440450191498,3.3340858164197936e-09,20,3.3340858164197936e-09,513.4358999729156,ok
fitzhugh_nagumo,odepe_v2_polish,1em2,fitzhugh_nagumo_7_1em2,,1,0.9999862850095586,530,0.9999862850095586,573.67920088768,1.8316626651789556,232,3.6528069775259646,737.0255610942841,1.8316626651789556,20,3.6528069775259646,814.6865379810333,1.831609031601674,100,3.6528069775259646,824.9040660858154,1.8316024366924792,20,7.898966987513242,786.0296201705933,ok
fitzhugh_nagumo,odepe_v2_polish,1em4,fitzhugh_nagumo_7_1em4,,1,0.07356038176250486,477,0.07356038176250486,557.4607620239258,0.07356031858861392,92,0.838698270770216,518.0548977851868,0.14804844318141663,20,0.8386982707728081,428.7530300617218,0.07356031858861392,100,0.838698270770216,517.2924158573151,0.07356080785387874,20,0.07356080785387874,512.8886890411377,ok
fitzhugh_nagumo,odepe_v2_polish,1em6,fitzhugh_nagumo_7_1em6,,1,0.0013712213530183675,577,0.0013712213530183675,513.348874092102,0.0013712215625158483,2,0.0013712215625158483,512.6307601928711,0.0013712371841926203,7,0.0013712371841926203,459.90887689590454,0.0013712371841926203,100,0.0013712371841926203,437.29016399383545,0.001371240089439022,20,0.001371240089439022,486.72025990486145,ok
fitzhugh_nagumo,odepe_v2_polish,1em8,fitzhugh_nagumo_7_1em8,,1,1.775621515381704e-05,590,1.775621515381704e-05,424.69586396217346,1.7752645761844038e-05,1,1.7752645761844038e-05,644.5675270557404,1.7752852216280247e-05,1,1.7752852216280247e-05,637.5256099700928,1.7752852216280247e-05,100,1.7752852216280247e-05,715.5964438915253,1.7752538831506437e-05,20,1.7752538831506437e-05,646.3021590709686,ok
fitzhugh_nagumo,odepe_v2_polish,0,fitzhugh_nagumo_8_0,,1,6.645918383520034e-12,488,6.645918383520034e-12,447.7078950405121,1.6011850355302124e-08,1,1.6011850355302124e-08,424.67953085899353,1.6011850355302124e-08,1,1.6011850355302124e-08,475.47214102745056,1.6011850355302124e-08,100,1.6011850355302124e-08,439.91098499298096,8.024368206941782e-10,20,8.024368206941782e-10,465.86953997612,ok
fitzhugh_nagumo,odepe_v2_polish,1em2,fitzhugh_nagumo_8_1em2,,1,0.2152378292239537,415,0.2152378292239537,631.9111490249634,0.2152378292239537,118,0.6995337716409317,540.5437960624695,0.6795460859268313,20,0.6995337716409317,575.7450098991394,0.2152378292239537,100,0.6995337716409317,591.3317790031433,0.4362775413986075,20,0.4362775413986075,584.9406940937042,ok
fitzhugh_nagumo,odepe_v2_polish,1em4,fitzhugh_nagumo_8_1em4,,1,0.02501988097510565,433,0.02501988097510565,654.0689969062805,0.025020138922316772,58,0.06830840829724517,377.26922392845154,0.04917049712743253,20,0.06830840829724517,419.4306390285492,0.02501988097510565,100,0.06830751173685023,429.7547769546509,0.06830828155669964,20,0.06830828155669964,435.2291078567505,ok
fitzhugh_nagumo,odepe_v2_polish,1em6,fitzhugh_nagumo_8_1em6,,1,7.760979676665582e-05,684,7.760979676665582e-05,570.8947188854218,7.760993064897905e-05,1,7.760993064897905e-05,349.9029190540314,7.760952840944989e-05,10,7.760952840944989e-05,374.17449593544006,7.760952840944989e-05,100,7.760952840944989e-05,387.2984549999237,7.760980598833568e-05,20,7.760980598833568e-05,398.782931804657,ok
fitzhugh_nagumo,odepe_v2_polish,1em8,fitzhugh_nagumo_8_1em8,,1,2.0916614978850484e-07,512,2.0916614978850484e-07,422.9543888568878,2.0943835929211994e-07,1,2.0943835929211994e-07,357.529088973999,2.0917451280777664e-07,1,2.0917451280777664e-07,351.208801984787,2.0917451280777664e-07,100,2.0917451280777664e-07,387.09700107574463,2.091624690907829e-07,20,2.091624690907829e-07,335.32749104499817,ok
fitzhugh_nagumo,odepe_v2_polish,0,fitzhugh_nagumo_9_0,,1,9.621963338878233e-11,642,9.621963338878233e-11,339.59672498703003,1.485395406736056e-09,1,1.485395406736056e-09,406.98724007606506,1.485395406736056e-09,1,1.485395406736056e-09,398.659343957901,1.485395406736056e-09,100,1.485395406736056e-09,391.8492178916931,1.4651538631934011e-09,20,1.4651538631934011e-09,385.9197368621826,ok
fitzhugh_nagumo,odepe_v2_polish,1em2,fitzhugh_nagumo_9_1em2,,1,0.9999834162520731,358,0.9999834162520731,536.960823059082,2.2781325009000053,114,105.81688932940253,667.3523149490356,2.2781325009000053,20,105.81688932940253,674.793704032898,2.2781325009000053,100,105.81688932940253,697.0538499355316,0.9999726325088019,20,0.9999726325088019,685.924644947052,ok
fitzhugh_nagumo,odepe_v2_polish,1em4,fitzhugh_nagumo_9_1em4,,1,0.010072403918405403,557,0.010072403918405403,536.5040400028229,0.010072566847991548,110,0.3869177098366371,395.38731694221497,0.010072573631032831,20,0.3869177098336371,545.4377391338348,0.010072566847991548,100,0.3869177098366371,430.2019109725952,0.010072592209416292,20,0.010072592209416292,464.91411089897156,ok
fitzhugh_nagumo,odepe_v2_polish,1em6,fitzhugh_nagumo_9_1em6,,1,0.0002112487208876587,527,0.0002112487208876587,408.7403450012207,0.00021126275237830572,1,0.00021126275237830572,416.7373249530792,0.00021126272767104618,1,0.00021126272767104618,392.8672881126404,0.00021126272767104618,100,0.00021126272767104618,422.4292299747467,0.00021126273857575113,20,0.00021126273857575113,394.46280884742737,ok
fitzhugh_nagumo,odepe_v2_polish,1em8,fitzhugh_nagumo_9_1em8,,1,2.766066466867172e-06,647,2.766066466867172e-06,395.22733306884766,2.7661448303374345e-06,1,2.7661448303374345e-06,379.7549030780792,2.766171780125667e-06,1,2.766171780125667e-06,432.2675619125366,2.7661704396341633e-06,100,2.7661704396341633e-06,399.8068308830261,2.7666828398463488e-06,20,2.7666828398463488e-06,457.9680860042572,ok
flexible_arm,odepe_v2_polish,0,flexible_arm_0_0,,1,4.448787017786849e-12,202,4.448787017786849e-12,14665.303812026978,0.6219314023661177,61,1.1598467501747318,1934.057503938675,3.279475456628865e-12,1,3.279475456628865e-12,5438.08390712738,4.373168493998492e-12,100,4.373168493998492e-12,4675.001401901245,1.3738393139167075e-12,20,1.3738393139167075e-12,4477.972263097763,ok
flexible_arm,odepe_v2_polish,1em2,flexible_arm_0_1em2,,1,1.0054068023717242,244,1.0054068023717242,4645.6188452243805,2.346689165965812,25,5.618534451018703,2221.133071899414,2.346689165965812,20,5.618534451018703,2887.7177290916443,1.0055294311372198,100,5.618534451018703,2990.422644853592,1.005688440436445,20,7.638858638799882,2115.746785879135,ok
flexible_arm,odepe_v2_polish,1em4,flexible_arm_0_1em4,,1,0.14805624902137413,208,0.14805624902137413,12287.772040843964,0.5592913273619382,60,1.6759488752339402,1927.8579859733582,0.14805630771997602,20,1.6759488752867904,4057.991861104965,0.1480562620638638,100,1.6759488752339402,3812.3578448295593,0.14805639349937208,20,0.14805639349937208,4347.066712141037,ok
flexible_arm,odepe_v2_polish,1em6,flexible_arm_0_1em6,,1,0.0025694106773252764,210,0.0025694106773252764,16270.199129104614,0.45122489236717134,61,0.9826132375913476,1863.8477680683136,0.0025694168444820617,1,0.0025694168444820617,5927.712381839752,0.0025694168444820617,100,0.0025694168444820617,5276.642302036285,0.002569410691432017,20,0.002569410691432017,4428.9684319496155,ok
flexible_arm,odepe_v2_polish,1em8,flexible_arm_0_1em8,,1,4.7798807520680085e-06,208,4.7798807520680085e-06,14879.00851893425,0.3776305485570156,66,1.1605937432164066,1864.0250809192657,4.778988582149819e-06,1,4.778988582149819e-06,5313.6527400016785,4.778988582149819e-06,100,4.778988582149819e-06,4946.103283166885,4.778933745520753e-06,20,4.778933745520753e-06,4764.393218994141,ok
flexible_arm,odepe_v2_polish,0,flexible_arm_1_0,,1,9.490833670024365e-13,235,9.490833670024365e-13,3963.214354991913,1.5451711766377365e-12,1,1.5451711766377365e-12,1943.9700441360474,1.5451711766377365e-12,1,1.5451711766377365e-12,2907.560667037964,1.6570374965401801e-12,100,1.6570374965401801e-12,2084.713142156601,1.2330982419413214e-12,20,1.2330982419413214e-12,1881.688884973526,ok
flexible_arm,odepe_v2_polish,1em2,flexible_arm_1_1em2,,1,0.9999644128113878,277,0.9999644128113878,5339.11988902092,1.3859296040567468,56,2.957700161803898,2367.529531955719,1.7041598855677962,20,2.957700161803898,5201.007663965225,0.9999644128113878,100,2.957700161803898,5215.202198982239,0.9999323104683175,20,7.407608422909276,2951.7862429618835,ok
flexible_arm,odepe_v2_polish,1em4,flexible_arm_1_1em4,,1,0.0271014528087771,266,0.0271014528087771,6837.556169986725,0.022525620416353805,100,3.5766077730328596,2150.1694791316986,0.4865481224639912,20,3.5766077730328596,3169.552826166153,0.02710145477983116,100,3.576514567503236,3766.2640800476074,0.027101455513713176,20,0.027101455513713176,2565.272139072418,ok
flexible_arm,odepe_v2_polish,1em6,flexible_arm_1_1em6,,1,0.000429957613772604,235,0.000429957613772604,4160.4509699344635,0.00042995761671319924,1,0.00042995761671319924,1812.8051941394806,0.00042995761671319924,1,0.00042995761671319924,2408.0180740356445,0.00042995761671319924,100,0.00042995761671319924,2503.094183921814,0.000429957614213203,20,0.000429957614213203,1146.0836460590363,ok
flexible_arm,odepe_v2_polish,1em8,flexible_arm_1_1em8,,1,1.325062375165752e-06,235,1.325062375165752e-06,4786.148566007614,1.32514596053846e-06,1,1.32514596053846e-06,1849.089770078659,1.3251462467863537e-06,1,1.3251462467863537e-06,2358.506724834442,1.32514596053846e-06,100,1.32514596053846e-06,2463.5241808891296,1.325130044246846e-06,20,1.325130044246846e-06,1921.707757949829,ok
flexible_arm,odepe_v2_polish,0,flexible_arm_2_0,,1,2.0704159107874543e-12,190,2.0704159107874543e-12,4383.912178993225,2.537817495998669e-12,1,2.537817495998669e-12,803.9622278213501,2.3984048750270275e-12,1,2.3984048750270275e-12,625.5841040611267,2.466726291927037e-12,100,2.466726291927037e-12,688.885968208313,2.012596603579845e-12,20,2.012596603579845e-12,706.2243549823761,ok
flexible_arm,odepe_v2_polish,1em2,flexible_arm_2_1em2,,1,1.0264479265973154,292,1.0264479265973154,6294.865386962891,3.1156991144600363,46,3.3913611907834245,2422.2616760730743,3.1156991144600363,20,3.3913611907834245,5506.312957048416,0.9812379594795646,100,3.3913611907834245,5509.318275928497,1.109158002101076,20,1.1129549181037308,4900.015223026276,ok
flexible_arm,odepe_v2_polish,1em4,flexible_arm_2_1em4,,1,0.009935655121708103,212,0.009935655121708103,2647.1076679229736,0.009935568297377835,38,1.0821676344112683,1544.6584260463715,0.8055647074271223,20,1.082167634410851,1558.1699509620667,0.009935568297377835,100,1.0821676344112683,1492.8963069915771,0.009935570710317644,20,0.009935570710317644,1694.2962651252747,ok
flexible_arm,odepe_v2_polish,1em6,flexible_arm_2_1em6,,1,0.00029793222376675696,195,0.00029793222376675696,5399.779422044754,0.00029793222319260317,1,0.00029793222319260317,1278.1751749515533,0.00029793221758528447,1,0.00029793221758528447,1160.114156961441,0.00029793221758528447,100,0.00029793221758528447,1262.1928260326385,0.0002979322231197809,20,0.0002979322231197809,1357.897304058075,ok
flexible_arm,odepe_v2_polish,1em8,flexible_arm_2_1em8,,1,1.1328290752901874e-06,198,1.1328290752901874e-06,3885.0502378940582,1.1321495301659272e-06,1,1.1321495301659272e-06,665.8829398155212,1.132549962105786e-06,1,1.132549962105786e-06,777.2784328460693,1.132549962105786e-06,100,1.132549962105786e-06,742.7143659591675,1.1323965266294036e-06,20,1.1323965266294036e-06,701.082218170166,ok
flexible_arm,odepe_v2_polish,0,flexible_arm_3_0,,1,9.054805967072706e-13,181,9.054805967072706e-13,2197.1157870292664,7.468017049538506e-13,1,7.468017049538506e-13,953.9055659770966,6.161497478655631e-13,1,6.161497478655631e-13,628.942969083786,7.468017049538506e-13,100,7.468017049538506e-13,863.8144478797913,8.73144149574993e-13,20,8.73144149574993e-13,863.3057200908661,ok
flexible_arm,odepe_v2_polish,1em2,flexible_arm_3_1em2,,1,0.8371685987002009,235,0.8371685987002009,1940.151230096817,0.9984402607807138,62,1.682217188719206,1661.6579389572144,0.9984402607807138,20,1.682217188719206,1677.1935830116272,0.8372099185162382,100,1.682217188719206,1700.8062210083008,0.8372104731969547,20,0.8913754376593412,1624.209888935089,ok
flexible_arm,odepe_v2_polish,1em4,flexible_arm_3_1em4,,1,0.0037865274999284698,197,0.0037865274999284698,4976.1617929935455,0.0037865527774883735,42,0.14253369521266962,1065.7625150680542,0.003786527557998747,20,0.1425329344348097,1097.6627759933472,0.003786527557998747,100,0.1425329344348097,1260.8025150299072,0.003786527510641498,20,0.003786527510641498,1481.9972939491272,ok
flexible_arm,odepe_v2_polish,1em6,flexible_arm_3_1em6,,1,6.843755115765735e-05,230,6.843755115765735e-05,2811.112149953842,6.84375510841231e-05,1,6.84375510841231e-05,1135.561357975006,6.84375510841231e-05,1,6.84375510841231e-05,1283.7639150619507,6.843755101555521e-05,100,6.843755101555521e-05,1051.0152521133423,6.843755116038084e-05,20,6.843755116038084e-05,1131.4373679161072,ok
flexible_arm,odepe_v2_polish,1em8,flexible_arm_3_1em8,,1,1.4170422734847265e-06,225,1.4170422734847265e-06,2443.4539008140564,1.4170422145291605e-06,1,1.4170422145291605e-06,727.3241059780121,1.4170411168021527e-06,1,1.4170411168021527e-06,949.9202919006348,1.4170411168021527e-06,100,1.4170411168021527e-06,948.3517291545868,1.4170427662763607e-06,20,1.4170427662763607e-06,785.6747009754181,ok
flexible_arm,odepe_v2_polish,0,flexible_arm_4_0,,1,8.968091287254799e-13,198,8.968091287254799e-13,2628.6543719768524,8.430332251560308e-13,1,8.430332251560308e-13,822.3005759716034,7.761873362388093e-13,1,7.761873362388093e-13,649.3011419773102,8.430332251560308e-13,100,8.430332251560308e-13,812.2932260036469,1.7224149079917846e-12,20,1.7224149079917846e-12,937.3779408931732,ok
flexible_arm,odepe_v2_polish,1em2,flexible_arm_4_1em2,,1,0.8781477145414972,226,0.8781477145414972,2715.6133921146393,0.8781477145414628,60,1.0229675946887495,2149.729484796524,0.9325689112124202,20,1.0229675946887495,2548.234616994858,0.8781477145414628,100,1.0229675946887495,2551.0876700878143,0.9325715885824891,20,0.9999295058321633,2290.7156920433044,ok
flexible_arm,odepe_v2_polish,1em4,flexible_arm_4_1em4,,1,0.02580952296133121,210,0.02580952296133121,4090.2357749938965,0.025809526585858663,59,2.069176860484265,2008.808814048767,0.025809526585858663,20,2.069176860484265,1988.77539396286,0.025809526585858663,100,2.069176860484265,1880.777116060257,0.025809529067022347,20,0.025809529067022347,1316.5562942028046,ok
flexible_arm,odepe_v2_polish,1em6,flexible_arm_4_1em6,,1,0.00027992741642513056,242,0.00027992741642513056,4081.8070039749146,0.0002799274157109394,1,0.0002799274157109394,987.9599411487579,0.00027992741541416066,2,0.00027992741541416066,878.1029560565948,0.00027992741541416066,100,0.00027992741541416066,1080.996055841446,0.00027992731750504365,20,0.00027992731750504365,1010.6173648834229,ok
flexible_arm,odepe_v2_polish,1em8,flexible_arm_4_1em8,,1,5.431685390041923e-07,238,5.431685390041923e-07,2968.861219882965,5.43170326541723e-07,1,5.43170326541723e-07,988.864786863327,5.43169684926968e-07,1,5.43169684926968e-07,871.9347109794617,5.43169684926968e-07,100,5.43169684926968e-07,1024.4620580673218,5.431684109166243e-07,20,5.431684109166243e-07,974.0610179901123,ok
flexible_arm,odepe_v2_polish,0,flexible_arm_5_0,,1,1.852778326125982e-12,197,1.852778326125982e-12,2888.599364042282,2.00316927326539e-12,1,2.00316927326539e-12,713.8365042209625,1.4578658662010338e-12,1,1.4578658662010338e-12,626.9496600627899,1.8123198919770654e-12,100,1.8123198919770654e-12,736.6357800960541,3.6099276260817975e-13,20,3.6099276260817975e-13,768.5988609790802,ok
flexible_arm,odepe_v2_polish,1em2,flexible_arm_5_1em2,,1,1.1438466175165356,234,1.1438466175165356,2469.9683599472046,3.9049213050896956,57,6.680736125827777,2280.2079181671143,3.9049213050896956,20,6.680736125827777,2412.8826248645782,1.8937441600477716,100,6.680736125827777,2403.310874938965,0.9999842768911731,20,3.013034595378398,2377.961988925934,ok
flexible_arm,odepe_v2_polish,1em4,flexible_arm_5_1em4,,1,0.031650712635540194,212,0.031650712635540194,3998.5380630493164,0.031650690821224195,37,0.16621618851920156,1184.0425689220428,0.031650690821224195,20,0.16621618851920156,1485.8275039196014,0.03165068695447406,100,0.1662138442261778,1398.7628819942474,0.03165071333354041,20,0.03165071333354041,1320.116593837738,ok
flexible_arm,odepe_v2_polish,1em6,flexible_arm_5_1em6,,1,0.00038194341571202734,204,0.00038194341571202734,2429.636384010315,0.00038194341635868113,1,0.00038194341635868113,866.3027279376984,0.00038194341635868113,2,0.00038194341635868113,976.788311958313,0.00038194341635868113,100,0.00038194341635868113,928.0424590110779,0.000381943414532194,20,0.000381943414532194,1031.7043838500977,ok
flexible_arm,odepe_v2_polish,1em8,flexible_arm_5_1em8,,1,3.7884989694508733e-06,194,3.7884989694508733e-06,1964.858680009842,3.788498742850642e-06,1,3.788498742850642e-06,625.3524498939514,3.788498742850642e-06,1,3.788498742850642e-06,661.386757850647,3.788498742850642e-06,100,3.788498742850642e-06,637.4561748504639,3.788497876437993e-06,20,3.788497876437993e-06,744.8452768325806,ok
flexible_arm,odepe_v2_polish,0,flexible_arm_6_0,,1,7.276391278763937e-13,189,7.276391278763937e-13,2206.6101059913635,1.833101571769981e-12,1,1.833101571769981e-12,772.5135660171509,1.2027416100105863e-12,1,1.2027416100105863e-12,625.6329429149628,1.833101571769981e-12,100,1.833101571769981e-12,807.0328099727631,1.6166080819680752e-12,20,1.6166080819680752e-12,744.2074749469757,ok
flexible_arm,odepe_v2_polish,1em2,flexible_arm_6_1em2,,1,0.9734828096731647,252,0.9734828096731647,2404.3695850372314,0.9734828096731647,22,2.0116485673381477,1694.3400101661682,0.9734828096731647,20,2.0116485673381477,1698.5899138450623,0.9734828096731647,100,2.0116485673381477,1705.9500279426575,0.9734828096731664,20,26.777777777777786,1755.2563099861145,ok
flexible_arm,odepe_v2_polish,1em4,flexible_arm_6_1em4,,1,0.006285488228368923,202,0.006285488228368923,3731.51135802269,0.006285487046380628,33,0.10647265840109124,1078.8719968795776,0.0062854879714365165,20,0.10646220232900908,1392.196496963501,0.0062854879714365165,100,0.10646220232900908,1227.2067420482635,0.006285488514658114,20,0.006285488514658114,1154.865226984024,ok
flexible_arm,odepe_v2_polish,1em6,flexible_arm_6_1em6,,1,5.1058074043872384e-05,234,5.1058074043872384e-05,2879.3879668712616,5.105807575554433e-05,2,5.105807575554433e-05,839.7164931297302,5.105807575554433e-05,4,5.105807575554433e-05,948.7405290603638,5.105807575554433e-05,100,5.105807575554433e-05,980.6466779708862,5.105807400784705e-05,20,5.105807400784705e-05,976.7168688774109,ok
flexible_arm,odepe_v2_polish,1em8,flexible_arm_6_1em8,,1,5.753853406490765e-07,232,5.753853406490765e-07,3035.134565114975,5.754092401917085e-07,1,5.754092401917085e-07,743.3044579029083,5.75447463736187e-07,1,5.75447463736187e-07,747.0704398155212,5.75447463736187e-07,100,5.75447463736187e-07,797.5719718933105,5.753854029331194e-07,20,5.753854029331194e-07,933.7298929691315,ok
flexible_arm,odepe_v2_polish,0,flexible_arm_7_0,,1,3.7228436296163e-12,263,3.7228436296163e-12,2823.9823479652405,4.763122603690071e-11,1,4.763122603690071e-11,968.6769871711731,9.314145698844712e-12,1,9.314145698844712e-12,752.1158719062805,4.763122603690071e-11,100,4.763122603690071e-11,952.2561619281769,5.2452095874815306e-11,20,5.2452095874815306e-11,969.2947111129761,ok
flexible_arm,odepe_v2_polish,1em2,flexible_arm_7_1em2,,1,0.8863363863363207,252,0.8863363863363207,11789.000868082047,0.9856749417875778,60,1.6244705667612303,2330.6932151317596,0.9856749417875778,20,1.6244705667612303,6637.539722919464,0.8863363651372613,100,1.6244705667612303,6765.755964040756,0.886336373581593,20,4.204612240751013,4388.757723093033,ok
flexible_arm,odepe_v2_polish,1em4,flexible_arm_7_1em4,,1,0.02921985148562744,226,0.02921985148562744,8295.084313869476,0.029219920609322,89,2.1517487707263765,1895.5303468704224,0.9500330844826957,20,2.1517487707263765,3286.2375280857086,0.02921979833052474,100,2.150222271337268,4979.940207958221,0.02921981734590306,20,0.02921981734590306,2845.3197758197784,ok
flexible_arm,odepe_v2_polish,1em6,flexible_arm_7_1em6,,1,0.00016530916724797685,312,0.00016530916724797685,5153.437752962112,0.0001653091721892393,1,0.0001653091721892393,2140.277058839798,0.00016530916755598323,1,0.00016530916755598323,2669.948937177658,0.00016530916755598323,100,0.00016530916755598323,2699.6396539211273,0.00016530923313068315,20,0.00016530923313068315,2563.100869178772,ok
flexible_arm,odepe_v2_polish,1em8,flexible_arm_7_1em8,,1,1.0223733333933692e-06,294,1.0223733333933692e-06,3814.0282859802246,1.0223757789640871e-06,1,1.0223757789640871e-06,888.129142999649,1.0223757789640871e-06,1,1.0223757789640871e-06,901.8435399532318,1.0223757789640871e-06,100,1.0223757789640871e-06,850.616415977478,1.0223762952947952e-06,20,1.0223762952947952e-06,908.6412808895111,ok
flexible_arm,odepe_v2_polish,0,flexible_arm_8_0,,1,5.098423307967952e-12,253,5.098423307967952e-12,6188.469095945358,7.4759886390658e-12,1,7.4759886390658e-12,1955.5277819633484,7.221968312525104e-12,1,7.221968312525104e-12,3691.4306609630585,5.95722301897551e-12,100,5.95722301897551e-12,3037.916814804077,4.5350338169629925e-12,20,4.5350338169629925e-12,3644.618003129959,ok
flexible_arm,odepe_v2_polish,1em2,flexible_arm_8_1em2,,1,0.9810610398147125,266,0.9810610398147125,4388.18759894371,1.5006723700605844,69,16.364161556505223,2282.329836845398,1.5006723700605844,20,16.364161556505223,4068.6434650421143,1.5006723700605844,100,16.364161556505223,4010.49462890625,0.9999417106386873,20,1.7405085661958224,4284.431704044342,ok
flexible_arm,odepe_v2_polish,1em4,flexible_arm_8_1em4,,1,0.11003224556995844,249,0.11003224556995844,11846.53162407875,0.11003222903422287,38,1.6883770297304517,1934.036378145218,1.0078373756520045,20,1.6883770297304517,3060.12336397171,0.11003222903422287,100,1.6883770297304517,3210.9439330101013,0.11003224066154282,20,0.11003224066154282,3528.5373702049255,ok
flexible_arm,odepe_v2_polish,1em6,flexible_arm_8_1em6,,1,0.0010969657881691993,247,0.0010969657881691993,6277.848078966141,0.0010969657880812254,1,0.0010969657880812254,1945.2972159385681,0.0010969657880812254,1,0.0010969657880812254,3413.3172850608826,0.0010969657880812254,100,0.0010969657880812254,3532.2066311836243,0.0010969657786493614,20,0.0010969657786493614,3500.266173839569,ok
flexible_arm,odepe_v2_polish,1em8,flexible_arm_8_1em8,,1,9.560177782947308e-06,254,9.560177782947308e-06,5861.397991895676,9.560178241644715e-06,1,9.560178241644715e-06,1853.5212869644165,9.559969161165989e-06,1,9.559969161165989e-06,3040.6568460464478,9.559969161165989e-06,100,9.559969161165989e-06,3582.27277803421,9.560167657356234e-06,20,9.560167657356234e-06,3655.7571511268616,ok
flexible_arm,odepe_v2_polish,0,flexible_arm_9_0,,1,3.1494792106156874e-12,231,3.1494792106156874e-12,5051.873193025589,3.410546506010217e-12,1,3.410546506010217e-12,717.5408539772034,3.836315203902769e-12,1,3.836315203902769e-12,713.8936779499054,3.836315203902769e-12,100,3.836315203902769e-12,706.5525231361389,3.119299690341065e-12,20,3.119299690341065e-12,697.2999410629272,ok
flexible_arm,odepe_v2_polish,1em2,flexible_arm_9_1em2,,1,0.9999669966996699,213,0.9999669966996699,3312.4221410751343,1.982350807209826,34,3.9854310063955287,2182.4493069648743,1.982350807209826,20,3.9854310063955287,2374.4512350559235,0.9999693634284185,100,3.9854310063955287,2398.0356678962708,0.9999397479818101,20,3.564994921762879,2068.1253337860107,ok
flexible_arm,odepe_v2_polish,1em4,flexible_arm_9_1em4,,1,0.054657714860079025,231,0.054657714860079025,7154.592381000519,0.05465771488770467,46,0.9170580336208973,1925.035164117813,0.05465771488770467,20,0.9170580336208973,2217.96918797493,0.05465771741321942,100,0.917058033621946,3003.5590970516205,0.05465771637660296,20,0.05465771637660296,2110.325329065323,ok
flexible_arm,odepe_v2_polish,1em6,flexible_arm_9_1em6,,1,0.00016483014810089643,222,0.00016483014810089643,5193.336879968643,0.00016483015275331044,2,0.00016483015275331044,808.928514957428,0.00016483015275331044,2,0.00016483015275331044,812.050167798996,0.00016483015275331044,100,0.00016483015275331044,825.3787710666656,0.00016483020236030173,20,0.00016483020236030173,805.0574541091919,ok
flexible_arm,odepe_v2_polish,1em8,flexible_arm_9_1em8,,1,5.392013048051928e-06,228,5.392013048051928e-06,4417.204813957214,5.392005767398437e-06,1,5.392005767398437e-06,602.3703150749207,5.392014564085869e-06,1,5.392014564085869e-06,839.8468189239502,5.392005767398437e-06,100,5.392005767398437e-06,667.840824842453,5.392011095553936e-06,20,5.392011095553936e-06,626.2846820354462,ok
forced_lotka_volterra,odepe_v2_polish,0,forced_lotka_volterra_0_0,,1,6.038505045860046e-10,185,6.038505045860046e-10,414.2920558452606,1.3616687330016073e-08,1,1.3616687330016073e-08,375.37625885009766,1.3616687330016073e-08,1,1.3616687330016073e-08,365.72517681121826,1.3616687330016073e-08,100,1.3616687330016073e-08,432.1669969558716,5.052903044556199e-10,20,5.251690022001857e-05,407.3658471107483,ok
forced_lotka_volterra,odepe_v2_polish,1em2,forced_lotka_volterra_0_1em2,,1,0.0009438741623661441,254,0.0009438741623661441,563.8068468570709,0.1750416048561629,53,0.1750416048561629,602.2745780944824,0.1750416048561629,20,0.1750416048561629,600.7536180019379,0.0009750947761882627,100,0.1750416048561629,596.7938561439514,0.0010237546311211041,20,0.0010237546311211041,613.0798661708832,ok
forced_lotka_volterra,odepe_v2_polish,1em4,forced_lotka_volterra_0_1em4,,1,2.743518786263583e-05,214,2.743518786263583e-05,420.18810415267944,4.573828368737948e-05,7,4.573828368737948e-05,417.11419105529785,4.573828368737948e-05,13,4.573828368737948e-05,423.08479595184326,4.573828368737948e-05,100,4.573828368737948e-05,439.63257908821106,0.00012340360474812464,20,0.0001782289485341197,418.8800048828125,ok
forced_lotka_volterra,odepe_v2_polish,1em6,forced_lotka_volterra_0_1em6,,1,6.177587416571032e-05,268,6.177587416571032e-05,446.4422800540924,0.00011661481078445153,2,0.000167908588156214,406.44388699531555,0.00011661481078445153,2,0.000167908588156214,429.32980394363403,0.00011661481078445153,100,0.000167908588156214,404.6735920906067,0.00016128767911196426,20,0.0001728835615140113,427.3623900413513,ok
forced_lotka_volterra,odepe_v2_polish,1em8,forced_lotka_volterra_0_1em8,,1,6.9400521885404846e-06,193,6.9400521885404846e-06,401.97179913520813,3.996692581847549e-06,1,3.996692581847549e-06,382.81062293052673,7.506569634359266e-06,1,7.506569634359266e-06,433.48145484924316,7.506569634359266e-06,100,7.506569634359266e-06,424.1945159435272,6.028585285746897e-06,20,1.8404931137272025e-05,413.0646948814392,ok
forced_lotka_volterra,odepe_v2_polish,0,forced_lotka_volterra_1_0,,1,2.999594825399362e-10,243,2.999594825399362e-10,443.6814339160919,3.138280233973599e-10,1,3.138280233973599e-10,366.49643182754517,3.138280233973599e-10,1,3.138280233973599e-10,359.1724588871002,2.999594825399362e-10,100,2.999594825399362e-10,389.08915400505066,2.091699036199657e-09,20,4.0114735046671935e-05,401.8950080871582,ok
forced_lotka_volterra,odepe_v2_polish,1em2,forced_lotka_volterra_1_1em2,,1,0.0003254331391433879,296,0.0003254331391433879,703.1118590831757,0.00047039163523700006,85,7.607131753701549,745.7039580345154,0.4043948962322386,20,7.607131753701549,748.6522099971771,0.0003254331391433879,100,7.607131753701549,736.6701390743256,0.00033858726764554305,20,0.0021672742120150174,761.0119647979736,ok
forced_lotka_volterra,odepe_v2_polish,1em4,forced_lotka_volterra_1_1em4,,1,0.000312542093211138,338,0.000312542093211138,662.5369219779968,0.0017858044854525174,46,0.0017858044854525174,524.0175340175629,0.0007663595265354915,20,0.0017858044854525174,484.7752830982208,0.00019415493669174144,100,0.0017858044854525174,581.2665281295776,0.0005295852134966984,20,0.0018910375134697588,524.7956838607788,ok
forced_lotka_volterra,odepe_v2_polish,1em6,forced_lotka_volterra_1_1em6,,1,0.00022020011112614652,338,0.00022020011112614652,446.8762791156769,0.0010160248855065346,6,0.019162123883719722,348.88769602775574,0.0010160248855065346,18,0.019162123883719722,411.4148950576782,0.0010160248855065346,100,0.019162123883719722,390.87540006637573,0.005339651222609928,20,0.005560776283001147,467.79898715019226,ok
forced_lotka_volterra,odepe_v2_polish,1em8,forced_lotka_volterra_1_1em8,,1,0.00010631092666650626,276,0.00010631092666650626,702.5412199497223,6.180190216713337e-05,1,6.180190216713337e-05,376.3093719482422,6.180190216713337e-05,1,6.180190216713337e-05,383.0237078666687,6.180190216713337e-05,100,6.180190216713337e-05,373.02978110313416,0.00020217953539144733,20,0.0002270402579471294,368.7536060810089,ok
forced_lotka_volterra,odepe_v2_polish,0,forced_lotka_volterra_2_0,,1,1.0443975433586714e-10,227,1.0443975433586714e-10,584.7801661491394,1.6596771000531782e-10,1,1.6596771000531782e-10,528.9714260101318,2.6787336797653724e-08,1,2.6787336797653724e-08,456.7363209724426,1.6596771000531782e-10,100,1.6596771000531782e-10,549.4369242191315,1.5678744145280495e-10,20,0.0002878250614289243,585.183454990387,ok
forced_lotka_volterra,odepe_v2_polish,1em2,forced_lotka_volterra_2_1em2,,1,0.020245313015336403,299,0.020245313015336403,788.5783951282501,0.006302125992313501,56,1.3835987644338978,693.1646101474762,0.8257881395830599,20,1.3835987644338978,702.7513558864594,0.006302125992313501,100,1.3835987644338978,709.9753658771515,0.02696880217521422,20,0.038858967442666335,723.6258811950684,ok
forced_lotka_volterra,odepe_v2_polish,1em4,forced_lotka_volterra_2_1em4,,1,0.005409260852984819,356,0.005409260852984819,715.3646562099457,0.006190653565789642,10,0.006190653565789642,686.4746918678284,0.0956741272856266,20,0.0956741272856266,580.9081230163574,0.00281930738879789,100,0.006190653565789642,635.8278119564056,0.0036176616094986715,20,0.0036176616094986715,569.4327600002289,ok
forced_lotka_volterra,odepe_v2_polish,1em6,forced_lotka_volterra_2_1em6,,1,0.0002659213158392209,382,0.0002659213158392209,697.1608209609985,0.005779836860089961,10,0.005779836860089961,487.5306439399719,0.005779836860089961,20,0.005779836860089961,528.5405390262604,0.0002414578988399862,100,0.0002414578988399862,587.4578528404236,0.00011077205420020657,20,0.0026654889506678497,540.224457025528,ok
forced_lotka_volterra,odepe_v2_polish,1em8,forced_lotka_volterra_2_1em8,,1,3.57858346928369e-05,286,3.57858346928369e-05,1109.441241979599,2.0915517952660534e-05,1,2.0915517952660534e-05,487.01438784599304,2.0915517952660534e-05,3,2.0915517952660534e-05,498.322438955307,2.0915517952660534e-05,100,2.0915517952660534e-05,520.3342959880829,1.6747459177074253e-05,20,0.000656989312941021,436.1504080295563,ok
forced_lotka_volterra,odepe_v2_polish,0,forced_lotka_volterra_3_0,,1,8.634404518931487e-10,222,8.634404518931487e-10,530.7739839553833,5.1031089076669645e-09,1,5.1031089076669645e-09,374.53962993621826,5.1031089076669645e-09,1,5.1031089076669645e-09,380.78617882728577,5.1031089076669645e-09,100,5.1031089076669645e-09,391.48224091529846,1.1423226542173493e-08,20,0.001131429300679776,439.396381855011,ok
forced_lotka_volterra,odepe_v2_polish,1em2,forced_lotka_volterra_3_1em2,,1,0.006138789189326312,257,0.006138789189326312,778.1259109973907,0.006138789189326312,56,1.4858280045315393,676.6225349903107,1.3153416223827123,20,1.4858280045315393,690.1612260341644,0.006138789189326312,100,1.4858280045315393,682.9258179664612,0.00653512137276787,20,0.00653512137276787,726.813178062439,ok
forced_lotka_volterra,odepe_v2_polish,1em4,forced_lotka_volterra_3_1em4,,1,0.0003052748642958734,382,0.0003052748642958734,668.7539739608765,0.0003052748642958734,80,0.19185609921023994,581.875969171524,0.0003052748642958734,20,0.001320876084364867,563.186928987503,0.0003052748642958734,100,0.19185609921023994,633.0172967910767,0.00041961669921875,20,0.0010112415660511493,471.2407009601593,ok
forced_lotka_volterra,odepe_v2_polish,1em6,forced_lotka_volterra_3_1em6,,1,0.0003672017679586169,393,0.0003672017679586169,622.8829598426819,0.006099317127172316,4,0.006099317127172316,545.5036420822144,0.006099317127172316,6,0.006099317127172316,523.4784801006317,0.002063998928317789,100,0.0320062544760755,431.4514729976654,0.013194790134182212,20,0.014684701894784916,470.2441818714142,ok
forced_lotka_volterra,odepe_v2_polish,1em8,forced_lotka_volterra_3_1em8,,1,0.00019189779501358611,311,0.00019189779501358611,567.2266130447388,0.00019189779501358611,1,0.00019189779501358611,460.656898021698,0.00019189779501358611,6,0.00019189779501358611,479.20214009284973,0.00019189779501358611,100,0.00019189779501358611,463.57953906059265,0.00019189752121853698,20,0.0003387649337966591,428.07108998298645,ok
forced_lotka_volterra,odepe_v2_polish,0,forced_lotka_volterra_4_0,,1,4.3485241247658236e-10,225,4.3485241247658236e-10,571.1954350471497,2.3125762717366248e-09,1,2.3125762717366248e-09,529.4124841690063,2.3125762717366248e-09,1,2.3125762717366248e-09,508.66091895103455,2.3125762717366248e-09,100,2.3125762717366248e-09,471.3236131668091,3.4480450363994545e-10,20,0.000145609064619643,509.75086188316345,ok
forced_lotka_volterra,odepe_v2_polish,1em2,forced_lotka_volterra_4_1em2,,1,0.0022832697088068653,240,0.0022832697088068653,729.1844317913055,0.006115244800934261,44,0.7695796845691295,645.2521688938141,0.7695796845691295,20,0.7695796845691295,643.5598170757294,0.006115244800934261,100,0.7695796845691295,639.9167408943176,0.007881461799918879,20,0.009997819242104189,632.7379441261292,ok
forced_lotka_volterra,odepe_v2_polish,1em4,forced_lotka_volterra_4_1em4,,1,0.0002235059636344396,293,0.0002235059636344396,585.5467700958252,0.000658897318449635,72,0.000658897318449635,553.5671889781952,0.000658897318449635,20,0.000658897318449635,492.1846079826355,7.617566012599653e-05,100,7.617566012599653e-05,589.9711918830872,0.00044151405235384896,20,0.0006860481886676066,573.3579571247101,ok
forced_lotka_volterra,odepe_v2_polish,1em6,forced_lotka_volterra_4_1em6,,1,0.0002745736668974725,356,0.0002745736668974725,650.6466000080109,0.0002745736668974725,5,0.0007415205057283074,471.93523502349854,0.0002745736668974725,17,0.0007415205057283074,527.8962888717651,0.0002745736668974725,100,0.0007415205057283074,534.152018070221,0.0004135620551602403,20,0.0006644509055397256,633.5893459320068,ok
forced_lotka_volterra,odepe_v2_polish,1em8,forced_lotka_volterra_4_1em8,,1,6.84108316524289e-05,268,6.84108316524289e-05,584.02401304245,7.617566012599653e-05,2,0.00018571851654738505,517.7692000865936,6.84108316524289e-05,6,6.84108316524289e-05,494.8398509025574,6.84108316524289e-05,100,6.84108316524289e-05,455.4379379749298,8.872904387223296e-05,20,0.000373813181160934,434.09495210647583,ok
forced_lotka_volterra,odepe_v2_polish,0,forced_lotka_volterra_5_0,,1,0.0007369071674622475,204,0.0007369071674622475,548.9002640247345,0.0009815095137451185,47,0.0009815095137451185,429.94459199905396,0.0009815095137451185,20,0.0009815095137451185,418.3985459804535,0.0009815095137451185,100,0.0009815095137451185,474.00761103630066,0.0009815095137451185,20,0.0009815095137451185,457.6711950302124,ok
forced_lotka_volterra,odepe_v2_polish,1em2,forced_lotka_volterra_5_1em2,,1,0.0007691836838075653,255,0.0007691836838075653,668.1816141605377,0.0008303993626644854,73,1.5677113745640292,593.1506910324097,0.8336016468777925,20,1.5677113745640292,602.4087660312653,0.0007691836838075653,100,1.5677113745640292,598.3736538887024,0.0008303993626644854,20,0.0012583883763733073,612.3894731998444,ok
forced_lotka_volterra,odepe_v2_polish,1em4,forced_lotka_volterra_5_1em4,,1,0.00020647736035444848,291,0.00020647736035444848,527.9451959133148,0.00020647736035444848,58,0.000391809563887735,389.9847550392151,0.00020647736035444848,20,0.000391809563887735,472.4298589229584,0.00020647736035444848,100,0.0004966133519222979,469.92791509628296,0.00020647736035444848,20,0.00027997899124182317,408.6915409564972,ok
forced_lotka_volterra,odepe_v2_polish,1em6,forced_lotka_volterra_5_1em6,,1,0.00022305940326892615,332,0.00022305940326892615,616.8693079948425,0.0005919807835629229,58,0.0005919807835629229,593.0056500434875,0.00022305940326892615,20,0.00022305940326892615,489.14042377471924,0.00022305940326892615,100,0.00022305940326892615,482.2018449306488,0.0005919807835629229,20,0.0005919807835629229,481.73219895362854,ok
forced_lotka_volterra,odepe_v2_polish,1em8,forced_lotka_volterra_5_1em8,,1,0.00018039502595601498,255,0.00018039502595601498,601.7734618186951,0.00047904566714639324,29,0.00047904566714639324,442.2878839969635,0.00047904566714639324,20,0.00047904566714639324,422.4203679561615,0.00040375558953537353,100,0.0012041251322722258,530.3184640407562,0.00047904566714639324,20,0.00047904566714639324,460.7409448623657,ok
forced_lotka_volterra,odepe_v2_polish,0,forced_lotka_volterra_6_0,,1,1.6600221067919677e-05,193,1.6600221067919677e-05,376.0264778137207,1.6600221067919677e-05,1,1.6600221067919677e-05,439.9356200695038,1.6600221067919677e-05,1,1.6600221067919677e-05,466.7874000072479,1.6600221067919677e-05,100,1.6600221067919677e-05,363.12054991722107,1.6600221067919677e-05,20,1.6600221067919677e-05,424.3206830024719,ok
forced_lotka_volterra,odepe_v2_polish,1em2,forced_lotka_volterra_6_1em2,,1,0.003999399178194114,179,0.003999399178194114,984.3680901527405,0.004830370892535274,81,0.743537670822328,950.9644980430603,0.743537651462891,20,0.743537670822328,963.3036670684814,0.004057475498744494,100,0.743537670822328,964.8114721775055,0.004830370892535274,20,0.004830370892535274,965.8261740207672,ok
forced_lotka_volterra,odepe_v2_polish,1em4,forced_lotka_volterra_6_1em4,,1,9.476308857557477e-05,214,9.476308857557477e-05,463.8593089580536,0.0003650581443702033,1,0.0003650581443702033,486.0085790157318,0.0003650581443702033,2,0.0003650581443702033,460.7026720046997,0.00010436969798992344,100,0.0003650581443702033,465.31976199150085,0.0003650581443702033,20,0.0003650581443702033,484.68602299690247,ok
forced_lotka_volterra,odepe_v2_polish,1em6,forced_lotka_volterra_6_1em6,,1,1.0887781778934347e-05,224,1.0887781778934347e-05,466.9662539958954,2.489683828940262e-05,1,2.489683828940262e-05,379.2487509250641,2.489683828940262e-05,1,2.489683828940262e-05,454.5140931606293,1.0887781778934347e-05,100,2.489683828940262e-05,424.35931301116943,2.489683828940262e-05,20,2.489683828940262e-05,428.56487488746643,ok
forced_lotka_volterra,odepe_v2_polish,1em8,forced_lotka_volterra_6_1em8,,1,1.1360252296456765e-05,207,1.1360252296456765e-05,503.6124339103699,0.00011746961991858073,1,0.00011746961991858073,397.0669050216675,0.00011746961991858073,1,0.00011746961991858073,415.2097051143646,1.1360252296456765e-05,100,0.00011746961991858073,382.5918550491333,0.00011746961991858073,20,0.00011746961991858073,432.5181419849396,ok
forced_lotka_volterra,odepe_v2_polish,0,forced_lotka_volterra_7_0,,1,5.4246676836922125e-09,276,5.4246676836922125e-09,580.4190011024475,2.707923316474934e-09,1,2.707923316474934e-09,456.4072380065918,2.707923316474934e-09,1,2.707923316474934e-09,448.25004601478577,5.42467155206512e-09,100,5.42467155206512e-09,480.9665410518646,3.2303990299622095e-08,20,0.0023658389136904834,484.42239594459534,ok
forced_lotka_volterra,odepe_v2_polish,1em2,forced_lotka_volterra_7_1em2,,1,0.12723639617813598,297,0.12723639617813598,938.1356618404388,1.2646789631584407,47,474.6127474016679,800.0269200801849,1.2646789631584407,20,474.6127474016679,866.6110908985138,0.1320462192062043,100,474.6127474016679,800.5644390583038,0.12625456204379554,20,0.12625456204379554,765.8772988319397,ok
forced_lotka_volterra,odepe_v2_polish,1em4,forced_lotka_volterra_7_1em4,,1,0.022055170677264733,353,0.022055170677264733,1030.2199189662933,0.027582353274131353,13,1.1648652459592685,592.3234350681305,0.10928750986595316,6,0.3595671192429734,643.6237170696259,0.10928750986595316,100,0.3595671192429734,705.63738489151,0.02816495028409094,20,0.5055514345601045,755.0879018306732,ok
forced_lotka_volterra,odepe_v2_polish,1em6,forced_lotka_volterra_7_1em6,,1,0.0004690101408336232,425,0.0004690101408336232,727.9013240337372,0.0018932687799723448,3,0.0018932687799723448,519.464084148407,0.0018932687799723448,6,0.0018932687799723448,562.908401966095,0.0023248208275164156,100,0.0023248208275164156,589.8843970298767,0.0029779668501452613,20,0.012077730291811927,642.8875329494476,ok
forced_lotka_volterra,odepe_v2_polish,1em8,forced_lotka_volterra_7_1em8,,1,5.585575196404054e-06,372,5.585575196404054e-06,591.8418860435486,5.585575195188481e-06,1,5.585575195188481e-06,531.2211680412292,5.585575195188481e-06,2,5.585575195188481e-06,475.0908000469208,0.0027590796476820527,100,0.006647327470339816,572.9426379203796,5.5839568060674675e-06,20,0.002401425032665584,528.4293060302734,ok
forced_lotka_volterra,odepe_v2_polish,0,forced_lotka_volterra_8_0,,1,3.376235430977643e-10,248,3.376235430977643e-10,632.6054921150208,1.227202946937585e-08,1,1.227202946937585e-08,430.2573459148407,7.805550306907049e-10,1,7.805550306907049e-10,453.868901014328,1.227202946937585e-08,100,1.227202946937585e-08,404.336905002594,3.9519561735347127e-10,20,0.0001782369057028452,449.98787093162537,ok
forced_lotka_volterra,odepe_v2_polish,1em2,forced_lotka_volterra_8_1em2,,1,0.0004986468031013263,293,0.0006501502597454599,679.2913861274719,0.0006501502597454599,53,1.4820064596743845,589.243821144104,1.460892308520365,20,1.4820064596743845,676.6286931037903,0.0006501502597454599,100,1.4820064596743845,624.5558218955994,0.0021912093015061507,20,0.0021912093015061507,605.6472179889679,ok
forced_lotka_volterra,odepe_v2_polish,1em4,forced_lotka_volterra_8_1em4,,1,0.0023608650128865683,294,0.0030367349840931352,577.1533639431,0.004265696732039334,56,0.021253640512876783,413.197714805603,0.0038356191104220064,20,0.021253640512876783,440.74714493751526,0.003528319683271615,100,0.05382820551995777,487.27964210510254,0.002515434884891412,20,0.0038257874164384365,555.9037048816681,ok
forced_lotka_volterra,odepe_v2_polish,1em6,forced_lotka_volterra_8_1em6,,1,0.00035611757508509254,347,0.00035611757508509254,611.9195489883423,0.0008698792016806275,3,0.0026600044440446215,540.7602951526642,0.0008611598936450028,11,0.001395271672859006,528.4051041603088,0.0008698792016806275,100,0.0026600044440446215,559.7791111469269,0.0011282004271036233,20,0.0016766289035144862,522.0010039806366,ok
forced_lotka_volterra,odepe_v2_polish,1em8,forced_lotka_volterra_8_1em8,,1,7.40971546692365e-05,287,7.40971546692365e-05,669.4651582241058,0.00014459652312889156,1,0.00014459652312889156,436.02465987205505,0.00014459652312889156,5,0.00014459652312889156,438.7350010871887,7.40971546692365e-05,100,0.00014459652312889156,421.7621967792511,5.925397464734935e-05,20,5.925397464734935e-05,478.79390001296997,ok
forced_lotka_volterra,odepe_v2_polish,0,forced_lotka_volterra_9_0,,1,4.966836562632732e-10,240,4.966836562632732e-10,527.215224981308,4.153291306177429e-10,1,4.153291306177429e-10,390.32033705711365,4.153291306177429e-10,1,4.153291306177429e-10,383.210942029953,4.153291306177429e-10,100,4.153291306177429e-10,400.83126306533813,3.4968461053604228e-09,20,0.00030120601498982296,456.75518894195557,ok
forced_lotka_volterra,odepe_v2_polish,1em2,forced_lotka_volterra_9_1em2,,1,0.0014896899198009795,291,0.0014896899198009795,736.1148021221161,0.06540476895960663,72,0.06540476895960663,592.5002539157867,0.06540476895960663,20,0.06540476895960663,691.3602302074432,0.002056830752212484,100,0.06540476895960663,643.2641401290894,0.0019420522504149174,20,0.003141325663744933,589.4673459529877,ok
forced_lotka_volterra,odepe_v2_polish,1em4,forced_lotka_volterra_9_1em4,,1,0.00017938858423474147,340,0.00017938858423474147,768.7615540027618,0.0004097543111661441,44,0.0004097543111661441,455.69296979904175,0.0004097543111661441,20,0.0004097543111661441,645.8699011802673,0.00017938858423474147,100,0.0004097543111661441,579.0543069839478,0.000644714851689547,20,0.000644714851689547,609.5590691566467,ok
forced_lotka_volterra,odepe_v2_polish,1em6,forced_lotka_volterra_9_1em6,,1,0.00018917107434012278,350,0.00018917107434012278,528.1880841255188,0.006012015969364404,3,0.006012015969364404,429.06478095054626,0.006012015969364404,11,0.006012015969364404,483.88454008102417,0.0002480242565281192,100,0.005699335210318219,468.1946830749512,0.004038368783346022,20,0.004038368783346022,477.26204895973206,ok
forced_lotka_volterra,odepe_v2_polish,1em8,forced_lotka_volterra_9_1em8,,1,1.2135798943684576e-05,287,1.2135798943684576e-05,547.2553560733795,0.00010280028193107559,1,0.00010280028193107559,439.611083984375,0.00041773440166037907,5,0.00041773440166037907,470.6448838710785,3.610817170278718e-05,100,0.00041773440166037907,529.893275976181,0.00013775076253421797,20,0.00020816461826726198,457.3554470539093,ok
harmonic_oscillator,odepe_v2_polish,0,harmonic_oscillator_0_0,,1,1.1393492459501993e-13,11,1.1393492459501993e-13,271.8897280693054,1.6900061597071828e-12,1,1.6900061597071828e-12,319.7777998447418,1.1119363317619237e-13,1,1.1119363317619237e-13,302.62058687210083,1.1119363317619237e-13,10,1.1119363317619237e-13,333.4692049026489,1.6900061597071828e-12,4,1.6900061597071828e-12,297.6986880302429,ok
harmonic_oscillator,odepe_v2_polish,1em2,harmonic_oscillator_0_1em2,,1,7.618442031193836e-05,154,7.618442031193836e-05,333.69559597969055,0.00013494093260640677,3,0.00013494093260640677,341.47662115097046,0.0001348601304136237,20,0.0001348601304136237,359.73635387420654,7.61844169441497e-05,100,0.0001348601304136237,366.55058908462524,0.0001348601304136237,11,0.0001348601304136237,361.1910169124603,ok
harmonic_oscillator,odepe_v2_polish,1em4,harmonic_oscillator_0_1em4,,1,3.852043121065677e-07,50,3.852043121065677e-07,307.5700581073761,3.852063562626579e-07,1,3.852063562626579e-07,482.9266469478607,3.852063564869454e-07,3,3.852063564869454e-07,358.8892571926117,3.852063564869454e-07,51,3.852063564869454e-07,343.1265079975128,3.852071472124551e-07,4,3.852071472124551e-07,346.24719190597534,ok
harmonic_oscillator,odepe_v2_polish,1em6,harmonic_oscillator_0_1em6,,1,5.2718760941068335e-08,22,5.2718760941068335e-08,281.3860468864441,5.271871365379136e-08,1,5.271871365379136e-08,311.13662004470825,5.27188068576996e-08,1,5.27188068576996e-08,328.5471999645233,5.27188068576996e-08,27,5.27188068576996e-08,334.1385600566864,5.27188068576996e-08,6,5.27188068576996e-08,281.90657806396484,ok
harmonic_oscillator,odepe_v2_polish,1em8,harmonic_oscillator_0_1em8,,1,3.221007137279547e-10,9,3.221007137279547e-10,283.84776401519775,3.221951169511906e-10,1,3.221951169511906e-10,346.48454689979553,3.221951169511906e-10,1,3.221951169511906e-10,362.5733292102814,3.221951169511906e-10,10,3.221951169511906e-10,331.5765869617462,3.221951169511906e-10,4,3.221951169511906e-10,313.7303159236908,ok
harmonic_oscillator,odepe_v2_polish,0,harmonic_oscillator_1_0,,1,9.192929503265628e-14,17,9.192929503265628e-14,338.49356508255005,1.1393627365575753e-13,1,1.1393627365575753e-13,319.2944941520691,2.149641009414525e-13,1,2.149641009414525e-13,300.29236006736755,2.149641009414525e-13,13,2.149641009414525e-13,293.17772579193115,1.1393627365575753e-13,4,1.1393627365575753e-13,299.5822579860687,ok
harmonic_oscillator,odepe_v2_polish,1em2,harmonic_oscillator_1_1em2,,1,1.9077816028000788e-05,169,1.9077816028000788e-05,383.0700981616974,0.00013149505035697727,3,0.00013149505035697727,371.81513595581055,0.00013149505035697727,20,0.00013149505035697727,389.20504689216614,1.907781596982017e-05,100,0.00013149505035697727,393.11919379234314,0.00013149505035697727,9,0.00013149505035697727,416.74423909187317,ok
harmonic_oscillator,odepe_v2_polish,1em4,harmonic_oscillator_1_1em4,,1,3.302918685193526e-07,73,3.302918685193526e-07,418.50047397613525,3.3029226617248263e-07,1,3.3029226617248263e-07,394.1405770778656,3.302918144224982e-07,2,3.302918144224982e-07,385.982791185379,3.302918437691578e-07,73,3.302918437691578e-07,355.93637013435364,3.302918144224982e-07,4,3.302918144224982e-07,444.54377698898315,ok
harmonic_oscillator,odepe_v2_polish,1em6,harmonic_oscillator_1_1em6,,1,2.5277051311078494e-09,19,2.5277051311078494e-09,367.7787380218506,2.52766748482773e-09,1,2.52766748482773e-09,324.62837195396423,2.52766748482773e-09,1,2.52766748482773e-09,379.95946192741394,2.52766748482773e-09,20,2.52766748482773e-09,375.70269322395325,2.52766748482773e-09,4,2.52766748482773e-09,393.96028304100037,ok
harmonic_oscillator,odepe_v2_polish,1em8,harmonic_oscillator_1_1em8,,1,6.759832137313492e-11,11,6.759832137313492e-11,337.74744987487793,6.753809589908148e-11,1,6.753809589908148e-11,328.18387389183044,6.753809589908148e-11,1,6.753809589908148e-11,321.7308359146118,6.759466777294773e-11,15,6.759466777294773e-11,303.05379605293274,6.753809589908148e-11,4,6.753809589908148e-11,368.58839201927185,ok
harmonic_oscillator,odepe_v2_polish,0,harmonic_oscillator_2_0,,1,3.656817677548735e-14,6,3.656817677548735e-14,289.6044330596924,7.874186830114556e-14,1,7.874186830114556e-14,299.51509189605713,3.5579847673447154e-14,1,3.5579847673447154e-14,298.6145451068878,7.874186830114556e-14,6,7.874186830114556e-14,331.70068287849426,3.5579847673447154e-14,4,3.5579847673447154e-14,320.609472990036,ok
harmonic_oscillator,odepe_v2_polish,1em2,harmonic_oscillator_2_1em2,,1,2.442907288426347e-05,73,2.442907288426347e-05,329.35523986816406,2.4807849426211777e-05,1,2.4807849426211777e-05,357.3000090122223,2.4807849426211777e-05,5,2.4807849426211777e-05,339.7888879776001,2.44290728829457e-05,73,2.4807849426211777e-05,347.27217078208923,2.4807849426211777e-05,4,2.4807849426211777e-05,364.2522110939026,ok
harmonic_oscillator,odepe_v2_polish,1em4,harmonic_oscillator_2_1em4,,1,3.033162050190352e-08,11,3.033162050190352e-08,300.6348559856415,3.033162068849562e-08,1,3.033162068849562e-08,315.3119921684265,3.03314962315616e-08,1,3.03314962315616e-08,352.0252459049225,3.033162068849562e-08,11,3.033162068849562e-08,320.24079298973083,3.03314962315616e-08,4,3.03314962315616e-08,322.37184500694275,ok
harmonic_oscillator,odepe_v2_polish,1em6,harmonic_oscillator_2_1em6,,1,3.9318259199337204e-10,5,3.9318259199337204e-10,328.49750995635986,3.9324995174326944e-10,1,3.9324995174326944e-10,315.10705184936523,3.93182778585477e-10,1,3.93182778585477e-10,347.89206409454346,3.9324995174326944e-10,5,3.9324995174326944e-10,322.4222881793976,3.9324995174326944e-10,4,3.9324995174326944e-10,348.0538110733032,ok
harmonic_oscillator,odepe_v2_polish,1em8,harmonic_oscillator_2_1em8,,1,9.952309336027794e-12,5,9.952309336027794e-12,418.11969900131226,9.942426045007391e-12,1,9.942426045007391e-12,320.9716360569,9.95099156389174e-12,1,9.95099156389174e-12,377.808776140213,9.942426045007391e-12,5,9.942426045007391e-12,331.2435030937195,9.942426045007391e-12,4,9.942426045007391e-12,325.3686830997467,ok
harmonic_oscillator,odepe_v2_polish,0,harmonic_oscillator_3_0,,1,6.749522868647846e-14,10,6.749522868647846e-14,298.8765239715576,2.9259238164255655e-13,1,2.9259238164255655e-13,315.9402370452881,1.1633599718322668e-13,1,1.1633599718322668e-13,301.4280569553375,1.1633599718322668e-13,11,1.1633599718322668e-13,301.70171785354614,2.9259238164255655e-13,4,2.9259238164255655e-13,328.1895978450775,ok
harmonic_oscillator,odepe_v2_polish,1em2,harmonic_oscillator_3_1em2,,1,2.250481655684743e-05,142,2.250481655684743e-05,313.61655712127686,2.2504816549721e-05,1,2.2504816549721e-05,332.22549414634705,2.2504816549721e-05,14,2.2504816549721e-05,331.55051612854004,2.2504816549721e-05,100,2.2504816549721e-05,331.3336670398712,2.2504816549721e-05,7,2.2504816549721e-05,353.9284780025482,ok
harmonic_oscillator,odepe_v2_polish,1em4,harmonic_oscillator_3_1em4,,1,3.984813796818648e-07,80,3.984813796818648e-07,525.6300699710846,3.984798937006214e-07,1,3.984798937006214e-07,422.31862211227417,3.9847946305357374e-07,1,3.9847946305357374e-07,426.88463711738586,3.984798937006214e-07,78,3.984798937006214e-07,461.037052154541,3.984798937006214e-07,4,3.984798937006214e-07,423.04764318466187,ok
harmonic_oscillator,odepe_v2_polish,1em6,harmonic_oscillator_3_1em6,,1,1.4475714132695828e-09,10,1.4475714132695828e-09,400.3407039642334,1.4475475581720069e-09,1,1.4475475581720069e-09,350.57317996025085,1.4475475581720069e-09,1,1.4475475581720069e-09,342.2226810455322,1.4475475581720069e-09,11,1.4475475581720069e-09,335.83882308006287,1.4475475581720069e-09,4,1.4475475581720069e-09,365.1605529785156,ok
harmonic_oscillator,odepe_v2_polish,1em8,harmonic_oscillator_3_1em8,,1,1.6268950432134423e-11,9,1.6268950432134423e-11,352.6180200576782,1.626748068678614e-11,1,1.626748068678614e-11,310.9962468147278,1.626748068678614e-11,1,1.626748068678614e-11,325.3793148994446,1.626431508142061e-11,11,1.626431508142061e-11,353.61222195625305,1.626748068678614e-11,4,1.626748068678614e-11,328.472247838974,ok
harmonic_oscillator,odepe_v2_polish,0,harmonic_oscillator_4_0,,1,1.2613118435005558e-13,12,1.2613118435005558e-13,287.67857599258423,5.61378900354817e-13,1,5.61378900354817e-13,310.35946321487427,5.61378900354817e-13,1,5.61378900354817e-13,313.4763889312744,1.3016021952006625e-13,12,1.3016021952006625e-13,299.8223600387573,1.3016021952006625e-13,4,1.3016021952006625e-13,327.8832290172577,ok
harmonic_oscillator,odepe_v2_polish,1em2,harmonic_oscillator_4_1em2,,1,0.00014317389984630502,176,0.00014317389984630502,368.86776900291443,0.00024394879715217144,9,0.00024394879715217144,403.7780351638794,0.00024394879715217144,20,0.00024394879715217144,383.67513394355774,0.00014317345373837664,100,0.00024394879715217144,407.36614513397217,0.00024394879715017304,18,0.00024394879715017304,450.79470920562744,ok
harmonic_oscillator,odepe_v2_polish,1em4,harmonic_oscillator_4_1em4,,1,3.554700854009831e-06,82,3.554700854009831e-06,370.44634890556335,3.5547134653375838e-06,1,3.5547134653375838e-06,346.6879150867462,3.554700950370922e-06,8,3.554700950370922e-06,364.1850700378418,3.55470085356216e-06,92,3.55470085356216e-06,385.0530700683594,3.554700950370922e-06,5,3.554700950370922e-06,385.8195538520813,ok
harmonic_oscillator,odepe_v2_polish,1em6,harmonic_oscillator_4_1em6,,1,3.99080509902002e-08,20,3.99080509902002e-08,341.9494068622589,3.990798921166093e-08,1,3.990798921166093e-08,309.52668499946594,3.990798921166093e-08,1,3.990798921166093e-08,351.2138018608093,3.990798921166093e-08,23,3.990798921166093e-08,343.12121510505676,3.990798921166093e-08,4,3.990798921166093e-08,357.0507140159607,ok
harmonic_oscillator,odepe_v2_polish,1em8,harmonic_oscillator_4_1em8,,1,3.507736216185949e-10,14,3.507736216185949e-10,336.84237599372864,3.5087893612123323e-10,1,3.5087893612123323e-10,325.42562890052795,3.507368007138467e-10,1,3.507368007138467e-10,353.8583161830902,3.5087893612123323e-10,14,3.5087893612123323e-10,330.6752920150757,3.5087893612123323e-10,4,3.5087893612123323e-10,318.96502685546875,ok
harmonic_oscillator,odepe_v2_polish,0,harmonic_oscillator_5_0,,1,3.234640678725797e-14,6,3.234640678725797e-14,277.96747303009033,6.182880880689415e-14,1,6.182880880689415e-14,298.2068929672241,1.2565918385308574e-13,1,1.2565918385308574e-13,311.53783416748047,1.2565918385308574e-13,7,1.2565918385308574e-13,326.34273290634155,6.182880880689415e-14,4,6.182880880689415e-14,309.84104895591736,ok
harmonic_oscillator,odepe_v2_polish,1em2,harmonic_oscillator_5_1em2,,1,2.8131866194984915e-05,177,2.8131866194984915e-05,415.95936393737793,0.000326939457011084,2,0.000326939457011084,395.23474192619324,0.000326939457011084,20,0.000326939457011084,401.34143900871277,2.8131663115567382e-05,100,0.000326939457011084,420.0330171585083,0.000326939457011084,6,0.000326939457011084,411.5671079158783,ok
harmonic_oscillator,odepe_v2_polish,1em4,harmonic_oscillator_5_1em4,,1,1.702982053645383e-06,85,1.702982053645383e-06,397.8338658809662,1.7029818045069764e-06,1,1.7029818045069764e-06,381.3434159755707,1.7029820539568061e-06,2,1.7029820539568061e-06,390.9785258769989,1.7029768223616895e-06,90,1.7029768223616895e-06,382.00293612480164,1.7029768223616895e-06,4,1.7029768223616895e-06,393.85695004463196,ok
harmonic_oscillator,odepe_v2_polish,1em6,harmonic_oscillator_5_1em6,,1,1.5705019143198053e-08,23,1.5705019143198053e-08,312.5810401439667,1.5705066651983023e-08,1,1.5705066651983023e-08,330.945983171463,1.5704877290726623e-08,1,1.5704877290726623e-08,305.56625390052795,1.5705066651983023e-08,25,1.5705066651983023e-08,344.0105559825897,1.5704877290726623e-08,4,1.5704877290726623e-08,347.6388449668884,ok
harmonic_oscillator,odepe_v2_polish,1em8,harmonic_oscillator_5_1em8,,1,6.801210829089478e-11,6,6.801210829089478e-11,402.6013629436493,6.800948693097553e-11,1,6.800948693097553e-11,336.00997400283813,6.808488957806466e-11,1,6.808488957806466e-11,318.2854788303375,6.800948693097553e-11,6,6.800948693097553e-11,317.3690228462219,6.808488957806466e-11,4,6.808488957806466e-11,323.8973808288574,ok
harmonic_oscillator,odepe_v2_polish,0,harmonic_oscillator_6_0,,1,5.5866991944278714e-14,7,5.5866991944278714e-14,327.0725109577179,1.7667491401486866e-13,1,1.7667491401486866e-13,371.5147659778595,5.568907158776827e-14,1,5.568907158776827e-14,352.72882294654846,5.568907158776827e-14,6,5.568907158776827e-14,347.93384313583374,1.7667491401486866e-13,4,1.7667491401486866e-13,348.8734850883484,ok
harmonic_oscillator,odepe_v2_polish,1em2,harmonic_oscillator_6_1em2,,1,0.0005740145850328742,155,0.0005740145850328742,428.2447600364685,0.0010293752282026453,9,0.0010293752282026453,445.00882601737976,0.0010293752282136764,20,0.0010293752282136764,452.73334097862244,0.0005740145850328742,100,0.0010293752282026453,455.57711005210876,0.0010293752282026453,18,0.0010293752282026453,429.70195412635803,ok
harmonic_oscillator,odepe_v2_polish,1em4,harmonic_oscillator_6_1em4,,1,1.3772158496782864e-05,75,1.3772158496782864e-05,395.3531858921051,1.3772158500519192e-05,1,1.3772158500519192e-05,421.1365098953247,1.3498195847208073e-05,6,1.3498195847208073e-05,405.8671679496765,1.3772158500519192e-05,75,1.3772158500519192e-05,348.6677770614624,1.3498195847208073e-05,4,1.3498195847208073e-05,342.97708201408386,ok
harmonic_oscillator,odepe_v2_polish,1em6,harmonic_oscillator_6_1em6,,1,2.3983652119151626e-07,20,2.3983652119151626e-07,315.6084589958191,2.3983636782416895e-07,1,2.3983636782416895e-07,300.56106400489807,2.398365028657195e-07,1,2.398365028657195e-07,285.19465804100037,2.398365028657195e-07,18,2.398365028657195e-07,314.7845461368561,2.3983636782416895e-07,4,2.3983636782416895e-07,330.6849899291992,ok
harmonic_oscillator,odepe_v2_polish,1em8,harmonic_oscillator_6_1em8,,1,2.375458855311677e-10,8,2.375458855311677e-10,394.30532908439636,2.374288620231667e-10,1,2.374288620231667e-10,350.44095492362976,2.375612219453217e-10,1,2.375612219453217e-10,370.21071600914,2.375612219453217e-10,7,2.375612219453217e-10,353.3672811985016,2.374288620231667e-10,4,2.374288620231667e-10,347.28364181518555,ok
harmonic_oscillator,odepe_v2_polish,0,harmonic_oscillator_7_0,,1,9.723179633902707e-14,15,9.723179633902707e-14,294.0334801673889,5.04601365696749e-13,1,5.04601365696749e-13,316.32104897499084,5.04601365696749e-13,1,5.04601365696749e-13,297.1145899295807,5.04601365696749e-13,17,5.04601365696749e-13,304.9651880264282,1.1985741061643957e-13,4,1.1985741061643957e-13,322.1176290512085,ok
harmonic_oscillator,odepe_v2_polish,1em2,harmonic_oscillator_7_1em2,,1,2.3875790427312718e-05,135,2.3875790427312718e-05,357.42987394332886,9.946680099853463e-05,1,9.946680099853463e-05,350.3390290737152,9.946680099853463e-05,16,9.946680099853463e-05,349.54748797416687,2.3875790427312718e-05,100,9.946680099853463e-05,339.72046399116516,9.946680099853463e-05,7,9.946680099853463e-05,344.6556990146637,ok
harmonic_oscillator,odepe_v2_polish,1em4,harmonic_oscillator_7_1em4,,1,6.543300667192415e-08,51,6.543300667192415e-08,420.3839068412781,6.543301714572627e-08,1,6.543301714572627e-08,397.4459409713745,6.543301505096586e-08,1,6.543301505096586e-08,393.8489661216736,6.543301714572627e-08,46,6.543301714572627e-08,353.57555198669434,6.543301505096586e-08,5,6.543301505096586e-08,358.1137070655823,ok
harmonic_oscillator,odepe_v2_polish,1em6,harmonic_oscillator_7_1em6,,1,2.3600965696083477e-09,17,2.3600965696083477e-09,363.70986795425415,2.3604024046302256e-09,1,2.3604024046302256e-09,330.3096969127655,2.3604024046302256e-09,1,2.3604024046302256e-09,346.6775109767914,2.3604024046302256e-09,17,2.3604024046302256e-09,345.53823494911194,2.3600850484260167e-09,4,2.3600850484260167e-09,313.0612418651581,ok
harmonic_oscillator,odepe_v2_polish,1em8,harmonic_oscillator_7_1em8,,1,5.7211398441925914e-12,14,5.7211398441925914e-12,323.4788119792938,5.723060041247761e-12,1,5.723060041247761e-12,372.2171459197998,5.723060041247761e-12,1,5.723060041247761e-12,322.74384808540344,5.723060041247761e-12,14,5.723060041247761e-12,349.17498087882996,5.7244565481969745e-12,4,5.7244565481969745e-12,329.20217299461365,ok
harmonic_oscillator,odepe_v2_polish,0,harmonic_oscillator_8_0,,1,1.5373355231763393e-13,7,1.5373355231763393e-13,290.17122316360474,1.620871721631145e-13,1,1.620871721631145e-13,282.47447395324707,1.620871721631145e-13,1,1.620871721631145e-13,284.39013409614563,1.620871721631145e-13,7,1.620871721631145e-13,282.4518618583679,1.4079891513753502e-13,4,1.4079891513753502e-13,300.39760303497314,ok
harmonic_oscillator,odepe_v2_polish,1em2,harmonic_oscillator_8_1em2,,1,0.0001333390846198873,174,0.0001333390846198873,356.75118112564087,0.0011035131916958603,8,0.0011035131916958603,362.3830120563507,0.0004634087543517328,20,0.0011035131916958603,348.8510789871216,0.0003975849976511154,100,0.0011035131916958603,358.3020429611206,0.0011035131916958603,18,0.0011035131916958603,368.95059990882874,ok
harmonic_oscillator,odepe_v2_polish,1em4,harmonic_oscillator_8_1em4,,1,3.354258396657542e-06,81,3.354258396657542e-06,356.5373179912567,3.3542583709230035e-06,1,3.3542583709230035e-06,340.6072919368744,3.3542584043374826e-06,6,3.3542584043374826e-06,359.66472601890564,3.3542584043374826e-06,81,3.3542584043374826e-06,357.6793420314789,3.3542583709230035e-06,4,3.3542583709230035e-06,333.14682698249817,ok
harmonic_oscillator,odepe_v2_polish,1em6,harmonic_oscillator_8_1em6,,1,7.733935821860192e-08,13,7.733935821860192e-08,307.54987597465515,7.733936670695758e-08,1,7.733936670695758e-08,311.1807460784912,7.733936670695758e-08,1,7.733936670695758e-08,334.0641841888428,7.734119412866668e-08,16,7.734119412866668e-08,336.0658311843872,7.733936670695758e-08,4,7.733936670695758e-08,397.76833486557007,ok
harmonic_oscillator,odepe_v2_polish,1em8,harmonic_oscillator_8_1em8,,1,6.082659995967829e-10,9,6.082659995967829e-10,368.0946190357208,6.082629006732918e-10,1,6.082629006732918e-10,371.4251058101654,6.082629006732918e-10,1,6.082629006732918e-10,325.45623087882996,6.082629006732918e-10,10,6.082629006732918e-10,342.82054591178894,6.080598538167251e-10,4,6.080598538167251e-10,294.7620041370392,ok
harmonic_oscillator,odepe_v2_polish,0,harmonic_oscillator_9_0,,1,4.053195169266444e-14,9,4.053195169266444e-14,305.3868350982666,4.132496813882527e-13,1,4.132496813882527e-13,375.7764239311218,4.132496813882527e-13,1,4.132496813882527e-13,314.4057459831238,2.0363203916359605e-13,9,2.0363203916359605e-13,301.9130299091339,2.0363203916359605e-13,4,2.0363203916359605e-13,341.24704790115356,ok
harmonic_oscillator,odepe_v2_polish,1em2,harmonic_oscillator_9_1em2,,1,9.514799126805001e-05,157,9.514799126805001e-05,363.65474700927734,9.514799127122208e-05,3,9.514799127122208e-05,362.74174094200134,9.514799127122208e-05,20,9.514799127122208e-05,367.9971480369568,9.514799127122208e-05,100,9.514799127122208e-05,379.10272002220154,9.514799127122208e-05,9,9.514799127122208e-05,368.56080079078674,ok
harmonic_oscillator,odepe_v2_polish,1em4,harmonic_oscillator_9_1em4,,1,9.173678835364654e-07,88,9.173678835364654e-07,355.10890197753906,2.92211149386837e-06,1,2.92211149386837e-06,345.08886098861694,2.92211149386837e-06,4,2.92211149386837e-06,359.1606500148773,9.173678835364654e-07,88,9.173678835364654e-07,328.27496695518494,9.173678835364654e-07,4,9.173678835364654e-07,346.7145462036133,ok
harmonic_oscillator,odepe_v2_polish,1em6,harmonic_oscillator_9_1em6,,1,1.1540729692820667e-08,14,1.1540729692820667e-08,370.26867604255676,1.1540629973281345e-08,1,1.1540629973281345e-08,329.9813377857208,1.154081573966264e-08,1,1.154081573966264e-08,301.40352487564087,1.1540629973281345e-08,14,1.1540629973281345e-08,333.14109683036804,1.1540629973281345e-08,4,1.1540629973281345e-08,337.21462392807007,ok
harmonic_oscillator,odepe_v2_polish,1em8,harmonic_oscillator_9_1em8,,1,6.17610334742371e-11,10,6.17610334742371e-11,338.6035590171814,6.175499026959297e-11,1,6.175499026959297e-11,332.81018018722534,6.175499026959297e-11,1,6.175499026959297e-11,338.66988611221313,6.175499026959297e-11,9,6.175499026959297e-11,335.7612750530243,6.175499026959297e-11,4,6.175499026959297e-11,343.50435090065,ok
hiv,odepe_v2_polish,0,hiv_0_0,,1,4.1568439718402007e-07,1468,4.1568439718402007e-07,49283.68226790428,4.1921239833588406e-07,1,4.1921239833588406e-07,3163.528885126114,4.0324083262519613e-07,1,4.0324083262519613e-07,2093.518059015274,4.1921239833588406e-07,100,4.1921239833588406e-07,3110.8953127861023,7.781737891656454e-08,20,7.781737891656454e-08,2951.5487649440765,ok
hiv,odepe_v2_polish,1em2,hiv_0_1em2,,1,0.99992700729927,1361,0.99992700729927,13024.045315980911,83.19047587802686,231,15507.393651356868,4726.745162010193,1856.8413370245926,20,15507.393651356868,8217.791968107224,83.19047587802686,100,15507.393651356868,7266.530580997467,434.9857829539896,20,8425.444376801723,7262.837601184845,ok
hiv,odepe_v2_polish,1em4,hiv_0_1em4,,1,0.9912168546890328,1245,0.9912168546890328,40178.17626094818,22.420705130940817,267,13163.545000647511,3699.954474925995,689.1390949086652,20,13163.545000647511,15968.889471054077,56.107231385743994,100,13154.31688526551,16333.069622039795,0.9886896834803883,20,0.9921216112359419,15039.86201095581,ok
hiv,odepe_v2_polish,1em6,hiv_0_1em6,,1,0.9939670470528897,1209,0.9939670470528897,37726.10203003883,0.18014394168493242,316,0.999981308411215,3687.375396966934,0.9948280631485695,20,0.999981308411215,16183.660098075867,0.9948280631485695,100,0.999981308411215,15435.869400024414,0.9999627053772947,20,0.9999627053772947,16199.427347183228,ok
hiv,odepe_v2_polish,1em8,hiv_0_1em8,,1,0.026035442674304226,1532,0.026035442674304226,53376.073571920395,0.02623554411724627,4,0.02623554411724627,3672.954980134964,0.0262856686754075,2,0.0262856686754075,18240.983346939087,0.026130967934769836,100,0.026236507604529998,19398.515434026718,0.02623621760466496,20,0.02623621760466496,14425.876007080078,ok
hiv,odepe_v2_polish,0,hiv_1_0,,1,1.3324291502912286e-09,1422,1.3324291502912286e-09,26812.3949239254,8.147535662366408e-10,1,8.147535662366408e-10,3300.4767370224,3.1255554319613133e-09,1,3.1255554319613133e-09,1968.1160700321198,3.1255554319613133e-09,100,3.1255554319613133e-09,1979.0060920715332,1.3682177278924907e-08,20,1.3682177278924907e-08,2566.6197979450226,ok
hiv,odepe_v2_polish,1em2,hiv_1_1em2,,1,2.3901664158752394,1440,2.3901664158752394,20422.896775007248,21.300902703814312,299,2323.9398129455767,4324.465092182159,258.4884239685318,20,2323.9398129455767,10926.064825057983,28.363705990689756,100,2323.9398129455767,10005.0919110775,2.3901966908681254,20,2.3901966908681254,10888.18343281746,ok
hiv,odepe_v2_polish,1em4,hiv_1_1em4,,1,0.999984187134129,1425,0.999984187134129,46925.63356614113,29.181743765406782,345,248.61788471535922,5135.943046808243,134.00209414067578,20,911.2032685485675,18692.184824943542,85.19680437112643,100,248.61788471535922,26879.937371969223,0.999954239966438,20,5.356677566631059,11204.870434999466,ok
hiv,odepe_v2_polish,1em6,hiv_1_1em6,,1,0.35939877964538186,1435,0.35939877964538186,60112.07858514786,0.3594521523136952,430,0.3594521523136952,4111.648020029068,0.3594521520677928,20,0.3594521520677928,14462.016294002533,0.3594103478254373,100,0.3594521520677928,19419.21786904335,0.35946226062602393,20,0.35946226062602393,16044.608888864517,ok
hiv,odepe_v2_polish,1em8,hiv_1_1em8,,1,0.0004481802907741404,2151,0.0004481802907741404,4035.5997920036316,0.003306750883882902,13,0.003306750883882902,4074.2902851104736,0.003306750883882902,1,0.003306750883882902,13051.281851053238,0.003306750883882902,100,0.003306750883882902,10936.04831981659,0.003306764656039858,20,0.003306764656039858,6691.02995300293,ok
hiv,odepe_v2_polish,0,hiv_2_0,,1,9.695371221549338e-08,1500,9.695371221549338e-08,38240.315997838974,9.528788358849267e-08,1,9.528788358849267e-08,2085.2328679561615,9.528788358849267e-08,1,9.528788358849267e-08,1923.8565320968628,9.528788358849267e-08,100,9.528788358849267e-08,1971.6544840335846,1.0636960879100285e-08,20,1.0636960879100285e-08,2444.90146112442,ok
hiv,odepe_v2_polish,1em2,hiv_2_1em2,,1,0.9999632352941176,1209,0.9999632352941176,21714.540699005127,108.80911279684645,202,51608.729083194194,4362.448949098587,1335.0596143285377,20,51608.729083194194,10778.807934999466,108.80911279684645,100,51608.729083194194,11460.096130132675,0.9999821130573815,20,22.988914813096986,11468.722973108292,ok
hiv,odepe_v2_polish,1em4,hiv_2_1em4,,1,0.9867475329641437,1063,0.9867475329641437,39277.912121772766,0.9243239216824861,336,60437.14958260699,3162.78666806221,1467.894521241707,20,39488.47316208823,19286.524296998978,95.15715932155055,100,39488.47316208823,23851.44733095169,0.9332855714265643,20,1.6670111268119439,22094.02737402916,ok
hiv,odepe_v2_polish,1em6,hiv_2_1em6,,1,0.9131072637574329,1187,0.9131072637574329,29991.96388220787,2.162900840316731,43,2.162900840316731,2841.861413002014,0.9999632329982323,20,87.3541856324257,3738.624329805374,0.9999632329982323,100,87.3541856324257,3901.1212680339813,0.9999265968773402,20,2.1629963676310133,3506.4067480564117,ok
hiv,odepe_v2_polish,1em8,hiv_2_1em8,,1,0.0063131705601185495,1418,0.0063131705601185495,35112.14557790756,0.006313158427726644,2,0.006313158427726644,2799.238623857498,0.006313158427726644,2,0.006313158427726644,2702.049117088318,0.006313172613807672,100,0.006313172613807672,2658.3408930301666,0.00631322213398852,20,0.00631322213398852,3497.7913920879364,ok
hiv,odepe_v2_polish,0,hiv_3_0,,1,5.555129361387569e-09,1618,5.555129361387569e-09,44312.000343084335,5.733313490373707e-09,1,5.733313490373707e-09,2948.4053490161896,5.556978151946243e-09,1,5.556978151946243e-09,1799.560476064682,5.556978151946243e-09,100,5.556978151946243e-09,1764.662850856781,5.827573476384752e-10,20,5.827573476384752e-10,2202.643194913864,ok
hiv,odepe_v2_polish,1em2,hiv_3_1em2,,1,0.9999692307692307,960,0.9999692307692307,27486.240330934525,99.41070444176394,200,30044.48491100661,3766.966467142105,22634.836407736526,20,29576.09082739471,15726.52986907959,99.41068641672881,100,29576.09082739471,16678.02757883072,0.9999433485916924,20,22.09468822170901,15752.639997005463,ok
hiv,odepe_v2_polish,1em4,hiv_3_1em4,,1,0.9996214245402906,1155,0.9996214245402906,35372.49345207214,0.9597459526441829,395,358.07806423087254,3399.9735639095306,358.07806423087254,20,358.07806423087254,23364.944339990616,358.0780642073554,100,358.0780642073554,26770.904031038284,0.9999539201186527,20,0.9999539201186527,23433.29087495804,ok
hiv,odepe_v2_polish,1em6,hiv_3_1em6,,1,0.08888781997482607,1367,0.08888781997482607,36582.86090302467,0.08896028654166543,29,0.08896028654166543,3187.019706964493,0.08896028654166543,20,0.08896028654166543,12268.206418991089,0.08890405078777018,100,0.08896573978622829,10375.147449016571,0.08897312947926592,20,0.08897312947926592,18480.990015029907,ok
hiv,odepe_v2_polish,1em8,hiv_3_1em8,,1,0.0007790971959362059,1597,0.0007790971959362059,39739.46578478813,0.0008595559171693298,1,0.0008595559171693298,5067.270753145218,0.0008595044640790168,1,0.0008595044640790168,2683.800921201706,0.0008595559171693298,100,0.0008595559171693298,4575.34063911438,0.0008595480170095886,20,0.0008595480170095886,3427.249881029129,ok
hiv,odepe_v2_polish,0,hiv_4_0,,1,4.418946514918622e-08,1617,4.418946514918622e-08,31394.42983198166,3.3087249696691025e-08,1,3.3087249696691025e-08,3258.05170917511,3.3087249696691025e-08,1,3.3087249696691025e-08,3112.2761969566345,3.3087249696691025e-08,100,3.3087249696691025e-08,3473.551265001297,2.546544959129135e-09,20,2.546544959129135e-09,3380.252027988434,ok
hiv,odepe_v2_polish,1em2,hiv_4_1em2,,1,0.9999662162162162,1513,0.9999662162162162,40996.36832690239,154.75777725076856,241,22601.065388146028,4631.207253932953,9740.807406382877,20,22601.06538814579,18128.384442806244,154.75777275422394,100,22601.06538814579,16403.40604686737,11.453300124533001,20,11.453300124533001,19812.027412891388,ok
hiv,odepe_v2_polish,1em4,hiv_4_1em4,,1,0.9993833422831737,1352,0.9993833422831737,38608.83004283905,52.69064157810264,307,812.5101090476563,3397.4212119579315,331.38382606970197,20,812.5101089748013,23039.106034994125,52.69064157789057,100,812.5101089748013,24242.567754030228,0.9994556609069961,20,0.9999751506519661,18416.798455953598,ok
hiv,odepe_v2_polish,1em6,hiv_4_1em6,,1,0.24764689594716258,1233,0.24764689594716258,33139.96998691559,0.24767849193687358,43,0.24767849193687358,4301.801753997803,0.24767826987233593,20,0.24767826987233593,10222.57073020935,0.24765366749542853,100,0.24769153429494575,15033.52442407608,0.24767850195903668,20,0.24767850195903668,15503.90125799179,ok
hiv,odepe_v2_polish,1em8,hiv_4_1em8,,1,0.003606188537327496,1702,0.003606188537327496,44213.194316864014,0.0036062119903211595,2,0.0036062119903211595,3673.4293699264526,0.0036062043833551822,2,0.0036062043833551822,2504.8391160964966,0.003606560229457179,100,0.003606560229457179,3703.7194287776947,0.003606649305698788,20,0.003606649305698788,2258.7457671165466,ok
hiv,odepe_v2_polish,0,hiv_5_0,,1,3.616273394217676e-09,1843,3.616273394217676e-09,61916.75674700737,3.4591087699282927e-09,1,3.4591087699282927e-09,1620.622488975525,3.4591087699282927e-09,1,3.4591087699282927e-09,1510.6542348861694,3.4591087699282927e-09,100,3.4591087699282927e-09,1468.9843559265137,2.3620847651792523e-09,20,2.3620847651792523e-09,2384.7872359752655,ok
hiv,odepe_v2_polish,1em2,hiv_5_1em2,,1,13.224751066856335,1401,13.224751066856335,46381.39380311966,24.69347142211328,358,138.8289538241402,3486.9284961223602,22.688964575855803,20,138.95810631619116,29090.250152111053,22.688964575855803,100,138.95810631619116,29580.024667978287,13.224751066856335,20,15.303223214545612,26945.352318048477,ok
hiv,odepe_v2_polish,1em4,hiv_5_1em4,,1,0.9999857220513599,1354,0.9999857220513599,65883.85181498528,10.642883163018151,298,46.37195931590068,2980.888939857483,10.642883163023322,20,80.96538620004752,40869.06156206131,10.642883163023322,100,80.96538620004752,40210.37933206558,8.125226074137876,20,8.125405830691154,27032.35361599922,ok
hiv,odepe_v2_polish,1em6,hiv_5_1em6,,1,0.048728076942749096,1760,0.048728076942749096,51982.8188688755,0.048729792848498495,27,75.91853712670665,1765.1597080230713,0.048729792848498495,20,75.91853712670665,2262.6322119235992,0.048729792848498495,100,75.91853712670665,2555.1379849910736,0.04873616219454655,20,0.04873616219454655,3635.1337110996246,ok
hiv,odepe_v2_polish,1em8,hiv_5_1em8,,1,0.0002912187904748904,2117,0.0002912187904748904,97157.53203487396,0.0002912220750307009,1,0.0002912220750307009,1709.4650049209595,0.0002912220750307009,1,0.0002912220750307009,1801.2986288070679,0.0002911807416357991,100,0.0002911807416357991,2788.6962580680847,0.00029037246840825056,20,0.00029037246840825056,1905.1835489273071,ok
hiv,odepe_v2_polish,0,hiv_6_0,,1,1.0891322746375142e-08,1621,1.0891322746375142e-08,34277.26748085022,4.6424354630467514e-08,1,4.6424354630467514e-08,2843.137917995453,2.0482455530778142e-08,1,2.0482455530778142e-08,1950.1222290992737,1.2277783058909263e-08,100,1.2277783058909263e-08,3118.778554916382,2.3022119051066217e-09,20,2.3022119051066217e-09,2337.053204059601,ok
hiv,odepe_v2_polish,1em2,hiv_6_1em2,,1,0.9999882075471699,1536,0.9999882075471699,12680.489147901535,12.901322453619036,265,1563.3923167590972,4690.598908901215,1474.418587302778,20,1563.3923167590972,7869.035192966461,64.56744796852271,100,1563.3923167590972,8138.013058185577,966.7590728234762,20,1563.3923167459604,7934.8039610385895,ok
hiv,odepe_v2_polish,1em4,hiv_6_1em4,,1,0.9986701813722985,1411,0.9986701813722985,34252.19230699539,3.12065010666612,279,240.08327630264725,3676.0592770576477,59.574353341876204,20,240.08327630264725,14798.815174818039,3.12065010666612,100,240.08327630264725,10976.897253990173,0.9995127589235933,20,5.022853210852934,17738.53316807747,ok
hiv,odepe_v2_polish,1em6,hiv_6_1em6,,1,0.8524932651685281,1294,0.8524932651685281,27299.322495937347,0.5122467394709833,262,0.8531919680895442,4219.608119010925,0.8531919680895442,20,0.8531919680895442,18000.903256893158,0.8521707164533162,100,0.8531919680895442,18064.031765937805,0.8531847816516014,20,0.8531847816516014,21188.25088787079,ok
hiv,odepe_v2_polish,1em8,hiv_6_1em8,,1,0.028452245763266954,1675,0.028452245763266954,35192.97488117218,0.0285908295252228,3,0.0285908295252228,3516.970139980316,0.0285908295252228,2,0.0285908295252228,13137.908514022827,0.028505521380125902,100,0.028590593668309516,17071.822824001312,0.028589778987620253,20,0.028589778987620253,10233.879034996033,ok
hiv,odepe_v2_polish,0,hiv_7_0,,1,5.355080793876567e-09,1582,5.355080793876567e-09,69195.04010796547,6.6930138621763156e-09,1,6.6930138621763156e-09,2460.177782058716,5.514155089462714e-09,1,5.514155089462714e-09,1529.0110290050507,5.514155089462714e-09,100,5.514155089462714e-09,1575.8285419940948,3.9965436735831397e-10,20,3.9965436735831397e-10,1632.6880688667297,ok
hiv,odepe_v2_polish,1em2,hiv_7_1em2,,1,5.521020103407048,1424,5.521020103407048,70733.12323999405,493.38893654461197,135,7331.898417736879,4296.357008934021,1226.262382094661,20,7331.898417736879,18371.044276952744,493.38893654461197,100,7331.898417736879,19306.858484983444,5.52101938431658,20,43.05286343612335,19153.58940887451,ok
hiv,odepe_v2_polish,1em4,hiv_7_1em4,,1,0.9999559471365639,1888,0.9999559471365639,106546.45478701591,111.05872961500795,192,10793.1481327315,3980.716466188431,211.35160931970321,20,1146.726334137146,27059.795635938644,111.05872961500795,100,10793.1481327315,27660.133993148804,0.9999121114950016,20,0.9999121114950016,26453.680119037628,ok
hiv,odepe_v2_polish,1em6,hiv_7_1em6,,1,0.031451439589110106,1825,0.031451439589110106,73312.63147306442,0.0314886824611781,16,2.942098033140041,2011.2022259235382,0.03150673050891747,20,7.332835337806729,3901.5116250514984,0.0314886824611781,100,2.942098033140041,1968.4785912036896,0.03150673924686457,20,0.03150673924686457,5020.675815820694,ok
hiv,odepe_v2_polish,1em8,hiv_7_1em8,,1,0.0017644661241351656,1771,0.0017644661241351656,62503.678059101105,0.0017644660789843027,1,0.0017644660789843027,2813.1159491539,0.0017645600924662017,1,0.0017645600924662017,5714.185959100723,0.0017644660789843027,100,0.0017644660789843027,7967.676630973816,0.0017679372735474896,20,0.0017679372735474896,3531.2675471305847,ok
hiv,odepe_v2_polish,0,hiv_8_0,,1,1.2030423144454836e-06,1452,1.2030423144454836e-06,33803.36442613602,1.2053263567129726e-06,1,1.2053263567129726e-06,3187.006024837494,1.184636333076813e-06,1,1.184636333076813e-06,2243.868926048279,1.184636333076813e-06,100,1.184636333076813e-06,2161.2576541900635,1.8057159828235198e-07,20,1.8057159828235198e-07,3807.225039958954,ok
hiv,odepe_v2_polish,1em2,hiv_8_1em2,,1,11.684543290324163,1480,11.684543290324163,26004.901849985123,171.2429169552186,290,388.6116753407635,4602.7467341423035,388.6116753407635,20,388.6116753407635,13976.147387981415,388.6116753407635,100,388.6116753407635,14931.079142808914,59.23616934858668,20,59.23786214713426,13709.263173818588,ok
hiv,odepe_v2_polish,1em4,hiv_8_1em4,,1,0.9999047303943417,1489,0.9999047303943417,27489.717449188232,66.49560906139271,259,2422.606840514703,4079.2724771499634,2422.606840514703,20,2422.606840514703,13351.972353935242,108.36637304987329,100,2422.606840514697,11896.34724020958,0.9998098548973319,20,47.69830009131108,13911.531300067902,ok
hiv,odepe_v2_polish,1em6,hiv_8_1em6,,1,0.9737275466204238,1313,0.9737275466204238,37214.41244220734,0.2077027383542663,330,0.999904761904762,3329.918466091156,0.999904761904762,20,0.999904761904762,23858.899813890457,0.999904761904762,100,0.999904761904762,17809.863039970398,0.9998099750177019,20,0.9998099750177019,16782.38196706772,ok
hiv,odepe_v2_polish,1em8,hiv_8_1em8,,1,0.13734797235811133,1505,0.13734797235811133,31901.550909996033,0.15630310428793237,2,0.15630310428793237,3386.423590898514,0.15630310428793237,2,0.15630310428793237,12722.725306034088,0.15585961777950255,100,0.15630310428793237,12662.37689113617,0.15628452396237777,20,0.15628452396237777,5631.811846971512,ok
hiv,odepe_v2_polish,0,hiv_9_0,,1,1.5612973651811134e-07,1409,1.5612973651811134e-07,30539.303673028946,1.5006409896173209e-07,1,1.5006409896173209e-07,2867.7809069156647,1.4697915797275931e-07,1,1.4697915797275931e-07,2873.2949829101562,1.4697915797275931e-07,100,1.4697915797275931e-07,2625.719831943512,2.399509044498157e-08,20,2.399509044498157e-08,1924.6430139541626,ok
hiv,odepe_v2_polish,1em2,hiv_9_1em2,,1,7.259312008704048,1457,7.259312008704048,14699.662368059158,86.04913413168478,251,21925.258566498458,4640.006666898727,14811.342110021635,20,21925.258566503653,6022.29825091362,99.75110400136352,100,21925.258566498458,8282.540261030197,8.895383464144837,20,8.895383464144837,9001.574293136597,ok
hiv,odepe_v2_polish,1em4,hiv_9_1em4,,1,0.9956699348979823,1211,0.9956699348979823,21796.99062514305,60.03582725302132,339,14200.203326046123,3627.111496925354,1037.3548079647046,20,14200.203326046123,15216.200933218002,2235.0860158704077,100,19470.410265601746,16963.64874982834,0.9970878488931162,20,0.999944882260003,18544.725255966187,ok
hiv,odepe_v2_polish,1em6,hiv_9_1em6,,1,0.9649766390434902,1470,0.9649766390434902,27289.87844800949,0.7403215338058621,386,0.9753236852115205,4688.078547954559,0.9740403656855222,20,0.9740403656855222,22638.905898094177,0.9716410461976722,100,0.9735905317093926,22299.846341848373,0.9735945240169284,20,0.9735945240169284,24247.580501794815,ok
hiv,odepe_v2_polish,1em8,hiv_9_1em8,,1,0.01391605876389532,1467,0.01391605876389532,33818.32870697975,0.014219488690515708,31,0.014219488690515708,3225.759915113449,0.014219488690515708,3,0.014219488690515708,17731.11026406288,0.014127975964912843,100,0.0141776906710438,20463.74160194397,0.014189309892002417,20,0.014189309892002417,20332.004857063293,ok
lotka_volterra,odepe_v2_polish,0,lotka_volterra_0_0,,1,4.868181881004387e-13,586,4.868181881004387e-13,686.9024119377136,2.8293644230633647e-12,1,2.8293644230633647e-12,450.45196509361267,2.8293644230633647e-12,1,2.8293644230633647e-12,377.0448889732361,2.366162821232365e-12,100,2.366162821232365e-12,426.61737990379333,2.8293644230633647e-12,20,2.8293644230633647e-12,425.0291368961334,ok
lotka_volterra,odepe_v2_polish,1em2,lotka_volterra_0_1em2,,1,0.011657338728866063,404,0.011657338728866063,904.9623568058014,0.011657293035096874,22,0.43598596836243014,496.9871051311493,0.011657293035096874,20,0.43598596836243014,500.39443707466125,0.011657293035096874,100,0.43598596836243014,483.0858619213104,0.011657338000654712,20,0.011657338000654712,563.5063688755035,ok
lotka_volterra,odepe_v2_polish,1em4,lotka_volterra_0_1em4,,1,0.00032943337892795316,516,0.00032943337892795316,770.2845330238342,0.0003294345819421278,5,0.0003294345819421278,395.71402502059937,0.0003294345874385839,12,0.0003294345874385839,603.7100789546967,0.0003294345819421278,100,0.0003294345819421278,430.351007938385,0.0003294345874385839,20,0.0003294345874385839,496.74296021461487,ok
lotka_volterra,odepe_v2_polish,1em6,lotka_volterra_0_1em6,,1,6.690523219142705e-06,633,6.690523219142705e-06,599.5041680335999,6.690521087076251e-06,1,6.690521087076251e-06,449.2091860771179,6.690617433861577e-06,1,6.690617433861577e-06,373.9147701263428,6.690677264535131e-06,100,6.690677264535131e-06,415.7885389328003,6.690677264535131e-06,20,6.690677264535131e-06,452.4197859764099,ok
lotka_volterra,odepe_v2_polish,1em8,lotka_volterra_0_1em8,,1,8.76187122368814e-09,625,8.76187122368814e-09,673.8125789165497,8.753773291032317e-09,1,8.753773291032317e-09,397.0139248371124,8.75957834532533e-09,1,8.75957834532533e-09,457.53086280822754,8.75957834532533e-09,100,8.75957834532533e-09,395.2826039791107,8.75957834532533e-09,20,8.75957834532533e-09,454.08381605148315,ok
lotka_volterra,odepe_v2_polish,0,lotka_volterra_1_0,,1,7.842515275453643e-13,731,7.842515275453643e-13,1125.9141170978546,8.165982510071875e-13,1,8.165982510071875e-13,450.2326970100403,8.165982510071875e-13,1,8.165982510071875e-13,458.48637890815735,7.72982346468342e-13,100,7.72982346468342e-13,665.5514380931854,7.72982346468342e-13,20,7.72982346468342e-13,621.3642189502716,ok
lotka_volterra,odepe_v2_polish,1em2,lotka_volterra_1_1em2,,1,0.005128726919298589,605,0.005128726919298589,1728.9118359088898,0.005128719249373534,161,5.577660226194051,1190.3326189517975,0.4292334230634276,20,5.577660226194051,1409.854709148407,0.4292334230634276,100,5.577660226194051,1209.7233839035034,0.005128726897815565,20,0.005128726897815565,1404.9517691135406,ok
lotka_volterra,odepe_v2_polish,1em4,lotka_volterra_1_1em4,,1,7.83021622416078e-05,721,7.83021622416078e-05,1465.923723936081,7.830263320364075e-05,1,7.830263320364075e-05,883.8920199871063,7.830263320364075e-05,1,7.830263320364075e-05,1035.7469429969788,7.830263320364075e-05,100,7.830263320364075e-05,952.2325308322906,7.83025482273374e-05,20,7.83025482273374e-05,983.5959980487823,ok
lotka_volterra,odepe_v2_polish,1em6,lotka_volterra_1_1em6,,1,8.841280203775838e-07,783,8.841280203775838e-07,1117.4231009483337,8.84197993435842e-07,1,8.84197993435842e-07,551.3313939571381,8.842003576682942e-07,1,8.842003576682942e-07,762.0747890472412,8.842003576682942e-07,100,8.842003576682942e-07,818.3093419075012,8.841979556632166e-07,20,8.841979556632166e-07,574.9637298583984,ok
lotka_volterra,odepe_v2_polish,1em8,lotka_volterra_1_1em8,,1,3.467535991006905e-09,789,3.467535991006905e-09,1565.6023240089417,3.467736958069445e-09,1,3.467736958069445e-09,479.3334310054779,3.467513870021828e-09,1,3.467513870021828e-09,493.1686041355133,3.467513870021828e-09,100,3.467513870021828e-09,460.33347487449646,3.467513870021828e-09,20,3.467513870021828e-09,491.77720499038696,ok
lotka_volterra,odepe_v2_polish,0,lotka_volterra_2_0,,1,1.8388068845354158e-13,658,1.8388068845354158e-13,712.5228178501129,2.2724877535296175e-13,1,2.2724877535296175e-13,592.426766872406,2.2724877535296175e-13,1,2.2724877535296175e-13,658.1186821460724,1.8503717077085943e-13,100,1.8503717077085943e-13,406.99287390708923,2.2724877535296175e-13,20,2.2724877535296175e-13,561.1347301006317,ok
lotka_volterra,odepe_v2_polish,1em2,lotka_volterra_2_1em2,,1,0.007488058711265727,566,0.007488058711265727,1109.546051979065,0.1697293782200049,199,0.3525376152442645,894.8432528972626,0.1697293782200049,20,0.3525376152442645,1085.9931089878082,0.1697293782200049,100,0.3525376152442645,961.0612859725952,0.00748805999308702,20,0.00748805999308702,979.3854269981384,ok
lotka_volterra,odepe_v2_polish,1em4,lotka_volterra_2_1em4,,1,1.5138227095479186e-05,637,1.5138227095479186e-05,1088.591556072235,1.5138227027632223e-05,4,1.5138227027632223e-05,502.4666039943695,1.5138227582165495e-05,8,1.5138227582165495e-05,624.2980830669403,1.5138227582165495e-05,100,1.5138227582165495e-05,626.2032198905945,1.5138227582165495e-05,20,1.5138227582165495e-05,562.4334950447083,ok
lotka_volterra,odepe_v2_polish,1em6,lotka_volterra_2_1em6,,1,4.589526077853407e-08,765,4.589526077853407e-08,746.261638879776,4.589548822005648e-08,1,4.589548822005648e-08,419.36384105682373,4.589335373919282e-08,1,4.589335373919282e-08,523.0176539421082,4.589534635822555e-08,100,4.589534635822555e-08,523.0465898513794,4.589335373919282e-08,20,4.589335373919282e-08,444.23165917396545,ok
lotka_volterra,odepe_v2_polish,1em8,lotka_volterra_2_1em8,,1,7.480400172744774e-09,738,7.480400172744774e-09,800.9657371044159,7.479574058876103e-09,1,7.479574058876103e-09,604.5968220233917,7.480497124512375e-09,1,7.480497124512375e-09,450.87471199035645,7.480497124512375e-09,100,7.480497124512375e-09,426.1367230415344,7.480497124512375e-09,20,7.480497124512375e-09,441.38778281211853,ok
lotka_volterra,odepe_v2_polish,0,lotka_volterra_3_0,,1,1.0015086256055159e-12,516,1.0015086256055159e-12,577.2174339294434,2.713098406282557e-11,1,2.713098406282557e-11,547.2138071060181,9.438110395336397e-13,1,9.438110395336397e-13,397.5257670879364,9.438110395336397e-13,100,9.438110395336397e-13,403.467472076416,2.713098406282557e-11,20,2.713098406282557e-11,509.18703389167786,ok
lotka_volterra,odepe_v2_polish,1em2,lotka_volterra_3_1em2,,1,0.01262904731838355,368,0.01262904731838355,766.3789429664612,0.012629050274845151,205,0.21165521081614255,760.9836118221283,0.1871712872867867,20,0.21165521081614255,714.9997081756592,0.1871712872867867,100,0.21165521081614255,768.5123991966248,0.012629067208063291,20,0.012629067208063291,845.2092859745026,ok
lotka_volterra,odepe_v2_polish,1em4,lotka_volterra_3_1em4,,1,3.110412042892942e-05,457,3.110412042892942e-05,689.0128309726715,3.1104118674679864e-05,2,3.1104118674679864e-05,424.6802408695221,3.1104118674679864e-05,11,3.1104118674679864e-05,465.4721939563751,3.1104119005560335e-05,100,3.1104119005560335e-05,506.54691219329834,3.110378899723235e-05,20,3.110378899723235e-05,517.7426509857178,ok
lotka_volterra,odepe_v2_polish,1em6,lotka_volterra_3_1em6,,1,7.233028582834978e-07,625,7.233028582834978e-07,626.7971060276031,7.232402712217793e-07,1,7.232402712217793e-07,433.46096181869507,7.232409861859722e-07,1,7.232409861859722e-07,456.3547101020813,7.232409861859722e-07,100,7.232409861859722e-07,480.7403390407562,7.232409861859722e-07,20,7.232409861859722e-07,512.5352051258087,ok
lotka_volterra,odepe_v2_polish,1em8,lotka_volterra_3_1em8,,1,8.682236306025753e-09,595,8.682236306025753e-09,553.0505809783936,8.68222865350381e-09,1,8.68222865350381e-09,409.9233179092407,8.682238370991991e-09,1,8.682238370991991e-09,427.6118631362915,8.682238370991991e-09,100,8.682238370991991e-09,397.08003091812134,8.682238370991991e-09,20,8.682238370991991e-09,491.0646541118622,ok
lotka_volterra,odepe_v2_polish,0,lotka_volterra_4_0,,1,5.176882642915056e-13,576,5.176882642915056e-13,412.5159978866577,1.9537607879840917e-11,1,1.9537607879840917e-11,337.09791803359985,1.5173483384788757e-10,1,1.5173483384788757e-10,361.0780129432678,1.5173483384788757e-10,100,1.5173483384788757e-10,386.15550112724304,1.5173483384788757e-10,20,1.5173483384788757e-10,399.8183741569519,ok
lotka_volterra,odepe_v2_polish,1em2,lotka_volterra_4_1em2,,1,0.016885319692877068,445,0.016885319692877068,655.8019988536835,0.016885319733919296,225,0.42842243949477565,610.2701861858368,0.1559650245167057,20,0.42842243949477565,656.819258928299,0.01688531983076698,100,0.42842243949477565,654.5030319690704,0.016885319597745703,20,0.016885319597745703,567.2242839336395,ok
lotka_volterra,odepe_v2_polish,1em4,lotka_volterra_4_1em4,,1,0.00017770553102744736,559,0.00017770553102744736,733.269838809967,0.00017770553029158227,1,0.00017770553029158227,381.358216047287,0.00017770553029158227,8,0.00017770553029158227,436.81122612953186,0.00017770553029158227,100,0.00017770553029158227,440.36836194992065,0.00017770552607420946,20,0.00017770552607420946,421.7543168067932,ok
lotka_volterra,odepe_v2_polish,1em6,lotka_volterra_4_1em6,,1,8.178261841723034e-07,612,8.178261841723034e-07,488.35680198669434,8.176026166447512e-07,1,8.176026166447512e-07,380.13066601753235,8.178214279094519e-07,1,8.178214279094519e-07,415.16366815567017,8.178257291283312e-07,100,8.178257291283312e-07,377.9972379207611,8.178257291283312e-07,20,8.178257291283312e-07,387.18858003616333,ok
lotka_volterra,odepe_v2_polish,1em8,lotka_volterra_4_1em8,,1,1.4212413662143602e-09,622,1.4212413662143602e-09,467.936075925827,1.4105092805324855e-09,1,1.4105092805324855e-09,351.73271107673645,1.4211122264204142e-09,1,1.4211122264204142e-09,445.1121380329132,1.4211122264204142e-09,100,1.4211122264204142e-09,423.2527527809143,1.4211080130503018e-09,20,1.4211080130503018e-09,348.7795729637146,ok
lotka_volterra,odepe_v2_polish,0,lotka_volterra_5_0,,1,8.272992959379721e-14,617,8.272992959379721e-14,460.46586513519287,9.927591551255666e-14,1,9.927591551255666e-14,377.2517249584198,7.837645876222831e-14,1,7.837645876222831e-14,397.8712430000305,7.837645876222831e-14,100,7.837645876222831e-14,393.84345984458923,7.837645876222831e-14,20,7.837645876222831e-14,378.69377303123474,ok
lotka_volterra,odepe_v2_polish,1em2,lotka_volterra_5_1em2,,1,0.0006270398047550972,510,0.0006270398047550972,791.5368890762329,0.07232410715411158,260,0.07232410715411158,889.3549160957336,0.0006270396871656803,20,0.07232410715411158,856.8688199520111,0.0006270396871656803,100,0.07232410715411158,862.7939338684082,0.0006270398315324387,20,0.0006270398315324387,840.0559070110321,ok
lotka_volterra,odepe_v2_polish,1em4,lotka_volterra_5_1em4,,1,8.451289243954742e-06,523,8.451289243954742e-06,465.5152180194855,8.451290034751825e-06,1,8.451290034751825e-06,529.0988349914551,8.451242181992274e-06,1,8.451242181992274e-06,557.3431270122528,8.451290034751825e-06,100,8.451290034751825e-06,582.6592600345612,8.451290677898087e-06,20,8.451290677898087e-06,513.3973371982574,ok
lotka_volterra,odepe_v2_polish,1em6,lotka_volterra_5_1em6,,1,5.764715061014634e-07,666,5.764715061014634e-07,524.0788478851318,5.7648505941112e-07,1,5.7648505941112e-07,388.8145079612732,5.764851061440572e-07,1,5.764851061440572e-07,406.47333693504333,5.764851061440572e-07,100,5.764851061440572e-07,368.8554699420929,5.764851935472806e-07,20,5.764851935472806e-07,383.0476632118225,ok
lotka_volterra,odepe_v2_polish,1em8,lotka_volterra_5_1em8,,1,5.6393092698403234e-09,665,5.6393092698403234e-09,555.9486420154572,5.641315249598809e-09,1,5.641315249598809e-09,354.59049892425537,5.641309313252716e-09,1,5.641309313252716e-09,375.97242498397827,5.634747882546658e-09,100,5.634747882546658e-09,345.1285469532013,5.634747882546658e-09,20,5.634747882546658e-09,349.62295293807983,ok
lotka_volterra,odepe_v2_polish,0,lotka_volterra_6_0,,1,9.369199183422054e-13,435,9.369199183422054e-13,331.20305490493774,3.632708406895952e-12,1,3.632708406895952e-12,311.07108783721924,2.6254969291694506e-13,1,2.6254969291694506e-13,383.8117389678955,2.6254969291694506e-13,100,2.6254969291694506e-13,345.25220704078674,2.6254969291694506e-13,20,2.6254969291694506e-13,358.7630739212036,ok
lotka_volterra,odepe_v2_polish,1em2,lotka_volterra_6_1em2,,1,0.009183975182899885,353,0.009183975182899885,578.4424271583557,0.03939727170801295,202,0.35977506371956447,518.7608420848846,0.03939727170801295,20,0.35977506371956447,600.2364730834961,0.03939727170801295,100,0.35977506371956447,563.0587229728699,0.03939727170801295,20,39.650406504065046,514.7345960140228,ok
lotka_volterra,odepe_v2_polish,1em4,lotka_volterra_6_1em4,,1,7.285722227194996e-05,425,7.285722227194996e-05,439.4586548805237,7.28579253272243e-05,5,7.28579253272243e-05,381.8701090812683,7.285882892916916e-05,20,7.285882892916916e-05,378.4012222290039,7.285882892916916e-05,100,7.285882892916916e-05,378.62733817100525,7.285792753988525e-05,20,7.285792753988525e-05,380.50202202796936,ok
lotka_volterra,odepe_v2_polish,1em6,lotka_volterra_6_1em6,,1,7.671556518992107e-07,559,7.671556518992107e-07,425.99414896965027,7.671563932889968e-07,1,7.671563932889968e-07,361.533851146698,7.670567731123902e-07,1,7.670567731123902e-07,378.45500802993774,7.670567731123902e-07,100,7.670567731123902e-07,369.6338219642639,7.671885862590571e-07,20,7.671885862590571e-07,418.64891815185547,ok
lotka_volterra,odepe_v2_polish,1em8,lotka_volterra_6_1em8,,1,2.5828832185063052e-08,493,2.5828832185063052e-08,425.06263995170593,2.5828900107244033e-08,1,2.5828900107244033e-08,369.37317395210266,2.58289096975852e-08,1,2.58289096975852e-08,394.5639410018921,2.58289096975852e-08,100,2.58289096975852e-08,367.1608519554138,2.5828900107244033e-08,20,2.5828900107244033e-08,367.9617660045624,ok
lotka_volterra,odepe_v2_polish,0,lotka_volterra_7_0,,1,9.802315027691503e-13,503,9.802315027691503e-13,518.6879210472107,8.849199034852926e-13,1,8.849199034852926e-13,388.11000299453735,8.849199034852926e-13,1,8.849199034852926e-13,386.4934148788452,8.849199034852926e-13,100,8.849199034852926e-13,381.5226340293884,9.465989604089123e-13,20,9.465989604089123e-13,456.06327199935913,ok
lotka_volterra,odepe_v2_polish,1em2,lotka_volterra_7_1em2,,1,0.01005313538945026,359,0.01005313538945026,580.8188869953156,0.010053135992870438,200,0.06793675643110939,517.7815268039703,0.06793675643110939,20,0.06793675643110939,572.1810839176178,0.06793675643110939,100,0.06793675643110939,554.3526298999786,0.010053135987830562,20,0.010053135987830562,510.6209981441498,ok
lotka_volterra,odepe_v2_polish,1em4,lotka_volterra_7_1em4,,1,0.00014322610542726781,433,0.00014322610542726781,404.6947891712189,0.0001432260982301365,2,0.0001432260982301365,350.9302661418915,0.00014322569029416406,17,0.00014322569029416406,402.8177390098572,0.00014322569029416406,100,0.00014322569029416406,371.75978994369507,0.00014322569029416406,20,0.00014322569029416406,373.83908796310425,ok
lotka_volterra,odepe_v2_polish,1em6,lotka_volterra_7_1em6,,1,1.755152692541126e-07,634,1.755152692541126e-07,567.0088658332825,1.7551531804478547e-07,1,1.7551531804478547e-07,405.0728030204773,1.7551479142810139e-07,1,1.7551479142810139e-07,442.74573397636414,1.7551557006272387e-07,100,1.7551557006272387e-07,488.86680793762207,1.755152654906447e-07,20,1.755152654906447e-07,592.2554030418396,ok
lotka_volterra,odepe_v2_polish,1em8,lotka_volterra_7_1em8,,1,9.025082451698424e-09,627,9.025082451698424e-09,547.9906969070435,9.037045395727708e-09,1,9.037045395727708e-09,397.5582151412964,9.037013159692297e-09,1,9.037013159692297e-09,501.76774883270264,9.037045395727708e-09,100,9.037045395727708e-09,480.0654630661011,9.037045395727708e-09,20,9.037045395727708e-09,468.0370237827301,ok
lotka_volterra,odepe_v2_polish,0,lotka_volterra_8_0,,1,1.5676581210081697e-12,640,1.5676581210081697e-12,1079.2393510341644,3.120016827164798e-11,1,3.120016827164798e-11,707.9036719799042,1.089333810921408e-12,1,1.089333810921408e-12,437.0796411037445,1.089333810921408e-12,100,1.089333810921408e-12,437.1683180332184,3.120016827164798e-11,20,3.120016827164798e-11,679.8158910274506,ok
lotka_volterra,odepe_v2_polish,1em2,lotka_volterra_8_1em2,,1,0.0030079404397360477,526,0.0030079404397360477,997.9500160217285,0.0030079419076100697,218,0.2520812763989879,822.1430358886719,0.2520812763989879,20,0.2520812763989879,1024.2520940303802,0.23158175941393988,100,0.2520812763989879,941.820463180542,0.0030079419429656445,20,0.0030079419429656445,862.1361148357391,ok
lotka_volterra,odepe_v2_polish,1em4,lotka_volterra_8_1em4,,1,0.00011083754551525986,628,0.00011083754551525986,1378.8114161491394,0.0001108374012365555,1,0.0001108374012365555,489.8527829647064,0.00011083741830110892,2,0.00011083741830110892,922.5771040916443,0.00011083741830110892,100,0.00011083741830110892,795.0653238296509,0.00011083741852218643,20,0.00011083741852218643,745.930098772049,ok
lotka_volterra,odepe_v2_polish,1em6,lotka_volterra_8_1em6,,1,5.479775876188566e-07,735,5.479775876188566e-07,931.1748268604279,5.479531416296824e-07,1,5.479531416296824e-07,773.0978708267212,5.479769060115501e-07,1,5.479769060115501e-07,698.4533729553223,5.479844986604755e-07,100,5.479844986604755e-07,506.56955790519714,5.479769060115501e-07,20,5.479769060115501e-07,837.4197409152985,ok
lotka_volterra,odepe_v2_polish,1em8,lotka_volterra_8_1em8,,1,5.209645916363194e-09,725,5.209645916363194e-09,806.2379579544067,5.209612068100248e-09,1,5.209612068100248e-09,492.0398268699646,5.208108624969515e-09,1,5.208108624969515e-09,495.393501996994,5.208108624969515e-09,100,5.208108624969515e-09,518.2920379638672,5.208108624969515e-09,20,5.208108624969515e-09,495.21003580093384,ok
lotka_volterra,odepe_v2_polish,0,lotka_volterra_9_0,,1,7.959049166600874e-14,634,7.959049166600874e-14,875.0822169780731,5.846942574828411e-14,1,5.846942574828411e-14,594.6056740283966,5.846942574828411e-14,1,5.846942574828411e-14,523.1047601699829,5.846942574828411e-14,100,5.846942574828411e-14,540.0842580795288,5.846942574828411e-14,20,5.846942574828411e-14,523.8989541530609,ok
lotka_volterra,odepe_v2_polish,1em2,lotka_volterra_9_1em2,,1,0.001021544058848434,511,0.001021544058848434,1044.7582190036774,0.0010215439677533481,167,9.018550077093893,755.1772100925446,0.4164189710620204,20,9.018550076880725,989.2722351551056,0.4164189710620204,100,9.018550076880725,1032.7786700725555,0.0010215434874874107,20,0.0010215434874874107,875.3138551712036,ok
lotka_volterra,odepe_v2_polish,1em4,lotka_volterra_9_1em4,,1,2.18408122065158e-05,418,2.18408122065158e-05,692.1667001247406,2.184081607315461e-05,3,2.184081607315461e-05,734.7867341041565,2.1840812197814992e-05,4,2.1840812197814992e-05,597.8097040653229,2.184081607315461e-05,100,2.184081607315461e-05,677.4227471351624,2.184081219155041e-05,20,2.184081219155041e-05,666.1837739944458,ok
lotka_volterra,odepe_v2_polish,1em6,lotka_volterra_9_1em6,,1,3.356575464594648e-07,709,3.356575464594648e-07,866.6875040531158,3.356542488765075e-07,1,3.356542488765075e-07,526.5396239757538,3.3565752182868906e-07,1,3.3565752182868906e-07,503.3680031299591,3.356571203838073e-07,100,3.356571203838073e-07,451.70303297042847,3.356571203838073e-07,20,3.356571203838073e-07,435.4746298789978,ok
lotka_volterra,odepe_v2_polish,1em8,lotka_volterra_9_1em8,,1,9.909688882786452e-10,722,9.909688882786452e-10,802.0213520526886,9.91005779702034e-10,1,9.91005779702034e-10,426.8130819797516,9.90965930004128e-10,1,9.90965930004128e-10,415.18332982063293,9.909716725370142e-10,100,9.909716725370142e-10,586.3314390182495,9.90965930004128e-10,20,9.90965930004128e-10,424.06743693351746,ok
mass_spring_damper,odepe_v2_polish,0,mass_spring_damper_0_0,,1,6.455854880762306e-14,155,6.455854880762306e-14,299.61292600631714,4.769051942795907e-14,1,4.769051942795907e-14,303.41232204437256,5.980483143699047e-14,1,5.980483143699047e-14,319.0842640399933,5.980483143699047e-14,100,5.980483143699047e-14,320.0002999305725,5.244423679859165e-14,10,5.244423679859165e-14,321.0770049095154,ok
mass_spring_damper,odepe_v2_polish,1em2,mass_spring_damper_0_1em2,,1,0.009020617158042862,206,0.009020617158042862,368.23346400260925,0.020492065675220734,59,0.020492065675220734,447.0016260147095,0.01474878469258538,20,0.020492065675220734,450.98531007766724,0.009020617550839143,100,0.020492065675220734,481.15563106536865,0.020492065675240364,20,0.020492065675240364,517.1257908344269,ok
mass_spring_damper,odepe_v2_polish,1em4,mass_spring_damper_0_1em4,,1,3.239154724431426e-05,254,3.239154724431426e-05,333.1764249801636,0.0010125239852422675,2,0.0010125239852422675,319.1820571422577,3.2391563722232125e-05,20,0.0010125239852533947,373.75850009918213,3.239159975786332e-05,100,0.0010125239852422675,366.32023096084595,0.0010125239850838608,20,0.0010125239850838608,376.26357197761536,ok
mass_spring_damper,odepe_v2_polish,1em6,mass_spring_damper_0_1em6,,1,3.970421585352501e-07,263,3.970421585352501e-07,380.18379187583923,3.9702653989773565e-07,1,3.9702653989773565e-07,320.4168541431427,3.970421594104259e-07,1,3.970421594104259e-07,331.10365104675293,3.9702653989773565e-07,100,3.9702653989773565e-07,366.51298093795776,3.9704216066067703e-07,20,3.9704216066067703e-07,379.40731596946716,ok
mass_spring_damper,odepe_v2_polish,1em8,mass_spring_damper_0_1em8,,1,1.4402642992153461e-08,193,1.4402642992153461e-08,301.99060106277466,1.4402636365822346e-08,1,1.4402636365822346e-08,329.05668091773987,1.440264436742973e-08,1,1.440264436742973e-08,374.8023979663849,1.4402636365822346e-08,100,1.4402636365822346e-08,328.9236481189728,1.4402640366626038e-08,11,1.4402640366626038e-08,349.7960660457611,ok
mass_spring_damper,odepe_v2_polish,0,mass_spring_damper_1_0,,1,1.8141687829925563e-13,139,1.8141687829925563e-13,280.5766248703003,1.779977131871854e-13,1,1.779977131871854e-13,303.41207218170166,1.794056047039202e-13,1,1.794056047039202e-13,305.696475982666,1.779977131871854e-13,100,1.779977131871854e-13,301.7538321018219,1.7658982167045062e-13,11,1.7658982167045062e-13,317.3833041191101,ok
mass_spring_damper,odepe_v2_polish,1em2,mass_spring_damper_1_1em2,,1,0.0012940214044116973,251,0.0012940214044116973,445.3247139453888,0.011114571000777328,72,0.011114571000777328,457.55478596687317,0.0035324542773611995,20,0.011114571000777328,445.41547203063965,0.0035324542773611995,100,0.011114571000777328,470.1302709579468,0.011114571000726643,20,0.011114571000726643,447.98994302749634,ok
mass_spring_damper,odepe_v2_polish,1em4,mass_spring_damper_1_1em4,,1,2.020510143194516e-05,237,2.020510143194516e-05,418.6161711215973,2.020510143636996e-05,1,2.020510143636996e-05,460.35488295555115,2.020510131307889e-05,20,2.020510131307889e-05,365.16635298728943,2.0205101967949574e-05,100,2.0205101967949574e-05,396.15863490104675,2.020510143053727e-05,20,2.020510143053727e-05,349.1105179786682,ok
mass_spring_damper,odepe_v2_polish,1em6,mass_spring_damper_1_1em6,,1,1.4296868278623512e-07,215,1.4296868278623512e-07,357.31017112731934,1.429717821588455e-07,1,1.429717821588455e-07,350.0928900241852,1.4297141811832476e-07,1,1.4297141811832476e-07,369.7004220485687,1.429717821588455e-07,100,1.429717821588455e-07,395.6932430267334,1.429716882323686e-07,20,1.429716882323686e-07,379.46459317207336,ok
mass_spring_damper,odepe_v2_polish,1em8,mass_spring_damper_1_1em8,,1,3.295964998066883e-09,147,3.295964998066883e-09,374.0625331401825,3.2959627981533597e-09,1,3.2959627981533597e-09,306.59941005706787,3.2959627981533597e-09,1,3.2959627981533597e-09,364.3885440826416,3.2959707178420426e-09,100,3.2959707178420426e-09,327.0318410396576,3.295977904226218e-09,13,3.295977904226218e-09,319.08291697502136,ok
mass_spring_damper,odepe_v2_polish,0,mass_spring_damper_2_0,,1,3.2111659010859565e-13,254,3.2111659010859565e-13,388.98155903816223,5.628213944280308e-13,1,5.628213944280308e-13,414.9809401035309,3.253570252720945e-13,1,3.253570252720945e-13,384.36877703666687,3.253570252720945e-13,100,3.253570252720945e-13,388.2213649749756,1.5184664686577252e-14,20,1.5184664686577252e-14,445.7471008300781,ok
mass_spring_damper,odepe_v2_polish,1em2,mass_spring_damper_2_1em2,,1,0.004175094315208587,321,0.004175094315208587,555.8942589759827,0.027365059657629986,81,0.027365059657629986,649.0308530330658,0.02510311373061736,20,0.027365059657629986,656.974956035614,0.02510311373061736,100,0.027365059657629986,686.7055819034576,0.027365059661071098,20,0.027365059661071098,731.6795508861542,ok
mass_spring_damper,odepe_v2_polish,1em4,mass_spring_damper_2_1em4,,1,3.2322948467083945e-05,302,3.2322948467083945e-05,473.7135500907898,3.2323417608591996e-05,2,3.2323417608591996e-05,491.33072090148926,3.232294880612601e-05,20,3.232294880612601e-05,508.5961558818817,3.232294880612601e-05,100,3.232294880612601e-05,508.6869809627533,3.232294904436137e-05,20,3.232294904436137e-05,555.4459412097931,ok
mass_spring_damper,odepe_v2_polish,1em6,mass_spring_damper_2_1em6,,1,7.461878322024953e-07,359,7.461878322024953e-07,490.1744329929352,7.461878406833656e-07,1,7.461878406833656e-07,437.96006894111633,7.461878341299657e-07,1,7.461878341299657e-07,454.0444509983063,7.461878341299657e-07,100,7.461878341299657e-07,452.8547978401184,7.461874999065761e-07,20,7.461874999065761e-07,538.4568908214569,ok
mass_spring_damper,odepe_v2_polish,1em8,mass_spring_damper_2_1em8,,1,1.7304849297344266e-08,312,1.7304849297344266e-08,502.0898311138153,1.7298656720029136e-08,1,1.7298656720029136e-08,397.558091878891,1.7298656720029136e-08,1,1.7298656720029136e-08,417.8183608055115,1.729842137587756e-08,100,1.729842137587756e-08,443.42349004745483,1.7299009254388864e-08,20,1.7299009254388864e-08,402.73188185691833,ok
mass_spring_damper,odepe_v2_polish,0,mass_spring_damper_3_0,,1,6.101989142977959e-14,215,6.101989142977959e-14,291.0221290588379,3.3772814909398844e-13,1,3.3772814909398844e-13,300.4387731552124,3.3772814909398844e-13,1,3.3772814909398844e-13,305.3210310935974,3.3772814909398844e-13,100,3.3772814909398844e-13,330.24498295783997,1.6187221198733198e-13,20,1.6187221198733198e-13,334.0440661907196,ok
mass_spring_damper,odepe_v2_polish,1em2,mass_spring_damper_3_1em2,,1,0.03770682883041716,285,0.03770682883041716,490.56118083000183,0.03770682883041716,76,0.16640274677322645,636.2660009860992,0.03770682883041716,20,0.16640274677322645,628.6762080192566,0.03770682883041716,100,0.16640274677322645,641.5022149085999,0.03770717821883203,20,0.16640431050178245,624.679347038269,ok
mass_spring_damper,odepe_v2_polish,1em4,mass_spring_damper_3_1em4,,1,0.0003510763310555597,291,0.0003510763310555597,424.44504714012146,0.00035107633089093317,12,0.00035107633089093317,471.131973028183,0.00035107633060278367,20,0.00035107633060278367,458.7722589969635,0.00035107633060278367,100,0.00035107633060278367,507.531702041626,0.00035107629710222766,20,0.00035107629710222766,473.4701759815216,ok
mass_spring_damper,odepe_v2_polish,1em6,mass_spring_damper_3_1em6,,1,3.80883493913307e-06,336,3.80883493913307e-06,407.83449387550354,3.8088267039902224e-06,1,3.8088267039902224e-06,341.94723987579346,3.8088267039902224e-06,1,3.8088267039902224e-06,329.3890058994293,3.80883385158063e-06,100,3.80883385158063e-06,332.9604458808899,3.8088350084160717e-06,20,3.8088350084160717e-06,419.08879685401917,ok
mass_spring_damper,odepe_v2_polish,1em8,mass_spring_damper_3_1em8,,1,2.8442951768233376e-08,214,2.8442951768233376e-08,376.3902699947357,2.844299223628637e-08,1,2.844299223628637e-08,343.5340449810028,2.844299223628637e-08,1,2.844299223628637e-08,335.8585867881775,2.844299223628637e-08,100,2.844299223628637e-08,344.45399284362793,2.8443329752560842e-08,20,2.8443329752560842e-08,364.15127205848694,ok
mass_spring_damper,odepe_v2_polish,0,mass_spring_damper_4_0,,1,6.743842605154424e-14,195,6.743842605154424e-14,366.9527020454407,2.0765820709284668e-13,1,2.0765820709284668e-13,339.78118801116943,2.0765820709284668e-13,1,2.0765820709284668e-13,365.97404503822327,2.0765820709284668e-13,100,2.0765820709284668e-13,361.24946308135986,5.685633260196682e-14,20,5.685633260196682e-14,375.2578320503235,ok
mass_spring_damper,odepe_v2_polish,1em2,mass_spring_damper_4_1em2,,1,0.0029504006631718882,247,0.0029504006631718882,501.6549549102783,0.03712502745703153,48,0.05191505695197785,581.3759100437164,0.01320431299890131,20,0.05191505695197785,563.8529880046844,0.0029504006912630014,100,0.05191505695197785,580.1413190364838,0.033162040601125556,20,0.05191479401942211,614.9395868778229,ok
mass_spring_damper,odepe_v2_polish,1em4,mass_spring_damper_4_1em4,,1,4.9673595469326487e-05,330,4.9673595469326487e-05,350.8504219055176,4.9673410081699186e-05,1,4.9673410081699186e-05,386.17435789108276,4.9673335055617274e-05,20,4.9673335055617274e-05,402.70009684562683,4.9673335055617274e-05,100,4.9673335055617274e-05,413.5438439846039,4.9673378234864534e-05,20,4.9673378234864534e-05,471.4133439064026,ok
mass_spring_damper,odepe_v2_polish,1em6,mass_spring_damper_4_1em6,,1,8.151757146286037e-08,329,8.151757146286037e-08,413.7270030975342,8.1517571710678e-08,1,8.1517571710678e-08,376.89233899116516,8.151757257803974e-08,1,8.151757257803974e-08,378.7520339488983,8.1517571710678e-08,100,8.1517571710678e-08,397.1836931705475,8.151757443667204e-08,20,8.151757443667204e-08,416.2755160331726,ok
mass_spring_damper,odepe_v2_polish,1em8,mass_spring_damper_4_1em8,,1,3.3440412528454136e-09,275,3.3440412528454136e-09,400.4836218357086,3.344089500017243e-09,1,3.344089500017243e-09,393.8171889781952,3.344089500017243e-09,1,3.344089500017243e-09,392.1534399986267,3.344089500017243e-09,100,3.344089500017243e-09,353.16620087623596,3.3440387418401883e-09,20,3.3440387418401883e-09,369.1045138835907,ok
mass_spring_damper,odepe_v2_polish,0,mass_spring_damper_5_0,,1,1.4820596249361217e-13,145,1.4820596249361217e-13,285.4604799747467,1.5560744932444655e-13,1,1.5560744932444655e-13,335.02359914779663,1.5049689889363234e-13,1,1.5049689889363234e-13,315.37398886680603,1.5560744932444655e-13,100,1.5560744932444655e-13,310.78310799598694,1.4573880021666738e-13,7,1.4573880021666738e-13,342.1552641391754,ok
mass_spring_damper,odepe_v2_polish,1em2,mass_spring_damper_5_1em2,,1,0.0032913897827845074,254,0.0032913897827845074,381.9660429954529,0.003351949383291734,65,0.003351949383291734,403.58251881599426,0.003351949383291734,20,0.003351949383291734,431.55066108703613,0.003351949383291734,100,0.003351949383291734,422.29934906959534,0.0033519984519171393,20,0.0033519984519171393,422.72883892059326,ok
mass_spring_damper,odepe_v2_polish,1em4,mass_spring_damper_5_1em4,,1,2.4623336512973202e-05,276,2.4623336512973202e-05,362.35848903656006,2.4623335658101473e-05,1,2.4623335658101473e-05,312.42100405693054,2.4623321002805098e-05,20,2.4623321002805098e-05,347.43620681762695,2.4623321002805098e-05,100,2.4623321002805098e-05,327.69036388397217,2.462333644970811e-05,20,2.462333644970811e-05,362.6696300506592,ok
mass_spring_damper,odepe_v2_polish,1em6,mass_spring_damper_5_1em6,,1,4.730554094829511e-07,250,4.730554094829511e-07,376.7531650066376,4.730549023048773e-07,1,4.730549023048773e-07,323.90776205062866,4.730549023048773e-07,1,4.730549023048773e-07,364.26788306236267,4.730554216425366e-07,100,4.730554216425366e-07,345.68905091285706,4.730609755772737e-07,10,4.730609755772737e-07,343.26472306251526,ok
mass_spring_damper,odepe_v2_polish,1em8,mass_spring_damper_5_1em8,,1,1.3081550296478818e-09,210,1.3081550296478818e-09,380.95027780532837,1.308062962372669e-09,1,1.308062962372669e-09,338.65836000442505,1.3080919590512592e-09,1,1.3080919590512592e-09,321.46731305122375,1.308062962372669e-09,100,1.308062962372669e-09,327.369775056839,1.308068152439654e-09,5,1.308068152439654e-09,356.18384408950806,ok
mass_spring_damper,odepe_v2_polish,0,mass_spring_damper_6_0,,1,1.3265002372144727e-13,177,1.3265002372144727e-13,290.51383900642395,4.026297535420054e-13,1,4.026297535420054e-13,331.10063314437866,1.2922563452211642e-13,1,1.2922563452211642e-13,309.1756570339203,1.2922563452211642e-13,100,1.2922563452211642e-13,303.9082748889923,1.306674826060452e-13,20,1.306674826060452e-13,379.5079870223999,ok
mass_spring_damper,odepe_v2_polish,1em2,mass_spring_damper_6_1em2,,1,0.0038955477559643047,225,0.0038955477559643047,426.7154631614685,0.015523591012264892,49,0.015523591012264892,436.96765899658203,0.015523591012264892,20,0.015523591012264892,447.8833861351013,0.003895547720690326,100,0.015523591012264892,431.8953490257263,0.015523591012219834,20,0.015523591012219834,429.66650390625,ok
mass_spring_damper,odepe_v2_polish,1em4,mass_spring_damper_6_1em4,,1,4.434085568771209e-05,316,4.434085568771209e-05,436.97017908096313,4.4340857131002024e-05,1,4.4340857131002024e-05,366.9078769683838,4.434085567057902e-05,20,4.434085567057902e-05,417.8776090145111,4.434085567057902e-05,100,4.434085567057902e-05,374.8145639896393,4.434085569319468e-05,20,4.434085569319468e-05,354.73441910743713,ok
mass_spring_damper,odepe_v2_polish,1em6,mass_spring_damper_6_1em6,,1,2.861958952405916e-07,266,2.861958952405916e-07,363.53728199005127,2.8619593677115657e-07,1,2.8619593677115657e-07,375.14638113975525,2.861958150578176e-07,1,2.861958150578176e-07,324.5608489513397,2.8619593677115657e-07,100,2.8619593677115657e-07,357.6550090312958,2.861959174450521e-07,20,2.861959174450521e-07,348.752760887146,ok
mass_spring_damper,odepe_v2_polish,1em8,mass_spring_damper_6_1em8,,1,2.4591415323824446e-09,188,2.4591415323824446e-09,327.8793728351593,2.4591863524971426e-09,1,2.4591863524971426e-09,314.97270798683167,2.4591863524971426e-09,1,2.4591863524971426e-09,361.5348138809204,2.4591863524971426e-09,100,2.4591863524971426e-09,302.06432914733887,2.459199236566811e-09,20,2.459199236566811e-09,317.7449240684509,ok
mass_spring_damper,odepe_v2_polish,0,mass_spring_damper_7_0,,1,1.4900913941093784e-13,149,1.4900913941093784e-13,305.70663714408875,1.4942888346561653e-13,1,1.4942888346561653e-13,335.12689900398254,1.4942888346561653e-13,1,1.4942888346561653e-13,315.81696915626526,1.4942888346561653e-13,100,1.4942888346561653e-13,307.53592705726624,1.5446581212176091e-13,8,1.5446581212176091e-13,316.3482360839844,ok
mass_spring_damper,odepe_v2_polish,1em2,mass_spring_damper_7_1em2,,1,0.0031103977717983717,274,0.0031103977717983717,475.51729679107666,0.003249056054018664,72,0.003249056054018664,532.0740389823914,0.003110397771797672,20,0.003249056054018664,554.6171100139618,0.003110397771797672,100,0.003249056054018664,546.1684520244598,0.003263116847589721,20,0.003263116847589721,597.5605750083923,ok
mass_spring_damper,odepe_v2_polish,1em4,mass_spring_damper_7_1em4,,1,2.9614194644318104e-05,281,2.9614194644318104e-05,370.13415002822876,2.9614195297859598e-05,1,2.9614195297859598e-05,348.13332200050354,2.9614193367666563e-05,20,2.9614193367666563e-05,362.7616939544678,2.9614193367666563e-05,100,2.9614193367666563e-05,385.3239688873291,2.9614195280859962e-05,20,2.9614195280859962e-05,360.32614517211914,ok
mass_spring_damper,odepe_v2_polish,1em6,mass_spring_damper_7_1em6,,1,5.322772598652981e-07,265,5.322772598652981e-07,388.71821093559265,5.322817861753118e-07,1,5.322817861753118e-07,366.13712906837463,5.322817861753118e-07,1,5.322817861753118e-07,403.50447607040405,5.322817861753118e-07,100,5.322817861753118e-07,410.1181399822235,5.322822298447776e-07,20,5.322822298447776e-07,444.730947971344,ok
mass_spring_damper,odepe_v2_polish,1em8,mass_spring_damper_7_1em8,,1,1.7853227826353283e-09,163,1.7853227826353283e-09,408.07039284706116,1.7840543857043183e-09,1,1.7840543857043183e-09,333.96702694892883,1.7840543857043183e-09,1,1.7840543857043183e-09,343.7211380004883,1.784761659763153e-09,100,1.784761659763153e-09,323.55521607398987,1.7864628746042707e-09,8,1.7864628746042707e-09,330.5707881450653,ok
mass_spring_damper,odepe_v2_polish,0,mass_spring_damper_8_0,,1,1.6043201250240678e-13,129,1.6043201250240678e-13,314.705561876297,1.5026294385012893e-13,1,1.5026294385012893e-13,307.2520070075989,1.5756074605941068e-13,1,1.5756074605941068e-13,303.51481008529663,1.5756074605941068e-13,100,1.5756074605941068e-13,298.08423805236816,1.9105885456103178e-13,3,1.9105885456103178e-13,311.17145586013794,ok
mass_spring_damper,odepe_v2_polish,1em2,mass_spring_damper_8_1em2,,1,0.009217527264646875,215,0.009217527264646875,411.5081958770752,0.017048690174336318,71,0.017048690174336318,440.0779640674591,0.017048690174336318,20,0.017048690174336318,459.2744061946869,0.017048690174336318,100,0.017048690174336318,470.2337348461151,0.009217520748305888,20,0.009217520748305888,456.7496769428253,ok
mass_spring_damper,odepe_v2_polish,1em4,mass_spring_damper_8_1em4,,1,0.0001872586203890251,245,0.0001872586203890251,332.5804970264435,0.0006390906312426484,4,0.0006390906312426484,329.65249395370483,0.0006419611998492198,20,0.0006419611998492198,327.7468957901001,0.0001872578105888815,100,0.0006390906312426484,324.52770614624023,0.00019003828773123121,20,0.00019003828773123121,325.27479100227356,ok
mass_spring_damper,odepe_v2_polish,1em6,mass_spring_damper_8_1em6,,1,3.7140084768502694e-07,302,3.7140084768502694e-07,391.40472984313965,3.7141366653863664e-07,1,3.7141366653863664e-07,359.8388760089874,3.7141366653863664e-07,1,3.7141366653863664e-07,362.2121229171753,3.7141083609085395e-07,100,3.7141083609085395e-07,345.3535158634186,3.714107718866813e-07,11,3.714107718866813e-07,375.279639005661,ok
mass_spring_damper,odepe_v2_polish,1em8,mass_spring_damper_8_1em8,,1,1.095635100844328e-08,178,1.095635100844328e-08,360.5696439743042,1.095598839141875e-08,1,1.095598839141875e-08,291.75148010253906,1.095598839141875e-08,1,1.095598839141875e-08,324.3187940120697,1.0955993894679432e-08,100,1.0955993894679432e-08,321.8709092140198,1.095694069478901e-08,6,1.095694069478901e-08,315.5421869754791,ok
mass_spring_damper,odepe_v2_polish,0,mass_spring_damper_9_0,,1,1.1660227953602165e-13,143,1.1660227953602165e-13,280.87047290802,1.2064295258925012e-13,1,1.2064295258925012e-13,308.49766397476196,1.2064295258925012e-13,1,1.2064295258925012e-13,304.15226912498474,1.2583810365768673e-13,100,1.2583810365768673e-13,311.9555399417877,1.1487056251320944e-13,9,1.1487056251320944e-13,319.23659801483154,ok
mass_spring_damper,odepe_v2_polish,1em2,mass_spring_damper_9_1em2,,1,0.007783846974491784,234,0.007783846974491784,503.1957440376282,0.0379640365265304,64,0.0379640365265304,576.4576699733734,0.016399150700599954,20,0.0379640158702967,538.1550650596619,0.016399175580791313,100,0.0379640365265304,574.1977000236511,0.03796392367583416,20,0.03796392367583416,607.0378758907318,ok
mass_spring_damper,odepe_v2_polish,1em4,mass_spring_damper_9_1em4,,1,3.0609126876116436e-05,241,3.0609126876116436e-05,327.9029860496521,0.00015298031763775948,3,0.00015298031763775948,326.77142000198364,0.0001529803176349505,20,0.0001529803176349505,363.60418796539307,3.06091256487139e-05,100,0.00015298031763775948,361.78662300109863,0.00015298031759696215,20,0.00015298031759696215,364.9700541496277,ok
mass_spring_damper,odepe_v2_polish,1em6,mass_spring_damper_9_1em6,,1,7.281230271995796e-07,212,7.281230271995796e-07,350.97794008255005,7.281232147336374e-07,1,7.281232147336374e-07,338.86006689071655,7.281232147336374e-07,1,7.281232147336374e-07,368.4404001235962,7.281232147336374e-07,100,7.281232147336374e-07,374.7705628871918,7.281232658306489e-07,17,7.281232658306489e-07,382.8615140914917,ok
mass_spring_damper,odepe_v2_polish,1em8,mass_spring_damper_9_1em8,,1,5.4646696806214034e-09,173,5.4646696806214034e-09,317.64019298553467,5.464672088333987e-09,1,5.464672088333987e-09,301.9849531650543,5.4646604510565e-09,1,5.4646604510565e-09,330.4405999183655,5.4646604510565e-09,100,5.4646604510565e-09,333.21293902397156,5.464674763570191e-09,10,5.464674763570191e-09,325.563019990921,ok
quadrotor,odepe_v2_polish,0,quadrotor_0_0,,1,6.926540718140273e-11,65,6.926540718140273e-11,272.4646670818329,6.926540718140273e-11,1,6.926540718140273e-11,298.61423110961914,6.926540718140273e-11,1,6.926540718140273e-11,324.8278920650482,6.926540718140273e-11,62,6.926540718140273e-11,318.1295609474182,2.7990716161161322e-11,4,0.00011352106189061026,304.0364120006561,ok
quadrotor,odepe_v2_polish,1em2,quadrotor_0_1em2,,1,0.03200713681503072,257,0.03200713681503072,403.24264097213745,0.11259210975912236,57,0.11259210975912236,426.4378490447998,0.11259210975912236,20,0.11259210975912236,438.3642199039459,0.04936411682988566,100,0.11259210975912236,428.134073972702,0.032168321206536,20,0.04920293243838038,535.4683649539948,ok
quadrotor,odepe_v2_polish,1em4,quadrotor_0_1em4,,1,0.00020384177183490173,189,0.00020384177183490173,335.3745639324188,0.0019091197354448154,6,0.0019091197354448154,319.39789390563965,0.0019110988934124145,20,0.0019110988934124145,336.7565429210663,0.0005982400515073916,100,0.0019091197354448154,346.3997468948364,0.0010597336460166362,20,0.0010597336460166362,351.82810401916504,ok
quadrotor,odepe_v2_polish,1em6,quadrotor_0_1em6,,1,1.3678376812121265e-05,231,1.3678376812121265e-05,328.11785101890564,4.625179120019954e-05,1,4.625179120019954e-05,347.34780716896057,7.239790090981728e-05,5,7.239790090981728e-05,350.9319438934326,4.625179120019954e-05,100,4.625179120019954e-05,337.07181096076965,7.631230387394727e-05,20,0.0011699837698064272,386.307501077652,ok
quadrotor,odepe_v2_polish,1em8,quadrotor_0_1em8,,1,2.6186326229481646e-06,160,2.6186326229481646e-06,295.2384178638458,7.044813418068295e-07,1,7.044813418068295e-07,329.4261808395386,7.044813418068295e-07,1,7.044813418068295e-07,344.9810130596161,7.044813418068295e-07,100,7.044813418068295e-07,369.3410449028015,6.852010617739154e-07,20,0.0001222852250220962,373.8556740283966,ok
quadrotor,odepe_v2_polish,0,quadrotor_1_0,,1,1.9720836985284298e-11,87,1.9720836985284298e-11,273.9274618625641,1.8579127307665672e-11,1,1.8579127307665672e-11,345.94988107681274,1.8579127307665672e-11,1,1.8579127307665672e-11,294.17215299606323,1.8579127307665672e-11,75,1.8579127307665672e-11,290.44017004966736,6.242966071241784e-11,9,4.4775790855554626e-05,313.4705898761749,ok
quadrotor,odepe_v2_polish,1em2,quadrotor_1_1em2,,1,0.010123581182761248,265,0.010123581182761248,516.1320309638977,0.06863667641699406,56,0.1267377206381587,460.5750470161438,0.03767543554929709,20,0.1267377206381587,468.12272906303406,0.03767543554929709,100,0.1267377206381587,496.2864978313446,0.03017888303662908,20,0.09936248279008707,453.1983308792114,ok
quadrotor,odepe_v2_polish,1em4,quadrotor_1_1em4,,1,0.00016400096862298193,238,0.00016400096862298193,355.1090281009674,0.001677066754753748,7,0.001677066754753748,321.4397978782654,0.00035741254623052033,20,0.0016753052087474178,326.2262020111084,0.00035741254623052033,100,0.0016753052087474178,362.86550402641296,0.0007451792232326038,20,0.0018125440253585847,372.3998739719391,ok
quadrotor,odepe_v2_polish,1em6,quadrotor_1_1em6,,1,1.4834535184948271e-05,160,1.4834535184948271e-05,350.3444519042969,1.4834535193502448e-05,1,1.4834535193502448e-05,311.19050788879395,1.4834535193502448e-05,7,1.4834535193502448e-05,319.3113260269165,1.4834534931235008e-05,100,1.4834534931235008e-05,338.53898096084595,1.483453229181627e-05,13,0.0020751953124999783,366.53480792045593,ok
quadrotor,odepe_v2_polish,1em8,quadrotor_1_1em8,,1,4.988900636866484e-07,94,4.988900636866484e-07,358.59513998031616,4.988905825794096e-07,1,4.988905825794096e-07,299.60473012924194,4.988899765068404e-07,1,4.988899765068404e-07,322.6468970775604,4.988905825794096e-07,72,4.988905825794096e-07,320.46689200401306,4.989183896620935e-07,8,0.00033221981389734326,320.3349840641022,ok
quadrotor,odepe_v2_polish,0,quadrotor_2_0,,1,1.7842961505336714e-11,45,1.7842961505336714e-11,283.80721783638,2.142647170799705e-10,1,2.142647170799705e-10,291.29297399520874,1.784142486447218e-11,1,1.784142486447218e-11,357.07099509239197,1.784142486447218e-11,56,1.784142486447218e-11,307.00226497650146,4.341608771842603e-11,4,7.80890969669836e-05,293.6018509864807,ok
quadrotor,odepe_v2_polish,1em2,quadrotor_2_1em2,,1,0.00891349114898716,223,0.00891349114898716,421.3465919494629,0.022518723065801084,45,0.06007523039026883,434.48807287216187,0.022518723065801084,20,0.06007523039026883,434.2593569755554,0.014080272001378747,100,0.06007523039026883,461.93645310401917,0.014349544749540512,20,0.018837423885569922,413.6827881336212,ok
quadrotor,odepe_v2_polish,1em4,quadrotor_2_1em4,,1,0.00032280460910239303,256,0.00032280460910239303,282.555655002594,0.0004929741792277772,7,0.0004929741792277772,339.4269919395447,0.0009207963419543673,20,0.0020778438145749147,329.6124539375305,0.0008221090596164855,100,0.0020778438145749147,338.78843998908997,0.0012766344187031512,20,0.002076092888327134,364.64708709716797,ok
quadrotor,odepe_v2_polish,1em6,quadrotor_2_1em6,,1,1.8738300606115706e-05,234,1.8738300606115706e-05,378.96510910987854,4.4077354727713097e-05,1,4.4077354727713097e-05,334.2075078487396,1.8652083561120995e-05,6,1.8652083561120995e-05,336.83067417144775,1.873830060862374e-05,100,4.4077354727713097e-05,374.024619102478,7.140911282941514e-05,20,0.0007521685431984576,371.87777304649353,ok
quadrotor,odepe_v2_polish,1em8,quadrotor_2_1em8,,1,2.002572801932939e-07,80,2.002572801932939e-07,314.5053880214691,2.002572803213473e-07,1,2.002572803213473e-07,291.7326819896698,7.569794796117979e-07,1,7.569794796117979e-07,338.57020902633667,2.002572803213473e-07,82,2.002572803213473e-07,334.6076741218567,1.4939002027255575e-06,4,8.329754308456164e-05,316.45713901519775,ok
quadrotor,odepe_v2_polish,0,quadrotor_3_0,,1,5.859095940195765e-11,57,5.859095940195765e-11,279.9311218261719,1.0901930455343873e-11,1,1.0901930455343873e-11,310.96324610710144,7.748057514727116e-11,1,7.748057514727116e-11,292.13816690444946,1.0901930455343873e-11,49,1.0901930455343873e-11,314.2532629966736,9.622647157309245e-11,2,0.00037352390552994677,288.1414301395416,ok
quadrotor,odepe_v2_polish,1em2,quadrotor_3_1em2,,1,0.014996467752659618,244,0.014996467752659618,482.08980083465576,0.4386551980490837,57,0.8458067853027027,427.1620111465454,0.6954170258355978,20,0.8458067853027027,460.7138569355011,0.01818504449444343,100,0.8458067853027027,427.1799159049988,0.022927327721314634,20,0.028504438313307415,445.24298000335693,ok
quadrotor,odepe_v2_polish,1em4,quadrotor_3_1em4,,1,0.00018406996276137494,206,0.00018406996276137494,365.3285961151123,0.000184069992479641,4,0.000184069992479641,291.74823117256165,0.00018407000990289422,20,0.00018407000990289422,363.1404118537903,0.000184069992479641,100,0.000184069992479641,334.8982570171356,0.005758268130224119,20,0.005758268130224119,328.6231780052185,ok
quadrotor,odepe_v2_polish,1em6,quadrotor_3_1em6,,1,1.8585328409322742e-05,188,1.8585328409322742e-05,308.6636929512024,2.9401903615088013e-05,1,2.9401903615088013e-05,314.5791687965393,2.9401903615088013e-05,4,2.9401903615088013e-05,325.21995306015015,1.959174975797994e-05,100,1.9629504557941764e-05,338.26574301719666,2.2046208252922992e-05,16,0.003532061823233238,317.07001209259033,ok
quadrotor,odepe_v2_polish,1em8,quadrotor_3_1em8,,1,2.3256370490313066e-06,140,2.3256370490313066e-06,393.60416197776794,2.32652417020823e-06,1,2.32652417020823e-06,306.2240080833435,2.815839183572497e-06,1,2.815839183572497e-06,306.5380640029907,2.32652417020823e-06,96,2.32652417020823e-06,317.2907099723816,2.470969930863025e-06,20,0.0005493164062500042,366.35848593711853,ok
quadrotor,odepe_v2_polish,0,quadrotor_4_0,,1,7.1736490060768e-12,75,7.1736490060768e-12,271.83044600486755,4.995303596295786e-12,1,4.995303596295786e-12,314.06505584716797,6.663337593292153e-10,1,6.663337593292153e-10,301.04331493377686,4.995303596295786e-12,65,4.995303596295786e-12,308.54668402671814,6.135513553156921e-11,6,0.00016371112003506645,347.5315771102905,ok
quadrotor,odepe_v2_polish,1em2,quadrotor_4_1em2,,1,0.0033516086790918993,222,0.0033516086790918993,442.3944799900055,0.031965460032919675,38,0.15032803501108163,450.0155608654022,0.031965460032919675,20,0.15032803501108163,485.3822650909424,0.0033516086790918993,100,0.15032803501108163,490.9686758518219,0.0033516086790918993,20,0.0033516086790918993,514.9182000160217,ok
quadrotor,odepe_v2_polish,1em4,quadrotor_4_1em4,,1,0.00021718818450644495,250,0.00021718818450644495,361.0249309539795,0.0006439359686322022,4,0.0006439359686322022,319.5455570220947,0.0006439359686322022,20,0.0006439359686322022,342.4376919269562,0.0006439359686322022,100,0.0006439359686322022,332.2028739452362,0.0007182632494122076,20,0.0017212296728056607,325.97189378738403,ok
quadrotor,odepe_v2_polish,1em6,quadrotor_4_1em6,,1,6.088222931372649e-06,140,6.088222931372649e-06,331.69334292411804,9.713586655504927e-06,2,9.713586655504927e-06,327.17894101142883,3.0462659762862067e-05,4,3.0462659762862067e-05,336.89566707611084,9.713586655504927e-06,100,9.713586655504927e-06,356.65386295318604,2.91050105054779e-05,10,9.04525709002562e-05,341.11689591407776,ok
quadrotor,odepe_v2_polish,1em8,quadrotor_4_1em8,,1,1.828710343203407e-06,72,1.828710343203407e-06,370.941654920578,1.8287101333399325e-06,1,1.8287101333399325e-06,291.2611858844757,1.8287103144907426e-06,1,1.8287103144907426e-06,326.38963294029236,1.8287103144907426e-06,60,1.8287103144907426e-06,322.3059821128845,4.9864458246937035e-06,5,7.45826792494356e-05,309.7766480445862,ok
quadrotor,odepe_v2_polish,0,quadrotor_5_0,,1,3.621634339412986e-10,76,3.621634339412986e-10,273.9353139400482,5.8128242230562027e-11,1,5.8128242230562027e-11,289.71635699272156,5.8128242230562027e-11,1,5.8128242230562027e-11,308.8859851360321,5.8128242230562027e-11,69,5.8128242230562027e-11,302.3975830078125,9.430606268533934e-12,4,0.00021023220486107412,308.3479800224304,ok
quadrotor,odepe_v2_polish,1em2,quadrotor_5_1em2,,1,0.00957743326822913,269,0.00957743326822913,418.1385009288788,0.03966881041732791,61,0.03966881041732791,439.3485469818115,0.024361387477655698,20,0.03966881041732791,443.12308382987976,0.02125003438695882,100,0.03966881041732791,460.85931611061096,0.01537544634089128,20,0.04499262804425633,403.4102740287781,ok
quadrotor,odepe_v2_polish,1em4,quadrotor_5_1em4,,1,0.0003575606941346884,178,0.0003575606941346884,355.25326204299927,0.0003932318308167941,1,0.0003932318308167941,332.3425009250641,0.00039323182997311765,20,0.00039323182997311765,320.6215591430664,0.0003575606929588754,100,0.0003932318308167941,342.07194089889526,0.00039323182856890263,20,0.001694791143832884,347.4057321548462,ok
quadrotor,odepe_v2_polish,1em6,quadrotor_5_1em6,,1,1.057178685356588e-05,163,1.057178685356588e-05,352.66889691352844,9.07582980913721e-05,1,9.07582980913721e-05,318.3924241065979,9.586731475687259e-05,6,9.586731475687259e-05,386.06913900375366,5.2165317748082396e-05,100,9.586731475687259e-05,310.43609404563904,9.444434024630306e-05,11,0.0006878037657281075,306.355427980423,ok
quadrotor,odepe_v2_polish,1em8,quadrotor_5_1em8,,1,2.0090384419704865e-06,82,2.0090384419704865e-06,312.56629705429077,2.009038450653795e-06,1,2.009038450653795e-06,297.0508658885956,2.0090387773632803e-06,1,2.0090387773632803e-06,333.10619616508484,2.0090387773632803e-06,73,2.0090387773632803e-06,357.15940594673157,2.0090387821701118e-06,5,0.00016829991104581993,304.63473200798035,ok
quadrotor,odepe_v2_polish,0,quadrotor_6_0,,1,2.4680898911079743e-11,50,2.4680898911079743e-11,307.338907957077,2.4679004829804135e-11,1,2.4679004829804135e-11,307.79369592666626,2.7482117998154127e-11,1,2.7482117998154127e-11,324.89397501945496,2.4679004829804135e-11,45,2.4679004829804135e-11,322.77411794662476,4.609362854116565e-11,2,7.144797818240072e-05,324.5341811180115,ok
quadrotor,odepe_v2_polish,1em2,quadrotor_6_1em2,,1,0.001838069634149582,218,0.00453422326115487,477.12897205352783,0.11832297563082421,35,0.30064686128750157,455.0115239620209,0.11832297563082421,20,0.30064686128750157,420.4297568798065,0.001838069634149582,100,0.30064686128750157,510.99752283096313,0.001838069634149582,20,0.006156220523704082,479.55376291275024,ok
quadrotor,odepe_v2_polish,1em4,quadrotor_6_1em4,,1,0.00016884791256563077,220,0.00016884791256563077,362.8839421272278,0.0013906324539138882,6,0.0013906324539138882,307.54049491882324,0.0012401003416025293,20,0.0013906324539138882,333.4271869659424,0.0005677206202065712,100,0.0006086932208201343,320.7616879940033,0.0008023479792076632,20,0.002571806820045946,317.23339319229126,ok
quadrotor,odepe_v2_polish,1em6,quadrotor_6_1em6,,1,2.0328378119643258e-05,213,2.0328378119643258e-05,367.50669407844543,2.337726598535315e-05,1,2.337726598535315e-05,326.90097188949585,2.337726598535315e-05,7,2.337726598535315e-05,310.4994330406189,2.1275509801999927e-05,100,2.337726598535315e-05,330.46722197532654,2.3377264354840572e-05,16,0.0011300314755577567,390.7716040611267,ok
quadrotor,odepe_v2_polish,1em8,quadrotor_6_1em8,,1,2.172651001948667e-07,61,2.172651001948667e-07,324.9024188518524,2.1726509538681425e-07,1,2.1726509538681425e-07,314.91609597206116,2.1726508067125972e-07,1,2.1726508067125972e-07,340.18855595588684,2.1726509538681425e-07,60,2.1726509538681425e-07,314.2764971256256,9.373301187422663e-08,2,5.8712295972783015e-05,331.2369108200073,ok
quadrotor,odepe_v2_polish,0,quadrotor_7_0,,1,8.558879648516358e-11,62,8.558879648516358e-11,341.38345313072205,8.474966760120748e-11,1,8.474966760120748e-11,287.82824301719666,8.474966760120748e-11,1,8.474966760120748e-11,286.509840965271,9.023249519702497e-11,51,9.023249519702497e-11,307.95516991615295,5.829390468279514e-11,3,0.00011674184647816755,374.7957170009613,ok
quadrotor,odepe_v2_polish,1em2,quadrotor_7_1em2,,1,0.011101167593429277,219,0.011101167593429277,418.5559570789337,0.08000640207032324,50,0.17046406821289486,437.5989260673523,0.0658384943870632,20,0.17046406821289486,429.75221705436707,0.013535172192018363,100,0.17046406821289486,466.27663493156433,0.011229273098618176,20,0.017399688265216824,426.8737370967865,ok
quadrotor,odepe_v2_polish,1em4,quadrotor_7_1em4,,1,0.0002378433469741993,250,0.0002378433469741993,350.3745050430298,0.0010430723601871949,7,0.0010430723601871949,309.1371998786926,0.0010504720853295282,20,0.0010504720853295282,300.40871596336365,0.0006818821821263157,100,0.0010504720853295282,297.73851203918457,0.000926515949306263,20,0.000926515949306263,339.1883499622345,ok
quadrotor,odepe_v2_polish,1em6,quadrotor_7_1em6,,1,1.0985141631949789e-05,269,1.0985141631949789e-05,442.14915013313293,4.843270446264262e-05,1,4.843270446264262e-05,378.05775594711304,1.0985141631328396e-05,5,1.0985141631328396e-05,400.19809889793396,1.0985141631328396e-05,100,1.0985141631328396e-05,346.29262614250183,4.8821281569347976e-05,20,0.00014564473792990122,371.40630984306335,ok
quadrotor,odepe_v2_polish,1em8,quadrotor_7_1em8,,1,1.140509136720735e-06,70,1.140509136720735e-06,312.83505296707153,2.008868589700304e-06,1,2.008868589700304e-06,303.4648630619049,1.140509136720735e-06,1,1.140509136720735e-06,324.63964796066284,1.140509136720735e-06,77,1.140509136720735e-06,304.01660895347595,2.837481482873949e-07,3,0.00013692542989417284,336.83156418800354,ok
quadrotor,odepe_v2_polish,0,quadrotor_8_0,,1,1.6514402082624498e-13,60,1.6514402082624498e-13,308.00315284729004,1.6514402082624498e-13,1,1.6514402082624498e-13,292.14790892601013,5.131630855983629e-11,1,5.131630855983629e-11,310.3922438621521,5.131630855983629e-11,58,5.131630855983629e-11,301.09513092041016,5.7258752294119364e-11,4,1.2803560786612665e-05,307.33673000335693,ok
quadrotor,odepe_v2_polish,1em2,quadrotor_8_1em2,,1,0.014742739565737625,255,0.014742739565737625,453.8548631668091,0.34506817916254096,53,0.5310706634724512,448.9918141365051,0.34506817916254096,20,0.5310706634724512,451.6489448547363,0.15518202223219313,100,0.5310706634724512,471.6378388404846,0.15043942563168639,20,0.15985588554863459,566.6974658966064,ok
quadrotor,odepe_v2_polish,1em4,quadrotor_8_1em4,,1,0.0001369167018581211,239,0.0001369167018581211,335.15683007240295,0.0005836830482826706,8,0.0006063947298791307,310.03347420692444,0.0006063947298791307,20,0.0006063947298791307,343.00074005126953,0.0005836830482826706,100,0.0006063947298192437,314.40906977653503,0.0008070662214949454,20,0.0008070662214949454,360.7899889945984,ok
quadrotor,odepe_v2_polish,1em6,quadrotor_8_1em6,,1,3.8641772591403686e-05,198,3.8641772591403686e-05,342.7455050945282,8.646647135415366e-05,2,0.00016910725153429406,321.93929505348206,0.00016910725153429406,10,0.00016910725153429406,336.98006987571716,7.379703307202485e-05,100,0.0001271383089015351,340.7511281967163,0.00019555361468600726,20,0.00030984964456642845,336.0741958618164,ok
quadrotor,odepe_v2_polish,1em8,quadrotor_8_1em8,,1,1.7879669870533341e-06,101,1.7879669870533341e-06,344.20694398880005,5.402807106857521e-07,1,5.402807106857521e-07,311.81046509742737,1.7879669979305192e-06,1,1.7879669979305192e-06,319.0408308506012,5.402807106857521e-07,96,5.402807106857521e-07,298.95707392692566,4.561961829067866e-06,11,0.00018956639745212664,346.3259439468384,ok
quadrotor,odepe_v2_polish,0,quadrotor_9_0,,1,3.263130506544106e-10,68,3.263130506544106e-10,307.18084502220154,2.719662102361571e-10,1,2.719662102361571e-10,344.4653730392456,2.719662102361571e-10,1,2.719662102361571e-10,290.39801692962646,2.719662102361571e-10,60,2.719662102361571e-10,297.0087959766388,3.896938606536039e-13,2,0.00035894484747016326,323.41633105278015,ok
quadrotor,odepe_v2_polish,1em2,quadrotor_9_1em2,,1,0.030983055030906665,215,0.030983055030906665,429.33144998550415,0.0416025161939529,52,0.16152781822398482,419.11164808273315,0.0416025161939529,20,0.16152781822398482,444.221214056015,0.030983055030906665,100,0.16152781822398482,421.1743149757385,0.0309970282809639,20,0.09246535528273817,481.47902393341064,ok
quadrotor,odepe_v2_polish,1em4,quadrotor_9_1em4,,1,0.0002749649124528381,240,0.0002749649124528381,270.7977981567383,0.014658764740970501,8,0.014658764740970501,326.03591895103455,0.0016377213606111342,20,0.014657682084051766,343.54614996910095,0.0008200620993588995,100,0.014657682084051766,322.63729596138,0.006376793636149548,20,0.014374114654876298,344.1872601509094,ok
quadrotor,odepe_v2_polish,1em6,quadrotor_9_1em6,,1,2.3354031658682444e-05,198,2.3354031658682444e-05,305.8593280315399,1.0855312742307314e-05,1,1.0855312742307314e-05,315.66053009033203,1.0855312742307314e-05,9,1.0855312742307314e-05,291.4617729187012,2.3354031654412354e-05,100,2.3354031654412354e-05,315.2375190258026,2.9125595170086402e-05,19,0.0051377963670443385,313.855840921402,ok
quadrotor,odepe_v2_polish,1em8,quadrotor_9_1em8,,1,5.556702401832228e-07,80,5.556702401832228e-07,336.3452818393707,5.556691004762534e-07,1,5.556691004762534e-07,303.2372589111328,5.556702430299485e-07,1,5.556702430299485e-07,322.95376205444336,5.556691004762534e-07,76,5.556691004762534e-07,298.6292748451233,5.556763421397697e-07,3,0.0003257444053343239,303.04144191741943,ok
repressilator,odepe_v2_polish,0,repressilator_0_0,,1,4.033768694644832e-14,588,4.033768694644832e-14,1473.9340410232544,4.616819747018151e-13,1,4.616819747018151e-13,1807.8285720348358,4.616819747018151e-13,1,4.616819747018151e-13,1796.1719717979431,2.6098781255803677e-13,100,2.6098781255803677e-13,2322.8415269851685,2.6098781255803677e-13,20,2.6098781255803677e-13,2379.952679872513,ok
repressilator,odepe_v2_polish,1em2,repressilator_0_1em2,,1,0.011442941203706007,496,0.011442941203706007,1935.648833990097,0.15213861994714034,75,0.4371327781780036,3237.151432991028,0.15213861994714034,20,0.4371327781780036,3245.136388063431,0.011442930784493696,100,0.4371327781780036,3485.708787918091,0.011442984758235186,20,0.011442984758235186,4005.7302799224854,ok
repressilator,odepe_v2_polish,1em4,repressilator_0_1em4,,1,0.00021354170535266954,490,0.00021354170535266954,2126.7939829826355,0.013890942022436162,40,0.013890942022436162,1879.8274159431458,0.00021354170533585982,20,0.013890942022436162,2032.8127551078796,0.00021354170536895802,100,0.022475855601651235,2721.7361822128296,0.00021354170473018884,20,0.00021354170473018884,2060.215043067932,ok
repressilator,odepe_v2_polish,1em6,repressilator_0_1em6,,1,1.5351069038786337e-06,689,1.5351069038786337e-06,2098.5869579315186,1.535089034369944e-06,1,1.535089034369944e-06,2026.0401442050934,1.5350893059315382e-06,1,1.5350893059315382e-06,2731.275372028351,1.535089309189235e-06,100,1.535089309189235e-06,2277.6220409870148,1.535089309189235e-06,20,1.535089309189235e-06,2218.6208889484406,ok
repressilator,odepe_v2_polish,1em8,repressilator_0_1em8,,1,1.0670108728196334e-08,676,1.0670108728196334e-08,1538.5370750427246,1.067009694275192e-08,1,1.067009694275192e-08,1843.5051000118256,1.067009694275192e-08,1,1.067009694275192e-08,1973.9653689861298,1.0670104458107778e-08,100,1.0670104458107778e-08,2558.7803778648376,1.067009694275192e-08,20,1.067009694275192e-08,2026.6448690891266,ok
repressilator,odepe_v2_polish,0,repressilator_1_0,,1,6.953103242959599e-14,510,6.953103242959599e-14,1245.124584197998,2.4483867538541446e-12,1,2.4483867538541446e-12,2909.3990218639374,1.7932185884090627e-12,1,1.7932185884090627e-12,2297.1337599754333,2.4483867538541446e-12,100,2.4483867538541446e-12,2848.351578950882,2.4483867538541446e-12,20,2.4483867538541446e-12,2914.6162519454956,ok
repressilator,odepe_v2_polish,1em2,repressilator_1_1em2,,1,0.054189418492634076,487,0.054189418492634076,2195.1164450645447,0.06859378152003358,102,0.16376175544362542,3391.4365470409393,0.06859378152003358,20,0.16376175544362542,3558.4605197906494,0.06859378152003358,100,0.16376175544362542,3310.12158203125,0.05418941763882047,20,0.05418941763882047,4101.916337966919,ok
repressilator,odepe_v2_polish,1em4,repressilator_1_1em4,,1,0.00010032571199978766,565,0.00010032571199978766,1678.2502028942108,0.011255982586801576,46,0.011255982586801576,2225.107045173645,0.00010032545621223701,20,0.011255982586801576,2524.129553079605,0.00010032545621223701,100,0.011255982586801576,2506.029079914093,0.0056970444469965145,20,0.0056970444469965145,2865.0296709537506,ok
repressilator,odepe_v2_polish,1em6,repressilator_1_1em6,,1,1.8111062679908313e-06,631,1.8111062679908313e-06,1466.2302131652832,1.8111064131155476e-06,1,1.8111064131155476e-06,2505.0071198940277,1.8111046966273899e-06,1,1.8111046966273899e-06,2881.9281249046326,1.8111064205044038e-06,100,1.8111064205044038e-06,2653.8262591362,1.8111064205044038e-06,20,1.8111064205044038e-06,2753.4726231098175,ok
repressilator,odepe_v2_polish,1em8,repressilator_1_1em8,,1,3.4415929150912455e-08,607,3.4415929150912455e-08,1244.3860039710999,3.441592517229752e-08,1,3.441592517229752e-08,2572.4366459846497,3.441596950543536e-08,1,3.441596950543536e-08,2835.108230113983,3.441596950543536e-08,100,3.441596950543536e-08,3029.5107140541077,3.441590054277649e-08,20,3.441590054277649e-08,2467.5328438282013,ok
repressilator,odepe_v2_polish,0,repressilator_2_0,,1,2.931378336948878e-13,475,2.931378336948878e-13,1511.0502200126648,3.2332810892592273e-13,1,3.2332810892592273e-13,2741.357100009918,3.1845870969511067e-13,1,3.1845870969511067e-13,2383.0995779037476,3.1845870969511067e-13,100,3.1845870969511067e-13,2591.8317379951477,3.2332810892592273e-13,20,3.2332810892592273e-13,2906.0269799232483,ok
repressilator,odepe_v2_polish,1em2,repressilator_2_1em2,,1,0.032846481018800604,494,0.032846481018800604,2222.9183208942413,0.09061399263384941,121,0.17005986206564694,3346.611372947693,0.10518367827924036,20,0.17005986206564694,3385.1761798858643,0.09061399263384941,100,0.17005986206564694,3388.9112708568573,0.03284314591455374,20,0.03284314591455374,3458.0425279140472,ok
repressilator,odepe_v2_polish,1em4,repressilator_2_1em4,,1,0.0005193241239223032,495,0.0005193241239223032,1699.4352009296417,0.0020484594374987125,16,0.0020484594374987125,2246.871829032898,0.001357082621174248,20,0.002048459437505205,3051.247787952423,0.0005193239591712119,100,0.002048459437505205,2790.354761123657,0.0020484594374987125,20,0.0020484594374987125,2355.666827917099,ok
repressilator,odepe_v2_polish,1em6,repressilator_2_1em6,,1,4.299358947154981e-06,685,4.299358947154981e-06,1354.8117730617523,4.2993563751383075e-06,1,4.2993563751383075e-06,2600.2603549957275,4.2993563686457745e-06,1,4.2993563686457745e-06,3217.398046016693,4.2993563686457745e-06,100,4.2993563686457745e-06,3081.5859138965607,4.299356356309964e-06,20,4.299356356309964e-06,3423.4625449180603,ok
repressilator,odepe_v2_polish,1em8,repressilator_2_1em8,,1,2.8666077796102694e-08,557,2.8666077796102694e-08,1269.3382849693298,2.866612600315508e-08,1,2.866612600315508e-08,3412.400218963623,2.866608315244185e-08,1,2.866608315244185e-08,2583.3501069545746,2.8666107824064618e-08,100,2.8666107824064618e-08,3001.5428578853607,2.866608315244185e-08,20,2.866608315244185e-08,2603.0493638515472,ok
repressilator,odepe_v2_polish,0,repressilator_3_0,,1,1.6139353228347183e-13,579,1.6139353228347183e-13,1838.912976026535,2.3275728323281787e-13,1,2.3275728323281787e-13,2538.397485971451,4.272987999097439e-13,1,4.272987999097439e-13,2060.222719192505,4.272987999097439e-13,100,4.272987999097439e-13,2083.502517938614,2.3275728323281787e-13,20,2.3275728323281787e-13,2522.315954208374,ok
repressilator,odepe_v2_polish,1em2,repressilator_3_1em2,,1,0.0169659372130185,483,0.0169659372130185,2620.6319148540497,0.0169659372130185,87,0.0169659372130185,3605.846256017685,0.0169659372130185,20,0.0169659372130185,3480.587098121643,0.0169659372130185,100,0.0169659372130185,3730.481241941452,0.0169659372130185,20,0.0169659372130185,4025.7270069122314,ok
repressilator,odepe_v2_polish,1em4,repressilator_3_1em4,,1,0.000236547640035852,494,0.000236547640035852,2083.428389072418,0.005225941967332487,37,0.005225941967332487,2381.953540086746,0.00023654756689631232,20,0.005225941967459272,3209.954493045807,0.0002365472952108604,100,0.005225941967332487,2541.374424934387,0.005225941967332487,20,0.005225941967332487,2612.82577586174,ok
repressilator,odepe_v2_polish,1em6,repressilator_3_1em6,,1,4.232169232863423e-06,632,4.232169232863423e-06,2178.2681171894073,4.232168938688588e-06,1,4.232168938688588e-06,2356.7662448883057,4.232169792258204e-06,1,4.232169792258204e-06,2821.0748341083527,4.232169792258204e-06,100,4.232169792258204e-06,2927.6849308013916,4.232169792258204e-06,20,4.232169792258204e-06,3204.281798839569,ok
repressilator,odepe_v2_polish,1em8,repressilator_3_1em8,,1,7.606040043337152e-08,641,7.606040043337152e-08,1562.0309989452362,7.606063995370924e-08,1,7.606063995370924e-08,2122.2011709213257,7.606038826889085e-08,1,7.606038826889085e-08,2770.3745238780975,7.606038826889085e-08,100,7.606038826889085e-08,2654.7554478645325,7.606063995370924e-08,20,7.606063995370924e-08,2236.379290819168,ok
repressilator,odepe_v2_polish,0,repressilator_4_0,,1,1.280566799601291e-13,499,1.280566799601291e-13,1322.7309048175812,1.3552789816083674e-13,1,1.3552789816083674e-13,2695.555655002594,1.4957378837816713e-13,1,1.4957378837816713e-13,2300.0348601341248,1.4957378837816713e-13,100,1.4957378837816713e-13,2299.374330997467,1.3552789816083674e-13,20,1.3552789816083674e-13,2638.468456029892,ok
repressilator,odepe_v2_polish,1em2,repressilator_4_1em2,,1,0.06014626044272792,489,0.06014626044272792,2141.662031888962,0.11767552076511394,117,0.27081774828841043,3477.345710039139,0.11767538986696686,20,0.2707714947582455,2803.1009998321533,0.11767552076511394,100,0.27081774828841043,3489.9669511318207,0.06014625829502763,20,0.06014625829502763,3565.6826028823853,ok
repressilator,odepe_v2_polish,1em4,repressilator_4_1em4,,1,0.00022215993985733428,495,0.00022215993985733428,1678.1560189723969,0.0027687654208699243,10,0.0027687654208699243,2624.6690471172333,0.002768765420864557,20,0.002768765420864557,2434.8845760822296,0.00022215993711285166,100,0.002768765420864557,2390.9498398303986,0.0027687654208699243,20,0.0027687654208699243,3084.4890489578247,ok
repressilator,odepe_v2_polish,1em6,repressilator_4_1em6,,1,1.4382444290377723e-06,690,1.4382444290377723e-06,1732.7882220745087,1.438253467829145e-06,1,1.438253467829145e-06,2876.4710421562195,1.4382539472008662e-06,1,1.4382539472008662e-06,2955.539895057678,1.4382554516471513e-06,100,1.4382554516471513e-06,2615.4592938423157,1.4382554516471513e-06,20,1.4382554516471513e-06,2664.745780944824,ok
repressilator,odepe_v2_polish,1em8,repressilator_4_1em8,,1,2.8125388663766093e-08,604,2.8125388663766093e-08,1236.6216101646423,2.8125500433190377e-08,1,2.8125500433190377e-08,2448.152594089508,2.812549609988382e-08,1,2.812549609988382e-08,2942.852839946747,2.812549609988382e-08,100,2.812549609988382e-08,3025.694041967392,2.8125500433190377e-08,20,2.8125500433190377e-08,2629.768439054489,ok
repressilator,odepe_v2_polish,0,repressilator_5_0,,1,1.166738902575532e-13,568,1.166738902575532e-13,1953.8202910423279,2.4859450847771887e-12,1,2.4859450847771887e-12,2295.027895927429,8.423377631403761e-13,1,8.423377631403761e-13,1985.928414106369,2.4859450847771887e-12,100,2.4859450847771887e-12,2636.5817799568176,2.4859450847771887e-12,20,2.4859450847771887e-12,2372.0244171619415,ok
repressilator,odepe_v2_polish,1em2,repressilator_5_1em2,,1,0.01711240566607515,421,0.01711240566607515,2351.119579076767,0.043656038543315755,63,0.043656038543315755,3489.6718509197235,0.043656038543315755,20,0.043656038543315755,3826.331464767456,0.01711240858746887,100,0.043656038543315755,3303.010349035263,0.043656038543315755,20,0.043656038543315755,3506.1753630638123,ok
repressilator,odepe_v2_polish,1em4,repressilator_5_1em4,,1,0.00013500866675549955,491,0.00013500866675549955,1937.2917339801788,0.00273856610524886,29,0.00273856610524886,1982.150218963623,0.00013500882393494747,20,0.00273856610524886,2104.398730993271,0.00013500882393494747,100,0.00273856610524886,2117.470118045807,0.0027385661053790826,20,0.0027385661053790826,2514.017884016037,ok
repressilator,odepe_v2_polish,1em6,repressilator_5_1em6,,1,1.7152065539114022e-06,591,1.7152065539114022e-06,1730.7230207920074,1.7152135016870903e-06,1,1.7152135016870903e-06,3036.623470067978,1.7152056012094327e-06,1,1.7152056012094327e-06,2296.961436986923,1.7152056012094327e-06,100,1.7152056012094327e-06,2298.893047094345,1.7152135016870903e-06,20,1.7152135016870903e-06,2730.9725828170776,ok
repressilator,odepe_v2_polish,1em8,repressilator_5_1em8,,1,2.0769244060821837e-08,672,2.0769244060821837e-08,1553.2865409851074,2.076924354202603e-08,1,2.076924354202603e-08,2173.844560146332,2.0769830645946375e-08,1,2.0769830645946375e-08,2578.908190011978,2.076924181270668e-08,100,2.076924181270668e-08,2308.379325866699,2.076924181270668e-08,20,2.076924181270668e-08,2203.0913050174713,ok
repressilator,odepe_v2_polish,0,repressilator_6_0,,1,4.178756106575242e-13,453,4.178756106575242e-13,1203.155417919159,2.2063969307288217e-12,1,2.2063969307288217e-12,2287.9718630313873,5.054651755848686e-13,1,5.054651755848686e-13,2035.0391190052032,5.054651755848686e-13,100,5.054651755848686e-13,1935.6698608398438,5.054651755848686e-13,20,5.054651755848686e-13,2215.334612131119,ok
repressilator,odepe_v2_polish,1em2,repressilator_6_1em2,,1,0.15227485171701943,419,0.15227485171701943,1469.2822060585022,0.15230696765170776,146,1.0963140290252267,2636.915879011154,0.3359371791018081,20,1.0963140290252267,2488.1658411026,0.15227485171701943,100,1.0963140290252267,2444.2059409618378,0.18835801985666184,20,0.18835801985666184,2891.7391629219055,ok
repressilator,odepe_v2_polish,1em4,repressilator_6_1em4,,1,0.00194918006249344,427,0.00194918006249344,1145.9028310775757,0.00665068751761062,54,0.00665068751761062,2173.6750168800354,0.004430746500860496,20,0.0063919204621226515,1956.1361310482025,0.0019491797563072936,100,0.0063919204621226515,1884.3405330181122,0.00665068751761062,20,0.00665068751761062,2048.0551228523254,ok
repressilator,odepe_v2_polish,1em6,repressilator_6_1em6,,1,1.9613961986468478e-05,650,1.9613961986468478e-05,1224.4491829872131,1.96139588610536e-05,1,1.96139588610536e-05,2104.089940071106,1.961396212387571e-05,10,1.961396212387571e-05,2322.4531869888306,1.961396212387571e-05,100,1.961396212387571e-05,2406.4060130119324,1.9613962016451353e-05,20,1.9613962016451353e-05,2485.110732793808,ok
repressilator,odepe_v2_polish,1em8,repressilator_6_1em8,,1,6.514480107618944e-07,537,6.514480107618944e-07,1021.7775480747223,6.514482776951463e-07,1,6.514482776951463e-07,2008.7703671455383,6.514433779793966e-07,1,6.514433779793966e-07,2381.4064440727234,6.514488770099827e-07,100,6.514488770099827e-07,2220.962038040161,6.514488770099827e-07,20,6.514488770099827e-07,2070.499475002289,ok
repressilator,odepe_v2_polish,0,repressilator_7_0,,1,2.2870594307278225e-13,567,2.2870594307278225e-13,1414.918436050415,3.76160641097228e-12,1,3.76160641097228e-12,2208.856500148773,3.721296775001275e-12,1,3.721296775001275e-12,1875.3764979839325,3.721296775001275e-12,100,3.721296775001275e-12,1886.4175748825073,3.76160641097228e-12,20,3.76160641097228e-12,2233.1961109638214,ok
repressilator,odepe_v2_polish,1em2,repressilator_7_1em2,,1,0.01661873915435561,473,0.01661873915435561,2159.728616952896,0.08693052097276913,88,0.08826642141225195,3151.57359790802,0.04919116641090764,20,0.08826642141225195,3347.1670620441437,0.04919116641090764,100,0.08826642141225195,3137.894921064377,0.04919116641086932,20,0.0882664214122612,3202.6767110824585,ok
repressilator,odepe_v2_polish,1em4,repressilator_7_1em4,,1,0.00037487173494379694,498,0.00037487173494379694,1274.724153995514,0.0036282834893606687,17,0.0036282834893606687,1823.8961780071259,0.0003748720209609898,20,0.0036282834893606687,2114.8794689178467,0.0003748720209609898,100,0.0036282834893606687,1911.8902380466461,0.006413594681407009,20,0.006413594681407009,2348.961359977722,ok
repressilator,odepe_v2_polish,1em6,repressilator_7_1em6,,1,1.7560291354357105e-06,664,1.7560291354357105e-06,1567.7353811264038,1.7560291528576718e-06,1,1.7560291528576718e-06,2059.357545852661,1.7560291287743723e-06,1,1.7560291287743723e-06,2506.8228459358215,1.7560291287743723e-06,100,1.7560291287743723e-06,2694.5492780208588,1.7560291287743723e-06,20,1.7560291287743723e-06,2811.659334897995,ok
repressilator,odepe_v2_polish,1em8,repressilator_7_1em8,,1,5.113685526307694e-08,666,5.113685526307694e-08,1146.8621459007263,5.11389819379815e-08,1,5.11389819379815e-08,1863.4119999408722,5.11389819379815e-08,1,5.11389819379815e-08,1975.1429481506348,5.11389819379815e-08,100,5.11389819379815e-08,2022.4973039627075,5.11389819379815e-08,20,5.11389819379815e-08,2081.4914000034332,ok
repressilator,odepe_v2_polish,0,repressilator_8_0,,1,1.0063892165666886e-13,582,1.0063892165666886e-13,1535.9146978855133,1.5403425407878828e-13,1,1.5403425407878828e-13,2248.359570980072,3.1100949630227897e-13,1,3.1100949630227897e-13,1908.2231590747833,1.5403425407878828e-13,100,1.5403425407878828e-13,2371.7147109508514,3.1100949630227897e-13,20,3.1100949630227897e-13,1933.6728239059448,ok
repressilator,odepe_v2_polish,1em2,repressilator_8_1em2,,1,0.10085836825994537,518,0.10085836825994537,2951.7650809288025,0.10655371259355925,91,0.10655371259355925,3702.0958380699158,0.10655371259355925,20,0.10655371259355925,3703.1089520454407,0.106553712593653,100,0.106553712593653,2850.262745141983,0.10085836758892751,20,0.10085836758892751,3347.08193898201,ok
repressilator,odepe_v2_polish,1em4,repressilator_8_1em4,,1,0.0007130761798047901,494,0.0007130761798047901,1782.146940946579,0.007146688285429572,47,0.007146688285429572,2354.5273649692535,0.0007130761793684209,20,0.007146688285139517,3056.7577908039093,0.0007130761793684209,100,0.007146688285139517,2741.6826980113983,0.007146688285429572,20,0.007146688285429572,2478.7424178123474,ok
repressilator,odepe_v2_polish,1em6,repressilator_8_1em6,,1,7.682071613654506e-07,679,7.682071613654506e-07,1816.2505609989166,7.681614313144237e-07,1,7.681614313144237e-07,2416.087819814682,7.682071555314761e-07,1,7.682071555314761e-07,2571.315822124481,7.682071555314761e-07,100,7.682071555314761e-07,2383.5056879520416,7.683003150879782e-07,20,7.683003150879782e-07,2987.272544145584,ok
repressilator,odepe_v2_polish,1em8,repressilator_8_1em8,,1,4.0200253354270035e-08,664,4.0200253354270035e-08,2083.2999250888824,4.0200743947854926e-08,1,4.0200743947854926e-08,2007.5862309932709,4.020074872696066e-08,1,4.020074872696066e-08,2015.506068944931,4.020074872696066e-08,100,4.020074872696066e-08,2032.0781831741333,4.020074872696066e-08,20,4.020074872696066e-08,2027.9794380664825,ok
repressilator,odepe_v2_polish,0,repressilator_9_0,,1,1.0107779141306572e-13,534,1.0107779141306572e-13,2234.3447058200836,2.4424906541753444e-12,1,2.4424906541753444e-12,2584.4129400253296,1.4195764305158555e-12,1,1.4195764305158555e-12,3062.7703261375427,1.4195764305158555e-12,100,1.4195764305158555e-12,2912.1397919654846,1.4195764305158555e-12,20,1.4195764305158555e-12,3033.454360961914,ok
repressilator,odepe_v2_polish,1em2,repressilator_9_1em2,,1,0.04618796207213598,539,0.04618796207213598,4557.322556018829,0.10687241626552864,102,0.13948442592332383,2844.7923090457916,0.10687241626554426,20,0.13948442592330157,3772.65198802948,0.10687241626554426,100,0.13948442592330157,3811.750899076462,0.046187960173245994,20,0.046187960173245994,3210.7925679683685,ok
repressilator,odepe_v2_polish,1em4,repressilator_9_1em4,,1,0.0004370376523309387,517,0.0004370376523309387,2957.2854630947113,0.003099579228404349,15,0.003099579228404349,2383.1517639160156,0.0020917234855165894,20,0.003099579228404349,2500.1753330230713,0.0004370377944605623,100,0.003099579228404349,2384.2116959095,0.003099579228404349,20,0.003099579228404349,2579.1220631599426,ok
repressilator,odepe_v2_polish,1em6,repressilator_9_1em6,,1,2.614239309283036e-06,658,2.614239309283036e-06,2318.5355207920074,2.6142354281036418e-06,1,2.6142354281036418e-06,3125.3206520080566,2.6142392806369074e-06,1,2.6142392806369074e-06,2817.4574658870697,2.614239281379035e-06,100,2.614239281379035e-06,3581.681452035904,2.6142392806369074e-06,20,2.6142392806369074e-06,2868.751461982727,ok
repressilator,odepe_v2_polish,1em8,repressilator_9_1em8,,1,2.5783778749236644e-08,630,2.5783778749236644e-08,1765.0341892242432,2.578871536367169e-08,1,2.578871536367169e-08,2643.089385986328,2.578871536367169e-08,1,2.578871536367169e-08,2744.865023136139,2.578871536367169e-08,100,2.578871536367169e-08,2621.8842339515686,2.578871536367169e-08,20,2.578871536367169e-08,2626.7339899539948,ok
seir,odepe_v2_polish,0,seir_0_0,,2,5.218612353454e-12,889,5.218612353454e-12,1381.8979768753052,5.001193677798241e-12,1,5.001193677798241e-12,664.9248628616333,3.4631286095370483e-12,1,3.4631286095370483e-12,1363.2542448043823,5.001193677798241e-12,100,5.001193677798241e-12,667.4735291004181,3.868517972085645e-12,20,3.868517972085645e-12,770.282870054245,ok
seir,odepe_v2_polish,1em2,seir_0_1em2,,2,0.23676810614930244,521,0.23676810614930244,1611.835541009903,0.26695332426254886,245,1.4604192247893462,2277.421303987503,0.26695332426254886,20,1.4604192247893462,2270.817957878113,0.26695332426254886,100,1.4604192247893462,2415.755553007126,0.23676737740815595,20,0.23676737740815595,1889.3417410850525,ok
seir,odepe_v2_polish,1em4,seir_0_1em4,,2,0.0010449725492699565,788,0.0010449725492699565,2317.5831668376923,0.14297882866792383,75,0.24193816861996356,1665.4893310070038,0.24193816861996356,20,0.24193816861996356,1705.2051119804382,0.1213832115635802,100,0.24193816861996356,1796.9609169960022,0.0010449949404898193,20,0.0010449949404898193,1920.0904059410095,ok
seir,odepe_v2_polish,1em6,seir_0_1em6,,2,8.385148562509723e-05,1089,8.385148562509723e-05,2326.106444120407,8.384022940398395e-05,50,0.06116144457569002,919.2472238540649,8.384022758486547e-05,20,0.061161444134370385,1607.4448969364166,8.384022998730235e-05,100,0.06116144457569002,1051.829355955124,0.005118949193203806,20,0.005118949193203806,1069.0966129302979,ok
seir,odepe_v2_polish,1em8,seir_0_1em8,,2,3.902190616704065e-07,907,3.902190616704065e-07,1643.8595190048218,3.8900224651680074e-07,2,3.8900224651680074e-07,769.5211250782013,3.904095118553877e-07,2,3.904095118553877e-07,1264.7840042114258,3.904095118553877e-07,100,3.904095118553877e-07,1316.3152668476105,3.903479526965332e-07,20,3.903479526965332e-07,829.6380109786987,ok
seir,odepe_v2_polish,0,seir_1_0,,2,3.608905375395411e-11,787,3.608905375395411e-11,1991.597697019577,3.621715641064163e-11,2,3.621715641064163e-11,683.1368420124054,4.294067772299297e-11,2,4.294067772299297e-11,1394.8848040103912,3.621715641064163e-11,100,3.621715641064163e-11,696.0423529148102,4.7771882603588375e-11,20,4.7771882603588375e-11,754.0199019908905,ok
seir,odepe_v2_polish,1em2,seir_1_1em2,,2,0.9988438008328785,1160,0.9988438008328785,2463.2780780792236,1.4920497138578486,563,73.34134728657118,2282.24453496933,12.675454710983978,20,73.29173963463735,3121.0694060325623,2.171442272823102,100,73.29173963463735,3257.367061853409,0.9146689061138331,20,1.028781735900087,3027.1241347789764,ok
seir,odepe_v2_polish,1em4,seir_1_1em4,,2,0.1173695520144924,890,0.1173695520144924,2941.943466901779,0.11736955196476441,233,0.11736955196476441,1446.5862560272217,0.11736955196476441,20,0.11736955196476441,1576.2028069496155,0.1173695520144924,100,0.1173695520144924,2356.266541957855,0.11736955177045537,20,0.19690283896916858,2093.766541004181,ok
seir,odepe_v2_polish,1em6,seir_1_1em6,,2,0.0015235825778542162,1016,0.0015235825778542162,2148.5862278938293,0.025619728298753135,39,0.025619728298753135,851.464989900589,0.025619728298753135,20,0.025619728298753135,1052.768697977066,0.012680052225393855,100,0.025619727829748355,1532.1472070217133,0.025619727338884863,20,2.9685246995087518,1559.8728020191193,ok
seir,odepe_v2_polish,1em8,seir_1_1em8,,2,2.3167458783388635e-06,804,2.3167458783388635e-06,1621.4108130931854,2.316984417895561e-06,12,2.316984417895561e-06,758.3649849891663,2.3170169581054034e-06,20,2.3170169581054034e-06,847.0077991485596,2.3170169581054034e-06,100,2.3170169581054034e-06,815.6139011383057,2.317009329592198e-06,20,2.317009329592198e-06,823.5419929027557,ok
seir,odepe_v2_polish,0,seir_2_0,,2,1.2264969216106291e-11,962,1.2264969216106291e-11,2109.1728081703186,8.073677617746214e-12,2,8.073677617746214e-12,1763.0096209049225,1.0511775303119085e-11,2,1.0511775303119085e-11,904.3503639698029,1.0511775303119085e-11,100,1.0511775303119085e-11,896.6832880973816,8.498955935503685e-09,20,8.498955935503685e-09,1045.8583459854126,ok
seir,odepe_v2_polish,1em2,seir_2_1em2,,2,0.1759403070675949,749,0.1759403070675949,2387.5663068294525,0.37666780913834386,288,1.8785870836677332,2023.2484698295593,1.1966384147411946,20,1.8785870836677332,2111.5969729423523,0.37666780913834386,100,1.8785870836677332,2061.779093027115,0.1762191223736513,20,0.1762191223736513,2252.5786039829254,ok
seir,odepe_v2_polish,1em4,seir_2_1em4,,2,0.11333206284754846,733,0.11333206284754846,2994.3682630062103,0.3039566860292293,222,1.0328953667013583,1401.6164197921753,0.4797270616393588,20,1.0328953667013583,1635.7205610275269,0.3039057321079182,100,1.0328740705571773,2880.6318359375,0.11333163836458988,20,0.11333163836458988,2719.4136049747467,ok
seir,odepe_v2_polish,1em6,seir_2_1em6,,2,0.0004011004063712603,883,0.0004011004063712603,2707.2115659713745,0.009447089317283342,46,0.11749296828818924,1135.834137916565,0.009447089317283342,20,0.11749296828818924,1307.0920641422272,0.0004010994215375429,100,0.09722822627569637,2082.0256209373474,0.011527379880464,20,0.02760274692308121,1994.1369671821594,ok
seir,odepe_v2_polish,1em8,seir_2_1em8,,2,1.0382703537852902e-06,1056,1.0382703537852902e-06,2736.196184873581,1.0382387539626116e-06,2,1.0382387539626116e-06,1030.725947856903,1.038232605204051e-06,4,1.038232605204051e-06,1741.6351630687714,1.0383414651674606e-06,100,1.0383414651674606e-06,1061.812609910965,1.03820861500174e-06,20,1.03820861500174e-06,1124.6677610874176,ok
seir,odepe_v2_polish,0,seir_3_0,,2,3.615415393662751e-13,895,3.615415393662751e-13,1530.8471109867096,0.0918918552087701,1,0.0918918552087701,1677.869490146637,5.572413875361355e-11,2,5.572413875361355e-11,942.0729348659515,5.572413875361355e-11,100,5.572413875361355e-11,910.3811838626862,6.477873792931632e-11,20,6.477873792931632e-11,1504.5543880462646,ok
seir,odepe_v2_polish,1em2,seir_3_1em2,,2,0.08571638100415377,776,0.08571638100415377,2123.745379924774,0.08571638100415377,339,1.2659143061323086,1752.5928530693054,0.14189159545436403,20,1.2659143061323086,1964.4500200748444,0.08571638100415377,100,1.2659143061323086,1934.1615300178528,0.1194679908149379,20,0.1194679908149379,1802.869311094284,ok
seir,odepe_v2_polish,1em4,seir_3_1em4,,2,0.04412970180762129,646,0.04412970180762129,1778.7434730529785,0.04819574352523933,70,0.377629214477523,1045.9267699718475,0.12099540791267109,20,0.377629214477523,1218.0402791500092,0.04819574352523933,100,0.377629214477523,1128.1926691532135,0.04413165603559342,20,0.04413165603559342,1859.788696050644,ok
seir,odepe_v2_polish,1em6,seir_3_1em6,,2,0.0004957539898888632,871,0.0004957539898888632,2845.2172701358795,0.027750084088251782,32,0.027750084088251782,1073.2685129642487,0.000495731931803242,20,0.027750084088251782,1238.7141408920288,0.000495731931803242,100,0.027750084088251782,1181.528090953827,0.021755786051661535,20,0.027750084602231724,2055.603127002716,ok
seir,odepe_v2_polish,1em8,seir_3_1em8,,2,1.4490877963066326e-05,1059,1.4490877963066326e-05,1922.5658218860626,1.4487883667319304e-05,2,1.4487883667319304e-05,1096.6965959072113,1.4491041814747088e-05,4,1.4491041814747088e-05,1178.40878200531,1.4491041814747088e-05,100,1.4491041814747088e-05,1174.4231910705566,1.4491091585753119e-05,20,1.4491091585753119e-05,1807.9034130573273,ok
seir,odepe_v2_polish,0,seir_4_0,,2,0.001481335691509945,1339,0.001481335691509945,3222.6287200450897,0.004217449346700263,1,0.004217449346700263,1603.035392999649,0.007921192301621435,8,0.007921192301621435,914.8000750541687,0.004217449346700263,100,0.004217449346700263,1622.8116500377655,0.004382343215418456,20,0.004382343215418456,1009.7734680175781,ok
seir,odepe_v2_polish,1em2,seir_4_1em2,,2,0.9999295764000407,1290,0.9999295764000407,2449.2782669067383,33.75671833991206,397,3429.8894846447015,2008.5770559310913,644.2252743394067,20,3429.8894846447015,2367.8945648670197,237.38282998834464,100,3429.8894846447015,2271.8517529964447,0.9998594919702624,20,48.64794318841422,1608.516655921936,ok
seir,odepe_v2_polish,1em4,seir_4_1em4,,2,0.19168176941306717,1164,0.19168176941306717,4460.705302000046,3.5993061954983205,548,1003.1211757679785,2857.199465036392,81.92603260971023,20,1003.1211757679785,4968.883785009384,81.92603260971023,100,1003.1211757679785,4794.227454900742,0.1914585402386645,20,0.19788097294095933,4640.329816102982,ok
seir,odepe_v2_polish,1em6,seir_4_1em6,,2,0.1502502027079201,1126,0.1502502027079201,3924.0040650367737,0.2104207790761529,360,3.7825931373339827,1693.6517989635468,1.4208131094378802,20,3.7825931373339827,2408.0584259033203,1.4208131094378802,100,3.7825931373339827,2521.145393848419,0.20653043901856827,20,0.2287213645125128,3521.154762029648,ok
seir,odepe_v2_polish,1em8,seir_4_1em8,,2,0.05157066044237848,1528,0.05157066044237848,3758.3670439720154,0.06008046602723716,40,0.06008046602723716,2782.6814308166504,0.06008046602723716,20,0.06008046602723716,2514.5244069099426,0.061309789959025335,100,0.061309789959025335,1823.5663859844208,0.06269508296533192,20,0.06269508296533192,2553.9636809825897,ok
seir,odepe_v2_polish,0,seir_5_0,,2,1.5141287891809503e-13,902,1.5141287891809503e-13,1496.7812321186066,4.950434755324858e-13,2,4.950434755324858e-13,854.8949730396271,4.950434755324858e-13,2,4.950434755324858e-13,841.8810489177704,4.950434755324858e-13,100,4.950434755324858e-13,835.2110259532928,3.206390377089071e-13,20,3.206390377089071e-13,919.2013540267944,ok
seir,odepe_v2_polish,1em2,seir_5_1em2,,2,0.33239129662645317,572,0.33239129662645317,3111.039649963379,0.708726101122367,142,18.33865324021183,2299.94926905632,0.708726101122367,20,18.33865324021183,2488.9435210227966,0.708726101122367,100,18.33865324021183,2362.699781179428,0.33239550070404006,20,0.33239550070404006,2456.41748714447,ok
seir,odepe_v2_polish,1em4,seir_5_1em4,,2,0.010651946220299248,766,0.010651946220299248,3226.676945924759,0.017933573133790553,26,0.07028050519996218,1938.74613904953,0.017770403725462392,20,0.07060387379042717,1167.9440319538116,0.01065194340622109,100,0.07028050519996218,2103.0090939998627,0.017657186486546923,20,13.729751052957509,1192.7770910263062,ok
seir,odepe_v2_polish,1em6,seir_5_1em6,,2,0.0001621005137862101,792,0.0001621005137862101,3196.1817960739136,0.00016210071659081572,20,0.00016210071659081572,941.8720841407776,0.00016210050986521722,20,0.00016210050986521722,1739.8192059993744,0.00016210050986521722,100,0.00016210050986521722,2158.9299290180206,0.0001621005766600456,20,0.0001621005766600456,2316.1146178245544,ok
seir,odepe_v2_polish,1em8,seir_5_1em8,,2,1.2115261899010709e-06,1090,1.2115261899010709e-06,1786.7657260894775,1.2120862375560885e-06,2,1.2120862375560885e-06,997.155424118042,1.2115051671238535e-06,2,1.2115051671238535e-06,2123.973085165024,1.2115051671238535e-06,100,1.2115051671238535e-06,2472.810276031494,1.2115255850780798e-06,20,1.2115255850780798e-06,2093.9291129112244,ok
seir,odepe_v2_polish,0,seir_6_0,,2,8.51251640861116e-10,1353,8.51251640861116e-10,2851.4307458400726,3.3596393924030924e-08,1,3.3596393924030924e-08,765.294499874115,3.3596393924030924e-08,1,3.3596393924030924e-08,784.1612870693207,4.7298194147125176e-08,100,4.7298194147125176e-08,1378.2991681098938,2.018656075630787e-07,20,2.018656075630787e-07,885.7991390228271,ok
seir,odepe_v2_polish,1em2,seir_6_1em2,,2,0.9995772661537924,1136,0.9995772661537924,2660.150274991989,0.9995772661537924,345,22.37095173499333,1908.1783518791199,5.094081157273065,20,22.37095173499333,1660.010668039322,5.094081157273065,100,22.37095173499333,1955.7965800762177,1.0943257573260308,20,12.851881924296656,1935.1710140705109,ok
seir,odepe_v2_polish,1em4,seir_6_1em4,,2,0.9999875930520175,1047,0.9999875930520175,3315.503252029419,5.397013278006849,446,191.5641463907589,1792.858232975006,5.397013400506465,20,191.56414638437192,2390.21395611763,5.397013278006849,100,191.5641463907589,1635.2325460910797,0.9999594988518701,20,1.1231053704263816,2626.137948036194,ok
seir,odepe_v2_polish,1em6,seir_6_1em6,,2,0.019796510616360365,1082,0.019796510616360365,3636.053678035736,0.21045178897288405,150,4.421425810452964,946.0149970054626,0.21045178897288405,20,4.421425810452964,1101.5382499694824,0.2104520773430691,100,4.421425811755082,1701.871158838272,0.20947018732975467,20,0.20947018732975467,1731.715970993042,ok
seir,odepe_v2_polish,1em8,seir_6_1em8,,2,0.0008672695062409625,1465,0.0008672695062409625,3342.5117831230164,0.003300671575087307,87,0.003300671575087307,1022.4975259304047,0.003300671575087307,20,0.003300671575087307,1176.7092680931091,0.018693444204379666,100,0.018693444204379666,1775.1442680358887,0.04510889980901395,20,0.04510889980901395,1976.8355507850647,ok
seir,odepe_v2_polish,0,seir_7_0,,2,7.84646680101815e-10,1047,7.84646680101815e-10,1446.5951788425446,3.672171395559458e-08,2,3.672171395559458e-08,832.9183759689331,3.672171395559458e-08,2,3.672171395559458e-08,847.0286448001862,1.51813120644804e-07,100,1.51813120644804e-07,1600.3493950366974,3.1783638813005204e-08,20,3.1783638813005204e-08,914.2565228939056,ok
seir,odepe_v2_polish,1em2,seir_7_1em2,,2,0.24210253824610511,1061,0.24210253824610511,2347.241598844528,11.175876184776396,406,331.44087616103604,2262.949005126953,79.62886600824456,20,331.44087616103604,2391.739671945572,11.175876184776396,100,331.44087616103604,2315.9676871299744,0.24225226958851928,20,0.7415279608634497,2185.5715370178223,ok
seir,odepe_v2_polish,1em4,seir_7_1em4,,2,0.29565183855310856,1001,0.29565183855310856,2316.6007590293884,0.2956518385531087,450,13.400294240818774,1985.4842019081116,0.2956518393132083,20,13.400294240887192,1879.8090178966522,0.2956518385531087,100,13.400294240818774,2321.8972311019897,0.6034988046693229,20,0.6050801467203304,1533.2634608745575,ok
seir,odepe_v2_polish,1em6,seir_7_1em6,,2,0.0113204276547278,1086,0.0113204276547278,2872.539426088333,0.01132036235228433,128,0.042817005713925146,1979.1423921585083,0.011319897752195525,20,0.0425857249862104,1271.3114500045776,0.01132036235228433,100,0.042817005713925146,2233.5878188610077,0.033096639786479726,20,0.03487234256234387,2425.4551939964294,ok
seir,odepe_v2_polish,1em8,seir_7_1em8,,2,0.0001615705583540376,1187,0.0001615705583540376,1715.912398815155,0.00016198547754671077,16,0.00016198547754671077,1815.474683046341,0.00016157750779506025,20,0.00016157750779506025,1953.6987249851227,0.00016157750779506025,100,0.00016157750779506025,2232.0825550556183,0.00016074683425175911,20,0.00016074683425175911,1921.6113450527191,ok
seir,odepe_v2_polish,0,seir_8_0,,2,4.4923410183865616e-10,1301,4.4923410183865616e-10,1978.1092970371246,4.9058580211479526e-05,1,4.9058580211479526e-05,757.5674569606781,4.9126371703930083e-05,1,4.9126371703930083e-05,1829.176157951355,6.293958102056918e-06,100,4.9126371703930083e-05,1852.605043888092,4.716467152215462e-05,20,4.716467152215462e-05,889.4399330615997,ok
seir,odepe_v2_polish,1em2,seir_8_1em2,,2,0.9999767899368501,973,0.9999767899368501,1186.7372391223907,0.9999901792390784,347,3823.9864855994156,1681.2342929840088,95.73656233964314,20,3823.9864855994156,1800.3337438106537,15.523464687415494,100,3823.9864855994156,1695.7036471366882,1.1267630298858637,20,1.1833732377929427,1772.2358858585358,ok
seir,odepe_v2_polish,1em4,seir_8_1em4,,2,0.40395240938911997,1069,0.40395240938911997,2752.228457927704,6.025369573018066,339,420.8316485677951,1402.9837539196014,127.60066093168365,20,420.8316485680192,2571.4896910190582,10.332759560582835,100,420.8316485677951,1635.4352099895477,0.8548400579196849,20,1.2284503084272855,1455.9980771541595,ok
seir,odepe_v2_polish,1em6,seir_8_1em6,,2,0.03530731036632495,1088,0.03530731036632495,3460.0229291915894,0.2289792955017888,317,2.029402612922618,2687.700253009796,0.31473847203180344,20,2.029402612922618,3101.915995121002,0.31473846465208183,100,2.0294025754553555,2159.030331134796,0.23355202753876372,20,0.23355202753876372,3391.1035249233246,ok
seir,odepe_v2_polish,1em8,seir_8_1em8,,2,0.0011908122290093385,1397,0.0011908122290093385,2484.7202491760254,0.006458256062994199,41,0.006458256062994199,1394.9173209667206,0.006458256062994199,20,0.006458256062994199,1411.3913230895996,0.007317926909937031,100,0.007317926909937031,2518.144606113434,0.007430525443525704,20,0.007430525443525704,1584.8681337833405,ok
seir,odepe_v2_polish,0,seir_9_0,,2,9.171798631189524e-12,923,9.171798631189524e-12,1659.888244152069,1.1179636234024236e-11,2,1.1179636234024236e-11,1248.04869389534,2.059860324217015e-10,2,2.059860324217015e-10,821.858255147934,1.1179636234024236e-11,100,1.1179636234024236e-11,1430.34618806839,1.1578608811001086e-11,20,1.1578608811001086e-11,1261.8564109802246,ok
seir,odepe_v2_polish,1em2,seir_9_1em2,,2,0.07845650153659176,700,0.07845650153659176,1442.9073300361633,0.6457469578091479,341,1.054329830061353,1786.1654300689697,0.6718831129769233,20,1.054329830061353,1921.952430009842,0.6456995934166877,100,1.054330269117551,1131.8985378742218,0.057693579538958484,20,0.057693579538958484,1973.9377789497375,ok
seir,odepe_v2_polish,1em4,seir_9_1em4,,2,0.02515194924466767,834,0.02515194924466767,2170.1888139247894,0.04174457805615649,246,0.07088304290286604,1256.5764842033386,0.04174457805615649,20,0.07088304290286604,1460.2437570095062,0.04174457805615649,100,0.07088304290286604,1336.0376579761505,0.025151556781546944,20,0.025151556781546944,2359.0826489925385,ok
seir,odepe_v2_polish,1em6,seir_9_1em6,,2,0.0001551825450804099,1152,0.0001551825450804099,3215.71608710289,0.018667274876823188,25,0.018667274876823188,1870.819934129715,0.016964565442541848,20,0.01866727487916483,1142.3545570373535,0.0001553093429862134,100,0.018667274876823188,1947.6000661849976,0.01866727445522477,20,0.01866727445522477,1968.6261990070343,ok
seir,odepe_v2_polish,1em8,seir_9_1em8,,2,7.312287549021162e-07,1030,7.312287549021162e-07,2510.2554800510406,7.306952759931397e-07,2,7.306952759931397e-07,2033.651547908783,7.306952759931397e-07,6,7.306952759931397e-07,1714.3850119113922,7.311976984567621e-07,100,7.311976984567621e-07,1054.8898770809174,7.313169244107594e-07,20,7.313169244107594e-07,1092.4089658260345,ok
sirt_treatment,odepe_v2_polish,0,sirt_treatment_0_0,,1,2.2255388154183185e-13,1084,2.2255388154183185e-13,27242.17918395996,5.983015376488558e-12,1,5.983015376488558e-12,1210.4676549434662,4.485829697116406e-12,1,4.485829697116406e-12,2223.878116130829,7.416172320578096e-12,100,7.416172320578096e-12,1236.7585999965668,3.2190593518232053e-12,20,3.2190593518232053e-12,1278.9512491226196,ok
sirt_treatment,odepe_v2_polish,1em2,sirt_treatment_0_1em2,,1,1.6897587480576728,889,1.6897587480576728,32404.799412965775,2.2514742782085397,135,5.610526965432092,3690.5791430473328,2.2514742782085397,20,5.610526965432092,7868.041760921478,2.2514742782085397,100,5.610526965432092,7850.59083199501,1.5065823310552775,20,1.6885544406906619,8601.629208087921,ok
sirt_treatment,odepe_v2_polish,1em4,sirt_treatment_0_1em4,,1,0.012217224852889766,945,0.012217224852889766,36227.86216211319,0.056445065312490314,26,1.293789590681495,2405.6775329113007,0.05626840542608174,20,0.9343803063753356,1609.6925480365753,0.056445065312490314,100,1.293789590681495,2079.636543035507,0.01221722337957556,20,0.01221722337957556,2255.328886985779,ok
sirt_treatment,odepe_v2_polish,1em6,sirt_treatment_0_1em6,,1,9.872185208675068e-05,1316,9.872185208675068e-05,46803.58089900017,0.025085552952882638,10,0.025085552952882638,2397.965912103653,9.87205054698705e-05,20,0.025085552952882638,2339.5711550712585,9.87205054698705e-05,100,0.025085552952882638,2597.9644520282745,0.012213204772194319,20,0.012213204772194319,2602.09211397171,ok
sirt_treatment,odepe_v2_polish,1em8,sirt_treatment_0_1em8,,1,7.417106802596207e-07,1190,7.417106802596207e-07,36443.635226011276,7.417460471015935e-07,1,7.417460471015935e-07,1501.4779760837555,7.41746415690545e-07,1,7.41746415690545e-07,2418.569121837616,7.41689252573288e-07,100,7.41689252573288e-07,1455.1672959327698,7.417338030731725e-07,20,7.417338030731725e-07,1597.3537781238556,ok
sirt_treatment,odepe_v2_polish,0,sirt_treatment_1_0,,1,1.077582467701177e-12,968,1.077582467701177e-12,7503.723457813263,2.8266278206956486e-13,1,2.8266278206956486e-13,861.2836210727692,2.8266278206956486e-13,1,2.8266278206956486e-13,852.1771919727325,2.8266278206956486e-13,100,2.8266278206956486e-13,850.9621918201447,2.28170593530308e-10,20,2.28170593530308e-10,1002.9559149742126,ok
sirt_treatment,odepe_v2_polish,1em2,sirt_treatment_1_1em2,,1,0.7818746372402058,800,0.7818746372402058,15107.523245096207,0.7818746372402047,135,2.3561495360511215,3560.3367159366608,0.7818746372402047,20,2.3561495360511215,6624.86746096611,0.7818746372402047,100,2.3561495360511215,7294.414751052856,0.6022316596722204,20,0.9499824344144935,7293.647398948669,ok
sirt_treatment,odepe_v2_polish,1em4,sirt_treatment_1_1em4,,1,0.002215824954603929,744,0.002215824954603929,11203.581197977066,0.0677216780366674,43,0.2357327061745429,1567.3504121303558,0.06772167803710238,20,0.23573270618444986,1205.4546179771423,0.0677216780366674,100,0.2357327061745429,1536.172481060028,0.0022158015527982133,20,0.0022158015527982133,1629.7375428676605,ok
sirt_treatment,odepe_v2_polish,1em6,sirt_treatment_1_1em6,,1,9.212769633615281e-06,748,9.212769633615281e-06,7882.47421503067,0.003508353578361656,6,0.003508353578361656,1027.178904056549,0.0026713008402834415,20,0.0026713008402834415,1600.1814029216766,9.212778699918545e-06,100,0.0026713008402834415,1461.5645258426666,0.003245521715200539,20,0.003245521715200539,1499.8663001060486,ok
sirt_treatment,odepe_v2_polish,1em8,sirt_treatment_1_1em8,,1,6.108626895429126e-07,1069,6.108626895429126e-07,5426.718903064728,6.109224008898906e-07,1,6.109224008898906e-07,1081.2217099666595,6.108676540161895e-07,1,6.108676540161895e-07,1406.6098520755768,6.108722445663517e-07,100,6.108722445663517e-07,1053.5276827812195,6.108714145636185e-07,20,6.108714145636185e-07,1088.6253168582916,ok
sirt_treatment,odepe_v2_polish,0,sirt_treatment_2_0,,1,1.1216931650355138e-12,959,1.1216931650355138e-12,4107.417418003082,3.5014659571179986e-11,1,3.5014659571179986e-11,914.535658121109,3.5014659571179986e-11,1,3.5014659571179986e-11,944.6470601558685,3.9733864887939474e-11,100,3.9733864887939474e-11,1447.8829379081726,1.944513426170961e-12,20,1.944513426170961e-12,1593.6066329479218,ok
sirt_treatment,odepe_v2_polish,1em2,sirt_treatment_2_1em2,,1,0.505098908466845,1130,0.505098908466845,4405.772927045822,0.5050973196320122,371,0.5050973196320122,1795.822809934616,0.5050989084668501,20,0.5050989084668501,2760.5244641304016,0.5050989084668501,100,0.5050989084668501,2895.9781579971313,0.5050969629914457,20,0.9734183763956272,1980.557538986206,ok
sirt_treatment,odepe_v2_polish,1em4,sirt_treatment_2_1em4,,1,0.029986696516705623,948,0.029986696516705623,14642.354657173157,0.04416708182884615,101,0.07928265190043854,2546.6435630321503,0.044192062184284224,20,0.07929562939935624,1717.6014409065247,0.04416708182884615,100,0.07928265190043854,2845.555196046829,0.02998776892325039,20,0.02998776892325039,2588.916517019272,ok
sirt_treatment,odepe_v2_polish,1em6,sirt_treatment_2_1em6,,1,8.6842636821124e-05,1113,8.6842636821124e-05,11570.958181858063,0.0005979393943980437,14,0.0005979393943980437,1610.5080018043518,0.0003345237315606473,20,0.0006876836604049559,1304.5830950737,8.6842636821124e-05,100,0.0005979393943980437,1673.3545141220093,0.0007744287305260716,20,0.0007744287305260716,1317.7764430046082,ok
sirt_treatment,odepe_v2_polish,1em8,sirt_treatment_2_1em8,,1,6.751665243781211e-07,997,6.751665243781211e-07,4574.627800226212,6.677415337146617e-07,1,6.677415337146617e-07,1787.233363866806,6.751653143865167e-07,10,6.751653143865167e-07,1609.8378148078918,6.755079614581598e-07,100,6.755079614581598e-07,1123.8155269622803,6.751627489705841e-07,20,6.751627489705841e-07,1132.3396549224854,ok
sirt_treatment,odepe_v2_polish,0,sirt_treatment_3_0,,1,1.0688419846164006e-12,963,1.0688419846164006e-12,1712.9548580646515,6.10824522275586e-13,1,6.10824522275586e-13,815.2796349525452,6.10824522275586e-13,1,6.10824522275586e-13,841.5029010772705,1.228310382698923e-12,100,1.228310382698923e-12,1122.8058588504791,1.1160769278459073e-12,20,1.1160769278459073e-12,983.7045238018036,ok
sirt_treatment,odepe_v2_polish,1em2,sirt_treatment_3_1em2,,1,0.1997261063594084,767,0.1997261063594084,4879.825687885284,0.1997261063594084,319,3.292823936772584,2791.3882699012756,0.2059006329647752,20,3.292823936772584,3226.606076002121,0.1997261063593421,100,3.292811968299886,1977.7881619930267,0.20590063296465852,20,20.433249719800056,2245.738415002823,ok
sirt_treatment,odepe_v2_polish,1em4,sirt_treatment_3_1em4,,1,0.008303537372820392,898,0.008303537372820392,2846.5141048431396,0.060493421909963575,77,0.13816572951286243,1307.4699268341064,0.014848990817339092,20,0.1381774719120972,1686.9956541061401,0.008303537372275172,100,0.1381774719120972,2253.9766018390656,0.014850332836660946,20,0.13814247649708086,1901.2106440067291,ok
sirt_treatment,odepe_v2_polish,1em6,sirt_treatment_3_1em6,,1,4.871779853774718e-05,1074,4.871779853774718e-05,3970.071074962616,0.0014278483917549358,7,0.0014278483917549358,978.44398021698,0.0008869289020200057,20,0.0013889736761487433,1469.4972558021545,4.871803913861974e-05,100,0.0013889736761487433,1639.6169049739838,0.001377251670157221,20,0.001377251670157221,1062.5027289390564,ok
sirt_treatment,odepe_v2_polish,1em8,sirt_treatment_3_1em8,,1,1.7507153000034298e-07,1056,1.7507153000034298e-07,2519.8331611156464,1.7510704237621122e-07,1,1.7510704237621122e-07,1442.2155690193176,1.7516456303111705e-07,4,1.7516456303111705e-07,1074.8938081264496,1.7516456303111705e-07,100,1.7516456303111705e-07,1088.6422209739685,1.751640672156072e-07,20,1.751640672156072e-07,1578.726536989212,ok
sirt_treatment,odepe_v2_polish,0,sirt_treatment_4_0,,1,4.048317236993171e-13,859,4.048317236993171e-13,11859.142040014267,3.489830646685732e-12,1,3.489830646685732e-12,1151.7669670581818,2.6208368808511297e-12,1,2.6208368808511297e-12,1684.9391930103302,2.6208368808511297e-12,100,2.6208368808511297e-12,1734.4760301113129,3.858424690861284e-12,20,3.858424690861284e-12,1267.8820369243622,ok
sirt_treatment,odepe_v2_polish,1em2,sirt_treatment_4_1em2,,1,0.49685590544489744,872,0.49685590544489744,11261.871090173721,1.071973431855732,187,2.5628314828975167,3480.9714589118958,1.071973431855732,20,2.5628314828975167,11445.909423828125,1.071973431855732,100,2.5628314828975167,11727.128473997116,0.3009156045121175,20,0.4968558945804869,8699.78039097786,ok
sirt_treatment,odepe_v2_polish,1em4,sirt_treatment_4_1em4,,1,0.0014075881636729903,836,0.0014075881636729903,17984.381119966507,0.035483004668649974,57,0.3284109848881057,2544.9242329597473,0.0354830046685848,20,0.32845101711191005,2052.473562002182,0.0014075880826638354,100,0.32845101711191005,1696.714024066925,0.03548300466852147,20,0.3284285458058946,2491.1928708553314,ok
sirt_treatment,odepe_v2_polish,1em6,sirt_treatment_4_1em6,,1,1.7183718136275586e-05,973,1.7183718136275586e-05,11127.830835103989,0.0020211001261285747,6,0.0020211001261285747,2058.836543083191,1.7183718062466314e-05,20,0.0020211001261285747,2178.594647169113,1.7183718062466314e-05,100,0.0020211001261285747,2057.792330980301,0.0025226345272376122,20,0.0025226345272376122,1589.031683921814,ok
sirt_treatment,odepe_v2_polish,1em8,sirt_treatment_4_1em8,,1,2.2663132117628493e-07,943,2.2663132117628493e-07,9475.982778072357,2.273747224279532e-07,1,2.273747224279532e-07,1859.3482191562653,2.2662627525704692e-07,1,2.2662627525704692e-07,1960.3536760807037,2.2662627525704692e-07,100,2.2662627525704692e-07,1941.8996031284332,2.2662886003388394e-07,20,2.2662886003388394e-07,1800.6795558929443,ok
sirt_treatment,odepe_v2_polish,0,sirt_treatment_5_0,,1,5.652433676786947e-13,1223,5.652433676786947e-13,10946.114371061325,4.168708389237685e-14,1,4.168708389237685e-14,1098.1079459190369,4.168708389237685e-14,1,4.168708389237685e-14,1019.7833569049835,4.168708389237685e-14,100,4.168708389237685e-14,998.9398999214172,1.1879386363489175e-13,20,1.1879386363489175e-13,1233.2326219081879,ok
sirt_treatment,odepe_v2_polish,1em2,sirt_treatment_5_1em2,,1,0.24161557042683024,708,0.24161557042683024,12878.38177394867,0.6390433756142022,137,1.001658294398005,3457.3275430202484,0.6390433756142022,20,1.001658294398005,3830.796163082123,0.6390433756142022,100,1.0016582943980488,3674.0652709007263,0.1572041001741809,20,0.2416136326438051,3032.175499200821,ok
sirt_treatment,odepe_v2_polish,1em4,sirt_treatment_5_1em4,,1,0.01413199507330873,938,0.01413199507330873,17480.6987991333,0.06211866820618776,51,0.07001691616251111,1301.2242379188538,0.06211866820618776,20,0.07001691616251111,1342.2734441757202,0.06211866820618776,100,0.07001691616251111,1354.2939009666443,0.0141320541960841,20,0.0141320541960841,2040.0982179641724,ok
sirt_treatment,odepe_v2_polish,1em6,sirt_treatment_5_1em6,,1,7.989733170224637e-05,1414,7.989733170224637e-05,16594.480803966522,0.0003889738557234512,4,0.0003889738557234512,1208.3427770137787,0.000388973859286601,20,0.000388973859286601,2333.4760150909424,7.989733368452246e-05,100,0.0003889738557234512,1298.796511888504,0.0003889738576354773,20,0.0003889738576354773,1829.0930590629578,ok
sirt_treatment,odepe_v2_polish,1em8,sirt_treatment_5_1em8,,1,2.7203464473905276e-07,1472,2.7203464473905276e-07,7518.994521141052,2.717753933925839e-07,1,2.717753933925839e-07,1192.6393909454346,2.717680943183569e-07,1,2.717680943183569e-07,2195.4623391628265,2.7176994516573853e-07,100,2.7176994516573853e-07,1203.9001820087433,2.717700240800487e-07,20,2.717700240800487e-07,2300.99413895607,ok
sirt_treatment,odepe_v2_polish,0,sirt_treatment_6_0,,1,1.0573152708041391e-12,1244,1.0573152708041391e-12,6069.792410135269,2.907407043307331e-13,1,2.907407043307331e-13,895.8664190769196,2.907407043307331e-13,1,2.907407043307331e-13,911.8952658176422,2.907407043307331e-13,100,2.907407043307331e-13,918.6088709831238,5.626697628584378e-13,20,5.626697628584378e-13,1143.7491009235382,ok
sirt_treatment,odepe_v2_polish,1em2,sirt_treatment_6_1em2,,1,0.3171670041128414,947,0.3171670041128414,12216.755220890045,0.5813135523496349,221,1.4794506454997403,2745.6504991054535,0.690766632367162,20,1.4794506454997403,8310.199073076248,0.5813135523496349,100,1.4794506454997403,8621.392611980438,0.04687964843746745,20,0.32016281038452366,6328.133220911026,ok
sirt_treatment,odepe_v2_polish,1em4,sirt_treatment_6_1em4,,1,0.0006452358585062814,882,0.0006452358585062814,12494.850709915161,0.040426873567993814,59,0.07516640933274933,2255.882989168167,0.040426873567993814,20,0.07516640933274933,1777.4077849388123,0.012405126365799319,100,0.0751664093327564,2289.5334470272064,0.040522018828524686,20,0.0751970000446551,2644.7097840309143,ok
sirt_treatment,odepe_v2_polish,1em6,sirt_treatment_6_1em6,,1,5.636973306808309e-05,1487,5.636973306808309e-05,12392.116338014603,0.0025637181400783053,13,0.0025637181400783053,1024.2153561115265,0.00024370533660215848,20,0.0027952841300228027,1610.207417011261,5.6369698906470236e-05,100,0.0025637181400783053,1204.1782789230347,0.002857008977455272,20,0.002857008977455272,1196.2278990745544,ok
sirt_treatment,odepe_v2_polish,1em8,sirt_treatment_6_1em8,,1,6.593925968365463e-07,1277,6.593925968365463e-07,7475.247699975967,6.576280857912848e-07,1,6.576280857912848e-07,1277.1336879730225,6.609173457298363e-07,1,6.609173457298363e-07,1131.0439789295197,6.609173457298363e-07,100,6.609173457298363e-07,1058.9550800323486,6.576207237193309e-07,20,6.576207237193309e-07,1116.624951839447,ok
sirt_treatment,odepe_v2_polish,0,sirt_treatment_7_0,,1,1.2385302364530938e-12,1282,1.2385302364530938e-12,8140.031770944595,5.307331420652702e-11,1,5.307331420652702e-11,970.5974957942963,5.306892649876503e-11,1,5.306892649876503e-11,950.4581279754639,5.052738001784169e-11,100,5.052738001784169e-11,1551.068706035614,5.96869991887659e-10,20,5.96869991887659e-10,1685.3121891021729,ok
sirt_treatment,odepe_v2_polish,1em2,sirt_treatment_7_1em2,,1,0.22312825378508389,907,0.22312825378508389,12060.363401174545,0.22312833145379343,242,0.24189426886919996,2481.5071630477905,0.2418881171328607,20,0.2418881171328607,6820.8595860004425,0.22312825378508389,100,0.2418881171328607,6358.101626873016,0.24188960866250822,20,2.900203079527831,6953.853222131729,ok
sirt_treatment,odepe_v2_polish,1em4,sirt_treatment_7_1em4,,1,0.005528082451679722,1017,0.005528082451679722,15894.310288906097,0.029730164120769207,66,0.08238630002223803,1578.5833759307861,0.029730164100401333,20,0.08238451506412059,3599.0753009319305,0.005528082451870194,100,0.08238630002223803,2088.073364019394,0.005531784433446293,20,0.08238399513539456,2725.7808921337128,ok
sirt_treatment,odepe_v2_polish,1em6,sirt_treatment_7_1em6,,1,0.00020402018022260882,1426,0.00020402018022260882,11379.307423114777,0.0017031640780190405,8,0.0017031640780190405,1632.3005800247192,0.0004186566764623425,20,0.0017031640780190405,1564.4663820266724,0.00020402018022260882,100,0.0017031640780190405,1981.9363341331482,0.0009670224752495603,20,0.0009670224752495603,1499.8770508766174,ok
sirt_treatment,odepe_v2_polish,1em8,sirt_treatment_7_1em8,,1,3.950548460418868e-06,1273,3.950548460418868e-06,6434.7729749679565,3.942000332810585e-06,1,3.942000332810585e-06,1140.8826699256897,3.942645851312842e-06,9,3.942645851312842e-06,1183.2628099918365,3.942645851312842e-06,100,3.942645851312842e-06,1153.5553588867188,3.94901392438104e-06,20,3.94901392438104e-06,1863.9612200260162,ok
sirt_treatment,odepe_v2_polish,0,sirt_treatment_8_0,,1,4.784846552124138e-12,1028,4.784846552124138e-12,5791.729732990265,3.2944794835700088e-12,1,3.2944794835700088e-12,877.8111190795898,3.2944794835700088e-12,1,3.2944794835700088e-12,857.3809769153595,3.2944794835700088e-12,100,3.2944794835700088e-12,866.3178288936615,1.4918152414787285e-13,20,1.4918152414787285e-13,1690.6382989883423,ok
sirt_treatment,odepe_v2_polish,1em2,sirt_treatment_8_1em2,,1,1.4851045940226282,929,1.4851045940226282,10544.336529016495,1.4867952454408668,212,3.4106718466335693,2860.042392015457,1.4851045940222076,20,3.4106718466335693,6592.834339857101,1.4851045940222076,100,3.4106718466335693,6945.6529450416565,0.6519677488661383,20,1.8114484336215424,7534.804364204407,ok
sirt_treatment,odepe_v2_polish,1em4,sirt_treatment_8_1em4,,1,0.001484875583993002,1076,0.001484875583993002,15374.667483091354,0.017442242005870946,118,0.017442242005870946,1812.575315952301,0.016240460166612083,20,0.017704823496680518,3143.1117238998413,0.00348320215481655,100,0.017442242005870946,2135.0639259815216,0.018232013992537495,20,0.09351159186029383,3000.734354019165,ok
sirt_treatment,odepe_v2_polish,1em6,sirt_treatment_8_1em6,,1,1.9841958574036477e-05,1381,1.9841958574036477e-05,14005.03012394905,0.000581031624904618,16,0.000581031624904618,1171.0362091064453,0.000581031624904618,20,0.000581031624904618,1229.224240064621,0.00019330806213251498,100,0.000581031624904618,1243.6456699371338,0.0005810315649613154,20,0.0005810315649613154,1161.8106389045715,ok
sirt_treatment,odepe_v2_polish,1em8,sirt_treatment_8_1em8,,1,1.2317189541177898e-06,1217,1.2317189541177898e-06,5522.26726102829,1.2316742176503434e-06,1,1.2316742176503434e-06,1468.4652330875397,1.2316665390166784e-06,7,1.2316665390166784e-06,1122.3922078609467,1.2315497299067186e-06,100,1.2315497299067186e-06,1466.0300159454346,1.2316770243370866e-06,20,1.2316770243370866e-06,1489.3968169689178,ok
sirt_treatment,odepe_v2_polish,0,sirt_treatment_9_0,,1,9.15498043866294e-13,1259,9.15498043866294e-13,10070.025375843048,7.69163673997507e-13,1,7.69163673997507e-13,965.5462670326233,7.69163673997507e-13,1,7.69163673997507e-13,933.0461251735687,4.3987501250528124e-13,100,4.3987501250528124e-13,1363.5309689044952,3.435297421745903e-13,20,3.435297421745903e-13,1128.194531917572,ok
sirt_treatment,odepe_v2_polish,1em2,sirt_treatment_9_1em2,,1,0.3845728873594256,872,0.3845728873594256,13044.313922166824,0.39517531970200287,154,7.849233369326953,2153.969927072525,0.39481296861864346,20,7.850582350378508,1591.0031139850616,0.39517531970200287,100,7.849233369326953,2180.871943950653,0.3845721192018849,20,0.3845721192018849,2073.984288930893,ok
sirt_treatment,odepe_v2_polish,1em4,sirt_treatment_9_1em4,,1,0.015323193072495932,975,0.015323193072495932,11199.98061800003,0.03714180595927226,63,0.08170685944552934,1637.9909811019897,0.032230334121227944,20,0.08170004381680057,1322.8143229484558,0.029208215591207218,100,0.08170004381680057,1135.210953950882,0.037138375051478205,20,7.53612142780952,1608.85009598732,ok
sirt_treatment,odepe_v2_polish,1em6,sirt_treatment_9_1em6,,1,5.7070185481559684e-05,1321,5.7070185481559684e-05,14158.36614704132,0.0011813189056742127,4,0.0011813189056742127,1175.74533700943,0.0008388542451520246,20,0.0011813189056742127,1311.0240960121155,5.707018649369363e-05,100,0.0011813189056742127,1294.8001008033752,0.001180267076409382,20,0.001180267076409382,1270.9987180233002,ok
sirt_treatment,odepe_v2_polish,1em8,sirt_treatment_9_1em8,,1,1.831774890293133e-07,1401,1.831774890293133e-07,5589.701959848404,1.829002024005185e-07,1,1.829002024005185e-07,1055.5091650485992,1.829014325101917e-07,1,1.829014325101917e-07,1173.8401548862457,1.829014325101917e-07,100,1.829014325101917e-07,1100.531229019165,1.828944469694827e-07,20,1.828944469694827e-07,1506.2657179832458,ok
slow_fast,odepe_v2_polish,0,slow_fast_0_0,,2,8.502898561613302e-14,646,8.502898561613302e-14,572.1202540397644,4.4626611774148447e-14,1,4.4626611774148447e-14,475.7516260147095,5.6599605176968766e-14,1,5.6599605176968766e-14,479.6078691482544,5.6599605176968766e-14,100,5.6599605176968766e-14,471.9769608974457,1.6058583034756727e-13,20,1.6058583034756727e-13,453.4401650428772,ok
slow_fast,odepe_v2_polish,1em2,slow_fast_0_1em2,,2,0.05872116622457875,728,0.05872116622457875,3476.5152909755707,0.0882301402084614,357,0.42203740005843754,1835.0999100208282,0.0882301402084614,20,0.42203740005843754,1854.0126049518585,0.0882301402084614,100,0.42203740005843754,1982.431627035141,0.05872116827265959,20,0.05872116827265959,1494.2296550273895,ok
slow_fast,odepe_v2_polish,1em4,slow_fast_0_1em4,,2,0.0013537533901881098,637,0.0013537533901881098,2600.7201828956604,0.0055550440153346965,104,0.0055550440153346965,997.4534721374512,0.0055550440153346965,20,0.0055550440153346965,1087.2223558425903,0.001353753389385853,100,0.005555044016520342,1027.3094758987427,0.0055550440164749675,20,0.0055550440164749675,1094.7564890384674,ok
slow_fast,odepe_v2_polish,1em6,slow_fast_0_1em6,,2,1.1178676944619294e-05,752,1.1178676944619294e-05,2489.33008480072,1.1178684808256572e-05,2,1.1178684808256572e-05,835.6864659786224,1.1178726119655318e-05,11,1.1178726119655318e-05,990.5737481117249,1.1178701382317536e-05,100,1.1178701382317536e-05,912.2207341194153,1.1178683446181868e-05,20,1.1178683446181868e-05,1067.6277289390564,ok
slow_fast,odepe_v2_polish,1em8,slow_fast_0_1em8,,2,4.9021358621422745e-08,861,4.9021358621422745e-08,1319.8251991271973,4.9021520749229513e-08,1,4.9021520749229513e-08,836.7765929698944,4.9021355096905205e-08,1,4.9021355096905205e-08,927.1056530475616,4.9021355096905205e-08,100,4.9021355096905205e-08,901.0425038337708,4.90213412191174e-08,20,4.90213412191174e-08,746.6260030269623,ok
slow_fast,odepe_v2_polish,0,slow_fast_1_0,,2,1.2740264217009994e-14,407,1.2740264217009994e-14,435.8114788532257,1.2583285961478978e-11,1,1.2583285961478978e-11,470.7408878803253,1.2583285961478978e-11,1,1.2583285961478978e-11,497.0136868953705,4.723301288644348e-12,100,4.723301288644348e-12,402.8247389793396,1.2268116091920087e-11,20,1.2268116091920087e-11,541.912467956543,ok
slow_fast,odepe_v2_polish,1em2,slow_fast_1_1em2,,2,0.05951179687793468,535,0.05951179687793468,1412.1059429645538,0.05951179687793468,215,0.2697728110198302,1049.8224189281464,0.05951179687793468,20,0.2697728110198302,1234.2132279872894,0.05951179687793468,100,0.2697728110198302,1357.7446308135986,0.0595117968779494,20,0.16003132086770633,1216.2895600795746,ok
slow_fast,odepe_v2_polish,1em4,slow_fast_1_1em4,,2,0.0004005523061000406,556,0.0004005523061000406,1198.2309031486511,0.003576325093378269,51,0.003576325093378269,742.1382410526276,0.0019426764277250034,20,0.003576325093378269,912.3390009403229,0.0019426764277250034,100,0.003576325093378269,868.6235620975494,0.003552020562954059,20,0.003552020562954059,864.3510859012604,ok
slow_fast,odepe_v2_polish,1em6,slow_fast_1_1em6,,2,2.9190244810813674e-06,737,2.9190244810813674e-06,1072.8413949012756,2.919032829329236e-06,2,2.919032829329236e-06,699.7405068874359,2.918975747459641e-06,6,2.918975747459641e-06,814.0570960044861,2.9190146843745116e-06,100,2.9190146843745116e-06,714.0034670829773,2.919033115649911e-06,20,2.919033115649911e-06,826.652526140213,ok
slow_fast,odepe_v2_polish,1em8,slow_fast_1_1em8,,2,4.034330140751771e-08,546,4.034330140751771e-08,733.7452690601349,4.0353872945091395e-08,1,4.0353872945091395e-08,728.6718418598175,4.033551392101506e-08,1,4.033551392101506e-08,725.5292689800262,4.033551392101506e-08,100,4.033551392101506e-08,765.8422391414642,4.0347655089474245e-08,20,4.0347655089474245e-08,758.6121118068695,ok
slow_fast,odepe_v2_polish,0,slow_fast_2_0,,2,2.6251578907392862e-14,535,2.6251578907392862e-14,450.45701789855957,9.802409275519649e-13,1,9.802409275519649e-13,438.294499874115,2.5073839718118856e-12,1,2.5073839718118856e-12,472.87618589401245,2.5073839718118856e-12,100,2.5073839718118856e-12,433.74830412864685,4.743857888671224e-13,20,4.743857888671224e-13,413.83373403549194,ok
slow_fast,odepe_v2_polish,1em2,slow_fast_2_1em2,,2,0.02022315383663041,708,0.02022315383663041,1302.8377170562744,0.07023739475617302,310,0.21667864311655227,2303.035283088684,0.07621315627873942,20,0.21667864311655227,2409.7066180706024,0.07023739475617302,100,0.21667864311655227,2247.9010989665985,0.02022298418704749,20,0.02022298418704749,2095.6738238334656,ok
slow_fast,odepe_v2_polish,1em4,slow_fast_2_1em4,,2,0.001270919225428568,590,0.001270919225428568,1068.3244769573212,0.010023472044438599,90,0.010023472044438599,749.250540971756,0.0012919810661793875,20,0.010023472044817404,831.1880838871002,0.0012919810661176155,100,0.010023472044438599,792.9839918613434,0.010023472045068768,20,0.010023472045068768,945.469743013382,ok
slow_fast,odepe_v2_polish,1em6,slow_fast_2_1em6,,2,1.8227084249199718e-06,839,1.8227084249199718e-06,1090.415631055832,1.8248165511913304e-06,2,1.8248165511913304e-06,721.7502830028534,1.8210373940397935e-06,5,1.8210373940397935e-06,851.6757249832153,1.8210373940397935e-06,100,1.8210373940397935e-06,818.1610100269318,1.8227130423140758e-06,20,1.8227130423140758e-06,836.8154499530792,ok
slow_fast,odepe_v2_polish,1em8,slow_fast_2_1em8,,2,1.1127682304552898e-08,747,1.1127682304552898e-08,728.2561650276184,1.1133389398192512e-08,1,1.1133389398192512e-08,697.9619200229645,1.114563957559081e-08,1,1.114563957559081e-08,726.9541130065918,1.114563957559081e-08,100,1.114563957559081e-08,732.9799017906189,1.1128541750087983e-08,20,1.1128541750087983e-08,786.6322770118713,ok
slow_fast,odepe_v2_polish,0,slow_fast_3_0,,2,1.009780652071614e-12,649,1.009780652071614e-12,830.9298729896545,2.6542231755182123e-12,1,2.6542231755182123e-12,403.47177600860596,3.0865271469886592e-12,1,3.0865271469886592e-12,426.18485283851624,3.0865271469886592e-12,100,3.0865271469886592e-12,435.6019549369812,4.1703673084230855e-12,20,4.1703673084230855e-12,481.5833840370178,ok
slow_fast,odepe_v2_polish,1em2,slow_fast_3_1em2,,2,0.13219750888846485,728,0.13219750888846485,10788.887339830399,0.1850825701856817,234,0.3518932282932058,2336.8272211551666,0.1850825701856817,20,0.3518932282932058,6819.322165966034,0.1850825701856817,100,0.3518932282932058,7104.849997997284,0.07938756325863099,20,0.1068463688562417,5370.851462125778,ok
slow_fast,odepe_v2_polish,1em4,slow_fast_3_1em4,,2,0.0021659120375554755,654,0.0021659120375554755,6516.226600885391,0.004838602361765854,88,0.004838602361765854,804.2869930267334,0.0035189477162541893,20,0.004838602361765854,906.4766728878021,0.0035189477162541893,100,0.004838602361765854,847.0910179615021,0.004838602363992595,20,1.2601233040143989,1322.5024619102478,ok
slow_fast,odepe_v2_polish,1em6,slow_fast_3_1em6,,2,0.00010614448473631705,840,0.00010614448473631705,4440.29682803154,0.0001061520602102738,3,0.0001061520602102738,829.2068800926208,0.00010613035212246022,20,0.00010613035212246022,859.6690039634705,3.660820038081658e-05,100,0.00010613035212246022,907.2041299343109,0.00010614447503920863,20,0.00010614447503920863,883.8783860206604,ok
slow_fast,odepe_v2_polish,1em8,slow_fast_3_1em8,,2,5.440846117029713e-07,653,5.440846117029713e-07,1104.9360358715057,5.440823212151076e-07,1,5.440823212151076e-07,704.7526299953461,5.472040453782864e-07,1,5.472040453782864e-07,627.6007881164551,5.441124638371877e-07,100,5.441124638371877e-07,737.6792769432068,5.440299656953756e-07,20,5.440299656953756e-07,724.1793749332428,ok
slow_fast,odepe_v2_polish,0,slow_fast_4_0,,2,1.423362852083534e-14,604,1.423362852083534e-14,2362.3607931137085,4.327882819707685e-13,1,4.327882819707685e-13,448.77170586586,4.327882819707685e-13,1,4.327882819707685e-13,423.34509205818176,4.327882819707685e-13,100,4.327882819707685e-13,426.9169089794159,2.242799532967598e-13,20,2.242799532967598e-13,557.722461938858,ok
slow_fast,odepe_v2_polish,1em2,slow_fast_4_1em2,,2,0.030672879087153705,577,0.030672879087153705,3196.4559650421143,0.030672879087144146,242,0.030672879087144146,2617.4792160987854,0.030672879087144146,20,0.030672879087144146,2682.908963918686,0.030672879087144146,100,0.030672879087144146,2618.706032037735,0.030672879087089044,20,0.03589134157324053,3221.782648086548,ok
slow_fast,odepe_v2_polish,1em4,slow_fast_4_1em4,,2,0.00026582331189269303,540,0.00026582331189269303,1231.9418561458588,0.003294503608147299,41,0.003294503608147299,810.5433030128479,0.0007803945435744934,20,0.003294503608147299,903.1266438961029,0.0007499161658610946,100,0.003294503608147299,863.4437210559845,0.0024225753795111852,20,0.0024225753795111852,1214.4687278270721,ok
slow_fast,odepe_v2_polish,1em6,slow_fast_4_1em6,,2,2.4405393673544477e-06,673,2.4405393673544477e-06,2297.6881020069122,2.4405393636250162e-06,2,2.4405393636250162e-06,843.0916650295258,2.4396351120734007e-06,12,2.4396351120734007e-06,1061.4778549671173,2.4396351120734007e-06,100,2.4396351120734007e-06,911.4902470111847,2.43991236488498e-06,20,2.43991236488498e-06,987.6200788021088,ok
slow_fast,odepe_v2_polish,1em8,slow_fast_4_1em8,,2,9.651530823474594e-08,729,9.651530823474594e-08,950.5332341194153,9.650648210513984e-08,1,9.650648210513984e-08,800.1733109951019,9.545935890734255e-08,1,9.545935890734255e-08,774.9900760650635,9.650648210513984e-08,100,9.650648210513984e-08,842.1397981643677,9.650700078297667e-08,20,9.650700078297667e-08,801.8418810367584,ok
slow_fast,odepe_v2_polish,0,slow_fast_5_0,,2,6.378912992363837e-14,552,6.378912992363837e-14,659.1791610717773,1.1881424569905872e-11,2,1.1881424569905872e-11,446.9890651702881,1.8706658492458387e-11,2,1.8706658492458387e-11,527.5419869422913,1.8706658492458387e-11,100,1.8706658492458387e-11,490.15362215042114,2.1973903378426006e-11,20,2.1973903378426006e-11,486.97470688819885,ok
slow_fast,odepe_v2_polish,1em2,slow_fast_5_1em2,,2,0.07839350310303209,662,0.07839350310303209,4325.659600973129,0.07839350310303629,243,0.387103883777763,2228.4248378276825,0.07839350310303629,20,0.387103883777763,4835.878499031067,0.07839350310303629,100,0.387103883777763,4944.2165768146515,0.05847508465842773,20,0.12536134502001506,2404.412253141403,ok
slow_fast,odepe_v2_polish,1em4,slow_fast_5_1em4,,2,0.0005916365484555246,559,0.0005916365484555246,1299.2377791404724,0.007009290140198389,30,0.007009290140198389,804.4419388771057,0.0015773587839334746,20,0.007009290140142038,873.4584400653839,0.0015773587839334746,100,0.007009290140142038,840.297739982605,0.007009290140110267,20,0.007009290140110267,941.5281989574432,ok
slow_fast,odepe_v2_polish,1em6,slow_fast_5_1em6,,2,4.203857236879473e-06,796,4.203857236879473e-06,1094.9500958919525,4.203906023268368e-06,2,4.203906023268368e-06,830.3357038497925,4.203712346780034e-06,7,4.203712346780034e-06,871.8787717819214,4.203712346780034e-06,100,4.203712346780034e-06,894.4523048400879,4.203380402684593e-06,20,4.203380402684593e-06,961.6047258377075,ok
slow_fast,odepe_v2_polish,1em8,slow_fast_5_1em8,,2,9.543589115860153e-08,690,9.543589115860153e-08,897.4705839157104,9.530588745099739e-08,2,9.530588745099739e-08,827.7475280761719,9.530588745099739e-08,2,9.530588745099739e-08,936.0775549411774,9.530588745099739e-08,100,9.530588745099739e-08,919.8320841789246,9.548393070365304e-08,20,9.548393070365304e-08,836.1492338180542,ok
slow_fast,odepe_v2_polish,0,slow_fast_6_0,,2,1.4037916128673854e-13,540,1.4037916128673854e-13,1444.9877870082855,3.4654437439321294e-13,1,3.4654437439321294e-13,418.8318347930908,5.382980386223415e-13,1,5.382980386223415e-13,444.37703704833984,5.382980386223415e-13,100,5.382980386223415e-13,419.40912985801697,5.331992157739239e-13,20,5.331992157739239e-13,445.1780149936676,ok
slow_fast,odepe_v2_polish,1em2,slow_fast_6_1em2,,2,0.026878393396008157,496,0.026878393396008157,1916.7053179740906,0.12574715764462643,168,0.12574715764462643,1653.4613091945648,0.12574715764462643,20,0.12574715764462643,1758.9179079532623,0.12574715764462643,100,0.12574715764462643,1845.486258983612,0.02687941639306795,20,0.02687941639306795,1957.5922899246216,ok
slow_fast,odepe_v2_polish,1em4,slow_fast_6_1em4,,2,0.00012422490095348034,638,0.00012422490095348034,2461.3410630226135,0.002855538055549826,99,0.002855538055549826,922.1092050075531,0.0019531646674764203,20,0.002855538055549826,1062.4499108791351,0.0019531646674764203,100,0.002855538055549826,958.8395569324493,0.0028555380555408856,20,28.325513196480944,2127.82249212265,ok
slow_fast,odepe_v2_polish,1em6,slow_fast_6_1em6,,2,3.2508887546388417e-06,690,3.2508887546388417e-06,2021.6808638572693,3.250525936156319e-06,2,3.250525936156319e-06,907.0093870162964,3.2508025512920306e-06,6,3.2508025512920306e-06,932.6473159790039,3.2508025512920306e-06,100,3.2508025512920306e-06,897.4973318576813,3.2508601214265875e-06,20,3.2508601214265875e-06,1390.1565670967102,ok
slow_fast,odepe_v2_polish,1em8,slow_fast_6_1em8,,2,2.8375501467734146e-08,616,2.8375501467734146e-08,1280.6253039836884,2.8359151031771727e-08,1,2.8359151031771727e-08,722.0797278881073,2.8359151031771727e-08,1,2.8359151031771727e-08,788.8943300247192,2.8359151031771727e-08,100,2.8359151031771727e-08,801.0785641670227,2.8375269148228632e-08,20,2.8375269148228632e-08,782.5971431732178,ok
slow_fast,odepe_v2_polish,0,slow_fast_7_0,,2,3.9650822308041306e-13,648,3.9650822308041306e-13,1231.8147761821747,9.576466603838136e-12,1,9.576466603838136e-12,447.5568640232086,9.576466603838136e-12,1,9.576466603838136e-12,444.6837420463562,9.576466603838136e-12,100,9.576466603838136e-12,460.315593957901,1.6985397215713808e-11,20,1.6985397215713808e-11,560.5535860061646,ok
slow_fast,odepe_v2_polish,1em2,slow_fast_7_1em2,,2,0.09593555157416762,684,0.09593555157416762,4305.079523086548,0.09593555157416762,280,2.1556010425796424,2031.1058721542358,0.2247942793237314,20,2.1556010425796424,2604.7407829761505,0.09593555157416762,100,2.1556010425796424,2524.0252680778503,0.011382782009026496,20,0.07352169881504748,2148.213641166687,ok
slow_fast,odepe_v2_polish,1em4,slow_fast_7_1em4,,2,0.0011011095827708904,696,0.0011011095827708904,3098.6656861305237,0.012547544141878118,61,0.012547544141878118,838.0330018997192,0.0052085395513791054,20,0.012547544141878118,944.3163709640503,0.0011011095827892386,100,0.012547544141922653,1537.8483459949493,0.012547544142061082,20,0.21915984130461297,1456.0500280857086,ok
slow_fast,odepe_v2_polish,1em6,slow_fast_7_1em6,,2,1.0335064417990988e-05,803,1.0335064417990988e-05,2361.5904309749603,4.037619185266144e-05,2,4.037619185266144e-05,750.6757249832153,4.035936839219545e-05,20,4.035936839219545e-05,881.3092908859253,1.033506458395347e-05,100,4.035936839219545e-05,965.2959489822388,4.035936342334472e-05,20,4.035936342334472e-05,1010.0205900669098,ok
slow_fast,odepe_v2_polish,1em8,slow_fast_7_1em8,,2,2.808537495267517e-07,628,2.808537495267517e-07,794.2046267986298,2.8086890527642285e-07,1,2.8086890527642285e-07,705.1153399944305,2.8086584689747595e-07,1,2.8086584689747595e-07,826.9176769256592,2.8086890527642285e-07,100,2.8086890527642285e-07,772.5826179981232,2.8124012490288966e-07,20,2.8124012490288966e-07,743.8761169910431,ok
slow_fast,odepe_v2_polish,0,slow_fast_8_0,,2,4.1524392341349677e-13,486,4.1524392341349677e-13,906.5859489440918,1.639053275962197e-12,1,1.639053275962197e-12,518.6399388313293,2.6822270347814696e-12,1,2.6822270347814696e-12,443.50588488578796,2.6822270347814696e-12,100,2.6822270347814696e-12,434.1900668144226,6.447242021755096e-13,20,6.447242021755096e-13,593.5996170043945,ok
slow_fast,odepe_v2_polish,1em2,slow_fast_8_1em2,,2,0.13090260540982257,690,0.13090260540982257,1966.402065038681,0.13090260540918938,310,1.754769040523903,2281.588849067688,0.13090260540918938,20,1.754769040523903,6865.63862490654,0.13090260540918938,100,1.754769040523903,6823.353977918625,0.13090260540957324,20,0.8418549165834351,3578.397796869278,ok
slow_fast,odepe_v2_polish,1em4,slow_fast_8_1em4,,2,0.0028907597950323214,681,0.0028907597950323214,2353.9977571964264,0.00891455777151281,36,0.00891455777151281,1062.8214161396027,0.008914557773047123,20,0.008914557773047123,941.9049170017242,0.0039844718050648514,100,0.008914557773047123,1070.3036229610443,0.008914557774065426,20,0.008914557774065426,1342.2266781330109,ok
slow_fast,odepe_v2_polish,1em6,slow_fast_8_1em6,,2,1.5743300054120684e-05,838,1.5743300054120684e-05,1737.8240070343018,0.00011032896059309627,2,0.00011032896059309627,841.9753801822662,0.00011032898374650258,20,0.00011032898374650258,816.9275419712067,1.5743299474879324e-05,100,0.00011032898374650258,836.9798929691315,0.0001103146900755598,20,0.0001103146900755598,993.3730418682098,ok
slow_fast,odepe_v2_polish,1em8,slow_fast_8_1em8,,2,1.4884623369619817e-06,643,1.4884623369619817e-06,869.3841781616211,1.4891918522041406e-06,1,1.4891918522041406e-06,675.1513509750366,1.4883074370046095e-06,1,1.4883074370046095e-06,665.2118718624115,1.4883074370046095e-06,100,1.4883074370046095e-06,768.7430090904236,1.4976807712919522e-06,20,1.4976807712919522e-06,731.856330871582,ok
slow_fast,odepe_v2_polish,0,slow_fast_9_0,,2,1.0066022089934752e-13,673,1.0066022089934752e-13,7790.7149930000305,2.41007214185629e-12,1,2.41007214185629e-12,479.6359438896179,2.41007214185629e-12,1,2.41007214185629e-12,486.11103892326355,2.41007214185629e-12,100,2.41007214185629e-12,480.19640588760376,1.7819819693916845e-12,20,1.7819819693916845e-12,515.4763870239258,ok
slow_fast,odepe_v2_polish,1em2,slow_fast_9_1em2,,2,0.13063701880681142,667,0.13063701880681142,10769.692476034164,0.13068040894181804,170,0.5409142472732803,2503.7022590637207,0.13063701880681297,20,0.5409142472732803,4886.003103017807,0.13063669441816192,100,0.5409487712305475,1355.1589570045471,0.1306814545261589,20,0.22487434233177397,3898.8246660232544,ok
slow_fast,odepe_v2_polish,1em4,slow_fast_9_1em4,,2,0.005216113635562625,690,0.005216113635562625,11566.748986005783,0.005216113634932906,136,0.005216113634932906,1952.506530046463,0.005216113636875501,20,0.005216113636875501,1172.1545929908752,0.005216113636875501,100,0.005216113636875501,1102.509358882904,0.0052161136424720604,20,6.3773396497657275,1580.607340812683,ok
slow_fast,odepe_v2_polish,1em6,slow_fast_9_1em6,,2,8.416195773260544e-05,636,8.416195773260544e-05,7205.97550201416,8.417768334985827e-05,2,8.417768334985827e-05,872.1087927818298,8.416358588192452e-05,14,8.416358588192452e-05,1040.216740846634,8.416358588192452e-05,100,8.416358588192452e-05,923.6554129123688,8.416122384409992e-05,20,8.416122384409992e-05,1029.3149600028992,ok
slow_fast,odepe_v2_polish,1em8,slow_fast_9_1em8,,2,4.6366859685065265e-08,805,4.6366859685065265e-08,10635.23940706253,4.806199912129235e-08,1,4.806199912129235e-08,751.5371329784393,4.4801207928676e-08,1,4.4801207928676e-08,873.3447368144989,4.4801207928676e-08,100,4.4801207928676e-08,782.702525138855,4.636375254089368e-08,20,4.636375254089368e-08,840.1484978199005,ok
vanderpol,odepe_v2_polish,0,vanderpol_0_0,,1,9.330143495407565e-14,104,9.330143495407565e-14,408.8186638355255,4.889251396906939e-14,1,4.889251396906939e-14,367.0071940422058,4.889251396906939e-14,1,4.889251396906939e-14,377.0549659729004,4.889251396906939e-14,93,4.889251396906939e-14,362.3469738960266,1.0397665634470216e-13,20,1.0397665634470216e-13,386.4462540149689,ok
vanderpol,odepe_v2_polish,1em2,vanderpol_0_1em2,,1,0.00019784299549421264,199,0.00019784299549421264,436.74907898902893,0.009797625291627728,16,0.009797625291627728,377.8617548942566,0.0016681197085806237,20,0.009797625291627728,397.6176669597626,0.00012975813098365448,100,0.009797625291627728,417.27054595947266,0.009746548735108333,20,0.01478448591989551,428.26718497276306,ok
vanderpol,odepe_v2_polish,1em4,vanderpol_0_1em4,,1,3.4540110216418896e-06,200,3.4540110216418896e-06,631.2554090023041,3.454009963940954e-06,1,3.454009963940954e-06,431.7976198196411,3.4540104471014743e-06,8,3.4540104471014743e-06,462.5310938358307,3.4540104191323943e-06,100,3.4540104191323943e-06,393.4670510292053,3.4540103275389948e-06,20,3.4540103275389948e-06,439.5162830352783,ok
vanderpol,odepe_v2_polish,1em6,vanderpol_0_1em6,,1,5.731448627665204e-08,122,5.731448627665204e-08,497.3450720310211,5.731413719691257e-08,1,5.731413719691257e-08,391.93602991104126,5.731413719691257e-08,1,5.731413719691257e-08,467.1013810634613,5.731413719691257e-08,100,5.731413719691257e-08,381.436105966568,5.731403834436249e-08,20,5.731403834436249e-08,413.68193006515503,ok
vanderpol,odepe_v2_polish,1em8,vanderpol_0_1em8,,1,1.0420318454261125e-10,106,1.0420318454261125e-10,439.68659687042236,1.0406824974423373e-10,1,1.0406824974423373e-10,394.35524892807007,1.040932297622878e-10,1,1.040932297622878e-10,408.62556290626526,1.0406824974423373e-10,95,1.0406824974423373e-10,416.9474711418152,1.0254510915621914e-10,20,1.0254510915621914e-10,419.61309695243835,ok
vanderpol,odepe_v2_polish,0,vanderpol_1_0,,1,3.970870672016983e-14,84,3.970870672016983e-14,422.88746094703674,4.193725658711814e-14,1,4.193725658711814e-14,348.77885603904724,4.193725658711814e-14,1,4.193725658711814e-14,367.24491786956787,4.213985202956798e-14,82,4.213985202956798e-14,367.5556650161743,5.67267238859569e-14,15,5.67267238859569e-14,469.8644759654999,ok
vanderpol,odepe_v2_polish,1em2,vanderpol_1_1em2,,1,0.00026122745652043083,177,0.00026122745652043083,428.4135570526123,0.001627689793327273,10,0.001627689793327273,398.0101969242096,0.0011002989082927505,20,0.001627689793327273,425.6486830711365,0.0006478026443970238,100,0.001627689793327273,390.3976078033447,0.0010910714998294646,20,0.0010910714998294646,458.57499384880066,ok
vanderpol,odepe_v2_polish,1em4,vanderpol_1_1em4,,1,9.682351648160398e-07,197,9.682351648160398e-07,577.9771041870117,9.68240819768872e-07,1,9.68240819768872e-07,409.43118596076965,9.68235618258777e-07,16,9.68235618258777e-07,391.0363211631775,9.68235618258777e-07,100,9.68235618258777e-07,397.63699102401733,9.682316370451005e-07,20,9.682316370451005e-07,385.94999599456787,ok
vanderpol,odepe_v2_polish,1em6,vanderpol_1_1em6,,1,2.7569943614744253e-08,98,2.7569943614744253e-08,491.68066215515137,2.7569991873522856e-08,1,2.7569991873522856e-08,448.1952180862427,2.7569991873522856e-08,1,2.7569991873522856e-08,448.20029306411743,2.7569991873522856e-08,93,2.7569991873522856e-08,420.5519380569458,2.7583749692175995e-08,16,2.7583749692175995e-08,403.7584660053253,ok
vanderpol,odepe_v2_polish,1em8,vanderpol_1_1em8,,1,1.0252726628618053e-10,81,1.0252726628618053e-10,425.8242509365082,1.0213184253003505e-10,1,1.0213184253003505e-10,386.06861901283264,1.0213116473820072e-10,1,1.0213116473820072e-10,413.363557100296,1.0213184253003505e-10,85,1.0213184253003505e-10,390.38908219337463,1.0212181121088702e-10,15,1.0212181121088702e-10,389.95914101600647,ok
vanderpol,odepe_v2_polish,0,vanderpol_2_0,,1,8.185679194623797e-14,95,8.185679194623797e-14,615.2357649803162,1.793437193625253e-13,1,1.793437193625253e-13,379.135782957077,1.467686137136664e-13,1,1.467686137136664e-13,490.72779607772827,1.793437193625253e-13,94,1.793437193625253e-13,400.55179595947266,3.5458527499966376e-13,20,3.5458527499966376e-13,440.5012011528015,ok
vanderpol,odepe_v2_polish,1em2,vanderpol_2_1em2,,1,0.0003540160996368863,187,0.0003540160996368863,437.78152990341187,0.0008805995112811994,8,0.0008805995112811994,394.42194509506226,0.0008805995112811994,20,0.0008805995112811994,389.8955388069153,0.0003540158816053589,100,0.0008805995112811994,396.4494240283966,0.0008806172701856899,20,0.0008806172701856899,389.44572496414185,ok
vanderpol,odepe_v2_polish,1em4,vanderpol_2_1em4,,1,1.4637623195457078e-06,221,1.4637623195457078e-06,685.4382610321045,1.4637629908358558e-06,1,1.4637629908358558e-06,473.47832107543945,1.4637623129391556e-06,5,1.4637623129391556e-06,498.82096004486084,1.463762087510707e-06,100,1.463762087510707e-06,407.86391401290894,1.4637607217269105e-06,20,1.4637607217269105e-06,452.6075258255005,ok
vanderpol,odepe_v2_polish,1em6,vanderpol_2_1em6,,1,6.014765528084321e-09,140,6.014765528084321e-09,605.8424999713898,6.0124980304932434e-09,1,6.0124980304932434e-09,397.7910101413727,6.0124980304932434e-09,1,6.0124980304932434e-09,457.36363983154297,6.0124980304932434e-09,100,6.0124980304932434e-09,429.09180092811584,6.012412789857536e-09,20,6.012412789857536e-09,508.5038900375366,ok
vanderpol,odepe_v2_polish,1em8,vanderpol_2_1em8,,1,1.9328291415477148e-10,100,1.9328291415477148e-10,483.4535150527954,1.9328578429655077e-10,1,1.9328578429655077e-10,439.1386878490448,1.9328578429655077e-10,1,1.9328578429655077e-10,487.17133498191833,1.9327886986408247e-10,100,1.9327886986408247e-10,384.263787984848,1.93276782488243e-10,20,1.93276782488243e-10,408.34236311912537,ok
vanderpol,odepe_v2_polish,0,vanderpol_3_0,,1,3.6035600274072834e-14,100,3.6035600274072834e-14,468.29488611221313,7.043851962957926e-14,1,7.043851962957926e-14,352.4713010787964,4.781422690087334e-14,1,4.781422690087334e-14,386.7147490978241,7.043851962957926e-14,100,7.043851962957926e-14,367.0237247943878,2.1140610419766496e-14,20,2.1140610419766496e-14,490.5629081726074,ok
vanderpol,odepe_v2_polish,1em2,vanderpol_3_1em2,,1,0.00023485451104340881,189,0.00023485451104340881,486.5734169483185,0.009043617650544167,29,0.009043617650544167,368.49400782585144,0.002242629148213571,20,0.009043618124053006,351.65369486808777,0.00023485451568793273,100,0.009043617650544167,393.46534991264343,0.009043650557524296,20,0.009043650557524296,373.27516889572144,ok
vanderpol,odepe_v2_polish,1em4,vanderpol_3_1em4,,1,4.0652410367730495e-06,217,4.0652410367730495e-06,486.9056890010834,5.8780531802265734e-05,1,5.8780531802265734e-05,449.6955461502075,6.253214157288956e-05,20,6.253214157288956e-05,394.22167706489563,4.065241045402934e-06,100,6.253214157288956e-05,397.4059488773346,2.162847523989595e-05,20,2.162847523989595e-05,382.9452610015869,ok
vanderpol,odepe_v2_polish,1em6,vanderpol_3_1em6,,1,1.978287912955225e-08,127,1.978287912955225e-08,531.8589599132538,1.9783172506668465e-08,1,1.9783172506668465e-08,430.28070402145386,1.9783172506668465e-08,1,1.9783172506668465e-08,421.3739049434662,1.9783175507271232e-08,100,1.9783175507271232e-08,444.9747769832611,1.978318150847677e-08,20,1.978318150847677e-08,467.8981349468231,ok
vanderpol,odepe_v2_polish,1em8,vanderpol_3_1em8,,1,4.2330035190947405e-10,96,4.2330035190947405e-10,509.41389894485474,4.233026705570685e-10,1,4.233026705570685e-10,398.4391839504242,4.233026705570685e-10,1,4.233026705570685e-10,409.09176301956177,4.233026705570685e-10,95,4.233026705570685e-10,458.618283033371,4.2330853537157206e-10,20,4.2330853537157206e-10,394.139191865921,ok
vanderpol,odepe_v2_polish,0,vanderpol_4_0,,1,8.087792730619736e-14,80,8.087792730619736e-14,433.91015100479126,8.303922212872585e-14,1,8.303922212872585e-14,355.4717290401459,7.905788956091023e-14,1,7.905788956091023e-14,369.5171117782593,7.905788956091023e-14,81,7.905788956091023e-14,377.1256239414215,1.275163945291804e-13,20,1.275163945291804e-13,392.0499839782715,ok
vanderpol,odepe_v2_polish,1em2,vanderpol_4_1em2,,1,9.285941884964418e-06,178,9.285941884964418e-06,402.7253110408783,0.00028076256386182604,7,0.00028076256386182604,397.5387279987335,0.00028075888899540397,20,0.00028075888899540397,409.89150500297546,9.28594186187269e-06,100,0.00028075888899540397,376.9558148384094,0.0002807584938200498,20,0.0002807584938200498,394.31778502464294,ok
vanderpol,odepe_v2_polish,1em4,vanderpol_4_1em4,,1,1.2360061352144643e-06,171,1.2360061352144643e-06,544.0622839927673,1.2360061387407874e-06,1,1.2360061387407874e-06,376.4857831001282,1.2360058096552127e-06,1,1.2360058096552127e-06,376.18560695648193,1.2360058096552127e-06,100,1.2360058096552127e-06,388.15307092666626,1.236006137375759e-06,20,1.236006137375759e-06,386.1099829673767,ok
vanderpol,odepe_v2_polish,1em6,vanderpol_4_1em6,,1,8.541447035087798e-09,100,8.541447035087798e-09,503.4227168560028,8.541427924691471e-09,1,8.541427924691471e-09,379.602117061615,8.541427924691471e-09,1,8.541427924691471e-09,423.3245298862457,8.541427924691471e-09,98,8.541427924691471e-09,455.62063217163086,8.541416435703204e-09,20,8.541416435703204e-09,386.4732701778412,ok
vanderpol,odepe_v2_polish,1em8,vanderpol_4_1em8,,1,8.604091938014067e-11,86,8.604091938014067e-11,467.6776559352875,8.603068166782343e-11,1,8.603068166782343e-11,446.70381116867065,8.605343213963952e-11,1,8.605343213963952e-11,382.8741419315338,8.605343213963952e-11,81,8.605343213963952e-11,418.4155399799347,8.603875808531814e-11,20,8.603875808531814e-11,418.2202310562134,ok
vanderpol,odepe_v2_polish,0,vanderpol_5_0,,1,3.448185717150556e-14,113,3.448185717150556e-14,452.7470510005951,1.216520973791395e-13,1,1.216520973791395e-13,348.24895691871643,1.216520973791395e-13,1,1.216520973791395e-13,356.1387481689453,1.216520973791395e-13,100,1.216520973791395e-13,374.54635214805603,2.8606025007751246e-14,20,2.8606025007751246e-14,458.42985105514526,ok
vanderpol,odepe_v2_polish,1em2,vanderpol_5_1em2,,1,0.006649183560084412,220,0.006649183560084412,712.7982828617096,0.021929201506286564,40,0.021929201506286564,643.721510887146,0.018532231243180493,20,0.02192920150628755,719.6002478599548,0.018532231243180493,100,0.02192920150628755,770.5922441482544,0.021929201506270028,20,1.6665602601226372,745.3477308750153,ok
vanderpol,odepe_v2_polish,1em4,vanderpol_5_1em4,,1,1.5206832677175632e-05,167,1.5206832677175632e-05,580.9873158931732,0.003801892459203157,12,0.003801892459203157,455.87377405166626,0.0005465067154101829,20,0.003801892459203157,542.7248301506042,1.5206852965275256e-05,100,0.003801892459203157,483.14033484458923,0.003802154201996672,20,0.003802154201996672,476.4853811264038,ok
vanderpol,odepe_v2_polish,1em6,vanderpol_5_1em6,,1,5.081227903853127e-07,126,5.081227903853127e-07,510.0057580471039,5.081227911655899e-07,1,5.081227911655899e-07,488.4724819660187,5.081227913885263e-07,1,5.081227913885263e-07,480.66476798057556,5.081227911655899e-07,100,5.081227911655899e-07,463.6249899864197,5.081227772320681e-07,20,5.081227772320681e-07,414.2281701564789,ok
vanderpol,odepe_v2_polish,1em8,vanderpol_5_1em8,,1,3.4184835813141855e-09,111,3.4184835813141855e-09,488.9782569408417,3.4184798412011594e-09,1,3.4184798412011594e-09,388.2462811470032,3.4184798412011594e-09,1,3.4184798412011594e-09,395.288076877594,3.4184798412011594e-09,100,3.4184798412011594e-09,436.8521201610565,3.418407794813391e-09,20,3.418407794813391e-09,401.88524198532104,ok
vanderpol,odepe_v2_polish,0,vanderpol_6_0,,1,3.643683494915161e-14,92,3.643683494915161e-14,447.7876617908478,1.6698476386638533e-14,1,1.6698476386638533e-14,333.5697741508484,1.6698476386638533e-14,1,1.6698476386638533e-14,343.6045320034027,1.6698476386638533e-14,92,1.6698476386638533e-14,340.08241510391235,4.572945057376746e-14,20,4.572945057376746e-14,490.50666904449463,ok
vanderpol,odepe_v2_polish,1em2,vanderpol_6_1em2,,1,0.00028239908515296174,186,0.00028239908515296174,527.8258619308472,0.0162535835431988,25,0.0162535835431988,324.0322849750519,0.0009081049952204437,20,0.004788005291738354,381.2420961856842,0.00028239891993881496,100,0.004788005291738354,391.89185905456543,0.0020076934133903663,20,0.0020076934133903663,384.53261494636536,ok
vanderpol,odepe_v2_polish,1em4,vanderpol_6_1em4,,1,2.0499282525981866e-06,204,2.0499282525981866e-06,581.7827820777893,2.0499162934909625e-06,1,2.0499162934909625e-06,378.76505184173584,2.0499254854773417e-06,14,2.0499254854773417e-06,477.2729318141937,2.0499254854773417e-06,100,2.0499254854773417e-06,455.1553590297699,2.049928330484978e-06,20,2.049928330484978e-06,417.18522691726685,ok
vanderpol,odepe_v2_polish,1em6,vanderpol_6_1em6,,1,1.6256104318750998e-07,114,1.6256104318750998e-07,460.9518508911133,1.625608040249289e-07,1,1.625608040249289e-07,357.22829699516296,1.625086113156457e-07,1,1.625086113156457e-07,381.7540588378906,1.625608040249289e-07,100,1.625608040249289e-07,409.33617186546326,1.62560760496361e-07,20,1.62560760496361e-07,512.7872869968414,ok
vanderpol,odepe_v2_polish,1em8,vanderpol_6_1em8,,1,1.7613847238313793e-10,106,1.7613847238313793e-10,471.46488976478577,1.7614642001492214e-10,1,1.7614642001492214e-10,349.1277379989624,1.7614642001492214e-10,1,1.7614642001492214e-10,368.46123790740967,1.7614642001492214e-10,100,1.7614642001492214e-10,385.05793595314026,1.7665201166765618e-10,20,1.7665201166765618e-10,374.01525115966797,ok
vanderpol,odepe_v2_polish,0,vanderpol_7_0,,1,1.5888008380325103e-14,113,1.5888008380325103e-14,469.5981431007385,1.4754703095380705e-13,1,1.4754703095380705e-13,371.19794607162476,1.285606082138406e-13,1,1.285606082138406e-13,384.68411588668823,1.4754703095380705e-13,100,1.4754703095380705e-13,358.28114199638367,3.562528693945738e-12,20,3.562528693945738e-12,389.346647977829,ok
vanderpol,odepe_v2_polish,1em2,vanderpol_7_1em2,,1,1.1858730378519386e-05,212,1.1858730378519386e-05,747.1927030086517,0.0017352627208870458,8,0.0017352627208870458,346.71397495269775,0.0005146816879407619,20,0.0015116723729454993,445.5009422302246,1.1858730337443072e-05,100,0.0015116723729454993,398.62829303741455,0.0003585792302970405,20,0.0003585792302970405,466.24154901504517,ok
vanderpol,odepe_v2_polish,1em4,vanderpol_7_1em4,,1,4.3060051080345834e-07,174,4.3060051080345834e-07,687.525022983551,4.3059984112980204e-07,1,4.3059984112980204e-07,360.51507687568665,4.3059984112980204e-07,1,4.3059984112980204e-07,442.1174690723419,4.3059984112980204e-07,100,4.3059984112980204e-07,391.3609130382538,4.3059981667271513e-07,20,4.3059981667271513e-07,454.99788308143616,ok
vanderpol,odepe_v2_polish,1em6,vanderpol_7_1em6,,1,4.940847409146052e-09,128,4.940847409146052e-09,586.5497040748596,4.940858511376298e-09,1,4.940858511376298e-09,401.865797996521,4.940858511376298e-09,1,4.940858511376298e-09,418.23421692848206,4.9432306879055804e-09,100,4.9432306879055804e-09,459.02923917770386,4.941236469910334e-09,20,4.941236469910334e-09,458.0539970397949,ok
vanderpol,odepe_v2_polish,1em8,vanderpol_7_1em8,,1,6.1018822844724365e-12,124,6.1018822844724365e-12,476.89331793785095,6.097859737281766e-12,1,6.097859737281766e-12,397.6000018119812,6.042992193601016e-12,1,6.042992193601016e-12,414.61510014533997,6.042992193601016e-12,100,6.042992193601016e-12,414.05529403686523,6.020626831220886e-12,20,6.020626831220886e-12,400.4039170742035,ok
vanderpol,odepe_v2_polish,0,vanderpol_8_0,,1,5.685473323558126e-14,123,5.685473323558126e-14,520.8401510715485,5.402613954226876e-14,1,5.402613954226876e-14,361.12295389175415,1.6929133254475315e-13,1,1.6929133254475315e-13,409.6347050666809,5.402613954226876e-14,100,5.402613954226876e-14,370.44149804115295,1.449778248390383e-12,20,1.449778248390383e-12,425.4672758579254,ok
vanderpol,odepe_v2_polish,1em2,vanderpol_8_1em2,,1,0.0005003263080247519,194,0.0005003263080247519,594.3541650772095,0.028210840501070453,22,0.028210840501070453,398.5408501625061,0.0024265817569422846,20,0.029949058626002216,423.3970079421997,0.0005003263066339092,100,0.029949058626002216,443.5597381591797,0.029901287988168955,20,0.03840878327129835,399.553838968277,ok
vanderpol,odepe_v2_polish,1em4,vanderpol_8_1em4,,1,1.2121069648706574e-05,210,1.2121069648706574e-05,619.9942908287048,1.2120337689300069e-05,2,1.2120337689300069e-05,379.82383704185486,1.2120108832143177e-05,20,1.2120108832143177e-05,406.34967017173767,1.2120108832143177e-05,100,1.2120108832143177e-05,383.77714014053345,1.212007255957093e-05,20,1.212007255957093e-05,393.953243970871,ok
vanderpol,odepe_v2_polish,1em6,vanderpol_8_1em6,,1,3.563881730421996e-08,167,3.563881730421996e-08,678.4581999778748,3.563870868622213e-08,1,3.563870868622213e-08,344.2395589351654,3.5638813909907524e-08,1,3.5638813909907524e-08,466.433336019516,3.563870868622213e-08,100,3.563870868622213e-08,377.86420011520386,3.563881334418879e-08,20,3.563881334418879e-08,433.534805059433,ok
vanderpol,odepe_v2_polish,1em8,vanderpol_8_1em8,,1,2.8463501397116684e-09,131,2.8463501397116684e-09,548.5526030063629,2.846349959480658e-09,1,2.846349959480658e-09,360.9320340156555,2.846349959480658e-09,1,2.846349959480658e-09,414.54939794540405,2.846349959480658e-09,100,2.846349959480658e-09,400.62809109687805,2.846092769828687e-09,20,2.846092769828687e-09,429.37556195259094,ok
vanderpol,odepe_v2_polish,0,vanderpol_9_0,,1,6.042986083402751e-14,126,6.042986083402751e-14,386.6109070777893,6.165953823471993e-14,1,6.165953823471993e-14,391.06325101852417,6.165953823471993e-14,1,6.165953823471993e-14,368.3918080329895,6.165953823471993e-14,100,6.165953823471993e-14,346.56173181533813,1.473856198829915e-13,20,1.473856198829915e-13,347.16875100135803,ok
vanderpol,odepe_v2_polish,1em2,vanderpol_9_1em2,,1,0.007194213741261864,212,0.007194213741261864,621.9107980728149,0.019167819039275006,53,0.032023109604617975,567.3112540245056,0.007194213741261864,20,0.032023109604617975,535.9812121391296,0.007194213741261864,100,0.032023109604617975,522.9010190963745,0.019167819039251292,20,10.317416650539988,508.71835494041443,ok
vanderpol,odepe_v2_polish,1em4,vanderpol_9_1em4,,1,9.2933448652997e-05,196,9.2933448652997e-05,495.77711296081543,0.007563077003395209,16,0.007563077003395209,440.4009459018707,0.0010023383517549648,20,0.007563077003239391,386.1090030670166,9.293325888689684e-05,100,0.007563077003239391,410.2511899471283,0.007563077004299022,20,0.007563077004299022,409.46530389785767,ok
vanderpol,odepe_v2_polish,1em6,vanderpol_9_1em6,,1,1.50808427402123e-06,177,1.50808427402123e-06,465.753564119339,1.508062116464147e-06,1,1.508062116464147e-06,378.9238440990448,1.5080622924836834e-06,1,1.5080622924836834e-06,379.8435571193695,1.5080622924836834e-06,100,1.5080622924836834e-06,368.5080201625824,1.5080626483874568e-06,20,1.5080626483874568e-06,368.71821904182434,ok
vanderpol,odepe_v2_polish,1em8,vanderpol_9_1em8,,1,5.969118834938557e-09,144,5.969118834938557e-09,396.27727699279785,5.969121118625158e-09,1,5.969121118625158e-09,380.2741720676422,5.969193493923599e-09,1,5.969193493923599e-09,416.53519892692566,5.969121118625158e-09,100,5.969121118625158e-09,455.78081607818604,5.969119713279557e-09,20,5.969119713279557e-09,401.50554490089417,ok
aircraft_pitch,odepe_v2_nopolish,0,aircraft_pitch_0_0,theta,1,1.587302390316106e-09,193,1.587302390316106e-09,301.1138319969177,2.612726451401053e-08,1,2.612726451401053e-08,348.78015398979187,1.5400895950156164e-08,1,1.5400895950156164e-08,325.32930517196655,3.611182846377287e-09,100,2.612726451401053e-08,376.7104790210724,6.140365538436148e-09,20,1.588997091920413e-08,363.38334918022156,ok
aircraft_pitch,odepe_v2_nopolish,1em2,aircraft_pitch_0_1em2,theta,1,0.057923808224586024,137,0.057923808224586024,312.3610420227051,0.05790628457066222,52,0.45145045581945153,451.6247470378876,0.05790628457066222,20,0.45145045581945153,455.75582790374756,0.05790814245178302,100,0.45145045583158044,407.278795003891,0.057907286580984235,20,0.45145045583372856,391.55928206443787,ok
aircraft_pitch,odepe_v2_nopolish,1em4,aircraft_pitch_0_1em4,theta,1,0.001361421986237207,197,0.001361421986237207,369.1088979244232,0.010181151446795838,14,0.010181151446795838,390.0769600868225,0.0009363150934711161,20,0.010181151446795838,454.71295499801636,0.0016196417982760926,100,0.010326782624446517,387.91103076934814,0.001394579779311158,20,0.001394579779311158,457.954607963562,ok
aircraft_pitch,odepe_v2_nopolish,1em6,aircraft_pitch_0_1em6,theta,1,0.000202403941196328,216,0.000202403941196328,335.12465500831604,0.0029979385712906167,4,0.0029979385712906167,369.2247459888458,0.0004763923264049071,20,0.0008629789605464326,393.27698802948,0.0006696728732924211,100,0.0029979385712906167,423.2424018383026,0.001126063991390029,20,0.0034349383888620804,383.9597849845886,ok
aircraft_pitch,odepe_v2_nopolish,1em8,aircraft_pitch_0_1em8,theta,1,7.5586379644706666e-06,206,7.5586379644706666e-06,310.46527314186096,7.558637949607026e-06,1,7.558637949607026e-06,450.6238820552826,7.558637949607026e-06,14,7.558637949607026e-06,432.41791009902954,7.558639533039864e-06,100,7.558639533039864e-06,391.1342821121216,5.2238251813813416e-05,20,5.5642195620281916e-05,464.98825883865356,ok
aircraft_pitch,odepe_v2_nopolish,0,aircraft_pitch_1_0,theta,1,4.010736187609609e-09,200,4.010736187609609e-09,302.06708097457886,9.721615844106634e-09,1,9.721615844106634e-09,362.2834939956665,1.4266499875043417e-08,1,1.4266499875043417e-08,326.1967599391937,3.4139103125036224e-09,100,9.721615844106634e-09,392.0282371044159,7.114912727836743e-09,20,7.114912727836743e-09,367.95556688308716,ok
aircraft_pitch,odepe_v2_nopolish,1em2,aircraft_pitch_1_1em2,theta,1,0.1490343796511648,135,0.1490343796511648,414.805771112442,0.14903437965219263,31,0.14903437965219263,477.59781885147095,0.1490343796511648,20,0.1490343796511648,396.6407198905945,0.14903437965219263,100,0.14903437965219263,455.47691202163696,0.14903437959288907,20,0.14903437959288907,485.93480801582336,ok
aircraft_pitch,odepe_v2_nopolish,1em4,aircraft_pitch_1_1em4,theta,1,0.0032313284892329626,215,0.0032313284892329626,463.39394998550415,0.022209620418512762,35,0.022209620418512762,463.17600297927856,0.0032313284892546553,20,0.022209620418512762,473.5326290130615,0.0032313284892546553,100,0.022209620418512762,384.4121570587158,0.004152074188227695,20,0.02220962071448102,372.3912389278412,ok
aircraft_pitch,odepe_v2_nopolish,1em6,aircraft_pitch_1_1em6,theta,1,0.0001745010741538367,215,0.0001745010741538367,407.59533500671387,0.0021039807218416998,1,0.0021039807218416998,485.0512890815735,0.00017450107374725055,20,0.0021039807218416998,483.7328779697418,0.00017450107412393337,100,0.0021039807255662634,388.96268486976624,0.00017450108373099718,20,0.00449813432740808,473.6929590702057,ok
aircraft_pitch,odepe_v2_nopolish,1em8,aircraft_pitch_1_1em8,theta,1,3.910971995913105e-05,204,3.910971995913105e-05,406.54746103286743,7.709534623862114e-05,1,7.709534623862114e-05,390.83977580070496,7.709534623862114e-05,11,7.709534623862114e-05,460.0920910835266,3.911176415023852e-05,100,7.718043221851044e-05,382.5226550102234,5.9758758860577403e-05,20,0.00010059970055469107,428.918044090271,ok
aircraft_pitch,odepe_v2_nopolish,0,aircraft_pitch_2_0,theta,1,8.396655435443283e-09,188,8.396655435443283e-09,318.27642488479614,8.10403302473841e-08,1,8.10403302473841e-08,405.97561287879944,8.10403302473841e-08,1,8.10403302473841e-08,470.68161487579346,2.417515539314447e-09,100,2.417515539314447e-09,347.20052695274353,2.9007810874683133e-09,20,2.9007810874683133e-09,380.9981589317322,ok
aircraft_pitch,odepe_v2_nopolish,1em2,aircraft_pitch_2_1em2,theta,1,0.027032808263180275,160,0.027032808263180275,446.72566413879395,0.05082299506040435,58,0.05082299506040435,390.8866009712219,0.027032808240017765,20,0.05082299506040435,470.5331840515137,0.027032808240017765,100,0.05082299506040435,380.076140165329,0.02703279716448488,20,0.05082298393411431,515.249538898468,ok
aircraft_pitch,odepe_v2_nopolish,1em4,aircraft_pitch_2_1em4,theta,1,0.002234614061701604,212,0.002234614061701604,504.3471269607544,0.012479133188254022,11,0.012479133188254022,612.2828600406647,0.004278765783309046,20,0.012479133188434565,437.5940189361572,0.004278765783309046,100,0.012479133188434565,444.49378991127014,0.0042787658455895805,20,0.012479133206737833,567.3661501407623,ok
aircraft_pitch,odepe_v2_nopolish,1em6,aircraft_pitch_2_1em6,theta,1,0.00019170914130988575,195,0.0011386862115963807,464.4084620475769,0.0007691048959886789,1,0.0007691048959886789,435.890732049942,0.0004756459475258834,20,0.0050299207155886615,398.1800708770752,0.00011784218896277162,100,0.0007691048959886789,397.44707703590393,0.003577808311939953,20,0.005177499264324858,381.48008584976196,ok
aircraft_pitch,odepe_v2_nopolish,1em8,aircraft_pitch_2_1em8,theta,1,8.815273319701339e-05,194,8.815273319701339e-05,494.31125807762146,0.00028480235069243274,1,0.00028480235069243274,445.3689589500427,0.00028480235069243274,20,0.00028480235069243274,499.453243970871,8.81518402248468e-05,100,0.00038796272477744086,394.2849841117859,9.244681636352074e-05,20,0.0009919628211049615,456.045774936676,ok
aircraft_pitch,odepe_v2_nopolish,0,aircraft_pitch_3_0,theta,1,2.0173736914573585e-08,203,2.0173736914573585e-08,360.47038197517395,7.091649489865404e-08,1,7.091649489865404e-08,417.72496509552,7.091649489865404e-08,1,7.091649489865404e-08,498.9912109375,1.8063929595443363e-08,100,1.8063929595443363e-08,388.31189584732056,1.4854908278487182e-06,20,1.6832169704707938e-06,513.7474141120911,ok
aircraft_pitch,odepe_v2_nopolish,1em2,aircraft_pitch_3_1em2,theta,1,0.001260965850378527,205,0.001260965850378527,517.2876560688019,0.019275856123914616,13,0.019275856123914616,721.8408229351044,0.001260965850378527,20,0.019275856145975927,493.79287981987,0.001260965850378527,100,0.019275856145975927,510.3073379993439,0.0012609660217485486,20,0.019275856011452607,648.0791230201721,ok
aircraft_pitch,odepe_v2_nopolish,1em4,aircraft_pitch_3_1em4,theta,1,0.004717169572001475,211,0.004717169572001475,511.8180911540985,0.00944150456995764,9,0.00944150456995764,464.653550863266,0.005669866625019522,20,0.010311836661360749,405.41870307922363,0.004717169542935,100,0.010311836661360749,368.39188599586487,0.0064741230031035105,20,0.011285351800602736,574.7440359592438,ok
aircraft_pitch,odepe_v2_nopolish,1em6,aircraft_pitch_3_1em6,theta,1,9.872610858393449e-07,211,9.872610858393449e-07,528.9402339458466,1.4010553611399504e-05,1,1.4010553611399504e-05,540.7234778404236,1.4010553611399504e-05,6,1.4010553611399504e-05,532.7936758995056,1.4010553611399504e-05,100,1.4010553611399504e-05,447.69033885002136,3.8836705163452525e-05,20,0.00010698513986023802,548.5019500255585,ok
aircraft_pitch,odepe_v2_nopolish,1em8,aircraft_pitch_3_1em8,theta,1,4.00823176055655e-08,202,4.00823176055655e-08,546.0354588031769,1.3166801998930182e-07,1,1.3166801998930182e-07,549.1817572116852,1.5754497915604684e-07,1,1.5754497915604684e-07,375.3527100086212,1.5754497915604684e-07,100,1.5754497915604684e-07,427.04730916023254,1.673918439182343e-07,20,1.673918439182343e-07,530.7963840961456,ok
aircraft_pitch,odepe_v2_nopolish,0,aircraft_pitch_4_0,theta,1,2.8738727385191026e-09,200,2.8738727385191026e-09,302.1686611175537,4.334442166809712e-09,1,4.334442166809712e-09,368.9191439151764,4.334442166809712e-09,1,4.334442166809712e-09,432.14451909065247,5.089152624348296e-09,100,9.568447281480604e-09,341.6872820854187,8.991570004842205e-09,20,1.4708773190682871e-08,360.4150719642639,ok
aircraft_pitch,odepe_v2_nopolish,1em2,aircraft_pitch_4_1em2,theta,1,0.01757107337836461,162,0.01757107337836461,440.28293895721436,0.019315022787228204,44,0.1371727800906106,481.522912979126,0.01709854485430673,20,0.1371727800906106,488.4373049736023,0.01709854485430673,100,0.1371727800906106,384.95663595199585,0.010848326600559201,20,0.010848326600559201,496.25679302215576,ok
aircraft_pitch,odepe_v2_nopolish,1em4,aircraft_pitch_4_1em4,theta,1,0.001583023723789687,215,0.001583023723789687,433.683452129364,0.0024577610158742756,5,0.0024577610158742756,455.1815209388733,0.0024577610261723847,20,0.0024577610261723847,385.08437609672546,0.001583023723789687,100,0.0024577610158742756,378.0628888607025,0.0015830237277838864,20,0.002457761198371509,390.25484013557434,ok
aircraft_pitch,odepe_v2_nopolish,1em6,aircraft_pitch_4_1em6,theta,1,0.0008209623533392279,218,0.0008209623533392279,417.56014585494995,0.001626079089768108,3,0.001626079089768108,593.2884380817413,0.0011555923165847935,20,0.001964565561393762,431.43331003189087,0.00023763285702398855,100,0.001626079089768108,533.2456679344177,0.0011555923174796667,20,0.001964565655508316,538.485524892807,ok
aircraft_pitch,odepe_v2_nopolish,1em8,aircraft_pitch_4_1em8,theta,1,5.652580238102445e-06,216,5.652580238102445e-06,507.12719678878784,6.144809847831117e-05,1,6.144809847831117e-05,435.74530577659607,6.14463472831796e-05,15,6.14463472831796e-05,368.7348940372467,5.652580268300511e-06,100,6.144809847831117e-05,443.0662360191345,9.529261161767e-05,20,0.00018068435015602144,459.3402588367462,ok
aircraft_pitch,odepe_v2_nopolish,0,aircraft_pitch_5_0,theta,1,1.1013062951227992e-06,188,1.1013062951227992e-06,424.4161810874939,2.4778527136417197e-06,1,2.4778527136417197e-06,543.3836410045624,2.4778527136417197e-06,1,2.4778527136417197e-06,645.1769499778748,2.4778527136417197e-06,100,2.4778527136417197e-06,640.3780570030212,9.782175107255862e-07,20,1.6764131227476604e-06,540.2479939460754,ok
aircraft_pitch,odepe_v2_nopolish,1em2,aircraft_pitch_5_1em2,theta,1,6.442865790749548,161,6.442865790749548,562.612221956253,20.619061880466067,64,38.1029265131732,715.5214488506317,20.61906188172892,20,38.10292651382155,499.4731750488281,6.442865790749548,100,38.10292651382155,540.8979179859161,20.619061890969384,20,38.102926530193294,793.3275399208069,ok
aircraft_pitch,odepe_v2_nopolish,1em4,aircraft_pitch_5_1em4,theta,1,0.7750285105268473,196,0.7750285105268473,793.681471824646,0.7750285105268473,36,6.225843261484485,675.7585768699646,0.7750285094986195,20,6.225843262018211,550.2869830131531,0.7750285105268473,100,6.225843261484485,682.8508069515228,0.7750285180191168,20,6.225843246031026,544.2678899765015,ok
aircraft_pitch,odepe_v2_nopolish,1em6,aircraft_pitch_5_1em6,theta,1,0.08528534708229929,189,0.08528534708229929,481.85866808891296,0.1772815945036249,38,0.1772815945036249,766.829048871994,0.1772815945036249,20,0.1772815945036249,779.1643300056458,0.08528534708229929,100,1.448505661095914,513.6488349437714,1.0234503644362458,20,1.0732125020455041,775.533224105835,ok
aircraft_pitch,odepe_v2_nopolish,1em8,aircraft_pitch_5_1em8,theta,1,0.09749015548439124,193,0.09749015548439124,683.6916019916534,0.09749015548439124,29,1.3963435106219237,657.1217739582062,0.09749043993330944,20,1.3963427014093077,488.2660949230194,0.09749043993330944,100,1.3963427014093077,536.0360898971558,0.05557188245590489,20,0.05557188245590489,501.94864988327026,ok
aircraft_pitch,odepe_v2_nopolish,0,aircraft_pitch_6_0,theta,1,5.726298910355451e-09,212,5.726298910355451e-09,395.64904284477234,6.538869523003359e-08,1,6.538869523003359e-08,426.321093082428,6.538869523003359e-08,1,6.538869523003359e-08,514.6173958778381,6.538869523003359e-08,100,6.538869523003359e-08,506.60808992385864,4.572497627444408e-09,20,2.0148871922772336e-08,489.99529099464417,ok
aircraft_pitch,odepe_v2_nopolish,1em2,aircraft_pitch_6_1em2,theta,1,0.3040001007927992,137,0.3040001007927992,426.8484489917755,0.28306592797319574,56,0.33442564252861195,558.9819889068604,0.33442564253267093,20,0.33442564253267093,390.440731048584,0.28306592797319574,100,0.33442564252861195,470.32621812820435,0.3344256427005985,20,0.3344256427005985,532.3945441246033,ok
aircraft_pitch,odepe_v2_nopolish,1em4,aircraft_pitch_6_1em4,theta,1,0.0007880515487638919,215,0.0007880515487638919,485.9217429161072,0.024871090933577103,27,0.024871090933577103,514.9251952171326,0.0007880516541408644,20,0.024871090964916232,416.9944450855255,0.0007880515487638919,100,0.024871090933577103,418.5412640571594,0.0007880505124044677,20,0.024871090603280202,445.51239800453186,ok
aircraft_pitch,odepe_v2_nopolish,1em6,aircraft_pitch_6_1em6,theta,1,0.0022384129193816433,214,0.0022384129193816433,475.8009560108185,0.009734580251060295,20,0.009734580251060295,700.3628449440002,0.004305960271252919,20,0.009734580251060295,705.7282240390778,0.004527739508531112,100,0.07936959604600681,484.1201319694519,0.004580447280279188,20,0.021159033742172553,734.5000040531158,ok
aircraft_pitch,odepe_v2_nopolish,1em8,aircraft_pitch_6_1em8,theta,1,9.053301828899744e-05,212,9.053301828899744e-05,573.320806980133,0.0005168230314201192,3,0.0005168230314201192,520.5873901844025,0.0007275101649998093,13,0.0007275101649998093,447.79185795783997,0.0007275101649998093,100,0.0007275101649998093,481.21425104141235,0.003275138166710286,20,0.003275138166710286,434.21626806259155,ok
aircraft_pitch,odepe_v2_nopolish,0,aircraft_pitch_7_0,theta,1,8.761571587621049e-10,198,8.761571587621049e-10,352.9456090927124,9.894584395961794e-09,1,9.894584395961794e-09,426.53741097450256,9.894584395961794e-09,1,9.894584395961794e-09,472.3312129974365,1.4763560744294562e-09,100,9.894584395961794e-09,467.5249300003052,3.2882706383949208e-09,20,4.609039340662337e-09,486.1304280757904,ok
aircraft_pitch,odepe_v2_nopolish,1em2,aircraft_pitch_7_1em2,theta,1,0.03970938397214888,135,0.03970938397214888,469.6293830871582,0.03970938397135568,33,0.46581607135369685,522.8811938762665,0.03970938397214888,20,0.4658160713519786,430.2721691131592,0.03970938397214888,100,0.4658160713519786,436.4194140434265,0.03970938398505503,20,0.4658160713255877,527.8973610401154,ok
aircraft_pitch,odepe_v2_nopolish,1em4,aircraft_pitch_7_1em4,theta,1,0.0030788699234538413,179,0.0030788699234538413,455.5305459499359,0.004151684081272023,27,0.05019049961486501,345.19639801979065,0.004151684081272023,20,0.05019049961486501,422.1377110481262,0.0015208925994293077,100,0.020137440520773115,385.07953095436096,0.005053998650688738,20,0.050464901222311134,385.4385941028595,ok
aircraft_pitch,odepe_v2_nopolish,1em6,aircraft_pitch_7_1em6,theta,1,0.0009431220002518556,213,0.0021044870754378516,648.8581349849701,0.026986129404906488,12,0.036090469771992435,435.48140597343445,0.000943122000261031,20,0.015558120907212609,651.9774351119995,0.002104487075458955,100,0.036090469771992435,491.32854104042053,0.005974540522165435,20,0.007393095776183566,684.9089069366455,ok
aircraft_pitch,odepe_v2_nopolish,1em8,aircraft_pitch_7_1em8,theta,1,2.5705145344349798e-05,216,2.5705145344349798e-05,510.2325029373169,0.00018360425088002926,1,0.00018360425088002926,375.4057068824768,0.00018360424475869755,12,0.00018360424475869755,411.4273040294647,2.882965615455558e-05,100,0.00018360424475869755,431.2755160331726,4.7757244462142265e-05,20,0.00033259242698284523,366.6161620616913,ok
aircraft_pitch,odepe_v2_nopolish,0,aircraft_pitch_8_0,theta,1,1.632429919449753e-10,186,1.632429919449753e-10,343.37096095085144,4.1209878728624255e-09,1,4.1209878728624255e-09,448.3139760494232,4.1209878728624255e-09,1,4.1209878728624255e-09,495.7784540653229,2.385333646004072e-10,100,4.1209878728624255e-09,495.2242729663849,7.164113496256441e-09,20,7.164113496256441e-09,486.4858980178833,ok
aircraft_pitch,odepe_v2_nopolish,1em2,aircraft_pitch_8_1em2,theta,1,0.007704231024073589,160,0.03616215359616278,424.35135293006897,0.03616214934605138,59,0.11930618734978511,528.2402291297913,0.11930618735251936,20,0.11930618735251936,379.1125979423523,0.007699155299888429,100,0.11930618734978511,443.42827796936035,0.11930618733056128,20,0.11930618733056128,500.8202579021454,ok
aircraft_pitch,odepe_v2_nopolish,1em4,aircraft_pitch_8_1em4,theta,1,0.006718695404885682,197,0.006718695404885682,449.83114290237427,0.023412851966519484,21,0.023412851966519484,522.0271100997925,0.006718695404885682,20,0.02341285196688956,396.12776803970337,0.006718695404885682,100,0.02341285196688956,382.1715319156647,0.00671869535464336,20,0.023412851989721616,419.67961287498474,ok
aircraft_pitch,odepe_v2_nopolish,1em6,aircraft_pitch_8_1em6,theta,1,0.0007241300215547832,187,0.0020253708577271917,594.3374140262604,0.022276296884540473,9,0.022276296884540473,556.4007699489594,0.0011292507171374077,20,0.02227629687962572,461.89522099494934,0.0007241300215486248,100,0.022276296884540473,585.9069690704346,0.004009094762260167,20,0.0067735195106294645,655.3240580558777,ok
aircraft_pitch,odepe_v2_nopolish,1em8,aircraft_pitch_8_1em8,theta,1,1.8721502334471863e-05,197,1.8721502334471863e-05,524.0840618610382,3.7331730596698244e-05,1,3.7331730596698244e-05,436.768257856369,3.7331730596698244e-05,6,3.7331730596698244e-05,475.4625771045685,3.3650445196402236e-05,100,3.3650445196402236e-05,363.67532896995544,9.833814785199655e-05,20,9.833814785199655e-05,498.55597400665283,ok
aircraft_pitch,odepe_v2_nopolish,0,aircraft_pitch_9_0,theta,1,5.304681934745152e-10,180,5.304681934745152e-10,356.34288001060486,5.256000471269647e-09,1,5.256000471269647e-09,411.3548460006714,5.256000471269647e-09,1,5.256000471269647e-09,472.3369860649109,5.256000471269647e-09,100,5.256000471269647e-09,469.1782879829407,3.7615094222581544e-08,20,3.7615094222581544e-08,445.30550813674927,ok
aircraft_pitch,odepe_v2_nopolish,1em2,aircraft_pitch_9_1em2,theta,1,0.001427727732171612,158,0.006944090150788403,476.4935839176178,0.027917837943869848,61,0.029752471469708705,404.393639087677,0.003158973276887743,20,0.029752471469708705,490.53967785835266,0.02610183597895481,100,0.21720858078993532,415.4683289527893,0.0007454416834308813,20,0.0007454416834308813,541.3827819824219,ok
aircraft_pitch,odepe_v2_nopolish,1em4,aircraft_pitch_9_1em4,theta,1,0.002623441204892205,191,0.002623441204892205,615.7110028266907,0.03760987107009539,13,0.05163638616401376,439.52798986434937,0.002623441204892205,20,0.017240792541959277,645.896978855133,0.002623441204892205,100,0.017240792541959277,531.508199930191,0.0020679167815151906,20,0.0020679167815151906,554.2479889392853,ok
aircraft_pitch,odepe_v2_nopolish,1em6,aircraft_pitch_9_1em6,theta,1,0.00022926640609585773,195,0.00022926640609585773,378.53356194496155,0.002231733304351967,4,0.002231733304351967,321.22823786735535,0.00016385624836215865,20,0.002231733304351967,329.78772020339966,0.00016385624836215865,100,0.002231733304351967,347.4235579967499,0.0009480392072393825,20,0.0012443740748567316,392.323303937912,ok
aircraft_pitch,odepe_v2_nopolish,1em8,aircraft_pitch_9_1em8,theta,1,7.834934902379383e-06,192,7.834934902379383e-06,417.0998110771179,0.00010826792091147902,1,0.00010826792091147902,352.8234610557556,0.00010826792091147902,15,0.00010826792091147902,431.77426505088806,1.484709286224341e-05,100,0.00010827107735071102,394.52904987335205,1.442192564817961e-05,20,2.4777181929845548e-05,464.57683801651,ok
bicycle_model,odepe_v2_nopolish,0,bicycle_model_0_0,,1,1.8550907936224607e-10,114,1.8550907936224607e-10,377.2727448940277,1.894656845206947e-10,1,1.894656845206947e-10,428.4022591114044,1.894656845206947e-10,1,1.894656845206947e-10,494.4896740913391,1.894656845206947e-10,100,1.894656845206947e-10,482.62097001075745,1.4681742411853364e-12,20,1.4681742411853364e-12,495.3761930465698,ok
bicycle_model,odepe_v2_nopolish,1em2,bicycle_model_0_1em2,,1,0.1272998445511984,165,0.1272998445511984,413.7527549266815,0.1680620157166491,23,0.24060840106697276,617.8753781318665,0.16806201571676838,20,0.24060840106717776,516.0579719543457,0.16806201571676838,100,0.24060840106717776,541.38965010643,0.16806201571653082,20,0.24060840106699508,579.8299779891968,ok
bicycle_model,odepe_v2_nopolish,1em4,bicycle_model_0_1em4,,1,0.0006852919668346944,173,0.0008143598684255989,518.0595819950104,0.024738224802228186,6,0.024738224802228186,664.9816870689392,0.0020517487923595755,19,0.00781675914236406,498.56998014450073,0.0006845490185210964,100,0.024738224802228186,576.8972389698029,0.019204323736376656,20,0.02343747575368846,595.2777850627899,ok
bicycle_model,odepe_v2_nopolish,1em6,bicycle_model_0_1em6,,1,4.406313352235824e-05,129,4.406313352235824e-05,425.84011912345886,4.562203300925046e-05,1,4.562203300925046e-05,541.2131090164185,4.562203300925046e-05,9,4.562203300925046e-05,565.794557094574,4.562203300925046e-05,100,4.562203300925046e-05,443.9564619064331,4.934954368312847e-05,20,4.934954368312847e-05,484.909392118454,ok
bicycle_model,odepe_v2_nopolish,1em8,bicycle_model_0_1em8,,1,9.645035099519731e-06,120,9.645035099519731e-06,371.3366289138794,7.961380353439173e-06,1,7.961380353439173e-06,537.3343541622162,7.961380353439173e-06,1,7.961380353439173e-06,547.7638368606567,1.0148335238058632e-05,100,1.0148335238058632e-05,418.6357479095459,9.134701484689026e-06,20,9.134701484689026e-06,518.4015698432922,ok
bicycle_model,odepe_v2_nopolish,0,bicycle_model_1_0,,1,1.5763096603710556e-12,150,1.5763096603710556e-12,358.0077178478241,2.4575006624336797e-12,1,2.4575006624336797e-12,393.0361030101776,2.4575006624336797e-12,1,2.4575006624336797e-12,479.9849679470062,2.4575006624336797e-12,100,2.4575006624336797e-12,475.49052715301514,9.403252587355493e-13,20,9.403252587355493e-13,486.7966251373291,ok
bicycle_model,odepe_v2_nopolish,1em2,bicycle_model_1_1em2,,1,0.005275725721884815,158,0.005415071858698039,625.2246429920197,0.00781056993932618,21,0.00781056993932618,507.08552598953247,0.005415071858692771,20,0.00781056993932618,648.6252310276031,0.005275727694332402,100,0.00781056993932618,493.15729093551636,0.007810569939234891,20,0.007810569939234891,599.0214869976044,ok
bicycle_model,odepe_v2_nopolish,1em4,bicycle_model_1_1em4,,1,6.943610130958307e-05,175,0.0005094912611957029,576.4839849472046,0.0006534635332678782,4,0.0006534635332678782,655.2750849723816,0.0006534635332678782,20,0.0006534635332678782,662.3313570022583,0.00026783093800356934,100,0.0006585163632274027,440.4594578742981,0.0005506822283417195,20,0.0005506822283417195,494.7809660434723,ok
bicycle_model,odepe_v2_nopolish,1em6,bicycle_model_1_1em6,,1,3.459493423017555e-06,171,3.459493423017555e-06,641.0489618778229,5.3908706500348075e-06,1,5.3908706500348075e-06,511.781457901001,5.3908706500348075e-06,4,5.3908706500348075e-06,580.278030872345,1.2041504170050642e-05,100,1.2041504170050642e-05,429.1415798664093,2.253569452778225e-06,20,2.253569452778225e-06,439.82095193862915,ok
bicycle_model,odepe_v2_nopolish,1em8,bicycle_model_1_1em8,,1,2.28661229202776e-06,165,2.28661229202776e-06,498.6990900039673,1.1204948080489885e-06,1,1.1204948080489885e-06,363.9640460014343,2.2866123386105442e-06,1,2.2866123386105442e-06,493.6959240436554,1.1204948080489885e-06,100,1.1204948080489885e-06,414.19883394241333,2.2876574946727325e-06,20,2.2876574946727325e-06,415.5330641269684,ok
bicycle_model,odepe_v2_nopolish,0,bicycle_model_2_0,,1,2.394172497188137e-12,115,2.394172497188137e-12,379.35216999053955,6.160393009484862e-11,1,6.160393009484862e-11,399.63789796829224,6.160393009484862e-11,1,6.160393009484862e-11,484.71217107772827,6.160393009484862e-11,100,6.160393009484862e-11,485.1014361381531,1.8023583451814343e-12,20,1.8023583451814343e-12,474.8742048740387,ok
bicycle_model,odepe_v2_nopolish,1em2,bicycle_model_2_1em2,,1,0.007687748300115652,172,0.03506976858984085,634.056715965271,0.03506976858984382,22,0.037918640590506765,672.3980329036713,0.03506976858984382,20,0.037918640590506765,664.5114707946777,0.007687818650334417,100,0.03791864059050759,570.5602269172668,0.03791864059046343,20,0.03791864059046343,636.357225894928,ok
bicycle_model,odepe_v2_nopolish,1em4,bicycle_model_2_1em4,,1,0.00031638858300905506,160,0.0024100373403870656,709.0336639881134,0.002200682752841207,11,0.002200682752841207,649.8297040462494,0.002200682752841207,20,0.002200682752841207,649.811910867691,0.0003177334911442951,100,0.002200682752841207,577.6133668422699,0.002751085639736515,20,0.002751085639736515,703.7931799888611,ok
bicycle_model,odepe_v2_nopolish,1em6,bicycle_model_2_1em6,,1,5.104035286702175e-06,137,5.104035286702175e-06,579.9001681804657,5.104035286702175e-06,1,5.104035286702175e-06,535.1509811878204,5.1040352316536165e-06,3,5.1040352316536165e-06,453.3498001098633,5.1040352316536165e-06,100,5.1040352316536165e-06,458.2074019908905,5.104035373978041e-06,20,5.104035373978041e-06,428.8348801136017,ok
bicycle_model,odepe_v2_nopolish,1em8,bicycle_model_2_1em8,,1,7.061256996961183e-07,123,7.061256996961183e-07,534.6294219493866,9.843813911108298e-07,1,9.843813911108298e-07,462.129998922348,9.843813911108298e-07,1,9.843813911108298e-07,518.7672328948975,9.843813911108298e-07,100,9.843813911108298e-07,391.4471561908722,7.537490001479481e-07,20,7.537490001479481e-07,500.90879702568054,ok
bicycle_model,odepe_v2_nopolish,0,bicycle_model_3_0,,1,1.6701679617151265e-12,131,1.6701679617151265e-12,356.64040303230286,1.5903432191794129e-12,1,1.5903432191794129e-12,419.8622901439667,1.5903432191794129e-12,1,1.5903432191794129e-12,493.626620054245,1.5903432191794129e-12,100,1.5903432191794129e-12,488.8971121311188,2.4032908364812334e-13,20,2.4032908364812334e-13,473.56310391426086,ok
bicycle_model,odepe_v2_nopolish,1em2,bicycle_model_3_1em2,,1,0.09344629489421087,191,0.09344629489421087,685.0899720191956,0.09510348760171075,35,0.44340325967219263,739.8828210830688,0.09057100425345384,20,0.2782159011857211,573.5554609298706,0.09057100425345384,100,0.2782159011857211,569.3017621040344,0.0935101030916723,20,0.3132713894545027,637.8375420570374,ok
bicycle_model,odepe_v2_nopolish,1em4,bicycle_model_3_1em4,,1,0.000861093288948437,157,0.0008688863944992411,469.1558928489685,0.004974092784807506,8,0.004974092784807506,462.31378293037415,0.002216467752800139,20,0.004974092784682496,436.57366704940796,0.0008649423322949928,100,0.004974092784807506,468.7118318080902,0.0022164677529792234,20,0.004974092785032922,411.5692219734192,ok
bicycle_model,odepe_v2_nopolish,1em6,bicycle_model_3_1em6,,1,4.056558027582773e-05,157,4.056558027582773e-05,654.5843088626862,5.771880360337932e-05,5,5.771880360337932e-05,497.29459404945374,5.771880368755146e-05,19,5.771880368755146e-05,430.37924003601074,4.0565580275078424e-05,100,5.771880360337932e-05,461.449599981308,5.771880359938301e-05,20,5.771880359938301e-05,574.5236060619354,ok
bicycle_model,odepe_v2_nopolish,1em8,bicycle_model_3_1em8,,1,4.484550950812044e-06,143,4.484550950812044e-06,535.4239621162415,2.087398217730642e-05,1,2.087398217730642e-05,489.4745547771454,2.087395265523984e-05,1,2.087395265523984e-05,362.9597737789154,4.484546321344381e-06,100,2.087395265523984e-05,403.07969212532043,2.0873453816549198e-05,20,2.0873453816549198e-05,492.060546875,ok
bicycle_model,odepe_v2_nopolish,0,bicycle_model_4_0,,1,1.0274546825666964e-10,119,1.0274546825666964e-10,386.246808052063,1.0447239180811213e-10,1,1.0447239180811213e-10,437.2087800502777,1.0447239180811213e-10,1,1.0447239180811213e-10,507.1773660182953,1.0447239180811213e-10,100,1.0447239180811213e-10,507.7058000564575,2.5139685001720758e-12,20,2.5139685001720758e-12,515.2611620426178,ok
bicycle_model,odepe_v2_nopolish,1em2,bicycle_model_4_1em2,,1,0.05599553472506399,161,0.05599553472506399,682.6787831783295,0.05599553472505872,13,0.12417065572824107,698.885999917984,0.05599553472505872,20,0.12417065572824107,732.1865849494934,0.05599553472505872,100,0.12417065572824107,603.2065579891205,0.05599553472509356,20,0.12417065572834514,627.467707157135,ok
bicycle_model,odepe_v2_nopolish,1em4,bicycle_model_4_1em4,,1,0.00037221633207340667,194,0.0034471669321701295,736.3144941329956,0.02227946096921803,9,0.02227946096921803,548.7258079051971,0.0034471669321697244,20,0.02227946096921803,687.954409122467,0.00037221633207340667,100,0.02227946096921803,544.5344941616058,0.0003709046691645437,20,0.0003709046691645437,471.5383880138397,ok
bicycle_model,odepe_v2_nopolish,1em6,bicycle_model_4_1em6,,1,1.1139216149745278e-05,134,1.1139216149745278e-05,619.6519999504089,1.996694977067667e-05,1,1.996694977067667e-05,411.98152685165405,1.1139216143623334e-05,6,1.1139216143623334e-05,544.4949650764465,1.1139216143623334e-05,100,1.1139216143623334e-05,450.66669607162476,1.1139216516069238e-05,20,1.1139216516069238e-05,554.6944630146027,ok
bicycle_model,odepe_v2_nopolish,1em8,bicycle_model_4_1em8,,1,1.5231735665942172e-06,132,1.5231735665942172e-06,468.79447889328003,1.3169837084222921e-06,1,1.3169837084222921e-06,421.2504069805145,1.5070613376465834e-06,1,1.5070613376465834e-06,398.2447419166565,1.5070613376465834e-06,100,1.5070613376465834e-06,428.31556606292725,1.3370005718931792e-06,20,1.3370005718931792e-06,517.5100381374359,ok
bicycle_model,odepe_v2_nopolish,0,bicycle_model_5_0,,1,1.4767487080972973e-13,139,1.4767487080972973e-13,360.4914360046387,5.300796146779223e-13,1,5.300796146779223e-13,479.4757981300354,5.300796146779223e-13,1,5.300796146779223e-13,473.04975295066833,5.300796146779223e-13,100,5.300796146779223e-13,475.45584201812744,3.239010824868157e-11,20,3.239010824868157e-11,499.2818820476532,ok
bicycle_model,odepe_v2_nopolish,1em2,bicycle_model_5_1em2,,1,0.016129193195698777,171,0.016129193195698777,563.6486392021179,0.050200515450605214,26,0.050200515450605214,594.2058260440826,0.016129193195698516,20,0.050200515450669156,529.9912321567535,0.016129193195698516,100,0.050200515450669156,536.905200958252,0.01612919319570241,20,0.05020051545059743,557.084890127182,ok
bicycle_model,odepe_v2_nopolish,1em4,bicycle_model_5_1em4,,1,0.00010460345484683216,179,0.00019482606883631747,633.2662239074707,0.0005828020943321622,6,0.0005828020943321622,535.9562568664551,0.0001935157369755813,20,0.0001935157369755813,514.1907148361206,0.00010460345484683216,100,0.0001935157369755813,474.3314199447632,0.007441338577554527,20,0.007441338577554527,523.8768689632416,ok
bicycle_model,odepe_v2_nopolish,1em6,bicycle_model_5_1em6,,1,1.6117461590349986e-05,167,1.6117461590349986e-05,516.7691760063171,6.335792182682476e-05,1,6.335792182682476e-05,541.3880650997162,6.335792182682476e-05,4,6.335792182682476e-05,553.0645258426666,1.3541620025019595e-05,100,6.335792182682476e-05,432.778844833374,4.8544963094666634e-05,20,4.8544963094666634e-05,495.87992811203003,ok
bicycle_model,odepe_v2_nopolish,1em8,bicycle_model_5_1em8,,1,4.032988505722526e-08,153,4.032988505722526e-08,538.97625207901,4.032984780389454e-08,1,4.032984780389454e-08,374.72181701660156,4.032988505722526e-08,1,4.032988505722526e-08,442.5581409931183,4.032988505722526e-08,100,4.032988505722526e-08,389.7372989654541,4.6215336516183064e-07,20,4.6215336516183064e-07,384.31890296936035,ok
bicycle_model,odepe_v2_nopolish,0,bicycle_model_6_0,,1,1.4817612678343664e-11,131,1.4817612678343664e-11,426.9221408367157,1.4028628235632728e-11,1,1.4028628235632728e-11,559.8872928619385,1.4028628235632728e-11,1,1.4028628235632728e-11,563.4223129749298,1.4028628235632728e-11,100,1.4028628235632728e-11,542.4700639247894,9.48725392667552e-13,20,9.48725392667552e-13,568.9879779815674,ok
bicycle_model,odepe_v2_nopolish,1em2,bicycle_model_6_1em2,,1,0.03209814066820368,167,0.035286577771738166,707.8703000545502,0.03439571887950968,26,0.2608593090181388,727.4764289855957,0.03439571887950968,20,0.2608593090181388,711.4749891757965,0.03209812495154116,100,0.26109197105728604,559.7474730014801,0.03496255735876161,20,0.25459506464081305,672.0415780544281,ok
bicycle_model,odepe_v2_nopolish,1em4,bicycle_model_6_1em4,,1,0.00011762741931581374,181,0.0006232168371024466,713.3337769508362,0.0006232168371024466,9,0.0006232168371024466,530.1086139678955,0.0011888670371861586,20,0.0011888670371861586,569.5719590187073,0.00011591054549093743,100,0.0011888670371861586,522.9802689552307,0.0011624037068577405,20,0.0011624037068577405,667.1371269226074,ok
bicycle_model,odepe_v2_nopolish,1em6,bicycle_model_6_1em6,,1,4.128512561089954e-05,154,4.128512561089954e-05,674.3587508201599,0.0001060941517995292,1,0.0001060941517995292,524.3852431774139,0.0001060941517995292,18,0.0001060941517995292,652.6859300136566,4.627867031037616e-05,100,4.627867031037616e-05,506.2020778656006,3.070636194842126e-05,20,3.070636194842126e-05,645.5087869167328,ok
bicycle_model,odepe_v2_nopolish,1em8,bicycle_model_6_1em8,,1,1.0266886129353893e-06,140,1.0266886129353893e-06,601.5223531723022,3.259380580248698e-06,1,3.259380580248698e-06,597.5680639743805,3.259380580248698e-06,1,3.259380580248698e-06,585.8949909210205,3.259380580248698e-06,100,3.259380580248698e-06,465.1354110240936,1.1290763419150628e-06,20,1.1290763419150628e-06,567.4818489551544,ok
bicycle_model,odepe_v2_nopolish,0,bicycle_model_7_0,,1,2.5623652684195167e-09,120,2.5623652684195167e-09,397.56693291664124,1.0840311323275226e-08,1,1.0840311323275226e-08,529.0194199085236,1.0840311323275226e-08,1,1.0840311323275226e-08,529.667751789093,1.0840311323275226e-08,100,1.0840311323275226e-08,519.3078880310059,9.891843930448564e-11,20,9.891843930448564e-11,530.0945360660553,ok
bicycle_model,odepe_v2_nopolish,1em2,bicycle_model_7_1em2,,1,0.6605964949660159,171,0.6605964949660159,635.3038091659546,0.6605964949660159,28,116.41507421725852,683.8184850215912,0.6605964949660508,20,115.92651945592284,572.4295659065247,0.6605964949660159,100,116.41507421725852,517.1053509712219,0.660596494965627,20,116.42078841282793,595.0456762313843,ok
bicycle_model,odepe_v2_nopolish,1em4,bicycle_model_7_1em4,,1,0.01706251545023094,152,0.01706251545023094,558.8193430900574,0.01645441248075582,26,5.730115924280761,534.1221489906311,0.012081116762359427,20,5.730115924280761,552.7078409194946,0.012081116762359427,100,5.730115924280761,439.01114201545715,0.0054563984302811955,20,1.3557121331416468,546.152204990387,ok
bicycle_model,odepe_v2_nopolish,1em6,bicycle_model_7_1em6,,1,0.000696374269868449,145,0.0018223773343460053,571.9405591487885,0.0039240219466529095,18,0.3095902373485359,472.1463580131531,0.0020637261845880576,20,0.3095902373485359,574.0932590961456,0.0008144084434696655,100,0.2886770644436054,464.73184609413147,0.0022605005817825643,20,0.30389862672839113,518.3325281143188,ok
bicycle_model,odepe_v2_nopolish,1em8,bicycle_model_7_1em8,,1,5.633662923611225e-06,134,5.633662923611225e-06,610.3274250030518,0.0007906008794535224,2,0.0007906008794535224,399.43457078933716,0.00024491975954692114,6,0.00469005889713952,440.31605219841003,5.633683491429958e-06,100,0.0007906008794535224,450.76854395866394,0.005365315770984691,20,0.005365315770984691,559.8483378887177,ok
bicycle_model,odepe_v2_nopolish,0,bicycle_model_8_0,,1,4.587138868254422e-12,125,4.587138868254422e-12,382.15567111968994,8.88721980544495e-14,1,8.88721980544495e-14,556.9808459281921,8.88721980544495e-14,1,8.88721980544495e-14,559.540284872055,8.88721980544495e-14,100,8.88721980544495e-14,542.5689198970795,8.700002077948961e-13,20,8.700002077948961e-13,540.8471341133118,ok
bicycle_model,odepe_v2_nopolish,1em2,bicycle_model_8_1em2,,1,0.01241947673846519,141,0.01241947673846519,607.1382858753204,0.02938922368123023,24,0.07719918913861375,571.8256731033325,0.014829851610106966,20,0.027763931922428584,561.1386358737946,0.014829851610106966,100,0.027763931922428584,573.3889849185944,0.0097051108872876,20,0.0097051108872876,619.3450379371643,ok
bicycle_model,odepe_v2_nopolish,1em4,bicycle_model_8_1em4,,1,7.550393212832238e-05,179,7.550393212832238e-05,781.2303829193115,0.002521537198678161,10,0.002521537198678161,683.7202780246735,0.0007722064852953034,20,0.002521537198678161,697.2417030334473,0.00021676250629267094,100,0.002520142532682387,503.70319509506226,0.0024664953981724668,20,0.0024664953981724668,647.8081240653992,ok
bicycle_model,odepe_v2_nopolish,1em6,bicycle_model_8_1em6,,1,2.0062067552710444e-05,147,2.0062067552710444e-05,515.4726440906525,4.327762479914708e-05,1,4.327762479914708e-05,568.0328187942505,4.327762479914708e-05,4,4.327762479914708e-05,570.5523600578308,1.4125885917771876e-05,100,4.327762479914708e-05,443.47036600112915,3.1231320256187326e-05,20,3.1231320256187326e-05,589.3098027706146,ok
bicycle_model,odepe_v2_nopolish,1em8,bicycle_model_8_1em8,,1,4.466960228883071e-07,131,4.466960228883071e-07,540.9024200439453,4.466960228883071e-07,1,4.466960228883071e-07,475.30778908729553,4.466960228883071e-07,1,4.466960228883071e-07,522.1498930454254,4.466973253959804e-07,100,4.466973253959804e-07,462.8467869758606,4.4669588645453514e-07,20,4.4669588645453514e-07,562.7691440582275,ok
bicycle_model,odepe_v2_nopolish,0,bicycle_model_9_0,,1,8.777016672142259e-13,145,8.777016672142259e-13,362.8137459754944,4.1922646887606265e-13,1,4.1922646887606265e-13,497.9923310279846,4.1922646887606265e-13,1,4.1922646887606265e-13,497.2659010887146,4.1922646887606265e-13,100,4.1922646887606265e-13,491.1751379966736,5.00543225645758e-13,20,5.00543225645758e-13,504.6615810394287,ok
bicycle_model,odepe_v2_nopolish,1em2,bicycle_model_9_1em2,,1,0.018553383053473295,186,0.02190711184698314,666.4116179943085,0.02190711184698314,35,0.02190711184698314,682.469162940979,0.02190711184698314,20,0.02190711184698314,655.2248480319977,0.018553383053473295,100,0.02190711184698314,527.0425870418549,0.021907111846976423,20,0.021907111846976423,597.5282139778137,ok
bicycle_model,odepe_v2_nopolish,1em4,bicycle_model_9_1em4,,1,3.334500180998328e-05,182,0.0003281895397948838,668.6298851966858,0.0009037220830142463,2,0.0009037220830142463,687.1781809329987,0.0009037220830142463,20,0.0009037220830142463,646.3199391365051,3.334500180998328e-05,100,0.0011610410459430608,524.0546960830688,0.0002182705028045635,20,0.0002182705028045635,712.4107520580292,ok
bicycle_model,odepe_v2_nopolish,1em6,bicycle_model_9_1em6,,1,1.5496195977148008e-05,162,1.760671358125452e-05,594.8411691188812,1.9507985928993362e-05,1,1.9507985928993362e-05,430.32619190216064,9.965995888682959e-05,3,9.965995888682959e-05,425.9915668964386,1.494607435298175e-05,100,9.965995888682959e-05,444.1583960056305,6.855427128682782e-05,20,6.855427128682782e-05,423.900515794754,ok
bicycle_model,odepe_v2_nopolish,1em8,bicycle_model_9_1em8,,1,2.171026545872626e-07,145,2.171026545872626e-07,506.47877502441406,2.1710265363997333e-07,1,2.1710265363997333e-07,472.008749961853,2.1710265363997333e-07,1,2.1710265363997333e-07,473.2068340778351,2.1710258126707309e-07,100,2.1710258126707309e-07,381.49857997894287,2.1712962902814605e-07,20,2.1712962902814605e-07,375.8711359500885,ok
biohydrogenation,odepe_v2_nopolish,0,biohydrogenation_0_0,x7,2,1.1977742543072277e-06,1187,1.1977742543072277e-06,3148.1630120277405,2.6187074743914493e-07,2,2.6187074743914493e-07,7537.573882102966,2.6187074743914493e-07,2,2.6187074743914493e-07,7516.138898134232,3.246341869284147e-08,100,3.246341869284147e-08,7057.695344924927,8.572107216967005e-06,20,8.572107216967005e-06,7667.984992027283,ok
biohydrogenation,odepe_v2_nopolish,1em2,biohydrogenation_0_1em2,x7,2,0.9637747169646732,776,0.9637747169646732,2167.7981820106506,2.1553734789662147,380,9.166163360797075,4894.182130098343,6.506903184387132,20,9.16616336080186,3955.8276419639587,6.001172092186288,100,9.166163360797075,5707.347327947617,6.506903184387407,20,9.166163360795037,5703.850432872772,ok
biohydrogenation,odepe_v2_nopolish,1em4,biohydrogenation_0_1em4,x7,2,0.9662059812852898,804,0.9662059812852898,1856.2623012065887,0.9912799197796593,304,1.410061916832605,5014.627197027206,1.410061916832605,20,1.410061916832605,5284.543794870377,1.4100619171966877,100,1.4100619171966877,3438.5539150238037,1.4100619113620607,20,1.4100619113620607,5467.873042106628,ok
biohydrogenation,odepe_v2_nopolish,1em6,biohydrogenation_0_1em6,x7,2,0.2931894885889026,977,0.2931894885889026,2502.3299322128296,0.2931894885889026,63,0.6525668030762514,6348.909488916397,0.649582907023892,20,0.6526202227729611,3843.362421989441,0.2931894488546812,100,0.6526202227729611,3731.8190410137177,0.340875558163735,20,0.6533689154209414,3756.981717824936,ok
biohydrogenation,odepe_v2_nopolish,1em8,biohydrogenation_0_1em8,x7,2,0.011941978651502457,1194,0.011941978651502457,2862.7626628875732,0.07178299445830512,153,1.0811090590965464,7604.672060012817,0.00812589660434199,20,1.16342660139486,3884.2095098495483,0.00812589660434199,100,1.16342660139486,4030.0433628559113,0.23512503632421533,20,0.23512503632421533,8011.897572994232,ok
biohydrogenation,odepe_v2_nopolish,0,biohydrogenation_1_0,x7,2,4.236345299168762e-06,926,4.236345299168762e-06,4662.6207010746,3.1562933853578073e-06,1,3.1562933853578073e-06,9014.059868097305,3.1562933853578073e-06,2,3.1562933853578073e-06,9063.009495973587,1.4702970023170354e-06,100,1.4702970023170354e-06,7289.03121304512,3.6056370325201938e-06,20,3.6056370325201938e-06,9292.659473896027,ok
biohydrogenation,odepe_v2_nopolish,1em2,biohydrogenation_1_1em2,x7,2,1.0062217505983952,733,1.0062217505983952,5338.3729038238525,1.8975954672071578,275,35.57088518637659,5926.4756598472595,18.777792840594405,20,35.57088518637659,6117.312803983688,1.8975954672586273,100,35.569337660518244,3372.5717771053314,18.777792840553676,20,35.571171347596426,5927.858263969421,ok
biohydrogenation,odepe_v2_nopolish,1em4,biohydrogenation_1_1em4,x7,2,0.9728050012315104,1043,0.9728050012315104,3118.558205842972,2.8839169699303,318,3.1981838376397946,6470.576592922211,3.0607288014764986,20,3.19818383940372,3791.399163007736,3.122299676772587,100,3.1981838376397946,6044.247376203537,3.1178702346187848,20,3.1178702346187848,4040.1157989501953,ok
biohydrogenation,odepe_v2_nopolish,1em6,biohydrogenation_1_1em6,x7,2,0.7181012308411991,1008,0.7181012308411991,3503.402753829956,0.7035674493335345,196,7.267135800649329,8009.027868032455,2.1205366412531133,20,7.17998446013121,4449.104642868042,2.1205366412531133,100,7.17998446013121,4159.484549999237,0.4729229700941141,20,0.4729229700941141,6731.822799921036,ok
biohydrogenation,odepe_v2_nopolish,1em8,biohydrogenation_1_1em8,x7,2,0.09901914340036477,933,0.09901914340036477,7604.267305135727,0.09901914340036477,67,0.10003079942003863,6306.911913871765,0.09901914340036477,20,0.10003079942003863,8480.282697200775,0.014646600890710506,100,0.8006956865202342,4217.632447957993,0.04969849535528062,20,0.7446944162428223,8827.453157901764,ok
biohydrogenation,odepe_v2_nopolish,0,biohydrogenation_2_0,x7,2,1.2097620272241343e-05,1106,1.2097620272241343e-05,6450.568598985672,0.011004404183392427,5,0.011004404183392427,12817.06834602356,0.0006339178475902503,16,0.00560134523988991,12896.363126039505,2.9398201630444402e-05,100,0.00560134523988991,9781.64605808258,5.084191053736413e-05,20,5.084191053736413e-05,12714.626061916351,ok
biohydrogenation,odepe_v2_nopolish,1em2,biohydrogenation_2_1em2,x7,2,0.9943757547949322,617,0.9943757547949322,2198.5438580513,1.8693679895160467,277,1.8693679895160467,3993.8480989933014,1.8693679895160467,20,1.8693679895160467,4885.4453139305115,1.8689296777043702,100,1.8689296777043702,3363.787353038788,1.8692084001055298,20,1.8692084001055298,4771.994127035141,ok
biohydrogenation,odepe_v2_nopolish,1em4,biohydrogenation_2_1em4,x7,2,0.9134255981276793,914,0.9134255981276793,2770.5065200328827,0.9134255978204544,401,2.31617497146407,6028.778360128403,0.9134255978204544,20,2.31617497146407,6032.80059504509,0.9134255978204544,100,2.31617497146407,4572.669672966003,0.9134255985023181,20,2.316174971512565,5535.283192873001,ok
biohydrogenation,odepe_v2_nopolish,1em6,biohydrogenation_2_1em6,x7,2,0.10718900481260386,950,0.10718900481260386,6439.226948976517,0.10718900481260386,233,0.803470258972537,7517.440190076828,0.8034702574149057,20,0.8034702574149057,3765.726259946823,0.10718920573701608,100,0.8034702574149057,3701.689415216446,0.10718567916025462,20,0.8034703230747773,7967.548329114914,ok
biohydrogenation,odepe_v2_nopolish,1em8,biohydrogenation_2_1em8,x7,2,0.1396982141827053,914,0.1396982141827053,5037.314657926559,0.671890525595962,63,0.8289849428806653,10496.332073926926,0.671890525595962,20,0.8289849428806653,9631.851807117462,0.1396982141827053,100,0.8295910503565288,4698.564055919647,0.17921047743650317,20,0.8552418996157121,9087.360749006271,ok
biohydrogenation,odepe_v2_nopolish,0,biohydrogenation_3_0,x7,2,4.48375456367014e-07,1191,4.48375456367014e-07,2686.1498000621796,3.7758604806155525e-07,1,3.7758604806155525e-07,6313.969791173935,3.7758604806155525e-07,1,3.7758604806155525e-07,6289.129900932312,3.7758604806155525e-07,100,3.7758604806155525e-07,5203.284314870834,2.1337779597016707e-07,20,2.1337779597016707e-07,6213.905564069748,ok
biohydrogenation,odepe_v2_nopolish,1em2,biohydrogenation_3_1em2,x7,2,0.8981566757758284,558,0.8981566757758284,2583.895168066025,2.125902268905503,181,7.482320122927415,4949.992722988129,2.247997419543386,20,7.482320122927415,5116.453830003738,2.247997419543386,100,7.482320122927415,4946.2632439136505,2.2479974195436347,20,6.759878002226197,5018.886891841888,ok
biohydrogenation,odepe_v2_nopolish,1em4,biohydrogenation_3_1em4,x7,2,0.6122575768944405,594,0.6122575768944405,2055.8578469753265,0.6122575775594689,163,0.6122575775594689,4168.0340139865875,0.6122575775594689,20,0.6122575775594689,4153.654120922089,0.6122575773395357,100,0.6122575773395357,2519.1598410606384,0.6122575771891005,20,0.6122575771891005,2463.1799309253693,ok
biohydrogenation,odepe_v2_nopolish,1em6,biohydrogenation_3_1em6,x7,2,0.05861654142700195,882,0.05861654142700195,2418.9212889671326,0.0438847012645643,190,0.0438847012645643,5238.296063184738,0.1224039531123864,20,0.4754856613996798,3025.742728948593,0.05861654142700195,100,0.4754856613996798,3047.5961599349976,,,,,incomplete
biohydrogenation,odepe_v2_nopolish,1em8,biohydrogenation_3_1em8,x7,2,0.013980867711296153,1061,0.013980867711296153,4842.919585943222,0.05115203946641876,100,0.4073718884551214,5040.260129213333,0.013980867711296153,20,0.4073718884551214,6381.066653013229,0.013980866333058783,100,0.4073710824869587,3576.2387318611145,0.013980968268621111,20,0.4073709552366592,6224.341837882996,ok
biohydrogenation,odepe_v2_nopolish,0,biohydrogenation_4_0,x7,2,4.192312259196643e-09,1462,4.192312259196643e-09,3589.5266139507294,1.0334400183238889e-08,2,1.0334400183238889e-08,8308.745903015137,1.0334400183238889e-08,2,1.0334400183238889e-08,8314.921518087387,4.157795533851896e-09,100,1.0334400183238889e-08,6795.332193851471,9.776446536146887e-08,20,2.7871130141403245e-07,8741.32265496254,ok
biohydrogenation,odepe_v2_nopolish,1em2,biohydrogenation_4_1em2,x7,2,0.9228030774812372,887,0.9999999999993175,4168.794939041138,1.0,297,9.752429410123437,5650.759016990662,2.4612528097795767,20,9.742368702134181,6453.68708896637,1.0847578971711624,100,9.742368702134181,5988.395488977432,2.4612528097897526,20,7.8759993047085395,6054.513416051865,ok
biohydrogenation,odepe_v2_nopolish,1em4,biohydrogenation_4_1em4,x7,2,0.3789149994827145,837,0.3789149994827145,4558.649019002914,0.3788395594897099,89,0.6040529838145091,6704.146258115768,0.3788395594897099,20,0.6040529838145091,6798.864476919174,0.37890316070535307,100,0.604052955163598,4282.528717041016,0.3788706908087712,20,0.6040569692457916,6728.611211061478,ok
biohydrogenation,odepe_v2_nopolish,1em6,biohydrogenation_4_1em6,x7,2,0.01573328947479705,1250,0.01573328947479705,6453.248984098434,0.028194643383852917,29,0.028194643383852917,6732.420078992844,0.01573328947479723,20,0.028194643383852917,8529.351678848267,0.01573328947479723,100,0.028194643383852917,6363.911725997925,0.0157332899622609,20,0.028194504457296987,4336.884188890457,ok
biohydrogenation,odepe_v2_nopolish,1em8,biohydrogenation_4_1em8,x7,2,0.0025078669872316815,1241,0.0025078669872316815,6947.669313907623,0.005865228804647264,10,0.005865228804647264,9310.121001958847,0.002586393091154494,20,0.0047041442543447705,4458.311303138733,0.002586393091154494,100,0.0047041442543447705,4744.430046081543,0.002794117849633554,20,0.005865219535216945,8016.972101926804,ok
biohydrogenation,odepe_v2_nopolish,0,biohydrogenation_5_0,x7,2,4.1274751590403935e-07,1108,4.1274751590403935e-07,7197.297034025192,4.542045042168878e-06,1,4.542045042168878e-06,8430.556976795197,4.542045042168878e-06,1,4.542045042168878e-06,8457.92531991005,8.486618499451361e-07,100,3.048376715236396e-06,6822.671452999115,4.97434798280343e-06,20,1.848864128344416e-05,8448.140085935593,ok
biohydrogenation,odepe_v2_nopolish,1em2,biohydrogenation_5_1em2,x7,2,0.8650221333119308,658,0.8650221333119308,2331.4346561431885,1.1563889740706508,236,13.325745572989009,4908.0571410655975,10.099746590273634,20,13.325745572989009,5089.001296043396,1.1563889740706508,100,13.325745572989009,4023.870938062668,8.357175719869371,20,11.325444393523648,4916.380076885223,ok
biohydrogenation,odepe_v2_nopolish,1em4,biohydrogenation_5_1em4,x7,2,0.9359072994463444,805,0.9959062169653438,4286.469731092453,1.0,240,4.4610992411328905,5875.07924413681,1.0,20,4.461084658220732,3552.0042130947113,1.0,100,4.4610992411328905,5197.625174045563,1.018799536999326,20,4.461309510485199,5808.893395185471,ok
biohydrogenation,odepe_v2_nopolish,1em6,biohydrogenation_5_1em6,x7,2,0.14150182261833766,899,0.14150182261833766,2919.1606118679047,0.14150182256486918,64,6.429220729265551,7126.096920967102,0.14150182256486918,20,6.429220729265551,7117.8519768714905,0.14150182261833724,100,6.429218419392968,3737.690551996231,0.14150182227579364,20,0.3618966640908743,7519.66770195961,ok
biohydrogenation,odepe_v2_nopolish,1em8,biohydrogenation_5_1em8,x7,2,0.03447795677944908,881,0.03447795677944908,7380.860554218292,0.022202384537846325,61,0.10124685521638001,9416.902677059174,0.022202384537846325,20,0.10124685521638001,8144.743303060532,0.10192836683916599,100,0.1278529597887129,4608.8225519657135,0.08778810086467166,20,0.12927589920084326,4524.9955360889435,ok
biohydrogenation,odepe_v2_nopolish,0,biohydrogenation_6_0,x7,2,2.84757888323223e-06,1120,2.84757888323223e-06,5262.319947957993,0.00012131839330998467,2,0.00012131839330998467,10586.661916971207,0.00012131839330998467,6,0.00012131839330998467,10617.296764850616,1.3851108017951077e-06,100,8.082256873667128e-05,8310.461441993713,8.209111128898249e-05,20,0.00010499606200680526,11314.357485055923,ok
biohydrogenation,odepe_v2_nopolish,1em2,biohydrogenation_6_1em2,x7,2,0.9778835361620697,745,0.9947642218297719,3916.6962049007416,1.1945109515887364,384,4.604678914701949,3938.2678468227386,4.604678914701949,20,5.899855595807558,4994.216647148132,3.4484417444188997,100,5.899974656255709,3125.77277302742,4.604681454743602,20,4.604681454743602,5094.5671310424805,ok
biohydrogenation,odepe_v2_nopolish,1em4,biohydrogenation_6_1em4,x7,2,0.921341255372724,803,0.9386759463122951,3465.1463108062744,0.9674658939598152,304,3.2584334232290524,4913.553405046463,1.692915027458655,20,3.258433423310537,3287.7008650302887,0.9672869443305275,100,3.258433423310537,3229.306321144104,1.692915027431095,20,3.2584334231657044,4580.147724866867,ok
biohydrogenation,odepe_v2_nopolish,1em6,biohydrogenation_6_1em6,x7,2,0.7086303856882342,1275,0.7086303856882342,6398.244593858719,0.7185873553523935,449,0.9413295063101694,3540.6565959453583,0.865810083354268,20,0.9413295063101694,3697.663854122162,0.7086303856882342,100,0.9413295064612762,7140.602575063705,0.8658100860132438,20,0.9413295102282959,7608.921808004379,ok
biohydrogenation,odepe_v2_nopolish,1em8,biohydrogenation_6_1em8,x7,2,0.5318255066267338,803,0.5318255066267338,6704.274529933929,0.5318255066267338,106,0.8903065673333967,5673.296190023422,0.7306773876065611,20,0.8903065673333967,7210.13546705246,0.5318255066267338,100,0.8903065673333967,4897.316835165024,0.32794278198870147,20,0.8647570829771557,6840.737733840942,ok
biohydrogenation,odepe_v2_nopolish,0,biohydrogenation_7_0,x7,2,2.4408441096903757e-07,1240,2.4408441096903757e-07,2175.8879611492157,,,,,,,,,,,,,1.2780594736083187e-07,20,3.1653406875873863e-07,5000.127334117889,ok
biohydrogenation,odepe_v2_nopolish,1em2,biohydrogenation_7_1em2,x7,2,0.9999999999999908,657,0.9999999999999908,1996.06405711174,1.0,342,3.0391485151024398,4556.673669099808,3.0391485151020654,20,3.0391485151020654,3384.0615940093994,1.0,100,3.0391485151020654,3292.7841629981995,1.0127259578554932,20,3.039148515102195,4219.500756025314,ok
biohydrogenation,odepe_v2_nopolish,1em4,biohydrogenation_7_1em4,x7,2,0.9329181691222578,745,0.9329181691222578,2015.43079996109,1.0,200,4.558750760623609,4457.540170907974,1.0767830015777446,20,4.558750760633378,3183.621980905533,1.0000000003709313,100,4.558750760633378,3264.5576450824738,1.076783001554955,20,4.558750760230974,4542.733561992645,ok
biohydrogenation,odepe_v2_nopolish,1em6,biohydrogenation_7_1em6,x7,2,0.008123531546614564,958,0.008123531546614564,2787.348714828491,0.030443335058781315,149,0.030443335058781315,5296.9611229896545,0.008123531546614564,20,0.030443335581313544,3225.9497079849243,0.030443335058781315,100,0.030443335058781315,3845.526981115341,0.03044333554270292,20,0.03044333554270292,4987.599450111389,ok
biohydrogenation,odepe_v2_nopolish,1em8,biohydrogenation_7_1em8,x7,2,0.0004482033044585751,1222,0.0004482033044585751,3674.764137983322,0.0020906923161107755,16,0.0020906923161107755,5189.891634941101,0.0004482072366028582,20,0.002094182528870969,3158.6958360671997,0.0004482449340133393,100,0.0020906923161107755,3669.1810009479523,0.001843031040846313,20,0.0021001288886575327,4613.622234106064,ok
biohydrogenation,odepe_v2_nopolish,0,biohydrogenation_8_0,x7,2,6.355126160376345e-08,776,6.355126160376345e-08,1914.165214061737,4.9964516401860993e-08,2,4.9964516401860993e-08,4441.093346118927,4.9964516401860993e-08,2,4.9964516401860993e-08,4432.852723121643,4.9964516401860993e-08,100,4.9964516401860993e-08,4519.350587844849,1.2089927334057757e-08,20,1.2089927334057757e-08,4688.9799880981445,ok
biohydrogenation,odepe_v2_nopolish,1em2,biohydrogenation_8_1em2,x7,2,0.8095319786501943,767,0.8095319786501943,3236.3055260181427,0.8095319786502106,460,5.769066484102878,4190.237107038498,5.7116043793614795,20,5.769066484102878,4433.369609117508,1.8317114216306192,100,5.769098475020384,2719.2734110355377,4.305910443914466,20,5.7692682319780095,3961.8264660835266,ok
biohydrogenation,odepe_v2_nopolish,1em4,biohydrogenation_8_1em4,x7,2,0.8530696286869991,715,0.8530696286869991,2519.496554851532,0.8530696286869984,233,1.625283303323729,3349.3856031894684,1.0,20,1.623712381407685,2436.833351135254,1.0,100,1.623712381407685,2340.3970861434937,1.2211270132775764,20,1.6191348528347667,3590.551146030426,ok
biohydrogenation,odepe_v2_nopolish,1em6,biohydrogenation_8_1em6,x7,2,0.28964474561896403,610,0.28964474561896403,1879.3635590076447,0.5110821373434795,88,0.6907289172240149,3190.4512231349945,0.28964474561896403,20,1.523002560450442,2158.8573150634766,0.28964474561896403,100,1.523002560450442,2140.822224855423,0.2726135785425986,20,0.6697921871462394,2026.6100928783417,ok
biohydrogenation,odepe_v2_nopolish,1em8,biohydrogenation_8_1em8,x7,2,0.00222251698848639,563,0.00222251698848639,2888.354145050049,0.006714052762035225,17,0.006714052762035225,3033.0925209522247,0.0022979228492033456,20,0.006714052762035225,4029.58118891716,0.0021983564883781273,100,0.006713994387878207,2403.2908470630646,0.0022864767111312784,20,0.0067140698958096,3891.148230075836,ok
biohydrogenation,odepe_v2_nopolish,0,biohydrogenation_9_0,x7,2,1.0985190609607344e-07,1188,1.0985190609607344e-07,4410.035185813904,1.1329555304670413e-07,1,1.1329555304670413e-07,11190.330637931824,1.1329555304670413e-07,1,1.1329555304670413e-07,11068.882734060287,3.0462586306503266e-08,100,3.0462586306503266e-08,10287.53424191475,4.2869245474263716e-07,20,4.2869245474263716e-07,10943.156524181366,ok
biohydrogenation,odepe_v2_nopolish,1em2,biohydrogenation_9_1em2,x7,2,1.0,902,1.0,2623.222321987152,1.0,331,5.910330681343797,6503.346255064011,4.069991119462556,20,5.910276051629942,4460.130213975906,1.8642808965410698,100,5.910330681343797,5165.730427026749,4.06999111945653,20,5.910289196200634,6109.300967931747,ok
biohydrogenation,odepe_v2_nopolish,1em4,biohydrogenation_9_1em4,x7,2,0.7450964787484758,703,0.7450964787484758,3814.1387660503387,0.7450964787437264,86,2.726913854374992,6642.6467361450195,0.7450964787437264,20,2.726913854374992,7654.304988145828,0.7450964787437264,100,2.726913854374992,6060.648120164871,0.7450964787045361,20,2.726913852964524,7586.426283836365,ok
biohydrogenation,odepe_v2_nopolish,1em6,biohydrogenation_9_1em6,x7,2,0.3588592558169965,1047,0.3588592558169965,7855.818382024765,0.30363679719103026,103,0.30363679719103026,10569.718825101852,0.30363679719103026,20,0.30363679719103026,10624.149160861969,0.32261717954482444,100,1.7752157876366643,5347.0390021800995,0.15364691591737892,20,1.7752157475406674,9283.267504930496,ok
biohydrogenation,odepe_v2_nopolish,1em8,biohydrogenation_9_1em8,x7,2,0.05922228828116911,1167,0.05922228828116911,7942.8453578948975,0.08437905323490799,110,1.0352515686702803,4981.649686098099,0.07627942601357675,20,0.1433676575680939,11471.649550914764,0.05922228770729826,100,1.0352515686702803,5582.193618774414,0.06710573861866066,20,0.5246800569746007,11668.08938407898,ok
boost_converter,odepe_v2_nopolish,0,boost_converter_0_0,,1,6.060224564998117e-09,103,6.060224564998117e-09,652.4724202156067,2.633272406711213e-09,1,2.633272406711213e-09,838.1352410316467,2.633272406711213e-09,1,2.633272406711213e-09,715.7649691104889,2.633272406711213e-09,96,2.633272406711213e-09,840.7154381275177,1.9120022142942053e-09,20,1.9120022142942053e-09,792.623636007309,ok
boost_converter,odepe_v2_nopolish,1em2,boost_converter_0_1em2,,1,0.23577432363262943,131,0.23577432363262943,656.2042648792267,0.3336274195074638,35,0.4519304407780767,827.9575839042664,0.3336274195074638,20,0.4519304407780767,881.602548122406,0.2183232362118339,100,0.4519304407780767,726.5843150615692,0.3336274307721799,20,0.4519302052641703,882.3898289203644,ok
boost_converter,odepe_v2_nopolish,1em4,boost_converter_0_1em4,,1,0.002893373782098907,128,0.002893373782098907,676.4255599975586,0.0035307688657373617,7,0.0035307688657373617,839.813591003418,0.0035303607510344995,20,0.0035303607510344995,704.4342801570892,0.002892695072598275,100,0.0035303607510344995,668.3802349567413,0.003530666688219713,20,0.003530666688219713,662.6898939609528,ok
boost_converter,odepe_v2_nopolish,1em6,boost_converter_0_1em6,,1,4.4682850922797044e-05,117,4.4682850922797044e-05,687.1258099079132,3.8660560662994674e-05,1,3.8660560662994674e-05,754.062903881073,4.93729746186136e-05,12,4.93729746186136e-05,659.9002819061279,3.8660560662994674e-05,100,3.8660560662994674e-05,586.2555229663849,2.7471192956057018e-05,20,2.7471192956057018e-05,776.345901966095,ok
boost_converter,odepe_v2_nopolish,1em8,boost_converter_0_1em8,,1,1.9654085240217892e-07,111,1.9654085240217892e-07,614.5281889438629,2.0849947691995634e-06,1,2.0849947691995634e-06,674.3858299255371,1.4110941326281326e-06,1,1.4110941326281326e-06,601.5476539134979,2.0849947691995634e-06,100,2.0849947691995634e-06,669.2585380077362,2.6186160320201017e-06,20,2.6186160320201017e-06,680.8557918071747,ok
boost_converter,odepe_v2_nopolish,0,boost_converter_1_0,,1,3.0817020902386584e-07,105,3.0817020902386584e-07,624.4585230350494,9.953119076372768e-07,1,9.953119076372768e-07,793.6763279438019,9.953119076372768e-07,1,9.953119076372768e-07,680.443864107132,9.953119076372768e-07,100,9.953119076372768e-07,805.1439130306244,5.885407415041477e-07,20,5.885407415041477e-07,801.7270710468292,ok
boost_converter,odepe_v2_nopolish,1em2,boost_converter_1_1em2,,1,0.07840548877785328,152,0.07840548877785328,839.4494111537933,0.06752103949320387,59,0.06752103949320387,855.6383059024811,0.06752103949320387,20,0.06752103949320387,837.7807490825653,0.055824198785782625,100,0.055824198785782625,689.9409680366516,0.05970097166596867,20,0.05970097166596867,932.0126078128815,ok
boost_converter,odepe_v2_nopolish,1em4,boost_converter_1_1em4,,1,0.0011217760719752835,151,0.0011217760719752835,801.8028659820557,0.002167337038552375,6,0.002167337038552375,617.6386108398438,0.0011238873519099242,20,0.002167337038552375,786.0097229480743,0.0011238873519099242,100,0.002167337038552375,595.8908190727234,0.001518450168944798,20,0.001518450168944798,685.2682871818542,ok
boost_converter,odepe_v2_nopolish,1em6,boost_converter_1_1em6,,1,2.4332204183483828e-05,140,2.4332204183483828e-05,773.256236076355,0.00020077423482009512,1,0.00020077423482009512,754.1496651172638,0.00020077423482009512,14,0.00020077423482009512,717.1446950435638,3.1464215555462743e-05,100,0.00020206185641854347,623.2063858509064,0.00020200854051424867,20,0.00020200854051424867,748.1473309993744,ok
boost_converter,odepe_v2_nopolish,1em8,boost_converter_1_1em8,,1,7.001014805459366e-07,114,7.001014805459366e-07,779.7041971683502,7.253905637057704e-06,1,7.253905637057704e-06,600.8172957897186,7.253905637057704e-06,3,7.253905637057704e-06,623.6236000061035,7.00101406933323e-07,100,7.00101406933323e-07,657.7347509860992,1.224901365817618e-05,20,1.224901365817618e-05,741.9538769721985,ok
boost_converter,odepe_v2_nopolish,0,boost_converter_2_0,,1,5.061132655913998e-12,169,5.061132655913998e-12,556.2368848323822,1.5249829593744805e-10,1,1.5249829593744805e-10,747.2988560199738,1.5249829593744805e-10,1,1.5249829593744805e-10,650.400013923645,1.5249829593744805e-10,100,1.5249829593744805e-10,775.1616830825806,1.2726972727172991e-11,20,1.2726972727172991e-11,716.2391362190247,ok
boost_converter,odepe_v2_nopolish,1em2,boost_converter_2_1em2,,1,0.195174369747374,183,0.195174369747374,732.1507358551025,0.19517436836289653,57,0.3454096613662867,880.5464391708374,0.195174369747374,20,0.34540913101324794,670.8980128765106,0.19517436836289653,100,0.3454096613662867,675.0551359653473,0.1951743704352979,20,0.34540965676332763,906.7655251026154,ok
boost_converter,odepe_v2_nopolish,1em4,boost_converter_2_1em4,,1,0.0010693545365312255,174,0.0010693545365312255,948.6031529903412,0.0012425397290986577,16,0.0012425397290986577,821.3731210231781,0.0012425397290986577,20,0.0012425397290986577,882.7746901512146,0.0008669457741021313,100,0.0008669457741021313,597.2639429569244,0.0012271228918118275,20,0.0012271228918118275,720.3464639186859,ok
boost_converter,odepe_v2_nopolish,1em6,boost_converter_2_1em6,,1,7.583959650706738e-06,205,7.583959650706738e-06,720.6424160003662,5.0073773734694736e-05,1,5.0073773734694736e-05,503.03465509414673,5.0073773734694736e-05,13,5.0073773734694736e-05,545.5256659984589,6.931103276055436e-05,100,0.00040212247499656724,769.220006942749,0.00020941954447108236,20,0.00020941954447108236,620.9279849529266,ok
boost_converter,odepe_v2_nopolish,1em8,boost_converter_2_1em8,,1,3.530068217123663e-06,190,3.530068217123663e-06,870.3370840549469,3.5300682154575713e-06,1,3.5300682154575713e-06,714.9451639652252,3.5300647798247108e-06,1,3.5300647798247108e-06,517.8188660144806,3.5300682154575713e-06,100,3.5300682154575713e-06,640.4655771255493,3.5300986858541274e-06,20,3.5300986858541274e-06,534.6974048614502,ok
boost_converter,odepe_v2_nopolish,0,boost_converter_3_0,,1,8.222811408708289e-10,87,8.222811408708289e-10,661.2697789669037,3.047786710453332e-09,1,3.047786710453332e-09,810.2209510803223,3.047786710453332e-09,1,3.047786710453332e-09,697.4160921573639,3.047786710453332e-09,87,3.047786710453332e-09,809.7091119289398,1.769496175497113e-10,20,1.769496175497113e-10,811.9296939373016,ok
boost_converter,odepe_v2_nopolish,1em2,boost_converter_3_1em2,,1,0.02283987680237249,151,0.02283987680237249,870.5650539398193,0.02283987680237249,49,0.02283987680237249,858.3393971920013,0.022839876799155858,20,0.022839876799155858,679.5874190330505,0.02283987680237249,100,0.02283987680237249,722.5091519355774,0.022839876802262973,20,0.022839876802262973,847.5957310199738,ok
boost_converter,odepe_v2_nopolish,1em4,boost_converter_3_1em4,,1,0.001608076639738923,128,0.001608076639738923,783.8447668552399,0.007637955020025319,6,0.007637955020025319,816.1151111125946,0.001608076639738923,20,0.007637989920640381,690.6270751953125,0.001608073401340152,100,0.007637955020025319,735.4851939678192,0.007638000117866083,20,0.007638000117866083,836.6858010292053,ok
boost_converter,odepe_v2_nopolish,1em6,boost_converter_3_1em6,,1,1.3727013312106669e-05,116,1.3727013312106669e-05,699.628005027771,3.0219442825902662e-05,1,3.0219442825902662e-05,736.3694889545441,3.0219442825902662e-05,7,3.0219442825902662e-05,783.7746911048889,1.9352051579983676e-05,100,1.9352051579983676e-05,648.1985459327698,0.00010072732321430639,20,0.00010072732321430639,778.0391039848328,ok
boost_converter,odepe_v2_nopolish,1em8,boost_converter_3_1em8,,1,1.9514873480161785e-06,81,1.9514873480161785e-06,801.713198184967,1.9514873914749877e-06,1,1.9514873914749877e-06,605.8964359760284,1.9514873914749877e-06,1,1.9514873914749877e-06,739.2527220249176,4.486682580489636e-06,95,4.486682580489636e-06,567.3967080116272,3.862795824532893e-06,20,3.862795824532893e-06,635.581937789917,ok
boost_converter,odepe_v2_nopolish,0,boost_converter_4_0,,1,1.3184183499025422e-08,108,1.3184183499025422e-08,658.2970461845398,1.2456379766976534e-07,1,1.2456379766976534e-07,835.5093898773193,1.2456379766976534e-07,1,1.2456379766976534e-07,796.6811981201172,1.2456379766976534e-07,96,1.2456379766976534e-07,837.3307449817657,2.42733694609427e-08,20,2.42733694609427e-08,797.0813119411469,ok
boost_converter,odepe_v2_nopolish,1em2,boost_converter_4_1em2,,1,0.04379622645685223,125,0.04379622645685223,683.1022038459778,0.04379629735451162,45,0.10805518772904196,807.18115401268,0.04379629735451162,20,0.10805518772904196,794.5014159679413,0.04379622645685283,100,0.10805518772916532,629.8844430446625,0.043796237344019474,20,0.10805518772928252,836.9481670856476,ok
boost_converter,odepe_v2_nopolish,1em4,boost_converter_4_1em4,,1,0.0008586172987942281,127,0.0008586172987942281,830.7455859184265,0.0009089848737864976,6,0.0009089848737864976,860.781121969223,0.0009089086576138046,20,0.0009089086576138046,766.3362610340118,0.0008586172066463325,100,0.0009089848737864976,643.8962988853455,0.0009005535684202558,20,0.0009005535684202558,737.4669690132141,ok
boost_converter,odepe_v2_nopolish,1em6,boost_converter_4_1em6,,1,2.618649711127649e-05,120,2.618649711127649e-05,813.8430049419403,2.664687751893543e-05,1,2.664687751893543e-05,606.0408630371094,3.114204504675798e-05,7,3.114204504675798e-05,640.9170019626617,2.6964281514432094e-05,100,3.114204504675798e-05,665.6907379627228,4.381052399397746e-05,20,4.381052399397746e-05,694.8935379981995,ok
boost_converter,odepe_v2_nopolish,1em8,boost_converter_4_1em8,,1,2.0871687524938687e-06,111,2.0871687524938687e-06,791.7785830497742,2.087168750049577e-06,1,2.087168750049577e-06,601.0603280067444,3.3786255227814405e-07,1,3.3786255227814405e-07,656.2824399471283,2.087168750049577e-06,100,2.087168750049577e-06,658.6406450271606,1.8432506853410524e-07,20,1.8432506853410524e-07,630.6498250961304,ok
boost_converter,odepe_v2_nopolish,0,boost_converter_5_0,,1,1.85807248375237e-08,101,1.85807248375237e-08,687.7306661605835,1.3321378424600217e-07,1,1.3321378424600217e-07,819.0544331073761,1.3321378424600217e-07,1,1.3321378424600217e-07,771.0322709083557,1.3321378424600217e-07,100,1.3321378424600217e-07,831.0629580020905,3.433034270194923e-06,20,3.433034270194923e-06,763.4677059650421,ok
boost_converter,odepe_v2_nopolish,1em2,boost_converter_5_1em2,,1,0.06421098245445388,124,0.06421098245445388,1002.0171060562134,0.08068232747165491,37,1.2227940528379468,885.821133852005,0.07401684536962219,20,1.5048008184779285,700.2913789749146,0.08068232747165491,100,1.2227940528379468,819.392256975174,0.07468727445687162,20,1.7460463374363924,924.0072610378265,ok
boost_converter,odepe_v2_nopolish,1em4,boost_converter_5_1em4,,1,0.009839334114742106,127,0.009839334114742106,856.0945670604706,0.03479825242490514,12,0.03479825242490514,811.3270390033722,0.009982124994880805,20,0.03479841902723021,664.2106809616089,0.009982124994880805,100,0.03479841902723021,601.1019151210785,0.03479841641454984,20,0.03479841641454984,832.715085029602,ok
boost_converter,odepe_v2_nopolish,1em6,boost_converter_5_1em6,,1,0.00016241919668576313,116,0.00016241919668576313,677.99085521698,0.0001131402734653377,1,0.0001131402734653377,593.5265970230103,0.0001131402734653377,12,0.0001131402734653377,743.943953037262,5.204840940481271e-05,100,0.0001131402734653377,581.6302092075348,4.3325205453551256e-05,20,4.3325205453551256e-05,627.2113490104675,ok
boost_converter,odepe_v2_nopolish,1em8,boost_converter_5_1em8,,1,5.960777167816773e-06,108,5.960777167816773e-06,814.638247013092,5.960777334350227e-06,1,5.960777334350227e-06,714.4251899719238,1.8931666949258255e-06,1,1.8931666949258255e-06,627.5963521003723,5.960777334350227e-06,100,5.960777334350227e-06,582.5727920532227,2.274966396759675e-05,20,2.274966396759675e-05,711.305447101593,ok
boost_converter,odepe_v2_nopolish,0,boost_converter_6_0,,1,4.417488759559315,97,4.417488759559315,654.9562101364136,4.4175497156624015,29,10.262569527219123,871.6478400230408,4.4175497156624015,20,10.262569527219123,817.8488719463348,4.4175497156624015,97,10.262569527219123,883.3435389995575,4.417560635936508,20,10.26256948299454,847.2522158622742,ok
boost_converter,odepe_v2_nopolish,1em2,boost_converter_6_1em2,,1,6.242234398785532,68,6.242234398785532,758.362958908081,6.790800255003998,20,7.888087328438311,665.1645858287811,6.790800255003998,20,7.888087328438311,875.2148671150208,6.242234398785532,68,7.8880321730906005,682.2932240962982,6.790800255002214,20,7.888087328169794,751.5024909973145,ok
boost_converter,odepe_v2_nopolish,1em4,boost_converter_6_1em4,,1,1.800515062381643,97,1.800515062381643,829.7739870548248,1.800515062381643,30,10.273791040563447,667.3918421268463,1.800515062381643,20,10.273791040563447,857.033205986023,1.800515062381643,97,10.273791040563447,726.4894459247589,1.8005150474865237,20,10.273791667052178,693.813157081604,ok
boost_converter,odepe_v2_nopolish,1em6,boost_converter_6_1em6,,1,4.561765941060782,97,4.561765941060782,800.8749330043793,4.56176594107561,29,10.264251004904368,646.5472910404205,4.561715657732493,20,10.26425002500106,694.7805309295654,4.561715657732493,97,10.26425002500106,696.2575061321259,4.5617852361381495,20,10.264251483090188,703.293370962143,ok
boost_converter,odepe_v2_nopolish,1em8,boost_converter_6_1em8,,1,4.418674542756378,97,4.418674542756378,775.8923940658569,4.418674542758181,29,10.262533528088142,720.6722421646118,4.418674542758181,20,10.262533528088142,724.5753829479218,4.418676543601043,97,10.262533577685355,720.4940619468689,4.418456349327446,20,10.262534118991432,823.3695759773254,ok
boost_converter,odepe_v2_nopolish,0,boost_converter_7_0,,1,1.834170296442943e-13,108,1.834170296442943e-13,565.4800901412964,2.5652198274653097e-13,1,2.5652198274653097e-13,776.1276071071625,2.5652198274653097e-13,1,2.5652198274653097e-13,731.420413017273,2.5652198274653097e-13,100,2.5652198274653097e-13,790.806205034256,1.6820435791143676e-13,20,1.6820435791143676e-13,730.0759539604187,ok
boost_converter,odepe_v2_nopolish,1em2,boost_converter_7_1em2,,1,0.07082979894868881,130,0.07082979894868881,828.4902610778809,0.10676766863956262,43,0.18398706839945506,873.1630141735077,0.10676766863956262,20,0.18398706839945506,799.0147612094879,0.07082979907064847,100,0.18398648278043173,705.6004190444946,0.10676773791461247,20,0.18398707057917138,764.9319729804993,ok
boost_converter,odepe_v2_nopolish,1em4,boost_converter_7_1em4,,1,0.00015822474638437753,128,0.00015822474638437753,972.2591710090637,0.0006551508859454058,6,0.0006551508859454058,776.8428089618683,0.0005000052311266355,20,0.0005000052311266355,705.8082189559937,0.0005000052311266355,100,0.0005000052311266355,680.0015749931335,0.000576506992151404,20,0.000576506992151404,925.932944059372,ok
boost_converter,odepe_v2_nopolish,1em6,boost_converter_7_1em6,,1,1.882636364343108e-05,164,1.882636364343108e-05,1100.055303812027,1.882636364343108e-05,1,1.882636364343108e-05,825.2429819107056,6.134469252605664e-05,7,6.134469252605664e-05,649.4233500957489,3.698041700337045e-05,100,6.134469252605664e-05,615.9415609836578,1.7718361253296038e-05,20,1.7718361253296038e-05,905.1732730865479,ok
boost_converter,odepe_v2_nopolish,1em8,boost_converter_7_1em8,,1,2.4688282266999477e-07,132,2.4688282266999477e-07,934.121621131897,2.468828015718979e-07,1,2.468828015718979e-07,646.6493790149689,1.6957727319690131e-06,1,1.6957727319690131e-06,589.9752960205078,1.6957727319690131e-06,100,1.6957727319690131e-06,623.7790470123291,1.718918591988408e-06,20,1.718918591988408e-06,592.051687002182,ok
boost_converter,odepe_v2_nopolish,0,boost_converter_8_0,,1,3.836061055420843e-07,101,3.836061055420843e-07,596.2396810054779,7.515525865684264e-08,1,7.515525865684264e-08,786.1195847988129,7.515525865684264e-08,1,7.515525865684264e-08,737.9732210636139,7.515525865684264e-08,92,7.515525865684264e-08,795.790326833725,5.642858879199972e-07,20,5.642858879199972e-07,770.3143570423126,ok
boost_converter,odepe_v2_nopolish,1em2,boost_converter_8_1em2,,1,0.04926010655506777,130,0.04926010655506777,735.7869350910187,0.04574547388369287,42,1.0382008869635262,854.8642129898071,0.03811292995950214,20,0.03811292995950214,682.4420371055603,0.04574547388369287,100,1.0382008869635262,687.6345601081848,0.04082594238823919,20,0.04082594238823919,768.4531462192535,ok
boost_converter,odepe_v2_nopolish,1em4,boost_converter_8_1em4,,1,0.0031125636589912392,130,0.0031125636589912392,835.5453100204468,0.0039149896142983,14,0.0039149896142983,811.6860411167145,0.0031125636589912392,20,0.003915117536637688,710.1506149768829,0.0031125636589912392,100,0.003915117536637688,663.2193639278412,0.003914989169924541,20,0.003914989169924541,664.5715339183807,ok
boost_converter,odepe_v2_nopolish,1em6,boost_converter_8_1em6,,1,1.941736927917256e-05,120,1.941736927917256e-05,804.1778779029846,8.773130462500798e-05,1,8.773130462500798e-05,743.1528890132904,1.0188338166129171e-05,15,1.0188338166129171e-05,646.9585478305817,1.0188338166129171e-05,100,1.0188338166129171e-05,647.934191942215,2.0989879987871416e-05,20,2.0989879987871416e-05,671.4165978431702,ok
boost_converter,odepe_v2_nopolish,1em8,boost_converter_8_1em8,,1,2.961163245928074e-07,94,2.961163245928074e-07,770.3867371082306,2.96116329182312e-07,1,2.96116329182312e-07,653.1863558292389,1.4613633945118338e-05,1,1.4613633945118338e-05,598.4222259521484,2.96116329182312e-07,92,2.96116329182312e-07,537.7787940502167,9.697628214453885e-06,20,9.697628214453885e-06,780.6180710792542,ok
boost_converter,odepe_v2_nopolish,0,boost_converter_9_0,,1,0.1995074027594129,67,0.1995074027594129,578.598140001297,0.3001588186005074,18,0.42450693973526266,783.1801581382751,0.3001588186005074,18,0.42450693973526266,739.5602068901062,0.19950740275941306,67,0.42450693973526266,800.8119781017303,0.1995074027594129,20,0.42450693966132136,760.396369934082,ok
boost_converter,odepe_v2_nopolish,1em2,boost_converter_9_1em2,,1,1.5110175138063022,153,1.5110175138063022,772.7255899906158,1.5110176267257445,42,2.7958519326953426,1007.335645198822,1.5110175138061914,20,2.7959068831842524,696.5677778720856,1.5110176267257445,100,2.7958519326953426,913.9368569850922,1.5110175357117348,20,2.795912664436471,825.5341138839722,ok
boost_converter,odepe_v2_nopolish,1em4,boost_converter_9_1em4,,1,0.19950794594767302,67,0.19950794594767302,776.0390160083771,0.3037099858345291,18,0.4215321997209612,651.2630739212036,0.3037099858345291,18,0.4215321997209612,781.6788630485535,0.1995079459476725,67,0.4215321997209612,687.9776439666748,0.19950794594767318,20,0.4215321908434676,836.338819026947,ok
boost_converter,odepe_v2_nopolish,1em6,boost_converter_9_1em6,,1,0.19950740813649054,67,0.19950740813649054,849.6911509037018,0.30018044685222517,18,0.4245400438506815,567.9681968688965,0.3001978381089442,18,0.424573606071862,781.6843860149384,0.1995074081364907,67,0.4245400438506815,632.3155751228333,0.1995074081364907,20,0.424565716816428,613.8089649677277,ok
boost_converter,odepe_v2_nopolish,1em8,boost_converter_9_1em8,,1,0.1995074028582067,67,0.1995074028582067,788.1403520107269,0.3001582582535947,18,0.42450726260466665,601.3444168567657,0.3001582582535947,18,0.42450726260466665,757.6880118846893,0.1995074028582067,67,0.4245073211898167,651.4203350543976,0.19950740285800594,20,0.4245068829868891,757.4657242298126,ok
brusselator,odepe_v2_nopolish,0,brusselator_0_0,,1,4.91619091115404e-12,87,4.91619091115404e-12,376.5974531173706,4.7834575806544105e-12,1,4.7834575806544105e-12,546.3716299533844,4.7834575806544105e-12,1,4.7834575806544105e-12,524.9767191410065,4.7834575806544105e-12,85,4.7834575806544105e-12,557.6986510753632,1.0687993699952535e-11,20,1.0687993699952535e-11,496.4598081111908,ok
brusselator,odepe_v2_nopolish,1em2,brusselator_0_1em2,,1,0.08231812080594463,260,0.08231812080594463,575.9159049987793,0.08231812080594438,47,0.2844985821707581,627.3510060310364,0.2844985821707581,20,0.2844985821707581,813.300656080246,0.08231812080594438,100,0.2844985821707581,622.608393907547,0.08231812080594339,20,0.28449891633406843,734.6786830425262,ok
brusselator,odepe_v2_nopolish,1em4,brusselator_0_1em4,,1,0.0010884095830594556,171,0.0010884095830594556,464.4147071838379,0.0014151239263943743,5,0.0014151239263943743,570.2663412094116,0.0011626521934348052,20,0.0014151261400922415,513.750501871109,0.0011626521934348052,100,0.0014151261400922415,475.2134358882904,0.0014151616399520831,20,0.0014151616399520831,488.2054488658905,ok
brusselator,odepe_v2_nopolish,1em6,brusselator_0_1em6,,1,2.3239634355551627e-05,126,2.3239634355551627e-05,578.1789298057556,2.3180111495824107e-05,1,2.3180111495824107e-05,414.3889060020447,2.3180111495824107e-05,1,2.3180111495824107e-05,452.5634648799896,2.3221802093464916e-05,100,2.3221802093464916e-05,517.326858997345,2.3208766085636157e-05,20,2.3208766085636157e-05,534.3752839565277,ok
brusselator,odepe_v2_nopolish,1em8,brusselator_0_1em8,,1,6.840332258716899e-07,92,6.840332258716899e-07,386.7789669036865,3.4903405832231726e-07,1,3.4903405832231726e-07,444.84400486946106,2.949127582881535e-07,1,2.949127582881535e-07,398.76630902290344,2.949127582881535e-07,87,2.949127582881535e-07,385.4484050273895,2.888386264733435e-07,20,2.888386264733435e-07,477.43232703208923,ok
brusselator,odepe_v2_nopolish,0,brusselator_1_0,,1,3.734293000019547e-10,90,3.734293000019547e-10,388.6494929790497,2.3580746119438107e-10,1,2.3580746119438107e-10,536.7082281112671,2.3580746119438107e-10,1,2.3580746119438107e-10,521.5351560115814,2.3580746119438107e-10,95,2.3580746119438107e-10,560.4081809520721,3.1518856382451983e-10,20,3.1518856382451983e-10,548.4568400382996,ok
brusselator,odepe_v2_nopolish,1em2,brusselator_1_1em2,,1,0.02148703421230166,244,0.02148703421230166,704.7406780719757,0.021487034212306938,35,0.4716264268243309,708.0574522018433,0.02148738037859383,20,0.471625745233882,602.7022910118103,0.021487034212306938,100,0.4716264268243309,542.757905960083,0.021489815988152312,20,0.471590019981961,643.5086939334869,ok
brusselator,odepe_v2_nopolish,1em4,brusselator_1_1em4,,1,0.0012930236848306246,224,0.0012930236848306246,651.3697280883789,0.0012930236848306246,3,0.0012930236848306246,469.2205469608307,0.001318000905780794,17,0.00954696604458672,436.8087248802185,0.0012930236848306246,100,0.0012930236848306246,453.74893403053284,0.0012930619303058995,20,0.0012930619303058995,467.8385360240936,ok
brusselator,odepe_v2_nopolish,1em6,brusselator_1_1em6,,1,9.71448776230087e-06,139,9.71448776230087e-06,611.9656450748444,9.71448776230087e-06,1,9.71448776230087e-06,514.1932439804077,9.71448776230087e-06,2,9.71448776230087e-06,568.9994211196899,2.1270906603118998e-05,100,2.1270906603118998e-05,435.833487033844,2.306826606074306e-05,20,2.306826606074306e-05,415.57880210876465,ok
brusselator,odepe_v2_nopolish,1em8,brusselator_1_1em8,,1,5.482756813033528e-06,98,5.482756813033528e-06,531.5236928462982,2.9310789073644372e-05,2,2.9310789073644372e-05,464.7801020145416,2.8945102139358615e-05,5,2.8945102139358615e-05,409.361545085907,5.482756800993081e-06,98,2.9310789073644372e-05,416.4943928718567,2.9251032580994087e-05,20,2.9251032580994087e-05,517.6156079769135,ok
brusselator,odepe_v2_nopolish,0,brusselator_2_0,,1,1.89634374511604e-11,119,1.89634374511604e-11,423.15330481529236,1.8969481003915415e-11,1,1.8969481003915415e-11,572.2587502002716,1.8969481003915415e-11,1,1.8969481003915415e-11,547.6425330638885,1.8969481003915415e-11,100,1.8969481003915415e-11,591.6920928955078,2.0215012459666763e-11,20,2.0215012459666763e-11,492.70142698287964,ok
brusselator,odepe_v2_nopolish,1em2,brusselator_2_1em2,,1,0.06431444316753693,258,0.06431444316753693,674.2846930027008,0.06431444316753693,32,0.06431444316753693,736.0230569839478,0.06431732764049575,20,0.06431732764049575,606.4883580207825,0.06431732764049575,100,0.06431732764049575,626.0219180583954,0.06431331696022079,20,0.06431331696022079,681.185956954956,ok
brusselator,odepe_v2_nopolish,1em4,brusselator_2_1em4,,1,0.025004794793780177,270,0.025004794793780177,830.563453912735,0.04749665562423009,8,0.04749665562423009,643.4553420543671,0.04749665562423009,20,0.04749665562423009,682.165050983429,0.04749665562423009,100,0.04749665562423009,570.6471891403198,0.041286196685019656,20,0.0474888710007126,534.8569118976593,ok
brusselator,odepe_v2_nopolish,1em6,brusselator_2_1em6,,1,0.0002582298018795166,143,0.0002582298018795166,742.7964520454407,0.0002582298018795166,3,0.0002582298018795166,612.9227299690247,0.0002582298018795166,8,0.0002582298018795166,647.3534259796143,0.0002582298018795166,100,0.0002582298018795166,577.8882098197937,0.0002579539016782012,20,0.0002579539016782012,497.15969705581665,ok
brusselator,odepe_v2_nopolish,1em8,brusselator_2_1em8,,1,2.930053052481765e-05,137,2.930053052481765e-05,534.9555819034576,0.0009329726920887974,1,0.0009329726920887974,530.0409429073334,0.00018793514366036436,3,0.0009329726920887974,532.9884030818939,2.930053052481765e-05,100,0.0009329726920887974,416.1938908100128,0.0002336965025690299,20,0.0002336965025690299,496.91168999671936,ok
brusselator,odepe_v2_nopolish,0,brusselator_3_0,,1,9.041231120750611e-13,93,9.041231120750611e-13,377.04622197151184,1.5864105192007765e-12,1,1.5864105192007765e-12,534.1062059402466,9.259732460703434e-13,1,9.259732460703434e-13,510.4148030281067,9.259732460703434e-13,97,9.259732460703434e-13,547.8772518634796,8.442813036555491e-13,20,8.442813036555491e-13,459.8009760379791,ok
brusselator,odepe_v2_nopolish,1em2,brusselator_3_1em2,,1,0.0862846337058547,247,0.0862846337058547,629.8780040740967,0.0862846337054121,43,0.22603952674956085,578.5157949924469,0.22603952674956085,20,0.22603952674956085,708.1901359558105,0.2260589008899304,100,0.2260589008899304,577.9226939678192,0.2260471030343387,20,0.2260471030343387,755.2569000720978,ok
brusselator,odepe_v2_nopolish,1em4,brusselator_3_1em4,,1,0.005411752446560655,184,0.005411752446560655,539.433590888977,0.005410085280090318,3,0.005410085280090318,529.063383102417,0.005410085280090318,15,0.005410085280090318,558.7412011623383,0.005411752446560655,100,0.005411752446560655,437.3314919471741,0.00540992755682951,20,0.00540992755682951,558.2862451076508,ok
brusselator,odepe_v2_nopolish,1em6,brusselator_3_1em6,,1,3.065765972146235e-05,114,3.065765972146235e-05,607.707622051239,4.363242787918875e-05,1,4.363242787918875e-05,529.7543799877167,4.363242787918875e-05,2,4.363242787918875e-05,537.2199349403381,4.3729075557851636e-05,100,4.3729075557851636e-05,388.9637711048126,4.391163248005783e-05,20,4.391163248005783e-05,394.7800290584564,ok
brusselator,odepe_v2_nopolish,1em8,brusselator_3_1em8,,1,1.0373621382010229e-05,103,1.0373621382010229e-05,480.88566613197327,7.242893050004644e-05,1,7.242893050004644e-05,346.1932678222656,7.242895079819375e-05,2,7.242895079819375e-05,404.30428099632263,1.2631501106068166e-05,100,7.242895079819375e-05,383.3363211154938,7.243089228715301e-05,20,7.243089228715301e-05,524.2512741088867,ok
brusselator,odepe_v2_nopolish,0,brusselator_4_0,,1,9.87954346938054e-11,109,9.87954346938054e-11,336.2981491088867,1.508120473596654e-12,1,1.508120473596654e-12,567.0686340332031,9.900659175249447e-11,1,9.900659175249447e-11,523.3662579059601,9.900659175249447e-11,100,9.900659175249447e-11,426.30531096458435,8.225581051159132e-10,20,8.225581051159132e-10,498.9301881790161,ok
brusselator,odepe_v2_nopolish,1em2,brusselator_4_1em2,,1,0.17023620437915205,242,0.17023620437915205,626.9873421192169,0.17023212633328413,73,0.17023212633328413,637.5548977851868,0.17023212633328413,20,0.17023212633328413,665.940033197403,0.17023618769739274,100,0.17023618769739274,544.8224430084229,0.17022418581367943,20,0.17022418581367943,710.0469348430634,ok
brusselator,odepe_v2_nopolish,1em4,brusselator_4_1em4,,1,0.0017368973770615936,218,0.0017368973770615936,629.275377035141,0.023495457403965532,11,0.023495457403965532,486.30723094940186,0.0016037014577443148,20,0.023495925775833343,461.19063115119934,0.009255524241260964,100,0.023495457403965532,501.69697999954224,0.02349602074077242,20,0.02349602074077242,599.6327369213104,ok
brusselator,odepe_v2_nopolish,1em6,brusselator_4_1em6,,1,1.4449915643270769e-05,165,1.4449915643270769e-05,671.0319209098816,1.453204085728044e-05,1,1.453204085728044e-05,548.7749109268188,1.453204085728044e-05,1,1.453204085728044e-05,533.4451608657837,1.4121414724994763e-05,100,1.4121414724994763e-05,434.2155408859253,1.568180148786042e-05,20,1.568180148786042e-05,526.1333780288696,ok
brusselator,odepe_v2_nopolish,1em8,brusselator_4_1em8,,1,8.957329971017287e-07,122,8.957329971017287e-07,574.4118299484253,3.8862134927129496e-05,1,3.8862134927129496e-05,432.70774722099304,3.8862134927129496e-05,1,3.8862134927129496e-05,467.1416029930115,8.957330003432557e-07,100,3.702859304821939e-05,378.6845049858093,3.6335333242777316e-05,20,3.6335333242777316e-05,561.2782077789307,ok
brusselator,odepe_v2_nopolish,0,brusselator_5_0,,1,29.063574074766755,66,29.063574074766755,292.02804708480835,29.088118898092965,31,61110421.57462687,515.458634853363,4601.520322974232,20,152474377.065032,473.07298612594604,29.063574074766755,65,152474377.065032,386.61051392555237,62531348.14712154,20,62531348.14712154,426.43733501434326,ok
brusselator,odepe_v2_nopolish,1em2,brusselator_5_1em2,,1,0.9873417721521776,1,0.9873417721521776,560.8322198390961,1.712408166943985,1,1.712408166943985,1401.739026069641,1.712408166943985,1,1.712408166943985,1036.689560174942,1.712408166943985,1,1.712408166943985,996.479407787323,0.8135069116299972,1,0.8135069116299972,1274.6504969596863,ok
brusselator,odepe_v2_nopolish,1em4,brusselator_5_1em4,,1,,,,562.85475897789,20.32196153401012,1,20.32196153401012,576.2355659008026,20.32196153401012,1,20.32196153401012,567.9967408180237,20.32196153401012,1,20.32196153401012,438.0189061164856,20.321961534017884,1,20.321961534017884,401.9576120376587,ok
brusselator,odepe_v2_nopolish,1em6,brusselator_5_1em6,,1,,,,393.93446707725525,16.605557164091614,1,16.605557164091614,373.4722068309784,16.605557164091614,1,16.605557164091614,476.70961904525757,16.605557164091614,1,16.605557164091614,370.0020101070404,16.60555716409146,1,16.60555716409146,432.6059639453888,ok
brusselator,odepe_v2_nopolish,1em8,brusselator_5_1em8,,1,466244.11472553556,17,466244.11472553556,433.0986840724945,466244.1147255361,8,62159742.07036248,440.88790488243103,466244.1147255361,8,62159742.07036248,339.2632989883423,466244.1147255361,17,62159742.07036248,351.9239811897278,466243.2344454709,15,51536222.081023455,434.61309790611267,ok
brusselator,odepe_v2_nopolish,0,brusselator_6_0,,1,0.11528256390874601,154,0.11528256390874601,339.1077229976654,0.11501952946849632,58,42246.81498156096,511.90498208999634,2.541777844322312,20,15694.156418649773,479.09334111213684,0.11528256351786471,100,15694.156418649773,394.3528561592102,2.5435306314475876,20,15687.283137271279,473.77046513557434,ok
brusselator,odepe_v2_nopolish,1em2,brusselator_6_1em2,,1,0.9877750611452841,1,0.9877750611452841,531.7016649246216,11.223619251304756,1,11.223619251304756,777.2203409671783,11.223619251304756,1,11.223619251304756,784.4406168460846,11.223619251304756,1,11.223619251304756,589.4301080703735,1.3216828898493134,1,1.3216828898493134,866.2909140586853,ok
brusselator,odepe_v2_nopolish,1em4,brusselator_6_1em4,,1,22820605.366930507,30,22820605.366930507,630.9137830734253,22686499.744829677,13,22686499.744829677,507.3602421283722,22686499.744829677,13,22686499.744829677,598.5667440891266,22686499.744829677,27,22686499.744829677,529.525918006897,22807833.545215804,20,22807833.545215804,444.4642291069031,ok
brusselator,odepe_v2_nopolish,1em6,brusselator_6_1em6,,1,23262.415293834085,132,23262.415293834085,655.6895380020142,23262.41527062094,31,235045.55273276882,561.9617879390717,235045.55273276882,20,235045.55273276882,554.1316690444946,23262.41527062094,100,235045.55273276882,482.589910030365,4923.963676137715,20,89574.9322645312,585.9547791481018,ok
brusselator,odepe_v2_nopolish,1em8,brusselator_6_1em8,,1,54.17987902061315,150,54.17987902061315,474.03658390045166,235.55334221701085,79,42960.7850052683,478.986456155777,1615.7890157376232,20,42960.7850052683,489.2916088104248,54.17987902061315,100,42960.7850052683,363.20415806770325,235.55363427676392,20,13383.852519788239,480.50169801712036,ok
brusselator,odepe_v2_nopolish,0,brusselator_7_0,,1,5.379027305589488e-07,183,5.379027305589488e-07,331.4043598175049,5.370400648302126e-07,1,5.370400648302126e-07,524.5515270233154,5.379034745449581e-07,2,5.379034745449581e-07,537.1121690273285,5.379034745449581e-07,100,5.379034745449581e-07,406.9089140892029,5.31251260908547e-07,20,5.31251260908547e-07,479.76832008361816,ok
brusselator,odepe_v2_nopolish,1em2,brusselator_7_1em2,,1,1.0,277,1.0,613.6662428379059,1.0,92,1.0,662.2720849514008,1.0,20,1.0,680.2032051086426,1.0,100,1.0,552.800173997879,1.0,20,1.0,743.8826251029968,ok
brusselator,odepe_v2_nopolish,1em4,brusselator_7_1em4,,1,0.12824360078465477,308,0.12824360078465477,594.329607963562,0.1282436007846569,69,0.6575639149159167,477.5863139629364,0.6575639149159167,20,0.6575639149159167,587.3195579051971,0.6482319697307288,100,0.6587412441327783,462.112939119339,0.6521687580706116,20,0.8536652708085811,598.5302050113678,ok
brusselator,odepe_v2_nopolish,1em6,brusselator_7_1em6,,1,0.035427753590051625,261,0.035427753590051625,578.6861238479614,0.037214249783480174,7,0.037214249783480174,453.88206601142883,0.03504228575574297,20,0.03504228575574297,450.7779369354248,0.03504228575574297,100,0.03504228575574297,467.2573490142822,0.035427753585453664,20,0.037062010483843826,545.4402039051056,ok
brusselator,odepe_v2_nopolish,1em8,brusselator_7_1em8,,1,0.0010663448143700468,199,0.0010663448143700468,504.9684031009674,0.024854569303674186,4,0.024854569303674186,425.79654908180237,0.0029272914040382905,15,0.024854569303674186,509.9048891067505,0.0011129659284722987,100,2.3897869076506746,418.0046389102936,0.024854569304200345,20,0.024854569304200345,482.2441780567169,ok
brusselator,odepe_v2_nopolish,0,brusselator_8_0,,1,2703.8139983853703,26,2703.8139983853703,364.61546897888184,2704.100049844458,13,4741146200.117318,535.3902390003204,2703.8139983853716,18,4739910026.9329605,542.6863939762115,2703.8139983853716,35,4739910026.9329605,411.95169281959534,2942.1424033124695,20,26337.673716987094,500.20186281204224,ok
brusselator,odepe_v2_nopolish,1em2,brusselator_8_1em2,,1,0.9886234357226624,1,0.9886234357226624,807.1991190910339,3.040212121187622,1,3.040212121187622,840.4234549999237,3.040212121187622,1,3.040212121187622,638.5610270500183,3.040212121187622,1,3.040212121187622,658.1591739654541,1.1325570574168309,1,1.1325570574168309,1386.1014637947083,ok
brusselator,odepe_v2_nopolish,1em4,brusselator_8_1em4,,1,,,,579.0866830348969,54.86587352962687,1,54.86587352962687,620.4042868614197,54.86587352962687,1,54.86587352962687,596.9074280261993,54.86587352962687,1,54.86587352962687,501.75407695770264,54.86587352956155,1,54.86587352956155,460.5246298313141,ok
brusselator,odepe_v2_nopolish,1em6,brusselator_8_1em6,,1,,,,625.4614379405975,80.96685968321813,1,80.96685968321813,537.029443025589,80.96685968321813,1,80.96685968321813,548.0537540912628,80.96685968321813,1,80.96685968321813,462.29398798942566,80.96685968321803,1,80.96685968321803,528.7693469524384,ok
brusselator,odepe_v2_nopolish,1em8,brusselator_8_1em8,,1,,,,505.0289568901062,80.96685965231785,1,80.96685965231785,393.8963439464569,80.96685965231785,1,80.96685965231785,469.15496802330017,80.96685965231785,1,80.96685965231785,411.7336061000824,80.96685965231751,1,80.96685965231751,479.7109959125519,ok
brusselator,odepe_v2_nopolish,0,brusselator_9_0,,1,7.714696090627002e-12,98,7.714696090627002e-12,352.2912378311157,7.17295464217805e-12,1,7.17295464217805e-12,523.2412619590759,7.670354866167887e-12,1,7.670354866167887e-12,531.037202835083,7.670354866167887e-12,100,7.670354866167887e-12,401.85462498664856,1.0333366953435698e-11,20,1.0333366953435698e-11,472.27287793159485,ok
brusselator,odepe_v2_nopolish,1em2,brusselator_9_1em2,,1,0.2520129584256841,234,0.2520129584256841,631.8963460922241,0.2520127424929923,43,0.2520127424929923,786.1194548606873,0.2520127424929923,20,0.2520127424929923,774.9235820770264,0.2520127424929923,100,0.2520127424929923,628.3089890480042,0.2520126374582472,20,0.2520126374582472,790.850711107254,ok
brusselator,odepe_v2_nopolish,1em4,brusselator_9_1em4,,1,0.002957017764125052,190,0.002957017764125052,532.3497850894928,0.007127579460042514,5,0.007127579460042514,618.7544319629669,0.002956870939361139,19,0.007127579460042514,629.8305158615112,0.002956870939361139,100,0.007127579460042514,498.5357418060303,0.0071273773573718715,20,0.0071273773573718715,511.52456307411194,ok
brusselator,odepe_v2_nopolish,1em6,brusselator_9_1em6,,1,3.3037089358746675e-05,127,3.3037089358746675e-05,632.7537748813629,3.3037089358746675e-05,1,3.3037089358746675e-05,454.88196206092834,3.3037089358746675e-05,1,3.3037089358746675e-05,554.382560968399,3.3037089358746675e-05,100,3.3037089358746675e-05,450.1620509624481,3.311586841248781e-05,20,3.311586841248781e-05,595.8350768089294,ok
brusselator,odepe_v2_nopolish,1em8,brusselator_9_1em8,,1,2.0368492942934043e-05,108,2.0368492942934043e-05,616.7922320365906,2.0368492942934043e-05,1,2.0368492942934043e-05,542.9246120452881,2.0126531532676665e-05,1,2.0126531532676665e-05,416.36111092567444,2.0368492942934043e-05,100,2.0368492942934043e-05,503.19502687454224,1.882809996986626e-05,20,1.882809996986626e-05,535.0951218605042,ok
crauste,odepe_v2_nopolish,0,crauste_0_0,,1,1.987409888684357e-05,1148,1.987409888684357e-05,4215.958804130554,8.143134945303438e-05,2,8.143134945303438e-05,6916.953058958054,2.109429589634406e-05,5,2.109429589634406e-05,4373.844851970673,2.109429589634406e-05,100,2.109429589634406e-05,4451.9657599925995,0.0011347481674613392,20,0.0011347481674613392,6557.140390872955,ok
crauste,odepe_v2_nopolish,1em2,crauste_0_1em2,,1,22950.16193858902,705,22950.16193858902,2878.6690199375153,39410.61882466685,81,194122903.12033612,5527.214121103287,165753.5657736992,20,194122903.12033612,5735.983719825745,39410.61882466685,100,194122903.12033612,5331.761122941971,100109.5403109951,20,14130715137.799547,5642.209318161011,ok
crauste,odepe_v2_nopolish,1em4,crauste_0_1em4,,1,1044.5626734200475,1008,1044.5626734200475,3768.34512090683,448.4597731455801,183,7152.3498978723765,7627.586166143417,3584.0989229246047,20,7152.3498978723765,7687.8954911231995,448.4597731455801,100,7152.3498978723765,6754.571141004562,1765.8300021505538,20,230478.75395383016,7924.335707187653,ok
crauste,odepe_v2_nopolish,1em6,crauste_0_1em6,,1,42.46310272168485,1508,42.46310272168485,5563.569949865341,83.08820899347137,80,171.70727074593995,10296.51324415207,83.08820899347137,20,171.70727074593995,10354.700428962708,83.08820899347137,100,171.70727074593995,6934.185364961624,332.59926746003373,20,1612.6739769511094,10041.728106975555,ok
crauste,odepe_v2_nopolish,1em8,crauste_0_1em8,,1,1.2834753923028654,1263,1.2834753923028654,4480.624542951584,3.980794262532781,95,7.391579051247054,11096.052531003952,3.980794262532781,20,7.391579051247054,11072.758298873901,3.9807940668265935,100,7.391579151916851,5115.265920877457,3.980794748062464,20,7.391595600712816,9327.605479955673,ok
crauste,odepe_v2_nopolish,0,crauste_1_0,,1,2.5544581623220335e-05,639,2.5544581623220335e-05,9285.268646001816,0.021555000537320713,1,0.021555000537320713,6258.799486875534,0.00025674565504689494,3,0.00025674565504689494,3715.337858915329,3.6526829281231015e-05,100,0.00025674565504689494,3772.4681878089905,0.00032416266840858696,20,0.00032416266840858696,6661.509755849838,ok
crauste,odepe_v2_nopolish,1em2,crauste_1_1em2,,1,418.43252491780964,537,418.43252491780964,4169.733251094818,418.43246575215863,94,9484.031717555368,5382.049349069595,3125.477856889475,20,9484.031717555368,7099.201579093933,418.43246575215863,100,9484.031717555368,6860.887747049332,455.4528907159879,20,9483.179625669838,7077.079751968384,ok
crauste,odepe_v2_nopolish,1em4,crauste_1_1em4,,1,105.84003128896072,781,105.84003128896072,4747.7011251449585,49.6010357023445,115,2641.327117493651,8741.017592906952,2568.1181893529083,20,2641.327117493651,8824.71838593483,783.5466865021182,100,2641.327117493651,5961.003378152847,2519.5107828116234,20,2643.0659561838393,9409.08457493782,ok
crauste,odepe_v2_nopolish,1em6,crauste_1_1em6,,1,116.56840809124262,779,116.56840809124262,9057.682250976562,116.56840809255998,9,121.62149131481794,6186.2908091545105,116.56840809255998,9,121.62149131481794,9257.584058046341,116.56840809255998,100,121.62149131481794,6097.099482059479,126.2552417950084,20,126.2552417950084,8185.8822820186615,ok
crauste,odepe_v2_nopolish,1em8,crauste_1_1em8,,1,19.004554406648417,846,19.004554406648417,5528.216658115387,14.81809942408623,5,14.81809942408623,6320.8180429935455,14.81809942408623,5,14.81809942408623,9457.595260858536,47.23543418769238,100,187.31430679401723,4176.731820821762,19.827672771824606,20,19.827672771824606,8886.799745082855,ok
crauste,odepe_v2_nopolish,0,crauste_2_0,,1,5.966639456206532e-06,1211,5.966639456206532e-06,11035.510891914368,0.0006713964587988239,1,0.0006713964587988239,5797.640007972717,0.0006713964587988239,3,0.0006713964587988239,8555.233253955841,4.514346710381395e-05,100,0.0006713964587988239,5289.5962018966675,0.0025449235613831667,20,0.0025449235613831667,7929.814093112946,ok
crauste,odepe_v2_nopolish,1em2,crauste_2_1em2,,1,7101.242572358526,714,7101.242572358526,7434.709197998047,30907.853467472836,68,30907.853467472836,6875.494451999664,30907.853467472836,20,30907.853467472836,7296.090953111649,17329.569497664903,100,30898.543720895654,3986.8842148780823,31198.18690776587,20,25266533.64862877,6921.429714202881,ok
crauste,odepe_v2_nopolish,1em4,crauste_2_1em4,,1,,,,,,,,,,,,,,,,,,,,,incomplete
crauste,odepe_v2_nopolish,1em6,crauste_2_1em6,,1,16.810226353340788,1092,16.810226353340788,5428.072933912277,8.198543273621924,43,468.7039645770597,10683.5044298172,8.198543273621924,20,468.7039645770597,10674.509861946106,8.198543273621924,100,468.7039645770597,7024.346451997757,23.978682748074053,20,189.48306038443621,10746.280487060547,ok
crauste,odepe_v2_nopolish,1em8,crauste_2_1em8,,1,0.8000659874335061,1143,0.8000659874335061,8884.8920109272,0.8000659874335061,29,0.8000659874335061,9688.45910191536,0.8000659874335061,20,0.8000659874335061,8796.988892793655,0.800065887748881,100,0.800065887748881,4422.5684769153595,0.8000658869181253,20,0.8000658869181253,9135.255299806595,ok
crauste,odepe_v2_nopolish,0,crauste_3_0,,1,1.2351894360206771e-05,1027,1.2351894360206771e-05,12003.668745040894,1.2351903445083668e-05,1,1.2351903445083668e-05,7848.312534093857,1.2351903445083668e-05,1,1.2351903445083668e-05,11382.39282798767,4.924605942404892e-06,100,4.924605942404892e-06,4668.119714975357,1.4905823299189055e-06,20,1.4905823299189055e-06,7686.278776884079,ok
crauste,odepe_v2_nopolish,1em2,crauste_3_1em2,,1,67.57653126307909,775,67.57653126307909,9974.468493938446,3892.5474125346263,143,11590.339754830233,9439.983269929886,7588.075925238643,20,11590.339754830233,9322.29435801506,3892.5474125346072,100,11590.338086497679,4508.541939020157,99.5577970545048,20,8359.003147965703,8891.579858779907,ok
crauste,odepe_v2_nopolish,1em4,crauste_3_1em4,,1,8.862839230086323,698,8.862839230086323,4841.897006034851,9.090349509461948,155,345.8682241420005,10555.523149967194,9.090349509461948,20,345.8682241420005,10501.13444685936,9.090349515478536,100,346.62836492132027,4649.415240049362,9.090349521453021,20,346.13347659463886,9559.137387037277,ok
crauste,odepe_v2_nopolish,1em6,crauste_3_1em6,,1,0.8973484426447521,789,0.8973484426447521,8619.019215106964,1.3591137329656762,12,17.894382200238415,10958.274926900864,1.3591137329656762,12,17.894382200238415,10504.743296861649,2.159672132896201,100,14.631340887870637,5087.685907840729,2.480105212417761,20,18.630038384094355,5518.8009169101715,ok
crauste,odepe_v2_nopolish,1em8,crauste_3_1em8,,1,0.0134093578094589,847,0.0134093578094589,5668.797120094299,0.013066489717575965,13,0.013066489717575965,11006.29009604454,0.013066489717575965,13,0.013066489717575965,11786.0271859169,0.0134093578169627,100,0.0134093578169627,5407.624619960785,,,,,incomplete
crauste,odepe_v2_nopolish,0,crauste_4_0,,1,1.596730747301035e-05,576,1.596730747301035e-05,10079.958069086075,1.5967276559311156e-05,1,1.5967276559311156e-05,10080.310435056686,1.5869195298588655e-05,1,1.5869195298588655e-05,4539.585227012634,1.5967276559311156e-05,100,1.5967276559311156e-05,6786.806065797806,1.2344354276638183e-05,20,1.2344354276638183e-05,12657.495984077454,ok
crauste,odepe_v2_nopolish,1em2,crauste_4_1em2,,1,16.915268800684494,582,16.915268800684494,4381.377324104309,131.49563321538545,50,1748329.1632568715,7200.560222148895,131.4956332153873,20,1748413.000068962,3280.732122898102,131.4956332153873,100,1748413.000068962,3211.515809059143,16.917257366654102,20,122552.15017429659,7876.433913946152,ok
crauste,odepe_v2_nopolish,1em4,crauste_4_1em4,,1,128.77141851133024,717,128.77141851133024,5658.376679182053,70.43276544417465,75,140.7668236909839,10527.57571387291,70.43276544417465,20,140.7668236909839,8535.731930971146,80.00255417343737,100,80.00255417343737,5061.699103832245,84.49168519466436,20,84.49168519466436,10495.318552017212,ok
crauste,odepe_v2_nopolish,1em6,crauste_4_1em6,,1,10.760076015103854,825,10.760076015103854,9988.759819984436,8.474575023927772,6,16.116883219640087,10530.363103866577,8.474575023927772,6,16.116883219640087,10545.915746927261,6.8167436197840505,100,6.8167436197840505,5318.027909994125,13.847554166830976,20,18.225752335956546,10420.942343950272,ok
crauste,odepe_v2_nopolish,1em8,crauste_4_1em8,,1,0.24825039920135372,878,0.24825039920135372,11104.944680929184,0.6436621359221428,7,1.0891968762298134,10735.762205123901,0.6436621359221428,7,1.0891968762298134,10774.076822042465,0.6436621359221428,100,1.0891968762298134,6961.592313051224,0.9407276131906626,20,0.9607744226502528,11579.419231176376,ok
crauste,odepe_v2_nopolish,0,crauste_5_0,,1,0.0006267489307855935,1414,0.0006267489307855935,11712.882148981094,0.0008082365772796743,1,0.0008082365772796743,8510.131192922592,0.0006267489307855935,6,0.0008082365772796743,12096.865854024887,0.0006267489307855935,100,0.0008082365772796743,7596.108503103256,0.0005012300771535837,20,0.0005012300771535837,5609.831348896027,ok
crauste,odepe_v2_nopolish,1em2,crauste_5_1em2,,1,8982.19805457757,926,8982.19805457757,5871.309859991074,60682.84739346509,151,161068.42245109924,6982.78407907486,60682.84739347568,20,161068.42245111428,4219.410061836243,60682.84739346509,100,161068.42245109924,5071.9581990242,60682.847393477445,20,60682.847393477445,7296.557131052017,ok
crauste,odepe_v2_nopolish,1em4,crauste_5_1em4,,1,707.0378097983794,1174,707.0378097983794,8588.223484992981,2010.1250837845403,99,13946.314191331054,9169.670086860657,2010.1250837845403,20,13946.314191331054,9154.004529953003,2010.125083440846,100,6128.881392891598,4515.830678939819,5168.893579229157,20,5657.524465389037,8380.625429153442,ok
crauste,odepe_v2_nopolish,1em6,crauste_5_1em6,,1,50.79995649321792,1299,50.79995649321792,5573.81528711319,103.04598275277004,60,210.318840609196,5005.963095903397,118.8862460673426,20,210.31883680775408,10519.702925920486,92.48317710239202,100,210.318840609196,5252.816113948822,94.46949047666853,20,208.04519906281288,10904.141806840897,ok
crauste,odepe_v2_nopolish,1em8,crauste_5_1em8,,1,4.248198976906008,1402,4.248198976906008,9283.446535110474,4.248198976906008,57,4.248198976906008,11705.586120843887,4.248198976906008,20,4.248198976906008,11677.724391937256,4.248198976906008,100,4.248198976906008,7772.973937034607,4.2482832706237845,20,4.2482832706237845,8063.384881973267,ok
crauste,odepe_v2_nopolish,0,crauste_6_0,,1,1.0729134099552924e-05,825,1.0729134099552924e-05,9925.631960868835,1.0729134370169786e-05,1,1.0729134370169786e-05,9259.61539387703,1.0729134370169786e-05,1,1.0729134370169786e-05,8389.745750904083,1.0729134370169786e-05,100,1.0729134370169786e-05,7512.887976884842,2.5087807555839415e-05,20,2.5087807555839415e-05,10842.967539072037,ok
crauste,odepe_v2_nopolish,1em2,crauste_6_1em2,,1,186.06524428089048,854,186.06524428089048,5108.353609085083,2962.6506950345065,133,18189.735623561857,9362.219352960587,3609.3482023079705,20,18189.735623561857,9668.457158088684,3347.0591675965734,100,18190.04517088552,5073.803311109543,677.3698547192186,20,6453.7462433453,9641.655288934708,ok
crauste,odepe_v2_nopolish,1em4,crauste_6_1em4,,1,90.1341784952858,1060,90.1341784952858,5646.64341711998,79.21892280632338,146,759.1170695128362,6625.90355014801,79.21892280632338,20,759.1170695128362,9825.244729042053,74.65067133235118,100,783.229662653741,4675.745018959045,82.01250854586657,20,776.6390374375115,9016.091147899628,ok
crauste,odepe_v2_nopolish,1em6,crauste_6_1em6,,1,3.0444340795211446,1066,3.0444340795211446,5766.060862064362,3.761917585405919,18,9.342419875256573,5015.782460927963,2.210788531116941,17,5.11470804083227,11221.408162117004,2.210788531116941,100,5.11470804083227,9764.66503405571,2.0671971067837025,20,4.553318980828097,9874.503113985062,ok
crauste,odepe_v2_nopolish,1em8,crauste_6_1em8,,1,0.10092333089348385,911,0.10092333089348385,10136.648949861526,0.37309888665484503,19,0.37309888665484503,11447.913457155228,,,,,,,,,0.36376503726577336,20,3.0716331826496317,11829.849915981293,ok
crauste,odepe_v2_nopolish,0,crauste_7_0,,1,8.753035977994725e-06,689,8.753035977994725e-06,8008.969702959061,8.752950229337376e-06,1,8.752950229337376e-06,8416.87584400177,8.752950229337376e-06,2,8.752950229337376e-06,9213.916554927826,8.752950229337376e-06,100,8.752950229337376e-06,6964.239164113998,1.9651702109673005e-05,20,1.9651702109673005e-05,8836.794699192047,ok
crauste,odepe_v2_nopolish,1em2,crauste_7_1em2,,1,130.35117860318562,682,130.35117860318562,4786.983258008957,139.12440692524575,141,11201.483651155768,8193.416953086853,680.3874051980715,20,11201.483651155768,9123.674463033676,680.3874051980715,100,11201.483651155768,8465.634353876114,1578.625495674015,20,281354542.60042405,8493.026255130768,ok
crauste,odepe_v2_nopolish,1em4,crauste_7_1em4,,1,9.937247955786502,751,9.937247955786502,8191.745568990707,9.937251155819794,96,895.1311322819587,5812.806334018707,817.3513039671346,20,991.3831544296081,4006.993017911911,236.87008737589264,100,991.3831544296081,4123.630441904068,6.361818809082523,20,970.9276884779468,8259.279779911041,ok
crauste,odepe_v2_nopolish,1em6,crauste_7_1em6,,1,9.361210125705126,810,9.361210125705126,4835.7747440338135,7.318750236319817,10,106.50743062784046,5045.587478160858,7.318750236319817,10,106.50743062784046,7261.699980020523,33.54425723187441,100,53.30386013891913,5021.9886310100555,5.476320819992715,20,100.46088724208242,9417.244876861572,ok
crauste,odepe_v2_nopolish,1em8,crauste_7_1em8,,1,0.2468979703816767,819,0.2468979703816767,8840.357208013535,0.28040782545264753,5,1.1644557537106888,9389.195261001587,2.9512690212800146,3,2.9512690212800146,3561.5983979701996,0.28040782545264753,100,1.1644557537106888,8753.933791160583,0.275542872059879,20,0.522604805943958,4029.845029115677,ok
crauste,odepe_v2_nopolish,0,crauste_8_0,,1,2.2990986250548198e-05,907,2.2990986250548198e-05,12735.069137096405,2.2990991676501386e-05,1,2.2990991676501386e-05,9031.49326300621,2.2990991676501386e-05,4,2.2990991676501386e-05,13156.596189022064,2.147365127281203e-05,100,2.2990991676501386e-05,11322.829712152481,0.0020303285511216688,20,0.0020303285511216688,11177.412475824356,ok
crauste,odepe_v2_nopolish,1em2,crauste_8_1em2,,1,70.82639776753274,744,70.82639776753274,5310.698951005936,,,,,,,,,,,,,347.63948917312086,20,7680748580.002643,9508.608555078506,ok
crauste,odepe_v2_nopolish,1em4,crauste_8_1em4,,1,15.881151785758389,788,15.881151785758389,10356.656893014908,91.03797492500209,111,2350.7716471298318,10107.612479925156,91.03558555825036,20,2353.720345325447,5110.035290002823,91.03558555825036,100,2353.720345325447,5283.487697839737,240.84806872082729,20,2355.6789956785133,6024.105238199234,ok
crauste,odepe_v2_nopolish,1em6,crauste_8_1em6,,1,5.0940953831821005,734,5.0940953831821005,12910.835904121399,2.5939390451915267,12,132.70049228247308,11372.308959960938,14.785328054010671,12,37.734867712228656,5421.346007108688,2.5939390451915267,100,132.70049228247308,11610.065824985504,2.0278719740840563,20,28.533793290644937,13095.152961969376,ok
crauste,odepe_v2_nopolish,1em8,crauste_8_1em8,,1,4.275002540293681,816,4.275002540293681,10017.813754081726,1.8715935530810661,10,105.8839641184151,4940.038381099701,1.8715935530810661,10,105.8839641184151,5215.887938976288,1.8715935530810661,100,105.8839641184151,5271.044589042664,1.4917822283526385,20,58.3012352330694,10866.559243917465,ok
crauste,odepe_v2_nopolish,0,crauste_9_0,,1,2.503983974110281e-05,698,2.503983974110281e-05,9269.392539024353,2.503983974110281e-05,1,2.503983974110281e-05,7653.080518960953,2.503983974110281e-05,1,2.503983974110281e-05,7121.464154958725,2.503983974110281e-05,100,2.503983974110281e-05,5356.963260173798,7.747708410842276e-06,20,7.747708410842276e-06,8735.732268095016,ok
crauste,odepe_v2_nopolish,1em2,crauste_9_1em2,,1,124.46187954222769,458,124.46187954222769,4767.209739208221,2135.3309314980957,57,10496.278802382152,4397.061927080154,2135.3309314980957,20,10496.278802382152,6565.91277718544,217.8894375825803,100,10477.065477901968,3320.1887459754944,10489.64355647073,20,10489.64355647073,5127.350615978241,ok
crauste,odepe_v2_nopolish,1em4,crauste_9_1em4,,1,72.50153933522952,618,72.50153933522952,9865.516144037247,99.63339840638682,60,76042.66836799201,6430.372767210007,341.3892746691841,20,341.3892746691841,4358.207191944122,99.63339840638682,100,76042.66836799201,8347.753787994385,4.070544857371048,20,705656.9791954666,5439.842779159546,ok
crauste,odepe_v2_nopolish,1em6,crauste_9_1em6,,1,8.133144888313582,568,8.133144888313582,9239.099107027054,,,,,20.40848758494493,20,20.40848758494493,4181.71662402153,,,,,1.9137915666383631,20,1.9137915666383631,8030.000465869904,ok
crauste,odepe_v2_nopolish,1em8,crauste_9_1em8,,1,1.7610962658370473,610,1.7610962658370473,7868.324043035507,0.16125977469125785,2,0.16125977469125785,8435.98086309433,0.16125977469125785,2,0.16125977469125785,7796.7765781879425,0.16125977469125785,100,0.16125977469125785,8113.24253320694,7.442261892576501,20,7.442261892576501,7882.941241025925,ok
cstr,odepe_v2_nopolish,0,cstr_0_0,,1,0.00018863723378025662,619,0.00018863723378025662,4351.790779829025,0.005241195120018466,2,0.005241195120018466,9223.090416193008,0.0007352555448170345,4,0.005241195120018466,10009.246975898743,0.00018863723378074356,100,0.005241195120018466,8643.104726076126,0.0047574156358613055,20,0.0047574156358613055,9565.53680896759,ok
cstr,odepe_v2_nopolish,1em2,cstr_0_1em2,,1,3.454773828976336,410,3.454773828976336,3336.5465931892395,8.232937642163161,193,8.232937642163161,7007.230003118515,8.232937642163161,20,8.232937642163161,7196.712567090988,8.2328203210444,100,8.2328203210444,4076.1257491111755,8.232899189102925,20,8.232899189102925,6498.947314977646,ok
cstr,odepe_v2_nopolish,1em4,cstr_0_1em4,,1,1.0806597201169095,512,1.0806597201169095,3760.5978860855103,1.0806597201169095,63,105.36194296054776,7699.872388124466,1.0806597201179264,20,105.36194296073718,4026.913642883301,1.0806597201179264,100,105.36194296073718,4203.252043962479,1.0806597201120312,20,105.36194295971245,3882.837860107422,ok
cstr,odepe_v2_nopolish,1em6,cstr_0_1em6,,1,0.5313607717867679,630,0.5313607717867679,4232.746866941452,0.5396745342919306,17,5.751477344631421,9891.567641019821,0.5396745342919306,17,5.751477344631421,8564.847854852676,0.5320038245766494,100,2.830369173532943,4802.211263179779,0.5358525980996023,20,2.8303691725264257,4994.406967878342,ok
cstr,odepe_v2_nopolish,1em8,cstr_0_1em8,,1,0.22759605816462758,640,0.22759605816462758,4080.0229930877686,2.272544590131154,14,457.1926266713657,10156.955981016159,2.272544590131154,14,457.1926266713657,7783.025573015213,0.6182158275503966,100,457.1926266713657,9379.034178972244,0.5387333343853946,20,791.2499042040597,8472.870303153992,ok
cstr,odepe_v2_nopolish,0,cstr_1_0,,1,7.315067615682053e-05,576,7.315067615682053e-05,6097.889806985855,0.0006895803377568315,1,0.0006895803377568315,9869.763839960098,0.0006895803377568315,1,0.0006895803377568315,10008.48954486847,0.0002516154673716732,100,0.0006895803377568315,6666.6791269779205,7.956662526165215e-05,20,0.0015661911097535552,10631.3275680542,ok
cstr,odepe_v2_nopolish,1em2,cstr_1_1em2,,1,1.7201386050459984,496,1.7201386050459984,5505.538250923157,1.7201382683366047,274,106.33014445075476,6997.345690011978,5.522446167475903,20,106.33039614128305,4610.987867832184,1.7201386050459984,100,106.33039614128305,4356.895515203476,5.52244616747798,20,106.33040010171072,6367.782938957214,ok
cstr,odepe_v2_nopolish,1em4,cstr_1_1em4,,1,1.0603333376460058,539,1.0603333376460058,8220.71372294426,2.2019632874450643,322,18.02110933799154,8391.11787700653,14.244844397769908,20,18.02110933799154,8399.395223855972,10.470803893751015,100,17.71810300521785,4661.758879899979,14.240232384645209,20,18.01716217818145,4442.320116996765,ok
cstr,odepe_v2_nopolish,1em6,cstr_1_1em6,,1,1.0034477525764263,573,1.0034477525764263,6661.801605939865,2.938579776720285,2,4.808974356913192,6962.50789308548,2.3261253661115378,20,2.3261253661115378,5725.800323963165,2.3261253661115378,100,2.3261253661115378,5709.571091175079,3.6723084675051436,20,3.6723084675051436,5527.654528141022,ok
cstr,odepe_v2_nopolish,1em8,cstr_1_1em8,,1,0.8173562367026905,617,0.8173562367026905,6897.461148023605,0.8173562587253295,139,22.555496892552945,10079.95443201065,0.8173562367026905,20,10.554816394112152,5631.261514902115,0.8173562367026905,100,10.554816394112152,5614.470277070999,0.4528832005406049,20,22.555476303789202,7425.494032859802,ok
cstr,odepe_v2_nopolish,0,cstr_2_0,,1,6.595021473376761e-07,600,6.595021473376761e-07,7474.901292085648,6.595021473376761e-07,1,6.595021473376761e-07,6932.304110050201,6.595021473376761e-07,1,6.595021473376761e-07,7450.593547105789,6.595021473376761e-07,100,6.595021473376761e-07,4970.412002086639,6.014464077041611e-08,20,6.014464077041611e-08,7541.827500104904,ok
cstr,odepe_v2_nopolish,1em2,cstr_2_1em2,,1,0.4744904941814837,293,0.4744904941814837,4263.537662029266,0.4744904941814837,181,2.951429715305936,4677.439108848572,2.042472064767669,20,2.95142971530554,2921.015923976898,0.4744904941814837,100,2.951429715305936,4372.660712957382,0.8636164267675904,20,2.951429715306031,4207.563991069794,ok
cstr,odepe_v2_nopolish,1em4,cstr_2_1em4,,1,0.34197822310738,430,0.34197822310738,5347.789521932602,0.34197822310734133,151,0.544184850040878,4611.4496738910675,0.41477420085340916,20,0.5441848500555545,2828.542469024658,0.341978223107539,100,0.5441848500555545,2905.344407081604,0.4147916848920627,20,0.5441848500658022,2641.4237899780273,ok
cstr,odepe_v2_nopolish,1em6,cstr_2_1em6,,1,0.021959144011871493,550,0.035948132173409475,6661.504926919937,0.03594813217347179,95,0.03594813217347179,6371.202934026718,0.03633115454736023,20,0.05690975013406277,3383.4852929115295,0.03633115454736023,100,0.05690975013406277,3423.211477994919,0.037257141157233074,20,0.037257141157233074,3335.6430950164795,ok
cstr,odepe_v2_nopolish,1em8,cstr_2_1em8,,1,0.0009922266320550627,664,0.008371993657098056,7936.511379003525,0.021990526369353045,30,0.021990526369353045,3744.4970779418945,0.008371993657098056,20,0.021990526686690298,7413.803173065186,0.008371993657098056,100,0.021990526686690298,6470.724967002869,0.02199052689024377,20,0.02199052689024377,7467.104561090469,ok
cstr,odepe_v2_nopolish,0,cstr_3_0,,1,0.009696118489397066,582,0.009696118489397066,5569.989552974701,0.009724321828906047,2,0.009724321828906047,9328.540540933609,0.009724321828906047,2,0.009724321828906047,9506.883975028992,0.009724321828906047,100,0.009724321828906047,9310.852910041809,0.0004770869509325364,20,0.0004770869509325364,10449.566951036453,ok
cstr,odepe_v2_nopolish,1em2,cstr_3_1em2,,1,1.536766985430979,396,1.536766985430979,5117.135097026825,3.3283535231534556,186,6.543254711234902,6732.6849501132965,6.543249998366996,20,6.543249998366996,4015.04682803154,3.3283535231534165,100,6.543249998366996,3873.617474079132,6.542918300070562,20,6.542918300070562,6185.9140701293945,ok
cstr,odepe_v2_nopolish,1em4,cstr_3_1em4,,1,1.0431122029986661,383,1.0431122029986661,5102.227229118347,3.4485594356364824,175,986.7874914243325,5139.219851970673,7.170086997781584,20,986.7874914212299,4134.7675812244415,5.231351745096505,100,986.7874914243325,4907.135005950928,7.17008699784804,20,986.7874914209297,4055.2635769844055,ok
cstr,odepe_v2_nopolish,1em6,cstr_3_1em6,,1,1.2507199965169147,560,1.2507199965169147,5914.3655750751495,5.596802022350197,21,578.1358193698849,6414.419594049454,5.596802022350197,20,578.1358193698849,9431.955168962479,5.596802022350197,100,578.1358193698849,8912.960037946701,5.596801852917193,20,576.8888983552677,4650.270231962204,ok
cstr,odepe_v2_nopolish,1em8,cstr_3_1em8,,1,1.3964309126676349,663,1.3964309126676349,6336.537300825119,1.3747599118163978,20,41.83352897132679,10125.591588020325,2.296397271424216,20,59.86069779951605,5199.325931072235,1.3747599118163978,100,41.83352897132679,8596.098816156387,0.5224419129410434,20,481.45893004867827,9873.200532197952,ok
cstr,odepe_v2_nopolish,0,cstr_4_0,,1,0.9997897012685225,562,0.9997897012685225,4475.8713121414185,0.9999999999940851,42,9.891478170704286,7771.72235417366,0.9999999999940851,20,9.891478170704286,7209.235853910446,0.9999999999940851,100,9.891478170704286,7391.590745925903,0.9999999999940851,20,9.8914781669531,4433.547518014908,ok
cstr,odepe_v2_nopolish,1em2,cstr_4_1em2,,1,1.639429095517343,539,1.639429095517343,5622.4592390060425,1.639429095517343,260,242.64176317069513,4700.665446996689,2.068017556004938,20,242.6417631738761,3852.3541281223297,1.6597221669593107,100,242.6417631738761,4224.814567089081,1.6597221669612592,20,242.64176316911758,5912.615514039993,ok
cstr,odepe_v2_nopolish,1em4,cstr_4_1em4,,1,1.052396971808634,566,1.052396971808634,5040.156835079193,1.0523969718083888,19,7.928680838434727,7253.007505893707,1.052396971808634,19,7.928680838288869,4054.051146030426,1.052396971808634,100,7.928680838288869,4106.342731952667,1.0523969718078987,20,7.928680838371984,4097.557734966278,ok
cstr,odepe_v2_nopolish,1em6,cstr_4_1em6,,1,0.9999999999940754,586,0.9999999999940754,5067.365532159805,0.9999999999940754,37,9.908277705788532,8014.271364927292,0.9999999999940754,20,9.908277705788532,8045.018039941788,0.9999999999940754,100,9.908277705788532,5350.339664936066,0.9999999999940754,20,9.9082777045879,5526.050611972809,ok
cstr,odepe_v2_nopolish,1em8,cstr_4_1em8,,1,0.9999999999940853,565,0.9999999999940853,5201.090303897858,1.0750476338281816,43,9.89168431393784,5552.009332895279,1.0750476338281816,20,9.89168431393784,7355.834808111191,0.9999999999940853,100,9.891684313973075,3841.434932947159,0.9999999999940853,20,9.89168430947438,3886.700469970703,ok
cstr,odepe_v2_nopolish,0,cstr_5_0,,1,1.0000181806174169,536,1.0000181806174169,4436.9174728393555,1.6486240444287328,48,6.71181747397133,7705.616492033005,1.796228560598825,20,6.71181747397133,7704.525774002075,1.6486240444287328,100,6.71181747397133,7406.723628044128,1.4196893629802294,20,1.9849348873171342,7859.364151000977,ok
cstr,odepe_v2_nopolish,1em2,cstr_5_1em2,,1,0.9999992451761575,566,0.9999992451761575,4728.195239782333,2.603667077176156,285,8.560681737988128,6367.472670078278,2.603667077176156,20,8.560681737988128,6222.23215508461,2.603667077176156,100,8.560681737988128,4173.926109075546,2.6036670771537453,20,8.560756114356048,5686.730281829834,ok
cstr,odepe_v2_nopolish,1em4,cstr_5_1em4,,1,0.9999999999998136,438,0.9999999999998136,5103.730390787125,0.9999999999998654,117,2.197475750475332,4867.697458982468,0.9999999999997099,20,2.1974757506069773,4035.4605219364166,0.9999999999997099,100,2.1974757506069773,4064.5569088459015,0.9999999999998982,20,2.1974757504381652,6985.106715917587,ok
cstr,odepe_v2_nopolish,1em6,cstr_5_1em6,,1,1.0000000000000064,536,1.0000000000000064,5208.4333300590515,1.4092843651263232,24,3.9848782214084526,7352.626223087311,1.6796338135192008,20,5.688996829091728,4159.451842069626,1.4202213252861753,100,5.688996829091728,4043.658721923828,1.5882879855445307,20,2.8151325721425127,4080.3868248462677,ok
cstr,odepe_v2_nopolish,1em8,cstr_5_1em8,,1,0.9098987532337197,538,0.9098987532337197,4995.928149938583,1.492662731095735,25,3.7900596882722524,5154.9445650577545,1.4171974246014096,20,2.7870627024782717,3918.569487810135,1.492662731095735,100,3.7900596882722524,5042.9037210941315,0.9999999999999645,20,5.388895607818951,5278.130937099457,ok
cstr,odepe_v2_nopolish,0,cstr_6_0,,1,2.4899723156351124e-08,879,2.4899723156351124e-08,6435.16118979454,3.604923634735799e-08,1,3.604923634735799e-08,8058.840414047241,3.604923634735799e-08,1,3.604923634735799e-08,11361.473914146423,3.604923634735799e-08,100,3.604923634735799e-08,9957.3492770195,2.5163156534196543e-06,20,2.5163156534196543e-06,5607.829835891724,ok
cstr,odepe_v2_nopolish,1em2,cstr_6_1em2,,1,1.2411489553453967,410,1.2411489553453967,6837.589807987213,2.9278886180539683,194,23.307216381476376,4660.294630050659,6.544644391818351,20,23.30721638147705,3906.452049970627,2.9278886180539683,100,23.307216381476376,6476.580549955368,6.544644391818102,20,2400.0667272541345,5353.809241771698,ok
cstr,odepe_v2_nopolish,1em4,cstr_6_1em4,,1,0.6163972350892525,473,0.6163972350892525,5236.0796411037445,0.6163972350897831,76,18.688129629771463,5582.618728876114,0.6163972350892525,20,18.688129629770096,4114.315849065781,0.6163972350892525,100,18.688129629770096,4159.456890106201,0.6163972350895768,20,18.688129629770224,7690.83055305481,ok
cstr,odepe_v2_nopolish,1em6,cstr_6_1em6,,1,0.4017737054255263,491,0.4017737054255263,5821.372519016266,0.40177365646908964,65,2.6058534397359487,6389.652343988419,0.40177365646908964,20,2.6058534397359487,9069.958308935165,0.4017736466223327,100,0.9609287167138012,5013.024144887924,0.4017736997287234,20,0.9609288123324826,7199.505570173264,ok
cstr,odepe_v2_nopolish,1em8,cstr_6_1em8,,1,0.06472546227649777,758,0.06472546227649777,6596.016002893448,0.1380806012025791,115,0.9023420864480467,7791.465907096863,0.0871048717971594,20,1.1432669065781504,5410.081851005554,0.1380806012025791,100,0.9023420864480467,7094.120366811752,0.5018777805074508,20,0.9742547444199956,7913.833516836166,ok
cstr,odepe_v2_nopolish,0,cstr_7_0,,1,0.999991487069284,522,0.999991487069284,5313.34504699707,0.9999812547561933,105,13.849232577671973,6874.897728919983,0.9999812547561933,20,13.849232577671973,8504.306062936783,0.9999812547561933,100,13.849232577671973,8009.890292882919,0.9999911282091895,20,26.80397984029291,5411.472688913345,ok
cstr,odepe_v2_nopolish,1em2,cstr_7_1em2,,1,1.0178512872254037,620,1.0178512872254037,4779.796622991562,1.744104189305855,258,2.410802782438596,6560.265958070755,2.410802782424102,20,2.410802782424102,3920.310508966446,2.410802782438596,100,2.410802782438596,4365.5268478393555,2.410802782703727,20,2.410802782703727,5317.269762992859,ok
cstr,odepe_v2_nopolish,1em4,cstr_7_1em4,,1,1.0055935256303015,530,1.0055935256303015,5359.042467832565,1.0512656797607896,157,1.3781755034805552,6009.676388978958,1.0512656797607896,20,1.3781755034805552,8565.872440099716,1.0512656797607896,100,1.3781755034805552,5456.426722049713,1.0752517418319154,20,1.3790321090497712,5718.555637836456,ok
cstr,odepe_v2_nopolish,1em6,cstr_7_1em6,,1,0.9999831415349311,355,0.9999831415349311,5629.795629024506,1.0122610566212404,77,5.077892710610521,8414.765115976334,1.0122610566212404,20,5.077892710610521,8420.045604228973,1.0122610566212404,100,5.077892710610521,5423.59711098671,1.0922201915795224,20,77.54841733912085,4542.716461181641,ok
cstr,odepe_v2_nopolish,1em8,cstr_7_1em8,,1,1.0005108995643233,481,1.0005108995643233,5709.383375883102,1.2090110129132288,61,1.8269750100815783,8476.727844953537,1.0000001442029227,20,1.3644972189000732,4392.613570928574,1.2090110129132288,100,1.8269750100815783,6078.892374038696,0.99998165960403,20,3.7527730048563517,9279.03184390068,ok
cstr,odepe_v2_nopolish,0,cstr_8_0,,1,1.2136994025807524,557,1.2136994025807524,8533.091763019562,1.7498194027955527,36,22.117206188622816,7757.787046909332,2.8097032862297486,20,22.117206188622816,7780.719130039215,1.7498194027955527,100,22.117206188622816,7423.589432954788,3.3561755401426967,20,22.117233672319653,8341.114600896835,ok
cstr,odepe_v2_nopolish,1em2,cstr_8_1em2,,1,1.0404225480253617,615,1.0404225480253617,4476.407018899918,4.187269275125548,262,10.266022585773458,4629.457170963287,6.394396615148725,20,10.266022585773458,6213.207638025284,4.187269275125841,100,10.2660225857711,3795.5878059864044,6.399651849429816,20,10.266022585803183,5256.083158016205,ok
cstr,odepe_v2_nopolish,1em4,cstr_8_1em4,,1,0.9401665382433565,561,0.9401665382433565,4827.51176404953,1.8568455937300845,27,6.760493677350574,7141.982292890549,6.760493677350574,20,6.760493677350574,7140.082719087601,1.5799989640257992,100,6.826232074815974,3798.0887620449066,7.441772363857571,20,48.82351319592268,7023.989166975021,ok
cstr,odepe_v2_nopolish,1em6,cstr_8_1em6,,1,1.1049426421433841,555,1.1049426421433841,6574.558827877045,1.7214021066329213,35,22.292080115060028,5046.809861898422,1.7214021066329213,20,22.292080115060028,7043.705600976944,1.184175486092666,100,22.062854619684607,3926.8930671215057,1.562179490563039,20,22.29519469715571,5980.3484489917755,ok
cstr,odepe_v2_nopolish,1em8,cstr_8_1em8,,1,1.813398997252648,543,1.813398997252648,7099.802597045898,1.813398997221625,35,22.4835041845211,3614.641904115677,2.2700199812859765,20,22.4835041845211,3811.6802361011505,1.8133989972526534,100,22.120067179303472,5192.126981973648,2.5803940894215445,20,22.482487954469875,6058.806808948517,ok
cstr,odepe_v2_nopolish,0,cstr_9_0,,1,1.6721594585990303,422,1.6721594585990303,9022.166260004044,3.443655381635484,29,12.231409329075449,5714.880217075348,5.2351798604136075,20,12.231409329075449,8495.034026145935,3.443655381635484,100,12.231409329075449,8009.339465141296,3.1125089972718234,20,12.234839349150995,6434.393234968185,ok
cstr,odepe_v2_nopolish,1em2,cstr_9_1em2,,1,0.9989626552722303,512,0.9989626552722303,5370.157320976257,2.5041301414837953,221,12.153034425789597,7473.510231018066,4.596459527717188,20,12.153034425789597,7294.16153717041,2.5041301414837953,100,12.153034425789597,7421.32265496254,4.596459527730496,20,12.15303442576154,5892.467343091965,ok
cstr,odepe_v2_nopolish,1em4,cstr_9_1em4,,1,1.220578867016456,448,1.220578867016456,4998.907467126846,4.501654399268717,38,42.00247113408853,5231.243448972702,4.501654399268717,20,42.00247113408853,7829.624722003937,1.220578867016456,100,42.00247112502205,4148.986813783646,4.501654399323196,20,42.00247113191653,7444.893914937973,ok
cstr,odepe_v2_nopolish,1em6,cstr_9_1em6,,1,1.008396184578888,508,1.008396184578888,5478.05734205246,2.3948796361808515,27,12.230927861104083,8228.06745004654,3.724346150316665,20,12.235789655186212,4571.175918102264,2.3948796361808515,100,12.230927861104083,5727.585837125778,1.2425203494957853,20,6.763522044841243,8704.83007478714,ok
cstr,odepe_v2_nopolish,1em8,cstr_9_1em8,,1,0.8406651663030253,513,0.8406651663030253,5384.865355014801,2.84701375968547,27,7.969350185316588,5627.324796915054,2.84701375968547,20,7.969350185316588,8398.631948947906,2.1817380784993943,100,7.969350185316588,5302.183697938919,2.3511899709341977,20,7.9940719173422705,5512.949579954147,ok
daisy_mamil3,odepe_v2_nopolish,0,daisy_mamil3_0_0,,1,2.137282549971181e-09,333,2.137282549971181e-09,646.1743280887604,2.13728402465072e-09,1,2.13728402465072e-09,833.6565988063812,2.13728402465072e-09,1,2.13728402465072e-09,825.0754480361938,2.13728402465072e-09,100,2.13728402465072e-09,939.7962849140167,1.2520126196596656e-09,20,1.2520126196596656e-09,899.8615708351135,ok
daisy_mamil3,odepe_v2_nopolish,1em2,daisy_mamil3_0_1em2,,1,0.4066185012116475,287,0.4066185012116475,836.6938610076904,0.4066185012116475,46,1.8884450190684654,1185.621601819992,0.40661850121138077,20,1.8884149997888309,836.3192598819733,0.4066185012116475,100,1.8884450190684654,945.601166009903,0.40661850121145005,20,1.8880986787650327,1242.5376439094543,ok
daisy_mamil3,odepe_v2_nopolish,1em4,daisy_mamil3_0_1em4,,1,0.04815133804866861,251,0.04815133804866861,758.2308030128479,0.04815133805102958,32,0.4166349107538202,1078.7456510066986,0.04815133805102958,20,0.4166349107538202,1103.9071209430695,0.04815133805102958,100,0.4166349107538202,907.5060029029846,0.0481513380579907,20,0.41663491075431114,630.7110879421234,ok
daisy_mamil3,odepe_v2_nopolish,1em6,daisy_mamil3_0_1em6,,1,0.0008400044191368375,358,0.0008400044191368375,837.9209780693054,0.02082860297591486,18,0.02082860297591486,958.7291188240051,0.0011075926951050928,20,0.02082860297591486,966.8704059123993,0.001105261877015352,100,0.002047993108881935,629.0704867839813,0.020828602984030234,20,0.020828602984030234,902.2881770133972,ok
daisy_mamil3,odepe_v2_nopolish,1em8,daisy_mamil3_0_1em8,,1,0.000352371457038126,390,0.000352371457038126,723.382796049118,0.0020272578719431294,5,0.0020272578719431294,1085.6623120307922,0.0006332092217113659,20,0.0020272578719431294,1093.1326651573181,0.0001657333599862731,100,0.0018485370664928526,633.3320949077606,0.003160545851151698,20,0.003160545851151698,1035.3621311187744,ok
daisy_mamil3,odepe_v2_nopolish,0,daisy_mamil3_1_0,,1,3.8713645084289e-11,314,3.8713645084289e-11,867.9159400463104,3.8713645084289e-11,1,3.8713645084289e-11,743.9647958278656,3.8713645084289e-11,1,3.8713645084289e-11,837.0660758018494,3.8713645084289e-11,100,3.8713645084289e-11,834.4036309719086,1.3205934662306445e-11,20,1.3205934662306445e-11,695.076507806778,ok
daisy_mamil3,odepe_v2_nopolish,1em2,daisy_mamil3_1_1em2,,1,0.06154458821047119,281,0.06154458821047119,1302.3898649215698,0.061544588210473386,52,0.061544588210473386,1324.0619139671326,0.061544588210473386,20,0.061544588210473386,1310.5086870193481,0.06154458821047156,100,0.06154458821047156,912.9854550361633,0.06154458821047174,20,0.06154458821047174,1397.0219399929047,ok
daisy_mamil3,odepe_v2_nopolish,1em4,daisy_mamil3_1_1em4,,1,0.0071777327067664935,288,0.0071777327067664935,793.9300529956818,0.02609197457423802,52,0.02609197457423802,1090.9896371364594,0.018558770375275122,20,0.02609197457423802,1157.5790650844574,0.0071777327067664935,100,0.018409556491720252,695.4436779022217,0.026091974569921402,20,0.026091974569921402,682.1221671104431,ok
daisy_mamil3,odepe_v2_nopolish,1em6,daisy_mamil3_1_1em6,,1,5.20343533151907e-05,359,5.20343533151907e-05,1117.2592270374298,0.0004641477521763386,1,0.0004641477521763386,604.5302438735962,0.0004730294741665345,20,0.0004730294741665345,1209.6324770450592,8.011223769140716e-05,100,0.0004730294741665345,1053.6396038532257,0.00025779460474392805,20,0.00025779460474392805,1149.2702429294586,ok
daisy_mamil3,odepe_v2_nopolish,1em8,daisy_mamil3_1_1em8,,1,1.0296055137843914e-05,357,1.0296055137843914e-05,803.2506511211395,0.0007315953972245637,1,0.0007315953972245637,876.9423050880432,0.00039134531072168994,3,0.0007315953972245637,889.4387969970703,1.0295663267340164e-05,100,6.426389584397399e-05,519.9829120635986,1.029761272005015e-05,20,1.029761272005015e-05,944.5373010635376,ok
daisy_mamil3,odepe_v2_nopolish,0,daisy_mamil3_2_0,,1,2.4492089837716926e-09,344,2.4492089837716926e-09,878.6829998493195,2.4492089837716926e-09,1,2.4492089837716926e-09,926.0949890613556,2.4492089837716926e-09,1,2.4492089837716926e-09,927.4099540710449,2.4492089837716926e-09,100,2.4492089837716926e-09,907.1007928848267,5.64621189309062e-11,20,5.64621189309062e-11,676.6833670139313,ok
daisy_mamil3,odepe_v2_nopolish,1em2,daisy_mamil3_2_1em2,,1,0.17010098259990578,288,0.17010098259990578,1224.062106847763,0.17010098259990322,52,0.2546230229781633,1307.0274500846863,0.17010098259990322,20,0.2546230229781633,1321.0826489925385,0.17010098260000658,100,0.2546230229782398,879.4848117828369,0.17010098260025508,20,0.2546230229780363,1346.6593618392944,ok
daisy_mamil3,odepe_v2_nopolish,1em4,daisy_mamil3_2_1em4,,1,0.014926536930425333,288,0.014926536930425333,770.3391029834747,0.014926536931852818,26,0.014926536931852818,1119.5139000415802,0.014926536931852818,20,0.014926536931852818,1233.6276619434357,0.014926536931852818,100,0.014926536931852818,1033.7485539913177,0.014926536928036034,20,0.014926536928036034,1013.0812029838562,ok
daisy_mamil3,odepe_v2_nopolish,1em6,daisy_mamil3_2_1em6,,1,0.00031775183944022985,392,0.00031775183944022985,716.5545449256897,0.003462667078518722,16,0.003462667078518722,1217.0452377796173,0.0034626637903847593,20,0.0034626637903847593,723.1845018863678,0.002219489132632172,100,0.0034626637903847593,708.1644520759583,0.00586448055549282,20,0.00586448055549282,1094.9522159099579,ok
daisy_mamil3,odepe_v2_nopolish,1em8,daisy_mamil3_2_1em8,,1,2.400224442410269e-05,387,2.400224442410269e-05,1011.6690049171448,2.400224442410269e-05,1,2.400224442410269e-05,1049.6907289028168,2.400223986688389e-05,6,2.400223986688389e-05,589.3751010894775,2.400224442410269e-05,100,2.400224442410269e-05,786.9460189342499,5.4371952273484654e-05,20,5.4371952273484654e-05,1107.821410894394,ok
daisy_mamil3,odepe_v2_nopolish,0,daisy_mamil3_3_0,,1,5.391132158479018e-10,340,5.391132158479018e-10,923.6199820041656,5.391132158479018e-10,1,5.391132158479018e-10,843.7806091308594,5.391132158479018e-10,1,5.391132158479018e-10,853.7274010181427,5.391132158479018e-10,100,5.391132158479018e-10,949.2064280509949,4.839770463402497e-10,20,4.839770463402497e-10,1059.7475390434265,ok
daisy_mamil3,odepe_v2_nopolish,1em2,daisy_mamil3_3_1em2,,1,0.2596040986244848,288,0.2596040986244848,1179.3487758636475,0.2596040986244848,64,0.2596040986244848,1234.9686970710754,0.2596040986244848,20,0.2596040986244848,1261.5376229286194,0.25960409862451084,100,0.25960409862451084,839.6488268375397,0.2596040986239676,20,0.2596040986239676,1310.294939994812,ok
daisy_mamil3,odepe_v2_nopolish,1em4,daisy_mamil3_3_1em4,,1,0.006775993453551558,289,0.006775993453551558,748.5335919857025,0.023489189914726732,22,0.023489189914726732,1084.8305230140686,0.00677599345353597,20,0.023489189914726732,1083.512274980545,0.006775993453551558,100,0.02348918994560115,697.5916199684143,0.01964602059059731,20,0.023489189777221194,1080.2436089515686,ok
daisy_mamil3,odepe_v2_nopolish,1em6,daisy_mamil3_3_1em6,,1,0.00021713068848556508,359,0.00021713068848556508,757.7284090518951,0.002667251854979981,17,0.002667251854979981,1055.898856163025,0.0005976265680443685,20,0.0029651564779845283,742.0352001190186,0.0007532161501921116,100,0.002667251854979981,1084.9581229686737,0.002832715200001427,20,0.002832715200001427,702.8616979122162,ok
daisy_mamil3,odepe_v2_nopolish,1em8,daisy_mamil3_3_1em8,,1,1.5186468740199994e-05,392,1.5186468740199994e-05,934.8363678455353,1.5186468740199994e-05,1,1.5186468740199994e-05,826.8951308727264,1.5186468740199994e-05,2,1.5186468740199994e-05,951.6176948547363,1.5186101381084082e-05,100,1.5186101381084082e-05,575.4023430347443,9.955938885927445e-05,20,9.955938885927445e-05,1084.767315864563,ok
daisy_mamil3,odepe_v2_nopolish,0,daisy_mamil3_4_0,,1,1.7201570439267496e-09,330,1.7201570439267496e-09,1132.325268983841,1.7285440358151385e-09,1,1.7285440358151385e-09,818.1002042293549,1.7201137714545301e-09,1,1.7201137714545301e-09,992.0618250370026,1.7201137714545301e-09,100,1.7201137714545301e-09,1110.2615728378296,9.499735993471194e-08,20,9.499735993471194e-08,1188.930979013443,ok
daisy_mamil3,odepe_v2_nopolish,1em2,daisy_mamil3_4_1em2,,1,0.4842076285777694,286,0.4842076285777694,1082.0835130214691,0.6265908203078819,78,1.8001564954288802,1636.6211400032043,0.6265908203078819,20,1.8001564954288802,1682.033313035965,0.6265908203078819,100,1.8001564954288802,1329.2164471149445,0.6265908203078834,20,1.8001565740078345,1727.0493109226227,ok
daisy_mamil3,odepe_v2_nopolish,1em4,daisy_mamil3_4_1em4,,1,0.021395324527370366,288,0.021395324527370366,1299.1539149284363,0.021395324527333653,46,0.033403001998588505,1150.6895840168,0.021395324527333653,20,0.033403001998588505,1267.3087599277496,0.021395324527333653,100,0.033403001998588505,1078.7459511756897,0.02139532452136686,20,0.05964393390379919,1266.986114025116,ok
daisy_mamil3,odepe_v2_nopolish,1em6,daisy_mamil3_4_1em6,,1,0.0004618414470167775,393,0.0004618414470167775,1470.8594720363617,0.0032273099656863237,6,0.0032273099656863237,1527.3627388477325,0.001519044270411397,20,0.0032273099656863237,1545.6625928878784,0.0013962527720040804,100,0.0032273099656863237,1288.934751033783,0.007631600121494562,20,0.007631600121494562,899.4317100048065,ok
daisy_mamil3,odepe_v2_nopolish,1em8,daisy_mamil3_4_1em8,,1,0.00017819571427774586,395,0.00017819571427774586,638.2280027866364,0.00016569248964275229,1,0.00016569248964275229,1206.8757059574127,0.00016569248964275229,20,0.00016569248964275229,1184.398395061493,0.00020157785164534088,100,0.0006400911314915937,624.4653220176697,0.0001781948996902845,20,0.0001781948996902845,1164.265338897705,ok
daisy_mamil3,odepe_v2_nopolish,0,daisy_mamil3_5_0,,1,1.8019066443284487e-09,334,1.8019066443284487e-09,1036.776643037796,1.8019066443284487e-09,1,1.8019066443284487e-09,1049.6118650436401,8.622353624738415e-10,1,8.622353624738415e-10,613.5232741832733,1.8019066443284487e-09,100,1.8019066443284487e-09,1062.7610058784485,3.4311509189421945e-09,20,3.4311509189421945e-09,884.6524150371552,ok
daisy_mamil3,odepe_v2_nopolish,1em2,daisy_mamil3_5_1em2,,1,2.232258860414935,288,2.232258860414935,1649.8071930408478,4.033153413490121,73,10.18882688265134,1560.695720911026,10.18882688265134,20,10.18882688265134,1582.9955339431763,3.92164525306751,100,10.188826882645708,1041.022712945938,3.9216452530680934,20,10.188826882457299,1629.7082209587097,ok
daisy_mamil3,odepe_v2_nopolish,1em4,daisy_mamil3_5_1em4,,1,0.1236683571224346,287,0.1236683571224346,1029.5204179286957,0.1236683569621008,53,0.16580803596652183,1047.8305060863495,0.1236683569621008,20,0.16580803596652183,1074.4752268791199,0.1236683569621008,100,0.16580803596652183,1011.8183839321136,0.12366835700143107,20,0.1658080359189226,1037.2155101299286,ok
daisy_mamil3,odepe_v2_nopolish,1em6,daisy_mamil3_5_1em6,,1,0.001319771240203866,395,0.001319771240203866,693.0845119953156,0.0021925630714533448,7,0.0021925630714533448,1273.7569000720978,0.0021925630714533448,20,0.0021925630714533448,1261.952614068985,0.0018043411091849732,100,0.003236564189831949,757.7791697978973,0.0032365635885756028,20,0.0032365635885756028,1324.0244190692902,ok
daisy_mamil3,odepe_v2_nopolish,1em8,daisy_mamil3_5_1em8,,1,2.0684353703783436e-05,392,2.0684353703783436e-05,630.7963180541992,0.00012186547624946722,1,0.00012186547624946722,948.9485650062561,0.00012186547624946722,7,0.00012186547624946722,1098.5256841182709,2.0684353703783436e-05,100,0.00013384171064191795,620.0162279605865,0.00011823249598982448,20,0.00011823249598982448,1160.8247849941254,ok
daisy_mamil3,odepe_v2_nopolish,0,daisy_mamil3_6_0,,1,1.9766428214253448e-09,332,1.9766428214253448e-09,832.3467860221863,1.9766426028775052e-09,1,1.9766426028775052e-09,822.3456809520721,1.9766426028775052e-09,1,1.9766426028775052e-09,831.690267086029,1.9766426028775052e-09,100,1.9766426028775052e-09,814.4796631336212,2.3558185148934756e-09,20,2.3558185148934756e-09,870.1974289417267,ok
daisy_mamil3,odepe_v2_nopolish,1em2,daisy_mamil3_6_1em2,,1,0.47568339534030135,288,0.47568339534030135,1273.6140208244324,0.47568339534030135,72,0.637783600236643,1341.0523569583893,0.47568339534030135,20,0.637783600236643,1353.29541015625,0.47568339534091214,100,0.6377836002366734,920.1968281269073,0.47568339533280296,20,0.6377836002363176,1436.2300770282745,ok
daisy_mamil3,odepe_v2_nopolish,1em4,daisy_mamil3_6_1em4,,1,0.09001950784770542,288,0.09001950784770542,1210.3353850841522,0.09001950784652647,64,0.10518582837714005,1289.4513611793518,0.09001950784652647,20,0.10518582837714005,1283.5177800655365,0.09001950784557486,100,0.10518582837276844,802.2406690120697,0.09001950784220118,20,0.1051858284029016,1122.7284169197083,ok
daisy_mamil3,odepe_v2_nopolish,1em6,daisy_mamil3_6_1em6,,1,0.00032852506816393416,391,0.00032852506816393416,993.6102199554443,0.007658994681229615,13,0.007658994681229615,1137.4100799560547,0.0021488419171624674,20,0.007658994681229615,1170.4270370006561,0.0021488419171624674,100,0.007658994681229615,1010.3999910354614,0.0035007150171374743,20,0.0035007150171374743,1232.1136829853058,ok
daisy_mamil3,odepe_v2_nopolish,1em8,daisy_mamil3_6_1em8,,1,0.00033110568576487695,387,0.00033110568576487695,628.4241099357605,0.00046925660988654386,1,0.00046925660988654386,1071.8854801654816,0.0003973926893534439,20,0.0003973926893534439,652.6010329723358,0.00042985650582132054,100,0.00046925660988654386,883.9786431789398,0.00031103893617645713,20,0.00031103893617645713,1088.8325679302216,ok
daisy_mamil3,odepe_v2_nopolish,0,daisy_mamil3_7_0,,1,9.441836458769483e-10,337,9.441836458769483e-10,845.42773604393,9.441836458769483e-10,1,9.441836458769483e-10,837.0663430690765,9.441836458769483e-10,1,9.441836458769483e-10,889.0241229534149,9.441836458769483e-10,100,9.441836458769483e-10,872.1128051280975,5.15835702342005e-10,20,5.15835702342005e-10,846.4125809669495,ok
daisy_mamil3,odepe_v2_nopolish,1em2,daisy_mamil3_7_1em2,,1,0.8334794987273318,243,0.8334794987273318,1157.6828141212463,0.8334794987125168,51,0.8334794987125168,1265.63041305542,0.8334794987125168,20,0.8334794987125168,1282.1238391399384,0.8334794987128548,100,0.8334794987128548,807.8505158424377,0.8334794987217872,20,0.8334794987217872,1287.9360489845276,ok
daisy_mamil3,odepe_v2_nopolish,1em4,daisy_mamil3_7_1em4,,1,0.06152817384496106,288,0.06152817384496106,1214.9688999652863,0.12913852007443488,33,0.12913852007443488,1277.6017541885376,0.06152817384496106,20,0.12913852007443488,1252.5865421295166,0.06152817384496106,100,0.12913852007443488,1041.4213650226593,0.07157200456643359,20,0.12913852007160329,1118.6773400306702,ok
daisy_mamil3,odepe_v2_nopolish,1em6,daisy_mamil3_7_1em6,,1,0.000641884983393194,325,0.000641884983393194,823.9693567752838,0.02789197296033311,19,0.029094241399888848,875.8350811004639,0.0034563579549251496,20,0.029094241399888848,875.0999059677124,0.002703492554760215,100,0.0182951608490118,581.9026892185211,0.00684109760913975,20,0.00684109760913975,871.1955378055573,ok
daisy_mamil3,odepe_v2_nopolish,1em8,daisy_mamil3_7_1em8,,1,4.275523208326545e-05,391,4.275523208326545e-05,553.0101799964905,0.0006284775787245835,1,0.0006284775787245835,797.7658479213715,0.0006284775787245835,20,0.0006284775787245835,885.9308669567108,0.00016359911072699022,100,0.0006259981251403919,636.9687111377716,0.0006281409712825608,20,0.0006281409712825608,888.0690088272095,ok
daisy_mamil3,odepe_v2_nopolish,0,daisy_mamil3_8_0,,1,4.0326781874835716e-11,321,4.0326781874835716e-11,1111.2486770153046,4.0326781874835716e-11,1,4.0326781874835716e-11,1146.6463041305542,4.0326781874835716e-11,1,4.0326781874835716e-11,1154.169480085373,4.0326781874835716e-11,100,4.0326781874835716e-11,1139.6407289505005,4.875273232591715e-11,20,4.875273232591715e-11,1110.8523750305176,ok
daisy_mamil3,odepe_v2_nopolish,1em2,daisy_mamil3_8_1em2,,1,0.12918069846062977,286,0.12918069846062977,944.4390959739685,0.129180698459542,67,0.129180698459542,1344.2212018966675,0.12918069846062977,20,0.12918069846062977,893.3592579364777,0.129180698459542,100,0.129180698459542,1223.6058430671692,0.12918069845460686,20,0.12918069845460686,1441.4901061058044,ok
daisy_mamil3,odepe_v2_nopolish,1em4,daisy_mamil3_8_1em4,,1,0.018839853179292876,288,0.018839853179292876,1340.3132719993591,0.0290371974045719,37,0.0290371974045719,1396.238618850708,0.020397206583953335,20,0.0290371974045719,1394.5798449516296,0.01883985317786577,100,0.0290371974045719,1273.0064721107483,0.020397206592895307,20,0.029037197401834046,1327.4194929599762,ok
daisy_mamil3,odepe_v2_nopolish,1em6,daisy_mamil3_8_1em6,,1,9.297426483201905e-05,394,9.297426483201905e-05,1268.259873867035,0.0004933137711843972,11,0.0004933137711843972,1419.52077293396,0.0004933137711843972,20,0.0004933137711843972,1421.367753982544,0.0004933137711843972,100,0.0004933137711843972,1336.9528670310974,0.00035853680952873843,20,0.00035853680952873843,1394.6789598464966,ok
daisy_mamil3,odepe_v2_nopolish,1em8,daisy_mamil3_8_1em8,,1,1.3421174959550864e-05,379,1.3421174959550864e-05,1112.308688879013,3.5100416350877385e-05,1,3.5100416350877385e-05,1231.2363851070404,1.9104929724004217e-05,12,1.9104929724004217e-05,622.3319389820099,1.9104929724004217e-05,100,1.9104929724004217e-05,679.0213310718536,1.9104928074130024e-05,20,1.9104928074130024e-05,1180.3351349830627,ok
daisy_mamil3,odepe_v2_nopolish,0,daisy_mamil3_9_0,,1,7.64146609838244e-09,334,7.64146609838244e-09,994.2134160995483,7.64146609838244e-09,1,7.64146609838244e-09,1008.4704670906067,7.64146609838244e-09,1,7.64146609838244e-09,1014.2869701385498,7.64146609838244e-09,100,7.64146609838244e-09,996.7281057834625,8.05334106652535e-08,20,8.05334106652535e-08,896.5014109611511,ok
daisy_mamil3,odepe_v2_nopolish,1em2,daisy_mamil3_9_1em2,,1,0.20165892010130734,287,0.20165892010130734,1041.6682109832764,0.2016589201012926,77,0.9070477880224942,1125.8709888458252,0.28514675312959425,20,0.9070477880224942,1173.8720178604126,0.2016589201012926,100,0.9070477880224942,982.7677280902863,0.2016597997536535,20,0.9070512383178643,1214.1734809875488,ok
daisy_mamil3,odepe_v2_nopolish,1em4,daisy_mamil3_9_1em4,,1,0.020224837233798813,284,0.020224837233798813,751.702574968338,0.020224837229923194,54,0.3403338919955258,1066.467516899109,0.020224837229923194,20,0.3403338919955258,1061.744059085846,0.020224837233798813,100,0.3403338919958691,665.3164768218994,0.020224837267556108,20,0.34033389197825603,1157.3694248199463,ok
daisy_mamil3,odepe_v2_nopolish,1em6,daisy_mamil3_9_1em6,,1,0.000728915642001757,356,0.000728915642001757,1036.358675956726,0.00420696280990817,7,0.00420696280990817,1122.1891419887543,0.0007107824410926265,20,0.00420696280990817,1127.30895113945,8.864123559937898e-05,100,0.0020594608478388975,656.4378049373627,0.002242117501951939,20,0.002242117501951939,988.905669927597,ok
daisy_mamil3,odepe_v2_nopolish,1em8,daisy_mamil3_9_1em8,,1,4.890602490183161e-05,394,4.890602490183161e-05,967.6188690662384,0.00124863391683542,1,0.00124863391683542,897.3161079883575,0.0004740071571622338,17,0.00124863391683542,979.2481939792633,6.078381869507791e-06,100,0.00023565272219316507,624.8214190006256,8.062739396930871e-05,20,8.062739396930871e-05,1006.5196378231049,ok
daisy_mamil4,odepe_v2_nopolish,0,daisy_mamil4_0_0,,2,5.003474252950287e-10,552,5.003474252950287e-10,2439.0402579307556,5.003470514825625e-10,2,5.003470514825625e-10,6086.721858024597,5.003470514825625e-10,2,5.003470514825625e-10,5435.425616025925,5.003470514825625e-10,100,5.003470514825625e-10,5686.022691011429,4.8261307034526e-09,20,4.8261307034526e-09,5810.0416378974915,ok
daisy_mamil4,odepe_v2_nopolish,1em2,daisy_mamil4_0_1em2,,2,0.8044125621309003,418,0.8044125621309003,2408.6701040267944,1.0277942146505323,66,2.8976245932603484,2894.916258096695,1.0277942146507935,20,2.8976245932611326,4887.413446903229,1.0277942146507935,100,2.8976245932611326,4021.240424156189,1.0277942146505745,20,2.8976245932606752,2863.0331032276154,ok
daisy_mamil4,odepe_v2_nopolish,1em4,daisy_mamil4_0_1em4,,2,0.14202807694028505,403,0.14202807694028505,2682.3120119571686,0.14202807702214454,40,0.2023375866413296,5359.566717863083,0.14202807702214454,20,0.2023375866413296,5360.4969391822815,0.1420280769428664,100,0.20233758622464923,2504.2183451652527,0.1420280767931474,20,0.20233758638422109,3435.482873916626,ok
daisy_mamil4,odepe_v2_nopolish,1em6,daisy_mamil4_0_1em6,,2,0.006649544241567063,483,0.006649544241567063,3066.153445005417,0.04382242117287692,27,0.04382242117287692,3990.1525337696075,0.004059944328839765,20,0.04382242117287692,5810.943638086319,0.005254939661341433,100,0.1741587991894447,2918.686224937439,0.0023700039334663098,20,0.0023700039334663098,6360.48924612999,ok
daisy_mamil4,odepe_v2_nopolish,1em8,daisy_mamil4_0_1em8,,2,0.002332345954142576,638,0.002332345954142576,2936.7132210731506,0.010418208514507822,14,0.010418208514507822,5825.167230129242,0.008925343417884172,20,0.010418208514507822,6252.329738855362,0.003139181991986316,100,0.010573158492651169,2680.879077196121,0.0010427903072413804,20,0.0010427903072413804,6353.166197061539,ok
daisy_mamil4,odepe_v2_nopolish,0,daisy_mamil4_1_0,,2,9.282466622274355e-10,582,9.282466622274355e-10,4454.719504117966,9.282462619066333e-10,2,9.282462619066333e-10,4620.1985630989075,9.282462619066333e-10,2,9.282462619066333e-10,4328.302306890488,9.282462619066333e-10,100,9.282462619066333e-10,4161.937383890152,2.809220817794524e-09,20,2.809220817794524e-09,2302.5249280929565,ok
daisy_mamil4,odepe_v2_nopolish,1em2,daisy_mamil4_1_1em2,,2,1.6358887106866882,380,1.6358887106866882,950.0399639606476,1.635888708094331,75,1.6856147230248986,1380.9489438533783,1.6358887080943316,20,1.685614723024898,1566.313931941986,1.6358887080943316,100,1.685614723024898,1556.9710581302643,1.635888697620699,20,1.6856147229656155,1372.7974691390991,ok
daisy_mamil4,odepe_v2_nopolish,1em4,daisy_mamil4_1_1em4,,2,0.11178307513393479,456,0.11178307513393479,3610.5722630023956,0.11178307447536122,167,0.2999786863782838,3279.62864112854,0.2999786863782838,20,0.2999786863782838,3613.373682975769,0.11178307447536122,100,0.2999786863782838,2538.127464056015,0.2999786863609958,20,0.2999786863609958,3724.2074348926544,ok
daisy_mamil4,odepe_v2_nopolish,1em6,daisy_mamil4_1_1em6,,2,0.06190149603003115,479,0.06190149603003115,3606.343549013138,0.06190149603003115,72,0.06190149603003115,3825.442039012909,0.06190149603003115,20,0.06190149603003115,4162.488032102585,0.06190149603660207,100,0.06190149603660207,1861.7711250782013,0.033738702134594935,20,0.05480815337239991,4259.955788850784,ok
daisy_mamil4,odepe_v2_nopolish,1em8,daisy_mamil4_1_1em8,,2,0.0005610824382159125,675,0.0005610824382159125,2496.999907016754,0.0013309076794562732,8,0.0013309076794562732,5250.1419360637665,0.0007677351481081899,20,0.0013309076794562732,5259.562143087387,0.0013309460374862157,100,0.001917366174646213,2221.8814549446106,0.0022458875856519464,20,0.0022458875856519464,5365.302002906799,ok
daisy_mamil4,odepe_v2_nopolish,0,daisy_mamil4_2_0,,2,2.844774436516966e-10,554,2.844774436516966e-10,3887.494034051895,2.844739614023574e-10,2,2.844739614023574e-10,3907.6476850509644,2.844739614023574e-10,2,2.844739614023574e-10,3606.1002399921417,2.844739614023574e-10,100,2.844739614023574e-10,3478.7723121643066,2.4964368415859127e-10,20,2.4964368415859127e-10,4225.2340450286865,ok
daisy_mamil4,odepe_v2_nopolish,1em2,daisy_mamil4_2_1em2,,2,0.38610253661075444,437,0.38610253661075444,2559.8229088783264,0.3861025366088081,101,0.3861025366088081,2853.159977912903,0.38610253661075444,20,0.38610253661075444,4932.100546836853,0.38610253661075444,100,0.38610253661075444,4787.895984888077,0.38610253660795535,20,0.38610253660795535,2738.726891040802,ok
daisy_mamil4,odepe_v2_nopolish,1em4,daisy_mamil4_2_1em4,,2,0.007504627401324573,460,0.007504627401324573,4300.006273031235,0.024794182671254075,80,0.024794182671254075,4542.332033872604,0.007504627401324737,20,0.024794182671254075,4543.633334875107,0.007504627401324737,100,0.024794182671254075,4106.390486955643,0.024794182680592237,20,0.024794182680592237,4532.954796075821,ok
daisy_mamil4,odepe_v2_nopolish,1em6,daisy_mamil4_2_1em6,,2,0.00039266797854421904,584,0.00039266797854421904,4651.002785921097,0.007699834158641712,12,0.007699834158641712,5018.12370300293,0.0006031069166678989,20,0.007699834158641712,4987.768476009369,0.0006031069166678989,100,0.007699834158641712,4844.722645998001,0.007699087924350869,20,0.007699087924350869,5153.579710006714,ok
daisy_mamil4,odepe_v2_nopolish,1em8,daisy_mamil4_2_1em8,,2,2.0742268178558003e-05,657,2.0742268178558003e-05,4296.838201999664,3.492572936332427e-05,2,3.492572936332427e-05,4093.754961013794,3.492572936332427e-05,15,3.492572936332427e-05,4392.7301387786865,2.0742268179062652e-05,100,3.492572936332427e-05,4023.669049978256,1.7740524005956498e-05,20,1.7740524005956498e-05,4549.658733844757,ok
daisy_mamil4,odepe_v2_nopolish,0,daisy_mamil4_3_0,,2,7.385359159245598e-11,576,7.385359159245598e-11,3264.148465871811,7.385338132294375e-11,2,7.385338132294375e-11,3376.875801086426,7.385338132294375e-11,2,7.385338132294375e-11,3098.480327129364,7.385338132294375e-11,100,7.385338132294375e-11,3016.0391960144043,3.0106788274541043e-10,20,3.0106788274541043e-10,3213.4853191375732,ok
daisy_mamil4,odepe_v2_nopolish,1em2,daisy_mamil4_3_1em2,,2,0.9874633091422729,325,0.9874633091422729,1608.1577270030975,1.9842413690013476,123,4.591084925949139,1919.0222771167755,2.09824168720364,20,4.58543195579416,2966.9745378494263,1.984241369001339,100,4.58543195579416,2956.1004378795624,2.098241686683053,20,4.462357490460469,1954.7140300273895,ok
daisy_mamil4,odepe_v2_nopolish,1em4,daisy_mamil4_3_1em4,,2,0.5677468632900822,457,0.5677468632900822,4090.6780750751495,0.5683297252276919,71,4.9506351854704,4024.688364982605,3.660394565791829,20,4.9506351854704,4032.7792959213257,0.5677468632699905,100,4.949867204759654,1860.7067821025848,1.8422849730119062,20,4.950639158438193,4032.511445045471,ok
daisy_mamil4,odepe_v2_nopolish,1em6,daisy_mamil4_3_1em6,,2,0.004645372617646009,595,0.004645372617646009,3783.129998922348,0.014255066684047647,42,0.014255066684047647,4149.919031858444,0.014255066684047647,20,0.014255066684047647,4135.292398929596,0.004645372617646009,100,0.014255066684047647,3995.4608240127563,0.011151982479946374,20,0.011151982479946374,4056.1260809898376,ok
daisy_mamil4,odepe_v2_nopolish,1em8,daisy_mamil4_3_1em8,,2,9.00637750977174e-05,624,9.00637750977174e-05,3844.4626219272614,0.0005112738304376687,6,0.0005112738304376687,3833.084717988968,0.00032596735056380295,20,0.00585806995313167,1627.7859239578247,0.00032596735056380295,100,0.00585806995313167,1690.5569410324097,0.0005962043202602198,20,0.0005962043202602198,3763.00635099411,ok
daisy_mamil4,odepe_v2_nopolish,0,daisy_mamil4_4_0,,2,4.472426123300993e-09,605,4.472426123300993e-09,4371.849561929703,4.472426123300993e-09,2,4.472426123300993e-09,4385.32212305069,4.472426123300993e-09,2,4.472426123300993e-09,4113.770589828491,4.472426123300993e-09,100,4.472426123300993e-09,3933.376211166382,7.906224581641304e-09,20,7.906224581641304e-09,3888.1347980499268,ok
daisy_mamil4,odepe_v2_nopolish,1em2,daisy_mamil4_4_1em2,,2,0.35398427193075915,414,0.35398427193075915,2202.4989387989044,0.35398427193133725,128,0.35398427193133725,2482.3390679359436,0.35398427193075915,20,0.35398427193075915,4342.951909065247,0.35398427193075915,100,0.35398427193075915,4239.109703063965,0.3539842719321072,20,0.3539842719321072,2417.4715809822083,ok
daisy_mamil4,odepe_v2_nopolish,1em4,daisy_mamil4_4_1em4,,2,0.33152331408931773,482,0.33152331408931773,4697.974893093109,0.33152331408931773,116,0.33152331408931773,4955.144648075104,0.33152331408931773,20,0.33152331408931773,4935.185534000397,0.33152331408931773,100,0.33152331408931773,4562.975694179535,0.3315233132684546,20,0.3315233132684546,4889.4002459049225,ok
daisy_mamil4,odepe_v2_nopolish,1em6,daisy_mamil4_4_1em6,,2,0.0012910600612398334,619,0.0012910600612398334,5131.409322977066,0.03783640230518313,50,0.042485966299450235,4891.128783941269,0.001294095898749693,20,0.042485966299450235,5218.23536491394,0.001294095898749693,100,0.042485966299450235,5049.798887014389,0.02661343275333902,20,0.042485967260267356,3610.752117872238,ok
daisy_mamil4,odepe_v2_nopolish,1em8,daisy_mamil4_4_1em8,,2,0.00224712935904634,682,0.00224712935904634,4448.5151290893555,0.00021678539888551448,49,0.00021678539888551448,5039.9308478832245,0.00021678539888551448,20,0.00021678539888551448,5024.99404001236,0.00976439071017517,100,0.11608959860158341,2144.193831920624,0.023214685079437157,20,0.023214685079437157,5149.610872030258,ok
daisy_mamil4,odepe_v2_nopolish,0,daisy_mamil4_5_0,,2,3.8912450185134816e-08,542,3.8912450185134816e-08,5211.565737962723,3.8912450185134816e-08,2,3.8912450185134816e-08,5224.067516088486,3.8912450185134816e-08,2,3.8912450185134816e-08,4788.513845920563,3.8912450185134816e-08,100,3.8912450185134816e-08,5127.676037073135,2.7033010801379404e-09,20,2.7033010801379404e-09,4260.690150976181,ok
daisy_mamil4,odepe_v2_nopolish,1em2,daisy_mamil4_5_1em2,,2,1.0503031851923113,478,1.0503031851923113,2547.4556379318237,1.0503031851853797,162,54.9068777973513,2540.761482000351,9.233330118450272,20,54.906877797354724,4512.688682079315,9.233330118450272,100,54.906877797354724,4397.877049922943,9.233330118449913,20,9.233330118449913,2520.4195511341095,ok
daisy_mamil4,odepe_v2_nopolish,1em4,daisy_mamil4_5_1em4,,2,0.15712776286848593,459,0.15712776286848593,2440.260729074478,0.1571277628215404,67,1.080587161283833,5259.7751388549805,0.1571277628215404,20,1.080587161283833,5219.402440786362,0.15712776278016521,100,1.0805871613003009,2267.347007036209,0.15712776277225202,20,1.0805871613134284,2150.5067059993744,ok
daisy_mamil4,odepe_v2_nopolish,1em6,daisy_mamil4_5_1em6,,2,0.04110397351891608,593,0.04110397351891608,4856.134506940842,0.05518058101426246,46,0.20384753483616047,5547.86456990242,0.04770117577424512,20,0.20384753489293608,2468.7283811569214,0.04110396669687635,100,0.20384753489293608,2483.6899120807648,0.049890001997309634,20,0.530061520464026,5638.837455034256,ok
daisy_mamil4,odepe_v2_nopolish,1em8,daisy_mamil4_5_1em8,,2,0.001372205563024776,631,0.001372205563024776,5847.842966079712,0.005668914033849126,8,0.005668914033849126,6185.957870006561,0.002608557121503438,20,0.005929663035168217,2712.3582458496094,0.005238750979978045,100,0.005668914033849126,5807.906051874161,0.0036821840066726566,20,0.0036821840066726566,6517.028326034546,ok
daisy_mamil4,odepe_v2_nopolish,0,daisy_mamil4_6_0,,2,5.02088221426406e-10,483,5.02088221426406e-10,5367.098719120026,5.02088221426406e-10,2,5.02088221426406e-10,5364.521530151367,5.02088221426406e-10,2,5.02088221426406e-10,4920.953556060791,5.02088221426406e-10,100,5.02088221426406e-10,5250.342195034027,6.613981086458555e-10,20,6.613981086458555e-10,2511.6873490810394,ok
daisy_mamil4,odepe_v2_nopolish,1em2,daisy_mamil4_6_1em2,,2,0.6321400285042285,373,0.6321400285042285,1603.1685190200806,0.6323129271857307,41,3.310443136515322,2169.663516998291,3.3104299392558234,20,3.3104299392558234,3209.9694929122925,0.6321418726191069,100,3.3104299392558234,3188.235582113266,1.8523680827240137,20,3.310429397557934,2156.1415798664093,ok
daisy_mamil4,odepe_v2_nopolish,1em4,daisy_mamil4_6_1em4,,2,0.17592176488975786,426,0.17592176488975786,4992.79740190506,0.17592176490332043,158,0.35054390408082486,5332.573307991028,0.35054390408082486,20,0.35054390408082486,5334.895357847214,0.1759217648129063,100,0.35054390406208574,2389.838244199753,0.1759217648197026,20,0.350543904066474,2324.0195050239563,ok
daisy_mamil4,odepe_v2_nopolish,1em6,daisy_mamil4_6_1em6,,2,0.008649809781904638,519,0.008649809781904638,5308.401609182358,0.008649809995660144,34,0.008649809995660144,5407.967857122421,0.008649793791642614,20,0.008649793791642614,2369.36438703537,0.008649793791642614,100,0.008649793791642614,2414.623652935028,0.008649809691000597,20,0.008649809691000597,5311.308386087418,ok
daisy_mamil4,odepe_v2_nopolish,1em8,daisy_mamil4_6_1em8,,2,0.002719141657615954,568,0.002719141657615954,6399.397521972656,0.012813708547717167,8,0.012813708547717167,6948.035554885864,0.00015256722944225628,20,0.012813708547717167,6979.50377702713,0.0061827116476902136,100,0.010408678254984262,2823.5148680210114,0.004546702629234924,20,0.004546702629234924,6477.802529811859,ok
daisy_mamil4,odepe_v2_nopolish,0,daisy_mamil4_7_0,,2,3.1207362817753803e-09,530,3.1207362817753803e-09,4937.234400033951,3.1207362817753803e-09,2,3.1207362817753803e-09,5017.49742102623,3.1207362817753803e-09,2,3.1207362817753803e-09,4478.633679866791,3.1207362817753803e-09,100,3.1207362817753803e-09,4185.191811084747,6.213448542787766e-09,20,6.213448542787766e-09,4788.344585895538,ok
daisy_mamil4,odepe_v2_nopolish,1em2,daisy_mamil4_7_1em2,,2,0.5188426544514763,417,0.5188426544514763,2842.14301609993,0.5188426544515422,103,1.6278219561419756,2998.0283620357513,1.5076251035253787,20,1.627821956168867,5496.055810213089,0.5188426544514763,100,1.627821956168867,5172.300014972687,1.5076251035234436,20,1.6278219561663094,2931.3540258407593,ok
daisy_mamil4,odepe_v2_nopolish,1em4,daisy_mamil4_7_1em4,,2,0.6956056035710995,444,0.6956056035710995,2813.8496520519257,0.7703679811974852,101,1.2950441370884762,6233.369051933289,0.8333099740534694,20,1.2950441370884762,6245.636643886566,0.7703679811974852,100,1.2950441370884762,4092.231385946274,0.1612028647785286,20,1.2948687240805532,5971.480318069458,ok
daisy_mamil4,odepe_v2_nopolish,1em6,daisy_mamil4_7_1em6,,2,0.003559181232614888,490,0.003559181232614888,5424.715682983398,0.01656913953064276,34,0.01656913953064276,2512.918184041977,0.005479421222759944,20,0.016569139594970434,5530.919535160065,0.005479421222759944,100,0.016569139594970434,4843.547637939453,0.01656913966795531,20,0.01656913966795531,2691.1080338954926,ok
daisy_mamil4,odepe_v2_nopolish,1em8,daisy_mamil4_7_1em8,,2,0.00043575895100326026,613,0.00043575895100326026,5563.8721668720245,0.001352421145957432,10,0.001352421145957432,5882.721435070038,,,,,,,,,0.01841156444201008,20,0.01841156444201008,6071.002995014191,ok
daisy_mamil4,odepe_v2_nopolish,0,daisy_mamil4_8_0,,2,4.809424410770041e-06,620,4.809424410770041e-06,5987.816136837006,4.8094244106239595e-06,2,4.8094244106239595e-06,5987.510445833206,4.8094244106239595e-06,2,4.8094244106239595e-06,5257.096095085144,4.8094244106239595e-06,100,4.8094244106239595e-06,4865.083527088165,2.238534192075975e-06,20,2.238534192075975e-06,5836.074002027512,ok
daisy_mamil4,odepe_v2_nopolish,1em2,daisy_mamil4_8_1em2,,2,0.8030317304145206,436,0.8030317304145206,2307.5971879959106,0.910186448566005,85,4.4003576838526826,2334.882134914398,0.910186448564965,20,4.400465425690399,3848.5930619239807,0.910186448564965,100,4.400465425690399,3764.8334629535675,0.9101864485673049,20,4.400358963807506,2330.7415759563446,ok
daisy_mamil4,odepe_v2_nopolish,1em4,daisy_mamil4_8_1em4,,2,0.7782407453125542,475,0.7782407453125542,4206.448585987091,1.858977404695689,155,4.207723132433008,4359.559552907944,4.159748193115807,20,4.207723132433008,4385.767218112946,1.9250867522991533,100,4.206446547127275,1973.3592109680176,4.1638850758671815,20,4.211687745129827,4226.024672985077,ok
daisy_mamil4,odepe_v2_nopolish,1em6,daisy_mamil4_8_1em6,,2,0.3683713700121083,521,0.3683713700121083,6444.1167068481445,0.3683713700121083,85,0.4516159988246081,6090.147190093994,0.3683713700121083,20,0.4516159988246081,6054.032147169113,0.36837135710471797,100,0.4516159358840162,2485.25883102417,0.3683713641625388,20,0.45161598624398525,5631.852678060532,ok
daisy_mamil4,odepe_v2_nopolish,1em8,daisy_mamil4_8_1em8,,2,0.051982471182882434,633,0.051982471182882434,6850.221339941025,0.07314749246254254,36,0.6615145316408958,4841.387486219406,0.07314749246254254,20,0.6615145316408958,7205.824989795685,0.20771750550240978,100,0.6615142690060334,2754.411463022232,0.2734760316198589,20,0.6615137268081808,7228.76815700531,ok
daisy_mamil4,odepe_v2_nopolish,0,daisy_mamil4_9_0,,2,9.320306431399264e-10,561,9.320306431399264e-10,4046.854504108429,9.320302466317034e-10,2,9.320302466317034e-10,3883.746011018753,9.320302466317034e-10,2,9.320302466317034e-10,3558.7104749679565,9.320302466317034e-10,100,9.320302466317034e-10,3889.0335528850555,3.7620343348468815e-10,20,3.7620343348468815e-10,1926.392394065857,ok
daisy_mamil4,odepe_v2_nopolish,1em2,daisy_mamil4_9_1em2,,2,0.9143717838167406,479,0.9143717838167406,2124.707969903946,0.9143967879120215,139,1.3164473789804383,2238.5505859851837,1.2263860723459041,20,1.3164473789804487,3771.140275001526,0.9143659608693161,100,1.3164473789804487,3712.712298154831,1.226383280253977,20,1.3164473789804245,2174.596335887909,ok
daisy_mamil4,odepe_v2_nopolish,1em4,daisy_mamil4_9_1em4,,2,0.034764804140226355,475,0.034764804140226355,2051.998198032379,0.040993765339792015,90,0.040993765339792015,4066.9391469955444,0.040993765339792015,20,0.040993765339792015,4206.118496179581,0.03476480404979693,100,0.040993765339792015,3695.6193459033966,0.04099376534611771,20,0.04099376534611771,2782.712546110153,ok
daisy_mamil4,odepe_v2_nopolish,1em6,daisy_mamil4_9_1em6,,2,0.0020739121963823737,454,0.0020739121963823737,3944.8670852184296,0.0020739121158021884,38,0.043282942883040534,4060.7781291007996,0.0020739121891123953,20,0.04328294289490604,2045.7205500602722,0.0020739121891123953,100,0.04328294289490604,1989.3593690395355,0.010825842951784783,20,0.04328294285863446,2100.6618111133575,ok
daisy_mamil4,odepe_v2_nopolish,1em8,daisy_mamil4_9_1em8,,2,9.487023101154409e-05,678,9.487023101154409e-05,4580.049984931946,0.00024757085699049296,2,0.00024757085699049296,3301.9069259166718,0.00024757085699049296,12,0.00024757085699049296,4744.9320499897,0.0004871039555146295,100,0.0022842765076184052,1826.2231228351593,0.006096162922262861,20,0.006096162922262861,4571.189234018326,ok
dc_motor,odepe_v2_nopolish,0,dc_motor_0_0,,1,6.375078458658876e-11,138,6.375078458658876e-11,266.56065487861633,6.222072479682622e-11,1,6.222072479682622e-11,329.6047179698944,6.454855528183214e-11,1,6.454855528183214e-11,309.16545701026917,6.222072479682622e-11,100,6.222072479682622e-11,371.1740310192108,2.64711391964843e-11,20,2.64711391964843e-11,336.7473430633545,ok
dc_motor,odepe_v2_nopolish,1em2,dc_motor_0_1em2,,1,0.06587904183398635,172,0.06587904183398635,378.38946199417114,0.06587904183394154,55,0.2646629889859213,540.753968000412,0.1723325652905233,20,0.26466298898580837,572.1580200195312,0.06587904183398635,100,0.26466298898580837,561.651015996933,0.06587904183397598,20,0.26466298898580864,543.6925048828125,ok
dc_motor,odepe_v2_nopolish,1em4,dc_motor_0_1em4,,1,0.001339686409645288,163,0.001339686409645288,282.10503005981445,0.03230664057750853,15,0.03230664057750853,428.64874601364136,0.0016210747123034405,20,0.03230664057750853,431.39781403541565,0.001339686409645288,100,0.03230664057750853,382.43828296661377,0.032306640578841334,20,0.032306640578841334,421.12387800216675,ok
dc_motor,odepe_v2_nopolish,1em6,dc_motor_0_1em6,,1,2.954854806853852e-05,186,2.954854806853852e-05,421.30816411972046,2.954854807254944e-05,1,2.954854807254944e-05,470.54710388183594,2.954854807254944e-05,13,2.954854807254944e-05,482.54711985588074,2.954854810608074e-05,100,2.954854810608074e-05,388.45748496055603,2.95485460911543e-05,20,2.95485460911543e-05,472.91112899780273,ok
dc_motor,odepe_v2_nopolish,1em8,dc_motor_0_1em8,,1,3.7736210448835786e-05,158,3.7736210448835786e-05,306.8891499042511,0.00014827624970566557,1,0.00014827624970566557,376.80607891082764,0.00014827624970566557,19,0.00014827624970566557,375.2950749397278,5.9188471254879e-05,100,0.00014827624945411383,280.9781141281128,0.0001482762298743068,20,0.0001482762298743068,288.3121190071106,ok
dc_motor,odepe_v2_nopolish,0,dc_motor_1_0,,1,6.3101808783327064e-12,161,6.3101808783327064e-12,376.3862030506134,6.312369228578354e-12,1,6.312369228578354e-12,315.90191292762756,6.312369228578354e-12,1,6.312369228578354e-12,322.6763219833374,6.312369228578354e-12,100,6.312369228578354e-12,373.84610509872437,4.892127391762713e-11,20,4.892127391762713e-11,384.39726185798645,ok
dc_motor,odepe_v2_nopolish,1em2,dc_motor_1_1em2,,1,0.04507437280529287,171,0.04507437280529287,427.67496395111084,0.04872232055958551,47,0.12714458031705686,570.8174629211426,0.038223220784225964,20,0.11873837421237886,617.1807458400726,0.038223220784225964,100,0.11873837421237886,610.6123628616333,0.04821246295212977,20,0.11620219717050918,598.3468790054321,ok
dc_motor,odepe_v2_nopolish,1em4,dc_motor_1_1em4,,1,0.001119950022143243,142,0.001119950022143243,404.0336389541626,0.006913509357416717,13,0.006913509357416717,415.19018602371216,0.0011199500221502796,20,0.006913509357416717,440.1921420097351,0.0011199500221502796,100,0.006913509357416717,351.59769797325134,0.006913509357645618,20,0.006913509357645618,405.46394896507263,ok
dc_motor,odepe_v2_nopolish,1em6,dc_motor_1_1em6,,1,1.050545854232951e-05,204,1.050545854232951e-05,424.4552011489868,5.934071012391653e-05,1,5.934071012391653e-05,408.75588607788086,5.934071012391653e-05,9,5.934071012391653e-05,412.8037118911743,1.050545854232951e-05,100,5.934071012391653e-05,368.4342830181122,5.934070999553331e-05,20,5.934070999553331e-05,403.39981985092163,ok
dc_motor,odepe_v2_nopolish,1em8,dc_motor_1_1em8,,1,6.076964728612731e-06,177,6.076964728612731e-06,406.68505096435547,4.303805620963235e-06,1,4.303805620963235e-06,336.20794582366943,4.303805620963235e-06,2,4.303805620963235e-06,382.05849599838257,4.2139855564316305e-06,100,4.2139855564316305e-06,344.4425919055939,4.938690184820591e-06,20,4.938690184820591e-06,279.4811131954193,ok
dc_motor,odepe_v2_nopolish,0,dc_motor_2_0,,1,7.061660543216058e-11,141,7.061660543216058e-11,393.750785112381,6.894526409154484e-11,1,6.894526409154484e-11,386.8065519332886,7.061266994009568e-11,1,7.061266994009568e-11,351.0207779407501,7.061266994009568e-11,100,7.061266994009568e-11,361.1621210575104,6.961699044767533e-11,20,6.961699044767533e-11,351.5574879646301,ok
dc_motor,odepe_v2_nopolish,1em2,dc_motor_2_1em2,,1,0.19831765446771424,170,0.19831765446771424,407.32652401924133,0.19831765446781802,48,0.20649456594336973,583.6737861633301,0.19831765446771704,20,0.20481547030121006,618.8619799613953,0.19831765446771704,100,0.20481547030121006,616.6236119270325,0.19831765446784133,20,0.206919242178833,603.100742816925,ok
dc_motor,odepe_v2_nopolish,1em4,dc_motor_2_1em4,,1,0.0015859521460783866,173,0.0015859521460783866,444.1456229686737,0.009618462564045733,19,0.009618462564045733,455.66885709762573,0.0015859521460783866,20,0.009618462564045733,449.0455791950226,0.0015859521460783866,100,0.009618462564045733,356.5538489818573,0.009618462564132315,20,0.009618462564132315,444.9878029823303,ok
dc_motor,odepe_v2_nopolish,1em6,dc_motor_2_1em6,,1,0.00016774287929115437,187,0.00016774287929115437,457.01783299446106,0.0009995051579756425,2,0.0009995051579756425,341.442586183548,0.0009995051579756425,20,0.0009995051579756425,415.6043448448181,0.00016774287929115437,100,0.0009995051579756425,354.773432970047,0.0009995051750094877,20,0.0009995051750094877,341.39313411712646,ok
dc_motor,odepe_v2_nopolish,1em8,dc_motor_2_1em8,,1,1.0509077670205581e-05,156,1.0509077670205581e-05,369.20887303352356,9.09501943639653e-05,1,9.09501943639653e-05,312.3837790489197,9.09501943639653e-05,12,9.09501943639653e-05,355.0466561317444,1.0509077642954651e-05,100,9.095019440435588e-05,335.5561351776123,9.095016489686491e-05,20,9.095016489686491e-05,273.337336063385,ok
dc_motor,odepe_v2_nopolish,0,dc_motor_3_0,,1,6.426525978042719e-12,143,6.426525978042719e-12,367.3320710659027,6.432410160073232e-12,1,6.432410160073232e-12,306.2692320346832,6.432410160073232e-12,1,6.432410160073232e-12,319.90438985824585,6.432410160073232e-12,100,6.432410160073232e-12,341.1755199432373,8.035794252236883e-13,20,8.035794252236883e-13,357.78184390068054,ok
dc_motor,odepe_v2_nopolish,1em2,dc_motor_3_1em2,,1,0.10111678532205692,132,0.10111678532205692,417.21577310562134,0.10111678532205064,34,0.509768376985737,597.9066879749298,0.10111678532205692,20,0.5097683769856647,506.7323570251465,0.10111678532205692,100,0.5097683769856647,634.2126960754395,0.10111678532194263,20,0.5097683769857064,613.2924649715424,ok
dc_motor,odepe_v2_nopolish,1em4,dc_motor_3_1em4,,1,0.0033302377541309935,145,0.0033302377541309935,375.09282994270325,0.006319452415097793,16,0.006319452415097793,360.06213998794556,0.003721740456117617,20,0.0063194524151724,355.82434606552124,0.0032221755296467885,100,0.006319452415097793,343.0697891712189,0.0063194524134095875,20,0.0063194524134095875,335.69082713127136,ok
dc_motor,odepe_v2_nopolish,1em6,dc_motor_3_1em6,,1,6.57499526178773e-05,169,6.57499526178773e-05,383.98214197158813,8.055025178030181e-05,1,8.055025178030181e-05,386.9022798538208,8.055025178030181e-05,20,8.055025178030181e-05,385.482302904129,4.4123039928956054e-05,100,8.055025178030181e-05,354.02942395210266,8.055024868919565e-05,20,8.055024868919565e-05,344.40115690231323,ok
dc_motor,odepe_v2_nopolish,1em8,dc_motor_3_1em8,,1,1.2894107123240896e-06,169,1.2894107123240896e-06,369.09699177742004,1.2894107186744777e-06,1,1.2894107186744777e-06,368.6740400791168,1.2894107186744777e-06,1,1.2894107186744777e-06,367.6225140094757,1.2894101937820536e-06,100,1.2894101937820536e-06,301.86655592918396,1.2894045767542815e-06,20,1.2894045767542815e-06,359.83245611190796,ok
dc_motor,odepe_v2_nopolish,0,dc_motor_4_0,,1,4.746064652394466e-12,161,4.746064652394466e-12,385.4749050140381,4.810041254188491e-12,1,4.810041254188491e-12,372.7786569595337,4.810041254188491e-12,1,4.810041254188491e-12,378.809602022171,4.810041254188491e-12,100,4.810041254188491e-12,389.4666841030121,3.499894818403959e-11,20,3.499894818403959e-11,306.47648191452026,ok
dc_motor,odepe_v2_nopolish,1em2,dc_motor_4_1em2,,1,0.08367599367866121,150,0.08367599367866121,391.507896900177,0.08367599367860726,56,0.5788677903792802,583.7618510723114,0.08367599367866418,20,0.5788677903791023,452.2567050457001,0.08367599367866418,100,0.5788677903791023,578.3476779460907,0.08367599367858544,20,0.5788677903791195,583.792503118515,ok
dc_motor,odepe_v2_nopolish,1em4,dc_motor_4_1em4,,1,0.0009419093201699499,193,0.0009419093201699499,419.25819396972656,0.017188558335287235,26,0.017188558335287235,368.3236289024353,0.0009419093202309839,20,0.017188558335287235,395.75977301597595,0.0009419093202309839,100,0.017188558335287235,370.89238381385803,0.017188558345135607,20,0.017188558345135607,438.71321201324463,ok
dc_motor,odepe_v2_nopolish,1em6,dc_motor_4_1em6,,1,5.358722015944006e-05,209,5.358722015944006e-05,499.0804491043091,0.00024610764529503504,3,0.00024610764529503504,453.1194360256195,0.00024610764529503504,20,0.00024610764529503504,441.6119339466095,5.3587220163325844e-05,100,0.00024610764529503504,379.7553949356079,0.0002461076230035608,20,0.0002461076230035608,379.2912440299988,ok
dc_motor,odepe_v2_nopolish,1em8,dc_motor_4_1em8,,1,2.5878662649053696e-05,183,2.5878662649053696e-05,377.1264898777008,2.587866224590396e-05,1,2.587866224590396e-05,376.57216787338257,2.587866224590396e-05,5,2.587866224590396e-05,372.77031111717224,2.587865209624507e-05,100,2.587865209624507e-05,323.55872893333435,2.587862699493515e-05,20,2.587862699493515e-05,365.88604497909546,ok
dc_motor,odepe_v2_nopolish,0,dc_motor_5_0,,1,1.7509782111518012e-10,140,1.7509782111518012e-10,384.01066398620605,1.752346594470104e-10,1,1.752346594470104e-10,338.9433090686798,1.752346594470104e-10,1,1.752346594470104e-10,354.0052239894867,1.752346594470104e-10,100,1.752346594470104e-10,341.9206020832062,1.071632466396439e-11,20,1.071632466396439e-11,365.5222661495209,ok
dc_motor,odepe_v2_nopolish,1em2,dc_motor_5_1em2,,1,0.06564149648870898,166,0.06564149648870898,427.6953990459442,0.06564149648868658,63,0.13179744485708964,586.9149630069733,0.07877257518648564,20,0.07877257518648564,466.2864019870758,0.06564149648870898,100,0.07877257518648564,605.9478440284729,0.0887883613319427,20,0.0887883613319427,588.0870010852814,ok
dc_motor,odepe_v2_nopolish,1em4,dc_motor_5_1em4,,1,0.001069336888340507,144,0.001069336888340507,393.6330099105835,0.004511242505489132,14,0.004511242505489132,416.9780898094177,0.0031245072865522245,20,0.004511242505489132,405.00545501708984,0.0010693373268221308,100,0.004511242505507725,376.54303002357483,0.00451124251198407,20,0.00451124251198407,409.2047801017761,ok
dc_motor,odepe_v2_nopolish,1em6,dc_motor_5_1em6,,1,6.672216892011245e-05,190,6.672216892011245e-05,406.59711599349976,0.0002220798596235225,1,0.0002220798596235225,399.91890692710876,0.0002220798596235225,20,0.0002220798596235225,405.148108959198,3.994693734487917e-05,100,0.00022207985990107827,350.9845929145813,0.00022207986631014162,20,0.00022207986631014162,328.6222860813141,ok
dc_motor,odepe_v2_nopolish,1em8,dc_motor_5_1em8,,1,1.0223154555965049e-05,171,1.0223154555965049e-05,356.8358471393585,1.0223154661369356e-05,1,1.0223154661369356e-05,357.8940198421478,1.0223154661369356e-05,1,1.0223154661369356e-05,355.32008695602417,1.0223154661369356e-05,100,1.0223154661369356e-05,273.77077198028564,1.0223166726818397e-05,20,1.0223166726818397e-05,356.29870986938477,ok
dc_motor,odepe_v2_nopolish,0,dc_motor_6_0,,1,5.965831927712704e-12,141,5.965831927712704e-12,373.8781599998474,5.968122436380013e-12,1,5.968122436380013e-12,349.0868351459503,5.968122436380013e-12,1,5.968122436380013e-12,352.6534490585327,5.968122436380013e-12,100,5.968122436380013e-12,370.7854061126709,4.726422643094816e-10,20,4.726422643094816e-10,317.0336711406708,ok
dc_motor,odepe_v2_nopolish,1em2,dc_motor_6_1em2,,1,0.031155505815075844,168,0.031155505815075844,361.4361991882324,0.031155505815083348,53,0.08902415466131085,545.9674928188324,0.031155505815075844,20,0.2022246884291466,430.68736600875854,0.031155505815075844,100,0.2022246884291466,563.9319169521332,0.031155505814994156,20,0.20770994805008325,538.7927219867706,ok
dc_motor,odepe_v2_nopolish,1em4,dc_motor_6_1em4,,1,0.0038066306099758637,160,0.0038066306099758637,390.0338718891144,0.0036922101525055538,17,0.0036922101525055538,446.9208650588989,0.0036922101525055538,20,0.0036922101525055538,441.91667795181274,0.0038066306099758637,100,0.004236933449914955,341.2370250225067,0.004805973688865093,20,0.004805973688865093,328.2749810218811,ok
dc_motor,odepe_v2_nopolish,1em6,dc_motor_6_1em6,,1,2.1241487078573467e-05,195,2.1241487078573467e-05,413.37971210479736,0.00019935091394978642,1,0.00019935091394978642,415.4054970741272,0.00019935091394978642,17,0.00019935091394978642,419.1892321109772,2.105502047019797e-05,100,3.954778078527834e-05,331.09742999076843,3.9547781592918546e-05,20,3.9547781592918546e-05,419.70535111427307,ok
dc_motor,odepe_v2_nopolish,1em8,dc_motor_6_1em8,,1,5.14070280006736e-07,171,5.14070280006736e-07,396.7680621147156,5.140702791983212e-07,1,5.140702791983212e-07,366.04369592666626,5.140702791983212e-07,1,5.140702791983212e-07,344.71923995018005,5.140702791983212e-07,100,5.140702791983212e-07,296.6012589931488,5.140703278379464e-07,20,5.140703278379464e-07,388.9578778743744,ok
dc_motor,odepe_v2_nopolish,0,dc_motor_7_0,,1,4.321736766904229e-11,158,4.321736766904229e-11,392.740895986557,4.319671235695624e-11,1,4.319671235695624e-11,341.13711500167847,4.319671235695624e-11,1,4.319671235695624e-11,333.6823658943176,4.319671235695624e-11,100,4.319671235695624e-11,387.10934495925903,7.413804712260693e-12,20,7.413804712260693e-12,384.2545509338379,ok
dc_motor,odepe_v2_nopolish,1em2,dc_motor_7_1em2,,1,0.06396981004492684,169,0.06396981004492684,368.89082312583923,0.0639698100449449,52,0.28235275213931765,543.423828125,0.10023527273464614,20,0.2823527521392746,430.7044999599457,0.06396981004492684,100,0.2823527521392746,483.0345129966736,0.06396981004490492,20,0.2823527521393861,540.1531071662903,ok
dc_motor,odepe_v2_nopolish,1em4,dc_motor_7_1em4,,1,0.002638636593071916,185,0.002638636593071916,406.9537959098816,0.01319838117842938,18,0.01319838117842938,425.4591691493988,0.002638636593071916,20,0.01319838117842938,427.18499183654785,0.002638636593071916,100,0.01319838117842938,387.75492000579834,0.004014361988423914,20,0.004014361988423914,417.5973460674286,ok
dc_motor,odepe_v2_nopolish,1em6,dc_motor_7_1em6,,1,1.5250815015409412e-05,187,1.5250815015409412e-05,439.07311487197876,1.525081503364418e-05,1,1.525081503364418e-05,343.4350039958954,1.525081503364418e-05,16,1.525081503364418e-05,412.7430160045624,1.525081503364418e-05,100,1.525081503364418e-05,334.6235930919647,1.5250815683156923e-05,20,1.5250815683156923e-05,391.17375898361206,ok
dc_motor,odepe_v2_nopolish,1em8,dc_motor_7_1em8,,1,7.642121439703466e-06,165,7.642121439703466e-06,414.31672382354736,7.64212147213876e-06,1,7.64212147213876e-06,382.979140996933,7.64212147213876e-06,3,7.64212147213876e-06,378.306067943573,7.642270102277964e-06,100,7.642270102277964e-06,282.75589990615845,7.642311802125674e-06,20,7.642311802125674e-06,295.8756217956543,ok
dc_motor,odepe_v2_nopolish,0,dc_motor_8_0,,1,2.160187871124934e-11,133,2.160187871124934e-11,410.37846779823303,2.1556346004305726e-11,1,2.1556346004305726e-11,387.1281979084015,4.247213401220468e-11,1,4.247213401220468e-11,294.3910300731659,2.1556346004305726e-11,100,2.1556346004305726e-11,374.6765921115875,1.0306667290036751e-11,20,1.0306667290036751e-11,393.42771792411804,ok
dc_motor,odepe_v2_nopolish,1em2,dc_motor_8_1em2,,1,0.22100253993208072,128,0.22100253993208072,364.0352280139923,0.22100253993205557,32,0.708341693870729,543.2675068378448,0.3931823949492645,20,0.7083416938704523,432.2467420101166,0.22100253993208072,100,0.7083416938704523,473.02492904663086,0.22100253993209157,20,0.7083416938706273,563.0733759403229,ok
dc_motor,odepe_v2_nopolish,1em4,dc_motor_8_1em4,,1,0.010518305448292376,167,0.010518305448292376,434.3452191352844,0.01560121584254171,23,0.037537671640678734,430.773973941803,0.031131872830961364,20,0.037537671640678734,448.90595602989197,0.010697416823978541,100,0.037537671640678734,351.8631889820099,0.015601215842338763,20,0.03753767164046909,455.9470679759979,ok
dc_motor,odepe_v2_nopolish,1em6,dc_motor_8_1em6,,1,0.000186641661626677,181,0.000186641661626677,465.3281419277191,0.00011621888501887011,1,0.00011621888501887011,438.7584879398346,0.00011621888501887011,19,0.00011621888501887011,444.7705671787262,0.00011621888501887011,100,0.00011621888501887011,405.4854428768158,0.0009396584879981549,20,0.0009396584879981549,427.3290898799896,ok
dc_motor,odepe_v2_nopolish,1em8,dc_motor_8_1em8,,1,2.35689816906811e-06,158,2.35689816906811e-06,424.12093019485474,3.8125139779236552e-06,1,3.8125139779236552e-06,420.83634901046753,3.8125139779236552e-06,9,3.8125139779236552e-06,404.9753119945526,3.1471049150901904e-06,100,3.1471049150901904e-06,389.35382986068726,4.1644502219599436e-06,20,4.1644502219599436e-06,324.95229291915894,ok
dc_motor,odepe_v2_nopolish,0,dc_motor_9_0,,1,2.3399071015437087e-12,149,2.3399071015437087e-12,393.6079099178314,2.3405663788742465e-12,1,2.3405663788742465e-12,316.53090715408325,2.3405663788742465e-12,1,2.3405663788742465e-12,352.39978098869324,2.3405663788742465e-12,100,2.3405663788742465e-12,308.87207293510437,2.3569164566715763e-12,20,2.3569164566715763e-12,347.2159421443939,ok
dc_motor,odepe_v2_nopolish,1em2,dc_motor_9_1em2,,1,0.045328396869511615,134,0.045328396869511615,409.46882700920105,0.04532908639161467,34,0.08080367611166148,582.0072450637817,0.04532952011306837,20,0.08080494532854879,466.92755699157715,0.04532952011306837,100,0.08080494532854879,500.3527898788452,0.0453294181049802,20,0.08080462038888282,580.5872581005096,ok
dc_motor,odepe_v2_nopolish,1em4,dc_motor_9_1em4,,1,0.00052580367040382,191,0.00052580367040382,387.340735912323,0.0041798757333667,10,0.0041798757333667,337.787752866745,0.00052580367040382,20,0.004179875733651508,298.44653582572937,0.0005258036706559884,100,0.0041798757333667,305.4483411312103,0.004179875732993285,20,0.004179875732993285,375.7510941028595,ok
dc_motor,odepe_v2_nopolish,1em6,dc_motor_9_1em6,,1,4.8369609256861064e-05,194,4.8369609256861064e-05,342.10382413864136,5.428433205782395e-05,1,5.428433205782395e-05,396.7365801334381,5.428433205782395e-05,20,5.428433205782395e-05,390.6574602127075,4.8369609349695414e-05,100,5.428433205782395e-05,329.4159269332886,5.428433199782972e-05,20,5.428433199782972e-05,379.2424421310425,ok
dc_motor,odepe_v2_nopolish,1em8,dc_motor_9_1em8,,1,1.4991519802473928e-05,168,1.4991519802473928e-05,349.3296699523926,1.599604689152462e-05,1,1.599604689152462e-05,294.39681601524353,1.599604689152462e-05,2,1.599604689152462e-05,352.9700400829315,9.358390160063226e-06,100,1.6093913409528484e-05,325.29085302352905,1.611042956587815e-05,20,1.611042956587815e-05,281.6816530227661,ok
fitzhugh_nagumo,odepe_v2_nopolish,0,fitzhugh_nagumo_0_0,,1,1.0491841522559347e-09,531,1.0491841522559347e-09,352.3225998878479,3.805202744704543e-08,1,3.805202744704543e-08,511.2139370441437,3.805202744704543e-08,1,3.805202744704543e-08,509.31812500953674,3.805202744704543e-08,100,3.805202744704543e-08,453.11670899391174,7.99267794805912e-10,20,7.99267794805912e-10,515.7711870670319,ok
fitzhugh_nagumo,odepe_v2_nopolish,1em2,fitzhugh_nagumo_0_1em2,,1,3.914008857940135,351,3.914008857940135,420.84436297416687,13.610224266207137,141,20.30468867591979,570.3214519023895,20.206730081221867,20,20.304915211379473,629.0530230998993,16.110526150767477,100,20.304915211379473,525.0667219161987,20.30494004083281,20,20.30494004083281,612.9326829910278,ok
fitzhugh_nagumo,odepe_v2_nopolish,1em4,fitzhugh_nagumo_0_1em4,,1,0.42049829844373904,432,0.42049829844373904,364.64003896713257,0.42046070267028035,80,0.43219541968378594,470.5062758922577,0.42046070267028035,20,0.43219541968378594,507.3945789337158,0.42046070267028035,100,0.43219541968378594,431.27256989479065,0.4205530911138814,20,0.4317158773415253,397.8726019859314,ok
fitzhugh_nagumo,odepe_v2_nopolish,1em6,fitzhugh_nagumo_0_1em6,,1,0.009083012935730736,538,0.009083012935730736,394.5473201274872,0.008259155422477281,38,0.008259155422477281,495.9794499874115,0.008123710629384,20,0.008123710629384,379.88690209388733,0.008259155422477281,100,0.008259155422477281,442.0187408924103,0.007469093531859666,20,0.007469093531859666,367.0335009098053,ok
fitzhugh_nagumo,odepe_v2_nopolish,1em8,fitzhugh_nagumo_0_1em8,,1,0.00017754717444954754,624,0.00017754717444954754,363.42796897888184,0.002357786357949709,3,0.002357786357949709,418.3119239807129,0.0002618155759314704,20,0.002357786357949709,449.08491110801697,0.0005497627116628278,100,0.0005497627116628278,393.8372678756714,0.0014363025998869764,20,0.0014363025998869764,327.47231793403625,ok
fitzhugh_nagumo,odepe_v2_nopolish,0,fitzhugh_nagumo_1_0,,1,1.1373358395423182e-11,511,1.1373358395423182e-11,533.385293006897,1.1373098694130873e-11,1,1.1373098694130873e-11,473.03244805336,1.1373098694130873e-11,1,1.1373098694130873e-11,469.9958610534668,1.1373098694130873e-11,100,1.1373098694130873e-11,503.72333097457886,7.0170408711000554e-09,20,7.0170408711000554e-09,567.7213718891144,ok
fitzhugh_nagumo,odepe_v2_nopolish,1em2,fitzhugh_nagumo_1_1em2,,1,0.42697886700607524,441,0.42697886700607524,475.02331709861755,0.4269252571395242,199,0.4269252571395242,639.1879651546478,0.42563839104953755,20,0.42563839104953755,698.1399281024933,0.42563839104953755,100,0.42563839104953755,593.456778049469,0.42575118371173837,20,0.42575118371173837,636.8134548664093,ok
fitzhugh_nagumo,odepe_v2_nopolish,1em4,fitzhugh_nagumo_1_1em4,,1,0.08189865195018613,334,0.08189865195018613,431.43465399742126,0.08189865196534857,41,0.5167460725934492,476.0900659561157,0.08189865196534857,20,0.5167460725934492,495.13618087768555,0.08189865196534857,100,0.5167460725934492,460.87799406051636,0.08189865212590976,20,0.5169228066932741,503.5297350883484,ok
fitzhugh_nagumo,odepe_v2_nopolish,1em6,fitzhugh_nagumo_1_1em6,,1,0.0005274662403678899,547,0.0005274662403678899,383.24097299575806,0.011133856361718517,11,0.011133856361718517,513.7113168239594,0.00040356144796572396,20,0.011133856361718517,518.4152798652649,0.00040356144796572396,100,0.011133856361718517,485.13892817497253,0.002960690097531104,20,0.002960690097531104,509.302561044693,ok
fitzhugh_nagumo,odepe_v2_nopolish,1em8,fitzhugh_nagumo_1_1em8,,1,2.6820100322428578e-05,577,2.6820100322428578e-05,496.6169710159302,0.00021358049785999227,1,0.00021358049785999227,542.8961291313171,0.00021358049785999227,17,0.00021358049785999227,546.7049031257629,1.4041529582079993e-05,100,0.00021358049785999227,415.4113018512726,9.283955623377008e-06,20,9.283955623377008e-06,524.8543040752411,ok
fitzhugh_nagumo,odepe_v2_nopolish,0,fitzhugh_nagumo_2_0,,1,5.921240941173656e-10,469,5.921240941173656e-10,524.4541590213776,5.921249288715194e-10,1,5.921249288715194e-10,464.4314889907837,5.921249288715194e-10,1,5.921249288715194e-10,471.1949520111084,5.921249288715194e-10,100,5.921249288715194e-10,455.6256101131439,4.03409978899947e-09,20,4.03409978899947e-09,386.494206905365,ok
fitzhugh_nagumo,odepe_v2_nopolish,1em2,fitzhugh_nagumo_2_1em2,,1,0.6045685685820325,383,0.6045685685820325,431.96145606040955,0.6045685685820241,83,52.190473162812594,574.7367441654205,0.6045685685820325,20,52.190444231221,616.9595649242401,0.6045685685820325,100,52.190444231221,511.14603996276855,0.6045685685821456,20,52.1904378612291,585.9722230434418,ok
fitzhugh_nagumo,odepe_v2_nopolish,1em4,fitzhugh_nagumo_2_1em4,,1,0.03537143029467312,357,0.03537143029467312,441.66359782218933,0.06679820129039876,27,0.06679820129039876,448.0600280761719,0.035371430294673545,20,0.06679820129039876,427.9317629337311,0.035371430295624465,100,0.06692114839478423,363.6719081401825,0.0666873348086052,20,0.0666873348086052,341.06775188446045,ok
fitzhugh_nagumo,odepe_v2_nopolish,1em6,fitzhugh_nagumo_2_1em6,,1,0.0008804065895307065,594,0.0008804065895307065,391.0107228755951,0.0055420452276544584,7,0.0055420452276544584,465.08198595046997,0.000880406593649166,20,0.0055420452276544584,476.1391050815582,0.000880406593649166,100,0.0055420452276544584,418.0066978931427,0.005542041452166023,20,0.005542041452166023,403.2701199054718,ok
fitzhugh_nagumo,odepe_v2_nopolish,1em8,fitzhugh_nagumo_2_1em8,,1,0.00012651511034936287,609,0.00012651511034936287,462.1470310688019,0.001967361354295267,1,0.001967361354295267,498.89728713035583,0.0005726973948928809,18,0.001967361354295267,499.7614760398865,6.417217017479917e-05,100,0.0013167625923964604,354.4060490131378,0.0009777698988006555,20,0.0009777698988006555,507.1675260066986,ok
fitzhugh_nagumo,odepe_v2_nopolish,0,fitzhugh_nagumo_3_0,,1,1.2812514315412287e-08,548,1.2812514315412287e-08,420.7616140842438,1.2812514315412287e-08,1,1.2812514315412287e-08,388.9131598472595,1.2812514315412287e-08,1,1.2812514315412287e-08,407.16790199279785,1.2812514315412287e-08,100,1.2812514315412287e-08,365.75435996055603,2.8184039717118476e-05,20,2.8184039717118476e-05,407.2953119277954,ok
fitzhugh_nagumo,odepe_v2_nopolish,1em2,fitzhugh_nagumo_3_1em2,,1,0.6087407578763359,259,0.6087407578763359,399.60998797416687,0.608740757876375,111,3.0150204024265874,602.6618759632111,0.6087407578763359,20,3.0150204024266904,612.8805029392242,0.6087407578763359,100,3.0150204024266904,509.34783005714417,0.6087407578763746,20,3.0150204024267695,602.8487439155579,ok
fitzhugh_nagumo,odepe_v2_nopolish,1em4,fitzhugh_nagumo_3_1em4,,1,0.08971189870815192,335,0.08971189870815192,383.0954349040985,0.08971189870844794,112,0.9950257281399316,425.03572702407837,0.15922337294638456,20,0.9950257281399316,413.6147630214691,0.15922337294638456,100,0.9950257281399316,336.33968019485474,0.15943292356078537,20,0.9950257281364911,419.4877669811249,ok
fitzhugh_nagumo,odepe_v2_nopolish,1em6,fitzhugh_nagumo_3_1em6,,1,0.00011830939989634336,446,0.00011830939989634336,373.6966300010681,0.001445558246348099,10,0.001445558246348099,414.84072613716125,0.001445558246348099,20,0.001445558246348099,393.8931369781494,0.00011830939989590396,100,0.00029779954176732573,365.8822729587555,0.00844330258332517,20,0.00844330258332517,420.8973340988159,ok
fitzhugh_nagumo,odepe_v2_nopolish,1em8,fitzhugh_nagumo_3_1em8,,1,8.312119572034777e-05,456,8.312119572034777e-05,404.53713607788086,0.0005372405526661327,1,0.0005372405526661327,422.60748314857483,0.0005222039385800521,12,0.0005372405526661327,423.30400109291077,5.579541062326429e-05,100,0.00023707298922266934,324.92355012893677,0.00035548706418709827,20,0.00035548706418709827,425.1525230407715,ok
fitzhugh_nagumo,odepe_v2_nopolish,0,fitzhugh_nagumo_4_0,,1,3.5663960374122066e-08,509,3.5663960374122066e-08,421.9552381038666,3.5663960374122066e-08,1,3.5663960374122066e-08,418.43930411338806,3.5663960374122066e-08,1,3.5663960374122066e-08,413.98326897621155,3.5663960374122066e-08,100,3.5663960374122066e-08,361.5931179523468,1.419385114283907e-08,20,1.419385114283907e-08,424.21642804145813,ok
fitzhugh_nagumo,odepe_v2_nopolish,1em2,fitzhugh_nagumo_4_1em2,,1,0.48733096490000966,258,0.48733096490000966,367.6133608818054,0.48733096489998856,96,8.3824657151706,584.0414550304413,0.4873309649000091,20,8.382465715170603,599.1460149288177,0.4873309649000091,100,8.382465715170603,623.9540600776672,0.4873309649003847,20,8.382465715170918,588.850170135498,ok
fitzhugh_nagumo,odepe_v2_nopolish,1em4,fitzhugh_nagumo_4_1em4,,1,0.17450835546370969,338,0.17450835546370969,407.1232101917267,0.17450835546371163,107,0.422560816284499,425.4913258552551,0.21438185460275222,20,0.422560816284499,428.9046130180359,0.21841870735673377,100,0.42012204495615596,348.96720600128174,0.2232848402055456,20,0.2232848402055456,451.17319107055664,ok
fitzhugh_nagumo,odepe_v2_nopolish,1em6,fitzhugh_nagumo_4_1em6,,1,0.0015870894364198689,544,0.0015870894364198689,395.8515830039978,0.019482084292349048,34,0.019482084292349048,423.8278419971466,0.01167711970819039,20,0.019482084292349048,435.8236999511719,0.0015870894314397761,100,0.019482086360793124,392.8436870574951,0.019482086023979675,20,0.019482086023979675,377.666118144989,ok
fitzhugh_nagumo,odepe_v2_nopolish,1em8,fitzhugh_nagumo_4_1em8,,1,0.0004346136497660271,497,0.0004346136497660271,333.5283122062683,0.010582525278797742,5,0.010582525278797742,428.20532298088074,0.0004419591203054789,20,0.010582525278797742,405.58484292030334,0.0004419591203054789,100,0.010582525278797742,334.11128783226013,0.007647787982148733,20,0.02828306648349549,326.03814482688904,ok
fitzhugh_nagumo,odepe_v2_nopolish,0,fitzhugh_nagumo_5_0,,1,1.5760521248290913e-09,538,1.5760521248290913e-09,653.6930179595947,1.7161957069972761e-06,1,1.7161957069972761e-06,661.8529109954834,1.5760521248290913e-09,1,1.5760521248290913e-09,730.2659320831299,1.5760521248290913e-09,100,1.5760521248290913e-09,676.7442510128021,8.313941356351428e-09,20,8.313941356351428e-09,748.3713889122009,ok
fitzhugh_nagumo,odepe_v2_nopolish,1em2,fitzhugh_nagumo_5_1em2,,1,2.0209894275207088,414,2.0209894275207088,563.7734160423279,4.176998961509906,196,31.345396480930614,715.5736219882965,4.177047031010712,20,31.345396480929505,770.8207581043243,4.177047031010712,100,31.345396480929505,804.5143020153046,4.169391609664129,20,31.34539648092552,716.422327041626,ok
fitzhugh_nagumo,odepe_v2_nopolish,1em4,fitzhugh_nagumo_5_1em4,,1,0.08801525749059838,452,0.08801525749059838,539.9672620296478,0.08801525749059838,117,0.5365269611239301,574.3070330619812,0.08806406597150007,20,0.5365335276679145,419.3081488609314,0.08801525749059838,100,0.5365269611239301,470.6577708721161,0.10646666027778952,20,0.536532215206746,562.9329769611359,ok
fitzhugh_nagumo,odepe_v2_nopolish,1em6,fitzhugh_nagumo_5_1em6,,1,0.0034857579299470546,478,0.0034857579299470546,569.232262134552,0.00849393635295159,22,0.00849393635295159,635.4677851200104,0.0034857579299470546,20,0.00849393635295159,645.1188058853149,0.0034857579299470546,100,0.00849393635295159,541.5099310874939,0.0059734940881148784,20,0.0059734940881148784,541.8248090744019,ok
fitzhugh_nagumo,odepe_v2_nopolish,1em8,fitzhugh_nagumo_5_1em8,,1,0.00021558265058871284,481,0.00021558265058871284,569.2509899139404,0.000977865619574911,3,0.000977865619574911,612.2611711025238,0.000977865619574911,20,0.000977865619574911,717.4467310905457,3.2005435491830595e-05,100,3.2005435491830595e-05,450.5447509288788,0.0001588622716420715,20,0.0001588622716420715,710.0125260353088,ok
fitzhugh_nagumo,odepe_v2_nopolish,0,fitzhugh_nagumo_6_0,,1,4.679883401883481e-08,520,4.679883401883481e-08,525.739874124527,4.679883401883481e-08,1,4.679883401883481e-08,501.08534598350525,4.679883401883481e-08,1,4.679883401883481e-08,502.4938268661499,1.2334026323643818e-08,100,1.2334026323643818e-08,351.0427658557892,6.739778257817639e-09,20,6.739778257817639e-09,449.2552089691162,ok
fitzhugh_nagumo,odepe_v2_nopolish,1em2,fitzhugh_nagumo_6_1em2,,1,0.5938838359866017,358,0.5938838359866017,428.2053141593933,0.6998461883516914,181,5.350208073941524,612.2807850837708,0.9850184799656831,20,5.350208801271352,645.796128988266,0.5938838359866019,100,5.350208801271352,662.1603238582611,0.6998461883580607,20,5.350210058399033,606.7819399833679,ok
fitzhugh_nagumo,odepe_v2_nopolish,1em4,fitzhugh_nagumo_6_1em4,,1,0.11103421777995592,433,0.11103421777995592,502.4412579536438,0.11103421780870854,102,0.30421853576220026,450.06337118148804,0.11103421780870854,20,0.30421853576220026,504.1956341266632,0.11103421780870854,100,0.30421853576220026,456.4619719982147,0.11103421790040024,20,0.30419130524059135,504.6373701095581,ok
fitzhugh_nagumo,odepe_v2_nopolish,1em6,fitzhugh_nagumo_6_1em6,,1,0.0009989014556553856,517,0.0009989014556553856,450.14882493019104,0.0009989015203575665,7,0.0009989015203575665,433.9422791004181,0.0008244487126072875,20,0.0009989015203575665,520.8603789806366,0.0009989014556553856,100,0.0009989014556553856,378.4973440170288,0.0009989012876624724,20,0.0009989012876624724,514.8173489570618,ok
fitzhugh_nagumo,odepe_v2_nopolish,1em8,fitzhugh_nagumo_6_1em8,,1,1.961680055009169e-05,489,1.961680055009169e-05,409.1844069957733,0.00013901362574200637,1,0.00013901362574200637,501.12255215644836,5.106269091035847e-05,15,5.106269091035847e-05,366.0316689014435,5.0385594922587417e-05,100,5.106269091035847e-05,376.7510099411011,0.00016565048859294653,20,0.00016565048859294653,365.0211980342865,ok
fitzhugh_nagumo,odepe_v2_nopolish,0,fitzhugh_nagumo_7_0,,1,2.43679679609191e-09,541,2.43679679609191e-09,618.5288450717926,2.43679679609191e-09,1,2.43679679609191e-09,553.5500519275665,2.43679679609191e-09,1,2.43679679609191e-09,527.1087119579315,7.986106871221476e-10,100,7.986106871221476e-10,359.21925497055054,6.040086811305429e-07,20,6.040086811305429e-07,605.3638129234314,ok
fitzhugh_nagumo,odepe_v2_nopolish,1em2,fitzhugh_nagumo_7_1em2,,1,1.8316083274876394,447,1.8316083274876394,473.4138140678406,1.8316623055819259,232,3.652813469181755,615.8171648979187,1.8316551956388394,20,3.6528069783694144,689.3440430164337,1.831609030987749,100,3.6528069783694144,706.0058658123016,1.8316625673395985,20,3.6528074012735314,609.938159942627,ok
fitzhugh_nagumo,odepe_v2_nopolish,1em4,fitzhugh_nagumo_7_1em4,,1,0.14804844363918832,441,0.14804844363918832,469.87245297431946,0.14804844290320845,91,0.838698270770216,545.9839329719543,0.14804844238154263,20,0.8386982707728081,409.3194079399109,0.14804844290320845,100,0.838698270770216,468.37690114974976,0.14804844319668672,20,0.8386982707688502,467.3655560016632,ok
fitzhugh_nagumo,odepe_v2_nopolish,1em6,fitzhugh_nagumo_7_1em6,,1,0.006729738176348693,548,0.006729738176348693,477.9021339416504,0.010170569735074707,20,0.010170569735074707,633.804612159729,0.008671862189469767,20,0.009544425508723758,435.61245489120483,0.006448802926649716,100,0.010170569735074707,591.4711060523987,0.008649206629235611,20,0.008649206629235611,631.9858820438385,ok
fitzhugh_nagumo,odepe_v2_nopolish,1em8,fitzhugh_nagumo_7_1em8,,1,3.354067290589921e-05,555,3.354067290589921e-05,627.728611946106,0.00019223001969597835,1,0.00019223001969597835,797.9280159473419,0.00019223001969597835,8,0.00019223001969597835,808.2162990570068,5.753478559157162e-05,100,7.487268283876808e-05,499.91461300849915,0.0015431164888646193,20,0.0015431164888646193,508.51090002059937,ok
fitzhugh_nagumo,odepe_v2_nopolish,0,fitzhugh_nagumo_8_0,,1,1.458350724132313e-08,507,1.458350724132313e-08,511.3257210254669,1.458350724132313e-08,1,1.458350724132313e-08,490.10572600364685,4.510465634145777e-09,1,4.510465634145777e-09,338.98782992362976,1.458350724132313e-08,100,1.458350724132313e-08,441.51239490509033,8.514469993256866e-10,20,8.514469993256866e-10,472.7709240913391,ok
fitzhugh_nagumo,odepe_v2_nopolish,1em2,fitzhugh_nagumo_8_1em2,,1,0.2152378292239537,341,0.2152378292239537,403.9240951538086,0.21523782922398493,115,0.6995337716407608,616.3481171131134,0.6795475956100777,20,0.6995337716409317,600.0587561130524,0.2152378292239537,100,0.6995337716409317,604.0919060707092,0.6995337716368043,20,0.6995337716368043,593.1006991863251,ok
fitzhugh_nagumo,odepe_v2_nopolish,1em4,fitzhugh_nagumo_8_1em4,,1,0.024585826237895,366,0.024585826237895,485.82553791999817,0.024585826237895,57,0.06827922250047881,476.7438061237335,0.05495665682223832,20,0.06830929568770897,347.7007830142975,0.02506873362385057,100,0.06830929568770897,380.6918959617615,0.06830883228011493,20,0.06830883228011493,452.6588890552521,ok
fitzhugh_nagumo,odepe_v2_nopolish,1em6,fitzhugh_nagumo_8_1em6,,1,0.00028861967948495723,627,0.00028861967948495723,395.41503500938416,0.0017002484523010427,3,0.0017002484523010427,445.28307700157166,0.0002907020325688977,20,0.0017002484487185908,352.3550901412964,0.00028796740662933825,100,0.0017002484523010427,398.6098220348358,0.0017002483569767209,20,0.0017002483569767209,363.6518259048462,ok
fitzhugh_nagumo,odepe_v2_nopolish,1em8,fitzhugh_nagumo_8_1em8,,1,4.214370500909422e-05,474,4.214370500909422e-05,363.4231798648834,0.00031206579088651485,1,0.00031206579088651485,404.9743580818176,7.173403567359072e-05,11,7.173403567359072e-05,338.4880850315094,4.214370500909422e-05,100,7.173403567359072e-05,337.1947810649872,0.0004899955189046473,20,0.0004899955189046473,326.8298418521881,ok
fitzhugh_nagumo,odepe_v2_nopolish,0,fitzhugh_nagumo_9_0,,1,8.642402599085782e-09,593,8.642402599085782e-09,454.3781261444092,8.642402599085782e-09,1,8.642402599085782e-09,414.5923671722412,8.642402599085782e-09,1,8.642402599085782e-09,460.6138188838959,8.642402599085782e-09,100,8.642402599085782e-09,446.552011013031,8.385010411960678e-09,20,8.385010411960678e-09,380.5032641887665,ok
fitzhugh_nagumo,odepe_v2_nopolish,1em2,fitzhugh_nagumo_9_1em2,,1,2.2781325009000053,319,2.2781325009000053,441.9464011192322,2.2781325009001394,106,105.83673092461562,615.7465460300446,2.2781325009000053,20,105.81080409213422,637.6106641292572,2.2781325009000053,100,105.81080409213422,637.5114290714264,2.278132500899506,20,105.81080711275537,636.9325850009918,ok
fitzhugh_nagumo,odepe_v2_nopolish,1em4,fitzhugh_nagumo_9_1em4,,1,0.3033790375074798,470,0.3033790375074798,481.0927698612213,0.3033790375074798,109,0.3869177098366371,472.9908208847046,0.3033790375074798,20,0.3869177098366371,493.5363738536835,0.3033790375044041,100,0.3869177098336371,421.74888586997986,0.3033790375026664,20,0.3869177098219269,377.6602690219879,ok
fitzhugh_nagumo,odepe_v2_nopolish,1em6,fitzhugh_nagumo_9_1em6,,1,0.000899301191886725,485,0.000899301191886725,405.6177279949188,0.011830388822021958,18,0.011830388822021958,446.7336928844452,0.0008993687292093577,20,0.011830388822021958,449.07488203048706,0.0008993687292093577,100,0.011830388822021958,403.4281220436096,0.011830388783732819,20,0.011830388783732819,436.2696940898895,ok
fitzhugh_nagumo,odepe_v2_nopolish,1em8,fitzhugh_nagumo_9_1em8,,1,6.974277106189097e-05,596,6.974277106189097e-05,448.7552878856659,0.0002516172031778739,1,0.0002516172031778739,495.10152292251587,0.0002516172031778739,10,0.0002516172031778739,484.81347489356995,6.0336379480334275e-05,100,0.00022083896067240735,358.54043889045715,0.00025161692379459017,20,0.00025161692379459017,350.1338469982147,ok
flexible_arm,odepe_v2_nopolish,0,flexible_arm_0_0,,1,0.9993156983672259,164,0.9993156983672259,469.5085620880127,0.9993156983672259,38,1.1598467501747318,736.7596659660339,1.0025706878177814,20,1.1598467501747318,777.5488250255585,0.9993156983672259,100,1.1598467501747318,834.2708718776703,1.002584676995773,20,1.1598467505114902,712.2301831245422,ok
flexible_arm,odepe_v2_nopolish,1em2,flexible_arm_0_1em2,,1,2.2439657294020363,129,2.2439657294020363,583.821291923523,2.3466876160653,25,5.618534451019728,1238.049045085907,2.3466891681414253,20,5.618534451018703,1266.1362760066986,2.2439657674102698,100,5.618534451018703,1275.9360210895538,2.346707906291023,20,5.618534451018798,1340.0157051086426,ok
flexible_arm,odepe_v2_nopolish,1em4,flexible_arm_0_1em4,,1,0.9985978096308413,164,0.9985978096308413,492.43598103523254,0.9985978096308413,35,1.6759488752339402,839.6525511741638,1.000493496574663,20,1.6759488752339402,807.6653220653534,0.9985978096306567,100,1.6759488752867904,703.2040901184082,1.0005820130121006,20,1.6759488751844593,825.6458349227905,ok
flexible_arm,odepe_v2_nopolish,1em6,flexible_arm_0_1em6,,1,0.9826132375917151,171,0.9826132375917151,556.5932250022888,0.9826132375917151,36,0.9826132375917151,826.051609992981,0.9826132375917151,20,0.9826132375917151,858.8270580768585,0.9826132375913476,100,0.9826132375913476,678.8729050159454,0.982613237596667,20,0.982613237596667,858.8577289581299,ok
flexible_arm,odepe_v2_nopolish,1em8,flexible_arm_0_1em8,,1,0.9993148473952602,170,0.9993148473952602,468.7443149089813,0.9993148473952602,36,1.1605937431861872,844.3397288322449,1.0025631125298717,20,1.1605937431861872,816.2363350391388,0.9993148473950838,100,1.1605937432164066,680.3039059638977,1.002567037385955,20,1.1605937433208158,843.572427034378,ok
flexible_arm,odepe_v2_nopolish,0,flexible_arm_1_0,,1,0.5232706684620898,159,0.5232706684620898,788.0909199714661,0.5232706684620898,48,0.9999123233196742,916.7451930046082,0.5232706684620898,20,0.9999123233196742,884.6181108951569,0.5232706684620898,100,0.9999123233196742,797.1382420063019,0.5227350403333205,20,0.9999122358659506,919.0819890499115,ok
flexible_arm,odepe_v2_nopolish,1em2,flexible_arm_1_1em2,,1,1.2457699169868741,132,1.2457699169868741,588.0665469169617,1.385929604056755,56,2.957700161804226,1253.188956975937,1.7041598855677962,20,2.957700161803898,1290.4681379795074,1.2457699169868741,100,2.957700161803898,1285.094356060028,1.7041598855671891,20,2.9577001618274763,1358.4845819473267,ok
flexible_arm,odepe_v2_nopolish,1em4,flexible_arm_1_1em4,,1,0.4864931051303134,192,0.4864931051303134,751.001384973526,0.4864931051303134,62,3.5765683062907883,886.9839909076691,0.4865008973262805,20,3.5766325732621547,681.4526982307434,0.4865008973262805,100,3.5766325732621547,665.3953809738159,0.4863283943775667,20,3.5765151937533,898.2453589439392,ok
flexible_arm,odepe_v2_nopolish,1em6,flexible_arm_1_1em6,,1,0.525538190195529,161,0.525538190195529,625.442234992981,0.5255597839079066,48,0.999912341034566,904.4243929386139,0.5255597839079066,20,0.999912341034566,888.3362770080566,0.5255597839079066,100,0.999912341034566,808.4867129325867,0.5257225358806702,20,0.9999121773174202,768.6714918613434,ok
flexible_arm,odepe_v2_nopolish,1em8,flexible_arm_1_1em8,,1,0.522888854944874,158,0.522888854944874,552.486319065094,0.5226656257848045,48,0.9999122268650229,918.810558795929,0.5226656257848045,20,0.9999122268650229,920.6106970310211,0.5226656257848045,100,0.9999122268650229,727.5821709632874,0.5228115306951101,20,0.999912172210296,915.7308320999146,ok
flexible_arm,odepe_v2_nopolish,0,flexible_arm_2_0,,1,1.4776921912937896e-05,158,1.4776921912937896e-05,771.4382989406586,1.47768807757126e-05,1,1.47768807757126e-05,738.2352759838104,1.47768807757126e-05,1,1.47768807757126e-05,871.9668500423431,1.47768807757126e-05,100,1.47768807757126e-05,744.2544779777527,1.150334490443872e-05,20,1.150334490443872e-05,769.8004088401794,ok
flexible_arm,odepe_v2_nopolish,1em2,flexible_arm_2_1em2,,1,1.3764685752257064,146,1.3764685752257064,603.9179379940033,3.115699114459478,46,3.391361190784474,1320.3188350200653,3.1156991144600363,20,3.3913611907834245,1379.2701580524445,1.3764685752257064,100,3.3913611907834245,1390.9455790519714,3.1156991144602983,20,3.3913611907849046,1398.7381660938263,ok
flexible_arm,odepe_v2_nopolish,1em4,flexible_arm_2_1em4,,1,0.17364883547002297,161,0.17364883547002297,620.5791480541229,0.668489942800489,37,1.0821676344108846,959.7110259532928,0.8055688840469607,20,1.0821676344108846,951.1968698501587,0.17364972802167433,100,1.0821676344108846,864.3958790302277,0.8055980397439558,20,1.0821676344106008,985.1816198825836,ok
flexible_arm,odepe_v2_nopolish,1em6,flexible_arm_2_1em6,,1,0.006479485670338052,172,0.006479485670338052,621.8026130199432,0.024207819662165838,30,0.22919359298850148,871.4082820415497,0.009850888021910744,20,0.22919359298850148,878.8939249515533,0.009850888021910744,100,0.22919359298850148,883.8157110214233,0.031291294236407405,20,0.22704142116390744,807.0331039428711,ok
flexible_arm,odepe_v2_nopolish,1em8,flexible_arm_2_1em8,,1,0.0015423532965046173,171,0.0015423532965046173,703.8064160346985,0.0015423532965819478,3,0.0015423532965819478,859.4020309448242,0.0015423532965819478,12,0.0015423532965819478,865.9364550113678,0.001057324680950357,100,0.001057324680950357,630.2925109863281,0.008080799778530559,20,0.008080799778530559,856.703941822052,ok
flexible_arm,odepe_v2_nopolish,0,flexible_arm_3_0,,1,4.838585278339701e-09,177,4.838585278339701e-09,1039.2820930480957,4.450726011865427e-09,1,4.450726011865427e-09,797.3477759361267,4.838510867246188e-09,1,4.838510867246188e-09,938.6027679443359,4.838510867246188e-09,100,4.838510867246188e-09,890.7968230247498,8.12063989690348e-09,20,8.12063989690348e-09,1038.457379102707,ok
flexible_arm,odepe_v2_nopolish,1em2,flexible_arm_3_1em2,,1,0.9984402607807138,158,0.9984402607807138,580.4337329864502,0.9984402607807159,62,1.6822171887194977,1218.187822818756,0.9984402607807138,20,1.682217188719206,1238.131891965866,0.9984402607807138,100,1.682217188719206,1257.00439786911,0.998440260780713,20,1.6822171887192447,1315.0554749965668,ok
flexible_arm,odepe_v2_nopolish,1em4,flexible_arm_3_1em4,,1,0.056003377782243034,174,0.056003377782243034,900.4645249843597,0.056003377782243034,42,0.14253435039380832,1086.756264925003,0.12846944651927977,20,0.14253435039380832,1090.2341549396515,0.056003377782243034,100,0.14253435039380832,911.2508130073547,0.12846915243125487,20,0.14253263999340385,733.982036113739,ok
flexible_arm,odepe_v2_nopolish,1em6,flexible_arm_3_1em6,,1,0.0017881754411426963,216,0.0017881754411426963,857.1911299228668,0.001763015401895888,33,0.001763015401895888,1208.7391119003296,0.001763015401895888,20,0.001763015401895888,1189.883849143982,0.001788175441179063,100,0.002197088469134468,804.7591598033905,0.0027165553129331953,20,0.0027165553129331953,1163.9569280147552,ok
flexible_arm,odepe_v2_nopolish,1em8,flexible_arm_3_1em8,,1,0.000321302037756462,217,0.000321302037756462,1110.1550679206848,0.0011384687872130874,1,0.0011384687872130874,933.452250957489,0.0005246389868533989,20,0.0011384687872130874,1114.1401970386505,0.0005246389868533989,100,0.0011384687872130874,914.8915109634399,0.004265368314009412,20,0.004265368314009412,1078.5987441539764,ok
flexible_arm,odepe_v2_nopolish,0,flexible_arm_4_0,,1,6.632373222054915e-10,176,6.632373222054915e-10,981.3052198886871,6.631288231371759e-10,1,6.631288231371759e-10,1014.8949689865112,2.9293180435431607e-10,1,2.9293180435431607e-10,628.3427340984344,6.631288231371759e-10,100,6.631288231371759e-10,986.1453969478607,2.5037912457903146e-09,20,2.5037912457903146e-09,1001.1781990528107,ok
flexible_arm,odepe_v2_nopolish,1em2,flexible_arm_4_1em2,,1,0.8781477145414628,145,0.8781477145414628,589.2965950965881,0.8781477145414972,60,1.0229675946887442,1202.7692539691925,0.9325675412202502,20,1.0229675946887495,1212.665845155716,0.8781477145414628,100,1.0229675946887495,1235.901724100113,0.9325686821359989,20,1.0229675946887655,1307.6598048210144,ok
flexible_arm,odepe_v2_nopolish,1em4,flexible_arm_4_1em4,,1,0.13559136106117306,175,0.13559136106117306,882.3007850646973,0.13559136106117306,58,2.069266219828763,882.4519829750061,0.13559136106117306,20,2.069266219828763,932.8655650615692,0.1356118921433125,100,2.069249162930537,716.0905401706696,0.1355915842911846,20,2.0692740998432604,965.7054538726807,ok
flexible_arm,odepe_v2_nopolish,1em6,flexible_arm_4_1em6,,1,0.003267121681928732,214,0.003267121681928732,886.4676489830017,0.01806584439985542,17,0.01806584439985542,1120.2465698719025,0.0058543489174944785,20,0.017137791288109033,793.6088349819183,0.003716986447261033,100,0.017137791288109033,822.7330889701843,0.018832095561618335,20,0.018832095561618335,1122.529736995697,ok
flexible_arm,odepe_v2_nopolish,1em8,flexible_arm_4_1em8,,1,0.0005713016848067549,216,0.0005713016848067549,1030.0409409999847,0.0005713016845007569,3,0.0005713016845007569,1103.519228219986,0.0005713016845007569,20,0.0005713016845007569,1082.9000029563904,0.000901019513702677,100,0.0022024216480070516,716.8734850883484,0.0034178857845048967,20,0.0034178857845048967,692.1539440155029,ok
flexible_arm,odepe_v2_nopolish,0,flexible_arm_5_0,,1,0.0004872565742714992,173,0.0004872565742714992,780.2930569648743,0.0004872565648032203,1,0.0004872565648032203,915.2684898376465,0.0004872565648032203,6,0.0004872565648032203,919.4384789466858,0.0018240855906492082,100,0.0018240855906492082,603.5954389572144,0.0004547529028222749,20,0.0004547529028222749,819.8425462245941,ok
flexible_arm,odepe_v2_nopolish,1em2,flexible_arm_5_1em2,,1,3.904921305089757,139,3.904921305089757,631.6262218952179,3.904921305089595,57,6.680736125826435,1345.633152961731,3.9049213050896956,20,6.680736125827777,1407.4502820968628,3.9049213050896956,100,6.680736125827777,1422.3960688114166,3.9049213050895912,20,6.680736125812002,1464.814983844757,ok
flexible_arm,odepe_v2_nopolish,1em4,flexible_arm_5_1em4,,1,0.07155336981940026,161,0.07155336981940026,629.3066530227661,0.07156419613199588,34,0.16622313754912374,1015.8557109832764,0.16622313754912374,20,0.16622313754912374,1018.8891189098358,0.07156419613199588,100,0.16622313754912374,860.0714478492737,0.16621213608464297,20,0.16621213608464297,1029.9876461029053,ok
flexible_arm,odepe_v2_nopolish,1em6,flexible_arm_5_1em6,,1,0.00520095313646206,170,0.00520095313646206,662.5406627655029,0.010470746466229435,23,0.010470746466229435,726.3042130470276,0.005152213047776813,20,0.044509235586268396,953.0571420192719,0.005200953136434558,100,0.010470746466229435,699.3662958145142,0.010529325808634464,20,0.010529325808634464,773.9898638725281,ok
flexible_arm,odepe_v2_nopolish,1em8,flexible_arm_5_1em8,,1,0.0024021249954218377,172,0.0024021249954218377,760.1048150062561,0.0024021249977170703,2,0.0024021249977170703,900.7252061367035,0.0035840283790004113,19,0.008082019527127754,640.3371140956879,0.0024021249977170703,100,0.0024021249977170703,858.0169529914856,0.003944819775464246,20,0.003944819775464246,644.163642168045,ok
flexible_arm,odepe_v2_nopolish,0,flexible_arm_6_0,,1,7.234865329713619e-10,174,7.234865329713619e-10,924.5503380298615,7.235531876250708e-10,1,7.235531876250708e-10,769.2290132045746,7.235531876250708e-10,1,7.235531876250708e-10,915.7085738182068,7.225334100296463e-11,100,7.225334100296463e-11,572.2294909954071,9.246908794224851e-11,20,9.246908794224851e-11,768.1952211856842,ok
flexible_arm,odepe_v2_nopolish,1em2,flexible_arm_6_1em2,,1,0.9734828096731647,145,0.9734828096731647,557.3822991847992,0.9734828096731648,22,2.0116483437544828,1260.3535130023956,0.9734828096731647,20,2.0116487427755643,1178.6736660003662,0.9734828096731647,100,2.0116487427755643,1329.1347389221191,0.9734828096731659,20,2.0116294927818994,1385.596163034439,ok
flexible_arm,odepe_v2_nopolish,1em4,flexible_arm_6_1em4,,1,0.04982668519503899,172,0.04982668519503899,885.2800750732422,0.04982668519503899,32,0.10645998895891627,935.6065080165863,0.10646680304865173,20,0.10646680304865173,737.806948184967,0.0498390958304366,100,0.10646680304865173,756.6441550254822,0.10645701851627848,20,0.10645701851627848,784.8392639160156,ok
flexible_arm,odepe_v2_nopolish,1em6,flexible_arm_6_1em6,,1,0.008883812362711059,212,0.008883812362711059,910.86687707901,0.0288269988300921,37,0.0288269988300921,926.6232891082764,0.013051433991289083,20,0.028861253423210744,775.4870960712433,0.008529516131674613,100,0.0288269988300921,920.5758481025696,0.02916123854541036,20,0.06456025503319388,754.1989169120789,ok
flexible_arm,odepe_v2_nopolish,1em8,flexible_arm_6_1em8,,1,0.000252372494421433,213,0.000252372494421433,1133.6066899299622,0.00026077221829648136,1,0.00026077221829648136,1035.9698479175568,0.0011959150803747235,20,0.0013878965806691913,722.2183940410614,0.00025237249497681014,100,0.00026077221829648136,1056.186693906784,0.000754089440539575,20,0.000754089440539575,714.2249901294708,ok
flexible_arm,odepe_v2_nopolish,0,flexible_arm_7_0,,1,3.4046543082359093e-09,195,3.4046543082359093e-09,953.5141370296478,3.4051146377825633e-09,1,3.4051146377825633e-09,1020.8074510097504,3.4051146377825633e-09,1,3.4051146377825633e-09,1092.6762909889221,3.4051146377825633e-09,100,3.4051146377825633e-09,1002.1206450462341,7.358608321449288e-10,20,7.358608321449288e-10,1190.6728999614716,ok
flexible_arm,odepe_v2_nopolish,1em2,flexible_arm_7_1em2,,1,0.9856749417875778,155,0.9856749417875778,600.6130290031433,0.985674941787577,60,1.624470566760885,1250.074877023697,0.9856749417875778,20,1.6244705667612303,1133.8225231170654,0.9856749417875778,100,1.6244705667612303,1290.1799411773682,0.9856749417876173,20,1.6244705667594612,1389.9699239730835,ok
flexible_arm,odepe_v2_nopolish,1em4,flexible_arm_7_1em4,,1,0.7896168480122627,192,0.7896168480122627,739.7039549350739,0.7896168480122627,55,2.15277923439401,855.0871961116791,0.9500330844826957,20,2.151472377106832,706.4186639785767,0.7895411979764958,100,2.151472377106832,661.2099940776825,0.9500330844829842,20,2.1514436334743117,900.4775459766388,ok
flexible_arm,odepe_v2_nopolish,1em6,flexible_arm_7_1em6,,1,0.12341615435135297,217,0.12341615435135297,834.5418000221252,0.056254817553306996,48,0.9999888719630724,1384.3783299922943,0.8721868394434531,20,0.9999885320172557,953.1130380630493,0.056254817553306996,100,0.9999888719630724,1216.3009350299835,0.8722475143290934,20,0.9998361240757698,1366.59450507164,ok
flexible_arm,odepe_v2_nopolish,1em8,flexible_arm_7_1em8,,1,0.0037937992646267116,225,0.0037937992646267116,1101.7275140285492,0.00379379926519236,12,0.00379379926519236,1108.1418030261993,0.0037745977383240995,20,0.0037745977383240995,884.06960105896,0.00379379926519236,100,0.00379379926519236,1199.2704718112946,0.003889449222071811,20,0.003889449222071811,1350.2698049545288,ok
flexible_arm,odepe_v2_nopolish,0,flexible_arm_8_0,,1,1.059538569292404,165,1.059538569292404,677.2019701004028,1.059538569292404,40,1.5895524491423927,877.9370009899139,1.059538569292404,20,1.5895524491423927,916.0484700202942,1.059538569292404,100,1.5895524491423927,894.2123918533325,1.059575170027066,20,1.5895510137643687,933.1949279308319,ok
flexible_arm,odepe_v2_nopolish,1em2,flexible_arm_8_1em2,,1,1.7136511544791695,155,1.7136511544791695,597.0086340904236,1.7136511544791377,75,16.364161556506133,1203.43967294693,1.5007594242668112,20,16.364161556505223,1117.0848121643066,1.5007594242668112,100,16.364161556505223,1279.0996329784393,1.7136511544790975,20,16.36416155650087,1292.0747928619385,ok
flexible_arm,odepe_v2_nopolish,1em4,flexible_arm_8_1em4,,1,1.007823945608726,166,1.007823945608726,700.4518730640411,1.007823945608726,39,1.6883770297324328,874.36279296875,1.0078264103903731,20,1.6883770297304517,729.5261950492859,1.007823945608726,100,1.6883770297324328,838.3798730373383,1.0078373577827604,20,1.6883770297333502,923.7138600349426,ok
flexible_arm,odepe_v2_nopolish,1em6,flexible_arm_8_1em6,,1,1.0574339465079918,169,1.0574339465079918,614.6071579456329,1.0573002292849392,44,1.5894665988496568,947.1021599769592,1.0574339465079918,20,1.5894689661816161,742.2764630317688,1.0574339465079918,100,1.5894689661816161,748.0571348667145,1.0571398935951657,20,1.589467982468905,939.1250648498535,ok
flexible_arm,odepe_v2_nopolish,1em8,flexible_arm_8_1em8,,1,1.0596766779561884,170,1.0596766779561884,647.0267579555511,1.0596766779561884,41,1.589552791492157,922.2504768371582,1.0596766779561884,20,1.589552791492157,921.5965890884399,1.0596766779561884,100,1.589552791492157,857.4531989097595,1.0596644130715562,20,1.589549979640207,690.2721111774445,ok
flexible_arm,odepe_v2_nopolish,0,flexible_arm_9_0,,1,0.0002292680093326117,187,0.0002292680093326117,748.4721479415894,0.00022926801048519849,1,0.00022926801048519849,840.859561920166,0.00022926801048519849,6,0.00022926801048519849,837.9300680160522,0.00022926801048519849,100,0.00022926801048519849,731.2883660793304,0.0002547214636670219,20,0.0002547214636670219,849.8257570266724,ok
flexible_arm,odepe_v2_nopolish,1em2,flexible_arm_9_1em2,,1,1.9823508072098222,134,1.9823508072098222,607.2341978549957,1.9823508072100784,34,3.9854310063888065,1211.919250011444,1.982350807209826,20,3.9854310063955287,1082.636095046997,1.982350807209826,100,3.9854310063955287,1235.0829660892487,1.9823508072104896,20,3.985431006406567,1296.4393999576569,ok
flexible_arm,odepe_v2_nopolish,1em4,flexible_arm_9_1em4,,1,0.4658524363121809,185,0.4658524363121809,775.3082709312439,0.6941240802411135,45,0.917058033621946,924.6170420646667,0.9170580336208973,20,0.9170580336208973,702.1023139953613,0.6941240802411135,100,0.917058033621946,851.7134721279144,0.917058033621883,20,0.917058033621883,689.2653450965881,ok
flexible_arm,odepe_v2_nopolish,1em6,flexible_arm_9_1em6,,1,0.002488887097997595,187,0.002488887097997595,699.1125178337097,0.006018466328815645,21,0.11927438506725414,914.4548499584198,0.0024888870980075074,17,0.0957859233968577,695.6571109294891,0.0030226523780904594,100,0.11927438506725414,871.5379531383514,0.005704734420624281,20,0.10127126634458924,688.540666103363,ok
flexible_arm,odepe_v2_nopolish,1em8,flexible_arm_9_1em8,,1,0.0034292359089273298,184,0.0034292359089273298,732.7948269844055,0.0034292359088196277,9,0.0034292359088196277,854.0838389396667,0.0034292359088196277,20,0.0034292359088196277,842.3620851039886,0.0006926036239956596,100,0.0006926036239956596,617.3031389713287,0.004846658932842099,20,0.004846658932842099,828.6596200466156,ok
forced_lotka_volterra,odepe_v2_nopolish,0,forced_lotka_volterra_0_0,,1,6.038505045860046e-10,121,6.038505045860046e-10,360.67576789855957,1.4038998119365405e-08,1,1.4038998119365405e-08,420.83104515075684,3.548947786181582e-10,1,3.548947786181582e-10,361.4096350669861,1.4038998119365405e-08,100,1.4038998119365405e-08,410.13153100013733,1.3855424772817347e-08,20,1.3855424772817347e-08,482.1711130142212,ok
forced_lotka_volterra,odepe_v2_nopolish,1em2,forced_lotka_volterra_0_1em2,,1,0.17504160564983315,144,0.17504160564983315,494.3189001083374,0.17504160495673907,53,0.17504160495673907,742.5831408500671,0.17504160489765605,20,0.17504160489765605,637.0373311042786,0.17504160489765605,100,0.17504160489765605,581.0153610706329,0.17504159909446107,20,0.17504159909446107,743.4139461517334,ok
forced_lotka_volterra,odepe_v2_nopolish,1em4,forced_lotka_volterra_0_1em4,,1,0.013262206479589495,128,0.013262206479589495,366.984258890152,0.013262131725069116,17,0.013262131725069116,465.94148993492126,0.013259416549060104,20,0.013259416549060104,394.6489300727844,0.013259416549060104,100,0.013259416549060104,417.59877610206604,0.013258248560712806,20,0.013258248560712806,386.59264492988586,ok
forced_lotka_volterra,odepe_v2_nopolish,1em6,forced_lotka_volterra_0_1em6,,1,0.000166610578722863,190,0.000166610578722863,396.57930612564087,0.00016059771064384158,1,0.00016059771064384158,487.6769449710846,0.00016059771064384158,1,0.00016059771064384158,472.8303461074829,0.000165710499265234,100,0.00016592955838735634,399.2583351135254,0.00016308685844480588,20,0.00016308685844480588,477.22642183303833,ok
forced_lotka_volterra,odepe_v2_nopolish,1em8,forced_lotka_volterra_0_1em8,,1,6.9400521885404846e-06,133,6.9400521885404846e-06,339.4715909957886,3.6711799672028754e-06,1,3.6711799672028754e-06,460.2116551399231,3.6711799672028754e-06,1,3.6711799672028754e-06,460.8556318283081,3.6711799672028754e-06,100,3.6711799672028754e-06,414.97954988479614,6.0835903874504035e-06,20,6.0835903874504035e-06,463.7765328884125,ok
forced_lotka_volterra,odepe_v2_nopolish,0,forced_lotka_volterra_1_0,,1,3.0245231606574545e-10,160,3.0245231606574545e-10,520.7380969524384,3.024546130788998e-10,1,3.024546130788998e-10,410.3668911457062,3.024546130788998e-10,1,3.024546130788998e-10,408.2269079685211,3.024546130788998e-10,100,3.024546130788998e-10,399.30307602882385,2.06986228922962e-09,20,2.06986228922962e-09,442.94326615333557,ok
forced_lotka_volterra,odepe_v2_nopolish,1em2,forced_lotka_volterra_1_1em2,,1,0.22625616001850293,148,0.22625616001850293,527.8275032043457,0.226256160216956,81,7.6071317537014975,763.0833060741425,0.40439489622961905,20,7.607131753701493,657.8798499107361,0.2262561600195834,100,7.607131753701493,605.0297667980194,0.22625616000980062,20,7.607131753701519,763.8221001625061,ok
forced_lotka_volterra,odepe_v2_nopolish,1em4,forced_lotka_volterra_1_1em4,,1,0.05370174268552358,183,0.05370174268552358,473.1884958744049,0.12632498443266263,93,0.28613330832742273,480.8607668876648,0.12632498434955944,20,0.28613330832742273,518.3706350326538,0.05382449324558372,100,0.05382449324558372,466.58455991744995,0.05218310870389582,20,0.05218310870389582,438.13431906700134,ok
forced_lotka_volterra,odepe_v2_nopolish,1em6,forced_lotka_volterra_1_1em6,,1,0.003859183333468257,215,0.003859183333468257,494.7488069534302,0.0032038787243206007,2,0.0032038787243206007,448.41687083244324,0.0032038787243206007,5,0.0032038787243206007,463.56989884376526,0.0037339068099605625,100,0.0037339068099605625,377.12090396881104,0.004210279879362683,20,0.004210279879362683,416.30276107788086,ok
forced_lotka_volterra,odepe_v2_nopolish,1em8,forced_lotka_volterra_1_1em8,,1,0.0002509511938736964,179,0.0002509511938736964,528.0995359420776,0.0006565591970415737,1,0.0006565591970415737,493.04090905189514,0.0006565591970415737,3,0.0006565591970415737,498.705931186676,3.7936007203109004e-05,100,3.7936007203109004e-05,389.740394115448,0.0004501977746662994,20,0.0004501977746662994,383.69600200653076,ok
forced_lotka_volterra,odepe_v2_nopolish,0,forced_lotka_volterra_2_0,,1,1.3349838707606366e-10,151,1.3349838707606366e-10,721.3487460613251,1.3349861091135088e-10,1,1.3349861091135088e-10,529.7618498802185,1.3349861091135088e-10,1,1.3349861091135088e-10,594.5861449241638,3.0923964106267844e-11,100,3.0923964106267844e-11,409.66117906570435,2.2307850011671349e-10,20,2.2307850011671349e-10,518.0570261478424,ok
forced_lotka_volterra,odepe_v2_nopolish,1em2,forced_lotka_volterra_2_1em2,,1,0.2947459279596936,145,0.2947459279596936,600.2202260494232,0.6585215027967717,53,0.6585215027967717,737.6784369945526,1.26486321482871,20,1.383598766604698,696.925528049469,0.7072257922340801,100,1.383598766604698,648.6254510879517,0.7457452633579169,20,5.361862836845947,748.2296140193939,ok
forced_lotka_volterra,odepe_v2_nopolish,1em4,forced_lotka_volterra_2_1em4,,1,0.12882914925649147,180,0.12882914925649147,713.8464469909668,0.11905755803936163,81,0.1216119489284415,697.9733459949493,0.11905755803936163,20,0.1216119489284415,768.4291648864746,0.11905755803936163,100,0.1216119489284415,669.9112691879272,0.00392580925210568,20,0.00392580925210568,496.0767869949341,ok
forced_lotka_volterra,odepe_v2_nopolish,1em6,forced_lotka_volterra_2_1em6,,1,0.00020181838169962588,205,0.00020181838169962588,723.1445031166077,0.00020181838169940205,1,0.00020181838169940205,519.3906810283661,0.006013587945887482,20,0.006013587945887482,766.1680710315704,0.00020181838169940205,100,0.00020181838169940205,536.8672289848328,0.00019906059106745573,20,0.00019906059106745573,675.1229021549225,ok
forced_lotka_volterra,odepe_v2_nopolish,1em8,forced_lotka_volterra_2_1em8,,1,5.115999544388099e-05,188,5.115999544388099e-05,827.4911208152771,5.11599954445525e-05,1,5.11599954445525e-05,640.1033132076263,3.222768918251877e-05,3,3.222768918251877e-05,471.308678150177,3.222768918251877e-05,100,3.222768918251877e-05,489.14333295822144,0.00012436384457589642,20,0.00012436384457589642,520.080363035202,ok
forced_lotka_volterra,odepe_v2_nopolish,0,forced_lotka_volterra_3_0,,1,8.634404518931487e-10,140,8.634404518931487e-10,461.61403489112854,8.634379286590019e-10,1,8.634379286590019e-10,522.3829760551453,8.634379286590019e-10,1,8.634379286590019e-10,522.509761095047,8.634379286590019e-10,100,8.634379286590019e-10,487.6307020187378,1.4321504052117184e-09,20,1.4321504052117184e-09,489.97726798057556,ok
forced_lotka_volterra,odepe_v2_nopolish,1em2,forced_lotka_volterra_3_1em2,,1,0.689038352849572,124,0.689038352849572,573.2425100803375,1.315341712182514,50,1.485828004531314,775.961503982544,1.3153416430752358,20,1.4858280045315169,643.9763059616089,0.6890383543522794,100,1.4858280045315169,649.2605538368225,1.315341626373375,20,1.4858280045318912,761.6753990650177,ok
forced_lotka_volterra,odepe_v2_nopolish,1em4,forced_lotka_volterra_3_1em4,,1,0.23468717858584076,186,0.23468717858584076,584.6123380661011,0.2557196112459068,72,0.2557196112459068,605.5023019313812,0.2557196112459068,20,0.2557196112459068,621.1315808296204,0.15505533677597316,100,0.15505533677597316,477.5069899559021,0.14568798313495554,20,0.14568798313495554,604.5916609764099,ok
forced_lotka_volterra,odepe_v2_nopolish,1em6,forced_lotka_volterra_3_1em6,,1,0.0016140051568128181,203,0.0016140051568128181,592.5729219913483,0.006442259306774728,3,0.006442259306774728,617.368812084198,0.0020741949506571794,9,0.0020741949506571794,457.07647609710693,0.0020741949506571794,100,0.0020741949506571794,420.6715478897095,0.035619219112024425,20,0.035619219112024425,560.8585698604584,ok
forced_lotka_volterra,odepe_v2_nopolish,1em8,forced_lotka_volterra_3_1em8,,1,0.00019189777280704395,185,0.00019189777280704395,700.492026090622,0.00019189777280704395,2,0.00019189777280704395,502.8171000480652,0.00019189777280704395,5,0.00019189777280704395,616.8447580337524,0.00019189776143211518,100,0.00019189776143211518,455.51268196105957,0.00019706238653815613,20,0.00019706238653815613,640.1689658164978,ok
forced_lotka_volterra,odepe_v2_nopolish,0,forced_lotka_volterra_4_0,,1,4.353948295783421e-10,155,4.353948295783421e-10,630.216882944107,4.353948295783421e-10,1,4.353948295783421e-10,434.8489239215851,4.353948295783421e-10,1,4.353948295783421e-10,500.2476170063019,1.2004529583995518e-09,100,1.2004529583995518e-09,399.02850580215454,5.584842592341842e-10,20,5.584842592341842e-10,476.4820120334625,ok
forced_lotka_volterra,odepe_v2_nopolish,1em2,forced_lotka_volterra_4_1em2,,1,0.6657057985814926,116,0.6657057985814926,511.1820340156555,0.6657059281588016,37,0.6657059281588016,690.2921321392059,0.7494651827658554,20,0.7494651827658554,584.5472280979156,0.7494651827658554,100,0.7494651827658554,589.5941290855408,0.6657058854579415,20,0.6657058854579415,672.1096661090851,ok
forced_lotka_volterra,odepe_v2_nopolish,1em4,forced_lotka_volterra_4_1em4,,1,0.05233847772721854,144,0.05233847772721854,607.6268508434296,0.02338357144682353,64,0.02338357144682353,572.3915359973907,0.057377336165091705,20,0.12979797105383462,411.63240909576416,0.057377336165091705,100,0.12979797105383462,443.9408118724823,0.039065177330898405,20,0.039065177330898405,539.1523079872131,ok
forced_lotka_volterra,odepe_v2_nopolish,1em6,forced_lotka_volterra_4_1em6,,1,0.0014282761831587306,208,0.0014282761831587306,662.762041091919,0.001326814083115548,4,0.001326814083115548,624.2937228679657,0.001434148115497888,16,0.001434148115497888,477.29068994522095,0.001434148115497888,100,0.001434148115497888,461.7910261154175,0.0006529214678871314,20,0.0006529214678871314,514.0111320018768,ok
forced_lotka_volterra,odepe_v2_nopolish,1em8,forced_lotka_volterra_4_1em8,,1,9.051858605648911e-05,186,9.051858605648911e-05,792.0898630619049,9.717558842518555e-05,1,9.717558842518555e-05,648.5693378448486,8.525803932291076e-05,6,8.525803932291076e-05,422.00175619125366,8.307823097616584e-05,100,9.717558842518555e-05,520.2219321727753,0.00029344652096516803,20,0.00029344652096516803,689.7304689884186,ok
forced_lotka_volterra,odepe_v2_nopolish,0,forced_lotka_volterra_5_0,,1,0.4217906370857059,146,0.4217906370857059,628.7478289604187,0.4217906370857059,31,0.4217906370857059,532.1151878833771,0.4217906370857059,20,0.4217906370857059,536.3524668216705,0.4217906370857059,100,0.4217906370857059,474.89599108695984,0.42177930578608913,20,0.42177930578608913,528.407308101654,ok
forced_lotka_volterra,odepe_v2_nopolish,1em2,forced_lotka_volterra_5_1em2,,1,0.833601671995543,128,0.833601671995543,508.61568212509155,0.8336017780277348,55,1.5677066788052187,670.759968996048,0.8336015738237734,20,1.567693862211307,569.7267391681671,0.8336015738237734,100,1.567693862211307,567.3390028476715,0.8336018082569617,20,1.5677385965856856,670.0959708690643,ok
forced_lotka_volterra,odepe_v2_nopolish,1em4,forced_lotka_volterra_5_1em4,,1,0.4269707895600815,154,0.4269707895600815,484.2819609642029,0.13132756259307277,42,0.13132756259307277,439.26250195503235,0.14677895931576704,20,0.14677895931576704,395.02499198913574,0.14677895931576704,100,0.14677895931576704,433.2273828983307,0.4313367400122945,20,0.4313367400122945,404.916081905365,ok
forced_lotka_volterra,odepe_v2_nopolish,1em6,forced_lotka_volterra_5_1em6,,1,0.42149412054787494,207,0.42149412054787494,642.6385040283203,0.4217558925062259,43,0.4217558925062259,426.6803719997406,0.4214898066210978,20,0.4217558925062259,431.262558221817,0.4214894572633567,100,0.4217558925062809,493.7187969684601,0.4217558925133167,20,0.4217558925133167,423.63765001296997,ok
forced_lotka_volterra,odepe_v2_nopolish,1em8,forced_lotka_volterra_5_1em8,,1,0.4217174073045679,167,0.4217174073045679,734.6364190578461,0.42177887095706834,31,0.42177887095706834,556.1034309864044,0.4217084048393278,20,0.42179443965622215,435.06314396858215,0.4217084048393278,100,0.42179443965622215,437.1008129119873,0.17695280502592176,20,0.17695280502592176,591.6816267967224,ok
forced_lotka_volterra,odepe_v2_nopolish,0,forced_lotka_volterra_6_0,,1,0.6863940360072026,188,0.6863940360072026,480.1147630214691,0.6863940360072026,32,0.6863940360072026,461.94248700141907,0.6863940360072026,20,0.6863940360072026,424.8435320854187,0.6863940360072026,100,0.6863940360072026,353.70414113998413,0.6863940360072085,20,0.6863940360072085,483.69902086257935,ok
forced_lotka_volterra,odepe_v2_nopolish,1em2,forced_lotka_volterra_6_1em2,,1,0.7435376509792844,150,0.7435376509792844,534.4628701210022,0.7435376520334285,80,0.7435376708174759,674.816575050354,0.7435376514651693,20,0.7435376709733219,540.1540620326996,0.7435376514651693,100,0.7435376709733219,539.2657968997955,0.7435376509363063,20,0.7435376708169487,630.8137359619141,ok
forced_lotka_volterra,odepe_v2_nopolish,1em4,forced_lotka_volterra_6_1em4,,1,0.6863660869528645,173,0.6863660869528645,463.88336300849915,0.6864046305078986,47,0.6864158113915473,468.75316095352173,0.6863660869528644,20,0.6864158113915473,446.32767391204834,0.6863660869528645,100,0.6864158130584767,395.5027709007263,0.686370811926679,20,0.6864158170048074,400.18085980415344,ok
forced_lotka_volterra,odepe_v2_nopolish,1em6,forced_lotka_volterra_6_1em6,,1,0.6863943174883924,212,0.6863943174883924,467.3650941848755,0.6863943174883924,44,0.6863943174883924,490.23371601104736,0.6863943174883924,20,0.6863943174883924,400.16978788375854,0.6863943174883924,100,0.6863943174883924,407.18539094924927,0.6863943174883981,20,0.6863943174883981,448.482714176178,ok
forced_lotka_volterra,odepe_v2_nopolish,1em8,forced_lotka_volterra_6_1em8,,1,0.6863940334784682,195,0.6863940334784682,477.32542991638184,0.6863942623170164,35,0.6863942623170164,374.8600058555603,0.6863940334784682,20,0.6863940334784682,448.20315194129944,0.6863940334784684,100,0.6863942623170164,406.4140658378601,0.686394033478474,20,0.686394033478474,407.7165551185608,ok
forced_lotka_volterra,odepe_v2_nopolish,0,forced_lotka_volterra_7_0,,1,5.4246676836922125e-09,168,5.4246676836922125e-09,671.6887781620026,5.42467155206512e-09,1,5.42467155206512e-09,497.1994421482086,5.42467155206512e-09,1,5.42467155206512e-09,583.4509348869324,5.42467155206512e-09,100,5.42467155206512e-09,580.1340718269348,3.2303990299622095e-08,20,3.2303990299622095e-08,574.4694030284882,ok
forced_lotka_volterra,odepe_v2_nopolish,1em2,forced_lotka_volterra_7_1em2,,1,0.7047598641231566,141,0.7047598641231566,757.2905790805817,1.3233803018088544,48,455.0261188863701,748.4208660125732,1.277373978812498,20,1.277373978812498,750.8566830158234,0.4533497314728727,100,1.277373978812498,677.922590970993,1.2385913183414052,20,1.2385913183414052,769.8765361309052,ok
forced_lotka_volterra,odepe_v2_nopolish,1em4,forced_lotka_volterra_7_1em4,,1,0.044590354293227816,176,0.044590354293227816,765.9218060970306,0.021092081957101678,7,0.7513781973783434,753.3853302001953,0.05945778191975698,5,0.5030318600565468,578.4833178520203,0.05945778191975698,100,0.5030318600565468,594.9874150753021,0.15288958909223418,20,0.25947083309129626,770.7606258392334,ok
forced_lotka_volterra,odepe_v2_nopolish,1em6,forced_lotka_volterra_7_1em6,,1,0.0009070598187282238,209,0.0009070598187282238,800.758208990097,0.01089051078506015,4,0.01089051078506015,648.2178041934967,0.0009070598187276435,4,0.0009070598187276435,579.6761209964752,0.01089051078506015,100,0.01089051078506015,672.3671660423279,0.007687092234904121,20,0.007687092234904121,750.1490879058838,ok
forced_lotka_volterra,odepe_v2_nopolish,1em8,forced_lotka_volterra_7_1em8,,1,8.746448131498792e-05,208,8.746448131498792e-05,827.8306040763855,0.004911481081327128,2,0.004911481081327128,628.6998620033264,5.5854621998090045e-06,3,5.5854621998090045e-06,491.9067499637604,5.5854621998090045e-06,100,5.5854621998090045e-06,475.64914202690125,5.584155267549914e-06,20,5.584155267549914e-06,626.9811320304871,ok
forced_lotka_volterra,odepe_v2_nopolish,0,forced_lotka_volterra_8_0,,1,9.109049425401615e-10,170,9.109049425401615e-10,672.2131419181824,9.109049425401615e-10,1,9.109049425401615e-10,480.4347012042999,9.109049425401615e-10,1,9.109049425401615e-10,495.5671498775482,9.109049425401615e-10,100,9.109049425401615e-10,506.63332986831665,1.5644501730737936e-10,20,1.5644501730737936e-10,614.8424499034882,ok
forced_lotka_volterra,odepe_v2_nopolish,1em2,forced_lotka_volterra_8_1em2,,1,0.920178754292989,141,0.920178754292989,513.4625489711761,1.4608923085187364,48,1.4820064596773082,689.0404241085052,1.4608923085192922,20,1.4820064596780105,556.2558219432831,0.920178754292989,100,1.4820064596780105,504.6892969608307,1.48200645967061,20,1.48200645967061,656.9033699035645,ok
forced_lotka_volterra,odepe_v2_nopolish,1em4,forced_lotka_volterra_8_1em4,,1,0.007122040469086061,147,0.007122040469086061,499.4932358264923,0.025013751718378222,55,0.025013751718378222,522.6790201663971,0.025013751718378222,20,0.025013751718378222,521.7221701145172,0.043535863625974745,100,0.05327861200314519,437.56808519363403,0.05383935840992644,20,0.05383935840992644,426.95495796203613,ok
forced_lotka_volterra,odepe_v2_nopolish,1em6,forced_lotka_volterra_8_1em6,,1,0.0025718633403085025,197,0.0025718633403085025,596.2841260433197,0.001262888197247865,2,0.001262888197247865,614.6677780151367,0.001262888197247865,6,0.001262888197247865,626.58984208107,0.001262888197247865,100,0.001262888197247865,618.7437400817871,0.0005130928656831657,20,0.0005130928656831657,486.85235714912415,ok
forced_lotka_volterra,odepe_v2_nopolish,1em8,forced_lotka_volterra_8_1em8,,1,0.00014942440017291252,190,0.00014942440017291252,702.1010150909424,0.00014089483568678287,1,0.00014089483568678287,403.61227893829346,0.00014089483568678287,5,0.00014089483568678287,436.12068009376526,0.00014089483568678287,100,0.00014089483568678287,428.3075349330902,0.00011066072159070028,20,0.00011066072159070028,426.746985912323,ok
forced_lotka_volterra,odepe_v2_nopolish,0,forced_lotka_volterra_9_0,,1,5.723696133132555e-11,152,5.723696133132555e-11,645.8581540584564,5.724824408564085e-11,1,5.724824408564085e-11,559.1848459243774,5.724824408564085e-11,1,5.724824408564085e-11,564.0138399600983,5.724824408564085e-11,100,5.724824408564085e-11,478.854040145874,3.4968461053604228e-09,20,3.4968461053604228e-09,570.1668448448181,ok
forced_lotka_volterra,odepe_v2_nopolish,1em2,forced_lotka_volterra_9_1em2,,1,0.04853775666795897,141,0.04853775666795897,507.1226990222931,0.0660248580040138,74,0.0660248580040138,674.6352620124817,0.07084583873749324,20,0.07084583873749324,565.287425994873,0.07084583873749324,100,0.07084583873749324,515.5524978637695,0.06739600043300689,20,0.06739600043300689,666.7910380363464,ok
forced_lotka_volterra,odepe_v2_nopolish,1em4,forced_lotka_volterra_9_1em4,,1,0.006364291548009033,168,0.006364291548009033,704.7002449035645,0.06344004883822074,49,0.08918368540377385,577.5328841209412,0.06313828182969258,20,0.17540602508470207,452.4575731754303,0.06313828182969258,100,0.17540602508470207,457.6999258995056,0.06338923338662354,20,0.1830562485955785,627.697194814682,ok
forced_lotka_volterra,odepe_v2_nopolish,1em6,forced_lotka_volterra_9_1em6,,1,0.0002651829699789027,201,0.0002651829699789027,674.3093988895416,0.0035024200531764893,2,0.0035024200531764893,540.5835521221161,0.0035024200531764893,8,0.0035024200531764893,545.0756330490112,0.0002487344266104184,100,0.004916647323881285,421.93232107162476,0.006218160749789855,20,0.006218160749789855,422.20715594291687,ok
forced_lotka_volterra,odepe_v2_nopolish,1em8,forced_lotka_volterra_9_1em8,,1,2.5216126591480317e-05,184,2.5216126591480317e-05,760.738028049469,9.334598371718888e-05,1,9.334598371718888e-05,616.1554088592529,9.334598371718888e-05,4,9.334598371718888e-05,624.7243559360504,1.9238585162769956e-05,100,9.334598371718888e-05,490.2537770271301,0.0004176244321095242,20,0.0004176244321095242,439.26012992858887,ok
harmonic_oscillator,odepe_v2_nopolish,0,harmonic_oscillator_0_0,,1,2.093147328988509e-12,11,2.093147328988509e-12,263.33677887916565,1.0398232343753915e-10,1,1.0398232343753915e-10,354.0905909538269,1.0398232343753915e-10,1,1.0398232343753915e-10,357.51478695869446,1.0398232343753915e-10,11,1.0398232343753915e-10,362.1309280395508,1.0398232343753915e-10,4,1.0398232343753915e-10,368.7030899524689,ok
harmonic_oscillator,odepe_v2_nopolish,1em2,harmonic_oscillator_0_1em2,,1,0.00010503218548508776,153,0.00010503218548508776,306.5193169116974,0.00013484829769569063,3,0.00013484829769569063,435.7702147960663,0.00013484829769569063,20,0.00013484829769569063,341.65384006500244,0.00010368841617534779,100,0.00016059832838263055,384.26054310798645,0.00013484829769569063,11,0.00013484829769569063,428.46085596084595,ok
harmonic_oscillator,odepe_v2_nopolish,1em4,harmonic_oscillator_0_1em4,,1,8.570797592049258e-06,50,8.570797592049258e-06,280.2279260158539,8.526648102086871e-06,1,8.526648102086871e-06,397.61417603492737,8.526648102086871e-06,4,8.526648102086871e-06,384.5050730705261,8.305900651932267e-06,49,8.305900651932267e-06,338.36625599861145,8.526648102086871e-06,4,8.526648102086871e-06,351.4464581012726,ok
harmonic_oscillator,odepe_v2_nopolish,1em6,harmonic_oscillator_0_1em6,,1,4.715805746588235e-07,22,4.715805746588235e-07,259.55571603775024,1.2675659750222619e-07,1,1.2675659750222619e-07,373.37536096572876,1.2675659750222619e-07,1,1.2675659750222619e-07,387.30648279190063,4.54569942044389e-07,27,4.54569942044389e-07,329.5460078716278,1.2675659750222619e-07,6,1.2675659750222619e-07,375.4595720767975,ok
harmonic_oscillator,odepe_v2_nopolish,1em8,harmonic_oscillator_0_1em8,,1,1.5477599483267232e-08,9,1.5477599483267232e-08,276.6056900024414,8.099721342569759e-09,1,8.099721342569759e-09,325.6559031009674,8.099721342569759e-09,1,8.099721342569759e-09,406.00191283226013,8.099721342569759e-09,10,8.099721342569759e-09,366.1626431941986,9.529508579971202e-09,4,9.529508579971202e-09,302.58656311035156,ok
harmonic_oscillator,odepe_v2_nopolish,0,harmonic_oscillator_1_0,,1,2.273043229288329e-11,12,2.273043229288329e-11,413.4775722026825,1.7198402566033245e-11,1,1.7198402566033245e-11,319.33253288269043,1.7198402566033245e-11,1,1.7198402566033245e-11,363.86817693710327,1.7198402566033245e-11,12,1.7198402566033245e-11,358.14718890190125,1.7198402566033245e-11,4,1.7198402566033245e-11,301.049103975296,ok
harmonic_oscillator,odepe_v2_nopolish,1em2,harmonic_oscillator_1_1em2,,1,2.5169424321417957e-05,178,2.5169424321417957e-05,307.4105989933014,0.00013149505035697727,3,0.00013149505035697727,341.03517508506775,0.00013149505036263445,20,0.00013149505036263445,325.03353095054626,2.5169424320870374e-05,100,0.00013149505035697727,350.529345035553,0.00013149505036263445,9,0.00013149505036263445,409.57345700263977,ok
harmonic_oscillator,odepe_v2_nopolish,1em4,harmonic_oscillator_1_1em4,,1,6.871083242951989e-06,72,6.871083242951989e-06,404.025603055954,1.7896604463777948e-06,1,1.7896604463777948e-06,364.93102502822876,1.7896604463777948e-06,1,1.7896604463777948e-06,390.3298180103302,1.7896604463777948e-06,72,1.7896604463777948e-06,356.1577351093292,1.7896604463777948e-06,4,1.7896604463777948e-06,311.369421005249,ok
harmonic_oscillator,odepe_v2_nopolish,1em6,harmonic_oscillator_1_1em6,,1,3.441425560424237e-07,18,3.441425560424237e-07,416.60895895957947,3.441425560424237e-07,1,3.441425560424237e-07,312.43995094299316,3.441425560424237e-07,1,3.441425560424237e-07,330.7756631374359,3.441425560424237e-07,19,3.441425560424237e-07,316.959107875824,6.101917756164689e-07,4,6.101917756164689e-07,393.13674998283386,ok
harmonic_oscillator,odepe_v2_nopolish,1em8,harmonic_oscillator_1_1em8,,1,1.9557631051342187e-09,12,1.9557631051342187e-09,392.2812399864197,4.581082493768562e-08,1,4.581082493768562e-08,377.9392671585083,4.581082493768562e-08,1,4.581082493768562e-08,382.25138211250305,3.3437735477391465e-08,12,3.3437735477391465e-08,314.80402088165283,4.581082493768562e-08,4,4.581082493768562e-08,375.39165210723877,ok
harmonic_oscillator,odepe_v2_nopolish,0,harmonic_oscillator_2_0,,1,3.732401875895295e-12,6,3.732401875895295e-12,430.42792105674744,6.588317099261869e-11,1,6.588317099261869e-11,334.1498239040375,6.588317099261869e-11,1,6.588317099261869e-11,373.23246002197266,6.588317099261869e-11,6,6.588317099261869e-11,351.40378189086914,6.588317099261869e-11,4,6.588317099261869e-11,301.64461183547974,ok
harmonic_oscillator,odepe_v2_nopolish,1em2,harmonic_oscillator_2_1em2,,1,2.373779424146185e-05,73,2.373779424146185e-05,270.9554810523987,2.4807849426211777e-05,1,2.4807849426211777e-05,348.83182096481323,2.4807849425717615e-05,5,2.4807849425717615e-05,313.8684000968933,2.380889275281319e-05,73,2.4807849426211777e-05,364.0828900337219,2.4807849425717615e-05,4,2.4807849425717615e-05,410.8498990535736,ok
harmonic_oscillator,odepe_v2_nopolish,1em4,harmonic_oscillator_2_1em4,,1,2.651948805625135e-08,10,2.651948805625135e-08,330.35760593414307,2.651948805625135e-08,1,2.651948805625135e-08,343.73417806625366,2.43277170581246e-08,1,2.43277170581246e-08,292.62233996391296,2.43277170581246e-08,10,2.43277170581246e-08,312.29826402664185,2.43277170581246e-08,4,2.43277170581246e-08,289.4860689640045,ok
harmonic_oscillator,odepe_v2_nopolish,1em6,harmonic_oscillator_2_1em6,,1,3.2091740079717914e-08,5,3.2091740079717914e-08,379.9699921607971,4.9070839585205675e-09,1,4.9070839585205675e-09,390.8027501106262,4.9070839585205675e-09,1,4.9070839585205675e-09,390.64882707595825,1.0107217397293074e-08,5,1.0107217397293074e-08,307.41517400741577,4.9070839585205675e-09,4,4.9070839585205675e-09,361.22687101364136,ok
harmonic_oscillator,odepe_v2_nopolish,1em8,harmonic_oscillator_2_1em8,,1,1.0418904446746482e-09,5,1.0418904446746482e-09,360.1364850997925,1.0409011272435059e-09,1,1.0409011272435059e-09,380.6134030818939,1.6744996421439874e-09,1,1.6744996421439874e-09,299.1901309490204,1.6744996421439874e-09,5,1.6744996421439874e-09,300.61413407325745,1.6744996421439874e-09,4,1.6744996421439874e-09,308.0725200176239,ok
harmonic_oscillator,odepe_v2_nopolish,0,harmonic_oscillator_3_0,,1,2.2790515720873673e-11,11,2.2790515720873673e-11,381.31031703948975,2.587082200118925e-11,1,2.587082200118925e-11,349.04852199554443,2.587082200118925e-11,1,2.587082200118925e-11,321.8885519504547,2.587082200118925e-11,11,2.587082200118925e-11,325.5654630661011,7.977079048002986e-12,4,7.977079048002986e-12,345.6426250934601,ok
harmonic_oscillator,odepe_v2_nopolish,1em2,harmonic_oscillator_3_1em2,,1,2.2074349091870583e-05,143,2.2074349091870583e-05,330.16805505752563,2.223025483664124e-05,1,2.223025483664124e-05,328.2370138168335,2.223025483664124e-05,14,2.223025483664124e-05,349.3366539478302,2.223025483664124e-05,100,2.223025483664124e-05,344.6925549507141,2.2081923785933258e-05,7,2.2081923785933258e-05,396.73718905448914,ok
harmonic_oscillator,odepe_v2_nopolish,1em4,harmonic_oscillator_3_1em4,,1,1.027042850742658e-06,77,1.027042850742658e-06,562.683954000473,7.049531370508897e-07,1,7.049531370508897e-07,428.6259469985962,1.3512200429501134e-06,1,1.3512200429501134e-06,359.3760540485382,7.049531370508897e-07,81,7.049531370508897e-07,399.27870202064514,7.049531370508897e-07,4,7.049531370508897e-07,461.87313413619995,ok
harmonic_oscillator,odepe_v2_nopolish,1em6,harmonic_oscillator_3_1em6,,1,1.2938547755256194e-07,11,1.2938547755256194e-07,370.1458270549774,2.2292990946024278e-08,1,2.2292990946024278e-08,375.2579491138458,2.2292990946024278e-08,1,2.2292990946024278e-08,362.8924939632416,2.4820537515380306e-08,12,2.4820537515380306e-08,306.4997079372406,2.4820537515380306e-08,4,2.4820537515380306e-08,290.7120990753174,ok
harmonic_oscillator,odepe_v2_nopolish,1em8,harmonic_oscillator_3_1em8,,1,7.020480293203332e-10,11,7.020480293203332e-10,396.0663070678711,1.6668510119749583e-09,1,1.6668510119749583e-09,365.9892899990082,2.4633298342966283e-09,1,2.4633298342966283e-09,303.98897099494934,1.6668510119749583e-09,12,1.6668510119749583e-09,289.88391494750977,1.6668510119749583e-09,4,1.6668510119749583e-09,358.4722580909729,ok
harmonic_oscillator,odepe_v2_nopolish,0,harmonic_oscillator_4_0,,1,3.810381669687043e-11,12,3.810381669687043e-11,402.00929713249207,3.810706230853516e-11,1,3.810706230853516e-11,313.78943490982056,3.810706230853516e-11,1,3.810706230853516e-11,394.067547082901,3.810706230853516e-11,13,3.810706230853516e-11,350.4549939632416,3.810706230853516e-11,4,3.810706230853516e-11,397.47047090530396,ok
harmonic_oscillator,odepe_v2_nopolish,1em2,harmonic_oscillator_4_1em2,,1,0.00024394879715217144,175,0.00024394879715217144,307.605348110199,0.00024394879715017304,9,0.00024394879715017304,478.30940198898315,0.00024394879715217144,20,0.00024394879715217144,381.13592505455017,0.00024394879715217144,100,0.00024394879715217144,409.4881839752197,0.00024394879715217144,19,0.00024394879715217144,466.08592200279236,ok
harmonic_oscillator,odepe_v2_nopolish,1em4,harmonic_oscillator_4_1em4,,1,2.7424412857234867e-05,80,2.7424412857234867e-05,421.1351320743561,9.732059422229433e-06,1,9.732059422229433e-06,401.8784649372101,9.732059422229433e-06,6,9.732059422229433e-06,436.2170920372009,6.69820211572233e-06,88,6.69820211572233e-06,337.7120580673218,9.732059422229433e-06,5,9.732059422229433e-06,339.30824303627014,ok
harmonic_oscillator,odepe_v2_nopolish,1em6,harmonic_oscillator_4_1em6,,1,8.409938555365588e-07,20,8.409938555365588e-07,340.05369091033936,8.409938594536763e-07,1,8.409938594536763e-07,304.8453381061554,8.409938594536763e-07,1,8.409938594536763e-07,319.8622610569,8.409938594536763e-07,20,8.409938594536763e-07,316.8542468547821,2.3966814330635897e-07,4,2.3966814330635897e-07,372.0660488605499,ok
harmonic_oscillator,odepe_v2_nopolish,1em8,harmonic_oscillator_4_1em8,,1,1.1810890717506117e-07,14,1.1810890717506117e-07,323.2381558418274,4.493963154115282e-08,1,4.493963154115282e-08,335.80496191978455,1.719642958496864e-07,1,1.719642958496864e-07,301.60643792152405,1.719642958496864e-07,14,1.719642958496864e-07,308.12058091163635,1.719642958496864e-07,4,1.719642958496864e-07,322.1805980205536,ok
harmonic_oscillator,odepe_v2_nopolish,0,harmonic_oscillator_5_0,,1,2.4985914534469947e-12,7,2.4985914534469947e-12,427.7740569114685,4.6051833065345676e-11,1,4.6051833065345676e-11,373.5120689868927,4.6051833065345676e-11,1,4.6051833065345676e-11,366.7255702018738,4.6051833065345676e-11,7,4.6051833065345676e-11,370.7664861679077,1.7095114477815502e-10,4,1.7095114477815502e-10,330.47586393356323,ok
harmonic_oscillator,odepe_v2_nopolish,1em2,harmonic_oscillator_5_1em2,,1,0.00018922492472414252,176,0.00018922492472414252,337.1935908794403,0.0003269420988632568,2,0.0003269420988632568,489.63590693473816,0.00032692659831080504,20,0.00032692659831080504,439.53402495384216,0.000189215238688158,100,0.00032692659831080504,477.4406461715698,0.0003269420988632568,6,0.0003269420988632568,479.6625430583954,ok
harmonic_oscillator,odepe_v2_nopolish,1em4,harmonic_oscillator_5_1em4,,1,1.39859450289805e-06,84,1.39859450289805e-06,422.14545798301697,1.3985945162072485e-06,1,1.3985945162072485e-06,436.07786798477173,1.3985945162072485e-06,3,1.3985945162072485e-06,447.31443905830383,1.39859450289805e-06,88,1.39859450289805e-06,380.80526399612427,1.39859450289805e-06,4,1.39859450289805e-06,361.86441707611084,ok
harmonic_oscillator,odepe_v2_nopolish,1em6,harmonic_oscillator_5_1em6,,1,1.1084346642363625e-07,23,1.1084346642363625e-07,327.45161390304565,7.421931455864001e-08,1,7.421931455864001e-08,399.27386379241943,1.1084346642363625e-07,1,1.1084346642363625e-07,303.2574920654297,1.1084346642363625e-07,25,1.1084346642363625e-07,314.65352296829224,7.421931455864001e-08,4,7.421931455864001e-08,387.8777561187744,ok
harmonic_oscillator,odepe_v2_nopolish,1em8,harmonic_oscillator_5_1em8,,1,5.229778184586328e-09,7,5.229778184586328e-09,398.5130259990692,1.1446869840892049e-08,1,1.1446869840892049e-08,398.98864793777466,1.1446869840892049e-08,1,1.1446869840892049e-08,409.4201629161835,6.3976654053476644e-09,6,6.3976654053476644e-09,323.72823119163513,6.3976654053476644e-09,4,6.3976654053476644e-09,325.3038969039917,ok
harmonic_oscillator,odepe_v2_nopolish,0,harmonic_oscillator_6_0,,1,5.760753341591341e-10,7,5.760753341591341e-10,447.1434199810028,1.1645572326980977e-09,1,1.1645572326980977e-09,438.870619058609,1.1645572326980977e-09,1,1.1645572326980977e-09,397.572163105011,1.1645572326980977e-09,7,1.1645572326980977e-09,395.4943940639496,2.6049338125152358e-11,4,2.6049338125152358e-11,379.5533699989319,ok
harmonic_oscillator,odepe_v2_nopolish,1em2,harmonic_oscillator_6_1em2,,1,0.0005740532587670562,152,0.0005740532587670562,422.53510189056396,0.0010293752282136764,9,0.0010293752282136764,556.2601480484009,0.0010293752282026453,20,0.0010293752282026453,485.0935399532318,0.0005736604790064698,100,0.0010293752282026453,582.7315299510956,0.0010293752282136764,18,0.0010293752282136764,546.2323181629181,ok
harmonic_oscillator,odepe_v2_nopolish,1em4,harmonic_oscillator_6_1em4,,1,1.4287256765308738e-05,75,1.4287256765308738e-05,396.75792598724365,1.4287256769578826e-05,1,1.4287256769578826e-05,387.9719319343567,1.3761590378820928e-05,6,1.3761590378820928e-05,340.78143286705017,1.4287256769578826e-05,75,1.4287256769578826e-05,310.2202000617981,1.3761590378820928e-05,4,1.3761590378820928e-05,318.2575478553772,ok
harmonic_oscillator,odepe_v2_nopolish,1em6,harmonic_oscillator_6_1em6,,1,6.722596838178911e-07,21,6.722596838178911e-07,370.72486186027527,6.722596838178911e-07,1,6.722596838178911e-07,329.294960975647,8.062987017726374e-07,1,8.062987017726374e-07,315.93705010414124,8.062987017726374e-07,21,8.062987017726374e-07,286.10664319992065,6.722596838178911e-07,5,6.722596838178911e-07,330.93528509140015,ok
harmonic_oscillator,odepe_v2_nopolish,1em8,harmonic_oscillator_6_1em8,,1,2.196034522319369e-08,8,2.196034522319369e-08,410.77582597732544,5.149301747106523e-09,1,5.149301747106523e-09,427.92578291893005,5.149301747106523e-09,1,5.149301747106523e-09,416.9237048625946,3.581652371410817e-08,6,3.581652371410817e-08,351.7504789829254,3.581652371410817e-08,4,3.581652371410817e-08,355.65034890174866,ok
harmonic_oscillator,odepe_v2_nopolish,0,harmonic_oscillator_7_0,,1,1.8210450617750996e-12,14,1.8210450617750996e-12,411.5796971321106,1.8201722449318406e-12,1,1.8201722449318406e-12,388.15718388557434,1.8201722449318406e-12,1,1.8201722449318406e-12,390.0521650314331,1.8201722449318406e-12,14,1.8201722449318406e-12,364.9091110229492,1.8201722449318406e-12,4,1.8201722449318406e-12,379.6057698726654,ok
harmonic_oscillator,odepe_v2_nopolish,1em2,harmonic_oscillator_7_1em2,,1,2.3875790427312718e-05,133,2.3875790427312718e-05,282.87214493751526,9.946680099451967e-05,1,9.946680099451967e-05,415.6509380340576,9.946680099853463e-05,16,9.946680099853463e-05,337.806223154068,2.3875790427312718e-05,100,9.946680099853463e-05,349.78708600997925,9.946680099853463e-05,7,9.946680099853463e-05,400.7025430202484,ok
harmonic_oscillator,odepe_v2_nopolish,1em4,harmonic_oscillator_7_1em4,,1,1.909256495215851e-06,52,1.909256495215851e-06,455.5372381210327,1.780836750775729e-06,1,1.780836750775729e-06,400.25652503967285,1.780836750775729e-06,1,1.780836750775729e-06,421.9347951412201,2.316660404566224e-06,49,2.316660404566224e-06,349.0516788959503,1.780836750775729e-06,5,1.780836750775729e-06,399.5225591659546,ok
harmonic_oscillator,odepe_v2_nopolish,1em6,harmonic_oscillator_7_1em6,,1,1.454497260610204e-08,14,1.454497260610204e-08,419.1499671936035,4.213445525394645e-08,1,4.213445525394645e-08,372.269376039505,4.213445525394645e-08,1,4.213445525394645e-08,380.6549382209778,9.091940512830993e-09,15,9.091940512830993e-09,319.5994288921356,4.213445525394645e-08,4,4.213445525394645e-08,315.5908739566803,ok
harmonic_oscillator,odepe_v2_nopolish,1em8,harmonic_oscillator_7_1em8,,1,4.160072531040655e-09,17,4.160072531040655e-09,332.10278582572937,4.191512615678417e-09,1,4.191512615678417e-09,303.84797191619873,1.74497488436425e-09,1,1.74497488436425e-09,396.36586809158325,1.74497488436425e-09,16,1.74497488436425e-09,344.09756898880005,4.191512615678417e-09,4,4.191512615678417e-09,309.50424814224243,ok
harmonic_oscillator,odepe_v2_nopolish,0,harmonic_oscillator_8_0,,1,2.426510987825764e-11,11,2.426510987825764e-11,410.0469970703125,2.434527768161346e-11,1,2.434527768161346e-11,382.55458402633667,1.0150321791278662e-11,1,1.0150321791278662e-11,284.8157229423523,2.434527768161346e-11,12,2.434527768161346e-11,344.00602102279663,2.434527768161346e-11,4,2.434527768161346e-11,409.21265602111816,ok
harmonic_oscillator,odepe_v2_nopolish,1em2,harmonic_oscillator_8_1em2,,1,0.00013528028631092337,173,0.00013528028631092337,362.6550920009613,0.0011035131916749762,8,0.0011035131916749762,461.3343689441681,0.00046340875429420056,20,0.0011035131916749762,347.8002440929413,0.0003975849976511154,100,0.0011035131916958603,492.8668038845062,0.0011035131916958603,18,0.0011035131916958603,454.85233902931213,ok
harmonic_oscillator,odepe_v2_nopolish,1em4,harmonic_oscillator_8_1em4,,1,3.354258396657542e-06,80,3.354258396657542e-06,379.8156340122223,3.3542584043374826e-06,1,3.3542584043374826e-06,363.22809505462646,3.3542583709230035e-06,6,3.3542583709230035e-06,332.0381269454956,3.3542583709230035e-06,81,3.3542583709230035e-06,367.28814578056335,3.3542584043374826e-06,4,3.3542584043374826e-06,404.0836889743805,ok
harmonic_oscillator,odepe_v2_nopolish,1em6,harmonic_oscillator_8_1em6,,1,1.416724828066538e-07,14,1.416724828066538e-07,345.5311360359192,1.2851950966505459e-06,1,1.2851950966505459e-06,395.0883278846741,1.416724828066538e-07,1,1.416724828066538e-07,331.0100100040436,1.416724828066538e-07,15,1.416724828066538e-07,311.4278337955475,1.2851950966505459e-06,4,1.2851950966505459e-06,320.83184480667114,ok
harmonic_oscillator,odepe_v2_nopolish,1em8,harmonic_oscillator_8_1em8,,1,9.272612114495313e-08,9,9.272612114495313e-08,400.2853629589081,1.7642254566626163e-08,1,1.7642254566626163e-08,358.0179030895233,1.888060406508326e-07,1,1.888060406508326e-07,315.5045189857483,1.888060406508326e-07,10,1.888060406508326e-07,310.65506887435913,1.7642254566626163e-08,4,1.7642254566626163e-08,413.55047488212585,ok
harmonic_oscillator,odepe_v2_nopolish,0,harmonic_oscillator_9_0,,1,4.8802232096737236e-12,9,4.8802232096737236e-12,426.7408401966095,4.2451051492373644e-12,1,4.2451051492373644e-12,321.91842103004456,2.0818960494612952e-13,1,2.0818960494612952e-13,273.5669140815735,4.2451051492373644e-12,9,4.2451051492373644e-12,344.9600520133972,4.2451051492373644e-12,4,4.2451051492373644e-12,405.0545630455017,ok
harmonic_oscillator,odepe_v2_nopolish,1em2,harmonic_oscillator_9_1em2,,1,9.513342093281187e-05,155,9.513342093281187e-05,380.0183207988739,9.362386989643565e-05,3,9.362386989643565e-05,477.19796991348267,9.362386989643565e-05,20,9.362386989643565e-05,367.71670389175415,9.524832038784163e-05,100,9.524832038784163e-05,386.22076296806335,9.524832038784163e-05,9,9.524832038784163e-05,459.1948001384735,ok
harmonic_oscillator,odepe_v2_nopolish,1em4,harmonic_oscillator_9_1em4,,1,7.270313492329236e-07,84,7.270313492329236e-07,382.67544293403625,7.270313545196998e-07,1,7.270313545196998e-07,377.0517451763153,1.002115582931621e-06,4,1.002115582931621e-06,349.6194679737091,7.270313545196998e-07,84,7.270313545196998e-07,316.4250180721283,7.270313545196998e-07,4,7.270313545196998e-07,380.6799919605255,ok
harmonic_oscillator,odepe_v2_nopolish,1em6,harmonic_oscillator_9_1em6,,1,9.630723314049204e-08,12,9.630723314049204e-08,373.00957679748535,9.970849236982685e-08,1,9.970849236982685e-08,338.95029401779175,9.705952073803457e-08,1,9.705952073803457e-08,317.97903394699097,9.705952073803457e-08,13,9.705952073803457e-08,304.84710216522217,9.970849236982685e-08,4,9.970849236982685e-08,316.2440800666809,ok
harmonic_oscillator,odepe_v2_nopolish,1em8,harmonic_oscillator_9_1em8,,1,4.64284580798805e-08,10,4.64284580798805e-08,334.5211429595947,1.2322907512102687e-08,1,1.2322907512102687e-08,341.32663321495056,4.6642994052641524e-08,1,4.6642994052641524e-08,301.4420750141144,1.2322907512102687e-08,9,1.2322907512102687e-08,330.78677701950073,1.2322907512102687e-08,4,1.2322907512102687e-08,418.45171308517456,ok
hiv,odepe_v2_nopolish,0,hiv_0_0,,1,0.00020708596213184864,1057,0.00020708596213184864,2625.0453910827637,0.00015138518809382996,3,0.00015138518809382996,2306.3511140346527,0.0007244895584991648,6,0.0007244895584991648,4644.026613950729,0.0002070859650005819,100,0.0007244895584991648,3630.3378579616547,0.0009714862232684755,20,0.0009714862232684755,3739.3917059898376,ok
hiv,odepe_v2_nopolish,1em2,hiv_0_1em2,,1,20.420862357838768,677,20.420862357838768,2228.4353380203247,83.19098371560091,213,15507.393651357075,3178.7004120349884,455.1575862113517,20,15507.393651357075,2536.774883031845,83.19091311717317,100,15507.393651356768,4140.324378013611,310.3367761527379,20,8425.444376801723,3900.423057079315,ok
hiv,odepe_v2_nopolish,1em4,hiv_0_1em4,,1,9.27254450421684,817,9.27254450421684,2769.5525081157684,27.381880502443614,268,12493.185803972754,5001.881915807724,3179.601829656326,20,12493.185803972754,5005.2767379283905,19.654290462341027,100,12507.57717213347,3048.9219539165497,687.8440876056353,20,12484.28637916305,4499.66731095314,ok
hiv,odepe_v2_nopolish,1em6,hiv_0_1em6,,1,7.368029305823546,882,7.368029305823546,2538.865655899048,40.090499661466694,322,352.22899244916425,3773.5592169761658,103.05487375132067,20,602.2707005394708,2532.8190960884094,103.05487375132067,100,602.2707005394708,2580.497570991516,168.81260237826348,20,1025.3664567755852,4192.921509981155,ok
hiv,odepe_v2_nopolish,1em8,hiv_0_1em8,,1,2.02370506850768,1071,2.02370506850768,2940.374888896942,6.163985793599187,190,44.8614033898582,5458.605888128281,112.59613514087023,20,166.5523207099795,2727.9970059394836,44.8614033898582,100,44.8614033898582,5079.38133597374,14.273850204867742,20,14.273850204867742,2747.0788769721985,ok
hiv,odepe_v2_nopolish,0,hiv_1_0,,1,1.3633641860456041e-05,1219,1.3633641860456041e-05,5139.324776887894,0.00038209078851580844,2,0.00038209078851580844,2688.7173120975494,5.4390008884701446e-05,2,5.4390008884701446e-05,6062.180853843689,1.3633644957693607e-05,100,5.4390008884701446e-05,4102.829918861389,0.00031035006610618735,20,0.00031035006610618735,5148.660937070847,ok
hiv,odepe_v2_nopolish,1em2,hiv_1_1em2,,1,13.263869837455848,833,13.263869837455848,2441.894805908203,21.30100249298634,301,2323.8215128666598,2789.152237892151,258.4884239673427,20,2330.6262096931937,3465.138128042221,28.363705990685776,100,2330.6262096931937,3727.6852598190308,37.3408468849981,20,2323.6565555763664,3517.0546309947968,ok
hiv,odepe_v2_nopolish,1em4,hiv_1_1em4,,1,1.9454861820675005,751,1.9454861820675005,2601.934772014618,29.181743765406782,303,248.61788462059124,4426.330543994904,134.00209414055615,20,739.1818566531589,2546.675867795944,41.59495115696989,100,248.61788462059124,3978.0350580215454,92.25637597138274,20,92.25637597138274,2648.69748210907,ok
hiv,odepe_v2_nopolish,1em6,hiv_1_1em6,,1,6.267958538050786,1093,6.267958538050786,5616.677766084671,6.524827355045856,401,156.80238190682627,5938.382147073746,6.538546000698433,20,94.57374561249306,2920.7487552165985,6.538546000698433,100,94.57374561249306,2892.033365011215,6.659181435943863,20,96.45191395899057,4335.083456039429,ok
hiv,odepe_v2_nopolish,1em8,hiv_1_1em8,,1,0.271657805186812,1115,0.271657805186812,5178.208156824112,0.2241267537600167,282,16.283053644698445,5816.084135055542,0.25359199261501625,20,16.283053644698445,6401.407407045364,0.2241267537600167,100,16.283053644698445,5439.845147848129,3.030019301299078,20,4.091560894149952,2981.550729036331,ok
hiv,odepe_v2_nopolish,0,hiv_2_0,,1,4.649077599201934e-06,1130,4.649077599201934e-06,3223.584302186966,4.648992334073643e-06,1,4.648992334073643e-06,4259.00856590271,4.648992334073643e-06,2,4.648992334073643e-06,3792.692740917206,3.038286412492721e-06,100,3.038286412492721e-06,2108.908840894699,4.331539428362664e-05,20,4.331539428362664e-05,3699.764349937439,ok
hiv,odepe_v2_nopolish,1em2,hiv_2_1em2,,1,92.81045990279513,652,92.81045990279513,2384.5960879325867,108.80911279674731,206,51608.72908319257,3215.5040230751038,1335.0596143285377,20,51608.7290831942,3698.1307520866394,108.80911279527882,100,51608.7290831942,3660.0393459796906,24334.57425365565,20,51608.72908320326,3421.258218050003,ok
hiv,odepe_v2_nopolish,1em4,hiv_2_1em4,,1,10.230633318917077,786,10.230633318917077,2835.357964038849,95.15715932155058,333,57427.716687832646,3119.6660418510437,1467.894521241715,20,57427.71668781367,1824.9817559719086,95.15715932155058,100,57427.716687832646,2492.441216945648,1467.89452123507,20,57427.71668799477,2047.12011384964,ok
hiv,odepe_v2_nopolish,1em6,hiv_2_1em6,,1,3.08870235503816,866,3.08870235503816,3176.5209407806396,3.0887023557776274,63,46.20712039099889,3343.4606878757477,3.0887022946833604,20,386.69226578527713,2291.412351846695,3.0887022946833604,100,386.69226578527713,2339.3704240322113,3.088702436321408,20,46.207120812340705,1868.1423552036285,ok
hiv,odepe_v2_nopolish,1em8,hiv_2_1em8,,1,0.5754980329744812,1209,0.5754980329744812,3661.417850971222,2.694872158721615,47,7.231409564405613,2040.609622001648,0.7354780689794783,20,7.542312360233805,3939.562084913254,0.5754980329757351,100,7.542312360233805,3415.41050696373,0.4478993906580279,20,7.141697058747929,3986.3509809970856,ok
hiv,odepe_v2_nopolish,0,hiv_3_0,,1,5.062186965863108e-06,1193,5.062186965863108e-06,3940.223254919052,0.0005933328161738787,1,0.0005933328161738787,3558.368098974228,1.6722319197181324e-05,8,1.6722319197181324e-05,2137.113704919815,1.6722319197181324e-05,100,1.6722319197181324e-05,2164.4433720111847,1.7918970309998e-05,20,1.7918970309998e-05,4474.533661842346,ok
hiv,odepe_v2_nopolish,1em2,hiv_3_1em2,,1,99.41068856436088,503,99.41068856436088,2899.7616069316864,99.41068169422978,206,28077.14052546668,2614.77868103981,22634.836407736537,20,29800.401626412557,3180.6565029621124,99.41068856436088,100,29800.401626412557,3135.2652809619904,25835.46385766882,20,28064.480427530747,2958.104218006134,ok
hiv,odepe_v2_nopolish,1em4,hiv_3_1em4,,1,19.802557091044637,834,19.802557091044637,3145.7442338466644,22.766353262733464,383,358.0780642073113,3521.2796108722687,358.0780642073113,20,358.0780642073113,3405.1685531139374,358.0780642073113,100,358.0780642073113,3135.6233389377594,358.07806411784213,20,358.07806411784213,3483.948443889618,ok
hiv,odepe_v2_nopolish,1em6,hiv_3_1em6,,1,4.37351529424107,1103,4.37351529424107,4194.808261156082,4.373515221207648,208,385.95665534756097,2350.495025873184,28.018266303179676,20,224.50144943918258,4554.80216217041,4.373515294243696,100,224.50144943918258,3672.4997701644897,43.09964076313166,20,384.81375207784856,3477.6414811611176,ok
hiv,odepe_v2_nopolish,1em8,hiv_3_1em8,,1,0.6861537607202957,1181,0.6861537607202957,3879.265606880188,0.6861522498420454,54,0.6861522498420454,2115.102778196335,0.6861537607321108,20,26.991925053835093,4788.525769948959,0.6861537607321108,100,26.991925053835093,4297.312548875809,0.6861525552526767,20,0.6861525552526767,4214.976157903671,ok
hiv,odepe_v2_nopolish,0,hiv_4_0,,1,7.4848910544016055e-06,1085,7.4848910544016055e-06,4251.53124499321,2.680472677456494e-05,1,2.680472677456494e-05,4624.183604955673,2.680472677456494e-05,1,2.680472677456494e-05,4151.977168798447,7.484892753333177e-06,100,2.680472677456494e-05,4263.288753032684,2.327411719347811e-05,20,2.327411719347811e-05,5667.9596910476685,ok
hiv,odepe_v2_nopolish,1em2,hiv_4_1em2,,1,14.903012593946542,811,14.903012593946542,2558.5628991127014,154.75788247269637,241,22601.065388146028,3314.0787391662598,4787.848416365169,20,22601.06538814579,4172.00089097023,154.75751884663177,100,22601.06538814579,3805.9837369918823,9740.813959242923,20,22601.065388473275,3182.5400907993317,ok
hiv,odepe_v2_nopolish,1em4,hiv_4_1em4,,1,42.009256048402676,830,42.009256048402676,2409.92835688591,52.69064157789054,291,812.5101089748343,4059.5989561080933,331.38382606970197,20,812.5101089748343,3973.836678981781,52.69064157789054,100,812.5101089748343,3493.3967850208282,331.3838256564026,20,812.5101094451072,2149.3689250946045,ok
hiv,odepe_v2_nopolish,1em6,hiv_4_1em6,,1,2.206177905655599,892,2.206177905655599,3442.2120821475983,8.968278046434614,195,560.2534804534175,2174.265419960022,19.46359241197764,20,585.4888565457087,3508.736508846283,8.968278046434614,100,560.2534804534175,2229.8095021247864,35.554232020406005,20,584.2533345156712,3380.189915895462,ok
hiv,odepe_v2_nopolish,1em8,hiv_4_1em8,,1,1.0102925222592443,1296,1.0102925222592443,2976.889102935791,2.2390311947639625,24,8.03817868388991,4841.377629995346,2.2390311947639625,20,8.03817868388991,4885.316671133041,2.2390311947639625,100,8.03817868388991,4116.129029035568,1.2582747598509116,20,62.99331469941905,4558.8293788433075,ok
hiv,odepe_v2_nopolish,0,hiv_5_0,,1,4.851912261087245e-06,1056,4.851912261087245e-06,2871.998253107071,3.430708644038912e-05,2,3.430708644038912e-05,3163.190903186798,3.430708644038912e-05,6,3.430708644038912e-05,3162.4728050231934,4.851910724778627e-06,100,3.430708644038912e-05,2877.8643670082092,9.714052064869018e-06,20,9.714052064869018e-06,3307.9061131477356,ok
hiv,odepe_v2_nopolish,1em2,hiv_5_1em2,,1,7.55604902591162,729,7.55604902591162,1759.194375038147,24.08033798503029,322,138.86675156857433,2108.0682651996613,10485.113568483304,20,32215.46408340754,2386.3185620307922,183.4123379003274,100,32215.46408340754,2511.348974943161,25.798997703396832,20,145.23079821286555,2189.417242050171,ok
hiv,odepe_v2_nopolish,1em4,hiv_5_1em4,,1,10.584459384965294,816,10.584459384965294,1759.1078100204468,10.584459385787957,163,105.82545652961707,2976.852889060974,11.679167977921923,20,105.82545652953733,1792.2769589424133,10.584459384973199,100,105.82545652953733,1946.0578379631042,11.67737095379264,20,433.5255376327216,2287.039006948471,ok
hiv,odepe_v2_nopolish,1em6,hiv_5_1em6,,1,2.3367044582925467,898,2.3367044582925467,2877.2428300380707,2.3367044582864014,16,75.903358298597,3054.2240488529205,1.8814453492673975,20,75.91859812442458,1769.748636007309,2.3367044582864014,100,75.903358298597,2444.0268750190735,2.9711333173296106,20,285.5770183450874,2434.293979883194,ok
hiv,odepe_v2_nopolish,1em8,hiv_5_1em8,,1,0.07404803104612523,1169,0.07404803104612523,2888.71918797493,0.05927657158519675,37,0.05927657158519675,3756.895984888077,0.00577214329372972,20,0.033725265580009794,1995.1697130203247,0.041684707112988315,100,0.05927657158519675,3224.9253540039062,0.00843806338356319,20,0.00843806338356319,1904.2923021316528,ok
hiv,odepe_v2_nopolish,0,hiv_6_0,,1,4.6396746640499294e-06,1115,4.6396746640499294e-06,4029.486181974411,0.00015017073896385024,5,0.00015017073896385024,3936.2587928771973,0.00013154920384920348,7,0.00013154920384920348,2449.16708612442,4.639674407130522e-06,100,0.00015017073896385024,3714.103606939316,0.0002159178725538771,20,0.0002159178725538771,4891.76558303833,ok
hiv,odepe_v2_nopolish,1em2,hiv_6_1em2,,1,12.168538676108636,790,12.168538676108636,3396.2075850963593,17.876245584250093,272,1130.4240804795247,3184.0161561965942,966.7590728339728,20,1563.3923167591108,3858.396534204483,201.18302606774753,100,1563.3923167591108,4065.566223859787,966.7590728234876,20,1130.4240804680499,3050.47003698349,ok
hiv,odepe_v2_nopolish,1em4,hiv_6_1em4,,1,1.7681385699802563,848,1.7681385699802563,3130.8348939418793,1.7681385699802563,291,240.08327630290677,3944.1284329891205,64.38852490070221,20,240.08327630290677,3973.4435288906097,4.515772148336058,100,240.08327630264628,2568.4732060432434,64.81023943569295,20,240.08327626837215,3955.5826609134674,ok
hiv,odepe_v2_nopolish,1em6,hiv_6_1em6,,1,1.0000227571948745,858,1.0000227571948745,3257.4390029907227,10.280855157689864,292,1367.634158344928,3354.3568971157074,92.46678920380728,20,1367.634150616924,2276.3147790431976,14.899038190674737,100,1367.634150616924,2244.4984390735626,92.46679055189779,20,1367.6350812912997,3679.5397939682007,ok
hiv,odepe_v2_nopolish,1em8,hiv_6_1em8,,1,0.1603555466563728,1223,0.1603555466563728,4318.0365788936615,0.8964950644707504,302,70.68941726970715,4774.036719083786,5.761546095860116,20,205.94473073923766,2452.4958839416504,2.0567649386674836,100,205.94473073923766,2373.1721408367157,1.868454438629185,20,164.8895574323718,2325.9914219379425,ok
hiv,odepe_v2_nopolish,0,hiv_7_0,,1,1.861801013370871e-05,981,1.861801013370871e-05,3032.955551147461,3.4799474497572356e-06,1,3.4799474497572356e-06,3283.754649877548,7.326307503272586e-06,7,7.326307503272586e-06,1947.4181430339813,3.4799474497572356e-06,100,3.4799474497572356e-06,2548.734142065048,0.003470748412984947,20,0.003470748412984947,3417.8324060440063,ok
hiv,odepe_v2_nopolish,1em2,hiv_7_1em2,,1,493.38893654451437,773,493.38893654451437,2507.458004951477,493.38893654457667,135,7331.898417735795,2741.2169020175934,1226.2582701418082,20,7331.898417736879,3801.144653081894,493.3889365446102,100,7331.898417736879,3982.9618060588837,1226.2692946065445,20,100364.00926379928,2469.8203480243683,ok
hiv,odepe_v2_nopolish,1em4,hiv_7_1em4,,1,64.37828366776148,975,64.37828366776148,3686.844804048538,211.35160931036347,185,1047.219255150643,3819.6219930648804,211.35160931036347,20,1047.219255150643,3778.769323825836,211.3516093197081,100,1045.333662038987,2211.4961581230164,211.3516099771386,20,645808.3468962469,2146.2515738010406,ok
hiv,odepe_v2_nopolish,1em6,hiv_7_1em6,,1,2.938643298593444,1097,2.938643298593444,2007.7115190029144,14.634436628069052,28,14.634436628069052,3870.2757680416107,14.634436628069052,20,14.634436628069052,3891.3105919361115,4.850311688542726,100,81.36044929386003,1988.3462920188904,8.381383568115586,20,132.8727337397538,3119.7480092048645,ok
hiv,odepe_v2_nopolish,1em8,hiv_7_1em8,,1,1.6352270851188184,1094,1.6352270851188184,3260.242679834366,0.9292780435538831,35,0.9292780435538831,3838.539281129837,1.7669850566436858,20,18.489611729829257,1956.8040709495544,0.44221418892481984,100,0.9292780435538831,2886.015091896057,5.404797631110038,20,40.085096481152746,1924.0150849819183,ok
hiv,odepe_v2_nopolish,0,hiv_8_0,,1,9.200877262331775e-06,1064,9.200877262331775e-06,3908.7465970516205,0.014058460422592638,5,0.014058460422592638,4584.517038106918,9.200846945841715e-06,10,0.014058460422592638,4638.1494998931885,9.200846945841715e-06,100,0.014058460422592638,4270.456629991531,0.001048913263111882,20,0.001048913263111882,2276.4658639431,ok
hiv,odepe_v2_nopolish,1em2,hiv_8_1em2,,1,29.843991248627393,757,29.843991248627393,2515.423525094986,170.74966237725178,298,388.6116753408058,3317.682354927063,388.6116753406791,20,388.6116753406791,4070.2022178173065,388.6116753406791,100,388.6116753406791,4023.1116240024567,388.61167533812556,20,388.61167533812556,4356.318341970444,ok
hiv,odepe_v2_nopolish,1em4,hiv_8_1em4,,1,63.87398055443103,888,63.87398055443103,3793.484652042389,63.87413483303971,273,2422.606840514697,4892.90344285965,2422.606840514703,20,2422.606840514703,2881.977052927017,108.36637304945361,100,2422.606840514703,2899.1756711006165,2471.7384437386627,20,2471.7384437386627,4498.944972991943,ok
hiv,odepe_v2_nopolish,1em6,hiv_8_1em6,,1,20.420290772246922,905,20.420290772246922,2044.1007750034332,33.15706830699892,354,3220.836887817411,3818.2318727970123,98.71098070177369,20,3220.836887817411,3787.507626056671,76.59097783444071,100,636.0341297740949,2143.508491039276,99.70477787800841,20,3519.3261134234785,2188.1834728717804,ok
hiv,odepe_v2_nopolish,1em8,hiv_8_1em8,,1,2.6436971451089804,1196,2.6436971451089804,4673.114909887314,11.964191103181086,329,26.63058479265394,4117.096294164658,13.957614374133737,20,26.63058479265394,4936.479605913162,45.36606741560889,100,73.20435249593241,3376.1707549095154,2.6047980960606654,20,187.02709702270698,4761.067701101303,ok
hiv,odepe_v2_nopolish,0,hiv_9_0,,1,0.00011172282810154723,936,0.00011172282810154723,2953.9601929187775,0.001119794652481027,1,0.001119794652481027,2978.1409571170807,0.0010261913386033833,3,0.001119794652481027,3858.476732969284,0.00011172283069247654,100,0.001119794652481027,3002.8115870952606,4.795470069444736e-05,20,4.795470069444736e-05,3031.399657011032,ok
hiv,odepe_v2_nopolish,1em2,hiv_9_1em2,,1,23.38523905151217,726,23.38523905151217,3391.831321954727,86.04913413375802,258,21925.258566506112,3352.5555300712585,14811.342110020743,20,21925.25856650625,4180.588809013367,99.8549981172155,100,21925.25856650625,4181.424576997757,2292.6107596336656,20,21925.258566501638,3371.0003209114075,ok
hiv,odepe_v2_nopolish,1em4,hiv_9_1em4,,1,11.466400895474354,833,11.466400895474354,2363.070678949356,60.86363776576898,327,20179.14958913557,4034.686141014099,1037.2468735886998,20,20147.042954848803,2410.670220851898,1037.2468735886998,100,20147.042954848803,2439.043578863144,1052.0930375013597,20,19495.81143666318,2811.822911977768,ok
hiv,odepe_v2_nopolish,1em6,hiv_9_1em6,,1,33.53764839427507,955,33.53764839427507,2261.3378100395203,58.267013012853795,392,1679.7723586261834,3486.3808450698853,310.4468352623752,20,1679.7723586261834,3462.177437067032,59.937001802249945,100,1679.772358727096,2329.5212848186493,406.501074342898,20,4573.679257335736,3795.267961025238,ok
hiv,odepe_v2_nopolish,1em8,hiv_9_1em8,,1,1.7543879967488554,1040,1.7543879967488554,3814.865690946579,3.474308720392612,400,48.030742439773256,3175.9824619293213,1.6365576896571685,20,59.23881430372538,2279.0415830612183,1.6365576896571685,100,59.23881430372538,2187.4778819084167,6.917949633573404,20,104.43891479112531,2184.304894924164,ok
lotka_volterra,odepe_v2_nopolish,0,lotka_volterra_0_0,,1,1.1429657171980024e-09,529,1.1429657171980024e-09,378.69829201698303,6.512087409277126e-10,1,6.512087409277126e-10,430.7769980430603,6.512087409277126e-10,1,6.512087409277126e-10,497.5324778556824,6.512087409277126e-10,100,6.512087409277126e-10,504.2841970920563,6.512087409277126e-10,20,6.512087409277126e-10,531.8979949951172,ok
lotka_volterra,odepe_v2_nopolish,1em2,lotka_volterra_0_1em2,,1,0.19019132343400708,324,0.19019132343400708,410.674409866333,0.1901913229950761,21,0.43598596815028334,565.9527378082275,0.19019132209892697,20,0.43598597369470654,547.376384973526,0.19019132209892697,100,0.43598597369470654,601.3388550281525,0.1901913229950761,20,0.43598596815028334,547.8632051944733,ok
lotka_volterra,odepe_v2_nopolish,1em4,lotka_volterra_0_1em4,,1,0.004910707684980696,447,0.004910707684980696,384.1515998840332,0.011126796677000877,10,0.011126796677000877,585.3608829975128,0.00491070760394681,17,0.011126798260855634,415.9584958553314,0.004910707680595045,100,0.011126796677000877,537.7770829200745,0.011126796677000877,20,0.011126796677000877,517.6548490524292,ok
lotka_volterra,odepe_v2_nopolish,1em6,lotka_volterra_0_1em6,,1,0.000417183394552953,589,0.000417183394552953,393.6606378555298,0.0010472519876254536,1,0.0010472519876254536,413.3478219509125,0.00038937550595674413,20,0.00038937550595674413,396.0650110244751,0.00038937550595674413,100,0.00038937550595674413,384.87517285346985,0.0010472519876254536,20,0.0010472519876254536,491.99144887924194,ok
lotka_volterra,odepe_v2_nopolish,1em8,lotka_volterra_0_1em8,,1,5.749113343736108e-05,562,5.749113343736108e-05,369.54644203186035,0.00021016651913133045,1,0.00021016651913133045,460.94271898269653,0.00021016651913133045,13,0.00021016651913133045,527.344808101654,5.749179573767276e-05,100,5.985143846978937e-05,375.19584608078003,0.00021016651913133045,20,0.00021016651913133045,528.2101650238037,ok
lotka_volterra,odepe_v2_nopolish,0,lotka_volterra_1_0,,1,7.892183147607926e-10,539,7.892183147607926e-10,812.6303880214691,7.892158104983311e-10,1,7.892158104983311e-10,775.5209438800812,7.892158104983311e-10,1,7.892158104983311e-10,662.0073890686035,7.892158104983311e-10,100,7.892158104983311e-10,746.4647510051727,7.892158104983311e-10,20,7.892158104983311e-10,771.2092678546906,ok
lotka_volterra,odepe_v2_nopolish,1em2,lotka_volterra_1_1em2,,1,0.4292334230827786,384,0.4292334230827786,653.722244977951,0.4292333225355895,172,5.5776639125534535,655.1385359764099,0.2540634916359683,20,0.4355746327477906,825.1241199970245,0.2540634916359683,100,0.4355746327477906,796.5738298892975,0.4292333225355895,20,5.5776639125534535,634.0339238643646,ok
lotka_volterra,odepe_v2_nopolish,1em4,lotka_volterra_1_1em4,,1,0.04969089271255498,503,0.04969089271255498,676.7549669742584,0.03830442255915837,186,0.03830442255915837,719.9524018764496,0.07289445757284285,20,0.07289445757284285,555.5324568748474,0.07289445757284285,100,0.07289445757284285,565.6439919471741,0.03830442255915837,20,0.03830442255915837,641.3424251079559,ok
lotka_volterra,odepe_v2_nopolish,1em6,lotka_volterra_1_1em6,,1,0.0004724884144318692,591,0.0004724884144318692,697.3852109909058,0.005297290689345056,10,0.005297290689345056,887.8570539951324,0.0004724884144318692,20,0.002289007587145963,576.0770699977875,0.0004724884144318692,100,0.002289007587145963,544.1733911037445,0.005297290689345056,20,0.005297290689345056,939.176167011261,ok
lotka_volterra,odepe_v2_nopolish,1em8,lotka_volterra_1_1em8,,1,4.0871546249771364e-05,609,4.0871546249771364e-05,567.9851970672607,0.0005905479208828292,1,0.0005905479208828292,780.7344009876251,0.0003017067148851955,4,0.0003017067148851955,477.43250703811646,4.0871546250814807e-05,100,0.0003017067148851955,478.50987911224365,0.0003017067148851955,20,0.0003017067148851955,485.9297299385071,ok
lotka_volterra,odepe_v2_nopolish,0,lotka_volterra_2_0,,1,3.6002458730304774e-09,542,3.6002458730304774e-09,706.9436368942261,3.60024336731879e-09,1,3.60024336731879e-09,680.2502689361572,3.60024336731879e-09,1,3.60024336731879e-09,617.4875228404999,3.60024336731879e-09,100,3.60024336731879e-09,661.7757210731506,3.60024336731879e-09,20,3.60024336731879e-09,677.0755090713501,ok
lotka_volterra,odepe_v2_nopolish,1em2,lotka_volterra_2_1em2,,1,0.16972937820819226,407,0.16972937820819226,582.961156129837,0.1697293783535689,199,0.352537650011284,628.0139150619507,0.16972937820010472,20,0.35253764601474885,752.937577009201,0.16972937820010472,100,0.35253764601474885,730.4553730487823,0.1697293783535689,20,0.352537650011284,600.2472140789032,ok
lotka_volterra,odepe_v2_nopolish,1em4,lotka_volterra_2_1em4,,1,0.03869196450752886,485,0.03869196450752886,534.0113570690155,0.04298661551459156,20,0.06312334777945859,653.8045201301575,0.048198320820698394,20,0.06312334777945859,650.9980108737946,0.039571072215235155,100,0.06318447569610681,464.00229001045227,0.039571072215235155,20,0.06318447569610681,466.66174483299255,ok
lotka_volterra,odepe_v2_nopolish,1em6,lotka_volterra_2_1em6,,1,0.0003262878299315239,627,0.0003262878299315239,507.88888788223267,0.008971313360059716,8,0.008971313360059716,627.487459897995,0.0005655546237153502,20,0.009984422761937839,434.737979888916,0.0003262878299315239,100,0.009984422761937839,430.95434403419495,0.008971313360059716,20,0.008971313360059716,605.7689778804779,ok
lotka_volterra,odepe_v2_nopolish,1em8,lotka_volterra_2_1em8,,1,1.6250780340033393e-05,650,1.6250780340033393e-05,749.8061518669128,2.19803235379435e-05,1,2.19803235379435e-05,747.2004148960114,1.2181709239986604e-06,2,1.2181709239986604e-06,429.80797004699707,1.2181709239986604e-06,100,1.2181709239986604e-06,427.6571900844574,1.2181709239986604e-06,20,1.2181709239986604e-06,430.2443561553955,ok
lotka_volterra,odepe_v2_nopolish,0,lotka_volterra_3_0,,1,1.3686049619152442e-10,509,1.3686049619152442e-10,669.4441251754761,1.36861710877547e-10,1,1.36861710877547e-10,603.5778939723969,6.661740208824408e-10,1,6.661740208824408e-10,352.70063400268555,1.36861710877547e-10,100,1.36861710877547e-10,529.5920050144196,1.36861710877547e-10,20,1.36861710877547e-10,626.6469960212708,ok
lotka_volterra,odepe_v2_nopolish,1em2,lotka_volterra_3_1em2,,1,0.18717128729434507,341,0.18717128729434507,569.5431730747223,0.18715871466450495,209,0.21165529793325039,626.4719729423523,0.18717128728739074,20,0.21172761862047576,629.4938650131226,0.18717128728739074,100,0.21172761862047576,613.3656430244446,0.18715871466450495,20,0.21165529793325039,599.5797319412231,ok
lotka_volterra,odepe_v2_nopolish,1em4,lotka_volterra_3_1em4,,1,0.002649695209429251,441,0.002649695209429251,447.9739089012146,0.005898538830415418,5,0.005898538830415418,550.093090057373,0.005898538830415418,20,0.005898538830415418,560.0902087688446,0.001818675042767889,100,0.004377366810713555,403.39139795303345,0.004377366810713555,20,0.004377366810713555,413.3056321144104,ok
lotka_volterra,odepe_v2_nopolish,1em6,lotka_volterra_3_1em6,,1,0.00011421255573425935,605,0.00011421255573425935,542.5425159931183,0.00033553121045404115,1,0.00033553121045404115,646.0653300285339,0.00033553121045404115,16,0.00033553121045404115,645.3086330890656,6.075270158959877e-05,100,0.0004894577452162186,435.98548793792725,0.00033553121045404115,20,0.00033553121045404115,540.057813167572,ok
lotka_volterra,odepe_v2_nopolish,1em8,lotka_volterra_3_1em8,,1,1.2731512703924255e-05,589,1.2731512703924255e-05,742.2177619934082,1.1886862286846326e-05,1,1.1886862286846326e-05,662.0514149665833,5.8680986641702435e-06,1,5.8680986641702435e-06,487.43705797195435,1.1886862286846326e-05,100,1.1886862286846326e-05,538.4286088943481,1.1886862286846326e-05,20,1.1886862286846326e-05,658.6485209465027,ok
lotka_volterra,odepe_v2_nopolish,0,lotka_volterra_4_0,,1,1.803284487788787e-10,547,1.803284487788787e-10,466.0402009487152,1.8032887011588994e-10,1,1.8032887011588994e-10,447.14985394477844,1.8032887011588994e-10,1,1.8032887011588994e-10,462.69151997566223,1.8032887011588994e-10,100,1.8032887011588994e-10,389.0394561290741,1.8032887011588994e-10,20,1.8032887011588994e-10,462.4437439441681,ok
lotka_volterra,odepe_v2_nopolish,1em2,lotka_volterra_4_1em2,,1,0.15596502451651628,414,0.15596502451651628,448.72828102111816,0.15596502451662636,224,0.4284224394947768,520.1526479721069,0.15596502451681332,20,0.42842243949477565,486.84693908691406,0.15596502451681332,100,0.42842243949477565,472.02135586738586,0.15596502451662636,20,0.4284224394947768,521.3332231044769,ok
lotka_volterra,odepe_v2_nopolish,1em4,lotka_volterra_4_1em4,,1,0.0020581386153588985,508,0.0020581386153588985,539.1590609550476,0.005939471160044562,21,0.005939471160044562,495.4197618961334,0.005585070069047218,20,0.005585070069047218,392.4393208026886,0.005585070069047218,100,0.005585070069047218,430.207044839859,0.005585070069047218,20,0.005585070069047218,378.3417248725891,ok
lotka_volterra,odepe_v2_nopolish,1em6,lotka_volterra_4_1em6,,1,0.00021927297436295556,565,0.00021927297436295556,470.3653600215912,0.0003771833212016333,1,0.0003771833212016333,454.54243993759155,0.00034927208508485943,20,0.00034927208508485943,377.13674807548523,0.00032752651102173867,100,0.00034927208508485943,360.57817101478577,0.0003771833212016333,20,0.0003771833212016333,450.12472581863403,ok
lotka_volterra,odepe_v2_nopolish,1em8,lotka_volterra_4_1em8,,1,3.881608998970689e-05,584,3.881608998970689e-05,476.2081937789917,3.881587176617152e-05,1,3.881587176617152e-05,354.5142729282379,3.881587176617152e-05,19,3.881587176617152e-05,352.6849820613861,3.881587176617152e-05,100,3.881587176617152e-05,357.6129949092865,3.881608998970689e-05,20,3.881608998970689e-05,458.73205184936523,ok
lotka_volterra,odepe_v2_nopolish,0,lotka_volterra_5_0,,1,2.7799099001582376e-10,548,2.7799099001582376e-10,482.86189794540405,2.7799099001582376e-10,1,2.7799099001582376e-10,450.39536595344543,4.157153589621844e-09,1,4.157153589621844e-09,325.15376687049866,2.7799099001582376e-10,100,2.7799099001582376e-10,406.9613199234009,4.157153589621844e-09,20,4.157153589621844e-09,352.62053203582764,ok
lotka_volterra,odepe_v2_nopolish,1em2,lotka_volterra_5_1em2,,1,0.07232410714475332,462,0.07232410714475332,602.6844799518585,0.072323171518917,254,0.072323171518917,846.764878988266,0.07232410714693835,20,0.07232410714693835,774.8263518810272,0.07232410714693835,100,0.07232410714693835,733.9532680511475,0.07232410714693835,20,0.07232410714693835,838.53946185112,ok
lotka_volterra,odepe_v2_nopolish,1em4,lotka_volterra_5_1em4,,1,0.008888156356697317,476,0.008888156356697317,397.34181118011475,0.016275165018778064,285,0.016275165018778064,511.9327669143677,0.013701537293503561,20,0.01623899393380184,382.1984832286835,0.014420665855392955,100,0.016275165018778064,417.2818901538849,0.016275165018778064,20,0.016275165018778064,511.35663294792175,ok
lotka_volterra,odepe_v2_nopolish,1em6,lotka_volterra_5_1em6,,1,0.0003827990321126589,601,0.0003827990321126589,431.3981351852417,0.000324960928568013,1,0.000324960928568013,489.1053910255432,0.0003827990321126589,20,0.0003827990321126589,383.2474069595337,0.000324960928568013,100,0.000324960928568013,458.8744909763336,0.000324960928568013,20,0.000324960928568013,406.57272815704346,ok
lotka_volterra,odepe_v2_nopolish,1em8,lotka_volterra_5_1em8,,1,4.691622657554536e-06,605,4.691622657554536e-06,460.999125957489,1.0507594366562128e-05,1,1.0507594366562128e-05,450.8517529964447,1.0507594366562128e-05,1,1.0507594366562128e-05,465.1914460659027,1.7319905849337108e-05,100,3.2327202464007186e-05,346.5298900604248,1.0507594366562128e-05,20,1.0507594366562128e-05,451.30755519866943,ok
lotka_volterra,odepe_v2_nopolish,0,lotka_volterra_6_0,,1,1.4110968491248686e-10,455,1.4110968491248686e-10,430.5812051296234,1.4111182863580676e-10,1,1.4111182863580676e-10,412.69955801963806,1.4111182863580676e-10,1,1.4111182863580676e-10,359.75267696380615,6.154652216959612e-11,100,6.154652216959612e-11,309.77287912368774,1.4111182863580676e-10,20,1.4111182863580676e-10,404.2112500667572,ok
lotka_volterra,odepe_v2_nopolish,1em2,lotka_volterra_6_1em2,,1,0.039397267853884796,358,0.039397267853884796,409.43436884880066,0.039396342566301916,205,0.35976931029930115,574.2717390060425,0.039397029165490476,20,0.35977903842536846,512.0176868438721,0.039397029165490476,100,0.35977903842536846,491.7710449695587,0.039396342566301916,20,0.35976931029930115,607.2771849632263,ok
lotka_volterra,odepe_v2_nopolish,1em4,lotka_volterra_6_1em4,,1,0.0033251643096322307,433,0.0033251643096322307,426.29781889915466,0.0036393869211524764,30,0.0036393869211524764,427.4448170661926,0.003329005324871389,20,0.0036351639944798334,379.06021189689636,0.003329005324871389,100,0.0036351639944798334,376.3182611465454,0.0036351639944798334,20,0.0036351639944798334,372.05798411369324,ok
lotka_volterra,odepe_v2_nopolish,1em6,lotka_volterra_6_1em6,,1,0.00010879594749108813,553,0.00010879594749108813,410.5382070541382,0.0004563193018228657,1,0.0004563193018228657,416.83537101745605,0.0004563193018228657,20,0.0004563193018228657,430.31772112846375,0.00010879594749086248,100,0.00010879594749086248,354.4761109352112,0.0004563193018228657,20,0.0004563193018228657,439.7568690776825,ok
lotka_volterra,odepe_v2_nopolish,1em8,lotka_volterra_6_1em8,,1,3.114950155187678e-05,455,3.114950155187678e-05,403.3903670310974,3.114950155232809e-05,1,3.114950155232809e-05,371.90123319625854,3.114950155232809e-05,1,3.114950155232809e-05,420.2252449989319,1.1427707356736135e-05,100,1.1427707356736135e-05,383.22392106056213,1.1427707356736135e-05,20,1.1427707356736135e-05,366.2944002151489,ok
lotka_volterra,odepe_v2_nopolish,0,lotka_volterra_7_0,,1,1.4366380025346527e-10,511,1.4366380025346527e-10,597.4467780590057,1.4366380025346527e-10,1,1.4366380025346527e-10,534.280072927475,8.899071789276732e-10,1,8.899071789276732e-10,368.7612359523773,8.899071789276732e-10,100,8.899071789276732e-10,382.61852192878723,8.899071789276732e-10,20,8.899071789276732e-10,396.14787697792053,ok
lotka_volterra,odepe_v2_nopolish,1em2,lotka_volterra_7_1em2,,1,0.06793528837534446,338,0.06793528837534446,469.2563569545746,0.06793528838478001,199,0.06793528838478001,569.9074990749359,0.06793527808616522,20,0.06793527808616522,539.5779418945312,0.06793527808616522,100,0.06793527808616522,523.789470911026,0.06793528838478001,20,0.06793528838478001,535.892324924469,ok
lotka_volterra,odepe_v2_nopolish,1em4,lotka_volterra_7_1em4,,1,0.00551552566326321,413,0.00551552566326321,507.8504569530487,0.013395862972856018,15,0.013395862972856018,439.83208203315735,0.004308568767102635,20,0.012511379676838935,392.65367603302,0.006423440569133804,100,0.013395862972856018,470.19514203071594,0.013395862972856018,20,0.013395862972856018,536.8082871437073,ok
lotka_volterra,odepe_v2_nopolish,1em6,lotka_volterra_7_1em6,,1,0.00016323652976002118,603,0.00016323652976002118,506.9048099517822,0.00018977873057388618,7,0.00018977873057388618,360.9714138507843,0.0005491811554902621,20,0.0016302669409843022,577.7619709968567,0.00018977873057388618,100,0.00018977873057388618,389.2852749824524,0.0016302669409843022,20,0.0016302669409843022,506.03828978538513,ok
lotka_volterra,odepe_v2_nopolish,1em8,lotka_volterra_7_1em8,,1,1.7147132379554256e-05,595,1.7147132379554256e-05,637.3954589366913,2.049771921496216e-05,1,2.049771921496216e-05,496.5294380187988,2.049771921496216e-05,3,2.049771921496216e-05,606.5136170387268,9.744525065032311e-06,100,1.177514081896088e-05,424.7407371997833,1.177514081896088e-05,20,1.177514081896088e-05,409.811292886734,ok
lotka_volterra,odepe_v2_nopolish,0,lotka_volterra_8_0,,1,4.6606574615416704e-09,514,4.6606574615416704e-09,972.487576007843,4.660666822889659e-09,1,4.660666822889659e-09,954.3521909713745,9.937791975319365e-11,1,9.937791975319365e-11,474.38779497146606,4.660666822889659e-09,100,4.660666822889659e-09,769.2287340164185,4.660666822889659e-09,20,4.660666822889659e-09,949.7064299583435,ok
lotka_volterra,odepe_v2_nopolish,1em2,lotka_volterra_8_1em2,,1,0.08324525985822988,407,0.08324525985822988,621.0131859779358,0.09265190500356892,214,0.4343395614216597,620.1725361347198,0.2520740832508129,20,0.2520740832508129,694.9431037902832,0.2491144581584185,100,0.2520740832508129,718.2731010913849,0.09265190500356892,20,0.4343395614216597,681.1151909828186,ok
lotka_volterra,odepe_v2_nopolish,1em4,lotka_volterra_8_1em4,,1,0.015051419435885345,508,0.015051419435885345,611.4465389251709,0.015044607325537546,7,0.04050612883820063,865.0830729007721,0.015044607325537546,18,0.04050612883820063,885.0313060283661,0.0058784787624926805,100,0.04055835896507376,569.1781990528107,0.01718140466256369,20,0.04050612883820063,871.5106430053711,ok
lotka_volterra,odepe_v2_nopolish,1em6,lotka_volterra_8_1em6,,1,0.0009402628309621726,602,0.0009402628309621726,649.8206539154053,0.006634550968184491,5,0.006634550968184491,462.1161971092224,0.00051986439100866,20,0.006634550968184491,530.0055630207062,0.00025098000918630475,100,0.0010704171331929074,763.3302779197693,0.0010704171331929074,20,0.0010704171331929074,922.8167359828949,ok
lotka_volterra,odepe_v2_nopolish,1em8,lotka_volterra_8_1em8,,1,1.5125875656144085e-05,616,1.5125875656144085e-05,1004.0426740646362,0.0001450691512810829,1,0.0001450691512810829,486.2494249343872,0.00014506791913642173,14,0.00014506791913642173,982.4814159870148,1.2580831065100253e-05,100,0.0001450691512810829,480.2092890739441,0.00014506791913642173,20,0.00014506791913642173,998.461620092392,ok
lotka_volterra,odepe_v2_nopolish,0,lotka_volterra_9_0,,1,1.0035511310846346e-09,543,1.0035511310846346e-09,664.9563419818878,1.0035511310846346e-09,1,1.0035511310846346e-09,628.511048078537,2.892081349973591e-10,1,2.892081349973591e-10,377.11861300468445,1.0035511310846346e-09,100,1.0035511310846346e-09,581.0114510059357,2.892081349973591e-10,20,2.892081349973591e-10,389.976930141449,ok
lotka_volterra,odepe_v2_nopolish,1em2,lotka_volterra_9_1em2,,1,0.3645998185586463,405,0.3645998185586463,638.2184281349182,0.4164189711157369,165,9.018550076816457,726.3337650299072,0.41641897100379033,20,9.018550077362429,723.6867029666901,0.41641897100379033,100,9.018550077362429,720.4170079231262,0.4164189711157369,20,9.018550076816457,671.1058900356293,ok
lotka_volterra,odepe_v2_nopolish,1em4,lotka_volterra_9_1em4,,1,0.03373243226431824,338,0.03373243226431824,587.3140149116516,0.0337647811881614,163,0.0337647811881614,592.1968379020691,0.03362812509326655,20,0.03362812509326655,401.1664950847626,0.03362812509326655,100,0.03362812509326655,446.0625870227814,0.0337647811881614,20,0.0337647811881614,604.8402700424194,ok
lotka_volterra,odepe_v2_nopolish,1em6,lotka_volterra_9_1em6,,1,0.0005657517014000016,611,0.0005657517014000016,503.96472001075745,0.00033481481369932543,5,0.00033481481369932543,535.6639971733093,0.0006868575943381852,20,0.00286860390282442,441.9743900299072,0.00018256413431355168,100,0.00033481481369932543,532.733335018158,0.00286860390282442,20,0.00286860390282442,401.80167412757874,ok
lotka_volterra,odepe_v2_nopolish,1em8,lotka_volterra_9_1em8,,1,1.174343007605428e-05,603,1.174343007605428e-05,646.1985487937927,1.250273696089808e-05,1,1.250273696089808e-05,546.9861879348755,1.2372034734262568e-05,6,1.2372034734262568e-05,407.0489101409912,1.2372034734262568e-05,100,1.2372034734262568e-05,398.59422397613525,1.250273696089808e-05,20,1.250273696089808e-05,621.9992969036102,ok
mass_spring_damper,odepe_v2_nopolish,0,mass_spring_damper_0_0,,1,2.1076621429120126e-09,155,2.1076621429120126e-09,261.85012006759644,1.8075776086134075e-07,1,1.8075776086134075e-07,375.07658410072327,5.862453849129023e-11,1,5.862453849129023e-11,271.98847699165344,1.8075776086134075e-07,100,1.8075776086134075e-07,369.7001647949219,3.9153490259767696e-11,11,3.9153490259767696e-11,434.7086591720581,ok
mass_spring_damper,odepe_v2_nopolish,1em2,mass_spring_damper_0_1em2,,1,0.014748784692585223,191,0.014748784692585223,349.3027009963989,0.020492065675220734,59,0.020492065675220734,542.1723251342773,0.014748784692580355,20,0.020492065675216286,435.4826419353485,0.01474878469258538,100,0.020492065675220734,505.0793330669403,0.020492065675240055,20,0.020492065675240055,542.004142999649,ok
mass_spring_damper,odepe_v2_nopolish,1em4,mass_spring_damper_0_1em4,,1,0.0003199127604988654,251,0.0003199127604988654,284.6333360671997,0.0010125239852533947,2,0.0010125239852533947,326.0329689979553,0.0008190745182786578,20,0.0010125239852533947,406.04090094566345,0.00031991276051113307,100,0.0010125239852422675,342.5466160774231,0.0010125239850838608,20,0.0010125239850838608,388.89328384399414,ok
mass_spring_damper,odepe_v2_nopolish,1em6,mass_spring_damper_0_1em6,,1,2.570032815982866e-06,262,2.570032815982866e-06,315.13429498672485,2.4750426825279634e-05,1,2.4750426825279634e-05,312.6760210990906,4.004211472062566e-06,1,4.004211472062566e-06,326.1261160373688,1.4345291738188595e-05,100,2.4750426825279634e-05,357.8179430961609,1.4297991140654486e-06,20,1.4297991140654486e-06,319.857204914093,ok
mass_spring_damper,odepe_v2_nopolish,1em8,mass_spring_damper_0_1em8,,1,1.258726166987273e-06,193,1.258726166987273e-06,301.6706609725952,8.474616320657037e-07,1,8.474616320657037e-07,311.14386320114136,1.0812116199285315e-06,1,1.0812116199285315e-06,306.6965310573578,8.474616320657037e-07,100,8.474616320657037e-07,297.9565849304199,1.0758142277575142e-06,10,1.0758142277575142e-06,365.1256330013275,ok
mass_spring_damper,odepe_v2_nopolish,0,mass_spring_damper_1_0,,1,8.697551535668527e-12,122,8.697551535668527e-12,397.3570399284363,8.697551535668527e-12,1,8.697551535668527e-12,356.859023809433,8.697551535668527e-12,1,8.697551535668527e-12,335.73245215415955,8.697551535668527e-12,100,8.697551535668527e-12,334.99872493743896,9.380580048644438e-13,11,9.380580048644438e-13,303.72112798690796,ok
mass_spring_damper,odepe_v2_nopolish,1em2,mass_spring_damper_1_1em2,,1,0.0013241567693482116,243,0.0013241567693482116,384.4823639392853,0.011114571000777328,72,0.011114571000777328,520.4692888259888,0.0035324542773698523,20,0.011114571000767069,424.4933078289032,0.0035324542773611995,100,0.011114571000777328,502.9778790473938,0.011114571000726643,20,0.011114571000726643,555.0305421352386,ok
mass_spring_damper,odepe_v2_nopolish,1em4,mass_spring_damper_1_1em4,,1,0.00022763494580807587,236,0.00022763494580807587,419.39666199684143,0.00022763494580807587,1,0.00022763494580807587,388.2590959072113,0.00020172397285086734,20,0.00020172397285086734,347.9217457771301,0.00020172397285086734,100,0.00020172397285086734,340.95589995384216,0.0001890980918917714,20,0.0001890980918917714,413.42710185050964,ok
mass_spring_damper,odepe_v2_nopolish,1em6,mass_spring_damper_1_1em6,,1,1.050938467426348e-05,223,1.050938467426348e-05,387.4758298397064,1.3337122295013713e-05,1,1.3337122295013713e-05,365.90783405303955,1.050938467426348e-05,1,1.050938467426348e-05,343.8617880344391,1.050938467426348e-05,100,1.050938467426348e-05,328.34120893478394,1.3571892934314464e-05,20,1.3571892934314464e-05,379.2974820137024,ok
mass_spring_damper,odepe_v2_nopolish,1em8,mass_spring_damper_1_1em8,,1,4.6824195627933396e-07,151,4.6824195627933396e-07,333.4667720794678,2.1512216685942637e-07,1,2.1512216685942637e-07,318.1038010120392,1.1710329975636733e-07,1,1.1710329975636733e-07,361.81319999694824,2.1512216685942637e-07,100,2.1512216685942637e-07,300.6261558532715,7.236764790824167e-08,10,7.236764790824167e-08,375.95271396636963,ok
mass_spring_damper,odepe_v2_nopolish,0,mass_spring_damper_2_0,,1,3.2249464683174985e-10,244,3.2249464683174985e-10,442.80967593193054,6.96622505569842e-10,1,6.96622505569842e-10,424.927139043808,3.2913643161210522e-09,1,3.2913643161210522e-09,350.5957329273224,6.96622505569842e-10,100,6.96622505569842e-10,438.06570506095886,2.2203288590421586e-09,20,2.2203288590421586e-09,507.9909100532532,ok
mass_spring_damper,odepe_v2_nopolish,1em2,mass_spring_damper_2_1em2,,1,0.0251031137306169,286,0.0251031137306169,490.4911320209503,0.027365059657629986,82,0.027365059657629986,772.7819359302521,0.025103113730583562,20,0.027365059657679713,606.7584948539734,0.025103113730617053,100,0.027365059657629986,717.6406710147858,0.027365059661124683,20,0.027365059661124683,695.8874709606171,ok
mass_spring_damper,odepe_v2_nopolish,1em4,mass_spring_damper_2_1em4,,1,0.00016563833015675262,278,0.00016563833015675262,487.6360659599304,0.0023072061703128858,4,0.0023072061703128858,655.4081540107727,0.00025245941770813497,20,0.0023072061703128858,662.7637639045715,0.00025245941770813497,100,0.0023072061703128858,549.1783790588379,0.002307206171109124,20,0.002307206171109124,498.0660650730133,ok
mass_spring_damper,odepe_v2_nopolish,1em6,mass_spring_damper_2_1em6,,1,2.9276379929744768e-05,347,2.9276379929744768e-05,500.0129039287567,0.00024936231427156856,1,0.00024936231427156856,577.2116038799286,0.00024451421791741375,5,0.00024451421791741375,462.61853218078613,2.58420185972483e-05,100,0.00024451421791741375,451.6594898700714,3.213848629527357e-05,20,3.213848629527357e-05,590.5555341243744,ok
mass_spring_damper,odepe_v2_nopolish,1em8,mass_spring_damper_2_1em8,,1,5.8857755392102394e-06,312,5.8857755392102394e-06,396.5328619480133,3.0012336551355246e-05,1,3.0012336551355246e-05,477.7870180606842,7.237469049648874e-05,1,7.237469049648874e-05,395.64525604248047,6.356239796653785e-06,100,7.237469049648874e-05,379.41832208633423,6.289575251145701e-05,20,6.289575251145701e-05,513.2358601093292,ok
mass_spring_damper,odepe_v2_nopolish,0,mass_spring_damper_3_0,,1,2.0067535419647328e-10,198,2.0067535419647328e-10,365.3611650466919,1.8519113299692068e-10,1,1.8519113299692068e-10,291.5674409866333,2.0068425293064012e-10,1,2.0068425293064012e-10,370.415629863739,2.0068425293064012e-10,100,2.0068425293064012e-10,340.64610290527344,3.6273064492681065e-08,20,3.6273064492681065e-08,384.0777678489685,ok
mass_spring_damper,odepe_v2_nopolish,1em2,mass_spring_damper_3_1em2,,1,0.03770707538378084,250,0.03770707538378084,433.3164699077606,0.037706835840054166,76,0.16640387217301497,687.6746368408203,0.03867948801774938,20,0.16640219771944437,670.8416349887848,0.03867948801774938,100,0.16640219771944437,716.6149439811707,0.03867543093081961,20,0.1664031492014426,714.9824850559235,ok
mass_spring_damper,odepe_v2_nopolish,1em4,mass_spring_damper_3_1em4,,1,0.0010304155642778983,282,0.0010304155642778983,452.69497895240784,0.0029074135893453834,11,0.0029074135893453834,575.6443078517914,0.0010676468855958263,20,0.0029074135893453834,577.596832036972,0.0009696276331017106,100,0.0029074135892758887,459.04174423217773,0.002907413590135888,20,0.002907413590135888,598.0954110622406,ok
mass_spring_damper,odepe_v2_nopolish,1em6,mass_spring_damper_3_1em6,,1,1.3802056511596185e-05,324,1.3802056511596185e-05,413.68929386138916,0.00018903726175781648,1,0.00018903726175781648,419.19367694854736,0.00032951866189326264,7,0.0007225736753636487,341.28413796424866,9.050282439916246e-06,100,0.0007225736753636487,330.4746370315552,0.0001793483355369022,20,0.0001793483355369022,349.4838788509369,ok
mass_spring_damper,odepe_v2_nopolish,1em8,mass_spring_damper_3_1em8,,1,2.175310673618233e-05,231,2.175310673618233e-05,355.76040601730347,3.0008893440579305e-06,1,3.0008893440579305e-06,384.9531819820404,3.0008893440579305e-06,1,3.0008893440579305e-06,368.2217769622803,2.541416441584449e-05,100,2.96315750806047e-05,307.37070512771606,2.4476807331822845e-05,20,2.4476807331822845e-05,315.35771012306213,ok
mass_spring_damper,odepe_v2_nopolish,0,mass_spring_damper_4_0,,1,2.333622256123608e-09,206,2.333622256123608e-09,402.90498304367065,2.3194219835018554e-09,1,2.3194219835018554e-09,415.8432741165161,2.3194219835018554e-09,1,2.3194219835018554e-09,377.01387906074524,2.3194219835018554e-09,100,2.3194219835018554e-09,379.671422958374,1.460786116851037e-11,20,1.460786116851037e-11,415.2250611782074,ok
mass_spring_damper,odepe_v2_nopolish,1em2,mass_spring_damper_4_1em2,,1,0.01312298808403861,215,0.01312298808403861,429.20238995552063,0.03712502745702991,48,0.051921287228399296,628.9739010334015,0.013188138423520538,20,0.051904557197113,590.5398988723755,0.013188138423520538,100,0.051904557197113,614.8761429786682,0.03315660425911321,20,0.05190494024071158,699.8663759231567,ok
mass_spring_damper,odepe_v2_nopolish,1em4,mass_spring_damper_4_1em4,,1,9.200285564155237e-05,318,9.200285564155237e-05,388.55360293388367,0.0003085523256202876,1,0.0003085523256202876,513.9495029449463,0.0003085523256269722,20,0.0003085523256269722,435.5810298919678,9.200285564224195e-05,100,0.0003085523256269722,428.3238191604614,0.0003085523255764018,20,0.0003085523255764018,529.9150891304016,ok
mass_spring_damper,odepe_v2_nopolish,1em6,mass_spring_damper_4_1em6,,1,1.7179705851046987e-05,332,1.7179705851046987e-05,433.76009011268616,1.2195718798575529e-05,1,1.2195718798575529e-05,423.64792490005493,1.7179705851046987e-05,1,1.7179705851046987e-05,377.1078701019287,1.7179705851046987e-05,100,1.7179705851046987e-05,374.76353001594543,9.1013564424945e-06,20,9.1013564424945e-06,368.23965215682983,ok
mass_spring_damper,odepe_v2_nopolish,1em8,mass_spring_damper_4_1em8,,1,1.9203927611338055e-06,268,1.9203927611338055e-06,431.4442059993744,1.0618851870094876e-05,1,1.0618851870094876e-05,391.54055190086365,7.195101906364943e-06,1,7.195101906364943e-06,371.93428897857666,7.195101906364943e-06,100,7.195101906364943e-06,332.6321310997009,2.817088819622142e-06,20,2.817088819622142e-06,375.1508159637451,ok
mass_spring_damper,odepe_v2_nopolish,0,mass_spring_damper_5_0,,1,6.640428721798746e-09,168,6.640428721798746e-09,371.9543480873108,7.835606061697428e-09,1,7.835606061697428e-09,307.98245000839233,2.28758480089976e-08,1,2.28758480089976e-08,288.5290369987488,7.835606061697428e-09,100,7.835606061697428e-09,299.8676679134369,2.0049472487881208e-08,6,2.0049472487881208e-08,366.18271684646606,ok
mass_spring_damper,odepe_v2_nopolish,1em2,mass_spring_damper_5_1em2,,1,0.0033520366008722275,244,0.0033520366008722275,380.99259901046753,0.0033519992267982022,65,0.0033519992267982022,523.305282831192,0.0033519846662643034,20,0.0033519846662643034,423.4783458709717,0.0033519846662643034,100,0.0033519846662643034,457.4094579219818,0.0033519992215477724,20,0.0033519992215477724,514.8412480354309,ok
mass_spring_damper,odepe_v2_nopolish,1em4,mass_spring_damper_5_1em4,,1,0.0001706005999285224,275,0.0001706005999285224,357.52090787887573,0.0001706005999266043,1,0.0001706005999266043,373.49588108062744,0.00017060059992705562,20,0.00017060059992705562,321.49390602111816,0.00017060059992705562,100,0.00017060059992705562,356.31077098846436,0.00017060059974890093,20,0.00017060059974890093,331.38216495513916,ok
mass_spring_damper,odepe_v2_nopolish,1em6,mass_spring_damper_5_1em6,,1,1.127151543419682e-05,238,1.127151543419682e-05,412.7778820991516,1.4553195848421296e-05,1,1.4553195848421296e-05,286.56811904907227,1.127151544942854e-05,1,1.127151544942854e-05,365.7363932132721,1.4553195848421296e-05,100,1.4553195848421296e-05,326.93824100494385,9.290565625536572e-06,10,9.290565625536572e-06,356.97678399086,ok
mass_spring_damper,odepe_v2_nopolish,1em8,mass_spring_damper_5_1em8,,1,6.811841053959061e-07,204,6.811841053959061e-07,359.9596481323242,1.7100783331171627e-06,1,1.7100783331171627e-06,325.02392292022705,1.7100783331171627e-06,1,1.7100783331171627e-06,384.36860704421997,1.0496050633573222e-06,100,1.0496050633573222e-06,319.57892394065857,1.9838534957748494e-06,4,1.9838534957748494e-06,358.6333909034729,ok
mass_spring_damper,odepe_v2_nopolish,0,mass_spring_damper_6_0,,1,7.620927208911521e-12,150,7.620927208911521e-12,419.9690480232239,2.473001227666895e-11,1,2.473001227666895e-11,289.0013499259949,7.593651359294188e-12,1,7.593651359294188e-12,331.43428802490234,7.593651359294188e-12,100,7.593651359294188e-12,298.271831035614,1.2591773714245003e-08,20,1.2591773714245003e-08,389.7500948905945,ok
mass_spring_damper,odepe_v2_nopolish,1em2,mass_spring_damper_6_1em2,,1,0.012633435412374359,207,0.012633435412374359,373.8900799751282,0.015523591012265072,49,0.015523591012265072,552.5089190006256,0.015523591012265072,20,0.015523591012265072,425.63577604293823,0.012632964935461101,100,0.015523591012264892,471.04988503456116,0.015523591012219834,20,0.015523591012219834,516.7337338924408,ok
mass_spring_damper,odepe_v2_nopolish,1em4,mass_spring_damper_6_1em4,,1,6.926044615442719e-05,314,6.926044615442719e-05,424.40249705314636,8.073211025729885e-05,1,8.073211025729885e-05,428.3950071334839,6.926044616347345e-05,20,6.926044616347345e-05,372.0184860229492,6.926044616347345e-05,100,6.926044616347345e-05,366.5599899291992,8.153967098806842e-05,20,8.153967098806842e-05,379.33391404151917,ok
mass_spring_damper,odepe_v2_nopolish,1em6,mass_spring_damper_6_1em6,,1,3.7501543064337806e-06,252,3.7501543064337806e-06,398.4300899505615,3.7501543064337806e-06,1,3.7501543064337806e-06,397.8934099674225,1.515642859804428e-05,1,1.515642859804428e-05,349.01535391807556,9.691095178469645e-06,100,1.515642859804428e-05,330.6535270214081,2.6967068738593134e-06,20,2.6967068738593134e-06,397.9673249721527,ok
mass_spring_damper,odepe_v2_nopolish,1em8,mass_spring_damper_6_1em8,,1,7.613749809192478e-07,207,7.613749809192478e-07,391.2330389022827,8.241349638392365e-07,1,8.241349638392365e-07,379.84115505218506,8.241349638392365e-07,1,8.241349638392365e-07,386.68040919303894,9.017563819114905e-07,100,9.017563819114905e-07,312.88683795928955,7.613199675660675e-07,20,7.613199675660675e-07,321.0204408168793,ok
mass_spring_damper,odepe_v2_nopolish,0,mass_spring_damper_7_0,,1,2.3080382385806636e-10,129,2.3080382385806636e-10,355.85044407844543,1.8930456866009284e-12,1,1.8930456866009284e-12,367.28967094421387,1.2508372829425203e-13,1,1.2508372829425203e-13,288.6328570842743,1.8930456866009284e-12,100,1.8930456866009284e-12,353.4543879032135,2.973611914787373e-10,9,2.973611914787373e-10,312.9486961364746,ok
mass_spring_damper,odepe_v2_nopolish,1em2,mass_spring_damper_7_1em2,,1,0.0031104005798065163,254,0.0031104005798065163,452.8721389770508,0.003249525606303557,72,0.003249525606303557,633.034835100174,0.0031104011615804075,20,0.003249525606303557,509.5110590457916,0.003110400857781988,100,0.0032499170589014715,582.4775929450989,0.00325005956085164,20,0.00325005956085164,605.6803829669952,ok
mass_spring_damper,odepe_v2_nopolish,1em4,mass_spring_damper_7_1em4,,1,0.00015082036182231839,278,0.00015082036182231839,419.06788206100464,0.00019653902444059058,1,0.00019653902444059058,425.8687250614166,0.00019653902442547978,20,0.00019653902442547978,348.5724000930786,0.00015120089524604103,100,0.00019653902442547978,364.1370599269867,0.0001965390244695529,20,0.0001965390244695529,350.199609041214,ok
mass_spring_damper,odepe_v2_nopolish,1em6,mass_spring_damper_7_1em6,,1,8.925247175648986e-06,253,8.925247175648986e-06,442.0117440223694,1.7980592768033637e-05,1,1.7980592768033637e-05,447.5215849876404,1.7980592768033637e-05,1,1.7980592768033637e-05,446.06439113616943,1.7013456202990984e-05,100,1.7013456202990984e-05,374.57069301605225,1.1921741725470663e-05,20,1.1921741725470663e-05,378.33212900161743,ok
mass_spring_damper,odepe_v2_nopolish,1em8,mass_spring_damper_7_1em8,,1,8.891488508054055e-07,155,8.891488508054055e-07,348.9899699687958,8.608662788075414e-07,1,8.608662788075414e-07,388.1788430213928,3.4150346253017687e-07,1,3.4150346253017687e-07,316.2043650150299,3.4150346253017687e-07,100,3.4150346253017687e-07,308.43228101730347,3.388864882266193e-06,6,3.388864882266193e-06,302.7126090526581,ok
mass_spring_damper,odepe_v2_nopolish,0,mass_spring_damper_8_0,,1,1.6395150228624691e-09,145,1.6395150228624691e-09,358.84281182289124,9.594073619847508e-11,1,9.594073619847508e-11,380.88928604125977,1.2391244759196153e-08,1,1.2391244759196153e-08,286.7101159095764,9.594073619847508e-11,100,9.594073619847508e-11,363.69533491134644,4.718585555810077e-09,3,4.718585555810077e-09,311.3028860092163,ok
mass_spring_damper,odepe_v2_nopolish,1em2,mass_spring_damper_8_1em2,,1,0.017048682907916664,208,0.017048682907916664,378.40942788124084,0.017048689770634947,71,0.017048689770634947,572.4571859836578,0.017048680418839605,20,0.017048680418839605,516.0721299648285,0.017048680418839605,100,0.017048680418839605,561.7318210601807,0.01704868301886668,20,0.01704868301886668,565.5242049694061,ok
mass_spring_damper,odepe_v2_nopolish,1em4,mass_spring_damper_8_1em4,,1,0.000225090073413288,243,0.000225090073413288,364.5241811275482,0.0006356758880506553,4,0.0006356758880506553,373.8494999408722,0.0006421161246367779,20,0.0006421161246367779,320.8798038959503,0.0002264207567016788,100,0.0006421161246367779,331.06892681121826,0.0006432197831241751,20,0.0006432197831241751,316.86989307403564,ok
mass_spring_damper,odepe_v2_nopolish,1em6,mass_spring_damper_8_1em6,,1,1.5296929485430085e-05,298,1.5296929485430085e-05,340.92030811309814,3.8208454418933815e-05,1,3.8208454418933815e-05,385.30251908302307,3.414799096124954e-05,1,3.414799096124954e-05,350.5567910671234,1.204050663622296e-05,100,3.414799096124954e-05,333.65296697616577,3.478468519689765e-05,11,3.478468519689765e-05,377.54109811782837,ok
mass_spring_damper,odepe_v2_nopolish,1em8,mass_spring_damper_8_1em8,,1,7.479322774144467e-07,172,7.479322774144467e-07,355.74699807167053,8.448291375620929e-07,1,8.448291375620929e-07,374.5445909500122,8.737901513455881e-07,1,8.737901513455881e-07,322.54641008377075,8.737901513455881e-07,100,8.737901513455881e-07,303.7127559185028,1.8085102920736169e-06,4,1.8085102920736169e-06,364.28693294525146,ok
mass_spring_damper,odepe_v2_nopolish,0,mass_spring_damper_9_0,,1,2.986402883632896e-10,146,2.986402883632896e-10,383.0004811286926,2.9607883473866103e-10,1,2.9607883473866103e-10,316.98456597328186,4.1413050535541155e-11,1,4.1413050535541155e-11,283.2622141838074,2.9607883473866103e-10,100,2.9607883473866103e-10,304.97706413269043,1.1375771480248985e-10,10,1.1375771480248985e-10,291.2536299228668,ok
mass_spring_damper,odepe_v2_nopolish,1em2,mass_spring_damper_9_1em2,,1,0.016399147869467424,214,0.016399147869467424,385.67925810813904,0.03796403652032432,64,0.03796403652032432,677.8956289291382,0.016399175503271277,20,0.037964036429104,616.5874280929565,0.016399175503271277,100,0.037964036429104,711.7025480270386,0.037964013472923434,20,0.037964013472923434,709.1456069946289,ok
mass_spring_damper,odepe_v2_nopolish,1em4,mass_spring_damper_9_1em4,,1,0.00015298031763334534,240,0.00015298031763334534,363.4774889945984,0.0001529803176349505,3,0.0001529803176349505,317.3808801174164,0.00015298031763775948,20,0.00015298031763775948,329.6183731555939,0.00015298031763775948,100,0.00015298031763775948,328.8733298778534,0.00015298031760699427,20,0.00015298031760699427,339.3188419342041,ok
mass_spring_damper,odepe_v2_nopolish,1em6,mass_spring_damper_9_1em6,,1,1.920458054050638e-05,213,1.920458054050638e-05,398.6653130054474,1.3443729220936326e-05,1,1.3443729220936326e-05,363.1437900066376,1.3443729220936326e-05,1,1.3443729220936326e-05,379.65785908699036,1.920458054050638e-05,100,1.920458054050638e-05,333.64618706703186,9.173882188578753e-06,17,9.173882188578753e-06,332.86099886894226,ok
mass_spring_damper,odepe_v2_nopolish,1em8,mass_spring_damper_9_1em8,,1,8.717959752907986e-07,185,8.717959752907986e-07,378.9700779914856,9.984777893764086e-07,1,9.984777893764086e-07,363.4306991100311,9.984777893764086e-07,1,9.984777893764086e-07,371.1524667739868,3.908572464720815e-06,100,3.908572464720815e-06,300.9378638267517,1.7286302985057667e-07,9,1.7286302985057667e-07,381.0077018737793,ok
quadrotor,odepe_v2_nopolish,0,quadrotor_0_0,,1,6.926540718140273e-11,55,6.926540718140273e-11,239.69979906082153,6.926540718140273e-11,1,6.926540718140273e-11,334.709529876709,7.834832157071724e-11,1,7.834832157071724e-11,272.3846068382263,6.926540718140273e-11,63,6.926540718140273e-11,311.80974817276,2.7990716161161322e-11,2,2.7990716161161322e-11,363.09196400642395,ok
quadrotor,odepe_v2_nopolish,1em2,quadrotor_0_1em2,,1,0.11255542402142059,159,0.11255542402142059,368.0708601474762,0.11257935608415179,57,0.11257935608415179,501.6320991516113,0.11255541638068063,20,0.11255541638068063,411.39445304870605,0.11255541638068063,100,0.11255541638068063,451.03031301498413,0.11255549336802358,20,0.11255549336802358,513.2906970977783,ok
quadrotor,odepe_v2_nopolish,1em4,quadrotor_0_1em4,,1,0.0006125856846257039,116,0.0006125856846257039,292.4724590778351,0.0019112332550228672,6,0.0019112332550228672,358.9635760784149,0.0019090762381316696,20,0.0019090762381316696,312.1537799835205,0.0005981622891531433,100,0.0019112332550228672,320.9861090183258,0.0019097232194566004,20,0.0019097232194566004,313.8813829421997,ok
quadrotor,odepe_v2_nopolish,1em6,quadrotor_0_1em6,,1,1.3678376812121265e-05,157,1.3678376812121265e-05,298.9232728481293,4.625179099242365e-05,1,4.625179099242365e-05,415.07837295532227,8.335652599896036e-05,6,8.335652599896036e-05,344.69904494285583,4.0239319160788386e-05,100,4.625179099242365e-05,402.97823882102966,7.694381048718588e-05,20,7.694381048718588e-05,326.4100601673126,ok
quadrotor,odepe_v2_nopolish,1em8,quadrotor_0_1em8,,1,2.6186326229481646e-06,112,2.6186326229481646e-06,300.4921250343323,5.874920741789933e-06,1,5.874920741789933e-06,361.17146492004395,2.7615709761988233e-06,1,2.7615709761988233e-06,334.4960901737213,2.7615709761988233e-06,100,2.7615709761988233e-06,356.56578183174133,1.4021877788371936e-06,20,1.4021877788371936e-06,354.97366404533386,ok
quadrotor,odepe_v2_nopolish,0,quadrotor_1_0,,1,1.9720836985284298e-11,77,1.9720836985284298e-11,374.93335795402527,1.973849135141358e-11,1,1.973849135141358e-11,369.9275059700012,1.8579127307665672e-11,1,1.8579127307665672e-11,276.73036193847656,1.973849135141358e-11,92,1.973849135141358e-11,346.079952955246,6.242966071241784e-11,9,6.242966071241784e-11,386.8764669895172,ok
quadrotor,odepe_v2_nopolish,1em2,quadrotor_1_1em2,,1,0.03767543554928395,149,0.03767543554928395,419.6938261985779,0.06863667641708507,56,0.12673944012394123,549.5392329692841,0.03767543554929709,20,0.1267379085351503,454.4937720298767,0.03767543554929709,100,0.1267379085351503,522.0860288143158,0.07494747355040351,20,0.12673806086333114,541.9587640762329,ok
quadrotor,odepe_v2_nopolish,1em4,quadrotor_1_1em4,,1,0.0003509745415375955,156,0.0003509745415375955,362.1539149284363,0.0060710793507090886,7,0.0060710793507090886,358.0120749473572,0.0003532390998269361,20,0.006071079350979728,295.4899299144745,0.00035097454153522946,100,0.0060710793507090886,322.348512172699,0.0016666790052825866,20,0.0016666790052825866,375.14101815223694,ok
quadrotor,odepe_v2_nopolish,1em6,quadrotor_1_1em6,,1,1.4834535184948271e-05,145,1.4834535184948271e-05,352.726380109787,1.4834534931235008e-05,1,1.4834534931235008e-05,305.25322103500366,1.4834535193502448e-05,7,1.4834535193502448e-05,322.38474202156067,1.4834535193502448e-05,100,1.4834535193502448e-05,295.9523072242737,1.4834532684580416e-05,10,1.4834532684580416e-05,361.8091330528259,ok
quadrotor,odepe_v2_nopolish,1em8,quadrotor_1_1em8,,1,4.988900636866484e-07,87,4.988900636866484e-07,364.81418681144714,4.988905825794096e-07,1,4.988905825794096e-07,300.62752294540405,4.988905825794096e-07,1,4.988905825794096e-07,301.45133113861084,4.988905825794096e-07,77,4.988905825794096e-07,290.37376284599304,4.989177340844975e-07,7,4.989177340844975e-07,361.11100697517395,ok
quadrotor,odepe_v2_nopolish,0,quadrotor_2_0,,1,1.7842961505336714e-11,50,1.7842961505336714e-11,396.75530314445496,1.784142486447218e-11,1,1.784142486447218e-11,355.53086495399475,1.784142486447218e-11,1,1.784142486447218e-11,353.8461799621582,1.784142486447218e-11,55,1.784142486447218e-11,347.6951229572296,4.341608771842603e-11,3,4.341608771842603e-11,388.0408890247345,ok
quadrotor,odepe_v2_nopolish,1em2,quadrotor_2_1em2,,1,0.022518723065799034,127,0.022518723065799034,414.0965631008148,0.02251872306581299,45,0.060075230390281766,519.3687701225281,0.022518723065801084,20,0.06007523039026883,413.60772705078125,0.022518723065801084,100,0.06007523039026883,464.68417716026306,0.02251872306564473,20,0.060075230390186626,477.7841341495514,ok
quadrotor,odepe_v2_nopolish,1em4,quadrotor_2_1em4,,1,0.0009211586864930801,149,0.0009211586864930801,353.3083930015564,0.0020735370490659877,7,0.0020735370490659877,352.8790850639343,0.0009211894599679672,20,0.0020735370490659877,386.71894907951355,0.000921158686490519,100,0.002073766161916411,328.4310109615326,0.002073289599846866,20,0.002073289599846866,347.76008701324463,ok
quadrotor,odepe_v2_nopolish,1em6,quadrotor_2_1em6,,1,3.883580699918166e-05,177,3.883580699918166e-05,429.423476934433,5.7881364951812054e-05,1,5.7881364951812054e-05,413.0227949619293,5.7881364951812054e-05,6,5.7881364951812054e-05,413.82115507125854,3.883580699918166e-05,100,5.7881364951812054e-05,393.4819359779358,0.00011487577580456885,20,0.00011487577580456885,331.5877299308777,ok
quadrotor,odepe_v2_nopolish,1em8,quadrotor_2_1em8,,1,8.469017015455548e-07,73,8.469017015455548e-07,400.38965106010437,8.469017015455548e-07,1,8.469017015455548e-07,345.31878995895386,8.469017015455548e-07,1,8.469017015455548e-07,401.5282030105591,1.5775906391820698e-07,78,1.5775906391820698e-07,332.8015170097351,4.0864493642067753e-07,3,4.0864493642067753e-07,315.4539108276367,ok
quadrotor,odepe_v2_nopolish,0,quadrotor_3_0,,1,6.755133433372387e-11,54,6.755133433372387e-11,363.90455293655396,6.754070453880724e-11,1,6.754070453880724e-11,294.2608859539032,6.754070453880724e-11,1,6.754070453880724e-11,300.97077894210815,6.754070453880724e-11,58,6.754070453880724e-11,291.86521911621094,9.622647157309245e-11,2,9.622647157309245e-11,352.5055470466614,ok
quadrotor,odepe_v2_nopolish,1em2,quadrotor_3_1em2,,1,0.4386540363237923,129,0.4386540363237923,407.69000005722046,0.4386540363234502,57,0.8458067853026268,528.9508831501007,0.6954102885445126,20,0.8458067853027027,526.3653981685638,0.43865461596719546,100,0.8458067853027027,478.0331108570099,0.6954035615975965,20,0.845806785303278,529.8877990245819,ok
quadrotor,odepe_v2_nopolish,1em4,quadrotor_3_1em4,,1,0.00018406997041484234,128,0.00018406997041484234,360.2563810348511,0.000184070013967053,4,0.000184070013967053,316.5802888870239,0.000184070013967053,20,0.000184070013967053,382.13170409202576,0.00018406996955795525,100,0.00018406996955795525,345.7516219615936,0.00018406997011872394,20,0.00018406997011872394,390.5792419910431,ok
quadrotor,odepe_v2_nopolish,1em6,quadrotor_3_1em6,,1,1.8672389943765107e-05,145,1.8672389943765107e-05,363.7367990016937,2.2217401796222423e-05,1,2.2217401796222423e-05,281.886442899704,1.8300344369565444e-06,4,1.8300344369565444e-06,343.8631420135498,1.8300344369565444e-06,100,1.8300344369565444e-06,325.90440487861633,1.0262322269749546e-05,14,1.0262322269749546e-05,297.18416810035706,ok
quadrotor,odepe_v2_nopolish,1em8,quadrotor_3_1em8,,1,4.217130046722168e-06,96,4.217130046722168e-06,368.41534090042114,4.2167860191464065e-06,1,4.2167860191464065e-06,376.4866371154785,4.2167860191464065e-06,1,4.2167860191464065e-06,380.86655592918396,4.2167860191464065e-06,94,4.2167860191464065e-06,331.8422648906708,1.3580878584838485e-06,20,1.3580878584838485e-06,419.64714312553406,ok
quadrotor,odepe_v2_nopolish,0,quadrotor_4_0,,1,6.750239991463042e-12,74,6.750239991463042e-12,392.43519115448,8.329526061621122e-12,1,8.329526061621122e-12,268.3617010116577,8.329526061621122e-12,1,8.329526061621122e-12,263.9369430541992,6.750239991463042e-12,67,6.750239991463042e-12,306.0492219924927,6.135513553156921e-11,7,6.135513553156921e-11,297.0625810623169,ok
quadrotor,odepe_v2_nopolish,1em2,quadrotor_4_1em2,,1,0.028725325829848186,125,0.028725325829848186,395.3405718803406,0.03196546003289914,38,0.15031188530548947,540.6700930595398,0.031965460032919675,20,0.15031188238106996,551.0824499130249,0.028725325829848186,100,0.15031188238106996,493.03722310066223,0.03196546003312467,20,0.15031188527518438,542.5137450695038,ok
quadrotor,odepe_v2_nopolish,1em4,quadrotor_4_1em4,,1,0.0006439359686772724,149,0.0006439359686772724,379.1964428424835,0.0006439359686814487,4,0.0006439359686814487,377.46808791160583,0.0006439359686814487,20,0.0006439359686814487,381.24685502052307,0.0006439359686322022,100,0.0006439359686322022,333.81591796875,0.0006439359687893388,20,0.0006439359687893388,296.52850317955017,ok
quadrotor,odepe_v2_nopolish,1em6,quadrotor_4_1em6,,1,1.2740739794552871e-05,116,1.2740739794552871e-05,347.74814796447754,2.447840491537032e-05,1,2.447840491537032e-05,322.0229458808899,1.540140588173614e-05,4,1.540140588173614e-05,326.9701039791107,1.2740739794552871e-05,100,1.540140588173614e-05,309.01728415489197,2.4594133618027513e-05,7,2.4594133618027513e-05,350.40375900268555,ok
quadrotor,odepe_v2_nopolish,1em8,quadrotor_4_1em8,,1,1.828710126901335e-06,63,1.828710126901335e-06,375.88532614707947,1.8287103144907426e-06,1,1.8287103144907426e-06,293.62731099128723,1.8287103144907426e-06,1,1.8287103144907426e-06,303.09099102020264,1.8287103144907426e-06,54,1.8287103144907426e-06,308.9900450706482,4.9864458246937035e-06,5,4.9864458246937035e-06,303.58935594558716,ok
quadrotor,odepe_v2_nopolish,0,quadrotor_5_0,,1,2.7767360105834434e-11,66,2.7767360105834434e-11,358.8522369861603,2.7771546701039025e-11,1,2.7771546701039025e-11,292.3672788143158,1.3862281899649301e-11,1,1.3862281899649301e-11,286.9990539550781,2.7771546701039025e-11,67,2.7771546701039025e-11,275.9108319282532,9.430606268533934e-12,4,9.430606268533934e-12,385.86442399024963,ok
quadrotor,odepe_v2_nopolish,1em2,quadrotor_5_1em2,,1,0.02125003438695882,156,0.02125003438695882,373.40030217170715,0.03966628347847467,61,0.03966628347847467,544.8050260543823,0.02436138218393896,20,0.039669251150084836,541.7079901695251,0.02125003438695882,100,0.039669251150084836,491.88938307762146,0.039669915387597905,20,0.039669915387597905,515.3133230209351,ok
quadrotor,odepe_v2_nopolish,1em4,quadrotor_5_1em4,,1,0.00032564956766855047,144,0.00032564956766855047,337.46136379241943,0.0003932318301139113,1,0.0003932318301139113,312.2689299583435,0.0003932318301139113,20,0.0003932318301139113,362.37672996520996,0.00032564956767025614,100,0.0003932318302537746,312.30640983581543,0.00039323183325370265,16,0.00039323183325370265,372.7279019355774,ok
quadrotor,odepe_v2_nopolish,1em6,quadrotor_5_1em6,,1,1.3307798997473975e-05,136,1.3307798997473975e-05,342.96125197410583,0.00010251669909486275,1,0.00010251669909486275,304.10498309135437,9.826450272517463e-05,6,9.826450272517463e-05,299.82397198677063,5.533573225628813e-05,100,0.00010251669909486275,307.8873059749603,8.659820870914629e-05,8,8.659820870914629e-05,296.63328886032104,ok
quadrotor,odepe_v2_nopolish,1em8,quadrotor_5_1em8,,1,2.0090387779835167e-06,74,2.0090387779835167e-06,353.9169969558716,2.0090387773632803e-06,1,2.0090387773632803e-06,306.0680100917816,2.009038450653795e-06,1,2.009038450653795e-06,299.1693398952484,2.009038450653795e-06,71,2.009038450653795e-06,280.3952889442444,2.1620113257099202e-07,4,2.1620113257099202e-07,363.1434428691864,ok
quadrotor,odepe_v2_nopolish,0,quadrotor_6_0,,1,1.5148774623170768e-10,53,1.5148774623170768e-10,399.26503682136536,1.15468042696495e-11,1,1.15468042696495e-11,271.2140140533447,1.5148934891586396e-10,1,1.5148934891586396e-10,398.4987280368805,1.5148934891586396e-10,54,1.5148934891586396e-10,366.12097096443176,1.818696840838055e-10,1,1.818696840838055e-10,395.8950879573822,ok
quadrotor,odepe_v2_nopolish,1em2,quadrotor_6_1em2,,1,0.11832297563082421,130,0.11832297563082421,521.2891829013824,0.11832297563082365,35,0.3006469273060223,566.2295451164246,0.11832297563082421,20,0.3006360712658511,536.3775329589844,0.11832297563082421,100,0.3006360712658511,477.0812609195709,0.11832297563097025,20,0.30064067380831333,513.7273359298706,ok
quadrotor,odepe_v2_nopolish,1em4,quadrotor_6_1em4,,1,0.0005677206202144389,150,0.0005677206202144389,358.248144865036,0.0006237940128344594,4,0.0006237940128344594,365.7086248397827,0.0006237940128344594,20,0.0006237940128344594,376.8098850250244,0.0005677206207060258,100,0.0006344635608464001,344.72514486312866,0.0006130359607677485,20,0.0006130359607677485,365.9118239879608,ok
quadrotor,odepe_v2_nopolish,1em6,quadrotor_6_1em6,,1,2.0382258675536553e-05,154,2.0382258675536553e-05,369.2008979320526,2.3377265391631522e-05,1,2.3377265391631522e-05,317.2327890396118,2.337726598535315e-05,7,2.337726598535315e-05,329.61589789390564,2.0382258677576333e-05,100,2.3377265391631522e-05,319.3773410320282,1.1041104368051732e-05,14,1.1041104368051732e-05,316.498605966568,ok
quadrotor,odepe_v2_nopolish,1em8,quadrotor_6_1em8,,1,2.172650786314799e-07,62,2.172650786314799e-07,347.86201190948486,4.1871308549280005e-07,1,4.1871308549280005e-07,304.3270699977875,4.1871308549280005e-07,1,4.1871308549280005e-07,351.4106161594391,4.1871308549280005e-07,64,4.1871308549280005e-07,291.5535171031952,2.1726705211847051e-07,1,2.1726705211847051e-07,368.8897349834442,ok
quadrotor,odepe_v2_nopolish,0,quadrotor_7_0,,1,9.023249519702497e-11,60,9.023249519702497e-11,364.72698187828064,9.023249519702497e-11,1,9.023249519702497e-11,377.4550759792328,9.023249519702497e-11,1,9.023249519702497e-11,340.497624874115,9.023249519702497e-11,60,9.023249519702497e-11,339.6522490978241,2.838763909419858e-10,1,2.838763909419858e-10,321.86815309524536,ok
quadrotor,odepe_v2_nopolish,1em2,quadrotor_7_1em2,,1,0.06583495841490247,133,0.06583495841490247,506.81827092170715,0.08000638598937458,52,0.17046393927015419,513.6292181015015,0.06583495841490247,20,0.17047342863563322,493.0033140182495,0.06583495841490247,100,0.17047342863563322,506.7807960510254,0.08000640205440065,20,0.17046406808171027,491.5718870162964,ok
quadrotor,odepe_v2_nopolish,1em4,quadrotor_7_1em4,,1,0.0010503075699566033,154,0.0010503075699566033,358.7798480987549,0.0010489489533876462,7,0.0010489489533876462,368.5693390369415,0.001050307569952875,20,0.001050307569952875,317.7483620643616,0.0010489489533876462,100,0.0010489489533876462,307.8388738632202,0.0010508521362659381,20,0.0010508521362659381,388.9737651348114,ok
quadrotor,odepe_v2_nopolish,1em6,quadrotor_7_1em6,,1,1.4544669229789578e-05,170,1.4544669229789578e-05,430.71391582489014,4.831974367876474e-05,1,4.831974367876474e-05,337.8850848674774,4.831974367876474e-05,5,4.831974367876474e-05,368.302609205246,1.840094846208881e-05,100,4.831974367876474e-05,335.00648283958435,4.8942812519113806e-05,20,4.8942812519113806e-05,434.75945496559143,ok
quadrotor,odepe_v2_nopolish,1em8,quadrotor_7_1em8,,1,1.2785186161672289e-07,80,1.2785186161672289e-07,363.62232184410095,1.278518638476675e-07,1,1.278518638476675e-07,384.513552904129,7.584290654046384e-07,1,7.584290654046384e-07,332.38431215286255,7.584290654046384e-07,86,7.584290654046384e-07,295.408096075058,2.008867295027528e-06,1,2.008867295027528e-06,361.30616211891174,ok
quadrotor,odepe_v2_nopolish,0,quadrotor_8_0,,1,5.1306181525490047e-11,53,5.1306181525490047e-11,382.7832250595093,5.131630855983629e-11,1,5.131630855983629e-11,318.90831112861633,5.131630855983629e-11,1,5.131630855983629e-11,359.48237013816833,5.131630855983629e-11,54,5.131630855983629e-11,351.6448678970337,5.7258752294119364e-11,4,5.7258752294119364e-11,371.2950370311737,ok
quadrotor,odepe_v2_nopolish,1em2,quadrotor_8_1em2,,1,0.2517041749664477,147,0.2517041749664477,594.456533908844,0.3450681791625152,53,0.5310752019870554,555.0110759735107,0.34506817916254096,20,0.5310731114896788,548.9806940555573,0.2517041749664477,100,0.5310731114896788,500.1740520000458,0.3450681791625917,20,0.5310711044915738,531.1049649715424,ok
quadrotor,odepe_v2_nopolish,1em4,quadrotor_8_1em4,,1,0.000606394729870879,151,0.000606394729870879,374.664213180542,0.0006063947298192437,7,0.0006063947298192437,312.99873399734497,0.0006063947298791307,20,0.0006063947298791307,335.68978786468506,0.0006063947298192437,100,0.0006063947298192437,332.67311787605286,0.0006063947306894185,20,0.0006063947306894185,346.35664796829224,ok
quadrotor,odepe_v2_nopolish,1em6,quadrotor_8_1em6,,1,2.1106049362738416e-05,168,2.1106049362738416e-05,381.39054799079895,0.00012232974948877295,1,0.00012232974948877295,328.57756900787354,0.00020367059314324836,10,0.00020367059314324836,352.79483914375305,3.6790919313991663e-05,100,0.00020367059314324836,305.7971329689026,0.000191802731607523,20,0.000191802731607523,377.3422119617462,ok
quadrotor,odepe_v2_nopolish,1em8,quadrotor_8_1em8,,1,5.401071235650984e-06,79,5.401071235650984e-06,363.68613505363464,5.401071251404149e-06,1,5.401071251404149e-06,312.48853397369385,4.561957012350271e-06,1,4.561957012350271e-06,307.11774921417236,4.561957012350271e-06,90,4.561957012350271e-06,290.4494819641113,5.176365280356643e-06,10,5.176365280356643e-06,319.4524199962616,ok
quadrotor,odepe_v2_nopolish,0,quadrotor_9_0,,1,3.263130506544106e-10,54,3.263130506544106e-10,373.0290539264679,3.263067471903513e-10,1,3.263067471903513e-10,321.30053305625916,2.719662102361571e-10,1,2.719662102361571e-10,291.7134790420532,3.263067471903513e-10,53,3.263067471903513e-10,333.1115298271179,3.896938606536039e-13,1,3.896938606536039e-13,304.25769114494324,ok
quadrotor,odepe_v2_nopolish,1em2,quadrotor_9_1em2,,1,0.04160244513066741,125,0.04160244513066741,605.2234289646149,0.04160241245045739,52,0.16152770362564667,541.2756180763245,0.04160244513066741,20,0.1615277534455871,533.8438749313354,0.04160244513066741,100,0.1615277534455871,490.01034712791443,0.04160244108880941,20,0.16152774042089404,517.6763508319855,ok
quadrotor,odepe_v2_nopolish,1em4,quadrotor_9_1em4,,1,0.0016376124322406457,144,0.0016376124322406457,364.77010703086853,0.014650334418559648,8,0.014650334418559648,364.33354687690735,0.0016376124322409278,20,0.014659332141072578,319.19779682159424,0.0016376124322409278,100,0.014659332141072578,338.73548913002014,0.014658977074570126,20,0.014658977074570126,338.98909306526184,ok
quadrotor,odepe_v2_nopolish,1em6,quadrotor_9_1em6,,1,2.7560867149499942e-05,142,2.7560867149499942e-05,365.957172870636,3.670886147619448e-05,1,3.670886147619448e-05,343.46056389808655,3.670886147619448e-05,9,3.670886147619448e-05,348.0175380706787,1.5420157673543345e-05,100,1.5420157673543345e-05,296.55311584472656,9.443437093353883e-05,17,9.443437093353883e-05,307.7584810256958,ok
quadrotor,odepe_v2_nopolish,1em8,quadrotor_9_1em8,,1,5.556702401832228e-07,76,5.556702401832228e-07,374.2651951313019,5.556702430299485e-07,1,5.556702430299485e-07,372.83734917640686,2.0375758508197267e-07,1,2.0375758508197267e-07,324.7078139781952,5.556702430299485e-07,79,5.556702430299485e-07,361.8876750469208,5.55677464766385e-07,1,5.55677464766385e-07,374.9283330440521,ok
repressilator,odepe_v2_nopolish,0,repressilator_0_0,,1,3.0320868403420073e-10,588,3.0320868403420073e-10,1139.2593698501587,3.3617240446769563e-10,1,3.3617240446769563e-10,2738.914151906967,7.402933248155192e-11,1,7.402933248155192e-11,1783.8434619903564,7.402933248155192e-11,100,7.402933248155192e-11,1773.9676101207733,7.402933248155192e-11,20,7.402933248155192e-11,1833.3441169261932,ok
repressilator,odepe_v2_nopolish,1em2,repressilator_0_1em2,,1,0.15213861994713787,495,0.15213861994713787,1476.2168560028076,0.1521386199469222,75,0.4371327781778183,3298.5878970623016,0.15213861994714034,20,0.4371327781780036,3557.0788340568542,0.15213861994714034,100,0.4371327781780036,3325.425336122513,0.1521386199469222,20,0.4371327781778183,3205.91242480278,ok
repressilator,odepe_v2_nopolish,1em4,repressilator_0_1em4,,1,0.0033002627788902266,489,0.0033002627788902266,1238.9943709373474,0.01064176075065503,45,0.01064176075065503,3034.806233882904,0.0033002627790695302,20,0.010641743890071156,2012.2472381591797,0.0033002627790695302,100,0.010641743890071156,2083.0095410346985,0.01064176075065503,20,0.01064176075065503,2982.7559180259705,ok
repressilator,odepe_v2_nopolish,1em6,repressilator_0_1em6,,1,0.00027676267633798746,688,0.00027676267633798746,1575.726949930191,0.00040554066771084725,3,0.00040554066771084725,2912.826700925827,0.0004693021137750582,20,0.0004693021137750582,2198.178363800049,0.00044607470556143715,100,0.0004693021137750582,2145.103485107422,0.0004693021137750582,20,0.0004693021137750582,2114.5500860214233,ok
repressilator,odepe_v2_nopolish,1em8,repressilator_0_1em8,,1,2.434586254140471e-05,676,2.434586254140471e-05,1207.5173869132996,2.4345862538668244e-05,1,2.4345862538668244e-05,2826.4529881477356,2.4345862538668244e-05,10,2.4345862538668244e-05,2838.9816749095917,5.706160672034573e-06,100,5.706160672034573e-06,1917.0036971569061,2.4345862538668244e-05,20,2.4345862538668244e-05,2605.9245750904083,ok
repressilator,odepe_v2_nopolish,0,repressilator_1_0,,1,2.1767191765398208e-11,527,2.1767191765398208e-11,1541.591206073761,1.5119873498845605e-11,1,1.5119873498845605e-11,2336.5256311893463,1.5119873498845605e-11,1,1.5119873498845605e-11,2395.510640144348,1.5119873498845605e-11,100,1.5119873498845605e-11,2503.97718000412,2.176643393398208e-11,20,2.176643393398208e-11,3250.636152982712,ok
repressilator,odepe_v2_nopolish,1em2,repressilator_1_1em2,,1,0.06860814552430096,486,0.06860814552430096,2206.356271982193,0.06846500313464406,102,0.16376175544378532,3289.10800409317,0.06846500313464406,20,0.16376175544378532,2748.154524087906,0.06860814552430118,100,0.16376175544362542,3440.223608970642,0.06846500313464406,20,0.16376175544378532,3170.060742855072,ok
repressilator,odepe_v2_nopolish,1em4,repressilator_1_1em4,,1,0.0010231753133451303,558,0.0010231753133451303,1508.7850461006165,0.0010231753133451303,44,0.0010231753133451303,3063.431441783905,0.0010231753133451303,20,0.0010231753133451303,3111.2970809936523,0.002290898641249558,100,0.011255982586801576,2325.292186975479,0.0010231753133451303,20,0.0010231753133451303,3139.6101019382477,ok
repressilator,odepe_v2_nopolish,1em6,repressilator_1_1em6,,1,9.5105619393127e-05,617,9.5105619393127e-05,1789.7887680530548,0.00017962105706041903,2,0.00017962105706041903,3114.0931758880615,0.00011879950212267234,20,0.00011879950212267234,2858.1356570720673,0.00011879950212267234,100,0.00011879950212267234,2683.4102640151978,0.00017962105706041903,20,0.00017962105706041903,3033.1673080921173,ok
repressilator,odepe_v2_nopolish,1em8,repressilator_1_1em8,,1,1.2606225381714613e-05,608,1.2606225381714613e-05,1617.756059885025,1.1646670595899977e-05,1,1.1646670595899977e-05,3164.214807987213,1.1646670595899977e-05,2,1.1646670595899977e-05,3433.601324081421,1.1646670595899977e-05,100,1.1646670595899977e-05,3356.7148468494415,1.1646670595899977e-05,20,1.1646670595899977e-05,3013.2088298797607,ok
repressilator,odepe_v2_nopolish,0,repressilator_2_0,,1,4.654074396825579e-11,460,4.654074396825579e-11,1457.5705699920654,4.654106859487118e-11,1,4.654106859487118e-11,3414.1609139442444,4.418363011392735e-11,1,4.418363011392735e-11,2461.1446158885956,4.418363011392735e-11,100,4.418363011392735e-11,2589.3630599975586,4.654106859487118e-11,20,4.654106859487118e-11,3419.6762499809265,ok
repressilator,odepe_v2_nopolish,1em2,repressilator_2_1em2,,1,0.09061399263384941,493,0.09061399263384941,2376.475301027298,0.09061399263382226,121,0.17005986206581836,3334.1814379692078,0.10518367827933921,20,0.17005986206581836,2684.625622987747,0.09061399263384941,100,0.17005986206564694,3636.2502579689026,0.0981695960429342,20,0.17005986206581836,3140.1434280872345,ok
repressilator,odepe_v2_nopolish,1em4,repressilator_2_1em4,,1,0.0014578451825722595,494,0.0014578451825722595,1461.6007578372955,0.002048459437505205,16,0.002048459437505205,2810.814290046692,0.001550025772962588,20,0.0020484594374987125,2284.503718852997,0.0014578451825722595,100,0.002048459437505205,2455.803896188736,0.0020484594374987125,20,0.0020484594374987125,2311.524755001068,ok
repressilator,odepe_v2_nopolish,1em6,repressilator_2_1em6,,1,7.023501656030965e-05,680,7.023501656030965e-05,1320.7157678604126,0.00018707534989406124,1,0.00018707534989406124,3256.357532978058,0.00018707534989406124,20,0.00018707534989406124,3525.832513809204,7.023501656195239e-05,100,0.00018707534927613447,2870.0915520191193,0.00018707534927613447,20,0.00018707534927613447,2684.62584900856,ok
repressilator,odepe_v2_nopolish,1em8,repressilator_2_1em8,,1,1.0131026362205108e-05,551,1.0131026362205108e-05,1551.617959022522,1.0131025021984127e-05,1,1.0131025021984127e-05,2396.8550040721893,1.013102636074429e-05,4,1.013102636074429e-05,3335.855190038681,1.0131025021984127e-05,100,1.0131025021984127e-05,2589.590345144272,1.013102636074429e-05,20,1.013102636074429e-05,3400.110456943512,ok
repressilator,odepe_v2_nopolish,0,repressilator_3_0,,1,1.2515789017817852e-10,579,1.2515789017817852e-10,1596.653137922287,1.2515789017817852e-10,1,1.2515789017817852e-10,3157.82670712471,2.2468412589993489e-10,1,2.2468412589993489e-10,2141.56542301178,2.2468412589993489e-10,100,2.2468412589993489e-10,2260.1443569660187,1.2515789017817852e-10,20,1.2515789017817852e-10,3159.0022609233856,ok
repressilator,odepe_v2_nopolish,1em2,repressilator_3_1em2,,1,0.0169659372130185,478,0.0169659372130185,2376.162018060684,0.016965937213000413,87,0.016965937213000413,3449.324970960617,0.0169659372130185,20,0.0169659372130185,3680.446686029434,0.0169659372130185,100,0.0169659372130185,3599.2546010017395,0.016965937213000413,20,0.016965937213000413,3579.990676164627,ok
repressilator,odepe_v2_nopolish,1em4,repressilator_3_1em4,,1,0.005225941967453447,494,0.005225941967453447,1761.8540749549866,0.005225941967459272,35,0.005225941967459272,3356.039715051651,0.005225941967332487,20,0.005225941967332487,2526.627005815506,0.005225941967332487,100,0.005225941967332487,2854.1228008270264,0.005225941967332487,20,0.005225941967332487,2593.6486189365387,ok
repressilator,odepe_v2_nopolish,1em6,repressilator_3_1em6,,1,0.00012011270764608651,629,0.00012011270764608651,1892.564001083374,0.00012011270764283122,3,0.00012011270764283122,3438.120316028595,0.00012011270788526419,20,0.00012011270788526419,2625.0019669532776,0.00012011270788526419,100,0.00012011270788526419,2662.747272014618,0.00012011270764283122,20,0.00012011270764283122,3392.677989959717,ok
repressilator,odepe_v2_nopolish,1em8,repressilator_3_1em8,,1,1.1584089281948785e-05,636,1.1584089281948785e-05,1702.5442340373993,6.700875543227855e-06,1,6.700875543227855e-06,2982.633584022522,1.0645501243896667e-05,1,1.0645501243896667e-05,2262.8518748283386,1.0645501243896667e-05,100,1.0645501243896667e-05,2251.2136719226837,6.700875543227855e-06,20,6.700875543227855e-06,3000.0667250156403,ok
repressilator,odepe_v2_nopolish,0,repressilator_4_0,,1,1.1635615456036486e-10,481,1.1635615456036486e-10,1518.329041004181,1.1635480974108873e-10,1,1.1635480974108873e-10,3236.636729001999,1.1635480974108873e-10,1,1.1635480974108873e-10,3012.746214866638,1.1921538976577568e-10,100,1.1921538976577568e-10,2359.600322008133,1.1635480974108873e-10,20,1.1635480974108873e-10,3238.8562150001526,ok
repressilator,odepe_v2_nopolish,1em2,repressilator_4_1em2,,1,0.11767562132230529,488,0.11767562132230529,2119.170032978058,0.11767518842666035,117,0.2707773265223176,3414.161188840866,0.11767562132230529,20,0.27077205730276027,3584.053393125534,0.11767562132230529,100,0.27077205730276027,3403.1663360595703,0.11767562132230529,20,0.27077205730276027,3941.828629016876,ok
repressilator,odepe_v2_nopolish,1em4,repressilator_4_1em4,,1,0.002768765420864557,562,0.002768765420864557,1058.9603650569916,0.0027687654208699243,13,0.0027687654208699243,2927.387820005417,0.0027687654208699243,20,0.0027687654208699243,3019.4595651626587,0.002768765420864557,100,0.002768765420864557,2602.8900129795074,0.0027687654208699243,20,0.0027687654208699243,2802.9907290935516,ok
repressilator,odepe_v2_nopolish,1em6,repressilator_4_1em6,,1,0.000126700596355964,695,0.000126700596355964,1642.8038330078125,0.00012670059634520547,1,0.00012670059634520547,3122.899917125702,0.00012670059634520547,20,0.00012670059634520547,3340.5321769714355,0.00010832961871314713,100,0.00012670059637269956,2711.356456041336,0.00012670059634520547,20,0.00012670059634520547,3379.633949995041,ok
repressilator,odepe_v2_nopolish,1em8,repressilator_4_1em8,,1,2.0359420731482703e-05,594,2.0359420731482703e-05,1630.8481941223145,1.0533471151248889e-05,1,1.0533471151248889e-05,2378.0115990638733,1.0088054875081964e-05,3,1.0088054875081964e-05,3307.52321600914,1.0533471151248889e-05,100,1.0533471151248889e-05,2485.5356719493866,1.0088054875081964e-05,20,1.0088054875081964e-05,3114.0844848155975,ok
repressilator,odepe_v2_nopolish,0,repressilator_5_0,,1,3.479619809984682e-12,556,3.479619809984682e-12,1758.4030530452728,3.479619809984682e-12,1,3.479619809984682e-12,2963.9789719581604,3.479619809984682e-12,1,3.479619809984682e-12,2687.578866004944,5.653288823648571e-12,100,5.653288823648571e-12,1962.6469991207123,5.653288823648571e-12,20,5.653288823648571e-12,1936.4098000526428,ok
repressilator,odepe_v2_nopolish,1em2,repressilator_5_1em2,,1,0.04365603854331431,420,0.04365603854331431,2091.1581909656525,0.04365603854329381,65,0.04365603854329381,3366.7490758895874,0.043656038543315755,20,0.043656038543315755,3583.567158937454,0.043656038543315755,100,0.043656038543315755,3474.333950996399,0.043656038543315755,20,0.043656038543315755,4149.217401027679,ok
repressilator,odepe_v2_nopolish,1em4,repressilator_5_1em4,,1,0.0020042033657012475,490,0.0020042033657012475,1805.8877079486847,0.0027385661053790826,29,0.0027385661053790826,2622.007887840271,0.002004203365699866,20,0.00273856610524886,2069.4930851459503,0.002004203365699866,100,0.00273856610524886,2203.8675649166107,0.0027385661053790826,20,0.0027385661053790826,2942.4023139476776,ok
repressilator,odepe_v2_nopolish,1em6,repressilator_5_1em6,,1,2.321403879280395e-05,587,2.321403879280395e-05,1924.2033298015594,2.321403879252743e-05,1,2.321403879252743e-05,3189.0636789798737,2.321403838521522e-05,17,2.321403838521522e-05,2308.1234488487244,2.321403879252743e-05,100,2.321403879252743e-05,2800.1714079380035,2.321403879252743e-05,20,2.321403879252743e-05,3207.2618539333344,ok
repressilator,odepe_v2_nopolish,1em8,repressilator_5_1em8,,1,6.047430337042425e-06,672,6.047430337042425e-06,1991.8335890769958,6.047430337180684e-06,1,6.047430337180684e-06,2879.070126056671,1.5611952322166164e-05,7,1.5611952322166164e-05,2227.165645122528,1.5611952322166164e-05,100,1.5611952322166164e-05,2308.9871909618378,6.047430337180684e-06,20,6.047430337180684e-06,3213.8526380062103,ok
repressilator,odepe_v2_nopolish,0,repressilator_6_0,,1,2.2580737005879948e-10,459,2.2580737005879948e-10,1124.6227390766144,2.2554780402757922e-10,1,2.2554780402757922e-10,2593.854313135147,1.2806299837119713e-11,1,1.2806299837119713e-11,1953.9259688854218,1.2806299837119713e-11,100,1.2806299837119713e-11,2082.9663050174713,2.2554780402757922e-10,20,2.2554780402757922e-10,2699.8360409736633,ok
repressilator,odepe_v2_nopolish,1em2,repressilator_6_1em2,,1,0.15227381184558147,418,0.15227381184558147,1506.8777740001678,0.15230627347133607,146,1.0963140290248312,2603.3343110084534,0.3359371791018081,20,1.0963140290252267,2644.913305044174,0.15227381184558147,100,1.0963140290252267,2405.5906920433044,0.3359371791015119,20,1.0963140290248312,2607.7558178901672,ok
repressilator,odepe_v2_nopolish,1em4,repressilator_6_1em4,,1,0.005774434202922302,426,0.005774434202922302,1058.9510309696198,0.006646669901730863,51,0.006646669901730863,2257.535477876663,0.00422262022918631,20,0.006289729457822047,1872.1820468902588,0.00422262022918631,100,0.006289729457822047,1957.6822299957275,0.006289729457822047,20,0.006289729457822047,2118.2043929100037,ok
repressilator,odepe_v2_nopolish,1em6,repressilator_6_1em6,,1,0.00026563028248427625,671,0.00026563028248427625,1186.6460280418396,0.0005010211928691068,2,0.0005010211928691068,2071.476522922516,0.0005010211932641954,20,0.0005010211932641954,2808.742840051651,0.00026563028248427625,100,0.0005010211928691068,2199.5422608852386,0.0005010211932641954,20,0.0005010211932641954,2661.867814064026,ok
repressilator,odepe_v2_nopolish,1em8,repressilator_6_1em8,,1,2.3812148596374858e-05,547,2.3812148596374858e-05,965.9732570648193,4.6813328597317536e-05,1,4.6813328597317536e-05,2509.884449005127,4.6813328597317536e-05,14,4.6813328597317536e-05,2694.8612570762634,3.098198561670072e-05,100,0.00012965610325380668,2111.4363598823547,0.00012965610325380668,20,0.00012965610325380668,2239.1593239307404,ok
repressilator,odepe_v2_nopolish,0,repressilator_7_0,,1,1.3414107431668315e-10,559,1.3414107431668315e-10,1387.772659778595,1.3414209913793665e-10,1,1.3414209913793665e-10,2625.3034188747406,1.3414209913793665e-10,1,1.3414209913793665e-10,2534.78776884079,1.3414209913793665e-10,100,1.3414209913793665e-10,2320.775708913803,1.4131413987701516e-10,20,1.4131413987701516e-10,1863.979126214981,ok
repressilator,odepe_v2_nopolish,1em2,repressilator_7_1em2,,1,0.04919116641090421,472,0.04919116641090421,2101.2624599933624,0.08693052097274419,88,0.0882664214122612,3190.888006925583,0.0491911664108986,20,0.08826642141225458,3334.948641061783,0.0491911664108986,100,0.08826642141225458,3170.814035177231,0.08693052097274419,20,0.0882664214122612,3162.0215380191803,ok
repressilator,odepe_v2_nopolish,1em4,repressilator_7_1em4,,1,0.001800492026941018,488,0.001800492026941018,1266.7329959869385,0.0031188278446535856,18,0.0031188278446535856,2580.2058539390564,0.0018004920271718398,20,0.006413594681298036,2042.4643881320953,0.0018004920271718398,100,0.006413594681298036,2141.5717680454254,0.006413594681298036,20,0.006413594681298036,2296.6290769577026,ok
repressilator,odepe_v2_nopolish,1em6,repressilator_7_1em6,,1,4.24201900718944e-05,648,4.24201900718944e-05,1201.9880139827728,4.242019049241272e-05,1,4.242019049241272e-05,2846.8272330760956,7.67107353377278e-05,20,7.67107353377278e-05,2083.639382123947,4.242019006847833e-05,100,7.67107353377278e-05,2094.665951013565,4.242019049241272e-05,20,4.242019049241272e-05,2829.226827144623,ok
repressilator,odepe_v2_nopolish,1em8,repressilator_7_1em8,,1,4.726619970649373e-05,652,4.726619970649373e-05,1418.5331897735596,6.495345198296822e-05,1,6.495345198296822e-05,2724.2170600891113,2.4198478006003216e-05,12,2.4198478006003216e-05,2108.5048508644104,1.93999890237648e-05,100,2.4198478006003216e-05,2119.8932659626007,6.495345198296822e-05,20,6.495345198296822e-05,2774.586823940277,ok
repressilator,odepe_v2_nopolish,0,repressilator_8_0,,1,7.230584784333994e-11,581,7.230584784333994e-11,1620.3621168136597,7.229334864372495e-11,1,7.229334864372495e-11,2712.3017020225525,7.229334864372495e-11,1,7.229334864372495e-11,2763.952667951584,2.571986038421772e-11,100,2.571986038421772e-11,2099.8324570655823,7.229334864372495e-11,20,7.229334864372495e-11,3046.548728942871,ok
repressilator,odepe_v2_nopolish,1em2,repressilator_8_1em2,,1,0.10655371259356072,479,0.10655371259356072,2341.8683631420135,0.106553712593653,91,0.106553712593653,3494.566169023514,0.10655371259355925,20,0.10655371259355925,3975.482041120529,0.10655371259355925,100,0.10655371259355925,3644.5555369853973,0.106553712593653,20,0.106553712593653,3306.045608997345,ok
repressilator,odepe_v2_nopolish,1em4,repressilator_8_1em4,,1,0.005856637789307105,473,0.005856637789307105,1772.1189050674438,0.007146688285139517,48,0.007146688285139517,3298.770570039749,0.005856637789306905,20,0.007146688285139517,3322.407119989395,0.005856637789259581,100,0.007146688285429572,2765.470777988434,0.007146688285139517,20,0.007146688285139517,2869.8882269859314,ok
repressilator,odepe_v2_nopolish,1em6,repressilator_8_1em6,,1,4.9827913065409734e-05,660,4.9827913065409734e-05,1509.3624861240387,8.874194464626664e-05,1,8.874194464626664e-05,3252.6741280555725,8.87419444659473e-05,20,8.87419444659473e-05,2544.468388080597,4.9827913066408135e-05,100,8.87419444659473e-05,2468.1834559440613,8.87419444659473e-05,20,8.87419444659473e-05,2286.2805461883545,ok
repressilator,odepe_v2_nopolish,1em8,repressilator_8_1em8,,1,1.6414193570960702e-05,649,1.6414193570960702e-05,1795.9978330135345,2.0986292576809607e-05,1,2.0986292576809607e-05,3037.4070649147034,2.098629544960359e-05,20,2.098629544960359e-05,1908.6065731048584,2.098629544960359e-05,100,2.098629544960359e-05,1964.9284858703613,2.098629544960359e-05,20,2.098629544960359e-05,2002.7303829193115,ok
repressilator,odepe_v2_nopolish,0,repressilator_9_0,,1,4.755554239169788e-12,523,4.755554239169788e-12,1701.453530073166,4.755554239169788e-12,1,4.755554239169788e-12,3518.816934108734,3.2407231978162656e-12,1,3.2407231978162656e-12,2454.6788120269775,3.2407231978162656e-12,100,3.2407231978162656e-12,2604.013015985489,4.755554239169788e-12,20,4.755554239169788e-12,3527.74093914032,ok
repressilator,odepe_v2_nopolish,1em2,repressilator_9_1em2,,1,0.10687241626554347,481,0.10687241626554347,2340.5720269680023,0.10687241626554426,102,0.13948442592330157,3518.4027330875397,0.10687241626552864,20,0.13948442592332383,2681.919033050537,0.10687241626554426,100,0.13948442592330157,3483.5592868328094,0.10855232373423461,20,0.13948442592332383,3236.984026193619,ok
repressilator,odepe_v2_nopolish,1em4,repressilator_9_1em4,,1,0.0025260374586732397,494,0.0025260374586732397,1723.5669660568237,0.0025260374586732397,14,0.0025260374586732397,3307.633705854416,0.0025260374586732397,20,0.0025260374586732397,3269.8136389255524,0.0025383347236691807,100,0.0025383347236691807,2524.8981149196625,0.0025260374586732397,20,0.0025260374586732397,3131.6300098896027,ok
repressilator,odepe_v2_nopolish,1em6,repressilator_9_1em6,,1,8.256727942207116e-05,660,8.256727942207116e-05,2007.8478128910065,8.256727943824954e-05,1,8.256727943824954e-05,3708.2603619098663,8.256727943824954e-05,20,8.256727943824954e-05,3692.1952650547028,7.591947407566471e-05,100,8.256727930451814e-05,2826.931349992752,8.256727943824954e-05,20,8.256727943824954e-05,3733.124146938324,ok
repressilator,odepe_v2_nopolish,1em8,repressilator_9_1em8,,1,3.0314297101952757e-06,616,3.0314297101952757e-06,1402.9361810684204,1.8738137164458064e-05,1,1.8738137164458064e-05,3590.977653026581,1.8140360724256586e-05,1,1.8140360724256586e-05,2724.1148431301117,1.8140360724256586e-05,100,1.8140360724256586e-05,2595.225441932678,1.8140360724256586e-05,20,1.8140360724256586e-05,2676.535115003586,ok
seir,odepe_v2_nopolish,0,seir_0_0,,2,2.050631457774108e-09,772,2.050631457774108e-09,949.9185910224915,2.03031087876963e-09,2,2.03031087876963e-09,722.7182610034943,2.050631796256738e-09,2,2.050631796256738e-09,1637.5239629745483,2.050631796256738e-09,100,2.050631796256738e-09,1195.8486189842224,1.640752235973283e-09,20,1.640752235973283e-09,1372.907676935196,ok
seir,odepe_v2_nopolish,1em2,seir_0_1em2,,2,0.2669533289347471,431,0.2669533289347471,1214.6246819496155,0.2669533282166358,248,1.4610125179469236,1160.4469420909882,0.2669533834108824,20,1.4603818596705183,1841.8223679065704,0.2669533834108824,100,1.4603818596705183,1595.133614063263,0.2669552532736119,20,1.4605866846746873,1819.6644430160522,ok
seir,odepe_v2_nopolish,1em4,seir_0_1em4,,2,0.1277976359930424,662,0.1277976359930424,1484.5660750865936,0.14297882860850555,75,0.24193816861996356,1803.139428138733,0.24193816861996356,20,0.24193816861996356,2322.4341909885406,0.12780312083072828,100,0.2419381686113889,1158.7256801128387,0.3391001887240008,20,0.6099155041428553,2267.8835759162903,ok
seir,odepe_v2_nopolish,1em6,seir_0_1em6,,2,0.0027404354312605523,903,0.0027404354312605523,1648.9878969192505,0.005346447795248283,35,0.005346447795248283,2477.902287006378,0.005306980620010193,20,0.005306980620010193,1207.6278500556946,0.002740435431259311,100,0.005346447795248283,2334.1566109657288,0.00607742769494461,20,0.061161445093765886,1120.073895931244,ok
seir,odepe_v2_nopolish,1em8,seir_0_1em8,,2,5.560145314097242e-05,783,5.560145314097242e-05,1235.6306898593903,0.00043968135170337804,8,0.00043968135170337804,1422.2571799755096,0.0002315716222187724,20,0.00043968135170337804,1785.8801970481873,5.5601336934135125e-05,100,0.0004396813337043386,917.2837340831757,0.0004396813683974542,20,0.0004396813683974542,1645.1113240718842,ok
seir,odepe_v2_nopolish,0,seir_1_0,,2,2.2347083238381485e-07,639,2.2347083238381485e-07,1589.970736026764,2.245244585871933e-07,2,2.245244585871933e-07,710.185741186142,2.2347083238381485e-07,2,2.2347083238381485e-07,1489.042219877243,2.245244585871933e-07,100,2.245244585871933e-07,747.1481921672821,8.764415881080422e-07,20,8.764415881080422e-07,770.1628229618073,ok
seir,odepe_v2_nopolish,1em2,seir_1_1em2,,2,1.493851699480431,785,1.493851699480431,1480.131488084793,1.493851699480431,557,73.36529110753798,1292.618490934372,12.675454710983978,20,73.28757226545964,1310.288642168045,2.172382989241062,100,73.28757226545964,1348.1082141399384,2.176416649794455,20,12.675454710984233,1426.3110511302948,ok
seir,odepe_v2_nopolish,1em4,seir_1_1em4,,2,0.1173695520144924,665,0.1173695520144924,1960.8695368766785,0.1173695520144924,233,0.1173695520144924,1993.7834749221802,0.1173695520144924,20,0.1173695520144924,1979.0134618282318,0.11736955196476441,100,0.11736955196476441,954.9304029941559,0.11736955167991188,20,0.11736955167991188,1919.3760120868683,ok
seir,odepe_v2_nopolish,1em6,seir_1_1em6,,2,0.00528839380013298,840,0.00528839380013298,1697.524405002594,0.025619727829748355,45,0.025619727829748355,1407.9848659038544,0.025619728298753135,20,0.025619728298753135,984.0560920238495,0.0102414154564057,100,0.025619728298753135,966.5687010288239,0.025619727338884863,20,0.025619727338884863,1388.0103750228882,ok
seir,odepe_v2_nopolish,1em8,seir_1_1em8,,2,0.0015526792239571436,721,0.0015526792239571436,1929.1469979286194,0.01033918268635733,20,0.01033918268635733,2026.358214855194,0.0017011184282322844,20,0.01033918268635733,2009.6278200149536,0.0015526792239571436,100,0.01033918268635733,1957.1547300815582,0.010339185356295185,20,0.010339185356295185,991.6210989952087,ok
seir,odepe_v2_nopolish,0,seir_2_0,,2,8.220055930893839e-09,872,8.220055930893839e-09,2412.428025007248,8.220067312676646e-09,2,8.220067312676646e-09,1614.8925540447235,8.003798862685666e-09,2,8.003798862685666e-09,1143.8572120666504,8.220067312676646e-09,100,8.220067312676646e-09,1531.8286437988281,8.300030127623271e-09,20,8.300030127623271e-09,2435.7749178409576,ok
seir,odepe_v2_nopolish,1em2,seir_2_1em2,,2,0.3766678798347322,632,0.3766678798347322,2473.501207113266,0.3766678785142204,289,1.8785870836675604,1460.6436839103699,1.1966384147411944,20,1.8785870836675604,1128.915587902069,0.37666787983473266,100,1.8785870836674985,1978.879459142685,1.1574124870232514,20,1.8785870836664718,2417.906491994858,ok
seir,odepe_v2_nopolish,1em4,seir_2_1em4,,2,0.30467979774629,662,0.30467979774629,3211.704241037369,0.30467979774627585,199,1.033358723790886,2417.252664089203,0.47972706163914813,20,1.033358723790886,3219.2659130096436,0.30467979774627585,100,1.033358723790886,2277.5668869018555,0.30239149272156074,20,1.032012665622098,3119.9600229263306,ok
seir,odepe_v2_nopolish,1em6,seir_2_1em6,,2,0.002827345506979565,776,0.002827345506979565,1599.5603649616241,0.0094470893016905,50,0.09786458288434516,2522.47736787796,0.007234749469159642,20,0.10768312721472965,1500.3199841976166,0.0025227764037133063,100,0.10768312721472965,1383.9026148319244,0.009447089260591082,20,0.07658141205763704,2812.5121228694916,ok
seir,odepe_v2_nopolish,1em8,seir_2_1em8,,2,6.827334238435046e-05,981,6.827334238435046e-05,2564.2381179332733,0.0001048652417802732,6,0.0001048652417802732,1771.7310240268707,0.0001048652417802732,20,0.0001048652417802732,2577.05996799469,6.832742433584704e-05,100,0.0001048652417802732,2529.091723918915,0.00010486521749274677,20,0.00010486521749274677,2552.710869073868,ok
seir,odepe_v2_nopolish,0,seir_3_0,,2,5.318094210618609e-09,763,5.318094210618609e-09,2414.5154609680176,5.318094210618609e-09,2,5.318094210618609e-09,1698.0082800388336,5.318094210618609e-09,2,5.318094210618609e-09,2465.2674927711487,8.462153346465659e-09,100,8.462153346465659e-09,1180.9365360736847,8.736587622939029e-09,20,8.736587622939029e-09,2450.099468946457,ok
seir,odepe_v2_nopolish,1em2,seir_3_1em2,,2,0.08571638100415377,636,0.08571638100415377,2318.6543860435486,0.08571638100413335,338,1.265914306131585,1411.1124939918518,0.14189169072639954,20,1.2659143061323086,2113.5456528663635,0.08571638100415377,100,1.2659143061323086,1916.6579580307007,0.141892087179575,20,1.2659143061331528,2108.402922153473,ok
seir,odepe_v2_nopolish,1em4,seir_3_1em4,,2,0.04819574352524006,568,0.04819574352524006,1440.2052369117737,0.04819574352498573,67,0.3568278268544511,2573.0399510860443,0.2786318151791056,20,0.3605181993155105,1242.3087720870972,0.04819574352524006,100,0.3605181993155105,1289.2343888282776,0.1208561152384282,20,0.37702570965414955,2467.702782869339,ok
seir,odepe_v2_nopolish,1em6,seir_3_1em6,,2,0.0021406395303011213,753,0.0021406395303011213,2795.7110471725464,0.027750085686673177,31,0.027750085686673177,1965.6862139701843,0.0021406395287009395,20,0.02775008487849071,1482.861596107483,0.0021406395287009395,100,0.02775008487849071,1415.3889060020447,0.021755786012341672,20,0.027750080885275887,1359.563012123108,ok
seir,odepe_v2_nopolish,1em8,seir_3_1em8,,2,0.00015397262433658465,894,0.00015397262433658465,1608.9427750110626,0.00015397264469792883,6,0.00015397264469792883,2091.459259033203,0.00015397264469792883,20,0.00015397264469792883,2930.490378856659,0.00015397262433687682,100,0.00015397262433687682,1393.9674789905548,0.00015397271070930648,20,0.00015397271070930648,3061.762094974518,ok
seir,odepe_v2_nopolish,0,seir_4_0,,2,0.004217362029480286,1031,0.004217362029480286,2594.155028104782,0.018162738592708703,4,0.018162738592708703,1026.189682006836,0.00421736202947798,10,0.00421736202947798,2435.9461669921875,0.007921386247746829,100,0.007921386247746829,1111.1376218795776,0.02120198170096682,20,0.02120198170096682,2548.050040960312,ok
seir,odepe_v2_nopolish,1em2,seir_4_1em2,,2,33.756718340723026,807,33.756718340723026,2728.2886691093445,33.7567183407206,397,3429.8894846447765,1402.5249109268188,644.2252743394067,20,3429.8894846447015,2339.8625149726868,237.38282998840498,100,3429.8894846447015,2286.540503025055,43.02983939887347,20,237.38282998846114,1255.7545948028564,ok
seir,odepe_v2_nopolish,1em4,seir_4_1em4,,2,3.599306195030352,896,3.599306195030352,1357.9369490146637,3.5993061955752546,546,1003.1211757705174,1380.2265009880066,81.92603264269715,20,1003.1211757705174,1789.6139059066772,81.92603264269715,100,1003.1211757705174,1608.2197108268738,3.599306193445225,20,3.599306193445225,1295.8536441326141,ok
seir,odepe_v2_nopolish,1em6,seir_4_1em6,,2,1.4208131112396603,892,1.4208131112396603,2121.192363023758,1.420813112108288,321,3.7825931006831204,2105.4642310142517,1.420813112108288,20,3.7825931006831204,2097.0731060504913,1.420813112108288,100,3.7825931006831204,1906.3577950000763,0.7553545058102804,20,3.782593306271276,1694.509220123291,ok
seir,odepe_v2_nopolish,1em8,seir_4_1em8,,2,0.25773519040031934,1141,0.25773519040031934,2667.3175671100616,0.25773519040031934,60,1.2702833228055859,2582.5139079093933,0.25773521094636576,20,1.270285070333718,1294.4602620601654,0.25773521094636576,100,1.270285070333718,1240.2424929141998,0.490057746245829,20,1.2702856555474025,2600.1181828975677,ok
seir,odepe_v2_nopolish,0,seir_5_0,,2,1.8339911119350933e-10,742,1.8339911119350933e-10,2686.249144077301,1.8339875073148835e-10,2,1.8339875073148835e-10,2533.528739929199,5.433334482992674e-08,2,5.433334482992674e-08,927.2602360248566,5.433334482992674e-08,100,5.433334482992674e-08,982.4134709835052,7.232872924138911e-08,20,7.232872924138911e-08,2552.395756006241,ok
seir,odepe_v2_nopolish,1em2,seir_5_1em2,,2,0.708726101122367,459,0.708726101122367,2833.3798391819,0.7087261011224258,142,18.33882262660064,1544.5481028556824,0.708726101122367,20,18.33885207311658,2510.380155801773,0.708726101122367,100,18.33885207311658,2514.1336472034454,0.7087261011221466,20,18.338677538113817,2549.927603006363,ok
seir,odepe_v2_nopolish,1em4,seir_5_1em4,,2,0.017791226819024498,576,0.017791226819024498,1370.5449149608612,0.017857748357496584,26,0.0704358873230141,2598.4193890094757,0.017857748357496584,20,0.0704358873230141,2579.223426103592,0.017857748357496584,100,0.0704358873230141,1975.9810781478882,0.017766675783400805,20,0.07060895653229697,2595.348999977112,ok
seir,odepe_v2_nopolish,1em6,seir_5_1em6,,2,0.0020415225860576504,713,0.0020415225860576504,1398.1407268047333,0.023925839031446818,45,0.17732710539125224,2553.118971824646,0.002074798241652216,20,0.17732710539125224,2523.8003289699554,0.002041522586029688,100,0.17732710987337078,1019.4014408588409,0.002108717220734132,20,0.1773271048545202,2206.1045689582825,ok
seir,odepe_v2_nopolish,1em8,seir_5_1em8,,2,6.43243798249615e-05,1020,6.43243798249615e-05,1346.5927741527557,0.0002999407677346903,19,0.0002999407677346903,2228.4816179275513,0.0002999404807186326,20,0.0002999404807186326,1156.9030442237854,0.00017237654321740201,100,0.0002999404807186326,1171.729646205902,0.00029994080333038746,20,0.00029994080333038746,2195.085258960724,ok
seir,odepe_v2_nopolish,0,seir_6_0,,2,4.441549392388403e-06,1147,4.441549392388403e-06,2328.8941979408264,4.441549392612238e-06,2,4.441549392612238e-06,1701.6907420158386,4.452712274163257e-06,3,4.452712274163257e-06,918.6829919815063,4.452712274163257e-06,100,4.452712274163257e-06,984.1712961196899,7.403437392708882e-07,20,7.403437392708882e-07,1000.1765959262848,ok
seir,odepe_v2_nopolish,1em2,seir_6_1em2,,2,0.9995772643358576,729,0.9995772643358576,2573.549588918686,0.9995772670932558,345,22.370951734993348,1479.5875639915466,5.094081157298639,20,22.370951734993348,1162.7840049266815,5.094081157273065,100,22.37095173499333,2351.7717649936676,0.9995772630139332,20,5.0940811572909,2441.298310995102,ok
seir,odepe_v2_nopolish,1em4,seir_6_1em4,,2,5.397013342093156,761,5.397013342093156,1882.8538060188293,5.397013301428283,425,191.56414616386274,1820.6860148906708,5.397013342371738,20,191.56414625598012,1012.6359701156616,5.397013342371738,100,191.56414625598012,1037.1715121269226,5.397013305312254,20,5.397013305312254,1900.3452200889587,ok
seir,odepe_v2_nopolish,1em6,seir_6_1em6,,2,0.13693960565326535,1009,0.13693960565326535,1306.8954389095306,0.21045178897288405,160,4.03027723054503,1092.52809715271,1.9175734292418594,20,4.03027723054503,1199.0005428791046,0.21045178820071522,100,4.421425811755082,2157.6637058258057,0.6637147473238615,20,0.6637147473238615,2381.5999579429626,ok
seir,odepe_v2_nopolish,1em8,seir_6_1em8,,2,0.03188631143381849,1181,0.03188631143381849,1271.952821969986,0.08171205822509525,83,0.7879333633167626,1930.7312579154968,0.15246206258062947,20,0.15246206258062947,1108.7310240268707,0.04382294493788895,100,0.15246206258062947,1123.7446949481964,0.2798587328909407,20,3.8514366100525907,2554.2572948932648,ok
seir,odepe_v2_nopolish,0,seir_7_0,,2,1.518081719762834e-07,966,1.518081719762834e-07,2242.3423211574554,1.518081736975594e-07,2,1.518081736975594e-07,1679.245642900467,3.6718725605286635e-08,2,3.6718725605286635e-08,886.7354729175568,3.6718725605286635e-08,100,3.6718725605286635e-08,944.7123608589172,3.17849818386098e-08,20,3.17849818386098e-08,908.1563279628754,ok
seir,odepe_v2_nopolish,1em2,seir_7_1em2,,2,5.272781413816824,722,5.272781413816824,2695.7605679035187,11.175876184780499,405,331.4408761610375,1400.3625750541687,79.62886600821228,20,331.44087616103604,2270.242043018341,11.175876184776396,100,331.44087616103604,2393.5787420272827,11.17587618475124,20,11.17587618475124,2486.406809091568,ok
seir,odepe_v2_nopolish,1em4,seir_7_1em4,,2,0.2956518393132083,890,0.2956518393132083,1182.0503120422363,0.2956518385531087,457,13.400294240818774,1783.7717080116272,0.2956518393132083,20,13.400294240887192,920.8353481292725,0.2956518385531087,100,13.400294240818774,1346.8272800445557,0.2956518366605605,20,13.400294240706375,1755.136323928833,ok
seir,odepe_v2_nopolish,1em6,seir_7_1em6,,2,0.01132018772493665,971,0.01132018772493665,2756.2248940467834,0.011320304793766516,116,0.04314599204973374,2616.28346991539,0.011320304793766516,20,0.04314599204973374,2592.117824077606,0.011320304793766516,100,0.04314599204973374,2276.941684961319,0.011320507421722274,20,0.04083867966585017,2621.657546043396,ok
seir,odepe_v2_nopolish,1em8,seir_7_1em8,,2,0.0001877886196804397,1092,0.0001877886196804397,1154.3010988235474,0.006901764992312332,20,0.006901764992312332,2504.154132127762,0.0036446695936470006,20,0.006901764992312332,2510.63675904274,0.0011719653292991236,100,0.00880225659147916,1033.1304421424866,0.001819657461110981,20,0.012134684639103584,2417.955649137497,ok
seir,odepe_v2_nopolish,0,seir_8_0,,2,6.293958101799325e-06,1046,6.293958101799325e-06,2385.30442404747,4.91263695082129e-05,2,4.91263695082129e-05,2179.6751580238342,4.91263695082129e-05,2,4.91263695082129e-05,2397.401938199997,6.293958102056918e-06,100,4.91263695082129e-05,2189.993173122406,4.7191396639375684e-05,20,4.7191396639375684e-05,2586.312012910843,ok
seir,odepe_v2_nopolish,1em2,seir_8_1em2,,2,0.9999901792326269,749,0.9999901792326269,2356.9347610473633,0.9999901792326269,347,3823.9864857099687,1998.4912810325623,95.73660173868572,20,3823.9864857099687,2004.9078159332275,15.523464687415494,100,3823.9864857099687,2121.6885380744934,0.9999901792381602,20,47.60754097421598,2187.582678794861,ok
seir,odepe_v2_nopolish,1em4,seir_8_1em4,,2,3.9221336838281777,854,3.9221336838281777,2046.9476220607758,6.02536957321395,341,420.8316485680192,1556.4747700691223,127.60066093168365,20,420.8316485680192,1927.8071839809418,10.332759560582835,100,420.8316485677951,1024.224818944931,7.992570554568688,20,10.332759560528485,961.487557888031,ok
seir,odepe_v2_nopolish,1em6,seir_8_1em6,,2,0.314738490256936,868,0.314738490256936,2347.214108943939,0.31473850460783026,294,2.0294025172497774,2037.9304370880127,0.31473850460783026,20,2.0294025172497774,2550.0619010925293,0.314738300190803,100,2.029402526081787,1091.3273692131042,0.31473848796877446,20,2.0294026360801234,1081.3591089248657,ok
seir,odepe_v2_nopolish,1em8,seir_8_1em8,,2,0.032666315534931996,1139,0.032666315534931996,1269.2769150733948,0.3841888289914685,84,0.3958676405067362,2790.1603989601135,0.11822309383239782,20,2.2821193825084376,1230.3244349956512,0.028851773708952165,100,2.2821193825084376,1184.3576831817627,0.15450001274352607,20,0.16790775256804258,1156.587944984436,ok
seir,odepe_v2_nopolish,0,seir_9_0,,2,2.275734164606088e-11,766,2.275734164606088e-11,2160.3544368743896,2.275734164606088e-11,2,2.275734164606088e-11,2436.7125101089478,2.099160450009025e-10,2,2.099160450009025e-10,1108.5737040042877,2.099160450009025e-10,100,2.099160450009025e-10,1136.4162049293518,1.7245413154172178e-08,20,1.7245413154172178e-08,1057.9557950496674,ok
seir,odepe_v2_nopolish,1em2,seir_9_1em2,,2,0.6456979621016531,524,0.6456979621016531,2314.4691100120544,0.6457473419926053,339,1.0543298138710915,1348.115023136139,0.6718831365054894,20,1.0543301347301546,1732.55180311203,0.6456979621016531,100,1.0543301347301546,1919.594165802002,0.6565026073915322,20,1.0543299636857666,1278.0020821094513,ok
seir,odepe_v2_nopolish,1em4,seir_9_1em4,,2,0.041744578056536176,763,0.041744578056536176,3001.854027032852,0.041744578056536176,293,0.0708830429046901,2902.8808648586273,0.041744578056536176,20,0.0708830429046901,2907.132504224777,0.04174457805615649,100,0.07088304290286604,1316.548789024353,0.04174457805643739,20,0.0708830429046509,2586.507349014282,ok
seir,odepe_v2_nopolish,1em6,seir_9_1em6,,2,0.0006360631268076894,954,0.0006360631268076894,1524.4880771636963,0.018667274876823188,27,0.018667274876823188,2643.636095046997,0.009001964377052389,20,0.018667274879165714,1269.0379240512848,0.005748027559948196,100,0.018667274879165714,1138.847836971283,0.01866727445522477,20,0.01866727445522477,2330.0819940567017,ok
seir,odepe_v2_nopolish,1em8,seir_9_1em8,,2,0.00020097978507540234,839,0.00020097978507540234,2713.0649180412292,0.00046903805270654217,4,0.00046903805270654217,1166.388985157013,0.00046903805270654217,16,0.00046903805270654217,1274.0245640277863,0.0003956780671812645,100,0.0004690380115234604,2510.5263550281525,0.00046903823643754214,20,0.00046903823643754214,1279.8879609107971,ok
sirt_treatment,odepe_v2_nopolish,0,sirt_treatment_0_0,,1,2.3303406095725858e-08,932,2.3303406095725858e-08,1579.5026950836182,2.414601049686089e-08,1,2.414601049686089e-08,2520.1091980934143,3.5083917549935593e-08,1,3.5083917549935593e-08,1296.5399858951569,2.41459470919221e-08,100,2.41459470919221e-08,2391.278406858444,9.163576116056088e-09,20,9.163576116056088e-09,2148.953752040863,ok
sirt_treatment,odepe_v2_nopolish,1em2,sirt_treatment_0_1em2,,1,1.8174855343661098,681,1.8174855343661098,1868.6885480880737,2.2514742782086117,135,5.610490047471631,1981.6277680397034,2.2514742782085295,20,5.610987907367974,2523.573963880539,2.2514742782086117,100,5.610490047471631,1599.3711080551147,2.251474278208689,20,5.6113211551184285,1990.3016831874847,ok
sirt_treatment,odepe_v2_nopolish,1em4,sirt_treatment_0_1em4,,1,0.056411123022660936,747,0.056411123022660936,1930.1679120063782,0.056345315236892665,24,1.079426828950226,3035.4545328617096,0.05634531523688985,20,1.079426828949827,2915.1519899368286,0.056345315236892665,100,1.079426828950226,2707.774561882019,0.056376150405568065,20,1.2154471080541591,2657.2572288513184,ok
sirt_treatment,odepe_v2_nopolish,1em6,sirt_treatment_0_1em6,,1,0.0052863860305467116,1116,0.0052863860305467116,1960.0453779697418,0.02818300285852896,10,0.02818300285852896,2491.7459988594055,0.010462095088519573,20,0.028183002859129776,3110.720561027527,0.006597206527560095,100,0.030150535501302134,1544.2642290592194,0.010139993646562954,20,0.010139993646562954,1521.7829258441925,ok
sirt_treatment,odepe_v2_nopolish,1em8,sirt_treatment_0_1em8,,1,0.0003422927795828309,994,0.0003422927795828309,2047.4643540382385,0.01794540132532997,7,0.01794540132532997,3034.741954803467,0.0003422927746890646,20,0.01794540132532997,2997.719686985016,0.00023139719783469683,100,0.00526964485610381,1757.5362939834595,0.005274136404748546,20,0.005274136404748546,2522.179116010666,ok
sirt_treatment,odepe_v2_nopolish,0,sirt_treatment_1_0,,1,1.3995027359214873e-09,858,1.3995027359214873e-09,1658.0389120578766,1.396462057101644e-09,1,1.396462057101644e-09,884.082179069519,1.396462057101644e-09,1,1.396462057101644e-09,917.3896698951721,1.3995027359214873e-09,100,1.3995027359214873e-09,1291.6464982032776,2.4042767776677465e-10,20,2.4042767776677465e-10,1048.5233399868011,ok
sirt_treatment,odepe_v2_nopolish,1em2,sirt_treatment_1_1em2,,1,0.7818746372402058,586,0.7818746372402058,2803.918807029724,0.7818746372408781,135,2.356149536051457,1910.282695055008,0.7818746372402058,20,2.3561495360511167,2599.846244096756,0.7818746372402047,100,2.3561495360511215,2727.0647370815277,0.7818746372405145,20,2.356149536049714,2889.814862012863,ok
sirt_treatment,odepe_v2_nopolish,1em4,sirt_treatment_1_1em4,,1,0.0677216780366674,600,0.0677216780366674,2061.606350183487,0.0677216780366674,42,0.2357327061745429,1957.2938051223755,0.06772167803710238,20,0.23573270618444986,1253.791965007782,0.0677216780366674,100,0.2357327061745429,1598.0240490436554,0.06772167804613549,20,0.23573270612001318,1890.13103890419,ok
sirt_treatment,odepe_v2_nopolish,1em6,sirt_treatment_1_1em6,,1,0.0033154811032259923,648,0.0033154811032259923,1311.270651102066,0.0033161542192107207,5,0.0033161542192107207,1033.0968880653381,0.0033161542192107207,20,0.0033161542192107207,1153.8580250740051,0.0033161542192107207,100,0.0033161542192107207,1115.224625825882,0.003345002066238889,20,0.003345002066238889,1069.6000759601593,ok
sirt_treatment,odepe_v2_nopolish,1em8,sirt_treatment_1_1em8,,1,7.948853303318959e-05,910,7.948853303318959e-05,1941.468134880066,0.0001093965722023249,1,0.0001093965722023249,1914.554545879364,0.0001093965722023249,10,0.0001093965722023249,1852.7202100753784,5.04275124231337e-05,100,9.871449950904498e-05,1151.214164018631,0.00011123864625739444,20,0.00011123864625739444,1585.681144952774,ok
sirt_treatment,odepe_v2_nopolish,0,sirt_treatment_2_0,,1,1.441822186875665e-09,853,1.441822186875665e-09,1858.0795500278473,1.6372790063294879e-09,1,1.6372790063294879e-09,978.1348888874054,1.6372790063294879e-09,1,1.6372790063294879e-09,1086.4225659370422,1.441822186875665e-09,100,1.441822186875665e-09,1546.5089511871338,2.9404765388894712e-09,20,2.9404765388894712e-09,1406.850170135498,ok
sirt_treatment,odepe_v2_nopolish,1em2,sirt_treatment_2_1em2,,1,0.5051306532353158,868,0.5051306532353158,2114.993010997772,0.5051146148704386,371,0.5051146148704386,1508.2701840400696,0.5051146148704398,20,0.5051146148704398,1188.5801310539246,0.5051306532353158,100,0.5051306532353158,1969.0645558834076,0.5050994804231025,20,0.5050994804231025,1488.2564220428467,ok
sirt_treatment,odepe_v2_nopolish,1em4,sirt_treatment_2_1em4,,1,0.04416656637856806,802,0.04416656637856806,1228.3701450824738,0.04420540058639262,101,0.07929573111892284,1442.4615468978882,0.04420540058639262,20,0.07929573111892284,1746.7654778957367,0.044159116560775084,100,0.07929573111892284,1392.0583610534668,0.04420350675170771,20,0.07923800051655852,1874.118479013443,ok
sirt_treatment,odepe_v2_nopolish,1em6,sirt_treatment_2_1em6,,1,0.00010372819526859404,992,0.00010372819526859404,1346.538537979126,0.003306329854430294,14,0.003306329854430294,1736.3784818649292,0.0003683321178889574,20,0.002830704530160998,1204.1007120609283,0.00010372819526859404,100,0.002830704530160998,1119.6648788452148,0.0006859421397863166,20,0.0006859421397863166,1769.6734919548035,ok
sirt_treatment,odepe_v2_nopolish,1em8,sirt_treatment_2_1em8,,1,1.1190610382685911e-05,969,1.1190610382685911e-05,1931.0768220424652,1.130688557588733e-06,1,1.130688557588733e-06,1564.3751890659332,1.130688557588733e-06,10,1.130688557588733e-06,1931.9233131408691,5.372891301460102e-06,100,3.8025829032453915e-05,1212.0153560638428,3.802764077705708e-05,20,3.802764077705708e-05,1146.6821579933167,ok
sirt_treatment,odepe_v2_nopolish,0,sirt_treatment_3_0,,1,4.111698860175362e-10,964,4.111698860175362e-10,1460.0443360805511,4.111698860175362e-10,1,4.111698860175362e-10,1329.4660120010376,4.111690785826092e-10,1,4.111690785826092e-10,1530.1731479167938,4.111690785826092e-10,100,4.111690785826092e-10,1156.5813040733337,4.1955550145189586e-10,20,4.1955550145189586e-10,1511.6636228561401,ok
sirt_treatment,odepe_v2_nopolish,1em2,sirt_treatment_3_1em2,,1,0.1997261063594084,745,0.1997261063594084,2061.0470159053802,0.1997261063593421,319,3.292811371794561,1478.8401231765747,0.2059006329642971,20,3.292811371794561,1182.9631321430206,0.1997261063594084,100,3.292836868918855,1961.3860929012299,0.20590063296465852,20,3.292832407383037,1483.0630679130554,ok
sirt_treatment,odepe_v2_nopolish,1em4,sirt_treatment_3_1em4,,1,0.008303537372268107,888,0.008303537372268107,1477.8476679325104,0.060493421938289,77,0.1381711475405778,1556.7653551101685,0.014848774665012342,20,0.13818268422702373,1065.777359008789,0.008303537372268107,100,0.1381711475405778,1225.1536738872528,0.13548860213458175,20,0.1381449777679202,1427.6871268749237,ok
sirt_treatment,odepe_v2_nopolish,1em6,sirt_treatment_3_1em6,,1,0.00011587855685325397,1065,0.00011587855685325397,1693.4874169826508,0.0015084803294170127,6,0.0015084803294170127,1534.0499908924103,0.0008869289020200057,20,0.0015084803294170127,1713.6322648525238,0.00016256586149252718,100,0.0014113008020469582,1105.8030750751495,0.0013483131597480378,20,0.0013483131597480378,1168.0193920135498,ok
sirt_treatment,odepe_v2_nopolish,1em8,sirt_treatment_3_1em8,,1,2.4845858691860652e-05,1106,2.4845858691860652e-05,1831.923495054245,9.84176068940069e-05,1,9.84176068940069e-05,1492.9256300926208,9.840246052903657e-05,7,9.840246052903657e-05,1224.5575981140137,2.4846012716532457e-05,100,9.840246052903657e-05,1190.2702541351318,9.833593524012261e-05,20,9.833593524012261e-05,1168.1538398265839,ok
sirt_treatment,odepe_v2_nopolish,0,sirt_treatment_4_0,,1,1.9742483368277048e-09,723,1.9742483368277048e-09,2065.509726047516,1.973378250931369e-09,1,1.973378250931369e-09,2204.900740146637,2.800946717361217e-09,1,2.800946717361217e-09,1339.3455560207367,2.800946717361217e-09,100,2.800946717361217e-09,1409.5861740112305,2.0059001784691987e-09,20,2.0059001784691987e-09,2209.485039949417,ok
sirt_treatment,odepe_v2_nopolish,1em2,sirt_treatment_4_1em2,,1,0.9697508205628224,656,0.9697508205628224,2273.021978855133,1.071973431855732,187,2.562831482897512,1891.6056411266327,1.071973431855732,20,2.562831482897512,1597.6117568016052,1.071973431855732,100,2.5628314828975385,2702.8536870479584,1.0719734318557321,20,2.5628314828975363,2035.2369339466095,ok
sirt_treatment,odepe_v2_nopolish,1em4,sirt_treatment_4_1em4,,1,0.03548300466813166,600,0.03548300466813166,1672.7137639522552,0.035483004668649974,57,0.32844690687448563,2121.9204001426697,0.035483004668544295,20,0.3283933305402817,1555.374205827713,0.035483004668544295,100,0.3283933305402817,1561.1295368671417,0.03548300466851263,20,0.32841346850332903,2398.8288521766663,ok
sirt_treatment,odepe_v2_nopolish,1em6,sirt_treatment_4_1em6,,1,0.0020311331474704903,830,0.0020311331474704903,2446.4946920871735,0.0025720444392097874,5,0.0025720444392097874,2621.4158539772034,0.002101437102133121,20,0.0026963451988234093,1599.3779590129852,0.0021014371020720585,100,0.002696345198825671,1595.1444699764252,0.002525641545760478,20,0.002525641545760478,1534.2931079864502,ok
sirt_treatment,odepe_v2_nopolish,1em8,sirt_treatment_4_1em8,,1,5.070457171072462e-05,848,5.070457171072462e-05,2226.3841409683228,4.9638584119904296e-05,1,4.9638584119904296e-05,2348.0592958927155,4.9638584119904296e-05,9,4.9638584119904296e-05,2316.940621137619,4.9638584119904296e-05,100,4.9638584119904296e-05,2050.776857852936,5.04429512978618e-05,20,5.04429512978618e-05,2366.900915145874,ok
sirt_treatment,odepe_v2_nopolish,0,sirt_treatment_5_0,,1,9.018320140842573e-10,1173,9.018320140842573e-10,1930.7037408351898,9.072804156707822e-10,1,9.072804156707822e-10,2315.1806979179382,9.072804156707822e-10,1,9.072804156707822e-10,2315.184214115143,6.675136429264732e-10,100,6.675136429264732e-10,1259.171627998352,1.0748003458389543e-09,20,1.0748003458389543e-09,1955.7976999282837,ok
sirt_treatment,odepe_v2_nopolish,1em2,sirt_treatment_5_1em2,,1,0.6389326552577124,531,0.6389326552577124,2226.617238998413,0.6389326552577124,137,1.0016582943980488,2306.684382915497,0.6389394678303648,20,1.0016582943981962,1379.4334890842438,0.6389326552577124,100,1.0016582943980488,2646.4874420166016,0.6389343215125065,20,1.0016582943970562,1698.7783620357513,ok
sirt_treatment,odepe_v2_nopolish,1em4,sirt_treatment_5_1em4,,1,0.06208457493772605,817,0.06208457493772605,2407.853399991989,0.06211878078817236,51,0.0699595175187738,2474.8271701335907,0.06211872278299378,20,0.07001664876006775,1330.112599849701,0.06211872278299378,100,0.07001664876006775,1382.8478701114655,0.06211854392473353,20,0.07001670433981991,2271.957267999649,ok
sirt_treatment,odepe_v2_nopolish,1em6,sirt_treatment_5_1em6,,1,0.00020860694037350136,1243,0.00020860694037350136,2352.406697034836,0.0006210719180495127,7,0.0006210719180495127,2271.467684984207,0.0006210719180495127,20,0.0006210719180495127,2393.2712490558624,0.000208605377992499,100,0.0003889738557338873,1388.505539894104,0.00038897385762859393,20,0.00038897385762859393,2160.00564289093,ok
sirt_treatment,odepe_v2_nopolish,1em8,sirt_treatment_5_1em8,,1,3.2249824688967976e-05,1373,3.2249824688967976e-05,2550.2419168949127,0.0003575388686835665,1,0.0003575388686835665,2188.942090988159,0.0002141434008702504,18,0.0002141434008702504,1290.7920730113983,4.254967793257438e-05,100,0.0002141434008702504,1332.2633309364319,0.00014351039539051505,20,0.00014351039539051505,2134.797942876816,ok
sirt_treatment,odepe_v2_nopolish,0,sirt_treatment_6_0,,1,1.8970295161597197e-09,1130,1.8970295161597197e-09,1485.9498109817505,2.002018655075407e-09,1,2.002018655075407e-09,941.4162249565125,1.8970295161597197e-09,1,1.8970295161597197e-09,1347.0247321128845,1.8970295161597197e-09,100,1.8970295161597197e-09,1138.2928371429443,8.040105814270488e-10,20,8.040105814270488e-10,972.8848869800568,ok
sirt_treatment,odepe_v2_nopolish,1em2,sirt_treatment_6_1em2,,1,0.5813135523496391,740,0.5813135523496391,1621.749722957611,0.5813135523495773,221,1.4794378646403337,1428.6435890197754,0.6907607808899688,20,1.4794378646403337,1175.4818239212036,0.581313552349578,100,1.4794378646403337,1181.2967009544373,0.6907631097454902,20,1.4794407612451028,1506.243574142456,ok
sirt_treatment,odepe_v2_nopolish,1em4,sirt_treatment_6_1em4,,1,0.011930178059888453,668,0.011930178059888453,1206.4282629489899,0.040496152787594275,59,0.07519373033471491,1300.0860528945923,0.040496152787594275,20,0.07519373033471491,1617.8455550670624,0.011930178059878543,100,0.07515463657415448,1187.7224729061127,0.04053913782439491,20,0.0751836532294319,1468.1544070243835,ok
sirt_treatment,odepe_v2_nopolish,1em6,sirt_treatment_6_1em6,,1,6.002314388776543e-05,1335,6.002314388776543e-05,1546.1025750637054,0.0026896108144218982,11,0.0026896108144218982,1005.0180811882019,0.00020790513485923956,20,0.0024735848864949053,1631.5049209594727,6.002314388904365e-05,100,0.0024735848864949053,1328.389339208603,0.0019533795453706656,20,0.0019533795453706656,1562.9348630905151,ok
sirt_treatment,odepe_v2_nopolish,1em8,sirt_treatment_6_1em8,,1,2.4517189010695054e-05,1197,2.4517189010695054e-05,1728.1345598697662,0.00017869549846562455,1,0.00017869549846562455,1472.7329261302948,8.696437716091395e-05,17,8.696437716091395e-05,1182.006057024002,2.4517161450290263e-05,100,8.696437716091395e-05,1172.685459136963,3.184141518749987e-05,20,3.184141518749987e-05,1153.311282157898,ok
sirt_treatment,odepe_v2_nopolish,0,sirt_treatment_7_0,,1,5.0747829092671454e-11,1165,5.0747829092671454e-11,1877.682049036026,5.074902574024291e-11,1,5.074902574024291e-11,1835.5276999473572,5.327262250759446e-11,1,5.327262250759446e-11,1018.8684980869293,5.327262250759446e-11,100,5.327262250759446e-11,1007.0051810741425,6.072132816519274e-10,20,6.072132816519274e-10,1089.6857299804688,ok
sirt_treatment,odepe_v2_nopolish,1em2,sirt_treatment_7_1em2,,1,0.22312832514418224,747,0.22312832514418224,1663.7663068771362,0.223144262436549,244,0.2418912826099062,1603.8652210235596,0.24189386122527523,20,0.24189386122527523,1830.2509739398956,0.22312832514418224,100,0.24189386122527523,1907.8775629997253,0.2231285120161823,20,0.24189224082872193,1480.9315769672394,ok
sirt_treatment,odepe_v2_nopolish,1em4,sirt_treatment_7_1em4,,1,0.005532967859763376,816,0.005532967859763376,1348.5938460826874,0.02973016410616133,66,0.08238292834218497,2057.883586168289,0.02973016410616133,20,0.08238292834218497,2108.1509470939636,0.005532967859858508,100,0.08238382947954385,1207.2353148460388,0.029730164098819765,20,0.0823714046548684,1893.3071269989014,ok
sirt_treatment,odepe_v2_nopolish,1em6,sirt_treatment_7_1em6,,1,0.00019681954934310907,1325,0.00019681954934310907,1375.556301832199,0.0004341182723569663,7,0.0004341182723569663,2094.660057067871,0.00043411827234978643,20,0.00043411827234978643,1701.495187997818,0.00019681953872912933,100,0.0011352114582948655,1144.9557161331177,0.00047038857915380366,20,0.00047038857915380366,1977.7466440200806,ok
sirt_treatment,odepe_v2_nopolish,1em8,sirt_treatment_7_1em8,,1,1.6750260743963305e-06,1228,1.6750260743963305e-06,2074.4584498405457,8.531440900232736e-05,1,8.531440900232736e-05,2276.5771350860596,8.531440900232736e-05,11,8.531440900232736e-05,1945.979994058609,1.6750240261771863e-06,100,8.031253250503895e-05,1284.078766822815,4.630831251382908e-05,20,4.630831251382908e-05,2196.139863014221,ok
sirt_treatment,odepe_v2_nopolish,0,sirt_treatment_8_0,,1,6.514161371153217e-09,944,6.514161371153217e-09,1535.0111780166626,6.514161371153217e-09,1,6.514161371153217e-09,1412.6272339820862,2.8896394945362957e-08,1,2.8896394945362957e-08,982.0251400470734,6.3670597339590944e-09,100,6.3670597339590944e-09,1044.0589962005615,6.491191715509764e-09,20,6.491191715509764e-09,1024.0979871749878,ok
sirt_treatment,odepe_v2_nopolish,1em2,sirt_treatment_8_1em2,,1,1.4851045940221828,672,1.4851045940221828,1696.4275958538055,1.486795245441324,209,3.410671846633054,1522.931634902954,1.4851045940221859,20,3.410671846633552,1854.5060238838196,1.4851045940222076,100,3.4106718466335693,1996.0150079727173,1.4851045940239456,20,3.410671846633925,1573.8014209270477,ok
sirt_treatment,odepe_v2_nopolish,1em4,sirt_treatment_8_1em4,,1,0.001854755945914021,841,0.001854755945914021,1730.3773910999298,0.018122926643260994,111,0.018122926643260994,1671.6367590427399,0.016240460167039457,20,0.017342487299342676,1162.658614873886,0.003454798060946123,100,0.017342487299342676,1262.5858199596405,0.008910723167061473,20,0.15097865211484546,1495.4913790225983,ok
sirt_treatment,odepe_v2_nopolish,1em6,sirt_treatment_8_1em6,,1,0.00019376758692948905,1361,0.00019376758692948905,1424.1541540622711,0.0005810316170589909,12,0.0005810316170589909,2010.6138288974762,0.0005810316170589909,20,0.0005810316170589909,1638.7928030490875,0.00019377086669238372,100,0.0005810316248949573,1176.8005170822144,0.0005810315689818869,20,0.0005810315689818869,1731.886386871338,ok
sirt_treatment,odepe_v2_nopolish,1em8,sirt_treatment_8_1em8,,1,1.337937979528797e-05,1093,1.337937979528797e-05,1773.3042318820953,0.00022886480399443723,1,0.00022886480399443723,1100.3050470352173,0.00022886480401636567,19,0.00022886480401636567,1273.3688530921936,1.3116243895084534e-05,100,0.00022886480401636567,1244.8868191242218,0.0005313501017122548,20,0.0005313501017122548,1141.2310960292816,ok
sirt_treatment,odepe_v2_nopolish,0,sirt_treatment_9_0,,1,1.711790540612256e-09,1134,1.711790540612256e-09,1745.0092389583588,1.711790540612256e-09,1,1.711790540612256e-09,1807.1750619411469,1.711790540612256e-09,1,1.711790540612256e-09,1781.8920080661774,2.068005162111788e-09,100,2.068005162111788e-09,1120.4976830482483,8.286421169367462e-10,20,8.286421169367462e-10,1531.264503955841,ok
sirt_treatment,odepe_v2_nopolish,1em2,sirt_treatment_9_1em2,,1,0.39517378814471327,702,0.39517378814471327,1877.096272945404,0.39516486228062514,154,7.849314279492519,1564.569617986679,0.39516486228062514,20,7.849314279492487,1253.5333380699158,0.39517378814471327,100,7.849248316209265,2070.255905866623,0.3951794953727271,20,7.8492396706359155,1534.9368090629578,ok
sirt_treatment,odepe_v2_nopolish,1em4,sirt_treatment_9_1em4,,1,0.029212450119014587,712,0.029212450119014587,1317.8420140743256,0.03713690518096015,62,0.08170031410048109,1903.3860540390015,0.03223127007009711,20,0.08170031410048109,1897.8355538845062,0.029212450119014587,100,0.08175043763753516,1237.140634059906,0.0816965857225835,20,0.0816965857225835,1787.3888149261475,ok
sirt_treatment,odepe_v2_nopolish,1em6,sirt_treatment_9_1em6,,1,0.00041587663237167046,1129,0.00041587663237167046,2141.727504014969,0.0011812258852344525,4,0.0011812258852344525,1227.1761798858643,0.0009495313931167709,20,0.0011806746569367587,2220.6280698776245,0.0004070776700740913,100,0.0011812258852344525,1326.860757112503,0.0011810674252003032,20,0.0011810674252003032,1947.022068977356,ok
sirt_treatment,odepe_v2_nopolish,1em8,sirt_treatment_9_1em8,,1,7.845368139006747e-06,1301,7.845368139006747e-06,1932.424033164978,0.00019891944079993858,1,0.00019891944079993858,1613.4645731449127,0.00024264672843119924,16,0.00024264672843119924,1240.7256100177765,1.757643229520976e-05,100,0.00024264672843119924,1269.9616041183472,0.0002426467334673104,20,0.0002426467334673104,1207.3231599330902,ok
slow_fast,odepe_v2_nopolish,0,slow_fast_0_0,,2,7.806806347761021e-13,645,7.806806347761021e-13,377.43702507019043,7.806806347761021e-13,2,7.806806347761021e-13,574.1640000343323,9.738682523547257e-13,2,9.738682523547257e-13,467.23684906959534,9.738682523547257e-13,100,9.738682523547257e-13,472.7273988723755,3.7731589228257125e-13,20,3.7731589228257125e-13,522.4559969902039,ok
slow_fast,odepe_v2_nopolish,1em2,slow_fast_0_1em2,,2,0.0882301402084614,689,0.0882301402084614,1166.045422077179,0.0882301402084492,371,0.4220374000585502,1387.549381017685,0.0882301402084614,20,0.42203740005843754,1413.365257024765,0.0882301402084614,100,0.42203740005843754,1495.7237479686737,0.0882301402084299,20,0.42203740005878326,1583.4062659740448,ok
slow_fast,odepe_v2_nopolish,1em4,slow_fast_0_1em4,,2,0.005555044016061772,613,0.005555044016061772,898.3967549800873,0.005555044014633205,77,0.005555044014633205,935.756833076477,0.005555044014633205,20,0.005555044014633205,1227.1900749206543,0.005555044014062526,100,0.005555044014062526,964.465959072113,0.005555044016787158,20,0.005555044016787158,1197.3351790904999,ok
slow_fast,odepe_v2_nopolish,1em6,slow_fast_0_1em6,,2,2.5934549870066346e-05,731,2.5934549870066346e-05,913.3135800361633,5.152387149537627e-05,3,5.152387149537627e-05,1156.110368013382,5.152387374313733e-05,20,5.152387374313733e-05,1034.0481379032135,2.5934549672278715e-05,100,5.152387374313733e-05,925.0664858818054,5.152387269591506e-05,20,5.152387269591506e-05,1330.5553081035614,ok
slow_fast,odepe_v2_nopolish,1em8,slow_fast_0_1em8,,2,1.2440513537200721e-06,855,1.2440513537200721e-06,776.8600978851318,4.890479386093331e-06,2,4.890479386093331e-06,865.8917820453644,5.043836206668387e-06,4,5.043836206668387e-06,1043.6929240226746,4.890479386093331e-06,100,4.890479386093331e-06,881.9931530952454,4.349856453777573e-06,20,4.349856453777573e-06,862.9126319885254,ok
slow_fast,odepe_v2_nopolish,0,slow_fast_1_0,,2,1.4025059195370608e-11,385,1.4025059195370608e-11,538.9231638908386,1.2471960319392247e-11,2,1.2471960319392247e-11,457.75702714920044,1.2471960319392247e-11,2,1.2471960319392247e-11,485.4448719024658,1.4025059195370608e-11,100,1.4025059195370608e-11,424.6560790538788,1.101229004767196e-11,20,1.101229004767196e-11,438.2438950538635,ok
slow_fast,odepe_v2_nopolish,1em2,slow_fast_1_1em2,,2,0.05951179687793468,527,0.05951179687793468,1342.9698448181152,0.05951179687793169,215,0.2697728110198485,1193.5571489334106,0.05951179687793468,20,0.2697728110198302,1037.3432450294495,0.05951179687793468,100,0.2697728110198302,1113.0013830661774,0.0595117968779494,20,0.26977281101982986,1261.5022552013397,ok
slow_fast,odepe_v2_nopolish,1em4,slow_fast_1_1em4,,2,0.0019426764277250034,574,0.0019426764277250034,960.7336010932922,0.0035768691843883716,54,0.0035768691843883716,925.5000050067902,0.0019426764277148342,20,0.0035768691843883716,932.1660959720612,0.0019426764277148342,100,0.0035768691843883716,726.9212288856506,0.003576463968856933,20,0.003576463968856933,923.9635450839996,ok
slow_fast,odepe_v2_nopolish,1em6,slow_fast_1_1em6,,2,2.9961069609347454e-05,737,2.9961069609347454e-05,904.6746108531952,2.9961069345593653e-05,2,2.9961069345593653e-05,696.3842298984528,2.9961069345593653e-05,20,2.9961069345593653e-05,830.0704078674316,2.9961069345593653e-05,100,2.9961069345593653e-05,694.1218822002411,2.9961069467081172e-05,20,2.9961069467081172e-05,728.6026990413666,ok
slow_fast,odepe_v2_nopolish,1em8,slow_fast_1_1em8,,2,5.522718810805417e-07,510,5.522718810805417e-07,868.1243810653687,3.108372196613365e-07,2,3.108372196613365e-07,907.276890039444,3.108372196613365e-07,2,3.108372196613365e-07,896.5488159656525,5.523157326149671e-07,100,5.523157326149671e-07,788.4914169311523,7.896959516179576e-07,20,7.896959516179576e-07,915.1687579154968,ok
slow_fast,odepe_v2_nopolish,0,slow_fast_2_0,,2,1.2027350946172493e-11,527,1.2027350946172493e-11,557.8347790241241,1.463383405064018e-11,2,1.463383405064018e-11,443.83782291412354,1.463383405064018e-11,2,1.463383405064018e-11,455.5102050304413,1.2027350946172493e-11,100,1.2027350946172493e-11,452.0507929325104,2.5423520878515755e-11,20,2.5423520878515755e-11,603.8035509586334,ok
slow_fast,odepe_v2_nopolish,1em2,slow_fast_2_1em2,,2,0.07023739475617302,683,0.07023739475617302,1658.7919239997864,0.07023739475617377,310,0.216678643116573,1380.906347990036,0.07621315627873942,20,0.21667864311655227,1365.8876650333405,0.07023739475617302,100,0.21667864311655227,1314.6634528636932,0.07297321662502392,20,0.21667864311650753,1301.0244669914246,ok
slow_fast,odepe_v2_nopolish,1em4,slow_fast_2_1em4,,2,0.0012919810661793875,575,0.0012919810661793875,972.8201649188995,0.010023472044817404,30,0.010023472044817404,1003.691113948822,0.0012919810661176155,20,0.010023472044438599,817.1303598880768,0.0012919810661176155,100,0.010023472044438599,886.1911878585815,0.010023472045068768,20,0.010023472045068768,1024.6935799121857,ok
slow_fast,odepe_v2_nopolish,1em6,slow_fast_2_1em6,,2,2.1691868109896427e-05,889,2.1691868109896427e-05,918.3713231086731,7.807458893146226e-05,2,7.807458893146226e-05,735.1640300750732,7.807458934290934e-05,20,7.807458934290934e-05,811.0448679924011,4.4551202989455324e-05,100,7.807458893146226e-05,841.1485421657562,7.80745888974519e-05,20,7.80745888974519e-05,964.2594721317291,ok
slow_fast,odepe_v2_nopolish,1em8,slow_fast_2_1em8,,2,3.6102018764925753e-06,720,3.6102018764925753e-06,949.6050770282745,3.887175382438377e-06,2,3.887175382438377e-06,964.272784948349,6.008783943807592e-07,2,6.008783943807592e-07,803.3633320331573,6.008783943807592e-07,100,6.008783943807592e-07,823.1177101135254,1.0645059194453772e-06,20,1.0645059194453772e-06,763.6172490119934,ok
slow_fast,odepe_v2_nopolish,0,slow_fast_3_0,,2,1.895565864841697e-10,644,1.895565864841697e-10,557.2397620677948,1.895567204073331e-10,2,1.895567204073331e-10,570.3355350494385,1.895567204073331e-10,2,1.895567204073331e-10,572.555969953537,1.8368097553611427e-10,100,1.8368097553611427e-10,466.60647106170654,2.1707243963730415e-10,20,2.1707243963730415e-10,439.1625781059265,ok
slow_fast,odepe_v2_nopolish,1em2,slow_fast_3_1em2,,2,0.18508257018568464,633,0.18508257018568464,1456.3650858402252,0.18508257018564364,235,0.3518932282930822,1237.4163959026337,0.1850825701856817,20,0.3518932282932058,1162.0677230358124,0.1850825701856817,100,0.3518932282932058,1236.2182688713074,0.18508257018484775,20,0.3518932282918958,1189.0402510166168,ok
slow_fast,odepe_v2_nopolish,1em4,slow_fast_3_1em4,,2,0.0035342526804796603,595,0.0035342526804796603,1108.7849388122559,0.004838602363742159,90,0.004838602363742159,1068.6053290367126,0.0032763388519718665,20,0.004838602361765854,833.5769908428192,0.0035342526804796603,100,0.004838602363742159,948.5003390312195,0.004838602363992595,20,0.004838602363992595,1099.050143957138,ok
slow_fast,odepe_v2_nopolish,1em6,slow_fast_3_1em6,,2,3.6636792817178105e-05,800,3.6636792817178105e-05,1042.9534060955048,0.00033668227292096717,12,0.00033668227292096717,1114.7758049964905,0.0002287801771899602,20,0.00033668227292096717,1120.561152935028,8.675087443094087e-05,100,0.00033668227292096717,846.8955628871918,0.00033668227463384446,20,0.00033668227463384446,867.5968060493469,ok
slow_fast,odepe_v2_nopolish,1em8,slow_fast_3_1em8,,2,1.684392461737737e-05,626,1.684392461737737e-05,864.0178978443146,1.684393259665337e-05,2,1.684393259665337e-05,896.6538319587708,1.684392113457158e-05,17,1.684392113457158e-05,792.6631941795349,1.684393259665337e-05,100,1.684393259665337e-05,682.8653900623322,1.6843922627948777e-05,20,1.6843922627948777e-05,735.4826741218567,ok
slow_fast,odepe_v2_nopolish,0,slow_fast_4_0,,2,2.8967134433105763e-11,569,2.8967134433105763e-11,589.5680339336395,2.8965768386878593e-11,2,2.8965768386878593e-11,483.5684838294983,2.4922785626827592e-11,2,2.4922785626827592e-11,455.3694109916687,2.4922785626827592e-11,100,2.4922785626827592e-11,472.236939907074,2.947741479196312e-11,20,2.947741479196312e-11,477.9913330078125,ok
slow_fast,odepe_v2_nopolish,1em2,slow_fast_4_1em2,,2,0.030672879087153705,600,0.030672879087153705,1714.0212750434875,0.030672879087106735,245,0.030672879087106735,1529.1480829715729,0.030672879087144146,20,0.030672879087144146,1694.183312177658,0.030672879087144146,100,0.030672879087144146,1606.0211369991302,0.030672879087125644,20,0.030672879087125644,1525.1996471881866,ok
slow_fast,odepe_v2_nopolish,1em4,slow_fast_4_1em4,,2,0.0007499161667538631,519,0.0007499161667538631,1268.9364969730377,0.004115021434198226,42,0.004115021434198226,955.1101450920105,0.0007803945444738601,20,0.004115021434198226,1214.8354880809784,0.0007499161658610946,100,0.0034067607295109343,981.6725919246674,0.0034010736319613957,20,0.0034010736319613957,1182.1154670715332,ok
slow_fast,odepe_v2_nopolish,1em6,slow_fast_4_1em6,,2,2.727576321153486e-05,661,2.727576321153486e-05,1141.21559882164,2.727576323552869e-05,2,2.727576323552869e-05,1017.7747180461884,2.727576323552869e-05,20,2.727576323552869e-05,1134.119768857956,2.184660110381193e-05,100,2.7275763073265324e-05,960.9197268486023,2.727576310681602e-05,20,2.727576310681602e-05,1395.619423866272,ok
slow_fast,odepe_v2_nopolish,1em8,slow_fast_4_1em8,,2,1.9419627703211107e-06,697,1.9419627703211107e-06,978.9807560443878,1.9419626131112353e-06,2,1.9419626131112353e-06,782.3258550167084,2.56302898877116e-06,2,2.56302898877116e-06,860.440267086029,1.9419626131112353e-06,100,1.9419626131112353e-06,758.8602681159973,9.760336142521427e-07,20,9.760336142521427e-07,1030.5447800159454,ok
slow_fast,odepe_v2_nopolish,0,slow_fast_5_0,,2,5.412397192295188e-12,506,5.412397192295188e-12,615.6744358539581,5.411797719819688e-12,2,5.411797719819688e-12,497.9021279811859,5.293581747651178e-12,2,5.293581747651178e-12,516.6476390361786,5.293581747651178e-12,100,5.293581747651178e-12,568.8658289909363,2.1868156433747886e-11,20,2.1868156433747886e-11,554.7724261283875,ok
slow_fast,odepe_v2_nopolish,1em2,slow_fast_5_1em2,,2,0.07839350310303209,622,0.07839350310303209,1217.613487958908,0.07839350310301135,253,0.38710302031128924,1206.1994049549103,0.07839350310303629,20,0.38710220897222897,1058.4587500095367,0.07839350310303629,100,0.38710220897222897,959.674507856369,0.07839350310302381,20,0.3871021968479511,1138.2709341049194,ok
slow_fast,odepe_v2_nopolish,1em4,slow_fast_5_1em4,,2,0.0015626832896579444,548,0.0015626832896579444,991.5381329059601,0.007009290140195871,33,0.007009290140195871,727.6651649475098,0.001577358783894629,20,0.007009290140195871,958.9164130687714,0.0015773587839334746,100,0.007009290140142038,894.6593189239502,0.007009290140107389,20,0.007009290140107389,993.64590883255,ok
slow_fast,odepe_v2_nopolish,1em6,slow_fast_5_1em6,,2,2.387246647757676e-05,729,2.387246647757676e-05,997.8389220237732,2.387246648177307e-05,2,2.387246648177307e-05,789.9545588493347,2.387246648177307e-05,20,2.387246648177307e-05,890.7574779987335,8.879130229222118e-06,100,2.387246648177307e-05,873.0097098350525,5.2856931121152325e-05,20,5.2856931121152325e-05,1070.7743360996246,ok
slow_fast,odepe_v2_nopolish,1em8,slow_fast_5_1em8,,2,3.4317382204296883e-07,632,3.4317382204296883e-07,955.1467719078064,4.718891074152098e-06,2,4.718891074152098e-06,762.5459959506989,4.718891074152098e-06,4,4.718891074152098e-06,835.2776489257812,3.4317382204296883e-07,100,3.4317382204296883e-07,745.2600841522217,2.1866679582948803e-06,20,2.1866679582948803e-06,855.0009150505066,ok
slow_fast,odepe_v2_nopolish,0,slow_fast_6_0,,2,6.142255507631726e-13,523,6.142255507631726e-13,536.7425889968872,5.938091898535994e-13,2,5.938091898535994e-13,561.5377340316772,5.938091898535994e-13,2,5.938091898535994e-13,481.73175406455994,5.065392549852277e-13,100,5.065392549852277e-13,468.6890299320221,7.339955331463206e-13,20,7.339955331463206e-13,481.04354596138,ok
slow_fast,odepe_v2_nopolish,1em2,slow_fast_6_1em2,,2,0.12574715764462696,482,0.12574715764462696,1469.9733538627625,0.1257471576446351,168,0.1257471576446351,1290.145851135254,0.12574715764462643,20,0.12574715764462643,1295.401095867157,0.12574715764462643,100,0.12574715764462643,1171.0375690460205,0.12574715764470995,20,0.12574715764470995,1238.9573891162872,ok
slow_fast,odepe_v2_nopolish,1em4,slow_fast_6_1em4,,2,0.0019531646674764203,620,0.0019531646674764203,1096.9517168998718,0.0028555380556246858,47,0.0028555380556246858,1230.8380348682404,0.0019531646674764203,20,0.002855538055549826,954.9656929969788,0.001953164667508446,100,0.0028555380556246858,1104.2420530319214,0.0028555380555408856,20,0.0028555380555408856,1208.1268320083618,ok
slow_fast,odepe_v2_nopolish,1em6,slow_fast_6_1em6,,2,4.068567538840566e-05,674,4.068567538840566e-05,1106.3985249996185,4.068567536051728e-05,2,4.068567536051728e-05,901.9761388301849,4.0685675386546434e-05,20,4.0685675386546434e-05,973.701623916626,4.068567536051728e-05,100,4.068567536051728e-05,902.5261352062225,4.0685675274328914e-05,20,4.0685675274328914e-05,1176.5164918899536,ok
slow_fast,odepe_v2_nopolish,1em8,slow_fast_6_1em8,,2,5.574478146046972e-06,617,5.574478146046972e-06,925.4974648952484,5.573498187144486e-06,2,5.573498187144486e-06,921.1727311611176,5.574699135940024e-06,2,5.574699135940024e-06,818.0191180706024,5.574699135940024e-06,100,5.574699135940024e-06,810.8215811252594,1.5928657283394902e-06,20,1.5928657283394902e-06,893.2689001560211,ok
slow_fast,odepe_v2_nopolish,0,slow_fast_7_0,,2,6.423433213902691e-12,646,6.423433213902691e-12,659.453898191452,6.425336453373478e-12,2,6.425336453373478e-12,640.01553606987,6.425336453373478e-12,2,6.425336453373478e-12,664.2189660072327,6.425336453373478e-12,100,6.425336453373478e-12,567.738865852356,7.528327168009647e-12,20,7.528327168009647e-12,484.47627210617065,ok
slow_fast,odepe_v2_nopolish,1em2,slow_fast_7_1em2,,2,0.09593555157416762,664,0.09593555157416762,1517.0798110961914,0.09593555157417782,280,2.155566786357396,1259.2503311634064,0.2247942793237314,20,2.1555337956750433,1322.6707229614258,0.09593555157416762,100,2.1555337956750433,1202.3224630355835,0.22479427932440052,20,2.15453826849256,1308.1357288360596,ok
slow_fast,odepe_v2_nopolish,1em4,slow_fast_7_1em4,,2,0.0011011095827708904,678,0.0011011095827708904,1068.1250350475311,0.012547544141922653,74,0.012547544141922653,786.8163330554962,0.005394201686373786,20,0.012547544141878118,829.0523409843445,0.0011011095827892386,100,0.012547544141922653,950.972373008728,0.012547544142061082,20,0.012547544142061082,1012.3189098834991,ok
slow_fast,odepe_v2_nopolish,1em6,slow_fast_7_1em6,,2,1.0335064417990988e-05,797,1.0335064417990988e-05,1109.903088092804,0.0003247605015542935,7,0.0003247605015542935,1118.1650760173798,1.0335064424588885e-05,20,0.0003247605015542935,1134.2332439422607,1.0335064424588885e-05,100,0.0003247605015542935,1011.4148640632629,0.0003247605028907482,20,0.0003247605028907482,1087.6194369792938,ok
slow_fast,odepe_v2_nopolish,1em8,slow_fast_7_1em8,,2,5.97544208120431e-06,625,5.97544208120431e-06,986.8160119056702,5.975445012319978e-06,2,5.975445012319978e-06,978.9977641105652,5.975445164706018e-06,5,5.975445164706018e-06,834.7521691322327,5.975445164706018e-06,100,5.975445164706018e-06,834.0560901165009,5.975444251658603e-06,20,5.975444251658603e-06,876.6556739807129,ok
slow_fast,odepe_v2_nopolish,0,slow_fast_8_0,,2,2.581089050471217e-11,430,2.581089050471217e-11,559.8326549530029,2.5812941725080993e-11,2,2.5812941725080993e-11,510.6503071784973,2.5812941725080993e-11,2,2.5812941725080993e-11,545.435506105423,4.228475409181755e-11,100,4.228475409181755e-11,498.8619692325592,9.660427449006258e-11,20,9.660427449006258e-11,488.6224629878998,ok
slow_fast,odepe_v2_nopolish,1em2,slow_fast_8_1em2,,2,0.13090260540973606,616,0.13090260540973606,1457.5525000095367,0.13090260540927348,311,1.7547690405239358,1210.138944864273,0.1309026054093213,20,1.754769040523903,1277.4820339679718,0.1309026054093213,100,1.754769040523903,1159.3461699485779,0.13090260540920362,20,1.7547690405240322,1261.0713589191437,ok
slow_fast,odepe_v2_nopolish,1em4,slow_fast_8_1em4,,2,0.0028907597950323214,674,0.0028907597950323214,1113.897320985794,0.008914557772228045,39,0.008914557772228045,1052.316421031952,0.008914557772035871,20,0.008914557772035871,883.3323140144348,0.003984471804557944,100,0.008914557772228045,775.1200180053711,0.008914557773567108,20,0.008914557773567108,1021.4149100780487,ok
slow_fast,odepe_v2_nopolish,1em6,slow_fast_8_1em6,,2,1.574322678802779e-05,840,1.574322678802779e-05,954.796854019165,6.998431903008267e-05,9,6.998431903008267e-05,937.3107168674469,6.998431903008267e-05,20,6.998431903008267e-05,841.2469668388367,1.574330109545487e-05,100,6.998431903008267e-05,784.66481590271,6.998430748401961e-05,20,6.998430748401961e-05,790.4020910263062,ok
slow_fast,odepe_v2_nopolish,1em8,slow_fast_8_1em8,,2,4.490945862687688e-06,521,4.490945862687688e-06,935.801372051239,4.490947527509419e-06,2,4.490947527509419e-06,685.3382608890533,4.490947527509419e-06,6,4.490947527509419e-06,776.710147857666,4.490947527509419e-06,100,4.490947527509419e-06,754.8663458824158,4.4909399660701335e-06,20,4.4909399660701335e-06,1017.8430240154266,ok
slow_fast,odepe_v2_nopolish,0,slow_fast_9_0,,2,4.781878596797166e-11,604,4.781878596797166e-11,601.9232158660889,4.781878596797166e-11,2,4.781878596797166e-11,669.4417560100555,7.261036216732464e-11,2,7.261036216732464e-11,455.1908829212189,7.261036216732464e-11,100,7.261036216732464e-11,526.3218510150909,9.23197814491535e-11,20,9.23197814491535e-11,658.3772749900818,ok
slow_fast,odepe_v2_nopolish,1em2,slow_fast_9_1em2,,2,0.1306278352159873,565,0.1306278352159873,1586.7974491119385,0.13064104521906306,170,0.5409614418875608,1371.404539823532,0.1306365019374913,20,0.5410173233233958,1390.2029941082,0.13063667376344246,100,0.5409614418875608,1065.7936418056488,0.13067717623413772,20,0.5409475190846412,1457.3631989955902,ok
slow_fast,odepe_v2_nopolish,1em4,slow_fast_9_1em4,,2,0.005216113635114539,574,0.005216113635114539,1330.963355064392,0.0052161136329580415,137,0.0052161136329580415,1280.6563811302185,0.005216113646318614,20,0.005216113646318614,1001.0902349948883,0.0052161136329580415,100,0.0052161136329580415,958.5893471240997,0.005216113633368972,20,0.005216113633368972,1263.6183562278748,ok
slow_fast,odepe_v2_nopolish,1em6,slow_fast_9_1em6,,2,0.00013972942048079418,569,0.00013972942048079418,1041.3397250175476,0.0005093341486133163,7,0.0005093341486133163,893.8791139125824,0.0005093341580246028,20,0.0005093341580246028,948.7262830734253,0.0005093341486133163,100,0.0005093341486133163,887.4436588287354,0.0005093341419722582,20,0.0005093341419722582,1109.803874015808,ok
slow_fast,odepe_v2_nopolish,1em8,slow_fast_9_1em8,,2,3.9174016051508336e-05,772,3.9174016051508336e-05,976.5842289924622,0.00018122874219139717,2,0.00018122874219139717,753.4304070472717,0.00018122874219139717,20,0.00018122874219139717,942.796334028244,2.4355462949763468e-05,100,8.540214315866379e-05,832.1633908748627,9.528425668140865e-05,20,9.528425668140865e-05,979.5279009342194,ok
vanderpol,odepe_v2_nopolish,0,vanderpol_0_0,,1,3.1377464729040676e-11,98,3.1377464729040676e-11,391.0400049686432,8.868760426904688e-12,1,8.868760426904688e-12,392.30258083343506,8.868760426904688e-12,1,8.868760426904688e-12,476.5356750488281,4.963977946641324e-13,95,4.963977946641324e-13,398.6919949054718,1.0395726886163021e-07,20,1.0395726886163021e-07,388.3554961681366,ok
vanderpol,odepe_v2_nopolish,1em2,vanderpol_0_1em2,,1,0.00019784299549421264,186,0.00019784299549421264,331.6800169944763,0.010206799580973437,18,0.010206799580973437,456.83474802970886,0.0018711527509305782,20,0.010206799580973437,331.84114503860474,0.00012555819770205905,100,0.010142201204803622,373.0969798564911,0.00846895472868445,20,0.014786210177640641,424.9972879886627,ok
vanderpol,odepe_v2_nopolish,1em4,vanderpol_0_1em4,,1,4.615375758561967e-06,194,4.615375758561967e-06,489.21424889564514,4.617151498979031e-06,1,4.617151498979031e-06,464.52470803260803,4.615967672034322e-06,16,4.615967672034322e-06,404.76902508735657,4.615967672034322e-06,100,4.615967672034322e-06,433.07378792762756,4.616918321580506e-06,20,4.616918321580506e-06,549.738874912262,ok
vanderpol,odepe_v2_nopolish,1em6,vanderpol_0_1em6,,1,1.8099553189543371e-06,116,1.8099553189543371e-06,459.25432801246643,1.8056094126272215e-06,1,1.8056094126272215e-06,460.9498040676117,1.8128933965133598e-06,1,1.8128933965133598e-06,381.14392709732056,1.8128933965133598e-06,100,1.8128933965133598e-06,353.70720410346985,2.2114515026897627e-07,20,2.2114515026897627e-07,369.509770154953,ok
vanderpol,odepe_v2_nopolish,1em8,vanderpol_0_1em8,,1,1.5649272264802642e-06,100,1.5649272264802642e-06,387.39343786239624,1.4907407695027212e-06,1,1.4907407695027212e-06,358.0550889968872,1.5268546388763199e-06,1,1.5268546388763199e-06,485.33448910713196,1.5268546388763199e-06,96,1.5268546388763199e-06,379.9234290122986,8.258722569068984e-07,20,8.258722569068984e-07,514.1663320064545,ok
vanderpol,odepe_v2_nopolish,0,vanderpol_1_0,,1,1.6489039787973793e-11,80,1.6489039787973793e-11,477.12562799453735,2.2551637257728726e-11,1,2.2551637257728726e-11,361.5675940513611,2.2551637257728726e-11,1,2.2551637257728726e-11,454.12030601501465,3.0422947210923584e-11,79,3.0422947210923584e-11,418.6646521091461,2.745788944199316e-11,15,2.745788944199316e-11,436.31657004356384,ok
vanderpol,odepe_v2_nopolish,1em2,vanderpol_1_1em2,,1,0.000268052747143792,175,0.000268052747143792,509.56277894973755,0.0011003302236850321,10,0.0011003302236850321,475.0945670604706,0.0010979170887160169,20,0.0010979170887160169,411.10221910476685,0.0006584701333925717,100,0.0010979170887160169,389.392480134964,0.0011075886337860513,20,0.0011075886337860513,423.0482451915741,ok
vanderpol,odepe_v2_nopolish,1em4,vanderpol_1_1em4,,1,2.8125833975443177e-05,194,2.8125833975443177e-05,532.0923449993134,5.457929159820731e-05,1,5.457929159820731e-05,390.655592918396,5.457929159820731e-05,16,5.457929159820731e-05,480.5859990119934,2.79806849276442e-05,100,5.457929159820731e-05,433.2105951309204,3.984929023498022e-05,20,3.984929023498022e-05,495.33284997940063,ok
vanderpol,odepe_v2_nopolish,1em6,vanderpol_1_1em6,,1,1.1396405435140595e-06,95,1.1396405435140595e-06,516.5926389694214,1.1500173789787605e-06,1,1.1500173789787605e-06,385.95358204841614,1.1396405435140595e-06,1,1.1396405435140595e-06,409.3966841697693,1.1500173789787605e-06,96,1.1500173789787605e-06,383.18097400665283,1.225781873236584e-06,16,1.225781873236584e-06,401.5868878364563,ok
vanderpol,odepe_v2_nopolish,1em8,vanderpol_1_1em8,,1,1.8717149130286405e-07,87,1.8717149130286405e-07,519.7187151908875,1.781935521672862e-07,1,1.781935521672862e-07,374.08883476257324,1.8717147584921022e-07,1,1.8717147584921022e-07,398.0507068634033,1.781935521672862e-07,85,1.781935521672862e-07,362.8435139656067,1.8908192526285467e-07,15,1.8908192526285467e-07,390.8402819633484,ok
vanderpol,odepe_v2_nopolish,0,vanderpol_2_0,,1,4.4586743785186396e-10,97,4.4586743785186396e-10,583.1146218776703,3.7087846098543746e-10,1,3.7087846098543746e-10,437.86928606033325,5.304106093166694e-11,1,5.304106093166694e-11,376.9231481552124,5.304106093166694e-11,92,5.304106093166694e-11,375.9259650707245,6.8301546687691475e-12,20,6.8301546687691475e-12,416.14498496055603,ok
vanderpol,odepe_v2_nopolish,1em2,vanderpol_2_1em2,,1,0.0007518094657219694,184,0.0007518094657219694,525.3981010913849,0.0008806233351972694,9,0.0008806233351972694,444.95690417289734,0.0008806231583042587,20,0.0008806231583042587,418.55221009254456,0.0008095551632112986,100,0.0008806231583042587,453.69070506095886,0.0008805867955997647,20,0.0008805867955997647,432.2828710079193,ok
vanderpol,odepe_v2_nopolish,1em4,vanderpol_2_1em4,,1,1.2699262616029141e-05,215,1.2699262616029141e-05,560.1747140884399,2.2320459223948605e-05,1,2.2320459223948605e-05,579.2450289726257,2.2320459223948605e-05,7,2.2320459223948605e-05,580.0866091251373,1.1655784537383266e-05,100,1.534146520540373e-05,473.78427600860596,1.8036610154466484e-05,20,1.8036610154466484e-05,592.6837780475616,ok
vanderpol,odepe_v2_nopolish,1em6,vanderpol_2_1em6,,1,4.818716600828797e-07,137,4.818716600828797e-07,707.1255991458893,1.7189728482758255e-07,1,1.7189728482758255e-07,363.91131806373596,1.7189728482758255e-07,1,1.7189728482758255e-07,396.22828483581543,3.2272225654330043e-07,100,3.2272225654330043e-07,499.93027687072754,1.5872152204644904e-06,20,1.5872152204644904e-06,558.1412990093231,ok
vanderpol,odepe_v2_nopolish,1em8,vanderpol_2_1em8,,1,5.8568963418878477e-08,109,5.8568963418878477e-08,573.4973859786987,5.8568963418878477e-08,1,5.8568963418878477e-08,503.2496039867401,5.949818786340629e-08,1,5.949818786340629e-08,398.72789692878723,5.8568963418878477e-08,100,5.8568963418878477e-08,402.1118049621582,6.26147065175816e-08,20,6.26147065175816e-08,524.8631019592285,ok
vanderpol,odepe_v2_nopolish,0,vanderpol_3_0,,1,1.476476184356282e-10,84,1.476476184356282e-10,512.4905049800873,1.1533684373553132e-10,1,1.1533684373553132e-10,448.11463809013367,2.5874546861875444e-12,1,2.5874546861875444e-12,365.55593085289,2.5874546861875444e-12,91,2.5874546861875444e-12,394.91984391212463,2.7760076519782802e-11,20,2.7760076519782802e-11,473.1386649608612,ok
vanderpol,odepe_v2_nopolish,1em2,vanderpol_3_1em2,,1,0.0012059423818311353,185,0.0012059423818311353,529.2576940059662,0.009043628431371147,32,0.009043628431371147,433.4803020954132,0.0022426274997110664,20,0.009043614600891318,395.0470268726349,0.0012059423818300467,100,0.009043614600891318,397.3346891403198,0.00904360943100334,20,0.00904360943100334,436.0552189350128,ok
vanderpol,odepe_v2_nopolish,1em4,vanderpol_3_1em4,,1,4.85510927705488e-05,207,4.85510927705488e-05,506.95797204971313,5.97464396700773e-05,1,5.97464396700773e-05,498.3369209766388,1.966319720924643e-05,20,1.966319720924643e-05,381.3096330165863,1.966319720924643e-05,100,1.966319720924643e-05,421.25997018814087,4.277445505370933e-05,20,4.277445505370933e-05,480.44757986068726,ok
vanderpol,odepe_v2_nopolish,1em6,vanderpol_3_1em6,,1,1.0807233554694487e-06,126,1.0807233554694487e-06,581.7105920314789,1.383538063526966e-06,1,1.383538063526966e-06,475.3055191040039,4.820461724464136e-06,1,4.820461724464136e-06,387.2306261062622,4.820461724464136e-06,100,4.820461724464136e-06,363.9895558357239,1.3838864201412958e-06,20,1.3838864201412958e-06,398.5961380004883,ok
vanderpol,odepe_v2_nopolish,1em8,vanderpol_3_1em8,,1,3.695747251648152e-07,90,3.695747251648152e-07,457.31059217453003,3.695747360104813e-07,1,3.695747360104813e-07,338.7375829219818,3.695747360104813e-07,1,3.695747360104813e-07,363.37313580513,3.695747360104813e-07,88,3.695747360104813e-07,373.9127879142761,2.3590444327206718e-07,20,2.3590444327206718e-07,400.0956120491028,ok
vanderpol,odepe_v2_nopolish,0,vanderpol_4_0,,1,1.6307833953906401e-10,80,1.6307833953906401e-10,496.22986698150635,1.7294374308189832e-09,1,1.7294374308189832e-09,369.26932883262634,1.7294374308189832e-09,1,1.7294374308189832e-09,400.11071610450745,6.857248139196789e-09,81,6.857248139196789e-09,398.2838830947876,4.5538197529777395e-10,20,4.5538197529777395e-10,468.8565320968628,ok
vanderpol,odepe_v2_nopolish,1em2,vanderpol_4_1em2,,1,0.0002797803666715565,176,0.0002797803666715565,503.5678129196167,0.0002807616310010247,7,0.0002807616310010247,428.61175298690796,0.00028076168190190655,20,0.00028076168190190655,444.0508379936218,0.0002797803666715565,100,0.00028076168190190655,436.3302571773529,0.00028075899937443687,20,0.00028075899937443687,418.42896699905396,ok
vanderpol,odepe_v2_nopolish,1em4,vanderpol_4_1em4,,1,2.1116593806197734e-05,166,2.1116593806197734e-05,556.9543077945709,2.1342406673236766e-05,1,2.1342406673236766e-05,473.9932358264923,2.123714796381515e-05,1,2.123714796381515e-05,418.7543170452118,2.1342406673236766e-05,100,2.1342406673236766e-05,384.51389598846436,1.9891243422651366e-05,20,1.9891243422651366e-05,478.28975081443787,ok
vanderpol,odepe_v2_nopolish,1em6,vanderpol_4_1em6,,1,1.4487302364127547e-07,96,1.4487302364127547e-07,602.8128390312195,1.367905430739812e-07,1,1.367905430739812e-07,465.8506438732147,1.367905430739812e-07,1,1.367905430739812e-07,475.13871002197266,1.367905430739812e-07,97,1.367905430739812e-07,413.20677495002747,1.476755464989067e-07,20,1.476755464989067e-07,418.98529386520386,ok
vanderpol,odepe_v2_nopolish,1em8,vanderpol_4_1em8,,1,1.4368691004777564e-08,80,1.4368691004777564e-08,456.89744305610657,3.8416206801929565e-08,1,3.8416206801929565e-08,454.4190900325775,1.1043278120283832e-07,1,1.1043278120283832e-07,407.72222208976746,1.1043278120283832e-07,81,1.1043278120283832e-07,409.9256339073181,6.423595135339685e-08,20,6.423595135339685e-08,366.91242504119873,ok
vanderpol,odepe_v2_nopolish,0,vanderpol_5_0,,1,5.2733892770910694e-11,104,5.2733892770910694e-11,436.79932403564453,7.088498424956009e-13,1,7.088498424956009e-13,388.2972660064697,5.106036299437614e-11,1,5.106036299437614e-11,343.64973402023315,7.088498424956009e-13,100,7.088498424956009e-13,330.501168012619,3.76176631216077e-13,20,3.76176631216077e-13,366.694473028183,ok
vanderpol,odepe_v2_nopolish,1em2,vanderpol_5_1em2,,1,0.018532234861081652,207,0.018532234861081652,789.6393201351166,0.021929201506286564,40,0.021929201506286564,674.6264278888702,0.018532234861081652,20,0.02192920150628755,774.1400389671326,0.018532234861081652,100,0.02192920150628755,706.3536899089813,0.021929201506270028,20,0.021929201506270028,770.9698140621185,ok
vanderpol,odepe_v2_nopolish,1em4,vanderpol_5_1em4,,1,0.0004420008973677424,168,0.0004420008973677424,552.1346380710602,0.0038019643334971046,12,0.0038019643334971046,448.58205008506775,0.0005465520738501971,20,0.0038019643334971046,577.2030999660492,0.0004420008963292031,100,0.0038021513306225325,504.39421796798706,0.0038004730166686053,20,0.0038004730166686053,585.2688970565796,ok
vanderpol,odepe_v2_nopolish,1em6,vanderpol_5_1em6,,1,3.066135961754023e-05,122,3.066135961754023e-05,547.6245520114899,3.066135961754023e-05,1,3.066135961754023e-05,460.71567583084106,3.066135961754023e-05,8,3.066135961754023e-05,535.1816289424896,3.066135961754023e-05,100,3.066135961754023e-05,421.5084431171417,3.066135961006001e-05,20,3.066135961006001e-05,544.8832819461823,ok
vanderpol,odepe_v2_nopolish,1em8,vanderpol_5_1em8,,1,4.21416505297013e-06,111,4.21416505297013e-06,468.1248080730438,4.217146434069576e-06,1,4.217146434069576e-06,383.88835978507996,4.217146434069576e-06,1,4.217146434069576e-06,468.344850063324,4.217146434069576e-06,100,4.217146434069576e-06,371.9618010520935,4.37658935235473e-06,20,4.37658935235473e-06,449.1108968257904,ok
vanderpol,odepe_v2_nopolish,0,vanderpol_6_0,,1,2.5813488766972645e-08,95,2.5813488766972645e-08,537.6873800754547,2.4292997740690763e-08,1,2.4292997740690763e-08,469.74175786972046,3.728412830552859e-09,1,3.728412830552859e-09,337.73353910446167,2.4292997740690763e-08,97,2.4292997740690763e-08,347.7836639881134,2.5941681499955543e-11,20,2.5941681499955543e-11,353.5558888912201,ok
vanderpol,odepe_v2_nopolish,1em2,vanderpol_6_1em2,,1,0.0009081043580007177,181,0.0009081043580007177,476.8684208393097,0.02436388044797574,28,0.02436388044797574,431.9128131866455,0.0009081043580007177,20,0.0023416679619924254,377.23737597465515,0.0009081043580007177,100,0.0023416679619924254,341.08799505233765,0.0007629323854351012,20,0.0007629323854351012,405.5854890346527,ok
vanderpol,odepe_v2_nopolish,1em4,vanderpol_6_1em4,,1,1.7738134840427993e-05,198,1.7738134840427993e-05,483.5325801372528,1.7723423469050898e-05,1,1.7723423469050898e-05,508.5057189464569,1.7723423469050898e-05,13,1.7723423469050898e-05,484.65144991874695,1.7737837640816033e-05,100,1.7737837640816033e-05,401.1999921798706,8.810734182744522e-06,20,8.810734182744522e-06,432.62801003456116,ok
vanderpol,odepe_v2_nopolish,1em6,vanderpol_6_1em6,,1,1.544849680142368e-07,113,1.544849680142368e-07,559.825501203537,1.9954780742623709e-07,1,1.9954780742623709e-07,508.6023979187012,9.959536192579237e-07,1,9.959536192579237e-07,380.89923906326294,9.959536192579237e-07,100,9.959536192579237e-07,347.3067810535431,2.742276726617574e-07,20,2.742276726617574e-07,467.611093044281,ok
vanderpol,odepe_v2_nopolish,1em8,vanderpol_6_1em8,,1,7.767991442206289e-07,97,7.767991442206289e-07,446.8934500217438,7.767991442206289e-07,1,7.767991442206289e-07,348.51866388320923,7.767991442206289e-07,1,7.767991442206289e-07,375.6364951133728,7.752016981098494e-07,100,7.752016981098494e-07,358.99003195762634,7.169134864809939e-07,20,7.169134864809939e-07,468.95610189437866,ok
vanderpol,odepe_v2_nopolish,0,vanderpol_7_0,,1,2.470654920585546e-10,103,2.470654920585546e-10,550.0579879283905,1.3509065042128805e-10,1,1.3509065042128805e-10,462.03420996665955,1.3509065042128805e-10,1,1.3509065042128805e-10,491.91543197631836,1.0226602173786334e-11,100,1.0226602173786334e-11,386.3253309726715,2.4056441219087996e-12,20,2.4056441219087996e-12,408.52839398384094,ok
vanderpol,odepe_v2_nopolish,1em2,vanderpol_7_1em2,,1,0.00020656700834411354,204,0.00020656700834411354,636.2892611026764,0.0017350711991111515,9,0.0017350711991111515,466.841952085495,0.0005153845616805334,20,0.0033123891502901738,494.1495909690857,6.288110430025816e-05,100,0.0033123891502901738,462.57435512542725,0.0005171244035903673,20,0.0005171244035903673,482.6314539909363,ok
vanderpol,odepe_v2_nopolish,1em4,vanderpol_7_1em4,,1,1.0404000649727545e-06,169,1.0404000649727545e-06,651.3271129131317,1.0404000649727545e-06,1,1.0404000649727545e-06,500.6967270374298,1.7608117742620835e-06,1,1.7608117742620835e-06,398.4298870563507,1.0404000649727545e-06,100,1.0404000649727545e-06,476.5222821235657,1.0421538065691431e-06,20,1.0421538065691431e-06,438.10637497901917,ok
vanderpol,odepe_v2_nopolish,1em6,vanderpol_7_1em6,,1,4.628080801042266e-07,121,4.628080801042266e-07,564.0401601791382,4.628080801042266e-07,1,4.628080801042266e-07,396.6386079788208,4.628080801042266e-07,1,4.628080801042266e-07,486.20182609558105,4.6015438673611825e-07,100,4.6015438673611825e-07,365.6549150943756,4.538316701507195e-07,20,4.538316701507195e-07,488.2686719894409,ok
vanderpol,odepe_v2_nopolish,1em8,vanderpol_7_1em8,,1,8.641151723311907e-09,115,8.641151723311907e-09,558.7597990036011,8.641153010527008e-09,1,8.641153010527008e-09,477.3261868953705,8.641153010527008e-09,1,8.641153010527008e-09,482.04961109161377,8.641153010527008e-09,100,8.641153010527008e-09,368.4635019302368,5.537349371302323e-08,20,5.537349371302323e-08,487.08090901374817,ok
vanderpol,odepe_v2_nopolish,0,vanderpol_8_0,,1,1.5083159226930178e-10,114,1.5083159226930178e-10,601.6021959781647,1.3781904910233193e-11,1,1.3781904910233193e-11,435.11011600494385,6.4401946978783635e-12,1,6.4401946978783635e-12,357.97346806526184,6.4401946978783635e-12,100,6.4401946978783635e-12,400.5942840576172,1.9442960949758545e-11,20,1.9442960949758545e-11,360.53865599632263,ok
vanderpol,odepe_v2_nopolish,1em2,vanderpol_8_1em2,,1,0.0024267175111146477,184,0.0024267175111146477,532.8467590808868,0.028622963220031487,21,0.028622963220031487,421.8984830379486,0.0021093933802055127,20,0.0021093933802055127,394.19251680374146,0.0021093933802055127,100,0.0021093933802055127,418.5502998828888,0.0024267078615074307,20,0.028944602248309567,419.13297295570374,ok
vanderpol,odepe_v2_nopolish,1em4,vanderpol_8_1em4,,1,1.3041267721740572e-05,203,1.3041267721740572e-05,510.84771513938904,0.00019225161256254442,3,0.00019225161256254442,476.46315813064575,0.00023003805765304202,20,0.00023003805765304202,376.55750012397766,1.3041267721740572e-05,100,0.00019225161256254442,407.4984700679779,1.3041158031342921e-05,20,1.3041158031342921e-05,413.1137249469757,ok
vanderpol,odepe_v2_nopolish,1em6,vanderpol_8_1em6,,1,1.2679415173850583e-06,160,1.2679415173850583e-06,659.3425140380859,2.2072269843417972e-07,1,2.2072269843417972e-07,392.220046043396,1.0881394855230348e-06,1,1.0881394855230348e-06,384.444659948349,2.2072269843417972e-07,100,2.2072269843417972e-07,395.32620191574097,6.203955956181967e-07,20,6.203955956181967e-07,349.0537979602814,ok
vanderpol,odepe_v2_nopolish,1em8,vanderpol_8_1em8,,1,3.047111219550053e-07,129,3.047111219550053e-07,658.455845117569,3.047111219550053e-07,1,3.047111219550053e-07,463.7114419937134,2.9238322495451674e-07,1,2.9238322495451674e-07,394.44998693466187,3.047111219550053e-07,100,3.047111219550053e-07,498.3827750682831,2.694341358968564e-07,20,2.694341358968564e-07,501.9479079246521,ok
vanderpol,odepe_v2_nopolish,0,vanderpol_9_0,,1,1.2727265822439686e-11,119,1.2727265822439686e-11,404.22747898101807,1.3556863964758747e-11,1,1.3556863964758747e-11,322.28605484962463,1.3556863964758747e-11,1,1.3556863964758747e-11,361.04558277130127,6.008607816643393e-11,100,6.008607816643393e-11,380.3934028148651,8.808525490208078e-12,20,8.808525490208078e-12,395.97947096824646,ok
vanderpol,odepe_v2_nopolish,1em2,vanderpol_9_1em2,,1,0.00719420924516412,204,0.00719420924516412,641.2254130840302,0.01916781903932964,53,0.03202310960459303,561.4044380187988,0.00719419954347032,20,0.03202310960459303,475.65938997268677,0.00719420924516412,100,0.032023109604617975,583.6331789493561,0.019167819039273424,20,0.03202310960460199,585.7769799232483,ok
vanderpol,odepe_v2_nopolish,1em4,vanderpol_9_1em4,,1,0.00026913913707896683,203,0.00026913913707896683,525.3594717979431,0.007563077003395209,16,0.007563077003395209,432.8040220737457,0.0010021839696945593,20,0.007563077003395209,508.15963196754456,0.0004702611409516434,100,0.007563077003395209,391.7777330875397,0.007563077004299022,20,0.007563077004299022,443.87915802001953,ok
vanderpol,odepe_v2_nopolish,1em6,vanderpol_9_1em6,,1,1.091527095203811e-05,169,1.091527095203811e-05,489.9535219669342,0.0002945857402843498,1,0.0002945857402843498,440.19542598724365,0.0002945857402843498,9,0.0002945857402843498,416.8153440952301,1.0724416241662024e-05,100,8.37023177397078e-05,383.15085101127625,0.0005036203577545924,20,0.0005036203577545924,449.5980820655823,ok
vanderpol,odepe_v2_nopolish,1em8,vanderpol_9_1em8,,1,1.110598065955778e-05,141,1.110598065955778e-05,419.8566861152649,1.3938119061344728e-05,1,1.3938119061344728e-05,432.6753489971161,2.173537734904253e-05,1,2.173537734904253e-05,394.7546169757843,2.173537734904253e-05,100,2.173537734904253e-05,375.79758405685425,9.857735063887993e-06,20,9.857735063887993e-06,411.84382915496826,ok
