The latest version of Julia in the `release` channel is 1.11.5+0.x64.linux.gnu. You currently have `1.11.3+0.x64.linux.gnu` installed. Run:

  juliaup update

in your terminal shell to install Julia 1.11.5+0.x64.linux.gnu and update the `release` channel to that version.
DEBUG [determine_optimal_points_count]: Large num points: 1
DEBUG [determine_optimal_points_count]: Good num points: 1
DEBUG [multipoint_parameter_estimation]: Parameter estimation using this many points: 1
DEBUG [multipoint_parameter_estimation]: Ideal final target: 
-0.778 + _t1_r_t_
0.16464969599999998 + _t1_rˍt_t_
0.05502967385702401 + _t1_rˍtt_t_
-0.05966830744749711 + _t1_rˍttt_t_
-0.03143110894813239 + _t1_rˍtttt_t_
_t1_rˍt_t_ - _t1_r_t_*_tpk1_ + _t1_r_t_*_t1_w_t_*_tpk2_
_t1_rˍtt_t_ - _t1_rˍt_t_*_tpk1_ + _t1_r_t_*_t1_wˍt_t_*_tpk2_ + _t1_rˍt_t_*_t1_w_t_*_tpk2_
_t1_rˍttt_t_ - _t1_rˍtt_t_*_tpk1_ + _t1_r_t_*_t1_wˍtt_t_*_tpk2_ + 2_t1_rˍt_t_*_t1_wˍt_t_*_tpk2_ + _t1_rˍtt_t_*_t1_w_t_*_tpk2_
_t1_rˍtttt_t_ - _t1_rˍttt_t_*_tpk1_ + _t1_r_t_*_t1_wˍttt_t_*_tpk2_ + 3_t1_rˍt_t_*_t1_wˍtt_t_*_tpk2_ + 3_t1_rˍtt_t_*_t1_wˍt_t_*_tpk2_ + _t1_rˍttt_t_*_t1_w_t_*_tpk2_
_t1_wˍt_t_ + _t1_w_t_*_tpk3_ - _t1_r_t_*_t1_w_t_*_tpk2_
_t1_wˍtt_t_ + _t1_wˍt_t_*_tpk3_ - _t1_r_t_*_t1_wˍt_t_*_tpk2_ - _t1_rˍt_t_*_t1_w_t_*_tpk2_
_t1_wˍttt_t_ + _t1_wˍtt_t_*_tpk3_ - _t1_r_t_*_t1_wˍtt_t_*_tpk2_ - 2_t1_rˍt_t_*_t1_wˍt_t_*_tpk2_ - _t1_rˍtt_t_*_t1_w_t_*_tpk2_
DEBUG [but we are actually solving this: 
-0.7779999976612383 + _t1_r_t_
0.16464941415796921 + _t1_rˍt_t_
0.05504838972174914 + _t1_rˍtt_t_
-0.06045833854827443 + _t1_rˍttt_t_
-0.007857650734333747 + _t1_rˍtttt_t_
_t1_rˍt_t_ - _t1_r_t_*_tpk1_ + _t1_r_t_*_t1_w_t_*_tpk2_
_t1_rˍtt_t_ - _t1_rˍt_t_*_tpk1_ + _t1_r_t_*_t1_wˍt_t_*_tpk2_ + _t1_rˍt_t_*_t1_w_t_*_tpk2_
_t1_rˍttt_t_ - _t1_rˍtt_t_*_tpk1_ + _t1_r_t_*_t1_wˍtt_t_*_tpk2_ + 2_t1_rˍt_t_*_t1_wˍt_t_*_tpk2_ + _t1_rˍtt_t_*_t1_w_t_*_tpk2_
_t1_rˍtttt_t_ - _t1_rˍttt_t_*_tpk1_ + _t1_r_t_*_t1_wˍttt_t_*_tpk2_ + 3_t1_rˍt_t_*_t1_wˍtt_t_*_tpk2_ + 3_t1_rˍtt_t_*_t1_wˍt_t_*_tpk2_ + _t1_rˍttt_t_*_t1_w_t_*_tpk2_
_t1_wˍt_t_ + _t1_w_t_*_tpk3_ - _t1_r_t_*_t1_w_t_*_tpk2_
_t1_wˍtt_t_ + _t1_wˍt_t_*_tpk3_ - _t1_r_t_*_t1_wˍt_t_*_tpk2_ - _t1_rˍt_t_*_t1_w_t_*_tpk2_
_t1_wˍttt_t_ + _t1_wˍtt_t_*_tpk3_ - _t1_r_t_*_t1_wˍtt_t_*_tpk2_ - 2_t1_rˍt_t_*_t1_wˍt_t_*_tpk2_ - _t1_rˍtt_t_*_t1_w_t_*_tpk2_
As a reminder the true parameter values are: 
OrderedDict{Num, Float64}(k1 => 0.23, k2 => 0.592, k3 => 0.199)
And the true states are: 
OrderedDict{Num, Float64}(r(t) => 0.778, w(t) => 0.746)
The forward substitution dictionary is: 
Any[OrderedDict{Num, Any}(rˍt(t) => _t1_rˍt_t_, wˍt(t) => _t1_wˍt_t_, rˍtt(t) => _t1_rˍtt_t_, wˍtt(t) => _t1_wˍtt_t_, rˍttt(t) => _t1_rˍttt_t_, wˍttt(t) => _t1_wˍttt_t_, rˍtttt(t) => _t1_rˍtttt_t_, wˍtttt(t) => _t1_wˍtttt_t_, rˍttttt(t) => _t1_rˍttttt_t_, wˍttttt(t) => _t1_wˍttttt_t_, rˍtttttt(t) => _t1_rˍtttttt_t_, wˍtttttt(t) => _t1_wˍtttttt_t_, rˍttttttt(t) => _t1_rˍttttttt_t_, wˍttttttt(t) => _t1_wˍttttttt_t_, r(t) => _t1_r_t_, w(t) => _t1_w_t_, y1(t) => _t1_y1_t_, y1ˍt(t) => _t1_y1ˍt_t_, y1ˍtt(t) => _t1_y1ˍtt_t_, y1ˍttt(t) => _t1_y1ˍttt_t_, y1ˍtttt(t) => _t1_y1ˍtttt_t_, y1ˍttttt(t) => _t1_y1ˍttttt_t_, y1ˍtttttt(t) => _t1_y1ˍtttttt_t_, y1ˍttttttt(t) => _t1_y1ˍttttttt_t_, k2 => _tpk2_, k1 => _tpk1_, k3 => _tpk3_)]
The reverse substitution dictionary is: 
Any[OrderedDict{Any, Any}(_t1_rˍt_t_ => rˍt(t), _t1_wˍt_t_ => wˍt(t), _t1_rˍtt_t_ => rˍtt(t), _t1_wˍtt_t_ => wˍtt(t), _t1_rˍttt_t_ => rˍttt(t), _t1_wˍttt_t_ => wˍttt(t), _t1_rˍtttt_t_ => rˍtttt(t), _t1_wˍtttt_t_ => wˍtttt(t), _t1_rˍttttt_t_ => rˍttttt(t), _t1_wˍttttt_t_ => wˍttttt(t), _t1_rˍtttttt_t_ => rˍtttttt(t), _t1_wˍtttttt_t_ => wˍtttttt(t), _t1_rˍttttttt_t_ => rˍttttttt(t), _t1_wˍttttttt_t_ => wˍttttttt(t), _t1_r_t_ => r(t), _t1_w_t_ => w(t), _t1_y1_t_ => y1(t), _t1_y1ˍt_t_ => y1ˍt(t), _t1_y1ˍtt_t_ => y1ˍtt(t), _t1_y1ˍttt_t_ => y1ˍttt(t), _t1_y1ˍtttt_t_ => y1ˍtttt(t), _t1_y1ˍttttt_t_ => y1ˍttttt(t), _t1_y1ˍtttttt_t_ => y1ˍtttttt(t), _t1_y1ˍttttttt_t_ => y1ˍttttttt(t), _tpk2_ => k2, _tpk1_ => k1, _tpk3_ => k3)]
DEBUG [multipoint_parameter_estimation]: Evaluated ideal polynomial system with exact state and parameter values:
0.0
0.0
1.3877787807814457e-17
6.938893903907228e-18
-2.7755575615628914e-17
0.0
1.3877787807814457e-17
1.734723475976807e-18
0.0
0.0
0.0
1.734723475976807e-18
DEBUG [multipoint_parameter_estimation]: Evaluated interpolated polynomial system with exact state and parameter values:
2.3387617398284988e-9
-2.8184203076930814e-7
1.8715864725148135e-5
-0.0007900311007773136
0.023573458213798616
0.0
1.3877787807814457e-17
1.734723475976807e-18
0.0
0.0
0.0
1.734723475976807e-18
and by the way the exact state values are: (at the time index 1)
OrderedDict{Any, Any}(r(t) => 0.778, w(t) => 0.746)
and by the way the exact parameter values are:
OrderedDict{Num, Float64}(k1 => 0.23, k2 => 0.592, k3 => 0.199)
aa_system
Any[_t1_r_t_ - 7007600999122799//9007199254740992, _t1_rˍt_t_ + 5932120321988805//36028797018963968, _t1_rˍtt_t_ + 7933309038022889//144115188075855872, _t1_rˍttt_t_ - 8712964830638337//144115188075855872, _t1_rˍtttt_t_ - 1132406813412895//144115188075855872, _tpk2_*_t1_r_t_*_t1_w_t_ - _tpk1_*_t1_r_t_ + _t1_rˍt_t_, _tpk2_*_t1_r_t_*_t1_wˍt_t_ + _tpk2_*_t1_w_t_*_t1_rˍt_t_ - _tpk1_*_t1_rˍt_t_ + _t1_rˍtt_t_, _tpk2_*_t1_r_t_*_t1_wˍtt_t_ + _tpk2_*_t1_w_t_*_t1_rˍtt_t_ + 2*_tpk2_*_t1_rˍt_t_*_t1_wˍt_t_ - _tpk1_*_t1_rˍtt_t_ + _t1_rˍttt_t_, _tpk2_*_t1_r_t_*_t1_wˍttt_t_ + _tpk2_*_t1_w_t_*_t1_rˍttt_t_ + 3*_tpk2_*_t1_rˍt_t_*_t1_wˍtt_t_ + 3*_tpk2_*_t1_rˍtt_t_*_t1_wˍt_t_ - _tpk1_*_t1_rˍttt_t_ + _t1_rˍtttt_t_, -_tpk2_*_t1_r_t_*_t1_w_t_ + _tpk3_*_t1_w_t_ + _t1_wˍt_t_, -_tpk2_*_t1_r_t_*_t1_wˍt_t_ - _tpk2_*_t1_w_t_*_t1_rˍt_t_ + _tpk3_*_t1_wˍt_t_ + _t1_wˍtt_t_, -_tpk2_*_t1_r_t_*_t1_wˍtt_t_ - _tpk2_*_t1_w_t_*_t1_rˍtt_t_ - 2*_tpk2_*_t1_rˍt_t_*_t1_wˍt_t_ + _tpk3_*_t1_wˍtt_t_ + _t1_wˍttt_t_]
R
Multivariate polynomial ring in 12 variables over rationals
primes of bitsize 28
G-Q-Pt-FG-LT-LP(C)
Dimension of the quotient :2
Degree of the radical :2
Use last variable as separating element
Separating form: [0, 0, 0, 0, 0, 0, 0, 0, 0, 0, 0, 1]
Run Groebner learn
Test cyclic optimization
Apply cyclic optimization 
Multi-modular computation (1 threads): G-Q-Pt-FG-LT-LP(C)
5-9-13-17-21-25-29-33-37-41-45-49-53-61-69-
check-G-Q-Pt-FG-LT-LP(C)
Nb Primes used :69
2-element Vector{Vector{MPFI.BigInterval}}:
 [[0.0728002763058154765539, 0.0728002763574776847669], [1.56801654461845166273, 1.56801654473317927414], [-0.0082867095595016305819, -0.00828670954604822857753], [0.777999997650641899157, 0.777999997671834670924], [24.4456240049377398274, 24.4456240051861429909], [-0.164649414158529847607, -0.164649414157408582349], [-0.0550483897218428628574, -0.0550483897216554226316], [0.060458338548222967867, 0.0604583385483258984434], [0.00785765073433040291217, 0.00785765073433709175433], [1.58714006815011343475, 1.58714006815063692578], [-0.189972446985045217144, -0.189972446985013887557], [-0.148349370879547924993, -0.148349370879528586933]]
 [[0.729875269963846781788, 0.729875269971550361478], [-0.492326769400481278698, -0.492326769396973535611], [0.979479010363867257593, 0.979479010366361554164], [0.777999997660576010904, 0.777999997661900559177], [-0.384579588566113987589, -0.384579588560829796956], [-0.164649414158004254522, -0.164649414157934175434], [-0.0550483897217550002518, -0.0550483897217432852372], [0.0604583385482712165746, 0.0604583385482776497357], [0.00785765073433353830669, 0.0078576507343339563598], [0.158306823530138210229, 0.158306823530151923774], [-0.0189485069679435802019, -0.0189485069679427594804], [-0.0147968778231424291647, -0.0147968778231422071201]]
Vector{Any}
SOLNS: Any[[0.07280027633164658, 1.5680165446758154, -0.00828670955277493, 0.7779999976612383, 24.44562400506194, -0.16464941415796921, -0.05504838972174914, 0.06045833854827443, 0.007857650734333747, 1.5871400681503751, -0.18997244698502955, -0.14834937087953826], [0.7298752699676986, -0.4923267693987274, 0.9794790103651144, 0.7779999976612383, -0.3845795885634719, -0.16464941415796921, -0.05504838972174914, 0.06045833854827443, 0.007857650734333747, 0.15830682353014508, -0.01894850696794317, -0.014796877823142318]]
Vector{Float64}
SOLN 1: [0.07280027633164658, 1.5680165446758154, -0.00828670955277493, 0.7779999976612383, 24.44562400506194, -0.16464941415796921, -0.05504838972174914, 0.06045833854827443, 0.007857650734333747, 1.5871400681503751, -0.18997244698502955, -0.14834937087953826]
Vector{Float64}
SOLN 2: [0.7298752699676986, -0.4923267693987274, 0.9794790103651144, 0.7779999976612383, -0.3845795885634719, -0.16464941415796921, -0.05504838972174914, 0.06045833854827443, 0.007857650734333747, 0.15830682353014508, -0.01894850696794317, -0.014796877823142318]
DEBUG: Processing solution 1
DEBUG: Constructed initial conditions: [0.7779999976612383, 24.44562400506194]
DEBUG: Constructed parameter values: [0.07280027633164658, 1.5680165446758154, -0.00828670955277493]
DEBUG: Parameter/IC mapping:
Dict("r(t)" => 0.7779999976612383, "k3" => -0.00828670955277493, "w(t)" => 24.44562400506194, "k1" => 1.5680165446758154, "k2" => 0.07280027633164658)
DEBUG: Processing solution 2
DEBUG: Constructed initial conditions: [0.7779999976612383, -0.3845795885634719]
DEBUG: Constructed parameter values: [0.7298752699676986, -0.4923267693987274, 0.9794790103651144]
DEBUG: Parameter/IC mapping:
Dict("r(t)" => 0.7779999976612383, "k3" => 0.9794790103651144, "w(t)" => -0.3845795885634719, "k1" => -0.4923267693987274, "k2" => 0.7298752699676986)
DEBUG [determine_optimal_points_count]: Large num points: 1
DEBUG [determine_optimal_points_count]: Good num points: 1
DEBUG [multipoint_parameter_estimation]: Parameter estimation using this many points: 1
DEBUG [multipoint_parameter_estimation]: Ideal final target: 
-0.740554029395611 + _t111_r_t_
0.17526283596471162 + _t111_rˍt_t_
0.04125858023787278 + _t111_rˍtt_t_
-0.06497530130435203 + _t111_rˍttt_t_
-0.016508783403888554 + _t111_rˍtttt_t_
_t111_rˍt_t_ - _t111_r_t_*_tpk1_ + _t111_r_t_*_t111_w_t_*_tpk2_
_t111_rˍtt_t_ - _t111_rˍt_t_*_tpk1_ + _t111_r_t_*_t111_wˍt_t_*_tpk2_ + _t111_rˍt_t_*_t111_w_t_*_tpk2_
_t111_rˍttt_t_ - _t111_rˍtt_t_*_tpk1_ + _t111_r_t_*_t111_wˍtt_t_*_tpk2_ + 2_t111_rˍt_t_*_t111_wˍt_t_*_tpk2_ + _t111_rˍtt_t_*_t111_w_t_*_tpk2_
_t111_rˍtttt_t_ - _t111_rˍttt_t_*_tpk1_ + _t111_r_t_*_t111_wˍttt_t_*_tpk2_ + 3_t111_rˍt_t_*_t111_wˍtt_t_*_tpk2_ + 3_t111_rˍtt_t_*_t111_wˍt_t_*_tpk2_ + _t111_rˍttt_t_*_t111_w_t_*_tpk2_
_t111_wˍt_t_ + _t111_w_t_*_tpk3_ - _t111_r_t_*_t111_w_t_*_tpk2_
_t111_wˍtt_t_ + _t111_wˍt_t_*_tpk3_ - _t111_r_t_*_t111_wˍt_t_*_tpk2_ - _t111_rˍt_t_*_t111_w_t_*_tpk2_
_t111_wˍttt_t_ + _t111_wˍtt_t_*_tpk3_ - _t111_r_t_*_t111_wˍtt_t_*_tpk2_ - 2_t111_rˍt_t_*_t111_wˍt_t_*_tpk2_ - _t111_rˍtt_t_*_t111_w_t_*_tpk2_
DEBUG [but we are actually solving this: 
-0.7405540401151149 + _t111_r_t_
0.17526285765077704 + _t111_rˍt_t_
0.04125887884859186 + _t111_rˍtt_t_
-0.06499070483017691 + _t111_rˍttt_t_
-0.016562448392199836 + _t111_rˍtttt_t_
_t111_rˍt_t_ - _t111_r_t_*_tpk1_ + _t111_r_t_*_t111_w_t_*_tpk2_
_t111_rˍtt_t_ - _t111_rˍt_t_*_tpk1_ + _t111_r_t_*_t111_wˍt_t_*_tpk2_ + _t111_rˍt_t_*_t111_w_t_*_tpk2_
_t111_rˍttt_t_ - _t111_rˍtt_t_*_tpk1_ + _t111_r_t_*_t111_wˍtt_t_*_tpk2_ + 2_t111_rˍt_t_*_t111_wˍt_t_*_tpk2_ + _t111_rˍtt_t_*_t111_w_t_*_tpk2_
_t111_rˍtttt_t_ - _t111_rˍttt_t_*_tpk1_ + _t111_r_t_*_t111_wˍttt_t_*_tpk2_ + 3_t111_rˍt_t_*_t111_wˍtt_t_*_tpk2_ + 3_t111_rˍtt_t_*_t111_wˍt_t_*_tpk2_ + _t111_rˍttt_t_*_t111_w_t_*_tpk2_
_t111_wˍt_t_ + _t111_w_t_*_tpk3_ - _t111_r_t_*_t111_w_t_*_tpk2_
_t111_wˍtt_t_ + _t111_wˍt_t_*_tpk3_ - _t111_r_t_*_t111_wˍt_t_*_tpk2_ - _t111_rˍt_t_*_t111_w_t_*_tpk2_
_t111_wˍttt_t_ + _t111_wˍtt_t_*_tpk3_ - _t111_r_t_*_t111_wˍtt_t_*_tpk2_ - 2_t111_rˍt_t_*_t111_wˍt_t_*_tpk2_ - _t111_rˍtt_t_*_t111_w_t_*_tpk2_
As a reminder the true parameter values are: 
OrderedDict{Num, Float64}(k1 => 0.23, k2 => 0.592, k3 => 0.199)
And the true states are: 
OrderedDict{Num, Float64}(r(t) => 0.778, w(t) => 0.746)
The forward substitution dictionary is: 
Any[OrderedDict{Num, Any}(rˍt(t) => _t111_rˍt_t_, wˍt(t) => _t111_wˍt_t_, rˍtt(t) => _t111_rˍtt_t_, wˍtt(t) => _t111_wˍtt_t_, rˍttt(t) => _t111_rˍttt_t_, wˍttt(t) => _t111_wˍttt_t_, rˍtttt(t) => _t111_rˍtttt_t_, wˍtttt(t) => _t111_wˍtttt_t_, rˍttttt(t) => _t111_rˍttttt_t_, wˍttttt(t) => _t111_wˍttttt_t_, rˍtttttt(t) => _t111_rˍtttttt_t_, wˍtttttt(t) => _t111_wˍtttttt_t_, rˍttttttt(t) => _t111_rˍttttttt_t_, wˍttttttt(t) => _t111_wˍttttttt_t_, r(t) => _t111_r_t_, w(t) => _t111_w_t_, y1(t) => _t111_y1_t_, y1ˍt(t) => _t111_y1ˍt_t_, y1ˍtt(t) => _t111_y1ˍtt_t_, y1ˍttt(t) => _t111_y1ˍttt_t_, y1ˍtttt(t) => _t111_y1ˍtttt_t_, y1ˍttttt(t) => _t111_y1ˍttttt_t_, y1ˍtttttt(t) => _t111_y1ˍtttttt_t_, y1ˍttttttt(t) => _t111_y1ˍttttttt_t_, k2 => _tpk2_, k1 => _tpk1_, k3 => _tpk3_)]
The reverse substitution dictionary is: 
Any[OrderedDict{Any, Any}(_t111_rˍt_t_ => rˍt(t), _t111_wˍt_t_ => wˍt(t), _t111_rˍtt_t_ => rˍtt(t), _t111_wˍtt_t_ => wˍtt(t), _t111_rˍttt_t_ => rˍttt(t), _t111_wˍttt_t_ => wˍttt(t), _t111_rˍtttt_t_ => rˍtttt(t), _t111_wˍtttt_t_ => wˍtttt(t), _t111_rˍttttt_t_ => rˍttttt(t), _t111_wˍttttt_t_ => wˍttttt(t), _t111_rˍtttttt_t_ => rˍtttttt(t), _t111_wˍtttttt_t_ => wˍtttttt(t), _t111_rˍttttttt_t_ => rˍttttttt(t), _t111_wˍttttttt_t_ => wˍttttttt(t), _t111_r_t_ => r(t), _t111_w_t_ => w(t), _t111_y1_t_ => y1(t), _t111_y1ˍt_t_ => y1ˍt(t), _t111_y1ˍtt_t_ => y1ˍtt(t), _t111_y1ˍttt_t_ => y1ˍttt(t), _t111_y1ˍtttt_t_ => y1ˍtttt(t), _t111_y1ˍttttt_t_ => y1ˍttttt(t), _t111_y1ˍtttttt_t_ => y1ˍtttttt(t), _t111_y1ˍttttttt_t_ => y1ˍttttttt(t), _tpk2_ => k2, _tpk1_ => k1, _tpk3_ => k3)]
DEBUG [multipoint_parameter_estimation]: Evaluated ideal polynomial system with exact state and parameter values:
0.0
-5.551115123125783e-17
0.0
2.7755575615628914e-17
-6.938893903907228e-18
0.0
-1.3877787807814457e-17
0.0
-3.469446951953614e-18
0.0
0.0
3.469446951953614e-18
DEBUG [multipoint_parameter_estimation]: Evaluated interpolated polynomial system with exact state and parameter values:
-1.0719503951150955e-8
2.168606536012696e-8
2.9861071908221515e-7
-1.5403525824853048e-5
-5.366498831128885e-5
0.0
-1.3877787807814457e-17
0.0
-3.469446951953614e-18
0.0
0.0
3.469446951953614e-18
and by the way the exact state values are: (at the time index 111)
OrderedDict{Any, Any}(r(t) => 0.740554029395611, w(t) => 0.7882845984400872)
and by the way the exact parameter values are:
OrderedDict{Num, Float64}(k1 => 0.23, k2 => 0.592, k3 => 0.199)
aa_system
Any[_t111_r_t_ - 3335158899110147//4503599627370496, _t111_rˍt_t_ + 3157254961631711//18014398509481984, _t111_rˍtt_t_ + 743253885632971//18014398509481984, _t111_rˍttt_t_ - 2341536912445845//36028797018963968, _t111_rˍtttt_t_ - 298362545629817//18014398509481984, _tpk2_*_t111_r_t_*_t111_w_t_ - _tpk1_*_t111_r_t_ + _t111_rˍt_t_, _tpk2_*_t111_r_t_*_t111_wˍt_t_ + _tpk2_*_t111_w_t_*_t111_rˍt_t_ - _tpk1_*_t111_rˍt_t_ + _t111_rˍtt_t_, _tpk2_*_t111_r_t_*_t111_wˍtt_t_ + _tpk2_*_t111_w_t_*_t111_rˍtt_t_ + 2*_tpk2_*_t111_rˍt_t_*_t111_wˍt_t_ - _tpk1_*_t111_rˍtt_t_ + _t111_rˍttt_t_, _tpk2_*_t111_r_t_*_t111_wˍttt_t_ + _tpk2_*_t111_w_t_*_t111_rˍttt_t_ + 3*_tpk2_*_t111_rˍt_t_*_t111_wˍtt_t_ + 3*_tpk2_*_t111_rˍtt_t_*_t111_wˍt_t_ - _tpk1_*_t111_rˍttt_t_ + _t111_rˍtttt_t_, -_tpk2_*_t111_r_t_*_t111_w_t_ + _tpk3_*_t111_w_t_ + _t111_wˍt_t_, -_tpk2_*_t111_r_t_*_t111_wˍt_t_ - _tpk2_*_t111_w_t_*_t111_rˍt_t_ + _tpk3_*_t111_wˍt_t_ + _t111_wˍtt_t_, -_tpk2_*_t111_r_t_*_t111_wˍtt_t_ - _tpk2_*_t111_w_t_*_t111_rˍtt_t_ - 2*_tpk2_*_t111_rˍt_t_*_t111_wˍt_t_ + _tpk3_*_t111_wˍtt_t_ + _t111_wˍttt_t_]
R
Multivariate polynomial ring in 12 variables over rationals
primes of bitsize 28
G-Q-Pt-FG-LT-LP(C)
Dimension of the quotient :2
Degree of the radical :2
Use last variable as separating element
Separating form: [0, 0, 0, 0, 0, 0, 0, 0, 0, 0, 0, 1]
Run Groebner learn
Test cyclic optimization
Apply cyclic optimization 
Multi-modular computation (1 threads): G-Q-Pt-FG-LT-LP(C)
5-9-13-17-21-25-29-33-37-41-45-49-53-61-69-
check-G-Q-Pt-FG-LT-LP(C)
Nb Primes used :69
2-element Vector{Vector{MPFI.BigInterval}}:
 [[0.593644270268630513444, 0.593644270558576099268], [0.229295157534199993909, 0.229295157560913226466], [0.199854655918453667176, 0.199854655970656203686], [0.740554040099615780072, 0.740554040130614104151], [0.784913944080852612724, 0.784913944092637707136], [-0.175262857651694062882, -0.175262857649860012094], [-0.0412588788486998014024, -0.0412588788484839231499], [0.064990704830091897201, 0.0649907048302619221787], [0.0165624483921890031229, 0.0165624483922106679895], [0.188199606708526399006, 0.188199606708629573596], [-0.0365406133582379130666, -0.0365406133582278969376], [-0.0671483542452532774086, -0.0671483542452405216955]]
 [[1.68248628740906409657, 1.68248628752712755543], [-0.408887483283938594773, -0.408887483273501573002], [1.89468696475819170391, 1.89468696478897803269], [0.740554040111240151594, 0.740554040118989732628], [-0.102362186502696811763, -0.102362186501536191148], [-0.17526285765100629384, -0.175262857650547781136], [-0.0412588788486188470586, -0.0412588788485648774937], [0.0649907048301556565659, 0.0649907048301981628138], [0.0165624483921971274479, 0.0165624483922025436646], [0.0664038804066468461508, 0.066403880406662682455], [-0.0128928989909284894115, -0.0128928989909269520323], [-0.023692458038500992152, -0.0236924580385004677589]]
Vector{Any}
SOLNS: Any[[0.5936442704136033, 0.2292951575475566, 0.19985465594455493, 0.7405540401151149, 0.7849139440867452, -0.17526285765077704, -0.04125887884859186, 0.06499070483017691, 0.016562448392199836, 0.188199606708578, -0.03654061335823291, -0.0671483542452469], [1.682486287468096, -0.4088874832787201, 1.894686964773585, 0.7405540401151149, -0.1023621865021165, -0.17526285765077704, -0.04125887884859186, 0.06499070483017691, 0.016562448392199836, 0.06640388040665476, -0.01289289899092772, -0.02369245803850073]]
Vector{Float64}
SOLN 1: [0.5936442704136033, 0.2292951575475566, 0.19985465594455493, 0.7405540401151149, 0.7849139440867452, -0.17526285765077704, -0.04125887884859186, 0.06499070483017691, 0.016562448392199836, 0.188199606708578, -0.03654061335823291, -0.0671483542452469]
Vector{Float64}
SOLN 2: [1.682486287468096, -0.4088874832787201, 1.894686964773585, 0.7405540401151149, -0.1023621865021165, -0.17526285765077704, -0.04125887884859186, 0.06499070483017691, 0.016562448392199836, 0.06640388040665476, -0.01289289899092772, -0.02369245803850073]
DEBUG: Processing solution 1
DEBUG: Constructed initial conditions: [0.7405540401151149, 0.7849139440867452]
DEBUG: Constructed parameter values: [0.5936442704136033, 0.2292951575475566, 0.19985465594455493]
DEBUG: Parameter/IC mapping:
Dict("r(t)" => 0.7405540401151149, "k3" => 0.19985465594455493, "w(t)" => 0.7849139440867452, "k1" => 0.2292951575475566, "k2" => 0.5936442704136033)
DEBUG: Processing solution 2
DEBUG: Constructed initial conditions: [0.7405540401151149, -0.1023621865021165]
DEBUG: Constructed parameter values: [1.682486287468096, -0.4088874832787201, 1.894686964773585]
DEBUG: Parameter/IC mapping:
Dict("r(t)" => 0.7405540401151149, "k3" => 1.894686964773585, "w(t)" => -0.1023621865021165, "k1" => -0.4088874832787201, "k2" => 1.682486287468096)
DEBUG [determine_optimal_points_count]: Large num points: 1
DEBUG [determine_optimal_points_count]: Good num points: 1
DEBUG [multipoint_parameter_estimation]: Parameter estimation using this many points: 1
DEBUG [multipoint_parameter_estimation]: Ideal final target: 
-0.7007488164156793 + _t222_r_t_
0.182798302467924 + _t222_rˍt_t_
0.026558716885281775 + _t222_rˍtt_t_
-0.06686109626866385 + _t222_rˍttt_t_
-0.00046317000077351206 + _t222_rˍtttt_t_
_t222_rˍt_t_ - _t222_r_t_*_tpk1_ + _t222_r_t_*_t222_w_t_*_tpk2_
_t222_rˍtt_t_ - _t222_rˍt_t_*_tpk1_ + _t222_r_t_*_t222_wˍt_t_*_tpk2_ + _t222_rˍt_t_*_t222_w_t_*_tpk2_
_t222_rˍttt_t_ - _t222_rˍtt_t_*_tpk1_ + _t222_r_t_*_t222_wˍtt_t_*_tpk2_ + 2_t222_rˍt_t_*_t222_wˍt_t_*_tpk2_ + _t222_rˍtt_t_*_t222_w_t_*_tpk2_
_t222_rˍtttt_t_ - _t222_rˍttt_t_*_tpk1_ + _t222_r_t_*_t222_wˍttt_t_*_tpk2_ + 3_t222_rˍt_t_*_t222_wˍtt_t_*_tpk2_ + 3_t222_rˍtt_t_*_t222_wˍt_t_*_tpk2_ + _t222_rˍttt_t_*_t222_w_t_*_tpk2_
_t222_wˍt_t_ + _t222_w_t_*_tpk3_ - _t222_r_t_*_t222_w_t_*_tpk2_
_t222_wˍtt_t_ + _t222_wˍt_t_*_tpk3_ - _t222_r_t_*_t222_wˍt_t_*_tpk2_ - _t222_rˍt_t_*_t222_w_t_*_tpk2_
_t222_wˍttt_t_ + _t222_wˍtt_t_*_tpk3_ - _t222_r_t_*_t222_wˍtt_t_*_tpk2_ - 2_t222_rˍt_t_*_t222_wˍt_t_*_tpk2_ - _t222_rˍtt_t_*_t222_w_t_*_tpk2_
DEBUG [but we are actually solving this: 
-0.700748816714635 + _t222_r_t_
0.1827983048827747 + _t222_rˍt_t_
0.026558960204387114 + _t222_rˍtt_t_
-0.06686227383820241 + _t222_rˍttt_t_
-0.000556041059788883 + _t222_rˍtttt_t_
_t222_rˍt_t_ - _t222_r_t_*_tpk1_ + _t222_r_t_*_t222_w_t_*_tpk2_
_t222_rˍtt_t_ - _t222_rˍt_t_*_tpk1_ + _t222_r_t_*_t222_wˍt_t_*_tpk2_ + _t222_rˍt_t_*_t222_w_t_*_tpk2_
_t222_rˍttt_t_ - _t222_rˍtt_t_*_tpk1_ + _t222_r_t_*_t222_wˍtt_t_*_tpk2_ + 2_t222_rˍt_t_*_t222_wˍt_t_*_tpk2_ + _t222_rˍtt_t_*_t222_w_t_*_tpk2_
_t222_rˍtttt_t_ - _t222_rˍttt_t_*_tpk1_ + _t222_r_t_*_t222_wˍttt_t_*_tpk2_ + 3_t222_rˍt_t_*_t222_wˍtt_t_*_tpk2_ + 3_t222_rˍtt_t_*_t222_wˍt_t_*_tpk2_ + _t222_rˍttt_t_*_t222_w_t_*_tpk2_
_t222_wˍt_t_ + _t222_w_t_*_tpk3_ - _t222_r_t_*_t222_w_t_*_tpk2_
_t222_wˍtt_t_ + _t222_wˍt_t_*_tpk3_ - _t222_r_t_*_t222_wˍt_t_*_tpk2_ - _t222_rˍt_t_*_t222_w_t_*_tpk2_
_t222_wˍttt_t_ + _t222_wˍtt_t_*_tpk3_ - _t222_r_t_*_t222_wˍtt_t_*_tpk2_ - 2_t222_rˍt_t_*_t222_wˍt_t_*_tpk2_ - _t222_rˍtt_t_*_t222_w_t_*_tpk2_
As a reminder the true parameter values are: 
OrderedDict{Num, Float64}(k1 => 0.23, k2 => 0.592, k3 => 0.199)
And the true states are: 
OrderedDict{Num, Float64}(r(t) => 0.778, w(t) => 0.746)
The forward substitution dictionary is: 
Any[OrderedDict{Num, Any}(rˍt(t) => _t222_rˍt_t_, wˍt(t) => _t222_wˍt_t_, rˍtt(t) => _t222_rˍtt_t_, wˍtt(t) => _t222_wˍtt_t_, rˍttt(t) => _t222_rˍttt_t_, wˍttt(t) => _t222_wˍttt_t_, rˍtttt(t) => _t222_rˍtttt_t_, wˍtttt(t) => _t222_wˍtttt_t_, rˍttttt(t) => _t222_rˍttttt_t_, wˍttttt(t) => _t222_wˍttttt_t_, rˍtttttt(t) => _t222_rˍtttttt_t_, wˍtttttt(t) => _t222_wˍtttttt_t_, rˍttttttt(t) => _t222_rˍttttttt_t_, wˍttttttt(t) => _t222_wˍttttttt_t_, r(t) => _t222_r_t_, w(t) => _t222_w_t_, y1(t) => _t222_y1_t_, y1ˍt(t) => _t222_y1ˍt_t_, y1ˍtt(t) => _t222_y1ˍtt_t_, y1ˍttt(t) => _t222_y1ˍttt_t_, y1ˍtttt(t) => _t222_y1ˍtttt_t_, y1ˍttttt(t) => _t222_y1ˍttttt_t_, y1ˍtttttt(t) => _t222_y1ˍtttttt_t_, y1ˍttttttt(t) => _t222_y1ˍttttttt_t_, k2 => _tpk2_, k1 => _tpk1_, k3 => _tpk3_)]
The reverse substitution dictionary is: 
Any[OrderedDict{Any, Any}(_t222_rˍt_t_ => rˍt(t), _t222_wˍt_t_ => wˍt(t), _t222_rˍtt_t_ => rˍtt(t), _t222_wˍtt_t_ => wˍtt(t), _t222_rˍttt_t_ => rˍttt(t), _t222_wˍttt_t_ => wˍttt(t), _t222_rˍtttt_t_ => rˍtttt(t), _t222_wˍtttt_t_ => wˍtttt(t), _t222_rˍttttt_t_ => rˍttttt(t), _t222_wˍttttt_t_ => wˍttttt(t), _t222_rˍtttttt_t_ => rˍtttttt(t), _t222_wˍtttttt_t_ => wˍtttttt(t), _t222_rˍttttttt_t_ => rˍttttttt(t), _t222_wˍttttttt_t_ => wˍttttttt(t), _t222_r_t_ => r(t), _t222_w_t_ => w(t), _t222_y1_t_ => y1(t), _t222_y1ˍt_t_ => y1ˍt(t), _t222_y1ˍtt_t_ => y1ˍtt(t), _t222_y1ˍttt_t_ => y1ˍttt(t), _t222_y1ˍtttt_t_ => y1ˍtttt(t), _t222_y1ˍttttt_t_ => y1ˍttttt(t), _t222_y1ˍtttttt_t_ => y1ˍtttttt(t), _t222_y1ˍttttttt_t_ => y1ˍttttttt(t), _tpk2_ => k2, _tpk1_ => k1, _tpk3_ => k3)]
DEBUG [multipoint_parameter_estimation]: Evaluated ideal polynomial system with exact state and parameter values:
0.0
-5.551115123125783e-17
0.0
2.7755575615628914e-17
-1.0408340855860843e-17
0.0
0.0
1.734723475976807e-18
3.469446951953614e-18
0.0
0.0
-3.469446951953614e-18
DEBUG [multipoint_parameter_estimation]: Evaluated interpolated polynomial system with exact state and parameter values:
-2.989556380228464e-10
2.414850652776579e-9
2.433191053398398e-7
-1.1775695385324303e-6
-9.287105901538135e-5
0.0
0.0
1.734723475976807e-18
3.469446951953614e-18
0.0
0.0
-3.469446951953614e-18
and by the way the exact state values are: (at the time index 222)
OrderedDict{Any, Any}(r(t) => 0.7007488164156793, w(t) => 0.8291577345203545)
and by the way the exact parameter values are:
OrderedDict{Num, Float64}(k1 => 0.23, k2 => 0.592, k3 => 0.199)
aa_system
Any[_t222_r_t_ - 1577946054918173//2251799813685248, _t222_rˍt_t_ + 1646500755508045//9007199254740992, _t222_rˍtt_t_ + 7655099089908841//288230376151711744, _t222_rˍttt_t_ - 4817934584685959//72057594037927936, _t222_rˍtttt_t_ - 2564286781099939//4611686018427387904, _tpk2_*_t222_r_t_*_t222_w_t_ - _tpk1_*_t222_r_t_ + _t222_rˍt_t_, _tpk2_*_t222_r_t_*_t222_wˍt_t_ + _tpk2_*_t222_w_t_*_t222_rˍt_t_ - _tpk1_*_t222_rˍt_t_ + _t222_rˍtt_t_, _tpk2_*_t222_r_t_*_t222_wˍtt_t_ + _tpk2_*_t222_w_t_*_t222_rˍtt_t_ + 2*_tpk2_*_t222_rˍt_t_*_t222_wˍt_t_ - _tpk1_*_t222_rˍtt_t_ + _t222_rˍttt_t_, _tpk2_*_t222_r_t_*_t222_wˍttt_t_ + _tpk2_*_t222_w_t_*_t222_rˍttt_t_ + 3*_tpk2_*_t222_rˍt_t_*_t222_wˍtt_t_ + 3*_tpk2_*_t222_rˍtt_t_*_t222_wˍt_t_ - _tpk1_*_t222_rˍttt_t_ + _t222_rˍtttt_t_, -_tpk2_*_t222_r_t_*_t222_w_t_ + _tpk3_*_t222_w_t_ + _t222_wˍt_t_, -_tpk2_*_t222_r_t_*_t222_wˍt_t_ - _tpk2_*_t222_w_t_*_t222_rˍt_t_ + _tpk3_*_t222_wˍt_t_ + _t222_wˍtt_t_, -_tpk2_*_t222_r_t_*_t222_wˍtt_t_ - _tpk2_*_t222_w_t_*_t222_rˍtt_t_ - 2*_tpk2_*_t222_rˍt_t_*_t222_wˍt_t_ + _tpk3_*_t222_wˍtt_t_ + _t222_wˍttt_t_]
R
Multivariate polynomial ring in 12 variables over rationals
primes of bitsize 28
G-Q-Pt-FG-LT-LP(C)
Dimension of the quotient :2
Degree of the radical :2
Use last variable as separating element
Separating form: [0, 0, 0, 0, 0, 0, 0, 0, 0, 0, 0, 1]
Run Groebner learn
Test cyclic optimization
Apply cyclic optimization 
Multi-modular computation (1 threads): G-Q-Pt-FG-LT-LP(C)
5-9-13-17-21-25-29-33-37-41-45-49-53-61-69-
check-G-Q-Pt-FG-LT-LP(C)
Nb Primes used :69
2-element Vector{Vector{MPFI.BigInterval}}:
 [[0.59464954608863449724, 0.594649546399344980949], [0.228480490492415052362, 0.228480490520859246967], [0.200185716063080386676, 0.200185716119029288932], [0.700748816698989912376, 0.700748816730280005451], [0.822908006518608586577, 0.822908006531901682206], [-0.182798304883795006356, -0.182798304881754412113], [-0.0265589602044612344115, -0.0265589602043129943572], [0.0668622738381091113893, 0.0668622738382957088174], [0.000556041059788495056939, 0.000556041059789270949124], [0.178171309697760556102, 0.178171309697864688768], [-0.050874237378160514136, -0.0508742373781456473491], [-0.0627461824536050027029, -0.0627461824535922819485]]
 [[1.69526766529560046911, 1.69526766542242329376], [-0.408533777228482485744, -0.408533777217351534399], [1.90541987072843722114, 1.90541987076146013193], [0.700748816710723697272, 0.700748816718546220554], [-0.087108601239425336034, -0.087108601238155511182], [-0.182798304883029783517, -0.182798304882519634953], [-0.0265589602044056443914, -0.0265589602043685843774], [0.0668622738381790854249, 0.0668622738382257347819], [0.000556041059788786016489, 0.000556041059788979989575], [0.0624972036162917518941, 0.0624972036163076969285], [-0.017845171468062629497, -0.0178451714680603530595], [-0.0220094971945781561535, -0.0220094971945776405002]]
Vector{Any}
SOLNS: Any[[0.5946495462439897, 0.22848049050663716, 0.20018571609105484, 0.700748816714635, 0.8229080065252551, -0.1827983048827747, -0.026558960204387114, 0.06686227383820241, 0.000556041059788883, 0.1781713096978126, -0.05087423737815308, -0.06274618245359864], [1.695267665359012, -0.408533777222917, 1.9054198707449488, 0.700748816714635, -0.08710860123879043, -0.1827983048827747, -0.026558960204387114, 0.06686227383820241, 0.000556041059788883, 0.06249720361629973, -0.017845171468061492, -0.0220094971945779]]
Vector{Float64}
SOLN 1: [0.5946495462439897, 0.22848049050663716, 0.20018571609105484, 0.700748816714635, 0.8229080065252551, -0.1827983048827747, -0.026558960204387114, 0.06686227383820241, 0.000556041059788883, 0.1781713096978126, -0.05087423737815308, -0.06274618245359864]
Vector{Float64}
SOLN 2: [1.695267665359012, -0.408533777222917, 1.9054198707449488, 0.700748816714635, -0.08710860123879043, -0.1827983048827747, -0.026558960204387114, 0.06686227383820241, 0.000556041059788883, 0.06249720361629973, -0.017845171468061492, -0.0220094971945779]
DEBUG: Processing solution 1
DEBUG: Constructed initial conditions: [0.700748816714635, 0.8229080065252551]
DEBUG: Constructed parameter values: [0.5946495462439897, 0.22848049050663716, 0.20018571609105484]
DEBUG: Parameter/IC mapping:
Dict("r(t)" => 0.700748816714635, "k3" => 0.20018571609105484, "w(t)" => 0.8229080065252551, "k1" => 0.22848049050663716, "k2" => 0.5946495462439897)
DEBUG: Processing solution 2
DEBUG: Constructed initial conditions: [0.700748816714635, -0.08710860123879043]
DEBUG: Constructed parameter values: [1.695267665359012, -0.408533777222917, 1.9054198707449488]
DEBUG: Parameter/IC mapping:
Dict("r(t)" => 0.700748816714635, "k3" => 1.9054198707449488, "w(t)" => -0.08710860123879043, "k1" => -0.408533777222917, "k2" => 1.695267665359012)
DEBUG [determine_optimal_points_count]: Large num points: 1
DEBUG [determine_optimal_points_count]: Good num points: 1
DEBUG [multipoint_parameter_estimation]: Parameter estimation using this many points: 1
DEBUG [multipoint_parameter_estimation]: Ideal final target: 
-0.6592606529841446 + _t334_r_t_
0.18707660847698535 + _t334_rˍt_t_
0.011702349700763032 + _t334_rˍtt_t_
-0.06520912336307044 + _t334_rˍttt_t_
0.014935795812284349 + _t334_rˍtttt_t_
_t334_rˍt_t_ - _t334_r_t_*_tpk1_ + _t334_r_t_*_t334_w_t_*_tpk2_
_t334_rˍtt_t_ - _t334_rˍt_t_*_tpk1_ + _t334_r_t_*_t334_wˍt_t_*_tpk2_ + _t334_rˍt_t_*_t334_w_t_*_tpk2_
_t334_rˍttt_t_ - _t334_rˍtt_t_*_tpk1_ + _t334_r_t_*_t334_wˍtt_t_*_tpk2_ + 2_t334_rˍt_t_*_t334_wˍt_t_*_tpk2_ + _t334_rˍtt_t_*_t334_w_t_*_tpk2_
_t334_rˍtttt_t_ - _t334_rˍttt_t_*_tpk1_ + _t334_r_t_*_t334_wˍttt_t_*_tpk2_ + 3_t334_rˍt_t_*_t334_wˍtt_t_*_tpk2_ + 3_t334_rˍtt_t_*_t334_wˍt_t_*_tpk2_ + _t334_rˍttt_t_*_t334_w_t_*_tpk2_
_t334_wˍt_t_ + _t334_w_t_*_tpk3_ - _t334_r_t_*_t334_w_t_*_tpk2_
_t334_wˍtt_t_ + _t334_wˍt_t_*_tpk3_ - _t334_r_t_*_t334_wˍt_t_*_tpk2_ - _t334_rˍt_t_*_t334_w_t_*_tpk2_
_t334_wˍttt_t_ + _t334_wˍtt_t_*_tpk3_ - _t334_r_t_*_t334_wˍtt_t_*_tpk2_ - 2_t334_rˍt_t_*_t334_wˍt_t_*_tpk2_ - _t334_rˍtt_t_*_t334_w_t_*_tpk2_
DEBUG [but we are actually solving this: 
-0.6592606331747045 + _t334_r_t_
0.1870765968007782 + _t334_rˍt_t_
0.011702288321990478 + _t334_rˍtt_t_
-0.06520544069046517 + _t334_rˍttt_t_
0.014948238201558148 + _t334_rˍtttt_t_
_t334_rˍt_t_ - _t334_r_t_*_tpk1_ + _t334_r_t_*_t334_w_t_*_tpk2_
_t334_rˍtt_t_ - _t334_rˍt_t_*_tpk1_ + _t334_r_t_*_t334_wˍt_t_*_tpk2_ + _t334_rˍt_t_*_t334_w_t_*_tpk2_
_t334_rˍttt_t_ - _t334_rˍtt_t_*_tpk1_ + _t334_r_t_*_t334_wˍtt_t_*_tpk2_ + 2_t334_rˍt_t_*_t334_wˍt_t_*_tpk2_ + _t334_rˍtt_t_*_t334_w_t_*_tpk2_
_t334_rˍtttt_t_ - _t334_rˍttt_t_*_tpk1_ + _t334_r_t_*_t334_wˍttt_t_*_tpk2_ + 3_t334_rˍt_t_*_t334_wˍtt_t_*_tpk2_ + 3_t334_rˍtt_t_*_t334_wˍt_t_*_tpk2_ + _t334_rˍttt_t_*_t334_w_t_*_tpk2_
_t334_wˍt_t_ + _t334_w_t_*_tpk3_ - _t334_r_t_*_t334_w_t_*_tpk2_
_t334_wˍtt_t_ + _t334_wˍt_t_*_tpk3_ - _t334_r_t_*_t334_wˍt_t_*_tpk2_ - _t334_rˍt_t_*_t334_w_t_*_tpk2_
_t334_wˍttt_t_ + _t334_wˍtt_t_*_tpk3_ - _t334_r_t_*_t334_wˍtt_t_*_tpk2_ - 2_t334_rˍt_t_*_t334_wˍt_t_*_tpk2_ - _t334_rˍtt_t_*_t334_w_t_*_tpk2_
As a reminder the true parameter values are: 
OrderedDict{Num, Float64}(k1 => 0.23, k2 => 0.592, k3 => 0.199)
And the true states are: 
OrderedDict{Num, Float64}(r(t) => 0.778, w(t) => 0.746)
The forward substitution dictionary is: 
Any[OrderedDict{Num, Any}(rˍt(t) => _t334_rˍt_t_, wˍt(t) => _t334_wˍt_t_, rˍtt(t) => _t334_rˍtt_t_, wˍtt(t) => _t334_wˍtt_t_, rˍttt(t) => _t334_rˍttt_t_, wˍttt(t) => _t334_wˍttt_t_, rˍtttt(t) => _t334_rˍtttt_t_, wˍtttt(t) => _t334_wˍtttt_t_, rˍttttt(t) => _t334_rˍttttt_t_, wˍttttt(t) => _t334_wˍttttt_t_, rˍtttttt(t) => _t334_rˍtttttt_t_, wˍtttttt(t) => _t334_wˍtttttt_t_, rˍttttttt(t) => _t334_rˍttttttt_t_, wˍttttttt(t) => _t334_wˍttttttt_t_, r(t) => _t334_r_t_, w(t) => _t334_w_t_, y1(t) => _t334_y1_t_, y1ˍt(t) => _t334_y1ˍt_t_, y1ˍtt(t) => _t334_y1ˍtt_t_, y1ˍttt(t) => _t334_y1ˍttt_t_, y1ˍtttt(t) => _t334_y1ˍtttt_t_, y1ˍttttt(t) => _t334_y1ˍttttt_t_, y1ˍtttttt(t) => _t334_y1ˍtttttt_t_, y1ˍttttttt(t) => _t334_y1ˍttttttt_t_, k2 => _tpk2_, k1 => _tpk1_, k3 => _tpk3_)]
The reverse substitution dictionary is: 
Any[OrderedDict{Any, Any}(_t334_rˍt_t_ => rˍt(t), _t334_wˍt_t_ => wˍt(t), _t334_rˍtt_t_ => rˍtt(t), _t334_wˍtt_t_ => wˍtt(t), _t334_rˍttt_t_ => rˍttt(t), _t334_wˍttt_t_ => wˍttt(t), _t334_rˍtttt_t_ => rˍtttt(t), _t334_wˍtttt_t_ => wˍtttt(t), _t334_rˍttttt_t_ => rˍttttt(t), _t334_wˍttttt_t_ => wˍttttt(t), _t334_rˍtttttt_t_ => rˍtttttt(t), _t334_wˍtttttt_t_ => wˍtttttt(t), _t334_rˍttttttt_t_ => rˍttttttt(t), _t334_wˍttttttt_t_ => wˍttttttt(t), _t334_r_t_ => r(t), _t334_w_t_ => w(t), _t334_y1_t_ => y1(t), _t334_y1ˍt_t_ => y1ˍt(t), _t334_y1ˍtt_t_ => y1ˍtt(t), _t334_y1ˍttt_t_ => y1ˍttt(t), _t334_y1ˍtttt_t_ => y1ˍtttt(t), _t334_y1ˍttttt_t_ => y1ˍttttt(t), _t334_y1ˍtttttt_t_ => y1ˍtttttt(t), _t334_y1ˍttttttt_t_ => y1ˍttttttt(t), _tpk2_ => k2, _tpk1_ => k1, _tpk3_ => k3)]
DEBUG [multipoint_parameter_estimation]: Evaluated ideal polynomial system with exact state and parameter values:
0.0
0.0
0.0
0.0
0.0
0.0
0.0
6.938893903907228e-18
3.469446951953614e-18
0.0
6.938893903907228e-18
-3.469446951953614e-18
DEBUG [multipoint_parameter_estimation]: Evaluated interpolated polynomial system with exact state and parameter values:
1.9809440088280894e-8
-1.167620714004336e-8
-6.137877255410484e-8
3.6826726052680003e-6
1.244238927379862e-5
0.0
0.0
6.938893903907228e-18
3.469446951953614e-18
0.0
6.938893903907228e-18
-3.469446951953614e-18
and by the way the exact state values are: (at the time index 334)
OrderedDict{Any, Any}(r(t) => 0.6592606529841446, w(t) => 0.8678501509407474)
and by the way the exact parameter values are:
OrderedDict{Num, Float64}(k1 => 0.23, k2 => 0.592, k3 => 0.199)
aa_system
Any[_t334_r_t_ - 5938091883811273//9007199254740992, _t334_rˍt_t_ + 3370072366566901//18014398509481984, _t334_rˍtt_t_ + 3372954964883099//288230376151711744, _t334_rˍttt_t_ - 4698547174337727//72057594037927936, _t334_rˍtttt_t_ + 1077134079910123//72057594037927936, _tpk2_*_t334_r_t_*_t334_w_t_ - _tpk1_*_t334_r_t_ + _t334_rˍt_t_, _tpk2_*_t334_r_t_*_t334_wˍt_t_ + _tpk2_*_t334_w_t_*_t334_rˍt_t_ - _tpk1_*_t334_rˍt_t_ + _t334_rˍtt_t_, _tpk2_*_t334_r_t_*_t334_wˍtt_t_ + _tpk2_*_t334_w_t_*_t334_rˍtt_t_ + 2*_tpk2_*_t334_rˍt_t_*_t334_wˍt_t_ - _tpk1_*_t334_rˍtt_t_ + _t334_rˍttt_t_, _tpk2_*_t334_r_t_*_t334_wˍttt_t_ + _tpk2_*_t334_w_t_*_t334_rˍttt_t_ + 3*_tpk2_*_t334_rˍt_t_*_t334_wˍtt_t_ + 3*_tpk2_*_t334_rˍtt_t_*_t334_wˍt_t_ - _tpk1_*_t334_rˍttt_t_ + _t334_rˍtttt_t_, -_tpk2_*_t334_r_t_*_t334_w_t_ + _tpk3_*_t334_w_t_ + _t334_wˍt_t_, -_tpk2_*_t334_r_t_*_t334_wˍt_t_ - _tpk2_*_t334_w_t_*_t334_rˍt_t_ + _tpk3_*_t334_wˍt_t_ + _t334_wˍtt_t_, -_tpk2_*_t334_r_t_*_t334_wˍtt_t_ - _tpk2_*_t334_w_t_*_t334_rˍtt_t_ - 2*_tpk2_*_t334_rˍt_t_*_t334_wˍt_t_ + _tpk3_*_t334_wˍtt_t_ + _t334_wˍttt_t_]
R
Multivariate polynomial ring in 12 variables over rationals
primes of bitsize 28
G-Q-Pt-FG-LT-LP(C)
Dimension of the quotient :2
Degree of the radical :2
Use last variable as separating element
Separating form: [0, 0, 0, 0, 0, 0, 0, 0, 0, 0, 0, 1]
Run Groebner learn
Test cyclic optimization
Apply cyclic optimization 
Multi-modular computation (1 threads): G-Q-Pt-FG-LT-LP(C)
5-9-13-17-21-25-29-33-37-41-45-49-53-61-69-
check-G-Q-Pt-FG-LT-LP(C)
Nb Primes used :69
2-element Vector{Vector{MPFI.BigInterval}}:
 [[0.591489007749177899689, 0.591489007924928361046], [0.230296027003506119739, 0.230296027019198246197], [0.198773449312033223142, 0.198773449343840555938], [0.659260633166575427767, 0.659260633182833599063], [0.869100355812899846023, 0.869100355820726587665], [-0.187076596801354897539, -0.18707659680020151328], [-0.0117022883220085146537, -0.0117022883219724405658], [0.0652054406904149231179, 0.0652054406905154259759], [-0.0149482382015639077812, -0.0149482382015523877248], [0.166147625840426295529, 0.1661476258404796043], [-0.0644064453556547899167, -0.064406445355644457453], [-0.0550981398950769367731, -0.0550981398950707408288]]
 [[1.7888292009126450024, 1.78882920105957597196], [-0.406011775572277502089, -0.406011775560098074186], [1.98322221452865005576, 1.98322221456655706364], [0.659260633170639970578, 0.659260633178769056253], [-0.0683377123577444495163, -0.0683377123562995516345], [-0.187076596801066551478, -0.187076596800489859341], [-0.0117022883219994961318, -0.0117022883219814590878], [0.0652054406904400488324, 0.0652054406904903002614], [-0.0149482382015610277671, -0.0149482382015552677389], [0.0549378858029499612819, 0.0549378858029659025114], [-0.0212964459890689489399, -0.0212964459890658591636], [-0.0182185890541557427014, -0.0182185890541552986122]]
Vector{Any}
SOLNS: Any[[0.5914890078370532, 0.23029602701135218, 0.1987734493279369, 0.6592606331747045, 0.8691003558168132, -0.1870765968007782, -0.011702288321990478, 0.06520544069046517, -0.014948238201558148, 0.16614762584045295, -0.06440644535564963, -0.05509813989507384], [1.7888292009861104, -0.4060117755661878, 1.9832222145476035, 0.6592606331747045, -0.068337712357022, -0.1870765968007782, -0.011702288321990478, 0.06520544069046517, -0.014948238201558148, 0.054937885802957935, -0.021296445989067405, -0.01821858905415552]]
Vector{Float64}
SOLN 1: [0.5914890078370532, 0.23029602701135218, 0.1987734493279369, 0.6592606331747045, 0.8691003558168132, -0.1870765968007782, -0.011702288321990478, 0.06520544069046517, -0.014948238201558148, 0.16614762584045295, -0.06440644535564963, -0.05509813989507384]
Vector{Float64}
SOLN 2: [1.7888292009861104, -0.4060117755661878, 1.9832222145476035, 0.6592606331747045, -0.068337712357022, -0.1870765968007782, -0.011702288321990478, 0.06520544069046517, -0.014948238201558148, 0.054937885802957935, -0.021296445989067405, -0.01821858905415552]
DEBUG: Processing solution 1
DEBUG: Constructed initial conditions: [0.6592606331747045, 0.8691003558168132]
DEBUG: Constructed parameter values: [0.5914890078370532, 0.23029602701135218, 0.1987734493279369]
DEBUG: Parameter/IC mapping:
Dict("r(t)" => 0.6592606331747045, "k3" => 0.1987734493279369, "w(t)" => 0.8691003558168132, "k1" => 0.23029602701135218, "k2" => 0.5914890078370532)
DEBUG: Processing solution 2
DEBUG: Constructed initial conditions: [0.6592606331747045, -0.068337712357022]
DEBUG: Constructed parameter values: [1.7888292009861104, -0.4060117755661878, 1.9832222145476035]
DEBUG: Parameter/IC mapping:
Dict("r(t)" => 0.6592606331747045, "k3" => 1.9832222145476035, "w(t)" => -0.068337712357022, "k1" => -0.4060117755661878, "k2" => 1.7888292009861104)
DEBUG [determine_optimal_points_count]: Large num points: 1
DEBUG [determine_optimal_points_count]: Good num points: 1
DEBUG [multipoint_parameter_estimation]: Parameter estimation using this many points: 1
DEBUG [multipoint_parameter_estimation]: Ideal final target: 
-0.61755839356148 + _t445_r_t_
0.18810116529334123 + _t445_rˍt_t_
-0.002293982186069507 + _t445_rˍtt_t_
-0.060406060815515465 + _t445_rˍttt_t_
0.027833402427014473 + _t445_rˍtttt_t_
_t445_rˍt_t_ - _t445_r_t_*_tpk1_ + _t445_r_t_*_t445_w_t_*_tpk2_
_t445_rˍtt_t_ - _t445_rˍt_t_*_tpk1_ + _t445_r_t_*_t445_wˍt_t_*_tpk2_ + _t445_rˍt_t_*_t445_w_t_*_tpk2_
_t445_rˍttt_t_ - _t445_rˍtt_t_*_tpk1_ + _t445_r_t_*_t445_wˍtt_t_*_tpk2_ + 2_t445_rˍt_t_*_t445_wˍt_t_*_tpk2_ + _t445_rˍtt_t_*_t445_w_t_*_tpk2_
_t445_rˍtttt_t_ - _t445_rˍttt_t_*_tpk1_ + _t445_r_t_*_t445_wˍttt_t_*_tpk2_ + 3_t445_rˍt_t_*_t445_wˍtt_t_*_tpk2_ + 3_t445_rˍtt_t_*_t445_wˍt_t_*_tpk2_ + _t445_rˍttt_t_*_t445_w_t_*_tpk2_
_t445_wˍt_t_ + _t445_w_t_*_tpk3_ - _t445_r_t_*_t445_w_t_*_tpk2_
_t445_wˍtt_t_ + _t445_wˍt_t_*_tpk3_ - _t445_r_t_*_t445_wˍt_t_*_tpk2_ - _t445_rˍt_t_*_t445_w_t_*_tpk2_
_t445_wˍttt_t_ + _t445_wˍtt_t_*_tpk3_ - _t445_r_t_*_t445_wˍtt_t_*_tpk2_ - 2_t445_rˍt_t_*_t445_wˍt_t_*_tpk2_ - _t445_rˍtt_t_*_t445_w_t_*_tpk2_
DEBUG [but we are actually solving this: 
-0.6175583935305861 + _t445_r_t_
0.18810116604445343 + _t445_rˍt_t_
-0.0022940558768854646 + _t445_rˍtt_t_
-0.06040623610276374 + _t445_rˍttt_t_
0.0278627166794659 + _t445_rˍtttt_t_
_t445_rˍt_t_ - _t445_r_t_*_tpk1_ + _t445_r_t_*_t445_w_t_*_tpk2_
_t445_rˍtt_t_ - _t445_rˍt_t_*_tpk1_ + _t445_r_t_*_t445_wˍt_t_*_tpk2_ + _t445_rˍt_t_*_t445_w_t_*_tpk2_
_t445_rˍttt_t_ - _t445_rˍtt_t_*_tpk1_ + _t445_r_t_*_t445_wˍtt_t_*_tpk2_ + 2_t445_rˍt_t_*_t445_wˍt_t_*_tpk2_ + _t445_rˍtt_t_*_t445_w_t_*_tpk2_
_t445_rˍtttt_t_ - _t445_rˍttt_t_*_tpk1_ + _t445_r_t_*_t445_wˍttt_t_*_tpk2_ + 3_t445_rˍt_t_*_t445_wˍtt_t_*_tpk2_ + 3_t445_rˍtt_t_*_t445_wˍt_t_*_tpk2_ + _t445_rˍttt_t_*_t445_w_t_*_tpk2_
_t445_wˍt_t_ + _t445_w_t_*_tpk3_ - _t445_r_t_*_t445_w_t_*_tpk2_
_t445_wˍtt_t_ + _t445_wˍt_t_*_tpk3_ - _t445_r_t_*_t445_wˍt_t_*_tpk2_ - _t445_rˍt_t_*_t445_w_t_*_tpk2_
_t445_wˍttt_t_ + _t445_wˍtt_t_*_tpk3_ - _t445_r_t_*_t445_wˍtt_t_*_tpk2_ - 2_t445_rˍt_t_*_t445_wˍt_t_*_tpk2_ - _t445_rˍtt_t_*_t445_w_t_*_tpk2_
As a reminder the true parameter values are: 
OrderedDict{Num, Float64}(k1 => 0.23, k2 => 0.592, k3 => 0.199)
And the true states are: 
OrderedDict{Num, Float64}(r(t) => 0.778, w(t) => 0.746)
The forward substitution dictionary is: 
Any[OrderedDict{Num, Any}(rˍt(t) => _t445_rˍt_t_, wˍt(t) => _t445_wˍt_t_, rˍtt(t) => _t445_rˍtt_t_, wˍtt(t) => _t445_wˍtt_t_, rˍttt(t) => _t445_rˍttt_t_, wˍttt(t) => _t445_wˍttt_t_, rˍtttt(t) => _t445_rˍtttt_t_, wˍtttt(t) => _t445_wˍtttt_t_, rˍttttt(t) => _t445_rˍttttt_t_, wˍttttt(t) => _t445_wˍttttt_t_, rˍtttttt(t) => _t445_rˍtttttt_t_, wˍtttttt(t) => _t445_wˍtttttt_t_, rˍttttttt(t) => _t445_rˍttttttt_t_, wˍttttttt(t) => _t445_wˍttttttt_t_, r(t) => _t445_r_t_, w(t) => _t445_w_t_, y1(t) => _t445_y1_t_, y1ˍt(t) => _t445_y1ˍt_t_, y1ˍtt(t) => _t445_y1ˍtt_t_, y1ˍttt(t) => _t445_y1ˍttt_t_, y1ˍtttt(t) => _t445_y1ˍtttt_t_, y1ˍttttt(t) => _t445_y1ˍttttt_t_, y1ˍtttttt(t) => _t445_y1ˍtttttt_t_, y1ˍttttttt(t) => _t445_y1ˍttttttt_t_, k2 => _tpk2_, k1 => _tpk1_, k3 => _tpk3_)]
The reverse substitution dictionary is: 
Any[OrderedDict{Any, Any}(_t445_rˍt_t_ => rˍt(t), _t445_wˍt_t_ => wˍt(t), _t445_rˍtt_t_ => rˍtt(t), _t445_wˍtt_t_ => wˍtt(t), _t445_rˍttt_t_ => rˍttt(t), _t445_wˍttt_t_ => wˍttt(t), _t445_rˍtttt_t_ => rˍtttt(t), _t445_wˍtttt_t_ => wˍtttt(t), _t445_rˍttttt_t_ => rˍttttt(t), _t445_wˍttttt_t_ => wˍttttt(t), _t445_rˍtttttt_t_ => rˍtttttt(t), _t445_wˍtttttt_t_ => wˍtttttt(t), _t445_rˍttttttt_t_ => rˍttttttt(t), _t445_wˍttttttt_t_ => wˍttttttt(t), _t445_r_t_ => r(t), _t445_w_t_ => w(t), _t445_y1_t_ => y1(t), _t445_y1ˍt_t_ => y1ˍt(t), _t445_y1ˍtt_t_ => y1ˍtt(t), _t445_y1ˍttt_t_ => y1ˍttt(t), _t445_y1ˍtttt_t_ => y1ˍtttt(t), _t445_y1ˍttttt_t_ => y1ˍttttt(t), _t445_y1ˍtttttt_t_ => y1ˍtttttt(t), _t445_y1ˍttttttt_t_ => y1ˍttttttt(t), _tpk2_ => k2, _tpk1_ => k1, _tpk3_ => k3)]
DEBUG [multipoint_parameter_estimation]: Evaluated ideal polynomial system with exact state and parameter values:
0.0
0.0
0.0
0.0
-6.938893903907228e-18
0.0
0.0
-7.589415207398531e-19
0.0
0.0
3.469446951953614e-18
0.0
DEBUG [multipoint_parameter_estimation]: Evaluated interpolated polynomial system with exact state and parameter values:
3.0893954061639306e-11
7.511122002146209e-10
-7.369081595756319e-8
-1.7528724827187148e-7
2.9314252451419914e-5
0.0
0.0
-7.589415207398531e-19
0.0
0.0
3.469446951953614e-18
0.0
and by the way the exact state values are: (at the time index 445)
OrderedDict{Any, Any}(r(t) => 0.61755839356148, w(t) => 0.9030210616256724)
and by the way the exact parameter values are:
OrderedDict{Num, Float64}(k1 => 0.23, k2 => 0.592, k3 => 0.199)
aa_system
Any[_t445_r_t_ - 5562471501967739//9007199254740992, _t445_rˍt_t_ + 3388529365223025//18014398509481984, _t445_rˍtt_t_ - 5289732706461939//2305843009213693952, _t445_rˍttt_t_ - 8705456076904351//144115188075855872, _t445_rˍtttt_t_ + 8030881309131029//288230376151711744, _tpk2_*_t445_r_t_*_t445_w_t_ - _tpk1_*_t445_r_t_ + _t445_rˍt_t_, _tpk2_*_t445_r_t_*_t445_wˍt_t_ + _tpk2_*_t445_w_t_*_t445_rˍt_t_ - _tpk1_*_t445_rˍt_t_ + _t445_rˍtt_t_, _tpk2_*_t445_r_t_*_t445_wˍtt_t_ + _tpk2_*_t445_w_t_*_t445_rˍtt_t_ + 2*_tpk2_*_t445_rˍt_t_*_t445_wˍt_t_ - _tpk1_*_t445_rˍtt_t_ + _t445_rˍttt_t_, _tpk2_*_t445_r_t_*_t445_wˍttt_t_ + _tpk2_*_t445_w_t_*_t445_rˍttt_t_ + 3*_tpk2_*_t445_rˍt_t_*_t445_wˍtt_t_ + 3*_tpk2_*_t445_rˍtt_t_*_t445_wˍt_t_ - _tpk1_*_t445_rˍttt_t_ + _t445_rˍtttt_t_, -_tpk2_*_t445_r_t_*_t445_w_t_ + _tpk3_*_t445_w_t_ + _t445_wˍt_t_, -_tpk2_*_t445_r_t_*_t445_wˍt_t_ - _tpk2_*_t445_w_t_*_t445_rˍt_t_ + _tpk3_*_t445_wˍt_t_ + _t445_wˍtt_t_, -_tpk2_*_t445_r_t_*_t445_wˍtt_t_ - _tpk2_*_t445_w_t_*_t445_rˍtt_t_ - 2*_tpk2_*_t445_rˍt_t_*_t445_wˍt_t_ + _tpk3_*_t445_wˍtt_t_ + _t445_wˍttt_t_]
R
Multivariate polynomial ring in 12 variables over rationals
primes of bitsize 28
G-Q-Pt-FG-LT-LP(C)
Dimension of the quotient :2
Degree of the radical :2
Use last variable as separating element
Separating form: [0, 0, 0, 0, 0, 0, 0, 0, 0, 0, 0, 1]
Run Groebner learn
Test cyclic optimization
Apply cyclic optimization 
Multi-modular computation (1 threads): G-Q-Pt-FG-LT-LP(C)
5-9-13-17-21-25-29-33-37-41-45-49-53-61-69-
check-G-Q-Pt-FG-LT-LP(C)
Nb Primes used :69
2-element Vector{Vector{MPFI.BigInterval}}:
 [[0.590916248152018725126, 0.59091624836910953874], [0.230787317771440424427, 0.230787317789670785333], [0.198575934008951057947, 0.198575934048429314304], [0.617558393521692130482, 0.617558393539479986197], [0.906009589396107897866, 0.906009589405718018264], [-0.188101166045130674219, -0.188101166043776180282], [0.00229405587688133474775, 0.00229405587688959435851], [0.0604062361027093648036, 0.0604062361028181093192], [-0.027862716679478439144, -0.0278627166794533596334], [0.150714110796234979138, 0.150714110796290872301], [-0.0756336147820857882665, -0.0756336147820717636913], [-0.0448577814003055775027, -0.0448577814002996422039]]
 [[1.99572837134281916771, 1.99572837143755540555], [-0.402133962745712060009, -0.402133962738686776496], [2.14548272083836848059, 2.14548272086225748703], [0.617558393528362576362, 0.617558393532809540318], [-0.0488771390070806691998, -0.048877139006221166098], [-0.188101166044622738993, -0.188101166044284115509], [0.00229405587688443210171, 0.00229405587688649700456], [0.0604062361027501439969, 0.0604062361027773301259], [-0.0278627166794690343279, -0.0278627166794627644494], [0.044625019212761831641, 0.0446250192127698366919], [-0.0223943962177763561154, -0.0223943962177743475081], [-0.0132819637541210511245, -0.0132819637541208290799]]
Vector{Any}
SOLNS: Any[[0.5909162482605641, 0.2307873177805556, 0.1985759340286902, 0.6175583935305861, 0.9060095894009129, -0.18810116604445343, 0.0022940558768854646, 0.06040623610276374, -0.0278627166794659, 0.15071411079626293, -0.07563361478207878, -0.04485778140030261], [1.9957283713901872, -0.4021339627421994, 2.145482720850313, 0.6175583935305861, -0.048877139006650916, -0.18810116604445343, 0.0022940558768854646, 0.06040623610276374, -0.0278627166794659, 0.044625019212765835, -0.02239439621777535, -0.01328196375412094]]
Vector{Float64}
SOLN 1: [0.5909162482605641, 0.2307873177805556, 0.1985759340286902, 0.6175583935305861, 0.9060095894009129, -0.18810116604445343, 0.0022940558768854646, 0.06040623610276374, -0.0278627166794659, 0.15071411079626293, -0.07563361478207878, -0.04485778140030261]
Vector{Float64}
SOLN 2: [1.9957283713901872, -0.4021339627421994, 2.145482720850313, 0.6175583935305861, -0.048877139006650916, -0.18810116604445343, 0.0022940558768854646, 0.06040623610276374, -0.0278627166794659, 0.044625019212765835, -0.02239439621777535, -0.01328196375412094]
DEBUG: Processing solution 1
DEBUG: Constructed initial conditions: [0.6175583935305861, 0.9060095894009129]
DEBUG: Constructed parameter values: [0.5909162482605641, 0.2307873177805556, 0.1985759340286902]
DEBUG: Parameter/IC mapping:
Dict("r(t)" => 0.6175583935305861, "k3" => 0.1985759340286902, "w(t)" => 0.9060095894009129, "k1" => 0.2307873177805556, "k2" => 0.5909162482605641)
DEBUG: Processing solution 2
DEBUG: Constructed initial conditions: [0.6175583935305861, -0.048877139006650916]
DEBUG: Constructed parameter values: [1.9957283713901872, -0.4021339627421994, 2.145482720850313]
DEBUG: Parameter/IC mapping:
Dict("r(t)" => 0.6175583935305861, "k3" => 2.145482720850313, "w(t)" => -0.048877139006650916, "k1" => -0.4021339627421994, "k2" => 1.9957283713901872)
DEBUG [determine_optimal_points_count]: Large num points: 1
DEBUG [determine_optimal_points_count]: Good num points: 1
DEBUG [multipoint_parameter_estimation]: Parameter estimation using this many points: 1
DEBUG [multipoint_parameter_estimation]: Ideal final target: 
-0.5759635805882577 + _t556_r_t_
0.18615895281520684 + _t556_rˍt_t_
-0.014932882236705358 + _t556_rˍtt_t_
-0.0531081500302858 + _t556_rˍttt_t_
0.037278082577676584 + _t556_rˍtttt_t_
_t556_rˍt_t_ - _t556_r_t_*_tpk1_ + _t556_r_t_*_t556_w_t_*_tpk2_
_t556_rˍtt_t_ - _t556_rˍt_t_*_tpk1_ + _t556_r_t_*_t556_wˍt_t_*_tpk2_ + _t556_rˍt_t_*_t556_w_t_*_tpk2_
_t556_rˍttt_t_ - _t556_rˍtt_t_*_tpk1_ + _t556_r_t_*_t556_wˍtt_t_*_tpk2_ + 2_t556_rˍt_t_*_t556_wˍt_t_*_tpk2_ + _t556_rˍtt_t_*_t556_w_t_*_tpk2_
_t556_rˍtttt_t_ - _t556_rˍttt_t_*_tpk1_ + _t556_r_t_*_t556_wˍttt_t_*_tpk2_ + 3_t556_rˍt_t_*_t556_wˍtt_t_*_tpk2_ + 3_t556_rˍtt_t_*_t556_wˍt_t_*_tpk2_ + _t556_rˍttt_t_*_t556_w_t_*_tpk2_
_t556_wˍt_t_ + _t556_w_t_*_tpk3_ - _t556_r_t_*_t556_w_t_*_tpk2_
_t556_wˍtt_t_ + _t556_wˍt_t_*_tpk3_ - _t556_r_t_*_t556_wˍt_t_*_tpk2_ - _t556_rˍt_t_*_t556_w_t_*_tpk2_
_t556_wˍttt_t_ + _t556_wˍtt_t_*_tpk3_ - _t556_r_t_*_t556_wˍtt_t_*_tpk2_ - 2_t556_rˍt_t_*_t556_wˍt_t_*_tpk2_ - _t556_rˍtt_t_*_t556_w_t_*_tpk2_
DEBUG [but we are actually solving this: 
-0.5759635796379791 + _t556_r_t_
0.18615895593855317 + _t556_rˍt_t_
-0.014932832293089374 + _t556_rˍtt_t_
-0.05310935076916327 + _t556_rˍttt_t_
0.037256747704745866 + _t556_rˍtttt_t_
_t556_rˍt_t_ - _t556_r_t_*_tpk1_ + _t556_r_t_*_t556_w_t_*_tpk2_
_t556_rˍtt_t_ - _t556_rˍt_t_*_tpk1_ + _t556_r_t_*_t556_wˍt_t_*_tpk2_ + _t556_rˍt_t_*_t556_w_t_*_tpk2_
_t556_rˍttt_t_ - _t556_rˍtt_t_*_tpk1_ + _t556_r_t_*_t556_wˍtt_t_*_tpk2_ + 2_t556_rˍt_t_*_t556_wˍt_t_*_tpk2_ + _t556_rˍtt_t_*_t556_w_t_*_tpk2_
_t556_rˍtttt_t_ - _t556_rˍttt_t_*_tpk1_ + _t556_r_t_*_t556_wˍttt_t_*_tpk2_ + 3_t556_rˍt_t_*_t556_wˍtt_t_*_tpk2_ + 3_t556_rˍtt_t_*_t556_wˍt_t_*_tpk2_ + _t556_rˍttt_t_*_t556_w_t_*_tpk2_
_t556_wˍt_t_ + _t556_w_t_*_tpk3_ - _t556_r_t_*_t556_w_t_*_tpk2_
_t556_wˍtt_t_ + _t556_wˍt_t_*_tpk3_ - _t556_r_t_*_t556_wˍt_t_*_tpk2_ - _t556_rˍt_t_*_t556_w_t_*_tpk2_
_t556_wˍttt_t_ + _t556_wˍtt_t_*_tpk3_ - _t556_r_t_*_t556_wˍtt_t_*_tpk2_ - 2_t556_rˍt_t_*_t556_wˍt_t_*_tpk2_ - _t556_rˍtt_t_*_t556_w_t_*_tpk2_
As a reminder the true parameter values are: 
OrderedDict{Num, Float64}(k1 => 0.23, k2 => 0.592, k3 => 0.199)
And the true states are: 
OrderedDict{Num, Float64}(r(t) => 0.778, w(t) => 0.746)
The forward substitution dictionary is: 
Any[OrderedDict{Num, Any}(rˍt(t) => _t556_rˍt_t_, wˍt(t) => _t556_wˍt_t_, rˍtt(t) => _t556_rˍtt_t_, wˍtt(t) => _t556_wˍtt_t_, rˍttt(t) => _t556_rˍttt_t_, wˍttt(t) => _t556_wˍttt_t_, rˍtttt(t) => _t556_rˍtttt_t_, wˍtttt(t) => _t556_wˍtttt_t_, rˍttttt(t) => _t556_rˍttttt_t_, wˍttttt(t) => _t556_wˍttttt_t_, rˍtttttt(t) => _t556_rˍtttttt_t_, wˍtttttt(t) => _t556_wˍtttttt_t_, rˍttttttt(t) => _t556_rˍttttttt_t_, wˍttttttt(t) => _t556_wˍttttttt_t_, r(t) => _t556_r_t_, w(t) => _t556_w_t_, y1(t) => _t556_y1_t_, y1ˍt(t) => _t556_y1ˍt_t_, y1ˍtt(t) => _t556_y1ˍtt_t_, y1ˍttt(t) => _t556_y1ˍttt_t_, y1ˍtttt(t) => _t556_y1ˍtttt_t_, y1ˍttttt(t) => _t556_y1ˍttttt_t_, y1ˍtttttt(t) => _t556_y1ˍtttttt_t_, y1ˍttttttt(t) => _t556_y1ˍttttttt_t_, k2 => _tpk2_, k1 => _tpk1_, k3 => _tpk3_)]
The reverse substitution dictionary is: 
Any[OrderedDict{Any, Any}(_t556_rˍt_t_ => rˍt(t), _t556_wˍt_t_ => wˍt(t), _t556_rˍtt_t_ => rˍtt(t), _t556_wˍtt_t_ => wˍtt(t), _t556_rˍttt_t_ => rˍttt(t), _t556_wˍttt_t_ => wˍttt(t), _t556_rˍtttt_t_ => rˍtttt(t), _t556_wˍtttt_t_ => wˍtttt(t), _t556_rˍttttt_t_ => rˍttttt(t), _t556_wˍttttt_t_ => wˍttttt(t), _t556_rˍtttttt_t_ => rˍtttttt(t), _t556_wˍtttttt_t_ => wˍtttttt(t), _t556_rˍttttttt_t_ => rˍttttttt(t), _t556_wˍttttttt_t_ => wˍttttttt(t), _t556_r_t_ => r(t), _t556_w_t_ => w(t), _t556_y1_t_ => y1(t), _t556_y1ˍt_t_ => y1ˍt(t), _t556_y1ˍtt_t_ => y1ˍtt(t), _t556_y1ˍttt_t_ => y1ˍttt(t), _t556_y1ˍtttt_t_ => y1ˍtttt(t), _t556_y1ˍttttt_t_ => y1ˍttttt(t), _t556_y1ˍtttttt_t_ => y1ˍtttttt(t), _t556_y1ˍttttttt_t_ => y1ˍttttttt(t), _tpk2_ => k2, _tpk1_ => k1, _tpk3_ => k3)]
DEBUG [multipoint_parameter_estimation]: Evaluated ideal polynomial system with exact state and parameter values:
0.0
0.0
-1.3877787807814457e-17
0.0
1.3877787807814457e-17
0.0
-1.3877787807814457e-17
3.0357660829594124e-18
3.469446951953614e-18
0.0
0.0
-3.469446951953614e-18
DEBUG [multipoint_parameter_estimation]: Evaluated interpolated polynomial system with exact state and parameter values:
9.50278633560231e-10
3.1233463315682997e-9
4.994361597031316e-8
-1.2007388774659677e-6
-2.133487293070474e-5
0.0
-1.3877787807814457e-17
3.0357660829594124e-18
3.469446951953614e-18
0.0
0.0
-3.469446951953614e-18
and by the way the exact state values are: (at the time index 556)
OrderedDict{Any, Any}(r(t) => 0.5759635805882577, w(t) => 0.9344815246246639)
and by the way the exact parameter values are:
OrderedDict{Num, Float64}(k1 => 0.23, k2 => 0.592, k3 => 0.199)
aa_system
Any[_t556_r_t_ - 5187818725273159//9007199254740992, _t556_rˍt_t_ + 6707083236772389//36028797018963968, _t556_rˍtt_t_ - 8608191737695157//576460752303423488, _t556_rˍttt_t_ - 7653864074684565//144115188075855872, _t556_rˍtttt_t_ + 2684631601282081//72057594037927936, _tpk2_*_t556_r_t_*_t556_w_t_ - _tpk1_*_t556_r_t_ + _t556_rˍt_t_, _tpk2_*_t556_r_t_*_t556_wˍt_t_ + _tpk2_*_t556_w_t_*_t556_rˍt_t_ - _tpk1_*_t556_rˍt_t_ + _t556_rˍtt_t_, _tpk2_*_t556_r_t_*_t556_wˍtt_t_ + _tpk2_*_t556_w_t_*_t556_rˍtt_t_ + 2*_tpk2_*_t556_rˍt_t_*_t556_wˍt_t_ - _tpk1_*_t556_rˍtt_t_ + _t556_rˍttt_t_, _tpk2_*_t556_r_t_*_t556_wˍttt_t_ + _tpk2_*_t556_w_t_*_t556_rˍttt_t_ + 3*_tpk2_*_t556_rˍt_t_*_t556_wˍtt_t_ + 3*_tpk2_*_t556_rˍtt_t_*_t556_wˍt_t_ - _tpk1_*_t556_rˍttt_t_ + _t556_rˍtttt_t_, -_tpk2_*_t556_r_t_*_t556_w_t_ + _tpk3_*_t556_w_t_ + _t556_wˍt_t_, -_tpk2_*_t556_r_t_*_t556_wˍt_t_ - _tpk2_*_t556_w_t_*_t556_rˍt_t_ + _tpk3_*_t556_wˍt_t_ + _t556_wˍtt_t_, -_tpk2_*_t556_r_t_*_t556_wˍtt_t_ - _tpk2_*_t556_w_t_*_t556_rˍtt_t_ - 2*_tpk2_*_t556_rˍt_t_*_t556_wˍt_t_ + _tpk3_*_t556_wˍtt_t_ + _t556_wˍttt_t_]
R
Multivariate polynomial ring in 12 variables over rationals
primes of bitsize 28
G-Q-Pt-FG-LT-LP(C)
Dimension of the quotient :2
Degree of the radical :2
Use last variable as separating element
Separating form: [0, 0, 0, 0, 0, 0, 0, 0, 0, 0, 0, 1]
Run Groebner learn
Test cyclic optimization
Apply cyclic optimization 
Multi-modular computation (1 threads): G-Q-Pt-FG-LT-LP(C)
5-9-13-17-21-25-29-33-37-41-45-49-53-61-69-
check-G-Q-Pt-FG-LT-LP(C)
Nb Primes used :69
2-element Vector{Vector{MPFI.BigInterval}}:
 [[0.593041652100794992143, 0.593041652406491307382], [0.229193984054983440226, 0.22919398407806536655], [0.199392642062556385718, 0.199392642118115828324], [0.575963579627376755406, 0.575963579648581368124], [0.931481035951279367553, 0.931481035963994757681], [-0.186158955939409867693, -0.186158955937696465703], [0.0149328322930550136552, 0.0149328322931237343471], [0.0531093507691021652845, 0.0531093507692243695433], [-0.0372567477047672974943, -0.0372567477047244337308], [0.132435878610825544916, 0.132435878610887443231], [-0.0840060848171597315656, -0.0840060848171401000456], [-0.0329366402391079540372, -0.0329366402391023291692]]
 [[2.37256473490435708406, 2.37256473504629589188], [-0.397761532061359322594, -0.397761532052485858714], [2.42005361424600824445, 2.42005361428033700856], [0.575963579635328485175, 0.575963579640629638355], [-0.0314210450926089030542, -0.0314210450915010874717], [-0.186158955938767341947, -0.186158955938338991449], [0.0149328322930807839143, 0.014932832293097964088], [0.0531093507691479918811, 0.0531093507691785429467], [-0.0372567477047512235838, -0.0372567477047405076412], [0.03310341383274553484, 0.0331034138327538668134], [-0.0209979970634890741079, -0.0209979970634864315583], [-0.00823277833418001314669, -0.00823277833417979110209]]
Vector{Any}
SOLNS: Any[[0.5930416522536431, 0.22919398406652441, 0.1993926420903361, 0.5759635796379791, 0.9314810359576371, -0.18615895593855317, 0.014932832293089374, 0.05310935076916327, -0.037256747704745866, 0.13243587861085648, -0.08400608481714991, -0.03293664023910514], [2.3725647349753265, -0.3977615320569226, 2.4200536142631726, 0.5759635796379791, -0.031421045092055, -0.18615895593855317, 0.014932832293089374, 0.05310935076916327, -0.037256747704745866, 0.0331034138327497, -0.020997997063487754, -0.008232778334179902]]
Vector{Float64}
SOLN 1: [0.5930416522536431, 0.22919398406652441, 0.1993926420903361, 0.5759635796379791, 0.9314810359576371, -0.18615895593855317, 0.014932832293089374, 0.05310935076916327, -0.037256747704745866, 0.13243587861085648, -0.08400608481714991, -0.03293664023910514]
Vector{Float64}
SOLN 2: [2.3725647349753265, -0.3977615320569226, 2.4200536142631726, 0.5759635796379791, -0.031421045092055, -0.18615895593855317, 0.014932832293089374, 0.05310935076916327, -0.037256747704745866, 0.0331034138327497, -0.020997997063487754, -0.008232778334179902]
DEBUG: Processing solution 1
DEBUG: Constructed initial conditions: [0.5759635796379791, 0.9314810359576371]
DEBUG: Constructed parameter values: [0.5930416522536431, 0.22919398406652441, 0.1993926420903361]
DEBUG: Parameter/IC mapping:
Dict("r(t)" => 0.5759635796379791, "k3" => 0.1993926420903361, "w(t)" => 0.9314810359576371, "k1" => 0.22919398406652441, "k2" => 0.5930416522536431)
DEBUG: Processing solution 2
DEBUG: Constructed initial conditions: [0.5759635796379791, -0.031421045092055]
DEBUG: Constructed parameter values: [2.3725647349753265, -0.3977615320569226, 2.4200536142631726]
DEBUG: Parameter/IC mapping:
Dict("r(t)" => 0.5759635796379791, "k3" => 2.4200536142631726, "w(t)" => -0.031421045092055, "k1" => -0.3977615320569226, "k2" => 2.3725647349753265)
DEBUG [determine_optimal_points_count]: Large num points: 1
DEBUG [determine_optimal_points_count]: Good num points: 1
DEBUG [multipoint_parameter_estimation]: Parameter estimation using this many points: 1
DEBUG [multipoint_parameter_estimation]: Ideal final target: 
-0.5350972012148334 + _t667_r_t_
0.18160619391162527 + _t667_rˍt_t_
-0.0257508839700495 + _t667_rˍtt_t_
-0.04414779968787205 + _t667_rˍttt_t_
0.04278074953996767 + _t667_rˍtttt_t_
_t667_rˍt_t_ - _t667_r_t_*_tpk1_ + _t667_r_t_*_t667_w_t_*_tpk2_
_t667_rˍtt_t_ - _t667_rˍt_t_*_tpk1_ + _t667_r_t_*_t667_wˍt_t_*_tpk2_ + _t667_rˍt_t_*_t667_w_t_*_tpk2_
_t667_rˍttt_t_ - _t667_rˍtt_t_*_tpk1_ + _t667_r_t_*_t667_wˍtt_t_*_tpk2_ + 2_t667_rˍt_t_*_t667_wˍt_t_*_tpk2_ + _t667_rˍtt_t_*_t667_w_t_*_tpk2_
_t667_rˍtttt_t_ - _t667_rˍttt_t_*_tpk1_ + _t667_r_t_*_t667_wˍttt_t_*_tpk2_ + 3_t667_rˍt_t_*_t667_wˍtt_t_*_tpk2_ + 3_t667_rˍtt_t_*_t667_wˍt_t_*_tpk2_ + _t667_rˍttt_t_*_t667_w_t_*_tpk2_
_t667_wˍt_t_ + _t667_w_t_*_tpk3_ - _t667_r_t_*_t667_w_t_*_tpk2_
_t667_wˍtt_t_ + _t667_wˍt_t_*_tpk3_ - _t667_r_t_*_t667_wˍt_t_*_tpk2_ - _t667_rˍt_t_*_t667_w_t_*_tpk2_
_t667_wˍttt_t_ + _t667_wˍtt_t_*_tpk3_ - _t667_r_t_*_t667_wˍtt_t_*_tpk2_ - 2_t667_rˍt_t_*_t667_wˍt_t_*_tpk2_ - _t667_rˍtt_t_*_t667_w_t_*_tpk2_
DEBUG [but we are actually solving this: 
-0.5350972024083765 + _t667_r_t_
0.1816061920254485 + _t667_rˍt_t_
-0.025750897332875482 + _t667_rˍtt_t_
-0.04414636055823236 + _t667_rˍttt_t_
0.04279397837244097 + _t667_rˍtttt_t_
_t667_rˍt_t_ - _t667_r_t_*_tpk1_ + _t667_r_t_*_t667_w_t_*_tpk2_
_t667_rˍtt_t_ - _t667_rˍt_t_*_tpk1_ + _t667_r_t_*_t667_wˍt_t_*_tpk2_ + _t667_rˍt_t_*_t667_w_t_*_tpk2_
_t667_rˍttt_t_ - _t667_rˍtt_t_*_tpk1_ + _t667_r_t_*_t667_wˍtt_t_*_tpk2_ + 2_t667_rˍt_t_*_t667_wˍt_t_*_tpk2_ + _t667_rˍtt_t_*_t667_w_t_*_tpk2_
_t667_rˍtttt_t_ - _t667_rˍttt_t_*_tpk1_ + _t667_r_t_*_t667_wˍttt_t_*_tpk2_ + 3_t667_rˍt_t_*_t667_wˍtt_t_*_tpk2_ + 3_t667_rˍtt_t_*_t667_wˍt_t_*_tpk2_ + _t667_rˍttt_t_*_t667_w_t_*_tpk2_
_t667_wˍt_t_ + _t667_w_t_*_tpk3_ - _t667_r_t_*_t667_w_t_*_tpk2_
_t667_wˍtt_t_ + _t667_wˍt_t_*_tpk3_ - _t667_r_t_*_t667_wˍt_t_*_tpk2_ - _t667_rˍt_t_*_t667_w_t_*_tpk2_
_t667_wˍttt_t_ + _t667_wˍtt_t_*_tpk3_ - _t667_r_t_*_t667_wˍtt_t_*_tpk2_ - 2_t667_rˍt_t_*_t667_wˍt_t_*_tpk2_ - _t667_rˍtt_t_*_t667_w_t_*_tpk2_
As a reminder the true parameter values are: 
OrderedDict{Num, Float64}(k1 => 0.23, k2 => 0.592, k3 => 0.199)
And the true states are: 
OrderedDict{Num, Float64}(r(t) => 0.778, w(t) => 0.746)
The forward substitution dictionary is: 
Any[OrderedDict{Num, Any}(rˍt(t) => _t667_rˍt_t_, wˍt(t) => _t667_wˍt_t_, rˍtt(t) => _t667_rˍtt_t_, wˍtt(t) => _t667_wˍtt_t_, rˍttt(t) => _t667_rˍttt_t_, wˍttt(t) => _t667_wˍttt_t_, rˍtttt(t) => _t667_rˍtttt_t_, wˍtttt(t) => _t667_wˍtttt_t_, rˍttttt(t) => _t667_rˍttttt_t_, wˍttttt(t) => _t667_wˍttttt_t_, rˍtttttt(t) => _t667_rˍtttttt_t_, wˍtttttt(t) => _t667_wˍtttttt_t_, rˍttttttt(t) => _t667_rˍttttttt_t_, wˍttttttt(t) => _t667_wˍttttttt_t_, r(t) => _t667_r_t_, w(t) => _t667_w_t_, y1(t) => _t667_y1_t_, y1ˍt(t) => _t667_y1ˍt_t_, y1ˍtt(t) => _t667_y1ˍtt_t_, y1ˍttt(t) => _t667_y1ˍttt_t_, y1ˍtttt(t) => _t667_y1ˍtttt_t_, y1ˍttttt(t) => _t667_y1ˍttttt_t_, y1ˍtttttt(t) => _t667_y1ˍtttttt_t_, y1ˍttttttt(t) => _t667_y1ˍttttttt_t_, k2 => _tpk2_, k1 => _tpk1_, k3 => _tpk3_)]
The reverse substitution dictionary is: 
Any[OrderedDict{Any, Any}(_t667_rˍt_t_ => rˍt(t), _t667_wˍt_t_ => wˍt(t), _t667_rˍtt_t_ => rˍtt(t), _t667_wˍtt_t_ => wˍtt(t), _t667_rˍttt_t_ => rˍttt(t), _t667_wˍttt_t_ => wˍttt(t), _t667_rˍtttt_t_ => rˍtttt(t), _t667_wˍtttt_t_ => wˍtttt(t), _t667_rˍttttt_t_ => rˍttttt(t), _t667_wˍttttt_t_ => wˍttttt(t), _t667_rˍtttttt_t_ => rˍtttttt(t), _t667_wˍtttttt_t_ => wˍtttttt(t), _t667_rˍttttttt_t_ => rˍttttttt(t), _t667_wˍttttttt_t_ => wˍttttttt(t), _t667_r_t_ => r(t), _t667_w_t_ => w(t), _t667_y1_t_ => y1(t), _t667_y1ˍt_t_ => y1ˍt(t), _t667_y1ˍtt_t_ => y1ˍtt(t), _t667_y1ˍttt_t_ => y1ˍttt(t), _t667_y1ˍtttt_t_ => y1ˍtttt(t), _t667_y1ˍttttt_t_ => y1ˍttttt(t), _t667_y1ˍtttttt_t_ => y1ˍtttttt(t), _t667_y1ˍttttttt_t_ => y1ˍttttttt(t), _tpk2_ => k2, _tpk1_ => k1, _tpk3_ => k3)]
DEBUG [multipoint_parameter_estimation]: Evaluated ideal polynomial system with exact state and parameter values:
0.0
0.0
0.0
6.938893903907228e-18
0.0
0.0
0.0
0.0
-3.469446951953614e-18
0.0
0.0
0.0
DEBUG [multipoint_parameter_estimation]: Evaluated interpolated polynomial system with exact state and parameter values:
-1.1935431531995278e-9
-1.886176770327097e-9
-1.3362825981161341e-8
1.4391296397006648e-6
1.3228832473302643e-5
0.0
0.0
0.0
-3.469446951953614e-18
0.0
0.0
0.0
and by the way the exact state values are: (at the time index 667)
OrderedDict{Any, Any}(r(t) => 0.5350972012148334, w(t) => 0.9618060270023864)
and by the way the exact parameter values are:
OrderedDict{Num, Float64}(k1 => 0.23, k2 => 0.592, k3 => 0.199)
aa_system
Any[_t667_r_t_ - 4819727122746719//9007199254740992, _t667_rˍt_t_ + 6543052629871877//36028797018963968, _t667_rˍtt_t_ - 7422190824498811//288230376151711744, _t667_rˍttt_t_ - 3181080527357101//72057594037927936, _t667_rˍtttt_t_ + 6167262241658439//144115188075855872, _tpk2_*_t667_r_t_*_t667_w_t_ - _tpk1_*_t667_r_t_ + _t667_rˍt_t_, _tpk2_*_t667_r_t_*_t667_wˍt_t_ + _tpk2_*_t667_w_t_*_t667_rˍt_t_ - _tpk1_*_t667_rˍt_t_ + _t667_rˍtt_t_, _tpk2_*_t667_r_t_*_t667_wˍtt_t_ + _tpk2_*_t667_w_t_*_t667_rˍtt_t_ + 2*_tpk2_*_t667_rˍt_t_*_t667_wˍt_t_ - _tpk1_*_t667_rˍtt_t_ + _t667_rˍttt_t_, _tpk2_*_t667_r_t_*_t667_wˍttt_t_ + _tpk2_*_t667_w_t_*_t667_rˍttt_t_ + 3*_tpk2_*_t667_rˍt_t_*_t667_wˍtt_t_ + 3*_tpk2_*_t667_rˍtt_t_*_t667_wˍt_t_ - _tpk1_*_t667_rˍttt_t_ + _t667_rˍtttt_t_, -_tpk2_*_t667_r_t_*_t667_w_t_ + _tpk3_*_t667_w_t_ + _t667_wˍt_t_, -_tpk2_*_t667_r_t_*_t667_wˍt_t_ - _tpk2_*_t667_w_t_*_t667_rˍt_t_ + _tpk3_*_t667_wˍt_t_ + _t667_wˍtt_t_, -_tpk2_*_t667_r_t_*_t667_wˍtt_t_ - _tpk2_*_t667_w_t_*_t667_rˍtt_t_ - 2*_tpk2_*_t667_rˍt_t_*_t667_wˍt_t_ + _tpk3_*_t667_wˍtt_t_ + _t667_wˍttt_t_]
R
Multivariate polynomial ring in 12 variables over rationals
primes of bitsize 28
G-Q-Pt-FG-LT-LP(C)
Dimension of the quotient :2
Degree of the radical :2
Use last variable as separating element
Separating form: [0, 0, 0, 0, 0, 0, 0, 0, 0, 0, 0, 1]
Run Groebner learn
Test cyclic optimization
Apply cyclic optimization 
Multi-modular computation (1 threads): G-Q-Pt-FG-LT-LP(C)
5-9-13-17-21-25-29-33-37-41-45-49-53-61-69-
check-G-Q-Pt-FG-LT-LP(C)
Nb Primes used :69
2-element Vector{Vector{MPFI.BigInterval}}:
 [[0.591108544703801223647, 0.591108544971402480095], [0.230738542050593699872, 0.230738542067977531801], [0.19867560209768760068, 0.198675602145827569796], [0.535097202400925883291, 0.535097202415827214329], [0.96450594517455984949, 0.964505945184570006473], [-0.181606192026080672825, -0.181606192024816335245], [0.02575089733283066314, 0.025750897332920301679], [0.0441463605581939404911, 0.0441463605582707769436], [-0.0427939783724595909643, -0.0427939783724223496429], [0.113449940954200742023, 0.113449940954240172061], [-0.090194180640904846034, -0.0901941806408891723331], [-0.0202852529034152004715, -0.0202852529034125497344]]
 [[3.03136877421925338626, 3.03136877435410981253], [-0.39350366919761329144, -0.393503669191001000322], [2.86132378293600621224, 2.86132378296657849176], [0.53509720240651388243, 0.53509720241023921519], [-0.0178515085159673430618, -0.0178515085151124496929], [-0.181606192025606546234, -0.181606192025290461836], [0.0257508973328642775917, 0.0257508973328866872273], [0.0441463605582227541599, 0.0441463605582419632747], [-0.0427939783724456254696, -0.0427939783724363151376], [0.022122425381210464845, 0.0221224253812153550127], [-0.0175876163025343283584, -0.0175876163025323844839], [-0.00395556833190335854766, -0.00395556833190324752536]]
Vector{Any}
SOLNS: Any[[0.5911085448376019, 0.23073854205928562, 0.19867560212175758, 0.5350972024083765, 0.9645059451795649, -0.1816061920254485, 0.025750897332875482, 0.04414636055823236, -0.04279397837244097, 0.11344994095422045, -0.09019418064089701, -0.020285252903413875], [3.0313687742866815, -0.3935036691943071, 2.8613237829512923, 0.5350972024083765, -0.017851508515539898, -0.1816061920254485, 0.025750897332875482, 0.04414636055823236, -0.04279397837244097, 0.02212242538121291, -0.017587616302533356, -0.003955568331903303]]
Vector{Float64}
SOLN 1: [0.5911085448376019, 0.23073854205928562, 0.19867560212175758, 0.5350972024083765, 0.9645059451795649, -0.1816061920254485, 0.025750897332875482, 0.04414636055823236, -0.04279397837244097, 0.11344994095422045, -0.09019418064089701, -0.020285252903413875]
Vector{Float64}
SOLN 2: [3.0313687742866815, -0.3935036691943071, 2.8613237829512923, 0.5350972024083765, -0.017851508515539898, -0.1816061920254485, 0.025750897332875482, 0.04414636055823236, -0.04279397837244097, 0.02212242538121291, -0.017587616302533356, -0.003955568331903303]
DEBUG: Processing solution 1
DEBUG: Constructed initial conditions: [0.5350972024083765, 0.9645059451795649]
DEBUG: Constructed parameter values: [0.5911085448376019, 0.23073854205928562, 0.19867560212175758]
DEBUG: Parameter/IC mapping:
Dict("r(t)" => 0.5350972024083765, "k3" => 0.19867560212175758, "w(t)" => 0.9645059451795649, "k1" => 0.23073854205928562, "k2" => 0.5911085448376019)
DEBUG: Processing solution 2
DEBUG: Constructed initial conditions: [0.5350972024083765, -0.017851508515539898]
DEBUG: Constructed parameter values: [3.0313687742866815, -0.3935036691943071, 2.8613237829512923]
DEBUG: Parameter/IC mapping:
Dict("r(t)" => 0.5350972024083765, "k3" => 2.8613237829512923, "w(t)" => -0.017851508515539898, "k1" => -0.3935036691943071, "k2" => 3.0313687742866815)
DEBUG [determine_optimal_points_count]: Large num points: 1
DEBUG [determine_optimal_points_count]: Good num points: 1
DEBUG [multipoint_parameter_estimation]: Parameter estimation using this many points: 1
DEBUG [multipoint_parameter_estimation]: Ideal final target: 
-0.49514160252856043 + _t779_r_t_
0.17481185601253924 + _t779_rˍt_t_
-0.034545047287320316 + _t779_rˍtt_t_
-0.03430978634647466 + _t779_rˍttt_t_
0.044444296177353106 + _t779_rˍtttt_t_
_t779_rˍt_t_ - _t779_r_t_*_tpk1_ + _t779_r_t_*_t779_w_t_*_tpk2_
_t779_rˍtt_t_ - _t779_rˍt_t_*_tpk1_ + _t779_r_t_*_t779_wˍt_t_*_tpk2_ + _t779_rˍt_t_*_t779_w_t_*_tpk2_
_t779_rˍttt_t_ - _t779_rˍtt_t_*_tpk1_ + _t779_r_t_*_t779_wˍtt_t_*_tpk2_ + 2_t779_rˍt_t_*_t779_wˍt_t_*_tpk2_ + _t779_rˍtt_t_*_t779_w_t_*_tpk2_
_t779_rˍtttt_t_ - _t779_rˍttt_t_*_tpk1_ + _t779_r_t_*_t779_wˍttt_t_*_tpk2_ + 3_t779_rˍt_t_*_t779_wˍtt_t_*_tpk2_ + 3_t779_rˍtt_t_*_t779_wˍt_t_*_tpk2_ + _t779_rˍttt_t_*_t779_w_t_*_tpk2_
_t779_wˍt_t_ + _t779_w_t_*_tpk3_ - _t779_r_t_*_t779_w_t_*_tpk2_
_t779_wˍtt_t_ + _t779_wˍt_t_*_tpk3_ - _t779_r_t_*_t779_wˍt_t_*_tpk2_ - _t779_rˍt_t_*_t779_w_t_*_tpk2_
_t779_wˍttt_t_ + _t779_wˍtt_t_*_tpk3_ - _t779_r_t_*_t779_wˍtt_t_*_tpk2_ - 2_t779_rˍt_t_*_t779_wˍt_t_*_tpk2_ - _t779_rˍtt_t_*_t779_w_t_*_tpk2_
DEBUG [but we are actually solving this: 
-0.4951416005073107 + _t779_r_t_
0.17481184944778155 + _t779_rˍt_t_
-0.034545285439555304 + _t779_rˍtt_t_
-0.034309588104742494 + _t779_rˍttt_t_
0.044551861127287685 + _t779_rˍtttt_t_
_t779_rˍt_t_ - _t779_r_t_*_tpk1_ + _t779_r_t_*_t779_w_t_*_tpk2_
_t779_rˍtt_t_ - _t779_rˍt_t_*_tpk1_ + _t779_r_t_*_t779_wˍt_t_*_tpk2_ + _t779_rˍt_t_*_t779_w_t_*_tpk2_
_t779_rˍttt_t_ - _t779_rˍtt_t_*_tpk1_ + _t779_r_t_*_t779_wˍtt_t_*_tpk2_ + 2_t779_rˍt_t_*_t779_wˍt_t_*_tpk2_ + _t779_rˍtt_t_*_t779_w_t_*_tpk2_
_t779_rˍtttt_t_ - _t779_rˍttt_t_*_tpk1_ + _t779_r_t_*_t779_wˍttt_t_*_tpk2_ + 3_t779_rˍt_t_*_t779_wˍtt_t_*_tpk2_ + 3_t779_rˍtt_t_*_t779_wˍt_t_*_tpk2_ + _t779_rˍttt_t_*_t779_w_t_*_tpk2_
_t779_wˍt_t_ + _t779_w_t_*_tpk3_ - _t779_r_t_*_t779_w_t_*_tpk2_
_t779_wˍtt_t_ + _t779_wˍt_t_*_tpk3_ - _t779_r_t_*_t779_wˍt_t_*_tpk2_ - _t779_rˍt_t_*_t779_w_t_*_tpk2_
_t779_wˍttt_t_ + _t779_wˍtt_t_*_tpk3_ - _t779_r_t_*_t779_wˍtt_t_*_tpk2_ - 2_t779_rˍt_t_*_t779_wˍt_t_*_tpk2_ - _t779_rˍtt_t_*_t779_w_t_*_tpk2_
As a reminder the true parameter values are: 
OrderedDict{Num, Float64}(k1 => 0.23, k2 => 0.592, k3 => 0.199)
And the true states are: 
OrderedDict{Num, Float64}(r(t) => 0.778, w(t) => 0.746)
The forward substitution dictionary is: 
Any[OrderedDict{Num, Any}(rˍt(t) => _t779_rˍt_t_, wˍt(t) => _t779_wˍt_t_, rˍtt(t) => _t779_rˍtt_t_, wˍtt(t) => _t779_wˍtt_t_, rˍttt(t) => _t779_rˍttt_t_, wˍttt(t) => _t779_wˍttt_t_, rˍtttt(t) => _t779_rˍtttt_t_, wˍtttt(t) => _t779_wˍtttt_t_, rˍttttt(t) => _t779_rˍttttt_t_, wˍttttt(t) => _t779_wˍttttt_t_, rˍtttttt(t) => _t779_rˍtttttt_t_, wˍtttttt(t) => _t779_wˍtttttt_t_, rˍttttttt(t) => _t779_rˍttttttt_t_, wˍttttttt(t) => _t779_wˍttttttt_t_, r(t) => _t779_r_t_, w(t) => _t779_w_t_, y1(t) => _t779_y1_t_, y1ˍt(t) => _t779_y1ˍt_t_, y1ˍtt(t) => _t779_y1ˍtt_t_, y1ˍttt(t) => _t779_y1ˍttt_t_, y1ˍtttt(t) => _t779_y1ˍtttt_t_, y1ˍttttt(t) => _t779_y1ˍttttt_t_, y1ˍtttttt(t) => _t779_y1ˍtttttt_t_, y1ˍttttttt(t) => _t779_y1ˍttttttt_t_, k2 => _tpk2_, k1 => _tpk1_, k3 => _tpk3_)]
The reverse substitution dictionary is: 
Any[OrderedDict{Any, Any}(_t779_rˍt_t_ => rˍt(t), _t779_wˍt_t_ => wˍt(t), _t779_rˍtt_t_ => rˍtt(t), _t779_wˍtt_t_ => wˍtt(t), _t779_rˍttt_t_ => rˍttt(t), _t779_wˍttt_t_ => wˍttt(t), _t779_rˍtttt_t_ => rˍtttt(t), _t779_wˍtttt_t_ => wˍtttt(t), _t779_rˍttttt_t_ => rˍttttt(t), _t779_wˍttttt_t_ => wˍttttt(t), _t779_rˍtttttt_t_ => rˍtttttt(t), _t779_wˍtttttt_t_ => wˍtttttt(t), _t779_rˍttttttt_t_ => rˍttttttt(t), _t779_wˍttttttt_t_ => wˍttttttt(t), _t779_r_t_ => r(t), _t779_w_t_ => w(t), _t779_y1_t_ => y1(t), _t779_y1ˍt_t_ => y1ˍt(t), _t779_y1ˍtt_t_ => y1ˍtt(t), _t779_y1ˍttt_t_ => y1ˍttt(t), _t779_y1ˍtttt_t_ => y1ˍtttt(t), _t779_y1ˍttttt_t_ => y1ˍttttt(t), _t779_y1ˍtttttt_t_ => y1ˍtttttt(t), _t779_y1ˍttttttt_t_ => y1ˍttttttt(t), _tpk2_ => k2, _tpk1_ => k1, _tpk3_ => k3)]
DEBUG [multipoint_parameter_estimation]: Evaluated ideal polynomial system with exact state and parameter values:
0.0
0.0
0.0
0.0
-6.938893903907228e-18
1.3877787807814457e-17
0.0
-3.469446951953614e-18
-1.734723475976807e-18
0.0
0.0
0.0
DEBUG [multipoint_parameter_estimation]: Evaluated interpolated polynomial system with exact state and parameter values:
2.021249723149765e-9
-6.564757681903899e-9
-2.3815223498813154e-7
1.9824173216886898e-7
0.00010756494993457294
1.3877787807814457e-17
0.0
-3.469446951953614e-18
-1.734723475976807e-18
0.0
0.0
0.0
and by the way the exact state values are: (at the time index 779)
OrderedDict{Any, Any}(r(t) => 0.49514160252856043, w(t) => 0.9848889661325363)
and by the way the exact parameter values are:
OrderedDict{Num, Float64}(k1 => 0.23, k2 => 0.592, k3 => 0.199)
aa_system
Any[_t779_r_t_ - 4459839055080711//9007199254740992, _t779_rˍt_t_ + 3149130320131905//18014398509481984, _t779_rˍtt_t_ - 2489250154127819//72057594037927936, _t779_rˍttt_t_ - 309033296407507//9007199254740992, _t779_rˍtttt_t_ + 6420599845488477//144115188075855872, _tpk2_*_t779_r_t_*_t779_w_t_ - _tpk1_*_t779_r_t_ + _t779_rˍt_t_, _tpk2_*_t779_r_t_*_t779_wˍt_t_ + _tpk2_*_t779_w_t_*_t779_rˍt_t_ - _tpk1_*_t779_rˍt_t_ + _t779_rˍtt_t_, _tpk2_*_t779_r_t_*_t779_wˍtt_t_ + _tpk2_*_t779_w_t_*_t779_rˍtt_t_ + 2*_tpk2_*_t779_rˍt_t_*_t779_wˍt_t_ - _tpk1_*_t779_rˍtt_t_ + _t779_rˍttt_t_, _tpk2_*_t779_r_t_*_t779_wˍttt_t_ + _tpk2_*_t779_w_t_*_t779_rˍttt_t_ + 3*_tpk2_*_t779_rˍt_t_*_t779_wˍtt_t_ + 3*_tpk2_*_t779_rˍtt_t_*_t779_wˍt_t_ - _tpk1_*_t779_rˍttt_t_ + _t779_rˍtttt_t_, -_tpk2_*_t779_r_t_*_t779_w_t_ + _tpk3_*_t779_w_t_ + _t779_wˍt_t_, -_tpk2_*_t779_r_t_*_t779_wˍt_t_ - _tpk2_*_t779_w_t_*_t779_rˍt_t_ + _tpk3_*_t779_wˍt_t_ + _t779_wˍtt_t_, -_tpk2_*_t779_r_t_*_t779_wˍtt_t_ - _tpk2_*_t779_w_t_*_t779_rˍtt_t_ - 2*_tpk2_*_t779_rˍt_t_*_t779_wˍt_t_ + _tpk3_*_t779_wˍtt_t_ + _t779_wˍttt_t_]
R
Multivariate polynomial ring in 12 variables over rationals
primes of bitsize 28
G-Q-Pt-FG-LT-LP(C)
Dimension of the quotient :2
Degree of the radical :2
Use last variable as separating element
Separating form: [0, 0, 0, 0, 0, 0, 0, 0, 0, 0, 0, 1]
Run Groebner learn
Test cyclic optimization
Apply cyclic optimization 
Multi-modular computation (1 threads): G-Q-Pt-FG-LT-LP(C)
5-9-13-17-21-25-29-33-37-41-45-49-53-61-69-
check-G-Q-Pt-FG-LT-LP(C)
Nb Primes used :69
2-element Vector{Vector{MPFI.BigInterval}}:
 [[0.583549473391823870139, 0.583549473601567241681], [0.237777113929828932239, 0.23777711394075915272], [0.19605557040075000615, 0.196055570437371320678], [0.495141600502997423732, 0.49514160051162399327], [1.01247862760914753504, 1.01247862761574383542], [-0.174811849448162259103, -0.174811849447400847323], [0.0345452854395176874165, 0.0345452854395929202662], [0.034309588104723814543, 0.0343095881047611743168], [-0.0445518611272998136449, -0.0445518611272755573419], [0.0940431153202383083255, 0.0940431153202583839652], [-0.0945492191011451114441, -0.0945492191011350196022], [-0.00755860874857153993742, -0.00755860874857091450354]]
 [[4.26870078412815694602, 4.26870078424479707717], [-0.389587779071872586663, -0.389587779067817576239], [3.61576076221199986082, 3.6157607622360500826], [0.495141600506232387299, 0.495141600508389029703], [-0.00855846422232358333185, -0.00855846422176767875318], [-0.174811849447876729691, -0.174811849447686376735], [0.0345452854395458997343, 0.0345452854395647079484], [0.0343095881047378244577, 0.0343095881047471644021], [-0.0445518611272907175325, -0.0445518611272846534543], [0.0128560921004269108943, 0.0128560921004291671571], [-0.0129252786304300498437, -0.0129252786304289156407], [-0.00103329382370867528529, -0.00103329382370864752971]]
Vector{Any}
SOLNS: Any[[0.5835494734966955, 0.23777711393529405, 0.19605557041906066, 0.4951416005073107, 1.0124786276124458, -0.17481184944778155, 0.034545285439555304, 0.034309588104742494, -0.044551861127287685, 0.09404311532024835, -0.09454921910114007, -0.007558608748571227], [4.268700784186477, -0.3895877790698451, 3.615760762224025, 0.4951416005073107, -0.008558464222045632, -0.17481184944778155, 0.034545285439555304, 0.034309588104742494, -0.044551861127287685, 0.012856092100428039, -0.012925278630429483, -0.0010332938237086614]]
Vector{Float64}
SOLN 1: [0.5835494734966955, 0.23777711393529405, 0.19605557041906066, 0.4951416005073107, 1.0124786276124458, -0.17481184944778155, 0.034545285439555304, 0.034309588104742494, -0.044551861127287685, 0.09404311532024835, -0.09454921910114007, -0.007558608748571227]
Vector{Float64}
SOLN 2: [4.268700784186477, -0.3895877790698451, 3.615760762224025, 0.4951416005073107, -0.008558464222045632, -0.17481184944778155, 0.034545285439555304, 0.034309588104742494, -0.044551861127287685, 0.012856092100428039, -0.012925278630429483, -0.0010332938237086614]
DEBUG: Processing solution 1
DEBUG: Constructed initial conditions: [0.4951416005073107, 1.0124786276124458]
DEBUG: Constructed parameter values: [0.5835494734966955, 0.23777711393529405, 0.19605557041906066]
DEBUG: Parameter/IC mapping:
Dict("r(t)" => 0.4951416005073107, "k3" => 0.19605557041906066, "w(t)" => 1.0124786276124458, "k1" => 0.23777711393529405, "k2" => 0.5835494734966955)
DEBUG: Processing solution 2
DEBUG: Constructed initial conditions: [0.4951416005073107, -0.008558464222045632]
DEBUG: Constructed parameter values: [4.268700784186477, -0.3895877790698451, 3.615760762224025]
DEBUG: Parameter/IC mapping:
Dict("r(t)" => 0.4951416005073107, "k3" => 3.615760762224025, "w(t)" => -0.008558464222045632, "k1" => -0.3895877790698451, "k2" => 4.268700784186477)
DEBUG [determine_optimal_points_count]: Large num points: 1
DEBUG [determine_optimal_points_count]: Good num points: 1
DEBUG [multipoint_parameter_estimation]: Parameter estimation using this many points: 1
DEBUG [multipoint_parameter_estimation]: Ideal final target: 
-0.45724270898923824 + _t890_r_t_
0.166378093556928 + _t890_rˍt_t_
-0.041074075149043474 + _t890_rˍtt_t_
-0.024571261433819873 + _t890_rˍttt_t_
0.04281058750255213 + _t890_rˍtttt_t_
_t890_rˍt_t_ - _t890_r_t_*_tpk1_ + _t890_r_t_*_t890_w_t_*_tpk2_
_t890_rˍtt_t_ - _t890_rˍt_t_*_tpk1_ + _t890_r_t_*_t890_wˍt_t_*_tpk2_ + _t890_rˍt_t_*_t890_w_t_*_tpk2_
_t890_rˍttt_t_ - _t890_rˍtt_t_*_tpk1_ + _t890_r_t_*_t890_wˍtt_t_*_tpk2_ + 2_t890_rˍt_t_*_t890_wˍt_t_*_tpk2_ + _t890_rˍtt_t_*_t890_w_t_*_tpk2_
_t890_rˍtttt_t_ - _t890_rˍttt_t_*_tpk1_ + _t890_r_t_*_t890_wˍttt_t_*_tpk2_ + 3_t890_rˍt_t_*_t890_wˍtt_t_*_tpk2_ + 3_t890_rˍtt_t_*_t890_wˍt_t_*_tpk2_ + _t890_rˍttt_t_*_t890_w_t_*_tpk2_
_t890_wˍt_t_ + _t890_w_t_*_tpk3_ - _t890_r_t_*_t890_w_t_*_tpk2_
_t890_wˍtt_t_ + _t890_wˍt_t_*_tpk3_ - _t890_r_t_*_t890_wˍt_t_*_tpk2_ - _t890_rˍt_t_*_t890_w_t_*_tpk2_
_t890_wˍttt_t_ + _t890_wˍtt_t_*_tpk3_ - _t890_r_t_*_t890_wˍtt_t_*_tpk2_ - 2_t890_rˍt_t_*_t890_wˍt_t_*_tpk2_ - _t890_rˍtt_t_*_t890_w_t_*_tpk2_
DEBUG [but we are actually solving this: 
-0.45724270836243514 + _t890_r_t_
0.16637810161301003 + _t890_rˍt_t_
-0.04107441694019112 + _t890_rˍtt_t_
-0.02457998045488194 + _t890_rˍttt_t_
0.04291616654720742 + _t890_rˍtttt_t_
_t890_rˍt_t_ - _t890_r_t_*_tpk1_ + _t890_r_t_*_t890_w_t_*_tpk2_
_t890_rˍtt_t_ - _t890_rˍt_t_*_tpk1_ + _t890_r_t_*_t890_wˍt_t_*_tpk2_ + _t890_rˍt_t_*_t890_w_t_*_tpk2_
_t890_rˍttt_t_ - _t890_rˍtt_t_*_tpk1_ + _t890_r_t_*_t890_wˍtt_t_*_tpk2_ + 2_t890_rˍt_t_*_t890_wˍt_t_*_tpk2_ + _t890_rˍtt_t_*_t890_w_t_*_tpk2_
_t890_rˍtttt_t_ - _t890_rˍttt_t_*_tpk1_ + _t890_r_t_*_t890_wˍttt_t_*_tpk2_ + 3_t890_rˍt_t_*_t890_wˍtt_t_*_tpk2_ + 3_t890_rˍtt_t_*_t890_wˍt_t_*_tpk2_ + _t890_rˍttt_t_*_t890_w_t_*_tpk2_
_t890_wˍt_t_ + _t890_w_t_*_tpk3_ - _t890_r_t_*_t890_w_t_*_tpk2_
_t890_wˍtt_t_ + _t890_wˍt_t_*_tpk3_ - _t890_r_t_*_t890_wˍt_t_*_tpk2_ - _t890_rˍt_t_*_t890_w_t_*_tpk2_
_t890_wˍttt_t_ + _t890_wˍtt_t_*_tpk3_ - _t890_r_t_*_t890_wˍtt_t_*_tpk2_ - 2_t890_rˍt_t_*_t890_wˍt_t_*_tpk2_ - _t890_rˍtt_t_*_t890_w_t_*_tpk2_
As a reminder the true parameter values are: 
OrderedDict{Num, Float64}(k1 => 0.23, k2 => 0.592, k3 => 0.199)
And the true states are: 
OrderedDict{Num, Float64}(r(t) => 0.778, w(t) => 0.746)
The forward substitution dictionary is: 
Any[OrderedDict{Num, Any}(rˍt(t) => _t890_rˍt_t_, wˍt(t) => _t890_wˍt_t_, rˍtt(t) => _t890_rˍtt_t_, wˍtt(t) => _t890_wˍtt_t_, rˍttt(t) => _t890_rˍttt_t_, wˍttt(t) => _t890_wˍttt_t_, rˍtttt(t) => _t890_rˍtttt_t_, wˍtttt(t) => _t890_wˍtttt_t_, rˍttttt(t) => _t890_rˍttttt_t_, wˍttttt(t) => _t890_wˍttttt_t_, rˍtttttt(t) => _t890_rˍtttttt_t_, wˍtttttt(t) => _t890_wˍtttttt_t_, rˍttttttt(t) => _t890_rˍttttttt_t_, wˍttttttt(t) => _t890_wˍttttttt_t_, r(t) => _t890_r_t_, w(t) => _t890_w_t_, y1(t) => _t890_y1_t_, y1ˍt(t) => _t890_y1ˍt_t_, y1ˍtt(t) => _t890_y1ˍtt_t_, y1ˍttt(t) => _t890_y1ˍttt_t_, y1ˍtttt(t) => _t890_y1ˍtttt_t_, y1ˍttttt(t) => _t890_y1ˍttttt_t_, y1ˍtttttt(t) => _t890_y1ˍtttttt_t_, y1ˍttttttt(t) => _t890_y1ˍttttttt_t_, k2 => _tpk2_, k1 => _tpk1_, k3 => _tpk3_)]
The reverse substitution dictionary is: 
Any[OrderedDict{Any, Any}(_t890_rˍt_t_ => rˍt(t), _t890_wˍt_t_ => wˍt(t), _t890_rˍtt_t_ => rˍtt(t), _t890_wˍtt_t_ => wˍtt(t), _t890_rˍttt_t_ => rˍttt(t), _t890_wˍttt_t_ => wˍttt(t), _t890_rˍtttt_t_ => rˍtttt(t), _t890_wˍtttt_t_ => wˍtttt(t), _t890_rˍttttt_t_ => rˍttttt(t), _t890_wˍttttt_t_ => wˍttttt(t), _t890_rˍtttttt_t_ => rˍtttttt(t), _t890_wˍtttttt_t_ => wˍtttttt(t), _t890_rˍttttttt_t_ => rˍttttttt(t), _t890_wˍttttttt_t_ => wˍttttttt(t), _t890_r_t_ => r(t), _t890_w_t_ => w(t), _t890_y1_t_ => y1(t), _t890_y1ˍt_t_ => y1ˍt(t), _t890_y1ˍtt_t_ => y1ˍtt(t), _t890_y1ˍttt_t_ => y1ˍttt(t), _t890_y1ˍtttt_t_ => y1ˍtttt(t), _t890_y1ˍttttt_t_ => y1ˍttttt(t), _t890_y1ˍtttttt_t_ => y1ˍtttttt(t), _t890_y1ˍttttttt_t_ => y1ˍttttttt(t), _tpk2_ => k2, _tpk1_ => k1, _tpk3_ => k3)]
DEBUG [multipoint_parameter_estimation]: Evaluated ideal polynomial system with exact state and parameter values:
0.0
0.0
0.0
0.0
0.0
1.3877787807814457e-17
0.0
1.734723475976807e-18
1.0842021724855044e-18
0.0
-6.938893903907228e-18
0.0
DEBUG [multipoint_parameter_estimation]: Evaluated interpolated polynomial system with exact state and parameter values:
6.268031094158744e-10
8.056082023699673e-9
-3.417911476483182e-7
-8.719021062066068e-6
0.00010557904465528789
1.3877787807814457e-17
0.0
1.734723475976807e-18
1.0842021724855044e-18
0.0
-6.938893903907228e-18
0.0
and by the way the exact state values are: (at the time index 890)
OrderedDict{Any, Any}(r(t) => 0.45724270898923824, w(t) => 1.0031631764365914)
and by the way the exact parameter values are:
OrderedDict{Num, Float64}(k1 => 0.23, k2 => 0.592, k3 => 0.199)
aa_system
Any[_t890_r_t_ - 8236952363995757//18014398509481984, _t890_rˍt_t_ + 1498600712853925//9007199254740992, _t890_rˍtt_t_ - 1479861830610441//36028797018963968, _t890_rˍttt_t_ - 885587126539043//36028797018963968, _t890_rˍtttt_t_ + 6184871413445551//144115188075855872, _tpk2_*_t890_r_t_*_t890_w_t_ - _tpk1_*_t890_r_t_ + _t890_rˍt_t_, _tpk2_*_t890_r_t_*_t890_wˍt_t_ + _tpk2_*_t890_w_t_*_t890_rˍt_t_ - _tpk1_*_t890_rˍt_t_ + _t890_rˍtt_t_, _tpk2_*_t890_r_t_*_t890_wˍtt_t_ + _tpk2_*_t890_w_t_*_t890_rˍtt_t_ + 2*_tpk2_*_t890_rˍt_t_*_t890_wˍt_t_ - _tpk1_*_t890_rˍtt_t_ + _t890_rˍttt_t_, _tpk2_*_t890_r_t_*_t890_wˍttt_t_ + _tpk2_*_t890_w_t_*_t890_rˍttt_t_ + 3*_tpk2_*_t890_rˍt_t_*_t890_wˍtt_t_ + 3*_tpk2_*_t890_rˍtt_t_*_t890_wˍt_t_ - _tpk1_*_t890_rˍttt_t_ + _t890_rˍtttt_t_, -_tpk2_*_t890_r_t_*_t890_w_t_ + _tpk3_*_t890_w_t_ + _t890_wˍt_t_, -_tpk2_*_t890_r_t_*_t890_wˍt_t_ - _tpk2_*_t890_w_t_*_t890_rˍt_t_ + _tpk3_*_t890_wˍt_t_ + _t890_wˍtt_t_, -_tpk2_*_t890_r_t_*_t890_wˍtt_t_ - _tpk2_*_t890_w_t_*_t890_rˍtt_t_ - 2*_tpk2_*_t890_rˍt_t_*_t890_wˍt_t_ + _tpk3_*_t890_wˍtt_t_ + _t890_wˍttt_t_]
R
Multivariate polynomial ring in 12 variables over rationals
primes of bitsize 28
G-Q-Pt-FG-LT-LP(C)
Dimension of the quotient :2
Degree of the radical :2
Use last variable as separating element
Separating form: [0, 0, 0, 0, 0, 0, 0, 0, 0, 0, 0, 1]
Run Groebner learn
Test cyclic optimization
Apply cyclic optimization 
Multi-modular computation (1 threads): G-Q-Pt-FG-LT-LP(C)
5-9-13-17-21-25-29-33-37-41-45-49-53-61-69-
check-G-Q-Pt-FG-LT-LP(C)
Nb Primes used :69
2-element Vector{Vector{MPFI.BigInterval}}:
 [[6.83821179453735383358, 6.83821179462090163311], [-0.386265243755540911715, -0.38626524375372176826], [5.02791166098615707769, 5.02791166100128463098], [0.457242708361982432548, 0.457242708362887837774], [-0.00327463171069912153245, -0.00327463171044135371362], [-0.166378101613051213612, -0.166378101612968850567], [0.0410744169401860385605, 0.0410744169401962052056], [0.0245799804548804179499, 0.02457998045488345994], [-0.0429161665472087447287, -0.0429161665472060891008], [0.00622569437566346825288, 0.00622569437566417872696], [-0.00811058031443139228881, -0.0081105803144309295005], [0.000333681214004337423074, 0.000333681214004344361967]]
 [[0.581786970476539142363, 0.581786971020433152054], [0.24010203470881520369, 0.240102034728659936318], [0.195530427346849804855, 0.195530427435789883267], [0.457242708355191893361, 0.457242708369678376961], [1.03813712546884213961, 1.03813712548116312108], [-0.16637810161366893643, -0.166378101612351127748], [0.0410744169401097887275, 0.0410744169402724550387], [0.024579980454857603026, 0.0245799804549062748639], [-0.0429161665472286619359, -0.0429161665471861718936], [0.0731756104222458046857, 0.0731756104222737435593], [-0.0953301960512691535954, -0.0953301960512509547842], [0.00392202460446087353343, 0.00392202460446146994119]]
Vector{Any}
SOLNS: Any[[6.838211794579128, -0.38626524375463134, 5.027911660993721, 0.45724270836243514, -0.0032746317105702377, -0.16637810161301003, 0.04107441694019112, 0.02457998045488194, -0.04291616654720742, 0.006225694375663823, -0.00811058031443116, 0.0003336812140043409], [0.5817869707484862, 0.24010203471873756, 0.19553042739131984, 0.45724270836243514, 1.0381371254750027, -0.16637810161301003, 0.04107441694019112, 0.02457998045488194, -0.04291616654720742, 0.07317561042225977, -0.09533019605126006, 0.003922024604461172]]
Vector{Float64}
SOLN 1: [6.838211794579128, -0.38626524375463134, 5.027911660993721, 0.45724270836243514, -0.0032746317105702377, -0.16637810161301003, 0.04107441694019112, 0.02457998045488194, -0.04291616654720742, 0.006225694375663823, -0.00811058031443116, 0.0003336812140043409]
Vector{Float64}
SOLN 2: [0.5817869707484862, 0.24010203471873756, 0.19553042739131984, 0.45724270836243514, 1.0381371254750027, -0.16637810161301003, 0.04107441694019112, 0.02457998045488194, -0.04291616654720742, 0.07317561042225977, -0.09533019605126006, 0.003922024604461172]
DEBUG: Processing solution 1
DEBUG: Constructed initial conditions: [0.45724270836243514, -0.0032746317105702377]
DEBUG: Constructed parameter values: [6.838211794579128, -0.38626524375463134, 5.027911660993721]
DEBUG: Parameter/IC mapping:
Dict("r(t)" => 0.45724270836243514, "k3" => 5.027911660993721, "w(t)" => -0.0032746317105702377, "k1" => -0.38626524375463134, "k2" => 6.838211794579128)
DEBUG: Processing solution 2
DEBUG: Constructed initial conditions: [0.45724270836243514, 1.0381371254750027]
DEBUG: Constructed parameter values: [0.5817869707484862, 0.24010203471873756, 0.19553042739131984]
DEBUG: Parameter/IC mapping:
Dict("r(t)" => 0.45724270836243514, "k3" => 0.19553042739131984, "w(t)" => 1.0381371254750027, "k1" => 0.24010203471873756, "k2" => 0.5817869707484862)
DEBUG [determine_optimal_points_count]: Large num points: 1
DEBUG [determine_optimal_points_count]: Good num points: 1
DEBUG [multipoint_parameter_estimation]: Parameter estimation using this many points: 1
DEBUG [multipoint_parameter_estimation]: Ideal final target: 
-0.42135946131717444 + _t1001_r_t_
0.15673065404022124 + _t1001_rˍt_t_
-0.045503212110318346 + _t1001_rˍtt_t_
-0.015481728610884328 + _t1001_rˍttt_t_
0.0387489231787467 + _t1001_rˍtttt_t_
_t1001_rˍt_t_ - _t1001_r_t_*_tpk1_ + _t1001_r_t_*_t1001_w_t_*_tpk2_
_t1001_rˍtt_t_ - _t1001_rˍt_t_*_tpk1_ + _t1001_r_t_*_t1001_wˍt_t_*_tpk2_ + _t1001_rˍt_t_*_t1001_w_t_*_tpk2_
_t1001_rˍttt_t_ - _t1001_rˍtt_t_*_tpk1_ + _t1001_r_t_*_t1001_wˍtt_t_*_tpk2_ + 2_t1001_rˍt_t_*_t1001_wˍt_t_*_tpk2_ + _t1001_rˍtt_t_*_t1001_w_t_*_tpk2_
_t1001_rˍtttt_t_ - _t1001_rˍttt_t_*_tpk1_ + _t1001_r_t_*_t1001_wˍttt_t_*_tpk2_ + 3_t1001_rˍt_t_*_t1001_wˍtt_t_*_tpk2_ + 3_t1001_rˍtt_t_*_t1001_wˍt_t_*_tpk2_ + _t1001_rˍttt_t_*_t1001_w_t_*_tpk2_
_t1001_wˍt_t_ + _t1001_w_t_*_tpk3_ - _t1001_r_t_*_t1001_w_t_*_tpk2_
_t1001_wˍtt_t_ + _t1001_wˍt_t_*_tpk3_ - _t1001_r_t_*_t1001_wˍt_t_*_tpk2_ - _t1001_rˍt_t_*_t1001_w_t_*_tpk2_
_t1001_wˍttt_t_ + _t1001_wˍtt_t_*_tpk3_ - _t1001_r_t_*_t1001_wˍtt_t_*_tpk2_ - 2_t1001_rˍt_t_*_t1001_wˍt_t_*_tpk2_ - _t1001_rˍtt_t_*_t1001_w_t_*_tpk2_
DEBUG [but we are actually solving this: 
-0.42135946399060265 + _t1001_r_t_
0.1567303017016007 + _t1001_rˍt_t_
-0.04552529599804016 + _t1001_rˍtt_t_
-0.0163793768112364 + _t1001_rˍttt_t_
0.01249330694546405 + _t1001_rˍtttt_t_
_t1001_rˍt_t_ - _t1001_r_t_*_tpk1_ + _t1001_r_t_*_t1001_w_t_*_tpk2_
_t1001_rˍtt_t_ - _t1001_rˍt_t_*_tpk1_ + _t1001_r_t_*_t1001_wˍt_t_*_tpk2_ + _t1001_rˍt_t_*_t1001_w_t_*_tpk2_
_t1001_rˍttt_t_ - _t1001_rˍtt_t_*_tpk1_ + _t1001_r_t_*_t1001_wˍtt_t_*_tpk2_ + 2_t1001_rˍt_t_*_t1001_wˍt_t_*_tpk2_ + _t1001_rˍtt_t_*_t1001_w_t_*_tpk2_
_t1001_rˍtttt_t_ - _t1001_rˍttt_t_*_tpk1_ + _t1001_r_t_*_t1001_wˍttt_t_*_tpk2_ + 3_t1001_rˍt_t_*_t1001_wˍtt_t_*_tpk2_ + 3_t1001_rˍtt_t_*_t1001_wˍt_t_*_tpk2_ + _t1001_rˍttt_t_*_t1001_w_t_*_tpk2_
_t1001_wˍt_t_ + _t1001_w_t_*_tpk3_ - _t1001_r_t_*_t1001_w_t_*_tpk2_
_t1001_wˍtt_t_ + _t1001_wˍt_t_*_tpk3_ - _t1001_r_t_*_t1001_wˍt_t_*_tpk2_ - _t1001_rˍt_t_*_t1001_w_t_*_tpk2_
_t1001_wˍttt_t_ + _t1001_wˍtt_t_*_tpk3_ - _t1001_r_t_*_t1001_wˍtt_t_*_tpk2_ - 2_t1001_rˍt_t_*_t1001_wˍt_t_*_tpk2_ - _t1001_rˍtt_t_*_t1001_w_t_*_tpk2_
As a reminder the true parameter values are: 
OrderedDict{Num, Float64}(k1 => 0.23, k2 => 0.592, k3 => 0.199)
And the true states are: 
OrderedDict{Num, Float64}(r(t) => 0.778, w(t) => 0.746)
The forward substitution dictionary is: 
Any[OrderedDict{Num, Any}(rˍt(t) => _t1001_rˍt_t_, wˍt(t) => _t1001_wˍt_t_, rˍtt(t) => _t1001_rˍtt_t_, wˍtt(t) => _t1001_wˍtt_t_, rˍttt(t) => _t1001_rˍttt_t_, wˍttt(t) => _t1001_wˍttt_t_, rˍtttt(t) => _t1001_rˍtttt_t_, wˍtttt(t) => _t1001_wˍtttt_t_, rˍttttt(t) => _t1001_rˍttttt_t_, wˍttttt(t) => _t1001_wˍttttt_t_, rˍtttttt(t) => _t1001_rˍtttttt_t_, wˍtttttt(t) => _t1001_wˍtttttt_t_, rˍttttttt(t) => _t1001_rˍttttttt_t_, wˍttttttt(t) => _t1001_wˍttttttt_t_, r(t) => _t1001_r_t_, w(t) => _t1001_w_t_, y1(t) => _t1001_y1_t_, y1ˍt(t) => _t1001_y1ˍt_t_, y1ˍtt(t) => _t1001_y1ˍtt_t_, y1ˍttt(t) => _t1001_y1ˍttt_t_, y1ˍtttt(t) => _t1001_y1ˍtttt_t_, y1ˍttttt(t) => _t1001_y1ˍttttt_t_, y1ˍtttttt(t) => _t1001_y1ˍtttttt_t_, y1ˍttttttt(t) => _t1001_y1ˍttttttt_t_, k2 => _tpk2_, k1 => _tpk1_, k3 => _tpk3_)]
The reverse substitution dictionary is: 
Any[OrderedDict{Any, Any}(_t1001_rˍt_t_ => rˍt(t), _t1001_wˍt_t_ => wˍt(t), _t1001_rˍtt_t_ => rˍtt(t), _t1001_wˍtt_t_ => wˍtt(t), _t1001_rˍttt_t_ => rˍttt(t), _t1001_wˍttt_t_ => wˍttt(t), _t1001_rˍtttt_t_ => rˍtttt(t), _t1001_wˍtttt_t_ => wˍtttt(t), _t1001_rˍttttt_t_ => rˍttttt(t), _t1001_wˍttttt_t_ => wˍttttt(t), _t1001_rˍtttttt_t_ => rˍtttttt(t), _t1001_wˍtttttt_t_ => wˍtttttt(t), _t1001_rˍttttttt_t_ => rˍttttttt(t), _t1001_wˍttttttt_t_ => wˍttttttt(t), _t1001_r_t_ => r(t), _t1001_w_t_ => w(t), _t1001_y1_t_ => y1(t), _t1001_y1ˍt_t_ => y1ˍt(t), _t1001_y1ˍtt_t_ => y1ˍtt(t), _t1001_y1ˍttt_t_ => y1ˍttt(t), _t1001_y1ˍtttt_t_ => y1ˍtttt(t), _t1001_y1ˍttttt_t_ => y1ˍttttt(t), _t1001_y1ˍtttttt_t_ => y1ˍtttttt(t), _t1001_y1ˍttttttt_t_ => y1ˍttttttt(t), _tpk2_ => k2, _tpk1_ => k1, _tpk3_ => k3)]
DEBUG [multipoint_parameter_estimation]: Evaluated ideal polynomial system with exact state and parameter values:
0.0
0.0
1.3877787807814457e-17
1.734723475976807e-18
-6.938893903907228e-18
0.0
0.0
0.0
-8.673617379884035e-19
0.0
-5.204170427930421e-18
0.0
DEBUG [multipoint_parameter_estimation]: Evaluated interpolated polynomial system with exact state and parameter values:
-2.6734282010387744e-9
-3.5233862052952425e-7
-2.208388772179798e-5
-0.0008976482003520692
-0.02625561623328266
0.0
0.0
0.0
-8.673617379884035e-19
0.0
-5.204170427930421e-18
0.0
and by the way the exact state values are: (at the time index 1001)
OrderedDict{Any, Any}(r(t) => 0.42135946131717444, w(t) => 1.016831495484746)
and by the way the exact parameter values are:
OrderedDict{Num, Float64}(k1 => 0.23, k2 => 0.592, k3 => 0.199)
aa_system
Any[_t1001_r_t_ - 948817162508555//2251799813685248, _t1001_rˍt_t_ + 5646804226727955//36028797018963968, _t1001_rˍtt_t_ - 3280443297483283//72057594037927936, _t1001_rˍttt_t_ - 1180258484858323//72057594037927936, _t1001_rˍtttt_t_ + 450118820033737//36028797018963968, _tpk2_*_t1001_r_t_*_t1001_w_t_ - _tpk1_*_t1001_r_t_ + _t1001_rˍt_t_, _tpk2_*_t1001_r_t_*_t1001_wˍt_t_ + _tpk2_*_t1001_w_t_*_t1001_rˍt_t_ - _tpk1_*_t1001_rˍt_t_ + _t1001_rˍtt_t_, _tpk2_*_t1001_r_t_*_t1001_wˍtt_t_ + _tpk2_*_t1001_w_t_*_t1001_rˍtt_t_ + 2*_tpk2_*_t1001_rˍt_t_*_t1001_wˍt_t_ - _tpk1_*_t1001_rˍtt_t_ + _t1001_rˍttt_t_, _tpk2_*_t1001_r_t_*_t1001_wˍttt_t_ + _tpk2_*_t1001_w_t_*_t1001_rˍttt_t_ + 3*_tpk2_*_t1001_rˍt_t_*_t1001_wˍtt_t_ + 3*_tpk2_*_t1001_rˍtt_t_*_t1001_wˍt_t_ - _tpk1_*_t1001_rˍttt_t_ + _t1001_rˍtttt_t_, -_tpk2_*_t1001_r_t_*_t1001_w_t_ + _tpk3_*_t1001_w_t_ + _t1001_wˍt_t_, -_tpk2_*_t1001_r_t_*_t1001_wˍt_t_ - _tpk2_*_t1001_w_t_*_t1001_rˍt_t_ + _tpk3_*_t1001_wˍt_t_ + _t1001_wˍtt_t_, -_tpk2_*_t1001_r_t_*_t1001_wˍtt_t_ - _tpk2_*_t1001_w_t_*_t1001_rˍtt_t_ - 2*_tpk2_*_t1001_rˍt_t_*_t1001_wˍt_t_ + _tpk3_*_t1001_wˍtt_t_ + _t1001_wˍttt_t_]
R
Multivariate polynomial ring in 12 variables over rationals
primes of bitsize 28
G-Q-Pt-FG-LT-LP(C)
Dimension of the quotient :2
Degree of the radical :2
Use last variable as separating element
Separating form: [0, 0, 0, 0, 0, 0, 0, 0, 0, 0, 0, 1]
Run Groebner learn
Test cyclic optimization
Apply cyclic optimization 
Multi-modular computation (1 threads): G-Q-Pt-FG-LT-LP(C)
5-9-13-17-21-25-29-33-37-41-45-49-53-61-69-
check-G-Q-Pt-FG-LT-LP(C)
Nb Primes used :69
2-element Vector{Vector{MPFI.BigInterval}}:
 [[5.78825899967110183071, 5.78825900213502676133], [-0.296287666792123999737, -0.296287666753455090679], [2.03837430017465393885, 2.03837430046235086611], [0.421359463984191711492, 0.421359463997013578731], [0.013074007225605068169, 0.0130740072257526235877], [-0.156730301702196868687, -0.156730301701004552327], [0.0455252959979535750689, 0.0455252959981267405466], [0.0163793768112208229071, 0.0163793768112519741886], [-0.0124933069454699900921, -0.0124933069454581098316], [0.00523696891277330148362, 0.00523696891277532482299], [-0.00976294343734074287336, -0.0097629434373388568825], [-0.00996742754400618389522, -0.00996742754400477705989]]
 [[23.1206714318125305212, 23.1206714329559328983], [-0.381896594672413751406, -0.381896594661443994579], [12.7937958973956864323, 12.7937958975494318879], [0.421359463988999911703, 0.42135946399220537852], [-0.000429623677837500937179, -0.000429623677824659929584], [-0.156730301701749750053, -0.15673030170145167096], [0.045525295998018512123, 0.0455252959980618034924], [0.0163793768112325046374, 0.0163793768112402924583], [-0.0124933069454655349944, -0.0124933069454625649293], [0.00131107491987251734254, 0.00131107491987278984919], [-0.00244415242825086360742, -0.00244415242825060959907], [-0.00249534501469295122433, -0.00249534501469289571318]]
Vector{Any}
SOLNS: Any[[5.788259000903064, -0.29628766677278956, 2.038374300318502, 0.42135946399060265, 0.013074007225678846, -0.1567303017016007, 0.04552529599804016, 0.0163793768112364, -0.01249330694546405, 0.005236968912774313, -0.0097629434373398, -0.00996742754400548], [23.12067143238423, -0.3818965946669289, 12.79379589747256, 0.42135946399060265, -0.00042962367783108045, -0.1567303017016007, 0.04552529599804016, 0.0163793768112364, -0.01249330694546405, 0.0013110749198726535, -0.0024441524282507367, -0.0024953450146929235]]
Vector{Float64}
SOLN 1: [5.788259000903064, -0.29628766677278956, 2.038374300318502, 0.42135946399060265, 0.013074007225678846, -0.1567303017016007, 0.04552529599804016, 0.0163793768112364, -0.01249330694546405, 0.005236968912774313, -0.0097629434373398, -0.00996742754400548]
Vector{Float64}
SOLN 2: [23.12067143238423, -0.3818965946669289, 12.79379589747256, 0.42135946399060265, -0.00042962367783108045, -0.1567303017016007, 0.04552529599804016, 0.0163793768112364, -0.01249330694546405, 0.0013110749198726535, -0.0024441524282507367, -0.0024953450146929235]
DEBUG: Processing solution 1
DEBUG: Constructed initial conditions: [0.42135946399060265, 0.013074007225678846]
DEBUG: Constructed parameter values: [5.788259000903064, -0.29628766677278956, 2.038374300318502]
DEBUG: Parameter/IC mapping:
Dict("r(t)" => 0.42135946399060265, "k3" => 2.038374300318502, "w(t)" => 0.013074007225678846, "k1" => -0.29628766677278956, "k2" => 5.788259000903064)
DEBUG: Processing solution 2
DEBUG: Constructed initial conditions: [0.42135946399060265, -0.00042962367783108045]
DEBUG: Constructed parameter values: [23.12067143238423, -0.3818965946669289, 12.79379589747256]
DEBUG: Parameter/IC mapping:
Dict("r(t)" => 0.42135946399060265, "k3" => 12.79379589747256, "w(t)" => -0.00042962367783108045, "k1" => -0.3818965946669289, "k2" => 23.12067143238423)
DEBUG [determine_optimal_points_count]: Large num points: 1
DEBUG [determine_optimal_points_count]: Good num points: 1
DEBUG [multipoint_parameter_estimation]: Parameter estimation using this many points: 1
DEBUG [multipoint_parameter_estimation]: Ideal final target: 
-0.778 + _t1_r_t_
0.16464969599999998 + _t1_rˍt_t_
0.05502967385702401 + _t1_rˍtt_t_
-0.05966830744749711 + _t1_rˍttt_t_
-0.03143110894813239 + _t1_rˍtttt_t_
_t1_rˍt_t_ - _t1_r_t_*_tpk1_ + _t1_r_t_*_t1_w_t_*_tpk2_
_t1_rˍtt_t_ - _t1_rˍt_t_*_tpk1_ + _t1_r_t_*_t1_wˍt_t_*_tpk2_ + _t1_rˍt_t_*_t1_w_t_*_tpk2_
_t1_rˍttt_t_ - _t1_rˍtt_t_*_tpk1_ + _t1_r_t_*_t1_wˍtt_t_*_tpk2_ + 2_t1_rˍt_t_*_t1_wˍt_t_*_tpk2_ + _t1_rˍtt_t_*_t1_w_t_*_tpk2_
_t1_rˍtttt_t_ - _t1_rˍttt_t_*_tpk1_ + _t1_r_t_*_t1_wˍttt_t_*_tpk2_ + 3_t1_rˍt_t_*_t1_wˍtt_t_*_tpk2_ + 3_t1_rˍtt_t_*_t1_wˍt_t_*_tpk2_ + _t1_rˍttt_t_*_t1_w_t_*_tpk2_
_t1_wˍt_t_ + _t1_w_t_*_tpk3_ - _t1_r_t_*_t1_w_t_*_tpk2_
_t1_wˍtt_t_ + _t1_wˍt_t_*_tpk3_ - _t1_r_t_*_t1_wˍt_t_*_tpk2_ - _t1_rˍt_t_*_t1_w_t_*_tpk2_
_t1_wˍttt_t_ + _t1_wˍtt_t_*_tpk3_ - _t1_r_t_*_t1_wˍtt_t_*_tpk2_ - 2_t1_rˍt_t_*_t1_wˍt_t_*_tpk2_ - _t1_rˍtt_t_*_t1_w_t_*_tpk2_
DEBUG [but we are actually solving this: 
-0.778 + _t1_r_t_
0.1646496960009145 + _t1_rˍt_t_
0.05502967379203483 + _t1_rˍtt_t_
-0.05966830490478969 + _t1_rˍttt_t_
-0.03143118039770343 + _t1_rˍtttt_t_
_t1_rˍt_t_ - _t1_r_t_*_tpk1_ + _t1_r_t_*_t1_w_t_*_tpk2_
_t1_rˍtt_t_ - _t1_rˍt_t_*_tpk1_ + _t1_r_t_*_t1_wˍt_t_*_tpk2_ + _t1_rˍt_t_*_t1_w_t_*_tpk2_
_t1_rˍttt_t_ - _t1_rˍtt_t_*_tpk1_ + _t1_r_t_*_t1_wˍtt_t_*_tpk2_ + 2_t1_rˍt_t_*_t1_wˍt_t_*_tpk2_ + _t1_rˍtt_t_*_t1_w_t_*_tpk2_
_t1_rˍtttt_t_ - _t1_rˍttt_t_*_tpk1_ + _t1_r_t_*_t1_wˍttt_t_*_tpk2_ + 3_t1_rˍt_t_*_t1_wˍtt_t_*_tpk2_ + 3_t1_rˍtt_t_*_t1_wˍt_t_*_tpk2_ + _t1_rˍttt_t_*_t1_w_t_*_tpk2_
_t1_wˍt_t_ + _t1_w_t_*_tpk3_ - _t1_r_t_*_t1_w_t_*_tpk2_
_t1_wˍtt_t_ + _t1_wˍt_t_*_tpk3_ - _t1_r_t_*_t1_wˍt_t_*_tpk2_ - _t1_rˍt_t_*_t1_w_t_*_tpk2_
_t1_wˍttt_t_ + _t1_wˍtt_t_*_tpk3_ - _t1_r_t_*_t1_wˍtt_t_*_tpk2_ - 2_t1_rˍt_t_*_t1_wˍt_t_*_tpk2_ - _t1_rˍtt_t_*_t1_w_t_*_tpk2_
As a reminder the true parameter values are: 
OrderedDict{Num, Float64}(k1 => 0.23, k2 => 0.592, k3 => 0.199)
And the true states are: 
OrderedDict{Num, Float64}(r(t) => 0.778, w(t) => 0.746)
The forward substitution dictionary is: 
Any[OrderedDict{Num, Any}(rˍt(t) => _t1_rˍt_t_, wˍt(t) => _t1_wˍt_t_, rˍtt(t) => _t1_rˍtt_t_, wˍtt(t) => _t1_wˍtt_t_, rˍttt(t) => _t1_rˍttt_t_, wˍttt(t) => _t1_wˍttt_t_, rˍtttt(t) => _t1_rˍtttt_t_, wˍtttt(t) => _t1_wˍtttt_t_, rˍttttt(t) => _t1_rˍttttt_t_, wˍttttt(t) => _t1_wˍttttt_t_, rˍtttttt(t) => _t1_rˍtttttt_t_, wˍtttttt(t) => _t1_wˍtttttt_t_, rˍttttttt(t) => _t1_rˍttttttt_t_, wˍttttttt(t) => _t1_wˍttttttt_t_, r(t) => _t1_r_t_, w(t) => _t1_w_t_, y1(t) => _t1_y1_t_, y1ˍt(t) => _t1_y1ˍt_t_, y1ˍtt(t) => _t1_y1ˍtt_t_, y1ˍttt(t) => _t1_y1ˍttt_t_, y1ˍtttt(t) => _t1_y1ˍtttt_t_, y1ˍttttt(t) => _t1_y1ˍttttt_t_, y1ˍtttttt(t) => _t1_y1ˍtttttt_t_, y1ˍttttttt(t) => _t1_y1ˍttttttt_t_, k2 => _tpk2_, k1 => _tpk1_, k3 => _tpk3_)]
The reverse substitution dictionary is: 
Any[OrderedDict{Any, Any}(_t1_rˍt_t_ => rˍt(t), _t1_wˍt_t_ => wˍt(t), _t1_rˍtt_t_ => rˍtt(t), _t1_wˍtt_t_ => wˍtt(t), _t1_rˍttt_t_ => rˍttt(t), _t1_wˍttt_t_ => wˍttt(t), _t1_rˍtttt_t_ => rˍtttt(t), _t1_wˍtttt_t_ => wˍtttt(t), _t1_rˍttttt_t_ => rˍttttt(t), _t1_wˍttttt_t_ => wˍttttt(t), _t1_rˍtttttt_t_ => rˍtttttt(t), _t1_wˍtttttt_t_ => wˍtttttt(t), _t1_rˍttttttt_t_ => rˍttttttt(t), _t1_wˍttttttt_t_ => wˍttttttt(t), _t1_r_t_ => r(t), _t1_w_t_ => w(t), _t1_y1_t_ => y1(t), _t1_y1ˍt_t_ => y1ˍt(t), _t1_y1ˍtt_t_ => y1ˍtt(t), _t1_y1ˍttt_t_ => y1ˍttt(t), _t1_y1ˍtttt_t_ => y1ˍtttt(t), _t1_y1ˍttttt_t_ => y1ˍttttt(t), _t1_y1ˍtttttt_t_ => y1ˍtttttt(t), _t1_y1ˍttttttt_t_ => y1ˍttttttt(t), _tpk2_ => k2, _tpk1_ => k1, _tpk3_ => k3)]
DEBUG [multipoint_parameter_estimation]: Evaluated ideal polynomial system with exact state and parameter values:
0.0
0.0
1.3877787807814457e-17
6.938893903907228e-18
-2.7755575615628914e-17
0.0
1.3877787807814457e-17
1.734723475976807e-18
0.0
0.0
0.0
1.734723475976807e-18
DEBUG [multipoint_parameter_estimation]: Evaluated interpolated polynomial system with exact state and parameter values:
0.0
9.14518460959357e-13
-6.498916682584621e-11
2.5427074265560456e-9
-7.144957106519634e-8
0.0
1.3877787807814457e-17
1.734723475976807e-18
0.0
0.0
0.0
1.734723475976807e-18
and by the way the exact state values are: (at the time index 1)
OrderedDict{Any, Any}(r(t) => 0.778, w(t) => 0.746)
and by the way the exact parameter values are:
OrderedDict{Num, Float64}(k1 => 0.23, k2 => 0.592, k3 => 0.199)
aa_system
Any[_t1_r_t_ - 1751900255047123//2251799813685248, _t1_rˍt_t_ + 23172384673637//140737488355328, _t1_rˍtt_t_ + 968092259313//17592186044416, _t1_rˍttt_t_ - 131211990105//2199023255552, _t1_rˍtttt_t_ - 17279474161//549755813888, _tpk2_*_t1_r_t_*_t1_w_t_ - _tpk1_*_t1_r_t_ + _t1_rˍt_t_, _tpk2_*_t1_r_t_*_t1_wˍt_t_ + _tpk2_*_t1_w_t_*_t1_rˍt_t_ - _tpk1_*_t1_rˍt_t_ + _t1_rˍtt_t_, _tpk2_*_t1_r_t_*_t1_wˍtt_t_ + _tpk2_*_t1_w_t_*_t1_rˍtt_t_ + 2*_tpk2_*_t1_rˍt_t_*_t1_wˍt_t_ - _tpk1_*_t1_rˍtt_t_ + _t1_rˍttt_t_, _tpk2_*_t1_r_t_*_t1_wˍttt_t_ + _tpk2_*_t1_w_t_*_t1_rˍttt_t_ + 3*_tpk2_*_t1_rˍt_t_*_t1_wˍtt_t_ + 3*_tpk2_*_t1_rˍtt_t_*_t1_wˍt_t_ - _tpk1_*_t1_rˍttt_t_ + _t1_rˍtttt_t_, -_tpk2_*_t1_r_t_*_t1_w_t_ + _tpk3_*_t1_w_t_ + _t1_wˍt_t_, -_tpk2_*_t1_r_t_*_t1_wˍt_t_ - _tpk2_*_t1_w_t_*_t1_rˍt_t_ + _tpk3_*_t1_wˍt_t_ + _t1_wˍtt_t_, -_tpk2_*_t1_r_t_*_t1_wˍtt_t_ - _tpk2_*_t1_w_t_*_t1_rˍtt_t_ - 2*_tpk2_*_t1_rˍt_t_*_t1_wˍt_t_ + _tpk3_*_t1_wˍtt_t_ + _t1_wˍttt_t_]
R
Multivariate polynomial ring in 12 variables over rationals
primes of bitsize 28
G-Q-Pt-FG-LT-LP(C)
Dimension of the quotient :2
Degree of the radical :2
Use last variable as separating element
Separating form: [0, 0, 0, 0, 0, 0, 0, 0, 0, 0, 0, 1]
Run Groebner learn
Test cyclic optimization
Apply cyclic optimization 
Multi-modular computation (1 threads): G-Q-Pt-FG-LT-LP(C)
5-9-13-17-21-25-29-33-37-41-45-49-53-61-
check-G-Q-Pt-FG-LT-LP(C)
Nb Primes used :61
2-element Vector{Vector{MPFI.BigInterval}}:
 [[0.592001761112960241736, 0.592001761397985135858], [0.229999208359882508812, 0.229999208385570892537], [0.199000901514241810063, 0.199000901565851272901], [0.777999999984280503102, 0.778000000015719546636], [0.745996443425251374551, 0.74599644343599610412], [-0.164649696001746191205, -0.16464969600008281429], [-0.0550296737921738123855, -0.0550296737918958431824], [0.05966830490471434292, 0.0596683049048650429901], [0.0314311803976835828673, 0.0314311803977232746381], [0.195135115324470645939, 0.195135115324573469464], [-0.0216716898207059651908, -0.0216716898207002554036], [-0.0680124005018161559465, -0.0680124005018036436977]]
 [[1.75065047280735938782, 1.75065047292543670039], [-0.405693239479232521243, -0.405693239469260520235], [1.95728378670424634612, 1.95728378673491180061], [0.777999999996070144414, 0.778000000003929905324], [-0.110850933687279984266, -0.110850933686197944497], [-0.164649696001122424866, -0.164649696000706580628], [-0.0550296737920695739343, -0.0550296737920000816335], [0.0596683049047708554455, 0.0596683049048085304647], [0.0314311803976984672809, 0.0314311803977083902245], [0.0659870909353397525072, 0.0659870909353552652618], [-0.00732852087920276931081, -0.00732852087920190788825], [-0.0229991431792302511483, -0.0229991431792297876214]]
Vector{Any}
SOLNS: Any[[0.5920017612554727, 0.2299992083727267, 0.19900090154004654, 0.778, 0.7459964434306238, -0.1646496960009145, -0.05502967379203483, 0.05966830490478969, 0.03143118039770343, 0.19513511532452205, -0.02167168982070311, -0.0680124005018099], [1.750650472866398, -0.4056932394742465, 1.9572837867195791, 0.778, -0.11085093368673897, -0.1646496960009145, -0.05502967379203483, 0.05966830490478969, 0.03143118039770343, 0.0659870909353475, -0.007328520879202338, -0.02299914317923002]]
Vector{Float64}
SOLN 1: [0.5920017612554727, 0.2299992083727267, 0.19900090154004654, 0.778, 0.7459964434306238, -0.1646496960009145, -0.05502967379203483, 0.05966830490478969, 0.03143118039770343, 0.19513511532452205, -0.02167168982070311, -0.0680124005018099]
Vector{Float64}
SOLN 2: [1.750650472866398, -0.4056932394742465, 1.9572837867195791, 0.778, -0.11085093368673897, -0.1646496960009145, -0.05502967379203483, 0.05966830490478969, 0.03143118039770343, 0.0659870909353475, -0.007328520879202338, -0.02299914317923002]
DEBUG: Processing solution 1
DEBUG: Constructed initial conditions: [0.778, 0.7459964434306238]
DEBUG: Constructed parameter values: [0.5920017612554727, 0.2299992083727267, 0.19900090154004654]
DEBUG: Parameter/IC mapping:
Dict("r(t)" => 0.778, "k3" => 0.19900090154004654, "w(t)" => 0.7459964434306238, "k1" => 0.2299992083727267, "k2" => 0.5920017612554727)
DEBUG: Processing solution 2
DEBUG: Constructed initial conditions: [0.778, -0.11085093368673897]
DEBUG: Constructed parameter values: [1.750650472866398, -0.4056932394742465, 1.9572837867195791]
DEBUG: Parameter/IC mapping:
Dict("r(t)" => 0.778, "k3" => 1.9572837867195791, "w(t)" => -0.11085093368673897, "k1" => -0.4056932394742465, "k2" => 1.750650472866398)
DEBUG [determine_optimal_points_count]: Large num points: 1
DEBUG [determine_optimal_points_count]: Good num points: 1
DEBUG [multipoint_parameter_estimation]: Parameter estimation using this many points: 1
DEBUG [multipoint_parameter_estimation]: Ideal final target: 
-0.740554029395611 + _t111_r_t_
0.17526283596471162 + _t111_rˍt_t_
0.04125858023787278 + _t111_rˍtt_t_
-0.06497530130435203 + _t111_rˍttt_t_
-0.016508783403888554 + _t111_rˍtttt_t_
_t111_rˍt_t_ - _t111_r_t_*_tpk1_ + _t111_r_t_*_t111_w_t_*_tpk2_
_t111_rˍtt_t_ - _t111_rˍt_t_*_tpk1_ + _t111_r_t_*_t111_wˍt_t_*_tpk2_ + _t111_rˍt_t_*_t111_w_t_*_tpk2_
_t111_rˍttt_t_ - _t111_rˍtt_t_*_tpk1_ + _t111_r_t_*_t111_wˍtt_t_*_tpk2_ + 2_t111_rˍt_t_*_t111_wˍt_t_*_tpk2_ + _t111_rˍtt_t_*_t111_w_t_*_tpk2_
_t111_rˍtttt_t_ - _t111_rˍttt_t_*_tpk1_ + _t111_r_t_*_t111_wˍttt_t_*_tpk2_ + 3_t111_rˍt_t_*_t111_wˍtt_t_*_tpk2_ + 3_t111_rˍtt_t_*_t111_wˍt_t_*_tpk2_ + _t111_rˍttt_t_*_t111_w_t_*_tpk2_
_t111_wˍt_t_ + _t111_w_t_*_tpk3_ - _t111_r_t_*_t111_w_t_*_tpk2_
_t111_wˍtt_t_ + _t111_wˍt_t_*_tpk3_ - _t111_r_t_*_t111_wˍt_t_*_tpk2_ - _t111_rˍt_t_*_t111_w_t_*_tpk2_
_t111_wˍttt_t_ + _t111_wˍtt_t_*_tpk3_ - _t111_r_t_*_t111_wˍtt_t_*_tpk2_ - 2_t111_rˍt_t_*_t111_wˍt_t_*_tpk2_ - _t111_rˍtt_t_*_t111_w_t_*_tpk2_
DEBUG [but we are actually solving this: 
-0.7405540293956099 + _t111_r_t_
0.17526283596476677 + _t111_rˍt_t_
0.04125858023621731 + _t111_rˍtt_t_
-0.06497530130491214 + _t111_rˍttt_t_
-0.01650878245709464 + _t111_rˍtttt_t_
_t111_rˍt_t_ - _t111_r_t_*_tpk1_ + _t111_r_t_*_t111_w_t_*_tpk2_
_t111_rˍtt_t_ - _t111_rˍt_t_*_tpk1_ + _t111_r_t_*_t111_wˍt_t_*_tpk2_ + _t111_rˍt_t_*_t111_w_t_*_tpk2_
_t111_rˍttt_t_ - _t111_rˍtt_t_*_tpk1_ + _t111_r_t_*_t111_wˍtt_t_*_tpk2_ + 2_t111_rˍt_t_*_t111_wˍt_t_*_tpk2_ + _t111_rˍtt_t_*_t111_w_t_*_tpk2_
_t111_rˍtttt_t_ - _t111_rˍttt_t_*_tpk1_ + _t111_r_t_*_t111_wˍttt_t_*_tpk2_ + 3_t111_rˍt_t_*_t111_wˍtt_t_*_tpk2_ + 3_t111_rˍtt_t_*_t111_wˍt_t_*_tpk2_ + _t111_rˍttt_t_*_t111_w_t_*_tpk2_
_t111_wˍt_t_ + _t111_w_t_*_tpk3_ - _t111_r_t_*_t111_w_t_*_tpk2_
_t111_wˍtt_t_ + _t111_wˍt_t_*_tpk3_ - _t111_r_t_*_t111_wˍt_t_*_tpk2_ - _t111_rˍt_t_*_t111_w_t_*_tpk2_
_t111_wˍttt_t_ + _t111_wˍtt_t_*_tpk3_ - _t111_r_t_*_t111_wˍtt_t_*_tpk2_ - 2_t111_rˍt_t_*_t111_wˍt_t_*_tpk2_ - _t111_rˍtt_t_*_t111_w_t_*_tpk2_
As a reminder the true parameter values are: 
OrderedDict{Num, Float64}(k1 => 0.23, k2 => 0.592, k3 => 0.199)
And the true states are: 
OrderedDict{Num, Float64}(r(t) => 0.778, w(t) => 0.746)
The forward substitution dictionary is: 
Any[OrderedDict{Num, Any}(rˍt(t) => _t111_rˍt_t_, wˍt(t) => _t111_wˍt_t_, rˍtt(t) => _t111_rˍtt_t_, wˍtt(t) => _t111_wˍtt_t_, rˍttt(t) => _t111_rˍttt_t_, wˍttt(t) => _t111_wˍttt_t_, rˍtttt(t) => _t111_rˍtttt_t_, wˍtttt(t) => _t111_wˍtttt_t_, rˍttttt(t) => _t111_rˍttttt_t_, wˍttttt(t) => _t111_wˍttttt_t_, rˍtttttt(t) => _t111_rˍtttttt_t_, wˍtttttt(t) => _t111_wˍtttttt_t_, rˍttttttt(t) => _t111_rˍttttttt_t_, wˍttttttt(t) => _t111_wˍttttttt_t_, r(t) => _t111_r_t_, w(t) => _t111_w_t_, y1(t) => _t111_y1_t_, y1ˍt(t) => _t111_y1ˍt_t_, y1ˍtt(t) => _t111_y1ˍtt_t_, y1ˍttt(t) => _t111_y1ˍttt_t_, y1ˍtttt(t) => _t111_y1ˍtttt_t_, y1ˍttttt(t) => _t111_y1ˍttttt_t_, y1ˍtttttt(t) => _t111_y1ˍtttttt_t_, y1ˍttttttt(t) => _t111_y1ˍttttttt_t_, k2 => _tpk2_, k1 => _tpk1_, k3 => _tpk3_)]
The reverse substitution dictionary is: 
Any[OrderedDict{Any, Any}(_t111_rˍt_t_ => rˍt(t), _t111_wˍt_t_ => wˍt(t), _t111_rˍtt_t_ => rˍtt(t), _t111_wˍtt_t_ => wˍtt(t), _t111_rˍttt_t_ => rˍttt(t), _t111_wˍttt_t_ => wˍttt(t), _t111_rˍtttt_t_ => rˍtttt(t), _t111_wˍtttt_t_ => wˍtttt(t), _t111_rˍttttt_t_ => rˍttttt(t), _t111_wˍttttt_t_ => wˍttttt(t), _t111_rˍtttttt_t_ => rˍtttttt(t), _t111_wˍtttttt_t_ => wˍtttttt(t), _t111_rˍttttttt_t_ => rˍttttttt(t), _t111_wˍttttttt_t_ => wˍttttttt(t), _t111_r_t_ => r(t), _t111_w_t_ => w(t), _t111_y1_t_ => y1(t), _t111_y1ˍt_t_ => y1ˍt(t), _t111_y1ˍtt_t_ => y1ˍtt(t), _t111_y1ˍttt_t_ => y1ˍttt(t), _t111_y1ˍtttt_t_ => y1ˍtttt(t), _t111_y1ˍttttt_t_ => y1ˍttttt(t), _t111_y1ˍtttttt_t_ => y1ˍtttttt(t), _t111_y1ˍttttttt_t_ => y1ˍttttttt(t), _tpk2_ => k2, _tpk1_ => k1, _tpk3_ => k3)]
DEBUG [multipoint_parameter_estimation]: Evaluated ideal polynomial system with exact state and parameter values:
0.0
-5.551115123125783e-17
0.0
2.7755575615628914e-17
-6.938893903907228e-18
0.0
-1.3877787807814457e-17
0.0
-3.469446951953614e-18
0.0
0.0
3.469446951953614e-18
DEBUG [multipoint_parameter_estimation]: Evaluated interpolated polynomial system with exact state and parameter values:
1.1102230246251565e-15
5.5094817597023393e-14
-1.6554674298063787e-12
-5.600797603477758e-13
9.467939071639009e-10
0.0
-1.3877787807814457e-17
0.0
-3.469446951953614e-18
0.0
0.0
3.469446951953614e-18
and by the way the exact state values are: (at the time index 111)
OrderedDict{Any, Any}(r(t) => 0.740554029395611, w(t) => 0.7882845984400872)
and by the way the exact parameter values are:
OrderedDict{Num, Float64}(k1 => 0.23, k2 => 0.592, k3 => 0.199)
aa_system
Any[_t111_r_t_ - 833789712708447//1125899906842624, _t111_rˍt_t_ + 197328410685705//1125899906842624, _t111_rˍtt_t_ + 181457154861//4398046511104, _t111_rˍttt_t_ - 71441099303//1099511627776, _t111_rˍtttt_t_ - 283618723//17179869184, _tpk2_*_t111_r_t_*_t111_w_t_ - _tpk1_*_t111_r_t_ + _t111_rˍt_t_, _tpk2_*_t111_r_t_*_t111_wˍt_t_ + _tpk2_*_t111_w_t_*_t111_rˍt_t_ - _tpk1_*_t111_rˍt_t_ + _t111_rˍtt_t_, _tpk2_*_t111_r_t_*_t111_wˍtt_t_ + _tpk2_*_t111_w_t_*_t111_rˍtt_t_ + 2*_tpk2_*_t111_rˍt_t_*_t111_wˍt_t_ - _tpk1_*_t111_rˍtt_t_ + _t111_rˍttt_t_, _tpk2_*_t111_r_t_*_t111_wˍttt_t_ + _tpk2_*_t111_w_t_*_t111_rˍttt_t_ + 3*_tpk2_*_t111_rˍt_t_*_t111_wˍtt_t_ + 3*_tpk2_*_t111_rˍtt_t_*_t111_wˍt_t_ - _tpk1_*_t111_rˍttt_t_ + _t111_rˍtttt_t_, -_tpk2_*_t111_r_t_*_t111_w_t_ + _tpk3_*_t111_w_t_ + _t111_wˍt_t_, -_tpk2_*_t111_r_t_*_t111_wˍt_t_ - _tpk2_*_t111_w_t_*_t111_rˍt_t_ + _tpk3_*_t111_wˍt_t_ + _t111_wˍtt_t_, -_tpk2_*_t111_r_t_*_t111_wˍtt_t_ - _tpk2_*_t111_w_t_*_t111_rˍtt_t_ - 2*_tpk2_*_t111_rˍt_t_*_t111_wˍt_t_ + _tpk3_*_t111_wˍtt_t_ + _t111_wˍttt_t_]
R
Multivariate polynomial ring in 12 variables over rationals
primes of bitsize 28
G-Q-Pt-FG-LT-LP(C)
Dimension of the quotient :2
Degree of the radical :2
Use last variable as separating element
Separating form: [0, 0, 0, 0, 0, 0, 0, 0, 0, 0, 0, 1]
Run Groebner learn
Test cyclic optimization
Apply cyclic optimization 
Multi-modular computation (1 threads): G-Q-Pt-FG-LT-LP(C)
5-9-13-17-21-25-29-33-37-41-45-49-53-61-
check-G-Q-Pt-FG-LT-LP(C)
Nb Primes used :61
2-element Vector{Vector{MPFI.BigInterval}}:
 [[0.591999975188658131655, 0.591999975477651466777], [0.230000012531470554323, 0.230000012558196329826], [0.198999988143096635327, 0.198999988195133632068], [0.740554029380124642374, 0.7405540294110951191], [0.788284652491389955733, 0.788284652503215735591], [-0.17526283596568297366, -0.175262835963850570697], [-0.0412585802363251540115, -0.0412585802361094712509], [0.0649753013048272204139, 0.0649753013049970523901], [0.0165087824570838519051, 0.0165087824571054271743], [0.188721635501609638715, 0.188721635501712997985], [-0.0366074774639454334849, -0.0366074774639354088737], [-0.0671798876948807494508, -0.0671798876948679984472]]
 [[1.67914835597477524106, 1.67914835609248886474], [-0.409056367508723114822, -0.409056367498297541224], [1.89157700998076008336, 1.89157701001146551516], [0.740554029391738571133, 0.740554029399481190341], [-0.102666262101206115514, -0.102666262100041734964], [-0.175262835964995822553, -0.175262835964537721805], [-0.0412585802362442729767, -0.0412585802361903522857], [0.064975301304890907405, 0.064975301304933365399], [0.0165087824570919426309, 0.0165087824570973364486], [0.0665356358516338530334, 0.0665356358516497125734], [-0.0129063198478201859827, -0.0129063198478186477972], [-0.0236849184373526929052, -0.0236849184373521696896]]
Vector{Any}
SOLNS: Any[[0.5919999753331548, 0.23000001254483343, 0.19899998816911513, 0.7405540293956099, 0.7882846524973028, -0.17526283596476677, -0.04125858023621731, 0.06497530130491214, 0.01650878245709464, 0.18872163550166132, -0.03660747746394042, -0.06717988769487437], [1.679148356033632, -0.4090563675035103, 1.891577009996113, 0.7405540293956099, -0.10266626210062392, -0.17526283596476677, -0.04125858023621731, 0.06497530130491214, 0.01650878245709464, 0.06653563585164178, -0.012906319847819417, -0.02368491843735243]]
Vector{Float64}
SOLN 1: [0.5919999753331548, 0.23000001254483343, 0.19899998816911513, 0.7405540293956099, 0.7882846524973028, -0.17526283596476677, -0.04125858023621731, 0.06497530130491214, 0.01650878245709464, 0.18872163550166132, -0.03660747746394042, -0.06717988769487437]
Vector{Float64}
SOLN 2: [1.679148356033632, -0.4090563675035103, 1.891577009996113, 0.7405540293956099, -0.10266626210062392, -0.17526283596476677, -0.04125858023621731, 0.06497530130491214, 0.01650878245709464, 0.06653563585164178, -0.012906319847819417, -0.02368491843735243]
DEBUG: Processing solution 1
DEBUG: Constructed initial conditions: [0.7405540293956099, 0.7882846524973028]
DEBUG: Constructed parameter values: [0.5919999753331548, 0.23000001254483343, 0.19899998816911513]
DEBUG: Parameter/IC mapping:
Dict("r(t)" => 0.7405540293956099, "k3" => 0.19899998816911513, "w(t)" => 0.7882846524973028, "k1" => 0.23000001254483343, "k2" => 0.5919999753331548)
DEBUG: Processing solution 2
DEBUG: Constructed initial conditions: [0.7405540293956099, -0.10266626210062392]
DEBUG: Constructed parameter values: [1.679148356033632, -0.4090563675035103, 1.891577009996113]
DEBUG: Parameter/IC mapping:
Dict("r(t)" => 0.7405540293956099, "k3" => 1.891577009996113, "w(t)" => -0.10266626210062392, "k1" => -0.4090563675035103, "k2" => 1.679148356033632)
DEBUG [determine_optimal_points_count]: Large num points: 1
DEBUG [determine_optimal_points_count]: Good num points: 1
DEBUG [multipoint_parameter_estimation]: Parameter estimation using this many points: 1
DEBUG [multipoint_parameter_estimation]: Ideal final target: 
-0.7007488164156793 + _t222_r_t_
0.182798302467924 + _t222_rˍt_t_
0.026558716885281775 + _t222_rˍtt_t_
-0.06686109626866385 + _t222_rˍttt_t_
-0.00046317000077351206 + _t222_rˍtttt_t_
_t222_rˍt_t_ - _t222_r_t_*_tpk1_ + _t222_r_t_*_t222_w_t_*_tpk2_
_t222_rˍtt_t_ - _t222_rˍt_t_*_tpk1_ + _t222_r_t_*_t222_wˍt_t_*_tpk2_ + _t222_rˍt_t_*_t222_w_t_*_tpk2_
_t222_rˍttt_t_ - _t222_rˍtt_t_*_tpk1_ + _t222_r_t_*_t222_wˍtt_t_*_tpk2_ + 2_t222_rˍt_t_*_t222_wˍt_t_*_tpk2_ + _t222_rˍtt_t_*_t222_w_t_*_tpk2_
_t222_rˍtttt_t_ - _t222_rˍttt_t_*_tpk1_ + _t222_r_t_*_t222_wˍttt_t_*_tpk2_ + 3_t222_rˍt_t_*_t222_wˍtt_t_*_tpk2_ + 3_t222_rˍtt_t_*_t222_wˍt_t_*_tpk2_ + _t222_rˍttt_t_*_t222_w_t_*_tpk2_
_t222_wˍt_t_ + _t222_w_t_*_tpk3_ - _t222_r_t_*_t222_w_t_*_tpk2_
_t222_wˍtt_t_ + _t222_wˍt_t_*_tpk3_ - _t222_r_t_*_t222_wˍt_t_*_tpk2_ - _t222_rˍt_t_*_t222_w_t_*_tpk2_
_t222_wˍttt_t_ + _t222_wˍtt_t_*_tpk3_ - _t222_r_t_*_t222_wˍtt_t_*_tpk2_ - 2_t222_rˍt_t_*_t222_wˍt_t_*_tpk2_ - _t222_rˍtt_t_*_t222_w_t_*_tpk2_
DEBUG [but we are actually solving this: 
-0.7007488164156783 + _t222_r_t_
0.18279830246795115 + _t222_rˍt_t_
0.02655871688540401 + _t222_rˍtt_t_
-0.06686109625297831 + _t222_rˍttt_t_
-0.00046316790394484997 + _t222_rˍtttt_t_
_t222_rˍt_t_ - _t222_r_t_*_tpk1_ + _t222_r_t_*_t222_w_t_*_tpk2_
_t222_rˍtt_t_ - _t222_rˍt_t_*_tpk1_ + _t222_r_t_*_t222_wˍt_t_*_tpk2_ + _t222_rˍt_t_*_t222_w_t_*_tpk2_
_t222_rˍttt_t_ - _t222_rˍtt_t_*_tpk1_ + _t222_r_t_*_t222_wˍtt_t_*_tpk2_ + 2_t222_rˍt_t_*_t222_wˍt_t_*_tpk2_ + _t222_rˍtt_t_*_t222_w_t_*_tpk2_
_t222_rˍtttt_t_ - _t222_rˍttt_t_*_tpk1_ + _t222_r_t_*_t222_wˍttt_t_*_tpk2_ + 3_t222_rˍt_t_*_t222_wˍtt_t_*_tpk2_ + 3_t222_rˍtt_t_*_t222_wˍt_t_*_tpk2_ + _t222_rˍttt_t_*_t222_w_t_*_tpk2_
_t222_wˍt_t_ + _t222_w_t_*_tpk3_ - _t222_r_t_*_t222_w_t_*_tpk2_
_t222_wˍtt_t_ + _t222_wˍt_t_*_tpk3_ - _t222_r_t_*_t222_wˍt_t_*_tpk2_ - _t222_rˍt_t_*_t222_w_t_*_tpk2_
_t222_wˍttt_t_ + _t222_wˍtt_t_*_tpk3_ - _t222_r_t_*_t222_wˍtt_t_*_tpk2_ - 2_t222_rˍt_t_*_t222_wˍt_t_*_tpk2_ - _t222_rˍtt_t_*_t222_w_t_*_tpk2_
As a reminder the true parameter values are: 
OrderedDict{Num, Float64}(k1 => 0.23, k2 => 0.592, k3 => 0.199)
And the true states are: 
OrderedDict{Num, Float64}(r(t) => 0.778, w(t) => 0.746)
The forward substitution dictionary is: 
Any[OrderedDict{Num, Any}(rˍt(t) => _t222_rˍt_t_, wˍt(t) => _t222_wˍt_t_, rˍtt(t) => _t222_rˍtt_t_, wˍtt(t) => _t222_wˍtt_t_, rˍttt(t) => _t222_rˍttt_t_, wˍttt(t) => _t222_wˍttt_t_, rˍtttt(t) => _t222_rˍtttt_t_, wˍtttt(t) => _t222_wˍtttt_t_, rˍttttt(t) => _t222_rˍttttt_t_, wˍttttt(t) => _t222_wˍttttt_t_, rˍtttttt(t) => _t222_rˍtttttt_t_, wˍtttttt(t) => _t222_wˍtttttt_t_, rˍttttttt(t) => _t222_rˍttttttt_t_, wˍttttttt(t) => _t222_wˍttttttt_t_, r(t) => _t222_r_t_, w(t) => _t222_w_t_, y1(t) => _t222_y1_t_, y1ˍt(t) => _t222_y1ˍt_t_, y1ˍtt(t) => _t222_y1ˍtt_t_, y1ˍttt(t) => _t222_y1ˍttt_t_, y1ˍtttt(t) => _t222_y1ˍtttt_t_, y1ˍttttt(t) => _t222_y1ˍttttt_t_, y1ˍtttttt(t) => _t222_y1ˍtttttt_t_, y1ˍttttttt(t) => _t222_y1ˍttttttt_t_, k2 => _tpk2_, k1 => _tpk1_, k3 => _tpk3_)]
The reverse substitution dictionary is: 
Any[OrderedDict{Any, Any}(_t222_rˍt_t_ => rˍt(t), _t222_wˍt_t_ => wˍt(t), _t222_rˍtt_t_ => rˍtt(t), _t222_wˍtt_t_ => wˍtt(t), _t222_rˍttt_t_ => rˍttt(t), _t222_wˍttt_t_ => wˍttt(t), _t222_rˍtttt_t_ => rˍtttt(t), _t222_wˍtttt_t_ => wˍtttt(t), _t222_rˍttttt_t_ => rˍttttt(t), _t222_wˍttttt_t_ => wˍttttt(t), _t222_rˍtttttt_t_ => rˍtttttt(t), _t222_wˍtttttt_t_ => wˍtttttt(t), _t222_rˍttttttt_t_ => rˍttttttt(t), _t222_wˍttttttt_t_ => wˍttttttt(t), _t222_r_t_ => r(t), _t222_w_t_ => w(t), _t222_y1_t_ => y1(t), _t222_y1ˍt_t_ => y1ˍt(t), _t222_y1ˍtt_t_ => y1ˍtt(t), _t222_y1ˍttt_t_ => y1ˍttt(t), _t222_y1ˍtttt_t_ => y1ˍtttt(t), _t222_y1ˍttttt_t_ => y1ˍttttt(t), _t222_y1ˍtttttt_t_ => y1ˍtttttt(t), _t222_y1ˍttttttt_t_ => y1ˍttttttt(t), _tpk2_ => k2, _tpk1_ => k1, _tpk3_ => k3)]
DEBUG [multipoint_parameter_estimation]: Evaluated ideal polynomial system with exact state and parameter values:
0.0
-5.551115123125783e-17
0.0
2.7755575615628914e-17
-1.0408340855860843e-17
0.0
0.0
1.734723475976807e-18
3.469446951953614e-18
0.0
0.0
-3.469446951953614e-18
DEBUG [multipoint_parameter_estimation]: Evaluated interpolated polynomial system with exact state and parameter values:
9.992007221626409e-16
2.708944180085382e-14
1.2223555501122974e-13
1.56855639588116e-11
2.0968286516820367e-9
0.0
0.0
1.734723475976807e-18
3.469446951953614e-18
0.0
0.0
-3.469446951953614e-18
and by the way the exact state values are: (at the time index 222)
OrderedDict{Any, Any}(r(t) => 0.7007488164156793, w(t) => 0.8291577345203545)
and by the way the exact parameter values are:
OrderedDict{Num, Float64}(k1 => 0.23, k2 => 0.592, k3 => 0.199)
aa_system
Any[_t222_r_t_ - 3155892108489965//4503599627370496, _t222_rˍt_t_ + 25726573964957//140737488355328, _t222_rˍtt_t_ + 467225888549//17592186044416, _t222_rˍttt_t_ - 9189319097//137438953472, _t222_rˍtttt_t_ - 1989291//4294967296, _tpk2_*_t222_r_t_*_t222_w_t_ - _tpk1_*_t222_r_t_ + _t222_rˍt_t_, _tpk2_*_t222_r_t_*_t222_wˍt_t_ + _tpk2_*_t222_w_t_*_t222_rˍt_t_ - _tpk1_*_t222_rˍt_t_ + _t222_rˍtt_t_, _tpk2_*_t222_r_t_*_t222_wˍtt_t_ + _tpk2_*_t222_w_t_*_t222_rˍtt_t_ + 2*_tpk2_*_t222_rˍt_t_*_t222_wˍt_t_ - _tpk1_*_t222_rˍtt_t_ + _t222_rˍttt_t_, _tpk2_*_t222_r_t_*_t222_wˍttt_t_ + _tpk2_*_t222_w_t_*_t222_rˍttt_t_ + 3*_tpk2_*_t222_rˍt_t_*_t222_wˍtt_t_ + 3*_tpk2_*_t222_rˍtt_t_*_t222_wˍt_t_ - _tpk1_*_t222_rˍttt_t_ + _t222_rˍtttt_t_, -_tpk2_*_t222_r_t_*_t222_w_t_ + _tpk3_*_t222_w_t_ + _t222_wˍt_t_, -_tpk2_*_t222_r_t_*_t222_wˍt_t_ - _tpk2_*_t222_w_t_*_t222_rˍt_t_ + _tpk3_*_t222_wˍt_t_ + _t222_wˍtt_t_, -_tpk2_*_t222_r_t_*_t222_wˍtt_t_ - _tpk2_*_t222_w_t_*_t222_rˍtt_t_ - 2*_tpk2_*_t222_rˍt_t_*_t222_wˍt_t_ + _tpk3_*_t222_wˍtt_t_ + _t222_wˍttt_t_]
R
Multivariate polynomial ring in 12 variables over rationals
primes of bitsize 28
G-Q-Pt-FG-LT-LP(C)
Dimension of the quotient :2
Degree of the radical :2
Use last variable as separating element
Separating form: [0, 0, 0, 0, 0, 0, 0, 0, 0, 0, 0, 1]
Run Groebner learn
Test cyclic optimization
Apply cyclic optimization 
Multi-modular computation (1 threads): G-Q-Pt-FG-LT-LP(C)
5-9-13-17-21-25-29-33-37-41-45-49-53-61-
check-G-Q-Pt-FG-LT-LP(C)
Nb Primes used :61
2-element Vector{Vector{MPFI.BigInterval}}:
 [[0.59199994006296757421, 0.591999940371993581224], [0.230000034477772685628, 0.230000034506236564045], [0.198999973261717252793, 0.19899997331739763435], [0.700748816400063170563, 0.700748816431293472816], [0.829157876511693629561, 0.829157876525064078352], [-0.182798302468969493368, -0.182798302466932798432], [-0.0265587168854779878168, -0.0265587168853300323824], [0.0668610962528851949202, 0.0668610962530714325083], [0.000463167903944527436326, 0.000463167903945172499587], [0.178968159144526122004, 0.178968159144630499414], [-0.0510995578774738690189, -0.0510995578774589679323], [-0.0628007914004823628388, -0.0628007914004696534889]]
 [[1.69097925280460129082, 1.69097925293083605028], [-0.408675472236195675766, -0.40867547222509818824], [1.9017246312215998229, 1.90172463125449126887], [0.700748816411774533888, 0.700748816419582109492], [-0.0874133098573739236423, -0.0874133098560973965473], [-0.182798302468205732772, -0.182798302467696559028], [-0.0265587168854225045295, -0.0265587168853855156697], [0.0668610962529550340132, 0.0668610962530015934153], [0.000463167903944769335039, 0.000463167903944930600874], [0.062655493458103307028, 0.0626554934581192769431], [-0.0178895957225427954291, -0.0178895957225405155374], [-0.0219861152596326003223, -0.0219861152596320875201]]
Vector{Any}
SOLNS: Any[[0.5919999402174806, 0.23000003449200462, 0.19899997328955743, 0.7007488164156783, 0.8291578765183788, -0.18279830246795115, -0.02655871688540401, 0.06686109625297831, 0.00046316790394484997, 0.1789681591445783, -0.051099557877466416, -0.06280079140047601], [1.6909792528677188, -0.40867547223064693, 1.9017246312380456, 0.7007488164156783, -0.08741330985673566, -0.18279830246795115, -0.02655871688540401, 0.06686109625297831, 0.00046316790394484997, 0.06265549345811129, -0.017889595722541656, -0.021986115259632344]]
Vector{Float64}
SOLN 1: [0.5919999402174806, 0.23000003449200462, 0.19899997328955743, 0.7007488164156783, 0.8291578765183788, -0.18279830246795115, -0.02655871688540401, 0.06686109625297831, 0.00046316790394484997, 0.1789681591445783, -0.051099557877466416, -0.06280079140047601]
Vector{Float64}
SOLN 2: [1.6909792528677188, -0.40867547223064693, 1.9017246312380456, 0.7007488164156783, -0.08741330985673566, -0.18279830246795115, -0.02655871688540401, 0.06686109625297831, 0.00046316790394484997, 0.06265549345811129, -0.017889595722541656, -0.021986115259632344]
DEBUG: Processing solution 1
DEBUG: Constructed initial conditions: [0.7007488164156783, 0.8291578765183788]
DEBUG: Constructed parameter values: [0.5919999402174806, 0.23000003449200462, 0.19899997328955743]
DEBUG: Parameter/IC mapping:
Dict("r(t)" => 0.7007488164156783, "k3" => 0.19899997328955743, "w(t)" => 0.8291578765183788, "k1" => 0.23000003449200462, "k2" => 0.5919999402174806)
DEBUG: Processing solution 2
DEBUG: Constructed initial conditions: [0.7007488164156783, -0.08741330985673566]
DEBUG: Constructed parameter values: [1.6909792528677188, -0.40867547223064693, 1.9017246312380456]
DEBUG: Parameter/IC mapping:
Dict("r(t)" => 0.7007488164156783, "k3" => 1.9017246312380456, "w(t)" => -0.08741330985673566, "k1" => -0.40867547223064693, "k2" => 1.6909792528677188)
DEBUG [determine_optimal_points_count]: Large num points: 1
DEBUG [determine_optimal_points_count]: Good num points: 1
DEBUG [multipoint_parameter_estimation]: Parameter estimation using this many points: 1
DEBUG [multipoint_parameter_estimation]: Ideal final target: 
-0.6592606529841446 + _t334_r_t_
0.18707660847698535 + _t334_rˍt_t_
0.011702349700763032 + _t334_rˍtt_t_
-0.06520912336307044 + _t334_rˍttt_t_
0.014935795812284349 + _t334_rˍtttt_t_
_t334_rˍt_t_ - _t334_r_t_*_tpk1_ + _t334_r_t_*_t334_w_t_*_tpk2_
_t334_rˍtt_t_ - _t334_rˍt_t_*_tpk1_ + _t334_r_t_*_t334_wˍt_t_*_tpk2_ + _t334_rˍt_t_*_t334_w_t_*_tpk2_
_t334_rˍttt_t_ - _t334_rˍtt_t_*_tpk1_ + _t334_r_t_*_t334_wˍtt_t_*_tpk2_ + 2_t334_rˍt_t_*_t334_wˍt_t_*_tpk2_ + _t334_rˍtt_t_*_t334_w_t_*_tpk2_
_t334_rˍtttt_t_ - _t334_rˍttt_t_*_tpk1_ + _t334_r_t_*_t334_wˍttt_t_*_tpk2_ + 3_t334_rˍt_t_*_t334_wˍtt_t_*_tpk2_ + 3_t334_rˍtt_t_*_t334_wˍt_t_*_tpk2_ + _t334_rˍttt_t_*_t334_w_t_*_tpk2_
_t334_wˍt_t_ + _t334_w_t_*_tpk3_ - _t334_r_t_*_t334_w_t_*_tpk2_
_t334_wˍtt_t_ + _t334_wˍt_t_*_tpk3_ - _t334_r_t_*_t334_wˍt_t_*_tpk2_ - _t334_rˍt_t_*_t334_w_t_*_tpk2_
_t334_wˍttt_t_ + _t334_wˍtt_t_*_tpk3_ - _t334_r_t_*_t334_wˍtt_t_*_tpk2_ - 2_t334_rˍt_t_*_t334_wˍt_t_*_tpk2_ - _t334_rˍtt_t_*_t334_w_t_*_tpk2_
DEBUG [but we are actually solving this: 
-0.6592606529841435 + _t334_r_t_
0.1870766084769413 + _t334_rˍt_t_
0.011702349700623671 + _t334_rˍtt_t_
-0.06520912335658124 + _t334_rˍttt_t_
0.014935795812561992 + _t334_rˍtttt_t_
_t334_rˍt_t_ - _t334_r_t_*_tpk1_ + _t334_r_t_*_t334_w_t_*_tpk2_
_t334_rˍtt_t_ - _t334_rˍt_t_*_tpk1_ + _t334_r_t_*_t334_wˍt_t_*_tpk2_ + _t334_rˍt_t_*_t334_w_t_*_tpk2_
_t334_rˍttt_t_ - _t334_rˍtt_t_*_tpk1_ + _t334_r_t_*_t334_wˍtt_t_*_tpk2_ + 2_t334_rˍt_t_*_t334_wˍt_t_*_tpk2_ + _t334_rˍtt_t_*_t334_w_t_*_tpk2_
_t334_rˍtttt_t_ - _t334_rˍttt_t_*_tpk1_ + _t334_r_t_*_t334_wˍttt_t_*_tpk2_ + 3_t334_rˍt_t_*_t334_wˍtt_t_*_tpk2_ + 3_t334_rˍtt_t_*_t334_wˍt_t_*_tpk2_ + _t334_rˍttt_t_*_t334_w_t_*_tpk2_
_t334_wˍt_t_ + _t334_w_t_*_tpk3_ - _t334_r_t_*_t334_w_t_*_tpk2_
_t334_wˍtt_t_ + _t334_wˍt_t_*_tpk3_ - _t334_r_t_*_t334_wˍt_t_*_tpk2_ - _t334_rˍt_t_*_t334_w_t_*_tpk2_
_t334_wˍttt_t_ + _t334_wˍtt_t_*_tpk3_ - _t334_r_t_*_t334_wˍtt_t_*_tpk2_ - 2_t334_rˍt_t_*_t334_wˍt_t_*_tpk2_ - _t334_rˍtt_t_*_t334_w_t_*_tpk2_
As a reminder the true parameter values are: 
OrderedDict{Num, Float64}(k1 => 0.23, k2 => 0.592, k3 => 0.199)
And the true states are: 
OrderedDict{Num, Float64}(r(t) => 0.778, w(t) => 0.746)
The forward substitution dictionary is: 
Any[OrderedDict{Num, Any}(rˍt(t) => _t334_rˍt_t_, wˍt(t) => _t334_wˍt_t_, rˍtt(t) => _t334_rˍtt_t_, wˍtt(t) => _t334_wˍtt_t_, rˍttt(t) => _t334_rˍttt_t_, wˍttt(t) => _t334_wˍttt_t_, rˍtttt(t) => _t334_rˍtttt_t_, wˍtttt(t) => _t334_wˍtttt_t_, rˍttttt(t) => _t334_rˍttttt_t_, wˍttttt(t) => _t334_wˍttttt_t_, rˍtttttt(t) => _t334_rˍtttttt_t_, wˍtttttt(t) => _t334_wˍtttttt_t_, rˍttttttt(t) => _t334_rˍttttttt_t_, wˍttttttt(t) => _t334_wˍttttttt_t_, r(t) => _t334_r_t_, w(t) => _t334_w_t_, y1(t) => _t334_y1_t_, y1ˍt(t) => _t334_y1ˍt_t_, y1ˍtt(t) => _t334_y1ˍtt_t_, y1ˍttt(t) => _t334_y1ˍttt_t_, y1ˍtttt(t) => _t334_y1ˍtttt_t_, y1ˍttttt(t) => _t334_y1ˍttttt_t_, y1ˍtttttt(t) => _t334_y1ˍtttttt_t_, y1ˍttttttt(t) => _t334_y1ˍttttttt_t_, k2 => _tpk2_, k1 => _tpk1_, k3 => _tpk3_)]
The reverse substitution dictionary is: 
Any[OrderedDict{Any, Any}(_t334_rˍt_t_ => rˍt(t), _t334_wˍt_t_ => wˍt(t), _t334_rˍtt_t_ => rˍtt(t), _t334_wˍtt_t_ => wˍtt(t), _t334_rˍttt_t_ => rˍttt(t), _t334_wˍttt_t_ => wˍttt(t), _t334_rˍtttt_t_ => rˍtttt(t), _t334_wˍtttt_t_ => wˍtttt(t), _t334_rˍttttt_t_ => rˍttttt(t), _t334_wˍttttt_t_ => wˍttttt(t), _t334_rˍtttttt_t_ => rˍtttttt(t), _t334_wˍtttttt_t_ => wˍtttttt(t), _t334_rˍttttttt_t_ => rˍttttttt(t), _t334_wˍttttttt_t_ => wˍttttttt(t), _t334_r_t_ => r(t), _t334_w_t_ => w(t), _t334_y1_t_ => y1(t), _t334_y1ˍt_t_ => y1ˍt(t), _t334_y1ˍtt_t_ => y1ˍtt(t), _t334_y1ˍttt_t_ => y1ˍttt(t), _t334_y1ˍtttt_t_ => y1ˍtttt(t), _t334_y1ˍttttt_t_ => y1ˍttttt(t), _t334_y1ˍtttttt_t_ => y1ˍtttttt(t), _t334_y1ˍttttttt_t_ => y1ˍttttttt(t), _tpk2_ => k2, _tpk1_ => k1, _tpk3_ => k3)]
DEBUG [multipoint_parameter_estimation]: Evaluated ideal polynomial system with exact state and parameter values:
0.0
0.0
0.0
0.0
0.0
0.0
0.0
6.938893903907228e-18
3.469446951953614e-18
0.0
6.938893903907228e-18
-3.469446951953614e-18
DEBUG [multipoint_parameter_estimation]: Evaluated interpolated polynomial system with exact state and parameter values:
1.1102230246251565e-15
-4.4048098502003086e-14
-1.3936074516607277e-13
6.489198067782809e-12
2.77642492330088e-13
0.0
0.0
6.938893903907228e-18
3.469446951953614e-18
0.0
6.938893903907228e-18
-3.469446951953614e-18
and by the way the exact state values are: (at the time index 334)
OrderedDict{Any, Any}(r(t) => 0.6592606529841446, w(t) => 0.8678501509407474)
and by the way the exact parameter values are:
OrderedDict{Num, Float64}(k1 => 0.23, k2 => 0.592, k3 => 0.199)
aa_system
Any[_t334_r_t_ - 5938092062238837//9007199254740992, _t334_rˍt_t_ + 842518144226489//4503599627370496, _t334_rˍtt_t_ + 3293918609443//281474976710656, _t334_rˍttt_t_ - 4588684119529//70368744177664, _t334_rˍtttt_t_ + 8211040583//549755813888, _tpk2_*_t334_r_t_*_t334_w_t_ - _tpk1_*_t334_r_t_ + _t334_rˍt_t_, _tpk2_*_t334_r_t_*_t334_wˍt_t_ + _tpk2_*_t334_w_t_*_t334_rˍt_t_ - _tpk1_*_t334_rˍt_t_ + _t334_rˍtt_t_, _tpk2_*_t334_r_t_*_t334_wˍtt_t_ + _tpk2_*_t334_w_t_*_t334_rˍtt_t_ + 2*_tpk2_*_t334_rˍt_t_*_t334_wˍt_t_ - _tpk1_*_t334_rˍtt_t_ + _t334_rˍttt_t_, _tpk2_*_t334_r_t_*_t334_wˍttt_t_ + _tpk2_*_t334_w_t_*_t334_rˍttt_t_ + 3*_tpk2_*_t334_rˍt_t_*_t334_wˍtt_t_ + 3*_tpk2_*_t334_rˍtt_t_*_t334_wˍt_t_ - _tpk1_*_t334_rˍttt_t_ + _t334_rˍtttt_t_, -_tpk2_*_t334_r_t_*_t334_w_t_ + _tpk3_*_t334_w_t_ + _t334_wˍt_t_, -_tpk2_*_t334_r_t_*_t334_wˍt_t_ - _tpk2_*_t334_w_t_*_t334_rˍt_t_ + _tpk3_*_t334_wˍt_t_ + _t334_wˍtt_t_, -_tpk2_*_t334_r_t_*_t334_wˍtt_t_ - _tpk2_*_t334_w_t_*_t334_rˍtt_t_ - 2*_tpk2_*_t334_rˍt_t_*_t334_wˍt_t_ + _tpk3_*_t334_wˍtt_t_ + _t334_wˍttt_t_]
R
Multivariate polynomial ring in 12 variables over rationals
primes of bitsize 28
G-Q-Pt-FG-LT-LP(C)
Dimension of the quotient :2
Degree of the radical :2
Use last variable as separating element
Separating form: [0, 0, 0, 0, 0, 0, 0, 0, 0, 0, 0, 1]
Run Groebner learn
Test cyclic optimization
Apply cyclic optimization 
Multi-modular computation (1 threads): G-Q-Pt-FG-LT-LP(C)
5-9-13-17-21-25-29-33-37-41-45-49-53-61-
check-G-Q-Pt-FG-LT-LP(C)
Nb Primes used :61
2-element Vector{Vector{MPFI.BigInterval}}:
 [[0.591999999681569376623, 0.591999999857487693022], [0.23000000006604783991, 0.230000000081735657261], [0.198999999872528103804, 0.198999999904362083843], [0.659260652976012480174, 0.659260652992274502772], [0.8678501513577234039, 0.86785015136554060608], [-0.187076608477518126114, -0.187076608476364468595], [-0.0117023497006417123803, -0.0117023497006056295586], [0.0652091233565309783087, 0.0652091233566315106502], [-0.0149357958125677482214, -0.0149357958125562350277], [0.166004378683892137485, 0.166004378683945414448], [-0.0643601416018549573619, -0.0643601416018446295806], [-0.0550929956168850662424, -0.0550929956168788695391]]
 [[1.78985485349220427802, 1.78985485363925855308], [-0.405982434896487932548, -0.405982434884303054455], [1.98409228251053084986, 1.98409228254846432978], [0.65926065298007798581, 0.659260652988208997136], [-0.0682821544404869688252, -0.0682821544390437417939], [-0.187076608477229711734, -0.187076608476652882975], [-0.0117023497006326916751, -0.0117023497006146502638], [0.0652091233565561113924, 0.0652091233566063775665], [-0.014935795812564869923, -0.0149357958125591133261], [0.0549064590075082229527, 0.0549064590075241565149], [-0.0212873148563661496051, -0.0212873148563630608715], [-0.0182221778089313168891, -0.0182221778089308727999]]
Vector{Any}
SOLNS: Any[[0.5919999997695286, 0.23000000007389174, 0.1989999998884451, 0.6592606529841435, 0.867850151361632, -0.1870766084769413, -0.011702349700623671, 0.06520912335658124, -0.014935795812561992, 0.16600437868391876, -0.06436014160184979, -0.05509299561688197], [1.7898548535657315, -0.4059824348903955, 1.9840922825294975, 0.6592606529841435, -0.06828215443976536, -0.1870766084769413, -0.011702349700623671, 0.06520912335658124, -0.014935795812561992, 0.05490645900751619, -0.021287314856364606, -0.018222177808931095]]
Vector{Float64}
SOLN 1: [0.5919999997695286, 0.23000000007389174, 0.1989999998884451, 0.6592606529841435, 0.867850151361632, -0.1870766084769413, -0.011702349700623671, 0.06520912335658124, -0.014935795812561992, 0.16600437868391876, -0.06436014160184979, -0.05509299561688197]
Vector{Float64}
SOLN 2: [1.7898548535657315, -0.4059824348903955, 1.9840922825294975, 0.6592606529841435, -0.06828215443976536, -0.1870766084769413, -0.011702349700623671, 0.06520912335658124, -0.014935795812561992, 0.05490645900751619, -0.021287314856364606, -0.018222177808931095]
DEBUG: Processing solution 1
DEBUG: Constructed initial conditions: [0.6592606529841435, 0.867850151361632]
DEBUG: Constructed parameter values: [0.5919999997695286, 0.23000000007389174, 0.1989999998884451]
DEBUG: Parameter/IC mapping:
Dict("r(t)" => 0.6592606529841435, "k3" => 0.1989999998884451, "w(t)" => 0.867850151361632, "k1" => 0.23000000007389174, "k2" => 0.5919999997695286)
DEBUG: Processing solution 2
DEBUG: Constructed initial conditions: [0.6592606529841435, -0.06828215443976536]
DEBUG: Constructed parameter values: [1.7898548535657315, -0.4059824348903955, 1.9840922825294975]
DEBUG: Parameter/IC mapping:
Dict("r(t)" => 0.6592606529841435, "k3" => 1.9840922825294975, "w(t)" => -0.06828215443976536, "k1" => -0.4059824348903955, "k2" => 1.7898548535657315)
DEBUG [determine_optimal_points_count]: Large num points: 1
DEBUG [determine_optimal_points_count]: Good num points: 1
DEBUG [multipoint_parameter_estimation]: Parameter estimation using this many points: 1
DEBUG [multipoint_parameter_estimation]: Ideal final target: 
-0.61755839356148 + _t445_r_t_
0.18810116529334123 + _t445_rˍt_t_
-0.002293982186069507 + _t445_rˍtt_t_
-0.060406060815515465 + _t445_rˍttt_t_
0.027833402427014473 + _t445_rˍtttt_t_
_t445_rˍt_t_ - _t445_r_t_*_tpk1_ + _t445_r_t_*_t445_w_t_*_tpk2_
_t445_rˍtt_t_ - _t445_rˍt_t_*_tpk1_ + _t445_r_t_*_t445_wˍt_t_*_tpk2_ + _t445_rˍt_t_*_t445_w_t_*_tpk2_
_t445_rˍttt_t_ - _t445_rˍtt_t_*_tpk1_ + _t445_r_t_*_t445_wˍtt_t_*_tpk2_ + 2_t445_rˍt_t_*_t445_wˍt_t_*_tpk2_ + _t445_rˍtt_t_*_t445_w_t_*_tpk2_
_t445_rˍtttt_t_ - _t445_rˍttt_t_*_tpk1_ + _t445_r_t_*_t445_wˍttt_t_*_tpk2_ + 3_t445_rˍt_t_*_t445_wˍtt_t_*_tpk2_ + 3_t445_rˍtt_t_*_t445_wˍt_t_*_tpk2_ + _t445_rˍttt_t_*_t445_w_t_*_tpk2_
_t445_wˍt_t_ + _t445_w_t_*_tpk3_ - _t445_r_t_*_t445_w_t_*_tpk2_
_t445_wˍtt_t_ + _t445_wˍt_t_*_tpk3_ - _t445_r_t_*_t445_wˍt_t_*_tpk2_ - _t445_rˍt_t_*_t445_w_t_*_tpk2_
_t445_wˍttt_t_ + _t445_wˍtt_t_*_tpk3_ - _t445_r_t_*_t445_wˍtt_t_*_tpk2_ - 2_t445_rˍt_t_*_t445_wˍt_t_*_tpk2_ - _t445_rˍtt_t_*_t445_w_t_*_tpk2_
DEBUG [but we are actually solving this: 
-0.6175583935614772 + _t445_r_t_
0.188101165293574 + _t445_rˍt_t_
-0.0022939820191822946 + _t445_rˍtt_t_
-0.06040620803833008 + _t445_rˍttt_t_
0.02777099609375 + _t445_rˍtttt_t_
_t445_rˍt_t_ - _t445_r_t_*_tpk1_ + _t445_r_t_*_t445_w_t_*_tpk2_
_t445_rˍtt_t_ - _t445_rˍt_t_*_tpk1_ + _t445_r_t_*_t445_wˍt_t_*_tpk2_ + _t445_rˍt_t_*_t445_w_t_*_tpk2_
_t445_rˍttt_t_ - _t445_rˍtt_t_*_tpk1_ + _t445_r_t_*_t445_wˍtt_t_*_tpk2_ + 2_t445_rˍt_t_*_t445_wˍt_t_*_tpk2_ + _t445_rˍtt_t_*_t445_w_t_*_tpk2_
_t445_rˍtttt_t_ - _t445_rˍttt_t_*_tpk1_ + _t445_r_t_*_t445_wˍttt_t_*_tpk2_ + 3_t445_rˍt_t_*_t445_wˍtt_t_*_tpk2_ + 3_t445_rˍtt_t_*_t445_wˍt_t_*_tpk2_ + _t445_rˍttt_t_*_t445_w_t_*_tpk2_
_t445_wˍt_t_ + _t445_w_t_*_tpk3_ - _t445_r_t_*_t445_w_t_*_tpk2_
_t445_wˍtt_t_ + _t445_wˍt_t_*_tpk3_ - _t445_r_t_*_t445_wˍt_t_*_tpk2_ - _t445_rˍt_t_*_t445_w_t_*_tpk2_
_t445_wˍttt_t_ + _t445_wˍtt_t_*_tpk3_ - _t445_r_t_*_t445_wˍtt_t_*_tpk2_ - 2_t445_rˍt_t_*_t445_wˍt_t_*_tpk2_ - _t445_rˍtt_t_*_t445_w_t_*_tpk2_
As a reminder the true parameter values are: 
OrderedDict{Num, Float64}(k1 => 0.23, k2 => 0.592, k3 => 0.199)
And the true states are: 
OrderedDict{Num, Float64}(r(t) => 0.778, w(t) => 0.746)
The forward substitution dictionary is: 
Any[OrderedDict{Num, Any}(rˍt(t) => _t445_rˍt_t_, wˍt(t) => _t445_wˍt_t_, rˍtt(t) => _t445_rˍtt_t_, wˍtt(t) => _t445_wˍtt_t_, rˍttt(t) => _t445_rˍttt_t_, wˍttt(t) => _t445_wˍttt_t_, rˍtttt(t) => _t445_rˍtttt_t_, wˍtttt(t) => _t445_wˍtttt_t_, rˍttttt(t) => _t445_rˍttttt_t_, wˍttttt(t) => _t445_wˍttttt_t_, rˍtttttt(t) => _t445_rˍtttttt_t_, wˍtttttt(t) => _t445_wˍtttttt_t_, rˍttttttt(t) => _t445_rˍttttttt_t_, wˍttttttt(t) => _t445_wˍttttttt_t_, r(t) => _t445_r_t_, w(t) => _t445_w_t_, y1(t) => _t445_y1_t_, y1ˍt(t) => _t445_y1ˍt_t_, y1ˍtt(t) => _t445_y1ˍtt_t_, y1ˍttt(t) => _t445_y1ˍttt_t_, y1ˍtttt(t) => _t445_y1ˍtttt_t_, y1ˍttttt(t) => _t445_y1ˍttttt_t_, y1ˍtttttt(t) => _t445_y1ˍtttttt_t_, y1ˍttttttt(t) => _t445_y1ˍttttttt_t_, k2 => _tpk2_, k1 => _tpk1_, k3 => _tpk3_)]
The reverse substitution dictionary is: 
Any[OrderedDict{Any, Any}(_t445_rˍt_t_ => rˍt(t), _t445_wˍt_t_ => wˍt(t), _t445_rˍtt_t_ => rˍtt(t), _t445_wˍtt_t_ => wˍtt(t), _t445_rˍttt_t_ => rˍttt(t), _t445_wˍttt_t_ => wˍttt(t), _t445_rˍtttt_t_ => rˍtttt(t), _t445_wˍtttt_t_ => wˍtttt(t), _t445_rˍttttt_t_ => rˍttttt(t), _t445_wˍttttt_t_ => wˍttttt(t), _t445_rˍtttttt_t_ => rˍtttttt(t), _t445_wˍtttttt_t_ => wˍtttttt(t), _t445_rˍttttttt_t_ => rˍttttttt(t), _t445_wˍttttttt_t_ => wˍttttttt(t), _t445_r_t_ => r(t), _t445_w_t_ => w(t), _t445_y1_t_ => y1(t), _t445_y1ˍt_t_ => y1ˍt(t), _t445_y1ˍtt_t_ => y1ˍtt(t), _t445_y1ˍttt_t_ => y1ˍttt(t), _t445_y1ˍtttt_t_ => y1ˍtttt(t), _t445_y1ˍttttt_t_ => y1ˍttttt(t), _t445_y1ˍtttttt_t_ => y1ˍtttttt(t), _t445_y1ˍttttttt_t_ => y1ˍttttttt(t), _tpk2_ => k2, _tpk1_ => k1, _tpk3_ => k3)]
DEBUG [multipoint_parameter_estimation]: Evaluated ideal polynomial system with exact state and parameter values:
0.0
0.0
0.0
0.0
-6.938893903907228e-18
0.0
0.0
-7.589415207398531e-19
0.0
0.0
3.469446951953614e-18
0.0
DEBUG [multipoint_parameter_estimation]: Evaluated interpolated polynomial system with exact state and parameter values:
2.7755575615628914e-15
2.327860126882797e-13
1.6688721238278248e-10
-1.4722281461293507e-7
-6.240633326447947e-5
0.0
0.0
-7.589415207398531e-19
0.0
0.0
3.469446951953614e-18
0.0
and by the way the exact state values are: (at the time index 445)
OrderedDict{Any, Any}(r(t) => 0.61755839356148, w(t) => 0.9030210616256724)
and by the way the exact parameter values are:
OrderedDict{Num, Float64}(k1 => 0.23, k2 => 0.592, k3 => 0.199)
aa_system
Any[_t445_r_t_ - 2781235751122991//4503599627370496, _t445_rˍt_t_ + 413638836877//2199023255552, _t445_rˍtt_t_ - 39410311//17179869184, _t445_rˍttt_t_ - 126681//2097152, _t445_rˍtttt_t_ + 455//16384, _tpk2_*_t445_r_t_*_t445_w_t_ - _tpk1_*_t445_r_t_ + _t445_rˍt_t_, _tpk2_*_t445_r_t_*_t445_wˍt_t_ + _tpk2_*_t445_w_t_*_t445_rˍt_t_ - _tpk1_*_t445_rˍt_t_ + _t445_rˍtt_t_, _tpk2_*_t445_r_t_*_t445_wˍtt_t_ + _tpk2_*_t445_w_t_*_t445_rˍtt_t_ + 2*_tpk2_*_t445_rˍt_t_*_t445_wˍt_t_ - _tpk1_*_t445_rˍtt_t_ + _t445_rˍttt_t_, _tpk2_*_t445_r_t_*_t445_wˍttt_t_ + _tpk2_*_t445_w_t_*_t445_rˍttt_t_ + 3*_tpk2_*_t445_rˍt_t_*_t445_wˍtt_t_ + 3*_tpk2_*_t445_rˍtt_t_*_t445_wˍt_t_ - _tpk1_*_t445_rˍttt_t_ + _t445_rˍtttt_t_, -_tpk2_*_t445_r_t_*_t445_w_t_ + _tpk3_*_t445_w_t_ + _t445_wˍt_t_, -_tpk2_*_t445_r_t_*_t445_wˍt_t_ - _tpk2_*_t445_w_t_*_t445_rˍt_t_ + _tpk3_*_t445_wˍt_t_ + _t445_wˍtt_t_, -_tpk2_*_t445_r_t_*_t445_wˍtt_t_ - _tpk2_*_t445_w_t_*_t445_rˍtt_t_ - 2*_tpk2_*_t445_rˍt_t_*_t445_wˍt_t_ + _tpk3_*_t445_wˍtt_t_ + _t445_wˍttt_t_]
R
Multivariate polynomial ring in 12 variables over rationals
primes of bitsize 28
G-Q-Pt-FG-LT-LP(C)
Dimension of the quotient :2
Degree of the radical :2
Use last variable as separating element
Separating form: [0, 0, 0, 0, 0, 0, 0, 0, 0, 0, 0, 1]
Run Groebner learn
Test cyclic optimization
Apply cyclic optimization 
Multi-modular computation (1 threads): G-Q-Pt-FG-LT-LP(C)
5-9-13-17-21-25-29-33-37-41-45-49-53-
check-G-Q-Pt-FG-LT-LP(C)
Nb Primes used :53
2-element Vector{Vector{MPFI.BigInterval}}:
 [[0.594339029351792734051, 0.594339029570111618641], [0.228317305165605194652, 0.228317305183789064332], [0.199918450365208840219, 0.199918450404863270024], [0.617558393552570077925, 0.617558393570384395763], [0.896636006108879162006, 0.896636006118402806032], [-0.188101165294252267526, -0.188101165292895758572], [0.00229398201917815879124, 0.00229398201918643042309], [0.0604062080382756250043, 0.0604062080383845312457], [-0.0277709960937625170692, -0.0277709960937374829308], [0.149846352585732649485, 0.149846352585788318841], [-0.0751977837839163855737, -0.0751977837839024172211], [-0.0448490278385190465718, -0.0448490278385131047509]]
 [[2.00114857717871636497, 2.00114857727387743475], [-0.402052123515745684802, -0.402052123508693907955], [2.14959786239021380882, 2.1495978624141877097], [0.617558393559250447101, 0.617558393563704026587], [-0.0487038574437166763487, -0.0487038574428645006172], [-0.188101165293743576671, -0.188101165293404449426], [0.0022939820191812606531, 0.00229398201918332856122], [0.0604062080383164648436, 0.0604062080383436914064], [-0.0277709960937531292675, -0.0277709960937468707325], [0.0445042096211195182563, 0.044504209621127500561], [-0.0223336629475037839423, -0.0223336629475017810516], [-0.0133201142489376422873, -0.0133201142489374202427]]
Vector{Any}
SOLNS: Any[[0.5943390294609522, 0.22831730517469712, 0.19991845038503606, 0.6175583935614772, 0.896636006113641, -0.188101165293574, 0.0022939820191822946, 0.06040620803833008, -0.02777099609375, 0.14984635258576048, -0.0751977837839094, -0.044849027838516076], [2.0011485772262967, -0.4020521235122198, 2.1495978624022007, 0.6175583935614772, -0.04870385744329059, -0.188101165293574, 0.0022939820191822946, 0.06040620803833008, -0.02777099609375, 0.04450420962112351, -0.022333662947502782, -0.013320114248937531]]
Vector{Float64}
SOLN 1: [0.5943390294609522, 0.22831730517469712, 0.19991845038503606, 0.6175583935614772, 0.896636006113641, -0.188101165293574, 0.0022939820191822946, 0.06040620803833008, -0.02777099609375, 0.14984635258576048, -0.0751977837839094, -0.044849027838516076]
Vector{Float64}
SOLN 2: [2.0011485772262967, -0.4020521235122198, 2.1495978624022007, 0.6175583935614772, -0.04870385744329059, -0.188101165293574, 0.0022939820191822946, 0.06040620803833008, -0.02777099609375, 0.04450420962112351, -0.022333662947502782, -0.013320114248937531]
DEBUG: Processing solution 1
DEBUG: Constructed initial conditions: [0.6175583935614772, 0.896636006113641]
DEBUG: Constructed parameter values: [0.5943390294609522, 0.22831730517469712, 0.19991845038503606]
DEBUG: Parameter/IC mapping:
Dict("r(t)" => 0.6175583935614772, "k3" => 0.19991845038503606, "w(t)" => 0.896636006113641, "k1" => 0.22831730517469712, "k2" => 0.5943390294609522)
DEBUG: Processing solution 2
DEBUG: Constructed initial conditions: [0.6175583935614772, -0.04870385744329059]
DEBUG: Constructed parameter values: [2.0011485772262967, -0.4020521235122198, 2.1495978624022007]
DEBUG: Parameter/IC mapping:
Dict("r(t)" => 0.6175583935614772, "k3" => 2.1495978624022007, "w(t)" => -0.04870385744329059, "k1" => -0.4020521235122198, "k2" => 2.0011485772262967)
DEBUG [determine_optimal_points_count]: Large num points: 1
DEBUG [determine_optimal_points_count]: Good num points: 1
DEBUG [multipoint_parameter_estimation]: Parameter estimation using this many points: 1
DEBUG [multipoint_parameter_estimation]: Ideal final target: 
-0.5759635805882577 + _t556_r_t_
0.18615895281520684 + _t556_rˍt_t_
-0.014932882236705358 + _t556_rˍtt_t_
-0.0531081500302858 + _t556_rˍttt_t_
0.037278082577676584 + _t556_rˍtttt_t_
_t556_rˍt_t_ - _t556_r_t_*_tpk1_ + _t556_r_t_*_t556_w_t_*_tpk2_
_t556_rˍtt_t_ - _t556_rˍt_t_*_tpk1_ + _t556_r_t_*_t556_wˍt_t_*_tpk2_ + _t556_rˍt_t_*_t556_w_t_*_tpk2_
_t556_rˍttt_t_ - _t556_rˍtt_t_*_tpk1_ + _t556_r_t_*_t556_wˍtt_t_*_tpk2_ + 2_t556_rˍt_t_*_t556_wˍt_t_*_tpk2_ + _t556_rˍtt_t_*_t556_w_t_*_tpk2_
_t556_rˍtttt_t_ - _t556_rˍttt_t_*_tpk1_ + _t556_r_t_*_t556_wˍttt_t_*_tpk2_ + 3_t556_rˍt_t_*_t556_wˍtt_t_*_tpk2_ + 3_t556_rˍtt_t_*_t556_wˍt_t_*_tpk2_ + _t556_rˍttt_t_*_t556_w_t_*_tpk2_
_t556_wˍt_t_ + _t556_w_t_*_tpk3_ - _t556_r_t_*_t556_w_t_*_tpk2_
_t556_wˍtt_t_ + _t556_wˍt_t_*_tpk3_ - _t556_r_t_*_t556_wˍt_t_*_tpk2_ - _t556_rˍt_t_*_t556_w_t_*_tpk2_
_t556_wˍttt_t_ + _t556_wˍtt_t_*_tpk3_ - _t556_r_t_*_t556_wˍtt_t_*_tpk2_ - 2_t556_rˍt_t_*_t556_wˍt_t_*_tpk2_ - _t556_rˍtt_t_*_t556_w_t_*_tpk2_
DEBUG [but we are actually solving this: 
-0.5759635805882626 + _t556_r_t_
0.1861589528152004 + _t556_rˍt_t_
-0.014932882236557532 + _t556_rˍtt_t_
-0.053108150026375256 + _t556_rˍttt_t_
0.03727808257144716 + _t556_rˍtttt_t_
_t556_rˍt_t_ - _t556_r_t_*_tpk1_ + _t556_r_t_*_t556_w_t_*_tpk2_
_t556_rˍtt_t_ - _t556_rˍt_t_*_tpk1_ + _t556_r_t_*_t556_wˍt_t_*_tpk2_ + _t556_rˍt_t_*_t556_w_t_*_tpk2_
_t556_rˍttt_t_ - _t556_rˍtt_t_*_tpk1_ + _t556_r_t_*_t556_wˍtt_t_*_tpk2_ + 2_t556_rˍt_t_*_t556_wˍt_t_*_tpk2_ + _t556_rˍtt_t_*_t556_w_t_*_tpk2_
_t556_rˍtttt_t_ - _t556_rˍttt_t_*_tpk1_ + _t556_r_t_*_t556_wˍttt_t_*_tpk2_ + 3_t556_rˍt_t_*_t556_wˍtt_t_*_tpk2_ + 3_t556_rˍtt_t_*_t556_wˍt_t_*_tpk2_ + _t556_rˍttt_t_*_t556_w_t_*_tpk2_
_t556_wˍt_t_ + _t556_w_t_*_tpk3_ - _t556_r_t_*_t556_w_t_*_tpk2_
_t556_wˍtt_t_ + _t556_wˍt_t_*_tpk3_ - _t556_r_t_*_t556_wˍt_t_*_tpk2_ - _t556_rˍt_t_*_t556_w_t_*_tpk2_
_t556_wˍttt_t_ + _t556_wˍtt_t_*_tpk3_ - _t556_r_t_*_t556_wˍtt_t_*_tpk2_ - 2_t556_rˍt_t_*_t556_wˍt_t_*_tpk2_ - _t556_rˍtt_t_*_t556_w_t_*_tpk2_
As a reminder the true parameter values are: 
OrderedDict{Num, Float64}(k1 => 0.23, k2 => 0.592, k3 => 0.199)
And the true states are: 
OrderedDict{Num, Float64}(r(t) => 0.778, w(t) => 0.746)
The forward substitution dictionary is: 
Any[OrderedDict{Num, Any}(rˍt(t) => _t556_rˍt_t_, wˍt(t) => _t556_wˍt_t_, rˍtt(t) => _t556_rˍtt_t_, wˍtt(t) => _t556_wˍtt_t_, rˍttt(t) => _t556_rˍttt_t_, wˍttt(t) => _t556_wˍttt_t_, rˍtttt(t) => _t556_rˍtttt_t_, wˍtttt(t) => _t556_wˍtttt_t_, rˍttttt(t) => _t556_rˍttttt_t_, wˍttttt(t) => _t556_wˍttttt_t_, rˍtttttt(t) => _t556_rˍtttttt_t_, wˍtttttt(t) => _t556_wˍtttttt_t_, rˍttttttt(t) => _t556_rˍttttttt_t_, wˍttttttt(t) => _t556_wˍttttttt_t_, r(t) => _t556_r_t_, w(t) => _t556_w_t_, y1(t) => _t556_y1_t_, y1ˍt(t) => _t556_y1ˍt_t_, y1ˍtt(t) => _t556_y1ˍtt_t_, y1ˍttt(t) => _t556_y1ˍttt_t_, y1ˍtttt(t) => _t556_y1ˍtttt_t_, y1ˍttttt(t) => _t556_y1ˍttttt_t_, y1ˍtttttt(t) => _t556_y1ˍtttttt_t_, y1ˍttttttt(t) => _t556_y1ˍttttttt_t_, k2 => _tpk2_, k1 => _tpk1_, k3 => _tpk3_)]
The reverse substitution dictionary is: 
Any[OrderedDict{Any, Any}(_t556_rˍt_t_ => rˍt(t), _t556_wˍt_t_ => wˍt(t), _t556_rˍtt_t_ => rˍtt(t), _t556_wˍtt_t_ => wˍtt(t), _t556_rˍttt_t_ => rˍttt(t), _t556_wˍttt_t_ => wˍttt(t), _t556_rˍtttt_t_ => rˍtttt(t), _t556_wˍtttt_t_ => wˍtttt(t), _t556_rˍttttt_t_ => rˍttttt(t), _t556_wˍttttt_t_ => wˍttttt(t), _t556_rˍtttttt_t_ => rˍtttttt(t), _t556_wˍtttttt_t_ => wˍtttttt(t), _t556_rˍttttttt_t_ => rˍttttttt(t), _t556_wˍttttttt_t_ => wˍttttttt(t), _t556_r_t_ => r(t), _t556_w_t_ => w(t), _t556_y1_t_ => y1(t), _t556_y1ˍt_t_ => y1ˍt(t), _t556_y1ˍtt_t_ => y1ˍtt(t), _t556_y1ˍttt_t_ => y1ˍttt(t), _t556_y1ˍtttt_t_ => y1ˍtttt(t), _t556_y1ˍttttt_t_ => y1ˍttttt(t), _t556_y1ˍtttttt_t_ => y1ˍtttttt(t), _t556_y1ˍttttttt_t_ => y1ˍttttttt(t), _tpk2_ => k2, _tpk1_ => k1, _tpk3_ => k3)]
DEBUG [multipoint_parameter_estimation]: Evaluated ideal polynomial system with exact state and parameter values:
0.0
0.0
-1.3877787807814457e-17
0.0
1.3877787807814457e-17
0.0
-1.3877787807814457e-17
3.0357660829594124e-18
3.469446951953614e-18
0.0
0.0
-3.469446951953614e-18
DEBUG [multipoint_parameter_estimation]: Evaluated interpolated polynomial system with exact state and parameter values:
-4.884981308350689e-15
-6.439293542825908e-15
1.4781231794103178e-13
3.910545498531093e-12
-6.229412818914426e-12
0.0
-1.3877787807814457e-17
3.0357660829594124e-18
3.469446951953614e-18
0.0
0.0
-3.469446951953614e-18
and by the way the exact state values are: (at the time index 556)
OrderedDict{Any, Any}(r(t) => 0.5759635805882577, w(t) => 0.9344815246246639)
and by the way the exact parameter values are:
OrderedDict{Num, Float64}(k1 => 0.23, k2 => 0.592, k3 => 0.199)
aa_system
Any[_t556_r_t_ - 648477341729069//1125899906842624, _t556_rˍt_t_ + 3353541562120873//18014398509481984, _t556_rˍtt_t_ - 2101616339879//140737488355328, _t556_rˍttt_t_ - 3737153822955//70368744177664, _t556_rˍtttt_t_ + 81975370497//2199023255552, _tpk2_*_t556_r_t_*_t556_w_t_ - _tpk1_*_t556_r_t_ + _t556_rˍt_t_, _tpk2_*_t556_r_t_*_t556_wˍt_t_ + _tpk2_*_t556_w_t_*_t556_rˍt_t_ - _tpk1_*_t556_rˍt_t_ + _t556_rˍtt_t_, _tpk2_*_t556_r_t_*_t556_wˍtt_t_ + _tpk2_*_t556_w_t_*_t556_rˍtt_t_ + 2*_tpk2_*_t556_rˍt_t_*_t556_wˍt_t_ - _tpk1_*_t556_rˍtt_t_ + _t556_rˍttt_t_, _tpk2_*_t556_r_t_*_t556_wˍttt_t_ + _tpk2_*_t556_w_t_*_t556_rˍttt_t_ + 3*_tpk2_*_t556_rˍt_t_*_t556_wˍtt_t_ + 3*_tpk2_*_t556_rˍtt_t_*_t556_wˍt_t_ - _tpk1_*_t556_rˍttt_t_ + _t556_rˍtttt_t_, -_tpk2_*_t556_r_t_*_t556_w_t_ + _tpk3_*_t556_w_t_ + _t556_wˍt_t_, -_tpk2_*_t556_r_t_*_t556_wˍt_t_ - _tpk2_*_t556_w_t_*_t556_rˍt_t_ + _tpk3_*_t556_wˍt_t_ + _t556_wˍtt_t_, -_tpk2_*_t556_r_t_*_t556_wˍtt_t_ - _tpk2_*_t556_w_t_*_t556_rˍtt_t_ - 2*_tpk2_*_t556_rˍt_t_*_t556_wˍt_t_ + _tpk3_*_t556_wˍtt_t_ + _t556_wˍttt_t_]
R
Multivariate polynomial ring in 12 variables over rationals
primes of bitsize 28
G-Q-Pt-FG-LT-LP(C)
Dimension of the quotient :2
Degree of the radical :2
Use last variable as separating element
Separating form: [0, 0, 0, 0, 0, 0, 0, 0, 0, 0, 0, 1]
Run Groebner learn
Test cyclic optimization
Apply cyclic optimization 
Multi-modular computation (1 threads): G-Q-Pt-FG-LT-LP(C)
5-9-13-17-21-25-29-33-37-41-45-49-53-61-69-
check-G-Q-Pt-FG-LT-LP(C)
Nb Primes used :69
2-element Vector{Vector{MPFI.BigInterval}}:
 [[0.591999999832313819782, 0.592000000137629602448], [0.229999999911855118148, 0.229999999934965965158], [0.198999999966677081718, 0.199000000022187985751], [0.575963580577660910293, 0.57596358059886425032], [0.9344815244153746891, 0.934481524428130595322], [-0.186158952816057045399, -0.186158952814343746273], [0.0149328822365231735978, 0.014932882236591890395], [0.0531081500263141588682, 0.0531081500264363530271], [-0.0372780825714686004016, -0.0372780825714257146661], [0.132668752941886001241, 0.132668752941947999899], [-0.0841505232039038160448, -0.0841505232038841534658], [-0.0329276329956208840852, -0.0329276329956152607995]]
 [[2.37077053580408011254, 2.37077053594589215099], [-0.397778744989490726301, -0.397778744980624737859], [2.41877572261003959955, 2.41877572264434685504], [0.575963580585612162796, 0.575963580590912997817], [-0.0314520875298019309063, -0.0314520875286906942577], [-0.18615895281541455823, -0.186158952814986233442], [0.0149328822365489423966, 0.0149328822365661215961], [0.0531081500263599816769, 0.0531081500263905302183], [-0.0372780825714525182512, -0.0372780825714417968165], [0.0331284283139633730001, 0.0331284283139717155445], [-0.0210130457528589302188, -0.02101304575285628442], [-0.00822228825593551704287, -0.00822228825593529499827]]
Vector{Any}
SOLNS: Any[[0.5919999999849717, 0.22999999992341055, 0.19899999999443255, 0.5759635805882626, 0.9344815244217527, -0.1861589528152004, 0.014932882236557532, 0.053108150026375256, -0.03727808257144716, 0.132668752941917, -0.08415052320389399, -0.03292763299561807], [2.370770535874986, -0.3977787449850577, 2.4187757226271933, 0.5759635805882626, -0.03145208752924631, -0.1861589528152004, 0.014932882236557532, 0.053108150026375256, -0.03727808257144716, 0.03312842831396754, -0.021013045752857607, -0.008222288255935406]]
Vector{Float64}
SOLN 1: [0.5919999999849717, 0.22999999992341055, 0.19899999999443255, 0.5759635805882626, 0.9344815244217527, -0.1861589528152004, 0.014932882236557532, 0.053108150026375256, -0.03727808257144716, 0.132668752941917, -0.08415052320389399, -0.03292763299561807]
Vector{Float64}
SOLN 2: [2.370770535874986, -0.3977787449850577, 2.4187757226271933, 0.5759635805882626, -0.03145208752924631, -0.1861589528152004, 0.014932882236557532, 0.053108150026375256, -0.03727808257144716, 0.03312842831396754, -0.021013045752857607, -0.008222288255935406]
DEBUG: Processing solution 1
DEBUG: Constructed initial conditions: [0.5759635805882626, 0.9344815244217527]
DEBUG: Constructed parameter values: [0.5919999999849717, 0.22999999992341055, 0.19899999999443255]
DEBUG: Parameter/IC mapping:
Dict("r(t)" => 0.5759635805882626, "k3" => 0.19899999999443255, "w(t)" => 0.9344815244217527, "k1" => 0.22999999992341055, "k2" => 0.5919999999849717)
DEBUG: Processing solution 2
DEBUG: Constructed initial conditions: [0.5759635805882626, -0.03145208752924631]
DEBUG: Constructed parameter values: [2.370770535874986, -0.3977787449850577, 2.4187757226271933]
DEBUG: Parameter/IC mapping:
Dict("r(t)" => 0.5759635805882626, "k3" => 2.4187757226271933, "w(t)" => -0.03145208752924631, "k1" => -0.3977787449850577, "k2" => 2.370770535874986)
DEBUG [determine_optimal_points_count]: Large num points: 1
DEBUG [determine_optimal_points_count]: Good num points: 1
DEBUG [multipoint_parameter_estimation]: Parameter estimation using this many points: 1
DEBUG [multipoint_parameter_estimation]: Ideal final target: 
-0.5350972012148334 + _t667_r_t_
0.18160619391162527 + _t667_rˍt_t_
-0.0257508839700495 + _t667_rˍtt_t_
-0.04414779968787205 + _t667_rˍttt_t_
0.04278074953996767 + _t667_rˍtttt_t_
_t667_rˍt_t_ - _t667_r_t_*_tpk1_ + _t667_r_t_*_t667_w_t_*_tpk2_
_t667_rˍtt_t_ - _t667_rˍt_t_*_tpk1_ + _t667_r_t_*_t667_wˍt_t_*_tpk2_ + _t667_rˍt_t_*_t667_w_t_*_tpk2_
_t667_rˍttt_t_ - _t667_rˍtt_t_*_tpk1_ + _t667_r_t_*_t667_wˍtt_t_*_tpk2_ + 2_t667_rˍt_t_*_t667_wˍt_t_*_tpk2_ + _t667_rˍtt_t_*_t667_w_t_*_tpk2_
_t667_rˍtttt_t_ - _t667_rˍttt_t_*_tpk1_ + _t667_r_t_*_t667_wˍttt_t_*_tpk2_ + 3_t667_rˍt_t_*_t667_wˍtt_t_*_tpk2_ + 3_t667_rˍtt_t_*_t667_wˍt_t_*_tpk2_ + _t667_rˍttt_t_*_t667_w_t_*_tpk2_
_t667_wˍt_t_ + _t667_w_t_*_tpk3_ - _t667_r_t_*_t667_w_t_*_tpk2_
_t667_wˍtt_t_ + _t667_wˍt_t_*_tpk3_ - _t667_r_t_*_t667_wˍt_t_*_tpk2_ - _t667_rˍt_t_*_t667_w_t_*_tpk2_
_t667_wˍttt_t_ + _t667_wˍtt_t_*_tpk3_ - _t667_r_t_*_t667_wˍtt_t_*_tpk2_ - 2_t667_rˍt_t_*_t667_wˍt_t_*_tpk2_ - _t667_rˍtt_t_*_t667_w_t_*_tpk2_
DEBUG [but we are actually solving this: 
-0.5350972012148328 + _t667_r_t_
0.1816061939116551 + _t667_rˍt_t_
-0.025750883969067218 + _t667_rˍtt_t_
-0.04414779949001968 + _t667_rˍttt_t_
0.04278068244457245 + _t667_rˍtttt_t_
_t667_rˍt_t_ - _t667_r_t_*_tpk1_ + _t667_r_t_*_t667_w_t_*_tpk2_
_t667_rˍtt_t_ - _t667_rˍt_t_*_tpk1_ + _t667_r_t_*_t667_wˍt_t_*_tpk2_ + _t667_rˍt_t_*_t667_w_t_*_tpk2_
_t667_rˍttt_t_ - _t667_rˍtt_t_*_tpk1_ + _t667_r_t_*_t667_wˍtt_t_*_tpk2_ + 2_t667_rˍt_t_*_t667_wˍt_t_*_tpk2_ + _t667_rˍtt_t_*_t667_w_t_*_tpk2_
_t667_rˍtttt_t_ - _t667_rˍttt_t_*_tpk1_ + _t667_r_t_*_t667_wˍttt_t_*_tpk2_ + 3_t667_rˍt_t_*_t667_wˍtt_t_*_tpk2_ + 3_t667_rˍtt_t_*_t667_wˍt_t_*_tpk2_ + _t667_rˍttt_t_*_t667_w_t_*_tpk2_
_t667_wˍt_t_ + _t667_w_t_*_tpk3_ - _t667_r_t_*_t667_w_t_*_tpk2_
_t667_wˍtt_t_ + _t667_wˍt_t_*_tpk3_ - _t667_r_t_*_t667_wˍt_t_*_tpk2_ - _t667_rˍt_t_*_t667_w_t_*_tpk2_
_t667_wˍttt_t_ + _t667_wˍtt_t_*_tpk3_ - _t667_r_t_*_t667_wˍtt_t_*_tpk2_ - 2_t667_rˍt_t_*_t667_wˍt_t_*_tpk2_ - _t667_rˍtt_t_*_t667_w_t_*_tpk2_
As a reminder the true parameter values are: 
OrderedDict{Num, Float64}(k1 => 0.23, k2 => 0.592, k3 => 0.199)
And the true states are: 
OrderedDict{Num, Float64}(r(t) => 0.778, w(t) => 0.746)
The forward substitution dictionary is: 
Any[OrderedDict{Num, Any}(rˍt(t) => _t667_rˍt_t_, wˍt(t) => _t667_wˍt_t_, rˍtt(t) => _t667_rˍtt_t_, wˍtt(t) => _t667_wˍtt_t_, rˍttt(t) => _t667_rˍttt_t_, wˍttt(t) => _t667_wˍttt_t_, rˍtttt(t) => _t667_rˍtttt_t_, wˍtttt(t) => _t667_wˍtttt_t_, rˍttttt(t) => _t667_rˍttttt_t_, wˍttttt(t) => _t667_wˍttttt_t_, rˍtttttt(t) => _t667_rˍtttttt_t_, wˍtttttt(t) => _t667_wˍtttttt_t_, rˍttttttt(t) => _t667_rˍttttttt_t_, wˍttttttt(t) => _t667_wˍttttttt_t_, r(t) => _t667_r_t_, w(t) => _t667_w_t_, y1(t) => _t667_y1_t_, y1ˍt(t) => _t667_y1ˍt_t_, y1ˍtt(t) => _t667_y1ˍtt_t_, y1ˍttt(t) => _t667_y1ˍttt_t_, y1ˍtttt(t) => _t667_y1ˍtttt_t_, y1ˍttttt(t) => _t667_y1ˍttttt_t_, y1ˍtttttt(t) => _t667_y1ˍtttttt_t_, y1ˍttttttt(t) => _t667_y1ˍttttttt_t_, k2 => _tpk2_, k1 => _tpk1_, k3 => _tpk3_)]
The reverse substitution dictionary is: 
Any[OrderedDict{Any, Any}(_t667_rˍt_t_ => rˍt(t), _t667_wˍt_t_ => wˍt(t), _t667_rˍtt_t_ => rˍtt(t), _t667_wˍtt_t_ => wˍtt(t), _t667_rˍttt_t_ => rˍttt(t), _t667_wˍttt_t_ => wˍttt(t), _t667_rˍtttt_t_ => rˍtttt(t), _t667_wˍtttt_t_ => wˍtttt(t), _t667_rˍttttt_t_ => rˍttttt(t), _t667_wˍttttt_t_ => wˍttttt(t), _t667_rˍtttttt_t_ => rˍtttttt(t), _t667_wˍtttttt_t_ => wˍtttttt(t), _t667_rˍttttttt_t_ => rˍttttttt(t), _t667_wˍttttttt_t_ => wˍttttttt(t), _t667_r_t_ => r(t), _t667_w_t_ => w(t), _t667_y1_t_ => y1(t), _t667_y1ˍt_t_ => y1ˍt(t), _t667_y1ˍtt_t_ => y1ˍtt(t), _t667_y1ˍttt_t_ => y1ˍttt(t), _t667_y1ˍtttt_t_ => y1ˍtttt(t), _t667_y1ˍttttt_t_ => y1ˍttttt(t), _t667_y1ˍtttttt_t_ => y1ˍtttttt(t), _t667_y1ˍttttttt_t_ => y1ˍttttttt(t), _tpk2_ => k2, _tpk1_ => k1, _tpk3_ => k3)]
DEBUG [multipoint_parameter_estimation]: Evaluated ideal polynomial system with exact state and parameter values:
0.0
0.0
0.0
6.938893903907228e-18
0.0
0.0
0.0
0.0
-3.469446951953614e-18
0.0
0.0
0.0
DEBUG [multipoint_parameter_estimation]: Evaluated interpolated polynomial system with exact state and parameter values:
5.551115123125783e-16
2.983724378680108e-14
9.82283698824915e-13
1.9785238031255759e-10
-6.709539521893015e-8
0.0
0.0
0.0
-3.469446951953614e-18
0.0
0.0
0.0
and by the way the exact state values are: (at the time index 667)
OrderedDict{Any, Any}(r(t) => 0.5350972012148334, w(t) => 0.9618060270023864)
and by the way the exact parameter values are:
OrderedDict{Num, Float64}(k1 => 0.23, k2 => 0.592, k3 => 0.199)
aa_system
Any[_t667_r_t_ - 4819727111996233//9007199254740992, _t667_rˍt_t_ + 25558799600897//140737488355328, _t667_rˍtt_t_ - 56626792699//2199023255552, _t667_rˍttt_t_ - 189613355//4294967296, _t667_rˍtttt_t_ + 2870963//67108864, _tpk2_*_t667_r_t_*_t667_w_t_ - _tpk1_*_t667_r_t_ + _t667_rˍt_t_, _tpk2_*_t667_r_t_*_t667_wˍt_t_ + _tpk2_*_t667_w_t_*_t667_rˍt_t_ - _tpk1_*_t667_rˍt_t_ + _t667_rˍtt_t_, _tpk2_*_t667_r_t_*_t667_wˍtt_t_ + _tpk2_*_t667_w_t_*_t667_rˍtt_t_ + 2*_tpk2_*_t667_rˍt_t_*_t667_wˍt_t_ - _tpk1_*_t667_rˍtt_t_ + _t667_rˍttt_t_, _tpk2_*_t667_r_t_*_t667_wˍttt_t_ + _tpk2_*_t667_w_t_*_t667_rˍttt_t_ + 3*_tpk2_*_t667_rˍt_t_*_t667_wˍtt_t_ + 3*_tpk2_*_t667_rˍtt_t_*_t667_wˍt_t_ - _tpk1_*_t667_rˍttt_t_ + _t667_rˍtttt_t_, -_tpk2_*_t667_r_t_*_t667_w_t_ + _tpk3_*_t667_w_t_ + _t667_wˍt_t_, -_tpk2_*_t667_r_t_*_t667_wˍt_t_ - _tpk2_*_t667_w_t_*_t667_rˍt_t_ + _tpk3_*_t667_wˍt_t_ + _t667_wˍtt_t_, -_tpk2_*_t667_r_t_*_t667_wˍtt_t_ - _tpk2_*_t667_w_t_*_t667_rˍtt_t_ - 2*_tpk2_*_t667_rˍt_t_*_t667_wˍt_t_ + _tpk3_*_t667_wˍtt_t_ + _t667_wˍttt_t_]
R
Multivariate polynomial ring in 12 variables over rationals
primes of bitsize 28
G-Q-Pt-FG-LT-LP(C)
Dimension of the quotient :2
Degree of the radical :2
Use last variable as separating element
Separating form: [0, 0, 0, 0, 0, 0, 0, 0, 0, 0, 0, 1]
Run Groebner learn
Test cyclic optimization
Apply cyclic optimization 
Multi-modular computation (1 threads): G-Q-Pt-FG-LT-LP(C)
5-9-13-17-21-25-29-33-37-41-45-49-53-61-
check-G-Q-Pt-FG-LT-LP(C)
Nb Primes used :61
2-element Vector{Vector{MPFI.BigInterval}}:
 [[0.592003891940386474174, 0.592003892208064133454], [0.229996681295381743693, 0.229996681312733774841], [0.199001396167663175166, 0.199001396215802183998], [0.535097201207386845479, 0.535097201222278835519], [0.961794097745947886344, 0.961794097755923511867], [-0.18160619391228688412, -0.181606193911023339092], [0.0257508839690224263988, 0.0257508839691120086998], [0.0441477994899812836742, 0.0441477994900580744648], [-0.0427806824445910519372, -0.0427806824445538455237], [0.113278406068823485995, 0.113278406068862834026], [-0.0900622668378797192907, -0.0900622668378640774144], [-0.0203026647921762326726, -0.0203026647921735814256]]
 [[3.03306911917654373092, 3.03306911931139906269], [-0.393494423384021267789, -0.39349442337740815303], [2.86244601007148146896, 2.86244601010204742953], [0.535097201212971341724, 0.535097201216694339274], [-0.0178384511752115093324, -0.0178384511743595217108], [-0.181606193911813054736, -0.181606193911497168476], [0.025750883969056019761, 0.0257508839690784153376], [0.0441477994900100802194, 0.0441477994900292779196], [-0.0427806824445770995326, -0.0427806824445677979284], [0.0221100326598780868415, 0.0221100326598829682712], [-0.0175786341838007896734, -0.0175786341837988491768], [-0.00396273744675379457902, -0.00396273744675368355672]]
Vector{Any}
SOLNS: Any[[0.5920038920742253, 0.22999668130405776, 0.19900139619173268, 0.5350972012148328, 0.9617940977509357, -0.1816061939116551, 0.025750883969067218, 0.04414779949001968, -0.04278068244457245, 0.11327840606884317, -0.0900622668378719, -0.020302664792174907], [3.0330691192439714, -0.3934944233807147, 2.8624460100867646, 0.5350972012148328, -0.017838451174785514, -0.1816061939116551, 0.025750883969067218, 0.04414779949001968, -0.04278068244457245, 0.022110032659880527, -0.01757863418379982, -0.003962737446753739]]
Vector{Float64}
SOLN 1: [0.5920038920742253, 0.22999668130405776, 0.19900139619173268, 0.5350972012148328, 0.9617940977509357, -0.1816061939116551, 0.025750883969067218, 0.04414779949001968, -0.04278068244457245, 0.11327840606884317, -0.0900622668378719, -0.020302664792174907]
Vector{Float64}
SOLN 2: [3.0330691192439714, -0.3934944233807147, 2.8624460100867646, 0.5350972012148328, -0.017838451174785514, -0.1816061939116551, 0.025750883969067218, 0.04414779949001968, -0.04278068244457245, 0.022110032659880527, -0.01757863418379982, -0.003962737446753739]
DEBUG: Processing solution 1
DEBUG: Constructed initial conditions: [0.5350972012148328, 0.9617940977509357]
DEBUG: Constructed parameter values: [0.5920038920742253, 0.22999668130405776, 0.19900139619173268]
DEBUG: Parameter/IC mapping:
Dict("r(t)" => 0.5350972012148328, "k3" => 0.19900139619173268, "w(t)" => 0.9617940977509357, "k1" => 0.22999668130405776, "k2" => 0.5920038920742253)
DEBUG: Processing solution 2
DEBUG: Constructed initial conditions: [0.5350972012148328, -0.017838451174785514]
DEBUG: Constructed parameter values: [3.0330691192439714, -0.3934944233807147, 2.8624460100867646]
DEBUG: Parameter/IC mapping:
Dict("r(t)" => 0.5350972012148328, "k3" => 2.8624460100867646, "w(t)" => -0.017838451174785514, "k1" => -0.3934944233807147, "k2" => 3.0330691192439714)
DEBUG [determine_optimal_points_count]: Large num points: 1
DEBUG [determine_optimal_points_count]: Good num points: 1
DEBUG [multipoint_parameter_estimation]: Parameter estimation using this many points: 1
DEBUG [multipoint_parameter_estimation]: Ideal final target: 
-0.49514160252856043 + _t779_r_t_
0.17481185601253924 + _t779_rˍt_t_
-0.034545047287320316 + _t779_rˍtt_t_
-0.03430978634647466 + _t779_rˍttt_t_
0.044444296177353106 + _t779_rˍtttt_t_
_t779_rˍt_t_ - _t779_r_t_*_tpk1_ + _t779_r_t_*_t779_w_t_*_tpk2_
_t779_rˍtt_t_ - _t779_rˍt_t_*_tpk1_ + _t779_r_t_*_t779_wˍt_t_*_tpk2_ + _t779_rˍt_t_*_t779_w_t_*_tpk2_
_t779_rˍttt_t_ - _t779_rˍtt_t_*_tpk1_ + _t779_r_t_*_t779_wˍtt_t_*_tpk2_ + 2_t779_rˍt_t_*_t779_wˍt_t_*_tpk2_ + _t779_rˍtt_t_*_t779_w_t_*_tpk2_
_t779_rˍtttt_t_ - _t779_rˍttt_t_*_tpk1_ + _t779_r_t_*_t779_wˍttt_t_*_tpk2_ + 3_t779_rˍt_t_*_t779_wˍtt_t_*_tpk2_ + 3_t779_rˍtt_t_*_t779_wˍt_t_*_tpk2_ + _t779_rˍttt_t_*_t779_w_t_*_tpk2_
_t779_wˍt_t_ + _t779_w_t_*_tpk3_ - _t779_r_t_*_t779_w_t_*_tpk2_
_t779_wˍtt_t_ + _t779_wˍt_t_*_tpk3_ - _t779_r_t_*_t779_wˍt_t_*_tpk2_ - _t779_rˍt_t_*_t779_w_t_*_tpk2_
_t779_wˍttt_t_ + _t779_wˍtt_t_*_tpk3_ - _t779_r_t_*_t779_wˍtt_t_*_tpk2_ - 2_t779_rˍt_t_*_t779_wˍt_t_*_tpk2_ - _t779_rˍtt_t_*_t779_w_t_*_tpk2_
DEBUG [but we are actually solving this: 
-0.4951416025285631 + _t779_r_t_
0.17481185601248272 + _t779_rˍt_t_
-0.03454504728700414 + _t779_rˍtt_t_
-0.03430978633119253 + _t779_rˍttt_t_
0.04444429622617463 + _t779_rˍtttt_t_
_t779_rˍt_t_ - _t779_r_t_*_tpk1_ + _t779_r_t_*_t779_w_t_*_tpk2_
_t779_rˍtt_t_ - _t779_rˍt_t_*_tpk1_ + _t779_r_t_*_t779_wˍt_t_*_tpk2_ + _t779_rˍt_t_*_t779_w_t_*_tpk2_
_t779_rˍttt_t_ - _t779_rˍtt_t_*_tpk1_ + _t779_r_t_*_t779_wˍtt_t_*_tpk2_ + 2_t779_rˍt_t_*_t779_wˍt_t_*_tpk2_ + _t779_rˍtt_t_*_t779_w_t_*_tpk2_
_t779_rˍtttt_t_ - _t779_rˍttt_t_*_tpk1_ + _t779_r_t_*_t779_wˍttt_t_*_tpk2_ + 3_t779_rˍt_t_*_t779_wˍtt_t_*_tpk2_ + 3_t779_rˍtt_t_*_t779_wˍt_t_*_tpk2_ + _t779_rˍttt_t_*_t779_w_t_*_tpk2_
_t779_wˍt_t_ + _t779_w_t_*_tpk3_ - _t779_r_t_*_t779_w_t_*_tpk2_
_t779_wˍtt_t_ + _t779_wˍt_t_*_tpk3_ - _t779_r_t_*_t779_wˍt_t_*_tpk2_ - _t779_rˍt_t_*_t779_w_t_*_tpk2_
_t779_wˍttt_t_ + _t779_wˍtt_t_*_tpk3_ - _t779_r_t_*_t779_wˍtt_t_*_tpk2_ - 2_t779_rˍt_t_*_t779_wˍt_t_*_tpk2_ - _t779_rˍtt_t_*_t779_w_t_*_tpk2_
As a reminder the true parameter values are: 
OrderedDict{Num, Float64}(k1 => 0.23, k2 => 0.592, k3 => 0.199)
And the true states are: 
OrderedDict{Num, Float64}(r(t) => 0.778, w(t) => 0.746)
The forward substitution dictionary is: 
Any[OrderedDict{Num, Any}(rˍt(t) => _t779_rˍt_t_, wˍt(t) => _t779_wˍt_t_, rˍtt(t) => _t779_rˍtt_t_, wˍtt(t) => _t779_wˍtt_t_, rˍttt(t) => _t779_rˍttt_t_, wˍttt(t) => _t779_wˍttt_t_, rˍtttt(t) => _t779_rˍtttt_t_, wˍtttt(t) => _t779_wˍtttt_t_, rˍttttt(t) => _t779_rˍttttt_t_, wˍttttt(t) => _t779_wˍttttt_t_, rˍtttttt(t) => _t779_rˍtttttt_t_, wˍtttttt(t) => _t779_wˍtttttt_t_, rˍttttttt(t) => _t779_rˍttttttt_t_, wˍttttttt(t) => _t779_wˍttttttt_t_, r(t) => _t779_r_t_, w(t) => _t779_w_t_, y1(t) => _t779_y1_t_, y1ˍt(t) => _t779_y1ˍt_t_, y1ˍtt(t) => _t779_y1ˍtt_t_, y1ˍttt(t) => _t779_y1ˍttt_t_, y1ˍtttt(t) => _t779_y1ˍtttt_t_, y1ˍttttt(t) => _t779_y1ˍttttt_t_, y1ˍtttttt(t) => _t779_y1ˍtttttt_t_, y1ˍttttttt(t) => _t779_y1ˍttttttt_t_, k2 => _tpk2_, k1 => _tpk1_, k3 => _tpk3_)]
The reverse substitution dictionary is: 
Any[OrderedDict{Any, Any}(_t779_rˍt_t_ => rˍt(t), _t779_wˍt_t_ => wˍt(t), _t779_rˍtt_t_ => rˍtt(t), _t779_wˍtt_t_ => wˍtt(t), _t779_rˍttt_t_ => rˍttt(t), _t779_wˍttt_t_ => wˍttt(t), _t779_rˍtttt_t_ => rˍtttt(t), _t779_wˍtttt_t_ => wˍtttt(t), _t779_rˍttttt_t_ => rˍttttt(t), _t779_wˍttttt_t_ => wˍttttt(t), _t779_rˍtttttt_t_ => rˍtttttt(t), _t779_wˍtttttt_t_ => wˍtttttt(t), _t779_rˍttttttt_t_ => rˍttttttt(t), _t779_wˍttttttt_t_ => wˍttttttt(t), _t779_r_t_ => r(t), _t779_w_t_ => w(t), _t779_y1_t_ => y1(t), _t779_y1ˍt_t_ => y1ˍt(t), _t779_y1ˍtt_t_ => y1ˍtt(t), _t779_y1ˍttt_t_ => y1ˍttt(t), _t779_y1ˍtttt_t_ => y1ˍtttt(t), _t779_y1ˍttttt_t_ => y1ˍttttt(t), _t779_y1ˍtttttt_t_ => y1ˍtttttt(t), _t779_y1ˍttttttt_t_ => y1ˍttttttt(t), _tpk2_ => k2, _tpk1_ => k1, _tpk3_ => k3)]
DEBUG [multipoint_parameter_estimation]: Evaluated ideal polynomial system with exact state and parameter values:
0.0
0.0
0.0
0.0
-6.938893903907228e-18
1.3877787807814457e-17
0.0
-3.469446951953614e-18
-1.734723475976807e-18
0.0
0.0
0.0
DEBUG [multipoint_parameter_estimation]: Evaluated interpolated polynomial system with exact state and parameter values:
-2.6645352591003757e-15
-5.651035195342047e-14
3.1617763962543677e-13
1.5282136667238433e-11
4.8821516274166754e-11
1.3877787807814457e-17
0.0
-3.469446951953614e-18
-1.734723475976807e-18
0.0
0.0
0.0
and by the way the exact state values are: (at the time index 779)
OrderedDict{Any, Any}(r(t) => 0.49514160252856043, w(t) => 0.9848889661325363)
and by the way the exact parameter values are:
OrderedDict{Num, Float64}(k1 => 0.23, k2 => 0.592, k3 => 0.199)
aa_system
Any[_t779_r_t_ - 2229919536643267//4503599627370496, _t779_rˍt_t_ + 393641304798881//2251799813685248, _t779_rˍtt_t_ - 4861783190289//140737488355328, _t779_rˍttt_t_ - 1207168288565//35184372088832, _t779_rˍtttt_t_ + 48867020489//1099511627776, _tpk2_*_t779_r_t_*_t779_w_t_ - _tpk1_*_t779_r_t_ + _t779_rˍt_t_, _tpk2_*_t779_r_t_*_t779_wˍt_t_ + _tpk2_*_t779_w_t_*_t779_rˍt_t_ - _tpk1_*_t779_rˍt_t_ + _t779_rˍtt_t_, _tpk2_*_t779_r_t_*_t779_wˍtt_t_ + _tpk2_*_t779_w_t_*_t779_rˍtt_t_ + 2*_tpk2_*_t779_rˍt_t_*_t779_wˍt_t_ - _tpk1_*_t779_rˍtt_t_ + _t779_rˍttt_t_, _tpk2_*_t779_r_t_*_t779_wˍttt_t_ + _tpk2_*_t779_w_t_*_t779_rˍttt_t_ + 3*_tpk2_*_t779_rˍt_t_*_t779_wˍtt_t_ + 3*_tpk2_*_t779_rˍtt_t_*_t779_wˍt_t_ - _tpk1_*_t779_rˍttt_t_ + _t779_rˍtttt_t_, -_tpk2_*_t779_r_t_*_t779_w_t_ + _tpk3_*_t779_w_t_ + _t779_wˍt_t_, -_tpk2_*_t779_r_t_*_t779_wˍt_t_ - _tpk2_*_t779_w_t_*_t779_rˍt_t_ + _tpk3_*_t779_wˍt_t_ + _t779_wˍtt_t_, -_tpk2_*_t779_r_t_*_t779_wˍtt_t_ - _tpk2_*_t779_w_t_*_t779_rˍtt_t_ - 2*_tpk2_*_t779_rˍt_t_*_t779_wˍt_t_ + _tpk3_*_t779_wˍtt_t_ + _t779_wˍttt_t_]
R
Multivariate polynomial ring in 12 variables over rationals
primes of bitsize 28
G-Q-Pt-FG-LT-LP(C)
Dimension of the quotient :2
Degree of the radical :2
Use last variable as separating element
Separating form: [0, 0, 0, 0, 0, 0, 0, 0, 0, 0, 0, 1]
Run Groebner learn
Test cyclic optimization
Apply cyclic optimization 
Multi-modular computation (1 threads): G-Q-Pt-FG-LT-LP(C)
5-9-13-17-21-25-29-33-37-41-45-49-53-61-
check-G-Q-Pt-FG-LT-LP(C)
Nb Primes used :61
2-element Vector{Vector{MPFI.BigInterval}}:
 [[0.591999994135252665761, 0.5919999945442140111], [0.230000004942723845221, 0.230000004963633553777], [0.198999997925847836063, 0.198999997997075303875], [0.495141602520207736203, 0.495141602536918456169], [0.984888984119986864022, 0.984888984132415677155], [-0.174811856013220198642, -0.174811856011745250888], [0.0345450472869312709581, 0.0345450472870770051823], [0.0343097863311563411978, 0.0343097863312287120655], [-0.044444296226198065816, -0.0444442962261511918394], [0.0927015212393297472383, 0.0927015212393681000364], [-0.0931993775729891008891, -0.0931993775729698214977], [-0.00781774933876995721224, -0.0078177493387687045259]]
 [[4.28279869424310411516, 4.2827986943565053595], [-0.389558376060074880971, -0.38955837605611491854], [3.62396506955779089528, 3.62396506958114313296], [0.495141602527518676183, 0.495141602529607516189], [-0.00852342375069291480477, -0.00852342375016905467087], [-0.174811856012574909, -0.174811856012390540529], [0.034545047286995029681, 0.0345450472870132464594], [0.034309786331188003452, 0.0343097863311970498113], [-0.0444442962261775584521, -0.0444442962261716992033], [0.0128138873561849675507, 0.0128138873561871286842], [-0.0128827047271784818319, -0.0128827047271773954617], [-0.00108062692032029339373, -0.00108062692032026563815]]
Vector{Any}
SOLNS: Any[[0.5919999943397334, 0.2300000049531787, 0.19899999796146156, 0.4951416025285631, 0.9848889841262013, -0.17481185601248272, 0.03454504728700414, 0.03430978633119253, -0.04444429622617463, 0.09270152123934892, -0.09319937757297946, -0.007817749338769331], [4.282798694299805, -0.3895583760580949, 3.623965069569467, 0.4951416025285631, -0.008523423750430985, -0.17481185601248272, 0.03454504728700414, 0.03430978633119253, -0.04444429622617463, 0.012813887356186049, -0.01288270472717794, -0.0010806269203202795]]
Vector{Float64}
SOLN 1: [0.5919999943397334, 0.2300000049531787, 0.19899999796146156, 0.4951416025285631, 0.9848889841262013, -0.17481185601248272, 0.03454504728700414, 0.03430978633119253, -0.04444429622617463, 0.09270152123934892, -0.09319937757297946, -0.007817749338769331]
Vector{Float64}
SOLN 2: [4.282798694299805, -0.3895583760580949, 3.623965069569467, 0.4951416025285631, -0.008523423750430985, -0.17481185601248272, 0.03454504728700414, 0.03430978633119253, -0.04444429622617463, 0.012813887356186049, -0.01288270472717794, -0.0010806269203202795]
DEBUG: Processing solution 1
DEBUG: Constructed initial conditions: [0.4951416025285631, 0.9848889841262013]
DEBUG: Constructed parameter values: [0.5919999943397334, 0.2300000049531787, 0.19899999796146156]
DEBUG: Parameter/IC mapping:
Dict("r(t)" => 0.4951416025285631, "k3" => 0.19899999796146156, "w(t)" => 0.9848889841262013, "k1" => 0.2300000049531787, "k2" => 0.5919999943397334)
DEBUG: Processing solution 2
DEBUG: Constructed initial conditions: [0.4951416025285631, -0.008523423750430985]
DEBUG: Constructed parameter values: [4.282798694299805, -0.3895583760580949, 3.623965069569467]
DEBUG: Parameter/IC mapping:
Dict("r(t)" => 0.4951416025285631, "k3" => 3.623965069569467, "w(t)" => -0.008523423750430985, "k1" => -0.3895583760580949, "k2" => 4.282798694299805)
DEBUG [determine_optimal_points_count]: Large num points: 1
DEBUG [determine_optimal_points_count]: Good num points: 1
DEBUG [multipoint_parameter_estimation]: Parameter estimation using this many points: 1
DEBUG [multipoint_parameter_estimation]: Ideal final target: 
-0.45724270898923824 + _t890_r_t_
0.166378093556928 + _t890_rˍt_t_
-0.041074075149043474 + _t890_rˍtt_t_
-0.024571261433819873 + _t890_rˍttt_t_
0.04281058750255213 + _t890_rˍtttt_t_
_t890_rˍt_t_ - _t890_r_t_*_tpk1_ + _t890_r_t_*_t890_w_t_*_tpk2_
_t890_rˍtt_t_ - _t890_rˍt_t_*_tpk1_ + _t890_r_t_*_t890_wˍt_t_*_tpk2_ + _t890_rˍt_t_*_t890_w_t_*_tpk2_
_t890_rˍttt_t_ - _t890_rˍtt_t_*_tpk1_ + _t890_r_t_*_t890_wˍtt_t_*_tpk2_ + 2_t890_rˍt_t_*_t890_wˍt_t_*_tpk2_ + _t890_rˍtt_t_*_t890_w_t_*_tpk2_
_t890_rˍtttt_t_ - _t890_rˍttt_t_*_tpk1_ + _t890_r_t_*_t890_wˍttt_t_*_tpk2_ + 3_t890_rˍt_t_*_t890_wˍtt_t_*_tpk2_ + 3_t890_rˍtt_t_*_t890_wˍt_t_*_tpk2_ + _t890_rˍttt_t_*_t890_w_t_*_tpk2_
_t890_wˍt_t_ + _t890_w_t_*_tpk3_ - _t890_r_t_*_t890_w_t_*_tpk2_
_t890_wˍtt_t_ + _t890_wˍt_t_*_tpk3_ - _t890_r_t_*_t890_wˍt_t_*_tpk2_ - _t890_rˍt_t_*_t890_w_t_*_tpk2_
_t890_wˍttt_t_ + _t890_wˍtt_t_*_tpk3_ - _t890_r_t_*_t890_wˍtt_t_*_tpk2_ - 2_t890_rˍt_t_*_t890_wˍt_t_*_tpk2_ - _t890_rˍtt_t_*_t890_w_t_*_tpk2_
DEBUG [but we are actually solving this: 
-0.45724270898923314 + _t890_r_t_
0.16637809355699584 + _t890_rˍt_t_
-0.04107407515087402 + _t890_rˍtt_t_
-0.024571261481469264 + _t890_rˍttt_t_
0.04281058767810464 + _t890_rˍtttt_t_
_t890_rˍt_t_ - _t890_r_t_*_tpk1_ + _t890_r_t_*_t890_w_t_*_tpk2_
_t890_rˍtt_t_ - _t890_rˍt_t_*_tpk1_ + _t890_r_t_*_t890_wˍt_t_*_tpk2_ + _t890_rˍt_t_*_t890_w_t_*_tpk2_
_t890_rˍttt_t_ - _t890_rˍtt_t_*_tpk1_ + _t890_r_t_*_t890_wˍtt_t_*_tpk2_ + 2_t890_rˍt_t_*_t890_wˍt_t_*_tpk2_ + _t890_rˍtt_t_*_t890_w_t_*_tpk2_
_t890_rˍtttt_t_ - _t890_rˍttt_t_*_tpk1_ + _t890_r_t_*_t890_wˍttt_t_*_tpk2_ + 3_t890_rˍt_t_*_t890_wˍtt_t_*_tpk2_ + 3_t890_rˍtt_t_*_t890_wˍt_t_*_tpk2_ + _t890_rˍttt_t_*_t890_w_t_*_tpk2_
_t890_wˍt_t_ + _t890_w_t_*_tpk3_ - _t890_r_t_*_t890_w_t_*_tpk2_
_t890_wˍtt_t_ + _t890_wˍt_t_*_tpk3_ - _t890_r_t_*_t890_wˍt_t_*_tpk2_ - _t890_rˍt_t_*_t890_w_t_*_tpk2_
_t890_wˍttt_t_ + _t890_wˍtt_t_*_tpk3_ - _t890_r_t_*_t890_wˍtt_t_*_tpk2_ - 2_t890_rˍt_t_*_t890_wˍt_t_*_tpk2_ - _t890_rˍtt_t_*_t890_w_t_*_tpk2_
As a reminder the true parameter values are: 
OrderedDict{Num, Float64}(k1 => 0.23, k2 => 0.592, k3 => 0.199)
And the true states are: 
OrderedDict{Num, Float64}(r(t) => 0.778, w(t) => 0.746)
The forward substitution dictionary is: 
Any[OrderedDict{Num, Any}(rˍt(t) => _t890_rˍt_t_, wˍt(t) => _t890_wˍt_t_, rˍtt(t) => _t890_rˍtt_t_, wˍtt(t) => _t890_wˍtt_t_, rˍttt(t) => _t890_rˍttt_t_, wˍttt(t) => _t890_wˍttt_t_, rˍtttt(t) => _t890_rˍtttt_t_, wˍtttt(t) => _t890_wˍtttt_t_, rˍttttt(t) => _t890_rˍttttt_t_, wˍttttt(t) => _t890_wˍttttt_t_, rˍtttttt(t) => _t890_rˍtttttt_t_, wˍtttttt(t) => _t890_wˍtttttt_t_, rˍttttttt(t) => _t890_rˍttttttt_t_, wˍttttttt(t) => _t890_wˍttttttt_t_, r(t) => _t890_r_t_, w(t) => _t890_w_t_, y1(t) => _t890_y1_t_, y1ˍt(t) => _t890_y1ˍt_t_, y1ˍtt(t) => _t890_y1ˍtt_t_, y1ˍttt(t) => _t890_y1ˍttt_t_, y1ˍtttt(t) => _t890_y1ˍtttt_t_, y1ˍttttt(t) => _t890_y1ˍttttt_t_, y1ˍtttttt(t) => _t890_y1ˍtttttt_t_, y1ˍttttttt(t) => _t890_y1ˍttttttt_t_, k2 => _tpk2_, k1 => _tpk1_, k3 => _tpk3_)]
The reverse substitution dictionary is: 
Any[OrderedDict{Any, Any}(_t890_rˍt_t_ => rˍt(t), _t890_wˍt_t_ => wˍt(t), _t890_rˍtt_t_ => rˍtt(t), _t890_wˍtt_t_ => wˍtt(t), _t890_rˍttt_t_ => rˍttt(t), _t890_wˍttt_t_ => wˍttt(t), _t890_rˍtttt_t_ => rˍtttt(t), _t890_wˍtttt_t_ => wˍtttt(t), _t890_rˍttttt_t_ => rˍttttt(t), _t890_wˍttttt_t_ => wˍttttt(t), _t890_rˍtttttt_t_ => rˍtttttt(t), _t890_wˍtttttt_t_ => wˍtttttt(t), _t890_rˍttttttt_t_ => rˍttttttt(t), _t890_wˍttttttt_t_ => wˍttttttt(t), _t890_r_t_ => r(t), _t890_w_t_ => w(t), _t890_y1_t_ => y1(t), _t890_y1ˍt_t_ => y1ˍt(t), _t890_y1ˍtt_t_ => y1ˍtt(t), _t890_y1ˍttt_t_ => y1ˍttt(t), _t890_y1ˍtttt_t_ => y1ˍtttt(t), _t890_y1ˍttttt_t_ => y1ˍttttt(t), _t890_y1ˍtttttt_t_ => y1ˍtttttt(t), _t890_y1ˍttttttt_t_ => y1ˍttttttt(t), _tpk2_ => k2, _tpk1_ => k1, _tpk3_ => k3)]
DEBUG [multipoint_parameter_estimation]: Evaluated ideal polynomial system with exact state and parameter values:
0.0
0.0
0.0
0.0
0.0
1.3877787807814457e-17
0.0
1.734723475976807e-18
1.0842021724855044e-18
0.0
-6.938893903907228e-18
0.0
DEBUG [multipoint_parameter_estimation]: Evaluated interpolated polynomial system with exact state and parameter values:
5.10702591327572e-15
6.783462680459706e-14
-1.830549600789766e-12
-4.764939137702484e-11
1.7555251002887573e-10
1.3877787807814457e-17
0.0
1.734723475976807e-18
1.0842021724855044e-18
0.0
-6.938893903907228e-18
0.0
and by the way the exact state values are: (at the time index 890)
OrderedDict{Any, Any}(r(t) => 0.45724270898923824, w(t) => 1.0031631764365914)
and by the way the exact parameter values are:
OrderedDict{Num, Float64}(k1 => 0.23, k2 => 0.592, k3 => 0.199)
aa_system
Any[_t890_r_t_ - 4118476187643573//9007199254740992, _t890_rˍt_t_ + 187325080036475//1125899906842624, _t890_rˍtt_t_ - 1445165543313//35184372088832, _t890_rˍttt_t_ - 6754096927//274877906944, _t890_rˍtttt_t_ + 91935037//2147483648, _tpk2_*_t890_r_t_*_t890_w_t_ - _tpk1_*_t890_r_t_ + _t890_rˍt_t_, _tpk2_*_t890_r_t_*_t890_wˍt_t_ + _tpk2_*_t890_w_t_*_t890_rˍt_t_ - _tpk1_*_t890_rˍt_t_ + _t890_rˍtt_t_, _tpk2_*_t890_r_t_*_t890_wˍtt_t_ + _tpk2_*_t890_w_t_*_t890_rˍtt_t_ + 2*_tpk2_*_t890_rˍt_t_*_t890_wˍt_t_ - _tpk1_*_t890_rˍtt_t_ + _t890_rˍttt_t_, _tpk2_*_t890_r_t_*_t890_wˍttt_t_ + _tpk2_*_t890_w_t_*_t890_rˍttt_t_ + 3*_tpk2_*_t890_rˍt_t_*_t890_wˍtt_t_ + 3*_tpk2_*_t890_rˍtt_t_*_t890_wˍt_t_ - _tpk1_*_t890_rˍttt_t_ + _t890_rˍtttt_t_, -_tpk2_*_t890_r_t_*_t890_w_t_ + _tpk3_*_t890_w_t_ + _t890_wˍt_t_, -_tpk2_*_t890_r_t_*_t890_wˍt_t_ - _tpk2_*_t890_w_t_*_t890_rˍt_t_ + _tpk3_*_t890_wˍt_t_ + _t890_wˍtt_t_, -_tpk2_*_t890_r_t_*_t890_wˍtt_t_ - _tpk2_*_t890_w_t_*_t890_rˍtt_t_ - 2*_tpk2_*_t890_rˍt_t_*_t890_wˍt_t_ + _tpk3_*_t890_wˍtt_t_ + _t890_wˍttt_t_]
R
Multivariate polynomial ring in 12 variables over rationals
primes of bitsize 28
G-Q-Pt-FG-LT-LP(C)
Dimension of the quotient :2
Degree of the radical :2
Use last variable as separating element
Separating form: [0, 0, 0, 0, 0, 0, 0, 0, 0, 0, 0, 1]
Run Groebner learn
Test cyclic optimization
Apply cyclic optimization 
Multi-modular computation (1 threads): G-Q-Pt-FG-LT-LP(C)
5-9-13-17-21-25-29-33-37-41-45-49-53-61-
check-G-Q-Pt-FG-LT-LP(C)
Nb Primes used :61

[375229] signal 11 (128): Erreur de segmentation
in expression starting at /home/ademin/no-matlab-no-worry/2025-05-09-22-01/copy_0/estimation/lotka-volterra_0.jl:134
Allocations: 1164808115 (Pool: 1164794078; Big: 14037); GC: 486
