The latest version of Julia in the `release` channel is 1.11.5+0.x64.linux.gnu. You currently have `1.11.3+0.x64.linux.gnu` installed. Run:

  juliaup update

in your terminal shell to install Julia 1.11.5+0.x64.linux.gnu and update the `release` channel to that version.
DEBUG [determine_optimal_points_count]: Large num points: 1
DEBUG [determine_optimal_points_count]: Good num points: 1
DEBUG [multipoint_parameter_estimation]: Parameter estimation using this many points: 1
DEBUG [multipoint_parameter_estimation]: Ideal final target: 
-0.684 + _t1_NN_t_
-0.388 + _t1_In_t_
0.16714400000000001 + _t1_Inˍt_t_
-0.33965687878362577 + _t1_Inˍtt_t_
0.7031050956974227 + _t1_Inˍttt_t_
-1.408335297279053 + _t1_Inˍtttt_t_
3.0958776821471345 + _t1_Inˍttttt_t_
_t1_Inˍt_t_ - _t1_E_t_*_tpnu_ + _t1_In_t_*_tpa_
_t1_Inˍtt_t_ - _t1_Eˍt_t_*_tpnu_ + _t1_Inˍt_t_*_tpa_
_t1_Inˍttt_t_ - _t1_Eˍtt_t_*_tpnu_ + _t1_Inˍtt_t_*_tpa_
_t1_Inˍtttt_t_ - _t1_Eˍttt_t_*_tpnu_ + _t1_Inˍttt_t_*_tpa_
_t1_Inˍttttt_t_ - _t1_Eˍtttt_t_*_tpnu_ + _t1_Inˍtttt_t_*_tpa_
_t1_Eˍt_t_*_t1_NN_t_ + _t1_E_t_*_t1_NN_t_*_tpnu_ - _t1_In_t_*_t1_S_t_*_tpb_
_t1_Eˍt_t_*_t1_NNˍt_t_ + _t1_Eˍtt_t_*_t1_NN_t_ + _t1_E_t_*_t1_NNˍt_t_*_tpnu_ + _t1_Eˍt_t_*_t1_NN_t_*_tpnu_ - _t1_In_t_*_t1_Sˍt_t_*_tpb_ - _t1_Inˍt_t_*_t1_S_t_*_tpb_
_t1_Eˍt_t_*_t1_NNˍtt_t_ + 2_t1_Eˍtt_t_*_t1_NNˍt_t_ + _t1_Eˍttt_t_*_t1_NN_t_ + _t1_E_t_*_t1_NNˍtt_t_*_tpnu_ + 2_t1_Eˍt_t_*_t1_NNˍt_t_*_tpnu_ + _t1_Eˍtt_t_*_t1_NN_t_*_tpnu_ - _t1_In_t_*_t1_Sˍtt_t_*_tpb_ - 2_t1_Inˍt_t_*_t1_Sˍt_t_*_tpb_ - _t1_Inˍtt_t_*_t1_S_t_*_tpb_
_t1_Eˍt_t_*_t1_NNˍttt_t_ + 3_t1_Eˍtt_t_*_t1_NNˍtt_t_ + 3_t1_Eˍttt_t_*_t1_NNˍt_t_ + _t1_Eˍtttt_t_*_t1_NN_t_ + _t1_E_t_*_t1_NNˍttt_t_*_tpnu_ + 3_t1_Eˍt_t_*_t1_NNˍtt_t_*_tpnu_ + 3_t1_Eˍtt_t_*_t1_NNˍt_t_*_tpnu_ + _t1_Eˍttt_t_*_t1_NN_t_*_tpnu_ - _t1_In_t_*_t1_Sˍttt_t_*_tpb_ - 3_t1_Inˍt_t_*_t1_Sˍtt_t_*_tpb_ - 3_t1_Inˍtt_t_*_t1_Sˍt_t_*_tpb_ - _t1_Inˍttt_t_*_t1_S_t_*_tpb_
_t1_NN_t_*_t1_Sˍt_t_ + _t1_In_t_*_t1_S_t_*_tpb_
_t1_NNˍt_t_
_t1_NNˍtt_t_
_t1_NN_t_*_t1_Sˍtt_t_ + _t1_NNˍt_t_*_t1_Sˍt_t_ + _t1_In_t_*_t1_Sˍt_t_*_tpb_ + _t1_Inˍt_t_*_t1_S_t_*_tpb_
_t1_NNˍttt_t_
_t1_NN_t_*_t1_Sˍttt_t_ + 2_t1_NNˍt_t_*_t1_Sˍtt_t_ + _t1_NNˍtt_t_*_t1_Sˍt_t_ + _t1_In_t_*_t1_Sˍtt_t_*_tpb_ + 2_t1_Inˍt_t_*_t1_Sˍt_t_*_tpb_ + _t1_Inˍtt_t_*_t1_S_t_*_tpb_
DEBUG [but we are actually solving this: 
-0.684 + _t1_NN_t_
-0.38799999364274784 + _t1_In_t_
0.167143011535719 + _t1_Inˍt_t_
-0.33958717137969574 + _t1_Inˍtt_t_
0.699923852022559 + _t1_Inˍttt_t_
-1.3039733936601665 + _t1_Inˍtttt_t_
0.5326701984989598 + _t1_Inˍttttt_t_
_t1_Inˍt_t_ - _t1_E_t_*_tpnu_ + _t1_In_t_*_tpa_
_t1_Inˍtt_t_ - _t1_Eˍt_t_*_tpnu_ + _t1_Inˍt_t_*_tpa_
_t1_Inˍttt_t_ - _t1_Eˍtt_t_*_tpnu_ + _t1_Inˍtt_t_*_tpa_
_t1_Inˍtttt_t_ - _t1_Eˍttt_t_*_tpnu_ + _t1_Inˍttt_t_*_tpa_
_t1_Inˍttttt_t_ - _t1_Eˍtttt_t_*_tpnu_ + _t1_Inˍtttt_t_*_tpa_
_t1_Eˍt_t_*_t1_NN_t_ + _t1_E_t_*_t1_NN_t_*_tpnu_ - _t1_In_t_*_t1_S_t_*_tpb_
_t1_Eˍt_t_*_t1_NNˍt_t_ + _t1_Eˍtt_t_*_t1_NN_t_ + _t1_E_t_*_t1_NNˍt_t_*_tpnu_ + _t1_Eˍt_t_*_t1_NN_t_*_tpnu_ - _t1_In_t_*_t1_Sˍt_t_*_tpb_ - _t1_Inˍt_t_*_t1_S_t_*_tpb_
_t1_Eˍt_t_*_t1_NNˍtt_t_ + 2_t1_Eˍtt_t_*_t1_NNˍt_t_ + _t1_Eˍttt_t_*_t1_NN_t_ + _t1_E_t_*_t1_NNˍtt_t_*_tpnu_ + 2_t1_Eˍt_t_*_t1_NNˍt_t_*_tpnu_ + _t1_Eˍtt_t_*_t1_NN_t_*_tpnu_ - _t1_In_t_*_t1_Sˍtt_t_*_tpb_ - 2_t1_Inˍt_t_*_t1_Sˍt_t_*_tpb_ - _t1_Inˍtt_t_*_t1_S_t_*_tpb_
_t1_Eˍt_t_*_t1_NNˍttt_t_ + 3_t1_Eˍtt_t_*_t1_NNˍtt_t_ + 3_t1_Eˍttt_t_*_t1_NNˍt_t_ + _t1_Eˍtttt_t_*_t1_NN_t_ + _t1_E_t_*_t1_NNˍttt_t_*_tpnu_ + 3_t1_Eˍt_t_*_t1_NNˍtt_t_*_tpnu_ + 3_t1_Eˍtt_t_*_t1_NNˍt_t_*_tpnu_ + _t1_Eˍttt_t_*_t1_NN_t_*_tpnu_ - _t1_In_t_*_t1_Sˍttt_t_*_tpb_ - 3_t1_Inˍt_t_*_t1_Sˍtt_t_*_tpb_ - 3_t1_Inˍtt_t_*_t1_Sˍt_t_*_tpb_ - _t1_Inˍttt_t_*_t1_S_t_*_tpb_
_t1_NN_t_*_t1_Sˍt_t_ + _t1_In_t_*_t1_S_t_*_tpb_
_t1_NNˍt_t_
_t1_NNˍtt_t_
_t1_NN_t_*_t1_Sˍtt_t_ + _t1_NNˍt_t_*_t1_Sˍt_t_ + _t1_In_t_*_t1_Sˍt_t_*_tpb_ + _t1_Inˍt_t_*_t1_S_t_*_tpb_
_t1_NNˍttt_t_
_t1_NN_t_*_t1_Sˍttt_t_ + 2_t1_NNˍt_t_*_t1_Sˍtt_t_ + _t1_NNˍtt_t_*_t1_Sˍt_t_ + _t1_In_t_*_t1_Sˍtt_t_*_tpb_ + 2_t1_Inˍt_t_*_t1_Sˍt_t_*_tpb_ + _t1_Inˍtt_t_*_t1_S_t_*_tpb_
As a reminder the true parameter values are: 
OrderedDict{Num, Float64}(a => 0.678, b => 0.793, nu => 0.88)
And the true states are: 
OrderedDict{Num, Float64}(S(t) => 0.785, E(t) => 0.109, In(t) => 0.388, NN(t) => 0.684)
The forward substitution dictionary is: 
Any[OrderedDict{Num, Any}(Sˍt(t) => _t1_Sˍt_t_, Eˍt(t) => _t1_Eˍt_t_, Inˍt(t) => _t1_Inˍt_t_, NNˍt(t) => _t1_NNˍt_t_, Sˍtt(t) => _t1_Sˍtt_t_, Eˍtt(t) => _t1_Eˍtt_t_, Inˍtt(t) => _t1_Inˍtt_t_, NNˍtt(t) => _t1_NNˍtt_t_, Sˍttt(t) => _t1_Sˍttt_t_, Eˍttt(t) => _t1_Eˍttt_t_, Inˍttt(t) => _t1_Inˍttt_t_, NNˍttt(t) => _t1_NNˍttt_t_, Sˍtttt(t) => _t1_Sˍtttt_t_, Eˍtttt(t) => _t1_Eˍtttt_t_, Inˍtttt(t) => _t1_Inˍtttt_t_, NNˍtttt(t) => _t1_NNˍtttt_t_, Sˍttttt(t) => _t1_Sˍttttt_t_, Eˍttttt(t) => _t1_Eˍttttt_t_, Inˍttttt(t) => _t1_Inˍttttt_t_, NNˍttttt(t) => _t1_NNˍttttt_t_, Sˍtttttt(t) => _t1_Sˍtttttt_t_, Eˍtttttt(t) => _t1_Eˍtttttt_t_, Inˍtttttt(t) => _t1_Inˍtttttt_t_, NNˍtttttt(t) => _t1_NNˍtttttt_t_, S(t) => _t1_S_t_, E(t) => _t1_E_t_, In(t) => _t1_In_t_, NN(t) => _t1_NN_t_, y1(t) => _t1_y1_t_, y2(t) => _t1_y2_t_, y1ˍt(t) => _t1_y1ˍt_t_, y2ˍt(t) => _t1_y2ˍt_t_, y1ˍtt(t) => _t1_y1ˍtt_t_, y2ˍtt(t) => _t1_y2ˍtt_t_, y1ˍttt(t) => _t1_y1ˍttt_t_, y2ˍttt(t) => _t1_y2ˍttt_t_, y1ˍtttt(t) => _t1_y1ˍtttt_t_, y2ˍtttt(t) => _t1_y2ˍtttt_t_, y1ˍttttt(t) => _t1_y1ˍttttt_t_, y2ˍttttt(t) => _t1_y2ˍttttt_t_, y1ˍtttttt(t) => _t1_y1ˍtttttt_t_, y2ˍtttttt(t) => _t1_y2ˍtttttt_t_, a => _tpa_, nu => _tpnu_, b => _tpb_)]
The reverse substitution dictionary is: 
Any[OrderedDict{Any, Any}(_t1_Sˍt_t_ => Sˍt(t), _t1_Eˍt_t_ => Eˍt(t), _t1_Inˍt_t_ => Inˍt(t), _t1_NNˍt_t_ => NNˍt(t), _t1_Sˍtt_t_ => Sˍtt(t), _t1_Eˍtt_t_ => Eˍtt(t), _t1_Inˍtt_t_ => Inˍtt(t), _t1_NNˍtt_t_ => NNˍtt(t), _t1_Sˍttt_t_ => Sˍttt(t), _t1_Eˍttt_t_ => Eˍttt(t), _t1_Inˍttt_t_ => Inˍttt(t), _t1_NNˍttt_t_ => NNˍttt(t), _t1_Sˍtttt_t_ => Sˍtttt(t), _t1_Eˍtttt_t_ => Eˍtttt(t), _t1_Inˍtttt_t_ => Inˍtttt(t), _t1_NNˍtttt_t_ => NNˍtttt(t), _t1_Sˍttttt_t_ => Sˍttttt(t), _t1_Eˍttttt_t_ => Eˍttttt(t), _t1_Inˍttttt_t_ => Inˍttttt(t), _t1_NNˍttttt_t_ => NNˍttttt(t), _t1_Sˍtttttt_t_ => Sˍtttttt(t), _t1_Eˍtttttt_t_ => Eˍtttttt(t), _t1_Inˍtttttt_t_ => Inˍtttttt(t), _t1_NNˍtttttt_t_ => NNˍtttttt(t), _t1_S_t_ => S(t), _t1_E_t_ => E(t), _t1_In_t_ => In(t), _t1_NN_t_ => NN(t), _t1_y1_t_ => y1(t), _t1_y2_t_ => y2(t), _t1_y1ˍt_t_ => y1ˍt(t), _t1_y2ˍt_t_ => y2ˍt(t), _t1_y1ˍtt_t_ => y1ˍtt(t), _t1_y2ˍtt_t_ => y2ˍtt(t), _t1_y1ˍttt_t_ => y1ˍttt(t), _t1_y2ˍttt_t_ => y2ˍttt(t), _t1_y1ˍtttt_t_ => y1ˍtttt(t), _t1_y2ˍtttt_t_ => y2ˍtttt(t), _t1_y1ˍttttt_t_ => y1ˍttttt(t), _t1_y2ˍttttt_t_ => y2ˍttttt(t), _t1_y1ˍtttttt_t_ => y1ˍtttttt(t), _t1_y2ˍtttttt_t_ => y2ˍtttttt(t), _tpa_ => a, _tpnu_ => nu, _tpb_ => b)]
DEBUG [multipoint_parameter_estimation]: Evaluated ideal polynomial system with exact state and parameter values:
0.0
0.0
0.0
0.0
0.0
0.0
0.0
0.0
0.0
5.551115123125783e-17
1.1102230246251565e-16
0.0
1.3877787807814457e-17
0.0
5.551115123125783e-17
1.3877787807814457e-16
-2.7755575615628914e-17
0
0
0.0
0
0.0
DEBUG [multipoint_parameter_estimation]: Evaluated interpolated polynomial system with exact state and parameter values:
0.0
6.3572521691313e-9
-9.884642810098487e-7
6.97074039300305e-5
-0.0031812436748637207
0.10436190361888653
-2.5632074836481746
0.0
0.0
5.551115123125783e-17
1.1102230246251565e-16
0.0
1.3877787807814457e-17
0.0
5.551115123125783e-17
1.3877787807814457e-16
-2.7755575615628914e-17
0
0
0.0
0
0.0
and by the way the exact state values are: (at the time index 1)
OrderedDict{Any, Any}(S(t) => 0.785, E(t) => 0.109, In(t) => 0.388, NN(t) => 0.684)
and by the way the exact parameter values are:
OrderedDict{Num, Float64}(a => 0.678, b => 0.793, nu => 0.88)
aa_system
Any[_t1_NN_t_ - 6160924290242839//9007199254740992, _t1_In_t_ - 873698313394617//2251799813685248, _t1_Inˍt_t_ + 6021961635758773//36028797018963968, _t1_Inˍtt_t_ - 3058729316970797//9007199254740992, _t1_Inˍttt_t_ + 3152176799156519//4503599627370496, _t1_Inˍtttt_t_ - 5872574089788967//4503599627370496, _t1_Inˍttttt_t_ + 4797866614942567//9007199254740992, _tpa_*_t1_In_t_ - _tpnu_*_t1_E_t_ + _t1_Inˍt_t_, _tpa_*_t1_Inˍt_t_ - _tpnu_*_t1_Eˍt_t_ + _t1_Inˍtt_t_, _tpa_*_t1_Inˍtt_t_ - _tpnu_*_t1_Eˍtt_t_ + _t1_Inˍttt_t_, _tpa_*_t1_Inˍttt_t_ - _tpnu_*_t1_Eˍttt_t_ + _t1_Inˍtttt_t_, _tpa_*_t1_Inˍtttt_t_ - _tpnu_*_t1_Eˍtttt_t_ + _t1_Inˍttttt_t_, _tpnu_*_t1_E_t_*_t1_NN_t_ - _tpb_*_t1_S_t_*_t1_In_t_ + _t1_NN_t_*_t1_Eˍt_t_, _tpnu_*_t1_E_t_*_t1_NNˍt_t_ + _tpnu_*_t1_NN_t_*_t1_Eˍt_t_ - _tpb_*_t1_S_t_*_t1_Inˍt_t_ - _tpb_*_t1_In_t_*_t1_Sˍt_t_ + _t1_NN_t_*_t1_Eˍtt_t_ + _t1_Eˍt_t_*_t1_NNˍt_t_, _tpnu_*_t1_E_t_*_t1_NNˍtt_t_ + _tpnu_*_t1_NN_t_*_t1_Eˍtt_t_ + 2*_tpnu_*_t1_Eˍt_t_*_t1_NNˍt_t_ - _tpb_*_t1_S_t_*_t1_Inˍtt_t_ - _tpb_*_t1_In_t_*_t1_Sˍtt_t_ - 2*_tpb_*_t1_Inˍt_t_*_t1_Sˍt_t_ + _t1_NN_t_*_t1_Eˍttt_t_ + _t1_Eˍt_t_*_t1_NNˍtt_t_ + 2*_t1_Eˍtt_t_*_t1_NNˍt_t_, _tpnu_*_t1_E_t_*_t1_NNˍttt_t_ + _tpnu_*_t1_NN_t_*_t1_Eˍttt_t_ + 3*_tpnu_*_t1_Eˍt_t_*_t1_NNˍtt_t_ + 3*_tpnu_*_t1_Eˍtt_t_*_t1_NNˍt_t_ - _tpb_*_t1_S_t_*_t1_Inˍttt_t_ - _tpb_*_t1_In_t_*_t1_Sˍttt_t_ - 3*_tpb_*_t1_Inˍt_t_*_t1_Sˍtt_t_ - 3*_tpb_*_t1_Inˍtt_t_*_t1_Sˍt_t_ + _t1_NN_t_*_t1_Eˍtttt_t_ + _t1_Eˍt_t_*_t1_NNˍttt_t_ + 3*_t1_Eˍtt_t_*_t1_NNˍtt_t_ + 3*_t1_Eˍttt_t_*_t1_NNˍt_t_, _tpb_*_t1_S_t_*_t1_In_t_ + _t1_NN_t_*_t1_Sˍt_t_, _t1_NNˍt_t_, _t1_NNˍtt_t_, _tpb_*_t1_S_t_*_t1_Inˍt_t_ + _tpb_*_t1_In_t_*_t1_Sˍt_t_ + _t1_NN_t_*_t1_Sˍtt_t_ + _t1_Sˍt_t_*_t1_NNˍt_t_, _t1_NNˍttt_t_, _tpb_*_t1_S_t_*_t1_Inˍtt_t_ + _tpb_*_t1_In_t_*_t1_Sˍtt_t_ + 2*_tpb_*_t1_Inˍt_t_*_t1_Sˍt_t_ + _t1_NN_t_*_t1_Sˍttt_t_ + _t1_Sˍt_t_*_t1_NNˍtt_t_ + 2*_t1_NNˍt_t_*_t1_Sˍtt_t_]
R
Multivariate polynomial ring in 22 variables over rationals
primes of bitsize 28
G-Q-Pt-FG-LT-LP(C)
Dimension of the quotient :4
Degree of the radical :4
Use last variable as separating element
Separating form: [0, 0, 0, 0, 0, 0, 0, 0, 0, 0, 0, 0, 0, 0, 0, 0, 0, 0, 0, 0, 0, 1]
Run Groebner learn
Test cyclic optimization
Apply cyclic optimization 
Multi-modular computation (1 threads): G-Q-Pt-FG-LT-LP(C)
5-9-13-17-21-25-29-33-37-41-45-49-53-61-69-77-85-93-105-117-
check-G-Q-Pt-FG-LT-LP(C)
Nb Primes used :117
4-element Vector{Vector{MPFI.BigInterval}}:
 [[4.15008857694079263045, 4.15008857792606112593], [-0.106880408048700550085, -0.106880407953418409095], [1.83210008830045985724, 1.83210008866725505329], [4.5762017060855294903, 4.57620170621608775394], [-13.5019257227382008476, -13.501925722590103182], [0.387999993640896712272, 0.387999993644598972558], [0.683999999998368386111, 0.684000000001631718694], [-0.167143011535918362846, -0.167143011535519647022], [0.339587171379493220935, 0.339587171379898259649], [-0.699923852022767729772, -0.699923852022350316651], [1.30397339365997210077, 1.3039733936603609256], [-0.532670198498999510073, -0.532670198498920093022], [3.31277862976340497082, 3.31277862976358884284], [-6.63725936472307171234, -6.63725936472288614246], [14.9772312766718676638, 14.9772312766720673664], [-45.64854287851558543, -45.648542878515341514], [-4.7558699598641293808, -4.75586995986411283414], [0.0, 0.0], [0.0, 0.0], [6.9913304963048577233, 6.99133049630486978678], [0.0, 0.0], [-15.6866242656136541155, -15.6866242656136340673]]
 [[0.015924371212706872335, 0.0159243712142993693797], [2.09967486371171485453, 2.09967486377056098356], [20.9851551635156794379, 20.9851551637005392919], [-4.19011586750277975661e-05, -4.19011583778049542517e-05], [-0.0766615624101867184021, -0.0766615624090761587598], [0.387999993642473599791, 0.387999993643022085039], [0.683999999999758323077, 0.684000000000241781728], [-0.167143011535748539564, -0.167143011535689470305], [0.339587171379665737301, 0.339587171379725743283], [-0.699923852022589942841, -0.699923852022528103582], [1.30397339366013771119, 1.30397339366019531518], [-0.53267019849896568432, -0.532670198498953918775], [0.160465570091771112532, 0.160465570091772428822], [-0.330773183904917526531, -0.330773183904916136773], [0.615727496072064844012, 0.615727496072065910921], [-0.243802148115707233889, -0.243802148115705392277], [0.000498785514299518187088, 0.000498785514299556452542], [0.0, 0.0], [0.0, 0.0], [-0.00615234011332243378764, -0.00615234011332240233519], [0.0, 0.0], [0.0787886437740617784353, 0.0787886437740617923131]]
 [[-0.10688040801133757822, -0.106880407998572677136], [4.15008857721945205173, 4.1500885775414855215], [1.83210008843666626559, 1.832100088724918733], [-0.117854425599693129846, -0.117854425598258037577], [-0.050267025697554603099, -0.0502670256924564939151], [0.387999993641676128829, 0.387999993643819556001], [0.683999999999055397621, 0.684000000000944707184], [-0.167143011535834423392, -0.167143011535603586476], [0.339587171379578491511, 0.339587171379812989073], [-0.699923852022679854074, -0.699923852022438192349], [1.30397339366005395793, 1.30397339366027906844], [-0.532670198498982790835, -0.53267019849893681226], [0.0861310494906263838427, 0.0861310494906319100991], [-0.177398398546887702673, -0.177398398546882145697], [0.332229424705696781831, 0.332229424705702903981], [-0.161933750162974183438, -0.161933750162965776026], [0.122481559671859923775, 0.122481559671860104813], [0.0, 0.0], [0.0, 0.0], [-0.18005308610106006649, -0.18005308610105993951], [0.0, 0.0], [0.403989642747443563961, 0.403989642747443891905]]
 [[2.09967486343690433654, 2.09967486419752885217], [0.0159243710840617604192, 0.0159243712299216626277], [20.985155162691679704, 20.9851551646841670909], [-0.00552479015905245377195, -0.0055247901494485446661], [40.6628816645265403554, 40.6628816653472169446], [0.387999993640088491851, 0.387999993645407192979], [0.683999999997655985622, 0.684000000002344119183], [-0.167143011536005404338, -0.167143011535432605531], [0.339587171379404799125, 0.339587171379986681459], [-0.699923852022858852953, -0.69992385202225919347], [1.30397339365988721853, 1.30397339366044580784], [-0.53267019849901684717, -0.532670198498902755925], [-0.713297149391891068492, -0.71329714939185097006], [0.822562825119674318483, 0.822562825119702632748], [-10.4016116395041259292, -10.4016116395039360317], [138.482702367319999284, 138.48270236732136422], [0.0657663271426073895249, 0.0657663271426087080367], [0.0, 0.0], [0.0, 0.0], [-0.811204016527170911771, -0.811204016527169346671], [0.0, 0.0], [10.3885128437303217675, 10.3885128437303409276]]
Vector{Any}
SOLNS: Any[[4.150088577433427, -0.10688040800105948, 1.8321000884838574, 4.576201706150808, -13.501925722664152, 0.38799999364274784, 0.684, -0.167143011535719, 0.33958717137969574, -0.699923852022559, 1.3039733936601665, -0.5326701984989598, 3.3127786297634967, -6.637259364722979, 14.977231276671967, -45.648542878515464, -4.755869959864121, 0.0, 0.0, 6.9913304963048635, 0.0, -15.686624265613645], [0.01592437121350312, 2.099674863741138, 20.98515516360811, -4.190115852641638e-5, -0.07666156240963144, 0.38799999364274784, 0.684, -0.167143011535719, 0.33958717137969574, -0.699923852022559, 1.3039733936601665, -0.5326701984989598, 0.16046557009177176, -0.33077318390491683, 0.6157274960720653, -0.2438021481157063, 0.0004987855142995373, 0.0, 0.0, -0.006152340113322418, 0.0, 0.07878864377406178], [-0.10688040800495513, 4.150088577380469, 1.8321000885807925, -0.11785442559897559, -0.050267025695005546, 0.38799999364274784, 0.684, -0.167143011535719, 0.33958717137969574, -0.699923852022559, 1.3039733936601665, -0.5326701984989598, 0.08613104949062915, -0.1773983985468849, 0.3322294247056998, -0.16193375016296999, 0.12248155967186002, 0.0, 0.0, -0.18005308610106, 0.0, 0.40398964274744376], [2.0996748638172167, 0.01592437115699171, 20.985155163687924, -0.0055247901542504994, 40.662881664936876, 0.38799999364274784, 0.684, -0.167143011535719, 0.33958717137969574, -0.699923852022559, 1.3039733936601665, -0.5326701984989598, -0.713297149391871, 0.8225628251196885, -10.401611639504031, 138.48270236732068, 0.06576632714260805, 0.0, 0.0, -0.8112040165271701, 0.0, 10.388512843730332]]
Vector{Float64}
SOLN 1: [4.150088577433427, -0.10688040800105948, 1.8321000884838574, 4.576201706150808, -13.501925722664152, 0.38799999364274784, 0.684, -0.167143011535719, 0.33958717137969574, -0.699923852022559, 1.3039733936601665, -0.5326701984989598, 3.3127786297634967, -6.637259364722979, 14.977231276671967, -45.648542878515464, -4.755869959864121, 0.0, 0.0, 6.9913304963048635, 0.0, -15.686624265613645]
Vector{Float64}
SOLN 2: [0.01592437121350312, 2.099674863741138, 20.98515516360811, -4.190115852641638e-5, -0.07666156240963144, 0.38799999364274784, 0.684, -0.167143011535719, 0.33958717137969574, -0.699923852022559, 1.3039733936601665, -0.5326701984989598, 0.16046557009177176, -0.33077318390491683, 0.6157274960720653, -0.2438021481157063, 0.0004987855142995373, 0.0, 0.0, -0.006152340113322418, 0.0, 0.07878864377406178]
Vector{Float64}
SOLN 3: [-0.10688040800495513, 4.150088577380469, 1.8321000885807925, -0.11785442559897559, -0.050267025695005546, 0.38799999364274784, 0.684, -0.167143011535719, 0.33958717137969574, -0.699923852022559, 1.3039733936601665, -0.5326701984989598, 0.08613104949062915, -0.1773983985468849, 0.3322294247056998, -0.16193375016296999, 0.12248155967186002, 0.0, 0.0, -0.18005308610106, 0.0, 0.40398964274744376]
Vector{Float64}
SOLN 4: [2.0996748638172167, 0.01592437115699171, 20.985155163687924, -0.0055247901542504994, 40.662881664936876, 0.38799999364274784, 0.684, -0.167143011535719, 0.33958717137969574, -0.699923852022559, 1.3039733936601665, -0.5326701984989598, -0.713297149391871, 0.8225628251196885, -10.401611639504031, 138.48270236732068, 0.06576632714260805, 0.0, 0.0, -0.8112040165271701, 0.0, 10.388512843730332]
DEBUG: Processing solution 1
DEBUG: Constructed initial conditions: [4.576201706150808, -13.501925722664152, 0.38799999364274784, 0.684]
DEBUG: Constructed parameter values: [4.150088577433427, -0.10688040800105948, 1.8321000884838574]
DEBUG: Parameter/IC mapping:
Dict("nu" => -0.10688040800105948, "NN(t)" => 0.684, "b" => 1.8321000884838574, "In(t)" => 0.38799999364274784, "S(t)" => 4.576201706150808, "E(t)" => -13.501925722664152, "a" => 4.150088577433427)
DEBUG: Processing solution 2
DEBUG: Constructed initial conditions: [-4.190115852641638e-5, -0.07666156240963144, 0.38799999364274784, 0.684]
DEBUG: Constructed parameter values: [0.01592437121350312, 2.099674863741138, 20.98515516360811]
DEBUG: Parameter/IC mapping:
Dict("nu" => 2.099674863741138, "NN(t)" => 0.684, "b" => 20.98515516360811, "In(t)" => 0.38799999364274784, "S(t)" => -4.190115852641638e-5, "E(t)" => -0.07666156240963144, "a" => 0.01592437121350312)
DEBUG: Processing solution 3
DEBUG: Constructed initial conditions: [-0.11785442559897559, -0.050267025695005546, 0.38799999364274784, 0.684]
DEBUG: Constructed parameter values: [-0.10688040800495513, 4.150088577380469, 1.8321000885807925]
DEBUG: Parameter/IC mapping:
Dict("nu" => 4.150088577380469, "NN(t)" => 0.684, "b" => 1.8321000885807925, "In(t)" => 0.38799999364274784, "S(t)" => -0.11785442559897559, "E(t)" => -0.050267025695005546, "a" => -0.10688040800495513)
DEBUG: Processing solution 4
DEBUG: Constructed initial conditions: [-0.0055247901542504994, 40.662881664936876, 0.38799999364274784, 0.684]
DEBUG: Constructed parameter values: [2.0996748638172167, 0.01592437115699171, 20.985155163687924]
DEBUG: Parameter/IC mapping:
Dict("nu" => 0.01592437115699171, "NN(t)" => 0.684, "b" => 20.985155163687924, "In(t)" => 0.38799999364274784, "S(t)" => -0.0055247901542504994, "E(t)" => 40.662881664936876, "a" => 2.0996748638172167)
DEBUG [determine_optimal_points_count]: Large num points: 1
DEBUG [determine_optimal_points_count]: Good num points: 1
DEBUG [multipoint_parameter_estimation]: Parameter estimation using this many points: 1
DEBUG [multipoint_parameter_estimation]: Ideal final target: 
-0.684 + _t111_NN_t_
-0.3583255271443199 + _t111_In_t_
0.10720733979655406 + _t111_Inˍt_t_
-0.21423321588469832 + _t111_Inˍtt_t_
0.4563229750297517 + _t111_Inˍttt_t_
-0.8815344470624928 + _t111_Inˍtttt_t_
1.821527463341976 + _t111_Inˍttttt_t_
_t111_Inˍt_t_ - _t111_E_t_*_tpnu_ + _t111_In_t_*_tpa_
_t111_Inˍtt_t_ - _t111_Eˍt_t_*_tpnu_ + _t111_Inˍt_t_*_tpa_
_t111_Inˍttt_t_ - _t111_Eˍtt_t_*_tpnu_ + _t111_Inˍtt_t_*_tpa_
_t111_Inˍtttt_t_ - _t111_Eˍttt_t_*_tpnu_ + _t111_Inˍttt_t_*_tpa_
_t111_Inˍttttt_t_ - _t111_Eˍtttt_t_*_tpnu_ + _t111_Inˍtttt_t_*_tpa_
_t111_Eˍt_t_*_t111_NN_t_ + _t111_E_t_*_t111_NN_t_*_tpnu_ - _t111_In_t_*_t111_S_t_*_tpb_
_t111_Eˍt_t_*_t111_NNˍt_t_ + _t111_Eˍtt_t_*_t111_NN_t_ + _t111_E_t_*_t111_NNˍt_t_*_tpnu_ + _t111_Eˍt_t_*_t111_NN_t_*_tpnu_ - _t111_In_t_*_t111_Sˍt_t_*_tpb_ - _t111_Inˍt_t_*_t111_S_t_*_tpb_
_t111_Eˍt_t_*_t111_NNˍtt_t_ + 2_t111_Eˍtt_t_*_t111_NNˍt_t_ + _t111_Eˍttt_t_*_t111_NN_t_ + _t111_E_t_*_t111_NNˍtt_t_*_tpnu_ + 2_t111_Eˍt_t_*_t111_NNˍt_t_*_tpnu_ + _t111_Eˍtt_t_*_t111_NN_t_*_tpnu_ - _t111_In_t_*_t111_Sˍtt_t_*_tpb_ - 2_t111_Inˍt_t_*_t111_Sˍt_t_*_tpb_ - _t111_Inˍtt_t_*_t111_S_t_*_tpb_
_t111_Eˍt_t_*_t111_NNˍttt_t_ + 3_t111_Eˍtt_t_*_t111_NNˍtt_t_ + 3_t111_Eˍttt_t_*_t111_NNˍt_t_ + _t111_Eˍtttt_t_*_t111_NN_t_ + _t111_E_t_*_t111_NNˍttt_t_*_tpnu_ + 3_t111_Eˍt_t_*_t111_NNˍtt_t_*_tpnu_ + 3_t111_Eˍtt_t_*_t111_NNˍt_t_*_tpnu_ + _t111_Eˍttt_t_*_t111_NN_t_*_tpnu_ - _t111_In_t_*_t111_Sˍttt_t_*_tpb_ - 3_t111_Inˍt_t_*_t111_Sˍtt_t_*_tpb_ - 3_t111_Inˍtt_t_*_t111_Sˍt_t_*_tpb_ - _t111_Inˍttt_t_*_t111_S_t_*_tpb_
_t111_NN_t_*_t111_Sˍt_t_ + _t111_In_t_*_t111_S_t_*_tpb_
_t111_NNˍt_t_
_t111_NNˍtt_t_
_t111_NN_t_*_t111_Sˍtt_t_ + _t111_NNˍt_t_*_t111_Sˍt_t_ + _t111_In_t_*_t111_Sˍt_t_*_tpb_ + _t111_Inˍt_t_*_t111_S_t_*_tpb_
_t111_NNˍttt_t_
_t111_NN_t_*_t111_Sˍttt_t_ + 2_t111_NNˍt_t_*_t111_Sˍtt_t_ + _t111_NNˍtt_t_*_t111_Sˍt_t_ + _t111_In_t_*_t111_Sˍtt_t_*_tpb_ + 2_t111_Inˍt_t_*_t111_Sˍt_t_*_tpb_ + _t111_Inˍtt_t_*_t111_S_t_*_tpb_
DEBUG [but we are actually solving this: 
-0.684 + _t111_NN_t_
-0.3583255266507791 + _t111_In_t_
0.10720733042531588 + _t111_Inˍt_t_
-0.2142338397350785 + _t111_Inˍtt_t_
0.4563400709653185 + _t111_Inˍttt_t_
-0.8810005693506301 + _t111_Inˍtttt_t_
1.7925337042645981 + _t111_Inˍttttt_t_
_t111_Inˍt_t_ - _t111_E_t_*_tpnu_ + _t111_In_t_*_tpa_
_t111_Inˍtt_t_ - _t111_Eˍt_t_*_tpnu_ + _t111_Inˍt_t_*_tpa_
_t111_Inˍttt_t_ - _t111_Eˍtt_t_*_tpnu_ + _t111_Inˍtt_t_*_tpa_
_t111_Inˍtttt_t_ - _t111_Eˍttt_t_*_tpnu_ + _t111_Inˍttt_t_*_tpa_
_t111_Inˍttttt_t_ - _t111_Eˍtttt_t_*_tpnu_ + _t111_Inˍtttt_t_*_tpa_
_t111_Eˍt_t_*_t111_NN_t_ + _t111_E_t_*_t111_NN_t_*_tpnu_ - _t111_In_t_*_t111_S_t_*_tpb_
_t111_Eˍt_t_*_t111_NNˍt_t_ + _t111_Eˍtt_t_*_t111_NN_t_ + _t111_E_t_*_t111_NNˍt_t_*_tpnu_ + _t111_Eˍt_t_*_t111_NN_t_*_tpnu_ - _t111_In_t_*_t111_Sˍt_t_*_tpb_ - _t111_Inˍt_t_*_t111_S_t_*_tpb_
_t111_Eˍt_t_*_t111_NNˍtt_t_ + 2_t111_Eˍtt_t_*_t111_NNˍt_t_ + _t111_Eˍttt_t_*_t111_NN_t_ + _t111_E_t_*_t111_NNˍtt_t_*_tpnu_ + 2_t111_Eˍt_t_*_t111_NNˍt_t_*_tpnu_ + _t111_Eˍtt_t_*_t111_NN_t_*_tpnu_ - _t111_In_t_*_t111_Sˍtt_t_*_tpb_ - 2_t111_Inˍt_t_*_t111_Sˍt_t_*_tpb_ - _t111_Inˍtt_t_*_t111_S_t_*_tpb_
_t111_Eˍt_t_*_t111_NNˍttt_t_ + 3_t111_Eˍtt_t_*_t111_NNˍtt_t_ + 3_t111_Eˍttt_t_*_t111_NNˍt_t_ + _t111_Eˍtttt_t_*_t111_NN_t_ + _t111_E_t_*_t111_NNˍttt_t_*_tpnu_ + 3_t111_Eˍt_t_*_t111_NNˍtt_t_*_tpnu_ + 3_t111_Eˍtt_t_*_t111_NNˍt_t_*_tpnu_ + _t111_Eˍttt_t_*_t111_NN_t_*_tpnu_ - _t111_In_t_*_t111_Sˍttt_t_*_tpb_ - 3_t111_Inˍt_t_*_t111_Sˍtt_t_*_tpb_ - 3_t111_Inˍtt_t_*_t111_Sˍt_t_*_tpb_ - _t111_Inˍttt_t_*_t111_S_t_*_tpb_
_t111_NN_t_*_t111_Sˍt_t_ + _t111_In_t_*_t111_S_t_*_tpb_
_t111_NNˍt_t_
_t111_NNˍtt_t_
_t111_NN_t_*_t111_Sˍtt_t_ + _t111_NNˍt_t_*_t111_Sˍt_t_ + _t111_In_t_*_t111_Sˍt_t_*_tpb_ + _t111_Inˍt_t_*_t111_S_t_*_tpb_
_t111_NNˍttt_t_
_t111_NN_t_*_t111_Sˍttt_t_ + 2_t111_NNˍt_t_*_t111_Sˍtt_t_ + _t111_NNˍtt_t_*_t111_Sˍt_t_ + _t111_In_t_*_t111_Sˍtt_t_*_tpb_ + 2_t111_Inˍt_t_*_t111_Sˍt_t_*_tpb_ + _t111_Inˍtt_t_*_t111_S_t_*_tpb_
As a reminder the true parameter values are: 
OrderedDict{Num, Float64}(a => 0.678, b => 0.793, nu => 0.88)
And the true states are: 
OrderedDict{Num, Float64}(S(t) => 0.785, E(t) => 0.109, In(t) => 0.388, NN(t) => 0.684)
The forward substitution dictionary is: 
Any[OrderedDict{Num, Any}(Sˍt(t) => _t111_Sˍt_t_, Eˍt(t) => _t111_Eˍt_t_, Inˍt(t) => _t111_Inˍt_t_, NNˍt(t) => _t111_NNˍt_t_, Sˍtt(t) => _t111_Sˍtt_t_, Eˍtt(t) => _t111_Eˍtt_t_, Inˍtt(t) => _t111_Inˍtt_t_, NNˍtt(t) => _t111_NNˍtt_t_, Sˍttt(t) => _t111_Sˍttt_t_, Eˍttt(t) => _t111_Eˍttt_t_, Inˍttt(t) => _t111_Inˍttt_t_, NNˍttt(t) => _t111_NNˍttt_t_, Sˍtttt(t) => _t111_Sˍtttt_t_, Eˍtttt(t) => _t111_Eˍtttt_t_, Inˍtttt(t) => _t111_Inˍtttt_t_, NNˍtttt(t) => _t111_NNˍtttt_t_, Sˍttttt(t) => _t111_Sˍttttt_t_, Eˍttttt(t) => _t111_Eˍttttt_t_, Inˍttttt(t) => _t111_Inˍttttt_t_, NNˍttttt(t) => _t111_NNˍttttt_t_, Sˍtttttt(t) => _t111_Sˍtttttt_t_, Eˍtttttt(t) => _t111_Eˍtttttt_t_, Inˍtttttt(t) => _t111_Inˍtttttt_t_, NNˍtttttt(t) => _t111_NNˍtttttt_t_, S(t) => _t111_S_t_, E(t) => _t111_E_t_, In(t) => _t111_In_t_, NN(t) => _t111_NN_t_, y1(t) => _t111_y1_t_, y2(t) => _t111_y2_t_, y1ˍt(t) => _t111_y1ˍt_t_, y2ˍt(t) => _t111_y2ˍt_t_, y1ˍtt(t) => _t111_y1ˍtt_t_, y2ˍtt(t) => _t111_y2ˍtt_t_, y1ˍttt(t) => _t111_y1ˍttt_t_, y2ˍttt(t) => _t111_y2ˍttt_t_, y1ˍtttt(t) => _t111_y1ˍtttt_t_, y2ˍtttt(t) => _t111_y2ˍtttt_t_, y1ˍttttt(t) => _t111_y1ˍttttt_t_, y2ˍttttt(t) => _t111_y2ˍttttt_t_, y1ˍtttttt(t) => _t111_y1ˍtttttt_t_, y2ˍtttttt(t) => _t111_y2ˍtttttt_t_, a => _tpa_, nu => _tpnu_, b => _tpb_)]
The reverse substitution dictionary is: 
Any[OrderedDict{Any, Any}(_t111_Sˍt_t_ => Sˍt(t), _t111_Eˍt_t_ => Eˍt(t), _t111_Inˍt_t_ => Inˍt(t), _t111_NNˍt_t_ => NNˍt(t), _t111_Sˍtt_t_ => Sˍtt(t), _t111_Eˍtt_t_ => Eˍtt(t), _t111_Inˍtt_t_ => Inˍtt(t), _t111_NNˍtt_t_ => NNˍtt(t), _t111_Sˍttt_t_ => Sˍttt(t), _t111_Eˍttt_t_ => Eˍttt(t), _t111_Inˍttt_t_ => Inˍttt(t), _t111_NNˍttt_t_ => NNˍttt(t), _t111_Sˍtttt_t_ => Sˍtttt(t), _t111_Eˍtttt_t_ => Eˍtttt(t), _t111_Inˍtttt_t_ => Inˍtttt(t), _t111_NNˍtttt_t_ => NNˍtttt(t), _t111_Sˍttttt_t_ => Sˍttttt(t), _t111_Eˍttttt_t_ => Eˍttttt(t), _t111_Inˍttttt_t_ => Inˍttttt(t), _t111_NNˍttttt_t_ => NNˍttttt(t), _t111_Sˍtttttt_t_ => Sˍtttttt(t), _t111_Eˍtttttt_t_ => Eˍtttttt(t), _t111_Inˍtttttt_t_ => Inˍtttttt(t), _t111_NNˍtttttt_t_ => NNˍtttttt(t), _t111_S_t_ => S(t), _t111_E_t_ => E(t), _t111_In_t_ => In(t), _t111_NN_t_ => NN(t), _t111_y1_t_ => y1(t), _t111_y2_t_ => y2(t), _t111_y1ˍt_t_ => y1ˍt(t), _t111_y2ˍt_t_ => y2ˍt(t), _t111_y1ˍtt_t_ => y1ˍtt(t), _t111_y2ˍtt_t_ => y2ˍtt(t), _t111_y1ˍttt_t_ => y1ˍttt(t), _t111_y2ˍttt_t_ => y2ˍttt(t), _t111_y1ˍtttt_t_ => y1ˍtttt(t), _t111_y2ˍtttt_t_ => y2ˍtttt(t), _t111_y1ˍttttt_t_ => y1ˍttttt(t), _t111_y2ˍttttt_t_ => y2ˍttttt(t), _t111_y1ˍtttttt_t_ => y1ˍtttttt(t), _t111_y2ˍtttttt_t_ => y2ˍtttttt(t), _tpa_ => a, _tpnu_ => nu, _tpb_ => b)]
DEBUG [multipoint_parameter_estimation]: Evaluated ideal polynomial system with exact state and parameter values:
0.0
0.0
0.0
0.0
0.0
0.0
-4.440892098500626e-16
0.0
0.0
-2.7755575615628914e-17
0.0
-1.1102230246251565e-16
0.0
-1.3877787807814457e-17
-4.85722573273506e-17
-2.7755575615628914e-17
0.0
0
0
0.0
0
0.0
DEBUG [multipoint_parameter_estimation]: Evaluated interpolated polynomial system with exact state and parameter values:
0.0
4.935408193240676e-10
-9.371238174349372e-9
-6.238503801880846e-7
1.7095935566757703e-5
0.0005338777118627513
-0.028993759077378334
0.0
0.0
-2.7755575615628914e-17
0.0
-1.1102230246251565e-16
0.0
-1.3877787807814457e-17
-4.85722573273506e-17
-2.7755575615628914e-17
0.0
0
0
0.0
0
0.0
and by the way the exact state values are: (at the time index 111)
OrderedDict{Any, Any}(S(t) => 0.7139298680134383, E(t) => 0.15424700864465327, In(t) => 0.3583255271443199, NN(t) => 0.684)
and by the way the exact parameter values are:
OrderedDict{Num, Float64}(a => 0.678, b => 0.793, nu => 0.88)
aa_system
Any[_t111_NN_t_ - 6160924290242839//9007199254740992, _t111_In_t_ - 3227509416603571//9007199254740992, _t111_Inˍt_t_ + 1931275573419353//18014398509481984, _t111_Inˍtt_t_ - 7718587526408401//36028797018963968, _t111_Inˍttt_t_ + 1027586486776817//2251799813685248, _t111_Inˍtttt_t_ - 7935347671681385//9007199254740992, _t111_Inˍttttt_t_ + 8072854122575099//4503599627370496, _tpa_*_t111_In_t_ - _tpnu_*_t111_E_t_ + _t111_Inˍt_t_, _tpa_*_t111_Inˍt_t_ - _tpnu_*_t111_Eˍt_t_ + _t111_Inˍtt_t_, _tpa_*_t111_Inˍtt_t_ - _tpnu_*_t111_Eˍtt_t_ + _t111_Inˍttt_t_, _tpa_*_t111_Inˍttt_t_ - _tpnu_*_t111_Eˍttt_t_ + _t111_Inˍtttt_t_, _tpa_*_t111_Inˍtttt_t_ - _tpnu_*_t111_Eˍtttt_t_ + _t111_Inˍttttt_t_, _tpnu_*_t111_E_t_*_t111_NN_t_ - _tpb_*_t111_S_t_*_t111_In_t_ + _t111_NN_t_*_t111_Eˍt_t_, _tpnu_*_t111_E_t_*_t111_NNˍt_t_ + _tpnu_*_t111_NN_t_*_t111_Eˍt_t_ - _tpb_*_t111_S_t_*_t111_Inˍt_t_ - _tpb_*_t111_In_t_*_t111_Sˍt_t_ + _t111_NN_t_*_t111_Eˍtt_t_ + _t111_Eˍt_t_*_t111_NNˍt_t_, _tpnu_*_t111_E_t_*_t111_NNˍtt_t_ + _tpnu_*_t111_NN_t_*_t111_Eˍtt_t_ + 2*_tpnu_*_t111_Eˍt_t_*_t111_NNˍt_t_ - _tpb_*_t111_S_t_*_t111_Inˍtt_t_ - _tpb_*_t111_In_t_*_t111_Sˍtt_t_ - 2*_tpb_*_t111_Inˍt_t_*_t111_Sˍt_t_ + _t111_NN_t_*_t111_Eˍttt_t_ + _t111_Eˍt_t_*_t111_NNˍtt_t_ + 2*_t111_Eˍtt_t_*_t111_NNˍt_t_, _tpnu_*_t111_E_t_*_t111_NNˍttt_t_ + _tpnu_*_t111_NN_t_*_t111_Eˍttt_t_ + 3*_tpnu_*_t111_Eˍt_t_*_t111_NNˍtt_t_ + 3*_tpnu_*_t111_Eˍtt_t_*_t111_NNˍt_t_ - _tpb_*_t111_S_t_*_t111_Inˍttt_t_ - _tpb_*_t111_In_t_*_t111_Sˍttt_t_ - 3*_tpb_*_t111_Inˍt_t_*_t111_Sˍtt_t_ - 3*_tpb_*_t111_Inˍtt_t_*_t111_Sˍt_t_ + _t111_NN_t_*_t111_Eˍtttt_t_ + _t111_Eˍt_t_*_t111_NNˍttt_t_ + 3*_t111_Eˍtt_t_*_t111_NNˍtt_t_ + 3*_t111_Eˍttt_t_*_t111_NNˍt_t_, _tpb_*_t111_S_t_*_t111_In_t_ + _t111_NN_t_*_t111_Sˍt_t_, _t111_NNˍt_t_, _t111_NNˍtt_t_, _tpb_*_t111_S_t_*_t111_Inˍt_t_ + _tpb_*_t111_In_t_*_t111_Sˍt_t_ + _t111_NN_t_*_t111_Sˍtt_t_ + _t111_Sˍt_t_*_t111_NNˍt_t_, _t111_NNˍttt_t_, _tpb_*_t111_S_t_*_t111_Inˍtt_t_ + _tpb_*_t111_In_t_*_t111_Sˍtt_t_ + 2*_tpb_*_t111_Inˍt_t_*_t111_Sˍt_t_ + _t111_NN_t_*_t111_Sˍttt_t_ + _t111_Sˍt_t_*_t111_NNˍtt_t_ + 2*_t111_NNˍt_t_*_t111_Sˍtt_t_]
R
Multivariate polynomial ring in 22 variables over rationals
primes of bitsize 28
G-Q-Pt-FG-LT-LP(C)
Dimension of the quotient :4
Degree of the radical :4
Use last variable as separating element
Separating form: [0, 0, 0, 0, 0, 0, 0, 0, 0, 0, 0, 0, 0, 0, 0, 0, 0, 0, 0, 0, 0, 1]
Run Groebner learn
Test cyclic optimization
Apply cyclic optimization 
Multi-modular computation (1 threads): G-Q-Pt-FG-LT-LP(C)
5-9-13-17-21-25-29-33-37-41-45-49-53-61-69-77-85-93-105-117-
check-G-Q-Pt-FG-LT-LP(C)
Nb Primes used :117
2-element Vector{Vector{MPFI.BigInterval}}:
 [[1.99827763534354090703, 1.9982776367145039333], [-0.0553767895617132494512, -0.0553767894074546473655], [-2.17029016714715669632, -2.17029016678598128285], [-0.535432605083806841342, -0.53543260505356877758], [-10.9942551948863410181, -10.9942551944397888144], [0.358325526645941119398, 0.358325526655617085779], [0.683999999995382490617, 0.684000000004617614188], [-0.107207330425677751959, -0.107207330424954014428], [0.214233839734716943709, 0.214233839735440070901], [-0.456340070965703562141, -0.456340070964933394574], [0.88100056935025837431, 0.881000569351001809029], [-1.7925337042649762853, -1.79253370426421996809], [-6.91429155017703318953e-05, -6.91429154952899351886e-05], [0.509985868659107154988, 0.509985868659140638865], [0.557879740049203136192, 0.557879740049231881996], [0.578761776374919285128, 0.578761776374929864448], [-0.60875741303428867313, -0.608757413034282186646], [0.0, 0.0], [0.0, 0.0], [-0.509989697571813504199, -0.509989697571811120418], [0.0, 0.0], [-0.52963835993734174754, -0.529638359937339890627]]
 [[-0.0553767895322055340324, -0.0553767895278858547847], [1.99827763616417320249, 1.99827763617410698296], [-2.17029016697806383226, -2.17029016697282271841], [0.0148380475968346125952, 0.0148380475972885921378], [-0.0635798776901964414204, -0.0635798776896167821174], [0.358325526650709483053, 0.358325526650848722124], [0.683999999999933604768, 0.684000000000066500037], [-0.107207330425321090559, -0.107207330425310675828], [0.214233839735073304327, 0.214233839735083710283], [-0.456340070965324019796, -0.456340070965312936919], [0.881000569350624742568, 0.881000569350635440771], [-1.79253370426460356853, -1.79253370426459268487], [0.110180203953076718744, 0.110180203953077053719], [-0.234303604636166360375, -0.234303604636166052225], [0.453526177249050026517, 0.453526177249050397518], [-0.921453883104175741479, -0.921453883104175404888], [0.0168700437447113421975, 0.0168700437447113658466], [0.0, 0.0], [0.0, 0.0], [0.014132967128080014227, 0.0141329671280800161324], [0.0, 0.0], [0.0146774759694251116087, 0.0146774759694251140397]]
Vector{Any}
SOLNS: Any[[1.9982776360290224, -0.055376789484583945, -2.170290166966569, -0.5354326050686878, -10.994255194663065, 0.3583255266507791, 0.684, -0.10720733042531588, 0.2142338397350785, -0.4563400709653185, 0.8810005693506301, -1.7925337042645981, -6.914291549853013e-5, 0.5099858686591239, 0.5578797400492175, 0.5787617763749245, -0.6087574130342854, 0.0, 0.0, -0.5099896975718123, 0.0, -0.5296383599373409], [-0.0553767895300457, 1.9982776361691401, -2.1702901669754433, 0.014838047597061602, -0.06357987768990661, 0.3583255266507791, 0.684, -0.10720733042531588, 0.2142338397350785, -0.4563400709653185, 0.8810005693506301, -1.7925337042645981, 0.11018020395307689, -0.2343036046361662, 0.4535261772490502, -0.9214538831041755, 0.016870043744711353, 0.0, 0.0, 0.014132967128080015, 0.0, 0.014677475969425112]]
Vector{Float64}
SOLN 1: [1.9982776360290224, -0.055376789484583945, -2.170290166966569, -0.5354326050686878, -10.994255194663065, 0.3583255266507791, 0.684, -0.10720733042531588, 0.2142338397350785, -0.4563400709653185, 0.8810005693506301, -1.7925337042645981, -6.914291549853013e-5, 0.5099858686591239, 0.5578797400492175, 0.5787617763749245, -0.6087574130342854, 0.0, 0.0, -0.5099896975718123, 0.0, -0.5296383599373409]
Vector{Float64}
SOLN 2: [-0.0553767895300457, 1.9982776361691401, -2.1702901669754433, 0.014838047597061602, -0.06357987768990661, 0.3583255266507791, 0.684, -0.10720733042531588, 0.2142338397350785, -0.4563400709653185, 0.8810005693506301, -1.7925337042645981, 0.11018020395307689, -0.2343036046361662, 0.4535261772490502, -0.9214538831041755, 0.016870043744711353, 0.0, 0.0, 0.014132967128080015, 0.0, 0.014677475969425112]
DEBUG: Processing solution 1
DEBUG: Constructed initial conditions: [-0.5354326050686878, -10.994255194663065, 0.3583255266507791, 0.684]
DEBUG: Constructed parameter values: [1.9982776360290224, -0.055376789484583945, -2.170290166966569]
DEBUG: Parameter/IC mapping:
Dict("nu" => -0.055376789484583945, "NN(t)" => 0.684, "b" => -2.170290166966569, "In(t)" => 0.3583255266507791, "S(t)" => -0.5354326050686878, "E(t)" => -10.994255194663065, "a" => 1.9982776360290224)
DEBUG: Processing solution 2
DEBUG: Constructed initial conditions: [0.014838047597061602, -0.06357987768990661, 0.3583255266507791, 0.684]
DEBUG: Constructed parameter values: [-0.0553767895300457, 1.9982776361691401, -2.1702901669754433]
DEBUG: Parameter/IC mapping:
Dict("nu" => 1.9982776361691401, "NN(t)" => 0.684, "b" => -2.1702901669754433, "In(t)" => 0.3583255266507791, "S(t)" => 0.014838047597061602, "E(t)" => -0.06357987768990661, "a" => -0.0553767895300457)
DEBUG [determine_optimal_points_count]: Large num points: 1
DEBUG [determine_optimal_points_count]: Good num points: 1
DEBUG [multipoint_parameter_estimation]: Parameter estimation using this many points: 1
DEBUG [multipoint_parameter_estimation]: Ideal final target: 
-0.684 + _t222_NN_t_
-0.33905420382836216 + _t222_In_t_
0.06945181267848391 + _t222_Inˍt_t_
-0.1317139931403994 + _t222_Inˍtt_t_
0.2987848702446165 + _t222_Inˍttt_t_
-0.5640731512702424 + _t222_Inˍtttt_t_
1.105233105920059 + _t222_Inˍttttt_t_
_t222_Inˍt_t_ - _t222_E_t_*_tpnu_ + _t222_In_t_*_tpa_
_t222_Inˍtt_t_ - _t222_Eˍt_t_*_tpnu_ + _t222_Inˍt_t_*_tpa_
_t222_Inˍttt_t_ - _t222_Eˍtt_t_*_tpnu_ + _t222_Inˍtt_t_*_tpa_
_t222_Inˍtttt_t_ - _t222_Eˍttt_t_*_tpnu_ + _t222_Inˍttt_t_*_tpa_
_t222_Inˍttttt_t_ - _t222_Eˍtttt_t_*_tpnu_ + _t222_Inˍtttt_t_*_tpa_
_t222_Eˍt_t_*_t222_NN_t_ + _t222_E_t_*_t222_NN_t_*_tpnu_ - _t222_In_t_*_t222_S_t_*_tpb_
_t222_Eˍt_t_*_t222_NNˍt_t_ + _t222_Eˍtt_t_*_t222_NN_t_ + _t222_E_t_*_t222_NNˍt_t_*_tpnu_ + _t222_Eˍt_t_*_t222_NN_t_*_tpnu_ - _t222_In_t_*_t222_Sˍt_t_*_tpb_ - _t222_Inˍt_t_*_t222_S_t_*_tpb_
_t222_Eˍt_t_*_t222_NNˍtt_t_ + 2_t222_Eˍtt_t_*_t222_NNˍt_t_ + _t222_Eˍttt_t_*_t222_NN_t_ + _t222_E_t_*_t222_NNˍtt_t_*_tpnu_ + 2_t222_Eˍt_t_*_t222_NNˍt_t_*_tpnu_ + _t222_Eˍtt_t_*_t222_NN_t_*_tpnu_ - _t222_In_t_*_t222_Sˍtt_t_*_tpb_ - 2_t222_Inˍt_t_*_t222_Sˍt_t_*_tpb_ - _t222_Inˍtt_t_*_t222_S_t_*_tpb_
_t222_Eˍt_t_*_t222_NNˍttt_t_ + 3_t222_Eˍtt_t_*_t222_NNˍtt_t_ + 3_t222_Eˍttt_t_*_t222_NNˍt_t_ + _t222_Eˍtttt_t_*_t222_NN_t_ + _t222_E_t_*_t222_NNˍttt_t_*_tpnu_ + 3_t222_Eˍt_t_*_t222_NNˍtt_t_*_tpnu_ + 3_t222_Eˍtt_t_*_t222_NNˍt_t_*_tpnu_ + _t222_Eˍttt_t_*_t222_NN_t_*_tpnu_ - _t222_In_t_*_t222_Sˍttt_t_*_tpb_ - 3_t222_Inˍt_t_*_t222_Sˍtt_t_*_tpb_ - 3_t222_Inˍtt_t_*_t222_Sˍt_t_*_tpb_ - _t222_Inˍttt_t_*_t222_S_t_*_tpb_
_t222_NN_t_*_t222_Sˍt_t_ + _t222_In_t_*_t222_S_t_*_tpb_
_t222_NNˍt_t_
_t222_NNˍtt_t_
_t222_NN_t_*_t222_Sˍtt_t_ + _t222_NNˍt_t_*_t222_Sˍt_t_ + _t222_In_t_*_t222_Sˍt_t_*_tpb_ + _t222_Inˍt_t_*_t222_S_t_*_tpb_
_t222_NNˍttt_t_
_t222_NN_t_*_t222_Sˍttt_t_ + 2_t222_NNˍt_t_*_t222_Sˍtt_t_ + _t222_NNˍtt_t_*_t222_Sˍt_t_ + _t222_In_t_*_t222_Sˍtt_t_*_tpb_ + 2_t222_Inˍt_t_*_t222_Sˍt_t_*_tpb_ + _t222_Inˍtt_t_*_t222_S_t_*_tpb_
DEBUG [but we are actually solving this: 
-0.684 + _t222_NN_t_
-0.33905420313916085 + _t222_In_t_
0.06945182619886944 + _t222_Inˍt_t_
-0.13171379768581382 + _t222_Inˍtt_t_
0.2987759441130054 + _t222_Inˍttt_t_
-0.564122973588049 + _t222_Inˍtttt_t_
1.110379585391144 + _t222_Inˍttttt_t_
_t222_Inˍt_t_ - _t222_E_t_*_tpnu_ + _t222_In_t_*_tpa_
_t222_Inˍtt_t_ - _t222_Eˍt_t_*_tpnu_ + _t222_Inˍt_t_*_tpa_
_t222_Inˍttt_t_ - _t222_Eˍtt_t_*_tpnu_ + _t222_Inˍtt_t_*_tpa_
_t222_Inˍtttt_t_ - _t222_Eˍttt_t_*_tpnu_ + _t222_Inˍttt_t_*_tpa_
_t222_Inˍttttt_t_ - _t222_Eˍtttt_t_*_tpnu_ + _t222_Inˍtttt_t_*_tpa_
_t222_Eˍt_t_*_t222_NN_t_ + _t222_E_t_*_t222_NN_t_*_tpnu_ - _t222_In_t_*_t222_S_t_*_tpb_
_t222_Eˍt_t_*_t222_NNˍt_t_ + _t222_Eˍtt_t_*_t222_NN_t_ + _t222_E_t_*_t222_NNˍt_t_*_tpnu_ + _t222_Eˍt_t_*_t222_NN_t_*_tpnu_ - _t222_In_t_*_t222_Sˍt_t_*_tpb_ - _t222_Inˍt_t_*_t222_S_t_*_tpb_
_t222_Eˍt_t_*_t222_NNˍtt_t_ + 2_t222_Eˍtt_t_*_t222_NNˍt_t_ + _t222_Eˍttt_t_*_t222_NN_t_ + _t222_E_t_*_t222_NNˍtt_t_*_tpnu_ + 2_t222_Eˍt_t_*_t222_NNˍt_t_*_tpnu_ + _t222_Eˍtt_t_*_t222_NN_t_*_tpnu_ - _t222_In_t_*_t222_Sˍtt_t_*_tpb_ - 2_t222_Inˍt_t_*_t222_Sˍt_t_*_tpb_ - _t222_Inˍtt_t_*_t222_S_t_*_tpb_
_t222_Eˍt_t_*_t222_NNˍttt_t_ + 3_t222_Eˍtt_t_*_t222_NNˍtt_t_ + 3_t222_Eˍttt_t_*_t222_NNˍt_t_ + _t222_Eˍtttt_t_*_t222_NN_t_ + _t222_E_t_*_t222_NNˍttt_t_*_tpnu_ + 3_t222_Eˍt_t_*_t222_NNˍtt_t_*_tpnu_ + 3_t222_Eˍtt_t_*_t222_NNˍt_t_*_tpnu_ + _t222_Eˍttt_t_*_t222_NN_t_*_tpnu_ - _t222_In_t_*_t222_Sˍttt_t_*_tpb_ - 3_t222_Inˍt_t_*_t222_Sˍtt_t_*_tpb_ - 3_t222_Inˍtt_t_*_t222_Sˍt_t_*_tpb_ - _t222_Inˍttt_t_*_t222_S_t_*_tpb_
_t222_NN_t_*_t222_Sˍt_t_ + _t222_In_t_*_t222_S_t_*_tpb_
_t222_NNˍt_t_
_t222_NNˍtt_t_
_t222_NN_t_*_t222_Sˍtt_t_ + _t222_NNˍt_t_*_t222_Sˍt_t_ + _t222_In_t_*_t222_Sˍt_t_*_tpb_ + _t222_Inˍt_t_*_t222_S_t_*_tpb_
_t222_NNˍttt_t_
_t222_NN_t_*_t222_Sˍttt_t_ + 2_t222_NNˍt_t_*_t222_Sˍtt_t_ + _t222_NNˍtt_t_*_t222_Sˍt_t_ + _t222_In_t_*_t222_Sˍtt_t_*_tpb_ + 2_t222_Inˍt_t_*_t222_Sˍt_t_*_tpb_ + _t222_Inˍtt_t_*_t222_S_t_*_tpb_
As a reminder the true parameter values are: 
OrderedDict{Num, Float64}(a => 0.678, b => 0.793, nu => 0.88)
And the true states are: 
OrderedDict{Num, Float64}(S(t) => 0.785, E(t) => 0.109, In(t) => 0.388, NN(t) => 0.684)
The forward substitution dictionary is: 
Any[OrderedDict{Num, Any}(Sˍt(t) => _t222_Sˍt_t_, Eˍt(t) => _t222_Eˍt_t_, Inˍt(t) => _t222_Inˍt_t_, NNˍt(t) => _t222_NNˍt_t_, Sˍtt(t) => _t222_Sˍtt_t_, Eˍtt(t) => _t222_Eˍtt_t_, Inˍtt(t) => _t222_Inˍtt_t_, NNˍtt(t) => _t222_NNˍtt_t_, Sˍttt(t) => _t222_Sˍttt_t_, Eˍttt(t) => _t222_Eˍttt_t_, Inˍttt(t) => _t222_Inˍttt_t_, NNˍttt(t) => _t222_NNˍttt_t_, Sˍtttt(t) => _t222_Sˍtttt_t_, Eˍtttt(t) => _t222_Eˍtttt_t_, Inˍtttt(t) => _t222_Inˍtttt_t_, NNˍtttt(t) => _t222_NNˍtttt_t_, Sˍttttt(t) => _t222_Sˍttttt_t_, Eˍttttt(t) => _t222_Eˍttttt_t_, Inˍttttt(t) => _t222_Inˍttttt_t_, NNˍttttt(t) => _t222_NNˍttttt_t_, Sˍtttttt(t) => _t222_Sˍtttttt_t_, Eˍtttttt(t) => _t222_Eˍtttttt_t_, Inˍtttttt(t) => _t222_Inˍtttttt_t_, NNˍtttttt(t) => _t222_NNˍtttttt_t_, S(t) => _t222_S_t_, E(t) => _t222_E_t_, In(t) => _t222_In_t_, NN(t) => _t222_NN_t_, y1(t) => _t222_y1_t_, y2(t) => _t222_y2_t_, y1ˍt(t) => _t222_y1ˍt_t_, y2ˍt(t) => _t222_y2ˍt_t_, y1ˍtt(t) => _t222_y1ˍtt_t_, y2ˍtt(t) => _t222_y2ˍtt_t_, y1ˍttt(t) => _t222_y1ˍttt_t_, y2ˍttt(t) => _t222_y2ˍttt_t_, y1ˍtttt(t) => _t222_y1ˍtttt_t_, y2ˍtttt(t) => _t222_y2ˍtttt_t_, y1ˍttttt(t) => _t222_y1ˍttttt_t_, y2ˍttttt(t) => _t222_y2ˍttttt_t_, y1ˍtttttt(t) => _t222_y1ˍtttttt_t_, y2ˍtttttt(t) => _t222_y2ˍtttttt_t_, a => _tpa_, nu => _tpnu_, b => _tpb_)]
The reverse substitution dictionary is: 
Any[OrderedDict{Any, Any}(_t222_Sˍt_t_ => Sˍt(t), _t222_Eˍt_t_ => Eˍt(t), _t222_Inˍt_t_ => Inˍt(t), _t222_NNˍt_t_ => NNˍt(t), _t222_Sˍtt_t_ => Sˍtt(t), _t222_Eˍtt_t_ => Eˍtt(t), _t222_Inˍtt_t_ => Inˍtt(t), _t222_NNˍtt_t_ => NNˍtt(t), _t222_Sˍttt_t_ => Sˍttt(t), _t222_Eˍttt_t_ => Eˍttt(t), _t222_Inˍttt_t_ => Inˍttt(t), _t222_NNˍttt_t_ => NNˍttt(t), _t222_Sˍtttt_t_ => Sˍtttt(t), _t222_Eˍtttt_t_ => Eˍtttt(t), _t222_Inˍtttt_t_ => Inˍtttt(t), _t222_NNˍtttt_t_ => NNˍtttt(t), _t222_Sˍttttt_t_ => Sˍttttt(t), _t222_Eˍttttt_t_ => Eˍttttt(t), _t222_Inˍttttt_t_ => Inˍttttt(t), _t222_NNˍttttt_t_ => NNˍttttt(t), _t222_Sˍtttttt_t_ => Sˍtttttt(t), _t222_Eˍtttttt_t_ => Eˍtttttt(t), _t222_Inˍtttttt_t_ => Inˍtttttt(t), _t222_NNˍtttttt_t_ => NNˍtttttt(t), _t222_S_t_ => S(t), _t222_E_t_ => E(t), _t222_In_t_ => In(t), _t222_NN_t_ => NN(t), _t222_y1_t_ => y1(t), _t222_y2_t_ => y2(t), _t222_y1ˍt_t_ => y1ˍt(t), _t222_y2ˍt_t_ => y2ˍt(t), _t222_y1ˍtt_t_ => y1ˍtt(t), _t222_y2ˍtt_t_ => y2ˍtt(t), _t222_y1ˍttt_t_ => y1ˍttt(t), _t222_y2ˍttt_t_ => y2ˍttt(t), _t222_y1ˍtttt_t_ => y1ˍtttt(t), _t222_y2ˍtttt_t_ => y2ˍtttt(t), _t222_y1ˍttttt_t_ => y1ˍttttt(t), _t222_y2ˍttttt_t_ => y2ˍttttt(t), _t222_y1ˍtttttt_t_ => y1ˍtttttt(t), _t222_y2ˍtttttt_t_ => y2ˍtttttt(t), _tpa_ => a, _tpnu_ => nu, _tpb_ => b)]
DEBUG [multipoint_parameter_estimation]: Evaluated ideal polynomial system with exact state and parameter values:
0.0
0.0
0.0
0.0
0.0
0.0
0.0
0.0
0.0
0.0
0.0
0.0
1.3877787807814457e-17
-2.7755575615628914e-17
-3.469446951953614e-17
8.326672684688674e-17
-2.7755575615628914e-17
0
0
0.0
0
0.0
DEBUG [multipoint_parameter_estimation]: Evaluated interpolated polynomial system with exact state and parameter values:
0.0
6.892013071357894e-10
1.3520385533372092e-8
1.954545855720191e-7
-8.926131611075583e-6
-4.982231780659152e-5
0.00514647947108493
0.0
0.0
0.0
0.0
0.0
1.3877787807814457e-17
-2.7755575615628914e-17
-3.469446951953614e-17
8.326672684688674e-17
-2.7755575615628914e-17
0
0
0.0
0
0.0
and by the way the exact state values are: (at the time index 222)
OrderedDict{Any, Any}(S(t) => 0.6527662316749322, E(t) => 0.18230333808766552, In(t) => 0.33905420382836216, NN(t) => 0.684)
and by the way the exact parameter values are:
OrderedDict{Num, Float64}(a => 0.678, b => 0.793, nu => 0.88)
aa_system
Any[_t222_NN_t_ - 6160924290242839//9007199254740992, _t222_In_t_ - 6107857531663701//18014398509481984, _t222_Inˍt_t_ + 2502265748715431//36028797018963968, _t222_Inˍtt_t_ - 74148276272173//562949953421312, _t222_Inˍttt_t_ + 5382268922298397//18014398509481984, _t222_Inˍtttt_t_ - 5081168027284547//9007199254740992, _t222_Inˍttttt_t_ + 2500352543503681//2251799813685248, _tpa_*_t222_In_t_ - _tpnu_*_t222_E_t_ + _t222_Inˍt_t_, _tpa_*_t222_Inˍt_t_ - _tpnu_*_t222_Eˍt_t_ + _t222_Inˍtt_t_, _tpa_*_t222_Inˍtt_t_ - _tpnu_*_t222_Eˍtt_t_ + _t222_Inˍttt_t_, _tpa_*_t222_Inˍttt_t_ - _tpnu_*_t222_Eˍttt_t_ + _t222_Inˍtttt_t_, _tpa_*_t222_Inˍtttt_t_ - _tpnu_*_t222_Eˍtttt_t_ + _t222_Inˍttttt_t_, _tpnu_*_t222_E_t_*_t222_NN_t_ - _tpb_*_t222_S_t_*_t222_In_t_ + _t222_NN_t_*_t222_Eˍt_t_, _tpnu_*_t222_E_t_*_t222_NNˍt_t_ + _tpnu_*_t222_NN_t_*_t222_Eˍt_t_ - _tpb_*_t222_S_t_*_t222_Inˍt_t_ - _tpb_*_t222_In_t_*_t222_Sˍt_t_ + _t222_NN_t_*_t222_Eˍtt_t_ + _t222_Eˍt_t_*_t222_NNˍt_t_, _tpnu_*_t222_E_t_*_t222_NNˍtt_t_ + _tpnu_*_t222_NN_t_*_t222_Eˍtt_t_ + 2*_tpnu_*_t222_Eˍt_t_*_t222_NNˍt_t_ - _tpb_*_t222_S_t_*_t222_Inˍtt_t_ - _tpb_*_t222_In_t_*_t222_Sˍtt_t_ - 2*_tpb_*_t222_Inˍt_t_*_t222_Sˍt_t_ + _t222_NN_t_*_t222_Eˍttt_t_ + _t222_Eˍt_t_*_t222_NNˍtt_t_ + 2*_t222_Eˍtt_t_*_t222_NNˍt_t_, _tpnu_*_t222_E_t_*_t222_NNˍttt_t_ + _tpnu_*_t222_NN_t_*_t222_Eˍttt_t_ + 3*_tpnu_*_t222_Eˍt_t_*_t222_NNˍtt_t_ + 3*_tpnu_*_t222_Eˍtt_t_*_t222_NNˍt_t_ - _tpb_*_t222_S_t_*_t222_Inˍttt_t_ - _tpb_*_t222_In_t_*_t222_Sˍttt_t_ - 3*_tpb_*_t222_Inˍt_t_*_t222_Sˍtt_t_ - 3*_tpb_*_t222_Inˍtt_t_*_t222_Sˍt_t_ + _t222_NN_t_*_t222_Eˍtttt_t_ + _t222_Eˍt_t_*_t222_NNˍttt_t_ + 3*_t222_Eˍtt_t_*_t222_NNˍtt_t_ + 3*_t222_Eˍttt_t_*_t222_NNˍt_t_, _tpb_*_t222_S_t_*_t222_In_t_ + _t222_NN_t_*_t222_Sˍt_t_, _t222_NNˍt_t_, _t222_NNˍtt_t_, _tpb_*_t222_S_t_*_t222_Inˍt_t_ + _tpb_*_t222_In_t_*_t222_Sˍt_t_ + _t222_NN_t_*_t222_Sˍtt_t_ + _t222_Sˍt_t_*_t222_NNˍt_t_, _t222_NNˍttt_t_, _tpb_*_t222_S_t_*_t222_Inˍtt_t_ + _tpb_*_t222_In_t_*_t222_Sˍtt_t_ + 2*_tpb_*_t222_Inˍt_t_*_t222_Sˍt_t_ + _t222_NN_t_*_t222_Sˍttt_t_ + _t222_Sˍt_t_*_t222_NNˍtt_t_ + 2*_t222_NNˍt_t_*_t222_Sˍtt_t_]
R
Multivariate polynomial ring in 22 variables over rationals
primes of bitsize 28
G-Q-Pt-FG-LT-LP(C)
Dimension of the quotient :4
Degree of the radical :4
Use last variable as separating element
Separating form: [0, 0, 0, 0, 0, 0, 0, 0, 0, 0, 0, 0, 0, 0, 0, 0, 0, 0, 0, 0, 0, 1]
Run Groebner learn
Test cyclic optimization
Apply cyclic optimization 
Multi-modular computation (1 threads): G-Q-Pt-FG-LT-LP(C)
5-9-13-17-21-25-29-33-37-41-45-49-53-61-69-77-85-93-105-117-
check-G-Q-Pt-FG-LT-LP(C)
Nb Primes used :117
4-element Vector{Vector{MPFI.BigInterval}}:
 [[1.00233442384197532016, 1.0023344247251411266], [0.501953410986324535814, 0.501953411212023548516], [0.969411649179962412126, 0.969411649339046631665], [0.82015593172961199879, 0.820155931780004443971], [0.53868320709627279247, 0.538683207115062044986], [0.33905420313460405443, 0.339054203143717641485], [0.683999999995403668176, 0.68400000000459643663], [-0.0694518261991027962483, -0.0694518261986360897002], [0.131713797685592541403, 0.131713797686035090545], [-0.298775944113256364905, -0.298775944112754431774], [0.56412297358781204369, 0.564122973588285897122], [-1.11037958539137718322, -1.11037958539091083349], [0.123716345153321380076, 0.123716345153344637558], [-0.332211450016275464797, -0.332211450016246866444], [0.527239289162284717076, 0.527239289162309563086], [-1.0856380241557842885, -1.0856380241557593209], [-0.394110218455731371067, -0.394110218455726259881], [0.0, 0.0], [0.0, 0.0], [0.270111608558290324062, 0.270111608558291715093], [0.0, 0.0], [-0.360484618621682276432, -0.360484618621681038084]]
 [[2.14417645628628379141, 2.1441764577746780596], [-0.336828689988917832045, -0.336828689811244707419], [-0.502526176909165318184, -0.502526176838542155593], [-2.84471073042221762634, -2.84471073019469205829], [-1.952150258100577759, -1.95215025801912502848], [0.339054203134461721859, 0.339054203143859974055], [0.683999999995260098991, 0.684000000004740005814], [-0.0694518261991100850956, -0.069451826198628800853], [0.131713797685585629838, 0.13171379768604200211], [-0.298775944113264203917, -0.298775944112746592762], [0.564122973587804643224, 0.564122973588293297588], [-1.11037958539138446651, -1.1103795853909035502], [0.0510739537753122125914, 0.0510739537753252407408], [0.0485656969501445587673, 0.0485656969501513004144], [0.227134368182392037204, 0.227134368182406325979], [-0.294510581596451023571, -0.29451058159644004475], [-0.708614167539950909867, -0.708614167539943335305], [0.0, 0.0], [0.0, 0.0], [-0.0313625240158296558967, -0.0313625240158294536507], [0.0, 0.0], [-0.210776048108249093535, -0.210776048108248352578]]
 [[0.501953410839920107791, 0.501953411779420184403], [1.00233442403336749202, 1.00233442433769890078], [0.969411649158197922312, 0.969411649321564092838], [0.41072126979016560186, 0.410721269886124717662], [0.100502971016566566004, 0.100502971045919525734], [0.339054203133928966081, 0.339054203144392729834], [0.683999999994722714483, 0.684000000005277390322], [-0.069451826199137367505, -0.0694518261986015184435], [0.131713797685559759602, 0.131713797686067872346], [-0.298775944113293545572, -0.298775944112717251107], [0.564122973587776943024, 0.564122973588320997788], [-1.11037958539141172807, -1.11037958539087628864], [0.0966266490234523476209, 0.0966266490234734393986], [-0.232119887775726956029, -0.232119887775706420556], [0.413186815954287369514, 0.413186815954310039626], [-0.825289558542576323955, -0.825289558542554798422], [-0.197364236636534850641, -0.197364236636529718421], [0.0, 0.0], [0.0, 0.0], [0.13526767115722760085, 0.135267671157228389736], [0.0, 0.0], [-0.180525061878018040814, -0.180525061878017388476]]
 [[-0.336828689825582894266, -0.336828689793748071524], [2.14417645679622654892, 2.14417645686663402695], [-0.502526176850149555692, -0.502526176844634220461], [0.446875622178066404002, 0.446875622180957963688], [-0.0856529361831728527251, -0.0856529361821412012356], [0.339054203138724437704, 0.33905420313959725821], [0.683999999999559850491, 0.684000000000440254314], [-0.069451826198891791532, -0.0694518261988470944165], [0.131713797685792624206, 0.131713797685835007742], [-0.298775944113029433746, -0.298775944112981362932], [0.564122973588026279599, 0.564122973588071661212], [-1.11037958539116633983, -1.11037958539112167688], [0.0723388062654799862436, 0.0723388062654815108284], [-0.160033904357457273047, -0.160033904357455681634], [0.310030119617414122584, 0.310030119617415758537], [-0.606476385531084304868, -0.606476385531082726757], [0.111316202956370793231, 0.111316202956370962292], [0.0, 0.0], [0.0, 0.0], [0.00492673904713218308192, 0.00492673904713220193073], [0.0, 0.0], [0.0331108104019623723114, 0.0331108104019623896552]]
Vector{Any}
SOLNS: Any[[1.0023344242835581, 0.501953411099174, 0.9694116492595045, 0.8201559317548083, 0.5386832071056674, 0.33905420313916085, 0.684, -0.06945182619886944, 0.13171379768581382, -0.2987759441130054, 0.564122973588049, -1.110379585391144, 0.123716345153333, -0.3322114500162612, 0.5272392891622971, -1.0856380241557717, -0.3941102184557288, 0.0, 0.0, 0.270111608558291, 0.0, -0.3604846186216817], [2.144176457030481, -0.33682868990008125, -0.5025261768738537, -2.8447107303084547, -1.9521502580598513, 0.33905420313916085, 0.684, -0.06945182619886944, 0.13171379768581382, -0.2987759441130054, 0.564122973588049, -1.110379585391144, 0.051073953775318724, 0.04856569695014793, 0.22713436818239918, -0.29451058159644555, -0.7086141675399471, 0.0, 0.0, -0.031362524015829556, 0.0, -0.21077604810824874], [0.5019534113096702, 1.0023344241855332, 0.969411649239881, 0.41072126983814516, 0.10050297103124305, 0.33905420313916085, 0.684, -0.06945182619886944, 0.13171379768581382, -0.2987759441130054, 0.564122973588049, -1.110379585391144, 0.0966266490234629, -0.23211988777571668, 0.4131868159542987, -0.8252895585425656, -0.1973642366365323, 0.0, 0.0, 0.135267671157228, 0.0, -0.1805250618780177], [-0.33682868980966546, 2.1441764568314303, -0.5025261768473919, 0.4468756221795122, -0.08565293618265703, 0.33905420313916085, 0.684, -0.06945182619886944, 0.13171379768581382, -0.2987759441130054, 0.564122973588049, -1.110379585391144, 0.07233880626548075, -0.16003390435745649, 0.31003011961741495, -0.6064763855310835, 0.11131620295637087, 0.0, 0.0, 0.0049267390471321925, 0.0, 0.033110810401962384]]
Vector{Float64}
SOLN 1: [1.0023344242835581, 0.501953411099174, 0.9694116492595045, 0.8201559317548083, 0.5386832071056674, 0.33905420313916085, 0.684, -0.06945182619886944, 0.13171379768581382, -0.2987759441130054, 0.564122973588049, -1.110379585391144, 0.123716345153333, -0.3322114500162612, 0.5272392891622971, -1.0856380241557717, -0.3941102184557288, 0.0, 0.0, 0.270111608558291, 0.0, -0.3604846186216817]
Vector{Float64}
SOLN 2: [2.144176457030481, -0.33682868990008125, -0.5025261768738537, -2.8447107303084547, -1.9521502580598513, 0.33905420313916085, 0.684, -0.06945182619886944, 0.13171379768581382, -0.2987759441130054, 0.564122973588049, -1.110379585391144, 0.051073953775318724, 0.04856569695014793, 0.22713436818239918, -0.29451058159644555, -0.7086141675399471, 0.0, 0.0, -0.031362524015829556, 0.0, -0.21077604810824874]
Vector{Float64}
SOLN 3: [0.5019534113096702, 1.0023344241855332, 0.969411649239881, 0.41072126983814516, 0.10050297103124305, 0.33905420313916085, 0.684, -0.06945182619886944, 0.13171379768581382, -0.2987759441130054, 0.564122973588049, -1.110379585391144, 0.0966266490234629, -0.23211988777571668, 0.4131868159542987, -0.8252895585425656, -0.1973642366365323, 0.0, 0.0, 0.135267671157228, 0.0, -0.1805250618780177]
Vector{Float64}
SOLN 4: [-0.33682868980966546, 2.1441764568314303, -0.5025261768473919, 0.4468756221795122, -0.08565293618265703, 0.33905420313916085, 0.684, -0.06945182619886944, 0.13171379768581382, -0.2987759441130054, 0.564122973588049, -1.110379585391144, 0.07233880626548075, -0.16003390435745649, 0.31003011961741495, -0.6064763855310835, 0.11131620295637087, 0.0, 0.0, 0.0049267390471321925, 0.0, 0.033110810401962384]
DEBUG: Processing solution 1
DEBUG: Constructed initial conditions: [0.8201559317548083, 0.5386832071056674, 0.33905420313916085, 0.684]
DEBUG: Constructed parameter values: [1.0023344242835581, 0.501953411099174, 0.9694116492595045]
DEBUG: Parameter/IC mapping:
Dict("nu" => 0.501953411099174, "NN(t)" => 0.684, "b" => 0.9694116492595045, "In(t)" => 0.33905420313916085, "S(t)" => 0.8201559317548083, "E(t)" => 0.5386832071056674, "a" => 1.0023344242835581)
DEBUG: Processing solution 2
DEBUG: Constructed initial conditions: [-2.8447107303084547, -1.9521502580598513, 0.33905420313916085, 0.684]
DEBUG: Constructed parameter values: [2.144176457030481, -0.33682868990008125, -0.5025261768738537]
DEBUG: Parameter/IC mapping:
Dict("nu" => -0.33682868990008125, "NN(t)" => 0.684, "b" => -0.5025261768738537, "In(t)" => 0.33905420313916085, "S(t)" => -2.8447107303084547, "E(t)" => -1.9521502580598513, "a" => 2.144176457030481)
DEBUG: Processing solution 3
DEBUG: Constructed initial conditions: [0.41072126983814516, 0.10050297103124305, 0.33905420313916085, 0.684]
DEBUG: Constructed parameter values: [0.5019534113096702, 1.0023344241855332, 0.969411649239881]
DEBUG: Parameter/IC mapping:
Dict("nu" => 1.0023344241855332, "NN(t)" => 0.684, "b" => 0.969411649239881, "In(t)" => 0.33905420313916085, "S(t)" => 0.41072126983814516, "E(t)" => 0.10050297103124305, "a" => 0.5019534113096702)
DEBUG: Processing solution 4
DEBUG: Constructed initial conditions: [0.4468756221795122, -0.08565293618265703, 0.33905420313916085, 0.684]
DEBUG: Constructed parameter values: [-0.33682868980966546, 2.1441764568314303, -0.5025261768473919]
DEBUG: Parameter/IC mapping:
Dict("nu" => 2.1441764568314303, "NN(t)" => 0.684, "b" => -0.5025261768473919, "In(t)" => 0.33905420313916085, "S(t)" => 0.4468756221795122, "E(t)" => -0.08565293618265703, "a" => -0.33682868980966546)
DEBUG [determine_optimal_points_count]: Large num points: 1
DEBUG [determine_optimal_points_count]: Good num points: 1
DEBUG [multipoint_parameter_estimation]: Parameter estimation using this many points: 1
DEBUG [multipoint_parameter_estimation]: Ideal final target: 
-0.684 + _t334_NN_t_
-0.3262961141782808 + _t334_In_t_
0.04649269543109774 + _t334_Inˍt_t_
-0.07709542615110096 + _t334_Inˍtt_t_
0.19618810099465253 + _t334_Inˍttt_t_
-0.3675234009249676 + _t334_Inˍtttt_t_
0.6864451858525392 + _t334_Inˍttttt_t_
_t334_Inˍt_t_ - _t334_E_t_*_tpnu_ + _t334_In_t_*_tpa_
_t334_Inˍtt_t_ - _t334_Eˍt_t_*_tpnu_ + _t334_Inˍt_t_*_tpa_
_t334_Inˍttt_t_ - _t334_Eˍtt_t_*_tpnu_ + _t334_Inˍtt_t_*_tpa_
_t334_Inˍtttt_t_ - _t334_Eˍttt_t_*_tpnu_ + _t334_Inˍttt_t_*_tpa_
_t334_Inˍttttt_t_ - _t334_Eˍtttt_t_*_tpnu_ + _t334_Inˍtttt_t_*_tpa_
_t334_Eˍt_t_*_t334_NN_t_ + _t334_E_t_*_t334_NN_t_*_tpnu_ - _t334_In_t_*_t334_S_t_*_tpb_
_t334_Eˍt_t_*_t334_NNˍt_t_ + _t334_Eˍtt_t_*_t334_NN_t_ + _t334_E_t_*_t334_NNˍt_t_*_tpnu_ + _t334_Eˍt_t_*_t334_NN_t_*_tpnu_ - _t334_In_t_*_t334_Sˍt_t_*_tpb_ - _t334_Inˍt_t_*_t334_S_t_*_tpb_
_t334_Eˍt_t_*_t334_NNˍtt_t_ + 2_t334_Eˍtt_t_*_t334_NNˍt_t_ + _t334_Eˍttt_t_*_t334_NN_t_ + _t334_E_t_*_t334_NNˍtt_t_*_tpnu_ + 2_t334_Eˍt_t_*_t334_NNˍt_t_*_tpnu_ + _t334_Eˍtt_t_*_t334_NN_t_*_tpnu_ - _t334_In_t_*_t334_Sˍtt_t_*_tpb_ - 2_t334_Inˍt_t_*_t334_Sˍt_t_*_tpb_ - _t334_Inˍtt_t_*_t334_S_t_*_tpb_
_t334_Eˍt_t_*_t334_NNˍttt_t_ + 3_t334_Eˍtt_t_*_t334_NNˍtt_t_ + 3_t334_Eˍttt_t_*_t334_NNˍt_t_ + _t334_Eˍtttt_t_*_t334_NN_t_ + _t334_E_t_*_t334_NNˍttt_t_*_tpnu_ + 3_t334_Eˍt_t_*_t334_NNˍtt_t_*_tpnu_ + 3_t334_Eˍtt_t_*_t334_NNˍt_t_*_tpnu_ + _t334_Eˍttt_t_*_t334_NN_t_*_tpnu_ - _t334_In_t_*_t334_Sˍttt_t_*_tpb_ - 3_t334_Inˍt_t_*_t334_Sˍtt_t_*_tpb_ - 3_t334_Inˍtt_t_*_t334_Sˍt_t_*_tpb_ - _t334_Inˍttt_t_*_t334_S_t_*_tpb_
_t334_NN_t_*_t334_Sˍt_t_ + _t334_In_t_*_t334_S_t_*_tpb_
_t334_NNˍt_t_
_t334_NNˍtt_t_
_t334_NN_t_*_t334_Sˍtt_t_ + _t334_NNˍt_t_*_t334_Sˍt_t_ + _t334_In_t_*_t334_Sˍt_t_*_tpb_ + _t334_Inˍt_t_*_t334_S_t_*_tpb_
_t334_NNˍttt_t_
_t334_NN_t_*_t334_Sˍttt_t_ + 2_t334_NNˍt_t_*_t334_Sˍtt_t_ + _t334_NNˍtt_t_*_t334_Sˍt_t_ + _t334_In_t_*_t334_Sˍtt_t_*_tpb_ + 2_t334_Inˍt_t_*_t334_Sˍt_t_*_tpb_ + _t334_Inˍtt_t_*_t334_S_t_*_tpb_
DEBUG [but we are actually solving this: 
-0.684 + _t334_NN_t_
-0.3262961140610473 + _t334_In_t_
0.04649268729103686 + _t334_Inˍt_t_
-0.07709518628088746 + _t334_Inˍtt_t_
0.1961906136153076 + _t334_Inˍttt_t_
-0.36764406899702495 + _t334_Inˍtttt_t_
0.6858853930391293 + _t334_Inˍttttt_t_
_t334_Inˍt_t_ - _t334_E_t_*_tpnu_ + _t334_In_t_*_tpa_
_t334_Inˍtt_t_ - _t334_Eˍt_t_*_tpnu_ + _t334_Inˍt_t_*_tpa_
_t334_Inˍttt_t_ - _t334_Eˍtt_t_*_tpnu_ + _t334_Inˍtt_t_*_tpa_
_t334_Inˍtttt_t_ - _t334_Eˍttt_t_*_tpnu_ + _t334_Inˍttt_t_*_tpa_
_t334_Inˍttttt_t_ - _t334_Eˍtttt_t_*_tpnu_ + _t334_Inˍtttt_t_*_tpa_
_t334_Eˍt_t_*_t334_NN_t_ + _t334_E_t_*_t334_NN_t_*_tpnu_ - _t334_In_t_*_t334_S_t_*_tpb_
_t334_Eˍt_t_*_t334_NNˍt_t_ + _t334_Eˍtt_t_*_t334_NN_t_ + _t334_E_t_*_t334_NNˍt_t_*_tpnu_ + _t334_Eˍt_t_*_t334_NN_t_*_tpnu_ - _t334_In_t_*_t334_Sˍt_t_*_tpb_ - _t334_Inˍt_t_*_t334_S_t_*_tpb_
_t334_Eˍt_t_*_t334_NNˍtt_t_ + 2_t334_Eˍtt_t_*_t334_NNˍt_t_ + _t334_Eˍttt_t_*_t334_NN_t_ + _t334_E_t_*_t334_NNˍtt_t_*_tpnu_ + 2_t334_Eˍt_t_*_t334_NNˍt_t_*_tpnu_ + _t334_Eˍtt_t_*_t334_NN_t_*_tpnu_ - _t334_In_t_*_t334_Sˍtt_t_*_tpb_ - 2_t334_Inˍt_t_*_t334_Sˍt_t_*_tpb_ - _t334_Inˍtt_t_*_t334_S_t_*_tpb_
_t334_Eˍt_t_*_t334_NNˍttt_t_ + 3_t334_Eˍtt_t_*_t334_NNˍtt_t_ + 3_t334_Eˍttt_t_*_t334_NNˍt_t_ + _t334_Eˍtttt_t_*_t334_NN_t_ + _t334_E_t_*_t334_NNˍttt_t_*_tpnu_ + 3_t334_Eˍt_t_*_t334_NNˍtt_t_*_tpnu_ + 3_t334_Eˍtt_t_*_t334_NNˍt_t_*_tpnu_ + _t334_Eˍttt_t_*_t334_NN_t_*_tpnu_ - _t334_In_t_*_t334_Sˍttt_t_*_tpb_ - 3_t334_Inˍt_t_*_t334_Sˍtt_t_*_tpb_ - 3_t334_Inˍtt_t_*_t334_Sˍt_t_*_tpb_ - _t334_Inˍttt_t_*_t334_S_t_*_tpb_
_t334_NN_t_*_t334_Sˍt_t_ + _t334_In_t_*_t334_S_t_*_tpb_
_t334_NNˍt_t_
_t334_NNˍtt_t_
_t334_NN_t_*_t334_Sˍtt_t_ + _t334_NNˍt_t_*_t334_Sˍt_t_ + _t334_In_t_*_t334_Sˍt_t_*_tpb_ + _t334_Inˍt_t_*_t334_S_t_*_tpb_
_t334_NNˍttt_t_
_t334_NN_t_*_t334_Sˍttt_t_ + 2_t334_NNˍt_t_*_t334_Sˍtt_t_ + _t334_NNˍtt_t_*_t334_Sˍt_t_ + _t334_In_t_*_t334_Sˍtt_t_*_tpb_ + 2_t334_Inˍt_t_*_t334_Sˍt_t_*_tpb_ + _t334_Inˍtt_t_*_t334_S_t_*_tpb_
As a reminder the true parameter values are: 
OrderedDict{Num, Float64}(a => 0.678, b => 0.793, nu => 0.88)
And the true states are: 
OrderedDict{Num, Float64}(S(t) => 0.785, E(t) => 0.109, In(t) => 0.388, NN(t) => 0.684)
The forward substitution dictionary is: 
Any[OrderedDict{Num, Any}(Sˍt(t) => _t334_Sˍt_t_, Eˍt(t) => _t334_Eˍt_t_, Inˍt(t) => _t334_Inˍt_t_, NNˍt(t) => _t334_NNˍt_t_, Sˍtt(t) => _t334_Sˍtt_t_, Eˍtt(t) => _t334_Eˍtt_t_, Inˍtt(t) => _t334_Inˍtt_t_, NNˍtt(t) => _t334_NNˍtt_t_, Sˍttt(t) => _t334_Sˍttt_t_, Eˍttt(t) => _t334_Eˍttt_t_, Inˍttt(t) => _t334_Inˍttt_t_, NNˍttt(t) => _t334_NNˍttt_t_, Sˍtttt(t) => _t334_Sˍtttt_t_, Eˍtttt(t) => _t334_Eˍtttt_t_, Inˍtttt(t) => _t334_Inˍtttt_t_, NNˍtttt(t) => _t334_NNˍtttt_t_, Sˍttttt(t) => _t334_Sˍttttt_t_, Eˍttttt(t) => _t334_Eˍttttt_t_, Inˍttttt(t) => _t334_Inˍttttt_t_, NNˍttttt(t) => _t334_NNˍttttt_t_, Sˍtttttt(t) => _t334_Sˍtttttt_t_, Eˍtttttt(t) => _t334_Eˍtttttt_t_, Inˍtttttt(t) => _t334_Inˍtttttt_t_, NNˍtttttt(t) => _t334_NNˍtttttt_t_, S(t) => _t334_S_t_, E(t) => _t334_E_t_, In(t) => _t334_In_t_, NN(t) => _t334_NN_t_, y1(t) => _t334_y1_t_, y2(t) => _t334_y2_t_, y1ˍt(t) => _t334_y1ˍt_t_, y2ˍt(t) => _t334_y2ˍt_t_, y1ˍtt(t) => _t334_y1ˍtt_t_, y2ˍtt(t) => _t334_y2ˍtt_t_, y1ˍttt(t) => _t334_y1ˍttt_t_, y2ˍttt(t) => _t334_y2ˍttt_t_, y1ˍtttt(t) => _t334_y1ˍtttt_t_, y2ˍtttt(t) => _t334_y2ˍtttt_t_, y1ˍttttt(t) => _t334_y1ˍttttt_t_, y2ˍttttt(t) => _t334_y2ˍttttt_t_, y1ˍtttttt(t) => _t334_y1ˍtttttt_t_, y2ˍtttttt(t) => _t334_y2ˍtttttt_t_, a => _tpa_, nu => _tpnu_, b => _tpb_)]
The reverse substitution dictionary is: 
Any[OrderedDict{Any, Any}(_t334_Sˍt_t_ => Sˍt(t), _t334_Eˍt_t_ => Eˍt(t), _t334_Inˍt_t_ => Inˍt(t), _t334_NNˍt_t_ => NNˍt(t), _t334_Sˍtt_t_ => Sˍtt(t), _t334_Eˍtt_t_ => Eˍtt(t), _t334_Inˍtt_t_ => Inˍtt(t), _t334_NNˍtt_t_ => NNˍtt(t), _t334_Sˍttt_t_ => Sˍttt(t), _t334_Eˍttt_t_ => Eˍttt(t), _t334_Inˍttt_t_ => Inˍttt(t), _t334_NNˍttt_t_ => NNˍttt(t), _t334_Sˍtttt_t_ => Sˍtttt(t), _t334_Eˍtttt_t_ => Eˍtttt(t), _t334_Inˍtttt_t_ => Inˍtttt(t), _t334_NNˍtttt_t_ => NNˍtttt(t), _t334_Sˍttttt_t_ => Sˍttttt(t), _t334_Eˍttttt_t_ => Eˍttttt(t), _t334_Inˍttttt_t_ => Inˍttttt(t), _t334_NNˍttttt_t_ => NNˍttttt(t), _t334_Sˍtttttt_t_ => Sˍtttttt(t), _t334_Eˍtttttt_t_ => Eˍtttttt(t), _t334_Inˍtttttt_t_ => Inˍtttttt(t), _t334_NNˍtttttt_t_ => NNˍtttttt(t), _t334_S_t_ => S(t), _t334_E_t_ => E(t), _t334_In_t_ => In(t), _t334_NN_t_ => NN(t), _t334_y1_t_ => y1(t), _t334_y2_t_ => y2(t), _t334_y1ˍt_t_ => y1ˍt(t), _t334_y2ˍt_t_ => y2ˍt(t), _t334_y1ˍtt_t_ => y1ˍtt(t), _t334_y2ˍtt_t_ => y2ˍtt(t), _t334_y1ˍttt_t_ => y1ˍttt(t), _t334_y2ˍttt_t_ => y2ˍttt(t), _t334_y1ˍtttt_t_ => y1ˍtttt(t), _t334_y2ˍtttt_t_ => y2ˍtttt(t), _t334_y1ˍttttt_t_ => y1ˍttttt(t), _t334_y2ˍttttt_t_ => y2ˍttttt(t), _t334_y1ˍtttttt_t_ => y1ˍtttttt(t), _t334_y2ˍtttttt_t_ => y2ˍtttttt(t), _tpa_ => a, _tpnu_ => nu, _tpb_ => b)]
DEBUG [multipoint_parameter_estimation]: Evaluated ideal polynomial system with exact state and parameter values:
0.0
0.0
0.0
0.0
0.0
0.0
0.0
0.0
0.0
6.938893903907228e-18
0.0
0.0
1.3877787807814457e-17
1.0408340855860843e-17
2.7755575615628914e-17
-6.938893903907228e-18
0.0
0
0
0.0
0
0.0
DEBUG [multipoint_parameter_estimation]: Evaluated interpolated polynomial system with exact state and parameter values:
0.0
1.1723350068493232e-10
-8.140060882289024e-9
2.3987021349758386e-7
2.5126206550651897e-6
-0.00012066807205735053
-0.0005597928134098984
0.0
0.0
6.938893903907228e-18
0.0
0.0
1.3877787807814457e-17
1.0408340855860843e-17
2.7755575615628914e-17
-6.938893903907228e-18
0.0
0
0
0.0
0
0.0
and by the way the exact state values are: (at the time index 334)
OrderedDict{Any, Any}(S(t) => 0.5988047475315114, E(t) => 0.19856371588838256, In(t) => 0.3262961141782808, NN(t) => 0.684)
and by the way the exact parameter values are:
OrderedDict{Num, Float64}(a => 0.678, b => 0.793, nu => 0.88)
aa_system
Any[_t334_NN_t_ - 6160924290242839//9007199254740992, _t334_In_t_ - 2939014115395547//9007199254740992, _t334_Inˍt_t_ + 6700302373099731//144115188075855872, _t334_Inˍtt_t_ - 1388823408826655//18014398509481984, _t334_Inˍttt_t_ + 3534255897485953//18014398509481984, _t334_Inˍtttt_t_ - 3311443384279949//9007199254740992, _t334_Inˍttttt_t_ + 3088953200509889//4503599627370496, _tpa_*_t334_In_t_ - _tpnu_*_t334_E_t_ + _t334_Inˍt_t_, _tpa_*_t334_Inˍt_t_ - _tpnu_*_t334_Eˍt_t_ + _t334_Inˍtt_t_, _tpa_*_t334_Inˍtt_t_ - _tpnu_*_t334_Eˍtt_t_ + _t334_Inˍttt_t_, _tpa_*_t334_Inˍttt_t_ - _tpnu_*_t334_Eˍttt_t_ + _t334_Inˍtttt_t_, _tpa_*_t334_Inˍtttt_t_ - _tpnu_*_t334_Eˍtttt_t_ + _t334_Inˍttttt_t_, _tpnu_*_t334_E_t_*_t334_NN_t_ - _tpb_*_t334_S_t_*_t334_In_t_ + _t334_NN_t_*_t334_Eˍt_t_, _tpnu_*_t334_E_t_*_t334_NNˍt_t_ + _tpnu_*_t334_NN_t_*_t334_Eˍt_t_ - _tpb_*_t334_S_t_*_t334_Inˍt_t_ - _tpb_*_t334_In_t_*_t334_Sˍt_t_ + _t334_NN_t_*_t334_Eˍtt_t_ + _t334_Eˍt_t_*_t334_NNˍt_t_, _tpnu_*_t334_E_t_*_t334_NNˍtt_t_ + _tpnu_*_t334_NN_t_*_t334_Eˍtt_t_ + 2*_tpnu_*_t334_Eˍt_t_*_t334_NNˍt_t_ - _tpb_*_t334_S_t_*_t334_Inˍtt_t_ - _tpb_*_t334_In_t_*_t334_Sˍtt_t_ - 2*_tpb_*_t334_Inˍt_t_*_t334_Sˍt_t_ + _t334_NN_t_*_t334_Eˍttt_t_ + _t334_Eˍt_t_*_t334_NNˍtt_t_ + 2*_t334_Eˍtt_t_*_t334_NNˍt_t_, _tpnu_*_t334_E_t_*_t334_NNˍttt_t_ + _tpnu_*_t334_NN_t_*_t334_Eˍttt_t_ + 3*_tpnu_*_t334_Eˍt_t_*_t334_NNˍtt_t_ + 3*_tpnu_*_t334_Eˍtt_t_*_t334_NNˍt_t_ - _tpb_*_t334_S_t_*_t334_Inˍttt_t_ - _tpb_*_t334_In_t_*_t334_Sˍttt_t_ - 3*_tpb_*_t334_Inˍt_t_*_t334_Sˍtt_t_ - 3*_tpb_*_t334_Inˍtt_t_*_t334_Sˍt_t_ + _t334_NN_t_*_t334_Eˍtttt_t_ + _t334_Eˍt_t_*_t334_NNˍttt_t_ + 3*_t334_Eˍtt_t_*_t334_NNˍtt_t_ + 3*_t334_Eˍttt_t_*_t334_NNˍt_t_, _tpb_*_t334_S_t_*_t334_In_t_ + _t334_NN_t_*_t334_Sˍt_t_, _t334_NNˍt_t_, _t334_NNˍtt_t_, _tpb_*_t334_S_t_*_t334_Inˍt_t_ + _tpb_*_t334_In_t_*_t334_Sˍt_t_ + _t334_NN_t_*_t334_Sˍtt_t_ + _t334_Sˍt_t_*_t334_NNˍt_t_, _t334_NNˍttt_t_, _tpb_*_t334_S_t_*_t334_Inˍtt_t_ + _tpb_*_t334_In_t_*_t334_Sˍtt_t_ + 2*_tpb_*_t334_Inˍt_t_*_t334_Sˍt_t_ + _t334_NN_t_*_t334_Sˍttt_t_ + _t334_Sˍt_t_*_t334_NNˍtt_t_ + 2*_t334_NNˍt_t_*_t334_Sˍtt_t_]
R
Multivariate polynomial ring in 22 variables over rationals
primes of bitsize 28
G-Q-Pt-FG-LT-LP(C)
Dimension of the quotient :4
Degree of the radical :4
Use last variable as separating element
Separating form: [0, 0, 0, 0, 0, 0, 0, 0, 0, 0, 0, 0, 0, 0, 0, 0, 0, 0, 0, 0, 0, 1]
Run Groebner learn
Test cyclic optimization
Apply cyclic optimization 
Multi-modular computation (1 threads): G-Q-Pt-FG-LT-LP(C)
5-9-13-17-21-25-29-33-37-41-45-49-53-61-69-77-85-93-105-117-
check-G-Q-Pt-FG-LT-LP(C)
Nb Primes used :117
4-element Vector{Vector{MPFI.BigInterval}}:
 [[1.02561193254567609596, 1.02561193499087067256], [0.441751964469486671684, 0.441751965087907442101], [1.09422409262349164911, 1.09422409329121769631], [0.67959219920853947456, 0.679592199415084376917], [0.652312890923087774771, 0.652312891016152279061], [0.326296114048321079222, 0.326296114073773529401], [0.683999999986661343196, 0.684000000013338761609], [-0.0464926872914901869035, -0.0464926872905835312936], [0.0770951862805116031526, 0.07709518628126332119], [-0.196190613615785836405, -0.196190613614829356298], [0.367644068996576863089, 0.367644068997473043165], [-0.685885393039547304424, -0.685885393038711337115], [0.0665797409083287911237, 0.0665797409083682060976], [-0.265128125880808881965, -0.26512812588073196846], [0.376746789244283618875, 0.376746789244338892939], [-0.699091963604760351927, -0.699091963604709055612], [-0.354740242147945075382, -0.354740242147932208409], [0.0, 0.0], [0.0, 0.0], [0.235716394519581126372, 0.235716394519585332609], [0.0, 0.0], [-0.259625918716520924086, -0.259625918716518396404]]
 [[1.01255313368601239935, 1.01255313411329861092], [0.49153442779896404877, 0.491534427846494387064], [0.979256238633004287298, 0.979256238723246179003], [0.738466362975448856561, 0.738466363012805021354], [0.577577987416087418072, 0.577577987433505577434], [0.326296114059257993478, 0.326296114062836615144], [0.683999999998124626129, 0.684000000001875478676], [-0.0464926872911005971166, -0.0464926872909731210805], [0.0770951862808346162872, 0.0770951862809403080554], [-0.196190613615374837039, -0.196190613615240355664], [0.367644068996961951535, 0.367644068997087954719], [-0.685885393039188089406, -0.685885393039070552132], [0.061071754816376126909, 0.0610717548163818551319], [-0.240324246781834120943, -0.240324246781821892227], [0.343802262399993399644, 0.343802262400001757976], [-0.638055487169566338678, -0.638055487169558590644], [-0.344971220397981066824, -0.344971220397978830358], [0.0, 0.0], [0.0, 0.0], [0.210305376721017410387, 0.210305376721018119822], [0.0, 0.0], [-0.225674621262180309458, -0.225674621262180035073]]
 [[0.441751963394143288552, 0.441751966167405645059], [1.02561193220746745686, 1.0256119353774987437], [1.09422409213665461277, 1.09422409377983930449], [0.292714212153288875197, 0.292714212389275708028], [0.0952107312340614763278, 0.0952107312706917538743], [0.326296114029582932052, 0.32629611409251167657], [0.683999999967021371825, 0.68400000003297873298], [-0.0464926872921576686628, -0.0464926872899160495343], [0.0770951862799581867599, 0.0770951862818167375827], [-0.196190613616489999051, -0.196190613614125193651], [0.367644068995917093446, 0.367644068998132812808], [-0.685885393040162745282, -0.685885393038095896257], [0.0551445907155251860199, 0.0551445907156075426251], [-0.158084806015244154588, -0.15808480601512604569], [0.27395983870948120958, 0.273959838709583516157], [-0.510405433059843082703, -0.510405433059747781278], [-0.152793852912956557129, -0.152793852912941980248], [0.0, 0.0], [0.0, 0.0], [0.101527855693279940504, 0.101527855693284676038], [0.0, 0.0], [-0.111826175109330528551, -0.111826175109327882034]]
 [[0.491534426258528657315, 0.491534429462134264929], [1.01255313223034067269, 1.01255313557725688112], [0.979256237834963555439, 0.97925623950230106292], [0.358481573867629868142, 0.35848157415358580585], [0.112481096155078933334, 0.112481096201620154803], [0.3262961140272960312, 0.326296114094798577436], [0.68399999996462440766, 0.684000000035375697145], [-0.0464926872922391316042, -0.0464926872898345865929], [0.077095186279890644949, 0.0770951862818842793936], [-0.196190613616575938723, -0.19619061361403925398], [0.36764406899583657173, 0.367644068998213334525], [-0.685885393040237856884, -0.685885393038020784655], [0.0535699589664877213507, 0.0535699589665750509998], [-0.156333203698241098447, -0.156333203698113779522], [0.267847304902333737981, 0.267847304902442865559], [-0.498912757288435325728, -0.498912757288333690042], [-0.167463045406687764814, -0.167463045406671052704], [0.0, 0.0], [0.0, 0.0], [0.102090773863598363681, 0.102090773863603563653], [0.0, 0.0], [-0.109551629564822251496, -0.109551629564819498829]]
Vector{Any}
SOLNS: Any[[1.0256119337682734, 0.44175196477869705, 1.0942240929573546, 0.6795921993118119, 0.65231289096962, 0.3262961140610473, 0.684, -0.04649268729103686, 0.07709518628088746, -0.1961906136153076, 0.36764406899702495, -0.6858853930391293, 0.06657974090834849, -0.26512812588077045, 0.37674678924431126, -0.6990919636047347, -0.35474024214793864, 0.0, 0.0, 0.23571639451958323, 0.0, -0.25962591871651963], [1.0125531338996554, 0.4915344278227292, 0.9792562386781253, 0.7384663629941269, 0.5775779874247965, 0.3262961140610473, 0.684, -0.04649268729103686, 0.07709518628088746, -0.1961906136153076, 0.36764406899702495, -0.6858853930391293, 0.06107175481637899, -0.240324246781828, 0.34380226239999756, -0.6380554871695625, -0.34497122039797995, 0.0, 0.0, 0.21030537672101776, 0.0, -0.2256746212621802], [0.44175196478077444, 1.0256119337924832, 1.094224092958247, 0.2927142122712823, 0.09521073125237661, 0.3262961140610473, 0.684, -0.04649268729103686, 0.07709518628088746, -0.1961906136153076, 0.36764406899702495, -0.6858853930391293, 0.05514459071556636, -0.1580848060151851, 0.2739598387095324, -0.5104054330597955, -0.15279385291294928, 0.0, 0.0, 0.1015278556932823, 0.0, -0.11182617510932921], [0.49153442786033147, 1.0125531339037988, 0.9792562386686323, 0.3584815740106078, 0.11248109617834955, 0.3262961140610473, 0.684, -0.04649268729103686, 0.07709518628088746, -0.1961906136153076, 0.36764406899702495, -0.6858853930391293, 0.053569958966531384, -0.15633320369817744, 0.2678473049023883, -0.4989127572883845, -0.16746304540667942, 0.0, 0.0, 0.10209077386360096, 0.0, -0.10955162956482087]]
Vector{Float64}
SOLN 1: [1.0256119337682734, 0.44175196477869705, 1.0942240929573546, 0.6795921993118119, 0.65231289096962, 0.3262961140610473, 0.684, -0.04649268729103686, 0.07709518628088746, -0.1961906136153076, 0.36764406899702495, -0.6858853930391293, 0.06657974090834849, -0.26512812588077045, 0.37674678924431126, -0.6990919636047347, -0.35474024214793864, 0.0, 0.0, 0.23571639451958323, 0.0, -0.25962591871651963]
Vector{Float64}
SOLN 2: [1.0125531338996554, 0.4915344278227292, 0.9792562386781253, 0.7384663629941269, 0.5775779874247965, 0.3262961140610473, 0.684, -0.04649268729103686, 0.07709518628088746, -0.1961906136153076, 0.36764406899702495, -0.6858853930391293, 0.06107175481637899, -0.240324246781828, 0.34380226239999756, -0.6380554871695625, -0.34497122039797995, 0.0, 0.0, 0.21030537672101776, 0.0, -0.2256746212621802]
Vector{Float64}
SOLN 3: [0.44175196478077444, 1.0256119337924832, 1.094224092958247, 0.2927142122712823, 0.09521073125237661, 0.3262961140610473, 0.684, -0.04649268729103686, 0.07709518628088746, -0.1961906136153076, 0.36764406899702495, -0.6858853930391293, 0.05514459071556636, -0.1580848060151851, 0.2739598387095324, -0.5104054330597955, -0.15279385291294928, 0.0, 0.0, 0.1015278556932823, 0.0, -0.11182617510932921]
Vector{Float64}
SOLN 4: [0.49153442786033147, 1.0125531339037988, 0.9792562386686323, 0.3584815740106078, 0.11248109617834955, 0.3262961140610473, 0.684, -0.04649268729103686, 0.07709518628088746, -0.1961906136153076, 0.36764406899702495, -0.6858853930391293, 0.053569958966531384, -0.15633320369817744, 0.2678473049023883, -0.4989127572883845, -0.16746304540667942, 0.0, 0.0, 0.10209077386360096, 0.0, -0.10955162956482087]
DEBUG: Processing solution 1
DEBUG: Constructed initial conditions: [0.6795921993118119, 0.65231289096962, 0.3262961140610473, 0.684]
DEBUG: Constructed parameter values: [1.0256119337682734, 0.44175196477869705, 1.0942240929573546]
DEBUG: Parameter/IC mapping:
Dict("nu" => 0.44175196477869705, "NN(t)" => 0.684, "b" => 1.0942240929573546, "In(t)" => 0.3262961140610473, "S(t)" => 0.6795921993118119, "E(t)" => 0.65231289096962, "a" => 1.0256119337682734)
DEBUG: Processing solution 2
DEBUG: Constructed initial conditions: [0.7384663629941269, 0.5775779874247965, 0.3262961140610473, 0.684]
DEBUG: Constructed parameter values: [1.0125531338996554, 0.4915344278227292, 0.9792562386781253]
DEBUG: Parameter/IC mapping:
Dict("nu" => 0.4915344278227292, "NN(t)" => 0.684, "b" => 0.9792562386781253, "In(t)" => 0.3262961140610473, "S(t)" => 0.7384663629941269, "E(t)" => 0.5775779874247965, "a" => 1.0125531338996554)
DEBUG: Processing solution 3
DEBUG: Constructed initial conditions: [0.2927142122712823, 0.09521073125237661, 0.3262961140610473, 0.684]
DEBUG: Constructed parameter values: [0.44175196478077444, 1.0256119337924832, 1.094224092958247]
DEBUG: Parameter/IC mapping:
Dict("nu" => 1.0256119337924832, "NN(t)" => 0.684, "b" => 1.094224092958247, "In(t)" => 0.3262961140610473, "S(t)" => 0.2927142122712823, "E(t)" => 0.09521073125237661, "a" => 0.44175196478077444)
DEBUG: Processing solution 4
DEBUG: Constructed initial conditions: [0.3584815740106078, 0.11248109617834955, 0.3262961140610473, 0.684]
DEBUG: Constructed parameter values: [0.49153442786033147, 1.0125531339037988, 0.9792562386686323]
DEBUG: Parameter/IC mapping:
Dict("nu" => 1.0125531339037988, "NN(t)" => 0.684, "b" => 0.9792562386686323, "In(t)" => 0.3262961140610473, "S(t)" => 0.3584815740106078, "E(t)" => 0.11248109617834955, "a" => 0.49153442786033147)
DEBUG [determine_optimal_points_count]: Large num points: 1
DEBUG [determine_optimal_points_count]: Good num points: 1
DEBUG [multipoint_parameter_estimation]: Parameter estimation using this many points: 1
DEBUG [multipoint_parameter_estimation]: Ideal final target: 
-0.684 + _t445_NN_t_
-0.31755110168348705 + _t445_In_t_
0.03360537819295026 + _t445_Inˍt_t_
-0.041476993196275576 + _t445_Inˍtt_t_
0.1292161520553076 + _t445_Inˍttt_t_
-0.2449756903036333 + _t445_Inˍtttt_t_
0.43808394460448996 + _t445_Inˍttttt_t_
_t445_Inˍt_t_ - _t445_E_t_*_tpnu_ + _t445_In_t_*_tpa_
_t445_Inˍtt_t_ - _t445_Eˍt_t_*_tpnu_ + _t445_Inˍt_t_*_tpa_
_t445_Inˍttt_t_ - _t445_Eˍtt_t_*_tpnu_ + _t445_Inˍtt_t_*_tpa_
_t445_Inˍtttt_t_ - _t445_Eˍttt_t_*_tpnu_ + _t445_Inˍttt_t_*_tpa_
_t445_Inˍttttt_t_ - _t445_Eˍtttt_t_*_tpnu_ + _t445_Inˍtttt_t_*_tpa_
_t445_Eˍt_t_*_t445_NN_t_ + _t445_E_t_*_t445_NN_t_*_tpnu_ - _t445_In_t_*_t445_S_t_*_tpb_
_t445_Eˍt_t_*_t445_NNˍt_t_ + _t445_Eˍtt_t_*_t445_NN_t_ + _t445_E_t_*_t445_NNˍt_t_*_tpnu_ + _t445_Eˍt_t_*_t445_NN_t_*_tpnu_ - _t445_In_t_*_t445_Sˍt_t_*_tpb_ - _t445_Inˍt_t_*_t445_S_t_*_tpb_
_t445_Eˍt_t_*_t445_NNˍtt_t_ + 2_t445_Eˍtt_t_*_t445_NNˍt_t_ + _t445_Eˍttt_t_*_t445_NN_t_ + _t445_E_t_*_t445_NNˍtt_t_*_tpnu_ + 2_t445_Eˍt_t_*_t445_NNˍt_t_*_tpnu_ + _t445_Eˍtt_t_*_t445_NN_t_*_tpnu_ - _t445_In_t_*_t445_Sˍtt_t_*_tpb_ - 2_t445_Inˍt_t_*_t445_Sˍt_t_*_tpb_ - _t445_Inˍtt_t_*_t445_S_t_*_tpb_
_t445_Eˍt_t_*_t445_NNˍttt_t_ + 3_t445_Eˍtt_t_*_t445_NNˍtt_t_ + 3_t445_Eˍttt_t_*_t445_NNˍt_t_ + _t445_Eˍtttt_t_*_t445_NN_t_ + _t445_E_t_*_t445_NNˍttt_t_*_tpnu_ + 3_t445_Eˍt_t_*_t445_NNˍtt_t_*_tpnu_ + 3_t445_Eˍtt_t_*_t445_NNˍt_t_*_tpnu_ + _t445_Eˍttt_t_*_t445_NN_t_*_tpnu_ - _t445_In_t_*_t445_Sˍttt_t_*_tpb_ - 3_t445_Inˍt_t_*_t445_Sˍtt_t_*_tpb_ - 3_t445_Inˍtt_t_*_t445_Sˍt_t_*_tpb_ - _t445_Inˍttt_t_*_t445_S_t_*_tpb_
_t445_NN_t_*_t445_Sˍt_t_ + _t445_In_t_*_t445_S_t_*_tpb_
_t445_NNˍt_t_
_t445_NNˍtt_t_
_t445_NN_t_*_t445_Sˍtt_t_ + _t445_NNˍt_t_*_t445_Sˍt_t_ + _t445_In_t_*_t445_Sˍt_t_*_tpb_ + _t445_Inˍt_t_*_t445_S_t_*_tpb_
_t445_NNˍttt_t_
_t445_NN_t_*_t445_Sˍttt_t_ + 2_t445_NNˍt_t_*_t445_Sˍtt_t_ + _t445_NNˍtt_t_*_t445_Sˍt_t_ + _t445_In_t_*_t445_Sˍtt_t_*_tpb_ + 2_t445_Inˍt_t_*_t445_Sˍt_t_*_tpb_ + _t445_Inˍtt_t_*_t445_S_t_*_tpb_
DEBUG [but we are actually solving this: 
-0.684 + _t445_NN_t_
-0.3175511018550916 + _t445_In_t_
0.03360537300506979 + _t445_Inˍt_t_
-0.04147682663531531 + _t445_Inˍtt_t_
0.12921765315515718 + _t445_Inˍttt_t_
-0.24505580018730097 + _t445_Inˍtttt_t_
0.43760861446563354 + _t445_Inˍttttt_t_
_t445_Inˍt_t_ - _t445_E_t_*_tpnu_ + _t445_In_t_*_tpa_
_t445_Inˍtt_t_ - _t445_Eˍt_t_*_tpnu_ + _t445_Inˍt_t_*_tpa_
_t445_Inˍttt_t_ - _t445_Eˍtt_t_*_tpnu_ + _t445_Inˍtt_t_*_tpa_
_t445_Inˍtttt_t_ - _t445_Eˍttt_t_*_tpnu_ + _t445_Inˍttt_t_*_tpa_
_t445_Inˍttttt_t_ - _t445_Eˍtttt_t_*_tpnu_ + _t445_Inˍtttt_t_*_tpa_
_t445_Eˍt_t_*_t445_NN_t_ + _t445_E_t_*_t445_NN_t_*_tpnu_ - _t445_In_t_*_t445_S_t_*_tpb_
_t445_Eˍt_t_*_t445_NNˍt_t_ + _t445_Eˍtt_t_*_t445_NN_t_ + _t445_E_t_*_t445_NNˍt_t_*_tpnu_ + _t445_Eˍt_t_*_t445_NN_t_*_tpnu_ - _t445_In_t_*_t445_Sˍt_t_*_tpb_ - _t445_Inˍt_t_*_t445_S_t_*_tpb_
_t445_Eˍt_t_*_t445_NNˍtt_t_ + 2_t445_Eˍtt_t_*_t445_NNˍt_t_ + _t445_Eˍttt_t_*_t445_NN_t_ + _t445_E_t_*_t445_NNˍtt_t_*_tpnu_ + 2_t445_Eˍt_t_*_t445_NNˍt_t_*_tpnu_ + _t445_Eˍtt_t_*_t445_NN_t_*_tpnu_ - _t445_In_t_*_t445_Sˍtt_t_*_tpb_ - 2_t445_Inˍt_t_*_t445_Sˍt_t_*_tpb_ - _t445_Inˍtt_t_*_t445_S_t_*_tpb_
_t445_Eˍt_t_*_t445_NNˍttt_t_ + 3_t445_Eˍtt_t_*_t445_NNˍtt_t_ + 3_t445_Eˍttt_t_*_t445_NNˍt_t_ + _t445_Eˍtttt_t_*_t445_NN_t_ + _t445_E_t_*_t445_NNˍttt_t_*_tpnu_ + 3_t445_Eˍt_t_*_t445_NNˍtt_t_*_tpnu_ + 3_t445_Eˍtt_t_*_t445_NNˍt_t_*_tpnu_ + _t445_Eˍttt_t_*_t445_NN_t_*_tpnu_ - _t445_In_t_*_t445_Sˍttt_t_*_tpb_ - 3_t445_Inˍt_t_*_t445_Sˍtt_t_*_tpb_ - 3_t445_Inˍtt_t_*_t445_Sˍt_t_*_tpb_ - _t445_Inˍttt_t_*_t445_S_t_*_tpb_
_t445_NN_t_*_t445_Sˍt_t_ + _t445_In_t_*_t445_S_t_*_tpb_
_t445_NNˍt_t_
_t445_NNˍtt_t_
_t445_NN_t_*_t445_Sˍtt_t_ + _t445_NNˍt_t_*_t445_Sˍt_t_ + _t445_In_t_*_t445_Sˍt_t_*_tpb_ + _t445_Inˍt_t_*_t445_S_t_*_tpb_
_t445_NNˍttt_t_
_t445_NN_t_*_t445_Sˍttt_t_ + 2_t445_NNˍt_t_*_t445_Sˍtt_t_ + _t445_NNˍtt_t_*_t445_Sˍt_t_ + _t445_In_t_*_t445_Sˍtt_t_*_tpb_ + 2_t445_Inˍt_t_*_t445_Sˍt_t_*_tpb_ + _t445_Inˍtt_t_*_t445_S_t_*_tpb_
As a reminder the true parameter values are: 
OrderedDict{Num, Float64}(a => 0.678, b => 0.793, nu => 0.88)
And the true states are: 
OrderedDict{Num, Float64}(S(t) => 0.785, E(t) => 0.109, In(t) => 0.388, NN(t) => 0.684)
The forward substitution dictionary is: 
Any[OrderedDict{Num, Any}(Sˍt(t) => _t445_Sˍt_t_, Eˍt(t) => _t445_Eˍt_t_, Inˍt(t) => _t445_Inˍt_t_, NNˍt(t) => _t445_NNˍt_t_, Sˍtt(t) => _t445_Sˍtt_t_, Eˍtt(t) => _t445_Eˍtt_t_, Inˍtt(t) => _t445_Inˍtt_t_, NNˍtt(t) => _t445_NNˍtt_t_, Sˍttt(t) => _t445_Sˍttt_t_, Eˍttt(t) => _t445_Eˍttt_t_, Inˍttt(t) => _t445_Inˍttt_t_, NNˍttt(t) => _t445_NNˍttt_t_, Sˍtttt(t) => _t445_Sˍtttt_t_, Eˍtttt(t) => _t445_Eˍtttt_t_, Inˍtttt(t) => _t445_Inˍtttt_t_, NNˍtttt(t) => _t445_NNˍtttt_t_, Sˍttttt(t) => _t445_Sˍttttt_t_, Eˍttttt(t) => _t445_Eˍttttt_t_, Inˍttttt(t) => _t445_Inˍttttt_t_, NNˍttttt(t) => _t445_NNˍttttt_t_, Sˍtttttt(t) => _t445_Sˍtttttt_t_, Eˍtttttt(t) => _t445_Eˍtttttt_t_, Inˍtttttt(t) => _t445_Inˍtttttt_t_, NNˍtttttt(t) => _t445_NNˍtttttt_t_, S(t) => _t445_S_t_, E(t) => _t445_E_t_, In(t) => _t445_In_t_, NN(t) => _t445_NN_t_, y1(t) => _t445_y1_t_, y2(t) => _t445_y2_t_, y1ˍt(t) => _t445_y1ˍt_t_, y2ˍt(t) => _t445_y2ˍt_t_, y1ˍtt(t) => _t445_y1ˍtt_t_, y2ˍtt(t) => _t445_y2ˍtt_t_, y1ˍttt(t) => _t445_y1ˍttt_t_, y2ˍttt(t) => _t445_y2ˍttt_t_, y1ˍtttt(t) => _t445_y1ˍtttt_t_, y2ˍtttt(t) => _t445_y2ˍtttt_t_, y1ˍttttt(t) => _t445_y1ˍttttt_t_, y2ˍttttt(t) => _t445_y2ˍttttt_t_, y1ˍtttttt(t) => _t445_y1ˍtttttt_t_, y2ˍtttttt(t) => _t445_y2ˍtttttt_t_, a => _tpa_, nu => _tpnu_, b => _tpb_)]
The reverse substitution dictionary is: 
Any[OrderedDict{Any, Any}(_t445_Sˍt_t_ => Sˍt(t), _t445_Eˍt_t_ => Eˍt(t), _t445_Inˍt_t_ => Inˍt(t), _t445_NNˍt_t_ => NNˍt(t), _t445_Sˍtt_t_ => Sˍtt(t), _t445_Eˍtt_t_ => Eˍtt(t), _t445_Inˍtt_t_ => Inˍtt(t), _t445_NNˍtt_t_ => NNˍtt(t), _t445_Sˍttt_t_ => Sˍttt(t), _t445_Eˍttt_t_ => Eˍttt(t), _t445_Inˍttt_t_ => Inˍttt(t), _t445_NNˍttt_t_ => NNˍttt(t), _t445_Sˍtttt_t_ => Sˍtttt(t), _t445_Eˍtttt_t_ => Eˍtttt(t), _t445_Inˍtttt_t_ => Inˍtttt(t), _t445_NNˍtttt_t_ => NNˍtttt(t), _t445_Sˍttttt_t_ => Sˍttttt(t), _t445_Eˍttttt_t_ => Eˍttttt(t), _t445_Inˍttttt_t_ => Inˍttttt(t), _t445_NNˍttttt_t_ => NNˍttttt(t), _t445_Sˍtttttt_t_ => Sˍtttttt(t), _t445_Eˍtttttt_t_ => Eˍtttttt(t), _t445_Inˍtttttt_t_ => Inˍtttttt(t), _t445_NNˍtttttt_t_ => NNˍtttttt(t), _t445_S_t_ => S(t), _t445_E_t_ => E(t), _t445_In_t_ => In(t), _t445_NN_t_ => NN(t), _t445_y1_t_ => y1(t), _t445_y2_t_ => y2(t), _t445_y1ˍt_t_ => y1ˍt(t), _t445_y2ˍt_t_ => y2ˍt(t), _t445_y1ˍtt_t_ => y1ˍtt(t), _t445_y2ˍtt_t_ => y2ˍtt(t), _t445_y1ˍttt_t_ => y1ˍttt(t), _t445_y2ˍttt_t_ => y2ˍttt(t), _t445_y1ˍtttt_t_ => y1ˍtttt(t), _t445_y2ˍtttt_t_ => y2ˍtttt(t), _t445_y1ˍttttt_t_ => y1ˍttttt(t), _t445_y2ˍttttt_t_ => y2ˍttttt(t), _t445_y1ˍtttttt_t_ => y1ˍtttttt(t), _t445_y2ˍtttttt_t_ => y2ˍtttttt(t), _tpa_ => a, _tpnu_ => nu, _tpb_ => b)]
DEBUG [multipoint_parameter_estimation]: Evaluated ideal polynomial system with exact state and parameter values:
0.0
0.0
0.0
0.0
-2.7755575615628914e-17
5.551115123125783e-17
-1.1102230246251565e-16
0.0
0.0
-6.938893903907228e-18
0.0
-2.7755575615628914e-17
0.0
0.0
-3.469446951953614e-18
6.938893903907228e-18
0.0
0
0
0.0
0
6.938893903907228e-18
DEBUG [multipoint_parameter_estimation]: Evaluated interpolated polynomial system with exact state and parameter values:
0.0
-1.7160456389220258e-10
-5.187880465495898e-9
1.6656096026718137e-7
1.5010998495601502e-6
-8.010988366760619e-5
-0.0004753301388565334
0.0
0.0
-6.938893903907228e-18
0.0
-2.7755575615628914e-17
0.0
0.0
-3.469446951953614e-18
6.938893903907228e-18
0.0
0
0
0.0
0
6.938893903907228e-18
and by the way the exact state values are: (at the time index 445)
OrderedDict{Any, Any}(S(t) => 0.551223795011715, E(t) => 0.206470759941425, In(t) => 0.31755110168348705, NN(t) => 0.684)
and by the way the exact parameter values are:
OrderedDict{Num, Float64}(a => 0.678, b => 0.793, nu => 0.88)
aa_system
Any[_t445_NN_t_ - 6160924290242839//9007199254740992, _t445_In_t_ - 1430123023985681//4503599627370496, _t445_Inˍt_t_ + 4843044650984923//144115188075855872, _t445_Inˍtt_t_ - 2988720335669067//72057594037927936, _t445_Inˍttt_t_ + 4655556596794047//36028797018963968, _t445_Inˍtttt_t_ - 8829065683268059//36028797018963968, _t445_Inˍttttt_t_ + 7883255972166185//18014398509481984, _tpa_*_t445_In_t_ - _tpnu_*_t445_E_t_ + _t445_Inˍt_t_, _tpa_*_t445_Inˍt_t_ - _tpnu_*_t445_Eˍt_t_ + _t445_Inˍtt_t_, _tpa_*_t445_Inˍtt_t_ - _tpnu_*_t445_Eˍtt_t_ + _t445_Inˍttt_t_, _tpa_*_t445_Inˍttt_t_ - _tpnu_*_t445_Eˍttt_t_ + _t445_Inˍtttt_t_, _tpa_*_t445_Inˍtttt_t_ - _tpnu_*_t445_Eˍtttt_t_ + _t445_Inˍttttt_t_, _tpnu_*_t445_E_t_*_t445_NN_t_ - _tpb_*_t445_S_t_*_t445_In_t_ + _t445_NN_t_*_t445_Eˍt_t_, _tpnu_*_t445_E_t_*_t445_NNˍt_t_ + _tpnu_*_t445_NN_t_*_t445_Eˍt_t_ - _tpb_*_t445_S_t_*_t445_Inˍt_t_ - _tpb_*_t445_In_t_*_t445_Sˍt_t_ + _t445_NN_t_*_t445_Eˍtt_t_ + _t445_Eˍt_t_*_t445_NNˍt_t_, _tpnu_*_t445_E_t_*_t445_NNˍtt_t_ + _tpnu_*_t445_NN_t_*_t445_Eˍtt_t_ + 2*_tpnu_*_t445_Eˍt_t_*_t445_NNˍt_t_ - _tpb_*_t445_S_t_*_t445_Inˍtt_t_ - _tpb_*_t445_In_t_*_t445_Sˍtt_t_ - 2*_tpb_*_t445_Inˍt_t_*_t445_Sˍt_t_ + _t445_NN_t_*_t445_Eˍttt_t_ + _t445_Eˍt_t_*_t445_NNˍtt_t_ + 2*_t445_Eˍtt_t_*_t445_NNˍt_t_, _tpnu_*_t445_E_t_*_t445_NNˍttt_t_ + _tpnu_*_t445_NN_t_*_t445_Eˍttt_t_ + 3*_tpnu_*_t445_Eˍt_t_*_t445_NNˍtt_t_ + 3*_tpnu_*_t445_Eˍtt_t_*_t445_NNˍt_t_ - _tpb_*_t445_S_t_*_t445_Inˍttt_t_ - _tpb_*_t445_In_t_*_t445_Sˍttt_t_ - 3*_tpb_*_t445_Inˍt_t_*_t445_Sˍtt_t_ - 3*_tpb_*_t445_Inˍtt_t_*_t445_Sˍt_t_ + _t445_NN_t_*_t445_Eˍtttt_t_ + _t445_Eˍt_t_*_t445_NNˍttt_t_ + 3*_t445_Eˍtt_t_*_t445_NNˍtt_t_ + 3*_t445_Eˍttt_t_*_t445_NNˍt_t_, _tpb_*_t445_S_t_*_t445_In_t_ + _t445_NN_t_*_t445_Sˍt_t_, _t445_NNˍt_t_, _t445_NNˍtt_t_, _tpb_*_t445_S_t_*_t445_Inˍt_t_ + _tpb_*_t445_In_t_*_t445_Sˍt_t_ + _t445_NN_t_*_t445_Sˍtt_t_ + _t445_Sˍt_t_*_t445_NNˍt_t_, _t445_NNˍttt_t_, _tpb_*_t445_S_t_*_t445_Inˍtt_t_ + _tpb_*_t445_In_t_*_t445_Sˍtt_t_ + 2*_tpb_*_t445_Inˍt_t_*_t445_Sˍt_t_ + _t445_NN_t_*_t445_Sˍttt_t_ + _t445_Sˍt_t_*_t445_NNˍtt_t_ + 2*_t445_NNˍt_t_*_t445_Sˍtt_t_]
R
Multivariate polynomial ring in 22 variables over rationals
primes of bitsize 28
G-Q-Pt-FG-LT-LP(C)
Dimension of the quotient :4
Degree of the radical :4
Use last variable as separating element
Separating form: [0, 0, 0, 0, 0, 0, 0, 0, 0, 0, 0, 0, 0, 0, 0, 0, 0, 0, 0, 0, 0, 1]
Run Groebner learn
Test cyclic optimization
Apply cyclic optimization 
Multi-modular computation (1 threads): G-Q-Pt-FG-LT-LP(C)
5-9-13-17-21-25-29-33-37-41-45-49-53-61-69-77-85-93-105-117-
check-G-Q-Pt-FG-LT-LP(C)
Nb Primes used :117
4-element Vector{Vector{MPFI.BigInterval}}:
 [[0.6358393074409767764, 0.635839308132243209953], [0.404399880425380747466, 0.404399880688655507477], [2.08582021602654837521, 2.08582021655651691421], [0.225157359212720388508, 0.225157359249179614785], [0.416187313292174715113, 0.416187313317691836624], [0.31755110184962570507, 0.31755110186055751676], [0.683999999994113315477, 0.684000000005886789328], [-0.0336053730052144023335, -0.0336053730049251830489], [0.041476826635226067742, 0.0414768266354045495915], [-0.129217653155296191928, -0.129217653155018169139], [0.245055800187169155973, 0.245055800187432785193], [-0.437608614465751232639, -0.437608614465515844568], [0.0497260520910923234227, 0.0497260520911044453468], [-0.254315249249717368967, -0.254315249249686564954], [0.402804612183038109619, 0.402804612183062551723], [-0.696816486995476380706, -0.696816486995455231337], [-0.218032151877511680089, -0.218032151877508137845], [0.0, 0.0], [0.0, 0.0], [0.234206039723951467197, 0.234206039723953221091], [0.0, 0.0], [-0.299959555765016170015, -0.299959555765014853956]]
 [[0.404399880437157891125, 0.404399880628005415053], [0.635839307723206898594, 0.635839307852176320297], [2.08582021621095545141, 2.08582021634779528427], [0.1432022337338863532, 0.143202233748889850213], [0.149113547228387990961, 0.149113547232322368544], [0.317551101853326304101, 0.317551101856856917728], [0.683999999998098831062, 0.684000000001901273743], [-0.0336053730051164968242, -0.0336053730050230885583], [0.0414768266352864867986, 0.0414768266353441305349], [-0.12921765315520207662, -0.129217653155112284447], [0.245055800187258398822, 0.245055800187343542344], [-0.437608614465671549892, -0.437608614465595527316], [0.0438582790724782955606, 0.0438582790724810592614], [-0.17684409887959374294, -0.17684409887958752084], [0.30322157552170365964, 0.303221575521708793039], [-0.532379917370872821173, -0.532379917370868346128], [-0.138670533725395780957, -0.138670533725394865918], [0.0, 0.0], [0.0, 0.0], [0.148957281073285870925, 0.148957281073286196159], [0.0, 0.0], [-0.190777146103367064149, -0.190777146103366777459]]
 [[0.934745593092222446934, 0.934745593193604165899], [0.611230526195166486896, 0.611230526244668892624], [0.834153334228149238562, 0.834153334248844706227], [0.722226271740176887083, 0.722226271751603091331], [0.430646227179079717294, 0.43064622718131797524], [0.317551101854555829968, 0.317551101855627391861], [0.683999999999423020599, 0.684000000000577084206], [-0.033605373005083967669, -0.0336053730050556177134], [0.041476826635306561061, 0.0414768266353240562724], [-0.129217653155170806759, -0.129217653155143554308], [0.2450558001872880498, 0.245055800187313891366], [-0.43760861446564507526, -0.437608614465622001947], [0.0164657226386158279914, 0.0164657226386161632699], [-0.147975875485838996835, -0.147975875485837882282], [0.203311456176614506289, 0.203311456176615179003], [-0.341186796507104301817, -0.341186796507103723774], [-0.279689842690281378939, -0.279689842690280936882], [0.0, 0.0], [0.0, 0.0], [0.137911523172937009168, 0.137911523172937070662], [0.0, 0.0], [-0.112864083936372923065, -0.112864083936372862695]]
 [[0.61123052602533964385, 0.611230526392502840534], [0.934745593022646472693, 0.934745593260993725001], [0.834153334170149335776, 0.834153334301962636881], [0.472264054890700890122, 0.472264054924968638442], [0.17169543804783549447, 0.17169543805556775906], [0.317551101852306700104, 0.317551101857876521726], [0.683999999997000725704, 0.684000000002999379101], [-0.0336053730051434721452, -0.0336053730049961132372], [0.0414768266352698398958, 0.0414768266353607774377], [-0.129217653155228007646, -0.129217653155086353421], [0.245055800187233810276, 0.24505580018736813089], [-0.437608614465693504403, -0.437608614465573572805], [0.0223977486102925407439, 0.0223977486102957453152], [-0.111116598299138757931, -0.111116598299130194973], [0.177667621298629622863, 0.177667621298636314484], [-0.307915898054681407825, -0.307915898054675635044], [-0.182889302692068109531, -0.182889302692066417979], [0.0, 0.0], [0.0, 0.0], [0.090180401489337726497, 0.0901804014893381782095], [0.0, 0.0], [-0.0738018707134818304405, -0.0738018707134816862958]]
Vector{Any}
SOLNS: Any[[0.63583930778661, 0.40439988055701814, 2.0858202162915327, 0.22515735923095, 0.41618731330493325, 0.3175511018550916, 0.684, -0.03360537300506979, 0.04147682663531531, -0.12921765315515718, 0.24505580018730097, -0.43760861446563354, 0.049726052091098386, -0.25431524924970195, 0.4028046121830503, -0.6968164869954658, -0.2180321518775099, 0.0, 0.0, 0.23420603972395235, 0.0, -0.29995955576501554], [0.40439988053258163, 0.6358393077876916, 2.0858202162793753, 0.1432022337413881, 0.1491135472303552, 0.3175511018550916, 0.684, -0.03360537300506979, 0.04147682663531531, -0.12921765315515718, 0.24505580018730097, -0.43760861446563354, 0.043858279072479675, -0.17684409887959063, 0.3032215755217062, -0.5323799173708705, -0.1386705337253953, 0.0, 0.0, 0.14895728107328604, 0.0, -0.19077714610336693], [0.9347455931429133, 0.6112305262199177, 0.834153334238497, 0.7222262717458899, 0.43064622718019885, 0.3175511018550916, 0.684, -0.03360537300506979, 0.04147682663531531, -0.12921765315515718, 0.24505580018730097, -0.43760861446563354, 0.016465722638615995, -0.14797587548583843, 0.20331145617661484, -0.34118679650710404, -0.27968984269028113, 0.0, 0.0, 0.13791152317293703, 0.0, -0.1128640839363729], [0.6112305262089213, 0.9347455931418202, 0.834153334236056, 0.47226405490783474, 0.17169543805170162, 0.3175511018550916, 0.684, -0.03360537300506979, 0.04147682663531531, -0.12921765315515718, 0.24505580018730097, -0.43760861446563354, 0.022397748610294144, -0.11111659829913448, 0.17766762129863298, -0.3079158980546785, -0.18288930269206727, 0.0, 0.0, 0.09018040148933795, 0.0, -0.07380187071348177]]
Vector{Float64}
SOLN 1: [0.63583930778661, 0.40439988055701814, 2.0858202162915327, 0.22515735923095, 0.41618731330493325, 0.3175511018550916, 0.684, -0.03360537300506979, 0.04147682663531531, -0.12921765315515718, 0.24505580018730097, -0.43760861446563354, 0.049726052091098386, -0.25431524924970195, 0.4028046121830503, -0.6968164869954658, -0.2180321518775099, 0.0, 0.0, 0.23420603972395235, 0.0, -0.29995955576501554]
Vector{Float64}
SOLN 2: [0.40439988053258163, 0.6358393077876916, 2.0858202162793753, 0.1432022337413881, 0.1491135472303552, 0.3175511018550916, 0.684, -0.03360537300506979, 0.04147682663531531, -0.12921765315515718, 0.24505580018730097, -0.43760861446563354, 0.043858279072479675, -0.17684409887959063, 0.3032215755217062, -0.5323799173708705, -0.1386705337253953, 0.0, 0.0, 0.14895728107328604, 0.0, -0.19077714610336693]
Vector{Float64}
SOLN 3: [0.9347455931429133, 0.6112305262199177, 0.834153334238497, 0.7222262717458899, 0.43064622718019885, 0.3175511018550916, 0.684, -0.03360537300506979, 0.04147682663531531, -0.12921765315515718, 0.24505580018730097, -0.43760861446563354, 0.016465722638615995, -0.14797587548583843, 0.20331145617661484, -0.34118679650710404, -0.27968984269028113, 0.0, 0.0, 0.13791152317293703, 0.0, -0.1128640839363729]
Vector{Float64}
SOLN 4: [0.6112305262089213, 0.9347455931418202, 0.834153334236056, 0.47226405490783474, 0.17169543805170162, 0.3175511018550916, 0.684, -0.03360537300506979, 0.04147682663531531, -0.12921765315515718, 0.24505580018730097, -0.43760861446563354, 0.022397748610294144, -0.11111659829913448, 0.17766762129863298, -0.3079158980546785, -0.18288930269206727, 0.0, 0.0, 0.09018040148933795, 0.0, -0.07380187071348177]
DEBUG: Processing solution 1
DEBUG: Constructed initial conditions: [0.22515735923095, 0.41618731330493325, 0.3175511018550916, 0.684]
DEBUG: Constructed parameter values: [0.63583930778661, 0.40439988055701814, 2.0858202162915327]
DEBUG: Parameter/IC mapping:
Dict("nu" => 0.40439988055701814, "NN(t)" => 0.684, "b" => 2.0858202162915327, "In(t)" => 0.3175511018550916, "S(t)" => 0.22515735923095, "E(t)" => 0.41618731330493325, "a" => 0.63583930778661)
DEBUG: Processing solution 2
DEBUG: Constructed initial conditions: [0.1432022337413881, 0.1491135472303552, 0.3175511018550916, 0.684]
DEBUG: Constructed parameter values: [0.40439988053258163, 0.6358393077876916, 2.0858202162793753]
DEBUG: Parameter/IC mapping:
Dict("nu" => 0.6358393077876916, "NN(t)" => 0.684, "b" => 2.0858202162793753, "In(t)" => 0.3175511018550916, "S(t)" => 0.1432022337413881, "E(t)" => 0.1491135472303552, "a" => 0.40439988053258163)
DEBUG: Processing solution 3
DEBUG: Constructed initial conditions: [0.7222262717458899, 0.43064622718019885, 0.3175511018550916, 0.684]
DEBUG: Constructed parameter values: [0.9347455931429133, 0.6112305262199177, 0.834153334238497]
DEBUG: Parameter/IC mapping:
Dict("nu" => 0.6112305262199177, "NN(t)" => 0.684, "b" => 0.834153334238497, "In(t)" => 0.3175511018550916, "S(t)" => 0.7222262717458899, "E(t)" => 0.43064622718019885, "a" => 0.9347455931429133)
DEBUG: Processing solution 4
DEBUG: Constructed initial conditions: [0.47226405490783474, 0.17169543805170162, 0.3175511018550916, 0.684]
DEBUG: Constructed parameter values: [0.6112305262089213, 0.9347455931418202, 0.834153334236056]
DEBUG: Parameter/IC mapping:
Dict("nu" => 0.9347455931418202, "NN(t)" => 0.684, "b" => 0.834153334236056, "In(t)" => 0.3175511018550916, "S(t)" => 0.47226405490783474, "E(t)" => 0.17169543805170162, "a" => 0.6112305262089213)
DEBUG [determine_optimal_points_count]: Large num points: 1
DEBUG [determine_optimal_points_count]: Good num points: 1
DEBUG [multipoint_parameter_estimation]: Parameter estimation using this many points: 1
DEBUG [multipoint_parameter_estimation]: Ideal final target: 
-0.684 + _t556_NN_t_
-0.31090011578065874 + _t556_In_t_
0.02717565525656862 + _t556_Inˍt_t_
-0.018108611583520312 + _t556_Inˍtt_t_
0.08422199246229756 + _t556_Inˍttt_t_
-0.16600049545257584 + _t556_Inˍtttt_t_
0.2854795331235865 + _t556_Inˍttttt_t_
_t556_Inˍt_t_ - _t556_E_t_*_tpnu_ + _t556_In_t_*_tpa_
_t556_Inˍtt_t_ - _t556_Eˍt_t_*_tpnu_ + _t556_Inˍt_t_*_tpa_
_t556_Inˍttt_t_ - _t556_Eˍtt_t_*_tpnu_ + _t556_Inˍtt_t_*_tpa_
_t556_Inˍtttt_t_ - _t556_Eˍttt_t_*_tpnu_ + _t556_Inˍttt_t_*_tpa_
_t556_Inˍttttt_t_ - _t556_Eˍtttt_t_*_tpnu_ + _t556_Inˍtttt_t_*_tpa_
_t556_Eˍt_t_*_t556_NN_t_ + _t556_E_t_*_t556_NN_t_*_tpnu_ - _t556_In_t_*_t556_S_t_*_tpb_
_t556_Eˍt_t_*_t556_NNˍt_t_ + _t556_Eˍtt_t_*_t556_NN_t_ + _t556_E_t_*_t556_NNˍt_t_*_tpnu_ + _t556_Eˍt_t_*_t556_NN_t_*_tpnu_ - _t556_In_t_*_t556_Sˍt_t_*_tpb_ - _t556_Inˍt_t_*_t556_S_t_*_tpb_
_t556_Eˍt_t_*_t556_NNˍtt_t_ + 2_t556_Eˍtt_t_*_t556_NNˍt_t_ + _t556_Eˍttt_t_*_t556_NN_t_ + _t556_E_t_*_t556_NNˍtt_t_*_tpnu_ + 2_t556_Eˍt_t_*_t556_NNˍt_t_*_tpnu_ + _t556_Eˍtt_t_*_t556_NN_t_*_tpnu_ - _t556_In_t_*_t556_Sˍtt_t_*_tpb_ - 2_t556_Inˍt_t_*_t556_Sˍt_t_*_tpb_ - _t556_Inˍtt_t_*_t556_S_t_*_tpb_
_t556_Eˍt_t_*_t556_NNˍttt_t_ + 3_t556_Eˍtt_t_*_t556_NNˍtt_t_ + 3_t556_Eˍttt_t_*_t556_NNˍt_t_ + _t556_Eˍtttt_t_*_t556_NN_t_ + _t556_E_t_*_t556_NNˍttt_t_*_tpnu_ + 3_t556_Eˍt_t_*_t556_NNˍtt_t_*_tpnu_ + 3_t556_Eˍtt_t_*_t556_NNˍt_t_*_tpnu_ + _t556_Eˍttt_t_*_t556_NN_t_*_tpnu_ - _t556_In_t_*_t556_Sˍttt_t_*_tpb_ - 3_t556_Inˍt_t_*_t556_Sˍtt_t_*_tpb_ - 3_t556_Inˍtt_t_*_t556_Sˍt_t_*_tpb_ - _t556_Inˍttt_t_*_t556_S_t_*_tpb_
_t556_NN_t_*_t556_Sˍt_t_ + _t556_In_t_*_t556_S_t_*_tpb_
_t556_NNˍt_t_
_t556_NNˍtt_t_
_t556_NN_t_*_t556_Sˍtt_t_ + _t556_NNˍt_t_*_t556_Sˍt_t_ + _t556_In_t_*_t556_Sˍt_t_*_tpb_ + _t556_Inˍt_t_*_t556_S_t_*_tpb_
_t556_NNˍttt_t_
_t556_NN_t_*_t556_Sˍttt_t_ + 2_t556_NNˍt_t_*_t556_Sˍtt_t_ + _t556_NNˍtt_t_*_t556_Sˍt_t_ + _t556_In_t_*_t556_Sˍtt_t_*_tpb_ + 2_t556_Inˍt_t_*_t556_Sˍt_t_*_tpb_ + _t556_Inˍtt_t_*_t556_S_t_*_tpb_
DEBUG [but we are actually solving this: 
-0.684 + _t556_NN_t_
-0.31090011584252647 + _t556_In_t_
0.027175649950568762 + _t556_Inˍt_t_
-0.018108654567600604 + _t556_Inˍtt_t_
0.08422431366925351 + _t556_Inˍttt_t_
-0.16598336966025842 + _t556_Inˍtttt_t_
0.2843636093434196 + _t556_Inˍttttt_t_
_t556_Inˍt_t_ - _t556_E_t_*_tpnu_ + _t556_In_t_*_tpa_
_t556_Inˍtt_t_ - _t556_Eˍt_t_*_tpnu_ + _t556_Inˍt_t_*_tpa_
_t556_Inˍttt_t_ - _t556_Eˍtt_t_*_tpnu_ + _t556_Inˍtt_t_*_tpa_
_t556_Inˍtttt_t_ - _t556_Eˍttt_t_*_tpnu_ + _t556_Inˍttt_t_*_tpa_
_t556_Inˍttttt_t_ - _t556_Eˍtttt_t_*_tpnu_ + _t556_Inˍtttt_t_*_tpa_
_t556_Eˍt_t_*_t556_NN_t_ + _t556_E_t_*_t556_NN_t_*_tpnu_ - _t556_In_t_*_t556_S_t_*_tpb_
_t556_Eˍt_t_*_t556_NNˍt_t_ + _t556_Eˍtt_t_*_t556_NN_t_ + _t556_E_t_*_t556_NNˍt_t_*_tpnu_ + _t556_Eˍt_t_*_t556_NN_t_*_tpnu_ - _t556_In_t_*_t556_Sˍt_t_*_tpb_ - _t556_Inˍt_t_*_t556_S_t_*_tpb_
_t556_Eˍt_t_*_t556_NNˍtt_t_ + 2_t556_Eˍtt_t_*_t556_NNˍt_t_ + _t556_Eˍttt_t_*_t556_NN_t_ + _t556_E_t_*_t556_NNˍtt_t_*_tpnu_ + 2_t556_Eˍt_t_*_t556_NNˍt_t_*_tpnu_ + _t556_Eˍtt_t_*_t556_NN_t_*_tpnu_ - _t556_In_t_*_t556_Sˍtt_t_*_tpb_ - 2_t556_Inˍt_t_*_t556_Sˍt_t_*_tpb_ - _t556_Inˍtt_t_*_t556_S_t_*_tpb_
_t556_Eˍt_t_*_t556_NNˍttt_t_ + 3_t556_Eˍtt_t_*_t556_NNˍtt_t_ + 3_t556_Eˍttt_t_*_t556_NNˍt_t_ + _t556_Eˍtttt_t_*_t556_NN_t_ + _t556_E_t_*_t556_NNˍttt_t_*_tpnu_ + 3_t556_Eˍt_t_*_t556_NNˍtt_t_*_tpnu_ + 3_t556_Eˍtt_t_*_t556_NNˍt_t_*_tpnu_ + _t556_Eˍttt_t_*_t556_NN_t_*_tpnu_ - _t556_In_t_*_t556_Sˍttt_t_*_tpb_ - 3_t556_Inˍt_t_*_t556_Sˍtt_t_*_tpb_ - 3_t556_Inˍtt_t_*_t556_Sˍt_t_*_tpb_ - _t556_Inˍttt_t_*_t556_S_t_*_tpb_
_t556_NN_t_*_t556_Sˍt_t_ + _t556_In_t_*_t556_S_t_*_tpb_
_t556_NNˍt_t_
_t556_NNˍtt_t_
_t556_NN_t_*_t556_Sˍtt_t_ + _t556_NNˍt_t_*_t556_Sˍt_t_ + _t556_In_t_*_t556_Sˍt_t_*_tpb_ + _t556_Inˍt_t_*_t556_S_t_*_tpb_
_t556_NNˍttt_t_
_t556_NN_t_*_t556_Sˍttt_t_ + 2_t556_NNˍt_t_*_t556_Sˍtt_t_ + _t556_NNˍtt_t_*_t556_Sˍt_t_ + _t556_In_t_*_t556_Sˍtt_t_*_tpb_ + 2_t556_Inˍt_t_*_t556_Sˍt_t_*_tpb_ + _t556_Inˍtt_t_*_t556_S_t_*_tpb_
As a reminder the true parameter values are: 
OrderedDict{Num, Float64}(a => 0.678, b => 0.793, nu => 0.88)
And the true states are: 
OrderedDict{Num, Float64}(S(t) => 0.785, E(t) => 0.109, In(t) => 0.388, NN(t) => 0.684)
The forward substitution dictionary is: 
Any[OrderedDict{Num, Any}(Sˍt(t) => _t556_Sˍt_t_, Eˍt(t) => _t556_Eˍt_t_, Inˍt(t) => _t556_Inˍt_t_, NNˍt(t) => _t556_NNˍt_t_, Sˍtt(t) => _t556_Sˍtt_t_, Eˍtt(t) => _t556_Eˍtt_t_, Inˍtt(t) => _t556_Inˍtt_t_, NNˍtt(t) => _t556_NNˍtt_t_, Sˍttt(t) => _t556_Sˍttt_t_, Eˍttt(t) => _t556_Eˍttt_t_, Inˍttt(t) => _t556_Inˍttt_t_, NNˍttt(t) => _t556_NNˍttt_t_, Sˍtttt(t) => _t556_Sˍtttt_t_, Eˍtttt(t) => _t556_Eˍtttt_t_, Inˍtttt(t) => _t556_Inˍtttt_t_, NNˍtttt(t) => _t556_NNˍtttt_t_, Sˍttttt(t) => _t556_Sˍttttt_t_, Eˍttttt(t) => _t556_Eˍttttt_t_, Inˍttttt(t) => _t556_Inˍttttt_t_, NNˍttttt(t) => _t556_NNˍttttt_t_, Sˍtttttt(t) => _t556_Sˍtttttt_t_, Eˍtttttt(t) => _t556_Eˍtttttt_t_, Inˍtttttt(t) => _t556_Inˍtttttt_t_, NNˍtttttt(t) => _t556_NNˍtttttt_t_, S(t) => _t556_S_t_, E(t) => _t556_E_t_, In(t) => _t556_In_t_, NN(t) => _t556_NN_t_, y1(t) => _t556_y1_t_, y2(t) => _t556_y2_t_, y1ˍt(t) => _t556_y1ˍt_t_, y2ˍt(t) => _t556_y2ˍt_t_, y1ˍtt(t) => _t556_y1ˍtt_t_, y2ˍtt(t) => _t556_y2ˍtt_t_, y1ˍttt(t) => _t556_y1ˍttt_t_, y2ˍttt(t) => _t556_y2ˍttt_t_, y1ˍtttt(t) => _t556_y1ˍtttt_t_, y2ˍtttt(t) => _t556_y2ˍtttt_t_, y1ˍttttt(t) => _t556_y1ˍttttt_t_, y2ˍttttt(t) => _t556_y2ˍttttt_t_, y1ˍtttttt(t) => _t556_y1ˍtttttt_t_, y2ˍtttttt(t) => _t556_y2ˍtttttt_t_, a => _tpa_, nu => _tpnu_, b => _tpb_)]
The reverse substitution dictionary is: 
Any[OrderedDict{Any, Any}(_t556_Sˍt_t_ => Sˍt(t), _t556_Eˍt_t_ => Eˍt(t), _t556_Inˍt_t_ => Inˍt(t), _t556_NNˍt_t_ => NNˍt(t), _t556_Sˍtt_t_ => Sˍtt(t), _t556_Eˍtt_t_ => Eˍtt(t), _t556_Inˍtt_t_ => Inˍtt(t), _t556_NNˍtt_t_ => NNˍtt(t), _t556_Sˍttt_t_ => Sˍttt(t), _t556_Eˍttt_t_ => Eˍttt(t), _t556_Inˍttt_t_ => Inˍttt(t), _t556_NNˍttt_t_ => NNˍttt(t), _t556_Sˍtttt_t_ => Sˍtttt(t), _t556_Eˍtttt_t_ => Eˍtttt(t), _t556_Inˍtttt_t_ => Inˍtttt(t), _t556_NNˍtttt_t_ => NNˍtttt(t), _t556_Sˍttttt_t_ => Sˍttttt(t), _t556_Eˍttttt_t_ => Eˍttttt(t), _t556_Inˍttttt_t_ => Inˍttttt(t), _t556_NNˍttttt_t_ => NNˍttttt(t), _t556_Sˍtttttt_t_ => Sˍtttttt(t), _t556_Eˍtttttt_t_ => Eˍtttttt(t), _t556_Inˍtttttt_t_ => Inˍtttttt(t), _t556_NNˍtttttt_t_ => NNˍtttttt(t), _t556_S_t_ => S(t), _t556_E_t_ => E(t), _t556_In_t_ => In(t), _t556_NN_t_ => NN(t), _t556_y1_t_ => y1(t), _t556_y2_t_ => y2(t), _t556_y1ˍt_t_ => y1ˍt(t), _t556_y2ˍt_t_ => y2ˍt(t), _t556_y1ˍtt_t_ => y1ˍtt(t), _t556_y2ˍtt_t_ => y2ˍtt(t), _t556_y1ˍttt_t_ => y1ˍttt(t), _t556_y2ˍttt_t_ => y2ˍttt(t), _t556_y1ˍtttt_t_ => y1ˍtttt(t), _t556_y2ˍtttt_t_ => y2ˍtttt(t), _t556_y1ˍttttt_t_ => y1ˍttttt(t), _t556_y2ˍttttt_t_ => y2ˍttttt(t), _t556_y1ˍtttttt_t_ => y1ˍtttttt(t), _t556_y2ˍtttttt_t_ => y2ˍtttttt(t), _tpa_ => a, _tpnu_ => nu, _tpb_ => b)]
DEBUG [multipoint_parameter_estimation]: Evaluated ideal polynomial system with exact state and parameter values:
0.0
0.0
0.0
0.0
0.0
0.0
0.0
0.0
0.0
1.734723475976807e-18
0.0
1.3877787807814457e-17
0.0
5.421010862427522e-18
6.938893903907228e-18
5.204170427930421e-18
0.0
0
0
0.0
0
0.0
DEBUG [multipoint_parameter_estimation]: Evaluated interpolated polynomial system with exact state and parameter values:
0.0
-6.186773315874916e-11
-5.305999858234989e-9
-4.298408029165812e-8
2.321206955951949e-6
1.7125792317412847e-5
-0.0011159237801668942
0.0
0.0
1.734723475976807e-18
0.0
1.3877787807814457e-17
0.0
5.421010862427522e-18
6.938893903907228e-18
5.204170427930421e-18
0.0
0
0
0.0
0
0.0
and by the way the exact state values are: (at the time index 556)
OrderedDict{Any, Any}(S(t) => 0.5084143795289624, E(t) => 0.2086529809576341, In(t) => 0.31090011578065874, NN(t) => 0.684)
and by the way the exact parameter values are:
OrderedDict{Num, Float64}(a => 0.678, b => 0.793, nu => 0.88)
aa_system
Any[_t556_NN_t_ - 6160924290242839//9007199254740992, _t556_In_t_ - 5600678583431385//18014398509481984, _t556_Inˍt_t_ + 7832847807419681//288230376151711744, _t556_Inˍtt_t_ - 5219464317620935//288230376151711744, _t556_Inˍttt_t_ + 3034500701251087//36028797018963968, _t556_Inˍtttt_t_ - 5980181134013113//36028797018963968, _t556_Inˍttttt_t_ + 5122639380307015//18014398509481984, _tpa_*_t556_In_t_ - _tpnu_*_t556_E_t_ + _t556_Inˍt_t_, _tpa_*_t556_Inˍt_t_ - _tpnu_*_t556_Eˍt_t_ + _t556_Inˍtt_t_, _tpa_*_t556_Inˍtt_t_ - _tpnu_*_t556_Eˍtt_t_ + _t556_Inˍttt_t_, _tpa_*_t556_Inˍttt_t_ - _tpnu_*_t556_Eˍttt_t_ + _t556_Inˍtttt_t_, _tpa_*_t556_Inˍtttt_t_ - _tpnu_*_t556_Eˍtttt_t_ + _t556_Inˍttttt_t_, _tpnu_*_t556_E_t_*_t556_NN_t_ - _tpb_*_t556_S_t_*_t556_In_t_ + _t556_NN_t_*_t556_Eˍt_t_, _tpnu_*_t556_E_t_*_t556_NNˍt_t_ + _tpnu_*_t556_NN_t_*_t556_Eˍt_t_ - _tpb_*_t556_S_t_*_t556_Inˍt_t_ - _tpb_*_t556_In_t_*_t556_Sˍt_t_ + _t556_NN_t_*_t556_Eˍtt_t_ + _t556_Eˍt_t_*_t556_NNˍt_t_, _tpnu_*_t556_E_t_*_t556_NNˍtt_t_ + _tpnu_*_t556_NN_t_*_t556_Eˍtt_t_ + 2*_tpnu_*_t556_Eˍt_t_*_t556_NNˍt_t_ - _tpb_*_t556_S_t_*_t556_Inˍtt_t_ - _tpb_*_t556_In_t_*_t556_Sˍtt_t_ - 2*_tpb_*_t556_Inˍt_t_*_t556_Sˍt_t_ + _t556_NN_t_*_t556_Eˍttt_t_ + _t556_Eˍt_t_*_t556_NNˍtt_t_ + 2*_t556_Eˍtt_t_*_t556_NNˍt_t_, _tpnu_*_t556_E_t_*_t556_NNˍttt_t_ + _tpnu_*_t556_NN_t_*_t556_Eˍttt_t_ + 3*_tpnu_*_t556_Eˍt_t_*_t556_NNˍtt_t_ + 3*_tpnu_*_t556_Eˍtt_t_*_t556_NNˍt_t_ - _tpb_*_t556_S_t_*_t556_Inˍttt_t_ - _tpb_*_t556_In_t_*_t556_Sˍttt_t_ - 3*_tpb_*_t556_Inˍt_t_*_t556_Sˍtt_t_ - 3*_tpb_*_t556_Inˍtt_t_*_t556_Sˍt_t_ + _t556_NN_t_*_t556_Eˍtttt_t_ + _t556_Eˍt_t_*_t556_NNˍttt_t_ + 3*_t556_Eˍtt_t_*_t556_NNˍtt_t_ + 3*_t556_Eˍttt_t_*_t556_NNˍt_t_, _tpb_*_t556_S_t_*_t556_In_t_ + _t556_NN_t_*_t556_Sˍt_t_, _t556_NNˍt_t_, _t556_NNˍtt_t_, _tpb_*_t556_S_t_*_t556_Inˍt_t_ + _tpb_*_t556_In_t_*_t556_Sˍt_t_ + _t556_NN_t_*_t556_Sˍtt_t_ + _t556_Sˍt_t_*_t556_NNˍt_t_, _t556_NNˍttt_t_, _tpb_*_t556_S_t_*_t556_Inˍtt_t_ + _tpb_*_t556_In_t_*_t556_Sˍtt_t_ + 2*_tpb_*_t556_Inˍt_t_*_t556_Sˍt_t_ + _t556_NN_t_*_t556_Sˍttt_t_ + _t556_Sˍt_t_*_t556_NNˍtt_t_ + 2*_t556_NNˍt_t_*_t556_Sˍtt_t_]
R
Multivariate polynomial ring in 22 variables over rationals
primes of bitsize 28
G-Q-Pt-FG-LT-LP(C)
Dimension of the quotient :4
Degree of the radical :4
Use last variable as separating element
Separating form: [0, 0, 0, 0, 0, 0, 0, 0, 0, 0, 0, 0, 0, 0, 0, 0, 0, 0, 0, 0, 0, 1]
Run Groebner learn
Test cyclic optimization
Apply cyclic optimization 
Multi-modular computation (1 threads): G-Q-Pt-FG-LT-LP(C)
5-9-13-17-21-25-29-33-37-41-45-49-53-61-69-77-85-93-105-117-
check-G-Q-Pt-FG-LT-LP(C)
Nb Primes used :117
2-element Vector{Vector{MPFI.BigInterval}}:
 [[0.930346109146404099668, 0.930346109501656505638], [0.609082062176605931465, 0.609082062332652719315], [0.843113125320487333161, 0.843113125394406138997], [0.653121153887170776022, 0.653121153919456722833], [0.430268890598043127161, 0.430268890607286444631], [0.310900115840498627117, 0.310900115844554312728], [0.683999999997769360914, 0.684000000002230743891], [-0.0271756499506130754549, -0.0271756499505244490068], [0.0181086545675858395517, 0.01810865456761536793], [-0.0842243136692878433328, -0.084224313669219174304], [0.165983369660224590957, 0.165983369660292255011], [-0.284363609343448568343, -0.284363609343390607112], [-0.0117785534605869384283, -0.0117785534605859570568], [-0.110620557595062624431, -0.110620557595057964472], [0.143865026667029936633, 0.143865026667032972561], [-0.213340098521970634952, -0.213340098521968381994], [-0.250290509749489477567, -0.250290509749488026688], [0.0, 0.0], [0.0, 0.0], [0.11779466322716159235, 0.117794663227161899582], [0.0, 0.0], [-0.0764880293197305797863, -0.0764880293197304441051]]
 [[0.609082062127994002801, 0.609082062356197478258], [0.930346109252220392543, 0.930346109393577853274], [0.843113125314731148976, 0.843113125393070305373], [0.427587513212550473406, 0.42758751323207361229], [0.174330856155811008344, 0.174330856160725390843], [0.310900115840876734019, 0.310900115844176205826], [0.68399999999818529052, 0.684000000001814814285], [-0.0271756499506048129137, -0.0271756499505327115481], [0.0181086545675885924478, 0.018108654567612615034], [-0.0842243136692814414001, -0.0842243136692255762366], [0.165983369660230899197, 0.165983369660285946771], [-0.284363609343443164679, -0.284363609343396010775], [0.00167298345972642920705, 0.00167298345972659355441], [-0.0786746526561887469161, -0.0786746526561849663709], [0.12327009254976183201, 0.123270092549764696594], [-0.196987029252785131965, -0.196987029252782870441], [-0.16386101722044761902, -0.163861017220446678847], [0.0, 0.0], [0.0, 0.0], [0.0771181990034766836505, 0.0771181990034769203319], [0.0, 0.0], [-0.0500754355491260702182, -0.0500754355491260122846]]
Vector{Any}
SOLNS: Any[[0.9303461093240303, 0.6090820622546294, 0.8431131253574468, 0.6531211539033137, 0.43026889060266477, 0.31090011584252647, 0.684, -0.027175649950568762, 0.018108654567600604, -0.08422431366925351, 0.16598336966025842, -0.2843636093434196, -0.011778553460586448, -0.1106205575950603, 0.14386502666703146, -0.2133400985219695, -0.25029050974948874, 0.0, 0.0, 0.11779466322716174, 0.0, -0.0764880293197305], [0.6090820622420957, 0.9303461093228991, 0.8431131253539007, 0.42758751322231203, 0.1743308561582682, 0.31090011584252647, 0.684, -0.027175649950568762, 0.018108654567600604, -0.08422431366925351, 0.16598336966025842, -0.2843636093434196, 0.0016729834597265115, -0.07867465265618685, 0.12327009254976326, -0.196987029252784, -0.16386101722044716, 0.0, 0.0, 0.0771181990034768, 0.0, -0.05007543554912604]]
Vector{Float64}
SOLN 1: [0.9303461093240303, 0.6090820622546294, 0.8431131253574468, 0.6531211539033137, 0.43026889060266477, 0.31090011584252647, 0.684, -0.027175649950568762, 0.018108654567600604, -0.08422431366925351, 0.16598336966025842, -0.2843636093434196, -0.011778553460586448, -0.1106205575950603, 0.14386502666703146, -0.2133400985219695, -0.25029050974948874, 0.0, 0.0, 0.11779466322716174, 0.0, -0.0764880293197305]
Vector{Float64}
SOLN 2: [0.6090820622420957, 0.9303461093228991, 0.8431131253539007, 0.42758751322231203, 0.1743308561582682, 0.31090011584252647, 0.684, -0.027175649950568762, 0.018108654567600604, -0.08422431366925351, 0.16598336966025842, -0.2843636093434196, 0.0016729834597265115, -0.07867465265618685, 0.12327009254976326, -0.196987029252784, -0.16386101722044716, 0.0, 0.0, 0.0771181990034768, 0.0, -0.05007543554912604]
DEBUG: Processing solution 1
DEBUG: Constructed initial conditions: [0.6531211539033137, 0.43026889060266477, 0.31090011584252647, 0.684]
DEBUG: Constructed parameter values: [0.9303461093240303, 0.6090820622546294, 0.8431131253574468]
DEBUG: Parameter/IC mapping:
Dict("nu" => 0.6090820622546294, "NN(t)" => 0.684, "b" => 0.8431131253574468, "In(t)" => 0.31090011584252647, "S(t)" => 0.6531211539033137, "E(t)" => 0.43026889060266477, "a" => 0.9303461093240303)
DEBUG: Processing solution 2
DEBUG: Constructed initial conditions: [0.42758751322231203, 0.1743308561582682, 0.31090011584252647, 0.684]
DEBUG: Constructed parameter values: [0.6090820622420957, 0.9303461093228991, 0.8431131253539007]
DEBUG: Parameter/IC mapping:
Dict("nu" => 0.9303461093228991, "NN(t)" => 0.684, "b" => 0.8431131253539007, "In(t)" => 0.31090011584252647, "S(t)" => 0.42758751322231203, "E(t)" => 0.1743308561582682, "a" => 0.6090820622420957)
DEBUG [determine_optimal_points_count]: Large num points: 1
DEBUG [determine_optimal_points_count]: Good num points: 1
DEBUG [multipoint_parameter_estimation]: Parameter estimation using this many points: 1
DEBUG [multipoint_parameter_estimation]: Ideal final target: 
-0.684 + _t667_NN_t_
-0.3051753742183433 + _t667_In_t_
0.024954890868786883 + _t667_Inˍt_t_
-0.003031043558159025 + _t667_Inˍtt_t_
0.05352856283180936 + _t667_Inˍttt_t_
-0.11403870054866848 + _t667_Inˍtttt_t_
0.18993527645836245 + _t667_Inˍttttt_t_
_t667_Inˍt_t_ - _t667_E_t_*_tpnu_ + _t667_In_t_*_tpa_
_t667_Inˍtt_t_ - _t667_Eˍt_t_*_tpnu_ + _t667_Inˍt_t_*_tpa_
_t667_Inˍttt_t_ - _t667_Eˍtt_t_*_tpnu_ + _t667_Inˍtt_t_*_tpa_
_t667_Inˍtttt_t_ - _t667_Eˍttt_t_*_tpnu_ + _t667_Inˍttt_t_*_tpa_
_t667_Inˍttttt_t_ - _t667_Eˍtttt_t_*_tpnu_ + _t667_Inˍtttt_t_*_tpa_
_t667_Eˍt_t_*_t667_NN_t_ + _t667_E_t_*_t667_NN_t_*_tpnu_ - _t667_In_t_*_t667_S_t_*_tpb_
_t667_Eˍt_t_*_t667_NNˍt_t_ + _t667_Eˍtt_t_*_t667_NN_t_ + _t667_E_t_*_t667_NNˍt_t_*_tpnu_ + _t667_Eˍt_t_*_t667_NN_t_*_tpnu_ - _t667_In_t_*_t667_Sˍt_t_*_tpb_ - _t667_Inˍt_t_*_t667_S_t_*_tpb_
_t667_Eˍt_t_*_t667_NNˍtt_t_ + 2_t667_Eˍtt_t_*_t667_NNˍt_t_ + _t667_Eˍttt_t_*_t667_NN_t_ + _t667_E_t_*_t667_NNˍtt_t_*_tpnu_ + 2_t667_Eˍt_t_*_t667_NNˍt_t_*_tpnu_ + _t667_Eˍtt_t_*_t667_NN_t_*_tpnu_ - _t667_In_t_*_t667_Sˍtt_t_*_tpb_ - 2_t667_Inˍt_t_*_t667_Sˍt_t_*_tpb_ - _t667_Inˍtt_t_*_t667_S_t_*_tpb_
_t667_Eˍt_t_*_t667_NNˍttt_t_ + 3_t667_Eˍtt_t_*_t667_NNˍtt_t_ + 3_t667_Eˍttt_t_*_t667_NNˍt_t_ + _t667_Eˍtttt_t_*_t667_NN_t_ + _t667_E_t_*_t667_NNˍttt_t_*_tpnu_ + 3_t667_Eˍt_t_*_t667_NNˍtt_t_*_tpnu_ + 3_t667_Eˍtt_t_*_t667_NNˍt_t_*_tpnu_ + _t667_Eˍttt_t_*_t667_NN_t_*_tpnu_ - _t667_In_t_*_t667_Sˍttt_t_*_tpb_ - 3_t667_Inˍt_t_*_t667_Sˍtt_t_*_tpb_ - 3_t667_Inˍtt_t_*_t667_Sˍt_t_*_tpb_ - _t667_Inˍttt_t_*_t667_S_t_*_tpb_
_t667_NN_t_*_t667_Sˍt_t_ + _t667_In_t_*_t667_S_t_*_tpb_
_t667_NNˍt_t_
_t667_NNˍtt_t_
_t667_NN_t_*_t667_Sˍtt_t_ + _t667_NNˍt_t_*_t667_Sˍt_t_ + _t667_In_t_*_t667_Sˍt_t_*_tpb_ + _t667_Inˍt_t_*_t667_S_t_*_tpb_
_t667_NNˍttt_t_
_t667_NN_t_*_t667_Sˍttt_t_ + 2_t667_NNˍt_t_*_t667_Sˍtt_t_ + _t667_NNˍtt_t_*_t667_Sˍt_t_ + _t667_In_t_*_t667_Sˍtt_t_*_tpb_ + 2_t667_Inˍt_t_*_t667_Sˍt_t_*_tpb_ + _t667_Inˍtt_t_*_t667_S_t_*_tpb_
DEBUG [but we are actually solving this: 
-0.684 + _t667_NN_t_
-0.3051753740313624 + _t667_In_t_
0.024954896880295535 + _t667_Inˍt_t_
-0.0030311073135168656 + _t667_Inˍtt_t_
0.053525475066588994 + _t667_Inˍttt_t_
-0.11400400898487682 + _t667_Inˍtttt_t_
0.19142959927996003 + _t667_Inˍttttt_t_
_t667_Inˍt_t_ - _t667_E_t_*_tpnu_ + _t667_In_t_*_tpa_
_t667_Inˍtt_t_ - _t667_Eˍt_t_*_tpnu_ + _t667_Inˍt_t_*_tpa_
_t667_Inˍttt_t_ - _t667_Eˍtt_t_*_tpnu_ + _t667_Inˍtt_t_*_tpa_
_t667_Inˍtttt_t_ - _t667_Eˍttt_t_*_tpnu_ + _t667_Inˍttt_t_*_tpa_
_t667_Inˍttttt_t_ - _t667_Eˍtttt_t_*_tpnu_ + _t667_Inˍtttt_t_*_tpa_
_t667_Eˍt_t_*_t667_NN_t_ + _t667_E_t_*_t667_NN_t_*_tpnu_ - _t667_In_t_*_t667_S_t_*_tpb_
_t667_Eˍt_t_*_t667_NNˍt_t_ + _t667_Eˍtt_t_*_t667_NN_t_ + _t667_E_t_*_t667_NNˍt_t_*_tpnu_ + _t667_Eˍt_t_*_t667_NN_t_*_tpnu_ - _t667_In_t_*_t667_Sˍt_t_*_tpb_ - _t667_Inˍt_t_*_t667_S_t_*_tpb_
_t667_Eˍt_t_*_t667_NNˍtt_t_ + 2_t667_Eˍtt_t_*_t667_NNˍt_t_ + _t667_Eˍttt_t_*_t667_NN_t_ + _t667_E_t_*_t667_NNˍtt_t_*_tpnu_ + 2_t667_Eˍt_t_*_t667_NNˍt_t_*_tpnu_ + _t667_Eˍtt_t_*_t667_NN_t_*_tpnu_ - _t667_In_t_*_t667_Sˍtt_t_*_tpb_ - 2_t667_Inˍt_t_*_t667_Sˍt_t_*_tpb_ - _t667_Inˍtt_t_*_t667_S_t_*_tpb_
_t667_Eˍt_t_*_t667_NNˍttt_t_ + 3_t667_Eˍtt_t_*_t667_NNˍtt_t_ + 3_t667_Eˍttt_t_*_t667_NNˍt_t_ + _t667_Eˍtttt_t_*_t667_NN_t_ + _t667_E_t_*_t667_NNˍttt_t_*_tpnu_ + 3_t667_Eˍt_t_*_t667_NNˍtt_t_*_tpnu_ + 3_t667_Eˍtt_t_*_t667_NNˍt_t_*_tpnu_ + _t667_Eˍttt_t_*_t667_NN_t_*_tpnu_ - _t667_In_t_*_t667_Sˍttt_t_*_tpb_ - 3_t667_Inˍt_t_*_t667_Sˍtt_t_*_tpb_ - 3_t667_Inˍtt_t_*_t667_Sˍt_t_*_tpb_ - _t667_Inˍttt_t_*_t667_S_t_*_tpb_
_t667_NN_t_*_t667_Sˍt_t_ + _t667_In_t_*_t667_S_t_*_tpb_
_t667_NNˍt_t_
_t667_NNˍtt_t_
_t667_NN_t_*_t667_Sˍtt_t_ + _t667_NNˍt_t_*_t667_Sˍt_t_ + _t667_In_t_*_t667_Sˍt_t_*_tpb_ + _t667_Inˍt_t_*_t667_S_t_*_tpb_
_t667_NNˍttt_t_
_t667_NN_t_*_t667_Sˍttt_t_ + 2_t667_NNˍt_t_*_t667_Sˍtt_t_ + _t667_NNˍtt_t_*_t667_Sˍt_t_ + _t667_In_t_*_t667_Sˍtt_t_*_tpb_ + 2_t667_Inˍt_t_*_t667_Sˍt_t_*_tpb_ + _t667_Inˍtt_t_*_t667_S_t_*_tpb_
As a reminder the true parameter values are: 
OrderedDict{Num, Float64}(a => 0.678, b => 0.793, nu => 0.88)
And the true states are: 
OrderedDict{Num, Float64}(S(t) => 0.785, E(t) => 0.109, In(t) => 0.388, NN(t) => 0.684)
The forward substitution dictionary is: 
Any[OrderedDict{Num, Any}(Sˍt(t) => _t667_Sˍt_t_, Eˍt(t) => _t667_Eˍt_t_, Inˍt(t) => _t667_Inˍt_t_, NNˍt(t) => _t667_NNˍt_t_, Sˍtt(t) => _t667_Sˍtt_t_, Eˍtt(t) => _t667_Eˍtt_t_, Inˍtt(t) => _t667_Inˍtt_t_, NNˍtt(t) => _t667_NNˍtt_t_, Sˍttt(t) => _t667_Sˍttt_t_, Eˍttt(t) => _t667_Eˍttt_t_, Inˍttt(t) => _t667_Inˍttt_t_, NNˍttt(t) => _t667_NNˍttt_t_, Sˍtttt(t) => _t667_Sˍtttt_t_, Eˍtttt(t) => _t667_Eˍtttt_t_, Inˍtttt(t) => _t667_Inˍtttt_t_, NNˍtttt(t) => _t667_NNˍtttt_t_, Sˍttttt(t) => _t667_Sˍttttt_t_, Eˍttttt(t) => _t667_Eˍttttt_t_, Inˍttttt(t) => _t667_Inˍttttt_t_, NNˍttttt(t) => _t667_NNˍttttt_t_, Sˍtttttt(t) => _t667_Sˍtttttt_t_, Eˍtttttt(t) => _t667_Eˍtttttt_t_, Inˍtttttt(t) => _t667_Inˍtttttt_t_, NNˍtttttt(t) => _t667_NNˍtttttt_t_, S(t) => _t667_S_t_, E(t) => _t667_E_t_, In(t) => _t667_In_t_, NN(t) => _t667_NN_t_, y1(t) => _t667_y1_t_, y2(t) => _t667_y2_t_, y1ˍt(t) => _t667_y1ˍt_t_, y2ˍt(t) => _t667_y2ˍt_t_, y1ˍtt(t) => _t667_y1ˍtt_t_, y2ˍtt(t) => _t667_y2ˍtt_t_, y1ˍttt(t) => _t667_y1ˍttt_t_, y2ˍttt(t) => _t667_y2ˍttt_t_, y1ˍtttt(t) => _t667_y1ˍtttt_t_, y2ˍtttt(t) => _t667_y2ˍtttt_t_, y1ˍttttt(t) => _t667_y1ˍttttt_t_, y2ˍttttt(t) => _t667_y2ˍttttt_t_, y1ˍtttttt(t) => _t667_y1ˍtttttt_t_, y2ˍtttttt(t) => _t667_y2ˍtttttt_t_, a => _tpa_, nu => _tpnu_, b => _tpb_)]
The reverse substitution dictionary is: 
Any[OrderedDict{Any, Any}(_t667_Sˍt_t_ => Sˍt(t), _t667_Eˍt_t_ => Eˍt(t), _t667_Inˍt_t_ => Inˍt(t), _t667_NNˍt_t_ => NNˍt(t), _t667_Sˍtt_t_ => Sˍtt(t), _t667_Eˍtt_t_ => Eˍtt(t), _t667_Inˍtt_t_ => Inˍtt(t), _t667_NNˍtt_t_ => NNˍtt(t), _t667_Sˍttt_t_ => Sˍttt(t), _t667_Eˍttt_t_ => Eˍttt(t), _t667_Inˍttt_t_ => Inˍttt(t), _t667_NNˍttt_t_ => NNˍttt(t), _t667_Sˍtttt_t_ => Sˍtttt(t), _t667_Eˍtttt_t_ => Eˍtttt(t), _t667_Inˍtttt_t_ => Inˍtttt(t), _t667_NNˍtttt_t_ => NNˍtttt(t), _t667_Sˍttttt_t_ => Sˍttttt(t), _t667_Eˍttttt_t_ => Eˍttttt(t), _t667_Inˍttttt_t_ => Inˍttttt(t), _t667_NNˍttttt_t_ => NNˍttttt(t), _t667_Sˍtttttt_t_ => Sˍtttttt(t), _t667_Eˍtttttt_t_ => Eˍtttttt(t), _t667_Inˍtttttt_t_ => Inˍtttttt(t), _t667_NNˍtttttt_t_ => NNˍtttttt(t), _t667_S_t_ => S(t), _t667_E_t_ => E(t), _t667_In_t_ => In(t), _t667_NN_t_ => NN(t), _t667_y1_t_ => y1(t), _t667_y2_t_ => y2(t), _t667_y1ˍt_t_ => y1ˍt(t), _t667_y2ˍt_t_ => y2ˍt(t), _t667_y1ˍtt_t_ => y1ˍtt(t), _t667_y2ˍtt_t_ => y2ˍtt(t), _t667_y1ˍttt_t_ => y1ˍttt(t), _t667_y2ˍttt_t_ => y2ˍttt(t), _t667_y1ˍtttt_t_ => y1ˍtttt(t), _t667_y2ˍtttt_t_ => y2ˍtttt(t), _t667_y1ˍttttt_t_ => y1ˍttttt(t), _t667_y2ˍttttt_t_ => y2ˍttttt(t), _t667_y1ˍtttttt_t_ => y1ˍtttttt(t), _t667_y2ˍtttttt_t_ => y2ˍtttttt(t), _tpa_ => a, _tpnu_ => nu, _tpb_ => b)]
DEBUG [multipoint_parameter_estimation]: Evaluated ideal polynomial system with exact state and parameter values:
0.0
0.0
0.0
0.0
0.0
0.0
0.0
0.0
0.0
8.673617379884035e-19
0.0
1.3877787807814457e-17
-2.7755575615628914e-17
1.734723475976807e-18
6.938893903907228e-18
-3.469446951953614e-18
0.0
0
0
0.0
0
0.0
DEBUG [multipoint_parameter_estimation]: Evaluated interpolated polynomial system with exact state and parameter values:
0.0
1.8698087522750484e-10
6.011508651981856e-9
-6.375535784074529e-8
-3.0877652203650796e-6
3.469156379165561e-5
0.0014943228215975879
0.0
0.0
8.673617379884035e-19
0.0
1.3877787807814457e-17
-2.7755575615628914e-17
1.734723475976807e-18
6.938893903907228e-18
-3.469446951953614e-18
0.0
0
0
0.0
0
0.0
and by the way the exact state values are: (at the time index 667)
OrderedDict{Any, Any}(S(t) => 0.4696676830007269, E(t) => 0.20676592369460212, In(t) => 0.3051753742183433, NN(t) => 0.684)
and by the way the exact parameter values are:
OrderedDict{Num, Float64}(a => 0.678, b => 0.793, nu => 0.88)
aa_system
Any[_t667_NN_t_ - 6160924290242839//9007199254740992, _t667_In_t_ - 2748775401540591//9007199254740992, _t667_Inˍt_t_ + 899094914329345//36028797018963968, _t667_Inˍtt_t_ - 6989257609049365//2305843009213693952, _t667_Inˍttt_t_ + 7713833906071007//144115188075855872, _t667_Inˍtttt_t_ - 8214854598128543//72057594037927936, _t667_Inˍttttt_t_ + 6896978175879291//36028797018963968, _tpa_*_t667_In_t_ - _tpnu_*_t667_E_t_ + _t667_Inˍt_t_, _tpa_*_t667_Inˍt_t_ - _tpnu_*_t667_Eˍt_t_ + _t667_Inˍtt_t_, _tpa_*_t667_Inˍtt_t_ - _tpnu_*_t667_Eˍtt_t_ + _t667_Inˍttt_t_, _tpa_*_t667_Inˍttt_t_ - _tpnu_*_t667_Eˍttt_t_ + _t667_Inˍtttt_t_, _tpa_*_t667_Inˍtttt_t_ - _tpnu_*_t667_Eˍtttt_t_ + _t667_Inˍttttt_t_, _tpnu_*_t667_E_t_*_t667_NN_t_ - _tpb_*_t667_S_t_*_t667_In_t_ + _t667_NN_t_*_t667_Eˍt_t_, _tpnu_*_t667_E_t_*_t667_NNˍt_t_ + _tpnu_*_t667_NN_t_*_t667_Eˍt_t_ - _tpb_*_t667_S_t_*_t667_Inˍt_t_ - _tpb_*_t667_In_t_*_t667_Sˍt_t_ + _t667_NN_t_*_t667_Eˍtt_t_ + _t667_Eˍt_t_*_t667_NNˍt_t_, _tpnu_*_t667_E_t_*_t667_NNˍtt_t_ + _tpnu_*_t667_NN_t_*_t667_Eˍtt_t_ + 2*_tpnu_*_t667_Eˍt_t_*_t667_NNˍt_t_ - _tpb_*_t667_S_t_*_t667_Inˍtt_t_ - _tpb_*_t667_In_t_*_t667_Sˍtt_t_ - 2*_tpb_*_t667_Inˍt_t_*_t667_Sˍt_t_ + _t667_NN_t_*_t667_Eˍttt_t_ + _t667_Eˍt_t_*_t667_NNˍtt_t_ + 2*_t667_Eˍtt_t_*_t667_NNˍt_t_, _tpnu_*_t667_E_t_*_t667_NNˍttt_t_ + _tpnu_*_t667_NN_t_*_t667_Eˍttt_t_ + 3*_tpnu_*_t667_Eˍt_t_*_t667_NNˍtt_t_ + 3*_tpnu_*_t667_Eˍtt_t_*_t667_NNˍt_t_ - _tpb_*_t667_S_t_*_t667_Inˍttt_t_ - _tpb_*_t667_In_t_*_t667_Sˍttt_t_ - 3*_tpb_*_t667_Inˍt_t_*_t667_Sˍtt_t_ - 3*_tpb_*_t667_Inˍtt_t_*_t667_Sˍt_t_ + _t667_NN_t_*_t667_Eˍtttt_t_ + _t667_Eˍt_t_*_t667_NNˍttt_t_ + 3*_t667_Eˍtt_t_*_t667_NNˍtt_t_ + 3*_t667_Eˍttt_t_*_t667_NNˍt_t_, _tpb_*_t667_S_t_*_t667_In_t_ + _t667_NN_t_*_t667_Sˍt_t_, _t667_NNˍt_t_, _t667_NNˍtt_t_, _tpb_*_t667_S_t_*_t667_Inˍt_t_ + _tpb_*_t667_In_t_*_t667_Sˍt_t_ + _t667_NN_t_*_t667_Sˍtt_t_ + _t667_Sˍt_t_*_t667_NNˍt_t_, _t667_NNˍttt_t_, _tpb_*_t667_S_t_*_t667_Inˍtt_t_ + _tpb_*_t667_In_t_*_t667_Sˍtt_t_ + 2*_tpb_*_t667_Inˍt_t_*_t667_Sˍt_t_ + _t667_NN_t_*_t667_Sˍttt_t_ + _t667_Sˍt_t_*_t667_NNˍtt_t_ + 2*_t667_NNˍt_t_*_t667_Sˍtt_t_]
R
Multivariate polynomial ring in 22 variables over rationals
primes of bitsize 28
G-Q-Pt-FG-LT-LP(C)
Dimension of the quotient :4
Degree of the radical :4
Use last variable as separating element
Separating form: [0, 0, 0, 0, 0, 0, 0, 0, 0, 0, 0, 0, 0, 0, 0, 0, 0, 0, 0, 0, 0, 1]
Run Groebner learn
Test cyclic optimization
Apply cyclic optimization 
Multi-modular computation (1 threads): G-Q-Pt-FG-LT-LP(C)
5-9-13-17-21-25-29-33-37-41-45-49-53-61-69-77-85-93-105-117-
check-G-Q-Pt-FG-LT-LP(C)
Nb Primes used :117
Vector{MPFI.BigInterval}[]
DEBUG [determine_optimal_points_count]: Large num points: 1
DEBUG [determine_optimal_points_count]: Good num points: 1
DEBUG [multipoint_parameter_estimation]: Parameter estimation using this many points: 1
DEBUG [multipoint_parameter_estimation]: Ideal final target: 
-0.684 + _t667_NN_t_
-0.3051753742183433 + _t667_In_t_
0.024954890868786883 + _t667_Inˍt_t_
-0.003031043558159025 + _t667_Inˍtt_t_
0.05352856283180936 + _t667_Inˍttt_t_
-0.11403870054866848 + _t667_Inˍtttt_t_
0.18993527645836245 + _t667_Inˍttttt_t_
_t667_Inˍt_t_ - _t667_E_t_*_tpnu_ + _t667_In_t_*_tpa_
_t667_Inˍtt_t_ - _t667_Eˍt_t_*_tpnu_ + _t667_Inˍt_t_*_tpa_
_t667_Inˍttt_t_ - _t667_Eˍtt_t_*_tpnu_ + _t667_Inˍtt_t_*_tpa_
_t667_Inˍtttt_t_ - _t667_Eˍttt_t_*_tpnu_ + _t667_Inˍttt_t_*_tpa_
_t667_Inˍttttt_t_ - _t667_Eˍtttt_t_*_tpnu_ + _t667_Inˍtttt_t_*_tpa_
_t667_Eˍt_t_*_t667_NN_t_ + _t667_E_t_*_t667_NN_t_*_tpnu_ - _t667_In_t_*_t667_S_t_*_tpb_
_t667_Eˍt_t_*_t667_NNˍt_t_ + _t667_Eˍtt_t_*_t667_NN_t_ + _t667_E_t_*_t667_NNˍt_t_*_tpnu_ + _t667_Eˍt_t_*_t667_NN_t_*_tpnu_ - _t667_In_t_*_t667_Sˍt_t_*_tpb_ - _t667_Inˍt_t_*_t667_S_t_*_tpb_
_t667_Eˍt_t_*_t667_NNˍtt_t_ + 2_t667_Eˍtt_t_*_t667_NNˍt_t_ + _t667_Eˍttt_t_*_t667_NN_t_ + _t667_E_t_*_t667_NNˍtt_t_*_tpnu_ + 2_t667_Eˍt_t_*_t667_NNˍt_t_*_tpnu_ + _t667_Eˍtt_t_*_t667_NN_t_*_tpnu_ - _t667_In_t_*_t667_Sˍtt_t_*_tpb_ - 2_t667_Inˍt_t_*_t667_Sˍt_t_*_tpb_ - _t667_Inˍtt_t_*_t667_S_t_*_tpb_
_t667_Eˍt_t_*_t667_NNˍttt_t_ + 3_t667_Eˍtt_t_*_t667_NNˍtt_t_ + 3_t667_Eˍttt_t_*_t667_NNˍt_t_ + _t667_Eˍtttt_t_*_t667_NN_t_ + _t667_E_t_*_t667_NNˍttt_t_*_tpnu_ + 3_t667_Eˍt_t_*_t667_NNˍtt_t_*_tpnu_ + 3_t667_Eˍtt_t_*_t667_NNˍt_t_*_tpnu_ + _t667_Eˍttt_t_*_t667_NN_t_*_tpnu_ - _t667_In_t_*_t667_Sˍttt_t_*_tpb_ - 3_t667_Inˍt_t_*_t667_Sˍtt_t_*_tpb_ - 3_t667_Inˍtt_t_*_t667_Sˍt_t_*_tpb_ - _t667_Inˍttt_t_*_t667_S_t_*_tpb_
_t667_NN_t_*_t667_Sˍt_t_ + _t667_In_t_*_t667_S_t_*_tpb_
_t667_NNˍt_t_
_t667_NNˍtt_t_
_t667_NN_t_*_t667_Sˍtt_t_ + _t667_NNˍt_t_*_t667_Sˍt_t_ + _t667_In_t_*_t667_Sˍt_t_*_tpb_ + _t667_Inˍt_t_*_t667_S_t_*_tpb_
_t667_NNˍttt_t_
_t667_NN_t_*_t667_Sˍttt_t_ + 2_t667_NNˍt_t_*_t667_Sˍtt_t_ + _t667_NNˍtt_t_*_t667_Sˍt_t_ + _t667_In_t_*_t667_Sˍtt_t_*_tpb_ + 2_t667_Inˍt_t_*_t667_Sˍt_t_*_tpb_ + _t667_Inˍtt_t_*_t667_S_t_*_tpb_
DEBUG [but we are actually solving this: 
-0.684 + _t667_NN_t_
-0.3051753740313624 + _t667_In_t_
0.024954896880295535 + _t667_Inˍt_t_
-0.0030311073135168656 + _t667_Inˍtt_t_
0.053525475066588994 + _t667_Inˍttt_t_
-0.11400400898487682 + _t667_Inˍtttt_t_
0.19142959927996003 + _t667_Inˍttttt_t_
_t667_Inˍt_t_ - _t667_E_t_*_tpnu_ + _t667_In_t_*_tpa_
_t667_Inˍtt_t_ - _t667_Eˍt_t_*_tpnu_ + _t667_Inˍt_t_*_tpa_
_t667_Inˍttt_t_ - _t667_Eˍtt_t_*_tpnu_ + _t667_Inˍtt_t_*_tpa_
_t667_Inˍtttt_t_ - _t667_Eˍttt_t_*_tpnu_ + _t667_Inˍttt_t_*_tpa_
_t667_Inˍttttt_t_ - _t667_Eˍtttt_t_*_tpnu_ + _t667_Inˍtttt_t_*_tpa_
_t667_Eˍt_t_*_t667_NN_t_ + _t667_E_t_*_t667_NN_t_*_tpnu_ - _t667_In_t_*_t667_S_t_*_tpb_
_t667_Eˍt_t_*_t667_NNˍt_t_ + _t667_Eˍtt_t_*_t667_NN_t_ + _t667_E_t_*_t667_NNˍt_t_*_tpnu_ + _t667_Eˍt_t_*_t667_NN_t_*_tpnu_ - _t667_In_t_*_t667_Sˍt_t_*_tpb_ - _t667_Inˍt_t_*_t667_S_t_*_tpb_
_t667_Eˍt_t_*_t667_NNˍtt_t_ + 2_t667_Eˍtt_t_*_t667_NNˍt_t_ + _t667_Eˍttt_t_*_t667_NN_t_ + _t667_E_t_*_t667_NNˍtt_t_*_tpnu_ + 2_t667_Eˍt_t_*_t667_NNˍt_t_*_tpnu_ + _t667_Eˍtt_t_*_t667_NN_t_*_tpnu_ - _t667_In_t_*_t667_Sˍtt_t_*_tpb_ - 2_t667_Inˍt_t_*_t667_Sˍt_t_*_tpb_ - _t667_Inˍtt_t_*_t667_S_t_*_tpb_
_t667_Eˍt_t_*_t667_NNˍttt_t_ + 3_t667_Eˍtt_t_*_t667_NNˍtt_t_ + 3_t667_Eˍttt_t_*_t667_NNˍt_t_ + _t667_Eˍtttt_t_*_t667_NN_t_ + _t667_E_t_*_t667_NNˍttt_t_*_tpnu_ + 3_t667_Eˍt_t_*_t667_NNˍtt_t_*_tpnu_ + 3_t667_Eˍtt_t_*_t667_NNˍt_t_*_tpnu_ + _t667_Eˍttt_t_*_t667_NN_t_*_tpnu_ - _t667_In_t_*_t667_Sˍttt_t_*_tpb_ - 3_t667_Inˍt_t_*_t667_Sˍtt_t_*_tpb_ - 3_t667_Inˍtt_t_*_t667_Sˍt_t_*_tpb_ - _t667_Inˍttt_t_*_t667_S_t_*_tpb_
_t667_NN_t_*_t667_Sˍt_t_ + _t667_In_t_*_t667_S_t_*_tpb_
_t667_NNˍt_t_
_t667_NNˍtt_t_
_t667_NN_t_*_t667_Sˍtt_t_ + _t667_NNˍt_t_*_t667_Sˍt_t_ + _t667_In_t_*_t667_Sˍt_t_*_tpb_ + _t667_Inˍt_t_*_t667_S_t_*_tpb_
_t667_NNˍttt_t_
_t667_NN_t_*_t667_Sˍttt_t_ + 2_t667_NNˍt_t_*_t667_Sˍtt_t_ + _t667_NNˍtt_t_*_t667_Sˍt_t_ + _t667_In_t_*_t667_Sˍtt_t_*_tpb_ + 2_t667_Inˍt_t_*_t667_Sˍt_t_*_tpb_ + _t667_Inˍtt_t_*_t667_S_t_*_tpb_
As a reminder the true parameter values are: 
OrderedDict{Num, Float64}(a => 0.678, b => 0.793, nu => 0.88)
And the true states are: 
OrderedDict{Num, Float64}(S(t) => 0.785, E(t) => 0.109, In(t) => 0.388, NN(t) => 0.684)
The forward substitution dictionary is: 
Any[OrderedDict{Num, Any}(Sˍt(t) => _t667_Sˍt_t_, Eˍt(t) => _t667_Eˍt_t_, Inˍt(t) => _t667_Inˍt_t_, NNˍt(t) => _t667_NNˍt_t_, Sˍtt(t) => _t667_Sˍtt_t_, Eˍtt(t) => _t667_Eˍtt_t_, Inˍtt(t) => _t667_Inˍtt_t_, NNˍtt(t) => _t667_NNˍtt_t_, Sˍttt(t) => _t667_Sˍttt_t_, Eˍttt(t) => _t667_Eˍttt_t_, Inˍttt(t) => _t667_Inˍttt_t_, NNˍttt(t) => _t667_NNˍttt_t_, Sˍtttt(t) => _t667_Sˍtttt_t_, Eˍtttt(t) => _t667_Eˍtttt_t_, Inˍtttt(t) => _t667_Inˍtttt_t_, NNˍtttt(t) => _t667_NNˍtttt_t_, Sˍttttt(t) => _t667_Sˍttttt_t_, Eˍttttt(t) => _t667_Eˍttttt_t_, Inˍttttt(t) => _t667_Inˍttttt_t_, NNˍttttt(t) => _t667_NNˍttttt_t_, Sˍtttttt(t) => _t667_Sˍtttttt_t_, Eˍtttttt(t) => _t667_Eˍtttttt_t_, Inˍtttttt(t) => _t667_Inˍtttttt_t_, NNˍtttttt(t) => _t667_NNˍtttttt_t_, S(t) => _t667_S_t_, E(t) => _t667_E_t_, In(t) => _t667_In_t_, NN(t) => _t667_NN_t_, y1(t) => _t667_y1_t_, y2(t) => _t667_y2_t_, y1ˍt(t) => _t667_y1ˍt_t_, y2ˍt(t) => _t667_y2ˍt_t_, y1ˍtt(t) => _t667_y1ˍtt_t_, y2ˍtt(t) => _t667_y2ˍtt_t_, y1ˍttt(t) => _t667_y1ˍttt_t_, y2ˍttt(t) => _t667_y2ˍttt_t_, y1ˍtttt(t) => _t667_y1ˍtttt_t_, y2ˍtttt(t) => _t667_y2ˍtttt_t_, y1ˍttttt(t) => _t667_y1ˍttttt_t_, y2ˍttttt(t) => _t667_y2ˍttttt_t_, y1ˍtttttt(t) => _t667_y1ˍtttttt_t_, y2ˍtttttt(t) => _t667_y2ˍtttttt_t_, a => _tpa_, nu => _tpnu_, b => _tpb_)]
The reverse substitution dictionary is: 
Any[OrderedDict{Any, Any}(_t667_Sˍt_t_ => Sˍt(t), _t667_Eˍt_t_ => Eˍt(t), _t667_Inˍt_t_ => Inˍt(t), _t667_NNˍt_t_ => NNˍt(t), _t667_Sˍtt_t_ => Sˍtt(t), _t667_Eˍtt_t_ => Eˍtt(t), _t667_Inˍtt_t_ => Inˍtt(t), _t667_NNˍtt_t_ => NNˍtt(t), _t667_Sˍttt_t_ => Sˍttt(t), _t667_Eˍttt_t_ => Eˍttt(t), _t667_Inˍttt_t_ => Inˍttt(t), _t667_NNˍttt_t_ => NNˍttt(t), _t667_Sˍtttt_t_ => Sˍtttt(t), _t667_Eˍtttt_t_ => Eˍtttt(t), _t667_Inˍtttt_t_ => Inˍtttt(t), _t667_NNˍtttt_t_ => NNˍtttt(t), _t667_Sˍttttt_t_ => Sˍttttt(t), _t667_Eˍttttt_t_ => Eˍttttt(t), _t667_Inˍttttt_t_ => Inˍttttt(t), _t667_NNˍttttt_t_ => NNˍttttt(t), _t667_Sˍtttttt_t_ => Sˍtttttt(t), _t667_Eˍtttttt_t_ => Eˍtttttt(t), _t667_Inˍtttttt_t_ => Inˍtttttt(t), _t667_NNˍtttttt_t_ => NNˍtttttt(t), _t667_S_t_ => S(t), _t667_E_t_ => E(t), _t667_In_t_ => In(t), _t667_NN_t_ => NN(t), _t667_y1_t_ => y1(t), _t667_y2_t_ => y2(t), _t667_y1ˍt_t_ => y1ˍt(t), _t667_y2ˍt_t_ => y2ˍt(t), _t667_y1ˍtt_t_ => y1ˍtt(t), _t667_y2ˍtt_t_ => y2ˍtt(t), _t667_y1ˍttt_t_ => y1ˍttt(t), _t667_y2ˍttt_t_ => y2ˍttt(t), _t667_y1ˍtttt_t_ => y1ˍtttt(t), _t667_y2ˍtttt_t_ => y2ˍtttt(t), _t667_y1ˍttttt_t_ => y1ˍttttt(t), _t667_y2ˍttttt_t_ => y2ˍttttt(t), _t667_y1ˍtttttt_t_ => y1ˍtttttt(t), _t667_y2ˍtttttt_t_ => y2ˍtttttt(t), _tpa_ => a, _tpnu_ => nu, _tpb_ => b)]
DEBUG [multipoint_parameter_estimation]: Evaluated ideal polynomial system with exact state and parameter values:
0.0
0.0
0.0
0.0
0.0
0.0
0.0
0.0
0.0
8.673617379884035e-19
0.0
1.3877787807814457e-17
-2.7755575615628914e-17
1.734723475976807e-18
6.938893903907228e-18
-3.469446951953614e-18
0.0
0
0
0.0
0
0.0
DEBUG [multipoint_parameter_estimation]: Evaluated interpolated polynomial system with exact state and parameter values:
0.0
1.8698087522750484e-10
6.011508651981856e-9
-6.375535784074529e-8
-3.0877652203650796e-6
3.469156379165561e-5
0.0014943228215975879
0.0
0.0
8.673617379884035e-19
0.0
1.3877787807814457e-17
-2.7755575615628914e-17
1.734723475976807e-18
6.938893903907228e-18
-3.469446951953614e-18
0.0
0
0
0.0
0
0.0
and by the way the exact state values are: (at the time index 667)
OrderedDict{Any, Any}(S(t) => 0.4696676830007269, E(t) => 0.20676592369460212, In(t) => 0.3051753742183433, NN(t) => 0.684)
and by the way the exact parameter values are:
OrderedDict{Num, Float64}(a => 0.678, b => 0.793, nu => 0.88)
aa_system
Any[_t667_NN_t_ - 6160924290242839//9007199254740992, _t667_In_t_ - 2748775401540591//9007199254740992, _t667_Inˍt_t_ + 899094914329345//36028797018963968, _t667_Inˍtt_t_ - 6989257609049365//2305843009213693952, _t667_Inˍttt_t_ + 7713833906071007//144115188075855872, _t667_Inˍtttt_t_ - 8214854598128543//72057594037927936, _t667_Inˍttttt_t_ + 6896978175879291//36028797018963968, _tpa_*_t667_In_t_ - _tpnu_*_t667_E_t_ + _t667_Inˍt_t_, _tpa_*_t667_Inˍt_t_ - _tpnu_*_t667_Eˍt_t_ + _t667_Inˍtt_t_, _tpa_*_t667_Inˍtt_t_ - _tpnu_*_t667_Eˍtt_t_ + _t667_Inˍttt_t_, _tpa_*_t667_Inˍttt_t_ - _tpnu_*_t667_Eˍttt_t_ + _t667_Inˍtttt_t_, _tpa_*_t667_Inˍtttt_t_ - _tpnu_*_t667_Eˍtttt_t_ + _t667_Inˍttttt_t_, _tpnu_*_t667_E_t_*_t667_NN_t_ - _tpb_*_t667_S_t_*_t667_In_t_ + _t667_NN_t_*_t667_Eˍt_t_, _tpnu_*_t667_E_t_*_t667_NNˍt_t_ + _tpnu_*_t667_NN_t_*_t667_Eˍt_t_ - _tpb_*_t667_S_t_*_t667_Inˍt_t_ - _tpb_*_t667_In_t_*_t667_Sˍt_t_ + _t667_NN_t_*_t667_Eˍtt_t_ + _t667_Eˍt_t_*_t667_NNˍt_t_, _tpnu_*_t667_E_t_*_t667_NNˍtt_t_ + _tpnu_*_t667_NN_t_*_t667_Eˍtt_t_ + 2*_tpnu_*_t667_Eˍt_t_*_t667_NNˍt_t_ - _tpb_*_t667_S_t_*_t667_Inˍtt_t_ - _tpb_*_t667_In_t_*_t667_Sˍtt_t_ - 2*_tpb_*_t667_Inˍt_t_*_t667_Sˍt_t_ + _t667_NN_t_*_t667_Eˍttt_t_ + _t667_Eˍt_t_*_t667_NNˍtt_t_ + 2*_t667_Eˍtt_t_*_t667_NNˍt_t_, _tpnu_*_t667_E_t_*_t667_NNˍttt_t_ + _tpnu_*_t667_NN_t_*_t667_Eˍttt_t_ + 3*_tpnu_*_t667_Eˍt_t_*_t667_NNˍtt_t_ + 3*_tpnu_*_t667_Eˍtt_t_*_t667_NNˍt_t_ - _tpb_*_t667_S_t_*_t667_Inˍttt_t_ - _tpb_*_t667_In_t_*_t667_Sˍttt_t_ - 3*_tpb_*_t667_Inˍt_t_*_t667_Sˍtt_t_ - 3*_tpb_*_t667_Inˍtt_t_*_t667_Sˍt_t_ + _t667_NN_t_*_t667_Eˍtttt_t_ + _t667_Eˍt_t_*_t667_NNˍttt_t_ + 3*_t667_Eˍtt_t_*_t667_NNˍtt_t_ + 3*_t667_Eˍttt_t_*_t667_NNˍt_t_, _tpb_*_t667_S_t_*_t667_In_t_ + _t667_NN_t_*_t667_Sˍt_t_, _t667_NNˍt_t_, _t667_NNˍtt_t_, _tpb_*_t667_S_t_*_t667_Inˍt_t_ + _tpb_*_t667_In_t_*_t667_Sˍt_t_ + _t667_NN_t_*_t667_Sˍtt_t_ + _t667_Sˍt_t_*_t667_NNˍt_t_, _t667_NNˍttt_t_, _tpb_*_t667_S_t_*_t667_Inˍtt_t_ + _tpb_*_t667_In_t_*_t667_Sˍtt_t_ + 2*_tpb_*_t667_Inˍt_t_*_t667_Sˍt_t_ + _t667_NN_t_*_t667_Sˍttt_t_ + _t667_Sˍt_t_*_t667_NNˍtt_t_ + 2*_t667_NNˍt_t_*_t667_Sˍtt_t_]
R
Multivariate polynomial ring in 22 variables over rationals
primes of bitsize 28
G-Q-Pt-FG-LT-LP(C)
Dimension of the quotient :4
Degree of the radical :4
Use last variable as separating element
Separating form: [0, 0, 0, 0, 0, 0, 0, 0, 0, 0, 0, 0, 0, 0, 0, 0, 0, 0, 0, 0, 0, 1]
Run Groebner learn
Test cyclic optimization
Apply cyclic optimization 
Multi-modular computation (1 threads): G-Q-Pt-FG-LT-LP(C)
5-9-13-17-21-25-29-33-37-41-45-49-53-61-69-77-85-93-105-117-
check-G-Q-Pt-FG-LT-LP(C)
Nb Primes used :117
Vector{MPFI.BigInterval}[]
DEBUG [determine_optimal_points_count]: Large num points: 1
DEBUG [determine_optimal_points_count]: Good num points: 1
DEBUG [multipoint_parameter_estimation]: Parameter estimation using this many points: 1
DEBUG [multipoint_parameter_estimation]: Ideal final target: 
-0.684 + _t667_NN_t_
-0.3051753742183433 + _t667_In_t_
0.024954890868786883 + _t667_Inˍt_t_
-0.003031043558159025 + _t667_Inˍtt_t_
0.05352856283180936 + _t667_Inˍttt_t_
-0.11403870054866848 + _t667_Inˍtttt_t_
0.18993527645836245 + _t667_Inˍttttt_t_
_t667_Inˍt_t_ - _t667_E_t_*_tpnu_ + _t667_In_t_*_tpa_
_t667_Inˍtt_t_ - _t667_Eˍt_t_*_tpnu_ + _t667_Inˍt_t_*_tpa_
_t667_Inˍttt_t_ - _t667_Eˍtt_t_*_tpnu_ + _t667_Inˍtt_t_*_tpa_
_t667_Inˍtttt_t_ - _t667_Eˍttt_t_*_tpnu_ + _t667_Inˍttt_t_*_tpa_
_t667_Inˍttttt_t_ - _t667_Eˍtttt_t_*_tpnu_ + _t667_Inˍtttt_t_*_tpa_
_t667_Eˍt_t_*_t667_NN_t_ + _t667_E_t_*_t667_NN_t_*_tpnu_ - _t667_In_t_*_t667_S_t_*_tpb_
_t667_Eˍt_t_*_t667_NNˍt_t_ + _t667_Eˍtt_t_*_t667_NN_t_ + _t667_E_t_*_t667_NNˍt_t_*_tpnu_ + _t667_Eˍt_t_*_t667_NN_t_*_tpnu_ - _t667_In_t_*_t667_Sˍt_t_*_tpb_ - _t667_Inˍt_t_*_t667_S_t_*_tpb_
_t667_Eˍt_t_*_t667_NNˍtt_t_ + 2_t667_Eˍtt_t_*_t667_NNˍt_t_ + _t667_Eˍttt_t_*_t667_NN_t_ + _t667_E_t_*_t667_NNˍtt_t_*_tpnu_ + 2_t667_Eˍt_t_*_t667_NNˍt_t_*_tpnu_ + _t667_Eˍtt_t_*_t667_NN_t_*_tpnu_ - _t667_In_t_*_t667_Sˍtt_t_*_tpb_ - 2_t667_Inˍt_t_*_t667_Sˍt_t_*_tpb_ - _t667_Inˍtt_t_*_t667_S_t_*_tpb_
_t667_Eˍt_t_*_t667_NNˍttt_t_ + 3_t667_Eˍtt_t_*_t667_NNˍtt_t_ + 3_t667_Eˍttt_t_*_t667_NNˍt_t_ + _t667_Eˍtttt_t_*_t667_NN_t_ + _t667_E_t_*_t667_NNˍttt_t_*_tpnu_ + 3_t667_Eˍt_t_*_t667_NNˍtt_t_*_tpnu_ + 3_t667_Eˍtt_t_*_t667_NNˍt_t_*_tpnu_ + _t667_Eˍttt_t_*_t667_NN_t_*_tpnu_ - _t667_In_t_*_t667_Sˍttt_t_*_tpb_ - 3_t667_Inˍt_t_*_t667_Sˍtt_t_*_tpb_ - 3_t667_Inˍtt_t_*_t667_Sˍt_t_*_tpb_ - _t667_Inˍttt_t_*_t667_S_t_*_tpb_
_t667_NN_t_*_t667_Sˍt_t_ + _t667_In_t_*_t667_S_t_*_tpb_
_t667_NNˍt_t_
_t667_NNˍtt_t_
_t667_NN_t_*_t667_Sˍtt_t_ + _t667_NNˍt_t_*_t667_Sˍt_t_ + _t667_In_t_*_t667_Sˍt_t_*_tpb_ + _t667_Inˍt_t_*_t667_S_t_*_tpb_
_t667_NNˍttt_t_
_t667_NN_t_*_t667_Sˍttt_t_ + 2_t667_NNˍt_t_*_t667_Sˍtt_t_ + _t667_NNˍtt_t_*_t667_Sˍt_t_ + _t667_In_t_*_t667_Sˍtt_t_*_tpb_ + 2_t667_Inˍt_t_*_t667_Sˍt_t_*_tpb_ + _t667_Inˍtt_t_*_t667_S_t_*_tpb_
DEBUG [but we are actually solving this: 
-0.684 + _t667_NN_t_
-0.3051753740313624 + _t667_In_t_
0.024954896880295535 + _t667_Inˍt_t_
-0.0030311073135168656 + _t667_Inˍtt_t_
0.053525475066588994 + _t667_Inˍttt_t_
-0.11400400898487682 + _t667_Inˍtttt_t_
0.19142959927996003 + _t667_Inˍttttt_t_
_t667_Inˍt_t_ - _t667_E_t_*_tpnu_ + _t667_In_t_*_tpa_
_t667_Inˍtt_t_ - _t667_Eˍt_t_*_tpnu_ + _t667_Inˍt_t_*_tpa_
_t667_Inˍttt_t_ - _t667_Eˍtt_t_*_tpnu_ + _t667_Inˍtt_t_*_tpa_
_t667_Inˍtttt_t_ - _t667_Eˍttt_t_*_tpnu_ + _t667_Inˍttt_t_*_tpa_
_t667_Inˍttttt_t_ - _t667_Eˍtttt_t_*_tpnu_ + _t667_Inˍtttt_t_*_tpa_
_t667_Eˍt_t_*_t667_NN_t_ + _t667_E_t_*_t667_NN_t_*_tpnu_ - _t667_In_t_*_t667_S_t_*_tpb_
_t667_Eˍt_t_*_t667_NNˍt_t_ + _t667_Eˍtt_t_*_t667_NN_t_ + _t667_E_t_*_t667_NNˍt_t_*_tpnu_ + _t667_Eˍt_t_*_t667_NN_t_*_tpnu_ - _t667_In_t_*_t667_Sˍt_t_*_tpb_ - _t667_Inˍt_t_*_t667_S_t_*_tpb_
_t667_Eˍt_t_*_t667_NNˍtt_t_ + 2_t667_Eˍtt_t_*_t667_NNˍt_t_ + _t667_Eˍttt_t_*_t667_NN_t_ + _t667_E_t_*_t667_NNˍtt_t_*_tpnu_ + 2_t667_Eˍt_t_*_t667_NNˍt_t_*_tpnu_ + _t667_Eˍtt_t_*_t667_NN_t_*_tpnu_ - _t667_In_t_*_t667_Sˍtt_t_*_tpb_ - 2_t667_Inˍt_t_*_t667_Sˍt_t_*_tpb_ - _t667_Inˍtt_t_*_t667_S_t_*_tpb_
_t667_Eˍt_t_*_t667_NNˍttt_t_ + 3_t667_Eˍtt_t_*_t667_NNˍtt_t_ + 3_t667_Eˍttt_t_*_t667_NNˍt_t_ + _t667_Eˍtttt_t_*_t667_NN_t_ + _t667_E_t_*_t667_NNˍttt_t_*_tpnu_ + 3_t667_Eˍt_t_*_t667_NNˍtt_t_*_tpnu_ + 3_t667_Eˍtt_t_*_t667_NNˍt_t_*_tpnu_ + _t667_Eˍttt_t_*_t667_NN_t_*_tpnu_ - _t667_In_t_*_t667_Sˍttt_t_*_tpb_ - 3_t667_Inˍt_t_*_t667_Sˍtt_t_*_tpb_ - 3_t667_Inˍtt_t_*_t667_Sˍt_t_*_tpb_ - _t667_Inˍttt_t_*_t667_S_t_*_tpb_
_t667_NN_t_*_t667_Sˍt_t_ + _t667_In_t_*_t667_S_t_*_tpb_
_t667_NNˍt_t_
_t667_NNˍtt_t_
_t667_NN_t_*_t667_Sˍtt_t_ + _t667_NNˍt_t_*_t667_Sˍt_t_ + _t667_In_t_*_t667_Sˍt_t_*_tpb_ + _t667_Inˍt_t_*_t667_S_t_*_tpb_
_t667_NNˍttt_t_
_t667_NN_t_*_t667_Sˍttt_t_ + 2_t667_NNˍt_t_*_t667_Sˍtt_t_ + _t667_NNˍtt_t_*_t667_Sˍt_t_ + _t667_In_t_*_t667_Sˍtt_t_*_tpb_ + 2_t667_Inˍt_t_*_t667_Sˍt_t_*_tpb_ + _t667_Inˍtt_t_*_t667_S_t_*_tpb_
As a reminder the true parameter values are: 
OrderedDict{Num, Float64}(a => 0.678, b => 0.793, nu => 0.88)
And the true states are: 
OrderedDict{Num, Float64}(S(t) => 0.785, E(t) => 0.109, In(t) => 0.388, NN(t) => 0.684)
The forward substitution dictionary is: 
Any[OrderedDict{Num, Any}(Sˍt(t) => _t667_Sˍt_t_, Eˍt(t) => _t667_Eˍt_t_, Inˍt(t) => _t667_Inˍt_t_, NNˍt(t) => _t667_NNˍt_t_, Sˍtt(t) => _t667_Sˍtt_t_, Eˍtt(t) => _t667_Eˍtt_t_, Inˍtt(t) => _t667_Inˍtt_t_, NNˍtt(t) => _t667_NNˍtt_t_, Sˍttt(t) => _t667_Sˍttt_t_, Eˍttt(t) => _t667_Eˍttt_t_, Inˍttt(t) => _t667_Inˍttt_t_, NNˍttt(t) => _t667_NNˍttt_t_, Sˍtttt(t) => _t667_Sˍtttt_t_, Eˍtttt(t) => _t667_Eˍtttt_t_, Inˍtttt(t) => _t667_Inˍtttt_t_, NNˍtttt(t) => _t667_NNˍtttt_t_, Sˍttttt(t) => _t667_Sˍttttt_t_, Eˍttttt(t) => _t667_Eˍttttt_t_, Inˍttttt(t) => _t667_Inˍttttt_t_, NNˍttttt(t) => _t667_NNˍttttt_t_, Sˍtttttt(t) => _t667_Sˍtttttt_t_, Eˍtttttt(t) => _t667_Eˍtttttt_t_, Inˍtttttt(t) => _t667_Inˍtttttt_t_, NNˍtttttt(t) => _t667_NNˍtttttt_t_, S(t) => _t667_S_t_, E(t) => _t667_E_t_, In(t) => _t667_In_t_, NN(t) => _t667_NN_t_, y1(t) => _t667_y1_t_, y2(t) => _t667_y2_t_, y1ˍt(t) => _t667_y1ˍt_t_, y2ˍt(t) => _t667_y2ˍt_t_, y1ˍtt(t) => _t667_y1ˍtt_t_, y2ˍtt(t) => _t667_y2ˍtt_t_, y1ˍttt(t) => _t667_y1ˍttt_t_, y2ˍttt(t) => _t667_y2ˍttt_t_, y1ˍtttt(t) => _t667_y1ˍtttt_t_, y2ˍtttt(t) => _t667_y2ˍtttt_t_, y1ˍttttt(t) => _t667_y1ˍttttt_t_, y2ˍttttt(t) => _t667_y2ˍttttt_t_, y1ˍtttttt(t) => _t667_y1ˍtttttt_t_, y2ˍtttttt(t) => _t667_y2ˍtttttt_t_, a => _tpa_, nu => _tpnu_, b => _tpb_)]
The reverse substitution dictionary is: 
Any[OrderedDict{Any, Any}(_t667_Sˍt_t_ => Sˍt(t), _t667_Eˍt_t_ => Eˍt(t), _t667_Inˍt_t_ => Inˍt(t), _t667_NNˍt_t_ => NNˍt(t), _t667_Sˍtt_t_ => Sˍtt(t), _t667_Eˍtt_t_ => Eˍtt(t), _t667_Inˍtt_t_ => Inˍtt(t), _t667_NNˍtt_t_ => NNˍtt(t), _t667_Sˍttt_t_ => Sˍttt(t), _t667_Eˍttt_t_ => Eˍttt(t), _t667_Inˍttt_t_ => Inˍttt(t), _t667_NNˍttt_t_ => NNˍttt(t), _t667_Sˍtttt_t_ => Sˍtttt(t), _t667_Eˍtttt_t_ => Eˍtttt(t), _t667_Inˍtttt_t_ => Inˍtttt(t), _t667_NNˍtttt_t_ => NNˍtttt(t), _t667_Sˍttttt_t_ => Sˍttttt(t), _t667_Eˍttttt_t_ => Eˍttttt(t), _t667_Inˍttttt_t_ => Inˍttttt(t), _t667_NNˍttttt_t_ => NNˍttttt(t), _t667_Sˍtttttt_t_ => Sˍtttttt(t), _t667_Eˍtttttt_t_ => Eˍtttttt(t), _t667_Inˍtttttt_t_ => Inˍtttttt(t), _t667_NNˍtttttt_t_ => NNˍtttttt(t), _t667_S_t_ => S(t), _t667_E_t_ => E(t), _t667_In_t_ => In(t), _t667_NN_t_ => NN(t), _t667_y1_t_ => y1(t), _t667_y2_t_ => y2(t), _t667_y1ˍt_t_ => y1ˍt(t), _t667_y2ˍt_t_ => y2ˍt(t), _t667_y1ˍtt_t_ => y1ˍtt(t), _t667_y2ˍtt_t_ => y2ˍtt(t), _t667_y1ˍttt_t_ => y1ˍttt(t), _t667_y2ˍttt_t_ => y2ˍttt(t), _t667_y1ˍtttt_t_ => y1ˍtttt(t), _t667_y2ˍtttt_t_ => y2ˍtttt(t), _t667_y1ˍttttt_t_ => y1ˍttttt(t), _t667_y2ˍttttt_t_ => y2ˍttttt(t), _t667_y1ˍtttttt_t_ => y1ˍtttttt(t), _t667_y2ˍtttttt_t_ => y2ˍtttttt(t), _tpa_ => a, _tpnu_ => nu, _tpb_ => b)]
DEBUG [multipoint_parameter_estimation]: Evaluated ideal polynomial system with exact state and parameter values:
0.0
0.0
0.0
0.0
0.0
0.0
0.0
0.0
0.0
8.673617379884035e-19
0.0
1.3877787807814457e-17
-2.7755575615628914e-17
1.734723475976807e-18
6.938893903907228e-18
-3.469446951953614e-18
0.0
0
0
0.0
0
0.0
DEBUG [multipoint_parameter_estimation]: Evaluated interpolated polynomial system with exact state and parameter values:
0.0
1.8698087522750484e-10
6.011508651981856e-9
-6.375535784074529e-8
-3.0877652203650796e-6
3.469156379165561e-5
0.0014943228215975879
0.0
0.0
8.673617379884035e-19
0.0
1.3877787807814457e-17
-2.7755575615628914e-17
1.734723475976807e-18
6.938893903907228e-18
-3.469446951953614e-18
0.0
0
0
0.0
0
0.0
and by the way the exact state values are: (at the time index 667)
OrderedDict{Any, Any}(S(t) => 0.4696676830007269, E(t) => 0.20676592369460212, In(t) => 0.3051753742183433, NN(t) => 0.684)
and by the way the exact parameter values are:
OrderedDict{Num, Float64}(a => 0.678, b => 0.793, nu => 0.88)
aa_system
Any[_t667_NN_t_ - 6160924290242839//9007199254740992, _t667_In_t_ - 2748775401540591//9007199254740992, _t667_Inˍt_t_ + 899094914329345//36028797018963968, _t667_Inˍtt_t_ - 6989257609049365//2305843009213693952, _t667_Inˍttt_t_ + 7713833906071007//144115188075855872, _t667_Inˍtttt_t_ - 8214854598128543//72057594037927936, _t667_Inˍttttt_t_ + 6896978175879291//36028797018963968, _tpa_*_t667_In_t_ - _tpnu_*_t667_E_t_ + _t667_Inˍt_t_, _tpa_*_t667_Inˍt_t_ - _tpnu_*_t667_Eˍt_t_ + _t667_Inˍtt_t_, _tpa_*_t667_Inˍtt_t_ - _tpnu_*_t667_Eˍtt_t_ + _t667_Inˍttt_t_, _tpa_*_t667_Inˍttt_t_ - _tpnu_*_t667_Eˍttt_t_ + _t667_Inˍtttt_t_, _tpa_*_t667_Inˍtttt_t_ - _tpnu_*_t667_Eˍtttt_t_ + _t667_Inˍttttt_t_, _tpnu_*_t667_E_t_*_t667_NN_t_ - _tpb_*_t667_S_t_*_t667_In_t_ + _t667_NN_t_*_t667_Eˍt_t_, _tpnu_*_t667_E_t_*_t667_NNˍt_t_ + _tpnu_*_t667_NN_t_*_t667_Eˍt_t_ - _tpb_*_t667_S_t_*_t667_Inˍt_t_ - _tpb_*_t667_In_t_*_t667_Sˍt_t_ + _t667_NN_t_*_t667_Eˍtt_t_ + _t667_Eˍt_t_*_t667_NNˍt_t_, _tpnu_*_t667_E_t_*_t667_NNˍtt_t_ + _tpnu_*_t667_NN_t_*_t667_Eˍtt_t_ + 2*_tpnu_*_t667_Eˍt_t_*_t667_NNˍt_t_ - _tpb_*_t667_S_t_*_t667_Inˍtt_t_ - _tpb_*_t667_In_t_*_t667_Sˍtt_t_ - 2*_tpb_*_t667_Inˍt_t_*_t667_Sˍt_t_ + _t667_NN_t_*_t667_Eˍttt_t_ + _t667_Eˍt_t_*_t667_NNˍtt_t_ + 2*_t667_Eˍtt_t_*_t667_NNˍt_t_, _tpnu_*_t667_E_t_*_t667_NNˍttt_t_ + _tpnu_*_t667_NN_t_*_t667_Eˍttt_t_ + 3*_tpnu_*_t667_Eˍt_t_*_t667_NNˍtt_t_ + 3*_tpnu_*_t667_Eˍtt_t_*_t667_NNˍt_t_ - _tpb_*_t667_S_t_*_t667_Inˍttt_t_ - _tpb_*_t667_In_t_*_t667_Sˍttt_t_ - 3*_tpb_*_t667_Inˍt_t_*_t667_Sˍtt_t_ - 3*_tpb_*_t667_Inˍtt_t_*_t667_Sˍt_t_ + _t667_NN_t_*_t667_Eˍtttt_t_ + _t667_Eˍt_t_*_t667_NNˍttt_t_ + 3*_t667_Eˍtt_t_*_t667_NNˍtt_t_ + 3*_t667_Eˍttt_t_*_t667_NNˍt_t_, _tpb_*_t667_S_t_*_t667_In_t_ + _t667_NN_t_*_t667_Sˍt_t_, _t667_NNˍt_t_, _t667_NNˍtt_t_, _tpb_*_t667_S_t_*_t667_Inˍt_t_ + _tpb_*_t667_In_t_*_t667_Sˍt_t_ + _t667_NN_t_*_t667_Sˍtt_t_ + _t667_Sˍt_t_*_t667_NNˍt_t_, _t667_NNˍttt_t_, _tpb_*_t667_S_t_*_t667_Inˍtt_t_ + _tpb_*_t667_In_t_*_t667_Sˍtt_t_ + 2*_tpb_*_t667_Inˍt_t_*_t667_Sˍt_t_ + _t667_NN_t_*_t667_Sˍttt_t_ + _t667_Sˍt_t_*_t667_NNˍtt_t_ + 2*_t667_NNˍt_t_*_t667_Sˍtt_t_]
R
Multivariate polynomial ring in 22 variables over rationals
primes of bitsize 28
G-Q-Pt-FG-LT-LP(C)
Dimension of the quotient :4
Degree of the radical :4
Use last variable as separating element
Separating form: [0, 0, 0, 0, 0, 0, 0, 0, 0, 0, 0, 0, 0, 0, 0, 0, 0, 0, 0, 0, 0, 1]
Run Groebner learn
Test cyclic optimization
Apply cyclic optimization 
Multi-modular computation (1 threads): G-Q-Pt-FG-LT-LP(C)
5-9-13-17-21-25-29-33-37-41-45-49-53-61-69-77-85-93-105-117-
check-G-Q-Pt-FG-LT-LP(C)
Nb Primes used :117
Vector{MPFI.BigInterval}[]
DEBUG [determine_optimal_points_count]: Large num points: 1
DEBUG [determine_optimal_points_count]: Good num points: 1
DEBUG [multipoint_parameter_estimation]: Parameter estimation using this many points: 1
DEBUG [multipoint_parameter_estimation]: Ideal final target: 
-0.684 + _t667_NN_t_
-0.3051753742183433 + _t667_In_t_
0.024954890868786883 + _t667_Inˍt_t_
-0.003031043558159025 + _t667_Inˍtt_t_
0.05352856283180936 + _t667_Inˍttt_t_
-0.11403870054866848 + _t667_Inˍtttt_t_
0.18993527645836245 + _t667_Inˍttttt_t_
_t667_Inˍt_t_ - _t667_E_t_*_tpnu_ + _t667_In_t_*_tpa_
_t667_Inˍtt_t_ - _t667_Eˍt_t_*_tpnu_ + _t667_Inˍt_t_*_tpa_
_t667_Inˍttt_t_ - _t667_Eˍtt_t_*_tpnu_ + _t667_Inˍtt_t_*_tpa_
_t667_Inˍtttt_t_ - _t667_Eˍttt_t_*_tpnu_ + _t667_Inˍttt_t_*_tpa_
_t667_Inˍttttt_t_ - _t667_Eˍtttt_t_*_tpnu_ + _t667_Inˍtttt_t_*_tpa_
_t667_Eˍt_t_*_t667_NN_t_ + _t667_E_t_*_t667_NN_t_*_tpnu_ - _t667_In_t_*_t667_S_t_*_tpb_
_t667_Eˍt_t_*_t667_NNˍt_t_ + _t667_Eˍtt_t_*_t667_NN_t_ + _t667_E_t_*_t667_NNˍt_t_*_tpnu_ + _t667_Eˍt_t_*_t667_NN_t_*_tpnu_ - _t667_In_t_*_t667_Sˍt_t_*_tpb_ - _t667_Inˍt_t_*_t667_S_t_*_tpb_
_t667_Eˍt_t_*_t667_NNˍtt_t_ + 2_t667_Eˍtt_t_*_t667_NNˍt_t_ + _t667_Eˍttt_t_*_t667_NN_t_ + _t667_E_t_*_t667_NNˍtt_t_*_tpnu_ + 2_t667_Eˍt_t_*_t667_NNˍt_t_*_tpnu_ + _t667_Eˍtt_t_*_t667_NN_t_*_tpnu_ - _t667_In_t_*_t667_Sˍtt_t_*_tpb_ - 2_t667_Inˍt_t_*_t667_Sˍt_t_*_tpb_ - _t667_Inˍtt_t_*_t667_S_t_*_tpb_
_t667_Eˍt_t_*_t667_NNˍttt_t_ + 3_t667_Eˍtt_t_*_t667_NNˍtt_t_ + 3_t667_Eˍttt_t_*_t667_NNˍt_t_ + _t667_Eˍtttt_t_*_t667_NN_t_ + _t667_E_t_*_t667_NNˍttt_t_*_tpnu_ + 3_t667_Eˍt_t_*_t667_NNˍtt_t_*_tpnu_ + 3_t667_Eˍtt_t_*_t667_NNˍt_t_*_tpnu_ + _t667_Eˍttt_t_*_t667_NN_t_*_tpnu_ - _t667_In_t_*_t667_Sˍttt_t_*_tpb_ - 3_t667_Inˍt_t_*_t667_Sˍtt_t_*_tpb_ - 3_t667_Inˍtt_t_*_t667_Sˍt_t_*_tpb_ - _t667_Inˍttt_t_*_t667_S_t_*_tpb_
_t667_NN_t_*_t667_Sˍt_t_ + _t667_In_t_*_t667_S_t_*_tpb_
_t667_NNˍt_t_
_t667_NNˍtt_t_
_t667_NN_t_*_t667_Sˍtt_t_ + _t667_NNˍt_t_*_t667_Sˍt_t_ + _t667_In_t_*_t667_Sˍt_t_*_tpb_ + _t667_Inˍt_t_*_t667_S_t_*_tpb_
_t667_NNˍttt_t_
_t667_NN_t_*_t667_Sˍttt_t_ + 2_t667_NNˍt_t_*_t667_Sˍtt_t_ + _t667_NNˍtt_t_*_t667_Sˍt_t_ + _t667_In_t_*_t667_Sˍtt_t_*_tpb_ + 2_t667_Inˍt_t_*_t667_Sˍt_t_*_tpb_ + _t667_Inˍtt_t_*_t667_S_t_*_tpb_
DEBUG [but we are actually solving this: 
-0.684 + _t667_NN_t_
-0.3051753740313624 + _t667_In_t_
0.024954896880295535 + _t667_Inˍt_t_
-0.0030311073135168656 + _t667_Inˍtt_t_
0.053525475066588994 + _t667_Inˍttt_t_
-0.11400400898487682 + _t667_Inˍtttt_t_
0.19142959927996003 + _t667_Inˍttttt_t_
_t667_Inˍt_t_ - _t667_E_t_*_tpnu_ + _t667_In_t_*_tpa_
_t667_Inˍtt_t_ - _t667_Eˍt_t_*_tpnu_ + _t667_Inˍt_t_*_tpa_
_t667_Inˍttt_t_ - _t667_Eˍtt_t_*_tpnu_ + _t667_Inˍtt_t_*_tpa_
_t667_Inˍtttt_t_ - _t667_Eˍttt_t_*_tpnu_ + _t667_Inˍttt_t_*_tpa_
_t667_Inˍttttt_t_ - _t667_Eˍtttt_t_*_tpnu_ + _t667_Inˍtttt_t_*_tpa_
_t667_Eˍt_t_*_t667_NN_t_ + _t667_E_t_*_t667_NN_t_*_tpnu_ - _t667_In_t_*_t667_S_t_*_tpb_
_t667_Eˍt_t_*_t667_NNˍt_t_ + _t667_Eˍtt_t_*_t667_NN_t_ + _t667_E_t_*_t667_NNˍt_t_*_tpnu_ + _t667_Eˍt_t_*_t667_NN_t_*_tpnu_ - _t667_In_t_*_t667_Sˍt_t_*_tpb_ - _t667_Inˍt_t_*_t667_S_t_*_tpb_
_t667_Eˍt_t_*_t667_NNˍtt_t_ + 2_t667_Eˍtt_t_*_t667_NNˍt_t_ + _t667_Eˍttt_t_*_t667_NN_t_ + _t667_E_t_*_t667_NNˍtt_t_*_tpnu_ + 2_t667_Eˍt_t_*_t667_NNˍt_t_*_tpnu_ + _t667_Eˍtt_t_*_t667_NN_t_*_tpnu_ - _t667_In_t_*_t667_Sˍtt_t_*_tpb_ - 2_t667_Inˍt_t_*_t667_Sˍt_t_*_tpb_ - _t667_Inˍtt_t_*_t667_S_t_*_tpb_
_t667_Eˍt_t_*_t667_NNˍttt_t_ + 3_t667_Eˍtt_t_*_t667_NNˍtt_t_ + 3_t667_Eˍttt_t_*_t667_NNˍt_t_ + _t667_Eˍtttt_t_*_t667_NN_t_ + _t667_E_t_*_t667_NNˍttt_t_*_tpnu_ + 3_t667_Eˍt_t_*_t667_NNˍtt_t_*_tpnu_ + 3_t667_Eˍtt_t_*_t667_NNˍt_t_*_tpnu_ + _t667_Eˍttt_t_*_t667_NN_t_*_tpnu_ - _t667_In_t_*_t667_Sˍttt_t_*_tpb_ - 3_t667_Inˍt_t_*_t667_Sˍtt_t_*_tpb_ - 3_t667_Inˍtt_t_*_t667_Sˍt_t_*_tpb_ - _t667_Inˍttt_t_*_t667_S_t_*_tpb_
_t667_NN_t_*_t667_Sˍt_t_ + _t667_In_t_*_t667_S_t_*_tpb_
_t667_NNˍt_t_
_t667_NNˍtt_t_
_t667_NN_t_*_t667_Sˍtt_t_ + _t667_NNˍt_t_*_t667_Sˍt_t_ + _t667_In_t_*_t667_Sˍt_t_*_tpb_ + _t667_Inˍt_t_*_t667_S_t_*_tpb_
_t667_NNˍttt_t_
_t667_NN_t_*_t667_Sˍttt_t_ + 2_t667_NNˍt_t_*_t667_Sˍtt_t_ + _t667_NNˍtt_t_*_t667_Sˍt_t_ + _t667_In_t_*_t667_Sˍtt_t_*_tpb_ + 2_t667_Inˍt_t_*_t667_Sˍt_t_*_tpb_ + _t667_Inˍtt_t_*_t667_S_t_*_tpb_
As a reminder the true parameter values are: 
OrderedDict{Num, Float64}(a => 0.678, b => 0.793, nu => 0.88)
And the true states are: 
OrderedDict{Num, Float64}(S(t) => 0.785, E(t) => 0.109, In(t) => 0.388, NN(t) => 0.684)
The forward substitution dictionary is: 
Any[OrderedDict{Num, Any}(Sˍt(t) => _t667_Sˍt_t_, Eˍt(t) => _t667_Eˍt_t_, Inˍt(t) => _t667_Inˍt_t_, NNˍt(t) => _t667_NNˍt_t_, Sˍtt(t) => _t667_Sˍtt_t_, Eˍtt(t) => _t667_Eˍtt_t_, Inˍtt(t) => _t667_Inˍtt_t_, NNˍtt(t) => _t667_NNˍtt_t_, Sˍttt(t) => _t667_Sˍttt_t_, Eˍttt(t) => _t667_Eˍttt_t_, Inˍttt(t) => _t667_Inˍttt_t_, NNˍttt(t) => _t667_NNˍttt_t_, Sˍtttt(t) => _t667_Sˍtttt_t_, Eˍtttt(t) => _t667_Eˍtttt_t_, Inˍtttt(t) => _t667_Inˍtttt_t_, NNˍtttt(t) => _t667_NNˍtttt_t_, Sˍttttt(t) => _t667_Sˍttttt_t_, Eˍttttt(t) => _t667_Eˍttttt_t_, Inˍttttt(t) => _t667_Inˍttttt_t_, NNˍttttt(t) => _t667_NNˍttttt_t_, Sˍtttttt(t) => _t667_Sˍtttttt_t_, Eˍtttttt(t) => _t667_Eˍtttttt_t_, Inˍtttttt(t) => _t667_Inˍtttttt_t_, NNˍtttttt(t) => _t667_NNˍtttttt_t_, S(t) => _t667_S_t_, E(t) => _t667_E_t_, In(t) => _t667_In_t_, NN(t) => _t667_NN_t_, y1(t) => _t667_y1_t_, y2(t) => _t667_y2_t_, y1ˍt(t) => _t667_y1ˍt_t_, y2ˍt(t) => _t667_y2ˍt_t_, y1ˍtt(t) => _t667_y1ˍtt_t_, y2ˍtt(t) => _t667_y2ˍtt_t_, y1ˍttt(t) => _t667_y1ˍttt_t_, y2ˍttt(t) => _t667_y2ˍttt_t_, y1ˍtttt(t) => _t667_y1ˍtttt_t_, y2ˍtttt(t) => _t667_y2ˍtttt_t_, y1ˍttttt(t) => _t667_y1ˍttttt_t_, y2ˍttttt(t) => _t667_y2ˍttttt_t_, y1ˍtttttt(t) => _t667_y1ˍtttttt_t_, y2ˍtttttt(t) => _t667_y2ˍtttttt_t_, a => _tpa_, nu => _tpnu_, b => _tpb_)]
The reverse substitution dictionary is: 
Any[OrderedDict{Any, Any}(_t667_Sˍt_t_ => Sˍt(t), _t667_Eˍt_t_ => Eˍt(t), _t667_Inˍt_t_ => Inˍt(t), _t667_NNˍt_t_ => NNˍt(t), _t667_Sˍtt_t_ => Sˍtt(t), _t667_Eˍtt_t_ => Eˍtt(t), _t667_Inˍtt_t_ => Inˍtt(t), _t667_NNˍtt_t_ => NNˍtt(t), _t667_Sˍttt_t_ => Sˍttt(t), _t667_Eˍttt_t_ => Eˍttt(t), _t667_Inˍttt_t_ => Inˍttt(t), _t667_NNˍttt_t_ => NNˍttt(t), _t667_Sˍtttt_t_ => Sˍtttt(t), _t667_Eˍtttt_t_ => Eˍtttt(t), _t667_Inˍtttt_t_ => Inˍtttt(t), _t667_NNˍtttt_t_ => NNˍtttt(t), _t667_Sˍttttt_t_ => Sˍttttt(t), _t667_Eˍttttt_t_ => Eˍttttt(t), _t667_Inˍttttt_t_ => Inˍttttt(t), _t667_NNˍttttt_t_ => NNˍttttt(t), _t667_Sˍtttttt_t_ => Sˍtttttt(t), _t667_Eˍtttttt_t_ => Eˍtttttt(t), _t667_Inˍtttttt_t_ => Inˍtttttt(t), _t667_NNˍtttttt_t_ => NNˍtttttt(t), _t667_S_t_ => S(t), _t667_E_t_ => E(t), _t667_In_t_ => In(t), _t667_NN_t_ => NN(t), _t667_y1_t_ => y1(t), _t667_y2_t_ => y2(t), _t667_y1ˍt_t_ => y1ˍt(t), _t667_y2ˍt_t_ => y2ˍt(t), _t667_y1ˍtt_t_ => y1ˍtt(t), _t667_y2ˍtt_t_ => y2ˍtt(t), _t667_y1ˍttt_t_ => y1ˍttt(t), _t667_y2ˍttt_t_ => y2ˍttt(t), _t667_y1ˍtttt_t_ => y1ˍtttt(t), _t667_y2ˍtttt_t_ => y2ˍtttt(t), _t667_y1ˍttttt_t_ => y1ˍttttt(t), _t667_y2ˍttttt_t_ => y2ˍttttt(t), _t667_y1ˍtttttt_t_ => y1ˍtttttt(t), _t667_y2ˍtttttt_t_ => y2ˍtttttt(t), _tpa_ => a, _tpnu_ => nu, _tpb_ => b)]
DEBUG [multipoint_parameter_estimation]: Evaluated ideal polynomial system with exact state and parameter values:
0.0
0.0
0.0
0.0
0.0
0.0
0.0
0.0
0.0
8.673617379884035e-19
0.0
1.3877787807814457e-17
-2.7755575615628914e-17
1.734723475976807e-18
6.938893903907228e-18
-3.469446951953614e-18
0.0
0
0
0.0
0
0.0
DEBUG [multipoint_parameter_estimation]: Evaluated interpolated polynomial system with exact state and parameter values:
0.0
1.8698087522750484e-10
6.011508651981856e-9
-6.375535784074529e-8
-3.0877652203650796e-6
3.469156379165561e-5
0.0014943228215975879
0.0
0.0
8.673617379884035e-19
0.0
1.3877787807814457e-17
-2.7755575615628914e-17
1.734723475976807e-18
6.938893903907228e-18
-3.469446951953614e-18
0.0
0
0
0.0
0
0.0
and by the way the exact state values are: (at the time index 667)
OrderedDict{Any, Any}(S(t) => 0.4696676830007269, E(t) => 0.20676592369460212, In(t) => 0.3051753742183433, NN(t) => 0.684)
and by the way the exact parameter values are:
OrderedDict{Num, Float64}(a => 0.678, b => 0.793, nu => 0.88)
aa_system
Any[_t667_NN_t_ - 6160924290242839//9007199254740992, _t667_In_t_ - 2748775401540591//9007199254740992, _t667_Inˍt_t_ + 899094914329345//36028797018963968, _t667_Inˍtt_t_ - 6989257609049365//2305843009213693952, _t667_Inˍttt_t_ + 7713833906071007//144115188075855872, _t667_Inˍtttt_t_ - 8214854598128543//72057594037927936, _t667_Inˍttttt_t_ + 6896978175879291//36028797018963968, _tpa_*_t667_In_t_ - _tpnu_*_t667_E_t_ + _t667_Inˍt_t_, _tpa_*_t667_Inˍt_t_ - _tpnu_*_t667_Eˍt_t_ + _t667_Inˍtt_t_, _tpa_*_t667_Inˍtt_t_ - _tpnu_*_t667_Eˍtt_t_ + _t667_Inˍttt_t_, _tpa_*_t667_Inˍttt_t_ - _tpnu_*_t667_Eˍttt_t_ + _t667_Inˍtttt_t_, _tpa_*_t667_Inˍtttt_t_ - _tpnu_*_t667_Eˍtttt_t_ + _t667_Inˍttttt_t_, _tpnu_*_t667_E_t_*_t667_NN_t_ - _tpb_*_t667_S_t_*_t667_In_t_ + _t667_NN_t_*_t667_Eˍt_t_, _tpnu_*_t667_E_t_*_t667_NNˍt_t_ + _tpnu_*_t667_NN_t_*_t667_Eˍt_t_ - _tpb_*_t667_S_t_*_t667_Inˍt_t_ - _tpb_*_t667_In_t_*_t667_Sˍt_t_ + _t667_NN_t_*_t667_Eˍtt_t_ + _t667_Eˍt_t_*_t667_NNˍt_t_, _tpnu_*_t667_E_t_*_t667_NNˍtt_t_ + _tpnu_*_t667_NN_t_*_t667_Eˍtt_t_ + 2*_tpnu_*_t667_Eˍt_t_*_t667_NNˍt_t_ - _tpb_*_t667_S_t_*_t667_Inˍtt_t_ - _tpb_*_t667_In_t_*_t667_Sˍtt_t_ - 2*_tpb_*_t667_Inˍt_t_*_t667_Sˍt_t_ + _t667_NN_t_*_t667_Eˍttt_t_ + _t667_Eˍt_t_*_t667_NNˍtt_t_ + 2*_t667_Eˍtt_t_*_t667_NNˍt_t_, _tpnu_*_t667_E_t_*_t667_NNˍttt_t_ + _tpnu_*_t667_NN_t_*_t667_Eˍttt_t_ + 3*_tpnu_*_t667_Eˍt_t_*_t667_NNˍtt_t_ + 3*_tpnu_*_t667_Eˍtt_t_*_t667_NNˍt_t_ - _tpb_*_t667_S_t_*_t667_Inˍttt_t_ - _tpb_*_t667_In_t_*_t667_Sˍttt_t_ - 3*_tpb_*_t667_Inˍt_t_*_t667_Sˍtt_t_ - 3*_tpb_*_t667_Inˍtt_t_*_t667_Sˍt_t_ + _t667_NN_t_*_t667_Eˍtttt_t_ + _t667_Eˍt_t_*_t667_NNˍttt_t_ + 3*_t667_Eˍtt_t_*_t667_NNˍtt_t_ + 3*_t667_Eˍttt_t_*_t667_NNˍt_t_, _tpb_*_t667_S_t_*_t667_In_t_ + _t667_NN_t_*_t667_Sˍt_t_, _t667_NNˍt_t_, _t667_NNˍtt_t_, _tpb_*_t667_S_t_*_t667_Inˍt_t_ + _tpb_*_t667_In_t_*_t667_Sˍt_t_ + _t667_NN_t_*_t667_Sˍtt_t_ + _t667_Sˍt_t_*_t667_NNˍt_t_, _t667_NNˍttt_t_, _tpb_*_t667_S_t_*_t667_Inˍtt_t_ + _tpb_*_t667_In_t_*_t667_Sˍtt_t_ + 2*_tpb_*_t667_Inˍt_t_*_t667_Sˍt_t_ + _t667_NN_t_*_t667_Sˍttt_t_ + _t667_Sˍt_t_*_t667_NNˍtt_t_ + 2*_t667_NNˍt_t_*_t667_Sˍtt_t_]
R
Multivariate polynomial ring in 22 variables over rationals
primes of bitsize 28
G-Q-Pt-FG-LT-LP(C)
Dimension of the quotient :4
Degree of the radical :4
Use last variable as separating element
Separating form: [0, 0, 0, 0, 0, 0, 0, 0, 0, 0, 0, 0, 0, 0, 0, 0, 0, 0, 0, 0, 0, 1]
Run Groebner learn
Test cyclic optimization
Apply cyclic optimization 
Multi-modular computation (1 threads): G-Q-Pt-FG-LT-LP(C)
5-9-13-17-21-25-29-33-37-41-45-49-53-61-69-77-85-93-105-117-
check-G-Q-Pt-FG-LT-LP(C)
Nb Primes used :117
Vector{MPFI.BigInterval}[]
DEBUG [determine_optimal_points_count]: Large num points: 1
DEBUG [determine_optimal_points_count]: Good num points: 1
DEBUG [multipoint_parameter_estimation]: Parameter estimation using this many points: 1
DEBUG [multipoint_parameter_estimation]: Ideal final target: 
-0.684 + _t667_NN_t_
-0.3051753742183433 + _t667_In_t_
0.024954890868786883 + _t667_Inˍt_t_
-0.003031043558159025 + _t667_Inˍtt_t_
0.05352856283180936 + _t667_Inˍttt_t_
-0.11403870054866848 + _t667_Inˍtttt_t_
0.18993527645836245 + _t667_Inˍttttt_t_
_t667_Inˍt_t_ - _t667_E_t_*_tpnu_ + _t667_In_t_*_tpa_
_t667_Inˍtt_t_ - _t667_Eˍt_t_*_tpnu_ + _t667_Inˍt_t_*_tpa_
_t667_Inˍttt_t_ - _t667_Eˍtt_t_*_tpnu_ + _t667_Inˍtt_t_*_tpa_
_t667_Inˍtttt_t_ - _t667_Eˍttt_t_*_tpnu_ + _t667_Inˍttt_t_*_tpa_
_t667_Inˍttttt_t_ - _t667_Eˍtttt_t_*_tpnu_ + _t667_Inˍtttt_t_*_tpa_
_t667_Eˍt_t_*_t667_NN_t_ + _t667_E_t_*_t667_NN_t_*_tpnu_ - _t667_In_t_*_t667_S_t_*_tpb_
_t667_Eˍt_t_*_t667_NNˍt_t_ + _t667_Eˍtt_t_*_t667_NN_t_ + _t667_E_t_*_t667_NNˍt_t_*_tpnu_ + _t667_Eˍt_t_*_t667_NN_t_*_tpnu_ - _t667_In_t_*_t667_Sˍt_t_*_tpb_ - _t667_Inˍt_t_*_t667_S_t_*_tpb_
_t667_Eˍt_t_*_t667_NNˍtt_t_ + 2_t667_Eˍtt_t_*_t667_NNˍt_t_ + _t667_Eˍttt_t_*_t667_NN_t_ + _t667_E_t_*_t667_NNˍtt_t_*_tpnu_ + 2_t667_Eˍt_t_*_t667_NNˍt_t_*_tpnu_ + _t667_Eˍtt_t_*_t667_NN_t_*_tpnu_ - _t667_In_t_*_t667_Sˍtt_t_*_tpb_ - 2_t667_Inˍt_t_*_t667_Sˍt_t_*_tpb_ - _t667_Inˍtt_t_*_t667_S_t_*_tpb_
_t667_Eˍt_t_*_t667_NNˍttt_t_ + 3_t667_Eˍtt_t_*_t667_NNˍtt_t_ + 3_t667_Eˍttt_t_*_t667_NNˍt_t_ + _t667_Eˍtttt_t_*_t667_NN_t_ + _t667_E_t_*_t667_NNˍttt_t_*_tpnu_ + 3_t667_Eˍt_t_*_t667_NNˍtt_t_*_tpnu_ + 3_t667_Eˍtt_t_*_t667_NNˍt_t_*_tpnu_ + _t667_Eˍttt_t_*_t667_NN_t_*_tpnu_ - _t667_In_t_*_t667_Sˍttt_t_*_tpb_ - 3_t667_Inˍt_t_*_t667_Sˍtt_t_*_tpb_ - 3_t667_Inˍtt_t_*_t667_Sˍt_t_*_tpb_ - _t667_Inˍttt_t_*_t667_S_t_*_tpb_
_t667_NN_t_*_t667_Sˍt_t_ + _t667_In_t_*_t667_S_t_*_tpb_
_t667_NNˍt_t_
_t667_NNˍtt_t_
_t667_NN_t_*_t667_Sˍtt_t_ + _t667_NNˍt_t_*_t667_Sˍt_t_ + _t667_In_t_*_t667_Sˍt_t_*_tpb_ + _t667_Inˍt_t_*_t667_S_t_*_tpb_
_t667_NNˍttt_t_
_t667_NN_t_*_t667_Sˍttt_t_ + 2_t667_NNˍt_t_*_t667_Sˍtt_t_ + _t667_NNˍtt_t_*_t667_Sˍt_t_ + _t667_In_t_*_t667_Sˍtt_t_*_tpb_ + 2_t667_Inˍt_t_*_t667_Sˍt_t_*_tpb_ + _t667_Inˍtt_t_*_t667_S_t_*_tpb_
DEBUG [but we are actually solving this: 
-0.684 + _t667_NN_t_
-0.3051753740313624 + _t667_In_t_
0.024954896880295535 + _t667_Inˍt_t_
-0.0030311073135168656 + _t667_Inˍtt_t_
0.053525475066588994 + _t667_Inˍttt_t_
-0.11400400898487682 + _t667_Inˍtttt_t_
0.19142959927996003 + _t667_Inˍttttt_t_
_t667_Inˍt_t_ - _t667_E_t_*_tpnu_ + _t667_In_t_*_tpa_
_t667_Inˍtt_t_ - _t667_Eˍt_t_*_tpnu_ + _t667_Inˍt_t_*_tpa_
_t667_Inˍttt_t_ - _t667_Eˍtt_t_*_tpnu_ + _t667_Inˍtt_t_*_tpa_
_t667_Inˍtttt_t_ - _t667_Eˍttt_t_*_tpnu_ + _t667_Inˍttt_t_*_tpa_
_t667_Inˍttttt_t_ - _t667_Eˍtttt_t_*_tpnu_ + _t667_Inˍtttt_t_*_tpa_
_t667_Eˍt_t_*_t667_NN_t_ + _t667_E_t_*_t667_NN_t_*_tpnu_ - _t667_In_t_*_t667_S_t_*_tpb_
_t667_Eˍt_t_*_t667_NNˍt_t_ + _t667_Eˍtt_t_*_t667_NN_t_ + _t667_E_t_*_t667_NNˍt_t_*_tpnu_ + _t667_Eˍt_t_*_t667_NN_t_*_tpnu_ - _t667_In_t_*_t667_Sˍt_t_*_tpb_ - _t667_Inˍt_t_*_t667_S_t_*_tpb_
_t667_Eˍt_t_*_t667_NNˍtt_t_ + 2_t667_Eˍtt_t_*_t667_NNˍt_t_ + _t667_Eˍttt_t_*_t667_NN_t_ + _t667_E_t_*_t667_NNˍtt_t_*_tpnu_ + 2_t667_Eˍt_t_*_t667_NNˍt_t_*_tpnu_ + _t667_Eˍtt_t_*_t667_NN_t_*_tpnu_ - _t667_In_t_*_t667_Sˍtt_t_*_tpb_ - 2_t667_Inˍt_t_*_t667_Sˍt_t_*_tpb_ - _t667_Inˍtt_t_*_t667_S_t_*_tpb_
_t667_Eˍt_t_*_t667_NNˍttt_t_ + 3_t667_Eˍtt_t_*_t667_NNˍtt_t_ + 3_t667_Eˍttt_t_*_t667_NNˍt_t_ + _t667_Eˍtttt_t_*_t667_NN_t_ + _t667_E_t_*_t667_NNˍttt_t_*_tpnu_ + 3_t667_Eˍt_t_*_t667_NNˍtt_t_*_tpnu_ + 3_t667_Eˍtt_t_*_t667_NNˍt_t_*_tpnu_ + _t667_Eˍttt_t_*_t667_NN_t_*_tpnu_ - _t667_In_t_*_t667_Sˍttt_t_*_tpb_ - 3_t667_Inˍt_t_*_t667_Sˍtt_t_*_tpb_ - 3_t667_Inˍtt_t_*_t667_Sˍt_t_*_tpb_ - _t667_Inˍttt_t_*_t667_S_t_*_tpb_
_t667_NN_t_*_t667_Sˍt_t_ + _t667_In_t_*_t667_S_t_*_tpb_
_t667_NNˍt_t_
_t667_NNˍtt_t_
_t667_NN_t_*_t667_Sˍtt_t_ + _t667_NNˍt_t_*_t667_Sˍt_t_ + _t667_In_t_*_t667_Sˍt_t_*_tpb_ + _t667_Inˍt_t_*_t667_S_t_*_tpb_
_t667_NNˍttt_t_
_t667_NN_t_*_t667_Sˍttt_t_ + 2_t667_NNˍt_t_*_t667_Sˍtt_t_ + _t667_NNˍtt_t_*_t667_Sˍt_t_ + _t667_In_t_*_t667_Sˍtt_t_*_tpb_ + 2_t667_Inˍt_t_*_t667_Sˍt_t_*_tpb_ + _t667_Inˍtt_t_*_t667_S_t_*_tpb_
As a reminder the true parameter values are: 
OrderedDict{Num, Float64}(a => 0.678, b => 0.793, nu => 0.88)
And the true states are: 
OrderedDict{Num, Float64}(S(t) => 0.785, E(t) => 0.109, In(t) => 0.388, NN(t) => 0.684)
The forward substitution dictionary is: 
Any[OrderedDict{Num, Any}(Sˍt(t) => _t667_Sˍt_t_, Eˍt(t) => _t667_Eˍt_t_, Inˍt(t) => _t667_Inˍt_t_, NNˍt(t) => _t667_NNˍt_t_, Sˍtt(t) => _t667_Sˍtt_t_, Eˍtt(t) => _t667_Eˍtt_t_, Inˍtt(t) => _t667_Inˍtt_t_, NNˍtt(t) => _t667_NNˍtt_t_, Sˍttt(t) => _t667_Sˍttt_t_, Eˍttt(t) => _t667_Eˍttt_t_, Inˍttt(t) => _t667_Inˍttt_t_, NNˍttt(t) => _t667_NNˍttt_t_, Sˍtttt(t) => _t667_Sˍtttt_t_, Eˍtttt(t) => _t667_Eˍtttt_t_, Inˍtttt(t) => _t667_Inˍtttt_t_, NNˍtttt(t) => _t667_NNˍtttt_t_, Sˍttttt(t) => _t667_Sˍttttt_t_, Eˍttttt(t) => _t667_Eˍttttt_t_, Inˍttttt(t) => _t667_Inˍttttt_t_, NNˍttttt(t) => _t667_NNˍttttt_t_, Sˍtttttt(t) => _t667_Sˍtttttt_t_, Eˍtttttt(t) => _t667_Eˍtttttt_t_, Inˍtttttt(t) => _t667_Inˍtttttt_t_, NNˍtttttt(t) => _t667_NNˍtttttt_t_, S(t) => _t667_S_t_, E(t) => _t667_E_t_, In(t) => _t667_In_t_, NN(t) => _t667_NN_t_, y1(t) => _t667_y1_t_, y2(t) => _t667_y2_t_, y1ˍt(t) => _t667_y1ˍt_t_, y2ˍt(t) => _t667_y2ˍt_t_, y1ˍtt(t) => _t667_y1ˍtt_t_, y2ˍtt(t) => _t667_y2ˍtt_t_, y1ˍttt(t) => _t667_y1ˍttt_t_, y2ˍttt(t) => _t667_y2ˍttt_t_, y1ˍtttt(t) => _t667_y1ˍtttt_t_, y2ˍtttt(t) => _t667_y2ˍtttt_t_, y1ˍttttt(t) => _t667_y1ˍttttt_t_, y2ˍttttt(t) => _t667_y2ˍttttt_t_, y1ˍtttttt(t) => _t667_y1ˍtttttt_t_, y2ˍtttttt(t) => _t667_y2ˍtttttt_t_, a => _tpa_, nu => _tpnu_, b => _tpb_)]
The reverse substitution dictionary is: 
Any[OrderedDict{Any, Any}(_t667_Sˍt_t_ => Sˍt(t), _t667_Eˍt_t_ => Eˍt(t), _t667_Inˍt_t_ => Inˍt(t), _t667_NNˍt_t_ => NNˍt(t), _t667_Sˍtt_t_ => Sˍtt(t), _t667_Eˍtt_t_ => Eˍtt(t), _t667_Inˍtt_t_ => Inˍtt(t), _t667_NNˍtt_t_ => NNˍtt(t), _t667_Sˍttt_t_ => Sˍttt(t), _t667_Eˍttt_t_ => Eˍttt(t), _t667_Inˍttt_t_ => Inˍttt(t), _t667_NNˍttt_t_ => NNˍttt(t), _t667_Sˍtttt_t_ => Sˍtttt(t), _t667_Eˍtttt_t_ => Eˍtttt(t), _t667_Inˍtttt_t_ => Inˍtttt(t), _t667_NNˍtttt_t_ => NNˍtttt(t), _t667_Sˍttttt_t_ => Sˍttttt(t), _t667_Eˍttttt_t_ => Eˍttttt(t), _t667_Inˍttttt_t_ => Inˍttttt(t), _t667_NNˍttttt_t_ => NNˍttttt(t), _t667_Sˍtttttt_t_ => Sˍtttttt(t), _t667_Eˍtttttt_t_ => Eˍtttttt(t), _t667_Inˍtttttt_t_ => Inˍtttttt(t), _t667_NNˍtttttt_t_ => NNˍtttttt(t), _t667_S_t_ => S(t), _t667_E_t_ => E(t), _t667_In_t_ => In(t), _t667_NN_t_ => NN(t), _t667_y1_t_ => y1(t), _t667_y2_t_ => y2(t), _t667_y1ˍt_t_ => y1ˍt(t), _t667_y2ˍt_t_ => y2ˍt(t), _t667_y1ˍtt_t_ => y1ˍtt(t), _t667_y2ˍtt_t_ => y2ˍtt(t), _t667_y1ˍttt_t_ => y1ˍttt(t), _t667_y2ˍttt_t_ => y2ˍttt(t), _t667_y1ˍtttt_t_ => y1ˍtttt(t), _t667_y2ˍtttt_t_ => y2ˍtttt(t), _t667_y1ˍttttt_t_ => y1ˍttttt(t), _t667_y2ˍttttt_t_ => y2ˍttttt(t), _t667_y1ˍtttttt_t_ => y1ˍtttttt(t), _t667_y2ˍtttttt_t_ => y2ˍtttttt(t), _tpa_ => a, _tpnu_ => nu, _tpb_ => b)]
DEBUG [multipoint_parameter_estimation]: Evaluated ideal polynomial system with exact state and parameter values:
0.0
0.0
0.0
0.0
0.0
0.0
0.0
0.0
0.0
8.673617379884035e-19
0.0
1.3877787807814457e-17
-2.7755575615628914e-17
1.734723475976807e-18
6.938893903907228e-18
-3.469446951953614e-18
0.0
0
0
0.0
0
0.0
DEBUG [multipoint_parameter_estimation]: Evaluated interpolated polynomial system with exact state and parameter values:
0.0
1.8698087522750484e-10
6.011508651981856e-9
-6.375535784074529e-8
-3.0877652203650796e-6
3.469156379165561e-5
0.0014943228215975879
0.0
0.0
8.673617379884035e-19
0.0
1.3877787807814457e-17
-2.7755575615628914e-17
1.734723475976807e-18
6.938893903907228e-18
-3.469446951953614e-18
0.0
0
0
0.0
0
0.0
and by the way the exact state values are: (at the time index 667)
OrderedDict{Any, Any}(S(t) => 0.4696676830007269, E(t) => 0.20676592369460212, In(t) => 0.3051753742183433, NN(t) => 0.684)
and by the way the exact parameter values are:
OrderedDict{Num, Float64}(a => 0.678, b => 0.793, nu => 0.88)
aa_system
Any[_t667_NN_t_ - 6160924290242839//9007199254740992, _t667_In_t_ - 2748775401540591//9007199254740992, _t667_Inˍt_t_ + 899094914329345//36028797018963968, _t667_Inˍtt_t_ - 6989257609049365//2305843009213693952, _t667_Inˍttt_t_ + 7713833906071007//144115188075855872, _t667_Inˍtttt_t_ - 8214854598128543//72057594037927936, _t667_Inˍttttt_t_ + 6896978175879291//36028797018963968, _tpa_*_t667_In_t_ - _tpnu_*_t667_E_t_ + _t667_Inˍt_t_, _tpa_*_t667_Inˍt_t_ - _tpnu_*_t667_Eˍt_t_ + _t667_Inˍtt_t_, _tpa_*_t667_Inˍtt_t_ - _tpnu_*_t667_Eˍtt_t_ + _t667_Inˍttt_t_, _tpa_*_t667_Inˍttt_t_ - _tpnu_*_t667_Eˍttt_t_ + _t667_Inˍtttt_t_, _tpa_*_t667_Inˍtttt_t_ - _tpnu_*_t667_Eˍtttt_t_ + _t667_Inˍttttt_t_, _tpnu_*_t667_E_t_*_t667_NN_t_ - _tpb_*_t667_S_t_*_t667_In_t_ + _t667_NN_t_*_t667_Eˍt_t_, _tpnu_*_t667_E_t_*_t667_NNˍt_t_ + _tpnu_*_t667_NN_t_*_t667_Eˍt_t_ - _tpb_*_t667_S_t_*_t667_Inˍt_t_ - _tpb_*_t667_In_t_*_t667_Sˍt_t_ + _t667_NN_t_*_t667_Eˍtt_t_ + _t667_Eˍt_t_*_t667_NNˍt_t_, _tpnu_*_t667_E_t_*_t667_NNˍtt_t_ + _tpnu_*_t667_NN_t_*_t667_Eˍtt_t_ + 2*_tpnu_*_t667_Eˍt_t_*_t667_NNˍt_t_ - _tpb_*_t667_S_t_*_t667_Inˍtt_t_ - _tpb_*_t667_In_t_*_t667_Sˍtt_t_ - 2*_tpb_*_t667_Inˍt_t_*_t667_Sˍt_t_ + _t667_NN_t_*_t667_Eˍttt_t_ + _t667_Eˍt_t_*_t667_NNˍtt_t_ + 2*_t667_Eˍtt_t_*_t667_NNˍt_t_, _tpnu_*_t667_E_t_*_t667_NNˍttt_t_ + _tpnu_*_t667_NN_t_*_t667_Eˍttt_t_ + 3*_tpnu_*_t667_Eˍt_t_*_t667_NNˍtt_t_ + 3*_tpnu_*_t667_Eˍtt_t_*_t667_NNˍt_t_ - _tpb_*_t667_S_t_*_t667_Inˍttt_t_ - _tpb_*_t667_In_t_*_t667_Sˍttt_t_ - 3*_tpb_*_t667_Inˍt_t_*_t667_Sˍtt_t_ - 3*_tpb_*_t667_Inˍtt_t_*_t667_Sˍt_t_ + _t667_NN_t_*_t667_Eˍtttt_t_ + _t667_Eˍt_t_*_t667_NNˍttt_t_ + 3*_t667_Eˍtt_t_*_t667_NNˍtt_t_ + 3*_t667_Eˍttt_t_*_t667_NNˍt_t_, _tpb_*_t667_S_t_*_t667_In_t_ + _t667_NN_t_*_t667_Sˍt_t_, _t667_NNˍt_t_, _t667_NNˍtt_t_, _tpb_*_t667_S_t_*_t667_Inˍt_t_ + _tpb_*_t667_In_t_*_t667_Sˍt_t_ + _t667_NN_t_*_t667_Sˍtt_t_ + _t667_Sˍt_t_*_t667_NNˍt_t_, _t667_NNˍttt_t_, _tpb_*_t667_S_t_*_t667_Inˍtt_t_ + _tpb_*_t667_In_t_*_t667_Sˍtt_t_ + 2*_tpb_*_t667_Inˍt_t_*_t667_Sˍt_t_ + _t667_NN_t_*_t667_Sˍttt_t_ + _t667_Sˍt_t_*_t667_NNˍtt_t_ + 2*_t667_NNˍt_t_*_t667_Sˍtt_t_]
R
Multivariate polynomial ring in 22 variables over rationals
primes of bitsize 28
G-Q-Pt-FG-LT-LP(C)
Dimension of the quotient :4
Degree of the radical :4
Use last variable as separating element
Separating form: [0, 0, 0, 0, 0, 0, 0, 0, 0, 0, 0, 0, 0, 0, 0, 0, 0, 0, 0, 0, 0, 1]
Run Groebner learn
Test cyclic optimization
Apply cyclic optimization 
Multi-modular computation (1 threads): G-Q-Pt-FG-LT-LP(C)
5-9-13-17-21-25-29-33-37-41-45-49-53-61-69-77-85-93-105-117-
check-G-Q-Pt-FG-LT-LP(C)
Nb Primes used :117
Vector{MPFI.BigInterval}[]
DEBUG [determine_optimal_points_count]: Large num points: 1
DEBUG [determine_optimal_points_count]: Good num points: 1
DEBUG [multipoint_parameter_estimation]: Parameter estimation using this many points: 1
DEBUG [multipoint_parameter_estimation]: Ideal final target: 
-0.684 + _t667_NN_t_
-0.3051753742183433 + _t667_In_t_
0.024954890868786883 + _t667_Inˍt_t_
-0.003031043558159025 + _t667_Inˍtt_t_
0.05352856283180936 + _t667_Inˍttt_t_
-0.11403870054866848 + _t667_Inˍtttt_t_
0.18993527645836245 + _t667_Inˍttttt_t_
_t667_Inˍt_t_ - _t667_E_t_*_tpnu_ + _t667_In_t_*_tpa_
_t667_Inˍtt_t_ - _t667_Eˍt_t_*_tpnu_ + _t667_Inˍt_t_*_tpa_
_t667_Inˍttt_t_ - _t667_Eˍtt_t_*_tpnu_ + _t667_Inˍtt_t_*_tpa_
_t667_Inˍtttt_t_ - _t667_Eˍttt_t_*_tpnu_ + _t667_Inˍttt_t_*_tpa_
_t667_Inˍttttt_t_ - _t667_Eˍtttt_t_*_tpnu_ + _t667_Inˍtttt_t_*_tpa_
_t667_Eˍt_t_*_t667_NN_t_ + _t667_E_t_*_t667_NN_t_*_tpnu_ - _t667_In_t_*_t667_S_t_*_tpb_
_t667_Eˍt_t_*_t667_NNˍt_t_ + _t667_Eˍtt_t_*_t667_NN_t_ + _t667_E_t_*_t667_NNˍt_t_*_tpnu_ + _t667_Eˍt_t_*_t667_NN_t_*_tpnu_ - _t667_In_t_*_t667_Sˍt_t_*_tpb_ - _t667_Inˍt_t_*_t667_S_t_*_tpb_
_t667_Eˍt_t_*_t667_NNˍtt_t_ + 2_t667_Eˍtt_t_*_t667_NNˍt_t_ + _t667_Eˍttt_t_*_t667_NN_t_ + _t667_E_t_*_t667_NNˍtt_t_*_tpnu_ + 2_t667_Eˍt_t_*_t667_NNˍt_t_*_tpnu_ + _t667_Eˍtt_t_*_t667_NN_t_*_tpnu_ - _t667_In_t_*_t667_Sˍtt_t_*_tpb_ - 2_t667_Inˍt_t_*_t667_Sˍt_t_*_tpb_ - _t667_Inˍtt_t_*_t667_S_t_*_tpb_
_t667_Eˍt_t_*_t667_NNˍttt_t_ + 3_t667_Eˍtt_t_*_t667_NNˍtt_t_ + 3_t667_Eˍttt_t_*_t667_NNˍt_t_ + _t667_Eˍtttt_t_*_t667_NN_t_ + _t667_E_t_*_t667_NNˍttt_t_*_tpnu_ + 3_t667_Eˍt_t_*_t667_NNˍtt_t_*_tpnu_ + 3_t667_Eˍtt_t_*_t667_NNˍt_t_*_tpnu_ + _t667_Eˍttt_t_*_t667_NN_t_*_tpnu_ - _t667_In_t_*_t667_Sˍttt_t_*_tpb_ - 3_t667_Inˍt_t_*_t667_Sˍtt_t_*_tpb_ - 3_t667_Inˍtt_t_*_t667_Sˍt_t_*_tpb_ - _t667_Inˍttt_t_*_t667_S_t_*_tpb_
_t667_NN_t_*_t667_Sˍt_t_ + _t667_In_t_*_t667_S_t_*_tpb_
_t667_NNˍt_t_
_t667_NNˍtt_t_
_t667_NN_t_*_t667_Sˍtt_t_ + _t667_NNˍt_t_*_t667_Sˍt_t_ + _t667_In_t_*_t667_Sˍt_t_*_tpb_ + _t667_Inˍt_t_*_t667_S_t_*_tpb_
_t667_NNˍttt_t_
_t667_NN_t_*_t667_Sˍttt_t_ + 2_t667_NNˍt_t_*_t667_Sˍtt_t_ + _t667_NNˍtt_t_*_t667_Sˍt_t_ + _t667_In_t_*_t667_Sˍtt_t_*_tpb_ + 2_t667_Inˍt_t_*_t667_Sˍt_t_*_tpb_ + _t667_Inˍtt_t_*_t667_S_t_*_tpb_
DEBUG [but we are actually solving this: 
-0.684 + _t667_NN_t_
-0.3051753740313624 + _t667_In_t_
0.024954896880295535 + _t667_Inˍt_t_
-0.0030311073135168656 + _t667_Inˍtt_t_
0.053525475066588994 + _t667_Inˍttt_t_
-0.11400400898487682 + _t667_Inˍtttt_t_
0.19142959927996003 + _t667_Inˍttttt_t_
_t667_Inˍt_t_ - _t667_E_t_*_tpnu_ + _t667_In_t_*_tpa_
_t667_Inˍtt_t_ - _t667_Eˍt_t_*_tpnu_ + _t667_Inˍt_t_*_tpa_
_t667_Inˍttt_t_ - _t667_Eˍtt_t_*_tpnu_ + _t667_Inˍtt_t_*_tpa_
_t667_Inˍtttt_t_ - _t667_Eˍttt_t_*_tpnu_ + _t667_Inˍttt_t_*_tpa_
_t667_Inˍttttt_t_ - _t667_Eˍtttt_t_*_tpnu_ + _t667_Inˍtttt_t_*_tpa_
_t667_Eˍt_t_*_t667_NN_t_ + _t667_E_t_*_t667_NN_t_*_tpnu_ - _t667_In_t_*_t667_S_t_*_tpb_
_t667_Eˍt_t_*_t667_NNˍt_t_ + _t667_Eˍtt_t_*_t667_NN_t_ + _t667_E_t_*_t667_NNˍt_t_*_tpnu_ + _t667_Eˍt_t_*_t667_NN_t_*_tpnu_ - _t667_In_t_*_t667_Sˍt_t_*_tpb_ - _t667_Inˍt_t_*_t667_S_t_*_tpb_
_t667_Eˍt_t_*_t667_NNˍtt_t_ + 2_t667_Eˍtt_t_*_t667_NNˍt_t_ + _t667_Eˍttt_t_*_t667_NN_t_ + _t667_E_t_*_t667_NNˍtt_t_*_tpnu_ + 2_t667_Eˍt_t_*_t667_NNˍt_t_*_tpnu_ + _t667_Eˍtt_t_*_t667_NN_t_*_tpnu_ - _t667_In_t_*_t667_Sˍtt_t_*_tpb_ - 2_t667_Inˍt_t_*_t667_Sˍt_t_*_tpb_ - _t667_Inˍtt_t_*_t667_S_t_*_tpb_
_t667_Eˍt_t_*_t667_NNˍttt_t_ + 3_t667_Eˍtt_t_*_t667_NNˍtt_t_ + 3_t667_Eˍttt_t_*_t667_NNˍt_t_ + _t667_Eˍtttt_t_*_t667_NN_t_ + _t667_E_t_*_t667_NNˍttt_t_*_tpnu_ + 3_t667_Eˍt_t_*_t667_NNˍtt_t_*_tpnu_ + 3_t667_Eˍtt_t_*_t667_NNˍt_t_*_tpnu_ + _t667_Eˍttt_t_*_t667_NN_t_*_tpnu_ - _t667_In_t_*_t667_Sˍttt_t_*_tpb_ - 3_t667_Inˍt_t_*_t667_Sˍtt_t_*_tpb_ - 3_t667_Inˍtt_t_*_t667_Sˍt_t_*_tpb_ - _t667_Inˍttt_t_*_t667_S_t_*_tpb_
_t667_NN_t_*_t667_Sˍt_t_ + _t667_In_t_*_t667_S_t_*_tpb_
_t667_NNˍt_t_
_t667_NNˍtt_t_
_t667_NN_t_*_t667_Sˍtt_t_ + _t667_NNˍt_t_*_t667_Sˍt_t_ + _t667_In_t_*_t667_Sˍt_t_*_tpb_ + _t667_Inˍt_t_*_t667_S_t_*_tpb_
_t667_NNˍttt_t_
_t667_NN_t_*_t667_Sˍttt_t_ + 2_t667_NNˍt_t_*_t667_Sˍtt_t_ + _t667_NNˍtt_t_*_t667_Sˍt_t_ + _t667_In_t_*_t667_Sˍtt_t_*_tpb_ + 2_t667_Inˍt_t_*_t667_Sˍt_t_*_tpb_ + _t667_Inˍtt_t_*_t667_S_t_*_tpb_
As a reminder the true parameter values are: 
OrderedDict{Num, Float64}(a => 0.678, b => 0.793, nu => 0.88)
And the true states are: 
OrderedDict{Num, Float64}(S(t) => 0.785, E(t) => 0.109, In(t) => 0.388, NN(t) => 0.684)
The forward substitution dictionary is: 
Any[OrderedDict{Num, Any}(Sˍt(t) => _t667_Sˍt_t_, Eˍt(t) => _t667_Eˍt_t_, Inˍt(t) => _t667_Inˍt_t_, NNˍt(t) => _t667_NNˍt_t_, Sˍtt(t) => _t667_Sˍtt_t_, Eˍtt(t) => _t667_Eˍtt_t_, Inˍtt(t) => _t667_Inˍtt_t_, NNˍtt(t) => _t667_NNˍtt_t_, Sˍttt(t) => _t667_Sˍttt_t_, Eˍttt(t) => _t667_Eˍttt_t_, Inˍttt(t) => _t667_Inˍttt_t_, NNˍttt(t) => _t667_NNˍttt_t_, Sˍtttt(t) => _t667_Sˍtttt_t_, Eˍtttt(t) => _t667_Eˍtttt_t_, Inˍtttt(t) => _t667_Inˍtttt_t_, NNˍtttt(t) => _t667_NNˍtttt_t_, Sˍttttt(t) => _t667_Sˍttttt_t_, Eˍttttt(t) => _t667_Eˍttttt_t_, Inˍttttt(t) => _t667_Inˍttttt_t_, NNˍttttt(t) => _t667_NNˍttttt_t_, Sˍtttttt(t) => _t667_Sˍtttttt_t_, Eˍtttttt(t) => _t667_Eˍtttttt_t_, Inˍtttttt(t) => _t667_Inˍtttttt_t_, NNˍtttttt(t) => _t667_NNˍtttttt_t_, S(t) => _t667_S_t_, E(t) => _t667_E_t_, In(t) => _t667_In_t_, NN(t) => _t667_NN_t_, y1(t) => _t667_y1_t_, y2(t) => _t667_y2_t_, y1ˍt(t) => _t667_y1ˍt_t_, y2ˍt(t) => _t667_y2ˍt_t_, y1ˍtt(t) => _t667_y1ˍtt_t_, y2ˍtt(t) => _t667_y2ˍtt_t_, y1ˍttt(t) => _t667_y1ˍttt_t_, y2ˍttt(t) => _t667_y2ˍttt_t_, y1ˍtttt(t) => _t667_y1ˍtttt_t_, y2ˍtttt(t) => _t667_y2ˍtttt_t_, y1ˍttttt(t) => _t667_y1ˍttttt_t_, y2ˍttttt(t) => _t667_y2ˍttttt_t_, y1ˍtttttt(t) => _t667_y1ˍtttttt_t_, y2ˍtttttt(t) => _t667_y2ˍtttttt_t_, a => _tpa_, nu => _tpnu_, b => _tpb_)]
The reverse substitution dictionary is: 
Any[OrderedDict{Any, Any}(_t667_Sˍt_t_ => Sˍt(t), _t667_Eˍt_t_ => Eˍt(t), _t667_Inˍt_t_ => Inˍt(t), _t667_NNˍt_t_ => NNˍt(t), _t667_Sˍtt_t_ => Sˍtt(t), _t667_Eˍtt_t_ => Eˍtt(t), _t667_Inˍtt_t_ => Inˍtt(t), _t667_NNˍtt_t_ => NNˍtt(t), _t667_Sˍttt_t_ => Sˍttt(t), _t667_Eˍttt_t_ => Eˍttt(t), _t667_Inˍttt_t_ => Inˍttt(t), _t667_NNˍttt_t_ => NNˍttt(t), _t667_Sˍtttt_t_ => Sˍtttt(t), _t667_Eˍtttt_t_ => Eˍtttt(t), _t667_Inˍtttt_t_ => Inˍtttt(t), _t667_NNˍtttt_t_ => NNˍtttt(t), _t667_Sˍttttt_t_ => Sˍttttt(t), _t667_Eˍttttt_t_ => Eˍttttt(t), _t667_Inˍttttt_t_ => Inˍttttt(t), _t667_NNˍttttt_t_ => NNˍttttt(t), _t667_Sˍtttttt_t_ => Sˍtttttt(t), _t667_Eˍtttttt_t_ => Eˍtttttt(t), _t667_Inˍtttttt_t_ => Inˍtttttt(t), _t667_NNˍtttttt_t_ => NNˍtttttt(t), _t667_S_t_ => S(t), _t667_E_t_ => E(t), _t667_In_t_ => In(t), _t667_NN_t_ => NN(t), _t667_y1_t_ => y1(t), _t667_y2_t_ => y2(t), _t667_y1ˍt_t_ => y1ˍt(t), _t667_y2ˍt_t_ => y2ˍt(t), _t667_y1ˍtt_t_ => y1ˍtt(t), _t667_y2ˍtt_t_ => y2ˍtt(t), _t667_y1ˍttt_t_ => y1ˍttt(t), _t667_y2ˍttt_t_ => y2ˍttt(t), _t667_y1ˍtttt_t_ => y1ˍtttt(t), _t667_y2ˍtttt_t_ => y2ˍtttt(t), _t667_y1ˍttttt_t_ => y1ˍttttt(t), _t667_y2ˍttttt_t_ => y2ˍttttt(t), _t667_y1ˍtttttt_t_ => y1ˍtttttt(t), _t667_y2ˍtttttt_t_ => y2ˍtttttt(t), _tpa_ => a, _tpnu_ => nu, _tpb_ => b)]
DEBUG [multipoint_parameter_estimation]: Evaluated ideal polynomial system with exact state and parameter values:
0.0
0.0
0.0
0.0
0.0
0.0
0.0
0.0
0.0
8.673617379884035e-19
0.0
1.3877787807814457e-17
-2.7755575615628914e-17
1.734723475976807e-18
6.938893903907228e-18
-3.469446951953614e-18
0.0
0
0
0.0
0
0.0
DEBUG [multipoint_parameter_estimation]: Evaluated interpolated polynomial system with exact state and parameter values:
0.0
1.8698087522750484e-10
6.011508651981856e-9
-6.375535784074529e-8
-3.0877652203650796e-6
3.469156379165561e-5
0.0014943228215975879
0.0
0.0
8.673617379884035e-19
0.0
1.3877787807814457e-17
-2.7755575615628914e-17
1.734723475976807e-18
6.938893903907228e-18
-3.469446951953614e-18
0.0
0
0
0.0
0
0.0
and by the way the exact state values are: (at the time index 667)
OrderedDict{Any, Any}(S(t) => 0.4696676830007269, E(t) => 0.20676592369460212, In(t) => 0.3051753742183433, NN(t) => 0.684)
and by the way the exact parameter values are:
OrderedDict{Num, Float64}(a => 0.678, b => 0.793, nu => 0.88)
aa_system
Any[_t667_NN_t_ - 6160924290242839//9007199254740992, _t667_In_t_ - 2748775401540591//9007199254740992, _t667_Inˍt_t_ + 899094914329345//36028797018963968, _t667_Inˍtt_t_ - 6989257609049365//2305843009213693952, _t667_Inˍttt_t_ + 7713833906071007//144115188075855872, _t667_Inˍtttt_t_ - 8214854598128543//72057594037927936, _t667_Inˍttttt_t_ + 6896978175879291//36028797018963968, _tpa_*_t667_In_t_ - _tpnu_*_t667_E_t_ + _t667_Inˍt_t_, _tpa_*_t667_Inˍt_t_ - _tpnu_*_t667_Eˍt_t_ + _t667_Inˍtt_t_, _tpa_*_t667_Inˍtt_t_ - _tpnu_*_t667_Eˍtt_t_ + _t667_Inˍttt_t_, _tpa_*_t667_Inˍttt_t_ - _tpnu_*_t667_Eˍttt_t_ + _t667_Inˍtttt_t_, _tpa_*_t667_Inˍtttt_t_ - _tpnu_*_t667_Eˍtttt_t_ + _t667_Inˍttttt_t_, _tpnu_*_t667_E_t_*_t667_NN_t_ - _tpb_*_t667_S_t_*_t667_In_t_ + _t667_NN_t_*_t667_Eˍt_t_, _tpnu_*_t667_E_t_*_t667_NNˍt_t_ + _tpnu_*_t667_NN_t_*_t667_Eˍt_t_ - _tpb_*_t667_S_t_*_t667_Inˍt_t_ - _tpb_*_t667_In_t_*_t667_Sˍt_t_ + _t667_NN_t_*_t667_Eˍtt_t_ + _t667_Eˍt_t_*_t667_NNˍt_t_, _tpnu_*_t667_E_t_*_t667_NNˍtt_t_ + _tpnu_*_t667_NN_t_*_t667_Eˍtt_t_ + 2*_tpnu_*_t667_Eˍt_t_*_t667_NNˍt_t_ - _tpb_*_t667_S_t_*_t667_Inˍtt_t_ - _tpb_*_t667_In_t_*_t667_Sˍtt_t_ - 2*_tpb_*_t667_Inˍt_t_*_t667_Sˍt_t_ + _t667_NN_t_*_t667_Eˍttt_t_ + _t667_Eˍt_t_*_t667_NNˍtt_t_ + 2*_t667_Eˍtt_t_*_t667_NNˍt_t_, _tpnu_*_t667_E_t_*_t667_NNˍttt_t_ + _tpnu_*_t667_NN_t_*_t667_Eˍttt_t_ + 3*_tpnu_*_t667_Eˍt_t_*_t667_NNˍtt_t_ + 3*_tpnu_*_t667_Eˍtt_t_*_t667_NNˍt_t_ - _tpb_*_t667_S_t_*_t667_Inˍttt_t_ - _tpb_*_t667_In_t_*_t667_Sˍttt_t_ - 3*_tpb_*_t667_Inˍt_t_*_t667_Sˍtt_t_ - 3*_tpb_*_t667_Inˍtt_t_*_t667_Sˍt_t_ + _t667_NN_t_*_t667_Eˍtttt_t_ + _t667_Eˍt_t_*_t667_NNˍttt_t_ + 3*_t667_Eˍtt_t_*_t667_NNˍtt_t_ + 3*_t667_Eˍttt_t_*_t667_NNˍt_t_, _tpb_*_t667_S_t_*_t667_In_t_ + _t667_NN_t_*_t667_Sˍt_t_, _t667_NNˍt_t_, _t667_NNˍtt_t_, _tpb_*_t667_S_t_*_t667_Inˍt_t_ + _tpb_*_t667_In_t_*_t667_Sˍt_t_ + _t667_NN_t_*_t667_Sˍtt_t_ + _t667_Sˍt_t_*_t667_NNˍt_t_, _t667_NNˍttt_t_, _tpb_*_t667_S_t_*_t667_Inˍtt_t_ + _tpb_*_t667_In_t_*_t667_Sˍtt_t_ + 2*_tpb_*_t667_Inˍt_t_*_t667_Sˍt_t_ + _t667_NN_t_*_t667_Sˍttt_t_ + _t667_Sˍt_t_*_t667_NNˍtt_t_ + 2*_t667_NNˍt_t_*_t667_Sˍtt_t_]
R
Multivariate polynomial ring in 22 variables over rationals
primes of bitsize 28
G-Q-Pt-FG-LT-LP(C)
Dimension of the quotient :4
Degree of the radical :4
Use last variable as separating element
Separating form: [0, 0, 0, 0, 0, 0, 0, 0, 0, 0, 0, 0, 0, 0, 0, 0, 0, 0, 0, 0, 0, 1]
Run Groebner learn
Test cyclic optimization
Apply cyclic optimization 
Multi-modular computation (1 threads): G-Q-Pt-FG-LT-LP(C)
5-9-13-17-21-25-29-33-37-41-45-49-53-61-69-77-85-93-105-117-
check-G-Q-Pt-FG-LT-LP(C)
Nb Primes used :117
Vector{MPFI.BigInterval}[]
DEBUG [determine_optimal_points_count]: Large num points: 1
DEBUG [determine_optimal_points_count]: Good num points: 1
DEBUG [multipoint_parameter_estimation]: Parameter estimation using this many points: 1
DEBUG [multipoint_parameter_estimation]: Ideal final target: 
-0.684 + _t667_NN_t_
-0.3051753742183433 + _t667_In_t_
0.024954890868786883 + _t667_Inˍt_t_
-0.003031043558159025 + _t667_Inˍtt_t_
0.05352856283180936 + _t667_Inˍttt_t_
-0.11403870054866848 + _t667_Inˍtttt_t_
0.18993527645836245 + _t667_Inˍttttt_t_
_t667_Inˍt_t_ - _t667_E_t_*_tpnu_ + _t667_In_t_*_tpa_
_t667_Inˍtt_t_ - _t667_Eˍt_t_*_tpnu_ + _t667_Inˍt_t_*_tpa_
_t667_Inˍttt_t_ - _t667_Eˍtt_t_*_tpnu_ + _t667_Inˍtt_t_*_tpa_
_t667_Inˍtttt_t_ - _t667_Eˍttt_t_*_tpnu_ + _t667_Inˍttt_t_*_tpa_
_t667_Inˍttttt_t_ - _t667_Eˍtttt_t_*_tpnu_ + _t667_Inˍtttt_t_*_tpa_
_t667_Eˍt_t_*_t667_NN_t_ + _t667_E_t_*_t667_NN_t_*_tpnu_ - _t667_In_t_*_t667_S_t_*_tpb_
_t667_Eˍt_t_*_t667_NNˍt_t_ + _t667_Eˍtt_t_*_t667_NN_t_ + _t667_E_t_*_t667_NNˍt_t_*_tpnu_ + _t667_Eˍt_t_*_t667_NN_t_*_tpnu_ - _t667_In_t_*_t667_Sˍt_t_*_tpb_ - _t667_Inˍt_t_*_t667_S_t_*_tpb_
_t667_Eˍt_t_*_t667_NNˍtt_t_ + 2_t667_Eˍtt_t_*_t667_NNˍt_t_ + _t667_Eˍttt_t_*_t667_NN_t_ + _t667_E_t_*_t667_NNˍtt_t_*_tpnu_ + 2_t667_Eˍt_t_*_t667_NNˍt_t_*_tpnu_ + _t667_Eˍtt_t_*_t667_NN_t_*_tpnu_ - _t667_In_t_*_t667_Sˍtt_t_*_tpb_ - 2_t667_Inˍt_t_*_t667_Sˍt_t_*_tpb_ - _t667_Inˍtt_t_*_t667_S_t_*_tpb_
_t667_Eˍt_t_*_t667_NNˍttt_t_ + 3_t667_Eˍtt_t_*_t667_NNˍtt_t_ + 3_t667_Eˍttt_t_*_t667_NNˍt_t_ + _t667_Eˍtttt_t_*_t667_NN_t_ + _t667_E_t_*_t667_NNˍttt_t_*_tpnu_ + 3_t667_Eˍt_t_*_t667_NNˍtt_t_*_tpnu_ + 3_t667_Eˍtt_t_*_t667_NNˍt_t_*_tpnu_ + _t667_Eˍttt_t_*_t667_NN_t_*_tpnu_ - _t667_In_t_*_t667_Sˍttt_t_*_tpb_ - 3_t667_Inˍt_t_*_t667_Sˍtt_t_*_tpb_ - 3_t667_Inˍtt_t_*_t667_Sˍt_t_*_tpb_ - _t667_Inˍttt_t_*_t667_S_t_*_tpb_
_t667_NN_t_*_t667_Sˍt_t_ + _t667_In_t_*_t667_S_t_*_tpb_
_t667_NNˍt_t_
_t667_NNˍtt_t_
_t667_NN_t_*_t667_Sˍtt_t_ + _t667_NNˍt_t_*_t667_Sˍt_t_ + _t667_In_t_*_t667_Sˍt_t_*_tpb_ + _t667_Inˍt_t_*_t667_S_t_*_tpb_
_t667_NNˍttt_t_
_t667_NN_t_*_t667_Sˍttt_t_ + 2_t667_NNˍt_t_*_t667_Sˍtt_t_ + _t667_NNˍtt_t_*_t667_Sˍt_t_ + _t667_In_t_*_t667_Sˍtt_t_*_tpb_ + 2_t667_Inˍt_t_*_t667_Sˍt_t_*_tpb_ + _t667_Inˍtt_t_*_t667_S_t_*_tpb_
DEBUG [but we are actually solving this: 
-0.684 + _t667_NN_t_
-0.3051753740313624 + _t667_In_t_
0.024954896880295535 + _t667_Inˍt_t_
-0.0030311073135168656 + _t667_Inˍtt_t_
0.053525475066588994 + _t667_Inˍttt_t_
-0.11400400898487682 + _t667_Inˍtttt_t_
0.19142959927996003 + _t667_Inˍttttt_t_
_t667_Inˍt_t_ - _t667_E_t_*_tpnu_ + _t667_In_t_*_tpa_
_t667_Inˍtt_t_ - _t667_Eˍt_t_*_tpnu_ + _t667_Inˍt_t_*_tpa_
_t667_Inˍttt_t_ - _t667_Eˍtt_t_*_tpnu_ + _t667_Inˍtt_t_*_tpa_
_t667_Inˍtttt_t_ - _t667_Eˍttt_t_*_tpnu_ + _t667_Inˍttt_t_*_tpa_
_t667_Inˍttttt_t_ - _t667_Eˍtttt_t_*_tpnu_ + _t667_Inˍtttt_t_*_tpa_
_t667_Eˍt_t_*_t667_NN_t_ + _t667_E_t_*_t667_NN_t_*_tpnu_ - _t667_In_t_*_t667_S_t_*_tpb_
_t667_Eˍt_t_*_t667_NNˍt_t_ + _t667_Eˍtt_t_*_t667_NN_t_ + _t667_E_t_*_t667_NNˍt_t_*_tpnu_ + _t667_Eˍt_t_*_t667_NN_t_*_tpnu_ - _t667_In_t_*_t667_Sˍt_t_*_tpb_ - _t667_Inˍt_t_*_t667_S_t_*_tpb_
_t667_Eˍt_t_*_t667_NNˍtt_t_ + 2_t667_Eˍtt_t_*_t667_NNˍt_t_ + _t667_Eˍttt_t_*_t667_NN_t_ + _t667_E_t_*_t667_NNˍtt_t_*_tpnu_ + 2_t667_Eˍt_t_*_t667_NNˍt_t_*_tpnu_ + _t667_Eˍtt_t_*_t667_NN_t_*_tpnu_ - _t667_In_t_*_t667_Sˍtt_t_*_tpb_ - 2_t667_Inˍt_t_*_t667_Sˍt_t_*_tpb_ - _t667_Inˍtt_t_*_t667_S_t_*_tpb_
_t667_Eˍt_t_*_t667_NNˍttt_t_ + 3_t667_Eˍtt_t_*_t667_NNˍtt_t_ + 3_t667_Eˍttt_t_*_t667_NNˍt_t_ + _t667_Eˍtttt_t_*_t667_NN_t_ + _t667_E_t_*_t667_NNˍttt_t_*_tpnu_ + 3_t667_Eˍt_t_*_t667_NNˍtt_t_*_tpnu_ + 3_t667_Eˍtt_t_*_t667_NNˍt_t_*_tpnu_ + _t667_Eˍttt_t_*_t667_NN_t_*_tpnu_ - _t667_In_t_*_t667_Sˍttt_t_*_tpb_ - 3_t667_Inˍt_t_*_t667_Sˍtt_t_*_tpb_ - 3_t667_Inˍtt_t_*_t667_Sˍt_t_*_tpb_ - _t667_Inˍttt_t_*_t667_S_t_*_tpb_
_t667_NN_t_*_t667_Sˍt_t_ + _t667_In_t_*_t667_S_t_*_tpb_
_t667_NNˍt_t_
_t667_NNˍtt_t_
_t667_NN_t_*_t667_Sˍtt_t_ + _t667_NNˍt_t_*_t667_Sˍt_t_ + _t667_In_t_*_t667_Sˍt_t_*_tpb_ + _t667_Inˍt_t_*_t667_S_t_*_tpb_
_t667_NNˍttt_t_
_t667_NN_t_*_t667_Sˍttt_t_ + 2_t667_NNˍt_t_*_t667_Sˍtt_t_ + _t667_NNˍtt_t_*_t667_Sˍt_t_ + _t667_In_t_*_t667_Sˍtt_t_*_tpb_ + 2_t667_Inˍt_t_*_t667_Sˍt_t_*_tpb_ + _t667_Inˍtt_t_*_t667_S_t_*_tpb_
As a reminder the true parameter values are: 
OrderedDict{Num, Float64}(a => 0.678, b => 0.793, nu => 0.88)
And the true states are: 
OrderedDict{Num, Float64}(S(t) => 0.785, E(t) => 0.109, In(t) => 0.388, NN(t) => 0.684)
The forward substitution dictionary is: 
Any[OrderedDict{Num, Any}(Sˍt(t) => _t667_Sˍt_t_, Eˍt(t) => _t667_Eˍt_t_, Inˍt(t) => _t667_Inˍt_t_, NNˍt(t) => _t667_NNˍt_t_, Sˍtt(t) => _t667_Sˍtt_t_, Eˍtt(t) => _t667_Eˍtt_t_, Inˍtt(t) => _t667_Inˍtt_t_, NNˍtt(t) => _t667_NNˍtt_t_, Sˍttt(t) => _t667_Sˍttt_t_, Eˍttt(t) => _t667_Eˍttt_t_, Inˍttt(t) => _t667_Inˍttt_t_, NNˍttt(t) => _t667_NNˍttt_t_, Sˍtttt(t) => _t667_Sˍtttt_t_, Eˍtttt(t) => _t667_Eˍtttt_t_, Inˍtttt(t) => _t667_Inˍtttt_t_, NNˍtttt(t) => _t667_NNˍtttt_t_, Sˍttttt(t) => _t667_Sˍttttt_t_, Eˍttttt(t) => _t667_Eˍttttt_t_, Inˍttttt(t) => _t667_Inˍttttt_t_, NNˍttttt(t) => _t667_NNˍttttt_t_, Sˍtttttt(t) => _t667_Sˍtttttt_t_, Eˍtttttt(t) => _t667_Eˍtttttt_t_, Inˍtttttt(t) => _t667_Inˍtttttt_t_, NNˍtttttt(t) => _t667_NNˍtttttt_t_, S(t) => _t667_S_t_, E(t) => _t667_E_t_, In(t) => _t667_In_t_, NN(t) => _t667_NN_t_, y1(t) => _t667_y1_t_, y2(t) => _t667_y2_t_, y1ˍt(t) => _t667_y1ˍt_t_, y2ˍt(t) => _t667_y2ˍt_t_, y1ˍtt(t) => _t667_y1ˍtt_t_, y2ˍtt(t) => _t667_y2ˍtt_t_, y1ˍttt(t) => _t667_y1ˍttt_t_, y2ˍttt(t) => _t667_y2ˍttt_t_, y1ˍtttt(t) => _t667_y1ˍtttt_t_, y2ˍtttt(t) => _t667_y2ˍtttt_t_, y1ˍttttt(t) => _t667_y1ˍttttt_t_, y2ˍttttt(t) => _t667_y2ˍttttt_t_, y1ˍtttttt(t) => _t667_y1ˍtttttt_t_, y2ˍtttttt(t) => _t667_y2ˍtttttt_t_, a => _tpa_, nu => _tpnu_, b => _tpb_)]
The reverse substitution dictionary is: 
Any[OrderedDict{Any, Any}(_t667_Sˍt_t_ => Sˍt(t), _t667_Eˍt_t_ => Eˍt(t), _t667_Inˍt_t_ => Inˍt(t), _t667_NNˍt_t_ => NNˍt(t), _t667_Sˍtt_t_ => Sˍtt(t), _t667_Eˍtt_t_ => Eˍtt(t), _t667_Inˍtt_t_ => Inˍtt(t), _t667_NNˍtt_t_ => NNˍtt(t), _t667_Sˍttt_t_ => Sˍttt(t), _t667_Eˍttt_t_ => Eˍttt(t), _t667_Inˍttt_t_ => Inˍttt(t), _t667_NNˍttt_t_ => NNˍttt(t), _t667_Sˍtttt_t_ => Sˍtttt(t), _t667_Eˍtttt_t_ => Eˍtttt(t), _t667_Inˍtttt_t_ => Inˍtttt(t), _t667_NNˍtttt_t_ => NNˍtttt(t), _t667_Sˍttttt_t_ => Sˍttttt(t), _t667_Eˍttttt_t_ => Eˍttttt(t), _t667_Inˍttttt_t_ => Inˍttttt(t), _t667_NNˍttttt_t_ => NNˍttttt(t), _t667_Sˍtttttt_t_ => Sˍtttttt(t), _t667_Eˍtttttt_t_ => Eˍtttttt(t), _t667_Inˍtttttt_t_ => Inˍtttttt(t), _t667_NNˍtttttt_t_ => NNˍtttttt(t), _t667_S_t_ => S(t), _t667_E_t_ => E(t), _t667_In_t_ => In(t), _t667_NN_t_ => NN(t), _t667_y1_t_ => y1(t), _t667_y2_t_ => y2(t), _t667_y1ˍt_t_ => y1ˍt(t), _t667_y2ˍt_t_ => y2ˍt(t), _t667_y1ˍtt_t_ => y1ˍtt(t), _t667_y2ˍtt_t_ => y2ˍtt(t), _t667_y1ˍttt_t_ => y1ˍttt(t), _t667_y2ˍttt_t_ => y2ˍttt(t), _t667_y1ˍtttt_t_ => y1ˍtttt(t), _t667_y2ˍtttt_t_ => y2ˍtttt(t), _t667_y1ˍttttt_t_ => y1ˍttttt(t), _t667_y2ˍttttt_t_ => y2ˍttttt(t), _t667_y1ˍtttttt_t_ => y1ˍtttttt(t), _t667_y2ˍtttttt_t_ => y2ˍtttttt(t), _tpa_ => a, _tpnu_ => nu, _tpb_ => b)]
DEBUG [multipoint_parameter_estimation]: Evaluated ideal polynomial system with exact state and parameter values:
0.0
0.0
0.0
0.0
0.0
0.0
0.0
0.0
0.0
8.673617379884035e-19
0.0
1.3877787807814457e-17
-2.7755575615628914e-17
1.734723475976807e-18
6.938893903907228e-18
-3.469446951953614e-18
0.0
0
0
0.0
0
0.0
DEBUG [multipoint_parameter_estimation]: Evaluated interpolated polynomial system with exact state and parameter values:
0.0
1.8698087522750484e-10
6.011508651981856e-9
-6.375535784074529e-8
-3.0877652203650796e-6
3.469156379165561e-5
0.0014943228215975879
0.0
0.0
8.673617379884035e-19
0.0
1.3877787807814457e-17
-2.7755575615628914e-17
1.734723475976807e-18
6.938893903907228e-18
-3.469446951953614e-18
0.0
0
0
0.0
0
0.0
and by the way the exact state values are: (at the time index 667)
OrderedDict{Any, Any}(S(t) => 0.4696676830007269, E(t) => 0.20676592369460212, In(t) => 0.3051753742183433, NN(t) => 0.684)
and by the way the exact parameter values are:
OrderedDict{Num, Float64}(a => 0.678, b => 0.793, nu => 0.88)
aa_system
Any[_t667_NN_t_ - 6160924290242839//9007199254740992, _t667_In_t_ - 2748775401540591//9007199254740992, _t667_Inˍt_t_ + 899094914329345//36028797018963968, _t667_Inˍtt_t_ - 6989257609049365//2305843009213693952, _t667_Inˍttt_t_ + 7713833906071007//144115188075855872, _t667_Inˍtttt_t_ - 8214854598128543//72057594037927936, _t667_Inˍttttt_t_ + 6896978175879291//36028797018963968, _tpa_*_t667_In_t_ - _tpnu_*_t667_E_t_ + _t667_Inˍt_t_, _tpa_*_t667_Inˍt_t_ - _tpnu_*_t667_Eˍt_t_ + _t667_Inˍtt_t_, _tpa_*_t667_Inˍtt_t_ - _tpnu_*_t667_Eˍtt_t_ + _t667_Inˍttt_t_, _tpa_*_t667_Inˍttt_t_ - _tpnu_*_t667_Eˍttt_t_ + _t667_Inˍtttt_t_, _tpa_*_t667_Inˍtttt_t_ - _tpnu_*_t667_Eˍtttt_t_ + _t667_Inˍttttt_t_, _tpnu_*_t667_E_t_*_t667_NN_t_ - _tpb_*_t667_S_t_*_t667_In_t_ + _t667_NN_t_*_t667_Eˍt_t_, _tpnu_*_t667_E_t_*_t667_NNˍt_t_ + _tpnu_*_t667_NN_t_*_t667_Eˍt_t_ - _tpb_*_t667_S_t_*_t667_Inˍt_t_ - _tpb_*_t667_In_t_*_t667_Sˍt_t_ + _t667_NN_t_*_t667_Eˍtt_t_ + _t667_Eˍt_t_*_t667_NNˍt_t_, _tpnu_*_t667_E_t_*_t667_NNˍtt_t_ + _tpnu_*_t667_NN_t_*_t667_Eˍtt_t_ + 2*_tpnu_*_t667_Eˍt_t_*_t667_NNˍt_t_ - _tpb_*_t667_S_t_*_t667_Inˍtt_t_ - _tpb_*_t667_In_t_*_t667_Sˍtt_t_ - 2*_tpb_*_t667_Inˍt_t_*_t667_Sˍt_t_ + _t667_NN_t_*_t667_Eˍttt_t_ + _t667_Eˍt_t_*_t667_NNˍtt_t_ + 2*_t667_Eˍtt_t_*_t667_NNˍt_t_, _tpnu_*_t667_E_t_*_t667_NNˍttt_t_ + _tpnu_*_t667_NN_t_*_t667_Eˍttt_t_ + 3*_tpnu_*_t667_Eˍt_t_*_t667_NNˍtt_t_ + 3*_tpnu_*_t667_Eˍtt_t_*_t667_NNˍt_t_ - _tpb_*_t667_S_t_*_t667_Inˍttt_t_ - _tpb_*_t667_In_t_*_t667_Sˍttt_t_ - 3*_tpb_*_t667_Inˍt_t_*_t667_Sˍtt_t_ - 3*_tpb_*_t667_Inˍtt_t_*_t667_Sˍt_t_ + _t667_NN_t_*_t667_Eˍtttt_t_ + _t667_Eˍt_t_*_t667_NNˍttt_t_ + 3*_t667_Eˍtt_t_*_t667_NNˍtt_t_ + 3*_t667_Eˍttt_t_*_t667_NNˍt_t_, _tpb_*_t667_S_t_*_t667_In_t_ + _t667_NN_t_*_t667_Sˍt_t_, _t667_NNˍt_t_, _t667_NNˍtt_t_, _tpb_*_t667_S_t_*_t667_Inˍt_t_ + _tpb_*_t667_In_t_*_t667_Sˍt_t_ + _t667_NN_t_*_t667_Sˍtt_t_ + _t667_Sˍt_t_*_t667_NNˍt_t_, _t667_NNˍttt_t_, _tpb_*_t667_S_t_*_t667_Inˍtt_t_ + _tpb_*_t667_In_t_*_t667_Sˍtt_t_ + 2*_tpb_*_t667_Inˍt_t_*_t667_Sˍt_t_ + _t667_NN_t_*_t667_Sˍttt_t_ + _t667_Sˍt_t_*_t667_NNˍtt_t_ + 2*_t667_NNˍt_t_*_t667_Sˍtt_t_]
R
Multivariate polynomial ring in 22 variables over rationals
primes of bitsize 28
G-Q-Pt-FG-LT-LP(C)
Dimension of the quotient :4
Degree of the radical :4
Use last variable as separating element
Separating form: [0, 0, 0, 0, 0, 0, 0, 0, 0, 0, 0, 0, 0, 0, 0, 0, 0, 0, 0, 0, 0, 1]
Run Groebner learn
Test cyclic optimization
Apply cyclic optimization 
Multi-modular computation (1 threads): G-Q-Pt-FG-LT-LP(C)
5-9-13-17-21-25-29-33-37-41-45-49-53-61-69-77-85-93-105-117-
check-G-Q-Pt-FG-LT-LP(C)
Nb Primes used :117
Vector{MPFI.BigInterval}[]
DEBUG [determine_optimal_points_count]: Large num points: 1
DEBUG [determine_optimal_points_count]: Good num points: 1
DEBUG [multipoint_parameter_estimation]: Parameter estimation using this many points: 1
DEBUG [multipoint_parameter_estimation]: Ideal final target: 
-0.684 + _t667_NN_t_
-0.3051753742183433 + _t667_In_t_
0.024954890868786883 + _t667_Inˍt_t_
-0.003031043558159025 + _t667_Inˍtt_t_
0.05352856283180936 + _t667_Inˍttt_t_
-0.11403870054866848 + _t667_Inˍtttt_t_
0.18993527645836245 + _t667_Inˍttttt_t_
_t667_Inˍt_t_ - _t667_E_t_*_tpnu_ + _t667_In_t_*_tpa_
_t667_Inˍtt_t_ - _t667_Eˍt_t_*_tpnu_ + _t667_Inˍt_t_*_tpa_
_t667_Inˍttt_t_ - _t667_Eˍtt_t_*_tpnu_ + _t667_Inˍtt_t_*_tpa_
_t667_Inˍtttt_t_ - _t667_Eˍttt_t_*_tpnu_ + _t667_Inˍttt_t_*_tpa_
_t667_Inˍttttt_t_ - _t667_Eˍtttt_t_*_tpnu_ + _t667_Inˍtttt_t_*_tpa_
_t667_Eˍt_t_*_t667_NN_t_ + _t667_E_t_*_t667_NN_t_*_tpnu_ - _t667_In_t_*_t667_S_t_*_tpb_
_t667_Eˍt_t_*_t667_NNˍt_t_ + _t667_Eˍtt_t_*_t667_NN_t_ + _t667_E_t_*_t667_NNˍt_t_*_tpnu_ + _t667_Eˍt_t_*_t667_NN_t_*_tpnu_ - _t667_In_t_*_t667_Sˍt_t_*_tpb_ - _t667_Inˍt_t_*_t667_S_t_*_tpb_
_t667_Eˍt_t_*_t667_NNˍtt_t_ + 2_t667_Eˍtt_t_*_t667_NNˍt_t_ + _t667_Eˍttt_t_*_t667_NN_t_ + _t667_E_t_*_t667_NNˍtt_t_*_tpnu_ + 2_t667_Eˍt_t_*_t667_NNˍt_t_*_tpnu_ + _t667_Eˍtt_t_*_t667_NN_t_*_tpnu_ - _t667_In_t_*_t667_Sˍtt_t_*_tpb_ - 2_t667_Inˍt_t_*_t667_Sˍt_t_*_tpb_ - _t667_Inˍtt_t_*_t667_S_t_*_tpb_
_t667_Eˍt_t_*_t667_NNˍttt_t_ + 3_t667_Eˍtt_t_*_t667_NNˍtt_t_ + 3_t667_Eˍttt_t_*_t667_NNˍt_t_ + _t667_Eˍtttt_t_*_t667_NN_t_ + _t667_E_t_*_t667_NNˍttt_t_*_tpnu_ + 3_t667_Eˍt_t_*_t667_NNˍtt_t_*_tpnu_ + 3_t667_Eˍtt_t_*_t667_NNˍt_t_*_tpnu_ + _t667_Eˍttt_t_*_t667_NN_t_*_tpnu_ - _t667_In_t_*_t667_Sˍttt_t_*_tpb_ - 3_t667_Inˍt_t_*_t667_Sˍtt_t_*_tpb_ - 3_t667_Inˍtt_t_*_t667_Sˍt_t_*_tpb_ - _t667_Inˍttt_t_*_t667_S_t_*_tpb_
_t667_NN_t_*_t667_Sˍt_t_ + _t667_In_t_*_t667_S_t_*_tpb_
_t667_NNˍt_t_
_t667_NNˍtt_t_
_t667_NN_t_*_t667_Sˍtt_t_ + _t667_NNˍt_t_*_t667_Sˍt_t_ + _t667_In_t_*_t667_Sˍt_t_*_tpb_ + _t667_Inˍt_t_*_t667_S_t_*_tpb_
_t667_NNˍttt_t_
_t667_NN_t_*_t667_Sˍttt_t_ + 2_t667_NNˍt_t_*_t667_Sˍtt_t_ + _t667_NNˍtt_t_*_t667_Sˍt_t_ + _t667_In_t_*_t667_Sˍtt_t_*_tpb_ + 2_t667_Inˍt_t_*_t667_Sˍt_t_*_tpb_ + _t667_Inˍtt_t_*_t667_S_t_*_tpb_
DEBUG [but we are actually solving this: 
-0.684 + _t667_NN_t_
-0.3051753740313624 + _t667_In_t_
0.024954896880295535 + _t667_Inˍt_t_
-0.0030311073135168656 + _t667_Inˍtt_t_
0.053525475066588994 + _t667_Inˍttt_t_
-0.11400400898487682 + _t667_Inˍtttt_t_
0.19142959927996003 + _t667_Inˍttttt_t_
_t667_Inˍt_t_ - _t667_E_t_*_tpnu_ + _t667_In_t_*_tpa_
_t667_Inˍtt_t_ - _t667_Eˍt_t_*_tpnu_ + _t667_Inˍt_t_*_tpa_
_t667_Inˍttt_t_ - _t667_Eˍtt_t_*_tpnu_ + _t667_Inˍtt_t_*_tpa_
_t667_Inˍtttt_t_ - _t667_Eˍttt_t_*_tpnu_ + _t667_Inˍttt_t_*_tpa_
_t667_Inˍttttt_t_ - _t667_Eˍtttt_t_*_tpnu_ + _t667_Inˍtttt_t_*_tpa_
_t667_Eˍt_t_*_t667_NN_t_ + _t667_E_t_*_t667_NN_t_*_tpnu_ - _t667_In_t_*_t667_S_t_*_tpb_
_t667_Eˍt_t_*_t667_NNˍt_t_ + _t667_Eˍtt_t_*_t667_NN_t_ + _t667_E_t_*_t667_NNˍt_t_*_tpnu_ + _t667_Eˍt_t_*_t667_NN_t_*_tpnu_ - _t667_In_t_*_t667_Sˍt_t_*_tpb_ - _t667_Inˍt_t_*_t667_S_t_*_tpb_
_t667_Eˍt_t_*_t667_NNˍtt_t_ + 2_t667_Eˍtt_t_*_t667_NNˍt_t_ + _t667_Eˍttt_t_*_t667_NN_t_ + _t667_E_t_*_t667_NNˍtt_t_*_tpnu_ + 2_t667_Eˍt_t_*_t667_NNˍt_t_*_tpnu_ + _t667_Eˍtt_t_*_t667_NN_t_*_tpnu_ - _t667_In_t_*_t667_Sˍtt_t_*_tpb_ - 2_t667_Inˍt_t_*_t667_Sˍt_t_*_tpb_ - _t667_Inˍtt_t_*_t667_S_t_*_tpb_
_t667_Eˍt_t_*_t667_NNˍttt_t_ + 3_t667_Eˍtt_t_*_t667_NNˍtt_t_ + 3_t667_Eˍttt_t_*_t667_NNˍt_t_ + _t667_Eˍtttt_t_*_t667_NN_t_ + _t667_E_t_*_t667_NNˍttt_t_*_tpnu_ + 3_t667_Eˍt_t_*_t667_NNˍtt_t_*_tpnu_ + 3_t667_Eˍtt_t_*_t667_NNˍt_t_*_tpnu_ + _t667_Eˍttt_t_*_t667_NN_t_*_tpnu_ - _t667_In_t_*_t667_Sˍttt_t_*_tpb_ - 3_t667_Inˍt_t_*_t667_Sˍtt_t_*_tpb_ - 3_t667_Inˍtt_t_*_t667_Sˍt_t_*_tpb_ - _t667_Inˍttt_t_*_t667_S_t_*_tpb_
_t667_NN_t_*_t667_Sˍt_t_ + _t667_In_t_*_t667_S_t_*_tpb_
_t667_NNˍt_t_
_t667_NNˍtt_t_
_t667_NN_t_*_t667_Sˍtt_t_ + _t667_NNˍt_t_*_t667_Sˍt_t_ + _t667_In_t_*_t667_Sˍt_t_*_tpb_ + _t667_Inˍt_t_*_t667_S_t_*_tpb_
_t667_NNˍttt_t_
_t667_NN_t_*_t667_Sˍttt_t_ + 2_t667_NNˍt_t_*_t667_Sˍtt_t_ + _t667_NNˍtt_t_*_t667_Sˍt_t_ + _t667_In_t_*_t667_Sˍtt_t_*_tpb_ + 2_t667_Inˍt_t_*_t667_Sˍt_t_*_tpb_ + _t667_Inˍtt_t_*_t667_S_t_*_tpb_
As a reminder the true parameter values are: 
OrderedDict{Num, Float64}(a => 0.678, b => 0.793, nu => 0.88)
And the true states are: 
OrderedDict{Num, Float64}(S(t) => 0.785, E(t) => 0.109, In(t) => 0.388, NN(t) => 0.684)
The forward substitution dictionary is: 
Any[OrderedDict{Num, Any}(Sˍt(t) => _t667_Sˍt_t_, Eˍt(t) => _t667_Eˍt_t_, Inˍt(t) => _t667_Inˍt_t_, NNˍt(t) => _t667_NNˍt_t_, Sˍtt(t) => _t667_Sˍtt_t_, Eˍtt(t) => _t667_Eˍtt_t_, Inˍtt(t) => _t667_Inˍtt_t_, NNˍtt(t) => _t667_NNˍtt_t_, Sˍttt(t) => _t667_Sˍttt_t_, Eˍttt(t) => _t667_Eˍttt_t_, Inˍttt(t) => _t667_Inˍttt_t_, NNˍttt(t) => _t667_NNˍttt_t_, Sˍtttt(t) => _t667_Sˍtttt_t_, Eˍtttt(t) => _t667_Eˍtttt_t_, Inˍtttt(t) => _t667_Inˍtttt_t_, NNˍtttt(t) => _t667_NNˍtttt_t_, Sˍttttt(t) => _t667_Sˍttttt_t_, Eˍttttt(t) => _t667_Eˍttttt_t_, Inˍttttt(t) => _t667_Inˍttttt_t_, NNˍttttt(t) => _t667_NNˍttttt_t_, Sˍtttttt(t) => _t667_Sˍtttttt_t_, Eˍtttttt(t) => _t667_Eˍtttttt_t_, Inˍtttttt(t) => _t667_Inˍtttttt_t_, NNˍtttttt(t) => _t667_NNˍtttttt_t_, S(t) => _t667_S_t_, E(t) => _t667_E_t_, In(t) => _t667_In_t_, NN(t) => _t667_NN_t_, y1(t) => _t667_y1_t_, y2(t) => _t667_y2_t_, y1ˍt(t) => _t667_y1ˍt_t_, y2ˍt(t) => _t667_y2ˍt_t_, y1ˍtt(t) => _t667_y1ˍtt_t_, y2ˍtt(t) => _t667_y2ˍtt_t_, y1ˍttt(t) => _t667_y1ˍttt_t_, y2ˍttt(t) => _t667_y2ˍttt_t_, y1ˍtttt(t) => _t667_y1ˍtttt_t_, y2ˍtttt(t) => _t667_y2ˍtttt_t_, y1ˍttttt(t) => _t667_y1ˍttttt_t_, y2ˍttttt(t) => _t667_y2ˍttttt_t_, y1ˍtttttt(t) => _t667_y1ˍtttttt_t_, y2ˍtttttt(t) => _t667_y2ˍtttttt_t_, a => _tpa_, nu => _tpnu_, b => _tpb_)]
The reverse substitution dictionary is: 
Any[OrderedDict{Any, Any}(_t667_Sˍt_t_ => Sˍt(t), _t667_Eˍt_t_ => Eˍt(t), _t667_Inˍt_t_ => Inˍt(t), _t667_NNˍt_t_ => NNˍt(t), _t667_Sˍtt_t_ => Sˍtt(t), _t667_Eˍtt_t_ => Eˍtt(t), _t667_Inˍtt_t_ => Inˍtt(t), _t667_NNˍtt_t_ => NNˍtt(t), _t667_Sˍttt_t_ => Sˍttt(t), _t667_Eˍttt_t_ => Eˍttt(t), _t667_Inˍttt_t_ => Inˍttt(t), _t667_NNˍttt_t_ => NNˍttt(t), _t667_Sˍtttt_t_ => Sˍtttt(t), _t667_Eˍtttt_t_ => Eˍtttt(t), _t667_Inˍtttt_t_ => Inˍtttt(t), _t667_NNˍtttt_t_ => NNˍtttt(t), _t667_Sˍttttt_t_ => Sˍttttt(t), _t667_Eˍttttt_t_ => Eˍttttt(t), _t667_Inˍttttt_t_ => Inˍttttt(t), _t667_NNˍttttt_t_ => NNˍttttt(t), _t667_Sˍtttttt_t_ => Sˍtttttt(t), _t667_Eˍtttttt_t_ => Eˍtttttt(t), _t667_Inˍtttttt_t_ => Inˍtttttt(t), _t667_NNˍtttttt_t_ => NNˍtttttt(t), _t667_S_t_ => S(t), _t667_E_t_ => E(t), _t667_In_t_ => In(t), _t667_NN_t_ => NN(t), _t667_y1_t_ => y1(t), _t667_y2_t_ => y2(t), _t667_y1ˍt_t_ => y1ˍt(t), _t667_y2ˍt_t_ => y2ˍt(t), _t667_y1ˍtt_t_ => y1ˍtt(t), _t667_y2ˍtt_t_ => y2ˍtt(t), _t667_y1ˍttt_t_ => y1ˍttt(t), _t667_y2ˍttt_t_ => y2ˍttt(t), _t667_y1ˍtttt_t_ => y1ˍtttt(t), _t667_y2ˍtttt_t_ => y2ˍtttt(t), _t667_y1ˍttttt_t_ => y1ˍttttt(t), _t667_y2ˍttttt_t_ => y2ˍttttt(t), _t667_y1ˍtttttt_t_ => y1ˍtttttt(t), _t667_y2ˍtttttt_t_ => y2ˍtttttt(t), _tpa_ => a, _tpnu_ => nu, _tpb_ => b)]
DEBUG [multipoint_parameter_estimation]: Evaluated ideal polynomial system with exact state and parameter values:
0.0
0.0
0.0
0.0
0.0
0.0
0.0
0.0
0.0
8.673617379884035e-19
0.0
1.3877787807814457e-17
-2.7755575615628914e-17
1.734723475976807e-18
6.938893903907228e-18
-3.469446951953614e-18
0.0
0
0
0.0
0
0.0
DEBUG [multipoint_parameter_estimation]: Evaluated interpolated polynomial system with exact state and parameter values:
0.0
1.8698087522750484e-10
6.011508651981856e-9
-6.375535784074529e-8
-3.0877652203650796e-6
3.469156379165561e-5
0.0014943228215975879
0.0
0.0
8.673617379884035e-19
0.0
1.3877787807814457e-17
-2.7755575615628914e-17
1.734723475976807e-18
6.938893903907228e-18
-3.469446951953614e-18
0.0
0
0
0.0
0
0.0
and by the way the exact state values are: (at the time index 667)
OrderedDict{Any, Any}(S(t) => 0.4696676830007269, E(t) => 0.20676592369460212, In(t) => 0.3051753742183433, NN(t) => 0.684)
and by the way the exact parameter values are:
OrderedDict{Num, Float64}(a => 0.678, b => 0.793, nu => 0.88)
aa_system
Any[_t667_NN_t_ - 6160924290242839//9007199254740992, _t667_In_t_ - 2748775401540591//9007199254740992, _t667_Inˍt_t_ + 899094914329345//36028797018963968, _t667_Inˍtt_t_ - 6989257609049365//2305843009213693952, _t667_Inˍttt_t_ + 7713833906071007//144115188075855872, _t667_Inˍtttt_t_ - 8214854598128543//72057594037927936, _t667_Inˍttttt_t_ + 6896978175879291//36028797018963968, _tpa_*_t667_In_t_ - _tpnu_*_t667_E_t_ + _t667_Inˍt_t_, _tpa_*_t667_Inˍt_t_ - _tpnu_*_t667_Eˍt_t_ + _t667_Inˍtt_t_, _tpa_*_t667_Inˍtt_t_ - _tpnu_*_t667_Eˍtt_t_ + _t667_Inˍttt_t_, _tpa_*_t667_Inˍttt_t_ - _tpnu_*_t667_Eˍttt_t_ + _t667_Inˍtttt_t_, _tpa_*_t667_Inˍtttt_t_ - _tpnu_*_t667_Eˍtttt_t_ + _t667_Inˍttttt_t_, _tpnu_*_t667_E_t_*_t667_NN_t_ - _tpb_*_t667_S_t_*_t667_In_t_ + _t667_NN_t_*_t667_Eˍt_t_, _tpnu_*_t667_E_t_*_t667_NNˍt_t_ + _tpnu_*_t667_NN_t_*_t667_Eˍt_t_ - _tpb_*_t667_S_t_*_t667_Inˍt_t_ - _tpb_*_t667_In_t_*_t667_Sˍt_t_ + _t667_NN_t_*_t667_Eˍtt_t_ + _t667_Eˍt_t_*_t667_NNˍt_t_, _tpnu_*_t667_E_t_*_t667_NNˍtt_t_ + _tpnu_*_t667_NN_t_*_t667_Eˍtt_t_ + 2*_tpnu_*_t667_Eˍt_t_*_t667_NNˍt_t_ - _tpb_*_t667_S_t_*_t667_Inˍtt_t_ - _tpb_*_t667_In_t_*_t667_Sˍtt_t_ - 2*_tpb_*_t667_Inˍt_t_*_t667_Sˍt_t_ + _t667_NN_t_*_t667_Eˍttt_t_ + _t667_Eˍt_t_*_t667_NNˍtt_t_ + 2*_t667_Eˍtt_t_*_t667_NNˍt_t_, _tpnu_*_t667_E_t_*_t667_NNˍttt_t_ + _tpnu_*_t667_NN_t_*_t667_Eˍttt_t_ + 3*_tpnu_*_t667_Eˍt_t_*_t667_NNˍtt_t_ + 3*_tpnu_*_t667_Eˍtt_t_*_t667_NNˍt_t_ - _tpb_*_t667_S_t_*_t667_Inˍttt_t_ - _tpb_*_t667_In_t_*_t667_Sˍttt_t_ - 3*_tpb_*_t667_Inˍt_t_*_t667_Sˍtt_t_ - 3*_tpb_*_t667_Inˍtt_t_*_t667_Sˍt_t_ + _t667_NN_t_*_t667_Eˍtttt_t_ + _t667_Eˍt_t_*_t667_NNˍttt_t_ + 3*_t667_Eˍtt_t_*_t667_NNˍtt_t_ + 3*_t667_Eˍttt_t_*_t667_NNˍt_t_, _tpb_*_t667_S_t_*_t667_In_t_ + _t667_NN_t_*_t667_Sˍt_t_, _t667_NNˍt_t_, _t667_NNˍtt_t_, _tpb_*_t667_S_t_*_t667_Inˍt_t_ + _tpb_*_t667_In_t_*_t667_Sˍt_t_ + _t667_NN_t_*_t667_Sˍtt_t_ + _t667_Sˍt_t_*_t667_NNˍt_t_, _t667_NNˍttt_t_, _tpb_*_t667_S_t_*_t667_Inˍtt_t_ + _tpb_*_t667_In_t_*_t667_Sˍtt_t_ + 2*_tpb_*_t667_Inˍt_t_*_t667_Sˍt_t_ + _t667_NN_t_*_t667_Sˍttt_t_ + _t667_Sˍt_t_*_t667_NNˍtt_t_ + 2*_t667_NNˍt_t_*_t667_Sˍtt_t_]
R
Multivariate polynomial ring in 22 variables over rationals
primes of bitsize 28
G-Q-Pt-FG-LT-LP(C)
Dimension of the quotient :4
Degree of the radical :4
Use last variable as separating element
Separating form: [0, 0, 0, 0, 0, 0, 0, 0, 0, 0, 0, 0, 0, 0, 0, 0, 0, 0, 0, 0, 0, 1]
Run Groebner learn
Test cyclic optimization
Apply cyclic optimization 
Multi-modular computation (1 threads): G-Q-Pt-FG-LT-LP(C)
5-9-13-17-21-25-29-33-37-41-45-49-53-61-69-77-85-93-105-117-
check-G-Q-Pt-FG-LT-LP(C)
Nb Primes used :117
Vector{MPFI.BigInterval}[]
DEBUG [determine_optimal_points_count]: Large num points: 1
DEBUG [determine_optimal_points_count]: Good num points: 1
DEBUG [multipoint_parameter_estimation]: Parameter estimation using this many points: 1
DEBUG [multipoint_parameter_estimation]: Ideal final target: 
-0.684 + _t667_NN_t_
-0.3051753742183433 + _t667_In_t_
0.024954890868786883 + _t667_Inˍt_t_
-0.003031043558159025 + _t667_Inˍtt_t_
0.05352856283180936 + _t667_Inˍttt_t_
-0.11403870054866848 + _t667_Inˍtttt_t_
0.18993527645836245 + _t667_Inˍttttt_t_
_t667_Inˍt_t_ - _t667_E_t_*_tpnu_ + _t667_In_t_*_tpa_
_t667_Inˍtt_t_ - _t667_Eˍt_t_*_tpnu_ + _t667_Inˍt_t_*_tpa_
_t667_Inˍttt_t_ - _t667_Eˍtt_t_*_tpnu_ + _t667_Inˍtt_t_*_tpa_
_t667_Inˍtttt_t_ - _t667_Eˍttt_t_*_tpnu_ + _t667_Inˍttt_t_*_tpa_
_t667_Inˍttttt_t_ - _t667_Eˍtttt_t_*_tpnu_ + _t667_Inˍtttt_t_*_tpa_
_t667_Eˍt_t_*_t667_NN_t_ + _t667_E_t_*_t667_NN_t_*_tpnu_ - _t667_In_t_*_t667_S_t_*_tpb_
_t667_Eˍt_t_*_t667_NNˍt_t_ + _t667_Eˍtt_t_*_t667_NN_t_ + _t667_E_t_*_t667_NNˍt_t_*_tpnu_ + _t667_Eˍt_t_*_t667_NN_t_*_tpnu_ - _t667_In_t_*_t667_Sˍt_t_*_tpb_ - _t667_Inˍt_t_*_t667_S_t_*_tpb_
_t667_Eˍt_t_*_t667_NNˍtt_t_ + 2_t667_Eˍtt_t_*_t667_NNˍt_t_ + _t667_Eˍttt_t_*_t667_NN_t_ + _t667_E_t_*_t667_NNˍtt_t_*_tpnu_ + 2_t667_Eˍt_t_*_t667_NNˍt_t_*_tpnu_ + _t667_Eˍtt_t_*_t667_NN_t_*_tpnu_ - _t667_In_t_*_t667_Sˍtt_t_*_tpb_ - 2_t667_Inˍt_t_*_t667_Sˍt_t_*_tpb_ - _t667_Inˍtt_t_*_t667_S_t_*_tpb_
_t667_Eˍt_t_*_t667_NNˍttt_t_ + 3_t667_Eˍtt_t_*_t667_NNˍtt_t_ + 3_t667_Eˍttt_t_*_t667_NNˍt_t_ + _t667_Eˍtttt_t_*_t667_NN_t_ + _t667_E_t_*_t667_NNˍttt_t_*_tpnu_ + 3_t667_Eˍt_t_*_t667_NNˍtt_t_*_tpnu_ + 3_t667_Eˍtt_t_*_t667_NNˍt_t_*_tpnu_ + _t667_Eˍttt_t_*_t667_NN_t_*_tpnu_ - _t667_In_t_*_t667_Sˍttt_t_*_tpb_ - 3_t667_Inˍt_t_*_t667_Sˍtt_t_*_tpb_ - 3_t667_Inˍtt_t_*_t667_Sˍt_t_*_tpb_ - _t667_Inˍttt_t_*_t667_S_t_*_tpb_
_t667_NN_t_*_t667_Sˍt_t_ + _t667_In_t_*_t667_S_t_*_tpb_
_t667_NNˍt_t_
_t667_NNˍtt_t_
_t667_NN_t_*_t667_Sˍtt_t_ + _t667_NNˍt_t_*_t667_Sˍt_t_ + _t667_In_t_*_t667_Sˍt_t_*_tpb_ + _t667_Inˍt_t_*_t667_S_t_*_tpb_
_t667_NNˍttt_t_
_t667_NN_t_*_t667_Sˍttt_t_ + 2_t667_NNˍt_t_*_t667_Sˍtt_t_ + _t667_NNˍtt_t_*_t667_Sˍt_t_ + _t667_In_t_*_t667_Sˍtt_t_*_tpb_ + 2_t667_Inˍt_t_*_t667_Sˍt_t_*_tpb_ + _t667_Inˍtt_t_*_t667_S_t_*_tpb_
DEBUG [but we are actually solving this: 
-0.684 + _t667_NN_t_
-0.3051753740313624 + _t667_In_t_
0.024954896880295535 + _t667_Inˍt_t_
-0.0030311073135168656 + _t667_Inˍtt_t_
0.053525475066588994 + _t667_Inˍttt_t_
-0.11400400898487682 + _t667_Inˍtttt_t_
0.19142959927996003 + _t667_Inˍttttt_t_
_t667_Inˍt_t_ - _t667_E_t_*_tpnu_ + _t667_In_t_*_tpa_
_t667_Inˍtt_t_ - _t667_Eˍt_t_*_tpnu_ + _t667_Inˍt_t_*_tpa_
_t667_Inˍttt_t_ - _t667_Eˍtt_t_*_tpnu_ + _t667_Inˍtt_t_*_tpa_
_t667_Inˍtttt_t_ - _t667_Eˍttt_t_*_tpnu_ + _t667_Inˍttt_t_*_tpa_
_t667_Inˍttttt_t_ - _t667_Eˍtttt_t_*_tpnu_ + _t667_Inˍtttt_t_*_tpa_
_t667_Eˍt_t_*_t667_NN_t_ + _t667_E_t_*_t667_NN_t_*_tpnu_ - _t667_In_t_*_t667_S_t_*_tpb_
_t667_Eˍt_t_*_t667_NNˍt_t_ + _t667_Eˍtt_t_*_t667_NN_t_ + _t667_E_t_*_t667_NNˍt_t_*_tpnu_ + _t667_Eˍt_t_*_t667_NN_t_*_tpnu_ - _t667_In_t_*_t667_Sˍt_t_*_tpb_ - _t667_Inˍt_t_*_t667_S_t_*_tpb_
_t667_Eˍt_t_*_t667_NNˍtt_t_ + 2_t667_Eˍtt_t_*_t667_NNˍt_t_ + _t667_Eˍttt_t_*_t667_NN_t_ + _t667_E_t_*_t667_NNˍtt_t_*_tpnu_ + 2_t667_Eˍt_t_*_t667_NNˍt_t_*_tpnu_ + _t667_Eˍtt_t_*_t667_NN_t_*_tpnu_ - _t667_In_t_*_t667_Sˍtt_t_*_tpb_ - 2_t667_Inˍt_t_*_t667_Sˍt_t_*_tpb_ - _t667_Inˍtt_t_*_t667_S_t_*_tpb_
_t667_Eˍt_t_*_t667_NNˍttt_t_ + 3_t667_Eˍtt_t_*_t667_NNˍtt_t_ + 3_t667_Eˍttt_t_*_t667_NNˍt_t_ + _t667_Eˍtttt_t_*_t667_NN_t_ + _t667_E_t_*_t667_NNˍttt_t_*_tpnu_ + 3_t667_Eˍt_t_*_t667_NNˍtt_t_*_tpnu_ + 3_t667_Eˍtt_t_*_t667_NNˍt_t_*_tpnu_ + _t667_Eˍttt_t_*_t667_NN_t_*_tpnu_ - _t667_In_t_*_t667_Sˍttt_t_*_tpb_ - 3_t667_Inˍt_t_*_t667_Sˍtt_t_*_tpb_ - 3_t667_Inˍtt_t_*_t667_Sˍt_t_*_tpb_ - _t667_Inˍttt_t_*_t667_S_t_*_tpb_
_t667_NN_t_*_t667_Sˍt_t_ + _t667_In_t_*_t667_S_t_*_tpb_
_t667_NNˍt_t_
_t667_NNˍtt_t_
_t667_NN_t_*_t667_Sˍtt_t_ + _t667_NNˍt_t_*_t667_Sˍt_t_ + _t667_In_t_*_t667_Sˍt_t_*_tpb_ + _t667_Inˍt_t_*_t667_S_t_*_tpb_
_t667_NNˍttt_t_
_t667_NN_t_*_t667_Sˍttt_t_ + 2_t667_NNˍt_t_*_t667_Sˍtt_t_ + _t667_NNˍtt_t_*_t667_Sˍt_t_ + _t667_In_t_*_t667_Sˍtt_t_*_tpb_ + 2_t667_Inˍt_t_*_t667_Sˍt_t_*_tpb_ + _t667_Inˍtt_t_*_t667_S_t_*_tpb_
As a reminder the true parameter values are: 
OrderedDict{Num, Float64}(a => 0.678, b => 0.793, nu => 0.88)
And the true states are: 
OrderedDict{Num, Float64}(S(t) => 0.785, E(t) => 0.109, In(t) => 0.388, NN(t) => 0.684)
The forward substitution dictionary is: 
Any[OrderedDict{Num, Any}(Sˍt(t) => _t667_Sˍt_t_, Eˍt(t) => _t667_Eˍt_t_, Inˍt(t) => _t667_Inˍt_t_, NNˍt(t) => _t667_NNˍt_t_, Sˍtt(t) => _t667_Sˍtt_t_, Eˍtt(t) => _t667_Eˍtt_t_, Inˍtt(t) => _t667_Inˍtt_t_, NNˍtt(t) => _t667_NNˍtt_t_, Sˍttt(t) => _t667_Sˍttt_t_, Eˍttt(t) => _t667_Eˍttt_t_, Inˍttt(t) => _t667_Inˍttt_t_, NNˍttt(t) => _t667_NNˍttt_t_, Sˍtttt(t) => _t667_Sˍtttt_t_, Eˍtttt(t) => _t667_Eˍtttt_t_, Inˍtttt(t) => _t667_Inˍtttt_t_, NNˍtttt(t) => _t667_NNˍtttt_t_, Sˍttttt(t) => _t667_Sˍttttt_t_, Eˍttttt(t) => _t667_Eˍttttt_t_, Inˍttttt(t) => _t667_Inˍttttt_t_, NNˍttttt(t) => _t667_NNˍttttt_t_, Sˍtttttt(t) => _t667_Sˍtttttt_t_, Eˍtttttt(t) => _t667_Eˍtttttt_t_, Inˍtttttt(t) => _t667_Inˍtttttt_t_, NNˍtttttt(t) => _t667_NNˍtttttt_t_, S(t) => _t667_S_t_, E(t) => _t667_E_t_, In(t) => _t667_In_t_, NN(t) => _t667_NN_t_, y1(t) => _t667_y1_t_, y2(t) => _t667_y2_t_, y1ˍt(t) => _t667_y1ˍt_t_, y2ˍt(t) => _t667_y2ˍt_t_, y1ˍtt(t) => _t667_y1ˍtt_t_, y2ˍtt(t) => _t667_y2ˍtt_t_, y1ˍttt(t) => _t667_y1ˍttt_t_, y2ˍttt(t) => _t667_y2ˍttt_t_, y1ˍtttt(t) => _t667_y1ˍtttt_t_, y2ˍtttt(t) => _t667_y2ˍtttt_t_, y1ˍttttt(t) => _t667_y1ˍttttt_t_, y2ˍttttt(t) => _t667_y2ˍttttt_t_, y1ˍtttttt(t) => _t667_y1ˍtttttt_t_, y2ˍtttttt(t) => _t667_y2ˍtttttt_t_, a => _tpa_, nu => _tpnu_, b => _tpb_)]
The reverse substitution dictionary is: 
Any[OrderedDict{Any, Any}(_t667_Sˍt_t_ => Sˍt(t), _t667_Eˍt_t_ => Eˍt(t), _t667_Inˍt_t_ => Inˍt(t), _t667_NNˍt_t_ => NNˍt(t), _t667_Sˍtt_t_ => Sˍtt(t), _t667_Eˍtt_t_ => Eˍtt(t), _t667_Inˍtt_t_ => Inˍtt(t), _t667_NNˍtt_t_ => NNˍtt(t), _t667_Sˍttt_t_ => Sˍttt(t), _t667_Eˍttt_t_ => Eˍttt(t), _t667_Inˍttt_t_ => Inˍttt(t), _t667_NNˍttt_t_ => NNˍttt(t), _t667_Sˍtttt_t_ => Sˍtttt(t), _t667_Eˍtttt_t_ => Eˍtttt(t), _t667_Inˍtttt_t_ => Inˍtttt(t), _t667_NNˍtttt_t_ => NNˍtttt(t), _t667_Sˍttttt_t_ => Sˍttttt(t), _t667_Eˍttttt_t_ => Eˍttttt(t), _t667_Inˍttttt_t_ => Inˍttttt(t), _t667_NNˍttttt_t_ => NNˍttttt(t), _t667_Sˍtttttt_t_ => Sˍtttttt(t), _t667_Eˍtttttt_t_ => Eˍtttttt(t), _t667_Inˍtttttt_t_ => Inˍtttttt(t), _t667_NNˍtttttt_t_ => NNˍtttttt(t), _t667_S_t_ => S(t), _t667_E_t_ => E(t), _t667_In_t_ => In(t), _t667_NN_t_ => NN(t), _t667_y1_t_ => y1(t), _t667_y2_t_ => y2(t), _t667_y1ˍt_t_ => y1ˍt(t), _t667_y2ˍt_t_ => y2ˍt(t), _t667_y1ˍtt_t_ => y1ˍtt(t), _t667_y2ˍtt_t_ => y2ˍtt(t), _t667_y1ˍttt_t_ => y1ˍttt(t), _t667_y2ˍttt_t_ => y2ˍttt(t), _t667_y1ˍtttt_t_ => y1ˍtttt(t), _t667_y2ˍtttt_t_ => y2ˍtttt(t), _t667_y1ˍttttt_t_ => y1ˍttttt(t), _t667_y2ˍttttt_t_ => y2ˍttttt(t), _t667_y1ˍtttttt_t_ => y1ˍtttttt(t), _t667_y2ˍtttttt_t_ => y2ˍtttttt(t), _tpa_ => a, _tpnu_ => nu, _tpb_ => b)]
DEBUG [multipoint_parameter_estimation]: Evaluated ideal polynomial system with exact state and parameter values:
0.0
0.0
0.0
0.0
0.0
0.0
0.0
0.0
0.0
8.673617379884035e-19
0.0
1.3877787807814457e-17
-2.7755575615628914e-17
1.734723475976807e-18
6.938893903907228e-18
-3.469446951953614e-18
0.0
0
0
0.0
0
0.0
DEBUG [multipoint_parameter_estimation]: Evaluated interpolated polynomial system with exact state and parameter values:
0.0
1.8698087522750484e-10
6.011508651981856e-9
-6.375535784074529e-8
-3.0877652203650796e-6
3.469156379165561e-5
0.0014943228215975879
0.0
0.0
8.673617379884035e-19
0.0
1.3877787807814457e-17
-2.7755575615628914e-17
1.734723475976807e-18
6.938893903907228e-18
-3.469446951953614e-18
0.0
0
0
0.0
0
0.0
and by the way the exact state values are: (at the time index 667)
OrderedDict{Any, Any}(S(t) => 0.4696676830007269, E(t) => 0.20676592369460212, In(t) => 0.3051753742183433, NN(t) => 0.684)
and by the way the exact parameter values are:
OrderedDict{Num, Float64}(a => 0.678, b => 0.793, nu => 0.88)
aa_system
Any[_t667_NN_t_ - 6160924290242839//9007199254740992, _t667_In_t_ - 2748775401540591//9007199254740992, _t667_Inˍt_t_ + 899094914329345//36028797018963968, _t667_Inˍtt_t_ - 6989257609049365//2305843009213693952, _t667_Inˍttt_t_ + 7713833906071007//144115188075855872, _t667_Inˍtttt_t_ - 8214854598128543//72057594037927936, _t667_Inˍttttt_t_ + 6896978175879291//36028797018963968, _tpa_*_t667_In_t_ - _tpnu_*_t667_E_t_ + _t667_Inˍt_t_, _tpa_*_t667_Inˍt_t_ - _tpnu_*_t667_Eˍt_t_ + _t667_Inˍtt_t_, _tpa_*_t667_Inˍtt_t_ - _tpnu_*_t667_Eˍtt_t_ + _t667_Inˍttt_t_, _tpa_*_t667_Inˍttt_t_ - _tpnu_*_t667_Eˍttt_t_ + _t667_Inˍtttt_t_, _tpa_*_t667_Inˍtttt_t_ - _tpnu_*_t667_Eˍtttt_t_ + _t667_Inˍttttt_t_, _tpnu_*_t667_E_t_*_t667_NN_t_ - _tpb_*_t667_S_t_*_t667_In_t_ + _t667_NN_t_*_t667_Eˍt_t_, _tpnu_*_t667_E_t_*_t667_NNˍt_t_ + _tpnu_*_t667_NN_t_*_t667_Eˍt_t_ - _tpb_*_t667_S_t_*_t667_Inˍt_t_ - _tpb_*_t667_In_t_*_t667_Sˍt_t_ + _t667_NN_t_*_t667_Eˍtt_t_ + _t667_Eˍt_t_*_t667_NNˍt_t_, _tpnu_*_t667_E_t_*_t667_NNˍtt_t_ + _tpnu_*_t667_NN_t_*_t667_Eˍtt_t_ + 2*_tpnu_*_t667_Eˍt_t_*_t667_NNˍt_t_ - _tpb_*_t667_S_t_*_t667_Inˍtt_t_ - _tpb_*_t667_In_t_*_t667_Sˍtt_t_ - 2*_tpb_*_t667_Inˍt_t_*_t667_Sˍt_t_ + _t667_NN_t_*_t667_Eˍttt_t_ + _t667_Eˍt_t_*_t667_NNˍtt_t_ + 2*_t667_Eˍtt_t_*_t667_NNˍt_t_, _tpnu_*_t667_E_t_*_t667_NNˍttt_t_ + _tpnu_*_t667_NN_t_*_t667_Eˍttt_t_ + 3*_tpnu_*_t667_Eˍt_t_*_t667_NNˍtt_t_ + 3*_tpnu_*_t667_Eˍtt_t_*_t667_NNˍt_t_ - _tpb_*_t667_S_t_*_t667_Inˍttt_t_ - _tpb_*_t667_In_t_*_t667_Sˍttt_t_ - 3*_tpb_*_t667_Inˍt_t_*_t667_Sˍtt_t_ - 3*_tpb_*_t667_Inˍtt_t_*_t667_Sˍt_t_ + _t667_NN_t_*_t667_Eˍtttt_t_ + _t667_Eˍt_t_*_t667_NNˍttt_t_ + 3*_t667_Eˍtt_t_*_t667_NNˍtt_t_ + 3*_t667_Eˍttt_t_*_t667_NNˍt_t_, _tpb_*_t667_S_t_*_t667_In_t_ + _t667_NN_t_*_t667_Sˍt_t_, _t667_NNˍt_t_, _t667_NNˍtt_t_, _tpb_*_t667_S_t_*_t667_Inˍt_t_ + _tpb_*_t667_In_t_*_t667_Sˍt_t_ + _t667_NN_t_*_t667_Sˍtt_t_ + _t667_Sˍt_t_*_t667_NNˍt_t_, _t667_NNˍttt_t_, _tpb_*_t667_S_t_*_t667_Inˍtt_t_ + _tpb_*_t667_In_t_*_t667_Sˍtt_t_ + 2*_tpb_*_t667_Inˍt_t_*_t667_Sˍt_t_ + _t667_NN_t_*_t667_Sˍttt_t_ + _t667_Sˍt_t_*_t667_NNˍtt_t_ + 2*_t667_NNˍt_t_*_t667_Sˍtt_t_]
R
Multivariate polynomial ring in 22 variables over rationals
primes of bitsize 28
G-Q-Pt-FG-LT-LP(C)
Dimension of the quotient :4
Degree of the radical :4
Use last variable as separating element
Separating form: [0, 0, 0, 0, 0, 0, 0, 0, 0, 0, 0, 0, 0, 0, 0, 0, 0, 0, 0, 0, 0, 1]
Run Groebner learn
Test cyclic optimization
Apply cyclic optimization 
Multi-modular computation (1 threads): G-Q-Pt-FG-LT-LP(C)
5-9-13-17-21-25-29-33-37-41-45-49-53-61-69-77-85-93-105-117-
check-G-Q-Pt-FG-LT-LP(C)
Nb Primes used :117
Vector{MPFI.BigInterval}[]
DEBUG [determine_optimal_points_count]: Large num points: 1
DEBUG [determine_optimal_points_count]: Good num points: 1
DEBUG [multipoint_parameter_estimation]: Parameter estimation using this many points: 1
DEBUG [multipoint_parameter_estimation]: Ideal final target: 
-0.684 + _t667_NN_t_
-0.3051753742183433 + _t667_In_t_
0.024954890868786883 + _t667_Inˍt_t_
-0.003031043558159025 + _t667_Inˍtt_t_
0.05352856283180936 + _t667_Inˍttt_t_
-0.11403870054866848 + _t667_Inˍtttt_t_
0.18993527645836245 + _t667_Inˍttttt_t_
_t667_Inˍt_t_ - _t667_E_t_*_tpnu_ + _t667_In_t_*_tpa_
_t667_Inˍtt_t_ - _t667_Eˍt_t_*_tpnu_ + _t667_Inˍt_t_*_tpa_
_t667_Inˍttt_t_ - _t667_Eˍtt_t_*_tpnu_ + _t667_Inˍtt_t_*_tpa_
_t667_Inˍtttt_t_ - _t667_Eˍttt_t_*_tpnu_ + _t667_Inˍttt_t_*_tpa_
_t667_Inˍttttt_t_ - _t667_Eˍtttt_t_*_tpnu_ + _t667_Inˍtttt_t_*_tpa_
_t667_Eˍt_t_*_t667_NN_t_ + _t667_E_t_*_t667_NN_t_*_tpnu_ - _t667_In_t_*_t667_S_t_*_tpb_
_t667_Eˍt_t_*_t667_NNˍt_t_ + _t667_Eˍtt_t_*_t667_NN_t_ + _t667_E_t_*_t667_NNˍt_t_*_tpnu_ + _t667_Eˍt_t_*_t667_NN_t_*_tpnu_ - _t667_In_t_*_t667_Sˍt_t_*_tpb_ - _t667_Inˍt_t_*_t667_S_t_*_tpb_
_t667_Eˍt_t_*_t667_NNˍtt_t_ + 2_t667_Eˍtt_t_*_t667_NNˍt_t_ + _t667_Eˍttt_t_*_t667_NN_t_ + _t667_E_t_*_t667_NNˍtt_t_*_tpnu_ + 2_t667_Eˍt_t_*_t667_NNˍt_t_*_tpnu_ + _t667_Eˍtt_t_*_t667_NN_t_*_tpnu_ - _t667_In_t_*_t667_Sˍtt_t_*_tpb_ - 2_t667_Inˍt_t_*_t667_Sˍt_t_*_tpb_ - _t667_Inˍtt_t_*_t667_S_t_*_tpb_
_t667_Eˍt_t_*_t667_NNˍttt_t_ + 3_t667_Eˍtt_t_*_t667_NNˍtt_t_ + 3_t667_Eˍttt_t_*_t667_NNˍt_t_ + _t667_Eˍtttt_t_*_t667_NN_t_ + _t667_E_t_*_t667_NNˍttt_t_*_tpnu_ + 3_t667_Eˍt_t_*_t667_NNˍtt_t_*_tpnu_ + 3_t667_Eˍtt_t_*_t667_NNˍt_t_*_tpnu_ + _t667_Eˍttt_t_*_t667_NN_t_*_tpnu_ - _t667_In_t_*_t667_Sˍttt_t_*_tpb_ - 3_t667_Inˍt_t_*_t667_Sˍtt_t_*_tpb_ - 3_t667_Inˍtt_t_*_t667_Sˍt_t_*_tpb_ - _t667_Inˍttt_t_*_t667_S_t_*_tpb_
_t667_NN_t_*_t667_Sˍt_t_ + _t667_In_t_*_t667_S_t_*_tpb_
_t667_NNˍt_t_
_t667_NNˍtt_t_
_t667_NN_t_*_t667_Sˍtt_t_ + _t667_NNˍt_t_*_t667_Sˍt_t_ + _t667_In_t_*_t667_Sˍt_t_*_tpb_ + _t667_Inˍt_t_*_t667_S_t_*_tpb_
_t667_NNˍttt_t_
_t667_NN_t_*_t667_Sˍttt_t_ + 2_t667_NNˍt_t_*_t667_Sˍtt_t_ + _t667_NNˍtt_t_*_t667_Sˍt_t_ + _t667_In_t_*_t667_Sˍtt_t_*_tpb_ + 2_t667_Inˍt_t_*_t667_Sˍt_t_*_tpb_ + _t667_Inˍtt_t_*_t667_S_t_*_tpb_
DEBUG [but we are actually solving this: 
-0.684 + _t667_NN_t_
-0.3051753740313624 + _t667_In_t_
0.024954896880295535 + _t667_Inˍt_t_
-0.0030311073135168656 + _t667_Inˍtt_t_
0.053525475066588994 + _t667_Inˍttt_t_
-0.11400400898487682 + _t667_Inˍtttt_t_
0.19142959927996003 + _t667_Inˍttttt_t_
_t667_Inˍt_t_ - _t667_E_t_*_tpnu_ + _t667_In_t_*_tpa_
_t667_Inˍtt_t_ - _t667_Eˍt_t_*_tpnu_ + _t667_Inˍt_t_*_tpa_
_t667_Inˍttt_t_ - _t667_Eˍtt_t_*_tpnu_ + _t667_Inˍtt_t_*_tpa_
_t667_Inˍtttt_t_ - _t667_Eˍttt_t_*_tpnu_ + _t667_Inˍttt_t_*_tpa_
_t667_Inˍttttt_t_ - _t667_Eˍtttt_t_*_tpnu_ + _t667_Inˍtttt_t_*_tpa_
_t667_Eˍt_t_*_t667_NN_t_ + _t667_E_t_*_t667_NN_t_*_tpnu_ - _t667_In_t_*_t667_S_t_*_tpb_
_t667_Eˍt_t_*_t667_NNˍt_t_ + _t667_Eˍtt_t_*_t667_NN_t_ + _t667_E_t_*_t667_NNˍt_t_*_tpnu_ + _t667_Eˍt_t_*_t667_NN_t_*_tpnu_ - _t667_In_t_*_t667_Sˍt_t_*_tpb_ - _t667_Inˍt_t_*_t667_S_t_*_tpb_
_t667_Eˍt_t_*_t667_NNˍtt_t_ + 2_t667_Eˍtt_t_*_t667_NNˍt_t_ + _t667_Eˍttt_t_*_t667_NN_t_ + _t667_E_t_*_t667_NNˍtt_t_*_tpnu_ + 2_t667_Eˍt_t_*_t667_NNˍt_t_*_tpnu_ + _t667_Eˍtt_t_*_t667_NN_t_*_tpnu_ - _t667_In_t_*_t667_Sˍtt_t_*_tpb_ - 2_t667_Inˍt_t_*_t667_Sˍt_t_*_tpb_ - _t667_Inˍtt_t_*_t667_S_t_*_tpb_
_t667_Eˍt_t_*_t667_NNˍttt_t_ + 3_t667_Eˍtt_t_*_t667_NNˍtt_t_ + 3_t667_Eˍttt_t_*_t667_NNˍt_t_ + _t667_Eˍtttt_t_*_t667_NN_t_ + _t667_E_t_*_t667_NNˍttt_t_*_tpnu_ + 3_t667_Eˍt_t_*_t667_NNˍtt_t_*_tpnu_ + 3_t667_Eˍtt_t_*_t667_NNˍt_t_*_tpnu_ + _t667_Eˍttt_t_*_t667_NN_t_*_tpnu_ - _t667_In_t_*_t667_Sˍttt_t_*_tpb_ - 3_t667_Inˍt_t_*_t667_Sˍtt_t_*_tpb_ - 3_t667_Inˍtt_t_*_t667_Sˍt_t_*_tpb_ - _t667_Inˍttt_t_*_t667_S_t_*_tpb_
_t667_NN_t_*_t667_Sˍt_t_ + _t667_In_t_*_t667_S_t_*_tpb_
_t667_NNˍt_t_
_t667_NNˍtt_t_
_t667_NN_t_*_t667_Sˍtt_t_ + _t667_NNˍt_t_*_t667_Sˍt_t_ + _t667_In_t_*_t667_Sˍt_t_*_tpb_ + _t667_Inˍt_t_*_t667_S_t_*_tpb_
_t667_NNˍttt_t_
_t667_NN_t_*_t667_Sˍttt_t_ + 2_t667_NNˍt_t_*_t667_Sˍtt_t_ + _t667_NNˍtt_t_*_t667_Sˍt_t_ + _t667_In_t_*_t667_Sˍtt_t_*_tpb_ + 2_t667_Inˍt_t_*_t667_Sˍt_t_*_tpb_ + _t667_Inˍtt_t_*_t667_S_t_*_tpb_
As a reminder the true parameter values are: 
OrderedDict{Num, Float64}(a => 0.678, b => 0.793, nu => 0.88)
And the true states are: 
OrderedDict{Num, Float64}(S(t) => 0.785, E(t) => 0.109, In(t) => 0.388, NN(t) => 0.684)
The forward substitution dictionary is: 
Any[OrderedDict{Num, Any}(Sˍt(t) => _t667_Sˍt_t_, Eˍt(t) => _t667_Eˍt_t_, Inˍt(t) => _t667_Inˍt_t_, NNˍt(t) => _t667_NNˍt_t_, Sˍtt(t) => _t667_Sˍtt_t_, Eˍtt(t) => _t667_Eˍtt_t_, Inˍtt(t) => _t667_Inˍtt_t_, NNˍtt(t) => _t667_NNˍtt_t_, Sˍttt(t) => _t667_Sˍttt_t_, Eˍttt(t) => _t667_Eˍttt_t_, Inˍttt(t) => _t667_Inˍttt_t_, NNˍttt(t) => _t667_NNˍttt_t_, Sˍtttt(t) => _t667_Sˍtttt_t_, Eˍtttt(t) => _t667_Eˍtttt_t_, Inˍtttt(t) => _t667_Inˍtttt_t_, NNˍtttt(t) => _t667_NNˍtttt_t_, Sˍttttt(t) => _t667_Sˍttttt_t_, Eˍttttt(t) => _t667_Eˍttttt_t_, Inˍttttt(t) => _t667_Inˍttttt_t_, NNˍttttt(t) => _t667_NNˍttttt_t_, Sˍtttttt(t) => _t667_Sˍtttttt_t_, Eˍtttttt(t) => _t667_Eˍtttttt_t_, Inˍtttttt(t) => _t667_Inˍtttttt_t_, NNˍtttttt(t) => _t667_NNˍtttttt_t_, S(t) => _t667_S_t_, E(t) => _t667_E_t_, In(t) => _t667_In_t_, NN(t) => _t667_NN_t_, y1(t) => _t667_y1_t_, y2(t) => _t667_y2_t_, y1ˍt(t) => _t667_y1ˍt_t_, y2ˍt(t) => _t667_y2ˍt_t_, y1ˍtt(t) => _t667_y1ˍtt_t_, y2ˍtt(t) => _t667_y2ˍtt_t_, y1ˍttt(t) => _t667_y1ˍttt_t_, y2ˍttt(t) => _t667_y2ˍttt_t_, y1ˍtttt(t) => _t667_y1ˍtttt_t_, y2ˍtttt(t) => _t667_y2ˍtttt_t_, y1ˍttttt(t) => _t667_y1ˍttttt_t_, y2ˍttttt(t) => _t667_y2ˍttttt_t_, y1ˍtttttt(t) => _t667_y1ˍtttttt_t_, y2ˍtttttt(t) => _t667_y2ˍtttttt_t_, a => _tpa_, nu => _tpnu_, b => _tpb_)]
The reverse substitution dictionary is: 
Any[OrderedDict{Any, Any}(_t667_Sˍt_t_ => Sˍt(t), _t667_Eˍt_t_ => Eˍt(t), _t667_Inˍt_t_ => Inˍt(t), _t667_NNˍt_t_ => NNˍt(t), _t667_Sˍtt_t_ => Sˍtt(t), _t667_Eˍtt_t_ => Eˍtt(t), _t667_Inˍtt_t_ => Inˍtt(t), _t667_NNˍtt_t_ => NNˍtt(t), _t667_Sˍttt_t_ => Sˍttt(t), _t667_Eˍttt_t_ => Eˍttt(t), _t667_Inˍttt_t_ => Inˍttt(t), _t667_NNˍttt_t_ => NNˍttt(t), _t667_Sˍtttt_t_ => Sˍtttt(t), _t667_Eˍtttt_t_ => Eˍtttt(t), _t667_Inˍtttt_t_ => Inˍtttt(t), _t667_NNˍtttt_t_ => NNˍtttt(t), _t667_Sˍttttt_t_ => Sˍttttt(t), _t667_Eˍttttt_t_ => Eˍttttt(t), _t667_Inˍttttt_t_ => Inˍttttt(t), _t667_NNˍttttt_t_ => NNˍttttt(t), _t667_Sˍtttttt_t_ => Sˍtttttt(t), _t667_Eˍtttttt_t_ => Eˍtttttt(t), _t667_Inˍtttttt_t_ => Inˍtttttt(t), _t667_NNˍtttttt_t_ => NNˍtttttt(t), _t667_S_t_ => S(t), _t667_E_t_ => E(t), _t667_In_t_ => In(t), _t667_NN_t_ => NN(t), _t667_y1_t_ => y1(t), _t667_y2_t_ => y2(t), _t667_y1ˍt_t_ => y1ˍt(t), _t667_y2ˍt_t_ => y2ˍt(t), _t667_y1ˍtt_t_ => y1ˍtt(t), _t667_y2ˍtt_t_ => y2ˍtt(t), _t667_y1ˍttt_t_ => y1ˍttt(t), _t667_y2ˍttt_t_ => y2ˍttt(t), _t667_y1ˍtttt_t_ => y1ˍtttt(t), _t667_y2ˍtttt_t_ => y2ˍtttt(t), _t667_y1ˍttttt_t_ => y1ˍttttt(t), _t667_y2ˍttttt_t_ => y2ˍttttt(t), _t667_y1ˍtttttt_t_ => y1ˍtttttt(t), _t667_y2ˍtttttt_t_ => y2ˍtttttt(t), _tpa_ => a, _tpnu_ => nu, _tpb_ => b)]
DEBUG [multipoint_parameter_estimation]: Evaluated ideal polynomial system with exact state and parameter values:
0.0
0.0
0.0
0.0
0.0
0.0
0.0
0.0
0.0
8.673617379884035e-19
0.0
1.3877787807814457e-17
-2.7755575615628914e-17
1.734723475976807e-18
6.938893903907228e-18
-3.469446951953614e-18
0.0
0
0
0.0
0
0.0
DEBUG [multipoint_parameter_estimation]: Evaluated interpolated polynomial system with exact state and parameter values:
0.0
1.8698087522750484e-10
6.011508651981856e-9
-6.375535784074529e-8
-3.0877652203650796e-6
3.469156379165561e-5
0.0014943228215975879
0.0
0.0
8.673617379884035e-19
0.0
1.3877787807814457e-17
-2.7755575615628914e-17
1.734723475976807e-18
6.938893903907228e-18
-3.469446951953614e-18
0.0
0
0
0.0
0
0.0
and by the way the exact state values are: (at the time index 667)
OrderedDict{Any, Any}(S(t) => 0.4696676830007269, E(t) => 0.20676592369460212, In(t) => 0.3051753742183433, NN(t) => 0.684)
and by the way the exact parameter values are:
OrderedDict{Num, Float64}(a => 0.678, b => 0.793, nu => 0.88)
aa_system
Any[_t667_NN_t_ - 6160924290242839//9007199254740992, _t667_In_t_ - 2748775401540591//9007199254740992, _t667_Inˍt_t_ + 899094914329345//36028797018963968, _t667_Inˍtt_t_ - 6989257609049365//2305843009213693952, _t667_Inˍttt_t_ + 7713833906071007//144115188075855872, _t667_Inˍtttt_t_ - 8214854598128543//72057594037927936, _t667_Inˍttttt_t_ + 6896978175879291//36028797018963968, _tpa_*_t667_In_t_ - _tpnu_*_t667_E_t_ + _t667_Inˍt_t_, _tpa_*_t667_Inˍt_t_ - _tpnu_*_t667_Eˍt_t_ + _t667_Inˍtt_t_, _tpa_*_t667_Inˍtt_t_ - _tpnu_*_t667_Eˍtt_t_ + _t667_Inˍttt_t_, _tpa_*_t667_Inˍttt_t_ - _tpnu_*_t667_Eˍttt_t_ + _t667_Inˍtttt_t_, _tpa_*_t667_Inˍtttt_t_ - _tpnu_*_t667_Eˍtttt_t_ + _t667_Inˍttttt_t_, _tpnu_*_t667_E_t_*_t667_NN_t_ - _tpb_*_t667_S_t_*_t667_In_t_ + _t667_NN_t_*_t667_Eˍt_t_, _tpnu_*_t667_E_t_*_t667_NNˍt_t_ + _tpnu_*_t667_NN_t_*_t667_Eˍt_t_ - _tpb_*_t667_S_t_*_t667_Inˍt_t_ - _tpb_*_t667_In_t_*_t667_Sˍt_t_ + _t667_NN_t_*_t667_Eˍtt_t_ + _t667_Eˍt_t_*_t667_NNˍt_t_, _tpnu_*_t667_E_t_*_t667_NNˍtt_t_ + _tpnu_*_t667_NN_t_*_t667_Eˍtt_t_ + 2*_tpnu_*_t667_Eˍt_t_*_t667_NNˍt_t_ - _tpb_*_t667_S_t_*_t667_Inˍtt_t_ - _tpb_*_t667_In_t_*_t667_Sˍtt_t_ - 2*_tpb_*_t667_Inˍt_t_*_t667_Sˍt_t_ + _t667_NN_t_*_t667_Eˍttt_t_ + _t667_Eˍt_t_*_t667_NNˍtt_t_ + 2*_t667_Eˍtt_t_*_t667_NNˍt_t_, _tpnu_*_t667_E_t_*_t667_NNˍttt_t_ + _tpnu_*_t667_NN_t_*_t667_Eˍttt_t_ + 3*_tpnu_*_t667_Eˍt_t_*_t667_NNˍtt_t_ + 3*_tpnu_*_t667_Eˍtt_t_*_t667_NNˍt_t_ - _tpb_*_t667_S_t_*_t667_Inˍttt_t_ - _tpb_*_t667_In_t_*_t667_Sˍttt_t_ - 3*_tpb_*_t667_Inˍt_t_*_t667_Sˍtt_t_ - 3*_tpb_*_t667_Inˍtt_t_*_t667_Sˍt_t_ + _t667_NN_t_*_t667_Eˍtttt_t_ + _t667_Eˍt_t_*_t667_NNˍttt_t_ + 3*_t667_Eˍtt_t_*_t667_NNˍtt_t_ + 3*_t667_Eˍttt_t_*_t667_NNˍt_t_, _tpb_*_t667_S_t_*_t667_In_t_ + _t667_NN_t_*_t667_Sˍt_t_, _t667_NNˍt_t_, _t667_NNˍtt_t_, _tpb_*_t667_S_t_*_t667_Inˍt_t_ + _tpb_*_t667_In_t_*_t667_Sˍt_t_ + _t667_NN_t_*_t667_Sˍtt_t_ + _t667_Sˍt_t_*_t667_NNˍt_t_, _t667_NNˍttt_t_, _tpb_*_t667_S_t_*_t667_Inˍtt_t_ + _tpb_*_t667_In_t_*_t667_Sˍtt_t_ + 2*_tpb_*_t667_Inˍt_t_*_t667_Sˍt_t_ + _t667_NN_t_*_t667_Sˍttt_t_ + _t667_Sˍt_t_*_t667_NNˍtt_t_ + 2*_t667_NNˍt_t_*_t667_Sˍtt_t_]
R
Multivariate polynomial ring in 22 variables over rationals
primes of bitsize 28
G-Q-Pt-FG-LT-LP(C)
Dimension of the quotient :4
Degree of the radical :4
Use last variable as separating element
Separating form: [0, 0, 0, 0, 0, 0, 0, 0, 0, 0, 0, 0, 0, 0, 0, 0, 0, 0, 0, 0, 0, 1]
Run Groebner learn
Test cyclic optimization
Apply cyclic optimization 
Multi-modular computation (1 threads): G-Q-Pt-FG-LT-LP(C)
5-9-13-17-21-25-29-33-37-41-45-49-53-61-69-77-85-93-105-117-
check-G-Q-Pt-FG-LT-LP(C)
Nb Primes used :117
Vector{MPFI.BigInterval}[]
Vector{Any}
SOLNS: Any[]
DEBUG [determine_optimal_points_count]: Large num points: 1
DEBUG [determine_optimal_points_count]: Good num points: 1
DEBUG [multipoint_parameter_estimation]: Parameter estimation using this many points: 1
DEBUG [multipoint_parameter_estimation]: Ideal final target: 
-0.684 + _t779_NN_t_
-0.2995723759006767 + _t779_In_t_
0.02542368189079955 + _t779_Inˍt_t_
0.0064215206187056804 + _t779_Inˍtt_t_
0.03217874960857976 + _t779_Inˍttt_t_
-0.07886329997605263 + _t779_Inˍtttt_t_
0.1286791680359775 + _t779_Inˍttttt_t_
_t779_Inˍt_t_ - _t779_E_t_*_tpnu_ + _t779_In_t_*_tpa_
_t779_Inˍtt_t_ - _t779_Eˍt_t_*_tpnu_ + _t779_Inˍt_t_*_tpa_
_t779_Inˍttt_t_ - _t779_Eˍtt_t_*_tpnu_ + _t779_Inˍtt_t_*_tpa_
_t779_Inˍtttt_t_ - _t779_Eˍttt_t_*_tpnu_ + _t779_Inˍttt_t_*_tpa_
_t779_Inˍttttt_t_ - _t779_Eˍtttt_t_*_tpnu_ + _t779_Inˍtttt_t_*_tpa_
_t779_Eˍt_t_*_t779_NN_t_ + _t779_E_t_*_t779_NN_t_*_tpnu_ - _t779_In_t_*_t779_S_t_*_tpb_
_t779_Eˍt_t_*_t779_NNˍt_t_ + _t779_Eˍtt_t_*_t779_NN_t_ + _t779_E_t_*_t779_NNˍt_t_*_tpnu_ + _t779_Eˍt_t_*_t779_NN_t_*_tpnu_ - _t779_In_t_*_t779_Sˍt_t_*_tpb_ - _t779_Inˍt_t_*_t779_S_t_*_tpb_
_t779_Eˍt_t_*_t779_NNˍtt_t_ + 2_t779_Eˍtt_t_*_t779_NNˍt_t_ + _t779_Eˍttt_t_*_t779_NN_t_ + _t779_E_t_*_t779_NNˍtt_t_*_tpnu_ + 2_t779_Eˍt_t_*_t779_NNˍt_t_*_tpnu_ + _t779_Eˍtt_t_*_t779_NN_t_*_tpnu_ - _t779_In_t_*_t779_Sˍtt_t_*_tpb_ - 2_t779_Inˍt_t_*_t779_Sˍt_t_*_tpb_ - _t779_Inˍtt_t_*_t779_S_t_*_tpb_
_t779_Eˍt_t_*_t779_NNˍttt_t_ + 3_t779_Eˍtt_t_*_t779_NNˍtt_t_ + 3_t779_Eˍttt_t_*_t779_NNˍt_t_ + _t779_Eˍtttt_t_*_t779_NN_t_ + _t779_E_t_*_t779_NNˍttt_t_*_tpnu_ + 3_t779_Eˍt_t_*_t779_NNˍtt_t_*_tpnu_ + 3_t779_Eˍtt_t_*_t779_NNˍt_t_*_tpnu_ + _t779_Eˍttt_t_*_t779_NN_t_*_tpnu_ - _t779_In_t_*_t779_Sˍttt_t_*_tpb_ - 3_t779_Inˍt_t_*_t779_Sˍtt_t_*_tpb_ - 3_t779_Inˍtt_t_*_t779_Sˍt_t_*_tpb_ - _t779_Inˍttt_t_*_t779_S_t_*_tpb_
_t779_NN_t_*_t779_Sˍt_t_ + _t779_In_t_*_t779_S_t_*_tpb_
_t779_NNˍt_t_
_t779_NNˍtt_t_
_t779_NN_t_*_t779_Sˍtt_t_ + _t779_NNˍt_t_*_t779_Sˍt_t_ + _t779_In_t_*_t779_Sˍt_t_*_tpb_ + _t779_Inˍt_t_*_t779_S_t_*_tpb_
_t779_NNˍttt_t_
_t779_NN_t_*_t779_Sˍttt_t_ + 2_t779_NNˍt_t_*_t779_Sˍtt_t_ + _t779_NNˍtt_t_*_t779_Sˍt_t_ + _t779_In_t_*_t779_Sˍtt_t_*_tpb_ + 2_t779_Inˍt_t_*_t779_Sˍt_t_*_tpb_ + _t779_Inˍtt_t_*_t779_S_t_*_tpb_
DEBUG [but we are actually solving this: 
-0.684 + _t779_NN_t_
-0.29957237621221455 + _t779_In_t_
0.02542367878334644 + _t779_Inˍt_t_
0.006421601414586624 + _t779_Inˍtt_t_
0.032180718298745595 + _t779_Inˍttt_t_
-0.07890624767095132 + _t779_Inˍtttt_t_
0.12760541223262412 + _t779_Inˍttttt_t_
_t779_Inˍt_t_ - _t779_E_t_*_tpnu_ + _t779_In_t_*_tpa_
_t779_Inˍtt_t_ - _t779_Eˍt_t_*_tpnu_ + _t779_Inˍt_t_*_tpa_
_t779_Inˍttt_t_ - _t779_Eˍtt_t_*_tpnu_ + _t779_Inˍtt_t_*_tpa_
_t779_Inˍtttt_t_ - _t779_Eˍttt_t_*_tpnu_ + _t779_Inˍttt_t_*_tpa_
_t779_Inˍttttt_t_ - _t779_Eˍtttt_t_*_tpnu_ + _t779_Inˍtttt_t_*_tpa_
_t779_Eˍt_t_*_t779_NN_t_ + _t779_E_t_*_t779_NN_t_*_tpnu_ - _t779_In_t_*_t779_S_t_*_tpb_
_t779_Eˍt_t_*_t779_NNˍt_t_ + _t779_Eˍtt_t_*_t779_NN_t_ + _t779_E_t_*_t779_NNˍt_t_*_tpnu_ + _t779_Eˍt_t_*_t779_NN_t_*_tpnu_ - _t779_In_t_*_t779_Sˍt_t_*_tpb_ - _t779_Inˍt_t_*_t779_S_t_*_tpb_
_t779_Eˍt_t_*_t779_NNˍtt_t_ + 2_t779_Eˍtt_t_*_t779_NNˍt_t_ + _t779_Eˍttt_t_*_t779_NN_t_ + _t779_E_t_*_t779_NNˍtt_t_*_tpnu_ + 2_t779_Eˍt_t_*_t779_NNˍt_t_*_tpnu_ + _t779_Eˍtt_t_*_t779_NN_t_*_tpnu_ - _t779_In_t_*_t779_Sˍtt_t_*_tpb_ - 2_t779_Inˍt_t_*_t779_Sˍt_t_*_tpb_ - _t779_Inˍtt_t_*_t779_S_t_*_tpb_
_t779_Eˍt_t_*_t779_NNˍttt_t_ + 3_t779_Eˍtt_t_*_t779_NNˍtt_t_ + 3_t779_Eˍttt_t_*_t779_NNˍt_t_ + _t779_Eˍtttt_t_*_t779_NN_t_ + _t779_E_t_*_t779_NNˍttt_t_*_tpnu_ + 3_t779_Eˍt_t_*_t779_NNˍtt_t_*_tpnu_ + 3_t779_Eˍtt_t_*_t779_NNˍt_t_*_tpnu_ + _t779_Eˍttt_t_*_t779_NN_t_*_tpnu_ - _t779_In_t_*_t779_Sˍttt_t_*_tpb_ - 3_t779_Inˍt_t_*_t779_Sˍtt_t_*_tpb_ - 3_t779_Inˍtt_t_*_t779_Sˍt_t_*_tpb_ - _t779_Inˍttt_t_*_t779_S_t_*_tpb_
_t779_NN_t_*_t779_Sˍt_t_ + _t779_In_t_*_t779_S_t_*_tpb_
_t779_NNˍt_t_
_t779_NNˍtt_t_
_t779_NN_t_*_t779_Sˍtt_t_ + _t779_NNˍt_t_*_t779_Sˍt_t_ + _t779_In_t_*_t779_Sˍt_t_*_tpb_ + _t779_Inˍt_t_*_t779_S_t_*_tpb_
_t779_NNˍttt_t_
_t779_NN_t_*_t779_Sˍttt_t_ + 2_t779_NNˍt_t_*_t779_Sˍtt_t_ + _t779_NNˍtt_t_*_t779_Sˍt_t_ + _t779_In_t_*_t779_Sˍtt_t_*_tpb_ + 2_t779_Inˍt_t_*_t779_Sˍt_t_*_tpb_ + _t779_Inˍtt_t_*_t779_S_t_*_tpb_
As a reminder the true parameter values are: 
OrderedDict{Num, Float64}(a => 0.678, b => 0.793, nu => 0.88)
And the true states are: 
OrderedDict{Num, Float64}(S(t) => 0.785, E(t) => 0.109, In(t) => 0.388, NN(t) => 0.684)
The forward substitution dictionary is: 
Any[OrderedDict{Num, Any}(Sˍt(t) => _t779_Sˍt_t_, Eˍt(t) => _t779_Eˍt_t_, Inˍt(t) => _t779_Inˍt_t_, NNˍt(t) => _t779_NNˍt_t_, Sˍtt(t) => _t779_Sˍtt_t_, Eˍtt(t) => _t779_Eˍtt_t_, Inˍtt(t) => _t779_Inˍtt_t_, NNˍtt(t) => _t779_NNˍtt_t_, Sˍttt(t) => _t779_Sˍttt_t_, Eˍttt(t) => _t779_Eˍttt_t_, Inˍttt(t) => _t779_Inˍttt_t_, NNˍttt(t) => _t779_NNˍttt_t_, Sˍtttt(t) => _t779_Sˍtttt_t_, Eˍtttt(t) => _t779_Eˍtttt_t_, Inˍtttt(t) => _t779_Inˍtttt_t_, NNˍtttt(t) => _t779_NNˍtttt_t_, Sˍttttt(t) => _t779_Sˍttttt_t_, Eˍttttt(t) => _t779_Eˍttttt_t_, Inˍttttt(t) => _t779_Inˍttttt_t_, NNˍttttt(t) => _t779_NNˍttttt_t_, Sˍtttttt(t) => _t779_Sˍtttttt_t_, Eˍtttttt(t) => _t779_Eˍtttttt_t_, Inˍtttttt(t) => _t779_Inˍtttttt_t_, NNˍtttttt(t) => _t779_NNˍtttttt_t_, S(t) => _t779_S_t_, E(t) => _t779_E_t_, In(t) => _t779_In_t_, NN(t) => _t779_NN_t_, y1(t) => _t779_y1_t_, y2(t) => _t779_y2_t_, y1ˍt(t) => _t779_y1ˍt_t_, y2ˍt(t) => _t779_y2ˍt_t_, y1ˍtt(t) => _t779_y1ˍtt_t_, y2ˍtt(t) => _t779_y2ˍtt_t_, y1ˍttt(t) => _t779_y1ˍttt_t_, y2ˍttt(t) => _t779_y2ˍttt_t_, y1ˍtttt(t) => _t779_y1ˍtttt_t_, y2ˍtttt(t) => _t779_y2ˍtttt_t_, y1ˍttttt(t) => _t779_y1ˍttttt_t_, y2ˍttttt(t) => _t779_y2ˍttttt_t_, y1ˍtttttt(t) => _t779_y1ˍtttttt_t_, y2ˍtttttt(t) => _t779_y2ˍtttttt_t_, a => _tpa_, nu => _tpnu_, b => _tpb_)]
The reverse substitution dictionary is: 
Any[OrderedDict{Any, Any}(_t779_Sˍt_t_ => Sˍt(t), _t779_Eˍt_t_ => Eˍt(t), _t779_Inˍt_t_ => Inˍt(t), _t779_NNˍt_t_ => NNˍt(t), _t779_Sˍtt_t_ => Sˍtt(t), _t779_Eˍtt_t_ => Eˍtt(t), _t779_Inˍtt_t_ => Inˍtt(t), _t779_NNˍtt_t_ => NNˍtt(t), _t779_Sˍttt_t_ => Sˍttt(t), _t779_Eˍttt_t_ => Eˍttt(t), _t779_Inˍttt_t_ => Inˍttt(t), _t779_NNˍttt_t_ => NNˍttt(t), _t779_Sˍtttt_t_ => Sˍtttt(t), _t779_Eˍtttt_t_ => Eˍtttt(t), _t779_Inˍtttt_t_ => Inˍtttt(t), _t779_NNˍtttt_t_ => NNˍtttt(t), _t779_Sˍttttt_t_ => Sˍttttt(t), _t779_Eˍttttt_t_ => Eˍttttt(t), _t779_Inˍttttt_t_ => Inˍttttt(t), _t779_NNˍttttt_t_ => NNˍttttt(t), _t779_Sˍtttttt_t_ => Sˍtttttt(t), _t779_Eˍtttttt_t_ => Eˍtttttt(t), _t779_Inˍtttttt_t_ => Inˍtttttt(t), _t779_NNˍtttttt_t_ => NNˍtttttt(t), _t779_S_t_ => S(t), _t779_E_t_ => E(t), _t779_In_t_ => In(t), _t779_NN_t_ => NN(t), _t779_y1_t_ => y1(t), _t779_y2_t_ => y2(t), _t779_y1ˍt_t_ => y1ˍt(t), _t779_y2ˍt_t_ => y2ˍt(t), _t779_y1ˍtt_t_ => y1ˍtt(t), _t779_y2ˍtt_t_ => y2ˍtt(t), _t779_y1ˍttt_t_ => y1ˍttt(t), _t779_y2ˍttt_t_ => y2ˍttt(t), _t779_y1ˍtttt_t_ => y1ˍtttt(t), _t779_y2ˍtttt_t_ => y2ˍtttt(t), _t779_y1ˍttttt_t_ => y1ˍttttt(t), _t779_y2ˍttttt_t_ => y2ˍttttt(t), _t779_y1ˍtttttt_t_ => y1ˍtttttt(t), _t779_y2ˍtttttt_t_ => y2ˍtttttt(t), _tpa_ => a, _tpnu_ => nu, _tpb_ => b)]
DEBUG [multipoint_parameter_estimation]: Evaluated ideal polynomial system with exact state and parameter values:
0.0
0.0
0.0
0.0
0.0
0.0
0.0
0.0
0.0
-1.734723475976807e-18
0.0
6.938893903907228e-18
0.0
6.938893903907228e-18
0.0
2.6020852139652106e-18
0.0
0
0
-6.938893903907228e-18
0
0.0
DEBUG [multipoint_parameter_estimation]: Evaluated interpolated polynomial system with exact state and parameter values:
0.0
-3.1153785107207455e-10
-3.107453107331626e-9
8.079588094313944e-8
1.968690165832232e-6
-4.2947694898695654e-5
-0.0010737558033533934
0.0
0.0
-1.734723475976807e-18
0.0
6.938893903907228e-18
0.0
6.938893903907228e-18
0.0
2.6020852139652106e-18
0.0
0
0
-6.938893903907228e-18
0
0.0
and by the way the exact state values are: (at the time index 779)
OrderedDict{Any, Any}(S(t) => 0.43419674931862956, E(t) => 0.2019163511021128, In(t) => 0.2995723759006767, NN(t) => 0.684)
and by the way the exact parameter values are:
OrderedDict{Num, Float64}(a => 0.678, b => 0.793, nu => 0.88)
aa_system
Any[_t779_NN_t_ - 6160924290242839//9007199254740992, _t779_In_t_ - 2698308083759647//9007199254740992, _t779_Inˍt_t_ + 3663938249442119//144115188075855872, _t779_Inˍtt_t_ + 7403602364890667//1152921504606846976, _t779_Inˍttt_t_ + 2318865135019929//72057594037927936, _t779_Inˍtttt_t_ - 5685794361729607//72057594037927936, _t779_Inˍttttt_t_ + 1149367373962609//9007199254740992, _tpa_*_t779_In_t_ - _tpnu_*_t779_E_t_ + _t779_Inˍt_t_, _tpa_*_t779_Inˍt_t_ - _tpnu_*_t779_Eˍt_t_ + _t779_Inˍtt_t_, _tpa_*_t779_Inˍtt_t_ - _tpnu_*_t779_Eˍtt_t_ + _t779_Inˍttt_t_, _tpa_*_t779_Inˍttt_t_ - _tpnu_*_t779_Eˍttt_t_ + _t779_Inˍtttt_t_, _tpa_*_t779_Inˍtttt_t_ - _tpnu_*_t779_Eˍtttt_t_ + _t779_Inˍttttt_t_, _tpnu_*_t779_E_t_*_t779_NN_t_ - _tpb_*_t779_S_t_*_t779_In_t_ + _t779_NN_t_*_t779_Eˍt_t_, _tpnu_*_t779_E_t_*_t779_NNˍt_t_ + _tpnu_*_t779_NN_t_*_t779_Eˍt_t_ - _tpb_*_t779_S_t_*_t779_Inˍt_t_ - _tpb_*_t779_In_t_*_t779_Sˍt_t_ + _t779_NN_t_*_t779_Eˍtt_t_ + _t779_Eˍt_t_*_t779_NNˍt_t_, _tpnu_*_t779_E_t_*_t779_NNˍtt_t_ + _tpnu_*_t779_NN_t_*_t779_Eˍtt_t_ + 2*_tpnu_*_t779_Eˍt_t_*_t779_NNˍt_t_ - _tpb_*_t779_S_t_*_t779_Inˍtt_t_ - _tpb_*_t779_In_t_*_t779_Sˍtt_t_ - 2*_tpb_*_t779_Inˍt_t_*_t779_Sˍt_t_ + _t779_NN_t_*_t779_Eˍttt_t_ + _t779_Eˍt_t_*_t779_NNˍtt_t_ + 2*_t779_Eˍtt_t_*_t779_NNˍt_t_, _tpnu_*_t779_E_t_*_t779_NNˍttt_t_ + _tpnu_*_t779_NN_t_*_t779_Eˍttt_t_ + 3*_tpnu_*_t779_Eˍt_t_*_t779_NNˍtt_t_ + 3*_tpnu_*_t779_Eˍtt_t_*_t779_NNˍt_t_ - _tpb_*_t779_S_t_*_t779_Inˍttt_t_ - _tpb_*_t779_In_t_*_t779_Sˍttt_t_ - 3*_tpb_*_t779_Inˍt_t_*_t779_Sˍtt_t_ - 3*_tpb_*_t779_Inˍtt_t_*_t779_Sˍt_t_ + _t779_NN_t_*_t779_Eˍtttt_t_ + _t779_Eˍt_t_*_t779_NNˍttt_t_ + 3*_t779_Eˍtt_t_*_t779_NNˍtt_t_ + 3*_t779_Eˍttt_t_*_t779_NNˍt_t_, _tpb_*_t779_S_t_*_t779_In_t_ + _t779_NN_t_*_t779_Sˍt_t_, _t779_NNˍt_t_, _t779_NNˍtt_t_, _tpb_*_t779_S_t_*_t779_Inˍt_t_ + _tpb_*_t779_In_t_*_t779_Sˍt_t_ + _t779_NN_t_*_t779_Sˍtt_t_ + _t779_Sˍt_t_*_t779_NNˍt_t_, _t779_NNˍttt_t_, _tpb_*_t779_S_t_*_t779_Inˍtt_t_ + _tpb_*_t779_In_t_*_t779_Sˍtt_t_ + 2*_tpb_*_t779_Inˍt_t_*_t779_Sˍt_t_ + _t779_NN_t_*_t779_Sˍttt_t_ + _t779_Sˍt_t_*_t779_NNˍtt_t_ + 2*_t779_NNˍt_t_*_t779_Sˍtt_t_]
R
Multivariate polynomial ring in 22 variables over rationals
primes of bitsize 28
G-Q-Pt-FG-LT-LP(C)
Dimension of the quotient :4
Degree of the radical :4
Use last variable as separating element
Separating form: [0, 0, 0, 0, 0, 0, 0, 0, 0, 0, 0, 0, 0, 0, 0, 0, 0, 0, 0, 0, 0, 1]
Run Groebner learn
Test cyclic optimization
Apply cyclic optimization 
Multi-modular computation (1 threads): G-Q-Pt-FG-LT-LP(C)
5-9-13-17-21-25-29-33-37-41-45-49-53-61-69-77-85-93-105-117-
check-G-Q-Pt-FG-LT-LP(C)
Nb Primes used :117
2-element Vector{Vector{MPFI.BigInterval}}:
 [[0.917221255906160685918, 0.917221256227672874752], [0.602859502423400757414, 0.602859502565601251768], [0.866603521643635130043, 0.866603521716083382843], [0.526989889444923590952, 0.526989889468906070772], [0.413612908770658507495, 0.413612908778853331315], [0.299572376210409683505, 0.299572376214019422125], [0.683999999997939564338, 0.684000000002060540467], [-0.0254236787833847346995, -0.0254236787833081481692], [-0.00642160141459145970716, -0.00642160141458178746038], [-0.032180718298757712441, -0.0321807182987334770631], [0.0789062476709364649616, 0.0789062476709661772037], [-0.127605412232636128302, -0.127605412232612103317], [-0.0493327879532254155497, -0.0493327879532215987311], [-0.0631502820423076738902, -0.0631502820423052325142], [0.0819252389785438913357, 0.0819252389785454737355], [-0.0916149192384297314969, -0.0916149192384288473571], [-0.200017684454087080029, -0.200017684454085998483], [0.0, 0.0], [0.0, 0.0], [0.092891022044254835838, 0.0928910220442550696835], [0.0, 0.0], [-0.0438544913643864584532, -0.0438544913643863870076]]
 [[0.602859502389927606189, 0.602859502585438898511], [0.917221255998556667653, 0.917221256118088794335], [0.866603521642736582774, 0.866603521711810359149], [0.346373201089874711676, 0.346373201103503411868], [0.169180962469672209945, 0.169180962473792884809], [0.299572376210845097864, 0.299572376213584007766], [0.683999999998436645257, 0.684000000001563459548], [-0.0254236787833754966694, -0.0254236787833173861993], [-0.00642160141459029302007, -0.00642160141458295414747], [-0.0321807182987547891185, -0.0321807182987364003856], [0.0789062476709400489139, 0.0789062476709625932514], [-0.127605412232633230358, -0.12760541223261500126], [-0.0237112993333619442525, -0.0237112993333597831665], [-0.0393057198516602505388, -0.0393057198516585616652], [0.0648761631442188693407, 0.0648761631442202018625], [-0.0872592414201197577305, -0.0872592414201188871093], [-0.131465075566478359878, -0.13146507556647771473], [0.0, 0.0], [0.0, 0.0], [0.0610542276090519866552, 0.0610542276090521444676], [0.0, 0.0], [-0.0288241214114841834284, -0.0288241214114841547276]]
Vector{Any}
SOLNS: Any[[0.9172212560669167, 0.602859502494501, 0.8666035216798592, 0.5269898894569148, 0.4136129087747559, 0.29957237621221455, 0.684, -0.02542367878334644, -0.006421601414586624, -0.032180718298745595, 0.07890624767095132, -0.12760541223262412, -0.04933278795322351, -0.06315028204230645, 0.08192523897854469, -0.0916149192384293, -0.20001768445408655, 0.0, 0.0, 0.09289102204425495, 0.0, -0.04385449136438642], [0.6028595024876833, 0.9172212560583227, 0.8666035216772735, 0.34637320109668907, 0.16918096247173256, 0.29957237621221455, 0.684, -0.02542367878334644, -0.006421601414586624, -0.032180718298745595, 0.07890624767095132, -0.12760541223262412, -0.023711299333360865, -0.039305719851659406, 0.06487616314421954, -0.08725924142011932, -0.13146507556647805, 0.0, 0.0, 0.06105422760905207, 0.0, -0.028824121411484167]]
Vector{Float64}
SOLN 1: [0.9172212560669167, 0.602859502494501, 0.8666035216798592, 0.5269898894569148, 0.4136129087747559, 0.29957237621221455, 0.684, -0.02542367878334644, -0.006421601414586624, -0.032180718298745595, 0.07890624767095132, -0.12760541223262412, -0.04933278795322351, -0.06315028204230645, 0.08192523897854469, -0.0916149192384293, -0.20001768445408655, 0.0, 0.0, 0.09289102204425495, 0.0, -0.04385449136438642]
Vector{Float64}
SOLN 2: [0.6028595024876833, 0.9172212560583227, 0.8666035216772735, 0.34637320109668907, 0.16918096247173256, 0.29957237621221455, 0.684, -0.02542367878334644, -0.006421601414586624, -0.032180718298745595, 0.07890624767095132, -0.12760541223262412, -0.023711299333360865, -0.039305719851659406, 0.06487616314421954, -0.08725924142011932, -0.13146507556647805, 0.0, 0.0, 0.06105422760905207, 0.0, -0.028824121411484167]
DEBUG: Processing solution 1
DEBUG: Constructed initial conditions: [0.5269898894569148, 0.4136129087747559, 0.29957237621221455, 0.684]
DEBUG: Constructed parameter values: [0.9172212560669167, 0.602859502494501, 0.8666035216798592]
DEBUG: Parameter/IC mapping:
Dict("nu" => 0.602859502494501, "NN(t)" => 0.684, "b" => 0.8666035216798592, "In(t)" => 0.29957237621221455, "S(t)" => 0.5269898894569148, "E(t)" => 0.4136129087747559, "a" => 0.9172212560669167)
DEBUG: Processing solution 2
DEBUG: Constructed initial conditions: [0.34637320109668907, 0.16918096247173256, 0.29957237621221455, 0.684]
DEBUG: Constructed parameter values: [0.6028595024876833, 0.9172212560583227, 0.8666035216772735]
DEBUG: Parameter/IC mapping:
Dict("nu" => 0.9172212560583227, "NN(t)" => 0.684, "b" => 0.8666035216772735, "In(t)" => 0.29957237621221455, "S(t)" => 0.34637320109668907, "E(t)" => 0.16918096247173256, "a" => 0.6028595024876833)
DEBUG [determine_optimal_points_count]: Large num points: 1
DEBUG [determine_optimal_points_count]: Good num points: 1
DEBUG [multipoint_parameter_estimation]: Parameter estimation using this many points: 1
DEBUG [multipoint_parameter_estimation]: Ideal final target: 
-0.684 + _t890_NN_t_
-0.29371883832287377 + _t890_In_t_
0.02751051328587148 + _t890_Inˍt_t_
0.011836284023995003 + _t890_Inˍtt_t_
0.01748510524789741 + _t890_Inˍttt_t_
-0.054958599389988684 + _t890_Inˍtttt_t_
0.08944828346450595 + _t890_Inˍttttt_t_
_t890_Inˍt_t_ - _t890_E_t_*_tpnu_ + _t890_In_t_*_tpa_
_t890_Inˍtt_t_ - _t890_Eˍt_t_*_tpnu_ + _t890_Inˍt_t_*_tpa_
_t890_Inˍttt_t_ - _t890_Eˍtt_t_*_tpnu_ + _t890_Inˍtt_t_*_tpa_
_t890_Inˍtttt_t_ - _t890_Eˍttt_t_*_tpnu_ + _t890_Inˍttt_t_*_tpa_
_t890_Inˍttttt_t_ - _t890_Eˍtttt_t_*_tpnu_ + _t890_Inˍtttt_t_*_tpa_
_t890_Eˍt_t_*_t890_NN_t_ + _t890_E_t_*_t890_NN_t_*_tpnu_ - _t890_In_t_*_t890_S_t_*_tpb_
_t890_Eˍt_t_*_t890_NNˍt_t_ + _t890_Eˍtt_t_*_t890_NN_t_ + _t890_E_t_*_t890_NNˍt_t_*_tpnu_ + _t890_Eˍt_t_*_t890_NN_t_*_tpnu_ - _t890_In_t_*_t890_Sˍt_t_*_tpb_ - _t890_Inˍt_t_*_t890_S_t_*_tpb_
_t890_Eˍt_t_*_t890_NNˍtt_t_ + 2_t890_Eˍtt_t_*_t890_NNˍt_t_ + _t890_Eˍttt_t_*_t890_NN_t_ + _t890_E_t_*_t890_NNˍtt_t_*_tpnu_ + 2_t890_Eˍt_t_*_t890_NNˍt_t_*_tpnu_ + _t890_Eˍtt_t_*_t890_NN_t_*_tpnu_ - _t890_In_t_*_t890_Sˍtt_t_*_tpb_ - 2_t890_Inˍt_t_*_t890_Sˍt_t_*_tpb_ - _t890_Inˍtt_t_*_t890_S_t_*_tpb_
_t890_Eˍt_t_*_t890_NNˍttt_t_ + 3_t890_Eˍtt_t_*_t890_NNˍtt_t_ + 3_t890_Eˍttt_t_*_t890_NNˍt_t_ + _t890_Eˍtttt_t_*_t890_NN_t_ + _t890_E_t_*_t890_NNˍttt_t_*_tpnu_ + 3_t890_Eˍt_t_*_t890_NNˍtt_t_*_tpnu_ + 3_t890_Eˍtt_t_*_t890_NNˍt_t_*_tpnu_ + _t890_Eˍttt_t_*_t890_NN_t_*_tpnu_ - _t890_In_t_*_t890_Sˍttt_t_*_tpb_ - 3_t890_Inˍt_t_*_t890_Sˍtt_t_*_tpb_ - 3_t890_Inˍtt_t_*_t890_Sˍt_t_*_tpb_ - _t890_Inˍttt_t_*_t890_S_t_*_tpb_
_t890_NN_t_*_t890_Sˍt_t_ + _t890_In_t_*_t890_S_t_*_tpb_
_t890_NNˍt_t_
_t890_NNˍtt_t_
_t890_NN_t_*_t890_Sˍtt_t_ + _t890_NNˍt_t_*_t890_Sˍt_t_ + _t890_In_t_*_t890_Sˍt_t_*_tpb_ + _t890_Inˍt_t_*_t890_S_t_*_tpb_
_t890_NNˍttt_t_
_t890_NN_t_*_t890_Sˍttt_t_ + 2_t890_NNˍt_t_*_t890_Sˍtt_t_ + _t890_NNˍtt_t_*_t890_Sˍt_t_ + _t890_In_t_*_t890_Sˍtt_t_*_tpb_ + 2_t890_Inˍt_t_*_t890_Sˍt_t_*_tpb_ + _t890_Inˍtt_t_*_t890_S_t_*_tpb_
DEBUG [but we are actually solving this: 
-0.684 + _t890_NN_t_
-0.29371883858237363 + _t890_In_t_
0.027510512244297954 + _t890_Inˍt_t_
0.011836408739572531 + _t890_Inˍtt_t_
0.01748627966028915 + _t890_Inˍttt_t_
-0.05506558390940229 + _t890_Inˍtttt_t_
0.08749148547014317 + _t890_Inˍttttt_t_
_t890_Inˍt_t_ - _t890_E_t_*_tpnu_ + _t890_In_t_*_tpa_
_t890_Inˍtt_t_ - _t890_Eˍt_t_*_tpnu_ + _t890_Inˍt_t_*_tpa_
_t890_Inˍttt_t_ - _t890_Eˍtt_t_*_tpnu_ + _t890_Inˍtt_t_*_tpa_
_t890_Inˍtttt_t_ - _t890_Eˍttt_t_*_tpnu_ + _t890_Inˍttt_t_*_tpa_
_t890_Inˍttttt_t_ - _t890_Eˍtttt_t_*_tpnu_ + _t890_Inˍtttt_t_*_tpa_
_t890_Eˍt_t_*_t890_NN_t_ + _t890_E_t_*_t890_NN_t_*_tpnu_ - _t890_In_t_*_t890_S_t_*_tpb_
_t890_Eˍt_t_*_t890_NNˍt_t_ + _t890_Eˍtt_t_*_t890_NN_t_ + _t890_E_t_*_t890_NNˍt_t_*_tpnu_ + _t890_Eˍt_t_*_t890_NN_t_*_tpnu_ - _t890_In_t_*_t890_Sˍt_t_*_tpb_ - _t890_Inˍt_t_*_t890_S_t_*_tpb_
_t890_Eˍt_t_*_t890_NNˍtt_t_ + 2_t890_Eˍtt_t_*_t890_NNˍt_t_ + _t890_Eˍttt_t_*_t890_NN_t_ + _t890_E_t_*_t890_NNˍtt_t_*_tpnu_ + 2_t890_Eˍt_t_*_t890_NNˍt_t_*_tpnu_ + _t890_Eˍtt_t_*_t890_NN_t_*_tpnu_ - _t890_In_t_*_t890_Sˍtt_t_*_tpb_ - 2_t890_Inˍt_t_*_t890_Sˍt_t_*_tpb_ - _t890_Inˍtt_t_*_t890_S_t_*_tpb_
_t890_Eˍt_t_*_t890_NNˍttt_t_ + 3_t890_Eˍtt_t_*_t890_NNˍtt_t_ + 3_t890_Eˍttt_t_*_t890_NNˍt_t_ + _t890_Eˍtttt_t_*_t890_NN_t_ + _t890_E_t_*_t890_NNˍttt_t_*_tpnu_ + 3_t890_Eˍt_t_*_t890_NNˍtt_t_*_tpnu_ + 3_t890_Eˍtt_t_*_t890_NNˍt_t_*_tpnu_ + _t890_Eˍttt_t_*_t890_NN_t_*_tpnu_ - _t890_In_t_*_t890_Sˍttt_t_*_tpb_ - 3_t890_Inˍt_t_*_t890_Sˍtt_t_*_tpb_ - 3_t890_Inˍtt_t_*_t890_Sˍt_t_*_tpb_ - _t890_Inˍttt_t_*_t890_S_t_*_tpb_
_t890_NN_t_*_t890_Sˍt_t_ + _t890_In_t_*_t890_S_t_*_tpb_
_t890_NNˍt_t_
_t890_NNˍtt_t_
_t890_NN_t_*_t890_Sˍtt_t_ + _t890_NNˍt_t_*_t890_Sˍt_t_ + _t890_In_t_*_t890_Sˍt_t_*_tpb_ + _t890_Inˍt_t_*_t890_S_t_*_tpb_
_t890_NNˍttt_t_
_t890_NN_t_*_t890_Sˍttt_t_ + 2_t890_NNˍt_t_*_t890_Sˍtt_t_ + _t890_NNˍtt_t_*_t890_Sˍt_t_ + _t890_In_t_*_t890_Sˍtt_t_*_tpb_ + 2_t890_Inˍt_t_*_t890_Sˍt_t_*_tpb_ + _t890_Inˍtt_t_*_t890_S_t_*_tpb_
As a reminder the true parameter values are: 
OrderedDict{Num, Float64}(a => 0.678, b => 0.793, nu => 0.88)
And the true states are: 
OrderedDict{Num, Float64}(S(t) => 0.785, E(t) => 0.109, In(t) => 0.388, NN(t) => 0.684)
The forward substitution dictionary is: 
Any[OrderedDict{Num, Any}(Sˍt(t) => _t890_Sˍt_t_, Eˍt(t) => _t890_Eˍt_t_, Inˍt(t) => _t890_Inˍt_t_, NNˍt(t) => _t890_NNˍt_t_, Sˍtt(t) => _t890_Sˍtt_t_, Eˍtt(t) => _t890_Eˍtt_t_, Inˍtt(t) => _t890_Inˍtt_t_, NNˍtt(t) => _t890_NNˍtt_t_, Sˍttt(t) => _t890_Sˍttt_t_, Eˍttt(t) => _t890_Eˍttt_t_, Inˍttt(t) => _t890_Inˍttt_t_, NNˍttt(t) => _t890_NNˍttt_t_, Sˍtttt(t) => _t890_Sˍtttt_t_, Eˍtttt(t) => _t890_Eˍtttt_t_, Inˍtttt(t) => _t890_Inˍtttt_t_, NNˍtttt(t) => _t890_NNˍtttt_t_, Sˍttttt(t) => _t890_Sˍttttt_t_, Eˍttttt(t) => _t890_Eˍttttt_t_, Inˍttttt(t) => _t890_Inˍttttt_t_, NNˍttttt(t) => _t890_NNˍttttt_t_, Sˍtttttt(t) => _t890_Sˍtttttt_t_, Eˍtttttt(t) => _t890_Eˍtttttt_t_, Inˍtttttt(t) => _t890_Inˍtttttt_t_, NNˍtttttt(t) => _t890_NNˍtttttt_t_, S(t) => _t890_S_t_, E(t) => _t890_E_t_, In(t) => _t890_In_t_, NN(t) => _t890_NN_t_, y1(t) => _t890_y1_t_, y2(t) => _t890_y2_t_, y1ˍt(t) => _t890_y1ˍt_t_, y2ˍt(t) => _t890_y2ˍt_t_, y1ˍtt(t) => _t890_y1ˍtt_t_, y2ˍtt(t) => _t890_y2ˍtt_t_, y1ˍttt(t) => _t890_y1ˍttt_t_, y2ˍttt(t) => _t890_y2ˍttt_t_, y1ˍtttt(t) => _t890_y1ˍtttt_t_, y2ˍtttt(t) => _t890_y2ˍtttt_t_, y1ˍttttt(t) => _t890_y1ˍttttt_t_, y2ˍttttt(t) => _t890_y2ˍttttt_t_, y1ˍtttttt(t) => _t890_y1ˍtttttt_t_, y2ˍtttttt(t) => _t890_y2ˍtttttt_t_, a => _tpa_, nu => _tpnu_, b => _tpb_)]
The reverse substitution dictionary is: 
Any[OrderedDict{Any, Any}(_t890_Sˍt_t_ => Sˍt(t), _t890_Eˍt_t_ => Eˍt(t), _t890_Inˍt_t_ => Inˍt(t), _t890_NNˍt_t_ => NNˍt(t), _t890_Sˍtt_t_ => Sˍtt(t), _t890_Eˍtt_t_ => Eˍtt(t), _t890_Inˍtt_t_ => Inˍtt(t), _t890_NNˍtt_t_ => NNˍtt(t), _t890_Sˍttt_t_ => Sˍttt(t), _t890_Eˍttt_t_ => Eˍttt(t), _t890_Inˍttt_t_ => Inˍttt(t), _t890_NNˍttt_t_ => NNˍttt(t), _t890_Sˍtttt_t_ => Sˍtttt(t), _t890_Eˍtttt_t_ => Eˍtttt(t), _t890_Inˍtttt_t_ => Inˍtttt(t), _t890_NNˍtttt_t_ => NNˍtttt(t), _t890_Sˍttttt_t_ => Sˍttttt(t), _t890_Eˍttttt_t_ => Eˍttttt(t), _t890_Inˍttttt_t_ => Inˍttttt(t), _t890_NNˍttttt_t_ => NNˍttttt(t), _t890_Sˍtttttt_t_ => Sˍtttttt(t), _t890_Eˍtttttt_t_ => Eˍtttttt(t), _t890_Inˍtttttt_t_ => Inˍtttttt(t), _t890_NNˍtttttt_t_ => NNˍtttttt(t), _t890_S_t_ => S(t), _t890_E_t_ => E(t), _t890_In_t_ => In(t), _t890_NN_t_ => NN(t), _t890_y1_t_ => y1(t), _t890_y2_t_ => y2(t), _t890_y1ˍt_t_ => y1ˍt(t), _t890_y2ˍt_t_ => y2ˍt(t), _t890_y1ˍtt_t_ => y1ˍtt(t), _t890_y2ˍtt_t_ => y2ˍtt(t), _t890_y1ˍttt_t_ => y1ˍttt(t), _t890_y2ˍttt_t_ => y2ˍttt(t), _t890_y1ˍtttt_t_ => y1ˍtttt(t), _t890_y2ˍtttt_t_ => y2ˍtttt(t), _t890_y1ˍttttt_t_ => y1ˍttttt(t), _t890_y2ˍttttt_t_ => y2ˍttttt(t), _t890_y1ˍtttttt_t_ => y1ˍtttttt(t), _t890_y2ˍtttttt_t_ => y2ˍtttttt(t), _tpa_ => a, _tpnu_ => nu, _tpb_ => b)]
DEBUG [multipoint_parameter_estimation]: Evaluated ideal polynomial system with exact state and parameter values:
0.0
0.0
0.0
0.0
-6.938893903907228e-18
2.0816681711721685e-17
-4.163336342344337e-17
0.0
0.0
1.734723475976807e-18
0.0
0.0
-2.7755575615628914e-17
0.0
3.469446951953614e-18
-7.806255641895632e-18
1.3877787807814457e-17
0
0
0.0
0
0.0
DEBUG [multipoint_parameter_estimation]: Evaluated interpolated polynomial system with exact state and parameter values:
0.0
-2.5949986603990283e-10
-1.0415735253455072e-9
1.247155775284392e-7
1.1744123917314941e-6
-0.000106984519413586
-0.0019567979943628244
0.0
0.0
1.734723475976807e-18
0.0
0.0
-2.7755575615628914e-17
0.0
3.469446951953614e-18
-7.806255641895632e-18
1.3877787807814457e-17
0
0
0.0
0
0.0
and by the way the exact state values are: (at the time index 890)
OrderedDict{Any, Any}(S(t) => 0.40227581626185316, E(t) => 0.1950350671557238, In(t) => 0.29371883832287377, NN(t) => 0.684)
and by the way the exact parameter values are:
OrderedDict{Num, Float64}(a => 0.678, b => 0.793, nu => 0.88)
aa_system
Any[_t890_NN_t_ - 6160924290242839//9007199254740992, _t890_In_t_ - 5291168207965091//18014398509481984, _t890_Inˍt_t_ + 7929365292300271//288230376151711744, _t890_Inˍtt_t_ + 3411612543292399//288230376151711744, _t890_Inˍttt_t_ + 157502405124349//9007199254740992, _t890_Inˍtttt_t_ - 3967893490805167//72057594037927936, _t890_Inˍttttt_t_ + 6304425941782847//72057594037927936, _tpa_*_t890_In_t_ - _tpnu_*_t890_E_t_ + _t890_Inˍt_t_, _tpa_*_t890_Inˍt_t_ - _tpnu_*_t890_Eˍt_t_ + _t890_Inˍtt_t_, _tpa_*_t890_Inˍtt_t_ - _tpnu_*_t890_Eˍtt_t_ + _t890_Inˍttt_t_, _tpa_*_t890_Inˍttt_t_ - _tpnu_*_t890_Eˍttt_t_ + _t890_Inˍtttt_t_, _tpa_*_t890_Inˍtttt_t_ - _tpnu_*_t890_Eˍtttt_t_ + _t890_Inˍttttt_t_, _tpnu_*_t890_E_t_*_t890_NN_t_ - _tpb_*_t890_S_t_*_t890_In_t_ + _t890_NN_t_*_t890_Eˍt_t_, _tpnu_*_t890_E_t_*_t890_NNˍt_t_ + _tpnu_*_t890_NN_t_*_t890_Eˍt_t_ - _tpb_*_t890_S_t_*_t890_Inˍt_t_ - _tpb_*_t890_In_t_*_t890_Sˍt_t_ + _t890_NN_t_*_t890_Eˍtt_t_ + _t890_Eˍt_t_*_t890_NNˍt_t_, _tpnu_*_t890_E_t_*_t890_NNˍtt_t_ + _tpnu_*_t890_NN_t_*_t890_Eˍtt_t_ + 2*_tpnu_*_t890_Eˍt_t_*_t890_NNˍt_t_ - _tpb_*_t890_S_t_*_t890_Inˍtt_t_ - _tpb_*_t890_In_t_*_t890_Sˍtt_t_ - 2*_tpb_*_t890_Inˍt_t_*_t890_Sˍt_t_ + _t890_NN_t_*_t890_Eˍttt_t_ + _t890_Eˍt_t_*_t890_NNˍtt_t_ + 2*_t890_Eˍtt_t_*_t890_NNˍt_t_, _tpnu_*_t890_E_t_*_t890_NNˍttt_t_ + _tpnu_*_t890_NN_t_*_t890_Eˍttt_t_ + 3*_tpnu_*_t890_Eˍt_t_*_t890_NNˍtt_t_ + 3*_tpnu_*_t890_Eˍtt_t_*_t890_NNˍt_t_ - _tpb_*_t890_S_t_*_t890_Inˍttt_t_ - _tpb_*_t890_In_t_*_t890_Sˍttt_t_ - 3*_tpb_*_t890_Inˍt_t_*_t890_Sˍtt_t_ - 3*_tpb_*_t890_Inˍtt_t_*_t890_Sˍt_t_ + _t890_NN_t_*_t890_Eˍtttt_t_ + _t890_Eˍt_t_*_t890_NNˍttt_t_ + 3*_t890_Eˍtt_t_*_t890_NNˍtt_t_ + 3*_t890_Eˍttt_t_*_t890_NNˍt_t_, _tpb_*_t890_S_t_*_t890_In_t_ + _t890_NN_t_*_t890_Sˍt_t_, _t890_NNˍt_t_, _t890_NNˍtt_t_, _tpb_*_t890_S_t_*_t890_Inˍt_t_ + _tpb_*_t890_In_t_*_t890_Sˍt_t_ + _t890_NN_t_*_t890_Sˍtt_t_ + _t890_Sˍt_t_*_t890_NNˍt_t_, _t890_NNˍttt_t_, _tpb_*_t890_S_t_*_t890_Inˍtt_t_ + _tpb_*_t890_In_t_*_t890_Sˍtt_t_ + 2*_tpb_*_t890_Inˍt_t_*_t890_Sˍt_t_ + _t890_NN_t_*_t890_Sˍttt_t_ + _t890_Sˍt_t_*_t890_NNˍtt_t_ + 2*_t890_NNˍt_t_*_t890_Sˍtt_t_]
R
Multivariate polynomial ring in 22 variables over rationals
primes of bitsize 28
G-Q-Pt-FG-LT-LP(C)
Dimension of the quotient :4
Degree of the radical :4
Use last variable as separating element
Separating form: [0, 0, 0, 0, 0, 0, 0, 0, 0, 0, 0, 0, 0, 0, 0, 0, 0, 0, 0, 0, 0, 1]
Run Groebner learn
Test cyclic optimization
Apply cyclic optimization 
Multi-modular computation (1 threads): G-Q-Pt-FG-LT-LP(C)
5-9-13-17-21-25-29-33-37-41-45-49-53-61-69-77-85-93-105-117-
check-G-Q-Pt-FG-LT-LP(C)
Nb Primes used :117
2-element Vector{Vector{MPFI.BigInterval}}:
 [[0.889513083127422039879, 0.889513083332895670502], [0.551507419101443807326, 0.551507419203149885727], [0.9898443366540497213, 0.989844336704761426372], [0.395064751485684199822, 0.395064751498320895372], [0.423849669741394191057, 0.423849669746558969479], [0.293718838581157392994, 0.293718838583589869821], [0.68399999999858389013, 0.684000000001416214675], [-0.0275105122443264333055, -0.0275105122442694751916], [-0.0118364087395786579031, -0.011836408739566404777], [-0.0174862796602936756284, -0.0174862796602846246731], [0.0550655839093951653322, 0.0550655839094094163939], [-0.0874914854701488289696, -0.0874914854701375075002], [-0.0658329662425437578963, -0.0658329662425406767767], [-0.0507969958696710298919, -0.0507969958696698547963], [0.0716423895715566886889, 0.0716423895715574925909], [-0.0698266728775059867841, -0.069826672877505608794], [-0.167923271225797686007, -0.167923271225797068926], [0.0, 0.0], [0.0, 0.0], [0.0871043651771389709478, 0.0871043651771391114536], [0.0, 0.0], [-0.0436274694788597190586, -0.043627469478859668013]]
 [[0.551507419053664527553, 0.551507419245244153496], [0.889513083171643562428, 0.889513083292987568397], [0.989844336632813471643, 0.98984433671768687479], [0.244944279734456312378, 0.244944279744550260489], [0.151181144955429618306, 0.151181144959520463455], [0.293718838580945181343, 0.293718838583802081485], [0.68399999999833679536, 0.684000000001663309445], [-0.027510512244331402387, -0.0275105122442645061101], [-0.0118364087395797268778, -0.0118364087395653358024], [-0.0174862796602944652418, -0.0174862796602838350596], [0.0550655839093939220556, 0.0550655839094106596706], [-0.0874914854701498166676, -0.0874914854701365198021], [-0.0303634211299194990303, -0.0303634211299165036558], [-0.0269969574914356500274, -0.0269969574914343613083], [0.0510636344752080384965, 0.0510636344752091894974], [-0.0642176135243192323208, -0.0642176135243185366797], [-0.10411418524832827966, -0.104114185248327738904], [0.0, 0.0], [0.0, 0.0], [0.0540056178383776770704, 0.0540056178383778259347], [0.0, 0.0], [-0.0270494875789435624709, -0.0270494875789435338225]]
Vector{Any}
SOLNS: Any[[0.8895130832301589, 0.5515074191522968, 0.9898443366794055, 0.39506475149200254, 0.4238496697439766, 0.29371883858237363, 0.684, -0.027510512244297954, -0.011836408739572531, -0.01748627966028915, 0.05506558390940229, -0.08749148547014317, -0.06583296624254222, -0.050796995869670444, 0.0716423895715571, -0.0698266728775058, -0.16792327122579737, 0.0, 0.0, 0.08710436517713904, 0.0, -0.04362746947885969], [0.5515074191494543, 0.8895130832323156, 0.9898443366752502, 0.24494427973950328, 0.15118114495747503, 0.29371883858237363, 0.684, -0.027510512244297954, -0.011836408739572531, -0.01748627966028915, 0.05506558390940229, -0.08749148547014317, -0.030363421129918, -0.026996957491435006, 0.05106363447520861, -0.06421761352431889, -0.10411418524832801, 0.0, 0.0, 0.054005617838377755, 0.0, -0.02704948757894355]]
Vector{Float64}
SOLN 1: [0.8895130832301589, 0.5515074191522968, 0.9898443366794055, 0.39506475149200254, 0.4238496697439766, 0.29371883858237363, 0.684, -0.027510512244297954, -0.011836408739572531, -0.01748627966028915, 0.05506558390940229, -0.08749148547014317, -0.06583296624254222, -0.050796995869670444, 0.0716423895715571, -0.0698266728775058, -0.16792327122579737, 0.0, 0.0, 0.08710436517713904, 0.0, -0.04362746947885969]
Vector{Float64}
SOLN 2: [0.5515074191494543, 0.8895130832323156, 0.9898443366752502, 0.24494427973950328, 0.15118114495747503, 0.29371883858237363, 0.684, -0.027510512244297954, -0.011836408739572531, -0.01748627966028915, 0.05506558390940229, -0.08749148547014317, -0.030363421129918, -0.026996957491435006, 0.05106363447520861, -0.06421761352431889, -0.10411418524832801, 0.0, 0.0, 0.054005617838377755, 0.0, -0.02704948757894355]
DEBUG: Processing solution 1
DEBUG: Constructed initial conditions: [0.39506475149200254, 0.4238496697439766, 0.29371883858237363, 0.684]
DEBUG: Constructed parameter values: [0.8895130832301589, 0.5515074191522968, 0.9898443366794055]
DEBUG: Parameter/IC mapping:
Dict("nu" => 0.5515074191522968, "NN(t)" => 0.684, "b" => 0.9898443366794055, "In(t)" => 0.29371883858237363, "S(t)" => 0.39506475149200254, "E(t)" => 0.4238496697439766, "a" => 0.8895130832301589)
DEBUG: Processing solution 2
DEBUG: Constructed initial conditions: [0.24494427973950328, 0.15118114495747503, 0.29371883858237363, 0.684]
DEBUG: Constructed parameter values: [0.5515074191494543, 0.8895130832323156, 0.9898443366752502]
DEBUG: Parameter/IC mapping:
Dict("nu" => 0.8895130832323156, "NN(t)" => 0.684, "b" => 0.9898443366752502, "In(t)" => 0.29371883858237363, "S(t)" => 0.24494427973950328, "E(t)" => 0.15118114495747503, "a" => 0.5515074191494543)
DEBUG [determine_optimal_points_count]: Large num points: 1
DEBUG [determine_optimal_points_count]: Good num points: 1
DEBUG [multipoint_parameter_estimation]: Parameter estimation using this many points: 1
DEBUG [multipoint_parameter_estimation]: Ideal final target: 
-0.684 + _t1001_NN_t_
-0.2872931328674863 + _t1001_In_t_
0.030477274337697757 + _t1001_Inˍt_t_
0.01451352334153136 + _t1001_Inˍtt_t_
0.007253925700503696 + _t1001_Inˍttt_t_
-0.038169884542936225 + _t1001_Inˍtttt_t_
0.06353855019905946 + _t1001_Inˍttttt_t_
_t1001_Inˍt_t_ - _t1001_E_t_*_tpnu_ + _t1001_In_t_*_tpa_
_t1001_Inˍtt_t_ - _t1001_Eˍt_t_*_tpnu_ + _t1001_Inˍt_t_*_tpa_
_t1001_Inˍttt_t_ - _t1001_Eˍtt_t_*_tpnu_ + _t1001_Inˍtt_t_*_tpa_
_t1001_Inˍtttt_t_ - _t1001_Eˍttt_t_*_tpnu_ + _t1001_Inˍttt_t_*_tpa_
_t1001_Inˍttttt_t_ - _t1001_Eˍtttt_t_*_tpnu_ + _t1001_Inˍtttt_t_*_tpa_
_t1001_Eˍt_t_*_t1001_NN_t_ + _t1001_E_t_*_t1001_NN_t_*_tpnu_ - _t1001_In_t_*_t1001_S_t_*_tpb_
_t1001_Eˍt_t_*_t1001_NNˍt_t_ + _t1001_Eˍtt_t_*_t1001_NN_t_ + _t1001_E_t_*_t1001_NNˍt_t_*_tpnu_ + _t1001_Eˍt_t_*_t1001_NN_t_*_tpnu_ - _t1001_In_t_*_t1001_Sˍt_t_*_tpb_ - _t1001_Inˍt_t_*_t1001_S_t_*_tpb_
_t1001_Eˍt_t_*_t1001_NNˍtt_t_ + 2_t1001_Eˍtt_t_*_t1001_NNˍt_t_ + _t1001_Eˍttt_t_*_t1001_NN_t_ + _t1001_E_t_*_t1001_NNˍtt_t_*_tpnu_ + 2_t1001_Eˍt_t_*_t1001_NNˍt_t_*_tpnu_ + _t1001_Eˍtt_t_*_t1001_NN_t_*_tpnu_ - _t1001_In_t_*_t1001_Sˍtt_t_*_tpb_ - 2_t1001_Inˍt_t_*_t1001_Sˍt_t_*_tpb_ - _t1001_Inˍtt_t_*_t1001_S_t_*_tpb_
_t1001_Eˍt_t_*_t1001_NNˍttt_t_ + 3_t1001_Eˍtt_t_*_t1001_NNˍtt_t_ + 3_t1001_Eˍttt_t_*_t1001_NNˍt_t_ + _t1001_Eˍtttt_t_*_t1001_NN_t_ + _t1001_E_t_*_t1001_NNˍttt_t_*_tpnu_ + 3_t1001_Eˍt_t_*_t1001_NNˍtt_t_*_tpnu_ + 3_t1001_Eˍtt_t_*_t1001_NNˍt_t_*_tpnu_ + _t1001_Eˍttt_t_*_t1001_NN_t_*_tpnu_ - _t1001_In_t_*_t1001_Sˍttt_t_*_tpb_ - 3_t1001_Inˍt_t_*_t1001_Sˍtt_t_*_tpb_ - 3_t1001_Inˍtt_t_*_t1001_Sˍt_t_*_tpb_ - _t1001_Inˍttt_t_*_t1001_S_t_*_tpb_
_t1001_NN_t_*_t1001_Sˍt_t_ + _t1001_In_t_*_t1001_S_t_*_tpb_
_t1001_NNˍt_t_
_t1001_NNˍtt_t_
_t1001_NN_t_*_t1001_Sˍtt_t_ + _t1001_NNˍt_t_*_t1001_Sˍt_t_ + _t1001_In_t_*_t1001_Sˍt_t_*_tpb_ + _t1001_Inˍt_t_*_t1001_S_t_*_tpb_
_t1001_NNˍttt_t_
_t1001_NN_t_*_t1001_Sˍttt_t_ + 2_t1001_NNˍt_t_*_t1001_Sˍtt_t_ + _t1001_NNˍtt_t_*_t1001_Sˍt_t_ + _t1001_In_t_*_t1001_Sˍtt_t_*_tpb_ + 2_t1001_Inˍt_t_*_t1001_Sˍt_t_*_tpb_ + _t1001_Inˍtt_t_*_t1001_S_t_*_tpb_
DEBUG [but we are actually solving this: 
-0.684 + _t1001_NN_t_
-0.2872931322317812 + _t1001_In_t_
0.03047731874700312 + _t1001_Inˍt_t_
0.01451754143513156 + _t1001_Inˍtt_t_
0.0074416621605477885 + _t1001_Inˍttt_t_
-0.03244304951941732 + _t1001_Inˍtttt_t_
0.17952800215222772 + _t1001_Inˍttttt_t_
_t1001_Inˍt_t_ - _t1001_E_t_*_tpnu_ + _t1001_In_t_*_tpa_
_t1001_Inˍtt_t_ - _t1001_Eˍt_t_*_tpnu_ + _t1001_Inˍt_t_*_tpa_
_t1001_Inˍttt_t_ - _t1001_Eˍtt_t_*_tpnu_ + _t1001_Inˍtt_t_*_tpa_
_t1001_Inˍtttt_t_ - _t1001_Eˍttt_t_*_tpnu_ + _t1001_Inˍttt_t_*_tpa_
_t1001_Inˍttttt_t_ - _t1001_Eˍtttt_t_*_tpnu_ + _t1001_Inˍtttt_t_*_tpa_
_t1001_Eˍt_t_*_t1001_NN_t_ + _t1001_E_t_*_t1001_NN_t_*_tpnu_ - _t1001_In_t_*_t1001_S_t_*_tpb_
_t1001_Eˍt_t_*_t1001_NNˍt_t_ + _t1001_Eˍtt_t_*_t1001_NN_t_ + _t1001_E_t_*_t1001_NNˍt_t_*_tpnu_ + _t1001_Eˍt_t_*_t1001_NN_t_*_tpnu_ - _t1001_In_t_*_t1001_Sˍt_t_*_tpb_ - _t1001_Inˍt_t_*_t1001_S_t_*_tpb_
_t1001_Eˍt_t_*_t1001_NNˍtt_t_ + 2_t1001_Eˍtt_t_*_t1001_NNˍt_t_ + _t1001_Eˍttt_t_*_t1001_NN_t_ + _t1001_E_t_*_t1001_NNˍtt_t_*_tpnu_ + 2_t1001_Eˍt_t_*_t1001_NNˍt_t_*_tpnu_ + _t1001_Eˍtt_t_*_t1001_NN_t_*_tpnu_ - _t1001_In_t_*_t1001_Sˍtt_t_*_tpb_ - 2_t1001_Inˍt_t_*_t1001_Sˍt_t_*_tpb_ - _t1001_Inˍtt_t_*_t1001_S_t_*_tpb_
_t1001_Eˍt_t_*_t1001_NNˍttt_t_ + 3_t1001_Eˍtt_t_*_t1001_NNˍtt_t_ + 3_t1001_Eˍttt_t_*_t1001_NNˍt_t_ + _t1001_Eˍtttt_t_*_t1001_NN_t_ + _t1001_E_t_*_t1001_NNˍttt_t_*_tpnu_ + 3_t1001_Eˍt_t_*_t1001_NNˍtt_t_*_tpnu_ + 3_t1001_Eˍtt_t_*_t1001_NNˍt_t_*_tpnu_ + _t1001_Eˍttt_t_*_t1001_NN_t_*_tpnu_ - _t1001_In_t_*_t1001_Sˍttt_t_*_tpb_ - 3_t1001_Inˍt_t_*_t1001_Sˍtt_t_*_tpb_ - 3_t1001_Inˍtt_t_*_t1001_Sˍt_t_*_tpb_ - _t1001_Inˍttt_t_*_t1001_S_t_*_tpb_
_t1001_NN_t_*_t1001_Sˍt_t_ + _t1001_In_t_*_t1001_S_t_*_tpb_
_t1001_NNˍt_t_
_t1001_NNˍtt_t_
_t1001_NN_t_*_t1001_Sˍtt_t_ + _t1001_NNˍt_t_*_t1001_Sˍt_t_ + _t1001_In_t_*_t1001_Sˍt_t_*_tpb_ + _t1001_Inˍt_t_*_t1001_S_t_*_tpb_
_t1001_NNˍttt_t_
_t1001_NN_t_*_t1001_Sˍttt_t_ + 2_t1001_NNˍt_t_*_t1001_Sˍtt_t_ + _t1001_NNˍtt_t_*_t1001_Sˍt_t_ + _t1001_In_t_*_t1001_Sˍtt_t_*_tpb_ + 2_t1001_Inˍt_t_*_t1001_Sˍt_t_*_tpb_ + _t1001_Inˍtt_t_*_t1001_S_t_*_tpb_
As a reminder the true parameter values are: 
OrderedDict{Num, Float64}(a => 0.678, b => 0.793, nu => 0.88)
And the true states are: 
OrderedDict{Num, Float64}(S(t) => 0.785, E(t) => 0.109, In(t) => 0.388, NN(t) => 0.684)
The forward substitution dictionary is: 
Any[OrderedDict{Num, Any}(Sˍt(t) => _t1001_Sˍt_t_, Eˍt(t) => _t1001_Eˍt_t_, Inˍt(t) => _t1001_Inˍt_t_, NNˍt(t) => _t1001_NNˍt_t_, Sˍtt(t) => _t1001_Sˍtt_t_, Eˍtt(t) => _t1001_Eˍtt_t_, Inˍtt(t) => _t1001_Inˍtt_t_, NNˍtt(t) => _t1001_NNˍtt_t_, Sˍttt(t) => _t1001_Sˍttt_t_, Eˍttt(t) => _t1001_Eˍttt_t_, Inˍttt(t) => _t1001_Inˍttt_t_, NNˍttt(t) => _t1001_NNˍttt_t_, Sˍtttt(t) => _t1001_Sˍtttt_t_, Eˍtttt(t) => _t1001_Eˍtttt_t_, Inˍtttt(t) => _t1001_Inˍtttt_t_, NNˍtttt(t) => _t1001_NNˍtttt_t_, Sˍttttt(t) => _t1001_Sˍttttt_t_, Eˍttttt(t) => _t1001_Eˍttttt_t_, Inˍttttt(t) => _t1001_Inˍttttt_t_, NNˍttttt(t) => _t1001_NNˍttttt_t_, Sˍtttttt(t) => _t1001_Sˍtttttt_t_, Eˍtttttt(t) => _t1001_Eˍtttttt_t_, Inˍtttttt(t) => _t1001_Inˍtttttt_t_, NNˍtttttt(t) => _t1001_NNˍtttttt_t_, S(t) => _t1001_S_t_, E(t) => _t1001_E_t_, In(t) => _t1001_In_t_, NN(t) => _t1001_NN_t_, y1(t) => _t1001_y1_t_, y2(t) => _t1001_y2_t_, y1ˍt(t) => _t1001_y1ˍt_t_, y2ˍt(t) => _t1001_y2ˍt_t_, y1ˍtt(t) => _t1001_y1ˍtt_t_, y2ˍtt(t) => _t1001_y2ˍtt_t_, y1ˍttt(t) => _t1001_y1ˍttt_t_, y2ˍttt(t) => _t1001_y2ˍttt_t_, y1ˍtttt(t) => _t1001_y1ˍtttt_t_, y2ˍtttt(t) => _t1001_y2ˍtttt_t_, y1ˍttttt(t) => _t1001_y1ˍttttt_t_, y2ˍttttt(t) => _t1001_y2ˍttttt_t_, y1ˍtttttt(t) => _t1001_y1ˍtttttt_t_, y2ˍtttttt(t) => _t1001_y2ˍtttttt_t_, a => _tpa_, nu => _tpnu_, b => _tpb_)]
The reverse substitution dictionary is: 
Any[OrderedDict{Any, Any}(_t1001_Sˍt_t_ => Sˍt(t), _t1001_Eˍt_t_ => Eˍt(t), _t1001_Inˍt_t_ => Inˍt(t), _t1001_NNˍt_t_ => NNˍt(t), _t1001_Sˍtt_t_ => Sˍtt(t), _t1001_Eˍtt_t_ => Eˍtt(t), _t1001_Inˍtt_t_ => Inˍtt(t), _t1001_NNˍtt_t_ => NNˍtt(t), _t1001_Sˍttt_t_ => Sˍttt(t), _t1001_Eˍttt_t_ => Eˍttt(t), _t1001_Inˍttt_t_ => Inˍttt(t), _t1001_NNˍttt_t_ => NNˍttt(t), _t1001_Sˍtttt_t_ => Sˍtttt(t), _t1001_Eˍtttt_t_ => Eˍtttt(t), _t1001_Inˍtttt_t_ => Inˍtttt(t), _t1001_NNˍtttt_t_ => NNˍtttt(t), _t1001_Sˍttttt_t_ => Sˍttttt(t), _t1001_Eˍttttt_t_ => Eˍttttt(t), _t1001_Inˍttttt_t_ => Inˍttttt(t), _t1001_NNˍttttt_t_ => NNˍttttt(t), _t1001_Sˍtttttt_t_ => Sˍtttttt(t), _t1001_Eˍtttttt_t_ => Eˍtttttt(t), _t1001_Inˍtttttt_t_ => Inˍtttttt(t), _t1001_NNˍtttttt_t_ => NNˍtttttt(t), _t1001_S_t_ => S(t), _t1001_E_t_ => E(t), _t1001_In_t_ => In(t), _t1001_NN_t_ => NN(t), _t1001_y1_t_ => y1(t), _t1001_y2_t_ => y2(t), _t1001_y1ˍt_t_ => y1ˍt(t), _t1001_y2ˍt_t_ => y2ˍt(t), _t1001_y1ˍtt_t_ => y1ˍtt(t), _t1001_y2ˍtt_t_ => y2ˍtt(t), _t1001_y1ˍttt_t_ => y1ˍttt(t), _t1001_y2ˍttt_t_ => y2ˍttt(t), _t1001_y1ˍtttt_t_ => y1ˍtttt(t), _t1001_y2ˍtttt_t_ => y2ˍtttt(t), _t1001_y1ˍttttt_t_ => y1ˍttttt(t), _t1001_y2ˍttttt_t_ => y2ˍttttt(t), _t1001_y1ˍtttttt_t_ => y1ˍtttttt(t), _t1001_y2ˍtttttt_t_ => y2ˍtttttt(t), _tpa_ => a, _tpnu_ => nu, _tpb_ => b)]
DEBUG [multipoint_parameter_estimation]: Evaluated ideal polynomial system with exact state and parameter values:
0.0
0.0
0.0
0.0
0.0
0.0
0.0
0.0
0.0
0.0
0.0
0.0
0.0
3.469446951953614e-18
-5.204170427930421e-18
0.0
0.0
0
0
0.0
0
1.734723475976807e-18
DEBUG [multipoint_parameter_estimation]: Evaluated interpolated polynomial system with exact state and parameter values:
0.0
6.357050996719238e-10
4.440930536156462e-8
4.018093600200237e-6
0.0001877364600440922
0.005726835023518902
0.11598945195316826
0.0
0.0
0.0
0.0
0.0
0.0
3.469446951953614e-18
-5.204170427930421e-18
0.0
0.0
0
0
0.0
0
1.734723475976807e-18
and by the way the exact state values are: (at the time index 1001)
OrderedDict{Any, Any}(S(t) => 0.3732894717279027, E(t) => 0.18671303380279314, In(t) => 0.2872931328674863, NN(t) => 0.684)
and by the way the exact parameter values are:
OrderedDict{Num, Float64}(a => 0.678, b => 0.793, nu => 0.88)
aa_system
Any[_t1001_NN_t_ - 6160924290242839//9007199254740992, _t1001_In_t_ - 2587706486530305//9007199254740992, _t1001_Inˍt_t_ + 8784489046544325//288230376151711744, _t1001_Inˍtt_t_ + 8368792857292061//576460752303423488, _t1001_Inˍttt_t_ + 2144913083728649//288230376151711744, _t1001_Inˍtttt_t_ - 4675536183245133//144115188075855872, _t1001_Inˍttttt_t_ + 6468177948762739//36028797018963968, _tpa_*_t1001_In_t_ - _tpnu_*_t1001_E_t_ + _t1001_Inˍt_t_, _tpa_*_t1001_Inˍt_t_ - _tpnu_*_t1001_Eˍt_t_ + _t1001_Inˍtt_t_, _tpa_*_t1001_Inˍtt_t_ - _tpnu_*_t1001_Eˍtt_t_ + _t1001_Inˍttt_t_, _tpa_*_t1001_Inˍttt_t_ - _tpnu_*_t1001_Eˍttt_t_ + _t1001_Inˍtttt_t_, _tpa_*_t1001_Inˍtttt_t_ - _tpnu_*_t1001_Eˍtttt_t_ + _t1001_Inˍttttt_t_, _tpnu_*_t1001_E_t_*_t1001_NN_t_ - _tpb_*_t1001_S_t_*_t1001_In_t_ + _t1001_NN_t_*_t1001_Eˍt_t_, _tpnu_*_t1001_E_t_*_t1001_NNˍt_t_ + _tpnu_*_t1001_NN_t_*_t1001_Eˍt_t_ - _tpb_*_t1001_S_t_*_t1001_Inˍt_t_ - _tpb_*_t1001_In_t_*_t1001_Sˍt_t_ + _t1001_NN_t_*_t1001_Eˍtt_t_ + _t1001_Eˍt_t_*_t1001_NNˍt_t_, _tpnu_*_t1001_E_t_*_t1001_NNˍtt_t_ + _tpnu_*_t1001_NN_t_*_t1001_Eˍtt_t_ + 2*_tpnu_*_t1001_Eˍt_t_*_t1001_NNˍt_t_ - _tpb_*_t1001_S_t_*_t1001_Inˍtt_t_ - _tpb_*_t1001_In_t_*_t1001_Sˍtt_t_ - 2*_tpb_*_t1001_Inˍt_t_*_t1001_Sˍt_t_ + _t1001_NN_t_*_t1001_Eˍttt_t_ + _t1001_Eˍt_t_*_t1001_NNˍtt_t_ + 2*_t1001_Eˍtt_t_*_t1001_NNˍt_t_, _tpnu_*_t1001_E_t_*_t1001_NNˍttt_t_ + _tpnu_*_t1001_NN_t_*_t1001_Eˍttt_t_ + 3*_tpnu_*_t1001_Eˍt_t_*_t1001_NNˍtt_t_ + 3*_tpnu_*_t1001_Eˍtt_t_*_t1001_NNˍt_t_ - _tpb_*_t1001_S_t_*_t1001_Inˍttt_t_ - _tpb_*_t1001_In_t_*_t1001_Sˍttt_t_ - 3*_tpb_*_t1001_Inˍt_t_*_t1001_Sˍtt_t_ - 3*_tpb_*_t1001_Inˍtt_t_*_t1001_Sˍt_t_ + _t1001_NN_t_*_t1001_Eˍtttt_t_ + _t1001_Eˍt_t_*_t1001_NNˍttt_t_ + 3*_t1001_Eˍtt_t_*_t1001_NNˍtt_t_ + 3*_t1001_Eˍttt_t_*_t1001_NNˍt_t_, _tpb_*_t1001_S_t_*_t1001_In_t_ + _t1001_NN_t_*_t1001_Sˍt_t_, _t1001_NNˍt_t_, _t1001_NNˍtt_t_, _tpb_*_t1001_S_t_*_t1001_Inˍt_t_ + _tpb_*_t1001_In_t_*_t1001_Sˍt_t_ + _t1001_NN_t_*_t1001_Sˍtt_t_ + _t1001_Sˍt_t_*_t1001_NNˍt_t_, _t1001_NNˍttt_t_, _tpb_*_t1001_S_t_*_t1001_Inˍtt_t_ + _tpb_*_t1001_In_t_*_t1001_Sˍtt_t_ + 2*_tpb_*_t1001_Inˍt_t_*_t1001_Sˍt_t_ + _t1001_NN_t_*_t1001_Sˍttt_t_ + _t1001_Sˍt_t_*_t1001_NNˍtt_t_ + 2*_t1001_NNˍt_t_*_t1001_Sˍtt_t_]
R
Multivariate polynomial ring in 22 variables over rationals
primes of bitsize 28
G-Q-Pt-FG-LT-LP(C)
Dimension of the quotient :4
Degree of the radical :4
Use last variable as separating element
Separating form: [0, 0, 0, 0, 0, 0, 0, 0, 0, 0, 0, 0, 0, 0, 0, 0, 0, 0, 0, 0, 0, 1]
Run Groebner learn
Test cyclic optimization
Apply cyclic optimization 
Multi-modular computation (1 threads): G-Q-Pt-FG-LT-LP(C)
5-9-13-17-21-25-29-33-37-41-45-49-53-61-69-77-85-93-105-117-
check-G-Q-Pt-FG-LT-LP(C)
Nb Primes used :117
2-element Vector{Vector{MPFI.BigInterval}}:
 [[6.57632206328137268957, 6.57632206552108717463], [-0.0104888455368626572887, -0.0104888454088299971855], [-1.2747942529488054207, -1.27479425269027479167], [-41.7446833820839758918, -41.7446833803007337563], [-177.222064642866774485, -177.222064639080534691], [0.287293132229735417887, 0.287293132233827006012], [0.683999999997564694606, 0.684000000002435410199], [-0.0304773187470573755613, -0.0304773187469488621467], [-0.0145175414351444816807, -0.0145175414351186370843], [-0.00744166216055110050672, -0.00744166216054447656296], [0.0324430495194101037133, 0.0324430495194245427553], [-0.179528002152247697607, -0.179528002152207747413], [20.4928374885515435502, 20.4928374885532546589], [9.81172720558556304494, 9.81172720558597268644], [1.57269144900052282532, 1.57269144900055524232], [-3.22513477911850170263, -3.22513477911846915748], [-22.3516923342840248476, -22.3516923342839082967], [0.0, 0.0], [0.0, 0.0], [-9.59678100040748086009, -9.59678100040745582847], [0.0, 0.0], [-1.46977775877765409838, -1.46977775877765132109]]
 [[-0.0104888454468409071823, -0.010488845446068519329], [6.57632206450972739984, 6.57632206451476854551], [-1.2747942528433041661, -1.27479425284128615827], [0.0665803055112237650855, 0.0665803055116391290297], [-0.00509261737541458776458, -0.00509261737453498504864], [0.287293132231772171614, 0.287293132231790252285], [0.683999999999989290585, 0.68400000000001081422], [-0.0304773187470033586143, -0.0304773187470028790937], [-0.0145175414351316164861, -0.0145175414351315022789], [-0.00744166216054780317051, -0.00744166216054777389917], [0.0324430495194172913299, 0.0324430495194173551386], [-0.179528002152227810784, -0.179528002152227634236], [-0.00215893768734118913466, -0.00215893768734082185048], [-0.00110842958125582034686, -0.00110842958125573282575], [0.00494518115820018870168, 0.00494518115820021018435], [-0.0273508946976699248629, -0.0273508946976698784963], [0.0356496296961723094774, 0.035649629696172336757], [0.0, 0.0], [0.0, 0.0], [0.0153062991304254754334, 0.0153062991304254809472], [0.0, 0.0], [0.00234420875397093079681, 0.00234420875397093123049]]
Vector{Any}
SOLNS: Any[[6.57632206440123, -0.010488845472846326, -1.2747942528195402, -41.74468338119235, -177.22206464097366, 0.2872931322317812, 0.684, -0.03047731874700312, -0.01451754143513156, -0.0074416621605477885, 0.03244304951941732, -0.17952800215222772, 20.4928374885524, 9.811727205585768, 1.572691449000539, -3.2251347791184855, -22.351692334283968, 0.0, 0.0, -9.596781000407468, 0.0, -1.4697777587776528], [-0.010488845446454714, 6.576322064512248, -1.274794252842295, 0.06658030551143145, -0.005092617374974786, 0.2872931322317812, 0.684, -0.03047731874700312, -0.01451754143513156, -0.0074416621605477885, 0.03244304951941732, -0.17952800215222772, -0.0021589376873410054, -0.0011084295812557766, 0.004945181158200199, -0.0273508946976699, 0.03564962969617232, 0.0, 0.0, 0.015306299130425478, 0.0, 0.0023442087539709312]]
Vector{Float64}
SOLN 1: [6.57632206440123, -0.010488845472846326, -1.2747942528195402, -41.74468338119235, -177.22206464097366, 0.2872931322317812, 0.684, -0.03047731874700312, -0.01451754143513156, -0.0074416621605477885, 0.03244304951941732, -0.17952800215222772, 20.4928374885524, 9.811727205585768, 1.572691449000539, -3.2251347791184855, -22.351692334283968, 0.0, 0.0, -9.596781000407468, 0.0, -1.4697777587776528]
Vector{Float64}
SOLN 2: [-0.010488845446454714, 6.576322064512248, -1.274794252842295, 0.06658030551143145, -0.005092617374974786, 0.2872931322317812, 0.684, -0.03047731874700312, -0.01451754143513156, -0.0074416621605477885, 0.03244304951941732, -0.17952800215222772, -0.0021589376873410054, -0.0011084295812557766, 0.004945181158200199, -0.0273508946976699, 0.03564962969617232, 0.0, 0.0, 0.015306299130425478, 0.0, 0.0023442087539709312]
DEBUG: Processing solution 1
DEBUG: Constructed initial conditions: [-41.74468338119235, -177.22206464097366, 0.2872931322317812, 0.684]
DEBUG: Constructed parameter values: [6.57632206440123, -0.010488845472846326, -1.2747942528195402]
DEBUG: Parameter/IC mapping:
Dict("nu" => -0.010488845472846326, "NN(t)" => 0.684, "b" => -1.2747942528195402, "In(t)" => 0.2872931322317812, "S(t)" => -41.74468338119235, "E(t)" => -177.22206464097366, "a" => 6.57632206440123)
DEBUG: Processing solution 2
DEBUG: Constructed initial conditions: [0.06658030551143145, -0.005092617374974786, 0.2872931322317812, 0.684]
DEBUG: Constructed parameter values: [-0.010488845446454714, 6.576322064512248, -1.274794252842295]
DEBUG: Parameter/IC mapping:
Dict("nu" => 6.576322064512248, "NN(t)" => 0.684, "b" => -1.274794252842295, "In(t)" => 0.2872931322317812, "S(t)" => 0.06658030551143145, "E(t)" => -0.005092617374974786, "a" => -0.010488845446454714)
DEBUG [determine_optimal_points_count]: Large num points: 1
DEBUG [determine_optimal_points_count]: Good num points: 1
DEBUG [multipoint_parameter_estimation]: Parameter estimation using this many points: 1
DEBUG [multipoint_parameter_estimation]: Ideal final target: 
-0.684 + _t1_NN_t_
-0.388 + _t1_In_t_
0.16714400000000001 + _t1_Inˍt_t_
-0.33965687878362577 + _t1_Inˍtt_t_
0.7031050956974227 + _t1_Inˍttt_t_
-1.408335297279053 + _t1_Inˍtttt_t_
3.0958776821471345 + _t1_Inˍttttt_t_
_t1_Inˍt_t_ - _t1_E_t_*_tpnu_ + _t1_In_t_*_tpa_
_t1_Inˍtt_t_ - _t1_Eˍt_t_*_tpnu_ + _t1_Inˍt_t_*_tpa_
_t1_Inˍttt_t_ - _t1_Eˍtt_t_*_tpnu_ + _t1_Inˍtt_t_*_tpa_
_t1_Inˍtttt_t_ - _t1_Eˍttt_t_*_tpnu_ + _t1_Inˍttt_t_*_tpa_
_t1_Inˍttttt_t_ - _t1_Eˍtttt_t_*_tpnu_ + _t1_Inˍtttt_t_*_tpa_
_t1_Eˍt_t_*_t1_NN_t_ + _t1_E_t_*_t1_NN_t_*_tpnu_ - _t1_In_t_*_t1_S_t_*_tpb_
_t1_Eˍt_t_*_t1_NNˍt_t_ + _t1_Eˍtt_t_*_t1_NN_t_ + _t1_E_t_*_t1_NNˍt_t_*_tpnu_ + _t1_Eˍt_t_*_t1_NN_t_*_tpnu_ - _t1_In_t_*_t1_Sˍt_t_*_tpb_ - _t1_Inˍt_t_*_t1_S_t_*_tpb_
_t1_Eˍt_t_*_t1_NNˍtt_t_ + 2_t1_Eˍtt_t_*_t1_NNˍt_t_ + _t1_Eˍttt_t_*_t1_NN_t_ + _t1_E_t_*_t1_NNˍtt_t_*_tpnu_ + 2_t1_Eˍt_t_*_t1_NNˍt_t_*_tpnu_ + _t1_Eˍtt_t_*_t1_NN_t_*_tpnu_ - _t1_In_t_*_t1_Sˍtt_t_*_tpb_ - 2_t1_Inˍt_t_*_t1_Sˍt_t_*_tpb_ - _t1_Inˍtt_t_*_t1_S_t_*_tpb_
_t1_Eˍt_t_*_t1_NNˍttt_t_ + 3_t1_Eˍtt_t_*_t1_NNˍtt_t_ + 3_t1_Eˍttt_t_*_t1_NNˍt_t_ + _t1_Eˍtttt_t_*_t1_NN_t_ + _t1_E_t_*_t1_NNˍttt_t_*_tpnu_ + 3_t1_Eˍt_t_*_t1_NNˍtt_t_*_tpnu_ + 3_t1_Eˍtt_t_*_t1_NNˍt_t_*_tpnu_ + _t1_Eˍttt_t_*_t1_NN_t_*_tpnu_ - _t1_In_t_*_t1_Sˍttt_t_*_tpb_ - 3_t1_Inˍt_t_*_t1_Sˍtt_t_*_tpb_ - 3_t1_Inˍtt_t_*_t1_Sˍt_t_*_tpb_ - _t1_Inˍttt_t_*_t1_S_t_*_tpb_
_t1_NN_t_*_t1_Sˍt_t_ + _t1_In_t_*_t1_S_t_*_tpb_
_t1_NNˍt_t_
_t1_NNˍtt_t_
_t1_NN_t_*_t1_Sˍtt_t_ + _t1_NNˍt_t_*_t1_Sˍt_t_ + _t1_In_t_*_t1_Sˍt_t_*_tpb_ + _t1_Inˍt_t_*_t1_S_t_*_tpb_
_t1_NNˍttt_t_
_t1_NN_t_*_t1_Sˍttt_t_ + 2_t1_NNˍt_t_*_t1_Sˍtt_t_ + _t1_NNˍtt_t_*_t1_Sˍt_t_ + _t1_In_t_*_t1_Sˍtt_t_*_tpb_ + 2_t1_Inˍt_t_*_t1_Sˍt_t_*_tpb_ + _t1_Inˍtt_t_*_t1_S_t_*_tpb_
DEBUG [but we are actually solving this: 
-0.684 + _t1_NN_t_
-0.388 + _t1_In_t_
0.16714399999955898 + _t1_Inˍt_t_
-0.33965687874332673 + _t1_Inˍtt_t_
0.7031050935978556 + _t1_Inˍttt_t_
-1.4083352176921835 + _t1_Inˍtttt_t_
3.0958753292798065 + _t1_Inˍttttt_t_
_t1_Inˍt_t_ - _t1_E_t_*_tpnu_ + _t1_In_t_*_tpa_
_t1_Inˍtt_t_ - _t1_Eˍt_t_*_tpnu_ + _t1_Inˍt_t_*_tpa_
_t1_Inˍttt_t_ - _t1_Eˍtt_t_*_tpnu_ + _t1_Inˍtt_t_*_tpa_
_t1_Inˍtttt_t_ - _t1_Eˍttt_t_*_tpnu_ + _t1_Inˍttt_t_*_tpa_
_t1_Inˍttttt_t_ - _t1_Eˍtttt_t_*_tpnu_ + _t1_Inˍtttt_t_*_tpa_
_t1_Eˍt_t_*_t1_NN_t_ + _t1_E_t_*_t1_NN_t_*_tpnu_ - _t1_In_t_*_t1_S_t_*_tpb_
_t1_Eˍt_t_*_t1_NNˍt_t_ + _t1_Eˍtt_t_*_t1_NN_t_ + _t1_E_t_*_t1_NNˍt_t_*_tpnu_ + _t1_Eˍt_t_*_t1_NN_t_*_tpnu_ - _t1_In_t_*_t1_Sˍt_t_*_tpb_ - _t1_Inˍt_t_*_t1_S_t_*_tpb_
_t1_Eˍt_t_*_t1_NNˍtt_t_ + 2_t1_Eˍtt_t_*_t1_NNˍt_t_ + _t1_Eˍttt_t_*_t1_NN_t_ + _t1_E_t_*_t1_NNˍtt_t_*_tpnu_ + 2_t1_Eˍt_t_*_t1_NNˍt_t_*_tpnu_ + _t1_Eˍtt_t_*_t1_NN_t_*_tpnu_ - _t1_In_t_*_t1_Sˍtt_t_*_tpb_ - 2_t1_Inˍt_t_*_t1_Sˍt_t_*_tpb_ - _t1_Inˍtt_t_*_t1_S_t_*_tpb_
_t1_Eˍt_t_*_t1_NNˍttt_t_ + 3_t1_Eˍtt_t_*_t1_NNˍtt_t_ + 3_t1_Eˍttt_t_*_t1_NNˍt_t_ + _t1_Eˍtttt_t_*_t1_NN_t_ + _t1_E_t_*_t1_NNˍttt_t_*_tpnu_ + 3_t1_Eˍt_t_*_t1_NNˍtt_t_*_tpnu_ + 3_t1_Eˍtt_t_*_t1_NNˍt_t_*_tpnu_ + _t1_Eˍttt_t_*_t1_NN_t_*_tpnu_ - _t1_In_t_*_t1_Sˍttt_t_*_tpb_ - 3_t1_Inˍt_t_*_t1_Sˍtt_t_*_tpb_ - 3_t1_Inˍtt_t_*_t1_Sˍt_t_*_tpb_ - _t1_Inˍttt_t_*_t1_S_t_*_tpb_
_t1_NN_t_*_t1_Sˍt_t_ + _t1_In_t_*_t1_S_t_*_tpb_
_t1_NNˍt_t_
_t1_NNˍtt_t_
_t1_NN_t_*_t1_Sˍtt_t_ + _t1_NNˍt_t_*_t1_Sˍt_t_ + _t1_In_t_*_t1_Sˍt_t_*_tpb_ + _t1_Inˍt_t_*_t1_S_t_*_tpb_
_t1_NNˍttt_t_
_t1_NN_t_*_t1_Sˍttt_t_ + 2_t1_NNˍt_t_*_t1_Sˍtt_t_ + _t1_NNˍtt_t_*_t1_Sˍt_t_ + _t1_In_t_*_t1_Sˍtt_t_*_tpb_ + 2_t1_Inˍt_t_*_t1_Sˍt_t_*_tpb_ + _t1_Inˍtt_t_*_t1_S_t_*_tpb_
As a reminder the true parameter values are: 
OrderedDict{Num, Float64}(a => 0.678, b => 0.793, nu => 0.88)
And the true states are: 
OrderedDict{Num, Float64}(S(t) => 0.785, E(t) => 0.109, In(t) => 0.388, NN(t) => 0.684)
The forward substitution dictionary is: 
Any[OrderedDict{Num, Any}(Sˍt(t) => _t1_Sˍt_t_, Eˍt(t) => _t1_Eˍt_t_, Inˍt(t) => _t1_Inˍt_t_, NNˍt(t) => _t1_NNˍt_t_, Sˍtt(t) => _t1_Sˍtt_t_, Eˍtt(t) => _t1_Eˍtt_t_, Inˍtt(t) => _t1_Inˍtt_t_, NNˍtt(t) => _t1_NNˍtt_t_, Sˍttt(t) => _t1_Sˍttt_t_, Eˍttt(t) => _t1_Eˍttt_t_, Inˍttt(t) => _t1_Inˍttt_t_, NNˍttt(t) => _t1_NNˍttt_t_, Sˍtttt(t) => _t1_Sˍtttt_t_, Eˍtttt(t) => _t1_Eˍtttt_t_, Inˍtttt(t) => _t1_Inˍtttt_t_, NNˍtttt(t) => _t1_NNˍtttt_t_, Sˍttttt(t) => _t1_Sˍttttt_t_, Eˍttttt(t) => _t1_Eˍttttt_t_, Inˍttttt(t) => _t1_Inˍttttt_t_, NNˍttttt(t) => _t1_NNˍttttt_t_, Sˍtttttt(t) => _t1_Sˍtttttt_t_, Eˍtttttt(t) => _t1_Eˍtttttt_t_, Inˍtttttt(t) => _t1_Inˍtttttt_t_, NNˍtttttt(t) => _t1_NNˍtttttt_t_, S(t) => _t1_S_t_, E(t) => _t1_E_t_, In(t) => _t1_In_t_, NN(t) => _t1_NN_t_, y1(t) => _t1_y1_t_, y2(t) => _t1_y2_t_, y1ˍt(t) => _t1_y1ˍt_t_, y2ˍt(t) => _t1_y2ˍt_t_, y1ˍtt(t) => _t1_y1ˍtt_t_, y2ˍtt(t) => _t1_y2ˍtt_t_, y1ˍttt(t) => _t1_y1ˍttt_t_, y2ˍttt(t) => _t1_y2ˍttt_t_, y1ˍtttt(t) => _t1_y1ˍtttt_t_, y2ˍtttt(t) => _t1_y2ˍtttt_t_, y1ˍttttt(t) => _t1_y1ˍttttt_t_, y2ˍttttt(t) => _t1_y2ˍttttt_t_, y1ˍtttttt(t) => _t1_y1ˍtttttt_t_, y2ˍtttttt(t) => _t1_y2ˍtttttt_t_, a => _tpa_, nu => _tpnu_, b => _tpb_)]
The reverse substitution dictionary is: 
Any[OrderedDict{Any, Any}(_t1_Sˍt_t_ => Sˍt(t), _t1_Eˍt_t_ => Eˍt(t), _t1_Inˍt_t_ => Inˍt(t), _t1_NNˍt_t_ => NNˍt(t), _t1_Sˍtt_t_ => Sˍtt(t), _t1_Eˍtt_t_ => Eˍtt(t), _t1_Inˍtt_t_ => Inˍtt(t), _t1_NNˍtt_t_ => NNˍtt(t), _t1_Sˍttt_t_ => Sˍttt(t), _t1_Eˍttt_t_ => Eˍttt(t), _t1_Inˍttt_t_ => Inˍttt(t), _t1_NNˍttt_t_ => NNˍttt(t), _t1_Sˍtttt_t_ => Sˍtttt(t), _t1_Eˍtttt_t_ => Eˍtttt(t), _t1_Inˍtttt_t_ => Inˍtttt(t), _t1_NNˍtttt_t_ => NNˍtttt(t), _t1_Sˍttttt_t_ => Sˍttttt(t), _t1_Eˍttttt_t_ => Eˍttttt(t), _t1_Inˍttttt_t_ => Inˍttttt(t), _t1_NNˍttttt_t_ => NNˍttttt(t), _t1_Sˍtttttt_t_ => Sˍtttttt(t), _t1_Eˍtttttt_t_ => Eˍtttttt(t), _t1_Inˍtttttt_t_ => Inˍtttttt(t), _t1_NNˍtttttt_t_ => NNˍtttttt(t), _t1_S_t_ => S(t), _t1_E_t_ => E(t), _t1_In_t_ => In(t), _t1_NN_t_ => NN(t), _t1_y1_t_ => y1(t), _t1_y2_t_ => y2(t), _t1_y1ˍt_t_ => y1ˍt(t), _t1_y2ˍt_t_ => y2ˍt(t), _t1_y1ˍtt_t_ => y1ˍtt(t), _t1_y2ˍtt_t_ => y2ˍtt(t), _t1_y1ˍttt_t_ => y1ˍttt(t), _t1_y2ˍttt_t_ => y2ˍttt(t), _t1_y1ˍtttt_t_ => y1ˍtttt(t), _t1_y2ˍtttt_t_ => y2ˍtttt(t), _t1_y1ˍttttt_t_ => y1ˍttttt(t), _t1_y2ˍttttt_t_ => y2ˍttttt(t), _t1_y1ˍtttttt_t_ => y1ˍtttttt(t), _t1_y2ˍtttttt_t_ => y2ˍtttttt(t), _tpa_ => a, _tpnu_ => nu, _tpb_ => b)]
DEBUG [multipoint_parameter_estimation]: Evaluated ideal polynomial system with exact state and parameter values:
0.0
0.0
0.0
0.0
0.0
0.0
0.0
0.0
0.0
5.551115123125783e-17
1.1102230246251565e-16
0.0
1.3877787807814457e-17
0.0
5.551115123125783e-17
1.3877787807814457e-16
-2.7755575615628914e-17
0
0
0.0
0
0.0
DEBUG [multipoint_parameter_estimation]: Evaluated interpolated polynomial system with exact state and parameter values:
0.0
0.0
-4.4103609653234344e-13
4.0299041881297626e-11
-2.0995671867751753e-9
7.958686953912775e-8
-2.352867328081487e-6
0.0
0.0
5.551115123125783e-17
1.1102230246251565e-16
0.0
1.3877787807814457e-17
0.0
5.551115123125783e-17
1.3877787807814457e-16
-2.7755575615628914e-17
0
0
0.0
0
0.0
and by the way the exact state values are: (at the time index 1)
OrderedDict{Any, Any}(S(t) => 0.785, E(t) => 0.109, In(t) => 0.388, NN(t) => 0.684)
and by the way the exact parameter values are:
OrderedDict{Num, Float64}(a => 0.678, b => 0.793, nu => 0.88)
aa_system
Any[_t1_NN_t_ - 6160924290242839//9007199254740992, _t1_In_t_ - 3494793310839505//9007199254740992, _t1_Inˍt_t_ + 188187414028807//1125899906842624, _t1_Inˍtt_t_ - 23901228008473//70368744177664, _t1_Inˍttt_t_ + 6184577807675//8796093022208, _t1_Inˍtttt_t_ - 1548480947659//1099511627776, _t1_Inˍttttt_t_ + 53186733167//17179869184, _tpa_*_t1_In_t_ - _tpnu_*_t1_E_t_ + _t1_Inˍt_t_, _tpa_*_t1_Inˍt_t_ - _tpnu_*_t1_Eˍt_t_ + _t1_Inˍtt_t_, _tpa_*_t1_Inˍtt_t_ - _tpnu_*_t1_Eˍtt_t_ + _t1_Inˍttt_t_, _tpa_*_t1_Inˍttt_t_ - _tpnu_*_t1_Eˍttt_t_ + _t1_Inˍtttt_t_, _tpa_*_t1_Inˍtttt_t_ - _tpnu_*_t1_Eˍtttt_t_ + _t1_Inˍttttt_t_, _tpnu_*_t1_E_t_*_t1_NN_t_ - _tpb_*_t1_S_t_*_t1_In_t_ + _t1_NN_t_*_t1_Eˍt_t_, _tpnu_*_t1_E_t_*_t1_NNˍt_t_ + _tpnu_*_t1_NN_t_*_t1_Eˍt_t_ - _tpb_*_t1_S_t_*_t1_Inˍt_t_ - _tpb_*_t1_In_t_*_t1_Sˍt_t_ + _t1_NN_t_*_t1_Eˍtt_t_ + _t1_Eˍt_t_*_t1_NNˍt_t_, _tpnu_*_t1_E_t_*_t1_NNˍtt_t_ + _tpnu_*_t1_NN_t_*_t1_Eˍtt_t_ + 2*_tpnu_*_t1_Eˍt_t_*_t1_NNˍt_t_ - _tpb_*_t1_S_t_*_t1_Inˍtt_t_ - _tpb_*_t1_In_t_*_t1_Sˍtt_t_ - 2*_tpb_*_t1_Inˍt_t_*_t1_Sˍt_t_ + _t1_NN_t_*_t1_Eˍttt_t_ + _t1_Eˍt_t_*_t1_NNˍtt_t_ + 2*_t1_Eˍtt_t_*_t1_NNˍt_t_, _tpnu_*_t1_E_t_*_t1_NNˍttt_t_ + _tpnu_*_t1_NN_t_*_t1_Eˍttt_t_ + 3*_tpnu_*_t1_Eˍt_t_*_t1_NNˍtt_t_ + 3*_tpnu_*_t1_Eˍtt_t_*_t1_NNˍt_t_ - _tpb_*_t1_S_t_*_t1_Inˍttt_t_ - _tpb_*_t1_In_t_*_t1_Sˍttt_t_ - 3*_tpb_*_t1_Inˍt_t_*_t1_Sˍtt_t_ - 3*_tpb_*_t1_Inˍtt_t_*_t1_Sˍt_t_ + _t1_NN_t_*_t1_Eˍtttt_t_ + _t1_Eˍt_t_*_t1_NNˍttt_t_ + 3*_t1_Eˍtt_t_*_t1_NNˍtt_t_ + 3*_t1_Eˍttt_t_*_t1_NNˍt_t_, _tpb_*_t1_S_t_*_t1_In_t_ + _t1_NN_t_*_t1_Sˍt_t_, _t1_NNˍt_t_, _t1_NNˍtt_t_, _tpb_*_t1_S_t_*_t1_Inˍt_t_ + _tpb_*_t1_In_t_*_t1_Sˍt_t_ + _t1_NN_t_*_t1_Sˍtt_t_ + _t1_Sˍt_t_*_t1_NNˍt_t_, _t1_NNˍttt_t_, _tpb_*_t1_S_t_*_t1_Inˍtt_t_ + _tpb_*_t1_In_t_*_t1_Sˍtt_t_ + 2*_tpb_*_t1_Inˍt_t_*_t1_Sˍt_t_ + _t1_NN_t_*_t1_Sˍttt_t_ + _t1_Sˍt_t_*_t1_NNˍtt_t_ + 2*_t1_NNˍt_t_*_t1_Sˍtt_t_]
R
Multivariate polynomial ring in 22 variables over rationals
primes of bitsize 28
G-Q-Pt-FG-LT-LP(C)
Dimension of the quotient :4
Degree of the radical :4
Use last variable as separating element
Separating form: [0, 0, 0, 0, 0, 0, 0, 0, 0, 0, 0, 0, 0, 0, 0, 0, 0, 0, 0, 0, 0, 1]
Run Groebner learn
Test cyclic optimization
Apply cyclic optimization 
Multi-modular computation (1 threads): G-Q-Pt-FG-LT-LP(C)
5-9-13-17-21-25-29-33-37-41-45-49-53-61-69-77-85-93-105-
check-G-Q-Pt-FG-LT-LP(C)
Nb Primes used :105
4-element Vector{Vector{MPFI.BigInterval}}:
 [[0.880007672151960081304, 0.880007672818842465472], [0.677995296537152849684, 0.677995296859759645182], [0.792995693990595391714, 0.792995694121266013634], [1.01889138148999935625, 1.01889138158557571319], [0.25707992041255664243, 0.257079920453369805108], [0.387999999994973168753, 0.388000000005026854339], [0.683999999995569175486, 0.684000000004430929319], [-0.167144000000100348932, -0.16714399999901760844], [0.33965687874277666391, 0.339656878743876793907], [-0.703105093598424886876, -0.703105093597286227451], [1.40833521769161331517, 1.40833521769275369539], [-3.09587532928043317562, -3.0958753292791797542], [0.284026861656752941122, 0.284026861656807393631], [-0.596175867695749908811, -0.59617586769569161885], [1.16460592666363669059, 1.16460592666369160234], [-2.73826314337651567719, -2.73826314337644487163], [-0.458325838580832260001, -0.458325838580827023223], [0.0, 0.0], [0.0, 0.0], [0.403606991361590897228, 0.403606991361593242087], [0.0, 0.0], [-0.760401492371745017177, -0.760401492371742500961]]
 [[0.677995296469218476957, 0.677995296843656868328], [0.880007672415685972798, 0.880007672574816860898], [0.792995693971100537551, 0.792995694228282749276], [0.784997206379195751536, 0.784997206434351227941], [0.108996975924456001909, 0.108996975952764824592], [0.387999999997204630378, 0.388000000002795392715], [0.683999999997536082402, 0.684000000002464022403], [-0.167143999999860029713, -0.167143999999257927659], [0.339656878743020842801, 0.339656878743632615017], [-0.703105093598172156206, -0.703105093597538958122], [1.4083352176918664278, 1.40833521769250058275], [-3.09587532928015497303, -3.0958753292794579568], [0.25719552221237753247, 0.257195522212409523739], [-0.537290005654668072747, -0.537290005654635816973], [1.05866494155866386741, 1.05866494155869770888], [-2.43296819162170379779, -2.4329681916216712354], [-0.35311369732474535136, -0.353113697324742311054], [0.0, 0.0], [0.0, 0.0], [0.310955972779337348389, 0.310955972779338647006], [0.0, 0.0], [-0.585845614233869676032, -0.585845614233868756574]]
 [[0.00412332403720373957045, 0.00412332403906829899991], [2.05303808872672451113, 2.05303808873570276514], [-12.0930981168251337901, -12.0930981168026668421], [6.39583068264949920965e-05, 6.39583071231100308673e-05], [-0.0806337452687042481183, -0.0806337452676756571113], [0.387999999999937658957, 0.388000000000062364135], [0.683999999999945092134, 0.684000000000055012671], [-0.167143999999565693808, -0.167143999999552263565], [0.339656878743319905943, 0.339656878743333551874], [-0.703105093597862619087, -0.70310509359784849524], [1.40833521769217643265, 1.40833521769219057791], [-3.09587532927981423864, -3.09587532927979869118], [0.165105407313645808945, 0.165105407313646317809], [-0.341788387695658090062, -0.341788387695657602428], [0.684564059124392781133, 0.684564059124393339633], [-1.50511981428142050949, -1.50511981428142010698], [0.00043874295922108719818, 0.000438742959221103878627], [0.0, 0.0], [0.0, 0.0], [0.00282069782531427859879, 0.00282069782531428480098], [0.0, 0.0], [0.0171405191007138465421, 0.0171405191007138506841]]
 [[2.05303808821525145994, 2.05303808925395364507], [0.00412332403429057550601, 0.00412332413082598832809], [-12.0930981174511274546, -12.0930981158925446618], [0.0318453847632525149373, 0.0318453847765045994054], [152.652270992294268687, 152.652270996755346978], [0.387999999996221144299, 0.388000000003778878794], [0.683999999996669195192, 0.684000000003330909613], [-0.167143999999965947111, -0.167143999999152010262], [0.33965687874291322431, 0.339656878743740233507], [-0.703105093598283543776, -0.703105093597427570552], [1.40833521769175487191, 1.40833521769261213864], [-3.09587532928027758697, -3.09587532927933534285], [-0.847888627354689269032, -0.847888627354601380758], [-1.40095330498108280729, -1.40095330498099358396], [-8.52863357863059527242, -8.52863357863036106697], [-49.5982085760380255243, -49.5982085760373074337], [0.218453848926636113429, 0.218453848926637257974], [0.0, 0.0], [0.0, 0.0], [1.40444942453964684428, 1.40444942453965213014], [0.0, 0.0], [8.53441016306885076375, 8.53441016306887283377]]
Vector{Any}
SOLNS: Any[[0.8800076724854012, 0.6779952966984563, 0.7929956940559307, 1.0188913815377876, 0.25707992043296324, 0.388, 0.684, -0.16714399999955898, 0.33965687874332673, -0.7031050935978556, 1.4083352176921835, -3.0958753292798065, 0.28402686165678015, -0.5961758676957207, 1.1646059266636641, -2.7382631433764804, -0.45832583858082965, 0.0, 0.0, 0.40360699136159206, 0.0, -0.7604014923717437], [0.6779952966564377, 0.8800076724952515, 0.7929956940996916, 0.7849972064067735, 0.10899697593861041, 0.388, 0.684, -0.16714399999955898, 0.33965687874332673, -0.7031050935978556, 1.4083352176921835, -3.0958753292798065, 0.2571955222123935, -0.5372900056546519, 1.0586649415586808, -2.4329681916216876, -0.35311369732474385, 0.0, 0.0, 0.310955972779338, 0.0, -0.5858456142338693], [0.004123324038136019, 2.053038088731214, -12.0930981168139, 6.395830697480251e-5, -0.08063374526818995, 0.388, 0.684, -0.16714399999955898, 0.33965687874332673, -0.7031050935978556, 1.4083352176921835, -3.0958753292798065, 0.16510540731364606, -0.34178838769565784, 0.6845640591243931, -1.5051198142814204, 0.00043874295922109556, 0.0, 0.0, 0.002820697825314282, 0.0, 0.017140519100713847], [2.0530380887346027, 0.004123324082558282, -12.093098116671836, 0.031845384769878554, 152.6522709945248, 0.388, 0.684, -0.16714399999955898, 0.33965687874332673, -0.7031050935978556, 1.4083352176921835, -3.0958753292798065, -0.8478886273546453, -1.400953304981038, -8.528633578630478, -49.59820857603766, 0.2184538489266367, 0.0, 0.0, 1.4044494245396495, 0.0, 8.534410163068863]]
Vector{Float64}
SOLN 1: [0.8800076724854012, 0.6779952966984563, 0.7929956940559307, 1.0188913815377876, 0.25707992043296324, 0.388, 0.684, -0.16714399999955898, 0.33965687874332673, -0.7031050935978556, 1.4083352176921835, -3.0958753292798065, 0.28402686165678015, -0.5961758676957207, 1.1646059266636641, -2.7382631433764804, -0.45832583858082965, 0.0, 0.0, 0.40360699136159206, 0.0, -0.7604014923717437]
Vector{Float64}
SOLN 2: [0.6779952966564377, 0.8800076724952515, 0.7929956940996916, 0.7849972064067735, 0.10899697593861041, 0.388, 0.684, -0.16714399999955898, 0.33965687874332673, -0.7031050935978556, 1.4083352176921835, -3.0958753292798065, 0.2571955222123935, -0.5372900056546519, 1.0586649415586808, -2.4329681916216876, -0.35311369732474385, 0.0, 0.0, 0.310955972779338, 0.0, -0.5858456142338693]
Vector{Float64}
SOLN 3: [0.004123324038136019, 2.053038088731214, -12.0930981168139, 6.395830697480251e-5, -0.08063374526818995, 0.388, 0.684, -0.16714399999955898, 0.33965687874332673, -0.7031050935978556, 1.4083352176921835, -3.0958753292798065, 0.16510540731364606, -0.34178838769565784, 0.6845640591243931, -1.5051198142814204, 0.00043874295922109556, 0.0, 0.0, 0.002820697825314282, 0.0, 0.017140519100713847]
Vector{Float64}
SOLN 4: [2.0530380887346027, 0.004123324082558282, -12.093098116671836, 0.031845384769878554, 152.6522709945248, 0.388, 0.684, -0.16714399999955898, 0.33965687874332673, -0.7031050935978556, 1.4083352176921835, -3.0958753292798065, -0.8478886273546453, -1.400953304981038, -8.528633578630478, -49.59820857603766, 0.2184538489266367, 0.0, 0.0, 1.4044494245396495, 0.0, 8.534410163068863]
DEBUG: Processing solution 1
DEBUG: Constructed initial conditions: [1.0188913815377876, 0.25707992043296324, 0.388, 0.684]
DEBUG: Constructed parameter values: [0.8800076724854012, 0.6779952966984563, 0.7929956940559307]
DEBUG: Parameter/IC mapping:
Dict("nu" => 0.6779952966984563, "NN(t)" => 0.684, "b" => 0.7929956940559307, "In(t)" => 0.388, "S(t)" => 1.0188913815377876, "E(t)" => 0.25707992043296324, "a" => 0.8800076724854012)
DEBUG: Processing solution 2
DEBUG: Constructed initial conditions: [0.7849972064067735, 0.10899697593861041, 0.388, 0.684]
DEBUG: Constructed parameter values: [0.6779952966564377, 0.8800076724952515, 0.7929956940996916]
DEBUG: Parameter/IC mapping:
Dict("nu" => 0.8800076724952515, "NN(t)" => 0.684, "b" => 0.7929956940996916, "In(t)" => 0.388, "S(t)" => 0.7849972064067735, "E(t)" => 0.10899697593861041, "a" => 0.6779952966564377)
DEBUG: Processing solution 3
DEBUG: Constructed initial conditions: [6.395830697480251e-5, -0.08063374526818995, 0.388, 0.684]
DEBUG: Constructed parameter values: [0.004123324038136019, 2.053038088731214, -12.0930981168139]
DEBUG: Parameter/IC mapping:
Dict("nu" => 2.053038088731214, "NN(t)" => 0.684, "b" => -12.0930981168139, "In(t)" => 0.388, "S(t)" => 6.395830697480251e-5, "E(t)" => -0.08063374526818995, "a" => 0.004123324038136019)
DEBUG: Processing solution 4
DEBUG: Constructed initial conditions: [0.031845384769878554, 152.6522709945248, 0.388, 0.684]
DEBUG: Constructed parameter values: [2.0530380887346027, 0.004123324082558282, -12.093098116671836]
DEBUG: Parameter/IC mapping:
Dict("nu" => 0.004123324082558282, "NN(t)" => 0.684, "b" => -12.093098116671836, "In(t)" => 0.388, "S(t)" => 0.031845384769878554, "E(t)" => 152.6522709945248, "a" => 2.0530380887346027)
DEBUG [determine_optimal_points_count]: Large num points: 1
DEBUG [determine_optimal_points_count]: Good num points: 1
DEBUG [multipoint_parameter_estimation]: Parameter estimation using this many points: 1
DEBUG [multipoint_parameter_estimation]: Ideal final target: 
-0.684 + _t111_NN_t_
-0.3583255271443199 + _t111_In_t_
0.10720733979655406 + _t111_Inˍt_t_
-0.21423321588469832 + _t111_Inˍtt_t_
0.4563229750297517 + _t111_Inˍttt_t_
-0.8815344470624928 + _t111_Inˍtttt_t_
1.821527463341976 + _t111_Inˍttttt_t_
_t111_Inˍt_t_ - _t111_E_t_*_tpnu_ + _t111_In_t_*_tpa_
_t111_Inˍtt_t_ - _t111_Eˍt_t_*_tpnu_ + _t111_Inˍt_t_*_tpa_
_t111_Inˍttt_t_ - _t111_Eˍtt_t_*_tpnu_ + _t111_Inˍtt_t_*_tpa_
_t111_Inˍtttt_t_ - _t111_Eˍttt_t_*_tpnu_ + _t111_Inˍttt_t_*_tpa_
_t111_Inˍttttt_t_ - _t111_Eˍtttt_t_*_tpnu_ + _t111_Inˍtttt_t_*_tpa_
_t111_Eˍt_t_*_t111_NN_t_ + _t111_E_t_*_t111_NN_t_*_tpnu_ - _t111_In_t_*_t111_S_t_*_tpb_
_t111_Eˍt_t_*_t111_NNˍt_t_ + _t111_Eˍtt_t_*_t111_NN_t_ + _t111_E_t_*_t111_NNˍt_t_*_tpnu_ + _t111_Eˍt_t_*_t111_NN_t_*_tpnu_ - _t111_In_t_*_t111_Sˍt_t_*_tpb_ - _t111_Inˍt_t_*_t111_S_t_*_tpb_
_t111_Eˍt_t_*_t111_NNˍtt_t_ + 2_t111_Eˍtt_t_*_t111_NNˍt_t_ + _t111_Eˍttt_t_*_t111_NN_t_ + _t111_E_t_*_t111_NNˍtt_t_*_tpnu_ + 2_t111_Eˍt_t_*_t111_NNˍt_t_*_tpnu_ + _t111_Eˍtt_t_*_t111_NN_t_*_tpnu_ - _t111_In_t_*_t111_Sˍtt_t_*_tpb_ - 2_t111_Inˍt_t_*_t111_Sˍt_t_*_tpb_ - _t111_Inˍtt_t_*_t111_S_t_*_tpb_
_t111_Eˍt_t_*_t111_NNˍttt_t_ + 3_t111_Eˍtt_t_*_t111_NNˍtt_t_ + 3_t111_Eˍttt_t_*_t111_NNˍt_t_ + _t111_Eˍtttt_t_*_t111_NN_t_ + _t111_E_t_*_t111_NNˍttt_t_*_tpnu_ + 3_t111_Eˍt_t_*_t111_NNˍtt_t_*_tpnu_ + 3_t111_Eˍtt_t_*_t111_NNˍt_t_*_tpnu_ + _t111_Eˍttt_t_*_t111_NN_t_*_tpnu_ - _t111_In_t_*_t111_Sˍttt_t_*_tpb_ - 3_t111_Inˍt_t_*_t111_Sˍtt_t_*_tpb_ - 3_t111_Inˍtt_t_*_t111_Sˍt_t_*_tpb_ - _t111_Inˍttt_t_*_t111_S_t_*_tpb_
_t111_NN_t_*_t111_Sˍt_t_ + _t111_In_t_*_t111_S_t_*_tpb_
_t111_NNˍt_t_
_t111_NNˍtt_t_
_t111_NN_t_*_t111_Sˍtt_t_ + _t111_NNˍt_t_*_t111_Sˍt_t_ + _t111_In_t_*_t111_Sˍt_t_*_tpb_ + _t111_Inˍt_t_*_t111_S_t_*_tpb_
_t111_NNˍttt_t_
_t111_NN_t_*_t111_Sˍttt_t_ + 2_t111_NNˍt_t_*_t111_Sˍtt_t_ + _t111_NNˍtt_t_*_t111_Sˍt_t_ + _t111_In_t_*_t111_Sˍtt_t_*_tpb_ + 2_t111_Inˍt_t_*_t111_Sˍt_t_*_tpb_ + _t111_Inˍtt_t_*_t111_S_t_*_tpb_
DEBUG [but we are actually solving this: 
-0.684 + _t111_NN_t_
-0.35832552714431976 + _t111_In_t_
0.10720733979656805 + _t111_Inˍt_t_
-0.21423321588460453 + _t111_Inˍtt_t_
0.4563229750156097 + _t111_Inˍttt_t_
-0.8815344467293471 + _t111_Inˍtttt_t_
1.8215274587273598 + _t111_Inˍttttt_t_
_t111_Inˍt_t_ - _t111_E_t_*_tpnu_ + _t111_In_t_*_tpa_
_t111_Inˍtt_t_ - _t111_Eˍt_t_*_tpnu_ + _t111_Inˍt_t_*_tpa_
_t111_Inˍttt_t_ - _t111_Eˍtt_t_*_tpnu_ + _t111_Inˍtt_t_*_tpa_
_t111_Inˍtttt_t_ - _t111_Eˍttt_t_*_tpnu_ + _t111_Inˍttt_t_*_tpa_
_t111_Inˍttttt_t_ - _t111_Eˍtttt_t_*_tpnu_ + _t111_Inˍtttt_t_*_tpa_
_t111_Eˍt_t_*_t111_NN_t_ + _t111_E_t_*_t111_NN_t_*_tpnu_ - _t111_In_t_*_t111_S_t_*_tpb_
_t111_Eˍt_t_*_t111_NNˍt_t_ + _t111_Eˍtt_t_*_t111_NN_t_ + _t111_E_t_*_t111_NNˍt_t_*_tpnu_ + _t111_Eˍt_t_*_t111_NN_t_*_tpnu_ - _t111_In_t_*_t111_Sˍt_t_*_tpb_ - _t111_Inˍt_t_*_t111_S_t_*_tpb_
_t111_Eˍt_t_*_t111_NNˍtt_t_ + 2_t111_Eˍtt_t_*_t111_NNˍt_t_ + _t111_Eˍttt_t_*_t111_NN_t_ + _t111_E_t_*_t111_NNˍtt_t_*_tpnu_ + 2_t111_Eˍt_t_*_t111_NNˍt_t_*_tpnu_ + _t111_Eˍtt_t_*_t111_NN_t_*_tpnu_ - _t111_In_t_*_t111_Sˍtt_t_*_tpb_ - 2_t111_Inˍt_t_*_t111_Sˍt_t_*_tpb_ - _t111_Inˍtt_t_*_t111_S_t_*_tpb_
_t111_Eˍt_t_*_t111_NNˍttt_t_ + 3_t111_Eˍtt_t_*_t111_NNˍtt_t_ + 3_t111_Eˍttt_t_*_t111_NNˍt_t_ + _t111_Eˍtttt_t_*_t111_NN_t_ + _t111_E_t_*_t111_NNˍttt_t_*_tpnu_ + 3_t111_Eˍt_t_*_t111_NNˍtt_t_*_tpnu_ + 3_t111_Eˍtt_t_*_t111_NNˍt_t_*_tpnu_ + _t111_Eˍttt_t_*_t111_NN_t_*_tpnu_ - _t111_In_t_*_t111_Sˍttt_t_*_tpb_ - 3_t111_Inˍt_t_*_t111_Sˍtt_t_*_tpb_ - 3_t111_Inˍtt_t_*_t111_Sˍt_t_*_tpb_ - _t111_Inˍttt_t_*_t111_S_t_*_tpb_
_t111_NN_t_*_t111_Sˍt_t_ + _t111_In_t_*_t111_S_t_*_tpb_
_t111_NNˍt_t_
_t111_NNˍtt_t_
_t111_NN_t_*_t111_Sˍtt_t_ + _t111_NNˍt_t_*_t111_Sˍt_t_ + _t111_In_t_*_t111_Sˍt_t_*_tpb_ + _t111_Inˍt_t_*_t111_S_t_*_tpb_
_t111_NNˍttt_t_
_t111_NN_t_*_t111_Sˍttt_t_ + 2_t111_NNˍt_t_*_t111_Sˍtt_t_ + _t111_NNˍtt_t_*_t111_Sˍt_t_ + _t111_In_t_*_t111_Sˍtt_t_*_tpb_ + 2_t111_Inˍt_t_*_t111_Sˍt_t_*_tpb_ + _t111_Inˍtt_t_*_t111_S_t_*_tpb_
As a reminder the true parameter values are: 
OrderedDict{Num, Float64}(a => 0.678, b => 0.793, nu => 0.88)
And the true states are: 
OrderedDict{Num, Float64}(S(t) => 0.785, E(t) => 0.109, In(t) => 0.388, NN(t) => 0.684)
The forward substitution dictionary is: 
Any[OrderedDict{Num, Any}(Sˍt(t) => _t111_Sˍt_t_, Eˍt(t) => _t111_Eˍt_t_, Inˍt(t) => _t111_Inˍt_t_, NNˍt(t) => _t111_NNˍt_t_, Sˍtt(t) => _t111_Sˍtt_t_, Eˍtt(t) => _t111_Eˍtt_t_, Inˍtt(t) => _t111_Inˍtt_t_, NNˍtt(t) => _t111_NNˍtt_t_, Sˍttt(t) => _t111_Sˍttt_t_, Eˍttt(t) => _t111_Eˍttt_t_, Inˍttt(t) => _t111_Inˍttt_t_, NNˍttt(t) => _t111_NNˍttt_t_, Sˍtttt(t) => _t111_Sˍtttt_t_, Eˍtttt(t) => _t111_Eˍtttt_t_, Inˍtttt(t) => _t111_Inˍtttt_t_, NNˍtttt(t) => _t111_NNˍtttt_t_, Sˍttttt(t) => _t111_Sˍttttt_t_, Eˍttttt(t) => _t111_Eˍttttt_t_, Inˍttttt(t) => _t111_Inˍttttt_t_, NNˍttttt(t) => _t111_NNˍttttt_t_, Sˍtttttt(t) => _t111_Sˍtttttt_t_, Eˍtttttt(t) => _t111_Eˍtttttt_t_, Inˍtttttt(t) => _t111_Inˍtttttt_t_, NNˍtttttt(t) => _t111_NNˍtttttt_t_, S(t) => _t111_S_t_, E(t) => _t111_E_t_, In(t) => _t111_In_t_, NN(t) => _t111_NN_t_, y1(t) => _t111_y1_t_, y2(t) => _t111_y2_t_, y1ˍt(t) => _t111_y1ˍt_t_, y2ˍt(t) => _t111_y2ˍt_t_, y1ˍtt(t) => _t111_y1ˍtt_t_, y2ˍtt(t) => _t111_y2ˍtt_t_, y1ˍttt(t) => _t111_y1ˍttt_t_, y2ˍttt(t) => _t111_y2ˍttt_t_, y1ˍtttt(t) => _t111_y1ˍtttt_t_, y2ˍtttt(t) => _t111_y2ˍtttt_t_, y1ˍttttt(t) => _t111_y1ˍttttt_t_, y2ˍttttt(t) => _t111_y2ˍttttt_t_, y1ˍtttttt(t) => _t111_y1ˍtttttt_t_, y2ˍtttttt(t) => _t111_y2ˍtttttt_t_, a => _tpa_, nu => _tpnu_, b => _tpb_)]
The reverse substitution dictionary is: 
Any[OrderedDict{Any, Any}(_t111_Sˍt_t_ => Sˍt(t), _t111_Eˍt_t_ => Eˍt(t), _t111_Inˍt_t_ => Inˍt(t), _t111_NNˍt_t_ => NNˍt(t), _t111_Sˍtt_t_ => Sˍtt(t), _t111_Eˍtt_t_ => Eˍtt(t), _t111_Inˍtt_t_ => Inˍtt(t), _t111_NNˍtt_t_ => NNˍtt(t), _t111_Sˍttt_t_ => Sˍttt(t), _t111_Eˍttt_t_ => Eˍttt(t), _t111_Inˍttt_t_ => Inˍttt(t), _t111_NNˍttt_t_ => NNˍttt(t), _t111_Sˍtttt_t_ => Sˍtttt(t), _t111_Eˍtttt_t_ => Eˍtttt(t), _t111_Inˍtttt_t_ => Inˍtttt(t), _t111_NNˍtttt_t_ => NNˍtttt(t), _t111_Sˍttttt_t_ => Sˍttttt(t), _t111_Eˍttttt_t_ => Eˍttttt(t), _t111_Inˍttttt_t_ => Inˍttttt(t), _t111_NNˍttttt_t_ => NNˍttttt(t), _t111_Sˍtttttt_t_ => Sˍtttttt(t), _t111_Eˍtttttt_t_ => Eˍtttttt(t), _t111_Inˍtttttt_t_ => Inˍtttttt(t), _t111_NNˍtttttt_t_ => NNˍtttttt(t), _t111_S_t_ => S(t), _t111_E_t_ => E(t), _t111_In_t_ => In(t), _t111_NN_t_ => NN(t), _t111_y1_t_ => y1(t), _t111_y2_t_ => y2(t), _t111_y1ˍt_t_ => y1ˍt(t), _t111_y2ˍt_t_ => y2ˍt(t), _t111_y1ˍtt_t_ => y1ˍtt(t), _t111_y2ˍtt_t_ => y2ˍtt(t), _t111_y1ˍttt_t_ => y1ˍttt(t), _t111_y2ˍttt_t_ => y2ˍttt(t), _t111_y1ˍtttt_t_ => y1ˍtttt(t), _t111_y2ˍtttt_t_ => y2ˍtttt(t), _t111_y1ˍttttt_t_ => y1ˍttttt(t), _t111_y2ˍttttt_t_ => y2ˍttttt(t), _t111_y1ˍtttttt_t_ => y1ˍtttttt(t), _t111_y2ˍtttttt_t_ => y2ˍtttttt(t), _tpa_ => a, _tpnu_ => nu, _tpb_ => b)]
DEBUG [multipoint_parameter_estimation]: Evaluated ideal polynomial system with exact state and parameter values:
0.0
0.0
0.0
0.0
0.0
0.0
-4.440892098500626e-16
0.0
0.0
-2.7755575615628914e-17
0.0
-1.1102230246251565e-16
0.0
-1.3877787807814457e-17
-4.85722573273506e-17
-2.7755575615628914e-17
0.0
0
0
0.0
0
0.0
DEBUG [multipoint_parameter_estimation]: Evaluated interpolated polynomial system with exact state and parameter values:
0.0
1.6653345369377348e-16
1.3988810110276972e-14
9.37860900052101e-14
-1.4142020887675244e-11
3.3314573322229535e-10
-4.614616688769502e-9
0.0
0.0
-2.7755575615628914e-17
0.0
-1.1102230246251565e-16
0.0
-1.3877787807814457e-17
-4.85722573273506e-17
-2.7755575615628914e-17
0.0
0
0
0.0
0
0.0
and by the way the exact state values are: (at the time index 111)
OrderedDict{Any, Any}(S(t) => 0.7139298680134383, E(t) => 0.15424700864465327, In(t) => 0.3583255271443199, NN(t) => 0.684)
and by the way the exact parameter values are:
OrderedDict{Num, Float64}(a => 0.678, b => 0.793, nu => 0.88)
aa_system
Any[_t111_NN_t_ - 6160924290242839//9007199254740992, _t111_In_t_ - 1613754710524495//4503599627370496, _t111_Inˍt_t_ + 241409467779603//2251799813685248, _t111_Inˍtt_t_ - 7537661181471//35184372088832, _t111_Inˍttt_t_ + 501732417051//1099511627776, _t111_Inˍtttt_t_ - 3786161619//4294967296, _t111_Inˍttttt_t_ + 244481277//134217728, _tpa_*_t111_In_t_ - _tpnu_*_t111_E_t_ + _t111_Inˍt_t_, _tpa_*_t111_Inˍt_t_ - _tpnu_*_t111_Eˍt_t_ + _t111_Inˍtt_t_, _tpa_*_t111_Inˍtt_t_ - _tpnu_*_t111_Eˍtt_t_ + _t111_Inˍttt_t_, _tpa_*_t111_Inˍttt_t_ - _tpnu_*_t111_Eˍttt_t_ + _t111_Inˍtttt_t_, _tpa_*_t111_Inˍtttt_t_ - _tpnu_*_t111_Eˍtttt_t_ + _t111_Inˍttttt_t_, _tpnu_*_t111_E_t_*_t111_NN_t_ - _tpb_*_t111_S_t_*_t111_In_t_ + _t111_NN_t_*_t111_Eˍt_t_, _tpnu_*_t111_E_t_*_t111_NNˍt_t_ + _tpnu_*_t111_NN_t_*_t111_Eˍt_t_ - _tpb_*_t111_S_t_*_t111_Inˍt_t_ - _tpb_*_t111_In_t_*_t111_Sˍt_t_ + _t111_NN_t_*_t111_Eˍtt_t_ + _t111_Eˍt_t_*_t111_NNˍt_t_, _tpnu_*_t111_E_t_*_t111_NNˍtt_t_ + _tpnu_*_t111_NN_t_*_t111_Eˍtt_t_ + 2*_tpnu_*_t111_Eˍt_t_*_t111_NNˍt_t_ - _tpb_*_t111_S_t_*_t111_Inˍtt_t_ - _tpb_*_t111_In_t_*_t111_Sˍtt_t_ - 2*_tpb_*_t111_Inˍt_t_*_t111_Sˍt_t_ + _t111_NN_t_*_t111_Eˍttt_t_ + _t111_Eˍt_t_*_t111_NNˍtt_t_ + 2*_t111_Eˍtt_t_*_t111_NNˍt_t_, _tpnu_*_t111_E_t_*_t111_NNˍttt_t_ + _tpnu_*_t111_NN_t_*_t111_Eˍttt_t_ + 3*_tpnu_*_t111_Eˍt_t_*_t111_NNˍtt_t_ + 3*_tpnu_*_t111_Eˍtt_t_*_t111_NNˍt_t_ - _tpb_*_t111_S_t_*_t111_Inˍttt_t_ - _tpb_*_t111_In_t_*_t111_Sˍttt_t_ - 3*_tpb_*_t111_Inˍt_t_*_t111_Sˍtt_t_ - 3*_tpb_*_t111_Inˍtt_t_*_t111_Sˍt_t_ + _t111_NN_t_*_t111_Eˍtttt_t_ + _t111_Eˍt_t_*_t111_NNˍttt_t_ + 3*_t111_Eˍtt_t_*_t111_NNˍtt_t_ + 3*_t111_Eˍttt_t_*_t111_NNˍt_t_, _tpb_*_t111_S_t_*_t111_In_t_ + _t111_NN_t_*_t111_Sˍt_t_, _t111_NNˍt_t_, _t111_NNˍtt_t_, _tpb_*_t111_S_t_*_t111_Inˍt_t_ + _tpb_*_t111_In_t_*_t111_Sˍt_t_ + _t111_NN_t_*_t111_Sˍtt_t_ + _t111_Sˍt_t_*_t111_NNˍt_t_, _t111_NNˍttt_t_, _tpb_*_t111_S_t_*_t111_Inˍtt_t_ + _tpb_*_t111_In_t_*_t111_Sˍtt_t_ + 2*_tpb_*_t111_Inˍt_t_*_t111_Sˍt_t_ + _t111_NN_t_*_t111_Sˍttt_t_ + _t111_Sˍt_t_*_t111_NNˍtt_t_ + 2*_t111_NNˍt_t_*_t111_Sˍtt_t_]
R
Multivariate polynomial ring in 22 variables over rationals
primes of bitsize 28
G-Q-Pt-FG-LT-LP(C)
Dimension of the quotient :4
Degree of the radical :4
Use last variable as separating element
Separating form: [0, 0, 0, 0, 0, 0, 0, 0, 0, 0, 0, 0, 0, 0, 0, 0, 0, 0, 0, 0, 0, 1]
Run Groebner learn
Test cyclic optimization
Apply cyclic optimization 
Multi-modular computation (1 threads): G-Q-Pt-FG-LT-LP(C)
5-9-13-17-21-25-29-33-37-41-45-49-53-61-69-77-85-93-105-
check-G-Q-Pt-FG-LT-LP(C)
Nb Primes used :105
4-element Vector{Vector{MPFI.BigInterval}}:
 [[2.00884442384590908455, 2.00884442524233260152], [-0.0306473051529682518615, -0.0306473050366102112721], [-3.05756888375441838448, -3.0575688832629174691], [-0.405473938255527876557, -0.405473938228239847841], [-19.9891278096601998776, -19.9891278088711350719], [0.358325527139591857429, 0.35832552714904765333], [0.683999999995487560324, 0.684000000004512544481], [-0.107207339796921681053, -0.107207339796214411653], [0.214233215884251197714, 0.214233215884957868547], [-0.456322975015986007124, -0.45632297501523339241], [0.881534446728983630501, 0.881534446729710589088], [-1.82152745872773530304, -1.82152745872698424042], [0.0368597147198740253594, 0.036859714719887692092], [0.847114411096692887434, 0.847114411096749604516], [1.1468354985127252048, 1.14683549851277757724], [1.65306216723894766564, 1.65306216723897099436], [-0.649472612248570710787, -0.649472612248563602866], [0.0, 0.0], [0.0, 0.0], [-0.845984760175886565508, -0.845984760175882782618], [0.0, 0.0], [-1.12087372474892868604, -1.12087372474892485327]]
 [[0.879999941626956962761, 0.879999942088547930575], [0.678000068642769776592, 0.678000068895556609941], [0.792999966210806851204, 0.792999966323256314248], [0.926634605114138964045, 0.926634605181784118741], [0.306960298119546217788, 0.306960298156415197445], [0.358325527140859928282, 0.358325527147779582476], [0.683999999996697857107, 0.684000000003302247698], [-0.107207339796826832591, -0.107207339796309260115], [0.214233215884345965908, 0.214233215884863100352], [-0.456322975015885077619, -0.456322975015334321916], [0.881534446729081119386, 0.881534446729613100204], [-1.82152745872763458169, -1.82152745872708496177], [0.176830016131886723887, 0.176830016131913037697], [-0.394981903144356024567, -0.394981903144324357217], [0.707920658656393437033, 0.707920658656418548104], [-1.54244408671676325499, -1.5424440867167333534], [-0.384949119375574063144, -0.384949119375570905608], [0.0, 0.0], [0.0, 0.0], [0.275091140043577710413, 0.275091140043579057155], [0.0, 0.0], [-0.440122901155529785711, -0.440122901155528692673]]
 [[0.678000068580371880361, 0.678000068993507606891], [0.879999941758983002303, 0.879999941927265993469], [0.792999966196312370962, 0.792999966314307505377], [0.713929963115595504091, 0.713929963163912624497], [0.154247046844651845204, 0.154247046866167094924], [0.358325527141592040881, 0.358325527147047469877], [0.683999999997396614213, 0.684000000002603490592], [-0.107207339796772072436, -0.10720733979636402027], [0.214233215884400679717, 0.214233215884808386544], [-0.456322975015826806617, -0.456322975015392592917], [0.88153444672913740398, 0.88153444672955681561], [-1.82152745872757643083, -1.82152745872714311263], [0.160848456234206194721, 0.16084845623422584949], [-0.353491886903720011737, -0.353491886903700373691], [0.650167586484084466939, 0.650167586484105381904], [-1.39073536831670283758, -1.39073536831668263564], [-0.29658584848908568306, -0.296585848489082992734], [0.0, 0.0], [0.0, 0.0], [0.211945254775484310225, 0.211945254775485079222], [0.0, 0.0], [-0.339094746574378917787, -0.339094746574378343078]]
 [[-0.0306473050466545356014, -0.030647305041403661902], [2.00884442439300822745, 2.00884442441088991978], [-3.05756888345530636862, -3.05756888344334641844], [0.00618598599325184107492, 0.00618598599368199401272], [-0.0588343477953951298282, -0.0588343477944004950151], [0.358325527144200124932, 0.358325527144439385827], [0.683999999999885872388, 0.684000000000114232417], [-0.107207339796576994405, -0.1072073397965590983], [0.21423321588459559265, 0.21423321588461347361], [-0.456322975015619221515, -0.456322975015600178019], [0.881534446729337912643, 0.881534446729356306946], [-1.82152745872736927384, -1.82152745872735026962], [0.108280576279511339557, 0.108280576279511956536], [-0.230425333146847408459, -0.230425333146846834252], [0.445788387226203235362, 0.445788387226203914628], [-0.920202725192064055005, -0.920202725192063443271], [0.00990847525240544072363, 0.0099084752524054726915], [0.0, 0.0], [0.0, 0.0], [0.0129065012165698404035, 0.012906501216569845127], [0.0, 0.0], [0.0171002585071219376202, 0.0171002585071219424838]]
Vector{Any}
SOLNS: Any[[2.008844424544121, -0.03064730509478923, -3.057568883508668, -0.4054739382418839, -19.989127809265668, 0.35832552714431976, 0.684, -0.10720733979656805, 0.21423321588460453, -0.4563229750156097, 0.8815344467293471, -1.8215274587273598, 0.03685971471988086, 0.8471144110967213, 1.1468354985127514, 1.6530621672389594, -0.6494726122485671, 0.0, 0.0, -0.8459847601758846, 0.0, -1.1208737247489267], [0.8799999418577524, 0.6780000687691632, 0.7929999662670316, 0.9266346051479616, 0.3069602981379807, 0.35832552714431976, 0.684, -0.10720733979656805, 0.21423321588460453, -0.4563229750156097, 0.8815344467293471, -1.8215274587273598, 0.1768300161318999, -0.3949819031443402, 0.707920658656406, -1.5424440867167484, -0.38494911937557247, 0.0, 0.0, 0.2750911400435784, 0.0, -0.4401229011555292], [0.6780000687869397, 0.8799999418431245, 0.7929999662553099, 0.7139299631397541, 0.15424704685540946, 0.35832552714431976, 0.684, -0.10720733979656805, 0.21423321588460453, -0.4563229750156097, 0.8815344467293471, -1.8215274587273598, 0.160848456234216, -0.3534918869037102, 0.6501675864840949, -1.3907353683166928, -0.2965858484890843, 0.0, 0.0, 0.2119452547754847, 0.0, -0.33909474657437866], [-0.0306473050440291, 2.008844424401949, -3.0575688834493264, 0.006185985993466918, -0.05883434779489781, 0.35832552714431976, 0.684, -0.10720733979656805, 0.21423321588460453, -0.4563229750156097, 0.8815344467293471, -1.8215274587273598, 0.10828057627951165, -0.23042533314684713, 0.44578838722620356, -0.9202027251920637, 0.009908475252405458, 0.0, 0.0, 0.012906501216569843, 0.0, 0.017100258507121942]]
Vector{Float64}
SOLN 1: [2.008844424544121, -0.03064730509478923, -3.057568883508668, -0.4054739382418839, -19.989127809265668, 0.35832552714431976, 0.684, -0.10720733979656805, 0.21423321588460453, -0.4563229750156097, 0.8815344467293471, -1.8215274587273598, 0.03685971471988086, 0.8471144110967213, 1.1468354985127514, 1.6530621672389594, -0.6494726122485671, 0.0, 0.0, -0.8459847601758846, 0.0, -1.1208737247489267]
Vector{Float64}
SOLN 2: [0.8799999418577524, 0.6780000687691632, 0.7929999662670316, 0.9266346051479616, 0.3069602981379807, 0.35832552714431976, 0.684, -0.10720733979656805, 0.21423321588460453, -0.4563229750156097, 0.8815344467293471, -1.8215274587273598, 0.1768300161318999, -0.3949819031443402, 0.707920658656406, -1.5424440867167484, -0.38494911937557247, 0.0, 0.0, 0.2750911400435784, 0.0, -0.4401229011555292]
Vector{Float64}
SOLN 3: [0.6780000687869397, 0.8799999418431245, 0.7929999662553099, 0.7139299631397541, 0.15424704685540946, 0.35832552714431976, 0.684, -0.10720733979656805, 0.21423321588460453, -0.4563229750156097, 0.8815344467293471, -1.8215274587273598, 0.160848456234216, -0.3534918869037102, 0.6501675864840949, -1.3907353683166928, -0.2965858484890843, 0.0, 0.0, 0.2119452547754847, 0.0, -0.33909474657437866]
Vector{Float64}
SOLN 4: [-0.0306473050440291, 2.008844424401949, -3.0575688834493264, 0.006185985993466918, -0.05883434779489781, 0.35832552714431976, 0.684, -0.10720733979656805, 0.21423321588460453, -0.4563229750156097, 0.8815344467293471, -1.8215274587273598, 0.10828057627951165, -0.23042533314684713, 0.44578838722620356, -0.9202027251920637, 0.009908475252405458, 0.0, 0.0, 0.012906501216569843, 0.0, 0.017100258507121942]
DEBUG: Processing solution 1
DEBUG: Constructed initial conditions: [-0.4054739382418839, -19.989127809265668, 0.35832552714431976, 0.684]
DEBUG: Constructed parameter values: [2.008844424544121, -0.03064730509478923, -3.057568883508668]
DEBUG: Parameter/IC mapping:
Dict("nu" => -0.03064730509478923, "NN(t)" => 0.684, "b" => -3.057568883508668, "In(t)" => 0.35832552714431976, "S(t)" => -0.4054739382418839, "E(t)" => -19.989127809265668, "a" => 2.008844424544121)
DEBUG: Processing solution 2
DEBUG: Constructed initial conditions: [0.9266346051479616, 0.3069602981379807, 0.35832552714431976, 0.684]
DEBUG: Constructed parameter values: [0.8799999418577524, 0.6780000687691632, 0.7929999662670316]
DEBUG: Parameter/IC mapping:
Dict("nu" => 0.6780000687691632, "NN(t)" => 0.684, "b" => 0.7929999662670316, "In(t)" => 0.35832552714431976, "S(t)" => 0.9266346051479616, "E(t)" => 0.3069602981379807, "a" => 0.8799999418577524)
DEBUG: Processing solution 3
DEBUG: Constructed initial conditions: [0.7139299631397541, 0.15424704685540946, 0.35832552714431976, 0.684]
DEBUG: Constructed parameter values: [0.6780000687869397, 0.8799999418431245, 0.7929999662553099]
DEBUG: Parameter/IC mapping:
Dict("nu" => 0.8799999418431245, "NN(t)" => 0.684, "b" => 0.7929999662553099, "In(t)" => 0.35832552714431976, "S(t)" => 0.7139299631397541, "E(t)" => 0.15424704685540946, "a" => 0.6780000687869397)
DEBUG: Processing solution 4
DEBUG: Constructed initial conditions: [0.006185985993466918, -0.05883434779489781, 0.35832552714431976, 0.684]
DEBUG: Constructed parameter values: [-0.0306473050440291, 2.008844424401949, -3.0575688834493264]
DEBUG: Parameter/IC mapping:
Dict("nu" => 2.008844424401949, "NN(t)" => 0.684, "b" => -3.0575688834493264, "In(t)" => 0.35832552714431976, "S(t)" => 0.006185985993466918, "E(t)" => -0.05883434779489781, "a" => -0.0306473050440291)
DEBUG [determine_optimal_points_count]: Large num points: 1
DEBUG [determine_optimal_points_count]: Good num points: 1
DEBUG [multipoint_parameter_estimation]: Parameter estimation using this many points: 1
DEBUG [multipoint_parameter_estimation]: Ideal final target: 
-0.684 + _t222_NN_t_
-0.33905420382836216 + _t222_In_t_
0.06945181267848391 + _t222_Inˍt_t_
-0.1317139931403994 + _t222_Inˍtt_t_
0.2987848702446165 + _t222_Inˍttt_t_
-0.5640731512702424 + _t222_Inˍtttt_t_
1.105233105920059 + _t222_Inˍttttt_t_
_t222_Inˍt_t_ - _t222_E_t_*_tpnu_ + _t222_In_t_*_tpa_
_t222_Inˍtt_t_ - _t222_Eˍt_t_*_tpnu_ + _t222_Inˍt_t_*_tpa_
_t222_Inˍttt_t_ - _t222_Eˍtt_t_*_tpnu_ + _t222_Inˍtt_t_*_tpa_
_t222_Inˍtttt_t_ - _t222_Eˍttt_t_*_tpnu_ + _t222_Inˍttt_t_*_tpa_
_t222_Inˍttttt_t_ - _t222_Eˍtttt_t_*_tpnu_ + _t222_Inˍtttt_t_*_tpa_
_t222_Eˍt_t_*_t222_NN_t_ + _t222_E_t_*_t222_NN_t_*_tpnu_ - _t222_In_t_*_t222_S_t_*_tpb_
_t222_Eˍt_t_*_t222_NNˍt_t_ + _t222_Eˍtt_t_*_t222_NN_t_ + _t222_E_t_*_t222_NNˍt_t_*_tpnu_ + _t222_Eˍt_t_*_t222_NN_t_*_tpnu_ - _t222_In_t_*_t222_Sˍt_t_*_tpb_ - _t222_Inˍt_t_*_t222_S_t_*_tpb_
_t222_Eˍt_t_*_t222_NNˍtt_t_ + 2_t222_Eˍtt_t_*_t222_NNˍt_t_ + _t222_Eˍttt_t_*_t222_NN_t_ + _t222_E_t_*_t222_NNˍtt_t_*_tpnu_ + 2_t222_Eˍt_t_*_t222_NNˍt_t_*_tpnu_ + _t222_Eˍtt_t_*_t222_NN_t_*_tpnu_ - _t222_In_t_*_t222_Sˍtt_t_*_tpb_ - 2_t222_Inˍt_t_*_t222_Sˍt_t_*_tpb_ - _t222_Inˍtt_t_*_t222_S_t_*_tpb_
_t222_Eˍt_t_*_t222_NNˍttt_t_ + 3_t222_Eˍtt_t_*_t222_NNˍtt_t_ + 3_t222_Eˍttt_t_*_t222_NNˍt_t_ + _t222_Eˍtttt_t_*_t222_NN_t_ + _t222_E_t_*_t222_NNˍttt_t_*_tpnu_ + 3_t222_Eˍt_t_*_t222_NNˍtt_t_*_tpnu_ + 3_t222_Eˍtt_t_*_t222_NNˍt_t_*_tpnu_ + _t222_Eˍttt_t_*_t222_NN_t_*_tpnu_ - _t222_In_t_*_t222_Sˍttt_t_*_tpb_ - 3_t222_Inˍt_t_*_t222_Sˍtt_t_*_tpb_ - 3_t222_Inˍtt_t_*_t222_Sˍt_t_*_tpb_ - _t222_Inˍttt_t_*_t222_S_t_*_tpb_
_t222_NN_t_*_t222_Sˍt_t_ + _t222_In_t_*_t222_S_t_*_tpb_
_t222_NNˍt_t_
_t222_NNˍtt_t_
_t222_NN_t_*_t222_Sˍtt_t_ + _t222_NNˍt_t_*_t222_Sˍt_t_ + _t222_In_t_*_t222_Sˍt_t_*_tpb_ + _t222_Inˍt_t_*_t222_S_t_*_tpb_
_t222_NNˍttt_t_
_t222_NN_t_*_t222_Sˍttt_t_ + 2_t222_NNˍt_t_*_t222_Sˍtt_t_ + _t222_NNˍtt_t_*_t222_Sˍt_t_ + _t222_In_t_*_t222_Sˍtt_t_*_tpb_ + 2_t222_Inˍt_t_*_t222_Sˍt_t_*_tpb_ + _t222_Inˍtt_t_*_t222_S_t_*_tpb_
DEBUG [but we are actually solving this: 
-0.684 + _t222_NN_t_
-0.3390542038283628 + _t222_In_t_
0.06945181267848577 + _t222_Inˍt_t_
-0.13171399314016696 + _t222_Inˍtt_t_
0.29878487024234346 + _t222_Inˍttt_t_
-0.5640731512685306 + _t222_Inˍtttt_t_
1.1052331048995256 + _t222_Inˍttttt_t_
_t222_Inˍt_t_ - _t222_E_t_*_tpnu_ + _t222_In_t_*_tpa_
_t222_Inˍtt_t_ - _t222_Eˍt_t_*_tpnu_ + _t222_Inˍt_t_*_tpa_
_t222_Inˍttt_t_ - _t222_Eˍtt_t_*_tpnu_ + _t222_Inˍtt_t_*_tpa_
_t222_Inˍtttt_t_ - _t222_Eˍttt_t_*_tpnu_ + _t222_Inˍttt_t_*_tpa_
_t222_Inˍttttt_t_ - _t222_Eˍtttt_t_*_tpnu_ + _t222_Inˍtttt_t_*_tpa_
_t222_Eˍt_t_*_t222_NN_t_ + _t222_E_t_*_t222_NN_t_*_tpnu_ - _t222_In_t_*_t222_S_t_*_tpb_
_t222_Eˍt_t_*_t222_NNˍt_t_ + _t222_Eˍtt_t_*_t222_NN_t_ + _t222_E_t_*_t222_NNˍt_t_*_tpnu_ + _t222_Eˍt_t_*_t222_NN_t_*_tpnu_ - _t222_In_t_*_t222_Sˍt_t_*_tpb_ - _t222_Inˍt_t_*_t222_S_t_*_tpb_
_t222_Eˍt_t_*_t222_NNˍtt_t_ + 2_t222_Eˍtt_t_*_t222_NNˍt_t_ + _t222_Eˍttt_t_*_t222_NN_t_ + _t222_E_t_*_t222_NNˍtt_t_*_tpnu_ + 2_t222_Eˍt_t_*_t222_NNˍt_t_*_tpnu_ + _t222_Eˍtt_t_*_t222_NN_t_*_tpnu_ - _t222_In_t_*_t222_Sˍtt_t_*_tpb_ - 2_t222_Inˍt_t_*_t222_Sˍt_t_*_tpb_ - _t222_Inˍtt_t_*_t222_S_t_*_tpb_
_t222_Eˍt_t_*_t222_NNˍttt_t_ + 3_t222_Eˍtt_t_*_t222_NNˍtt_t_ + 3_t222_Eˍttt_t_*_t222_NNˍt_t_ + _t222_Eˍtttt_t_*_t222_NN_t_ + _t222_E_t_*_t222_NNˍttt_t_*_tpnu_ + 3_t222_Eˍt_t_*_t222_NNˍtt_t_*_tpnu_ + 3_t222_Eˍtt_t_*_t222_NNˍt_t_*_tpnu_ + _t222_Eˍttt_t_*_t222_NN_t_*_tpnu_ - _t222_In_t_*_t222_Sˍttt_t_*_tpb_ - 3_t222_Inˍt_t_*_t222_Sˍtt_t_*_tpb_ - 3_t222_Inˍtt_t_*_t222_Sˍt_t_*_tpb_ - _t222_Inˍttt_t_*_t222_S_t_*_tpb_
_t222_NN_t_*_t222_Sˍt_t_ + _t222_In_t_*_t222_S_t_*_tpb_
_t222_NNˍt_t_
_t222_NNˍtt_t_
_t222_NN_t_*_t222_Sˍtt_t_ + _t222_NNˍt_t_*_t222_Sˍt_t_ + _t222_In_t_*_t222_Sˍt_t_*_tpb_ + _t222_Inˍt_t_*_t222_S_t_*_tpb_
_t222_NNˍttt_t_
_t222_NN_t_*_t222_Sˍttt_t_ + 2_t222_NNˍt_t_*_t222_Sˍtt_t_ + _t222_NNˍtt_t_*_t222_Sˍt_t_ + _t222_In_t_*_t222_Sˍtt_t_*_tpb_ + 2_t222_Inˍt_t_*_t222_Sˍt_t_*_tpb_ + _t222_Inˍtt_t_*_t222_S_t_*_tpb_
As a reminder the true parameter values are: 
OrderedDict{Num, Float64}(a => 0.678, b => 0.793, nu => 0.88)
And the true states are: 
OrderedDict{Num, Float64}(S(t) => 0.785, E(t) => 0.109, In(t) => 0.388, NN(t) => 0.684)
The forward substitution dictionary is: 
Any[OrderedDict{Num, Any}(Sˍt(t) => _t222_Sˍt_t_, Eˍt(t) => _t222_Eˍt_t_, Inˍt(t) => _t222_Inˍt_t_, NNˍt(t) => _t222_NNˍt_t_, Sˍtt(t) => _t222_Sˍtt_t_, Eˍtt(t) => _t222_Eˍtt_t_, Inˍtt(t) => _t222_Inˍtt_t_, NNˍtt(t) => _t222_NNˍtt_t_, Sˍttt(t) => _t222_Sˍttt_t_, Eˍttt(t) => _t222_Eˍttt_t_, Inˍttt(t) => _t222_Inˍttt_t_, NNˍttt(t) => _t222_NNˍttt_t_, Sˍtttt(t) => _t222_Sˍtttt_t_, Eˍtttt(t) => _t222_Eˍtttt_t_, Inˍtttt(t) => _t222_Inˍtttt_t_, NNˍtttt(t) => _t222_NNˍtttt_t_, Sˍttttt(t) => _t222_Sˍttttt_t_, Eˍttttt(t) => _t222_Eˍttttt_t_, Inˍttttt(t) => _t222_Inˍttttt_t_, NNˍttttt(t) => _t222_NNˍttttt_t_, Sˍtttttt(t) => _t222_Sˍtttttt_t_, Eˍtttttt(t) => _t222_Eˍtttttt_t_, Inˍtttttt(t) => _t222_Inˍtttttt_t_, NNˍtttttt(t) => _t222_NNˍtttttt_t_, S(t) => _t222_S_t_, E(t) => _t222_E_t_, In(t) => _t222_In_t_, NN(t) => _t222_NN_t_, y1(t) => _t222_y1_t_, y2(t) => _t222_y2_t_, y1ˍt(t) => _t222_y1ˍt_t_, y2ˍt(t) => _t222_y2ˍt_t_, y1ˍtt(t) => _t222_y1ˍtt_t_, y2ˍtt(t) => _t222_y2ˍtt_t_, y1ˍttt(t) => _t222_y1ˍttt_t_, y2ˍttt(t) => _t222_y2ˍttt_t_, y1ˍtttt(t) => _t222_y1ˍtttt_t_, y2ˍtttt(t) => _t222_y2ˍtttt_t_, y1ˍttttt(t) => _t222_y1ˍttttt_t_, y2ˍttttt(t) => _t222_y2ˍttttt_t_, y1ˍtttttt(t) => _t222_y1ˍtttttt_t_, y2ˍtttttt(t) => _t222_y2ˍtttttt_t_, a => _tpa_, nu => _tpnu_, b => _tpb_)]
The reverse substitution dictionary is: 
Any[OrderedDict{Any, Any}(_t222_Sˍt_t_ => Sˍt(t), _t222_Eˍt_t_ => Eˍt(t), _t222_Inˍt_t_ => Inˍt(t), _t222_NNˍt_t_ => NNˍt(t), _t222_Sˍtt_t_ => Sˍtt(t), _t222_Eˍtt_t_ => Eˍtt(t), _t222_Inˍtt_t_ => Inˍtt(t), _t222_NNˍtt_t_ => NNˍtt(t), _t222_Sˍttt_t_ => Sˍttt(t), _t222_Eˍttt_t_ => Eˍttt(t), _t222_Inˍttt_t_ => Inˍttt(t), _t222_NNˍttt_t_ => NNˍttt(t), _t222_Sˍtttt_t_ => Sˍtttt(t), _t222_Eˍtttt_t_ => Eˍtttt(t), _t222_Inˍtttt_t_ => Inˍtttt(t), _t222_NNˍtttt_t_ => NNˍtttt(t), _t222_Sˍttttt_t_ => Sˍttttt(t), _t222_Eˍttttt_t_ => Eˍttttt(t), _t222_Inˍttttt_t_ => Inˍttttt(t), _t222_NNˍttttt_t_ => NNˍttttt(t), _t222_Sˍtttttt_t_ => Sˍtttttt(t), _t222_Eˍtttttt_t_ => Eˍtttttt(t), _t222_Inˍtttttt_t_ => Inˍtttttt(t), _t222_NNˍtttttt_t_ => NNˍtttttt(t), _t222_S_t_ => S(t), _t222_E_t_ => E(t), _t222_In_t_ => In(t), _t222_NN_t_ => NN(t), _t222_y1_t_ => y1(t), _t222_y2_t_ => y2(t), _t222_y1ˍt_t_ => y1ˍt(t), _t222_y2ˍt_t_ => y2ˍt(t), _t222_y1ˍtt_t_ => y1ˍtt(t), _t222_y2ˍtt_t_ => y2ˍtt(t), _t222_y1ˍttt_t_ => y1ˍttt(t), _t222_y2ˍttt_t_ => y2ˍttt(t), _t222_y1ˍtttt_t_ => y1ˍtttt(t), _t222_y2ˍtttt_t_ => y2ˍtttt(t), _t222_y1ˍttttt_t_ => y1ˍttttt(t), _t222_y2ˍttttt_t_ => y2ˍttttt(t), _t222_y1ˍtttttt_t_ => y1ˍtttttt(t), _t222_y2ˍtttttt_t_ => y2ˍtttttt(t), _tpa_ => a, _tpnu_ => nu, _tpb_ => b)]
DEBUG [multipoint_parameter_estimation]: Evaluated ideal polynomial system with exact state and parameter values:
0.0
0.0
0.0
0.0
0.0
0.0
0.0
0.0
0.0
0.0
0.0
0.0
1.3877787807814457e-17
-2.7755575615628914e-17
-3.469446951953614e-17
8.326672684688674e-17
-2.7755575615628914e-17
0
0
0.0
0
0.0
DEBUG [multipoint_parameter_estimation]: Evaluated interpolated polynomial system with exact state and parameter values:
0.0
-6.661338147750939e-16
1.8596235662471372e-15
2.324251902052765e-13
-2.2730151094663142e-12
1.7117418593670664e-12
-1.0205334355362083e-9
0.0
0.0
0.0
0.0
0.0
1.3877787807814457e-17
-2.7755575615628914e-17
-3.469446951953614e-17
8.326672684688674e-17
-2.7755575615628914e-17
0
0
0.0
0
0.0
and by the way the exact state values are: (at the time index 222)
OrderedDict{Any, Any}(S(t) => 0.6527662316749322, E(t) => 0.18230333808766552, In(t) => 0.33905420382836216, NN(t) => 0.684)
and by the way the exact parameter values are:
OrderedDict{Num, Float64}(a => 0.678, b => 0.793, nu => 0.88)
aa_system
Any[_t222_NN_t_ - 6160924290242839//9007199254740992, _t222_In_t_ - 1526964386019815//4503599627370496, _t222_Inˍt_t_ + 156391578849517//2251799813685248, _t222_Inˍtt_t_ - 9268548287899//70368744177664, _t222_Inˍttt_t_ + 328517439035//1099511627776, _t222_Inˍtttt_t_ - 9690702949//17179869184, _t222_Inˍttttt_t_ + 593367505//536870912, _tpa_*_t222_In_t_ - _tpnu_*_t222_E_t_ + _t222_Inˍt_t_, _tpa_*_t222_Inˍt_t_ - _tpnu_*_t222_Eˍt_t_ + _t222_Inˍtt_t_, _tpa_*_t222_Inˍtt_t_ - _tpnu_*_t222_Eˍtt_t_ + _t222_Inˍttt_t_, _tpa_*_t222_Inˍttt_t_ - _tpnu_*_t222_Eˍttt_t_ + _t222_Inˍtttt_t_, _tpa_*_t222_Inˍtttt_t_ - _tpnu_*_t222_Eˍtttt_t_ + _t222_Inˍttttt_t_, _tpnu_*_t222_E_t_*_t222_NN_t_ - _tpb_*_t222_S_t_*_t222_In_t_ + _t222_NN_t_*_t222_Eˍt_t_, _tpnu_*_t222_E_t_*_t222_NNˍt_t_ + _tpnu_*_t222_NN_t_*_t222_Eˍt_t_ - _tpb_*_t222_S_t_*_t222_Inˍt_t_ - _tpb_*_t222_In_t_*_t222_Sˍt_t_ + _t222_NN_t_*_t222_Eˍtt_t_ + _t222_Eˍt_t_*_t222_NNˍt_t_, _tpnu_*_t222_E_t_*_t222_NNˍtt_t_ + _tpnu_*_t222_NN_t_*_t222_Eˍtt_t_ + 2*_tpnu_*_t222_Eˍt_t_*_t222_NNˍt_t_ - _tpb_*_t222_S_t_*_t222_Inˍtt_t_ - _tpb_*_t222_In_t_*_t222_Sˍtt_t_ - 2*_tpb_*_t222_Inˍt_t_*_t222_Sˍt_t_ + _t222_NN_t_*_t222_Eˍttt_t_ + _t222_Eˍt_t_*_t222_NNˍtt_t_ + 2*_t222_Eˍtt_t_*_t222_NNˍt_t_, _tpnu_*_t222_E_t_*_t222_NNˍttt_t_ + _tpnu_*_t222_NN_t_*_t222_Eˍttt_t_ + 3*_tpnu_*_t222_Eˍt_t_*_t222_NNˍtt_t_ + 3*_tpnu_*_t222_Eˍtt_t_*_t222_NNˍt_t_ - _tpb_*_t222_S_t_*_t222_Inˍttt_t_ - _tpb_*_t222_In_t_*_t222_Sˍttt_t_ - 3*_tpb_*_t222_Inˍt_t_*_t222_Sˍtt_t_ - 3*_tpb_*_t222_Inˍtt_t_*_t222_Sˍt_t_ + _t222_NN_t_*_t222_Eˍtttt_t_ + _t222_Eˍt_t_*_t222_NNˍttt_t_ + 3*_t222_Eˍtt_t_*_t222_NNˍtt_t_ + 3*_t222_Eˍttt_t_*_t222_NNˍt_t_, _tpb_*_t222_S_t_*_t222_In_t_ + _t222_NN_t_*_t222_Sˍt_t_, _t222_NNˍt_t_, _t222_NNˍtt_t_, _tpb_*_t222_S_t_*_t222_Inˍt_t_ + _tpb_*_t222_In_t_*_t222_Sˍt_t_ + _t222_NN_t_*_t222_Sˍtt_t_ + _t222_Sˍt_t_*_t222_NNˍt_t_, _t222_NNˍttt_t_, _tpb_*_t222_S_t_*_t222_Inˍtt_t_ + _tpb_*_t222_In_t_*_t222_Sˍtt_t_ + 2*_tpb_*_t222_Inˍt_t_*_t222_Sˍt_t_ + _t222_NN_t_*_t222_Sˍttt_t_ + _t222_Sˍt_t_*_t222_NNˍtt_t_ + 2*_t222_NNˍt_t_*_t222_Sˍtt_t_]
R
Multivariate polynomial ring in 22 variables over rationals
primes of bitsize 28
G-Q-Pt-FG-LT-LP(C)
Dimension of the quotient :4
Degree of the radical :4
Use last variable as separating element
Separating form: [0, 0, 0, 0, 0, 0, 0, 0, 0, 0, 0, 0, 0, 0, 0, 0, 0, 0, 0, 0, 0, 1]
Run Groebner learn
Test cyclic optimization
Apply cyclic optimization 
Multi-modular computation (1 threads): G-Q-Pt-FG-LT-LP(C)
5-9-13-17-21-25-29-33-37-41-45-49-53-61-69-77-85-93-105-
check-G-Q-Pt-FG-LT-LP(C)
Nb Primes used :105
4-element Vector{Vector{MPFI.BigInterval}}:
 [[2.43100641284967533713, 2.43100643494996166045], [-0.660180648874295425871, -0.660180646996149330058], [-0.240216478624579820512, -0.240216477933679676525], [-6.81110925820207959206, -6.81110925154873169578], [-1.14330999876097594075, -1.14330999823238279586], [0.339054203770774850404, 0.339054203885950792064], [0.68399999994191174144, 0.684000000058088363365], [-0.0694518126814348470736, -0.0694518126755366913779], [0.131713993137370528813, 0.131713993142963396793], [-0.298784870245515225712, -0.298784870239171691914], [0.564073151265536662546, 0.564073151271524611506], [-1.10523310490245880782, -1.10523310489659247697], [0.0562328050835634661186, 0.0562328050837437224785], [-0.0324345970237636051806, -0.032434597023643281489], [0.245803612137956546862, 0.245803612138151740062], [-0.402969021730799419132, -0.402969021730625580053], [-0.811023940123568434877, -0.811023940123454351573], [0.0, 0.0], [0.0, 0.0], [0.0695584066894868024837, 0.0695584066894951095424], [0.0, 0.0], [-0.267216305399638965107, -0.267216305399627828914]]
 [[0.879999906758393783869, 0.879999918311115904204], [0.678000100495951267489, 0.678000102200582234089], [0.792999954352871548667, 0.792999955449286223023], [0.84724816085382944841, 0.847248163202555815913], [0.337633957013590057177, 0.337633957237122246098], [0.339054203782426324813, 0.339054203874299317641], [0.683999999953664447074, 0.684000000046335657731], [-0.0694518126808381755001, -0.0694518126761333629514], [0.131713993137936316749, 0.131713993142397608857], [-0.29878487024487349863, -0.298784870239813418996], [0.564073151266142417819, 0.564073151270918856233], [-1.10523310490186535572, -1.10523310489718592907], [0.104124474316852626243, 0.104124474317045161389], [-0.269729411002715498293, -0.269729411002499551458], [0.444162901067795633207, 0.444162901068001832725], [-0.898006918591019680253, -0.898006918590818171061], [-0.333040331243419749523, -0.333040331243357136496], [0.0, 0.0], [0.0, 0.0], [0.199133006922663433499, 0.199133006922674338221], [0.0, 0.0], [-0.261286333226335923171, -0.261286333226327336046]]
 [[0.678000100301019028898, 0.678000101110950433855], [0.879999912097509890291, 0.87999991234069084765], [0.792999954713428036951, 0.792999954854452701554], [0.65276635989293073725, 0.652766359996955298215], [0.182303395095610586931, 0.182303395103076358482], [0.339054203824015656251, 0.339054203832709986203], [0.683999999995615118065, 0.68400000000438498674], [-0.0694518126787083873838, -0.0694518126782631510677], [0.131713993139955867325, 0.131713993140378058281], [-0.29878487024258288719, -0.298784870242104030435], [0.564073151268304629716, 0.564073151268756644335], [-1.10523310489974705941, -1.10523310489930422538], [0.0961655290762767547113, 0.0961655290762953294628], [-0.23804862558766336961, -0.238048625587641569205], [0.410792062722671695195, 0.410792062722691562888], [-0.821354004089022428895, -0.821354004089002813266], [-0.256592500761376382255, -0.256592500761371900705], [0.0, 0.0], [0.0, 0.0], [0.153422968442455253676, 0.153422968442456220784], [0.0, 0.0], [-0.201309293102754675914, -0.201309293102754073518]]
 [[-0.660180647454998344262, -0.660180647387343061546], [2.43100642430355364258, 2.43100642443677386877], [-0.24021647824207432973, -0.240216478235828478793], [1.8496711785706320198, 1.84967117858795286004], [-0.120645027314331828212, -0.120645027313158877983], [0.339054203827623535099, 0.339054203829102107355], [0.683999999999254343136, 0.684000000000745761669], [-0.0694518126785236280409, -0.0694518126784479104105], [0.131713993140131063555, 0.131713993140202862052], [-0.298784870242384176405, -0.298784870242302741221], [0.564073151268492201842, 0.56407315126856907221], [-1.10523310489956329695, -1.10523310489948798784], [0.0730416563352368884444, 0.0730416563352394906719], [-0.158674981537969310385, -0.158674981537966495966], [0.313172821226404020736, 0.313172821226406810388], [-0.607823684986645515439, -0.607823684986642810788], [0.220247180133542897078, 0.220247180133543254214], [0.0, 0.0], [0.0, 0.0], [-0.0188897542600399176575, -0.0188897542600398748425], [0.0, 0.0], [0.0725670782800938941625, 0.0725670782800939466718]]
Vector{Any}
SOLNS: Any[[2.4310064238998184, -0.6601806479352224, -0.24021647827912976, -6.811109254875405, -1.1433099984966795, 0.3390542038283628, 0.684, -0.06945181267848577, 0.13171399314016696, -0.29878487024234346, 0.5640731512685306, -1.1052331048995256, 0.056232805083653595, -0.032434597023703444, 0.24580361213805416, -0.4029690217307125, -0.8110239401235114, 0.0, 0.0, 0.06955840668949095, 0.0, -0.26721630539963337], [0.8799999125347548, 0.6780001013482667, 0.7929999549010789, 0.8472481620281926, 0.33763395712535615, 0.3390542038283628, 0.684, -0.06945181267848577, 0.13171399314016696, -0.29878487024234346, 0.5640731512685306, -1.1052331048995256, 0.10412447431694889, -0.2697294110026075, 0.44416290106789874, -0.898006918590919, -0.33304033124338844, 0.0, 0.0, 0.1991330069226689, 0.0, -0.26128633322633166], [0.6780001007059847, 0.8799999122191003, 0.7929999547839404, 0.652766359944943, 0.18230339509934348, 0.3390542038283628, 0.684, -0.06945181267848577, 0.13171399314016696, -0.29878487024234346, 0.5640731512685306, -1.1052331048995256, 0.09616552907628605, -0.23804862558765247, 0.41079206272268165, -0.8213540040890126, -0.25659250076137413, 0.0, 0.0, 0.15342296844245573, 0.0, -0.20130929310275436], [-0.6601806474211707, 2.431006424370164, -0.2402164782389514, 1.8496711785792925, -0.12064502731374535, 0.3390542038283628, 0.684, -0.06945181267848577, 0.13171399314016696, -0.29878487024234346, 0.5640731512685306, -1.1052331048995256, 0.0730416563352382, -0.1586749815379679, 0.31317282122640544, -0.6078236849866442, 0.22024718013354308, 0.0, 0.0, -0.018889754260039898, 0.0, 0.07256707828009393]]
Vector{Float64}
SOLN 1: [2.4310064238998184, -0.6601806479352224, -0.24021647827912976, -6.811109254875405, -1.1433099984966795, 0.3390542038283628, 0.684, -0.06945181267848577, 0.13171399314016696, -0.29878487024234346, 0.5640731512685306, -1.1052331048995256, 0.056232805083653595, -0.032434597023703444, 0.24580361213805416, -0.4029690217307125, -0.8110239401235114, 0.0, 0.0, 0.06955840668949095, 0.0, -0.26721630539963337]
Vector{Float64}
SOLN 2: [0.8799999125347548, 0.6780001013482667, 0.7929999549010789, 0.8472481620281926, 0.33763395712535615, 0.3390542038283628, 0.684, -0.06945181267848577, 0.13171399314016696, -0.29878487024234346, 0.5640731512685306, -1.1052331048995256, 0.10412447431694889, -0.2697294110026075, 0.44416290106789874, -0.898006918590919, -0.33304033124338844, 0.0, 0.0, 0.1991330069226689, 0.0, -0.26128633322633166]
Vector{Float64}
SOLN 3: [0.6780001007059847, 0.8799999122191003, 0.7929999547839404, 0.652766359944943, 0.18230339509934348, 0.3390542038283628, 0.684, -0.06945181267848577, 0.13171399314016696, -0.29878487024234346, 0.5640731512685306, -1.1052331048995256, 0.09616552907628605, -0.23804862558765247, 0.41079206272268165, -0.8213540040890126, -0.25659250076137413, 0.0, 0.0, 0.15342296844245573, 0.0, -0.20130929310275436]
Vector{Float64}
SOLN 4: [-0.6601806474211707, 2.431006424370164, -0.2402164782389514, 1.8496711785792925, -0.12064502731374535, 0.3390542038283628, 0.684, -0.06945181267848577, 0.13171399314016696, -0.29878487024234346, 0.5640731512685306, -1.1052331048995256, 0.0730416563352382, -0.1586749815379679, 0.31317282122640544, -0.6078236849866442, 0.22024718013354308, 0.0, 0.0, -0.018889754260039898, 0.0, 0.07256707828009393]
DEBUG: Processing solution 1
DEBUG: Constructed initial conditions: [-6.811109254875405, -1.1433099984966795, 0.3390542038283628, 0.684]
DEBUG: Constructed parameter values: [2.4310064238998184, -0.6601806479352224, -0.24021647827912976]
DEBUG: Parameter/IC mapping:
Dict("nu" => -0.6601806479352224, "NN(t)" => 0.684, "b" => -0.24021647827912976, "In(t)" => 0.3390542038283628, "S(t)" => -6.811109254875405, "E(t)" => -1.1433099984966795, "a" => 2.4310064238998184)
DEBUG: Processing solution 2
DEBUG: Constructed initial conditions: [0.8472481620281926, 0.33763395712535615, 0.3390542038283628, 0.684]
DEBUG: Constructed parameter values: [0.8799999125347548, 0.6780001013482667, 0.7929999549010789]
DEBUG: Parameter/IC mapping:
Dict("nu" => 0.6780001013482667, "NN(t)" => 0.684, "b" => 0.7929999549010789, "In(t)" => 0.3390542038283628, "S(t)" => 0.8472481620281926, "E(t)" => 0.33763395712535615, "a" => 0.8799999125347548)
DEBUG: Processing solution 3
DEBUG: Constructed initial conditions: [0.652766359944943, 0.18230339509934348, 0.3390542038283628, 0.684]
DEBUG: Constructed parameter values: [0.6780001007059847, 0.8799999122191003, 0.7929999547839404]
DEBUG: Parameter/IC mapping:
Dict("nu" => 0.8799999122191003, "NN(t)" => 0.684, "b" => 0.7929999547839404, "In(t)" => 0.3390542038283628, "S(t)" => 0.652766359944943, "E(t)" => 0.18230339509934348, "a" => 0.6780001007059847)
DEBUG: Processing solution 4
DEBUG: Constructed initial conditions: [1.8496711785792925, -0.12064502731374535, 0.3390542038283628, 0.684]
DEBUG: Constructed parameter values: [-0.6601806474211707, 2.431006424370164, -0.2402164782389514]
DEBUG: Parameter/IC mapping:
Dict("nu" => 2.431006424370164, "NN(t)" => 0.684, "b" => -0.2402164782389514, "In(t)" => 0.3390542038283628, "S(t)" => 1.8496711785792925, "E(t)" => -0.12064502731374535, "a" => -0.6601806474211707)
DEBUG [determine_optimal_points_count]: Large num points: 1
DEBUG [determine_optimal_points_count]: Good num points: 1
DEBUG [multipoint_parameter_estimation]: Parameter estimation using this many points: 1
DEBUG [multipoint_parameter_estimation]: Ideal final target: 
-0.684 + _t334_NN_t_
-0.3262961141782808 + _t334_In_t_
0.04649269543109774 + _t334_Inˍt_t_
-0.07709542615110096 + _t334_Inˍtt_t_
0.19618810099465253 + _t334_Inˍttt_t_
-0.3675234009249676 + _t334_Inˍtttt_t_
0.6864451858525392 + _t334_Inˍttttt_t_
_t334_Inˍt_t_ - _t334_E_t_*_tpnu_ + _t334_In_t_*_tpa_
_t334_Inˍtt_t_ - _t334_Eˍt_t_*_tpnu_ + _t334_Inˍt_t_*_tpa_
_t334_Inˍttt_t_ - _t334_Eˍtt_t_*_tpnu_ + _t334_Inˍtt_t_*_tpa_
_t334_Inˍtttt_t_ - _t334_Eˍttt_t_*_tpnu_ + _t334_Inˍttt_t_*_tpa_
_t334_Inˍttttt_t_ - _t334_Eˍtttt_t_*_tpnu_ + _t334_Inˍtttt_t_*_tpa_
_t334_Eˍt_t_*_t334_NN_t_ + _t334_E_t_*_t334_NN_t_*_tpnu_ - _t334_In_t_*_t334_S_t_*_tpb_
_t334_Eˍt_t_*_t334_NNˍt_t_ + _t334_Eˍtt_t_*_t334_NN_t_ + _t334_E_t_*_t334_NNˍt_t_*_tpnu_ + _t334_Eˍt_t_*_t334_NN_t_*_tpnu_ - _t334_In_t_*_t334_Sˍt_t_*_tpb_ - _t334_Inˍt_t_*_t334_S_t_*_tpb_
_t334_Eˍt_t_*_t334_NNˍtt_t_ + 2_t334_Eˍtt_t_*_t334_NNˍt_t_ + _t334_Eˍttt_t_*_t334_NN_t_ + _t334_E_t_*_t334_NNˍtt_t_*_tpnu_ + 2_t334_Eˍt_t_*_t334_NNˍt_t_*_tpnu_ + _t334_Eˍtt_t_*_t334_NN_t_*_tpnu_ - _t334_In_t_*_t334_Sˍtt_t_*_tpb_ - 2_t334_Inˍt_t_*_t334_Sˍt_t_*_tpb_ - _t334_Inˍtt_t_*_t334_S_t_*_tpb_
_t334_Eˍt_t_*_t334_NNˍttt_t_ + 3_t334_Eˍtt_t_*_t334_NNˍtt_t_ + 3_t334_Eˍttt_t_*_t334_NNˍt_t_ + _t334_Eˍtttt_t_*_t334_NN_t_ + _t334_E_t_*_t334_NNˍttt_t_*_tpnu_ + 3_t334_Eˍt_t_*_t334_NNˍtt_t_*_tpnu_ + 3_t334_Eˍtt_t_*_t334_NNˍt_t_*_tpnu_ + _t334_Eˍttt_t_*_t334_NN_t_*_tpnu_ - _t334_In_t_*_t334_Sˍttt_t_*_tpb_ - 3_t334_Inˍt_t_*_t334_Sˍtt_t_*_tpb_ - 3_t334_Inˍtt_t_*_t334_Sˍt_t_*_tpb_ - _t334_Inˍttt_t_*_t334_S_t_*_tpb_
_t334_NN_t_*_t334_Sˍt_t_ + _t334_In_t_*_t334_S_t_*_tpb_
_t334_NNˍt_t_
_t334_NNˍtt_t_
_t334_NN_t_*_t334_Sˍtt_t_ + _t334_NNˍt_t_*_t334_Sˍt_t_ + _t334_In_t_*_t334_Sˍt_t_*_tpb_ + _t334_Inˍt_t_*_t334_S_t_*_tpb_
_t334_NNˍttt_t_
_t334_NN_t_*_t334_Sˍttt_t_ + 2_t334_NNˍt_t_*_t334_Sˍtt_t_ + _t334_NNˍtt_t_*_t334_Sˍt_t_ + _t334_In_t_*_t334_Sˍtt_t_*_tpb_ + 2_t334_Inˍt_t_*_t334_Sˍt_t_*_tpb_ + _t334_Inˍtt_t_*_t334_S_t_*_tpb_
DEBUG [but we are actually solving this: 
-0.684 + _t334_NN_t_
-0.3262961141782804 + _t334_In_t_
0.04649269543109025 + _t334_Inˍt_t_
-0.07709542615114628 + _t334_Inˍtt_t_
0.19618810099836992 + _t334_Inˍttt_t_
-0.3675234018592164 + _t334_Inˍtttt_t_
0.6864444836974144 + _t334_Inˍttttt_t_
_t334_Inˍt_t_ - _t334_E_t_*_tpnu_ + _t334_In_t_*_tpa_
_t334_Inˍtt_t_ - _t334_Eˍt_t_*_tpnu_ + _t334_Inˍt_t_*_tpa_
_t334_Inˍttt_t_ - _t334_Eˍtt_t_*_tpnu_ + _t334_Inˍtt_t_*_tpa_
_t334_Inˍtttt_t_ - _t334_Eˍttt_t_*_tpnu_ + _t334_Inˍttt_t_*_tpa_
_t334_Inˍttttt_t_ - _t334_Eˍtttt_t_*_tpnu_ + _t334_Inˍtttt_t_*_tpa_
_t334_Eˍt_t_*_t334_NN_t_ + _t334_E_t_*_t334_NN_t_*_tpnu_ - _t334_In_t_*_t334_S_t_*_tpb_
_t334_Eˍt_t_*_t334_NNˍt_t_ + _t334_Eˍtt_t_*_t334_NN_t_ + _t334_E_t_*_t334_NNˍt_t_*_tpnu_ + _t334_Eˍt_t_*_t334_NN_t_*_tpnu_ - _t334_In_t_*_t334_Sˍt_t_*_tpb_ - _t334_Inˍt_t_*_t334_S_t_*_tpb_
_t334_Eˍt_t_*_t334_NNˍtt_t_ + 2_t334_Eˍtt_t_*_t334_NNˍt_t_ + _t334_Eˍttt_t_*_t334_NN_t_ + _t334_E_t_*_t334_NNˍtt_t_*_tpnu_ + 2_t334_Eˍt_t_*_t334_NNˍt_t_*_tpnu_ + _t334_Eˍtt_t_*_t334_NN_t_*_tpnu_ - _t334_In_t_*_t334_Sˍtt_t_*_tpb_ - 2_t334_Inˍt_t_*_t334_Sˍt_t_*_tpb_ - _t334_Inˍtt_t_*_t334_S_t_*_tpb_
_t334_Eˍt_t_*_t334_NNˍttt_t_ + 3_t334_Eˍtt_t_*_t334_NNˍtt_t_ + 3_t334_Eˍttt_t_*_t334_NNˍt_t_ + _t334_Eˍtttt_t_*_t334_NN_t_ + _t334_E_t_*_t334_NNˍttt_t_*_tpnu_ + 3_t334_Eˍt_t_*_t334_NNˍtt_t_*_tpnu_ + 3_t334_Eˍtt_t_*_t334_NNˍt_t_*_tpnu_ + _t334_Eˍttt_t_*_t334_NN_t_*_tpnu_ - _t334_In_t_*_t334_Sˍttt_t_*_tpb_ - 3_t334_Inˍt_t_*_t334_Sˍtt_t_*_tpb_ - 3_t334_Inˍtt_t_*_t334_Sˍt_t_*_tpb_ - _t334_Inˍttt_t_*_t334_S_t_*_tpb_
_t334_NN_t_*_t334_Sˍt_t_ + _t334_In_t_*_t334_S_t_*_tpb_
_t334_NNˍt_t_
_t334_NNˍtt_t_
_t334_NN_t_*_t334_Sˍtt_t_ + _t334_NNˍt_t_*_t334_Sˍt_t_ + _t334_In_t_*_t334_Sˍt_t_*_tpb_ + _t334_Inˍt_t_*_t334_S_t_*_tpb_
_t334_NNˍttt_t_
_t334_NN_t_*_t334_Sˍttt_t_ + 2_t334_NNˍt_t_*_t334_Sˍtt_t_ + _t334_NNˍtt_t_*_t334_Sˍt_t_ + _t334_In_t_*_t334_Sˍtt_t_*_tpb_ + 2_t334_Inˍt_t_*_t334_Sˍt_t_*_tpb_ + _t334_Inˍtt_t_*_t334_S_t_*_tpb_
As a reminder the true parameter values are: 
OrderedDict{Num, Float64}(a => 0.678, b => 0.793, nu => 0.88)
And the true states are: 
OrderedDict{Num, Float64}(S(t) => 0.785, E(t) => 0.109, In(t) => 0.388, NN(t) => 0.684)
The forward substitution dictionary is: 
Any[OrderedDict{Num, Any}(Sˍt(t) => _t334_Sˍt_t_, Eˍt(t) => _t334_Eˍt_t_, Inˍt(t) => _t334_Inˍt_t_, NNˍt(t) => _t334_NNˍt_t_, Sˍtt(t) => _t334_Sˍtt_t_, Eˍtt(t) => _t334_Eˍtt_t_, Inˍtt(t) => _t334_Inˍtt_t_, NNˍtt(t) => _t334_NNˍtt_t_, Sˍttt(t) => _t334_Sˍttt_t_, Eˍttt(t) => _t334_Eˍttt_t_, Inˍttt(t) => _t334_Inˍttt_t_, NNˍttt(t) => _t334_NNˍttt_t_, Sˍtttt(t) => _t334_Sˍtttt_t_, Eˍtttt(t) => _t334_Eˍtttt_t_, Inˍtttt(t) => _t334_Inˍtttt_t_, NNˍtttt(t) => _t334_NNˍtttt_t_, Sˍttttt(t) => _t334_Sˍttttt_t_, Eˍttttt(t) => _t334_Eˍttttt_t_, Inˍttttt(t) => _t334_Inˍttttt_t_, NNˍttttt(t) => _t334_NNˍttttt_t_, Sˍtttttt(t) => _t334_Sˍtttttt_t_, Eˍtttttt(t) => _t334_Eˍtttttt_t_, Inˍtttttt(t) => _t334_Inˍtttttt_t_, NNˍtttttt(t) => _t334_NNˍtttttt_t_, S(t) => _t334_S_t_, E(t) => _t334_E_t_, In(t) => _t334_In_t_, NN(t) => _t334_NN_t_, y1(t) => _t334_y1_t_, y2(t) => _t334_y2_t_, y1ˍt(t) => _t334_y1ˍt_t_, y2ˍt(t) => _t334_y2ˍt_t_, y1ˍtt(t) => _t334_y1ˍtt_t_, y2ˍtt(t) => _t334_y2ˍtt_t_, y1ˍttt(t) => _t334_y1ˍttt_t_, y2ˍttt(t) => _t334_y2ˍttt_t_, y1ˍtttt(t) => _t334_y1ˍtttt_t_, y2ˍtttt(t) => _t334_y2ˍtttt_t_, y1ˍttttt(t) => _t334_y1ˍttttt_t_, y2ˍttttt(t) => _t334_y2ˍttttt_t_, y1ˍtttttt(t) => _t334_y1ˍtttttt_t_, y2ˍtttttt(t) => _t334_y2ˍtttttt_t_, a => _tpa_, nu => _tpnu_, b => _tpb_)]
The reverse substitution dictionary is: 
Any[OrderedDict{Any, Any}(_t334_Sˍt_t_ => Sˍt(t), _t334_Eˍt_t_ => Eˍt(t), _t334_Inˍt_t_ => Inˍt(t), _t334_NNˍt_t_ => NNˍt(t), _t334_Sˍtt_t_ => Sˍtt(t), _t334_Eˍtt_t_ => Eˍtt(t), _t334_Inˍtt_t_ => Inˍtt(t), _t334_NNˍtt_t_ => NNˍtt(t), _t334_Sˍttt_t_ => Sˍttt(t), _t334_Eˍttt_t_ => Eˍttt(t), _t334_Inˍttt_t_ => Inˍttt(t), _t334_NNˍttt_t_ => NNˍttt(t), _t334_Sˍtttt_t_ => Sˍtttt(t), _t334_Eˍtttt_t_ => Eˍtttt(t), _t334_Inˍtttt_t_ => Inˍtttt(t), _t334_NNˍtttt_t_ => NNˍtttt(t), _t334_Sˍttttt_t_ => Sˍttttt(t), _t334_Eˍttttt_t_ => Eˍttttt(t), _t334_Inˍttttt_t_ => Inˍttttt(t), _t334_NNˍttttt_t_ => NNˍttttt(t), _t334_Sˍtttttt_t_ => Sˍtttttt(t), _t334_Eˍtttttt_t_ => Eˍtttttt(t), _t334_Inˍtttttt_t_ => Inˍtttttt(t), _t334_NNˍtttttt_t_ => NNˍtttttt(t), _t334_S_t_ => S(t), _t334_E_t_ => E(t), _t334_In_t_ => In(t), _t334_NN_t_ => NN(t), _t334_y1_t_ => y1(t), _t334_y2_t_ => y2(t), _t334_y1ˍt_t_ => y1ˍt(t), _t334_y2ˍt_t_ => y2ˍt(t), _t334_y1ˍtt_t_ => y1ˍtt(t), _t334_y2ˍtt_t_ => y2ˍtt(t), _t334_y1ˍttt_t_ => y1ˍttt(t), _t334_y2ˍttt_t_ => y2ˍttt(t), _t334_y1ˍtttt_t_ => y1ˍtttt(t), _t334_y2ˍtttt_t_ => y2ˍtttt(t), _t334_y1ˍttttt_t_ => y1ˍttttt(t), _t334_y2ˍttttt_t_ => y2ˍttttt(t), _t334_y1ˍtttttt_t_ => y1ˍtttttt(t), _t334_y2ˍtttttt_t_ => y2ˍtttttt(t), _tpa_ => a, _tpnu_ => nu, _tpb_ => b)]
DEBUG [multipoint_parameter_estimation]: Evaluated ideal polynomial system with exact state and parameter values:
0.0
0.0
0.0
0.0
0.0
0.0
0.0
0.0
0.0
6.938893903907228e-18
0.0
0.0
1.3877787807814457e-17
1.0408340855860843e-17
2.7755575615628914e-17
-6.938893903907228e-18
0.0
0
0
0.0
0
0.0
DEBUG [multipoint_parameter_estimation]: Evaluated interpolated polynomial system with exact state and parameter values:
0.0
3.885780586188048e-16
-7.494005416219807e-15
-4.5324854980322016e-14
3.717387508928027e-12
-9.34248789441483e-10
-7.02155124820969e-7
0.0
0.0
6.938893903907228e-18
0.0
0.0
1.3877787807814457e-17
1.0408340855860843e-17
2.7755575615628914e-17
-6.938893903907228e-18
0.0
0
0
0.0
0
0.0
and by the way the exact state values are: (at the time index 334)
OrderedDict{Any, Any}(S(t) => 0.5988047475315114, E(t) => 0.19856371588838256, In(t) => 0.3262961141782808, NN(t) => 0.684)
and by the way the exact parameter values are:
OrderedDict{Num, Float64}(a => 0.678, b => 0.793, nu => 0.88)
aa_system
Any[_t334_NN_t_ - 6160924290242839//9007199254740992, _t334_In_t_ - 2939014116451489//9007199254740992, _t334_Inˍt_t_ + 52346121454727//1125899906842624, _t334_Inˍtt_t_ - 2712554160049//35184372088832, _t334_Inˍttt_t_ + 215711098279//1099511627776, _t334_Inˍtttt_t_ - 3157001983//8589934592, _t334_Inˍttttt_t_ + 92133019//134217728, _tpa_*_t334_In_t_ - _tpnu_*_t334_E_t_ + _t334_Inˍt_t_, _tpa_*_t334_Inˍt_t_ - _tpnu_*_t334_Eˍt_t_ + _t334_Inˍtt_t_, _tpa_*_t334_Inˍtt_t_ - _tpnu_*_t334_Eˍtt_t_ + _t334_Inˍttt_t_, _tpa_*_t334_Inˍttt_t_ - _tpnu_*_t334_Eˍttt_t_ + _t334_Inˍtttt_t_, _tpa_*_t334_Inˍtttt_t_ - _tpnu_*_t334_Eˍtttt_t_ + _t334_Inˍttttt_t_, _tpnu_*_t334_E_t_*_t334_NN_t_ - _tpb_*_t334_S_t_*_t334_In_t_ + _t334_NN_t_*_t334_Eˍt_t_, _tpnu_*_t334_E_t_*_t334_NNˍt_t_ + _tpnu_*_t334_NN_t_*_t334_Eˍt_t_ - _tpb_*_t334_S_t_*_t334_Inˍt_t_ - _tpb_*_t334_In_t_*_t334_Sˍt_t_ + _t334_NN_t_*_t334_Eˍtt_t_ + _t334_Eˍt_t_*_t334_NNˍt_t_, _tpnu_*_t334_E_t_*_t334_NNˍtt_t_ + _tpnu_*_t334_NN_t_*_t334_Eˍtt_t_ + 2*_tpnu_*_t334_Eˍt_t_*_t334_NNˍt_t_ - _tpb_*_t334_S_t_*_t334_Inˍtt_t_ - _tpb_*_t334_In_t_*_t334_Sˍtt_t_ - 2*_tpb_*_t334_Inˍt_t_*_t334_Sˍt_t_ + _t334_NN_t_*_t334_Eˍttt_t_ + _t334_Eˍt_t_*_t334_NNˍtt_t_ + 2*_t334_Eˍtt_t_*_t334_NNˍt_t_, _tpnu_*_t334_E_t_*_t334_NNˍttt_t_ + _tpnu_*_t334_NN_t_*_t334_Eˍttt_t_ + 3*_tpnu_*_t334_Eˍt_t_*_t334_NNˍtt_t_ + 3*_tpnu_*_t334_Eˍtt_t_*_t334_NNˍt_t_ - _tpb_*_t334_S_t_*_t334_Inˍttt_t_ - _tpb_*_t334_In_t_*_t334_Sˍttt_t_ - 3*_tpb_*_t334_Inˍt_t_*_t334_Sˍtt_t_ - 3*_tpb_*_t334_Inˍtt_t_*_t334_Sˍt_t_ + _t334_NN_t_*_t334_Eˍtttt_t_ + _t334_Eˍt_t_*_t334_NNˍttt_t_ + 3*_t334_Eˍtt_t_*_t334_NNˍtt_t_ + 3*_t334_Eˍttt_t_*_t334_NNˍt_t_, _tpb_*_t334_S_t_*_t334_In_t_ + _t334_NN_t_*_t334_Sˍt_t_, _t334_NNˍt_t_, _t334_NNˍtt_t_, _tpb_*_t334_S_t_*_t334_Inˍt_t_ + _tpb_*_t334_In_t_*_t334_Sˍt_t_ + _t334_NN_t_*_t334_Sˍtt_t_ + _t334_Sˍt_t_*_t334_NNˍt_t_, _t334_NNˍttt_t_, _tpb_*_t334_S_t_*_t334_Inˍtt_t_ + _tpb_*_t334_In_t_*_t334_Sˍtt_t_ + 2*_tpb_*_t334_Inˍt_t_*_t334_Sˍt_t_ + _t334_NN_t_*_t334_Sˍttt_t_ + _t334_Sˍt_t_*_t334_NNˍtt_t_ + 2*_t334_NNˍt_t_*_t334_Sˍtt_t_]
R
Multivariate polynomial ring in 22 variables over rationals
primes of bitsize 28
G-Q-Pt-FG-LT-LP(C)
Dimension of the quotient :4
Degree of the radical :4
Use last variable as separating element
Separating form: [0, 0, 0, 0, 0, 0, 0, 0, 0, 0, 0, 0, 0, 0, 0, 0, 0, 0, 0, 0, 0, 1]
Run Groebner learn
Test cyclic optimization
Apply cyclic optimization 
Multi-modular computation (1 threads): G-Q-Pt-FG-LT-LP(C)
5-9-13-17-21-25-29-33-37-41-45-49-53-61-69-77-85-93-105-
check-G-Q-Pt-FG-LT-LP(C)
Nb Primes used :105
4-element Vector{Vector{MPFI.BigInterval}}:
 [[1.01007591036008950838, 1.01007591130158648149], [0.397495356221324848493, 0.397495356480183083497], [1.26382617886511743266, 1.26382617916593741617], [0.59529490149368496159, 0.595294901568164664567], [0.712187311843336702343, 0.712187311880865009492], [0.326296114173091134254, 0.326296114183469698582], [0.683999999994561021937, 0.684000000005439082868], [-0.0464926954312750976658, -0.0464926954309053970985], [0.077095426150993022777, 0.0770954261512995464433], [-0.196188100998564924717, -0.196188100998174912624], [0.367523401859033737517, 0.367523401859399046564], [-0.686444483697584975342, -0.686444483697243821045], [0.0758103811395644972015, 0.0758103811395819998804], [-0.297653460145376783756, -0.297653460145343655497], [0.426064164883637337206, 0.426064164883661548701], [-0.793010393142417864537, -0.793010393142395325844], [-0.358901530448218345016, -0.35890153044821328556], [0.0, 0.0], [0.0, 0.0], [0.267519185680256329753, 0.267519185680258135573], [0.0, 0.0], [-0.307748296678282782385, -0.307748296678281531974]]
 [[0.880174375986569420036, 0.880174377049026476099], [0.677801176905753609904, 0.67780117742711837241], [0.793087294050662135615, 0.79308729433805544225], [0.777284307569153528364, 0.77728430768545890255], [0.355125944781633094772, 0.355125944805627649122], [0.326296114171321245236, 0.326296114185239587599], [0.68399999999270595221, 0.684000000007294152595], [-0.0464926954313381438578, -0.0464926954308423509065], [0.0770954261509407503376, 0.0770954261513518188827], [-0.196188100998631434692, -0.196188100998108402649], [0.367523401858971440236, 0.367523401859461343845], [-0.686444483697643153441, -0.686444483697185642946], [0.0533692595328471847647, 0.0533692595328648426234], [-0.189333814504856116971, -0.189333814504826437614], [0.287464331633936307753, 0.287464331633959578512], [-0.535495975549769226946, -0.535495975549747542605], [-0.294074042962533078145, -0.294074042962527653014], [0.0, 0.0], [0.0, 0.0], [0.153160067567915511246, 0.153160067567916940205], [0.0, 0.0], [-0.15913364928141595997, -0.159133649281415103599]]
 [[0.677801174376762078928, 0.6778011801824776061], [0.880174374359845634847, 0.880174378786815202197], [0.79308729309033034583, 0.793087295299717735965], [0.598568002491862233256, 0.598568003096514757866], [0.198450670089777824675, 0.198450670189519579299], [0.326296114129071035477, 0.326296114227489797359], [0.683999999948422336482, 0.684000000051577768323], [-0.0464926954328431618834, -0.0464926954293373328809], [0.077095426149692919848, 0.0770954261525996493723], [-0.196188101000219139093, -0.196188100996520698248], [0.367523401857484299787, 0.367523401860948484293], [-0.686444483699031962105, -0.686444483695796834282], [0.0517881725176839283563, 0.0517881725178096690217], [-0.163527517087136694551, -0.163527517086944545587], [0.266477737033679375387, 0.266477737033839159005], [-0.496875052189533966099, -0.496875052189384960549], [-0.226459367387991059186, -0.226459367387961141725], [0.0, 0.0], [0.0, 0.0], [0.117944894629642206327, 0.117944894629650597784], [0.0, 0.0], [-0.122545006636310052125, -0.122545006636305526218]]
 [[0.397495353841273891366, 0.397495358818191050847], [1.01007590819268693819, 1.01007591335416727117], [1.26382617735397369637, 1.26382618039036670471], [0.234266510367336087736, 0.23426651080009265121], [0.0823784567278594572447, 0.0823784568031451811413], [0.326296114124294129352, 0.326296114232266703498], [0.683999999943415528796, 0.684000000056584576036], [-0.0464926954330133226913, -0.046492695429167172073], [0.0770954261495518372543, 0.077095426152740731966], [-0.196188101000398648617, -0.196188100996341188724], [0.367523401857316160251, 0.36752340186111662383], [-0.686444483699188984016, -0.686444483695639812371], [0.058030089603408682401, 0.058030089603554818024], [-0.163891669257932470963, -0.163891669257720122988], [0.28665127009742212677, 0.286651270097604441288], [-0.534965374683171499372, -0.534965374683001414587], [-0.141238584349017345873, -0.141238584348990944906], [0.0, 0.0], [0.0, 0.0], [0.105276873644116032295, 0.105276873644124841105], [0.0, 0.0], [-0.121108242989035500731, -0.121108242989030622621]]
Vector{Any}
SOLNS: Any[[1.010075910830838, 0.39749535635075395, 1.2638261790155274, 0.5952949015309248, 0.7121873118621008, 0.3262961141782804, 0.684, -0.04649269543109025, 0.07709542615114628, -0.19618810099836992, 0.3675234018592164, -0.6864444836974144, 0.07581038113957325, -0.2976534601453602, 0.42606416488364945, -0.7930103931424066, -0.3589015304482158, 0.0, 0.0, 0.26751918568025723, 0.0, -0.3077482966782822], [0.880174376517798, 0.677801177166436, 0.7930872941943587, 0.7772843076273063, 0.35512594479363035, 0.3262961141782804, 0.684, -0.04649269543109025, 0.07709542615114628, -0.19618810099836992, 0.3675234018592164, -0.6864444836974144, 0.05336925953285601, -0.18933381450484127, 0.28746433163394797, -0.5354959755497584, -0.29407404296253037, 0.0, 0.0, 0.15316006756791622, 0.0, -0.15913364928141555], [0.6778011772796199, 0.8801743765733304, 0.793087294195024, 0.5985680027941885, 0.1984506701396487, 0.3262961141782804, 0.684, -0.04649269543109025, 0.07709542615114628, -0.19618810099836992, 0.3675234018592164, -0.6864444836974144, 0.0517881725177468, -0.1635275170870406, 0.26647773703375927, -0.4968750521894595, -0.2264593673879761, 0.0, 0.0, 0.1179448946296464, 0.0, -0.1225450066363078], [0.3974953563297325, 1.0100759107734272, 1.2638261788721703, 0.23426651058371437, 0.08237845676550232, 0.3262961141782804, 0.684, -0.04649269543109025, 0.07709542615114628, -0.19618810099836992, 0.3675234018592164, -0.6864444836974144, 0.05803008960348175, -0.1638916692578263, 0.2866512700975133, -0.5349653746830865, -0.14123858434900416, 0.0, 0.0, 0.10527687364412043, 0.0, -0.12110824298903305]]
Vector{Float64}
SOLN 1: [1.010075910830838, 0.39749535635075395, 1.2638261790155274, 0.5952949015309248, 0.7121873118621008, 0.3262961141782804, 0.684, -0.04649269543109025, 0.07709542615114628, -0.19618810099836992, 0.3675234018592164, -0.6864444836974144, 0.07581038113957325, -0.2976534601453602, 0.42606416488364945, -0.7930103931424066, -0.3589015304482158, 0.0, 0.0, 0.26751918568025723, 0.0, -0.3077482966782822]
Vector{Float64}
SOLN 2: [0.880174376517798, 0.677801177166436, 0.7930872941943587, 0.7772843076273063, 0.35512594479363035, 0.3262961141782804, 0.684, -0.04649269543109025, 0.07709542615114628, -0.19618810099836992, 0.3675234018592164, -0.6864444836974144, 0.05336925953285601, -0.18933381450484127, 0.28746433163394797, -0.5354959755497584, -0.29407404296253037, 0.0, 0.0, 0.15316006756791622, 0.0, -0.15913364928141555]
Vector{Float64}
SOLN 3: [0.6778011772796199, 0.8801743765733304, 0.793087294195024, 0.5985680027941885, 0.1984506701396487, 0.3262961141782804, 0.684, -0.04649269543109025, 0.07709542615114628, -0.19618810099836992, 0.3675234018592164, -0.6864444836974144, 0.0517881725177468, -0.1635275170870406, 0.26647773703375927, -0.4968750521894595, -0.2264593673879761, 0.0, 0.0, 0.1179448946296464, 0.0, -0.1225450066363078]
Vector{Float64}
SOLN 4: [0.3974953563297325, 1.0100759107734272, 1.2638261788721703, 0.23426651058371437, 0.08237845676550232, 0.3262961141782804, 0.684, -0.04649269543109025, 0.07709542615114628, -0.19618810099836992, 0.3675234018592164, -0.6864444836974144, 0.05803008960348175, -0.1638916692578263, 0.2866512700975133, -0.5349653746830865, -0.14123858434900416, 0.0, 0.0, 0.10527687364412043, 0.0, -0.12110824298903305]
DEBUG: Processing solution 1
DEBUG: Constructed initial conditions: [0.5952949015309248, 0.7121873118621008, 0.3262961141782804, 0.684]
DEBUG: Constructed parameter values: [1.010075910830838, 0.39749535635075395, 1.2638261790155274]
DEBUG: Parameter/IC mapping:
Dict("nu" => 0.39749535635075395, "NN(t)" => 0.684, "b" => 1.2638261790155274, "In(t)" => 0.3262961141782804, "S(t)" => 0.5952949015309248, "E(t)" => 0.7121873118621008, "a" => 1.010075910830838)
DEBUG: Processing solution 2
DEBUG: Constructed initial conditions: [0.7772843076273063, 0.35512594479363035, 0.3262961141782804, 0.684]
DEBUG: Constructed parameter values: [0.880174376517798, 0.677801177166436, 0.7930872941943587]
DEBUG: Parameter/IC mapping:
Dict("nu" => 0.677801177166436, "NN(t)" => 0.684, "b" => 0.7930872941943587, "In(t)" => 0.3262961141782804, "S(t)" => 0.7772843076273063, "E(t)" => 0.35512594479363035, "a" => 0.880174376517798)
DEBUG: Processing solution 3
DEBUG: Constructed initial conditions: [0.5985680027941885, 0.1984506701396487, 0.3262961141782804, 0.684]
DEBUG: Constructed parameter values: [0.6778011772796199, 0.8801743765733304, 0.793087294195024]
DEBUG: Parameter/IC mapping:
Dict("nu" => 0.8801743765733304, "NN(t)" => 0.684, "b" => 0.793087294195024, "In(t)" => 0.3262961141782804, "S(t)" => 0.5985680027941885, "E(t)" => 0.1984506701396487, "a" => 0.6778011772796199)
DEBUG: Processing solution 4
DEBUG: Constructed initial conditions: [0.23426651058371437, 0.08237845676550232, 0.3262961141782804, 0.684]
DEBUG: Constructed parameter values: [0.3974953563297325, 1.0100759107734272, 1.2638261788721703]
DEBUG: Parameter/IC mapping:
Dict("nu" => 1.0100759107734272, "NN(t)" => 0.684, "b" => 1.2638261788721703, "In(t)" => 0.3262961141782804, "S(t)" => 0.23426651058371437, "E(t)" => 0.08237845676550232, "a" => 0.3974953563297325)
DEBUG [determine_optimal_points_count]: Large num points: 1
DEBUG [determine_optimal_points_count]: Good num points: 1
DEBUG [multipoint_parameter_estimation]: Parameter estimation using this many points: 1
DEBUG [multipoint_parameter_estimation]: Ideal final target: 
-0.684 + _t445_NN_t_
-0.31755110168348705 + _t445_In_t_
0.03360537819295026 + _t445_Inˍt_t_
-0.041476993196275576 + _t445_Inˍtt_t_
0.1292161520553076 + _t445_Inˍttt_t_
-0.2449756903036333 + _t445_Inˍtttt_t_
0.43808394460448996 + _t445_Inˍttttt_t_
_t445_Inˍt_t_ - _t445_E_t_*_tpnu_ + _t445_In_t_*_tpa_
_t445_Inˍtt_t_ - _t445_Eˍt_t_*_tpnu_ + _t445_Inˍt_t_*_tpa_
_t445_Inˍttt_t_ - _t445_Eˍtt_t_*_tpnu_ + _t445_Inˍtt_t_*_tpa_
_t445_Inˍtttt_t_ - _t445_Eˍttt_t_*_tpnu_ + _t445_Inˍttt_t_*_tpa_
_t445_Inˍttttt_t_ - _t445_Eˍtttt_t_*_tpnu_ + _t445_Inˍtttt_t_*_tpa_
_t445_Eˍt_t_*_t445_NN_t_ + _t445_E_t_*_t445_NN_t_*_tpnu_ - _t445_In_t_*_t445_S_t_*_tpb_
_t445_Eˍt_t_*_t445_NNˍt_t_ + _t445_Eˍtt_t_*_t445_NN_t_ + _t445_E_t_*_t445_NNˍt_t_*_tpnu_ + _t445_Eˍt_t_*_t445_NN_t_*_tpnu_ - _t445_In_t_*_t445_Sˍt_t_*_tpb_ - _t445_Inˍt_t_*_t445_S_t_*_tpb_
_t445_Eˍt_t_*_t445_NNˍtt_t_ + 2_t445_Eˍtt_t_*_t445_NNˍt_t_ + _t445_Eˍttt_t_*_t445_NN_t_ + _t445_E_t_*_t445_NNˍtt_t_*_tpnu_ + 2_t445_Eˍt_t_*_t445_NNˍt_t_*_tpnu_ + _t445_Eˍtt_t_*_t445_NN_t_*_tpnu_ - _t445_In_t_*_t445_Sˍtt_t_*_tpb_ - 2_t445_Inˍt_t_*_t445_Sˍt_t_*_tpb_ - _t445_Inˍtt_t_*_t445_S_t_*_tpb_
_t445_Eˍt_t_*_t445_NNˍttt_t_ + 3_t445_Eˍtt_t_*_t445_NNˍtt_t_ + 3_t445_Eˍttt_t_*_t445_NNˍt_t_ + _t445_Eˍtttt_t_*_t445_NN_t_ + _t445_E_t_*_t445_NNˍttt_t_*_tpnu_ + 3_t445_Eˍt_t_*_t445_NNˍtt_t_*_tpnu_ + 3_t445_Eˍtt_t_*_t445_NNˍt_t_*_tpnu_ + _t445_Eˍttt_t_*_t445_NN_t_*_tpnu_ - _t445_In_t_*_t445_Sˍttt_t_*_tpb_ - 3_t445_Inˍt_t_*_t445_Sˍtt_t_*_tpb_ - 3_t445_Inˍtt_t_*_t445_Sˍt_t_*_tpb_ - _t445_Inˍttt_t_*_t445_S_t_*_tpb_
_t445_NN_t_*_t445_Sˍt_t_ + _t445_In_t_*_t445_S_t_*_tpb_
_t445_NNˍt_t_
_t445_NNˍtt_t_
_t445_NN_t_*_t445_Sˍtt_t_ + _t445_NNˍt_t_*_t445_Sˍt_t_ + _t445_In_t_*_t445_Sˍt_t_*_tpb_ + _t445_Inˍt_t_*_t445_S_t_*_tpb_
_t445_NNˍttt_t_
_t445_NN_t_*_t445_Sˍttt_t_ + 2_t445_NNˍt_t_*_t445_Sˍtt_t_ + _t445_NNˍtt_t_*_t445_Sˍt_t_ + _t445_In_t_*_t445_Sˍtt_t_*_tpb_ + 2_t445_Inˍt_t_*_t445_Sˍt_t_*_tpb_ + _t445_Inˍtt_t_*_t445_S_t_*_tpb_
DEBUG [but we are actually solving this: 
-0.684 + _t445_NN_t_
-0.317551101683487 + _t445_In_t_
0.0336053781929504 + _t445_Inˍt_t_
-0.041476993196368994 + _t445_Inˍtt_t_
0.12921615205414128 + _t445_Inˍttt_t_
-0.24497569011873566 + _t445_Inˍtttt_t_
0.4380839616060257 + _t445_Inˍttttt_t_
_t445_Inˍt_t_ - _t445_E_t_*_tpnu_ + _t445_In_t_*_tpa_
_t445_Inˍtt_t_ - _t445_Eˍt_t_*_tpnu_ + _t445_Inˍt_t_*_tpa_
_t445_Inˍttt_t_ - _t445_Eˍtt_t_*_tpnu_ + _t445_Inˍtt_t_*_tpa_
_t445_Inˍtttt_t_ - _t445_Eˍttt_t_*_tpnu_ + _t445_Inˍttt_t_*_tpa_
_t445_Inˍttttt_t_ - _t445_Eˍtttt_t_*_tpnu_ + _t445_Inˍtttt_t_*_tpa_
_t445_Eˍt_t_*_t445_NN_t_ + _t445_E_t_*_t445_NN_t_*_tpnu_ - _t445_In_t_*_t445_S_t_*_tpb_
_t445_Eˍt_t_*_t445_NNˍt_t_ + _t445_Eˍtt_t_*_t445_NN_t_ + _t445_E_t_*_t445_NNˍt_t_*_tpnu_ + _t445_Eˍt_t_*_t445_NN_t_*_tpnu_ - _t445_In_t_*_t445_Sˍt_t_*_tpb_ - _t445_Inˍt_t_*_t445_S_t_*_tpb_
_t445_Eˍt_t_*_t445_NNˍtt_t_ + 2_t445_Eˍtt_t_*_t445_NNˍt_t_ + _t445_Eˍttt_t_*_t445_NN_t_ + _t445_E_t_*_t445_NNˍtt_t_*_tpnu_ + 2_t445_Eˍt_t_*_t445_NNˍt_t_*_tpnu_ + _t445_Eˍtt_t_*_t445_NN_t_*_tpnu_ - _t445_In_t_*_t445_Sˍtt_t_*_tpb_ - 2_t445_Inˍt_t_*_t445_Sˍt_t_*_tpb_ - _t445_Inˍtt_t_*_t445_S_t_*_tpb_
_t445_Eˍt_t_*_t445_NNˍttt_t_ + 3_t445_Eˍtt_t_*_t445_NNˍtt_t_ + 3_t445_Eˍttt_t_*_t445_NNˍt_t_ + _t445_Eˍtttt_t_*_t445_NN_t_ + _t445_E_t_*_t445_NNˍttt_t_*_tpnu_ + 3_t445_Eˍt_t_*_t445_NNˍtt_t_*_tpnu_ + 3_t445_Eˍtt_t_*_t445_NNˍt_t_*_tpnu_ + _t445_Eˍttt_t_*_t445_NN_t_*_tpnu_ - _t445_In_t_*_t445_Sˍttt_t_*_tpb_ - 3_t445_Inˍt_t_*_t445_Sˍtt_t_*_tpb_ - 3_t445_Inˍtt_t_*_t445_Sˍt_t_*_tpb_ - _t445_Inˍttt_t_*_t445_S_t_*_tpb_
_t445_NN_t_*_t445_Sˍt_t_ + _t445_In_t_*_t445_S_t_*_tpb_
_t445_NNˍt_t_
_t445_NNˍtt_t_
_t445_NN_t_*_t445_Sˍtt_t_ + _t445_NNˍt_t_*_t445_Sˍt_t_ + _t445_In_t_*_t445_Sˍt_t_*_tpb_ + _t445_Inˍt_t_*_t445_S_t_*_tpb_
_t445_NNˍttt_t_
_t445_NN_t_*_t445_Sˍttt_t_ + 2_t445_NNˍt_t_*_t445_Sˍtt_t_ + _t445_NNˍtt_t_*_t445_Sˍt_t_ + _t445_In_t_*_t445_Sˍtt_t_*_tpb_ + 2_t445_Inˍt_t_*_t445_Sˍt_t_*_tpb_ + _t445_Inˍtt_t_*_t445_S_t_*_tpb_
As a reminder the true parameter values are: 
OrderedDict{Num, Float64}(a => 0.678, b => 0.793, nu => 0.88)
And the true states are: 
OrderedDict{Num, Float64}(S(t) => 0.785, E(t) => 0.109, In(t) => 0.388, NN(t) => 0.684)
The forward substitution dictionary is: 
Any[OrderedDict{Num, Any}(Sˍt(t) => _t445_Sˍt_t_, Eˍt(t) => _t445_Eˍt_t_, Inˍt(t) => _t445_Inˍt_t_, NNˍt(t) => _t445_NNˍt_t_, Sˍtt(t) => _t445_Sˍtt_t_, Eˍtt(t) => _t445_Eˍtt_t_, Inˍtt(t) => _t445_Inˍtt_t_, NNˍtt(t) => _t445_NNˍtt_t_, Sˍttt(t) => _t445_Sˍttt_t_, Eˍttt(t) => _t445_Eˍttt_t_, Inˍttt(t) => _t445_Inˍttt_t_, NNˍttt(t) => _t445_NNˍttt_t_, Sˍtttt(t) => _t445_Sˍtttt_t_, Eˍtttt(t) => _t445_Eˍtttt_t_, Inˍtttt(t) => _t445_Inˍtttt_t_, NNˍtttt(t) => _t445_NNˍtttt_t_, Sˍttttt(t) => _t445_Sˍttttt_t_, Eˍttttt(t) => _t445_Eˍttttt_t_, Inˍttttt(t) => _t445_Inˍttttt_t_, NNˍttttt(t) => _t445_NNˍttttt_t_, Sˍtttttt(t) => _t445_Sˍtttttt_t_, Eˍtttttt(t) => _t445_Eˍtttttt_t_, Inˍtttttt(t) => _t445_Inˍtttttt_t_, NNˍtttttt(t) => _t445_NNˍtttttt_t_, S(t) => _t445_S_t_, E(t) => _t445_E_t_, In(t) => _t445_In_t_, NN(t) => _t445_NN_t_, y1(t) => _t445_y1_t_, y2(t) => _t445_y2_t_, y1ˍt(t) => _t445_y1ˍt_t_, y2ˍt(t) => _t445_y2ˍt_t_, y1ˍtt(t) => _t445_y1ˍtt_t_, y2ˍtt(t) => _t445_y2ˍtt_t_, y1ˍttt(t) => _t445_y1ˍttt_t_, y2ˍttt(t) => _t445_y2ˍttt_t_, y1ˍtttt(t) => _t445_y1ˍtttt_t_, y2ˍtttt(t) => _t445_y2ˍtttt_t_, y1ˍttttt(t) => _t445_y1ˍttttt_t_, y2ˍttttt(t) => _t445_y2ˍttttt_t_, y1ˍtttttt(t) => _t445_y1ˍtttttt_t_, y2ˍtttttt(t) => _t445_y2ˍtttttt_t_, a => _tpa_, nu => _tpnu_, b => _tpb_)]
The reverse substitution dictionary is: 
Any[OrderedDict{Any, Any}(_t445_Sˍt_t_ => Sˍt(t), _t445_Eˍt_t_ => Eˍt(t), _t445_Inˍt_t_ => Inˍt(t), _t445_NNˍt_t_ => NNˍt(t), _t445_Sˍtt_t_ => Sˍtt(t), _t445_Eˍtt_t_ => Eˍtt(t), _t445_Inˍtt_t_ => Inˍtt(t), _t445_NNˍtt_t_ => NNˍtt(t), _t445_Sˍttt_t_ => Sˍttt(t), _t445_Eˍttt_t_ => Eˍttt(t), _t445_Inˍttt_t_ => Inˍttt(t), _t445_NNˍttt_t_ => NNˍttt(t), _t445_Sˍtttt_t_ => Sˍtttt(t), _t445_Eˍtttt_t_ => Eˍtttt(t), _t445_Inˍtttt_t_ => Inˍtttt(t), _t445_NNˍtttt_t_ => NNˍtttt(t), _t445_Sˍttttt_t_ => Sˍttttt(t), _t445_Eˍttttt_t_ => Eˍttttt(t), _t445_Inˍttttt_t_ => Inˍttttt(t), _t445_NNˍttttt_t_ => NNˍttttt(t), _t445_Sˍtttttt_t_ => Sˍtttttt(t), _t445_Eˍtttttt_t_ => Eˍtttttt(t), _t445_Inˍtttttt_t_ => Inˍtttttt(t), _t445_NNˍtttttt_t_ => NNˍtttttt(t), _t445_S_t_ => S(t), _t445_E_t_ => E(t), _t445_In_t_ => In(t), _t445_NN_t_ => NN(t), _t445_y1_t_ => y1(t), _t445_y2_t_ => y2(t), _t445_y1ˍt_t_ => y1ˍt(t), _t445_y2ˍt_t_ => y2ˍt(t), _t445_y1ˍtt_t_ => y1ˍtt(t), _t445_y2ˍtt_t_ => y2ˍtt(t), _t445_y1ˍttt_t_ => y1ˍttt(t), _t445_y2ˍttt_t_ => y2ˍttt(t), _t445_y1ˍtttt_t_ => y1ˍtttt(t), _t445_y2ˍtttt_t_ => y2ˍtttt(t), _t445_y1ˍttttt_t_ => y1ˍttttt(t), _t445_y2ˍttttt_t_ => y2ˍttttt(t), _t445_y1ˍtttttt_t_ => y1ˍtttttt(t), _t445_y2ˍtttttt_t_ => y2ˍtttttt(t), _tpa_ => a, _tpnu_ => nu, _tpb_ => b)]
DEBUG [multipoint_parameter_estimation]: Evaluated ideal polynomial system with exact state and parameter values:
0.0
0.0
0.0
0.0
-2.7755575615628914e-17
5.551115123125783e-17
-1.1102230246251565e-16
0.0
0.0
-6.938893903907228e-18
0.0
-2.7755575615628914e-17
0.0
0.0
-3.469446951953614e-18
6.938893903907228e-18
0.0
0
0
0.0
0
6.938893903907228e-18
DEBUG [multipoint_parameter_estimation]: Evaluated interpolated polynomial system with exact state and parameter values:
0.0
5.551115123125783e-17
1.3877787807814457e-16
-9.341832862830302e-14
-1.1663447985199582e-12
1.8489770825524943e-10
1.7001535623784036e-8
0.0
0.0
-6.938893903907228e-18
0.0
-2.7755575615628914e-17
0.0
0.0
-3.469446951953614e-18
6.938893903907228e-18
0.0
0
0
0.0
0
6.938893903907228e-18
and by the way the exact state values are: (at the time index 445)
OrderedDict{Any, Any}(S(t) => 0.551223795011715, E(t) => 0.206470759941425, In(t) => 0.31755110168348705, NN(t) => 0.684)
and by the way the exact parameter values are:
OrderedDict{Num, Float64}(a => 0.678, b => 0.793, nu => 0.88)
aa_system
Any[_t445_NN_t_ - 6160924290242839//9007199254740992, _t445_In_t_ - 2860246046425685//9007199254740992, _t445_Inˍt_t_ + 18918146088427//562949953421312, _t445_Inˍtt_t_ - 1459341961747//35184372088832, _t445_Inˍttt_t_ + 8879666355//68719476736, _t445_Inˍtttt_t_ - 8417300619//34359738368, _t445_Inˍttttt_t_ + 29399317//67108864, _tpa_*_t445_In_t_ - _tpnu_*_t445_E_t_ + _t445_Inˍt_t_, _tpa_*_t445_Inˍt_t_ - _tpnu_*_t445_Eˍt_t_ + _t445_Inˍtt_t_, _tpa_*_t445_Inˍtt_t_ - _tpnu_*_t445_Eˍtt_t_ + _t445_Inˍttt_t_, _tpa_*_t445_Inˍttt_t_ - _tpnu_*_t445_Eˍttt_t_ + _t445_Inˍtttt_t_, _tpa_*_t445_Inˍtttt_t_ - _tpnu_*_t445_Eˍtttt_t_ + _t445_Inˍttttt_t_, _tpnu_*_t445_E_t_*_t445_NN_t_ - _tpb_*_t445_S_t_*_t445_In_t_ + _t445_NN_t_*_t445_Eˍt_t_, _tpnu_*_t445_E_t_*_t445_NNˍt_t_ + _tpnu_*_t445_NN_t_*_t445_Eˍt_t_ - _tpb_*_t445_S_t_*_t445_Inˍt_t_ - _tpb_*_t445_In_t_*_t445_Sˍt_t_ + _t445_NN_t_*_t445_Eˍtt_t_ + _t445_Eˍt_t_*_t445_NNˍt_t_, _tpnu_*_t445_E_t_*_t445_NNˍtt_t_ + _tpnu_*_t445_NN_t_*_t445_Eˍtt_t_ + 2*_tpnu_*_t445_Eˍt_t_*_t445_NNˍt_t_ - _tpb_*_t445_S_t_*_t445_Inˍtt_t_ - _tpb_*_t445_In_t_*_t445_Sˍtt_t_ - 2*_tpb_*_t445_Inˍt_t_*_t445_Sˍt_t_ + _t445_NN_t_*_t445_Eˍttt_t_ + _t445_Eˍt_t_*_t445_NNˍtt_t_ + 2*_t445_Eˍtt_t_*_t445_NNˍt_t_, _tpnu_*_t445_E_t_*_t445_NNˍttt_t_ + _tpnu_*_t445_NN_t_*_t445_Eˍttt_t_ + 3*_tpnu_*_t445_Eˍt_t_*_t445_NNˍtt_t_ + 3*_tpnu_*_t445_Eˍtt_t_*_t445_NNˍt_t_ - _tpb_*_t445_S_t_*_t445_Inˍttt_t_ - _tpb_*_t445_In_t_*_t445_Sˍttt_t_ - 3*_tpb_*_t445_Inˍt_t_*_t445_Sˍtt_t_ - 3*_tpb_*_t445_Inˍtt_t_*_t445_Sˍt_t_ + _t445_NN_t_*_t445_Eˍtttt_t_ + _t445_Eˍt_t_*_t445_NNˍttt_t_ + 3*_t445_Eˍtt_t_*_t445_NNˍtt_t_ + 3*_t445_Eˍttt_t_*_t445_NNˍt_t_, _tpb_*_t445_S_t_*_t445_In_t_ + _t445_NN_t_*_t445_Sˍt_t_, _t445_NNˍt_t_, _t445_NNˍtt_t_, _tpb_*_t445_S_t_*_t445_Inˍt_t_ + _tpb_*_t445_In_t_*_t445_Sˍt_t_ + _t445_NN_t_*_t445_Sˍtt_t_ + _t445_Sˍt_t_*_t445_NNˍt_t_, _t445_NNˍttt_t_, _tpb_*_t445_S_t_*_t445_Inˍtt_t_ + _tpb_*_t445_In_t_*_t445_Sˍtt_t_ + 2*_tpb_*_t445_Inˍt_t_*_t445_Sˍt_t_ + _t445_NN_t_*_t445_Sˍttt_t_ + _t445_Sˍt_t_*_t445_NNˍtt_t_ + 2*_t445_NNˍt_t_*_t445_Sˍtt_t_]
R
Multivariate polynomial ring in 22 variables over rationals
primes of bitsize 28
G-Q-Pt-FG-LT-LP(C)
Dimension of the quotient :4
Degree of the radical :4
Use last variable as separating element
Separating form: [0, 0, 0, 0, 0, 0, 0, 0, 0, 0, 0, 0, 0, 0, 0, 0, 0, 0, 0, 0, 0, 1]
Run Groebner learn
Test cyclic optimization
Apply cyclic optimization 
Multi-modular computation (1 threads): G-Q-Pt-FG-LT-LP(C)
5-9-13-17-21-25-29-33-37-41-45-49-53-61-69-77-85-93-
check-G-Q-Pt-FG-LT-LP(C)
Nb Primes used :93
4-element Vector{Vector{MPFI.BigInterval}}:
 [[0.603539194070222055415, 0.603539194805025464697], [0.419946678050777425328, 0.419946678348045115595], [2.11581964418756882681, 2.1158196447877862243], [0.212280644564385683567, 0.212280644603163417555], [0.376355299627715700567, 0.376355299653578423608], [0.317551101677413125397, 0.317551101689560857626], [0.683999999993458547109, 0.684000000006541557696], [-0.0336053781931110912344, -0.0336053781927897026955], [0.0414769931962698267899, 0.0414769931964681615636], [-0.129216152054295747106, -0.129216152053986804063], [0.244975690118589227978, 0.244975690118882084307], [-0.438083961606156622727, -0.438083961605894768875], [0.0504702892368125000857, 0.0504702892368262910425], [-0.248086641470740981804, -0.248086641470707284414], [0.397642573370084338188, 0.397642573370111393952], [-0.691115196280548512879, -0.691115196280524992847], [-0.208519447146288926924, -0.20851944714628513225], [0.0, 0.0], [0.0, 0.0], [0.226891811157655928472, 0.22689181115765783559], [0.0, 0.0], [-0.293459412377333991499, -0.29345941237733256561]]
 [[0.419946678154013463779, 0.419946678264350048158], [0.603539194394455442598, 0.603539194468598647248], [2.11581964447057269292, 2.11581964452656156759], [0.147706316940128123261, 0.147706316950802461471], [0.1652736939679290873, 0.165273693969790403984], [0.317551101682564823584, 0.317551101684409159439], [0.683999999999006884913, 0.684000000000993219892], [-0.0336053781929747944582, -0.0336053781929259994718], [0.0414769931963539380357, 0.0414769931963840503178], [-0.129216152054164728307, -0.129216152054117822862], [0.244975690118713424604, 0.244975690118757887681], [-0.438083961606045573862, -0.43808396160600581774], [0.045340098052721250851, 0.0453400980527223898223], [-0.185237392318478104866, -0.185237392318475438657], [0.315989082484080997481, 0.315989082484083167986], [-0.555402594213714487697, -0.555402594213712595981], [-0.145089250172215842068, -0.145089250172215331545], [0.0, 0.0], [0.0, 0.0], [0.157872866064073155455, 0.157872866064073291577], [0.0, 0.0], [-0.2041910559447043696, -0.204191055944704197063]]
 [[0.879998265443895310998, 0.879998265796081849014], [0.678002023298390496715, 0.678002023457648217441], [0.792999058267663123459, 0.792999058331433076264], [0.71545215807783323986, 0.715452158115135097426], [0.362593372957273115808, 0.362593372965493447382], [0.317551101681443126461, 0.317551101685530856562], [0.683999999997798826059, 0.684000000002201278746], [-0.0336053781930044708284, -0.0336053781928963231016], [0.0414769931963356242025, 0.041476993196402364151], [-0.129216152054193255483, -0.129216152054089295687], [0.244975690118686382847, 0.244975690118784929438], [-0.438083961606069752912, -0.43808396160598163869], [0.017557939741240287915, 0.0175579397412418042793], [-0.136749547612152485206, -0.136749547612146493472], [0.193606649970383401005, 0.193606649970387628614], [-0.328178635914820291539, -0.328178635914816711002], [-0.263396980275611047965, -0.263396980275609457914], [0.0, 0.0], [0.0, 0.0], [0.124845228941094777985, 0.124845228941095112418], [0.0, 0.0], [-0.100890179992198454782, -0.100890179992198282367]]
 [[0.678002023108833321827, 0.678002023681669719176], [0.879998265447140385102, 0.879998265780209180248], [0.792999058206643912968, 0.792999058382493046346], [0.55122609867660074816, 0.55122609873353287506], [0.20647189701359755428, 0.206471897025699466817], [0.317551101679463575973, 0.317551101687510407051], [0.683999999995666866005, 0.6840000000043332388], [-0.0336053781930568431415, -0.0336053781928439507885], [0.0414769931963033042848, 0.0414769931964346840687], [-0.129216152054243599726, -0.129216152054038951443], [0.244975690118638660041, 0.244975690118832652243], [-0.438083961606112423667, -0.438083961605938967935], [0.0212414950292081202147, 0.0212414950292124737345], [-0.114880529533497248579, -0.114880529533484936426], [0.178826349687060989324, 0.178826349687070447707], [-0.309080095553750939003, -0.309080095553742785966], [-0.202936406306187048646, -0.202936406306184416704], [0.0, 0.0], [0.0, 0.0], [0.0961880507486012640261, 0.0961880507486019238072], [0.0, 0.0], [-0.0777316829440389081991, -0.0777316829440386816279]]
Vector{Any}
SOLNS: Any[[0.6035391944376237, 0.4199466781994113, 2.1158196444876776, 0.21228064458377455, 0.37635529964064707, 0.317551101683487, 0.684, -0.0336053781929504, 0.041476993196368994, -0.12921615205414128, 0.24497569011873566, -0.4380839616060257, 0.0504702892368194, -0.24808664147072412, 0.39764257337009784, -0.6911151962805367, -0.20851944714628703, 0.0, 0.0, 0.2268918111576569, 0.0, -0.2934594123773333], [0.41994667820918175, 0.603539194431527, 2.115819644498567, 0.1477063169454653, 0.16527369396885974, 0.317551101683487, 0.684, -0.0336053781929504, 0.041476993196368994, -0.12921615205414128, 0.24497569011873566, -0.4380839616060257, 0.04534009805272182, -0.18523739231847677, 0.3159890824840821, -0.5554025942137135, -0.14508925017221558, 0.0, 0.0, 0.15787286606407322, 0.0, -0.20419105594470427], [0.8799982656199886, 0.6780020233780194, 0.7929990582995481, 0.7154521580964842, 0.3625933729613833, 0.317551101683487, 0.684, -0.0336053781929504, 0.041476993196368994, -0.12921615205414128, 0.24497569011873566, -0.4380839616060257, 0.017557939741241046, -0.1367495476121495, 0.1936066499703855, -0.3281786359148185, -0.26339698027561026, 0.0, 0.0, 0.12484522894109494, 0.0, -0.10089017999219838], [0.6780020233952515, 0.8799982656136748, 0.7929990582945685, 0.5512260987050668, 0.20647189701964852, 0.317551101683487, 0.684, -0.0336053781929504, 0.041476993196368994, -0.12921615205414128, 0.24497569011873566, -0.4380839616060257, 0.021241495029210297, -0.1148805295334911, 0.1788263496870657, -0.3090800955537469, -0.20293640630618573, 0.0, 0.0, 0.0961880507486016, 0.0, -0.07773168294403879]]
Vector{Float64}
SOLN 1: [0.6035391944376237, 0.4199466781994113, 2.1158196444876776, 0.21228064458377455, 0.37635529964064707, 0.317551101683487, 0.684, -0.0336053781929504, 0.041476993196368994, -0.12921615205414128, 0.24497569011873566, -0.4380839616060257, 0.0504702892368194, -0.24808664147072412, 0.39764257337009784, -0.6911151962805367, -0.20851944714628703, 0.0, 0.0, 0.2268918111576569, 0.0, -0.2934594123773333]
Vector{Float64}
SOLN 2: [0.41994667820918175, 0.603539194431527, 2.115819644498567, 0.1477063169454653, 0.16527369396885974, 0.317551101683487, 0.684, -0.0336053781929504, 0.041476993196368994, -0.12921615205414128, 0.24497569011873566, -0.4380839616060257, 0.04534009805272182, -0.18523739231847677, 0.3159890824840821, -0.5554025942137135, -0.14508925017221558, 0.0, 0.0, 0.15787286606407322, 0.0, -0.20419105594470427]
Vector{Float64}
SOLN 3: [0.8799982656199886, 0.6780020233780194, 0.7929990582995481, 0.7154521580964842, 0.3625933729613833, 0.317551101683487, 0.684, -0.0336053781929504, 0.041476993196368994, -0.12921615205414128, 0.24497569011873566, -0.4380839616060257, 0.017557939741241046, -0.1367495476121495, 0.1936066499703855, -0.3281786359148185, -0.26339698027561026, 0.0, 0.0, 0.12484522894109494, 0.0, -0.10089017999219838]
Vector{Float64}
SOLN 4: [0.6780020233952515, 0.8799982656136748, 0.7929990582945685, 0.5512260987050668, 0.20647189701964852, 0.317551101683487, 0.684, -0.0336053781929504, 0.041476993196368994, -0.12921615205414128, 0.24497569011873566, -0.4380839616060257, 0.021241495029210297, -0.1148805295334911, 0.1788263496870657, -0.3090800955537469, -0.20293640630618573, 0.0, 0.0, 0.0961880507486016, 0.0, -0.07773168294403879]
DEBUG: Processing solution 1
DEBUG: Constructed initial conditions: [0.21228064458377455, 0.37635529964064707, 0.317551101683487, 0.684]
DEBUG: Constructed parameter values: [0.6035391944376237, 0.4199466781994113, 2.1158196444876776]
DEBUG: Parameter/IC mapping:
Dict("nu" => 0.4199466781994113, "NN(t)" => 0.684, "b" => 2.1158196444876776, "In(t)" => 0.317551101683487, "S(t)" => 0.21228064458377455, "E(t)" => 0.37635529964064707, "a" => 0.6035391944376237)
DEBUG: Processing solution 2
DEBUG: Constructed initial conditions: [0.1477063169454653, 0.16527369396885974, 0.317551101683487, 0.684]
DEBUG: Constructed parameter values: [0.41994667820918175, 0.603539194431527, 2.115819644498567]
DEBUG: Parameter/IC mapping:
Dict("nu" => 0.603539194431527, "NN(t)" => 0.684, "b" => 2.115819644498567, "In(t)" => 0.317551101683487, "S(t)" => 0.1477063169454653, "E(t)" => 0.16527369396885974, "a" => 0.41994667820918175)
DEBUG: Processing solution 3
DEBUG: Constructed initial conditions: [0.7154521580964842, 0.3625933729613833, 0.317551101683487, 0.684]
DEBUG: Constructed parameter values: [0.8799982656199886, 0.6780020233780194, 0.7929990582995481]
DEBUG: Parameter/IC mapping:
Dict("nu" => 0.6780020233780194, "NN(t)" => 0.684, "b" => 0.7929990582995481, "In(t)" => 0.317551101683487, "S(t)" => 0.7154521580964842, "E(t)" => 0.3625933729613833, "a" => 0.8799982656199886)
DEBUG: Processing solution 4
DEBUG: Constructed initial conditions: [0.5512260987050668, 0.20647189701964852, 0.317551101683487, 0.684]
DEBUG: Constructed parameter values: [0.6780020233952515, 0.8799982656136748, 0.7929990582945685]
DEBUG: Parameter/IC mapping:
Dict("nu" => 0.8799982656136748, "NN(t)" => 0.684, "b" => 0.7929990582945685, "In(t)" => 0.317551101683487, "S(t)" => 0.5512260987050668, "E(t)" => 0.20647189701964852, "a" => 0.6780020233952515)
DEBUG [determine_optimal_points_count]: Large num points: 1
DEBUG [determine_optimal_points_count]: Good num points: 1
DEBUG [multipoint_parameter_estimation]: Parameter estimation using this many points: 1
DEBUG [multipoint_parameter_estimation]: Ideal final target: 
-0.684 + _t556_NN_t_
-0.31090011578065874 + _t556_In_t_
0.02717565525656862 + _t556_Inˍt_t_
-0.018108611583520312 + _t556_Inˍtt_t_
0.08422199246229756 + _t556_Inˍttt_t_
-0.16600049545257584 + _t556_Inˍtttt_t_
0.2854795331235865 + _t556_Inˍttttt_t_
_t556_Inˍt_t_ - _t556_E_t_*_tpnu_ + _t556_In_t_*_tpa_
_t556_Inˍtt_t_ - _t556_Eˍt_t_*_tpnu_ + _t556_Inˍt_t_*_tpa_
_t556_Inˍttt_t_ - _t556_Eˍtt_t_*_tpnu_ + _t556_Inˍtt_t_*_tpa_
_t556_Inˍtttt_t_ - _t556_Eˍttt_t_*_tpnu_ + _t556_Inˍttt_t_*_tpa_
_t556_Inˍttttt_t_ - _t556_Eˍtttt_t_*_tpnu_ + _t556_Inˍtttt_t_*_tpa_
_t556_Eˍt_t_*_t556_NN_t_ + _t556_E_t_*_t556_NN_t_*_tpnu_ - _t556_In_t_*_t556_S_t_*_tpb_
_t556_Eˍt_t_*_t556_NNˍt_t_ + _t556_Eˍtt_t_*_t556_NN_t_ + _t556_E_t_*_t556_NNˍt_t_*_tpnu_ + _t556_Eˍt_t_*_t556_NN_t_*_tpnu_ - _t556_In_t_*_t556_Sˍt_t_*_tpb_ - _t556_Inˍt_t_*_t556_S_t_*_tpb_
_t556_Eˍt_t_*_t556_NNˍtt_t_ + 2_t556_Eˍtt_t_*_t556_NNˍt_t_ + _t556_Eˍttt_t_*_t556_NN_t_ + _t556_E_t_*_t556_NNˍtt_t_*_tpnu_ + 2_t556_Eˍt_t_*_t556_NNˍt_t_*_tpnu_ + _t556_Eˍtt_t_*_t556_NN_t_*_tpnu_ - _t556_In_t_*_t556_Sˍtt_t_*_tpb_ - 2_t556_Inˍt_t_*_t556_Sˍt_t_*_tpb_ - _t556_Inˍtt_t_*_t556_S_t_*_tpb_
_t556_Eˍt_t_*_t556_NNˍttt_t_ + 3_t556_Eˍtt_t_*_t556_NNˍtt_t_ + 3_t556_Eˍttt_t_*_t556_NNˍt_t_ + _t556_Eˍtttt_t_*_t556_NN_t_ + _t556_E_t_*_t556_NNˍttt_t_*_tpnu_ + 3_t556_Eˍt_t_*_t556_NNˍtt_t_*_tpnu_ + 3_t556_Eˍtt_t_*_t556_NNˍt_t_*_tpnu_ + _t556_Eˍttt_t_*_t556_NN_t_*_tpnu_ - _t556_In_t_*_t556_Sˍttt_t_*_tpb_ - 3_t556_Inˍt_t_*_t556_Sˍtt_t_*_tpb_ - 3_t556_Inˍtt_t_*_t556_Sˍt_t_*_tpb_ - _t556_Inˍttt_t_*_t556_S_t_*_tpb_
_t556_NN_t_*_t556_Sˍt_t_ + _t556_In_t_*_t556_S_t_*_tpb_
_t556_NNˍt_t_
_t556_NNˍtt_t_
_t556_NN_t_*_t556_Sˍtt_t_ + _t556_NNˍt_t_*_t556_Sˍt_t_ + _t556_In_t_*_t556_Sˍt_t_*_tpb_ + _t556_Inˍt_t_*_t556_S_t_*_tpb_
_t556_NNˍttt_t_
_t556_NN_t_*_t556_Sˍttt_t_ + 2_t556_NNˍt_t_*_t556_Sˍtt_t_ + _t556_NNˍtt_t_*_t556_Sˍt_t_ + _t556_In_t_*_t556_Sˍtt_t_*_tpb_ + 2_t556_Inˍt_t_*_t556_Sˍt_t_*_tpb_ + _t556_Inˍtt_t_*_t556_S_t_*_tpb_
DEBUG [but we are actually solving this: 
-0.6840000000000002 + _t556_NN_t_
-0.3109001157806607 + _t556_In_t_
0.027175655256563624 + _t556_Inˍt_t_
-0.01810861158331889 + _t556_Inˍtt_t_
0.08422199246405171 + _t556_Inˍttt_t_
-0.16600049549833784 + _t556_Inˍtttt_t_
0.2854795341845602 + _t556_Inˍttttt_t_
_t556_Inˍt_t_ - _t556_E_t_*_tpnu_ + _t556_In_t_*_tpa_
_t556_Inˍtt_t_ - _t556_Eˍt_t_*_tpnu_ + _t556_Inˍt_t_*_tpa_
_t556_Inˍttt_t_ - _t556_Eˍtt_t_*_tpnu_ + _t556_Inˍtt_t_*_tpa_
_t556_Inˍtttt_t_ - _t556_Eˍttt_t_*_tpnu_ + _t556_Inˍttt_t_*_tpa_
_t556_Inˍttttt_t_ - _t556_Eˍtttt_t_*_tpnu_ + _t556_Inˍtttt_t_*_tpa_
_t556_Eˍt_t_*_t556_NN_t_ + _t556_E_t_*_t556_NN_t_*_tpnu_ - _t556_In_t_*_t556_S_t_*_tpb_
_t556_Eˍt_t_*_t556_NNˍt_t_ + _t556_Eˍtt_t_*_t556_NN_t_ + _t556_E_t_*_t556_NNˍt_t_*_tpnu_ + _t556_Eˍt_t_*_t556_NN_t_*_tpnu_ - _t556_In_t_*_t556_Sˍt_t_*_tpb_ - _t556_Inˍt_t_*_t556_S_t_*_tpb_
_t556_Eˍt_t_*_t556_NNˍtt_t_ + 2_t556_Eˍtt_t_*_t556_NNˍt_t_ + _t556_Eˍttt_t_*_t556_NN_t_ + _t556_E_t_*_t556_NNˍtt_t_*_tpnu_ + 2_t556_Eˍt_t_*_t556_NNˍt_t_*_tpnu_ + _t556_Eˍtt_t_*_t556_NN_t_*_tpnu_ - _t556_In_t_*_t556_Sˍtt_t_*_tpb_ - 2_t556_Inˍt_t_*_t556_Sˍt_t_*_tpb_ - _t556_Inˍtt_t_*_t556_S_t_*_tpb_
_t556_Eˍt_t_*_t556_NNˍttt_t_ + 3_t556_Eˍtt_t_*_t556_NNˍtt_t_ + 3_t556_Eˍttt_t_*_t556_NNˍt_t_ + _t556_Eˍtttt_t_*_t556_NN_t_ + _t556_E_t_*_t556_NNˍttt_t_*_tpnu_ + 3_t556_Eˍt_t_*_t556_NNˍtt_t_*_tpnu_ + 3_t556_Eˍtt_t_*_t556_NNˍt_t_*_tpnu_ + _t556_Eˍttt_t_*_t556_NN_t_*_tpnu_ - _t556_In_t_*_t556_Sˍttt_t_*_tpb_ - 3_t556_Inˍt_t_*_t556_Sˍtt_t_*_tpb_ - 3_t556_Inˍtt_t_*_t556_Sˍt_t_*_tpb_ - _t556_Inˍttt_t_*_t556_S_t_*_tpb_
_t556_NN_t_*_t556_Sˍt_t_ + _t556_In_t_*_t556_S_t_*_tpb_
_t556_NNˍt_t_
_t556_NNˍtt_t_
_t556_NN_t_*_t556_Sˍtt_t_ + _t556_NNˍt_t_*_t556_Sˍt_t_ + _t556_In_t_*_t556_Sˍt_t_*_tpb_ + _t556_Inˍt_t_*_t556_S_t_*_tpb_
_t556_NNˍttt_t_
_t556_NN_t_*_t556_Sˍttt_t_ + 2_t556_NNˍt_t_*_t556_Sˍtt_t_ + _t556_NNˍtt_t_*_t556_Sˍt_t_ + _t556_In_t_*_t556_Sˍtt_t_*_tpb_ + 2_t556_Inˍt_t_*_t556_Sˍt_t_*_tpb_ + _t556_Inˍtt_t_*_t556_S_t_*_tpb_
As a reminder the true parameter values are: 
OrderedDict{Num, Float64}(a => 0.678, b => 0.793, nu => 0.88)
And the true states are: 
OrderedDict{Num, Float64}(S(t) => 0.785, E(t) => 0.109, In(t) => 0.388, NN(t) => 0.684)
The forward substitution dictionary is: 
Any[OrderedDict{Num, Any}(Sˍt(t) => _t556_Sˍt_t_, Eˍt(t) => _t556_Eˍt_t_, Inˍt(t) => _t556_Inˍt_t_, NNˍt(t) => _t556_NNˍt_t_, Sˍtt(t) => _t556_Sˍtt_t_, Eˍtt(t) => _t556_Eˍtt_t_, Inˍtt(t) => _t556_Inˍtt_t_, NNˍtt(t) => _t556_NNˍtt_t_, Sˍttt(t) => _t556_Sˍttt_t_, Eˍttt(t) => _t556_Eˍttt_t_, Inˍttt(t) => _t556_Inˍttt_t_, NNˍttt(t) => _t556_NNˍttt_t_, Sˍtttt(t) => _t556_Sˍtttt_t_, Eˍtttt(t) => _t556_Eˍtttt_t_, Inˍtttt(t) => _t556_Inˍtttt_t_, NNˍtttt(t) => _t556_NNˍtttt_t_, Sˍttttt(t) => _t556_Sˍttttt_t_, Eˍttttt(t) => _t556_Eˍttttt_t_, Inˍttttt(t) => _t556_Inˍttttt_t_, NNˍttttt(t) => _t556_NNˍttttt_t_, Sˍtttttt(t) => _t556_Sˍtttttt_t_, Eˍtttttt(t) => _t556_Eˍtttttt_t_, Inˍtttttt(t) => _t556_Inˍtttttt_t_, NNˍtttttt(t) => _t556_NNˍtttttt_t_, S(t) => _t556_S_t_, E(t) => _t556_E_t_, In(t) => _t556_In_t_, NN(t) => _t556_NN_t_, y1(t) => _t556_y1_t_, y2(t) => _t556_y2_t_, y1ˍt(t) => _t556_y1ˍt_t_, y2ˍt(t) => _t556_y2ˍt_t_, y1ˍtt(t) => _t556_y1ˍtt_t_, y2ˍtt(t) => _t556_y2ˍtt_t_, y1ˍttt(t) => _t556_y1ˍttt_t_, y2ˍttt(t) => _t556_y2ˍttt_t_, y1ˍtttt(t) => _t556_y1ˍtttt_t_, y2ˍtttt(t) => _t556_y2ˍtttt_t_, y1ˍttttt(t) => _t556_y1ˍttttt_t_, y2ˍttttt(t) => _t556_y2ˍttttt_t_, y1ˍtttttt(t) => _t556_y1ˍtttttt_t_, y2ˍtttttt(t) => _t556_y2ˍtttttt_t_, a => _tpa_, nu => _tpnu_, b => _tpb_)]
The reverse substitution dictionary is: 
Any[OrderedDict{Any, Any}(_t556_Sˍt_t_ => Sˍt(t), _t556_Eˍt_t_ => Eˍt(t), _t556_Inˍt_t_ => Inˍt(t), _t556_NNˍt_t_ => NNˍt(t), _t556_Sˍtt_t_ => Sˍtt(t), _t556_Eˍtt_t_ => Eˍtt(t), _t556_Inˍtt_t_ => Inˍtt(t), _t556_NNˍtt_t_ => NNˍtt(t), _t556_Sˍttt_t_ => Sˍttt(t), _t556_Eˍttt_t_ => Eˍttt(t), _t556_Inˍttt_t_ => Inˍttt(t), _t556_NNˍttt_t_ => NNˍttt(t), _t556_Sˍtttt_t_ => Sˍtttt(t), _t556_Eˍtttt_t_ => Eˍtttt(t), _t556_Inˍtttt_t_ => Inˍtttt(t), _t556_NNˍtttt_t_ => NNˍtttt(t), _t556_Sˍttttt_t_ => Sˍttttt(t), _t556_Eˍttttt_t_ => Eˍttttt(t), _t556_Inˍttttt_t_ => Inˍttttt(t), _t556_NNˍttttt_t_ => NNˍttttt(t), _t556_Sˍtttttt_t_ => Sˍtttttt(t), _t556_Eˍtttttt_t_ => Eˍtttttt(t), _t556_Inˍtttttt_t_ => Inˍtttttt(t), _t556_NNˍtttttt_t_ => NNˍtttttt(t), _t556_S_t_ => S(t), _t556_E_t_ => E(t), _t556_In_t_ => In(t), _t556_NN_t_ => NN(t), _t556_y1_t_ => y1(t), _t556_y2_t_ => y2(t), _t556_y1ˍt_t_ => y1ˍt(t), _t556_y2ˍt_t_ => y2ˍt(t), _t556_y1ˍtt_t_ => y1ˍtt(t), _t556_y2ˍtt_t_ => y2ˍtt(t), _t556_y1ˍttt_t_ => y1ˍttt(t), _t556_y2ˍttt_t_ => y2ˍttt(t), _t556_y1ˍtttt_t_ => y1ˍtttt(t), _t556_y2ˍtttt_t_ => y2ˍtttt(t), _t556_y1ˍttttt_t_ => y1ˍttttt(t), _t556_y2ˍttttt_t_ => y2ˍttttt(t), _t556_y1ˍtttttt_t_ => y1ˍtttttt(t), _t556_y2ˍtttttt_t_ => y2ˍtttttt(t), _tpa_ => a, _tpnu_ => nu, _tpb_ => b)]
DEBUG [multipoint_parameter_estimation]: Evaluated ideal polynomial system with exact state and parameter values:
0.0
0.0
0.0
0.0
0.0
0.0
0.0
0.0
0.0
1.734723475976807e-18
0.0
1.3877787807814457e-17
0.0
5.421010862427522e-18
6.938893903907228e-18
5.204170427930421e-18
0.0
0
0
0.0
0
0.0
DEBUG [multipoint_parameter_estimation]: Evaluated interpolated polynomial system with exact state and parameter values:
-1.1102230246251565e-16
-1.942890293094024e-15
-4.9960036108132044e-15
2.0142221224261903e-13
1.7541523789077473e-12
-4.576200529626817e-11
1.0609736977862383e-9
0.0
0.0
1.734723475976807e-18
0.0
1.3877787807814457e-17
0.0
5.421010862427522e-18
6.938893903907228e-18
5.204170427930421e-18
0.0
0
0
0.0
0
0.0
and by the way the exact state values are: (at the time index 556)
OrderedDict{Any, Any}(S(t) => 0.5084143795289624, E(t) => 0.2086529809576341, In(t) => 0.31090011578065874, NN(t) => 0.684)
and by the way the exact parameter values are:
OrderedDict{Num, Float64}(a => 0.678, b => 0.793, nu => 0.88)
aa_system
Any[_t556_NN_t_ - 770115536280355//1125899906842624, _t556_In_t_ - 2800339291158455//9007199254740992, _t556_Inˍt_t_ + 122388270887009//4503599627370496, _t556_Inˍtt_t_ - 5097121023677//281474976710656, _t556_Inˍttt_t_ + 1481648960459//17592186044416, _t556_Inˍtttt_t_ - 182519475017//1099511627776, _t556_Inˍttttt_t_ + 1226125263//4294967296, _tpa_*_t556_In_t_ - _tpnu_*_t556_E_t_ + _t556_Inˍt_t_, _tpa_*_t556_Inˍt_t_ - _tpnu_*_t556_Eˍt_t_ + _t556_Inˍtt_t_, _tpa_*_t556_Inˍtt_t_ - _tpnu_*_t556_Eˍtt_t_ + _t556_Inˍttt_t_, _tpa_*_t556_Inˍttt_t_ - _tpnu_*_t556_Eˍttt_t_ + _t556_Inˍtttt_t_, _tpa_*_t556_Inˍtttt_t_ - _tpnu_*_t556_Eˍtttt_t_ + _t556_Inˍttttt_t_, _tpnu_*_t556_E_t_*_t556_NN_t_ - _tpb_*_t556_S_t_*_t556_In_t_ + _t556_NN_t_*_t556_Eˍt_t_, _tpnu_*_t556_E_t_*_t556_NNˍt_t_ + _tpnu_*_t556_NN_t_*_t556_Eˍt_t_ - _tpb_*_t556_S_t_*_t556_Inˍt_t_ - _tpb_*_t556_In_t_*_t556_Sˍt_t_ + _t556_NN_t_*_t556_Eˍtt_t_ + _t556_Eˍt_t_*_t556_NNˍt_t_, _tpnu_*_t556_E_t_*_t556_NNˍtt_t_ + _tpnu_*_t556_NN_t_*_t556_Eˍtt_t_ + 2*_tpnu_*_t556_Eˍt_t_*_t556_NNˍt_t_ - _tpb_*_t556_S_t_*_t556_Inˍtt_t_ - _tpb_*_t556_In_t_*_t556_Sˍtt_t_ - 2*_tpb_*_t556_Inˍt_t_*_t556_Sˍt_t_ + _t556_NN_t_*_t556_Eˍttt_t_ + _t556_Eˍt_t_*_t556_NNˍtt_t_ + 2*_t556_Eˍtt_t_*_t556_NNˍt_t_, _tpnu_*_t556_E_t_*_t556_NNˍttt_t_ + _tpnu_*_t556_NN_t_*_t556_Eˍttt_t_ + 3*_tpnu_*_t556_Eˍt_t_*_t556_NNˍtt_t_ + 3*_tpnu_*_t556_Eˍtt_t_*_t556_NNˍt_t_ - _tpb_*_t556_S_t_*_t556_Inˍttt_t_ - _tpb_*_t556_In_t_*_t556_Sˍttt_t_ - 3*_tpb_*_t556_Inˍt_t_*_t556_Sˍtt_t_ - 3*_tpb_*_t556_Inˍtt_t_*_t556_Sˍt_t_ + _t556_NN_t_*_t556_Eˍtttt_t_ + _t556_Eˍt_t_*_t556_NNˍttt_t_ + 3*_t556_Eˍtt_t_*_t556_NNˍtt_t_ + 3*_t556_Eˍttt_t_*_t556_NNˍt_t_, _tpb_*_t556_S_t_*_t556_In_t_ + _t556_NN_t_*_t556_Sˍt_t_, _t556_NNˍt_t_, _t556_NNˍtt_t_, _tpb_*_t556_S_t_*_t556_Inˍt_t_ + _tpb_*_t556_In_t_*_t556_Sˍt_t_ + _t556_NN_t_*_t556_Sˍtt_t_ + _t556_Sˍt_t_*_t556_NNˍt_t_, _t556_NNˍttt_t_, _tpb_*_t556_S_t_*_t556_Inˍtt_t_ + _tpb_*_t556_In_t_*_t556_Sˍtt_t_ + 2*_tpb_*_t556_Inˍt_t_*_t556_Sˍt_t_ + _t556_NN_t_*_t556_Sˍttt_t_ + _t556_Sˍt_t_*_t556_NNˍtt_t_ + 2*_t556_NNˍt_t_*_t556_Sˍtt_t_]
R
Multivariate polynomial ring in 22 variables over rationals
primes of bitsize 28
G-Q-Pt-FG-LT-LP(C)
Dimension of the quotient :4
Degree of the radical :4
Use last variable as separating element
Separating form: [0, 0, 0, 0, 0, 0, 0, 0, 0, 0, 0, 0, 0, 0, 0, 0, 0, 0, 0, 0, 0, 1]
Run Groebner learn
Test cyclic optimization
Apply cyclic optimization 
Multi-modular computation (1 threads): G-Q-Pt-FG-LT-LP(C)
5-9-13-17-21-25-29-33-37-41-45-49-53-61-69-77-85-93-105-
check-G-Q-Pt-FG-LT-LP(C)
Nb Primes used :105
2-element Vector{Vector{MPFI.BigInterval}}:
 [[0.879999936123346040295, 0.879999936806105132261], [0.678000079304384917244, 0.678000079613754640741], [0.792999957637371473987, 0.792999957786268490042], [0.659888860383869454372, 0.659888860448998261233], [0.363446014739238613747, 0.363446014755679110917], [0.310900115776677490414, 0.310900115784643868894], [0.683999999995618528776, 0.684000000004381798074], [-0.0271756552566506667089, -0.0271756552564765822157], [0.0181086115832898893877, 0.0181086115833478903533], [-0.0842219924641191489445, -0.0842219924639842695525], [0.16600049549827137973, 0.166000495498404302524], [-0.285479534184617328251, -0.28547953418450303117], [-0.00856336671878694780595, -0.00856336671878550307309], [-0.100717415072590971479, -0.100717415072581893461], [0.135523800462974368652, 0.135523800462980527848], [-0.205603381059372935483, -0.205603381059368246952], [-0.237853060156958746681, -0.237853060156955937994], [0.0, 0.0], [0.0, 0.0], [0.106523378388294939404, 0.106523378388295535058], [0.0, 0.0], [-0.067237385041620739387, -0.0672373850416205151943]]
 [[0.678000079264370115605, 0.678000079647094960612], [0.87999993635317671131, 0.87999993657014931653], [0.792999957657402751026, 0.792999957769524920214], [0.508414468274506512472, 0.508414468309845938031], [0.20865302408867219822, 0.20865302409682453688], [0.310900115778077575147, 0.310900115783243784161], [0.683999999997158666422, 0.684000000002841660428], [-0.0271756552566200714968, -0.0271756552565071774277], [0.0181086115833000830116, 0.0181086115833376967294], [-0.084221992464095443999, -0.0842219924640079744979], [0.166000495498294740804, 0.16600049549838094145], [-0.285479534184597240627, -0.285479534184523118793], [-0.000359641889349920172668, -0.000359641889349707828311], [-0.0817549517801587769851, -0.0817549517801529516922], [0.123747711112627661032, 0.123747711112631985789], [-0.196512724470659381023, -0.19651272447065597097], [-0.183255006054836541536, -0.183255006054834959665], [0.0, 0.0], [0.0, 0.0], [0.0820714366199318313954, 0.0820714366199322013658], [0.0, 0.0], [-0.0518033587408234628415, -0.0518033587408233646974]]
Vector{Any}
SOLNS: Any[[0.8799999364647256, 0.6780000794590698, 0.79299995771182, 0.6598888604164339, 0.36344601474745886, 0.3109001157806607, 0.6840000000000002, -0.027175655256563624, 0.01810861158331889, -0.08422199246405171, 0.16600049549833784, -0.2854795341845602, -0.008563366718786226, -0.10071741507258643, 0.13552380046297746, -0.2056033810593706, -0.23785306015695734, 0.0, 0.0, 0.10652337838829523, 0.0, -0.06723738504162063], [0.6780000794557325, 0.879999936461663, 0.7929999577134639, 0.5084144682921762, 0.20865302409274836, 0.3109001157806607, 0.6840000000000002, -0.027175655256563624, 0.01810861158331889, -0.08422199246405171, 0.16600049549833784, -0.2854795341845602, -0.000359641889349814, -0.08175495178015586, 0.12374771111262982, -0.19651272447065768, -0.18325500605483575, 0.0, 0.0, 0.08207143661993202, 0.0, -0.05180335874082341]]
Vector{Float64}
SOLN 1: [0.8799999364647256, 0.6780000794590698, 0.79299995771182, 0.6598888604164339, 0.36344601474745886, 0.3109001157806607, 0.6840000000000002, -0.027175655256563624, 0.01810861158331889, -0.08422199246405171, 0.16600049549833784, -0.2854795341845602, -0.008563366718786226, -0.10071741507258643, 0.13552380046297746, -0.2056033810593706, -0.23785306015695734, 0.0, 0.0, 0.10652337838829523, 0.0, -0.06723738504162063]
Vector{Float64}
SOLN 2: [0.6780000794557325, 0.879999936461663, 0.7929999577134639, 0.5084144682921762, 0.20865302409274836, 0.3109001157806607, 0.6840000000000002, -0.027175655256563624, 0.01810861158331889, -0.08422199246405171, 0.16600049549833784, -0.2854795341845602, -0.000359641889349814, -0.08175495178015586, 0.12374771111262982, -0.19651272447065768, -0.18325500605483575, 0.0, 0.0, 0.08207143661993202, 0.0, -0.05180335874082341]
DEBUG: Processing solution 1
DEBUG: Constructed initial conditions: [0.6598888604164339, 0.36344601474745886, 0.3109001157806607, 0.6840000000000002]
DEBUG: Constructed parameter values: [0.8799999364647256, 0.6780000794590698, 0.79299995771182]
DEBUG: Parameter/IC mapping:
Dict("nu" => 0.6780000794590698, "NN(t)" => 0.6840000000000002, "b" => 0.79299995771182, "In(t)" => 0.3109001157806607, "S(t)" => 0.6598888604164339, "E(t)" => 0.36344601474745886, "a" => 0.8799999364647256)
DEBUG: Processing solution 2
DEBUG: Constructed initial conditions: [0.5084144682921762, 0.20865302409274836, 0.3109001157806607, 0.6840000000000002]
DEBUG: Constructed parameter values: [0.6780000794557325, 0.879999936461663, 0.7929999577134639]
DEBUG: Parameter/IC mapping:
Dict("nu" => 0.879999936461663, "NN(t)" => 0.6840000000000002, "b" => 0.7929999577134639, "In(t)" => 0.3109001157806607, "S(t)" => 0.5084144682921762, "E(t)" => 0.20865302409274836, "a" => 0.6780000794557325)
DEBUG [determine_optimal_points_count]: Large num points: 1
DEBUG [determine_optimal_points_count]: Good num points: 1
DEBUG [multipoint_parameter_estimation]: Parameter estimation using this many points: 1
DEBUG [multipoint_parameter_estimation]: Ideal final target: 
-0.684 + _t667_NN_t_
-0.3051753742183433 + _t667_In_t_
0.024954890868786883 + _t667_Inˍt_t_
-0.003031043558159025 + _t667_Inˍtt_t_
0.05352856283180936 + _t667_Inˍttt_t_
-0.11403870054866848 + _t667_Inˍtttt_t_
0.18993527645836245 + _t667_Inˍttttt_t_
_t667_Inˍt_t_ - _t667_E_t_*_tpnu_ + _t667_In_t_*_tpa_
_t667_Inˍtt_t_ - _t667_Eˍt_t_*_tpnu_ + _t667_Inˍt_t_*_tpa_
_t667_Inˍttt_t_ - _t667_Eˍtt_t_*_tpnu_ + _t667_Inˍtt_t_*_tpa_
_t667_Inˍtttt_t_ - _t667_Eˍttt_t_*_tpnu_ + _t667_Inˍttt_t_*_tpa_
_t667_Inˍttttt_t_ - _t667_Eˍtttt_t_*_tpnu_ + _t667_Inˍtttt_t_*_tpa_
_t667_Eˍt_t_*_t667_NN_t_ + _t667_E_t_*_t667_NN_t_*_tpnu_ - _t667_In_t_*_t667_S_t_*_tpb_
_t667_Eˍt_t_*_t667_NNˍt_t_ + _t667_Eˍtt_t_*_t667_NN_t_ + _t667_E_t_*_t667_NNˍt_t_*_tpnu_ + _t667_Eˍt_t_*_t667_NN_t_*_tpnu_ - _t667_In_t_*_t667_Sˍt_t_*_tpb_ - _t667_Inˍt_t_*_t667_S_t_*_tpb_
_t667_Eˍt_t_*_t667_NNˍtt_t_ + 2_t667_Eˍtt_t_*_t667_NNˍt_t_ + _t667_Eˍttt_t_*_t667_NN_t_ + _t667_E_t_*_t667_NNˍtt_t_*_tpnu_ + 2_t667_Eˍt_t_*_t667_NNˍt_t_*_tpnu_ + _t667_Eˍtt_t_*_t667_NN_t_*_tpnu_ - _t667_In_t_*_t667_Sˍtt_t_*_tpb_ - 2_t667_Inˍt_t_*_t667_Sˍt_t_*_tpb_ - _t667_Inˍtt_t_*_t667_S_t_*_tpb_
_t667_Eˍt_t_*_t667_NNˍttt_t_ + 3_t667_Eˍtt_t_*_t667_NNˍtt_t_ + 3_t667_Eˍttt_t_*_t667_NNˍt_t_ + _t667_Eˍtttt_t_*_t667_NN_t_ + _t667_E_t_*_t667_NNˍttt_t_*_tpnu_ + 3_t667_Eˍt_t_*_t667_NNˍtt_t_*_tpnu_ + 3_t667_Eˍtt_t_*_t667_NNˍt_t_*_tpnu_ + _t667_Eˍttt_t_*_t667_NN_t_*_tpnu_ - _t667_In_t_*_t667_Sˍttt_t_*_tpb_ - 3_t667_Inˍt_t_*_t667_Sˍtt_t_*_tpb_ - 3_t667_Inˍtt_t_*_t667_Sˍt_t_*_tpb_ - _t667_Inˍttt_t_*_t667_S_t_*_tpb_
_t667_NN_t_*_t667_Sˍt_t_ + _t667_In_t_*_t667_S_t_*_tpb_
_t667_NNˍt_t_
_t667_NNˍtt_t_
_t667_NN_t_*_t667_Sˍtt_t_ + _t667_NNˍt_t_*_t667_Sˍt_t_ + _t667_In_t_*_t667_Sˍt_t_*_tpb_ + _t667_Inˍt_t_*_t667_S_t_*_tpb_
_t667_NNˍttt_t_
_t667_NN_t_*_t667_Sˍttt_t_ + 2_t667_NNˍt_t_*_t667_Sˍtt_t_ + _t667_NNˍtt_t_*_t667_Sˍt_t_ + _t667_In_t_*_t667_Sˍtt_t_*_tpb_ + 2_t667_Inˍt_t_*_t667_Sˍt_t_*_tpb_ + _t667_Inˍtt_t_*_t667_S_t_*_tpb_
DEBUG [but we are actually solving this: 
-0.684 + _t667_NN_t_
-0.30517537421834207 + _t667_In_t_
0.02495489086879954 + _t667_Inˍt_t_
-0.003031043558401336 + _t667_Inˍtt_t_
0.0535285628290012 + _t667_Inˍttt_t_
-0.11403870050526166 + _t667_Inˍtttt_t_
0.18993527711427305 + _t667_Inˍttttt_t_
_t667_Inˍt_t_ - _t667_E_t_*_tpnu_ + _t667_In_t_*_tpa_
_t667_Inˍtt_t_ - _t667_Eˍt_t_*_tpnu_ + _t667_Inˍt_t_*_tpa_
_t667_Inˍttt_t_ - _t667_Eˍtt_t_*_tpnu_ + _t667_Inˍtt_t_*_tpa_
_t667_Inˍtttt_t_ - _t667_Eˍttt_t_*_tpnu_ + _t667_Inˍttt_t_*_tpa_
_t667_Inˍttttt_t_ - _t667_Eˍtttt_t_*_tpnu_ + _t667_Inˍtttt_t_*_tpa_
_t667_Eˍt_t_*_t667_NN_t_ + _t667_E_t_*_t667_NN_t_*_tpnu_ - _t667_In_t_*_t667_S_t_*_tpb_
_t667_Eˍt_t_*_t667_NNˍt_t_ + _t667_Eˍtt_t_*_t667_NN_t_ + _t667_E_t_*_t667_NNˍt_t_*_tpnu_ + _t667_Eˍt_t_*_t667_NN_t_*_tpnu_ - _t667_In_t_*_t667_Sˍt_t_*_tpb_ - _t667_Inˍt_t_*_t667_S_t_*_tpb_
_t667_Eˍt_t_*_t667_NNˍtt_t_ + 2_t667_Eˍtt_t_*_t667_NNˍt_t_ + _t667_Eˍttt_t_*_t667_NN_t_ + _t667_E_t_*_t667_NNˍtt_t_*_tpnu_ + 2_t667_Eˍt_t_*_t667_NNˍt_t_*_tpnu_ + _t667_Eˍtt_t_*_t667_NN_t_*_tpnu_ - _t667_In_t_*_t667_Sˍtt_t_*_tpb_ - 2_t667_Inˍt_t_*_t667_Sˍt_t_*_tpb_ - _t667_Inˍtt_t_*_t667_S_t_*_tpb_
_t667_Eˍt_t_*_t667_NNˍttt_t_ + 3_t667_Eˍtt_t_*_t667_NNˍtt_t_ + 3_t667_Eˍttt_t_*_t667_NNˍt_t_ + _t667_Eˍtttt_t_*_t667_NN_t_ + _t667_E_t_*_t667_NNˍttt_t_*_tpnu_ + 3_t667_Eˍt_t_*_t667_NNˍtt_t_*_tpnu_ + 3_t667_Eˍtt_t_*_t667_NNˍt_t_*_tpnu_ + _t667_Eˍttt_t_*_t667_NN_t_*_tpnu_ - _t667_In_t_*_t667_Sˍttt_t_*_tpb_ - 3_t667_Inˍt_t_*_t667_Sˍtt_t_*_tpb_ - 3_t667_Inˍtt_t_*_t667_Sˍt_t_*_tpb_ - _t667_Inˍttt_t_*_t667_S_t_*_tpb_
_t667_NN_t_*_t667_Sˍt_t_ + _t667_In_t_*_t667_S_t_*_tpb_
_t667_NNˍt_t_
_t667_NNˍtt_t_
_t667_NN_t_*_t667_Sˍtt_t_ + _t667_NNˍt_t_*_t667_Sˍt_t_ + _t667_In_t_*_t667_Sˍt_t_*_tpb_ + _t667_Inˍt_t_*_t667_S_t_*_tpb_
_t667_NNˍttt_t_
_t667_NN_t_*_t667_Sˍttt_t_ + 2_t667_NNˍt_t_*_t667_Sˍtt_t_ + _t667_NNˍtt_t_*_t667_Sˍt_t_ + _t667_In_t_*_t667_Sˍtt_t_*_tpb_ + 2_t667_Inˍt_t_*_t667_Sˍt_t_*_tpb_ + _t667_Inˍtt_t_*_t667_S_t_*_tpb_
As a reminder the true parameter values are: 
OrderedDict{Num, Float64}(a => 0.678, b => 0.793, nu => 0.88)
And the true states are: 
OrderedDict{Num, Float64}(S(t) => 0.785, E(t) => 0.109, In(t) => 0.388, NN(t) => 0.684)
The forward substitution dictionary is: 
Any[OrderedDict{Num, Any}(Sˍt(t) => _t667_Sˍt_t_, Eˍt(t) => _t667_Eˍt_t_, Inˍt(t) => _t667_Inˍt_t_, NNˍt(t) => _t667_NNˍt_t_, Sˍtt(t) => _t667_Sˍtt_t_, Eˍtt(t) => _t667_Eˍtt_t_, Inˍtt(t) => _t667_Inˍtt_t_, NNˍtt(t) => _t667_NNˍtt_t_, Sˍttt(t) => _t667_Sˍttt_t_, Eˍttt(t) => _t667_Eˍttt_t_, Inˍttt(t) => _t667_Inˍttt_t_, NNˍttt(t) => _t667_NNˍttt_t_, Sˍtttt(t) => _t667_Sˍtttt_t_, Eˍtttt(t) => _t667_Eˍtttt_t_, Inˍtttt(t) => _t667_Inˍtttt_t_, NNˍtttt(t) => _t667_NNˍtttt_t_, Sˍttttt(t) => _t667_Sˍttttt_t_, Eˍttttt(t) => _t667_Eˍttttt_t_, Inˍttttt(t) => _t667_Inˍttttt_t_, NNˍttttt(t) => _t667_NNˍttttt_t_, Sˍtttttt(t) => _t667_Sˍtttttt_t_, Eˍtttttt(t) => _t667_Eˍtttttt_t_, Inˍtttttt(t) => _t667_Inˍtttttt_t_, NNˍtttttt(t) => _t667_NNˍtttttt_t_, S(t) => _t667_S_t_, E(t) => _t667_E_t_, In(t) => _t667_In_t_, NN(t) => _t667_NN_t_, y1(t) => _t667_y1_t_, y2(t) => _t667_y2_t_, y1ˍt(t) => _t667_y1ˍt_t_, y2ˍt(t) => _t667_y2ˍt_t_, y1ˍtt(t) => _t667_y1ˍtt_t_, y2ˍtt(t) => _t667_y2ˍtt_t_, y1ˍttt(t) => _t667_y1ˍttt_t_, y2ˍttt(t) => _t667_y2ˍttt_t_, y1ˍtttt(t) => _t667_y1ˍtttt_t_, y2ˍtttt(t) => _t667_y2ˍtttt_t_, y1ˍttttt(t) => _t667_y1ˍttttt_t_, y2ˍttttt(t) => _t667_y2ˍttttt_t_, y1ˍtttttt(t) => _t667_y1ˍtttttt_t_, y2ˍtttttt(t) => _t667_y2ˍtttttt_t_, a => _tpa_, nu => _tpnu_, b => _tpb_)]
The reverse substitution dictionary is: 
Any[OrderedDict{Any, Any}(_t667_Sˍt_t_ => Sˍt(t), _t667_Eˍt_t_ => Eˍt(t), _t667_Inˍt_t_ => Inˍt(t), _t667_NNˍt_t_ => NNˍt(t), _t667_Sˍtt_t_ => Sˍtt(t), _t667_Eˍtt_t_ => Eˍtt(t), _t667_Inˍtt_t_ => Inˍtt(t), _t667_NNˍtt_t_ => NNˍtt(t), _t667_Sˍttt_t_ => Sˍttt(t), _t667_Eˍttt_t_ => Eˍttt(t), _t667_Inˍttt_t_ => Inˍttt(t), _t667_NNˍttt_t_ => NNˍttt(t), _t667_Sˍtttt_t_ => Sˍtttt(t), _t667_Eˍtttt_t_ => Eˍtttt(t), _t667_Inˍtttt_t_ => Inˍtttt(t), _t667_NNˍtttt_t_ => NNˍtttt(t), _t667_Sˍttttt_t_ => Sˍttttt(t), _t667_Eˍttttt_t_ => Eˍttttt(t), _t667_Inˍttttt_t_ => Inˍttttt(t), _t667_NNˍttttt_t_ => NNˍttttt(t), _t667_Sˍtttttt_t_ => Sˍtttttt(t), _t667_Eˍtttttt_t_ => Eˍtttttt(t), _t667_Inˍtttttt_t_ => Inˍtttttt(t), _t667_NNˍtttttt_t_ => NNˍtttttt(t), _t667_S_t_ => S(t), _t667_E_t_ => E(t), _t667_In_t_ => In(t), _t667_NN_t_ => NN(t), _t667_y1_t_ => y1(t), _t667_y2_t_ => y2(t), _t667_y1ˍt_t_ => y1ˍt(t), _t667_y2ˍt_t_ => y2ˍt(t), _t667_y1ˍtt_t_ => y1ˍtt(t), _t667_y2ˍtt_t_ => y2ˍtt(t), _t667_y1ˍttt_t_ => y1ˍttt(t), _t667_y2ˍttt_t_ => y2ˍttt(t), _t667_y1ˍtttt_t_ => y1ˍtttt(t), _t667_y2ˍtttt_t_ => y2ˍtttt(t), _t667_y1ˍttttt_t_ => y1ˍttttt(t), _t667_y2ˍttttt_t_ => y2ˍttttt(t), _t667_y1ˍtttttt_t_ => y1ˍtttttt(t), _t667_y2ˍtttttt_t_ => y2ˍtttttt(t), _tpa_ => a, _tpnu_ => nu, _tpb_ => b)]
DEBUG [multipoint_parameter_estimation]: Evaluated ideal polynomial system with exact state and parameter values:
0.0
0.0
0.0
0.0
0.0
0.0
0.0
0.0
0.0
8.673617379884035e-19
0.0
1.3877787807814457e-17
-2.7755575615628914e-17
1.734723475976807e-18
6.938893903907228e-18
-3.469446951953614e-18
0.0
0
0
0.0
0
0.0
DEBUG [multipoint_parameter_estimation]: Evaluated interpolated polynomial system with exact state and parameter values:
0.0
1.2212453270876722e-15
1.2656542480726785e-14
-2.4231137929486835e-13
-2.8081564851234475e-12
4.340681980519179e-11
6.559106036085893e-10
0.0
0.0
8.673617379884035e-19
0.0
1.3877787807814457e-17
-2.7755575615628914e-17
1.734723475976807e-18
6.938893903907228e-18
-3.469446951953614e-18
0.0
0
0
0.0
0
0.0
and by the way the exact state values are: (at the time index 667)
OrderedDict{Any, Any}(S(t) => 0.4696676830007269, E(t) => 0.20676592369460212, In(t) => 0.3051753742183433, NN(t) => 0.684)
and by the way the exact parameter values are:
OrderedDict{Num, Float64}(a => 0.678, b => 0.793, nu => 0.88)
aa_system
Any[_t667_NN_t_ - 6160924290242839//9007199254740992, _t667_In_t_ - 1374387701612377//4503599627370496, _t667_Inˍt_t_ + 112386837217797//4503599627370496, _t667_Inˍtt_t_ - 426581457505//140737488355328, _t667_Inˍttt_t_ + 470842217989//8796093022208, _t667_Inˍtttt_t_ - 62693438611//549755813888, _t667_Inˍttttt_t_ + 13052252857//68719476736, _tpa_*_t667_In_t_ - _tpnu_*_t667_E_t_ + _t667_Inˍt_t_, _tpa_*_t667_Inˍt_t_ - _tpnu_*_t667_Eˍt_t_ + _t667_Inˍtt_t_, _tpa_*_t667_Inˍtt_t_ - _tpnu_*_t667_Eˍtt_t_ + _t667_Inˍttt_t_, _tpa_*_t667_Inˍttt_t_ - _tpnu_*_t667_Eˍttt_t_ + _t667_Inˍtttt_t_, _tpa_*_t667_Inˍtttt_t_ - _tpnu_*_t667_Eˍtttt_t_ + _t667_Inˍttttt_t_, _tpnu_*_t667_E_t_*_t667_NN_t_ - _tpb_*_t667_S_t_*_t667_In_t_ + _t667_NN_t_*_t667_Eˍt_t_, _tpnu_*_t667_E_t_*_t667_NNˍt_t_ + _tpnu_*_t667_NN_t_*_t667_Eˍt_t_ - _tpb_*_t667_S_t_*_t667_Inˍt_t_ - _tpb_*_t667_In_t_*_t667_Sˍt_t_ + _t667_NN_t_*_t667_Eˍtt_t_ + _t667_Eˍt_t_*_t667_NNˍt_t_, _tpnu_*_t667_E_t_*_t667_NNˍtt_t_ + _tpnu_*_t667_NN_t_*_t667_Eˍtt_t_ + 2*_tpnu_*_t667_Eˍt_t_*_t667_NNˍt_t_ - _tpb_*_t667_S_t_*_t667_Inˍtt_t_ - _tpb_*_t667_In_t_*_t667_Sˍtt_t_ - 2*_tpb_*_t667_Inˍt_t_*_t667_Sˍt_t_ + _t667_NN_t_*_t667_Eˍttt_t_ + _t667_Eˍt_t_*_t667_NNˍtt_t_ + 2*_t667_Eˍtt_t_*_t667_NNˍt_t_, _tpnu_*_t667_E_t_*_t667_NNˍttt_t_ + _tpnu_*_t667_NN_t_*_t667_Eˍttt_t_ + 3*_tpnu_*_t667_Eˍt_t_*_t667_NNˍtt_t_ + 3*_tpnu_*_t667_Eˍtt_t_*_t667_NNˍt_t_ - _tpb_*_t667_S_t_*_t667_Inˍttt_t_ - _tpb_*_t667_In_t_*_t667_Sˍttt_t_ - 3*_tpb_*_t667_Inˍt_t_*_t667_Sˍtt_t_ - 3*_tpb_*_t667_Inˍtt_t_*_t667_Sˍt_t_ + _t667_NN_t_*_t667_Eˍtttt_t_ + _t667_Eˍt_t_*_t667_NNˍttt_t_ + 3*_t667_Eˍtt_t_*_t667_NNˍtt_t_ + 3*_t667_Eˍttt_t_*_t667_NNˍt_t_, _tpb_*_t667_S_t_*_t667_In_t_ + _t667_NN_t_*_t667_Sˍt_t_, _t667_NNˍt_t_, _t667_NNˍtt_t_, _tpb_*_t667_S_t_*_t667_Inˍt_t_ + _tpb_*_t667_In_t_*_t667_Sˍt_t_ + _t667_NN_t_*_t667_Sˍtt_t_ + _t667_Sˍt_t_*_t667_NNˍt_t_, _t667_NNˍttt_t_, _tpb_*_t667_S_t_*_t667_Inˍtt_t_ + _tpb_*_t667_In_t_*_t667_Sˍtt_t_ + 2*_tpb_*_t667_Inˍt_t_*_t667_Sˍt_t_ + _t667_NN_t_*_t667_Sˍttt_t_ + _t667_Sˍt_t_*_t667_NNˍtt_t_ + 2*_t667_NNˍt_t_*_t667_Sˍtt_t_]
R
Multivariate polynomial ring in 22 variables over rationals
primes of bitsize 28
G-Q-Pt-FG-LT-LP(C)
Dimension of the quotient :4
Degree of the radical :4
Use last variable as separating element
Separating form: [0, 0, 0, 0, 0, 0, 0, 0, 0, 0, 0, 0, 0, 0, 0, 0, 0, 0, 0, 0, 0, 1]
Run Groebner learn
Test cyclic optimization
Apply cyclic optimization 
Multi-modular computation (1 threads): G-Q-Pt-FG-LT-LP(C)
5-9-13-17-21-25-29-33-37-41-45-49-53-61-69-77-85-93-105-
check-G-Q-Pt-FG-LT-LP(C)
Nb Primes used :105
2-element Vector{Vector{MPFI.BigInterval}}:
 [[0.879999947964808953109, 0.879999948460657411214], [0.678000068316059176313, 0.678000068540441285208], [0.792999960342420153397, 0.792999960452810826996], [0.609598171738641447657, 0.609598171782243149631], [0.35929114757661963808, 0.359291147588477889142], [0.305175374215494615626, 0.305175374221189516178], [0.683999999996809008565, 0.68400000000319109624], [-0.0249548908688577502972, -0.0249548908687413290237], [0.00303104355839780105485, 0.00303104355840487137142], [-0.0535285628290324184144, -0.0535285628289699871294], [0.114038700505228407366, 0.114038700505294910016], [-0.189935277114300739535, -0.189935277114245358339], [-0.0279192584128276614655, -0.0279192584128240652017], [-0.0750165774659637959159, -0.0750165774659588740277], [0.0987220667147404699226, 0.0987220667147437405065], [-0.132125689578007766337, -0.132125689578005564038], [-0.215680164230331074328, -0.215680164230329217503], [0.0, 0.0], [0.0, 0.0], [0.0939458365800861006754, 0.0939458365800864888909], [0.0, 0.0], [-0.0478608220602044904815, -0.0478608220602043745159]]
 [[0.678000068146376766724, 0.678000068672416822451], [0.87999994808066510867, 0.879999948377611802413], [0.792999960325392460881, 0.792999960477807168364], [0.469667757339732362809, 0.469667757384642704124], [0.206765959581908270534, 0.206765959592992762697], [0.305175374214870391131, 0.305175374221813740672], [0.683999999996109460723, 0.684000000003890644082], [-0.0249548908688705113644, -0.0249548908687285679565], [0.00303104355839702606947, 0.00303104355840564635681], [-0.0535285628290392615784, -0.0535285628289631439654], [0.114038700505221117936, 0.114038700505302199446], [-0.189935277114306809936, -0.189935277114239287939], [-0.0157822442899605710135, -0.0157822442899572526112], [-0.0584926342243508332123, -0.0584926342243450704236], [0.0883481088851490613102, 0.0883481088851533143541], [-0.127973905676071572858, -0.127973905676068529476], [-0.166171789441302305223, -0.166171789441300340289], [0.0, 0.0], [0.0, 0.0], [0.0723810083824000610891, 0.072381008382400504582], [0.0, 0.0], [-0.036874593796129349759, -0.0368745937961292542814]]
Vector{Any}
SOLNS: Any[[0.8799999482127332, 0.6780000684282502, 0.7929999603976154, 0.6095981717604423, 0.35929114758254876, 0.30517537421834207, 0.684, -0.02495489086879954, 0.003031043558401336, -0.0535285628290012, 0.11403870050526166, -0.18993527711427305, -0.027919258412825863, -0.07501657746596134, 0.09872206671474211, -0.13212568957800666, -0.21568016423033015, 0.0, 0.0, 0.09394583658008629, 0.0, -0.047860822060204436], [0.6780000684093968, 0.8799999482291384, 0.7929999604015998, 0.4696677573621875, 0.2067659595874505, 0.30517537421834207, 0.684, -0.02495489086879954, 0.003031043558401336, -0.0535285628290012, 0.11403870050526166, -0.18993527711427305, -0.015782244289958912, -0.05849263422434795, 0.08834810888515118, -0.12797390567607006, -0.16617178944130132, 0.0, 0.0, 0.07238100838240029, 0.0, -0.0368745937961293]]
Vector{Float64}
SOLN 1: [0.8799999482127332, 0.6780000684282502, 0.7929999603976154, 0.6095981717604423, 0.35929114758254876, 0.30517537421834207, 0.684, -0.02495489086879954, 0.003031043558401336, -0.0535285628290012, 0.11403870050526166, -0.18993527711427305, -0.027919258412825863, -0.07501657746596134, 0.09872206671474211, -0.13212568957800666, -0.21568016423033015, 0.0, 0.0, 0.09394583658008629, 0.0, -0.047860822060204436]
Vector{Float64}
SOLN 2: [0.6780000684093968, 0.8799999482291384, 0.7929999604015998, 0.4696677573621875, 0.2067659595874505, 0.30517537421834207, 0.684, -0.02495489086879954, 0.003031043558401336, -0.0535285628290012, 0.11403870050526166, -0.18993527711427305, -0.015782244289958912, -0.05849263422434795, 0.08834810888515118, -0.12797390567607006, -0.16617178944130132, 0.0, 0.0, 0.07238100838240029, 0.0, -0.0368745937961293]
DEBUG: Processing solution 1
DEBUG: Constructed initial conditions: [0.6095981717604423, 0.35929114758254876, 0.30517537421834207, 0.684]
DEBUG: Constructed parameter values: [0.8799999482127332, 0.6780000684282502, 0.7929999603976154]
DEBUG: Parameter/IC mapping:
Dict("nu" => 0.6780000684282502, "NN(t)" => 0.684, "b" => 0.7929999603976154, "In(t)" => 0.30517537421834207, "S(t)" => 0.6095981717604423, "E(t)" => 0.35929114758254876, "a" => 0.8799999482127332)
DEBUG: Processing solution 2
DEBUG: Constructed initial conditions: [0.4696677573621875, 0.2067659595874505, 0.30517537421834207, 0.684]
DEBUG: Constructed parameter values: [0.6780000684093968, 0.8799999482291384, 0.7929999604015998]
DEBUG: Parameter/IC mapping:
Dict("nu" => 0.8799999482291384, "NN(t)" => 0.684, "b" => 0.7929999604015998, "In(t)" => 0.30517537421834207, "S(t)" => 0.4696677573621875, "E(t)" => 0.2067659595874505, "a" => 0.6780000684093968)
DEBUG [determine_optimal_points_count]: Large num points: 1
DEBUG [determine_optimal_points_count]: Good num points: 1
DEBUG [multipoint_parameter_estimation]: Parameter estimation using this many points: 1
DEBUG [multipoint_parameter_estimation]: Ideal final target: 
-0.684 + _t779_NN_t_
-0.2995723759006767 + _t779_In_t_
0.02542368189079955 + _t779_Inˍt_t_
0.0064215206187056804 + _t779_Inˍtt_t_
0.03217874960857976 + _t779_Inˍttt_t_
-0.07886329997605263 + _t779_Inˍtttt_t_
0.1286791680359775 + _t779_Inˍttttt_t_
_t779_Inˍt_t_ - _t779_E_t_*_tpnu_ + _t779_In_t_*_tpa_
_t779_Inˍtt_t_ - _t779_Eˍt_t_*_tpnu_ + _t779_Inˍt_t_*_tpa_
_t779_Inˍttt_t_ - _t779_Eˍtt_t_*_tpnu_ + _t779_Inˍtt_t_*_tpa_
_t779_Inˍtttt_t_ - _t779_Eˍttt_t_*_tpnu_ + _t779_Inˍttt_t_*_tpa_
_t779_Inˍttttt_t_ - _t779_Eˍtttt_t_*_tpnu_ + _t779_Inˍtttt_t_*_tpa_
_t779_Eˍt_t_*_t779_NN_t_ + _t779_E_t_*_t779_NN_t_*_tpnu_ - _t779_In_t_*_t779_S_t_*_tpb_
_t779_Eˍt_t_*_t779_NNˍt_t_ + _t779_Eˍtt_t_*_t779_NN_t_ + _t779_E_t_*_t779_NNˍt_t_*_tpnu_ + _t779_Eˍt_t_*_t779_NN_t_*_tpnu_ - _t779_In_t_*_t779_Sˍt_t_*_tpb_ - _t779_Inˍt_t_*_t779_S_t_*_tpb_
_t779_Eˍt_t_*_t779_NNˍtt_t_ + 2_t779_Eˍtt_t_*_t779_NNˍt_t_ + _t779_Eˍttt_t_*_t779_NN_t_ + _t779_E_t_*_t779_NNˍtt_t_*_tpnu_ + 2_t779_Eˍt_t_*_t779_NNˍt_t_*_tpnu_ + _t779_Eˍtt_t_*_t779_NN_t_*_tpnu_ - _t779_In_t_*_t779_Sˍtt_t_*_tpb_ - 2_t779_Inˍt_t_*_t779_Sˍt_t_*_tpb_ - _t779_Inˍtt_t_*_t779_S_t_*_tpb_
_t779_Eˍt_t_*_t779_NNˍttt_t_ + 3_t779_Eˍtt_t_*_t779_NNˍtt_t_ + 3_t779_Eˍttt_t_*_t779_NNˍt_t_ + _t779_Eˍtttt_t_*_t779_NN_t_ + _t779_E_t_*_t779_NNˍttt_t_*_tpnu_ + 3_t779_Eˍt_t_*_t779_NNˍtt_t_*_tpnu_ + 3_t779_Eˍtt_t_*_t779_NNˍt_t_*_tpnu_ + _t779_Eˍttt_t_*_t779_NN_t_*_tpnu_ - _t779_In_t_*_t779_Sˍttt_t_*_tpb_ - 3_t779_Inˍt_t_*_t779_Sˍtt_t_*_tpb_ - 3_t779_Inˍtt_t_*_t779_Sˍt_t_*_tpb_ - _t779_Inˍttt_t_*_t779_S_t_*_tpb_
_t779_NN_t_*_t779_Sˍt_t_ + _t779_In_t_*_t779_S_t_*_tpb_
_t779_NNˍt_t_
_t779_NNˍtt_t_
_t779_NN_t_*_t779_Sˍtt_t_ + _t779_NNˍt_t_*_t779_Sˍt_t_ + _t779_In_t_*_t779_Sˍt_t_*_tpb_ + _t779_Inˍt_t_*_t779_S_t_*_tpb_
_t779_NNˍttt_t_
_t779_NN_t_*_t779_Sˍttt_t_ + 2_t779_NNˍt_t_*_t779_Sˍtt_t_ + _t779_NNˍtt_t_*_t779_Sˍt_t_ + _t779_In_t_*_t779_Sˍtt_t_*_tpb_ + 2_t779_Inˍt_t_*_t779_Sˍt_t_*_tpb_ + _t779_Inˍtt_t_*_t779_S_t_*_tpb_
DEBUG [but we are actually solving this: 
-0.684 + _t779_NN_t_
-0.2995723759006783 + _t779_In_t_
0.02542368189078914 + _t779_Inˍt_t_
0.0064215206190780805 + _t779_Inˍtt_t_
0.032178749611830426 + _t779_Inˍttt_t_
-0.07886330001929309 + _t779_Inˍtttt_t_
0.1286791511811316 + _t779_Inˍttttt_t_
_t779_Inˍt_t_ - _t779_E_t_*_tpnu_ + _t779_In_t_*_tpa_
_t779_Inˍtt_t_ - _t779_Eˍt_t_*_tpnu_ + _t779_Inˍt_t_*_tpa_
_t779_Inˍttt_t_ - _t779_Eˍtt_t_*_tpnu_ + _t779_Inˍtt_t_*_tpa_
_t779_Inˍtttt_t_ - _t779_Eˍttt_t_*_tpnu_ + _t779_Inˍttt_t_*_tpa_
_t779_Inˍttttt_t_ - _t779_Eˍtttt_t_*_tpnu_ + _t779_Inˍtttt_t_*_tpa_
_t779_Eˍt_t_*_t779_NN_t_ + _t779_E_t_*_t779_NN_t_*_tpnu_ - _t779_In_t_*_t779_S_t_*_tpb_
_t779_Eˍt_t_*_t779_NNˍt_t_ + _t779_Eˍtt_t_*_t779_NN_t_ + _t779_E_t_*_t779_NNˍt_t_*_tpnu_ + _t779_Eˍt_t_*_t779_NN_t_*_tpnu_ - _t779_In_t_*_t779_Sˍt_t_*_tpb_ - _t779_Inˍt_t_*_t779_S_t_*_tpb_
_t779_Eˍt_t_*_t779_NNˍtt_t_ + 2_t779_Eˍtt_t_*_t779_NNˍt_t_ + _t779_Eˍttt_t_*_t779_NN_t_ + _t779_E_t_*_t779_NNˍtt_t_*_tpnu_ + 2_t779_Eˍt_t_*_t779_NNˍt_t_*_tpnu_ + _t779_Eˍtt_t_*_t779_NN_t_*_tpnu_ - _t779_In_t_*_t779_Sˍtt_t_*_tpb_ - 2_t779_Inˍt_t_*_t779_Sˍt_t_*_tpb_ - _t779_Inˍtt_t_*_t779_S_t_*_tpb_
_t779_Eˍt_t_*_t779_NNˍttt_t_ + 3_t779_Eˍtt_t_*_t779_NNˍtt_t_ + 3_t779_Eˍttt_t_*_t779_NNˍt_t_ + _t779_Eˍtttt_t_*_t779_NN_t_ + _t779_E_t_*_t779_NNˍttt_t_*_tpnu_ + 3_t779_Eˍt_t_*_t779_NNˍtt_t_*_tpnu_ + 3_t779_Eˍtt_t_*_t779_NNˍt_t_*_tpnu_ + _t779_Eˍttt_t_*_t779_NN_t_*_tpnu_ - _t779_In_t_*_t779_Sˍttt_t_*_tpb_ - 3_t779_Inˍt_t_*_t779_Sˍtt_t_*_tpb_ - 3_t779_Inˍtt_t_*_t779_Sˍt_t_*_tpb_ - _t779_Inˍttt_t_*_t779_S_t_*_tpb_
_t779_NN_t_*_t779_Sˍt_t_ + _t779_In_t_*_t779_S_t_*_tpb_
_t779_NNˍt_t_
_t779_NNˍtt_t_
_t779_NN_t_*_t779_Sˍtt_t_ + _t779_NNˍt_t_*_t779_Sˍt_t_ + _t779_In_t_*_t779_Sˍt_t_*_tpb_ + _t779_Inˍt_t_*_t779_S_t_*_tpb_
_t779_NNˍttt_t_
_t779_NN_t_*_t779_Sˍttt_t_ + 2_t779_NNˍt_t_*_t779_Sˍtt_t_ + _t779_NNˍtt_t_*_t779_Sˍt_t_ + _t779_In_t_*_t779_Sˍtt_t_*_tpb_ + 2_t779_Inˍt_t_*_t779_Sˍt_t_*_tpb_ + _t779_Inˍtt_t_*_t779_S_t_*_tpb_
As a reminder the true parameter values are: 
OrderedDict{Num, Float64}(a => 0.678, b => 0.793, nu => 0.88)
And the true states are: 
OrderedDict{Num, Float64}(S(t) => 0.785, E(t) => 0.109, In(t) => 0.388, NN(t) => 0.684)
The forward substitution dictionary is: 
Any[OrderedDict{Num, Any}(Sˍt(t) => _t779_Sˍt_t_, Eˍt(t) => _t779_Eˍt_t_, Inˍt(t) => _t779_Inˍt_t_, NNˍt(t) => _t779_NNˍt_t_, Sˍtt(t) => _t779_Sˍtt_t_, Eˍtt(t) => _t779_Eˍtt_t_, Inˍtt(t) => _t779_Inˍtt_t_, NNˍtt(t) => _t779_NNˍtt_t_, Sˍttt(t) => _t779_Sˍttt_t_, Eˍttt(t) => _t779_Eˍttt_t_, Inˍttt(t) => _t779_Inˍttt_t_, NNˍttt(t) => _t779_NNˍttt_t_, Sˍtttt(t) => _t779_Sˍtttt_t_, Eˍtttt(t) => _t779_Eˍtttt_t_, Inˍtttt(t) => _t779_Inˍtttt_t_, NNˍtttt(t) => _t779_NNˍtttt_t_, Sˍttttt(t) => _t779_Sˍttttt_t_, Eˍttttt(t) => _t779_Eˍttttt_t_, Inˍttttt(t) => _t779_Inˍttttt_t_, NNˍttttt(t) => _t779_NNˍttttt_t_, Sˍtttttt(t) => _t779_Sˍtttttt_t_, Eˍtttttt(t) => _t779_Eˍtttttt_t_, Inˍtttttt(t) => _t779_Inˍtttttt_t_, NNˍtttttt(t) => _t779_NNˍtttttt_t_, S(t) => _t779_S_t_, E(t) => _t779_E_t_, In(t) => _t779_In_t_, NN(t) => _t779_NN_t_, y1(t) => _t779_y1_t_, y2(t) => _t779_y2_t_, y1ˍt(t) => _t779_y1ˍt_t_, y2ˍt(t) => _t779_y2ˍt_t_, y1ˍtt(t) => _t779_y1ˍtt_t_, y2ˍtt(t) => _t779_y2ˍtt_t_, y1ˍttt(t) => _t779_y1ˍttt_t_, y2ˍttt(t) => _t779_y2ˍttt_t_, y1ˍtttt(t) => _t779_y1ˍtttt_t_, y2ˍtttt(t) => _t779_y2ˍtttt_t_, y1ˍttttt(t) => _t779_y1ˍttttt_t_, y2ˍttttt(t) => _t779_y2ˍttttt_t_, y1ˍtttttt(t) => _t779_y1ˍtttttt_t_, y2ˍtttttt(t) => _t779_y2ˍtttttt_t_, a => _tpa_, nu => _tpnu_, b => _tpb_)]
The reverse substitution dictionary is: 
Any[OrderedDict{Any, Any}(_t779_Sˍt_t_ => Sˍt(t), _t779_Eˍt_t_ => Eˍt(t), _t779_Inˍt_t_ => Inˍt(t), _t779_NNˍt_t_ => NNˍt(t), _t779_Sˍtt_t_ => Sˍtt(t), _t779_Eˍtt_t_ => Eˍtt(t), _t779_Inˍtt_t_ => Inˍtt(t), _t779_NNˍtt_t_ => NNˍtt(t), _t779_Sˍttt_t_ => Sˍttt(t), _t779_Eˍttt_t_ => Eˍttt(t), _t779_Inˍttt_t_ => Inˍttt(t), _t779_NNˍttt_t_ => NNˍttt(t), _t779_Sˍtttt_t_ => Sˍtttt(t), _t779_Eˍtttt_t_ => Eˍtttt(t), _t779_Inˍtttt_t_ => Inˍtttt(t), _t779_NNˍtttt_t_ => NNˍtttt(t), _t779_Sˍttttt_t_ => Sˍttttt(t), _t779_Eˍttttt_t_ => Eˍttttt(t), _t779_Inˍttttt_t_ => Inˍttttt(t), _t779_NNˍttttt_t_ => NNˍttttt(t), _t779_Sˍtttttt_t_ => Sˍtttttt(t), _t779_Eˍtttttt_t_ => Eˍtttttt(t), _t779_Inˍtttttt_t_ => Inˍtttttt(t), _t779_NNˍtttttt_t_ => NNˍtttttt(t), _t779_S_t_ => S(t), _t779_E_t_ => E(t), _t779_In_t_ => In(t), _t779_NN_t_ => NN(t), _t779_y1_t_ => y1(t), _t779_y2_t_ => y2(t), _t779_y1ˍt_t_ => y1ˍt(t), _t779_y2ˍt_t_ => y2ˍt(t), _t779_y1ˍtt_t_ => y1ˍtt(t), _t779_y2ˍtt_t_ => y2ˍtt(t), _t779_y1ˍttt_t_ => y1ˍttt(t), _t779_y2ˍttt_t_ => y2ˍttt(t), _t779_y1ˍtttt_t_ => y1ˍtttt(t), _t779_y2ˍtttt_t_ => y2ˍtttt(t), _t779_y1ˍttttt_t_ => y1ˍttttt(t), _t779_y2ˍttttt_t_ => y2ˍttttt(t), _t779_y1ˍtttttt_t_ => y1ˍtttttt(t), _t779_y2ˍtttttt_t_ => y2ˍtttttt(t), _tpa_ => a, _tpnu_ => nu, _tpb_ => b)]
DEBUG [multipoint_parameter_estimation]: Evaluated ideal polynomial system with exact state and parameter values:
0.0
0.0
0.0
0.0
0.0
0.0
0.0
0.0
0.0
-1.734723475976807e-18
0.0
6.938893903907228e-18
0.0
6.938893903907228e-18
0.0
2.6020852139652106e-18
0.0
0
0
-6.938893903907228e-18
0
0.0
DEBUG [multipoint_parameter_estimation]: Evaluated interpolated polynomial system with exact state and parameter values:
0.0
-1.609823385706477e-15
-1.0408340855860843e-14
3.724000274818451e-13
3.2506636271634193e-12
-4.3240466762739516e-11
-1.6854845907854354e-8
0.0
0.0
-1.734723475976807e-18
0.0
6.938893903907228e-18
0.0
6.938893903907228e-18
0.0
2.6020852139652106e-18
0.0
0
0
-6.938893903907228e-18
0
0.0
and by the way the exact state values are: (at the time index 779)
OrderedDict{Any, Any}(S(t) => 0.43419674931862956, E(t) => 0.2019163511021128, In(t) => 0.2995723759006767, NN(t) => 0.684)
and by the way the exact parameter values are:
OrderedDict{Num, Float64}(a => 0.678, b => 0.793, nu => 0.88)
aa_system
Any[_t779_NN_t_ - 6160924290242839//9007199254740992, _t779_In_t_ - 1349154040476789//4503599627370496, _t779_Inˍt_t_ + 7156130268109//281474976710656, _t779_Inˍtt_t_ + 903748683351//140737488355328, _t779_Inˍttt_t_ + 70761818731//2199023255552, _t779_Inˍtttt_t_ - 5419444711//68719476736, _t779_Inˍttttt_t_ + 276336373//2147483648, _tpa_*_t779_In_t_ - _tpnu_*_t779_E_t_ + _t779_Inˍt_t_, _tpa_*_t779_Inˍt_t_ - _tpnu_*_t779_Eˍt_t_ + _t779_Inˍtt_t_, _tpa_*_t779_Inˍtt_t_ - _tpnu_*_t779_Eˍtt_t_ + _t779_Inˍttt_t_, _tpa_*_t779_Inˍttt_t_ - _tpnu_*_t779_Eˍttt_t_ + _t779_Inˍtttt_t_, _tpa_*_t779_Inˍtttt_t_ - _tpnu_*_t779_Eˍtttt_t_ + _t779_Inˍttttt_t_, _tpnu_*_t779_E_t_*_t779_NN_t_ - _tpb_*_t779_S_t_*_t779_In_t_ + _t779_NN_t_*_t779_Eˍt_t_, _tpnu_*_t779_E_t_*_t779_NNˍt_t_ + _tpnu_*_t779_NN_t_*_t779_Eˍt_t_ - _tpb_*_t779_S_t_*_t779_Inˍt_t_ - _tpb_*_t779_In_t_*_t779_Sˍt_t_ + _t779_NN_t_*_t779_Eˍtt_t_ + _t779_Eˍt_t_*_t779_NNˍt_t_, _tpnu_*_t779_E_t_*_t779_NNˍtt_t_ + _tpnu_*_t779_NN_t_*_t779_Eˍtt_t_ + 2*_tpnu_*_t779_Eˍt_t_*_t779_NNˍt_t_ - _tpb_*_t779_S_t_*_t779_Inˍtt_t_ - _tpb_*_t779_In_t_*_t779_Sˍtt_t_ - 2*_tpb_*_t779_Inˍt_t_*_t779_Sˍt_t_ + _t779_NN_t_*_t779_Eˍttt_t_ + _t779_Eˍt_t_*_t779_NNˍtt_t_ + 2*_t779_Eˍtt_t_*_t779_NNˍt_t_, _tpnu_*_t779_E_t_*_t779_NNˍttt_t_ + _tpnu_*_t779_NN_t_*_t779_Eˍttt_t_ + 3*_tpnu_*_t779_Eˍt_t_*_t779_NNˍtt_t_ + 3*_tpnu_*_t779_Eˍtt_t_*_t779_NNˍt_t_ - _tpb_*_t779_S_t_*_t779_Inˍttt_t_ - _tpb_*_t779_In_t_*_t779_Sˍttt_t_ - 3*_tpb_*_t779_Inˍt_t_*_t779_Sˍtt_t_ - 3*_tpb_*_t779_Inˍtt_t_*_t779_Sˍt_t_ + _t779_NN_t_*_t779_Eˍtttt_t_ + _t779_Eˍt_t_*_t779_NNˍttt_t_ + 3*_t779_Eˍtt_t_*_t779_NNˍtt_t_ + 3*_t779_Eˍttt_t_*_t779_NNˍt_t_, _tpb_*_t779_S_t_*_t779_In_t_ + _t779_NN_t_*_t779_Sˍt_t_, _t779_NNˍt_t_, _t779_NNˍtt_t_, _tpb_*_t779_S_t_*_t779_Inˍt_t_ + _tpb_*_t779_In_t_*_t779_Sˍt_t_ + _t779_NN_t_*_t779_Sˍtt_t_ + _t779_Sˍt_t_*_t779_NNˍt_t_, _t779_NNˍttt_t_, _tpb_*_t779_S_t_*_t779_Inˍtt_t_ + _tpb_*_t779_In_t_*_t779_Sˍtt_t_ + 2*_tpb_*_t779_Inˍt_t_*_t779_Sˍt_t_ + _t779_NN_t_*_t779_Sˍttt_t_ + _t779_Sˍt_t_*_t779_NNˍtt_t_ + 2*_t779_NNˍt_t_*_t779_Sˍtt_t_]
R
Multivariate polynomial ring in 22 variables over rationals
primes of bitsize 28
G-Q-Pt-FG-LT-LP(C)
Dimension of the quotient :4
Degree of the radical :4
Use last variable as separating element
Separating form: [0, 0, 0, 0, 0, 0, 0, 0, 0, 0, 0, 0, 0, 0, 0, 0, 0, 0, 0, 0, 0, 1]
Run Groebner learn
Test cyclic optimization
Apply cyclic optimization 
Multi-modular computation (1 threads): G-Q-Pt-FG-LT-LP(C)
5-9-13-17-21-25-29-33-37-41-45-49-53-61-69-77-85-93-
check-G-Q-Pt-FG-LT-LP(C)
Nb Primes used :93
2-element Vector{Vector{MPFI.BigInterval}}:
 [[0.880000871500445001406, 0.880000872141517372375], [0.677998606400451670411, 0.677998606691481109105], [0.793000980739412156105, 0.793000980881397269794], [0.563558912142553216561, 0.563558912194803069632], [0.351328554030114087873, 0.351328554045080826849], [0.299572375897063216825, 0.299572375904293406308], [0.683999999995872961562, 0.684000000004127143243], [-0.0254236818908658406036, -0.0254236818907124402467], [-0.00642152061908776694811, -0.00642152061906839399551], [-0.0321787496118546959993, -0.0321787496118061562951], [0.0788633000192633520581, 0.0788633000193228323244], [-0.12867915118115586443, -0.128679151181107338237], [-0.0424696785067802007187, -0.0424696785067731043157], [-0.0557961225728065403641, -0.0557961225728018423806], [0.0745517347947152014889, 0.0745517347947183675829], [-0.0874328912129632333904, -0.0874328912129613629485], [-0.195730591571179152606, -0.195730591571176965323], [0.0, 0.0], [0.0, 0.0], [0.0845905054209020313127, 0.0845905054209024871248], [0.0, 0.0], [-0.0367220414396242075532, -0.0367220414396240924244]]
 [[0.677998606366450994601, 0.67799860671147891132], [0.880000871736796315116, 0.880000871931359406801], [0.793000980764712542863, 0.793000980865061620462], [0.434195202957076561856, 0.434195202984249565789], [0.201915676694271113414, 0.201915676701377668938], [0.299572375898442357835, 0.299572375902914265298], [0.683999999997447426594, 0.684000000002552678211], [-0.0254236818908365798597, -0.0254236818907417009905], [-0.00642152061908407160467, -0.00642152061907208933895], [-0.0321787496118454371685, -0.0321787496118154151259], [0.078863300019274697773, 0.0788633000193114866094], [-0.128679151181146608176, -0.128679151181116594492], [-0.0268849069037120677257, -0.0268849069037084450911], [-0.0415141993751827711988, -0.0415141993751800577863], [0.0648251092108820307181, 0.0648251092108840955575], [-0.0854657603962980371417, -0.0854657603962966991651], [-0.150801064626165862764, -0.150801064626164697321], [0.0, 0.0], [0.0, 0.0], [0.0651729408895111869187, 0.0651729408895114468392], [0.0, 0.0], [-0.0282925775674043048985, -0.0282925775674042568125]]
Vector{Any}
SOLNS: Any[[0.8800008718209812, 0.6779986065459664, 0.7930009808104047, 0.5635589121686781, 0.35132855403759744, 0.2995723759006783, 0.684, -0.02542368189078914, -0.0064215206190780805, -0.032178749611830426, 0.07886330001929309, -0.1286791511811316, -0.04246967850677665, -0.05579612257280419, 0.07455173479471679, -0.0874328912129623, -0.19573059157117806, 0.0, 0.0, 0.08459050542090225, 0.0, -0.03672204143962415], [0.6779986065389649, 0.8800008718340778, 0.7930009808148871, 0.43419520297066305, 0.2019156766978244, 0.2995723759006783, 0.684, -0.02542368189078914, -0.0064215206190780805, -0.032178749611830426, 0.07886330001929309, -0.1286791511811316, -0.026884906903710256, -0.041514199375181415, 0.06482510921088307, -0.08546576039629737, -0.15080106462616527, 0.0, 0.0, 0.06517294088951131, 0.0, -0.028292577567404283]]
Vector{Float64}
SOLN 1: [0.8800008718209812, 0.6779986065459664, 0.7930009808104047, 0.5635589121686781, 0.35132855403759744, 0.2995723759006783, 0.684, -0.02542368189078914, -0.0064215206190780805, -0.032178749611830426, 0.07886330001929309, -0.1286791511811316, -0.04246967850677665, -0.05579612257280419, 0.07455173479471679, -0.0874328912129623, -0.19573059157117806, 0.0, 0.0, 0.08459050542090225, 0.0, -0.03672204143962415]
Vector{Float64}
SOLN 2: [0.6779986065389649, 0.8800008718340778, 0.7930009808148871, 0.43419520297066305, 0.2019156766978244, 0.2995723759006783, 0.684, -0.02542368189078914, -0.0064215206190780805, -0.032178749611830426, 0.07886330001929309, -0.1286791511811316, -0.026884906903710256, -0.041514199375181415, 0.06482510921088307, -0.08546576039629737, -0.15080106462616527, 0.0, 0.0, 0.06517294088951131, 0.0, -0.028292577567404283]
DEBUG: Processing solution 1
DEBUG: Constructed initial conditions: [0.5635589121686781, 0.35132855403759744, 0.2995723759006783, 0.684]
DEBUG: Constructed parameter values: [0.8800008718209812, 0.6779986065459664, 0.7930009808104047]
DEBUG: Parameter/IC mapping:
Dict("nu" => 0.6779986065459664, "NN(t)" => 0.684, "b" => 0.7930009808104047, "In(t)" => 0.2995723759006783, "S(t)" => 0.5635589121686781, "E(t)" => 0.35132855403759744, "a" => 0.8800008718209812)
DEBUG: Processing solution 2
DEBUG: Constructed initial conditions: [0.43419520297066305, 0.2019156766978244, 0.2995723759006783, 0.684]
DEBUG: Constructed parameter values: [0.6779986065389649, 0.8800008718340778, 0.7930009808148871]
DEBUG: Parameter/IC mapping:
Dict("nu" => 0.8800008718340778, "NN(t)" => 0.684, "b" => 0.7930009808148871, "In(t)" => 0.2995723759006783, "S(t)" => 0.43419520297066305, "E(t)" => 0.2019156766978244, "a" => 0.6779986065389649)
DEBUG [determine_optimal_points_count]: Large num points: 1
DEBUG [determine_optimal_points_count]: Good num points: 1
DEBUG [multipoint_parameter_estimation]: Parameter estimation using this many points: 1
DEBUG [multipoint_parameter_estimation]: Ideal final target: 
-0.684 + _t890_NN_t_
-0.29371883832287377 + _t890_In_t_
0.02751051328587148 + _t890_Inˍt_t_
0.011836284023995003 + _t890_Inˍtt_t_
0.01748510524789741 + _t890_Inˍttt_t_
-0.054958599389988684 + _t890_Inˍtttt_t_
0.08944828346450595 + _t890_Inˍttttt_t_
_t890_Inˍt_t_ - _t890_E_t_*_tpnu_ + _t890_In_t_*_tpa_
_t890_Inˍtt_t_ - _t890_Eˍt_t_*_tpnu_ + _t890_Inˍt_t_*_tpa_
_t890_Inˍttt_t_ - _t890_Eˍtt_t_*_tpnu_ + _t890_Inˍtt_t_*_tpa_
_t890_Inˍtttt_t_ - _t890_Eˍttt_t_*_tpnu_ + _t890_Inˍttt_t_*_tpa_
_t890_Inˍttttt_t_ - _t890_Eˍtttt_t_*_tpnu_ + _t890_Inˍtttt_t_*_tpa_
_t890_Eˍt_t_*_t890_NN_t_ + _t890_E_t_*_t890_NN_t_*_tpnu_ - _t890_In_t_*_t890_S_t_*_tpb_
_t890_Eˍt_t_*_t890_NNˍt_t_ + _t890_Eˍtt_t_*_t890_NN_t_ + _t890_E_t_*_t890_NNˍt_t_*_tpnu_ + _t890_Eˍt_t_*_t890_NN_t_*_tpnu_ - _t890_In_t_*_t890_Sˍt_t_*_tpb_ - _t890_Inˍt_t_*_t890_S_t_*_tpb_
_t890_Eˍt_t_*_t890_NNˍtt_t_ + 2_t890_Eˍtt_t_*_t890_NNˍt_t_ + _t890_Eˍttt_t_*_t890_NN_t_ + _t890_E_t_*_t890_NNˍtt_t_*_tpnu_ + 2_t890_Eˍt_t_*_t890_NNˍt_t_*_tpnu_ + _t890_Eˍtt_t_*_t890_NN_t_*_tpnu_ - _t890_In_t_*_t890_Sˍtt_t_*_tpb_ - 2_t890_Inˍt_t_*_t890_Sˍt_t_*_tpb_ - _t890_Inˍtt_t_*_t890_S_t_*_tpb_
_t890_Eˍt_t_*_t890_NNˍttt_t_ + 3_t890_Eˍtt_t_*_t890_NNˍtt_t_ + 3_t890_Eˍttt_t_*_t890_NNˍt_t_ + _t890_Eˍtttt_t_*_t890_NN_t_ + _t890_E_t_*_t890_NNˍttt_t_*_tpnu_ + 3_t890_Eˍt_t_*_t890_NNˍtt_t_*_tpnu_ + 3_t890_Eˍtt_t_*_t890_NNˍt_t_*_tpnu_ + _t890_Eˍttt_t_*_t890_NN_t_*_tpnu_ - _t890_In_t_*_t890_Sˍttt_t_*_tpb_ - 3_t890_Inˍt_t_*_t890_Sˍtt_t_*_tpb_ - 3_t890_Inˍtt_t_*_t890_Sˍt_t_*_tpb_ - _t890_Inˍttt_t_*_t890_S_t_*_tpb_
_t890_NN_t_*_t890_Sˍt_t_ + _t890_In_t_*_t890_S_t_*_tpb_
_t890_NNˍt_t_
_t890_NNˍtt_t_
_t890_NN_t_*_t890_Sˍtt_t_ + _t890_NNˍt_t_*_t890_Sˍt_t_ + _t890_In_t_*_t890_Sˍt_t_*_tpb_ + _t890_Inˍt_t_*_t890_S_t_*_tpb_
_t890_NNˍttt_t_
_t890_NN_t_*_t890_Sˍttt_t_ + 2_t890_NNˍt_t_*_t890_Sˍtt_t_ + _t890_NNˍtt_t_*_t890_Sˍt_t_ + _t890_In_t_*_t890_Sˍtt_t_*_tpb_ + 2_t890_Inˍt_t_*_t890_Sˍt_t_*_tpb_ + _t890_Inˍtt_t_*_t890_S_t_*_tpb_
DEBUG [but we are actually solving this: 
-0.684 + _t890_NN_t_
-0.29371883832287043 + _t890_In_t_
0.027510513285878835 + _t890_Inˍt_t_
0.01183628402331749 + _t890_Inˍtt_t_
0.017485105244219312 + _t890_Inˍttt_t_
-0.05495859919574286 + _t890_Inˍtttt_t_
0.089448286104016 + _t890_Inˍttttt_t_
_t890_Inˍt_t_ - _t890_E_t_*_tpnu_ + _t890_In_t_*_tpa_
_t890_Inˍtt_t_ - _t890_Eˍt_t_*_tpnu_ + _t890_Inˍt_t_*_tpa_
_t890_Inˍttt_t_ - _t890_Eˍtt_t_*_tpnu_ + _t890_Inˍtt_t_*_tpa_
_t890_Inˍtttt_t_ - _t890_Eˍttt_t_*_tpnu_ + _t890_Inˍttt_t_*_tpa_
_t890_Inˍttttt_t_ - _t890_Eˍtttt_t_*_tpnu_ + _t890_Inˍtttt_t_*_tpa_
_t890_Eˍt_t_*_t890_NN_t_ + _t890_E_t_*_t890_NN_t_*_tpnu_ - _t890_In_t_*_t890_S_t_*_tpb_
_t890_Eˍt_t_*_t890_NNˍt_t_ + _t890_Eˍtt_t_*_t890_NN_t_ + _t890_E_t_*_t890_NNˍt_t_*_tpnu_ + _t890_Eˍt_t_*_t890_NN_t_*_tpnu_ - _t890_In_t_*_t890_Sˍt_t_*_tpb_ - _t890_Inˍt_t_*_t890_S_t_*_tpb_
_t890_Eˍt_t_*_t890_NNˍtt_t_ + 2_t890_Eˍtt_t_*_t890_NNˍt_t_ + _t890_Eˍttt_t_*_t890_NN_t_ + _t890_E_t_*_t890_NNˍtt_t_*_tpnu_ + 2_t890_Eˍt_t_*_t890_NNˍt_t_*_tpnu_ + _t890_Eˍtt_t_*_t890_NN_t_*_tpnu_ - _t890_In_t_*_t890_Sˍtt_t_*_tpb_ - 2_t890_Inˍt_t_*_t890_Sˍt_t_*_tpb_ - _t890_Inˍtt_t_*_t890_S_t_*_tpb_
_t890_Eˍt_t_*_t890_NNˍttt_t_ + 3_t890_Eˍtt_t_*_t890_NNˍtt_t_ + 3_t890_Eˍttt_t_*_t890_NNˍt_t_ + _t890_Eˍtttt_t_*_t890_NN_t_ + _t890_E_t_*_t890_NNˍttt_t_*_tpnu_ + 3_t890_Eˍt_t_*_t890_NNˍtt_t_*_tpnu_ + 3_t890_Eˍtt_t_*_t890_NNˍt_t_*_tpnu_ + _t890_Eˍttt_t_*_t890_NN_t_*_tpnu_ - _t890_In_t_*_t890_Sˍttt_t_*_tpb_ - 3_t890_Inˍt_t_*_t890_Sˍtt_t_*_tpb_ - 3_t890_Inˍtt_t_*_t890_Sˍt_t_*_tpb_ - _t890_Inˍttt_t_*_t890_S_t_*_tpb_
_t890_NN_t_*_t890_Sˍt_t_ + _t890_In_t_*_t890_S_t_*_tpb_
_t890_NNˍt_t_
_t890_NNˍtt_t_
_t890_NN_t_*_t890_Sˍtt_t_ + _t890_NNˍt_t_*_t890_Sˍt_t_ + _t890_In_t_*_t890_Sˍt_t_*_tpb_ + _t890_Inˍt_t_*_t890_S_t_*_tpb_
_t890_NNˍttt_t_
_t890_NN_t_*_t890_Sˍttt_t_ + 2_t890_NNˍt_t_*_t890_Sˍtt_t_ + _t890_NNˍtt_t_*_t890_Sˍt_t_ + _t890_In_t_*_t890_Sˍtt_t_*_tpb_ + 2_t890_Inˍt_t_*_t890_Sˍt_t_*_tpb_ + _t890_Inˍtt_t_*_t890_S_t_*_tpb_
As a reminder the true parameter values are: 
OrderedDict{Num, Float64}(a => 0.678, b => 0.793, nu => 0.88)
And the true states are: 
OrderedDict{Num, Float64}(S(t) => 0.785, E(t) => 0.109, In(t) => 0.388, NN(t) => 0.684)
The forward substitution dictionary is: 
Any[OrderedDict{Num, Any}(Sˍt(t) => _t890_Sˍt_t_, Eˍt(t) => _t890_Eˍt_t_, Inˍt(t) => _t890_Inˍt_t_, NNˍt(t) => _t890_NNˍt_t_, Sˍtt(t) => _t890_Sˍtt_t_, Eˍtt(t) => _t890_Eˍtt_t_, Inˍtt(t) => _t890_Inˍtt_t_, NNˍtt(t) => _t890_NNˍtt_t_, Sˍttt(t) => _t890_Sˍttt_t_, Eˍttt(t) => _t890_Eˍttt_t_, Inˍttt(t) => _t890_Inˍttt_t_, NNˍttt(t) => _t890_NNˍttt_t_, Sˍtttt(t) => _t890_Sˍtttt_t_, Eˍtttt(t) => _t890_Eˍtttt_t_, Inˍtttt(t) => _t890_Inˍtttt_t_, NNˍtttt(t) => _t890_NNˍtttt_t_, Sˍttttt(t) => _t890_Sˍttttt_t_, Eˍttttt(t) => _t890_Eˍttttt_t_, Inˍttttt(t) => _t890_Inˍttttt_t_, NNˍttttt(t) => _t890_NNˍttttt_t_, Sˍtttttt(t) => _t890_Sˍtttttt_t_, Eˍtttttt(t) => _t890_Eˍtttttt_t_, Inˍtttttt(t) => _t890_Inˍtttttt_t_, NNˍtttttt(t) => _t890_NNˍtttttt_t_, S(t) => _t890_S_t_, E(t) => _t890_E_t_, In(t) => _t890_In_t_, NN(t) => _t890_NN_t_, y1(t) => _t890_y1_t_, y2(t) => _t890_y2_t_, y1ˍt(t) => _t890_y1ˍt_t_, y2ˍt(t) => _t890_y2ˍt_t_, y1ˍtt(t) => _t890_y1ˍtt_t_, y2ˍtt(t) => _t890_y2ˍtt_t_, y1ˍttt(t) => _t890_y1ˍttt_t_, y2ˍttt(t) => _t890_y2ˍttt_t_, y1ˍtttt(t) => _t890_y1ˍtttt_t_, y2ˍtttt(t) => _t890_y2ˍtttt_t_, y1ˍttttt(t) => _t890_y1ˍttttt_t_, y2ˍttttt(t) => _t890_y2ˍttttt_t_, y1ˍtttttt(t) => _t890_y1ˍtttttt_t_, y2ˍtttttt(t) => _t890_y2ˍtttttt_t_, a => _tpa_, nu => _tpnu_, b => _tpb_)]
The reverse substitution dictionary is: 
Any[OrderedDict{Any, Any}(_t890_Sˍt_t_ => Sˍt(t), _t890_Eˍt_t_ => Eˍt(t), _t890_Inˍt_t_ => Inˍt(t), _t890_NNˍt_t_ => NNˍt(t), _t890_Sˍtt_t_ => Sˍtt(t), _t890_Eˍtt_t_ => Eˍtt(t), _t890_Inˍtt_t_ => Inˍtt(t), _t890_NNˍtt_t_ => NNˍtt(t), _t890_Sˍttt_t_ => Sˍttt(t), _t890_Eˍttt_t_ => Eˍttt(t), _t890_Inˍttt_t_ => Inˍttt(t), _t890_NNˍttt_t_ => NNˍttt(t), _t890_Sˍtttt_t_ => Sˍtttt(t), _t890_Eˍtttt_t_ => Eˍtttt(t), _t890_Inˍtttt_t_ => Inˍtttt(t), _t890_NNˍtttt_t_ => NNˍtttt(t), _t890_Sˍttttt_t_ => Sˍttttt(t), _t890_Eˍttttt_t_ => Eˍttttt(t), _t890_Inˍttttt_t_ => Inˍttttt(t), _t890_NNˍttttt_t_ => NNˍttttt(t), _t890_Sˍtttttt_t_ => Sˍtttttt(t), _t890_Eˍtttttt_t_ => Eˍtttttt(t), _t890_Inˍtttttt_t_ => Inˍtttttt(t), _t890_NNˍtttttt_t_ => NNˍtttttt(t), _t890_S_t_ => S(t), _t890_E_t_ => E(t), _t890_In_t_ => In(t), _t890_NN_t_ => NN(t), _t890_y1_t_ => y1(t), _t890_y2_t_ => y2(t), _t890_y1ˍt_t_ => y1ˍt(t), _t890_y2ˍt_t_ => y2ˍt(t), _t890_y1ˍtt_t_ => y1ˍtt(t), _t890_y2ˍtt_t_ => y2ˍtt(t), _t890_y1ˍttt_t_ => y1ˍttt(t), _t890_y2ˍttt_t_ => y2ˍttt(t), _t890_y1ˍtttt_t_ => y1ˍtttt(t), _t890_y2ˍtttt_t_ => y2ˍtttt(t), _t890_y1ˍttttt_t_ => y1ˍttttt(t), _t890_y2ˍttttt_t_ => y2ˍttttt(t), _t890_y1ˍtttttt_t_ => y1ˍtttttt(t), _t890_y2ˍtttttt_t_ => y2ˍtttttt(t), _tpa_ => a, _tpnu_ => nu, _tpb_ => b)]
DEBUG [multipoint_parameter_estimation]: Evaluated ideal polynomial system with exact state and parameter values:
0.0
0.0
0.0
0.0
-6.938893903907228e-18
2.0816681711721685e-17
-4.163336342344337e-17
0.0
0.0
1.734723475976807e-18
0.0
0.0
-2.7755575615628914e-17
0.0
3.469446951953614e-18
-7.806255641895632e-18
1.3877787807814457e-17
0
0
0.0
0
0.0
DEBUG [multipoint_parameter_estimation]: Evaluated interpolated polynomial system with exact state and parameter values:
0.0
3.3306690738754696e-15
7.355227538141662e-15
-6.775136007775018e-13
-3.6781064305380085e-12
1.9424584163374448e-10
2.639510013335844e-9
0.0
0.0
1.734723475976807e-18
0.0
0.0
-2.7755575615628914e-17
0.0
3.469446951953614e-18
-7.806255641895632e-18
1.3877787807814457e-17
0
0
0.0
0
0.0
and by the way the exact state values are: (at the time index 890)
OrderedDict{Any, Any}(S(t) => 0.40227581626185316, E(t) => 0.1950350671557238, In(t) => 0.29371883832287377, NN(t) => 0.684)
and by the way the exact parameter values are:
OrderedDict{Num, Float64}(a => 0.678, b => 0.793, nu => 0.88)
aa_system
Any[_t890_NN_t_ - 6160924290242839//9007199254740992, _t890_In_t_ - 5291168203290297//18014398509481984, _t890_Inˍt_t_ + 123896337383055//4503599627370496, _t890_Inˍtt_t_ + 832904442451//70368744177664, _t890_Inˍttt_t_ + 615202448925//35184372088832, _t890_Inˍtttt_t_ - 30213809431//549755813888, _t890_Inˍttttt_t_ + 768354927//8589934592, _tpa_*_t890_In_t_ - _tpnu_*_t890_E_t_ + _t890_Inˍt_t_, _tpa_*_t890_Inˍt_t_ - _tpnu_*_t890_Eˍt_t_ + _t890_Inˍtt_t_, _tpa_*_t890_Inˍtt_t_ - _tpnu_*_t890_Eˍtt_t_ + _t890_Inˍttt_t_, _tpa_*_t890_Inˍttt_t_ - _tpnu_*_t890_Eˍttt_t_ + _t890_Inˍtttt_t_, _tpa_*_t890_Inˍtttt_t_ - _tpnu_*_t890_Eˍtttt_t_ + _t890_Inˍttttt_t_, _tpnu_*_t890_E_t_*_t890_NN_t_ - _tpb_*_t890_S_t_*_t890_In_t_ + _t890_NN_t_*_t890_Eˍt_t_, _tpnu_*_t890_E_t_*_t890_NNˍt_t_ + _tpnu_*_t890_NN_t_*_t890_Eˍt_t_ - _tpb_*_t890_S_t_*_t890_Inˍt_t_ - _tpb_*_t890_In_t_*_t890_Sˍt_t_ + _t890_NN_t_*_t890_Eˍtt_t_ + _t890_Eˍt_t_*_t890_NNˍt_t_, _tpnu_*_t890_E_t_*_t890_NNˍtt_t_ + _tpnu_*_t890_NN_t_*_t890_Eˍtt_t_ + 2*_tpnu_*_t890_Eˍt_t_*_t890_NNˍt_t_ - _tpb_*_t890_S_t_*_t890_Inˍtt_t_ - _tpb_*_t890_In_t_*_t890_Sˍtt_t_ - 2*_tpb_*_t890_Inˍt_t_*_t890_Sˍt_t_ + _t890_NN_t_*_t890_Eˍttt_t_ + _t890_Eˍt_t_*_t890_NNˍtt_t_ + 2*_t890_Eˍtt_t_*_t890_NNˍt_t_, _tpnu_*_t890_E_t_*_t890_NNˍttt_t_ + _tpnu_*_t890_NN_t_*_t890_Eˍttt_t_ + 3*_tpnu_*_t890_Eˍt_t_*_t890_NNˍtt_t_ + 3*_tpnu_*_t890_Eˍtt_t_*_t890_NNˍt_t_ - _tpb_*_t890_S_t_*_t890_Inˍttt_t_ - _tpb_*_t890_In_t_*_t890_Sˍttt_t_ - 3*_tpb_*_t890_Inˍt_t_*_t890_Sˍtt_t_ - 3*_tpb_*_t890_Inˍtt_t_*_t890_Sˍt_t_ + _t890_NN_t_*_t890_Eˍtttt_t_ + _t890_Eˍt_t_*_t890_NNˍttt_t_ + 3*_t890_Eˍtt_t_*_t890_NNˍtt_t_ + 3*_t890_Eˍttt_t_*_t890_NNˍt_t_, _tpb_*_t890_S_t_*_t890_In_t_ + _t890_NN_t_*_t890_Sˍt_t_, _t890_NNˍt_t_, _t890_NNˍtt_t_, _tpb_*_t890_S_t_*_t890_Inˍt_t_ + _tpb_*_t890_In_t_*_t890_Sˍt_t_ + _t890_NN_t_*_t890_Sˍtt_t_ + _t890_Sˍt_t_*_t890_NNˍt_t_, _t890_NNˍttt_t_, _tpb_*_t890_S_t_*_t890_Inˍtt_t_ + _tpb_*_t890_In_t_*_t890_Sˍtt_t_ + 2*_tpb_*_t890_Inˍt_t_*_t890_Sˍt_t_ + _t890_NN_t_*_t890_Sˍttt_t_ + _t890_Sˍt_t_*_t890_NNˍtt_t_ + 2*_t890_NNˍt_t_*_t890_Sˍtt_t_]
R
Multivariate polynomial ring in 22 variables over rationals
primes of bitsize 28
G-Q-Pt-FG-LT-LP(C)
Dimension of the quotient :4
Degree of the radical :4
Use last variable as separating element
Separating form: [0, 0, 0, 0, 0, 0, 0, 0, 0, 0, 0, 0, 0, 0, 0, 0, 0, 0, 0, 0, 0, 1]
Run Groebner learn
Test cyclic optimization
Apply cyclic optimization 
Multi-modular computation (1 threads): G-Q-Pt-FG-LT-LP(C)
5-9-13-17-21-25-29-33-37-41-45-49-53-61-69-77-85-93-105-
check-G-Q-Pt-FG-LT-LP(C)
Nb Primes used :105
2-element Vector{Vector{MPFI.BigInterval}}:
 [[0.879999851671512088889, 0.879999852044896351119], [0.678000295196795656297, 0.678000295367765102417], [0.792999759452152691645, 0.792999759533295984712], [0.522128019330312555295, 0.522128019358698192343], [0.340651799909063531796, 0.340651799917462949228], [0.293718838320806251063, 0.293718838324934618334], [0.683999999997596560663, 0.684000000002403544142], [-0.0275105132859271690991, -0.0275105132858305005441], [-0.0118362840233278871115, -0.0118362840233070914887], [-0.0174851052442269922899, -0.0174851052442116321622], [0.0549585991957307933701, 0.0549585991957549330908], [-0.0894482861040258281903, -0.0894482861040061837954], [-0.0531644777895202410561, -0.0531644777895151051683], [-0.04115194879067436037, -0.0411519487906723687075], [0.0583653273405880188899, 0.0583653273405894384155], [-0.0605969160177220709819, -0.0605969160177213302414], [-0.177797543138933912859, -0.177797543138932749219], [0.0, 0.0], [0.0, 0.0], [0.0771974804303170852453, 0.0771974804303173287131], [0.0, 0.0], [-0.0304642939092080925373, -0.0304642939092080367974]]
 [[0.678000295062932955859, 0.678000295489279060628], [0.879999851740177763002, 0.879999851980481976026], [0.792999759429306415559, 0.792999759554718644148], [0.402276148711277383962, 0.402276148742239182584], [0.195035198537850559023, 0.195035198546357461285], [0.293718838320155371335, 0.293718838325585498061], [0.683999999996838690063, 0.684000000003161414742], [-0.027510513285942409895, -0.0275105132858152597481], [-0.0118362840233311657558, -0.0118362840233038128444], [-0.0174851052442294139723, -0.0174851052442092104798], [0.0549585991957269874952, 0.0549585991957587389656], [-0.0894482861040289253324, -0.0894482861040030866534], [-0.0346459378257594169033, -0.0346459378257536576823], [-0.0289887654559792934347, -0.0289887654559769166078], [0.0489814771966004624129, 0.048981477196602415825], [-0.0593026686431105228362, -0.0593026686431093649371], [-0.136985008000260081511, -0.136985008000258779005], [0.0, 0.0], [0.0, 0.0], [0.059477185610396658639, 0.0594771856103969501014], [0.0, 0.0], [-0.0234713678895673489917, -0.0234713678895672994911]]
Vector{Any}
SOLNS: Any[[0.8799998518582042, 0.6780002952822803, 0.7929997594927244, 0.5221280193445054, 0.3406517999132632, 0.29371883832287043, 0.684, -0.027510513285878835, -0.01183628402331749, -0.017485105244219312, 0.05495859919574286, -0.089448286104016, -0.053164477789517675, -0.04115194879067337, 0.058365327340588725, -0.0605969160177217, -0.17779754313893334, 0.0, 0.0, 0.07719748043031721, 0.0, -0.030464293909208066], [0.6780002952761061, 0.8799998518603299, 0.7929997594920125, 0.40227614872675826, 0.19503519854210402, 0.29371883832287043, 0.684, -0.027510513285878835, -0.01183628402331749, -0.017485105244219312, 0.05495859919574286, -0.089448286104016, -0.034645937825756534, -0.028988765455978106, 0.04898147719660144, -0.05930266864310994, -0.13698500800025942, 0.0, 0.0, 0.059477185610396804, 0.0, -0.023471367889567323]]
Vector{Float64}
SOLN 1: [0.8799998518582042, 0.6780002952822803, 0.7929997594927244, 0.5221280193445054, 0.3406517999132632, 0.29371883832287043, 0.684, -0.027510513285878835, -0.01183628402331749, -0.017485105244219312, 0.05495859919574286, -0.089448286104016, -0.053164477789517675, -0.04115194879067337, 0.058365327340588725, -0.0605969160177217, -0.17779754313893334, 0.0, 0.0, 0.07719748043031721, 0.0, -0.030464293909208066]
Vector{Float64}
SOLN 2: [0.6780002952761061, 0.8799998518603299, 0.7929997594920125, 0.40227614872675826, 0.19503519854210402, 0.29371883832287043, 0.684, -0.027510513285878835, -0.01183628402331749, -0.017485105244219312, 0.05495859919574286, -0.089448286104016, -0.034645937825756534, -0.028988765455978106, 0.04898147719660144, -0.05930266864310994, -0.13698500800025942, 0.0, 0.0, 0.059477185610396804, 0.0, -0.023471367889567323]
DEBUG: Processing solution 1
DEBUG: Constructed initial conditions: [0.5221280193445054, 0.3406517999132632, 0.29371883832287043, 0.684]
DEBUG: Constructed parameter values: [0.8799998518582042, 0.6780002952822803, 0.7929997594927244]
DEBUG: Parameter/IC mapping:
Dict("nu" => 0.6780002952822803, "NN(t)" => 0.684, "b" => 0.7929997594927244, "In(t)" => 0.29371883832287043, "S(t)" => 0.5221280193445054, "E(t)" => 0.3406517999132632, "a" => 0.8799998518582042)
DEBUG: Processing solution 2
DEBUG: Constructed initial conditions: [0.40227614872675826, 0.19503519854210402, 0.29371883832287043, 0.684]
DEBUG: Constructed parameter values: [0.6780002952761061, 0.8799998518603299, 0.7929997594920125]
DEBUG: Parameter/IC mapping:
Dict("nu" => 0.8799998518603299, "NN(t)" => 0.684, "b" => 0.7929997594920125, "In(t)" => 0.29371883832287043, "S(t)" => 0.40227614872675826, "E(t)" => 0.19503519854210402, "a" => 0.6780002952761061)
DEBUG [determine_optimal_points_count]: Large num points: 1
DEBUG [determine_optimal_points_count]: Good num points: 1
DEBUG [multipoint_parameter_estimation]: Parameter estimation using this many points: 1
DEBUG [multipoint_parameter_estimation]: Ideal final target: 
-0.684 + _t1001_NN_t_
-0.2872931328674863 + _t1001_In_t_
0.030477274337697757 + _t1001_Inˍt_t_
0.01451352334153136 + _t1001_Inˍtt_t_
0.007253925700503696 + _t1001_Inˍttt_t_
-0.038169884542936225 + _t1001_Inˍtttt_t_
0.06353855019905946 + _t1001_Inˍttttt_t_
_t1001_Inˍt_t_ - _t1001_E_t_*_tpnu_ + _t1001_In_t_*_tpa_
_t1001_Inˍtt_t_ - _t1001_Eˍt_t_*_tpnu_ + _t1001_Inˍt_t_*_tpa_
_t1001_Inˍttt_t_ - _t1001_Eˍtt_t_*_tpnu_ + _t1001_Inˍtt_t_*_tpa_
_t1001_Inˍtttt_t_ - _t1001_Eˍttt_t_*_tpnu_ + _t1001_Inˍttt_t_*_tpa_
_t1001_Inˍttttt_t_ - _t1001_Eˍtttt_t_*_tpnu_ + _t1001_Inˍtttt_t_*_tpa_
_t1001_Eˍt_t_*_t1001_NN_t_ + _t1001_E_t_*_t1001_NN_t_*_tpnu_ - _t1001_In_t_*_t1001_S_t_*_tpb_
_t1001_Eˍt_t_*_t1001_NNˍt_t_ + _t1001_Eˍtt_t_*_t1001_NN_t_ + _t1001_E_t_*_t1001_NNˍt_t_*_tpnu_ + _t1001_Eˍt_t_*_t1001_NN_t_*_tpnu_ - _t1001_In_t_*_t1001_Sˍt_t_*_tpb_ - _t1001_Inˍt_t_*_t1001_S_t_*_tpb_
_t1001_Eˍt_t_*_t1001_NNˍtt_t_ + 2_t1001_Eˍtt_t_*_t1001_NNˍt_t_ + _t1001_Eˍttt_t_*_t1001_NN_t_ + _t1001_E_t_*_t1001_NNˍtt_t_*_tpnu_ + 2_t1001_Eˍt_t_*_t1001_NNˍt_t_*_tpnu_ + _t1001_Eˍtt_t_*_t1001_NN_t_*_tpnu_ - _t1001_In_t_*_t1001_Sˍtt_t_*_tpb_ - 2_t1001_Inˍt_t_*_t1001_Sˍt_t_*_tpb_ - _t1001_Inˍtt_t_*_t1001_S_t_*_tpb_
_t1001_Eˍt_t_*_t1001_NNˍttt_t_ + 3_t1001_Eˍtt_t_*_t1001_NNˍtt_t_ + 3_t1001_Eˍttt_t_*_t1001_NNˍt_t_ + _t1001_Eˍtttt_t_*_t1001_NN_t_ + _t1001_E_t_*_t1001_NNˍttt_t_*_tpnu_ + 3_t1001_Eˍt_t_*_t1001_NNˍtt_t_*_tpnu_ + 3_t1001_Eˍtt_t_*_t1001_NNˍt_t_*_tpnu_ + _t1001_Eˍttt_t_*_t1001_NN_t_*_tpnu_ - _t1001_In_t_*_t1001_Sˍttt_t_*_tpb_ - 3_t1001_Inˍt_t_*_t1001_Sˍtt_t_*_tpb_ - 3_t1001_Inˍtt_t_*_t1001_Sˍt_t_*_tpb_ - _t1001_Inˍttt_t_*_t1001_S_t_*_tpb_
_t1001_NN_t_*_t1001_Sˍt_t_ + _t1001_In_t_*_t1001_S_t_*_tpb_
_t1001_NNˍt_t_
_t1001_NNˍtt_t_
_t1001_NN_t_*_t1001_Sˍtt_t_ + _t1001_NNˍt_t_*_t1001_Sˍt_t_ + _t1001_In_t_*_t1001_Sˍt_t_*_tpb_ + _t1001_Inˍt_t_*_t1001_S_t_*_tpb_
_t1001_NNˍttt_t_
_t1001_NN_t_*_t1001_Sˍttt_t_ + 2_t1001_NNˍt_t_*_t1001_Sˍtt_t_ + _t1001_NNˍtt_t_*_t1001_Sˍt_t_ + _t1001_In_t_*_t1001_Sˍtt_t_*_tpb_ + 2_t1001_Inˍt_t_*_t1001_Sˍt_t_*_tpb_ + _t1001_Inˍtt_t_*_t1001_S_t_*_tpb_
DEBUG [but we are actually solving this: 
-0.684 + _t1001_NN_t_
-0.2872931328674863 + _t1001_In_t_
0.03047727433763825 + _t1001_Inˍt_t_
0.014513523336745493 + _t1001_Inˍtt_t_
0.007253925489749236 + _t1001_Inˍttt_t_
-0.03816988956532441 + _t1001_Inˍtttt_t_
0.06353847682476044 + _t1001_Inˍttttt_t_
_t1001_Inˍt_t_ - _t1001_E_t_*_tpnu_ + _t1001_In_t_*_tpa_
_t1001_Inˍtt_t_ - _t1001_Eˍt_t_*_tpnu_ + _t1001_Inˍt_t_*_tpa_
_t1001_Inˍttt_t_ - _t1001_Eˍtt_t_*_tpnu_ + _t1001_Inˍtt_t_*_tpa_
_t1001_Inˍtttt_t_ - _t1001_Eˍttt_t_*_tpnu_ + _t1001_Inˍttt_t_*_tpa_
_t1001_Inˍttttt_t_ - _t1001_Eˍtttt_t_*_tpnu_ + _t1001_Inˍtttt_t_*_tpa_
_t1001_Eˍt_t_*_t1001_NN_t_ + _t1001_E_t_*_t1001_NN_t_*_tpnu_ - _t1001_In_t_*_t1001_S_t_*_tpb_
_t1001_Eˍt_t_*_t1001_NNˍt_t_ + _t1001_Eˍtt_t_*_t1001_NN_t_ + _t1001_E_t_*_t1001_NNˍt_t_*_tpnu_ + _t1001_Eˍt_t_*_t1001_NN_t_*_tpnu_ - _t1001_In_t_*_t1001_Sˍt_t_*_tpb_ - _t1001_Inˍt_t_*_t1001_S_t_*_tpb_
_t1001_Eˍt_t_*_t1001_NNˍtt_t_ + 2_t1001_Eˍtt_t_*_t1001_NNˍt_t_ + _t1001_Eˍttt_t_*_t1001_NN_t_ + _t1001_E_t_*_t1001_NNˍtt_t_*_tpnu_ + 2_t1001_Eˍt_t_*_t1001_NNˍt_t_*_tpnu_ + _t1001_Eˍtt_t_*_t1001_NN_t_*_tpnu_ - _t1001_In_t_*_t1001_Sˍtt_t_*_tpb_ - 2_t1001_Inˍt_t_*_t1001_Sˍt_t_*_tpb_ - _t1001_Inˍtt_t_*_t1001_S_t_*_tpb_
_t1001_Eˍt_t_*_t1001_NNˍttt_t_ + 3_t1001_Eˍtt_t_*_t1001_NNˍtt_t_ + 3_t1001_Eˍttt_t_*_t1001_NNˍt_t_ + _t1001_Eˍtttt_t_*_t1001_NN_t_ + _t1001_E_t_*_t1001_NNˍttt_t_*_tpnu_ + 3_t1001_Eˍt_t_*_t1001_NNˍtt_t_*_tpnu_ + 3_t1001_Eˍtt_t_*_t1001_NNˍt_t_*_tpnu_ + _t1001_Eˍttt_t_*_t1001_NN_t_*_tpnu_ - _t1001_In_t_*_t1001_Sˍttt_t_*_tpb_ - 3_t1001_Inˍt_t_*_t1001_Sˍtt_t_*_tpb_ - 3_t1001_Inˍtt_t_*_t1001_Sˍt_t_*_tpb_ - _t1001_Inˍttt_t_*_t1001_S_t_*_tpb_
_t1001_NN_t_*_t1001_Sˍt_t_ + _t1001_In_t_*_t1001_S_t_*_tpb_
_t1001_NNˍt_t_
_t1001_NNˍtt_t_
_t1001_NN_t_*_t1001_Sˍtt_t_ + _t1001_NNˍt_t_*_t1001_Sˍt_t_ + _t1001_In_t_*_t1001_Sˍt_t_*_tpb_ + _t1001_Inˍt_t_*_t1001_S_t_*_tpb_
_t1001_NNˍttt_t_
_t1001_NN_t_*_t1001_Sˍttt_t_ + 2_t1001_NNˍt_t_*_t1001_Sˍtt_t_ + _t1001_NNˍtt_t_*_t1001_Sˍt_t_ + _t1001_In_t_*_t1001_Sˍtt_t_*_tpb_ + 2_t1001_Inˍt_t_*_t1001_Sˍt_t_*_tpb_ + _t1001_Inˍtt_t_*_t1001_S_t_*_tpb_
As a reminder the true parameter values are: 
OrderedDict{Num, Float64}(a => 0.678, b => 0.793, nu => 0.88)
And the true states are: 
OrderedDict{Num, Float64}(S(t) => 0.785, E(t) => 0.109, In(t) => 0.388, NN(t) => 0.684)
The forward substitution dictionary is: 
Any[OrderedDict{Num, Any}(Sˍt(t) => _t1001_Sˍt_t_, Eˍt(t) => _t1001_Eˍt_t_, Inˍt(t) => _t1001_Inˍt_t_, NNˍt(t) => _t1001_NNˍt_t_, Sˍtt(t) => _t1001_Sˍtt_t_, Eˍtt(t) => _t1001_Eˍtt_t_, Inˍtt(t) => _t1001_Inˍtt_t_, NNˍtt(t) => _t1001_NNˍtt_t_, Sˍttt(t) => _t1001_Sˍttt_t_, Eˍttt(t) => _t1001_Eˍttt_t_, Inˍttt(t) => _t1001_Inˍttt_t_, NNˍttt(t) => _t1001_NNˍttt_t_, Sˍtttt(t) => _t1001_Sˍtttt_t_, Eˍtttt(t) => _t1001_Eˍtttt_t_, Inˍtttt(t) => _t1001_Inˍtttt_t_, NNˍtttt(t) => _t1001_NNˍtttt_t_, Sˍttttt(t) => _t1001_Sˍttttt_t_, Eˍttttt(t) => _t1001_Eˍttttt_t_, Inˍttttt(t) => _t1001_Inˍttttt_t_, NNˍttttt(t) => _t1001_NNˍttttt_t_, Sˍtttttt(t) => _t1001_Sˍtttttt_t_, Eˍtttttt(t) => _t1001_Eˍtttttt_t_, Inˍtttttt(t) => _t1001_Inˍtttttt_t_, NNˍtttttt(t) => _t1001_NNˍtttttt_t_, S(t) => _t1001_S_t_, E(t) => _t1001_E_t_, In(t) => _t1001_In_t_, NN(t) => _t1001_NN_t_, y1(t) => _t1001_y1_t_, y2(t) => _t1001_y2_t_, y1ˍt(t) => _t1001_y1ˍt_t_, y2ˍt(t) => _t1001_y2ˍt_t_, y1ˍtt(t) => _t1001_y1ˍtt_t_, y2ˍtt(t) => _t1001_y2ˍtt_t_, y1ˍttt(t) => _t1001_y1ˍttt_t_, y2ˍttt(t) => _t1001_y2ˍttt_t_, y1ˍtttt(t) => _t1001_y1ˍtttt_t_, y2ˍtttt(t) => _t1001_y2ˍtttt_t_, y1ˍttttt(t) => _t1001_y1ˍttttt_t_, y2ˍttttt(t) => _t1001_y2ˍttttt_t_, y1ˍtttttt(t) => _t1001_y1ˍtttttt_t_, y2ˍtttttt(t) => _t1001_y2ˍtttttt_t_, a => _tpa_, nu => _tpnu_, b => _tpb_)]
The reverse substitution dictionary is: 
Any[OrderedDict{Any, Any}(_t1001_Sˍt_t_ => Sˍt(t), _t1001_Eˍt_t_ => Eˍt(t), _t1001_Inˍt_t_ => Inˍt(t), _t1001_NNˍt_t_ => NNˍt(t), _t1001_Sˍtt_t_ => Sˍtt(t), _t1001_Eˍtt_t_ => Eˍtt(t), _t1001_Inˍtt_t_ => Inˍtt(t), _t1001_NNˍtt_t_ => NNˍtt(t), _t1001_Sˍttt_t_ => Sˍttt(t), _t1001_Eˍttt_t_ => Eˍttt(t), _t1001_Inˍttt_t_ => Inˍttt(t), _t1001_NNˍttt_t_ => NNˍttt(t), _t1001_Sˍtttt_t_ => Sˍtttt(t), _t1001_Eˍtttt_t_ => Eˍtttt(t), _t1001_Inˍtttt_t_ => Inˍtttt(t), _t1001_NNˍtttt_t_ => NNˍtttt(t), _t1001_Sˍttttt_t_ => Sˍttttt(t), _t1001_Eˍttttt_t_ => Eˍttttt(t), _t1001_Inˍttttt_t_ => Inˍttttt(t), _t1001_NNˍttttt_t_ => NNˍttttt(t), _t1001_Sˍtttttt_t_ => Sˍtttttt(t), _t1001_Eˍtttttt_t_ => Eˍtttttt(t), _t1001_Inˍtttttt_t_ => Inˍtttttt(t), _t1001_NNˍtttttt_t_ => NNˍtttttt(t), _t1001_S_t_ => S(t), _t1001_E_t_ => E(t), _t1001_In_t_ => In(t), _t1001_NN_t_ => NN(t), _t1001_y1_t_ => y1(t), _t1001_y2_t_ => y2(t), _t1001_y1ˍt_t_ => y1ˍt(t), _t1001_y2ˍt_t_ => y2ˍt(t), _t1001_y1ˍtt_t_ => y1ˍtt(t), _t1001_y2ˍtt_t_ => y2ˍtt(t), _t1001_y1ˍttt_t_ => y1ˍttt(t), _t1001_y2ˍttt_t_ => y2ˍttt(t), _t1001_y1ˍtttt_t_ => y1ˍtttt(t), _t1001_y2ˍtttt_t_ => y2ˍtttt(t), _t1001_y1ˍttttt_t_ => y1ˍttttt(t), _t1001_y2ˍttttt_t_ => y2ˍttttt(t), _t1001_y1ˍtttttt_t_ => y1ˍtttttt(t), _t1001_y2ˍtttttt_t_ => y2ˍtttttt(t), _tpa_ => a, _tpnu_ => nu, _tpb_ => b)]
DEBUG [multipoint_parameter_estimation]: Evaluated ideal polynomial system with exact state and parameter values:
0.0
0.0
0.0
0.0
0.0
0.0
0.0
0.0
0.0
0.0
0.0
0.0
0.0
3.469446951953614e-18
-5.204170427930421e-18
0.0
0.0
0
0
0.0
0
1.734723475976807e-18
DEBUG [multipoint_parameter_estimation]: Evaluated interpolated polynomial system with exact state and parameter values:
0.0
0.0
-5.950795411990839e-14
-4.785866147827278e-12
-2.1075446075824456e-10
-5.0223881858935115e-9
-7.337429902554149e-8
0.0
0.0
0.0
0.0
0.0
0.0
3.469446951953614e-18
-5.204170427930421e-18
0.0
0.0
0
0
0.0
0
1.734723475976807e-18
and by the way the exact state values are: (at the time index 1001)
OrderedDict{Any, Any}(S(t) => 0.3732894717279027, E(t) => 0.18671303380279314, In(t) => 0.2872931328674863, NN(t) => 0.684)
and by the way the exact parameter values are:
OrderedDict{Num, Float64}(a => 0.678, b => 0.793, nu => 0.88)
aa_system
Any[_t1001_NN_t_ - 6160924290242839//9007199254740992, _t1001_In_t_ - 5175412984512455//18014398509481984, _t1001_Inˍt_t_ + 8578590084391//281474976710656, _t1001_Inˍtt_t_ + 63831150675//4398046511104, _t1001_Inˍttt_t_ + 7975775423//1099511627776, _t1001_Inˍtttt_t_ - 1311507419//34359738368, _t1001_Inˍttttt_t_ + 4263995//67108864, _tpa_*_t1001_In_t_ - _tpnu_*_t1001_E_t_ + _t1001_Inˍt_t_, _tpa_*_t1001_Inˍt_t_ - _tpnu_*_t1001_Eˍt_t_ + _t1001_Inˍtt_t_, _tpa_*_t1001_Inˍtt_t_ - _tpnu_*_t1001_Eˍtt_t_ + _t1001_Inˍttt_t_, _tpa_*_t1001_Inˍttt_t_ - _tpnu_*_t1001_Eˍttt_t_ + _t1001_Inˍtttt_t_, _tpa_*_t1001_Inˍtttt_t_ - _tpnu_*_t1001_Eˍtttt_t_ + _t1001_Inˍttttt_t_, _tpnu_*_t1001_E_t_*_t1001_NN_t_ - _tpb_*_t1001_S_t_*_t1001_In_t_ + _t1001_NN_t_*_t1001_Eˍt_t_, _tpnu_*_t1001_E_t_*_t1001_NNˍt_t_ + _tpnu_*_t1001_NN_t_*_t1001_Eˍt_t_ - _tpb_*_t1001_S_t_*_t1001_Inˍt_t_ - _tpb_*_t1001_In_t_*_t1001_Sˍt_t_ + _t1001_NN_t_*_t1001_Eˍtt_t_ + _t1001_Eˍt_t_*_t1001_NNˍt_t_, _tpnu_*_t1001_E_t_*_t1001_NNˍtt_t_ + _tpnu_*_t1001_NN_t_*_t1001_Eˍtt_t_ + 2*_tpnu_*_t1001_Eˍt_t_*_t1001_NNˍt_t_ - _tpb_*_t1001_S_t_*_t1001_Inˍtt_t_ - _tpb_*_t1001_In_t_*_t1001_Sˍtt_t_ - 2*_tpb_*_t1001_Inˍt_t_*_t1001_Sˍt_t_ + _t1001_NN_t_*_t1001_Eˍttt_t_ + _t1001_Eˍt_t_*_t1001_NNˍtt_t_ + 2*_t1001_Eˍtt_t_*_t1001_NNˍt_t_, _tpnu_*_t1001_E_t_*_t1001_NNˍttt_t_ + _tpnu_*_t1001_NN_t_*_t1001_Eˍttt_t_ + 3*_tpnu_*_t1001_Eˍt_t_*_t1001_NNˍtt_t_ + 3*_tpnu_*_t1001_Eˍtt_t_*_t1001_NNˍt_t_ - _tpb_*_t1001_S_t_*_t1001_Inˍttt_t_ - _tpb_*_t1001_In_t_*_t1001_Sˍttt_t_ - 3*_tpb_*_t1001_Inˍt_t_*_t1001_Sˍtt_t_ - 3*_tpb_*_t1001_Inˍtt_t_*_t1001_Sˍt_t_ + _t1001_NN_t_*_t1001_Eˍtttt_t_ + _t1001_Eˍt_t_*_t1001_NNˍttt_t_ + 3*_t1001_Eˍtt_t_*_t1001_NNˍtt_t_ + 3*_t1001_Eˍttt_t_*_t1001_NNˍt_t_, _tpb_*_t1001_S_t_*_t1001_In_t_ + _t1001_NN_t_*_t1001_Sˍt_t_, _t1001_NNˍt_t_, _t1001_NNˍtt_t_, _tpb_*_t1001_S_t_*_t1001_Inˍt_t_ + _tpb_*_t1001_In_t_*_t1001_Sˍt_t_ + _t1001_NN_t_*_t1001_Sˍtt_t_ + _t1001_Sˍt_t_*_t1001_NNˍt_t_, _t1001_NNˍttt_t_, _tpb_*_t1001_S_t_*_t1001_Inˍtt_t_ + _tpb_*_t1001_In_t_*_t1001_Sˍtt_t_ + 2*_tpb_*_t1001_Inˍt_t_*_t1001_Sˍt_t_ + _t1001_NN_t_*_t1001_Sˍttt_t_ + _t1001_Sˍt_t_*_t1001_NNˍtt_t_ + 2*_t1001_NNˍt_t_*_t1001_Sˍtt_t_]
R
Multivariate polynomial ring in 22 variables over rationals
primes of bitsize 28
G-Q-Pt-FG-LT-LP(C)
Dimension of the quotient :4
Degree of the radical :4
Use last variable as separating element
Separating form: [0, 0, 0, 0, 0, 0, 0, 0, 0, 0, 0, 0, 0, 0, 0, 0, 0, 0, 0, 0, 0, 1]
Run Groebner learn
Test cyclic optimization
Apply cyclic optimization 
Multi-modular computation (1 threads): G-Q-Pt-FG-LT-LP(C)
5-9-13-17-21-25-29-33-37-41-45-49-53-61-69-77-85-93-
check-G-Q-Pt-FG-LT-LP(C)
Nb Primes used :93
2-element Vector{Vector{MPFI.BigInterval}}:
 [[0.880002472477380915473, 0.880002472873233277105], [0.677991044716378657463, 0.67799104490073978539], [0.793008978374282928796, 0.793008978457581682948], [0.484499404993846116905, 0.484499405022143641967], [0.32794148929792802493, 0.327941489306389528265], [0.287293132865345049614, 0.287293132869627573629], [0.683999999997451047477, 0.684000000002549057328], [-0.0304772743376950378748, -0.0304772743375814607956], [-0.0145135233367590145775, -0.0145135233367319714176], [-0.00725392548975261464054, -0.00725392548974585649288], [0.0381698895653155205145, 0.0381698895653333010778], [-0.063538476824767836495, -0.0635384768247530375284], [-0.0609648172060884768885, -0.0609648172060823400637], [-0.0295370596213338608644, -0.0295370596213323742809], [0.0468832404806853315611, 0.0468832404806865088116], [-0.0441729722752533624776, -0.0441729722752528092008], [-0.16137657576335597716, -0.161376575763354847218], [0.0, 0.0], [0.0, 0.0], [0.0708706597357156734693, 0.070870659735715911245], [0.0, 0.0], [-0.0268573785673165319033, -0.0268573785673164795617]]
 [[0.677991044556191209522, 0.677991045061814193948], [0.880002472530995527003, 0.880002472815927475888], [0.79300897834108784198, 0.793008978492061254706], [0.37327878954469920294, 0.373278789578510997884], [0.18670958557498684017, 0.186709585584689160721], [0.2872931328643253519, 0.287293132870647271342], [0.683999999996237177137, 0.684000000003762927668], [-0.0304772743377220813397, -0.0304772743375544173308], [-0.0145135233367654537351, -0.01451352333672553226], [-0.00725392548975422380091, -0.0072539254897442473325], [0.0381698895653112868423, 0.0381698895653375347501], [-0.06353847682477136023, -0.0635384768247495137934], [-0.0399735722342762687786, -0.0399735722342683482548], [-0.0194249048968102372149, -0.0194249048968083136759], [0.0377860222850344809048, 0.0377860222850362964217], [-0.0427949178407712595351, -0.0427949178407702548049], [-0.12433132474849716606, -0.124331324748495772033], [0.0, 0.0], [0.0, 0.0], [0.0546017473047801759247, 0.0546017473047804916884], [0.0, 0.0], [-0.0206920579442892924402, -0.0206920579442892403257]]
Vector{Any}
SOLNS: Any[[0.8800024726753071, 0.6779910448085592, 0.7930089784159323, 0.4844994050079949, 0.3279414893021588, 0.2872931328674863, 0.684, -0.03047727433763825, -0.014513523336745493, -0.007253925489749236, 0.03816988956532441, -0.06353847682476044, -0.06096481720608541, -0.029537059621333118, 0.04688324048068592, -0.04417297227525309, -0.1613765757633554, 0.0, 0.0, 0.0708706597357158, 0.0, -0.026857378567316507], [0.6779910448090027, 0.8800024726734615, 0.7930089784165746, 0.3732787895616051, 0.186709585579838, 0.2872931328674863, 0.684, -0.03047727433763825, -0.014513523336745493, -0.007253925489749236, 0.03816988956532441, -0.06353847682476044, -0.03997357223427231, -0.019424904896809276, 0.03778602228503539, -0.04279491784077076, -0.12433132474849647, 0.0, 0.0, 0.05460174730478033, 0.0, -0.020692057944289265]]
Vector{Float64}
SOLN 1: [0.8800024726753071, 0.6779910448085592, 0.7930089784159323, 0.4844994050079949, 0.3279414893021588, 0.2872931328674863, 0.684, -0.03047727433763825, -0.014513523336745493, -0.007253925489749236, 0.03816988956532441, -0.06353847682476044, -0.06096481720608541, -0.029537059621333118, 0.04688324048068592, -0.04417297227525309, -0.1613765757633554, 0.0, 0.0, 0.0708706597357158, 0.0, -0.026857378567316507]
Vector{Float64}
SOLN 2: [0.6779910448090027, 0.8800024726734615, 0.7930089784165746, 0.3732787895616051, 0.186709585579838, 0.2872931328674863, 0.684, -0.03047727433763825, -0.014513523336745493, -0.007253925489749236, 0.03816988956532441, -0.06353847682476044, -0.03997357223427231, -0.019424904896809276, 0.03778602228503539, -0.04279491784077076, -0.12433132474849647, 0.0, 0.0, 0.05460174730478033, 0.0, -0.020692057944289265]
DEBUG: Processing solution 1
DEBUG: Constructed initial conditions: [0.4844994050079949, 0.3279414893021588, 0.2872931328674863, 0.684]
DEBUG: Constructed parameter values: [0.8800024726753071, 0.6779910448085592, 0.7930089784159323]
DEBUG: Parameter/IC mapping:
Dict("nu" => 0.6779910448085592, "NN(t)" => 0.684, "b" => 0.7930089784159323, "In(t)" => 0.2872931328674863, "S(t)" => 0.4844994050079949, "E(t)" => 0.3279414893021588, "a" => 0.8800024726753071)
DEBUG: Processing solution 2
DEBUG: Constructed initial conditions: [0.3732787895616051, 0.186709585579838, 0.2872931328674863, 0.684]
DEBUG: Constructed parameter values: [0.6779910448090027, 0.8800024726734615, 0.7930089784165746]
DEBUG: Parameter/IC mapping:
Dict("nu" => 0.8800024726734615, "NN(t)" => 0.684, "b" => 0.7930089784165746, "In(t)" => 0.2872931328674863, "S(t)" => 0.3732787895616051, "E(t)" => 0.186709585579838, "a" => 0.6779910448090027)
DEBUG [determine_optimal_points_count]: Large num points: 2
DEBUG [determine_optimal_points_count]: Good num points: 2
DEBUG [multipoint_parameter_estimation]: Parameter estimation using this many points: 2
DEBUG [multipoint_parameter_estimation]: Ideal final target: 
-0.684 + _t1_NN_t_
-0.388 + _t1_In_t_
0.16714400000000001 + _t1_Inˍt_t_
-0.33965687878362577 + _t1_Inˍtt_t_
0.7031050956974227 + _t1_Inˍttt_t_
-1.408335297279053 + _t1_Inˍtttt_t_
_t1_Inˍt_t_ - _t1_E_t_*_tpnu_ + _t1_In_t_*_tpa_
_t1_Inˍtt_t_ - _t1_Eˍt_t_*_tpnu_ + _t1_Inˍt_t_*_tpa_
_t1_Inˍttt_t_ - _t1_Eˍtt_t_*_tpnu_ + _t1_Inˍtt_t_*_tpa_
_t1_Inˍtttt_t_ - _t1_Eˍttt_t_*_tpnu_ + _t1_Inˍttt_t_*_tpa_
_t1_Eˍt_t_*_t1_NN_t_ + _t1_E_t_*_t1_NN_t_*_tpnu_ - _t1_In_t_*_t1_S_t_*_tpb_
_t1_Eˍt_t_*_t1_NNˍt_t_ + _t1_Eˍtt_t_*_t1_NN_t_ + _t1_E_t_*_t1_NNˍt_t_*_tpnu_ + _t1_Eˍt_t_*_t1_NN_t_*_tpnu_ - _t1_In_t_*_t1_Sˍt_t_*_tpb_ - _t1_Inˍt_t_*_t1_S_t_*_tpb_
_t1_Eˍt_t_*_t1_NNˍtt_t_ + 2_t1_Eˍtt_t_*_t1_NNˍt_t_ + _t1_Eˍttt_t_*_t1_NN_t_ + _t1_E_t_*_t1_NNˍtt_t_*_tpnu_ + 2_t1_Eˍt_t_*_t1_NNˍt_t_*_tpnu_ + _t1_Eˍtt_t_*_t1_NN_t_*_tpnu_ - _t1_In_t_*_t1_Sˍtt_t_*_tpb_ - 2_t1_Inˍt_t_*_t1_Sˍt_t_*_tpb_ - _t1_Inˍtt_t_*_t1_S_t_*_tpb_
_t1_NN_t_*_t1_Sˍt_t_ + _t1_In_t_*_t1_S_t_*_tpb_
_t1_NNˍt_t_
_t1_NNˍtt_t_
_t1_NN_t_*_t1_Sˍtt_t_ + _t1_NNˍt_t_*_t1_Sˍt_t_ + _t1_In_t_*_t1_Sˍt_t_*_tpb_ + _t1_Inˍt_t_*_t1_S_t_*_tpb_
-0.684 + _t334_NN_t_
-0.3262961141782808 + _t334_In_t_
0.04649269543109774 + _t334_Inˍt_t_
-0.07709542615110096 + _t334_Inˍtt_t_
0.19618810099465253 + _t334_Inˍttt_t_
-0.3675234009249676 + _t334_Inˍtttt_t_
_t334_Inˍt_t_ - _t334_E_t_*_tpnu_ + _t334_In_t_*_tpa_
_t334_Inˍtt_t_ - _t334_Eˍt_t_*_tpnu_ + _t334_Inˍt_t_*_tpa_
_t334_Inˍttt_t_ - _t334_Eˍtt_t_*_tpnu_ + _t334_Inˍtt_t_*_tpa_
_t334_Inˍtttt_t_ - _t334_Eˍttt_t_*_tpnu_ + _t334_Inˍttt_t_*_tpa_
_t334_Eˍt_t_*_t334_NN_t_ + _t334_E_t_*_t334_NN_t_*_tpnu_ - _t334_In_t_*_t334_S_t_*_tpb_
_t334_Eˍt_t_*_t334_NNˍt_t_ + _t334_Eˍtt_t_*_t334_NN_t_ + _t334_E_t_*_t334_NNˍt_t_*_tpnu_ + _t334_Eˍt_t_*_t334_NN_t_*_tpnu_ - _t334_In_t_*_t334_Sˍt_t_*_tpb_ - _t334_Inˍt_t_*_t334_S_t_*_tpb_
_t334_Eˍt_t_*_t334_NNˍtt_t_ + 2_t334_Eˍtt_t_*_t334_NNˍt_t_ + _t334_Eˍttt_t_*_t334_NN_t_ + _t334_E_t_*_t334_NNˍtt_t_*_tpnu_ + 2_t334_Eˍt_t_*_t334_NNˍt_t_*_tpnu_ + _t334_Eˍtt_t_*_t334_NN_t_*_tpnu_ - _t334_In_t_*_t334_Sˍtt_t_*_tpb_ - 2_t334_Inˍt_t_*_t334_Sˍt_t_*_tpb_ - _t334_Inˍtt_t_*_t334_S_t_*_tpb_
_t334_NN_t_*_t334_Sˍt_t_ + _t334_In_t_*_t334_S_t_*_tpb_
_t334_NNˍt_t_
_t334_NNˍtt_t_
_t334_NN_t_*_t334_Sˍtt_t_ + _t334_NNˍt_t_*_t334_Sˍt_t_ + _t334_In_t_*_t334_Sˍt_t_*_tpb_ + _t334_Inˍt_t_*_t334_S_t_*_tpb_
DEBUG [but we are actually solving this: 
-0.684 + _t1_NN_t_
-0.3879999950159473 + _t1_In_t_
0.16714312370338258 + _t1_Inˍt_t_
-0.3395908852090461 + _t1_Inˍtt_t_
0.6999035259362995 + _t1_Inˍttt_t_
-1.296500450921716 + _t1_Inˍtttt_t_
_t1_Inˍt_t_ - _t1_E_t_*_tpnu_ + _t1_In_t_*_tpa_
_t1_Inˍtt_t_ - _t1_Eˍt_t_*_tpnu_ + _t1_Inˍt_t_*_tpa_
_t1_Inˍttt_t_ - _t1_Eˍtt_t_*_tpnu_ + _t1_Inˍtt_t_*_tpa_
_t1_Inˍtttt_t_ - _t1_Eˍttt_t_*_tpnu_ + _t1_Inˍttt_t_*_tpa_
_t1_Eˍt_t_*_t1_NN_t_ + _t1_E_t_*_t1_NN_t_*_tpnu_ - _t1_In_t_*_t1_S_t_*_tpb_
_t1_Eˍt_t_*_t1_NNˍt_t_ + _t1_Eˍtt_t_*_t1_NN_t_ + _t1_E_t_*_t1_NNˍt_t_*_tpnu_ + _t1_Eˍt_t_*_t1_NN_t_*_tpnu_ - _t1_In_t_*_t1_Sˍt_t_*_tpb_ - _t1_Inˍt_t_*_t1_S_t_*_tpb_
_t1_Eˍt_t_*_t1_NNˍtt_t_ + 2_t1_Eˍtt_t_*_t1_NNˍt_t_ + _t1_Eˍttt_t_*_t1_NN_t_ + _t1_E_t_*_t1_NNˍtt_t_*_tpnu_ + 2_t1_Eˍt_t_*_t1_NNˍt_t_*_tpnu_ + _t1_Eˍtt_t_*_t1_NN_t_*_tpnu_ - _t1_In_t_*_t1_Sˍtt_t_*_tpb_ - 2_t1_Inˍt_t_*_t1_Sˍt_t_*_tpb_ - _t1_Inˍtt_t_*_t1_S_t_*_tpb_
_t1_NN_t_*_t1_Sˍt_t_ + _t1_In_t_*_t1_S_t_*_tpb_
_t1_NNˍt_t_
_t1_NNˍtt_t_
_t1_NN_t_*_t1_Sˍtt_t_ + _t1_NNˍt_t_*_t1_Sˍt_t_ + _t1_In_t_*_t1_Sˍt_t_*_tpb_ + _t1_Inˍt_t_*_t1_S_t_*_tpb_
-0.684 + _t334_NN_t_
-0.32629611428379984 + _t334_In_t_
0.0464926934970165 + _t334_Inˍt_t_
-0.07709516421826972 + _t334_Inˍtt_t_
0.19618670928810514 + _t334_Inˍttt_t_
-0.36763563607803523 + _t334_Inˍtttt_t_
_t334_Inˍt_t_ - _t334_E_t_*_tpnu_ + _t334_In_t_*_tpa_
_t334_Inˍtt_t_ - _t334_Eˍt_t_*_tpnu_ + _t334_Inˍt_t_*_tpa_
_t334_Inˍttt_t_ - _t334_Eˍtt_t_*_tpnu_ + _t334_Inˍtt_t_*_tpa_
_t334_Inˍtttt_t_ - _t334_Eˍttt_t_*_tpnu_ + _t334_Inˍttt_t_*_tpa_
_t334_Eˍt_t_*_t334_NN_t_ + _t334_E_t_*_t334_NN_t_*_tpnu_ - _t334_In_t_*_t334_S_t_*_tpb_
_t334_Eˍt_t_*_t334_NNˍt_t_ + _t334_Eˍtt_t_*_t334_NN_t_ + _t334_E_t_*_t334_NNˍt_t_*_tpnu_ + _t334_Eˍt_t_*_t334_NN_t_*_tpnu_ - _t334_In_t_*_t334_Sˍt_t_*_tpb_ - _t334_Inˍt_t_*_t334_S_t_*_tpb_
_t334_Eˍt_t_*_t334_NNˍtt_t_ + 2_t334_Eˍtt_t_*_t334_NNˍt_t_ + _t334_Eˍttt_t_*_t334_NN_t_ + _t334_E_t_*_t334_NNˍtt_t_*_tpnu_ + 2_t334_Eˍt_t_*_t334_NNˍt_t_*_tpnu_ + _t334_Eˍtt_t_*_t334_NN_t_*_tpnu_ - _t334_In_t_*_t334_Sˍtt_t_*_tpb_ - 2_t334_Inˍt_t_*_t334_Sˍt_t_*_tpb_ - _t334_Inˍtt_t_*_t334_S_t_*_tpb_
_t334_NN_t_*_t334_Sˍt_t_ + _t334_In_t_*_t334_S_t_*_tpb_
_t334_NNˍt_t_
_t334_NNˍtt_t_
_t334_NN_t_*_t334_Sˍtt_t_ + _t334_NNˍt_t_*_t334_Sˍt_t_ + _t334_In_t_*_t334_Sˍt_t_*_tpb_ + _t334_Inˍt_t_*_t334_S_t_*_tpb_
As a reminder the true parameter values are: 
OrderedDict{Num, Float64}(a => 0.678, b => 0.793, nu => 0.88)
And the true states are: 
OrderedDict{Num, Float64}(S(t) => 0.785, E(t) => 0.109, In(t) => 0.388, NN(t) => 0.684)
The forward substitution dictionary is: 
Any[OrderedDict{Num, Any}(Sˍt(t) => _t1_Sˍt_t_, Eˍt(t) => _t1_Eˍt_t_, Inˍt(t) => _t1_Inˍt_t_, NNˍt(t) => _t1_NNˍt_t_, Sˍtt(t) => _t1_Sˍtt_t_, Eˍtt(t) => _t1_Eˍtt_t_, Inˍtt(t) => _t1_Inˍtt_t_, NNˍtt(t) => _t1_NNˍtt_t_, Sˍttt(t) => _t1_Sˍttt_t_, Eˍttt(t) => _t1_Eˍttt_t_, Inˍttt(t) => _t1_Inˍttt_t_, NNˍttt(t) => _t1_NNˍttt_t_, Sˍtttt(t) => _t1_Sˍtttt_t_, Eˍtttt(t) => _t1_Eˍtttt_t_, Inˍtttt(t) => _t1_Inˍtttt_t_, NNˍtttt(t) => _t1_NNˍtttt_t_, Sˍttttt(t) => _t1_Sˍttttt_t_, Eˍttttt(t) => _t1_Eˍttttt_t_, Inˍttttt(t) => _t1_Inˍttttt_t_, NNˍttttt(t) => _t1_NNˍttttt_t_, Sˍtttttt(t) => _t1_Sˍtttttt_t_, Eˍtttttt(t) => _t1_Eˍtttttt_t_, Inˍtttttt(t) => _t1_Inˍtttttt_t_, NNˍtttttt(t) => _t1_NNˍtttttt_t_, S(t) => _t1_S_t_, E(t) => _t1_E_t_, In(t) => _t1_In_t_, NN(t) => _t1_NN_t_, y1(t) => _t1_y1_t_, y2(t) => _t1_y2_t_, y1ˍt(t) => _t1_y1ˍt_t_, y2ˍt(t) => _t1_y2ˍt_t_, y1ˍtt(t) => _t1_y1ˍtt_t_, y2ˍtt(t) => _t1_y2ˍtt_t_, y1ˍttt(t) => _t1_y1ˍttt_t_, y2ˍttt(t) => _t1_y2ˍttt_t_, y1ˍtttt(t) => _t1_y1ˍtttt_t_, y2ˍtttt(t) => _t1_y2ˍtttt_t_, y1ˍttttt(t) => _t1_y1ˍttttt_t_, y2ˍttttt(t) => _t1_y2ˍttttt_t_, y1ˍtttttt(t) => _t1_y1ˍtttttt_t_, y2ˍtttttt(t) => _t1_y2ˍtttttt_t_, a => _tpa_, nu => _tpnu_, b => _tpb_), OrderedDict{Num, Any}(Sˍt(t) => _t334_Sˍt_t_, Eˍt(t) => _t334_Eˍt_t_, Inˍt(t) => _t334_Inˍt_t_, NNˍt(t) => _t334_NNˍt_t_, Sˍtt(t) => _t334_Sˍtt_t_, Eˍtt(t) => _t334_Eˍtt_t_, Inˍtt(t) => _t334_Inˍtt_t_, NNˍtt(t) => _t334_NNˍtt_t_, Sˍttt(t) => _t334_Sˍttt_t_, Eˍttt(t) => _t334_Eˍttt_t_, Inˍttt(t) => _t334_Inˍttt_t_, NNˍttt(t) => _t334_NNˍttt_t_, Sˍtttt(t) => _t334_Sˍtttt_t_, Eˍtttt(t) => _t334_Eˍtttt_t_, Inˍtttt(t) => _t334_Inˍtttt_t_, NNˍtttt(t) => _t334_NNˍtttt_t_, Sˍttttt(t) => _t334_Sˍttttt_t_, Eˍttttt(t) => _t334_Eˍttttt_t_, Inˍttttt(t) => _t334_Inˍttttt_t_, NNˍttttt(t) => _t334_NNˍttttt_t_, Sˍtttttt(t) => _t334_Sˍtttttt_t_, Eˍtttttt(t) => _t334_Eˍtttttt_t_, Inˍtttttt(t) => _t334_Inˍtttttt_t_, NNˍtttttt(t) => _t334_NNˍtttttt_t_, S(t) => _t334_S_t_, E(t) => _t334_E_t_, In(t) => _t334_In_t_, NN(t) => _t334_NN_t_, y1(t) => _t334_y1_t_, y2(t) => _t334_y2_t_, y1ˍt(t) => _t334_y1ˍt_t_, y2ˍt(t) => _t334_y2ˍt_t_, y1ˍtt(t) => _t334_y1ˍtt_t_, y2ˍtt(t) => _t334_y2ˍtt_t_, y1ˍttt(t) => _t334_y1ˍttt_t_, y2ˍttt(t) => _t334_y2ˍttt_t_, y1ˍtttt(t) => _t334_y1ˍtttt_t_, y2ˍtttt(t) => _t334_y2ˍtttt_t_, y1ˍttttt(t) => _t334_y1ˍttttt_t_, y2ˍttttt(t) => _t334_y2ˍttttt_t_, y1ˍtttttt(t) => _t334_y1ˍtttttt_t_, y2ˍtttttt(t) => _t334_y2ˍtttttt_t_, a => _tpa_, nu => _tpnu_, b => _tpb_)]
The reverse substitution dictionary is: 
Any[OrderedDict{Any, Any}(_t1_Sˍt_t_ => Sˍt(t), _t1_Eˍt_t_ => Eˍt(t), _t1_Inˍt_t_ => Inˍt(t), _t1_NNˍt_t_ => NNˍt(t), _t1_Sˍtt_t_ => Sˍtt(t), _t1_Eˍtt_t_ => Eˍtt(t), _t1_Inˍtt_t_ => Inˍtt(t), _t1_NNˍtt_t_ => NNˍtt(t), _t1_Sˍttt_t_ => Sˍttt(t), _t1_Eˍttt_t_ => Eˍttt(t), _t1_Inˍttt_t_ => Inˍttt(t), _t1_NNˍttt_t_ => NNˍttt(t), _t1_Sˍtttt_t_ => Sˍtttt(t), _t1_Eˍtttt_t_ => Eˍtttt(t), _t1_Inˍtttt_t_ => Inˍtttt(t), _t1_NNˍtttt_t_ => NNˍtttt(t), _t1_Sˍttttt_t_ => Sˍttttt(t), _t1_Eˍttttt_t_ => Eˍttttt(t), _t1_Inˍttttt_t_ => Inˍttttt(t), _t1_NNˍttttt_t_ => NNˍttttt(t), _t1_Sˍtttttt_t_ => Sˍtttttt(t), _t1_Eˍtttttt_t_ => Eˍtttttt(t), _t1_Inˍtttttt_t_ => Inˍtttttt(t), _t1_NNˍtttttt_t_ => NNˍtttttt(t), _t1_S_t_ => S(t), _t1_E_t_ => E(t), _t1_In_t_ => In(t), _t1_NN_t_ => NN(t), _t1_y1_t_ => y1(t), _t1_y2_t_ => y2(t), _t1_y1ˍt_t_ => y1ˍt(t), _t1_y2ˍt_t_ => y2ˍt(t), _t1_y1ˍtt_t_ => y1ˍtt(t), _t1_y2ˍtt_t_ => y2ˍtt(t), _t1_y1ˍttt_t_ => y1ˍttt(t), _t1_y2ˍttt_t_ => y2ˍttt(t), _t1_y1ˍtttt_t_ => y1ˍtttt(t), _t1_y2ˍtttt_t_ => y2ˍtttt(t), _t1_y1ˍttttt_t_ => y1ˍttttt(t), _t1_y2ˍttttt_t_ => y2ˍttttt(t), _t1_y1ˍtttttt_t_ => y1ˍtttttt(t), _t1_y2ˍtttttt_t_ => y2ˍtttttt(t), _tpa_ => a, _tpnu_ => nu, _tpb_ => b), OrderedDict{Any, Any}(_t334_Sˍt_t_ => Sˍt(t), _t334_Eˍt_t_ => Eˍt(t), _t334_Inˍt_t_ => Inˍt(t), _t334_NNˍt_t_ => NNˍt(t), _t334_Sˍtt_t_ => Sˍtt(t), _t334_Eˍtt_t_ => Eˍtt(t), _t334_Inˍtt_t_ => Inˍtt(t), _t334_NNˍtt_t_ => NNˍtt(t), _t334_Sˍttt_t_ => Sˍttt(t), _t334_Eˍttt_t_ => Eˍttt(t), _t334_Inˍttt_t_ => Inˍttt(t), _t334_NNˍttt_t_ => NNˍttt(t), _t334_Sˍtttt_t_ => Sˍtttt(t), _t334_Eˍtttt_t_ => Eˍtttt(t), _t334_Inˍtttt_t_ => Inˍtttt(t), _t334_NNˍtttt_t_ => NNˍtttt(t), _t334_Sˍttttt_t_ => Sˍttttt(t), _t334_Eˍttttt_t_ => Eˍttttt(t), _t334_Inˍttttt_t_ => Inˍttttt(t), _t334_NNˍttttt_t_ => NNˍttttt(t), _t334_Sˍtttttt_t_ => Sˍtttttt(t), _t334_Eˍtttttt_t_ => Eˍtttttt(t), _t334_Inˍtttttt_t_ => Inˍtttttt(t), _t334_NNˍtttttt_t_ => NNˍtttttt(t), _t334_S_t_ => S(t), _t334_E_t_ => E(t), _t334_In_t_ => In(t), _t334_NN_t_ => NN(t), _t334_y1_t_ => y1(t), _t334_y2_t_ => y2(t), _t334_y1ˍt_t_ => y1ˍt(t), _t334_y2ˍt_t_ => y2ˍt(t), _t334_y1ˍtt_t_ => y1ˍtt(t), _t334_y2ˍtt_t_ => y2ˍtt(t), _t334_y1ˍttt_t_ => y1ˍttt(t), _t334_y2ˍttt_t_ => y2ˍttt(t), _t334_y1ˍtttt_t_ => y1ˍtttt(t), _t334_y2ˍtttt_t_ => y2ˍtttt(t), _t334_y1ˍttttt_t_ => y1ˍttttt(t), _t334_y2ˍttttt_t_ => y2ˍttttt(t), _t334_y1ˍtttttt_t_ => y1ˍtttttt(t), _t334_y2ˍtttttt_t_ => y2ˍtttttt(t), _tpa_ => a, _tpnu_ => nu, _tpb_ => b)]
DEBUG [multipoint_parameter_estimation]: Evaluated ideal polynomial system with exact state and parameter values:
0.0
0.0
0.0
0.0
0.0
0.0
0.0
0.0
5.551115123125783e-17
1.1102230246251565e-16
1.3877787807814457e-17
0.0
5.551115123125783e-17
-2.7755575615628914e-17
0
0
0.0
-0.684 + _t334_NN_t_
-0.3262961141782808 + _t334_In_t_
0.04649269543109774 + _t334_Inˍt_t_
-0.07709542615110096 + _t334_Inˍtt_t_
0.19618810099465253 + _t334_Inˍttt_t_
-0.3675234009249676 + _t334_Inˍtttt_t_
-0.88_t334_E_t_ + 0.678_t334_In_t_ + _t334_Inˍt_t_
-0.88_t334_Eˍt_t_ + 0.678_t334_Inˍt_t_ + _t334_Inˍtt_t_
-0.88_t334_Eˍtt_t_ + 0.678_t334_Inˍtt_t_ + _t334_Inˍttt_t_
-0.88_t334_Eˍttt_t_ + 0.678_t334_Inˍttt_t_ + _t334_Inˍtttt_t_
0.88_t334_E_t_*_t334_NN_t_ + _t334_Eˍt_t_*_t334_NN_t_ - 0.793_t334_In_t_*_t334_S_t_
0.88_t334_E_t_*_t334_NNˍt_t_ + 0.88_t334_Eˍt_t_*_t334_NN_t_ + _t334_Eˍt_t_*_t334_NNˍt_t_ + _t334_Eˍtt_t_*_t334_NN_t_ - 0.793_t334_In_t_*_t334_Sˍt_t_ - 0.793_t334_Inˍt_t_*_t334_S_t_
0.88_t334_E_t_*_t334_NNˍtt_t_ + 1.76_t334_Eˍt_t_*_t334_NNˍt_t_ + _t334_Eˍt_t_*_t334_NNˍtt_t_ + 0.88_t334_Eˍtt_t_*_t334_NN_t_ + 2_t334_Eˍtt_t_*_t334_NNˍt_t_ + _t334_Eˍttt_t_*_t334_NN_t_ - 0.793_t334_In_t_*_t334_Sˍtt_t_ - 1.586_t334_Inˍt_t_*_t334_Sˍt_t_ - 0.793_t334_Inˍtt_t_*_t334_S_t_
0.793_t334_In_t_*_t334_S_t_ + _t334_NN_t_*_t334_Sˍt_t_
_t334_NNˍt_t_
_t334_NNˍtt_t_
0.793_t334_In_t_*_t334_Sˍt_t_ + 0.793_t334_Inˍt_t_*_t334_S_t_ + _t334_NN_t_*_t334_Sˍtt_t_ + _t334_NNˍt_t_*_t334_Sˍt_t_
DEBUG [multipoint_parameter_estimation]: Evaluated interpolated polynomial system with exact state and parameter values:
0.0
4.984052726086929e-9
-8.762966174358233e-7
6.599357457964805e-5
-0.0032015697611232907
0.11183484635733709
0.0
0.0
5.551115123125783e-17
1.1102230246251565e-16
1.3877787807814457e-17
0.0
5.551115123125783e-17
-2.7755575615628914e-17
0
0
0.0
-0.684 + _t334_NN_t_
-0.32629611428379984 + _t334_In_t_
0.0464926934970165 + _t334_Inˍt_t_
-0.07709516421826972 + _t334_Inˍtt_t_
0.19618670928810514 + _t334_Inˍttt_t_
-0.36763563607803523 + _t334_Inˍtttt_t_
-0.88_t334_E_t_ + 0.678_t334_In_t_ + _t334_Inˍt_t_
-0.88_t334_Eˍt_t_ + 0.678_t334_Inˍt_t_ + _t334_Inˍtt_t_
-0.88_t334_Eˍtt_t_ + 0.678_t334_Inˍtt_t_ + _t334_Inˍttt_t_
-0.88_t334_Eˍttt_t_ + 0.678_t334_Inˍttt_t_ + _t334_Inˍtttt_t_
0.88_t334_E_t_*_t334_NN_t_ + _t334_Eˍt_t_*_t334_NN_t_ - 0.793_t334_In_t_*_t334_S_t_
0.88_t334_E_t_*_t334_NNˍt_t_ + 0.88_t334_Eˍt_t_*_t334_NN_t_ + _t334_Eˍt_t_*_t334_NNˍt_t_ + _t334_Eˍtt_t_*_t334_NN_t_ - 0.793_t334_In_t_*_t334_Sˍt_t_ - 0.793_t334_Inˍt_t_*_t334_S_t_
0.88_t334_E_t_*_t334_NNˍtt_t_ + 1.76_t334_Eˍt_t_*_t334_NNˍt_t_ + _t334_Eˍt_t_*_t334_NNˍtt_t_ + 0.88_t334_Eˍtt_t_*_t334_NN_t_ + 2_t334_Eˍtt_t_*_t334_NNˍt_t_ + _t334_Eˍttt_t_*_t334_NN_t_ - 0.793_t334_In_t_*_t334_Sˍtt_t_ - 1.586_t334_Inˍt_t_*_t334_Sˍt_t_ - 0.793_t334_Inˍtt_t_*_t334_S_t_
0.793_t334_In_t_*_t334_S_t_ + _t334_NN_t_*_t334_Sˍt_t_
_t334_NNˍt_t_
_t334_NNˍtt_t_
0.793_t334_In_t_*_t334_Sˍt_t_ + 0.793_t334_Inˍt_t_*_t334_S_t_ + _t334_NN_t_*_t334_Sˍtt_t_ + _t334_NNˍt_t_*_t334_Sˍt_t_
and by the way the exact state values are: (at the time index 1)
OrderedDict{Any, Any}(S(t) => 0.785, E(t) => 0.109, In(t) => 0.388, NN(t) => 0.684)
and by the way the exact parameter values are:
OrderedDict{Num, Float64}(a => 0.678, b => 0.793, nu => 0.88)
aa_system
Any[_t1_NN_t_ - 6160924290242839//9007199254740992, _t1_In_t_ - 3494793265947149//9007199254740992, _t1_Inˍt_t_ + 1505491419256189//9007199254740992, _t1_Inˍtt_t_ - 1529381384085877//4503599627370496, _t1_Inˍttt_t_ + 6304170517204029//9007199254740992, _t1_Inˍtttt_t_ - 364932434228545//281474976710656, _tpa_*_t1_In_t_ - _tpnu_*_t1_E_t_ + _t1_Inˍt_t_, _tpa_*_t1_Inˍt_t_ - _tpnu_*_t1_Eˍt_t_ + _t1_Inˍtt_t_, _tpa_*_t1_Inˍtt_t_ - _tpnu_*_t1_Eˍtt_t_ + _t1_Inˍttt_t_, _tpa_*_t1_Inˍttt_t_ - _tpnu_*_t1_Eˍttt_t_ + _t1_Inˍtttt_t_, _tpnu_*_t1_E_t_*_t1_NN_t_ - _tpb_*_t1_S_t_*_t1_In_t_ + _t1_NN_t_*_t1_Eˍt_t_, _tpnu_*_t1_E_t_*_t1_NNˍt_t_ + _tpnu_*_t1_NN_t_*_t1_Eˍt_t_ - _tpb_*_t1_S_t_*_t1_Inˍt_t_ - _tpb_*_t1_In_t_*_t1_Sˍt_t_ + _t1_NN_t_*_t1_Eˍtt_t_ + _t1_Eˍt_t_*_t1_NNˍt_t_, _tpnu_*_t1_E_t_*_t1_NNˍtt_t_ + _tpnu_*_t1_NN_t_*_t1_Eˍtt_t_ + 2*_tpnu_*_t1_Eˍt_t_*_t1_NNˍt_t_ - _tpb_*_t1_S_t_*_t1_Inˍtt_t_ - _tpb_*_t1_In_t_*_t1_Sˍtt_t_ - 2*_tpb_*_t1_Inˍt_t_*_t1_Sˍt_t_ + _t1_NN_t_*_t1_Eˍttt_t_ + _t1_Eˍt_t_*_t1_NNˍtt_t_ + 2*_t1_Eˍtt_t_*_t1_NNˍt_t_, _tpb_*_t1_S_t_*_t1_In_t_ + _t1_NN_t_*_t1_Sˍt_t_, _t1_NNˍt_t_, _t1_NNˍtt_t_, _tpb_*_t1_S_t_*_t1_Inˍt_t_ + _tpb_*_t1_In_t_*_t1_Sˍt_t_ + _t1_NN_t_*_t1_Sˍtt_t_ + _t1_Sˍt_t_*_t1_NNˍt_t_, _t334_NN_t_ - 6160924290242839//9007199254740992, _t334_In_t_ - 5878028234803847//18014398509481984, _t334_Inˍt_t_ + 3350151633737827//72057594037927936, _t334_Inˍtt_t_ - 5555292045527467//72057594037927936, _t334_Inˍttt_t_ + 7068371126759633//36028797018963968, _t334_Inˍtttt_t_ - 6622734854596619//18014398509481984, _tpa_*_t334_In_t_ - _tpnu_*_t334_E_t_ + _t334_Inˍt_t_, _tpa_*_t334_Inˍt_t_ - _tpnu_*_t334_Eˍt_t_ + _t334_Inˍtt_t_, _tpa_*_t334_Inˍtt_t_ - _tpnu_*_t334_Eˍtt_t_ + _t334_Inˍttt_t_, _tpa_*_t334_Inˍttt_t_ - _tpnu_*_t334_Eˍttt_t_ + _t334_Inˍtttt_t_, _tpnu_*_t334_E_t_*_t334_NN_t_ - _tpb_*_t334_S_t_*_t334_In_t_ + _t334_NN_t_*_t334_Eˍt_t_, _tpnu_*_t334_E_t_*_t334_NNˍt_t_ + _tpnu_*_t334_NN_t_*_t334_Eˍt_t_ - _tpb_*_t334_S_t_*_t334_Inˍt_t_ - _tpb_*_t334_In_t_*_t334_Sˍt_t_ + _t334_NN_t_*_t334_Eˍtt_t_ + _t334_Eˍt_t_*_t334_NNˍt_t_, _tpnu_*_t334_E_t_*_t334_NNˍtt_t_ + _tpnu_*_t334_NN_t_*_t334_Eˍtt_t_ + 2*_tpnu_*_t334_Eˍt_t_*_t334_NNˍt_t_ - _tpb_*_t334_S_t_*_t334_Inˍtt_t_ - _tpb_*_t334_In_t_*_t334_Sˍtt_t_ - 2*_tpb_*_t334_Inˍt_t_*_t334_Sˍt_t_ + _t334_NN_t_*_t334_Eˍttt_t_ + _t334_Eˍt_t_*_t334_NNˍtt_t_ + 2*_t334_Eˍtt_t_*_t334_NNˍt_t_, _tpb_*_t334_S_t_*_t334_In_t_ + _t334_NN_t_*_t334_Sˍt_t_, _t334_NNˍt_t_, _t334_NNˍtt_t_, _tpb_*_t334_S_t_*_t334_Inˍt_t_ + _tpb_*_t334_In_t_*_t334_Sˍt_t_ + _t334_NN_t_*_t334_Sˍtt_t_ + _t334_Sˍt_t_*_t334_NNˍt_t_]
R
Multivariate polynomial ring in 33 variables over rationals
primes of bitsize 28
G-Q-┌ Warning: Third estimation failed: ErrorException("System has no solutions")
└ @ ODEParameterEstimation ~/.julia/packages/ODEParameterEstimation/15gBP/src/core/analysis_utils.jl:404
ERROR: LoadError: type Array has no field err
Stacktrace:
 [1] getproperty
   @ ./Base.jl:49 [inlined]
 [2] (::ODEParameterEstimation.var"#6#19")(x::Vector{ParameterEstimationResult})
   @ ODEParameterEstimation ~/.julia/packages/ODEParameterEstimation/15gBP/src/core/analysis_utils.jl:111
 [3] (::Base.var"#68#69"{ODEParameterEstimation.var"#6#19"})(ys::Tuple{}, x::Vector{ParameterEstimationResult})
   @ Base ./tuple.jl:526
 [4] afoldl(::Base.var"#68#69"{ODEParameterEstimation.var"#6#19"}, ::Tuple{}, ::Vector{ParameterEstimationResult}, ::Float64, ::Float64, ::Float64, ::Float64, ::Float64, ::Float64, ::Float64)
   @ Base ./operators.jl:553
 [5] filter_rec(f::ODEParameterEstimation.var"#6#19", xs::Tuple{Vector{ParameterEstimationResult}, Vararg{Float64, 7}})
   @ Base ./tuple.jl:526
 [6] filter(f::Function, t::Tuple{Vector{ParameterEstimationResult}, Vararg{Float64, 7}})
   @ Base ./tuple.jl:529
 [7] analyze_estimation_result(problem::ParameterEstimationProblem, result::Tuple{Vector{ParameterEstimationResult}, Vararg{Float64, 7}}; nooutput::Bool)
   @ ODEParameterEstimation ~/.julia/packages/ODEParameterEstimation/15gBP/src/core/analysis_utils.jl:111
 [8] top-level scope
   @ ~/no-matlab-no-worry/2025-05-09-22-01/copy_0/estimation/seir_0.jl:143
in expression starting at /home/ademin/no-matlab-no-worry/2025-05-09-22-01/copy_0/estimation/seir_0.jl:143









































