LinearAlgebra.PosDefException(2)
LinearAlgebra.PosDefException(6)
LinearAlgebra.PosDefException(3)
LinearAlgebra.PosDefException(3)
LinearAlgebra.PosDefException(3)
LinearAlgebra.PosDefException(4)
LinearAlgebra.PosDefException(95)
LinearAlgebra.PosDefException(2)
LinearAlgebra.PosDefException(2)
LinearAlgebra.PosDefException(2)
LinearAlgebra.PosDefException(2)
LinearAlgebra.PosDefException(2)
LinearAlgebra.PosDefException(3)
LinearAlgebra.PosDefException(4)
LinearAlgebra.PosDefException(83)
LinearAlgebra.PosDefException(2)
LinearAlgebra.PosDefException(3)
LinearAlgebra.PosDefException(2)
LinearAlgebra.PosDefException(2)
LinearAlgebra.PosDefException(6)
LinearAlgebra.PosDefException(3)
LinearAlgebra.PosDefException(4)
LinearAlgebra.PosDefException(8)
LinearAlgebra.PosDefException(46)
LinearAlgebra.PosDefException(6)
LinearAlgebra.PosDefException(5)
LinearAlgebra.PosDefException(7)
LinearAlgebra.PosDefException(16)
LinearAlgebra.PosDefException(230)
LinearAlgebra.PosDefException(3)
LinearAlgebra.PosDefException(5)
LinearAlgebra.PosDefException(5)
LinearAlgebra.PosDefException(8)
LinearAlgebra.PosDefException(20)
LinearAlgebra.PosDefException(108)
LinearAlgebra.PosDefException(274)
LinearAlgebra.PosDefException(453)
LinearAlgebra.PosDefException(3)
LinearAlgebra.PosDefException(7)
LinearAlgebra.PosDefException(5)
LinearAlgebra.PosDefException(9)
LinearAlgebra.PosDefException(4)
LinearAlgebra.PosDefException(7)
LinearAlgebra.PosDefException(6)
LinearAlgebra.PosDefException(15)
LinearAlgebra.PosDefException(100)
LinearAlgebra.PosDefException(177)
LinearAlgebra.PosDefException(348)
LinearAlgebra.PosDefException(381)
LinearAlgebra.PosDefException(2)
LinearAlgebra.PosDefException(3)
LinearAlgebra.PosDefException(2)
LinearAlgebra.PosDefException(3)
LinearAlgebra.PosDefException(6)
LinearAlgebra.PosDefException(4)
LinearAlgebra.PosDefException(85)
LinearAlgebra.PosDefException(2)
LinearAlgebra.PosDefException(2)
LinearAlgebra.PosDefException(2)
LinearAlgebra.PosDefException(3)
LinearAlgebra.PosDefException(2)
LinearAlgebra.PosDefException(3)
LinearAlgebra.PosDefException(4)
LinearAlgebra.PosDefException(77)
LinearAlgebra.PosDefException(2)
LinearAlgebra.PosDefException(6)
LinearAlgebra.PosDefException(2)
LinearAlgebra.PosDefException(2)
LinearAlgebra.PosDefException(2)
LinearAlgebra.PosDefException(3)
LinearAlgebra.PosDefException(4)
LinearAlgebra.PosDefException(6)
LinearAlgebra.PosDefException(4)
LinearAlgebra.PosDefException(257)
LinearAlgebra.PosDefException(2)
LinearAlgebra.PosDefException(2)
LinearAlgebra.PosDefException(2)
LinearAlgebra.PosDefException(3)
LinearAlgebra.PosDefException(3)
LinearAlgebra.PosDefException(2)
LinearAlgebra.PosDefException(2)
LinearAlgebra.PosDefException(4)
LinearAlgebra.PosDefException(6)
LinearAlgebra.PosDefException(4)
LinearAlgebra.PosDefException(6)
LinearAlgebra.PosDefException(65)
LinearAlgebra.PosDefException(6)
LinearAlgebra.PosDefException(6)
LinearAlgebra.PosDefException(33)
LinearAlgebra.PosDefException(124)
LinearAlgebra.PosDefException(273)
LinearAlgebra.PosDefException(400)
LinearAlgebra.PosDefException(545)
LinearAlgebra.PosDefException(699)
LinearAlgebra.PosDefException(806)
LinearAlgebra.PosDefException(1)
LinearAlgebra.PosDefException(1)
LinearAlgebra.PosDefException(1)
LinearAlgebra.PosDefException(926)
LinearAlgebra.PosDefException(2)
LinearAlgebra.PosDefException(2)
LinearAlgebra.PosDefException(3)
LinearAlgebra.PosDefException(4)
LinearAlgebra.PosDefException(4)
LinearAlgebra.PosDefException(6)
LinearAlgebra.PosDefException(89)
LinearAlgebra.PosDefException(2)
LinearAlgebra.PosDefException(3)
LinearAlgebra.PosDefException(3)
LinearAlgebra.PosDefException(2)
LinearAlgebra.PosDefException(2)
LinearAlgebra.PosDefException(4)
LinearAlgebra.PosDefException(4)
LinearAlgebra.PosDefException(83)
LinearAlgebra.PosDefException(2)
LinearAlgebra.PosDefException(2)
LinearAlgebra.PosDefException(6)
LinearAlgebra.PosDefException(3)
LinearAlgebra.PosDefException(6)
LinearAlgebra.PosDefException(3)
LinearAlgebra.PosDefException(6)
LinearAlgebra.PosDefException(6)
LinearAlgebra.PosDefException(69)
LinearAlgebra.PosDefException(5)
LinearAlgebra.PosDefException(4)
LinearAlgebra.PosDefException(7)
LinearAlgebra.PosDefException(11)
LinearAlgebra.PosDefException(180)
LinearAlgebra.PosDefException(2)
LinearAlgebra.PosDefException(3)
LinearAlgebra.PosDefException(3)
LinearAlgebra.PosDefException(4)
LinearAlgebra.PosDefException(4)
LinearAlgebra.PosDefException(4)
LinearAlgebra.PosDefException(8)
LinearAlgebra.PosDefException(34)
LinearAlgebra.PosDefException(139)
LinearAlgebra.PosDefException(319)
LinearAlgebra.PosDefException(497)
LinearAlgebra.PosDefException(7)
LinearAlgebra.PosDefException(8)
LinearAlgebra.PosDefException(5)
LinearAlgebra.PosDefException(5)
LinearAlgebra.PosDefException(9)
LinearAlgebra.PosDefException(8)
LinearAlgebra.PosDefException(160)
LinearAlgebra.PosDefException(2)
LinearAlgebra.PosDefException(2)
LinearAlgebra.PosDefException(2)
LinearAlgebra.PosDefException(3)
LinearAlgebra.PosDefException(5)
LinearAlgebra.PosDefException(4)
LinearAlgebra.PosDefException(83)
LinearAlgebra.PosDefException(6)
LinearAlgebra.PosDefException(2)
LinearAlgebra.PosDefException(2)
LinearAlgebra.PosDefException(2)
LinearAlgebra.PosDefException(2)
LinearAlgebra.PosDefException(3)
LinearAlgebra.PosDefException(4)
LinearAlgebra.PosDefException(87)
LinearAlgebra.PosDefException(6)
LinearAlgebra.PosDefException(6)
LinearAlgebra.PosDefException(2)
LinearAlgebra.PosDefException(2)
LinearAlgebra.PosDefException(2)
LinearAlgebra.PosDefException(3)
LinearAlgebra.PosDefException(4)
LinearAlgebra.PosDefException(6)
LinearAlgebra.PosDefException(4)
LinearAlgebra.PosDefException(282)
LinearAlgebra.PosDefException(3)
LinearAlgebra.PosDefException(2)
LinearAlgebra.PosDefException(2)
LinearAlgebra.PosDefException(2)
LinearAlgebra.PosDefException(3)
LinearAlgebra.PosDefException(4)
LinearAlgebra.PosDefException(4)
LinearAlgebra.PosDefException(5)
LinearAlgebra.PosDefException(12)
LinearAlgebra.PosDefException(237)
LinearAlgebra.PosDefException(2)
LinearAlgebra.PosDefException(3)
LinearAlgebra.PosDefException(2)
LinearAlgebra.PosDefException(2)
LinearAlgebra.PosDefException(4)
LinearAlgebra.PosDefException(4)
LinearAlgebra.PosDefException(6)
LinearAlgebra.PosDefException(7)
LinearAlgebra.PosDefException(4)
LinearAlgebra.PosDefException(41)
LinearAlgebra.PosDefException(201)
LinearAlgebra.PosDefException(506)
LinearAlgebra.PosDefException(4)
LinearAlgebra.PosDefException(31)
LinearAlgebra.PosDefException(139)
LinearAlgebra.PosDefException(306)
LinearAlgebra.PosDefException(500)
LinearAlgebra.PosDefException(899)
LinearAlgebra.PosDefException(45)
LinearAlgebra.PosDefException(162)
LinearAlgebra.PosDefException(318)
LinearAlgebra.PosDefException(479)
LinearAlgebra.PosDefException(663)
LinearAlgebra.PosDefException(902)
LinearAlgebra.PosDefException(3)
LinearAlgebra.PosDefException(5)
LinearAlgebra.PosDefException(5)
LinearAlgebra.PosDefException(6)
LinearAlgebra.PosDefException(4)
LinearAlgebra.PosDefException(6)
LinearAlgebra.PosDefException(8)
LinearAlgebra.PosDefException(6)
LinearAlgebra.PosDefException(53)
LinearAlgebra.PosDefException(127)
LinearAlgebra.PosDefException(279)
LinearAlgebra.PosDefException(298)
LinearAlgebra.PosDefException(389)
LinearAlgebra.PosDefException(192)
LinearAlgebra.PosDefException(263)
LinearAlgebra.PosDefException(291)
LinearAlgebra.PosDefException(330)
LinearAlgebra.PosDefException(426)
LinearAlgebra.PosDefException(950)
LinearAlgebra.PosDefException(946)
LinearAlgebra.PosDefException(820)
LinearAlgebra.PosDefException(945)
LinearAlgebra.PosDefException(923)
LinearAlgebra.PosDefException(969)
LinearAlgebra.PosDefException(915)
LinearAlgebra.PosDefException(833)
LinearAlgebra.PosDefException(942)
LinearAlgebra.PosDefException(886)
LinearAlgebra.PosDefException(928)
LinearAlgebra.PosDefException(242)
LinearAlgebra.PosDefException(378)
LinearAlgebra.PosDefException(520)
LinearAlgebra.PosDefException(623)
LinearAlgebra.PosDefException(705)
LinearAlgebra.PosDefException(808)
LinearAlgebra.PosDefException(812)
LinearAlgebra.PosDefException(957)
LinearAlgebra.PosDefException(788)
LinearAlgebra.PosDefException(830)
LinearAlgebra.PosDefException(917)
LinearAlgebra.PosDefException(901)
LinearAlgebra.PosDefException(868)
LinearAlgebra.PosDefException(970)
LinearAlgebra.PosDefException(931)
LinearAlgebra.PosDefException(911)
LinearAlgebra.PosDefException(788)
LinearAlgebra.PosDefException(940)
LinearAlgebra.PosDefException(870)
LinearAlgebra.PosDefException(829)
LinearAlgebra.PosDefException(797)
LinearAlgebra.PosDefException(965)
LinearAlgebra.PosDefException(891)
LinearAlgebra.PosDefException(867)
LinearAlgebra.PosDefException(898)
LinearAlgebra.PosDefException(916)
LinearAlgebra.PosDefException(860)
LinearAlgebra.PosDefException(955)
LinearAlgebra.PosDefException(944)
LinearAlgebra.PosDefException(971)
LinearAlgebra.PosDefException(953)
LinearAlgebra.PosDefException(896)
LinearAlgebra.PosDefException(850)
LinearAlgebra.PosDefException(968)
LinearAlgebra.PosDefException(901)
LinearAlgebra.PosDefException(839)
LinearAlgebra.PosDefException(878)
LinearAlgebra.PosDefException(912)
LinearAlgebra.PosDefException(812)
LinearAlgebra.PosDefException(865)
LinearAlgebra.PosDefException(893)
LinearAlgebra.PosDefException(896)
LinearAlgebra.PosDefException(869)
LinearAlgebra.PosDefException(911)
LinearAlgebra.PosDefException(896)
LinearAlgebra.PosDefException(804)
LinearAlgebra.PosDefException(895)
LinearAlgebra.PosDefException(931)
LinearAlgebra.PosDefException(915)
LinearAlgebra.PosDefException(865)
LinearAlgebra.PosDefException(982)
LinearAlgebra.PosDefException(870)
LinearAlgebra.PosDefException(6)
LinearAlgebra.PosDefException(6)
LinearAlgebra.PosDefException(2)
LinearAlgebra.PosDefException(4)
LinearAlgebra.PosDefException(4)
LinearAlgebra.PosDefException(4)
LinearAlgebra.PosDefException(78)
LinearAlgebra.PosDefException(2)
LinearAlgebra.PosDefException(2)
LinearAlgebra.PosDefException(3)
LinearAlgebra.PosDefException(6)
LinearAlgebra.PosDefException(2)
LinearAlgebra.PosDefException(3)
LinearAlgebra.PosDefException(4)
LinearAlgebra.PosDefException(82)
LinearAlgebra.PosDefException(3)
LinearAlgebra.PosDefException(3)
LinearAlgebra.PosDefException(2)
LinearAlgebra.PosDefException(3)
LinearAlgebra.PosDefException(4)
LinearAlgebra.PosDefException(4)
LinearAlgebra.PosDefException(4)
LinearAlgebra.PosDefException(5)
LinearAlgebra.PosDefException(53)
LinearAlgebra.PosDefException(6)
LinearAlgebra.PosDefException(6)
LinearAlgebra.PosDefException(4)
LinearAlgebra.PosDefException(11)
LinearAlgebra.PosDefException(135)
LinearAlgebra.PosDefException(13)
LinearAlgebra.PosDefException(73)
LinearAlgebra.PosDefException(264)
LinearAlgebra.PosDefException(390)
LinearAlgebra.PosDefException(507)
LinearAlgebra.PosDefException(664)
LinearAlgebra.PosDefException(935)
LinearAlgebra.PosDefException(6)
LinearAlgebra.PosDefException(7)
LinearAlgebra.PosDefException(5)
LinearAlgebra.PosDefException(6)
LinearAlgebra.PosDefException(5)
LinearAlgebra.PosDefException(5)
LinearAlgebra.PosDefException(8)
LinearAlgebra.PosDefException(29)
LinearAlgebra.PosDefException(102)
LinearAlgebra.PosDefException(340)
LinearAlgebra.PosDefException(373)
LinearAlgebra.PosDefException(6)
LinearAlgebra.PosDefException(6)
LinearAlgebra.PosDefException(5)
LinearAlgebra.PosDefException(6)
LinearAlgebra.PosDefException(5)
LinearAlgebra.PosDefException(6)
LinearAlgebra.PosDefException(7)
LinearAlgebra.PosDefException(15)
LinearAlgebra.PosDefException(87)
LinearAlgebra.PosDefException(182)
LinearAlgebra.PosDefException(345)
LinearAlgebra.PosDefException(368)
LinearAlgebra.PosDefException(664)
LinearAlgebra.PosDefException(2)
LinearAlgebra.PosDefException(3)
LinearAlgebra.PosDefException(2)
LinearAlgebra.PosDefException(3)
LinearAlgebra.PosDefException(6)
LinearAlgebra.PosDefException(5)
LinearAlgebra.PosDefException(90)
LinearAlgebra.PosDefException(3)
LinearAlgebra.PosDefException(3)
LinearAlgebra.PosDefException(3)
LinearAlgebra.PosDefException(2)
LinearAlgebra.PosDefException(2)
LinearAlgebra.PosDefException(5)
LinearAlgebra.PosDefException(5)
LinearAlgebra.PosDefException(77)
LinearAlgebra.PosDefException(3)
LinearAlgebra.PosDefException(2)
LinearAlgebra.PosDefException(2)
LinearAlgebra.PosDefException(2)
LinearAlgebra.PosDefException(2)
LinearAlgebra.PosDefException(3)
LinearAlgebra.PosDefException(6)
LinearAlgebra.PosDefException(5)
LinearAlgebra.PosDefException(4)
LinearAlgebra.PosDefException(300)
LinearAlgebra.PosDefException(3)
LinearAlgebra.PosDefException(2)
LinearAlgebra.PosDefException(2)
LinearAlgebra.PosDefException(2)
LinearAlgebra.PosDefException(3)
LinearAlgebra.PosDefException(3)
LinearAlgebra.PosDefException(6)
LinearAlgebra.PosDefException(8)
LinearAlgebra.PosDefException(35)
LinearAlgebra.PosDefException(299)
LinearAlgebra.PosDefException(169)
LinearAlgebra.PosDefException(641)
LinearAlgebra.PosDefException(5)
LinearAlgebra.PosDefException(5)
LinearAlgebra.PosDefException(4)
LinearAlgebra.PosDefException(4)
LinearAlgebra.PosDefException(4)
LinearAlgebra.PosDefException(20)
LinearAlgebra.PosDefException(109)
LinearAlgebra.PosDefException(266)
LinearAlgebra.PosDefException(517)
LinearAlgebra.PosDefException(3)
LinearAlgebra.PosDefException(3)
LinearAlgebra.PosDefException(5)
LinearAlgebra.PosDefException(6)
LinearAlgebra.PosDefException(4)
LinearAlgebra.PosDefException(18)
LinearAlgebra.PosDefException(101)
LinearAlgebra.PosDefException(166)
LinearAlgebra.PosDefException(329)
LinearAlgebra.PosDefException(483)
LinearAlgebra.PosDefException(773)
LinearAlgebra.PosDefException(51)
LinearAlgebra.PosDefException(150)
LinearAlgebra.PosDefException(284)
LinearAlgebra.PosDefException(406)
LinearAlgebra.PosDefException(548)
LinearAlgebra.PosDefException(784)
LinearAlgebra.PosDefException(2)
LinearAlgebra.PosDefException(2)
LinearAlgebra.PosDefException(3)
LinearAlgebra.PosDefException(2)
LinearAlgebra.PosDefException(4)
LinearAlgebra.PosDefException(3)
LinearAlgebra.PosDefException(5)
LinearAlgebra.PosDefException(7)
LinearAlgebra.PosDefException(5)
LinearAlgebra.PosDefException(7)
LinearAlgebra.PosDefException(36)
LinearAlgebra.PosDefException(113)
LinearAlgebra.PosDefException(243)
LinearAlgebra.PosDefException(344)
LinearAlgebra.PosDefException(482)
LinearAlgebra.PosDefException(575)
LinearAlgebra.PosDefException(727)
LinearAlgebra.PosDefException(917)
LinearAlgebra.PosDefException(1)
LinearAlgebra.PosDefException(1)
LinearAlgebra.PosDefException(935)
LinearAlgebra.PosDefException(10)
LinearAlgebra.PosDefException(7)
LinearAlgebra.PosDefException(5)
LinearAlgebra.PosDefException(6)
LinearAlgebra.PosDefException(6)
LinearAlgebra.PosDefException(5)
LinearAlgebra.PosDefException(5)
LinearAlgebra.PosDefException(18)
LinearAlgebra.PosDefException(93)
LinearAlgebra.PosDefException(193)
LinearAlgebra.PosDefException(365)
LinearAlgebra.PosDefException(359)
LinearAlgebra.PosDefException(378)
LinearAlgebra.PosDefException(441)
LinearAlgebra.PosDefException(491)
LinearAlgebra.PosDefException(663)
LinearAlgebra.PosDefException(690)
LinearAlgebra.PosDefException(850)
LinearAlgebra.PosDefException(919)
LinearAlgebra.PosDefException(766)
LinearAlgebra.PosDefException(884)
LinearAlgebra.PosDefException(804)
LinearAlgebra.PosDefException(869)
LinearAlgebra.PosDefException(833)
LinearAlgebra.PosDefException(790)
LinearAlgebra.PosDefException(859)
LinearAlgebra.PosDefException(876)
LinearAlgebra.PosDefException(812)
Optimization improved residual by 2.2934434210166825e-6 (from 2.2934435457404027e-6 to 1.2472372027804195e-13)
Optimization improved residual by 0.0014498108595800393 (from 0.0014498108605447474 to 9.647081722839232e-13)
Optimization improved residual by 0.001751952648498274 (from 0.0017519526489860444 to 4.877704029949757e-13)
Optimization improved residual by 0.0012675331194545848 (from 0.001267533119471708 to 1.712316501760393e-14)
Optimization improved residual by 0.0008940787340589295 (from 0.0008940787341958468 to 1.3691725788105594e-13)
Optimization did not improve residual (initial: 1.235674113909115e-15, final: 1.235674113909115e-15)
Optimization did not improve residual (initial: 9.628761109901341e-14, final: 9.628761109901341e-14)
Optimization improved residual by 0.05324538308024435 (from 0.053245383080323075 to 7.87235282508181e-14)
Optimization improved residual by 0.0018467581580948944 (from 0.0018467581590606947 to 9.658003587986287e-13)
Optimization improved residual by 0.017752528644761244 (from 0.017752528645318212 to 5.569680660950861e-13)
Optimization improved residual by 0.041842520935650544 (from 0.04184252093610909 to 4.585452716144197e-13)
Optimization improved residual by 0.001367936726286916 (from 0.0013679367263723947 to 8.547876742909148e-14)
Optimization improved residual by 0.0017136718466238255 (from 0.0017136718466958434 to 7.201797225282515e-14)
Optimization improved residual by 0.03180074852079972 (from 0.03180074852082444 to 2.4722749577876482e-14)
Optimization improved residual by 0.9460165839326232 (from 0.9460165839326404 to 1.71835982530308e-14)
Optimization improved residual by 0.0013679367263559768 (from 0.0013679367263723947 to 1.641787277096304e-14)
Optimization improved residual by 0.009046533293850864 (from 0.009046533293866125 to 1.5260326186786158e-14)
Optimization improved residual by 0.029944225228938637 (from 0.02994422522895571 to 1.7073248338956068e-14)
Optimization improved residual by 0.0014169269533272613 (from 0.0014169269534920021 to 1.647409345334971e-13)
Optimization improved residual by 0.000257412506713168 (from 0.00025741250681417336 to 1.0100533221827062e-13)
Optimization improved residual by 0.0008940787341616997 (from 0.0008940787341958468 to 3.414702150763861e-14)
Optimization improved residual by 0.00023130274582910398 (from 0.0002313027458439766 to 1.4872611824904668e-14)
Optimization improved residual by 0.00017741641406159795 (from 0.00017741641437448124 to 3.1288329106253584e-13)
Optimization improved residual by 0.005002732651483944 (from 0.005002732651494676 to 1.0731459117230639e-14)
Optimization did not improve residual (initial: 4.219024293290477e-17, final: 4.219024293290477e-17)
Optimization improved residual by 0.0023467066234121826 (from 0.0023467066234222097 to 1.002710859326801e-14)
Optimization improved residual by 0.05272133279058552 (from 0.05272133279077895 to 1.9342588800780126e-13)
Optimization did not improve residual (initial: 3.6324580931299034e-18, final: 3.6324580931299034e-18)
Optimization improved residual by 0.015855134358867755 (from 0.015855134358867845 to 8.931410802001323e-17)
Optimization did not improve residual (initial: 1.4627515041909151e-15, final: 1.4627515041909151e-15)
Optimization improved residual by 0.08890507815846123 (from 0.08890507815848588 to 2.4652242552597435e-14)
Optimization improved residual by 0.019175623437483517 (from 0.01917562343784231 to 3.587934715737616e-13)
Optimization improved residual by 0.0005282355050860711 (from 0.0005282355050879225 to 1.8513924242353672e-15)
Optimization improved residual by 0.009046533293856228 (from 0.009046533293866125 to 9.896313298380234e-15)
Optimization improved residual by 0.03158196066939829 (from 0.03158196067008163 to 6.833343220400322e-13)
Optimization improved residual by 1.8612041059305067 (from 1.8612041059307267 to 2.1993962180933866e-13)
Optimization improved residual by 6.811581238416269e-5 (from 6.811581313186942e-5 to 7.477067393480556e-13)
Optimization did not improve residual (initial: 6.216334336314697e-17, final: 6.216334336314697e-17)
Optimization improved residual by 0.012592734852545457 (from 0.012592734852634737 to 8.927922348520566e-14)
Optimization improved residual by 0.001688110181184533 (from 0.0016881101820943765 to 9.098435084376981e-13)
Optimization improved residual by 0.008546608758821505 (from 0.008546608758899286 to 7.7780937201833e-14)
Optimization improved residual by 0.0006732888726046525 (from 0.0006732888728899724 to 2.853199218105048e-13)
Optimization improved residual by 0.5979287415914383 (from 0.5979287415916078 to 1.6950620608565408e-13)
Optimization improved residual by 0.02949919032171949 (from 0.0294991903217442 to 2.4709197064259075e-14)
Optimization improved residual by 0.00023130274582910398 (from 0.0002313027458439766 to 1.4872611824904668e-14)
Optimization improved residual by 0.04697981764599523 (from 0.046979817646027565 to 3.233582435966571e-14)
Optimization improved residual by 0.003618379550185699 (from 0.0036183795502384934 to 5.279422773366951e-14)
Optimization improved residual by 2.8066710148419994e-5 (from 2.806671027120308e-5 to 1.2278308577193942e-13)
Optimization improved residual by 0.0007641230720910543 (from 0.0007641230730261541 to 9.35099905741731e-13)
Optimization improved residual by 0.0004898013527873201 (from 0.000489801353029011 to 2.416909255423793e-13)
Optimization improved residual by 1.3386108315438379e-14 (from 2.090392655493143e-14 to 7.517818239493052e-15)
Optimization improved residual by 0.0009577733739248687 (from 0.0009577733739510885 to 2.6219799011119145e-14)
Optimization did not improve residual (initial: 3.5998865447611295e-18, final: 3.5998865447611295e-18)
Optimization did not improve residual (initial: 3.627604355181155e-17, final: 3.627604355181155e-17)
Optimization improved residual by 0.00308702218843631 (from 0.003087022188441277 to 4.9669011787672866e-15)
Optimization did not improve residual (initial: 3.373238749862368e-16, final: 3.373238749862368e-16)
Optimization improved residual by 0.0024881090921884483 (from 0.0024881090922878797 to 9.943111484665496e-14)
Optimization improved residual by 0.020212532755551006 (from 0.020212532755582782 to 3.177516714324134e-14)
Optimization improved residual by 0.00017663043498603774 (from 0.00017663043557957685 to 5.93539119784805e-13)
Optimization did not improve residual (initial: 2.911665150698819e-17, final: 2.911665150698819e-17)
Optimization improved residual by 0.05324538308031726 (from 0.05324538308032308 to 5.824891622525416e-15)
Optimization improved residual by 0.32738127370148595 (from 0.3273812737016361 to 1.5016305724287587e-13)
Optimization improved residual by 0.0016256401324854682 (from 0.0016256401326463063 to 1.6083821143202622e-13)
Optimization improved residual by 0.004193191161255922 (from 0.004193191162228839 to 9.729172438677384e-13)
Optimization improved residual by 0.0019847284394711937 (from 0.001984728439567187 to 9.599354189409365e-14)
Optimization improved residual by 0.00023130274567638255 (from 0.0002313027458439778 to 1.6759525010203212e-13)
Optimization improved residual by 0.025298331486802533 (from 0.02529833148685772 to 5.5188314291073654e-14)
Optimization improved residual by 0.029944225228864866 (from 0.02994422522895571 to 9.084337355032759e-14)
Optimization improved residual by 0.0075973750833851425 (from 0.007597375083431327 to 4.618451830738273e-14)
Optimization improved residual by 0.007288837392691866 (from 0.007288837392711177 to 1.93108777307944e-14)
Optimization improved residual by 0.00044418478847142056 (from 0.00044418478909964736 to 6.282268258118594e-13)
Optimization improved residual by 0.004027784755115897 (from 0.004027784755420663 to 3.0476585084343463e-13)
Optimization improved residual by 0.0032394724381939453 (from 0.0032394724382234473 to 2.950221978553983e-14)
Optimization improved residual by 0.0013603253327263407 (from 0.0013603253327949688 to 6.862805885068941e-14)
Optimization improved residual by 7.585354580025296e-18 (from 3.4708152033968785e-17 to 2.712279745394349e-17)
Optimization improved residual by 0.0004230142056734498 (from 0.00042301420657433065 to 9.00880896522816e-13)
Optimization improved residual by 0.0020496291308130686 (from 0.002049629131572849 to 7.597802986009694e-13)
Optimization improved residual by 0.35442599614723846 (from 0.3544259961479343 to 6.958250088711106e-13)
Optimization did not improve residual (initial: 2.3885143877811207e-18, final: 2.3885143877811207e-18)
Optimization did not improve residual (initial: 1.87515710337378e-18, final: 1.87515710337378e-18)
Optimization improved residual by 0.3544259961475195 (from 0.3544259961479343 to 4.1479209883258233e-13)
Optimization improved residual by 0.02949919032171949 (from 0.0294991903217442 to 2.4709197064259075e-14)
Optimization improved residual by 0.02949919032172955 (from 0.0294991903217442 to 1.464777635794697e-14)
Optimization did not improve residual (initial: 2.5119389818668665e-13, final: 2.5119389818668665e-13)
Optimization improved residual by 0.1963042323571789 (from 0.1963042323571792 to 2.971282805160447e-16)
Optimization improved residual by 0.025298331486687257 (from 0.02529833148685772 to 1.7046310828046937e-13)
Optimization improved residual by 0.001310875230377112 (from 0.0013108752304596388 to 8.252687931590022e-14)
Optimization improved residual by 0.0005282355050146305 (from 0.0005282355050879225 to 7.329199737709204e-14)
Optimization improved residual by 0.0004230142060426135 (from 0.00042301420657433054 to 5.317170048939725e-13)
Optimization improved residual by 0.0016881101811850887 (from 0.001688110182094377 to 9.092882657470408e-13)
Optimization improved residual by 0.0015769595913356282 (from 0.0015769595920900063 to 7.543781455749257e-13)
Optimization improved residual by 0.0008719809140473884 (from 0.0008719809144775318 to 4.3014344871753294e-13)
Optimization improved residual by 6.898190061521285e-15 (from 5.714017417814851e-14 to 5.0241984116627227e-14)
Optimization improved residual by 0.003960700509917338 (from 0.00396070051010592 to 1.885823180360514e-13)
Optimization improved residual by 0.0008940787340589295 (from 0.0008940787341958468 to 1.3691725788105594e-13)
Optimization improved residual by 0.007881031220414399 (from 0.007881031220636617 to 2.2221866332267873e-13)
Optimization did not improve residual (initial: 2.782586448961082e-16, final: 2.782586448961082e-16)
Optimization improved residual by 0.0010717812830173558 (from 0.0010717812839945657 to 9.7720981056172e-13)
Optimization improved residual by 0.0001766304348912001 (from 0.0001766304355795768 to 6.883766707511456e-13)
Optimization improved residual by 0.0006732888726046525 (from 0.0006732888728899724 to 2.853199218105048e-13)
Optimization improved residual by 0.0004230142060426135 (from 0.00042301420657433054 to 5.317170048939725e-13)
Optimization did not improve residual (initial: 2.8372478697783814e-17, final: 2.8372478697783814e-17)
Optimization did not improve residual (initial: 1.1715400853398557e-13, final: 1.1715400853398557e-13)
Optimization improved residual by 3.170186362811641e-5 (from 3.170186415462166e-5 to 5.265052500047973e-13)
Optimization improved residual by 0.004813259030380826 (from 0.004813259030392625 to 1.1799173838166766e-14)
Optimization improved residual by 0.0023467066233060197 (from 0.0023467066234222097 to 1.1618996267255845e-13)
Optimization improved residual by 0.017049206754794228 (from 0.017049206754897794 to 1.035679139156644e-13)
Optimization did not improve residual (initial: 2.283239840977445e-17, final: 2.283239840977445e-17)
Optimization did not improve residual (initial: 7.130668367871566e-16, final: 7.130668367871566e-16)
Optimization improved residual by 0.35442599614723846 (from 0.3544259961479343 to 6.958250088711106e-13)
Optimization did not improve residual (initial: 2.911665150698819e-17, final: 2.911665150698819e-17)
Optimization did not improve residual (initial: 9.417334759318047e-19, final: 9.417334759318047e-19)
Optimization improved residual by 2.3741466673979152e-5 (from 2.3741466847008478e-5 to 1.7302932712929942e-13)
Optimization improved residual by 0.0005315694369330902 (from 0.000531569436987326 to 5.423583377248731e-14)
Optimization improved residual by 0.0005315694367673568 (from 0.0005315694369873256 to 2.1996878982266518e-13)
Optimization improved residual by 0.00010589830510606409 (from 0.00010589830589219227 to 7.861281710346161e-13)
Optimization improved residual by 0.0029703820039258394 (from 0.002970382004097956 to 1.721166077418953e-13)
Optimization improved residual by 0.0018844800283855747 (from 0.0018844800284013507 to 1.5775978190746575e-14)
Optimization improved residual by 0.0017136718466582532 (from 0.0017136718466958434 to 3.7590246371698505e-14)
Optimization improved residual by 0.0004753412730156 (from 0.0004753412730827877 to 6.718774712986416e-14)
Optimization improved residual by 119.35508774797181 (from 119.35508774797259 to 7.749437798235205e-13)
Optimization improved residual by 0.6078779376745841 (from 0.6078779376750774 to 4.932711985648737e-13)
Optimization improved residual by 0.32738127370148595 (from 0.3273812737016361 to 1.5016305724287587e-13)
Optimization improved residual by 0.3273812737015011 (from 0.3273812737016361 to 1.3498959831431677e-13)
Optimization improved residual by 0.00419319116220056 (from 0.004193191162228835 to 2.8275259666603213e-14)
Optimization improved residual by 3.0580216991661376e-5 (from 3.058021778803208e-5 to 7.963707017311497e-13)
Optimization improved residual by 3.058021747507264e-5 (from 3.058021778803208e-5 to 3.129594359860704e-13)
Optimization did not improve residual (initial: 6.1285710664658085e-18, final: 6.1285710664658085e-18)
Optimization improved residual by 2.374146668024955e-5 (from 2.374146684700848e-5 to 1.667589293126434e-13)
Optimization improved residual by 0.0001058983052049501 (from 0.00010589830589219232 to 6.872422263692226e-13)
Optimization improved residual by 0.0001058983052049501 (from 0.00010589830589219232 to 6.872422263692226e-13)
Optimization improved residual by 0.029944225228864866 (from 0.02994422522895571 to 9.084337355032759e-14)
Optimization improved residual by 0.0020496291306504157 (from 0.002049629131572847 to 9.2243136402498e-13)
Optimization improved residual by 0.056643637213661065 (from 0.05664363721447039 to 8.093227637077266e-13)
Optimization did not improve residual (initial: 1.6772105028185325e-18, final: 1.6772105028185325e-18)
Optimization improved residual by 0.004712414402852889 (from 0.004712414403397761 to 5.44872141216728e-13)
Optimization improved residual by 0.22633334794713572 (from 0.22633334794721346 to 7.775129744054009e-14)
Optimization improved residual by 0.013871109220925024 (from 0.013871109221275874 to 3.508503521090006e-13)
Optimization improved residual by 0.0016256401321351826 (from 0.0016256401326463063 to 5.111237319397902e-13)
Optimization did not improve residual (initial: 2.6588109509187767e-18, final: 2.6588109509187767e-18)
Optimization improved residual by 0.001320418331441247 (from 0.0013204183320510746 to 6.098278315237185e-13)
Optimization improved residual by 0.014928500417910457 (from 0.014928500418886917 to 9.764608022437041e-13)
Optimization improved residual by 0.02021253275546199 (from 0.020212532755582786 to 1.2079556148561874e-13)
Optimization improved residual by 0.01387110922117021 (from 0.01387110922127588 to 1.0567013144256577e-13)
Optimization improved residual by 0.0006016160369749602 (from 0.0006016160369897624 to 1.4802169139120093e-14)
Optimization improved residual by 0.0006859051315499555 (from 0.000685905132418516 to 8.685605562286965e-13)
Optimization improved residual by 0.002349533967395278 (from 0.002349533967491921 to 9.66433173096757e-14)
Optimization improved residual by 7.041580277591676e-19 (from 2.080007224200489e-18 to 1.3758491964413214e-18)
Optimization improved residual by 0.0014929472604982884 (from 0.001492947261258904 to 7.606154744775694e-13)
Optimization improved residual by 0.0024828358074252053 (from 0.002482835807425757 to 5.518154431118504e-16)
Optimization improved residual by 0.6078779376740964 (from 0.6078779376750774 to 9.809718391386442e-13)
Optimization improved residual by 0.001688110181827323 (from 0.001688110182094375 to 2.670520553810889e-13)
Optimization improved residual by 0.004712414402852889 (from 0.004712414403397761 to 5.44872141216728e-13)
Optimization improved residual by 1.854036384712717e-5 (from 1.8540363869779948e-5 to 2.265277954587972e-14)
Optimization did not improve residual (initial: 1.7876404485119956e-13, final: 1.7876404485119956e-13)
Optimization improved residual by 0.0019847284394711937 (from 0.001984728439567187 to 9.599354189409365e-14)
Optimization improved residual by 0.007288837392338786 (from 0.00728883739271118 to 3.7239431449876286e-13)
Optimization improved residual by 0.0006859051320399285 (from 0.000685905132418516 to 3.785875677107954e-13)
Optimization improved residual by 0.0026093778306675547 (from 0.002609377831449118 to 7.815631895819793e-13)
Optimization improved residual by 0.5979287415914383 (from 0.5979287415916078 to 1.6950620608565408e-13)
┌ Warning: Optimization did not converge. RetCode: Stalled
└ @ ODEParameterEstimation ~/ODEParameterEstimation/src/core/solvers/homotopy_continuation.jl:778
┌ Warning: Optimization did not converge. RetCode: MaxIters
└ @ ODEParameterEstimation ~/ODEParameterEstimation/src/core/solvers/homotopy_continuation.jl:778
┌ Warning: Optimization did not converge. RetCode: Stalled
└ @ ODEParameterEstimation ~/ODEParameterEstimation/src/core/solvers/homotopy_continuation.jl:778
┌ Warning: Optimization did not converge. RetCode: MaxIters
└ @ ODEParameterEstimation ~/ODEParameterEstimation/src/core/solvers/homotopy_continuation.jl:778
┌ Warning: Optimization did not converge. RetCode: Stalled
└ @ ODEParameterEstimation ~/ODEParameterEstimation/src/core/solvers/homotopy_continuation.jl:778
┌ Warning: Optimization did not converge. RetCode: MaxIters
└ @ ODEParameterEstimation ~/ODEParameterEstimation/src/core/solvers/homotopy_continuation.jl:778
┌ Warning: Optimization did not converge. RetCode: Stalled
└ @ ODEParameterEstimation ~/ODEParameterEstimation/src/core/solvers/homotopy_continuation.jl:778
┌ Warning: Optimization did not converge. RetCode: MaxIters
└ @ ODEParameterEstimation ~/ODEParameterEstimation/src/core/solvers/homotopy_continuation.jl:778
┌ Warning: Optimization did not converge. RetCode: MaxIters
└ @ ODEParameterEstimation ~/ODEParameterEstimation/src/core/solvers/homotopy_continuation.jl:778
┌ Warning: Optimization did not converge. RetCode: Stalled
└ @ ODEParameterEstimation ~/ODEParameterEstimation/src/core/solvers/homotopy_continuation.jl:778
┌ Warning: Optimization did not converge. RetCode: MaxIters
└ @ ODEParameterEstimation ~/ODEParameterEstimation/src/core/solvers/homotopy_continuation.jl:778
┌ Warning: Optimization did not converge. RetCode: MaxIters
└ @ ODEParameterEstimation ~/ODEParameterEstimation/src/core/solvers/homotopy_continuation.jl:778
┌ Warning: Optimization did not converge. RetCode: MaxIters
└ @ ODEParameterEstimation ~/ODEParameterEstimation/src/core/solvers/homotopy_continuation.jl:778
┌ Warning: Optimization did not converge. RetCode: MaxIters
└ @ ODEParameterEstimation ~/ODEParameterEstimation/src/core/solvers/homotopy_continuation.jl:778
┌ Warning: Optimization did not converge. RetCode: MaxIters
└ @ ODEParameterEstimation ~/ODEParameterEstimation/src/core/solvers/homotopy_continuation.jl:778
┌ Warning: Optimization did not converge. RetCode: MaxIters
└ @ ODEParameterEstimation ~/ODEParameterEstimation/src/core/solvers/homotopy_continuation.jl:778
┌ Warning: Optimization did not converge. RetCode: Stalled
└ @ ODEParameterEstimation ~/ODEParameterEstimation/src/core/solvers/homotopy_continuation.jl:778
┌ Warning: Optimization did not converge. RetCode: MaxIters
└ @ ODEParameterEstimation ~/ODEParameterEstimation/src/core/solvers/homotopy_continuation.jl:778
┌ Warning: At t=-0.6320000035591834, dt was forced below floating point epsilon -9.715716577774105e-17, and step error estimate = 1.3237712867115294. Aborting. There is either an error in your model specification or the true solution is unstable (or the true solution can not be represented in the precision of Float64).
└ @ SciMLBase ~/.julia/packages/SciMLBase/VW1cI/src/integrator_interface.jl:623
┌ Warning: At t=-0.6320000078555508, dt was forced below floating point epsilon -2.6520730983504367e-17, and step error estimate = NaN. Aborting. There is either an error in your model specification or the true solution is unstable (or the true solution can not be represented in the precision of Float64).
└ @ SciMLBase ~/.julia/packages/SciMLBase/VW1cI/src/integrator_interface.jl:623
┌ Warning: At t=-0.6320006452322406, dt was forced below floating point epsilon -9.761952323969315e-17, and step error estimate = 1.2623817131142019. Aborting. There is either an error in your model specification or the true solution is unstable (or the true solution can not be represented in the precision of Float64).
└ @ SciMLBase ~/.julia/packages/SciMLBase/VW1cI/src/integrator_interface.jl:623
┌ Warning: At t=-0.6326526020175596, dt was forced below floating point epsilon -1.0634764048131595e-16, and step error estimate = 1.0993741836744075. Aborting. There is either an error in your model specification or the true solution is unstable (or the true solution can not be represented in the precision of Float64).
└ @ SciMLBase ~/.julia/packages/SciMLBase/VW1cI/src/integrator_interface.jl:623
┌ Warning: At t=-0.6320000843481814, dt was forced below floating point epsilon -9.763519185684757e-17, and step error estimate = 3.839629486348389. Aborting. There is either an error in your model specification or the true solution is unstable (or the true solution can not be represented in the precision of Float64).
└ @ SciMLBase ~/.julia/packages/SciMLBase/VW1cI/src/integrator_interface.jl:623
┌ Warning: At t=-0.7480794905859737, dt was forced below floating point epsilon -9.875756518598092e-17, and step error estimate = 1.1241630496322674. Aborting. There is either an error in your model specification or the true solution is unstable (or the true solution can not be represented in the precision of Float64).
└ @ SciMLBase ~/.julia/packages/SciMLBase/VW1cI/src/integrator_interface.jl:623
┌ Warning: At t=-0.672062882861873, dt was forced below floating point epsilon -6.427282768698219e-17, and step error estimate = 202.51487109453095. Aborting. There is either an error in your model specification or the true solution is unstable (or the true solution can not be represented in the precision of Float64).
└ @ SciMLBase ~/.julia/packages/SciMLBase/VW1cI/src/integrator_interface.jl:623
┌ Warning: Interrupted. Larger maxiters is needed. If you are using an integrator for non-stiff ODEs or an automatic switching algorithm (the default), you may want to consider using a method for stiff equations. See the solver pages for more details (e.g. https://docs.sciml.ai/DiffEqDocs/stable/solvers/ode_solve/#Stiff-Problems).
└ @ SciMLBase ~/.julia/packages/SciMLBase/VW1cI/src/integrator_interface.jl:589
┌ Warning: At t=-0.6320000000401433, dt was forced below floating point epsilon -4.9720418154483124e-17, and step error estimate = NaN. Aborting. There is either an error in your model specification or the true solution is unstable (or the true solution can not be represented in the precision of Float64).
└ @ SciMLBase ~/.julia/packages/SciMLBase/VW1cI/src/integrator_interface.jl:623
┌ Warning: At t=-0.8864210530412164, dt was forced below floating point epsilon -1.0514567574957378e-16, and step error estimate = 1.2197533640175797. Aborting. There is either an error in your model specification or the true solution is unstable (or the true solution can not be represented in the precision of Float64).
└ @ SciMLBase ~/.julia/packages/SciMLBase/VW1cI/src/integrator_interface.jl:623
┌ Warning: At t=-0.6320008105679571, dt was forced below floating point epsilon -1.0985417844201472e-16, and step error estimate = 2.906854529692714. Aborting. There is either an error in your model specification or the true solution is unstable (or the true solution can not be represented in the precision of Float64).
└ @ SciMLBase ~/.julia/packages/SciMLBase/VW1cI/src/integrator_interface.jl:623
┌ Warning: At t=-0.8203056848533459, dt was forced below floating point epsilon -9.93332927819143e-17, and step error estimate = 1.0606657255175216. Aborting. There is either an error in your model specification or the true solution is unstable (or the true solution can not be represented in the precision of Float64).
└ @ SciMLBase ~/.julia/packages/SciMLBase/VW1cI/src/integrator_interface.jl:623
┌ Warning: At t=-0.9586119422811148, dt was forced below floating point epsilon -9.960223019764067e-17, and step error estimate = 1.032369564322482. Aborting. There is either an error in your model specification or the true solution is unstable (or the true solution can not be represented in the precision of Float64).
└ @ SciMLBase ~/.julia/packages/SciMLBase/VW1cI/src/integrator_interface.jl:623
┌ Warning: At t=-0.6320000000411449, dt was forced below floating point epsilon -8.507463386924257e-17, and step error estimate = NaN. Aborting. There is either an error in your model specification or the true solution is unstable (or the true solution can not be represented in the precision of Float64).
└ @ SciMLBase ~/.julia/packages/SciMLBase/VW1cI/src/integrator_interface.jl:623
┌ Warning: At t=-0.6472737313814534, dt was forced below floating point epsilon -8.789955618433647e-17, and step error estimate = 7.435155308192673. Aborting. There is either an error in your model specification or the true solution is unstable (or the true solution can not be represented in the precision of Float64).
└ @ SciMLBase ~/.julia/packages/SciMLBase/VW1cI/src/integrator_interface.jl:623
┌ Warning: At t=-0.7201634592802914, dt was forced below floating point epsilon -9.908304199816412e-17, and step error estimate = 284.29664879279886. Aborting. There is either an error in your model specification or the true solution is unstable (or the true solution can not be represented in the precision of Float64).
└ @ SciMLBase ~/.julia/packages/SciMLBase/VW1cI/src/integrator_interface.jl:623
┌ Warning: At t=-0.6694770808086635, dt was forced below floating point epsilon -9.947212436009689e-17, and step error estimate = 1.0459525014367577. Aborting. There is either an error in your model specification or the true solution is unstable (or the true solution can not be represented in the precision of Float64).
└ @ SciMLBase ~/.julia/packages/SciMLBase/VW1cI/src/integrator_interface.jl:623
┌ Warning: At t=-0.632, dt was forced below floating point epsilon -3.2768000000000003e-17, and step error estimate = NaN. Aborting. There is either an error in your model specification or the true solution is unstable (or the true solution can not be represented in the precision of Float64).
└ @ SciMLBase ~/.julia/packages/SciMLBase/VW1cI/src/integrator_interface.jl:623
┌ Warning: At t=-0.6320000000668906, dt was forced below floating point epsilon -4.952421859750628e-17, and step error estimate = NaN. Aborting. There is either an error in your model specification or the true solution is unstable (or the true solution can not be represented in the precision of Float64).
└ @ SciMLBase ~/.julia/packages/SciMLBase/VW1cI/src/integrator_interface.jl:623
┌ Warning: At t=-0.7949571492805724, dt was forced below floating point epsilon -3.0667076043169456e-17, and step error estimate = NaN. Aborting. There is either an error in your model specification or the true solution is unstable (or the true solution can not be represented in the precision of Float64).
└ @ SciMLBase ~/.julia/packages/SciMLBase/VW1cI/src/integrator_interface.jl:623
┌ Warning: At t=-0.9211872293204846, dt was forced below floating point epsilon -1.105640742036369e-16, and step error estimate = 1.0104216486960589. Aborting. There is either an error in your model specification or the true solution is unstable (or the true solution can not be represented in the precision of Float64).
└ @ SciMLBase ~/.julia/packages/SciMLBase/VW1cI/src/integrator_interface.jl:623
┌ Warning: At t=-0.6320000003938526, dt was forced below floating point epsilon -2.427127477556865e-17, and step error estimate = NaN. Aborting. There is either an error in your model specification or the true solution is unstable (or the true solution can not be represented in the precision of Float64).
└ @ SciMLBase ~/.julia/packages/SciMLBase/VW1cI/src/integrator_interface.jl:623
┌ Warning: At t=-0.6320033196032443, dt was forced below floating point epsilon -9.967834479638789e-17, and step error estimate = 1.0245137172423633. Aborting. There is either an error in your model specification or the true solution is unstable (or the true solution can not be represented in the precision of Float64).
└ @ SciMLBase ~/.julia/packages/SciMLBase/VW1cI/src/integrator_interface.jl:623
┌ Warning: At t=-0.717417597300381, dt was forced below floating point epsilon -9.836678008596932e-17, and step error estimate = 1.1696524928514391. Aborting. There is either an error in your model specification or the true solution is unstable (or the true solution can not be represented in the precision of Float64).
└ @ SciMLBase ~/.julia/packages/SciMLBase/VW1cI/src/integrator_interface.jl:623
┌ Warning: At t=-0.9507667824975861, dt was forced below floating point epsilon -1.0825093915046634e-16, and step error estimate = 5.181601743824484. Aborting. There is either an error in your model specification or the true solution is unstable (or the true solution can not be represented in the precision of Float64).
└ @ SciMLBase ~/.julia/packages/SciMLBase/VW1cI/src/integrator_interface.jl:623
┌ Warning: At t=-0.6320000083944772, dt was forced below floating point epsilon -1.0459735469314453e-16, and step error estimate = 2.3370728620782306. Aborting. There is either an error in your model specification or the true solution is unstable (or the true solution can not be represented in the precision of Float64).
└ @ SciMLBase ~/.julia/packages/SciMLBase/VW1cI/src/integrator_interface.jl:623
┌ Warning: At t=-0.6320004596027996, dt was forced below floating point epsilon -1.1002835069964123e-16, and step error estimate = 1.5261332006559816. Aborting. There is either an error in your model specification or the true solution is unstable (or the true solution can not be represented in the precision of Float64).
└ @ SciMLBase ~/.julia/packages/SciMLBase/VW1cI/src/integrator_interface.jl:623
┌ Warning: At t=-0.6453967510497206, dt was forced below floating point epsilon -1.0080020241842506e-16, and step error estimate = 1.5269637770833269. Aborting. There is either an error in your model specification or the true solution is unstable (or the true solution can not be represented in the precision of Float64).
└ @ SciMLBase ~/.julia/packages/SciMLBase/VW1cI/src/integrator_interface.jl:623
┌ Warning: At t=-0.920109992657612, dt was forced below floating point epsilon -9.917859217473178e-17, and step error estimate = 1.0773292626149642. Aborting. There is either an error in your model specification or the true solution is unstable (or the true solution can not be represented in the precision of Float64).
└ @ SciMLBase ~/.julia/packages/SciMLBase/VW1cI/src/integrator_interface.jl:623
┌ Warning: At t=-0.6320001345618755, dt was forced below floating point epsilon -8.738841807287337e-17, and step error estimate = NaN. Aborting. There is either an error in your model specification or the true solution is unstable (or the true solution can not be represented in the precision of Float64).
└ @ SciMLBase ~/.julia/packages/SciMLBase/VW1cI/src/integrator_interface.jl:623
┌ Warning: At t=-0.7397046513713851, dt was forced below floating point epsilon -9.860376968541726e-17, and step error estimate = 1.1418282040447318. Aborting. There is either an error in your model specification or the true solution is unstable (or the true solution can not be represented in the precision of Float64).
└ @ SciMLBase ~/.julia/packages/SciMLBase/VW1cI/src/integrator_interface.jl:623
┌ Warning: At t=-0.6320000002492553, dt was forced below floating point epsilon -9.616186920480154e-17, and step error estimate = 1.4671914253219898. Aborting. There is either an error in your model specification or the true solution is unstable (or the true solution can not be represented in the precision of Float64).
└ @ SciMLBase ~/.julia/packages/SciMLBase/VW1cI/src/integrator_interface.jl:623
┌ Warning: At t=-0.6320000001487159, dt was forced below floating point epsilon -3.000672793558084e-17, and step error estimate = NaN. Aborting. There is either an error in your model specification or the true solution is unstable (or the true solution can not be represented in the precision of Float64).
└ @ SciMLBase ~/.julia/packages/SciMLBase/VW1cI/src/integrator_interface.jl:623
┌ Warning: At t=-0.9586119422811148, dt was forced below floating point epsilon -9.960223019764067e-17, and step error estimate = 1.032369564322482. Aborting. There is either an error in your model specification or the true solution is unstable (or the true solution can not be represented in the precision of Float64).
└ @ SciMLBase ~/.julia/packages/SciMLBase/VW1cI/src/integrator_interface.jl:623
┌ Warning: At t=-0.6364132257335674, dt was forced below floating point epsilon -9.882059023689518e-17, and step error estimate = 1.1170124856453012. Aborting. There is either an error in your model specification or the true solution is unstable (or the true solution can not be represented in the precision of Float64).
└ @ SciMLBase ~/.julia/packages/SciMLBase/VW1cI/src/integrator_interface.jl:623
┌ Warning: At t=-0.7767314145064282, dt was forced below floating point epsilon -9.821028576030844e-17, and step error estimate = 1.1884342895569624. Aborting. There is either an error in your model specification or the true solution is unstable (or the true solution can not be represented in the precision of Float64).
└ @ SciMLBase ~/.julia/packages/SciMLBase/VW1cI/src/integrator_interface.jl:623
┌ Warning: At t=-0.6320000020973612, dt was forced below floating point epsilon -1.0984643931165029e-16, and step error estimate = 1.0719250542227465. Aborting. There is either an error in your model specification or the true solution is unstable (or the true solution can not be represented in the precision of Float64).
└ @ SciMLBase ~/.julia/packages/SciMLBase/VW1cI/src/integrator_interface.jl:623
┌ Warning: At t=-0.6320000001225902, dt was forced below floating point epsilon -2.382249628671392e-17, and step error estimate = NaN. Aborting. There is either an error in your model specification or the true solution is unstable (or the true solution can not be represented in the precision of Float64).
└ @ SciMLBase ~/.julia/packages/SciMLBase/VW1cI/src/integrator_interface.jl:623
┌ Warning: At t=-0.8860989363988283, dt was forced below floating point epsilon -9.818922051641082e-17, and step error estimate = 1.19098757322076. Aborting. There is either an error in your model specification or the true solution is unstable (or the true solution can not be represented in the precision of Float64).
└ @ SciMLBase ~/.julia/packages/SciMLBase/VW1cI/src/integrator_interface.jl:623
┌ Warning: At t=-0.8518430030673729, dt was forced below floating point epsilon -9.847099367848517e-17, and step error estimate = 1.1573264334397526. Aborting. There is either an error in your model specification or the true solution is unstable (or the true solution can not be represented in the precision of Float64).
└ @ SciMLBase ~/.julia/packages/SciMLBase/VW1cI/src/integrator_interface.jl:623
┌ Warning: At t=-0.6320000188494194, dt was forced below floating point epsilon -9.183329191013194e-17, and step error estimate = 2.7124284591126804. Aborting. There is either an error in your model specification or the true solution is unstable (or the true solution can not be represented in the precision of Float64).
└ @ SciMLBase ~/.julia/packages/SciMLBase/VW1cI/src/integrator_interface.jl:623
┌ Warning: At t=-0.9211872293204846, dt was forced below floating point epsilon -1.105640742036369e-16, and step error estimate = 1.0104216486960589. Aborting. There is either an error in your model specification or the true solution is unstable (or the true solution can not be represented in the precision of Float64).
└ @ SciMLBase ~/.julia/packages/SciMLBase/VW1cI/src/integrator_interface.jl:623
┌ Warning: At t=-0.6976691683665733, dt was forced below floating point epsilon -9.903736005481628e-17, and step error estimate = 1.0927946096154977. Aborting. There is either an error in your model specification or the true solution is unstable (or the true solution can not be represented in the precision of Float64).
└ @ SciMLBase ~/.julia/packages/SciMLBase/VW1cI/src/integrator_interface.jl:623
┌ Warning: At t=-0.8913182386109765, dt was forced below floating point epsilon -1.0949794827311004e-16, and step error estimate = 3.1230791166415166. Aborting. There is either an error in your model specification or the true solution is unstable (or the true solution can not be represented in the precision of Float64).
└ @ SciMLBase ~/.julia/packages/SciMLBase/VW1cI/src/integrator_interface.jl:623
┌ Warning: At t=-0.6504747748232514, dt was forced below floating point epsilon -8.928854846984878e-17, and step error estimate = 4.188610867683989. Aborting. There is either an error in your model specification or the true solution is unstable (or the true solution can not be represented in the precision of Float64).
└ @ SciMLBase ~/.julia/packages/SciMLBase/VW1cI/src/integrator_interface.jl:623
┌ Warning: At t=-0.6320034313791678, dt was forced below floating point epsilon -8.782072349458124e-17, and step error estimate = 3.6355476843243113. Aborting. There is either an error in your model specification or the true solution is unstable (or the true solution can not be represented in the precision of Float64).
└ @ SciMLBase ~/.julia/packages/SciMLBase/VW1cI/src/integrator_interface.jl:623
┌ Warning: At t=-0.6320000000003322, dt was forced below floating point epsilon -6.174970739129896e-17, and step error estimate = NaN. Aborting. There is either an error in your model specification or the true solution is unstable (or the true solution can not be represented in the precision of Float64).
└ @ SciMLBase ~/.julia/packages/SciMLBase/VW1cI/src/integrator_interface.jl:623
┌ Warning: At t=-0.633419559407444, dt was forced below floating point epsilon -2.3700459418212884e-17, and step error estimate = NaN. Aborting. There is either an error in your model specification or the true solution is unstable (or the true solution can not be represented in the precision of Float64).
└ @ SciMLBase ~/.julia/packages/SciMLBase/VW1cI/src/integrator_interface.jl:623
┌ Warning: At t=-0.6320006452322406, dt was forced below floating point epsilon -9.761952323969315e-17, and step error estimate = 1.2623817131142019. Aborting. There is either an error in your model specification or the true solution is unstable (or the true solution can not be represented in the precision of Float64).
└ @ SciMLBase ~/.julia/packages/SciMLBase/VW1cI/src/integrator_interface.jl:623
┌ Warning: At t=-0.9544298233899696, dt was forced below floating point epsilon -9.872701889532715e-17, and step error estimate = 1.127647493788997. Aborting. There is either an error in your model specification or the true solution is unstable (or the true solution can not be represented in the precision of Float64).
└ @ SciMLBase ~/.julia/packages/SciMLBase/VW1cI/src/integrator_interface.jl:623
┌ Warning: At t=-0.6320034313791678, dt was forced below floating point epsilon -8.782072349458124e-17, and step error estimate = 3.6355476843243113. Aborting. There is either an error in your model specification or the true solution is unstable (or the true solution can not be represented in the precision of Float64).
└ @ SciMLBase ~/.julia/packages/SciMLBase/VW1cI/src/integrator_interface.jl:623
┌ Warning: At t=-0.8803572001360571, dt was forced below floating point epsilon -9.865632083400637e-17, and step error estimate = 1.1357584556076927. Aborting. There is either an error in your model specification or the true solution is unstable (or the true solution can not be represented in the precision of Float64).
└ @ SciMLBase ~/.julia/packages/SciMLBase/VW1cI/src/integrator_interface.jl:623
┌ Warning: At t=-0.6320000034139786, dt was forced below floating point epsilon -1.0816084040024028e-16, and step error estimate = 1.034687295845601. Aborting. There is either an error in your model specification or the true solution is unstable (or the true solution can not be represented in the precision of Float64).
└ @ SciMLBase ~/.julia/packages/SciMLBase/VW1cI/src/integrator_interface.jl:623
┌ Warning: At t=-0.6320000009514963, dt was forced below floating point epsilon -2.356519012108781e-17, and step error estimate = NaN. Aborting. There is either an error in your model specification or the true solution is unstable (or the true solution can not be represented in the precision of Float64).
└ @ SciMLBase ~/.julia/packages/SciMLBase/VW1cI/src/integrator_interface.jl:623
┌ Warning: At t=-0.6338193097748938, dt was forced below floating point epsilon -1.0923756354267034e-16, and step error estimate = 1.1244485802091853. Aborting. There is either an error in your model specification or the true solution is unstable (or the true solution can not be represented in the precision of Float64).
└ @ SciMLBase ~/.julia/packages/SciMLBase/VW1cI/src/integrator_interface.jl:623
┌ Warning: At t=-0.9659704534478679, dt was forced below floating point epsilon -9.867781933791276e-17, and step error estimate = 1.1332857487320191. Aborting. There is either an error in your model specification or the true solution is unstable (or the true solution can not be represented in the precision of Float64).
└ @ SciMLBase ~/.julia/packages/SciMLBase/VW1cI/src/integrator_interface.jl:623
┌ Warning: At t=-0.6320000001955091, dt was forced below floating point epsilon -3.726109234058526e-17, and step error estimate = NaN. Aborting. There is either an error in your model specification or the true solution is unstable (or the true solution can not be represented in the precision of Float64).
└ @ SciMLBase ~/.julia/packages/SciMLBase/VW1cI/src/integrator_interface.jl:623
┌ Warning: At t=-0.6320262633242727, dt was forced below floating point epsilon -9.77016902413365e-17, and step error estimate = 1.307231122754436. Aborting. There is either an error in your model specification or the true solution is unstable (or the true solution can not be represented in the precision of Float64).
└ @ SciMLBase ~/.julia/packages/SciMLBase/VW1cI/src/integrator_interface.jl:623
┌ Warning: At t=-0.6364132257335674, dt was forced below floating point epsilon -9.882059023689518e-17, and step error estimate = 1.1170124856453012. Aborting. There is either an error in your model specification or the true solution is unstable (or the true solution can not be represented in the precision of Float64).
└ @ SciMLBase ~/.julia/packages/SciMLBase/VW1cI/src/integrator_interface.jl:623
┌ Warning: At t=-0.6368873155681206, dt was forced below floating point epsilon -9.839128244034925e-17, and step error estimate = 1.166740863772909. Aborting. There is either an error in your model specification or the true solution is unstable (or the true solution can not be represented in the precision of Float64).
└ @ SciMLBase ~/.julia/packages/SciMLBase/VW1cI/src/integrator_interface.jl:623
┌ Warning: Interrupted. Larger maxiters is needed. If you are using an integrator for non-stiff ODEs or an automatic switching algorithm (the default), you may want to consider using a method for stiff equations. See the solver pages for more details (e.g. https://docs.sciml.ai/DiffEqDocs/stable/solvers/ode_solve/#Stiff-Problems).
└ @ SciMLBase ~/.julia/packages/SciMLBase/VW1cI/src/integrator_interface.jl:589
┌ Warning: At t=-0.7869597592783895, dt was forced below floating point epsilon -3.6118579166873655e-17, and step error estimate = NaN. Aborting. There is either an error in your model specification or the true solution is unstable (or the true solution can not be represented in the precision of Float64).
└ @ SciMLBase ~/.julia/packages/SciMLBase/VW1cI/src/integrator_interface.jl:623
┌ Warning: At t=-0.7895580848836077, dt was forced below floating point epsilon -4.995516468860193e-17, and step error estimate = NaN. Aborting. There is either an error in your model specification or the true solution is unstable (or the true solution can not be represented in the precision of Float64).
└ @ SciMLBase ~/.julia/packages/SciMLBase/VW1cI/src/integrator_interface.jl:623
┌ Warning: At t=-0.8541140736347536, dt was forced below floating point epsilon -1.0589917781226168e-16, and step error estimate = 1.027044267076843. Aborting. There is either an error in your model specification or the true solution is unstable (or the true solution can not be represented in the precision of Float64).
└ @ SciMLBase ~/.julia/packages/SciMLBase/VW1cI/src/integrator_interface.jl:623
┌ Warning: At t=-0.9173796715096104, dt was forced below floating point epsilon -9.987164012454796e-17, and step error estimate = 1.0048592352484518. Aborting. There is either an error in your model specification or the true solution is unstable (or the true solution can not be represented in the precision of Float64).
└ @ SciMLBase ~/.julia/packages/SciMLBase/VW1cI/src/integrator_interface.jl:623
┌ Warning: At t=-0.9173796715096104, dt was forced below floating point epsilon -9.987164012454796e-17, and step error estimate = 1.0048592352484518. Aborting. There is either an error in your model specification or the true solution is unstable (or the true solution can not be represented in the precision of Float64).
└ @ SciMLBase ~/.julia/packages/SciMLBase/VW1cI/src/integrator_interface.jl:623
┌ Warning: At t=-0.7414904480135376, dt was forced below floating point epsilon -6.455571575045329e-17, and step error estimate = 1406.264205086412. Aborting. There is either an error in your model specification or the true solution is unstable (or the true solution can not be represented in the precision of Float64).
└ @ SciMLBase ~/.julia/packages/SciMLBase/VW1cI/src/integrator_interface.jl:623
┌ Warning: At t=-0.6323509230536618, dt was forced below floating point epsilon -9.637749901988071e-17, and step error estimate = 1.514274936770455. Aborting. There is either an error in your model specification or the true solution is unstable (or the true solution can not be represented in the precision of Float64).
└ @ SciMLBase ~/.julia/packages/SciMLBase/VW1cI/src/integrator_interface.jl:623
┌ Warning: At t=-0.6380889730993984, dt was forced below floating point epsilon -1.0835589740528977e-16, and step error estimate = 1.1364344705890954. Aborting. There is either an error in your model specification or the true solution is unstable (or the true solution can not be represented in the precision of Float64).
└ @ SciMLBase ~/.julia/packages/SciMLBase/VW1cI/src/integrator_interface.jl:623
┌ Warning: At t=-0.6320000016949011, dt was forced below floating point epsilon -8.760396999962382e-17, and step error estimate = 3.7264732560695655. Aborting. There is either an error in your model specification or the true solution is unstable (or the true solution can not be represented in the precision of Float64).
└ @ SciMLBase ~/.julia/packages/SciMLBase/VW1cI/src/integrator_interface.jl:623
┌ Warning: At t=-0.6993854298299743, dt was forced below floating point epsilon -1.0085251526749312e-16, and step error estimate = 1.0147341754383699. Aborting. There is either an error in your model specification or the true solution is unstable (or the true solution can not be represented in the precision of Float64).
└ @ SciMLBase ~/.julia/packages/SciMLBase/VW1cI/src/integrator_interface.jl:623
┌ Warning: At t=-0.6320016002930291, dt was forced below floating point epsilon -1.0954290953246923e-16, and step error estimate = 1.0754398283858022. Aborting. There is either an error in your model specification or the true solution is unstable (or the true solution can not be represented in the precision of Float64).
└ @ SciMLBase ~/.julia/packages/SciMLBase/VW1cI/src/integrator_interface.jl:623
┌ Warning: At t=-0.9286525981257183, dt was forced below floating point epsilon -9.837629321707818e-17, and step error estimate = 1.1685205904196683. Aborting. There is either an error in your model specification or the true solution is unstable (or the true solution can not be represented in the precision of Float64).
└ @ SciMLBase ~/.julia/packages/SciMLBase/VW1cI/src/integrator_interface.jl:623
┌ Warning: At t=-0.6320000001015229, dt was forced below floating point epsilon -9.107361179798549e-17, and step error estimate = 8.253134388732668. Aborting. There is either an error in your model specification or the true solution is unstable (or the true solution can not be represented in the precision of Float64).
└ @ SciMLBase ~/.julia/packages/SciMLBase/VW1cI/src/integrator_interface.jl:623
┌ Warning: At t=-0.6320000420224666, dt was forced below floating point epsilon -4.463404363928702e-17, and step error estimate = NaN. Aborting. There is either an error in your model specification or the true solution is unstable (or the true solution can not be represented in the precision of Float64).
└ @ SciMLBase ~/.julia/packages/SciMLBase/VW1cI/src/integrator_interface.jl:623
┌ Warning: At t=-0.6320284452505076, dt was forced below floating point epsilon -8.657947108481594e-17, and step error estimate = NaN. Aborting. There is either an error in your model specification or the true solution is unstable (or the true solution can not be represented in the precision of Float64).
└ @ SciMLBase ~/.julia/packages/SciMLBase/VW1cI/src/integrator_interface.jl:623
┌ Warning: At t=-0.7586347819427083, dt was forced below floating point epsilon -3.502156562566417e-17, and step error estimate = NaN. Aborting. There is either an error in your model specification or the true solution is unstable (or the true solution can not be represented in the precision of Float64).
└ @ SciMLBase ~/.julia/packages/SciMLBase/VW1cI/src/integrator_interface.jl:623
┌ Warning: At t=-0.9586119422802795, dt was forced below floating point epsilon -9.831623204892019e-17, and step error estimate = 1.1756824026909014. Aborting. There is either an error in your model specification or the true solution is unstable (or the true solution can not be represented in the precision of Float64).
└ @ SciMLBase ~/.julia/packages/SciMLBase/VW1cI/src/integrator_interface.jl:623
┌ Warning: At t=-0.6320000000025172, dt was forced below floating point epsilon -3.858448604728709e-17, and step error estimate = NaN. Aborting. There is either an error in your model specification or the true solution is unstable (or the true solution can not be represented in the precision of Float64).
└ @ SciMLBase ~/.julia/packages/SciMLBase/VW1cI/src/integrator_interface.jl:623
┌ Warning: At t=-0.6380889730993984, dt was forced below floating point epsilon -1.0835589740528977e-16, and step error estimate = 1.1364344705890954. Aborting. There is either an error in your model specification or the true solution is unstable (or the true solution can not be represented in the precision of Float64).
└ @ SciMLBase ~/.julia/packages/SciMLBase/VW1cI/src/integrator_interface.jl:623
┌ Warning: At t=-0.6326526018988202, dt was forced below floating point epsilon -1.1077383912631883e-16, and step error estimate = 1.1122876947947526. Aborting. There is either an error in your model specification or the true solution is unstable (or the true solution can not be represented in the precision of Float64).
└ @ SciMLBase ~/.julia/packages/SciMLBase/VW1cI/src/integrator_interface.jl:623
┌ Warning: At t=-0.7767314145064282, dt was forced below floating point epsilon -9.821028576030844e-17, and step error estimate = 1.1884342895569624. Aborting. There is either an error in your model specification or the true solution is unstable (or the true solution can not be represented in the precision of Float64).
└ @ SciMLBase ~/.julia/packages/SciMLBase/VW1cI/src/integrator_interface.jl:623
┌ Warning: At t=-0.6320532491098905, dt was forced below floating point epsilon -1.0536117373574407e-16, and step error estimate = 1.0371672265789023. Aborting. There is either an error in your model specification or the true solution is unstable (or the true solution can not be represented in the precision of Float64).
└ @ SciMLBase ~/.julia/packages/SciMLBase/VW1cI/src/integrator_interface.jl:623
┌ Warning: At t=-0.6809492243131259, dt was forced below floating point epsilon -9.9701263534101e-17, and step error estimate = 1.0221610958164866. Aborting. There is either an error in your model specification or the true solution is unstable (or the true solution can not be represented in the precision of Float64).
└ @ SciMLBase ~/.julia/packages/SciMLBase/VW1cI/src/integrator_interface.jl:623
┌ Warning: At t=-0.6320004596027996, dt was forced below floating point epsilon -1.1002835069964123e-16, and step error estimate = 1.5261332006559816. Aborting. There is either an error in your model specification or the true solution is unstable (or the true solution can not be represented in the precision of Float64).
└ @ SciMLBase ~/.julia/packages/SciMLBase/VW1cI/src/integrator_interface.jl:623
┌ Warning: At t=-0.6320159728065915, dt was forced below floating point epsilon -1.0577635037729619e-16, and step error estimate = 1.2298251751129685. Aborting. There is either an error in your model specification or the true solution is unstable (or the true solution can not be represented in the precision of Float64).
└ @ SciMLBase ~/.julia/packages/SciMLBase/VW1cI/src/integrator_interface.jl:623
┌ Warning: Interrupted. Larger maxiters is needed. If you are using an integrator for non-stiff ODEs or an automatic switching algorithm (the default), you may want to consider using a method for stiff equations. See the solver pages for more details (e.g. https://docs.sciml.ai/DiffEqDocs/stable/solvers/ode_solve/#Stiff-Problems).
└ @ SciMLBase ~/.julia/packages/SciMLBase/VW1cI/src/integrator_interface.jl:589
┌ Warning: At t=-0.6532532195172952, dt was forced below floating point epsilon -9.986832017494799e-17, and step error estimate = 1.005193527504141. Aborting. There is either an error in your model specification or the true solution is unstable (or the true solution can not be represented in the precision of Float64).
└ @ SciMLBase ~/.julia/packages/SciMLBase/VW1cI/src/integrator_interface.jl:623
┌ Warning: At t=-0.6320000020973612, dt was forced below floating point epsilon -1.0984643931165029e-16, and step error estimate = 1.0719250542227465. Aborting. There is either an error in your model specification or the true solution is unstable (or the true solution can not be represented in the precision of Float64).
└ @ SciMLBase ~/.julia/packages/SciMLBase/VW1cI/src/integrator_interface.jl:623
┌ Warning: At t=-0.6458609920270363, dt was forced below floating point epsilon -9.897608016823657e-17, and step error estimate = 1.099581619103689. Aborting. There is either an error in your model specification or the true solution is unstable (or the true solution can not be represented in the precision of Float64).
└ @ SciMLBase ~/.julia/packages/SciMLBase/VW1cI/src/integrator_interface.jl:623
┌ Warning: At t=-0.6320145876042356, dt was forced below floating point epsilon -1.0097327803600724e-16, and step error estimate = 1.1321322377518301. Aborting. There is either an error in your model specification or the true solution is unstable (or the true solution can not be represented in the precision of Float64).
└ @ SciMLBase ~/.julia/packages/SciMLBase/VW1cI/src/integrator_interface.jl:623
┌ Warning: At t=-0.6320006494530682, dt was forced below floating point epsilon -1.0821599508309757e-16, and step error estimate = 1.1495049109205344. Aborting. There is either an error in your model specification or the true solution is unstable (or the true solution can not be represented in the precision of Float64).
└ @ SciMLBase ~/.julia/packages/SciMLBase/VW1cI/src/integrator_interface.jl:623
┌ Warning: At t=-0.6367077607361887, dt was forced below floating point epsilon -9.983166071730397e-17, and step error estimate = 1.0088899205436752. Aborting. There is either an error in your model specification or the true solution is unstable (or the true solution can not be represented in the precision of Float64).
└ @ SciMLBase ~/.julia/packages/SciMLBase/VW1cI/src/integrator_interface.jl:623
┌ Warning: At t=-0.6739214054351643, dt was forced below floating point epsilon -1.0031574815632825e-16, and step error estimate = 1.0085216578570437. Aborting. There is either an error in your model specification or the true solution is unstable (or the true solution can not be represented in the precision of Float64).
└ @ SciMLBase ~/.julia/packages/SciMLBase/VW1cI/src/integrator_interface.jl:623
┌ Warning: At t=-0.6320000296066368, dt was forced below floating point epsilon -1.104329899869377e-16, and step error estimate = 1.0915061685189635. Aborting. There is either an error in your model specification or the true solution is unstable (or the true solution can not be represented in the precision of Float64).
└ @ SciMLBase ~/.julia/packages/SciMLBase/VW1cI/src/integrator_interface.jl:623
┌ Warning: At t=-0.6320002212997111, dt was forced below floating point epsilon -9.921795616626605e-17, and step error estimate = 1.0730615959902303. Aborting. There is either an error in your model specification or the true solution is unstable (or the true solution can not be represented in the precision of Float64).
└ @ SciMLBase ~/.julia/packages/SciMLBase/VW1cI/src/integrator_interface.jl:623
┌ Warning: At t=-0.9211872293203118, dt was forced below floating point epsilon -1.0898518673266941e-16, and step error estimate = 1.003187707040762. Aborting. There is either an error in your model specification or the true solution is unstable (or the true solution can not be represented in the precision of Float64).
└ @ SciMLBase ~/.julia/packages/SciMLBase/VW1cI/src/integrator_interface.jl:623
┌ Warning: At t=-0.6320000035105416, dt was forced below floating point epsilon -8.873008204228593e-17, and step error estimate = 3.2796859063650037. Aborting. There is either an error in your model specification or the true solution is unstable (or the true solution can not be represented in the precision of Float64).
└ @ SciMLBase ~/.julia/packages/SciMLBase/VW1cI/src/integrator_interface.jl:623
┌ Warning: At t=-0.6976691683665733, dt was forced below floating point epsilon -9.903736005481628e-17, and step error estimate = 1.0927946096154977. Aborting. There is either an error in your model specification or the true solution is unstable (or the true solution can not be represented in the precision of Float64).
└ @ SciMLBase ~/.julia/packages/SciMLBase/VW1cI/src/integrator_interface.jl:623
┌ Warning: At t=-0.6320000123800146, dt was forced below floating point epsilon -2.8409822027598403e-17, and step error estimate = NaN. Aborting. There is either an error in your model specification or the true solution is unstable (or the true solution can not be represented in the precision of Float64).
└ @ SciMLBase ~/.julia/packages/SciMLBase/VW1cI/src/integrator_interface.jl:623
┌ Warning: At t=-0.6320000000003014, dt was forced below floating point epsilon -3.046672123128091e-17, and step error estimate = NaN. Aborting. There is either an error in your model specification or the true solution is unstable (or the true solution can not be represented in the precision of Float64).
└ @ SciMLBase ~/.julia/packages/SciMLBase/VW1cI/src/integrator_interface.jl:623
┌ Warning: At t=-0.6320733292599144, dt was forced below floating point epsilon -9.949644827928397e-17, and step error estimate = 1.0433988980222488. Aborting. There is either an error in your model specification or the true solution is unstable (or the true solution can not be represented in the precision of Float64).
└ @ SciMLBase ~/.julia/packages/SciMLBase/VW1cI/src/integrator_interface.jl:623
┌ Warning: At t=-0.6324189955070456, dt was forced below floating point epsilon -1.0483897471646126e-16, and step error estimate = 1.30271260851615. Aborting. There is either an error in your model specification or the true solution is unstable (or the true solution can not be represented in the precision of Float64).
└ @ SciMLBase ~/.julia/packages/SciMLBase/VW1cI/src/integrator_interface.jl:623
┌ Warning: At t=-0.632000051534057, dt was forced below floating point epsilon -9.680226807192077e-17, and step error estimate = 1.373095998864671. Aborting. There is either an error in your model specification or the true solution is unstable (or the true solution can not be represented in the precision of Float64).
└ @ SciMLBase ~/.julia/packages/SciMLBase/VW1cI/src/integrator_interface.jl:623
┌ Warning: At t=-0.632001319699914, dt was forced below floating point epsilon -1.0034363621603445e-16, and step error estimate = 2.2308125132484564. Aborting. There is either an error in your model specification or the true solution is unstable (or the true solution can not be represented in the precision of Float64).
└ @ SciMLBase ~/.julia/packages/SciMLBase/VW1cI/src/integrator_interface.jl:623
┌ Warning: At t=-0.8837512822668121, dt was forced below floating point epsilon -9.899235170184258e-17, and step error estimate = 1.0977753422889933. Aborting. There is either an error in your model specification or the true solution is unstable (or the true solution can not be represented in the precision of Float64).
└ @ SciMLBase ~/.julia/packages/SciMLBase/VW1cI/src/integrator_interface.jl:623
┌ Warning: At t=-0.6786766494368808, dt was forced below floating point epsilon -9.928701541986274e-17, and step error estimate = 1.0656204282299724. Aborting. There is either an error in your model specification or the true solution is unstable (or the true solution can not be represented in the precision of Float64).
└ @ SciMLBase ~/.julia/packages/SciMLBase/VW1cI/src/integrator_interface.jl:623
┌ Warning: Interrupted. Larger maxiters is needed. If you are using an integrator for non-stiff ODEs or an automatic switching algorithm (the default), you may want to consider using a method for stiff equations. See the solver pages for more details (e.g. https://docs.sciml.ai/DiffEqDocs/stable/solvers/ode_solve/#Stiff-Problems).
└ @ SciMLBase ~/.julia/packages/SciMLBase/VW1cI/src/integrator_interface.jl:589
┌ Warning: At t=-0.6834947230396224, dt was forced below floating point epsilon -9.954107698157027e-17, and step error estimate = 1.0387297285449775. Aborting. There is either an error in your model specification or the true solution is unstable (or the true solution can not be represented in the precision of Float64).
└ @ SciMLBase ~/.julia/packages/SciMLBase/VW1cI/src/integrator_interface.jl:623
┌ Warning: At t=-0.632, dt was forced below floating point epsilon -3.2768000000000003e-17, and step error estimate = NaN. Aborting. There is either an error in your model specification or the true solution is unstable (or the true solution can not be represented in the precision of Float64).
└ @ SciMLBase ~/.julia/packages/SciMLBase/VW1cI/src/integrator_interface.jl:623
┌ Warning: At t=-0.6367077607361887, dt was forced below floating point epsilon -9.983166071730397e-17, and step error estimate = 1.0088899205436752. Aborting. There is either an error in your model specification or the true solution is unstable (or the true solution can not be represented in the precision of Float64).
└ @ SciMLBase ~/.julia/packages/SciMLBase/VW1cI/src/integrator_interface.jl:623
┌ Warning: At t=-0.8021067448666167, dt was forced below floating point epsilon -9.983768947927418e-17, and step error estimate = 1.0082806284657362. Aborting. There is either an error in your model specification or the true solution is unstable (or the true solution can not be represented in the precision of Float64).
└ @ SciMLBase ~/.julia/packages/SciMLBase/VW1cI/src/integrator_interface.jl:623
┌ Warning: At t=-0.6786766494368808, dt was forced below floating point epsilon -9.928701541986274e-17, and step error estimate = 1.0656204282299724. Aborting. There is either an error in your model specification or the true solution is unstable (or the true solution can not be represented in the precision of Float64).
└ @ SciMLBase ~/.julia/packages/SciMLBase/VW1cI/src/integrator_interface.jl:623
┌ Warning: At t=-0.6320000068071708, dt was forced below floating point epsilon -7.733448596002603e-17, and step error estimate = NaN. Aborting. There is either an error in your model specification or the true solution is unstable (or the true solution can not be represented in the precision of Float64).
└ @ SciMLBase ~/.julia/packages/SciMLBase/VW1cI/src/integrator_interface.jl:623
┌ Warning: At t=-0.6320005838528391, dt was forced below floating point epsilon -8.519827264770018e-17, and step error estimate = 6.840748036752598. Aborting. There is either an error in your model specification or the true solution is unstable (or the true solution can not be represented in the precision of Float64).
└ @ SciMLBase ~/.julia/packages/SciMLBase/VW1cI/src/integrator_interface.jl:623
┌ Warning: At t=-0.8518430030673729, dt was forced below floating point epsilon -9.847099367848517e-17, and step error estimate = 1.1573264334397526. Aborting. There is either an error in your model specification or the true solution is unstable (or the true solution can not be represented in the precision of Float64).
└ @ SciMLBase ~/.julia/packages/SciMLBase/VW1cI/src/integrator_interface.jl:623
┌ Warning: At t=-0.6694770808086493, dt was forced below floating point epsilon -9.954643227901383e-17, and step error estimate = 1.0381707760041536. Aborting. There is either an error in your model specification or the true solution is unstable (or the true solution can not be represented in the precision of Float64).
└ @ SciMLBase ~/.julia/packages/SciMLBase/VW1cI/src/integrator_interface.jl:623
┌ Warning: At t=-0.6472737313814534, dt was forced below floating point epsilon -8.789955618433647e-17, and step error estimate = 7.435155308192673. Aborting. There is either an error in your model specification or the true solution is unstable (or the true solution can not be represented in the precision of Float64).
└ @ SciMLBase ~/.julia/packages/SciMLBase/VW1cI/src/integrator_interface.jl:623
┌ Warning: At t=-0.7119296033440099, dt was forced below floating point epsilon -1.0378973762701969e-16, and step error estimate = 1.0227463669742674. Aborting. There is either an error in your model specification or the true solution is unstable (or the true solution can not be represented in the precision of Float64).
└ @ SciMLBase ~/.julia/packages/SciMLBase/VW1cI/src/integrator_interface.jl:623
┌ Warning: At t=-0.7356326426379247, dt was forced below floating point epsilon -9.979290140127552e-17, and step error estimate = 1.0128144536450494. Aborting. There is either an error in your model specification or the true solution is unstable (or the true solution can not be represented in the precision of Float64).
└ @ SciMLBase ~/.julia/packages/SciMLBase/VW1cI/src/integrator_interface.jl:623
┌ Warning: At t=-0.9828472873396904, dt was forced below floating point epsilon -1.0141269624720848e-16, and step error estimate = 1.1155692500877434. Aborting. There is either an error in your model specification or the true solution is unstable (or the true solution can not be represented in the precision of Float64).
└ @ SciMLBase ~/.julia/packages/SciMLBase/VW1cI/src/integrator_interface.jl:623
┌ Warning: At t=-0.6320006494530682, dt was forced below floating point epsilon -1.0821599508309757e-16, and step error estimate = 1.1495049109205344. Aborting. There is either an error in your model specification or the true solution is unstable (or the true solution can not be represented in the precision of Float64).
└ @ SciMLBase ~/.julia/packages/SciMLBase/VW1cI/src/integrator_interface.jl:623
┌ Warning: At t=-0.666447257135602, dt was forced below floating point epsilon -9.861016149970244e-17, and step error estimate = 1.14108785633962. Aborting. There is either an error in your model specification or the true solution is unstable (or the true solution can not be represented in the precision of Float64).
└ @ SciMLBase ~/.julia/packages/SciMLBase/VW1cI/src/integrator_interface.jl:623
┌ Warning: At t=-0.6320000073896934, dt was forced below floating point epsilon -6.885438043343156e-17, and step error estimate = NaN. Aborting. There is either an error in your model specification or the true solution is unstable (or the true solution can not be represented in the precision of Float64).
└ @ SciMLBase ~/.julia/packages/SciMLBase/VW1cI/src/integrator_interface.jl:623
┌ Warning: At t=-0.6324784511454099, dt was forced below floating point epsilon -9.705126720630844e-17, and step error estimate = 2.32560983934444. Aborting. There is either an error in your model specification or the true solution is unstable (or the true solution can not be represented in the precision of Float64).
└ @ SciMLBase ~/.julia/packages/SciMLBase/VW1cI/src/integrator_interface.jl:623
┌ Warning: At t=-0.7645802544053019, dt was forced below floating point epsilon -1.0904076772069291e-16, and step error estimate = 1.5116823803711823. Aborting. There is either an error in your model specification or the true solution is unstable (or the true solution can not be represented in the precision of Float64).
└ @ SciMLBase ~/.julia/packages/SciMLBase/VW1cI/src/integrator_interface.jl:623
┌ Warning: At t=-0.6211863996418721, dt was forced below floating point epsilon 1.1102230246251565e-16, and step error estimate = 1.0698767491987904. Aborting. There is either an error in your model specification or the true solution is unstable (or the true solution can not be represented in the precision of Float64).
└ @ SciMLBase ~/.julia/packages/SciMLBase/VW1cI/src/integrator_interface.jl:623
┌ Warning: At t=-0.8441455854295156, dt was forced below floating point epsilon 1.1102230246251565e-16, and step error estimate = 1.386047451396883. Aborting. There is either an error in your model specification or the true solution is unstable (or the true solution can not be represented in the precision of Float64).
└ @ SciMLBase ~/.julia/packages/SciMLBase/VW1cI/src/integrator_interface.jl:623
┌ Warning: At t=-0.950632632361014, dt was forced below floating point epsilon 1.1102230246251565e-16, and step error estimate = NaN. Aborting. There is either an error in your model specification or the true solution is unstable (or the true solution can not be represented in the precision of Float64).
└ @ SciMLBase ~/.julia/packages/SciMLBase/VW1cI/src/integrator_interface.jl:623
┌ Warning: At t=-0.8397644226604559, dt was forced below floating point epsilon 1.1102230246251565e-16, and step error estimate = NaN. Aborting. There is either an error in your model specification or the true solution is unstable (or the true solution can not be represented in the precision of Float64).
└ @ SciMLBase ~/.julia/packages/SciMLBase/VW1cI/src/integrator_interface.jl:623
┌ Warning: At t=0.30268441667581236, dt was forced below floating point epsilon 5.551115123125783e-17, and step error estimate = 1.2004158126572524. Aborting. There is either an error in your model specification or the true solution is unstable (or the true solution can not be represented in the precision of Float64).
└ @ SciMLBase ~/.julia/packages/SciMLBase/VW1cI/src/integrator_interface.jl:623
┌ Warning: At t=-0.971741700109105, dt was forced below floating point epsilon 1.1102230246251565e-16, and step error estimate = 52.919274493357385. Aborting. There is either an error in your model specification or the true solution is unstable (or the true solution can not be represented in the precision of Float64).
└ @ SciMLBase ~/.julia/packages/SciMLBase/VW1cI/src/integrator_interface.jl:623
┌ Warning: At t=0.044305309284177904, dt was forced below floating point epsilon 6.938893903907228e-18, and step error estimate = 93.14936240958436. Aborting. There is either an error in your model specification or the true solution is unstable (or the true solution can not be represented in the precision of Float64).
└ @ SciMLBase ~/.julia/packages/SciMLBase/VW1cI/src/integrator_interface.jl:623
┌ Warning: At t=-0.8964050661441606, dt was forced below floating point epsilon 1.1102230246251565e-16, and step error estimate = 1.158791089681414. Aborting. There is either an error in your model specification or the true solution is unstable (or the true solution can not be represented in the precision of Float64).
└ @ SciMLBase ~/.julia/packages/SciMLBase/VW1cI/src/integrator_interface.jl:623
┌ Warning: At t=-0.6319999842682542, dt was forced below floating point epsilon 1.1102230246251565e-16, and step error estimate = NaN. Aborting. There is either an error in your model specification or the true solution is unstable (or the true solution can not be represented in the precision of Float64).
└ @ SciMLBase ~/.julia/packages/SciMLBase/VW1cI/src/integrator_interface.jl:623
┌ Warning: At t=-0.6319999897286384, dt was forced below floating point epsilon 1.1102230246251565e-16, and step error estimate = NaN. Aborting. There is either an error in your model specification or the true solution is unstable (or the true solution can not be represented in the precision of Float64).
└ @ SciMLBase ~/.julia/packages/SciMLBase/VW1cI/src/integrator_interface.jl:623
┌ Warning: At t=-1.0, dt was forced below floating point epsilon 2.220446049250313e-16, and step error estimate = 7.316564125217198. Aborting. There is either an error in your model specification or the true solution is unstable (or the true solution can not be represented in the precision of Float64).
└ @ SciMLBase ~/.julia/packages/SciMLBase/VW1cI/src/integrator_interface.jl:623
┌ Warning: At t=-0.9513897269394161, dt was forced below floating point epsilon 1.1102230246251565e-16, and step error estimate = 1.1280152601912106. Aborting. There is either an error in your model specification or the true solution is unstable (or the true solution can not be represented in the precision of Float64).
└ @ SciMLBase ~/.julia/packages/SciMLBase/VW1cI/src/integrator_interface.jl:623
┌ Warning: At t=-0.6108188010156277, dt was forced below floating point epsilon 1.1102230246251565e-16, and step error estimate = 1.0134841214314732. Aborting. There is either an error in your model specification or the true solution is unstable (or the true solution can not be represented in the precision of Float64).
└ @ SciMLBase ~/.julia/packages/SciMLBase/VW1cI/src/integrator_interface.jl:623
┌ Warning: At t=-0.7455788960903277, dt was forced below floating point epsilon 1.1102230246251565e-16, and step error estimate = NaN. Aborting. There is either an error in your model specification or the true solution is unstable (or the true solution can not be represented in the precision of Float64).
└ @ SciMLBase ~/.julia/packages/SciMLBase/VW1cI/src/integrator_interface.jl:623
┌ Warning: At t=-0.6319998700247451, dt was forced below floating point epsilon 1.1102230246251565e-16, and step error estimate = NaN. Aborting. There is either an error in your model specification or the true solution is unstable (or the true solution can not be represented in the precision of Float64).
└ @ SciMLBase ~/.julia/packages/SciMLBase/VW1cI/src/integrator_interface.jl:623
┌ Warning: At t=0.7201024019438349, dt was forced below floating point epsilon 1.1102230246251565e-16, and step error estimate = 1.043132463710452. Aborting. There is either an error in your model specification or the true solution is unstable (or the true solution can not be represented in the precision of Float64).
└ @ SciMLBase ~/.julia/packages/SciMLBase/VW1cI/src/integrator_interface.jl:623
┌ Warning: At t=-1.0, dt was forced below floating point epsilon 2.220446049250313e-16, and step error estimate = 7.209726960899863. Aborting. There is either an error in your model specification or the true solution is unstable (or the true solution can not be represented in the precision of Float64).
└ @ SciMLBase ~/.julia/packages/SciMLBase/VW1cI/src/integrator_interface.jl:623
┌ Warning: At t=-0.8319907219469291, dt was forced below floating point epsilon 1.1102230246251565e-16, and step error estimate = 6.689935604168293. Aborting. There is either an error in your model specification or the true solution is unstable (or the true solution can not be represented in the precision of Float64).
└ @ SciMLBase ~/.julia/packages/SciMLBase/VW1cI/src/integrator_interface.jl:623
┌ Warning: At t=-1.0, dt was forced below floating point epsilon 2.220446049250313e-16, and step error estimate = 7.159535477994306. Aborting. There is either an error in your model specification or the true solution is unstable (or the true solution can not be represented in the precision of Float64).
└ @ SciMLBase ~/.julia/packages/SciMLBase/VW1cI/src/integrator_interface.jl:623
┌ Warning: At t=-0.9847262686357511, dt was forced below floating point epsilon 1.1102230246251565e-16, and step error estimate = NaN. Aborting. There is either an error in your model specification or the true solution is unstable (or the true solution can not be represented in the precision of Float64).
└ @ SciMLBase ~/.julia/packages/SciMLBase/VW1cI/src/integrator_interface.jl:623
┌ Warning: At t=-0.7364210410351107, dt was forced below floating point epsilon 1.1102230246251565e-16, and step error estimate = 1.1500383615950327. Aborting. There is either an error in your model specification or the true solution is unstable (or the true solution can not be represented in the precision of Float64).
└ @ SciMLBase ~/.julia/packages/SciMLBase/VW1cI/src/integrator_interface.jl:623
┌ Warning: At t=-1.0, dt was forced below floating point epsilon 2.220446049250313e-16, and step error estimate = NaN. Aborting. There is either an error in your model specification or the true solution is unstable (or the true solution can not be represented in the precision of Float64).
└ @ SciMLBase ~/.julia/packages/SciMLBase/VW1cI/src/integrator_interface.jl:623
┌ Warning: At t=0.3026844166758413, dt was forced below floating point epsilon 5.551115123125783e-17, and step error estimate = 1.2401126305991461. Aborting. There is either an error in your model specification or the true solution is unstable (or the true solution can not be represented in the precision of Float64).
└ @ SciMLBase ~/.julia/packages/SciMLBase/VW1cI/src/integrator_interface.jl:623
┌ Warning: At t=-0.9023664295490704, dt was forced below floating point epsilon 1.1102230246251565e-16, and step error estimate = 1.0883446667624674. Aborting. There is either an error in your model specification or the true solution is unstable (or the true solution can not be represented in the precision of Float64).
└ @ SciMLBase ~/.julia/packages/SciMLBase/VW1cI/src/integrator_interface.jl:623
┌ Warning: At t=-0.2286824497658355, dt was forced below floating point epsilon 2.7755575615628914e-17, and step error estimate = 1.2326156313033354. Aborting. There is either an error in your model specification or the true solution is unstable (or the true solution can not be represented in the precision of Float64).
└ @ SciMLBase ~/.julia/packages/SciMLBase/VW1cI/src/integrator_interface.jl:623
┌ Warning: At t=-1.0, dt was forced below floating point epsilon 2.220446049250313e-16, and step error estimate = 7.145943934918926. Aborting. There is either an error in your model specification or the true solution is unstable (or the true solution can not be represented in the precision of Float64).
└ @ SciMLBase ~/.julia/packages/SciMLBase/VW1cI/src/integrator_interface.jl:623
┌ Warning: At t=-1.0, dt was forced below floating point epsilon 2.220446049250313e-16, and step error estimate = 7.391245479116183. Aborting. There is either an error in your model specification or the true solution is unstable (or the true solution can not be represented in the precision of Float64).
└ @ SciMLBase ~/.julia/packages/SciMLBase/VW1cI/src/integrator_interface.jl:623
┌ Warning: At t=0.436499867242523, dt was forced below floating point epsilon 5.551115123125783e-17, and step error estimate = 1337.4385972540695. Aborting. There is either an error in your model specification or the true solution is unstable (or the true solution can not be represented in the precision of Float64).
└ @ SciMLBase ~/.julia/packages/SciMLBase/VW1cI/src/integrator_interface.jl:623
┌ Warning: At t=-0.6812332158863332, dt was forced below floating point epsilon 1.1102230246251565e-16, and step error estimate = NaN. Aborting. There is either an error in your model specification or the true solution is unstable (or the true solution can not be represented in the precision of Float64).
└ @ SciMLBase ~/.julia/packages/SciMLBase/VW1cI/src/integrator_interface.jl:623
┌ Warning: At t=-0.7224706726119835, dt was forced below floating point epsilon 1.1102230246251565e-16, and step error estimate = 17.871080479026034. Aborting. There is either an error in your model specification or the true solution is unstable (or the true solution can not be represented in the precision of Float64).
└ @ SciMLBase ~/.julia/packages/SciMLBase/VW1cI/src/integrator_interface.jl:623
┌ Warning: At t=-0.6319996178642835, dt was forced below floating point epsilon 1.1102230246251565e-16, and step error estimate = NaN. Aborting. There is either an error in your model specification or the true solution is unstable (or the true solution can not be represented in the precision of Float64).
└ @ SciMLBase ~/.julia/packages/SciMLBase/VW1cI/src/integrator_interface.jl:623
┌ Warning: At t=-0.9993074136418617, dt was forced below floating point epsilon 1.1102230246251565e-16, and step error estimate = 9.667386287722817. Aborting. There is either an error in your model specification or the true solution is unstable (or the true solution can not be represented in the precision of Float64).
└ @ SciMLBase ~/.julia/packages/SciMLBase/VW1cI/src/integrator_interface.jl:623
┌ Warning: At t=0.7201024019438349, dt was forced below floating point epsilon 1.1102230246251565e-16, and step error estimate = 1.043132463710452. Aborting. There is either an error in your model specification or the true solution is unstable (or the true solution can not be represented in the precision of Float64).
└ @ SciMLBase ~/.julia/packages/SciMLBase/VW1cI/src/integrator_interface.jl:623
┌ Warning: At t=-0.6141096653580114, dt was forced below floating point epsilon 1.1102230246251565e-16, and step error estimate = 1.1556669667948278. Aborting. There is either an error in your model specification or the true solution is unstable (or the true solution can not be represented in the precision of Float64).
└ @ SciMLBase ~/.julia/packages/SciMLBase/VW1cI/src/integrator_interface.jl:623
┌ Warning: At t=-0.9865818001394475, dt was forced below floating point epsilon 1.1102230246251565e-16, and step error estimate = NaN. Aborting. There is either an error in your model specification or the true solution is unstable (or the true solution can not be represented in the precision of Float64).
└ @ SciMLBase ~/.julia/packages/SciMLBase/VW1cI/src/integrator_interface.jl:623
┌ Warning: At t=-0.8234186027911766, dt was forced below floating point epsilon 1.1102230246251565e-16, and step error estimate = 6.719221433509556. Aborting. There is either an error in your model specification or the true solution is unstable (or the true solution can not be represented in the precision of Float64).
└ @ SciMLBase ~/.julia/packages/SciMLBase/VW1cI/src/integrator_interface.jl:623
┌ Warning: At t=-0.6319996532599307, dt was forced below floating point epsilon 1.1102230246251565e-16, and step error estimate = 1.0311151163582934. Aborting. There is either an error in your model specification or the true solution is unstable (or the true solution can not be represented in the precision of Float64).
└ @ SciMLBase ~/.julia/packages/SciMLBase/VW1cI/src/integrator_interface.jl:623
┌ Warning: At t=-1.0, dt was forced below floating point epsilon 2.220446049250313e-16, and step error estimate = 7.23816335293628. Aborting. There is either an error in your model specification or the true solution is unstable (or the true solution can not be represented in the precision of Float64).
└ @ SciMLBase ~/.julia/packages/SciMLBase/VW1cI/src/integrator_interface.jl:623
┌ Warning: At t=-0.9867389745843691, dt was forced below floating point epsilon 1.1102230246251565e-16, and step error estimate = 1.2893296145820983. Aborting. There is either an error in your model specification or the true solution is unstable (or the true solution can not be represented in the precision of Float64).
└ @ SciMLBase ~/.julia/packages/SciMLBase/VW1cI/src/integrator_interface.jl:623
┌ Warning: At t=-1.0, dt was forced below floating point epsilon 2.220446049250313e-16, and step error estimate = NaN. Aborting. There is either an error in your model specification or the true solution is unstable (or the true solution can not be represented in the precision of Float64).
└ @ SciMLBase ~/.julia/packages/SciMLBase/VW1cI/src/integrator_interface.jl:623
┌ Warning: At t=-0.15214685003711576, dt was forced below floating point epsilon 2.7755575615628914e-17, and step error estimate = 1.0168112839325878. Aborting. There is either an error in your model specification or the true solution is unstable (or the true solution can not be represented in the precision of Float64).
└ @ SciMLBase ~/.julia/packages/SciMLBase/VW1cI/src/integrator_interface.jl:623
┌ Warning: At t=-0.8779728572581358, dt was forced below floating point epsilon 1.1102230246251565e-16, and step error estimate = 1.3869881657382683. Aborting. There is either an error in your model specification or the true solution is unstable (or the true solution can not be represented in the precision of Float64).
└ @ SciMLBase ~/.julia/packages/SciMLBase/VW1cI/src/integrator_interface.jl:623
┌ Warning: At t=-1.0, dt was forced below floating point epsilon 2.220446049250313e-16, and step error estimate = 7.345335027664933. Aborting. There is either an error in your model specification or the true solution is unstable (or the true solution can not be represented in the precision of Float64).
└ @ SciMLBase ~/.julia/packages/SciMLBase/VW1cI/src/integrator_interface.jl:623
┌ Warning: At t=-0.3804183347574666, dt was forced below floating point epsilon 5.551115123125783e-17, and step error estimate = 3.2679771840672553. Aborting. There is either an error in your model specification or the true solution is unstable (or the true solution can not be represented in the precision of Float64).
└ @ SciMLBase ~/.julia/packages/SciMLBase/VW1cI/src/integrator_interface.jl:623
┌ Warning: At t=-0.9042529016277141, dt was forced below floating point epsilon 1.1102230246251565e-16, and step error estimate = 1.254307522404685. Aborting. There is either an error in your model specification or the true solution is unstable (or the true solution can not be represented in the precision of Float64).
└ @ SciMLBase ~/.julia/packages/SciMLBase/VW1cI/src/integrator_interface.jl:623
┌ Warning: At t=0.02826114989061976, dt was forced below floating point epsilon 3.469446951953614e-18, and step error estimate = 1.086453504863299. Aborting. There is either an error in your model specification or the true solution is unstable (or the true solution can not be represented in the precision of Float64).
└ @ SciMLBase ~/.julia/packages/SciMLBase/VW1cI/src/integrator_interface.jl:623
┌ Warning: At t=-0.6296964615957059, dt was forced below floating point epsilon 1.1102230246251565e-16, and step error estimate = 1.123280819721382. Aborting. There is either an error in your model specification or the true solution is unstable (or the true solution can not be represented in the precision of Float64).
└ @ SciMLBase ~/.julia/packages/SciMLBase/VW1cI/src/integrator_interface.jl:623
┌ Warning: At t=-0.312030497447068, dt was forced below floating point epsilon 5.551115123125783e-17, and step error estimate = 1.0514615204598867. Aborting. There is either an error in your model specification or the true solution is unstable (or the true solution can not be represented in the precision of Float64).
└ @ SciMLBase ~/.julia/packages/SciMLBase/VW1cI/src/integrator_interface.jl:623
┌ Warning: At t=-1.0, dt was forced below floating point epsilon 2.220446049250313e-16, and step error estimate = 7.159535477994306. Aborting. There is either an error in your model specification or the true solution is unstable (or the true solution can not be represented in the precision of Float64).
└ @ SciMLBase ~/.julia/packages/SciMLBase/VW1cI/src/integrator_interface.jl:623
┌ Warning: At t=-1.0, dt was forced below floating point epsilon 2.220446049250313e-16, and step error estimate = 7.304861878027159. Aborting. There is either an error in your model specification or the true solution is unstable (or the true solution can not be represented in the precision of Float64).
└ @ SciMLBase ~/.julia/packages/SciMLBase/VW1cI/src/integrator_interface.jl:623
┌ Warning: At t=-0.6319997810109702, dt was forced below floating point epsilon 1.1102230246251565e-16, and step error estimate = NaN. Aborting. There is either an error in your model specification or the true solution is unstable (or the true solution can not be represented in the precision of Float64).
└ @ SciMLBase ~/.julia/packages/SciMLBase/VW1cI/src/integrator_interface.jl:623
┌ Warning: Interrupted. Larger maxiters is needed. If you are using an integrator for non-stiff ODEs or an automatic switching algorithm (the default), you may want to consider using a method for stiff equations. See the solver pages for more details (e.g. https://docs.sciml.ai/DiffEqDocs/stable/solvers/ode_solve/#Stiff-Problems).
└ @ SciMLBase ~/.julia/packages/SciMLBase/VW1cI/src/integrator_interface.jl:589
┌ Warning: At t=-1.0, dt was forced below floating point epsilon 2.220446049250313e-16, and step error estimate = 7.421005699029233. Aborting. There is either an error in your model specification or the true solution is unstable (or the true solution can not be represented in the precision of Float64).
└ @ SciMLBase ~/.julia/packages/SciMLBase/VW1cI/src/integrator_interface.jl:623
┌ Warning: At t=0.720089051381457, dt was forced below floating point epsilon 1.1102230246251565e-16, and step error estimate = 183.5413009637487. Aborting. There is either an error in your model specification or the true solution is unstable (or the true solution can not be represented in the precision of Float64).
└ @ SciMLBase ~/.julia/packages/SciMLBase/VW1cI/src/integrator_interface.jl:623
┌ Warning: At t=-0.6296964615957059, dt was forced below floating point epsilon 1.1102230246251565e-16, and step error estimate = 1.123280819721382. Aborting. There is either an error in your model specification or the true solution is unstable (or the true solution can not be represented in the precision of Float64).
└ @ SciMLBase ~/.julia/packages/SciMLBase/VW1cI/src/integrator_interface.jl:623
┌ Warning: At t=0.7772640156745992, dt was forced below floating point epsilon 1.1102230246251565e-16, and step error estimate = 291.19559587231805. Aborting. There is either an error in your model specification or the true solution is unstable (or the true solution can not be represented in the precision of Float64).
└ @ SciMLBase ~/.julia/packages/SciMLBase/VW1cI/src/integrator_interface.jl:623
┌ Warning: At t=-0.6319999792101616, dt was forced below floating point epsilon 1.1102230246251565e-16, and step error estimate = NaN. Aborting. There is either an error in your model specification or the true solution is unstable (or the true solution can not be represented in the precision of Float64).
└ @ SciMLBase ~/.julia/packages/SciMLBase/VW1cI/src/integrator_interface.jl:623
┌ Warning: At t=-1.0, dt was forced below floating point epsilon 2.220446049250313e-16, and step error estimate = 7.425446167513382. Aborting. There is either an error in your model specification or the true solution is unstable (or the true solution can not be represented in the precision of Float64).
└ @ SciMLBase ~/.julia/packages/SciMLBase/VW1cI/src/integrator_interface.jl:623
┌ Warning: At t=-1.0, dt was forced below floating point epsilon 2.220446049250313e-16, and step error estimate = 7.3709989895352015. Aborting. There is either an error in your model specification or the true solution is unstable (or the true solution can not be represented in the precision of Float64).
└ @ SciMLBase ~/.julia/packages/SciMLBase/VW1cI/src/integrator_interface.jl:623
┌ Warning: At t=-0.2286824497658355, dt was forced below floating point epsilon 2.7755575615628914e-17, and step error estimate = 1.2326156313033354. Aborting. There is either an error in your model specification or the true solution is unstable (or the true solution can not be represented in the precision of Float64).
└ @ SciMLBase ~/.julia/packages/SciMLBase/VW1cI/src/integrator_interface.jl:623
┌ Warning: At t=-1.0, dt was forced below floating point epsilon 2.220446049250313e-16, and step error estimate = 7.264400536068287. Aborting. There is either an error in your model specification or the true solution is unstable (or the true solution can not be represented in the precision of Float64).
└ @ SciMLBase ~/.julia/packages/SciMLBase/VW1cI/src/integrator_interface.jl:623
┌ Warning: At t=-0.5193982950753674, dt was forced below floating point epsilon 1.1102230246251565e-16, and step error estimate = 496.1143258301604. Aborting. There is either an error in your model specification or the true solution is unstable (or the true solution can not be represented in the precision of Float64).
└ @ SciMLBase ~/.julia/packages/SciMLBase/VW1cI/src/integrator_interface.jl:623
┌ Warning: At t=-0.7406817150662974, dt was forced below floating point epsilon 1.1102230246251565e-16, and step error estimate = NaN. Aborting. There is either an error in your model specification or the true solution is unstable (or the true solution can not be represented in the precision of Float64).
└ @ SciMLBase ~/.julia/packages/SciMLBase/VW1cI/src/integrator_interface.jl:623
┌ Warning: At t=-0.6319999475694447, dt was forced below floating point epsilon 1.1102230246251565e-16, and step error estimate = NaN. Aborting. There is either an error in your model specification or the true solution is unstable (or the true solution can not be represented in the precision of Float64).
└ @ SciMLBase ~/.julia/packages/SciMLBase/VW1cI/src/integrator_interface.jl:623
┌ Warning: At t=-0.9814884661718235, dt was forced below floating point epsilon 1.1102230246251565e-16, and step error estimate = NaN. Aborting. There is either an error in your model specification or the true solution is unstable (or the true solution can not be represented in the precision of Float64).
└ @ SciMLBase ~/.julia/packages/SciMLBase/VW1cI/src/integrator_interface.jl:623
┌ Warning: At t=-0.9985592298436022, dt was forced below floating point epsilon 1.1102230246251565e-16, and step error estimate = NaN. Aborting. There is either an error in your model specification or the true solution is unstable (or the true solution can not be represented in the precision of Float64).
└ @ SciMLBase ~/.julia/packages/SciMLBase/VW1cI/src/integrator_interface.jl:623
┌ Warning: At t=-0.6319995680276601, dt was forced below floating point epsilon 1.1102230246251565e-16, and step error estimate = NaN. Aborting. There is either an error in your model specification or the true solution is unstable (or the true solution can not be represented in the precision of Float64).
└ @ SciMLBase ~/.julia/packages/SciMLBase/VW1cI/src/integrator_interface.jl:623
┌ Warning: At t=-0.01333121644314283, dt was forced below floating point epsilon 1.734723475976807e-18, and step error estimate = 1.1353699626443268. Aborting. There is either an error in your model specification or the true solution is unstable (or the true solution can not be represented in the precision of Float64).
└ @ SciMLBase ~/.julia/packages/SciMLBase/VW1cI/src/integrator_interface.jl:623
┌ Warning: At t=-0.09018944289877084, dt was forced below floating point epsilon 1.3877787807814457e-17, and step error estimate = 1.2810653778143382. Aborting. There is either an error in your model specification or the true solution is unstable (or the true solution can not be represented in the precision of Float64).
└ @ SciMLBase ~/.julia/packages/SciMLBase/VW1cI/src/integrator_interface.jl:623
┌ Warning: At t=-0.8397644226604559, dt was forced below floating point epsilon 1.1102230246251565e-16, and step error estimate = NaN. Aborting. There is either an error in your model specification or the true solution is unstable (or the true solution can not be represented in the precision of Float64).
└ @ SciMLBase ~/.julia/packages/SciMLBase/VW1cI/src/integrator_interface.jl:623
┌ Warning: At t=-0.6319862151159654, dt was forced below floating point epsilon 1.1102230246251565e-16, and step error estimate = NaN. Aborting. There is either an error in your model specification or the true solution is unstable (or the true solution can not be represented in the precision of Float64).
└ @ SciMLBase ~/.julia/packages/SciMLBase/VW1cI/src/integrator_interface.jl:623
┌ Warning: At t=-0.6319996178642835, dt was forced below floating point epsilon 1.1102230246251565e-16, and step error estimate = NaN. Aborting. There is either an error in your model specification or the true solution is unstable (or the true solution can not be represented in the precision of Float64).
└ @ SciMLBase ~/.julia/packages/SciMLBase/VW1cI/src/integrator_interface.jl:623
┌ Warning: At t=-0.9861264029021181, dt was forced below floating point epsilon 1.1102230246251565e-16, and step error estimate = 1.4205806443615077. Aborting. There is either an error in your model specification or the true solution is unstable (or the true solution can not be represented in the precision of Float64).
└ @ SciMLBase ~/.julia/packages/SciMLBase/VW1cI/src/integrator_interface.jl:623
┌ Warning: At t=0.2835292072638607, dt was forced below floating point epsilon 5.551115123125783e-17, and step error estimate = 1291.518626546037. Aborting. There is either an error in your model specification or the true solution is unstable (or the true solution can not be represented in the precision of Float64).
└ @ SciMLBase ~/.julia/packages/SciMLBase/VW1cI/src/integrator_interface.jl:623
┌ Warning: At t=-1.0, dt was forced below floating point epsilon 2.220446049250313e-16, and step error estimate = 7.335901921662108. Aborting. There is either an error in your model specification or the true solution is unstable (or the true solution can not be represented in the precision of Float64).
└ @ SciMLBase ~/.julia/packages/SciMLBase/VW1cI/src/integrator_interface.jl:623
┌ Warning: At t=-0.8889043520200887, dt was forced below floating point epsilon 1.1102230246251565e-16, and step error estimate = NaN. Aborting. There is either an error in your model specification or the true solution is unstable (or the true solution can not be represented in the precision of Float64).
└ @ SciMLBase ~/.julia/packages/SciMLBase/VW1cI/src/integrator_interface.jl:623
┌ Warning: At t=-0.5892435407864025, dt was forced below floating point epsilon 1.1102230246251565e-16, and step error estimate = 1.0119424735050422. Aborting. There is either an error in your model specification or the true solution is unstable (or the true solution can not be represented in the precision of Float64).
└ @ SciMLBase ~/.julia/packages/SciMLBase/VW1cI/src/integrator_interface.jl:623
┌ Warning: At t=-0.5738032505000089, dt was forced below floating point epsilon 1.1102230246251565e-16, and step error estimate = 1.0165292930259493. Aborting. There is either an error in your model specification or the true solution is unstable (or the true solution can not be represented in the precision of Float64).
└ @ SciMLBase ~/.julia/packages/SciMLBase/VW1cI/src/integrator_interface.jl:623
┌ Warning: At t=-0.47288529392139456, dt was forced below floating point epsilon 5.551115123125783e-17, and step error estimate = 1.1724019087803104. Aborting. There is either an error in your model specification or the true solution is unstable (or the true solution can not be represented in the precision of Float64).
└ @ SciMLBase ~/.julia/packages/SciMLBase/VW1cI/src/integrator_interface.jl:623
┌ Warning: At t=-0.030613960489069218, dt was forced below floating point epsilon 3.469446951953614e-18, and step error estimate = 1.0223220768426027. Aborting. There is either an error in your model specification or the true solution is unstable (or the true solution can not be represented in the precision of Float64).
└ @ SciMLBase ~/.julia/packages/SciMLBase/VW1cI/src/integrator_interface.jl:623
┌ Warning: At t=-0.35975328307995064, dt was forced below floating point epsilon 5.551115123125783e-17, and step error estimate = 1.0455043221779827. Aborting. There is either an error in your model specification or the true solution is unstable (or the true solution can not be represented in the precision of Float64).
└ @ SciMLBase ~/.julia/packages/SciMLBase/VW1cI/src/integrator_interface.jl:623
┌ Warning: At t=-0.6319999905988963, dt was forced below floating point epsilon 1.1102230246251565e-16, and step error estimate = NaN. Aborting. There is either an error in your model specification or the true solution is unstable (or the true solution can not be represented in the precision of Float64).
└ @ SciMLBase ~/.julia/packages/SciMLBase/VW1cI/src/integrator_interface.jl:623
┌ Warning: At t=-1.0, dt was forced below floating point epsilon 2.220446049250313e-16, and step error estimate = 7.331940181397256. Aborting. There is either an error in your model specification or the true solution is unstable (or the true solution can not be represented in the precision of Float64).
└ @ SciMLBase ~/.julia/packages/SciMLBase/VW1cI/src/integrator_interface.jl:623
┌ Warning: At t=-0.6319999972269063, dt was forced below floating point epsilon 1.1102230246251565e-16, and step error estimate = NaN. Aborting. There is either an error in your model specification or the true solution is unstable (or the true solution can not be represented in the precision of Float64).
└ @ SciMLBase ~/.julia/packages/SciMLBase/VW1cI/src/integrator_interface.jl:623
┌ Warning: At t=0.24639169579805695, dt was forced below floating point epsilon 2.7755575615628914e-17, and step error estimate = 1.0424296615036706. Aborting. There is either an error in your model specification or the true solution is unstable (or the true solution can not be represented in the precision of Float64).
└ @ SciMLBase ~/.julia/packages/SciMLBase/VW1cI/src/integrator_interface.jl:623
┌ Warning: At t=-0.8489865081935032, dt was forced below floating point epsilon 1.1102230246251565e-16, and step error estimate = 1.361540151655372. Aborting. There is either an error in your model specification or the true solution is unstable (or the true solution can not be represented in the precision of Float64).
└ @ SciMLBase ~/.julia/packages/SciMLBase/VW1cI/src/integrator_interface.jl:623
┌ Warning: At t=-0.28903791420376773, dt was forced below floating point epsilon 5.551115123125783e-17, and step error estimate = 1.0443914137993355. Aborting. There is either an error in your model specification or the true solution is unstable (or the true solution can not be represented in the precision of Float64).
└ @ SciMLBase ~/.julia/packages/SciMLBase/VW1cI/src/integrator_interface.jl:623
┌ Warning: At t=-0.943819634361459, dt was forced below floating point epsilon 1.1102230246251565e-16, and step error estimate = 1.3560814921535524. Aborting. There is either an error in your model specification or the true solution is unstable (or the true solution can not be represented in the precision of Float64).
└ @ SciMLBase ~/.julia/packages/SciMLBase/VW1cI/src/integrator_interface.jl:623
┌ Warning: At t=-1.0, dt was forced below floating point epsilon 2.220446049250313e-16, and step error estimate = 7.304861878027159. Aborting. There is either an error in your model specification or the true solution is unstable (or the true solution can not be represented in the precision of Float64).
└ @ SciMLBase ~/.julia/packages/SciMLBase/VW1cI/src/integrator_interface.jl:623
┌ Warning: At t=-1.0, dt was forced below floating point epsilon 2.220446049250313e-16, and step error estimate = 7.386659335490738. Aborting. There is either an error in your model specification or the true solution is unstable (or the true solution can not be represented in the precision of Float64).
└ @ SciMLBase ~/.julia/packages/SciMLBase/VW1cI/src/integrator_interface.jl:623
┌ Warning: Interrupted. Larger maxiters is needed. If you are using an integrator for non-stiff ODEs or an automatic switching algorithm (the default), you may want to consider using a method for stiff equations. See the solver pages for more details (e.g. https://docs.sciml.ai/DiffEqDocs/stable/solvers/ode_solve/#Stiff-Problems).
└ @ SciMLBase ~/.julia/packages/SciMLBase/VW1cI/src/integrator_interface.jl:589
┌ Warning: At t=-0.8450401564132618, dt was forced below floating point epsilon 1.1102230246251565e-16, and step error estimate = NaN. Aborting. There is either an error in your model specification or the true solution is unstable (or the true solution can not be represented in the precision of Float64).
└ @ SciMLBase ~/.julia/packages/SciMLBase/VW1cI/src/integrator_interface.jl:623
┌ Warning: At t=-0.8424417852739842, dt was forced below floating point epsilon 1.1102230246251565e-16, and step error estimate = NaN. Aborting. There is either an error in your model specification or the true solution is unstable (or the true solution can not be represented in the precision of Float64).
└ @ SciMLBase ~/.julia/packages/SciMLBase/VW1cI/src/integrator_interface.jl:623
┌ Warning: At t=-0.4678372161912126, dt was forced below floating point epsilon 5.551115123125783e-17, and step error estimate = 1.0786053201193109. Aborting. There is either an error in your model specification or the true solution is unstable (or the true solution can not be represented in the precision of Float64).
└ @ SciMLBase ~/.julia/packages/SciMLBase/VW1cI/src/integrator_interface.jl:623
┌ Warning: At t=-0.63199999100121, dt was forced below floating point epsilon 1.1102230246251565e-16, and step error estimate = NaN. Aborting. There is either an error in your model specification or the true solution is unstable (or the true solution can not be represented in the precision of Float64).
└ @ SciMLBase ~/.julia/packages/SciMLBase/VW1cI/src/integrator_interface.jl:623
┌ Warning: At t=-1.0, dt was forced below floating point epsilon 2.220446049250313e-16, and step error estimate = 7.110288356743129. Aborting. There is either an error in your model specification or the true solution is unstable (or the true solution can not be represented in the precision of Float64).
└ @ SciMLBase ~/.julia/packages/SciMLBase/VW1cI/src/integrator_interface.jl:623
┌ Warning: At t=-1.0, dt was forced below floating point epsilon 2.220446049250313e-16, and step error estimate = 7.110288356743129. Aborting. There is either an error in your model specification or the true solution is unstable (or the true solution can not be represented in the precision of Float64).
└ @ SciMLBase ~/.julia/packages/SciMLBase/VW1cI/src/integrator_interface.jl:623
┌ Warning: At t=-0.27374528014148586, dt was forced below floating point epsilon 5.551115123125783e-17, and step error estimate = 1.014223884219915. Aborting. There is either an error in your model specification or the true solution is unstable (or the true solution can not be represented in the precision of Float64).
└ @ SciMLBase ~/.julia/packages/SciMLBase/VW1cI/src/integrator_interface.jl:623
┌ Warning: At t=-0.9996601096027454, dt was forced below floating point epsilon 1.1102230246251565e-16, and step error estimate = 1.9411203057121862. Aborting. There is either an error in your model specification or the true solution is unstable (or the true solution can not be represented in the precision of Float64).
└ @ SciMLBase ~/.julia/packages/SciMLBase/VW1cI/src/integrator_interface.jl:623
┌ Warning: At t=-0.8419310912079457, dt was forced below floating point epsilon 1.1102230246251565e-16, and step error estimate = NaN. Aborting. There is either an error in your model specification or the true solution is unstable (or the true solution can not be represented in the precision of Float64).
└ @ SciMLBase ~/.julia/packages/SciMLBase/VW1cI/src/integrator_interface.jl:623
┌ Warning: At t=-0.6319997197913789, dt was forced below floating point epsilon 1.1102230246251565e-16, and step error estimate = NaN. Aborting. There is either an error in your model specification or the true solution is unstable (or the true solution can not be represented in the precision of Float64).
└ @ SciMLBase ~/.julia/packages/SciMLBase/VW1cI/src/integrator_interface.jl:623
┌ Warning: At t=-0.8713249957287115, dt was forced below floating point epsilon 1.1102230246251565e-16, and step error estimate = 1.2513391728101304. Aborting. There is either an error in your model specification or the true solution is unstable (or the true solution can not be represented in the precision of Float64).
└ @ SciMLBase ~/.julia/packages/SciMLBase/VW1cI/src/integrator_interface.jl:623
┌ Warning: At t=-0.7386786683736148, dt was forced below floating point epsilon 1.1102230246251565e-16, and step error estimate = NaN. Aborting. There is either an error in your model specification or the true solution is unstable (or the true solution can not be represented in the precision of Float64).
└ @ SciMLBase ~/.julia/packages/SciMLBase/VW1cI/src/integrator_interface.jl:623
┌ Warning: At t=-1.0, dt was forced below floating point epsilon 2.220446049250313e-16, and step error estimate = 7.389354360511909. Aborting. There is either an error in your model specification or the true solution is unstable (or the true solution can not be represented in the precision of Float64).
└ @ SciMLBase ~/.julia/packages/SciMLBase/VW1cI/src/integrator_interface.jl:623
┌ Warning: At t=0.5993210417590042, dt was forced below floating point epsilon 1.1102230246251565e-16, and step error estimate = 1.2311534544694749. Aborting. There is either an error in your model specification or the true solution is unstable (or the true solution can not be represented in the precision of Float64).
└ @ SciMLBase ~/.julia/packages/SciMLBase/VW1cI/src/integrator_interface.jl:623
┌ Warning: At t=0.9740765533924367, dt was forced below floating point epsilon 1.1102230246251565e-16, and step error estimate = NaN. Aborting. There is either an error in your model specification or the true solution is unstable (or the true solution can not be represented in the precision of Float64).
└ @ SciMLBase ~/.julia/packages/SciMLBase/VW1cI/src/integrator_interface.jl:623
┌ Warning: At t=-0.9988760782642251, dt was forced below floating point epsilon 1.1102230246251565e-16, and step error estimate = NaN. Aborting. There is either an error in your model specification or the true solution is unstable (or the true solution can not be represented in the precision of Float64).
└ @ SciMLBase ~/.julia/packages/SciMLBase/VW1cI/src/integrator_interface.jl:623
┌ Warning: At t=-0.6319999922366005, dt was forced below floating point epsilon 1.1102230246251565e-16, and step error estimate = NaN. Aborting. There is either an error in your model specification or the true solution is unstable (or the true solution can not be represented in the precision of Float64).
└ @ SciMLBase ~/.julia/packages/SciMLBase/VW1cI/src/integrator_interface.jl:623
┌ Warning: At t=-0.3597532830803664, dt was forced below floating point epsilon 5.551115123125783e-17, and step error estimate = 1.1095829278047988. Aborting. There is either an error in your model specification or the true solution is unstable (or the true solution can not be represented in the precision of Float64).
└ @ SciMLBase ~/.julia/packages/SciMLBase/VW1cI/src/integrator_interface.jl:623
┌ Warning: At t=-0.6319848027482564, dt was forced below floating point epsilon 1.1102230246251565e-16, and step error estimate = 1.5064527894546196. Aborting. There is either an error in your model specification or the true solution is unstable (or the true solution can not be represented in the precision of Float64).
└ @ SciMLBase ~/.julia/packages/SciMLBase/VW1cI/src/integrator_interface.jl:623
┌ Warning: At t=-1.0, dt was forced below floating point epsilon 2.220446049250313e-16, and step error estimate = 7.400732934716991. Aborting. There is either an error in your model specification or the true solution is unstable (or the true solution can not be represented in the precision of Float64).
└ @ SciMLBase ~/.julia/packages/SciMLBase/VW1cI/src/integrator_interface.jl:623
┌ Warning: At t=-0.5566081218739661, dt was forced below floating point epsilon 1.1102230246251565e-16, and step error estimate = 1.1344422974171922. Aborting. There is either an error in your model specification or the true solution is unstable (or the true solution can not be represented in the precision of Float64).
└ @ SciMLBase ~/.julia/packages/SciMLBase/VW1cI/src/integrator_interface.jl:623
┌ Warning: At t=-0.9717417002278705, dt was forced below floating point epsilon 1.1102230246251565e-16, and step error estimate = 105.67789485049371. Aborting. There is either an error in your model specification or the true solution is unstable (or the true solution can not be represented in the precision of Float64).
└ @ SciMLBase ~/.julia/packages/SciMLBase/VW1cI/src/integrator_interface.jl:623
┌ Warning: At t=-1.0, dt was forced below floating point epsilon 2.220446049250313e-16, and step error estimate = 7.421005699029233. Aborting. There is either an error in your model specification or the true solution is unstable (or the true solution can not be represented in the precision of Float64).
└ @ SciMLBase ~/.julia/packages/SciMLBase/VW1cI/src/integrator_interface.jl:623
┌ Warning: At t=-1.0, dt was forced below floating point epsilon 2.220446049250313e-16, and step error estimate = 7.14134692367749. Aborting. There is either an error in your model specification or the true solution is unstable (or the true solution can not be represented in the precision of Float64).
└ @ SciMLBase ~/.julia/packages/SciMLBase/VW1cI/src/integrator_interface.jl:623
┌ Warning: At t=-0.6249098233085881, dt was forced below floating point epsilon 1.1102230246251565e-16, and step error estimate = 1.1146967695477579. Aborting. There is either an error in your model specification or the true solution is unstable (or the true solution can not be represented in the precision of Float64).
└ @ SciMLBase ~/.julia/packages/SciMLBase/VW1cI/src/integrator_interface.jl:623
┌ Warning: At t=-0.9993074136418617, dt was forced below floating point epsilon 1.1102230246251565e-16, and step error estimate = 9.667386287722817. Aborting. There is either an error in your model specification or the true solution is unstable (or the true solution can not be represented in the precision of Float64).
└ @ SciMLBase ~/.julia/packages/SciMLBase/VW1cI/src/integrator_interface.jl:623
┌ Warning: At t=0.11183761414340386, dt was forced below floating point epsilon 1.3877787807814457e-17, and step error estimate = NaN. Aborting. There is either an error in your model specification or the true solution is unstable (or the true solution can not be represented in the precision of Float64).
└ @ SciMLBase ~/.julia/packages/SciMLBase/VW1cI/src/integrator_interface.jl:623
┌ Warning: Interrupted. Larger maxiters is needed. If you are using an integrator for non-stiff ODEs or an automatic switching algorithm (the default), you may want to consider using a method for stiff equations. See the solver pages for more details (e.g. https://docs.sciml.ai/DiffEqDocs/stable/solvers/ode_solve/#Stiff-Problems).
└ @ SciMLBase ~/.julia/packages/SciMLBase/VW1cI/src/integrator_interface.jl:589
┌ Warning: At t=-1.0, dt was forced below floating point epsilon 2.220446049250313e-16, and step error estimate = 7.110780733533965. Aborting. There is either an error in your model specification or the true solution is unstable (or the true solution can not be represented in the precision of Float64).
└ @ SciMLBase ~/.julia/packages/SciMLBase/VW1cI/src/integrator_interface.jl:623
┌ Warning: At t=-0.5709401364137103, dt was forced below floating point epsilon 1.1102230246251565e-16, and step error estimate = 1.128830416353515. Aborting. There is either an error in your model specification or the true solution is unstable (or the true solution can not be represented in the precision of Float64).
└ @ SciMLBase ~/.julia/packages/SciMLBase/VW1cI/src/integrator_interface.jl:623
┌ Warning: At t=0.7772640156745992, dt was forced below floating point epsilon 1.1102230246251565e-16, and step error estimate = 291.19559587231805. Aborting. There is either an error in your model specification or the true solution is unstable (or the true solution can not be represented in the precision of Float64).
└ @ SciMLBase ~/.julia/packages/SciMLBase/VW1cI/src/integrator_interface.jl:623
┌ Warning: At t=-0.5193982950753113, dt was forced below floating point epsilon 1.1102230246251565e-16, and step error estimate = 358.0348301338749. Aborting. There is either an error in your model specification or the true solution is unstable (or the true solution can not be represented in the precision of Float64).
└ @ SciMLBase ~/.julia/packages/SciMLBase/VW1cI/src/integrator_interface.jl:623
┌ Warning: At t=-0.6319999977097022, dt was forced below floating point epsilon 1.1102230246251565e-16, and step error estimate = NaN. Aborting. There is either an error in your model specification or the true solution is unstable (or the true solution can not be represented in the precision of Float64).
└ @ SciMLBase ~/.julia/packages/SciMLBase/VW1cI/src/integrator_interface.jl:623
┌ Warning: At t=-0.6319992831863664, dt was forced below floating point epsilon 1.1102230246251565e-16, and step error estimate = NaN. Aborting. There is either an error in your model specification or the true solution is unstable (or the true solution can not be represented in the precision of Float64).
└ @ SciMLBase ~/.julia/packages/SciMLBase/VW1cI/src/integrator_interface.jl:623
┌ Warning: At t=-0.5766540630165395, dt was forced below floating point epsilon 1.1102230246251565e-16, and step error estimate = 1.025246578634855. Aborting. There is either an error in your model specification or the true solution is unstable (or the true solution can not be represented in the precision of Float64).
└ @ SciMLBase ~/.julia/packages/SciMLBase/VW1cI/src/integrator_interface.jl:623
┌ Warning: At t=-0.995062041652566, dt was forced below floating point epsilon 1.1102230246251565e-16, and step error estimate = 323.6088325866143. Aborting. There is either an error in your model specification or the true solution is unstable (or the true solution can not be represented in the precision of Float64).
└ @ SciMLBase ~/.julia/packages/SciMLBase/VW1cI/src/integrator_interface.jl:623
┌ Warning: At t=-0.631999998664707, dt was forced below floating point epsilon 1.1102230246251565e-16, and step error estimate = NaN. Aborting. There is either an error in your model specification or the true solution is unstable (or the true solution can not be represented in the precision of Float64).
└ @ SciMLBase ~/.julia/packages/SciMLBase/VW1cI/src/integrator_interface.jl:623
┌ Warning: At t=-0.9176539899549087, dt was forced below floating point epsilon 1.1102230246251565e-16, and step error estimate = 1.228544427183611. Aborting. There is either an error in your model specification or the true solution is unstable (or the true solution can not be represented in the precision of Float64).
└ @ SciMLBase ~/.julia/packages/SciMLBase/VW1cI/src/integrator_interface.jl:623
┌ Warning: At t=-0.8255600744743943, dt was forced below floating point epsilon 1.1102230246251565e-16, and step error estimate = NaN. Aborting. There is either an error in your model specification or the true solution is unstable (or the true solution can not be represented in the precision of Float64).
└ @ SciMLBase ~/.julia/packages/SciMLBase/VW1cI/src/integrator_interface.jl:623
┌ Warning: At t=-0.980089558345672, dt was forced below floating point epsilon 1.1102230246251565e-16, and step error estimate = NaN. Aborting. There is either an error in your model specification or the true solution is unstable (or the true solution can not be represented in the precision of Float64).
└ @ SciMLBase ~/.julia/packages/SciMLBase/VW1cI/src/integrator_interface.jl:623
┌ Warning: At t=-0.22868589285143334, dt was forced below floating point epsilon 2.7755575615628914e-17, and step error estimate = 1.3656109264429375. Aborting. There is either an error in your model specification or the true solution is unstable (or the true solution can not be represented in the precision of Float64).
└ @ SciMLBase ~/.julia/packages/SciMLBase/VW1cI/src/integrator_interface.jl:623
┌ Warning: At t=-0.49564407760910517, dt was forced below floating point epsilon 5.551115123125783e-17, and step error estimate = 1.0482471435362577. Aborting. There is either an error in your model specification or the true solution is unstable (or the true solution can not be represented in the precision of Float64).
└ @ SciMLBase ~/.julia/packages/SciMLBase/VW1cI/src/integrator_interface.jl:623
┌ Warning: At t=-0.1173338315189812, dt was forced below floating point epsilon 1.3877787807814457e-17, and step error estimate = 1.2349529163023651. Aborting. There is either an error in your model specification or the true solution is unstable (or the true solution can not be represented in the precision of Float64).
└ @ SciMLBase ~/.julia/packages/SciMLBase/VW1cI/src/integrator_interface.jl:623
┌ Warning: At t=-0.6319993130017669, dt was forced below floating point epsilon 1.1102230246251565e-16, and step error estimate = NaN. Aborting. There is either an error in your model specification or the true solution is unstable (or the true solution can not be represented in the precision of Float64).
└ @ SciMLBase ~/.julia/packages/SciMLBase/VW1cI/src/integrator_interface.jl:623
┌ Warning: At t=-1.0, dt was forced below floating point epsilon 2.220446049250313e-16, and step error estimate = 7.264400536068287. Aborting. There is either an error in your model specification or the true solution is unstable (or the true solution can not be represented in the precision of Float64).
└ @ SciMLBase ~/.julia/packages/SciMLBase/VW1cI/src/integrator_interface.jl:623
┌ Warning: At t=-0.9452892338929142, dt was forced below floating point epsilon 1.1102230246251565e-16, and step error estimate = NaN. Aborting. There is either an error in your model specification or the true solution is unstable (or the true solution can not be represented in the precision of Float64).
└ @ SciMLBase ~/.julia/packages/SciMLBase/VW1cI/src/integrator_interface.jl:623
┌ Warning: At t=-0.8550686008496374, dt was forced below floating point epsilon 1.1102230246251565e-16, and step error estimate = 1.1290696672790954. Aborting. There is either an error in your model specification or the true solution is unstable (or the true solution can not be represented in the precision of Float64).
└ @ SciMLBase ~/.julia/packages/SciMLBase/VW1cI/src/integrator_interface.jl:623
┌ Warning: At t=-0.6319999475694447, dt was forced below floating point epsilon 1.1102230246251565e-16, and step error estimate = NaN. Aborting. There is either an error in your model specification or the true solution is unstable (or the true solution can not be represented in the precision of Float64).
└ @ SciMLBase ~/.julia/packages/SciMLBase/VW1cI/src/integrator_interface.jl:623
┌ Warning: At t=-0.9971225204235662, dt was forced below floating point epsilon 1.1102230246251565e-16, and step error estimate = 5354.5400964665505. Aborting. There is either an error in your model specification or the true solution is unstable (or the true solution can not be represented in the precision of Float64).
└ @ SciMLBase ~/.julia/packages/SciMLBase/VW1cI/src/integrator_interface.jl:623
┌ Warning: At t=-0.056648889455137436, dt was forced below floating point epsilon 6.938893903907228e-18, and step error estimate = 14.657370954779449. Aborting. There is either an error in your model specification or the true solution is unstable (or the true solution can not be represented in the precision of Float64).
└ @ SciMLBase ~/.julia/packages/SciMLBase/VW1cI/src/integrator_interface.jl:623
┌ Warning: At t=-0.6045275395751752, dt was forced below floating point epsilon 1.1102230246251565e-16, and step error estimate = NaN. Aborting. There is either an error in your model specification or the true solution is unstable (or the true solution can not be represented in the precision of Float64).
└ @ SciMLBase ~/.julia/packages/SciMLBase/VW1cI/src/integrator_interface.jl:623
┌ Warning: At t=-0.8957195294910887, dt was forced below floating point epsilon 1.1102230246251565e-16, and step error estimate = NaN. Aborting. There is either an error in your model specification or the true solution is unstable (or the true solution can not be represented in the precision of Float64).
└ @ SciMLBase ~/.julia/packages/SciMLBase/VW1cI/src/integrator_interface.jl:623
┌ Warning: At t=-1.0, dt was forced below floating point epsilon 2.220446049250313e-16, and step error estimate = 7.272560894581436. Aborting. There is either an error in your model specification or the true solution is unstable (or the true solution can not be represented in the precision of Float64).
└ @ SciMLBase ~/.julia/packages/SciMLBase/VW1cI/src/integrator_interface.jl:623
┌ Warning: At t=-1.0, dt was forced below floating point epsilon 2.220446049250313e-16, and step error estimate = 7.218020715845323. Aborting. There is either an error in your model specification or the true solution is unstable (or the true solution can not be represented in the precision of Float64).
└ @ SciMLBase ~/.julia/packages/SciMLBase/VW1cI/src/integrator_interface.jl:623
┌ Warning: At t=-0.9213348561536869, dt was forced below floating point epsilon 1.1102230246251565e-16, and step error estimate = 1.0932028332719232. Aborting. There is either an error in your model specification or the true solution is unstable (or the true solution can not be represented in the precision of Float64).
└ @ SciMLBase ~/.julia/packages/SciMLBase/VW1cI/src/integrator_interface.jl:623
┌ Warning: At t=-0.9716469568873347, dt was forced below floating point epsilon 1.1102230246251565e-16, and step error estimate = 1.3085884658613844. Aborting. There is either an error in your model specification or the true solution is unstable (or the true solution can not be represented in the precision of Float64).
└ @ SciMLBase ~/.julia/packages/SciMLBase/VW1cI/src/integrator_interface.jl:623
┌ Warning: At t=-1.0, dt was forced below floating point epsilon 2.220446049250313e-16, and step error estimate = NaN. Aborting. There is either an error in your model specification or the true solution is unstable (or the true solution can not be represented in the precision of Float64).
└ @ SciMLBase ~/.julia/packages/SciMLBase/VW1cI/src/integrator_interface.jl:623
┌ Warning: At t=-0.5621062718660197, dt was forced below floating point epsilon 1.1102230246251565e-16, and step error estimate = 1.0211873707566925. Aborting. There is either an error in your model specification or the true solution is unstable (or the true solution can not be represented in the precision of Float64).
└ @ SciMLBase ~/.julia/packages/SciMLBase/VW1cI/src/integrator_interface.jl:623
┌ Warning: At t=-0.6141096653580114, dt was forced below floating point epsilon 1.1102230246251565e-16, and step error estimate = 1.1556669667948278. Aborting. There is either an error in your model specification or the true solution is unstable (or the true solution can not be represented in the precision of Float64).
└ @ SciMLBase ~/.julia/packages/SciMLBase/VW1cI/src/integrator_interface.jl:623
┌ Warning: At t=-1.0, dt was forced below floating point epsilon 2.220446049250313e-16, and step error estimate = 7.116848227726508. Aborting. There is either an error in your model specification or the true solution is unstable (or the true solution can not be represented in the precision of Float64).
└ @ SciMLBase ~/.julia/packages/SciMLBase/VW1cI/src/integrator_interface.jl:623
┌ Warning: At t=-1.0, dt was forced below floating point epsilon 2.220446049250313e-16, and step error estimate = 7.218020715845323. Aborting. There is either an error in your model specification or the true solution is unstable (or the true solution can not be represented in the precision of Float64).
└ @ SciMLBase ~/.julia/packages/SciMLBase/VW1cI/src/integrator_interface.jl:623
┌ Warning: At t=-0.6319999953991465, dt was forced below floating point epsilon 1.1102230246251565e-16, and step error estimate = NaN. Aborting. There is either an error in your model specification or the true solution is unstable (or the true solution can not be represented in the precision of Float64).
└ @ SciMLBase ~/.julia/packages/SciMLBase/VW1cI/src/integrator_interface.jl:623
┌ Warning: At t=-0.6319999905988963, dt was forced below floating point epsilon 1.1102230246251565e-16, and step error estimate = NaN. Aborting. There is either an error in your model specification or the true solution is unstable (or the true solution can not be represented in the precision of Float64).
└ @ SciMLBase ~/.julia/packages/SciMLBase/VW1cI/src/integrator_interface.jl:623
┌ Warning: At t=0.277646859032618, dt was forced below floating point epsilon 5.551115123125783e-17, and step error estimate = NaN. Aborting. There is either an error in your model specification or the true solution is unstable (or the true solution can not be represented in the precision of Float64).
└ @ SciMLBase ~/.julia/packages/SciMLBase/VW1cI/src/integrator_interface.jl:623
┌ Warning: At t=-0.4287715943103413, dt was forced below floating point epsilon 5.551115123125783e-17, and step error estimate = 1.2536405179134367. Aborting. There is either an error in your model specification or the true solution is unstable (or the true solution can not be represented in the precision of Float64).
└ @ SciMLBase ~/.julia/packages/SciMLBase/VW1cI/src/integrator_interface.jl:623
┌ Warning: At t=-0.09018944289877084, dt was forced below floating point epsilon 1.3877787807814457e-17, and step error estimate = 1.2810653778143382. Aborting. There is either an error in your model specification or the true solution is unstable (or the true solution can not be represented in the precision of Float64).
└ @ SciMLBase ~/.julia/packages/SciMLBase/VW1cI/src/integrator_interface.jl:623
┌ Warning: At t=-0.6317320255126299, dt was forced below floating point epsilon 1.1102230246251565e-16, and step error estimate = 1.372236173335516. Aborting. There is either an error in your model specification or the true solution is unstable (or the true solution can not be represented in the precision of Float64).
└ @ SciMLBase ~/.julia/packages/SciMLBase/VW1cI/src/integrator_interface.jl:623
┌ Warning: At t=-0.6319862151159654, dt was forced below floating point epsilon 1.1102230246251565e-16, and step error estimate = NaN. Aborting. There is either an error in your model specification or the true solution is unstable (or the true solution can not be represented in the precision of Float64).
└ @ SciMLBase ~/.julia/packages/SciMLBase/VW1cI/src/integrator_interface.jl:623
┌ Warning: At t=-1.0, dt was forced below floating point epsilon 2.220446049250313e-16, and step error estimate = 7.3709989895352015. Aborting. There is either an error in your model specification or the true solution is unstable (or the true solution can not be represented in the precision of Float64).
└ @ SciMLBase ~/.julia/packages/SciMLBase/VW1cI/src/integrator_interface.jl:623
┌ Warning: At t=-0.7364247121770277, dt was forced below floating point epsilon 1.1102230246251565e-16, and step error estimate = 1.046011632636214. Aborting. There is either an error in your model specification or the true solution is unstable (or the true solution can not be represented in the precision of Float64).
└ @ SciMLBase ~/.julia/packages/SciMLBase/VW1cI/src/integrator_interface.jl:623
┌ Warning: At t=-0.8788376146260098, dt was forced below floating point epsilon 1.1102230246251565e-16, and step error estimate = 1.1034349749679415. Aborting. There is either an error in your model specification or the true solution is unstable (or the true solution can not be represented in the precision of Float64).
└ @ SciMLBase ~/.julia/packages/SciMLBase/VW1cI/src/integrator_interface.jl:623
┌ Warning: At t=-0.9847262686357511, dt was forced below floating point epsilon 1.1102230246251565e-16, and step error estimate = NaN. Aborting. There is either an error in your model specification or the true solution is unstable (or the true solution can not be represented in the precision of Float64).
└ @ SciMLBase ~/.julia/packages/SciMLBase/VW1cI/src/integrator_interface.jl:623
┌ Warning: At t=-0.8430653426689081, dt was forced below floating point epsilon 1.1102230246251565e-16, and step error estimate = 1.0468279158511378. Aborting. There is either an error in your model specification or the true solution is unstable (or the true solution can not be represented in the precision of Float64).
└ @ SciMLBase ~/.julia/packages/SciMLBase/VW1cI/src/integrator_interface.jl:623
┌ Warning: At t=-0.5416393070957343, dt was forced below floating point epsilon 1.1102230246251565e-16, and step error estimate = 1.1096040939838763. Aborting. There is either an error in your model specification or the true solution is unstable (or the true solution can not be represented in the precision of Float64).
└ @ SciMLBase ~/.julia/packages/SciMLBase/VW1cI/src/integrator_interface.jl:623
┌ Warning: At t=-1.0, dt was forced below floating point epsilon 2.220446049250313e-16, and step error estimate = 7.125126467758544. Aborting. There is either an error in your model specification or the true solution is unstable (or the true solution can not be represented in the precision of Float64).
└ @ SciMLBase ~/.julia/packages/SciMLBase/VW1cI/src/integrator_interface.jl:623
┌ Warning: At t=-0.631999935421018, dt was forced below floating point epsilon 1.1102230246251565e-16, and step error estimate = NaN. Aborting. There is either an error in your model specification or the true solution is unstable (or the true solution can not be represented in the precision of Float64).
└ @ SciMLBase ~/.julia/packages/SciMLBase/VW1cI/src/integrator_interface.jl:623
┌ Warning: At t=-0.6319999989667379, dt was forced below floating point epsilon 1.1102230246251565e-16, and step error estimate = NaN. Aborting. There is either an error in your model specification or the true solution is unstable (or the true solution can not be represented in the precision of Float64).
└ @ SciMLBase ~/.julia/packages/SciMLBase/VW1cI/src/integrator_interface.jl:623
┌ Warning: At t=-0.6491548619928138, dt was forced below floating point epsilon 1.1102230246251565e-16, and step error estimate = NaN. Aborting. There is either an error in your model specification or the true solution is unstable (or the true solution can not be represented in the precision of Float64).
└ @ SciMLBase ~/.julia/packages/SciMLBase/VW1cI/src/integrator_interface.jl:623
┌ Warning: At t=-0.01333121644318237, dt was forced below floating point epsilon 1.734723475976807e-18, and step error estimate = 1.0378818968233103. Aborting. There is either an error in your model specification or the true solution is unstable (or the true solution can not be represented in the precision of Float64).
└ @ SciMLBase ~/.julia/packages/SciMLBase/VW1cI/src/integrator_interface.jl:623
┌ Warning: At t=0.48743222058073227, dt was forced below floating point epsilon 5.551115123125783e-17, and step error estimate = 137.96144654675183. Aborting. There is either an error in your model specification or the true solution is unstable (or the true solution can not be represented in the precision of Float64).
└ @ SciMLBase ~/.julia/packages/SciMLBase/VW1cI/src/integrator_interface.jl:623
┌ Warning: At t=-0.995062041652566, dt was forced below floating point epsilon 1.1102230246251565e-16, and step error estimate = 323.6088325866143. Aborting. There is either an error in your model specification or the true solution is unstable (or the true solution can not be represented in the precision of Float64).
└ @ SciMLBase ~/.julia/packages/SciMLBase/VW1cI/src/integrator_interface.jl:623
┌ Warning: At t=-1.0, dt was forced below floating point epsilon 2.220446049250313e-16, and step error estimate = 7.344253417011427. Aborting. There is either an error in your model specification or the true solution is unstable (or the true solution can not be represented in the precision of Float64).
└ @ SciMLBase ~/.julia/packages/SciMLBase/VW1cI/src/integrator_interface.jl:623
┌ Warning: At t=-0.6598085430759507, dt was forced below floating point epsilon 1.1102230246251565e-16, and step error estimate = NaN. Aborting. There is either an error in your model specification or the true solution is unstable (or the true solution can not be represented in the precision of Float64).
└ @ SciMLBase ~/.julia/packages/SciMLBase/VW1cI/src/integrator_interface.jl:623
┌ Warning: At t=-0.8674196045980008, dt was forced below floating point epsilon 1.1102230246251565e-16, and step error estimate = 2.270379388830568. Aborting. There is either an error in your model specification or the true solution is unstable (or the true solution can not be represented in the precision of Float64).
└ @ SciMLBase ~/.julia/packages/SciMLBase/VW1cI/src/integrator_interface.jl:623
┌ Warning: At t=-0.8788376146260098, dt was forced below floating point epsilon 1.1102230246251565e-16, and step error estimate = 1.1034349749679415. Aborting. There is either an error in your model specification or the true solution is unstable (or the true solution can not be represented in the precision of Float64).
└ @ SciMLBase ~/.julia/packages/SciMLBase/VW1cI/src/integrator_interface.jl:623
Optimization improved residual by 0.00500273265143159 (from 0.005002732651494676 to 6.308545510327185e-14)
Optimization improved residual by 0.03166020725389436 (from 0.03166020725391797 to 2.3615059427140606e-14)
Optimization improved residual by 0.0004753412729426984 (from 0.0004753412730827872 to 1.4008879450966373e-13)
Optimization improved residual by 0.22633334794713572 (from 0.22633334794721346 to 7.775129744054009e-14)
Optimization improved residual by 0.5979287415915928 (from 0.5979287415916077 to 1.4825734777010387e-14)
Optimization improved residual by 0.0032394724381019763 (from 0.0032394724382234473 to 1.214711754286401e-13)
Optimization improved residual by 0.0006732888728027553 (from 0.0006732888728899724 to 8.721712105498655e-14)
Optimization did not improve residual (initial: 2.1893612605423642e-17, final: 2.1893612605423642e-17)
Optimization improved residual by 0.025298331486802533 (from 0.02529833148685772 to 5.5188314291073654e-14)
Optimization improved residual by 0.07805079376955366 (from 0.07805079376960328 to 4.9617276563692095e-14)
Optimization improved residual by 2.860016285471517e-14 (from 8.552489397882471e-13 to 8.26648776933532e-13)
Optimization improved residual by 6.811581276900255e-5 (from 6.811581313186648e-5 to 3.6286392442140693e-13)
Optimization improved residual by 0.003010701279055203 (from 0.0030107012793484295 to 2.932261963725513e-13)
Optimization improved residual by 0.0024828358067705003 (from 0.002482835807425757 to 6.552567853582848e-13)
Optimization improved residual by 0.017049206754867832 (from 0.017049206754897794 to 2.996188068825636e-14)
Optimization improved residual by 0.001150986690606917 (from 0.0011509866911485658 to 5.416488150026331e-13)
Optimization did not improve residual (initial: 1.6569460508792391e-18, final: 1.6569460508792391e-18)
Optimization improved residual by 0.007139406100621201 (from 0.007139406100848716 to 2.2751527713705365e-13)
Optimization improved residual by 0.0006294895462835935 (from 0.0006294895463393483 to 5.5754865907556284e-14)
Optimization did not improve residual (initial: 1.7233896569592848e-16, final: 1.7233896569592848e-16)
Optimization improved residual by 0.0074157408107947565 (from 0.007415740810836731 to 4.197398448965554e-14)
Optimization improved residual by 0.012592734851779315 (from 0.012592734852634737 to 8.554218115951731e-13)
Optimization improved residual by 5.338269232203705e-15 (from 5.6375438480455756e-15 to 2.992746158418708e-16)
Optimization did not improve residual (initial: 5.187810514772422e-14, final: 5.187810514772422e-14)
Optimization improved residual by 0.0012019935588962643 (from 0.0012019935597996142 to 9.033498782256638e-13)
Optimization improved residual by 0.0008969543196772197 (from 0.0008969543197138644 to 3.6644649768800505e-14)
Optimization improved residual by 0.0020496291308130686 (from 0.002049629131572849 to 7.597802986009694e-13)
Optimization improved residual by 0.0004441847882255856 (from 0.0004441847890996472 to 8.740616262855435e-13)
Optimization did not improve residual (initial: 5.692649573402108e-17, final: 5.692649573402108e-17)
Optimization improved residual by 0.001310875230377112 (from 0.0013108752304596388 to 8.252687931590022e-14)
Optimization improved residual by 0.9460165839326222 (from 0.9460165839326404 to 1.8216521649832894e-14)
Optimization improved residual by 6.946985394808707e-18 (from 4.7573692265910815e-15 to 4.750422241196273e-15)
Optimization improved residual by 0.007131256574656819 (from 0.007131256575398212 to 7.413918758182071e-13)
Optimization improved residual by 2.12193925581506e-5 (from 2.121939255836496e-5 to 2.143598519963754e-16)
Optimization improved residual by 0.0001812409626660058 (from 0.0001812409629847272 to 3.1872139118586973e-13)
Optimization improved residual by 0.0010717812832059836 (from 0.0010717812839945657 to 7.885820514371279e-13)
Optimization improved residual by 0.000675165119442983 (from 0.0006751651194471701 to 4.187119366704939e-15)
Optimization improved residual by 0.041842520936094446 (from 0.04184252093610909 to 1.4644009887220995e-14)
Optimization improved residual by 0.009046533293850864 (from 0.009046533293866125 to 1.5260326186786158e-14)
Optimization improved residual by 0.03166020725387475 (from 0.03166020725391797 to 4.3224022353609e-14)
Optimization improved residual by 0.0004230142056734498 (from 0.00042301420657433065 to 9.00880896522816e-13)
Optimization improved residual by 3.0956800794318255e-15 (from 3.578401289825646e-15 to 4.8272121039382e-16)
Optimization improved residual by 0.015855134358867755 (from 0.015855134358867845 to 8.931410802001323e-17)
Optimization improved residual by 0.009838184004943658 (from 0.009838184004961883 to 1.8225250900654996e-14)
Optimization did not improve residual (initial: 4.1961166662363e-15, final: 4.1961166662363e-15)
Optimization improved residual by 0.007139406100621201 (from 0.007139406100848716 to 2.2751527713705365e-13)
Optimization improved residual by 0.03180074852061871 (from 0.03180074852082444 to 2.0572811308817196e-13)
Optimization improved residual by 0.04697981764599523 (from 0.046979817646027565 to 3.233582435966571e-14)
Optimization improved residual by 0.0008044225242421936 (from 0.0008044225242618827 to 1.9689096777356244e-14)
Optimization improved residual by 0.041842520936094446 (from 0.04184252093610909 to 1.4644009887220995e-14)
Optimization improved residual by 0.0023495339674538657 (from 0.002349533967491921 to 3.8055427847905983e-14)
Optimization improved residual by 2.3741466673979152e-5 (from 2.3741466847008478e-5 to 1.7302932712929942e-13)
Optimization improved residual by 0.2263333479472117 (from 0.22633334794721346 to 1.7898562083406947e-15)
Optimization improved residual by 0.00015169713311154702 (from 0.0001516971331213232 to 9.776181737791925e-15)
Optimization improved residual by 0.01585513435874184 (from 0.015855134358867845 to 1.2600178248310714e-13)
Optimization improved residual by 0.00025498180673754026 (from 0.0002549818067972526 to 5.971230734517261e-14)
Optimization improved residual by 0.003960700509917338 (from 0.00396070051010592 to 1.885823180360514e-13)
Optimization improved residual by 0.002288505174903837 (from 0.0022885051750124383 to 1.0860100894252257e-13)
Optimization improved residual by 0.0010717812830173558 (from 0.0010717812839945657 to 9.7720981056172e-13)
Optimization improved residual by 0.0024828358074252053 (from 0.002482835807425757 to 5.518154431118504e-16)
Optimization improved residual by 0.004027784755115897 (from 0.004027784755420663 to 3.0476585084343463e-13)
Optimization improved residual by 0.009838184004690154 (from 0.009838184004961883 to 2.71729567137886e-13)
Optimization improved residual by 0.020212532755551006 (from 0.020212532755582782 to 3.177516714324134e-14)
Optimization improved residual by 0.05272133279058552 (from 0.05272133279077895 to 1.9342588800780126e-13)
Optimization did not improve residual (initial: 2.6588109509187767e-18, final: 2.6588109509187767e-18)
Optimization improved residual by 0.0026882759266500978 (from 0.0026882759266616853 to 1.1587645163400936e-14)
Optimization improved residual by 0.0030870221881012685 (from 0.0030870221884412774 to 3.4000901389318154e-13)
Optimization improved residual by 3.47227687118403e-5 (from 3.4722768799073527e-5 to 8.723322894539416e-14)
Optimization improved residual by 0.0013108752304012187 (from 0.0013108752304596383 to 5.84196665462447e-14)
Optimization improved residual by 0.005904597733171938 (from 0.005904597733563663 to 3.917252381598323e-13)
Optimization did not improve residual (initial: 5.419289632655436e-15, final: 5.419289632655436e-15)
Optimization did not improve residual (initial: 3.460600985462619e-15, final: 3.460600985462619e-15)
Optimization did not improve residual (initial: 8.99400253487567e-18, final: 8.99400253487567e-18)
Optimization improved residual by 0.08890507815825557 (from 0.08890507815848588 to 2.303077923462655e-13)
Optimization improved residual by 0.000639185959847267 (from 0.0006391859601080987 to 2.608317586925285e-13)
Optimization did not improve residual (initial: 4.879811650568227e-18, final: 4.879811650568227e-18)
Optimization improved residual by 0.02869763585790611 (from 0.028697635858062943 to 1.568317362979313e-13)
Optimization improved residual by 0.009838184004690154 (from 0.009838184004961883 to 2.71729567137886e-13)
Optimization improved residual by 0.003766150521659483 (from 0.003766150522014821 to 3.55337650887149e-13)




































































































































