┌ Warning: Optimization did not converge. RetCode: MaxIters
└ @ ODEParameterEstimation ~/ODEParameterEstimation/src/core/solvers/homotopy_continuation.jl:778
┌ Warning: Optimization did not converge. RetCode: MaxIters
└ @ ODEParameterEstimation ~/ODEParameterEstimation/src/core/solvers/homotopy_continuation.jl:778
┌ Warning: Optimization did not converge. RetCode: MaxIters
└ @ ODEParameterEstimation ~/ODEParameterEstimation/src/core/solvers/homotopy_continuation.jl:778
┌ Warning: Optimization did not converge. RetCode: MaxIters
└ @ ODEParameterEstimation ~/ODEParameterEstimation/src/core/solvers/homotopy_continuation.jl:778
┌ Warning: Optimization did not converge. RetCode: MaxIters
└ @ ODEParameterEstimation ~/ODEParameterEstimation/src/core/solvers/homotopy_continuation.jl:778
┌ Warning: Optimization did not converge. RetCode: MaxIters
└ @ ODEParameterEstimation ~/ODEParameterEstimation/src/core/solvers/homotopy_continuation.jl:778
┌ Warning: Optimization did not converge. RetCode: MaxIters
└ @ ODEParameterEstimation ~/ODEParameterEstimation/src/core/solvers/homotopy_continuation.jl:778
┌ Warning: Optimization did not converge. RetCode: MaxIters
└ @ ODEParameterEstimation ~/ODEParameterEstimation/src/core/solvers/homotopy_continuation.jl:778
┌ Warning: Optimization did not converge. RetCode: MaxIters
└ @ ODEParameterEstimation ~/ODEParameterEstimation/src/core/solvers/homotopy_continuation.jl:778
┌ Warning: Optimization did not converge. RetCode: Stalled
└ @ ODEParameterEstimation ~/ODEParameterEstimation/src/core/solvers/homotopy_continuation.jl:778
┌ Warning: Optimization did not converge. RetCode: MaxIters
└ @ ODEParameterEstimation ~/ODEParameterEstimation/src/core/solvers/homotopy_continuation.jl:778
┌ Warning: Optimization did not converge. RetCode: Stalled
└ @ ODEParameterEstimation ~/ODEParameterEstimation/src/core/solvers/homotopy_continuation.jl:778
┌ Warning: Optimization did not converge. RetCode: Stalled
└ @ ODEParameterEstimation ~/ODEParameterEstimation/src/core/solvers/homotopy_continuation.jl:778
┌ Warning: Optimization did not converge. RetCode: MaxIters
└ @ ODEParameterEstimation ~/ODEParameterEstimation/src/core/solvers/homotopy_continuation.jl:778
┌ Warning: Optimization did not converge. RetCode: MaxIters
└ @ ODEParameterEstimation ~/ODEParameterEstimation/src/core/solvers/homotopy_continuation.jl:778
┌ Warning: Optimization did not converge. RetCode: MaxIters
└ @ ODEParameterEstimation ~/ODEParameterEstimation/src/core/solvers/homotopy_continuation.jl:778
┌ Warning: Optimization did not converge. RetCode: MaxIters
└ @ ODEParameterEstimation ~/ODEParameterEstimation/src/core/solvers/homotopy_continuation.jl:778
┌ Warning: Optimization did not converge. RetCode: MaxIters
└ @ ODEParameterEstimation ~/ODEParameterEstimation/src/core/solvers/homotopy_continuation.jl:778
┌ Warning: Optimization did not converge. RetCode: Stalled
└ @ ODEParameterEstimation ~/ODEParameterEstimation/src/core/solvers/homotopy_continuation.jl:778
┌ Warning: Optimization did not converge. RetCode: Stalled
└ @ ODEParameterEstimation ~/ODEParameterEstimation/src/core/solvers/homotopy_continuation.jl:778
┌ Warning: Optimization did not converge. RetCode: MaxIters
└ @ ODEParameterEstimation ~/ODEParameterEstimation/src/core/solvers/homotopy_continuation.jl:778
┌ Warning: Optimization did not converge. RetCode: Stalled
└ @ ODEParameterEstimation ~/ODEParameterEstimation/src/core/solvers/homotopy_continuation.jl:778
┌ Warning: Optimization did not converge. RetCode: MaxIters
└ @ ODEParameterEstimation ~/ODEParameterEstimation/src/core/solvers/homotopy_continuation.jl:778
┌ Warning: Optimization did not converge. RetCode: MaxIters
└ @ ODEParameterEstimation ~/ODEParameterEstimation/src/core/solvers/homotopy_continuation.jl:778
┌ Warning: Optimization did not converge. RetCode: Stalled
└ @ ODEParameterEstimation ~/ODEParameterEstimation/src/core/solvers/homotopy_continuation.jl:778
┌ Warning: Optimization did not converge. RetCode: Stalled
└ @ ODEParameterEstimation ~/ODEParameterEstimation/src/core/solvers/homotopy_continuation.jl:778
┌ Warning: Optimization did not converge. RetCode: Stalled
└ @ ODEParameterEstimation ~/ODEParameterEstimation/src/core/solvers/homotopy_continuation.jl:778
┌ Warning: Optimization did not converge. RetCode: Stalled
└ @ ODEParameterEstimation ~/ODEParameterEstimation/src/core/solvers/homotopy_continuation.jl:778
┌ Warning: Optimization did not converge. RetCode: Stalled
└ @ ODEParameterEstimation ~/ODEParameterEstimation/src/core/solvers/homotopy_continuation.jl:778
┌ Warning: Optimization did not converge. RetCode: Stalled
└ @ ODEParameterEstimation ~/ODEParameterEstimation/src/core/solvers/homotopy_continuation.jl:778
┌ Warning: Optimization did not converge. RetCode: MaxIters
└ @ ODEParameterEstimation ~/ODEParameterEstimation/src/core/solvers/homotopy_continuation.jl:778
┌ Warning: Optimization did not converge. RetCode: Stalled
└ @ ODEParameterEstimation ~/ODEParameterEstimation/src/core/solvers/homotopy_continuation.jl:778
┌ Warning: Optimization did not converge. RetCode: MaxIters
└ @ ODEParameterEstimation ~/ODEParameterEstimation/src/core/solvers/homotopy_continuation.jl:778
┌ Warning: Optimization did not converge. RetCode: Stalled
└ @ ODEParameterEstimation ~/ODEParameterEstimation/src/core/solvers/homotopy_continuation.jl:778
┌ Warning: Optimization did not converge. RetCode: Stalled
└ @ ODEParameterEstimation ~/ODEParameterEstimation/src/core/solvers/homotopy_continuation.jl:778
┌ Warning: Optimization did not converge. RetCode: MaxIters
└ @ ODEParameterEstimation ~/ODEParameterEstimation/src/core/solvers/homotopy_continuation.jl:778
┌ Warning: Optimization did not converge. RetCode: MaxIters
└ @ ODEParameterEstimation ~/ODEParameterEstimation/src/core/solvers/homotopy_continuation.jl:778
┌ Warning: Optimization did not converge. RetCode: MaxIters
└ @ ODEParameterEstimation ~/ODEParameterEstimation/src/core/solvers/homotopy_continuation.jl:778
┌ Warning: Optimization did not converge. RetCode: Stalled
└ @ ODEParameterEstimation ~/ODEParameterEstimation/src/core/solvers/homotopy_continuation.jl:778
┌ Warning: Optimization did not converge. RetCode: Stalled
└ @ ODEParameterEstimation ~/ODEParameterEstimation/src/core/solvers/homotopy_continuation.jl:778
┌ Warning: Optimization did not converge. RetCode: MaxIters
└ @ ODEParameterEstimation ~/ODEParameterEstimation/src/core/solvers/homotopy_continuation.jl:778
┌ Warning: Optimization did not converge. RetCode: MaxIters
└ @ ODEParameterEstimation ~/ODEParameterEstimation/src/core/solvers/homotopy_continuation.jl:778
┌ Warning: Optimization did not converge. RetCode: MaxIters
└ @ ODEParameterEstimation ~/ODEParameterEstimation/src/core/solvers/homotopy_continuation.jl:778
┌ Warning: Optimization did not converge. RetCode: MaxIters
└ @ ODEParameterEstimation ~/ODEParameterEstimation/src/core/solvers/homotopy_continuation.jl:778
┌ Warning: Optimization did not converge. RetCode: Stalled
└ @ ODEParameterEstimation ~/ODEParameterEstimation/src/core/solvers/homotopy_continuation.jl:778
┌ Warning: Optimization did not converge. RetCode: Stalled
└ @ ODEParameterEstimation ~/ODEParameterEstimation/src/core/solvers/homotopy_continuation.jl:778
┌ Warning: Optimization did not converge. RetCode: MaxIters
└ @ ODEParameterEstimation ~/ODEParameterEstimation/src/core/solvers/homotopy_continuation.jl:778
┌ Warning: Optimization did not converge. RetCode: MaxIters
└ @ ODEParameterEstimation ~/ODEParameterEstimation/src/core/solvers/homotopy_continuation.jl:778
┌ Warning: Optimization did not converge. RetCode: Stalled
└ @ ODEParameterEstimation ~/ODEParameterEstimation/src/core/solvers/homotopy_continuation.jl:778
┌ Warning: Optimization did not converge. RetCode: Stalled
└ @ ODEParameterEstimation ~/ODEParameterEstimation/src/core/solvers/homotopy_continuation.jl:778
┌ Warning: Optimization did not converge. RetCode: Stalled
└ @ ODEParameterEstimation ~/ODEParameterEstimation/src/core/solvers/homotopy_continuation.jl:778
┌ Warning: Optimization did not converge. RetCode: Stalled
└ @ ODEParameterEstimation ~/ODEParameterEstimation/src/core/solvers/homotopy_continuation.jl:778
┌ Warning: Optimization did not converge. RetCode: MaxIters
└ @ ODEParameterEstimation ~/ODEParameterEstimation/src/core/solvers/homotopy_continuation.jl:778
┌ Warning: Optimization did not converge. RetCode: MaxIters
└ @ ODEParameterEstimation ~/ODEParameterEstimation/src/core/solvers/homotopy_continuation.jl:778
┌ Warning: Optimization did not converge. RetCode: MaxIters
└ @ ODEParameterEstimation ~/ODEParameterEstimation/src/core/solvers/homotopy_continuation.jl:778
┌ Warning: Optimization did not converge. RetCode: MaxIters
└ @ ODEParameterEstimation ~/ODEParameterEstimation/src/core/solvers/homotopy_continuation.jl:778
┌ Warning: Optimization did not converge. RetCode: Stalled
└ @ ODEParameterEstimation ~/ODEParameterEstimation/src/core/solvers/homotopy_continuation.jl:778
┌ Warning: Optimization did not converge. RetCode: MaxIters
└ @ ODEParameterEstimation ~/ODEParameterEstimation/src/core/solvers/homotopy_continuation.jl:778
┌ Warning: Optimization did not converge. RetCode: MaxIters
└ @ ODEParameterEstimation ~/ODEParameterEstimation/src/core/solvers/homotopy_continuation.jl:778
┌ Warning: Optimization did not converge. RetCode: MaxIters
└ @ ODEParameterEstimation ~/ODEParameterEstimation/src/core/solvers/homotopy_continuation.jl:778
┌ Warning: Optimization did not converge. RetCode: MaxIters
└ @ ODEParameterEstimation ~/ODEParameterEstimation/src/core/solvers/homotopy_continuation.jl:778
┌ Warning: Optimization did not converge. RetCode: MaxIters
└ @ ODEParameterEstimation ~/ODEParameterEstimation/src/core/solvers/homotopy_continuation.jl:778
┌ Warning: Optimization did not converge. RetCode: MaxIters
└ @ ODEParameterEstimation ~/ODEParameterEstimation/src/core/solvers/homotopy_continuation.jl:778
┌ Warning: At t=-0.9980005233700197, dt was forced below floating point epsilon -7.048279174392228e-17, and step error estimate = NaN. Aborting. There is either an error in your model specification or the true solution is unstable (or the true solution can not be represented in the precision of Float64).
└ @ SciMLBase ~/.julia/packages/SciMLBase/VW1cI/src/integrator_interface.jl:623
┌ Warning: At t=-0.998000000259902, dt was forced below floating point epsilon -3.0870075363698584e-17, and step error estimate = NaN. Aborting. There is either an error in your model specification or the true solution is unstable (or the true solution can not be represented in the precision of Float64).
└ @ SciMLBase ~/.julia/packages/SciMLBase/VW1cI/src/integrator_interface.jl:623
┌ Warning: At t=-0.9980000007475914, dt was forced below floating point epsilon -2.2477953118259288e-17, and step error estimate = NaN. Aborting. There is either an error in your model specification or the true solution is unstable (or the true solution can not be represented in the precision of Float64).
└ @ SciMLBase ~/.julia/packages/SciMLBase/VW1cI/src/integrator_interface.jl:623
┌ Warning: At t=-0.9980000000634071, dt was forced below floating point epsilon -6.19021181548585e-17, and step error estimate = NaN. Aborting. There is either an error in your model specification or the true solution is unstable (or the true solution can not be represented in the precision of Float64).
└ @ SciMLBase ~/.julia/packages/SciMLBase/VW1cI/src/integrator_interface.jl:623
┌ Warning: At t=-0.9980000001257427, dt was forced below floating point epsilon -9.987302052698231e-17, and step error estimate = 1.0047208455715384. Aborting. There is either an error in your model specification or the true solution is unstable (or the true solution can not be represented in the precision of Float64).
└ @ SciMLBase ~/.julia/packages/SciMLBase/VW1cI/src/integrator_interface.jl:623
┌ Warning: At t=-0.9980000000140088, dt was forced below floating point epsilon -3.33379877798126e-17, and step error estimate = NaN. Aborting. There is either an error in your model specification or the true solution is unstable (or the true solution can not be represented in the precision of Float64).
└ @ SciMLBase ~/.julia/packages/SciMLBase/VW1cI/src/integrator_interface.jl:623
┌ Warning: At t=-0.9980000011551854, dt was forced below floating point epsilon -9.552099219551094e-17, and step error estimate = 3.3770235315970294. Aborting. There is either an error in your model specification or the true solution is unstable (or the true solution can not be represented in the precision of Float64).
└ @ SciMLBase ~/.julia/packages/SciMLBase/VW1cI/src/integrator_interface.jl:623
┌ Warning: At t=-0.9980056002592343, dt was forced below floating point epsilon -9.625484500980297e-17, and step error estimate = NaN. Aborting. There is either an error in your model specification or the true solution is unstable (or the true solution can not be represented in the precision of Float64).
└ @ SciMLBase ~/.julia/packages/SciMLBase/VW1cI/src/integrator_interface.jl:623
┌ Warning: At t=-0.9980017551995226, dt was forced below floating point epsilon -9.82478252253831e-17, and step error estimate = 1.1838982421487576. Aborting. There is either an error in your model specification or the true solution is unstable (or the true solution can not be represented in the precision of Float64).
└ @ SciMLBase ~/.julia/packages/SciMLBase/VW1cI/src/integrator_interface.jl:623
┌ Warning: At t=-0.9980056002592343, dt was forced below floating point epsilon -9.625484500980297e-17, and step error estimate = NaN. Aborting. There is either an error in your model specification or the true solution is unstable (or the true solution can not be represented in the precision of Float64).
└ @ SciMLBase ~/.julia/packages/SciMLBase/VW1cI/src/integrator_interface.jl:623
┌ Warning: At t=-0.998000004979484, dt was forced below floating point epsilon -6.32809764034399e-17, and step error estimate = NaN. Aborting. There is either an error in your model specification or the true solution is unstable (or the true solution can not be represented in the precision of Float64).
└ @ SciMLBase ~/.julia/packages/SciMLBase/VW1cI/src/integrator_interface.jl:623
┌ Warning: At t=-0.9988934811242343, dt was forced below floating point epsilon -1.1094922299266273e-16, and step error estimate = 1.3386740428836033. Aborting. There is either an error in your model specification or the true solution is unstable (or the true solution can not be represented in the precision of Float64).
└ @ SciMLBase ~/.julia/packages/SciMLBase/VW1cI/src/integrator_interface.jl:623
┌ Warning: At t=-0.9980002342987011, dt was forced below floating point epsilon -3.420450402052842e-17, and step error estimate = NaN. Aborting. There is either an error in your model specification or the true solution is unstable (or the true solution can not be represented in the precision of Float64).
└ @ SciMLBase ~/.julia/packages/SciMLBase/VW1cI/src/integrator_interface.jl:623
┌ Warning: At t=-0.9980000000038798, dt was forced below floating point epsilon -2.5907543451498932e-17, and step error estimate = NaN. Aborting. There is either an error in your model specification or the true solution is unstable (or the true solution can not be represented in the precision of Float64).
└ @ SciMLBase ~/.julia/packages/SciMLBase/VW1cI/src/integrator_interface.jl:623
┌ Warning: At t=-0.9980000429992891, dt was forced below floating point epsilon -3.702172698589965e-17, and step error estimate = NaN. Aborting. There is either an error in your model specification or the true solution is unstable (or the true solution can not be represented in the precision of Float64).
└ @ SciMLBase ~/.julia/packages/SciMLBase/VW1cI/src/integrator_interface.jl:623
┌ Warning: At t=-0.998000000259902, dt was forced below floating point epsilon -3.0870075363698584e-17, and step error estimate = NaN. Aborting. There is either an error in your model specification or the true solution is unstable (or the true solution can not be represented in the precision of Float64).
└ @ SciMLBase ~/.julia/packages/SciMLBase/VW1cI/src/integrator_interface.jl:623
┌ Warning: At t=-0.9980068218420507, dt was forced below floating point epsilon -7.692931786565596e-17, and step error estimate = NaN. Aborting. There is either an error in your model specification or the true solution is unstable (or the true solution can not be represented in the precision of Float64).
└ @ SciMLBase ~/.julia/packages/SciMLBase/VW1cI/src/integrator_interface.jl:623
┌ Warning: At t=-0.9980000000634071, dt was forced below floating point epsilon -6.19021181548585e-17, and step error estimate = NaN. Aborting. There is either an error in your model specification or the true solution is unstable (or the true solution can not be represented in the precision of Float64).
└ @ SciMLBase ~/.julia/packages/SciMLBase/VW1cI/src/integrator_interface.jl:623
┌ Warning: At t=-0.9980000000075274, dt was forced below floating point epsilon -5.253472269594269e-17, and step error estimate = NaN. Aborting. There is either an error in your model specification or the true solution is unstable (or the true solution can not be represented in the precision of Float64).
└ @ SciMLBase ~/.julia/packages/SciMLBase/VW1cI/src/integrator_interface.jl:623
┌ Warning: At t=-0.9985243048964347, dt was forced below floating point epsilon -9.82670723019217e-17, and step error estimate = 1.181579978345969. Aborting. There is either an error in your model specification or the true solution is unstable (or the true solution can not be represented in the precision of Float64).
└ @ SciMLBase ~/.julia/packages/SciMLBase/VW1cI/src/integrator_interface.jl:623
┌ Warning: At t=-0.9980000003074556, dt was forced below floating point epsilon -3.1282544952794635e-17, and step error estimate = NaN. Aborting. There is either an error in your model specification or the true solution is unstable (or the true solution can not be represented in the precision of Float64).
└ @ SciMLBase ~/.julia/packages/SciMLBase/VW1cI/src/integrator_interface.jl:623
┌ Warning: At t=-0.9980000023632853, dt was forced below floating point epsilon -5.174812034078358e-17, and step error estimate = NaN. Aborting. There is either an error in your model specification or the true solution is unstable (or the true solution can not be represented in the precision of Float64).
└ @ SciMLBase ~/.julia/packages/SciMLBase/VW1cI/src/integrator_interface.jl:623
┌ Warning: At t=-0.9981118289302323, dt was forced below floating point epsilon -1.0549683807485502e-16, and step error estimate = 1.0674289000169241. Aborting. There is either an error in your model specification or the true solution is unstable (or the true solution can not be represented in the precision of Float64).
└ @ SciMLBase ~/.julia/packages/SciMLBase/VW1cI/src/integrator_interface.jl:623
┌ Warning: At t=-0.9980020389942327, dt was forced below floating point epsilon -4.6281194329889184e-17, and step error estimate = NaN. Aborting. There is either an error in your model specification or the true solution is unstable (or the true solution can not be represented in the precision of Float64).
└ @ SciMLBase ~/.julia/packages/SciMLBase/VW1cI/src/integrator_interface.jl:623
┌ Warning: At t=-0.9991524100653035, dt was forced below floating point epsilon -1.0641898724953359e-16, and step error estimate = 1.1411498521356296. Aborting. There is either an error in your model specification or the true solution is unstable (or the true solution can not be represented in the precision of Float64).
└ @ SciMLBase ~/.julia/packages/SciMLBase/VW1cI/src/integrator_interface.jl:623
┌ Warning: At t=-0.9991796090881805, dt was forced below floating point epsilon -9.940235949369088e-17, and step error estimate = 1.0533173194871186. Aborting. There is either an error in your model specification or the true solution is unstable (or the true solution can not be represented in the precision of Float64).
└ @ SciMLBase ~/.julia/packages/SciMLBase/VW1cI/src/integrator_interface.jl:623
┌ Warning: At t=-0.998737681484753, dt was forced below floating point epsilon -1.1061531492429882e-16, and step error estimate = 1.074911163397756. Aborting. There is either an error in your model specification or the true solution is unstable (or the true solution can not be represented in the precision of Float64).
└ @ SciMLBase ~/.julia/packages/SciMLBase/VW1cI/src/integrator_interface.jl:623
┌ Warning: At t=-0.9980000000000402, dt was forced below floating point epsilon -9.846950137507993e-17, and step error estimate = 1.1575010690629417. Aborting. There is either an error in your model specification or the true solution is unstable (or the true solution can not be represented in the precision of Float64).
└ @ SciMLBase ~/.julia/packages/SciMLBase/VW1cI/src/integrator_interface.jl:623
┌ Warning: At t=-0.9980000000000402, dt was forced below floating point epsilon -9.846950137507993e-17, and step error estimate = 1.1575010690629417. Aborting. There is either an error in your model specification or the true solution is unstable (or the true solution can not be represented in the precision of Float64).
└ @ SciMLBase ~/.julia/packages/SciMLBase/VW1cI/src/integrator_interface.jl:623
┌ Warning: At t=-0.9980000000232838, dt was forced below floating point epsilon -6.202629026168488e-17, and step error estimate = NaN. Aborting. There is either an error in your model specification or the true solution is unstable (or the true solution can not be represented in the precision of Float64).
└ @ SciMLBase ~/.julia/packages/SciMLBase/VW1cI/src/integrator_interface.jl:623
┌ Warning: At t=-0.9980000012161645, dt was forced below floating point epsilon -9.862476949975892e-17, and step error estimate = 1.139398450922737. Aborting. There is either an error in your model specification or the true solution is unstable (or the true solution can not be represented in the precision of Float64).
└ @ SciMLBase ~/.julia/packages/SciMLBase/VW1cI/src/integrator_interface.jl:623
┌ Warning: At t=-0.9991524100653035, dt was forced below floating point epsilon -1.0641898724953359e-16, and step error estimate = 1.1411498521356296. Aborting. There is either an error in your model specification or the true solution is unstable (or the true solution can not be represented in the precision of Float64).
└ @ SciMLBase ~/.julia/packages/SciMLBase/VW1cI/src/integrator_interface.jl:623
┌ Warning: At t=-0.9980000057593835, dt was forced below floating point epsilon -3.174975464933727e-17, and step error estimate = NaN. Aborting. There is either an error in your model specification or the true solution is unstable (or the true solution can not be represented in the precision of Float64).
└ @ SciMLBase ~/.julia/packages/SciMLBase/VW1cI/src/integrator_interface.jl:623
┌ Warning: At t=-0.9980000000051173, dt was forced below floating point epsilon -1.0445182204173227e-16, and step error estimate = 2.491813835005182. Aborting. There is either an error in your model specification or the true solution is unstable (or the true solution can not be represented in the precision of Float64).
└ @ SciMLBase ~/.julia/packages/SciMLBase/VW1cI/src/integrator_interface.jl:623
┌ Warning: At t=-0.9980000000051173, dt was forced below floating point epsilon -1.0445182204173227e-16, and step error estimate = 2.491813835005182. Aborting. There is either an error in your model specification or the true solution is unstable (or the true solution can not be represented in the precision of Float64).
└ @ SciMLBase ~/.julia/packages/SciMLBase/VW1cI/src/integrator_interface.jl:623
┌ Warning: At t=-0.9980000000075274, dt was forced below floating point epsilon -5.253472269594269e-17, and step error estimate = NaN. Aborting. There is either an error in your model specification or the true solution is unstable (or the true solution can not be represented in the precision of Float64).
└ @ SciMLBase ~/.julia/packages/SciMLBase/VW1cI/src/integrator_interface.jl:623
┌ Warning: At t=-0.9979999913162892, dt was forced below floating point epsilon 1.1102230246251565e-16, and step error estimate = NaN. Aborting. There is either an error in your model specification or the true solution is unstable (or the true solution can not be represented in the precision of Float64).
└ @ SciMLBase ~/.julia/packages/SciMLBase/VW1cI/src/integrator_interface.jl:623
┌ Warning: At t=0.07838886210201607, dt was forced below floating point epsilon 1.3877787807814457e-17, and step error estimate = NaN. Aborting. There is either an error in your model specification or the true solution is unstable (or the true solution can not be represented in the precision of Float64).
└ @ SciMLBase ~/.julia/packages/SciMLBase/VW1cI/src/integrator_interface.jl:623
┌ Warning: At t=0.0843742814721109, dt was forced below floating point epsilon 1.3877787807814457e-17, and step error estimate = 1.199745629751923. Aborting. There is either an error in your model specification or the true solution is unstable (or the true solution can not be represented in the precision of Float64).
└ @ SciMLBase ~/.julia/packages/SciMLBase/VW1cI/src/integrator_interface.jl:623
┌ Warning: At t=-0.9491121567035633, dt was forced below floating point epsilon 1.1102230246251565e-16, and step error estimate = NaN. Aborting. There is either an error in your model specification or the true solution is unstable (or the true solution can not be represented in the precision of Float64).
└ @ SciMLBase ~/.julia/packages/SciMLBase/VW1cI/src/integrator_interface.jl:623
┌ Warning: At t=-1.0, dt was forced below floating point epsilon 2.220446049250313e-16, and step error estimate = NaN. Aborting. There is either an error in your model specification or the true solution is unstable (or the true solution can not be represented in the precision of Float64).
└ @ SciMLBase ~/.julia/packages/SciMLBase/VW1cI/src/integrator_interface.jl:623
┌ Warning: At t=-0.9946744579622451, dt was forced below floating point epsilon 1.1102230246251565e-16, and step error estimate = 1.088316661448864. Aborting. There is either an error in your model specification or the true solution is unstable (or the true solution can not be represented in the precision of Float64).
└ @ SciMLBase ~/.julia/packages/SciMLBase/VW1cI/src/integrator_interface.jl:623
┌ Warning: At t=-0.4379462454761473, dt was forced below floating point epsilon 5.551115123125783e-17, and step error estimate = 1.082245434835322. Aborting. There is either an error in your model specification or the true solution is unstable (or the true solution can not be represented in the precision of Float64).
└ @ SciMLBase ~/.julia/packages/SciMLBase/VW1cI/src/integrator_interface.jl:623
┌ Warning: At t=-0.7017176256741959, dt was forced below floating point epsilon 1.1102230246251565e-16, and step error estimate = 1.1626530216266382. Aborting. There is either an error in your model specification or the true solution is unstable (or the true solution can not be represented in the precision of Float64).
└ @ SciMLBase ~/.julia/packages/SciMLBase/VW1cI/src/integrator_interface.jl:623
┌ Warning: At t=0.29074717244140963, dt was forced below floating point epsilon 5.551115123125783e-17, and step error estimate = 1.015112085556503. Aborting. There is either an error in your model specification or the true solution is unstable (or the true solution can not be represented in the precision of Float64).
└ @ SciMLBase ~/.julia/packages/SciMLBase/VW1cI/src/integrator_interface.jl:623
┌ Warning: At t=-0.3958220301903726, dt was forced below floating point epsilon 5.551115123125783e-17, and step error estimate = 1991.2437987482954. Aborting. There is either an error in your model specification or the true solution is unstable (or the true solution can not be represented in the precision of Float64).
└ @ SciMLBase ~/.julia/packages/SciMLBase/VW1cI/src/integrator_interface.jl:623
┌ Warning: At t=-0.9325503130900618, dt was forced below floating point epsilon 1.1102230246251565e-16, and step error estimate = 2.1683128996177494. Aborting. There is either an error in your model specification or the true solution is unstable (or the true solution can not be represented in the precision of Float64).
└ @ SciMLBase ~/.julia/packages/SciMLBase/VW1cI/src/integrator_interface.jl:623
┌ Warning: At t=-0.33316816453574816, dt was forced below floating point epsilon 5.551115123125783e-17, and step error estimate = 3.9413134017146834. Aborting. There is either an error in your model specification or the true solution is unstable (or the true solution can not be represented in the precision of Float64).
└ @ SciMLBase ~/.julia/packages/SciMLBase/VW1cI/src/integrator_interface.jl:623
┌ Warning: At t=-0.39973695502688844, dt was forced below floating point epsilon 5.551115123125783e-17, and step error estimate = 1253.6260029812547. Aborting. There is either an error in your model specification or the true solution is unstable (or the true solution can not be represented in the precision of Float64).
└ @ SciMLBase ~/.julia/packages/SciMLBase/VW1cI/src/integrator_interface.jl:623
┌ Warning: At t=-0.6762138197413624, dt was forced below floating point epsilon 1.1102230246251565e-16, and step error estimate = 1.1017604837085748. Aborting. There is either an error in your model specification or the true solution is unstable (or the true solution can not be represented in the precision of Float64).
└ @ SciMLBase ~/.julia/packages/SciMLBase/VW1cI/src/integrator_interface.jl:623
┌ Warning: At t=-0.9557248118147597, dt was forced below floating point epsilon 1.1102230246251565e-16, and step error estimate = 1.369928923671067. Aborting. There is either an error in your model specification or the true solution is unstable (or the true solution can not be represented in the precision of Float64).
└ @ SciMLBase ~/.julia/packages/SciMLBase/VW1cI/src/integrator_interface.jl:623
┌ Warning: At t=0.052463720670564984, dt was forced below floating point epsilon 6.938893903907228e-18, and step error estimate = 1.0273141866474929. Aborting. There is either an error in your model specification or the true solution is unstable (or the true solution can not be represented in the precision of Float64).
└ @ SciMLBase ~/.julia/packages/SciMLBase/VW1cI/src/integrator_interface.jl:623
┌ Warning: At t=-0.4236123198492625, dt was forced below floating point epsilon 5.551115123125783e-17, and step error estimate = 1.1784408060038742. Aborting. There is either an error in your model specification or the true solution is unstable (or the true solution can not be represented in the precision of Float64).
└ @ SciMLBase ~/.julia/packages/SciMLBase/VW1cI/src/integrator_interface.jl:623
┌ Warning: At t=-0.3253847784996423, dt was forced below floating point epsilon 5.551115123125783e-17, and step error estimate = 1.2352420877431123. Aborting. There is either an error in your model specification or the true solution is unstable (or the true solution can not be represented in the precision of Float64).
└ @ SciMLBase ~/.julia/packages/SciMLBase/VW1cI/src/integrator_interface.jl:623
┌ Warning: At t=0.05246372067075451, dt was forced below floating point epsilon 6.938893903907228e-18, and step error estimate = 1.0172309335772016. Aborting. There is either an error in your model specification or the true solution is unstable (or the true solution can not be represented in the precision of Float64).
└ @ SciMLBase ~/.julia/packages/SciMLBase/VW1cI/src/integrator_interface.jl:623
┌ Warning: At t=-0.40451781822218996, dt was forced below floating point epsilon 5.551115123125783e-17, and step error estimate = 259.1181655858016. Aborting. There is either an error in your model specification or the true solution is unstable (or the true solution can not be represented in the precision of Float64).
└ @ SciMLBase ~/.julia/packages/SciMLBase/VW1cI/src/integrator_interface.jl:623
┌ Warning: At t=0.08028331273948836, dt was forced below floating point epsilon 1.3877787807814457e-17, and step error estimate = 334.86614598919186. Aborting. There is either an error in your model specification or the true solution is unstable (or the true solution can not be represented in the precision of Float64).
└ @ SciMLBase ~/.julia/packages/SciMLBase/VW1cI/src/integrator_interface.jl:623
┌ Warning: At t=-0.36652049116804775, dt was forced below floating point epsilon 5.551115123125783e-17, and step error estimate = 1.176172557438077. Aborting. There is either an error in your model specification or the true solution is unstable (or the true solution can not be represented in the precision of Float64).
└ @ SciMLBase ~/.julia/packages/SciMLBase/VW1cI/src/integrator_interface.jl:623
┌ Warning: At t=-0.2124157643674189, dt was forced below floating point epsilon 2.7755575615628914e-17, and step error estimate = 595.8421652186589. Aborting. There is either an error in your model specification or the true solution is unstable (or the true solution can not be represented in the precision of Float64).
└ @ SciMLBase ~/.julia/packages/SciMLBase/VW1cI/src/integrator_interface.jl:623
┌ Warning: At t=-0.9325503130903283, dt was forced below floating point epsilon 1.1102230246251565e-16, and step error estimate = 1.4664638077807477. Aborting. There is either an error in your model specification or the true solution is unstable (or the true solution can not be represented in the precision of Float64).
└ @ SciMLBase ~/.julia/packages/SciMLBase/VW1cI/src/integrator_interface.jl:623
┌ Warning: At t=-1.0, dt was forced below floating point epsilon 2.220446049250313e-16, and step error estimate = 7.407590595515315. Aborting. There is either an error in your model specification or the true solution is unstable (or the true solution can not be represented in the precision of Float64).
└ @ SciMLBase ~/.julia/packages/SciMLBase/VW1cI/src/integrator_interface.jl:623
┌ Warning: At t=0.2857665946319877, dt was forced below floating point epsilon 5.551115123125783e-17, and step error estimate = 1.0457668239059905. Aborting. There is either an error in your model specification or the true solution is unstable (or the true solution can not be represented in the precision of Float64).
└ @ SciMLBase ~/.julia/packages/SciMLBase/VW1cI/src/integrator_interface.jl:623
┌ Warning: At t=-0.9156263484974874, dt was forced below floating point epsilon 1.1102230246251565e-16, and step error estimate = 1.1475793229185414. Aborting. There is either an error in your model specification or the true solution is unstable (or the true solution can not be represented in the precision of Float64).
└ @ SciMLBase ~/.julia/packages/SciMLBase/VW1cI/src/integrator_interface.jl:623
┌ Warning: At t=-0.9979999968181031, dt was forced below floating point epsilon 1.1102230246251565e-16, and step error estimate = NaN. Aborting. There is either an error in your model specification or the true solution is unstable (or the true solution can not be represented in the precision of Float64).
└ @ SciMLBase ~/.julia/packages/SciMLBase/VW1cI/src/integrator_interface.jl:623
┌ Warning: At t=0.05246372067075451, dt was forced below floating point epsilon 6.938893903907228e-18, and step error estimate = 1.0172309335772016. Aborting. There is either an error in your model specification or the true solution is unstable (or the true solution can not be represented in the precision of Float64).
└ @ SciMLBase ~/.julia/packages/SciMLBase/VW1cI/src/integrator_interface.jl:623
┌ Warning: At t=-0.997999998999362, dt was forced below floating point epsilon 1.1102230246251565e-16, and step error estimate = 2.769810656248682. Aborting. There is either an error in your model specification or the true solution is unstable (or the true solution can not be represented in the precision of Float64).
└ @ SciMLBase ~/.julia/packages/SciMLBase/VW1cI/src/integrator_interface.jl:623
┌ Warning: At t=-0.31596717386841744, dt was forced below floating point epsilon 5.551115123125783e-17, and step error estimate = 1973.8475477722286. Aborting. There is either an error in your model specification or the true solution is unstable (or the true solution can not be represented in the precision of Float64).
└ @ SciMLBase ~/.julia/packages/SciMLBase/VW1cI/src/integrator_interface.jl:623
┌ Warning: At t=0.6790385950174934, dt was forced below floating point epsilon 1.1102230246251565e-16, and step error estimate = 10415.141878458127. Aborting. There is either an error in your model specification or the true solution is unstable (or the true solution can not be represented in the precision of Float64).
└ @ SciMLBase ~/.julia/packages/SciMLBase/VW1cI/src/integrator_interface.jl:623
┌ Warning: At t=0.09840453962289122, dt was forced below floating point epsilon 1.3877787807814457e-17, and step error estimate = 560.7830505135017. Aborting. There is either an error in your model specification or the true solution is unstable (or the true solution can not be represented in the precision of Float64).
└ @ SciMLBase ~/.julia/packages/SciMLBase/VW1cI/src/integrator_interface.jl:623
┌ Warning: At t=-0.33316816453573767, dt was forced below floating point epsilon 5.551115123125783e-17, and step error estimate = 3.260840391207473. Aborting. There is either an error in your model specification or the true solution is unstable (or the true solution can not be represented in the precision of Float64).
└ @ SciMLBase ~/.julia/packages/SciMLBase/VW1cI/src/integrator_interface.jl:623
┌ Warning: At t=-0.3253847784996423, dt was forced below floating point epsilon 5.551115123125783e-17, and step error estimate = 1.2352420877431123. Aborting. There is either an error in your model specification or the true solution is unstable (or the true solution can not be represented in the precision of Float64).
└ @ SciMLBase ~/.julia/packages/SciMLBase/VW1cI/src/integrator_interface.jl:623
┌ Warning: At t=-0.9829272616614919, dt was forced below floating point epsilon 1.1102230246251565e-16, and step error estimate = 1.0154786320840148. Aborting. There is either an error in your model specification or the true solution is unstable (or the true solution can not be represented in the precision of Float64).
└ @ SciMLBase ~/.julia/packages/SciMLBase/VW1cI/src/integrator_interface.jl:623
┌ Warning: At t=-0.015279831204685316, dt was forced below floating point epsilon 1.734723475976807e-18, and step error estimate = 118.09863778056706. Aborting. There is either an error in your model specification or the true solution is unstable (or the true solution can not be represented in the precision of Float64).
└ @ SciMLBase ~/.julia/packages/SciMLBase/VW1cI/src/integrator_interface.jl:623
┌ Warning: At t=0.052463720670564984, dt was forced below floating point epsilon 6.938893903907228e-18, and step error estimate = 1.0273141866474929. Aborting. There is either an error in your model specification or the true solution is unstable (or the true solution can not be represented in the precision of Float64).
└ @ SciMLBase ~/.julia/packages/SciMLBase/VW1cI/src/integrator_interface.jl:623
┌ Warning: At t=-0.9979999998546901, dt was forced below floating point epsilon 1.1102230246251565e-16, and step error estimate = NaN. Aborting. There is either an error in your model specification or the true solution is unstable (or the true solution can not be represented in the precision of Float64).
└ @ SciMLBase ~/.julia/packages/SciMLBase/VW1cI/src/integrator_interface.jl:623
┌ Warning: At t=0.08028331273948836, dt was forced below floating point epsilon 1.3877787807814457e-17, and step error estimate = 334.86614598919186. Aborting. There is either an error in your model specification or the true solution is unstable (or the true solution can not be represented in the precision of Float64).
└ @ SciMLBase ~/.julia/packages/SciMLBase/VW1cI/src/integrator_interface.jl:623
┌ Warning: At t=-0.6069699337548241, dt was forced below floating point epsilon 1.1102230246251565e-16, and step error estimate = 93.64032345413654. Aborting. There is either an error in your model specification or the true solution is unstable (or the true solution can not be represented in the precision of Float64).
└ @ SciMLBase ~/.julia/packages/SciMLBase/VW1cI/src/integrator_interface.jl:623
┌ Warning: At t=-0.7690042592286503, dt was forced below floating point epsilon 1.1102230246251565e-16, and step error estimate = 1.2999794551423558. Aborting. There is either an error in your model specification or the true solution is unstable (or the true solution can not be represented in the precision of Float64).
└ @ SciMLBase ~/.julia/packages/SciMLBase/VW1cI/src/integrator_interface.jl:623
┌ Warning: At t=-0.9979839411330313, dt was forced below floating point epsilon 1.1102230246251565e-16, and step error estimate = NaN. Aborting. There is either an error in your model specification or the true solution is unstable (or the true solution can not be represented in the precision of Float64).
└ @ SciMLBase ~/.julia/packages/SciMLBase/VW1cI/src/integrator_interface.jl:623
┌ Warning: At t=0.08437428147211008, dt was forced below floating point epsilon 1.3877787807814457e-17, and step error estimate = 1.0188434480962956. Aborting. There is either an error in your model specification or the true solution is unstable (or the true solution can not be represented in the precision of Float64).
└ @ SciMLBase ~/.julia/packages/SciMLBase/VW1cI/src/integrator_interface.jl:623
┌ Warning: At t=0.6370503567099007, dt was forced below floating point epsilon 1.1102230246251565e-16, and step error estimate = 196.36342126172946. Aborting. There is either an error in your model specification or the true solution is unstable (or the true solution can not be represented in the precision of Float64).
└ @ SciMLBase ~/.julia/packages/SciMLBase/VW1cI/src/integrator_interface.jl:623
┌ Warning: At t=-0.19521770093902663, dt was forced below floating point epsilon 2.7755575615628914e-17, and step error estimate = 1.016435007805645. Aborting. There is either an error in your model specification or the true solution is unstable (or the true solution can not be represented in the precision of Float64).
└ @ SciMLBase ~/.julia/packages/SciMLBase/VW1cI/src/integrator_interface.jl:623
┌ Warning: At t=0.4488784844557363, dt was forced below floating point epsilon 5.551115123125783e-17, and step error estimate = 44.4900694092432. Aborting. There is either an error in your model specification or the true solution is unstable (or the true solution can not be represented in the precision of Float64).
└ @ SciMLBase ~/.julia/packages/SciMLBase/VW1cI/src/integrator_interface.jl:623
┌ Warning: At t=-0.8922573954736069, dt was forced below floating point epsilon 1.1102230246251565e-16, and step error estimate = 1.1662205294057495. Aborting. There is either an error in your model specification or the true solution is unstable (or the true solution can not be represented in the precision of Float64).
└ @ SciMLBase ~/.julia/packages/SciMLBase/VW1cI/src/integrator_interface.jl:623
┌ Warning: At t=-0.9815223966301244, dt was forced below floating point epsilon 1.1102230246251565e-16, and step error estimate = 1.2868024892233658. Aborting. There is either an error in your model specification or the true solution is unstable (or the true solution can not be represented in the precision of Float64).
└ @ SciMLBase ~/.julia/packages/SciMLBase/VW1cI/src/integrator_interface.jl:623
┌ Warning: At t=-0.9217400370316364, dt was forced below floating point epsilon 1.1102230246251565e-16, and step error estimate = 1.0141038088964298. Aborting. There is either an error in your model specification or the true solution is unstable (or the true solution can not be represented in the precision of Float64).
└ @ SciMLBase ~/.julia/packages/SciMLBase/VW1cI/src/integrator_interface.jl:623
┌ Warning: At t=0.5043425206994142, dt was forced below floating point epsilon 1.1102230246251565e-16, and step error estimate = 397.5089239017678. Aborting. There is either an error in your model specification or the true solution is unstable (or the true solution can not be represented in the precision of Float64).
└ @ SciMLBase ~/.julia/packages/SciMLBase/VW1cI/src/integrator_interface.jl:623
┌ Warning: At t=-0.17726802884213666, dt was forced below floating point epsilon 2.7755575615628914e-17, and step error estimate = 1.0117876696327301. Aborting. There is either an error in your model specification or the true solution is unstable (or the true solution can not be represented in the precision of Float64).
└ @ SciMLBase ~/.julia/packages/SciMLBase/VW1cI/src/integrator_interface.jl:623
┌ Warning: At t=-0.7528730759267649, dt was forced below floating point epsilon 1.1102230246251565e-16, and step error estimate = 1.0259893799567907. Aborting. There is either an error in your model specification or the true solution is unstable (or the true solution can not be represented in the precision of Float64).
└ @ SciMLBase ~/.julia/packages/SciMLBase/VW1cI/src/integrator_interface.jl:623
┌ Warning: At t=-0.8564513294091153, dt was forced below floating point epsilon 1.1102230246251565e-16, and step error estimate = 113.7261930076432. Aborting. There is either an error in your model specification or the true solution is unstable (or the true solution can not be represented in the precision of Float64).
└ @ SciMLBase ~/.julia/packages/SciMLBase/VW1cI/src/integrator_interface.jl:623
┌ Warning: At t=-0.5942272941719752, dt was forced below floating point epsilon 1.1102230246251565e-16, and step error estimate = 7851.056543097892. Aborting. There is either an error in your model specification or the true solution is unstable (or the true solution can not be represented in the precision of Float64).
└ @ SciMLBase ~/.julia/packages/SciMLBase/VW1cI/src/integrator_interface.jl:623
┌ Warning: At t=-0.8806108995000954, dt was forced below floating point epsilon 1.1102230246251565e-16, and step error estimate = NaN. Aborting. There is either an error in your model specification or the true solution is unstable (or the true solution can not be represented in the precision of Float64).
└ @ SciMLBase ~/.julia/packages/SciMLBase/VW1cI/src/integrator_interface.jl:623
┌ Warning: At t=0.19984516773336003, dt was forced below floating point epsilon 2.7755575615628914e-17, and step error estimate = 1.088020320099342. Aborting. There is either an error in your model specification or the true solution is unstable (or the true solution can not be represented in the precision of Float64).
└ @ SciMLBase ~/.julia/packages/SciMLBase/VW1cI/src/integrator_interface.jl:623
┌ Warning: At t=-0.45022027772219053, dt was forced below floating point epsilon 5.551115123125783e-17, and step error estimate = 202.4848191536715. Aborting. There is either an error in your model specification or the true solution is unstable (or the true solution can not be represented in the precision of Float64).
└ @ SciMLBase ~/.julia/packages/SciMLBase/VW1cI/src/integrator_interface.jl:623
┌ Warning: At t=-0.19521770093902663, dt was forced below floating point epsilon 2.7755575615628914e-17, and step error estimate = 1.016435007805645. Aborting. There is either an error in your model specification or the true solution is unstable (or the true solution can not be represented in the precision of Float64).
└ @ SciMLBase ~/.julia/packages/SciMLBase/VW1cI/src/integrator_interface.jl:623
┌ Warning: At t=-0.2124157643674189, dt was forced below floating point epsilon 2.7755575615628914e-17, and step error estimate = 595.8421652186589. Aborting. There is either an error in your model specification or the true solution is unstable (or the true solution can not be represented in the precision of Float64).
└ @ SciMLBase ~/.julia/packages/SciMLBase/VW1cI/src/integrator_interface.jl:623
┌ Warning: At t=-0.4482162998035539, dt was forced below floating point epsilon 5.551115123125783e-17, and step error estimate = 1.04048463207231. Aborting. There is either an error in your model specification or the true solution is unstable (or the true solution can not be represented in the precision of Float64).
└ @ SciMLBase ~/.julia/packages/SciMLBase/VW1cI/src/integrator_interface.jl:623
┌ Warning: At t=-1.0, dt was forced below floating point epsilon 2.220446049250313e-16, and step error estimate = NaN. Aborting. There is either an error in your model specification or the true solution is unstable (or the true solution can not be represented in the precision of Float64).
└ @ SciMLBase ~/.julia/packages/SciMLBase/VW1cI/src/integrator_interface.jl:623
┌ Warning: At t=-0.6720984389068191, dt was forced below floating point epsilon 1.1102230246251565e-16, and step error estimate = 1.1372375394318879. Aborting. There is either an error in your model specification or the true solution is unstable (or the true solution can not be represented in the precision of Float64).
└ @ SciMLBase ~/.julia/packages/SciMLBase/VW1cI/src/integrator_interface.jl:623
┌ Warning: At t=-0.14613360865457636, dt was forced below floating point epsilon 2.7755575615628914e-17, and step error estimate = 1.0007497424532037. Aborting. There is either an error in your model specification or the true solution is unstable (or the true solution can not be represented in the precision of Float64).
└ @ SciMLBase ~/.julia/packages/SciMLBase/VW1cI/src/integrator_interface.jl:623
┌ Warning: At t=-0.9946046624864208, dt was forced below floating point epsilon 1.1102230246251565e-16, and step error estimate = 3212.3525263903784. Aborting. There is either an error in your model specification or the true solution is unstable (or the true solution can not be represented in the precision of Float64).
└ @ SciMLBase ~/.julia/packages/SciMLBase/VW1cI/src/integrator_interface.jl:623
┌ Warning: At t=-0.4379462454758208, dt was forced below floating point epsilon 5.551115123125783e-17, and step error estimate = 1.0344691469979805. Aborting. There is either an error in your model specification or the true solution is unstable (or the true solution can not be represented in the precision of Float64).
└ @ SciMLBase ~/.julia/packages/SciMLBase/VW1cI/src/integrator_interface.jl:623
┌ Warning: At t=-0.997621509451585, dt was forced below floating point epsilon 1.1102230246251565e-16, and step error estimate = 1.051445210684479. Aborting. There is either an error in your model specification or the true solution is unstable (or the true solution can not be represented in the precision of Float64).
└ @ SciMLBase ~/.julia/packages/SciMLBase/VW1cI/src/integrator_interface.jl:623
┌ Warning: At t=0.6370503567099007, dt was forced below floating point epsilon 1.1102230246251565e-16, and step error estimate = 196.36342126172946. Aborting. There is either an error in your model specification or the true solution is unstable (or the true solution can not be represented in the precision of Float64).
└ @ SciMLBase ~/.julia/packages/SciMLBase/VW1cI/src/integrator_interface.jl:623
┌ Warning: At t=-0.9883684723367676, dt was forced below floating point epsilon 1.1102230246251565e-16, and step error estimate = 1.273283605972445. Aborting. There is either an error in your model specification or the true solution is unstable (or the true solution can not be represented in the precision of Float64).
└ @ SciMLBase ~/.julia/packages/SciMLBase/VW1cI/src/integrator_interface.jl:623
┌ Warning: At t=-0.21435694634280356, dt was forced below floating point epsilon 2.7755575615628914e-17, and step error estimate = 1.1437886054154134. Aborting. There is either an error in your model specification or the true solution is unstable (or the true solution can not be represented in the precision of Float64).
└ @ SciMLBase ~/.julia/packages/SciMLBase/VW1cI/src/integrator_interface.jl:623
┌ Warning: At t=-0.9979999619444445, dt was forced below floating point epsilon 1.1102230246251565e-16, and step error estimate = 3.2954462461928977. Aborting. There is either an error in your model specification or the true solution is unstable (or the true solution can not be represented in the precision of Float64).
└ @ SciMLBase ~/.julia/packages/SciMLBase/VW1cI/src/integrator_interface.jl:623
┌ Warning: At t=-0.9643843242539949, dt was forced below floating point epsilon 1.1102230246251565e-16, and step error estimate = 1.018921623014501. Aborting. There is either an error in your model specification or the true solution is unstable (or the true solution can not be represented in the precision of Float64).
└ @ SciMLBase ~/.julia/packages/SciMLBase/VW1cI/src/integrator_interface.jl:623
┌ Warning: At t=0.13012515091380195, dt was forced below floating point epsilon 2.7755575615628914e-17, and step error estimate = 1.1177967429322038. Aborting. There is either an error in your model specification or the true solution is unstable (or the true solution can not be represented in the precision of Float64).
└ @ SciMLBase ~/.julia/packages/SciMLBase/VW1cI/src/integrator_interface.jl:623
┌ Warning: At t=0.41777248102401465, dt was forced below floating point epsilon 5.551115123125783e-17, and step error estimate = 1.158669679617304. Aborting. There is either an error in your model specification or the true solution is unstable (or the true solution can not be represented in the precision of Float64).
└ @ SciMLBase ~/.julia/packages/SciMLBase/VW1cI/src/integrator_interface.jl:623
┌ Warning: At t=-1.0, dt was forced below floating point epsilon 2.220446049250313e-16, and step error estimate = NaN. Aborting. There is either an error in your model specification or the true solution is unstable (or the true solution can not be represented in the precision of Float64).
└ @ SciMLBase ~/.julia/packages/SciMLBase/VW1cI/src/integrator_interface.jl:623
┌ Warning: At t=-0.2948682671936359, dt was forced below floating point epsilon 5.551115123125783e-17, and step error estimate = 1.0298159412021213. Aborting. There is either an error in your model specification or the true solution is unstable (or the true solution can not be represented in the precision of Float64).
└ @ SciMLBase ~/.julia/packages/SciMLBase/VW1cI/src/integrator_interface.jl:623
┌ Warning: At t=-0.9148239828919961, dt was forced below floating point epsilon 1.1102230246251565e-16, and step error estimate = 1.4229844026114533. Aborting. There is either an error in your model specification or the true solution is unstable (or the true solution can not be represented in the precision of Float64).
└ @ SciMLBase ~/.julia/packages/SciMLBase/VW1cI/src/integrator_interface.jl:623
┌ Warning: At t=0.6790385950174934, dt was forced below floating point epsilon 1.1102230246251565e-16, and step error estimate = 10415.141878458127. Aborting. There is either an error in your model specification or the true solution is unstable (or the true solution can not be represented in the precision of Float64).
└ @ SciMLBase ~/.julia/packages/SciMLBase/VW1cI/src/integrator_interface.jl:623
┌ Warning: At t=-0.9818282538995665, dt was forced below floating point epsilon 1.1102230246251565e-16, and step error estimate = 23.399802448683698. Aborting. There is either an error in your model specification or the true solution is unstable (or the true solution can not be represented in the precision of Float64).
└ @ SciMLBase ~/.julia/packages/SciMLBase/VW1cI/src/integrator_interface.jl:623
┌ Warning: At t=-0.9979954568798798, dt was forced below floating point epsilon 1.1102230246251565e-16, and step error estimate = 1.09808198689161. Aborting. There is either an error in your model specification or the true solution is unstable (or the true solution can not be represented in the precision of Float64).
└ @ SciMLBase ~/.julia/packages/SciMLBase/VW1cI/src/integrator_interface.jl:623
┌ Warning: At t=-0.6958652975047995, dt was forced below floating point epsilon 1.1102230246251565e-16, and step error estimate = 3322.863835823053. Aborting. There is either an error in your model specification or the true solution is unstable (or the true solution can not be represented in the precision of Float64).
└ @ SciMLBase ~/.julia/packages/SciMLBase/VW1cI/src/integrator_interface.jl:623
┌ Warning: At t=-0.5365848364549227, dt was forced below floating point epsilon 1.1102230246251565e-16, and step error estimate = 909.8373301016859. Aborting. There is either an error in your model specification or the true solution is unstable (or the true solution can not be represented in the precision of Float64).
└ @ SciMLBase ~/.julia/packages/SciMLBase/VW1cI/src/integrator_interface.jl:623
┌ Warning: At t=-0.6429807096587451, dt was forced below floating point epsilon 1.1102230246251565e-16, and step error estimate = 1.192152171013284. Aborting. There is either an error in your model specification or the true solution is unstable (or the true solution can not be represented in the precision of Float64).
└ @ SciMLBase ~/.julia/packages/SciMLBase/VW1cI/src/integrator_interface.jl:623
┌ Warning: At t=-0.36652049116816493, dt was forced below floating point epsilon 5.551115123125783e-17, and step error estimate = 1.0243401857093666. Aborting. There is either an error in your model specification or the true solution is unstable (or the true solution can not be represented in the precision of Float64).
└ @ SciMLBase ~/.julia/packages/SciMLBase/VW1cI/src/integrator_interface.jl:623
┌ Warning: At t=0.0843742814721109, dt was forced below floating point epsilon 1.3877787807814457e-17, and step error estimate = 1.199745629751923. Aborting. There is either an error in your model specification or the true solution is unstable (or the true solution can not be represented in the precision of Float64).
└ @ SciMLBase ~/.julia/packages/SciMLBase/VW1cI/src/integrator_interface.jl:623
┌ Warning: At t=-0.8922573954736069, dt was forced below floating point epsilon 1.1102230246251565e-16, and step error estimate = 1.1662205294057495. Aborting. There is either an error in your model specification or the true solution is unstable (or the true solution can not be represented in the precision of Float64).
└ @ SciMLBase ~/.julia/packages/SciMLBase/VW1cI/src/integrator_interface.jl:623
┌ Warning: At t=-0.9883684723367676, dt was forced below floating point epsilon 1.1102230246251565e-16, and step error estimate = 1.273283605972445. Aborting. There is either an error in your model specification or the true solution is unstable (or the true solution can not be represented in the precision of Float64).
└ @ SciMLBase ~/.julia/packages/SciMLBase/VW1cI/src/integrator_interface.jl:623
┌ Warning: Interrupted. Larger maxiters is needed. If you are using an integrator for non-stiff ODEs or an automatic switching algorithm (the default), you may want to consider using a method for stiff equations. See the solver pages for more details (e.g. https://docs.sciml.ai/DiffEqDocs/stable/solvers/ode_solve/#Stiff-Problems).
└ @ SciMLBase ~/.julia/packages/SciMLBase/VW1cI/src/integrator_interface.jl:589
┌ Warning: At t=-0.9348890290687158, dt was forced below floating point epsilon 1.1102230246251565e-16, and step error estimate = 1.063729531424768. Aborting. There is either an error in your model specification or the true solution is unstable (or the true solution can not be represented in the precision of Float64).
└ @ SciMLBase ~/.julia/packages/SciMLBase/VW1cI/src/integrator_interface.jl:623
┌ Warning: At t=-0.7992614331973303, dt was forced below floating point epsilon 1.1102230246251565e-16, and step error estimate = 1.3188751478188254. Aborting. There is either an error in your model specification or the true solution is unstable (or the true solution can not be represented in the precision of Float64).
└ @ SciMLBase ~/.julia/packages/SciMLBase/VW1cI/src/integrator_interface.jl:623
┌ Warning: At t=-0.003725656283983633, dt was forced below floating point epsilon 4.336808689942018e-19, and step error estimate = 1.2532871110581687. Aborting. There is either an error in your model specification or the true solution is unstable (or the true solution can not be represented in the precision of Float64).
└ @ SciMLBase ~/.julia/packages/SciMLBase/VW1cI/src/integrator_interface.jl:623
┌ Warning: At t=-0.7684902042006547, dt was forced below floating point epsilon 1.1102230246251565e-16, and step error estimate = 424.33389846111305. Aborting. There is either an error in your model specification or the true solution is unstable (or the true solution can not be represented in the precision of Float64).
└ @ SciMLBase ~/.julia/packages/SciMLBase/VW1cI/src/integrator_interface.jl:623
┌ Warning: At t=-0.933251763606204, dt was forced below floating point epsilon 1.1102230246251565e-16, and step error estimate = 1.0836428013674646. Aborting. There is either an error in your model specification or the true solution is unstable (or the true solution can not be represented in the precision of Float64).
└ @ SciMLBase ~/.julia/packages/SciMLBase/VW1cI/src/integrator_interface.jl:623
┌ Warning: At t=-0.9613977895798959, dt was forced below floating point epsilon 1.1102230246251565e-16, and step error estimate = 1.170724509287336. Aborting. There is either an error in your model specification or the true solution is unstable (or the true solution can not be represented in the precision of Float64).
└ @ SciMLBase ~/.julia/packages/SciMLBase/VW1cI/src/integrator_interface.jl:623
┌ Warning: At t=-0.994775884434821, dt was forced below floating point epsilon 1.1102230246251565e-16, and step error estimate = 111.22321865851677. Aborting. There is either an error in your model specification or the true solution is unstable (or the true solution can not be represented in the precision of Float64).
└ @ SciMLBase ~/.julia/packages/SciMLBase/VW1cI/src/integrator_interface.jl:623
┌ Warning: At t=-0.03401809287673078, dt was forced below floating point epsilon 6.938893903907228e-18, and step error estimate = 108.84606236879304. Aborting. There is either an error in your model specification or the true solution is unstable (or the true solution can not be represented in the precision of Float64).
└ @ SciMLBase ~/.julia/packages/SciMLBase/VW1cI/src/integrator_interface.jl:623
┌ Warning: At t=-0.7978539323438396, dt was forced below floating point epsilon 1.1102230246251565e-16, and step error estimate = 287.8791857401662. Aborting. There is either an error in your model specification or the true solution is unstable (or the true solution can not be represented in the precision of Float64).
└ @ SciMLBase ~/.julia/packages/SciMLBase/VW1cI/src/integrator_interface.jl:623
┌ Warning: At t=-0.6068667586850734, dt was forced below floating point epsilon 1.1102230246251565e-16, and step error estimate = 1.0701149284103577. Aborting. There is either an error in your model specification or the true solution is unstable (or the true solution can not be represented in the precision of Float64).
└ @ SciMLBase ~/.julia/packages/SciMLBase/VW1cI/src/integrator_interface.jl:623
┌ Warning: At t=0.6546519644097407, dt was forced below floating point epsilon 1.1102230246251565e-16, and step error estimate = 557.3469959021061. Aborting. There is either an error in your model specification or the true solution is unstable (or the true solution can not be represented in the precision of Float64).
└ @ SciMLBase ~/.julia/packages/SciMLBase/VW1cI/src/integrator_interface.jl:623
┌ Warning: At t=-0.4170338581956096, dt was forced below floating point epsilon 5.551115123125783e-17, and step error estimate = 468.15794468486143. Aborting. There is either an error in your model specification or the true solution is unstable (or the true solution can not be represented in the precision of Float64).
└ @ SciMLBase ~/.julia/packages/SciMLBase/VW1cI/src/integrator_interface.jl:623
┌ Warning: At t=-0.9979999996610149, dt was forced below floating point epsilon 1.1102230246251565e-16, and step error estimate = NaN. Aborting. There is either an error in your model specification or the true solution is unstable (or the true solution can not be represented in the precision of Float64).
└ @ SciMLBase ~/.julia/packages/SciMLBase/VW1cI/src/integrator_interface.jl:623
┌ Warning: At t=-0.9784229470482815, dt was forced below floating point epsilon 1.1102230246251565e-16, and step error estimate = 1.095893278873956. Aborting. There is either an error in your model specification or the true solution is unstable (or the true solution can not be represented in the precision of Float64).
└ @ SciMLBase ~/.julia/packages/SciMLBase/VW1cI/src/integrator_interface.jl:623
┌ Warning: At t=-0.3709357523161226, dt was forced below floating point epsilon 5.551115123125783e-17, and step error estimate = 1.0050479500319713. Aborting. There is either an error in your model specification or the true solution is unstable (or the true solution can not be represented in the precision of Float64).
└ @ SciMLBase ~/.julia/packages/SciMLBase/VW1cI/src/integrator_interface.jl:623
┌ Warning: At t=-0.9581574896128662, dt was forced below floating point epsilon 1.1102230246251565e-16, and step error estimate = 1.2261391662232288. Aborting. There is either an error in your model specification or the true solution is unstable (or the true solution can not be represented in the precision of Float64).
└ @ SciMLBase ~/.julia/packages/SciMLBase/VW1cI/src/integrator_interface.jl:623
┌ Warning: At t=-0.9979954915214764, dt was forced below floating point epsilon 1.1102230246251565e-16, and step error estimate = 1.0138530279203497. Aborting. There is either an error in your model specification or the true solution is unstable (or the true solution can not be represented in the precision of Float64).
└ @ SciMLBase ~/.julia/packages/SciMLBase/VW1cI/src/integrator_interface.jl:623
┌ Warning: At t=-0.9597018733969455, dt was forced below floating point epsilon 1.1102230246251565e-16, and step error estimate = 1.4056762932611837. Aborting. There is either an error in your model specification or the true solution is unstable (or the true solution can not be represented in the precision of Float64).
└ @ SciMLBase ~/.julia/packages/SciMLBase/VW1cI/src/integrator_interface.jl:623
┌ Warning: At t=-1.0, dt was forced below floating point epsilon 2.220446049250313e-16, and step error estimate = 7.4102477240935825. Aborting. There is either an error in your model specification or the true solution is unstable (or the true solution can not be represented in the precision of Float64).
└ @ SciMLBase ~/.julia/packages/SciMLBase/VW1cI/src/integrator_interface.jl:623
┌ Warning: At t=-0.6938584352734434, dt was forced below floating point epsilon 1.1102230246251565e-16, and step error estimate = 1.1959322573290188. Aborting. There is either an error in your model specification or the true solution is unstable (or the true solution can not be represented in the precision of Float64).
└ @ SciMLBase ~/.julia/packages/SciMLBase/VW1cI/src/integrator_interface.jl:623
┌ Warning: At t=-0.9841943097454056, dt was forced below floating point epsilon 1.1102230246251565e-16, and step error estimate = 1.151254444032715. Aborting. There is either an error in your model specification or the true solution is unstable (or the true solution can not be represented in the precision of Float64).
└ @ SciMLBase ~/.julia/packages/SciMLBase/VW1cI/src/integrator_interface.jl:623
┌ Warning: At t=-0.7715352790119869, dt was forced below floating point epsilon 1.1102230246251565e-16, and step error estimate = 2083.0766359615827. Aborting. There is either an error in your model specification or the true solution is unstable (or the true solution can not be represented in the precision of Float64).
└ @ SciMLBase ~/.julia/packages/SciMLBase/VW1cI/src/integrator_interface.jl:623
┌ Warning: At t=-0.997999887290209, dt was forced below floating point epsilon 1.1102230246251565e-16, and step error estimate = 1.9901506343186963. Aborting. There is either an error in your model specification or the true solution is unstable (or the true solution can not be represented in the precision of Float64).
└ @ SciMLBase ~/.julia/packages/SciMLBase/VW1cI/src/integrator_interface.jl:623
┌ Warning: At t=-0.8991486677874825, dt was forced below floating point epsilon 1.1102230246251565e-16, and step error estimate = 1.2106549645102436. Aborting. There is either an error in your model specification or the true solution is unstable (or the true solution can not be represented in the precision of Float64).
└ @ SciMLBase ~/.julia/packages/SciMLBase/VW1cI/src/integrator_interface.jl:623
┌ Warning: At t=-0.26193807692724286, dt was forced below floating point epsilon 5.551115123125783e-17, and step error estimate = 1018.177590302694. Aborting. There is either an error in your model specification or the true solution is unstable (or the true solution can not be represented in the precision of Float64).
└ @ SciMLBase ~/.julia/packages/SciMLBase/VW1cI/src/integrator_interface.jl:623
┌ Warning: At t=-0.03401809287674185, dt was forced below floating point epsilon 6.938893903907228e-18, and step error estimate = 552.8639060929453. Aborting. There is either an error in your model specification or the true solution is unstable (or the true solution can not be represented in the precision of Float64).
└ @ SciMLBase ~/.julia/packages/SciMLBase/VW1cI/src/integrator_interface.jl:623
┌ Warning: At t=-0.4482162998035539, dt was forced below floating point epsilon 5.551115123125783e-17, and step error estimate = 1.04048463207231. Aborting. There is either an error in your model specification or the true solution is unstable (or the true solution can not be represented in the precision of Float64).
└ @ SciMLBase ~/.julia/packages/SciMLBase/VW1cI/src/integrator_interface.jl:623
┌ Warning: At t=-0.9946046627636584, dt was forced below floating point epsilon 1.1102230246251565e-16, and step error estimate = 17523.60262663463. Aborting. There is either an error in your model specification or the true solution is unstable (or the true solution can not be represented in the precision of Float64).
└ @ SciMLBase ~/.julia/packages/SciMLBase/VW1cI/src/integrator_interface.jl:623
┌ Warning: At t=-0.9601764138827216, dt was forced below floating point epsilon 1.1102230246251565e-16, and step error estimate = 81.83356634061573. Aborting. There is either an error in your model specification or the true solution is unstable (or the true solution can not be represented in the precision of Float64).
└ @ SciMLBase ~/.julia/packages/SciMLBase/VW1cI/src/integrator_interface.jl:623
┌ Warning: At t=-0.31596717386841744, dt was forced below floating point epsilon 5.551115123125783e-17, and step error estimate = 1973.8475477722286. Aborting. There is either an error in your model specification or the true solution is unstable (or the true solution can not be represented in the precision of Float64).
└ @ SciMLBase ~/.julia/packages/SciMLBase/VW1cI/src/integrator_interface.jl:623
┌ Warning: At t=-0.023020026785677036, dt was forced below floating point epsilon 3.469446951953614e-18, and step error estimate = 20.76869023606603. Aborting. There is either an error in your model specification or the true solution is unstable (or the true solution can not be represented in the precision of Float64).
└ @ SciMLBase ~/.julia/packages/SciMLBase/VW1cI/src/integrator_interface.jl:623
┌ Warning: At t=-0.9984754235059965, dt was forced below floating point epsilon 1.1102230246251565e-16, and step error estimate = 1.1798015795786196. Aborting. There is either an error in your model specification or the true solution is unstable (or the true solution can not be represented in the precision of Float64).
└ @ SciMLBase ~/.julia/packages/SciMLBase/VW1cI/src/integrator_interface.jl:623
┌ Warning: At t=-0.9909482475506581, dt was forced below floating point epsilon 1.1102230246251565e-16, and step error estimate = 1.0044879135177127. Aborting. There is either an error in your model specification or the true solution is unstable (or the true solution can not be represented in the precision of Float64).
└ @ SciMLBase ~/.julia/packages/SciMLBase/VW1cI/src/integrator_interface.jl:623
┌ Warning: At t=-0.8564513294091153, dt was forced below floating point epsilon 1.1102230246251565e-16, and step error estimate = 113.7261930076432. Aborting. There is either an error in your model specification or the true solution is unstable (or the true solution can not be represented in the precision of Float64).
└ @ SciMLBase ~/.julia/packages/SciMLBase/VW1cI/src/integrator_interface.jl:623
┌ Warning: At t=-0.9643843242540594, dt was forced below floating point epsilon 1.1102230246251565e-16, and step error estimate = 1.038892759725751. Aborting. There is either an error in your model specification or the true solution is unstable (or the true solution can not be represented in the precision of Float64).
└ @ SciMLBase ~/.julia/packages/SciMLBase/VW1cI/src/integrator_interface.jl:623
┌ Warning: At t=-0.5168364301224683, dt was forced below floating point epsilon 1.1102230246251565e-16, and step error estimate = 1.167190870504204. Aborting. There is either an error in your model specification or the true solution is unstable (or the true solution can not be represented in the precision of Float64).
└ @ SciMLBase ~/.julia/packages/SciMLBase/VW1cI/src/integrator_interface.jl:623
┌ Warning: At t=0.2857665946304304, dt was forced below floating point epsilon 5.551115123125783e-17, and step error estimate = 1.0276063332233052. Aborting. There is either an error in your model specification or the true solution is unstable (or the true solution can not be represented in the precision of Float64).
└ @ SciMLBase ~/.julia/packages/SciMLBase/VW1cI/src/integrator_interface.jl:623
┌ Warning: At t=-0.08284985536584077, dt was forced below floating point epsilon 1.3877787807814457e-17, and step error estimate = 79.97642426518163. Aborting. There is either an error in your model specification or the true solution is unstable (or the true solution can not be represented in the precision of Float64).
└ @ SciMLBase ~/.julia/packages/SciMLBase/VW1cI/src/integrator_interface.jl:623
┌ Warning: At t=-0.26193807692724286, dt was forced below floating point epsilon 5.551115123125783e-17, and step error estimate = 1018.177590302694. Aborting. There is either an error in your model specification or the true solution is unstable (or the true solution can not be represented in the precision of Float64).
└ @ SciMLBase ~/.julia/packages/SciMLBase/VW1cI/src/integrator_interface.jl:623
┌ Warning: At t=-0.7225251582208801, dt was forced below floating point epsilon 1.1102230246251565e-16, and step error estimate = 1.2235525603097293. Aborting. There is either an error in your model specification or the true solution is unstable (or the true solution can not be represented in the precision of Float64).
└ @ SciMLBase ~/.julia/packages/SciMLBase/VW1cI/src/integrator_interface.jl:623
┌ Warning: At t=-0.49314405317283494, dt was forced below floating point epsilon 5.551115123125783e-17, and step error estimate = 1.0245595536428844. Aborting. There is either an error in your model specification or the true solution is unstable (or the true solution can not be represented in the precision of Float64).
└ @ SciMLBase ~/.julia/packages/SciMLBase/VW1cI/src/integrator_interface.jl:623
┌ Warning: At t=-0.30913141725401944, dt was forced below floating point epsilon 5.551115123125783e-17, and step error estimate = 372.0468809682412. Aborting. There is either an error in your model specification or the true solution is unstable (or the true solution can not be represented in the precision of Float64).
└ @ SciMLBase ~/.julia/packages/SciMLBase/VW1cI/src/integrator_interface.jl:623
┌ Warning: At t=-0.42451795705069173, dt was forced below floating point epsilon 5.551115123125783e-17, and step error estimate = 1684.6362052236934. Aborting. There is either an error in your model specification or the true solution is unstable (or the true solution can not be represented in the precision of Float64).
└ @ SciMLBase ~/.julia/packages/SciMLBase/VW1cI/src/integrator_interface.jl:623
┌ Warning: At t=-0.716542765834396, dt was forced below floating point epsilon 1.1102230246251565e-16, and step error estimate = 1.022863939760459. Aborting. There is either an error in your model specification or the true solution is unstable (or the true solution can not be represented in the precision of Float64).
└ @ SciMLBase ~/.julia/packages/SciMLBase/VW1cI/src/integrator_interface.jl:623
┌ Warning: At t=0.9755914919251232, dt was forced below floating point epsilon 1.1102230246251565e-16, and step error estimate = 1.1687513586368532. Aborting. There is either an error in your model specification or the true solution is unstable (or the true solution can not be represented in the precision of Float64).
└ @ SciMLBase ~/.julia/packages/SciMLBase/VW1cI/src/integrator_interface.jl:623
┌ Warning: At t=-0.5942272941719752, dt was forced below floating point epsilon 1.1102230246251565e-16, and step error estimate = 7851.056543097892. Aborting. There is either an error in your model specification or the true solution is unstable (or the true solution can not be represented in the precision of Float64).
└ @ SciMLBase ~/.julia/packages/SciMLBase/VW1cI/src/integrator_interface.jl:623
┌ Warning: At t=-0.27664783399871723, dt was forced below floating point epsilon 5.551115123125783e-17, and step error estimate = 1.089546155621681. Aborting. There is either an error in your model specification or the true solution is unstable (or the true solution can not be represented in the precision of Float64).
└ @ SciMLBase ~/.julia/packages/SciMLBase/VW1cI/src/integrator_interface.jl:623
┌ Warning: At t=-0.24079046782948096, dt was forced below floating point epsilon 2.7755575615628914e-17, and step error estimate = 48.23047349684455. Aborting. There is either an error in your model specification or the true solution is unstable (or the true solution can not be represented in the precision of Float64).
└ @ SciMLBase ~/.julia/packages/SciMLBase/VW1cI/src/integrator_interface.jl:623
┌ Warning: At t=-0.3878527261350904, dt was forced below floating point epsilon 5.551115123125783e-17, and step error estimate = 51.33098529932626. Aborting. There is either an error in your model specification or the true solution is unstable (or the true solution can not be represented in the precision of Float64).
└ @ SciMLBase ~/.julia/packages/SciMLBase/VW1cI/src/integrator_interface.jl:623
┌ Warning: At t=-0.9841943097454056, dt was forced below floating point epsilon 1.1102230246251565e-16, and step error estimate = 1.151254444032715. Aborting. There is either an error in your model specification or the true solution is unstable (or the true solution can not be represented in the precision of Float64).
└ @ SciMLBase ~/.julia/packages/SciMLBase/VW1cI/src/integrator_interface.jl:623
┌ Warning: At t=-0.9943135776858273, dt was forced below floating point epsilon 1.1102230246251565e-16, and step error estimate = 96.2397419710172. Aborting. There is either an error in your model specification or the true solution is unstable (or the true solution can not be represented in the precision of Float64).
└ @ SciMLBase ~/.julia/packages/SciMLBase/VW1cI/src/integrator_interface.jl:623
┌ Warning: At t=-0.9466866980176603, dt was forced below floating point epsilon 1.1102230246251565e-16, and step error estimate = 1.0839231332961756. Aborting. There is either an error in your model specification or the true solution is unstable (or the true solution can not be represented in the precision of Float64).
└ @ SciMLBase ~/.julia/packages/SciMLBase/VW1cI/src/integrator_interface.jl:623
┌ Warning: At t=-0.015279831204685316, dt was forced below floating point epsilon 1.734723475976807e-18, and step error estimate = 118.09863778056706. Aborting. There is either an error in your model specification or the true solution is unstable (or the true solution can not be represented in the precision of Float64).
└ @ SciMLBase ~/.julia/packages/SciMLBase/VW1cI/src/integrator_interface.jl:623
┌ Warning: At t=0.2857665946319877, dt was forced below floating point epsilon 5.551115123125783e-17, and step error estimate = 1.0457668239059905. Aborting. There is either an error in your model specification or the true solution is unstable (or the true solution can not be represented in the precision of Float64).
└ @ SciMLBase ~/.julia/packages/SciMLBase/VW1cI/src/integrator_interface.jl:623
┌ Warning: At t=0.4086200808766634, dt was forced below floating point epsilon 5.551115123125783e-17, and step error estimate = 379.8429329123593. Aborting. There is either an error in your model specification or the true solution is unstable (or the true solution can not be represented in the precision of Float64).
└ @ SciMLBase ~/.julia/packages/SciMLBase/VW1cI/src/integrator_interface.jl:623
┌ Warning: At t=-0.6095189950173678, dt was forced below floating point epsilon 1.1102230246251565e-16, and step error estimate = 1.3445621001377723. Aborting. There is either an error in your model specification or the true solution is unstable (or the true solution can not be represented in the precision of Float64).
└ @ SciMLBase ~/.julia/packages/SciMLBase/VW1cI/src/integrator_interface.jl:623
┌ Warning: At t=-0.7346433559257272, dt was forced below floating point epsilon 1.1102230246251565e-16, and step error estimate = 1.023564459618189. Aborting. There is either an error in your model specification or the true solution is unstable (or the true solution can not be represented in the precision of Float64).
└ @ SciMLBase ~/.julia/packages/SciMLBase/VW1cI/src/integrator_interface.jl:623
┌ Warning: At t=-0.07667474494498497, dt was forced below floating point epsilon 1.3877787807814457e-17, and step error estimate = 1.2386837730232183. Aborting. There is either an error in your model specification or the true solution is unstable (or the true solution can not be represented in the precision of Float64).
└ @ SciMLBase ~/.julia/packages/SciMLBase/VW1cI/src/integrator_interface.jl:623
┌ Warning: At t=-0.6653445301988362, dt was forced below floating point epsilon 1.1102230246251565e-16, and step error estimate = 1.0490005959139475. Aborting. There is either an error in your model specification or the true solution is unstable (or the true solution can not be represented in the precision of Float64).
└ @ SciMLBase ~/.julia/packages/SciMLBase/VW1cI/src/integrator_interface.jl:623
┌ Warning: At t=-1.0, dt was forced below floating point epsilon 2.220446049250313e-16, and step error estimate = 6.740837788850188. Aborting. There is either an error in your model specification or the true solution is unstable (or the true solution can not be represented in the precision of Float64).
└ @ SciMLBase ~/.julia/packages/SciMLBase/VW1cI/src/integrator_interface.jl:623
┌ Warning: At t=-0.9979999983543526, dt was forced below floating point epsilon 1.1102230246251565e-16, and step error estimate = NaN. Aborting. There is either an error in your model specification or the true solution is unstable (or the true solution can not be represented in the precision of Float64).
└ @ SciMLBase ~/.julia/packages/SciMLBase/VW1cI/src/integrator_interface.jl:623
┌ Warning: At t=-1.0, dt was forced below floating point epsilon 2.220446049250313e-16, and step error estimate = 6.740837788850188. Aborting. There is either an error in your model specification or the true solution is unstable (or the true solution can not be represented in the precision of Float64).
└ @ SciMLBase ~/.julia/packages/SciMLBase/VW1cI/src/integrator_interface.jl:623
┌ Warning: At t=-0.8857095984615728, dt was forced below floating point epsilon 1.1102230246251565e-16, and step error estimate = 1.2096250270268263. Aborting. There is either an error in your model specification or the true solution is unstable (or the true solution can not be represented in the precision of Float64).
└ @ SciMLBase ~/.julia/packages/SciMLBase/VW1cI/src/integrator_interface.jl:623
┌ Warning: At t=0.7066960810638869, dt was forced below floating point epsilon 1.1102230246251565e-16, and step error estimate = 1.0609343472891186. Aborting. There is either an error in your model specification or the true solution is unstable (or the true solution can not be represented in the precision of Float64).
└ @ SciMLBase ~/.julia/packages/SciMLBase/VW1cI/src/integrator_interface.jl:623
┌ Warning: At t=-0.9601764138827216, dt was forced below floating point epsilon 1.1102230246251565e-16, and step error estimate = 81.83356634061573. Aborting. There is either an error in your model specification or the true solution is unstable (or the true solution can not be represented in the precision of Float64).
└ @ SciMLBase ~/.julia/packages/SciMLBase/VW1cI/src/integrator_interface.jl:623
┌ Warning: At t=-0.946686698022, dt was forced below floating point epsilon 1.1102230246251565e-16, and step error estimate = 1.100027907869726. Aborting. There is either an error in your model specification or the true solution is unstable (or the true solution can not be represented in the precision of Float64).
└ @ SciMLBase ~/.julia/packages/SciMLBase/VW1cI/src/integrator_interface.jl:623
┌ Warning: At t=-0.9951233694708412, dt was forced below floating point epsilon 1.1102230246251565e-16, and step error estimate = 1.0550386975233992. Aborting. There is either an error in your model specification or the true solution is unstable (or the true solution can not be represented in the precision of Float64).
└ @ SciMLBase ~/.julia/packages/SciMLBase/VW1cI/src/integrator_interface.jl:623
┌ Warning: At t=-0.8991486677874825, dt was forced below floating point epsilon 1.1102230246251565e-16, and step error estimate = 1.2106549645102436. Aborting. There is either an error in your model specification or the true solution is unstable (or the true solution can not be represented in the precision of Float64).
└ @ SciMLBase ~/.julia/packages/SciMLBase/VW1cI/src/integrator_interface.jl:623
┌ Warning: At t=-0.24079046782948096, dt was forced below floating point epsilon 2.7755575615628914e-17, and step error estimate = 48.23047349684455. Aborting. There is either an error in your model specification or the true solution is unstable (or the true solution can not be represented in the precision of Float64).
└ @ SciMLBase ~/.julia/packages/SciMLBase/VW1cI/src/integrator_interface.jl:623
┌ Warning: At t=-0.29747281628445993, dt was forced below floating point epsilon 5.551115123125783e-17, and step error estimate = 1.1728522880539272. Aborting. There is either an error in your model specification or the true solution is unstable (or the true solution can not be represented in the precision of Float64).
└ @ SciMLBase ~/.julia/packages/SciMLBase/VW1cI/src/integrator_interface.jl:623
┌ Warning: At t=-0.5729026580455563, dt was forced below floating point epsilon 1.1102230246251565e-16, and step error estimate = 1655.6486909784796. Aborting. There is either an error in your model specification or the true solution is unstable (or the true solution can not be represented in the precision of Float64).
└ @ SciMLBase ~/.julia/packages/SciMLBase/VW1cI/src/integrator_interface.jl:623
┌ Warning: At t=-0.997851960856366, dt was forced below floating point epsilon 1.1102230246251565e-16, and step error estimate = NaN. Aborting. There is either an error in your model specification or the true solution is unstable (or the true solution can not be represented in the precision of Float64).
└ @ SciMLBase ~/.julia/packages/SciMLBase/VW1cI/src/integrator_interface.jl:623
┌ Warning: At t=-0.9976670428703149, dt was forced below floating point epsilon 1.1102230246251565e-16, and step error estimate = NaN. Aborting. There is either an error in your model specification or the true solution is unstable (or the true solution can not be represented in the precision of Float64).
└ @ SciMLBase ~/.julia/packages/SciMLBase/VW1cI/src/integrator_interface.jl:623
┌ Warning: At t=-0.35151194784549983, dt was forced below floating point epsilon 5.551115123125783e-17, and step error estimate = 311.2380249165483. Aborting. There is either an error in your model specification or the true solution is unstable (or the true solution can not be represented in the precision of Float64).
└ @ SciMLBase ~/.julia/packages/SciMLBase/VW1cI/src/integrator_interface.jl:623
┌ Warning: At t=0.29074717244140963, dt was forced below floating point epsilon 5.551115123125783e-17, and step error estimate = 1.015112085556503. Aborting. There is either an error in your model specification or the true solution is unstable (or the true solution can not be represented in the precision of Float64).
└ @ SciMLBase ~/.julia/packages/SciMLBase/VW1cI/src/integrator_interface.jl:623
┌ Warning: At t=-0.9144281072813467, dt was forced below floating point epsilon 1.1102230246251565e-16, and step error estimate = NaN. Aborting. There is either an error in your model specification or the true solution is unstable (or the true solution can not be represented in the precision of Float64).
└ @ SciMLBase ~/.julia/packages/SciMLBase/VW1cI/src/integrator_interface.jl:623
┌ Warning: At t=-0.7165427658343944, dt was forced below floating point epsilon 1.1102230246251565e-16, and step error estimate = 1.0120318790198997. Aborting. There is either an error in your model specification or the true solution is unstable (or the true solution can not be represented in the precision of Float64).
└ @ SciMLBase ~/.julia/packages/SciMLBase/VW1cI/src/integrator_interface.jl:623
┌ Warning: At t=-0.959701873396947, dt was forced below floating point epsilon 1.1102230246251565e-16, and step error estimate = 1.0944206890036692. Aborting. There is either an error in your model specification or the true solution is unstable (or the true solution can not be represented in the precision of Float64).
└ @ SciMLBase ~/.julia/packages/SciMLBase/VW1cI/src/integrator_interface.jl:623
┌ Warning: At t=0.6338198319161414, dt was forced below floating point epsilon 1.1102230246251565e-16, and step error estimate = 1.2848859960626762. Aborting. There is either an error in your model specification or the true solution is unstable (or the true solution can not be represented in the precision of Float64).
└ @ SciMLBase ~/.julia/packages/SciMLBase/VW1cI/src/integrator_interface.jl:623
┌ Warning: At t=0.6338198319161414, dt was forced below floating point epsilon 1.1102230246251565e-16, and step error estimate = 1.2848859960626762. Aborting. There is either an error in your model specification or the true solution is unstable (or the true solution can not be represented in the precision of Float64).
└ @ SciMLBase ~/.julia/packages/SciMLBase/VW1cI/src/integrator_interface.jl:623
┌ Warning: At t=-0.4170338581956096, dt was forced below floating point epsilon 5.551115123125783e-17, and step error estimate = 468.15794468486143. Aborting. There is either an error in your model specification or the true solution is unstable (or the true solution can not be represented in the precision of Float64).
└ @ SciMLBase ~/.julia/packages/SciMLBase/VW1cI/src/integrator_interface.jl:623
┌ Warning: At t=-0.4236123198491709, dt was forced below floating point epsilon 5.551115123125783e-17, and step error estimate = 1.0612002282002375. Aborting. There is either an error in your model specification or the true solution is unstable (or the true solution can not be represented in the precision of Float64).
└ @ SciMLBase ~/.julia/packages/SciMLBase/VW1cI/src/integrator_interface.jl:623
┌ Warning: At t=-0.9979999994160513, dt was forced below floating point epsilon 1.1102230246251565e-16, and step error estimate = NaN. Aborting. There is either an error in your model specification or the true solution is unstable (or the true solution can not be represented in the precision of Float64).
└ @ SciMLBase ~/.julia/packages/SciMLBase/VW1cI/src/integrator_interface.jl:623
┌ Warning: At t=-0.997999887290209, dt was forced below floating point epsilon 1.1102230246251565e-16, and step error estimate = 1.9901506343186963. Aborting. There is either an error in your model specification or the true solution is unstable (or the true solution can not be represented in the precision of Float64).
└ @ SciMLBase ~/.julia/packages/SciMLBase/VW1cI/src/integrator_interface.jl:623
┌ Warning: At t=-0.9969305498095159, dt was forced below floating point epsilon 1.1102230246251565e-16, and step error estimate = NaN. Aborting. There is either an error in your model specification or the true solution is unstable (or the true solution can not be represented in the precision of Float64).
└ @ SciMLBase ~/.julia/packages/SciMLBase/VW1cI/src/integrator_interface.jl:623
┌ Warning: At t=-0.45022027772219053, dt was forced below floating point epsilon 5.551115123125783e-17, and step error estimate = 202.4848191536715. Aborting. There is either an error in your model specification or the true solution is unstable (or the true solution can not be represented in the precision of Float64).
└ @ SciMLBase ~/.julia/packages/SciMLBase/VW1cI/src/integrator_interface.jl:623
┌ Warning: At t=-0.6053379470592414, dt was forced below floating point epsilon 1.1102230246251565e-16, and step error estimate = 1.463071447394045. Aborting. There is either an error in your model specification or the true solution is unstable (or the true solution can not be represented in the precision of Float64).
└ @ SciMLBase ~/.julia/packages/SciMLBase/VW1cI/src/integrator_interface.jl:623
┌ Warning: At t=-0.9151396387802153, dt was forced below floating point epsilon 1.1102230246251565e-16, and step error estimate = 1.044379236676623. Aborting. There is either an error in your model specification or the true solution is unstable (or the true solution can not be represented in the precision of Float64).
└ @ SciMLBase ~/.julia/packages/SciMLBase/VW1cI/src/integrator_interface.jl:623
┌ Warning: At t=-0.9581574896128662, dt was forced below floating point epsilon 1.1102230246251565e-16, and step error estimate = 1.2261391662232288. Aborting. There is either an error in your model specification or the true solution is unstable (or the true solution can not be represented in the precision of Float64).
└ @ SciMLBase ~/.julia/packages/SciMLBase/VW1cI/src/integrator_interface.jl:623
LinearAlgebra.PosDefException(2)
LinearAlgebra.PosDefException(3)
LinearAlgebra.PosDefException(3)
LinearAlgebra.PosDefException(4)
LinearAlgebra.PosDefException(6)
LinearAlgebra.PosDefException(6)
LinearAlgebra.PosDefException(90)
LinearAlgebra.PosDefException(3)
LinearAlgebra.PosDefException(3)
LinearAlgebra.PosDefException(2)
LinearAlgebra.PosDefException(2)
LinearAlgebra.PosDefException(3)
LinearAlgebra.PosDefException(6)
LinearAlgebra.PosDefException(6)
LinearAlgebra.PosDefException(2)
LinearAlgebra.PosDefException(5)
LinearAlgebra.PosDefException(4)
LinearAlgebra.PosDefException(3)
LinearAlgebra.PosDefException(2)
LinearAlgebra.PosDefException(2)
LinearAlgebra.PosDefException(3)
LinearAlgebra.PosDefException(3)
LinearAlgebra.PosDefException(4)
LinearAlgebra.PosDefException(94)
LinearAlgebra.PosDefException(3)
LinearAlgebra.PosDefException(2)
LinearAlgebra.PosDefException(5)
LinearAlgebra.PosDefException(13)
LinearAlgebra.PosDefException(8)
LinearAlgebra.PosDefException(2)
LinearAlgebra.PosDefException(2)
LinearAlgebra.PosDefException(2)
LinearAlgebra.PosDefException(4)
LinearAlgebra.PosDefException(3)
LinearAlgebra.PosDefException(5)
LinearAlgebra.PosDefException(89)
LinearAlgebra.PosDefException(2)
LinearAlgebra.PosDefException(2)
LinearAlgebra.PosDefException(2)
LinearAlgebra.PosDefException(2)
LinearAlgebra.PosDefException(4)
LinearAlgebra.PosDefException(4)
LinearAlgebra.PosDefException(5)
LinearAlgebra.PosDefException(2)
LinearAlgebra.PosDefException(3)
LinearAlgebra.PosDefException(4)
LinearAlgebra.PosDefException(3)
LinearAlgebra.PosDefException(6)
LinearAlgebra.PosDefException(3)
LinearAlgebra.PosDefException(3)
LinearAlgebra.PosDefException(4)
LinearAlgebra.PosDefException(6)
LinearAlgebra.PosDefException(93)
LinearAlgebra.PosDefException(3)
LinearAlgebra.PosDefException(2)
LinearAlgebra.PosDefException(3)
LinearAlgebra.PosDefException(11)
LinearAlgebra.PosDefException(3)
LinearAlgebra.PosDefException(2)
LinearAlgebra.PosDefException(3)
LinearAlgebra.PosDefException(3)
LinearAlgebra.PosDefException(4)
LinearAlgebra.PosDefException(5)
LinearAlgebra.PosDefException(7)
LinearAlgebra.PosDefException(92)
LinearAlgebra.PosDefException(2)
LinearAlgebra.PosDefException(3)
LinearAlgebra.PosDefException(2)
LinearAlgebra.PosDefException(2)
LinearAlgebra.PosDefException(3)
LinearAlgebra.PosDefException(4)
LinearAlgebra.PosDefException(7)
LinearAlgebra.PosDefException(3)
LinearAlgebra.PosDefException(5)
LinearAlgebra.PosDefException(4)
LinearAlgebra.PosDefException(3)
LinearAlgebra.PosDefException(2)
LinearAlgebra.PosDefException(2)
LinearAlgebra.PosDefException(3)
LinearAlgebra.PosDefException(3)
LinearAlgebra.PosDefException(4)
LinearAlgebra.PosDefException(96)
LinearAlgebra.PosDefException(3)
LinearAlgebra.PosDefException(2)
LinearAlgebra.PosDefException(3)
LinearAlgebra.PosDefException(11)
LinearAlgebra.PosDefException(7)
Optimization improved residual by 0.004725192755306552 (from 0.004725192755612853 to 3.0630108669276254e-13)
Optimization improved residual by 0.241797021186255 (from 0.24179702118658636 to 3.3135673068499595e-13)
Optimization improved residual by 260.07083576119277 (from 260.0708357611935 to 7.6146579066032e-13)
Optimization improved residual by 14.970173021940958 (from 14.970173021941322 to 3.643962455039427e-13)
Optimization improved residual by 0.039679615857039136 (from 0.03967961585750375 to 4.646142214440415e-13)
Optimization improved residual by 0.02881897119050543 (from 0.02881897119068008 to 1.7465348807875765e-13)
Optimization did not improve residual (initial: 1.3339562533701836e-15, final: 1.3339562533701836e-15)
Optimization improved residual by 3.3801540602592355 (from 3.38015406025986 to 6.245492963590222e-13)
Optimization improved residual by 0.22938989512508864 (from 0.22938989512513067 to 4.201296128825867e-14)
Optimization improved residual by 0.04026670190682151 (from 0.04026670190740427 to 5.827649689253009e-13)
Optimization did not improve residual (initial: 2.253837275212606e-16, final: 2.253837275212606e-16)
Optimization improved residual by 0.6585780989050009 (from 0.6585780989052437 to 2.428489832232162e-13)
Optimization improved residual by 0.5187326594233678 (from 0.5187326594234033 to 3.548778285243102e-14)
Optimization did not improve residual (initial: 8.739124598381459e-17, final: 8.739124598381459e-17)
Optimization did not improve residual (initial: 1.7426462119771855e-15, final: 1.7426462119771855e-15)
Optimization improved residual by 0.12245490160151895 (from 0.12245490160248683 to 9.678786430095679e-13)
Optimization improved residual by 0.04765731594655781 (from 0.04765731594656228 to 4.468552355419155e-15)
Optimization did not improve residual (initial: 9.22246730222687e-17, final: 9.22246730222687e-17)
Optimization did not improve residual (initial: 1.2424450736145182e-16, final: 1.2424450736145182e-16)
Optimization improved residual by 0.007880171242494518 (from 0.007880171243492315 to 9.977965424381526e-13)
Optimization improved residual by 3.1014946981510225 (from 3.1014946981517664 to 7.43911539127695e-13)
Optimization improved residual by 0.6501202839527455 (from 0.6501202839529407 to 1.9531855166156186e-13)
Optimization improved residual by 0.027195993558805143 (from 0.027195993558833596 to 2.845329245821638e-14)
Optimization improved residual by 0.014531536473136038 (from 0.014531536473147838 to 1.1799443219828458e-14)
Optimization improved residual by 0.03885314897352999 (from 0.03885314897378056 to 2.5057219655930404e-13)
Optimization improved residual by 0.08523860604386921 (from 0.0852386060438816 to 1.2389307611470828e-14)
Optimization improved residual by 0.034733599145654964 (from 0.0347335991460762 to 4.212334158196056e-13)
Optimization did not improve residual (initial: 1.1014128063757933e-16, final: 1.1014128063757933e-16)
Optimization improved residual by 10.270987977436524 (from 10.270987977436864 to 3.4010140616209973e-13)
Optimization improved residual by 1.4576812246441435 (from 1.4576812246442228 to 7.930725479426211e-14)
Optimization improved residual by 0.062126873129577175 (from 0.06212687312957892 to 1.747232573281532e-15)
Optimization did not improve residual (initial: 3.74510993736837e-17, final: 3.74510993736837e-17)
Optimization improved residual by 0.0244152986029884 (from 0.02441529860359273 to 6.043299445922171e-13)
Optimization improved residual by 0.5187326594233678 (from 0.5187326594234033 to 3.548778285243102e-14)
Optimization improved residual by 0.08683254439436233 (from 0.08683254439452155 to 1.5921457694599586e-13)
Optimization improved residual by 0.0065441111256518535 (from 0.006544111125692688 to 4.08343516261277e-14)
Optimization did not improve residual (initial: 1.0313395609370348e-16, final: 1.0313395609370348e-16)
Optimization did not improve residual (initial: 7.281006473920519e-13, final: 7.281006473920519e-13)
Optimization improved residual by 11.080154274483514 (from 11.080154274483803 to 2.899756034678605e-13)
Optimization improved residual by 6.476168937655161e-5 (from 6.476168939699461e-5 to 2.0442997963432077e-14)
Optimization improved residual by 0.253174154587121 (from 0.2531741545872378 to 1.16783911828096e-13)
Optimization improved residual by 0.05336531793573579 (from 0.05336531793584007 to 1.0427685181163169e-13)
Optimization improved residual by 5.655245590259642 (from 5.655245590260344 to 7.012946003426034e-13)
Optimization did not improve residual (initial: 1.5121408662907555e-16, final: 1.5121408662907555e-16)
Optimization improved residual by 15.058551985565803 (from 15.0585519855662 to 3.987681376052233e-13)
Optimization did not improve residual (initial: 1.1903062106843452e-15, final: 1.1903062106843452e-15)
Optimization improved residual by 0.09517255546301509 (from 0.0951725554635747 to 5.596063913555066e-13)
Optimization improved residual by 0.6501202839527455 (from 0.6501202839529407 to 1.9531855166156186e-13)
Optimization improved residual by 0.14092230674100864 (from 0.14092230674108067 to 7.2017312821811e-14)
Optimization improved residual by 1.4576812246441435 (from 1.4576812246442228 to 7.930725479426211e-14)
Optimization improved residual by 0.014531536473131138 (from 0.014531536473147873 to 1.673506836809158e-14)
Optimization did not improve residual (initial: 1.82020464061732e-16, final: 1.82020464061732e-16)
Optimization improved residual by 8.470255751992415 (from 8.470255751992665 to 2.5132327062589195e-13)
Optimization improved residual by 0.027195993558826365 (from 0.027195993558833582 to 7.217437519554068e-15)
Optimization did not improve residual (initial: 7.925017457989806e-15, final: 7.925017457989806e-15)
Optimization did not improve residual (initial: 3.163660324699282e-17, final: 3.163660324699282e-17)
Optimization improved residual by 0.3939090821678606 (from 0.3939090821678804 to 1.9818327647977115e-14)
Optimization improved residual by 0.009908650017261643 (from 0.0099086500174654 to 2.0375726628525168e-13)
Optimization improved residual by 0.053365317935039014 (from 0.05336531793584001 to 8.0100110734897e-13)
Optimization improved residual by 0.02506290008436042 (from 0.02506290008449655 to 1.3613107394671932e-13)
Optimization improved residual by 1.04512058534468 (from 1.0451205853455992 to 9.189615281473061e-13)
Optimization improved residual by 0.062126873129565496 (from 0.06212687312957889 to 1.3388987060937957e-14)
Optimization improved residual by 91.7644354582567 (from 91.76443545825704 to 3.4523962089123975e-13)
Optimization did not improve residual (initial: 6.715233556518033e-16, final: 6.715233556518033e-16)
Optimization did not improve residual (initial: 3.7517549653480425e-13, final: 3.7517549653480425e-13)
Optimization improved residual by 1.4576812246437636 (from 1.4576812246442228 to 4.590977542920948e-13)
Optimization did not improve residual (initial: 9.095226561040318e-13, final: 9.095226561040318e-13)
Optimization improved residual by 1.04512058534468 (from 1.0451205853455992 to 9.189615281473061e-13)
Optimization improved residual by 3.3801540602591413 (from 3.380154060259862 to 7.206269051649914e-13)
Optimization improved residual by 0.03885314897370718 (from 0.03885314897378055 to 7.33694721230178e-14)
Optimization improved residual by 0.450380630244795 (from 0.4503806302448094 to 1.4373200620602962e-14)
Optimization improved residual by 39.30718604447424 (from 39.30718604447513 to 8.896805758598641e-13)
Optimization improved residual by 0.004982917255550722 (from 0.00498291725556676 to 1.603878614962469e-14)
Optimization improved residual by 14.970173021940752 (from 14.970173021941322 to 5.693609043228237e-13)
Optimization did not improve residual (initial: 9.095226561040316e-13, final: 9.095226561040316e-13)
Optimization did not improve residual (initial: 1.0117662635899764e-16, final: 1.0117662635899764e-16)
Optimization did not improve residual (initial: 3.163660324699282e-17, final: 3.163660324699282e-17)
Optimization improved residual by 0.009908650017438188 (from 0.0099086500174654 to 2.7213219473311475e-14)
Optimization did not improve residual (initial: 8.527828994241588e-14, final: 8.527828994241588e-14)
Optimization improved residual by 0.007880171243481175 (from 0.007880171243492315 to 1.1141091785810418e-14)
Optimization improved residual by 4.6627533253707085 (from 4.662753325370994 to 2.8485022580777986e-13)
Optimization improved residual by 3.101494698151014 (from 3.1014946981517673 to 7.532817208081188e-13)
Optimization improved residual by 0.1243437431322316 (from 0.12434374313310732 to 8.757251663301593e-13)
Optimization improved residual by 0.02506290008436042 (from 0.02506290008449655 to 1.3613107394671932e-13)
Optimization improved residual by 10.270987977436524 (from 10.270987977436864 to 3.4010140616209973e-13)
Optimization improved residual by 0.11203798832563029 (from 0.11203798832563241 to 2.1257130770103894e-15)
Optimization did not improve residual (initial: 2.6138566573098876e-13, final: 2.6138566573098876e-13)
Optimization improved residual by 0.08122484394875704 (from 0.08122484394937553 to 6.184961760223439e-13)
Optimization improved residual by 30.052592192907344 (from 30.052592192907746 to 4.030691441887398e-13)
Optimization improved residual by 0.09133862017460691 (from 0.09133862017505327 to 4.4635886903247736e-13)
Optimization did not improve residual (initial: 1.022317449577956e-15, final: 1.022317449577956e-15)
Optimization did not improve residual (initial: 5.883144221797128e-17, final: 5.883144221797128e-17)
Optimization improved residual by 16.851029986967482 (from 16.851029986968257 to 7.737455055687045e-13)
Optimization did not improve residual (initial: 9.996666698727064e-16, final: 9.996666698727064e-16)
Optimization improved residual by 0.00498291725544336 (from 0.004982917255566774 to 1.234143285630832e-13)
Optimization improved residual by 0.12245490160243036 (from 0.12245490160248682 to 5.644865970009452e-14)
Optimization improved residual by 0.053365317935039014 (from 0.05336531793584001 to 8.0100110734897e-13)
Optimization improved residual by 0.19161159132317138 (from 0.19161159132409641 to 9.25037624202395e-13)
Optimization improved residual by 0.027195993558805143 (from 0.027195993558833596 to 2.845329245821638e-14)
Optimization improved residual by 0.09517255546301509 (from 0.0951725554635747 to 5.596063913555066e-13)
Optimization improved residual by 2.578904511467768e-17 (from 7.238704040244654e-17 to 4.6597995287768864e-17)
Optimization improved residual by 0.02586887352830547 (from 0.025868873528602492 to 2.9702179640484355e-13)
Optimization improved residual by 0.5187326594231533 (from 0.5187326594234037 to 2.5051175927983906e-13)
Optimization improved residual by 0.16053093400808138 (from 0.16053093400848165 to 4.0025414186364743e-13)
Optimization did not improve residual (initial: 5.725798495019157e-15, final: 5.725798495019157e-15)
Optimization did not improve residual (initial: 1.0116697548374198e-16, final: 1.0116697548374198e-16)
Optimization improved residual by 0.4079673671332743 (from 0.40796736713377724 to 5.02923541319449e-13)
Optimization improved residual by 0.039679615857039136 (from 0.03967961585750375 to 4.646142214440415e-13)
Optimization did not improve residual (initial: 1.3908720858081985e-16, final: 1.3908720858081985e-16)
Optimization did not improve residual (initial: 9.137838645088299e-17, final: 9.137838645088299e-17)
Optimization improved residual by 0.1044518461743799 (from 0.10445184617486883 to 4.889272552116532e-13)
Optimization improved residual by 1.3351523062324926 (from 1.3351523062326827 to 1.9014185928729692e-13)
Optimization improved residual by 5.139242391621022 (from 5.1392423916213215 to 2.9964393044130415e-13)
Optimization improved residual by 0.05336531793573579 (from 0.05336531793584007 to 1.0427685181163169e-13)
Optimization improved residual by 0.025062900084359734 (from 0.025062900084496582 to 1.3684756013175404e-13)
Optimization did not improve residual (initial: 3.6825649844335446e-16, final: 3.6825649844335446e-16)
Optimization did not improve residual (initial: 5.873943137830479e-15, final: 5.873943137830479e-15)
Optimization improved residual by 4.662753325370955 (from 4.6627533253709945 to 3.869951126706019e-14)
Optimization did not improve residual (initial: 2.182082910693179e-15, final: 2.182082910693179e-15)
Optimization did not improve residual (initial: 1.1769893473439557e-13, final: 1.1769893473439557e-13)
Optimization did not improve residual (initial: 1.1014128063757933e-16, final: 1.1014128063757933e-16)
Optimization improved residual by 0.058600066976195596 (from 0.058600066976309796 to 1.141984844762426e-13)
Optimization improved residual by 10.958352128261158 (from 10.958352128261518 to 3.6123892536036516e-13)
Optimization improved residual by 5.655245590259642 (from 5.655245590260344 to 7.012946003426034e-13)
Optimization improved residual by 0.2171838065462827 (from 0.2171838065464064 to 1.2371232929919166e-13)
Optimization improved residual by 0.025682618583423016 (from 0.025682618583598108 to 1.7509102577397398e-13)
Optimization improved residual by 0.9183629851947971 (from 0.918362985194818 to 2.082209983349528e-14)
Optimization improved residual by 0.4337143726116091 (from 0.43371437261177026 to 1.611656720926487e-13)
Optimization improved residual by 0.014531536473136038 (from 0.014531536473147838 to 1.1799443219828458e-14)
Optimization improved residual by 0.062126873129565496 (from 0.06212687312957889 to 1.3388987060937957e-14)
Optimization improved residual by 0.19161159132317138 (from 0.19161159132409641 to 9.25037624202395e-13)
Optimization improved residual by 3.3801540602591413 (from 3.380154060259862 to 7.206269051649914e-13)
Optimization improved residual by 0.27711688023371045 (from 0.27711688023449643 to 7.859740487023626e-13)
Optimization did not improve residual (initial: 7.133754408607764e-18, final: 7.133754408607764e-18)
Optimization did not improve residual (initial: 3.4045627576028905e-16, final: 3.4045627576028905e-16)
Optimization did not improve residual (initial: 2.2839443264692753e-17, final: 2.2839443264692753e-17)
Optimization improved residual by 0.9440703918279771 (from 0.9440703918280067 to 2.9506119103815316e-14)
Optimization did not improve residual (initial: 1.7880881998363398e-16, final: 1.7880881998363398e-16)
Optimization did not improve residual (initial: 1.5705715397856648e-16, final: 1.5705715397856648e-16)
Optimization improved residual by 0.09133862017504732 (from 0.09133862017505329 to 5.962606166482612e-15)
Optimization improved residual by 1.3396577966219292e-5 (from 1.3396578299092295e-5 to 3.3287300314016273e-13)
Optimization did not improve residual (initial: 1.2083170925435205e-13, final: 1.2083170925435205e-13)
Optimization did not improve residual (initial: 8.822743956455354e-17, final: 8.822743956455354e-17)
Optimization did not improve residual (initial: 1.9511097726823982e-16, final: 1.9511097726823982e-16)
Optimization improved residual by 0.44118741323112554 (from 0.4411874132316632 to 5.376962502050345e-13)
Optimization improved residual by 0.31236353786569415 (from 0.3123635378657512 to 5.706767944153761e-14)
Optimization improved residual by 0.9183629851947526 (from 0.9183629851948171 to 6.45540523667256e-14)
Optimization improved residual by 0.6585780989052386 (from 0.6585780989052441 to 5.5512629333582744e-15)
Optimization did not improve residual (initial: 1.3637233531678944e-16, final: 1.3637233531678944e-16)
Optimization improved residual by 0.033185467661203547 (from 0.033185467661499594 to 2.96051164402699e-13)
Optimization improved residual by 1.3351523062324926 (from 1.3351523062326827 to 1.9014185928729692e-13)
Optimization improved residual by 0.007880171243481175 (from 0.007880171243492315 to 1.1141091785810418e-14)
Optimization improved residual by 2.061953325802084 (from 2.0619533258025924 to 5.083763189939566e-13)
Optimization did not improve residual (initial: 7.342062516319253e-17, final: 7.342062516319253e-17)
Optimization did not improve residual (initial: 4.43578279777619e-18, final: 4.43578279777619e-18)
Optimization improved residual by 1.3396577967349642e-5 (from 1.3396578299092309e-5 to 3.317426665218746e-13)
Optimization did not improve residual (initial: 3.896807014211825e-14, final: 3.896807014211825e-14)
Optimization did not improve residual (initial: 2.1943823428514075e-16, final: 2.1943823428514075e-16)
Optimization improved residual by 0.02586887352856379 (from 0.02586887352860247 to 3.867986552894209e-14)
Optimization improved residual by 3.3801540602592355 (from 3.38015406025986 to 6.245492963590222e-13)
Optimization improved residual by 0.0026876672455541026 (from 0.002687667245590064 to 3.596145072355977e-14)
Optimization did not improve residual (initial: 1.4796014901008277e-17, final: 1.4796014901008277e-17)
Optimization improved residual by 0.006303652017255231 (from 0.0063036520172612505 to 6.019161994336755e-15)
Optimization improved residual by 0.2489878275593524 (from 0.24898782755935717 to 4.765804745673277e-15)
Optimization improved residual by 0.5322839591463217 (from 0.53228395914638 to 5.84209845633225e-14)
Optimization did not improve residual (initial: 1.5705715397856648e-16, final: 1.5705715397856648e-16)
Optimization improved residual by 0.20817640581220284 (from 0.20817640581220437 to 1.5296406846423317e-15)
Optimization improved residual by 0.08217721245181812 (from 0.08217721245215828 to 3.401645248667526e-13)
Optimization improved residual by 5.9940129601408785 (from 5.994012960141044 to 1.650885820979942e-13)
Optimization improved residual by 10.270987977436398 (from 10.270987977436862 to 4.629597502237612e-13)
Optimization did not improve residual (initial: 9.22246730222687e-17, final: 9.22246730222687e-17)
Optimization did not improve residual (initial: 1.9511097726823982e-16, final: 1.9511097726823982e-16)
Optimization improved residual by 0.11203798832563029 (from 0.11203798832563241 to 2.1257130770103894e-15)
Optimization did not improve residual (initial: 4.5453014280873675e-17, final: 4.5453014280873675e-17)
Optimization improved residual by 0.003332347757427418 (from 0.0033323477583933254 to 9.659074105500271e-13)
Optimization improved residual by 0.253174154587121 (from 0.2531741545872378 to 1.16783911828096e-13)
Optimization improved residual by 0.4996578376440048 (from 0.4996578376445447 to 5.398929966954658e-13)
Optimization improved residual by 0.0402667019073849 (from 0.04026670190740428 to 1.9378742609462107e-14)
Optimization improved residual by 0.002828010888378547 (from 0.0028280108885054066 to 1.2685940165481168e-13)
Optimization improved residual by 0.02881897119041384 (from 0.028818971190679776 to 2.6593810860080135e-13)
Optimization improved residual by 0.025682618583423016 (from 0.025682618583598108 to 1.7509102577397398e-13)
Optimization improved residual by 0.24898782755928023 (from 0.24898782755935717 to 7.693165911926802e-14)
Optimization improved residual by 0.450380630244795 (from 0.4503806302448094 to 1.4373200620602962e-14)
Optimization improved residual by 0.0857146284749625 (from 0.08571462847497062 to 8.112133231687265e-15)
Optimization improved residual by 0.19939707774552573 (from 0.19939707774621176 to 6.860403844864704e-13)
Optimization improved residual by 0.14092230674098127 (from 0.14092230674108075 to 9.947096569708999e-14)
Optimization improved residual by 10.270987977436398 (from 10.270987977436862 to 4.629597502237612e-13)
Optimization improved residual by 5.655245590260336 (from 5.655245590260344 to 7.767927565227632e-15)
Optimization improved residual by 2.578904511467768e-17 (from 7.238704040244654e-17 to 4.6597995287768864e-17)
Optimization did not improve residual (initial: 4.435782797776221e-18, final: 4.435782797776221e-18)
Optimization improved residual by 4.273031627110516 (from 4.273031627111322 to 8.059810438176153e-13)
Optimization improved residual by 0.004725192755596127 (from 0.004725192755612843 to 1.6715726547929585e-14)
Optimization did not improve residual (initial: 3.663981054750373e-15, final: 3.663981054750373e-15)
Optimization improved residual by 2.0619533258016776 (from 2.061953325802592 to 9.143307933823548e-13)
Optimization improved residual by 0.006303652017255231 (from 0.0063036520172612505 to 6.019161994336755e-15)
Optimization improved residual by 0.16602348517524876 (from 0.16602348517557777 to 3.2900156986711136e-13)
Optimization improved residual by 11.181733543504174 (from 11.181733543504759 to 5.841737071140769e-13)
Optimization improved residual by 39.30718604447424 (from 39.30718604447513 to 8.896805758598641e-13)
Optimization did not improve residual (initial: 5.582091090340842e-16, final: 5.582091090340842e-16)
Optimization improved residual by 0.19939707774615228 (from 0.19939707774621182 to 5.952645744098259e-14)
Optimization improved residual by 0.450380630244793 (from 0.45038063024480907 to 1.6026848910601655e-14)
Optimization improved residual by 0.5187326594231533 (from 0.5187326594234037 to 2.5051175927983906e-13)
Optimization improved residual by 0.2489878275593524 (from 0.24898782755935717 to 4.765804745673277e-15)
Optimization did not improve residual (initial: 8.822743956455354e-17, final: 8.822743956455354e-17)
Optimization improved residual by 0.40880552983931584 (from 0.40880552983985563 to 5.397883043501975e-13)
Optimization improved residual by 0.14092230674100864 (from 0.14092230674108067 to 7.2017312821811e-14)
Optimization improved residual by 0.0948634634932501 (from 0.0948634634933522 to 1.0209631255321093e-13)
Optimization did not improve residual (initial: 3.476604673144509e-17, final: 3.476604673144509e-17)
Optimization improved residual by 0.08217721245204228 (from 0.08217721245215834 to 1.1605530238657374e-13)
Optimization improved residual by 5.13924239162128 (from 5.1392423916213215 to 4.170681462000387e-14)
Optimization improved residual by 2.0619533258016776 (from 2.061953325802592 to 9.143307933823548e-13)
Optimization improved residual by 0.44118741323165944 (from 0.4411874132316632 to 3.770058404938777e-15)
Optimization improved residual by 5.99401296014104 (from 5.994012960141044 to 3.1959297360362638e-15)
Optimization improved residual by 0.0028280108884901024 (from 0.0028280108885052717 to 1.5169234670185228e-14)
Optimization improved residual by 5.99401296014104 (from 5.994012960141044 to 3.1959297360362638e-15)
Optimization did not improve residual (initial: 1.4024169811373017e-15, final: 1.4024169811373017e-15)
Optimization improved residual by 0.16053093400750112 (from 0.16053093400848165 to 9.805158538361454e-13)
Optimization did not improve residual (initial: 2.6515993143595386e-16, final: 2.6515993143595386e-16)
Optimization improved residual by 0.003332347757427418 (from 0.0033323477583933254 to 9.659074105500271e-13)
Optimization improved residual by 0.0857146284749625 (from 0.08571462847497062 to 8.112133231687265e-15)
Optimization improved residual by 0.03473359914562011 (from 0.0347335991460762 to 4.560834631608212e-13)
Optimization improved residual by 0.03318546766149677 (from 0.03318546766149961 to 2.8389396938044434e-15)
Optimization improved residual by 0.0498129914164147 (from 0.049812991416795634 to 3.80931313900698e-13)
Optimization did not improve residual (initial: 5.5001236714087674e-14, final: 5.5001236714087674e-14)
Optimization improved residual by 0.08217721245181812 (from 0.08217721245215828 to 3.401645248667526e-13)
Optimization improved residual by 0.19939707774615228 (from 0.19939707774621182 to 5.952645744098259e-14)
Optimization did not improve residual (initial: 9.137838645088299e-17, final: 9.137838645088299e-17)
Optimization improved residual by 0.10860687205556947 (from 0.10860687205560304 to 3.357426264532686e-14)
Optimization improved residual by 0.00016865795720056204 (from 0.00016865795775975056 to 5.591885218072625e-13)
Optimization did not improve residual (initial: 1.815199411813874e-18, final: 1.815199411813874e-18)
Optimization improved residual by 0.0001686579571985251 (from 0.00016865795775975053 to 5.612254475606212e-13)
Optimization did not improve residual (initial: 1.3560847534601497e-14, final: 1.3560847534601497e-14)
Optimization improved residual by 0.004982917255550722 (from 0.00498291725556676 to 1.603878614962469e-14)
Optimization improved residual by 0.31236353786569415 (from 0.3123635378657512 to 5.706767944153761e-14)
Optimization improved residual by 2.473762847194869e-6 (from 2.473763138370353e-6 to 2.911754840370326e-13)
Optimization did not improve residual (initial: 9.413005832042219e-16, final: 9.413005832042219e-16)
Optimization did not improve residual (initial: 3.355181124109259e-16, final: 3.355181124109259e-16)
Optimization improved residual by 0.4079673671333683 (from 0.4079673671337754 to 4.071191343480293e-13)
Optimization improved residual by 0.4079673671333683 (from 0.4079673671337754 to 4.071191343480293e-13)
Optimization improved residual by 0.6585780989052386 (from 0.6585780989052441 to 5.5512629333582744e-15)
Optimization improved residual by 0.39390908216701337 (from 0.39390908216788073 to 8.673807770696913e-13)
Optimization improved residual by 0.20817640581220284 (from 0.20817640581220437 to 1.5296406846423317e-15)
Optimization improved residual by 0.24179702118590626 (from 0.2417970211865893 to 6.83048248784069e-13)
Optimization improved residual by 0.1243437431322316 (from 0.12434374313310732 to 8.757251663301593e-13)
Optimization improved residual by 0.25317415458723236 (from 0.25317415458723774 to 5.400769637469025e-15)
Optimization improved residual by 0.08683254439451671 (from 0.08683254439452155 to 4.845498775713683e-15)
Optimization improved residual by 1.3396577967349642e-5 (from 1.3396578299092309e-5 to 3.317426665218746e-13)
















































































































































































































