LinearAlgebra.PosDefException(2)
LinearAlgebra.PosDefException(2)
LinearAlgebra.PosDefException(2)
LinearAlgebra.PosDefException(5)
LinearAlgebra.PosDefException(4)
LinearAlgebra.PosDefException(7)
LinearAlgebra.PosDefException(92)
LinearAlgebra.PosDefException(3)
LinearAlgebra.PosDefException(2)
LinearAlgebra.PosDefException(2)
LinearAlgebra.PosDefException(5)
LinearAlgebra.PosDefException(5)
LinearAlgebra.PosDefException(5)
LinearAlgebra.PosDefException(19)
LinearAlgebra.PosDefException(3)
LinearAlgebra.PosDefException(2)
LinearAlgebra.PosDefException(6)
LinearAlgebra.PosDefException(3)
LinearAlgebra.PosDefException(3)
LinearAlgebra.PosDefException(6)
LinearAlgebra.PosDefException(6)
LinearAlgebra.PosDefException(2)
LinearAlgebra.PosDefException(2)
LinearAlgebra.PosDefException(2)
LinearAlgebra.PosDefException(3)
LinearAlgebra.PosDefException(3)
LinearAlgebra.PosDefException(4)
LinearAlgebra.PosDefException(4)
LinearAlgebra.PosDefException(2)
LinearAlgebra.PosDefException(3)
LinearAlgebra.PosDefException(3)
LinearAlgebra.PosDefException(4)
LinearAlgebra.PosDefException(5)
LinearAlgebra.PosDefException(2)
LinearAlgebra.PosDefException(2)
LinearAlgebra.PosDefException(2)
LinearAlgebra.PosDefException(3)
LinearAlgebra.PosDefException(5)
LinearAlgebra.PosDefException(4)
LinearAlgebra.PosDefException(86)
LinearAlgebra.PosDefException(6)
LinearAlgebra.PosDefException(2)
LinearAlgebra.PosDefException(2)
LinearAlgebra.PosDefException(2)
LinearAlgebra.PosDefException(6)
LinearAlgebra.PosDefException(3)
LinearAlgebra.PosDefException(4)
LinearAlgebra.PosDefException(6)
LinearAlgebra.PosDefException(6)
LinearAlgebra.PosDefException(3)
LinearAlgebra.PosDefException(4)
LinearAlgebra.PosDefException(2)
LinearAlgebra.PosDefException(3)
LinearAlgebra.PosDefException(3)
LinearAlgebra.PosDefException(3)
LinearAlgebra.PosDefException(4)
LinearAlgebra.PosDefException(7)
LinearAlgebra.PosDefException(81)
LinearAlgebra.PosDefException(3)
LinearAlgebra.PosDefException(2)
LinearAlgebra.PosDefException(2)
LinearAlgebra.PosDefException(5)
LinearAlgebra.PosDefException(4)
LinearAlgebra.PosDefException(7)
LinearAlgebra.PosDefException(15)
LinearAlgebra.PosDefException(3)
LinearAlgebra.PosDefException(3)
LinearAlgebra.PosDefException(2)
LinearAlgebra.PosDefException(2)
LinearAlgebra.PosDefException(4)
LinearAlgebra.PosDefException(4)
LinearAlgebra.PosDefException(9)
LinearAlgebra.PosDefException(3)
LinearAlgebra.PosDefException(2)
LinearAlgebra.PosDefException(2)
LinearAlgebra.PosDefException(2)
LinearAlgebra.PosDefException(4)
LinearAlgebra.PosDefException(4)
LinearAlgebra.PosDefException(7)
LinearAlgebra.PosDefException(2)
LinearAlgebra.PosDefException(2)
LinearAlgebra.PosDefException(2)
LinearAlgebra.PosDefException(3)
LinearAlgebra.PosDefException(4)
LinearAlgebra.PosDefException(2)
LinearAlgebra.PosDefException(3)
LinearAlgebra.PosDefException(2)
LinearAlgebra.PosDefException(3)
LinearAlgebra.PosDefException(5)
LinearAlgebra.PosDefException(4)
LinearAlgebra.PosDefException(86)
LinearAlgebra.PosDefException(2)
LinearAlgebra.PosDefException(2)
LinearAlgebra.PosDefException(6)
LinearAlgebra.PosDefException(2)
LinearAlgebra.PosDefException(6)
LinearAlgebra.PosDefException(4)
LinearAlgebra.PosDefException(4)
LinearAlgebra.PosDefException(6)
LinearAlgebra.PosDefException(2)
LinearAlgebra.PosDefException(3)
LinearAlgebra.PosDefException(6)
LinearAlgebra.PosDefException(2)
LinearAlgebra.PosDefException(3)
LinearAlgebra.PosDefException(2)
LinearAlgebra.PosDefException(5)
LinearAlgebra.PosDefException(4)
LinearAlgebra.PosDefException(7)
LinearAlgebra.PosDefException(97)
LinearAlgebra.PosDefException(2)
LinearAlgebra.PosDefException(2)
LinearAlgebra.PosDefException(2)
LinearAlgebra.PosDefException(3)
LinearAlgebra.PosDefException(4)
LinearAlgebra.PosDefException(5)
LinearAlgebra.PosDefException(13)
LinearAlgebra.PosDefException(2)
LinearAlgebra.PosDefException(3)
LinearAlgebra.PosDefException(2)
LinearAlgebra.PosDefException(2)
LinearAlgebra.PosDefException(3)
LinearAlgebra.PosDefException(4)
LinearAlgebra.PosDefException(8)
LinearAlgebra.PosDefException(2)
LinearAlgebra.PosDefException(2)
LinearAlgebra.PosDefException(3)
LinearAlgebra.PosDefException(3)
LinearAlgebra.PosDefException(4)
LinearAlgebra.PosDefException(5)
LinearAlgebra.PosDefException(8)
LinearAlgebra.PosDefException(6)
LinearAlgebra.PosDefException(6)
LinearAlgebra.PosDefException(2)
LinearAlgebra.PosDefException(6)
LinearAlgebra.PosDefException(4)
LinearAlgebra.PosDefException(2)
LinearAlgebra.PosDefException(6)
LinearAlgebra.PosDefException(2)
LinearAlgebra.PosDefException(3)
LinearAlgebra.PosDefException(6)
LinearAlgebra.PosDefException(4)
LinearAlgebra.PosDefException(97)
LinearAlgebra.PosDefException(2)
LinearAlgebra.PosDefException(3)
LinearAlgebra.PosDefException(3)
LinearAlgebra.PosDefException(2)
LinearAlgebra.PosDefException(6)
LinearAlgebra.PosDefException(5)
LinearAlgebra.PosDefException(6)
LinearAlgebra.PosDefException(4)
LinearAlgebra.PosDefException(2)
LinearAlgebra.PosDefException(4)
LinearAlgebra.PosDefException(4)
Optimization improved residual by 0.008701525741235021 (from 0.008701525741390324 to 1.5530224935654546e-13)
Optimization improved residual by 0.45884591314661477 (from 0.45884591314669454 to 7.975026973180224e-14)
Optimization did not improve residual (initial: 1.1616549659785141e-18, final: 1.1616549659785141e-18)
Optimization did not improve residual (initial: 2.0870694753034424e-19, final: 2.0870694753034424e-19)
Optimization improved residual by 0.0013689864724495027 (from 0.0013689864725152864 to 6.578376767494554e-14)
Optimization improved residual by 0.03927357083294724 (from 0.03927357083296717 to 1.993130032158217e-14)
Optimization improved residual by 0.000545488065754806 (from 0.0005454880661543006 to 3.994945189871491e-13)
Optimization did not improve residual (initial: 4.954550899041981e-19, final: 4.954550899041981e-19)
Optimization improved residual by 4.2613030920805655e-6 (from 4.261303727184784e-6 to 6.351042190351138e-13)
Optimization did not improve residual (initial: 3.627947485447255e-18, final: 3.627947485447255e-18)
Optimization did not improve residual (initial: 1.0507687441081274e-18, final: 1.0507687441081274e-18)
Optimization improved residual by 0.03927357083288849 (from 0.03927357083296719 to 7.869769939294982e-14)
Optimization improved residual by 0.0013689864716589306 (from 0.0013689864725152867 to 8.563559603881485e-13)
Optimization improved residual by 0.000791625070058968 (from 0.0007916250700595628 to 5.948369563467445e-16)
Optimization did not improve residual (initial: 3.1507512538578058e-18, final: 3.1507512538578058e-18)
Optimization improved residual by 8.261377741737719e-7 (from 8.261385887308879e-7 to 8.145571160084954e-13)
Optimization did not improve residual (initial: 7.894116132228424e-19, final: 7.894116132228424e-19)
Optimization did not improve residual (initial: 3.4284386479555946e-16, final: 3.4284386479555946e-16)
Optimization did not improve residual (initial: 4.35596524279342e-19, final: 4.35596524279342e-19)
Optimization improved residual by 0.13932269052952262 (from 0.13932269053030638 to 7.83749951794657e-13)
Optimization did not improve residual (initial: 3.443329524019925e-17, final: 3.443329524019925e-17)
Optimization did not improve residual (initial: 4.342060371785565e-18, final: 4.342060371785565e-18)
Optimization improved residual by 7.941754486790094e-5 (from 7.94175453934184e-5 to 5.255174652580469e-13)
Optimization improved residual by 0.45884591314657935 (from 0.4588459131466945 to 1.1510743413451694e-13)
Optimization did not improve residual (initial: 4.9747774473994914e-18, final: 4.9747774473994914e-18)
Optimization did not improve residual (initial: 2.7309877817611803e-18, final: 2.7309877817611803e-18)
Optimization improved residual by 0.016943199744067126 (from 0.01694319974457613 to 5.090024583335922e-13)
Optimization improved residual by 5.1437772665977335e-6 (from 5.143777322251593e-6 to 5.5653859087120556e-14)
Optimization improved residual by 0.0013689864716589306 (from 0.0013689864725152867 to 8.563559603881485e-13)
Optimization improved residual by 0.0002802414471676342 (from 0.00028024144799090726 to 8.232730313958003e-13)
Optimization improved residual by 0.004692694478655003 (from 0.004692694478695546 to 4.054342838504329e-14)
Optimization improved residual by 0.008342551839377649 (from 0.008342551839605184 to 2.275343504947796e-13)
Optimization improved residual by 0.002333068337321719 (from 0.002333068337354204 to 3.248500130353766e-14)
Optimization improved residual by 3.357884131414764e-8 (from 3.357963810968789e-8 to 7.967955402528049e-13)
Optimization improved residual by 0.001155145502980788 (from 0.0011551455033826004 to 4.018122678870369e-13)
Optimization improved residual by 0.00014216461246104685 (from 0.00014216461246422654 to 3.179680934684315e-15)
Optimization improved residual by 0.0053211345507157785 (from 0.005321134550871075 to 1.5529676945168075e-13)
Optimization improved residual by 0.02613299347280319 (from 0.026132993473148108 to 3.449199661300202e-13)
Optimization improved residual by 0.02866059570654768 (from 0.028660595707157236 to 6.095588333133331e-13)
Optimization improved residual by 0.12547847151524957 (from 0.12547847151570307 to 4.5351116389740655e-13)
Optimization improved residual by 0.023372584782389617 (from 0.023372584782796958 to 4.0733951472902833e-13)
Optimization improved residual by 0.000156834963255389 (from 0.00015683496327318445 to 1.7795447599564526e-14)
Optimization improved residual by 0.000932382614260376 (from 0.0009323826147716374 to 5.112613942652898e-13)
Optimization improved residual by 0.04903539566467093 (from 0.04903539566517217 to 5.012372970381154e-13)
Optimization improved residual by 0.0007916250696125089 (from 0.0007916250700595653 to 4.470563584022831e-13)
Optimization improved residual by 0.0008762447595324005 (from 0.0008762447599085935 to 3.761930463819296e-13)
Optimization improved residual by 0.006978514772250493 (from 0.006978514772630717 to 3.8022478060002855e-13)
Optimization did not improve residual (initial: 2.834016129303772e-18, final: 2.834016129303772e-18)
Optimization improved residual by 9.657757794334073e-5 (from 9.65775787918041e-5 to 8.484633565334908e-13)
Optimization improved residual by 0.0008235959988170922 (from 0.0008235959993718508 to 5.547585614034662e-13)
Optimization improved residual by 18.14589998977958 (from 18.145899989779622 to 4.322330272140739e-14)
Optimization improved residual by 0.007229072317562979 (from 0.007229072317563732 to 7.529040335245409e-16)
Optimization did not improve residual (initial: 4.56323636888237e-16, final: 4.56323636888237e-16)
Optimization improved residual by 0.4539708260035623 (from 0.4539708260037057 to 1.4340184653121864e-13)
Optimization improved residual by 1.1168154716929527e-16 (from 2.867425275578877e-16 to 1.7506098038859241e-16)
Optimization improved residual by 0.0007903205331831465 (from 0.0007903205333102922 to 1.271456833912669e-13)
Optimization improved residual by 0.00014009264881260697 (from 0.00014009264881948574 to 6.878785213497391e-15)
Optimization did not improve residual (initial: 4.841228770512367e-16, final: 4.841228770512367e-16)
Optimization improved residual by 0.45884591314657935 (from 0.4588459131466945 to 1.1510743413451694e-13)
Optimization improved residual by 9.658303777865574e-5 (from 9.658303795403475e-5 to 1.7537900990951982e-13)
Optimization improved residual by 7.102924666402418e-5 (from 7.102924681482471e-5 to 1.5080053141370475e-13)
Optimization improved residual by 0.009450785405944774 (from 0.009450785406107446 to 1.6267154010150575e-13)
Optimization did not improve residual (initial: 3.6021851518902897e-17, final: 3.6021851518902897e-17)
Optimization improved residual by 0.03957431544915696 (from 0.03957431544995399 to 7.970306680288903e-13)
Optimization did not improve residual (initial: 6.404368558767491e-18, final: 6.404368558767491e-18)
Optimization improved residual by 5.143777266605483e-6 (from 5.1437773222515945e-6 to 5.564611134891709e-14)
Optimization did not improve residual (initial: 9.799549033761093e-19, final: 9.799549033761093e-19)
Optimization improved residual by 4.261302991255051e-6 (from 4.261303727185043e-6 to 7.359299921380508e-13)
Optimization improved residual by 0.07108344645410974 (from 0.07108344645451581 to 4.060617354208298e-13)
Optimization did not improve residual (initial: 9.13092689112059e-14, final: 9.13092689112059e-14)
Optimization improved residual by 0.011575768659700784 (from 0.011575768660005342 to 3.0455815085607903e-13)
Optimization did not improve residual (initial: 7.074876740446013e-14, final: 7.074876740446013e-14)
Optimization improved residual by 4.261302991255051e-6 (from 4.261303727185043e-6 to 7.359299921380508e-13)
Optimization improved residual by 0.00014216461246104685 (from 0.00014216461246422654 to 3.179680934684315e-15)
Optimization did not improve residual (initial: 7.447918976730405e-18, final: 7.447918976730405e-18)
Optimization improved residual by 0.000185806766834501 (from 0.0001858067668760994 to 4.159839119610914e-14)
Optimization did not improve residual (initial: 4.9747774473994914e-18, final: 4.9747774473994914e-18)
Optimization improved residual by 0.0008235959984549989 (from 0.0008235959993718509 to 9.168519749785492e-13)
Optimization did not improve residual (initial: 4.951780816295891e-18, final: 4.951780816295891e-18)
Optimization did not improve residual (initial: 2.91895650579949e-19, final: 2.91895650579949e-19)
Optimization improved residual by 0.0020044944700988335 (from 0.002004494470652976 to 5.541428227993555e-13)
Optimization improved residual by 1.1735125423381927 (from 1.173512542338988 to 7.952796994765303e-13)
Optimization improved residual by 0.1393226905299011 (from 0.13932269053030646 to 4.053718128409122e-13)
Optimization improved residual by 0.049761040083527136 (from 0.04976104008374173 to 2.1459014456368996e-13)
Optimization improved residual by 0.014183174854859332 (from 0.014183174854914922 to 5.559002934065364e-14)
Optimization improved residual by 0.005133071832150958 (from 0.0051330718321770065 to 2.6048937014027593e-14)
Optimization improved residual by 0.00018080615364707465 (from 0.00018080615460968382 to 9.626091720243452e-13)
Optimization improved residual by 0.06888811127477303 (from 0.0688881112748421 to 6.906390127150061e-14)
Optimization improved residual by 1.513318697706711e-8 (from 1.513328722903152e-8 to 1.0025196441172478e-13)
Optimization improved residual by 7.941754509483151e-5 (from 7.941754539341846e-5 to 2.985869437083586e-13)
Optimization improved residual by 0.005133071832150958 (from 0.0051330718321770065 to 2.6048937014027593e-14)
Optimization did not improve residual (initial: 1.5877293124260378e-18, final: 1.5877293124260378e-18)
Optimization improved residual by 0.008342551839377649 (from 0.008342551839605184 to 2.275343504947796e-13)
Optimization improved residual by 0.04423999081372847 (from 0.04423999081435279 to 6.243232495493299e-13)
Optimization improved residual by 0.0004808809995275164 (from 0.0004808809997604682 to 2.3295178434230754e-13)
Optimization improved residual by 0.00028024144717053094 (from 0.00028024144799090726 to 8.203763416254265e-13)
Optimization did not improve residual (initial: 9.543987641875466e-18, final: 9.543987641875466e-18)
Optimization improved residual by 0.000804021681979808 (from 0.0008040216824135413 to 4.3373325594236053e-13)
Optimization did not improve residual (initial: 7.497671544699651e-18, final: 7.497671544699651e-18)
Optimization improved residual by 0.0029993898800919866 (from 0.002999389880826925 to 7.349384835479376e-13)
Optimization did not improve residual (initial: 9.550055138587108e-19, final: 9.550055138587108e-19)
Optimization improved residual by 0.0007011983644294202 (from 0.0007011983654036924 to 9.742722419393646e-13)
Optimization improved residual by 1.0967620828451195e-5 (from 1.0967620888354168e-5 to 5.990297352627269e-14)
Optimization did not improve residual (initial: 7.497671544699651e-18, final: 7.497671544699651e-18)
Optimization improved residual by 2.919282836834154e-5 (from 2.919282922083474e-5 to 8.524931987690123e-13)
Optimization improved residual by 9.879853176385078e-5 (from 9.879853176803087e-5 to 4.1800897478564524e-15)
Optimization improved residual by 0.039574315449943796 (from 0.03957431544995399 to 1.0192094577981207e-14)
Optimization improved residual by 0.02106256861481624 (from 0.02106256861487133 to 5.509208569638524e-14)
Optimization improved residual by 6.277743767903829e-7 (from 6.277744233745155e-7 to 4.6584132617427833e-14)
Optimization did not improve residual (initial: 3.004345391121253e-17, final: 3.004345391121253e-17)
Optimization improved residual by 6.505587617530348e-20 (from 2.2594898685450854e-19 to 1.6089311067920506e-19)
Optimization improved residual by 0.011575768659707455 (from 0.01157576866000535 to 2.9789434461532865e-13)
Optimization improved residual by 0.00014720202454942727 (from 0.00014720202548791208 to 9.38484797408216e-13)
Optimization improved residual by 1.9640206056330346e-6 (from 1.964020762717565e-6 to 1.5708453070583962e-13)
Optimization improved residual by 6.505587617530348e-20 (from 2.2594898685450854e-19 to 1.6089311067920506e-19)
Optimization did not improve residual (initial: 1.0359508680621922e-18, final: 1.0359508680621922e-18)
Optimization improved residual by 0.06888811127472079 (from 0.06888811127484212 to 1.2132823316664318e-13)
Optimization did not improve residual (initial: 6.4043685587313496e-18, final: 6.4043685587313496e-18)
Optimization improved residual by 1.9640206056330346e-6 (from 1.964020762717565e-6 to 1.5708453070583962e-13)
Optimization did not improve residual (initial: 4.219991329838946e-18, final: 4.219991329838946e-18)
Optimization improved residual by 16.753456872016205 (from 16.75345687201662 to 4.165414253249324e-13)
Optimization did not improve residual (initial: 3.4669694662199323e-19, final: 3.4669694662199323e-19)
Optimization did not improve residual (initial: 4.2465921294237153e-16, final: 4.2465921294237153e-16)
Optimization improved residual by 0.0001808061545145401 (from 0.00018080615460968385 to 9.514375923123096e-14)
Optimization improved residual by 0.028825239837369298 (from 0.02882523983745171 to 8.241440445115155e-14)
Optimization improved residual by 0.002719511317970867 (from 0.0027195113179713792 to 5.12109119641644e-16)
Optimization improved residual by 0.014183174854859332 (from 0.014183174854914922 to 5.559002934065364e-14)
Optimization did not improve residual (initial: 7.382579967831232e-18, final: 7.382579967831232e-18)
Optimization did not improve residual (initial: 2.286796283916845e-13, final: 2.286796283916845e-13)
Optimization improved residual by 9.658303782667679e-5 (from 9.658303795403475e-5 to 1.2735796570121213e-13)
Optimization improved residual by 0.00014009264881260697 (from 0.00014009264881948574 to 6.878785213497391e-15)
Optimization improved residual by 0.835074121719723 (from 0.8350741217200675 to 3.4449216227213756e-13)
Optimization improved residual by 3.7157121075061974e-5 (from 3.715712195366748e-5 to 8.786055023938037e-13)
Optimization improved residual by 0.12547847151567393 (from 0.12547847151570304 to 2.9128042334622014e-14)
Optimization did not improve residual (initial: 2.7808952416791503e-19, final: 2.7808952416791503e-19)
Optimization did not improve residual (initial: 3.1507512538578058e-18, final: 3.1507512538578058e-18)
Optimization improved residual by 9.879853171800126e-5 (from 9.879853175248144e-5 to 3.448018259244946e-14)
Optimization improved residual by 0.0008040216823210743 (from 0.0008040216824135412 to 9.246679298078422e-14)
Optimization did not improve residual (initial: 7.966604002752343e-18, final: 7.966604002752343e-18)
Optimization improved residual by 3.35791226611978e-8 (from 3.357963811039904e-8 to 5.154492012433986e-13)
Optimization improved residual by 0.00494490084820905 (from 0.0049449008489507755 to 7.417251124544975e-13)
Optimization did not improve residual (initial: 1.99822785000309e-18, final: 1.99822785000309e-18)
Optimization improved residual by 1.1439578953804426e-5 (from 1.1439579063084072e-5 to 1.0927964561880072e-13)
Optimization improved residual by 1.7561232832115587e-5 (from 1.7561233735895104e-5 to 9.037795154643939e-13)
Optimization improved residual by 0.005133071832085913 (from 0.005133071832177006 to 9.109271161713547e-14)
Optimization improved residual by 0.0019501759931379189 (from 0.0019501759931414065 to 3.487628534352016e-15)
Optimization improved residual by 1.7561232864143804e-5 (from 1.7561233735895104e-5 to 8.717512995129125e-13)
Optimization improved residual by 6.277740221419719e-7 (from 6.277744233744972e-7 to 4.0123252536391306e-13)
Optimization improved residual by 0.0029993898800919866 (from 0.002999389880826925 to 7.349384835479376e-13)
Optimization did not improve residual (initial: 1.98779418363596e-18, final: 1.98779418363596e-18)
Optimization improved residual by 0.002450742818878045 (from 0.0024507428192252594 to 3.472144478730641e-13)
Optimization improved residual by 0.002719511317970858 (from 0.0027195113179713784 to 5.203512267051672e-16)
Optimization did not improve residual (initial: 1.76206389199279e-18, final: 1.76206389199279e-18)
Optimization improved residual by 7.471272121974559e-5 (from 7.471272153560164e-5 to 3.158560530264269e-13)
Optimization improved residual by 0.004944900848109232 (from 0.0049449008489507755 to 8.415441617323745e-13)
Optimization improved residual by 0.001155145502614101 (from 0.0011551455033826004 to 7.684994625764641e-13)
Optimization improved residual by 0.03927357083288849 (from 0.03927357083296719 to 7.869769939294982e-14)
Optimization improved residual by 0.009450785406019234 (from 0.00945078540610745 to 8.821608526261987e-14)
Optimization did not improve residual (initial: 2.526284972011622e-18, final: 2.526284972011622e-18)
Optimization did not improve residual (initial: 5.2404223187341075e-15, final: 5.2404223187341075e-15)
Optimization improved residual by 71.62391691686474 (from 71.62391691686547 to 7.289867283326046e-13)
Optimization improved residual by 8.261377741737719e-7 (from 8.261385887308879e-7 to 8.145571160084954e-13)
Optimization did not improve residual (initial: 4.1102843524527034e-19, final: 4.1102843524527034e-19)
Optimization improved residual by 0.006978514772628598 (from 0.006978514772630717 to 2.1188088350530525e-15)
Optimization improved residual by 8.011658558356923e-5 (from 8.011658639210449e-5 to 8.085352524485383e-13)
Optimization improved residual by 0.0008762447595374429 (from 0.0008762447599085935 to 3.711506458383381e-13)
Optimization improved residual by 3.357912266085661e-8 (from 3.357963811039904e-8 to 5.154495424274454e-13)
Optimization improved residual by 0.001155145502614101 (from 0.0011551455033826004 to 7.684994625764641e-13)
Optimization did not improve residual (initial: 2.221695803220767e-16, final: 2.221695803220767e-16)
Optimization improved residual by 0.021104583095739853 (from 0.02110458309582735 to 8.749572313858187e-14)
Optimization improved residual by 0.014183174854770903 (from 0.01418317485491491 to 1.4400694203791048e-13)
Optimization improved residual by 9.657757868733792e-5 (from 9.657757879180431e-5 to 1.0446638310305219e-13)
Optimization improved residual by 0.011900698840593972 (from 0.01190069884068197 to 8.7998070537502e-14)
Optimization improved residual by 0.13091508385000136 (from 0.13091508385000974 to 8.391914831847637e-15)
Optimization improved residual by 0.011575768659707455 (from 0.01157576866000535 to 2.9789434461532865e-13)
Optimization improved residual by 1.5133186977205537e-8 (from 1.5133287229031594e-8 to 1.0025182605735308e-13)
Optimization improved residual by 0.002450742818878045 (from 0.0024507428192252594 to 3.472144478730641e-13)
Optimization improved residual by 16.753456872016205 (from 16.75345687201662 to 4.165414253249324e-13)
Optimization did not improve residual (initial: 1.0507687441081274e-18, final: 1.0507687441081274e-18)
Optimization improved residual by 0.00014720202454942727 (from 0.00014720202548791208 to 9.38484797408216e-13)
Optimization improved residual by 5.1437772665977335e-6 (from 5.143777322251593e-6 to 5.5653859087120556e-14)
Optimization improved residual by 71.62391691686474 (from 71.62391691686547 to 7.289867283326046e-13)
Optimization improved residual by 7.102924679105818e-5 (from 7.102924681482476e-5 to 2.3766578554454046e-14)
Optimization improved residual by 0.16433125805187757 (from 0.16433125805241067 to 5.330985516192056e-13)
Optimization improved residual by 5.143777266605483e-6 (from 5.1437773222515945e-6 to 5.564611134891709e-14)
Optimization did not improve residual (initial: 2.0817135454116638e-18, final: 2.0817135454116638e-18)
Optimization improved residual by 0.0008595008349606051 (from 0.000859500834969713 to 9.107836491925573e-15)
Optimization improved residual by 1.1439579045778862e-5 (from 1.143957906308406e-5 to 1.7305198318127867e-14)
Optimization improved residual by 9.658303738410421e-5 (from 9.65830379540347e-5 to 5.699304859165799e-13)
Optimization improved residual by 0.45884591314661477 (from 0.45884591314669454 to 7.975026973180224e-14)
Optimization did not improve residual (initial: 8.787793625013737e-19, final: 8.787793625013737e-19)
Optimization improved residual by 0.002249137661524427 (from 0.0022491376623357357 to 8.113088517248021e-13)
Optimization improved residual by 0.002249137661524427 (from 0.0022491376623357357 to 8.113088517248021e-13)
Optimization improved residual by 0.0007769668667879042 (from 0.0007769668670415601 to 2.536559104661619e-13)
Optimization improved residual by 0.039574315449943796 (from 0.03957431544995399 to 1.0192094577981207e-14)
Optimization improved residual by 0.005133071832085913 (from 0.005133071832177006 to 9.109271161713547e-14)
Optimization did not improve residual (initial: 4.388252979285327e-18, final: 4.388252979285327e-18)
Optimization improved residual by 0.000932382614260376 (from 0.0009323826147716374 to 5.112613942652898e-13)
Optimization did not improve residual (initial: 2.526284972011622e-18, final: 2.526284972011622e-18)
Optimization improved residual by 0.1393226905299011 (from 0.13932269053030646 to 4.053718128409122e-13)
Optimization improved residual by 0.001950175992664481 (from 0.0019501759931414065 to 4.769254786136746e-13)
Optimization improved residual by 0.000156834963255389 (from 0.00015683496327318445 to 1.7795447599564526e-14)
Optimization improved residual by 0.028825239836882604 (from 0.02882523983745171 to 5.691078957647726e-13)
Optimization improved residual by 1.5190575037606298 (from 1.519057503760787 to 1.5729218757763248e-13)
Optimization improved residual by 0.03927357083294724 (from 0.03927357083296717 to 1.993130032158217e-14)
Optimization improved residual by 0.0029993898806616945 (from 0.002999389880826925 to 1.6523079899022316e-13)
Optimization improved residual by 0.00012294906200980324 (from 0.00012294906243889164 to 4.2908840537608104e-13)
Optimization improved residual by 0.0003395714855389585 (from 0.0003395714855395776 to 6.191286941980002e-16)
Optimization did not improve residual (initial: 3.007471639983858e-14, final: 3.007471639983858e-14)
Optimization improved residual by 8.011658558374866e-5 (from 8.01165863921042e-5 to 8.083555389822201e-13)
Optimization improved residual by 0.0008040216823210743 (from 0.0008040216824135412 to 9.246679298078422e-14)
Optimization did not improve residual (initial: 5.147453160822526e-15, final: 5.147453160822526e-15)
Optimization did not improve residual (initial: 4.294119886841859e-18, final: 4.294119886841859e-18)
Optimization improved residual by 0.0053211345507157785 (from 0.005321134550871075 to 1.5529676945168075e-13)
Optimization improved residual by 0.4539708260035623 (from 0.4539708260037057 to 1.4340184653121864e-13)
Optimization improved residual by 9.657757865889738e-5 (from 9.657757868497812e-5 to 2.6080734098666132e-14)
Optimization improved residual by 0.0002802414471676342 (from 0.00028024144799090726 to 8.232730313958003e-13)
Optimization did not improve residual (initial: 4.56323636888237e-16, final: 4.56323636888237e-16)
Optimization improved residual by 0.008701525740843506 (from 0.008701525741390324 to 5.468182279574637e-13)
Optimization did not improve residual (initial: 1.911075457075198e-18, final: 1.911075457075198e-18)
Optimization improved residual by 0.0008235959988170922 (from 0.0008235959993718508 to 5.547585614034662e-13)
Optimization improved residual by 9.880928013447614e-5 (from 9.880928065811433e-5 to 5.236381810343839e-13)
Optimization improved residual by 9.53811741119383e-5 (from 9.538117412457422e-5 to 1.2635919235156736e-14)
Optimization improved residual by 1.1439579045778862e-5 (from 1.143957906308406e-5 to 1.7305198318127867e-14)
Optimization improved residual by 0.07108344645416843 (from 0.07108344645451567 to 3.4723913350141987e-13)
Optimization improved residual by 0.000140092648771398 (from 0.00014009264881948574 to 4.8087718594507894e-14)
Optimization improved residual by 16.753456872016077 (from 16.75345687201662 to 5.45079283015828e-13)
Optimization improved residual by 0.011900698840638291 (from 0.011900698840681973 to 4.3681780329461905e-14)
Optimization improved residual by 7.102924666402418e-5 (from 7.102924681482471e-5 to 1.5080053141370475e-13)
Optimization improved residual by 4.916704168373102e-7 (from 4.916704304931769e-7 to 1.3655866605825053e-14)
Optimization improved residual by 0.00028024144717053094 (from 0.00028024144799090726 to 8.203763416254265e-13)
Optimization improved residual by 0.008342551839037031 (from 0.008342551839605184 to 5.681533667603129e-13)
Optimization improved residual by 1.513318697706711e-8 (from 1.513328722903152e-8 to 1.0025196441172478e-13)
Optimization improved residual by 0.0007011983653520972 (from 0.0007011983654036922 to 5.159499315262438e-14)
Optimization improved residual by 0.37237884357746853 (from 0.3723788435778805 to 4.1192808329807026e-13)
Optimization improved residual by 0.13932269052952262 (from 0.13932269053030638 to 7.83749951794657e-13)
Optimization improved residual by 9.880928013447614e-5 (from 9.880928065811433e-5 to 5.236381810343839e-13)
Optimization improved residual by 0.621872063676481 (from 0.6218720636768579 to 3.769050000798857e-13)
Optimization improved residual by 0.16433125805187757 (from 0.16433125805241067 to 5.330985516192056e-13)
Optimization did not improve residual (initial: 2.8224403747734026e-18, final: 2.8224403747734026e-18)
Optimization did not improve residual (initial: 2.25407338346853e-18, final: 2.25407338346853e-18)
Optimization improved residual by 0.0003395714855389585 (from 0.0003395714855395776 to 6.191286941980002e-16)
Optimization improved residual by 0.00018080615364707465 (from 0.00018080615460968382 to 9.626091720243452e-13)
Optimization did not improve residual (initial: 5.62807112205661e-17, final: 5.62807112205661e-17)
Optimization improved residual by 0.044239990813531305 (from 0.0442399908143528 to 8.214965219231861e-13)
Optimization did not improve residual (initial: 2.867515246293538e-19, final: 2.867515246293538e-19)
Optimization improved residual by 0.001950175992664481 (from 0.0019501759931414065 to 4.769254786136746e-13)
Optimization improved residual by 0.02106256861481624 (from 0.02106256861487133 to 5.509208569638524e-14)
Optimization did not improve residual (initial: 2.7808952416791503e-19, final: 2.7808952416791503e-19)
Optimization improved residual by 0.021104583095739853 (from 0.02110458309582735 to 8.749572313858187e-14)
Optimization improved residual by 0.0007903205327088399 (from 0.0007903205333102918 to 6.014518957862919e-13)
Optimization improved residual by 0.008342551839037031 (from 0.008342551839605184 to 5.681533667603129e-13)
Optimization improved residual by 9.879853096969025e-5 (from 9.879853176803091e-5 to 7.983406593452534e-13)
Optimization did not improve residual (initial: 4.35596524279342e-19, final: 4.35596524279342e-19)
Optimization improved residual by 0.0007916250696125089 (from 0.0007916250700595653 to 4.470563584022831e-13)
Optimization improved residual by 0.0002546843273372717 (from 0.00025468432740619073 to 6.891905492038929e-14)
Optimization improved residual by 0.02106256861414145 (from 0.021062568614871345 to 7.298969496666163e-13)
Optimization improved residual by 0.023372584782389617 (from 0.023372584782796958 to 4.0733951472902833e-13)
Optimization improved residual by 0.0007903205327088399 (from 0.0007903205333102918 to 6.014518957862919e-13)
┌ Warning: Optimization did not converge. RetCode: MaxIters
└ @ ODEParameterEstimation ~/ODEParameterEstimation/src/core/solvers/homotopy_continuation.jl:778
┌ Warning: Optimization did not converge. RetCode: Stalled
└ @ ODEParameterEstimation ~/ODEParameterEstimation/src/core/solvers/homotopy_continuation.jl:778
┌ Warning: Optimization did not converge. RetCode: MaxIters
└ @ ODEParameterEstimation ~/ODEParameterEstimation/src/core/solvers/homotopy_continuation.jl:778
┌ Warning: Optimization did not converge. RetCode: MaxIters
└ @ ODEParameterEstimation ~/ODEParameterEstimation/src/core/solvers/homotopy_continuation.jl:778
┌ Warning: Optimization did not converge. RetCode: MaxIters
└ @ ODEParameterEstimation ~/ODEParameterEstimation/src/core/solvers/homotopy_continuation.jl:778
┌ Warning: Optimization did not converge. RetCode: Stalled
└ @ ODEParameterEstimation ~/ODEParameterEstimation/src/core/solvers/homotopy_continuation.jl:778
┌ Warning: Optimization did not converge. RetCode: MaxIters
└ @ ODEParameterEstimation ~/ODEParameterEstimation/src/core/solvers/homotopy_continuation.jl:778
┌ Warning: Optimization did not converge. RetCode: MaxIters
└ @ ODEParameterEstimation ~/ODEParameterEstimation/src/core/solvers/homotopy_continuation.jl:778
┌ Warning: Optimization did not converge. RetCode: Stalled
└ @ ODEParameterEstimation ~/ODEParameterEstimation/src/core/solvers/homotopy_continuation.jl:778
┌ Warning: Optimization did not converge. RetCode: Stalled
└ @ ODEParameterEstimation ~/ODEParameterEstimation/src/core/solvers/homotopy_continuation.jl:778
┌ Warning: Optimization did not converge. RetCode: Stalled
└ @ ODEParameterEstimation ~/ODEParameterEstimation/src/core/solvers/homotopy_continuation.jl:778
┌ Warning: Optimization did not converge. RetCode: MaxIters
└ @ ODEParameterEstimation ~/ODEParameterEstimation/src/core/solvers/homotopy_continuation.jl:778
┌ Warning: Optimization did not converge. RetCode: Stalled
└ @ ODEParameterEstimation ~/ODEParameterEstimation/src/core/solvers/homotopy_continuation.jl:778
┌ Warning: Optimization did not converge. RetCode: MaxIters
└ @ ODEParameterEstimation ~/ODEParameterEstimation/src/core/solvers/homotopy_continuation.jl:778
┌ Warning: Optimization did not converge. RetCode: MaxIters
└ @ ODEParameterEstimation ~/ODEParameterEstimation/src/core/solvers/homotopy_continuation.jl:778
┌ Warning: Optimization did not converge. RetCode: MaxIters
└ @ ODEParameterEstimation ~/ODEParameterEstimation/src/core/solvers/homotopy_continuation.jl:778
┌ Warning: Optimization did not converge. RetCode: MaxIters
└ @ ODEParameterEstimation ~/ODEParameterEstimation/src/core/solvers/homotopy_continuation.jl:778
┌ Warning: Optimization did not converge. RetCode: MaxIters
└ @ ODEParameterEstimation ~/ODEParameterEstimation/src/core/solvers/homotopy_continuation.jl:778
┌ Warning: Optimization did not converge. RetCode: MaxIters
└ @ ODEParameterEstimation ~/ODEParameterEstimation/src/core/solvers/homotopy_continuation.jl:778
┌ Warning: Optimization did not converge. RetCode: MaxIters
└ @ ODEParameterEstimation ~/ODEParameterEstimation/src/core/solvers/homotopy_continuation.jl:778
┌ Warning: Optimization did not converge. RetCode: Stalled
└ @ ODEParameterEstimation ~/ODEParameterEstimation/src/core/solvers/homotopy_continuation.jl:778
┌ Warning: Optimization did not converge. RetCode: MaxIters
└ @ ODEParameterEstimation ~/ODEParameterEstimation/src/core/solvers/homotopy_continuation.jl:778
┌ Warning: Optimization did not converge. RetCode: MaxIters
└ @ ODEParameterEstimation ~/ODEParameterEstimation/src/core/solvers/homotopy_continuation.jl:778
┌ Warning: Optimization did not converge. RetCode: MaxIters
└ @ ODEParameterEstimation ~/ODEParameterEstimation/src/core/solvers/homotopy_continuation.jl:778
┌ Warning: Optimization did not converge. RetCode: MaxIters
└ @ ODEParameterEstimation ~/ODEParameterEstimation/src/core/solvers/homotopy_continuation.jl:778
┌ Warning: Optimization did not converge. RetCode: MaxIters
└ @ ODEParameterEstimation ~/ODEParameterEstimation/src/core/solvers/homotopy_continuation.jl:778
┌ Warning: Optimization did not converge. RetCode: MaxIters
└ @ ODEParameterEstimation ~/ODEParameterEstimation/src/core/solvers/homotopy_continuation.jl:778
┌ Warning: Optimization did not converge. RetCode: MaxIters
└ @ ODEParameterEstimation ~/ODEParameterEstimation/src/core/solvers/homotopy_continuation.jl:778
┌ Warning: Optimization did not converge. RetCode: MaxIters
└ @ ODEParameterEstimation ~/ODEParameterEstimation/src/core/solvers/homotopy_continuation.jl:778
┌ Warning: Optimization did not converge. RetCode: MaxIters
└ @ ODEParameterEstimation ~/ODEParameterEstimation/src/core/solvers/homotopy_continuation.jl:778
┌ Warning: Optimization did not converge. RetCode: MaxIters
└ @ ODEParameterEstimation ~/ODEParameterEstimation/src/core/solvers/homotopy_continuation.jl:778
┌ Warning: Optimization did not converge. RetCode: MaxIters
└ @ ODEParameterEstimation ~/ODEParameterEstimation/src/core/solvers/homotopy_continuation.jl:778
┌ Warning: Optimization did not converge. RetCode: MaxIters
└ @ ODEParameterEstimation ~/ODEParameterEstimation/src/core/solvers/homotopy_continuation.jl:778
┌ Warning: Optimization did not converge. RetCode: MaxIters
└ @ ODEParameterEstimation ~/ODEParameterEstimation/src/core/solvers/homotopy_continuation.jl:778
┌ Warning: Optimization did not converge. RetCode: MaxIters
└ @ ODEParameterEstimation ~/ODEParameterEstimation/src/core/solvers/homotopy_continuation.jl:778
┌ Warning: Optimization did not converge. RetCode: MaxIters
└ @ ODEParameterEstimation ~/ODEParameterEstimation/src/core/solvers/homotopy_continuation.jl:778
┌ Warning: Optimization did not converge. RetCode: Stalled
└ @ ODEParameterEstimation ~/ODEParameterEstimation/src/core/solvers/homotopy_continuation.jl:778
┌ Warning: Optimization did not converge. RetCode: Stalled
└ @ ODEParameterEstimation ~/ODEParameterEstimation/src/core/solvers/homotopy_continuation.jl:778
┌ Warning: Optimization did not converge. RetCode: MaxIters
└ @ ODEParameterEstimation ~/ODEParameterEstimation/src/core/solvers/homotopy_continuation.jl:778
┌ Warning: Optimization did not converge. RetCode: Stalled
└ @ ODEParameterEstimation ~/ODEParameterEstimation/src/core/solvers/homotopy_continuation.jl:778
┌ Warning: Optimization did not converge. RetCode: MaxIters
└ @ ODEParameterEstimation ~/ODEParameterEstimation/src/core/solvers/homotopy_continuation.jl:778
┌ Warning: Optimization did not converge. RetCode: MaxIters
└ @ ODEParameterEstimation ~/ODEParameterEstimation/src/core/solvers/homotopy_continuation.jl:778
┌ Warning: Optimization did not converge. RetCode: MaxIters
└ @ ODEParameterEstimation ~/ODEParameterEstimation/src/core/solvers/homotopy_continuation.jl:778
┌ Warning: Optimization did not converge. RetCode: MaxIters
└ @ ODEParameterEstimation ~/ODEParameterEstimation/src/core/solvers/homotopy_continuation.jl:778
┌ Warning: Optimization did not converge. RetCode: Stalled
└ @ ODEParameterEstimation ~/ODEParameterEstimation/src/core/solvers/homotopy_continuation.jl:778
┌ Warning: Optimization did not converge. RetCode: MaxIters
└ @ ODEParameterEstimation ~/ODEParameterEstimation/src/core/solvers/homotopy_continuation.jl:778
┌ Warning: Optimization did not converge. RetCode: Stalled
└ @ ODEParameterEstimation ~/ODEParameterEstimation/src/core/solvers/homotopy_continuation.jl:778
┌ Warning: Optimization did not converge. RetCode: MaxIters
└ @ ODEParameterEstimation ~/ODEParameterEstimation/src/core/solvers/homotopy_continuation.jl:778
┌ Warning: Optimization did not converge. RetCode: MaxIters
└ @ ODEParameterEstimation ~/ODEParameterEstimation/src/core/solvers/homotopy_continuation.jl:778
┌ Warning: Optimization did not converge. RetCode: Stalled
└ @ ODEParameterEstimation ~/ODEParameterEstimation/src/core/solvers/homotopy_continuation.jl:778
┌ Warning: Optimization did not converge. RetCode: Stalled
└ @ ODEParameterEstimation ~/ODEParameterEstimation/src/core/solvers/homotopy_continuation.jl:778
┌ Warning: Optimization did not converge. RetCode: MaxIters
└ @ ODEParameterEstimation ~/ODEParameterEstimation/src/core/solvers/homotopy_continuation.jl:778
┌ Warning: Optimization did not converge. RetCode: MaxIters
└ @ ODEParameterEstimation ~/ODEParameterEstimation/src/core/solvers/homotopy_continuation.jl:778
┌ Warning: Optimization did not converge. RetCode: Stalled
└ @ ODEParameterEstimation ~/ODEParameterEstimation/src/core/solvers/homotopy_continuation.jl:778
┌ Warning: Optimization did not converge. RetCode: Stalled
└ @ ODEParameterEstimation ~/ODEParameterEstimation/src/core/solvers/homotopy_continuation.jl:778
┌ Warning: Optimization did not converge. RetCode: Stalled
└ @ ODEParameterEstimation ~/ODEParameterEstimation/src/core/solvers/homotopy_continuation.jl:778
┌ Warning: Optimization did not converge. RetCode: MaxIters
└ @ ODEParameterEstimation ~/ODEParameterEstimation/src/core/solvers/homotopy_continuation.jl:778
┌ Warning: Optimization did not converge. RetCode: MaxIters
└ @ ODEParameterEstimation ~/ODEParameterEstimation/src/core/solvers/homotopy_continuation.jl:778
┌ Warning: Optimization did not converge. RetCode: MaxIters
└ @ ODEParameterEstimation ~/ODEParameterEstimation/src/core/solvers/homotopy_continuation.jl:778
┌ Warning: Optimization did not converge. RetCode: MaxIters
└ @ ODEParameterEstimation ~/ODEParameterEstimation/src/core/solvers/homotopy_continuation.jl:778
┌ Warning: Optimization did not converge. RetCode: Stalled
└ @ ODEParameterEstimation ~/ODEParameterEstimation/src/core/solvers/homotopy_continuation.jl:778
┌ Warning: Optimization did not converge. RetCode: MaxIters
└ @ ODEParameterEstimation ~/ODEParameterEstimation/src/core/solvers/homotopy_continuation.jl:778
┌ Warning: Optimization did not converge. RetCode: Stalled
└ @ ODEParameterEstimation ~/ODEParameterEstimation/src/core/solvers/homotopy_continuation.jl:778
┌ Warning: Optimization did not converge. RetCode: MaxIters
└ @ ODEParameterEstimation ~/ODEParameterEstimation/src/core/solvers/homotopy_continuation.jl:778
┌ Warning: Optimization did not converge. RetCode: Stalled
└ @ ODEParameterEstimation ~/ODEParameterEstimation/src/core/solvers/homotopy_continuation.jl:778
┌ Warning: Optimization did not converge. RetCode: MaxIters
└ @ ODEParameterEstimation ~/ODEParameterEstimation/src/core/solvers/homotopy_continuation.jl:778
┌ Warning: Optimization did not converge. RetCode: Stalled
└ @ ODEParameterEstimation ~/ODEParameterEstimation/src/core/solvers/homotopy_continuation.jl:778
┌ Warning: Optimization did not converge. RetCode: Stalled
└ @ ODEParameterEstimation ~/ODEParameterEstimation/src/core/solvers/homotopy_continuation.jl:778
┌ Warning: Optimization did not converge. RetCode: MaxIters
└ @ ODEParameterEstimation ~/ODEParameterEstimation/src/core/solvers/homotopy_continuation.jl:778
┌ Warning: Optimization did not converge. RetCode: Stalled
└ @ ODEParameterEstimation ~/ODEParameterEstimation/src/core/solvers/homotopy_continuation.jl:778
┌ Warning: Optimization did not converge. RetCode: MaxIters
└ @ ODEParameterEstimation ~/ODEParameterEstimation/src/core/solvers/homotopy_continuation.jl:778
┌ Warning: At t=0.09960404322902372, dt was forced below floating point epsilon -1.2357649747105056e-17, and step error estimate = 1.1124306583381027. Aborting. There is either an error in your model specification or the true solution is unstable (or the true solution can not be represented in the precision of Float64).
└ @ SciMLBase ~/.julia/packages/SciMLBase/VW1cI/src/integrator_interface.jl:623
┌ Warning: At t=0.3839999963847196, dt was forced below floating point epsilon -4.7589590463277167e-17, and step error estimate = 1.6259950532385423. Aborting. There is either an error in your model specification or the true solution is unstable (or the true solution can not be represented in the precision of Float64).
└ @ SciMLBase ~/.julia/packages/SciMLBase/VW1cI/src/integrator_interface.jl:623
┌ Warning: At t=0.08096761669122726, dt was forced below floating point epsilon -1.3864551513643926e-17, and step error estimate = 1.2487143325776366. Aborting. There is either an error in your model specification or the true solution is unstable (or the true solution can not be represented in the precision of Float64).
└ @ SciMLBase ~/.julia/packages/SciMLBase/VW1cI/src/integrator_interface.jl:623
┌ Warning: At t=0.3376139173956881, dt was forced below floating point epsilon -4.995595083173451e-17, and step error estimate = 1.0008182680424196. Aborting. There is either an error in your model specification or the true solution is unstable (or the true solution can not be represented in the precision of Float64).
└ @ SciMLBase ~/.julia/packages/SciMLBase/VW1cI/src/integrator_interface.jl:623
┌ Warning: At t=-0.14955411436817012, dt was forced below floating point epsilon -2.1159831197395138e-17, and step error estimate = 500.7928099211705. Aborting. There is either an error in your model specification or the true solution is unstable (or the true solution can not be represented in the precision of Float64).
└ @ SciMLBase ~/.julia/packages/SciMLBase/VW1cI/src/integrator_interface.jl:623
┌ Warning: At t=0.38257457208153306, dt was forced below floating point epsilon -5.46436173215079e-17, and step error estimate = 1.0080214807585812. Aborting. There is either an error in your model specification or the true solution is unstable (or the true solution can not be represented in the precision of Float64).
└ @ SciMLBase ~/.julia/packages/SciMLBase/VW1cI/src/integrator_interface.jl:623
┌ Warning: At t=-0.16846211416379223, dt was forced below floating point epsilon -2.4674451184467724e-17, and step error estimate = 1.130992326998395. Aborting. There is either an error in your model specification or the true solution is unstable (or the true solution can not be represented in the precision of Float64).
└ @ SciMLBase ~/.julia/packages/SciMLBase/VW1cI/src/integrator_interface.jl:623
┌ Warning: At t=0.3416867940391819, dt was forced below floating point epsilon -4.937091219521153e-17, and step error estimate = 1.125958325326644. Aborting. There is either an error in your model specification or the true solution is unstable (or the true solution can not be represented in the precision of Float64).
└ @ SciMLBase ~/.julia/packages/SciMLBase/VW1cI/src/integrator_interface.jl:623
┌ Warning: At t=-0.6227606060360471, dt was forced below floating point epsilon -1.1099897272415771e-16, and step error estimate = 1.0059983787890365. Aborting. There is either an error in your model specification or the true solution is unstable (or the true solution can not be represented in the precision of Float64).
└ @ SciMLBase ~/.julia/packages/SciMLBase/VW1cI/src/integrator_interface.jl:623
┌ Warning: At t=0.3819846178916973, dt was forced below floating point epsilon -5.5249101327360026e-17, and step error estimate = 1.1356383061296211. Aborting. There is either an error in your model specification or the true solution is unstable (or the true solution can not be represented in the precision of Float64).
└ @ SciMLBase ~/.julia/packages/SciMLBase/VW1cI/src/integrator_interface.jl:623
┌ Warning: At t=0.07606185101622681, dt was forced below floating point epsilon -1.1372541232152497e-17, and step error estimate = 658.2283381421248. Aborting. There is either an error in your model specification or the true solution is unstable (or the true solution can not be represented in the precision of Float64).
└ @ SciMLBase ~/.julia/packages/SciMLBase/VW1cI/src/integrator_interface.jl:623
┌ Warning: Interrupted. Larger maxiters is needed. If you are using an integrator for non-stiff ODEs or an automatic switching algorithm (the default), you may want to consider using a method for stiff equations. See the solver pages for more details (e.g. https://docs.sciml.ai/DiffEqDocs/stable/solvers/ode_solve/#Stiff-Problems).
└ @ SciMLBase ~/.julia/packages/SciMLBase/VW1cI/src/integrator_interface.jl:589
┌ Warning: At t=-0.15796195670155105, dt was forced below floating point epsilon -1.946955030087539e-17, and step error estimate = 363.2288851479975. Aborting. There is either an error in your model specification or the true solution is unstable (or the true solution can not be represented in the precision of Float64).
└ @ SciMLBase ~/.julia/packages/SciMLBase/VW1cI/src/integrator_interface.jl:623
┌ Warning: At t=0.22675622428081832, dt was forced below floating point epsilon -2.403305275911475e-17, and step error estimate = 156.20607078702486. Aborting. There is either an error in your model specification or the true solution is unstable (or the true solution can not be represented in the precision of Float64).
└ @ SciMLBase ~/.julia/packages/SciMLBase/VW1cI/src/integrator_interface.jl:623
┌ Warning: At t=0.22675622428081676, dt was forced below floating point epsilon -1.3500572711365518e-17, and step error estimate = 1871.8460492265538. Aborting. There is either an error in your model specification or the true solution is unstable (or the true solution can not be represented in the precision of Float64).
└ @ SciMLBase ~/.julia/packages/SciMLBase/VW1cI/src/integrator_interface.jl:623
┌ Warning: At t=-0.03859646775871488, dt was forced below floating point epsilon -6.85896973207631e-18, and step error estimate = 1.1452937434205215. Aborting. There is either an error in your model specification or the true solution is unstable (or the true solution can not be represented in the precision of Float64).
└ @ SciMLBase ~/.julia/packages/SciMLBase/VW1cI/src/integrator_interface.jl:623
┌ Warning: At t=0.33427470482232735, dt was forced below floating point epsilon -5.392361361495271e-17, and step error estimate = 1.6987954617379508. Aborting. There is either an error in your model specification or the true solution is unstable (or the true solution can not be represented in the precision of Float64).
└ @ SciMLBase ~/.julia/packages/SciMLBase/VW1cI/src/integrator_interface.jl:623
┌ Warning: At t=0.3187681457364954, dt was forced below floating point epsilon -4.9287140315202063e-17, and step error estimate = 1.1452508808796398. Aborting. There is either an error in your model specification or the true solution is unstable (or the true solution can not be represented in the precision of Float64).
└ @ SciMLBase ~/.julia/packages/SciMLBase/VW1cI/src/integrator_interface.jl:623
┌ Warning: At t=-0.2756667962288241, dt was forced below floating point epsilon -5.362637433346375e-17, and step error estimate = 1.0003422504661663. Aborting. There is either an error in your model specification or the true solution is unstable (or the true solution can not be represented in the precision of Float64).
└ @ SciMLBase ~/.julia/packages/SciMLBase/VW1cI/src/integrator_interface.jl:623
┌ Warning: At t=0.38180124551311007, dt was forced below floating point epsilon -2.8093823115656355e-17, and step error estimate = NaN. Aborting. There is either an error in your model specification or the true solution is unstable (or the true solution can not be represented in the precision of Float64).
└ @ SciMLBase ~/.julia/packages/SciMLBase/VW1cI/src/integrator_interface.jl:623
┌ Warning: At t=0.34038158948121444, dt was forced below floating point epsilon -4.923582075709911e-17, and step error estimate = 1.1572493736173717. Aborting. There is either an error in your model specification or the true solution is unstable (or the true solution can not be represented in the precision of Float64).
└ @ SciMLBase ~/.julia/packages/SciMLBase/VW1cI/src/integrator_interface.jl:623
┌ Warning: At t=0.3128560855448677, dt was forced below floating point epsilon -5.305165966657601e-17, and step error estimate = 1.1006790472304795. Aborting. There is either an error in your model specification or the true solution is unstable (or the true solution can not be represented in the precision of Float64).
└ @ SciMLBase ~/.julia/packages/SciMLBase/VW1cI/src/integrator_interface.jl:623
┌ Warning: At t=-0.1085180430815367, dt was forced below floating point epsilon -1.261672663331053e-17, and step error estimate = 1.0023161888835683. Aborting. There is either an error in your model specification or the true solution is unstable (or the true solution can not be represented in the precision of Float64).
└ @ SciMLBase ~/.julia/packages/SciMLBase/VW1cI/src/integrator_interface.jl:623
┌ Warning: At t=0.11600314758227084, dt was forced below floating point epsilon -1.2263310662031298e-17, and step error estimate = 37.83185170371132. Aborting. There is either an error in your model specification or the true solution is unstable (or the true solution can not be represented in the precision of Float64).
└ @ SciMLBase ~/.julia/packages/SciMLBase/VW1cI/src/integrator_interface.jl:623
┌ Warning: At t=0.07606185101622681, dt was forced below floating point epsilon -1.1372541232152497e-17, and step error estimate = 658.2283381421248. Aborting. There is either an error in your model specification or the true solution is unstable (or the true solution can not be represented in the precision of Float64).
└ @ SciMLBase ~/.julia/packages/SciMLBase/VW1cI/src/integrator_interface.jl:623
┌ Warning: At t=0.27516810740168635, dt was forced below floating point epsilon -4.992653395144375e-17, and step error estimate = 1.006729166606188. Aborting. There is either an error in your model specification or the true solution is unstable (or the true solution can not be represented in the precision of Float64).
└ @ SciMLBase ~/.julia/packages/SciMLBase/VW1cI/src/integrator_interface.jl:623
┌ Warning: At t=0.3839999952767151, dt was forced below floating point epsilon -4.9674075578831196e-17, and step error estimate = 1.0590798800803525. Aborting. There is either an error in your model specification or the true solution is unstable (or the true solution can not be represented in the precision of Float64).
└ @ SciMLBase ~/.julia/packages/SciMLBase/VW1cI/src/integrator_interface.jl:623
┌ Warning: At t=0.3839999933158806, dt was forced below floating point epsilon -4.79582995510412e-17, and step error estimate = 1.5050615112875496. Aborting. There is either an error in your model specification or the true solution is unstable (or the true solution can not be represented in the precision of Float64).
└ @ SciMLBase ~/.julia/packages/SciMLBase/VW1cI/src/integrator_interface.jl:623
┌ Warning: At t=0.3839997566632289, dt was forced below floating point epsilon -2.5819564739943835e-17, and step error estimate = NaN. Aborting. There is either an error in your model specification or the true solution is unstable (or the true solution can not be represented in the precision of Float64).
└ @ SciMLBase ~/.julia/packages/SciMLBase/VW1cI/src/integrator_interface.jl:623
┌ Warning: Interrupted. Larger maxiters is needed. If you are using an integrator for non-stiff ODEs or an automatic switching algorithm (the default), you may want to consider using a method for stiff equations. See the solver pages for more details (e.g. https://docs.sciml.ai/DiffEqDocs/stable/solvers/ode_solve/#Stiff-Problems).
└ @ SciMLBase ~/.julia/packages/SciMLBase/VW1cI/src/integrator_interface.jl:589
┌ Warning: At t=0.38399865588760335, dt was forced below floating point epsilon -3.322589857237723e-17, and step error estimate = NaN. Aborting. There is either an error in your model specification or the true solution is unstable (or the true solution can not be represented in the precision of Float64).
└ @ SciMLBase ~/.julia/packages/SciMLBase/VW1cI/src/integrator_interface.jl:623
┌ Warning: Interrupted. Larger maxiters is needed. If you are using an integrator for non-stiff ODEs or an automatic switching algorithm (the default), you may want to consider using a method for stiff equations. See the solver pages for more details (e.g. https://docs.sciml.ai/DiffEqDocs/stable/solvers/ode_solve/#Stiff-Problems).
└ @ SciMLBase ~/.julia/packages/SciMLBase/VW1cI/src/integrator_interface.jl:589
┌ Warning: At t=0.3835275324969758, dt was forced below floating point epsilon -4.9611127436485586e-17, and step error estimate = 1.0725964323561579. Aborting. There is either an error in your model specification or the true solution is unstable (or the true solution can not be represented in the precision of Float64).
└ @ SciMLBase ~/.julia/packages/SciMLBase/VW1cI/src/integrator_interface.jl:623
┌ Warning: At t=0.3839878691667651, dt was forced below floating point epsilon -5.53280301607249e-17, and step error estimate = 1.149789352128884. Aborting. There is either an error in your model specification or the true solution is unstable (or the true solution can not be represented in the precision of Float64).
└ @ SciMLBase ~/.julia/packages/SciMLBase/VW1cI/src/integrator_interface.jl:623
┌ Warning: Interrupted. Larger maxiters is needed. If you are using an integrator for non-stiff ODEs or an automatic switching algorithm (the default), you may want to consider using a method for stiff equations. See the solver pages for more details (e.g. https://docs.sciml.ai/DiffEqDocs/stable/solvers/ode_solve/#Stiff-Problems).
└ @ SciMLBase ~/.julia/packages/SciMLBase/VW1cI/src/integrator_interface.jl:589
┌ Warning: At t=0.16860752321141545, dt was forced below floating point epsilon -1.8184911145145885e-17, and step error estimate = NaN. Aborting. There is either an error in your model specification or the true solution is unstable (or the true solution can not be represented in the precision of Float64).
└ @ SciMLBase ~/.julia/packages/SciMLBase/VW1cI/src/integrator_interface.jl:623
┌ Warning: At t=0.3783998187206315, dt was forced below floating point epsilon -4.931034242868836e-17, and step error estimate = 1.1398709856631688. Aborting. There is either an error in your model specification or the true solution is unstable (or the true solution can not be represented in the precision of Float64).
└ @ SciMLBase ~/.julia/packages/SciMLBase/VW1cI/src/integrator_interface.jl:623
┌ Warning: At t=0.3714674269435674, dt was forced below floating point epsilon -1.6560076004181177e-17, and step error estimate = NaN. Aborting. There is either an error in your model specification or the true solution is unstable (or the true solution can not be represented in the precision of Float64).
└ @ SciMLBase ~/.julia/packages/SciMLBase/VW1cI/src/integrator_interface.jl:623
┌ Warning: At t=-0.07424034423230273, dt was forced below floating point epsilon -7.075596634493597e-18, and step error estimate = 2336.961382668573. Aborting. There is either an error in your model specification or the true solution is unstable (or the true solution can not be represented in the precision of Float64).
└ @ SciMLBase ~/.julia/packages/SciMLBase/VW1cI/src/integrator_interface.jl:623
┌ Warning: At t=0.38399986487321136, dt was forced below floating point epsilon -5.487963936061819e-17, and step error estimate = 1.1300183597392646. Aborting. There is either an error in your model specification or the true solution is unstable (or the true solution can not be represented in the precision of Float64).
└ @ SciMLBase ~/.julia/packages/SciMLBase/VW1cI/src/integrator_interface.jl:623
┌ Warning: At t=0.2847911439383367, dt was forced below floating point epsilon -4.946476973322653e-17, and step error estimate = 1.1047669733380698. Aborting. There is either an error in your model specification or the true solution is unstable (or the true solution can not be represented in the precision of Float64).
└ @ SciMLBase ~/.julia/packages/SciMLBase/VW1cI/src/integrator_interface.jl:623
┌ Warning: At t=0.381073510670725, dt was forced below floating point epsilon -5.032064687332798e-17, and step error estimate = 1.080403471643392. Aborting. There is either an error in your model specification or the true solution is unstable (or the true solution can not be represented in the precision of Float64).
└ @ SciMLBase ~/.julia/packages/SciMLBase/VW1cI/src/integrator_interface.jl:623
┌ Warning: At t=0.383259806967932, dt was forced below floating point epsilon -3.955824251750778e-17, and step error estimate = 738.8816588380572. Aborting. There is either an error in your model specification or the true solution is unstable (or the true solution can not be represented in the precision of Float64).
└ @ SciMLBase ~/.julia/packages/SciMLBase/VW1cI/src/integrator_interface.jl:623
┌ Warning: At t=0.3607096711707892, dt was forced below floating point epsilon -3.492980508426564e-17, and step error estimate = 563.0756947735922. Aborting. There is either an error in your model specification or the true solution is unstable (or the true solution can not be represented in the precision of Float64).
└ @ SciMLBase ~/.julia/packages/SciMLBase/VW1cI/src/integrator_interface.jl:623
┌ Warning: At t=0.27455980789787904, dt was forced below floating point epsilon -5.3187375787467875e-17, and step error estimate = 1.0078850515375404. Aborting. There is either an error in your model specification or the true solution is unstable (or the true solution can not be represented in the precision of Float64).
└ @ SciMLBase ~/.julia/packages/SciMLBase/VW1cI/src/integrator_interface.jl:623
┌ Warning: Interrupted. Larger maxiters is needed. If you are using an integrator for non-stiff ODEs or an automatic switching algorithm (the default), you may want to consider using a method for stiff equations. See the solver pages for more details (e.g. https://docs.sciml.ai/DiffEqDocs/stable/solvers/ode_solve/#Stiff-Problems).
└ @ SciMLBase ~/.julia/packages/SciMLBase/VW1cI/src/integrator_interface.jl:589
┌ Warning: At t=0.3190944860951463, dt was forced below floating point epsilon -2.936734950675787e-17, and step error estimate = 1322.7935293434864. Aborting. There is either an error in your model specification or the true solution is unstable (or the true solution can not be represented in the precision of Float64).
└ @ SciMLBase ~/.julia/packages/SciMLBase/VW1cI/src/integrator_interface.jl:623
┌ Warning: At t=0.3292930077056552, dt was forced below floating point epsilon -4.923084677411653e-17, and step error estimate = 1.1584208590847536. Aborting. There is either an error in your model specification or the true solution is unstable (or the true solution can not be represented in the precision of Float64).
└ @ SciMLBase ~/.julia/packages/SciMLBase/VW1cI/src/integrator_interface.jl:623
┌ Warning: At t=0.3277612536935502, dt was forced below floating point epsilon -5.513575716328821e-17, and step error estimate = 1.1411353483755187. Aborting. There is either an error in your model specification or the true solution is unstable (or the true solution can not be represented in the precision of Float64).
└ @ SciMLBase ~/.julia/packages/SciMLBase/VW1cI/src/integrator_interface.jl:623
┌ Warning: At t=0.38399996135886166, dt was forced below floating point epsilon -4.8977852613288495e-17, and step error estimate = 1.2197005963416987. Aborting. There is either an error in your model specification or the true solution is unstable (or the true solution can not be represented in the precision of Float64).
└ @ SciMLBase ~/.julia/packages/SciMLBase/VW1cI/src/integrator_interface.jl:623
┌ Warning: At t=-0.2820338832983004, dt was forced below floating point epsilon -5.3202110312654065e-17, and step error estimate = 1.1099422169952833. Aborting. There is either an error in your model specification or the true solution is unstable (or the true solution can not be represented in the precision of Float64).
└ @ SciMLBase ~/.julia/packages/SciMLBase/VW1cI/src/integrator_interface.jl:623
┌ Warning: At t=-0.9949148109040562, dt was forced below floating point epsilon -1.0944521561355016e-16, and step error estimate = 1.053447557318175. Aborting. There is either an error in your model specification or the true solution is unstable (or the true solution can not be represented in the precision of Float64).
└ @ SciMLBase ~/.julia/packages/SciMLBase/VW1cI/src/integrator_interface.jl:623
┌ Warning: At t=0.1770180879340703, dt was forced below floating point epsilon -1.5214140348132673e-17, and step error estimate = 581.1057365304606. Aborting. There is either an error in your model specification or the true solution is unstable (or the true solution can not be represented in the precision of Float64).
└ @ SciMLBase ~/.julia/packages/SciMLBase/VW1cI/src/integrator_interface.jl:623
┌ Warning: At t=0.11600314759223829, dt was forced below floating point epsilon -1.2229420367122815e-17, and step error estimate = 3.3241381894776487. Aborting. There is either an error in your model specification or the true solution is unstable (or the true solution can not be represented in the precision of Float64).
└ @ SciMLBase ~/.julia/packages/SciMLBase/VW1cI/src/integrator_interface.jl:623
┌ Warning: At t=0.29013526277881324, dt was forced below floating point epsilon -4.995969067989658e-17, and step error estimate = 1.0000691684405358. Aborting. There is either an error in your model specification or the true solution is unstable (or the true solution can not be represented in the precision of Float64).
└ @ SciMLBase ~/.julia/packages/SciMLBase/VW1cI/src/integrator_interface.jl:623
┌ Warning: At t=0.333180698620827, dt was forced below floating point epsilon -4.986215573055152e-17, and step error estimate = 1.0198018233626092. Aborting. There is either an error in your model specification or the true solution is unstable (or the true solution can not be represented in the precision of Float64).
└ @ SciMLBase ~/.julia/packages/SciMLBase/VW1cI/src/integrator_interface.jl:623
┌ Warning: At t=0.185706488856012, dt was forced below floating point epsilon -1.9067322934851903e-17, and step error estimate = 721.5142673531498. Aborting. There is either an error in your model specification or the true solution is unstable (or the true solution can not be represented in the precision of Float64).
└ @ SciMLBase ~/.julia/packages/SciMLBase/VW1cI/src/integrator_interface.jl:623
┌ Warning: At t=0.30598527459681596, dt was forced below floating point epsilon -4.984933913797178e-17, and step error estimate = 1.0224264299515227. Aborting. There is either an error in your model specification or the true solution is unstable (or the true solution can not be represented in the precision of Float64).
└ @ SciMLBase ~/.julia/packages/SciMLBase/VW1cI/src/integrator_interface.jl:623
┌ Warning: At t=0.25488621793729144, dt was forced below floating point epsilon -5.474564121642062e-17, and step error estimate = 1.4466645830059273. Aborting. There is either an error in your model specification or the true solution is unstable (or the true solution can not be represented in the precision of Float64).
└ @ SciMLBase ~/.julia/packages/SciMLBase/VW1cI/src/integrator_interface.jl:623
┌ Warning: At t=0.3305746054857533, dt was forced below floating point epsilon -4.983427131809726e-17, and step error estimate = 1.0255215826205353. Aborting. There is either an error in your model specification or the true solution is unstable (or the true solution can not be represented in the precision of Float64).
└ @ SciMLBase ~/.julia/packages/SciMLBase/VW1cI/src/integrator_interface.jl:623
┌ Warning: At t=-0.09744047507362705, dt was forced below floating point epsilon -1.0840746232361653e-17, and step error estimate = 356.7758675551372. Aborting. There is either an error in your model specification or the true solution is unstable (or the true solution can not be represented in the precision of Float64).
└ @ SciMLBase ~/.julia/packages/SciMLBase/VW1cI/src/integrator_interface.jl:623
┌ Warning: At t=0.11703524419015293, dt was forced below floating point epsilon -1.2469356108959131e-17, and step error estimate = 1.016684312033851. Aborting. There is either an error in your model specification or the true solution is unstable (or the true solution can not be represented in the precision of Float64).
└ @ SciMLBase ~/.julia/packages/SciMLBase/VW1cI/src/integrator_interface.jl:623
┌ Warning: At t=0.30473725575292004, dt was forced below floating point epsilon -5.437096690102177e-17, and step error estimate = 95.31622898686048. Aborting. There is either an error in your model specification or the true solution is unstable (or the true solution can not be represented in the precision of Float64).
└ @ SciMLBase ~/.julia/packages/SciMLBase/VW1cI/src/integrator_interface.jl:623
┌ Warning: At t=0.3706118644981751, dt was forced below floating point epsilon -5.3831246124204975e-17, and step error estimate = 1.1956973631714711. Aborting. There is either an error in your model specification or the true solution is unstable (or the true solution can not be represented in the precision of Float64).
└ @ SciMLBase ~/.julia/packages/SciMLBase/VW1cI/src/integrator_interface.jl:623
┌ Warning: At t=0.17359045402086232, dt was forced below floating point epsilon -2.4753317938393078e-17, and step error estimate = 1.0954569103944665. Aborting. There is either an error in your model specification or the true solution is unstable (or the true solution can not be represented in the precision of Float64).
└ @ SciMLBase ~/.julia/packages/SciMLBase/VW1cI/src/integrator_interface.jl:623
┌ Warning: Interrupted. Larger maxiters is needed. If you are using an integrator for non-stiff ODEs or an automatic switching algorithm (the default), you may want to consider using a method for stiff equations. See the solver pages for more details (e.g. https://docs.sciml.ai/DiffEqDocs/stable/solvers/ode_solve/#Stiff-Problems).
└ @ SciMLBase ~/.julia/packages/SciMLBase/VW1cI/src/integrator_interface.jl:589
┌ Warning: At t=0.2847911439383367, dt was forced below floating point epsilon -4.946476973322653e-17, and step error estimate = 1.1047669733380698. Aborting. There is either an error in your model specification or the true solution is unstable (or the true solution can not be represented in the precision of Float64).
└ @ SciMLBase ~/.julia/packages/SciMLBase/VW1cI/src/integrator_interface.jl:623
┌ Warning: At t=0.3740234391750524, dt was forced below floating point epsilon -4.982104328336898e-17, and step error estimate = 335.7687440155179. Aborting. There is either an error in your model specification or the true solution is unstable (or the true solution can not be represented in the precision of Float64).
└ @ SciMLBase ~/.julia/packages/SciMLBase/VW1cI/src/integrator_interface.jl:623
┌ Warning: At t=-0.6227606060360471, dt was forced below floating point epsilon -1.1099897272415771e-16, and step error estimate = 1.0059983787890365. Aborting. There is either an error in your model specification or the true solution is unstable (or the true solution can not be represented in the precision of Float64).
└ @ SciMLBase ~/.julia/packages/SciMLBase/VW1cI/src/integrator_interface.jl:623
┌ Warning: At t=0.36964698678466196, dt was forced below floating point epsilon -3.8270014151881023e-17, and step error estimate = NaN. Aborting. There is either an error in your model specification or the true solution is unstable (or the true solution can not be represented in the precision of Float64).
└ @ SciMLBase ~/.julia/packages/SciMLBase/VW1cI/src/integrator_interface.jl:623
┌ Warning: At t=0.3761781660726649, dt was forced below floating point epsilon -4.9581510955376755e-17, and step error estimate = 1.0790219397280552. Aborting. There is either an error in your model specification or the true solution is unstable (or the true solution can not be represented in the precision of Float64).
└ @ SciMLBase ~/.julia/packages/SciMLBase/VW1cI/src/integrator_interface.jl:623
┌ Warning: At t=0.3765363756267393, dt was forced below floating point epsilon -5.466589363068138e-17, and step error estimate = 1.0417171842711102. Aborting. There is either an error in your model specification or the true solution is unstable (or the true solution can not be represented in the precision of Float64).
└ @ SciMLBase ~/.julia/packages/SciMLBase/VW1cI/src/integrator_interface.jl:623
┌ Warning: At t=0.3747599708118188, dt was forced below floating point epsilon -5.451904361462726e-17, and step error estimate = 1.0292159420065272. Aborting. There is either an error in your model specification or the true solution is unstable (or the true solution can not be represented in the precision of Float64).
└ @ SciMLBase ~/.julia/packages/SciMLBase/VW1cI/src/integrator_interface.jl:623
┌ Warning: At t=0.24056233562589582, dt was forced below floating point epsilon -2.4678568884208733e-17, and step error estimate = 1.1291047889923491. Aborting. There is either an error in your model specification or the true solution is unstable (or the true solution can not be represented in the precision of Float64).
└ @ SciMLBase ~/.julia/packages/SciMLBase/VW1cI/src/integrator_interface.jl:623
┌ Warning: At t=-0.276128055959678, dt was forced below floating point epsilon -4.160252104581516e-17, and step error estimate = 282.2949938626813. Aborting. There is either an error in your model specification or the true solution is unstable (or the true solution can not be represented in the precision of Float64).
└ @ SciMLBase ~/.julia/packages/SciMLBase/VW1cI/src/integrator_interface.jl:623
┌ Warning: At t=0.3839999933158806, dt was forced below floating point epsilon -4.79582995510412e-17, and step error estimate = 1.5050615112875496. Aborting. There is either an error in your model specification or the true solution is unstable (or the true solution can not be represented in the precision of Float64).
└ @ SciMLBase ~/.julia/packages/SciMLBase/VW1cI/src/integrator_interface.jl:623
┌ Warning: At t=0.383993604687301, dt was forced below floating point epsilon -2.082158602707982e-17, and step error estimate = NaN. Aborting. There is either an error in your model specification or the true solution is unstable (or the true solution can not be represented in the precision of Float64).
└ @ SciMLBase ~/.julia/packages/SciMLBase/VW1cI/src/integrator_interface.jl:623
┌ Warning: At t=0.27638959731200075, dt was forced below floating point epsilon -5.03706418153546e-17, and step error estimate = 1.0343017135280896. Aborting. There is either an error in your model specification or the true solution is unstable (or the true solution can not be represented in the precision of Float64).
└ @ SciMLBase ~/.julia/packages/SciMLBase/VW1cI/src/integrator_interface.jl:623
┌ Warning: At t=0.26049860726847757, dt was forced below floating point epsilon -5.1604749406450175e-17, and step error estimate = 527.0129276715529. Aborting. There is either an error in your model specification or the true solution is unstable (or the true solution can not be represented in the precision of Float64).
└ @ SciMLBase ~/.julia/packages/SciMLBase/VW1cI/src/integrator_interface.jl:623
┌ Warning: At t=0.3471493293610567, dt was forced below floating point epsilon -1.6865806982603682e-17, and step error estimate = NaN. Aborting. There is either an error in your model specification or the true solution is unstable (or the true solution can not be represented in the precision of Float64).
└ @ SciMLBase ~/.julia/packages/SciMLBase/VW1cI/src/integrator_interface.jl:623
┌ Warning: At t=0.3839999803832985, dt was forced below floating point epsilon -4.8457270631717983e-17, and step error estimate = 1.3572799071035282. Aborting. There is either an error in your model specification or the true solution is unstable (or the true solution can not be represented in the precision of Float64).
└ @ SciMLBase ~/.julia/packages/SciMLBase/VW1cI/src/integrator_interface.jl:623
┌ Warning: At t=0.3839996876034919, dt was forced below floating point epsilon -4.6616595606487804e-17, and step error estimate = 2.0794473521277785. Aborting. There is either an error in your model specification or the true solution is unstable (or the true solution can not be represented in the precision of Float64).
└ @ SciMLBase ~/.julia/packages/SciMLBase/VW1cI/src/integrator_interface.jl:623
┌ Warning: At t=0.26049860726847757, dt was forced below floating point epsilon -3.6404334571219794e-17, and step error estimate = 578.1013548233885. Aborting. There is either an error in your model specification or the true solution is unstable (or the true solution can not be represented in the precision of Float64).
└ @ SciMLBase ~/.julia/packages/SciMLBase/VW1cI/src/integrator_interface.jl:623
┌ Warning: At t=0.3238138950293121, dt was forced below floating point epsilon -5.545179975967578e-17, and step error estimate = 1.0006340062461605. Aborting. There is either an error in your model specification or the true solution is unstable (or the true solution can not be represented in the precision of Float64).
└ @ SciMLBase ~/.julia/packages/SciMLBase/VW1cI/src/integrator_interface.jl:623
┌ Warning: At t=0.2542057344881876, dt was forced below floating point epsilon -3.422492496130208e-17, and step error estimate = NaN. Aborting. There is either an error in your model specification or the true solution is unstable (or the true solution can not be represented in the precision of Float64).
└ @ SciMLBase ~/.julia/packages/SciMLBase/VW1cI/src/integrator_interface.jl:623
┌ Warning: At t=0.11104227224626025, dt was forced below floating point epsilon -1.241398259430427e-17, and step error estimate = 1.0629572183178484. Aborting. There is either an error in your model specification or the true solution is unstable (or the true solution can not be represented in the precision of Float64).
└ @ SciMLBase ~/.julia/packages/SciMLBase/VW1cI/src/integrator_interface.jl:623
┌ Warning: At t=0.38399999965223014, dt was forced below floating point epsilon -4.752259123614679e-17, and step error estimate = 5.5057375374766915. Aborting. There is either an error in your model specification or the true solution is unstable (or the true solution can not be represented in the precision of Float64).
└ @ SciMLBase ~/.julia/packages/SciMLBase/VW1cI/src/integrator_interface.jl:623
┌ Warning: At t=0.38399999923786543, dt was forced below floating point epsilon -1.1102230246251566e-17, and step error estimate = NaN. Aborting. There is either an error in your model specification or the true solution is unstable (or the true solution can not be represented in the precision of Float64).
└ @ SciMLBase ~/.julia/packages/SciMLBase/VW1cI/src/integrator_interface.jl:623
┌ Warning: At t=0.3519938028398907, dt was forced below floating point epsilon -4.9490628978363376e-17, and step error estimate = 1.0990063022773195. Aborting. There is either an error in your model specification or the true solution is unstable (or the true solution can not be represented in the precision of Float64).
└ @ SciMLBase ~/.julia/packages/SciMLBase/VW1cI/src/integrator_interface.jl:623
┌ Warning: At t=0.36575216387831844, dt was forced below floating point epsilon -4.9919076630177473e-17, and step error estimate = 1.0082339884350369. Aborting. There is either an error in your model specification or the true solution is unstable (or the true solution can not be represented in the precision of Float64).
└ @ SciMLBase ~/.julia/packages/SciMLBase/VW1cI/src/integrator_interface.jl:623
┌ Warning: At t=0.3839999997528597, dt was forced below floating point epsilon -5.476890975639877e-17, and step error estimate = 8.087344629581654. Aborting. There is either an error in your model specification or the true solution is unstable (or the true solution can not be represented in the precision of Float64).
└ @ SciMLBase ~/.julia/packages/SciMLBase/VW1cI/src/integrator_interface.jl:623
┌ Warning: At t=0.17844448455370854, dt was forced below floating point epsilon -1.547958600627419e-17, and step error estimate = 763.317394135873. Aborting. There is either an error in your model specification or the true solution is unstable (or the true solution can not be represented in the precision of Float64).
└ @ SciMLBase ~/.julia/packages/SciMLBase/VW1cI/src/integrator_interface.jl:623
┌ Warning: At t=0.3729519085291679, dt was forced below floating point epsilon -4.939398338601141e-17, and step error estimate = 1.336326748104696. Aborting. There is either an error in your model specification or the true solution is unstable (or the true solution can not be represented in the precision of Float64).
└ @ SciMLBase ~/.julia/packages/SciMLBase/VW1cI/src/integrator_interface.jl:623
┌ Warning: At t=0.3224027014681959, dt was forced below floating point epsilon -4.9490944573158445e-17, and step error estimate = 1.0989358065600807. Aborting. There is either an error in your model specification or the true solution is unstable (or the true solution can not be represented in the precision of Float64).
└ @ SciMLBase ~/.julia/packages/SciMLBase/VW1cI/src/integrator_interface.jl:623
┌ Warning: At t=0.38399999999997775, dt was forced below floating point epsilon -1.2316395406621547e-17, and step error estimate = NaN. Aborting. There is either an error in your model specification or the true solution is unstable (or the true solution can not be represented in the precision of Float64).
└ @ SciMLBase ~/.julia/packages/SciMLBase/VW1cI/src/integrator_interface.jl:623
┌ Warning: At t=0.17701808793407028, dt was forced below floating point epsilon -1.8614934617663806e-17, and step error estimate = 540.0126556285081. Aborting. There is either an error in your model specification or the true solution is unstable (or the true solution can not be represented in the precision of Float64).
└ @ SciMLBase ~/.julia/packages/SciMLBase/VW1cI/src/integrator_interface.jl:623
┌ Warning: At t=0.33427470482708554, dt was forced below floating point epsilon -5.2643040711653016e-17, and step error estimate = 1.0541667206923826. Aborting. There is either an error in your model specification or the true solution is unstable (or the true solution can not be represented in the precision of Float64).
└ @ SciMLBase ~/.julia/packages/SciMLBase/VW1cI/src/integrator_interface.jl:623
┌ Warning: At t=0.29061565857544736, dt was forced below floating point epsilon -4.988766617385098e-17, and step error estimate = 1.014599643563695. Aborting. There is either an error in your model specification or the true solution is unstable (or the true solution can not be represented in the precision of Float64).
└ @ SciMLBase ~/.julia/packages/SciMLBase/VW1cI/src/integrator_interface.jl:623
┌ Warning: At t=0.11600311005451588, dt was forced below floating point epsilon -1.2086384826936556e-17, and step error estimate = 3.5444116946639843. Aborting. There is either an error in your model specification or the true solution is unstable (or the true solution can not be represented in the precision of Float64).
└ @ SciMLBase ~/.julia/packages/SciMLBase/VW1cI/src/integrator_interface.jl:623
┌ Warning: At t=0.3560704017678027, dt was forced below floating point epsilon -4.0773272586985656e-17, and step error estimate = 658.6294753856932. Aborting. There is either an error in your model specification or the true solution is unstable (or the true solution can not be represented in the precision of Float64).
└ @ SciMLBase ~/.julia/packages/SciMLBase/VW1cI/src/integrator_interface.jl:623
┌ Warning: At t=0.372064041369555, dt was forced below floating point epsilon -3.2444552731773586e-17, and step error estimate = 95957.7782212673. Aborting. There is either an error in your model specification or the true solution is unstable (or the true solution can not be represented in the precision of Float64).
└ @ SciMLBase ~/.julia/packages/SciMLBase/VW1cI/src/integrator_interface.jl:623
┌ Warning: At t=0.11703524419015293, dt was forced below floating point epsilon -1.2469356108959131e-17, and step error estimate = 1.016684312033851. Aborting. There is either an error in your model specification or the true solution is unstable (or the true solution can not be represented in the precision of Float64).
└ @ SciMLBase ~/.julia/packages/SciMLBase/VW1cI/src/integrator_interface.jl:623
┌ Warning: At t=0.37853897010794507, dt was forced below floating point epsilon -4.964978884995323e-17, and step error estimate = 1.0642725633249206. Aborting. There is either an error in your model specification or the true solution is unstable (or the true solution can not be represented in the precision of Float64).
└ @ SciMLBase ~/.julia/packages/SciMLBase/VW1cI/src/integrator_interface.jl:623
┌ Warning: At t=-0.1631727282987792, dt was forced below floating point epsilon -2.475001420747338e-17, and step error estimate = 1.096921058876882. Aborting. There is either an error in your model specification or the true solution is unstable (or the true solution can not be represented in the precision of Float64).
└ @ SciMLBase ~/.julia/packages/SciMLBase/VW1cI/src/integrator_interface.jl:623
┌ Warning: At t=0.3765363756267393, dt was forced below floating point epsilon -5.466589363068138e-17, and step error estimate = 1.0417171842711102. Aborting. There is either an error in your model specification or the true solution is unstable (or the true solution can not be represented in the precision of Float64).
└ @ SciMLBase ~/.julia/packages/SciMLBase/VW1cI/src/integrator_interface.jl:623
┌ Warning: At t=0.30473725575287475, dt was forced below floating point epsilon -4.5907885713290165e-17, and step error estimate = 12.52740786868939. Aborting. There is either an error in your model specification or the true solution is unstable (or the true solution can not be represented in the precision of Float64).
└ @ SciMLBase ~/.julia/packages/SciMLBase/VW1cI/src/integrator_interface.jl:623
┌ Warning: At t=0.3659454621894525, dt was forced below floating point epsilon -3.2275477733756427e-17, and step error estimate = 718.2895822238577. Aborting. There is either an error in your model specification or the true solution is unstable (or the true solution can not be represented in the precision of Float64).
└ @ SciMLBase ~/.julia/packages/SciMLBase/VW1cI/src/integrator_interface.jl:623
┌ Warning: At t=-0.1631727282987733, dt was forced below floating point epsilon -2.7634555476026762e-17, and step error estimate = 1.029785355300514. Aborting. There is either an error in your model specification or the true solution is unstable (or the true solution can not be represented in the precision of Float64).
└ @ SciMLBase ~/.julia/packages/SciMLBase/VW1cI/src/integrator_interface.jl:623
┌ Warning: At t=0.31284394344810335, dt was forced below floating point epsilon -5.2602595947090116e-17, and step error estimate = 1.0811463124239282. Aborting. There is either an error in your model specification or the true solution is unstable (or the true solution can not be represented in the precision of Float64).
└ @ SciMLBase ~/.julia/packages/SciMLBase/VW1cI/src/integrator_interface.jl:623
┌ Warning: At t=0.33560241958320314, dt was forced below floating point epsilon -4.182812254533696e-17, and step error estimate = 18.387227681335617. Aborting. There is either an error in your model specification or the true solution is unstable (or the true solution can not be represented in the precision of Float64).
└ @ SciMLBase ~/.julia/packages/SciMLBase/VW1cI/src/integrator_interface.jl:623
┌ Warning: At t=0.3190944860951463, dt was forced below floating point epsilon -2.936734950675787e-17, and step error estimate = 1322.7935293434864. Aborting. There is either an error in your model specification or the true solution is unstable (or the true solution can not be represented in the precision of Float64).
└ @ SciMLBase ~/.julia/packages/SciMLBase/VW1cI/src/integrator_interface.jl:623
┌ Warning: At t=0.3776916277892488, dt was forced below floating point epsilon -5.2405163667827496e-17, and step error estimate = 1.031371772905395. Aborting. There is either an error in your model specification or the true solution is unstable (or the true solution can not be represented in the precision of Float64).
└ @ SciMLBase ~/.julia/packages/SciMLBase/VW1cI/src/integrator_interface.jl:623
┌ Warning: At t=-0.0949576720900578, dt was forced below floating point epsilon -1.0376426019795507e-17, and step error estimate = 604.3330571379794. Aborting. There is either an error in your model specification or the true solution is unstable (or the true solution can not be represented in the precision of Float64).
└ @ SciMLBase ~/.julia/packages/SciMLBase/VW1cI/src/integrator_interface.jl:623
┌ Warning: At t=-0.1579619567015509, dt was forced below floating point epsilon -2.7108662721834745e-17, and step error estimate = 338.4425490126453. Aborting. There is either an error in your model specification or the true solution is unstable (or the true solution can not be represented in the precision of Float64).
└ @ SciMLBase ~/.julia/packages/SciMLBase/VW1cI/src/integrator_interface.jl:623
┌ Warning: At t=0.2958204334075138, dt was forced below floating point epsilon -5.4724283518103025e-17, and step error estimate = 4.744255811252333. Aborting. There is either an error in your model specification or the true solution is unstable (or the true solution can not be represented in the precision of Float64).
└ @ SciMLBase ~/.julia/packages/SciMLBase/VW1cI/src/integrator_interface.jl:623
┌ Warning: At t=0.3189009462315709, dt was forced below floating point epsilon -5.3296902006903597e-17, and step error estimate = 1.6848181266335827. Aborting. There is either an error in your model specification or the true solution is unstable (or the true solution can not be represented in the precision of Float64).
└ @ SciMLBase ~/.julia/packages/SciMLBase/VW1cI/src/integrator_interface.jl:623
┌ Warning: At t=0.19133063760122615, dt was forced below floating point epsilon -2.709676897728995e-17, and step error estimate = 1.0077002065930796. Aborting. There is either an error in your model specification or the true solution is unstable (or the true solution can not be represented in the precision of Float64).
└ @ SciMLBase ~/.julia/packages/SciMLBase/VW1cI/src/integrator_interface.jl:623
┌ Warning: At t=0.3529404040145504, dt was forced below floating point epsilon -4.971118412281228e-17, and step error estimate = 1.0511990841841325. Aborting. There is either an error in your model specification or the true solution is unstable (or the true solution can not be represented in the precision of Float64).
└ @ SciMLBase ~/.julia/packages/SciMLBase/VW1cI/src/integrator_interface.jl:623
┌ Warning: At t=0.3224027204814402, dt was forced below floating point epsilon -4.9489968580056685e-17, and step error estimate = 1.099153319434016. Aborting. There is either an error in your model specification or the true solution is unstable (or the true solution can not be represented in the precision of Float64).
└ @ SciMLBase ~/.julia/packages/SciMLBase/VW1cI/src/integrator_interface.jl:623
┌ Warning: At t=0.38399542015725446, dt was forced below floating point epsilon -4.939956714787878e-17, and step error estimate = 1.1194413410549897. Aborting. There is either an error in your model specification or the true solution is unstable (or the true solution can not be represented in the precision of Float64).
└ @ SciMLBase ~/.julia/packages/SciMLBase/VW1cI/src/integrator_interface.jl:623
┌ Warning: At t=0.38399999988272904, dt was forced below floating point epsilon -3.674363255582234e-17, and step error estimate = NaN. Aborting. There is either an error in your model specification or the true solution is unstable (or the true solution can not be represented in the precision of Float64).
└ @ SciMLBase ~/.julia/packages/SciMLBase/VW1cI/src/integrator_interface.jl:623
┌ Warning: At t=0.3839948432112733, dt was forced below floating point epsilon -5.5387443415128444e-17, and step error estimate = 1.4683985223833684. Aborting. There is either an error in your model specification or the true solution is unstable (or the true solution can not be represented in the precision of Float64).
└ @ SciMLBase ~/.julia/packages/SciMLBase/VW1cI/src/integrator_interface.jl:623
┌ Warning: At t=0.16117760520239535, dt was forced below floating point epsilon -1.6836120155069253e-17, and step error estimate = 959.9382899184719. Aborting. There is either an error in your model specification or the true solution is unstable (or the true solution can not be represented in the precision of Float64).
└ @ SciMLBase ~/.julia/packages/SciMLBase/VW1cI/src/integrator_interface.jl:623
┌ Warning: At t=0.3471493293610567, dt was forced below floating point epsilon -1.6865806982603682e-17, and step error estimate = NaN. Aborting. There is either an error in your model specification or the true solution is unstable (or the true solution can not be represented in the precision of Float64).
└ @ SciMLBase ~/.julia/packages/SciMLBase/VW1cI/src/integrator_interface.jl:623
┌ Warning: At t=0.3674159246719578, dt was forced below floating point epsilon -4.9735153223894006e-17, and step error estimate = 1.0461445690959188. Aborting. There is either an error in your model specification or the true solution is unstable (or the true solution can not be represented in the precision of Float64).
└ @ SciMLBase ~/.julia/packages/SciMLBase/VW1cI/src/integrator_interface.jl:623
┌ Warning: Interrupted. Larger maxiters is needed. If you are using an integrator for non-stiff ODEs or an automatic switching algorithm (the default), you may want to consider using a method for stiff equations. See the solver pages for more details (e.g. https://docs.sciml.ai/DiffEqDocs/stable/solvers/ode_solve/#Stiff-Problems).
└ @ SciMLBase ~/.julia/packages/SciMLBase/VW1cI/src/integrator_interface.jl:589
┌ Warning: At t=0.37969936781867286, dt was forced below floating point epsilon -2.3581511706426592e-17, and step error estimate = NaN. Aborting. There is either an error in your model specification or the true solution is unstable (or the true solution can not be represented in the precision of Float64).
└ @ SciMLBase ~/.julia/packages/SciMLBase/VW1cI/src/integrator_interface.jl:623
┌ Warning: At t=0.16547560169081652, dt was forced below floating point epsilon -2.4774687754752784e-17, and step error estimate = 1.086042257274245. Aborting. There is either an error in your model specification or the true solution is unstable (or the true solution can not be represented in the precision of Float64).
└ @ SciMLBase ~/.julia/packages/SciMLBase/VW1cI/src/integrator_interface.jl:623
┌ Warning: At t=0.1919776424991202, dt was forced below floating point epsilon -2.6337696719719654e-17, and step error estimate = 1.0029628804778248. Aborting. There is either an error in your model specification or the true solution is unstable (or the true solution can not be represented in the precision of Float64).
└ @ SciMLBase ~/.julia/packages/SciMLBase/VW1cI/src/integrator_interface.jl:623
┌ Warning: At t=0.38399980296634, dt was forced below floating point epsilon -5.524210072163446e-17, and step error estimate = 1.6215610753573668. Aborting. There is either an error in your model specification or the true solution is unstable (or the true solution can not be represented in the precision of Float64).
└ @ SciMLBase ~/.julia/packages/SciMLBase/VW1cI/src/integrator_interface.jl:623
┌ Warning: At t=0.3819846178916973, dt was forced below floating point epsilon -5.5249101327360026e-17, and step error estimate = 1.1356383061296211. Aborting. There is either an error in your model specification or the true solution is unstable (or the true solution can not be represented in the precision of Float64).
└ @ SciMLBase ~/.julia/packages/SciMLBase/VW1cI/src/integrator_interface.jl:623
┌ Warning: At t=0.38399998807459224, dt was forced below floating point epsilon -4.7855067760289053e-17, and step error estimate = 1.5379140339497819. Aborting. There is either an error in your model specification or the true solution is unstable (or the true solution can not be represented in the precision of Float64).
└ @ SciMLBase ~/.julia/packages/SciMLBase/VW1cI/src/integrator_interface.jl:623
┌ Warning: At t=0.3729511243291603, dt was forced below floating point epsilon -4.895147424095609e-17, and step error estimate = 1.2262928003576152. Aborting. There is either an error in your model specification or the true solution is unstable (or the true solution can not be represented in the precision of Float64).
└ @ SciMLBase ~/.julia/packages/SciMLBase/VW1cI/src/integrator_interface.jl:623
┌ Warning: At t=0.25314668225661285, dt was forced below floating point epsilon -4.9776934588713817e-17, and step error estimate = 1.0373960618292482. Aborting. There is either an error in your model specification or the true solution is unstable (or the true solution can not be represented in the precision of Float64).
└ @ SciMLBase ~/.julia/packages/SciMLBase/VW1cI/src/integrator_interface.jl:623
┌ Warning: At t=0.284791143938339, dt was forced below floating point epsilon -4.946333357649825e-17, and step error estimate = 1.105087696710115. Aborting. There is either an error in your model specification or the true solution is unstable (or the true solution can not be represented in the precision of Float64).
└ @ SciMLBase ~/.julia/packages/SciMLBase/VW1cI/src/integrator_interface.jl:623
┌ Warning: At t=0.38399999999947115, dt was forced below floating point epsilon -1.483287142370139e-17, and step error estimate = NaN. Aborting. There is either an error in your model specification or the true solution is unstable (or the true solution can not be represented in the precision of Float64).
└ @ SciMLBase ~/.julia/packages/SciMLBase/VW1cI/src/integrator_interface.jl:623
┌ Warning: At t=-0.11236415481839704, dt was forced below floating point epsilon -1.3070037174882384e-17, and step error estimate = 456.78313877750884. Aborting. There is either an error in your model specification or the true solution is unstable (or the true solution can not be represented in the precision of Float64).
└ @ SciMLBase ~/.julia/packages/SciMLBase/VW1cI/src/integrator_interface.jl:623
┌ Warning: Interrupted. Larger maxiters is needed. If you are using an integrator for non-stiff ODEs or an automatic switching algorithm (the default), you may want to consider using a method for stiff equations. See the solver pages for more details (e.g. https://docs.sciml.ai/DiffEqDocs/stable/solvers/ode_solve/#Stiff-Problems).
└ @ SciMLBase ~/.julia/packages/SciMLBase/VW1cI/src/integrator_interface.jl:589
┌ Warning: At t=0.3189009486216858, dt was forced below floating point epsilon -4.501133700568928e-17, and step error estimate = 16.04076916544736. Aborting. There is either an error in your model specification or the true solution is unstable (or the true solution can not be represented in the precision of Float64).
└ @ SciMLBase ~/.julia/packages/SciMLBase/VW1cI/src/integrator_interface.jl:623
┌ Warning: At t=0.38399980296634, dt was forced below floating point epsilon -5.524210072163446e-17, and step error estimate = 1.6215610753573668. Aborting. There is either an error in your model specification or the true solution is unstable (or the true solution can not be represented in the precision of Float64).
└ @ SciMLBase ~/.julia/packages/SciMLBase/VW1cI/src/integrator_interface.jl:623
┌ Warning: At t=0.372064041369555, dt was forced below floating point epsilon -3.2444552731773586e-17, and step error estimate = 95957.7782212673. Aborting. There is either an error in your model specification or the true solution is unstable (or the true solution can not be represented in the precision of Float64).
└ @ SciMLBase ~/.julia/packages/SciMLBase/VW1cI/src/integrator_interface.jl:623
┌ Warning: At t=0.3441557736800899, dt was forced below floating point epsilon -3.411019695635645e-17, and step error estimate = 960.6555744717986. Aborting. There is either an error in your model specification or the true solution is unstable (or the true solution can not be represented in the precision of Float64).
└ @ SciMLBase ~/.julia/packages/SciMLBase/VW1cI/src/integrator_interface.jl:623
┌ Warning: At t=0.3839990738123727, dt was forced below floating point epsilon -3.7139926457299086e-17, and step error estimate = NaN. Aborting. There is either an error in your model specification or the true solution is unstable (or the true solution can not be represented in the precision of Float64).
└ @ SciMLBase ~/.julia/packages/SciMLBase/VW1cI/src/integrator_interface.jl:623
┌ Warning: At t=0.38389674831017, dt was forced below floating point epsilon -5.486318129365911e-17, and step error estimate = 1.079195139739144. Aborting. There is either an error in your model specification or the true solution is unstable (or the true solution can not be represented in the precision of Float64).
└ @ SciMLBase ~/.julia/packages/SciMLBase/VW1cI/src/integrator_interface.jl:623
┌ Warning: At t=0.3128439434480944, dt was forced below floating point epsilon -4.9653518293577515e-17, and step error estimate = 1.0634734469200946. Aborting. There is either an error in your model specification or the true solution is unstable (or the true solution can not be represented in the precision of Float64).
└ @ SciMLBase ~/.julia/packages/SciMLBase/VW1cI/src/integrator_interface.jl:623
┌ Warning: At t=0.38399999980712596, dt was forced below floating point epsilon -4.463839854324601e-17, and step error estimate = 6.617237837882102. Aborting. There is either an error in your model specification or the true solution is unstable (or the true solution can not be represented in the precision of Float64).
└ @ SciMLBase ~/.julia/packages/SciMLBase/VW1cI/src/integrator_interface.jl:623
┌ Warning: At t=0.3839999997528597, dt was forced below floating point epsilon -5.476890975639877e-17, and step error estimate = 8.087344629581654. Aborting. There is either an error in your model specification or the true solution is unstable (or the true solution can not be represented in the precision of Float64).
└ @ SciMLBase ~/.julia/packages/SciMLBase/VW1cI/src/integrator_interface.jl:623
┌ Warning: Interrupted. Larger maxiters is needed. If you are using an integrator for non-stiff ODEs or an automatic switching algorithm (the default), you may want to consider using a method for stiff equations. See the solver pages for more details (e.g. https://docs.sciml.ai/DiffEqDocs/stable/solvers/ode_solve/#Stiff-Problems).
└ @ SciMLBase ~/.julia/packages/SciMLBase/VW1cI/src/integrator_interface.jl:589
┌ Warning: At t=0.31284394344810335, dt was forced below floating point epsilon -5.2602595947090116e-17, and step error estimate = 1.0811463124239282. Aborting. There is either an error in your model specification or the true solution is unstable (or the true solution can not be represented in the precision of Float64).
└ @ SciMLBase ~/.julia/packages/SciMLBase/VW1cI/src/integrator_interface.jl:623
┌ Warning: At t=0.29061565857544736, dt was forced below floating point epsilon -4.988766617385098e-17, and step error estimate = 1.014599643563695. Aborting. There is either an error in your model specification or the true solution is unstable (or the true solution can not be represented in the precision of Float64).
└ @ SciMLBase ~/.julia/packages/SciMLBase/VW1cI/src/integrator_interface.jl:623
┌ Warning: At t=0.3364491819532265, dt was forced below floating point epsilon -4.9088836778723723e-17, and step error estimate = 1.1923903427843403. Aborting. There is either an error in your model specification or the true solution is unstable (or the true solution can not be represented in the precision of Float64).
└ @ SciMLBase ~/.julia/packages/SciMLBase/VW1cI/src/integrator_interface.jl:623
┌ Warning: At t=0.17844448455370854, dt was forced below floating point epsilon -1.547958600627419e-17, and step error estimate = 763.317394135873. Aborting. There is either an error in your model specification or the true solution is unstable (or the true solution can not be represented in the precision of Float64).
└ @ SciMLBase ~/.julia/packages/SciMLBase/VW1cI/src/integrator_interface.jl:623
┌ Warning: At t=0.11600314758227084, dt was forced below floating point epsilon -1.2263310662031298e-17, and step error estimate = 37.83185170371132. Aborting. There is either an error in your model specification or the true solution is unstable (or the true solution can not be represented in the precision of Float64).
└ @ SciMLBase ~/.julia/packages/SciMLBase/VW1cI/src/integrator_interface.jl:623
┌ Warning: At t=0.3236718958623197, dt was forced below floating point epsilon -3.732948658354352e-17, and step error estimate = 414.1095782879814. Aborting. There is either an error in your model specification or the true solution is unstable (or the true solution can not be represented in the precision of Float64).
└ @ SciMLBase ~/.julia/packages/SciMLBase/VW1cI/src/integrator_interface.jl:623
┌ Warning: At t=0.11600314759223829, dt was forced below floating point epsilon -1.2229420367122815e-17, and step error estimate = 3.3241381894776487. Aborting. There is either an error in your model specification or the true solution is unstable (or the true solution can not be represented in the precision of Float64).
└ @ SciMLBase ~/.julia/packages/SciMLBase/VW1cI/src/integrator_interface.jl:623
┌ Warning: At t=0.37036124449631413, dt was forced below floating point epsilon -4.9615732142624714e-17, and step error estimate = 1.0716010347076304. Aborting. There is either an error in your model specification or the true solution is unstable (or the true solution can not be represented in the precision of Float64).
└ @ SciMLBase ~/.julia/packages/SciMLBase/VW1cI/src/integrator_interface.jl:623
┌ Warning: At t=0.3839983785560861, dt was forced below floating point epsilon -4.673977739039645e-17, and step error estimate = 1.9469899814843088. Aborting. There is either an error in your model specification or the true solution is unstable (or the true solution can not be represented in the precision of Float64).
└ @ SciMLBase ~/.julia/packages/SciMLBase/VW1cI/src/integrator_interface.jl:623
┌ Warning: At t=0.11104227224626025, dt was forced below floating point epsilon -1.241398259430427e-17, and step error estimate = 1.0629572183178484. Aborting. There is either an error in your model specification or the true solution is unstable (or the true solution can not be represented in the precision of Float64).
└ @ SciMLBase ~/.julia/packages/SciMLBase/VW1cI/src/integrator_interface.jl:623
┌ Warning: At t=0.3224027044754022, dt was forced below floating point epsilon -4.9492025808065006e-17, and step error estimate = 1.0986962351190779. Aborting. There is either an error in your model specification or the true solution is unstable (or the true solution can not be represented in the precision of Float64).
└ @ SciMLBase ~/.julia/packages/SciMLBase/VW1cI/src/integrator_interface.jl:623
┌ Warning: At t=0.3725880100284042, dt was forced below floating point epsilon -2.933546555494385e-17, and step error estimate = NaN. Aborting. There is either an error in your model specification or the true solution is unstable (or the true solution can not be represented in the precision of Float64).
└ @ SciMLBase ~/.julia/packages/SciMLBase/VW1cI/src/integrator_interface.jl:623
┌ Warning: At t=0.3224027014681962, dt was forced below floating point epsilon -4.9491043927908436e-17, and step error estimate = 1.0989140750040487. Aborting. There is either an error in your model specification or the true solution is unstable (or the true solution can not be represented in the precision of Float64).
└ @ SciMLBase ~/.julia/packages/SciMLBase/VW1cI/src/integrator_interface.jl:623
┌ Warning: At t=0.3729510938418309, dt was forced below floating point epsilon -5.36248477064346e-17, and step error estimate = 1.2110431803340276. Aborting. There is either an error in your model specification or the true solution is unstable (or the true solution can not be represented in the precision of Float64).
└ @ SciMLBase ~/.julia/packages/SciMLBase/VW1cI/src/integrator_interface.jl:623
┌ Warning: At t=0.36964698678466196, dt was forced below floating point epsilon -3.8270014151881023e-17, and step error estimate = NaN. Aborting. There is either an error in your model specification or the true solution is unstable (or the true solution can not be represented in the precision of Float64).
└ @ SciMLBase ~/.julia/packages/SciMLBase/VW1cI/src/integrator_interface.jl:623
┌ Warning: At t=0.036073362020152884, dt was forced below floating point epsilon -3.0369888067246098e-18, and step error estimate = NaN. Aborting. There is either an error in your model specification or the true solution is unstable (or the true solution can not be represented in the precision of Float64).
└ @ SciMLBase ~/.julia/packages/SciMLBase/VW1cI/src/integrator_interface.jl:623
┌ Warning: At t=0.38399979787864835, dt was forced below floating point epsilon -5.485070359942091e-17, and step error estimate = 1.0356285665929368. Aborting. There is either an error in your model specification or the true solution is unstable (or the true solution can not be represented in the precision of Float64).
└ @ SciMLBase ~/.julia/packages/SciMLBase/VW1cI/src/integrator_interface.jl:623
┌ Warning: At t=0.38399999996381123, dt was forced below floating point epsilon -2.7739903006065655e-17, and step error estimate = Inf. Aborting. There is either an error in your model specification or the true solution is unstable (or the true solution can not be represented in the precision of Float64).
└ @ SciMLBase ~/.julia/packages/SciMLBase/VW1cI/src/integrator_interface.jl:623
┌ Warning: At t=0.38257457208153306, dt was forced below floating point epsilon -5.46436173215079e-17, and step error estimate = 1.0080214807585812. Aborting. There is either an error in your model specification or the true solution is unstable (or the true solution can not be represented in the precision of Float64).
└ @ SciMLBase ~/.julia/packages/SciMLBase/VW1cI/src/integrator_interface.jl:623
┌ Warning: At t=0.379745847336842, dt was forced below floating point epsilon -1.517358816610919e-17, and step error estimate = NaN. Aborting. There is either an error in your model specification or the true solution is unstable (or the true solution can not be represented in the precision of Float64).
└ @ SciMLBase ~/.julia/packages/SciMLBase/VW1cI/src/integrator_interface.jl:623
┌ Warning: At t=0.38394912903143724, dt was forced below floating point epsilon -5.274742433392141e-17, and step error estimate = 1.1434068787613005. Aborting. There is either an error in your model specification or the true solution is unstable (or the true solution can not be represented in the precision of Float64).
└ @ SciMLBase ~/.julia/packages/SciMLBase/VW1cI/src/integrator_interface.jl:623
┌ Warning: At t=0.29013526277881213, dt was forced below floating point epsilon -4.939652782089908e-17, and step error estimate = 1.120130337395515. Aborting. There is either an error in your model specification or the true solution is unstable (or the true solution can not be represented in the precision of Float64).
└ @ SciMLBase ~/.julia/packages/SciMLBase/VW1cI/src/integrator_interface.jl:623
┌ Warning: At t=-0.11236415237365793, dt was forced below floating point epsilon -9.4046035063864e-18, and step error estimate = 495.2254247887403. Aborting. There is either an error in your model specification or the true solution is unstable (or the true solution can not be represented in the precision of Float64).
└ @ SciMLBase ~/.julia/packages/SciMLBase/VW1cI/src/integrator_interface.jl:623
┌ Warning: At t=0.2531466822566127, dt was forced below floating point epsilon -4.99284372929784e-17, and step error estimate = 1.0063460926229013. Aborting. There is either an error in your model specification or the true solution is unstable (or the true solution can not be represented in the precision of Float64).
└ @ SciMLBase ~/.julia/packages/SciMLBase/VW1cI/src/integrator_interface.jl:623
┌ Warning: At t=0.2635819653601766, dt was forced below floating point epsilon -3.0599389130816124e-17, and step error estimate = 706.3975056748185. Aborting. There is either an error in your model specification or the true solution is unstable (or the true solution can not be represented in the precision of Float64).
└ @ SciMLBase ~/.julia/packages/SciMLBase/VW1cI/src/integrator_interface.jl:623
┌ Warning: At t=0.38399865588760335, dt was forced below floating point epsilon -3.322589857237723e-17, and step error estimate = NaN. Aborting. There is either an error in your model specification or the true solution is unstable (or the true solution can not be represented in the precision of Float64).
└ @ SciMLBase ~/.julia/packages/SciMLBase/VW1cI/src/integrator_interface.jl:623
┌ Warning: At t=0.27516810740168635, dt was forced below floating point epsilon -4.992653395144375e-17, and step error estimate = 1.006729166606188. Aborting. There is either an error in your model specification or the true solution is unstable (or the true solution can not be represented in the precision of Float64).
└ @ SciMLBase ~/.julia/packages/SciMLBase/VW1cI/src/integrator_interface.jl:623
┌ Warning: At t=0.3832598069679302, dt was forced below floating point epsilon -3.7091074943404653e-17, and step error estimate = 872.0137742573245. Aborting. There is either an error in your model specification or the true solution is unstable (or the true solution can not be represented in the precision of Float64).
└ @ SciMLBase ~/.julia/packages/SciMLBase/VW1cI/src/integrator_interface.jl:623
┌ Warning: At t=0.38399991478634893, dt was forced below floating point epsilon -4.98821321444203e-17, and step error estimate = 1.0157255538866348. Aborting. There is either an error in your model specification or the true solution is unstable (or the true solution can not be represented in the precision of Float64).
└ @ SciMLBase ~/.julia/packages/SciMLBase/VW1cI/src/integrator_interface.jl:623
┌ Warning: At t=0.1941502661418905, dt was forced below floating point epsilon -2.399057017263245e-17, and step error estimate = 2.843836821825965. Aborting. There is either an error in your model specification or the true solution is unstable (or the true solution can not be represented in the precision of Float64).
└ @ SciMLBase ~/.julia/packages/SciMLBase/VW1cI/src/integrator_interface.jl:623
┌ Warning: At t=-0.07424034423230273, dt was forced below floating point epsilon -7.075596634493597e-18, and step error estimate = 2336.961382668573. Aborting. There is either an error in your model specification or the true solution is unstable (or the true solution can not be represented in the precision of Float64).
└ @ SciMLBase ~/.julia/packages/SciMLBase/VW1cI/src/integrator_interface.jl:623
┌ Warning: At t=0.11703524419014812, dt was forced below floating point epsilon -1.2461132727283915e-17, and step error estimate = 1.0234140065604667. Aborting. There is either an error in your model specification or the true solution is unstable (or the true solution can not be represented in the precision of Float64).
└ @ SciMLBase ~/.julia/packages/SciMLBase/VW1cI/src/integrator_interface.jl:623
┌ Warning: At t=-0.6565073755808902, dt was forced below floating point epsilon -1.0134073442467678e-16, and step error estimate = 1.182010023728766. Aborting. There is either an error in your model specification or the true solution is unstable (or the true solution can not be represented in the precision of Float64).
└ @ SciMLBase ~/.julia/packages/SciMLBase/VW1cI/src/integrator_interface.jl:623
┌ Warning: At t=0.3832834492482663, dt was forced below floating point epsilon -2.5857041727731513e-17, and step error estimate = NaN. Aborting. There is either an error in your model specification or the true solution is unstable (or the true solution can not be represented in the precision of Float64).
└ @ SciMLBase ~/.julia/packages/SciMLBase/VW1cI/src/integrator_interface.jl:623
┌ Warning: At t=0.09960404322902927, dt was forced below floating point epsilon -1.321245210119807e-17, and step error estimate = 1.0070135886666933. Aborting. There is either an error in your model specification or the true solution is unstable (or the true solution can not be represented in the precision of Float64).
└ @ SciMLBase ~/.julia/packages/SciMLBase/VW1cI/src/integrator_interface.jl:623
┌ Warning: At t=0.3224027044754022, dt was forced below floating point epsilon -4.9492025808065006e-17, and step error estimate = 1.0986962351190779. Aborting. There is either an error in your model specification or the true solution is unstable (or the true solution can not be represented in the precision of Float64).
└ @ SciMLBase ~/.julia/packages/SciMLBase/VW1cI/src/integrator_interface.jl:623
┌ Warning: At t=0.38334045890756685, dt was forced below floating point epsilon -5.1180289960736597e-17, and step error estimate = 1.0260944861896577. Aborting. There is either an error in your model specification or the true solution is unstable (or the true solution can not be represented in the precision of Float64).
└ @ SciMLBase ~/.julia/packages/SciMLBase/VW1cI/src/integrator_interface.jl:623
┌ Warning: At t=0.3210952472587121, dt was forced below floating point epsilon -2.5992805694801446e-17, and step error estimate = 688.2222606273697. Aborting. There is either an error in your model specification or the true solution is unstable (or the true solution can not be represented in the precision of Float64).
└ @ SciMLBase ~/.julia/packages/SciMLBase/VW1cI/src/integrator_interface.jl:623
┌ Warning: At t=0.3839999999282533, dt was forced below floating point epsilon -4.0788259366565405e-17, and step error estimate = 19.259747024944346. Aborting. There is either an error in your model specification or the true solution is unstable (or the true solution can not be represented in the precision of Float64).
└ @ SciMLBase ~/.julia/packages/SciMLBase/VW1cI/src/integrator_interface.jl:623
┌ Warning: At t=0.38357937324986224, dt was forced below floating point epsilon -5.20293205650887e-17, and step error estimate = 1.1179610920571512. Aborting. There is either an error in your model specification or the true solution is unstable (or the true solution can not be represented in the precision of Float64).
└ @ SciMLBase ~/.julia/packages/SciMLBase/VW1cI/src/integrator_interface.jl:623
┌ Warning: At t=0.3740234391750524, dt was forced below floating point epsilon -4.982104328336898e-17, and step error estimate = 335.7687440155179. Aborting. There is either an error in your model specification or the true solution is unstable (or the true solution can not be represented in the precision of Float64).
└ @ SciMLBase ~/.julia/packages/SciMLBase/VW1cI/src/integrator_interface.jl:623
┌ Warning: At t=0.3277612536935502, dt was forced below floating point epsilon -5.513575716328821e-17, and step error estimate = 1.1411353483755187. Aborting. There is either an error in your model specification or the true solution is unstable (or the true solution can not be represented in the precision of Float64).
└ @ SciMLBase ~/.julia/packages/SciMLBase/VW1cI/src/integrator_interface.jl:623
┌ Warning: At t=0.22675622428081676, dt was forced below floating point epsilon -1.3500572711365518e-17, and step error estimate = 1871.8460492265538. Aborting. There is either an error in your model specification or the true solution is unstable (or the true solution can not be represented in the precision of Float64).
└ @ SciMLBase ~/.julia/packages/SciMLBase/VW1cI/src/integrator_interface.jl:623
┌ Warning: At t=0.38399781027259566, dt was forced below floating point epsilon -4.9418973965018366e-17, and step error estimate = 1.3452203845059456. Aborting. There is either an error in your model specification or the true solution is unstable (or the true solution can not be represented in the precision of Float64).
└ @ SciMLBase ~/.julia/packages/SciMLBase/VW1cI/src/integrator_interface.jl:623
┌ Warning: At t=0.27638959731200075, dt was forced below floating point epsilon -5.03706418153546e-17, and step error estimate = 1.0343017135280896. Aborting. There is either an error in your model specification or the true solution is unstable (or the true solution can not be represented in the precision of Float64).
└ @ SciMLBase ~/.julia/packages/SciMLBase/VW1cI/src/integrator_interface.jl:623
┌ Warning: At t=0.30649231662360665, dt was forced below floating point epsilon -4.9383204611905546e-17, and step error estimate = 1.1231567627962287. Aborting. There is either an error in your model specification or the true solution is unstable (or the true solution can not be represented in the precision of Float64).
└ @ SciMLBase ~/.julia/packages/SciMLBase/VW1cI/src/integrator_interface.jl:623
┌ Warning: At t=0.3839999971600498, dt was forced below floating point epsilon -4.963643450857708e-17, and step error estimate = 1.0671393861023102. Aborting. There is either an error in your model specification or the true solution is unstable (or the true solution can not be represented in the precision of Float64).
└ @ SciMLBase ~/.julia/packages/SciMLBase/VW1cI/src/integrator_interface.jl:623
┌ Warning: At t=0.3689747382473945, dt was forced below floating point epsilon -3.3714463331377705e-17, and step error estimate = 809.7547525751662. Aborting. There is either an error in your model specification or the true solution is unstable (or the true solution can not be represented in the precision of Float64).
└ @ SciMLBase ~/.julia/packages/SciMLBase/VW1cI/src/integrator_interface.jl:623
┌ Warning: At t=0.3832834492482663, dt was forced below floating point epsilon -2.5857041727731513e-17, and step error estimate = NaN. Aborting. There is either an error in your model specification or the true solution is unstable (or the true solution can not be represented in the precision of Float64).
└ @ SciMLBase ~/.julia/packages/SciMLBase/VW1cI/src/integrator_interface.jl:623
┌ Warning: At t=-0.6565073755808902, dt was forced below floating point epsilon -1.0134073442467678e-16, and step error estimate = 1.182010023728766. Aborting. There is either an error in your model specification or the true solution is unstable (or the true solution can not be represented in the precision of Float64).
└ @ SciMLBase ~/.julia/packages/SciMLBase/VW1cI/src/integrator_interface.jl:623
┌ Warning: At t=0.3839879932637246, dt was forced below floating point epsilon -4.960831452259233e-17, and step error estimate = 1.0732055733428942. Aborting. There is either an error in your model specification or the true solution is unstable (or the true solution can not be represented in the precision of Float64).
└ @ SciMLBase ~/.julia/packages/SciMLBase/VW1cI/src/integrator_interface.jl:623
┌ Warning: At t=0.3238138950293087, dt was forced below floating point epsilon -4.9239372564595594e-17, and step error estimate = 1.1564147041743036. Aborting. There is either an error in your model specification or the true solution is unstable (or the true solution can not be represented in the precision of Float64).
└ @ SciMLBase ~/.julia/packages/SciMLBase/VW1cI/src/integrator_interface.jl:623
┌ Warning: At t=0.38394912903143724, dt was forced below floating point epsilon -5.274742433392141e-17, and step error estimate = 1.1434068787613005. Aborting. There is either an error in your model specification or the true solution is unstable (or the true solution can not be represented in the precision of Float64).
└ @ SciMLBase ~/.julia/packages/SciMLBase/VW1cI/src/integrator_interface.jl:623
┌ Warning: At t=0.3747599708118188, dt was forced below floating point epsilon -5.451904361462726e-17, and step error estimate = 1.0292159420065272. Aborting. There is either an error in your model specification or the true solution is unstable (or the true solution can not be represented in the precision of Float64).
└ @ SciMLBase ~/.julia/packages/SciMLBase/VW1cI/src/integrator_interface.jl:623
┌ Warning: At t=-0.2820338832983789, dt was forced below floating point epsilon -5.537111237740477e-17, and step error estimate = 1.0897006679880963. Aborting. There is either an error in your model specification or the true solution is unstable (or the true solution can not be represented in the precision of Float64).
└ @ SciMLBase ~/.julia/packages/SciMLBase/VW1cI/src/integrator_interface.jl:623
┌ Warning: At t=0.3762670081378721, dt was forced below floating point epsilon -4.2753050648205894e-17, and step error estimate = 4.748687413348385. Aborting. There is either an error in your model specification or the true solution is unstable (or the true solution can not be represented in the precision of Float64).
└ @ SciMLBase ~/.julia/packages/SciMLBase/VW1cI/src/integrator_interface.jl:623
┌ Warning: At t=0.11600311005451217, dt was forced below floating point epsilon -1.2405839008059176e-17, and step error estimate = 5.183920270035112. Aborting. There is either an error in your model specification or the true solution is unstable (or the true solution can not be represented in the precision of Float64).
└ @ SciMLBase ~/.julia/packages/SciMLBase/VW1cI/src/integrator_interface.jl:623
┌ Warning: At t=0.12886869670682333, dt was forced below floating point epsilon -2.7368660785551972e-17, and step error estimate = 1.0255876306486327. Aborting. There is either an error in your model specification or the true solution is unstable (or the true solution can not be represented in the precision of Float64).
└ @ SciMLBase ~/.julia/packages/SciMLBase/VW1cI/src/integrator_interface.jl:623
┌ Warning: At t=0.036073362020152884, dt was forced below floating point epsilon -3.0369888067246098e-18, and step error estimate = NaN. Aborting. There is either an error in your model specification or the true solution is unstable (or the true solution can not be represented in the precision of Float64).
└ @ SciMLBase ~/.julia/packages/SciMLBase/VW1cI/src/integrator_interface.jl:623
┌ Warning: At t=0.38399999965223014, dt was forced below floating point epsilon -4.752259123614679e-17, and step error estimate = 5.5057375374766915. Aborting. There is either an error in your model specification or the true solution is unstable (or the true solution can not be represented in the precision of Float64).
└ @ SciMLBase ~/.julia/packages/SciMLBase/VW1cI/src/integrator_interface.jl:623
┌ Warning: At t=-0.09495767209006878, dt was forced below floating point epsilon -1.0926268747346757e-17, and step error estimate = 676.9054093608312. Aborting. There is either an error in your model specification or the true solution is unstable (or the true solution can not be represented in the precision of Float64).
└ @ SciMLBase ~/.julia/packages/SciMLBase/VW1cI/src/integrator_interface.jl:623
┌ Warning: At t=0.3441557736800899, dt was forced below floating point epsilon -3.411019695635645e-17, and step error estimate = 960.6555744717986. Aborting. There is either an error in your model specification or the true solution is unstable (or the true solution can not be represented in the precision of Float64).
└ @ SciMLBase ~/.julia/packages/SciMLBase/VW1cI/src/integrator_interface.jl:623
┌ Warning: At t=0.3839986412558412, dt was forced below floating point epsilon -5.436526967646007e-17, and step error estimate = 1.215569419492342. Aborting. There is either an error in your model specification or the true solution is unstable (or the true solution can not be represented in the precision of Float64).
└ @ SciMLBase ~/.julia/packages/SciMLBase/VW1cI/src/integrator_interface.jl:623
┌ Warning: At t=0.30649231662360665, dt was forced below floating point epsilon -4.9383204611905546e-17, and step error estimate = 1.1231567627962287. Aborting. There is either an error in your model specification or the true solution is unstable (or the true solution can not be represented in the precision of Float64).
└ @ SciMLBase ~/.julia/packages/SciMLBase/VW1cI/src/integrator_interface.jl:623
┌ Warning: At t=0.380057732956271, dt was forced below floating point epsilon -2.2218894398404596e-17, and step error estimate = NaN. Aborting. There is either an error in your model specification or the true solution is unstable (or the true solution can not be represented in the precision of Float64).
└ @ SciMLBase ~/.julia/packages/SciMLBase/VW1cI/src/integrator_interface.jl:623
┌ Warning: At t=0.31164421118849855, dt was forced below floating point epsilon -5.0390714239609736e-17, and step error estimate = 1.1386337658223737. Aborting. There is either an error in your model specification or the true solution is unstable (or the true solution can not be represented in the precision of Float64).
└ @ SciMLBase ~/.julia/packages/SciMLBase/VW1cI/src/integrator_interface.jl:623
┌ Warning: At t=0.3501490249084209, dt was forced below floating point epsilon -3.127596000492751e-17, and step error estimate = 1340.3864092059027. Aborting. There is either an error in your model specification or the true solution is unstable (or the true solution can not be represented in the precision of Float64).
└ @ SciMLBase ~/.julia/packages/SciMLBase/VW1cI/src/integrator_interface.jl:623
┌ Warning: At t=0.29492507155451375, dt was forced below floating point epsilon -4.356623019278604e-17, and step error estimate = 542.2702034199036. Aborting. There is either an error in your model specification or the true solution is unstable (or the true solution can not be represented in the precision of Float64).
└ @ SciMLBase ~/.julia/packages/SciMLBase/VW1cI/src/integrator_interface.jl:623
┌ Warning: At t=0.3839878691667651, dt was forced below floating point epsilon -5.53280301607249e-17, and step error estimate = 1.149789352128884. Aborting. There is either an error in your model specification or the true solution is unstable (or the true solution can not be represented in the precision of Float64).
└ @ SciMLBase ~/.julia/packages/SciMLBase/VW1cI/src/integrator_interface.jl:623
┌ Warning: At t=-0.22834777216796204, dt was forced below floating point epsilon -2.6217783721324033e-17, and step error estimate = 1.0011007433826522. Aborting. There is either an error in your model specification or the true solution is unstable (or the true solution can not be represented in the precision of Float64).
└ @ SciMLBase ~/.julia/packages/SciMLBase/VW1cI/src/integrator_interface.jl:623
┌ Warning: At t=0.3839986412558412, dt was forced below floating point epsilon -5.436526967646007e-17, and step error estimate = 1.215569419492342. Aborting. There is either an error in your model specification or the true solution is unstable (or the true solution can not be represented in the precision of Float64).
└ @ SciMLBase ~/.julia/packages/SciMLBase/VW1cI/src/integrator_interface.jl:623
┌ Warning: At t=-0.2756667962288241, dt was forced below floating point epsilon -5.362637433346375e-17, and step error estimate = 1.0003422504661663. Aborting. There is either an error in your model specification or the true solution is unstable (or the true solution can not be represented in the precision of Float64).
└ @ SciMLBase ~/.julia/packages/SciMLBase/VW1cI/src/integrator_interface.jl:623
┌ Warning: At t=0.2635819653601922, dt was forced below floating point epsilon -5.3973453821385736e-17, and step error estimate = 646.194064344983. Aborting. There is either an error in your model specification or the true solution is unstable (or the true solution can not be represented in the precision of Float64).
└ @ SciMLBase ~/.julia/packages/SciMLBase/VW1cI/src/integrator_interface.jl:623
┌ Warning: At t=0.37206404136955196, dt was forced below floating point epsilon -3.112606994655437e-17, and step error estimate = 6173.20127699353. Aborting. There is either an error in your model specification or the true solution is unstable (or the true solution can not be represented in the precision of Float64).
└ @ SciMLBase ~/.julia/packages/SciMLBase/VW1cI/src/integrator_interface.jl:623
┌ Warning: At t=0.11703524419014812, dt was forced below floating point epsilon -1.2461132727283915e-17, and step error estimate = 1.0234140065604667. Aborting. There is either an error in your model specification or the true solution is unstable (or the true solution can not be represented in the precision of Float64).
└ @ SciMLBase ~/.julia/packages/SciMLBase/VW1cI/src/integrator_interface.jl:623
┌ Warning: At t=-0.1085180430815367, dt was forced below floating point epsilon -1.261672663331053e-17, and step error estimate = 1.0023161888835683. Aborting. There is either an error in your model specification or the true solution is unstable (or the true solution can not be represented in the precision of Float64).
└ @ SciMLBase ~/.julia/packages/SciMLBase/VW1cI/src/integrator_interface.jl:623
┌ Warning: At t=-0.1631727282987733, dt was forced below floating point epsilon -2.7634555476026762e-17, and step error estimate = 1.029785355300514. Aborting. There is either an error in your model specification or the true solution is unstable (or the true solution can not be represented in the precision of Float64).
└ @ SciMLBase ~/.julia/packages/SciMLBase/VW1cI/src/integrator_interface.jl:623
┌ Warning: At t=0.38399979787864835, dt was forced below floating point epsilon -5.485070359942091e-17, and step error estimate = 1.0356285665929368. Aborting. There is either an error in your model specification or the true solution is unstable (or the true solution can not be represented in the precision of Float64).
└ @ SciMLBase ~/.julia/packages/SciMLBase/VW1cI/src/integrator_interface.jl:623
┌ Warning: At t=0.384, dt was forced below floating point epsilon -3.2768000000000003e-17, and step error estimate = NaN. Aborting. There is either an error in your model specification or the true solution is unstable (or the true solution can not be represented in the precision of Float64).
└ @ SciMLBase ~/.julia/packages/SciMLBase/VW1cI/src/integrator_interface.jl:623
┌ Warning: At t=0.1423633529320462, dt was forced below floating point epsilon -2.4826279704176167e-17, and step error estimate = 1.0636783495863733. Aborting. There is either an error in your model specification or the true solution is unstable (or the true solution can not be represented in the precision of Float64).
└ @ SciMLBase ~/.julia/packages/SciMLBase/VW1cI/src/integrator_interface.jl:623
┌ Warning: At t=0.32851567815805827, dt was forced below floating point epsilon -5.1850686948361266e-17, and step error estimate = 7.763059206446787. Aborting. There is either an error in your model specification or the true solution is unstable (or the true solution can not be represented in the precision of Float64).
└ @ SciMLBase ~/.julia/packages/SciMLBase/VW1cI/src/integrator_interface.jl:623
┌ Warning: At t=0.3798914513372013, dt was forced below floating point epsilon -4.9226359484483925e-17, and step error estimate = 1.1594766053352485. Aborting. There is either an error in your model specification or the true solution is unstable (or the true solution can not be represented in the precision of Float64).
└ @ SciMLBase ~/.julia/packages/SciMLBase/VW1cI/src/integrator_interface.jl:623
┌ Warning: At t=0.3707284087613492, dt was forced below floating point epsilon -4.9623498647085747e-17, and step error estimate = 1.0699253949132628. Aborting. There is either an error in your model specification or the true solution is unstable (or the true solution can not be represented in the precision of Float64).
└ @ SciMLBase ~/.julia/packages/SciMLBase/VW1cI/src/integrator_interface.jl:623
┌ Warning: At t=0.3839755663980182, dt was forced below floating point epsilon -5.548954995568152e-17, and step error estimate = 1.203086608284314. Aborting. There is either an error in your model specification or the true solution is unstable (or the true solution can not be represented in the precision of Float64).
└ @ SciMLBase ~/.julia/packages/SciMLBase/VW1cI/src/integrator_interface.jl:623
┌ Warning: At t=0.3705181769305352, dt was forced below floating point epsilon -1.7738002220958594e-17, and step error estimate = NaN. Aborting. There is either an error in your model specification or the true solution is unstable (or the true solution can not be represented in the precision of Float64).
└ @ SciMLBase ~/.julia/packages/SciMLBase/VW1cI/src/integrator_interface.jl:623
┌ Warning: At t=0.379745847336842, dt was forced below floating point epsilon -1.517358816610919e-17, and step error estimate = NaN. Aborting. There is either an error in your model specification or the true solution is unstable (or the true solution can not be represented in the precision of Float64).
└ @ SciMLBase ~/.julia/packages/SciMLBase/VW1cI/src/integrator_interface.jl:623
┌ Warning: Interrupted. Larger maxiters is needed. If you are using an integrator for non-stiff ODEs or an automatic switching algorithm (the default), you may want to consider using a method for stiff equations. See the solver pages for more details (e.g. https://docs.sciml.ai/DiffEqDocs/stable/solvers/ode_solve/#Stiff-Problems).
└ @ SciMLBase ~/.julia/packages/SciMLBase/VW1cI/src/integrator_interface.jl:589
┌ Warning: At t=0.37853897010794507, dt was forced below floating point epsilon -4.964978884995323e-17, and step error estimate = 1.0642725633249206. Aborting. There is either an error in your model specification or the true solution is unstable (or the true solution can not be represented in the precision of Float64).
└ @ SciMLBase ~/.julia/packages/SciMLBase/VW1cI/src/integrator_interface.jl:623
┌ Warning: At t=0.3839948432112733, dt was forced below floating point epsilon -5.5387443415128444e-17, and step error estimate = 1.4683985223833684. Aborting. There is either an error in your model specification or the true solution is unstable (or the true solution can not be represented in the precision of Float64).
└ @ SciMLBase ~/.julia/packages/SciMLBase/VW1cI/src/integrator_interface.jl:623
┌ Warning: At t=0.3798980755081115, dt was forced below floating point epsilon -3.133269239533774e-17, and step error estimate = NaN. Aborting. There is either an error in your model specification or the true solution is unstable (or the true solution can not be represented in the precision of Float64).
└ @ SciMLBase ~/.julia/packages/SciMLBase/VW1cI/src/integrator_interface.jl:623
┌ Warning: Interrupted. Larger maxiters is needed. If you are using an integrator for non-stiff ODEs or an automatic switching algorithm (the default), you may want to consider using a method for stiff equations. See the solver pages for more details (e.g. https://docs.sciml.ai/DiffEqDocs/stable/solvers/ode_solve/#Stiff-Problems).
└ @ SciMLBase ~/.julia/packages/SciMLBase/VW1cI/src/integrator_interface.jl:589
┌ Warning: At t=0.3776916277892488, dt was forced below floating point epsilon -5.2405163667827496e-17, and step error estimate = 1.031371772905395. Aborting. There is either an error in your model specification or the true solution is unstable (or the true solution can not be represented in the precision of Float64).
└ @ SciMLBase ~/.julia/packages/SciMLBase/VW1cI/src/integrator_interface.jl:623
┌ Warning: At t=0.3045612078758615, dt was forced below floating point epsilon -5.52503947680715e-17, and step error estimate = 4.652753069755635. Aborting. There is either an error in your model specification or the true solution is unstable (or the true solution can not be represented in the precision of Float64).
└ @ SciMLBase ~/.julia/packages/SciMLBase/VW1cI/src/integrator_interface.jl:623
┌ Warning: At t=0.3839991988584907, dt was forced below floating point epsilon -5.471488243665173e-17, and step error estimate = 1.6016853621050136. Aborting. There is either an error in your model specification or the true solution is unstable (or the true solution can not be represented in the precision of Float64).
└ @ SciMLBase ~/.julia/packages/SciMLBase/VW1cI/src/integrator_interface.jl:623
┌ Warning: Interrupted. Larger maxiters is needed. If you are using an integrator for non-stiff ODEs or an automatic switching algorithm (the default), you may want to consider using a method for stiff equations. See the solver pages for more details (e.g. https://docs.sciml.ai/DiffEqDocs/stable/solvers/ode_solve/#Stiff-Problems).
└ @ SciMLBase ~/.julia/packages/SciMLBase/VW1cI/src/integrator_interface.jl:589
┌ Warning: At t=0.38399999999581114, dt was forced below floating point epsilon -1.72007462661959e-17, and step error estimate = NaN. Aborting. There is either an error in your model specification or the true solution is unstable (or the true solution can not be represented in the precision of Float64).
└ @ SciMLBase ~/.julia/packages/SciMLBase/VW1cI/src/integrator_interface.jl:623
┌ Warning: At t=0.3839999971600498, dt was forced below floating point epsilon -4.963643450857708e-17, and step error estimate = 1.0671393861023102. Aborting. There is either an error in your model specification or the true solution is unstable (or the true solution can not be represented in the precision of Float64).
└ @ SciMLBase ~/.julia/packages/SciMLBase/VW1cI/src/integrator_interface.jl:623
┌ Warning: At t=0.284791143938339, dt was forced below floating point epsilon -4.946333357649825e-17, and step error estimate = 1.105087696710115. Aborting. There is either an error in your model specification or the true solution is unstable (or the true solution can not be represented in the precision of Float64).
└ @ SciMLBase ~/.julia/packages/SciMLBase/VW1cI/src/integrator_interface.jl:623
┌ Warning: At t=-0.11376977773736212, dt was forced below floating point epsilon -1.277607688493559e-17, and step error estimate = 1.101192752446189. Aborting. There is either an error in your model specification or the true solution is unstable (or the true solution can not be represented in the precision of Float64).
└ @ SciMLBase ~/.julia/packages/SciMLBase/VW1cI/src/integrator_interface.jl:623
┌ Warning: At t=-0.9949148109040562, dt was forced below floating point epsilon -1.0944521561355016e-16, and step error estimate = 1.053447557318175. Aborting. There is either an error in your model specification or the true solution is unstable (or the true solution can not be represented in the precision of Float64).
└ @ SciMLBase ~/.julia/packages/SciMLBase/VW1cI/src/integrator_interface.jl:623
┌ Warning: At t=0.3483681143955252, dt was forced below floating point epsilon -4.9320486076241736e-17, and step error estimate = 1.137527912579751. Aborting. There is either an error in your model specification or the true solution is unstable (or the true solution can not be represented in the precision of Float64).
└ @ SciMLBase ~/.julia/packages/SciMLBase/VW1cI/src/integrator_interface.jl:623
┌ Warning: At t=0.3704507057560577, dt was forced below floating point epsilon -4.736966563218893e-17, and step error estimate = 1.7031065328700308. Aborting. There is either an error in your model specification or the true solution is unstable (or the true solution can not be represented in the precision of Float64).
└ @ SciMLBase ~/.julia/packages/SciMLBase/VW1cI/src/integrator_interface.jl:623
┌ Warning: At t=0.38399967059554113, dt was forced below floating point epsilon -1.7264813104607482e-17, and step error estimate = NaN. Aborting. There is either an error in your model specification or the true solution is unstable (or the true solution can not be represented in the precision of Float64).
└ @ SciMLBase ~/.julia/packages/SciMLBase/VW1cI/src/integrator_interface.jl:623
┌ Warning: At t=0.3157802794282985, dt was forced below floating point epsilon -2.848955503236281e-17, and step error estimate = 2044.7499849884928. Aborting. There is either an error in your model specification or the true solution is unstable (or the true solution can not be represented in the precision of Float64).
└ @ SciMLBase ~/.julia/packages/SciMLBase/VW1cI/src/integrator_interface.jl:623
┌ Warning: Interrupted. Larger maxiters is needed. If you are using an integrator for non-stiff ODEs or an automatic switching algorithm (the default), you may want to consider using a method for stiff equations. See the solver pages for more details (e.g. https://docs.sciml.ai/DiffEqDocs/stable/solvers/ode_solve/#Stiff-Problems).
└ @ SciMLBase ~/.julia/packages/SciMLBase/VW1cI/src/integrator_interface.jl:589
┌ Warning: At t=0.2606745907974698, dt was forced below floating point epsilon -4.948794074142853e-17, and step error estimate = 1.0996037309967275. Aborting. There is either an error in your model specification or the true solution is unstable (or the true solution can not be represented in the precision of Float64).
└ @ SciMLBase ~/.julia/packages/SciMLBase/VW1cI/src/integrator_interface.jl:623
┌ Warning: At t=0.3826467010510251, dt was forced below floating point epsilon -4.931189156023467e-17, and step error estimate = 1.1395128239390513. Aborting. There is either an error in your model specification or the true solution is unstable (or the true solution can not be represented in the precision of Float64).
└ @ SciMLBase ~/.julia/packages/SciMLBase/VW1cI/src/integrator_interface.jl:623
┌ Warning: At t=0.3839999999992773, dt was forced below floating point epsilon -5.539718659362991e-17, and step error estimate = 2.2829650214376627. Aborting. There is either an error in your model specification or the true solution is unstable (or the true solution can not be represented in the precision of Float64).
└ @ SciMLBase ~/.julia/packages/SciMLBase/VW1cI/src/integrator_interface.jl:623
┌ Warning: At t=-0.7560775647563687, dt was forced below floating point epsilon -9.864292240082026e-17, and step error estimate = 1.1373025043577614. Aborting. There is either an error in your model specification or the true solution is unstable (or the true solution can not be represented in the precision of Float64).
└ @ SciMLBase ~/.julia/packages/SciMLBase/VW1cI/src/integrator_interface.jl:623
┌ Warning: At t=0.38357937324986224, dt was forced below floating point epsilon -5.20293205650887e-17, and step error estimate = 1.1179610920571512. Aborting. There is either an error in your model specification or the true solution is unstable (or the true solution can not be represented in the precision of Float64).
└ @ SciMLBase ~/.julia/packages/SciMLBase/VW1cI/src/integrator_interface.jl:623
┌ Warning: At t=0.38334045890756685, dt was forced below floating point epsilon -5.1180289960736597e-17, and step error estimate = 1.0260944861896577. Aborting. There is either an error in your model specification or the true solution is unstable (or the true solution can not be represented in the precision of Float64).
└ @ SciMLBase ~/.julia/packages/SciMLBase/VW1cI/src/integrator_interface.jl:623
┌ Warning: At t=-0.22834777216796204, dt was forced below floating point epsilon -2.6217783721324033e-17, and step error estimate = 1.0011007433826522. Aborting. There is either an error in your model specification or the true solution is unstable (or the true solution can not be represented in the precision of Float64).
└ @ SciMLBase ~/.julia/packages/SciMLBase/VW1cI/src/integrator_interface.jl:623
┌ Warning: At t=-0.7560775647563687, dt was forced below floating point epsilon -9.864292240082026e-17, and step error estimate = 1.1373025043577614. Aborting. There is either an error in your model specification or the true solution is unstable (or the true solution can not be represented in the precision of Float64).
└ @ SciMLBase ~/.julia/packages/SciMLBase/VW1cI/src/integrator_interface.jl:623
┌ Warning: At t=-0.11236415481839704, dt was forced below floating point epsilon -1.3070037174882384e-17, and step error estimate = 456.78313877750884. Aborting. There is either an error in your model specification or the true solution is unstable (or the true solution can not be represented in the precision of Float64).
└ @ SciMLBase ~/.julia/packages/SciMLBase/VW1cI/src/integrator_interface.jl:623
┌ Warning: Interrupted. Larger maxiters is needed. If you are using an integrator for non-stiff ODEs or an automatic switching algorithm (the default), you may want to consider using a method for stiff equations. See the solver pages for more details (e.g. https://docs.sciml.ai/DiffEqDocs/stable/solvers/ode_solve/#Stiff-Problems).
└ @ SciMLBase ~/.julia/packages/SciMLBase/VW1cI/src/integrator_interface.jl:589
┌ Warning: At t=0.3826224334398751, dt was forced below floating point epsilon -4.946920716705846e-17, and step error estimate = 1.1037756388590372. Aborting. There is either an error in your model specification or the true solution is unstable (or the true solution can not be represented in the precision of Float64).
└ @ SciMLBase ~/.julia/packages/SciMLBase/VW1cI/src/integrator_interface.jl:623
┌ Warning: At t=0.383999605568369, dt was forced below floating point epsilon -4.9561688704169963e-17, and step error estimate = 1.1412756676456357. Aborting. There is either an error in your model specification or the true solution is unstable (or the true solution can not be represented in the precision of Float64).
└ @ SciMLBase ~/.julia/packages/SciMLBase/VW1cI/src/integrator_interface.jl:623
┌ Warning: At t=0.18771724129068268, dt was forced below floating point epsilon -2.4718433592695983e-17, and step error estimate = 1.1110208628495664. Aborting. There is either an error in your model specification or the true solution is unstable (or the true solution can not be represented in the precision of Float64).
└ @ SciMLBase ~/.julia/packages/SciMLBase/VW1cI/src/integrator_interface.jl:623
┌ Warning: At t=0.36594546218945384, dt was forced below floating point epsilon -4.872826408574868e-17, and step error estimate = 635.239688201734. Aborting. There is either an error in your model specification or the true solution is unstable (or the true solution can not be represented in the precision of Float64).
└ @ SciMLBase ~/.julia/packages/SciMLBase/VW1cI/src/integrator_interface.jl:623
┌ Warning: At t=0.3687274838690385, dt was forced below floating point epsilon -5.3903907816739465e-17, and step error estimate = 1.5356241483440758. Aborting. There is either an error in your model specification or the true solution is unstable (or the true solution can not be represented in the precision of Float64).
└ @ SciMLBase ~/.julia/packages/SciMLBase/VW1cI/src/integrator_interface.jl:623
┌ Warning: Interrupted. Larger maxiters is needed. If you are using an integrator for non-stiff ODEs or an automatic switching algorithm (the default), you may want to consider using a method for stiff equations. See the solver pages for more details (e.g. https://docs.sciml.ai/DiffEqDocs/stable/solvers/ode_solve/#Stiff-Problems).
└ @ SciMLBase ~/.julia/packages/SciMLBase/VW1cI/src/integrator_interface.jl:589
┌ Warning: At t=0.19415026614189118, dt was forced below floating point epsilon -2.221224268375885e-17, and step error estimate = 10.62219820088759. Aborting. There is either an error in your model specification or the true solution is unstable (or the true solution can not be represented in the precision of Float64).
└ @ SciMLBase ~/.julia/packages/SciMLBase/VW1cI/src/integrator_interface.jl:623
┌ Warning: At t=0.18403431189567326, dt was forced below floating point epsilon -2.488753616941092e-17, and step error estimate = 1.0377841329284845. Aborting. There is either an error in your model specification or the true solution is unstable (or the true solution can not be represented in the precision of Float64).
└ @ SciMLBase ~/.julia/packages/SciMLBase/VW1cI/src/integrator_interface.jl:623
┌ Warning: At t=0.3608370943110015, dt was forced below floating point epsilon -3.3655299085909124e-17, and step error estimate = NaN. Aborting. There is either an error in your model specification or the true solution is unstable (or the true solution can not be represented in the precision of Float64).
└ @ SciMLBase ~/.julia/packages/SciMLBase/VW1cI/src/integrator_interface.jl:623
┌ Warning: At t=0.15584067148071282, dt was forced below floating point epsilon -1.6707024497196216e-17, and step error estimate = 1000.7879643767985. Aborting. There is either an error in your model specification or the true solution is unstable (or the true solution can not be represented in the precision of Float64).
└ @ SciMLBase ~/.julia/packages/SciMLBase/VW1cI/src/integrator_interface.jl:623
┌ Warning: At t=0.3712414469957713, dt was forced below floating point epsilon -5.4695888557374e-17, and step error estimate = 1.9665985037859035. Aborting. There is either an error in your model specification or the true solution is unstable (or the true solution can not be represented in the precision of Float64).
└ @ SciMLBase ~/.julia/packages/SciMLBase/VW1cI/src/integrator_interface.jl:623
┌ Warning: At t=0.38399991478634893, dt was forced below floating point epsilon -4.98821321444203e-17, and step error estimate = 1.0157255538866348. Aborting. There is either an error in your model specification or the true solution is unstable (or the true solution can not be represented in the precision of Float64).
└ @ SciMLBase ~/.julia/packages/SciMLBase/VW1cI/src/integrator_interface.jl:623
┌ Warning: At t=0.33807828799906026, dt was forced below floating point epsilon -4.9046979447892145e-17, and step error estimate = 1.2026103767378689. Aborting. There is either an error in your model specification or the true solution is unstable (or the true solution can not be represented in the precision of Float64).
└ @ SciMLBase ~/.julia/packages/SciMLBase/VW1cI/src/integrator_interface.jl:623
┌ Warning: At t=0.3839997566632289, dt was forced below floating point epsilon -2.5819564739943835e-17, and step error estimate = NaN. Aborting. There is either an error in your model specification or the true solution is unstable (or the true solution can not be represented in the precision of Float64).
└ @ SciMLBase ~/.julia/packages/SciMLBase/VW1cI/src/integrator_interface.jl:623
┌ Warning: At t=0.2015061022667772, dt was forced below floating point epsilon -1.7623609667758334e-17, and step error estimate = 804.1281406746367. Aborting. There is either an error in your model specification or the true solution is unstable (or the true solution can not be represented in the precision of Float64).
└ @ SciMLBase ~/.julia/packages/SciMLBase/VW1cI/src/integrator_interface.jl:623
┌ Warning: At t=-0.09744047507362705, dt was forced below floating point epsilon -1.0840746232361653e-17, and step error estimate = 356.7758675551372. Aborting. There is either an error in your model specification or the true solution is unstable (or the true solution can not be represented in the precision of Float64).
└ @ SciMLBase ~/.julia/packages/SciMLBase/VW1cI/src/integrator_interface.jl:623
┌ Warning: At t=0.3719441823048711, dt was forced below floating point epsilon -4.983309413214556e-17, and step error estimate = 536.443922846549. Aborting. There is either an error in your model specification or the true solution is unstable (or the true solution can not be represented in the precision of Float64).
└ @ SciMLBase ~/.julia/packages/SciMLBase/VW1cI/src/integrator_interface.jl:623
┌ Warning: At t=0.380057732956271, dt was forced below floating point epsilon -2.2218894398404596e-17, and step error estimate = NaN. Aborting. There is either an error in your model specification or the true solution is unstable (or the true solution can not be represented in the precision of Float64).
└ @ SciMLBase ~/.julia/packages/SciMLBase/VW1cI/src/integrator_interface.jl:623
┌ Warning: Interrupted. Larger maxiters is needed. If you are using an integrator for non-stiff ODEs or an automatic switching algorithm (the default), you may want to consider using a method for stiff equations. See the solver pages for more details (e.g. https://docs.sciml.ai/DiffEqDocs/stable/solvers/ode_solve/#Stiff-Problems).
└ @ SciMLBase ~/.julia/packages/SciMLBase/VW1cI/src/integrator_interface.jl:589
┌ Warning: Interrupted. Larger maxiters is needed. If you are using an integrator for non-stiff ODEs or an automatic switching algorithm (the default), you may want to consider using a method for stiff equations. See the solver pages for more details (e.g. https://docs.sciml.ai/DiffEqDocs/stable/solvers/ode_solve/#Stiff-Problems).
└ @ SciMLBase ~/.julia/packages/SciMLBase/VW1cI/src/integrator_interface.jl:589
┌ Warning: At t=0.3798914513372013, dt was forced below floating point epsilon -4.9226359484483925e-17, and step error estimate = 1.1594766053352485. Aborting. There is either an error in your model specification or the true solution is unstable (or the true solution can not be represented in the precision of Float64).
└ @ SciMLBase ~/.julia/packages/SciMLBase/VW1cI/src/integrator_interface.jl:623
┌ Warning: At t=0.3839830286308852, dt was forced below floating point epsilon -4.720730614638211e-17, and step error estimate = NaN. Aborting. There is either an error in your model specification or the true solution is unstable (or the true solution can not be represented in the precision of Float64).
└ @ SciMLBase ~/.julia/packages/SciMLBase/VW1cI/src/integrator_interface.jl:623
┌ Warning: At t=0.37969936781867286, dt was forced below floating point epsilon -2.3581511706426592e-17, and step error estimate = NaN. Aborting. There is either an error in your model specification or the true solution is unstable (or the true solution can not be represented in the precision of Float64).
└ @ SciMLBase ~/.julia/packages/SciMLBase/VW1cI/src/integrator_interface.jl:623
┌ Warning: At t=0.2512055931633169, dt was forced below floating point epsilon -4.980995796791628e-17, and step error estimate = 1.0305391528250047. Aborting. There is either an error in your model specification or the true solution is unstable (or the true solution can not be represented in the precision of Float64).
└ @ SciMLBase ~/.julia/packages/SciMLBase/VW1cI/src/integrator_interface.jl:623
┌ Warning: At t=0.18771724129068268, dt was forced below floating point epsilon -2.4718433592695983e-17, and step error estimate = 1.1110208628495664. Aborting. There is either an error in your model specification or the true solution is unstable (or the true solution can not be represented in the precision of Float64).
└ @ SciMLBase ~/.julia/packages/SciMLBase/VW1cI/src/integrator_interface.jl:623
┌ Warning: At t=0.21649196359089545, dt was forced below floating point epsilon -2.4922757504356052e-17, and step error estimate = 1.0232115711774081. Aborting. There is either an error in your model specification or the true solution is unstable (or the true solution can not be represented in the precision of Float64).
└ @ SciMLBase ~/.julia/packages/SciMLBase/VW1cI/src/integrator_interface.jl:623
┌ Warning: At t=0.142741671631661, dt was forced below floating point epsilon -2.611779703728484e-17, and step error estimate = 1.0550735807759304. Aborting. There is either an error in your model specification or the true solution is unstable (or the true solution can not be represented in the precision of Float64).
└ @ SciMLBase ~/.julia/packages/SciMLBase/VW1cI/src/integrator_interface.jl:623
┌ Warning: At t=0.3157802794282985, dt was forced below floating point epsilon -2.848955503236281e-17, and step error estimate = 2044.7499849884928. Aborting. There is either an error in your model specification or the true solution is unstable (or the true solution can not be represented in the precision of Float64).
└ @ SciMLBase ~/.julia/packages/SciMLBase/VW1cI/src/integrator_interface.jl:623
┌ Warning: At t=0.38213738119864754, dt was forced below floating point epsilon -4.993332223165861e-17, and step error estimate = NaN. Aborting. There is either an error in your model specification or the true solution is unstable (or the true solution can not be represented in the precision of Float64).
└ @ SciMLBase ~/.julia/packages/SciMLBase/VW1cI/src/integrator_interface.jl:623
┌ Warning: At t=0.3839983785560861, dt was forced below floating point epsilon -4.673977739039645e-17, and step error estimate = 1.9469899814843088. Aborting. There is either an error in your model specification or the true solution is unstable (or the true solution can not be represented in the precision of Float64).
└ @ SciMLBase ~/.julia/packages/SciMLBase/VW1cI/src/integrator_interface.jl:623
┌ Warning: At t=0.383999998332425, dt was forced below floating point epsilon -5.5347824732351136e-17, and step error estimate = 1.726548575643304. Aborting. There is either an error in your model specification or the true solution is unstable (or the true solution can not be represented in the precision of Float64).
└ @ SciMLBase ~/.julia/packages/SciMLBase/VW1cI/src/integrator_interface.jl:623
┌ Warning: At t=-0.27739365035406705, dt was forced below floating point epsilon -5.341501480588215e-17, and step error estimate = 1.044737448738035. Aborting. There is either an error in your model specification or the true solution is unstable (or the true solution can not be represented in the precision of Float64).
└ @ SciMLBase ~/.julia/packages/SciMLBase/VW1cI/src/integrator_interface.jl:623
┌ Warning: At t=0.381073510670725, dt was forced below floating point epsilon -5.032064687332798e-17, and step error estimate = 1.080403471643392. Aborting. There is either an error in your model specification or the true solution is unstable (or the true solution can not be represented in the precision of Float64).
└ @ SciMLBase ~/.julia/packages/SciMLBase/VW1cI/src/integrator_interface.jl:623
┌ Warning: At t=-0.4582306922371641, dt was forced below floating point epsilon 5.551115123125783e-17, and step error estimate = 1.172652783455496. Aborting. There is either an error in your model specification or the true solution is unstable (or the true solution can not be represented in the precision of Float64).
└ @ SciMLBase ~/.julia/packages/SciMLBase/VW1cI/src/integrator_interface.jl:623
┌ Warning: At t=0.09215270473290889, dt was forced below floating point epsilon 1.3877787807814457e-17, and step error estimate = 1.1836774809079746. Aborting. There is either an error in your model specification or the true solution is unstable (or the true solution can not be represented in the precision of Float64).
└ @ SciMLBase ~/.julia/packages/SciMLBase/VW1cI/src/integrator_interface.jl:623
┌ Warning: At t=-1.0, dt was forced below floating point epsilon 2.220446049250313e-16, and step error estimate = 2.2672041533426e6. Aborting. There is either an error in your model specification or the true solution is unstable (or the true solution can not be represented in the precision of Float64).
└ @ SciMLBase ~/.julia/packages/SciMLBase/VW1cI/src/integrator_interface.jl:623
┌ Warning: At t=-0.4437769664073791, dt was forced below floating point epsilon 5.551115123125783e-17, and step error estimate = 2716.892486519944. Aborting. There is either an error in your model specification or the true solution is unstable (or the true solution can not be represented in the precision of Float64).
└ @ SciMLBase ~/.julia/packages/SciMLBase/VW1cI/src/integrator_interface.jl:623
┌ Warning: At t=-0.8972134851158771, dt was forced below floating point epsilon 1.1102230246251565e-16, and step error estimate = 1.1228142601769422. Aborting. There is either an error in your model specification or the true solution is unstable (or the true solution can not be represented in the precision of Float64).
└ @ SciMLBase ~/.julia/packages/SciMLBase/VW1cI/src/integrator_interface.jl:623
┌ Warning: At t=-0.4664453443346097, dt was forced below floating point epsilon 5.551115123125783e-17, and step error estimate = 4.61698467190666. Aborting. There is either an error in your model specification or the true solution is unstable (or the true solution can not be represented in the precision of Float64).
└ @ SciMLBase ~/.julia/packages/SciMLBase/VW1cI/src/integrator_interface.jl:623
┌ Warning: Interrupted. Larger maxiters is needed. If you are using an integrator for non-stiff ODEs or an automatic switching algorithm (the default), you may want to consider using a method for stiff equations. See the solver pages for more details (e.g. https://docs.sciml.ai/DiffEqDocs/stable/solvers/ode_solve/#Stiff-Problems).
└ @ SciMLBase ~/.julia/packages/SciMLBase/VW1cI/src/integrator_interface.jl:589
┌ Warning: At t=-1.0, dt was forced below floating point epsilon 2.220446049250313e-16, and step error estimate = 5.11776620338152e8. Aborting. There is either an error in your model specification or the true solution is unstable (or the true solution can not be represented in the precision of Float64).
└ @ SciMLBase ~/.julia/packages/SciMLBase/VW1cI/src/integrator_interface.jl:623
┌ Warning: At t=-1.0, dt was forced below floating point epsilon 2.220446049250313e-16, and step error estimate = 2.5260545375766796e6. Aborting. There is either an error in your model specification or the true solution is unstable (or the true solution can not be represented in the precision of Float64).
└ @ SciMLBase ~/.julia/packages/SciMLBase/VW1cI/src/integrator_interface.jl:623
┌ Warning: At t=0.18242481753199585, dt was forced below floating point epsilon 2.7755575615628914e-17, and step error estimate = 9.14001937269703. Aborting. There is either an error in your model specification or the true solution is unstable (or the true solution can not be represented in the precision of Float64).
└ @ SciMLBase ~/.julia/packages/SciMLBase/VW1cI/src/integrator_interface.jl:623
┌ Warning: At t=-1.0, dt was forced below floating point epsilon 2.220446049250313e-16, and step error estimate = 8.828257686868264. Aborting. There is either an error in your model specification or the true solution is unstable (or the true solution can not be represented in the precision of Float64).
└ @ SciMLBase ~/.julia/packages/SciMLBase/VW1cI/src/integrator_interface.jl:623
┌ Warning: Interrupted. Larger maxiters is needed. If you are using an integrator for non-stiff ODEs or an automatic switching algorithm (the default), you may want to consider using a method for stiff equations. See the solver pages for more details (e.g. https://docs.sciml.ai/DiffEqDocs/stable/solvers/ode_solve/#Stiff-Problems).
└ @ SciMLBase ~/.julia/packages/SciMLBase/VW1cI/src/integrator_interface.jl:589
┌ Warning: At t=-1.0, dt was forced below floating point epsilon 2.220446049250313e-16, and step error estimate = 2582.1898379418085. Aborting. There is either an error in your model specification or the true solution is unstable (or the true solution can not be represented in the precision of Float64).
└ @ SciMLBase ~/.julia/packages/SciMLBase/VW1cI/src/integrator_interface.jl:623
┌ Warning: At t=-0.9583059296594818, dt was forced below floating point epsilon 1.1102230246251565e-16, and step error estimate = 117.5478111469187. Aborting. There is either an error in your model specification or the true solution is unstable (or the true solution can not be represented in the precision of Float64).
└ @ SciMLBase ~/.julia/packages/SciMLBase/VW1cI/src/integrator_interface.jl:623
┌ Warning: At t=-0.9582874237003186, dt was forced below floating point epsilon 1.1102230246251565e-16, and step error estimate = 101.22133742378091. Aborting. There is either an error in your model specification or the true solution is unstable (or the true solution can not be represented in the precision of Float64).
└ @ SciMLBase ~/.julia/packages/SciMLBase/VW1cI/src/integrator_interface.jl:623
┌ Warning: At t=-0.33392093620010715, dt was forced below floating point epsilon 5.551115123125783e-17, and step error estimate = 21.243933786330246. Aborting. There is either an error in your model specification or the true solution is unstable (or the true solution can not be represented in the precision of Float64).
└ @ SciMLBase ~/.julia/packages/SciMLBase/VW1cI/src/integrator_interface.jl:623
┌ Warning: At t=-1.0, dt was forced below floating point epsilon 2.220446049250313e-16, and step error estimate = 2.574132871411122e6. Aborting. There is either an error in your model specification or the true solution is unstable (or the true solution can not be represented in the precision of Float64).
└ @ SciMLBase ~/.julia/packages/SciMLBase/VW1cI/src/integrator_interface.jl:623
┌ Warning: At t=-1.0, dt was forced below floating point epsilon 2.220446049250313e-16, and step error estimate = NaN. Aborting. There is either an error in your model specification or the true solution is unstable (or the true solution can not be represented in the precision of Float64).
└ @ SciMLBase ~/.julia/packages/SciMLBase/VW1cI/src/integrator_interface.jl:623
┌ Warning: At t=-1.0, dt was forced below floating point epsilon 2.220446049250313e-16, and step error estimate = 2.604301871040748e6. Aborting. There is either an error in your model specification or the true solution is unstable (or the true solution can not be represented in the precision of Float64).
└ @ SciMLBase ~/.julia/packages/SciMLBase/VW1cI/src/integrator_interface.jl:623
┌ Warning: At t=-0.07356701042751829, dt was forced below floating point epsilon 1.3877787807814457e-17, and step error estimate = 1.0855712757182954. Aborting. There is either an error in your model specification or the true solution is unstable (or the true solution can not be represented in the precision of Float64).
└ @ SciMLBase ~/.julia/packages/SciMLBase/VW1cI/src/integrator_interface.jl:623
┌ Warning: At t=-0.10916297550370185, dt was forced below floating point epsilon 1.3877787807814457e-17, and step error estimate = 1.0827905135367137. Aborting. There is either an error in your model specification or the true solution is unstable (or the true solution can not be represented in the precision of Float64).
└ @ SciMLBase ~/.julia/packages/SciMLBase/VW1cI/src/integrator_interface.jl:623
┌ Warning: At t=-1.0, dt was forced below floating point epsilon 2.220446049250313e-16, and step error estimate = 146.69520371581072. Aborting. There is either an error in your model specification or the true solution is unstable (or the true solution can not be represented in the precision of Float64).
└ @ SciMLBase ~/.julia/packages/SciMLBase/VW1cI/src/integrator_interface.jl:623
┌ Warning: At t=-1.0, dt was forced below floating point epsilon 2.220446049250313e-16, and step error estimate = 8.828257686868264. Aborting. There is either an error in your model specification or the true solution is unstable (or the true solution can not be represented in the precision of Float64).
└ @ SciMLBase ~/.julia/packages/SciMLBase/VW1cI/src/integrator_interface.jl:623
┌ Warning: At t=-0.8534960847627708, dt was forced below floating point epsilon 1.1102230246251565e-16, and step error estimate = 8.419632505051066. Aborting. There is either an error in your model specification or the true solution is unstable (or the true solution can not be represented in the precision of Float64).
└ @ SciMLBase ~/.julia/packages/SciMLBase/VW1cI/src/integrator_interface.jl:623
┌ Warning: At t=-1.0, dt was forced below floating point epsilon 2.220446049250313e-16, and step error estimate = 2.358774386876819e6. Aborting. There is either an error in your model specification or the true solution is unstable (or the true solution can not be represented in the precision of Float64).
└ @ SciMLBase ~/.julia/packages/SciMLBase/VW1cI/src/integrator_interface.jl:623
┌ Warning: At t=-1.0, dt was forced below floating point epsilon 2.220446049250313e-16, and step error estimate = 3.732225285885404e6. Aborting. There is either an error in your model specification or the true solution is unstable (or the true solution can not be represented in the precision of Float64).
└ @ SciMLBase ~/.julia/packages/SciMLBase/VW1cI/src/integrator_interface.jl:623
┌ Warning: At t=-1.0, dt was forced below floating point epsilon 2.220446049250313e-16, and step error estimate = NaN. Aborting. There is either an error in your model specification or the true solution is unstable (or the true solution can not be represented in the precision of Float64).
└ @ SciMLBase ~/.julia/packages/SciMLBase/VW1cI/src/integrator_interface.jl:623
┌ Warning: At t=-1.0, dt was forced below floating point epsilon 2.220446049250313e-16, and step error estimate = NaN. Aborting. There is either an error in your model specification or the true solution is unstable (or the true solution can not be represented in the precision of Float64).
└ @ SciMLBase ~/.julia/packages/SciMLBase/VW1cI/src/integrator_interface.jl:623
┌ Warning: At t=-0.9516808847864225, dt was forced below floating point epsilon 1.1102230246251565e-16, and step error estimate = 1.0236864214166141. Aborting. There is either an error in your model specification or the true solution is unstable (or the true solution can not be represented in the precision of Float64).
└ @ SciMLBase ~/.julia/packages/SciMLBase/VW1cI/src/integrator_interface.jl:623
┌ Warning: At t=-0.8188034706420362, dt was forced below floating point epsilon 1.1102230246251565e-16, and step error estimate = NaN. Aborting. There is either an error in your model specification or the true solution is unstable (or the true solution can not be represented in the precision of Float64).
└ @ SciMLBase ~/.julia/packages/SciMLBase/VW1cI/src/integrator_interface.jl:623
┌ Warning: At t=0.42327279110754085, dt was forced below floating point epsilon 5.551115123125783e-17, and step error estimate = 1.0254835401952789. Aborting. There is either an error in your model specification or the true solution is unstable (or the true solution can not be represented in the precision of Float64).
└ @ SciMLBase ~/.julia/packages/SciMLBase/VW1cI/src/integrator_interface.jl:623
┌ Warning: Interrupted. Larger maxiters is needed. If you are using an integrator for non-stiff ODEs or an automatic switching algorithm (the default), you may want to consider using a method for stiff equations. See the solver pages for more details (e.g. https://docs.sciml.ai/DiffEqDocs/stable/solvers/ode_solve/#Stiff-Problems).
└ @ SciMLBase ~/.julia/packages/SciMLBase/VW1cI/src/integrator_interface.jl:589
┌ Warning: At t=-0.9999999933474004, dt was forced below floating point epsilon 1.1102230246251565e-16, and step error estimate = 1.1278582146461584. Aborting. There is either an error in your model specification or the true solution is unstable (or the true solution can not be represented in the precision of Float64).
└ @ SciMLBase ~/.julia/packages/SciMLBase/VW1cI/src/integrator_interface.jl:623
┌ Warning: At t=-0.7689744290795523, dt was forced below floating point epsilon 1.1102230246251565e-16, and step error estimate = 22.881430967518188. Aborting. There is either an error in your model specification or the true solution is unstable (or the true solution can not be represented in the precision of Float64).
└ @ SciMLBase ~/.julia/packages/SciMLBase/VW1cI/src/integrator_interface.jl:623
┌ Warning: At t=-1.0, dt was forced below floating point epsilon 2.220446049250313e-16, and step error estimate = 2.560713584940962e6. Aborting. There is either an error in your model specification or the true solution is unstable (or the true solution can not be represented in the precision of Float64).
└ @ SciMLBase ~/.julia/packages/SciMLBase/VW1cI/src/integrator_interface.jl:623
┌ Warning: At t=-1.0, dt was forced below floating point epsilon 2.220446049250313e-16, and step error estimate = NaN. Aborting. There is either an error in your model specification or the true solution is unstable (or the true solution can not be represented in the precision of Float64).
└ @ SciMLBase ~/.julia/packages/SciMLBase/VW1cI/src/integrator_interface.jl:623
┌ Warning: At t=-0.5417594570141343, dt was forced below floating point epsilon 1.1102230246251565e-16, and step error estimate = 6.623198298997754. Aborting. There is either an error in your model specification or the true solution is unstable (or the true solution can not be represented in the precision of Float64).
└ @ SciMLBase ~/.julia/packages/SciMLBase/VW1cI/src/integrator_interface.jl:623
┌ Warning: At t=-0.9583432381118087, dt was forced below floating point epsilon 1.1102230246251565e-16, and step error estimate = 760.5252593510756. Aborting. There is either an error in your model specification or the true solution is unstable (or the true solution can not be represented in the precision of Float64).
└ @ SciMLBase ~/.julia/packages/SciMLBase/VW1cI/src/integrator_interface.jl:623
┌ Warning: At t=-0.7554734735451123, dt was forced below floating point epsilon 1.1102230246251565e-16, and step error estimate = 1.1503619997263181. Aborting. There is either an error in your model specification or the true solution is unstable (or the true solution can not be represented in the precision of Float64).
└ @ SciMLBase ~/.julia/packages/SciMLBase/VW1cI/src/integrator_interface.jl:623
┌ Warning: At t=0.6885405238325549, dt was forced below floating point epsilon 1.1102230246251565e-16, and step error estimate = 5.712331359531637. Aborting. There is either an error in your model specification or the true solution is unstable (or the true solution can not be represented in the precision of Float64).
└ @ SciMLBase ~/.julia/packages/SciMLBase/VW1cI/src/integrator_interface.jl:623
┌ Warning: At t=-0.9985177340000208, dt was forced below floating point epsilon 1.1102230246251565e-16, and step error estimate = 1.1051404255469848. Aborting. There is either an error in your model specification or the true solution is unstable (or the true solution can not be represented in the precision of Float64).
└ @ SciMLBase ~/.julia/packages/SciMLBase/VW1cI/src/integrator_interface.jl:623
┌ Warning: At t=-1.0, dt was forced below floating point epsilon 2.220446049250313e-16, and step error estimate = 9.400334684894597. Aborting. There is either an error in your model specification or the true solution is unstable (or the true solution can not be represented in the precision of Float64).
└ @ SciMLBase ~/.julia/packages/SciMLBase/VW1cI/src/integrator_interface.jl:623
┌ Warning: At t=0.38400000525744343, dt was forced below floating point epsilon 5.551115123125783e-17, and step error estimate = NaN. Aborting. There is either an error in your model specification or the true solution is unstable (or the true solution can not be represented in the precision of Float64).
└ @ SciMLBase ~/.julia/packages/SciMLBase/VW1cI/src/integrator_interface.jl:623
┌ Warning: At t=-0.8417432065998729, dt was forced below floating point epsilon 1.1102230246251565e-16, and step error estimate = 1.0621914017040162. Aborting. There is either an error in your model specification or the true solution is unstable (or the true solution can not be represented in the precision of Float64).
└ @ SciMLBase ~/.julia/packages/SciMLBase/VW1cI/src/integrator_interface.jl:623
┌ Warning: At t=-1.0, dt was forced below floating point epsilon 2.220446049250313e-16, and step error estimate = 2.606976817168576e6. Aborting. There is either an error in your model specification or the true solution is unstable (or the true solution can not be represented in the precision of Float64).
└ @ SciMLBase ~/.julia/packages/SciMLBase/VW1cI/src/integrator_interface.jl:623
┌ Warning: At t=-0.8993335803936419, dt was forced below floating point epsilon 1.1102230246251565e-16, and step error estimate = 1.290998435907861. Aborting. There is either an error in your model specification or the true solution is unstable (or the true solution can not be represented in the precision of Float64).
└ @ SciMLBase ~/.julia/packages/SciMLBase/VW1cI/src/integrator_interface.jl:623
┌ Warning: At t=-1.0, dt was forced below floating point epsilon 2.220446049250313e-16, and step error estimate = 3.757511136904697e6. Aborting. There is either an error in your model specification or the true solution is unstable (or the true solution can not be represented in the precision of Float64).
└ @ SciMLBase ~/.julia/packages/SciMLBase/VW1cI/src/integrator_interface.jl:623
┌ Warning: Interrupted. Larger maxiters is needed. If you are using an integrator for non-stiff ODEs or an automatic switching algorithm (the default), you may want to consider using a method for stiff equations. See the solver pages for more details (e.g. https://docs.sciml.ai/DiffEqDocs/stable/solvers/ode_solve/#Stiff-Problems).
└ @ SciMLBase ~/.julia/packages/SciMLBase/VW1cI/src/integrator_interface.jl:589
┌ Warning: At t=-1.0, dt was forced below floating point epsilon 2.220446049250313e-16, and step error estimate = 996.7408723200526. Aborting. There is either an error in your model specification or the true solution is unstable (or the true solution can not be represented in the precision of Float64).
└ @ SciMLBase ~/.julia/packages/SciMLBase/VW1cI/src/integrator_interface.jl:623
┌ Warning: At t=-1.0, dt was forced below floating point epsilon 2.220446049250313e-16, and step error estimate = 146.71782292147674. Aborting. There is either an error in your model specification or the true solution is unstable (or the true solution can not be represented in the precision of Float64).
└ @ SciMLBase ~/.julia/packages/SciMLBase/VW1cI/src/integrator_interface.jl:623
┌ Warning: At t=0.4232727867976491, dt was forced below floating point epsilon 5.551115123125783e-17, and step error estimate = 1.307229655697724. Aborting. There is either an error in your model specification or the true solution is unstable (or the true solution can not be represented in the precision of Float64).
└ @ SciMLBase ~/.julia/packages/SciMLBase/VW1cI/src/integrator_interface.jl:623
┌ Warning: At t=0.5615977710833797, dt was forced below floating point epsilon 1.1102230246251565e-16, and step error estimate = 1.072323298583896. Aborting. There is either an error in your model specification or the true solution is unstable (or the true solution can not be represented in the precision of Float64).
└ @ SciMLBase ~/.julia/packages/SciMLBase/VW1cI/src/integrator_interface.jl:623
┌ Warning: At t=0.38426123540737567, dt was forced below floating point epsilon 5.551115123125783e-17, and step error estimate = 1.1874570342534694. Aborting. There is either an error in your model specification or the true solution is unstable (or the true solution can not be represented in the precision of Float64).
└ @ SciMLBase ~/.julia/packages/SciMLBase/VW1cI/src/integrator_interface.jl:623
┌ Warning: At t=-1.0, dt was forced below floating point epsilon 2.220446049250313e-16, and step error estimate = 2.211252574151881e6. Aborting. There is either an error in your model specification or the true solution is unstable (or the true solution can not be represented in the precision of Float64).
└ @ SciMLBase ~/.julia/packages/SciMLBase/VW1cI/src/integrator_interface.jl:623
┌ Warning: At t=0.38399991735873484, dt was forced below floating point epsilon 5.551115123125783e-17, and step error estimate = NaN. Aborting. There is either an error in your model specification or the true solution is unstable (or the true solution can not be represented in the precision of Float64).
└ @ SciMLBase ~/.julia/packages/SciMLBase/VW1cI/src/integrator_interface.jl:623
┌ Warning: At t=-1.0, dt was forced below floating point epsilon 2.220446049250313e-16, and step error estimate = 2.2611961933932565e6. Aborting. There is either an error in your model specification or the true solution is unstable (or the true solution can not be represented in the precision of Float64).
└ @ SciMLBase ~/.julia/packages/SciMLBase/VW1cI/src/integrator_interface.jl:623
┌ Warning: At t=-1.0, dt was forced below floating point epsilon 2.220446049250313e-16, and step error estimate = 5.204532035704205. Aborting. There is either an error in your model specification or the true solution is unstable (or the true solution can not be represented in the precision of Float64).
└ @ SciMLBase ~/.julia/packages/SciMLBase/VW1cI/src/integrator_interface.jl:623
┌ Warning: At t=-0.8998026676163356, dt was forced below floating point epsilon 1.1102230246251565e-16, and step error estimate = 12.135876055836432. Aborting. There is either an error in your model specification or the true solution is unstable (or the true solution can not be represented in the precision of Float64).
└ @ SciMLBase ~/.julia/packages/SciMLBase/VW1cI/src/integrator_interface.jl:623
┌ Warning: At t=-0.6948152109526632, dt was forced below floating point epsilon 1.1102230246251565e-16, and step error estimate = 1.2245428475985305. Aborting. There is either an error in your model specification or the true solution is unstable (or the true solution can not be represented in the precision of Float64).
└ @ SciMLBase ~/.julia/packages/SciMLBase/VW1cI/src/integrator_interface.jl:623
┌ Warning: At t=-1.0, dt was forced below floating point epsilon 2.220446049250313e-16, and step error estimate = 2.2748772015763493e6. Aborting. There is either an error in your model specification or the true solution is unstable (or the true solution can not be represented in the precision of Float64).
└ @ SciMLBase ~/.julia/packages/SciMLBase/VW1cI/src/integrator_interface.jl:623
┌ Warning: At t=-0.5185593759412445, dt was forced below floating point epsilon 1.1102230246251565e-16, and step error estimate = 2.114484934402297. Aborting. There is either an error in your model specification or the true solution is unstable (or the true solution can not be represented in the precision of Float64).
└ @ SciMLBase ~/.julia/packages/SciMLBase/VW1cI/src/integrator_interface.jl:623
┌ Warning: At t=-0.3955535936903743, dt was forced below floating point epsilon 5.551115123125783e-17, and step error estimate = 1.2357236753926484. Aborting. There is either an error in your model specification or the true solution is unstable (or the true solution can not be represented in the precision of Float64).
└ @ SciMLBase ~/.julia/packages/SciMLBase/VW1cI/src/integrator_interface.jl:623
┌ Warning: At t=-0.9762357647593549, dt was forced below floating point epsilon 1.1102230246251565e-16, and step error estimate = 1.339643313598186. Aborting. There is either an error in your model specification or the true solution is unstable (or the true solution can not be represented in the precision of Float64).
└ @ SciMLBase ~/.julia/packages/SciMLBase/VW1cI/src/integrator_interface.jl:623
┌ Warning: At t=-0.5132026184831803, dt was forced below floating point epsilon 1.1102230246251565e-16, and step error estimate = 1.0141142974194683. Aborting. There is either an error in your model specification or the true solution is unstable (or the true solution can not be represented in the precision of Float64).
└ @ SciMLBase ~/.julia/packages/SciMLBase/VW1cI/src/integrator_interface.jl:623
┌ Warning: Interrupted. Larger maxiters is needed. If you are using an integrator for non-stiff ODEs or an automatic switching algorithm (the default), you may want to consider using a method for stiff equations. See the solver pages for more details (e.g. https://docs.sciml.ai/DiffEqDocs/stable/solvers/ode_solve/#Stiff-Problems).
└ @ SciMLBase ~/.julia/packages/SciMLBase/VW1cI/src/integrator_interface.jl:589
┌ Warning: At t=-0.7554734735451123, dt was forced below floating point epsilon 1.1102230246251565e-16, and step error estimate = 1.1503619997263181. Aborting. There is either an error in your model specification or the true solution is unstable (or the true solution can not be represented in the precision of Float64).
└ @ SciMLBase ~/.julia/packages/SciMLBase/VW1cI/src/integrator_interface.jl:623
┌ Warning: At t=0.18242481753199585, dt was forced below floating point epsilon 2.7755575615628914e-17, and step error estimate = 9.14001937269703. Aborting. There is either an error in your model specification or the true solution is unstable (or the true solution can not be represented in the precision of Float64).
└ @ SciMLBase ~/.julia/packages/SciMLBase/VW1cI/src/integrator_interface.jl:623
┌ Warning: At t=-0.9353718454461407, dt was forced below floating point epsilon 1.1102230246251565e-16, and step error estimate = 328.9187702752355. Aborting. There is either an error in your model specification or the true solution is unstable (or the true solution can not be represented in the precision of Float64).
└ @ SciMLBase ~/.julia/packages/SciMLBase/VW1cI/src/integrator_interface.jl:623
┌ Warning: At t=-1.0, dt was forced below floating point epsilon 2.220446049250313e-16, and step error estimate = NaN. Aborting. There is either an error in your model specification or the true solution is unstable (or the true solution can not be represented in the precision of Float64).
└ @ SciMLBase ~/.julia/packages/SciMLBase/VW1cI/src/integrator_interface.jl:623
┌ Warning: At t=-0.9873756532952336, dt was forced below floating point epsilon 1.1102230246251565e-16, and step error estimate = 1.0875765533551809. Aborting. There is either an error in your model specification or the true solution is unstable (or the true solution can not be represented in the precision of Float64).
└ @ SciMLBase ~/.julia/packages/SciMLBase/VW1cI/src/integrator_interface.jl:623
┌ Warning: At t=-0.9751724392156963, dt was forced below floating point epsilon 1.1102230246251565e-16, and step error estimate = NaN. Aborting. There is either an error in your model specification or the true solution is unstable (or the true solution can not be represented in the precision of Float64).
└ @ SciMLBase ~/.julia/packages/SciMLBase/VW1cI/src/integrator_interface.jl:623
┌ Warning: At t=-0.9735358912598622, dt was forced below floating point epsilon 1.1102230246251565e-16, and step error estimate = 1.1712955197681094. Aborting. There is either an error in your model specification or the true solution is unstable (or the true solution can not be represented in the precision of Float64).
└ @ SciMLBase ~/.julia/packages/SciMLBase/VW1cI/src/integrator_interface.jl:623
┌ Warning: At t=-1.0, dt was forced below floating point epsilon 2.220446049250313e-16, and step error estimate = 5.1095919205673814e8. Aborting. There is either an error in your model specification or the true solution is unstable (or the true solution can not be represented in the precision of Float64).
└ @ SciMLBase ~/.julia/packages/SciMLBase/VW1cI/src/integrator_interface.jl:623
┌ Warning: At t=-0.9992627566747484, dt was forced below floating point epsilon 1.1102230246251565e-16, and step error estimate = 1.407898217064671. Aborting. There is either an error in your model specification or the true solution is unstable (or the true solution can not be represented in the precision of Float64).
└ @ SciMLBase ~/.julia/packages/SciMLBase/VW1cI/src/integrator_interface.jl:623
┌ Warning: At t=-1.0, dt was forced below floating point epsilon 2.220446049250313e-16, and step error estimate = 775.7555845892857. Aborting. There is either an error in your model specification or the true solution is unstable (or the true solution can not be represented in the precision of Float64).
└ @ SciMLBase ~/.julia/packages/SciMLBase/VW1cI/src/integrator_interface.jl:623
┌ Warning: At t=-1.0, dt was forced below floating point epsilon 2.220446049250313e-16, and step error estimate = 3.732225285885404e6. Aborting. There is either an error in your model specification or the true solution is unstable (or the true solution can not be represented in the precision of Float64).
└ @ SciMLBase ~/.julia/packages/SciMLBase/VW1cI/src/integrator_interface.jl:623
┌ Warning: At t=0.38426123540230794, dt was forced below floating point epsilon 5.551115123125783e-17, and step error estimate = 1.009453717836385. Aborting. There is either an error in your model specification or the true solution is unstable (or the true solution can not be represented in the precision of Float64).
└ @ SciMLBase ~/.julia/packages/SciMLBase/VW1cI/src/integrator_interface.jl:623
┌ Warning: At t=-0.8239053876494332, dt was forced below floating point epsilon 1.1102230246251565e-16, and step error estimate = 1384.0398653269292. Aborting. There is either an error in your model specification or the true solution is unstable (or the true solution can not be represented in the precision of Float64).
└ @ SciMLBase ~/.julia/packages/SciMLBase/VW1cI/src/integrator_interface.jl:623
┌ Warning: At t=-1.0, dt was forced below floating point epsilon 2.220446049250313e-16, and step error estimate = NaN. Aborting. There is either an error in your model specification or the true solution is unstable (or the true solution can not be represented in the precision of Float64).
└ @ SciMLBase ~/.julia/packages/SciMLBase/VW1cI/src/integrator_interface.jl:623
┌ Warning: At t=-0.855402789488273, dt was forced below floating point epsilon 1.1102230246251565e-16, and step error estimate = 11.23778829181943. Aborting. There is either an error in your model specification or the true solution is unstable (or the true solution can not be represented in the precision of Float64).
└ @ SciMLBase ~/.julia/packages/SciMLBase/VW1cI/src/integrator_interface.jl:623
┌ Warning: At t=-1.0, dt was forced below floating point epsilon 2.220446049250313e-16, and step error estimate = NaN. Aborting. There is either an error in your model specification or the true solution is unstable (or the true solution can not be represented in the precision of Float64).
└ @ SciMLBase ~/.julia/packages/SciMLBase/VW1cI/src/integrator_interface.jl:623
┌ Warning: At t=-1.0, dt was forced below floating point epsilon 2.220446049250313e-16, and step error estimate = 4.257260951588967e6. Aborting. There is either an error in your model specification or the true solution is unstable (or the true solution can not be represented in the precision of Float64).
└ @ SciMLBase ~/.julia/packages/SciMLBase/VW1cI/src/integrator_interface.jl:623
┌ Warning: At t=-0.8924265901902467, dt was forced below floating point epsilon 1.1102230246251565e-16, and step error estimate = NaN. Aborting. There is either an error in your model specification or the true solution is unstable (or the true solution can not be represented in the precision of Float64).
└ @ SciMLBase ~/.julia/packages/SciMLBase/VW1cI/src/integrator_interface.jl:623
┌ Warning: At t=-1.0, dt was forced below floating point epsilon 2.220446049250313e-16, and step error estimate = 7.257104153077548. Aborting. There is either an error in your model specification or the true solution is unstable (or the true solution can not be represented in the precision of Float64).
└ @ SciMLBase ~/.julia/packages/SciMLBase/VW1cI/src/integrator_interface.jl:623
┌ Warning: At t=-0.8618487985379194, dt was forced below floating point epsilon 1.1102230246251565e-16, and step error estimate = 1.3556579427718731. Aborting. There is either an error in your model specification or the true solution is unstable (or the true solution can not be represented in the precision of Float64).
└ @ SciMLBase ~/.julia/packages/SciMLBase/VW1cI/src/integrator_interface.jl:623
┌ Warning: At t=-1.0, dt was forced below floating point epsilon 2.220446049250313e-16, and step error estimate = NaN. Aborting. There is either an error in your model specification or the true solution is unstable (or the true solution can not be represented in the precision of Float64).
└ @ SciMLBase ~/.julia/packages/SciMLBase/VW1cI/src/integrator_interface.jl:623
┌ Warning: At t=0.38400000907148907, dt was forced below floating point epsilon 5.551115123125783e-17, and step error estimate = NaN. Aborting. There is either an error in your model specification or the true solution is unstable (or the true solution can not be represented in the precision of Float64).
└ @ SciMLBase ~/.julia/packages/SciMLBase/VW1cI/src/integrator_interface.jl:623
┌ Warning: At t=-0.5257927816071353, dt was forced below floating point epsilon 1.1102230246251565e-16, and step error estimate = 1.2723879877174846. Aborting. There is either an error in your model specification or the true solution is unstable (or the true solution can not be represented in the precision of Float64).
└ @ SciMLBase ~/.julia/packages/SciMLBase/VW1cI/src/integrator_interface.jl:623
┌ Warning: At t=-0.8891481370957257, dt was forced below floating point epsilon 1.1102230246251565e-16, and step error estimate = 1.2863636804092353. Aborting. There is either an error in your model specification or the true solution is unstable (or the true solution can not be represented in the precision of Float64).
└ @ SciMLBase ~/.julia/packages/SciMLBase/VW1cI/src/integrator_interface.jl:623
┌ Warning: At t=-0.706557915154858, dt was forced below floating point epsilon 1.1102230246251565e-16, and step error estimate = 1.1891635571141455. Aborting. There is either an error in your model specification or the true solution is unstable (or the true solution can not be represented in the precision of Float64).
└ @ SciMLBase ~/.julia/packages/SciMLBase/VW1cI/src/integrator_interface.jl:623
┌ Warning: At t=-1.0, dt was forced below floating point epsilon 2.220446049250313e-16, and step error estimate = 2.4577670894740555e6. Aborting. There is either an error in your model specification or the true solution is unstable (or the true solution can not be represented in the precision of Float64).
└ @ SciMLBase ~/.julia/packages/SciMLBase/VW1cI/src/integrator_interface.jl:623
┌ Warning: At t=-0.962720872706275, dt was forced below floating point epsilon 1.1102230246251565e-16, and step error estimate = 1.3324762831606098. Aborting. There is either an error in your model specification or the true solution is unstable (or the true solution can not be represented in the precision of Float64).
└ @ SciMLBase ~/.julia/packages/SciMLBase/VW1cI/src/integrator_interface.jl:623
┌ Warning: At t=-0.6777254103467362, dt was forced below floating point epsilon 1.1102230246251565e-16, and step error estimate = 1.1091752069726635. Aborting. There is either an error in your model specification or the true solution is unstable (or the true solution can not be represented in the precision of Float64).
└ @ SciMLBase ~/.julia/packages/SciMLBase/VW1cI/src/integrator_interface.jl:623
┌ Warning: At t=-0.9771810890698919, dt was forced below floating point epsilon 1.1102230246251565e-16, and step error estimate = 1.1630732317927495. Aborting. There is either an error in your model specification or the true solution is unstable (or the true solution can not be represented in the precision of Float64).
└ @ SciMLBase ~/.julia/packages/SciMLBase/VW1cI/src/integrator_interface.jl:623
┌ Warning: At t=-1.0, dt was forced below floating point epsilon 2.220446049250313e-16, and step error estimate = 2.457428779203151e6. Aborting. There is either an error in your model specification or the true solution is unstable (or the true solution can not be represented in the precision of Float64).
└ @ SciMLBase ~/.julia/packages/SciMLBase/VW1cI/src/integrator_interface.jl:623
┌ Warning: At t=-1.0, dt was forced below floating point epsilon 2.220446049250313e-16, and step error estimate = 11.900300481659007. Aborting. There is either an error in your model specification or the true solution is unstable (or the true solution can not be represented in the precision of Float64).
└ @ SciMLBase ~/.julia/packages/SciMLBase/VW1cI/src/integrator_interface.jl:623
┌ Warning: At t=-0.9062388117869032, dt was forced below floating point epsilon 1.1102230246251565e-16, and step error estimate = NaN. Aborting. There is either an error in your model specification or the true solution is unstable (or the true solution can not be represented in the precision of Float64).
└ @ SciMLBase ~/.julia/packages/SciMLBase/VW1cI/src/integrator_interface.jl:623
┌ Warning: At t=-1.0, dt was forced below floating point epsilon 2.220446049250313e-16, and step error estimate = 146.69515227494446. Aborting. There is either an error in your model specification or the true solution is unstable (or the true solution can not be represented in the precision of Float64).
└ @ SciMLBase ~/.julia/packages/SciMLBase/VW1cI/src/integrator_interface.jl:623
┌ Warning: At t=-0.9534150260451282, dt was forced below floating point epsilon 1.1102230246251565e-16, and step error estimate = 1.127356908969803. Aborting. There is either an error in your model specification or the true solution is unstable (or the true solution can not be represented in the precision of Float64).
└ @ SciMLBase ~/.julia/packages/SciMLBase/VW1cI/src/integrator_interface.jl:623
┌ Warning: At t=-0.413138166897393, dt was forced below floating point epsilon 5.551115123125783e-17, and step error estimate = 1.4063722264845775. Aborting. There is either an error in your model specification or the true solution is unstable (or the true solution can not be represented in the precision of Float64).
└ @ SciMLBase ~/.julia/packages/SciMLBase/VW1cI/src/integrator_interface.jl:623
┌ Warning: At t=-0.3955535936903743, dt was forced below floating point epsilon 5.551115123125783e-17, and step error estimate = 1.2357236753926484. Aborting. There is either an error in your model specification or the true solution is unstable (or the true solution can not be represented in the precision of Float64).
└ @ SciMLBase ~/.julia/packages/SciMLBase/VW1cI/src/integrator_interface.jl:623
┌ Warning: At t=-1.0, dt was forced below floating point epsilon 2.220446049250313e-16, and step error estimate = 2.370316070404557e6. Aborting. There is either an error in your model specification or the true solution is unstable (or the true solution can not be represented in the precision of Float64).
└ @ SciMLBase ~/.julia/packages/SciMLBase/VW1cI/src/integrator_interface.jl:623
┌ Warning: At t=0.0061056335945993846, dt was forced below floating point epsilon 8.673617379884035e-19, and step error estimate = 1.4129000866564145. Aborting. There is either an error in your model specification or the true solution is unstable (or the true solution can not be represented in the precision of Float64).
└ @ SciMLBase ~/.julia/packages/SciMLBase/VW1cI/src/integrator_interface.jl:623
┌ Warning: At t=0.9153983411365066, dt was forced below floating point epsilon 1.1102230246251565e-16, and step error estimate = 1.030639708720693. Aborting. There is either an error in your model specification or the true solution is unstable (or the true solution can not be represented in the precision of Float64).
└ @ SciMLBase ~/.julia/packages/SciMLBase/VW1cI/src/integrator_interface.jl:623
┌ Warning: At t=-0.9751724392156963, dt was forced below floating point epsilon 1.1102230246251565e-16, and step error estimate = NaN. Aborting. There is either an error in your model specification or the true solution is unstable (or the true solution can not be represented in the precision of Float64).
└ @ SciMLBase ~/.julia/packages/SciMLBase/VW1cI/src/integrator_interface.jl:623
┌ Warning: At t=-1.0, dt was forced below floating point epsilon 2.220446049250313e-16, and step error estimate = 2461.850588249381. Aborting. There is either an error in your model specification or the true solution is unstable (or the true solution can not be represented in the precision of Float64).
└ @ SciMLBase ~/.julia/packages/SciMLBase/VW1cI/src/integrator_interface.jl:623
┌ Warning: At t=0.0061056556950372575, dt was forced below floating point epsilon 8.673617379884035e-19, and step error estimate = 1.01954637254685. Aborting. There is either an error in your model specification or the true solution is unstable (or the true solution can not be represented in the precision of Float64).
└ @ SciMLBase ~/.julia/packages/SciMLBase/VW1cI/src/integrator_interface.jl:623
┌ Warning: At t=-0.8262278042808996, dt was forced below floating point epsilon 1.1102230246251565e-16, and step error estimate = 1.2512214941158912. Aborting. There is either an error in your model specification or the true solution is unstable (or the true solution can not be represented in the precision of Float64).
└ @ SciMLBase ~/.julia/packages/SciMLBase/VW1cI/src/integrator_interface.jl:623
┌ Warning: At t=0.39900497359281434, dt was forced below floating point epsilon 5.551115123125783e-17, and step error estimate = 19.304993044676596. Aborting. There is either an error in your model specification or the true solution is unstable (or the true solution can not be represented in the precision of Float64).
└ @ SciMLBase ~/.julia/packages/SciMLBase/VW1cI/src/integrator_interface.jl:623
┌ Warning: At t=-0.981689593685358, dt was forced below floating point epsilon 1.1102230246251565e-16, and step error estimate = 1.1063033988102349. Aborting. There is either an error in your model specification or the true solution is unstable (or the true solution can not be represented in the precision of Float64).
└ @ SciMLBase ~/.julia/packages/SciMLBase/VW1cI/src/integrator_interface.jl:623
┌ Warning: Interrupted. Larger maxiters is needed. If you are using an integrator for non-stiff ODEs or an automatic switching algorithm (the default), you may want to consider using a method for stiff equations. See the solver pages for more details (e.g. https://docs.sciml.ai/DiffEqDocs/stable/solvers/ode_solve/#Stiff-Problems).
└ @ SciMLBase ~/.julia/packages/SciMLBase/VW1cI/src/integrator_interface.jl:589
┌ Warning: At t=0.599628179268958, dt was forced below floating point epsilon 1.1102230246251565e-16, and step error estimate = 1.0452644023141198. Aborting. There is either an error in your model specification or the true solution is unstable (or the true solution can not be represented in the precision of Float64).
└ @ SciMLBase ~/.julia/packages/SciMLBase/VW1cI/src/integrator_interface.jl:623
┌ Warning: At t=0.8831412413299287, dt was forced below floating point epsilon 1.1102230246251565e-16, and step error estimate = 1.060830402955038. Aborting. There is either an error in your model specification or the true solution is unstable (or the true solution can not be represented in the precision of Float64).
└ @ SciMLBase ~/.julia/packages/SciMLBase/VW1cI/src/integrator_interface.jl:623
┌ Warning: At t=-1.0, dt was forced below floating point epsilon 2.220446049250313e-16, and step error estimate = 38.466899170634356. Aborting. There is either an error in your model specification or the true solution is unstable (or the true solution can not be represented in the precision of Float64).
└ @ SciMLBase ~/.julia/packages/SciMLBase/VW1cI/src/integrator_interface.jl:623
┌ Warning: Interrupted. Larger maxiters is needed. If you are using an integrator for non-stiff ODEs or an automatic switching algorithm (the default), you may want to consider using a method for stiff equations. See the solver pages for more details (e.g. https://docs.sciml.ai/DiffEqDocs/stable/solvers/ode_solve/#Stiff-Problems).
└ @ SciMLBase ~/.julia/packages/SciMLBase/VW1cI/src/integrator_interface.jl:589
┌ Warning: At t=-1.0, dt was forced below floating point epsilon 2.220446049250313e-16, and step error estimate = 2.33808174775683e6. Aborting. There is either an error in your model specification or the true solution is unstable (or the true solution can not be represented in the precision of Float64).
└ @ SciMLBase ~/.julia/packages/SciMLBase/VW1cI/src/integrator_interface.jl:623
┌ Warning: At t=-1.0, dt was forced below floating point epsilon 2.220446049250313e-16, and step error estimate = 2.45846333030125e6. Aborting. There is either an error in your model specification or the true solution is unstable (or the true solution can not be represented in the precision of Float64).
└ @ SciMLBase ~/.julia/packages/SciMLBase/VW1cI/src/integrator_interface.jl:623
┌ Warning: At t=-0.77717760375622, dt was forced below floating point epsilon 1.1102230246251565e-16, and step error estimate = NaN. Aborting. There is either an error in your model specification or the true solution is unstable (or the true solution can not be represented in the precision of Float64).
└ @ SciMLBase ~/.julia/packages/SciMLBase/VW1cI/src/integrator_interface.jl:623
┌ Warning: At t=-1.0, dt was forced below floating point epsilon 2.220446049250313e-16, and step error estimate = NaN. Aborting. There is either an error in your model specification or the true solution is unstable (or the true solution can not be represented in the precision of Float64).
└ @ SciMLBase ~/.julia/packages/SciMLBase/VW1cI/src/integrator_interface.jl:623
┌ Warning: At t=-1.0, dt was forced below floating point epsilon 2.220446049250313e-16, and step error estimate = 2.3258338780065486e6. Aborting. There is either an error in your model specification or the true solution is unstable (or the true solution can not be represented in the precision of Float64).
└ @ SciMLBase ~/.julia/packages/SciMLBase/VW1cI/src/integrator_interface.jl:623
┌ Warning: At t=-1.0, dt was forced below floating point epsilon 2.220446049250313e-16, and step error estimate = 4.916404045772668e8. Aborting. There is either an error in your model specification or the true solution is unstable (or the true solution can not be represented in the precision of Float64).
└ @ SciMLBase ~/.julia/packages/SciMLBase/VW1cI/src/integrator_interface.jl:623
┌ Warning: At t=-1.0, dt was forced below floating point epsilon 2.220446049250313e-16, and step error estimate = 4.529755520385487e6. Aborting. There is either an error in your model specification or the true solution is unstable (or the true solution can not be represented in the precision of Float64).
└ @ SciMLBase ~/.julia/packages/SciMLBase/VW1cI/src/integrator_interface.jl:623
┌ Warning: At t=-0.8576744948042184, dt was forced below floating point epsilon 1.1102230246251565e-16, and step error estimate = 1.0789832304037985. Aborting. There is either an error in your model specification or the true solution is unstable (or the true solution can not be represented in the precision of Float64).
└ @ SciMLBase ~/.julia/packages/SciMLBase/VW1cI/src/integrator_interface.jl:623
┌ Warning: At t=-0.7554734737106393, dt was forced below floating point epsilon 1.1102230246251565e-16, and step error estimate = 1.3031085986865492. Aborting. There is either an error in your model specification or the true solution is unstable (or the true solution can not be represented in the precision of Float64).
└ @ SciMLBase ~/.julia/packages/SciMLBase/VW1cI/src/integrator_interface.jl:623
┌ Warning: At t=-0.9846121031196894, dt was forced below floating point epsilon 1.1102230246251565e-16, and step error estimate = 1967.0580506634717. Aborting. There is either an error in your model specification or the true solution is unstable (or the true solution can not be represented in the precision of Float64).
└ @ SciMLBase ~/.julia/packages/SciMLBase/VW1cI/src/integrator_interface.jl:623
┌ Warning: At t=-1.0, dt was forced below floating point epsilon 2.220446049250313e-16, and step error estimate = 2007.5664394849903. Aborting. There is either an error in your model specification or the true solution is unstable (or the true solution can not be represented in the precision of Float64).
└ @ SciMLBase ~/.julia/packages/SciMLBase/VW1cI/src/integrator_interface.jl:623
┌ Warning: At t=-0.9999999934417669, dt was forced below floating point epsilon 1.1102230246251565e-16, and step error estimate = 1.128930061825172. Aborting. There is either an error in your model specification or the true solution is unstable (or the true solution can not be represented in the precision of Float64).
└ @ SciMLBase ~/.julia/packages/SciMLBase/VW1cI/src/integrator_interface.jl:623
┌ Warning: At t=-0.413138166897393, dt was forced below floating point epsilon 5.551115123125783e-17, and step error estimate = 1.4063722264845775. Aborting. There is either an error in your model specification or the true solution is unstable (or the true solution can not be represented in the precision of Float64).
└ @ SciMLBase ~/.julia/packages/SciMLBase/VW1cI/src/integrator_interface.jl:623
┌ Warning: At t=-0.8077450171038019, dt was forced below floating point epsilon 1.1102230246251565e-16, and step error estimate = 1.3498501782765207. Aborting. There is either an error in your model specification or the true solution is unstable (or the true solution can not be represented in the precision of Float64).
└ @ SciMLBase ~/.julia/packages/SciMLBase/VW1cI/src/integrator_interface.jl:623
┌ Warning: At t=-1.0, dt was forced below floating point epsilon 2.220446049250313e-16, and step error estimate = 12.951355701594432. Aborting. There is either an error in your model specification or the true solution is unstable (or the true solution can not be represented in the precision of Float64).
└ @ SciMLBase ~/.julia/packages/SciMLBase/VW1cI/src/integrator_interface.jl:623
┌ Warning: At t=-1.0, dt was forced below floating point epsilon 2.220446049250313e-16, and step error estimate = NaN. Aborting. There is either an error in your model specification or the true solution is unstable (or the true solution can not be represented in the precision of Float64).
└ @ SciMLBase ~/.julia/packages/SciMLBase/VW1cI/src/integrator_interface.jl:623
┌ Warning: At t=-0.959181250353829, dt was forced below floating point epsilon 1.1102230246251565e-16, and step error estimate = 1.1175670265710114. Aborting. There is either an error in your model specification or the true solution is unstable (or the true solution can not be represented in the precision of Float64).
└ @ SciMLBase ~/.julia/packages/SciMLBase/VW1cI/src/integrator_interface.jl:623
┌ Warning: At t=-0.8262278042788744, dt was forced below floating point epsilon 1.1102230246251565e-16, and step error estimate = 1.0793270571408735. Aborting. There is either an error in your model specification or the true solution is unstable (or the true solution can not be represented in the precision of Float64).
└ @ SciMLBase ~/.julia/packages/SciMLBase/VW1cI/src/integrator_interface.jl:623
┌ Warning: At t=-0.9068111262152015, dt was forced below floating point epsilon 1.1102230246251565e-16, and step error estimate = 1.2224237642998796. Aborting. There is either an error in your model specification or the true solution is unstable (or the true solution can not be represented in the precision of Float64).
└ @ SciMLBase ~/.julia/packages/SciMLBase/VW1cI/src/integrator_interface.jl:623
┌ Warning: At t=-0.8262278042808996, dt was forced below floating point epsilon 1.1102230246251565e-16, and step error estimate = 1.2512214941158912. Aborting. There is either an error in your model specification or the true solution is unstable (or the true solution can not be represented in the precision of Float64).
└ @ SciMLBase ~/.julia/packages/SciMLBase/VW1cI/src/integrator_interface.jl:623
┌ Warning: At t=-0.9062388117869032, dt was forced below floating point epsilon 1.1102230246251565e-16, and step error estimate = NaN. Aborting. There is either an error in your model specification or the true solution is unstable (or the true solution can not be represented in the precision of Float64).
└ @ SciMLBase ~/.julia/packages/SciMLBase/VW1cI/src/integrator_interface.jl:623
┌ Warning: At t=-1.0, dt was forced below floating point epsilon 2.220446049250313e-16, and step error estimate = 2.693641186825152e6. Aborting. There is either an error in your model specification or the true solution is unstable (or the true solution can not be represented in the precision of Float64).
└ @ SciMLBase ~/.julia/packages/SciMLBase/VW1cI/src/integrator_interface.jl:623
┌ Warning: At t=-0.6777254103467362, dt was forced below floating point epsilon 1.1102230246251565e-16, and step error estimate = 1.1091752069726635. Aborting. There is either an error in your model specification or the true solution is unstable (or the true solution can not be represented in the precision of Float64).
└ @ SciMLBase ~/.julia/packages/SciMLBase/VW1cI/src/integrator_interface.jl:623
┌ Warning: At t=-1.0, dt was forced below floating point epsilon 2.220446049250313e-16, and step error estimate = 146.69520371581072. Aborting. There is either an error in your model specification or the true solution is unstable (or the true solution can not be represented in the precision of Float64).
└ @ SciMLBase ~/.julia/packages/SciMLBase/VW1cI/src/integrator_interface.jl:623
┌ Warning: At t=-0.8832102786696876, dt was forced below floating point epsilon 1.1102230246251565e-16, and step error estimate = 1.3365152713288777. Aborting. There is either an error in your model specification or the true solution is unstable (or the true solution can not be represented in the precision of Float64).
└ @ SciMLBase ~/.julia/packages/SciMLBase/VW1cI/src/integrator_interface.jl:623
┌ Warning: Interrupted. Larger maxiters is needed. If you are using an integrator for non-stiff ODEs or an automatic switching algorithm (the default), you may want to consider using a method for stiff equations. See the solver pages for more details (e.g. https://docs.sciml.ai/DiffEqDocs/stable/solvers/ode_solve/#Stiff-Problems).
└ @ SciMLBase ~/.julia/packages/SciMLBase/VW1cI/src/integrator_interface.jl:589
┌ Warning: At t=-1.0, dt was forced below floating point epsilon 2.220446049250313e-16, and step error estimate = 146.71782292147674. Aborting. There is either an error in your model specification or the true solution is unstable (or the true solution can not be represented in the precision of Float64).
└ @ SciMLBase ~/.julia/packages/SciMLBase/VW1cI/src/integrator_interface.jl:623
┌ Warning: At t=-1.0, dt was forced below floating point epsilon 2.220446049250313e-16, and step error estimate = 2.3894302532051485e6. Aborting. There is either an error in your model specification or the true solution is unstable (or the true solution can not be represented in the precision of Float64).
└ @ SciMLBase ~/.julia/packages/SciMLBase/VW1cI/src/integrator_interface.jl:623
┌ Warning: At t=-0.999999999999132, dt was forced below floating point epsilon 1.1102230246251565e-16, and step error estimate = NaN. Aborting. There is either an error in your model specification or the true solution is unstable (or the true solution can not be represented in the precision of Float64).
└ @ SciMLBase ~/.julia/packages/SciMLBase/VW1cI/src/integrator_interface.jl:623
┌ Warning: At t=-0.5257927816071353, dt was forced below floating point epsilon 1.1102230246251565e-16, and step error estimate = 1.2723879877174846. Aborting. There is either an error in your model specification or the true solution is unstable (or the true solution can not be represented in the precision of Float64).
└ @ SciMLBase ~/.julia/packages/SciMLBase/VW1cI/src/integrator_interface.jl:623
┌ Warning: At t=-1.0, dt was forced below floating point epsilon 2.220446049250313e-16, and step error estimate = 2.457063854873399e6. Aborting. There is either an error in your model specification or the true solution is unstable (or the true solution can not be represented in the precision of Float64).
└ @ SciMLBase ~/.julia/packages/SciMLBase/VW1cI/src/integrator_interface.jl:623
┌ Warning: At t=-1.0, dt was forced below floating point epsilon 2.220446049250313e-16, and step error estimate = NaN. Aborting. There is either an error in your model specification or the true solution is unstable (or the true solution can not be represented in the precision of Float64).
└ @ SciMLBase ~/.julia/packages/SciMLBase/VW1cI/src/integrator_interface.jl:623
┌ Warning: At t=-1.0, dt was forced below floating point epsilon 2.220446049250313e-16, and step error estimate = 2.457133448884479e6. Aborting. There is either an error in your model specification or the true solution is unstable (or the true solution can not be represented in the precision of Float64).
└ @ SciMLBase ~/.julia/packages/SciMLBase/VW1cI/src/integrator_interface.jl:623
┌ Warning: At t=0.38400000907148907, dt was forced below floating point epsilon 5.551115123125783e-17, and step error estimate = NaN. Aborting. There is either an error in your model specification or the true solution is unstable (or the true solution can not be represented in the precision of Float64).
└ @ SciMLBase ~/.julia/packages/SciMLBase/VW1cI/src/integrator_interface.jl:623
┌ Warning: At t=-1.0, dt was forced below floating point epsilon 2.220446049250313e-16, and step error estimate = NaN. Aborting. There is either an error in your model specification or the true solution is unstable (or the true solution can not be represented in the precision of Float64).
└ @ SciMLBase ~/.julia/packages/SciMLBase/VW1cI/src/integrator_interface.jl:623
┌ Warning: At t=-0.6520733594167174, dt was forced below floating point epsilon 1.1102230246251565e-16, and step error estimate = NaN. Aborting. There is either an error in your model specification or the true solution is unstable (or the true solution can not be represented in the precision of Float64).
└ @ SciMLBase ~/.julia/packages/SciMLBase/VW1cI/src/integrator_interface.jl:623
┌ Warning: At t=0.42327279110754085, dt was forced below floating point epsilon 5.551115123125783e-17, and step error estimate = 1.0254835401952789. Aborting. There is either an error in your model specification or the true solution is unstable (or the true solution can not be represented in the precision of Float64).
└ @ SciMLBase ~/.julia/packages/SciMLBase/VW1cI/src/integrator_interface.jl:623
┌ Warning: At t=-0.8081395982042962, dt was forced below floating point epsilon 1.1102230246251565e-16, and step error estimate = 16.013026599968537. Aborting. There is either an error in your model specification or the true solution is unstable (or the true solution can not be represented in the precision of Float64).
└ @ SciMLBase ~/.julia/packages/SciMLBase/VW1cI/src/integrator_interface.jl:623
┌ Warning: At t=-1.0, dt was forced below floating point epsilon 2.220446049250313e-16, and step error estimate = NaN. Aborting. There is either an error in your model specification or the true solution is unstable (or the true solution can not be represented in the precision of Float64).
└ @ SciMLBase ~/.julia/packages/SciMLBase/VW1cI/src/integrator_interface.jl:623
┌ Warning: At t=-1.0, dt was forced below floating point epsilon 2.220446049250313e-16, and step error estimate = 2.5108736248028055e6. Aborting. There is either an error in your model specification or the true solution is unstable (or the true solution can not be represented in the precision of Float64).
└ @ SciMLBase ~/.julia/packages/SciMLBase/VW1cI/src/integrator_interface.jl:623
┌ Warning: At t=-1.0, dt was forced below floating point epsilon 2.220446049250313e-16, and step error estimate = 701.1653237058698. Aborting. There is either an error in your model specification or the true solution is unstable (or the true solution can not be represented in the precision of Float64).
└ @ SciMLBase ~/.julia/packages/SciMLBase/VW1cI/src/integrator_interface.jl:623
┌ Warning: At t=-0.8576744944932417, dt was forced below floating point epsilon 1.1102230246251565e-16, and step error estimate = 1.0468877196284814. Aborting. There is either an error in your model specification or the true solution is unstable (or the true solution can not be represented in the precision of Float64).
└ @ SciMLBase ~/.julia/packages/SciMLBase/VW1cI/src/integrator_interface.jl:623
┌ Warning: At t=-1.0, dt was forced below floating point epsilon 2.220446049250313e-16, and step error estimate = 4.655696590981007. Aborting. There is either an error in your model specification or the true solution is unstable (or the true solution can not be represented in the precision of Float64).
└ @ SciMLBase ~/.julia/packages/SciMLBase/VW1cI/src/integrator_interface.jl:623
┌ Warning: At t=-1.0, dt was forced below floating point epsilon 2.220446049250313e-16, and step error estimate = NaN. Aborting. There is either an error in your model specification or the true solution is unstable (or the true solution can not be represented in the precision of Float64).
└ @ SciMLBase ~/.julia/packages/SciMLBase/VW1cI/src/integrator_interface.jl:623
┌ Warning: At t=0.38400000525744343, dt was forced below floating point epsilon 5.551115123125783e-17, and step error estimate = NaN. Aborting. There is either an error in your model specification or the true solution is unstable (or the true solution can not be represented in the precision of Float64).
└ @ SciMLBase ~/.julia/packages/SciMLBase/VW1cI/src/integrator_interface.jl:623
┌ Warning: At t=-0.8534960847627708, dt was forced below floating point epsilon 1.1102230246251565e-16, and step error estimate = 8.419632505051066. Aborting. There is either an error in your model specification or the true solution is unstable (or the true solution can not be represented in the precision of Float64).
└ @ SciMLBase ~/.julia/packages/SciMLBase/VW1cI/src/integrator_interface.jl:623
┌ Warning: At t=-1.0, dt was forced below floating point epsilon 2.220446049250313e-16, and step error estimate = 2.8149477724345154e6. Aborting. There is either an error in your model specification or the true solution is unstable (or the true solution can not be represented in the precision of Float64).
└ @ SciMLBase ~/.julia/packages/SciMLBase/VW1cI/src/integrator_interface.jl:623
┌ Warning: At t=-0.963325982709682, dt was forced below floating point epsilon 1.1102230246251565e-16, and step error estimate = 243.472264319195. Aborting. There is either an error in your model specification or the true solution is unstable (or the true solution can not be represented in the precision of Float64).
└ @ SciMLBase ~/.julia/packages/SciMLBase/VW1cI/src/integrator_interface.jl:623
┌ Warning: At t=-0.5417594570141343, dt was forced below floating point epsilon 1.1102230246251565e-16, and step error estimate = 6.623198298997754. Aborting. There is either an error in your model specification or the true solution is unstable (or the true solution can not be represented in the precision of Float64).
└ @ SciMLBase ~/.julia/packages/SciMLBase/VW1cI/src/integrator_interface.jl:623
┌ Warning: At t=-0.3955535687083103, dt was forced below floating point epsilon 5.551115123125783e-17, and step error estimate = 1.0581227553405887. Aborting. There is either an error in your model specification or the true solution is unstable (or the true solution can not be represented in the precision of Float64).
└ @ SciMLBase ~/.julia/packages/SciMLBase/VW1cI/src/integrator_interface.jl:623
┌ Warning: At t=-1.0, dt was forced below floating point epsilon 2.220446049250313e-16, and step error estimate = NaN. Aborting. There is either an error in your model specification or the true solution is unstable (or the true solution can not be represented in the precision of Float64).
└ @ SciMLBase ~/.julia/packages/SciMLBase/VW1cI/src/integrator_interface.jl:623
┌ Warning: At t=-0.4582306972114841, dt was forced below floating point epsilon 5.551115123125783e-17, and step error estimate = 1.173318012299834. Aborting. There is either an error in your model specification or the true solution is unstable (or the true solution can not be represented in the precision of Float64).
└ @ SciMLBase ~/.julia/packages/SciMLBase/VW1cI/src/integrator_interface.jl:623
┌ Warning: At t=-1.0, dt was forced below floating point epsilon 2.220446049250313e-16, and step error estimate = 2.457063854873399e6. Aborting. There is either an error in your model specification or the true solution is unstable (or the true solution can not be represented in the precision of Float64).
└ @ SciMLBase ~/.julia/packages/SciMLBase/VW1cI/src/integrator_interface.jl:623
┌ Warning: At t=-0.9144231871031945, dt was forced below floating point epsilon 1.1102230246251565e-16, and step error estimate = 1.302929554626252. Aborting. There is either an error in your model specification or the true solution is unstable (or the true solution can not be represented in the precision of Float64).
└ @ SciMLBase ~/.julia/packages/SciMLBase/VW1cI/src/integrator_interface.jl:623
┌ Warning: At t=-0.9370952471653543, dt was forced below floating point epsilon 1.1102230246251565e-16, and step error estimate = NaN. Aborting. There is either an error in your model specification or the true solution is unstable (or the true solution can not be represented in the precision of Float64).
└ @ SciMLBase ~/.julia/packages/SciMLBase/VW1cI/src/integrator_interface.jl:623
┌ Warning: At t=-0.8993335803936419, dt was forced below floating point epsilon 1.1102230246251565e-16, and step error estimate = 1.290998435907861. Aborting. There is either an error in your model specification or the true solution is unstable (or the true solution can not be represented in the precision of Float64).
└ @ SciMLBase ~/.julia/packages/SciMLBase/VW1cI/src/integrator_interface.jl:623
┌ Warning: At t=-0.9582874237003186, dt was forced below floating point epsilon 1.1102230246251565e-16, and step error estimate = 101.22133742378091. Aborting. There is either an error in your model specification or the true solution is unstable (or the true solution can not be represented in the precision of Float64).
└ @ SciMLBase ~/.julia/packages/SciMLBase/VW1cI/src/integrator_interface.jl:623
┌ Warning: At t=-0.855402789488273, dt was forced below floating point epsilon 1.1102230246251565e-16, and step error estimate = 11.23778829181943. Aborting. There is either an error in your model specification or the true solution is unstable (or the true solution can not be represented in the precision of Float64).
└ @ SciMLBase ~/.julia/packages/SciMLBase/VW1cI/src/integrator_interface.jl:623
┌ Warning: At t=0.4167434376797445, dt was forced below floating point epsilon 5.551115123125783e-17, and step error estimate = 1.9942086940293735. Aborting. There is either an error in your model specification or the true solution is unstable (or the true solution can not be represented in the precision of Float64).
└ @ SciMLBase ~/.julia/packages/SciMLBase/VW1cI/src/integrator_interface.jl:623
┌ Warning: At t=-0.790404778072067, dt was forced below floating point epsilon 1.1102230246251565e-16, and step error estimate = 1.3156392511060164. Aborting. There is either an error in your model specification or the true solution is unstable (or the true solution can not be represented in the precision of Float64).
└ @ SciMLBase ~/.julia/packages/SciMLBase/VW1cI/src/integrator_interface.jl:623
┌ Warning: At t=-0.9992627566747484, dt was forced below floating point epsilon 1.1102230246251565e-16, and step error estimate = 1.407898217064671. Aborting. There is either an error in your model specification or the true solution is unstable (or the true solution can not be represented in the precision of Float64).
└ @ SciMLBase ~/.julia/packages/SciMLBase/VW1cI/src/integrator_interface.jl:623
┌ Warning: At t=-1.0, dt was forced below floating point epsilon 2.220446049250313e-16, and step error estimate = 458.90709327642656. Aborting. There is either an error in your model specification or the true solution is unstable (or the true solution can not be represented in the precision of Float64).
└ @ SciMLBase ~/.julia/packages/SciMLBase/VW1cI/src/integrator_interface.jl:623
┌ Warning: At t=-0.9986916306562555, dt was forced below floating point epsilon 1.1102230246251565e-16, and step error estimate = 1.1516567812280591. Aborting. There is either an error in your model specification or the true solution is unstable (or the true solution can not be represented in the precision of Float64).
└ @ SciMLBase ~/.julia/packages/SciMLBase/VW1cI/src/integrator_interface.jl:623
┌ Warning: At t=-1.0, dt was forced below floating point epsilon 2.220446049250313e-16, and step error estimate = NaN. Aborting. There is either an error in your model specification or the true solution is unstable (or the true solution can not be represented in the precision of Float64).
└ @ SciMLBase ~/.julia/packages/SciMLBase/VW1cI/src/integrator_interface.jl:623
┌ Warning: At t=-1.0, dt was forced below floating point epsilon 2.220446049250313e-16, and step error estimate = 2.3937332171254633e6. Aborting. There is either an error in your model specification or the true solution is unstable (or the true solution can not be represented in the precision of Float64).
└ @ SciMLBase ~/.julia/packages/SciMLBase/VW1cI/src/integrator_interface.jl:623
┌ Warning: Interrupted. Larger maxiters is needed. If you are using an integrator for non-stiff ODEs or an automatic switching algorithm (the default), you may want to consider using a method for stiff equations. See the solver pages for more details (e.g. https://docs.sciml.ai/DiffEqDocs/stable/solvers/ode_solve/#Stiff-Problems).
└ @ SciMLBase ~/.julia/packages/SciMLBase/VW1cI/src/integrator_interface.jl:589
┌ Warning: At t=-0.8618488116928062, dt was forced below floating point epsilon 1.1102230246251565e-16, and step error estimate = 1.1037064079211885. Aborting. There is either an error in your model specification or the true solution is unstable (or the true solution can not be represented in the precision of Float64).
└ @ SciMLBase ~/.julia/packages/SciMLBase/VW1cI/src/integrator_interface.jl:623
┌ Warning: At t=0.42327278697561643, dt was forced below floating point epsilon 5.551115123125783e-17, and step error estimate = 3.961924243716558. Aborting. There is either an error in your model specification or the true solution is unstable (or the true solution can not be represented in the precision of Float64).
└ @ SciMLBase ~/.julia/packages/SciMLBase/VW1cI/src/integrator_interface.jl:623
┌ Warning: At t=-0.9735358912598622, dt was forced below floating point epsilon 1.1102230246251565e-16, and step error estimate = 1.1712955197681094. Aborting. There is either an error in your model specification or the true solution is unstable (or the true solution can not be represented in the precision of Float64).
└ @ SciMLBase ~/.julia/packages/SciMLBase/VW1cI/src/integrator_interface.jl:623
┌ Warning: At t=-0.9721329372790506, dt was forced below floating point epsilon 1.1102230246251565e-16, and step error estimate = 1.2072858313763013. Aborting. There is either an error in your model specification or the true solution is unstable (or the true solution can not be represented in the precision of Float64).
└ @ SciMLBase ~/.julia/packages/SciMLBase/VW1cI/src/integrator_interface.jl:623
┌ Warning: At t=-1.0, dt was forced below floating point epsilon 2.220446049250313e-16, and step error estimate = 146.7230546617374. Aborting. There is either an error in your model specification or the true solution is unstable (or the true solution can not be represented in the precision of Float64).
└ @ SciMLBase ~/.julia/packages/SciMLBase/VW1cI/src/integrator_interface.jl:623
┌ Warning: At t=-0.6756385822074589, dt was forced below floating point epsilon 1.1102230246251565e-16, and step error estimate = 5.204527218381871. Aborting. There is either an error in your model specification or the true solution is unstable (or the true solution can not be represented in the precision of Float64).
└ @ SciMLBase ~/.julia/packages/SciMLBase/VW1cI/src/integrator_interface.jl:623
┌ Warning: At t=-0.6520733594167174, dt was forced below floating point epsilon 1.1102230246251565e-16, and step error estimate = NaN. Aborting. There is either an error in your model specification or the true solution is unstable (or the true solution can not be represented in the precision of Float64).
└ @ SciMLBase ~/.julia/packages/SciMLBase/VW1cI/src/integrator_interface.jl:623
┌ Warning: At t=-0.8891481370957257, dt was forced below floating point epsilon 1.1102230246251565e-16, and step error estimate = 1.2863636804092353. Aborting. There is either an error in your model specification or the true solution is unstable (or the true solution can not be represented in the precision of Float64).
└ @ SciMLBase ~/.julia/packages/SciMLBase/VW1cI/src/integrator_interface.jl:623
┌ Warning: At t=-1.0, dt was forced below floating point epsilon 2.220446049250313e-16, and step error estimate = 12.951355701594432. Aborting. There is either an error in your model specification or the true solution is unstable (or the true solution can not be represented in the precision of Float64).
└ @ SciMLBase ~/.julia/packages/SciMLBase/VW1cI/src/integrator_interface.jl:623
┌ Warning: At t=-0.49662710789877956, dt was forced below floating point epsilon 5.551115123125783e-17, and step error estimate = 1.7474979963140733. Aborting. There is either an error in your model specification or the true solution is unstable (or the true solution can not be represented in the precision of Float64).
└ @ SciMLBase ~/.julia/packages/SciMLBase/VW1cI/src/integrator_interface.jl:623
┌ Warning: At t=-0.790404778072067, dt was forced below floating point epsilon 1.1102230246251565e-16, and step error estimate = 1.3156392511060164. Aborting. There is either an error in your model specification or the true solution is unstable (or the true solution can not be represented in the precision of Float64).
└ @ SciMLBase ~/.julia/packages/SciMLBase/VW1cI/src/integrator_interface.jl:623
┌ Warning: At t=-1.0, dt was forced below floating point epsilon 2.220446049250313e-16, and step error estimate = NaN. Aborting. There is either an error in your model specification or the true solution is unstable (or the true solution can not be represented in the precision of Float64).
└ @ SciMLBase ~/.julia/packages/SciMLBase/VW1cI/src/integrator_interface.jl:623
┌ Warning: At t=-0.6841616151477067, dt was forced below floating point epsilon 1.1102230246251565e-16, and step error estimate = 14.983739613652507. Aborting. There is either an error in your model specification or the true solution is unstable (or the true solution can not be represented in the precision of Float64).
└ @ SciMLBase ~/.julia/packages/SciMLBase/VW1cI/src/integrator_interface.jl:623
┌ Warning: At t=-0.9661490245913716, dt was forced below floating point epsilon 1.1102230246251565e-16, and step error estimate = 4.561525530345026. Aborting. There is either an error in your model specification or the true solution is unstable (or the true solution can not be represented in the precision of Float64).
└ @ SciMLBase ~/.julia/packages/SciMLBase/VW1cI/src/integrator_interface.jl:623
┌ Warning: At t=-0.8847936398759615, dt was forced below floating point epsilon 1.1102230246251565e-16, and step error estimate = 1.0461884519868339. Aborting. There is either an error in your model specification or the true solution is unstable (or the true solution can not be represented in the precision of Float64).
└ @ SciMLBase ~/.julia/packages/SciMLBase/VW1cI/src/integrator_interface.jl:623
┌ Warning: At t=0.5126443791676217, dt was forced below floating point epsilon 1.1102230246251565e-16, and step error estimate = 11.959139858661585. Aborting. There is either an error in your model specification or the true solution is unstable (or the true solution can not be represented in the precision of Float64).
└ @ SciMLBase ~/.julia/packages/SciMLBase/VW1cI/src/integrator_interface.jl:623
┌ Warning: At t=-0.8188034706420362, dt was forced below floating point epsilon 1.1102230246251565e-16, and step error estimate = NaN. Aborting. There is either an error in your model specification or the true solution is unstable (or the true solution can not be represented in the precision of Float64).
└ @ SciMLBase ~/.julia/packages/SciMLBase/VW1cI/src/integrator_interface.jl:623
┌ Warning: At t=0.11646653090794284, dt was forced below floating point epsilon 1.3877787807814457e-17, and step error estimate = 1.0021426991861169. Aborting. There is either an error in your model specification or the true solution is unstable (or the true solution can not be represented in the precision of Float64).
└ @ SciMLBase ~/.julia/packages/SciMLBase/VW1cI/src/integrator_interface.jl:623
┌ Warning: At t=-0.49662710789877956, dt was forced below floating point epsilon 5.551115123125783e-17, and step error estimate = 1.7474979963140733. Aborting. There is either an error in your model specification or the true solution is unstable (or the true solution can not be represented in the precision of Float64).
└ @ SciMLBase ~/.julia/packages/SciMLBase/VW1cI/src/integrator_interface.jl:623
┌ Warning: At t=-0.5294313387370626, dt was forced below floating point epsilon 1.1102230246251565e-16, and step error estimate = 1.0233535376715233. Aborting. There is either an error in your model specification or the true solution is unstable (or the true solution can not be represented in the precision of Float64).
└ @ SciMLBase ~/.julia/packages/SciMLBase/VW1cI/src/integrator_interface.jl:623
┌ Warning: At t=0.5126443791676217, dt was forced below floating point epsilon 1.1102230246251565e-16, and step error estimate = 11.959139858661585. Aborting. There is either an error in your model specification or the true solution is unstable (or the true solution can not be represented in the precision of Float64).
└ @ SciMLBase ~/.julia/packages/SciMLBase/VW1cI/src/integrator_interface.jl:623
┌ Warning: Interrupted. Larger maxiters is needed. If you are using an integrator for non-stiff ODEs or an automatic switching algorithm (the default), you may want to consider using a method for stiff equations. See the solver pages for more details (e.g. https://docs.sciml.ai/DiffEqDocs/stable/solvers/ode_solve/#Stiff-Problems).
└ @ SciMLBase ~/.julia/packages/SciMLBase/VW1cI/src/integrator_interface.jl:589
┌ Warning: At t=-0.4131381668972314, dt was forced below floating point epsilon 5.551115123125783e-17, and step error estimate = 1.1900468072237782. Aborting. There is either an error in your model specification or the true solution is unstable (or the true solution can not be represented in the precision of Float64).
└ @ SciMLBase ~/.julia/packages/SciMLBase/VW1cI/src/integrator_interface.jl:623
┌ Warning: At t=-0.3955535687083103, dt was forced below floating point epsilon 5.551115123125783e-17, and step error estimate = 1.0581227553405887. Aborting. There is either an error in your model specification or the true solution is unstable (or the true solution can not be represented in the precision of Float64).
└ @ SciMLBase ~/.julia/packages/SciMLBase/VW1cI/src/integrator_interface.jl:623
┌ Warning: At t=-0.10916297550370185, dt was forced below floating point epsilon 1.3877787807814457e-17, and step error estimate = 1.0827905135367137. Aborting. There is either an error in your model specification or the true solution is unstable (or the true solution can not be represented in the precision of Float64).
└ @ SciMLBase ~/.julia/packages/SciMLBase/VW1cI/src/integrator_interface.jl:623
┌ Warning: At t=0.0061056556950372575, dt was forced below floating point epsilon 8.673617379884035e-19, and step error estimate = 1.01954637254685. Aborting. There is either an error in your model specification or the true solution is unstable (or the true solution can not be represented in the precision of Float64).
└ @ SciMLBase ~/.julia/packages/SciMLBase/VW1cI/src/integrator_interface.jl:623
┌ Warning: At t=-1.0, dt was forced below floating point epsilon 2.220446049250313e-16, and step error estimate = NaN. Aborting. There is either an error in your model specification or the true solution is unstable (or the true solution can not be represented in the precision of Float64).
└ @ SciMLBase ~/.julia/packages/SciMLBase/VW1cI/src/integrator_interface.jl:623
┌ Warning: At t=-0.09478445215547905, dt was forced below floating point epsilon 1.3877787807814457e-17, and step error estimate = 1.3628995112123503. Aborting. There is either an error in your model specification or the true solution is unstable (or the true solution can not be represented in the precision of Float64).
└ @ SciMLBase ~/.julia/packages/SciMLBase/VW1cI/src/integrator_interface.jl:623
┌ Warning: At t=-0.923168908395325, dt was forced below floating point epsilon 1.1102230246251565e-16, and step error estimate = 1.0915933829579365. Aborting. There is either an error in your model specification or the true solution is unstable (or the true solution can not be represented in the precision of Float64).
└ @ SciMLBase ~/.julia/packages/SciMLBase/VW1cI/src/integrator_interface.jl:623
┌ Warning: At t=-1.0, dt was forced below floating point epsilon 2.220446049250313e-16, and step error estimate = 2.610184642562869e6. Aborting. There is either an error in your model specification or the true solution is unstable (or the true solution can not be represented in the precision of Float64).
└ @ SciMLBase ~/.julia/packages/SciMLBase/VW1cI/src/integrator_interface.jl:623
┌ Warning: At t=-0.9764687494623582, dt was forced below floating point epsilon 1.1102230246251565e-16, and step error estimate = 1.3837174226313071. Aborting. There is either an error in your model specification or the true solution is unstable (or the true solution can not be represented in the precision of Float64).
└ @ SciMLBase ~/.julia/packages/SciMLBase/VW1cI/src/integrator_interface.jl:623
┌ Warning: At t=-1.0, dt was forced below floating point epsilon 2.220446049250313e-16, and step error estimate = NaN. Aborting. There is either an error in your model specification or the true solution is unstable (or the true solution can not be represented in the precision of Float64).
└ @ SciMLBase ~/.julia/packages/SciMLBase/VW1cI/src/integrator_interface.jl:623
┌ Warning: At t=-1.0, dt was forced below floating point epsilon 2.220446049250313e-16, and step error estimate = NaN. Aborting. There is either an error in your model specification or the true solution is unstable (or the true solution can not be represented in the precision of Float64).
└ @ SciMLBase ~/.julia/packages/SciMLBase/VW1cI/src/integrator_interface.jl:623
┌ Warning: At t=-1.0, dt was forced below floating point epsilon 2.220446049250313e-16, and step error estimate = 2.370316070404557e6. Aborting. There is either an error in your model specification or the true solution is unstable (or the true solution can not be represented in the precision of Float64).
└ @ SciMLBase ~/.julia/packages/SciMLBase/VW1cI/src/integrator_interface.jl:623
┌ Warning: Interrupted. Larger maxiters is needed. If you are using an integrator for non-stiff ODEs or an automatic switching algorithm (the default), you may want to consider using a method for stiff equations. See the solver pages for more details (e.g. https://docs.sciml.ai/DiffEqDocs/stable/solvers/ode_solve/#Stiff-Problems).
└ @ SciMLBase ~/.julia/packages/SciMLBase/VW1cI/src/integrator_interface.jl:589
┌ Warning: At t=-0.8239053876494332, dt was forced below floating point epsilon 1.1102230246251565e-16, and step error estimate = 1384.0398653269292. Aborting. There is either an error in your model specification or the true solution is unstable (or the true solution can not be represented in the precision of Float64).
└ @ SciMLBase ~/.julia/packages/SciMLBase/VW1cI/src/integrator_interface.jl:623
┌ Warning: At t=-1.0, dt was forced below floating point epsilon 2.220446049250313e-16, and step error estimate = NaN. Aborting. There is either an error in your model specification or the true solution is unstable (or the true solution can not be represented in the precision of Float64).
└ @ SciMLBase ~/.julia/packages/SciMLBase/VW1cI/src/integrator_interface.jl:623
┌ Warning: At t=-0.9999999934417669, dt was forced below floating point epsilon 1.1102230246251565e-16, and step error estimate = 1.128930061825172. Aborting. There is either an error in your model specification or the true solution is unstable (or the true solution can not be represented in the precision of Float64).
└ @ SciMLBase ~/.julia/packages/SciMLBase/VW1cI/src/integrator_interface.jl:623
┌ Warning: At t=-0.981689593685358, dt was forced below floating point epsilon 1.1102230246251565e-16, and step error estimate = 1.1063033988102349. Aborting. There is either an error in your model specification or the true solution is unstable (or the true solution can not be represented in the precision of Float64).
└ @ SciMLBase ~/.julia/packages/SciMLBase/VW1cI/src/integrator_interface.jl:623
┌ Warning: At t=-0.7019524325272849, dt was forced below floating point epsilon 1.1102230246251565e-16, and step error estimate = 1.421511799912877. Aborting. There is either an error in your model specification or the true solution is unstable (or the true solution can not be represented in the precision of Float64).
└ @ SciMLBase ~/.julia/packages/SciMLBase/VW1cI/src/integrator_interface.jl:623
┌ Warning: At t=-1.0, dt was forced below floating point epsilon 2.220446049250313e-16, and step error estimate = 458.90709327642656. Aborting. There is either an error in your model specification or the true solution is unstable (or the true solution can not be represented in the precision of Float64).
└ @ SciMLBase ~/.julia/packages/SciMLBase/VW1cI/src/integrator_interface.jl:623
┌ Warning: At t=-0.7554734737106393, dt was forced below floating point epsilon 1.1102230246251565e-16, and step error estimate = 1.3031085986865492. Aborting. There is either an error in your model specification or the true solution is unstable (or the true solution can not be represented in the precision of Float64).
└ @ SciMLBase ~/.julia/packages/SciMLBase/VW1cI/src/integrator_interface.jl:623
┌ Warning: Interrupted. Larger maxiters is needed. If you are using an integrator for non-stiff ODEs or an automatic switching algorithm (the default), you may want to consider using a method for stiff equations. See the solver pages for more details (e.g. https://docs.sciml.ai/DiffEqDocs/stable/solvers/ode_solve/#Stiff-Problems).
└ @ SciMLBase ~/.julia/packages/SciMLBase/VW1cI/src/integrator_interface.jl:589
┌ Warning: At t=0.38399991735873484, dt was forced below floating point epsilon 5.551115123125783e-17, and step error estimate = NaN. Aborting. There is either an error in your model specification or the true solution is unstable (or the true solution can not be represented in the precision of Float64).
└ @ SciMLBase ~/.julia/packages/SciMLBase/VW1cI/src/integrator_interface.jl:623
┌ Warning: At t=-1.0, dt was forced below floating point epsilon 2.220446049250313e-16, and step error estimate = 2.5549134489891785e6. Aborting. There is either an error in your model specification or the true solution is unstable (or the true solution can not be represented in the precision of Float64).
└ @ SciMLBase ~/.julia/packages/SciMLBase/VW1cI/src/integrator_interface.jl:623
┌ Warning: At t=-0.9766283828356476, dt was forced below floating point epsilon 1.1102230246251565e-16, and step error estimate = 1.1286233959323657. Aborting. There is either an error in your model specification or the true solution is unstable (or the true solution can not be represented in the precision of Float64).
└ @ SciMLBase ~/.julia/packages/SciMLBase/VW1cI/src/integrator_interface.jl:623
┌ Warning: At t=-1.0, dt was forced below floating point epsilon 2.220446049250313e-16, and step error estimate = NaN. Aborting. There is either an error in your model specification or the true solution is unstable (or the true solution can not be represented in the precision of Float64).
└ @ SciMLBase ~/.julia/packages/SciMLBase/VW1cI/src/integrator_interface.jl:623
┌ Warning: At t=-1.0, dt was forced below floating point epsilon 2.220446049250313e-16, and step error estimate = 5.868083796031971. Aborting. There is either an error in your model specification or the true solution is unstable (or the true solution can not be represented in the precision of Float64).
└ @ SciMLBase ~/.julia/packages/SciMLBase/VW1cI/src/integrator_interface.jl:623
┌ Warning: Interrupted. Larger maxiters is needed. If you are using an integrator for non-stiff ODEs or an automatic switching algorithm (the default), you may want to consider using a method for stiff equations. See the solver pages for more details (e.g. https://docs.sciml.ai/DiffEqDocs/stable/solvers/ode_solve/#Stiff-Problems).
└ @ SciMLBase ~/.julia/packages/SciMLBase/VW1cI/src/integrator_interface.jl:589
┌ Warning: At t=-0.8350642325375047, dt was forced below floating point epsilon 1.1102230246251565e-16, and step error estimate = 13.304096022652953. Aborting. There is either an error in your model specification or the true solution is unstable (or the true solution can not be represented in the precision of Float64).
└ @ SciMLBase ~/.julia/packages/SciMLBase/VW1cI/src/integrator_interface.jl:623
┌ Warning: At t=-0.876556140658797, dt was forced below floating point epsilon 1.1102230246251565e-16, and step error estimate = 768.7806395575299. Aborting. There is either an error in your model specification or the true solution is unstable (or the true solution can not be represented in the precision of Float64).
└ @ SciMLBase ~/.julia/packages/SciMLBase/VW1cI/src/integrator_interface.jl:623
┌ Warning: At t=-1.0, dt was forced below floating point epsilon 2.220446049250313e-16, and step error estimate = 2.559506257833859e6. Aborting. There is either an error in your model specification or the true solution is unstable (or the true solution can not be represented in the precision of Float64).
└ @ SciMLBase ~/.julia/packages/SciMLBase/VW1cI/src/integrator_interface.jl:623
┌ Warning: At t=-1.0, dt was forced below floating point epsilon 2.220446049250313e-16, and step error estimate = 7.338112396623566. Aborting. There is either an error in your model specification or the true solution is unstable (or the true solution can not be represented in the precision of Float64).
└ @ SciMLBase ~/.julia/packages/SciMLBase/VW1cI/src/integrator_interface.jl:623
┌ Warning: At t=-0.9144231871031945, dt was forced below floating point epsilon 1.1102230246251565e-16, and step error estimate = 1.302929554626252. Aborting. There is either an error in your model specification or the true solution is unstable (or the true solution can not be represented in the precision of Float64).
└ @ SciMLBase ~/.julia/packages/SciMLBase/VW1cI/src/integrator_interface.jl:623
┌ Warning: At t=0.11646653090794284, dt was forced below floating point epsilon 1.3877787807814457e-17, and step error estimate = 1.0021426991861169. Aborting. There is either an error in your model specification or the true solution is unstable (or the true solution can not be represented in the precision of Float64).
└ @ SciMLBase ~/.julia/packages/SciMLBase/VW1cI/src/integrator_interface.jl:623
┌ Warning: At t=-1.0, dt was forced below floating point epsilon 2.220446049250313e-16, and step error estimate = 7.338112396623566. Aborting. There is either an error in your model specification or the true solution is unstable (or the true solution can not be represented in the precision of Float64).
└ @ SciMLBase ~/.julia/packages/SciMLBase/VW1cI/src/integrator_interface.jl:623
┌ Warning: At t=-1.0, dt was forced below floating point epsilon 2.220446049250313e-16, and step error estimate = 2007.5664394849903. Aborting. There is either an error in your model specification or the true solution is unstable (or the true solution can not be represented in the precision of Float64).
└ @ SciMLBase ~/.julia/packages/SciMLBase/VW1cI/src/integrator_interface.jl:623
┌ Warning: At t=-0.9999999933474004, dt was forced below floating point epsilon 1.1102230246251565e-16, and step error estimate = 1.1278582146461584. Aborting. There is either an error in your model specification or the true solution is unstable (or the true solution can not be represented in the precision of Float64).
└ @ SciMLBase ~/.julia/packages/SciMLBase/VW1cI/src/integrator_interface.jl:623
┌ Warning: At t=-1.0, dt was forced below floating point epsilon 2.220446049250313e-16, and step error estimate = 2.469469938716849e6. Aborting. There is either an error in your model specification or the true solution is unstable (or the true solution can not be represented in the precision of Float64).
└ @ SciMLBase ~/.julia/packages/SciMLBase/VW1cI/src/integrator_interface.jl:623
┌ Warning: At t=-0.9864586647827784, dt was forced below floating point epsilon 1.1102230246251565e-16, and step error estimate = 4.464707993150675. Aborting. There is either an error in your model specification or the true solution is unstable (or the true solution can not be represented in the precision of Float64).
└ @ SciMLBase ~/.julia/packages/SciMLBase/VW1cI/src/integrator_interface.jl:623
┌ Warning: At t=-1.0, dt was forced below floating point epsilon 2.220446049250313e-16, and step error estimate = 5.028840957157105e8. Aborting. There is either an error in your model specification or the true solution is unstable (or the true solution can not be represented in the precision of Float64).
└ @ SciMLBase ~/.julia/packages/SciMLBase/VW1cI/src/integrator_interface.jl:623
┌ Warning: At t=0.6493667761946519, dt was forced below floating point epsilon 1.1102230246251565e-16, and step error estimate = 163.90085402353324. Aborting. There is either an error in your model specification or the true solution is unstable (or the true solution can not be represented in the precision of Float64).
└ @ SciMLBase ~/.julia/packages/SciMLBase/VW1cI/src/integrator_interface.jl:623
┌ Warning: At t=-0.8070504777440323, dt was forced below floating point epsilon 1.1102230246251565e-16, and step error estimate = 1.0632257184181295. Aborting. There is either an error in your model specification or the true solution is unstable (or the true solution can not be represented in the precision of Float64).
└ @ SciMLBase ~/.julia/packages/SciMLBase/VW1cI/src/integrator_interface.jl:623
┌ Warning: At t=-0.9729160463063004, dt was forced below floating point epsilon 1.1102230246251565e-16, and step error estimate = 1.271314512613628. Aborting. There is either an error in your model specification or the true solution is unstable (or the true solution can not be represented in the precision of Float64).
└ @ SciMLBase ~/.julia/packages/SciMLBase/VW1cI/src/integrator_interface.jl:623
┌ Warning: At t=-0.9621662187934169, dt was forced below floating point epsilon 1.1102230246251565e-16, and step error estimate = 691.2390220519567. Aborting. There is either an error in your model specification or the true solution is unstable (or the true solution can not be represented in the precision of Float64).
└ @ SciMLBase ~/.julia/packages/SciMLBase/VW1cI/src/integrator_interface.jl:623
┌ Warning: At t=-0.5897383747649745, dt was forced below floating point epsilon 1.1102230246251565e-16, and step error estimate = 1.2171533232343972. Aborting. There is either an error in your model specification or the true solution is unstable (or the true solution can not be represented in the precision of Float64).
└ @ SciMLBase ~/.julia/packages/SciMLBase/VW1cI/src/integrator_interface.jl:623
┌ Warning: At t=-1.0, dt was forced below floating point epsilon 2.220446049250313e-16, and step error estimate = NaN. Aborting. There is either an error in your model specification or the true solution is unstable (or the true solution can not be represented in the precision of Float64).
└ @ SciMLBase ~/.julia/packages/SciMLBase/VW1cI/src/integrator_interface.jl:623
┌ Warning: At t=-0.7717801073167495, dt was forced below floating point epsilon 1.1102230246251565e-16, and step error estimate = 1.657281078286674. Aborting. There is either an error in your model specification or the true solution is unstable (or the true solution can not be represented in the precision of Float64).
└ @ SciMLBase ~/.julia/packages/SciMLBase/VW1cI/src/integrator_interface.jl:623
┌ Warning: At t=0.09152309691149339, dt was forced below floating point epsilon 1.3877787807814457e-17, and step error estimate = 1.1240731805258917. Aborting. There is either an error in your model specification or the true solution is unstable (or the true solution can not be represented in the precision of Float64).
└ @ SciMLBase ~/.julia/packages/SciMLBase/VW1cI/src/integrator_interface.jl:623
┌ Warning: At t=-0.9779356738720829, dt was forced below floating point epsilon 1.1102230246251565e-16, and step error estimate = 1.0994087356163436. Aborting. There is either an error in your model specification or the true solution is unstable (or the true solution can not be represented in the precision of Float64).
└ @ SciMLBase ~/.julia/packages/SciMLBase/VW1cI/src/integrator_interface.jl:623
┌ Warning: At t=-1.0, dt was forced below floating point epsilon 2.220446049250313e-16, and step error estimate = 2.8149477724345154e6. Aborting. There is either an error in your model specification or the true solution is unstable (or the true solution can not be represented in the precision of Float64).
└ @ SciMLBase ~/.julia/packages/SciMLBase/VW1cI/src/integrator_interface.jl:623
┌ Warning: At t=-0.8981569207840108, dt was forced below floating point epsilon 1.1102230246251565e-16, and step error estimate = 1.4075300525164391. Aborting. There is either an error in your model specification or the true solution is unstable (or the true solution can not be represented in the precision of Float64).
└ @ SciMLBase ~/.julia/packages/SciMLBase/VW1cI/src/integrator_interface.jl:623
┌ Warning: At t=-1.0, dt was forced below floating point epsilon 2.220446049250313e-16, and step error estimate = NaN. Aborting. There is either an error in your model specification or the true solution is unstable (or the true solution can not be represented in the precision of Float64).
└ @ SciMLBase ~/.julia/packages/SciMLBase/VW1cI/src/integrator_interface.jl:623
┌ Warning: At t=-0.7468295875066756, dt was forced below floating point epsilon 1.1102230246251565e-16, and step error estimate = 1.064996256286379. Aborting. There is either an error in your model specification or the true solution is unstable (or the true solution can not be represented in the precision of Float64).
└ @ SciMLBase ~/.julia/packages/SciMLBase/VW1cI/src/integrator_interface.jl:623
┌ Warning: At t=-0.9877773541814217, dt was forced below floating point epsilon 1.1102230246251565e-16, and step error estimate = 4.255752960338052. Aborting. There is either an error in your model specification or the true solution is unstable (or the true solution can not be represented in the precision of Float64).
└ @ SciMLBase ~/.julia/packages/SciMLBase/VW1cI/src/integrator_interface.jl:623
┌ Warning: At t=-0.5185593759412445, dt was forced below floating point epsilon 1.1102230246251565e-16, and step error estimate = 2.114484934402297. Aborting. There is either an error in your model specification or the true solution is unstable (or the true solution can not be represented in the precision of Float64).
└ @ SciMLBase ~/.julia/packages/SciMLBase/VW1cI/src/integrator_interface.jl:623
┌ Warning: At t=-1.0, dt was forced below floating point epsilon 2.220446049250313e-16, and step error estimate = 169.82834660076628. Aborting. There is either an error in your model specification or the true solution is unstable (or the true solution can not be represented in the precision of Float64).
└ @ SciMLBase ~/.julia/packages/SciMLBase/VW1cI/src/integrator_interface.jl:623
┌ Warning: At t=-1.0, dt was forced below floating point epsilon 2.220446049250313e-16, and step error estimate = NaN. Aborting. There is either an error in your model specification or the true solution is unstable (or the true solution can not be represented in the precision of Float64).
└ @ SciMLBase ~/.julia/packages/SciMLBase/VW1cI/src/integrator_interface.jl:623
┌ Warning: Interrupted. Larger maxiters is needed. If you are using an integrator for non-stiff ODEs or an automatic switching algorithm (the default), you may want to consider using a method for stiff equations. See the solver pages for more details (e.g. https://docs.sciml.ai/DiffEqDocs/stable/solvers/ode_solve/#Stiff-Problems).
└ @ SciMLBase ~/.julia/packages/SciMLBase/VW1cI/src/integrator_interface.jl:589
┌ Warning: At t=-1.0, dt was forced below floating point epsilon 2.220446049250313e-16, and step error estimate = 2.610184642562869e6. Aborting. There is either an error in your model specification or the true solution is unstable (or the true solution can not be represented in the precision of Float64).
└ @ SciMLBase ~/.julia/packages/SciMLBase/VW1cI/src/integrator_interface.jl:623
┌ Warning: At t=-1.0, dt was forced below floating point epsilon 2.220446049250313e-16, and step error estimate = NaN. Aborting. There is either an error in your model specification or the true solution is unstable (or the true solution can not be represented in the precision of Float64).
└ @ SciMLBase ~/.julia/packages/SciMLBase/VW1cI/src/integrator_interface.jl:623
┌ Warning: At t=-1.0, dt was forced below floating point epsilon 2.220446049250313e-16, and step error estimate = 2.286125341739253e6. Aborting. There is either an error in your model specification or the true solution is unstable (or the true solution can not be represented in the precision of Float64).
└ @ SciMLBase ~/.julia/packages/SciMLBase/VW1cI/src/integrator_interface.jl:623
┌ Warning: At t=-0.024129782136090527, dt was forced below floating point epsilon 3.469446951953614e-18, and step error estimate = 1.3303457251911668. Aborting. There is either an error in your model specification or the true solution is unstable (or the true solution can not be represented in the precision of Float64).
└ @ SciMLBase ~/.julia/packages/SciMLBase/VW1cI/src/integrator_interface.jl:623
┌ Warning: At t=-1.0, dt was forced below floating point epsilon 2.220446049250313e-16, and step error estimate = 5.028840957157105e8. Aborting. There is either an error in your model specification or the true solution is unstable (or the true solution can not be represented in the precision of Float64).
└ @ SciMLBase ~/.julia/packages/SciMLBase/VW1cI/src/integrator_interface.jl:623
┌ Warning: At t=-1.0, dt was forced below floating point epsilon 2.220446049250313e-16, and step error estimate = 4.6349752791134304e8. Aborting. There is either an error in your model specification or the true solution is unstable (or the true solution can not be represented in the precision of Float64).
└ @ SciMLBase ~/.julia/packages/SciMLBase/VW1cI/src/integrator_interface.jl:623
┌ Warning: At t=-1.0, dt was forced below floating point epsilon 2.220446049250313e-16, and step error estimate = 5.868083796031971. Aborting. There is either an error in your model specification or the true solution is unstable (or the true solution can not be represented in the precision of Float64).
└ @ SciMLBase ~/.julia/packages/SciMLBase/VW1cI/src/integrator_interface.jl:623
┌ Warning: At t=-1.0, dt was forced below floating point epsilon 2.220446049250313e-16, and step error estimate = NaN. Aborting. There is either an error in your model specification or the true solution is unstable (or the true solution can not be represented in the precision of Float64).
└ @ SciMLBase ~/.julia/packages/SciMLBase/VW1cI/src/integrator_interface.jl:623
┌ Warning: At t=-0.999999999999132, dt was forced below floating point epsilon 1.1102230246251565e-16, and step error estimate = NaN. Aborting. There is either an error in your model specification or the true solution is unstable (or the true solution can not be represented in the precision of Float64).
└ @ SciMLBase ~/.julia/packages/SciMLBase/VW1cI/src/integrator_interface.jl:623
┌ Warning: At t=-0.9427206796037257, dt was forced below floating point epsilon 1.1102230246251565e-16, and step error estimate = NaN. Aborting. There is either an error in your model specification or the true solution is unstable (or the true solution can not be represented in the precision of Float64).
└ @ SciMLBase ~/.julia/packages/SciMLBase/VW1cI/src/integrator_interface.jl:623
┌ Warning: At t=-0.08541569936464229, dt was forced below floating point epsilon 1.3877787807814457e-17, and step error estimate = 49.75408566570819. Aborting. There is either an error in your model specification or the true solution is unstable (or the true solution can not be represented in the precision of Float64).
└ @ SciMLBase ~/.julia/packages/SciMLBase/VW1cI/src/integrator_interface.jl:623
┌ Warning: At t=0.6885405238325549, dt was forced below floating point epsilon 1.1102230246251565e-16, and step error estimate = 5.712331359531637. Aborting. There is either an error in your model specification or the true solution is unstable (or the true solution can not be represented in the precision of Float64).
└ @ SciMLBase ~/.julia/packages/SciMLBase/VW1cI/src/integrator_interface.jl:623
┌ Warning: At t=0.649366776186293, dt was forced below floating point epsilon 1.1102230246251565e-16, and step error estimate = 62.57804706800429. Aborting. There is either an error in your model specification or the true solution is unstable (or the true solution can not be represented in the precision of Float64).
└ @ SciMLBase ~/.julia/packages/SciMLBase/VW1cI/src/integrator_interface.jl:623
Optimization did not improve residual (initial: 4.294119886841859e-18, final: 4.294119886841859e-18)
Optimization improved residual by 0.02106256861414145 (from 0.021062568614871345 to 7.298969496666163e-13)
Optimization improved residual by 3.7157121075061974e-5 (from 3.715712195366748e-5 to 8.786055023938037e-13)
Optimization did not improve residual (initial: 5.2161885547897574e-18, final: 5.2161885547897574e-18)
Optimization improved residual by 0.028825239836882604 (from 0.02882523983745171 to 5.691078957647726e-13)
Optimization improved residual by 0.003061496790676783 (from 0.003061496791242416 to 5.656331900563728e-13)
Optimization improved residual by 0.00010352326621475664 (from 0.00010352326628422836 to 6.947171156324814e-14)
Optimization did not improve residual (initial: 3.309681069426115e-19, final: 3.309681069426115e-19)
Optimization improved residual by 1.17351254233819 (from 1.1735125423390036 to 8.13591943779976e-13)
Optimization did not improve residual (initial: 2.91895650579949e-19, final: 2.91895650579949e-19)
Optimization improved residual by 0.001361833463774004 (from 0.0013618334643279977 to 5.539937887713096e-13)
Optimization improved residual by 9.880928047827931e-5 (from 9.880928065811408e-5 to 1.7983477209757008e-13)
Optimization improved residual by 0.00012294906200980324 (from 0.00012294906243889164 to 4.2908840537608104e-13)
Optimization improved residual by 0.02866059570654768 (from 0.028660595707157236 to 6.095588333133331e-13)
Optimization improved residual by 0.0001808061545145401 (from 0.00018080615460968385 to 9.514375923123096e-14)
Optimization improved residual by 9.47178981684194e-8 (from 9.47184924441396e-8 to 5.942757201971949e-13)
Optimization improved residual by 1.7561232864143804e-5 (from 1.7561233735895104e-5 to 8.717512995129125e-13)
Optimization improved residual by 0.04423999081372847 (from 0.04423999081435279 to 6.243232495493299e-13)
Optimization improved residual by 9.658303738409038e-5 (from 9.658303795403478e-5 to 5.699443966064331e-13)
Optimization improved residual by 0.0008762447595374429 (from 0.0008762447599085935 to 3.711506458383381e-13)
Optimization improved residual by 0.0029993898806616945 (from 0.002999389880826925 to 1.6523079899022316e-13)
Optimization improved residual by 0.835074121719723 (from 0.8350741217200675 to 3.4449216227213756e-13)
Optimization did not improve residual (initial: 1.609162126046347e-16, final: 1.609162126046347e-16)
Optimization improved residual by 0.0001858067668657812 (from 0.00018580676687609933 to 1.0318131223806092e-14)
Optimization improved residual by 0.0013618334642942992 (from 0.0013618334643279975 to 3.3698233226091834e-14)
Optimization improved residual by 0.018274106152317574 (from 0.018274106152920928 to 6.0335455775074e-13)
Optimization improved residual by 2.919282887983942e-5 (from 2.9192829220834163e-5 to 3.4099474350791584e-13)
Optimization improved residual by 0.0007011983653520972 (from 0.0007011983654036922 to 5.159499315262438e-14)
Optimization improved residual by 9.538117407145454e-5 (from 9.538117412457488e-5 to 5.312033991168844e-14)
Optimization did not improve residual (initial: 7.227846839355084e-19, final: 7.227846839355084e-19)
Optimization improved residual by 0.03957431544915696 (from 0.03957431544995399 to 7.970306680288903e-13)
Optimization improved residual by 0.011575768659700784 (from 0.011575768660005342 to 3.0455815085607903e-13)
Optimization did not improve residual (initial: 1.99822785000309e-18, final: 1.99822785000309e-18)
Optimization did not improve residual (initial: 3.693967559124255e-19, final: 3.693967559124255e-19)
Optimization improved residual by 0.002333068337320728 (from 0.0023330683373542042 to 3.3476106396545705e-14)
Optimization improved residual by 1.0023944754156987e-6 (from 1.0023954299973666e-6 to 9.545816678705415e-13)
Optimization improved residual by 0.000791625070058968 (from 0.0007916250700595628 to 5.948369563467445e-16)
Optimization did not improve residual (initial: 7.507558527285019e-15, final: 7.507558527285019e-15)
Optimization did not improve residual (initial: 2.6943692513509082e-18, final: 2.6943692513509082e-18)
Optimization improved residual by 0.017908578607028783 (from 0.017908578607707084 to 6.782996642291716e-13)
Optimization improved residual by 0.0169431997445657 (from 0.01694319974457613 to 1.0428792202502108e-14)
Optimization improved residual by 0.011900698840638291 (from 0.011900698840681973 to 4.3681780329461905e-14)
Optimization improved residual by 4.2613030920805655e-6 (from 4.261303727184784e-6 to 6.351042190351138e-13)
Optimization improved residual by 0.07108344645416843 (from 0.07108344645451567 to 3.4723913350141987e-13)
Optimization improved residual by 0.0169431997445657 (from 0.01694319974457613 to 1.0428792202502108e-14)
Optimization did not improve residual (initial: 7.43591608288775e-19, final: 7.43591608288775e-19)
Optimization improved residual by 8.011658558356923e-5 (from 8.011658639210449e-5 to 8.085352524485383e-13)
Optimization improved residual by 0.0008762447595324005 (from 0.0008762447599085935 to 3.761930463819296e-13)
Optimization did not improve residual (initial: 3.004345391121253e-17, final: 3.004345391121253e-17)
Optimization improved residual by 18.145899989779462 (from 18.145899989779622 to 1.5882097360582598e-13)
Optimization improved residual by 0.007229072317547498 (from 0.007229072317563731 to 1.6232520327920007e-14)
Optimization improved residual by 2.247311676635386e-6 (from 2.247312240049333e-6 to 5.634139468023978e-13)
Optimization did not improve residual (initial: 6.489753961573331e-19, final: 6.489753961573331e-19)
Optimization improved residual by 9.21362073655833e-14 (from 1.1625107708259448e-13 to 2.411486971701117e-14)
Optimization did not improve residual (initial: 2.595243846352885e-19, final: 2.595243846352885e-19)
Optimization improved residual by 0.0007903205331831465 (from 0.0007903205333102922 to 1.271456833912669e-13)
Optimization did not improve residual (initial: 1.8488047138519144e-18, final: 1.8488047138519144e-18)
Optimization did not improve residual (initial: 5.102213475900391e-19, final: 5.102213475900391e-19)
Optimization improved residual by 5.507148609876643e-5 (from 5.5071486099344914e-5 to 5.784824273251025e-16)
Optimization did not improve residual (initial: 9.204744418537022e-19, final: 9.204744418537022e-19)
Optimization did not improve residual (initial: 2.595243846352885e-19, final: 2.595243846352885e-19)
Optimization improved residual by 0.008701525740843506 (from 0.008701525741390324 to 5.468182279574637e-13)
Optimization did not improve residual (initial: 2.0870694753034424e-19, final: 2.0870694753034424e-19)
Optimization improved residual by 0.002333068337321719 (from 0.002333068337354204 to 3.248500130353766e-14)
Optimization did not improve residual (initial: 7.199455077234175e-15, final: 7.199455077234175e-15)
Optimization improved residual by 0.0008235959984549989 (from 0.0008235959993718509 to 9.168519749785492e-13)
Optimization improved residual by 9.879853096969025e-5 (from 9.879853176803091e-5 to 7.983406593452534e-13)
Optimization improved residual by 0.00010352326621475664 (from 0.00010352326628422836 to 6.947171156324814e-14)
Optimization improved residual by 0.001155145502980788 (from 0.0011551455033826004 to 4.018122678870369e-13)
Optimization improved residual by 0.0020044944701770773 (from 0.002004494470652976 to 4.758989669331094e-13)
Optimization improved residual by 1.17351254233819 (from 1.1735125423390036 to 8.13591943779976e-13)
Optimization improved residual by 5.507148608824496e-5 (from 5.507148609934407e-5 to 1.1099104250568407e-14)
Optimization improved residual by 0.0007769668668508183 (from 0.0007769668670415602 to 1.9074193788653108e-13)
Optimization improved residual by 0.002719511317970858 (from 0.0027195113179713784 to 5.203512267051672e-16)
Optimization did not improve residual (initial: 1.1855534205320842e-18, final: 1.1855534205320842e-18)
Optimization did not improve residual (initial: 9.543987641875466e-18, final: 9.543987641875466e-18)
Optimization improved residual by 0.007229072317547498 (from 0.007229072317563731 to 1.6232520327920007e-14)
Optimization did not improve residual (initial: 7.507558527285019e-15, final: 7.507558527285019e-15)
Optimization did not improve residual (initial: 2.7309877817612485e-18, final: 2.7309877817612485e-18)
Optimization improved residual by 0.0030614967909779528 (from 0.0030614967912424166 to 2.6446380239206253e-13)
Optimization improved residual by 0.0008595008349606051 (from 0.000859500834969713 to 9.107836491925573e-15)
Optimization improved residual by 0.0003985682006999769 (from 0.00039856820070660273 to 6.625811900240468e-15)
Optimization did not improve residual (initial: 1.1616549659785141e-18, final: 1.1616549659785141e-18)
Optimization improved residual by 0.007229072317562979 (from 0.007229072317563732 to 7.529040335245409e-16)
Optimization did not improve residual (initial: 6.489753961573331e-19, final: 6.489753961573331e-19)














































































































































































