,index,id,true_states,true_parameters,time_start,time_end,time_count,name,non_identifiable,noise,finished,has_result,software,result,time
0,0,biohydrogenation_0_0,"{'x4': 0.45, 'x5': 0.813, 'x6': 0.871, 'x7': 0.407}","{'k5': 0.539, 'k6': 0.672, 'k7': 0.582, 'k8': 0.536, 'k9': 0.439, 'k10': 0.617}",-1.0,1.0,1001,biohydrogenation,['x7'],0.0,False,False,pe,,
1,0,biohydrogenation_0_0,"{'x4': 0.45, 'x5': 0.813, 'x6': 0.871, 'x7': 0.407}","{'k5': 0.539, 'k6': 0.672, 'k7': 0.582, 'k8': 0.536, 'k9': 0.439, 'k10': 0.617}",-1.0,1.0,1001,biohydrogenation,['x7'],0.0,False,False,odepe,,
2,0,biohydrogenation_0_0,"{'x4': 0.45, 'x5': 0.813, 'x6': 0.871, 'x7': 0.407}","{'k5': 0.539, 'k6': 0.672, 'k7': 0.582, 'k8': 0.536, 'k9': 0.439, 'k10': 0.617}",-1.0,1.0,1001,biohydrogenation,['x7'],0.0,True,True,sciml,"[['k5', '33.98576769746931'], ['k6', '74.6467113045662'], ['k7', '87.28567165597399'], ['k8', '69.45617342742221'], ['k9', '83.76221744104654'], ['k10', '16.527627365835727'], ['x4', '80.2824692861596'], ['x5', '5.437475541766512'], ['x6', '31.392787567394542'], ['x7', '78.17462479626836']]",127.34800362586975
3,0,biohydrogenation_0_0,"{'x4': 0.45, 'x5': 0.813, 'x6': 0.871, 'x7': 0.407}","{'k5': 0.539, 'k6': 0.672, 'k7': 0.582, 'k8': 0.536, 'k9': 0.439, 'k10': 0.617}",-1.0,1.0,1001,biohydrogenation,['x7'],0.0,False,False,iqm,,
4,0,biohydrogenation_0_0,"{'x4': 0.45, 'x5': 0.813, 'x6': 0.871, 'x7': 0.407}","{'k5': 0.539, 'k6': 0.672, 'k7': 0.582, 'k8': 0.536, 'k9': 0.439, 'k10': 0.617}",-1.0,1.0,1001,biohydrogenation,['x7'],0.0,True,True,amigo2,"[['k5', '5.3900e-01'], ['k6', '6.7200e-01'], ['k7', '5.8200e-01'], ['k8', '5.3600e-01'], ['k9', '4.3900e-01'], ['k10', '6.1700e-01'], ['x4', '4.5000e-01'], ['x5', '8.1300e-01'], ['x6', '8.7100e-01'], ['x7', '8.4043e+01']]",578.0937225818634
5,1,biohydrogenation_1_0,"{'x4': 0.439, 'x5': 0.767, 'x6': 0.276, 'x7': 0.184}","{'k5': 0.423, 'k6': 0.402, 'k7': 0.222, 'k8': 0.722, 'k9': 0.615, 'k10': 0.443}",-1.0,1.0,1001,biohydrogenation,['x7'],0.0,False,False,pe,,
6,1,biohydrogenation_1_0,"{'x4': 0.439, 'x5': 0.767, 'x6': 0.276, 'x7': 0.184}","{'k5': 0.423, 'k6': 0.402, 'k7': 0.222, 'k8': 0.722, 'k9': 0.615, 'k10': 0.443}",-1.0,1.0,1001,biohydrogenation,['x7'],0.0,False,False,odepe,,
7,1,biohydrogenation_1_0,"{'x4': 0.439, 'x5': 0.767, 'x6': 0.276, 'x7': 0.184}","{'k5': 0.423, 'k6': 0.402, 'k7': 0.222, 'k8': 0.722, 'k9': 0.615, 'k10': 0.443}",-1.0,1.0,1001,biohydrogenation,['x7'],0.0,True,True,sciml,"[['k5', '0.4229300226624824'], ['k6', '0.40190130820244413'], ['k7', '0.10463989649321544'], ['k8', '7.145617255354563e-11'], ['k9', '3.0021647084006564'], ['k10', '50.97098147419248'], ['x4', '0.43899515293883873'], ['x5', '0.7669175227999981'], ['x6', '0.07652623132706499'], ['x7', '51.99604682635752']]",168.85088300704956
8,1,biohydrogenation_1_0,"{'x4': 0.439, 'x5': 0.767, 'x6': 0.276, 'x7': 0.184}","{'k5': 0.423, 'k6': 0.402, 'k7': 0.222, 'k8': 0.722, 'k9': 0.615, 'k10': 0.443}",-1.0,1.0,1001,biohydrogenation,['x7'],0.0,False,False,iqm,,
9,1,biohydrogenation_1_0,"{'x4': 0.439, 'x5': 0.767, 'x6': 0.276, 'x7': 0.184}","{'k5': 0.423, 'k6': 0.402, 'k7': 0.222, 'k8': 0.722, 'k9': 0.615, 'k10': 0.443}",-1.0,1.0,1001,biohydrogenation,['x7'],0.0,True,True,amigo2,"[['k5', '4.2300e-01'], ['k6', '4.0200e-01'], ['k7', '2.2200e-01'], ['k8', '7.2200e-01'], ['k9', '6.1500e-01'], ['k10', '4.4300e-01'], ['x4', '4.3900e-01'], ['x5', '7.6700e-01'], ['x6', '2.7600e-01'], ['x7', '6.4193e+01']]",2003.9765129089355
10,2,biohydrogenation_2_0,"{'x4': 0.215, 'x5': 0.856, 'x6': 0.517, 'x7': 0.432}","{'k5': 0.883, 'k6': 0.739, 'k7': 0.469, 'k8': 0.724, 'k9': 0.195, 'k10': 0.612}",-1.0,1.0,1001,biohydrogenation,['x7'],0.0,False,False,pe,,
11,2,biohydrogenation_2_0,"{'x4': 0.215, 'x5': 0.856, 'x6': 0.517, 'x7': 0.432}","{'k5': 0.883, 'k6': 0.739, 'k7': 0.469, 'k8': 0.724, 'k9': 0.195, 'k10': 0.612}",-1.0,1.0,1001,biohydrogenation,['x7'],0.0,False,False,odepe,,
12,2,biohydrogenation_2_0,"{'x4': 0.215, 'x5': 0.856, 'x6': 0.517, 'x7': 0.432}","{'k5': 0.883, 'k6': 0.739, 'k7': 0.469, 'k8': 0.724, 'k9': 0.195, 'k10': 0.612}",-1.0,1.0,1001,biohydrogenation,['x7'],0.0,True,True,sciml,"[['k5', '43.935226242710705'], ['k6', '32.84349341415037'], ['k7', '39.32161085511183'], ['k8', '38.725208274691205'], ['k9', '2.3189702818645936'], ['k10', '38.582822432340976'], ['x4', '0.40357845188907304'], ['x5', '0.904913188357554'], ['x6', '38.78494813062011'], ['x7', '60.76930904943301']]",167.25274419784546
13,2,biohydrogenation_2_0,"{'x4': 0.215, 'x5': 0.856, 'x6': 0.517, 'x7': 0.432}","{'k5': 0.883, 'k6': 0.739, 'k7': 0.469, 'k8': 0.724, 'k9': 0.195, 'k10': 0.612}",-1.0,1.0,1001,biohydrogenation,['x7'],0.0,False,False,iqm,,
14,2,biohydrogenation_2_0,"{'x4': 0.215, 'x5': 0.856, 'x6': 0.517, 'x7': 0.432}","{'k5': 0.883, 'k6': 0.739, 'k7': 0.469, 'k8': 0.724, 'k9': 0.195, 'k10': 0.612}",-1.0,1.0,1001,biohydrogenation,['x7'],0.0,True,True,amigo2,"[['k5', '8.8300e-01'], ['k6', '7.3900e-01'], ['k7', '4.6900e-01'], ['k8', '7.2400e-01'], ['k9', '1.9500e-01'], ['k10', '6.1200e-01'], ['x4', '2.1500e-01'], ['x5', '8.5600e-01'], ['x6', '5.1700e-01'], ['x7', '7.3696e+01']]",2454.883538007736
15,3,biohydrogenation_3_0,"{'x4': 0.59, 'x5': 0.594, 'x6': 0.855, 'x7': 0.645}","{'k5': 0.312, 'k6': 0.719, 'k7': 0.465, 'k8': 0.555, 'k9': 0.115, 'k10': 0.594}",-1.0,1.0,1001,biohydrogenation,['x7'],0.0,False,False,pe,,
16,3,biohydrogenation_3_0,"{'x4': 0.59, 'x5': 0.594, 'x6': 0.855, 'x7': 0.645}","{'k5': 0.312, 'k6': 0.719, 'k7': 0.465, 'k8': 0.555, 'k9': 0.115, 'k10': 0.594}",-1.0,1.0,1001,biohydrogenation,['x7'],0.0,False,False,odepe,,
17,3,biohydrogenation_3_0,"{'x4': 0.59, 'x5': 0.594, 'x6': 0.855, 'x7': 0.645}","{'k5': 0.312, 'k6': 0.719, 'k7': 0.465, 'k8': 0.555, 'k9': 0.115, 'k10': 0.594}",-1.0,1.0,1001,biohydrogenation,['x7'],0.0,True,True,sciml,"[['k5', '0.20888664000042814'], ['k6', '0.3293063222473389'], ['k7', '21.248385880753045'], ['k8', '99.9999999999795'], ['k9', '99.99999718674121'], ['k10', '52.87166682277885'], ['x4', '0.587852067178036'], ['x5', '0.5920560759484146'], ['x6', '9.95146322069576e-13'], ['x7', '49.97306622024262']]",170.8525276184082
18,3,biohydrogenation_3_0,"{'x4': 0.59, 'x5': 0.594, 'x6': 0.855, 'x7': 0.645}","{'k5': 0.312, 'k6': 0.719, 'k7': 0.465, 'k8': 0.555, 'k9': 0.115, 'k10': 0.594}",-1.0,1.0,1001,biohydrogenation,['x7'],0.0,False,False,iqm,,
19,3,biohydrogenation_3_0,"{'x4': 0.59, 'x5': 0.594, 'x6': 0.855, 'x7': 0.645}","{'k5': 0.312, 'k6': 0.719, 'k7': 0.465, 'k8': 0.555, 'k9': 0.115, 'k10': 0.594}",-1.0,1.0,1001,biohydrogenation,['x7'],0.0,True,True,amigo2,"[['k5', '3.1200e-01'], ['k6', '7.1900e-01'], ['k7', '4.6500e-01'], ['k8', '5.5500e-01'], ['k9', '1.1500e-01'], ['k10', '5.9400e-01'], ['x4', '5.9000e-01'], ['x5', '5.9400e-01'], ['x6', '8.5500e-01'], ['x7', '1.5841e+01']]",2353.8679683208466
20,4,biohydrogenation_4_0,"{'x4': 0.268, 'x5': 0.203, 'x6': 0.352, 'x7': 0.391}","{'k5': 0.388, 'k6': 0.45, 'k7': 0.658, 'k8': 0.148, 'k9': 0.633, 'k10': 0.637}",-1.0,1.0,1001,biohydrogenation,['x7'],0.0,False,False,pe,,
21,4,biohydrogenation_4_0,"{'x4': 0.268, 'x5': 0.203, 'x6': 0.352, 'x7': 0.391}","{'k5': 0.388, 'k6': 0.45, 'k7': 0.658, 'k8': 0.148, 'k9': 0.633, 'k10': 0.637}",-1.0,1.0,1001,biohydrogenation,['x7'],0.0,False,False,odepe,,
22,4,biohydrogenation_4_0,"{'x4': 0.268, 'x5': 0.203, 'x6': 0.352, 'x7': 0.391}","{'k5': 0.388, 'k6': 0.45, 'k7': 0.658, 'k8': 0.148, 'k9': 0.633, 'k10': 0.637}",-1.0,1.0,1001,biohydrogenation,['x7'],0.0,True,True,sciml,"[['k5', '62.996602910105395'], ['k6', '69.13064230086835'], ['k7', '4.466934420844537'], ['k8', '24.803892565974227'], ['k9', '68.88408361087515'], ['k10', '54.83875093533959'], ['x4', '0.4846504981378952'], ['x5', '89.48719386851037'], ['x6', '92.77426641888665'], ['x7', '51.51708557601502']]",127.47606325149536
23,4,biohydrogenation_4_0,"{'x4': 0.268, 'x5': 0.203, 'x6': 0.352, 'x7': 0.391}","{'k5': 0.388, 'k6': 0.45, 'k7': 0.658, 'k8': 0.148, 'k9': 0.633, 'k10': 0.637}",-1.0,1.0,1001,biohydrogenation,['x7'],0.0,False,False,iqm,,
24,4,biohydrogenation_4_0,"{'x4': 0.268, 'x5': 0.203, 'x6': 0.352, 'x7': 0.391}","{'k5': 0.388, 'k6': 0.45, 'k7': 0.658, 'k8': 0.148, 'k9': 0.633, 'k10': 0.637}",-1.0,1.0,1001,biohydrogenation,['x7'],0.0,True,True,amigo2,"[['k5', '3.8800e-01'], ['k6', '4.5000e-01'], ['k7', '6.5800e-01'], ['k8', '1.4800e-01'], ['k9', '6.3300e-01'], ['k10', '6.3700e-01'], ['x4', '2.6800e-01'], ['x5', '2.0300e-01'], ['x6', '3.5200e-01'], ['x7', '1.8706e+01']]",1675.1057121753693
25,5,biohydrogenation_5_0,"{'x4': 0.67, 'x5': 0.29, 'x6': 0.546, 'x7': 0.47}","{'k5': 0.466, 'k6': 0.106, 'k7': 0.842, 'k8': 0.352, 'k9': 0.196, 'k10': 0.66}",-1.0,1.0,1001,biohydrogenation,['x7'],0.0,False,False,pe,,
26,5,biohydrogenation_5_0,"{'x4': 0.67, 'x5': 0.29, 'x6': 0.546, 'x7': 0.47}","{'k5': 0.466, 'k6': 0.106, 'k7': 0.842, 'k8': 0.352, 'k9': 0.196, 'k10': 0.66}",-1.0,1.0,1001,biohydrogenation,['x7'],0.0,False,False,odepe,,
27,5,biohydrogenation_5_0,"{'x4': 0.67, 'x5': 0.29, 'x6': 0.546, 'x7': 0.47}","{'k5': 0.466, 'k6': 0.106, 'k7': 0.842, 'k8': 0.352, 'k9': 0.196, 'k10': 0.66}",-1.0,1.0,1001,biohydrogenation,['x7'],0.0,True,True,sciml,"[['k5', '0.4615218929033106'], ['k6', '0.10260105609287733'], ['k7', '0.23510227520661495'], ['k8', '2.887393347833914e-32'], ['k9', '59.27715659117894'], ['k10', '0.03624282756815901'], ['x4', '0.669121898209706'], ['x5', '0.2904131897512682'], ['x6', '0.03222168565349814'], ['x7', '49.949823094349455']]",694.8920450210571
28,5,biohydrogenation_5_0,"{'x4': 0.67, 'x5': 0.29, 'x6': 0.546, 'x7': 0.47}","{'k5': 0.466, 'k6': 0.106, 'k7': 0.842, 'k8': 0.352, 'k9': 0.196, 'k10': 0.66}",-1.0,1.0,1001,biohydrogenation,['x7'],0.0,False,False,iqm,,
29,5,biohydrogenation_5_0,"{'x4': 0.67, 'x5': 0.29, 'x6': 0.546, 'x7': 0.47}","{'k5': 0.466, 'k6': 0.106, 'k7': 0.842, 'k8': 0.352, 'k9': 0.196, 'k10': 0.66}",-1.0,1.0,1001,biohydrogenation,['x7'],0.0,True,True,amigo2,"[['k5', '4.6600e-01'], ['k6', '1.0600e-01'], ['k7', '1.0640e+00'], ['k8', '0.0000e+00'], ['k9', '7.1098e-06'], ['k10', '1.3587e-04'], ['x4', '6.7000e-01'], ['x5', '2.8998e-01'], ['x6', '1.2124e+00'], ['x7', '3.5254e+01']]",222.98626923561096
30,6,biohydrogenation_6_0,"{'x4': 0.757, 'x5': 0.178, 'x6': 0.77, 'x7': 0.177}","{'k5': 0.227, 'k6': 0.188, 'k7': 0.625, 'k8': 0.211, 'k9': 0.257, 'k10': 0.395}",-1.0,1.0,1001,biohydrogenation,['x7'],0.0,False,False,pe,,
31,6,biohydrogenation_6_0,"{'x4': 0.757, 'x5': 0.178, 'x6': 0.77, 'x7': 0.177}","{'k5': 0.227, 'k6': 0.188, 'k7': 0.625, 'k8': 0.211, 'k9': 0.257, 'k10': 0.395}",-1.0,1.0,1001,biohydrogenation,['x7'],0.0,False,False,odepe,,
32,6,biohydrogenation_6_0,"{'x4': 0.757, 'x5': 0.178, 'x6': 0.77, 'x7': 0.177}","{'k5': 0.227, 'k6': 0.188, 'k7': 0.625, 'k8': 0.211, 'k9': 0.257, 'k10': 0.395}",-1.0,1.0,1001,biohydrogenation,['x7'],0.0,True,True,sciml,"[['k5', '0.1784822723399635'], ['k6', '0.025155965141743477'], ['k7', '0.09067145630521226'], ['k8', '3.589379703495645e-15'], ['k9', '99.99999999959984'], ['k10', '99.99995548445855'], ['x4', '0.7537545337747606'], ['x5', '0.17695978987302544'], ['x6', '2.834006100161311e-12'], ['x7', '50.00001809110424']]",182.99753665924072
33,6,biohydrogenation_6_0,"{'x4': 0.757, 'x5': 0.178, 'x6': 0.77, 'x7': 0.177}","{'k5': 0.227, 'k6': 0.188, 'k7': 0.625, 'k8': 0.211, 'k9': 0.257, 'k10': 0.395}",-1.0,1.0,1001,biohydrogenation,['x7'],0.0,False,False,iqm,,
34,6,biohydrogenation_6_0,"{'x4': 0.757, 'x5': 0.178, 'x6': 0.77, 'x7': 0.177}","{'k5': 0.227, 'k6': 0.188, 'k7': 0.625, 'k8': 0.211, 'k9': 0.257, 'k10': 0.395}",-1.0,1.0,1001,biohydrogenation,['x7'],0.0,True,True,amigo2,"[['k5', '2.2700e-01'], ['k6', '1.8800e-01'], ['k7', '6.2500e-01'], ['k8', '2.1100e-01'], ['k9', '2.5700e-01'], ['k10', '3.9500e-01'], ['x4', '7.5700e-01'], ['x5', '1.7800e-01'], ['x6', '7.7000e-01'], ['x7', '5.1512e+00']]",958.5265095233917
35,7,biohydrogenation_7_0,"{'x4': 0.464, 'x5': 0.747, 'x6': 0.792, 'x7': 0.617}","{'k5': 0.415, 'k6': 0.22, 'k7': 0.106, 'k8': 0.621, 'k9': 0.264, 'k10': 0.407}",-1.0,1.0,1001,biohydrogenation,['x7'],0.0,False,False,pe,,
36,7,biohydrogenation_7_0,"{'x4': 0.464, 'x5': 0.747, 'x6': 0.792, 'x7': 0.617}","{'k5': 0.415, 'k6': 0.22, 'k7': 0.106, 'k8': 0.621, 'k9': 0.264, 'k10': 0.407}",-1.0,1.0,1001,biohydrogenation,['x7'],0.0,False,False,odepe,,
37,7,biohydrogenation_7_0,"{'x4': 0.464, 'x5': 0.747, 'x6': 0.792, 'x7': 0.617}","{'k5': 0.415, 'k6': 0.22, 'k7': 0.106, 'k8': 0.621, 'k9': 0.264, 'k10': 0.407}",-1.0,1.0,1001,biohydrogenation,['x7'],0.0,True,True,sciml,"[['k5', '5.150872229079317'], ['k6', '54.24608740295467'], ['k7', '17.13030591703044'], ['k8', '71.56651043119774'], ['k9', '90.84759476478457'], ['k10', '7.289174364119533'], ['x4', '21.308451919660065'], ['x5', '68.51001394289891'], ['x6', '42.119296226221'], ['x7', '56.11766711301711']]",147.45811915397644
38,7,biohydrogenation_7_0,"{'x4': 0.464, 'x5': 0.747, 'x6': 0.792, 'x7': 0.617}","{'k5': 0.415, 'k6': 0.22, 'k7': 0.106, 'k8': 0.621, 'k9': 0.264, 'k10': 0.407}",-1.0,1.0,1001,biohydrogenation,['x7'],0.0,False,False,iqm,,
39,7,biohydrogenation_7_0,"{'x4': 0.464, 'x5': 0.747, 'x6': 0.792, 'x7': 0.617}","{'k5': 0.415, 'k6': 0.22, 'k7': 0.106, 'k8': 0.621, 'k9': 0.264, 'k10': 0.407}",-1.0,1.0,1001,biohydrogenation,['x7'],0.0,True,True,amigo2,"[['k5', '4.1500e-01'], ['k6', '2.2000e-01'], ['k7', '1.0600e-01'], ['k8', '6.2100e-01'], ['k9', '2.6400e-01'], ['k10', '4.0700e-01'], ['x4', '4.6400e-01'], ['x5', '7.4700e-01'], ['x6', '7.9200e-01'], ['x7', '0.0000e+00']]",818.5611062049866
40,8,biohydrogenation_8_0,"{'x4': 0.728, 'x5': 0.75, 'x6': 0.406, 'x7': 0.473}","{'k5': 0.596, 'k6': 0.227, 'k7': 0.307, 'k8': 0.296, 'k9': 0.347, 'k10': 0.662}",-1.0,1.0,1001,biohydrogenation,['x7'],0.0,False,False,pe,,
41,8,biohydrogenation_8_0,"{'x4': 0.728, 'x5': 0.75, 'x6': 0.406, 'x7': 0.473}","{'k5': 0.596, 'k6': 0.227, 'k7': 0.307, 'k8': 0.296, 'k9': 0.347, 'k10': 0.662}",-1.0,1.0,1001,biohydrogenation,['x7'],0.0,False,False,odepe,,
42,8,biohydrogenation_8_0,"{'x4': 0.728, 'x5': 0.75, 'x6': 0.406, 'x7': 0.473}","{'k5': 0.596, 'k6': 0.227, 'k7': 0.307, 'k8': 0.296, 'k9': 0.347, 'k10': 0.662}",-1.0,1.0,1001,biohydrogenation,['x7'],0.0,True,True,sciml,"[['k5', '77.74495276003165'], ['k6', '75.45809407785337'], ['k7', '25.4823103413251'], ['k8', '97.64621989786177'], ['k9', '72.61350528596043'], ['k10', '15.71303391648986'], ['x4', '30.885023448763228'], ['x5', '71.19714639512253'], ['x6', '39.614168504806415'], ['x7', '24.80094762624685']]",146.9711880683899
43,8,biohydrogenation_8_0,"{'x4': 0.728, 'x5': 0.75, 'x6': 0.406, 'x7': 0.473}","{'k5': 0.596, 'k6': 0.227, 'k7': 0.307, 'k8': 0.296, 'k9': 0.347, 'k10': 0.662}",-1.0,1.0,1001,biohydrogenation,['x7'],0.0,False,False,iqm,,
44,8,biohydrogenation_8_0,"{'x4': 0.728, 'x5': 0.75, 'x6': 0.406, 'x7': 0.473}","{'k5': 0.596, 'k6': 0.227, 'k7': 0.307, 'k8': 0.296, 'k9': 0.347, 'k10': 0.662}",-1.0,1.0,1001,biohydrogenation,['x7'],0.0,True,True,amigo2,"[['k5', '5.9600e-01'], ['k6', '2.2700e-01'], ['k7', '3.5847e-01'], ['k8', '0.0000e+00'], ['k9', '1.1700e-06'], ['k10', '1.0259e-04'], ['x4', '7.2800e-01'], ['x5', '7.4999e-01'], ['x6', '9.4598e-01'], ['x7', '3.9446e+00']]",363.7310378551483
45,9,biohydrogenation_9_0,"{'x4': 0.154, 'x5': 0.327, 'x6': 0.147, 'x7': 0.652}","{'k5': 0.126, 'k6': 0.668, 'k7': 0.52, 'k8': 0.877, 'k9': 0.501, 'k10': 0.414}",-1.0,1.0,1001,biohydrogenation,['x7'],0.0,False,False,pe,,
46,9,biohydrogenation_9_0,"{'x4': 0.154, 'x5': 0.327, 'x6': 0.147, 'x7': 0.652}","{'k5': 0.126, 'k6': 0.668, 'k7': 0.52, 'k8': 0.877, 'k9': 0.501, 'k10': 0.414}",-1.0,1.0,1001,biohydrogenation,['x7'],0.0,False,False,odepe,,
47,9,biohydrogenation_9_0,"{'x4': 0.154, 'x5': 0.327, 'x6': 0.147, 'x7': 0.652}","{'k5': 0.126, 'k6': 0.668, 'k7': 0.52, 'k8': 0.877, 'k9': 0.501, 'k10': 0.414}",-1.0,1.0,1001,biohydrogenation,['x7'],0.0,True,True,sciml,"[['k5', '0.1284024128928893'], ['k6', '0.6832651133108604'], ['k7', '1.2972342424070322'], ['k8', '3.055129615248357'], ['k9', '75.76521161971404'], ['k10', '53.72088323127464'], ['x4', '0.15400354958579263'], ['x5', '0.32693137986644055'], ['x6', '5.571604499287456e-10'], ['x7', '57.04034763297404']]",178.5773491859436
48,9,biohydrogenation_9_0,"{'x4': 0.154, 'x5': 0.327, 'x6': 0.147, 'x7': 0.652}","{'k5': 0.126, 'k6': 0.668, 'k7': 0.52, 'k8': 0.877, 'k9': 0.501, 'k10': 0.414}",-1.0,1.0,1001,biohydrogenation,['x7'],0.0,False,False,iqm,,
49,9,biohydrogenation_9_0,"{'x4': 0.154, 'x5': 0.327, 'x6': 0.147, 'x7': 0.652}","{'k5': 0.126, 'k6': 0.668, 'k7': 0.52, 'k8': 0.877, 'k9': 0.501, 'k10': 0.414}",-1.0,1.0,1001,biohydrogenation,['x7'],0.0,True,True,amigo2,"[['k5', '1.2600e-01'], ['k6', '6.6800e-01'], ['k7', '4.5186e-01'], ['k8', '6.8039e-01'], ['k9', '4.2197e-01'], ['k10', '4.5299e-01'], ['x4', '1.5400e-01'], ['x5', '3.2700e-01'], ['x6', '1.6659e-01'], ['x7', '6.8732e+01']]",989.3279376029968
50,10,crauste_0_0,"{'n': 0.338, 'e': 0.751, 's': 0.417, 'm': 0.805, 'p': 0.565}","{'muN': 0.642, 'muEE': 0.316, 'muLE': 0.688, 'muLL': 0.87, 'muM': 0.299, 'muP': 0.561, 'muPE': 0.574, 'muPL': 0.558, 'deltaNE': 0.278, 'deltaEL': 0.862, 'deltaLM': 0.458, 'rhoE': 0.777, 'rhoP': 0.66}",-1.0,1.0,1001,crauste,[],0.0,False,False,pe,,
51,10,crauste_0_0,"{'n': 0.338, 'e': 0.751, 's': 0.417, 'm': 0.805, 'p': 0.565}","{'muN': 0.642, 'muEE': 0.316, 'muLE': 0.688, 'muLL': 0.87, 'muM': 0.299, 'muP': 0.561, 'muPE': 0.574, 'muPL': 0.558, 'deltaNE': 0.278, 'deltaEL': 0.862, 'deltaLM': 0.458, 'rhoE': 0.777, 'rhoP': 0.66}",-1.0,1.0,1001,crauste,[],0.0,False,False,odepe,,
52,10,crauste_0_0,"{'n': 0.338, 'e': 0.751, 's': 0.417, 'm': 0.805, 'p': 0.565}","{'muN': 0.642, 'muEE': 0.316, 'muLE': 0.688, 'muLL': 0.87, 'muM': 0.299, 'muP': 0.561, 'muPE': 0.574, 'muPL': 0.558, 'deltaNE': 0.278, 'deltaEL': 0.862, 'deltaLM': 0.458, 'rhoE': 0.777, 'rhoP': 0.66}",-1.0,1.0,1001,crauste,[],0.0,True,False,sciml,,170.43490195274353
53,10,crauste_0_0,"{'n': 0.338, 'e': 0.751, 's': 0.417, 'm': 0.805, 'p': 0.565}","{'muN': 0.642, 'muEE': 0.316, 'muLE': 0.688, 'muLL': 0.87, 'muM': 0.299, 'muP': 0.561, 'muPE': 0.574, 'muPL': 0.558, 'deltaNE': 0.278, 'deltaEL': 0.862, 'deltaLM': 0.458, 'rhoE': 0.777, 'rhoP': 0.66}",-1.0,1.0,1001,crauste,[],0.0,False,False,iqm,,
54,10,crauste_0_0,"{'n': 0.338, 'e': 0.751, 's': 0.417, 'm': 0.805, 'p': 0.565}","{'muN': 0.642, 'muEE': 0.316, 'muLE': 0.688, 'muLL': 0.87, 'muM': 0.299, 'muP': 0.561, 'muPE': 0.574, 'muPL': 0.558, 'deltaNE': 0.278, 'deltaEL': 0.862, 'deltaLM': 0.458, 'rhoE': 0.777, 'rhoP': 0.66}",-1.0,1.0,1001,crauste,[],0.0,True,True,amigo2,"[['muN', '6.4200e-01'], ['muEE', '3.1748e-01'], ['muLE', '0.0000e+00'], ['muLL', '9.6917e-01'], ['muM', '7.4006e-01'], ['muP', '7.1425e-01'], ['muPE', '2.8565e-01'], ['muPL', '0.0000e+00'], ['deltaNE', '2.7800e-01'], ['deltaEL', '8.6194e-01'], ['deltaLM', '0.0000e+00'], ['rhoE', '7.7897e-01'], ['rhoP', '1.3213e-01'], ['n', '3.3800e-01'], ['e', '7.5100e-01'], ['s', '8.0074e-01'], ['m', '4.2087e-01'], ['p', '5.6508e-01']]",330.95310497283936
55,11,crauste_1_0,"{'n': 0.443, 'e': 0.208, 's': 0.339, 'm': 0.556, 'p': 0.573}","{'muN': 0.805, 'muEE': 0.654, 'muLE': 0.68, 'muLL': 0.501, 'muM': 0.865, 'muP': 0.615, 'muPE': 0.439, 'muPL': 0.585, 'deltaNE': 0.115, 'deltaEL': 0.341, 'deltaLM': 0.628, 'rhoE': 0.332, 'rhoP': 0.594}",-1.0,1.0,1001,crauste,[],0.0,False,False,pe,,
56,11,crauste_1_0,"{'n': 0.443, 'e': 0.208, 's': 0.339, 'm': 0.556, 'p': 0.573}","{'muN': 0.805, 'muEE': 0.654, 'muLE': 0.68, 'muLL': 0.501, 'muM': 0.865, 'muP': 0.615, 'muPE': 0.439, 'muPL': 0.585, 'deltaNE': 0.115, 'deltaEL': 0.341, 'deltaLM': 0.628, 'rhoE': 0.332, 'rhoP': 0.594}",-1.0,1.0,1001,crauste,[],0.0,False,False,odepe,,
57,11,crauste_1_0,"{'n': 0.443, 'e': 0.208, 's': 0.339, 'm': 0.556, 'p': 0.573}","{'muN': 0.805, 'muEE': 0.654, 'muLE': 0.68, 'muLL': 0.501, 'muM': 0.865, 'muP': 0.615, 'muPE': 0.439, 'muPL': 0.585, 'deltaNE': 0.115, 'deltaEL': 0.341, 'deltaLM': 0.628, 'rhoE': 0.332, 'rhoP': 0.594}",-1.0,1.0,1001,crauste,[],0.0,True,False,sciml,,165.54330945014954
58,11,crauste_1_0,"{'n': 0.443, 'e': 0.208, 's': 0.339, 'm': 0.556, 'p': 0.573}","{'muN': 0.805, 'muEE': 0.654, 'muLE': 0.68, 'muLL': 0.501, 'muM': 0.865, 'muP': 0.615, 'muPE': 0.439, 'muPL': 0.585, 'deltaNE': 0.115, 'deltaEL': 0.341, 'deltaLM': 0.628, 'rhoE': 0.332, 'rhoP': 0.594}",-1.0,1.0,1001,crauste,[],0.0,False,False,iqm,,
59,11,crauste_1_0,"{'n': 0.443, 'e': 0.208, 's': 0.339, 'm': 0.556, 'p': 0.573}","{'muN': 0.805, 'muEE': 0.654, 'muLE': 0.68, 'muLL': 0.501, 'muM': 0.865, 'muP': 0.615, 'muPE': 0.439, 'muPL': 0.585, 'deltaNE': 0.115, 'deltaEL': 0.341, 'deltaLM': 0.628, 'rhoE': 0.332, 'rhoP': 0.594}",-1.0,1.0,1001,crauste,[],0.0,True,True,amigo2,"[['muN', '8.0500e-01'], ['muEE', '6.5400e-01'], ['muLE', '6.8000e-01'], ['muLL', '5.0100e-01'], ['muM', '8.6500e-01'], ['muP', '6.1500e-01'], ['muPE', '4.3900e-01'], ['muPL', '5.8500e-01'], ['deltaNE', '1.1500e-01'], ['deltaEL', '3.4100e-01'], ['deltaLM', '6.2800e-01'], ['rhoE', '3.3200e-01'], ['rhoP', '5.9400e-01'], ['n', '4.4300e-01'], ['e', '2.0800e-01'], ['s', '3.3900e-01'], ['m', '5.5600e-01'], ['p', '5.7300e-01']]",3604.718336582184
60,12,crauste_2_0,"{'n': 0.899, 'e': 0.22, 's': 0.795, 'm': 0.23, 'p': 0.592}","{'muN': 0.559, 'muEE': 0.623, 'muLE': 0.622, 'muLL': 0.445, 'muM': 0.817, 'muP': 0.394, 'muPE': 0.449, 'muPL': 0.814, 'deltaNE': 0.745, 'deltaEL': 0.663, 'deltaLM': 0.18, 'rhoE': 0.836, 'rhoP': 0.671}",-1.0,1.0,1001,crauste,[],0.0,False,False,pe,,
61,12,crauste_2_0,"{'n': 0.899, 'e': 0.22, 's': 0.795, 'm': 0.23, 'p': 0.592}","{'muN': 0.559, 'muEE': 0.623, 'muLE': 0.622, 'muLL': 0.445, 'muM': 0.817, 'muP': 0.394, 'muPE': 0.449, 'muPL': 0.814, 'deltaNE': 0.745, 'deltaEL': 0.663, 'deltaLM': 0.18, 'rhoE': 0.836, 'rhoP': 0.671}",-1.0,1.0,1001,crauste,[],0.0,False,False,odepe,,
62,12,crauste_2_0,"{'n': 0.899, 'e': 0.22, 's': 0.795, 'm': 0.23, 'p': 0.592}","{'muN': 0.559, 'muEE': 0.623, 'muLE': 0.622, 'muLL': 0.445, 'muM': 0.817, 'muP': 0.394, 'muPE': 0.449, 'muPL': 0.814, 'deltaNE': 0.745, 'deltaEL': 0.663, 'deltaLM': 0.18, 'rhoE': 0.836, 'rhoP': 0.671}",-1.0,1.0,1001,crauste,[],0.0,True,False,sciml,,201.90222072601318
63,12,crauste_2_0,"{'n': 0.899, 'e': 0.22, 's': 0.795, 'm': 0.23, 'p': 0.592}","{'muN': 0.559, 'muEE': 0.623, 'muLE': 0.622, 'muLL': 0.445, 'muM': 0.817, 'muP': 0.394, 'muPE': 0.449, 'muPL': 0.814, 'deltaNE': 0.745, 'deltaEL': 0.663, 'deltaLM': 0.18, 'rhoE': 0.836, 'rhoP': 0.671}",-1.0,1.0,1001,crauste,[],0.0,False,False,iqm,,
64,12,crauste_2_0,"{'n': 0.899, 'e': 0.22, 's': 0.795, 'm': 0.23, 'p': 0.592}","{'muN': 0.559, 'muEE': 0.623, 'muLE': 0.622, 'muLL': 0.445, 'muM': 0.817, 'muP': 0.394, 'muPE': 0.449, 'muPL': 0.814, 'deltaNE': 0.745, 'deltaEL': 0.663, 'deltaLM': 0.18, 'rhoE': 0.836, 'rhoP': 0.671}",-1.0,1.0,1001,crauste,[],0.0,True,True,amigo2,"[['muN', '5.5900e-01'], ['muEE', '6.2688e-01'], ['muLE', '6.5351e-01'], ['muLL', '8.8027e-02'], ['muM', '3.9533e-02'], ['muP', '1.0162e+00'], ['muPE', '3.9126e-01'], ['muPL', '2.4512e-02'], ['deltaNE', '7.4500e-01'], ['deltaEL', '6.6220e-01'], ['deltaLM', '9.3307e+01'], ['rhoE', '8.3674e-01'], ['rhoP', '5.9648e-01'], ['n', '8.9900e-01'], ['e', '2.1999e-01'], ['s', '3.4622e-13'], ['m', '1.0124e+00'], ['p', '5.9223e-01']]",319.26210832595825
65,13,crauste_3_0,"{'n': 0.388, 'e': 0.684, 's': 0.237, 'm': 0.517, 'p': 0.143}","{'muN': 0.199, 'muEE': 0.778, 'muLE': 0.746, 'muLL': 0.555, 'muM': 0.426, 'muP': 0.155, 'muPE': 0.658, 'muPL': 0.463, 'deltaNE': 0.678, 'deltaEL': 0.793, 'deltaLM': 0.88, 'rhoE': 0.785, 'rhoP': 0.109}",-1.0,1.0,1001,crauste,[],0.0,False,False,pe,,
66,13,crauste_3_0,"{'n': 0.388, 'e': 0.684, 's': 0.237, 'm': 0.517, 'p': 0.143}","{'muN': 0.199, 'muEE': 0.778, 'muLE': 0.746, 'muLL': 0.555, 'muM': 0.426, 'muP': 0.155, 'muPE': 0.658, 'muPL': 0.463, 'deltaNE': 0.678, 'deltaEL': 0.793, 'deltaLM': 0.88, 'rhoE': 0.785, 'rhoP': 0.109}",-1.0,1.0,1001,crauste,[],0.0,False,False,odepe,,
67,13,crauste_3_0,"{'n': 0.388, 'e': 0.684, 's': 0.237, 'm': 0.517, 'p': 0.143}","{'muN': 0.199, 'muEE': 0.778, 'muLE': 0.746, 'muLL': 0.555, 'muM': 0.426, 'muP': 0.155, 'muPE': 0.658, 'muPL': 0.463, 'deltaNE': 0.678, 'deltaEL': 0.793, 'deltaLM': 0.88, 'rhoE': 0.785, 'rhoP': 0.109}",-1.0,1.0,1001,crauste,[],0.0,True,True,sciml,"[['muN', '0.1991033955821783'], ['muEE', '0.7655418509284115'], ['muLE', '0.06447469733885176'], ['muLL', '6.460832975255519e-28'], ['muM', '48.976753554803366'], ['muP', '1.1109806859891664'], ['muPE', '8.576009345025884'], ['muPL', '5.655876676417439'], ['deltaNE', '0.6768855014320151'], ['deltaEL', '0.7882332382152226'], ['deltaLM', '0.9750494926481331'], ['rhoE', '0.6935488700742359'], ['rhoP', '73.23733092422056'], ['n', '0.38799479599938586'], ['e', '0.6839993878794792'], ['s', '0.7381495460309472'], ['m', '0.016487576549722487'], ['p', '0.14285830935614316']]",1031.1303882598877
68,13,crauste_3_0,"{'n': 0.388, 'e': 0.684, 's': 0.237, 'm': 0.517, 'p': 0.143}","{'muN': 0.199, 'muEE': 0.778, 'muLE': 0.746, 'muLL': 0.555, 'muM': 0.426, 'muP': 0.155, 'muPE': 0.658, 'muPL': 0.463, 'deltaNE': 0.678, 'deltaEL': 0.793, 'deltaLM': 0.88, 'rhoE': 0.785, 'rhoP': 0.109}",-1.0,1.0,1001,crauste,[],0.0,False,False,iqm,,
69,13,crauste_3_0,"{'n': 0.388, 'e': 0.684, 's': 0.237, 'm': 0.517, 'p': 0.143}","{'muN': 0.199, 'muEE': 0.778, 'muLE': 0.746, 'muLL': 0.555, 'muM': 0.426, 'muP': 0.155, 'muPE': 0.658, 'muPL': 0.463, 'deltaNE': 0.678, 'deltaEL': 0.793, 'deltaLM': 0.88, 'rhoE': 0.785, 'rhoP': 0.109}",-1.0,1.0,1001,crauste,[],0.0,True,True,amigo2,"[['muN', '1.9899e-01'], ['muEE', '7.7849e-01'], ['muLE', '2.9806e+00'], ['muLL', '0.0000e+00'], ['muM', '2.0727e-01'], ['muP', '1.8854e-01'], ['muPE', '7.4770e-01'], ['muPL', '0.0000e+00'], ['deltaNE', '6.7811e-01'], ['deltaEL', '7.9321e-01'], ['deltaLM', '4.4135e-01'], ['rhoE', '7.8880e-01'], ['rhoP', '0.0000e+00'], ['n', '3.8800e-01'], ['e', '6.8400e-01'], ['s', '2.7853e-02'], ['m', '7.2618e-01'], ['p', '1.4301e-01']]",301.97357535362244
70,14,crauste_4_0,"{'n': 0.591, 'e': 0.529, 's': 0.572, 'm': 0.684, 'p': 0.35}","{'muN': 0.26, 'muEE': 0.115, 'muLE': 0.735, 'muLL': 0.279, 'muM': 0.376, 'muP': 0.842, 'muPE': 0.664, 'muPL': 0.125, 'deltaNE': 0.232, 'deltaEL': 0.597, 'deltaLM': 0.562, 'rhoE': 0.29, 'rhoP': 0.847}",-1.0,1.0,1001,crauste,[],0.0,False,False,pe,,
71,14,crauste_4_0,"{'n': 0.591, 'e': 0.529, 's': 0.572, 'm': 0.684, 'p': 0.35}","{'muN': 0.26, 'muEE': 0.115, 'muLE': 0.735, 'muLL': 0.279, 'muM': 0.376, 'muP': 0.842, 'muPE': 0.664, 'muPL': 0.125, 'deltaNE': 0.232, 'deltaEL': 0.597, 'deltaLM': 0.562, 'rhoE': 0.29, 'rhoP': 0.847}",-1.0,1.0,1001,crauste,[],0.0,False,False,odepe,,
72,14,crauste_4_0,"{'n': 0.591, 'e': 0.529, 's': 0.572, 'm': 0.684, 'p': 0.35}","{'muN': 0.26, 'muEE': 0.115, 'muLE': 0.735, 'muLL': 0.279, 'muM': 0.376, 'muP': 0.842, 'muPE': 0.664, 'muPL': 0.125, 'deltaNE': 0.232, 'deltaEL': 0.597, 'deltaLM': 0.562, 'rhoE': 0.29, 'rhoP': 0.847}",-1.0,1.0,1001,crauste,[],0.0,True,False,sciml,,294.19927978515625
73,14,crauste_4_0,"{'n': 0.591, 'e': 0.529, 's': 0.572, 'm': 0.684, 'p': 0.35}","{'muN': 0.26, 'muEE': 0.115, 'muLE': 0.735, 'muLL': 0.279, 'muM': 0.376, 'muP': 0.842, 'muPE': 0.664, 'muPL': 0.125, 'deltaNE': 0.232, 'deltaEL': 0.597, 'deltaLM': 0.562, 'rhoE': 0.29, 'rhoP': 0.847}",-1.0,1.0,1001,crauste,[],0.0,False,False,iqm,,
74,14,crauste_4_0,"{'n': 0.591, 'e': 0.529, 's': 0.572, 'm': 0.684, 'p': 0.35}","{'muN': 0.26, 'muEE': 0.115, 'muLE': 0.735, 'muLL': 0.279, 'muM': 0.376, 'muP': 0.842, 'muPE': 0.664, 'muPL': 0.125, 'deltaNE': 0.232, 'deltaEL': 0.597, 'deltaLM': 0.562, 'rhoE': 0.29, 'rhoP': 0.847}",-1.0,1.0,1001,crauste,[],0.0,True,True,amigo2,"[['muN', '2.6000e-01'], ['muEE', '1.1494e-01'], ['muLE', '1.4570e+00'], ['muLL', '1.8427e+00'], ['muM', '1.5929e-01'], ['muP', '8.7246e-01'], ['muPE', '6.8291e-01'], ['muPL', '0.0000e+00'], ['deltaNE', '2.3200e-01'], ['deltaEL', '5.9701e-01'], ['deltaLM', '1.6420e-01'], ['rhoE', '2.8993e-01'], ['rhoP', '7.5915e-01'], ['n', '5.9100e-01'], ['e', '5.2900e-01'], ['s', '1.2236e-01'], ['m', '1.1336e+00'], ['p', '3.4999e-01']]",3181.831130027771
75,15,crauste_5_0,"{'n': 0.244, 'e': 0.12, 's': 0.154, 'm': 0.644, 'p': 0.463}","{'muN': 0.419, 'muEE': 0.268, 'muLE': 0.249, 'muLL': 0.855, 'muM': 0.692, 'muP': 0.492, 'muPE': 0.282, 'muPL': 0.303, 'deltaNE': 0.146, 'deltaEL': 0.448, 'deltaLM': 0.349, 'rhoE': 0.657, 'rhoP': 0.402}",-1.0,1.0,1001,crauste,[],0.0,False,False,pe,,
76,15,crauste_5_0,"{'n': 0.244, 'e': 0.12, 's': 0.154, 'm': 0.644, 'p': 0.463}","{'muN': 0.419, 'muEE': 0.268, 'muLE': 0.249, 'muLL': 0.855, 'muM': 0.692, 'muP': 0.492, 'muPE': 0.282, 'muPL': 0.303, 'deltaNE': 0.146, 'deltaEL': 0.448, 'deltaLM': 0.349, 'rhoE': 0.657, 'rhoP': 0.402}",-1.0,1.0,1001,crauste,[],0.0,False,False,odepe,,
77,15,crauste_5_0,"{'n': 0.244, 'e': 0.12, 's': 0.154, 'm': 0.644, 'p': 0.463}","{'muN': 0.419, 'muEE': 0.268, 'muLE': 0.249, 'muLL': 0.855, 'muM': 0.692, 'muP': 0.492, 'muPE': 0.282, 'muPL': 0.303, 'deltaNE': 0.146, 'deltaEL': 0.448, 'deltaLM': 0.349, 'rhoE': 0.657, 'rhoP': 0.402}",-1.0,1.0,1001,crauste,[],0.0,True,True,sciml,"[['muN', '68.57767291595812'], ['muEE', '70.92551217594514'], ['muLE', '54.429940883190966'], ['muLL', '98.94594661438991'], ['muM', '57.30314154764416'], ['muP', '32.02744043153368'], ['muPE', '52.5606965481623'], ['muPL', '61.190991757332405'], ['deltaNE', '40.063554577368'], ['deltaEL', '88.17770646442213'], ['deltaLM', '65.75164496181195'], ['rhoE', '74.03833850808114'], ['rhoP', '70.05315579172671'], ['n', '0.08886066446690269'], ['e', '0.3605533712691484'], ['s', '1.0172636106072204'], ['m', '0.14385776953770932'], ['p', '1.1260498279301259']]",184.7251627445221
78,15,crauste_5_0,"{'n': 0.244, 'e': 0.12, 's': 0.154, 'm': 0.644, 'p': 0.463}","{'muN': 0.419, 'muEE': 0.268, 'muLE': 0.249, 'muLL': 0.855, 'muM': 0.692, 'muP': 0.492, 'muPE': 0.282, 'muPL': 0.303, 'deltaNE': 0.146, 'deltaEL': 0.448, 'deltaLM': 0.349, 'rhoE': 0.657, 'rhoP': 0.402}",-1.0,1.0,1001,crauste,[],0.0,False,False,iqm,,
79,15,crauste_5_0,"{'n': 0.244, 'e': 0.12, 's': 0.154, 'm': 0.644, 'p': 0.463}","{'muN': 0.419, 'muEE': 0.268, 'muLE': 0.249, 'muLL': 0.855, 'muM': 0.692, 'muP': 0.492, 'muPE': 0.282, 'muPL': 0.303, 'deltaNE': 0.146, 'deltaEL': 0.448, 'deltaLM': 0.349, 'rhoE': 0.657, 'rhoP': 0.402}",-1.0,1.0,1001,crauste,[],0.0,True,True,amigo2,"[['muN', '4.1900e-01'], ['muEE', '2.6795e-01'], ['muLE', '3.2284e+00'], ['muLL', '4.2264e-02'], ['muM', '1.0052e+00'], ['muP', '5.0740e-01'], ['muPE', '4.5644e-01'], ['muPL', '1.5798e-01'], ['deltaNE', '1.4600e-01'], ['deltaEL', '4.4800e-01'], ['deltaLM', '3.9750e-01'], ['rhoE', '6.5699e-01'], ['rhoP', '5.0995e-01'], ['n', '2.4400e-01'], ['e', '1.2000e-01'], ['s', '3.8163e-01'], ['m', '4.1637e-01'], ['p', '4.6300e-01']]",2640.25163602829
80,16,crauste_6_0,"{'n': 0.798, 'e': 0.319, 's': 0.738, 'm': 0.249, 'p': 0.862}","{'muN': 0.529, 'muEE': 0.817, 'muLE': 0.892, 'muLL': 0.274, 'muM': 0.63, 'muP': 0.311, 'muPE': 0.117, 'muPL': 0.707, 'deltaNE': 0.356, 'deltaEL': 0.407, 'deltaLM': 0.571, 'rhoE': 0.765, 'rhoP': 0.603}",-1.0,1.0,1001,crauste,[],0.0,False,False,pe,,
81,16,crauste_6_0,"{'n': 0.798, 'e': 0.319, 's': 0.738, 'm': 0.249, 'p': 0.862}","{'muN': 0.529, 'muEE': 0.817, 'muLE': 0.892, 'muLL': 0.274, 'muM': 0.63, 'muP': 0.311, 'muPE': 0.117, 'muPL': 0.707, 'deltaNE': 0.356, 'deltaEL': 0.407, 'deltaLM': 0.571, 'rhoE': 0.765, 'rhoP': 0.603}",-1.0,1.0,1001,crauste,[],0.0,False,False,odepe,,
82,16,crauste_6_0,"{'n': 0.798, 'e': 0.319, 's': 0.738, 'm': 0.249, 'p': 0.862}","{'muN': 0.529, 'muEE': 0.817, 'muLE': 0.892, 'muLL': 0.274, 'muM': 0.63, 'muP': 0.311, 'muPE': 0.117, 'muPL': 0.707, 'deltaNE': 0.356, 'deltaEL': 0.407, 'deltaLM': 0.571, 'rhoE': 0.765, 'rhoP': 0.603}",-1.0,1.0,1001,crauste,[],0.0,True,True,sciml,"[['muN', '54.83660932172107'], ['muEE', '34.03011260748899'], ['muLE', '82.1271004951038'], ['muLL', '83.65063804172338'], ['muM', '74.6931287939552'], ['muP', '53.5612209955499'], ['muPE', '43.1481310358242'], ['muPL', '56.44192468685183'], ['deltaNE', '82.69710436087716'], ['deltaEL', '20.469776444573604'], ['deltaLM', '60.23568411322541'], ['rhoE', '84.4955721916918'], ['rhoP', '98.08681749035014'], ['n', '34.76253857665845'], ['e', '30.419205972008456'], ['s', '52.763902200492794'], ['m', '41.600905158554525'], ['p', '49.51450275245694']]",234.7341070175171
83,16,crauste_6_0,"{'n': 0.798, 'e': 0.319, 's': 0.738, 'm': 0.249, 'p': 0.862}","{'muN': 0.529, 'muEE': 0.817, 'muLE': 0.892, 'muLL': 0.274, 'muM': 0.63, 'muP': 0.311, 'muPE': 0.117, 'muPL': 0.707, 'deltaNE': 0.356, 'deltaEL': 0.407, 'deltaLM': 0.571, 'rhoE': 0.765, 'rhoP': 0.603}",-1.0,1.0,1001,crauste,[],0.0,False,False,iqm,,
84,16,crauste_6_0,"{'n': 0.798, 'e': 0.319, 's': 0.738, 'm': 0.249, 'p': 0.862}","{'muN': 0.529, 'muEE': 0.817, 'muLE': 0.892, 'muLL': 0.274, 'muM': 0.63, 'muP': 0.311, 'muPE': 0.117, 'muPL': 0.707, 'deltaNE': 0.356, 'deltaEL': 0.407, 'deltaLM': 0.571, 'rhoE': 0.765, 'rhoP': 0.603}",-1.0,1.0,1001,crauste,[],0.0,True,True,amigo2,"[['muN', '5.2900e-01'], ['muEE', '8.1700e-01'], ['muLE', '8.9200e-01'], ['muLL', '2.7400e-01'], ['muM', '6.3000e-01'], ['muP', '3.1100e-01'], ['muPE', '1.1700e-01'], ['muPL', '7.0700e-01'], ['deltaNE', '3.5600e-01'], ['deltaEL', '4.0700e-01'], ['deltaLM', '5.7100e-01'], ['rhoE', '7.6500e-01'], ['rhoP', '6.0300e-01'], ['n', '7.9800e-01'], ['e', '3.1900e-01'], ['s', '7.3800e-01'], ['m', '2.4900e-01'], ['p', '8.6200e-01']]",418.92778968811035
85,17,crauste_7_0,"{'n': 0.569, 'e': 0.791, 's': 0.194, 'm': 0.514, 'p': 0.206}","{'muN': 0.65, 'muEE': 0.272, 'muLE': 0.858, 'muLL': 0.685, 'muM': 0.303, 'muP': 0.271, 'muPE': 0.515, 'muPL': 0.121, 'deltaNE': 0.266, 'deltaEL': 0.44, 'deltaLM': 0.399, 'rhoE': 0.471, 'rhoP': 0.322}",-1.0,1.0,1001,crauste,[],0.0,False,False,pe,,
86,17,crauste_7_0,"{'n': 0.569, 'e': 0.791, 's': 0.194, 'm': 0.514, 'p': 0.206}","{'muN': 0.65, 'muEE': 0.272, 'muLE': 0.858, 'muLL': 0.685, 'muM': 0.303, 'muP': 0.271, 'muPE': 0.515, 'muPL': 0.121, 'deltaNE': 0.266, 'deltaEL': 0.44, 'deltaLM': 0.399, 'rhoE': 0.471, 'rhoP': 0.322}",-1.0,1.0,1001,crauste,[],0.0,False,False,odepe,,
87,17,crauste_7_0,"{'n': 0.569, 'e': 0.791, 's': 0.194, 'm': 0.514, 'p': 0.206}","{'muN': 0.65, 'muEE': 0.272, 'muLE': 0.858, 'muLL': 0.685, 'muM': 0.303, 'muP': 0.271, 'muPE': 0.515, 'muPL': 0.121, 'deltaNE': 0.266, 'deltaEL': 0.44, 'deltaLM': 0.399, 'rhoE': 0.471, 'rhoP': 0.322}",-1.0,1.0,1001,crauste,[],0.0,True,True,sciml,"[['muN', '44.85246995599626'], ['muEE', '71.83150787488857'], ['muLE', '93.29776998528405'], ['muLL', '13.253313973380632'], ['muM', '38.835184029680605'], ['muP', '11.999636153381022'], ['muPE', '12.721509754424387'], ['muPL', '1.0446030219109281'], ['deltaNE', '30.776829241773594'], ['deltaEL', '99.33711366254924'], ['deltaLM', '91.59000595303307'], ['rhoE', '88.4992040998904'], ['rhoP', '40.129488849125494'], ['n', '65.27050984459338'], ['e', '71.17359917617375'], ['s', '62.60282656495353'], ['m', '21.755870530462317'], ['p', '76.8072115027172']]",136.58871960639954
88,17,crauste_7_0,"{'n': 0.569, 'e': 0.791, 's': 0.194, 'm': 0.514, 'p': 0.206}","{'muN': 0.65, 'muEE': 0.272, 'muLE': 0.858, 'muLL': 0.685, 'muM': 0.303, 'muP': 0.271, 'muPE': 0.515, 'muPL': 0.121, 'deltaNE': 0.266, 'deltaEL': 0.44, 'deltaLM': 0.399, 'rhoE': 0.471, 'rhoP': 0.322}",-1.0,1.0,1001,crauste,[],0.0,False,False,iqm,,
89,17,crauste_7_0,"{'n': 0.569, 'e': 0.791, 's': 0.194, 'm': 0.514, 'p': 0.206}","{'muN': 0.65, 'muEE': 0.272, 'muLE': 0.858, 'muLL': 0.685, 'muM': 0.303, 'muP': 0.271, 'muPE': 0.515, 'muPL': 0.121, 'deltaNE': 0.266, 'deltaEL': 0.44, 'deltaLM': 0.399, 'rhoE': 0.471, 'rhoP': 0.322}",-1.0,1.0,1001,crauste,[],0.0,False,False,amigo2,,
90,18,crauste_8_0,"{'n': 0.568, 'e': 0.87, 's': 0.334, 'm': 0.293, 'p': 0.18}","{'muN': 0.673, 'muEE': 0.417, 'muLE': 0.552, 'muLL': 0.247, 'muM': 0.216, 'muP': 0.49, 'muPE': 0.384, 'muPL': 0.852, 'deltaNE': 0.712, 'deltaEL': 0.699, 'deltaLM': 0.823, 'rhoE': 0.167, 'rhoP': 0.542}",-1.0,1.0,1001,crauste,[],0.0,False,False,pe,,
91,18,crauste_8_0,"{'n': 0.568, 'e': 0.87, 's': 0.334, 'm': 0.293, 'p': 0.18}","{'muN': 0.673, 'muEE': 0.417, 'muLE': 0.552, 'muLL': 0.247, 'muM': 0.216, 'muP': 0.49, 'muPE': 0.384, 'muPL': 0.852, 'deltaNE': 0.712, 'deltaEL': 0.699, 'deltaLM': 0.823, 'rhoE': 0.167, 'rhoP': 0.542}",-1.0,1.0,1001,crauste,[],0.0,False,False,odepe,,
92,18,crauste_8_0,"{'n': 0.568, 'e': 0.87, 's': 0.334, 'm': 0.293, 'p': 0.18}","{'muN': 0.673, 'muEE': 0.417, 'muLE': 0.552, 'muLL': 0.247, 'muM': 0.216, 'muP': 0.49, 'muPE': 0.384, 'muPL': 0.852, 'deltaNE': 0.712, 'deltaEL': 0.699, 'deltaLM': 0.823, 'rhoE': 0.167, 'rhoP': 0.542}",-1.0,1.0,1001,crauste,[],0.0,True,True,sciml,"[['muN', '0.6730000518896835'], ['muEE', '0.41715461619372846'], ['muLE', '0.5018333576554681'], ['muLL', '0.533405592138802'], ['muM', '0.14307666596331647'], ['muP', '0.5229985103124464'], ['muPE', '0.41149734522319636'], ['muPL', '0.9585497212732823'], ['deltaNE', '0.7119994487410194'], ['deltaEL', '0.69900141301403'], ['deltaLM', '0.9120592215890876'], ['rhoE', '0.1677673927285425'], ['rhoP', '0.7741159809362571'], ['n', '0.5679999948205569'], ['e', '0.8699998517506364'], ['s', '0.28111926725276243'], ['m', '0.34588493090660194'], ['p', '0.18000022339436775']]",630.3570685386658
93,18,crauste_8_0,"{'n': 0.568, 'e': 0.87, 's': 0.334, 'm': 0.293, 'p': 0.18}","{'muN': 0.673, 'muEE': 0.417, 'muLE': 0.552, 'muLL': 0.247, 'muM': 0.216, 'muP': 0.49, 'muPE': 0.384, 'muPL': 0.852, 'deltaNE': 0.712, 'deltaEL': 0.699, 'deltaLM': 0.823, 'rhoE': 0.167, 'rhoP': 0.542}",-1.0,1.0,1001,crauste,[],0.0,False,False,iqm,,
94,18,crauste_8_0,"{'n': 0.568, 'e': 0.87, 's': 0.334, 'm': 0.293, 'p': 0.18}","{'muN': 0.673, 'muEE': 0.417, 'muLE': 0.552, 'muLL': 0.247, 'muM': 0.216, 'muP': 0.49, 'muPE': 0.384, 'muPL': 0.852, 'deltaNE': 0.712, 'deltaEL': 0.699, 'deltaLM': 0.823, 'rhoE': 0.167, 'rhoP': 0.542}",-1.0,1.0,1001,crauste,[],0.0,True,True,amigo2,"[['muN', '6.7300e-01'], ['muEE', '4.1700e-01'], ['muLE', '1.1133e-01'], ['muLL', '1.6198e+00'], ['muM', '1.4974e-01'], ['muP', '5.2932e-01'], ['muPE', '3.1049e-01'], ['muPL', '6.7130e-01'], ['deltaNE', '7.1200e-01'], ['deltaEL', '6.9900e-01'], ['deltaLM', '8.3793e-01'], ['rhoE', '1.6699e-01'], ['rhoP', '0.0000e+00'], ['n', '5.6800e-01'], ['e', '8.7000e-01'], ['s', '3.1533e-01'], ['m', '3.1167e-01'], ['p', '1.8000e-01']]",303.2881455421448
95,19,crauste_9_0,"{'n': 0.859, 'e': 0.853, 's': 0.739, 'm': 0.604, 'p': 0.799}","{'muN': 0.113, 'muEE': 0.844, 'muLE': 0.636, 'muLL': 0.728, 'muM': 0.325, 'muP': 0.569, 'muPE': 0.151, 'muPL': 0.489, 'deltaNE': 0.882, 'deltaEL': 0.801, 'deltaLM': 0.371, 'rhoE': 0.869, 'rhoP': 0.285}",-1.0,1.0,1001,crauste,[],0.0,False,False,pe,,
96,19,crauste_9_0,"{'n': 0.859, 'e': 0.853, 's': 0.739, 'm': 0.604, 'p': 0.799}","{'muN': 0.113, 'muEE': 0.844, 'muLE': 0.636, 'muLL': 0.728, 'muM': 0.325, 'muP': 0.569, 'muPE': 0.151, 'muPL': 0.489, 'deltaNE': 0.882, 'deltaEL': 0.801, 'deltaLM': 0.371, 'rhoE': 0.869, 'rhoP': 0.285}",-1.0,1.0,1001,crauste,[],0.0,False,False,odepe,,
97,19,crauste_9_0,"{'n': 0.859, 'e': 0.853, 's': 0.739, 'm': 0.604, 'p': 0.799}","{'muN': 0.113, 'muEE': 0.844, 'muLE': 0.636, 'muLL': 0.728, 'muM': 0.325, 'muP': 0.569, 'muPE': 0.151, 'muPL': 0.489, 'deltaNE': 0.882, 'deltaEL': 0.801, 'deltaLM': 0.371, 'rhoE': 0.869, 'rhoP': 0.285}",-1.0,1.0,1001,crauste,[],0.0,True,True,sciml,"[['muN', '93.9548486272993'], ['muEE', '79.02732777149468'], ['muLE', '36.0435127988117'], ['muLL', '71.8664709446425'], ['muM', '48.88215709322055'], ['muP', '60.75609035740871'], ['muPE', '37.36576490718639'], ['muPL', '59.01844221603826'], ['deltaNE', '95.71362835681978'], ['deltaEL', '73.60218157148996'], ['deltaLM', '17.901299166111297'], ['rhoE', '71.09370279899642'], ['rhoP', '77.46029127073348'], ['n', '1.999103449679909'], ['e', '1.6695430729647123'], ['s', '0.9574710938436701'], ['m', '2.04777077440974'], ['p', '2.1039797245184264']]",174.05026078224182
98,19,crauste_9_0,"{'n': 0.859, 'e': 0.853, 's': 0.739, 'm': 0.604, 'p': 0.799}","{'muN': 0.113, 'muEE': 0.844, 'muLE': 0.636, 'muLL': 0.728, 'muM': 0.325, 'muP': 0.569, 'muPE': 0.151, 'muPL': 0.489, 'deltaNE': 0.882, 'deltaEL': 0.801, 'deltaLM': 0.371, 'rhoE': 0.869, 'rhoP': 0.285}",-1.0,1.0,1001,crauste,[],0.0,False,False,iqm,,
99,19,crauste_9_0,"{'n': 0.859, 'e': 0.853, 's': 0.739, 'm': 0.604, 'p': 0.799}","{'muN': 0.113, 'muEE': 0.844, 'muLE': 0.636, 'muLL': 0.728, 'muM': 0.325, 'muP': 0.569, 'muPE': 0.151, 'muPL': 0.489, 'deltaNE': 0.882, 'deltaEL': 0.801, 'deltaLM': 0.371, 'rhoE': 0.869, 'rhoP': 0.285}",-1.0,1.0,1001,crauste,[],0.0,True,True,amigo2,"[['muN', '1.1300e-01'], ['muEE', '8.4400e-01'], ['muLE', '6.3600e-01'], ['muLL', '7.2800e-01'], ['muM', '3.2500e-01'], ['muP', '5.6900e-01'], ['muPE', '1.5100e-01'], ['muPL', '4.8900e-01'], ['deltaNE', '8.8200e-01'], ['deltaEL', '8.0100e-01'], ['deltaLM', '3.7100e-01'], ['rhoE', '8.6900e-01'], ['rhoP', '2.8500e-01'], ['n', '8.5900e-01'], ['e', '8.5300e-01'], ['s', '7.3900e-01'], ['m', '6.0400e-01'], ['p', '7.9900e-01']]",303.9226698875427
100,20,daisy_mamil3_0_0,"{'x1': 0.219, 'x2': 0.885, 'x3': 0.483}","{'a12': 0.334, 'a13': 0.779, 'a21': 0.594, 'a31': 0.111, 'a01': 0.378}",-1.0,1.0,1001,daisy_mamil3,[],0.0,False,False,pe,,
101,20,daisy_mamil3_0_0,"{'x1': 0.219, 'x2': 0.885, 'x3': 0.483}","{'a12': 0.334, 'a13': 0.779, 'a21': 0.594, 'a31': 0.111, 'a01': 0.378}",-1.0,1.0,1001,daisy_mamil3,[],0.0,False,False,odepe,,
102,20,daisy_mamil3_0_0,"{'x1': 0.219, 'x2': 0.885, 'x3': 0.483}","{'a12': 0.334, 'a13': 0.779, 'a21': 0.594, 'a31': 0.111, 'a01': 0.378}",-1.0,1.0,1001,daisy_mamil3,[],0.0,True,True,sciml,"[['a12', '0.33399999970922184'], ['a13', '0.7789973841026954'], ['a21', '0.5939999993638726'], ['a31', '0.11100095128330884'], ['a01', '0.3780010265739736'], ['x1', '0.21899999835616002'], ['x2', '0.884999999978772'], ['x3', '0.4830022054157574']]",190.93860244750977
103,20,daisy_mamil3_0_0,"{'x1': 0.219, 'x2': 0.885, 'x3': 0.483}","{'a12': 0.334, 'a13': 0.779, 'a21': 0.594, 'a31': 0.111, 'a01': 0.378}",-1.0,1.0,1001,daisy_mamil3,[],0.0,False,False,iqm,,
104,20,daisy_mamil3_0_0,"{'x1': 0.219, 'x2': 0.885, 'x3': 0.483}","{'a12': 0.334, 'a13': 0.779, 'a21': 0.594, 'a31': 0.111, 'a01': 0.378}",-1.0,1.0,1001,daisy_mamil3,[],0.0,True,True,amigo2,"[['a12', '3.3400e-01'], ['a13', '7.7900e-01'], ['a21', '5.9400e-01'], ['a31', '1.1100e-01'], ['a01', '3.7800e-01'], ['x1', '2.1900e-01'], ['x2', '8.8500e-01'], ['x3', '4.8300e-01']]",275.65059065818787
105,21,daisy_mamil3_1_0,"{'x1': 0.252, 'x2': 0.509, 'x3': 0.279}","{'a12': 0.498, 'a13': 0.612, 'a21': 0.395, 'a31': 0.21, 'a01': 0.758}",-1.0,1.0,1001,daisy_mamil3,[],0.0,False,False,pe,,
106,21,daisy_mamil3_1_0,"{'x1': 0.252, 'x2': 0.509, 'x3': 0.279}","{'a12': 0.498, 'a13': 0.612, 'a21': 0.395, 'a31': 0.21, 'a01': 0.758}",-1.0,1.0,1001,daisy_mamil3,[],0.0,False,False,odepe,,
107,21,daisy_mamil3_1_0,"{'x1': 0.252, 'x2': 0.509, 'x3': 0.279}","{'a12': 0.498, 'a13': 0.612, 'a21': 0.395, 'a31': 0.21, 'a01': 0.758}",-1.0,1.0,1001,daisy_mamil3,[],0.0,True,True,sciml,"[['a12', '0.49799999710558757'], ['a13', '0.6119437709065356'], ['a21', '0.39499999540929775'], ['a31', '0.20999959438337212'], ['a01', '0.7580296283236874'], ['x1', '0.2519999959391941'], ['x2', '0.5089999999386065'], ['x3', '0.2790377584517188']]",194.18462991714478
108,21,daisy_mamil3_1_0,"{'x1': 0.252, 'x2': 0.509, 'x3': 0.279}","{'a12': 0.498, 'a13': 0.612, 'a21': 0.395, 'a31': 0.21, 'a01': 0.758}",-1.0,1.0,1001,daisy_mamil3,[],0.0,False,False,iqm,,
109,21,daisy_mamil3_1_0,"{'x1': 0.252, 'x2': 0.509, 'x3': 0.279}","{'a12': 0.498, 'a13': 0.612, 'a21': 0.395, 'a31': 0.21, 'a01': 0.758}",-1.0,1.0,1001,daisy_mamil3,[],0.0,True,True,amigo2,"[['a12', '4.9800e-01'], ['a13', '6.1200e-01'], ['a21', '3.9500e-01'], ['a31', '2.1000e-01'], ['a01', '7.5800e-01'], ['x1', '2.5200e-01'], ['x2', '5.0900e-01'], ['x3', '2.7900e-01']]",1449.9695191383362
110,22,daisy_mamil3_2_0,"{'x1': 0.719, 'x2': 0.367, 'x3': 0.165}","{'a12': 0.178, 'a13': 0.79, 'a21': 0.878, 'a31': 0.869, 'a01': 0.825}",-1.0,1.0,1001,daisy_mamil3,[],0.0,False,False,pe,,
111,22,daisy_mamil3_2_0,"{'x1': 0.719, 'x2': 0.367, 'x3': 0.165}","{'a12': 0.178, 'a13': 0.79, 'a21': 0.878, 'a31': 0.869, 'a01': 0.825}",-1.0,1.0,1001,daisy_mamil3,[],0.0,False,False,odepe,,
112,22,daisy_mamil3_2_0,"{'x1': 0.719, 'x2': 0.367, 'x3': 0.165}","{'a12': 0.178, 'a13': 0.79, 'a21': 0.878, 'a31': 0.869, 'a01': 0.825}",-1.0,1.0,1001,daisy_mamil3,[],0.0,True,True,sciml,"[['a12', '0.17800000554750114'], ['a13', '0.7899628272280791'], ['a21', '0.878000012346756'], ['a31', '0.8689857816286594'], ['a01', '0.825036718552083'], ['x1', '0.7189999817041216'], ['x2', '0.3669999990032056'], ['x3', '0.1650286274314155']]",167.1722972393036
113,22,daisy_mamil3_2_0,"{'x1': 0.719, 'x2': 0.367, 'x3': 0.165}","{'a12': 0.178, 'a13': 0.79, 'a21': 0.878, 'a31': 0.869, 'a01': 0.825}",-1.0,1.0,1001,daisy_mamil3,[],0.0,False,False,iqm,,
114,22,daisy_mamil3_2_0,"{'x1': 0.719, 'x2': 0.367, 'x3': 0.165}","{'a12': 0.178, 'a13': 0.79, 'a21': 0.878, 'a31': 0.869, 'a01': 0.825}",-1.0,1.0,1001,daisy_mamil3,[],0.0,True,True,amigo2,"[['a12', '1.7800e-01'], ['a13', '7.9000e-01'], ['a21', '8.7800e-01'], ['a31', '8.6900e-01'], ['a01', '8.2500e-01'], ['x1', '7.1900e-01'], ['x2', '3.6700e-01'], ['x3', '1.6500e-01']]",295.20074462890625
115,23,daisy_mamil3_3_0,"{'x1': 0.109, 'x2': 0.716, 'x3': 0.218}","{'a12': 0.426, 'a13': 0.286, 'a21': 0.206, 'a31': 0.143, 'a01': 0.68}",-1.0,1.0,1001,daisy_mamil3,[],0.0,False,False,pe,,
116,23,daisy_mamil3_3_0,"{'x1': 0.109, 'x2': 0.716, 'x3': 0.218}","{'a12': 0.426, 'a13': 0.286, 'a21': 0.206, 'a31': 0.143, 'a01': 0.68}",-1.0,1.0,1001,daisy_mamil3,[],0.0,False,False,odepe,,
117,23,daisy_mamil3_3_0,"{'x1': 0.109, 'x2': 0.716, 'x3': 0.218}","{'a12': 0.426, 'a13': 0.286, 'a21': 0.206, 'a31': 0.143, 'a01': 0.68}",-1.0,1.0,1001,daisy_mamil3,[],0.0,True,True,sciml,"[['a12', '0.42599999859784654'], ['a13', '0.2860870298022718'], ['a21', '0.20599999675984357'], ['a31', '0.1430126392037597'], ['a01', '0.6799765101606081'], ['x1', '0.10899998995549051'], ['x2', '0.7159999998268876'], ['x3', '0.2179299434682363']]",229.3589572906494
118,23,daisy_mamil3_3_0,"{'x1': 0.109, 'x2': 0.716, 'x3': 0.218}","{'a12': 0.426, 'a13': 0.286, 'a21': 0.206, 'a31': 0.143, 'a01': 0.68}",-1.0,1.0,1001,daisy_mamil3,[],0.0,False,False,iqm,,
119,23,daisy_mamil3_3_0,"{'x1': 0.109, 'x2': 0.716, 'x3': 0.218}","{'a12': 0.426, 'a13': 0.286, 'a21': 0.206, 'a31': 0.143, 'a01': 0.68}",-1.0,1.0,1001,daisy_mamil3,[],0.0,True,True,amigo2,"[['a12', '4.2600e-01'], ['a13', '2.8600e-01'], ['a21', '2.0600e-01'], ['a31', '1.4300e-01'], ['a01', '6.8000e-01'], ['x1', '1.0900e-01'], ['x2', '7.1600e-01'], ['x3', '2.1800e-01']]",1432.6166636943817
120,24,daisy_mamil3_4_0,"{'x1': 0.546, 'x2': 0.788, 'x3': 0.682}","{'a12': 0.164, 'a13': 0.172, 'a21': 0.638, 'a31': 0.296, 'a01': 0.436}",-1.0,1.0,1001,daisy_mamil3,[],0.0,False,False,pe,,
121,24,daisy_mamil3_4_0,"{'x1': 0.546, 'x2': 0.788, 'x3': 0.682}","{'a12': 0.164, 'a13': 0.172, 'a21': 0.638, 'a31': 0.296, 'a01': 0.436}",-1.0,1.0,1001,daisy_mamil3,[],0.0,False,False,odepe,,
122,24,daisy_mamil3_4_0,"{'x1': 0.546, 'x2': 0.788, 'x3': 0.682}","{'a12': 0.164, 'a13': 0.172, 'a21': 0.638, 'a31': 0.296, 'a01': 0.436}",-1.0,1.0,1001,daisy_mamil3,[],0.0,True,True,sciml,"[['a12', '0.16400008362403465'], ['a13', '0.15542000207909948'], ['a21', '0.6380002322867117'], ['a31', '0.27160517033858955'], ['a01', '0.46699385999043314'], ['x1', '0.5459991868111729'], ['x2', '0.7879999874095537'], ['x3', '0.7780025295333988']]",177.45726680755615
123,24,daisy_mamil3_4_0,"{'x1': 0.546, 'x2': 0.788, 'x3': 0.682}","{'a12': 0.164, 'a13': 0.172, 'a21': 0.638, 'a31': 0.296, 'a01': 0.436}",-1.0,1.0,1001,daisy_mamil3,[],0.0,False,False,iqm,,
124,24,daisy_mamil3_4_0,"{'x1': 0.546, 'x2': 0.788, 'x3': 0.682}","{'a12': 0.164, 'a13': 0.172, 'a21': 0.638, 'a31': 0.296, 'a01': 0.436}",-1.0,1.0,1001,daisy_mamil3,[],0.0,True,True,amigo2,"[['a12', '1.6400e-01'], ['a13', '1.7200e-01'], ['a21', '6.3800e-01'], ['a31', '2.9600e-01'], ['a01', '4.3600e-01'], ['x1', '5.4600e-01'], ['x2', '7.8800e-01'], ['x3', '6.8200e-01']]",285.93818259239197
125,25,daisy_mamil3_5_0,"{'x1': 0.465, 'x2': 0.647, 'x3': 0.657}","{'a12': 0.316, 'a13': 0.205, 'a21': 0.144, 'a31': 0.341, 'a01': 0.31}",-1.0,1.0,1001,daisy_mamil3,[],0.0,False,False,pe,,
126,25,daisy_mamil3_5_0,"{'x1': 0.465, 'x2': 0.647, 'x3': 0.657}","{'a12': 0.316, 'a13': 0.205, 'a21': 0.144, 'a31': 0.341, 'a01': 0.31}",-1.0,1.0,1001,daisy_mamil3,[],0.0,False,False,odepe,,
127,25,daisy_mamil3_5_0,"{'x1': 0.465, 'x2': 0.647, 'x3': 0.657}","{'a12': 0.316, 'a13': 0.205, 'a21': 0.144, 'a31': 0.341, 'a01': 0.31}",-1.0,1.0,1001,daisy_mamil3,[],0.0,True,True,sciml,"[['a12', '0.3159999993016438'], ['a13', '0.20501455195280288'], ['a21', '0.14399999913898395'], ['a31', '0.34102072568599'], ['a01', '0.31001737941737517'], ['x1', '0.4649999974151335'], ['x2', '0.6469999999843494'], ['x3', '0.6570399349082853']]",232.6340401172638
128,25,daisy_mamil3_5_0,"{'x1': 0.465, 'x2': 0.647, 'x3': 0.657}","{'a12': 0.316, 'a13': 0.205, 'a21': 0.144, 'a31': 0.341, 'a01': 0.31}",-1.0,1.0,1001,daisy_mamil3,[],0.0,False,False,iqm,,
129,25,daisy_mamil3_5_0,"{'x1': 0.465, 'x2': 0.647, 'x3': 0.657}","{'a12': 0.316, 'a13': 0.205, 'a21': 0.144, 'a31': 0.341, 'a01': 0.31}",-1.0,1.0,1001,daisy_mamil3,[],0.0,True,True,amigo2,"[['a12', '3.1600e-01'], ['a13', '2.0500e-01'], ['a21', '1.4400e-01'], ['a31', '3.4100e-01'], ['a01', '3.1000e-01'], ['x1', '4.6500e-01'], ['x2', '6.4700e-01'], ['x3', '6.5700e-01']]",271.0712652206421
130,26,daisy_mamil3_6_0,"{'x1': 0.658, 'x2': 0.723, 'x3': 0.722}","{'a12': 0.327, 'a13': 0.404, 'a21': 0.245, 'a31': 0.731, 'a01': 0.145}",-1.0,1.0,1001,daisy_mamil3,[],0.0,False,False,pe,,
131,26,daisy_mamil3_6_0,"{'x1': 0.658, 'x2': 0.723, 'x3': 0.722}","{'a12': 0.327, 'a13': 0.404, 'a21': 0.245, 'a31': 0.731, 'a01': 0.145}",-1.0,1.0,1001,daisy_mamil3,[],0.0,False,False,odepe,,
132,26,daisy_mamil3_6_0,"{'x1': 0.658, 'x2': 0.723, 'x3': 0.722}","{'a12': 0.327, 'a13': 0.404, 'a21': 0.245, 'a31': 0.731, 'a01': 0.145}",-1.0,1.0,1001,daisy_mamil3,[],0.0,True,True,sciml,"[['a12', '0.3270000000560861'], ['a13', '0.4039999622848939'], ['a21', '0.24500000006560096'], ['a31', '0.7310000371434439'], ['a01', '0.14500000034484462'], ['x1', '0.6580000000096042'], ['x2', '0.7229999999996632'], ['x3', '0.7220001281754351']]",536.1181557178497
133,26,daisy_mamil3_6_0,"{'x1': 0.658, 'x2': 0.723, 'x3': 0.722}","{'a12': 0.327, 'a13': 0.404, 'a21': 0.245, 'a31': 0.731, 'a01': 0.145}",-1.0,1.0,1001,daisy_mamil3,[],0.0,False,False,iqm,,
134,26,daisy_mamil3_6_0,"{'x1': 0.658, 'x2': 0.723, 'x3': 0.722}","{'a12': 0.327, 'a13': 0.404, 'a21': 0.245, 'a31': 0.731, 'a01': 0.145}",-1.0,1.0,1001,daisy_mamil3,[],0.0,True,True,amigo2,"[['a12', '3.2700e-01'], ['a13', '4.0400e-01'], ['a21', '2.4500e-01'], ['a31', '7.3100e-01'], ['a01', '1.4500e-01'], ['x1', '6.5800e-01'], ['x2', '7.2300e-01'], ['x3', '7.2200e-01']]",277.90779423713684
135,27,daisy_mamil3_7_0,"{'x1': 0.258, 'x2': 0.468, 'x3': 0.136}","{'a12': 0.308, 'a13': 0.399, 'a21': 0.57, 'a31': 0.318, 'a01': 0.397}",-1.0,1.0,1001,daisy_mamil3,[],0.0,False,False,pe,,
136,27,daisy_mamil3_7_0,"{'x1': 0.258, 'x2': 0.468, 'x3': 0.136}","{'a12': 0.308, 'a13': 0.399, 'a21': 0.57, 'a31': 0.318, 'a01': 0.397}",-1.0,1.0,1001,daisy_mamil3,[],0.0,False,False,odepe,,
137,27,daisy_mamil3_7_0,"{'x1': 0.258, 'x2': 0.468, 'x3': 0.136}","{'a12': 0.308, 'a13': 0.399, 'a21': 0.57, 'a31': 0.318, 'a01': 0.397}",-1.0,1.0,1001,daisy_mamil3,[],0.0,True,True,sciml,"[['a12', '0.30799786032257304'], ['a13', '0.23115284886344709'], ['a21', '0.5699950187713341'], ['a31', '0.3214735974720179'], ['a01', '0.4579841221238433'], ['x1', '0.25800394564358614'], ['x2', '0.468000056175847'], ['x3', '0.30648108978418387']]",235.08698081970215
138,27,daisy_mamil3_7_0,"{'x1': 0.258, 'x2': 0.468, 'x3': 0.136}","{'a12': 0.308, 'a13': 0.399, 'a21': 0.57, 'a31': 0.318, 'a01': 0.397}",-1.0,1.0,1001,daisy_mamil3,[],0.0,False,False,iqm,,
139,27,daisy_mamil3_7_0,"{'x1': 0.258, 'x2': 0.468, 'x3': 0.136}","{'a12': 0.308, 'a13': 0.399, 'a21': 0.57, 'a31': 0.318, 'a01': 0.397}",-1.0,1.0,1001,daisy_mamil3,[],0.0,True,True,amigo2,"[['a12', '3.0800e-01'], ['a13', '3.9900e-01'], ['a21', '5.7000e-01'], ['a31', '3.1800e-01'], ['a01', '3.9700e-01'], ['x1', '2.5800e-01'], ['x2', '4.6800e-01'], ['x3', '1.3600e-01']]",1157.8367354869843
140,28,daisy_mamil3_8_0,"{'x1': 0.868, 'x2': 0.616, 'x3': 0.128}","{'a12': 0.74, 'a13': 0.162, 'a21': 0.515, 'a31': 0.345, 'a01': 0.562}",-1.0,1.0,1001,daisy_mamil3,[],0.0,False,False,pe,,
141,28,daisy_mamil3_8_0,"{'x1': 0.868, 'x2': 0.616, 'x3': 0.128}","{'a12': 0.74, 'a13': 0.162, 'a21': 0.515, 'a31': 0.345, 'a01': 0.562}",-1.0,1.0,1001,daisy_mamil3,[],0.0,False,False,odepe,,
142,28,daisy_mamil3_8_0,"{'x1': 0.868, 'x2': 0.616, 'x3': 0.128}","{'a12': 0.74, 'a13': 0.162, 'a21': 0.515, 'a31': 0.345, 'a01': 0.562}",-1.0,1.0,1001,daisy_mamil3,[],0.0,True,True,sciml,"[['a12', '0.7399999993156706'], ['a13', '0.16199814713563174'], ['a21', '0.5149999992799731'], ['a31', '0.3450014773446137'], ['a01', '0.5619991148363246'], ['x1', '0.8680000007713762'], ['x2', '0.6160000000401156'], ['x3', '0.1280045755799888']]",229.88490509986877
143,28,daisy_mamil3_8_0,"{'x1': 0.868, 'x2': 0.616, 'x3': 0.128}","{'a12': 0.74, 'a13': 0.162, 'a21': 0.515, 'a31': 0.345, 'a01': 0.562}",-1.0,1.0,1001,daisy_mamil3,[],0.0,False,False,iqm,,
144,28,daisy_mamil3_8_0,"{'x1': 0.868, 'x2': 0.616, 'x3': 0.128}","{'a12': 0.74, 'a13': 0.162, 'a21': 0.515, 'a31': 0.345, 'a01': 0.562}",-1.0,1.0,1001,daisy_mamil3,[],0.0,True,True,amigo2,"[['a12', '7.4000e-01'], ['a13', '1.6200e-01'], ['a21', '5.1500e-01'], ['a31', '3.4500e-01'], ['a01', '5.6200e-01'], ['x1', '8.6800e-01'], ['x2', '6.1600e-01'], ['x3', '1.2800e-01']]",281.275358915329
145,29,daisy_mamil3_9_0,"{'x1': 0.203, 'x2': 0.414, 'x3': 0.865}","{'a12': 0.444, 'a13': 0.508, 'a21': 0.529, 'a31': 0.645, 'a01': 0.322}",-1.0,1.0,1001,daisy_mamil3,[],0.0,False,False,pe,,
146,29,daisy_mamil3_9_0,"{'x1': 0.203, 'x2': 0.414, 'x3': 0.865}","{'a12': 0.444, 'a13': 0.508, 'a21': 0.529, 'a31': 0.645, 'a01': 0.322}",-1.0,1.0,1001,daisy_mamil3,[],0.0,False,False,odepe,,
147,29,daisy_mamil3_9_0,"{'x1': 0.203, 'x2': 0.414, 'x3': 0.865}","{'a12': 0.444, 'a13': 0.508, 'a21': 0.529, 'a31': 0.645, 'a01': 0.322}",-1.0,1.0,1001,daisy_mamil3,[],0.0,True,True,sciml,"[['a12', '0.4439999955089089'], ['a13', '0.507942814086476'], ['a21', '0.5289999940779576'], ['a31', '0.6450107911688729'], ['a01', '0.32203689384251893'], ['x1', '0.20299998214241785'], ['x2', '0.41399999993491304'], ['x3', '0.8651169175109009']]",254.49837064743042
148,29,daisy_mamil3_9_0,"{'x1': 0.203, 'x2': 0.414, 'x3': 0.865}","{'a12': 0.444, 'a13': 0.508, 'a21': 0.529, 'a31': 0.645, 'a01': 0.322}",-1.0,1.0,1001,daisy_mamil3,[],0.0,False,False,iqm,,
149,29,daisy_mamil3_9_0,"{'x1': 0.203, 'x2': 0.414, 'x3': 0.865}","{'a12': 0.444, 'a13': 0.508, 'a21': 0.529, 'a31': 0.645, 'a01': 0.322}",-1.0,1.0,1001,daisy_mamil3,[],0.0,True,True,amigo2,"[['a12', '4.4400e-01'], ['a13', '5.0800e-01'], ['a21', '5.2900e-01'], ['a31', '6.4500e-01'], ['a01', '3.2200e-01'], ['x1', '2.0300e-01'], ['x2', '4.1400e-01'], ['x3', '8.6500e-01']]",278.71207642555237
150,30,daisy_mamil4_0_0,"{'x1': 0.419, 'x2': 0.823, 'x3': 0.652, 'x4': 0.66}","{'k01': 0.25, 'k12': 0.823, 'k13': 0.535, 'k14': 0.466, 'k21': 0.806, 'k31': 0.467, 'k41': 0.679}",-1.0,1.0,1001,daisy_mamil4,[],0.0,False,False,pe,,
151,30,daisy_mamil4_0_0,"{'x1': 0.419, 'x2': 0.823, 'x3': 0.652, 'x4': 0.66}","{'k01': 0.25, 'k12': 0.823, 'k13': 0.535, 'k14': 0.466, 'k21': 0.806, 'k31': 0.467, 'k41': 0.679}",-1.0,1.0,1001,daisy_mamil4,[],0.0,False,False,odepe,,
152,30,daisy_mamil4_0_0,"{'x1': 0.419, 'x2': 0.823, 'x3': 0.652, 'x4': 0.66}","{'k01': 0.25, 'k12': 0.823, 'k13': 0.535, 'k14': 0.466, 'k21': 0.806, 'k31': 0.467, 'k41': 0.679}",-1.0,1.0,1001,daisy_mamil4,[],0.0,True,True,sciml,"[['k01', '0.2497994188565219'], ['k12', '0.8243868725932223'], ['k13', '68.18765877441973'], ['k14', '0.5272468938496966'], ['k21', '0.8078061079330217'], ['k31', '2.5000253461222263e-10'], ['k41', '1.2188455968866736'], ['x1', '0.41860115298133027'], ['x2', '0.8231176489347957'], ['x3', '2.8984289953979504e-12'], ['x4', '1.3121617823765386']]",181.10290145874023
153,30,daisy_mamil4_0_0,"{'x1': 0.419, 'x2': 0.823, 'x3': 0.652, 'x4': 0.66}","{'k01': 0.25, 'k12': 0.823, 'k13': 0.535, 'k14': 0.466, 'k21': 0.806, 'k31': 0.467, 'k41': 0.679}",-1.0,1.0,1001,daisy_mamil4,[],0.0,False,False,iqm,,
154,30,daisy_mamil4_0_0,"{'x1': 0.419, 'x2': 0.823, 'x3': 0.652, 'x4': 0.66}","{'k01': 0.25, 'k12': 0.823, 'k13': 0.535, 'k14': 0.466, 'k21': 0.806, 'k31': 0.467, 'k41': 0.679}",-1.0,1.0,1001,daisy_mamil4,[],0.0,True,True,amigo2,"[['k01', '2.5000e-01'], ['k12', '8.2300e-01'], ['k13', '4.6709e-01'], ['k14', '5.2779e-01'], ['k21', '8.0600e-01'], ['k31', '6.4399e-01'], ['k41', '5.0227e-01'], ['x1', '4.1900e-01'], ['x2', '8.2300e-01'], ['x3', '5.9268e-01'], ['x4', '7.1932e-01']]",307.3109595775604
155,31,daisy_mamil4_1_0,"{'x1': 0.467, 'x2': 0.573, 'x3': 0.786, 'x4': 0.466}","{'k01': 0.362, 'k12': 0.705, 'k13': 0.609, 'k14': 0.292, 'k21': 0.228, 'k31': 0.737, 'k41': 0.867}",-1.0,1.0,1001,daisy_mamil4,[],0.0,False,False,pe,,
156,31,daisy_mamil4_1_0,"{'x1': 0.467, 'x2': 0.573, 'x3': 0.786, 'x4': 0.466}","{'k01': 0.362, 'k12': 0.705, 'k13': 0.609, 'k14': 0.292, 'k21': 0.228, 'k31': 0.737, 'k41': 0.867}",-1.0,1.0,1001,daisy_mamil4,[],0.0,False,False,odepe,,
157,31,daisy_mamil4_1_0,"{'x1': 0.467, 'x2': 0.573, 'x3': 0.786, 'x4': 0.466}","{'k01': 0.362, 'k12': 0.705, 'k13': 0.609, 'k14': 0.292, 'k21': 0.228, 'k31': 0.737, 'k41': 0.867}",-1.0,1.0,1001,daisy_mamil4,[],0.0,True,True,sciml,"[['k01', '0.3620000013919392'], ['k12', '0.7050001534358133'], ['k13', '0.29008293705906635'], ['k14', '0.6970498021237489'], ['k21', '0.22800013572532435'], ['k31', '0.9118500896757583'], ['k41', '0.6830363191899073'], ['x1', '0.46699868591696364'], ['x2', '0.5730000058113891'], ['x3', '0.6442534037637958'], ['x4', '0.607747905486299']]",488.772225856781
158,31,daisy_mamil4_1_0,"{'x1': 0.467, 'x2': 0.573, 'x3': 0.786, 'x4': 0.466}","{'k01': 0.362, 'k12': 0.705, 'k13': 0.609, 'k14': 0.292, 'k21': 0.228, 'k31': 0.737, 'k41': 0.867}",-1.0,1.0,1001,daisy_mamil4,[],0.0,False,False,iqm,,
159,31,daisy_mamil4_1_0,"{'x1': 0.467, 'x2': 0.573, 'x3': 0.786, 'x4': 0.466}","{'k01': 0.362, 'k12': 0.705, 'k13': 0.609, 'k14': 0.292, 'k21': 0.228, 'k31': 0.737, 'k41': 0.867}",-1.0,1.0,1001,daisy_mamil4,[],0.0,True,True,amigo2,"[['k01', '3.6200e-01'], ['k12', '7.0500e-01'], ['k13', '2.9200e-01'], ['k14', '6.0900e-01'], ['k21', '2.2800e-01'], ['k31', '8.6700e-01'], ['k41', '7.3700e-01'], ['x1', '4.6700e-01'], ['x2', '5.7300e-01'], ['x3', '4.6600e-01'], ['x4', '7.8600e-01']]",293.12362480163574
160,32,daisy_mamil4_2_0,"{'x1': 0.419, 'x2': 0.15, 'x3': 0.439, 'x4': 0.307}","{'k01': 0.861, 'k12': 0.561, 'k13': 0.757, 'k14': 0.827, 'k21': 0.752, 'k31': 0.228, 'k41': 0.603}",-1.0,1.0,1001,daisy_mamil4,[],0.0,False,False,pe,,
161,32,daisy_mamil4_2_0,"{'x1': 0.419, 'x2': 0.15, 'x3': 0.439, 'x4': 0.307}","{'k01': 0.861, 'k12': 0.561, 'k13': 0.757, 'k14': 0.827, 'k21': 0.752, 'k31': 0.228, 'k41': 0.603}",-1.0,1.0,1001,daisy_mamil4,[],0.0,False,False,odepe,,
162,32,daisy_mamil4_2_0,"{'x1': 0.419, 'x2': 0.15, 'x3': 0.439, 'x4': 0.307}","{'k01': 0.861, 'k12': 0.561, 'k13': 0.757, 'k14': 0.827, 'k21': 0.752, 'k31': 0.228, 'k41': 0.603}",-1.0,1.0,1001,daisy_mamil4,[],0.0,True,True,sciml,"[['k01', '0.8610000006684745'], ['k12', '0.5609999900926137'], ['k13', '0.8416477727602525'], ['k14', '0.7575941731665299'], ['k21', '0.7519999913381251'], ['k31', '0.5045066664127912'], ['k41', '0.32597664923086517'], ['x1', '0.41899999508394026'], ['x2', '0.15000000039664532'], ['x3', '0.2478228387696505'], ['x4', '0.4981771659184777']]",184.5792908668518
163,32,daisy_mamil4_2_0,"{'x1': 0.419, 'x2': 0.15, 'x3': 0.439, 'x4': 0.307}","{'k01': 0.861, 'k12': 0.561, 'k13': 0.757, 'k14': 0.827, 'k21': 0.752, 'k31': 0.228, 'k41': 0.603}",-1.0,1.0,1001,daisy_mamil4,[],0.0,False,False,iqm,,
164,32,daisy_mamil4_2_0,"{'x1': 0.419, 'x2': 0.15, 'x3': 0.439, 'x4': 0.307}","{'k01': 0.861, 'k12': 0.561, 'k13': 0.757, 'k14': 0.827, 'k21': 0.752, 'k31': 0.228, 'k41': 0.603}",-1.0,1.0,1001,daisy_mamil4,[],0.0,True,True,amigo2,"[['k01', '8.6100e-01'], ['k12', '5.6100e-01'], ['k13', '8.9071e-01'], ['k14', '7.5878e-01'], ['k21', '7.5200e-01'], ['k31', '3.2999e-01'], ['k41', '4.9879e-01'], ['x1', '4.1900e-01'], ['x2', '1.5000e-01'], ['x3', '1.4575e-01'], ['x4', '6.0025e-01']]",317.7493622303009
165,33,daisy_mamil4_3_0,"{'x1': 0.421, 'x2': 0.843, 'x3': 0.18, 'x4': 0.856}","{'k01': 0.779, 'k12': 0.127, 'k13': 0.867, 'k14': 0.384, 'k21': 0.385, 'k31': 0.113, 'k41': 0.248}",-1.0,1.0,1001,daisy_mamil4,[],0.0,False,False,pe,,
166,33,daisy_mamil4_3_0,"{'x1': 0.421, 'x2': 0.843, 'x3': 0.18, 'x4': 0.856}","{'k01': 0.779, 'k12': 0.127, 'k13': 0.867, 'k14': 0.384, 'k21': 0.385, 'k31': 0.113, 'k41': 0.248}",-1.0,1.0,1001,daisy_mamil4,[],0.0,False,False,odepe,,
167,33,daisy_mamil4_3_0,"{'x1': 0.421, 'x2': 0.843, 'x3': 0.18, 'x4': 0.856}","{'k01': 0.779, 'k12': 0.127, 'k13': 0.867, 'k14': 0.384, 'k21': 0.385, 'k31': 0.113, 'k41': 0.248}",-1.0,1.0,1001,daisy_mamil4,[],0.0,True,True,sciml,"[['k01', '0.7789970055633118'], ['k12', '0.1270303239196696'], ['k13', '0.6383668452291594'], ['k14', '8.338466985176517'], ['k21', '0.385074032116707'], ['k31', '0.7740742231913524'], ['k41', '0.008689602062091783'], ['x1', '0.4210260940445054'], ['x2', '0.8429985073051581'], ['x3', '1.0359744798569461'], ['x4', '1.0903971795864852e-10']]",197.98846316337585
168,33,daisy_mamil4_3_0,"{'x1': 0.421, 'x2': 0.843, 'x3': 0.18, 'x4': 0.856}","{'k01': 0.779, 'k12': 0.127, 'k13': 0.867, 'k14': 0.384, 'k21': 0.385, 'k31': 0.113, 'k41': 0.248}",-1.0,1.0,1001,daisy_mamil4,[],0.0,False,False,iqm,,
169,33,daisy_mamil4_3_0,"{'x1': 0.421, 'x2': 0.843, 'x3': 0.18, 'x4': 0.856}","{'k01': 0.779, 'k12': 0.127, 'k13': 0.867, 'k14': 0.384, 'k21': 0.385, 'k31': 0.113, 'k41': 0.248}",-1.0,1.0,1001,daisy_mamil4,[],0.0,True,True,amigo2,"[['k01', '7.7900e-01'], ['k12', '1.2700e-01'], ['k13', '8.6700e-01'], ['k14', '3.8400e-01'], ['k21', '3.8500e-01'], ['k31', '1.1300e-01'], ['k41', '2.4800e-01'], ['x1', '4.2100e-01'], ['x2', '8.4300e-01'], ['x3', '1.8000e-01'], ['x4', '8.5600e-01']]",290.9835617542267
170,34,daisy_mamil4_4_0,"{'x1': 0.443, 'x2': 0.154, 'x3': 0.302, 'x4': 0.277}","{'k01': 0.796, 'k12': 0.463, 'k13': 0.361, 'k14': 0.286, 'k21': 0.592, 'k31': 0.126, 'k41': 0.112}",-1.0,1.0,1001,daisy_mamil4,[],0.0,False,False,pe,,
171,34,daisy_mamil4_4_0,"{'x1': 0.443, 'x2': 0.154, 'x3': 0.302, 'x4': 0.277}","{'k01': 0.796, 'k12': 0.463, 'k13': 0.361, 'k14': 0.286, 'k21': 0.592, 'k31': 0.126, 'k41': 0.112}",-1.0,1.0,1001,daisy_mamil4,[],0.0,False,False,odepe,,
172,34,daisy_mamil4_4_0,"{'x1': 0.443, 'x2': 0.154, 'x3': 0.302, 'x4': 0.277}","{'k01': 0.796, 'k12': 0.463, 'k13': 0.361, 'k14': 0.286, 'k21': 0.592, 'k31': 0.126, 'k41': 0.112}",-1.0,1.0,1001,daisy_mamil4,[],0.0,True,True,sciml,"[['k01', '0.7959999942562059'], ['k12', '0.46300007958625355'], ['k13', '66.73886550585571'], ['k14', '0.3382995844056721'], ['k21', '0.5920000710020905'], ['k31', '1.496300566382084'], ['k41', '0.2714677842927254'], ['x1', '0.44300009991588657'], ['x2', '0.15399999643595758'], ['x3', '0.01009087812467127'], ['x4', '0.5689090242223374']]",169.582861661911
173,34,daisy_mamil4_4_0,"{'x1': 0.443, 'x2': 0.154, 'x3': 0.302, 'x4': 0.277}","{'k01': 0.796, 'k12': 0.463, 'k13': 0.361, 'k14': 0.286, 'k21': 0.592, 'k31': 0.126, 'k41': 0.112}",-1.0,1.0,1001,daisy_mamil4,[],0.0,False,False,iqm,,
174,34,daisy_mamil4_4_0,"{'x1': 0.443, 'x2': 0.154, 'x3': 0.302, 'x4': 0.277}","{'k01': 0.796, 'k12': 0.463, 'k13': 0.361, 'k14': 0.286, 'k21': 0.592, 'k31': 0.126, 'k41': 0.112}",-1.0,1.0,1001,daisy_mamil4,[],0.0,True,True,amigo2,"[['k01', '7.9600e-01'], ['k12', '4.6300e-01'], ['k13', '1.2877e+01'], ['k14', '3.3822e-01'], ['k21', '5.9200e-01'], ['k31', '2.5566e-01'], ['k41', '2.7172e-01'], ['x1', '4.4300e-01'], ['x2', '1.5400e-01'], ['x3', '9.6184e-03'], ['x4', '5.6938e-01']]",301.85226011276245
175,35,daisy_mamil4_5_0,"{'x1': 0.427, 'x2': 0.23, 'x3': 0.611, 'x4': 0.492}","{'k01': 0.303, 'k12': 0.205, 'k13': 0.11, 'k14': 0.192, 'k21': 0.595, 'k31': 0.879, 'k41': 0.892}",-1.0,1.0,1001,daisy_mamil4,[],0.0,False,False,pe,,
176,35,daisy_mamil4_5_0,"{'x1': 0.427, 'x2': 0.23, 'x3': 0.611, 'x4': 0.492}","{'k01': 0.303, 'k12': 0.205, 'k13': 0.11, 'k14': 0.192, 'k21': 0.595, 'k31': 0.879, 'k41': 0.892}",-1.0,1.0,1001,daisy_mamil4,[],0.0,False,False,odepe,,
177,35,daisy_mamil4_5_0,"{'x1': 0.427, 'x2': 0.23, 'x3': 0.611, 'x4': 0.492}","{'k01': 0.303, 'k12': 0.205, 'k13': 0.11, 'k14': 0.192, 'k21': 0.595, 'k31': 0.879, 'k41': 0.892}",-1.0,1.0,1001,daisy_mamil4,[],0.0,True,True,sciml,"[['k01', '0.30300005568422006'], ['k12', '0.2049992599685229'], ['k13', '0.10712943099128013'], ['k14', '0.2646109959430363'], ['k21', '0.5949985969544114'], ['k31', '1.0254644705964773'], ['k41', '0.7305311626187134'], ['x1', '0.42700144561497255'], ['x2', '0.23000006292784178'], ['x3', '0.8675350244794126'], ['x4', '0.23546347741630155']]",320.5862092971802
178,35,daisy_mamil4_5_0,"{'x1': 0.427, 'x2': 0.23, 'x3': 0.611, 'x4': 0.492}","{'k01': 0.303, 'k12': 0.205, 'k13': 0.11, 'k14': 0.192, 'k21': 0.595, 'k31': 0.879, 'k41': 0.892}",-1.0,1.0,1001,daisy_mamil4,[],0.0,False,False,iqm,,
179,35,daisy_mamil4_5_0,"{'x1': 0.427, 'x2': 0.23, 'x3': 0.611, 'x4': 0.492}","{'k01': 0.303, 'k12': 0.205, 'k13': 0.11, 'k14': 0.192, 'k21': 0.595, 'k31': 0.879, 'k41': 0.892}",-1.0,1.0,1001,daisy_mamil4,[],0.0,True,True,amigo2,"[['k01', '3.0300e-01'], ['k12', '2.0500e-01'], ['k13', '2.6937e-01'], ['k14', '7.1820e-02'], ['k21', '5.9500e-01'], ['k31', '1.1837e+00'], ['k41', '5.4877e-01'], ['x1', '4.2700e-01'], ['x2', '2.3000e-01'], ['x3', '3.3408e-01'], ['x4', '7.6892e-01']]",304.1343734264374
180,36,daisy_mamil4_6_0,"{'x1': 0.633, 'x2': 0.514, 'x3': 0.439, 'x4': 0.544}","{'k01': 0.892, 'k12': 0.152, 'k13': 0.727, 'k14': 0.331, 'k21': 0.293, 'k31': 0.63, 'k41': 0.297}",-1.0,1.0,1001,daisy_mamil4,[],0.0,False,False,pe,,
181,36,daisy_mamil4_6_0,"{'x1': 0.633, 'x2': 0.514, 'x3': 0.439, 'x4': 0.544}","{'k01': 0.892, 'k12': 0.152, 'k13': 0.727, 'k14': 0.331, 'k21': 0.293, 'k31': 0.63, 'k41': 0.297}",-1.0,1.0,1001,daisy_mamil4,[],0.0,False,False,odepe,,
182,36,daisy_mamil4_6_0,"{'x1': 0.633, 'x2': 0.514, 'x3': 0.439, 'x4': 0.544}","{'k01': 0.892, 'k12': 0.152, 'k13': 0.727, 'k14': 0.331, 'k21': 0.293, 'k31': 0.63, 'k41': 0.297}",-1.0,1.0,1001,daisy_mamil4,[],0.0,True,True,sciml,"[['k01', '0.8919974857871112'], ['k12', '0.152015480312736'], ['k13', '1.120326040423776'], ['k14', '50.52502521296447'], ['k21', '0.29302458637002127'], ['k31', '1.9786234368559714'], ['k41', '49.05221261142124'], ['x1', '0.6330490262394664'], ['x2', '0.513998587853498'], ['x3', '0.3533701872591972'], ['x4', '0.6295812600305343']]",154.6540825366974
183,36,daisy_mamil4_6_0,"{'x1': 0.633, 'x2': 0.514, 'x3': 0.439, 'x4': 0.544}","{'k01': 0.892, 'k12': 0.152, 'k13': 0.727, 'k14': 0.331, 'k21': 0.293, 'k31': 0.63, 'k41': 0.297}",-1.0,1.0,1001,daisy_mamil4,[],0.0,False,False,iqm,,
184,36,daisy_mamil4_6_0,"{'x1': 0.633, 'x2': 0.514, 'x3': 0.439, 'x4': 0.544}","{'k01': 0.892, 'k12': 0.152, 'k13': 0.727, 'k14': 0.331, 'k21': 0.293, 'k31': 0.63, 'k41': 0.297}",-1.0,1.0,1001,daisy_mamil4,[],0.0,True,True,amigo2,"[['k01', '8.9200e-01'], ['k12', '1.5200e-01'], ['k13', '7.2700e-01'], ['k14', '3.3100e-01'], ['k21', '2.9300e-01'], ['k31', '6.3000e-01'], ['k41', '2.9700e-01'], ['x1', '6.3300e-01'], ['x2', '5.1400e-01'], ['x3', '4.3900e-01'], ['x4', '5.4400e-01']]",299.83692812919617
185,37,daisy_mamil4_7_0,"{'x1': 0.286, 'x2': 0.379, 'x3': 0.752, 'x4': 0.888}","{'k01': 0.33, 'k12': 0.665, 'k13': 0.432, 'k14': 0.388, 'k21': 0.763, 'k31': 0.84, 'k41': 0.137}",-1.0,1.0,1001,daisy_mamil4,[],0.0,False,False,pe,,
186,37,daisy_mamil4_7_0,"{'x1': 0.286, 'x2': 0.379, 'x3': 0.752, 'x4': 0.888}","{'k01': 0.33, 'k12': 0.665, 'k13': 0.432, 'k14': 0.388, 'k21': 0.763, 'k31': 0.84, 'k41': 0.137}",-1.0,1.0,1001,daisy_mamil4,[],0.0,False,False,odepe,,
187,37,daisy_mamil4_7_0,"{'x1': 0.286, 'x2': 0.379, 'x3': 0.752, 'x4': 0.888}","{'k01': 0.33, 'k12': 0.665, 'k13': 0.432, 'k14': 0.388, 'k21': 0.763, 'k31': 0.84, 'k41': 0.137}",-1.0,1.0,1001,daisy_mamil4,[],0.0,True,True,sciml,"[['k01', '0.33000000006654423'], ['k12', '0.6650004105002341'], ['k13', '0.37587664181139857'], ['k14', '0.5016587411314046'], ['k21', '0.7630004235287463'], ['k31', '0.5282966525842488'], ['k41', '0.44413317797560137'], ['x1', '0.2860000931308212'], ['x2', '0.37900000394934336'], ['x3', '1.2292789227324532'], ['x4', '0.41072098019258035']]",246.66597175598145
188,37,daisy_mamil4_7_0,"{'x1': 0.286, 'x2': 0.379, 'x3': 0.752, 'x4': 0.888}","{'k01': 0.33, 'k12': 0.665, 'k13': 0.432, 'k14': 0.388, 'k21': 0.763, 'k31': 0.84, 'k41': 0.137}",-1.0,1.0,1001,daisy_mamil4,[],0.0,False,False,iqm,,
189,37,daisy_mamil4_7_0,"{'x1': 0.286, 'x2': 0.379, 'x3': 0.752, 'x4': 0.888}","{'k01': 0.33, 'k12': 0.665, 'k13': 0.432, 'k14': 0.388, 'k21': 0.763, 'k31': 0.84, 'k41': 0.137}",-1.0,1.0,1001,daisy_mamil4,[],0.0,True,True,amigo2,"[['k01', '3.3000e-01'], ['k12', '6.6500e-01'], ['k13', '4.2760e-01'], ['k14', '3.8965e-01'], ['k21', '7.6300e-01'], ['k31', '9.2204e-01'], ['k41', '5.5182e-02'], ['x1', '2.8600e-01'], ['x2', '3.7900e-01'], ['x3', '8.0206e-01'], ['x4', '8.3794e-01']]",399.61053562164307
190,38,daisy_mamil4_8_0,"{'x1': 0.287, 'x2': 0.652, 'x3': 0.147, 'x4': 0.685}","{'k01': 0.875, 'k12': 0.824, 'k13': 0.337, 'k14': 0.894, 'k21': 0.3, 'k31': 0.185, 'k41': 0.861}",-1.0,1.0,1001,daisy_mamil4,[],0.0,False,False,pe,,
191,38,daisy_mamil4_8_0,"{'x1': 0.287, 'x2': 0.652, 'x3': 0.147, 'x4': 0.685}","{'k01': 0.875, 'k12': 0.824, 'k13': 0.337, 'k14': 0.894, 'k21': 0.3, 'k31': 0.185, 'k41': 0.861}",-1.0,1.0,1001,daisy_mamil4,[],0.0,False,False,odepe,,
192,38,daisy_mamil4_8_0,"{'x1': 0.287, 'x2': 0.652, 'x3': 0.147, 'x4': 0.685}","{'k01': 0.875, 'k12': 0.824, 'k13': 0.337, 'k14': 0.894, 'k21': 0.3, 'k31': 0.185, 'k41': 0.861}",-1.0,1.0,1001,daisy_mamil4,[],0.0,True,True,sciml,"[['k01', '0.875000000008466'], ['k12', '0.824000000150082'], ['k13', '0.8940356913285774'], ['k14', '0.3370192324814063'], ['k21', '0.3000000001497465'], ['k31', '0.8609635210537748'], ['k41', '0.18502693715869678'], ['x1', '0.28699999886782684'], ['x2', '0.6520000000051971'], ['x3', '0.6849461594235459'], ['x4', '0.1470538417069048']]",293.6302978992462
193,38,daisy_mamil4_8_0,"{'x1': 0.287, 'x2': 0.652, 'x3': 0.147, 'x4': 0.685}","{'k01': 0.875, 'k12': 0.824, 'k13': 0.337, 'k14': 0.894, 'k21': 0.3, 'k31': 0.185, 'k41': 0.861}",-1.0,1.0,1001,daisy_mamil4,[],0.0,False,False,iqm,,
194,38,daisy_mamil4_8_0,"{'x1': 0.287, 'x2': 0.652, 'x3': 0.147, 'x4': 0.685}","{'k01': 0.875, 'k12': 0.824, 'k13': 0.337, 'k14': 0.894, 'k21': 0.3, 'k31': 0.185, 'k41': 0.861}",-1.0,1.0,1001,daisy_mamil4,[],0.0,True,True,amigo2,"[['k01', '8.7500e-01'], ['k12', '8.2400e-01'], ['k13', '3.3700e-01'], ['k14', '8.9400e-01'], ['k21', '3.0000e-01'], ['k31', '1.8500e-01'], ['k41', '8.6100e-01'], ['x1', '2.8700e-01'], ['x2', '6.5200e-01'], ['x3', '1.4700e-01'], ['x4', '6.8500e-01']]",307.52413964271545
195,39,daisy_mamil4_9_0,"{'x1': 0.459, 'x2': 0.344, 'x3': 0.771, 'x4': 0.29}","{'k01': 0.805, 'k12': 0.318, 'k13': 0.403, 'k14': 0.399, 'k21': 0.699, 'k31': 0.29, 'k41': 0.237}",-1.0,1.0,1001,daisy_mamil4,[],0.0,False,False,pe,,
196,39,daisy_mamil4_9_0,"{'x1': 0.459, 'x2': 0.344, 'x3': 0.771, 'x4': 0.29}","{'k01': 0.805, 'k12': 0.318, 'k13': 0.403, 'k14': 0.399, 'k21': 0.699, 'k31': 0.29, 'k41': 0.237}",-1.0,1.0,1001,daisy_mamil4,[],0.0,False,False,odepe,,
197,39,daisy_mamil4_9_0,"{'x1': 0.459, 'x2': 0.344, 'x3': 0.771, 'x4': 0.29}","{'k01': 0.805, 'k12': 0.318, 'k13': 0.403, 'k14': 0.399, 'k21': 0.699, 'k31': 0.29, 'k41': 0.237}",-1.0,1.0,1001,daisy_mamil4,[],0.0,True,True,sciml,"[['k01', '0.8049999955093279'], ['k12', '0.3180001701275473'], ['k13', '0.40276308620472207'], ['k14', '66.34604717578182'], ['k21', '0.699000247277547'], ['k31', '0.5298054415061122'], ['k41', '0.11377801677830632'], ['x1', '0.4590000387207521'], ['x2', '0.3439999882644577'], ['x3', '1.0602023497574231'], ['x4', '0.0007976237258672726']]",166.78232550621033
198,39,daisy_mamil4_9_0,"{'x1': 0.459, 'x2': 0.344, 'x3': 0.771, 'x4': 0.29}","{'k01': 0.805, 'k12': 0.318, 'k13': 0.403, 'k14': 0.399, 'k21': 0.699, 'k31': 0.29, 'k41': 0.237}",-1.0,1.0,1001,daisy_mamil4,[],0.0,False,False,iqm,,
199,39,daisy_mamil4_9_0,"{'x1': 0.459, 'x2': 0.344, 'x3': 0.771, 'x4': 0.29}","{'k01': 0.805, 'k12': 0.318, 'k13': 0.403, 'k14': 0.399, 'k21': 0.699, 'k31': 0.29, 'k41': 0.237}",-1.0,1.0,1001,daisy_mamil4,[],0.0,True,True,amigo2,"[['k01', '8.0500e-01'], ['k12', '3.1800e-01'], ['k13', '4.0276e-01'], ['k14', '2.2296e+00'], ['k21', '6.9900e-01'], ['k31', '5.3022e-01'], ['k41', '0.0000e+00'], ['x1', '4.5900e-01'], ['x2', '3.4400e-01'], ['x3', '1.0607e+00'], ['x4', '3.1724e-04']]",292.211523771286
200,40,fitzhugh_nagumo_0_0,"{'VV': 0.794, 'R': 0.852}","{'g': 0.502, 'a': 0.854, 'b': 0.607}",-1.0,1.0,1001,fitzhugh_nagumo,[],0.0,False,False,pe,,
201,40,fitzhugh_nagumo_0_0,"{'VV': 0.794, 'R': 0.852}","{'g': 0.502, 'a': 0.854, 'b': 0.607}",-1.0,1.0,1001,fitzhugh_nagumo,[],0.0,False,False,odepe,,
202,40,fitzhugh_nagumo_0_0,"{'VV': 0.794, 'R': 0.852}","{'g': 0.502, 'a': 0.854, 'b': 0.607}",-1.0,1.0,1001,fitzhugh_nagumo,[],0.0,True,True,sciml,"[['g', '0.5020000033853542'], ['a', '0.8540000031587774'], ['b', '0.6070000078639061'], ['VV', '0.7939999997387384'], ['R', '0.8519999917546044']]",139.45889830589294
203,40,fitzhugh_nagumo_0_0,"{'VV': 0.794, 'R': 0.852}","{'g': 0.502, 'a': 0.854, 'b': 0.607}",-1.0,1.0,1001,fitzhugh_nagumo,[],0.0,False,False,iqm,,
204,40,fitzhugh_nagumo_0_0,"{'VV': 0.794, 'R': 0.852}","{'g': 0.502, 'a': 0.854, 'b': 0.607}",-1.0,1.0,1001,fitzhugh_nagumo,[],0.0,True,True,amigo2,"[['g', '5.0200e-01'], ['a', '8.5400e-01'], ['b', '6.0700e-01'], ['VV', '7.9400e-01'], ['R', '8.5200e-01']]",291.64919424057007
205,41,fitzhugh_nagumo_1_0,"{'VV': 0.896, 'R': 0.461}","{'g': 0.701, 'a': 0.66, 'b': 0.874}",-1.0,1.0,1001,fitzhugh_nagumo,[],0.0,False,False,pe,,
206,41,fitzhugh_nagumo_1_0,"{'VV': 0.896, 'R': 0.461}","{'g': 0.701, 'a': 0.66, 'b': 0.874}",-1.0,1.0,1001,fitzhugh_nagumo,[],0.0,False,False,odepe,,
207,41,fitzhugh_nagumo_1_0,"{'VV': 0.896, 'R': 0.461}","{'g': 0.701, 'a': 0.66, 'b': 0.874}",-1.0,1.0,1001,fitzhugh_nagumo,[],0.0,True,True,sciml,"[['g', '0.7009999844357278'], ['a', '0.6600000329753344'], ['b', '0.8739999729355112'], ['VV', '0.8959999986002799'], ['R', '0.4610000367957118']]",136.18075919151306
208,41,fitzhugh_nagumo_1_0,"{'VV': 0.896, 'R': 0.461}","{'g': 0.701, 'a': 0.66, 'b': 0.874}",-1.0,1.0,1001,fitzhugh_nagumo,[],0.0,False,False,iqm,,
209,41,fitzhugh_nagumo_1_0,"{'VV': 0.896, 'R': 0.461}","{'g': 0.701, 'a': 0.66, 'b': 0.874}",-1.0,1.0,1001,fitzhugh_nagumo,[],0.0,True,True,amigo2,"[['g', '7.0100e-01'], ['a', '6.6000e-01'], ['b', '8.7400e-01'], ['VV', '8.9600e-01'], ['R', '4.6100e-01']]",289.47668647766113
210,42,fitzhugh_nagumo_2_0,"{'VV': 0.434, 'R': 0.205}","{'g': 0.157, 'a': 0.334, 'b': 0.222}",-1.0,1.0,1001,fitzhugh_nagumo,[],0.0,False,False,pe,,
211,42,fitzhugh_nagumo_2_0,"{'VV': 0.434, 'R': 0.205}","{'g': 0.157, 'a': 0.334, 'b': 0.222}",-1.0,1.0,1001,fitzhugh_nagumo,[],0.0,False,False,odepe,,
212,42,fitzhugh_nagumo_2_0,"{'VV': 0.434, 'R': 0.205}","{'g': 0.157, 'a': 0.334, 'b': 0.222}",-1.0,1.0,1001,fitzhugh_nagumo,[],0.0,True,True,sciml,"[['g', '22.78788544520971'], ['a', '0.0045040549781970645'], ['b', '99.86463056292723'], ['VV', '1.0681784818849016e-5'], ['R', '7.1641964307437e-47']]",1149.0826861858368
213,42,fitzhugh_nagumo_2_0,"{'VV': 0.434, 'R': 0.205}","{'g': 0.157, 'a': 0.334, 'b': 0.222}",-1.0,1.0,1001,fitzhugh_nagumo,[],0.0,False,False,iqm,,
214,42,fitzhugh_nagumo_2_0,"{'VV': 0.434, 'R': 0.205}","{'g': 0.157, 'a': 0.334, 'b': 0.222}",-1.0,1.0,1001,fitzhugh_nagumo,[],0.0,True,True,amigo2,"[['g', '1.5700e-01'], ['a', '3.3400e-01'], ['b', '2.2200e-01'], ['VV', '4.3400e-01'], ['R', '2.0500e-01']]",259.2897427082062
215,43,fitzhugh_nagumo_3_0,"{'VV': 0.874, 'R': 0.538}","{'g': 0.583, 'a': 0.406, 'b': 0.816}",-1.0,1.0,1001,fitzhugh_nagumo,[],0.0,False,False,pe,,
216,43,fitzhugh_nagumo_3_0,"{'VV': 0.874, 'R': 0.538}","{'g': 0.583, 'a': 0.406, 'b': 0.816}",-1.0,1.0,1001,fitzhugh_nagumo,[],0.0,False,False,odepe,,
217,43,fitzhugh_nagumo_3_0,"{'VV': 0.874, 'R': 0.538}","{'g': 0.583, 'a': 0.406, 'b': 0.816}",-1.0,1.0,1001,fitzhugh_nagumo,[],0.0,True,True,sciml,"[['g', '0.5829999946965044'], ['a', '0.40600001623344256'], ['b', '0.8159999898878938'], ['VV', '0.8739999990257777'], ['R', '0.538000019478078']]",141.34294652938843
218,43,fitzhugh_nagumo_3_0,"{'VV': 0.874, 'R': 0.538}","{'g': 0.583, 'a': 0.406, 'b': 0.816}",-1.0,1.0,1001,fitzhugh_nagumo,[],0.0,False,False,iqm,,
219,43,fitzhugh_nagumo_3_0,"{'VV': 0.874, 'R': 0.538}","{'g': 0.583, 'a': 0.406, 'b': 0.816}",-1.0,1.0,1001,fitzhugh_nagumo,[],0.0,True,True,amigo2,"[['g', '5.8300e-01'], ['a', '4.0600e-01'], ['b', '8.1600e-01'], ['VV', '8.7400e-01'], ['R', '5.3800e-01']]",295.95599579811096
220,44,fitzhugh_nagumo_4_0,"{'VV': 0.425, 'R': 0.542}","{'g': 0.32, 'a': 0.574, 'b': 0.817}",-1.0,1.0,1001,fitzhugh_nagumo,[],0.0,False,False,pe,,
221,44,fitzhugh_nagumo_4_0,"{'VV': 0.425, 'R': 0.542}","{'g': 0.32, 'a': 0.574, 'b': 0.817}",-1.0,1.0,1001,fitzhugh_nagumo,[],0.0,False,False,odepe,,
222,44,fitzhugh_nagumo_4_0,"{'VV': 0.425, 'R': 0.542}","{'g': 0.32, 'a': 0.574, 'b': 0.817}",-1.0,1.0,1001,fitzhugh_nagumo,[],0.0,True,True,sciml,"[['g', '0.32000000155251196'], ['a', '0.5740000052787246'], ['b', '0.8170000059277894'], ['VV', '0.42499999969333413'], ['R', '0.542000000010272']]",194.70428252220154
223,44,fitzhugh_nagumo_4_0,"{'VV': 0.425, 'R': 0.542}","{'g': 0.32, 'a': 0.574, 'b': 0.817}",-1.0,1.0,1001,fitzhugh_nagumo,[],0.0,False,False,iqm,,
224,44,fitzhugh_nagumo_4_0,"{'VV': 0.425, 'R': 0.542}","{'g': 0.32, 'a': 0.574, 'b': 0.817}",-1.0,1.0,1001,fitzhugh_nagumo,[],0.0,True,True,amigo2,"[['g', '3.2000e-01'], ['a', '5.7400e-01'], ['b', '8.1700e-01'], ['VV', '4.2500e-01'], ['R', '5.4200e-01']]",244.76462411880493
225,45,fitzhugh_nagumo_5_0,"{'VV': 0.299, 'R': 0.505}","{'g': 0.317, 'a': 0.464, 'b': 0.421}",-1.0,1.0,1001,fitzhugh_nagumo,[],0.0,False,False,pe,,
226,45,fitzhugh_nagumo_5_0,"{'VV': 0.299, 'R': 0.505}","{'g': 0.317, 'a': 0.464, 'b': 0.421}",-1.0,1.0,1001,fitzhugh_nagumo,[],0.0,False,False,odepe,,
227,45,fitzhugh_nagumo_5_0,"{'VV': 0.299, 'R': 0.505}","{'g': 0.317, 'a': 0.464, 'b': 0.421}",-1.0,1.0,1001,fitzhugh_nagumo,[],0.0,True,True,sciml,"[['g', '0.3170000000936561'], ['a', '0.4640000000372751'], ['b', '0.4210000001741208'], ['VV', '0.2989999999972456'], ['R', '0.5049999998017081']]",202.0726022720337
228,45,fitzhugh_nagumo_5_0,"{'VV': 0.299, 'R': 0.505}","{'g': 0.317, 'a': 0.464, 'b': 0.421}",-1.0,1.0,1001,fitzhugh_nagumo,[],0.0,False,False,iqm,,
229,45,fitzhugh_nagumo_5_0,"{'VV': 0.299, 'R': 0.505}","{'g': 0.317, 'a': 0.464, 'b': 0.421}",-1.0,1.0,1001,fitzhugh_nagumo,[],0.0,True,True,amigo2,"[['g', '3.1700e-01'], ['a', '4.6400e-01'], ['b', '4.2100e-01'], ['VV', '2.9900e-01'], ['R', '5.0500e-01']]",286.0503294467926
230,46,fitzhugh_nagumo_6_0,"{'VV': 0.7, 'R': 0.367}","{'g': 0.348, 'a': 0.398, 'b': 0.52}",-1.0,1.0,1001,fitzhugh_nagumo,[],0.0,False,False,pe,,
231,46,fitzhugh_nagumo_6_0,"{'VV': 0.7, 'R': 0.367}","{'g': 0.348, 'a': 0.398, 'b': 0.52}",-1.0,1.0,1001,fitzhugh_nagumo,[],0.0,False,False,odepe,,
232,46,fitzhugh_nagumo_6_0,"{'VV': 0.7, 'R': 0.367}","{'g': 0.348, 'a': 0.398, 'b': 0.52}",-1.0,1.0,1001,fitzhugh_nagumo,[],0.0,True,True,sciml,"[['g', '0.348000009475159'], ['a', '0.398000016156499'], ['b', '0.52000002487757'], ['VV', '0.6999999992034356'], ['R', '0.3669999886935347']]",151.53538751602173
233,46,fitzhugh_nagumo_6_0,"{'VV': 0.7, 'R': 0.367}","{'g': 0.348, 'a': 0.398, 'b': 0.52}",-1.0,1.0,1001,fitzhugh_nagumo,[],0.0,False,False,iqm,,
234,46,fitzhugh_nagumo_6_0,"{'VV': 0.7, 'R': 0.367}","{'g': 0.348, 'a': 0.398, 'b': 0.52}",-1.0,1.0,1001,fitzhugh_nagumo,[],0.0,True,True,amigo2,"[['g', '3.4800e-01'], ['a', '3.9800e-01'], ['b', '5.2000e-01'], ['VV', '7.0000e-01'], ['R', '3.6700e-01']]",240.3252308368683
235,47,fitzhugh_nagumo_7_0,"{'VV': 0.303, 'R': 0.457}","{'g': 0.839, 'a': 0.79, 'b': 0.139}",-1.0,1.0,1001,fitzhugh_nagumo,[],0.0,False,False,pe,,
236,47,fitzhugh_nagumo_7_0,"{'VV': 0.303, 'R': 0.457}","{'g': 0.839, 'a': 0.79, 'b': 0.139}",-1.0,1.0,1001,fitzhugh_nagumo,[],0.0,False,False,odepe,,
237,47,fitzhugh_nagumo_7_0,"{'VV': 0.303, 'R': 0.457}","{'g': 0.839, 'a': 0.79, 'b': 0.139}",-1.0,1.0,1001,fitzhugh_nagumo,[],0.0,True,True,sciml,"[['g', '76.14846813505541'], ['a', '1.288903281133013'], ['b', '72.68673306963372'], ['VV', '4.287488291570715e-5'], ['R', '0.00017989507082520953']]",203.8553442955017
238,47,fitzhugh_nagumo_7_0,"{'VV': 0.303, 'R': 0.457}","{'g': 0.839, 'a': 0.79, 'b': 0.139}",-1.0,1.0,1001,fitzhugh_nagumo,[],0.0,False,False,iqm,,
239,47,fitzhugh_nagumo_7_0,"{'VV': 0.303, 'R': 0.457}","{'g': 0.839, 'a': 0.79, 'b': 0.139}",-1.0,1.0,1001,fitzhugh_nagumo,[],0.0,True,True,amigo2,"[['g', '8.3900e-01'], ['a', '7.9000e-01'], ['b', '1.3900e-01'], ['VV', '3.0300e-01'], ['R', '4.5700e-01']]",280.15810918807983
240,48,fitzhugh_nagumo_8_0,"{'VV': 0.644, 'R': 0.598}","{'g': 0.184, 'a': 0.379, 'b': 0.692}",-1.0,1.0,1001,fitzhugh_nagumo,[],0.0,False,False,pe,,
241,48,fitzhugh_nagumo_8_0,"{'VV': 0.644, 'R': 0.598}","{'g': 0.184, 'a': 0.379, 'b': 0.692}",-1.0,1.0,1001,fitzhugh_nagumo,[],0.0,False,False,odepe,,
242,48,fitzhugh_nagumo_8_0,"{'VV': 0.644, 'R': 0.598}","{'g': 0.184, 'a': 0.379, 'b': 0.692}",-1.0,1.0,1001,fitzhugh_nagumo,[],0.0,True,True,sciml,"[['g', '0.18399999998799435'], ['a', '0.37900000102632225'], ['b', '0.6919999999523333'], ['VV', '0.6439999999032513'], ['R', '0.5980000015285702']]",204.88929748535156
243,48,fitzhugh_nagumo_8_0,"{'VV': 0.644, 'R': 0.598}","{'g': 0.184, 'a': 0.379, 'b': 0.692}",-1.0,1.0,1001,fitzhugh_nagumo,[],0.0,False,False,iqm,,
244,48,fitzhugh_nagumo_8_0,"{'VV': 0.644, 'R': 0.598}","{'g': 0.184, 'a': 0.379, 'b': 0.692}",-1.0,1.0,1001,fitzhugh_nagumo,[],0.0,True,True,amigo2,"[['g', '1.8400e-01'], ['a', '3.7900e-01'], ['b', '6.9200e-01'], ['VV', '6.4400e-01'], ['R', '5.9800e-01']]",255.6350450515747
245,49,fitzhugh_nagumo_9_0,"{'VV': 0.641, 'R': 0.803}","{'g': 0.668, 'a': 0.264, 'b': 0.373}",-1.0,1.0,1001,fitzhugh_nagumo,[],0.0,False,False,pe,,
246,49,fitzhugh_nagumo_9_0,"{'VV': 0.641, 'R': 0.803}","{'g': 0.668, 'a': 0.264, 'b': 0.373}",-1.0,1.0,1001,fitzhugh_nagumo,[],0.0,False,False,odepe,,
247,49,fitzhugh_nagumo_9_0,"{'VV': 0.641, 'R': 0.803}","{'g': 0.668, 'a': 0.264, 'b': 0.373}",-1.0,1.0,1001,fitzhugh_nagumo,[],0.0,True,True,sciml,"[['g', '0.6680000000003267'], ['a', '0.26400000000943086'], ['b', '0.3730000000031126'], ['VV', '0.6409999999993894'], ['R', '0.8030000000040188']]",198.6782524585724
248,49,fitzhugh_nagumo_9_0,"{'VV': 0.641, 'R': 0.803}","{'g': 0.668, 'a': 0.264, 'b': 0.373}",-1.0,1.0,1001,fitzhugh_nagumo,[],0.0,False,False,iqm,,
249,49,fitzhugh_nagumo_9_0,"{'VV': 0.641, 'R': 0.803}","{'g': 0.668, 'a': 0.264, 'b': 0.373}",-1.0,1.0,1001,fitzhugh_nagumo,[],0.0,True,True,amigo2,"[['g', '6.6800e-01'], ['a', '2.6400e-01'], ['b', '3.7300e-01'], ['VV', '6.4100e-01'], ['R', '8.0300e-01']]",314.32006072998047
250,50,harmonic_0_0,"{'x1': 0.124, 'x2': 0.668}","{'a': 0.535, 'b': 0.326}",-1.0,1.0,1001,harmonic,[],0.0,False,False,pe,,
251,50,harmonic_0_0,"{'x1': 0.124, 'x2': 0.668}","{'a': 0.535, 'b': 0.326}",-1.0,1.0,1001,harmonic,[],0.0,False,False,odepe,,
252,50,harmonic_0_0,"{'x1': 0.124, 'x2': 0.668}","{'a': 0.535, 'b': 0.326}",-1.0,1.0,1001,harmonic,[],0.0,True,True,sciml,"[['a', '0.5350000000237224'], ['b', '0.32600000000631973'], ['x1', '0.124000000010187'], ['x2', '0.6679999999898524']]",145.25352931022644
253,50,harmonic_0_0,"{'x1': 0.124, 'x2': 0.668}","{'a': 0.535, 'b': 0.326}",-1.0,1.0,1001,harmonic,[],0.0,False,False,iqm,,
254,50,harmonic_0_0,"{'x1': 0.124, 'x2': 0.668}","{'a': 0.535, 'b': 0.326}",-1.0,1.0,1001,harmonic,[],0.0,True,True,amigo2,"[['a', '5.3500e-01'], ['b', '3.2600e-01'], ['x1', '1.2400e-01'], ['x2', '6.6800e-01']]",1009.1506443023682
255,51,harmonic_1_0,"{'x1': 0.524, 'x2': 0.838}","{'a': 0.106, 'b': 0.398}",-1.0,1.0,1001,harmonic,[],0.0,False,False,pe,,
256,51,harmonic_1_0,"{'x1': 0.524, 'x2': 0.838}","{'a': 0.106, 'b': 0.398}",-1.0,1.0,1001,harmonic,[],0.0,False,False,odepe,,
257,51,harmonic_1_0,"{'x1': 0.524, 'x2': 0.838}","{'a': 0.106, 'b': 0.398}",-1.0,1.0,1001,harmonic,[],0.0,True,True,sciml,"[['a', '0.10600000000176926'], ['b', '0.3980000000060323'], ['x1', '0.5240000000074471'], ['x2', '0.8380000000010279']]",141.5823290348053
258,51,harmonic_1_0,"{'x1': 0.524, 'x2': 0.838}","{'a': 0.106, 'b': 0.398}",-1.0,1.0,1001,harmonic,[],0.0,False,False,iqm,,
259,51,harmonic_1_0,"{'x1': 0.524, 'x2': 0.838}","{'a': 0.106, 'b': 0.398}",-1.0,1.0,1001,harmonic,[],0.0,True,True,amigo2,"[['a', '1.0600e-01'], ['b', '3.9800e-01'], ['x1', '5.2400e-01'], ['x2', '8.3800e-01']]",688.127363204956
260,52,harmonic_2_0,"{'x1': 0.119, 'x2': 0.374}","{'a': 0.172, 'b': 0.425}",-1.0,1.0,1001,harmonic,[],0.0,False,False,pe,,
261,52,harmonic_2_0,"{'x1': 0.119, 'x2': 0.374}","{'a': 0.172, 'b': 0.425}",-1.0,1.0,1001,harmonic,[],0.0,False,False,odepe,,
262,52,harmonic_2_0,"{'x1': 0.119, 'x2': 0.374}","{'a': 0.172, 'b': 0.425}",-1.0,1.0,1001,harmonic,[],0.0,True,True,sciml,"[['a', '0.17199999999971244'], ['b', '0.4250000000008343'], ['x1', '0.11899999999944055'], ['x2', '0.37399999999992123']]",140.1538610458374
263,52,harmonic_2_0,"{'x1': 0.119, 'x2': 0.374}","{'a': 0.172, 'b': 0.425}",-1.0,1.0,1001,harmonic,[],0.0,False,False,iqm,,
264,52,harmonic_2_0,"{'x1': 0.119, 'x2': 0.374}","{'a': 0.172, 'b': 0.425}",-1.0,1.0,1001,harmonic,[],0.0,True,True,amigo2,"[['a', '1.7200e-01'], ['b', '4.2500e-01'], ['x1', '1.1900e-01'], ['x2', '3.7400e-01']]",987.307126045227
265,53,harmonic_3_0,"{'x1': 0.268, 'x2': 0.193}","{'a': 0.598, 'b': 0.323}",-1.0,1.0,1001,harmonic,[],0.0,False,False,pe,,
266,53,harmonic_3_0,"{'x1': 0.268, 'x2': 0.193}","{'a': 0.598, 'b': 0.323}",-1.0,1.0,1001,harmonic,[],0.0,False,False,odepe,,
267,53,harmonic_3_0,"{'x1': 0.268, 'x2': 0.193}","{'a': 0.598, 'b': 0.323}",-1.0,1.0,1001,harmonic,[],0.0,True,True,sciml,"[['a', '0.5980000000076264'], ['b', '0.32300000000831913'], ['x1', '0.26800000000330765'], ['x2', '0.1930000000059645']]",132.575688123703
268,53,harmonic_3_0,"{'x1': 0.268, 'x2': 0.193}","{'a': 0.598, 'b': 0.323}",-1.0,1.0,1001,harmonic,[],0.0,False,False,iqm,,
269,53,harmonic_3_0,"{'x1': 0.268, 'x2': 0.193}","{'a': 0.598, 'b': 0.323}",-1.0,1.0,1001,harmonic,[],0.0,True,True,amigo2,"[['a', '5.9800e-01'], ['b', '3.2300e-01'], ['x1', '2.6800e-01'], ['x2', '1.9300e-01']]",2829.6233785152435
270,54,harmonic_4_0,"{'x1': 0.638, 'x2': 0.859}","{'a': 0.562, 'b': 0.656}",-1.0,1.0,1001,harmonic,[],0.0,False,False,pe,,
271,54,harmonic_4_0,"{'x1': 0.638, 'x2': 0.859}","{'a': 0.562, 'b': 0.656}",-1.0,1.0,1001,harmonic,[],0.0,False,False,odepe,,
272,54,harmonic_4_0,"{'x1': 0.638, 'x2': 0.859}","{'a': 0.562, 'b': 0.656}",-1.0,1.0,1001,harmonic,[],0.0,True,True,sciml,"[['a', '0.5620000000161116'], ['b', '0.6560000000624147'], ['x1', '0.6380000000172524'], ['x2', '0.8590000000240535']]",131.40451431274414
273,54,harmonic_4_0,"{'x1': 0.638, 'x2': 0.859}","{'a': 0.562, 'b': 0.656}",-1.0,1.0,1001,harmonic,[],0.0,False,False,iqm,,
274,54,harmonic_4_0,"{'x1': 0.638, 'x2': 0.859}","{'a': 0.562, 'b': 0.656}",-1.0,1.0,1001,harmonic,[],0.0,True,True,amigo2,"[['a', '5.6200e-01'], ['b', '6.5600e-01'], ['x1', '6.3800e-01'], ['x2', '8.5900e-01']]",2299.6816041469574
275,55,harmonic_5_0,"{'x1': 0.58, 'x2': 0.571}","{'a': 0.102, 'b': 0.618}",-1.0,1.0,1001,harmonic,[],0.0,False,False,pe,,
276,55,harmonic_5_0,"{'x1': 0.58, 'x2': 0.571}","{'a': 0.102, 'b': 0.618}",-1.0,1.0,1001,harmonic,[],0.0,False,False,odepe,,
277,55,harmonic_5_0,"{'x1': 0.58, 'x2': 0.571}","{'a': 0.102, 'b': 0.618}",-1.0,1.0,1001,harmonic,[],0.0,True,True,sciml,"[['a', '0.10200000000043671'], ['b', '0.6180000000005025'], ['x1', '0.5800000000006623'], ['x2', '0.5710000000001177']]",132.7029435634613
278,55,harmonic_5_0,"{'x1': 0.58, 'x2': 0.571}","{'a': 0.102, 'b': 0.618}",-1.0,1.0,1001,harmonic,[],0.0,False,False,iqm,,
279,55,harmonic_5_0,"{'x1': 0.58, 'x2': 0.571}","{'a': 0.102, 'b': 0.618}",-1.0,1.0,1001,harmonic,[],0.0,True,True,amigo2,"[['a', '1.0200e-01'], ['b', '6.1800e-01'], ['x1', '5.8000e-01'], ['x2', '5.7100e-01']]",2824.1052911281586
280,56,harmonic_6_0,"{'x1': 0.657, 'x2': 0.751}","{'a': 0.87, 'b': 0.113}",-1.0,1.0,1001,harmonic,[],0.0,False,False,pe,,
281,56,harmonic_6_0,"{'x1': 0.657, 'x2': 0.751}","{'a': 0.87, 'b': 0.113}",-1.0,1.0,1001,harmonic,[],0.0,False,False,odepe,,
282,56,harmonic_6_0,"{'x1': 0.657, 'x2': 0.751}","{'a': 0.87, 'b': 0.113}",-1.0,1.0,1001,harmonic,[],0.0,True,True,sciml,"[['a', '0.8700000000085243'], ['b', '0.11300000000133807'], ['x1', '0.6570000000058435'], ['x2', '0.7510000000072404']]",135.20469570159912
283,56,harmonic_6_0,"{'x1': 0.657, 'x2': 0.751}","{'a': 0.87, 'b': 0.113}",-1.0,1.0,1001,harmonic,[],0.0,False,False,iqm,,
284,56,harmonic_6_0,"{'x1': 0.657, 'x2': 0.751}","{'a': 0.87, 'b': 0.113}",-1.0,1.0,1001,harmonic,[],0.0,True,True,amigo2,"[['a', '8.7000e-01'], ['b', '1.1300e-01'], ['x1', '6.5700e-01'], ['x2', '7.5100e-01']]",2414.360751390457
285,57,harmonic_7_0,"{'x1': 0.733, 'x2': 0.178}","{'a': 0.508, 'b': 0.367}",-1.0,1.0,1001,harmonic,[],0.0,False,False,pe,,
286,57,harmonic_7_0,"{'x1': 0.733, 'x2': 0.178}","{'a': 0.508, 'b': 0.367}",-1.0,1.0,1001,harmonic,[],0.0,False,False,odepe,,
287,57,harmonic_7_0,"{'x1': 0.733, 'x2': 0.178}","{'a': 0.508, 'b': 0.367}",-1.0,1.0,1001,harmonic,[],0.0,True,True,sciml,"[['a', '1.448101513918572'], ['b', '0.007185863380362613'], ['x1', '0.009156089189098056'], ['x2', '3.6361416339441616e-14']]",133.70544147491455
288,57,harmonic_7_0,"{'x1': 0.733, 'x2': 0.178}","{'a': 0.508, 'b': 0.367}",-1.0,1.0,1001,harmonic,[],0.0,False,False,iqm,,
289,57,harmonic_7_0,"{'x1': 0.733, 'x2': 0.178}","{'a': 0.508, 'b': 0.367}",-1.0,1.0,1001,harmonic,[],0.0,True,True,amigo2,"[['a', '5.0800e-01'], ['b', '3.6700e-01'], ['x1', '7.3300e-01'], ['x2', '1.7800e-01']]",2406.1061232089996
290,58,harmonic_8_0,"{'x1': 0.655, 'x2': 0.173}","{'a': 0.454, 'b': 0.516}",-1.0,1.0,1001,harmonic,[],0.0,False,False,pe,,
291,58,harmonic_8_0,"{'x1': 0.655, 'x2': 0.173}","{'a': 0.454, 'b': 0.516}",-1.0,1.0,1001,harmonic,[],0.0,False,False,odepe,,
292,58,harmonic_8_0,"{'x1': 0.655, 'x2': 0.173}","{'a': 0.454, 'b': 0.516}",-1.0,1.0,1001,harmonic,[],0.0,True,True,sciml,"[['a', '0.45400000000295937'], ['b', '0.5160000000170102'], ['x1', '0.6550000000089484'], ['x2', '0.17300000002139118']]",130.74964261054993
293,58,harmonic_8_0,"{'x1': 0.655, 'x2': 0.173}","{'a': 0.454, 'b': 0.516}",-1.0,1.0,1001,harmonic,[],0.0,False,False,iqm,,
294,58,harmonic_8_0,"{'x1': 0.655, 'x2': 0.173}","{'a': 0.454, 'b': 0.516}",-1.0,1.0,1001,harmonic,[],0.0,True,True,amigo2,"[['a', '4.5400e-01'], ['b', '5.1600e-01'], ['x1', '6.5500e-01'], ['x2', '1.7300e-01']]",2342.209502220154
295,59,harmonic_9_0,"{'x1': 0.599, 'x2': 0.81}","{'a': 0.282, 'b': 0.428}",-1.0,1.0,1001,harmonic,[],0.0,False,False,pe,,
296,59,harmonic_9_0,"{'x1': 0.599, 'x2': 0.81}","{'a': 0.282, 'b': 0.428}",-1.0,1.0,1001,harmonic,[],0.0,False,False,odepe,,
297,59,harmonic_9_0,"{'x1': 0.599, 'x2': 0.81}","{'a': 0.282, 'b': 0.428}",-1.0,1.0,1001,harmonic,[],0.0,True,True,sciml,"[['a', '0.2820000000000626'], ['b', '0.4280000000001914'], ['x1', '0.5990000000001582'], ['x2', '0.8100000000001477']]",130.06698536872864
298,59,harmonic_9_0,"{'x1': 0.599, 'x2': 0.81}","{'a': 0.282, 'b': 0.428}",-1.0,1.0,1001,harmonic,[],0.0,False,False,iqm,,
299,59,harmonic_9_0,"{'x1': 0.599, 'x2': 0.81}","{'a': 0.282, 'b': 0.428}",-1.0,1.0,1001,harmonic,[],0.0,True,True,amigo2,"[['a', '2.8200e-01'], ['b', '4.2800e-01'], ['x1', '5.9900e-01'], ['x2', '8.1000e-01']]",2371.9408843517303
300,60,hiv_0_0,"{'x': 0.836, 'yy': 0.129, 'vv': 0.24, 'w': 0.411, 'z': 0.862}","{'lm': 0.595, 'd': 0.207, 'beta': 0.884, 'a': 0.797, 'k': 0.502, 'uu': 0.838, 'c': 0.533, 'q': 0.839, 'b': 0.764, 'h': 0.875}",-1.0,1.0,1001,hiv,[],0.0,False,False,pe,,
301,60,hiv_0_0,"{'x': 0.836, 'yy': 0.129, 'vv': 0.24, 'w': 0.411, 'z': 0.862}","{'lm': 0.595, 'd': 0.207, 'beta': 0.884, 'a': 0.797, 'k': 0.502, 'uu': 0.838, 'c': 0.533, 'q': 0.839, 'b': 0.764, 'h': 0.875}",-1.0,1.0,1001,hiv,[],0.0,False,False,odepe,,
302,60,hiv_0_0,"{'x': 0.836, 'yy': 0.129, 'vv': 0.24, 'w': 0.411, 'z': 0.862}","{'lm': 0.595, 'd': 0.207, 'beta': 0.884, 'a': 0.797, 'k': 0.502, 'uu': 0.838, 'c': 0.533, 'q': 0.839, 'b': 0.764, 'h': 0.875}",-1.0,1.0,1001,hiv,[],0.0,True,True,sciml,"[['lm', '1.6940525039772028'], ['d', '0.23327713890102283'], ['beta', '9.241814850508653'], ['a', '6.091050746494583'], ['k', '0.2762611574708917'], ['uu', '0.6782063747308957'], ['c', '0.3867689207277873'], ['q', '3.071433756134501'], ['b', '0.5875420792293773'], ['h', '0.9610534427000235'], ['x', '0.83569890022083'], ['yy', '0.20705278985720119'], ['vv', '0.1619626618312986'], ['w', '0.4110896283816531'], ['z', '0.8616451964937101']]",380.5844895839691
303,60,hiv_0_0,"{'x': 0.836, 'yy': 0.129, 'vv': 0.24, 'w': 0.411, 'z': 0.862}","{'lm': 0.595, 'd': 0.207, 'beta': 0.884, 'a': 0.797, 'k': 0.502, 'uu': 0.838, 'c': 0.533, 'q': 0.839, 'b': 0.764, 'h': 0.875}",-1.0,1.0,1001,hiv,[],0.0,False,False,iqm,,
304,60,hiv_0_0,"{'x': 0.836, 'yy': 0.129, 'vv': 0.24, 'w': 0.411, 'z': 0.862}","{'lm': 0.595, 'd': 0.207, 'beta': 0.884, 'a': 0.797, 'k': 0.502, 'uu': 0.838, 'c': 0.533, 'q': 0.839, 'b': 0.764, 'h': 0.875}",-1.0,1.0,1001,hiv,[],0.0,True,True,amigo2,"[['lm', '5.9500e-01'], ['d', '2.0700e-01'], ['beta', '8.8400e-01'], ['a', '7.9700e-01'], ['k', '5.0200e-01'], ['uu', '8.3800e-01'], ['c', '5.3300e-01'], ['q', '8.3900e-01'], ['b', '7.6400e-01'], ['h', '8.7500e-01'], ['x', '8.3600e-01'], ['yy', '1.2900e-01'], ['vv', '2.4000e-01'], ['w', '4.1100e-01'], ['z', '8.6200e-01']]",2394.3356549739838
305,61,hiv_1_0,"{'x': 0.298, 'yy': 0.132, 'vv': 0.148, 'w': 0.149, 'z': 0.826}","{'lm': 0.34, 'd': 0.228, 'beta': 0.809, 'a': 0.457, 'k': 0.826, 'uu': 0.228, 'c': 0.629, 'q': 0.452, 'b': 0.161, 'h': 0.657}",-1.0,1.0,1001,hiv,[],0.0,False,False,pe,,
306,61,hiv_1_0,"{'x': 0.298, 'yy': 0.132, 'vv': 0.148, 'w': 0.149, 'z': 0.826}","{'lm': 0.34, 'd': 0.228, 'beta': 0.809, 'a': 0.457, 'k': 0.826, 'uu': 0.228, 'c': 0.629, 'q': 0.452, 'b': 0.161, 'h': 0.657}",-1.0,1.0,1001,hiv,[],0.0,False,False,odepe,,
307,61,hiv_1_0,"{'x': 0.298, 'yy': 0.132, 'vv': 0.148, 'w': 0.149, 'z': 0.826}","{'lm': 0.34, 'd': 0.228, 'beta': 0.809, 'a': 0.457, 'k': 0.826, 'uu': 0.228, 'c': 0.629, 'q': 0.452, 'b': 0.161, 'h': 0.657}",-1.0,1.0,1001,hiv,[],0.0,True,True,sciml,"[['lm', '0.3399999713202637'], ['d', '0.22799993774678132'], ['beta', '0.8089959807830279'], ['a', '0.45700609717989105'], ['k', '0.8260057583032582'], ['uu', '0.2279968182936285'], ['c', '0.6290052344089845'], ['q', '0.4520006810648089'], ['b', '0.16099993961015932'], ['h', '0.6570000230672276'], ['x', '0.2979999995200242'], ['yy', '0.13199931970023202'], ['vv', '0.1480006796144965'], ['w', '0.14900000070530392'], ['z', '0.8259999990381475']]",364.273805141449
308,61,hiv_1_0,"{'x': 0.298, 'yy': 0.132, 'vv': 0.148, 'w': 0.149, 'z': 0.826}","{'lm': 0.34, 'd': 0.228, 'beta': 0.809, 'a': 0.457, 'k': 0.826, 'uu': 0.228, 'c': 0.629, 'q': 0.452, 'b': 0.161, 'h': 0.657}",-1.0,1.0,1001,hiv,[],0.0,False,False,iqm,,
309,61,hiv_1_0,"{'x': 0.298, 'yy': 0.132, 'vv': 0.148, 'w': 0.149, 'z': 0.826}","{'lm': 0.34, 'd': 0.228, 'beta': 0.809, 'a': 0.457, 'k': 0.826, 'uu': 0.228, 'c': 0.629, 'q': 0.452, 'b': 0.161, 'h': 0.657}",-1.0,1.0,1001,hiv,[],0.0,False,False,amigo2,,
310,62,hiv_2_0,"{'x': 0.24, 'yy': 0.362, 'vv': 0.644, 'w': 0.151, 'z': 0.586}","{'lm': 0.692, 'd': 0.818, 'beta': 0.638, 'a': 0.523, 'k': 0.344, 'uu': 0.898, 'c': 0.39, 'q': 0.477, 'b': 0.403, 'h': 0.884}",-1.0,1.0,1001,hiv,[],0.0,False,False,pe,,
311,62,hiv_2_0,"{'x': 0.24, 'yy': 0.362, 'vv': 0.644, 'w': 0.151, 'z': 0.586}","{'lm': 0.692, 'd': 0.818, 'beta': 0.638, 'a': 0.523, 'k': 0.344, 'uu': 0.898, 'c': 0.39, 'q': 0.477, 'b': 0.403, 'h': 0.884}",-1.0,1.0,1001,hiv,[],0.0,False,False,odepe,,
312,62,hiv_2_0,"{'x': 0.24, 'yy': 0.362, 'vv': 0.644, 'w': 0.151, 'z': 0.586}","{'lm': 0.692, 'd': 0.818, 'beta': 0.638, 'a': 0.523, 'k': 0.344, 'uu': 0.898, 'c': 0.39, 'q': 0.477, 'b': 0.403, 'h': 0.884}",-1.0,1.0,1001,hiv,[],0.0,True,True,sciml,"[['lm', '0.691997194585184'], ['d', '0.8179509184276388'], ['beta', '0.6381797682677683'], ['a', '0.5232255007268217'], ['k', '0.34430444598030396'], ['uu', '0.898192544721704'], ['c', '0.3897357486264315'], ['q', '0.47759973488539315'], ['b', '0.40292803617938594'], ['h', '0.8840152266749136'], ['x', '0.24000004751682116'], ['yy', '0.3621192632570982'], ['vv', '0.6438807505701531'], ['w', '0.15100000684759857'], ['z', '0.5859999667059443']]",523.0134749412537
313,62,hiv_2_0,"{'x': 0.24, 'yy': 0.362, 'vv': 0.644, 'w': 0.151, 'z': 0.586}","{'lm': 0.692, 'd': 0.818, 'beta': 0.638, 'a': 0.523, 'k': 0.344, 'uu': 0.898, 'c': 0.39, 'q': 0.477, 'b': 0.403, 'h': 0.884}",-1.0,1.0,1001,hiv,[],0.0,False,False,iqm,,
314,62,hiv_2_0,"{'x': 0.24, 'yy': 0.362, 'vv': 0.644, 'w': 0.151, 'z': 0.586}","{'lm': 0.692, 'd': 0.818, 'beta': 0.638, 'a': 0.523, 'k': 0.344, 'uu': 0.898, 'c': 0.39, 'q': 0.477, 'b': 0.403, 'h': 0.884}",-1.0,1.0,1001,hiv,[],0.0,True,True,amigo2,"[['lm', '6.3539e-01'], ['d', '6.6073e-01'], ['beta', '8.8498e-01'], ['a', '8.2855e-01'], ['k', '0.0000e+00'], ['uu', '3.1801e-01'], ['c', '2.1795e-02'], ['q', '5.8486e+00'], ['b', '3.6033e-01'], ['h', '8.8077e-01'], ['x', '2.4040e-01'], ['yy', '6.0195e-01'], ['vv', '4.0380e-01'], ['w', '1.5093e-01'], ['z', '5.8533e-01']]",2320.430811405182
315,63,hiv_3_0,"{'x': 0.375, 'yy': 0.573, 'vv': 0.627, 'w': 0.418, 'z': 0.899}","{'lm': 0.482, 'd': 0.327, 'beta': 0.291, 'a': 0.512, 'k': 0.394, 'uu': 0.465, 'c': 0.37, 'q': 0.876, 'b': 0.207, 'h': 0.177}",-1.0,1.0,1001,hiv,[],0.0,False,False,pe,,
316,63,hiv_3_0,"{'x': 0.375, 'yy': 0.573, 'vv': 0.627, 'w': 0.418, 'z': 0.899}","{'lm': 0.482, 'd': 0.327, 'beta': 0.291, 'a': 0.512, 'k': 0.394, 'uu': 0.465, 'c': 0.37, 'q': 0.876, 'b': 0.207, 'h': 0.177}",-1.0,1.0,1001,hiv,[],0.0,False,False,odepe,,
317,63,hiv_3_0,"{'x': 0.375, 'yy': 0.573, 'vv': 0.627, 'w': 0.418, 'z': 0.899}","{'lm': 0.482, 'd': 0.327, 'beta': 0.291, 'a': 0.512, 'k': 0.394, 'uu': 0.465, 'c': 0.37, 'q': 0.876, 'b': 0.207, 'h': 0.177}",-1.0,1.0,1001,hiv,[],0.0,True,True,sciml,"[['lm', '0.4820000006949294'], ['d', '0.32700000137549146'], ['beta', '0.2909999958866134'], ['a', '0.512000002034251'], ['k', '0.39400000659483614'], ['uu', '0.46499999878105575'], ['c', '0.3699999987235526'], ['q', '0.8760000209453459'], ['b', '0.20699999766274998'], ['h', '0.17700000019646636'], ['x', '0.3749999999977567'], ['yy', '0.5729999897682642'], ['vv', '0.62700001023226'], ['w', '0.4179999999897426'], ['z', '0.8989999999969478']]",659.595249414444
318,63,hiv_3_0,"{'x': 0.375, 'yy': 0.573, 'vv': 0.627, 'w': 0.418, 'z': 0.899}","{'lm': 0.482, 'd': 0.327, 'beta': 0.291, 'a': 0.512, 'k': 0.394, 'uu': 0.465, 'c': 0.37, 'q': 0.876, 'b': 0.207, 'h': 0.177}",-1.0,1.0,1001,hiv,[],0.0,False,False,iqm,,
319,63,hiv_3_0,"{'x': 0.375, 'yy': 0.573, 'vv': 0.627, 'w': 0.418, 'z': 0.899}","{'lm': 0.482, 'd': 0.327, 'beta': 0.291, 'a': 0.512, 'k': 0.394, 'uu': 0.465, 'c': 0.37, 'q': 0.876, 'b': 0.207, 'h': 0.177}",-1.0,1.0,1001,hiv,[],0.0,False,False,amigo2,,
320,64,hiv_4_0,"{'x': 0.15, 'yy': 0.294, 'vv': 0.446, 'w': 0.518, 'z': 0.718}","{'lm': 0.382, 'd': 0.677, 'beta': 0.61, 'a': 0.75, 'k': 0.881, 'uu': 0.812, 'c': 0.712, 'q': 0.659, 'b': 0.368, 'h': 0.218}",-1.0,1.0,1001,hiv,[],0.0,False,False,pe,,
321,64,hiv_4_0,"{'x': 0.15, 'yy': 0.294, 'vv': 0.446, 'w': 0.518, 'z': 0.718}","{'lm': 0.382, 'd': 0.677, 'beta': 0.61, 'a': 0.75, 'k': 0.881, 'uu': 0.812, 'c': 0.712, 'q': 0.659, 'b': 0.368, 'h': 0.218}",-1.0,1.0,1001,hiv,[],0.0,False,False,odepe,,
322,64,hiv_4_0,"{'x': 0.15, 'yy': 0.294, 'vv': 0.446, 'w': 0.518, 'z': 0.718}","{'lm': 0.382, 'd': 0.677, 'beta': 0.61, 'a': 0.75, 'k': 0.881, 'uu': 0.812, 'c': 0.712, 'q': 0.659, 'b': 0.368, 'h': 0.218}",-1.0,1.0,1001,hiv,[],0.0,True,True,sciml,"[['lm', '0.3819999968901622'], ['d', '0.6770000178050984'], ['beta', '0.6100007104455311'], ['a', '0.7499989020504986'], ['k', '0.8809991063027791'], ['uu', '0.8120013172509148'], ['c', '0.7120071408874605'], ['q', '0.6589921095497594'], ['b', '0.3680004467256972'], ['h', '0.21800001894069848'], ['x', '0.150000000244871'], ['yy', '0.2940005660365248'], ['vv', '0.4459994337354423'], ['w', '0.5180000042027442'], ['z', '0.7180000019312751']]",486.8564760684967
323,64,hiv_4_0,"{'x': 0.15, 'yy': 0.294, 'vv': 0.446, 'w': 0.518, 'z': 0.718}","{'lm': 0.382, 'd': 0.677, 'beta': 0.61, 'a': 0.75, 'k': 0.881, 'uu': 0.812, 'c': 0.712, 'q': 0.659, 'b': 0.368, 'h': 0.218}",-1.0,1.0,1001,hiv,[],0.0,False,False,iqm,,
324,64,hiv_4_0,"{'x': 0.15, 'yy': 0.294, 'vv': 0.446, 'w': 0.518, 'z': 0.718}","{'lm': 0.382, 'd': 0.677, 'beta': 0.61, 'a': 0.75, 'k': 0.881, 'uu': 0.812, 'c': 0.712, 'q': 0.659, 'b': 0.368, 'h': 0.218}",-1.0,1.0,1001,hiv,[],0.0,False,False,amigo2,,
325,65,hiv_5_0,"{'x': 0.218, 'yy': 0.648, 'vv': 0.625, 'w': 0.79, 'z': 0.178}","{'lm': 0.867, 'd': 0.194, 'beta': 0.186, 'a': 0.572, 'k': 0.696, 'uu': 0.779, 'c': 0.849, 'q': 0.887, 'b': 0.42, 'h': 0.404}",-1.0,1.0,1001,hiv,[],0.0,False,False,pe,,
326,65,hiv_5_0,"{'x': 0.218, 'yy': 0.648, 'vv': 0.625, 'w': 0.79, 'z': 0.178}","{'lm': 0.867, 'd': 0.194, 'beta': 0.186, 'a': 0.572, 'k': 0.696, 'uu': 0.779, 'c': 0.849, 'q': 0.887, 'b': 0.42, 'h': 0.404}",-1.0,1.0,1001,hiv,[],0.0,False,False,odepe,,
327,65,hiv_5_0,"{'x': 0.218, 'yy': 0.648, 'vv': 0.625, 'w': 0.79, 'z': 0.178}","{'lm': 0.867, 'd': 0.194, 'beta': 0.186, 'a': 0.572, 'k': 0.696, 'uu': 0.779, 'c': 0.849, 'q': 0.887, 'b': 0.42, 'h': 0.404}",-1.0,1.0,1001,hiv,[],0.0,True,True,sciml,"[['lm', '0.8670000115085834'], ['d', '0.19400004851922173'], ['beta', '0.18599974376054568'], ['a', '0.5720001205460993'], ['k', '0.6960010767932643'], ['uu', '0.7789997832200037'], ['c', '0.8490010358226834'], ['q', '0.8870000999699916'], ['b', '0.4199999670183559'], ['h', '0.4040000295954379'], ['x', '0.21800000001516553'], ['yy', '0.6479991666125626'], ['vv', '0.6250008330249059'], ['w', '0.7899999995541997'], ['z', '0.17799999866925503']]",406.31387209892273
328,65,hiv_5_0,"{'x': 0.218, 'yy': 0.648, 'vv': 0.625, 'w': 0.79, 'z': 0.178}","{'lm': 0.867, 'd': 0.194, 'beta': 0.186, 'a': 0.572, 'k': 0.696, 'uu': 0.779, 'c': 0.849, 'q': 0.887, 'b': 0.42, 'h': 0.404}",-1.0,1.0,1001,hiv,[],0.0,False,False,iqm,,
329,65,hiv_5_0,"{'x': 0.218, 'yy': 0.648, 'vv': 0.625, 'w': 0.79, 'z': 0.178}","{'lm': 0.867, 'd': 0.194, 'beta': 0.186, 'a': 0.572, 'k': 0.696, 'uu': 0.779, 'c': 0.849, 'q': 0.887, 'b': 0.42, 'h': 0.404}",-1.0,1.0,1001,hiv,[],0.0,False,False,amigo2,,
330,66,hiv_6_0,"{'x': 0.439, 'yy': 0.786, 'vv': 0.194, 'w': 0.317, 'z': 0.423}","{'lm': 0.498, 'd': 0.565, 'beta': 0.293, 'a': 0.235, 'k': 0.788, 'uu': 0.147, 'c': 0.476, 'q': 0.193, 'b': 0.466, 'h': 0.884}",-1.0,1.0,1001,hiv,[],0.0,False,False,pe,,
331,66,hiv_6_0,"{'x': 0.439, 'yy': 0.786, 'vv': 0.194, 'w': 0.317, 'z': 0.423}","{'lm': 0.498, 'd': 0.565, 'beta': 0.293, 'a': 0.235, 'k': 0.788, 'uu': 0.147, 'c': 0.476, 'q': 0.193, 'b': 0.466, 'h': 0.884}",-1.0,1.0,1001,hiv,[],0.0,False,False,odepe,,
332,66,hiv_6_0,"{'x': 0.439, 'yy': 0.786, 'vv': 0.194, 'w': 0.317, 'z': 0.423}","{'lm': 0.498, 'd': 0.565, 'beta': 0.293, 'a': 0.235, 'k': 0.788, 'uu': 0.147, 'c': 0.476, 'q': 0.193, 'b': 0.466, 'h': 0.884}",-1.0,1.0,1001,hiv,[],0.0,True,True,sciml,"[['lm', '0.4979999368547263'], ['d', '0.565000456683822'], ['beta', '0.2929982000021577'], ['a', '0.235004324946237'], ['k', '0.7880028482404098'], ['uu', '0.14699572000104563'], ['c', '0.47602157744861545'], ['q', '0.19299386716709663'], ['b', '0.46600711671076533'], ['h', '0.8840007690342827'], ['x', '0.4389999995444649'], ['yy', '0.786000875557907'], ['vv', '0.1939991219526008'], ['w', '0.3170000204013916'], ['z', '0.422999998233168']]",386.8448371887207
333,66,hiv_6_0,"{'x': 0.439, 'yy': 0.786, 'vv': 0.194, 'w': 0.317, 'z': 0.423}","{'lm': 0.498, 'd': 0.565, 'beta': 0.293, 'a': 0.235, 'k': 0.788, 'uu': 0.147, 'c': 0.476, 'q': 0.193, 'b': 0.466, 'h': 0.884}",-1.0,1.0,1001,hiv,[],0.0,False,False,iqm,,
334,66,hiv_6_0,"{'x': 0.439, 'yy': 0.786, 'vv': 0.194, 'w': 0.317, 'z': 0.423}","{'lm': 0.498, 'd': 0.565, 'beta': 0.293, 'a': 0.235, 'k': 0.788, 'uu': 0.147, 'c': 0.476, 'q': 0.193, 'b': 0.466, 'h': 0.884}",-1.0,1.0,1001,hiv,[],0.0,True,True,amigo2,"[['lm', '4.9800e-01'], ['d', '5.6500e-01'], ['beta', '2.9300e-01'], ['a', '2.3500e-01'], ['k', '7.8800e-01'], ['uu', '1.4700e-01'], ['c', '4.7600e-01'], ['q', '1.9300e-01'], ['b', '4.6600e-01'], ['h', '8.8400e-01'], ['x', '4.3900e-01'], ['yy', '7.8600e-01'], ['vv', '1.9400e-01'], ['w', '3.1700e-01'], ['z', '4.2300e-01']]",2396.4270141124725
335,67,hiv_7_0,"{'x': 0.623, 'yy': 0.681, 'vv': 0.53, 'w': 0.188, 'z': 0.424}","{'lm': 0.42, 'd': 0.637, 'beta': 0.376, 'a': 0.671, 'k': 0.611, 'uu': 0.419, 'c': 0.445, 'q': 0.592, 'b': 0.156, 'h': 0.758}",-1.0,1.0,1001,hiv,[],0.0,False,False,pe,,
336,67,hiv_7_0,"{'x': 0.623, 'yy': 0.681, 'vv': 0.53, 'w': 0.188, 'z': 0.424}","{'lm': 0.42, 'd': 0.637, 'beta': 0.376, 'a': 0.671, 'k': 0.611, 'uu': 0.419, 'c': 0.445, 'q': 0.592, 'b': 0.156, 'h': 0.758}",-1.0,1.0,1001,hiv,[],0.0,False,False,odepe,,
337,67,hiv_7_0,"{'x': 0.623, 'yy': 0.681, 'vv': 0.53, 'w': 0.188, 'z': 0.424}","{'lm': 0.42, 'd': 0.637, 'beta': 0.376, 'a': 0.671, 'k': 0.611, 'uu': 0.419, 'c': 0.445, 'q': 0.592, 'b': 0.156, 'h': 0.758}",-1.0,1.0,1001,hiv,[],0.0,True,True,sciml,"[['lm', '0.42000128561639033'], ['d', '0.6370032137736524'], ['beta', '0.37599796607887437'], ['a', '0.6710020199085981'], ['k', '0.611001733427952'], ['uu', '0.4189984210575941'], ['c', '0.4450092322317207'], ['q', '0.5920019584259502'], ['b', '0.15599946905053444'], ['h', '0.7580018890234066'], ['x', '0.6229999985686976'], ['yy', '0.6810002591113349'], ['vv', '0.5299997405877188'], ['w', '0.18799999673453613'], ['z', '0.42399999715141345']]",474.71778202056885
338,67,hiv_7_0,"{'x': 0.623, 'yy': 0.681, 'vv': 0.53, 'w': 0.188, 'z': 0.424}","{'lm': 0.42, 'd': 0.637, 'beta': 0.376, 'a': 0.671, 'k': 0.611, 'uu': 0.419, 'c': 0.445, 'q': 0.592, 'b': 0.156, 'h': 0.758}",-1.0,1.0,1001,hiv,[],0.0,False,False,iqm,,
339,67,hiv_7_0,"{'x': 0.623, 'yy': 0.681, 'vv': 0.53, 'w': 0.188, 'z': 0.424}","{'lm': 0.42, 'd': 0.637, 'beta': 0.376, 'a': 0.671, 'k': 0.611, 'uu': 0.419, 'c': 0.445, 'q': 0.592, 'b': 0.156, 'h': 0.758}",-1.0,1.0,1001,hiv,[],0.0,False,False,amigo2,,
340,68,hiv_8_0,"{'x': 0.794, 'yy': 0.123, 'vv': 0.528, 'w': 0.423, 'z': 0.519}","{'lm': 0.424, 'd': 0.357, 'beta': 0.124, 'a': 0.69, 'k': 0.188, 'uu': 0.585, 'c': 0.663, 'q': 0.608, 'b': 0.867, 'h': 0.183}",-1.0,1.0,1001,hiv,[],0.0,False,False,pe,,
341,68,hiv_8_0,"{'x': 0.794, 'yy': 0.123, 'vv': 0.528, 'w': 0.423, 'z': 0.519}","{'lm': 0.424, 'd': 0.357, 'beta': 0.124, 'a': 0.69, 'k': 0.188, 'uu': 0.585, 'c': 0.663, 'q': 0.608, 'b': 0.867, 'h': 0.183}",-1.0,1.0,1001,hiv,[],0.0,False,False,odepe,,
342,68,hiv_8_0,"{'x': 0.794, 'yy': 0.123, 'vv': 0.528, 'w': 0.423, 'z': 0.519}","{'lm': 0.424, 'd': 0.357, 'beta': 0.124, 'a': 0.69, 'k': 0.188, 'uu': 0.585, 'c': 0.663, 'q': 0.608, 'b': 0.867, 'h': 0.183}",-1.0,1.0,1001,hiv,[],0.0,True,True,sciml,"[['lm', '0.49537193920256495'], ['d', '0.4197517070491195'], ['beta', '0.1425586702036039'], ['a', '46.75085779272023'], ['k', '27.623047893480543'], ['uu', '0.5569287583875497'], ['c', '47.47363577439035'], ['q', '0.6566424698720764'], ['b', '0.8620180636075164'], ['h', '0.18180757124392438'], ['x', '0.7939972363145916'], ['yy', '0.0015083256004528567'], ['vv', '0.6494439192139116'], ['w', '0.42299632134732806'], ['z', '0.5189566028487784']]",320.7468321323395
343,68,hiv_8_0,"{'x': 0.794, 'yy': 0.123, 'vv': 0.528, 'w': 0.423, 'z': 0.519}","{'lm': 0.424, 'd': 0.357, 'beta': 0.124, 'a': 0.69, 'k': 0.188, 'uu': 0.585, 'c': 0.663, 'q': 0.608, 'b': 0.867, 'h': 0.183}",-1.0,1.0,1001,hiv,[],0.0,False,False,iqm,,
344,68,hiv_8_0,"{'x': 0.794, 'yy': 0.123, 'vv': 0.528, 'w': 0.423, 'z': 0.519}","{'lm': 0.424, 'd': 0.357, 'beta': 0.124, 'a': 0.69, 'k': 0.188, 'uu': 0.585, 'c': 0.663, 'q': 0.608, 'b': 0.867, 'h': 0.183}",-1.0,1.0,1001,hiv,[],0.0,False,False,amigo2,,
345,69,hiv_9_0,"{'x': 0.18, 'yy': 0.312, 'vv': 0.153, 'w': 0.152, 'z': 0.785}","{'lm': 0.392, 'd': 0.252, 'beta': 0.115, 'a': 0.515, 'k': 0.774, 'uu': 0.399, 'c': 0.278, 'q': 0.164, 'b': 0.168, 'h': 0.277}",-1.0,1.0,1001,hiv,[],0.0,False,False,pe,,
346,69,hiv_9_0,"{'x': 0.18, 'yy': 0.312, 'vv': 0.153, 'w': 0.152, 'z': 0.785}","{'lm': 0.392, 'd': 0.252, 'beta': 0.115, 'a': 0.515, 'k': 0.774, 'uu': 0.399, 'c': 0.278, 'q': 0.164, 'b': 0.168, 'h': 0.277}",-1.0,1.0,1001,hiv,[],0.0,False,False,odepe,,
347,69,hiv_9_0,"{'x': 0.18, 'yy': 0.312, 'vv': 0.153, 'w': 0.152, 'z': 0.785}","{'lm': 0.392, 'd': 0.252, 'beta': 0.115, 'a': 0.515, 'k': 0.774, 'uu': 0.399, 'c': 0.278, 'q': 0.164, 'b': 0.168, 'h': 0.277}",-1.0,1.0,1001,hiv,[],0.0,True,True,sciml,"[['lm', '0.5097187422675246'], ['d', '0.45303509034671463'], ['beta', '99.99999999906454'], ['a', '0.15439083752273236'], ['k', '2.2139599694371976e-13'], ['uu', '1.853217757984621'], ['c', '0.07875017946730602'], ['q', '2.2493213920487663e-10'], ['b', '0.16873148799132093'], ['h', '0.27499352903458496'], ['x', '0.18031735580734337'], ['yy', '0.46284462449108704'], ['vv', '0.0044472993972475075'], ['w', '0.15191599193055177'], ['z', '0.7851510832635828']]",378.8482732772827
348,69,hiv_9_0,"{'x': 0.18, 'yy': 0.312, 'vv': 0.153, 'w': 0.152, 'z': 0.785}","{'lm': 0.392, 'd': 0.252, 'beta': 0.115, 'a': 0.515, 'k': 0.774, 'uu': 0.399, 'c': 0.278, 'q': 0.164, 'b': 0.168, 'h': 0.277}",-1.0,1.0,1001,hiv,[],0.0,False,False,iqm,,
349,69,hiv_9_0,"{'x': 0.18, 'yy': 0.312, 'vv': 0.153, 'w': 0.152, 'z': 0.785}","{'lm': 0.392, 'd': 0.252, 'beta': 0.115, 'a': 0.515, 'k': 0.774, 'uu': 0.399, 'c': 0.278, 'q': 0.164, 'b': 0.168, 'h': 0.277}",-1.0,1.0,1001,hiv,[],0.0,True,True,amigo2,"[['lm', '3.9662e-01'], ['d', '2.8303e-01'], ['beta', '1.9188e-02'], ['a', '6.2601e-01'], ['k', '4.5450e+00'], ['uu', '3.1090e-01'], ['c', '2.5841e+00'], ['q', '1.3770e-01'], ['b', '1.7146e-01'], ['h', '2.7688e-01'], ['x', '1.7993e-01'], ['yy', '3.9198e-02'], ['vv', '4.2582e-01'], ['w', '1.5201e-01'], ['z', '7.8499e-01']]",1891.330670595169
350,70,lotka_volterra_0_0,"{'r': 0.465, 'w': 0.223}","{'k1': 0.23, 'k2': 0.548, 'k3': 0.719}",-1.0,1.0,1001,lotka_volterra,[],0.0,False,False,pe,,
351,70,lotka_volterra_0_0,"{'r': 0.465, 'w': 0.223}","{'k1': 0.23, 'k2': 0.548, 'k3': 0.719}",-1.0,1.0,1001,lotka_volterra,[],0.0,False,False,odepe,,
352,70,lotka_volterra_0_0,"{'r': 0.465, 'w': 0.223}","{'k1': 0.23, 'k2': 0.548, 'k3': 0.719}",-1.0,1.0,1001,lotka_volterra,[],0.0,True,True,sciml,"[['k1', '0.23000059921290458'], ['k2', '0.5480131860084712'], ['k3', '0.7190037347399127'], ['r', '0.4649999998647806'], ['w', '0.22299572171230175']]",514.7865374088287
353,70,lotka_volterra_0_0,"{'r': 0.465, 'w': 0.223}","{'k1': 0.23, 'k2': 0.548, 'k3': 0.719}",-1.0,1.0,1001,lotka_volterra,[],0.0,False,False,iqm,,
354,70,lotka_volterra_0_0,"{'r': 0.465, 'w': 0.223}","{'k1': 0.23, 'k2': 0.548, 'k3': 0.719}",-1.0,1.0,1001,lotka_volterra,[],0.0,True,True,amigo2,"[['k1', '2.3000e-01'], ['k2', '5.4800e-01'], ['k3', '7.1900e-01'], ['r', '4.6500e-01'], ['w', '2.2300e-01']]",823.3446278572083
355,71,lotka_volterra_1_0,"{'r': 0.38, 'w': 0.725}","{'k1': 0.26, 'k2': 0.446, 'k3': 0.523}",-1.0,1.0,1001,lotka_volterra,[],0.0,False,False,pe,,
356,71,lotka_volterra_1_0,"{'r': 0.38, 'w': 0.725}","{'k1': 0.26, 'k2': 0.446, 'k3': 0.523}",-1.0,1.0,1001,lotka_volterra,[],0.0,False,False,odepe,,
357,71,lotka_volterra_1_0,"{'r': 0.38, 'w': 0.725}","{'k1': 0.26, 'k2': 0.446, 'k3': 0.523}",-1.0,1.0,1001,lotka_volterra,[],0.0,True,True,sciml,"[['k1', '0.26032613424013873'], ['k2', '0.46200024575207094'], ['k3', '0.5285281178122655'], ['r', '0.3799995944232529'], ['w', '0.7005703304370883']]",599.8781702518463
358,71,lotka_volterra_1_0,"{'r': 0.38, 'w': 0.725}","{'k1': 0.26, 'k2': 0.446, 'k3': 0.523}",-1.0,1.0,1001,lotka_volterra,[],0.0,False,False,iqm,,
359,71,lotka_volterra_1_0,"{'r': 0.38, 'w': 0.725}","{'k1': 0.26, 'k2': 0.446, 'k3': 0.523}",-1.0,1.0,1001,lotka_volterra,[],0.0,True,True,amigo2,"[['k1', '2.5997e-01'], ['k2', '4.4439e-01'], ['k3', '5.2245e-01'], ['r', '3.8000e-01'], ['w', '7.2755e-01']]",1234.1238725185394
360,72,lotka_volterra_2_0,"{'r': 0.817, 'w': 0.414}","{'k1': 0.701, 'k2': 0.842, 'k3': 0.123}",-1.0,1.0,1001,lotka_volterra,[],0.0,False,False,pe,,
361,72,lotka_volterra_2_0,"{'r': 0.817, 'w': 0.414}","{'k1': 0.701, 'k2': 0.842, 'k3': 0.123}",-1.0,1.0,1001,lotka_volterra,[],0.0,False,False,odepe,,
362,72,lotka_volterra_2_0,"{'r': 0.817, 'w': 0.414}","{'k1': 0.701, 'k2': 0.842, 'k3': 0.123}",-1.0,1.0,1001,lotka_volterra,[],0.0,True,True,sciml,"[['k1', '0.7009999708960464'], ['k2', '0.8420007428034922'], ['k3', '0.1230006966143338'], ['r', '0.8170000015534079'], ['w', '0.41399961655077916']]",201.1443648338318
363,72,lotka_volterra_2_0,"{'r': 0.817, 'w': 0.414}","{'k1': 0.701, 'k2': 0.842, 'k3': 0.123}",-1.0,1.0,1001,lotka_volterra,[],0.0,False,False,iqm,,
364,72,lotka_volterra_2_0,"{'r': 0.817, 'w': 0.414}","{'k1': 0.701, 'k2': 0.842, 'k3': 0.123}",-1.0,1.0,1001,lotka_volterra,[],0.0,True,True,amigo2,"[['k1', '7.0100e-01'], ['k2', '8.4200e-01'], ['k3', '1.2300e-01'], ['r', '8.1700e-01'], ['w', '4.1400e-01']]",407.67728877067566
365,73,lotka_volterra_3_0,"{'r': 0.707, 'w': 0.392}","{'k1': 0.803, 'k2': 0.653, 'k3': 0.89}",-1.0,1.0,1001,lotka_volterra,[],0.0,False,False,pe,,
366,73,lotka_volterra_3_0,"{'r': 0.707, 'w': 0.392}","{'k1': 0.803, 'k2': 0.653, 'k3': 0.89}",-1.0,1.0,1001,lotka_volterra,[],0.0,False,False,odepe,,
367,73,lotka_volterra_3_0,"{'r': 0.707, 'w': 0.392}","{'k1': 0.803, 'k2': 0.653, 'k3': 0.89}",-1.0,1.0,1001,lotka_volterra,[],0.0,True,True,sciml,"[['k1', '0.8030007154702975'], ['k2', '0.6529978226669586'], ['k3', '0.8899970338125996'], ['r', '0.706999999526032'], ['w', '0.3920023872913659']]",273.760324716568
368,73,lotka_volterra_3_0,"{'r': 0.707, 'w': 0.392}","{'k1': 0.803, 'k2': 0.653, 'k3': 0.89}",-1.0,1.0,1001,lotka_volterra,[],0.0,False,False,iqm,,
369,73,lotka_volterra_3_0,"{'r': 0.707, 'w': 0.392}","{'k1': 0.803, 'k2': 0.653, 'k3': 0.89}",-1.0,1.0,1001,lotka_volterra,[],0.0,True,True,amigo2,"[['k1', '5.9780e-01'], ['k2', '1.2213e-03'], ['k3', '8.3440e+00'], ['r', '7.0885e-01'], ['w', '1.0000e+02']]",447.83310890197754
370,74,lotka_volterra_4_0,"{'r': 0.309, 'w': 0.497}","{'k1': 0.501, 'k2': 0.401, 'k3': 0.392}",-1.0,1.0,1001,lotka_volterra,[],0.0,False,False,pe,,
371,74,lotka_volterra_4_0,"{'r': 0.309, 'w': 0.497}","{'k1': 0.501, 'k2': 0.401, 'k3': 0.392}",-1.0,1.0,1001,lotka_volterra,[],0.0,False,False,odepe,,
372,74,lotka_volterra_4_0,"{'r': 0.309, 'w': 0.497}","{'k1': 0.501, 'k2': 0.401, 'k3': 0.392}",-1.0,1.0,1001,lotka_volterra,[],0.0,True,True,sciml,"[['k1', '2.015046448536433'], ['k2', '0.06321635572891922'], ['k3', '0.048015042030719525'], ['r', '0.30896013974775255'], ['w', '27.084975401322264']]",195.5454080104828
373,74,lotka_volterra_4_0,"{'r': 0.309, 'w': 0.497}","{'k1': 0.501, 'k2': 0.401, 'k3': 0.392}",-1.0,1.0,1001,lotka_volterra,[],0.0,False,False,iqm,,
374,74,lotka_volterra_4_0,"{'r': 0.309, 'w': 0.497}","{'k1': 0.501, 'k2': 0.401, 'k3': 0.392}",-1.0,1.0,1001,lotka_volterra,[],0.0,True,True,amigo2,"[['k1', '4.1392e-01'], ['k2', '1.1275e-03'], ['k3', '4.9550e-01'], ['r', '3.0902e-01'], ['w', '1.0000e+02']]",374.4091012477875
375,75,lotka_volterra_5_0,"{'r': 0.194, 'w': 0.228}","{'k1': 0.645, 'k2': 0.322, 'k3': 0.52}",-1.0,1.0,1001,lotka_volterra,[],0.0,False,False,pe,,
376,75,lotka_volterra_5_0,"{'r': 0.194, 'w': 0.228}","{'k1': 0.645, 'k2': 0.322, 'k3': 0.52}",-1.0,1.0,1001,lotka_volterra,[],0.0,False,False,odepe,,
377,75,lotka_volterra_5_0,"{'r': 0.194, 'w': 0.228}","{'k1': 0.645, 'k2': 0.322, 'k3': 0.52}",-1.0,1.0,1001,lotka_volterra,[],0.0,True,True,sciml,"[['k1', '0.6450218925559729'], ['k2', '0.32219904050926035'], ['k3', '0.5198854864287771'], ['r', '0.19399999391585293'], ['w', '0.2279261489923795']]",190.79800009727478
378,75,lotka_volterra_5_0,"{'r': 0.194, 'w': 0.228}","{'k1': 0.645, 'k2': 0.322, 'k3': 0.52}",-1.0,1.0,1001,lotka_volterra,[],0.0,False,False,iqm,,
379,75,lotka_volterra_5_0,"{'r': 0.194, 'w': 0.228}","{'k1': 0.645, 'k2': 0.322, 'k3': 0.52}",-1.0,1.0,1001,lotka_volterra,[],0.0,True,True,amigo2,"[['k1', '6.4500e-01'], ['k2', '3.2200e-01'], ['k3', '5.2000e-01'], ['r', '1.9400e-01'], ['w', '2.2800e-01']]",924.2405633926392
380,76,lotka_volterra_6_0,"{'r': 0.243, 'w': 0.59}","{'k1': 0.137, 'k2': 0.877, 'k3': 0.103}",-1.0,1.0,1001,lotka_volterra,[],0.0,False,False,pe,,
381,76,lotka_volterra_6_0,"{'r': 0.243, 'w': 0.59}","{'k1': 0.137, 'k2': 0.877, 'k3': 0.103}",-1.0,1.0,1001,lotka_volterra,[],0.0,False,False,odepe,,
382,76,lotka_volterra_6_0,"{'r': 0.243, 'w': 0.59}","{'k1': 0.137, 'k2': 0.877, 'k3': 0.103}",-1.0,1.0,1001,lotka_volterra,[],0.0,True,True,sciml,"[['k1', '3.6316124262211975'], ['k2', '0.11577348914766486'], ['k3', '0.013436820846805808'], ['r', '0.24299350047240947'], ['w', '34.651277541023035']]",265.4177973270416
383,76,lotka_volterra_6_0,"{'r': 0.243, 'w': 0.59}","{'k1': 0.137, 'k2': 0.877, 'k3': 0.103}",-1.0,1.0,1001,lotka_volterra,[],0.0,False,False,iqm,,
384,76,lotka_volterra_6_0,"{'r': 0.243, 'w': 0.59}","{'k1': 0.137, 'k2': 0.877, 'k3': 0.103}",-1.0,1.0,1001,lotka_volterra,[],0.0,True,True,amigo2,"[['k1', '1.4061e-01'], ['k2', '8.7109e-01'], ['k3', '1.0230e-01'], ['r', '2.4300e-01'], ['w', '5.9814e-01']]",847.9850506782532
385,77,lotka_volterra_7_0,"{'r': 0.873, 'w': 0.506}","{'k1': 0.165, 'k2': 0.806, 'k3': 0.676}",-1.0,1.0,1001,lotka_volterra,[],0.0,False,False,pe,,
386,77,lotka_volterra_7_0,"{'r': 0.873, 'w': 0.506}","{'k1': 0.165, 'k2': 0.806, 'k3': 0.676}",-1.0,1.0,1001,lotka_volterra,[],0.0,False,False,odepe,,
387,77,lotka_volterra_7_0,"{'r': 0.873, 'w': 0.506}","{'k1': 0.165, 'k2': 0.806, 'k3': 0.676}",-1.0,1.0,1001,lotka_volterra,[],0.0,True,True,sciml,"[['k1', '72.17648054038024'], ['k2', '0.7177108952001202'], ['k3', '0.50183598670443'], ['r', '0.7138238397187818'], ['w', '99.99999999502779']]",635.4569764137268
388,77,lotka_volterra_7_0,"{'r': 0.873, 'w': 0.506}","{'k1': 0.165, 'k2': 0.806, 'k3': 0.676}",-1.0,1.0,1001,lotka_volterra,[],0.0,False,False,iqm,,
389,77,lotka_volterra_7_0,"{'r': 0.873, 'w': 0.506}","{'k1': 0.165, 'k2': 0.806, 'k3': 0.676}",-1.0,1.0,1001,lotka_volterra,[],0.0,True,True,amigo2,"[['k1', '1.6500e-01'], ['k2', '8.0600e-01'], ['k3', '6.7600e-01'], ['r', '8.7300e-01'], ['w', '5.0600e-01']]",383.917765378952
390,78,lotka_volterra_8_0,"{'r': 0.517, 'w': 0.314}","{'k1': 0.34, 'k2': 0.54, 'k3': 0.845}",-1.0,1.0,1001,lotka_volterra,[],0.0,False,False,pe,,
391,78,lotka_volterra_8_0,"{'r': 0.517, 'w': 0.314}","{'k1': 0.34, 'k2': 0.54, 'k3': 0.845}",-1.0,1.0,1001,lotka_volterra,[],0.0,False,False,odepe,,
392,78,lotka_volterra_8_0,"{'r': 0.517, 'w': 0.314}","{'k1': 0.34, 'k2': 0.54, 'k3': 0.845}",-1.0,1.0,1001,lotka_volterra,[],0.0,True,True,sciml,"[['k1', '78.8618799661636'], ['k2', '96.29525503204117'], ['k3', '68.30633722342624'], ['r', '36.91167403847167'], ['w', '44.54970774978321']]",157.65962600708008
393,78,lotka_volterra_8_0,"{'r': 0.517, 'w': 0.314}","{'k1': 0.34, 'k2': 0.54, 'k3': 0.845}",-1.0,1.0,1001,lotka_volterra,[],0.0,False,False,iqm,,
394,78,lotka_volterra_8_0,"{'r': 0.517, 'w': 0.314}","{'k1': 0.34, 'k2': 0.54, 'k3': 0.845}",-1.0,1.0,1001,lotka_volterra,[],0.0,True,True,amigo2,"[['k1', '3.4000e-01'], ['k2', '5.4000e-01'], ['k3', '8.4500e-01'], ['r', '5.1700e-01'], ['w', '3.1400e-01']]",1144.9572491645813
395,79,lotka_volterra_9_0,"{'r': 0.298, 'w': 0.355}","{'k1': 0.802, 'k2': 0.398, 'k3': 0.101}",-1.0,1.0,1001,lotka_volterra,[],0.0,False,False,pe,,
396,79,lotka_volterra_9_0,"{'r': 0.298, 'w': 0.355}","{'k1': 0.802, 'k2': 0.398, 'k3': 0.101}",-1.0,1.0,1001,lotka_volterra,[],0.0,False,False,odepe,,
397,79,lotka_volterra_9_0,"{'r': 0.298, 'w': 0.355}","{'k1': 0.802, 'k2': 0.398, 'k3': 0.101}",-1.0,1.0,1001,lotka_volterra,[],0.0,True,True,sciml,"[['k1', '51.66357983154074'], ['k2', '58.54422114283377'], ['k3', '95.801228612379'], ['r', '60.44985312804496'], ['w', '90.06930588915414']]",154.68182468414307
398,79,lotka_volterra_9_0,"{'r': 0.298, 'w': 0.355}","{'k1': 0.802, 'k2': 0.398, 'k3': 0.101}",-1.0,1.0,1001,lotka_volterra,[],0.0,False,False,iqm,,
399,79,lotka_volterra_9_0,"{'r': 0.298, 'w': 0.355}","{'k1': 0.802, 'k2': 0.398, 'k3': 0.101}",-1.0,1.0,1001,lotka_volterra,[],0.0,True,True,amigo2,"[['k1', '8.0200e-01'], ['k2', '3.9800e-01'], ['k3', '1.0100e-01'], ['r', '2.9800e-01'], ['w', '3.5500e-01']]",842.1410074234009
400,80,seir_0_0,"{'S': 0.369, 'E': 0.805, 'In': 0.856, 'NN': 0.894}","{'a': 0.787, 'b': 0.467, 'nu': 0.456}",-1.0,1.0,1001,seir,[],0.0,False,False,pe,,
401,80,seir_0_0,"{'S': 0.369, 'E': 0.805, 'In': 0.856, 'NN': 0.894}","{'a': 0.787, 'b': 0.467, 'nu': 0.456}",-1.0,1.0,1001,seir,[],0.0,False,False,odepe,,
402,80,seir_0_0,"{'S': 0.369, 'E': 0.805, 'In': 0.856, 'NN': 0.894}","{'a': 0.787, 'b': 0.467, 'nu': 0.456}",-1.0,1.0,1001,seir,[],0.0,True,True,sciml,"[['a', '3.089396952802201'], ['b', '72.63195484644434'], ['nu', '0.3344448727944048'], ['S', '1.935379442655413e-11'], ['E', '6.982634621042087'], ['In', '0.856176706653837'], ['NN', '0.8939999999999987']]",146.3543722629547
403,80,seir_0_0,"{'S': 0.369, 'E': 0.805, 'In': 0.856, 'NN': 0.894}","{'a': 0.787, 'b': 0.467, 'nu': 0.456}",-1.0,1.0,1001,seir,[],0.0,False,False,iqm,,
404,80,seir_0_0,"{'S': 0.369, 'E': 0.805, 'In': 0.856, 'NN': 0.894}","{'a': 0.787, 'b': 0.467, 'nu': 0.456}",-1.0,1.0,1001,seir,[],0.0,True,True,amigo2,"[['a', '7.8700e-01'], ['b', '4.6700e-01'], ['nu', '4.5600e-01'], ['S', '3.6900e-01'], ['E', '8.0500e-01'], ['In', '8.5600e-01'], ['NN', '8.9400e-01']]",400.40497183799744
405,81,seir_1_0,"{'S': 0.641, 'E': 0.296, 'In': 0.273, 'NN': 0.233}","{'a': 0.401, 'b': 0.873, 'nu': 0.734}",-1.0,1.0,1001,seir,[],0.0,False,False,pe,,
406,81,seir_1_0,"{'S': 0.641, 'E': 0.296, 'In': 0.273, 'NN': 0.233}","{'a': 0.401, 'b': 0.873, 'nu': 0.734}",-1.0,1.0,1001,seir,[],0.0,False,False,odepe,,
407,81,seir_1_0,"{'S': 0.641, 'E': 0.296, 'In': 0.273, 'NN': 0.233}","{'a': 0.401, 'b': 0.873, 'nu': 0.734}",-1.0,1.0,1001,seir,[],0.0,True,True,sciml,"[['a', '0.400999968572881'], ['b', '0.8729999849849986'], ['nu', '0.7340000657721716'], ['S', '0.6409999607599283'], ['E', '0.2959999616820691'], ['In', '0.27300000000304075'], ['NN', '0.2329999999999987']]",415.7563829421997
408,81,seir_1_0,"{'S': 0.641, 'E': 0.296, 'In': 0.273, 'NN': 0.233}","{'a': 0.401, 'b': 0.873, 'nu': 0.734}",-1.0,1.0,1001,seir,[],0.0,False,False,iqm,,
409,81,seir_1_0,"{'S': 0.641, 'E': 0.296, 'In': 0.273, 'NN': 0.233}","{'a': 0.401, 'b': 0.873, 'nu': 0.734}",-1.0,1.0,1001,seir,[],0.0,True,True,amigo2,"[['a', '4.0046e-01'], ['b', '8.7274e-01'], ['nu', '7.3512e-01'], ['S', '6.4033e-01'], ['E', '2.9535e-01'], ['In', '2.7300e-01'], ['NN', '2.3300e-01']]",382.2600224018097
410,82,seir_2_0,"{'S': 0.495, 'E': 0.723, 'In': 0.775, 'NN': 0.211}","{'a': 0.838, 'b': 0.335, 'nu': 0.462}",-1.0,1.0,1001,seir,[],0.0,False,False,pe,,
411,82,seir_2_0,"{'S': 0.495, 'E': 0.723, 'In': 0.775, 'NN': 0.211}","{'a': 0.838, 'b': 0.335, 'nu': 0.462}",-1.0,1.0,1001,seir,[],0.0,False,False,odepe,,
412,82,seir_2_0,"{'S': 0.495, 'E': 0.723, 'In': 0.775, 'NN': 0.211}","{'a': 0.838, 'b': 0.335, 'nu': 0.462}",-1.0,1.0,1001,seir,[],0.0,True,True,sciml,"[['a', '4.070664002048405'], ['b', '70.79528847774647'], ['nu', '0.26908664630144513'], ['S', '1.3918027055032919e-9'], ['E', '10.481226824676181'], ['In', '0.7761459443986999'], ['NN', '0.2109999999999464']]",143.93085408210754
413,82,seir_2_0,"{'S': 0.495, 'E': 0.723, 'In': 0.775, 'NN': 0.211}","{'a': 0.838, 'b': 0.335, 'nu': 0.462}",-1.0,1.0,1001,seir,[],0.0,False,False,iqm,,
414,82,seir_2_0,"{'S': 0.495, 'E': 0.723, 'In': 0.775, 'NN': 0.211}","{'a': 0.838, 'b': 0.335, 'nu': 0.462}",-1.0,1.0,1001,seir,[],0.0,True,True,amigo2,"[['a', '8.3800e-01'], ['b', '3.3500e-01'], ['nu', '4.6200e-01'], ['S', '4.9500e-01'], ['E', '7.2300e-01'], ['In', '7.7500e-01'], ['NN', '2.1100e-01']]",411.2295472621918
415,83,seir_3_0,"{'S': 0.182, 'E': 0.225, 'In': 0.343, 'NN': 0.16}","{'a': 0.442, 'b': 0.774, 'nu': 0.754}",-1.0,1.0,1001,seir,[],0.0,False,False,pe,,
416,83,seir_3_0,"{'S': 0.182, 'E': 0.225, 'In': 0.343, 'NN': 0.16}","{'a': 0.442, 'b': 0.774, 'nu': 0.754}",-1.0,1.0,1001,seir,[],0.0,False,False,odepe,,
417,83,seir_3_0,"{'S': 0.182, 'E': 0.225, 'In': 0.343, 'NN': 0.16}","{'a': 0.442, 'b': 0.774, 'nu': 0.754}",-1.0,1.0,1001,seir,[],0.0,True,True,sciml,"[['a', '1.7766210883025424'], ['b', '0.41184137849309643'], ['nu', '0.3676108893564789'], ['S', '1.1015253028861103'], ['E', '1.7061274842156677'], ['In', '0.34300833900373945'], ['NN', '0.16000000000008258']]",489.12109899520874
418,83,seir_3_0,"{'S': 0.182, 'E': 0.225, 'In': 0.343, 'NN': 0.16}","{'a': 0.442, 'b': 0.774, 'nu': 0.754}",-1.0,1.0,1001,seir,[],0.0,False,False,iqm,,
419,83,seir_3_0,"{'S': 0.182, 'E': 0.225, 'In': 0.343, 'NN': 0.16}","{'a': 0.442, 'b': 0.774, 'nu': 0.754}",-1.0,1.0,1001,seir,[],0.0,True,True,amigo2,"[['a', '7.5400e-01'], ['b', '7.7400e-01'], ['nu', '4.4200e-01'], ['S', '3.1047e-01'], ['E', '6.2594e-01'], ['In', '3.4300e-01'], ['NN', '1.6000e-01']]",424.9317092895508
420,84,seir_4_0,"{'S': 0.297, 'E': 0.577, 'In': 0.194, 'NN': 0.881}","{'a': 0.44, 'b': 0.186, 'nu': 0.555}",-1.0,1.0,1001,seir,[],0.0,False,False,pe,,
421,84,seir_4_0,"{'S': 0.297, 'E': 0.577, 'In': 0.194, 'NN': 0.881}","{'a': 0.44, 'b': 0.186, 'nu': 0.555}",-1.0,1.0,1001,seir,[],0.0,False,False,odepe,,
422,84,seir_4_0,"{'S': 0.297, 'E': 0.577, 'In': 0.194, 'NN': 0.881}","{'a': 0.44, 'b': 0.186, 'nu': 0.555}",-1.0,1.0,1001,seir,[],0.0,True,True,sciml,"[['a', '0.6701308128756431'], ['b', '1.0365984803655792'], ['nu', '0.32602182267989627'], ['S', '0.026228569838965182'], ['E', '1.1192209213130284'], ['In', '0.19399943104346212'], ['NN', '0.8810000000000343']]",300.3183796405792
423,84,seir_4_0,"{'S': 0.297, 'E': 0.577, 'In': 0.194, 'NN': 0.881}","{'a': 0.44, 'b': 0.186, 'nu': 0.555}",-1.0,1.0,1001,seir,[],0.0,False,False,iqm,,
424,84,seir_4_0,"{'S': 0.297, 'E': 0.577, 'In': 0.194, 'NN': 0.881}","{'a': 0.44, 'b': 0.186, 'nu': 0.555}",-1.0,1.0,1001,seir,[],0.0,True,True,amigo2,"[['a', '5.5835e-01'], ['b', '1.8837e-01'], ['nu', '4.3665e-01'], ['S', '3.6854e-01'], ['E', '7.8597e-01'], ['In', '1.9400e-01'], ['NN', '8.8100e-01']]",404.3223533630371
425,85,seir_5_0,"{'S': 0.3, 'E': 0.487, 'In': 0.132, 'NN': 0.612}","{'a': 0.846, 'b': 0.413, 'nu': 0.294}",-1.0,1.0,1001,seir,[],0.0,False,False,pe,,
426,85,seir_5_0,"{'S': 0.3, 'E': 0.487, 'In': 0.132, 'NN': 0.612}","{'a': 0.846, 'b': 0.413, 'nu': 0.294}",-1.0,1.0,1001,seir,[],0.0,False,False,odepe,,
427,85,seir_5_0,"{'S': 0.3, 'E': 0.487, 'In': 0.132, 'NN': 0.612}","{'a': 0.846, 'b': 0.413, 'nu': 0.294}",-1.0,1.0,1001,seir,[],0.0,True,True,sciml,"[['a', '1.0175598343622223'], ['b', '3.532510855915411'], ['nu', '0.2193679408389994'], ['S', '0.0432588339937954'], ['E', '0.7560797838857503'], ['In', '0.13199807371950573'], ['NN', '0.6120000000006584']]",226.54562091827393
428,85,seir_5_0,"{'S': 0.3, 'E': 0.487, 'In': 0.132, 'NN': 0.612}","{'a': 0.846, 'b': 0.413, 'nu': 0.294}",-1.0,1.0,1001,seir,[],0.0,False,False,iqm,,
429,85,seir_5_0,"{'S': 0.3, 'E': 0.487, 'In': 0.132, 'NN': 0.612}","{'a': 0.846, 'b': 0.413, 'nu': 0.294}",-1.0,1.0,1001,seir,[],0.0,True,True,amigo2,"[['a', '8.4600e-01'], ['b', '4.1300e-01'], ['nu', '2.9400e-01'], ['S', '3.0000e-01'], ['E', '4.8700e-01'], ['In', '1.3200e-01'], ['NN', '6.1200e-01']]",917.7608504295349
430,86,seir_6_0,"{'S': 0.667, 'E': 0.863, 'In': 0.382, 'NN': 0.818}","{'a': 0.427, 'b': 0.402, 'nu': 0.747}",-1.0,1.0,1001,seir,[],0.0,False,False,pe,,
431,86,seir_6_0,"{'S': 0.667, 'E': 0.863, 'In': 0.382, 'NN': 0.818}","{'a': 0.427, 'b': 0.402, 'nu': 0.747}",-1.0,1.0,1001,seir,[],0.0,False,False,odepe,,
432,86,seir_6_0,"{'S': 0.667, 'E': 0.863, 'In': 0.382, 'NN': 0.818}","{'a': 0.427, 'b': 0.402, 'nu': 0.747}",-1.0,1.0,1001,seir,[],0.0,True,True,sciml,"[['a', '0.8500532891829843'], ['b', '69.22024632649124'], ['nu', '0.18832616417002612'], ['S', '5.768690474932165e-10'], ['E', '4.249463304503795'], ['In', '0.38249816296327366'], ['NN', '0.8179999999999997']]",171.89636898040771
433,86,seir_6_0,"{'S': 0.667, 'E': 0.863, 'In': 0.382, 'NN': 0.818}","{'a': 0.427, 'b': 0.402, 'nu': 0.747}",-1.0,1.0,1001,seir,[],0.0,False,False,iqm,,
434,86,seir_6_0,"{'S': 0.667, 'E': 0.863, 'In': 0.382, 'NN': 0.818}","{'a': 0.427, 'b': 0.402, 'nu': 0.747}",-1.0,1.0,1001,seir,[],0.0,True,True,amigo2,"[['a', '7.4700e-01'], ['b', '4.0200e-01'], ['nu', '4.2700e-01'], ['S', '1.1669e+00'], ['E', '1.7960e+00'], ['In', '3.8200e-01'], ['NN', '8.1800e-01']]",397.97388219833374
435,87,seir_7_0,"{'S': 0.331, 'E': 0.8, 'In': 0.19, 'NN': 0.27}","{'a': 0.716, 'b': 0.386, 'nu': 0.597}",-1.0,1.0,1001,seir,[],0.0,False,False,pe,,
436,87,seir_7_0,"{'S': 0.331, 'E': 0.8, 'In': 0.19, 'NN': 0.27}","{'a': 0.716, 'b': 0.386, 'nu': 0.597}",-1.0,1.0,1001,seir,[],0.0,False,False,odepe,,
437,87,seir_7_0,"{'S': 0.331, 'E': 0.8, 'In': 0.19, 'NN': 0.27}","{'a': 0.716, 'b': 0.386, 'nu': 0.597}",-1.0,1.0,1001,seir,[],0.0,True,True,sciml,"[['a', '0.7236929610611555'], ['b', '0.3882047447874748'], ['nu', '0.589631792269263'], ['S', '0.33278856006479035'], ['E', '0.8124844495170458'], ['In', '0.18999973930726002'], ['NN', '0.26999999999906116']]",305.44253969192505
438,87,seir_7_0,"{'S': 0.331, 'E': 0.8, 'In': 0.19, 'NN': 0.27}","{'a': 0.716, 'b': 0.386, 'nu': 0.597}",-1.0,1.0,1001,seir,[],0.0,False,False,iqm,,
439,87,seir_7_0,"{'S': 0.331, 'E': 0.8, 'In': 0.19, 'NN': 0.27}","{'a': 0.716, 'b': 0.386, 'nu': 0.597}",-1.0,1.0,1001,seir,[],0.0,True,True,amigo2,"[['a', '7.1709e-01'], ['b', '3.8630e-01'], ['nu', '5.9595e-01'], ['S', '3.3127e-01'], ['E', '8.0175e-01'], ['In', '1.9000e-01'], ['NN', '2.7000e-01']]",315.0408675670624
440,88,seir_8_0,"{'S': 0.522, 'E': 0.49, 'In': 0.1, 'NN': 0.44}","{'a': 0.246, 'b': 0.422, 'nu': 0.696}",-1.0,1.0,1001,seir,[],0.0,False,False,pe,,
441,88,seir_8_0,"{'S': 0.522, 'E': 0.49, 'In': 0.1, 'NN': 0.44}","{'a': 0.246, 'b': 0.422, 'nu': 0.696}",-1.0,1.0,1001,seir,[],0.0,False,False,odepe,,
442,88,seir_8_0,"{'S': 0.522, 'E': 0.49, 'In': 0.1, 'NN': 0.44}","{'a': 0.246, 'b': 0.422, 'nu': 0.696}",-1.0,1.0,1001,seir,[],0.0,True,True,sciml,"[['a', '0.7231925009192222'], ['b', '70.91572049901768'], ['nu', '0.0037597205955960944'], ['S', '8.452109436599639e-12'], ['E', '99.99999999955706'], ['In', '0.1015435577391633'], ['NN', '0.4399999999999909']]",178.12981796264648
443,88,seir_8_0,"{'S': 0.522, 'E': 0.49, 'In': 0.1, 'NN': 0.44}","{'a': 0.246, 'b': 0.422, 'nu': 0.696}",-1.0,1.0,1001,seir,[],0.0,False,False,iqm,,
444,88,seir_8_0,"{'S': 0.522, 'E': 0.49, 'In': 0.1, 'NN': 0.44}","{'a': 0.246, 'b': 0.422, 'nu': 0.696}",-1.0,1.0,1001,seir,[],0.0,True,True,amigo2,"[['a', '6.9699e-01'], ['b', '4.2273e-01'], ['nu', '2.4504e-01'], ['S', '1.4785e+00'], ['E', '1.5758e+00'], ['In', '1.0000e-01'], ['NN', '4.4000e-01']]",288.3512513637543
445,89,seir_9_0,"{'S': 0.272, 'E': 0.787, 'In': 0.742, 'NN': 0.227}","{'a': 0.151, 'b': 0.267, 'nu': 0.846}",-1.0,1.0,1001,seir,[],0.0,False,False,pe,,
446,89,seir_9_0,"{'S': 0.272, 'E': 0.787, 'In': 0.742, 'NN': 0.227}","{'a': 0.151, 'b': 0.267, 'nu': 0.846}",-1.0,1.0,1001,seir,[],0.0,False,False,odepe,,
447,89,seir_9_0,"{'S': 0.272, 'E': 0.787, 'In': 0.742, 'NN': 0.227}","{'a': 0.151, 'b': 0.267, 'nu': 0.846}",-1.0,1.0,1001,seir,[],0.0,True,True,sciml,"[['a', '0.8460000344848111'], ['b', '0.2670000000627574'], ['nu', '0.15099999472772185'], ['S', '1.523920693855759'], ['E', '7.824450775458685'], ['In', '0.7419999999827981'], ['NN', '0.2269999999998221']]",350.2882432937622
448,89,seir_9_0,"{'S': 0.272, 'E': 0.787, 'In': 0.742, 'NN': 0.227}","{'a': 0.151, 'b': 0.267, 'nu': 0.846}",-1.0,1.0,1001,seir,[],0.0,False,False,iqm,,
449,89,seir_9_0,"{'S': 0.272, 'E': 0.787, 'In': 0.742, 'NN': 0.227}","{'a': 0.151, 'b': 0.267, 'nu': 0.846}",-1.0,1.0,1001,seir,[],0.0,True,True,amigo2,"[['a', '1.5100e-01'], ['b', '2.6700e-01'], ['nu', '8.4600e-01'], ['S', '2.7200e-01'], ['E', '7.8700e-01'], ['In', '7.4200e-01'], ['NN', '2.2700e-01']]",295.08883810043335
450,90,vanderpol_0_0,"{'x1': 0.682, 'x2': 0.61}","{'a': 0.585, 'b': 0.193}",-1.0,1.0,1001,vanderpol,[],0.0,False,False,pe,,
451,90,vanderpol_0_0,"{'x1': 0.682, 'x2': 0.61}","{'a': 0.585, 'b': 0.193}",-1.0,1.0,1001,vanderpol,[],0.0,False,False,odepe,,
452,90,vanderpol_0_0,"{'x1': 0.682, 'x2': 0.61}","{'a': 0.585, 'b': 0.193}",-1.0,1.0,1001,vanderpol,[],0.0,True,True,sciml,"[['a', '9.420576567300944e-16'], ['b', '99.99999999998741'], ['x1', '1.002309838116978'], ['x2', '0.8837179022288266']]",388.75455379486084
453,90,vanderpol_0_0,"{'x1': 0.682, 'x2': 0.61}","{'a': 0.585, 'b': 0.193}",-1.0,1.0,1001,vanderpol,[],0.0,False,False,iqm,,
454,90,vanderpol_0_0,"{'x1': 0.682, 'x2': 0.61}","{'a': 0.585, 'b': 0.193}",-1.0,1.0,1001,vanderpol,[],0.0,True,True,amigo2,"[['a', '5.8500e-01'], ['b', '1.9300e-01'], ['x1', '6.8200e-01'], ['x2', '6.1000e-01']]",267.4940986633301
455,91,vanderpol_1_0,"{'x1': 0.832, 'x2': 0.139}","{'a': 0.75, 'b': 0.484}",-1.0,1.0,1001,vanderpol,[],0.0,False,False,pe,,
456,91,vanderpol_1_0,"{'x1': 0.832, 'x2': 0.139}","{'a': 0.75, 'b': 0.484}",-1.0,1.0,1001,vanderpol,[],0.0,False,False,odepe,,
457,91,vanderpol_1_0,"{'x1': 0.832, 'x2': 0.139}","{'a': 0.75, 'b': 0.484}",-1.0,1.0,1001,vanderpol,[],0.0,True,True,sciml,"[['a', '0.7500000000026693'], ['b', '0.4840000000031839'], ['x1', '0.8320000000002645'], ['x2', '0.1390000000018866']]",129.53241848945618
458,91,vanderpol_1_0,"{'x1': 0.832, 'x2': 0.139}","{'a': 0.75, 'b': 0.484}",-1.0,1.0,1001,vanderpol,[],0.0,False,False,iqm,,
459,91,vanderpol_1_0,"{'x1': 0.832, 'x2': 0.139}","{'a': 0.75, 'b': 0.484}",-1.0,1.0,1001,vanderpol,[],0.0,True,True,amigo2,"[['a', '7.5000e-01'], ['b', '4.8400e-01'], ['x1', '8.3200e-01'], ['x2', '1.3900e-01']]",374.622346162796
460,92,vanderpol_2_0,"{'x1': 0.434, 'x2': 0.238}","{'a': 0.334, 'b': 0.672}",-1.0,1.0,1001,vanderpol,[],0.0,False,False,pe,,
461,92,vanderpol_2_0,"{'x1': 0.434, 'x2': 0.238}","{'a': 0.334, 'b': 0.672}",-1.0,1.0,1001,vanderpol,[],0.0,False,False,odepe,,
462,92,vanderpol_2_0,"{'x1': 0.434, 'x2': 0.238}","{'a': 0.334, 'b': 0.672}",-1.0,1.0,1001,vanderpol,[],0.0,False,False,sciml,,
463,92,vanderpol_2_0,"{'x1': 0.434, 'x2': 0.238}","{'a': 0.334, 'b': 0.672}",-1.0,1.0,1001,vanderpol,[],0.0,False,False,iqm,,
464,92,vanderpol_2_0,"{'x1': 0.434, 'x2': 0.238}","{'a': 0.334, 'b': 0.672}",-1.0,1.0,1001,vanderpol,[],0.0,True,True,amigo2,"[['a', '3.3400e-01'], ['b', '6.7200e-01'], ['x1', '4.3400e-01'], ['x2', '2.3800e-01']]",599.390857219696
465,93,vanderpol_3_0,"{'x1': 0.479, 'x2': 0.806}","{'a': 0.186, 'b': 0.754}",-1.0,1.0,1001,vanderpol,[],0.0,False,False,pe,,
466,93,vanderpol_3_0,"{'x1': 0.479, 'x2': 0.806}","{'a': 0.186, 'b': 0.754}",-1.0,1.0,1001,vanderpol,[],0.0,False,False,odepe,,
467,93,vanderpol_3_0,"{'x1': 0.479, 'x2': 0.806}","{'a': 0.186, 'b': 0.754}",-1.0,1.0,1001,vanderpol,[],0.0,True,True,sciml,"[['a', '8.768478451564785e-12'], ['b', '99.99999999950049'], ['x1', '1.0481729255327454'], ['x2', '1.6930598722450967']]",132.41592597961426
468,93,vanderpol_3_0,"{'x1': 0.479, 'x2': 0.806}","{'a': 0.186, 'b': 0.754}",-1.0,1.0,1001,vanderpol,[],0.0,False,False,iqm,,
469,93,vanderpol_3_0,"{'x1': 0.479, 'x2': 0.806}","{'a': 0.186, 'b': 0.754}",-1.0,1.0,1001,vanderpol,[],0.0,True,True,amigo2,"[['a', '1.8600e-01'], ['b', '7.5400e-01'], ['x1', '4.7900e-01'], ['x2', '8.0600e-01']]",261.444128036499
470,94,vanderpol_4_0,"{'x1': 0.399, 'x2': 0.513}","{'a': 0.687, 'b': 0.428}",-1.0,1.0,1001,vanderpol,[],0.0,False,False,pe,,
471,94,vanderpol_4_0,"{'x1': 0.399, 'x2': 0.513}","{'a': 0.687, 'b': 0.428}",-1.0,1.0,1001,vanderpol,[],0.0,False,False,odepe,,
472,94,vanderpol_4_0,"{'x1': 0.399, 'x2': 0.513}","{'a': 0.687, 'b': 0.428}",-1.0,1.0,1001,vanderpol,[],0.0,True,True,sciml,"[['a', '0.6870000000191224'], ['b', '0.42800000013474804'], ['x1', '0.39899999999984176'], ['x2', '0.5129999999770107']]",139.81317353248596
473,94,vanderpol_4_0,"{'x1': 0.399, 'x2': 0.513}","{'a': 0.687, 'b': 0.428}",-1.0,1.0,1001,vanderpol,[],0.0,False,False,iqm,,
474,94,vanderpol_4_0,"{'x1': 0.399, 'x2': 0.513}","{'a': 0.687, 'b': 0.428}",-1.0,1.0,1001,vanderpol,[],0.0,True,True,amigo2,"[['a', '6.8700e-01'], ['b', '4.2800e-01'], ['x1', '3.9900e-01'], ['x2', '5.1300e-01']]",544.105001449585
475,95,vanderpol_5_0,"{'x1': 0.104, 'x2': 0.655}","{'a': 0.811, 'b': 0.69}",-1.0,1.0,1001,vanderpol,[],0.0,False,False,pe,,
476,95,vanderpol_5_0,"{'x1': 0.104, 'x2': 0.655}","{'a': 0.811, 'b': 0.69}",-1.0,1.0,1001,vanderpol,[],0.0,False,False,odepe,,
477,95,vanderpol_5_0,"{'x1': 0.104, 'x2': 0.655}","{'a': 0.811, 'b': 0.69}",-1.0,1.0,1001,vanderpol,[],0.0,True,True,sciml,"[['a', '0.8109999999861577'], ['b', '0.690000000030944'], ['x1', '0.10400000001534472'], ['x2', '0.6549999999954557']]",133.1038646697998
478,95,vanderpol_5_0,"{'x1': 0.104, 'x2': 0.655}","{'a': 0.811, 'b': 0.69}",-1.0,1.0,1001,vanderpol,[],0.0,False,False,iqm,,
479,95,vanderpol_5_0,"{'x1': 0.104, 'x2': 0.655}","{'a': 0.811, 'b': 0.69}",-1.0,1.0,1001,vanderpol,[],0.0,True,True,amigo2,"[['a', '8.1100e-01'], ['b', '6.9000e-01'], ['x1', '1.0400e-01'], ['x2', '6.5500e-01']]",274.07114696502686
480,96,vanderpol_6_0,"{'x1': 0.242, 'x2': 0.487}","{'a': 0.836, 'b': 0.668}",-1.0,1.0,1001,vanderpol,[],0.0,False,False,pe,,
481,96,vanderpol_6_0,"{'x1': 0.242, 'x2': 0.487}","{'a': 0.836, 'b': 0.668}",-1.0,1.0,1001,vanderpol,[],0.0,False,False,odepe,,
482,96,vanderpol_6_0,"{'x1': 0.242, 'x2': 0.487}","{'a': 0.836, 'b': 0.668}",-1.0,1.0,1001,vanderpol,[],0.0,True,True,sciml,"[['a', '0.04887297898322373'], ['b', '99.99999999938073'], ['x1', '1.0250665913379091'], ['x2', '1.1490553703383592']]",350.28620290756226
483,96,vanderpol_6_0,"{'x1': 0.242, 'x2': 0.487}","{'a': 0.836, 'b': 0.668}",-1.0,1.0,1001,vanderpol,[],0.0,False,False,iqm,,
484,96,vanderpol_6_0,"{'x1': 0.242, 'x2': 0.487}","{'a': 0.836, 'b': 0.668}",-1.0,1.0,1001,vanderpol,[],0.0,True,True,amigo2,"[['a', '8.3600e-01'], ['b', '6.6800e-01'], ['x1', '2.4200e-01'], ['x2', '4.8700e-01']]",466.50113439559937
485,97,vanderpol_7_0,"{'x1': 0.85, 'x2': 0.839}","{'a': 0.212, 'b': 0.387}",-1.0,1.0,1001,vanderpol,[],0.0,False,False,pe,,
486,97,vanderpol_7_0,"{'x1': 0.85, 'x2': 0.839}","{'a': 0.212, 'b': 0.387}",-1.0,1.0,1001,vanderpol,[],0.0,False,False,odepe,,
487,97,vanderpol_7_0,"{'x1': 0.85, 'x2': 0.839}","{'a': 0.212, 'b': 0.387}",-1.0,1.0,1001,vanderpol,[],0.0,True,True,sciml,"[['a', '0.21200000000254685'], ['b', '0.38700000004296076'], ['x1', '0.8499999999992541'], ['x2', '0.8389999999974955']]",128.50075888633728
488,97,vanderpol_7_0,"{'x1': 0.85, 'x2': 0.839}","{'a': 0.212, 'b': 0.387}",-1.0,1.0,1001,vanderpol,[],0.0,False,False,iqm,,
489,97,vanderpol_7_0,"{'x1': 0.85, 'x2': 0.839}","{'a': 0.212, 'b': 0.387}",-1.0,1.0,1001,vanderpol,[],0.0,True,True,amigo2,"[['a', '2.1200e-01'], ['b', '3.8700e-01'], ['x1', '8.5000e-01'], ['x2', '8.3900e-01']]",343.1133117675781
490,98,vanderpol_8_0,"{'x1': 0.58, 'x2': 0.871}","{'a': 0.326, 'b': 0.372}",-1.0,1.0,1001,vanderpol,[],0.0,False,False,pe,,
491,98,vanderpol_8_0,"{'x1': 0.58, 'x2': 0.871}","{'a': 0.326, 'b': 0.372}",-1.0,1.0,1001,vanderpol,[],0.0,False,False,odepe,,
492,98,vanderpol_8_0,"{'x1': 0.58, 'x2': 0.871}","{'a': 0.326, 'b': 0.372}",-1.0,1.0,1001,vanderpol,[],0.0,True,True,sciml,"[['a', '0.3260000000027343'], ['b', '0.37200000002663675'], ['x1', '0.5800000000001244'], ['x2', '0.8709999999937859']]",132.96734285354614
493,98,vanderpol_8_0,"{'x1': 0.58, 'x2': 0.871}","{'a': 0.326, 'b': 0.372}",-1.0,1.0,1001,vanderpol,[],0.0,False,False,iqm,,
494,98,vanderpol_8_0,"{'x1': 0.58, 'x2': 0.871}","{'a': 0.326, 'b': 0.372}",-1.0,1.0,1001,vanderpol,[],0.0,True,True,amigo2,"[['a', '3.2600e-01'], ['b', '3.7200e-01'], ['x1', '5.8000e-01'], ['x2', '8.7100e-01']]",264.22388887405396
495,99,vanderpol_9_0,"{'x1': 0.799, 'x2': 0.494}","{'a': 0.218, 'b': 0.306}",-1.0,1.0,1001,vanderpol,[],0.0,False,False,pe,,
496,99,vanderpol_9_0,"{'x1': 0.799, 'x2': 0.494}","{'a': 0.218, 'b': 0.306}",-1.0,1.0,1001,vanderpol,[],0.0,False,False,odepe,,
497,99,vanderpol_9_0,"{'x1': 0.799, 'x2': 0.494}","{'a': 0.218, 'b': 0.306}",-1.0,1.0,1001,vanderpol,[],0.0,True,True,sciml,"[['a', '0.0016944830850938706'], ['b', '99.99999999999999'], ['x1', '1.00180840161622'], ['x2', '0.6653477838553208']]",437.728942155838
498,99,vanderpol_9_0,"{'x1': 0.799, 'x2': 0.494}","{'a': 0.218, 'b': 0.306}",-1.0,1.0,1001,vanderpol,[],0.0,False,False,iqm,,
499,99,vanderpol_9_0,"{'x1': 0.799, 'x2': 0.494}","{'a': 0.218, 'b': 0.306}",-1.0,1.0,1001,vanderpol,[],0.0,True,True,amigo2,"[['a', '2.1800e-01'], ['b', '3.0600e-01'], ['x1', '7.9900e-01'], ['x2', '4.9400e-01']]",660.0977058410645
500,100,slowfast_0_0,"{'xA': 0.361, 'xB': 0.353, 'xC': 0.458, 'eA': 0.446, 'eC': 0.386}","{'k1': 0.819, 'k2': 0.248, 'eB': 0.526}",-1.0,1.0,1001,slowfast,[],0.0,False,False,pe,,
501,100,slowfast_0_0,"{'xA': 0.361, 'xB': 0.353, 'xC': 0.458, 'eA': 0.446, 'eC': 0.386}","{'k1': 0.819, 'k2': 0.248, 'eB': 0.526}",-1.0,1.0,1001,slowfast,[],0.0,False,False,odepe,,
502,100,slowfast_0_0,"{'xA': 0.361, 'xB': 0.353, 'xC': 0.458, 'eA': 0.446, 'eC': 0.386}","{'k1': 0.819, 'k2': 0.248, 'eB': 0.526}",-1.0,1.0,1001,slowfast,[],0.0,True,True,sciml,"[['k1', '0.2480000688228703'], ['k2', '0.8189995263069704'], ['eB', '0.7101935677526088'], ['xA', '0.6071085454285'], ['xB', '0.10689140550356734'], ['xC', '0.4579999979873469'], ['eA', '0.4460000000177417'], ['eC', '0.3859999999837319']]",148.94045901298523
503,100,slowfast_0_0,"{'xA': 0.361, 'xB': 0.353, 'xC': 0.458, 'eA': 0.446, 'eC': 0.386}","{'k1': 0.819, 'k2': 0.248, 'eB': 0.526}",-1.0,1.0,1001,slowfast,[],0.0,False,False,iqm,,
504,100,slowfast_0_0,"{'xA': 0.361, 'xB': 0.353, 'xC': 0.458, 'eA': 0.446, 'eC': 0.386}","{'k1': 0.819, 'k2': 0.248, 'eB': 0.526}",-1.0,1.0,1001,slowfast,[],0.0,True,True,amigo2,"[['k1', '8.1900e-01'], ['k2', '2.4800e-01'], ['eB', '5.2600e-01'], ['xA', '3.6100e-01'], ['xB', '3.5300e-01'], ['xC', '4.5800e-01'], ['eA', '4.4600e-01'], ['eC', '3.8600e-01']]",471.36101174354553
505,101,slowfast_1_0,"{'xA': 0.332, 'xB': 0.562, 'xC': 0.723, 'eA': 0.736, 'eC': 0.376}","{'k1': 0.832, 'k2': 0.685, 'eB': 0.682}",-1.0,1.0,1001,slowfast,[],0.0,False,False,pe,,
506,101,slowfast_1_0,"{'xA': 0.332, 'xB': 0.562, 'xC': 0.723, 'eA': 0.736, 'eC': 0.376}","{'k1': 0.832, 'k2': 0.685, 'eB': 0.682}",-1.0,1.0,1001,slowfast,[],0.0,False,False,odepe,,
507,101,slowfast_1_0,"{'xA': 0.332, 'xB': 0.562, 'xC': 0.723, 'eA': 0.736, 'eC': 0.376}","{'k1': 0.832, 'k2': 0.685, 'eB': 0.682}",-1.0,1.0,1001,slowfast,[],0.0,True,True,sciml,"[['k1', '0.6849997352267293'], ['k2', '0.8320004763084797'], ['eB', '0.6704116409987081'], ['xA', '0.4312959434902719'], ['xB', '0.46270405599464254'], ['xC', '0.7230000006006719'], ['eA', '0.7359999999989716'], ['eC', '0.37599999999866945']]",158.75787711143494
508,101,slowfast_1_0,"{'xA': 0.332, 'xB': 0.562, 'xC': 0.723, 'eA': 0.736, 'eC': 0.376}","{'k1': 0.832, 'k2': 0.685, 'eB': 0.682}",-1.0,1.0,1001,slowfast,[],0.0,False,False,iqm,,
509,101,slowfast_1_0,"{'xA': 0.332, 'xB': 0.562, 'xC': 0.723, 'eA': 0.736, 'eC': 0.376}","{'k1': 0.832, 'k2': 0.685, 'eB': 0.682}",-1.0,1.0,1001,slowfast,[],0.0,True,True,amigo2,"[['k1', '6.8500e-01'], ['k2', '8.3200e-01'], ['eB', '6.7041e-01'], ['xA', '4.3130e-01'], ['xB', '4.6270e-01'], ['xC', '7.2300e-01'], ['eA', '7.3600e-01'], ['eC', '3.7600e-01']]",640.4606561660767
510,102,slowfast_2_0,"{'xA': 0.793, 'xB': 0.453, 'xC': 0.489, 'eA': 0.459, 'eC': 0.554}","{'k1': 0.717, 'k2': 0.689, 'eB': 0.213}",-1.0,1.0,1001,slowfast,[],0.0,False,False,pe,,
511,102,slowfast_2_0,"{'xA': 0.793, 'xB': 0.453, 'xC': 0.489, 'eA': 0.459, 'eC': 0.554}","{'k1': 0.717, 'k2': 0.689, 'eB': 0.213}",-1.0,1.0,1001,slowfast,[],0.0,False,False,odepe,,
512,102,slowfast_2_0,"{'xA': 0.793, 'xB': 0.453, 'xC': 0.489, 'eA': 0.459, 'eC': 0.554}","{'k1': 0.717, 'k2': 0.689, 'eB': 0.213}",-1.0,1.0,1001,slowfast,[],0.0,True,True,sciml,"[['k1', '0.7170000599532456'], ['k2', '0.6889999454469049'], ['eB', '0.21300001984801156'], ['xA', '0.792999964038139'], ['xB', '0.4530000355396836'], ['xC', '0.48900000001217286'], ['eA', '0.4589999999994545'], ['eC', '0.5539999999990669']]",157.38918089866638
513,102,slowfast_2_0,"{'xA': 0.793, 'xB': 0.453, 'xC': 0.489, 'eA': 0.459, 'eC': 0.554}","{'k1': 0.717, 'k2': 0.689, 'eB': 0.213}",-1.0,1.0,1001,slowfast,[],0.0,False,False,iqm,,
514,102,slowfast_2_0,"{'xA': 0.793, 'xB': 0.453, 'xC': 0.489, 'eA': 0.459, 'eC': 0.554}","{'k1': 0.717, 'k2': 0.689, 'eB': 0.213}",-1.0,1.0,1001,slowfast,[],0.0,True,True,amigo2,"[['k1', '7.1700e-01'], ['k2', '6.8900e-01'], ['eB', '2.1300e-01'], ['xA', '7.9300e-01'], ['xB', '4.5300e-01'], ['xC', '4.8900e-01'], ['eA', '4.5900e-01'], ['eC', '5.5400e-01']]",938.2646746635437
515,103,slowfast_3_0,"{'xA': 0.602, 'xB': 0.421, 'xC': 0.433, 'eA': 0.749, 'eC': 0.379}","{'k1': 0.597, 'k2': 0.499, 'eB': 0.793}",-1.0,1.0,1001,slowfast,[],0.0,False,False,pe,,
516,103,slowfast_3_0,"{'xA': 0.602, 'xB': 0.421, 'xC': 0.433, 'eA': 0.749, 'eC': 0.379}","{'k1': 0.597, 'k2': 0.499, 'eB': 0.793}",-1.0,1.0,1001,slowfast,[],0.0,False,False,odepe,,
517,103,slowfast_3_0,"{'xA': 0.602, 'xB': 0.421, 'xC': 0.433, 'eA': 0.749, 'eC': 0.379}","{'k1': 0.597, 'k2': 0.499, 'eB': 0.793}",-1.0,1.0,1001,slowfast,[],0.0,True,True,sciml,"[['k1', '0.5970089577839132'], ['k2', '0.49899378986514037'], ['eB', '0.7929993739789736'], ['xA', '0.6019949527674436'], ['xB', '0.4210050866554019'], ['xC', '0.4330000083097396'], ['eA', '0.7490000000974616'], ['eC', '0.3789999998822685']]",177.92202067375183
518,103,slowfast_3_0,"{'xA': 0.602, 'xB': 0.421, 'xC': 0.433, 'eA': 0.749, 'eC': 0.379}","{'k1': 0.597, 'k2': 0.499, 'eB': 0.793}",-1.0,1.0,1001,slowfast,[],0.0,False,False,iqm,,
519,103,slowfast_3_0,"{'xA': 0.602, 'xB': 0.421, 'xC': 0.433, 'eA': 0.749, 'eC': 0.379}","{'k1': 0.597, 'k2': 0.499, 'eB': 0.793}",-1.0,1.0,1001,slowfast,[],0.0,True,True,amigo2,"[['k1', '5.9700e-01'], ['k2', '4.9900e-01'], ['eB', '7.9300e-01'], ['xA', '6.0200e-01'], ['xB', '4.2100e-01'], ['xC', '4.3300e-01'], ['eA', '7.4900e-01'], ['eC', '3.7900e-01']]",613.1701507568359
520,104,slowfast_4_0,"{'xA': 0.835, 'xB': 0.196, 'xC': 0.368, 'eA': 0.24, 'eC': 0.193}","{'k1': 0.269, 'k2': 0.148, 'eB': 0.801}",-1.0,1.0,1001,slowfast,[],0.0,False,False,pe,,
521,104,slowfast_4_0,"{'xA': 0.835, 'xB': 0.196, 'xC': 0.368, 'eA': 0.24, 'eC': 0.193}","{'k1': 0.269, 'k2': 0.148, 'eB': 0.801}",-1.0,1.0,1001,slowfast,[],0.0,False,False,odepe,,
522,104,slowfast_4_0,"{'xA': 0.835, 'xB': 0.196, 'xC': 0.368, 'eA': 0.24, 'eC': 0.193}","{'k1': 0.269, 'k2': 0.148, 'eB': 0.801}",-1.0,1.0,1001,slowfast,[],0.0,True,True,sciml,"[['k1', '0.1480000000238073'], ['k2', '0.26899999996832574'], ['eB', '1.2596554045992978'], ['xA', '0.9231635692074396'], ['xB', '0.10783643120454886'], ['xC', '0.3680000000005552'], ['eA', '0.23999999999844177'], ['eC', '0.19299999999635983']]",148.66085600852966
523,104,slowfast_4_0,"{'xA': 0.835, 'xB': 0.196, 'xC': 0.368, 'eA': 0.24, 'eC': 0.193}","{'k1': 0.269, 'k2': 0.148, 'eB': 0.801}",-1.0,1.0,1001,slowfast,[],0.0,False,False,iqm,,
524,104,slowfast_4_0,"{'xA': 0.835, 'xB': 0.196, 'xC': 0.368, 'eA': 0.24, 'eC': 0.193}","{'k1': 0.269, 'k2': 0.148, 'eB': 0.801}",-1.0,1.0,1001,slowfast,[],0.0,True,True,amigo2,"[['k1', '1.4800e-01'], ['k2', '2.6900e-01'], ['eB', '1.2597e+00'], ['xA', '9.2316e-01'], ['xB', '1.0784e-01'], ['xC', '3.6800e-01'], ['eA', '2.4000e-01'], ['eC', '1.9300e-01']]",569.0843653678894
525,105,slowfast_5_0,"{'xA': 0.177, 'xB': 0.791, 'xC': 0.553, 'eA': 0.394, 'eC': 0.374}","{'k1': 0.82, 'k2': 0.146, 'eB': 0.884}",-1.0,1.0,1001,slowfast,[],0.0,False,False,pe,,
526,105,slowfast_5_0,"{'xA': 0.177, 'xB': 0.791, 'xC': 0.553, 'eA': 0.394, 'eC': 0.374}","{'k1': 0.82, 'k2': 0.146, 'eB': 0.884}",-1.0,1.0,1001,slowfast,[],0.0,False,False,odepe,,
527,105,slowfast_5_0,"{'xA': 0.177, 'xB': 0.791, 'xC': 0.553, 'eA': 0.394, 'eC': 0.374}","{'k1': 0.82, 'k2': 0.146, 'eB': 0.884}",-1.0,1.0,1001,slowfast,[],0.0,True,True,sciml,"[['k1', '0.14599976851460078'], ['k2', '0.8200031614533451'], ['eB', '3.146063187599524'], ['xA', '0.8271647297086109'], ['xB', '0.1408360432127303'], ['xC', '0.5529999986483101'], ['eA', '0.3940000000029977'], ['eC', '0.37399999999945427']]",184.8470458984375
528,105,slowfast_5_0,"{'xA': 0.177, 'xB': 0.791, 'xC': 0.553, 'eA': 0.394, 'eC': 0.374}","{'k1': 0.82, 'k2': 0.146, 'eB': 0.884}",-1.0,1.0,1001,slowfast,[],0.0,False,False,iqm,,
529,105,slowfast_5_0,"{'xA': 0.177, 'xB': 0.791, 'xC': 0.553, 'eA': 0.394, 'eC': 0.374}","{'k1': 0.82, 'k2': 0.146, 'eB': 0.884}",-1.0,1.0,1001,slowfast,[],0.0,True,True,amigo2,"[['k1', '8.2000e-01'], ['k2', '1.4600e-01'], ['eB', '8.8400e-01'], ['xA', '1.7700e-01'], ['xB', '7.9100e-01'], ['xC', '5.5300e-01'], ['eA', '3.9400e-01'], ['eC', '3.7400e-01']]",432.46374344825745
530,106,slowfast_6_0,"{'xA': 0.514, 'xB': 0.488, 'xC': 0.821, 'eA': 0.544, 'eC': 0.761}","{'k1': 0.706, 'k2': 0.352, 'eB': 0.626}",-1.0,1.0,1001,slowfast,[],0.0,False,False,pe,,
531,106,slowfast_6_0,"{'xA': 0.514, 'xB': 0.488, 'xC': 0.821, 'eA': 0.544, 'eC': 0.761}","{'k1': 0.706, 'k2': 0.352, 'eB': 0.626}",-1.0,1.0,1001,slowfast,[],0.0,False,False,odepe,,
532,106,slowfast_6_0,"{'xA': 0.514, 'xB': 0.488, 'xC': 0.821, 'eA': 0.544, 'eC': 0.761}","{'k1': 0.706, 'k2': 0.352, 'eB': 0.626}",-1.0,1.0,1001,slowfast,[],0.0,True,True,sciml,"[['k1', '0.3520000004758936'], ['k2', '0.7059999983387073'], ['eB', '0.7084659089190948'], ['xA', '0.7586912174228903'], ['xB', '0.24330878247479545'], ['xC', '0.820999999997631'], ['eA', '0.5440000000011246'], ['eC', '0.7609999999984983']]",170.41322374343872
533,106,slowfast_6_0,"{'xA': 0.514, 'xB': 0.488, 'xC': 0.821, 'eA': 0.544, 'eC': 0.761}","{'k1': 0.706, 'k2': 0.352, 'eB': 0.626}",-1.0,1.0,1001,slowfast,[],0.0,False,False,iqm,,
534,106,slowfast_6_0,"{'xA': 0.514, 'xB': 0.488, 'xC': 0.821, 'eA': 0.544, 'eC': 0.761}","{'k1': 0.706, 'k2': 0.352, 'eB': 0.626}",-1.0,1.0,1001,slowfast,[],0.0,True,True,amigo2,"[['k1', '7.0600e-01'], ['k2', '3.5200e-01'], ['eB', '6.2600e-01'], ['xA', '5.1400e-01'], ['xB', '4.8800e-01'], ['xC', '8.2100e-01'], ['eA', '5.4400e-01'], ['eC', '7.6100e-01']]",564.626847743988
535,107,slowfast_7_0,"{'xA': 0.273, 'xB': 0.823, 'xC': 0.134, 'eA': 0.366, 'eC': 0.18}","{'k1': 0.68, 'k2': 0.131, 'eB': 0.718}",-1.0,1.0,1001,slowfast,[],0.0,False,False,pe,,
536,107,slowfast_7_0,"{'xA': 0.273, 'xB': 0.823, 'xC': 0.134, 'eA': 0.366, 'eC': 0.18}","{'k1': 0.68, 'k2': 0.131, 'eB': 0.718}",-1.0,1.0,1001,slowfast,[],0.0,False,False,odepe,,
537,107,slowfast_7_0,"{'xA': 0.273, 'xB': 0.823, 'xC': 0.134, 'eA': 0.366, 'eC': 0.18}","{'k1': 0.68, 'k2': 0.131, 'eB': 0.718}",-1.0,1.0,1001,slowfast,[],0.0,True,True,sciml,"[['k1', '0.1309999936737766'], ['k2', '0.6800000620493388'], ['eB', '2.1931756804666676'], ['xA', '0.9374515112401149'], ['xB', '0.15854851477694482'], ['xC', '0.13400000000238174'], ['eA', '0.3660000000000515'], ['eC', '0.18000000000018762']]",174.74931120872498
538,107,slowfast_7_0,"{'xA': 0.273, 'xB': 0.823, 'xC': 0.134, 'eA': 0.366, 'eC': 0.18}","{'k1': 0.68, 'k2': 0.131, 'eB': 0.718}",-1.0,1.0,1001,slowfast,[],0.0,False,False,iqm,,
539,107,slowfast_7_0,"{'xA': 0.273, 'xB': 0.823, 'xC': 0.134, 'eA': 0.366, 'eC': 0.18}","{'k1': 0.68, 'k2': 0.131, 'eB': 0.718}",-1.0,1.0,1001,slowfast,[],0.0,True,True,amigo2,"[['k1', '6.8000e-01'], ['k2', '1.3100e-01'], ['eB', '7.1800e-01'], ['xA', '2.7300e-01'], ['xB', '8.2300e-01'], ['xC', '1.3400e-01'], ['eA', '3.6600e-01'], ['eC', '1.8000e-01']]",469.2607252597809
540,108,slowfast_8_0,"{'xA': 0.221, 'xB': 0.364, 'xC': 0.751, 'eA': 0.212, 'eC': 0.282}","{'k1': 0.48, 'k2': 0.756, 'eB': 0.339}",-1.0,1.0,1001,slowfast,[],0.0,False,False,pe,,
541,108,slowfast_8_0,"{'xA': 0.221, 'xB': 0.364, 'xC': 0.751, 'eA': 0.212, 'eC': 0.282}","{'k1': 0.48, 'k2': 0.756, 'eB': 0.339}",-1.0,1.0,1001,slowfast,[],0.0,False,False,odepe,,
542,108,slowfast_8_0,"{'xA': 0.221, 'xB': 0.364, 'xC': 0.751, 'eA': 0.212, 'eC': 0.282}","{'k1': 0.48, 'k2': 0.756, 'eB': 0.339}",-1.0,1.0,1001,slowfast,[],0.0,True,True,sciml,"[['k1', '0.47072052303790446'], ['k2', '47.3245497306111'], ['eB', '8.086736840278393'], ['xA', '0.5807556482160126'], ['xB', '0.005831370116016863'], ['xC', '0.7508081563193943'], ['eA', '0.21200000006266503'], ['eC', '0.28198977627510524']]",149.72435426712036
543,108,slowfast_8_0,"{'xA': 0.221, 'xB': 0.364, 'xC': 0.751, 'eA': 0.212, 'eC': 0.282}","{'k1': 0.48, 'k2': 0.756, 'eB': 0.339}",-1.0,1.0,1001,slowfast,[],0.0,False,False,iqm,,
544,108,slowfast_8_0,"{'xA': 0.221, 'xB': 0.364, 'xC': 0.751, 'eA': 0.212, 'eC': 0.282}","{'k1': 0.48, 'k2': 0.756, 'eB': 0.339}",-1.0,1.0,1001,slowfast,[],0.0,True,True,amigo2,"[['k1', '7.5600e-01'], ['k2', '4.8000e-01'], ['eB', '2.9263e-01'], ['xA', '1.1700e-02'], ['xB', '5.7330e-01'], ['xC', '7.5100e-01'], ['eA', '2.1200e-01'], ['eC', '2.8200e-01']]",412.32821559906006
545,109,slowfast_9_0,"{'xA': 0.349, 'xB': 0.675, 'xC': 0.369, 'eA': 0.682, 'eC': 0.752}","{'k1': 0.155, 'k2': 0.665, 'eB': 0.416}",-1.0,1.0,1001,slowfast,[],0.0,False,False,pe,,
546,109,slowfast_9_0,"{'xA': 0.349, 'xB': 0.675, 'xC': 0.369, 'eA': 0.682, 'eC': 0.752}","{'k1': 0.155, 'k2': 0.665, 'eB': 0.416}",-1.0,1.0,1001,slowfast,[],0.0,False,False,odepe,,
547,109,slowfast_9_0,"{'xA': 0.349, 'xB': 0.675, 'xC': 0.369, 'eA': 0.682, 'eC': 0.752}","{'k1': 0.155, 'k2': 0.665, 'eB': 0.416}",-1.0,1.0,1001,slowfast,[],0.0,True,True,sciml,"[['k1', '0.15500015647389748'], ['k2', '0.6650001896738207'], ['eB', '0.4159999221668733'], ['xA', '0.34900018674637'], ['xB', '0.6749998153358531'], ['xC', '0.3689999996280133'], ['eA', '0.6819999999984349'], ['eC', '0.7520000000066764']]",156.9368941783905
548,109,slowfast_9_0,"{'xA': 0.349, 'xB': 0.675, 'xC': 0.369, 'eA': 0.682, 'eC': 0.752}","{'k1': 0.155, 'k2': 0.665, 'eB': 0.416}",-1.0,1.0,1001,slowfast,[],0.0,False,False,iqm,,
549,109,slowfast_9_0,"{'xA': 0.349, 'xB': 0.675, 'xC': 0.369, 'eA': 0.682, 'eC': 0.752}","{'k1': 0.155, 'k2': 0.665, 'eB': 0.416}",-1.0,1.0,1001,slowfast,[],0.0,True,True,amigo2,"[['k1', '1.5500e-01'], ['k2', '6.6500e-01'], ['eB', '4.1600e-01'], ['xA', '3.4900e-01'], ['xB', '6.7500e-01'], ['xC', '3.6900e-01'], ['eA', '6.8200e-01'], ['eC', '7.5200e-01']]",853.5096094608307
550,110,biohydrogenation_0_1em8,"{'x4': 0.45, 'x5': 0.813, 'x6': 0.871, 'x7': 0.407}","{'k5': 0.539, 'k6': 0.672, 'k7': 0.582, 'k8': 0.536, 'k9': 0.439, 'k10': 0.617}",-1.0,1.0,1001,biohydrogenation,['x7'],1e-08,False,False,pe,,
551,110,biohydrogenation_0_1em8,"{'x4': 0.45, 'x5': 0.813, 'x6': 0.871, 'x7': 0.407}","{'k5': 0.539, 'k6': 0.672, 'k7': 0.582, 'k8': 0.536, 'k9': 0.439, 'k10': 0.617}",-1.0,1.0,1001,biohydrogenation,['x7'],1e-08,False,False,odepe,,
552,110,biohydrogenation_0_1em8,"{'x4': 0.45, 'x5': 0.813, 'x6': 0.871, 'x7': 0.407}","{'k5': 0.539, 'k6': 0.672, 'k7': 0.582, 'k8': 0.536, 'k9': 0.439, 'k10': 0.617}",-1.0,1.0,1001,biohydrogenation,['x7'],1e-08,True,True,sciml,"[['k5', '39.36906010005498'], ['k6', '44.03388917391934'], ['k7', '90.89162303504382'], ['k8', '16.414114947777406'], ['k9', '89.55706603053437'], ['k10', '78.38589759470901'], ['x4', '1.3139037592150022'], ['x5', '1.4440774876439113'], ['x6', '78.37069119926949'], ['x7', '71.57114452821983']]",143.68797755241394
553,110,biohydrogenation_0_1em8,"{'x4': 0.45, 'x5': 0.813, 'x6': 0.871, 'x7': 0.407}","{'k5': 0.539, 'k6': 0.672, 'k7': 0.582, 'k8': 0.536, 'k9': 0.439, 'k10': 0.617}",-1.0,1.0,1001,biohydrogenation,['x7'],1e-08,False,False,iqm,,
554,110,biohydrogenation_0_1em8,"{'x4': 0.45, 'x5': 0.813, 'x6': 0.871, 'x7': 0.407}","{'k5': 0.539, 'k6': 0.672, 'k7': 0.582, 'k8': 0.536, 'k9': 0.439, 'k10': 0.617}",-1.0,1.0,1001,biohydrogenation,['x7'],1e-08,True,True,amigo2,"[['k5', '5.3900e-01'], ['k6', '6.7200e-01'], ['k7', '5.8200e-01'], ['k8', '5.3600e-01'], ['k9', '4.3900e-01'], ['k10', '6.1700e-01'], ['x4', '4.5000e-01'], ['x5', '8.1300e-01'], ['x6', '8.7100e-01'], ['x7', '9.1059e+01']]",574.7491784095764
555,111,biohydrogenation_1_1em8,"{'x4': 0.439, 'x5': 0.767, 'x6': 0.276, 'x7': 0.184}","{'k5': 0.423, 'k6': 0.402, 'k7': 0.222, 'k8': 0.722, 'k9': 0.615, 'k10': 0.443}",-1.0,1.0,1001,biohydrogenation,['x7'],1e-08,False,False,pe,,
556,111,biohydrogenation_1_1em8,"{'x4': 0.439, 'x5': 0.767, 'x6': 0.276, 'x7': 0.184}","{'k5': 0.423, 'k6': 0.402, 'k7': 0.222, 'k8': 0.722, 'k9': 0.615, 'k10': 0.443}",-1.0,1.0,1001,biohydrogenation,['x7'],1e-08,False,False,odepe,,
557,111,biohydrogenation_1_1em8,"{'x4': 0.439, 'x5': 0.767, 'x6': 0.276, 'x7': 0.184}","{'k5': 0.423, 'k6': 0.402, 'k7': 0.222, 'k8': 0.722, 'k9': 0.615, 'k10': 0.443}",-1.0,1.0,1001,biohydrogenation,['x7'],1e-08,True,True,sciml,"[['k5', '2.7721580829550674'], ['k6', '48.79363381689736'], ['k7', '51.81460545510458'], ['k8', '16.360902329358527'], ['k9', '99.36223930299819'], ['k10', '17.121988716439716'], ['x4', '56.59633936358873'], ['x5', '28.154125978696175'], ['x6', '51.39715823642588'], ['x7', '88.39935893883656']]",128.53738641738892
558,111,biohydrogenation_1_1em8,"{'x4': 0.439, 'x5': 0.767, 'x6': 0.276, 'x7': 0.184}","{'k5': 0.423, 'k6': 0.402, 'k7': 0.222, 'k8': 0.722, 'k9': 0.615, 'k10': 0.443}",-1.0,1.0,1001,biohydrogenation,['x7'],1e-08,False,False,iqm,,
559,111,biohydrogenation_1_1em8,"{'x4': 0.439, 'x5': 0.767, 'x6': 0.276, 'x7': 0.184}","{'k5': 0.423, 'k6': 0.402, 'k7': 0.222, 'k8': 0.722, 'k9': 0.615, 'k10': 0.443}",-1.0,1.0,1001,biohydrogenation,['x7'],1e-08,True,True,amigo2,"[['k5', '4.2300e-01'], ['k6', '4.0200e-01'], ['k7', '2.2209e-01'], ['k8', '7.2351e-01'], ['k9', '6.1480e-01'], ['k10', '4.4233e-01'], ['x4', '4.3900e-01'], ['x5', '7.6700e-01'], ['x6', '2.7523e-01'], ['x7', '5.0983e+00']]",1727.1000652313232
560,112,biohydrogenation_2_1em8,"{'x4': 0.215, 'x5': 0.856, 'x6': 0.517, 'x7': 0.432}","{'k5': 0.883, 'k6': 0.739, 'k7': 0.469, 'k8': 0.724, 'k9': 0.195, 'k10': 0.612}",-1.0,1.0,1001,biohydrogenation,['x7'],1e-08,False,False,pe,,
561,112,biohydrogenation_2_1em8,"{'x4': 0.215, 'x5': 0.856, 'x6': 0.517, 'x7': 0.432}","{'k5': 0.883, 'k6': 0.739, 'k7': 0.469, 'k8': 0.724, 'k9': 0.195, 'k10': 0.612}",-1.0,1.0,1001,biohydrogenation,['x7'],1e-08,False,False,odepe,,
562,112,biohydrogenation_2_1em8,"{'x4': 0.215, 'x5': 0.856, 'x6': 0.517, 'x7': 0.432}","{'k5': 0.883, 'k6': 0.739, 'k7': 0.469, 'k8': 0.724, 'k9': 0.195, 'k10': 0.612}",-1.0,1.0,1001,biohydrogenation,['x7'],1e-08,True,True,sciml,"[['k5', '0.6550555329403335'], ['k6', '0.5245958930415896'], ['k7', '21.22194022137212'], ['k8', '99.99999999942135'], ['k9', '78.03379653113812'], ['k10', '50.924106982560595'], ['x4', '0.21283809654453723'], ['x5', '0.854856905078421'], ['x6', '5.092670523023145e-10'], ['x7', '50.37072002673978']]",158.24635648727417
563,112,biohydrogenation_2_1em8,"{'x4': 0.215, 'x5': 0.856, 'x6': 0.517, 'x7': 0.432}","{'k5': 0.883, 'k6': 0.739, 'k7': 0.469, 'k8': 0.724, 'k9': 0.195, 'k10': 0.612}",-1.0,1.0,1001,biohydrogenation,['x7'],1e-08,False,False,iqm,,
564,112,biohydrogenation_2_1em8,"{'x4': 0.215, 'x5': 0.856, 'x6': 0.517, 'x7': 0.432}","{'k5': 0.883, 'k6': 0.739, 'k7': 0.469, 'k8': 0.724, 'k9': 0.195, 'k10': 0.612}",-1.0,1.0,1001,biohydrogenation,['x7'],1e-08,True,True,amigo2,"[['k5', '8.8300e-01'], ['k6', '7.3900e-01'], ['k7', '4.6896e-01'], ['k8', '7.2348e-01'], ['k9', '1.9508e-01'], ['k10', '6.1239e-01'], ['x4', '2.1500e-01'], ['x5', '8.5600e-01'], ['x6', '5.1734e-01'], ['x7', '1.0945e+01']]",2353.615948200226
565,113,biohydrogenation_3_1em8,"{'x4': 0.59, 'x5': 0.594, 'x6': 0.855, 'x7': 0.645}","{'k5': 0.312, 'k6': 0.719, 'k7': 0.465, 'k8': 0.555, 'k9': 0.115, 'k10': 0.594}",-1.0,1.0,1001,biohydrogenation,['x7'],1e-08,False,False,pe,,
566,113,biohydrogenation_3_1em8,"{'x4': 0.59, 'x5': 0.594, 'x6': 0.855, 'x7': 0.645}","{'k5': 0.312, 'k6': 0.719, 'k7': 0.465, 'k8': 0.555, 'k9': 0.115, 'k10': 0.594}",-1.0,1.0,1001,biohydrogenation,['x7'],1e-08,False,False,odepe,,
567,113,biohydrogenation_3_1em8,"{'x4': 0.59, 'x5': 0.594, 'x6': 0.855, 'x7': 0.645}","{'k5': 0.312, 'k6': 0.719, 'k7': 0.465, 'k8': 0.555, 'k9': 0.115, 'k10': 0.594}",-1.0,1.0,1001,biohydrogenation,['x7'],1e-08,True,True,sciml,"[['k5', '47.63188476202244'], ['k6', '91.27091188296289'], ['k7', '51.75057118016746'], ['k8', '61.30854544090798'], ['k9', '53.35513878901946'], ['k10', '16.202117912094426'], ['x4', '61.113779876430904'], ['x5', '17.468340795897987'], ['x6', '78.31673988008188'], ['x7', '74.64019529420945']]",128.97106647491455
568,113,biohydrogenation_3_1em8,"{'x4': 0.59, 'x5': 0.594, 'x6': 0.855, 'x7': 0.645}","{'k5': 0.312, 'k6': 0.719, 'k7': 0.465, 'k8': 0.555, 'k9': 0.115, 'k10': 0.594}",-1.0,1.0,1001,biohydrogenation,['x7'],1e-08,False,False,iqm,,
569,113,biohydrogenation_3_1em8,"{'x4': 0.59, 'x5': 0.594, 'x6': 0.855, 'x7': 0.645}","{'k5': 0.312, 'k6': 0.719, 'k7': 0.465, 'k8': 0.555, 'k9': 0.115, 'k10': 0.594}",-1.0,1.0,1001,biohydrogenation,['x7'],1e-08,True,True,amigo2,"[['k5', '3.1200e-01'], ['k6', '7.1900e-01'], ['k7', '4.6323e-01'], ['k8', '5.4153e-01'], ['k9', '1.1772e-01'], ['k10', '6.0647e-01'], ['x4', '5.9000e-01'], ['x5', '5.9400e-01'], ['x6', '8.6083e-01'], ['x7', '1.7312e-01']]",2143.8271386623383
570,114,biohydrogenation_4_1em8,"{'x4': 0.268, 'x5': 0.203, 'x6': 0.352, 'x7': 0.391}","{'k5': 0.388, 'k6': 0.45, 'k7': 0.658, 'k8': 0.148, 'k9': 0.633, 'k10': 0.637}",-1.0,1.0,1001,biohydrogenation,['x7'],1e-08,False,False,pe,,
571,114,biohydrogenation_4_1em8,"{'x4': 0.268, 'x5': 0.203, 'x6': 0.352, 'x7': 0.391}","{'k5': 0.388, 'k6': 0.45, 'k7': 0.658, 'k8': 0.148, 'k9': 0.633, 'k10': 0.637}",-1.0,1.0,1001,biohydrogenation,['x7'],1e-08,False,False,odepe,,
572,114,biohydrogenation_4_1em8,"{'x4': 0.268, 'x5': 0.203, 'x6': 0.352, 'x7': 0.391}","{'k5': 0.388, 'k6': 0.45, 'k7': 0.658, 'k8': 0.148, 'k9': 0.633, 'k10': 0.637}",-1.0,1.0,1001,biohydrogenation,['x7'],1e-08,True,True,sciml,"[['k5', '70.22318672228148'], ['k6', '44.44361873644033'], ['k7', '36.898630821145616'], ['k8', '43.0008778784684'], ['k9', '2.303501040470357'], ['k10', '4.518261882433771'], ['x4', '36.94582135918666'], ['x5', '81.98572980648655'], ['x6', '47.628686014670976'], ['x7', '95.71028448949535']]",127.53239440917969
573,114,biohydrogenation_4_1em8,"{'x4': 0.268, 'x5': 0.203, 'x6': 0.352, 'x7': 0.391}","{'k5': 0.388, 'k6': 0.45, 'k7': 0.658, 'k8': 0.148, 'k9': 0.633, 'k10': 0.637}",-1.0,1.0,1001,biohydrogenation,['x7'],1e-08,False,False,iqm,,
574,114,biohydrogenation_4_1em8,"{'x4': 0.268, 'x5': 0.203, 'x6': 0.352, 'x7': 0.391}","{'k5': 0.388, 'k6': 0.45, 'k7': 0.658, 'k8': 0.148, 'k9': 0.633, 'k10': 0.637}",-1.0,1.0,1001,biohydrogenation,['x7'],1e-08,True,True,amigo2,"[['k5', '3.8800e-01'], ['k6', '4.5000e-01'], ['k7', '6.7884e-01'], ['k8', '1.6813e-01'], ['k9', '6.0656e-01'], ['k10', '6.5281e-01'], ['x4', '2.6800e-01'], ['x5', '2.0300e-01'], ['x6', '3.5414e-01'], ['x7', '6.2199e+01']]",1553.4920523166656
575,115,biohydrogenation_5_1em8,"{'x4': 0.67, 'x5': 0.29, 'x6': 0.546, 'x7': 0.47}","{'k5': 0.466, 'k6': 0.106, 'k7': 0.842, 'k8': 0.352, 'k9': 0.196, 'k10': 0.66}",-1.0,1.0,1001,biohydrogenation,['x7'],1e-08,False,False,pe,,
576,115,biohydrogenation_5_1em8,"{'x4': 0.67, 'x5': 0.29, 'x6': 0.546, 'x7': 0.47}","{'k5': 0.466, 'k6': 0.106, 'k7': 0.842, 'k8': 0.352, 'k9': 0.196, 'k10': 0.66}",-1.0,1.0,1001,biohydrogenation,['x7'],1e-08,False,False,odepe,,
577,115,biohydrogenation_5_1em8,"{'x4': 0.67, 'x5': 0.29, 'x6': 0.546, 'x7': 0.47}","{'k5': 0.466, 'k6': 0.106, 'k7': 0.842, 'k8': 0.352, 'k9': 0.196, 'k10': 0.66}",-1.0,1.0,1001,biohydrogenation,['x7'],1e-08,True,True,sciml,"[['k5', '25.882897524378556'], ['k6', '13.574969500971523'], ['k7', '20.743800332306385'], ['k8', '91.47976414064556'], ['k9', '69.3696491322256'], ['k10', '13.047312258091903'], ['x4', '58.11981149264711'], ['x5', '97.05621603165993'], ['x6', '91.16697180362772'], ['x7', '47.623111578026936']]",128.37628149986267
578,115,biohydrogenation_5_1em8,"{'x4': 0.67, 'x5': 0.29, 'x6': 0.546, 'x7': 0.47}","{'k5': 0.466, 'k6': 0.106, 'k7': 0.842, 'k8': 0.352, 'k9': 0.196, 'k10': 0.66}",-1.0,1.0,1001,biohydrogenation,['x7'],1e-08,False,False,iqm,,
579,115,biohydrogenation_5_1em8,"{'x4': 0.67, 'x5': 0.29, 'x6': 0.546, 'x7': 0.47}","{'k5': 0.466, 'k6': 0.106, 'k7': 0.842, 'k8': 0.352, 'k9': 0.196, 'k10': 0.66}",-1.0,1.0,1001,biohydrogenation,['x7'],1e-08,True,True,amigo2,"[['k5', '4.6600e-01'], ['k6', '1.0600e-01'], ['k7', '1.0640e+00'], ['k8', '0.0000e+00'], ['k9', '5.6710e-06'], ['k10', '1.0837e-04'], ['x4', '6.7000e-01'], ['x5', '2.8998e-01'], ['x6', '1.2124e+00'], ['x7', '4.5168e+01']]",234.94479393959045
580,116,biohydrogenation_6_1em8,"{'x4': 0.757, 'x5': 0.178, 'x6': 0.77, 'x7': 0.177}","{'k5': 0.227, 'k6': 0.188, 'k7': 0.625, 'k8': 0.211, 'k9': 0.257, 'k10': 0.395}",-1.0,1.0,1001,biohydrogenation,['x7'],1e-08,False,False,pe,,
581,116,biohydrogenation_6_1em8,"{'x4': 0.757, 'x5': 0.178, 'x6': 0.77, 'x7': 0.177}","{'k5': 0.227, 'k6': 0.188, 'k7': 0.625, 'k8': 0.211, 'k9': 0.257, 'k10': 0.395}",-1.0,1.0,1001,biohydrogenation,['x7'],1e-08,False,False,odepe,,
582,116,biohydrogenation_6_1em8,"{'x4': 0.757, 'x5': 0.178, 'x6': 0.77, 'x7': 0.177}","{'k5': 0.227, 'k6': 0.188, 'k7': 0.625, 'k8': 0.211, 'k9': 0.257, 'k10': 0.395}",-1.0,1.0,1001,biohydrogenation,['x7'],1e-08,True,True,sciml,"[['k5', '2.2568426028999'], ['k6', '51.63176746086238'], ['k7', '74.55071185930198'], ['k8', '11.367947522580813'], ['k9', '67.81632947915422'], ['k10', '25.42847122756711'], ['x4', '18.094030194594946'], ['x5', '30.989980507481597'], ['x6', '78.45324687863962'], ['x7', '44.19893387693572']]",127.4904453754425
583,116,biohydrogenation_6_1em8,"{'x4': 0.757, 'x5': 0.178, 'x6': 0.77, 'x7': 0.177}","{'k5': 0.227, 'k6': 0.188, 'k7': 0.625, 'k8': 0.211, 'k9': 0.257, 'k10': 0.395}",-1.0,1.0,1001,biohydrogenation,['x7'],1e-08,False,False,iqm,,
584,116,biohydrogenation_6_1em8,"{'x4': 0.757, 'x5': 0.178, 'x6': 0.77, 'x7': 0.177}","{'k5': 0.227, 'k6': 0.188, 'k7': 0.625, 'k8': 0.211, 'k9': 0.257, 'k10': 0.395}",-1.0,1.0,1001,biohydrogenation,['x7'],1e-08,False,False,amigo2,,
585,117,biohydrogenation_7_1em8,"{'x4': 0.464, 'x5': 0.747, 'x6': 0.792, 'x7': 0.617}","{'k5': 0.415, 'k6': 0.22, 'k7': 0.106, 'k8': 0.621, 'k9': 0.264, 'k10': 0.407}",-1.0,1.0,1001,biohydrogenation,['x7'],1e-08,False,False,pe,,
586,117,biohydrogenation_7_1em8,"{'x4': 0.464, 'x5': 0.747, 'x6': 0.792, 'x7': 0.617}","{'k5': 0.415, 'k6': 0.22, 'k7': 0.106, 'k8': 0.621, 'k9': 0.264, 'k10': 0.407}",-1.0,1.0,1001,biohydrogenation,['x7'],1e-08,False,False,odepe,,
587,117,biohydrogenation_7_1em8,"{'x4': 0.464, 'x5': 0.747, 'x6': 0.792, 'x7': 0.617}","{'k5': 0.415, 'k6': 0.22, 'k7': 0.106, 'k8': 0.621, 'k9': 0.264, 'k10': 0.407}",-1.0,1.0,1001,biohydrogenation,['x7'],1e-08,True,True,sciml,"[['k5', '47.04485498908457'], ['k6', '42.96880512856664'], ['k7', '90.79606981619109'], ['k8', '6.652767968112715'], ['k9', '50.18881468298431'], ['k10', '47.882941704501064'], ['x4', '1.015400416316658'], ['x5', '1.092603882056888'], ['x6', '47.847805865035035'], ['x7', '57.2185458622496']]",142.79591584205627
588,117,biohydrogenation_7_1em8,"{'x4': 0.464, 'x5': 0.747, 'x6': 0.792, 'x7': 0.617}","{'k5': 0.415, 'k6': 0.22, 'k7': 0.106, 'k8': 0.621, 'k9': 0.264, 'k10': 0.407}",-1.0,1.0,1001,biohydrogenation,['x7'],1e-08,False,False,iqm,,
589,117,biohydrogenation_7_1em8,"{'x4': 0.464, 'x5': 0.747, 'x6': 0.792, 'x7': 0.617}","{'k5': 0.415, 'k6': 0.22, 'k7': 0.106, 'k8': 0.621, 'k9': 0.264, 'k10': 0.407}",-1.0,1.0,1001,biohydrogenation,['x7'],1e-08,True,True,amigo2,"[['k5', '4.0751e-01'], ['k6', '2.1213e-01'], ['k7', '3.7036e-02'], ['k8', '1.5245e-15'], ['k9', '1.5421e-14'], ['k10', '7.6711e+01'], ['x4', '4.6336e-01'], ['x5', '7.4711e-01'], ['x6', '9.9308e-14'], ['x7', '2.3511e-02']]",1611.4805209636688
590,118,biohydrogenation_8_1em8,"{'x4': 0.728, 'x5': 0.75, 'x6': 0.406, 'x7': 0.473}","{'k5': 0.596, 'k6': 0.227, 'k7': 0.307, 'k8': 0.296, 'k9': 0.347, 'k10': 0.662}",-1.0,1.0,1001,biohydrogenation,['x7'],1e-08,False,False,pe,,
591,118,biohydrogenation_8_1em8,"{'x4': 0.728, 'x5': 0.75, 'x6': 0.406, 'x7': 0.473}","{'k5': 0.596, 'k6': 0.227, 'k7': 0.307, 'k8': 0.296, 'k9': 0.347, 'k10': 0.662}",-1.0,1.0,1001,biohydrogenation,['x7'],1e-08,False,False,odepe,,
592,118,biohydrogenation_8_1em8,"{'x4': 0.728, 'x5': 0.75, 'x6': 0.406, 'x7': 0.473}","{'k5': 0.596, 'k6': 0.227, 'k7': 0.307, 'k8': 0.296, 'k9': 0.347, 'k10': 0.662}",-1.0,1.0,1001,biohydrogenation,['x7'],1e-08,True,True,sciml,"[['k5', '0.5952736830797396'], ['k6', '0.22640997106139657'], ['k7', '0.17166580489852104'], ['k8', '5.405271501324081e-10'], ['k9', '6.354948576782509'], ['k10', '52.8145646111646'], ['x4', '0.7278841695320519'], ['x5', '0.7496640066148593'], ['x6', '0.10441892204557554'], ['x7', '50.65098691501025']]",164.35781073570251
593,118,biohydrogenation_8_1em8,"{'x4': 0.728, 'x5': 0.75, 'x6': 0.406, 'x7': 0.473}","{'k5': 0.596, 'k6': 0.227, 'k7': 0.307, 'k8': 0.296, 'k9': 0.347, 'k10': 0.662}",-1.0,1.0,1001,biohydrogenation,['x7'],1e-08,False,False,iqm,,
594,118,biohydrogenation_8_1em8,"{'x4': 0.728, 'x5': 0.75, 'x6': 0.406, 'x7': 0.473}","{'k5': 0.596, 'k6': 0.227, 'k7': 0.307, 'k8': 0.296, 'k9': 0.347, 'k10': 0.662}",-1.0,1.0,1001,biohydrogenation,['x7'],1e-08,True,True,amigo2,"[['k5', '5.9602e-01'], ['k6', '2.2702e-01'], ['k7', '3.4425e-01'], ['k8', '5.7364e-01'], ['k9', '0.0000e+00'], ['k10', '5.2666e+01'], ['x4', '7.2800e-01'], ['x5', '7.5005e-01'], ['x6', '3.0161e-01'], ['x7', '9.9936e+00']]",342.51220655441284
595,119,biohydrogenation_9_1em8,"{'x4': 0.154, 'x5': 0.327, 'x6': 0.147, 'x7': 0.652}","{'k5': 0.126, 'k6': 0.668, 'k7': 0.52, 'k8': 0.877, 'k9': 0.501, 'k10': 0.414}",-1.0,1.0,1001,biohydrogenation,['x7'],1e-08,False,False,pe,,
596,119,biohydrogenation_9_1em8,"{'x4': 0.154, 'x5': 0.327, 'x6': 0.147, 'x7': 0.652}","{'k5': 0.126, 'k6': 0.668, 'k7': 0.52, 'k8': 0.877, 'k9': 0.501, 'k10': 0.414}",-1.0,1.0,1001,biohydrogenation,['x7'],1e-08,False,False,odepe,,
597,119,biohydrogenation_9_1em8,"{'x4': 0.154, 'x5': 0.327, 'x6': 0.147, 'x7': 0.652}","{'k5': 0.126, 'k6': 0.668, 'k7': 0.52, 'k8': 0.877, 'k9': 0.501, 'k10': 0.414}",-1.0,1.0,1001,biohydrogenation,['x7'],1e-08,True,True,sciml,"[['k5', '0.1283998996739422'], ['k6', '0.6832491433355712'], ['k7', '1.2971595082258305'], ['k8', '3.054952078864191'], ['k9', '76.52546252269886'], ['k10', '54.46284044371445'], ['x4', '0.15400354597366595'], ['x5', '0.3269313599137649'], ['x6', '6.60650558281665e-10'], ['x7', '58.23117329354097']]",164.32907128334045
598,119,biohydrogenation_9_1em8,"{'x4': 0.154, 'x5': 0.327, 'x6': 0.147, 'x7': 0.652}","{'k5': 0.126, 'k6': 0.668, 'k7': 0.52, 'k8': 0.877, 'k9': 0.501, 'k10': 0.414}",-1.0,1.0,1001,biohydrogenation,['x7'],1e-08,False,False,iqm,,
599,119,biohydrogenation_9_1em8,"{'x4': 0.154, 'x5': 0.327, 'x6': 0.147, 'x7': 0.652}","{'k5': 0.126, 'k6': 0.668, 'k7': 0.52, 'k8': 0.877, 'k9': 0.501, 'k10': 0.414}",-1.0,1.0,1001,biohydrogenation,['x7'],1e-08,True,True,amigo2,"[['k5', '1.2600e-01'], ['k6', '6.6800e-01'], ['k7', '1.0127e+00'], ['k8', '2.2230e+00'], ['k9', '1.2167e+00'], ['k10', '2.7668e-01'], ['x4', '1.5400e-01'], ['x5', '3.2700e-01'], ['x6', '8.0985e-02'], ['x7', '4.0313e+01']]",1169.5812094211578
600,120,crauste_0_1em8,"{'n': 0.338, 'e': 0.751, 's': 0.417, 'm': 0.805, 'p': 0.565}","{'muN': 0.642, 'muEE': 0.316, 'muLE': 0.688, 'muLL': 0.87, 'muM': 0.299, 'muP': 0.561, 'muPE': 0.574, 'muPL': 0.558, 'deltaNE': 0.278, 'deltaEL': 0.862, 'deltaLM': 0.458, 'rhoE': 0.777, 'rhoP': 0.66}",-1.0,1.0,1001,crauste,[],1e-08,False,False,pe,,
601,120,crauste_0_1em8,"{'n': 0.338, 'e': 0.751, 's': 0.417, 'm': 0.805, 'p': 0.565}","{'muN': 0.642, 'muEE': 0.316, 'muLE': 0.688, 'muLL': 0.87, 'muM': 0.299, 'muP': 0.561, 'muPE': 0.574, 'muPL': 0.558, 'deltaNE': 0.278, 'deltaEL': 0.862, 'deltaLM': 0.458, 'rhoE': 0.777, 'rhoP': 0.66}",-1.0,1.0,1001,crauste,[],1e-08,False,False,odepe,,
602,120,crauste_0_1em8,"{'n': 0.338, 'e': 0.751, 's': 0.417, 'm': 0.805, 'p': 0.565}","{'muN': 0.642, 'muEE': 0.316, 'muLE': 0.688, 'muLL': 0.87, 'muM': 0.299, 'muP': 0.561, 'muPE': 0.574, 'muPL': 0.558, 'deltaNE': 0.278, 'deltaEL': 0.862, 'deltaLM': 0.458, 'rhoE': 0.777, 'rhoP': 0.66}",-1.0,1.0,1001,crauste,[],1e-08,True,True,sciml,"[['muN', '64.14811882354037'], ['muEE', '61.5810334773399'], ['muLE', '55.666584833056795'], ['muLL', '29.517728854735026'], ['muM', '88.90316615281012'], ['muP', '92.22612958297282'], ['muPE', '4.960473684388633'], ['muPL', '38.494253840611805'], ['deltaNE', '44.0162757378986'], ['deltaEL', '52.55069443682988'], ['deltaLM', '45.35088396835625'], ['rhoE', '38.58540983931952'], ['rhoP', '43.906047655164805'], ['n', '64.3932518295694'], ['e', '89.7485723669861'], ['s', '32.1697611417098'], ['m', '67.9885469475597'], ['p', '63.74155894958238']]",128.11410522460938
603,120,crauste_0_1em8,"{'n': 0.338, 'e': 0.751, 's': 0.417, 'm': 0.805, 'p': 0.565}","{'muN': 0.642, 'muEE': 0.316, 'muLE': 0.688, 'muLL': 0.87, 'muM': 0.299, 'muP': 0.561, 'muPE': 0.574, 'muPL': 0.558, 'deltaNE': 0.278, 'deltaEL': 0.862, 'deltaLM': 0.458, 'rhoE': 0.777, 'rhoP': 0.66}",-1.0,1.0,1001,crauste,[],1e-08,False,False,iqm,,
604,120,crauste_0_1em8,"{'n': 0.338, 'e': 0.751, 's': 0.417, 'm': 0.805, 'p': 0.565}","{'muN': 0.642, 'muEE': 0.316, 'muLE': 0.688, 'muLL': 0.87, 'muM': 0.299, 'muP': 0.561, 'muPE': 0.574, 'muPL': 0.558, 'deltaNE': 0.278, 'deltaEL': 0.862, 'deltaLM': 0.458, 'rhoE': 0.777, 'rhoP': 0.66}",-1.0,1.0,1001,crauste,[],1e-08,True,True,amigo2,"[['muN', '6.4200e-01'], ['muEE', '3.1600e-01'], ['muLE', '6.8921e-01'], ['muLL', '8.7534e-01'], ['muM', '2.9756e-01'], ['muP', '5.6183e-01'], ['muPE', '5.7333e-01'], ['muPL', '5.5614e-01'], ['deltaNE', '2.7800e-01'], ['deltaEL', '8.6200e-01'], ['deltaLM', '4.5600e-01'], ['rhoE', '7.7700e-01'], ['rhoP', '6.5751e-01'], ['n', '3.3800e-01'], ['e', '7.5100e-01'], ['s', '4.1527e-01'], ['m', '8.0673e-01'], ['p', '5.6500e-01']]",336.4500136375427
605,121,crauste_1_1em8,"{'n': 0.443, 'e': 0.208, 's': 0.339, 'm': 0.556, 'p': 0.573}","{'muN': 0.805, 'muEE': 0.654, 'muLE': 0.68, 'muLL': 0.501, 'muM': 0.865, 'muP': 0.615, 'muPE': 0.439, 'muPL': 0.585, 'deltaNE': 0.115, 'deltaEL': 0.341, 'deltaLM': 0.628, 'rhoE': 0.332, 'rhoP': 0.594}",-1.0,1.0,1001,crauste,[],1e-08,False,False,pe,,
606,121,crauste_1_1em8,"{'n': 0.443, 'e': 0.208, 's': 0.339, 'm': 0.556, 'p': 0.573}","{'muN': 0.805, 'muEE': 0.654, 'muLE': 0.68, 'muLL': 0.501, 'muM': 0.865, 'muP': 0.615, 'muPE': 0.439, 'muPL': 0.585, 'deltaNE': 0.115, 'deltaEL': 0.341, 'deltaLM': 0.628, 'rhoE': 0.332, 'rhoP': 0.594}",-1.0,1.0,1001,crauste,[],1e-08,False,False,odepe,,
607,121,crauste_1_1em8,"{'n': 0.443, 'e': 0.208, 's': 0.339, 'm': 0.556, 'p': 0.573}","{'muN': 0.805, 'muEE': 0.654, 'muLE': 0.68, 'muLL': 0.501, 'muM': 0.865, 'muP': 0.615, 'muPE': 0.439, 'muPL': 0.585, 'deltaNE': 0.115, 'deltaEL': 0.341, 'deltaLM': 0.628, 'rhoE': 0.332, 'rhoP': 0.594}",-1.0,1.0,1001,crauste,[],1e-08,True,True,sciml,"[['muN', '18.89199162055354'], ['muEE', '10.97927992802642'], ['muLE', '97.52389290711766'], ['muLL', '31.370969547945503'], ['muM', '76.07093637984029'], ['muP', '26.396225503247116'], ['muPE', '2.9571789773130353'], ['muPL', '5.137142079645452'], ['deltaNE', '71.70203787231522'], ['deltaEL', '52.7008505709676'], ['deltaLM', '93.76265453010699'], ['rhoE', '78.25638538668048'], ['rhoP', '51.49836538821083'], ['n', '68.80096876734629'], ['e', '31.716071165065774'], ['s', '50.58203291046751'], ['m', '57.84525308685438'], ['p', '54.44773109174186']]",130.0156328678131
608,121,crauste_1_1em8,"{'n': 0.443, 'e': 0.208, 's': 0.339, 'm': 0.556, 'p': 0.573}","{'muN': 0.805, 'muEE': 0.654, 'muLE': 0.68, 'muLL': 0.501, 'muM': 0.865, 'muP': 0.615, 'muPE': 0.439, 'muPL': 0.585, 'deltaNE': 0.115, 'deltaEL': 0.341, 'deltaLM': 0.628, 'rhoE': 0.332, 'rhoP': 0.594}",-1.0,1.0,1001,crauste,[],1e-08,False,False,iqm,,
609,121,crauste_1_1em8,"{'n': 0.443, 'e': 0.208, 's': 0.339, 'm': 0.556, 'p': 0.573}","{'muN': 0.805, 'muEE': 0.654, 'muLE': 0.68, 'muLL': 0.501, 'muM': 0.865, 'muP': 0.615, 'muPE': 0.439, 'muPL': 0.585, 'deltaNE': 0.115, 'deltaEL': 0.341, 'deltaLM': 0.628, 'rhoE': 0.332, 'rhoP': 0.594}",-1.0,1.0,1001,crauste,[],1e-08,True,True,amigo2,"[['muN', '8.0500e-01'], ['muEE', '6.5400e-01'], ['muLE', '6.8008e-01'], ['muLL', '5.0098e-01'], ['muM', '8.6495e-01'], ['muP', '6.1500e-01'], ['muPE', '4.3899e-01'], ['muPL', '5.8510e-01'], ['deltaNE', '1.1500e-01'], ['deltaEL', '3.4100e-01'], ['deltaLM', '6.2799e-01'], ['rhoE', '3.3200e-01'], ['rhoP', '5.9402e-01'], ['n', '4.4300e-01'], ['e', '2.0800e-01'], ['s', '3.3897e-01'], ['m', '5.5603e-01'], ['p', '5.7300e-01']]",3409.575968027115
610,122,crauste_2_1em8,"{'n': 0.899, 'e': 0.22, 's': 0.795, 'm': 0.23, 'p': 0.592}","{'muN': 0.559, 'muEE': 0.623, 'muLE': 0.622, 'muLL': 0.445, 'muM': 0.817, 'muP': 0.394, 'muPE': 0.449, 'muPL': 0.814, 'deltaNE': 0.745, 'deltaEL': 0.663, 'deltaLM': 0.18, 'rhoE': 0.836, 'rhoP': 0.671}",-1.0,1.0,1001,crauste,[],1e-08,False,False,pe,,
611,122,crauste_2_1em8,"{'n': 0.899, 'e': 0.22, 's': 0.795, 'm': 0.23, 'p': 0.592}","{'muN': 0.559, 'muEE': 0.623, 'muLE': 0.622, 'muLL': 0.445, 'muM': 0.817, 'muP': 0.394, 'muPE': 0.449, 'muPL': 0.814, 'deltaNE': 0.745, 'deltaEL': 0.663, 'deltaLM': 0.18, 'rhoE': 0.836, 'rhoP': 0.671}",-1.0,1.0,1001,crauste,[],1e-08,False,False,odepe,,
612,122,crauste_2_1em8,"{'n': 0.899, 'e': 0.22, 's': 0.795, 'm': 0.23, 'p': 0.592}","{'muN': 0.559, 'muEE': 0.623, 'muLE': 0.622, 'muLL': 0.445, 'muM': 0.817, 'muP': 0.394, 'muPE': 0.449, 'muPL': 0.814, 'deltaNE': 0.745, 'deltaEL': 0.663, 'deltaLM': 0.18, 'rhoE': 0.836, 'rhoP': 0.671}",-1.0,1.0,1001,crauste,[],1e-08,True,False,sciml,,2289.6630306243896
613,122,crauste_2_1em8,"{'n': 0.899, 'e': 0.22, 's': 0.795, 'm': 0.23, 'p': 0.592}","{'muN': 0.559, 'muEE': 0.623, 'muLE': 0.622, 'muLL': 0.445, 'muM': 0.817, 'muP': 0.394, 'muPE': 0.449, 'muPL': 0.814, 'deltaNE': 0.745, 'deltaEL': 0.663, 'deltaLM': 0.18, 'rhoE': 0.836, 'rhoP': 0.671}",-1.0,1.0,1001,crauste,[],1e-08,False,False,iqm,,
614,122,crauste_2_1em8,"{'n': 0.899, 'e': 0.22, 's': 0.795, 'm': 0.23, 'p': 0.592}","{'muN': 0.559, 'muEE': 0.623, 'muLE': 0.622, 'muLL': 0.445, 'muM': 0.817, 'muP': 0.394, 'muPE': 0.449, 'muPL': 0.814, 'deltaNE': 0.745, 'deltaEL': 0.663, 'deltaLM': 0.18, 'rhoE': 0.836, 'rhoP': 0.671}",-1.0,1.0,1001,crauste,[],1e-08,True,True,amigo2,"[['muN', '5.5900e-01'], ['muEE', '6.2300e-01'], ['muLE', '6.2201e-01'], ['muLL', '4.4503e-01'], ['muM', '8.1683e-01'], ['muP', '3.9403e-01'], ['muPE', '4.4901e-01'], ['muPL', '8.1397e-01'], ['deltaNE', '7.4500e-01'], ['deltaEL', '6.6300e-01'], ['deltaLM', '1.7997e-01'], ['rhoE', '8.3600e-01'], ['rhoP', '6.7098e-01'], ['n', '8.9900e-01'], ['e', '2.2000e-01'], ['s', '7.9497e-01'], ['m', '2.3003e-01'], ['p', '5.9200e-01']]",363.897305727005
615,123,crauste_3_1em8,"{'n': 0.388, 'e': 0.684, 's': 0.237, 'm': 0.517, 'p': 0.143}","{'muN': 0.199, 'muEE': 0.778, 'muLE': 0.746, 'muLL': 0.555, 'muM': 0.426, 'muP': 0.155, 'muPE': 0.658, 'muPL': 0.463, 'deltaNE': 0.678, 'deltaEL': 0.793, 'deltaLM': 0.88, 'rhoE': 0.785, 'rhoP': 0.109}",-1.0,1.0,1001,crauste,[],1e-08,False,False,pe,,
616,123,crauste_3_1em8,"{'n': 0.388, 'e': 0.684, 's': 0.237, 'm': 0.517, 'p': 0.143}","{'muN': 0.199, 'muEE': 0.778, 'muLE': 0.746, 'muLL': 0.555, 'muM': 0.426, 'muP': 0.155, 'muPE': 0.658, 'muPL': 0.463, 'deltaNE': 0.678, 'deltaEL': 0.793, 'deltaLM': 0.88, 'rhoE': 0.785, 'rhoP': 0.109}",-1.0,1.0,1001,crauste,[],1e-08,False,False,odepe,,
617,123,crauste_3_1em8,"{'n': 0.388, 'e': 0.684, 's': 0.237, 'm': 0.517, 'p': 0.143}","{'muN': 0.199, 'muEE': 0.778, 'muLE': 0.746, 'muLL': 0.555, 'muM': 0.426, 'muP': 0.155, 'muPE': 0.658, 'muPL': 0.463, 'deltaNE': 0.678, 'deltaEL': 0.793, 'deltaLM': 0.88, 'rhoE': 0.785, 'rhoP': 0.109}",-1.0,1.0,1001,crauste,[],1e-08,True,True,sciml,"[['muN', '0.4760864231534878'], ['muEE', '87.38355623919843'], ['muLE', '86.05965417278468'], ['muLL', '88.00484209673604'], ['muM', '20.969925423380598'], ['muP', '68.87860086710522'], ['muPE', '2.5314127121569885'], ['muPL', '60.64228116742907'], ['deltaNE', '53.29051221685931'], ['deltaEL', '77.26005157732362'], ['deltaLM', '41.916788094795535'], ['rhoE', '29.73757923400886'], ['rhoP', '58.61207199792363'], ['n', '35.11554443966559'], ['e', '21.223835974411077'], ['s', '40.81155006608926'], ['m', '78.89864899708874'], ['p', '16.21676814364822']]",129.47924876213074
618,123,crauste_3_1em8,"{'n': 0.388, 'e': 0.684, 's': 0.237, 'm': 0.517, 'p': 0.143}","{'muN': 0.199, 'muEE': 0.778, 'muLE': 0.746, 'muLL': 0.555, 'muM': 0.426, 'muP': 0.155, 'muPE': 0.658, 'muPL': 0.463, 'deltaNE': 0.678, 'deltaEL': 0.793, 'deltaLM': 0.88, 'rhoE': 0.785, 'rhoP': 0.109}",-1.0,1.0,1001,crauste,[],1e-08,False,False,iqm,,
619,123,crauste_3_1em8,"{'n': 0.388, 'e': 0.684, 's': 0.237, 'm': 0.517, 'p': 0.143}","{'muN': 0.199, 'muEE': 0.778, 'muLE': 0.746, 'muLL': 0.555, 'muM': 0.426, 'muP': 0.155, 'muPE': 0.658, 'muPL': 0.463, 'deltaNE': 0.678, 'deltaEL': 0.793, 'deltaLM': 0.88, 'rhoE': 0.785, 'rhoP': 0.109}",-1.0,1.0,1001,crauste,[],1e-08,True,True,amigo2,"[['muN', '1.9899e-01'], ['muEE', '7.7849e-01'], ['muLE', '2.9806e+00'], ['muLL', '0.0000e+00'], ['muM', '2.0727e-01'], ['muP', '1.8854e-01'], ['muPE', '7.4770e-01'], ['muPL', '0.0000e+00'], ['deltaNE', '6.7811e-01'], ['deltaEL', '7.9321e-01'], ['deltaLM', '4.4134e-01'], ['rhoE', '7.8880e-01'], ['rhoP', '0.0000e+00'], ['n', '3.8800e-01'], ['e', '6.8400e-01'], ['s', '2.7852e-02'], ['m', '7.2618e-01'], ['p', '1.4301e-01']]",341.43564343452454
620,124,crauste_4_1em8,"{'n': 0.591, 'e': 0.529, 's': 0.572, 'm': 0.684, 'p': 0.35}","{'muN': 0.26, 'muEE': 0.115, 'muLE': 0.735, 'muLL': 0.279, 'muM': 0.376, 'muP': 0.842, 'muPE': 0.664, 'muPL': 0.125, 'deltaNE': 0.232, 'deltaEL': 0.597, 'deltaLM': 0.562, 'rhoE': 0.29, 'rhoP': 0.847}",-1.0,1.0,1001,crauste,[],1e-08,False,False,pe,,
621,124,crauste_4_1em8,"{'n': 0.591, 'e': 0.529, 's': 0.572, 'm': 0.684, 'p': 0.35}","{'muN': 0.26, 'muEE': 0.115, 'muLE': 0.735, 'muLL': 0.279, 'muM': 0.376, 'muP': 0.842, 'muPE': 0.664, 'muPL': 0.125, 'deltaNE': 0.232, 'deltaEL': 0.597, 'deltaLM': 0.562, 'rhoE': 0.29, 'rhoP': 0.847}",-1.0,1.0,1001,crauste,[],1e-08,False,False,odepe,,
622,124,crauste_4_1em8,"{'n': 0.591, 'e': 0.529, 's': 0.572, 'm': 0.684, 'p': 0.35}","{'muN': 0.26, 'muEE': 0.115, 'muLE': 0.735, 'muLL': 0.279, 'muM': 0.376, 'muP': 0.842, 'muPE': 0.664, 'muPL': 0.125, 'deltaNE': 0.232, 'deltaEL': 0.597, 'deltaLM': 0.562, 'rhoE': 0.29, 'rhoP': 0.847}",-1.0,1.0,1001,crauste,[],1e-08,True,True,sciml,"[['muN', '0.25999984330202736'], ['muEE', '0.11488998760762155'], ['muLE', '1.4853492951400527'], ['muLL', '1.1437649134816943'], ['muM', '0.16405726325842793'], ['muP', '0.702351463350799'], ['muPE', '0.9009451455730887'], ['muPL', '2.0274709244592364'], ['deltaNE', '0.23200089921372077'], ['deltaEL', '0.5970170283422784'], ['deltaLM', '0.25286831397397774'], ['rhoE', '0.2898688897624424'], ['rhoP', '1.367161519960732'], ['n', '0.5910000171600609'], ['e', '0.5290002533006202'], ['s', '0.13227659182017437'], ['m', '1.1237193764466296'], ['p', '0.35000335249975695']]",636.5646758079529
623,124,crauste_4_1em8,"{'n': 0.591, 'e': 0.529, 's': 0.572, 'm': 0.684, 'p': 0.35}","{'muN': 0.26, 'muEE': 0.115, 'muLE': 0.735, 'muLL': 0.279, 'muM': 0.376, 'muP': 0.842, 'muPE': 0.664, 'muPL': 0.125, 'deltaNE': 0.232, 'deltaEL': 0.597, 'deltaLM': 0.562, 'rhoE': 0.29, 'rhoP': 0.847}",-1.0,1.0,1001,crauste,[],1e-08,False,False,iqm,,
624,124,crauste_4_1em8,"{'n': 0.591, 'e': 0.529, 's': 0.572, 'm': 0.684, 'p': 0.35}","{'muN': 0.26, 'muEE': 0.115, 'muLE': 0.735, 'muLL': 0.279, 'muM': 0.376, 'muP': 0.842, 'muPE': 0.664, 'muPL': 0.125, 'deltaNE': 0.232, 'deltaEL': 0.597, 'deltaLM': 0.562, 'rhoE': 0.29, 'rhoP': 0.847}",-1.0,1.0,1001,crauste,[],1e-08,True,True,amigo2,"[['muN', '2.6000e-01'], ['muEE', '1.1494e-01'], ['muLE', '1.4570e+00'], ['muLL', '1.8423e+00'], ['muM', '1.5929e-01'], ['muP', '8.7246e-01'], ['muPE', '6.8291e-01'], ['muPL', '0.0000e+00'], ['deltaNE', '2.3200e-01'], ['deltaEL', '5.9701e-01'], ['deltaLM', '1.6426e-01'], ['rhoE', '2.8993e-01'], ['rhoP', '7.5915e-01'], ['n', '5.9100e-01'], ['e', '5.2900e-01'], ['s', '1.2237e-01'], ['m', '1.1336e+00'], ['p', '3.4999e-01']]",3100.6730546951294
625,125,crauste_5_1em8,"{'n': 0.244, 'e': 0.12, 's': 0.154, 'm': 0.644, 'p': 0.463}","{'muN': 0.419, 'muEE': 0.268, 'muLE': 0.249, 'muLL': 0.855, 'muM': 0.692, 'muP': 0.492, 'muPE': 0.282, 'muPL': 0.303, 'deltaNE': 0.146, 'deltaEL': 0.448, 'deltaLM': 0.349, 'rhoE': 0.657, 'rhoP': 0.402}",-1.0,1.0,1001,crauste,[],1e-08,False,False,pe,,
626,125,crauste_5_1em8,"{'n': 0.244, 'e': 0.12, 's': 0.154, 'm': 0.644, 'p': 0.463}","{'muN': 0.419, 'muEE': 0.268, 'muLE': 0.249, 'muLL': 0.855, 'muM': 0.692, 'muP': 0.492, 'muPE': 0.282, 'muPL': 0.303, 'deltaNE': 0.146, 'deltaEL': 0.448, 'deltaLM': 0.349, 'rhoE': 0.657, 'rhoP': 0.402}",-1.0,1.0,1001,crauste,[],1e-08,False,False,odepe,,
627,125,crauste_5_1em8,"{'n': 0.244, 'e': 0.12, 's': 0.154, 'm': 0.644, 'p': 0.463}","{'muN': 0.419, 'muEE': 0.268, 'muLE': 0.249, 'muLL': 0.855, 'muM': 0.692, 'muP': 0.492, 'muPE': 0.282, 'muPL': 0.303, 'deltaNE': 0.146, 'deltaEL': 0.448, 'deltaLM': 0.349, 'rhoE': 0.657, 'rhoP': 0.402}",-1.0,1.0,1001,crauste,[],1e-08,True,False,sciml,,141.77164220809937
628,125,crauste_5_1em8,"{'n': 0.244, 'e': 0.12, 's': 0.154, 'm': 0.644, 'p': 0.463}","{'muN': 0.419, 'muEE': 0.268, 'muLE': 0.249, 'muLL': 0.855, 'muM': 0.692, 'muP': 0.492, 'muPE': 0.282, 'muPL': 0.303, 'deltaNE': 0.146, 'deltaEL': 0.448, 'deltaLM': 0.349, 'rhoE': 0.657, 'rhoP': 0.402}",-1.0,1.0,1001,crauste,[],1e-08,False,False,iqm,,
629,125,crauste_5_1em8,"{'n': 0.244, 'e': 0.12, 's': 0.154, 'm': 0.644, 'p': 0.463}","{'muN': 0.419, 'muEE': 0.268, 'muLE': 0.249, 'muLL': 0.855, 'muM': 0.692, 'muP': 0.492, 'muPE': 0.282, 'muPL': 0.303, 'deltaNE': 0.146, 'deltaEL': 0.448, 'deltaLM': 0.349, 'rhoE': 0.657, 'rhoP': 0.402}",-1.0,1.0,1001,crauste,[],1e-08,True,True,amigo2,"[['muN', '4.1900e-01'], ['muEE', '2.6800e-01'], ['muLE', '0.0000e+00'], ['muLL', '1.9677e+00'], ['muM', '6.8924e-01'], ['muP', '5.1633e-01'], ['muPE', '2.9618e-01'], ['muPL', '8.8771e-02'], ['deltaNE', '1.4600e-01'], ['deltaEL', '4.4800e-01'], ['deltaLM', '1.5364e-01'], ['rhoE', '6.5700e-01'], ['rhoP', '3.9563e-01'], ['n', '2.4400e-01'], ['e', '1.2000e-01'], ['s', '1.9926e-01'], ['m', '5.9874e-01'], ['p', '4.6300e-01']]",1765.5522091388702
630,126,crauste_6_1em8,"{'n': 0.798, 'e': 0.319, 's': 0.738, 'm': 0.249, 'p': 0.862}","{'muN': 0.529, 'muEE': 0.817, 'muLE': 0.892, 'muLL': 0.274, 'muM': 0.63, 'muP': 0.311, 'muPE': 0.117, 'muPL': 0.707, 'deltaNE': 0.356, 'deltaEL': 0.407, 'deltaLM': 0.571, 'rhoE': 0.765, 'rhoP': 0.603}",-1.0,1.0,1001,crauste,[],1e-08,False,False,pe,,
631,126,crauste_6_1em8,"{'n': 0.798, 'e': 0.319, 's': 0.738, 'm': 0.249, 'p': 0.862}","{'muN': 0.529, 'muEE': 0.817, 'muLE': 0.892, 'muLL': 0.274, 'muM': 0.63, 'muP': 0.311, 'muPE': 0.117, 'muPL': 0.707, 'deltaNE': 0.356, 'deltaEL': 0.407, 'deltaLM': 0.571, 'rhoE': 0.765, 'rhoP': 0.603}",-1.0,1.0,1001,crauste,[],1e-08,False,False,odepe,,
632,126,crauste_6_1em8,"{'n': 0.798, 'e': 0.319, 's': 0.738, 'm': 0.249, 'p': 0.862}","{'muN': 0.529, 'muEE': 0.817, 'muLE': 0.892, 'muLL': 0.274, 'muM': 0.63, 'muP': 0.311, 'muPE': 0.117, 'muPL': 0.707, 'deltaNE': 0.356, 'deltaEL': 0.407, 'deltaLM': 0.571, 'rhoE': 0.765, 'rhoP': 0.603}",-1.0,1.0,1001,crauste,[],1e-08,True,False,sciml,,138.67710542678833
633,126,crauste_6_1em8,"{'n': 0.798, 'e': 0.319, 's': 0.738, 'm': 0.249, 'p': 0.862}","{'muN': 0.529, 'muEE': 0.817, 'muLE': 0.892, 'muLL': 0.274, 'muM': 0.63, 'muP': 0.311, 'muPE': 0.117, 'muPL': 0.707, 'deltaNE': 0.356, 'deltaEL': 0.407, 'deltaLM': 0.571, 'rhoE': 0.765, 'rhoP': 0.603}",-1.0,1.0,1001,crauste,[],1e-08,False,False,iqm,,
634,126,crauste_6_1em8,"{'n': 0.798, 'e': 0.319, 's': 0.738, 'm': 0.249, 'p': 0.862}","{'muN': 0.529, 'muEE': 0.817, 'muLE': 0.892, 'muLL': 0.274, 'muM': 0.63, 'muP': 0.311, 'muPE': 0.117, 'muPL': 0.707, 'deltaNE': 0.356, 'deltaEL': 0.407, 'deltaLM': 0.571, 'rhoE': 0.765, 'rhoP': 0.603}",-1.0,1.0,1001,crauste,[],1e-08,True,True,amigo2,"[['muN', '5.2900e-01'], ['muEE', '8.1700e-01'], ['muLE', '8.9200e-01'], ['muLL', '2.7400e-01'], ['muM', '6.3000e-01'], ['muP', '3.1100e-01'], ['muPE', '1.1701e-01'], ['muPL', '7.0700e-01'], ['deltaNE', '3.5600e-01'], ['deltaEL', '4.0700e-01'], ['deltaLM', '5.7100e-01'], ['rhoE', '7.6500e-01'], ['rhoP', '6.0302e-01'], ['n', '7.9800e-01'], ['e', '3.1900e-01'], ['s', '7.3801e-01'], ['m', '2.4899e-01'], ['p', '8.6200e-01']]",451.34256196022034
635,127,crauste_7_1em8,"{'n': 0.569, 'e': 0.791, 's': 0.194, 'm': 0.514, 'p': 0.206}","{'muN': 0.65, 'muEE': 0.272, 'muLE': 0.858, 'muLL': 0.685, 'muM': 0.303, 'muP': 0.271, 'muPE': 0.515, 'muPL': 0.121, 'deltaNE': 0.266, 'deltaEL': 0.44, 'deltaLM': 0.399, 'rhoE': 0.471, 'rhoP': 0.322}",-1.0,1.0,1001,crauste,[],1e-08,False,False,pe,,
636,127,crauste_7_1em8,"{'n': 0.569, 'e': 0.791, 's': 0.194, 'm': 0.514, 'p': 0.206}","{'muN': 0.65, 'muEE': 0.272, 'muLE': 0.858, 'muLL': 0.685, 'muM': 0.303, 'muP': 0.271, 'muPE': 0.515, 'muPL': 0.121, 'deltaNE': 0.266, 'deltaEL': 0.44, 'deltaLM': 0.399, 'rhoE': 0.471, 'rhoP': 0.322}",-1.0,1.0,1001,crauste,[],1e-08,False,False,odepe,,
637,127,crauste_7_1em8,"{'n': 0.569, 'e': 0.791, 's': 0.194, 'm': 0.514, 'p': 0.206}","{'muN': 0.65, 'muEE': 0.272, 'muLE': 0.858, 'muLL': 0.685, 'muM': 0.303, 'muP': 0.271, 'muPE': 0.515, 'muPL': 0.121, 'deltaNE': 0.266, 'deltaEL': 0.44, 'deltaLM': 0.399, 'rhoE': 0.471, 'rhoP': 0.322}",-1.0,1.0,1001,crauste,[],1e-08,True,False,sciml,,200.1170597076416
638,127,crauste_7_1em8,"{'n': 0.569, 'e': 0.791, 's': 0.194, 'm': 0.514, 'p': 0.206}","{'muN': 0.65, 'muEE': 0.272, 'muLE': 0.858, 'muLL': 0.685, 'muM': 0.303, 'muP': 0.271, 'muPE': 0.515, 'muPL': 0.121, 'deltaNE': 0.266, 'deltaEL': 0.44, 'deltaLM': 0.399, 'rhoE': 0.471, 'rhoP': 0.322}",-1.0,1.0,1001,crauste,[],1e-08,False,False,iqm,,
639,127,crauste_7_1em8,"{'n': 0.569, 'e': 0.791, 's': 0.194, 'm': 0.514, 'p': 0.206}","{'muN': 0.65, 'muEE': 0.272, 'muLE': 0.858, 'muLL': 0.685, 'muM': 0.303, 'muP': 0.271, 'muPE': 0.515, 'muPL': 0.121, 'deltaNE': 0.266, 'deltaEL': 0.44, 'deltaLM': 0.399, 'rhoE': 0.471, 'rhoP': 0.322}",-1.0,1.0,1001,crauste,[],1e-08,True,True,amigo2,"[['muN', '6.5000e-01'], ['muEE', '2.7200e-01'], ['muLE', '8.5794e-01'], ['muLL', '6.8503e-01'], ['muM', '3.0301e-01'], ['muP', '2.7100e-01'], ['muPE', '5.1496e-01'], ['muPL', '1.2089e-01'], ['deltaNE', '2.6600e-01'], ['deltaEL', '4.4000e-01'], ['deltaLM', '3.9902e-01'], ['rhoE', '4.7100e-01'], ['rhoP', '3.2177e-01'], ['n', '5.6900e-01'], ['e', '7.9100e-01'], ['s', '1.9401e-01'], ['m', '5.1399e-01'], ['p', '2.0600e-01']]",335.3876395225525
640,128,crauste_8_1em8,"{'n': 0.568, 'e': 0.87, 's': 0.334, 'm': 0.293, 'p': 0.18}","{'muN': 0.673, 'muEE': 0.417, 'muLE': 0.552, 'muLL': 0.247, 'muM': 0.216, 'muP': 0.49, 'muPE': 0.384, 'muPL': 0.852, 'deltaNE': 0.712, 'deltaEL': 0.699, 'deltaLM': 0.823, 'rhoE': 0.167, 'rhoP': 0.542}",-1.0,1.0,1001,crauste,[],1e-08,False,False,pe,,
641,128,crauste_8_1em8,"{'n': 0.568, 'e': 0.87, 's': 0.334, 'm': 0.293, 'p': 0.18}","{'muN': 0.673, 'muEE': 0.417, 'muLE': 0.552, 'muLL': 0.247, 'muM': 0.216, 'muP': 0.49, 'muPE': 0.384, 'muPL': 0.852, 'deltaNE': 0.712, 'deltaEL': 0.699, 'deltaLM': 0.823, 'rhoE': 0.167, 'rhoP': 0.542}",-1.0,1.0,1001,crauste,[],1e-08,False,False,odepe,,
642,128,crauste_8_1em8,"{'n': 0.568, 'e': 0.87, 's': 0.334, 'm': 0.293, 'p': 0.18}","{'muN': 0.673, 'muEE': 0.417, 'muLE': 0.552, 'muLL': 0.247, 'muM': 0.216, 'muP': 0.49, 'muPE': 0.384, 'muPL': 0.852, 'deltaNE': 0.712, 'deltaEL': 0.699, 'deltaLM': 0.823, 'rhoE': 0.167, 'rhoP': 0.542}",-1.0,1.0,1001,crauste,[],1e-08,True,True,sciml,"[['muN', '72.29931779476122'], ['muEE', '71.7721106387202'], ['muLE', '51.645395418128984'], ['muLL', '82.90706183696905'], ['muM', '19.222823478798556'], ['muP', '17.250021382925397'], ['muPE', '11.445871943152696'], ['muPL', '43.69224952111366'], ['deltaNE', '27.89740418431269'], ['deltaEL', '31.010652312991283'], ['deltaLM', '50.350007262673344'], ['rhoE', '74.35966249899292'], ['rhoP', '77.8094630885223'], ['n', '27.6190125418071'], ['e', '33.180976235592084'], ['s', '66.57804229836461'], ['m', '69.17498618299767'], ['p', '83.77537393912445']]",128.10006880760193
643,128,crauste_8_1em8,"{'n': 0.568, 'e': 0.87, 's': 0.334, 'm': 0.293, 'p': 0.18}","{'muN': 0.673, 'muEE': 0.417, 'muLE': 0.552, 'muLL': 0.247, 'muM': 0.216, 'muP': 0.49, 'muPE': 0.384, 'muPL': 0.852, 'deltaNE': 0.712, 'deltaEL': 0.699, 'deltaLM': 0.823, 'rhoE': 0.167, 'rhoP': 0.542}",-1.0,1.0,1001,crauste,[],1e-08,False,False,iqm,,
644,128,crauste_8_1em8,"{'n': 0.568, 'e': 0.87, 's': 0.334, 'm': 0.293, 'p': 0.18}","{'muN': 0.673, 'muEE': 0.417, 'muLE': 0.552, 'muLL': 0.247, 'muM': 0.216, 'muP': 0.49, 'muPE': 0.384, 'muPL': 0.852, 'deltaNE': 0.712, 'deltaEL': 0.699, 'deltaLM': 0.823, 'rhoE': 0.167, 'rhoP': 0.542}",-1.0,1.0,1001,crauste,[],1e-08,True,True,amigo2,"[['muN', '6.7300e-01'], ['muEE', '4.1700e-01'], ['muLE', '1.1133e-01'], ['muLL', '1.6198e+00'], ['muM', '1.4974e-01'], ['muP', '5.2932e-01'], ['muPE', '3.1050e-01'], ['muPL', '6.7129e-01'], ['deltaNE', '7.1200e-01'], ['deltaEL', '6.9900e-01'], ['deltaLM', '8.3792e-01'], ['rhoE', '1.6699e-01'], ['rhoP', '0.0000e+00'], ['n', '5.6800e-01'], ['e', '8.7000e-01'], ['s', '3.1533e-01'], ['m', '3.1167e-01'], ['p', '1.8000e-01']]",305.6337847709656
645,129,crauste_9_1em8,"{'n': 0.859, 'e': 0.853, 's': 0.739, 'm': 0.604, 'p': 0.799}","{'muN': 0.113, 'muEE': 0.844, 'muLE': 0.636, 'muLL': 0.728, 'muM': 0.325, 'muP': 0.569, 'muPE': 0.151, 'muPL': 0.489, 'deltaNE': 0.882, 'deltaEL': 0.801, 'deltaLM': 0.371, 'rhoE': 0.869, 'rhoP': 0.285}",-1.0,1.0,1001,crauste,[],1e-08,False,False,pe,,
646,129,crauste_9_1em8,"{'n': 0.859, 'e': 0.853, 's': 0.739, 'm': 0.604, 'p': 0.799}","{'muN': 0.113, 'muEE': 0.844, 'muLE': 0.636, 'muLL': 0.728, 'muM': 0.325, 'muP': 0.569, 'muPE': 0.151, 'muPL': 0.489, 'deltaNE': 0.882, 'deltaEL': 0.801, 'deltaLM': 0.371, 'rhoE': 0.869, 'rhoP': 0.285}",-1.0,1.0,1001,crauste,[],1e-08,False,False,odepe,,
647,129,crauste_9_1em8,"{'n': 0.859, 'e': 0.853, 's': 0.739, 'm': 0.604, 'p': 0.799}","{'muN': 0.113, 'muEE': 0.844, 'muLE': 0.636, 'muLL': 0.728, 'muM': 0.325, 'muP': 0.569, 'muPE': 0.151, 'muPL': 0.489, 'deltaNE': 0.882, 'deltaEL': 0.801, 'deltaLM': 0.371, 'rhoE': 0.869, 'rhoP': 0.285}",-1.0,1.0,1001,crauste,[],1e-08,True,True,sciml,"[['muN', '40.157684295486774'], ['muEE', '25.359181228175842'], ['muLE', '43.925082573166605'], ['muLL', '26.401389086076954'], ['muM', '36.16845862156155'], ['muP', '55.64909963300507'], ['muPE', '35.5200746347616'], ['muPL', '18.538712607528684'], ['deltaNE', '30.759006611443652'], ['deltaEL', '40.77452849254761'], ['deltaLM', '5.566401003841692'], ['rhoE', '3.1137027273048457'], ['rhoP', '34.51321389520315'], ['n', '54.99140336343099'], ['e', '63.13016378130646'], ['s', '1.7977550693387356'], ['m', '27.823760825910536'], ['p', '48.70398346978247']]",144.12920451164246
648,129,crauste_9_1em8,"{'n': 0.859, 'e': 0.853, 's': 0.739, 'm': 0.604, 'p': 0.799}","{'muN': 0.113, 'muEE': 0.844, 'muLE': 0.636, 'muLL': 0.728, 'muM': 0.325, 'muP': 0.569, 'muPE': 0.151, 'muPL': 0.489, 'deltaNE': 0.882, 'deltaEL': 0.801, 'deltaLM': 0.371, 'rhoE': 0.869, 'rhoP': 0.285}",-1.0,1.0,1001,crauste,[],1e-08,False,False,iqm,,
649,129,crauste_9_1em8,"{'n': 0.859, 'e': 0.853, 's': 0.739, 'm': 0.604, 'p': 0.799}","{'muN': 0.113, 'muEE': 0.844, 'muLE': 0.636, 'muLL': 0.728, 'muM': 0.325, 'muP': 0.569, 'muPE': 0.151, 'muPL': 0.489, 'deltaNE': 0.882, 'deltaEL': 0.801, 'deltaLM': 0.371, 'rhoE': 0.869, 'rhoP': 0.285}",-1.0,1.0,1001,crauste,[],1e-08,True,True,amigo2,"[['muN', '1.1300e-01'], ['muEE', '8.4400e-01'], ['muLE', '6.3600e-01'], ['muLL', '7.2800e-01'], ['muM', '3.2500e-01'], ['muP', '5.6900e-01'], ['muPE', '1.5100e-01'], ['muPL', '4.8900e-01'], ['deltaNE', '8.8200e-01'], ['deltaEL', '8.0100e-01'], ['deltaLM', '3.7100e-01'], ['rhoE', '8.6900e-01'], ['rhoP', '2.8500e-01'], ['n', '8.5900e-01'], ['e', '8.5300e-01'], ['s', '7.3900e-01'], ['m', '6.0400e-01'], ['p', '7.9900e-01']]",325.399733543396
650,130,daisy_mamil3_0_1em8,"{'x1': 0.219, 'x2': 0.885, 'x3': 0.483}","{'a12': 0.334, 'a13': 0.779, 'a21': 0.594, 'a31': 0.111, 'a01': 0.378}",-1.0,1.0,1001,daisy_mamil3,[],1e-08,False,False,pe,,
651,130,daisy_mamil3_0_1em8,"{'x1': 0.219, 'x2': 0.885, 'x3': 0.483}","{'a12': 0.334, 'a13': 0.779, 'a21': 0.594, 'a31': 0.111, 'a01': 0.378}",-1.0,1.0,1001,daisy_mamil3,[],1e-08,False,False,odepe,,
652,130,daisy_mamil3_0_1em8,"{'x1': 0.219, 'x2': 0.885, 'x3': 0.483}","{'a12': 0.334, 'a13': 0.779, 'a21': 0.594, 'a31': 0.111, 'a01': 0.378}",-1.0,1.0,1001,daisy_mamil3,[],1e-08,True,True,sciml,"[['a12', '0.33399999341227754'], ['a13', '0.7790003227175836'], ['a21', '0.5939999857303326'], ['a31', '0.11099992082950329'], ['a01', '0.377999872848704'], ['x1', '0.21900000011355988'], ['x2', '0.8849999996990057'], ['x3', '0.48299974696483744']]",208.46982145309448
653,130,daisy_mamil3_0_1em8,"{'x1': 0.219, 'x2': 0.885, 'x3': 0.483}","{'a12': 0.334, 'a13': 0.779, 'a21': 0.594, 'a31': 0.111, 'a01': 0.378}",-1.0,1.0,1001,daisy_mamil3,[],1e-08,False,False,iqm,,
654,130,daisy_mamil3_0_1em8,"{'x1': 0.219, 'x2': 0.885, 'x3': 0.483}","{'a12': 0.334, 'a13': 0.779, 'a21': 0.594, 'a31': 0.111, 'a01': 0.378}",-1.0,1.0,1001,daisy_mamil3,[],1e-08,True,True,amigo2,"[['a12', '3.3400e-01'], ['a13', '7.7900e-01'], ['a21', '5.9400e-01'], ['a31', '1.1100e-01'], ['a01', '3.7800e-01'], ['x1', '2.1900e-01'], ['x2', '8.8500e-01'], ['x3', '4.8300e-01']]",281.78915095329285
655,131,daisy_mamil3_1_1em8,"{'x1': 0.252, 'x2': 0.509, 'x3': 0.279}","{'a12': 0.498, 'a13': 0.612, 'a21': 0.395, 'a31': 0.21, 'a01': 0.758}",-1.0,1.0,1001,daisy_mamil3,[],1e-08,False,False,pe,,
656,131,daisy_mamil3_1_1em8,"{'x1': 0.252, 'x2': 0.509, 'x3': 0.279}","{'a12': 0.498, 'a13': 0.612, 'a21': 0.395, 'a31': 0.21, 'a01': 0.758}",-1.0,1.0,1001,daisy_mamil3,[],1e-08,False,False,odepe,,
657,131,daisy_mamil3_1_1em8,"{'x1': 0.252, 'x2': 0.509, 'x3': 0.279}","{'a12': 0.498, 'a13': 0.612, 'a21': 0.395, 'a31': 0.21, 'a01': 0.758}",-1.0,1.0,1001,daisy_mamil3,[],1e-08,True,True,sciml,"[['a12', '0.4979999387217802'], ['a13', '0.6109263993534946'], ['a21', '0.3949999036511635'], ['a31', '0.20999135937737837'], ['a01', '0.7585666649028662'], ['x1', '0.25199992163075546'], ['x2', '0.5089999985114205'], ['x3', '0.27972216848453296']]",216.84617519378662
658,131,daisy_mamil3_1_1em8,"{'x1': 0.252, 'x2': 0.509, 'x3': 0.279}","{'a12': 0.498, 'a13': 0.612, 'a21': 0.395, 'a31': 0.21, 'a01': 0.758}",-1.0,1.0,1001,daisy_mamil3,[],1e-08,False,False,iqm,,
659,131,daisy_mamil3_1_1em8,"{'x1': 0.252, 'x2': 0.509, 'x3': 0.279}","{'a12': 0.498, 'a13': 0.612, 'a21': 0.395, 'a31': 0.21, 'a01': 0.758}",-1.0,1.0,1001,daisy_mamil3,[],1e-08,True,True,amigo2,"[['a12', '4.9800e-01'], ['a13', '6.1200e-01'], ['a21', '3.9500e-01'], ['a31', '2.1000e-01'], ['a01', '7.5800e-01'], ['x1', '2.5200e-01'], ['x2', '5.0900e-01'], ['x3', '2.7900e-01']]",1462.5162522792816
660,132,daisy_mamil3_2_1em8,"{'x1': 0.719, 'x2': 0.367, 'x3': 0.165}","{'a12': 0.178, 'a13': 0.79, 'a21': 0.878, 'a31': 0.869, 'a01': 0.825}",-1.0,1.0,1001,daisy_mamil3,[],1e-08,False,False,pe,,
661,132,daisy_mamil3_2_1em8,"{'x1': 0.719, 'x2': 0.367, 'x3': 0.165}","{'a12': 0.178, 'a13': 0.79, 'a21': 0.878, 'a31': 0.869, 'a01': 0.825}",-1.0,1.0,1001,daisy_mamil3,[],1e-08,False,False,odepe,,
662,132,daisy_mamil3_2_1em8,"{'x1': 0.719, 'x2': 0.367, 'x3': 0.165}","{'a12': 0.178, 'a13': 0.79, 'a21': 0.878, 'a31': 0.869, 'a01': 0.825}",-1.0,1.0,1001,daisy_mamil3,[],1e-08,True,True,sciml,"[['a12', '0.1780000006897163'], ['a13', '0.7899978481667309'], ['a21', '0.8780000019945252'], ['a31', '0.8689991734003796'], ['a01', '0.8250021122850343'], ['x1', '0.7189999976024474'], ['x2', '0.36700000002968347'], ['x3', '0.16500165060132604']]",171.63255500793457
663,132,daisy_mamil3_2_1em8,"{'x1': 0.719, 'x2': 0.367, 'x3': 0.165}","{'a12': 0.178, 'a13': 0.79, 'a21': 0.878, 'a31': 0.869, 'a01': 0.825}",-1.0,1.0,1001,daisy_mamil3,[],1e-08,False,False,iqm,,
664,132,daisy_mamil3_2_1em8,"{'x1': 0.719, 'x2': 0.367, 'x3': 0.165}","{'a12': 0.178, 'a13': 0.79, 'a21': 0.878, 'a31': 0.869, 'a01': 0.825}",-1.0,1.0,1001,daisy_mamil3,[],1e-08,True,True,amigo2,"[['a12', '1.7800e-01'], ['a13', '7.9000e-01'], ['a21', '8.7800e-01'], ['a31', '8.6900e-01'], ['a01', '8.2500e-01'], ['x1', '7.1900e-01'], ['x2', '3.6700e-01'], ['x3', '1.6500e-01']]",296.47247409820557
665,133,daisy_mamil3_3_1em8,"{'x1': 0.109, 'x2': 0.716, 'x3': 0.218}","{'a12': 0.426, 'a13': 0.286, 'a21': 0.206, 'a31': 0.143, 'a01': 0.68}",-1.0,1.0,1001,daisy_mamil3,[],1e-08,False,False,pe,,
666,133,daisy_mamil3_3_1em8,"{'x1': 0.109, 'x2': 0.716, 'x3': 0.218}","{'a12': 0.426, 'a13': 0.286, 'a21': 0.206, 'a31': 0.143, 'a01': 0.68}",-1.0,1.0,1001,daisy_mamil3,[],1e-08,False,False,odepe,,
667,133,daisy_mamil3_3_1em8,"{'x1': 0.109, 'x2': 0.716, 'x3': 0.218}","{'a12': 0.426, 'a13': 0.286, 'a21': 0.206, 'a31': 0.143, 'a01': 0.68}",-1.0,1.0,1001,daisy_mamil3,[],1e-08,True,True,sciml,"[['a12', '0.4259999903410346'], ['a13', '0.28602188724396616'], ['a21', '0.20599997870650819'], ['a31', '0.14300316933669902'], ['a01', '0.6799941270574977'], ['x1', '0.10899999737233994'], ['x2', '0.7159999987624249'], ['x3', '0.21798240486965403']]",206.7164809703827
668,133,daisy_mamil3_3_1em8,"{'x1': 0.109, 'x2': 0.716, 'x3': 0.218}","{'a12': 0.426, 'a13': 0.286, 'a21': 0.206, 'a31': 0.143, 'a01': 0.68}",-1.0,1.0,1001,daisy_mamil3,[],1e-08,False,False,iqm,,
669,133,daisy_mamil3_3_1em8,"{'x1': 0.109, 'x2': 0.716, 'x3': 0.218}","{'a12': 0.426, 'a13': 0.286, 'a21': 0.206, 'a31': 0.143, 'a01': 0.68}",-1.0,1.0,1001,daisy_mamil3,[],1e-08,True,True,amigo2,"[['a12', '4.2600e-01'], ['a13', '2.8600e-01'], ['a21', '2.0600e-01'], ['a31', '1.4300e-01'], ['a01', '6.8000e-01'], ['x1', '1.0900e-01'], ['x2', '7.1600e-01'], ['x3', '2.1800e-01']]",1390.7247800827026
670,134,daisy_mamil3_4_1em8,"{'x1': 0.546, 'x2': 0.788, 'x3': 0.682}","{'a12': 0.164, 'a13': 0.172, 'a21': 0.638, 'a31': 0.296, 'a01': 0.436}",-1.0,1.0,1001,daisy_mamil3,[],1e-08,False,False,pe,,
671,134,daisy_mamil3_4_1em8,"{'x1': 0.546, 'x2': 0.788, 'x3': 0.682}","{'a12': 0.164, 'a13': 0.172, 'a21': 0.638, 'a31': 0.296, 'a01': 0.436}",-1.0,1.0,1001,daisy_mamil3,[],1e-08,False,False,odepe,,
672,134,daisy_mamil3_4_1em8,"{'x1': 0.546, 'x2': 0.788, 'x3': 0.682}","{'a12': 0.164, 'a13': 0.172, 'a21': 0.638, 'a31': 0.296, 'a01': 0.436}",-1.0,1.0,1001,daisy_mamil3,[],1e-08,True,True,sciml,"[['a12', '0.16400008641145727'], ['a13', '0.15552400528974447'], ['a21', '0.6380002408940069'], ['a31', '0.27177902880530624'], ['a01', '0.46677848854368637'], ['x1', '0.5459991916927309'], ['x2', '0.7879999867913963'], ['x3', '0.7773361702960672']]",175.9150676727295
673,134,daisy_mamil3_4_1em8,"{'x1': 0.546, 'x2': 0.788, 'x3': 0.682}","{'a12': 0.164, 'a13': 0.172, 'a21': 0.638, 'a31': 0.296, 'a01': 0.436}",-1.0,1.0,1001,daisy_mamil3,[],1e-08,False,False,iqm,,
674,134,daisy_mamil3_4_1em8,"{'x1': 0.546, 'x2': 0.788, 'x3': 0.682}","{'a12': 0.164, 'a13': 0.172, 'a21': 0.638, 'a31': 0.296, 'a01': 0.436}",-1.0,1.0,1001,daisy_mamil3,[],1e-08,True,True,amigo2,"[['a12', '1.6400e-01'], ['a13', '1.7199e-01'], ['a21', '6.3800e-01'], ['a31', '2.9598e-01'], ['a01', '4.3602e-01'], ['x1', '5.4600e-01'], ['x2', '7.8800e-01'], ['x3', '6.8207e-01']]",283.44246196746826
675,135,daisy_mamil3_5_1em8,"{'x1': 0.465, 'x2': 0.647, 'x3': 0.657}","{'a12': 0.316, 'a13': 0.205, 'a21': 0.144, 'a31': 0.341, 'a01': 0.31}",-1.0,1.0,1001,daisy_mamil3,[],1e-08,False,False,pe,,
676,135,daisy_mamil3_5_1em8,"{'x1': 0.465, 'x2': 0.647, 'x3': 0.657}","{'a12': 0.316, 'a13': 0.205, 'a21': 0.144, 'a31': 0.341, 'a01': 0.31}",-1.0,1.0,1001,daisy_mamil3,[],1e-08,False,False,odepe,,
677,135,daisy_mamil3_5_1em8,"{'x1': 0.465, 'x2': 0.647, 'x3': 0.657}","{'a12': 0.316, 'a13': 0.205, 'a21': 0.144, 'a31': 0.341, 'a01': 0.31}",-1.0,1.0,1001,daisy_mamil3,[],1e-08,True,True,sciml,"[['a12', '0.3159999552835618'], ['a13', '0.20708951644867124'], ['a21', '0.1439999449976013'], ['a31', '0.34399721162528935'], ['a01', '0.312467737615457'], ['x1', '0.4649996320430881'], ['x2', '0.6469999987394609'], ['x3', '0.6626619431888582']]",255.62067461013794
678,135,daisy_mamil3_5_1em8,"{'x1': 0.465, 'x2': 0.647, 'x3': 0.657}","{'a12': 0.316, 'a13': 0.205, 'a21': 0.144, 'a31': 0.341, 'a01': 0.31}",-1.0,1.0,1001,daisy_mamil3,[],1e-08,False,False,iqm,,
679,135,daisy_mamil3_5_1em8,"{'x1': 0.465, 'x2': 0.647, 'x3': 0.657}","{'a12': 0.316, 'a13': 0.205, 'a21': 0.144, 'a31': 0.341, 'a01': 0.31}",-1.0,1.0,1001,daisy_mamil3,[],1e-08,True,True,amigo2,"[['a12', '3.1600e-01'], ['a13', '2.0500e-01'], ['a21', '1.4400e-01'], ['a31', '3.4100e-01'], ['a01', '3.1000e-01'], ['x1', '4.6500e-01'], ['x2', '6.4700e-01'], ['x3', '6.5700e-01']]",270.4195613861084
680,136,daisy_mamil3_6_1em8,"{'x1': 0.658, 'x2': 0.723, 'x3': 0.722}","{'a12': 0.327, 'a13': 0.404, 'a21': 0.245, 'a31': 0.731, 'a01': 0.145}",-1.0,1.0,1001,daisy_mamil3,[],1e-08,False,False,pe,,
681,136,daisy_mamil3_6_1em8,"{'x1': 0.658, 'x2': 0.723, 'x3': 0.722}","{'a12': 0.327, 'a13': 0.404, 'a21': 0.245, 'a31': 0.731, 'a01': 0.145}",-1.0,1.0,1001,daisy_mamil3,[],1e-08,False,False,odepe,,
682,136,daisy_mamil3_6_1em8,"{'x1': 0.658, 'x2': 0.723, 'x3': 0.722}","{'a12': 0.327, 'a13': 0.404, 'a21': 0.245, 'a31': 0.731, 'a01': 0.145}",-1.0,1.0,1001,daisy_mamil3,[],1e-08,True,True,sciml,"[['a12', '0.3263314611171194'], ['a13', '0.034804162994321985'], ['a21', '0.24421456159274374'], ['a31', '1.060915681184265'], ['a01', '0.18155987627551468'], ['x1', '0.6580853643713188'], ['x2', '0.7230047578380415'], ['x3', '15.27814196389546']]",274.43107080459595
683,136,daisy_mamil3_6_1em8,"{'x1': 0.658, 'x2': 0.723, 'x3': 0.722}","{'a12': 0.327, 'a13': 0.404, 'a21': 0.245, 'a31': 0.731, 'a01': 0.145}",-1.0,1.0,1001,daisy_mamil3,[],1e-08,False,False,iqm,,
684,136,daisy_mamil3_6_1em8,"{'x1': 0.658, 'x2': 0.723, 'x3': 0.722}","{'a12': 0.327, 'a13': 0.404, 'a21': 0.245, 'a31': 0.731, 'a01': 0.145}",-1.0,1.0,1001,daisy_mamil3,[],1e-08,True,True,amigo2,"[['a12', '3.2700e-01'], ['a13', '4.0400e-01'], ['a21', '2.4500e-01'], ['a31', '7.3100e-01'], ['a01', '1.4500e-01'], ['x1', '6.5800e-01'], ['x2', '7.2300e-01'], ['x3', '7.2200e-01']]",291.528902053833
685,137,daisy_mamil3_7_1em8,"{'x1': 0.258, 'x2': 0.468, 'x3': 0.136}","{'a12': 0.308, 'a13': 0.399, 'a21': 0.57, 'a31': 0.318, 'a01': 0.397}",-1.0,1.0,1001,daisy_mamil3,[],1e-08,False,False,pe,,
686,137,daisy_mamil3_7_1em8,"{'x1': 0.258, 'x2': 0.468, 'x3': 0.136}","{'a12': 0.308, 'a13': 0.399, 'a21': 0.57, 'a31': 0.318, 'a01': 0.397}",-1.0,1.0,1001,daisy_mamil3,[],1e-08,False,False,odepe,,
687,137,daisy_mamil3_7_1em8,"{'x1': 0.258, 'x2': 0.468, 'x3': 0.136}","{'a12': 0.308, 'a13': 0.399, 'a21': 0.57, 'a31': 0.318, 'a01': 0.397}",-1.0,1.0,1001,daisy_mamil3,[],1e-08,True,True,sciml,"[['a12', '0.30799998128688494'], ['a13', '0.3970280939545527'], ['a21', '0.5699999564116238'], ['a31', '0.31834002590771615'], ['a01', '0.3974169591802578'], ['x1', '0.2580000459633129'], ['x2', '0.4680000005221655'], ['x3', '0.13716588896421875']]",331.76897501945496
688,137,daisy_mamil3_7_1em8,"{'x1': 0.258, 'x2': 0.468, 'x3': 0.136}","{'a12': 0.308, 'a13': 0.399, 'a21': 0.57, 'a31': 0.318, 'a01': 0.397}",-1.0,1.0,1001,daisy_mamil3,[],1e-08,False,False,iqm,,
689,137,daisy_mamil3_7_1em8,"{'x1': 0.258, 'x2': 0.468, 'x3': 0.136}","{'a12': 0.308, 'a13': 0.399, 'a21': 0.57, 'a31': 0.318, 'a01': 0.397}",-1.0,1.0,1001,daisy_mamil3,[],1e-08,True,True,amigo2,"[['a12', '3.0800e-01'], ['a13', '3.9900e-01'], ['a21', '5.7000e-01'], ['a31', '3.1800e-01'], ['a01', '3.9700e-01'], ['x1', '2.5800e-01'], ['x2', '4.6800e-01'], ['x3', '1.3600e-01']]",1139.3550481796265
690,138,daisy_mamil3_8_1em8,"{'x1': 0.868, 'x2': 0.616, 'x3': 0.128}","{'a12': 0.74, 'a13': 0.162, 'a21': 0.515, 'a31': 0.345, 'a01': 0.562}",-1.0,1.0,1001,daisy_mamil3,[],1e-08,False,False,pe,,
691,138,daisy_mamil3_8_1em8,"{'x1': 0.868, 'x2': 0.616, 'x3': 0.128}","{'a12': 0.74, 'a13': 0.162, 'a21': 0.515, 'a31': 0.345, 'a01': 0.562}",-1.0,1.0,1001,daisy_mamil3,[],1e-08,False,False,odepe,,
692,138,daisy_mamil3_8_1em8,"{'x1': 0.868, 'x2': 0.616, 'x3': 0.128}","{'a12': 0.74, 'a13': 0.162, 'a21': 0.515, 'a31': 0.345, 'a01': 0.562}",-1.0,1.0,1001,daisy_mamil3,[],1e-08,True,True,sciml,"[['a12', '0.7400000024342291'], ['a13', '0.16199164840583888'], ['a21', '0.5150000028676578'], ['a31', '0.3450065228689783'], ['a01', '0.5619962135616785'], ['x1', '0.8680000053710275'], ['x2', '0.6159999991180829'], ['x3', '0.1280209422782906']]",273.01398944854736
693,138,daisy_mamil3_8_1em8,"{'x1': 0.868, 'x2': 0.616, 'x3': 0.128}","{'a12': 0.74, 'a13': 0.162, 'a21': 0.515, 'a31': 0.345, 'a01': 0.562}",-1.0,1.0,1001,daisy_mamil3,[],1e-08,False,False,iqm,,
694,138,daisy_mamil3_8_1em8,"{'x1': 0.868, 'x2': 0.616, 'x3': 0.128}","{'a12': 0.74, 'a13': 0.162, 'a21': 0.515, 'a31': 0.345, 'a01': 0.562}",-1.0,1.0,1001,daisy_mamil3,[],1e-08,True,True,amigo2,"[['a12', '7.4000e-01'], ['a13', '1.6200e-01'], ['a21', '5.1500e-01'], ['a31', '3.4500e-01'], ['a01', '5.6200e-01'], ['x1', '8.6800e-01'], ['x2', '6.1600e-01'], ['x3', '1.2800e-01']]",290.3330748081207
695,139,daisy_mamil3_9_1em8,"{'x1': 0.203, 'x2': 0.414, 'x3': 0.865}","{'a12': 0.444, 'a13': 0.508, 'a21': 0.529, 'a31': 0.645, 'a01': 0.322}",-1.0,1.0,1001,daisy_mamil3,[],1e-08,False,False,pe,,
696,139,daisy_mamil3_9_1em8,"{'x1': 0.203, 'x2': 0.414, 'x3': 0.865}","{'a12': 0.444, 'a13': 0.508, 'a21': 0.529, 'a31': 0.645, 'a01': 0.322}",-1.0,1.0,1001,daisy_mamil3,[],1e-08,False,False,odepe,,
697,139,daisy_mamil3_9_1em8,"{'x1': 0.203, 'x2': 0.414, 'x3': 0.865}","{'a12': 0.444, 'a13': 0.508, 'a21': 0.529, 'a31': 0.645, 'a01': 0.322}",-1.0,1.0,1001,daisy_mamil3,[],1e-08,True,True,sciml,"[['a12', '0.4439999828896834'], ['a13', '0.5076451631332136'], ['a21', '0.5289999764923221'], ['a31', '0.6450659630334431'], ['a01', '0.322229209745293'], ['x1', '0.2029998960673652'], ['x2', '0.4140000000437891'], ['x3', '0.8657254878904435']]",257.61162209510803
698,139,daisy_mamil3_9_1em8,"{'x1': 0.203, 'x2': 0.414, 'x3': 0.865}","{'a12': 0.444, 'a13': 0.508, 'a21': 0.529, 'a31': 0.645, 'a01': 0.322}",-1.0,1.0,1001,daisy_mamil3,[],1e-08,False,False,iqm,,
699,139,daisy_mamil3_9_1em8,"{'x1': 0.203, 'x2': 0.414, 'x3': 0.865}","{'a12': 0.444, 'a13': 0.508, 'a21': 0.529, 'a31': 0.645, 'a01': 0.322}",-1.0,1.0,1001,daisy_mamil3,[],1e-08,True,True,amigo2,"[['a12', '4.4400e-01'], ['a13', '5.0800e-01'], ['a21', '5.2900e-01'], ['a31', '6.4500e-01'], ['a01', '3.2200e-01'], ['x1', '2.0300e-01'], ['x2', '4.1400e-01'], ['x3', '8.6500e-01']]",291.61885166168213
700,140,daisy_mamil4_0_1em8,"{'x1': 0.419, 'x2': 0.823, 'x3': 0.652, 'x4': 0.66}","{'k01': 0.25, 'k12': 0.823, 'k13': 0.535, 'k14': 0.466, 'k21': 0.806, 'k31': 0.467, 'k41': 0.679}",-1.0,1.0,1001,daisy_mamil4,[],1e-08,False,False,pe,,
701,140,daisy_mamil4_0_1em8,"{'x1': 0.419, 'x2': 0.823, 'x3': 0.652, 'x4': 0.66}","{'k01': 0.25, 'k12': 0.823, 'k13': 0.535, 'k14': 0.466, 'k21': 0.806, 'k31': 0.467, 'k41': 0.679}",-1.0,1.0,1001,daisy_mamil4,[],1e-08,False,False,odepe,,
702,140,daisy_mamil4_0_1em8,"{'x1': 0.419, 'x2': 0.823, 'x3': 0.652, 'x4': 0.66}","{'k01': 0.25, 'k12': 0.823, 'k13': 0.535, 'k14': 0.466, 'k21': 0.806, 'k31': 0.467, 'k41': 0.679}",-1.0,1.0,1001,daisy_mamil4,[],1e-08,True,True,sciml,"[['k01', '0.24999999762594421'], ['k12', '0.8229997782473935'], ['k13', '0.46377999814960963'], ['k14', '0.5377683224953678'], ['k21', '0.8059997105768704'], ['k31', '0.6708535679647845'], ['k41', '0.47507072484296753'], ['x1', '0.41899976010980267'], ['x2', '0.8229999917863114'], ['x3', '0.6649696764231704'], ['x4', '0.6470305714208076']]",208.50765752792358
703,140,daisy_mamil4_0_1em8,"{'x1': 0.419, 'x2': 0.823, 'x3': 0.652, 'x4': 0.66}","{'k01': 0.25, 'k12': 0.823, 'k13': 0.535, 'k14': 0.466, 'k21': 0.806, 'k31': 0.467, 'k41': 0.679}",-1.0,1.0,1001,daisy_mamil4,[],1e-08,False,False,iqm,,
704,140,daisy_mamil4_0_1em8,"{'x1': 0.419, 'x2': 0.823, 'x3': 0.652, 'x4': 0.66}","{'k01': 0.25, 'k12': 0.823, 'k13': 0.535, 'k14': 0.466, 'k21': 0.806, 'k31': 0.467, 'k41': 0.679}",-1.0,1.0,1001,daisy_mamil4,[],1e-08,True,True,amigo2,"[['k01', '2.5000e-01'], ['k12', '8.2300e-01'], ['k13', '4.5945e-01'], ['k14', '6.5323e-01'], ['k21', '8.0600e-01'], ['k31', '8.9376e-01'], ['k41', '2.4764e-01'], ['x1', '4.1900e-01'], ['x2', '8.2300e-01'], ['x3', '1.0454e+00'], ['x4', '2.6659e-01']]",327.4096202850342
705,141,daisy_mamil4_1_1em8,"{'x1': 0.467, 'x2': 0.573, 'x3': 0.786, 'x4': 0.466}","{'k01': 0.362, 'k12': 0.705, 'k13': 0.609, 'k14': 0.292, 'k21': 0.228, 'k31': 0.737, 'k41': 0.867}",-1.0,1.0,1001,daisy_mamil4,[],1e-08,False,False,pe,,
706,141,daisy_mamil4_1_1em8,"{'x1': 0.467, 'x2': 0.573, 'x3': 0.786, 'x4': 0.466}","{'k01': 0.362, 'k12': 0.705, 'k13': 0.609, 'k14': 0.292, 'k21': 0.228, 'k31': 0.737, 'k41': 0.867}",-1.0,1.0,1001,daisy_mamil4,[],1e-08,False,False,odepe,,
707,141,daisy_mamil4_1_1em8,"{'x1': 0.467, 'x2': 0.573, 'x3': 0.786, 'x4': 0.466}","{'k01': 0.362, 'k12': 0.705, 'k13': 0.609, 'k14': 0.292, 'k21': 0.228, 'k31': 0.737, 'k41': 0.867}",-1.0,1.0,1001,daisy_mamil4,[],1e-08,True,True,sciml,"[['k01', '0.36200000011676653'], ['k12', '0.7050002992010038'], ['k13', '0.7421017458481766'], ['k14', '0.289390121640585'], ['k21', '0.22800026440230012'], ['k31', '0.6619386948245262'], ['k41', '0.9281825420551723'], ['x1', '0.46699805842238623'], ['x2', '0.5730000115062857'], ['x3', '0.5433674000202787'], ['x4', '0.7086345303940984']]",406.8020341396332
708,141,daisy_mamil4_1_1em8,"{'x1': 0.467, 'x2': 0.573, 'x3': 0.786, 'x4': 0.466}","{'k01': 0.362, 'k12': 0.705, 'k13': 0.609, 'k14': 0.292, 'k21': 0.228, 'k31': 0.737, 'k41': 0.867}",-1.0,1.0,1001,daisy_mamil4,[],1e-08,False,False,iqm,,
709,141,daisy_mamil4_1_1em8,"{'x1': 0.467, 'x2': 0.573, 'x3': 0.786, 'x4': 0.466}","{'k01': 0.362, 'k12': 0.705, 'k13': 0.609, 'k14': 0.292, 'k21': 0.228, 'k31': 0.737, 'k41': 0.867}",-1.0,1.0,1001,daisy_mamil4,[],1e-08,False,False,amigo2,,
710,142,daisy_mamil4_2_1em8,"{'x1': 0.419, 'x2': 0.15, 'x3': 0.439, 'x4': 0.307}","{'k01': 0.861, 'k12': 0.561, 'k13': 0.757, 'k14': 0.827, 'k21': 0.752, 'k31': 0.228, 'k41': 0.603}",-1.0,1.0,1001,daisy_mamil4,[],1e-08,False,False,pe,,
711,142,daisy_mamil4_2_1em8,"{'x1': 0.419, 'x2': 0.15, 'x3': 0.439, 'x4': 0.307}","{'k01': 0.861, 'k12': 0.561, 'k13': 0.757, 'k14': 0.827, 'k21': 0.752, 'k31': 0.228, 'k41': 0.603}",-1.0,1.0,1001,daisy_mamil4,[],1e-08,False,False,odepe,,
712,142,daisy_mamil4_2_1em8,"{'x1': 0.419, 'x2': 0.15, 'x3': 0.439, 'x4': 0.307}","{'k01': 0.861, 'k12': 0.561, 'k13': 0.757, 'k14': 0.827, 'k21': 0.752, 'k31': 0.228, 'k41': 0.603}",-1.0,1.0,1001,daisy_mamil4,[],1e-08,True,True,sciml,"[['k01', '0.8610000017142032'], ['k12', '0.5609999899155373'], ['k13', '0.8416475702593686'], ['k14', '0.7575786446843396'], ['k21', '0.7519999913307289'], ['k31', '0.5045917021170379'], ['k41', '0.3258925348510515'], ['x1', '0.41899999721244424'], ['x2', '0.15000000013573478'], ['x3', '0.24791973637592757'], ['x4', '0.4980802669329676']]",187.20009446144104
713,142,daisy_mamil4_2_1em8,"{'x1': 0.419, 'x2': 0.15, 'x3': 0.439, 'x4': 0.307}","{'k01': 0.861, 'k12': 0.561, 'k13': 0.757, 'k14': 0.827, 'k21': 0.752, 'k31': 0.228, 'k41': 0.603}",-1.0,1.0,1001,daisy_mamil4,[],1e-08,False,False,iqm,,
714,142,daisy_mamil4_2_1em8,"{'x1': 0.419, 'x2': 0.15, 'x3': 0.439, 'x4': 0.307}","{'k01': 0.861, 'k12': 0.561, 'k13': 0.757, 'k14': 0.827, 'k21': 0.752, 'k31': 0.228, 'k41': 0.603}",-1.0,1.0,1001,daisy_mamil4,[],1e-08,False,False,amigo2,,
715,143,daisy_mamil4_3_1em8,"{'x1': 0.421, 'x2': 0.843, 'x3': 0.18, 'x4': 0.856}","{'k01': 0.779, 'k12': 0.127, 'k13': 0.867, 'k14': 0.384, 'k21': 0.385, 'k31': 0.113, 'k41': 0.248}",-1.0,1.0,1001,daisy_mamil4,[],1e-08,False,False,pe,,
716,143,daisy_mamil4_3_1em8,"{'x1': 0.421, 'x2': 0.843, 'x3': 0.18, 'x4': 0.856}","{'k01': 0.779, 'k12': 0.127, 'k13': 0.867, 'k14': 0.384, 'k21': 0.385, 'k31': 0.113, 'k41': 0.248}",-1.0,1.0,1001,daisy_mamil4,[],1e-08,False,False,odepe,,
717,143,daisy_mamil4_3_1em8,"{'x1': 0.421, 'x2': 0.843, 'x3': 0.18, 'x4': 0.856}","{'k01': 0.779, 'k12': 0.127, 'k13': 0.867, 'k14': 0.384, 'k21': 0.385, 'k31': 0.113, 'k41': 0.248}",-1.0,1.0,1001,daisy_mamil4,[],1e-08,True,True,sciml,"[['k01', '0.7789970055056901'], ['k12', '0.12703032450534504'], ['k13', '0.6383666367390343'], ['k14', '8.338803204002053'], ['k21', '0.3850740328449373'], ['k31', '0.774073785218656'], ['k41', '0.00868974710256694'], ['x1', '0.42102609528002344'], ['x2', '0.8429985078465287'], ['x3', '1.0359744767942167'], ['x4', '8.527878811251674e-10']]",216.22977566719055
718,143,daisy_mamil4_3_1em8,"{'x1': 0.421, 'x2': 0.843, 'x3': 0.18, 'x4': 0.856}","{'k01': 0.779, 'k12': 0.127, 'k13': 0.867, 'k14': 0.384, 'k21': 0.385, 'k31': 0.113, 'k41': 0.248}",-1.0,1.0,1001,daisy_mamil4,[],1e-08,False,False,iqm,,
719,143,daisy_mamil4_3_1em8,"{'x1': 0.421, 'x2': 0.843, 'x3': 0.18, 'x4': 0.856}","{'k01': 0.779, 'k12': 0.127, 'k13': 0.867, 'k14': 0.384, 'k21': 0.385, 'k31': 0.113, 'k41': 0.248}",-1.0,1.0,1001,daisy_mamil4,[],1e-08,True,True,amigo2,"[['k01', '7.7900e-01'], ['k12', '1.2700e-01'], ['k13', '8.6698e-01'], ['k14', '3.8398e-01'], ['k21', '3.8500e-01'], ['k31', '1.1305e-01'], ['k41', '2.4795e-01'], ['x1', '4.2100e-01'], ['x2', '8.4300e-01'], ['x3', '1.8004e-01'], ['x4', '8.5596e-01']]",290.5977954864502
720,144,daisy_mamil4_4_1em8,"{'x1': 0.443, 'x2': 0.154, 'x3': 0.302, 'x4': 0.277}","{'k01': 0.796, 'k12': 0.463, 'k13': 0.361, 'k14': 0.286, 'k21': 0.592, 'k31': 0.126, 'k41': 0.112}",-1.0,1.0,1001,daisy_mamil4,[],1e-08,False,False,pe,,
721,144,daisy_mamil4_4_1em8,"{'x1': 0.443, 'x2': 0.154, 'x3': 0.302, 'x4': 0.277}","{'k01': 0.796, 'k12': 0.463, 'k13': 0.361, 'k14': 0.286, 'k21': 0.592, 'k31': 0.126, 'k41': 0.112}",-1.0,1.0,1001,daisy_mamil4,[],1e-08,False,False,odepe,,
722,144,daisy_mamil4_4_1em8,"{'x1': 0.443, 'x2': 0.154, 'x3': 0.302, 'x4': 0.277}","{'k01': 0.796, 'k12': 0.463, 'k13': 0.361, 'k14': 0.286, 'k21': 0.592, 'k31': 0.126, 'k41': 0.112}",-1.0,1.0,1001,daisy_mamil4,[],1e-08,True,True,sciml,"[['k01', '0.7959999975828038'], ['k12', '0.46300007596333825'], ['k13', '67.92795162607204'], ['k14', '0.3382980121662925'], ['k21', '0.5920000682813604'], ['k31', '1.5235278647916786'], ['k41', '0.27146248461586736'], ['x1', '0.4430001021930999'], ['x2', '0.15399999676615225'], ['x3', '0.010091772453714896'], ['x4', '0.5689081279785835']]",175.51448774337769
723,144,daisy_mamil4_4_1em8,"{'x1': 0.443, 'x2': 0.154, 'x3': 0.302, 'x4': 0.277}","{'k01': 0.796, 'k12': 0.463, 'k13': 0.361, 'k14': 0.286, 'k21': 0.592, 'k31': 0.126, 'k41': 0.112}",-1.0,1.0,1001,daisy_mamil4,[],1e-08,False,False,iqm,,
724,144,daisy_mamil4_4_1em8,"{'x1': 0.443, 'x2': 0.154, 'x3': 0.302, 'x4': 0.277}","{'k01': 0.796, 'k12': 0.463, 'k13': 0.361, 'k14': 0.286, 'k21': 0.592, 'k31': 0.126, 'k41': 0.112}",-1.0,1.0,1001,daisy_mamil4,[],1e-08,True,True,amigo2,"[['k01', '7.9600e-01'], ['k12', '4.6300e-01'], ['k13', '2.3886e+00'], ['k14', '3.3773e-01'], ['k21', '5.9200e-01'], ['k31', '1.2605e-02'], ['k41', '2.7327e-01'], ['x1', '4.4300e-01'], ['x2', '1.5400e-01'], ['x3', '6.7796e-03'], ['x4', '5.7222e-01']]",302.79585886001587
725,145,daisy_mamil4_5_1em8,"{'x1': 0.427, 'x2': 0.23, 'x3': 0.611, 'x4': 0.492}","{'k01': 0.303, 'k12': 0.205, 'k13': 0.11, 'k14': 0.192, 'k21': 0.595, 'k31': 0.879, 'k41': 0.892}",-1.0,1.0,1001,daisy_mamil4,[],1e-08,False,False,pe,,
726,145,daisy_mamil4_5_1em8,"{'x1': 0.427, 'x2': 0.23, 'x3': 0.611, 'x4': 0.492}","{'k01': 0.303, 'k12': 0.205, 'k13': 0.11, 'k14': 0.192, 'k21': 0.595, 'k31': 0.879, 'k41': 0.892}",-1.0,1.0,1001,daisy_mamil4,[],1e-08,False,False,odepe,,
727,145,daisy_mamil4_5_1em8,"{'x1': 0.427, 'x2': 0.23, 'x3': 0.611, 'x4': 0.492}","{'k01': 0.303, 'k12': 0.205, 'k13': 0.11, 'k14': 0.192, 'k21': 0.595, 'k31': 0.879, 'k41': 0.892}",-1.0,1.0,1001,daisy_mamil4,[],1e-08,True,True,sciml,"[['k01', '0.30300001451999214'], ['k12', '0.2049998912573255'], ['k13', '0.05340016587540726'], ['k14', '0.34326184526733555'], ['k21', '0.5949997934672576'], ['k31', '0.3976137025432397'], ['k41', '1.2879875448348082'], ['x1', '0.42700022801850995'], ['x2', '0.23000000931603648'], ['x3', '0.8742535467579856'], ['x4', '0.22874621850643498']]",262.0449900627136
728,145,daisy_mamil4_5_1em8,"{'x1': 0.427, 'x2': 0.23, 'x3': 0.611, 'x4': 0.492}","{'k01': 0.303, 'k12': 0.205, 'k13': 0.11, 'k14': 0.192, 'k21': 0.595, 'k31': 0.879, 'k41': 0.892}",-1.0,1.0,1001,daisy_mamil4,[],1e-08,False,False,iqm,,
729,145,daisy_mamil4_5_1em8,"{'x1': 0.427, 'x2': 0.23, 'x3': 0.611, 'x4': 0.492}","{'k01': 0.303, 'k12': 0.205, 'k13': 0.11, 'k14': 0.192, 'k21': 0.595, 'k31': 0.879, 'k41': 0.892}",-1.0,1.0,1001,daisy_mamil4,[],1e-08,True,True,amigo2,"[['k01', '3.0300e-01'], ['k12', '2.0500e-01'], ['k13', '1.3952e-01'], ['k14', '1.5414e-01'], ['k21', '5.9500e-01'], ['k31', '1.7792e+00'], ['k41', '0.0000e+00'], ['x1', '4.2700e-01'], ['x2', '2.3000e-01'], ['x3', '3.3008e-01'], ['x4', '7.7292e-01']]",316.16389298439026
730,146,daisy_mamil4_6_1em8,"{'x1': 0.633, 'x2': 0.514, 'x3': 0.439, 'x4': 0.544}","{'k01': 0.892, 'k12': 0.152, 'k13': 0.727, 'k14': 0.331, 'k21': 0.293, 'k31': 0.63, 'k41': 0.297}",-1.0,1.0,1001,daisy_mamil4,[],1e-08,False,False,pe,,
731,146,daisy_mamil4_6_1em8,"{'x1': 0.633, 'x2': 0.514, 'x3': 0.439, 'x4': 0.544}","{'k01': 0.892, 'k12': 0.152, 'k13': 0.727, 'k14': 0.331, 'k21': 0.293, 'k31': 0.63, 'k41': 0.297}",-1.0,1.0,1001,daisy_mamil4,[],1e-08,False,False,odepe,,
732,146,daisy_mamil4_6_1em8,"{'x1': 0.633, 'x2': 0.514, 'x3': 0.439, 'x4': 0.544}","{'k01': 0.892, 'k12': 0.152, 'k13': 0.727, 'k14': 0.331, 'k21': 0.293, 'k31': 0.63, 'k41': 0.297}",-1.0,1.0,1001,daisy_mamil4,[],1e-08,True,True,sciml,"[['k01', '0.8919994428115288'], ['k12', '0.15200422008917105'], ['k13', '2.404485308854192'], ['k14', '1.3359628036493676'], ['k21', '0.2930068035941946'], ['k31', '3.303041643138617e-9'], ['k41', '3.559600741093099'], ['x1', '0.6330307800119801'], ['x2', '0.5139995899869683'], ['x3', '0.7970412496057167'], ['x4', '0.18592813349277848']]",315.2625222206116
733,146,daisy_mamil4_6_1em8,"{'x1': 0.633, 'x2': 0.514, 'x3': 0.439, 'x4': 0.544}","{'k01': 0.892, 'k12': 0.152, 'k13': 0.727, 'k14': 0.331, 'k21': 0.293, 'k31': 0.63, 'k41': 0.297}",-1.0,1.0,1001,daisy_mamil4,[],1e-08,False,False,iqm,,
734,146,daisy_mamil4_6_1em8,"{'x1': 0.633, 'x2': 0.514, 'x3': 0.439, 'x4': 0.544}","{'k01': 0.892, 'k12': 0.152, 'k13': 0.727, 'k14': 0.331, 'k21': 0.293, 'k31': 0.63, 'k41': 0.297}",-1.0,1.0,1001,daisy_mamil4,[],1e-08,True,True,amigo2,"[['k01', '8.9200e-01'], ['k12', '1.5200e-01'], ['k13', '3.2848e-01'], ['k14', '7.2824e-01'], ['k21', '2.9300e-01'], ['k31', '2.9133e-01'], ['k41', '6.3441e-01'], ['x1', '6.3300e-01'], ['x2', '5.1400e-01'], ['x3', '5.4393e-01'], ['x4', '4.3907e-01']]",311.1555874347687
735,147,daisy_mamil4_7_1em8,"{'x1': 0.286, 'x2': 0.379, 'x3': 0.752, 'x4': 0.888}","{'k01': 0.33, 'k12': 0.665, 'k13': 0.432, 'k14': 0.388, 'k21': 0.763, 'k31': 0.84, 'k41': 0.137}",-1.0,1.0,1001,daisy_mamil4,[],1e-08,False,False,pe,,
736,147,daisy_mamil4_7_1em8,"{'x1': 0.286, 'x2': 0.379, 'x3': 0.752, 'x4': 0.888}","{'k01': 0.33, 'k12': 0.665, 'k13': 0.432, 'k14': 0.388, 'k21': 0.763, 'k31': 0.84, 'k41': 0.137}",-1.0,1.0,1001,daisy_mamil4,[],1e-08,False,False,odepe,,
737,147,daisy_mamil4_7_1em8,"{'x1': 0.286, 'x2': 0.379, 'x3': 0.752, 'x4': 0.888}","{'k01': 0.33, 'k12': 0.665, 'k13': 0.432, 'k14': 0.388, 'k21': 0.763, 'k31': 0.84, 'k41': 0.137}",-1.0,1.0,1001,daisy_mamil4,[],1e-08,True,True,sciml,"[['k01', '0.32999999933503826'], ['k12', '0.6650032845692432'], ['k13', '0.3663434283373912'], ['k14', '1.0955039574708196'], ['k21', '0.7630033805934154'], ['k31', '0.7799905471610717'], ['k41', '0.14615566909760697'], ['x1', '0.28600095042177176'], ['x2', '0.37900003413400374'], ['x3', '1.5658859229132644'], ['x4', '0.07411309248224086']]",267.2120621204376
738,147,daisy_mamil4_7_1em8,"{'x1': 0.286, 'x2': 0.379, 'x3': 0.752, 'x4': 0.888}","{'k01': 0.33, 'k12': 0.665, 'k13': 0.432, 'k14': 0.388, 'k21': 0.763, 'k31': 0.84, 'k41': 0.137}",-1.0,1.0,1001,daisy_mamil4,[],1e-08,False,False,iqm,,
739,147,daisy_mamil4_7_1em8,"{'x1': 0.286, 'x2': 0.379, 'x3': 0.752, 'x4': 0.888}","{'k01': 0.33, 'k12': 0.665, 'k13': 0.432, 'k14': 0.388, 'k21': 0.763, 'k31': 0.84, 'k41': 0.137}",-1.0,1.0,1001,daisy_mamil4,[],1e-08,True,True,amigo2,"[['k01', '3.3000e-01'], ['k12', '6.6500e-01'], ['k13', '4.4344e-01'], ['k14', '3.8455e-01'], ['k21', '7.6300e-01'], ['k31', '7.0214e-01'], ['k41', '2.7423e-01'], ['x1', '2.8600e-01'], ['x2', '3.7900e-01'], ['x3', '6.5483e-01'], ['x4', '9.8517e-01']]",301.786292552948
740,148,daisy_mamil4_8_1em8,"{'x1': 0.287, 'x2': 0.652, 'x3': 0.147, 'x4': 0.685}","{'k01': 0.875, 'k12': 0.824, 'k13': 0.337, 'k14': 0.894, 'k21': 0.3, 'k31': 0.185, 'k41': 0.861}",-1.0,1.0,1001,daisy_mamil4,[],1e-08,False,False,pe,,
741,148,daisy_mamil4_8_1em8,"{'x1': 0.287, 'x2': 0.652, 'x3': 0.147, 'x4': 0.685}","{'k01': 0.875, 'k12': 0.824, 'k13': 0.337, 'k14': 0.894, 'k21': 0.3, 'k31': 0.185, 'k41': 0.861}",-1.0,1.0,1001,daisy_mamil4,[],1e-08,False,False,odepe,,
742,148,daisy_mamil4_8_1em8,"{'x1': 0.287, 'x2': 0.652, 'x3': 0.147, 'x4': 0.685}","{'k01': 0.875, 'k12': 0.824, 'k13': 0.337, 'k14': 0.894, 'k21': 0.3, 'k31': 0.185, 'k41': 0.861}",-1.0,1.0,1001,daisy_mamil4,[],1e-08,True,True,sciml,"[['k01', '0.8750000013827327'], ['k12', '0.8240000071764125'], ['k13', '0.33731883940685925'], ['k14', '0.8945917448558085'], ['k21', '0.30000000752980926'], ['k31', '0.1854469915752837'], ['k41', '0.8603948511934657'], ['x1', '0.2869999810321176'], ['x2', '0.6520000001602206'], ['x3', '0.14789224180557847'], ['x4', '0.6841077773279919']]",307.3819000720978
743,148,daisy_mamil4_8_1em8,"{'x1': 0.287, 'x2': 0.652, 'x3': 0.147, 'x4': 0.685}","{'k01': 0.875, 'k12': 0.824, 'k13': 0.337, 'k14': 0.894, 'k21': 0.3, 'k31': 0.185, 'k41': 0.861}",-1.0,1.0,1001,daisy_mamil4,[],1e-08,False,False,iqm,,
744,148,daisy_mamil4_8_1em8,"{'x1': 0.287, 'x2': 0.652, 'x3': 0.147, 'x4': 0.685}","{'k01': 0.875, 'k12': 0.824, 'k13': 0.337, 'k14': 0.894, 'k21': 0.3, 'k31': 0.185, 'k41': 0.861}",-1.0,1.0,1001,daisy_mamil4,[],1e-08,True,True,amigo2,"[['k01', '8.7500e-01'], ['k12', '8.2400e-01'], ['k13', '3.3700e-01'], ['k14', '8.9400e-01'], ['k21', '3.0000e-01'], ['k31', '1.8500e-01'], ['k41', '8.6100e-01'], ['x1', '2.8700e-01'], ['x2', '6.5200e-01'], ['x3', '1.4700e-01'], ['x4', '6.8500e-01']]",296.6212868690491
745,149,daisy_mamil4_9_1em8,"{'x1': 0.459, 'x2': 0.344, 'x3': 0.771, 'x4': 0.29}","{'k01': 0.805, 'k12': 0.318, 'k13': 0.403, 'k14': 0.399, 'k21': 0.699, 'k31': 0.29, 'k41': 0.237}",-1.0,1.0,1001,daisy_mamil4,[],1e-08,False,False,pe,,
746,149,daisy_mamil4_9_1em8,"{'x1': 0.459, 'x2': 0.344, 'x3': 0.771, 'x4': 0.29}","{'k01': 0.805, 'k12': 0.318, 'k13': 0.403, 'k14': 0.399, 'k21': 0.699, 'k31': 0.29, 'k41': 0.237}",-1.0,1.0,1001,daisy_mamil4,[],1e-08,False,False,odepe,,
747,149,daisy_mamil4_9_1em8,"{'x1': 0.459, 'x2': 0.344, 'x3': 0.771, 'x4': 0.29}","{'k01': 0.805, 'k12': 0.318, 'k13': 0.403, 'k14': 0.399, 'k21': 0.699, 'k31': 0.29, 'k41': 0.237}",-1.0,1.0,1001,daisy_mamil4,[],1e-08,True,True,sciml,"[['k01', '0.8049999910974096'], ['k12', '0.31800009997728895'], ['k13', '0.40275925970311577'], ['k14', '66.11713048805426'], ['k21', '0.6990001456943262'], ['k31', '0.5297942790496756'], ['k41', '0.11313718041141789'], ['x1', '0.4590000591811985'], ['x2', '0.34399999336081916'], ['x3', '1.0602040866164797'], ['x4', '0.0007958587932040765']]",196.42038297653198
748,149,daisy_mamil4_9_1em8,"{'x1': 0.459, 'x2': 0.344, 'x3': 0.771, 'x4': 0.29}","{'k01': 0.805, 'k12': 0.318, 'k13': 0.403, 'k14': 0.399, 'k21': 0.699, 'k31': 0.29, 'k41': 0.237}",-1.0,1.0,1001,daisy_mamil4,[],1e-08,False,False,iqm,,
749,149,daisy_mamil4_9_1em8,"{'x1': 0.459, 'x2': 0.344, 'x3': 0.771, 'x4': 0.29}","{'k01': 0.805, 'k12': 0.318, 'k13': 0.403, 'k14': 0.399, 'k21': 0.699, 'k31': 0.29, 'k41': 0.237}",-1.0,1.0,1001,daisy_mamil4,[],1e-08,True,True,amigo2,"[['k01', '8.0500e-01'], ['k12', '3.1800e-01'], ['k13', '4.0276e-01'], ['k14', '2.2296e+00'], ['k21', '6.9900e-01'], ['k31', '5.3022e-01'], ['k41', '0.0000e+00'], ['x1', '4.5900e-01'], ['x2', '3.4400e-01'], ['x3', '1.0607e+00'], ['x4', '3.1726e-04']]",289.73731112480164
750,150,fitzhugh_nagumo_0_1em8,"{'VV': 0.794, 'R': 0.852}","{'g': 0.502, 'a': 0.854, 'b': 0.607}",-1.0,1.0,1001,fitzhugh_nagumo,[],1e-08,False,False,pe,,
751,150,fitzhugh_nagumo_0_1em8,"{'VV': 0.794, 'R': 0.852}","{'g': 0.502, 'a': 0.854, 'b': 0.607}",-1.0,1.0,1001,fitzhugh_nagumo,[],1e-08,False,False,odepe,,
752,150,fitzhugh_nagumo_0_1em8,"{'VV': 0.794, 'R': 0.852}","{'g': 0.502, 'a': 0.854, 'b': 0.607}",-1.0,1.0,1001,fitzhugh_nagumo,[],1e-08,True,True,sciml,"[['g', '0.5019999606744697'], ['a', '0.8540000187423555'], ['b', '0.6069999228193947'], ['VV', '0.7939999996382467'], ['R', '0.8520001271463025']]",145.66066908836365
753,150,fitzhugh_nagumo_0_1em8,"{'VV': 0.794, 'R': 0.852}","{'g': 0.502, 'a': 0.854, 'b': 0.607}",-1.0,1.0,1001,fitzhugh_nagumo,[],1e-08,False,False,iqm,,
754,150,fitzhugh_nagumo_0_1em8,"{'VV': 0.794, 'R': 0.852}","{'g': 0.502, 'a': 0.854, 'b': 0.607}",-1.0,1.0,1001,fitzhugh_nagumo,[],1e-08,True,True,amigo2,"[['g', '5.0200e-01'], ['a', '8.5400e-01'], ['b', '6.0700e-01'], ['VV', '7.9400e-01'], ['R', '8.5200e-01']]",236.13503742218018
755,151,fitzhugh_nagumo_1_1em8,"{'VV': 0.896, 'R': 0.461}","{'g': 0.701, 'a': 0.66, 'b': 0.874}",-1.0,1.0,1001,fitzhugh_nagumo,[],1e-08,False,False,pe,,
756,151,fitzhugh_nagumo_1_1em8,"{'VV': 0.896, 'R': 0.461}","{'g': 0.701, 'a': 0.66, 'b': 0.874}",-1.0,1.0,1001,fitzhugh_nagumo,[],1e-08,False,False,odepe,,
757,151,fitzhugh_nagumo_1_1em8,"{'VV': 0.896, 'R': 0.461}","{'g': 0.701, 'a': 0.66, 'b': 0.874}",-1.0,1.0,1001,fitzhugh_nagumo,[],1e-08,True,True,sciml,"[['g', '0.7009999728270484'], ['a', '0.6600000273173487'], ['b', '0.8739999460373864'], ['VV', '0.8959999990812508'], ['R', '0.4610000484600175']]",155.2828631401062
758,151,fitzhugh_nagumo_1_1em8,"{'VV': 0.896, 'R': 0.461}","{'g': 0.701, 'a': 0.66, 'b': 0.874}",-1.0,1.0,1001,fitzhugh_nagumo,[],1e-08,False,False,iqm,,
759,151,fitzhugh_nagumo_1_1em8,"{'VV': 0.896, 'R': 0.461}","{'g': 0.701, 'a': 0.66, 'b': 0.874}",-1.0,1.0,1001,fitzhugh_nagumo,[],1e-08,True,True,amigo2,"[['g', '7.0100e-01'], ['a', '6.6000e-01'], ['b', '8.7400e-01'], ['VV', '8.9600e-01'], ['R', '4.6100e-01']]",287.15008187294006
760,152,fitzhugh_nagumo_2_1em8,"{'VV': 0.434, 'R': 0.205}","{'g': 0.157, 'a': 0.334, 'b': 0.222}",-1.0,1.0,1001,fitzhugh_nagumo,[],1e-08,False,False,pe,,
761,152,fitzhugh_nagumo_2_1em8,"{'VV': 0.434, 'R': 0.205}","{'g': 0.157, 'a': 0.334, 'b': 0.222}",-1.0,1.0,1001,fitzhugh_nagumo,[],1e-08,False,False,odepe,,
762,152,fitzhugh_nagumo_2_1em8,"{'VV': 0.434, 'R': 0.205}","{'g': 0.157, 'a': 0.334, 'b': 0.222}",-1.0,1.0,1001,fitzhugh_nagumo,[],1e-08,True,True,sciml,"[['g', '72.41412590559007'], ['a', '22.102179000384336'], ['b', '5.822150706110081'], ['VV', '0.0026829618865237895'], ['R', '0.0015338954331997102']]",142.38530707359314
763,152,fitzhugh_nagumo_2_1em8,"{'VV': 0.434, 'R': 0.205}","{'g': 0.157, 'a': 0.334, 'b': 0.222}",-1.0,1.0,1001,fitzhugh_nagumo,[],1e-08,False,False,iqm,,
764,152,fitzhugh_nagumo_2_1em8,"{'VV': 0.434, 'R': 0.205}","{'g': 0.157, 'a': 0.334, 'b': 0.222}",-1.0,1.0,1001,fitzhugh_nagumo,[],1e-08,True,True,amigo2,"[['g', '1.5700e-01'], ['a', '3.3400e-01'], ['b', '2.2200e-01'], ['VV', '4.3400e-01'], ['R', '2.0500e-01']]",290.5575120449066
765,153,fitzhugh_nagumo_3_1em8,"{'VV': 0.874, 'R': 0.538}","{'g': 0.583, 'a': 0.406, 'b': 0.816}",-1.0,1.0,1001,fitzhugh_nagumo,[],1e-08,False,False,pe,,
766,153,fitzhugh_nagumo_3_1em8,"{'VV': 0.874, 'R': 0.538}","{'g': 0.583, 'a': 0.406, 'b': 0.816}",-1.0,1.0,1001,fitzhugh_nagumo,[],1e-08,False,False,odepe,,
767,153,fitzhugh_nagumo_3_1em8,"{'VV': 0.874, 'R': 0.538}","{'g': 0.583, 'a': 0.406, 'b': 0.816}",-1.0,1.0,1001,fitzhugh_nagumo,[],1e-08,True,True,sciml,"[['g', '0.5830000260916752'], ['a', '0.40599994511309734'], ['b', '0.8160000533726998'], ['VV', '0.8740000016630065'], ['R', '0.537999920270941']]",142.01133847236633
768,153,fitzhugh_nagumo_3_1em8,"{'VV': 0.874, 'R': 0.538}","{'g': 0.583, 'a': 0.406, 'b': 0.816}",-1.0,1.0,1001,fitzhugh_nagumo,[],1e-08,False,False,iqm,,
769,153,fitzhugh_nagumo_3_1em8,"{'VV': 0.874, 'R': 0.538}","{'g': 0.583, 'a': 0.406, 'b': 0.816}",-1.0,1.0,1001,fitzhugh_nagumo,[],1e-08,True,True,amigo2,"[['g', '5.8300e-01'], ['a', '4.0600e-01'], ['b', '8.1600e-01'], ['VV', '8.7400e-01'], ['R', '5.3800e-01']]",291.16233348846436
770,154,fitzhugh_nagumo_4_1em8,"{'VV': 0.425, 'R': 0.542}","{'g': 0.32, 'a': 0.574, 'b': 0.817}",-1.0,1.0,1001,fitzhugh_nagumo,[],1e-08,False,False,pe,,
771,154,fitzhugh_nagumo_4_1em8,"{'VV': 0.425, 'R': 0.542}","{'g': 0.32, 'a': 0.574, 'b': 0.817}",-1.0,1.0,1001,fitzhugh_nagumo,[],1e-08,False,False,odepe,,
772,154,fitzhugh_nagumo_4_1em8,"{'VV': 0.425, 'R': 0.542}","{'g': 0.32, 'a': 0.574, 'b': 0.817}",-1.0,1.0,1001,fitzhugh_nagumo,[],1e-08,True,True,sciml,"[['g', '0.32000001909369585'], ['a', '0.5740000398876449'], ['b', '0.8170000687114938'], ['VV', '0.4249999974105242'], ['R', '0.5419999799140954']]",158.60578322410583
773,154,fitzhugh_nagumo_4_1em8,"{'VV': 0.425, 'R': 0.542}","{'g': 0.32, 'a': 0.574, 'b': 0.817}",-1.0,1.0,1001,fitzhugh_nagumo,[],1e-08,False,False,iqm,,
774,154,fitzhugh_nagumo_4_1em8,"{'VV': 0.425, 'R': 0.542}","{'g': 0.32, 'a': 0.574, 'b': 0.817}",-1.0,1.0,1001,fitzhugh_nagumo,[],1e-08,True,True,amigo2,"[['g', '3.2000e-01'], ['a', '5.7400e-01'], ['b', '8.1700e-01'], ['VV', '4.2500e-01'], ['R', '5.4200e-01']]",247.35985016822815
775,155,fitzhugh_nagumo_5_1em8,"{'VV': 0.299, 'R': 0.505}","{'g': 0.317, 'a': 0.464, 'b': 0.421}",-1.0,1.0,1001,fitzhugh_nagumo,[],1e-08,False,False,pe,,
776,155,fitzhugh_nagumo_5_1em8,"{'VV': 0.299, 'R': 0.505}","{'g': 0.317, 'a': 0.464, 'b': 0.421}",-1.0,1.0,1001,fitzhugh_nagumo,[],1e-08,False,False,odepe,,
777,155,fitzhugh_nagumo_5_1em8,"{'VV': 0.299, 'R': 0.505}","{'g': 0.317, 'a': 0.464, 'b': 0.421}",-1.0,1.0,1001,fitzhugh_nagumo,[],1e-08,True,True,sciml,"[['g', '0.3169999664904248'], ['a', '0.46399999598875424'], ['b', '0.4209999424900434'], ['VV', '0.2990000005955431'], ['R', '0.505000079389452']]",168.68114137649536
778,155,fitzhugh_nagumo_5_1em8,"{'VV': 0.299, 'R': 0.505}","{'g': 0.317, 'a': 0.464, 'b': 0.421}",-1.0,1.0,1001,fitzhugh_nagumo,[],1e-08,False,False,iqm,,
779,155,fitzhugh_nagumo_5_1em8,"{'VV': 0.299, 'R': 0.505}","{'g': 0.317, 'a': 0.464, 'b': 0.421}",-1.0,1.0,1001,fitzhugh_nagumo,[],1e-08,True,True,amigo2,"[['g', '3.1700e-01'], ['a', '4.6400e-01'], ['b', '4.2100e-01'], ['VV', '2.9900e-01'], ['R', '5.0500e-01']]",276.9453864097595
780,156,fitzhugh_nagumo_6_1em8,"{'VV': 0.7, 'R': 0.367}","{'g': 0.348, 'a': 0.398, 'b': 0.52}",-1.0,1.0,1001,fitzhugh_nagumo,[],1e-08,False,False,pe,,
781,156,fitzhugh_nagumo_6_1em8,"{'VV': 0.7, 'R': 0.367}","{'g': 0.348, 'a': 0.398, 'b': 0.52}",-1.0,1.0,1001,fitzhugh_nagumo,[],1e-08,False,False,odepe,,
782,156,fitzhugh_nagumo_6_1em8,"{'VV': 0.7, 'R': 0.367}","{'g': 0.348, 'a': 0.398, 'b': 0.52}",-1.0,1.0,1001,fitzhugh_nagumo,[],1e-08,True,True,sciml,"[['g', '0.34799998800096915'], ['a', '0.3979999855009899'], ['b', '0.5199999685707895'], ['VV', '0.7000000002224799'], ['R', '0.3670000220552668']]",152.67421674728394
783,156,fitzhugh_nagumo_6_1em8,"{'VV': 0.7, 'R': 0.367}","{'g': 0.348, 'a': 0.398, 'b': 0.52}",-1.0,1.0,1001,fitzhugh_nagumo,[],1e-08,False,False,iqm,,
784,156,fitzhugh_nagumo_6_1em8,"{'VV': 0.7, 'R': 0.367}","{'g': 0.348, 'a': 0.398, 'b': 0.52}",-1.0,1.0,1001,fitzhugh_nagumo,[],1e-08,True,True,amigo2,"[['g', '3.4800e-01'], ['a', '3.9800e-01'], ['b', '5.2000e-01'], ['VV', '7.0000e-01'], ['R', '3.6700e-01']]",299.8369069099426
785,157,fitzhugh_nagumo_7_1em8,"{'VV': 0.303, 'R': 0.457}","{'g': 0.839, 'a': 0.79, 'b': 0.139}",-1.0,1.0,1001,fitzhugh_nagumo,[],1e-08,False,False,pe,,
786,157,fitzhugh_nagumo_7_1em8,"{'VV': 0.303, 'R': 0.457}","{'g': 0.839, 'a': 0.79, 'b': 0.139}",-1.0,1.0,1001,fitzhugh_nagumo,[],1e-08,False,False,odepe,,
787,157,fitzhugh_nagumo_7_1em8,"{'VV': 0.303, 'R': 0.457}","{'g': 0.839, 'a': 0.79, 'b': 0.139}",-1.0,1.0,1001,fitzhugh_nagumo,[],1e-08,True,True,sciml,"[['g', '99.85230353937622'], ['a', '19.284965515199552'], ['b', '63.287203388752744'], ['VV', '0.0008287113421730427'], ['R', '0.0011104987522552517']]",133.6463487148285
788,157,fitzhugh_nagumo_7_1em8,"{'VV': 0.303, 'R': 0.457}","{'g': 0.839, 'a': 0.79, 'b': 0.139}",-1.0,1.0,1001,fitzhugh_nagumo,[],1e-08,False,False,iqm,,
789,157,fitzhugh_nagumo_7_1em8,"{'VV': 0.303, 'R': 0.457}","{'g': 0.839, 'a': 0.79, 'b': 0.139}",-1.0,1.0,1001,fitzhugh_nagumo,[],1e-08,True,True,amigo2,"[['g', '8.3900e-01'], ['a', '7.9000e-01'], ['b', '1.3900e-01'], ['VV', '3.0300e-01'], ['R', '4.5700e-01']]",286.24456548690796
790,158,fitzhugh_nagumo_8_1em8,"{'VV': 0.644, 'R': 0.598}","{'g': 0.184, 'a': 0.379, 'b': 0.692}",-1.0,1.0,1001,fitzhugh_nagumo,[],1e-08,False,False,pe,,
791,158,fitzhugh_nagumo_8_1em8,"{'VV': 0.644, 'R': 0.598}","{'g': 0.184, 'a': 0.379, 'b': 0.692}",-1.0,1.0,1001,fitzhugh_nagumo,[],1e-08,False,False,odepe,,
792,158,fitzhugh_nagumo_8_1em8,"{'VV': 0.644, 'R': 0.598}","{'g': 0.184, 'a': 0.379, 'b': 0.692}",-1.0,1.0,1001,fitzhugh_nagumo,[],1e-08,True,True,sciml,"[['g', '30.579773732444885'], ['a', '99.99999999999999'], ['b', '99.99012699163413'], ['VV', '0.08976414135153099'], ['R', '4.930875197533399']]",2484.8545467853546
793,158,fitzhugh_nagumo_8_1em8,"{'VV': 0.644, 'R': 0.598}","{'g': 0.184, 'a': 0.379, 'b': 0.692}",-1.0,1.0,1001,fitzhugh_nagumo,[],1e-08,False,False,iqm,,
794,158,fitzhugh_nagumo_8_1em8,"{'VV': 0.644, 'R': 0.598}","{'g': 0.184, 'a': 0.379, 'b': 0.692}",-1.0,1.0,1001,fitzhugh_nagumo,[],1e-08,True,True,amigo2,"[['g', '1.8400e-01'], ['a', '3.7900e-01'], ['b', '6.9200e-01'], ['VV', '6.4400e-01'], ['R', '5.9800e-01']]",202.81173276901245
795,159,fitzhugh_nagumo_9_1em8,"{'VV': 0.641, 'R': 0.803}","{'g': 0.668, 'a': 0.264, 'b': 0.373}",-1.0,1.0,1001,fitzhugh_nagumo,[],1e-08,False,False,pe,,
796,159,fitzhugh_nagumo_9_1em8,"{'VV': 0.641, 'R': 0.803}","{'g': 0.668, 'a': 0.264, 'b': 0.373}",-1.0,1.0,1001,fitzhugh_nagumo,[],1e-08,False,False,odepe,,
797,159,fitzhugh_nagumo_9_1em8,"{'VV': 0.641, 'R': 0.803}","{'g': 0.668, 'a': 0.264, 'b': 0.373}",-1.0,1.0,1001,fitzhugh_nagumo,[],1e-08,False,False,sciml,,
798,159,fitzhugh_nagumo_9_1em8,"{'VV': 0.641, 'R': 0.803}","{'g': 0.668, 'a': 0.264, 'b': 0.373}",-1.0,1.0,1001,fitzhugh_nagumo,[],1e-08,False,False,iqm,,
799,159,fitzhugh_nagumo_9_1em8,"{'VV': 0.641, 'R': 0.803}","{'g': 0.668, 'a': 0.264, 'b': 0.373}",-1.0,1.0,1001,fitzhugh_nagumo,[],1e-08,True,True,amigo2,"[['g', '6.6800e-01'], ['a', '2.6400e-01'], ['b', '3.7300e-01'], ['VV', '6.4100e-01'], ['R', '8.0300e-01']]",288.8722505569458
800,160,harmonic_0_1em8,"{'x1': 0.124, 'x2': 0.668}","{'a': 0.535, 'b': 0.326}",-1.0,1.0,1001,harmonic,[],1e-08,False,False,pe,,
801,160,harmonic_0_1em8,"{'x1': 0.124, 'x2': 0.668}","{'a': 0.535, 'b': 0.326}",-1.0,1.0,1001,harmonic,[],1e-08,False,False,odepe,,
802,160,harmonic_0_1em8,"{'x1': 0.124, 'x2': 0.668}","{'a': 0.535, 'b': 0.326}",-1.0,1.0,1001,harmonic,[],1e-08,True,True,sciml,"[['a', '0.5349999996848215'], ['b', '0.32600000000985774'], ['x1', '0.12399999979759153'], ['x2', '0.6680000003263175']]",129.5208296775818
803,160,harmonic_0_1em8,"{'x1': 0.124, 'x2': 0.668}","{'a': 0.535, 'b': 0.326}",-1.0,1.0,1001,harmonic,[],1e-08,False,False,iqm,,
804,160,harmonic_0_1em8,"{'x1': 0.124, 'x2': 0.668}","{'a': 0.535, 'b': 0.326}",-1.0,1.0,1001,harmonic,[],1e-08,True,True,amigo2,"[['a', '5.3500e-01'], ['b', '3.2600e-01'], ['x1', '1.2400e-01'], ['x2', '6.6800e-01']]",1070.9934504032135
805,161,harmonic_1_1em8,"{'x1': 0.524, 'x2': 0.838}","{'a': 0.106, 'b': 0.398}",-1.0,1.0,1001,harmonic,[],1e-08,False,False,pe,,
806,161,harmonic_1_1em8,"{'x1': 0.524, 'x2': 0.838}","{'a': 0.106, 'b': 0.398}",-1.0,1.0,1001,harmonic,[],1e-08,False,False,odepe,,
807,161,harmonic_1_1em8,"{'x1': 0.524, 'x2': 0.838}","{'a': 0.106, 'b': 0.398}",-1.0,1.0,1001,harmonic,[],1e-08,True,True,sciml,"[['a', '0.10600000073273208'], ['b', '0.3980000004697521'], ['x1', '0.5240000007721907'], ['x2', '0.837999999996316']]",139.6890890598297
808,161,harmonic_1_1em8,"{'x1': 0.524, 'x2': 0.838}","{'a': 0.106, 'b': 0.398}",-1.0,1.0,1001,harmonic,[],1e-08,False,False,iqm,,
809,161,harmonic_1_1em8,"{'x1': 0.524, 'x2': 0.838}","{'a': 0.106, 'b': 0.398}",-1.0,1.0,1001,harmonic,[],1e-08,True,True,amigo2,"[['a', '1.0600e-01'], ['b', '3.9800e-01'], ['x1', '5.2400e-01'], ['x2', '8.3800e-01']]",728.1952908039093
810,162,harmonic_2_1em8,"{'x1': 0.119, 'x2': 0.374}","{'a': 0.172, 'b': 0.425}",-1.0,1.0,1001,harmonic,[],1e-08,False,False,pe,,
811,162,harmonic_2_1em8,"{'x1': 0.119, 'x2': 0.374}","{'a': 0.172, 'b': 0.425}",-1.0,1.0,1001,harmonic,[],1e-08,False,False,odepe,,
812,162,harmonic_2_1em8,"{'x1': 0.119, 'x2': 0.374}","{'a': 0.172, 'b': 0.425}",-1.0,1.0,1001,harmonic,[],1e-08,True,True,sciml,"[['a', '0.17200000004947352'], ['b', '0.4249999991189635'], ['x1', '0.11900000008036148'], ['x2', '0.37399999974397025']]",135.65409588813782
813,162,harmonic_2_1em8,"{'x1': 0.119, 'x2': 0.374}","{'a': 0.172, 'b': 0.425}",-1.0,1.0,1001,harmonic,[],1e-08,False,False,iqm,,
814,162,harmonic_2_1em8,"{'x1': 0.119, 'x2': 0.374}","{'a': 0.172, 'b': 0.425}",-1.0,1.0,1001,harmonic,[],1e-08,True,True,amigo2,"[['a', '1.7200e-01'], ['b', '4.2500e-01'], ['x1', '1.1900e-01'], ['x2', '3.7400e-01']]",877.7184789180756
815,163,harmonic_3_1em8,"{'x1': 0.268, 'x2': 0.193}","{'a': 0.598, 'b': 0.323}",-1.0,1.0,1001,harmonic,[],1e-08,False,False,pe,,
816,163,harmonic_3_1em8,"{'x1': 0.268, 'x2': 0.193}","{'a': 0.598, 'b': 0.323}",-1.0,1.0,1001,harmonic,[],1e-08,False,False,odepe,,
817,163,harmonic_3_1em8,"{'x1': 0.268, 'x2': 0.193}","{'a': 0.598, 'b': 0.323}",-1.0,1.0,1001,harmonic,[],1e-08,True,True,sciml,"[['a', '15.206972267829242'], ['b', '0.06962229672126598'], ['x1', '0.01901974094525141'], ['x2', '6.8125266194296915e-15']]",138.658123254776
818,163,harmonic_3_1em8,"{'x1': 0.268, 'x2': 0.193}","{'a': 0.598, 'b': 0.323}",-1.0,1.0,1001,harmonic,[],1e-08,False,False,iqm,,
819,163,harmonic_3_1em8,"{'x1': 0.268, 'x2': 0.193}","{'a': 0.598, 'b': 0.323}",-1.0,1.0,1001,harmonic,[],1e-08,True,True,amigo2,"[['a', '5.9800e-01'], ['b', '3.2300e-01'], ['x1', '2.6800e-01'], ['x2', '1.9300e-01']]",1058.8082690238953
820,164,harmonic_4_1em8,"{'x1': 0.638, 'x2': 0.859}","{'a': 0.562, 'b': 0.656}",-1.0,1.0,1001,harmonic,[],1e-08,False,False,pe,,
821,164,harmonic_4_1em8,"{'x1': 0.638, 'x2': 0.859}","{'a': 0.562, 'b': 0.656}",-1.0,1.0,1001,harmonic,[],1e-08,False,False,odepe,,
822,164,harmonic_4_1em8,"{'x1': 0.638, 'x2': 0.859}","{'a': 0.562, 'b': 0.656}",-1.0,1.0,1001,harmonic,[],1e-08,True,True,sciml,"[['a', '0.5620000001100466'], ['b', '0.6560000008300644'], ['x1', '0.6379999999487137'], ['x2', '0.859000000336445']]",130.53315615653992
823,164,harmonic_4_1em8,"{'x1': 0.638, 'x2': 0.859}","{'a': 0.562, 'b': 0.656}",-1.0,1.0,1001,harmonic,[],1e-08,False,False,iqm,,
824,164,harmonic_4_1em8,"{'x1': 0.638, 'x2': 0.859}","{'a': 0.562, 'b': 0.656}",-1.0,1.0,1001,harmonic,[],1e-08,True,True,amigo2,"[['a', '5.6200e-01'], ['b', '6.5600e-01'], ['x1', '6.3800e-01'], ['x2', '8.5900e-01']]",361.65821528434753
825,165,harmonic_5_1em8,"{'x1': 0.58, 'x2': 0.571}","{'a': 0.102, 'b': 0.618}",-1.0,1.0,1001,harmonic,[],1e-08,False,False,pe,,
826,165,harmonic_5_1em8,"{'x1': 0.58, 'x2': 0.571}","{'a': 0.102, 'b': 0.618}",-1.0,1.0,1001,harmonic,[],1e-08,False,False,odepe,,
827,165,harmonic_5_1em8,"{'x1': 0.58, 'x2': 0.571}","{'a': 0.102, 'b': 0.618}",-1.0,1.0,1001,harmonic,[],1e-08,True,True,sciml,"[['a', '0.10200000060234153'], ['b', '0.6180000009046296'], ['x1', '0.5800000006127382'], ['x2', '0.5710000005634646']]",133.8307876586914
828,165,harmonic_5_1em8,"{'x1': 0.58, 'x2': 0.571}","{'a': 0.102, 'b': 0.618}",-1.0,1.0,1001,harmonic,[],1e-08,False,False,iqm,,
829,165,harmonic_5_1em8,"{'x1': 0.58, 'x2': 0.571}","{'a': 0.102, 'b': 0.618}",-1.0,1.0,1001,harmonic,[],1e-08,True,True,amigo2,"[['a', '1.0200e-01'], ['b', '6.1800e-01'], ['x1', '5.8000e-01'], ['x2', '5.7100e-01']]",1017.4192469120026
830,166,harmonic_6_1em8,"{'x1': 0.657, 'x2': 0.751}","{'a': 0.87, 'b': 0.113}",-1.0,1.0,1001,harmonic,[],1e-08,False,False,pe,,
831,166,harmonic_6_1em8,"{'x1': 0.657, 'x2': 0.751}","{'a': 0.87, 'b': 0.113}",-1.0,1.0,1001,harmonic,[],1e-08,False,False,odepe,,
832,166,harmonic_6_1em8,"{'x1': 0.657, 'x2': 0.751}","{'a': 0.87, 'b': 0.113}",-1.0,1.0,1001,harmonic,[],1e-08,True,True,sciml,"[['a', '1.8807575837605681'], ['b', '0.04289127652904338'], ['x1', '0.10516451667877989'], ['x2', '1.1946614523778334e-12']]",135.6015248298645
833,166,harmonic_6_1em8,"{'x1': 0.657, 'x2': 0.751}","{'a': 0.87, 'b': 0.113}",-1.0,1.0,1001,harmonic,[],1e-08,False,False,iqm,,
834,166,harmonic_6_1em8,"{'x1': 0.657, 'x2': 0.751}","{'a': 0.87, 'b': 0.113}",-1.0,1.0,1001,harmonic,[],1e-08,True,True,amigo2,"[['a', '8.7000e-01'], ['b', '1.1300e-01'], ['x1', '6.5700e-01'], ['x2', '7.5100e-01']]",675.4147789478302
835,167,harmonic_7_1em8,"{'x1': 0.733, 'x2': 0.178}","{'a': 0.508, 'b': 0.367}",-1.0,1.0,1001,harmonic,[],1e-08,False,False,pe,,
836,167,harmonic_7_1em8,"{'x1': 0.733, 'x2': 0.178}","{'a': 0.508, 'b': 0.367}",-1.0,1.0,1001,harmonic,[],1e-08,False,False,odepe,,
837,167,harmonic_7_1em8,"{'x1': 0.733, 'x2': 0.178}","{'a': 0.508, 'b': 0.367}",-1.0,1.0,1001,harmonic,[],1e-08,True,True,sciml,"[['a', '0.5080000001000781'], ['b', '0.3669999999098834'], ['x1', '0.7329999999461777'], ['x2', '0.17800000014500914']]",144.5754554271698
838,167,harmonic_7_1em8,"{'x1': 0.733, 'x2': 0.178}","{'a': 0.508, 'b': 0.367}",-1.0,1.0,1001,harmonic,[],1e-08,False,False,iqm,,
839,167,harmonic_7_1em8,"{'x1': 0.733, 'x2': 0.178}","{'a': 0.508, 'b': 0.367}",-1.0,1.0,1001,harmonic,[],1e-08,True,True,amigo2,"[['a', '5.0800e-01'], ['b', '3.6700e-01'], ['x1', '7.3300e-01'], ['x2', '1.7800e-01']]",726.4652259349823
840,168,harmonic_8_1em8,"{'x1': 0.655, 'x2': 0.173}","{'a': 0.454, 'b': 0.516}",-1.0,1.0,1001,harmonic,[],1e-08,False,False,pe,,
841,168,harmonic_8_1em8,"{'x1': 0.655, 'x2': 0.173}","{'a': 0.454, 'b': 0.516}",-1.0,1.0,1001,harmonic,[],1e-08,False,False,odepe,,
842,168,harmonic_8_1em8,"{'x1': 0.655, 'x2': 0.173}","{'a': 0.454, 'b': 0.516}",-1.0,1.0,1001,harmonic,[],1e-08,True,True,sciml,"[['a', '0.454000000144142'], ['b', '0.5160000001770938'], ['x1', '0.6549999999744937'], ['x2', '0.17299999982464004']]",134.9414873123169
843,168,harmonic_8_1em8,"{'x1': 0.655, 'x2': 0.173}","{'a': 0.454, 'b': 0.516}",-1.0,1.0,1001,harmonic,[],1e-08,False,False,iqm,,
844,168,harmonic_8_1em8,"{'x1': 0.655, 'x2': 0.173}","{'a': 0.454, 'b': 0.516}",-1.0,1.0,1001,harmonic,[],1e-08,True,True,amigo2,"[['a', '4.5400e-01'], ['b', '5.1600e-01'], ['x1', '6.5500e-01'], ['x2', '1.7300e-01']]",738.4559304714203
845,169,harmonic_9_1em8,"{'x1': 0.599, 'x2': 0.81}","{'a': 0.282, 'b': 0.428}",-1.0,1.0,1001,harmonic,[],1e-08,False,False,pe,,
846,169,harmonic_9_1em8,"{'x1': 0.599, 'x2': 0.81}","{'a': 0.282, 'b': 0.428}",-1.0,1.0,1001,harmonic,[],1e-08,False,False,odepe,,
847,169,harmonic_9_1em8,"{'x1': 0.599, 'x2': 0.81}","{'a': 0.282, 'b': 0.428}",-1.0,1.0,1001,harmonic,[],1e-08,True,True,sciml,"[['a', '0.28199999959577327'], ['b', '0.42799999939192684'], ['x1', '0.5989999992321222'], ['x2', '0.8099999997081635']]",134.34856724739075
848,169,harmonic_9_1em8,"{'x1': 0.599, 'x2': 0.81}","{'a': 0.282, 'b': 0.428}",-1.0,1.0,1001,harmonic,[],1e-08,False,False,iqm,,
849,169,harmonic_9_1em8,"{'x1': 0.599, 'x2': 0.81}","{'a': 0.282, 'b': 0.428}",-1.0,1.0,1001,harmonic,[],1e-08,True,True,amigo2,"[['a', '2.8200e-01'], ['b', '4.2800e-01'], ['x1', '5.9900e-01'], ['x2', '8.1000e-01']]",777.8773045539856
850,170,hiv_0_1em8,"{'x': 0.836, 'yy': 0.129, 'vv': 0.24, 'w': 0.411, 'z': 0.862}","{'lm': 0.595, 'd': 0.207, 'beta': 0.884, 'a': 0.797, 'k': 0.502, 'uu': 0.838, 'c': 0.533, 'q': 0.839, 'b': 0.764, 'h': 0.875}",-1.0,1.0,1001,hiv,[],1e-08,False,False,pe,,
851,170,hiv_0_1em8,"{'x': 0.836, 'yy': 0.129, 'vv': 0.24, 'w': 0.411, 'z': 0.862}","{'lm': 0.595, 'd': 0.207, 'beta': 0.884, 'a': 0.797, 'k': 0.502, 'uu': 0.838, 'c': 0.533, 'q': 0.839, 'b': 0.764, 'h': 0.875}",-1.0,1.0,1001,hiv,[],1e-08,False,False,odepe,,
852,170,hiv_0_1em8,"{'x': 0.836, 'yy': 0.129, 'vv': 0.24, 'w': 0.411, 'z': 0.862}","{'lm': 0.595, 'd': 0.207, 'beta': 0.884, 'a': 0.797, 'k': 0.502, 'uu': 0.838, 'c': 0.533, 'q': 0.839, 'b': 0.764, 'h': 0.875}",-1.0,1.0,1001,hiv,[],1e-08,True,True,sciml,"[['lm', '9.345043959557476'], ['d', '5.849779477497696'], ['beta', '16.183067548025065'], ['a', '56.978208407686694'], ['k', '34.29391140058349'], ['uu', '19.72176557135663'], ['c', '93.88172376106453'], ['q', '72.08922707660541'], ['b', '48.25906903816954'], ['h', '99.90938947331283'], ['x', '94.67029728488872'], ['yy', '20.513828598321037'], ['vv', '3.5742260118227454'], ['w', '48.582169117487794'], ['z', '89.38567587987387']]",128.50324749946594
853,170,hiv_0_1em8,"{'x': 0.836, 'yy': 0.129, 'vv': 0.24, 'w': 0.411, 'z': 0.862}","{'lm': 0.595, 'd': 0.207, 'beta': 0.884, 'a': 0.797, 'k': 0.502, 'uu': 0.838, 'c': 0.533, 'q': 0.839, 'b': 0.764, 'h': 0.875}",-1.0,1.0,1001,hiv,[],1e-08,False,False,iqm,,
854,170,hiv_0_1em8,"{'x': 0.836, 'yy': 0.129, 'vv': 0.24, 'w': 0.411, 'z': 0.862}","{'lm': 0.595, 'd': 0.207, 'beta': 0.884, 'a': 0.797, 'k': 0.502, 'uu': 0.838, 'c': 0.533, 'q': 0.839, 'b': 0.764, 'h': 0.875}",-1.0,1.0,1001,hiv,[],1e-08,True,True,amigo2,"[['lm', '5.9500e-01'], ['d', '2.0700e-01'], ['beta', '8.8400e-01'], ['a', '7.9700e-01'], ['k', '5.0200e-01'], ['uu', '8.3800e-01'], ['c', '5.3300e-01'], ['q', '8.3900e-01'], ['b', '7.6400e-01'], ['h', '8.7500e-01'], ['x', '8.3600e-01'], ['yy', '1.2900e-01'], ['vv', '2.4000e-01'], ['w', '4.1100e-01'], ['z', '8.6200e-01']]",309.436772108078
855,171,hiv_1_1em8,"{'x': 0.298, 'yy': 0.132, 'vv': 0.148, 'w': 0.149, 'z': 0.826}","{'lm': 0.34, 'd': 0.228, 'beta': 0.809, 'a': 0.457, 'k': 0.826, 'uu': 0.228, 'c': 0.629, 'q': 0.452, 'b': 0.161, 'h': 0.657}",-1.0,1.0,1001,hiv,[],1e-08,False,False,pe,,
856,171,hiv_1_1em8,"{'x': 0.298, 'yy': 0.132, 'vv': 0.148, 'w': 0.149, 'z': 0.826}","{'lm': 0.34, 'd': 0.228, 'beta': 0.809, 'a': 0.457, 'k': 0.826, 'uu': 0.228, 'c': 0.629, 'q': 0.452, 'b': 0.161, 'h': 0.657}",-1.0,1.0,1001,hiv,[],1e-08,False,False,odepe,,
857,171,hiv_1_1em8,"{'x': 0.298, 'yy': 0.132, 'vv': 0.148, 'w': 0.149, 'z': 0.826}","{'lm': 0.34, 'd': 0.228, 'beta': 0.809, 'a': 0.457, 'k': 0.826, 'uu': 0.228, 'c': 0.629, 'q': 0.452, 'b': 0.161, 'h': 0.657}",-1.0,1.0,1001,hiv,[],1e-08,True,True,sciml,"[['lm', '0.34000001589084966'], ['d', '0.22800005560976863'], ['beta', '0.8090003275594154'], ['a', '0.45699922466561466'], ['k', '0.8259991202687635'], ['uu', '0.2280001996410752'], ['c', '0.6289994734164188'], ['q', '0.4519999216871834'], ['b', '0.1610000075010104'], ['h', '0.6569999975389654'], ['x', '0.2980000001743394'], ['yy', '0.1320000625752777'], ['vv', '0.14799993879865123'], ['w', '0.14899999994931257'], ['z', '0.8259999998071283']]",331.7995460033417
858,171,hiv_1_1em8,"{'x': 0.298, 'yy': 0.132, 'vv': 0.148, 'w': 0.149, 'z': 0.826}","{'lm': 0.34, 'd': 0.228, 'beta': 0.809, 'a': 0.457, 'k': 0.826, 'uu': 0.228, 'c': 0.629, 'q': 0.452, 'b': 0.161, 'h': 0.657}",-1.0,1.0,1001,hiv,[],1e-08,False,False,iqm,,
859,171,hiv_1_1em8,"{'x': 0.298, 'yy': 0.132, 'vv': 0.148, 'w': 0.149, 'z': 0.826}","{'lm': 0.34, 'd': 0.228, 'beta': 0.809, 'a': 0.457, 'k': 0.826, 'uu': 0.228, 'c': 0.629, 'q': 0.452, 'b': 0.161, 'h': 0.657}",-1.0,1.0,1001,hiv,[],1e-08,True,True,amigo2,"[['lm', '3.4000e-01'], ['d', '2.2800e-01'], ['beta', '8.0900e-01'], ['a', '4.5700e-01'], ['k', '8.2600e-01'], ['uu', '2.2800e-01'], ['c', '6.2900e-01'], ['q', '4.5200e-01'], ['b', '1.6100e-01'], ['h', '6.5700e-01'], ['x', '2.9800e-01'], ['yy', '1.3200e-01'], ['vv', '1.4800e-01'], ['w', '1.4900e-01'], ['z', '8.2600e-01']]",1879.504742860794
860,172,hiv_2_1em8,"{'x': 0.24, 'yy': 0.362, 'vv': 0.644, 'w': 0.151, 'z': 0.586}","{'lm': 0.692, 'd': 0.818, 'beta': 0.638, 'a': 0.523, 'k': 0.344, 'uu': 0.898, 'c': 0.39, 'q': 0.477, 'b': 0.403, 'h': 0.884}",-1.0,1.0,1001,hiv,[],1e-08,False,False,pe,,
861,172,hiv_2_1em8,"{'x': 0.24, 'yy': 0.362, 'vv': 0.644, 'w': 0.151, 'z': 0.586}","{'lm': 0.692, 'd': 0.818, 'beta': 0.638, 'a': 0.523, 'k': 0.344, 'uu': 0.898, 'c': 0.39, 'q': 0.477, 'b': 0.403, 'h': 0.884}",-1.0,1.0,1001,hiv,[],1e-08,False,False,odepe,,
862,172,hiv_2_1em8,"{'x': 0.24, 'yy': 0.362, 'vv': 0.644, 'w': 0.151, 'z': 0.586}","{'lm': 0.692, 'd': 0.818, 'beta': 0.638, 'a': 0.523, 'k': 0.344, 'uu': 0.898, 'c': 0.39, 'q': 0.477, 'b': 0.403, 'h': 0.884}",-1.0,1.0,1001,hiv,[],1e-08,True,True,sciml,"[['lm', '0.6919999953159789'], ['d', '0.8180003417880194'], ['beta', '0.6379985029221166'], ['a', '0.522998312263448'], ['k', '0.3439978290604956'], ['uu', '0.8979985342971913'], ['c', '0.39000214856541937'], ['q', '0.47699521553560675'], ['b', '0.4030005742148942'], ['h', '0.8839998793026999'], ['x', '0.23999999980200495'], ['yy', '0.3619990600431154'], ['vv', '0.6440009400006242'], ['w', '0.15100000007686917'], ['z', '0.585999999764423']]",617.684886932373
863,172,hiv_2_1em8,"{'x': 0.24, 'yy': 0.362, 'vv': 0.644, 'w': 0.151, 'z': 0.586}","{'lm': 0.692, 'd': 0.818, 'beta': 0.638, 'a': 0.523, 'k': 0.344, 'uu': 0.898, 'c': 0.39, 'q': 0.477, 'b': 0.403, 'h': 0.884}",-1.0,1.0,1001,hiv,[],1e-08,False,False,iqm,,
864,172,hiv_2_1em8,"{'x': 0.24, 'yy': 0.362, 'vv': 0.644, 'w': 0.151, 'z': 0.586}","{'lm': 0.692, 'd': 0.818, 'beta': 0.638, 'a': 0.523, 'k': 0.344, 'uu': 0.898, 'c': 0.39, 'q': 0.477, 'b': 0.403, 'h': 0.884}",-1.0,1.0,1001,hiv,[],1e-08,True,True,amigo2,"[['lm', '6.3539e-01'], ['d', '6.6073e-01'], ['beta', '8.8498e-01'], ['a', '8.2855e-01'], ['k', '0.0000e+00'], ['uu', '3.1801e-01'], ['c', '2.1795e-02'], ['q', '5.8486e+00'], ['b', '3.6033e-01'], ['h', '8.8077e-01'], ['x', '2.4040e-01'], ['yy', '6.0195e-01'], ['vv', '4.0380e-01'], ['w', '1.5093e-01'], ['z', '5.8533e-01']]",311.11269998550415
865,173,hiv_3_1em8,"{'x': 0.375, 'yy': 0.573, 'vv': 0.627, 'w': 0.418, 'z': 0.899}","{'lm': 0.482, 'd': 0.327, 'beta': 0.291, 'a': 0.512, 'k': 0.394, 'uu': 0.465, 'c': 0.37, 'q': 0.876, 'b': 0.207, 'h': 0.177}",-1.0,1.0,1001,hiv,[],1e-08,False,False,pe,,
866,173,hiv_3_1em8,"{'x': 0.375, 'yy': 0.573, 'vv': 0.627, 'w': 0.418, 'z': 0.899}","{'lm': 0.482, 'd': 0.327, 'beta': 0.291, 'a': 0.512, 'k': 0.394, 'uu': 0.465, 'c': 0.37, 'q': 0.876, 'b': 0.207, 'h': 0.177}",-1.0,1.0,1001,hiv,[],1e-08,False,False,odepe,,
867,173,hiv_3_1em8,"{'x': 0.375, 'yy': 0.573, 'vv': 0.627, 'w': 0.418, 'z': 0.899}","{'lm': 0.482, 'd': 0.327, 'beta': 0.291, 'a': 0.512, 'k': 0.394, 'uu': 0.465, 'c': 0.37, 'q': 0.876, 'b': 0.207, 'h': 0.177}",-1.0,1.0,1001,hiv,[],1e-08,True,True,sciml,"[['lm', '0.4820000012094812'], ['d', '0.327000008352904'], ['beta', '0.2909998352122429'], ['a', '0.5120002021805654'], ['k', '0.39400014941941197'], ['uu', '0.4649997700097214'], ['c', '0.3700010758150453'], ['q', '0.8759978591996964'], ['b', '0.20700023245052152'], ['h', '0.17699998768066116'], ['x', '0.375000000528266'], ['yy', '0.572999653708354'], ['vv', '0.6270003487444593'], ['w', '0.4180000015220229'], ['z', '0.8989999997019745']]",818.7009062767029
868,173,hiv_3_1em8,"{'x': 0.375, 'yy': 0.573, 'vv': 0.627, 'w': 0.418, 'z': 0.899}","{'lm': 0.482, 'd': 0.327, 'beta': 0.291, 'a': 0.512, 'k': 0.394, 'uu': 0.465, 'c': 0.37, 'q': 0.876, 'b': 0.207, 'h': 0.177}",-1.0,1.0,1001,hiv,[],1e-08,False,False,iqm,,
869,173,hiv_3_1em8,"{'x': 0.375, 'yy': 0.573, 'vv': 0.627, 'w': 0.418, 'z': 0.899}","{'lm': 0.482, 'd': 0.327, 'beta': 0.291, 'a': 0.512, 'k': 0.394, 'uu': 0.465, 'c': 0.37, 'q': 0.876, 'b': 0.207, 'h': 0.177}",-1.0,1.0,1001,hiv,[],1e-08,True,True,amigo2,"[['lm', '4.8200e-01'], ['d', '3.2700e-01'], ['beta', '2.9100e-01'], ['a', '5.1200e-01'], ['k', '3.9400e-01'], ['uu', '4.6500e-01'], ['c', '3.7000e-01'], ['q', '8.7600e-01'], ['b', '2.0700e-01'], ['h', '1.7700e-01'], ['x', '3.7500e-01'], ['yy', '5.7300e-01'], ['vv', '6.2700e-01'], ['w', '4.1800e-01'], ['z', '8.9900e-01']]",3413.8288147449493
870,174,hiv_4_1em8,"{'x': 0.15, 'yy': 0.294, 'vv': 0.446, 'w': 0.518, 'z': 0.718}","{'lm': 0.382, 'd': 0.677, 'beta': 0.61, 'a': 0.75, 'k': 0.881, 'uu': 0.812, 'c': 0.712, 'q': 0.659, 'b': 0.368, 'h': 0.218}",-1.0,1.0,1001,hiv,[],1e-08,False,False,pe,,
871,174,hiv_4_1em8,"{'x': 0.15, 'yy': 0.294, 'vv': 0.446, 'w': 0.518, 'z': 0.718}","{'lm': 0.382, 'd': 0.677, 'beta': 0.61, 'a': 0.75, 'k': 0.881, 'uu': 0.812, 'c': 0.712, 'q': 0.659, 'b': 0.368, 'h': 0.218}",-1.0,1.0,1001,hiv,[],1e-08,False,False,odepe,,
872,174,hiv_4_1em8,"{'x': 0.15, 'yy': 0.294, 'vv': 0.446, 'w': 0.518, 'z': 0.718}","{'lm': 0.382, 'd': 0.677, 'beta': 0.61, 'a': 0.75, 'k': 0.881, 'uu': 0.812, 'c': 0.712, 'q': 0.659, 'b': 0.368, 'h': 0.218}",-1.0,1.0,1001,hiv,[],1e-08,True,True,sciml,"[['lm', '0.3574559310315411'], ['d', '0.5856167663418153'], ['beta', '1.1091440576225695'], ['a', '0.6809668116602491'], ['k', '0.3984030450167505'], ['uu', '0.8240931439975563'], ['c', '0.34887446826153923'], ['q', '0.6924814790968254'], ['b', '0.37035646254828686'], ['h', '0.21386209299633846'], ['x', '0.15017635418766132'], ['yy', '0.5449728236414596'], ['vv', '0.19500733913524126'], ['w', '0.5179404964726663'], ['z', '0.7180068628358547']]",502.24665999412537
873,174,hiv_4_1em8,"{'x': 0.15, 'yy': 0.294, 'vv': 0.446, 'w': 0.518, 'z': 0.718}","{'lm': 0.382, 'd': 0.677, 'beta': 0.61, 'a': 0.75, 'k': 0.881, 'uu': 0.812, 'c': 0.712, 'q': 0.659, 'b': 0.368, 'h': 0.218}",-1.0,1.0,1001,hiv,[],1e-08,False,False,iqm,,
874,174,hiv_4_1em8,"{'x': 0.15, 'yy': 0.294, 'vv': 0.446, 'w': 0.518, 'z': 0.718}","{'lm': 0.382, 'd': 0.677, 'beta': 0.61, 'a': 0.75, 'k': 0.881, 'uu': 0.812, 'c': 0.712, 'q': 0.659, 'b': 0.368, 'h': 0.218}",-1.0,1.0,1001,hiv,[],1e-08,True,True,amigo2,"[['lm', '3.8200e-01'], ['d', '6.7700e-01'], ['beta', '6.1000e-01'], ['a', '7.5000e-01'], ['k', '8.8100e-01'], ['uu', '8.1200e-01'], ['c', '7.1200e-01'], ['q', '6.5900e-01'], ['b', '3.6800e-01'], ['h', '2.1800e-01'], ['x', '1.5000e-01'], ['yy', '2.9400e-01'], ['vv', '4.4600e-01'], ['w', '5.1800e-01'], ['z', '7.1800e-01']]",2008.7747814655304
875,175,hiv_5_1em8,"{'x': 0.218, 'yy': 0.648, 'vv': 0.625, 'w': 0.79, 'z': 0.178}","{'lm': 0.867, 'd': 0.194, 'beta': 0.186, 'a': 0.572, 'k': 0.696, 'uu': 0.779, 'c': 0.849, 'q': 0.887, 'b': 0.42, 'h': 0.404}",-1.0,1.0,1001,hiv,[],1e-08,False,False,pe,,
876,175,hiv_5_1em8,"{'x': 0.218, 'yy': 0.648, 'vv': 0.625, 'w': 0.79, 'z': 0.178}","{'lm': 0.867, 'd': 0.194, 'beta': 0.186, 'a': 0.572, 'k': 0.696, 'uu': 0.779, 'c': 0.849, 'q': 0.887, 'b': 0.42, 'h': 0.404}",-1.0,1.0,1001,hiv,[],1e-08,False,False,odepe,,
877,175,hiv_5_1em8,"{'x': 0.218, 'yy': 0.648, 'vv': 0.625, 'w': 0.79, 'z': 0.178}","{'lm': 0.867, 'd': 0.194, 'beta': 0.186, 'a': 0.572, 'k': 0.696, 'uu': 0.779, 'c': 0.849, 'q': 0.887, 'b': 0.42, 'h': 0.404}",-1.0,1.0,1001,hiv,[],1e-08,True,True,sciml,"[['lm', '0.8669999959105636'], ['d', '0.19400000236086148'], ['beta', '0.18599995982510883'], ['a', '0.5720000452793562'], ['k', '0.6959999672823385'], ['uu', '0.7789998054307037'], ['c', '0.8490001353184814'], ['q', '0.8869999623759239'], ['b', '0.420000012803879'], ['h', '0.4039999780494096'], ['x', '0.21800000025571364'], ['yy', '0.6479999173673067'], ['vv', '0.6250000837620171'], ['w', '0.7899999997337706'], ['z', '0.17800000015597406']]",449.72259998321533
878,175,hiv_5_1em8,"{'x': 0.218, 'yy': 0.648, 'vv': 0.625, 'w': 0.79, 'z': 0.178}","{'lm': 0.867, 'd': 0.194, 'beta': 0.186, 'a': 0.572, 'k': 0.696, 'uu': 0.779, 'c': 0.849, 'q': 0.887, 'b': 0.42, 'h': 0.404}",-1.0,1.0,1001,hiv,[],1e-08,False,False,iqm,,
879,175,hiv_5_1em8,"{'x': 0.218, 'yy': 0.648, 'vv': 0.625, 'w': 0.79, 'z': 0.178}","{'lm': 0.867, 'd': 0.194, 'beta': 0.186, 'a': 0.572, 'k': 0.696, 'uu': 0.779, 'c': 0.849, 'q': 0.887, 'b': 0.42, 'h': 0.404}",-1.0,1.0,1001,hiv,[],1e-08,True,True,amigo2,"[['lm', '8.4173e-01'], ['d', '2.6095e-01'], ['beta', '0.0000e+00'], ['a', '1.2919e+00'], ['k', '2.1508e-02'], ['uu', '2.5160e-01'], ['c', '5.1343e-02'], ['q', '1.0000e+02'], ['b', '2.7437e-01'], ['h', '1.6141e-01'], ['x', '2.2028e-01'], ['yy', '9.8285e-02'], ['vv', '1.1795e+00'], ['w', '7.8646e-01'], ['z', '1.7044e-01']]",2408.6780557632446
880,176,hiv_6_1em8,"{'x': 0.439, 'yy': 0.786, 'vv': 0.194, 'w': 0.317, 'z': 0.423}","{'lm': 0.498, 'd': 0.565, 'beta': 0.293, 'a': 0.235, 'k': 0.788, 'uu': 0.147, 'c': 0.476, 'q': 0.193, 'b': 0.466, 'h': 0.884}",-1.0,1.0,1001,hiv,[],1e-08,False,False,pe,,
881,176,hiv_6_1em8,"{'x': 0.439, 'yy': 0.786, 'vv': 0.194, 'w': 0.317, 'z': 0.423}","{'lm': 0.498, 'd': 0.565, 'beta': 0.293, 'a': 0.235, 'k': 0.788, 'uu': 0.147, 'c': 0.476, 'q': 0.193, 'b': 0.466, 'h': 0.884}",-1.0,1.0,1001,hiv,[],1e-08,False,False,odepe,,
882,176,hiv_6_1em8,"{'x': 0.439, 'yy': 0.786, 'vv': 0.194, 'w': 0.317, 'z': 0.423}","{'lm': 0.498, 'd': 0.565, 'beta': 0.293, 'a': 0.235, 'k': 0.788, 'uu': 0.147, 'c': 0.476, 'q': 0.193, 'b': 0.466, 'h': 0.884}",-1.0,1.0,1001,hiv,[],1e-08,True,True,sciml,"[['lm', '0.497999910708492'], ['d', '0.5650003158883714'], ['beta', '0.29299801100272116'], ['a', '0.23500507854554314'], ['k', '0.7880038270955091'], ['uu', '0.14699524706855752'], ['c', '0.4760241461649087'], ['q', '0.19299325854500082'], ['b', '0.46600783791336875'], ['h', '0.8840008550397381'], ['x', '0.4389999999434393'], ['yy', '0.7860004550552646'], ['vv', '0.19399954162284397'], ['w', '0.31700002160638735'], ['z', '0.4229999979582137']]",549.7201611995697
883,176,hiv_6_1em8,"{'x': 0.439, 'yy': 0.786, 'vv': 0.194, 'w': 0.317, 'z': 0.423}","{'lm': 0.498, 'd': 0.565, 'beta': 0.293, 'a': 0.235, 'k': 0.788, 'uu': 0.147, 'c': 0.476, 'q': 0.193, 'b': 0.466, 'h': 0.884}",-1.0,1.0,1001,hiv,[],1e-08,False,False,iqm,,
884,176,hiv_6_1em8,"{'x': 0.439, 'yy': 0.786, 'vv': 0.194, 'w': 0.317, 'z': 0.423}","{'lm': 0.498, 'd': 0.565, 'beta': 0.293, 'a': 0.235, 'k': 0.788, 'uu': 0.147, 'c': 0.476, 'q': 0.193, 'b': 0.466, 'h': 0.884}",-1.0,1.0,1001,hiv,[],1e-08,True,True,amigo2,"[['lm', '4.9800e-01'], ['d', '5.6500e-01'], ['beta', '2.9300e-01'], ['a', '2.3500e-01'], ['k', '7.8800e-01'], ['uu', '1.4700e-01'], ['c', '4.7600e-01'], ['q', '1.9300e-01'], ['b', '4.6600e-01'], ['h', '8.8400e-01'], ['x', '4.3900e-01'], ['yy', '7.8600e-01'], ['vv', '1.9400e-01'], ['w', '3.1700e-01'], ['z', '4.2300e-01']]",350.5390679836273
885,177,hiv_7_1em8,"{'x': 0.623, 'yy': 0.681, 'vv': 0.53, 'w': 0.188, 'z': 0.424}","{'lm': 0.42, 'd': 0.637, 'beta': 0.376, 'a': 0.671, 'k': 0.611, 'uu': 0.419, 'c': 0.445, 'q': 0.592, 'b': 0.156, 'h': 0.758}",-1.0,1.0,1001,hiv,[],1e-08,False,False,pe,,
886,177,hiv_7_1em8,"{'x': 0.623, 'yy': 0.681, 'vv': 0.53, 'w': 0.188, 'z': 0.424}","{'lm': 0.42, 'd': 0.637, 'beta': 0.376, 'a': 0.671, 'k': 0.611, 'uu': 0.419, 'c': 0.445, 'q': 0.592, 'b': 0.156, 'h': 0.758}",-1.0,1.0,1001,hiv,[],1e-08,False,False,odepe,,
887,177,hiv_7_1em8,"{'x': 0.623, 'yy': 0.681, 'vv': 0.53, 'w': 0.188, 'z': 0.424}","{'lm': 0.42, 'd': 0.637, 'beta': 0.376, 'a': 0.671, 'k': 0.611, 'uu': 0.419, 'c': 0.445, 'q': 0.592, 'b': 0.156, 'h': 0.758}",-1.0,1.0,1001,hiv,[],1e-08,True,True,sciml,"[['lm', '0.4200006633329799'], ['d', '0.6370013777582011'], ['beta', '0.3760000797615802'], ['a', '0.670999658145489'], ['k', '0.6109994409077474'], ['uu', '0.4190000231356708'], ['c', '0.4450001958281486'], ['q', '0.5920001602311087'], ['b', '0.15599995461435523'], ['h', '0.7580001702103024'], ['x', '0.6229999972711303'], ['yy', '0.6810010087653463'], ['vv', '0.5299989917089276'], ['w', '0.18799999952341956'], ['z', '0.423999999336469']]",429.95937871932983
888,177,hiv_7_1em8,"{'x': 0.623, 'yy': 0.681, 'vv': 0.53, 'w': 0.188, 'z': 0.424}","{'lm': 0.42, 'd': 0.637, 'beta': 0.376, 'a': 0.671, 'k': 0.611, 'uu': 0.419, 'c': 0.445, 'q': 0.592, 'b': 0.156, 'h': 0.758}",-1.0,1.0,1001,hiv,[],1e-08,False,False,iqm,,
889,177,hiv_7_1em8,"{'x': 0.623, 'yy': 0.681, 'vv': 0.53, 'w': 0.188, 'z': 0.424}","{'lm': 0.42, 'd': 0.637, 'beta': 0.376, 'a': 0.671, 'k': 0.611, 'uu': 0.419, 'c': 0.445, 'q': 0.592, 'b': 0.156, 'h': 0.758}",-1.0,1.0,1001,hiv,[],1e-08,True,True,amigo2,"[['lm', '8.0408e-02'], ['d', '0.0000e+00'], ['beta', '4.0538e-01'], ['a', '3.5393e-01'], ['k', '0.0000e+00'], ['uu', '2.1728e-01'], ['c', '2.7350e-01'], ['q', '2.4376e-01'], ['b', '2.0155e-01'], ['h', '6.9360e-01'], ['x', '6.2400e-01'], ['yy', '4.6007e-01'], ['vv', '7.5064e-01'], ['w', '1.8818e-01'], ['z', '4.2408e-01']]",2682.6443853378296
890,178,hiv_8_1em8,"{'x': 0.794, 'yy': 0.123, 'vv': 0.528, 'w': 0.423, 'z': 0.519}","{'lm': 0.424, 'd': 0.357, 'beta': 0.124, 'a': 0.69, 'k': 0.188, 'uu': 0.585, 'c': 0.663, 'q': 0.608, 'b': 0.867, 'h': 0.183}",-1.0,1.0,1001,hiv,[],1e-08,False,False,pe,,
891,178,hiv_8_1em8,"{'x': 0.794, 'yy': 0.123, 'vv': 0.528, 'w': 0.423, 'z': 0.519}","{'lm': 0.424, 'd': 0.357, 'beta': 0.124, 'a': 0.69, 'k': 0.188, 'uu': 0.585, 'c': 0.663, 'q': 0.608, 'b': 0.867, 'h': 0.183}",-1.0,1.0,1001,hiv,[],1e-08,False,False,odepe,,
892,178,hiv_8_1em8,"{'x': 0.794, 'yy': 0.123, 'vv': 0.528, 'w': 0.423, 'z': 0.519}","{'lm': 0.424, 'd': 0.357, 'beta': 0.124, 'a': 0.69, 'k': 0.188, 'uu': 0.585, 'c': 0.663, 'q': 0.608, 'b': 0.867, 'h': 0.183}",-1.0,1.0,1001,hiv,[],1e-08,True,True,sciml,"[['lm', '0.495260096653656'], ['d', '0.41964886657790457'], ['beta', '0.14251639676626393'], ['a', '44.53416832351119'], ['k', '26.31532248762301'], ['uu', '0.5569558005819001'], ['c', '45.22560414857258'], ['q', '0.6566264071041298'], ['b', '0.8620195414065172'], ['h', '0.18180798954430566'], ['x', '0.7939971623874675'], ['yy', '0.0015866719324993278'], ['vv', '0.6493656122507577'], ['w', '0.4229963157942908'], ['z', '0.518956596980726']]",416.8108904361725
893,178,hiv_8_1em8,"{'x': 0.794, 'yy': 0.123, 'vv': 0.528, 'w': 0.423, 'z': 0.519}","{'lm': 0.424, 'd': 0.357, 'beta': 0.124, 'a': 0.69, 'k': 0.188, 'uu': 0.585, 'c': 0.663, 'q': 0.608, 'b': 0.867, 'h': 0.183}",-1.0,1.0,1001,hiv,[],1e-08,False,False,iqm,,
894,178,hiv_8_1em8,"{'x': 0.794, 'yy': 0.123, 'vv': 0.528, 'w': 0.423, 'z': 0.519}","{'lm': 0.424, 'd': 0.357, 'beta': 0.124, 'a': 0.69, 'k': 0.188, 'uu': 0.585, 'c': 0.663, 'q': 0.608, 'b': 0.867, 'h': 0.183}",-1.0,1.0,1001,hiv,[],1e-08,True,True,amigo2,"[['lm', '4.2400e-01'], ['d', '3.5700e-01'], ['beta', '1.2400e-01'], ['a', '6.9000e-01'], ['k', '1.8800e-01'], ['uu', '5.8500e-01'], ['c', '6.6300e-01'], ['q', '6.0800e-01'], ['b', '8.6700e-01'], ['h', '1.8300e-01'], ['x', '7.9400e-01'], ['yy', '1.2300e-01'], ['vv', '5.2800e-01'], ['w', '4.2300e-01'], ['z', '5.1900e-01']]",2315.9249069690704
895,179,hiv_9_1em8,"{'x': 0.18, 'yy': 0.312, 'vv': 0.153, 'w': 0.152, 'z': 0.785}","{'lm': 0.392, 'd': 0.252, 'beta': 0.115, 'a': 0.515, 'k': 0.774, 'uu': 0.399, 'c': 0.278, 'q': 0.164, 'b': 0.168, 'h': 0.277}",-1.0,1.0,1001,hiv,[],1e-08,False,False,pe,,
896,179,hiv_9_1em8,"{'x': 0.18, 'yy': 0.312, 'vv': 0.153, 'w': 0.152, 'z': 0.785}","{'lm': 0.392, 'd': 0.252, 'beta': 0.115, 'a': 0.515, 'k': 0.774, 'uu': 0.399, 'c': 0.278, 'q': 0.164, 'b': 0.168, 'h': 0.277}",-1.0,1.0,1001,hiv,[],1e-08,False,False,odepe,,
897,179,hiv_9_1em8,"{'x': 0.18, 'yy': 0.312, 'vv': 0.153, 'w': 0.152, 'z': 0.785}","{'lm': 0.392, 'd': 0.252, 'beta': 0.115, 'a': 0.515, 'k': 0.774, 'uu': 0.399, 'c': 0.278, 'q': 0.164, 'b': 0.168, 'h': 0.277}",-1.0,1.0,1001,hiv,[],1e-08,True,True,sciml,"[['lm', '0.39661352292577406'], ['d', '0.28309709068796285'], ['beta', '0.019005374490721857'], ['a', '0.6262011738296023'], ['k', '4.5866794547606595'], ['uu', '0.3107064511339567'], ['c', '2.610384611452882'], ['q', '0.13771765902338096'], ['b', '0.17145954960877952'], ['h', '0.276883262099616'], ['x', '0.1799343374515763'], ['yy', '0.03880105255630912'], ['vv', '0.42621727073949667'], ['w', '0.15200704543245383'], ['z', '0.7849932246712588']]",1169.780207157135
898,179,hiv_9_1em8,"{'x': 0.18, 'yy': 0.312, 'vv': 0.153, 'w': 0.152, 'z': 0.785}","{'lm': 0.392, 'd': 0.252, 'beta': 0.115, 'a': 0.515, 'k': 0.774, 'uu': 0.399, 'c': 0.278, 'q': 0.164, 'b': 0.168, 'h': 0.277}",-1.0,1.0,1001,hiv,[],1e-08,False,False,iqm,,
899,179,hiv_9_1em8,"{'x': 0.18, 'yy': 0.312, 'vv': 0.153, 'w': 0.152, 'z': 0.785}","{'lm': 0.392, 'd': 0.252, 'beta': 0.115, 'a': 0.515, 'k': 0.774, 'uu': 0.399, 'c': 0.278, 'q': 0.164, 'b': 0.168, 'h': 0.277}",-1.0,1.0,1001,hiv,[],1e-08,True,True,amigo2,"[['lm', '3.9662e-01'], ['d', '2.8303e-01'], ['beta', '1.9188e-02'], ['a', '6.2601e-01'], ['k', '4.5450e+00'], ['uu', '3.1090e-01'], ['c', '2.5841e+00'], ['q', '1.3770e-01'], ['b', '1.7146e-01'], ['h', '2.7688e-01'], ['x', '1.7993e-01'], ['yy', '3.9198e-02'], ['vv', '4.2582e-01'], ['w', '1.5201e-01'], ['z', '7.8499e-01']]",2073.5593180656433
900,180,lotka_volterra_0_1em8,"{'r': 0.465, 'w': 0.223}","{'k1': 0.23, 'k2': 0.548, 'k3': 0.719}",-1.0,1.0,1001,lotka_volterra,[],1e-08,False,False,pe,,
901,180,lotka_volterra_0_1em8,"{'r': 0.465, 'w': 0.223}","{'k1': 0.23, 'k2': 0.548, 'k3': 0.719}",-1.0,1.0,1001,lotka_volterra,[],1e-08,False,False,odepe,,
902,180,lotka_volterra_0_1em8,"{'r': 0.465, 'w': 0.223}","{'k1': 0.23, 'k2': 0.548, 'k3': 0.719}",-1.0,1.0,1001,lotka_volterra,[],1e-08,True,True,sciml,"[['k1', '0.23000422649134827'], ['k2', '0.5480958720776125'], ['k3', '0.7190278813261073'], ['r', '0.46500000036099104'], ['w', '0.22296868324235158']]",270.93304109573364
903,180,lotka_volterra_0_1em8,"{'r': 0.465, 'w': 0.223}","{'k1': 0.23, 'k2': 0.548, 'k3': 0.719}",-1.0,1.0,1001,lotka_volterra,[],1e-08,False,False,iqm,,
904,180,lotka_volterra_0_1em8,"{'r': 0.465, 'w': 0.223}","{'k1': 0.23, 'k2': 0.548, 'k3': 0.719}",-1.0,1.0,1001,lotka_volterra,[],1e-08,True,True,amigo2,"[['k1', '2.1491e-01'], ['k2', '2.6788e-03'], ['k3', '5.3205e-01'], ['r', '4.6500e-01'], ['w', '3.9997e+01']]",257.5073826313019
905,181,lotka_volterra_1_1em8,"{'r': 0.38, 'w': 0.725}","{'k1': 0.26, 'k2': 0.446, 'k3': 0.523}",-1.0,1.0,1001,lotka_volterra,[],1e-08,False,False,pe,,
906,181,lotka_volterra_1_1em8,"{'r': 0.38, 'w': 0.725}","{'k1': 0.26, 'k2': 0.446, 'k3': 0.523}",-1.0,1.0,1001,lotka_volterra,[],1e-08,False,False,odepe,,
907,181,lotka_volterra_1_1em8,"{'r': 0.38, 'w': 0.725}","{'k1': 0.26, 'k2': 0.446, 'k3': 0.523}",-1.0,1.0,1001,lotka_volterra,[],1e-08,True,True,sciml,"[['k1', '0.26030477004790276'], ['k2', '0.46097559375950786'], ['k3', '0.5281748021015884'], ['r', '0.37999962205670945'], ['w', '0.7020829965318808']]",613.9151473045349
908,181,lotka_volterra_1_1em8,"{'r': 0.38, 'w': 0.725}","{'k1': 0.26, 'k2': 0.446, 'k3': 0.523}",-1.0,1.0,1001,lotka_volterra,[],1e-08,False,False,iqm,,
909,181,lotka_volterra_1_1em8,"{'r': 0.38, 'w': 0.725}","{'k1': 0.26, 'k2': 0.446, 'k3': 0.523}",-1.0,1.0,1001,lotka_volterra,[],1e-08,True,True,amigo2,"[['k1', '2.5997e-01'], ['k2', '4.4456e-01'], ['k3', '5.2250e-01'], ['r', '3.8000e-01'], ['w', '7.2728e-01']]",1244.5299155712128
910,182,lotka_volterra_2_1em8,"{'r': 0.817, 'w': 0.414}","{'k1': 0.701, 'k2': 0.842, 'k3': 0.123}",-1.0,1.0,1001,lotka_volterra,[],1e-08,False,False,pe,,
911,182,lotka_volterra_2_1em8,"{'r': 0.817, 'w': 0.414}","{'k1': 0.701, 'k2': 0.842, 'k3': 0.123}",-1.0,1.0,1001,lotka_volterra,[],1e-08,False,False,odepe,,
912,182,lotka_volterra_2_1em8,"{'r': 0.817, 'w': 0.414}","{'k1': 0.701, 'k2': 0.842, 'k3': 0.123}",-1.0,1.0,1001,lotka_volterra,[],1e-08,True,True,sciml,"[['k1', '6.55511659759908e-20'], ['k2', '1.222380214583464e-13'], ['k3', '74.29631288057634'], ['r', '0.9335184542196441'], ['w', '0.00014007917380459865']]",174.7290017604828
913,182,lotka_volterra_2_1em8,"{'r': 0.817, 'w': 0.414}","{'k1': 0.701, 'k2': 0.842, 'k3': 0.123}",-1.0,1.0,1001,lotka_volterra,[],1e-08,False,False,iqm,,
914,182,lotka_volterra_2_1em8,"{'r': 0.817, 'w': 0.414}","{'k1': 0.701, 'k2': 0.842, 'k3': 0.123}",-1.0,1.0,1001,lotka_volterra,[],1e-08,True,True,amigo2,"[['k1', '7.0100e-01'], ['k2', '8.4200e-01'], ['k3', '1.2300e-01'], ['r', '8.1700e-01'], ['w', '4.1400e-01']]",271.67313289642334
915,183,lotka_volterra_3_1em8,"{'r': 0.707, 'w': 0.392}","{'k1': 0.803, 'k2': 0.653, 'k3': 0.89}",-1.0,1.0,1001,lotka_volterra,[],1e-08,False,False,pe,,
916,183,lotka_volterra_3_1em8,"{'r': 0.707, 'w': 0.392}","{'k1': 0.803, 'k2': 0.653, 'k3': 0.89}",-1.0,1.0,1001,lotka_volterra,[],1e-08,False,False,odepe,,
917,183,lotka_volterra_3_1em8,"{'r': 0.707, 'w': 0.392}","{'k1': 0.803, 'k2': 0.653, 'k3': 0.89}",-1.0,1.0,1001,lotka_volterra,[],1e-08,True,True,sciml,"[['k1', '0.5978016900623603'], ['k2', '0.001221538952751635'], ['k3', '8.344033665326906'], ['r', '0.7088504352677697'], ['w', '99.97968528597224']]",260.73121333122253
918,183,lotka_volterra_3_1em8,"{'r': 0.707, 'w': 0.392}","{'k1': 0.803, 'k2': 0.653, 'k3': 0.89}",-1.0,1.0,1001,lotka_volterra,[],1e-08,False,False,iqm,,
919,183,lotka_volterra_3_1em8,"{'r': 0.707, 'w': 0.392}","{'k1': 0.803, 'k2': 0.653, 'k3': 0.89}",-1.0,1.0,1001,lotka_volterra,[],1e-08,True,True,amigo2,"[['k1', '5.9780e-01'], ['k2', '1.2213e-03'], ['k3', '8.3440e+00'], ['r', '7.0885e-01'], ['w', '1.0000e+02']]",350.4595308303833
920,184,lotka_volterra_4_1em8,"{'r': 0.309, 'w': 0.497}","{'k1': 0.501, 'k2': 0.401, 'k3': 0.392}",-1.0,1.0,1001,lotka_volterra,[],1e-08,False,False,pe,,
921,184,lotka_volterra_4_1em8,"{'r': 0.309, 'w': 0.497}","{'k1': 0.501, 'k2': 0.401, 'k3': 0.392}",-1.0,1.0,1001,lotka_volterra,[],1e-08,False,False,odepe,,
922,184,lotka_volterra_4_1em8,"{'r': 0.309, 'w': 0.497}","{'k1': 0.501, 'k2': 0.401, 'k3': 0.392}",-1.0,1.0,1001,lotka_volterra,[],1e-08,True,True,sciml,"[['k1', '0.5010020199802085'], ['k2', '0.40099848378596464'], ['k3', '0.39199653400692025'], ['r', '0.3089999993883007'], ['w', '0.4970068777550058']]",310.83133697509766
923,184,lotka_volterra_4_1em8,"{'r': 0.309, 'w': 0.497}","{'k1': 0.501, 'k2': 0.401, 'k3': 0.392}",-1.0,1.0,1001,lotka_volterra,[],1e-08,False,False,iqm,,
924,184,lotka_volterra_4_1em8,"{'r': 0.309, 'w': 0.497}","{'k1': 0.501, 'k2': 0.401, 'k3': 0.392}",-1.0,1.0,1001,lotka_volterra,[],1e-08,True,True,amigo2,"[['k1', '4.1392e-01'], ['k2', '1.1275e-03'], ['k3', '4.9550e-01'], ['r', '3.0902e-01'], ['w', '1.0000e+02']]",260.50441431999207
925,185,lotka_volterra_5_1em8,"{'r': 0.194, 'w': 0.228}","{'k1': 0.645, 'k2': 0.322, 'k3': 0.52}",-1.0,1.0,1001,lotka_volterra,[],1e-08,False,False,pe,,
926,185,lotka_volterra_5_1em8,"{'r': 0.194, 'w': 0.228}","{'k1': 0.645, 'k2': 0.322, 'k3': 0.52}",-1.0,1.0,1001,lotka_volterra,[],1e-08,False,False,odepe,,
927,185,lotka_volterra_5_1em8,"{'r': 0.194, 'w': 0.228}","{'k1': 0.645, 'k2': 0.322, 'k3': 0.52}",-1.0,1.0,1001,lotka_volterra,[],1e-08,True,True,sciml,"[['k1', '0.6319251069212566'], ['k2', '0.04596411380626067'], ['k3', '0.5761086221109257'], ['r', '0.1940037307813837'], ['w', '1.3164906683461082']]",194.28566360473633
928,185,lotka_volterra_5_1em8,"{'r': 0.194, 'w': 0.228}","{'k1': 0.645, 'k2': 0.322, 'k3': 0.52}",-1.0,1.0,1001,lotka_volterra,[],1e-08,False,False,iqm,,
929,185,lotka_volterra_5_1em8,"{'r': 0.194, 'w': 0.228}","{'k1': 0.645, 'k2': 0.322, 'k3': 0.52}",-1.0,1.0,1001,lotka_volterra,[],1e-08,True,True,amigo2,"[['k1', '6.4500e-01'], ['k2', '3.2200e-01'], ['k3', '5.2000e-01'], ['r', '1.9400e-01'], ['w', '2.2800e-01']]",891.4203786849976
930,186,lotka_volterra_6_1em8,"{'r': 0.243, 'w': 0.59}","{'k1': 0.137, 'k2': 0.877, 'k3': 0.103}",-1.0,1.0,1001,lotka_volterra,[],1e-08,False,False,pe,,
931,186,lotka_volterra_6_1em8,"{'r': 0.243, 'w': 0.59}","{'k1': 0.137, 'k2': 0.877, 'k3': 0.103}",-1.0,1.0,1001,lotka_volterra,[],1e-08,False,False,odepe,,
932,186,lotka_volterra_6_1em8,"{'r': 0.243, 'w': 0.59}","{'k1': 0.137, 'k2': 0.877, 'k3': 0.103}",-1.0,1.0,1001,lotka_volterra,[],1e-08,True,True,sciml,"[['k1', '3.046206043708759'], ['k2', '0.1354745084237688'], ['k3', '0.015728527416417733'], ['r', '0.2429936683177369'], ['w', '25.29111874582699']]",225.8293023109436
933,186,lotka_volterra_6_1em8,"{'r': 0.243, 'w': 0.59}","{'k1': 0.137, 'k2': 0.877, 'k3': 0.103}",-1.0,1.0,1001,lotka_volterra,[],1e-08,False,False,iqm,,
934,186,lotka_volterra_6_1em8,"{'r': 0.243, 'w': 0.59}","{'k1': 0.137, 'k2': 0.877, 'k3': 0.103}",-1.0,1.0,1001,lotka_volterra,[],1e-08,True,True,amigo2,"[['k1', '1.4043e-01'], ['k2', '8.7137e-01'], ['k3', '1.0233e-01'], ['r', '2.4300e-01'], ['w', '5.9775e-01']]",775.4221520423889
935,187,lotka_volterra_7_1em8,"{'r': 0.873, 'w': 0.506}","{'k1': 0.165, 'k2': 0.806, 'k3': 0.676}",-1.0,1.0,1001,lotka_volterra,[],1e-08,False,False,pe,,
936,187,lotka_volterra_7_1em8,"{'r': 0.873, 'w': 0.506}","{'k1': 0.165, 'k2': 0.806, 'k3': 0.676}",-1.0,1.0,1001,lotka_volterra,[],1e-08,False,False,odepe,,
937,187,lotka_volterra_7_1em8,"{'r': 0.873, 'w': 0.506}","{'k1': 0.165, 'k2': 0.806, 'k3': 0.676}",-1.0,1.0,1001,lotka_volterra,[],1e-08,True,True,sciml,"[['k1', '0.1649984245467101'], ['k2', '0.8060038432032116'], ['k3', '0.6760031582078018'], ['r', '0.8729999991612599'], ['w', '0.5059956215355085']]",678.0785121917725
938,187,lotka_volterra_7_1em8,"{'r': 0.873, 'w': 0.506}","{'k1': 0.165, 'k2': 0.806, 'k3': 0.676}",-1.0,1.0,1001,lotka_volterra,[],1e-08,False,False,iqm,,
939,187,lotka_volterra_7_1em8,"{'r': 0.873, 'w': 0.506}","{'k1': 0.165, 'k2': 0.806, 'k3': 0.676}",-1.0,1.0,1001,lotka_volterra,[],1e-08,True,True,amigo2,"[['k1', '1.6500e-01'], ['k2', '8.0600e-01'], ['k3', '6.7600e-01'], ['r', '8.7300e-01'], ['w', '5.0600e-01']]",275.4111850261688
940,188,lotka_volterra_8_1em8,"{'r': 0.517, 'w': 0.314}","{'k1': 0.34, 'k2': 0.54, 'k3': 0.845}",-1.0,1.0,1001,lotka_volterra,[],1e-08,False,False,pe,,
941,188,lotka_volterra_8_1em8,"{'r': 0.517, 'w': 0.314}","{'k1': 0.34, 'k2': 0.54, 'k3': 0.845}",-1.0,1.0,1001,lotka_volterra,[],1e-08,False,False,odepe,,
942,188,lotka_volterra_8_1em8,"{'r': 0.517, 'w': 0.314}","{'k1': 0.34, 'k2': 0.54, 'k3': 0.845}",-1.0,1.0,1001,lotka_volterra,[],1e-08,True,True,sciml,"[['k1', '0.3400015520611559'], ['k2', '0.5400149663821091'], ['k3', '0.8450018399716741'], ['r', '0.5169999976146457'], ['w', '0.3139941074964953']]",207.32158851623535
943,188,lotka_volterra_8_1em8,"{'r': 0.517, 'w': 0.314}","{'k1': 0.34, 'k2': 0.54, 'k3': 0.845}",-1.0,1.0,1001,lotka_volterra,[],1e-08,False,False,iqm,,
944,188,lotka_volterra_8_1em8,"{'r': 0.517, 'w': 0.314}","{'k1': 0.34, 'k2': 0.54, 'k3': 0.845}",-1.0,1.0,1001,lotka_volterra,[],1e-08,True,True,amigo2,"[['k1', '3.4000e-01'], ['k2', '5.4000e-01'], ['k3', '8.4500e-01'], ['r', '5.1700e-01'], ['w', '3.1400e-01']]",1121.4591386318207
945,189,lotka_volterra_9_1em8,"{'r': 0.298, 'w': 0.355}","{'k1': 0.802, 'k2': 0.398, 'k3': 0.101}",-1.0,1.0,1001,lotka_volterra,[],1e-08,False,False,pe,,
946,189,lotka_volterra_9_1em8,"{'r': 0.298, 'w': 0.355}","{'k1': 0.802, 'k2': 0.398, 'k3': 0.101}",-1.0,1.0,1001,lotka_volterra,[],1e-08,False,False,odepe,,
947,189,lotka_volterra_9_1em8,"{'r': 0.298, 'w': 0.355}","{'k1': 0.802, 'k2': 0.398, 'k3': 0.101}",-1.0,1.0,1001,lotka_volterra,[],1e-08,True,True,sciml,"[['k1', '65.45174094393555'], ['k2', '53.725915509333724'], ['k3', '28.703970877456648'], ['r', '0.878096904835146'], ['w', '67.10497650714184']]",156.26837420463562
948,189,lotka_volterra_9_1em8,"{'r': 0.298, 'w': 0.355}","{'k1': 0.802, 'k2': 0.398, 'k3': 0.101}",-1.0,1.0,1001,lotka_volterra,[],1e-08,False,False,iqm,,
949,189,lotka_volterra_9_1em8,"{'r': 0.298, 'w': 0.355}","{'k1': 0.802, 'k2': 0.398, 'k3': 0.101}",-1.0,1.0,1001,lotka_volterra,[],1e-08,True,True,amigo2,"[['k1', '8.0189e-01'], ['k2', '3.9825e-01'], ['k3', '1.0105e-01'], ['r', '2.9800e-01'], ['w', '3.5450e-01']]",797.8132109642029
950,190,seir_0_1em8,"{'S': 0.369, 'E': 0.805, 'In': 0.856, 'NN': 0.894}","{'a': 0.787, 'b': 0.467, 'nu': 0.456}",-1.0,1.0,1001,seir,[],1e-08,False,False,pe,,
951,190,seir_0_1em8,"{'S': 0.369, 'E': 0.805, 'In': 0.856, 'NN': 0.894}","{'a': 0.787, 'b': 0.467, 'nu': 0.456}",-1.0,1.0,1001,seir,[],1e-08,False,False,odepe,,
952,190,seir_0_1em8,"{'S': 0.369, 'E': 0.805, 'In': 0.856, 'NN': 0.894}","{'a': 0.787, 'b': 0.467, 'nu': 0.456}",-1.0,1.0,1001,seir,[],1e-08,True,True,sciml,"[['a', '3.089395245341925'], ['b', '72.23749089928482'], ['nu', '0.33444487206950324'], ['S', '4.207087238477014e-11'], ['E', '6.982630296691956'], ['In', '0.8561767054571318'], ['NN', '0.893999999764621']]",149.47524976730347
953,190,seir_0_1em8,"{'S': 0.369, 'E': 0.805, 'In': 0.856, 'NN': 0.894}","{'a': 0.787, 'b': 0.467, 'nu': 0.456}",-1.0,1.0,1001,seir,[],1e-08,False,False,iqm,,
954,190,seir_0_1em8,"{'S': 0.369, 'E': 0.805, 'In': 0.856, 'NN': 0.894}","{'a': 0.787, 'b': 0.467, 'nu': 0.456}",-1.0,1.0,1001,seir,[],1e-08,True,True,amigo2,"[['a', '7.8717e-01'], ['b', '4.6673e-01'], ['nu', '4.5602e-01'], ['S', '3.6931e-01'], ['E', '8.0528e-01'], ['In', '8.5600e-01'], ['NN', '8.9400e-01']]",290.4153320789337
955,191,seir_1_1em8,"{'S': 0.641, 'E': 0.296, 'In': 0.273, 'NN': 0.233}","{'a': 0.401, 'b': 0.873, 'nu': 0.734}",-1.0,1.0,1001,seir,[],1e-08,False,False,pe,,
956,191,seir_1_1em8,"{'S': 0.641, 'E': 0.296, 'In': 0.273, 'NN': 0.233}","{'a': 0.401, 'b': 0.873, 'nu': 0.734}",-1.0,1.0,1001,seir,[],1e-08,False,False,odepe,,
957,191,seir_1_1em8,"{'S': 0.641, 'E': 0.296, 'In': 0.273, 'NN': 0.233}","{'a': 0.401, 'b': 0.873, 'nu': 0.734}",-1.0,1.0,1001,seir,[],1e-08,True,True,sciml,"[['a', '0.7347843242647878'], ['b', '0.8728214052923423'], ['nu', '0.4006254442499948'], ['S', '1.1747961859088265'], ['E', '0.7697617693020274'], ['In', '0.27300004636242975'], ['NN', '0.23299999995367138']]",406.4827210903168
958,191,seir_1_1em8,"{'S': 0.641, 'E': 0.296, 'In': 0.273, 'NN': 0.233}","{'a': 0.401, 'b': 0.873, 'nu': 0.734}",-1.0,1.0,1001,seir,[],1e-08,False,False,iqm,,
959,191,seir_1_1em8,"{'S': 0.641, 'E': 0.296, 'In': 0.273, 'NN': 0.233}","{'a': 0.401, 'b': 0.873, 'nu': 0.734}",-1.0,1.0,1001,seir,[],1e-08,True,True,amigo2,"[['a', '7.3399e-01'], ['b', '8.7300e-01'], ['nu', '4.0100e-01'], ['S', '1.1733e+00'], ['E', '7.6850e-01'], ['In', '2.7300e-01'], ['NN', '2.3300e-01']]",303.42771553993225
960,192,seir_2_1em8,"{'S': 0.495, 'E': 0.723, 'In': 0.775, 'NN': 0.211}","{'a': 0.838, 'b': 0.335, 'nu': 0.462}",-1.0,1.0,1001,seir,[],1e-08,False,False,pe,,
961,192,seir_2_1em8,"{'S': 0.495, 'E': 0.723, 'In': 0.775, 'NN': 0.211}","{'a': 0.838, 'b': 0.335, 'nu': 0.462}",-1.0,1.0,1001,seir,[],1e-08,False,False,odepe,,
962,192,seir_2_1em8,"{'S': 0.495, 'E': 0.723, 'In': 0.775, 'NN': 0.211}","{'a': 0.838, 'b': 0.335, 'nu': 0.462}",-1.0,1.0,1001,seir,[],1e-08,True,True,sciml,"[['a', '4.070664169354846'], ['b', '72.83975702544143'], ['nu', '0.26908664736432814'], ['S', '5.205043113035627e-11'], ['E', '10.481227262846508'], ['In', '0.7761459433720221'], ['NN', '0.21100000000982747']]",147.93707466125488
963,192,seir_2_1em8,"{'S': 0.495, 'E': 0.723, 'In': 0.775, 'NN': 0.211}","{'a': 0.838, 'b': 0.335, 'nu': 0.462}",-1.0,1.0,1001,seir,[],1e-08,False,False,iqm,,
964,192,seir_2_1em8,"{'S': 0.495, 'E': 0.723, 'In': 0.775, 'NN': 0.211}","{'a': 0.838, 'b': 0.335, 'nu': 0.462}",-1.0,1.0,1001,seir,[],1e-08,True,True,amigo2,"[['a', '8.3800e-01'], ['b', '3.3500e-01'], ['nu', '4.6200e-01'], ['S', '4.9500e-01'], ['E', '7.2299e-01'], ['In', '7.7500e-01'], ['NN', '2.1100e-01']]",295.44868516921997
965,193,seir_3_1em8,"{'S': 0.182, 'E': 0.225, 'In': 0.343, 'NN': 0.16}","{'a': 0.442, 'b': 0.774, 'nu': 0.754}",-1.0,1.0,1001,seir,[],1e-08,False,False,pe,,
966,193,seir_3_1em8,"{'S': 0.182, 'E': 0.225, 'In': 0.343, 'NN': 0.16}","{'a': 0.442, 'b': 0.774, 'nu': 0.754}",-1.0,1.0,1001,seir,[],1e-08,False,False,odepe,,
967,193,seir_3_1em8,"{'S': 0.182, 'E': 0.225, 'In': 0.343, 'NN': 0.16}","{'a': 0.442, 'b': 0.774, 'nu': 0.754}",-1.0,1.0,1001,seir,[],1e-08,True,True,sciml,"[['a', '0.36761111219285536'], ['b', '0.4118412872415444'], ['nu', '1.7766193905455445'], ['S', '0.22792306799526985'], ['E', '0.08099027475723375'], ['In', '0.3430083373267149'], ['NN', '0.1600000000139514']]",415.9967887401581
968,193,seir_3_1em8,"{'S': 0.182, 'E': 0.225, 'In': 0.343, 'NN': 0.16}","{'a': 0.442, 'b': 0.774, 'nu': 0.754}",-1.0,1.0,1001,seir,[],1e-08,False,False,iqm,,
969,193,seir_3_1em8,"{'S': 0.182, 'E': 0.225, 'In': 0.343, 'NN': 0.16}","{'a': 0.442, 'b': 0.774, 'nu': 0.754}",-1.0,1.0,1001,seir,[],1e-08,True,True,amigo2,"[['a', '7.5400e-01'], ['b', '7.7400e-01'], ['nu', '4.4200e-01'], ['S', '3.1047e-01'], ['E', '6.2594e-01'], ['In', '3.4300e-01'], ['NN', '1.6000e-01']]",312.71307921409607
970,194,seir_4_1em8,"{'S': 0.297, 'E': 0.577, 'In': 0.194, 'NN': 0.881}","{'a': 0.44, 'b': 0.186, 'nu': 0.555}",-1.0,1.0,1001,seir,[],1e-08,False,False,pe,,
971,194,seir_4_1em8,"{'S': 0.297, 'E': 0.577, 'In': 0.194, 'NN': 0.881}","{'a': 0.44, 'b': 0.186, 'nu': 0.555}",-1.0,1.0,1001,seir,[],1e-08,False,False,odepe,,
972,194,seir_4_1em8,"{'S': 0.297, 'E': 0.577, 'In': 0.194, 'NN': 0.881}","{'a': 0.44, 'b': 0.186, 'nu': 0.555}",-1.0,1.0,1001,seir,[],1e-08,True,True,sciml,"[['a', '0.6711548717727135'], ['b', '1.094980645955934'], ['nu', '0.3251150868763014'], ['S', '0.024461560314131044'], ['E', '1.1229571258462985'], ['In', '0.19399935385516306'], ['NN', '0.8809999999696347']]",287.9085566997528
973,194,seir_4_1em8,"{'S': 0.297, 'E': 0.577, 'In': 0.194, 'NN': 0.881}","{'a': 0.44, 'b': 0.186, 'nu': 0.555}",-1.0,1.0,1001,seir,[],1e-08,False,False,iqm,,
974,194,seir_4_1em8,"{'S': 0.297, 'E': 0.577, 'In': 0.194, 'NN': 0.881}","{'a': 0.44, 'b': 0.186, 'nu': 0.555}",-1.0,1.0,1001,seir,[],1e-08,True,True,amigo2,"[['a', '5.9960e-01'], ['b', '2.4009e-01'], ['nu', '3.9546e-01'], ['S', '2.5767e-01'], ['E', '8.8809e-01'], ['In', '1.9400e-01'], ['NN', '8.8100e-01']]",359.4254460334778
975,195,seir_5_1em8,"{'S': 0.3, 'E': 0.487, 'In': 0.132, 'NN': 0.612}","{'a': 0.846, 'b': 0.413, 'nu': 0.294}",-1.0,1.0,1001,seir,[],1e-08,False,False,pe,,
976,195,seir_5_1em8,"{'S': 0.3, 'E': 0.487, 'In': 0.132, 'NN': 0.612}","{'a': 0.846, 'b': 0.413, 'nu': 0.294}",-1.0,1.0,1001,seir,[],1e-08,False,False,odepe,,
977,195,seir_5_1em8,"{'S': 0.3, 'E': 0.487, 'In': 0.132, 'NN': 0.612}","{'a': 0.846, 'b': 0.413, 'nu': 0.294}",-1.0,1.0,1001,seir,[],1e-08,True,True,sciml,"[['a', '0.9549686526338463'], ['b', '2.688801851776994'], ['nu', '0.22449552754152355'], ['S', '0.03392858690023606'], ['E', '0.7019276776334387'], ['In', '0.13199900960409652'], ['NN', '0.6120000000540864']]",220.67909407615662
978,195,seir_5_1em8,"{'S': 0.3, 'E': 0.487, 'In': 0.132, 'NN': 0.612}","{'a': 0.846, 'b': 0.413, 'nu': 0.294}",-1.0,1.0,1001,seir,[],1e-08,False,False,iqm,,
979,195,seir_5_1em8,"{'S': 0.3, 'E': 0.487, 'In': 0.132, 'NN': 0.612}","{'a': 0.846, 'b': 0.413, 'nu': 0.294}",-1.0,1.0,1001,seir,[],1e-08,True,True,amigo2,"[['a', '8.4597e-01'], ['b', '4.1289e-01'], ['nu', '2.9403e-01'], ['S', '3.0012e-01'], ['E', '4.8695e-01'], ['In', '1.3200e-01'], ['NN', '6.1200e-01']]",884.5275585651398
980,196,seir_6_1em8,"{'S': 0.667, 'E': 0.863, 'In': 0.382, 'NN': 0.818}","{'a': 0.427, 'b': 0.402, 'nu': 0.747}",-1.0,1.0,1001,seir,[],1e-08,False,False,pe,,
981,196,seir_6_1em8,"{'S': 0.667, 'E': 0.863, 'In': 0.382, 'NN': 0.818}","{'a': 0.427, 'b': 0.402, 'nu': 0.747}",-1.0,1.0,1001,seir,[],1e-08,False,False,odepe,,
982,196,seir_6_1em8,"{'S': 0.667, 'E': 0.863, 'In': 0.382, 'NN': 0.818}","{'a': 0.427, 'b': 0.402, 'nu': 0.747}",-1.0,1.0,1001,seir,[],1e-08,True,True,sciml,"[['a', '0.8500533200900284'], ['b', '69.04966243119355'], ['nu', '0.18832615410919384'], ['S', '6.610519631625898e-10'], ['E', '4.249463614988731'], ['In', '0.3824981619667676'], ['NN', '0.8180000000628921']]",170.3459620475769
983,196,seir_6_1em8,"{'S': 0.667, 'E': 0.863, 'In': 0.382, 'NN': 0.818}","{'a': 0.427, 'b': 0.402, 'nu': 0.747}",-1.0,1.0,1001,seir,[],1e-08,False,False,iqm,,
984,196,seir_6_1em8,"{'S': 0.667, 'E': 0.863, 'In': 0.382, 'NN': 0.818}","{'a': 0.427, 'b': 0.402, 'nu': 0.747}",-1.0,1.0,1001,seir,[],1e-08,True,True,amigo2,"[['a', '4.2652e-01'], ['b', '4.0238e-01'], ['nu', '7.4751e-01'], ['S', '6.6560e-01'], ['E', '8.6217e-01'], ['In', '3.8200e-01'], ['NN', '8.1800e-01']]",300.3958649635315
985,197,seir_7_1em8,"{'S': 0.331, 'E': 0.8, 'In': 0.19, 'NN': 0.27}","{'a': 0.716, 'b': 0.386, 'nu': 0.597}",-1.0,1.0,1001,seir,[],1e-08,False,False,pe,,
986,197,seir_7_1em8,"{'S': 0.331, 'E': 0.8, 'In': 0.19, 'NN': 0.27}","{'a': 0.716, 'b': 0.386, 'nu': 0.597}",-1.0,1.0,1001,seir,[],1e-08,False,False,odepe,,
987,197,seir_7_1em8,"{'S': 0.331, 'E': 0.8, 'In': 0.19, 'NN': 0.27}","{'a': 0.716, 'b': 0.386, 'nu': 0.597}",-1.0,1.0,1001,seir,[],1e-08,True,True,sciml,"[['a', '0.7378505316295999'], ['b', '0.39299341589130454'], ['nu', '0.5761895084993537'], ['S', '0.33548167337573465'], ['E', '0.8361271061529315'], ['In', '0.18999915958585398'], ['NN', '0.2699999999902091']]",291.2125587463379
988,197,seir_7_1em8,"{'S': 0.331, 'E': 0.8, 'In': 0.19, 'NN': 0.27}","{'a': 0.716, 'b': 0.386, 'nu': 0.597}",-1.0,1.0,1001,seir,[],1e-08,False,False,iqm,,
989,197,seir_7_1em8,"{'S': 0.331, 'E': 0.8, 'In': 0.19, 'NN': 0.27}","{'a': 0.716, 'b': 0.386, 'nu': 0.597}",-1.0,1.0,1001,seir,[],1e-08,True,True,amigo2,"[['a', '7.1600e-01'], ['b', '3.8600e-01'], ['nu', '5.9700e-01'], ['S', '3.3100e-01'], ['E', '8.0001e-01'], ['In', '1.9000e-01'], ['NN', '2.7000e-01']]",331.7195575237274
990,198,seir_8_1em8,"{'S': 0.522, 'E': 0.49, 'In': 0.1, 'NN': 0.44}","{'a': 0.246, 'b': 0.422, 'nu': 0.696}",-1.0,1.0,1001,seir,[],1e-08,False,False,pe,,
991,198,seir_8_1em8,"{'S': 0.522, 'E': 0.49, 'In': 0.1, 'NN': 0.44}","{'a': 0.246, 'b': 0.422, 'nu': 0.696}",-1.0,1.0,1001,seir,[],1e-08,False,False,odepe,,
992,198,seir_8_1em8,"{'S': 0.522, 'E': 0.49, 'In': 0.1, 'NN': 0.44}","{'a': 0.246, 'b': 0.422, 'nu': 0.696}",-1.0,1.0,1001,seir,[],1e-08,True,True,sciml,"[['a', '0.7231925123335564'], ['b', '70.92276185804234'], ['nu', '0.003759720629911038'], ['S', '6.765366660620391e-12'], ['E', '99.99999999964545'], ['In', '0.10154355717948185'], ['NN', '0.4399999999093274']]",166.17440819740295
993,198,seir_8_1em8,"{'S': 0.522, 'E': 0.49, 'In': 0.1, 'NN': 0.44}","{'a': 0.246, 'b': 0.422, 'nu': 0.696}",-1.0,1.0,1001,seir,[],1e-08,False,False,iqm,,
994,198,seir_8_1em8,"{'S': 0.522, 'E': 0.49, 'In': 0.1, 'NN': 0.44}","{'a': 0.246, 'b': 0.422, 'nu': 0.696}",-1.0,1.0,1001,seir,[],1e-08,True,True,amigo2,"[['a', '6.9690e-01'], ['b', '4.2266e-01'], ['nu', '2.4513e-01'], ['S', '1.4783e+00'], ['E', '1.5752e+00'], ['In', '1.0000e-01'], ['NN', '4.4000e-01']]",335.4075562953949
995,199,seir_9_1em8,"{'S': 0.272, 'E': 0.787, 'In': 0.742, 'NN': 0.227}","{'a': 0.151, 'b': 0.267, 'nu': 0.846}",-1.0,1.0,1001,seir,[],1e-08,False,False,pe,,
996,199,seir_9_1em8,"{'S': 0.272, 'E': 0.787, 'In': 0.742, 'NN': 0.227}","{'a': 0.151, 'b': 0.267, 'nu': 0.846}",-1.0,1.0,1001,seir,[],1e-08,False,False,odepe,,
997,199,seir_9_1em8,"{'S': 0.272, 'E': 0.787, 'In': 0.742, 'NN': 0.227}","{'a': 0.151, 'b': 0.267, 'nu': 0.846}",-1.0,1.0,1001,seir,[],1e-08,True,True,sciml,"[['a', '0.8461348813087993'], ['b', '0.2670029036021185'], ['nu', '0.15097826016689486'], ['S', '1.5245539973715805'], ['E', '7.8262453261579905'], ['In', '0.7419999586395127'], ['NN', '0.2269999999899185']]",315.72300267219543
998,199,seir_9_1em8,"{'S': 0.272, 'E': 0.787, 'In': 0.742, 'NN': 0.227}","{'a': 0.151, 'b': 0.267, 'nu': 0.846}",-1.0,1.0,1001,seir,[],1e-08,False,False,iqm,,
999,199,seir_9_1em8,"{'S': 0.272, 'E': 0.787, 'In': 0.742, 'NN': 0.227}","{'a': 0.151, 'b': 0.267, 'nu': 0.846}",-1.0,1.0,1001,seir,[],1e-08,True,True,amigo2,"[['a', '1.5100e-01'], ['b', '2.6700e-01'], ['nu', '8.4599e-01'], ['S', '2.7200e-01'], ['E', '7.8701e-01'], ['In', '7.4200e-01'], ['NN', '2.2700e-01']]",259.0388674736023
1000,200,vanderpol_0_1em8,"{'x1': 0.682, 'x2': 0.61}","{'a': 0.585, 'b': 0.193}",-1.0,1.0,1001,vanderpol,[],1e-08,False,False,pe,,
1001,200,vanderpol_0_1em8,"{'x1': 0.682, 'x2': 0.61}","{'a': 0.585, 'b': 0.193}",-1.0,1.0,1001,vanderpol,[],1e-08,False,False,odepe,,
1002,200,vanderpol_0_1em8,"{'x1': 0.682, 'x2': 0.61}","{'a': 0.585, 'b': 0.193}",-1.0,1.0,1001,vanderpol,[],1e-08,True,True,sciml,"[['a', '6.95330910022415e-13'], ['b', '99.99999999071039'], ['x1', '1.0023098381151023'], ['x2', '0.883717902280981']]",142.65739107131958
1003,200,vanderpol_0_1em8,"{'x1': 0.682, 'x2': 0.61}","{'a': 0.585, 'b': 0.193}",-1.0,1.0,1001,vanderpol,[],1e-08,False,False,iqm,,
1004,200,vanderpol_0_1em8,"{'x1': 0.682, 'x2': 0.61}","{'a': 0.585, 'b': 0.193}",-1.0,1.0,1001,vanderpol,[],1e-08,True,True,amigo2,"[['a', '5.8500e-01'], ['b', '1.9300e-01'], ['x1', '6.8200e-01'], ['x2', '6.1000e-01']]",282.47407746315
1005,201,vanderpol_1_1em8,"{'x1': 0.832, 'x2': 0.139}","{'a': 0.75, 'b': 0.484}",-1.0,1.0,1001,vanderpol,[],1e-08,False,False,pe,,
1006,201,vanderpol_1_1em8,"{'x1': 0.832, 'x2': 0.139}","{'a': 0.75, 'b': 0.484}",-1.0,1.0,1001,vanderpol,[],1e-08,False,False,odepe,,
1007,201,vanderpol_1_1em8,"{'x1': 0.832, 'x2': 0.139}","{'a': 0.75, 'b': 0.484}",-1.0,1.0,1001,vanderpol,[],1e-08,True,True,sciml,"[['a', '0.0009180829464638089'], ['b', '99.99999999999999'], ['x1', '1.0017583323983599'], ['x2', '0.19618334240001747']]",186.83540177345276
1008,201,vanderpol_1_1em8,"{'x1': 0.832, 'x2': 0.139}","{'a': 0.75, 'b': 0.484}",-1.0,1.0,1001,vanderpol,[],1e-08,False,False,iqm,,
1009,201,vanderpol_1_1em8,"{'x1': 0.832, 'x2': 0.139}","{'a': 0.75, 'b': 0.484}",-1.0,1.0,1001,vanderpol,[],1e-08,True,True,amigo2,"[['a', '7.5000e-01'], ['b', '4.8400e-01'], ['x1', '8.3200e-01'], ['x2', '1.3900e-01']]",391.41355538368225
1010,202,vanderpol_2_1em8,"{'x1': 0.434, 'x2': 0.238}","{'a': 0.334, 'b': 0.672}",-1.0,1.0,1001,vanderpol,[],1e-08,False,False,pe,,
1011,202,vanderpol_2_1em8,"{'x1': 0.434, 'x2': 0.238}","{'a': 0.334, 'b': 0.672}",-1.0,1.0,1001,vanderpol,[],1e-08,False,False,odepe,,
1012,202,vanderpol_2_1em8,"{'x1': 0.434, 'x2': 0.238}","{'a': 0.334, 'b': 0.672}",-1.0,1.0,1001,vanderpol,[],1e-08,True,True,sciml,"[['a', '0.3339999987034747'], ['b', '0.6720000015008581'], ['x1', '0.4339999999073488'], ['x2', '0.23799999974420857']]",132.95541548728943
1013,202,vanderpol_2_1em8,"{'x1': 0.434, 'x2': 0.238}","{'a': 0.334, 'b': 0.672}",-1.0,1.0,1001,vanderpol,[],1e-08,False,False,iqm,,
1014,202,vanderpol_2_1em8,"{'x1': 0.434, 'x2': 0.238}","{'a': 0.334, 'b': 0.672}",-1.0,1.0,1001,vanderpol,[],1e-08,True,True,amigo2,"[['a', '3.3400e-01'], ['b', '6.7200e-01'], ['x1', '4.3400e-01'], ['x2', '2.3800e-01']]",644.5895259380341
1015,203,vanderpol_3_1em8,"{'x1': 0.479, 'x2': 0.806}","{'a': 0.186, 'b': 0.754}",-1.0,1.0,1001,vanderpol,[],1e-08,False,False,pe,,
1016,203,vanderpol_3_1em8,"{'x1': 0.479, 'x2': 0.806}","{'a': 0.186, 'b': 0.754}",-1.0,1.0,1001,vanderpol,[],1e-08,False,False,odepe,,
1017,203,vanderpol_3_1em8,"{'x1': 0.479, 'x2': 0.806}","{'a': 0.186, 'b': 0.754}",-1.0,1.0,1001,vanderpol,[],1e-08,True,True,sciml,"[['a', '1.1460108816591044e-11'], ['b', '99.99999999934715'], ['x1', '1.0481729254373613'], ['x2', '1.6930598743404068']]",137.81951665878296
1018,203,vanderpol_3_1em8,"{'x1': 0.479, 'x2': 0.806}","{'a': 0.186, 'b': 0.754}",-1.0,1.0,1001,vanderpol,[],1e-08,False,False,iqm,,
1019,203,vanderpol_3_1em8,"{'x1': 0.479, 'x2': 0.806}","{'a': 0.186, 'b': 0.754}",-1.0,1.0,1001,vanderpol,[],1e-08,True,True,amigo2,"[['a', '1.8600e-01'], ['b', '7.5400e-01'], ['x1', '4.7900e-01'], ['x2', '8.0600e-01']]",276.50465393066406
1020,204,vanderpol_4_1em8,"{'x1': 0.399, 'x2': 0.513}","{'a': 0.687, 'b': 0.428}",-1.0,1.0,1001,vanderpol,[],1e-08,False,False,pe,,
1021,204,vanderpol_4_1em8,"{'x1': 0.399, 'x2': 0.513}","{'a': 0.687, 'b': 0.428}",-1.0,1.0,1001,vanderpol,[],1e-08,False,False,odepe,,
1022,204,vanderpol_4_1em8,"{'x1': 0.399, 'x2': 0.513}","{'a': 0.687, 'b': 0.428}",-1.0,1.0,1001,vanderpol,[],1e-08,True,True,sciml,"[['a', '0.6869999990654025'], ['b', '0.4279999984944273'], ['x1', '0.3990000001134897'], ['x2', '0.5130000002993488']]",138.03927731513977
1023,204,vanderpol_4_1em8,"{'x1': 0.399, 'x2': 0.513}","{'a': 0.687, 'b': 0.428}",-1.0,1.0,1001,vanderpol,[],1e-08,False,False,iqm,,
1024,204,vanderpol_4_1em8,"{'x1': 0.399, 'x2': 0.513}","{'a': 0.687, 'b': 0.428}",-1.0,1.0,1001,vanderpol,[],1e-08,True,True,amigo2,"[['a', '6.8700e-01'], ['b', '4.2800e-01'], ['x1', '3.9900e-01'], ['x2', '5.1300e-01']]",573.4011080265045
1025,205,vanderpol_5_1em8,"{'x1': 0.104, 'x2': 0.655}","{'a': 0.811, 'b': 0.69}",-1.0,1.0,1001,vanderpol,[],1e-08,False,False,pe,,
1026,205,vanderpol_5_1em8,"{'x1': 0.104, 'x2': 0.655}","{'a': 0.811, 'b': 0.69}",-1.0,1.0,1001,vanderpol,[],1e-08,False,False,odepe,,
1027,205,vanderpol_5_1em8,"{'x1': 0.104, 'x2': 0.655}","{'a': 0.811, 'b': 0.69}",-1.0,1.0,1001,vanderpol,[],1e-08,True,True,sciml,"[['a', '1.8440551487691987e-11'], ['b', '99.99999999890349'], ['x1', '1.0509657023379277'], ['x2', '1.451381490253303']]",141.21737480163574
1028,205,vanderpol_5_1em8,"{'x1': 0.104, 'x2': 0.655}","{'a': 0.811, 'b': 0.69}",-1.0,1.0,1001,vanderpol,[],1e-08,False,False,iqm,,
1029,205,vanderpol_5_1em8,"{'x1': 0.104, 'x2': 0.655}","{'a': 0.811, 'b': 0.69}",-1.0,1.0,1001,vanderpol,[],1e-08,True,True,amigo2,"[['a', '8.1100e-01'], ['b', '6.9000e-01'], ['x1', '1.0400e-01'], ['x2', '6.5500e-01']]",304.0659260749817
1030,206,vanderpol_6_1em8,"{'x1': 0.242, 'x2': 0.487}","{'a': 0.836, 'b': 0.668}",-1.0,1.0,1001,vanderpol,[],1e-08,False,False,pe,,
1031,206,vanderpol_6_1em8,"{'x1': 0.242, 'x2': 0.487}","{'a': 0.836, 'b': 0.668}",-1.0,1.0,1001,vanderpol,[],1e-08,False,False,odepe,,
1032,206,vanderpol_6_1em8,"{'x1': 0.242, 'x2': 0.487}","{'a': 0.836, 'b': 0.668}",-1.0,1.0,1001,vanderpol,[],1e-08,True,True,sciml,"[['a', '0.04887298019661905'], ['b', '99.99999999941275'], ['x1', '1.025066591418284'], ['x2', '1.1490553684531764']]",297.5208582878113
1033,206,vanderpol_6_1em8,"{'x1': 0.242, 'x2': 0.487}","{'a': 0.836, 'b': 0.668}",-1.0,1.0,1001,vanderpol,[],1e-08,False,False,iqm,,
1034,206,vanderpol_6_1em8,"{'x1': 0.242, 'x2': 0.487}","{'a': 0.836, 'b': 0.668}",-1.0,1.0,1001,vanderpol,[],1e-08,True,True,amigo2,"[['a', '8.3600e-01'], ['b', '6.6800e-01'], ['x1', '2.4200e-01'], ['x2', '4.8700e-01']]",493.5503034591675
1035,207,vanderpol_7_1em8,"{'x1': 0.85, 'x2': 0.839}","{'a': 0.212, 'b': 0.387}",-1.0,1.0,1001,vanderpol,[],1e-08,False,False,pe,,
1036,207,vanderpol_7_1em8,"{'x1': 0.85, 'x2': 0.839}","{'a': 0.212, 'b': 0.387}",-1.0,1.0,1001,vanderpol,[],1e-08,False,False,odepe,,
1037,207,vanderpol_7_1em8,"{'x1': 0.85, 'x2': 0.839}","{'a': 0.212, 'b': 0.387}",-1.0,1.0,1001,vanderpol,[],1e-08,True,True,sciml,"[['a', '0.2119999971781382'], ['b', '0.38700000064191403'], ['x1', '0.8500000008708523'], ['x2', '0.839000000079389']]",215.48263335227966
1038,207,vanderpol_7_1em8,"{'x1': 0.85, 'x2': 0.839}","{'a': 0.212, 'b': 0.387}",-1.0,1.0,1001,vanderpol,[],1e-08,False,False,iqm,,
1039,207,vanderpol_7_1em8,"{'x1': 0.85, 'x2': 0.839}","{'a': 0.212, 'b': 0.387}",-1.0,1.0,1001,vanderpol,[],1e-08,True,True,amigo2,"[['a', '2.1200e-01'], ['b', '3.8700e-01'], ['x1', '8.5000e-01'], ['x2', '8.3900e-01']]",480.47003984451294
1040,208,vanderpol_8_1em8,"{'x1': 0.58, 'x2': 0.871}","{'a': 0.326, 'b': 0.372}",-1.0,1.0,1001,vanderpol,[],1e-08,False,False,pe,,
1041,208,vanderpol_8_1em8,"{'x1': 0.58, 'x2': 0.871}","{'a': 0.326, 'b': 0.372}",-1.0,1.0,1001,vanderpol,[],1e-08,False,False,odepe,,
1042,208,vanderpol_8_1em8,"{'x1': 0.58, 'x2': 0.871}","{'a': 0.326, 'b': 0.372}",-1.0,1.0,1001,vanderpol,[],1e-08,True,True,sciml,"[['a', '0.3259999975866358'], ['b', '0.3719999996571206'], ['x1', '0.5800000012645781'], ['x2', '0.8710000005311378']]",150.87365865707397
1043,208,vanderpol_8_1em8,"{'x1': 0.58, 'x2': 0.871}","{'a': 0.326, 'b': 0.372}",-1.0,1.0,1001,vanderpol,[],1e-08,False,False,iqm,,
1044,208,vanderpol_8_1em8,"{'x1': 0.58, 'x2': 0.871}","{'a': 0.326, 'b': 0.372}",-1.0,1.0,1001,vanderpol,[],1e-08,True,True,amigo2,"[['a', '3.2600e-01'], ['b', '3.7200e-01'], ['x1', '5.8000e-01'], ['x2', '8.7100e-01']]",285.35518765449524
1045,209,vanderpol_9_1em8,"{'x1': 0.799, 'x2': 0.494}","{'a': 0.218, 'b': 0.306}",-1.0,1.0,1001,vanderpol,[],1e-08,False,False,pe,,
1046,209,vanderpol_9_1em8,"{'x1': 0.799, 'x2': 0.494}","{'a': 0.218, 'b': 0.306}",-1.0,1.0,1001,vanderpol,[],1e-08,False,False,odepe,,
1047,209,vanderpol_9_1em8,"{'x1': 0.799, 'x2': 0.494}","{'a': 0.218, 'b': 0.306}",-1.0,1.0,1001,vanderpol,[],1e-08,True,True,sciml,"[['a', '0.0016944830806699064'], ['b', '99.99999999999999'], ['x1', '1.0018084016119417'], ['x2', '0.6653477841014054']]",522.3179104328156
1048,209,vanderpol_9_1em8,"{'x1': 0.799, 'x2': 0.494}","{'a': 0.218, 'b': 0.306}",-1.0,1.0,1001,vanderpol,[],1e-08,False,False,iqm,,
1049,209,vanderpol_9_1em8,"{'x1': 0.799, 'x2': 0.494}","{'a': 0.218, 'b': 0.306}",-1.0,1.0,1001,vanderpol,[],1e-08,True,True,amigo2,"[['a', '2.1800e-01'], ['b', '3.0600e-01'], ['x1', '7.9900e-01'], ['x2', '4.9400e-01']]",700.2230582237244
1050,210,slowfast_0_1em8,"{'xA': 0.361, 'xB': 0.353, 'xC': 0.458, 'eA': 0.446, 'eC': 0.386}","{'k1': 0.819, 'k2': 0.248, 'eB': 0.526}",-1.0,1.0,1001,slowfast,[],1e-08,False,False,pe,,
1051,210,slowfast_0_1em8,"{'xA': 0.361, 'xB': 0.353, 'xC': 0.458, 'eA': 0.446, 'eC': 0.386}","{'k1': 0.819, 'k2': 0.248, 'eB': 0.526}",-1.0,1.0,1001,slowfast,[],1e-08,False,False,odepe,,
1052,210,slowfast_0_1em8,"{'xA': 0.361, 'xB': 0.353, 'xC': 0.458, 'eA': 0.446, 'eC': 0.386}","{'k1': 0.819, 'k2': 0.248, 'eB': 0.526}",-1.0,1.0,1001,slowfast,[],1e-08,True,True,sciml,"[['k1', '0.24799996120109327'], ['k2', '0.819000294167218'], ['eB', '0.7101935868378046'], ['xA', '0.6071087293750648'], ['xB', '0.10689128655119584'], ['xC', '0.45800000110304556'], ['eA', '0.44599999993278977'], ['eC', '0.3860000000075246']]",179.1689383983612
1053,210,slowfast_0_1em8,"{'xA': 0.361, 'xB': 0.353, 'xC': 0.458, 'eA': 0.446, 'eC': 0.386}","{'k1': 0.819, 'k2': 0.248, 'eB': 0.526}",-1.0,1.0,1001,slowfast,[],1e-08,False,False,iqm,,
1054,210,slowfast_0_1em8,"{'xA': 0.361, 'xB': 0.353, 'xC': 0.458, 'eA': 0.446, 'eC': 0.386}","{'k1': 0.819, 'k2': 0.248, 'eB': 0.526}",-1.0,1.0,1001,slowfast,[],1e-08,True,True,amigo2,"[['k1', '2.4800e-01'], ['k2', '8.1900e-01'], ['eB', '7.1019e-01'], ['xA', '6.0711e-01'], ['xB', '1.0689e-01'], ['xC', '4.5800e-01'], ['eA', '4.4600e-01'], ['eC', '3.8600e-01']]",511.2438929080963
1055,211,slowfast_1_1em8,"{'xA': 0.332, 'xB': 0.562, 'xC': 0.723, 'eA': 0.736, 'eC': 0.376}","{'k1': 0.832, 'k2': 0.685, 'eB': 0.682}",-1.0,1.0,1001,slowfast,[],1e-08,False,False,pe,,
1056,211,slowfast_1_1em8,"{'xA': 0.332, 'xB': 0.562, 'xC': 0.723, 'eA': 0.736, 'eC': 0.376}","{'k1': 0.832, 'k2': 0.685, 'eB': 0.682}",-1.0,1.0,1001,slowfast,[],1e-08,False,False,odepe,,
1057,211,slowfast_1_1em8,"{'xA': 0.332, 'xB': 0.562, 'xC': 0.723, 'eA': 0.736, 'eC': 0.376}","{'k1': 0.832, 'k2': 0.685, 'eB': 0.682}",-1.0,1.0,1001,slowfast,[],1e-08,True,True,sciml,"[['k1', '0.6849998639812535'], ['k2', '0.8320002256236333'], ['eB', '0.670411661204968'], ['xA', '0.4312957979978313'], ['xB', '0.4627042027167836'], ['xC', '0.7229999997781351'], ['eA', '0.7360000002883298'], ['eC', '0.3759999997787825']]",180.8573021888733
1058,211,slowfast_1_1em8,"{'xA': 0.332, 'xB': 0.562, 'xC': 0.723, 'eA': 0.736, 'eC': 0.376}","{'k1': 0.832, 'k2': 0.685, 'eB': 0.682}",-1.0,1.0,1001,slowfast,[],1e-08,False,False,iqm,,
1059,211,slowfast_1_1em8,"{'xA': 0.332, 'xB': 0.562, 'xC': 0.723, 'eA': 0.736, 'eC': 0.376}","{'k1': 0.832, 'k2': 0.685, 'eB': 0.682}",-1.0,1.0,1001,slowfast,[],1e-08,True,True,amigo2,"[['k1', '6.8500e-01'], ['k2', '8.3200e-01'], ['eB', '6.7041e-01'], ['xA', '4.3130e-01'], ['xB', '4.6270e-01'], ['xC', '7.2300e-01'], ['eA', '7.3600e-01'], ['eC', '3.7600e-01']]",690.8166856765747
1060,212,slowfast_2_1em8,"{'xA': 0.793, 'xB': 0.453, 'xC': 0.489, 'eA': 0.459, 'eC': 0.554}","{'k1': 0.717, 'k2': 0.689, 'eB': 0.213}",-1.0,1.0,1001,slowfast,[],1e-08,False,False,pe,,
1061,212,slowfast_2_1em8,"{'xA': 0.793, 'xB': 0.453, 'xC': 0.489, 'eA': 0.459, 'eC': 0.554}","{'k1': 0.717, 'k2': 0.689, 'eB': 0.213}",-1.0,1.0,1001,slowfast,[],1e-08,False,False,odepe,,
1062,212,slowfast_2_1em8,"{'xA': 0.793, 'xB': 0.453, 'xC': 0.489, 'eA': 0.459, 'eC': 0.554}","{'k1': 0.717, 'k2': 0.689, 'eB': 0.213}",-1.0,1.0,1001,slowfast,[],1e-08,True,True,sciml,"[['k1', '0.7169995487657774'], ['k2', '0.689000399021366'], ['eB', '0.2129998465476942'], ['xA', '0.7930002720919657'], ['xB', '0.4529997386825304'], ['xC', '0.48900000088669104'], ['eA', '0.4590000000616855'], ['eC', '0.5540000001245918']]",180.71731877326965
1063,212,slowfast_2_1em8,"{'xA': 0.793, 'xB': 0.453, 'xC': 0.489, 'eA': 0.459, 'eC': 0.554}","{'k1': 0.717, 'k2': 0.689, 'eB': 0.213}",-1.0,1.0,1001,slowfast,[],1e-08,False,False,iqm,,
1064,212,slowfast_2_1em8,"{'xA': 0.793, 'xB': 0.453, 'xC': 0.489, 'eA': 0.459, 'eC': 0.554}","{'k1': 0.717, 'k2': 0.689, 'eB': 0.213}",-1.0,1.0,1001,slowfast,[],1e-08,True,True,amigo2,"[['k1', '6.8900e-01'], ['k2', '7.1700e-01'], ['eB', '2.0300e-01'], ['xA', '8.1069e-01'], ['xB', '4.3531e-01'], ['xC', '4.8900e-01'], ['eA', '4.5900e-01'], ['eC', '5.5400e-01']]",1042.7593922615051
1065,213,slowfast_3_1em8,"{'xA': 0.602, 'xB': 0.421, 'xC': 0.433, 'eA': 0.749, 'eC': 0.379}","{'k1': 0.597, 'k2': 0.499, 'eB': 0.793}",-1.0,1.0,1001,slowfast,[],1e-08,False,False,pe,,
1066,213,slowfast_3_1em8,"{'xA': 0.602, 'xB': 0.421, 'xC': 0.433, 'eA': 0.749, 'eC': 0.379}","{'k1': 0.597, 'k2': 0.499, 'eB': 0.793}",-1.0,1.0,1001,slowfast,[],1e-08,False,False,odepe,,
1067,213,slowfast_3_1em8,"{'xA': 0.602, 'xB': 0.421, 'xC': 0.433, 'eA': 0.749, 'eC': 0.379}","{'k1': 0.597, 'k2': 0.499, 'eB': 0.793}",-1.0,1.0,1001,slowfast,[],1e-08,True,True,sciml,"[['k1', '0.5970092451362761'], ['k2', '0.4989935987713296'], ['eB', '0.7929993587689927'], ['xA', '0.6019947970299344'], ['xB', '0.42100524059950717'], ['xC', '0.43300000852726594'], ['eA', '0.7489999998953517'], ['eC', '0.37899999990050987']]",194.1584117412567
1068,213,slowfast_3_1em8,"{'xA': 0.602, 'xB': 0.421, 'xC': 0.433, 'eA': 0.749, 'eC': 0.379}","{'k1': 0.597, 'k2': 0.499, 'eB': 0.793}",-1.0,1.0,1001,slowfast,[],1e-08,False,False,iqm,,
1069,213,slowfast_3_1em8,"{'xA': 0.602, 'xB': 0.421, 'xC': 0.433, 'eA': 0.749, 'eC': 0.379}","{'k1': 0.597, 'k2': 0.499, 'eB': 0.793}",-1.0,1.0,1001,slowfast,[],1e-08,True,True,amigo2,"[['k1', '4.9900e-01'], ['k2', '5.9700e-01'], ['eB', '8.0164e-01'], ['xA', '6.7111e-01'], ['xB', '3.5189e-01'], ['xC', '4.3300e-01'], ['eA', '7.4900e-01'], ['eC', '3.7900e-01']]",697.0962941646576
1070,214,slowfast_4_1em8,"{'xA': 0.835, 'xB': 0.196, 'xC': 0.368, 'eA': 0.24, 'eC': 0.193}","{'k1': 0.269, 'k2': 0.148, 'eB': 0.801}",-1.0,1.0,1001,slowfast,[],1e-08,False,False,pe,,
1071,214,slowfast_4_1em8,"{'xA': 0.835, 'xB': 0.196, 'xC': 0.368, 'eA': 0.24, 'eC': 0.193}","{'k1': 0.269, 'k2': 0.148, 'eB': 0.801}",-1.0,1.0,1001,slowfast,[],1e-08,False,False,odepe,,
1072,214,slowfast_4_1em8,"{'xA': 0.835, 'xB': 0.196, 'xC': 0.368, 'eA': 0.24, 'eC': 0.193}","{'k1': 0.269, 'k2': 0.148, 'eB': 0.801}",-1.0,1.0,1001,slowfast,[],1e-08,True,True,sciml,"[['k1', '0.26899997927024716'], ['k2', '0.14800002037514598'], ['eB', '0.8010001648882348'], ['xA', '0.8349998785253296'], ['xB', '0.19599999525240933'], ['xC', '0.3679999989297314'], ['eA', '0.24000000012693232'], ['eC', '0.19299999996079506']]",190.17917370796204
1073,214,slowfast_4_1em8,"{'xA': 0.835, 'xB': 0.196, 'xC': 0.368, 'eA': 0.24, 'eC': 0.193}","{'k1': 0.269, 'k2': 0.148, 'eB': 0.801}",-1.0,1.0,1001,slowfast,[],1e-08,False,False,iqm,,
1074,214,slowfast_4_1em8,"{'xA': 0.835, 'xB': 0.196, 'xC': 0.368, 'eA': 0.24, 'eC': 0.193}","{'k1': 0.269, 'k2': 0.148, 'eB': 0.801}",-1.0,1.0,1001,slowfast,[],1e-08,True,True,amigo2,"[['k1', '1.4800e-01'], ['k2', '2.6900e-01'], ['eB', '1.2597e+00'], ['xA', '9.2316e-01'], ['xB', '1.0784e-01'], ['xC', '3.6800e-01'], ['eA', '2.4000e-01'], ['eC', '1.9300e-01']]",613.7834022045135
1075,215,slowfast_5_1em8,"{'xA': 0.177, 'xB': 0.791, 'xC': 0.553, 'eA': 0.394, 'eC': 0.374}","{'k1': 0.82, 'k2': 0.146, 'eB': 0.884}",-1.0,1.0,1001,slowfast,[],1e-08,False,False,pe,,
1076,215,slowfast_5_1em8,"{'xA': 0.177, 'xB': 0.791, 'xC': 0.553, 'eA': 0.394, 'eC': 0.374}","{'k1': 0.82, 'k2': 0.146, 'eB': 0.884}",-1.0,1.0,1001,slowfast,[],1e-08,False,False,odepe,,
1077,215,slowfast_5_1em8,"{'xA': 0.177, 'xB': 0.791, 'xC': 0.553, 'eA': 0.394, 'eC': 0.374}","{'k1': 0.82, 'k2': 0.146, 'eB': 0.884}",-1.0,1.0,1001,slowfast,[],1e-08,True,True,sciml,"[['k1', '0.1459999321180909'], ['k2', '0.8200010002709482'], ['eB', '3.146057556605509'], ['xA', '0.8271638026688207'], ['xB', '0.14083641211360154'], ['xC', '0.5530000003900256'], ['eA', '0.3939999998443896'], ['eC', '0.3739999998386692']]",188.55615043640137
1078,215,slowfast_5_1em8,"{'xA': 0.177, 'xB': 0.791, 'xC': 0.553, 'eA': 0.394, 'eC': 0.374}","{'k1': 0.82, 'k2': 0.146, 'eB': 0.884}",-1.0,1.0,1001,slowfast,[],1e-08,False,False,iqm,,
1079,215,slowfast_5_1em8,"{'xA': 0.177, 'xB': 0.791, 'xC': 0.553, 'eA': 0.394, 'eC': 0.374}","{'k1': 0.82, 'k2': 0.146, 'eB': 0.884}",-1.0,1.0,1001,slowfast,[],1e-08,True,True,amigo2,"[['k1', '1.4600e-01'], ['k2', '8.2000e-01'], ['eB', '3.1461e+00'], ['xA', '8.2716e-01'], ['xB', '1.4084e-01'], ['xC', '5.5300e-01'], ['eA', '3.9400e-01'], ['eC', '3.7400e-01']]",517.0655241012573
1080,216,slowfast_6_1em8,"{'xA': 0.514, 'xB': 0.488, 'xC': 0.821, 'eA': 0.544, 'eC': 0.761}","{'k1': 0.706, 'k2': 0.352, 'eB': 0.626}",-1.0,1.0,1001,slowfast,[],1e-08,False,False,pe,,
1081,216,slowfast_6_1em8,"{'xA': 0.514, 'xB': 0.488, 'xC': 0.821, 'eA': 0.544, 'eC': 0.761}","{'k1': 0.706, 'k2': 0.352, 'eB': 0.626}",-1.0,1.0,1001,slowfast,[],1e-08,False,False,odepe,,
1082,216,slowfast_6_1em8,"{'xA': 0.514, 'xB': 0.488, 'xC': 0.821, 'eA': 0.544, 'eC': 0.761}","{'k1': 0.706, 'k2': 0.352, 'eB': 0.626}",-1.0,1.0,1001,slowfast,[],1e-08,True,True,sciml,"[['k1', '0.706000631162732'], ['k2', '0.3519998323126961'], ['eB', '0.625999933573014'], ['xA', '0.5139998307229786'], ['xB', '0.4880001944037036'], ['xC', '0.8210000018631926'], ['eA', '0.5439999999187923'], ['eC', '0.7610000001438096']]",220.84944820404053
1083,216,slowfast_6_1em8,"{'xA': 0.514, 'xB': 0.488, 'xC': 0.821, 'eA': 0.544, 'eC': 0.761}","{'k1': 0.706, 'k2': 0.352, 'eB': 0.626}",-1.0,1.0,1001,slowfast,[],1e-08,False,False,iqm,,
1084,216,slowfast_6_1em8,"{'xA': 0.514, 'xB': 0.488, 'xC': 0.821, 'eA': 0.544, 'eC': 0.761}","{'k1': 0.706, 'k2': 0.352, 'eB': 0.626}",-1.0,1.0,1001,slowfast,[],1e-08,True,True,amigo2,"[['k1', '7.0600e-01'], ['k2', '3.5200e-01'], ['eB', '6.2600e-01'], ['xA', '5.1400e-01'], ['xB', '4.8800e-01'], ['xC', '8.2100e-01'], ['eA', '5.4400e-01'], ['eC', '7.6100e-01']]",606.3033754825592
1085,217,slowfast_7_1em8,"{'xA': 0.273, 'xB': 0.823, 'xC': 0.134, 'eA': 0.366, 'eC': 0.18}","{'k1': 0.68, 'k2': 0.131, 'eB': 0.718}",-1.0,1.0,1001,slowfast,[],1e-08,False,False,pe,,
1086,217,slowfast_7_1em8,"{'xA': 0.273, 'xB': 0.823, 'xC': 0.134, 'eA': 0.366, 'eC': 0.18}","{'k1': 0.68, 'k2': 0.131, 'eB': 0.718}",-1.0,1.0,1001,slowfast,[],1e-08,False,False,odepe,,
1087,217,slowfast_7_1em8,"{'xA': 0.273, 'xB': 0.823, 'xC': 0.134, 'eA': 0.366, 'eC': 0.18}","{'k1': 0.68, 'k2': 0.131, 'eB': 0.718}",-1.0,1.0,1001,slowfast,[],1e-08,True,True,sciml,"[['k1', '0.13099960129033603'], ['k2', '0.6800039224330948'], ['eB', '2.1931824189827775'], ['xA', '0.9374540302279512'], ['xB', '0.15854760468258627'], ['xC', '0.13399999990115416'], ['eA', '0.36600000004084965'], ['eC', '0.1800000000244892']]",212.43020153045654
1088,217,slowfast_7_1em8,"{'xA': 0.273, 'xB': 0.823, 'xC': 0.134, 'eA': 0.366, 'eC': 0.18}","{'k1': 0.68, 'k2': 0.131, 'eB': 0.718}",-1.0,1.0,1001,slowfast,[],1e-08,False,False,iqm,,
1089,217,slowfast_7_1em8,"{'xA': 0.273, 'xB': 0.823, 'xC': 0.134, 'eA': 0.366, 'eC': 0.18}","{'k1': 0.68, 'k2': 0.131, 'eB': 0.718}",-1.0,1.0,1001,slowfast,[],1e-08,True,True,amigo2,"[['k1', '1.3100e-01'], ['k2', '6.8000e-01'], ['eB', '2.1932e+00'], ['xA', '9.3745e-01'], ['xB', '1.5855e-01'], ['xC', '1.3400e-01'], ['eA', '3.6600e-01'], ['eC', '1.8000e-01']]",560.5191333293915
1090,218,slowfast_8_1em8,"{'xA': 0.221, 'xB': 0.364, 'xC': 0.751, 'eA': 0.212, 'eC': 0.282}","{'k1': 0.48, 'k2': 0.756, 'eB': 0.339}",-1.0,1.0,1001,slowfast,[],1e-08,False,False,pe,,
1091,218,slowfast_8_1em8,"{'xA': 0.221, 'xB': 0.364, 'xC': 0.751, 'eA': 0.212, 'eC': 0.282}","{'k1': 0.48, 'k2': 0.756, 'eB': 0.339}",-1.0,1.0,1001,slowfast,[],1e-08,False,False,odepe,,
1092,218,slowfast_8_1em8,"{'xA': 0.221, 'xB': 0.364, 'xC': 0.751, 'eA': 0.212, 'eC': 0.282}","{'k1': 0.48, 'k2': 0.756, 'eB': 0.339}",-1.0,1.0,1001,slowfast,[],1e-08,True,True,sciml,"[['k1', '0.4707205322794837'], ['k2', '47.30479293257242'], ['eB', '8.083449658605664'], ['xA', '0.5807532061612551'], ['xB', '0.005833803448258117'], ['xC', '0.7508081590425433'], ['eA', '0.21200000000730887'], ['eC', '0.28198977635023026']]",203.52143168449402
1093,218,slowfast_8_1em8,"{'xA': 0.221, 'xB': 0.364, 'xC': 0.751, 'eA': 0.212, 'eC': 0.282}","{'k1': 0.48, 'k2': 0.756, 'eB': 0.339}",-1.0,1.0,1001,slowfast,[],1e-08,False,False,iqm,,
1094,218,slowfast_8_1em8,"{'xA': 0.221, 'xB': 0.364, 'xC': 0.751, 'eA': 0.212, 'eC': 0.282}","{'k1': 0.48, 'k2': 0.756, 'eB': 0.339}",-1.0,1.0,1001,slowfast,[],1e-08,True,True,amigo2,"[['k1', '7.5600e-01'], ['k2', '4.8000e-01'], ['eB', '2.9263e-01'], ['xA', '1.1700e-02'], ['xB', '5.7330e-01'], ['xC', '7.5100e-01'], ['eA', '2.1200e-01'], ['eC', '2.8200e-01']]",435.2431163787842
1095,219,slowfast_9_1em8,"{'xA': 0.349, 'xB': 0.675, 'xC': 0.369, 'eA': 0.682, 'eC': 0.752}","{'k1': 0.155, 'k2': 0.665, 'eB': 0.416}",-1.0,1.0,1001,slowfast,[],1e-08,False,False,pe,,
1096,219,slowfast_9_1em8,"{'xA': 0.349, 'xB': 0.675, 'xC': 0.369, 'eA': 0.682, 'eC': 0.752}","{'k1': 0.155, 'k2': 0.665, 'eB': 0.416}",-1.0,1.0,1001,slowfast,[],1e-08,False,False,odepe,,
1097,219,slowfast_9_1em8,"{'xA': 0.349, 'xB': 0.675, 'xC': 0.369, 'eA': 0.682, 'eC': 0.752}","{'k1': 0.155, 'k2': 0.665, 'eB': 0.416}",-1.0,1.0,1001,slowfast,[],1e-08,True,True,sciml,"[['k1', '0.1550000354448666'], ['k2', '0.6650000362920853'], ['eB', '0.4159999783839333'], ['xA', '0.34900004357904'], ['xB', '0.6749999599933091'], ['xC', '0.3690000007890085'], ['eA', '0.6820000000593941'], ['eC', '0.7520000001588454']]",177.1874897480011
1098,219,slowfast_9_1em8,"{'xA': 0.349, 'xB': 0.675, 'xC': 0.369, 'eA': 0.682, 'eC': 0.752}","{'k1': 0.155, 'k2': 0.665, 'eB': 0.416}",-1.0,1.0,1001,slowfast,[],1e-08,False,False,iqm,,
1099,219,slowfast_9_1em8,"{'xA': 0.349, 'xB': 0.675, 'xC': 0.369, 'eA': 0.682, 'eC': 0.752}","{'k1': 0.155, 'k2': 0.665, 'eB': 0.416}",-1.0,1.0,1001,slowfast,[],1e-08,True,True,amigo2,"[['k1', '1.5500e-01'], ['k2', '6.6500e-01'], ['eB', '4.1600e-01'], ['xA', '3.4900e-01'], ['xB', '6.7500e-01'], ['xC', '3.6900e-01'], ['eA', '6.8200e-01'], ['eC', '7.5200e-01']]",875.2577855587006
1100,220,biohydrogenation_0_1em6,"{'x4': 0.45, 'x5': 0.813, 'x6': 0.871, 'x7': 0.407}","{'k5': 0.539, 'k6': 0.672, 'k7': 0.582, 'k8': 0.536, 'k9': 0.439, 'k10': 0.617}",-1.0,1.0,1001,biohydrogenation,['x7'],1e-06,False,False,pe,,
1101,220,biohydrogenation_0_1em6,"{'x4': 0.45, 'x5': 0.813, 'x6': 0.871, 'x7': 0.407}","{'k5': 0.539, 'k6': 0.672, 'k7': 0.582, 'k8': 0.536, 'k9': 0.439, 'k10': 0.617}",-1.0,1.0,1001,biohydrogenation,['x7'],1e-06,False,False,odepe,,
1102,220,biohydrogenation_0_1em6,"{'x4': 0.45, 'x5': 0.813, 'x6': 0.871, 'x7': 0.407}","{'k5': 0.539, 'k6': 0.672, 'k7': 0.582, 'k8': 0.536, 'k9': 0.439, 'k10': 0.617}",-1.0,1.0,1001,biohydrogenation,['x7'],1e-06,True,True,sciml,"[['k5', '29.423071364409804'], ['k6', '56.65565623244378'], ['k7', '94.17513707719613'], ['k8', '30.00190961466247'], ['k9', '17.520711444838067'], ['k10', '90.81682129892505'], ['x4', '95.18886098755304'], ['x5', '51.27991177304574'], ['x6', '98.77446334474283'], ['x7', '79.20356897396113']]",157.560551404953
1103,220,biohydrogenation_0_1em6,"{'x4': 0.45, 'x5': 0.813, 'x6': 0.871, 'x7': 0.407}","{'k5': 0.539, 'k6': 0.672, 'k7': 0.582, 'k8': 0.536, 'k9': 0.439, 'k10': 0.617}",-1.0,1.0,1001,biohydrogenation,['x7'],1e-06,False,False,iqm,,
1104,220,biohydrogenation_0_1em6,"{'x4': 0.45, 'x5': 0.813, 'x6': 0.871, 'x7': 0.407}","{'k5': 0.539, 'k6': 0.672, 'k7': 0.582, 'k8': 0.536, 'k9': 0.439, 'k10': 0.617}",-1.0,1.0,1001,biohydrogenation,['x7'],1e-06,True,True,amigo2,"[['k5', '5.3900e-01'], ['k6', '6.7200e-01'], ['k7', '5.8371e-01'], ['k8', '5.4157e-01'], ['k9', '4.3688e-01'], ['k10', '6.1581e-01'], ['x4', '4.5000e-01'], ['x5', '8.1300e-01'], ['x6', '8.7196e-01'], ['x7', '3.4060e+01']]",682.249838590622
1105,221,biohydrogenation_1_1em6,"{'x4': 0.439, 'x5': 0.767, 'x6': 0.276, 'x7': 0.184}","{'k5': 0.423, 'k6': 0.402, 'k7': 0.222, 'k8': 0.722, 'k9': 0.615, 'k10': 0.443}",-1.0,1.0,1001,biohydrogenation,['x7'],1e-06,False,False,pe,,
1106,221,biohydrogenation_1_1em6,"{'x4': 0.439, 'x5': 0.767, 'x6': 0.276, 'x7': 0.184}","{'k5': 0.423, 'k6': 0.402, 'k7': 0.222, 'k8': 0.722, 'k9': 0.615, 'k10': 0.443}",-1.0,1.0,1001,biohydrogenation,['x7'],1e-06,False,False,odepe,,
1107,221,biohydrogenation_1_1em6,"{'x4': 0.439, 'x5': 0.767, 'x6': 0.276, 'x7': 0.184}","{'k5': 0.423, 'k6': 0.402, 'k7': 0.222, 'k8': 0.722, 'k9': 0.615, 'k10': 0.443}",-1.0,1.0,1001,biohydrogenation,['x7'],1e-06,True,True,sciml,"[['k5', '86.83105701906823'], ['k6', '5.395792110948971'], ['k7', '98.26658076970328'], ['k8', '76.76012525173176'], ['k9', '70.99421855398552'], ['k10', '9.482345538479874'], ['x4', '52.71543180856002'], ['x5', '44.672688224663645'], ['x6', '25.469823789425106'], ['x7', '81.87192983780241']]",230.93481492996216
1108,221,biohydrogenation_1_1em6,"{'x4': 0.439, 'x5': 0.767, 'x6': 0.276, 'x7': 0.184}","{'k5': 0.423, 'k6': 0.402, 'k7': 0.222, 'k8': 0.722, 'k9': 0.615, 'k10': 0.443}",-1.0,1.0,1001,biohydrogenation,['x7'],1e-06,False,False,iqm,,
1109,221,biohydrogenation_1_1em6,"{'x4': 0.439, 'x5': 0.767, 'x6': 0.276, 'x7': 0.184}","{'k5': 0.423, 'k6': 0.402, 'k7': 0.222, 'k8': 0.722, 'k9': 0.615, 'k10': 0.443}",-1.0,1.0,1001,biohydrogenation,['x7'],1e-06,True,True,amigo2,"[['k5', '4.2300e-01'], ['k6', '4.0200e-01'], ['k7', '2.1882e-01'], ['k8', '6.6721e-01'], ['k9', '6.2099e-01'], ['k10', '4.6936e-01'], ['x4', '4.3900e-01'], ['x5', '7.6700e-01'], ['x6', '3.0547e-01'], ['x7', '3.9259e+01']]",1796.4387655258179
1110,222,biohydrogenation_2_1em6,"{'x4': 0.215, 'x5': 0.856, 'x6': 0.517, 'x7': 0.432}","{'k5': 0.883, 'k6': 0.739, 'k7': 0.469, 'k8': 0.724, 'k9': 0.195, 'k10': 0.612}",-1.0,1.0,1001,biohydrogenation,['x7'],1e-06,False,False,pe,,
1111,222,biohydrogenation_2_1em6,"{'x4': 0.215, 'x5': 0.856, 'x6': 0.517, 'x7': 0.432}","{'k5': 0.883, 'k6': 0.739, 'k7': 0.469, 'k8': 0.724, 'k9': 0.195, 'k10': 0.612}",-1.0,1.0,1001,biohydrogenation,['x7'],1e-06,False,False,odepe,,
1112,222,biohydrogenation_2_1em6,"{'x4': 0.215, 'x5': 0.856, 'x6': 0.517, 'x7': 0.432}","{'k5': 0.883, 'k6': 0.739, 'k7': 0.469, 'k8': 0.724, 'k9': 0.195, 'k10': 0.612}",-1.0,1.0,1001,biohydrogenation,['x7'],1e-06,True,True,sciml,"[['k5', '67.54438714454156'], ['k6', '2.08900898507427'], ['k7', '19.46443336927818'], ['k8', '36.14108964659651'], ['k9', '80.60206931222115'], ['k10', '74.02117864201693'], ['x4', '77.73467808900052'], ['x5', '12.958274008839432'], ['x6', '75.84848272594405'], ['x7', '1.6260326152576443']]",230.93375372886658
1113,222,biohydrogenation_2_1em6,"{'x4': 0.215, 'x5': 0.856, 'x6': 0.517, 'x7': 0.432}","{'k5': 0.883, 'k6': 0.739, 'k7': 0.469, 'k8': 0.724, 'k9': 0.195, 'k10': 0.612}",-1.0,1.0,1001,biohydrogenation,['x7'],1e-06,False,False,iqm,,
1114,222,biohydrogenation_2_1em6,"{'x4': 0.215, 'x5': 0.856, 'x6': 0.517, 'x7': 0.432}","{'k5': 0.883, 'k6': 0.739, 'k7': 0.469, 'k8': 0.724, 'k9': 0.195, 'k10': 0.612}",-1.0,1.0,1001,biohydrogenation,['x7'],1e-06,True,True,amigo2,"[['k5', '9.0672e-01'], ['k6', '7.6181e-01'], ['k7', '3.8252e-01'], ['k8', '8.3436e-01'], ['k9', '0.0000e+00'], ['k10', '3.2068e+00'], ['x4', '2.1511e-01'], ['x5', '8.5623e-01'], ['x6', '0.0000e+00'], ['x7', '1.3577e-03']]",219.29292964935303
1115,223,biohydrogenation_3_1em6,"{'x4': 0.59, 'x5': 0.594, 'x6': 0.855, 'x7': 0.645}","{'k5': 0.312, 'k6': 0.719, 'k7': 0.465, 'k8': 0.555, 'k9': 0.115, 'k10': 0.594}",-1.0,1.0,1001,biohydrogenation,['x7'],1e-06,False,False,pe,,
1116,223,biohydrogenation_3_1em6,"{'x4': 0.59, 'x5': 0.594, 'x6': 0.855, 'x7': 0.645}","{'k5': 0.312, 'k6': 0.719, 'k7': 0.465, 'k8': 0.555, 'k9': 0.115, 'k10': 0.594}",-1.0,1.0,1001,biohydrogenation,['x7'],1e-06,False,False,odepe,,
1117,223,biohydrogenation_3_1em6,"{'x4': 0.59, 'x5': 0.594, 'x6': 0.855, 'x7': 0.645}","{'k5': 0.312, 'k6': 0.719, 'k7': 0.465, 'k8': 0.555, 'k9': 0.115, 'k10': 0.594}",-1.0,1.0,1001,biohydrogenation,['x7'],1e-06,True,True,sciml,"[['k5', '0.06234975029737466'], ['k6', '90.79999210224943'], ['k7', '6.670591214407406'], ['k8', '3.4986525285225945'], ['k9', '13.028176053444707'], ['k10', '1.890154326222837'], ['x4', '67.11437032311952'], ['x5', '13.367102842060763'], ['x6', '89.58526905958774'], ['x7', '50.91087679556365']]",230.93415522575378
1118,223,biohydrogenation_3_1em6,"{'x4': 0.59, 'x5': 0.594, 'x6': 0.855, 'x7': 0.645}","{'k5': 0.312, 'k6': 0.719, 'k7': 0.465, 'k8': 0.555, 'k9': 0.115, 'k10': 0.594}",-1.0,1.0,1001,biohydrogenation,['x7'],1e-06,False,False,iqm,,
1119,223,biohydrogenation_3_1em6,"{'x4': 0.59, 'x5': 0.594, 'x6': 0.855, 'x7': 0.645}","{'k5': 0.312, 'k6': 0.719, 'k7': 0.465, 'k8': 0.555, 'k9': 0.115, 'k10': 0.594}",-1.0,1.0,1001,biohydrogenation,['x7'],1e-06,True,True,amigo2,"[['k5', '3.1200e-01'], ['k6', '7.1900e-01'], ['k7', '3.7943e-01'], ['k8', '0.0000e+00'], ['k9', '2.2193e-01'], ['k10', '1.0006e+00'], ['x4', '5.9000e-01'], ['x5', '5.9400e-01'], ['x6', '1.0412e+00'], ['x7', '1.5551e-02']]",2558.4371132850647
1120,224,biohydrogenation_4_1em6,"{'x4': 0.268, 'x5': 0.203, 'x6': 0.352, 'x7': 0.391}","{'k5': 0.388, 'k6': 0.45, 'k7': 0.658, 'k8': 0.148, 'k9': 0.633, 'k10': 0.637}",-1.0,1.0,1001,biohydrogenation,['x7'],1e-06,False,False,pe,,
1121,224,biohydrogenation_4_1em6,"{'x4': 0.268, 'x5': 0.203, 'x6': 0.352, 'x7': 0.391}","{'k5': 0.388, 'k6': 0.45, 'k7': 0.658, 'k8': 0.148, 'k9': 0.633, 'k10': 0.637}",-1.0,1.0,1001,biohydrogenation,['x7'],1e-06,False,False,odepe,,
1122,224,biohydrogenation_4_1em6,"{'x4': 0.268, 'x5': 0.203, 'x6': 0.352, 'x7': 0.391}","{'k5': 0.388, 'k6': 0.45, 'k7': 0.658, 'k8': 0.148, 'k9': 0.633, 'k10': 0.637}",-1.0,1.0,1001,biohydrogenation,['x7'],1e-06,True,True,sciml,"[['k5', '1.9644269363864209'], ['k6', '38.599666217472425'], ['k7', '73.25456394172596'], ['k8', '52.72015228506951'], ['k9', '57.90635805031913'], ['k10', '11.605082848954263'], ['x4', '32.05436974191608'], ['x5', '28.494289830242636'], ['x6', '76.38930696577738'], ['x7', '90.01050704760132']]",153.69617104530334
1123,224,biohydrogenation_4_1em6,"{'x4': 0.268, 'x5': 0.203, 'x6': 0.352, 'x7': 0.391}","{'k5': 0.388, 'k6': 0.45, 'k7': 0.658, 'k8': 0.148, 'k9': 0.633, 'k10': 0.637}",-1.0,1.0,1001,biohydrogenation,['x7'],1e-06,False,False,iqm,,
1124,224,biohydrogenation_4_1em6,"{'x4': 0.268, 'x5': 0.203, 'x6': 0.352, 'x7': 0.391}","{'k5': 0.388, 'k6': 0.45, 'k7': 0.658, 'k8': 0.148, 'k9': 0.633, 'k10': 0.637}",-1.0,1.0,1001,biohydrogenation,['x7'],1e-06,True,True,amigo2,"[['k5', '3.6647e-01'], ['k6', '4.1623e-01'], ['k7', '9.1076e+01'], ['k8', '1.0000e+02'], ['k9', '1.0000e+02'], ['k10', '9.9810e+01'], ['x4', '2.6764e-01'], ['x5', '2.0230e-01'], ['x6', '0.0000e+00'], ['x7', '9.6493e+00']]",1881.4561169147491
1125,225,biohydrogenation_5_1em6,"{'x4': 0.67, 'x5': 0.29, 'x6': 0.546, 'x7': 0.47}","{'k5': 0.466, 'k6': 0.106, 'k7': 0.842, 'k8': 0.352, 'k9': 0.196, 'k10': 0.66}",-1.0,1.0,1001,biohydrogenation,['x7'],1e-06,False,False,pe,,
1126,225,biohydrogenation_5_1em6,"{'x4': 0.67, 'x5': 0.29, 'x6': 0.546, 'x7': 0.47}","{'k5': 0.466, 'k6': 0.106, 'k7': 0.842, 'k8': 0.352, 'k9': 0.196, 'k10': 0.66}",-1.0,1.0,1001,biohydrogenation,['x7'],1e-06,False,False,odepe,,
1127,225,biohydrogenation_5_1em6,"{'x4': 0.67, 'x5': 0.29, 'x6': 0.546, 'x7': 0.47}","{'k5': 0.466, 'k6': 0.106, 'k7': 0.842, 'k8': 0.352, 'k9': 0.196, 'k10': 0.66}",-1.0,1.0,1001,biohydrogenation,['x7'],1e-06,True,True,sciml,"[['k5', '37.30563737639808'], ['k6', '63.55432432608508'], ['k7', '86.89244309451526'], ['k8', '24.490108022541325'], ['k9', '56.36735956944252'], ['k10', '63.96301893715931'], ['x4', '33.26961430853168'], ['x5', '55.52572039914894'], ['x6', '63.9858283967088'], ['x7', '95.26620761194539']]",154.04596853256226
1128,225,biohydrogenation_5_1em6,"{'x4': 0.67, 'x5': 0.29, 'x6': 0.546, 'x7': 0.47}","{'k5': 0.466, 'k6': 0.106, 'k7': 0.842, 'k8': 0.352, 'k9': 0.196, 'k10': 0.66}",-1.0,1.0,1001,biohydrogenation,['x7'],1e-06,False,False,iqm,,
1129,225,biohydrogenation_5_1em6,"{'x4': 0.67, 'x5': 0.29, 'x6': 0.546, 'x7': 0.47}","{'k5': 0.466, 'k6': 0.106, 'k7': 0.842, 'k8': 0.352, 'k9': 0.196, 'k10': 0.66}",-1.0,1.0,1001,biohydrogenation,['x7'],1e-06,True,True,amigo2,"[['k5', '4.6600e-01'], ['k6', '1.0600e-01'], ['k7', '9.1579e-01'], ['k8', '6.9606e-01'], ['k9', '1.6455e-02'], ['k10', '7.8159e-02'], ['x4', '6.7000e-01'], ['x5', '2.9000e-01'], ['x6', '3.0613e-01'], ['x7', '1.7616e+01']]",681.3526747226715
1130,226,biohydrogenation_6_1em6,"{'x4': 0.757, 'x5': 0.178, 'x6': 0.77, 'x7': 0.177}","{'k5': 0.227, 'k6': 0.188, 'k7': 0.625, 'k8': 0.211, 'k9': 0.257, 'k10': 0.395}",-1.0,1.0,1001,biohydrogenation,['x7'],1e-06,False,False,pe,,
1131,226,biohydrogenation_6_1em6,"{'x4': 0.757, 'x5': 0.178, 'x6': 0.77, 'x7': 0.177}","{'k5': 0.227, 'k6': 0.188, 'k7': 0.625, 'k8': 0.211, 'k9': 0.257, 'k10': 0.395}",-1.0,1.0,1001,biohydrogenation,['x7'],1e-06,False,False,odepe,,
1132,226,biohydrogenation_6_1em6,"{'x4': 0.757, 'x5': 0.178, 'x6': 0.77, 'x7': 0.177}","{'k5': 0.227, 'k6': 0.188, 'k7': 0.625, 'k8': 0.211, 'k9': 0.257, 'k10': 0.395}",-1.0,1.0,1001,biohydrogenation,['x7'],1e-06,True,True,sciml,"[['k5', '75.2786596209668'], ['k6', '60.87952499857305'], ['k7', '47.09382692805944'], ['k8', '81.81606741586972'], ['k9', '1.6211869010415048'], ['k10', '25.17452635601928'], ['x4', '68.35434744353496'], ['x5', '76.30746853926831'], ['x6', '73.51358465605759'], ['x7', '1.5436121704062833']]",153.89577078819275
1133,226,biohydrogenation_6_1em6,"{'x4': 0.757, 'x5': 0.178, 'x6': 0.77, 'x7': 0.177}","{'k5': 0.227, 'k6': 0.188, 'k7': 0.625, 'k8': 0.211, 'k9': 0.257, 'k10': 0.395}",-1.0,1.0,1001,biohydrogenation,['x7'],1e-06,False,False,iqm,,
1134,226,biohydrogenation_6_1em6,"{'x4': 0.757, 'x5': 0.178, 'x6': 0.77, 'x7': 0.177}","{'k5': 0.227, 'k6': 0.188, 'k7': 0.625, 'k8': 0.211, 'k9': 0.257, 'k10': 0.395}",-1.0,1.0,1001,biohydrogenation,['x7'],1e-06,True,True,amigo2,"[['k5', '2.2700e-01'], ['k6', '1.8800e-01'], ['k7', '6.1477e-01'], ['k8', '1.8219e-01'], ['k9', '2.8278e-01'], ['k10', '4.2742e-01'], ['x4', '7.5700e-01'], ['x5', '1.7800e-01'], ['x6', '7.7984e-01'], ['x7', '9.4673e+01']]",845.8311755657196
1135,227,biohydrogenation_7_1em6,"{'x4': 0.464, 'x5': 0.747, 'x6': 0.792, 'x7': 0.617}","{'k5': 0.415, 'k6': 0.22, 'k7': 0.106, 'k8': 0.621, 'k9': 0.264, 'k10': 0.407}",-1.0,1.0,1001,biohydrogenation,['x7'],1e-06,False,False,pe,,
1136,227,biohydrogenation_7_1em6,"{'x4': 0.464, 'x5': 0.747, 'x6': 0.792, 'x7': 0.617}","{'k5': 0.415, 'k6': 0.22, 'k7': 0.106, 'k8': 0.621, 'k9': 0.264, 'k10': 0.407}",-1.0,1.0,1001,biohydrogenation,['x7'],1e-06,False,False,odepe,,
1137,227,biohydrogenation_7_1em6,"{'x4': 0.464, 'x5': 0.747, 'x6': 0.792, 'x7': 0.617}","{'k5': 0.415, 'k6': 0.22, 'k7': 0.106, 'k8': 0.621, 'k9': 0.264, 'k10': 0.407}",-1.0,1.0,1001,biohydrogenation,['x7'],1e-06,True,True,sciml,"[['k5', '5.859678178936612'], ['k6', '0.2277167770069366'], ['k7', '28.422891816752106'], ['k8', '46.06031542902795'], ['k9', '79.85362889843552'], ['k10', '7.074564670688499'], ['x4', '62.95279362512126'], ['x5', '61.473493245582745'], ['x6', '43.32569646033162'], ['x7', '76.97738500673168']]",153.89715123176575
1138,227,biohydrogenation_7_1em6,"{'x4': 0.464, 'x5': 0.747, 'x6': 0.792, 'x7': 0.617}","{'k5': 0.415, 'k6': 0.22, 'k7': 0.106, 'k8': 0.621, 'k9': 0.264, 'k10': 0.407}",-1.0,1.0,1001,biohydrogenation,['x7'],1e-06,False,False,iqm,,
1139,227,biohydrogenation_7_1em6,"{'x4': 0.464, 'x5': 0.747, 'x6': 0.792, 'x7': 0.617}","{'k5': 0.415, 'k6': 0.22, 'k7': 0.106, 'k8': 0.621, 'k9': 0.264, 'k10': 0.407}",-1.0,1.0,1001,biohydrogenation,['x7'],1e-06,True,True,amigo2,"[['k5', '4.1500e-01'], ['k6', '2.2000e-01'], ['k7', '1.0327e-01'], ['k8', '4.8731e-01'], ['k9', '3.6113e-01'], ['k10', '5.4678e-01'], ['x4', '4.6400e-01'], ['x5', '7.4700e-01'], ['x6', '8.7002e-01'], ['x7', '2.3302e+00']]",772.3886229991913
1140,228,biohydrogenation_8_1em6,"{'x4': 0.728, 'x5': 0.75, 'x6': 0.406, 'x7': 0.473}","{'k5': 0.596, 'k6': 0.227, 'k7': 0.307, 'k8': 0.296, 'k9': 0.347, 'k10': 0.662}",-1.0,1.0,1001,biohydrogenation,['x7'],1e-06,False,False,pe,,
1141,228,biohydrogenation_8_1em6,"{'x4': 0.728, 'x5': 0.75, 'x6': 0.406, 'x7': 0.473}","{'k5': 0.596, 'k6': 0.227, 'k7': 0.307, 'k8': 0.296, 'k9': 0.347, 'k10': 0.662}",-1.0,1.0,1001,biohydrogenation,['x7'],1e-06,False,False,odepe,,
1142,228,biohydrogenation_8_1em6,"{'x4': 0.728, 'x5': 0.75, 'x6': 0.406, 'x7': 0.473}","{'k5': 0.596, 'k6': 0.227, 'k7': 0.307, 'k8': 0.296, 'k9': 0.347, 'k10': 0.662}",-1.0,1.0,1001,biohydrogenation,['x7'],1e-06,True,True,sciml,"[['k5', '23.82072551430331'], ['k6', '6.3968624633574'], ['k7', '20.640785730661804'], ['k8', '38.803816908970475'], ['k9', '90.66046554813366'], ['k10', '59.66756779475867'], ['x4', '66.56121135232273'], ['x5', '8.789557554398442'], ['x6', '72.87503793176404'], ['x7', '31.61797363936727']]",154.20730352401733
1143,228,biohydrogenation_8_1em6,"{'x4': 0.728, 'x5': 0.75, 'x6': 0.406, 'x7': 0.473}","{'k5': 0.596, 'k6': 0.227, 'k7': 0.307, 'k8': 0.296, 'k9': 0.347, 'k10': 0.662}",-1.0,1.0,1001,biohydrogenation,['x7'],1e-06,False,False,iqm,,
1144,228,biohydrogenation_8_1em6,"{'x4': 0.728, 'x5': 0.75, 'x6': 0.406, 'x7': 0.473}","{'k5': 0.596, 'k6': 0.227, 'k7': 0.307, 'k8': 0.296, 'k9': 0.347, 'k10': 0.662}",-1.0,1.0,1001,biohydrogenation,['x7'],1e-06,True,True,amigo2,"[['k5', '1.5197e+01'], ['k6', '1.5880e+01'], ['k7', '3.6833e+01'], ['k8', '8.2148e+01'], ['k9', '2.1191e-01'], ['k10', '3.0728e+01'], ['x4', '7.6911e-01'], ['x5', '6.9946e-01'], ['x6', '8.8842e+01'], ['x7', '3.2920e-01']]",292.2920415401459
1145,229,biohydrogenation_9_1em6,"{'x4': 0.154, 'x5': 0.327, 'x6': 0.147, 'x7': 0.652}","{'k5': 0.126, 'k6': 0.668, 'k7': 0.52, 'k8': 0.877, 'k9': 0.501, 'k10': 0.414}",-1.0,1.0,1001,biohydrogenation,['x7'],1e-06,False,False,pe,,
1146,229,biohydrogenation_9_1em6,"{'x4': 0.154, 'x5': 0.327, 'x6': 0.147, 'x7': 0.652}","{'k5': 0.126, 'k6': 0.668, 'k7': 0.52, 'k8': 0.877, 'k9': 0.501, 'k10': 0.414}",-1.0,1.0,1001,biohydrogenation,['x7'],1e-06,False,False,odepe,,
1147,229,biohydrogenation_9_1em6,"{'x4': 0.154, 'x5': 0.327, 'x6': 0.147, 'x7': 0.652}","{'k5': 0.126, 'k6': 0.668, 'k7': 0.52, 'k8': 0.877, 'k9': 0.501, 'k10': 0.414}",-1.0,1.0,1001,biohydrogenation,['x7'],1e-06,True,True,sciml,"[['k5', '0.12840246520681287'], ['k6', '0.6832650669028655'], ['k7', '1.2971245061750851'], ['k8', '3.0548543756046813'], ['k9', '76.01894624409645'], ['k10', '53.981859545420036'], ['x4', '0.15400355783433314'], ['x5', '0.32693130090846645'], ['x6', '5.852357651550956e-10'], ['x7', '57.42551591748168']]",231.4646553993225
1148,229,biohydrogenation_9_1em6,"{'x4': 0.154, 'x5': 0.327, 'x6': 0.147, 'x7': 0.652}","{'k5': 0.126, 'k6': 0.668, 'k7': 0.52, 'k8': 0.877, 'k9': 0.501, 'k10': 0.414}",-1.0,1.0,1001,biohydrogenation,['x7'],1e-06,False,False,iqm,,
1149,229,biohydrogenation_9_1em6,"{'x4': 0.154, 'x5': 0.327, 'x6': 0.147, 'x7': 0.652}","{'k5': 0.126, 'k6': 0.668, 'k7': 0.52, 'k8': 0.877, 'k9': 0.501, 'k10': 0.414}",-1.0,1.0,1001,biohydrogenation,['x7'],1e-06,True,True,amigo2,"[['k5', '1.2600e-01'], ['k6', '6.6799e-01'], ['k7', '1.0132e+00'], ['k8', '2.2250e+00'], ['k9', '1.2264e+00'], ['k10', '2.7444e-01'], ['x4', '1.5400e-01'], ['x5', '3.2700e-01'], ['x6', '8.0302e-02'], ['x7', '7.4848e+01']]",1233.9286377429962
1150,230,crauste_0_1em6,"{'n': 0.338, 'e': 0.751, 's': 0.417, 'm': 0.805, 'p': 0.565}","{'muN': 0.642, 'muEE': 0.316, 'muLE': 0.688, 'muLL': 0.87, 'muM': 0.299, 'muP': 0.561, 'muPE': 0.574, 'muPL': 0.558, 'deltaNE': 0.278, 'deltaEL': 0.862, 'deltaLM': 0.458, 'rhoE': 0.777, 'rhoP': 0.66}",-1.0,1.0,1001,crauste,[],1e-06,False,False,pe,,
1151,230,crauste_0_1em6,"{'n': 0.338, 'e': 0.751, 's': 0.417, 'm': 0.805, 'p': 0.565}","{'muN': 0.642, 'muEE': 0.316, 'muLE': 0.688, 'muLL': 0.87, 'muM': 0.299, 'muP': 0.561, 'muPE': 0.574, 'muPL': 0.558, 'deltaNE': 0.278, 'deltaEL': 0.862, 'deltaLM': 0.458, 'rhoE': 0.777, 'rhoP': 0.66}",-1.0,1.0,1001,crauste,[],1e-06,False,False,odepe,,
1152,230,crauste_0_1em6,"{'n': 0.338, 'e': 0.751, 's': 0.417, 'm': 0.805, 'p': 0.565}","{'muN': 0.642, 'muEE': 0.316, 'muLE': 0.688, 'muLL': 0.87, 'muM': 0.299, 'muP': 0.561, 'muPE': 0.574, 'muPL': 0.558, 'deltaNE': 0.278, 'deltaEL': 0.862, 'deltaLM': 0.458, 'rhoE': 0.777, 'rhoP': 0.66}",-1.0,1.0,1001,crauste,[],1e-06,True,True,sciml,"[['muN', '43.0221467163103'], ['muEE', '94.82366981338015'], ['muLE', '47.46457152941702'], ['muLL', '7.387361866904973'], ['muM', '70.27916512387219'], ['muP', '14.39978120557911'], ['muPE', '28.35436204815336'], ['muPL', '44.26589092704574'], ['deltaNE', '83.10820006727081'], ['deltaEL', '24.262190715330966'], ['deltaLM', '4.919919109181081'], ['rhoE', '24.137731246863225'], ['rhoP', '47.36398649661886'], ['n', '83.45181935914341'], ['e', '59.666923490919096'], ['s', '82.71331649892625'], ['m', '79.05415226132752'], ['p', '64.22181970110759']]",216.71793270111084
1153,230,crauste_0_1em6,"{'n': 0.338, 'e': 0.751, 's': 0.417, 'm': 0.805, 'p': 0.565}","{'muN': 0.642, 'muEE': 0.316, 'muLE': 0.688, 'muLL': 0.87, 'muM': 0.299, 'muP': 0.561, 'muPE': 0.574, 'muPL': 0.558, 'deltaNE': 0.278, 'deltaEL': 0.862, 'deltaLM': 0.458, 'rhoE': 0.777, 'rhoP': 0.66}",-1.0,1.0,1001,crauste,[],1e-06,False,False,iqm,,
1154,230,crauste_0_1em6,"{'n': 0.338, 'e': 0.751, 's': 0.417, 'm': 0.805, 'p': 0.565}","{'muN': 0.642, 'muEE': 0.316, 'muLE': 0.688, 'muLL': 0.87, 'muM': 0.299, 'muP': 0.561, 'muPE': 0.574, 'muPL': 0.558, 'deltaNE': 0.278, 'deltaEL': 0.862, 'deltaLM': 0.458, 'rhoE': 0.777, 'rhoP': 0.66}",-1.0,1.0,1001,crauste,[],1e-06,True,True,amigo2,"[['muN', '6.4200e-01'], ['muEE', '3.1777e-01'], ['muLE', '2.1729e-01'], ['muLL', '4.3919e-04'], ['muM', '1.1613e-01'], ['muP', '7.1425e-01'], ['muPE', '2.8564e-01'], ['muPL', '8.5552e-04'], ['deltaNE', '2.7800e-01'], ['deltaEL', '8.6192e-01'], ['deltaLM', '1.2295e+01'], ['rhoE', '7.7935e-01'], ['rhoP', '1.3213e-01'], ['n', '3.3800e-01'], ['e', '7.5100e-01'], ['s', '3.8650e-15'], ['m', '1.1934e+00'], ['p', '5.6508e-01']]",366.5573616027832
1155,231,crauste_1_1em6,"{'n': 0.443, 'e': 0.208, 's': 0.339, 'm': 0.556, 'p': 0.573}","{'muN': 0.805, 'muEE': 0.654, 'muLE': 0.68, 'muLL': 0.501, 'muM': 0.865, 'muP': 0.615, 'muPE': 0.439, 'muPL': 0.585, 'deltaNE': 0.115, 'deltaEL': 0.341, 'deltaLM': 0.628, 'rhoE': 0.332, 'rhoP': 0.594}",-1.0,1.0,1001,crauste,[],1e-06,False,False,pe,,
1156,231,crauste_1_1em6,"{'n': 0.443, 'e': 0.208, 's': 0.339, 'm': 0.556, 'p': 0.573}","{'muN': 0.805, 'muEE': 0.654, 'muLE': 0.68, 'muLL': 0.501, 'muM': 0.865, 'muP': 0.615, 'muPE': 0.439, 'muPL': 0.585, 'deltaNE': 0.115, 'deltaEL': 0.341, 'deltaLM': 0.628, 'rhoE': 0.332, 'rhoP': 0.594}",-1.0,1.0,1001,crauste,[],1e-06,False,False,odepe,,
1157,231,crauste_1_1em6,"{'n': 0.443, 'e': 0.208, 's': 0.339, 'm': 0.556, 'p': 0.573}","{'muN': 0.805, 'muEE': 0.654, 'muLE': 0.68, 'muLL': 0.501, 'muM': 0.865, 'muP': 0.615, 'muPE': 0.439, 'muPL': 0.585, 'deltaNE': 0.115, 'deltaEL': 0.341, 'deltaLM': 0.628, 'rhoE': 0.332, 'rhoP': 0.594}",-1.0,1.0,1001,crauste,[],1e-06,True,False,sciml,,240.03822708129883
1158,231,crauste_1_1em6,"{'n': 0.443, 'e': 0.208, 's': 0.339, 'm': 0.556, 'p': 0.573}","{'muN': 0.805, 'muEE': 0.654, 'muLE': 0.68, 'muLL': 0.501, 'muM': 0.865, 'muP': 0.615, 'muPE': 0.439, 'muPL': 0.585, 'deltaNE': 0.115, 'deltaEL': 0.341, 'deltaLM': 0.628, 'rhoE': 0.332, 'rhoP': 0.594}",-1.0,1.0,1001,crauste,[],1e-06,False,False,iqm,,
1159,231,crauste_1_1em6,"{'n': 0.443, 'e': 0.208, 's': 0.339, 'm': 0.556, 'p': 0.573}","{'muN': 0.805, 'muEE': 0.654, 'muLE': 0.68, 'muLL': 0.501, 'muM': 0.865, 'muP': 0.615, 'muPE': 0.439, 'muPL': 0.585, 'deltaNE': 0.115, 'deltaEL': 0.341, 'deltaLM': 0.628, 'rhoE': 0.332, 'rhoP': 0.594}",-1.0,1.0,1001,crauste,[],1e-06,True,True,amigo2,"[['muN', '8.0500e-01'], ['muEE', '6.5408e-01'], ['muLE', '6.8208e-01'], ['muLL', '5.0015e-01'], ['muM', '8.6373e-01'], ['muP', '6.1489e-01'], ['muPE', '4.3867e-01'], ['muPL', '5.8846e-01'], ['deltaNE', '1.1500e-01'], ['deltaEL', '3.4099e-01'], ['deltaLM', '6.2772e-01'], ['rhoE', '3.3202e-01'], ['rhoP', '5.9481e-01'], ['n', '4.4300e-01'], ['e', '2.0800e-01'], ['s', '3.3810e-01'], ['m', '5.5690e-01'], ['p', '5.7300e-01']]",3532.7286422252655
1160,232,crauste_2_1em6,"{'n': 0.899, 'e': 0.22, 's': 0.795, 'm': 0.23, 'p': 0.592}","{'muN': 0.559, 'muEE': 0.623, 'muLE': 0.622, 'muLL': 0.445, 'muM': 0.817, 'muP': 0.394, 'muPE': 0.449, 'muPL': 0.814, 'deltaNE': 0.745, 'deltaEL': 0.663, 'deltaLM': 0.18, 'rhoE': 0.836, 'rhoP': 0.671}",-1.0,1.0,1001,crauste,[],1e-06,False,False,pe,,
1161,232,crauste_2_1em6,"{'n': 0.899, 'e': 0.22, 's': 0.795, 'm': 0.23, 'p': 0.592}","{'muN': 0.559, 'muEE': 0.623, 'muLE': 0.622, 'muLL': 0.445, 'muM': 0.817, 'muP': 0.394, 'muPE': 0.449, 'muPL': 0.814, 'deltaNE': 0.745, 'deltaEL': 0.663, 'deltaLM': 0.18, 'rhoE': 0.836, 'rhoP': 0.671}",-1.0,1.0,1001,crauste,[],1e-06,False,False,odepe,,
1162,232,crauste_2_1em6,"{'n': 0.899, 'e': 0.22, 's': 0.795, 'm': 0.23, 'p': 0.592}","{'muN': 0.559, 'muEE': 0.623, 'muLE': 0.622, 'muLL': 0.445, 'muM': 0.817, 'muP': 0.394, 'muPE': 0.449, 'muPL': 0.814, 'deltaNE': 0.745, 'deltaEL': 0.663, 'deltaLM': 0.18, 'rhoE': 0.836, 'rhoP': 0.671}",-1.0,1.0,1001,crauste,[],1e-06,True,False,sciml,,269.3111779689789
1163,232,crauste_2_1em6,"{'n': 0.899, 'e': 0.22, 's': 0.795, 'm': 0.23, 'p': 0.592}","{'muN': 0.559, 'muEE': 0.623, 'muLE': 0.622, 'muLL': 0.445, 'muM': 0.817, 'muP': 0.394, 'muPE': 0.449, 'muPL': 0.814, 'deltaNE': 0.745, 'deltaEL': 0.663, 'deltaLM': 0.18, 'rhoE': 0.836, 'rhoP': 0.671}",-1.0,1.0,1001,crauste,[],1e-06,False,False,iqm,,
1164,232,crauste_2_1em6,"{'n': 0.899, 'e': 0.22, 's': 0.795, 'm': 0.23, 'p': 0.592}","{'muN': 0.559, 'muEE': 0.623, 'muLE': 0.622, 'muLL': 0.445, 'muM': 0.817, 'muP': 0.394, 'muPE': 0.449, 'muPL': 0.814, 'deltaNE': 0.745, 'deltaEL': 0.663, 'deltaLM': 0.18, 'rhoE': 0.836, 'rhoP': 0.671}",-1.0,1.0,1001,crauste,[],1e-06,True,True,amigo2,"[['muN', '5.5900e-01'], ['muEE', '6.2300e-01'], ['muLE', '6.2131e-01'], ['muLL', '4.4313e-01'], ['muM', '8.2699e-01'], ['muP', '3.9208e-01'], ['muPE', '4.4865e-01'], ['muPL', '8.1578e-01'], ['deltaNE', '7.4500e-01'], ['deltaEL', '6.6300e-01'], ['deltaLM', '1.8151e-01'], ['rhoE', '8.3600e-01'], ['rhoP', '6.7213e-01'], ['n', '8.9900e-01'], ['e', '2.2000e-01'], ['s', '7.9653e-01'], ['m', '2.2847e-01'], ['p', '5.9200e-01']]",372.7386453151703
1165,233,crauste_3_1em6,"{'n': 0.388, 'e': 0.684, 's': 0.237, 'm': 0.517, 'p': 0.143}","{'muN': 0.199, 'muEE': 0.778, 'muLE': 0.746, 'muLL': 0.555, 'muM': 0.426, 'muP': 0.155, 'muPE': 0.658, 'muPL': 0.463, 'deltaNE': 0.678, 'deltaEL': 0.793, 'deltaLM': 0.88, 'rhoE': 0.785, 'rhoP': 0.109}",-1.0,1.0,1001,crauste,[],1e-06,False,False,pe,,
1166,233,crauste_3_1em6,"{'n': 0.388, 'e': 0.684, 's': 0.237, 'm': 0.517, 'p': 0.143}","{'muN': 0.199, 'muEE': 0.778, 'muLE': 0.746, 'muLL': 0.555, 'muM': 0.426, 'muP': 0.155, 'muPE': 0.658, 'muPL': 0.463, 'deltaNE': 0.678, 'deltaEL': 0.793, 'deltaLM': 0.88, 'rhoE': 0.785, 'rhoP': 0.109}",-1.0,1.0,1001,crauste,[],1e-06,False,False,odepe,,
1167,233,crauste_3_1em6,"{'n': 0.388, 'e': 0.684, 's': 0.237, 'm': 0.517, 'p': 0.143}","{'muN': 0.199, 'muEE': 0.778, 'muLE': 0.746, 'muLL': 0.555, 'muM': 0.426, 'muP': 0.155, 'muPE': 0.658, 'muPL': 0.463, 'deltaNE': 0.678, 'deltaEL': 0.793, 'deltaLM': 0.88, 'rhoE': 0.785, 'rhoP': 0.109}",-1.0,1.0,1001,crauste,[],1e-06,True,True,sciml,"[['muN', '15.453729729585886'], ['muEE', '85.01900979535709'], ['muLE', '6.735398014743099'], ['muLL', '30.041584668119793'], ['muM', '32.350200222082606'], ['muP', '37.04391558137184'], ['muPE', '31.8129518685758'], ['muPL', '13.114927180054591'], ['deltaNE', '86.11648841374573'], ['deltaEL', '28.003060578730153'], ['deltaLM', '36.46772224717737'], ['rhoE', '89.90059315671739'], ['rhoP', '93.41955780867222'], ['n', '76.39235815646184'], ['e', '88.13492883880132'], ['s', '7.057965145337086'], ['m', '73.04410891218548'], ['p', '74.35240021015012']]",216.9234540462494
1168,233,crauste_3_1em6,"{'n': 0.388, 'e': 0.684, 's': 0.237, 'm': 0.517, 'p': 0.143}","{'muN': 0.199, 'muEE': 0.778, 'muLE': 0.746, 'muLL': 0.555, 'muM': 0.426, 'muP': 0.155, 'muPE': 0.658, 'muPL': 0.463, 'deltaNE': 0.678, 'deltaEL': 0.793, 'deltaLM': 0.88, 'rhoE': 0.785, 'rhoP': 0.109}",-1.0,1.0,1001,crauste,[],1e-06,False,False,iqm,,
1169,233,crauste_3_1em6,"{'n': 0.388, 'e': 0.684, 's': 0.237, 'm': 0.517, 'p': 0.143}","{'muN': 0.199, 'muEE': 0.778, 'muLE': 0.746, 'muLL': 0.555, 'muM': 0.426, 'muP': 0.155, 'muPE': 0.658, 'muPL': 0.463, 'deltaNE': 0.678, 'deltaEL': 0.793, 'deltaLM': 0.88, 'rhoE': 0.785, 'rhoP': 0.109}",-1.0,1.0,1001,crauste,[],1e-06,True,True,amigo2,"[['muN', '1.9899e-01'], ['muEE', '7.7847e-01'], ['muLE', '2.9788e+00'], ['muLL', '0.0000e+00'], ['muM', '2.0728e-01'], ['muP', '1.8854e-01'], ['muPE', '7.4770e-01'], ['muPL', '0.0000e+00'], ['deltaNE', '6.7811e-01'], ['deltaEL', '7.9321e-01'], ['deltaLM', '4.4195e-01'], ['rhoE', '7.8869e-01'], ['rhoP', '0.0000e+00'], ['n', '3.8800e-01'], ['e', '6.8400e-01'], ['s', '2.7874e-02'], ['m', '7.2615e-01'], ['p', '1.4301e-01']]",348.70043110847473
1170,234,crauste_4_1em6,"{'n': 0.591, 'e': 0.529, 's': 0.572, 'm': 0.684, 'p': 0.35}","{'muN': 0.26, 'muEE': 0.115, 'muLE': 0.735, 'muLL': 0.279, 'muM': 0.376, 'muP': 0.842, 'muPE': 0.664, 'muPL': 0.125, 'deltaNE': 0.232, 'deltaEL': 0.597, 'deltaLM': 0.562, 'rhoE': 0.29, 'rhoP': 0.847}",-1.0,1.0,1001,crauste,[],1e-06,False,False,pe,,
1171,234,crauste_4_1em6,"{'n': 0.591, 'e': 0.529, 's': 0.572, 'm': 0.684, 'p': 0.35}","{'muN': 0.26, 'muEE': 0.115, 'muLE': 0.735, 'muLL': 0.279, 'muM': 0.376, 'muP': 0.842, 'muPE': 0.664, 'muPL': 0.125, 'deltaNE': 0.232, 'deltaEL': 0.597, 'deltaLM': 0.562, 'rhoE': 0.29, 'rhoP': 0.847}",-1.0,1.0,1001,crauste,[],1e-06,False,False,odepe,,
1172,234,crauste_4_1em6,"{'n': 0.591, 'e': 0.529, 's': 0.572, 'm': 0.684, 'p': 0.35}","{'muN': 0.26, 'muEE': 0.115, 'muLE': 0.735, 'muLL': 0.279, 'muM': 0.376, 'muP': 0.842, 'muPE': 0.664, 'muPL': 0.125, 'deltaNE': 0.232, 'deltaEL': 0.597, 'deltaLM': 0.562, 'rhoE': 0.29, 'rhoP': 0.847}",-1.0,1.0,1001,crauste,[],1e-06,True,False,sciml,,358.66607546806335
1173,234,crauste_4_1em6,"{'n': 0.591, 'e': 0.529, 's': 0.572, 'm': 0.684, 'p': 0.35}","{'muN': 0.26, 'muEE': 0.115, 'muLE': 0.735, 'muLL': 0.279, 'muM': 0.376, 'muP': 0.842, 'muPE': 0.664, 'muPL': 0.125, 'deltaNE': 0.232, 'deltaEL': 0.597, 'deltaLM': 0.562, 'rhoE': 0.29, 'rhoP': 0.847}",-1.0,1.0,1001,crauste,[],1e-06,False,False,iqm,,
1174,234,crauste_4_1em6,"{'n': 0.591, 'e': 0.529, 's': 0.572, 'm': 0.684, 'p': 0.35}","{'muN': 0.26, 'muEE': 0.115, 'muLE': 0.735, 'muLL': 0.279, 'muM': 0.376, 'muP': 0.842, 'muPE': 0.664, 'muPL': 0.125, 'deltaNE': 0.232, 'deltaEL': 0.597, 'deltaLM': 0.562, 'rhoE': 0.29, 'rhoP': 0.847}",-1.0,1.0,1001,crauste,[],1e-06,True,True,amigo2,"[['muN', '2.6000e-01'], ['muEE', '1.1493e-01'], ['muLE', '1.4584e+00'], ['muLL', '1.8368e+00'], ['muM', '1.5930e-01'], ['muP', '8.7246e-01'], ['muPE', '6.8291e-01'], ['muPL', '0.0000e+00'], ['deltaNE', '2.3200e-01'], ['deltaEL', '5.9701e-01'], ['deltaLM', '1.6462e-01'], ['rhoE', '2.8991e-01'], ['rhoP', '7.5915e-01'], ['n', '5.9100e-01'], ['e', '5.2900e-01'], ['s', '1.2234e-01'], ['m', '1.1337e+00'], ['p', '3.4999e-01']]",3198.473004579544
1175,235,crauste_5_1em6,"{'n': 0.244, 'e': 0.12, 's': 0.154, 'm': 0.644, 'p': 0.463}","{'muN': 0.419, 'muEE': 0.268, 'muLE': 0.249, 'muLL': 0.855, 'muM': 0.692, 'muP': 0.492, 'muPE': 0.282, 'muPL': 0.303, 'deltaNE': 0.146, 'deltaEL': 0.448, 'deltaLM': 0.349, 'rhoE': 0.657, 'rhoP': 0.402}",-1.0,1.0,1001,crauste,[],1e-06,False,False,pe,,
1176,235,crauste_5_1em6,"{'n': 0.244, 'e': 0.12, 's': 0.154, 'm': 0.644, 'p': 0.463}","{'muN': 0.419, 'muEE': 0.268, 'muLE': 0.249, 'muLL': 0.855, 'muM': 0.692, 'muP': 0.492, 'muPE': 0.282, 'muPL': 0.303, 'deltaNE': 0.146, 'deltaEL': 0.448, 'deltaLM': 0.349, 'rhoE': 0.657, 'rhoP': 0.402}",-1.0,1.0,1001,crauste,[],1e-06,False,False,odepe,,
1177,235,crauste_5_1em6,"{'n': 0.244, 'e': 0.12, 's': 0.154, 'm': 0.644, 'p': 0.463}","{'muN': 0.419, 'muEE': 0.268, 'muLE': 0.249, 'muLL': 0.855, 'muM': 0.692, 'muP': 0.492, 'muPE': 0.282, 'muPL': 0.303, 'deltaNE': 0.146, 'deltaEL': 0.448, 'deltaLM': 0.349, 'rhoE': 0.657, 'rhoP': 0.402}",-1.0,1.0,1001,crauste,[],1e-06,True,False,sciml,,265.41308879852295
1178,235,crauste_5_1em6,"{'n': 0.244, 'e': 0.12, 's': 0.154, 'm': 0.644, 'p': 0.463}","{'muN': 0.419, 'muEE': 0.268, 'muLE': 0.249, 'muLL': 0.855, 'muM': 0.692, 'muP': 0.492, 'muPE': 0.282, 'muPL': 0.303, 'deltaNE': 0.146, 'deltaEL': 0.448, 'deltaLM': 0.349, 'rhoE': 0.657, 'rhoP': 0.402}",-1.0,1.0,1001,crauste,[],1e-06,False,False,iqm,,
1179,235,crauste_5_1em6,"{'n': 0.244, 'e': 0.12, 's': 0.154, 'm': 0.644, 'p': 0.463}","{'muN': 0.419, 'muEE': 0.268, 'muLE': 0.249, 'muLL': 0.855, 'muM': 0.692, 'muP': 0.492, 'muPE': 0.282, 'muPL': 0.303, 'deltaNE': 0.146, 'deltaEL': 0.448, 'deltaLM': 0.349, 'rhoE': 0.657, 'rhoP': 0.402}",-1.0,1.0,1001,crauste,[],1e-06,True,True,amigo2,"[['muN', '4.1900e-01'], ['muEE', '2.6799e-01'], ['muLE', '3.0970e+00'], ['muLL', '4.8787e-01'], ['muM', '1.0599e+00'], ['muP', '5.2931e-01'], ['muPE', '3.0607e-01'], ['muPL', '5.7660e-03'], ['deltaNE', '1.4600e-01'], ['deltaEL', '4.4800e-01'], ['deltaLM', '3.3620e-01'], ['rhoE', '6.5700e-01'], ['rhoP', '3.9423e-01'], ['n', '2.4400e-01'], ['e', '1.2000e-01'], ['s', '4.9707e-01'], ['m', '3.0094e-01'], ['p', '4.6300e-01']]",2880.6499717235565
1180,236,crauste_6_1em6,"{'n': 0.798, 'e': 0.319, 's': 0.738, 'm': 0.249, 'p': 0.862}","{'muN': 0.529, 'muEE': 0.817, 'muLE': 0.892, 'muLL': 0.274, 'muM': 0.63, 'muP': 0.311, 'muPE': 0.117, 'muPL': 0.707, 'deltaNE': 0.356, 'deltaEL': 0.407, 'deltaLM': 0.571, 'rhoE': 0.765, 'rhoP': 0.603}",-1.0,1.0,1001,crauste,[],1e-06,False,False,pe,,
1181,236,crauste_6_1em6,"{'n': 0.798, 'e': 0.319, 's': 0.738, 'm': 0.249, 'p': 0.862}","{'muN': 0.529, 'muEE': 0.817, 'muLE': 0.892, 'muLL': 0.274, 'muM': 0.63, 'muP': 0.311, 'muPE': 0.117, 'muPL': 0.707, 'deltaNE': 0.356, 'deltaEL': 0.407, 'deltaLM': 0.571, 'rhoE': 0.765, 'rhoP': 0.603}",-1.0,1.0,1001,crauste,[],1e-06,False,False,odepe,,
1182,236,crauste_6_1em6,"{'n': 0.798, 'e': 0.319, 's': 0.738, 'm': 0.249, 'p': 0.862}","{'muN': 0.529, 'muEE': 0.817, 'muLE': 0.892, 'muLL': 0.274, 'muM': 0.63, 'muP': 0.311, 'muPE': 0.117, 'muPL': 0.707, 'deltaNE': 0.356, 'deltaEL': 0.407, 'deltaLM': 0.571, 'rhoE': 0.765, 'rhoP': 0.603}",-1.0,1.0,1001,crauste,[],1e-06,True,True,sciml,"[['muN', '48.723009884842725'], ['muEE', '80.35624271941948'], ['muLE', '65.36764752119007'], ['muLL', '61.30505038027319'], ['muM', '9.357164547510944'], ['muP', '18.127100360187743'], ['muPE', '1.980958208180228'], ['muPL', '5.338289496303572'], ['deltaNE', '12.898975903400556'], ['deltaEL', '0.13072746393745227'], ['deltaLM', '82.64016579519746'], ['rhoE', '77.81786407766201'], ['rhoP', '45.50222364706895'], ['n', '7.258320565134968'], ['e', '30.47808909978924'], ['s', '71.74295700982903'], ['m', '68.95033234310579'], ['p', '65.40265308677175']]",235.5248396396637
1183,236,crauste_6_1em6,"{'n': 0.798, 'e': 0.319, 's': 0.738, 'm': 0.249, 'p': 0.862}","{'muN': 0.529, 'muEE': 0.817, 'muLE': 0.892, 'muLL': 0.274, 'muM': 0.63, 'muP': 0.311, 'muPE': 0.117, 'muPL': 0.707, 'deltaNE': 0.356, 'deltaEL': 0.407, 'deltaLM': 0.571, 'rhoE': 0.765, 'rhoP': 0.603}",-1.0,1.0,1001,crauste,[],1e-06,False,False,iqm,,
1184,236,crauste_6_1em6,"{'n': 0.798, 'e': 0.319, 's': 0.738, 'm': 0.249, 'p': 0.862}","{'muN': 0.529, 'muEE': 0.817, 'muLE': 0.892, 'muLL': 0.274, 'muM': 0.63, 'muP': 0.311, 'muPE': 0.117, 'muPL': 0.707, 'deltaNE': 0.356, 'deltaEL': 0.407, 'deltaLM': 0.571, 'rhoE': 0.765, 'rhoP': 0.603}",-1.0,1.0,1001,crauste,[],1e-06,True,True,amigo2,"[['muN', '5.2900e-01'], ['muEE', '8.1703e-01'], ['muLE', '8.9205e-01'], ['muLL', '2.7388e-01'], ['muM', '6.2990e-01'], ['muP', '3.1080e-01'], ['muPE', '1.1670e-01'], ['muPL', '7.0672e-01'], ['deltaNE', '3.5600e-01'], ['deltaEL', '4.0700e-01'], ['deltaLM', '5.7103e-01'], ['rhoE', '7.6501e-01'], ['rhoP', '6.0223e-01'], ['n', '7.9800e-01'], ['e', '3.1900e-01'], ['s', '7.3778e-01'], ['m', '2.4922e-01'], ['p', '8.6200e-01']]",440.60236740112305
1185,237,crauste_7_1em6,"{'n': 0.569, 'e': 0.791, 's': 0.194, 'm': 0.514, 'p': 0.206}","{'muN': 0.65, 'muEE': 0.272, 'muLE': 0.858, 'muLL': 0.685, 'muM': 0.303, 'muP': 0.271, 'muPE': 0.515, 'muPL': 0.121, 'deltaNE': 0.266, 'deltaEL': 0.44, 'deltaLM': 0.399, 'rhoE': 0.471, 'rhoP': 0.322}",-1.0,1.0,1001,crauste,[],1e-06,False,False,pe,,
1186,237,crauste_7_1em6,"{'n': 0.569, 'e': 0.791, 's': 0.194, 'm': 0.514, 'p': 0.206}","{'muN': 0.65, 'muEE': 0.272, 'muLE': 0.858, 'muLL': 0.685, 'muM': 0.303, 'muP': 0.271, 'muPE': 0.515, 'muPL': 0.121, 'deltaNE': 0.266, 'deltaEL': 0.44, 'deltaLM': 0.399, 'rhoE': 0.471, 'rhoP': 0.322}",-1.0,1.0,1001,crauste,[],1e-06,False,False,odepe,,
1187,237,crauste_7_1em6,"{'n': 0.569, 'e': 0.791, 's': 0.194, 'm': 0.514, 'p': 0.206}","{'muN': 0.65, 'muEE': 0.272, 'muLE': 0.858, 'muLL': 0.685, 'muM': 0.303, 'muP': 0.271, 'muPE': 0.515, 'muPL': 0.121, 'deltaNE': 0.266, 'deltaEL': 0.44, 'deltaLM': 0.399, 'rhoE': 0.471, 'rhoP': 0.322}",-1.0,1.0,1001,crauste,[],1e-06,True,True,sciml,"[['muN', '24.228722090336706'], ['muEE', '47.413571870413854'], ['muLE', '65.80027592825817'], ['muLL', '58.64048679114674'], ['muM', '23.751222667120274'], ['muP', '66.83291870291106'], ['muPE', '15.611468484041735'], ['muPL', '0.21619711334460723'], ['deltaNE', '70.56474032054572'], ['deltaEL', '58.2384249761104'], ['deltaLM', '3.36009754587403'], ['rhoE', '62.41200474252987'], ['rhoP', '55.23445187575378'], ['n', '98.76114682641924'], ['e', '10.31600689230917'], ['s', '57.63472368974264'], ['m', '84.79529497308891'], ['p', '93.68498082714463']]",235.45210075378418
1188,237,crauste_7_1em6,"{'n': 0.569, 'e': 0.791, 's': 0.194, 'm': 0.514, 'p': 0.206}","{'muN': 0.65, 'muEE': 0.272, 'muLE': 0.858, 'muLL': 0.685, 'muM': 0.303, 'muP': 0.271, 'muPE': 0.515, 'muPL': 0.121, 'deltaNE': 0.266, 'deltaEL': 0.44, 'deltaLM': 0.399, 'rhoE': 0.471, 'rhoP': 0.322}",-1.0,1.0,1001,crauste,[],1e-06,False,False,iqm,,
1189,237,crauste_7_1em6,"{'n': 0.569, 'e': 0.791, 's': 0.194, 'm': 0.514, 'p': 0.206}","{'muN': 0.65, 'muEE': 0.272, 'muLE': 0.858, 'muLL': 0.685, 'muM': 0.303, 'muP': 0.271, 'muPE': 0.515, 'muPL': 0.121, 'deltaNE': 0.266, 'deltaEL': 0.44, 'deltaLM': 0.399, 'rhoE': 0.471, 'rhoP': 0.322}",-1.0,1.0,1001,crauste,[],1e-06,True,True,amigo2,"[['muN', '6.5000e-01'], ['muEE', '2.7196e-01'], ['muLE', '8.8065e-01'], ['muLL', '6.7575e-01'], ['muM', '2.9916e-01'], ['muP', '2.7109e-01'], ['muPE', '5.1448e-01'], ['muPL', '1.1900e-01'], ['deltaNE', '2.6601e-01'], ['deltaEL', '4.4000e-01'], ['deltaLM', '3.9251e-01'], ['rhoE', '4.7082e-01'], ['rhoP', '3.1544e-01'], ['n', '5.6900e-01'], ['e', '7.9100e-01'], ['s', '1.8865e-01'], ['m', '5.1935e-01'], ['p', '2.0600e-01']]",305.7351655960083
1190,238,crauste_8_1em6,"{'n': 0.568, 'e': 0.87, 's': 0.334, 'm': 0.293, 'p': 0.18}","{'muN': 0.673, 'muEE': 0.417, 'muLE': 0.552, 'muLL': 0.247, 'muM': 0.216, 'muP': 0.49, 'muPE': 0.384, 'muPL': 0.852, 'deltaNE': 0.712, 'deltaEL': 0.699, 'deltaLM': 0.823, 'rhoE': 0.167, 'rhoP': 0.542}",-1.0,1.0,1001,crauste,[],1e-06,False,False,pe,,
1191,238,crauste_8_1em6,"{'n': 0.568, 'e': 0.87, 's': 0.334, 'm': 0.293, 'p': 0.18}","{'muN': 0.673, 'muEE': 0.417, 'muLE': 0.552, 'muLL': 0.247, 'muM': 0.216, 'muP': 0.49, 'muPE': 0.384, 'muPL': 0.852, 'deltaNE': 0.712, 'deltaEL': 0.699, 'deltaLM': 0.823, 'rhoE': 0.167, 'rhoP': 0.542}",-1.0,1.0,1001,crauste,[],1e-06,False,False,odepe,,
1192,238,crauste_8_1em6,"{'n': 0.568, 'e': 0.87, 's': 0.334, 'm': 0.293, 'p': 0.18}","{'muN': 0.673, 'muEE': 0.417, 'muLE': 0.552, 'muLL': 0.247, 'muM': 0.216, 'muP': 0.49, 'muPE': 0.384, 'muPL': 0.852, 'deltaNE': 0.712, 'deltaEL': 0.699, 'deltaLM': 0.823, 'rhoE': 0.167, 'rhoP': 0.542}",-1.0,1.0,1001,crauste,[],1e-06,True,True,sciml,"[['muN', '0.6729999156459064'], ['muEE', '0.4169939504064987'], ['muLE', '0.1350449939590548'], ['muLL', '1.5597932041561244'], ['muM', '0.14975168341491524'], ['muP', '0.5309760930949556'], ['muPE', '0.32763239263179655'], ['muPL', '0.6548858917231939'], ['deltaNE', '0.7120013569093715'], ['deltaEL', '0.6990004369174797'], ['deltaLM', '0.8413254542935996'], ['rhoE', '0.1669750813742956'], ['rhoP', '0.05582402896944853'], ['n', '0.5680000746216866'], ['e', '0.8699998556406995'], ['s', '0.3131534299497772'], ['m', '0.31384972600795896'], ['p', '0.17999923310312135']]",685.3028271198273
1193,238,crauste_8_1em6,"{'n': 0.568, 'e': 0.87, 's': 0.334, 'm': 0.293, 'p': 0.18}","{'muN': 0.673, 'muEE': 0.417, 'muLE': 0.552, 'muLL': 0.247, 'muM': 0.216, 'muP': 0.49, 'muPE': 0.384, 'muPL': 0.852, 'deltaNE': 0.712, 'deltaEL': 0.699, 'deltaLM': 0.823, 'rhoE': 0.167, 'rhoP': 0.542}",-1.0,1.0,1001,crauste,[],1e-06,False,False,iqm,,
1194,238,crauste_8_1em6,"{'n': 0.568, 'e': 0.87, 's': 0.334, 'm': 0.293, 'p': 0.18}","{'muN': 0.673, 'muEE': 0.417, 'muLE': 0.552, 'muLL': 0.247, 'muM': 0.216, 'muP': 0.49, 'muPE': 0.384, 'muPL': 0.852, 'deltaNE': 0.712, 'deltaEL': 0.699, 'deltaLM': 0.823, 'rhoE': 0.167, 'rhoP': 0.542}",-1.0,1.0,1001,crauste,[],1e-06,True,True,amigo2,"[['muN', '6.7300e-01'], ['muEE', '4.1699e-01'], ['muLE', '5.4566e-01'], ['muLL', '2.6410e-01'], ['muM', '2.1662e-01'], ['muP', '4.9012e-01'], ['muPE', '3.8142e-01'], ['muPL', '8.4525e-01'], ['deltaNE', '7.1200e-01'], ['deltaEL', '6.9900e-01'], ['deltaLM', '8.2088e-01'], ['rhoE', '1.6697e-01'], ['rhoP', '5.2202e-01'], ['n', '5.6800e-01'], ['e', '8.7000e-01'], ['s', '3.3493e-01'], ['m', '2.9207e-01'], ['p', '1.8000e-01']]",353.3563799858093
1195,239,crauste_9_1em6,"{'n': 0.859, 'e': 0.853, 's': 0.739, 'm': 0.604, 'p': 0.799}","{'muN': 0.113, 'muEE': 0.844, 'muLE': 0.636, 'muLL': 0.728, 'muM': 0.325, 'muP': 0.569, 'muPE': 0.151, 'muPL': 0.489, 'deltaNE': 0.882, 'deltaEL': 0.801, 'deltaLM': 0.371, 'rhoE': 0.869, 'rhoP': 0.285}",-1.0,1.0,1001,crauste,[],1e-06,False,False,pe,,
1196,239,crauste_9_1em6,"{'n': 0.859, 'e': 0.853, 's': 0.739, 'm': 0.604, 'p': 0.799}","{'muN': 0.113, 'muEE': 0.844, 'muLE': 0.636, 'muLL': 0.728, 'muM': 0.325, 'muP': 0.569, 'muPE': 0.151, 'muPL': 0.489, 'deltaNE': 0.882, 'deltaEL': 0.801, 'deltaLM': 0.371, 'rhoE': 0.869, 'rhoP': 0.285}",-1.0,1.0,1001,crauste,[],1e-06,False,False,odepe,,
1197,239,crauste_9_1em6,"{'n': 0.859, 'e': 0.853, 's': 0.739, 'm': 0.604, 'p': 0.799}","{'muN': 0.113, 'muEE': 0.844, 'muLE': 0.636, 'muLL': 0.728, 'muM': 0.325, 'muP': 0.569, 'muPE': 0.151, 'muPL': 0.489, 'deltaNE': 0.882, 'deltaEL': 0.801, 'deltaLM': 0.371, 'rhoE': 0.869, 'rhoP': 0.285}",-1.0,1.0,1001,crauste,[],1e-06,True,True,sciml,"[['muN', '48.58884242764504'], ['muEE', '46.648599998261865'], ['muLE', '74.25693926491721'], ['muLL', '50.766670689536554'], ['muM', '16.38661618919115'], ['muP', '60.96151165124268'], ['muPE', '64.45483775086815'], ['muPL', '98.28579360604371'], ['deltaNE', '18.968229221692077'], ['deltaEL', '0.7882412262989247'], ['deltaLM', '2.4066033721783175'], ['rhoE', '67.55248532310641'], ['rhoP', '92.94292068342895'], ['n', '33.66923334661861'], ['e', '6.1401537748671515'], ['s', '57.71271248151659'], ['m', '85.1599693278994'], ['p', '73.52733451218265']]",225.6308491230011
1198,239,crauste_9_1em6,"{'n': 0.859, 'e': 0.853, 's': 0.739, 'm': 0.604, 'p': 0.799}","{'muN': 0.113, 'muEE': 0.844, 'muLE': 0.636, 'muLL': 0.728, 'muM': 0.325, 'muP': 0.569, 'muPE': 0.151, 'muPL': 0.489, 'deltaNE': 0.882, 'deltaEL': 0.801, 'deltaLM': 0.371, 'rhoE': 0.869, 'rhoP': 0.285}",-1.0,1.0,1001,crauste,[],1e-06,False,False,iqm,,
1199,239,crauste_9_1em6,"{'n': 0.859, 'e': 0.853, 's': 0.739, 'm': 0.604, 'p': 0.799}","{'muN': 0.113, 'muEE': 0.844, 'muLE': 0.636, 'muLL': 0.728, 'muM': 0.325, 'muP': 0.569, 'muPE': 0.151, 'muPL': 0.489, 'deltaNE': 0.882, 'deltaEL': 0.801, 'deltaLM': 0.371, 'rhoE': 0.869, 'rhoP': 0.285}",-1.0,1.0,1001,crauste,[],1e-06,True,True,amigo2,"[['muN', '1.1300e-01'], ['muEE', '8.4401e-01'], ['muLE', '6.3582e-01'], ['muLL', '7.2772e-01'], ['muM', '3.2521e-01'], ['muP', '5.6894e-01'], ['muPE', '1.5102e-01'], ['muPL', '4.8900e-01'], ['deltaNE', '8.8200e-01'], ['deltaEL', '8.0100e-01'], ['deltaLM', '3.7111e-01'], ['rhoE', '8.6901e-01'], ['rhoP', '2.8513e-01'], ['n', '8.5900e-01'], ['e', '8.5300e-01'], ['s', '7.3929e-01'], ['m', '6.0371e-01'], ['p', '7.9900e-01']]",372.98463106155396
1200,240,daisy_mamil3_0_1em6,"{'x1': 0.219, 'x2': 0.885, 'x3': 0.483}","{'a12': 0.334, 'a13': 0.779, 'a21': 0.594, 'a31': 0.111, 'a01': 0.378}",-1.0,1.0,1001,daisy_mamil3,[],1e-06,False,False,pe,,
1201,240,daisy_mamil3_0_1em6,"{'x1': 0.219, 'x2': 0.885, 'x3': 0.483}","{'a12': 0.334, 'a13': 0.779, 'a21': 0.594, 'a31': 0.111, 'a01': 0.378}",-1.0,1.0,1001,daisy_mamil3,[],1e-06,False,False,odepe,,
1202,240,daisy_mamil3_0_1em6,"{'x1': 0.219, 'x2': 0.885, 'x3': 0.483}","{'a12': 0.334, 'a13': 0.779, 'a21': 0.594, 'a31': 0.111, 'a01': 0.378}",-1.0,1.0,1001,daisy_mamil3,[],1e-06,True,True,sciml,"[['a12', '0.3340002613994062'], ['a13', '0.7790442342070049'], ['a21', '0.5940003126147613'], ['a31', '0.11097832630182969'], ['a01', '0.37798376978368076'], ['x1', '0.2190000786328084'], ['x2', '0.8850001334178234'], ['x3', '0.4829606176720642']]",247.0489101409912
1203,240,daisy_mamil3_0_1em6,"{'x1': 0.219, 'x2': 0.885, 'x3': 0.483}","{'a12': 0.334, 'a13': 0.779, 'a21': 0.594, 'a31': 0.111, 'a01': 0.378}",-1.0,1.0,1001,daisy_mamil3,[],1e-06,False,False,iqm,,
1204,240,daisy_mamil3_0_1em6,"{'x1': 0.219, 'x2': 0.885, 'x3': 0.483}","{'a12': 0.334, 'a13': 0.779, 'a21': 0.594, 'a31': 0.111, 'a01': 0.378}",-1.0,1.0,1001,daisy_mamil3,[],1e-06,True,True,amigo2,"[['a12', '3.3400e-01'], ['a13', '7.7905e-01'], ['a21', '5.9400e-01'], ['a31', '1.1098e-01'], ['a01', '3.7798e-01'], ['x1', '2.1900e-01'], ['x2', '8.8500e-01'], ['x3', '4.8296e-01']]",299.3994538784027
1205,241,daisy_mamil3_1_1em6,"{'x1': 0.252, 'x2': 0.509, 'x3': 0.279}","{'a12': 0.498, 'a13': 0.612, 'a21': 0.395, 'a31': 0.21, 'a01': 0.758}",-1.0,1.0,1001,daisy_mamil3,[],1e-06,False,False,pe,,
1206,241,daisy_mamil3_1_1em6,"{'x1': 0.252, 'x2': 0.509, 'x3': 0.279}","{'a12': 0.498, 'a13': 0.612, 'a21': 0.395, 'a31': 0.21, 'a01': 0.758}",-1.0,1.0,1001,daisy_mamil3,[],1e-06,False,False,odepe,,
1207,241,daisy_mamil3_1_1em6,"{'x1': 0.252, 'x2': 0.509, 'x3': 0.279}","{'a12': 0.498, 'a13': 0.612, 'a21': 0.395, 'a31': 0.21, 'a01': 0.758}",-1.0,1.0,1001,daisy_mamil3,[],1e-06,True,True,sciml,"[['a12', '0.4979986773794708'], ['a13', '0.6079393976566376'], ['a21', '0.39499791681294943'], ['a31', '0.20995722631604413'], ['a01', '0.7601532765532186'], ['x1', '0.2519997669145604'], ['x2', '0.508999977409814'], ['x3', '0.2817446177936573']]",246.08215069770813
1208,241,daisy_mamil3_1_1em6,"{'x1': 0.252, 'x2': 0.509, 'x3': 0.279}","{'a12': 0.498, 'a13': 0.612, 'a21': 0.395, 'a31': 0.21, 'a01': 0.758}",-1.0,1.0,1001,daisy_mamil3,[],1e-06,False,False,iqm,,
1209,241,daisy_mamil3_1_1em6,"{'x1': 0.252, 'x2': 0.509, 'x3': 0.279}","{'a12': 0.498, 'a13': 0.612, 'a21': 0.395, 'a31': 0.21, 'a01': 0.758}",-1.0,1.0,1001,daisy_mamil3,[],1e-06,True,True,amigo2,"[['a12', '7.4529e-01'], ['a13', '0.0000e+00'], ['a21', '7.8252e-01'], ['a31', '4.3568e-01'], ['a01', '5.5957e-02'], ['x1', '2.5767e-01'], ['x2', '5.1528e-01'], ['x3', '8.9930e-01']]",858.6036524772644
1210,242,daisy_mamil3_2_1em6,"{'x1': 0.719, 'x2': 0.367, 'x3': 0.165}","{'a12': 0.178, 'a13': 0.79, 'a21': 0.878, 'a31': 0.869, 'a01': 0.825}",-1.0,1.0,1001,daisy_mamil3,[],1e-06,False,False,pe,,
1211,242,daisy_mamil3_2_1em6,"{'x1': 0.719, 'x2': 0.367, 'x3': 0.165}","{'a12': 0.178, 'a13': 0.79, 'a21': 0.878, 'a31': 0.869, 'a01': 0.825}",-1.0,1.0,1001,daisy_mamil3,[],1e-06,False,False,odepe,,
1212,242,daisy_mamil3_2_1em6,"{'x1': 0.719, 'x2': 0.367, 'x3': 0.165}","{'a12': 0.178, 'a13': 0.79, 'a21': 0.878, 'a31': 0.869, 'a01': 0.825}",-1.0,1.0,1001,daisy_mamil3,[],1e-06,True,True,sciml,"[['a12', '0.1780002057828849'], ['a13', '0.7898999849691924'], ['a21', '0.8780005743814303'], ['a31', '0.8689613482846053'], ['a01', '0.8250974145837602'], ['x1', '0.7189999218379308'], ['x2', '0.3669999161578423'], ['x3', '0.1650762182209008']]",224.69904351234436
1213,242,daisy_mamil3_2_1em6,"{'x1': 0.719, 'x2': 0.367, 'x3': 0.165}","{'a12': 0.178, 'a13': 0.79, 'a21': 0.878, 'a31': 0.869, 'a01': 0.825}",-1.0,1.0,1001,daisy_mamil3,[],1e-06,False,False,iqm,,
1214,242,daisy_mamil3_2_1em6,"{'x1': 0.719, 'x2': 0.367, 'x3': 0.165}","{'a12': 0.178, 'a13': 0.79, 'a21': 0.878, 'a31': 0.869, 'a01': 0.825}",-1.0,1.0,1001,daisy_mamil3,[],1e-06,True,True,amigo2,"[['a12', '1.7800e-01'], ['a13', '7.8996e-01'], ['a21', '8.7800e-01'], ['a31', '8.6898e-01'], ['a01', '8.2504e-01'], ['x1', '7.1900e-01'], ['x2', '3.6700e-01'], ['x3', '1.6503e-01']]",314.49477529525757
1215,243,daisy_mamil3_3_1em6,"{'x1': 0.109, 'x2': 0.716, 'x3': 0.218}","{'a12': 0.426, 'a13': 0.286, 'a21': 0.206, 'a31': 0.143, 'a01': 0.68}",-1.0,1.0,1001,daisy_mamil3,[],1e-06,False,False,pe,,
1216,243,daisy_mamil3_3_1em6,"{'x1': 0.109, 'x2': 0.716, 'x3': 0.218}","{'a12': 0.426, 'a13': 0.286, 'a21': 0.206, 'a31': 0.143, 'a01': 0.68}",-1.0,1.0,1001,daisy_mamil3,[],1e-06,False,False,odepe,,
1217,243,daisy_mamil3_3_1em6,"{'x1': 0.109, 'x2': 0.716, 'x3': 0.218}","{'a12': 0.426, 'a13': 0.286, 'a21': 0.206, 'a31': 0.143, 'a01': 0.68}",-1.0,1.0,1001,daisy_mamil3,[],1e-06,True,True,sciml,"[['a12', '0.42599968506907854'], ['a13', '0.2902889376222817'], ['a21', '0.20599908778650133'], ['a31', '0.14358106009231386'], ['a01', '0.6788701564374636'], ['x1', '0.10899964501208768'], ['x2', '0.7160000029115022'], ['x3', '0.21458884426100613']]",234.66483974456787
1218,243,daisy_mamil3_3_1em6,"{'x1': 0.109, 'x2': 0.716, 'x3': 0.218}","{'a12': 0.426, 'a13': 0.286, 'a21': 0.206, 'a31': 0.143, 'a01': 0.68}",-1.0,1.0,1001,daisy_mamil3,[],1e-06,False,False,iqm,,
1219,243,daisy_mamil3_3_1em6,"{'x1': 0.109, 'x2': 0.716, 'x3': 0.218}","{'a12': 0.426, 'a13': 0.286, 'a21': 0.206, 'a31': 0.143, 'a01': 0.68}",-1.0,1.0,1001,daisy_mamil3,[],1e-06,True,True,amigo2,"[['a12', '4.2600e-01'], ['a13', '2.8663e-01'], ['a21', '2.0600e-01'], ['a31', '1.4308e-01'], ['a01', '6.7983e-01'], ['x1', '1.0900e-01'], ['x2', '7.1600e-01'], ['x3', '2.1749e-01']]",1444.05109500885
1220,244,daisy_mamil3_4_1em6,"{'x1': 0.546, 'x2': 0.788, 'x3': 0.682}","{'a12': 0.164, 'a13': 0.172, 'a21': 0.638, 'a31': 0.296, 'a01': 0.436}",-1.0,1.0,1001,daisy_mamil3,[],1e-06,False,False,pe,,
1221,244,daisy_mamil3_4_1em6,"{'x1': 0.546, 'x2': 0.788, 'x3': 0.682}","{'a12': 0.164, 'a13': 0.172, 'a21': 0.638, 'a31': 0.296, 'a01': 0.436}",-1.0,1.0,1001,daisy_mamil3,[],1e-06,False,False,odepe,,
1222,244,daisy_mamil3_4_1em6,"{'x1': 0.546, 'x2': 0.788, 'x3': 0.682}","{'a12': 0.164, 'a13': 0.172, 'a21': 0.638, 'a31': 0.296, 'a01': 0.436}",-1.0,1.0,1001,daisy_mamil3,[],1e-06,True,True,sciml,"[['a12', '0.16399970864319394'], ['a13', '0.17223102829621037'], ['a21', '0.6379992083804119'], ['a31', '0.2962937940590448'], ['a01', '0.4356186830027013'], ['x1', '0.5460000346949839'], ['x2', '0.7880000176569313'], ['x3', '0.6808037557265215']]",264.24024534225464
1223,244,daisy_mamil3_4_1em6,"{'x1': 0.546, 'x2': 0.788, 'x3': 0.682}","{'a12': 0.164, 'a13': 0.172, 'a21': 0.638, 'a31': 0.296, 'a01': 0.436}",-1.0,1.0,1001,daisy_mamil3,[],1e-06,False,False,iqm,,
1224,244,daisy_mamil3_4_1em6,"{'x1': 0.546, 'x2': 0.788, 'x3': 0.682}","{'a12': 0.164, 'a13': 0.172, 'a21': 0.638, 'a31': 0.296, 'a01': 0.436}",-1.0,1.0,1001,daisy_mamil3,[],1e-06,True,True,amigo2,"[['a12', '1.6400e-01'], ['a13', '1.7238e-01'], ['a21', '6.3800e-01'], ['a31', '2.9648e-01'], ['a01', '4.3537e-01'], ['x1', '5.4600e-01'], ['x2', '7.8800e-01'], ['x3', '6.8004e-01']]",310.60200786590576
1225,245,daisy_mamil3_5_1em6,"{'x1': 0.465, 'x2': 0.647, 'x3': 0.657}","{'a12': 0.316, 'a13': 0.205, 'a21': 0.144, 'a31': 0.341, 'a01': 0.31}",-1.0,1.0,1001,daisy_mamil3,[],1e-06,False,False,pe,,
1226,245,daisy_mamil3_5_1em6,"{'x1': 0.465, 'x2': 0.647, 'x3': 0.657}","{'a12': 0.316, 'a13': 0.205, 'a21': 0.144, 'a31': 0.341, 'a01': 0.31}",-1.0,1.0,1001,daisy_mamil3,[],1e-06,False,False,odepe,,
1227,245,daisy_mamil3_5_1em6,"{'x1': 0.465, 'x2': 0.647, 'x3': 0.657}","{'a12': 0.316, 'a13': 0.205, 'a21': 0.144, 'a31': 0.341, 'a01': 0.31}",-1.0,1.0,1001,daisy_mamil3,[],1e-06,True,True,sciml,"[['a12', '0.31600539285015644'], ['a13', '0.2050473977100668'], ['a21', '0.14400659907445237'], ['a31', '0.34106626714042765'], ['a01', '0.3100466563456146'], ['x1', '0.46500005051605425'], ['x2', '0.647000157985484'], ['x3', '0.657101888817141']]",238.36036014556885
1228,245,daisy_mamil3_5_1em6,"{'x1': 0.465, 'x2': 0.647, 'x3': 0.657}","{'a12': 0.316, 'a13': 0.205, 'a21': 0.144, 'a31': 0.341, 'a01': 0.31}",-1.0,1.0,1001,daisy_mamil3,[],1e-06,False,False,iqm,,
1229,245,daisy_mamil3_5_1em6,"{'x1': 0.465, 'x2': 0.647, 'x3': 0.657}","{'a12': 0.316, 'a13': 0.205, 'a21': 0.144, 'a31': 0.341, 'a01': 0.31}",-1.0,1.0,1001,daisy_mamil3,[],1e-06,True,True,amigo2,"[['a12', '3.1601e-01'], ['a13', '2.0503e-01'], ['a21', '1.4401e-01'], ['a31', '3.4103e-01'], ['a01', '3.1002e-01'], ['x1', '4.6500e-01'], ['x2', '6.4700e-01'], ['x3', '6.5704e-01']]",302.9792106151581
1230,246,daisy_mamil3_6_1em6,"{'x1': 0.658, 'x2': 0.723, 'x3': 0.722}","{'a12': 0.327, 'a13': 0.404, 'a21': 0.245, 'a31': 0.731, 'a01': 0.145}",-1.0,1.0,1001,daisy_mamil3,[],1e-06,False,False,pe,,
1231,246,daisy_mamil3_6_1em6,"{'x1': 0.658, 'x2': 0.723, 'x3': 0.722}","{'a12': 0.327, 'a13': 0.404, 'a21': 0.245, 'a31': 0.731, 'a01': 0.145}",-1.0,1.0,1001,daisy_mamil3,[],1e-06,False,False,odepe,,
1232,246,daisy_mamil3_6_1em6,"{'x1': 0.658, 'x2': 0.723, 'x3': 0.722}","{'a12': 0.327, 'a13': 0.404, 'a21': 0.245, 'a31': 0.731, 'a01': 0.145}",-1.0,1.0,1001,daisy_mamil3,[],1e-06,True,True,sciml,"[['a12', '0.32697483076766426'], ['a13', '0.4040431861215617'], ['a21', '0.2449703818427576'], ['a31', '0.7309771743545224'], ['a01', '0.14500824896435519'], ['x1', '0.6579999462638936'], ['x2', '0.7230002215815861'], ['x3', '0.7218965871519601']]",575.7798132896423
1233,246,daisy_mamil3_6_1em6,"{'x1': 0.658, 'x2': 0.723, 'x3': 0.722}","{'a12': 0.327, 'a13': 0.404, 'a21': 0.245, 'a31': 0.731, 'a01': 0.145}",-1.0,1.0,1001,daisy_mamil3,[],1e-06,False,False,iqm,,
1234,246,daisy_mamil3_6_1em6,"{'x1': 0.658, 'x2': 0.723, 'x3': 0.722}","{'a12': 0.327, 'a13': 0.404, 'a21': 0.245, 'a31': 0.731, 'a01': 0.145}",-1.0,1.0,1001,daisy_mamil3,[],1e-06,True,True,amigo2,"[['a12', '3.2697e-01'], ['a13', '4.0404e-01'], ['a21', '2.4497e-01'], ['a31', '7.3098e-01'], ['a01', '1.4501e-01'], ['x1', '6.5800e-01'], ['x2', '7.2300e-01'], ['x3', '7.2190e-01']]",300.677775144577
1235,247,daisy_mamil3_7_1em6,"{'x1': 0.258, 'x2': 0.468, 'x3': 0.136}","{'a12': 0.308, 'a13': 0.399, 'a21': 0.57, 'a31': 0.318, 'a01': 0.397}",-1.0,1.0,1001,daisy_mamil3,[],1e-06,False,False,pe,,
1236,247,daisy_mamil3_7_1em6,"{'x1': 0.258, 'x2': 0.468, 'x3': 0.136}","{'a12': 0.308, 'a13': 0.399, 'a21': 0.57, 'a31': 0.318, 'a01': 0.397}",-1.0,1.0,1001,daisy_mamil3,[],1e-06,False,False,odepe,,
1237,247,daisy_mamil3_7_1em6,"{'x1': 0.258, 'x2': 0.468, 'x3': 0.136}","{'a12': 0.308, 'a13': 0.399, 'a21': 0.57, 'a31': 0.318, 'a01': 0.397}",-1.0,1.0,1001,daisy_mamil3,[],1e-06,True,True,sciml,"[['a12', '0.30799860036375676'], ['a13', '0.18053275630933616'], ['a21', '0.5699967661138081'], ['a31', '0.30025993348745356'], ['a01', '0.49864155107736385'], ['x1', '0.2580051231124328'], ['x2', '0.46800003524109196'], ['x3', '0.42012132033731897']]",199.77562379837036
1238,247,daisy_mamil3_7_1em6,"{'x1': 0.258, 'x2': 0.468, 'x3': 0.136}","{'a12': 0.308, 'a13': 0.399, 'a21': 0.57, 'a31': 0.318, 'a01': 0.397}",-1.0,1.0,1001,daisy_mamil3,[],1e-06,False,False,iqm,,
1239,247,daisy_mamil3_7_1em6,"{'x1': 0.258, 'x2': 0.468, 'x3': 0.136}","{'a12': 0.308, 'a13': 0.399, 'a21': 0.57, 'a31': 0.318, 'a01': 0.397}",-1.0,1.0,1001,daisy_mamil3,[],1e-06,True,True,amigo2,"[['a12', '3.0800e-01'], ['a13', '3.9840e-01'], ['a21', '5.7000e-01'], ['a31', '3.1810e-01'], ['a01', '3.9713e-01'], ['x1', '2.5800e-01'], ['x2', '4.6800e-01'], ['x3', '1.3635e-01']]",1186.8707015514374
1240,248,daisy_mamil3_8_1em6,"{'x1': 0.868, 'x2': 0.616, 'x3': 0.128}","{'a12': 0.74, 'a13': 0.162, 'a21': 0.515, 'a31': 0.345, 'a01': 0.562}",-1.0,1.0,1001,daisy_mamil3,[],1e-06,False,False,pe,,
1241,248,daisy_mamil3_8_1em6,"{'x1': 0.868, 'x2': 0.616, 'x3': 0.128}","{'a12': 0.74, 'a13': 0.162, 'a21': 0.515, 'a31': 0.345, 'a01': 0.562}",-1.0,1.0,1001,daisy_mamil3,[],1e-06,False,False,odepe,,
1242,248,daisy_mamil3_8_1em6,"{'x1': 0.868, 'x2': 0.616, 'x3': 0.128}","{'a12': 0.74, 'a13': 0.162, 'a21': 0.515, 'a31': 0.345, 'a01': 0.562}",-1.0,1.0,1001,daisy_mamil3,[],1e-06,True,True,sciml,"[['a12', '0.7400016141176666'], ['a13', '0.1620430681315339'], ['a21', '0.5150017020637513'], ['a31', '0.34497102625855103'], ['a01', '0.5620122987707881'], ['x1', '0.8679999458205395'], ['x2', '0.6159999311212094'], ['x3', '0.12788051064858036']]",250.5094118118286
1243,248,daisy_mamil3_8_1em6,"{'x1': 0.868, 'x2': 0.616, 'x3': 0.128}","{'a12': 0.74, 'a13': 0.162, 'a21': 0.515, 'a31': 0.345, 'a01': 0.562}",-1.0,1.0,1001,daisy_mamil3,[],1e-06,False,False,iqm,,
1244,248,daisy_mamil3_8_1em6,"{'x1': 0.868, 'x2': 0.616, 'x3': 0.128}","{'a12': 0.74, 'a13': 0.162, 'a21': 0.515, 'a31': 0.345, 'a01': 0.562}",-1.0,1.0,1001,daisy_mamil3,[],1e-06,True,True,amigo2,"[['a12', '7.4000e-01'], ['a13', '1.6205e-01'], ['a21', '5.1500e-01'], ['a31', '3.4497e-01'], ['a01', '5.6201e-01'], ['x1', '8.6800e-01'], ['x2', '6.1600e-01'], ['x3', '1.2787e-01']]",305.60296630859375
1245,249,daisy_mamil3_9_1em6,"{'x1': 0.203, 'x2': 0.414, 'x3': 0.865}","{'a12': 0.444, 'a13': 0.508, 'a21': 0.529, 'a31': 0.645, 'a01': 0.322}",-1.0,1.0,1001,daisy_mamil3,[],1e-06,False,False,pe,,
1246,249,daisy_mamil3_9_1em6,"{'x1': 0.203, 'x2': 0.414, 'x3': 0.865}","{'a12': 0.444, 'a13': 0.508, 'a21': 0.529, 'a31': 0.645, 'a01': 0.322}",-1.0,1.0,1001,daisy_mamil3,[],1e-06,False,False,odepe,,
1247,249,daisy_mamil3_9_1em6,"{'x1': 0.203, 'x2': 0.414, 'x3': 0.865}","{'a12': 0.444, 'a13': 0.508, 'a21': 0.529, 'a31': 0.645, 'a01': 0.322}",-1.0,1.0,1001,daisy_mamil3,[],1e-06,True,True,sciml,"[['a12', '0.44400165177102024'], ['a13', '0.5078397607139926'], ['a21', '0.529002053264872'], ['a31', '0.6450276321570035'], ['a01', '0.3221037512533217'], ['x1', '0.20299993299621333'], ['x2', '0.4140000622560363'], ['x3', '0.8653264113602974']]",270.1113090515137
1248,249,daisy_mamil3_9_1em6,"{'x1': 0.203, 'x2': 0.414, 'x3': 0.865}","{'a12': 0.444, 'a13': 0.508, 'a21': 0.529, 'a31': 0.645, 'a01': 0.322}",-1.0,1.0,1001,daisy_mamil3,[],1e-06,False,False,iqm,,
1249,249,daisy_mamil3_9_1em6,"{'x1': 0.203, 'x2': 0.414, 'x3': 0.865}","{'a12': 0.444, 'a13': 0.508, 'a21': 0.529, 'a31': 0.645, 'a01': 0.322}",-1.0,1.0,1001,daisy_mamil3,[],1e-06,True,True,amigo2,"[['a12', '4.4400e-01'], ['a13', '5.0796e-01'], ['a21', '5.2900e-01'], ['a31', '6.4500e-01'], ['a01', '3.2202e-01'], ['x1', '2.0300e-01'], ['x2', '4.1400e-01'], ['x3', '8.6507e-01']]",302.1351375579834
1250,250,daisy_mamil4_0_1em6,"{'x1': 0.419, 'x2': 0.823, 'x3': 0.652, 'x4': 0.66}","{'k01': 0.25, 'k12': 0.823, 'k13': 0.535, 'k14': 0.466, 'k21': 0.806, 'k31': 0.467, 'k41': 0.679}",-1.0,1.0,1001,daisy_mamil4,[],1e-06,False,False,pe,,
1251,250,daisy_mamil4_0_1em6,"{'x1': 0.419, 'x2': 0.823, 'x3': 0.652, 'x4': 0.66}","{'k01': 0.25, 'k12': 0.823, 'k13': 0.535, 'k14': 0.466, 'k21': 0.806, 'k31': 0.467, 'k41': 0.679}",-1.0,1.0,1001,daisy_mamil4,[],1e-06,False,False,odepe,,
1252,250,daisy_mamil4_0_1em6,"{'x1': 0.419, 'x2': 0.823, 'x3': 0.652, 'x4': 0.66}","{'k01': 0.25, 'k12': 0.823, 'k13': 0.535, 'k14': 0.466, 'k21': 0.806, 'k31': 0.467, 'k41': 0.679}",-1.0,1.0,1001,daisy_mamil4,[],1e-06,True,True,sciml,"[['k01', '0.24999986045865505'], ['k12', '0.8230014792175191'], ['k13', '0.4642322264654177'], ['k14', '0.5371628511528246'], ['k21', '0.8060018917884592'], ['k31', '0.6722017882799464'], ['k41', '0.47374182183119523'], ['x1', '0.4189997070728468'], ['x2', '0.8230000487162394'], ['x3', '0.6636216866983558'], ['x4', '0.6483785345063928']]",212.63662767410278
1253,250,daisy_mamil4_0_1em6,"{'x1': 0.419, 'x2': 0.823, 'x3': 0.652, 'x4': 0.66}","{'k01': 0.25, 'k12': 0.823, 'k13': 0.535, 'k14': 0.466, 'k21': 0.806, 'k31': 0.467, 'k41': 0.679}",-1.0,1.0,1001,daisy_mamil4,[],1e-06,False,False,iqm,,
1254,250,daisy_mamil4_0_1em6,"{'x1': 0.419, 'x2': 0.823, 'x3': 0.652, 'x4': 0.66}","{'k01': 0.25, 'k12': 0.823, 'k13': 0.535, 'k14': 0.466, 'k21': 0.806, 'k31': 0.467, 'k41': 0.679}",-1.0,1.0,1001,daisy_mamil4,[],1e-06,True,True,amigo2,"[['k01', '2.5000e-01'], ['k12', '8.2300e-01'], ['k13', '4.5975e-01'], ['k14', '6.4977e-01'], ['k21', '8.0600e-01'], ['k31', '8.9246e-01'], ['k41', '2.4908e-01'], ['x1', '4.1900e-01'], ['x2', '8.2300e-01'], ['x3', '1.0419e+00'], ['x4', '2.7010e-01']]",339.30132842063904
1255,251,daisy_mamil4_1_1em6,"{'x1': 0.467, 'x2': 0.573, 'x3': 0.786, 'x4': 0.466}","{'k01': 0.362, 'k12': 0.705, 'k13': 0.609, 'k14': 0.292, 'k21': 0.228, 'k31': 0.737, 'k41': 0.867}",-1.0,1.0,1001,daisy_mamil4,[],1e-06,False,False,pe,,
1256,251,daisy_mamil4_1_1em6,"{'x1': 0.467, 'x2': 0.573, 'x3': 0.786, 'x4': 0.466}","{'k01': 0.362, 'k12': 0.705, 'k13': 0.609, 'k14': 0.292, 'k21': 0.228, 'k31': 0.737, 'k41': 0.867}",-1.0,1.0,1001,daisy_mamil4,[],1e-06,False,False,odepe,,
1257,251,daisy_mamil4_1_1em6,"{'x1': 0.467, 'x2': 0.573, 'x3': 0.786, 'x4': 0.466}","{'k01': 0.362, 'k12': 0.705, 'k13': 0.609, 'k14': 0.292, 'k21': 0.228, 'k31': 0.737, 'k41': 0.867}",-1.0,1.0,1001,daisy_mamil4,[],1e-06,True,True,sciml,"[['k01', '0.36199990866380455'], ['k12', '0.7050008832812222'], ['k13', '0.7025060468600476'], ['k14', '0.28998677495670594'], ['k21', '0.2280006960344481'], ['k31', '0.6802158026815522'], ['k41', '0.9140218567541358'], ['x1', '0.46699879635270164'], ['x2', '0.5730000959383024'], ['x3', '0.5991254175766441'], ['x4', '0.652875711699758']]",472.63536643981934
1258,251,daisy_mamil4_1_1em6,"{'x1': 0.467, 'x2': 0.573, 'x3': 0.786, 'x4': 0.466}","{'k01': 0.362, 'k12': 0.705, 'k13': 0.609, 'k14': 0.292, 'k21': 0.228, 'k31': 0.737, 'k41': 0.867}",-1.0,1.0,1001,daisy_mamil4,[],1e-06,False,False,iqm,,
1259,251,daisy_mamil4_1_1em6,"{'x1': 0.467, 'x2': 0.573, 'x3': 0.786, 'x4': 0.466}","{'k01': 0.362, 'k12': 0.705, 'k13': 0.609, 'k14': 0.292, 'k21': 0.228, 'k31': 0.737, 'k41': 0.867}",-1.0,1.0,1001,daisy_mamil4,[],1e-06,False,False,amigo2,,
1260,252,daisy_mamil4_2_1em6,"{'x1': 0.419, 'x2': 0.15, 'x3': 0.439, 'x4': 0.307}","{'k01': 0.861, 'k12': 0.561, 'k13': 0.757, 'k14': 0.827, 'k21': 0.752, 'k31': 0.228, 'k41': 0.603}",-1.0,1.0,1001,daisy_mamil4,[],1e-06,False,False,pe,,
1261,252,daisy_mamil4_2_1em6,"{'x1': 0.419, 'x2': 0.15, 'x3': 0.439, 'x4': 0.307}","{'k01': 0.861, 'k12': 0.561, 'k13': 0.757, 'k14': 0.827, 'k21': 0.752, 'k31': 0.228, 'k41': 0.603}",-1.0,1.0,1001,daisy_mamil4,[],1e-06,False,False,odepe,,
1262,252,daisy_mamil4_2_1em6,"{'x1': 0.419, 'x2': 0.15, 'x3': 0.439, 'x4': 0.307}","{'k01': 0.861, 'k12': 0.561, 'k13': 0.757, 'k14': 0.827, 'k21': 0.752, 'k31': 0.228, 'k41': 0.603}",-1.0,1.0,1001,daisy_mamil4,[],1e-06,True,True,sciml,"[['k01', '0.8610000201160406'], ['k12', '0.5609995085857681'], ['k13', '0.8417228808791355'], ['k14', '0.7575558154393911'], ['k21', '0.7519994289243964'], ['k31', '0.5043013326949515'], ['k41', '0.3261799359672645'], ['x1', '0.4189999221540205'], ['x2', '0.15000006352067058'], ['x3', '0.24781824622713897'], ['x4', '0.4981817760950503']]",269.38970613479614
1263,252,daisy_mamil4_2_1em6,"{'x1': 0.419, 'x2': 0.15, 'x3': 0.439, 'x4': 0.307}","{'k01': 0.861, 'k12': 0.561, 'k13': 0.757, 'k14': 0.827, 'k21': 0.752, 'k31': 0.228, 'k41': 0.603}",-1.0,1.0,1001,daisy_mamil4,[],1e-06,False,False,iqm,,
1264,252,daisy_mamil4_2_1em6,"{'x1': 0.419, 'x2': 0.15, 'x3': 0.439, 'x4': 0.307}","{'k01': 0.861, 'k12': 0.561, 'k13': 0.757, 'k14': 0.827, 'k21': 0.752, 'k31': 0.228, 'k41': 0.603}",-1.0,1.0,1001,daisy_mamil4,[],1e-06,False,False,amigo2,,
1265,253,daisy_mamil4_3_1em6,"{'x1': 0.421, 'x2': 0.843, 'x3': 0.18, 'x4': 0.856}","{'k01': 0.779, 'k12': 0.127, 'k13': 0.867, 'k14': 0.384, 'k21': 0.385, 'k31': 0.113, 'k41': 0.248}",-1.0,1.0,1001,daisy_mamil4,[],1e-06,False,False,pe,,
1266,253,daisy_mamil4_3_1em6,"{'x1': 0.421, 'x2': 0.843, 'x3': 0.18, 'x4': 0.856}","{'k01': 0.779, 'k12': 0.127, 'k13': 0.867, 'k14': 0.384, 'k21': 0.385, 'k31': 0.113, 'k41': 0.248}",-1.0,1.0,1001,daisy_mamil4,[],1e-06,False,False,odepe,,
1267,253,daisy_mamil4_3_1em6,"{'x1': 0.421, 'x2': 0.843, 'x3': 0.18, 'x4': 0.856}","{'k01': 0.779, 'k12': 0.127, 'k13': 0.867, 'k14': 0.384, 'k21': 0.385, 'k31': 0.113, 'k41': 0.248}",-1.0,1.0,1001,daisy_mamil4,[],1e-06,True,True,sciml,"[['k01', '0.7789969711735178'], ['k12', '0.1270288418077198'], ['k13', '0.6383617616467212'], ['k14', '8.331931090672057'], ['k21', '0.3850702426365702'], ['k31', '0.7740634868703088'], ['k41', '0.008676880267001866'], ['x1', '0.42102592681302164'], ['x2', '0.8429986294806895'], ['x3', '1.035974564164577'], ['x4', '4.3019719165978936e-10']]",273.88766384124756
1268,253,daisy_mamil4_3_1em6,"{'x1': 0.421, 'x2': 0.843, 'x3': 0.18, 'x4': 0.856}","{'k01': 0.779, 'k12': 0.127, 'k13': 0.867, 'k14': 0.384, 'k21': 0.385, 'k31': 0.113, 'k41': 0.248}",-1.0,1.0,1001,daisy_mamil4,[],1e-06,False,False,iqm,,
1269,253,daisy_mamil4_3_1em6,"{'x1': 0.421, 'x2': 0.843, 'x3': 0.18, 'x4': 0.856}","{'k01': 0.779, 'k12': 0.127, 'k13': 0.867, 'k14': 0.384, 'k21': 0.385, 'k31': 0.113, 'k41': 0.248}",-1.0,1.0,1001,daisy_mamil4,[],1e-06,True,True,amigo2,"[['k01', '7.7900e-01'], ['k12', '1.2700e-01'], ['k13', '8.6222e-01'], ['k14', '3.7844e-01'], ['k21', '3.8500e-01'], ['k31', '1.2570e-01'], ['k41', '2.3511e-01'], ['x1', '4.2100e-01'], ['x2', '8.4300e-01'], ['x3', '1.9147e-01'], ['x4', '8.4453e-01']]",305.7514591217041
1270,254,daisy_mamil4_4_1em6,"{'x1': 0.443, 'x2': 0.154, 'x3': 0.302, 'x4': 0.277}","{'k01': 0.796, 'k12': 0.463, 'k13': 0.361, 'k14': 0.286, 'k21': 0.592, 'k31': 0.126, 'k41': 0.112}",-1.0,1.0,1001,daisy_mamil4,[],1e-06,False,False,pe,,
1271,254,daisy_mamil4_4_1em6,"{'x1': 0.443, 'x2': 0.154, 'x3': 0.302, 'x4': 0.277}","{'k01': 0.796, 'k12': 0.463, 'k13': 0.361, 'k14': 0.286, 'k21': 0.592, 'k31': 0.126, 'k41': 0.112}",-1.0,1.0,1001,daisy_mamil4,[],1e-06,False,False,odepe,,
1272,254,daisy_mamil4_4_1em6,"{'x1': 0.443, 'x2': 0.154, 'x3': 0.302, 'x4': 0.277}","{'k01': 0.796, 'k12': 0.463, 'k13': 0.361, 'k14': 0.286, 'k21': 0.592, 'k31': 0.126, 'k41': 0.112}",-1.0,1.0,1001,daisy_mamil4,[],1e-06,True,True,sciml,"[['k01', '0.7959998589163506'], ['k12', '0.46299957688322796'], ['k13', '0.33828769494410493'], ['k14', '65.7700873904311'], ['k21', '0.5919996198009623'], ['k31', '0.27144262449438605'], ['k41', '1.4730650582568572'], ['x1', '0.4430006669683392'], ['x2', '0.1540000152994827'], ['x3', '0.5689170660971153'], ['x4', '0.01008223578444937']]",252.89210271835327
1273,254,daisy_mamil4_4_1em6,"{'x1': 0.443, 'x2': 0.154, 'x3': 0.302, 'x4': 0.277}","{'k01': 0.796, 'k12': 0.463, 'k13': 0.361, 'k14': 0.286, 'k21': 0.592, 'k31': 0.126, 'k41': 0.112}",-1.0,1.0,1001,daisy_mamil4,[],1e-06,False,False,iqm,,
1274,254,daisy_mamil4_4_1em6,"{'x1': 0.443, 'x2': 0.154, 'x3': 0.302, 'x4': 0.277}","{'k01': 0.796, 'k12': 0.463, 'k13': 0.361, 'k14': 0.286, 'k21': 0.592, 'k31': 0.126, 'k41': 0.112}",-1.0,1.0,1001,daisy_mamil4,[],1e-06,True,True,amigo2,"[['k01', '7.9600e-01'], ['k12', '4.6300e-01'], ['k13', '3.3828e-01'], ['k14', '4.2173e+01'], ['k21', '5.9200e-01'], ['k31', '2.7147e-01'], ['k41', '9.2988e-01'], ['x1', '4.4300e-01'], ['x2', '1.5400e-01'], ['x3', '5.6898e-01'], ['x4', '1.0018e-02']]",324.4869086742401
1275,255,daisy_mamil4_5_1em6,"{'x1': 0.427, 'x2': 0.23, 'x3': 0.611, 'x4': 0.492}","{'k01': 0.303, 'k12': 0.205, 'k13': 0.11, 'k14': 0.192, 'k21': 0.595, 'k31': 0.879, 'k41': 0.892}",-1.0,1.0,1001,daisy_mamil4,[],1e-06,False,False,pe,,
1276,255,daisy_mamil4_5_1em6,"{'x1': 0.427, 'x2': 0.23, 'x3': 0.611, 'x4': 0.492}","{'k01': 0.303, 'k12': 0.205, 'k13': 0.11, 'k14': 0.192, 'k21': 0.595, 'k31': 0.879, 'k41': 0.892}",-1.0,1.0,1001,daisy_mamil4,[],1e-06,False,False,odepe,,
1277,255,daisy_mamil4_5_1em6,"{'x1': 0.427, 'x2': 0.23, 'x3': 0.611, 'x4': 0.492}","{'k01': 0.303, 'k12': 0.205, 'k13': 0.11, 'k14': 0.192, 'k21': 0.595, 'k31': 0.879, 'k41': 0.892}",-1.0,1.0,1001,daisy_mamil4,[],1e-06,True,True,sciml,"[['k01', '0.3030000712531219'], ['k12', '0.20500015724605694'], ['k13', '0.07076217475484083'], ['k14', '0.3360278059040178'], ['k21', '0.5950003225961729'], ['k31', '0.592822761819118'], ['k41', '1.1133005178494988'], ['x1', '0.427001014539542'], ['x2', '0.22999996616250296'], ['x3', '0.8922470206249545'], ['x4', '0.2107519255529668']]",397.478551864624
1278,255,daisy_mamil4_5_1em6,"{'x1': 0.427, 'x2': 0.23, 'x3': 0.611, 'x4': 0.492}","{'k01': 0.303, 'k12': 0.205, 'k13': 0.11, 'k14': 0.192, 'k21': 0.595, 'k31': 0.879, 'k41': 0.892}",-1.0,1.0,1001,daisy_mamil4,[],1e-06,False,False,iqm,,
1279,255,daisy_mamil4_5_1em6,"{'x1': 0.427, 'x2': 0.23, 'x3': 0.611, 'x4': 0.492}","{'k01': 0.303, 'k12': 0.205, 'k13': 0.11, 'k14': 0.192, 'k21': 0.595, 'k31': 0.879, 'k41': 0.892}",-1.0,1.0,1001,daisy_mamil4,[],1e-06,True,True,amigo2,"[['k01', '3.0300e-01'], ['k12', '2.0500e-01'], ['k13', '1.6507e-01'], ['k14', '1.3226e-01'], ['k21', '5.9500e-01'], ['k31', '4.7743e-01'], ['k41', '1.3007e+00'], ['x1', '4.2700e-01'], ['x2', '2.3000e-01'], ['x3', '5.7476e-01'], ['x4', '5.2824e-01']]",325.94780349731445
1280,256,daisy_mamil4_6_1em6,"{'x1': 0.633, 'x2': 0.514, 'x3': 0.439, 'x4': 0.544}","{'k01': 0.892, 'k12': 0.152, 'k13': 0.727, 'k14': 0.331, 'k21': 0.293, 'k31': 0.63, 'k41': 0.297}",-1.0,1.0,1001,daisy_mamil4,[],1e-06,False,False,pe,,
1281,256,daisy_mamil4_6_1em6,"{'x1': 0.633, 'x2': 0.514, 'x3': 0.439, 'x4': 0.544}","{'k01': 0.892, 'k12': 0.152, 'k13': 0.727, 'k14': 0.331, 'k21': 0.293, 'k31': 0.63, 'k41': 0.297}",-1.0,1.0,1001,daisy_mamil4,[],1e-06,False,False,odepe,,
1282,256,daisy_mamil4_6_1em6,"{'x1': 0.633, 'x2': 0.514, 'x3': 0.439, 'x4': 0.544}","{'k01': 0.892, 'k12': 0.152, 'k13': 0.727, 'k14': 0.331, 'k21': 0.293, 'k31': 0.63, 'k41': 0.297}",-1.0,1.0,1001,daisy_mamil4,[],1e-06,True,True,sciml,"[['k01', '0.891997375930982'], ['k12', '0.15201537050143452'], ['k13', '1.1203201043569393'], ['k14', '50.50953232329626'], ['k21', '0.2930243374241724'], ['k31', '1.978626319506306'], ['k41', '49.03624512167215'], ['x1', '0.6330490717294293'], ['x2', '0.513998588285637'], ['x3', '0.35337716284405857'], ['x4', '0.6295740972069015']]",193.52024602890015
1283,256,daisy_mamil4_6_1em6,"{'x1': 0.633, 'x2': 0.514, 'x3': 0.439, 'x4': 0.544}","{'k01': 0.892, 'k12': 0.152, 'k13': 0.727, 'k14': 0.331, 'k21': 0.293, 'k31': 0.63, 'k41': 0.297}",-1.0,1.0,1001,daisy_mamil4,[],1e-06,False,False,iqm,,
1284,256,daisy_mamil4_6_1em6,"{'x1': 0.633, 'x2': 0.514, 'x3': 0.439, 'x4': 0.544}","{'k01': 0.892, 'k12': 0.152, 'k13': 0.727, 'k14': 0.331, 'k21': 0.293, 'k31': 0.63, 'k41': 0.297}",-1.0,1.0,1001,daisy_mamil4,[],1e-06,True,True,amigo2,"[['k01', '8.9200e-01'], ['k12', '1.5200e-01'], ['k13', '7.2357e-01'], ['k14', '3.3821e-01'], ['k21', '2.9300e-01'], ['k31', '6.1700e-01'], ['k41', '3.1355e-01'], ['x1', '6.3300e-01'], ['x2', '5.1400e-01'], ['x3', '4.3855e-01'], ['x4', '5.4445e-01']]",323.5611448287964
1285,257,daisy_mamil4_7_1em6,"{'x1': 0.286, 'x2': 0.379, 'x3': 0.752, 'x4': 0.888}","{'k01': 0.33, 'k12': 0.665, 'k13': 0.432, 'k14': 0.388, 'k21': 0.763, 'k31': 0.84, 'k41': 0.137}",-1.0,1.0,1001,daisy_mamil4,[],1e-06,False,False,pe,,
1286,257,daisy_mamil4_7_1em6,"{'x1': 0.286, 'x2': 0.379, 'x3': 0.752, 'x4': 0.888}","{'k01': 0.33, 'k12': 0.665, 'k13': 0.432, 'k14': 0.388, 'k21': 0.763, 'k31': 0.84, 'k41': 0.137}",-1.0,1.0,1001,daisy_mamil4,[],1e-06,False,False,odepe,,
1287,257,daisy_mamil4_7_1em6,"{'x1': 0.286, 'x2': 0.379, 'x3': 0.752, 'x4': 0.888}","{'k01': 0.33, 'k12': 0.665, 'k13': 0.432, 'k14': 0.388, 'k21': 0.763, 'k31': 0.84, 'k41': 0.137}",-1.0,1.0,1001,daisy_mamil4,[],1e-06,True,True,sciml,"[['k01', '0.3300000991278803'], ['k12', '0.6649990958900549'], ['k13', '0.3663413992842391'], ['k14', '1.0940574041618476'], ['k21', '0.7629989957896055'], ['k31', '0.7798419025942714'], ['k41', '0.1464152935909007'], ['x1', '0.28600078381574456'], ['x2', '0.3789999860711391'], ['x3', '1.5656892367611217'], ['x4', '0.0743099899960413']]",309.8074667453766
1288,257,daisy_mamil4_7_1em6,"{'x1': 0.286, 'x2': 0.379, 'x3': 0.752, 'x4': 0.888}","{'k01': 0.33, 'k12': 0.665, 'k13': 0.432, 'k14': 0.388, 'k21': 0.763, 'k31': 0.84, 'k41': 0.137}",-1.0,1.0,1001,daisy_mamil4,[],1e-06,False,False,iqm,,
1289,257,daisy_mamil4_7_1em6,"{'x1': 0.286, 'x2': 0.379, 'x3': 0.752, 'x4': 0.888}","{'k01': 0.33, 'k12': 0.665, 'k13': 0.432, 'k14': 0.388, 'k21': 0.763, 'k31': 0.84, 'k41': 0.137}",-1.0,1.0,1001,daisy_mamil4,[],1e-06,True,True,amigo2,"[['k01', '3.3000e-01'], ['k12', '6.6500e-01'], ['k13', '5.3859e-01'], ['k14', '3.7342e-01'], ['k21', '7.6300e-01'], ['k31', '3.7669e-01'], ['k41', '5.9303e-01'], ['x1', '2.8600e-01'], ['x2', '3.7900e-01'], ['x3', '3.3251e-01'], ['x4', '1.3075e+00']]",363.5987322330475
1290,258,daisy_mamil4_8_1em6,"{'x1': 0.287, 'x2': 0.652, 'x3': 0.147, 'x4': 0.685}","{'k01': 0.875, 'k12': 0.824, 'k13': 0.337, 'k14': 0.894, 'k21': 0.3, 'k31': 0.185, 'k41': 0.861}",-1.0,1.0,1001,daisy_mamil4,[],1e-06,False,False,pe,,
1291,258,daisy_mamil4_8_1em6,"{'x1': 0.287, 'x2': 0.652, 'x3': 0.147, 'x4': 0.685}","{'k01': 0.875, 'k12': 0.824, 'k13': 0.337, 'k14': 0.894, 'k21': 0.3, 'k31': 0.185, 'k41': 0.861}",-1.0,1.0,1001,daisy_mamil4,[],1e-06,False,False,odepe,,
1292,258,daisy_mamil4_8_1em6,"{'x1': 0.287, 'x2': 0.652, 'x3': 0.147, 'x4': 0.685}","{'k01': 0.875, 'k12': 0.824, 'k13': 0.337, 'k14': 0.894, 'k21': 0.3, 'k31': 0.185, 'k41': 0.861}",-1.0,1.0,1001,daisy_mamil4,[],1e-06,True,True,sciml,"[['k01', '0.8749999657179538'], ['k12', '0.8239998316341058'], ['k13', '0.337226153756133'], ['k14', '0.8943410400479579'], ['k21', '0.2999997812985955'], ['k31', '0.18529165263447003'], ['k41', '0.8606151743318743'], ['x1', '0.2869998990737504'], ['x2', '0.6520000137669053'], ['x3', '0.14752654624445863'], ['x4', '0.684473553553775']]",364.528208732605
1293,258,daisy_mamil4_8_1em6,"{'x1': 0.287, 'x2': 0.652, 'x3': 0.147, 'x4': 0.685}","{'k01': 0.875, 'k12': 0.824, 'k13': 0.337, 'k14': 0.894, 'k21': 0.3, 'k31': 0.185, 'k41': 0.861}",-1.0,1.0,1001,daisy_mamil4,[],1e-06,False,False,iqm,,
1294,258,daisy_mamil4_8_1em6,"{'x1': 0.287, 'x2': 0.652, 'x3': 0.147, 'x4': 0.685}","{'k01': 0.875, 'k12': 0.824, 'k13': 0.337, 'k14': 0.894, 'k21': 0.3, 'k31': 0.185, 'k41': 0.861}",-1.0,1.0,1001,daisy_mamil4,[],1e-06,True,True,amigo2,"[['k01', '8.7500e-01'], ['k12', '8.2400e-01'], ['k13', '3.3710e-01'], ['k14', '8.9410e-01'], ['k21', '3.0000e-01'], ['k31', '1.8511e-01'], ['k41', '8.6086e-01'], ['x1', '2.8700e-01'], ['x2', '6.5200e-01'], ['x3', '1.4717e-01'], ['x4', '6.8483e-01']]",321.81494188308716
1295,259,daisy_mamil4_9_1em6,"{'x1': 0.459, 'x2': 0.344, 'x3': 0.771, 'x4': 0.29}","{'k01': 0.805, 'k12': 0.318, 'k13': 0.403, 'k14': 0.399, 'k21': 0.699, 'k31': 0.29, 'k41': 0.237}",-1.0,1.0,1001,daisy_mamil4,[],1e-06,False,False,pe,,
1296,259,daisy_mamil4_9_1em6,"{'x1': 0.459, 'x2': 0.344, 'x3': 0.771, 'x4': 0.29}","{'k01': 0.805, 'k12': 0.318, 'k13': 0.403, 'k14': 0.399, 'k21': 0.699, 'k31': 0.29, 'k41': 0.237}",-1.0,1.0,1001,daisy_mamil4,[],1e-06,False,False,odepe,,
1297,259,daisy_mamil4_9_1em6,"{'x1': 0.459, 'x2': 0.344, 'x3': 0.771, 'x4': 0.29}","{'k01': 0.805, 'k12': 0.318, 'k13': 0.403, 'k14': 0.399, 'k21': 0.699, 'k31': 0.29, 'k41': 0.237}",-1.0,1.0,1001,daisy_mamil4,[],1e-06,True,True,sciml,"[['k01', '0.8049996160236332'], ['k12', '0.3179995719096231'], ['k13', '0.4027580726019968'], ['k14', '66.13802395719135'], ['k21', '0.6989994734144438'], ['k31', '0.5297912330304352'], ['k41', '0.11300232281401901'], ['x1', '0.45899976789301006'], ['x2', '0.3439999739366239'], ['x3', '1.0602051235013206'], ['x4', '0.0007950232544260252']]",203.48500657081604
1298,259,daisy_mamil4_9_1em6,"{'x1': 0.459, 'x2': 0.344, 'x3': 0.771, 'x4': 0.29}","{'k01': 0.805, 'k12': 0.318, 'k13': 0.403, 'k14': 0.399, 'k21': 0.699, 'k31': 0.29, 'k41': 0.237}",-1.0,1.0,1001,daisy_mamil4,[],1e-06,False,False,iqm,,
1299,259,daisy_mamil4_9_1em6,"{'x1': 0.459, 'x2': 0.344, 'x3': 0.771, 'x4': 0.29}","{'k01': 0.805, 'k12': 0.318, 'k13': 0.403, 'k14': 0.399, 'k21': 0.699, 'k31': 0.29, 'k41': 0.237}",-1.0,1.0,1001,daisy_mamil4,[],1e-06,True,True,amigo2,"[['k01', '8.0500e-01'], ['k12', '3.1800e-01'], ['k13', '4.0191e-01'], ['k14', '3.9663e-01'], ['k21', '6.9900e-01'], ['k31', '4.5428e-01'], ['k41', '7.2715e-02'], ['x1', '4.5900e-01'], ['x2', '3.4400e-01'], ['x3', '1.0590e+00'], ['x4', '1.9647e-03']]",319.6259083747864
1300,260,fitzhugh_nagumo_0_1em6,"{'VV': 0.794, 'R': 0.852}","{'g': 0.502, 'a': 0.854, 'b': 0.607}",-1.0,1.0,1001,fitzhugh_nagumo,[],1e-06,False,False,pe,,
1301,260,fitzhugh_nagumo_0_1em6,"{'VV': 0.794, 'R': 0.852}","{'g': 0.502, 'a': 0.854, 'b': 0.607}",-1.0,1.0,1001,fitzhugh_nagumo,[],1e-06,False,False,odepe,,
1302,260,fitzhugh_nagumo_0_1em6,"{'VV': 0.794, 'R': 0.852}","{'g': 0.502, 'a': 0.854, 'b': 0.607}",-1.0,1.0,1001,fitzhugh_nagumo,[],1e-06,True,True,sciml,"[['g', '0.5019969888016811'], ['a', '0.8540008140833558'], ['b', '0.606993621531143'], ['VV', '0.7939997940927035'], ['R', '0.8520102074317526']]",266.96399760246277
1303,260,fitzhugh_nagumo_0_1em6,"{'VV': 0.794, 'R': 0.852}","{'g': 0.502, 'a': 0.854, 'b': 0.607}",-1.0,1.0,1001,fitzhugh_nagumo,[],1e-06,False,False,iqm,,
1304,260,fitzhugh_nagumo_0_1em6,"{'VV': 0.794, 'R': 0.852}","{'g': 0.502, 'a': 0.854, 'b': 0.607}",-1.0,1.0,1001,fitzhugh_nagumo,[],1e-06,True,True,amigo2,"[['g', '5.0200e-01'], ['a', '8.5400e-01'], ['b', '6.0699e-01'], ['VV', '7.9400e-01'], ['R', '8.5201e-01']]",303.62866616249084
1305,261,fitzhugh_nagumo_1_1em6,"{'VV': 0.896, 'R': 0.461}","{'g': 0.701, 'a': 0.66, 'b': 0.874}",-1.0,1.0,1001,fitzhugh_nagumo,[],1e-06,False,False,pe,,
1306,261,fitzhugh_nagumo_1_1em6,"{'VV': 0.896, 'R': 0.461}","{'g': 0.701, 'a': 0.66, 'b': 0.874}",-1.0,1.0,1001,fitzhugh_nagumo,[],1e-06,False,False,odepe,,
1307,261,fitzhugh_nagumo_1_1em6,"{'VV': 0.896, 'R': 0.461}","{'g': 0.701, 'a': 0.66, 'b': 0.874}",-1.0,1.0,1001,fitzhugh_nagumo,[],1e-06,True,True,sciml,"[['g', '0.7010077186393626'], ['a', '0.6599930529626165'], ['b', '0.874015931290873'], ['VV', '0.8959999152536969'], ['R', '0.46098635497400126']]",174.39709782600403
1308,261,fitzhugh_nagumo_1_1em6,"{'VV': 0.896, 'R': 0.461}","{'g': 0.701, 'a': 0.66, 'b': 0.874}",-1.0,1.0,1001,fitzhugh_nagumo,[],1e-06,False,False,iqm,,
1309,261,fitzhugh_nagumo_1_1em6,"{'VV': 0.896, 'R': 0.461}","{'g': 0.701, 'a': 0.66, 'b': 0.874}",-1.0,1.0,1001,fitzhugh_nagumo,[],1e-06,True,True,amigo2,"[['g', '7.0101e-01'], ['a', '6.5999e-01'], ['b', '8.7402e-01'], ['VV', '8.9600e-01'], ['R', '4.6099e-01']]",311.69669103622437
1310,262,fitzhugh_nagumo_2_1em6,"{'VV': 0.434, 'R': 0.205}","{'g': 0.157, 'a': 0.334, 'b': 0.222}",-1.0,1.0,1001,fitzhugh_nagumo,[],1e-06,False,False,pe,,
1311,262,fitzhugh_nagumo_2_1em6,"{'VV': 0.434, 'R': 0.205}","{'g': 0.157, 'a': 0.334, 'b': 0.222}",-1.0,1.0,1001,fitzhugh_nagumo,[],1e-06,False,False,odepe,,
1312,262,fitzhugh_nagumo_2_1em6,"{'VV': 0.434, 'R': 0.205}","{'g': 0.157, 'a': 0.334, 'b': 0.222}",-1.0,1.0,1001,fitzhugh_nagumo,[],1e-06,True,True,sciml,"[['g', '98.32885205095702'], ['a', '30.129416816315732'], ['b', '0.002138017117779685'], ['VV', '4.103498401248385e-5'], ['R', '0.0030749246725571724']]",177.15919589996338
1313,262,fitzhugh_nagumo_2_1em6,"{'VV': 0.434, 'R': 0.205}","{'g': 0.157, 'a': 0.334, 'b': 0.222}",-1.0,1.0,1001,fitzhugh_nagumo,[],1e-06,False,False,iqm,,
1314,262,fitzhugh_nagumo_2_1em6,"{'VV': 0.434, 'R': 0.205}","{'g': 0.157, 'a': 0.334, 'b': 0.222}",-1.0,1.0,1001,fitzhugh_nagumo,[],1e-06,True,True,amigo2,"[['g', '1.5700e-01'], ['a', '3.3400e-01'], ['b', '2.2200e-01'], ['VV', '4.3400e-01'], ['R', '2.0500e-01']]",309.6426465511322
1315,263,fitzhugh_nagumo_3_1em6,"{'VV': 0.874, 'R': 0.538}","{'g': 0.583, 'a': 0.406, 'b': 0.816}",-1.0,1.0,1001,fitzhugh_nagumo,[],1e-06,False,False,pe,,
1316,263,fitzhugh_nagumo_3_1em6,"{'VV': 0.874, 'R': 0.538}","{'g': 0.583, 'a': 0.406, 'b': 0.816}",-1.0,1.0,1001,fitzhugh_nagumo,[],1e-06,False,False,odepe,,
1317,263,fitzhugh_nagumo_3_1em6,"{'VV': 0.874, 'R': 0.538}","{'g': 0.583, 'a': 0.406, 'b': 0.816}",-1.0,1.0,1001,fitzhugh_nagumo,[],1e-06,True,True,sciml,"[['g', '0.5829970240406877'], ['a', '0.40600210927634245'], ['b', '0.8159932743382456'], ['VV', '0.8739998707687657'], ['R', '0.5380068230960126']]",174.16559767723083
1318,263,fitzhugh_nagumo_3_1em6,"{'VV': 0.874, 'R': 0.538}","{'g': 0.583, 'a': 0.406, 'b': 0.816}",-1.0,1.0,1001,fitzhugh_nagumo,[],1e-06,False,False,iqm,,
1319,263,fitzhugh_nagumo_3_1em6,"{'VV': 0.874, 'R': 0.538}","{'g': 0.583, 'a': 0.406, 'b': 0.816}",-1.0,1.0,1001,fitzhugh_nagumo,[],1e-06,True,True,amigo2,"[['g', '5.8300e-01'], ['a', '4.0600e-01'], ['b', '8.1599e-01'], ['VV', '8.7400e-01'], ['R', '5.3801e-01']]",318.7147173881531
1320,264,fitzhugh_nagumo_4_1em6,"{'VV': 0.425, 'R': 0.542}","{'g': 0.32, 'a': 0.574, 'b': 0.817}",-1.0,1.0,1001,fitzhugh_nagumo,[],1e-06,False,False,pe,,
1321,264,fitzhugh_nagumo_4_1em6,"{'VV': 0.425, 'R': 0.542}","{'g': 0.32, 'a': 0.574, 'b': 0.817}",-1.0,1.0,1001,fitzhugh_nagumo,[],1e-06,False,False,odepe,,
1322,264,fitzhugh_nagumo_4_1em6,"{'VV': 0.425, 'R': 0.542}","{'g': 0.32, 'a': 0.574, 'b': 0.817}",-1.0,1.0,1001,fitzhugh_nagumo,[],1e-06,True,True,sciml,"[['g', '0.320001660801903'], ['a', '0.5740061366821226'], ['b', '0.8170063707423078'], ['VV', '0.4249996486201173'], ['R', '0.5420004807622447']]",192.75265502929688
1323,264,fitzhugh_nagumo_4_1em6,"{'VV': 0.425, 'R': 0.542}","{'g': 0.32, 'a': 0.574, 'b': 0.817}",-1.0,1.0,1001,fitzhugh_nagumo,[],1e-06,False,False,iqm,,
1324,264,fitzhugh_nagumo_4_1em6,"{'VV': 0.425, 'R': 0.542}","{'g': 0.32, 'a': 0.574, 'b': 0.817}",-1.0,1.0,1001,fitzhugh_nagumo,[],1e-06,True,True,amigo2,"[['g', '3.2000e-01'], ['a', '5.7401e-01'], ['b', '8.1701e-01'], ['VV', '4.2500e-01'], ['R', '5.4200e-01']]",326.15828466415405
1325,265,fitzhugh_nagumo_5_1em6,"{'VV': 0.299, 'R': 0.505}","{'g': 0.317, 'a': 0.464, 'b': 0.421}",-1.0,1.0,1001,fitzhugh_nagumo,[],1e-06,False,False,pe,,
1326,265,fitzhugh_nagumo_5_1em6,"{'VV': 0.299, 'R': 0.505}","{'g': 0.317, 'a': 0.464, 'b': 0.421}",-1.0,1.0,1001,fitzhugh_nagumo,[],1e-06,False,False,odepe,,
1327,265,fitzhugh_nagumo_5_1em6,"{'VV': 0.299, 'R': 0.505}","{'g': 0.317, 'a': 0.464, 'b': 0.421}",-1.0,1.0,1001,fitzhugh_nagumo,[],1e-06,True,True,sciml,"[['g', '0.3170033151974947'], ['a', '0.4640004078907493'], ['b', '0.42100583800796526'], ['VV', '0.2990000318905316'], ['R', '0.5049917711272487']]",400.05486607551575
1328,265,fitzhugh_nagumo_5_1em6,"{'VV': 0.299, 'R': 0.505}","{'g': 0.317, 'a': 0.464, 'b': 0.421}",-1.0,1.0,1001,fitzhugh_nagumo,[],1e-06,False,False,iqm,,
1329,265,fitzhugh_nagumo_5_1em6,"{'VV': 0.299, 'R': 0.505}","{'g': 0.317, 'a': 0.464, 'b': 0.421}",-1.0,1.0,1001,fitzhugh_nagumo,[],1e-06,True,True,amigo2,"[['g', '3.1700e-01'], ['a', '4.6400e-01'], ['b', '4.2101e-01'], ['VV', '2.9900e-01'], ['R', '5.0499e-01']]",297.7282245159149
1330,266,fitzhugh_nagumo_6_1em6,"{'VV': 0.7, 'R': 0.367}","{'g': 0.348, 'a': 0.398, 'b': 0.52}",-1.0,1.0,1001,fitzhugh_nagumo,[],1e-06,False,False,pe,,
1331,266,fitzhugh_nagumo_6_1em6,"{'VV': 0.7, 'R': 0.367}","{'g': 0.348, 'a': 0.398, 'b': 0.52}",-1.0,1.0,1001,fitzhugh_nagumo,[],1e-06,False,False,odepe,,
1332,266,fitzhugh_nagumo_6_1em6,"{'VV': 0.7, 'R': 0.367}","{'g': 0.348, 'a': 0.398, 'b': 0.52}",-1.0,1.0,1001,fitzhugh_nagumo,[],1e-06,True,True,sciml,"[['g', '0.348000633497269'], ['a', '0.397999517194972'], ['b', '0.5200013045068945'], ['VV', '0.7000000210151647'], ['R', '0.36699794073215325']]",133.76604843139648
1333,266,fitzhugh_nagumo_6_1em6,"{'VV': 0.7, 'R': 0.367}","{'g': 0.348, 'a': 0.398, 'b': 0.52}",-1.0,1.0,1001,fitzhugh_nagumo,[],1e-06,False,False,iqm,,
1334,266,fitzhugh_nagumo_6_1em6,"{'VV': 0.7, 'R': 0.367}","{'g': 0.348, 'a': 0.398, 'b': 0.52}",-1.0,1.0,1001,fitzhugh_nagumo,[],1e-06,True,True,amigo2,"[['g', '3.4800e-01'], ['a', '3.9800e-01'], ['b', '5.2000e-01'], ['VV', '7.0000e-01'], ['R', '3.6700e-01']]",313.74561977386475
1335,267,fitzhugh_nagumo_7_1em6,"{'VV': 0.303, 'R': 0.457}","{'g': 0.839, 'a': 0.79, 'b': 0.139}",-1.0,1.0,1001,fitzhugh_nagumo,[],1e-06,False,False,pe,,
1336,267,fitzhugh_nagumo_7_1em6,"{'VV': 0.303, 'R': 0.457}","{'g': 0.839, 'a': 0.79, 'b': 0.139}",-1.0,1.0,1001,fitzhugh_nagumo,[],1e-06,False,False,odepe,,
1337,267,fitzhugh_nagumo_7_1em6,"{'VV': 0.303, 'R': 0.457}","{'g': 0.839, 'a': 0.79, 'b': 0.139}",-1.0,1.0,1001,fitzhugh_nagumo,[],1e-06,True,True,sciml,"[['g', '78.4718981588248'], ['a', '6.167534341060706'], ['b', '92.85111474194572'], ['VV', '0.0010156136088379406'], ['R', '9.48155850799341e-7']]",265.077264547348
1338,267,fitzhugh_nagumo_7_1em6,"{'VV': 0.303, 'R': 0.457}","{'g': 0.839, 'a': 0.79, 'b': 0.139}",-1.0,1.0,1001,fitzhugh_nagumo,[],1e-06,False,False,iqm,,
1339,267,fitzhugh_nagumo_7_1em6,"{'VV': 0.303, 'R': 0.457}","{'g': 0.839, 'a': 0.79, 'b': 0.139}",-1.0,1.0,1001,fitzhugh_nagumo,[],1e-06,True,True,amigo2,"[['g', '8.3900e-01'], ['a', '7.9000e-01'], ['b', '1.3899e-01'], ['VV', '3.0300e-01'], ['R', '4.5700e-01']]",297.64416313171387
1340,268,fitzhugh_nagumo_8_1em6,"{'VV': 0.644, 'R': 0.598}","{'g': 0.184, 'a': 0.379, 'b': 0.692}",-1.0,1.0,1001,fitzhugh_nagumo,[],1e-06,False,False,pe,,
1341,268,fitzhugh_nagumo_8_1em6,"{'VV': 0.644, 'R': 0.598}","{'g': 0.184, 'a': 0.379, 'b': 0.692}",-1.0,1.0,1001,fitzhugh_nagumo,[],1e-06,False,False,odepe,,
1342,268,fitzhugh_nagumo_8_1em6,"{'VV': 0.644, 'R': 0.598}","{'g': 0.184, 'a': 0.379, 'b': 0.692}",-1.0,1.0,1001,fitzhugh_nagumo,[],1e-06,True,True,sciml,"[['g', '0.18399964488849724'], ['a', '0.37900170275555006'], ['b', '0.6919983352242558'], ['VV', '0.6439998107663457'], ['R', '0.5980048749474829']]",271.94762897491455
1343,268,fitzhugh_nagumo_8_1em6,"{'VV': 0.644, 'R': 0.598}","{'g': 0.184, 'a': 0.379, 'b': 0.692}",-1.0,1.0,1001,fitzhugh_nagumo,[],1e-06,False,False,iqm,,
1344,268,fitzhugh_nagumo_8_1em6,"{'VV': 0.644, 'R': 0.598}","{'g': 0.184, 'a': 0.379, 'b': 0.692}",-1.0,1.0,1001,fitzhugh_nagumo,[],1e-06,True,True,amigo2,"[['g', '1.8400e-01'], ['a', '3.7900e-01'], ['b', '6.9200e-01'], ['VV', '6.4400e-01'], ['R', '5.9800e-01']]",350.9653947353363
1345,269,fitzhugh_nagumo_9_1em6,"{'VV': 0.641, 'R': 0.803}","{'g': 0.668, 'a': 0.264, 'b': 0.373}",-1.0,1.0,1001,fitzhugh_nagumo,[],1e-06,False,False,pe,,
1346,269,fitzhugh_nagumo_9_1em6,"{'VV': 0.641, 'R': 0.803}","{'g': 0.668, 'a': 0.264, 'b': 0.373}",-1.0,1.0,1001,fitzhugh_nagumo,[],1e-06,False,False,odepe,,
1347,269,fitzhugh_nagumo_9_1em6,"{'VV': 0.641, 'R': 0.803}","{'g': 0.668, 'a': 0.264, 'b': 0.373}",-1.0,1.0,1001,fitzhugh_nagumo,[],1e-06,True,True,sciml,"[['g', '0.6679975241499188'], ['a', '0.26400226174359087'], ['b', '0.37299678550358617'], ['VV', '0.6409998010629394'], ['R', '0.8030071662415377']]",263.1027636528015
1348,269,fitzhugh_nagumo_9_1em6,"{'VV': 0.641, 'R': 0.803}","{'g': 0.668, 'a': 0.264, 'b': 0.373}",-1.0,1.0,1001,fitzhugh_nagumo,[],1e-06,False,False,iqm,,
1349,269,fitzhugh_nagumo_9_1em6,"{'VV': 0.641, 'R': 0.803}","{'g': 0.668, 'a': 0.264, 'b': 0.373}",-1.0,1.0,1001,fitzhugh_nagumo,[],1e-06,True,True,amigo2,"[['g', '6.6800e-01'], ['a', '2.6400e-01'], ['b', '3.7300e-01'], ['VV', '6.4100e-01'], ['R', '8.0301e-01']]",312.8199510574341
1350,270,harmonic_0_1em6,"{'x1': 0.124, 'x2': 0.668}","{'a': 0.535, 'b': 0.326}",-1.0,1.0,1001,harmonic,[],1e-06,False,False,pe,,
1351,270,harmonic_0_1em6,"{'x1': 0.124, 'x2': 0.668}","{'a': 0.535, 'b': 0.326}",-1.0,1.0,1001,harmonic,[],1e-06,False,False,odepe,,
1352,270,harmonic_0_1em6,"{'x1': 0.124, 'x2': 0.668}","{'a': 0.535, 'b': 0.326}",-1.0,1.0,1001,harmonic,[],1e-06,True,True,sciml,"[['a', '0.5349999634699975'], ['b', '0.32599998365006777'], ['x1', '0.1239999866667865'], ['x2', '0.6680000382551923']]",257.97591161727905
1353,270,harmonic_0_1em6,"{'x1': 0.124, 'x2': 0.668}","{'a': 0.535, 'b': 0.326}",-1.0,1.0,1001,harmonic,[],1e-06,False,False,iqm,,
1354,270,harmonic_0_1em6,"{'x1': 0.124, 'x2': 0.668}","{'a': 0.535, 'b': 0.326}",-1.0,1.0,1001,harmonic,[],1e-06,True,True,amigo2,"[['a', '5.3500e-01'], ['b', '3.2600e-01'], ['x1', '1.2400e-01'], ['x2', '6.6800e-01']]",1301.672933101654
1355,271,harmonic_1_1em6,"{'x1': 0.524, 'x2': 0.838}","{'a': 0.106, 'b': 0.398}",-1.0,1.0,1001,harmonic,[],1e-06,False,False,pe,,
1356,271,harmonic_1_1em6,"{'x1': 0.524, 'x2': 0.838}","{'a': 0.106, 'b': 0.398}",-1.0,1.0,1001,harmonic,[],1e-06,False,False,odepe,,
1357,271,harmonic_1_1em6,"{'x1': 0.524, 'x2': 0.838}","{'a': 0.106, 'b': 0.398}",-1.0,1.0,1001,harmonic,[],1e-06,True,True,sciml,"[['a', '0.1059999814818771'], ['b', '0.39799998611829884'], ['x1', '0.5239999673464542'], ['x2', '0.8380000910386125']]",136.07229328155518
1358,271,harmonic_1_1em6,"{'x1': 0.524, 'x2': 0.838}","{'a': 0.106, 'b': 0.398}",-1.0,1.0,1001,harmonic,[],1e-06,False,False,iqm,,
1359,271,harmonic_1_1em6,"{'x1': 0.524, 'x2': 0.838}","{'a': 0.106, 'b': 0.398}",-1.0,1.0,1001,harmonic,[],1e-06,True,True,amigo2,"[['a', '1.0600e-01'], ['b', '3.9800e-01'], ['x1', '5.2400e-01'], ['x2', '8.3800e-01']]",751.5268239974976
1360,272,harmonic_2_1em6,"{'x1': 0.119, 'x2': 0.374}","{'a': 0.172, 'b': 0.425}",-1.0,1.0,1001,harmonic,[],1e-06,False,False,pe,,
1361,272,harmonic_2_1em6,"{'x1': 0.119, 'x2': 0.374}","{'a': 0.172, 'b': 0.425}",-1.0,1.0,1001,harmonic,[],1e-06,False,False,odepe,,
1362,272,harmonic_2_1em6,"{'x1': 0.119, 'x2': 0.374}","{'a': 0.172, 'b': 0.425}",-1.0,1.0,1001,harmonic,[],1e-06,True,True,sciml,"[['a', '0.16472711700135045'], ['b', '0.007481716822176708'], ['x1', '0.006853667125102873'], ['x2', '9.239665992702866e-13']]",135.16347074508667
1363,272,harmonic_2_1em6,"{'x1': 0.119, 'x2': 0.374}","{'a': 0.172, 'b': 0.425}",-1.0,1.0,1001,harmonic,[],1e-06,False,False,iqm,,
1364,272,harmonic_2_1em6,"{'x1': 0.119, 'x2': 0.374}","{'a': 0.172, 'b': 0.425}",-1.0,1.0,1001,harmonic,[],1e-06,True,True,amigo2,"[['a', '1.7200e-01'], ['b', '4.2500e-01'], ['x1', '1.1900e-01'], ['x2', '3.7400e-01']]",796.1486520767212
1365,273,harmonic_3_1em6,"{'x1': 0.268, 'x2': 0.193}","{'a': 0.598, 'b': 0.323}",-1.0,1.0,1001,harmonic,[],1e-06,False,False,pe,,
1366,273,harmonic_3_1em6,"{'x1': 0.268, 'x2': 0.193}","{'a': 0.598, 'b': 0.323}",-1.0,1.0,1001,harmonic,[],1e-06,False,False,odepe,,
1367,273,harmonic_3_1em6,"{'x1': 0.268, 'x2': 0.193}","{'a': 0.598, 'b': 0.323}",-1.0,1.0,1001,harmonic,[],1e-06,True,True,sciml,"[['a', '0.598000044496002'], ['b', '0.32300003072370426'], ['x1', '0.268000005752695'], ['x2', '0.19299999966495288']]",121.85718274116516
1368,273,harmonic_3_1em6,"{'x1': 0.268, 'x2': 0.193}","{'a': 0.598, 'b': 0.323}",-1.0,1.0,1001,harmonic,[],1e-06,False,False,iqm,,
1369,273,harmonic_3_1em6,"{'x1': 0.268, 'x2': 0.193}","{'a': 0.598, 'b': 0.323}",-1.0,1.0,1001,harmonic,[],1e-06,True,True,amigo2,"[['a', '5.9800e-01'], ['b', '3.2300e-01'], ['x1', '2.6800e-01'], ['x2', '1.9300e-01']]",1201.5354087352753
1370,274,harmonic_4_1em6,"{'x1': 0.638, 'x2': 0.859}","{'a': 0.562, 'b': 0.656}",-1.0,1.0,1001,harmonic,[],1e-06,False,False,pe,,
1371,274,harmonic_4_1em6,"{'x1': 0.638, 'x2': 0.859}","{'a': 0.562, 'b': 0.656}",-1.0,1.0,1001,harmonic,[],1e-06,False,False,odepe,,
1372,274,harmonic_4_1em6,"{'x1': 0.638, 'x2': 0.859}","{'a': 0.562, 'b': 0.656}",-1.0,1.0,1001,harmonic,[],1e-06,True,True,sciml,"[['a', '0.5619999642149939'], ['b', '0.6559998855829271'], ['x1', '0.6379999947288123'], ['x2', '0.8589999877426243']]",131.27371263504028
1373,274,harmonic_4_1em6,"{'x1': 0.638, 'x2': 0.859}","{'a': 0.562, 'b': 0.656}",-1.0,1.0,1001,harmonic,[],1e-06,False,False,iqm,,
1374,274,harmonic_4_1em6,"{'x1': 0.638, 'x2': 0.859}","{'a': 0.562, 'b': 0.656}",-1.0,1.0,1001,harmonic,[],1e-06,True,True,amigo2,"[['a', '5.6200e-01'], ['b', '6.5600e-01'], ['x1', '6.3800e-01'], ['x2', '8.5900e-01']]",840.7929866313934
1375,275,harmonic_5_1em6,"{'x1': 0.58, 'x2': 0.571}","{'a': 0.102, 'b': 0.618}",-1.0,1.0,1001,harmonic,[],1e-06,False,False,pe,,
1376,275,harmonic_5_1em6,"{'x1': 0.58, 'x2': 0.571}","{'a': 0.102, 'b': 0.618}",-1.0,1.0,1001,harmonic,[],1e-06,False,False,odepe,,
1377,275,harmonic_5_1em6,"{'x1': 0.58, 'x2': 0.571}","{'a': 0.102, 'b': 0.618}",-1.0,1.0,1001,harmonic,[],1e-06,True,True,sciml,"[['a', '0.10200000075525195'], ['b', '0.6180000097067594'], ['x1', '0.5800000007079953'], ['x2', '0.57099997364052']]",131.42890048027039
1378,275,harmonic_5_1em6,"{'x1': 0.58, 'x2': 0.571}","{'a': 0.102, 'b': 0.618}",-1.0,1.0,1001,harmonic,[],1e-06,False,False,iqm,,
1379,275,harmonic_5_1em6,"{'x1': 0.58, 'x2': 0.571}","{'a': 0.102, 'b': 0.618}",-1.0,1.0,1001,harmonic,[],1e-06,True,True,amigo2,"[['a', '1.0200e-01'], ['b', '6.1800e-01'], ['x1', '5.8000e-01'], ['x2', '5.7100e-01']]",999.2764620780945
1380,276,harmonic_6_1em6,"{'x1': 0.657, 'x2': 0.751}","{'a': 0.87, 'b': 0.113}",-1.0,1.0,1001,harmonic,[],1e-06,False,False,pe,,
1381,276,harmonic_6_1em6,"{'x1': 0.657, 'x2': 0.751}","{'a': 0.87, 'b': 0.113}",-1.0,1.0,1001,harmonic,[],1e-06,False,False,odepe,,
1382,276,harmonic_6_1em6,"{'x1': 0.657, 'x2': 0.751}","{'a': 0.87, 'b': 0.113}",-1.0,1.0,1001,harmonic,[],1e-06,True,True,sciml,"[['a', '0.8699998522562192'], ['b', '0.112999984400088'], ['x1', '0.6569999369826628'], ['x2', '0.7510001523260655']]",130.93989491462708
1383,276,harmonic_6_1em6,"{'x1': 0.657, 'x2': 0.751}","{'a': 0.87, 'b': 0.113}",-1.0,1.0,1001,harmonic,[],1e-06,False,False,iqm,,
1384,276,harmonic_6_1em6,"{'x1': 0.657, 'x2': 0.751}","{'a': 0.87, 'b': 0.113}",-1.0,1.0,1001,harmonic,[],1e-06,True,True,amigo2,"[['a', '8.7000e-01'], ['b', '1.1300e-01'], ['x1', '6.5700e-01'], ['x2', '7.5100e-01']]",666.2437665462494
1385,277,harmonic_7_1em6,"{'x1': 0.733, 'x2': 0.178}","{'a': 0.508, 'b': 0.367}",-1.0,1.0,1001,harmonic,[],1e-06,False,False,pe,,
1386,277,harmonic_7_1em6,"{'x1': 0.733, 'x2': 0.178}","{'a': 0.508, 'b': 0.367}",-1.0,1.0,1001,harmonic,[],1e-06,False,False,odepe,,
1387,277,harmonic_7_1em6,"{'x1': 0.733, 'x2': 0.178}","{'a': 0.508, 'b': 0.367}",-1.0,1.0,1001,harmonic,[],1e-06,True,True,sciml,"[['a', '1.4481039654367256'], ['b', '0.0071858754485722405'], ['x1', '0.009156104972577522'], ['x2', '8.458711874943773e-18']]",145.59262895584106
1388,277,harmonic_7_1em6,"{'x1': 0.733, 'x2': 0.178}","{'a': 0.508, 'b': 0.367}",-1.0,1.0,1001,harmonic,[],1e-06,False,False,iqm,,
1389,277,harmonic_7_1em6,"{'x1': 0.733, 'x2': 0.178}","{'a': 0.508, 'b': 0.367}",-1.0,1.0,1001,harmonic,[],1e-06,True,True,amigo2,"[['a', '5.0800e-01'], ['b', '3.6700e-01'], ['x1', '7.3300e-01'], ['x2', '1.7800e-01']]",680.3830254077911
1390,278,harmonic_8_1em6,"{'x1': 0.655, 'x2': 0.173}","{'a': 0.454, 'b': 0.516}",-1.0,1.0,1001,harmonic,[],1e-06,False,False,pe,,
1391,278,harmonic_8_1em6,"{'x1': 0.655, 'x2': 0.173}","{'a': 0.454, 'b': 0.516}",-1.0,1.0,1001,harmonic,[],1e-06,False,False,odepe,,
1392,278,harmonic_8_1em6,"{'x1': 0.655, 'x2': 0.173}","{'a': 0.454, 'b': 0.516}",-1.0,1.0,1001,harmonic,[],1e-06,True,True,sciml,"[['a', '0.45400000580144645'], ['b', '0.516000015482016'], ['x1', '0.6550000248090757'], ['x2', '0.1730000364717027']]",187.8522448539734
1393,278,harmonic_8_1em6,"{'x1': 0.655, 'x2': 0.173}","{'a': 0.454, 'b': 0.516}",-1.0,1.0,1001,harmonic,[],1e-06,False,False,iqm,,
1394,278,harmonic_8_1em6,"{'x1': 0.655, 'x2': 0.173}","{'a': 0.454, 'b': 0.516}",-1.0,1.0,1001,harmonic,[],1e-06,True,True,amigo2,"[['a', '4.5400e-01'], ['b', '5.1600e-01'], ['x1', '6.5500e-01'], ['x2', '1.7300e-01']]",694.8957223892212
1395,279,harmonic_9_1em6,"{'x1': 0.599, 'x2': 0.81}","{'a': 0.282, 'b': 0.428}",-1.0,1.0,1001,harmonic,[],1e-06,False,False,pe,,
1396,279,harmonic_9_1em6,"{'x1': 0.599, 'x2': 0.81}","{'a': 0.282, 'b': 0.428}",-1.0,1.0,1001,harmonic,[],1e-06,False,False,odepe,,
1397,279,harmonic_9_1em6,"{'x1': 0.599, 'x2': 0.81}","{'a': 0.282, 'b': 0.428}",-1.0,1.0,1001,harmonic,[],1e-06,True,True,sciml,"[['a', '0.29410006813088435'], ['b', '0.01321764295572196'], ['x1', '0.033955975701356035'], ['x2', '4.0569231703867184e-15']]",143.30924606323242
1398,279,harmonic_9_1em6,"{'x1': 0.599, 'x2': 0.81}","{'a': 0.282, 'b': 0.428}",-1.0,1.0,1001,harmonic,[],1e-06,False,False,iqm,,
1399,279,harmonic_9_1em6,"{'x1': 0.599, 'x2': 0.81}","{'a': 0.282, 'b': 0.428}",-1.0,1.0,1001,harmonic,[],1e-06,True,True,amigo2,"[['a', '2.8200e-01'], ['b', '4.2800e-01'], ['x1', '5.9900e-01'], ['x2', '8.1000e-01']]",509.72648191452026
1400,280,hiv_0_1em6,"{'x': 0.836, 'yy': 0.129, 'vv': 0.24, 'w': 0.411, 'z': 0.862}","{'lm': 0.595, 'd': 0.207, 'beta': 0.884, 'a': 0.797, 'k': 0.502, 'uu': 0.838, 'c': 0.533, 'q': 0.839, 'b': 0.764, 'h': 0.875}",-1.0,1.0,1001,hiv,[],1e-06,False,False,pe,,
1401,280,hiv_0_1em6,"{'x': 0.836, 'yy': 0.129, 'vv': 0.24, 'w': 0.411, 'z': 0.862}","{'lm': 0.595, 'd': 0.207, 'beta': 0.884, 'a': 0.797, 'k': 0.502, 'uu': 0.838, 'c': 0.533, 'q': 0.839, 'b': 0.764, 'h': 0.875}",-1.0,1.0,1001,hiv,[],1e-06,False,False,odepe,,
1402,280,hiv_0_1em6,"{'x': 0.836, 'yy': 0.129, 'vv': 0.24, 'w': 0.411, 'z': 0.862}","{'lm': 0.595, 'd': 0.207, 'beta': 0.884, 'a': 0.797, 'k': 0.502, 'uu': 0.838, 'c': 0.533, 'q': 0.839, 'b': 0.764, 'h': 0.875}",-1.0,1.0,1001,hiv,[],1e-06,True,True,sciml,"[['lm', '1.6940408299850338'], ['d', '0.23326830834909945'], ['beta', '9.241556955830388'], ['a', '6.09113579388975'], ['k', '0.27627133184499614'], ['uu', '0.6782021933685269'], ['c', '0.3867901325968225'], ['q', '3.071201696908111'], ['b', '0.5875541342657795'], ['h', '0.9610488970984794'], ['x', '0.8356987713627294'], ['yy', '0.20704880458193156'], ['vv', '0.16196659155943705'], ['w', '0.4110896435181884'], ['z', '0.8616451374998388']]",460.8509895801544
1403,280,hiv_0_1em6,"{'x': 0.836, 'yy': 0.129, 'vv': 0.24, 'w': 0.411, 'z': 0.862}","{'lm': 0.595, 'd': 0.207, 'beta': 0.884, 'a': 0.797, 'k': 0.502, 'uu': 0.838, 'c': 0.533, 'q': 0.839, 'b': 0.764, 'h': 0.875}",-1.0,1.0,1001,hiv,[],1e-06,False,False,iqm,,
1404,280,hiv_0_1em6,"{'x': 0.836, 'yy': 0.129, 'vv': 0.24, 'w': 0.411, 'z': 0.862}","{'lm': 0.595, 'd': 0.207, 'beta': 0.884, 'a': 0.797, 'k': 0.502, 'uu': 0.838, 'c': 0.533, 'q': 0.839, 'b': 0.764, 'h': 0.875}",-1.0,1.0,1001,hiv,[],1e-06,True,True,amigo2,"[['lm', '5.9500e-01'], ['d', '2.0700e-01'], ['beta', '8.8410e-01'], ['a', '7.9697e-01'], ['k', '5.0196e-01'], ['uu', '8.3805e-01'], ['c', '5.3300e-01'], ['q', '8.3913e-01'], ['b', '7.6399e-01'], ['h', '8.7501e-01'], ['x', '8.3600e-01'], ['yy', '1.2903e-01'], ['vv', '2.3997e-01'], ['w', '4.1100e-01'], ['z', '8.6200e-01']]",301.6524131298065
1405,281,hiv_1_1em6,"{'x': 0.298, 'yy': 0.132, 'vv': 0.148, 'w': 0.149, 'z': 0.826}","{'lm': 0.34, 'd': 0.228, 'beta': 0.809, 'a': 0.457, 'k': 0.826, 'uu': 0.228, 'c': 0.629, 'q': 0.452, 'b': 0.161, 'h': 0.657}",-1.0,1.0,1001,hiv,[],1e-06,False,False,pe,,
1406,281,hiv_1_1em6,"{'x': 0.298, 'yy': 0.132, 'vv': 0.148, 'w': 0.149, 'z': 0.826}","{'lm': 0.34, 'd': 0.228, 'beta': 0.809, 'a': 0.457, 'k': 0.826, 'uu': 0.228, 'c': 0.629, 'q': 0.452, 'b': 0.161, 'h': 0.657}",-1.0,1.0,1001,hiv,[],1e-06,False,False,odepe,,
1407,281,hiv_1_1em6,"{'x': 0.298, 'yy': 0.132, 'vv': 0.148, 'w': 0.149, 'z': 0.826}","{'lm': 0.34, 'd': 0.228, 'beta': 0.809, 'a': 0.457, 'k': 0.826, 'uu': 0.228, 'c': 0.629, 'q': 0.452, 'b': 0.161, 'h': 0.657}",-1.0,1.0,1001,hiv,[],1e-06,True,False,sciml,,165.65769267082214
1408,281,hiv_1_1em6,"{'x': 0.298, 'yy': 0.132, 'vv': 0.148, 'w': 0.149, 'z': 0.826}","{'lm': 0.34, 'd': 0.228, 'beta': 0.809, 'a': 0.457, 'k': 0.826, 'uu': 0.228, 'c': 0.629, 'q': 0.452, 'b': 0.161, 'h': 0.657}",-1.0,1.0,1001,hiv,[],1e-06,False,False,iqm,,
1409,281,hiv_1_1em6,"{'x': 0.298, 'yy': 0.132, 'vv': 0.148, 'w': 0.149, 'z': 0.826}","{'lm': 0.34, 'd': 0.228, 'beta': 0.809, 'a': 0.457, 'k': 0.826, 'uu': 0.228, 'c': 0.629, 'q': 0.452, 'b': 0.161, 'h': 0.657}",-1.0,1.0,1001,hiv,[],1e-06,True,True,amigo2,"[['lm', '3.4000e-01'], ['d', '2.2799e-01'], ['beta', '8.0879e-01'], ['a', '4.5735e-01'], ['k', '8.2631e-01'], ['uu', '2.2782e-01'], ['c', '6.2928e-01'], ['q', '4.5202e-01'], ['b', '1.6100e-01'], ['h', '6.5700e-01'], ['x', '2.9800e-01'], ['yy', '1.3197e-01'], ['vv', '1.4803e-01'], ['w', '1.4900e-01'], ['z', '8.2600e-01']]",1908.7726092338562
1410,282,hiv_2_1em6,"{'x': 0.24, 'yy': 0.362, 'vv': 0.644, 'w': 0.151, 'z': 0.586}","{'lm': 0.692, 'd': 0.818, 'beta': 0.638, 'a': 0.523, 'k': 0.344, 'uu': 0.898, 'c': 0.39, 'q': 0.477, 'b': 0.403, 'h': 0.884}",-1.0,1.0,1001,hiv,[],1e-06,False,False,pe,,
1411,282,hiv_2_1em6,"{'x': 0.24, 'yy': 0.362, 'vv': 0.644, 'w': 0.151, 'z': 0.586}","{'lm': 0.692, 'd': 0.818, 'beta': 0.638, 'a': 0.523, 'k': 0.344, 'uu': 0.898, 'c': 0.39, 'q': 0.477, 'b': 0.403, 'h': 0.884}",-1.0,1.0,1001,hiv,[],1e-06,False,False,odepe,,
1412,282,hiv_2_1em6,"{'x': 0.24, 'yy': 0.362, 'vv': 0.644, 'w': 0.151, 'z': 0.586}","{'lm': 0.692, 'd': 0.818, 'beta': 0.638, 'a': 0.523, 'k': 0.344, 'uu': 0.898, 'c': 0.39, 'q': 0.477, 'b': 0.403, 'h': 0.884}",-1.0,1.0,1001,hiv,[],1e-06,True,True,sciml,"[['lm', '1.704016118771522'], ['d', '1.7801027199321482'], ['beta', '3.4046207875342738'], ['a', '2.405966923137105'], ['k', '1.0621416045657546'], ['uu', '1.420928570651152'], ['c', '0.42141760913148707'], ['q', '0.2078721808817019'], ['b', '0.4320107374230784'], ['h', '0.8702602475922927'], ['x', '0.2370691040029827'], ['yy', '2.767905925299903e-10'], ['vv', '1.009566525750394'], ['w', '0.15098184677544144'], ['z', '0.5861988339453071']]",423.47022795677185
1413,282,hiv_2_1em6,"{'x': 0.24, 'yy': 0.362, 'vv': 0.644, 'w': 0.151, 'z': 0.586}","{'lm': 0.692, 'd': 0.818, 'beta': 0.638, 'a': 0.523, 'k': 0.344, 'uu': 0.898, 'c': 0.39, 'q': 0.477, 'b': 0.403, 'h': 0.884}",-1.0,1.0,1001,hiv,[],1e-06,False,False,iqm,,
1414,282,hiv_2_1em6,"{'x': 0.24, 'yy': 0.362, 'vv': 0.644, 'w': 0.151, 'z': 0.586}","{'lm': 0.692, 'd': 0.818, 'beta': 0.638, 'a': 0.523, 'k': 0.344, 'uu': 0.898, 'c': 0.39, 'q': 0.477, 'b': 0.403, 'h': 0.884}",-1.0,1.0,1001,hiv,[],1e-06,True,True,amigo2,"[['lm', '6.3539e-01'], ['d', '6.6073e-01'], ['beta', '8.8494e-01'], ['a', '8.2856e-01'], ['k', '0.0000e+00'], ['uu', '3.1801e-01'], ['c', '2.1788e-02'], ['q', '5.8507e+00'], ['b', '3.6033e-01'], ['h', '8.8077e-01'], ['x', '2.4040e-01'], ['yy', '6.0194e-01'], ['vv', '4.0381e-01'], ['w', '1.5093e-01'], ['z', '5.8533e-01']]",323.4048328399658
1415,283,hiv_3_1em6,"{'x': 0.375, 'yy': 0.573, 'vv': 0.627, 'w': 0.418, 'z': 0.899}","{'lm': 0.482, 'd': 0.327, 'beta': 0.291, 'a': 0.512, 'k': 0.394, 'uu': 0.465, 'c': 0.37, 'q': 0.876, 'b': 0.207, 'h': 0.177}",-1.0,1.0,1001,hiv,[],1e-06,False,False,pe,,
1416,283,hiv_3_1em6,"{'x': 0.375, 'yy': 0.573, 'vv': 0.627, 'w': 0.418, 'z': 0.899}","{'lm': 0.482, 'd': 0.327, 'beta': 0.291, 'a': 0.512, 'k': 0.394, 'uu': 0.465, 'c': 0.37, 'q': 0.876, 'b': 0.207, 'h': 0.177}",-1.0,1.0,1001,hiv,[],1e-06,False,False,odepe,,
1417,283,hiv_3_1em6,"{'x': 0.375, 'yy': 0.573, 'vv': 0.627, 'w': 0.418, 'z': 0.899}","{'lm': 0.482, 'd': 0.327, 'beta': 0.291, 'a': 0.512, 'k': 0.394, 'uu': 0.465, 'c': 0.37, 'q': 0.876, 'b': 0.207, 'h': 0.177}",-1.0,1.0,1001,hiv,[],1e-06,True,True,sciml,"[['lm', '58.80187749941601'], ['d', '97.82069200693459'], ['beta', '10.354437174811682'], ['a', '86.57919920967852'], ['k', '78.94740141166807'], ['uu', '9.279545861837546'], ['c', '16.932148875988595'], ['q', '2.689655027187887'], ['b', '46.297608246956855'], ['h', '61.451673677101695'], ['x', '83.4043035865934'], ['yy', '55.51835361102428'], ['vv', '9.356386679841455'], ['w', '53.11189769057153'], ['z', '16.515721094902258']]",136.85870456695557
1418,283,hiv_3_1em6,"{'x': 0.375, 'yy': 0.573, 'vv': 0.627, 'w': 0.418, 'z': 0.899}","{'lm': 0.482, 'd': 0.327, 'beta': 0.291, 'a': 0.512, 'k': 0.394, 'uu': 0.465, 'c': 0.37, 'q': 0.876, 'b': 0.207, 'h': 0.177}",-1.0,1.0,1001,hiv,[],1e-06,False,False,iqm,,
1419,283,hiv_3_1em6,"{'x': 0.375, 'yy': 0.573, 'vv': 0.627, 'w': 0.418, 'z': 0.899}","{'lm': 0.482, 'd': 0.327, 'beta': 0.291, 'a': 0.512, 'k': 0.394, 'uu': 0.465, 'c': 0.37, 'q': 0.876, 'b': 0.207, 'h': 0.177}",-1.0,1.0,1001,hiv,[],1e-06,True,True,amigo2,"[['lm', '4.8200e-01'], ['d', '3.2701e-01'], ['beta', '2.9096e-01'], ['a', '5.1203e-01'], ['k', '3.9406e-01'], ['uu', '4.6497e-01'], ['c', '3.7007e-01'], ['q', '8.7600e-01'], ['b', '2.0700e-01'], ['h', '1.7700e-01'], ['x', '3.7500e-01'], ['yy', '5.7290e-01'], ['vv', '6.2710e-01'], ['w', '4.1800e-01'], ['z', '8.9900e-01']]",3402.8811309337616
1420,284,hiv_4_1em6,"{'x': 0.15, 'yy': 0.294, 'vv': 0.446, 'w': 0.518, 'z': 0.718}","{'lm': 0.382, 'd': 0.677, 'beta': 0.61, 'a': 0.75, 'k': 0.881, 'uu': 0.812, 'c': 0.712, 'q': 0.659, 'b': 0.368, 'h': 0.218}",-1.0,1.0,1001,hiv,[],1e-06,False,False,pe,,
1421,284,hiv_4_1em6,"{'x': 0.15, 'yy': 0.294, 'vv': 0.446, 'w': 0.518, 'z': 0.718}","{'lm': 0.382, 'd': 0.677, 'beta': 0.61, 'a': 0.75, 'k': 0.881, 'uu': 0.812, 'c': 0.712, 'q': 0.659, 'b': 0.368, 'h': 0.218}",-1.0,1.0,1001,hiv,[],1e-06,False,False,odepe,,
1422,284,hiv_4_1em6,"{'x': 0.15, 'yy': 0.294, 'vv': 0.446, 'w': 0.518, 'z': 0.718}","{'lm': 0.382, 'd': 0.677, 'beta': 0.61, 'a': 0.75, 'k': 0.881, 'uu': 0.812, 'c': 0.712, 'q': 0.659, 'b': 0.368, 'h': 0.218}",-1.0,1.0,1001,hiv,[],1e-06,True,True,sciml,"[['lm', '0.35745654767587925'], ['d', '0.5856193813231202'], ['beta', '1.1094591910034657'], ['a', '0.6808735837584228'], ['k', '0.39831087098928214'], ['uu', '0.824248932148713'], ['c', '0.3489435624891726'], ['q', '0.6922904680661354'], ['b', '0.3703618045184636'], ['h', '0.21386585327941637'], ['x', '0.15017631540116158'], ['yy', '0.5450287204465387'], ['vv', '0.19495130902157562'], ['w', '0.517940448649948'], ['z', '0.718006953880075']]",551.6065194606781
1423,284,hiv_4_1em6,"{'x': 0.15, 'yy': 0.294, 'vv': 0.446, 'w': 0.518, 'z': 0.718}","{'lm': 0.382, 'd': 0.677, 'beta': 0.61, 'a': 0.75, 'k': 0.881, 'uu': 0.812, 'c': 0.712, 'q': 0.659, 'b': 0.368, 'h': 0.218}",-1.0,1.0,1001,hiv,[],1e-06,False,False,iqm,,
1424,284,hiv_4_1em6,"{'x': 0.15, 'yy': 0.294, 'vv': 0.446, 'w': 0.518, 'z': 0.718}","{'lm': 0.382, 'd': 0.677, 'beta': 0.61, 'a': 0.75, 'k': 0.881, 'uu': 0.812, 'c': 0.712, 'q': 0.659, 'b': 0.368, 'h': 0.218}",-1.0,1.0,1001,hiv,[],1e-06,True,True,amigo2,"[['lm', '3.8200e-01'], ['d', '6.7700e-01'], ['beta', '6.1011e-01'], ['a', '7.4989e-01'], ['k', '8.8087e-01'], ['uu', '8.1215e-01'], ['c', '7.1214e-01'], ['q', '6.5871e-01'], ['b', '3.6802e-01'], ['h', '2.1800e-01'], ['x', '1.5000e-01'], ['yy', '2.9407e-01'], ['vv', '4.4593e-01'], ['w', '5.1800e-01'], ['z', '7.1800e-01']]",2088.1009924411774
1425,285,hiv_5_1em6,"{'x': 0.218, 'yy': 0.648, 'vv': 0.625, 'w': 0.79, 'z': 0.178}","{'lm': 0.867, 'd': 0.194, 'beta': 0.186, 'a': 0.572, 'k': 0.696, 'uu': 0.779, 'c': 0.849, 'q': 0.887, 'b': 0.42, 'h': 0.404}",-1.0,1.0,1001,hiv,[],1e-06,False,False,pe,,
1426,285,hiv_5_1em6,"{'x': 0.218, 'yy': 0.648, 'vv': 0.625, 'w': 0.79, 'z': 0.178}","{'lm': 0.867, 'd': 0.194, 'beta': 0.186, 'a': 0.572, 'k': 0.696, 'uu': 0.779, 'c': 0.849, 'q': 0.887, 'b': 0.42, 'h': 0.404}",-1.0,1.0,1001,hiv,[],1e-06,False,False,odepe,,
1427,285,hiv_5_1em6,"{'x': 0.218, 'yy': 0.648, 'vv': 0.625, 'w': 0.79, 'z': 0.178}","{'lm': 0.867, 'd': 0.194, 'beta': 0.186, 'a': 0.572, 'k': 0.696, 'uu': 0.779, 'c': 0.849, 'q': 0.887, 'b': 0.42, 'h': 0.404}",-1.0,1.0,1001,hiv,[],1e-06,True,True,sciml,"[['lm', '0.8669995957435618'], ['d', '0.1939965700664319'], ['beta', '0.18601513206393164'], ['a', '0.5719984504927319'], ['k', '0.6959477272765773'], ['uu', '0.7790104453569006'], ['c', '0.8489473248314205'], ['q', '0.8869938184990095'], ['b', '0.420001973940541'], ['h', '0.4039972178359826'], ['x', '0.2179999890122551'], ['yy', '0.6480433271489665'], ['vv', '0.6249566981016619'], ['w', '0.7899999235566735'], ['z', '0.1780000219314732']]",383.1770362854004
1428,285,hiv_5_1em6,"{'x': 0.218, 'yy': 0.648, 'vv': 0.625, 'w': 0.79, 'z': 0.178}","{'lm': 0.867, 'd': 0.194, 'beta': 0.186, 'a': 0.572, 'k': 0.696, 'uu': 0.779, 'c': 0.849, 'q': 0.887, 'b': 0.42, 'h': 0.404}",-1.0,1.0,1001,hiv,[],1e-06,False,False,iqm,,
1429,285,hiv_5_1em6,"{'x': 0.218, 'yy': 0.648, 'vv': 0.625, 'w': 0.79, 'z': 0.178}","{'lm': 0.867, 'd': 0.194, 'beta': 0.186, 'a': 0.572, 'k': 0.696, 'uu': 0.779, 'c': 0.849, 'q': 0.887, 'b': 0.42, 'h': 0.404}",-1.0,1.0,1001,hiv,[],1e-06,True,True,amigo2,"[['lm', '8.4173e-01'], ['d', '2.6095e-01'], ['beta', '0.0000e+00'], ['a', '1.2919e+00'], ['k', '2.8688e-03'], ['uu', '2.5160e-01'], ['c', '5.2282e-02'], ['q', '1.0000e+02'], ['b', '2.7437e-01'], ['h', '1.6141e-01'], ['x', '2.2028e-01'], ['yy', '9.6520e-02'], ['vv', '1.1813e+00'], ['w', '7.8646e-01'], ['z', '1.7044e-01']]",2303.5933125019073
1430,286,hiv_6_1em6,"{'x': 0.439, 'yy': 0.786, 'vv': 0.194, 'w': 0.317, 'z': 0.423}","{'lm': 0.498, 'd': 0.565, 'beta': 0.293, 'a': 0.235, 'k': 0.788, 'uu': 0.147, 'c': 0.476, 'q': 0.193, 'b': 0.466, 'h': 0.884}",-1.0,1.0,1001,hiv,[],1e-06,False,False,pe,,
1431,286,hiv_6_1em6,"{'x': 0.439, 'yy': 0.786, 'vv': 0.194, 'w': 0.317, 'z': 0.423}","{'lm': 0.498, 'd': 0.565, 'beta': 0.293, 'a': 0.235, 'k': 0.788, 'uu': 0.147, 'c': 0.476, 'q': 0.193, 'b': 0.466, 'h': 0.884}",-1.0,1.0,1001,hiv,[],1e-06,False,False,odepe,,
1432,286,hiv_6_1em6,"{'x': 0.439, 'yy': 0.786, 'vv': 0.194, 'w': 0.317, 'z': 0.423}","{'lm': 0.498, 'd': 0.565, 'beta': 0.293, 'a': 0.235, 'k': 0.788, 'uu': 0.147, 'c': 0.476, 'q': 0.193, 'b': 0.466, 'h': 0.884}",-1.0,1.0,1001,hiv,[],1e-06,True,True,sciml,"[['lm', '0.49800159518471404'], ['d', '0.5649990880210094'], ['beta', '0.2930025826873281'], ['a', '0.23499757534242946'], ['k', '0.7880072216594112'], ['uu', '0.14700598131407705'], ['c', '0.47596730404597537'], ['q', '0.19300966433671649'], ['b', '0.4659873398924291'], ['h', '0.8839978642490683'], ['x', '0.4389999614469257'], ['yy', '0.785987523435266'], ['vv', '0.19401260122334976'], ['w', '0.31699994545742616'], ['z', '0.42299992980677903']]",430.61537051200867
1433,286,hiv_6_1em6,"{'x': 0.439, 'yy': 0.786, 'vv': 0.194, 'w': 0.317, 'z': 0.423}","{'lm': 0.498, 'd': 0.565, 'beta': 0.293, 'a': 0.235, 'k': 0.788, 'uu': 0.147, 'c': 0.476, 'q': 0.193, 'b': 0.466, 'h': 0.884}",-1.0,1.0,1001,hiv,[],1e-06,False,False,iqm,,
1434,286,hiv_6_1em6,"{'x': 0.439, 'yy': 0.786, 'vv': 0.194, 'w': 0.317, 'z': 0.423}","{'lm': 0.498, 'd': 0.565, 'beta': 0.293, 'a': 0.235, 'k': 0.788, 'uu': 0.147, 'c': 0.476, 'q': 0.193, 'b': 0.466, 'h': 0.884}",-1.0,1.0,1001,hiv,[],1e-06,True,True,amigo2,"[['lm', '4.9800e-01'], ['d', '5.6500e-01'], ['beta', '2.9300e-01'], ['a', '2.3500e-01'], ['k', '7.8801e-01'], ['uu', '1.4701e-01'], ['c', '4.7597e-01'], ['q', '1.9301e-01'], ['b', '4.6599e-01'], ['h', '8.8400e-01'], ['x', '4.3900e-01'], ['yy', '7.8599e-01'], ['vv', '1.9401e-01'], ['w', '3.1700e-01'], ['z', '4.2300e-01']]",312.70566058158875
1435,287,hiv_7_1em6,"{'x': 0.623, 'yy': 0.681, 'vv': 0.53, 'w': 0.188, 'z': 0.424}","{'lm': 0.42, 'd': 0.637, 'beta': 0.376, 'a': 0.671, 'k': 0.611, 'uu': 0.419, 'c': 0.445, 'q': 0.592, 'b': 0.156, 'h': 0.758}",-1.0,1.0,1001,hiv,[],1e-06,False,False,pe,,
1436,287,hiv_7_1em6,"{'x': 0.623, 'yy': 0.681, 'vv': 0.53, 'w': 0.188, 'z': 0.424}","{'lm': 0.42, 'd': 0.637, 'beta': 0.376, 'a': 0.671, 'k': 0.611, 'uu': 0.419, 'c': 0.445, 'q': 0.592, 'b': 0.156, 'h': 0.758}",-1.0,1.0,1001,hiv,[],1e-06,False,False,odepe,,
1437,287,hiv_7_1em6,"{'x': 0.623, 'yy': 0.681, 'vv': 0.53, 'w': 0.188, 'z': 0.424}","{'lm': 0.42, 'd': 0.637, 'beta': 0.376, 'a': 0.671, 'k': 0.611, 'uu': 0.419, 'c': 0.445, 'q': 0.592, 'b': 0.156, 'h': 0.758}",-1.0,1.0,1001,hiv,[],1e-06,True,True,sciml,"[['lm', '0.4199314340510722'], ['d', '0.6368605708978103'], ['beta', '0.37597098141049784'], ['a', '0.6710741648706701'], ['k', '0.6110952055116676'], ['uu', '0.41897849942859716'], ['c', '0.4450952737497327'], ['q', '0.5920011742350826'], ['b', '0.1559995873125439'], ['h', '0.7580023604026076'], ['x', '0.6230001481987876'], ['yy', '0.6808757445694664'], ['vv', '0.5301241533899954'], ['w', '0.18799998773977655'], ['z', '0.42399997313838433']]",433.0603036880493
1438,287,hiv_7_1em6,"{'x': 0.623, 'yy': 0.681, 'vv': 0.53, 'w': 0.188, 'z': 0.424}","{'lm': 0.42, 'd': 0.637, 'beta': 0.376, 'a': 0.671, 'k': 0.611, 'uu': 0.419, 'c': 0.445, 'q': 0.592, 'b': 0.156, 'h': 0.758}",-1.0,1.0,1001,hiv,[],1e-06,False,False,iqm,,
1439,287,hiv_7_1em6,"{'x': 0.623, 'yy': 0.681, 'vv': 0.53, 'w': 0.188, 'z': 0.424}","{'lm': 0.42, 'd': 0.637, 'beta': 0.376, 'a': 0.671, 'k': 0.611, 'uu': 0.419, 'c': 0.445, 'q': 0.592, 'b': 0.156, 'h': 0.758}",-1.0,1.0,1001,hiv,[],1e-06,True,True,amigo2,"[['lm', '8.0410e-02'], ['d', '0.0000e+00'], ['beta', '4.0539e-01'], ['a', '3.5394e-01'], ['k', '0.0000e+00'], ['uu', '2.1727e-01'], ['c', '2.7348e-01'], ['q', '2.4378e-01'], ['b', '2.0155e-01'], ['h', '6.9360e-01'], ['x', '6.2400e-01'], ['yy', '4.6009e-01'], ['vv', '7.5062e-01'], ['w', '1.8818e-01'], ['z', '4.2408e-01']]",2666.3787722587585
1440,288,hiv_8_1em6,"{'x': 0.794, 'yy': 0.123, 'vv': 0.528, 'w': 0.423, 'z': 0.519}","{'lm': 0.424, 'd': 0.357, 'beta': 0.124, 'a': 0.69, 'k': 0.188, 'uu': 0.585, 'c': 0.663, 'q': 0.608, 'b': 0.867, 'h': 0.183}",-1.0,1.0,1001,hiv,[],1e-06,False,False,pe,,
1441,288,hiv_8_1em6,"{'x': 0.794, 'yy': 0.123, 'vv': 0.528, 'w': 0.423, 'z': 0.519}","{'lm': 0.424, 'd': 0.357, 'beta': 0.124, 'a': 0.69, 'k': 0.188, 'uu': 0.585, 'c': 0.663, 'q': 0.608, 'b': 0.867, 'h': 0.183}",-1.0,1.0,1001,hiv,[],1e-06,False,False,odepe,,
1442,288,hiv_8_1em6,"{'x': 0.794, 'yy': 0.123, 'vv': 0.528, 'w': 0.423, 'z': 0.519}","{'lm': 0.424, 'd': 0.357, 'beta': 0.124, 'a': 0.69, 'k': 0.188, 'uu': 0.585, 'c': 0.663, 'q': 0.608, 'b': 0.867, 'h': 0.183}",-1.0,1.0,1001,hiv,[],1e-06,True,True,sciml,"[['lm', '0.4953050795109958'], ['d', '0.4196906981823047'], ['beta', '0.14253205500713045'], ['a', '45.42443033560022'], ['k', '26.841134037909455'], ['uu', '0.5569454691485471'], ['c', '46.12865528362885'], ['q', '0.6566340504619674'], ['b', '0.8620188229265415'], ['h', '0.18180775191163595'], ['x', '0.7939971374308029'], ['yy', '0.001554105148315493'], ['vv', '0.6493982545572532'], ['w', '0.42299632187868424'], ['z', '0.5189566973808227']]",392.88572669029236
1443,288,hiv_8_1em6,"{'x': 0.794, 'yy': 0.123, 'vv': 0.528, 'w': 0.423, 'z': 0.519}","{'lm': 0.424, 'd': 0.357, 'beta': 0.124, 'a': 0.69, 'k': 0.188, 'uu': 0.585, 'c': 0.663, 'q': 0.608, 'b': 0.867, 'h': 0.183}",-1.0,1.0,1001,hiv,[],1e-06,False,False,iqm,,
1444,288,hiv_8_1em6,"{'x': 0.794, 'yy': 0.123, 'vv': 0.528, 'w': 0.423, 'z': 0.519}","{'lm': 0.424, 'd': 0.357, 'beta': 0.124, 'a': 0.69, 'k': 0.188, 'uu': 0.585, 'c': 0.663, 'q': 0.608, 'b': 0.867, 'h': 0.183}",-1.0,1.0,1001,hiv,[],1e-06,True,True,amigo2,"[['lm', '4.2399e-01'], ['d', '3.5699e-01'], ['beta', '1.2399e-01'], ['a', '6.8990e-01'], ['k', '1.8792e-01'], ['uu', '5.8500e-01'], ['c', '6.6313e-01'], ['q', '6.0794e-01'], ['b', '8.6701e-01'], ['h', '1.8300e-01'], ['x', '7.9400e-01'], ['yy', '1.2299e-01'], ['vv', '5.2801e-01'], ['w', '4.2300e-01'], ['z', '5.1900e-01']]",2376.9218995571136
1445,289,hiv_9_1em6,"{'x': 0.18, 'yy': 0.312, 'vv': 0.153, 'w': 0.152, 'z': 0.785}","{'lm': 0.392, 'd': 0.252, 'beta': 0.115, 'a': 0.515, 'k': 0.774, 'uu': 0.399, 'c': 0.278, 'q': 0.164, 'b': 0.168, 'h': 0.277}",-1.0,1.0,1001,hiv,[],1e-06,False,False,pe,,
1446,289,hiv_9_1em6,"{'x': 0.18, 'yy': 0.312, 'vv': 0.153, 'w': 0.152, 'z': 0.785}","{'lm': 0.392, 'd': 0.252, 'beta': 0.115, 'a': 0.515, 'k': 0.774, 'uu': 0.399, 'c': 0.278, 'q': 0.164, 'b': 0.168, 'h': 0.277}",-1.0,1.0,1001,hiv,[],1e-06,False,False,odepe,,
1447,289,hiv_9_1em6,"{'x': 0.18, 'yy': 0.312, 'vv': 0.153, 'w': 0.152, 'z': 0.785}","{'lm': 0.392, 'd': 0.252, 'beta': 0.115, 'a': 0.515, 'k': 0.774, 'uu': 0.399, 'c': 0.278, 'q': 0.164, 'b': 0.168, 'h': 0.277}",-1.0,1.0,1001,hiv,[],1e-06,True,True,sciml,"[['lm', '0.5097184211082846'], ['d', '0.45303427791203227'], ['beta', '99.99999999997041'], ['a', '0.15439091766894672'], ['k', '7.00130360599274e-15'], ['uu', '1.853215095960869'], ['c', '0.07875210441001732'], ['q', '7.115708830593195e-12'], ['b', '0.1687319073275308'], ['h', '0.2749935821141505'], ['x', '0.18031739147058606'], ['yy', '0.46284469067179845'], ['vv', '0.004447293406111608'], ['w', '0.1519160032386094'], ['z', '0.7851510820055907']]",368.55702805519104
1448,289,hiv_9_1em6,"{'x': 0.18, 'yy': 0.312, 'vv': 0.153, 'w': 0.152, 'z': 0.785}","{'lm': 0.392, 'd': 0.252, 'beta': 0.115, 'a': 0.515, 'k': 0.774, 'uu': 0.399, 'c': 0.278, 'q': 0.164, 'b': 0.168, 'h': 0.277}",-1.0,1.0,1001,hiv,[],1e-06,False,False,iqm,,
1449,289,hiv_9_1em6,"{'x': 0.18, 'yy': 0.312, 'vv': 0.153, 'w': 0.152, 'z': 0.785}","{'lm': 0.392, 'd': 0.252, 'beta': 0.115, 'a': 0.515, 'k': 0.774, 'uu': 0.399, 'c': 0.278, 'q': 0.164, 'b': 0.168, 'h': 0.277}",-1.0,1.0,1001,hiv,[],1e-06,True,True,amigo2,"[['lm', '3.9200e-01'], ['d', '2.5200e-01'], ['beta', '1.1501e-01'], ['a', '5.1496e-01'], ['k', '7.7394e-01'], ['uu', '3.9903e-01'], ['c', '2.7800e-01'], ['q', '1.6397e-01'], ['b', '1.6800e-01'], ['h', '2.7700e-01'], ['x', '1.8000e-01'], ['yy', '3.1202e-01'], ['vv', '1.5298e-01'], ['w', '1.5200e-01'], ['z', '7.8500e-01']]",2001.680189371109
1450,290,lotka_volterra_0_1em6,"{'r': 0.465, 'w': 0.223}","{'k1': 0.23, 'k2': 0.548, 'k3': 0.719}",-1.0,1.0,1001,lotka_volterra,[],1e-06,False,False,pe,,
1451,290,lotka_volterra_0_1em6,"{'r': 0.465, 'w': 0.223}","{'k1': 0.23, 'k2': 0.548, 'k3': 0.719}",-1.0,1.0,1001,lotka_volterra,[],1e-06,False,False,odepe,,
1452,290,lotka_volterra_0_1em6,"{'r': 0.465, 'w': 0.223}","{'k1': 0.23, 'k2': 0.548, 'k3': 0.719}",-1.0,1.0,1001,lotka_volterra,[],1e-06,True,True,sciml,"[['k1', '0.2319263762369053'], ['k2', '0.5881547134069798'], ['k3', '0.7300736272734252'], ['r', '0.46499948146151077'], ['w', '0.21103153278416803']]",644.2268764972687
1453,290,lotka_volterra_0_1em6,"{'r': 0.465, 'w': 0.223}","{'k1': 0.23, 'k2': 0.548, 'k3': 0.719}",-1.0,1.0,1001,lotka_volterra,[],1e-06,False,False,iqm,,
1454,290,lotka_volterra_0_1em6,"{'r': 0.465, 'w': 0.223}","{'k1': 0.23, 'k2': 0.548, 'k3': 0.719}",-1.0,1.0,1001,lotka_volterra,[],1e-06,True,True,amigo2,"[['k1', '2.1498e-01'], ['k2', '6.4313e-03'], ['k3', '5.3346e-01'], ['r', '4.6500e-01'], ['w', '1.6670e+01']]",276.7844684123993
1455,291,lotka_volterra_1_1em6,"{'r': 0.38, 'w': 0.725}","{'k1': 0.26, 'k2': 0.446, 'k3': 0.523}",-1.0,1.0,1001,lotka_volterra,[],1e-06,False,False,pe,,
1456,291,lotka_volterra_1_1em6,"{'r': 0.38, 'w': 0.725}","{'k1': 0.26, 'k2': 0.446, 'k3': 0.523}",-1.0,1.0,1001,lotka_volterra,[],1e-06,False,False,odepe,,
1457,291,lotka_volterra_1_1em6,"{'r': 0.38, 'w': 0.725}","{'k1': 0.26, 'k2': 0.446, 'k3': 0.523}",-1.0,1.0,1001,lotka_volterra,[],1e-06,True,True,sciml,"[['k1', '0.2599581711730785'], ['k2', '0.4444077917672816'], ['k3', '0.5224647281050672'], ['r', '0.38000006988994245'], ['w', '0.7275073938227855']]",819.0373108386993
1458,291,lotka_volterra_1_1em6,"{'r': 0.38, 'w': 0.725}","{'k1': 0.26, 'k2': 0.446, 'k3': 0.523}",-1.0,1.0,1001,lotka_volterra,[],1e-06,False,False,iqm,,
1459,291,lotka_volterra_1_1em6,"{'r': 0.38, 'w': 0.725}","{'k1': 0.26, 'k2': 0.446, 'k3': 0.523}",-1.0,1.0,1001,lotka_volterra,[],1e-06,True,True,amigo2,"[['k1', '2.5996e-01'], ['k2', '4.4441e-01'], ['k3', '5.2247e-01'], ['r', '3.8000e-01'], ['w', '7.2750e-01']]",1203.859614610672
1460,292,lotka_volterra_2_1em6,"{'r': 0.817, 'w': 0.414}","{'k1': 0.701, 'k2': 0.842, 'k3': 0.123}",-1.0,1.0,1001,lotka_volterra,[],1e-06,False,False,pe,,
1461,292,lotka_volterra_2_1em6,"{'r': 0.817, 'w': 0.414}","{'k1': 0.701, 'k2': 0.842, 'k3': 0.123}",-1.0,1.0,1001,lotka_volterra,[],1e-06,False,False,odepe,,
1462,292,lotka_volterra_2_1em6,"{'r': 0.817, 'w': 0.414}","{'k1': 0.701, 'k2': 0.842, 'k3': 0.123}",-1.0,1.0,1001,lotka_volterra,[],1e-06,True,True,sciml,"[['k1', '2.123310536819644e-14'], ['k2', '1.4269239884934167e-9'], ['k3', '74.30489798265017'], ['r', '0.9335184433694234'], ['w', '0.004014073671460382']]",197.53069019317627
1463,292,lotka_volterra_2_1em6,"{'r': 0.817, 'w': 0.414}","{'k1': 0.701, 'k2': 0.842, 'k3': 0.123}",-1.0,1.0,1001,lotka_volterra,[],1e-06,False,False,iqm,,
1464,292,lotka_volterra_2_1em6,"{'r': 0.817, 'w': 0.414}","{'k1': 0.701, 'k2': 0.842, 'k3': 0.123}",-1.0,1.0,1001,lotka_volterra,[],1e-06,True,True,amigo2,"[['k1', '7.0100e-01'], ['k2', '8.4199e-01'], ['k3', '1.2299e-01'], ['r', '8.1700e-01'], ['w', '4.1401e-01']]",284.7760384082794
1465,293,lotka_volterra_3_1em6,"{'r': 0.707, 'w': 0.392}","{'k1': 0.803, 'k2': 0.653, 'k3': 0.89}",-1.0,1.0,1001,lotka_volterra,[],1e-06,False,False,pe,,
1466,293,lotka_volterra_3_1em6,"{'r': 0.707, 'w': 0.392}","{'k1': 0.803, 'k2': 0.653, 'k3': 0.89}",-1.0,1.0,1001,lotka_volterra,[],1e-06,False,False,odepe,,
1467,293,lotka_volterra_3_1em6,"{'r': 0.707, 'w': 0.392}","{'k1': 0.803, 'k2': 0.653, 'k3': 0.89}",-1.0,1.0,1001,lotka_volterra,[],1e-06,True,True,sciml,"[['k1', '25.192162501289683'], ['k2', '74.19450989588978'], ['k3', '99.99999999996741'], ['r', '1.3454067779308307'], ['w', '0.35575674744087976']]",267.28749680519104
1468,293,lotka_volterra_3_1em6,"{'r': 0.707, 'w': 0.392}","{'k1': 0.803, 'k2': 0.653, 'k3': 0.89}",-1.0,1.0,1001,lotka_volterra,[],1e-06,False,False,iqm,,
1469,293,lotka_volterra_3_1em6,"{'r': 0.707, 'w': 0.392}","{'k1': 0.803, 'k2': 0.653, 'k3': 0.89}",-1.0,1.0,1001,lotka_volterra,[],1e-06,True,True,amigo2,"[['k1', '5.9780e-01'], ['k2', '1.2213e-03'], ['k3', '8.3439e+00'], ['r', '7.0885e-01'], ['w', '1.0000e+02']]",350.95230317115784
1470,294,lotka_volterra_4_1em6,"{'r': 0.309, 'w': 0.497}","{'k1': 0.501, 'k2': 0.401, 'k3': 0.392}",-1.0,1.0,1001,lotka_volterra,[],1e-06,False,False,pe,,
1471,294,lotka_volterra_4_1em6,"{'r': 0.309, 'w': 0.497}","{'k1': 0.501, 'k2': 0.401, 'k3': 0.392}",-1.0,1.0,1001,lotka_volterra,[],1e-06,False,False,odepe,,
1472,294,lotka_volterra_4_1em6,"{'r': 0.309, 'w': 0.497}","{'k1': 0.501, 'k2': 0.401, 'k3': 0.392}",-1.0,1.0,1001,lotka_volterra,[],1e-06,True,True,sciml,"[['k1', '0.5013428317164044'], ['k2', '0.4008004387462398'], ['k3', '0.3914389058222488'], ['r', '0.3089999589135378'], ['w', '0.498098343744079']]",434.50560212135315
1473,294,lotka_volterra_4_1em6,"{'r': 0.309, 'w': 0.497}","{'k1': 0.501, 'k2': 0.401, 'k3': 0.392}",-1.0,1.0,1001,lotka_volterra,[],1e-06,False,False,iqm,,
1474,294,lotka_volterra_4_1em6,"{'r': 0.309, 'w': 0.497}","{'k1': 0.501, 'k2': 0.401, 'k3': 0.392}",-1.0,1.0,1001,lotka_volterra,[],1e-06,True,True,amigo2,"[['k1', '4.1392e-01'], ['k2', '1.1275e-03'], ['k3', '4.9550e-01'], ['r', '3.0902e-01'], ['w', '1.0000e+02']]",268.0842785835266
1475,295,lotka_volterra_5_1em6,"{'r': 0.194, 'w': 0.228}","{'k1': 0.645, 'k2': 0.322, 'k3': 0.52}",-1.0,1.0,1001,lotka_volterra,[],1e-06,False,False,pe,,
1476,295,lotka_volterra_5_1em6,"{'r': 0.194, 'w': 0.228}","{'k1': 0.645, 'k2': 0.322, 'k3': 0.52}",-1.0,1.0,1001,lotka_volterra,[],1e-06,False,False,odepe,,
1477,295,lotka_volterra_5_1em6,"{'r': 0.194, 'w': 0.228}","{'k1': 0.645, 'k2': 0.322, 'k3': 0.52}",-1.0,1.0,1001,lotka_volterra,[],1e-06,True,True,sciml,"[['k1', '0.6319492554643049'], ['k2', '0.046856304242942765'], ['k3', '0.5760299076979867'], ['r', '0.19400372888233589'], ['w', '1.2919286803479493']]",248.99372911453247
1478,295,lotka_volterra_5_1em6,"{'r': 0.194, 'w': 0.228}","{'k1': 0.645, 'k2': 0.322, 'k3': 0.52}",-1.0,1.0,1001,lotka_volterra,[],1e-06,False,False,iqm,,
1479,295,lotka_volterra_5_1em6,"{'r': 0.194, 'w': 0.228}","{'k1': 0.645, 'k2': 0.322, 'k3': 0.52}",-1.0,1.0,1001,lotka_volterra,[],1e-06,True,True,amigo2,"[['k1', '6.4486e-01'], ['k2', '3.2063e-01'], ['k3', '5.2073e-01'], ['r', '1.9400e-01'], ['w', '2.2853e-01']]",861.7387907505035
1480,296,lotka_volterra_6_1em6,"{'r': 0.243, 'w': 0.59}","{'k1': 0.137, 'k2': 0.877, 'k3': 0.103}",-1.0,1.0,1001,lotka_volterra,[],1e-06,False,False,pe,,
1481,296,lotka_volterra_6_1em6,"{'r': 0.243, 'w': 0.59}","{'k1': 0.137, 'k2': 0.877, 'k3': 0.103}",-1.0,1.0,1001,lotka_volterra,[],1e-06,False,False,odepe,,
1482,296,lotka_volterra_6_1em6,"{'r': 0.243, 'w': 0.59}","{'k1': 0.137, 'k2': 0.877, 'k3': 0.103}",-1.0,1.0,1001,lotka_volterra,[],1e-06,True,True,sciml,"[['k1', '3.2159790763449116'], ['k2', '0.12910636732047343'], ['k3', '0.01498782857160386'], ['r', '0.24299361018994128'], ['w', '27.853559976916895']]",309.2049729824066
1483,296,lotka_volterra_6_1em6,"{'r': 0.243, 'w': 0.59}","{'k1': 0.137, 'k2': 0.877, 'k3': 0.103}",-1.0,1.0,1001,lotka_volterra,[],1e-06,False,False,iqm,,
1484,296,lotka_volterra_6_1em6,"{'r': 0.243, 'w': 0.59}","{'k1': 0.137, 'k2': 0.877, 'k3': 0.103}",-1.0,1.0,1001,lotka_volterra,[],1e-06,True,True,amigo2,"[['k1', '1.3613e-01'], ['k2', '8.7846e-01'], ['k3', '1.0318e-01'], ['r', '2.4300e-01'], ['w', '5.8802e-01']]",755.6347756385803
1485,297,lotka_volterra_7_1em6,"{'r': 0.873, 'w': 0.506}","{'k1': 0.165, 'k2': 0.806, 'k3': 0.676}",-1.0,1.0,1001,lotka_volterra,[],1e-06,False,False,pe,,
1486,297,lotka_volterra_7_1em6,"{'r': 0.873, 'w': 0.506}","{'k1': 0.165, 'k2': 0.806, 'k3': 0.676}",-1.0,1.0,1001,lotka_volterra,[],1e-06,False,False,odepe,,
1487,297,lotka_volterra_7_1em6,"{'r': 0.873, 'w': 0.506}","{'k1': 0.165, 'k2': 0.806, 'k3': 0.676}",-1.0,1.0,1001,lotka_volterra,[],1e-06,True,True,sciml,"[['k1', '0.16497530865162166'], ['k2', '0.8060490973071138'], ['k3', '0.676041393115021'], ['r', '0.8729999224172357'], ['w', '0.5059384711583381']]",752.88889503479
1488,297,lotka_volterra_7_1em6,"{'r': 0.873, 'w': 0.506}","{'k1': 0.165, 'k2': 0.806, 'k3': 0.676}",-1.0,1.0,1001,lotka_volterra,[],1e-06,False,False,iqm,,
1489,297,lotka_volterra_7_1em6,"{'r': 0.873, 'w': 0.506}","{'k1': 0.165, 'k2': 0.806, 'k3': 0.676}",-1.0,1.0,1001,lotka_volterra,[],1e-06,True,True,amigo2,"[['k1', '1.6498e-01'], ['k2', '8.0605e-01'], ['k3', '6.7604e-01'], ['r', '8.7300e-01'], ['w', '5.0594e-01']]",278.97188353538513
1490,298,lotka_volterra_8_1em6,"{'r': 0.517, 'w': 0.314}","{'k1': 0.34, 'k2': 0.54, 'k3': 0.845}",-1.0,1.0,1001,lotka_volterra,[],1e-06,False,False,pe,,
1491,298,lotka_volterra_8_1em6,"{'r': 0.517, 'w': 0.314}","{'k1': 0.34, 'k2': 0.54, 'k3': 0.845}",-1.0,1.0,1001,lotka_volterra,[],1e-06,False,False,odepe,,
1492,298,lotka_volterra_8_1em6,"{'r': 0.517, 'w': 0.314}","{'k1': 0.34, 'k2': 0.54, 'k3': 0.845}",-1.0,1.0,1001,lotka_volterra,[],1e-06,True,True,sciml,"[['k1', '0.33991548338799976'], ['k2', '0.5391199487703602'], ['k3', '0.8448564758480359'], ['r', '0.5170000010494634'], ['w', '0.31435743049615544']]",543.9488770961761
1493,298,lotka_volterra_8_1em6,"{'r': 0.517, 'w': 0.314}","{'k1': 0.34, 'k2': 0.54, 'k3': 0.845}",-1.0,1.0,1001,lotka_volterra,[],1e-06,False,False,iqm,,
1494,298,lotka_volterra_8_1em6,"{'r': 0.517, 'w': 0.314}","{'k1': 0.34, 'k2': 0.54, 'k3': 0.845}",-1.0,1.0,1001,lotka_volterra,[],1e-06,True,True,amigo2,"[['k1', '3.3992e-01'], ['k2', '5.3912e-01'], ['k3', '8.4486e-01'], ['r', '5.1700e-01'], ['w', '3.1436e-01']]",1120.7877020835876
1495,299,lotka_volterra_9_1em6,"{'r': 0.298, 'w': 0.355}","{'k1': 0.802, 'k2': 0.398, 'k3': 0.101}",-1.0,1.0,1001,lotka_volterra,[],1e-06,False,False,pe,,
1496,299,lotka_volterra_9_1em6,"{'r': 0.298, 'w': 0.355}","{'k1': 0.802, 'k2': 0.398, 'k3': 0.101}",-1.0,1.0,1001,lotka_volterra,[],1e-06,False,False,odepe,,
1497,299,lotka_volterra_9_1em6,"{'r': 0.298, 'w': 0.355}","{'k1': 0.802, 'k2': 0.398, 'k3': 0.101}",-1.0,1.0,1001,lotka_volterra,[],1e-06,True,True,sciml,"[['k1', '0.6444040999535625'], ['k2', '2.191613906127106e-11'], ['k3', '74.10938437173674'], ['r', '0.3010583922816591'], ['w', '0.01788746815342251']]",160.32686638832092
1498,299,lotka_volterra_9_1em6,"{'r': 0.298, 'w': 0.355}","{'k1': 0.802, 'k2': 0.398, 'k3': 0.101}",-1.0,1.0,1001,lotka_volterra,[],1e-06,False,False,iqm,,
1499,299,lotka_volterra_9_1em6,"{'r': 0.298, 'w': 0.355}","{'k1': 0.802, 'k2': 0.398, 'k3': 0.101}",-1.0,1.0,1001,lotka_volterra,[],1e-06,True,True,amigo2,"[['k1', '8.0187e-01'], ['k2', '3.9826e-01'], ['k3', '1.0105e-01'], ['r', '2.9800e-01'], ['w', '3.5445e-01']]",796.8136332035065
1500,300,seir_0_1em6,"{'S': 0.369, 'E': 0.805, 'In': 0.856, 'NN': 0.894}","{'a': 0.787, 'b': 0.467, 'nu': 0.456}",-1.0,1.0,1001,seir,[],1e-06,False,False,pe,,
1501,300,seir_0_1em6,"{'S': 0.369, 'E': 0.805, 'In': 0.856, 'NN': 0.894}","{'a': 0.787, 'b': 0.467, 'nu': 0.456}",-1.0,1.0,1001,seir,[],1e-06,False,False,odepe,,
1502,300,seir_0_1em6,"{'S': 0.369, 'E': 0.805, 'In': 0.856, 'NN': 0.894}","{'a': 0.787, 'b': 0.467, 'nu': 0.456}",-1.0,1.0,1001,seir,[],1e-06,True,True,sciml,"[['a', '3.08935340640531'], ['b', '71.97559693872053'], ['nu', '0.3344448060813781'], ['S', '1.018327709769285e-11'], ['E', '6.982524629060045'], ['In', '0.8561768546184682'], ['NN', '0.8940000208003095']]",202.8511447906494
1503,300,seir_0_1em6,"{'S': 0.369, 'E': 0.805, 'In': 0.856, 'NN': 0.894}","{'a': 0.787, 'b': 0.467, 'nu': 0.456}",-1.0,1.0,1001,seir,[],1e-06,False,False,iqm,,
1504,300,seir_0_1em6,"{'S': 0.369, 'E': 0.805, 'In': 0.856, 'NN': 0.894}","{'a': 0.787, 'b': 0.467, 'nu': 0.456}",-1.0,1.0,1001,seir,[],1e-06,True,True,amigo2,"[['a', '7.9354e-01'], ['b', '4.5754e-01'], ['nu', '4.5672e-01'], ['S', '3.8007e-01'], ['E', '8.1600e-01'], ['In', '8.5600e-01'], ['NN', '8.9400e-01']]",302.0629332065582
1505,301,seir_1_1em6,"{'S': 0.641, 'E': 0.296, 'In': 0.273, 'NN': 0.233}","{'a': 0.401, 'b': 0.873, 'nu': 0.734}",-1.0,1.0,1001,seir,[],1e-06,False,False,pe,,
1506,301,seir_1_1em6,"{'S': 0.641, 'E': 0.296, 'In': 0.273, 'NN': 0.233}","{'a': 0.401, 'b': 0.873, 'nu': 0.734}",-1.0,1.0,1001,seir,[],1e-06,False,False,odepe,,
1507,301,seir_1_1em6,"{'S': 0.641, 'E': 0.296, 'In': 0.273, 'NN': 0.233}","{'a': 0.401, 'b': 0.873, 'nu': 0.734}",-1.0,1.0,1001,seir,[],1e-06,True,True,sciml,"[['a', '0.7346797579380574'], ['b', '0.8728488671647455'], ['nu', '0.40067216648719045'], ['S', '1.1745983020514104'], ['E', '0.7696015475509529'], ['In', '0.2729999985989661'], ['NN', '0.23299999808112762']]",389.9183931350708
1508,301,seir_1_1em6,"{'S': 0.641, 'E': 0.296, 'In': 0.273, 'NN': 0.233}","{'a': 0.401, 'b': 0.873, 'nu': 0.734}",-1.0,1.0,1001,seir,[],1e-06,False,False,iqm,,
1509,301,seir_1_1em6,"{'S': 0.641, 'E': 0.296, 'In': 0.273, 'NN': 0.233}","{'a': 0.401, 'b': 0.873, 'nu': 0.734}",-1.0,1.0,1001,seir,[],1e-06,True,True,amigo2,"[['a', '7.3468e-01'], ['b', '8.7285e-01'], ['nu', '4.0067e-01'], ['S', '1.1746e+00'], ['E', '7.6960e-01'], ['In', '2.7300e-01'], ['NN', '2.3300e-01']]",306.21060490608215
1510,302,seir_2_1em6,"{'S': 0.495, 'E': 0.723, 'In': 0.775, 'NN': 0.211}","{'a': 0.838, 'b': 0.335, 'nu': 0.462}",-1.0,1.0,1001,seir,[],1e-06,False,False,pe,,
1511,302,seir_2_1em6,"{'S': 0.495, 'E': 0.723, 'In': 0.775, 'NN': 0.211}","{'a': 0.838, 'b': 0.335, 'nu': 0.462}",-1.0,1.0,1001,seir,[],1e-06,False,False,odepe,,
1512,302,seir_2_1em6,"{'S': 0.495, 'E': 0.723, 'In': 0.775, 'NN': 0.211}","{'a': 0.838, 'b': 0.335, 'nu': 0.462}",-1.0,1.0,1001,seir,[],1e-06,True,True,sciml,"[['a', '4.070648974346855'], ['b', '72.8864563162567'], ['nu', '0.2690865784441249'], ['S', '3.386456539995375e-11'], ['E', '10.481187538346141'], ['In', '0.7761459766868488'], ['NN', '0.21099999931104035']]",143.8329882621765
1513,302,seir_2_1em6,"{'S': 0.495, 'E': 0.723, 'In': 0.775, 'NN': 0.211}","{'a': 0.838, 'b': 0.335, 'nu': 0.462}",-1.0,1.0,1001,seir,[],1e-06,False,False,iqm,,
1514,302,seir_2_1em6,"{'S': 0.495, 'E': 0.723, 'In': 0.775, 'NN': 0.211}","{'a': 0.838, 'b': 0.335, 'nu': 0.462}",-1.0,1.0,1001,seir,[],1e-06,True,True,amigo2,"[['a', '8.3707e-01'], ['b', '3.3523e-01'], ['nu', '4.6218e-01'], ['S', '4.9452e-01'], ['E', '7.2115e-01'], ['In', '7.7500e-01'], ['NN', '2.1100e-01']]",295.66740131378174
1515,303,seir_3_1em6,"{'S': 0.182, 'E': 0.225, 'In': 0.343, 'NN': 0.16}","{'a': 0.442, 'b': 0.774, 'nu': 0.754}",-1.0,1.0,1001,seir,[],1e-06,False,False,pe,,
1516,303,seir_3_1em6,"{'S': 0.182, 'E': 0.225, 'In': 0.343, 'NN': 0.16}","{'a': 0.442, 'b': 0.774, 'nu': 0.754}",-1.0,1.0,1001,seir,[],1e-06,False,False,odepe,,
1517,303,seir_3_1em6,"{'S': 0.182, 'E': 0.225, 'In': 0.343, 'NN': 0.16}","{'a': 0.442, 'b': 0.774, 'nu': 0.754}",-1.0,1.0,1001,seir,[],1e-06,True,True,sciml,"[['a', '1.775774412581821'], ['b', '0.4120560193848238'], ['nu', '0.3675530498790287'], ['S', '1.1006080805253728'], ['E', '1.7056073138759058'], ['In', '0.3430084119073069'], ['NN', '0.15999999522350325']]",474.91971611976624
1518,303,seir_3_1em6,"{'S': 0.182, 'E': 0.225, 'In': 0.343, 'NN': 0.16}","{'a': 0.442, 'b': 0.774, 'nu': 0.754}",-1.0,1.0,1001,seir,[],1e-06,False,False,iqm,,
1519,303,seir_3_1em6,"{'S': 0.182, 'E': 0.225, 'In': 0.343, 'NN': 0.16}","{'a': 0.442, 'b': 0.774, 'nu': 0.754}",-1.0,1.0,1001,seir,[],1e-06,True,True,amigo2,"[['a', '7.5527e-01'], ['b', '7.7353e-01'], ['nu', '4.4149e-01'], ['S', '3.1111e-01'], ['E', '6.2765e-01'], ['In', '3.4300e-01'], ['NN', '1.6000e-01']]",328.540403842926
1520,304,seir_4_1em6,"{'S': 0.297, 'E': 0.577, 'In': 0.194, 'NN': 0.881}","{'a': 0.44, 'b': 0.186, 'nu': 0.555}",-1.0,1.0,1001,seir,[],1e-06,False,False,pe,,
1521,304,seir_4_1em6,"{'S': 0.297, 'E': 0.577, 'In': 0.194, 'NN': 0.881}","{'a': 0.44, 'b': 0.186, 'nu': 0.555}",-1.0,1.0,1001,seir,[],1e-06,False,False,odepe,,
1522,304,seir_4_1em6,"{'S': 0.297, 'E': 0.577, 'In': 0.194, 'NN': 0.881}","{'a': 0.44, 'b': 0.186, 'nu': 0.555}",-1.0,1.0,1001,seir,[],1e-06,True,True,sciml,"[['a', '0.7073711997577629'], ['b', '4.261514012547332'], ['nu', '0.303649236274755'], ['S', '0.014472295907481992'], ['E', '1.2256152018895898'], ['In', '0.193999281156988'], ['NN', '0.8810000204211914']]",310.79296112060547
1523,304,seir_4_1em6,"{'S': 0.297, 'E': 0.577, 'In': 0.194, 'NN': 0.881}","{'a': 0.44, 'b': 0.186, 'nu': 0.555}",-1.0,1.0,1001,seir,[],1e-06,False,False,iqm,,
1524,304,seir_4_1em6,"{'S': 0.297, 'E': 0.577, 'In': 0.194, 'NN': 0.881}","{'a': 0.44, 'b': 0.186, 'nu': 0.555}",-1.0,1.0,1001,seir,[],1e-06,True,True,amigo2,"[['a', '5.3781e-01'], ['b', '1.7658e-01'], ['nu', '4.5717e-01'], ['S', '3.9793e-01'], ['E', '7.4197e-01'], ['In', '1.9400e-01'], ['NN', '8.8100e-01']]",365.60174083709717
1525,305,seir_5_1em6,"{'S': 0.3, 'E': 0.487, 'In': 0.132, 'NN': 0.612}","{'a': 0.846, 'b': 0.413, 'nu': 0.294}",-1.0,1.0,1001,seir,[],1e-06,False,False,pe,,
1526,305,seir_5_1em6,"{'S': 0.3, 'E': 0.487, 'In': 0.132, 'NN': 0.612}","{'a': 0.846, 'b': 0.413, 'nu': 0.294}",-1.0,1.0,1001,seir,[],1e-06,False,False,odepe,,
1527,305,seir_5_1em6,"{'S': 0.3, 'E': 0.487, 'In': 0.132, 'NN': 0.612}","{'a': 0.846, 'b': 0.413, 'nu': 0.294}",-1.0,1.0,1001,seir,[],1e-06,True,True,sciml,"[['a', '1.025345102906756'], ['b', '3.5908307422187935'], ['nu', '0.2189344571302482'], ['S', '0.04487984070604132'], ['E', '0.7622792584122141'], ['In', '0.13199798766065313'], ['NN', '0.6120000337743686']]",296.0604250431061
1528,305,seir_5_1em6,"{'S': 0.3, 'E': 0.487, 'In': 0.132, 'NN': 0.612}","{'a': 0.846, 'b': 0.413, 'nu': 0.294}",-1.0,1.0,1001,seir,[],1e-06,False,False,iqm,,
1529,305,seir_5_1em6,"{'S': 0.3, 'E': 0.487, 'In': 0.132, 'NN': 0.612}","{'a': 0.846, 'b': 0.413, 'nu': 0.294}",-1.0,1.0,1001,seir,[],1e-06,True,True,amigo2,"[['a', '8.1822e-01'], ['b', '3.2079e-01'], ['nu', '3.2102e-01'], ['S', '4.3571e-01'], ['E', '4.3458e-01'], ['In', '1.3200e-01'], ['NN', '6.1200e-01']]",830.8878610134125
1530,306,seir_6_1em6,"{'S': 0.667, 'E': 0.863, 'In': 0.382, 'NN': 0.818}","{'a': 0.427, 'b': 0.402, 'nu': 0.747}",-1.0,1.0,1001,seir,[],1e-06,False,False,pe,,
1531,306,seir_6_1em6,"{'S': 0.667, 'E': 0.863, 'In': 0.382, 'NN': 0.818}","{'a': 0.427, 'b': 0.402, 'nu': 0.747}",-1.0,1.0,1001,seir,[],1e-06,False,False,odepe,,
1532,306,seir_6_1em6,"{'S': 0.667, 'E': 0.863, 'In': 0.382, 'NN': 0.818}","{'a': 0.427, 'b': 0.402, 'nu': 0.747}",-1.0,1.0,1001,seir,[],1e-06,True,True,sciml,"[['a', '0.8500624007104287'], ['b', '72.0470422221473'], ['nu', '0.18832273459989424'], ['S', '1.3372089936736187e-9'], ['E', '4.249563094887512'], ['In', '0.3824980335316663'], ['NN', '0.8179999764385909']]",246.01706385612488
1533,306,seir_6_1em6,"{'S': 0.667, 'E': 0.863, 'In': 0.382, 'NN': 0.818}","{'a': 0.427, 'b': 0.402, 'nu': 0.747}",-1.0,1.0,1001,seir,[],1e-06,False,False,iqm,,
1534,306,seir_6_1em6,"{'S': 0.667, 'E': 0.863, 'In': 0.382, 'NN': 0.818}","{'a': 0.427, 'b': 0.402, 'nu': 0.747}",-1.0,1.0,1001,seir,[],1e-06,True,True,amigo2,"[['a', '4.2724e-01'], ['b', '4.0183e-01'], ['nu', '7.4677e-01'], ['S', '6.6771e-01'], ['E', '8.6339e-01'], ['In', '3.8200e-01'], ['NN', '8.1800e-01']]",315.6923110485077
1535,307,seir_7_1em6,"{'S': 0.331, 'E': 0.8, 'In': 0.19, 'NN': 0.27}","{'a': 0.716, 'b': 0.386, 'nu': 0.597}",-1.0,1.0,1001,seir,[],1e-06,False,False,pe,,
1536,307,seir_7_1em6,"{'S': 0.331, 'E': 0.8, 'In': 0.19, 'NN': 0.27}","{'a': 0.716, 'b': 0.386, 'nu': 0.597}",-1.0,1.0,1001,seir,[],1e-06,False,False,odepe,,
1537,307,seir_7_1em6,"{'S': 0.331, 'E': 0.8, 'In': 0.19, 'NN': 0.27}","{'a': 0.716, 'b': 0.386, 'nu': 0.597}",-1.0,1.0,1001,seir,[],1e-06,True,True,sciml,"[['a', '0.716863352308419'], ['b', '0.3862158283908755'], ['nu', '0.5961443087569352'], ['S', '0.3311921538762917'], ['E', '0.8014232808041816'], ['In', '0.19000001992427698'], ['NN', '0.26999998917828305']]",398.28303050994873
1538,307,seir_7_1em6,"{'S': 0.331, 'E': 0.8, 'In': 0.19, 'NN': 0.27}","{'a': 0.716, 'b': 0.386, 'nu': 0.597}",-1.0,1.0,1001,seir,[],1e-06,False,False,iqm,,
1539,307,seir_7_1em6,"{'S': 0.331, 'E': 0.8, 'In': 0.19, 'NN': 0.27}","{'a': 0.716, 'b': 0.386, 'nu': 0.597}",-1.0,1.0,1001,seir,[],1e-06,True,True,amigo2,"[['a', '7.1686e-01'], ['b', '3.8621e-01'], ['nu', '5.9615e-01'], ['S', '3.3119e-01'], ['E', '8.0141e-01'], ['In', '1.9000e-01'], ['NN', '2.7000e-01']]",332.11436581611633
1540,308,seir_8_1em6,"{'S': 0.522, 'E': 0.49, 'In': 0.1, 'NN': 0.44}","{'a': 0.246, 'b': 0.422, 'nu': 0.696}",-1.0,1.0,1001,seir,[],1e-06,False,False,pe,,
1541,308,seir_8_1em6,"{'S': 0.522, 'E': 0.49, 'In': 0.1, 'NN': 0.44}","{'a': 0.246, 'b': 0.422, 'nu': 0.696}",-1.0,1.0,1001,seir,[],1e-06,False,False,odepe,,
1542,308,seir_8_1em6,"{'S': 0.522, 'E': 0.49, 'In': 0.1, 'NN': 0.44}","{'a': 0.246, 'b': 0.422, 'nu': 0.696}",-1.0,1.0,1001,seir,[],1e-06,True,True,sciml,"[['a', '0.723192668393327'], ['b', '70.9141627681971'], ['nu', '0.003759721102090357'], ['S', '8.827181756898997e-12'], ['E', '99.99999999953764'], ['In', '0.10154354788686507'], ['NN', '0.4399999925930328']]",228.8707365989685
1543,308,seir_8_1em6,"{'S': 0.522, 'E': 0.49, 'In': 0.1, 'NN': 0.44}","{'a': 0.246, 'b': 0.422, 'nu': 0.696}",-1.0,1.0,1001,seir,[],1e-06,False,False,iqm,,
1544,308,seir_8_1em6,"{'S': 0.522, 'E': 0.49, 'In': 0.1, 'NN': 0.44}","{'a': 0.246, 'b': 0.422, 'nu': 0.696}",-1.0,1.0,1001,seir,[],1e-06,True,True,amigo2,"[['a', '6.9715e-01'], ['b', '4.2284e-01'], ['nu', '2.4488e-01'], ['S', '1.4788e+00'], ['E', '1.5769e+00'], ['In', '1.0000e-01'], ['NN', '4.4000e-01']]",328.04787945747375
1545,309,seir_9_1em6,"{'S': 0.272, 'E': 0.787, 'In': 0.742, 'NN': 0.227}","{'a': 0.151, 'b': 0.267, 'nu': 0.846}",-1.0,1.0,1001,seir,[],1e-06,False,False,pe,,
1546,309,seir_9_1em6,"{'S': 0.272, 'E': 0.787, 'In': 0.742, 'NN': 0.227}","{'a': 0.151, 'b': 0.267, 'nu': 0.846}",-1.0,1.0,1001,seir,[],1e-06,False,False,odepe,,
1547,309,seir_9_1em6,"{'S': 0.272, 'E': 0.787, 'In': 0.742, 'NN': 0.227}","{'a': 0.151, 'b': 0.267, 'nu': 0.846}",-1.0,1.0,1001,seir,[],1e-06,True,True,sciml,"[['a', '0.8456877439321113'], ['b', '0.26700726879976105'], ['nu', '0.15104445843021433'], ['S', '1.5224103767030317'], ['E', '7.820595381612848'], ['In', '0.7420002721361666'], ['NN', '0.2269999970312931']]",399.6773865222931
1548,309,seir_9_1em6,"{'S': 0.272, 'E': 0.787, 'In': 0.742, 'NN': 0.227}","{'a': 0.151, 'b': 0.267, 'nu': 0.846}",-1.0,1.0,1001,seir,[],1e-06,False,False,iqm,,
1549,309,seir_9_1em6,"{'S': 0.272, 'E': 0.787, 'In': 0.742, 'NN': 0.227}","{'a': 0.151, 'b': 0.267, 'nu': 0.846}",-1.0,1.0,1001,seir,[],1e-06,True,True,amigo2,"[['a', '8.4569e-01'], ['b', '2.6701e-01'], ['nu', '1.5104e-01'], ['S', '1.5224e+00'], ['E', '7.8206e+00'], ['In', '7.4200e-01'], ['NN', '2.2700e-01']]",297.47188687324524
1550,310,vanderpol_0_1em6,"{'x1': 0.682, 'x2': 0.61}","{'a': 0.585, 'b': 0.193}",-1.0,1.0,1001,vanderpol,[],1e-06,False,False,pe,,
1551,310,vanderpol_0_1em6,"{'x1': 0.682, 'x2': 0.61}","{'a': 0.585, 'b': 0.193}",-1.0,1.0,1001,vanderpol,[],1e-06,False,False,odepe,,
1552,310,vanderpol_0_1em6,"{'x1': 0.682, 'x2': 0.61}","{'a': 0.585, 'b': 0.193}",-1.0,1.0,1001,vanderpol,[],1e-06,True,True,sciml,"[['a', '5.272953834630651e-13'], ['b', '99.99999999295534'], ['x1', '1.0023098388834235'], ['x2', '0.8837179049492034']]",208.3328881263733
1553,310,vanderpol_0_1em6,"{'x1': 0.682, 'x2': 0.61}","{'a': 0.585, 'b': 0.193}",-1.0,1.0,1001,vanderpol,[],1e-06,False,False,iqm,,
1554,310,vanderpol_0_1em6,"{'x1': 0.682, 'x2': 0.61}","{'a': 0.585, 'b': 0.193}",-1.0,1.0,1001,vanderpol,[],1e-06,True,True,amigo2,"[['a', '5.8500e-01'], ['b', '1.9300e-01'], ['x1', '6.8200e-01'], ['x2', '6.1000e-01']]",278.7123897075653
1555,311,vanderpol_1_1em6,"{'x1': 0.832, 'x2': 0.139}","{'a': 0.75, 'b': 0.484}",-1.0,1.0,1001,vanderpol,[],1e-06,False,False,pe,,
1556,311,vanderpol_1_1em6,"{'x1': 0.832, 'x2': 0.139}","{'a': 0.75, 'b': 0.484}",-1.0,1.0,1001,vanderpol,[],1e-06,False,False,odepe,,
1557,311,vanderpol_1_1em6,"{'x1': 0.832, 'x2': 0.139}","{'a': 0.75, 'b': 0.484}",-1.0,1.0,1001,vanderpol,[],1e-06,True,True,sciml,"[['a', '0.0009180885424103577'], ['b', '99.99999999999999'], ['x1', '1.0017583349722206'], ['x2', '0.19618333428547402']]",194.293381690979
1558,311,vanderpol_1_1em6,"{'x1': 0.832, 'x2': 0.139}","{'a': 0.75, 'b': 0.484}",-1.0,1.0,1001,vanderpol,[],1e-06,False,False,iqm,,
1559,311,vanderpol_1_1em6,"{'x1': 0.832, 'x2': 0.139}","{'a': 0.75, 'b': 0.484}",-1.0,1.0,1001,vanderpol,[],1e-06,True,True,amigo2,"[['a', '7.5000e-01'], ['b', '4.8400e-01'], ['x1', '8.3200e-01'], ['x2', '1.3900e-01']]",520.1701798439026
1560,312,vanderpol_2_1em6,"{'x1': 0.434, 'x2': 0.238}","{'a': 0.334, 'b': 0.672}",-1.0,1.0,1001,vanderpol,[],1e-06,False,False,pe,,
1561,312,vanderpol_2_1em6,"{'x1': 0.434, 'x2': 0.238}","{'a': 0.334, 'b': 0.672}",-1.0,1.0,1001,vanderpol,[],1e-06,False,False,odepe,,
1562,312,vanderpol_2_1em6,"{'x1': 0.434, 'x2': 0.238}","{'a': 0.334, 'b': 0.672}",-1.0,1.0,1001,vanderpol,[],1e-06,True,True,sciml,"[['a', '0.02892475280300977'], ['b', '99.99999999999999'], ['x1', '1.012426510355369'], ['x2', '0.5828676392156196']]",687.3130874633789
1563,312,vanderpol_2_1em6,"{'x1': 0.434, 'x2': 0.238}","{'a': 0.334, 'b': 0.672}",-1.0,1.0,1001,vanderpol,[],1e-06,False,False,iqm,,
1564,312,vanderpol_2_1em6,"{'x1': 0.434, 'x2': 0.238}","{'a': 0.334, 'b': 0.672}",-1.0,1.0,1001,vanderpol,[],1e-06,True,True,amigo2,"[['a', '3.3400e-01'], ['b', '6.7200e-01'], ['x1', '4.3400e-01'], ['x2', '2.3800e-01']]",595.7292187213898
1565,313,vanderpol_3_1em6,"{'x1': 0.479, 'x2': 0.806}","{'a': 0.186, 'b': 0.754}",-1.0,1.0,1001,vanderpol,[],1e-06,False,False,pe,,
1566,313,vanderpol_3_1em6,"{'x1': 0.479, 'x2': 0.806}","{'a': 0.186, 'b': 0.754}",-1.0,1.0,1001,vanderpol,[],1e-06,False,False,odepe,,
1567,313,vanderpol_3_1em6,"{'x1': 0.479, 'x2': 0.806}","{'a': 0.186, 'b': 0.754}",-1.0,1.0,1001,vanderpol,[],1e-06,True,True,sciml,"[['a', '0.18599996558328197'], ['b', '0.7539999938013677'], ['x1', '0.47900003812448955'], ['x2', '0.8060000332254258']]",135.17191576957703
1568,313,vanderpol_3_1em6,"{'x1': 0.479, 'x2': 0.806}","{'a': 0.186, 'b': 0.754}",-1.0,1.0,1001,vanderpol,[],1e-06,False,False,iqm,,
1569,313,vanderpol_3_1em6,"{'x1': 0.479, 'x2': 0.806}","{'a': 0.186, 'b': 0.754}",-1.0,1.0,1001,vanderpol,[],1e-06,True,True,amigo2,"[['a', '1.8600e-01'], ['b', '7.5400e-01'], ['x1', '4.7900e-01'], ['x2', '8.0600e-01']]",272.8230369091034
1570,314,vanderpol_4_1em6,"{'x1': 0.399, 'x2': 0.513}","{'a': 0.687, 'b': 0.428}",-1.0,1.0,1001,vanderpol,[],1e-06,False,False,pe,,
1571,314,vanderpol_4_1em6,"{'x1': 0.399, 'x2': 0.513}","{'a': 0.687, 'b': 0.428}",-1.0,1.0,1001,vanderpol,[],1e-06,False,False,odepe,,
1572,314,vanderpol_4_1em6,"{'x1': 0.399, 'x2': 0.513}","{'a': 0.687, 'b': 0.428}",-1.0,1.0,1001,vanderpol,[],1e-06,True,True,sciml,"[['a', '0.6870000333021569'], ['b', '0.4280000788445459'], ['x1', '0.3990000072313921'], ['x2', '0.5130000009230725']]",136.8455855846405
1573,314,vanderpol_4_1em6,"{'x1': 0.399, 'x2': 0.513}","{'a': 0.687, 'b': 0.428}",-1.0,1.0,1001,vanderpol,[],1e-06,False,False,iqm,,
1574,314,vanderpol_4_1em6,"{'x1': 0.399, 'x2': 0.513}","{'a': 0.687, 'b': 0.428}",-1.0,1.0,1001,vanderpol,[],1e-06,True,True,amigo2,"[['a', '6.8700e-01'], ['b', '4.2800e-01'], ['x1', '3.9900e-01'], ['x2', '5.1300e-01']]",567.2492032051086
1575,315,vanderpol_5_1em6,"{'x1': 0.104, 'x2': 0.655}","{'a': 0.811, 'b': 0.69}",-1.0,1.0,1001,vanderpol,[],1e-06,False,False,pe,,
1576,315,vanderpol_5_1em6,"{'x1': 0.104, 'x2': 0.655}","{'a': 0.811, 'b': 0.69}",-1.0,1.0,1001,vanderpol,[],1e-06,False,False,odepe,,
1577,315,vanderpol_5_1em6,"{'x1': 0.104, 'x2': 0.655}","{'a': 0.811, 'b': 0.69}",-1.0,1.0,1001,vanderpol,[],1e-06,True,True,sciml,"[['a', '79.92669837132992'], ['b', '12.417652630717198'], ['x1', '9.249381426457092e-6'], ['x2', '2.933287897840945e-29']]",223.40969896316528
1578,315,vanderpol_5_1em6,"{'x1': 0.104, 'x2': 0.655}","{'a': 0.811, 'b': 0.69}",-1.0,1.0,1001,vanderpol,[],1e-06,False,False,iqm,,
1579,315,vanderpol_5_1em6,"{'x1': 0.104, 'x2': 0.655}","{'a': 0.811, 'b': 0.69}",-1.0,1.0,1001,vanderpol,[],1e-06,True,True,amigo2,"[['a', '8.1100e-01'], ['b', '6.9000e-01'], ['x1', '1.0400e-01'], ['x2', '6.5500e-01']]",280.7623324394226
1580,316,vanderpol_6_1em6,"{'x1': 0.242, 'x2': 0.487}","{'a': 0.836, 'b': 0.668}",-1.0,1.0,1001,vanderpol,[],1e-06,False,False,pe,,
1581,316,vanderpol_6_1em6,"{'x1': 0.242, 'x2': 0.487}","{'a': 0.836, 'b': 0.668}",-1.0,1.0,1001,vanderpol,[],1e-06,False,False,odepe,,
1582,316,vanderpol_6_1em6,"{'x1': 0.242, 'x2': 0.487}","{'a': 0.836, 'b': 0.668}",-1.0,1.0,1001,vanderpol,[],1e-06,True,True,sciml,"[['a', '0.8359999637154301'], ['b', '0.6680001347433528'], ['x1', '0.24200001953993472'], ['x2', '0.4869999758548571']]",212.2491271495819
1583,316,vanderpol_6_1em6,"{'x1': 0.242, 'x2': 0.487}","{'a': 0.836, 'b': 0.668}",-1.0,1.0,1001,vanderpol,[],1e-06,False,False,iqm,,
1584,316,vanderpol_6_1em6,"{'x1': 0.242, 'x2': 0.487}","{'a': 0.836, 'b': 0.668}",-1.0,1.0,1001,vanderpol,[],1e-06,True,True,amigo2,"[['a', '8.3600e-01'], ['b', '6.6800e-01'], ['x1', '2.4200e-01'], ['x2', '4.8700e-01']]",448.83997631073
1585,317,vanderpol_7_1em6,"{'x1': 0.85, 'x2': 0.839}","{'a': 0.212, 'b': 0.387}",-1.0,1.0,1001,vanderpol,[],1e-06,False,False,pe,,
1586,317,vanderpol_7_1em6,"{'x1': 0.85, 'x2': 0.839}","{'a': 0.212, 'b': 0.387}",-1.0,1.0,1001,vanderpol,[],1e-06,False,False,odepe,,
1587,317,vanderpol_7_1em6,"{'x1': 0.85, 'x2': 0.839}","{'a': 0.212, 'b': 0.387}",-1.0,1.0,1001,vanderpol,[],1e-06,True,True,sciml,"[['a', '0.2120000691423036'], ['b', '0.38699996326271174'], ['x1', '0.8500000129800759'], ['x2', '0.839000036800894']]",173.809091091156
1588,317,vanderpol_7_1em6,"{'x1': 0.85, 'x2': 0.839}","{'a': 0.212, 'b': 0.387}",-1.0,1.0,1001,vanderpol,[],1e-06,False,False,iqm,,
1589,317,vanderpol_7_1em6,"{'x1': 0.85, 'x2': 0.839}","{'a': 0.212, 'b': 0.387}",-1.0,1.0,1001,vanderpol,[],1e-06,True,True,amigo2,"[['a', '2.1200e-01'], ['b', '3.8700e-01'], ['x1', '8.5000e-01'], ['x2', '8.3900e-01']]",352.8511748313904
1590,318,vanderpol_8_1em6,"{'x1': 0.58, 'x2': 0.871}","{'a': 0.326, 'b': 0.372}",-1.0,1.0,1001,vanderpol,[],1e-06,False,False,pe,,
1591,318,vanderpol_8_1em6,"{'x1': 0.58, 'x2': 0.871}","{'a': 0.326, 'b': 0.372}",-1.0,1.0,1001,vanderpol,[],1e-06,False,False,odepe,,
1592,318,vanderpol_8_1em6,"{'x1': 0.58, 'x2': 0.871}","{'a': 0.326, 'b': 0.372}",-1.0,1.0,1001,vanderpol,[],1e-06,True,True,sciml,"[['a', '0.32600003083331147'], ['b', '0.37199932696990906'], ['x1', '0.5799999476996477'], ['x2', '0.8710001720531508']]",173.6129949092865
1593,318,vanderpol_8_1em6,"{'x1': 0.58, 'x2': 0.871}","{'a': 0.326, 'b': 0.372}",-1.0,1.0,1001,vanderpol,[],1e-06,False,False,iqm,,
1594,318,vanderpol_8_1em6,"{'x1': 0.58, 'x2': 0.871}","{'a': 0.326, 'b': 0.372}",-1.0,1.0,1001,vanderpol,[],1e-06,True,True,amigo2,"[['a', '3.2600e-01'], ['b', '3.7200e-01'], ['x1', '5.8000e-01'], ['x2', '8.7100e-01']]",271.0034124851227
1595,319,vanderpol_9_1em6,"{'x1': 0.799, 'x2': 0.494}","{'a': 0.218, 'b': 0.306}",-1.0,1.0,1001,vanderpol,[],1e-06,False,False,pe,,
1596,319,vanderpol_9_1em6,"{'x1': 0.799, 'x2': 0.494}","{'a': 0.218, 'b': 0.306}",-1.0,1.0,1001,vanderpol,[],1e-06,False,False,odepe,,
1597,319,vanderpol_9_1em6,"{'x1': 0.799, 'x2': 0.494}","{'a': 0.218, 'b': 0.306}",-1.0,1.0,1001,vanderpol,[],1e-06,True,True,sciml,"[['a', '0.0016944860842147444'], ['b', '99.99999999999999'], ['x1', '1.001808401478956'], ['x2', '0.66534780199982']]",441.46292877197266
1598,319,vanderpol_9_1em6,"{'x1': 0.799, 'x2': 0.494}","{'a': 0.218, 'b': 0.306}",-1.0,1.0,1001,vanderpol,[],1e-06,False,False,iqm,,
1599,319,vanderpol_9_1em6,"{'x1': 0.799, 'x2': 0.494}","{'a': 0.218, 'b': 0.306}",-1.0,1.0,1001,vanderpol,[],1e-06,True,True,amigo2,"[['a', '2.1800e-01'], ['b', '3.0600e-01'], ['x1', '7.9900e-01'], ['x2', '4.9400e-01']]",687.226585149765
1600,320,slowfast_0_1em6,"{'xA': 0.361, 'xB': 0.353, 'xC': 0.458, 'eA': 0.446, 'eC': 0.386}","{'k1': 0.819, 'k2': 0.248, 'eB': 0.526}",-1.0,1.0,1001,slowfast,[],1e-06,False,False,pe,,
1601,320,slowfast_0_1em6,"{'xA': 0.361, 'xB': 0.353, 'xC': 0.458, 'eA': 0.446, 'eC': 0.386}","{'k1': 0.819, 'k2': 0.248, 'eB': 0.526}",-1.0,1.0,1001,slowfast,[],1e-06,False,False,odepe,,
1602,320,slowfast_0_1em6,"{'xA': 0.361, 'xB': 0.353, 'xC': 0.458, 'eA': 0.446, 'eC': 0.386}","{'k1': 0.819, 'k2': 0.248, 'eB': 0.526}",-1.0,1.0,1001,slowfast,[],1e-06,True,True,sciml,"[['k1', '0.2480008750870454'], ['k2', '0.8189887328417428'], ['eB', '0.710189033932617'], ['xA', '0.6071072829768094'], ['xB', '0.10689296224599208'], ['xC', '0.4580000127243366'], ['eA', '0.4459999636758104'], ['eC', '0.3860000112263896']]",292.3141448497772
1603,320,slowfast_0_1em6,"{'xA': 0.361, 'xB': 0.353, 'xC': 0.458, 'eA': 0.446, 'eC': 0.386}","{'k1': 0.819, 'k2': 0.248, 'eB': 0.526}",-1.0,1.0,1001,slowfast,[],1e-06,False,False,iqm,,
1604,320,slowfast_0_1em6,"{'xA': 0.361, 'xB': 0.353, 'xC': 0.458, 'eA': 0.446, 'eC': 0.386}","{'k1': 0.819, 'k2': 0.248, 'eB': 0.526}",-1.0,1.0,1001,slowfast,[],1e-06,True,True,amigo2,"[['k1', '8.1899e-01'], ['k2', '2.4800e-01'], ['eB', '5.2600e-01'], ['xA', '3.6100e-01'], ['xB', '3.5300e-01'], ['xC', '4.5800e-01'], ['eA', '4.4600e-01'], ['eC', '3.8600e-01']]",485.1192808151245
1605,321,slowfast_1_1em6,"{'xA': 0.332, 'xB': 0.562, 'xC': 0.723, 'eA': 0.736, 'eC': 0.376}","{'k1': 0.832, 'k2': 0.685, 'eB': 0.682}",-1.0,1.0,1001,slowfast,[],1e-06,False,False,pe,,
1606,321,slowfast_1_1em6,"{'xA': 0.332, 'xB': 0.562, 'xC': 0.723, 'eA': 0.736, 'eC': 0.376}","{'k1': 0.832, 'k2': 0.685, 'eB': 0.682}",-1.0,1.0,1001,slowfast,[],1e-06,False,False,odepe,,
1607,321,slowfast_1_1em6,"{'xA': 0.332, 'xB': 0.562, 'xC': 0.723, 'eA': 0.736, 'eC': 0.376}","{'k1': 0.832, 'k2': 0.685, 'eB': 0.682}",-1.0,1.0,1001,slowfast,[],1e-06,True,True,sciml,"[['k1', '0.6849045719997946'], ['k2', '0.8321721119786615'], ['eB', '0.6703983596102102'], ['xA', '0.4313932246627526'], ['xB', '0.4626064251448553'], ['xC', '0.7230001892220654'], ['eA', '0.7360000003349868'], ['eC', '0.37600000548041757']]",296.7495310306549
1608,321,slowfast_1_1em6,"{'xA': 0.332, 'xB': 0.562, 'xC': 0.723, 'eA': 0.736, 'eC': 0.376}","{'k1': 0.832, 'k2': 0.685, 'eB': 0.682}",-1.0,1.0,1001,slowfast,[],1e-06,False,False,iqm,,
1609,321,slowfast_1_1em6,"{'xA': 0.332, 'xB': 0.562, 'xC': 0.723, 'eA': 0.736, 'eC': 0.376}","{'k1': 0.832, 'k2': 0.685, 'eB': 0.682}",-1.0,1.0,1001,slowfast,[],1e-06,True,True,amigo2,"[['k1', '8.3217e-01'], ['k2', '6.8490e-01'], ['eB', '6.8201e-01'], ['xA', '3.3192e-01'], ['xB', '5.6208e-01'], ['xC', '7.2300e-01'], ['eA', '7.3600e-01'], ['eC', '3.7600e-01']]",657.1214497089386
1610,322,slowfast_2_1em6,"{'xA': 0.793, 'xB': 0.453, 'xC': 0.489, 'eA': 0.459, 'eC': 0.554}","{'k1': 0.717, 'k2': 0.689, 'eB': 0.213}",-1.0,1.0,1001,slowfast,[],1e-06,False,False,pe,,
1611,322,slowfast_2_1em6,"{'xA': 0.793, 'xB': 0.453, 'xC': 0.489, 'eA': 0.459, 'eC': 0.554}","{'k1': 0.717, 'k2': 0.689, 'eB': 0.213}",-1.0,1.0,1001,slowfast,[],1e-06,False,False,odepe,,
1612,322,slowfast_2_1em6,"{'xA': 0.793, 'xB': 0.453, 'xC': 0.489, 'eA': 0.459, 'eC': 0.554}","{'k1': 0.717, 'k2': 0.689, 'eB': 0.213}",-1.0,1.0,1001,slowfast,[],1e-06,True,True,sciml,"[['k1', '0.717033093155492'], ['k2', '0.6889697087847095'], ['eB', '0.2130111345870498'], ['xA', '0.7929800901723661'], ['xB', '0.4530195456192447'], ['xC', '0.4890000881579154'], ['eA', '0.45899998683734844'], ['eC', '0.5539999842297825']]",297.3506796360016
1613,322,slowfast_2_1em6,"{'xA': 0.793, 'xB': 0.453, 'xC': 0.489, 'eA': 0.459, 'eC': 0.554}","{'k1': 0.717, 'k2': 0.689, 'eB': 0.213}",-1.0,1.0,1001,slowfast,[],1e-06,False,False,iqm,,
1614,322,slowfast_2_1em6,"{'xA': 0.793, 'xB': 0.453, 'xC': 0.489, 'eA': 0.459, 'eC': 0.554}","{'k1': 0.717, 'k2': 0.689, 'eB': 0.213}",-1.0,1.0,1001,slowfast,[],1e-06,True,True,amigo2,"[['k1', '6.8897e-01'], ['k2', '7.1703e-01'], ['eB', '2.0299e-01'], ['xA', '8.1071e-01'], ['xB', '4.3529e-01'], ['xC', '4.8900e-01'], ['eA', '4.5900e-01'], ['eC', '5.5400e-01']]",946.0160057544708
1615,323,slowfast_3_1em6,"{'xA': 0.602, 'xB': 0.421, 'xC': 0.433, 'eA': 0.749, 'eC': 0.379}","{'k1': 0.597, 'k2': 0.499, 'eB': 0.793}",-1.0,1.0,1001,slowfast,[],1e-06,False,False,pe,,
1616,323,slowfast_3_1em6,"{'xA': 0.602, 'xB': 0.421, 'xC': 0.433, 'eA': 0.749, 'eC': 0.379}","{'k1': 0.597, 'k2': 0.499, 'eB': 0.793}",-1.0,1.0,1001,slowfast,[],1e-06,False,False,odepe,,
1617,323,slowfast_3_1em6,"{'xA': 0.602, 'xB': 0.421, 'xC': 0.433, 'eA': 0.749, 'eC': 0.379}","{'k1': 0.597, 'k2': 0.499, 'eB': 0.793}",-1.0,1.0,1001,slowfast,[],1e-06,True,True,sciml,"[['k1', '0.5970468491179497'], ['k2', '0.49896771264845463'], ['eB', '0.7929969249654523'], ['xA', '0.6019734297604892'], ['xB', '0.4210267852782466'], ['xC', '0.4329999374606939'], ['eA', '0.7490000403958855'], ['eC', '0.3790000181692118']]",212.17177438735962
1618,323,slowfast_3_1em6,"{'xA': 0.602, 'xB': 0.421, 'xC': 0.433, 'eA': 0.749, 'eC': 0.379}","{'k1': 0.597, 'k2': 0.499, 'eB': 0.793}",-1.0,1.0,1001,slowfast,[],1e-06,False,False,iqm,,
1619,323,slowfast_3_1em6,"{'xA': 0.602, 'xB': 0.421, 'xC': 0.433, 'eA': 0.749, 'eC': 0.379}","{'k1': 0.597, 'k2': 0.499, 'eB': 0.793}",-1.0,1.0,1001,slowfast,[],1e-06,True,True,amigo2,"[['k1', '5.9705e-01'], ['k2', '4.9897e-01'], ['eB', '7.9300e-01'], ['xA', '6.0197e-01'], ['xB', '4.2103e-01'], ['xC', '4.3300e-01'], ['eA', '7.4900e-01'], ['eC', '3.7900e-01']]",663.6257362365723
1620,324,slowfast_4_1em6,"{'xA': 0.835, 'xB': 0.196, 'xC': 0.368, 'eA': 0.24, 'eC': 0.193}","{'k1': 0.269, 'k2': 0.148, 'eB': 0.801}",-1.0,1.0,1001,slowfast,[],1e-06,False,False,pe,,
1621,324,slowfast_4_1em6,"{'xA': 0.835, 'xB': 0.196, 'xC': 0.368, 'eA': 0.24, 'eC': 0.193}","{'k1': 0.269, 'k2': 0.148, 'eB': 0.801}",-1.0,1.0,1001,slowfast,[],1e-06,False,False,odepe,,
1622,324,slowfast_4_1em6,"{'xA': 0.835, 'xB': 0.196, 'xC': 0.368, 'eA': 0.24, 'eC': 0.193}","{'k1': 0.269, 'k2': 0.148, 'eB': 0.801}",-1.0,1.0,1001,slowfast,[],1e-06,True,True,sciml,"[['k1', '0.2690001503404821'], ['k2', '0.1479997678775452'], ['eB', '0.8009975145582323'], ['xA', '0.835002334828258'], ['xB', '0.19599993207143143'], ['xC', '0.3680000108756239'], ['eA', '0.24000001437288512'], ['eC', '0.19300000006000095']]",208.3100938796997
1623,324,slowfast_4_1em6,"{'xA': 0.835, 'xB': 0.196, 'xC': 0.368, 'eA': 0.24, 'eC': 0.193}","{'k1': 0.269, 'k2': 0.148, 'eB': 0.801}",-1.0,1.0,1001,slowfast,[],1e-06,False,False,iqm,,
1624,324,slowfast_4_1em6,"{'xA': 0.835, 'xB': 0.196, 'xC': 0.368, 'eA': 0.24, 'eC': 0.193}","{'k1': 0.269, 'k2': 0.148, 'eB': 0.801}",-1.0,1.0,1001,slowfast,[],1e-06,True,True,amigo2,"[['k1', '2.6900e-01'], ['k2', '1.4800e-01'], ['eB', '8.0100e-01'], ['xA', '8.3500e-01'], ['xB', '1.9600e-01'], ['xC', '3.6800e-01'], ['eA', '2.4000e-01'], ['eC', '1.9300e-01']]",753.9769835472107
1625,325,slowfast_5_1em6,"{'xA': 0.177, 'xB': 0.791, 'xC': 0.553, 'eA': 0.394, 'eC': 0.374}","{'k1': 0.82, 'k2': 0.146, 'eB': 0.884}",-1.0,1.0,1001,slowfast,[],1e-06,False,False,pe,,
1626,325,slowfast_5_1em6,"{'xA': 0.177, 'xB': 0.791, 'xC': 0.553, 'eA': 0.394, 'eC': 0.374}","{'k1': 0.82, 'k2': 0.146, 'eB': 0.884}",-1.0,1.0,1001,slowfast,[],1e-06,False,False,odepe,,
1627,325,slowfast_5_1em6,"{'xA': 0.177, 'xB': 0.791, 'xC': 0.553, 'eA': 0.394, 'eC': 0.374}","{'k1': 0.82, 'k2': 0.146, 'eB': 0.884}",-1.0,1.0,1001,slowfast,[],1e-06,True,True,sciml,"[['k1', '0.14599767289185514'], ['k2', '0.8200413344014547'], ['eB', '3.1461733490597177'], ['xA', '0.8271777431352566'], ['xB', '0.14082936260464604'], ['xC', '0.553000011685353'], ['eA', '0.3939999856586098'], ['eC', '0.37400001041759673']]",207.90153551101685
1628,325,slowfast_5_1em6,"{'xA': 0.177, 'xB': 0.791, 'xC': 0.553, 'eA': 0.394, 'eC': 0.374}","{'k1': 0.82, 'k2': 0.146, 'eB': 0.884}",-1.0,1.0,1001,slowfast,[],1e-06,False,False,iqm,,
1629,325,slowfast_5_1em6,"{'xA': 0.177, 'xB': 0.791, 'xC': 0.553, 'eA': 0.394, 'eC': 0.374}","{'k1': 0.82, 'k2': 0.146, 'eB': 0.884}",-1.0,1.0,1001,slowfast,[],1e-06,True,True,amigo2,"[['k1', '1.4600e-01'], ['k2', '8.2004e-01'], ['eB', '3.1462e+00'], ['xA', '8.2718e-01'], ['xB', '1.4083e-01'], ['xC', '5.5300e-01'], ['eA', '3.9400e-01'], ['eC', '3.7400e-01']]",503.1647379398346
1630,326,slowfast_6_1em6,"{'xA': 0.514, 'xB': 0.488, 'xC': 0.821, 'eA': 0.544, 'eC': 0.761}","{'k1': 0.706, 'k2': 0.352, 'eB': 0.626}",-1.0,1.0,1001,slowfast,[],1e-06,False,False,pe,,
1631,326,slowfast_6_1em6,"{'xA': 0.514, 'xB': 0.488, 'xC': 0.821, 'eA': 0.544, 'eC': 0.761}","{'k1': 0.706, 'k2': 0.352, 'eB': 0.626}",-1.0,1.0,1001,slowfast,[],1e-06,False,False,odepe,,
1632,326,slowfast_6_1em6,"{'xA': 0.514, 'xB': 0.488, 'xC': 0.821, 'eA': 0.544, 'eC': 0.761}","{'k1': 0.706, 'k2': 0.352, 'eB': 0.626}",-1.0,1.0,1001,slowfast,[],1e-06,True,True,sciml,"[['k1', '0.3519997205607668'], ['k2', '0.7060013730940113'], ['eB', '0.7084653138001099'], ['xA', '0.7586926947098461'], ['xB', '0.243307747167308'], ['xC', '0.8210001132643977'], ['eA', '0.5439999798400219'], ['eC', '0.7610000178023026']]",203.74522519111633
1633,326,slowfast_6_1em6,"{'xA': 0.514, 'xB': 0.488, 'xC': 0.821, 'eA': 0.544, 'eC': 0.761}","{'k1': 0.706, 'k2': 0.352, 'eB': 0.626}",-1.0,1.0,1001,slowfast,[],1e-06,False,False,iqm,,
1634,326,slowfast_6_1em6,"{'xA': 0.514, 'xB': 0.488, 'xC': 0.821, 'eA': 0.544, 'eC': 0.761}","{'k1': 0.706, 'k2': 0.352, 'eB': 0.626}",-1.0,1.0,1001,slowfast,[],1e-06,True,True,amigo2,"[['k1', '7.0600e-01'], ['k2', '3.5200e-01'], ['eB', '6.2600e-01'], ['xA', '5.1400e-01'], ['xB', '4.8800e-01'], ['xC', '8.2100e-01'], ['eA', '5.4400e-01'], ['eC', '7.6100e-01']]",589.4926075935364
1635,327,slowfast_7_1em6,"{'xA': 0.273, 'xB': 0.823, 'xC': 0.134, 'eA': 0.366, 'eC': 0.18}","{'k1': 0.68, 'k2': 0.131, 'eB': 0.718}",-1.0,1.0,1001,slowfast,[],1e-06,False,False,pe,,
1636,327,slowfast_7_1em6,"{'xA': 0.273, 'xB': 0.823, 'xC': 0.134, 'eA': 0.366, 'eC': 0.18}","{'k1': 0.68, 'k2': 0.131, 'eB': 0.718}",-1.0,1.0,1001,slowfast,[],1e-06,False,False,odepe,,
1637,327,slowfast_7_1em6,"{'xA': 0.273, 'xB': 0.823, 'xC': 0.134, 'eA': 0.366, 'eC': 0.18}","{'k1': 0.68, 'k2': 0.131, 'eB': 0.718}",-1.0,1.0,1001,slowfast,[],1e-06,True,True,sciml,"[['k1', '0.13100545474475497'], ['k2', '0.6799524357309041'], ['eB', '2.1931013229671845'], ['xA', '0.937416563250365'], ['xB', '0.1585597314519923'], ['xC', '0.13400000284255784'], ['eA', '0.36600000549203227'], ['eC', '0.18000000437216768']]",205.004709482193
1638,327,slowfast_7_1em6,"{'xA': 0.273, 'xB': 0.823, 'xC': 0.134, 'eA': 0.366, 'eC': 0.18}","{'k1': 0.68, 'k2': 0.131, 'eB': 0.718}",-1.0,1.0,1001,slowfast,[],1e-06,False,False,iqm,,
1639,327,slowfast_7_1em6,"{'xA': 0.273, 'xB': 0.823, 'xC': 0.134, 'eA': 0.366, 'eC': 0.18}","{'k1': 0.68, 'k2': 0.131, 'eB': 0.718}",-1.0,1.0,1001,slowfast,[],1e-06,True,True,amigo2,"[['k1', '1.3101e-01'], ['k2', '6.7995e-01'], ['eB', '2.1931e+00'], ['xA', '9.3741e-01'], ['xB', '1.5856e-01'], ['xC', '1.3400e-01'], ['eA', '3.6600e-01'], ['eC', '1.8000e-01']]",541.0636904239655
1640,328,slowfast_8_1em6,"{'xA': 0.221, 'xB': 0.364, 'xC': 0.751, 'eA': 0.212, 'eC': 0.282}","{'k1': 0.48, 'k2': 0.756, 'eB': 0.339}",-1.0,1.0,1001,slowfast,[],1e-06,False,False,pe,,
1641,328,slowfast_8_1em6,"{'xA': 0.221, 'xB': 0.364, 'xC': 0.751, 'eA': 0.212, 'eC': 0.282}","{'k1': 0.48, 'k2': 0.756, 'eB': 0.339}",-1.0,1.0,1001,slowfast,[],1e-06,False,False,odepe,,
1642,328,slowfast_8_1em6,"{'xA': 0.221, 'xB': 0.364, 'xC': 0.751, 'eA': 0.212, 'eC': 0.282}","{'k1': 0.48, 'k2': 0.756, 'eB': 0.339}",-1.0,1.0,1001,slowfast,[],1e-06,True,True,sciml,"[['k1', '0.4707206233739495'], ['k2', '47.54642339379961'], ['eB', '8.12365168241244'], ['xA', '0.5807828089365568'], ['xB', '0.005804208117761919'], ['xC', '0.7508081038521398'], ['eA', '0.21200000050883636'], ['eC', '0.2819897939558615']]",130.03024864196777
1643,328,slowfast_8_1em6,"{'xA': 0.221, 'xB': 0.364, 'xC': 0.751, 'eA': 0.212, 'eC': 0.282}","{'k1': 0.48, 'k2': 0.756, 'eB': 0.339}",-1.0,1.0,1001,slowfast,[],1e-06,False,False,iqm,,
1644,328,slowfast_8_1em6,"{'xA': 0.221, 'xB': 0.364, 'xC': 0.751, 'eA': 0.212, 'eC': 0.282}","{'k1': 0.48, 'k2': 0.756, 'eB': 0.339}",-1.0,1.0,1001,slowfast,[],1e-06,True,True,amigo2,"[['k1', '7.5642e-01'], ['k2', '4.7999e-01'], ['eB', '2.9263e-01'], ['xA', '1.1682e-02'], ['xB', '5.7332e-01'], ['xC', '7.5100e-01'], ['eA', '2.1200e-01'], ['eC', '2.8200e-01']]",405.9869465827942
1645,329,slowfast_9_1em6,"{'xA': 0.349, 'xB': 0.675, 'xC': 0.369, 'eA': 0.682, 'eC': 0.752}","{'k1': 0.155, 'k2': 0.665, 'eB': 0.416}",-1.0,1.0,1001,slowfast,[],1e-06,False,False,pe,,
1646,329,slowfast_9_1em6,"{'xA': 0.349, 'xB': 0.675, 'xC': 0.369, 'eA': 0.682, 'eC': 0.752}","{'k1': 0.155, 'k2': 0.665, 'eB': 0.416}",-1.0,1.0,1001,slowfast,[],1e-06,False,False,odepe,,
1647,329,slowfast_9_1em6,"{'xA': 0.349, 'xB': 0.675, 'xC': 0.369, 'eA': 0.682, 'eC': 0.752}","{'k1': 0.155, 'k2': 0.665, 'eB': 0.416}",-1.0,1.0,1001,slowfast,[],1e-06,True,True,sciml,"[['k1', '0.1550105720461392'], ['k2', '0.665013099568536'], ['eB', '0.4159948979014282'], ['xA', '0.34901262676232053'], ['xB', '0.6749873760852563'], ['xC', '0.36899994883392034'], ['eA', '0.6819999895767419'], ['eC', '0.7520000038362189']]",247.4936807155609
1648,329,slowfast_9_1em6,"{'xA': 0.349, 'xB': 0.675, 'xC': 0.369, 'eA': 0.682, 'eC': 0.752}","{'k1': 0.155, 'k2': 0.665, 'eB': 0.416}",-1.0,1.0,1001,slowfast,[],1e-06,False,False,iqm,,
1649,329,slowfast_9_1em6,"{'xA': 0.349, 'xB': 0.675, 'xC': 0.369, 'eA': 0.682, 'eC': 0.752}","{'k1': 0.155, 'k2': 0.665, 'eB': 0.416}",-1.0,1.0,1001,slowfast,[],1e-06,True,True,amigo2,"[['k1', '1.5501e-01'], ['k2', '6.6501e-01'], ['eB', '4.1599e-01'], ['xA', '3.4901e-01'], ['xB', '6.7499e-01'], ['xC', '3.6900e-01'], ['eA', '6.8200e-01'], ['eC', '7.5200e-01']]",849.226199388504
1650,330,biohydrogenation_0_1em4,"{'x4': 0.45, 'x5': 0.813, 'x6': 0.871, 'x7': 0.407}","{'k5': 0.539, 'k6': 0.672, 'k7': 0.582, 'k8': 0.536, 'k9': 0.439, 'k10': 0.617}",-1.0,1.0,1001,biohydrogenation,['x7'],0.0001,False,False,pe,,
1651,330,biohydrogenation_0_1em4,"{'x4': 0.45, 'x5': 0.813, 'x6': 0.871, 'x7': 0.407}","{'k5': 0.539, 'k6': 0.672, 'k7': 0.582, 'k8': 0.536, 'k9': 0.439, 'k10': 0.617}",-1.0,1.0,1001,biohydrogenation,['x7'],0.0001,False,False,odepe,,
1652,330,biohydrogenation_0_1em4,"{'x4': 0.45, 'x5': 0.813, 'x6': 0.871, 'x7': 0.407}","{'k5': 0.539, 'k6': 0.672, 'k7': 0.582, 'k8': 0.536, 'k9': 0.439, 'k10': 0.617}",-1.0,1.0,1001,biohydrogenation,['x7'],0.0001,True,True,sciml,"[['k5', '44.91983538542796'], ['k6', '51.31809587305517'], ['k7', '71.49289117423073'], ['k8', '46.87461593568195'], ['k9', '59.94849289918535'], ['k10', '48.807666279881666'], ['x4', '1.0581591753436004'], ['x5', '0.9817388824302007'], ['x6', '48.79551574784923'], ['x7', '97.11036967939361']]",231.44999957084656
1653,330,biohydrogenation_0_1em4,"{'x4': 0.45, 'x5': 0.813, 'x6': 0.871, 'x7': 0.407}","{'k5': 0.539, 'k6': 0.672, 'k7': 0.582, 'k8': 0.536, 'k9': 0.439, 'k10': 0.617}",-1.0,1.0,1001,biohydrogenation,['x7'],0.0001,False,False,iqm,,
1654,330,biohydrogenation_0_1em4,"{'x4': 0.45, 'x5': 0.813, 'x6': 0.871, 'x7': 0.407}","{'k5': 0.539, 'k6': 0.672, 'k7': 0.582, 'k8': 0.536, 'k9': 0.439, 'k10': 0.617}",-1.0,1.0,1001,biohydrogenation,['x7'],0.0001,True,True,amigo2,"[['k5', '2.8065e-01'], ['k6', '2.1830e-01'], ['k7', '1.9333e-01'], ['k8', '1.0358e-14'], ['k9', '1.5118e-15'], ['k10', '4.1600e+01'], ['x4', '4.4181e-01'], ['x5', '8.1126e-01'], ['x6', '1.0526e-14'], ['x7', '1.3631e-02']]",2119.191863298416
1655,331,biohydrogenation_1_1em4,"{'x4': 0.439, 'x5': 0.767, 'x6': 0.276, 'x7': 0.184}","{'k5': 0.423, 'k6': 0.402, 'k7': 0.222, 'k8': 0.722, 'k9': 0.615, 'k10': 0.443}",-1.0,1.0,1001,biohydrogenation,['x7'],0.0001,False,False,pe,,
1656,331,biohydrogenation_1_1em4,"{'x4': 0.439, 'x5': 0.767, 'x6': 0.276, 'x7': 0.184}","{'k5': 0.423, 'k6': 0.402, 'k7': 0.222, 'k8': 0.722, 'k9': 0.615, 'k10': 0.443}",-1.0,1.0,1001,biohydrogenation,['x7'],0.0001,False,False,odepe,,
1657,331,biohydrogenation_1_1em4,"{'x4': 0.439, 'x5': 0.767, 'x6': 0.276, 'x7': 0.184}","{'k5': 0.423, 'k6': 0.402, 'k7': 0.222, 'k8': 0.722, 'k9': 0.615, 'k10': 0.443}",-1.0,1.0,1001,biohydrogenation,['x7'],0.0001,True,True,sciml,"[['k5', '0.4228476490828308'], ['k6', '0.4017743643028602'], ['k7', '0.10466492303202124'], ['k8', '2.4297800870178565e-11'], ['k9', '2.982429871892112'], ['k10', '49.81926166135793'], ['x4', '0.43899333118630707'], ['x5', '0.7669353432692645'], ['x6', '0.07610797906915644'], ['x7', '50.00002145629579']]",258.90157532691956
1658,331,biohydrogenation_1_1em4,"{'x4': 0.439, 'x5': 0.767, 'x6': 0.276, 'x7': 0.184}","{'k5': 0.423, 'k6': 0.402, 'k7': 0.222, 'k8': 0.722, 'k9': 0.615, 'k10': 0.443}",-1.0,1.0,1001,biohydrogenation,['x7'],0.0001,False,False,iqm,,
1659,331,biohydrogenation_1_1em4,"{'x4': 0.439, 'x5': 0.767, 'x6': 0.276, 'x7': 0.184}","{'k5': 0.423, 'k6': 0.402, 'k7': 0.222, 'k8': 0.722, 'k9': 0.615, 'k10': 0.443}",-1.0,1.0,1001,biohydrogenation,['x7'],0.0001,False,False,amigo2,,
1660,332,biohydrogenation_2_1em4,"{'x4': 0.215, 'x5': 0.856, 'x6': 0.517, 'x7': 0.432}","{'k5': 0.883, 'k6': 0.739, 'k7': 0.469, 'k8': 0.724, 'k9': 0.195, 'k10': 0.612}",-1.0,1.0,1001,biohydrogenation,['x7'],0.0001,False,False,pe,,
1661,332,biohydrogenation_2_1em4,"{'x4': 0.215, 'x5': 0.856, 'x6': 0.517, 'x7': 0.432}","{'k5': 0.883, 'k6': 0.739, 'k7': 0.469, 'k8': 0.724, 'k9': 0.195, 'k10': 0.612}",-1.0,1.0,1001,biohydrogenation,['x7'],0.0001,False,False,odepe,,
1662,332,biohydrogenation_2_1em4,"{'x4': 0.215, 'x5': 0.856, 'x6': 0.517, 'x7': 0.432}","{'k5': 0.883, 'k6': 0.739, 'k7': 0.469, 'k8': 0.724, 'k9': 0.195, 'k10': 0.612}",-1.0,1.0,1001,biohydrogenation,['x7'],0.0001,True,True,sciml,"[['k5', '0.6546237488945399'], ['k6', '0.524190066873065'], ['k7', '21.221422658612532'], ['k8', '99.9999999986484'], ['k9', '75.45832024718722'], ['k10', '50.3420756708983'], ['x4', '0.21283307055689457'], ['x5', '0.8548588184002615'], ['x6', '1.112936052153164e-9'], ['x7', '49.95651144562547']]",249.84929156303406
1663,332,biohydrogenation_2_1em4,"{'x4': 0.215, 'x5': 0.856, 'x6': 0.517, 'x7': 0.432}","{'k5': 0.883, 'k6': 0.739, 'k7': 0.469, 'k8': 0.724, 'k9': 0.195, 'k10': 0.612}",-1.0,1.0,1001,biohydrogenation,['x7'],0.0001,False,False,iqm,,
1664,332,biohydrogenation_2_1em4,"{'x4': 0.215, 'x5': 0.856, 'x6': 0.517, 'x7': 0.432}","{'k5': 0.883, 'k6': 0.739, 'k7': 0.469, 'k8': 0.724, 'k9': 0.195, 'k10': 0.612}",-1.0,1.0,1001,biohydrogenation,['x7'],0.0001,True,True,amigo2,"[['k5', '8.8277e-01'], ['k6', '7.3878e-01'], ['k7', '5.2627e-01'], ['k8', '1.3785e+00'], ['k9', '4.1868e-03'], ['k10', '1.2352e-02'], ['x4', '2.1500e-01'], ['x5', '8.5600e-01'], ['x6', '1.1903e-01'], ['x7', '3.6559e+01']]",2296.3394696712494
1665,333,biohydrogenation_3_1em4,"{'x4': 0.59, 'x5': 0.594, 'x6': 0.855, 'x7': 0.645}","{'k5': 0.312, 'k6': 0.719, 'k7': 0.465, 'k8': 0.555, 'k9': 0.115, 'k10': 0.594}",-1.0,1.0,1001,biohydrogenation,['x7'],0.0001,False,False,pe,,
1666,333,biohydrogenation_3_1em4,"{'x4': 0.59, 'x5': 0.594, 'x6': 0.855, 'x7': 0.645}","{'k5': 0.312, 'k6': 0.719, 'k7': 0.465, 'k8': 0.555, 'k9': 0.115, 'k10': 0.594}",-1.0,1.0,1001,biohydrogenation,['x7'],0.0001,False,False,odepe,,
1667,333,biohydrogenation_3_1em4,"{'x4': 0.59, 'x5': 0.594, 'x6': 0.855, 'x7': 0.645}","{'k5': 0.312, 'k6': 0.719, 'k7': 0.465, 'k8': 0.555, 'k9': 0.115, 'k10': 0.594}",-1.0,1.0,1001,biohydrogenation,['x7'],0.0001,True,True,sciml,"[['k5', '0.20896577187308732'], ['k6', '0.32959175448816047'], ['k7', '21.24904128143013'], ['k8', '99.99999999998657'], ['k9', '71.57273571217067'], ['k10', '53.87504228760105'], ['x4', '0.5878589373211484'], ['x5', '0.5920525556119187'], ['x6', '3.588291836248849e-13'], ['x7', '49.86550170486955']]",248.65376782417297
1668,333,biohydrogenation_3_1em4,"{'x4': 0.59, 'x5': 0.594, 'x6': 0.855, 'x7': 0.645}","{'k5': 0.312, 'k6': 0.719, 'k7': 0.465, 'k8': 0.555, 'k9': 0.115, 'k10': 0.594}",-1.0,1.0,1001,biohydrogenation,['x7'],0.0001,False,False,iqm,,
1669,333,biohydrogenation_3_1em4,"{'x4': 0.59, 'x5': 0.594, 'x6': 0.855, 'x7': 0.645}","{'k5': 0.312, 'k6': 0.719, 'k7': 0.465, 'k8': 0.555, 'k9': 0.115, 'k10': 0.594}",-1.0,1.0,1001,biohydrogenation,['x7'],0.0001,True,True,amigo2,"[['k5', '3.1202e-01'], ['k6', '7.1905e-01'], ['k7', '3.4143e-01'], ['k8', '0.0000e+00'], ['k9', '2.4981e-01'], ['k10', '8.9641e-01'], ['x4', '5.9000e-01'], ['x5', '5.9400e-01'], ['x6', '8.7723e-01'], ['x7', '8.0615e+01']]",2263.170257329941
1670,334,biohydrogenation_4_1em4,"{'x4': 0.268, 'x5': 0.203, 'x6': 0.352, 'x7': 0.391}","{'k5': 0.388, 'k6': 0.45, 'k7': 0.658, 'k8': 0.148, 'k9': 0.633, 'k10': 0.637}",-1.0,1.0,1001,biohydrogenation,['x7'],0.0001,False,False,pe,,
1671,334,biohydrogenation_4_1em4,"{'x4': 0.268, 'x5': 0.203, 'x6': 0.352, 'x7': 0.391}","{'k5': 0.388, 'k6': 0.45, 'k7': 0.658, 'k8': 0.148, 'k9': 0.633, 'k10': 0.637}",-1.0,1.0,1001,biohydrogenation,['x7'],0.0001,False,False,odepe,,
1672,334,biohydrogenation_4_1em4,"{'x4': 0.268, 'x5': 0.203, 'x6': 0.352, 'x7': 0.391}","{'k5': 0.388, 'k6': 0.45, 'k7': 0.658, 'k8': 0.148, 'k9': 0.633, 'k10': 0.637}",-1.0,1.0,1001,biohydrogenation,['x7'],0.0001,True,True,sciml,"[['k5', '80.38275839263369'], ['k6', '43.57474113317238'], ['k7', '16.04472428925763'], ['k8', '64.66977174218897'], ['k9', '99.69022625879944'], ['k10', '81.73714584740306'], ['x4', '79.18789978168176'], ['x5', '33.86154283052487'], ['x6', '87.86616614111232'], ['x7', '7.481020180822274']]",215.5486719608307
1673,334,biohydrogenation_4_1em4,"{'x4': 0.268, 'x5': 0.203, 'x6': 0.352, 'x7': 0.391}","{'k5': 0.388, 'k6': 0.45, 'k7': 0.658, 'k8': 0.148, 'k9': 0.633, 'k10': 0.637}",-1.0,1.0,1001,biohydrogenation,['x7'],0.0001,False,False,iqm,,
1674,334,biohydrogenation_4_1em4,"{'x4': 0.268, 'x5': 0.203, 'x6': 0.352, 'x7': 0.391}","{'k5': 0.388, 'k6': 0.45, 'k7': 0.658, 'k8': 0.148, 'k9': 0.633, 'k10': 0.637}",-1.0,1.0,1001,biohydrogenation,['x7'],0.0001,True,True,amigo2,"[['k5', '3.8796e-01'], ['k6', '4.4993e-01'], ['k7', '6.2738e-01'], ['k8', '1.1591e-01'], ['k9', '6.7121e-01'], ['k10', '6.1854e-01'], ['x4', '2.6800e-01'], ['x5', '2.0300e-01'], ['x6', '3.5140e-01'], ['x7', '1.4600e-01']]",1760.5405955314636
1675,335,biohydrogenation_5_1em4,"{'x4': 0.67, 'x5': 0.29, 'x6': 0.546, 'x7': 0.47}","{'k5': 0.466, 'k6': 0.106, 'k7': 0.842, 'k8': 0.352, 'k9': 0.196, 'k10': 0.66}",-1.0,1.0,1001,biohydrogenation,['x7'],0.0001,False,False,pe,,
1676,335,biohydrogenation_5_1em4,"{'x4': 0.67, 'x5': 0.29, 'x6': 0.546, 'x7': 0.47}","{'k5': 0.466, 'k6': 0.106, 'k7': 0.842, 'k8': 0.352, 'k9': 0.196, 'k10': 0.66}",-1.0,1.0,1001,biohydrogenation,['x7'],0.0001,False,False,odepe,,
1677,335,biohydrogenation_5_1em4,"{'x4': 0.67, 'x5': 0.29, 'x6': 0.546, 'x7': 0.47}","{'k5': 0.466, 'k6': 0.106, 'k7': 0.842, 'k8': 0.352, 'k9': 0.196, 'k10': 0.66}",-1.0,1.0,1001,biohydrogenation,['x7'],0.0001,True,True,sciml,"[['k5', '61.240601645495715'], ['k6', '30.087883409096438'], ['k7', '67.48044895389819'], ['k8', '63.40836100404872'], ['k9', '88.4457648599948'], ['k10', '86.76351793065693'], ['x4', '13.958399283287736'], ['x5', '31.011322107388082'], ['x6', '87.43133861975956'], ['x7', '73.11278793369235']]",215.77032017707825
1678,335,biohydrogenation_5_1em4,"{'x4': 0.67, 'x5': 0.29, 'x6': 0.546, 'x7': 0.47}","{'k5': 0.466, 'k6': 0.106, 'k7': 0.842, 'k8': 0.352, 'k9': 0.196, 'k10': 0.66}",-1.0,1.0,1001,biohydrogenation,['x7'],0.0001,False,False,iqm,,
1679,335,biohydrogenation_5_1em4,"{'x4': 0.67, 'x5': 0.29, 'x6': 0.546, 'x7': 0.47}","{'k5': 0.466, 'k6': 0.106, 'k7': 0.842, 'k8': 0.352, 'k9': 0.196, 'k10': 0.66}",-1.0,1.0,1001,biohydrogenation,['x7'],0.0001,True,True,amigo2,"[['k5', '4.6599e-01'], ['k6', '1.0599e-01'], ['k7', '1.0622e+00'], ['k8', '0.0000e+00'], ['k9', '4.2378e-06'], ['k10', '8.1175e-05'], ['x4', '6.7000e-01'], ['x5', '2.8999e-01'], ['x6', '1.2098e+00'], ['x7', '0.0000e+00']]",363.61899423599243
1680,336,biohydrogenation_6_1em4,"{'x4': 0.757, 'x5': 0.178, 'x6': 0.77, 'x7': 0.177}","{'k5': 0.227, 'k6': 0.188, 'k7': 0.625, 'k8': 0.211, 'k9': 0.257, 'k10': 0.395}",-1.0,1.0,1001,biohydrogenation,['x7'],0.0001,False,False,pe,,
1681,336,biohydrogenation_6_1em4,"{'x4': 0.757, 'x5': 0.178, 'x6': 0.77, 'x7': 0.177}","{'k5': 0.227, 'k6': 0.188, 'k7': 0.625, 'k8': 0.211, 'k9': 0.257, 'k10': 0.395}",-1.0,1.0,1001,biohydrogenation,['x7'],0.0001,False,False,odepe,,
1682,336,biohydrogenation_6_1em4,"{'x4': 0.757, 'x5': 0.178, 'x6': 0.77, 'x7': 0.177}","{'k5': 0.227, 'k6': 0.188, 'k7': 0.625, 'k8': 0.211, 'k9': 0.257, 'k10': 0.395}",-1.0,1.0,1001,biohydrogenation,['x7'],0.0001,True,True,sciml,"[['k5', '0.1784823294127049'], ['k6', '0.025144136997993463'], ['k7', '0.09067663421022762'], ['k8', '4.338205338547472e-15'], ['k9', '99.99999999951638'], ['k10', '99.99994620223681'], ['x4', '0.7537615968518226'], ['x5', '0.17696173111140304'], ['x6', '3.4123039770319225e-12'], ['x7', '50.00004942484973']]",166.17107820510864
1683,336,biohydrogenation_6_1em4,"{'x4': 0.757, 'x5': 0.178, 'x6': 0.77, 'x7': 0.177}","{'k5': 0.227, 'k6': 0.188, 'k7': 0.625, 'k8': 0.211, 'k9': 0.257, 'k10': 0.395}",-1.0,1.0,1001,biohydrogenation,['x7'],0.0001,False,False,iqm,,
1684,336,biohydrogenation_6_1em4,"{'x4': 0.757, 'x5': 0.178, 'x6': 0.77, 'x7': 0.177}","{'k5': 0.227, 'k6': 0.188, 'k7': 0.625, 'k8': 0.211, 'k9': 0.257, 'k10': 0.395}",-1.0,1.0,1001,biohydrogenation,['x7'],0.0001,True,True,amigo2,"[['k5', '2.2699e-01'], ['k6', '1.8795e-01'], ['k7', '6.8087e-01'], ['k8', '4.7420e-01'], ['k9', '1.1435e-03'], ['k10', '1.9211e-03'], ['x4', '7.5701e-01'], ['x5', '1.7800e-01'], ['x6', '6.1026e-01'], ['x7', '1.7661e+00']]",825.9727177619934
1685,337,biohydrogenation_7_1em4,"{'x4': 0.464, 'x5': 0.747, 'x6': 0.792, 'x7': 0.617}","{'k5': 0.415, 'k6': 0.22, 'k7': 0.106, 'k8': 0.621, 'k9': 0.264, 'k10': 0.407}",-1.0,1.0,1001,biohydrogenation,['x7'],0.0001,False,False,pe,,
1686,337,biohydrogenation_7_1em4,"{'x4': 0.464, 'x5': 0.747, 'x6': 0.792, 'x7': 0.617}","{'k5': 0.415, 'k6': 0.22, 'k7': 0.106, 'k8': 0.621, 'k9': 0.264, 'k10': 0.407}",-1.0,1.0,1001,biohydrogenation,['x7'],0.0001,False,False,odepe,,
1687,337,biohydrogenation_7_1em4,"{'x4': 0.464, 'x5': 0.747, 'x6': 0.792, 'x7': 0.617}","{'k5': 0.415, 'k6': 0.22, 'k7': 0.106, 'k8': 0.621, 'k9': 0.264, 'k10': 0.407}",-1.0,1.0,1001,biohydrogenation,['x7'],0.0001,True,True,sciml,"[['k5', '0.40500682187135206'], ['k6', '0.20948507128378596'], ['k7', '0.03571743990244955'], ['k8', '7.542052255753038e-13'], ['k9', '99.99999978826983'], ['k10', '50.15228246315639'], ['x4', '0.46314795164161143'], ['x5', '0.7469102915892141'], ['x6', '1.1615969295631973e-9'], ['x7', '51.25147795327469']]",202.80260610580444
1688,337,biohydrogenation_7_1em4,"{'x4': 0.464, 'x5': 0.747, 'x6': 0.792, 'x7': 0.617}","{'k5': 0.415, 'k6': 0.22, 'k7': 0.106, 'k8': 0.621, 'k9': 0.264, 'k10': 0.407}",-1.0,1.0,1001,biohydrogenation,['x7'],0.0001,False,False,iqm,,
1689,337,biohydrogenation_7_1em4,"{'x4': 0.464, 'x5': 0.747, 'x6': 0.792, 'x7': 0.617}","{'k5': 0.415, 'k6': 0.22, 'k7': 0.106, 'k8': 0.621, 'k9': 0.264, 'k10': 0.407}",-1.0,1.0,1001,biohydrogenation,['x7'],0.0001,True,True,amigo2,"[['k5', '4.0753e-01'], ['k6', '2.1215e-01'], ['k7', '3.7039e-02'], ['k8', '1.4022e-14'], ['k9', '3.3588e-14'], ['k10', '1.7517e+01'], ['x4', '4.6336e-01'], ['x5', '7.4711e-01'], ['x6', '6.2831e-14'], ['x7', '1.8103e-02']]",1475.9645738601685
1690,338,biohydrogenation_8_1em4,"{'x4': 0.728, 'x5': 0.75, 'x6': 0.406, 'x7': 0.473}","{'k5': 0.596, 'k6': 0.227, 'k7': 0.307, 'k8': 0.296, 'k9': 0.347, 'k10': 0.662}",-1.0,1.0,1001,biohydrogenation,['x7'],0.0001,False,False,pe,,
1691,338,biohydrogenation_8_1em4,"{'x4': 0.728, 'x5': 0.75, 'x6': 0.406, 'x7': 0.473}","{'k5': 0.596, 'k6': 0.227, 'k7': 0.307, 'k8': 0.296, 'k9': 0.347, 'k10': 0.662}",-1.0,1.0,1001,biohydrogenation,['x7'],0.0001,False,False,odepe,,
1692,338,biohydrogenation_8_1em4,"{'x4': 0.728, 'x5': 0.75, 'x6': 0.406, 'x7': 0.473}","{'k5': 0.596, 'k6': 0.227, 'k7': 0.307, 'k8': 0.296, 'k9': 0.347, 'k10': 0.662}",-1.0,1.0,1001,biohydrogenation,['x7'],0.0001,True,True,sciml,"[['k5', '48.09790628303321'], ['k6', '18.28361311369745'], ['k7', '26.55998626642727'], ['k8', '92.95960101452569'], ['k9', '32.04692546750068'], ['k10', '0.09287221984758398'], ['x4', '79.68172234091769'], ['x5', '36.33360036091858'], ['x6', '23.14699811665042'], ['x7', '56.42473430445665']]",164.23114204406738
1693,338,biohydrogenation_8_1em4,"{'x4': 0.728, 'x5': 0.75, 'x6': 0.406, 'x7': 0.473}","{'k5': 0.596, 'k6': 0.227, 'k7': 0.307, 'k8': 0.296, 'k9': 0.347, 'k10': 0.662}",-1.0,1.0,1001,biohydrogenation,['x7'],0.0001,False,False,iqm,,
1694,338,biohydrogenation_8_1em4,"{'x4': 0.728, 'x5': 0.75, 'x6': 0.406, 'x7': 0.473}","{'k5': 0.596, 'k6': 0.227, 'k7': 0.307, 'k8': 0.296, 'k9': 0.347, 'k10': 0.662}",-1.0,1.0,1001,biohydrogenation,['x7'],0.0001,True,True,amigo2,"[['k5', '5.9602e-01'], ['k6', '2.2702e-01'], ['k7', '3.2717e-01'], ['k8', '0.0000e+00'], ['k9', '1.5967e-01'], ['k10', '1.0563e+00'], ['x4', '7.2800e-01'], ['x5', '7.4999e-01'], ['x6', '7.9802e-01'], ['x7', '1.4112e+01']]",292.11782479286194
1695,339,biohydrogenation_9_1em4,"{'x4': 0.154, 'x5': 0.327, 'x6': 0.147, 'x7': 0.652}","{'k5': 0.126, 'k6': 0.668, 'k7': 0.52, 'k8': 0.877, 'k9': 0.501, 'k10': 0.414}",-1.0,1.0,1001,biohydrogenation,['x7'],0.0001,False,False,pe,,
1696,339,biohydrogenation_9_1em4,"{'x4': 0.154, 'x5': 0.327, 'x6': 0.147, 'x7': 0.652}","{'k5': 0.126, 'k6': 0.668, 'k7': 0.52, 'k8': 0.877, 'k9': 0.501, 'k10': 0.414}",-1.0,1.0,1001,biohydrogenation,['x7'],0.0001,False,False,odepe,,
1697,339,biohydrogenation_9_1em4,"{'x4': 0.154, 'x5': 0.327, 'x6': 0.147, 'x7': 0.652}","{'k5': 0.126, 'k6': 0.668, 'k7': 0.52, 'k8': 0.877, 'k9': 0.501, 'k10': 0.414}",-1.0,1.0,1001,biohydrogenation,['x7'],0.0001,True,True,sciml,"[['k5', '0.12757082349381973'], ['k6', '0.6779982560021611'], ['k7', '1.2966925021538183'], ['k8', '3.053708785453016'], ['k9', '76.47047476381029'], ['k10', '55.68486234324778'], ['x4', '0.15400172171800994'], ['x5', '0.32693506854857657'], ['x6', '1.1769578582979504e-9'], ['x7', '55.874376205642115']]",299.59569549560547
1698,339,biohydrogenation_9_1em4,"{'x4': 0.154, 'x5': 0.327, 'x6': 0.147, 'x7': 0.652}","{'k5': 0.126, 'k6': 0.668, 'k7': 0.52, 'k8': 0.877, 'k9': 0.501, 'k10': 0.414}",-1.0,1.0,1001,biohydrogenation,['x7'],0.0001,False,False,iqm,,
1699,339,biohydrogenation_9_1em4,"{'x4': 0.154, 'x5': 0.327, 'x6': 0.147, 'x7': 0.652}","{'k5': 0.126, 'k6': 0.668, 'k7': 0.52, 'k8': 0.877, 'k9': 0.501, 'k10': 0.414}",-1.0,1.0,1001,biohydrogenation,['x7'],0.0001,True,True,amigo2,"[['k5', '1.2515e-01'], ['k6', '6.6259e-01'], ['k7', '1.0813e+00'], ['k8', '2.3311e+00'], ['k9', '4.8008e-01'], ['k10', '1.0000e+02'], ['x4', '1.5400e-01'], ['x5', '3.2701e-01'], ['x6', '1.5060e-01'], ['x7', '9.7952e-07']]",1091.0960700511932
1700,340,crauste_0_1em4,"{'n': 0.338, 'e': 0.751, 's': 0.417, 'm': 0.805, 'p': 0.565}","{'muN': 0.642, 'muEE': 0.316, 'muLE': 0.688, 'muLL': 0.87, 'muM': 0.299, 'muP': 0.561, 'muPE': 0.574, 'muPL': 0.558, 'deltaNE': 0.278, 'deltaEL': 0.862, 'deltaLM': 0.458, 'rhoE': 0.777, 'rhoP': 0.66}",-1.0,1.0,1001,crauste,[],0.0001,False,False,pe,,
1701,340,crauste_0_1em4,"{'n': 0.338, 'e': 0.751, 's': 0.417, 'm': 0.805, 'p': 0.565}","{'muN': 0.642, 'muEE': 0.316, 'muLE': 0.688, 'muLL': 0.87, 'muM': 0.299, 'muP': 0.561, 'muPE': 0.574, 'muPL': 0.558, 'deltaNE': 0.278, 'deltaEL': 0.862, 'deltaLM': 0.458, 'rhoE': 0.777, 'rhoP': 0.66}",-1.0,1.0,1001,crauste,[],0.0001,False,False,odepe,,
1702,340,crauste_0_1em4,"{'n': 0.338, 'e': 0.751, 's': 0.417, 'm': 0.805, 'p': 0.565}","{'muN': 0.642, 'muEE': 0.316, 'muLE': 0.688, 'muLL': 0.87, 'muM': 0.299, 'muP': 0.561, 'muPE': 0.574, 'muPL': 0.558, 'deltaNE': 0.278, 'deltaEL': 0.862, 'deltaLM': 0.458, 'rhoE': 0.777, 'rhoP': 0.66}",-1.0,1.0,1001,crauste,[],0.0001,True,True,sciml,"[['muN', '40.551881127766066'], ['muEE', '20.18600665505038'], ['muLE', '10.473669536151576'], ['muLL', '82.44680679993898'], ['muM', '12.096006626108258'], ['muP', '77.78571513383264'], ['muPE', '6.476005201969426'], ['muPL', '6.951757839799145'], ['deltaNE', '57.438841279132724'], ['deltaEL', '2.11138519572448'], ['deltaLM', '29.02978400285613'], ['rhoE', '59.22514174663076'], ['rhoP', '33.888512675997376'], ['n', '20.308080610638157'], ['e', '41.29358287685779'], ['s', '48.46291217190908'], ['m', '90.92739516101408'], ['p', '49.99789542619077']]",275.73983359336853
1703,340,crauste_0_1em4,"{'n': 0.338, 'e': 0.751, 's': 0.417, 'm': 0.805, 'p': 0.565}","{'muN': 0.642, 'muEE': 0.316, 'muLE': 0.688, 'muLL': 0.87, 'muM': 0.299, 'muP': 0.561, 'muPE': 0.574, 'muPL': 0.558, 'deltaNE': 0.278, 'deltaEL': 0.862, 'deltaLM': 0.458, 'rhoE': 0.777, 'rhoP': 0.66}",-1.0,1.0,1001,crauste,[],0.0001,False,False,iqm,,
1704,340,crauste_0_1em4,"{'n': 0.338, 'e': 0.751, 's': 0.417, 'm': 0.805, 'p': 0.565}","{'muN': 0.642, 'muEE': 0.316, 'muLE': 0.688, 'muLL': 0.87, 'muM': 0.299, 'muP': 0.561, 'muPE': 0.574, 'muPL': 0.558, 'deltaNE': 0.278, 'deltaEL': 0.862, 'deltaLM': 0.458, 'rhoE': 0.777, 'rhoP': 0.66}",-1.0,1.0,1001,crauste,[],0.0001,True,True,amigo2,"[['muN', '6.4195e-01'], ['muEE', '3.1758e-01'], ['muLE', '6.5844e-01'], ['muLL', '8.2435e-01'], ['muM', '3.1944e-01'], ['muP', '5.4953e-01'], ['muPE', '5.7564e-01'], ['muPL', '5.7570e-01'], ['deltaNE', '2.7820e-01'], ['deltaEL', '8.6194e-01'], ['deltaLM', '4.7550e-01'], ['rhoE', '7.7905e-01'], ['rhoP', '6.7948e-01'], ['n', '3.3801e-01'], ['e', '7.5099e-01'], ['s', '4.4119e-01'], ['m', '7.8078e-01'], ['p', '5.6499e-01']]",343.05938935279846
1705,341,crauste_1_1em4,"{'n': 0.443, 'e': 0.208, 's': 0.339, 'm': 0.556, 'p': 0.573}","{'muN': 0.805, 'muEE': 0.654, 'muLE': 0.68, 'muLL': 0.501, 'muM': 0.865, 'muP': 0.615, 'muPE': 0.439, 'muPL': 0.585, 'deltaNE': 0.115, 'deltaEL': 0.341, 'deltaLM': 0.628, 'rhoE': 0.332, 'rhoP': 0.594}",-1.0,1.0,1001,crauste,[],0.0001,False,False,pe,,
1706,341,crauste_1_1em4,"{'n': 0.443, 'e': 0.208, 's': 0.339, 'm': 0.556, 'p': 0.573}","{'muN': 0.805, 'muEE': 0.654, 'muLE': 0.68, 'muLL': 0.501, 'muM': 0.865, 'muP': 0.615, 'muPE': 0.439, 'muPL': 0.585, 'deltaNE': 0.115, 'deltaEL': 0.341, 'deltaLM': 0.628, 'rhoE': 0.332, 'rhoP': 0.594}",-1.0,1.0,1001,crauste,[],0.0001,False,False,odepe,,
1707,341,crauste_1_1em4,"{'n': 0.443, 'e': 0.208, 's': 0.339, 'm': 0.556, 'p': 0.573}","{'muN': 0.805, 'muEE': 0.654, 'muLE': 0.68, 'muLL': 0.501, 'muM': 0.865, 'muP': 0.615, 'muPE': 0.439, 'muPL': 0.585, 'deltaNE': 0.115, 'deltaEL': 0.341, 'deltaLM': 0.628, 'rhoE': 0.332, 'rhoP': 0.594}",-1.0,1.0,1001,crauste,[],0.0001,True,True,sciml,"[['muN', '26.09212343567012'], ['muEE', '7.189398918639434'], ['muLE', '96.86422563887741'], ['muLL', '56.70510651610415'], ['muM', '57.33899460074957'], ['muP', '52.1548710289632'], ['muPE', '2.4818287919553095'], ['muPL', '72.59322327362426'], ['deltaNE', '29.42254458616813'], ['deltaEL', '67.1410109603201'], ['deltaLM', '3.7428388718986128'], ['rhoE', '71.26786563189651'], ['rhoP', '96.98166521431558'], ['n', '90.47264411759949'], ['e', '54.862710018319795'], ['s', '57.104839277897156'], ['m', '54.255979178949495'], ['p', '31.666914924936506']]",276.0938296318054
1708,341,crauste_1_1em4,"{'n': 0.443, 'e': 0.208, 's': 0.339, 'm': 0.556, 'p': 0.573}","{'muN': 0.805, 'muEE': 0.654, 'muLE': 0.68, 'muLL': 0.501, 'muM': 0.865, 'muP': 0.615, 'muPE': 0.439, 'muPL': 0.585, 'deltaNE': 0.115, 'deltaEL': 0.341, 'deltaLM': 0.628, 'rhoE': 0.332, 'rhoP': 0.594}",-1.0,1.0,1001,crauste,[],0.0001,False,False,iqm,,
1709,341,crauste_1_1em4,"{'n': 0.443, 'e': 0.208, 's': 0.339, 'm': 0.556, 'p': 0.573}","{'muN': 0.805, 'muEE': 0.654, 'muLE': 0.68, 'muLL': 0.501, 'muM': 0.865, 'muP': 0.615, 'muPE': 0.439, 'muPL': 0.585, 'deltaNE': 0.115, 'deltaEL': 0.341, 'deltaLM': 0.628, 'rhoE': 0.332, 'rhoP': 0.594}",-1.0,1.0,1001,crauste,[],0.0001,True,True,amigo2,"[['muN', '8.0496e-01'], ['muEE', '6.5587e-01'], ['muLE', '7.8239e-01'], ['muLL', '2.8668e-01'], ['muM', '7.7252e-01'], ['muP', '6.0696e-01'], ['muPE', '2.5230e-01'], ['muPL', '1.0803e+00'], ['deltaNE', '1.1511e-01'], ['deltaEL', '3.4081e-01'], ['deltaLM', '6.1534e-01'], ['rhoE', '3.3222e-01'], ['rhoP', '6.3964e-01'], ['n', '4.4300e-01'], ['e', '2.0800e-01'], ['s', '2.5108e-01'], ['m', '6.4392e-01'], ['p', '5.7300e-01']]",3480.212242126465
1710,342,crauste_2_1em4,"{'n': 0.899, 'e': 0.22, 's': 0.795, 'm': 0.23, 'p': 0.592}","{'muN': 0.559, 'muEE': 0.623, 'muLE': 0.622, 'muLL': 0.445, 'muM': 0.817, 'muP': 0.394, 'muPE': 0.449, 'muPL': 0.814, 'deltaNE': 0.745, 'deltaEL': 0.663, 'deltaLM': 0.18, 'rhoE': 0.836, 'rhoP': 0.671}",-1.0,1.0,1001,crauste,[],0.0001,False,False,pe,,
1711,342,crauste_2_1em4,"{'n': 0.899, 'e': 0.22, 's': 0.795, 'm': 0.23, 'p': 0.592}","{'muN': 0.559, 'muEE': 0.623, 'muLE': 0.622, 'muLL': 0.445, 'muM': 0.817, 'muP': 0.394, 'muPE': 0.449, 'muPL': 0.814, 'deltaNE': 0.745, 'deltaEL': 0.663, 'deltaLM': 0.18, 'rhoE': 0.836, 'rhoP': 0.671}",-1.0,1.0,1001,crauste,[],0.0001,False,False,odepe,,
1712,342,crauste_2_1em4,"{'n': 0.899, 'e': 0.22, 's': 0.795, 'm': 0.23, 'p': 0.592}","{'muN': 0.559, 'muEE': 0.623, 'muLE': 0.622, 'muLL': 0.445, 'muM': 0.817, 'muP': 0.394, 'muPE': 0.449, 'muPL': 0.814, 'deltaNE': 0.745, 'deltaEL': 0.663, 'deltaLM': 0.18, 'rhoE': 0.836, 'rhoP': 0.671}",-1.0,1.0,1001,crauste,[],0.0001,True,True,sciml,"[['muN', '60.50268327185682'], ['muEE', '72.44739739253633'], ['muLE', '51.98196733997113'], ['muLL', '19.242317872378763'], ['muM', '94.90902228153132'], ['muP', '33.03696228434321'], ['muPE', '68.75002044116759'], ['muPL', '93.88555957219768'], ['deltaNE', '46.888671720357884'], ['deltaEL', '71.61225388604333'], ['deltaLM', '71.94765317887715'], ['rhoE', '69.59888994660815'], ['rhoP', '79.7806940506158'], ['n', '36.09242990923846'], ['e', '71.13841083706022'], ['s', '42.75423821194872'], ['m', '18.534196134777037'], ['p', '86.92190403269319']]",294.6013693809509
1713,342,crauste_2_1em4,"{'n': 0.899, 'e': 0.22, 's': 0.795, 'm': 0.23, 'p': 0.592}","{'muN': 0.559, 'muEE': 0.623, 'muLE': 0.622, 'muLL': 0.445, 'muM': 0.817, 'muP': 0.394, 'muPE': 0.449, 'muPL': 0.814, 'deltaNE': 0.745, 'deltaEL': 0.663, 'deltaLM': 0.18, 'rhoE': 0.836, 'rhoP': 0.671}",-1.0,1.0,1001,crauste,[],0.0001,False,False,iqm,,
1714,342,crauste_2_1em4,"{'n': 0.899, 'e': 0.22, 's': 0.795, 'm': 0.23, 'p': 0.592}","{'muN': 0.559, 'muEE': 0.623, 'muLE': 0.622, 'muLL': 0.445, 'muM': 0.817, 'muP': 0.394, 'muPE': 0.449, 'muPL': 0.814, 'deltaNE': 0.745, 'deltaEL': 0.663, 'deltaLM': 0.18, 'rhoE': 0.836, 'rhoP': 0.671}",-1.0,1.0,1001,crauste,[],0.0001,True,True,amigo2,"[['muN', '5.5898e-01'], ['muEE', '6.2388e-01'], ['muLE', '6.2911e-01'], ['muLL', '4.5566e-01'], ['muM', '7.3761e-01'], ['muP', '4.0395e-01'], ['muPE', '4.5394e-01'], ['muPL', '8.1106e-01'], ['deltaNE', '7.4506e-01'], ['deltaEL', '6.6282e-01'], ['deltaLM', '1.7191e-01'], ['rhoE', '8.3605e-01'], ['rhoP', '6.5992e-01'], ['n', '8.9900e-01'], ['e', '2.2000e-01'], ['s', '7.7595e-01'], ['m', '2.4907e-01'], ['p', '5.9199e-01']]",363.0552158355713
1715,343,crauste_3_1em4,"{'n': 0.388, 'e': 0.684, 's': 0.237, 'm': 0.517, 'p': 0.143}","{'muN': 0.199, 'muEE': 0.778, 'muLE': 0.746, 'muLL': 0.555, 'muM': 0.426, 'muP': 0.155, 'muPE': 0.658, 'muPL': 0.463, 'deltaNE': 0.678, 'deltaEL': 0.793, 'deltaLM': 0.88, 'rhoE': 0.785, 'rhoP': 0.109}",-1.0,1.0,1001,crauste,[],0.0001,False,False,pe,,
1716,343,crauste_3_1em4,"{'n': 0.388, 'e': 0.684, 's': 0.237, 'm': 0.517, 'p': 0.143}","{'muN': 0.199, 'muEE': 0.778, 'muLE': 0.746, 'muLL': 0.555, 'muM': 0.426, 'muP': 0.155, 'muPE': 0.658, 'muPL': 0.463, 'deltaNE': 0.678, 'deltaEL': 0.793, 'deltaLM': 0.88, 'rhoE': 0.785, 'rhoP': 0.109}",-1.0,1.0,1001,crauste,[],0.0001,False,False,odepe,,
1717,343,crauste_3_1em4,"{'n': 0.388, 'e': 0.684, 's': 0.237, 'm': 0.517, 'p': 0.143}","{'muN': 0.199, 'muEE': 0.778, 'muLE': 0.746, 'muLL': 0.555, 'muM': 0.426, 'muP': 0.155, 'muPE': 0.658, 'muPL': 0.463, 'deltaNE': 0.678, 'deltaEL': 0.793, 'deltaLM': 0.88, 'rhoE': 0.785, 'rhoP': 0.109}",-1.0,1.0,1001,crauste,[],0.0001,True,True,sciml,"[['muN', '54.7760698231227'], ['muEE', '84.13118130590466'], ['muLE', '23.96160865964143'], ['muLL', '37.867635924501286'], ['muM', '34.4882543837416'], ['muP', '37.58727884788785'], ['muPE', '54.28762831347692'], ['muPL', '72.54462385154116'], ['deltaNE', '65.11661511109553'], ['deltaEL', '27.360644515205003'], ['deltaLM', '65.72277584340162'], ['rhoE', '72.28608480058098'], ['rhoP', '70.84630132602501'], ['n', '54.20847273211996'], ['e', '11.692474664287511'], ['s', '84.307870464114'], ['m', '90.6094992238825'], ['p', '82.5275271314893']]",269.61546993255615
1718,343,crauste_3_1em4,"{'n': 0.388, 'e': 0.684, 's': 0.237, 'm': 0.517, 'p': 0.143}","{'muN': 0.199, 'muEE': 0.778, 'muLE': 0.746, 'muLL': 0.555, 'muM': 0.426, 'muP': 0.155, 'muPE': 0.658, 'muPL': 0.463, 'deltaNE': 0.678, 'deltaEL': 0.793, 'deltaLM': 0.88, 'rhoE': 0.785, 'rhoP': 0.109}",-1.0,1.0,1001,crauste,[],0.0001,False,False,iqm,,
1719,343,crauste_3_1em4,"{'n': 0.388, 'e': 0.684, 's': 0.237, 'm': 0.517, 'p': 0.143}","{'muN': 0.199, 'muEE': 0.778, 'muLE': 0.746, 'muLL': 0.555, 'muM': 0.426, 'muP': 0.155, 'muPE': 0.658, 'muPL': 0.463, 'deltaNE': 0.678, 'deltaEL': 0.793, 'deltaLM': 0.88, 'rhoE': 0.785, 'rhoP': 0.109}",-1.0,1.0,1001,crauste,[],0.0001,True,True,amigo2,"[['muN', '1.9899e-01'], ['muEE', '7.8109e-01'], ['muLE', '3.1337e+00'], ['muLL', '0.0000e+00'], ['muM', '2.0631e-01'], ['muP', '1.8857e-01'], ['muPE', '7.4756e-01'], ['muPL', '0.0000e+00'], ['deltaNE', '6.7816e-01'], ['deltaEL', '7.9415e-01'], ['deltaLM', '3.8837e-01'], ['rhoE', '8.0747e-01'], ['rhoP', '0.0000e+00'], ['n', '3.8800e-01'], ['e', '6.8401e-01'], ['s', '2.6100e-02'], ['m', '7.2795e-01'], ['p', '1.4301e-01']]",319.0509202480316
1720,344,crauste_4_1em4,"{'n': 0.591, 'e': 0.529, 's': 0.572, 'm': 0.684, 'p': 0.35}","{'muN': 0.26, 'muEE': 0.115, 'muLE': 0.735, 'muLL': 0.279, 'muM': 0.376, 'muP': 0.842, 'muPE': 0.664, 'muPL': 0.125, 'deltaNE': 0.232, 'deltaEL': 0.597, 'deltaLM': 0.562, 'rhoE': 0.29, 'rhoP': 0.847}",-1.0,1.0,1001,crauste,[],0.0001,False,False,pe,,
1721,344,crauste_4_1em4,"{'n': 0.591, 'e': 0.529, 's': 0.572, 'm': 0.684, 'p': 0.35}","{'muN': 0.26, 'muEE': 0.115, 'muLE': 0.735, 'muLL': 0.279, 'muM': 0.376, 'muP': 0.842, 'muPE': 0.664, 'muPL': 0.125, 'deltaNE': 0.232, 'deltaEL': 0.597, 'deltaLM': 0.562, 'rhoE': 0.29, 'rhoP': 0.847}",-1.0,1.0,1001,crauste,[],0.0001,False,False,odepe,,
1722,344,crauste_4_1em4,"{'n': 0.591, 'e': 0.529, 's': 0.572, 'm': 0.684, 'p': 0.35}","{'muN': 0.26, 'muEE': 0.115, 'muLE': 0.735, 'muLL': 0.279, 'muM': 0.376, 'muP': 0.842, 'muPE': 0.664, 'muPL': 0.125, 'deltaNE': 0.232, 'deltaEL': 0.597, 'deltaLM': 0.562, 'rhoE': 0.29, 'rhoP': 0.847}",-1.0,1.0,1001,crauste,[],0.0001,True,True,sciml,"[['muN', '0.25998199289422264'], ['muEE', '0.11402422566049679'], ['muLE', '1.554426645968493'], ['muLL', '0.9796294828582938'], ['muM', '0.1631566736988257'], ['muP', '0.721346439378968'], ['muPE', '0.8846549285365185'], ['muPL', '1.8490034423104542'], ['deltaNE', '0.2321195524439786'], ['deltaEL', '0.5971484049271468'], ['deltaLM', '0.2513097329458188'], ['rhoE', '0.28869484805627116'], ['rhoP', '1.3120055363653305'], ['n', '0.5910021868042787'], ['e', '0.5290015952076149'], ['s', '0.1289926304346593'], ['m', '1.126993473639382'], ['p', '0.35000791467199577']]",805.8419435024261
1723,344,crauste_4_1em4,"{'n': 0.591, 'e': 0.529, 's': 0.572, 'm': 0.684, 'p': 0.35}","{'muN': 0.26, 'muEE': 0.115, 'muLE': 0.735, 'muLL': 0.279, 'muM': 0.376, 'muP': 0.842, 'muPE': 0.664, 'muPL': 0.125, 'deltaNE': 0.232, 'deltaEL': 0.597, 'deltaLM': 0.562, 'rhoE': 0.29, 'rhoP': 0.847}",-1.0,1.0,1001,crauste,[],0.0001,False,False,iqm,,
1724,344,crauste_4_1em4,"{'n': 0.591, 'e': 0.529, 's': 0.572, 'm': 0.684, 'p': 0.35}","{'muN': 0.26, 'muEE': 0.115, 'muLE': 0.735, 'muLL': 0.279, 'muM': 0.376, 'muP': 0.842, 'muPE': 0.664, 'muPL': 0.125, 'deltaNE': 0.232, 'deltaEL': 0.597, 'deltaLM': 0.562, 'rhoE': 0.29, 'rhoP': 0.847}",-1.0,1.0,1001,crauste,[],0.0001,True,True,amigo2,"[['muN', '2.5998e-01'], ['muEE', '1.1410e-01'], ['muLE', '1.5103e+00'], ['muLL', '2.0155e+00'], ['muM', '1.5677e-01'], ['muP', '8.7278e-01'], ['muPE', '6.8089e-01'], ['muPL', '0.0000e+00'], ['deltaNE', '2.3212e-01'], ['deltaEL', '5.9714e-01'], ['deltaLM', '1.2177e-01'], ['rhoE', '2.8878e-01'], ['rhoP', '7.5673e-01'], ['n', '5.9100e-01'], ['e', '5.2900e-01'], ['s', '1.1620e-01'], ['m', '1.1398e+00'], ['p', '3.5000e-01']]",3053.0228900909424
1725,345,crauste_5_1em4,"{'n': 0.244, 'e': 0.12, 's': 0.154, 'm': 0.644, 'p': 0.463}","{'muN': 0.419, 'muEE': 0.268, 'muLE': 0.249, 'muLL': 0.855, 'muM': 0.692, 'muP': 0.492, 'muPE': 0.282, 'muPL': 0.303, 'deltaNE': 0.146, 'deltaEL': 0.448, 'deltaLM': 0.349, 'rhoE': 0.657, 'rhoP': 0.402}",-1.0,1.0,1001,crauste,[],0.0001,False,False,pe,,
1726,345,crauste_5_1em4,"{'n': 0.244, 'e': 0.12, 's': 0.154, 'm': 0.644, 'p': 0.463}","{'muN': 0.419, 'muEE': 0.268, 'muLE': 0.249, 'muLL': 0.855, 'muM': 0.692, 'muP': 0.492, 'muPE': 0.282, 'muPL': 0.303, 'deltaNE': 0.146, 'deltaEL': 0.448, 'deltaLM': 0.349, 'rhoE': 0.657, 'rhoP': 0.402}",-1.0,1.0,1001,crauste,[],0.0001,False,False,odepe,,
1727,345,crauste_5_1em4,"{'n': 0.244, 'e': 0.12, 's': 0.154, 'm': 0.644, 'p': 0.463}","{'muN': 0.419, 'muEE': 0.268, 'muLE': 0.249, 'muLL': 0.855, 'muM': 0.692, 'muP': 0.492, 'muPE': 0.282, 'muPL': 0.303, 'deltaNE': 0.146, 'deltaEL': 0.448, 'deltaLM': 0.349, 'rhoE': 0.657, 'rhoP': 0.402}",-1.0,1.0,1001,crauste,[],0.0001,True,True,sciml,"[['muN', '30.866066142825368'], ['muEE', '75.58249262195895'], ['muLE', '30.113481768705096'], ['muLL', '86.76423835192567'], ['muM', '56.997654981551506'], ['muP', '8.992369388639931'], ['muPE', '21.885452699593056'], ['muPL', '93.72510188287106'], ['deltaNE', '86.5255664772806'], ['deltaEL', '41.54580745065155'], ['deltaLM', '96.84238973715928'], ['rhoE', '11.733186944319051'], ['rhoP', '72.26952430864041'], ['n', '23.18588241645021'], ['e', '65.30979333035285'], ['s', '0.2542464388033183'], ['m', '96.25655757800362'], ['p', '91.6002208907337']]",109.51471161842346
1728,345,crauste_5_1em4,"{'n': 0.244, 'e': 0.12, 's': 0.154, 'm': 0.644, 'p': 0.463}","{'muN': 0.419, 'muEE': 0.268, 'muLE': 0.249, 'muLL': 0.855, 'muM': 0.692, 'muP': 0.492, 'muPE': 0.282, 'muPL': 0.303, 'deltaNE': 0.146, 'deltaEL': 0.448, 'deltaLM': 0.349, 'rhoE': 0.657, 'rhoP': 0.402}",-1.0,1.0,1001,crauste,[],0.0001,False,False,iqm,,
1729,345,crauste_5_1em4,"{'n': 0.244, 'e': 0.12, 's': 0.154, 'm': 0.644, 'p': 0.463}","{'muN': 0.419, 'muEE': 0.268, 'muLE': 0.249, 'muLL': 0.855, 'muM': 0.692, 'muP': 0.492, 'muPE': 0.282, 'muPL': 0.303, 'deltaNE': 0.146, 'deltaEL': 0.448, 'deltaLM': 0.349, 'rhoE': 0.657, 'rhoP': 0.402}",-1.0,1.0,1001,crauste,[],0.0001,True,True,amigo2,"[['muN', '4.1890e-01'], ['muEE', '2.6556e-01'], ['muLE', '2.7604e+00'], ['muLL', '4.3833e-01'], ['muM', '9.4998e-01'], ['muP', '5.2047e-01'], ['muPE', '3.9176e-01'], ['muPL', '5.6857e-02'], ['deltaNE', '1.4632e-01'], ['deltaEL', '4.4808e-01'], ['deltaLM', '3.5136e-01'], ['rhoE', '6.5597e-01'], ['rhoP', '4.4038e-01'], ['n', '2.4400e-01'], ['e', '1.2000e-01'], ['s', '4.0011e-01'], ['m', '3.9787e-01'], ['p', '4.6300e-01']]",2588.2339386940002
1730,346,crauste_6_1em4,"{'n': 0.798, 'e': 0.319, 's': 0.738, 'm': 0.249, 'p': 0.862}","{'muN': 0.529, 'muEE': 0.817, 'muLE': 0.892, 'muLL': 0.274, 'muM': 0.63, 'muP': 0.311, 'muPE': 0.117, 'muPL': 0.707, 'deltaNE': 0.356, 'deltaEL': 0.407, 'deltaLM': 0.571, 'rhoE': 0.765, 'rhoP': 0.603}",-1.0,1.0,1001,crauste,[],0.0001,False,False,pe,,
1731,346,crauste_6_1em4,"{'n': 0.798, 'e': 0.319, 's': 0.738, 'm': 0.249, 'p': 0.862}","{'muN': 0.529, 'muEE': 0.817, 'muLE': 0.892, 'muLL': 0.274, 'muM': 0.63, 'muP': 0.311, 'muPE': 0.117, 'muPL': 0.707, 'deltaNE': 0.356, 'deltaEL': 0.407, 'deltaLM': 0.571, 'rhoE': 0.765, 'rhoP': 0.603}",-1.0,1.0,1001,crauste,[],0.0001,False,False,odepe,,
1732,346,crauste_6_1em4,"{'n': 0.798, 'e': 0.319, 's': 0.738, 'm': 0.249, 'p': 0.862}","{'muN': 0.529, 'muEE': 0.817, 'muLE': 0.892, 'muLL': 0.274, 'muM': 0.63, 'muP': 0.311, 'muPE': 0.117, 'muPL': 0.707, 'deltaNE': 0.356, 'deltaEL': 0.407, 'deltaLM': 0.571, 'rhoE': 0.765, 'rhoP': 0.603}",-1.0,1.0,1001,crauste,[],0.0001,True,False,sciml,,282.94246888160706
1733,346,crauste_6_1em4,"{'n': 0.798, 'e': 0.319, 's': 0.738, 'm': 0.249, 'p': 0.862}","{'muN': 0.529, 'muEE': 0.817, 'muLE': 0.892, 'muLL': 0.274, 'muM': 0.63, 'muP': 0.311, 'muPE': 0.117, 'muPL': 0.707, 'deltaNE': 0.356, 'deltaEL': 0.407, 'deltaLM': 0.571, 'rhoE': 0.765, 'rhoP': 0.603}",-1.0,1.0,1001,crauste,[],0.0001,False,False,iqm,,
1734,346,crauste_6_1em4,"{'n': 0.798, 'e': 0.319, 's': 0.738, 'm': 0.249, 'p': 0.862}","{'muN': 0.529, 'muEE': 0.817, 'muLE': 0.892, 'muLL': 0.274, 'muM': 0.63, 'muP': 0.311, 'muPE': 0.117, 'muPL': 0.707, 'deltaNE': 0.356, 'deltaEL': 0.407, 'deltaLM': 0.571, 'rhoE': 0.765, 'rhoP': 0.603}",-1.0,1.0,1001,crauste,[],0.0001,True,True,amigo2,"[['muN', '5.2896e-01'], ['muEE', '8.1499e-01'], ['muLE', '8.8304e-01'], ['muLL', '2.8913e-01'], ['muM', '6.4619e-01'], ['muP', '3.2580e-01'], ['muPE', '1.4529e-01'], ['muPL', '7.2177e-01'], ['deltaNE', '3.5605e-01'], ['deltaEL', '4.0775e-01'], ['deltaLM', '5.6550e-01'], ['rhoE', '7.6489e-01'], ['rhoP', '6.6748e-01'], ['n', '7.9800e-01'], ['e', '3.1901e-01'], ['s', '7.6681e-01'], ['m', '2.2017e-01'], ['p', '8.6199e-01']]",431.88921451568604
1735,347,crauste_7_1em4,"{'n': 0.569, 'e': 0.791, 's': 0.194, 'm': 0.514, 'p': 0.206}","{'muN': 0.65, 'muEE': 0.272, 'muLE': 0.858, 'muLL': 0.685, 'muM': 0.303, 'muP': 0.271, 'muPE': 0.515, 'muPL': 0.121, 'deltaNE': 0.266, 'deltaEL': 0.44, 'deltaLM': 0.399, 'rhoE': 0.471, 'rhoP': 0.322}",-1.0,1.0,1001,crauste,[],0.0001,False,False,pe,,
1736,347,crauste_7_1em4,"{'n': 0.569, 'e': 0.791, 's': 0.194, 'm': 0.514, 'p': 0.206}","{'muN': 0.65, 'muEE': 0.272, 'muLE': 0.858, 'muLL': 0.685, 'muM': 0.303, 'muP': 0.271, 'muPE': 0.515, 'muPL': 0.121, 'deltaNE': 0.266, 'deltaEL': 0.44, 'deltaLM': 0.399, 'rhoE': 0.471, 'rhoP': 0.322}",-1.0,1.0,1001,crauste,[],0.0001,False,False,odepe,,
1737,347,crauste_7_1em4,"{'n': 0.569, 'e': 0.791, 's': 0.194, 'm': 0.514, 'p': 0.206}","{'muN': 0.65, 'muEE': 0.272, 'muLE': 0.858, 'muLL': 0.685, 'muM': 0.303, 'muP': 0.271, 'muPE': 0.515, 'muPL': 0.121, 'deltaNE': 0.266, 'deltaEL': 0.44, 'deltaLM': 0.399, 'rhoE': 0.471, 'rhoP': 0.322}",-1.0,1.0,1001,crauste,[],0.0001,False,False,sciml,,
1738,347,crauste_7_1em4,"{'n': 0.569, 'e': 0.791, 's': 0.194, 'm': 0.514, 'p': 0.206}","{'muN': 0.65, 'muEE': 0.272, 'muLE': 0.858, 'muLL': 0.685, 'muM': 0.303, 'muP': 0.271, 'muPE': 0.515, 'muPL': 0.121, 'deltaNE': 0.266, 'deltaEL': 0.44, 'deltaLM': 0.399, 'rhoE': 0.471, 'rhoP': 0.322}",-1.0,1.0,1001,crauste,[],0.0001,False,False,iqm,,
1739,347,crauste_7_1em4,"{'n': 0.569, 'e': 0.791, 's': 0.194, 'm': 0.514, 'p': 0.206}","{'muN': 0.65, 'muEE': 0.272, 'muLE': 0.858, 'muLL': 0.685, 'muM': 0.303, 'muP': 0.271, 'muPE': 0.515, 'muPL': 0.121, 'deltaNE': 0.266, 'deltaEL': 0.44, 'deltaLM': 0.399, 'rhoE': 0.471, 'rhoP': 0.322}",-1.0,1.0,1001,crauste,[],0.0001,True,True,amigo2,"[['muN', '6.4997e-01'], ['muEE', '2.6944e-01'], ['muLE', '8.2461e-01'], ['muLL', '0.0000e+00'], ['muM', '4.4694e-01'], ['muP', '2.7221e-01'], ['muPE', '4.7757e-01'], ['muPL', '0.0000e+00'], ['deltaNE', '2.6624e-01'], ['deltaEL', '4.4001e-01'], ['deltaLM', '5.0299e-01'], ['rhoE', '4.6076e-01'], ['rhoP', '7.0709e-02'], ['n', '5.6900e-01'], ['e', '7.9100e-01'], ['s', '3.7778e-01'], ['m', '3.3021e-01'], ['p', '2.0600e-01']]",305.9277834892273
1740,348,crauste_8_1em4,"{'n': 0.568, 'e': 0.87, 's': 0.334, 'm': 0.293, 'p': 0.18}","{'muN': 0.673, 'muEE': 0.417, 'muLE': 0.552, 'muLL': 0.247, 'muM': 0.216, 'muP': 0.49, 'muPE': 0.384, 'muPL': 0.852, 'deltaNE': 0.712, 'deltaEL': 0.699, 'deltaLM': 0.823, 'rhoE': 0.167, 'rhoP': 0.542}",-1.0,1.0,1001,crauste,[],0.0001,False,False,pe,,
1741,348,crauste_8_1em4,"{'n': 0.568, 'e': 0.87, 's': 0.334, 'm': 0.293, 'p': 0.18}","{'muN': 0.673, 'muEE': 0.417, 'muLE': 0.552, 'muLL': 0.247, 'muM': 0.216, 'muP': 0.49, 'muPE': 0.384, 'muPL': 0.852, 'deltaNE': 0.712, 'deltaEL': 0.699, 'deltaLM': 0.823, 'rhoE': 0.167, 'rhoP': 0.542}",-1.0,1.0,1001,crauste,[],0.0001,False,False,odepe,,
1742,348,crauste_8_1em4,"{'n': 0.568, 'e': 0.87, 's': 0.334, 'm': 0.293, 'p': 0.18}","{'muN': 0.673, 'muEE': 0.417, 'muLE': 0.552, 'muLL': 0.247, 'muM': 0.216, 'muP': 0.49, 'muPE': 0.384, 'muPL': 0.852, 'deltaNE': 0.712, 'deltaEL': 0.699, 'deltaLM': 0.823, 'rhoE': 0.167, 'rhoP': 0.542}",-1.0,1.0,1001,crauste,[],0.0001,True,False,sciml,,367.0480697154999
1743,348,crauste_8_1em4,"{'n': 0.568, 'e': 0.87, 's': 0.334, 'm': 0.293, 'p': 0.18}","{'muN': 0.673, 'muEE': 0.417, 'muLE': 0.552, 'muLL': 0.247, 'muM': 0.216, 'muP': 0.49, 'muPE': 0.384, 'muPL': 0.852, 'deltaNE': 0.712, 'deltaEL': 0.699, 'deltaLM': 0.823, 'rhoE': 0.167, 'rhoP': 0.542}",-1.0,1.0,1001,crauste,[],0.0001,False,False,iqm,,
1744,348,crauste_8_1em4,"{'n': 0.568, 'e': 0.87, 's': 0.334, 'm': 0.293, 'p': 0.18}","{'muN': 0.673, 'muEE': 0.417, 'muLE': 0.552, 'muLL': 0.247, 'muM': 0.216, 'muP': 0.49, 'muPE': 0.384, 'muPL': 0.852, 'deltaNE': 0.712, 'deltaEL': 0.699, 'deltaLM': 0.823, 'rhoE': 0.167, 'rhoP': 0.542}",-1.0,1.0,1001,crauste,[],0.0001,True,True,amigo2,"[['muN', '6.7300e-01'], ['muEE', '4.1291e-01'], ['muLE', '1.1437e-01'], ['muLL', '1.6087e+00'], ['muM', '1.5019e-01'], ['muP', '5.2818e-01'], ['muPE', '3.0688e-01'], ['muPL', '6.8446e-01'], ['deltaNE', '7.1193e-01'], ['deltaEL', '6.9895e-01'], ['deltaLM', '8.3748e-01'], ['rhoE', '1.4663e-01'], ['rhoP', '0.0000e+00'], ['n', '5.6800e-01'], ['e', '8.7001e-01'], ['s', '3.1544e-01'], ['m', '3.1155e-01'], ['p', '1.8000e-01']]",318.151264667511
1745,349,crauste_9_1em4,"{'n': 0.859, 'e': 0.853, 's': 0.739, 'm': 0.604, 'p': 0.799}","{'muN': 0.113, 'muEE': 0.844, 'muLE': 0.636, 'muLL': 0.728, 'muM': 0.325, 'muP': 0.569, 'muPE': 0.151, 'muPL': 0.489, 'deltaNE': 0.882, 'deltaEL': 0.801, 'deltaLM': 0.371, 'rhoE': 0.869, 'rhoP': 0.285}",-1.0,1.0,1001,crauste,[],0.0001,False,False,pe,,
1746,349,crauste_9_1em4,"{'n': 0.859, 'e': 0.853, 's': 0.739, 'm': 0.604, 'p': 0.799}","{'muN': 0.113, 'muEE': 0.844, 'muLE': 0.636, 'muLL': 0.728, 'muM': 0.325, 'muP': 0.569, 'muPE': 0.151, 'muPL': 0.489, 'deltaNE': 0.882, 'deltaEL': 0.801, 'deltaLM': 0.371, 'rhoE': 0.869, 'rhoP': 0.285}",-1.0,1.0,1001,crauste,[],0.0001,False,False,odepe,,
1747,349,crauste_9_1em4,"{'n': 0.859, 'e': 0.853, 's': 0.739, 'm': 0.604, 'p': 0.799}","{'muN': 0.113, 'muEE': 0.844, 'muLE': 0.636, 'muLL': 0.728, 'muM': 0.325, 'muP': 0.569, 'muPE': 0.151, 'muPL': 0.489, 'deltaNE': 0.882, 'deltaEL': 0.801, 'deltaLM': 0.371, 'rhoE': 0.869, 'rhoP': 0.285}",-1.0,1.0,1001,crauste,[],0.0001,False,False,sciml,,
1748,349,crauste_9_1em4,"{'n': 0.859, 'e': 0.853, 's': 0.739, 'm': 0.604, 'p': 0.799}","{'muN': 0.113, 'muEE': 0.844, 'muLE': 0.636, 'muLL': 0.728, 'muM': 0.325, 'muP': 0.569, 'muPE': 0.151, 'muPL': 0.489, 'deltaNE': 0.882, 'deltaEL': 0.801, 'deltaLM': 0.371, 'rhoE': 0.869, 'rhoP': 0.285}",-1.0,1.0,1001,crauste,[],0.0001,False,False,iqm,,
1749,349,crauste_9_1em4,"{'n': 0.859, 'e': 0.853, 's': 0.739, 'm': 0.604, 'p': 0.799}","{'muN': 0.113, 'muEE': 0.844, 'muLE': 0.636, 'muLL': 0.728, 'muM': 0.325, 'muP': 0.569, 'muPE': 0.151, 'muPL': 0.489, 'deltaNE': 0.882, 'deltaEL': 0.801, 'deltaLM': 0.371, 'rhoE': 0.869, 'rhoP': 0.285}",-1.0,1.0,1001,crauste,[],0.0001,True,True,amigo2,"[['muN', '1.1298e-01'], ['muEE', '8.4435e-01'], ['muLE', '5.8973e-01'], ['muLL', '6.8399e-01'], ['muM', '3.7295e-01'], ['muP', '5.4942e-01'], ['muPE', '1.5850e-01'], ['muPL', '5.0166e-01'], ['deltaNE', '8.8208e-01'], ['deltaEL', '8.0093e-01'], ['deltaLM', '3.8665e-01'], ['rhoE', '8.6928e-01'], ['rhoP', '3.2004e-01'], ['n', '8.5901e-01'], ['e', '8.5299e-01'], ['s', '8.0212e-01'], ['m', '5.4087e-01'], ['p', '7.9898e-01']]",332.8894798755646
1750,350,daisy_mamil3_0_1em4,"{'x1': 0.219, 'x2': 0.885, 'x3': 0.483}","{'a12': 0.334, 'a13': 0.779, 'a21': 0.594, 'a31': 0.111, 'a01': 0.378}",-1.0,1.0,1001,daisy_mamil3,[],0.0001,False,False,pe,,
1751,350,daisy_mamil3_0_1em4,"{'x1': 0.219, 'x2': 0.885, 'x3': 0.483}","{'a12': 0.334, 'a13': 0.779, 'a21': 0.594, 'a31': 0.111, 'a01': 0.378}",-1.0,1.0,1001,daisy_mamil3,[],0.0001,False,False,odepe,,
1752,350,daisy_mamil3_0_1em4,"{'x1': 0.219, 'x2': 0.885, 'x3': 0.483}","{'a12': 0.334, 'a13': 0.779, 'a21': 0.594, 'a31': 0.111, 'a01': 0.378}",-1.0,1.0,1001,daisy_mamil3,[],0.0001,True,True,sciml,"[['a12', '0.3341241069800769'], ['a13', '0.775795868556807'], ['a21', '0.594280533251111'], ['a31', '0.11219614377499934'], ['a01', '0.37918729562097436'], ['x1', '0.2189957948666397'], ['x2', '0.8850077225914986'], ['x3', '0.4856632477184351']]",325.1739227771759
1753,350,daisy_mamil3_0_1em4,"{'x1': 0.219, 'x2': 0.885, 'x3': 0.483}","{'a12': 0.334, 'a13': 0.779, 'a21': 0.594, 'a31': 0.111, 'a01': 0.378}",-1.0,1.0,1001,daisy_mamil3,[],0.0001,False,False,iqm,,
1754,350,daisy_mamil3_0_1em4,"{'x1': 0.219, 'x2': 0.885, 'x3': 0.483}","{'a12': 0.334, 'a13': 0.779, 'a21': 0.594, 'a31': 0.111, 'a01': 0.378}",-1.0,1.0,1001,daisy_mamil3,[],0.0001,True,True,amigo2,"[['a12', '3.3412e-01'], ['a13', '7.7580e-01'], ['a21', '5.9428e-01'], ['a31', '1.1220e-01'], ['a01', '3.7919e-01'], ['x1', '2.1900e-01'], ['x2', '8.8501e-01'], ['x3', '4.8566e-01']]",280.9150366783142
1755,351,daisy_mamil3_1_1em4,"{'x1': 0.252, 'x2': 0.509, 'x3': 0.279}","{'a12': 0.498, 'a13': 0.612, 'a21': 0.395, 'a31': 0.21, 'a01': 0.758}",-1.0,1.0,1001,daisy_mamil3,[],0.0001,False,False,pe,,
1756,351,daisy_mamil3_1_1em4,"{'x1': 0.252, 'x2': 0.509, 'x3': 0.279}","{'a12': 0.498, 'a13': 0.612, 'a21': 0.395, 'a31': 0.21, 'a01': 0.758}",-1.0,1.0,1001,daisy_mamil3,[],0.0001,False,False,odepe,,
1757,351,daisy_mamil3_1_1em4,"{'x1': 0.252, 'x2': 0.509, 'x3': 0.279}","{'a12': 0.498, 'a13': 0.612, 'a21': 0.395, 'a31': 0.21, 'a01': 0.758}",-1.0,1.0,1001,daisy_mamil3,[],0.0001,True,True,sciml,"[['a12', '0.498166458645422'], ['a13', '0.5613085680534575'], ['a21', '0.39525556200987394'], ['a31', '0.20720227226927374'], ['a01', '0.7871118952534867'], ['x1', '0.2519930805596639'], ['x2', '0.5090070367400114'], ['x3', '0.31608027261661337']]",321.5911338329315
1758,351,daisy_mamil3_1_1em4,"{'x1': 0.252, 'x2': 0.509, 'x3': 0.279}","{'a12': 0.498, 'a13': 0.612, 'a21': 0.395, 'a31': 0.21, 'a01': 0.758}",-1.0,1.0,1001,daisy_mamil3,[],0.0001,False,False,iqm,,
1759,351,daisy_mamil3_1_1em4,"{'x1': 0.252, 'x2': 0.509, 'x3': 0.279}","{'a12': 0.498, 'a13': 0.612, 'a21': 0.395, 'a31': 0.21, 'a01': 0.758}",-1.0,1.0,1001,daisy_mamil3,[],0.0001,True,True,amigo2,"[['a12', '7.4543e-01'], ['a13', '0.0000e+00'], ['a21', '7.8274e-01'], ['a31', '4.9165e-01'], ['a01', '2.2419e-07'], ['x1', '2.5766e-01'], ['x2', '5.1528e-01'], ['x3', '5.0427e-07']]",1655.9579782485962
1760,352,daisy_mamil3_2_1em4,"{'x1': 0.719, 'x2': 0.367, 'x3': 0.165}","{'a12': 0.178, 'a13': 0.79, 'a21': 0.878, 'a31': 0.869, 'a01': 0.825}",-1.0,1.0,1001,daisy_mamil3,[],0.0001,False,False,pe,,
1761,352,daisy_mamil3_2_1em4,"{'x1': 0.719, 'x2': 0.367, 'x3': 0.165}","{'a12': 0.178, 'a13': 0.79, 'a21': 0.878, 'a31': 0.869, 'a01': 0.825}",-1.0,1.0,1001,daisy_mamil3,[],0.0001,False,False,odepe,,
1762,352,daisy_mamil3_2_1em4,"{'x1': 0.719, 'x2': 0.367, 'x3': 0.165}","{'a12': 0.178, 'a13': 0.79, 'a21': 0.878, 'a31': 0.869, 'a01': 0.825}",-1.0,1.0,1001,daisy_mamil3,[],0.0001,True,True,sciml,"[['a12', '0.17801020145200636'], ['a13', '0.7930705003734226'], ['a21', '0.8780332187840156'], ['a31', '0.8701516846854035'], ['a01', '0.8220591397656212'], ['x1', '0.7190081559803004'], ['x2', '0.3669960415401211'], ['x3', '0.1626850299138616']]",149.74836468696594
1763,352,daisy_mamil3_2_1em4,"{'x1': 0.719, 'x2': 0.367, 'x3': 0.165}","{'a12': 0.178, 'a13': 0.79, 'a21': 0.878, 'a31': 0.869, 'a01': 0.825}",-1.0,1.0,1001,daisy_mamil3,[],0.0001,False,False,iqm,,
1764,352,daisy_mamil3_2_1em4,"{'x1': 0.719, 'x2': 0.367, 'x3': 0.165}","{'a12': 0.178, 'a13': 0.79, 'a21': 0.878, 'a31': 0.869, 'a01': 0.825}",-1.0,1.0,1001,daisy_mamil3,[],0.0001,True,True,amigo2,"[['a12', '1.7801e-01'], ['a13', '7.9307e-01'], ['a21', '8.7803e-01'], ['a31', '8.7015e-01'], ['a01', '8.2206e-01'], ['x1', '7.1901e-01'], ['x2', '3.6700e-01'], ['x3', '1.6268e-01']]",291.73733043670654
1765,353,daisy_mamil3_3_1em4,"{'x1': 0.109, 'x2': 0.716, 'x3': 0.218}","{'a12': 0.426, 'a13': 0.286, 'a21': 0.206, 'a31': 0.143, 'a01': 0.68}",-1.0,1.0,1001,daisy_mamil3,[],0.0001,False,False,pe,,
1766,353,daisy_mamil3_3_1em4,"{'x1': 0.109, 'x2': 0.716, 'x3': 0.218}","{'a12': 0.426, 'a13': 0.286, 'a21': 0.206, 'a31': 0.143, 'a01': 0.68}",-1.0,1.0,1001,daisy_mamil3,[],0.0001,False,False,odepe,,
1767,353,daisy_mamil3_3_1em4,"{'x1': 0.109, 'x2': 0.716, 'x3': 0.218}","{'a12': 0.426, 'a13': 0.286, 'a21': 0.206, 'a31': 0.143, 'a01': 0.68}",-1.0,1.0,1001,daisy_mamil3,[],0.0001,True,True,sciml,"[['a12', '0.4260538496869723'], ['a13', '0.30040131693368566'], ['a21', '0.20612723005365327'], ['a31', '0.14487769770009468'], ['a01', '0.6761453809273095'], ['x1', '0.10899947120419311'], ['x2', '0.7160034364651218'], ['x3', '0.20679462260186685']]",177.97494769096375
1768,353,daisy_mamil3_3_1em4,"{'x1': 0.109, 'x2': 0.716, 'x3': 0.218}","{'a12': 0.426, 'a13': 0.286, 'a21': 0.206, 'a31': 0.143, 'a01': 0.68}",-1.0,1.0,1001,daisy_mamil3,[],0.0001,False,False,iqm,,
1769,353,daisy_mamil3_3_1em4,"{'x1': 0.109, 'x2': 0.716, 'x3': 0.218}","{'a12': 0.426, 'a13': 0.286, 'a21': 0.206, 'a31': 0.143, 'a01': 0.68}",-1.0,1.0,1001,daisy_mamil3,[],0.0001,True,True,amigo2,"[['a12', '4.2605e-01'], ['a13', '2.9973e-01'], ['a21', '2.0613e-01'], ['a31', '1.4480e-01'], ['a01', '6.7631e-01'], ['x1', '1.0900e-01'], ['x2', '7.1600e-01'], ['x3', '2.0729e-01']]",1407.7894418239594
1770,354,daisy_mamil3_4_1em4,"{'x1': 0.546, 'x2': 0.788, 'x3': 0.682}","{'a12': 0.164, 'a13': 0.172, 'a21': 0.638, 'a31': 0.296, 'a01': 0.436}",-1.0,1.0,1001,daisy_mamil3,[],0.0001,False,False,pe,,
1771,354,daisy_mamil3_4_1em4,"{'x1': 0.546, 'x2': 0.788, 'x3': 0.682}","{'a12': 0.164, 'a13': 0.172, 'a21': 0.638, 'a31': 0.296, 'a01': 0.436}",-1.0,1.0,1001,daisy_mamil3,[],0.0001,False,False,odepe,,
1772,354,daisy_mamil3_4_1em4,"{'x1': 0.546, 'x2': 0.788, 'x3': 0.682}","{'a12': 0.164, 'a13': 0.172, 'a21': 0.638, 'a31': 0.296, 'a01': 0.436}",-1.0,1.0,1001,daisy_mamil3,[],0.0001,True,True,sciml,"[['a12', '0.16401373533903107'], ['a13', '0.15816865961898585'], ['a21', '0.6380287934896804'], ['a31', '0.275545940824812'], ['a01', '0.4621229257112742'], ['x1', '0.5460084988193917'], ['x2', '0.7879955271393175'], ['x3', '0.7612414866769739']]",155.20552611351013
1773,354,daisy_mamil3_4_1em4,"{'x1': 0.546, 'x2': 0.788, 'x3': 0.682}","{'a12': 0.164, 'a13': 0.172, 'a21': 0.638, 'a31': 0.296, 'a01': 0.436}",-1.0,1.0,1001,daisy_mamil3,[],0.0001,False,False,iqm,,
1774,354,daisy_mamil3_4_1em4,"{'x1': 0.546, 'x2': 0.788, 'x3': 0.682}","{'a12': 0.164, 'a13': 0.172, 'a21': 0.638, 'a31': 0.296, 'a01': 0.436}",-1.0,1.0,1001,daisy_mamil3,[],0.0001,True,True,amigo2,"[['a12', '1.6401e-01'], ['a13', '1.4702e-01'], ['a21', '6.3803e-01'], ['a31', '2.5597e-01'], ['a01', '4.8614e-01'], ['x1', '5.4601e-01'], ['x2', '7.8800e-01'], ['x3', '8.3551e-01']]",284.7662878036499
1775,355,daisy_mamil3_5_1em4,"{'x1': 0.465, 'x2': 0.647, 'x3': 0.657}","{'a12': 0.316, 'a13': 0.205, 'a21': 0.144, 'a31': 0.341, 'a01': 0.31}",-1.0,1.0,1001,daisy_mamil3,[],0.0001,False,False,pe,,
1776,355,daisy_mamil3_5_1em4,"{'x1': 0.465, 'x2': 0.647, 'x3': 0.657}","{'a12': 0.316, 'a13': 0.205, 'a21': 0.144, 'a31': 0.341, 'a01': 0.31}",-1.0,1.0,1001,daisy_mamil3,[],0.0001,False,False,odepe,,
1777,355,daisy_mamil3_5_1em4,"{'x1': 0.465, 'x2': 0.647, 'x3': 0.657}","{'a12': 0.316, 'a13': 0.205, 'a21': 0.144, 'a31': 0.341, 'a01': 0.31}",-1.0,1.0,1001,daisy_mamil3,[],0.0001,True,True,sciml,"[['a12', '0.316264463515957'], ['a13', '0.19237461398428202'], ['a21', '0.14432626450153377'], ['a31', '0.3275968032368148'], ['a01', '0.2968640644849923'], ['x1', '0.4649847164921'], ['x2', '0.6470085721650247'], ['x3', '0.6359671982484426']]",224.02811479568481
1778,355,daisy_mamil3_5_1em4,"{'x1': 0.465, 'x2': 0.647, 'x3': 0.657}","{'a12': 0.316, 'a13': 0.205, 'a21': 0.144, 'a31': 0.341, 'a01': 0.31}",-1.0,1.0,1001,daisy_mamil3,[],0.0001,False,False,iqm,,
1779,355,daisy_mamil3_5_1em4,"{'x1': 0.465, 'x2': 0.647, 'x3': 0.657}","{'a12': 0.316, 'a13': 0.205, 'a21': 0.144, 'a31': 0.341, 'a01': 0.31}",-1.0,1.0,1001,daisy_mamil3,[],0.0001,True,True,amigo2,"[['a12', '3.1626e-01'], ['a13', '1.9231e-01'], ['a21', '1.4433e-01'], ['a31', '3.2751e-01'], ['a01', '2.9677e-01'], ['x1', '4.6498e-01'], ['x2', '6.4701e-01'], ['x3', '6.3577e-01']]",287.78307914733887
1780,356,daisy_mamil3_6_1em4,"{'x1': 0.658, 'x2': 0.723, 'x3': 0.722}","{'a12': 0.327, 'a13': 0.404, 'a21': 0.245, 'a31': 0.731, 'a01': 0.145}",-1.0,1.0,1001,daisy_mamil3,[],0.0001,False,False,pe,,
1781,356,daisy_mamil3_6_1em4,"{'x1': 0.658, 'x2': 0.723, 'x3': 0.722}","{'a12': 0.327, 'a13': 0.404, 'a21': 0.245, 'a31': 0.731, 'a01': 0.145}",-1.0,1.0,1001,daisy_mamil3,[],0.0001,False,False,odepe,,
1782,356,daisy_mamil3_6_1em4,"{'x1': 0.658, 'x2': 0.723, 'x3': 0.722}","{'a12': 0.327, 'a13': 0.404, 'a21': 0.245, 'a31': 0.731, 'a01': 0.145}",-1.0,1.0,1001,daisy_mamil3,[],0.0001,True,True,sciml,"[['a12', '0.32751401758941023'], ['a13', '0.417650686110157'], ['a21', '0.24559565594299276'], ['a31', '0.7158076938256854'], ['a01', '0.1440609223404175'], ['x1', '0.6579859574014958'], ['x2', '0.7230008054935461'], ['x3', '0.6732798696875322']]",474.21716380119324
1783,356,daisy_mamil3_6_1em4,"{'x1': 0.658, 'x2': 0.723, 'x3': 0.722}","{'a12': 0.327, 'a13': 0.404, 'a21': 0.245, 'a31': 0.731, 'a01': 0.145}",-1.0,1.0,1001,daisy_mamil3,[],0.0001,False,False,iqm,,
1784,356,daisy_mamil3_6_1em4,"{'x1': 0.658, 'x2': 0.723, 'x3': 0.722}","{'a12': 0.327, 'a13': 0.404, 'a21': 0.245, 'a31': 0.731, 'a01': 0.145}",-1.0,1.0,1001,daisy_mamil3,[],0.0001,True,True,amigo2,"[['a12', '3.2751e-01'], ['a13', '4.1765e-01'], ['a21', '2.4560e-01'], ['a31', '7.1581e-01'], ['a01', '1.4406e-01'], ['x1', '6.5799e-01'], ['x2', '7.2300e-01'], ['x3', '6.7328e-01']]",273.74737668037415
1785,357,daisy_mamil3_7_1em4,"{'x1': 0.258, 'x2': 0.468, 'x3': 0.136}","{'a12': 0.308, 'a13': 0.399, 'a21': 0.57, 'a31': 0.318, 'a01': 0.397}",-1.0,1.0,1001,daisy_mamil3,[],0.0001,False,False,pe,,
1786,357,daisy_mamil3_7_1em4,"{'x1': 0.258, 'x2': 0.468, 'x3': 0.136}","{'a12': 0.308, 'a13': 0.399, 'a21': 0.57, 'a31': 0.318, 'a01': 0.397}",-1.0,1.0,1001,daisy_mamil3,[],0.0001,False,False,odepe,,
1787,357,daisy_mamil3_7_1em4,"{'x1': 0.258, 'x2': 0.468, 'x3': 0.136}","{'a12': 0.308, 'a13': 0.399, 'a21': 0.57, 'a31': 0.318, 'a01': 0.397}",-1.0,1.0,1001,daisy_mamil3,[],0.0001,True,True,sciml,"[['a12', '0.3080670244271554'], ['a13', '0.42962442563899617'], ['a21', '0.5701434373748747'], ['a31', '0.31202877377664767'], ['a01', '0.3906923321042724'], ['x1', '0.25800134575089245'], ['x2', '0.4680028969401627'], ['x3', '0.11896220928139394']]",265.12800002098083
1788,357,daisy_mamil3_7_1em4,"{'x1': 0.258, 'x2': 0.468, 'x3': 0.136}","{'a12': 0.308, 'a13': 0.399, 'a21': 0.57, 'a31': 0.318, 'a01': 0.397}",-1.0,1.0,1001,daisy_mamil3,[],0.0001,False,False,iqm,,
1789,357,daisy_mamil3_7_1em4,"{'x1': 0.258, 'x2': 0.468, 'x3': 0.136}","{'a12': 0.308, 'a13': 0.399, 'a21': 0.57, 'a31': 0.318, 'a01': 0.397}",-1.0,1.0,1001,daisy_mamil3,[],0.0001,True,True,amigo2,"[['a12', '3.0807e-01'], ['a13', '5.1004e-01'], ['a21', '5.7015e-01'], ['a31', '2.9338e-01'], ['a01', '3.7844e-01'], ['x1', '2.5800e-01'], ['x2', '4.6800e-01'], ['x3', '8.4627e-02']]",1117.5275027751923
1790,358,daisy_mamil3_8_1em4,"{'x1': 0.868, 'x2': 0.616, 'x3': 0.128}","{'a12': 0.74, 'a13': 0.162, 'a21': 0.515, 'a31': 0.345, 'a01': 0.562}",-1.0,1.0,1001,daisy_mamil3,[],0.0001,False,False,pe,,
1791,358,daisy_mamil3_8_1em4,"{'x1': 0.868, 'x2': 0.616, 'x3': 0.128}","{'a12': 0.74, 'a13': 0.162, 'a21': 0.515, 'a31': 0.345, 'a01': 0.562}",-1.0,1.0,1001,daisy_mamil3,[],0.0001,False,False,odepe,,
1792,358,daisy_mamil3_8_1em4,"{'x1': 0.868, 'x2': 0.616, 'x3': 0.128}","{'a12': 0.74, 'a13': 0.162, 'a21': 0.515, 'a31': 0.345, 'a01': 0.562}",-1.0,1.0,1001,daisy_mamil3,[],0.0001,True,True,sciml,"[['a12', '0.7400853494933943'], ['a13', '0.15225518238480834'], ['a21', '0.5150956979641484'], ['a31', '0.35444651424231144'], ['a01', '0.5550740464547478'], ['x1', '0.867998233197282'], ['x2', '0.6159875823844697'], ['x3', '0.1506219584964541']]",259.2114591598511
1793,358,daisy_mamil3_8_1em4,"{'x1': 0.868, 'x2': 0.616, 'x3': 0.128}","{'a12': 0.74, 'a13': 0.162, 'a21': 0.515, 'a31': 0.345, 'a01': 0.562}",-1.0,1.0,1001,daisy_mamil3,[],0.0001,False,False,iqm,,
1794,358,daisy_mamil3_8_1em4,"{'x1': 0.868, 'x2': 0.616, 'x3': 0.128}","{'a12': 0.74, 'a13': 0.162, 'a21': 0.515, 'a31': 0.345, 'a01': 0.562}",-1.0,1.0,1001,daisy_mamil3,[],0.0001,True,True,amigo2,"[['a12', '7.4009e-01'], ['a13', '1.5228e-01'], ['a21', '5.1510e-01'], ['a31', '3.5442e-01'], ['a01', '5.5509e-01'], ['x1', '8.6800e-01'], ['x2', '6.1599e-01'], ['x3', '1.5055e-01']]",284.25899934768677
1795,359,daisy_mamil3_9_1em4,"{'x1': 0.203, 'x2': 0.414, 'x3': 0.865}","{'a12': 0.444, 'a13': 0.508, 'a21': 0.529, 'a31': 0.645, 'a01': 0.322}",-1.0,1.0,1001,daisy_mamil3,[],0.0001,False,False,pe,,
1796,359,daisy_mamil3_9_1em4,"{'x1': 0.203, 'x2': 0.414, 'x3': 0.865}","{'a12': 0.444, 'a13': 0.508, 'a21': 0.529, 'a31': 0.645, 'a01': 0.322}",-1.0,1.0,1001,daisy_mamil3,[],0.0001,False,False,odepe,,
1797,359,daisy_mamil3_9_1em4,"{'x1': 0.203, 'x2': 0.414, 'x3': 0.865}","{'a12': 0.444, 'a13': 0.508, 'a21': 0.529, 'a31': 0.645, 'a01': 0.322}",-1.0,1.0,1001,daisy_mamil3,[],0.0001,True,True,sciml,"[['a12', '0.44408137881979876'], ['a13', '0.5084937467840764'], ['a21', '0.5290925172672591'], ['a31', '0.6445748551006353'], ['a01', '0.32176487912837926'], ['x1', '0.20299901748632804'], ['x2', '0.4140084863640465'], ['x3', '0.8638465306961053']]",233.37767672538757
1798,359,daisy_mamil3_9_1em4,"{'x1': 0.203, 'x2': 0.414, 'x3': 0.865}","{'a12': 0.444, 'a13': 0.508, 'a21': 0.529, 'a31': 0.645, 'a01': 0.322}",-1.0,1.0,1001,daisy_mamil3,[],0.0001,False,False,iqm,,
1799,359,daisy_mamil3_9_1em4,"{'x1': 0.203, 'x2': 0.414, 'x3': 0.865}","{'a12': 0.444, 'a13': 0.508, 'a21': 0.529, 'a31': 0.645, 'a01': 0.322}",-1.0,1.0,1001,daisy_mamil3,[],0.0001,True,True,amigo2,"[['a12', '4.4408e-01'], ['a13', '5.0863e-01'], ['a21', '5.2909e-01'], ['a31', '6.4455e-01'], ['a01', '3.2168e-01'], ['x1', '2.0300e-01'], ['x2', '4.1401e-01'], ['x3', '8.6357e-01']]",287.14636278152466
1800,360,daisy_mamil4_0_1em4,"{'x1': 0.419, 'x2': 0.823, 'x3': 0.652, 'x4': 0.66}","{'k01': 0.25, 'k12': 0.823, 'k13': 0.535, 'k14': 0.466, 'k21': 0.806, 'k31': 0.467, 'k41': 0.679}",-1.0,1.0,1001,daisy_mamil4,[],0.0001,False,False,pe,,
1801,360,daisy_mamil4_0_1em4,"{'x1': 0.419, 'x2': 0.823, 'x3': 0.652, 'x4': 0.66}","{'k01': 0.25, 'k12': 0.823, 'k13': 0.535, 'k14': 0.466, 'k21': 0.806, 'k31': 0.467, 'k41': 0.679}",-1.0,1.0,1001,daisy_mamil4,[],0.0001,False,False,odepe,,
1802,360,daisy_mamil4_0_1em4,"{'x1': 0.419, 'x2': 0.823, 'x3': 0.652, 'x4': 0.66}","{'k01': 0.25, 'k12': 0.823, 'k13': 0.535, 'k14': 0.466, 'k21': 0.806, 'k31': 0.467, 'k41': 0.679}",-1.0,1.0,1001,daisy_mamil4,[],0.0001,True,True,sciml,"[['k01', '0.2499839583202859'], ['k12', '0.8231323528542539'], ['k13', '0.5768401766314327'], ['k14', '0.433738680662632'], ['k21', '0.8061727483124229'], ['k31', '0.539652912222879'], ['k41', '0.6041451888688608'], ['x1', '0.41899329978682076'], ['x2', '0.8229982849692669'], ['x3', '0.6037784814177762'], ['x4', '0.7082268221168844']]",218.15876865386963
1803,360,daisy_mamil4_0_1em4,"{'x1': 0.419, 'x2': 0.823, 'x3': 0.652, 'x4': 0.66}","{'k01': 0.25, 'k12': 0.823, 'k13': 0.535, 'k14': 0.466, 'k21': 0.806, 'k31': 0.467, 'k41': 0.679}",-1.0,1.0,1001,daisy_mamil4,[],0.0001,False,False,iqm,,
1804,360,daisy_mamil4_0_1em4,"{'x1': 0.419, 'x2': 0.823, 'x3': 0.652, 'x4': 0.66}","{'k01': 0.25, 'k12': 0.823, 'k13': 0.535, 'k14': 0.466, 'k21': 0.806, 'k31': 0.467, 'k41': 0.679}",-1.0,1.0,1001,daisy_mamil4,[],0.0001,True,True,amigo2,"[['k01', '2.4998e-01'], ['k12', '8.2313e-01'], ['k13', '5.0105e-01'], ['k14', '3.9764e-01'], ['k21', '8.0617e-01'], ['k31', '1.0627e+00'], ['k41', '8.5721e-02'], ['x1', '4.1899e-01'], ['x2', '8.2300e-01'], ['x3', '1.3120e+00'], ['x4', '2.0648e-09']]",316.243124961853
1805,361,daisy_mamil4_1_1em4,"{'x1': 0.467, 'x2': 0.573, 'x3': 0.786, 'x4': 0.466}","{'k01': 0.362, 'k12': 0.705, 'k13': 0.609, 'k14': 0.292, 'k21': 0.228, 'k31': 0.737, 'k41': 0.867}",-1.0,1.0,1001,daisy_mamil4,[],0.0001,False,False,pe,,
1806,361,daisy_mamil4_1_1em4,"{'x1': 0.467, 'x2': 0.573, 'x3': 0.786, 'x4': 0.466}","{'k01': 0.362, 'k12': 0.705, 'k13': 0.609, 'k14': 0.292, 'k21': 0.228, 'k31': 0.737, 'k41': 0.867}",-1.0,1.0,1001,daisy_mamil4,[],0.0001,False,False,odepe,,
1807,361,daisy_mamil4_1_1em4,"{'x1': 0.467, 'x2': 0.573, 'x3': 0.786, 'x4': 0.466}","{'k01': 0.362, 'k12': 0.705, 'k13': 0.609, 'k14': 0.292, 'k21': 0.228, 'k31': 0.737, 'k41': 0.867}",-1.0,1.0,1001,daisy_mamil4,[],0.0001,True,True,sciml,"[['k01', '0.362014034252771'], ['k12', '0.7049537466469139'], ['k13', '0.28630389573178233'], ['k14', '0.954802078062622'], ['k21', '0.22795916083618104'], ['k31', '0.9649317190646666'], ['k41', '0.6316447737490367'], ['x1', '0.46697509720717023'], ['x2', '0.5730025445093834'], ['x3', '0.8733002880034364'], ['x4', '0.37873294712563965']]",394.88514852523804
1808,361,daisy_mamil4_1_1em4,"{'x1': 0.467, 'x2': 0.573, 'x3': 0.786, 'x4': 0.466}","{'k01': 0.362, 'k12': 0.705, 'k13': 0.609, 'k14': 0.292, 'k21': 0.228, 'k31': 0.737, 'k41': 0.867}",-1.0,1.0,1001,daisy_mamil4,[],0.0001,False,False,iqm,,
1809,361,daisy_mamil4_1_1em4,"{'x1': 0.467, 'x2': 0.573, 'x3': 0.786, 'x4': 0.466}","{'k01': 0.362, 'k12': 0.705, 'k13': 0.609, 'k14': 0.292, 'k21': 0.228, 'k31': 0.737, 'k41': 0.867}",-1.0,1.0,1001,daisy_mamil4,[],0.0001,False,False,amigo2,,
1810,362,daisy_mamil4_2_1em4,"{'x1': 0.419, 'x2': 0.15, 'x3': 0.439, 'x4': 0.307}","{'k01': 0.861, 'k12': 0.561, 'k13': 0.757, 'k14': 0.827, 'k21': 0.752, 'k31': 0.228, 'k41': 0.603}",-1.0,1.0,1001,daisy_mamil4,[],0.0001,False,False,pe,,
1811,362,daisy_mamil4_2_1em4,"{'x1': 0.419, 'x2': 0.15, 'x3': 0.439, 'x4': 0.307}","{'k01': 0.861, 'k12': 0.561, 'k13': 0.757, 'k14': 0.827, 'k21': 0.752, 'k31': 0.228, 'k41': 0.603}",-1.0,1.0,1001,daisy_mamil4,[],0.0001,False,False,odepe,,
1812,362,daisy_mamil4_2_1em4,"{'x1': 0.419, 'x2': 0.15, 'x3': 0.439, 'x4': 0.307}","{'k01': 0.861, 'k12': 0.561, 'k13': 0.757, 'k14': 0.827, 'k21': 0.752, 'k31': 0.228, 'k41': 0.603}",-1.0,1.0,1001,daisy_mamil4,[],0.0001,True,True,sciml,"[['k01', '0.8609735283374854'], ['k12', '0.5609861989727928'], ['k13', '0.7817222878573793'], ['k14', '0.9032393263355553'], ['k21', '0.7519947227384737'], ['k31', '0.67230710426275'], ['k41', '0.15381389541134335'], ['x1', '0.4189859859150202'], ['x2', '0.15000026649541717'], ['x3', '0.7369975019104047'], ['x4', '0.00901005252738562']]",308.67570066452026
1813,362,daisy_mamil4_2_1em4,"{'x1': 0.419, 'x2': 0.15, 'x3': 0.439, 'x4': 0.307}","{'k01': 0.861, 'k12': 0.561, 'k13': 0.757, 'k14': 0.827, 'k21': 0.752, 'k31': 0.228, 'k41': 0.603}",-1.0,1.0,1001,daisy_mamil4,[],0.0001,False,False,iqm,,
1814,362,daisy_mamil4_2_1em4,"{'x1': 0.419, 'x2': 0.15, 'x3': 0.439, 'x4': 0.307}","{'k01': 0.861, 'k12': 0.561, 'k13': 0.757, 'k14': 0.827, 'k21': 0.752, 'k31': 0.228, 'k41': 0.603}",-1.0,1.0,1001,daisy_mamil4,[],0.0001,True,True,amigo2,"[['k01', '8.6097e-01'], ['k12', '5.6099e-01'], ['k13', '7.6402e-01'], ['k14', '1.9166e+00'], ['k21', '7.5200e-01'], ['k31', '7.6242e-01'], ['k41', '2.9443e-02'], ['x1', '4.1898e-01'], ['x2', '1.5000e-01'], ['x3', '7.4601e-01'], ['x4', '0.0000e+00']]",295.88921785354614
1815,363,daisy_mamil4_3_1em4,"{'x1': 0.421, 'x2': 0.843, 'x3': 0.18, 'x4': 0.856}","{'k01': 0.779, 'k12': 0.127, 'k13': 0.867, 'k14': 0.384, 'k21': 0.385, 'k31': 0.113, 'k41': 0.248}",-1.0,1.0,1001,daisy_mamil4,[],0.0001,False,False,pe,,
1816,363,daisy_mamil4_3_1em4,"{'x1': 0.421, 'x2': 0.843, 'x3': 0.18, 'x4': 0.856}","{'k01': 0.779, 'k12': 0.127, 'k13': 0.867, 'k14': 0.384, 'k21': 0.385, 'k31': 0.113, 'k41': 0.248}",-1.0,1.0,1001,daisy_mamil4,[],0.0001,False,False,odepe,,
1817,363,daisy_mamil4_3_1em4,"{'x1': 0.421, 'x2': 0.843, 'x3': 0.18, 'x4': 0.856}","{'k01': 0.779, 'k12': 0.127, 'k13': 0.867, 'k14': 0.384, 'k21': 0.385, 'k31': 0.113, 'k41': 0.248}",-1.0,1.0,1001,daisy_mamil4,[],0.0001,True,True,sciml,"[['k01', '0.7789956307837121'], ['k12', '0.1270299019805309'], ['k13', '0.638466754414997'], ['k14', '8.431774343920916'], ['k21', '0.3850788074275663'], ['k31', '0.7742944180755758'], ['k41', '0.008891775420540263'], ['x1', '0.42102773241962865'], ['x2', '0.8429963740473282'], ['x3', '1.0359763484107187'], ['x4', '1.5904396927596962e-9']]",229.12389397621155
1818,363,daisy_mamil4_3_1em4,"{'x1': 0.421, 'x2': 0.843, 'x3': 0.18, 'x4': 0.856}","{'k01': 0.779, 'k12': 0.127, 'k13': 0.867, 'k14': 0.384, 'k21': 0.385, 'k31': 0.113, 'k41': 0.248}",-1.0,1.0,1001,daisy_mamil4,[],0.0001,False,False,iqm,,
1819,363,daisy_mamil4_3_1em4,"{'x1': 0.421, 'x2': 0.843, 'x3': 0.18, 'x4': 0.856}","{'k01': 0.779, 'k12': 0.127, 'k13': 0.867, 'k14': 0.384, 'k21': 0.385, 'k31': 0.113, 'k41': 0.248}",-1.0,1.0,1001,daisy_mamil4,[],0.0001,True,True,amigo2,"[['k01', '7.7900e-01'], ['k12', '1.2700e-01'], ['k13', '9.0460e-01'], ['k14', '4.4266e-01'], ['k21', '3.8502e-01'], ['k31', '0.0000e+00'], ['k41', '3.8951e-01'], ['x1', '4.2100e-01'], ['x2', '8.4300e-01'], ['x3', '8.2718e-02'], ['x4', '9.5329e-01']]",288.8204650878906
1820,364,daisy_mamil4_4_1em4,"{'x1': 0.443, 'x2': 0.154, 'x3': 0.302, 'x4': 0.277}","{'k01': 0.796, 'k12': 0.463, 'k13': 0.361, 'k14': 0.286, 'k21': 0.592, 'k31': 0.126, 'k41': 0.112}",-1.0,1.0,1001,daisy_mamil4,[],0.0001,False,False,pe,,
1821,364,daisy_mamil4_4_1em4,"{'x1': 0.443, 'x2': 0.154, 'x3': 0.302, 'x4': 0.277}","{'k01': 0.796, 'k12': 0.463, 'k13': 0.361, 'k14': 0.286, 'k21': 0.592, 'k31': 0.126, 'k41': 0.112}",-1.0,1.0,1001,daisy_mamil4,[],0.0001,False,False,odepe,,
1822,364,daisy_mamil4_4_1em4,"{'x1': 0.443, 'x2': 0.154, 'x3': 0.302, 'x4': 0.277}","{'k01': 0.796, 'k12': 0.463, 'k13': 0.361, 'k14': 0.286, 'k21': 0.592, 'k31': 0.126, 'k41': 0.112}",-1.0,1.0,1001,daisy_mamil4,[],0.0001,True,True,sciml,"[['k01', '0.7959978900818827'], ['k12', '0.4630263704740252'], ['k13', '66.96688446030265'], ['k14', '0.3377529866467116'], ['k21', '0.5920258705888145'], ['k31', '1.4580506130809252'], ['k41', '0.27024421617686367'], ['x1', '0.4429968773287927'], ['x2', '0.15399845473299859'], ['x3', '0.009799063175778078'], ['x4', '0.5692012996708822']]",204.66624546051025
1823,364,daisy_mamil4_4_1em4,"{'x1': 0.443, 'x2': 0.154, 'x3': 0.302, 'x4': 0.277}","{'k01': 0.796, 'k12': 0.463, 'k13': 0.361, 'k14': 0.286, 'k21': 0.592, 'k31': 0.126, 'k41': 0.112}",-1.0,1.0,1001,daisy_mamil4,[],0.0001,False,False,iqm,,
1824,364,daisy_mamil4_4_1em4,"{'x1': 0.443, 'x2': 0.154, 'x3': 0.302, 'x4': 0.277}","{'k01': 0.796, 'k12': 0.463, 'k13': 0.361, 'k14': 0.286, 'k21': 0.592, 'k31': 0.126, 'k41': 0.112}",-1.0,1.0,1001,daisy_mamil4,[],0.0001,True,True,amigo2,"[['k01', '7.9600e-01'], ['k12', '4.6303e-01'], ['k13', '4.8804e+00'], ['k14', '3.3824e-01'], ['k21', '5.9203e-01'], ['k31', '7.1219e-02'], ['k41', '2.7270e-01'], ['x1', '4.4299e-01'], ['x2', '1.5400e-01'], ['x3', '8.6711e-03'], ['x4', '5.7033e-01']]",329.2818286418915
1825,365,daisy_mamil4_5_1em4,"{'x1': 0.427, 'x2': 0.23, 'x3': 0.611, 'x4': 0.492}","{'k01': 0.303, 'k12': 0.205, 'k13': 0.11, 'k14': 0.192, 'k21': 0.595, 'k31': 0.879, 'k41': 0.892}",-1.0,1.0,1001,daisy_mamil4,[],0.0001,False,False,pe,,
1826,365,daisy_mamil4_5_1em4,"{'x1': 0.427, 'x2': 0.23, 'x3': 0.611, 'x4': 0.492}","{'k01': 0.303, 'k12': 0.205, 'k13': 0.11, 'k14': 0.192, 'k21': 0.595, 'k31': 0.879, 'k41': 0.892}",-1.0,1.0,1001,daisy_mamil4,[],0.0001,False,False,odepe,,
1827,365,daisy_mamil4_5_1em4,"{'x1': 0.427, 'x2': 0.23, 'x3': 0.611, 'x4': 0.492}","{'k01': 0.303, 'k12': 0.205, 'k13': 0.11, 'k14': 0.192, 'k21': 0.595, 'k31': 0.879, 'k41': 0.892}",-1.0,1.0,1001,daisy_mamil4,[],0.0001,True,True,sciml,"[['k01', '0.3030111296746637'], ['k12', '0.2049395056849724'], ['k13', '0.3544984686679873'], ['k14', '0.08698893778606522'], ['k21', '0.5948854125862172'], ['k31', '0.9037406770251766'], ['k41', '0.8129047631753146'], ['x1', '0.4270102700450196'], ['x2', '0.230007917796969'], ['x3', '0.15855665563454877'], ['x4', '0.9444290574063887']]",293.55610370635986
1828,365,daisy_mamil4_5_1em4,"{'x1': 0.427, 'x2': 0.23, 'x3': 0.611, 'x4': 0.492}","{'k01': 0.303, 'k12': 0.205, 'k13': 0.11, 'k14': 0.192, 'k21': 0.595, 'k31': 0.879, 'k41': 0.892}",-1.0,1.0,1001,daisy_mamil4,[],0.0001,False,False,iqm,,
1829,365,daisy_mamil4_5_1em4,"{'x1': 0.427, 'x2': 0.23, 'x3': 0.611, 'x4': 0.492}","{'k01': 0.303, 'k12': 0.205, 'k13': 0.11, 'k14': 0.192, 'k21': 0.595, 'k31': 0.879, 'k41': 0.892}",-1.0,1.0,1001,daisy_mamil4,[],0.0001,True,True,amigo2,"[['k01', '3.0301e-01'], ['k12', '2.0494e-01'], ['k13', '1.4214e-01'], ['k14', '2.3591e-01'], ['k21', '5.9489e-01'], ['k31', '1.7781e+00'], ['k41', '0.0000e+00'], ['x1', '4.2701e-01'], ['x2', '2.3001e-01'], ['x3', '1.0193e+00'], ['x4', '8.3645e-02']]",332.86190962791443
1830,366,daisy_mamil4_6_1em4,"{'x1': 0.633, 'x2': 0.514, 'x3': 0.439, 'x4': 0.544}","{'k01': 0.892, 'k12': 0.152, 'k13': 0.727, 'k14': 0.331, 'k21': 0.293, 'k31': 0.63, 'k41': 0.297}",-1.0,1.0,1001,daisy_mamil4,[],0.0001,False,False,pe,,
1831,366,daisy_mamil4_6_1em4,"{'x1': 0.633, 'x2': 0.514, 'x3': 0.439, 'x4': 0.544}","{'k01': 0.892, 'k12': 0.152, 'k13': 0.727, 'k14': 0.331, 'k21': 0.293, 'k31': 0.63, 'k41': 0.297}",-1.0,1.0,1001,daisy_mamil4,[],0.0001,False,False,odepe,,
1832,366,daisy_mamil4_6_1em4,"{'x1': 0.633, 'x2': 0.514, 'x3': 0.439, 'x4': 0.544}","{'k01': 0.892, 'k12': 0.152, 'k13': 0.727, 'k14': 0.331, 'k21': 0.293, 'k31': 0.63, 'k41': 0.297}",-1.0,1.0,1001,daisy_mamil4,[],0.0001,True,True,sciml,"[['k01', '0.8920323474133183'], ['k12', '0.15200980290177346'], ['k13', '0.7222368906637451'], ['k14', '0.3623332708025594'], ['k21', '0.29302056187433806'], ['k31', '0.5642817790288351'], ['k41', '0.37615724385138727'], ['x1', '0.633022904890959'], ['x2', '0.5139947995072721'], ['x3', '0.42076258965505'], ['x4', '0.5622312096518223']]",295.2119491100311
1833,366,daisy_mamil4_6_1em4,"{'x1': 0.633, 'x2': 0.514, 'x3': 0.439, 'x4': 0.544}","{'k01': 0.892, 'k12': 0.152, 'k13': 0.727, 'k14': 0.331, 'k21': 0.293, 'k31': 0.63, 'k41': 0.297}",-1.0,1.0,1001,daisy_mamil4,[],0.0001,False,False,iqm,,
1834,366,daisy_mamil4_6_1em4,"{'x1': 0.633, 'x2': 0.514, 'x3': 0.439, 'x4': 0.544}","{'k01': 0.892, 'k12': 0.152, 'k13': 0.727, 'k14': 0.331, 'k21': 0.293, 'k31': 0.63, 'k41': 0.297}",-1.0,1.0,1001,daisy_mamil4,[],0.0001,True,True,amigo2,"[['k01', '8.9203e-01'], ['k12', '1.5201e-01'], ['k13', '1.7775e-01'], ['k14', '7.9984e-01'], ['k21', '2.9302e-01'], ['k31', '0.0000e+00'], ['k41', '8.3385e-01'], ['x1', '6.3302e-01'], ['x2', '5.1399e-01'], ['x3', '5.5631e-01'], ['x4', '4.2668e-01']]",312.2320327758789
1835,367,daisy_mamil4_7_1em4,"{'x1': 0.286, 'x2': 0.379, 'x3': 0.752, 'x4': 0.888}","{'k01': 0.33, 'k12': 0.665, 'k13': 0.432, 'k14': 0.388, 'k21': 0.763, 'k31': 0.84, 'k41': 0.137}",-1.0,1.0,1001,daisy_mamil4,[],0.0001,False,False,pe,,
1836,367,daisy_mamil4_7_1em4,"{'x1': 0.286, 'x2': 0.379, 'x3': 0.752, 'x4': 0.888}","{'k01': 0.33, 'k12': 0.665, 'k13': 0.432, 'k14': 0.388, 'k21': 0.763, 'k31': 0.84, 'k41': 0.137}",-1.0,1.0,1001,daisy_mamil4,[],0.0001,False,False,odepe,,
1837,367,daisy_mamil4_7_1em4,"{'x1': 0.286, 'x2': 0.379, 'x3': 0.752, 'x4': 0.888}","{'k01': 0.33, 'k12': 0.665, 'k13': 0.432, 'k14': 0.388, 'k21': 0.763, 'k31': 0.84, 'k41': 0.137}",-1.0,1.0,1001,daisy_mamil4,[],0.0001,True,True,sciml,"[['k01', '0.3300164249154773'], ['k12', '0.6655809101944471'], ['k13', '0.9191178483863319'], ['k14', '0.35405928259843666'], ['k21', '0.7636019712842024'], ['k31', '0.20671950544191384'], ['k41', '0.7147776927793869'], ['x1', '0.28601968257555305'], ['x2', '0.3790035440073727'], ['x3', '0.12848461036444545'], ['x4', '1.51149238549919']]",297.15879130363464
1838,367,daisy_mamil4_7_1em4,"{'x1': 0.286, 'x2': 0.379, 'x3': 0.752, 'x4': 0.888}","{'k01': 0.33, 'k12': 0.665, 'k13': 0.432, 'k14': 0.388, 'k21': 0.763, 'k31': 0.84, 'k41': 0.137}",-1.0,1.0,1001,daisy_mamil4,[],0.0001,False,False,iqm,,
1839,367,daisy_mamil4_7_1em4,"{'x1': 0.286, 'x2': 0.379, 'x3': 0.752, 'x4': 0.888}","{'k01': 0.33, 'k12': 0.665, 'k13': 0.432, 'k14': 0.388, 'k21': 0.763, 'k31': 0.84, 'k41': 0.137}",-1.0,1.0,1001,daisy_mamil4,[],0.0001,True,True,amigo2,"[['k01', '3.3002e-01'], ['k12', '6.6558e-01'], ['k13', '3.5669e-01'], ['k14', '1.1070e+00'], ['k21', '7.6360e-01'], ['k31', '7.4935e-01'], ['k41', '1.5717e-01'], ['x1', '2.8602e-01'], ['x2', '3.7900e-01'], ['x3', '1.5547e+00'], ['x4', '8.5283e-02']]",317.8080129623413
1840,368,daisy_mamil4_8_1em4,"{'x1': 0.287, 'x2': 0.652, 'x3': 0.147, 'x4': 0.685}","{'k01': 0.875, 'k12': 0.824, 'k13': 0.337, 'k14': 0.894, 'k21': 0.3, 'k31': 0.185, 'k41': 0.861}",-1.0,1.0,1001,daisy_mamil4,[],0.0001,False,False,pe,,
1841,368,daisy_mamil4_8_1em4,"{'x1': 0.287, 'x2': 0.652, 'x3': 0.147, 'x4': 0.685}","{'k01': 0.875, 'k12': 0.824, 'k13': 0.337, 'k14': 0.894, 'k21': 0.3, 'k31': 0.185, 'k41': 0.861}",-1.0,1.0,1001,daisy_mamil4,[],0.0001,False,False,odepe,,
1842,368,daisy_mamil4_8_1em4,"{'x1': 0.287, 'x2': 0.652, 'x3': 0.147, 'x4': 0.685}","{'k01': 0.875, 'k12': 0.824, 'k13': 0.337, 'k14': 0.894, 'k21': 0.3, 'k31': 0.185, 'k41': 0.861}",-1.0,1.0,1001,daisy_mamil4,[],0.0001,True,True,sciml,"[['k01', '0.874274865721206'], ['k12', '0.8350251751684222'], ['k13', '0.9431947771698806'], ['k14', '71.17037091604945'], ['k21', '0.3107296476085529'], ['k31', '1.3732019314982589'], ['k41', '2.574850939612779e-11'], ['x1', '0.28468515077801326'], ['x2', '0.6531420738829219'], ['x3', '0.8324328989989657'], ['x4', '8.812163541298783e-13']]",206.14766192436218
1843,368,daisy_mamil4_8_1em4,"{'x1': 0.287, 'x2': 0.652, 'x3': 0.147, 'x4': 0.685}","{'k01': 0.875, 'k12': 0.824, 'k13': 0.337, 'k14': 0.894, 'k21': 0.3, 'k31': 0.185, 'k41': 0.861}",-1.0,1.0,1001,daisy_mamil4,[],0.0001,False,False,iqm,,
1844,368,daisy_mamil4_8_1em4,"{'x1': 0.287, 'x2': 0.652, 'x3': 0.147, 'x4': 0.685}","{'k01': 0.875, 'k12': 0.824, 'k13': 0.337, 'k14': 0.894, 'k21': 0.3, 'k31': 0.185, 'k41': 0.861}",-1.0,1.0,1001,daisy_mamil4,[],0.0001,True,True,amigo2,"[['k01', '8.7498e-01'], ['k12', '8.2397e-01'], ['k13', '3.1529e-01'], ['k14', '8.7264e-01'], ['k21', '2.9997e-01'], ['k31', '1.6234e-01'], ['k41', '8.9077e-01'], ['x1', '2.8699e-01'], ['x2', '6.5200e-01'], ['x3', '1.1113e-01'], ['x4', '7.2087e-01']]",305.3216519355774
1845,369,daisy_mamil4_9_1em4,"{'x1': 0.459, 'x2': 0.344, 'x3': 0.771, 'x4': 0.29}","{'k01': 0.805, 'k12': 0.318, 'k13': 0.403, 'k14': 0.399, 'k21': 0.699, 'k31': 0.29, 'k41': 0.237}",-1.0,1.0,1001,daisy_mamil4,[],0.0001,False,False,pe,,
1846,369,daisy_mamil4_9_1em4,"{'x1': 0.459, 'x2': 0.344, 'x3': 0.771, 'x4': 0.29}","{'k01': 0.805, 'k12': 0.318, 'k13': 0.403, 'k14': 0.399, 'k21': 0.699, 'k31': 0.29, 'k41': 0.237}",-1.0,1.0,1001,daisy_mamil4,[],0.0001,False,False,odepe,,
1847,369,daisy_mamil4_9_1em4,"{'x1': 0.459, 'x2': 0.344, 'x3': 0.771, 'x4': 0.29}","{'k01': 0.805, 'k12': 0.318, 'k13': 0.403, 'k14': 0.399, 'k21': 0.699, 'k31': 0.29, 'k41': 0.237}",-1.0,1.0,1001,daisy_mamil4,[],0.0001,True,True,sciml,"[['k01', '0.804993682678613'], ['k12', '0.3180941820971464'], ['k13', '66.22804733428123'], ['k14', '0.40272535231752576'], ['k21', '0.699153898208563'], ['k31', '0.1150634809810934'], ['k41', '0.5296991287398158'], ['x1', '0.4589691925789934'], ['x2', '0.3439921115513402'], ['x3', '0.0008384431527557631'], ['x4', '1.0601944876956997']]",207.4239730834961
1848,369,daisy_mamil4_9_1em4,"{'x1': 0.459, 'x2': 0.344, 'x3': 0.771, 'x4': 0.29}","{'k01': 0.805, 'k12': 0.318, 'k13': 0.403, 'k14': 0.399, 'k21': 0.699, 'k31': 0.29, 'k41': 0.237}",-1.0,1.0,1001,daisy_mamil4,[],0.0001,False,False,iqm,,
1849,369,daisy_mamil4_9_1em4,"{'x1': 0.459, 'x2': 0.344, 'x3': 0.771, 'x4': 0.29}","{'k01': 0.805, 'k12': 0.318, 'k13': 0.403, 'k14': 0.399, 'k21': 0.699, 'k31': 0.29, 'k41': 0.237}",-1.0,1.0,1001,daisy_mamil4,[],0.0001,True,True,amigo2,"[['k01', '8.0499e-01'], ['k12', '3.1809e-01'], ['k13', '4.1115e-01'], ['k14', '2.2171e-01'], ['k21', '6.9915e-01'], ['k31', '5.2495e-01'], ['k41', '0.0000e+00'], ['x1', '4.5900e-01'], ['x2', '3.4399e-01'], ['x3', '1.0043e+00'], ['x4', '5.6666e-02']]",305.92751026153564
1850,370,fitzhugh_nagumo_0_1em4,"{'VV': 0.794, 'R': 0.852}","{'g': 0.502, 'a': 0.854, 'b': 0.607}",-1.0,1.0,1001,fitzhugh_nagumo,[],0.0001,False,False,pe,,
1851,370,fitzhugh_nagumo_0_1em4,"{'VV': 0.794, 'R': 0.852}","{'g': 0.502, 'a': 0.854, 'b': 0.607}",-1.0,1.0,1001,fitzhugh_nagumo,[],0.0001,False,False,odepe,,
1852,370,fitzhugh_nagumo_0_1em4,"{'VV': 0.794, 'R': 0.852}","{'g': 0.502, 'a': 0.854, 'b': 0.607}",-1.0,1.0,1001,fitzhugh_nagumo,[],0.0001,True,True,sciml,"[['g', '0.502274935789681'], ['a', '0.8539794454638309'], ['b', '0.6075815989201606'], ['VV', '0.7940227193042723'], ['R', '0.8511053785136654']]",190.35469388961792
1853,370,fitzhugh_nagumo_0_1em4,"{'VV': 0.794, 'R': 0.852}","{'g': 0.502, 'a': 0.854, 'b': 0.607}",-1.0,1.0,1001,fitzhugh_nagumo,[],0.0001,False,False,iqm,,
1854,370,fitzhugh_nagumo_0_1em4,"{'VV': 0.794, 'R': 0.852}","{'g': 0.502, 'a': 0.854, 'b': 0.607}",-1.0,1.0,1001,fitzhugh_nagumo,[],0.0001,True,True,amigo2,"[['g', '5.0227e-01'], ['a', '8.5398e-01'], ['b', '6.0758e-01'], ['VV', '7.9402e-01'], ['R', '8.5111e-01']]",302.9482786655426
1855,371,fitzhugh_nagumo_1_1em4,"{'VV': 0.896, 'R': 0.461}","{'g': 0.701, 'a': 0.66, 'b': 0.874}",-1.0,1.0,1001,fitzhugh_nagumo,[],0.0001,False,False,pe,,
1856,371,fitzhugh_nagumo_1_1em4,"{'VV': 0.896, 'R': 0.461}","{'g': 0.701, 'a': 0.66, 'b': 0.874}",-1.0,1.0,1001,fitzhugh_nagumo,[],0.0001,False,False,odepe,,
1857,371,fitzhugh_nagumo_1_1em4,"{'VV': 0.896, 'R': 0.461}","{'g': 0.701, 'a': 0.66, 'b': 0.874}",-1.0,1.0,1001,fitzhugh_nagumo,[],0.0001,True,True,sciml,"[['g', '0.700658919813502'], ['a', '0.6606127049099788'], ['b', '0.8734397669988404'], ['VV', '0.8959912379684356'], ['R', '0.461681322839853']]",178.5112099647522
1858,371,fitzhugh_nagumo_1_1em4,"{'VV': 0.896, 'R': 0.461}","{'g': 0.701, 'a': 0.66, 'b': 0.874}",-1.0,1.0,1001,fitzhugh_nagumo,[],0.0001,False,False,iqm,,
1859,371,fitzhugh_nagumo_1_1em4,"{'VV': 0.896, 'R': 0.461}","{'g': 0.701, 'a': 0.66, 'b': 0.874}",-1.0,1.0,1001,fitzhugh_nagumo,[],0.0001,True,True,amigo2,"[['g', '7.0066e-01'], ['a', '6.6061e-01'], ['b', '8.7344e-01'], ['VV', '8.9599e-01'], ['R', '4.6168e-01']]",285.04212832450867
1860,372,fitzhugh_nagumo_2_1em4,"{'VV': 0.434, 'R': 0.205}","{'g': 0.157, 'a': 0.334, 'b': 0.222}",-1.0,1.0,1001,fitzhugh_nagumo,[],0.0001,False,False,pe,,
1861,372,fitzhugh_nagumo_2_1em4,"{'VV': 0.434, 'R': 0.205}","{'g': 0.157, 'a': 0.334, 'b': 0.222}",-1.0,1.0,1001,fitzhugh_nagumo,[],0.0001,False,False,odepe,,
1862,372,fitzhugh_nagumo_2_1em4,"{'VV': 0.434, 'R': 0.205}","{'g': 0.157, 'a': 0.334, 'b': 0.222}",-1.0,1.0,1001,fitzhugh_nagumo,[],0.0001,True,True,sciml,"[['g', '95.67980530844456'], ['a', '34.13334068245118'], ['b', '5.179265894206881'], ['VV', '0.00020374653953680004'], ['R', '0.0035245838011165667']]",178.15674471855164
1863,372,fitzhugh_nagumo_2_1em4,"{'VV': 0.434, 'R': 0.205}","{'g': 0.157, 'a': 0.334, 'b': 0.222}",-1.0,1.0,1001,fitzhugh_nagumo,[],0.0001,False,False,iqm,,
1864,372,fitzhugh_nagumo_2_1em4,"{'VV': 0.434, 'R': 0.205}","{'g': 0.157, 'a': 0.334, 'b': 0.222}",-1.0,1.0,1001,fitzhugh_nagumo,[],0.0001,True,True,amigo2,"[['g', '1.5686e-01'], ['a', '3.3413e-01'], ['b', '2.2182e-01'], ['VV', '4.3400e-01'], ['R', '2.0567e-01']]",241.03684425354004
1865,373,fitzhugh_nagumo_3_1em4,"{'VV': 0.874, 'R': 0.538}","{'g': 0.583, 'a': 0.406, 'b': 0.816}",-1.0,1.0,1001,fitzhugh_nagumo,[],0.0001,False,False,pe,,
1866,373,fitzhugh_nagumo_3_1em4,"{'VV': 0.874, 'R': 0.538}","{'g': 0.583, 'a': 0.406, 'b': 0.816}",-1.0,1.0,1001,fitzhugh_nagumo,[],0.0001,False,False,odepe,,
1867,373,fitzhugh_nagumo_3_1em4,"{'VV': 0.874, 'R': 0.538}","{'g': 0.583, 'a': 0.406, 'b': 0.816}",-1.0,1.0,1001,fitzhugh_nagumo,[],0.0001,True,True,sciml,"[['g', '0.5828811568325885'], ['a', '0.4062251547885012'], ['b', '0.8157454672860797'], ['VV', '0.8739888620996369'], ['R', '0.5383700763582351']]",193.70226860046387
1868,373,fitzhugh_nagumo_3_1em4,"{'VV': 0.874, 'R': 0.538}","{'g': 0.583, 'a': 0.406, 'b': 0.816}",-1.0,1.0,1001,fitzhugh_nagumo,[],0.0001,False,False,iqm,,
1869,373,fitzhugh_nagumo_3_1em4,"{'VV': 0.874, 'R': 0.538}","{'g': 0.583, 'a': 0.406, 'b': 0.816}",-1.0,1.0,1001,fitzhugh_nagumo,[],0.0001,True,True,amigo2,"[['g', '5.8288e-01'], ['a', '4.0623e-01'], ['b', '8.1575e-01'], ['VV', '8.7399e-01'], ['R', '5.3837e-01']]",288.9949610233307
1870,374,fitzhugh_nagumo_4_1em4,"{'VV': 0.425, 'R': 0.542}","{'g': 0.32, 'a': 0.574, 'b': 0.817}",-1.0,1.0,1001,fitzhugh_nagumo,[],0.0001,False,False,pe,,
1871,374,fitzhugh_nagumo_4_1em4,"{'VV': 0.425, 'R': 0.542}","{'g': 0.32, 'a': 0.574, 'b': 0.817}",-1.0,1.0,1001,fitzhugh_nagumo,[],0.0001,False,False,odepe,,
1872,374,fitzhugh_nagumo_4_1em4,"{'VV': 0.425, 'R': 0.542}","{'g': 0.32, 'a': 0.574, 'b': 0.817}",-1.0,1.0,1001,fitzhugh_nagumo,[],0.0001,True,True,sciml,"[['g', '0.3199797961805369'], ['a', '0.5738792422236111'], ['b', '0.8169220619184628'], ['VV', '0.42500423856368935'], ['R', '0.5419512539655682']]",200.5175952911377
1873,374,fitzhugh_nagumo_4_1em4,"{'VV': 0.425, 'R': 0.542}","{'g': 0.32, 'a': 0.574, 'b': 0.817}",-1.0,1.0,1001,fitzhugh_nagumo,[],0.0001,False,False,iqm,,
1874,374,fitzhugh_nagumo_4_1em4,"{'VV': 0.425, 'R': 0.542}","{'g': 0.32, 'a': 0.574, 'b': 0.817}",-1.0,1.0,1001,fitzhugh_nagumo,[],0.0001,True,True,amigo2,"[['g', '3.1998e-01'], ['a', '5.7388e-01'], ['b', '8.1692e-01'], ['VV', '4.2500e-01'], ['R', '5.4195e-01']]",307.7939236164093
1875,375,fitzhugh_nagumo_5_1em4,"{'VV': 0.299, 'R': 0.505}","{'g': 0.317, 'a': 0.464, 'b': 0.421}",-1.0,1.0,1001,fitzhugh_nagumo,[],0.0001,False,False,pe,,
1876,375,fitzhugh_nagumo_5_1em4,"{'VV': 0.299, 'R': 0.505}","{'g': 0.317, 'a': 0.464, 'b': 0.421}",-1.0,1.0,1001,fitzhugh_nagumo,[],0.0001,False,False,odepe,,
1877,375,fitzhugh_nagumo_5_1em4,"{'VV': 0.299, 'R': 0.505}","{'g': 0.317, 'a': 0.464, 'b': 0.421}",-1.0,1.0,1001,fitzhugh_nagumo,[],0.0001,True,True,sciml,"[['g', '89.61758884884891'], ['a', '29.12726990832618'], ['b', '0.08862451517359127'], ['VV', '0.0006050997331895624'], ['R', '0.0030212064449059647']]",174.95481157302856
1878,375,fitzhugh_nagumo_5_1em4,"{'VV': 0.299, 'R': 0.505}","{'g': 0.317, 'a': 0.464, 'b': 0.421}",-1.0,1.0,1001,fitzhugh_nagumo,[],0.0001,False,False,iqm,,
1879,375,fitzhugh_nagumo_5_1em4,"{'VV': 0.299, 'R': 0.505}","{'g': 0.317, 'a': 0.464, 'b': 0.421}",-1.0,1.0,1001,fitzhugh_nagumo,[],0.0001,True,True,amigo2,"[['g', '3.1546e-01'], ['a', '4.6378e-01'], ['b', '4.1832e-01'], ['VV', '2.9901e-01'], ['R', '5.0871e-01']]",289.9165484905243
1880,376,fitzhugh_nagumo_6_1em4,"{'VV': 0.7, 'R': 0.367}","{'g': 0.348, 'a': 0.398, 'b': 0.52}",-1.0,1.0,1001,fitzhugh_nagumo,[],0.0001,False,False,pe,,
1881,376,fitzhugh_nagumo_6_1em4,"{'VV': 0.7, 'R': 0.367}","{'g': 0.348, 'a': 0.398, 'b': 0.52}",-1.0,1.0,1001,fitzhugh_nagumo,[],0.0001,False,False,odepe,,
1882,376,fitzhugh_nagumo_6_1em4,"{'VV': 0.7, 'R': 0.367}","{'g': 0.348, 'a': 0.398, 'b': 0.52}",-1.0,1.0,1001,fitzhugh_nagumo,[],0.0001,True,True,sciml,"[['g', '0.34726506554083275'], ['a', '0.397224831159133'], ['b', '0.5181553076005014'], ['VV', '0.7000255023703384'], ['R', '0.36835197409144227']]",195.64839053153992
1883,376,fitzhugh_nagumo_6_1em4,"{'VV': 0.7, 'R': 0.367}","{'g': 0.348, 'a': 0.398, 'b': 0.52}",-1.0,1.0,1001,fitzhugh_nagumo,[],0.0001,False,False,iqm,,
1884,376,fitzhugh_nagumo_6_1em4,"{'VV': 0.7, 'R': 0.367}","{'g': 0.348, 'a': 0.398, 'b': 0.52}",-1.0,1.0,1001,fitzhugh_nagumo,[],0.0001,True,True,amigo2,"[['g', '3.4727e-01'], ['a', '3.9722e-01'], ['b', '5.1816e-01'], ['VV', '7.0003e-01'], ['R', '3.6835e-01']]",295.9173231124878
1885,377,fitzhugh_nagumo_7_1em4,"{'VV': 0.303, 'R': 0.457}","{'g': 0.839, 'a': 0.79, 'b': 0.139}",-1.0,1.0,1001,fitzhugh_nagumo,[],0.0001,False,False,pe,,
1886,377,fitzhugh_nagumo_7_1em4,"{'VV': 0.303, 'R': 0.457}","{'g': 0.839, 'a': 0.79, 'b': 0.139}",-1.0,1.0,1001,fitzhugh_nagumo,[],0.0001,False,False,odepe,,
1887,377,fitzhugh_nagumo_7_1em4,"{'VV': 0.303, 'R': 0.457}","{'g': 0.839, 'a': 0.79, 'b': 0.139}",-1.0,1.0,1001,fitzhugh_nagumo,[],0.0001,True,True,sciml,"[['g', '98.06412556675048'], ['a', '34.255865849336125'], ['b', '1.2170327396174621e-11'], ['VV', '0.002535789885043994'], ['R', '0.0010259289866348831']]",220.98274612426758
1888,377,fitzhugh_nagumo_7_1em4,"{'VV': 0.303, 'R': 0.457}","{'g': 0.839, 'a': 0.79, 'b': 0.139}",-1.0,1.0,1001,fitzhugh_nagumo,[],0.0001,False,False,iqm,,
1889,377,fitzhugh_nagumo_7_1em4,"{'VV': 0.303, 'R': 0.457}","{'g': 0.839, 'a': 0.79, 'b': 0.139}",-1.0,1.0,1001,fitzhugh_nagumo,[],0.0001,True,True,amigo2,"[['g', '8.4010e-01'], ['a', '7.9166e-01'], ['b', '1.4394e-01'], ['VV', '3.0302e-01'], ['R', '4.5576e-01']]",283.62034487724304
1890,378,fitzhugh_nagumo_8_1em4,"{'VV': 0.644, 'R': 0.598}","{'g': 0.184, 'a': 0.379, 'b': 0.692}",-1.0,1.0,1001,fitzhugh_nagumo,[],0.0001,False,False,pe,,
1891,378,fitzhugh_nagumo_8_1em4,"{'VV': 0.644, 'R': 0.598}","{'g': 0.184, 'a': 0.379, 'b': 0.692}",-1.0,1.0,1001,fitzhugh_nagumo,[],0.0001,False,False,odepe,,
1892,378,fitzhugh_nagumo_8_1em4,"{'VV': 0.644, 'R': 0.598}","{'g': 0.184, 'a': 0.379, 'b': 0.692}",-1.0,1.0,1001,fitzhugh_nagumo,[],0.0001,True,True,sciml,"[['g', '0.18399771859781508'], ['a', '0.3792820924281007'], ['b', '0.6919906011279697'], ['VV', '0.6439795315564847'], ['R', '0.5984044402621336']]",198.33293056488037
1893,378,fitzhugh_nagumo_8_1em4,"{'VV': 0.644, 'R': 0.598}","{'g': 0.184, 'a': 0.379, 'b': 0.692}",-1.0,1.0,1001,fitzhugh_nagumo,[],0.0001,False,False,iqm,,
1894,378,fitzhugh_nagumo_8_1em4,"{'VV': 0.644, 'R': 0.598}","{'g': 0.184, 'a': 0.379, 'b': 0.692}",-1.0,1.0,1001,fitzhugh_nagumo,[],0.0001,True,True,amigo2,"[['g', '1.8400e-01'], ['a', '3.7928e-01'], ['b', '6.9199e-01'], ['VV', '6.4398e-01'], ['R', '5.9840e-01']]",190.86450338363647
1895,379,fitzhugh_nagumo_9_1em4,"{'VV': 0.641, 'R': 0.803}","{'g': 0.668, 'a': 0.264, 'b': 0.373}",-1.0,1.0,1001,fitzhugh_nagumo,[],0.0001,False,False,pe,,
1896,379,fitzhugh_nagumo_9_1em4,"{'VV': 0.641, 'R': 0.803}","{'g': 0.668, 'a': 0.264, 'b': 0.373}",-1.0,1.0,1001,fitzhugh_nagumo,[],0.0001,False,False,odepe,,
1897,379,fitzhugh_nagumo_9_1em4,"{'VV': 0.641, 'R': 0.803}","{'g': 0.668, 'a': 0.264, 'b': 0.373}",-1.0,1.0,1001,fitzhugh_nagumo,[],0.0001,True,True,sciml,"[['g', '0.6683548330449623'], ['a', '0.2638244464967858'], ['b', '0.37357157399331603'], ['VV', '0.6410416101774443'], ['R', '0.8019268362274261']]",195.356586933136
1898,379,fitzhugh_nagumo_9_1em4,"{'VV': 0.641, 'R': 0.803}","{'g': 0.668, 'a': 0.264, 'b': 0.373}",-1.0,1.0,1001,fitzhugh_nagumo,[],0.0001,False,False,iqm,,
1899,379,fitzhugh_nagumo_9_1em4,"{'VV': 0.641, 'R': 0.803}","{'g': 0.668, 'a': 0.264, 'b': 0.373}",-1.0,1.0,1001,fitzhugh_nagumo,[],0.0001,True,True,amigo2,"[['g', '6.6835e-01'], ['a', '2.6382e-01'], ['b', '3.7357e-01'], ['VV', '6.4104e-01'], ['R', '8.0193e-01']]",306.5326256752014
1900,380,harmonic_0_1em4,"{'x1': 0.124, 'x2': 0.668}","{'a': 0.535, 'b': 0.326}",-1.0,1.0,1001,harmonic,[],0.0001,False,False,pe,,
1901,380,harmonic_0_1em4,"{'x1': 0.124, 'x2': 0.668}","{'a': 0.535, 'b': 0.326}",-1.0,1.0,1001,harmonic,[],0.0001,False,False,odepe,,
1902,380,harmonic_0_1em4,"{'x1': 0.124, 'x2': 0.668}","{'a': 0.535, 'b': 0.326}",-1.0,1.0,1001,harmonic,[],0.0001,True,True,sciml,"[['a', '0.5349940824938109'], ['b', '0.3259991545261328'], ['x1', '0.12399660892604472'], ['x2', '0.6680007378772053']]",165.14434719085693
1903,380,harmonic_0_1em4,"{'x1': 0.124, 'x2': 0.668}","{'a': 0.535, 'b': 0.326}",-1.0,1.0,1001,harmonic,[],0.0001,False,False,iqm,,
1904,380,harmonic_0_1em4,"{'x1': 0.124, 'x2': 0.668}","{'a': 0.535, 'b': 0.326}",-1.0,1.0,1001,harmonic,[],0.0001,True,True,amigo2,"[['a', '5.3499e-01'], ['b', '3.2600e-01'], ['x1', '1.2400e-01'], ['x2', '6.6800e-01']]",996.3637528419495
1905,381,harmonic_1_1em4,"{'x1': 0.524, 'x2': 0.838}","{'a': 0.106, 'b': 0.398}",-1.0,1.0,1001,harmonic,[],0.0001,False,False,pe,,
1906,381,harmonic_1_1em4,"{'x1': 0.524, 'x2': 0.838}","{'a': 0.106, 'b': 0.398}",-1.0,1.0,1001,harmonic,[],0.0001,False,False,odepe,,
1907,381,harmonic_1_1em4,"{'x1': 0.524, 'x2': 0.838}","{'a': 0.106, 'b': 0.398}",-1.0,1.0,1001,harmonic,[],0.0001,True,True,sciml,"[['a', '0.10600035377826786'], ['b', '0.39800157174903245'], ['x1', '0.5240018265716827'], ['x2', '0.8379967719039194']]",136.79385614395142
1908,381,harmonic_1_1em4,"{'x1': 0.524, 'x2': 0.838}","{'a': 0.106, 'b': 0.398}",-1.0,1.0,1001,harmonic,[],0.0001,False,False,iqm,,
1909,381,harmonic_1_1em4,"{'x1': 0.524, 'x2': 0.838}","{'a': 0.106, 'b': 0.398}",-1.0,1.0,1001,harmonic,[],0.0001,True,True,amigo2,"[['a', '1.0600e-01'], ['b', '3.9800e-01'], ['x1', '5.2400e-01'], ['x2', '8.3800e-01']]",818.1908824443817
1910,382,harmonic_2_1em4,"{'x1': 0.119, 'x2': 0.374}","{'a': 0.172, 'b': 0.425}",-1.0,1.0,1001,harmonic,[],0.0001,False,False,pe,,
1911,382,harmonic_2_1em4,"{'x1': 0.119, 'x2': 0.374}","{'a': 0.172, 'b': 0.425}",-1.0,1.0,1001,harmonic,[],0.0001,False,False,odepe,,
1912,382,harmonic_2_1em4,"{'x1': 0.119, 'x2': 0.374}","{'a': 0.172, 'b': 0.425}",-1.0,1.0,1001,harmonic,[],0.0001,True,True,sciml,"[['a', '0.17199952843585845'], ['b', '0.42500652678016565'], ['x1', '0.11900008747006481'], ['x2', '0.3740045877567301']]",254.3308572769165
1913,382,harmonic_2_1em4,"{'x1': 0.119, 'x2': 0.374}","{'a': 0.172, 'b': 0.425}",-1.0,1.0,1001,harmonic,[],0.0001,False,False,iqm,,
1914,382,harmonic_2_1em4,"{'x1': 0.119, 'x2': 0.374}","{'a': 0.172, 'b': 0.425}",-1.0,1.0,1001,harmonic,[],0.0001,True,True,amigo2,"[['a', '1.7200e-01'], ['b', '4.2501e-01'], ['x1', '1.1900e-01'], ['x2', '3.7400e-01']]",1079.1160187721252
1915,383,harmonic_3_1em4,"{'x1': 0.268, 'x2': 0.193}","{'a': 0.598, 'b': 0.323}",-1.0,1.0,1001,harmonic,[],0.0001,False,False,pe,,
1916,383,harmonic_3_1em4,"{'x1': 0.268, 'x2': 0.193}","{'a': 0.598, 'b': 0.323}",-1.0,1.0,1001,harmonic,[],0.0001,False,False,odepe,,
1917,383,harmonic_3_1em4,"{'x1': 0.268, 'x2': 0.193}","{'a': 0.598, 'b': 0.323}",-1.0,1.0,1001,harmonic,[],0.0001,True,True,sciml,"[['a', '3.6770666166859156'], ['b', '0.13217563726284692'], ['x1', '0.05463238637984679'], ['x2', '2.989688649171921e-14']]",121.78205966949463
1918,383,harmonic_3_1em4,"{'x1': 0.268, 'x2': 0.193}","{'a': 0.598, 'b': 0.323}",-1.0,1.0,1001,harmonic,[],0.0001,False,False,iqm,,
1919,383,harmonic_3_1em4,"{'x1': 0.268, 'x2': 0.193}","{'a': 0.598, 'b': 0.323}",-1.0,1.0,1001,harmonic,[],0.0001,True,True,amigo2,"[['a', '5.9800e-01'], ['b', '3.2300e-01'], ['x1', '2.6800e-01'], ['x2', '1.9301e-01']]",1195.4933059215546
1920,384,harmonic_4_1em4,"{'x1': 0.638, 'x2': 0.859}","{'a': 0.562, 'b': 0.656}",-1.0,1.0,1001,harmonic,[],0.0001,False,False,pe,,
1921,384,harmonic_4_1em4,"{'x1': 0.638, 'x2': 0.859}","{'a': 0.562, 'b': 0.656}",-1.0,1.0,1001,harmonic,[],0.0001,False,False,odepe,,
1922,384,harmonic_4_1em4,"{'x1': 0.638, 'x2': 0.859}","{'a': 0.562, 'b': 0.656}",-1.0,1.0,1001,harmonic,[],0.0001,True,True,sciml,"[['a', '0.5620010203214142'], ['b', '0.6560136353727803'], ['x1', '0.6380034782698424'], ['x2', '0.8590030396454335']]",121.5992910861969
1923,384,harmonic_4_1em4,"{'x1': 0.638, 'x2': 0.859}","{'a': 0.562, 'b': 0.656}",-1.0,1.0,1001,harmonic,[],0.0001,False,False,iqm,,
1924,384,harmonic_4_1em4,"{'x1': 0.638, 'x2': 0.859}","{'a': 0.562, 'b': 0.656}",-1.0,1.0,1001,harmonic,[],0.0001,True,True,amigo2,"[['a', '5.6200e-01'], ['b', '6.5601e-01'], ['x1', '6.3800e-01'], ['x2', '8.5900e-01']]",675.2053711414337
1925,385,harmonic_5_1em4,"{'x1': 0.58, 'x2': 0.571}","{'a': 0.102, 'b': 0.618}",-1.0,1.0,1001,harmonic,[],0.0001,False,False,pe,,
1926,385,harmonic_5_1em4,"{'x1': 0.58, 'x2': 0.571}","{'a': 0.102, 'b': 0.618}",-1.0,1.0,1001,harmonic,[],0.0001,False,False,odepe,,
1927,385,harmonic_5_1em4,"{'x1': 0.58, 'x2': 0.571}","{'a': 0.102, 'b': 0.618}",-1.0,1.0,1001,harmonic,[],0.0001,True,True,sciml,"[['a', '0.1936276976257572'], ['b', '0.001610873534557915'], ['x1', '0.004247374696883536'], ['x2', '4.837422313936398e-12']]",123.2878098487854
1928,385,harmonic_5_1em4,"{'x1': 0.58, 'x2': 0.571}","{'a': 0.102, 'b': 0.618}",-1.0,1.0,1001,harmonic,[],0.0001,False,False,iqm,,
1929,385,harmonic_5_1em4,"{'x1': 0.58, 'x2': 0.571}","{'a': 0.102, 'b': 0.618}",-1.0,1.0,1001,harmonic,[],0.0001,True,True,amigo2,"[['a', '1.0200e-01'], ['b', '6.1800e-01'], ['x1', '5.8000e-01'], ['x2', '5.7100e-01']]",1583.1208987236023
1930,386,harmonic_6_1em4,"{'x1': 0.657, 'x2': 0.751}","{'a': 0.87, 'b': 0.113}",-1.0,1.0,1001,harmonic,[],0.0001,False,False,pe,,
1931,386,harmonic_6_1em4,"{'x1': 0.657, 'x2': 0.751}","{'a': 0.87, 'b': 0.113}",-1.0,1.0,1001,harmonic,[],0.0001,False,False,odepe,,
1932,386,harmonic_6_1em4,"{'x1': 0.657, 'x2': 0.751}","{'a': 0.87, 'b': 0.113}",-1.0,1.0,1001,harmonic,[],0.0001,True,True,sciml,"[['a', '0.8700044203272507'], ['b', '0.11300018842905254'], ['x1', '0.657002058516915'], ['x2', '0.750989676883435']]",121.30333423614502
1933,386,harmonic_6_1em4,"{'x1': 0.657, 'x2': 0.751}","{'a': 0.87, 'b': 0.113}",-1.0,1.0,1001,harmonic,[],0.0001,False,False,iqm,,
1934,386,harmonic_6_1em4,"{'x1': 0.657, 'x2': 0.751}","{'a': 0.87, 'b': 0.113}",-1.0,1.0,1001,harmonic,[],0.0001,True,True,amigo2,"[['a', '8.7000e-01'], ['b', '1.1300e-01'], ['x1', '6.5700e-01'], ['x2', '7.5099e-01']]",629.3280382156372
1935,387,harmonic_7_1em4,"{'x1': 0.733, 'x2': 0.178}","{'a': 0.508, 'b': 0.367}",-1.0,1.0,1001,harmonic,[],0.0001,False,False,pe,,
1936,387,harmonic_7_1em4,"{'x1': 0.733, 'x2': 0.178}","{'a': 0.508, 'b': 0.367}",-1.0,1.0,1001,harmonic,[],0.0001,False,False,odepe,,
1937,387,harmonic_7_1em4,"{'x1': 0.733, 'x2': 0.178}","{'a': 0.508, 'b': 0.367}",-1.0,1.0,1001,harmonic,[],0.0001,True,True,sciml,"[['a', '0.507999671387357'], ['b', '0.36700144952428976'], ['x1', '0.733000930447299'], ['x2', '0.17800358913369652']]",257.11179208755493
1938,387,harmonic_7_1em4,"{'x1': 0.733, 'x2': 0.178}","{'a': 0.508, 'b': 0.367}",-1.0,1.0,1001,harmonic,[],0.0001,False,False,iqm,,
1939,387,harmonic_7_1em4,"{'x1': 0.733, 'x2': 0.178}","{'a': 0.508, 'b': 0.367}",-1.0,1.0,1001,harmonic,[],0.0001,True,True,amigo2,"[['a', '5.0800e-01'], ['b', '3.6700e-01'], ['x1', '7.3300e-01'], ['x2', '1.7800e-01']]",699.6058728694916
1940,388,harmonic_8_1em4,"{'x1': 0.655, 'x2': 0.173}","{'a': 0.454, 'b': 0.516}",-1.0,1.0,1001,harmonic,[],0.0001,False,False,pe,,
1941,388,harmonic_8_1em4,"{'x1': 0.655, 'x2': 0.173}","{'a': 0.454, 'b': 0.516}",-1.0,1.0,1001,harmonic,[],0.0001,False,False,odepe,,
1942,388,harmonic_8_1em4,"{'x1': 0.655, 'x2': 0.173}","{'a': 0.454, 'b': 0.516}",-1.0,1.0,1001,harmonic,[],0.0001,True,True,sciml,"[['a', '0.5263668435875247'], ['b', '0.00850838818417197'], ['x1', '0.012211403058495043'], ['x2', '3.823529729867702e-12']]",308.0013566017151
1943,388,harmonic_8_1em4,"{'x1': 0.655, 'x2': 0.173}","{'a': 0.454, 'b': 0.516}",-1.0,1.0,1001,harmonic,[],0.0001,False,False,iqm,,
1944,388,harmonic_8_1em4,"{'x1': 0.655, 'x2': 0.173}","{'a': 0.454, 'b': 0.516}",-1.0,1.0,1001,harmonic,[],0.0001,True,True,amigo2,"[['a', '4.5401e-01'], ['b', '5.1601e-01'], ['x1', '6.5501e-01'], ['x2', '1.7301e-01']]",819.8826169967651
1945,389,harmonic_9_1em4,"{'x1': 0.599, 'x2': 0.81}","{'a': 0.282, 'b': 0.428}",-1.0,1.0,1001,harmonic,[],0.0001,False,False,pe,,
1946,389,harmonic_9_1em4,"{'x1': 0.599, 'x2': 0.81}","{'a': 0.282, 'b': 0.428}",-1.0,1.0,1001,harmonic,[],0.0001,False,False,odepe,,
1947,389,harmonic_9_1em4,"{'x1': 0.599, 'x2': 0.81}","{'a': 0.282, 'b': 0.428}",-1.0,1.0,1001,harmonic,[],0.0001,True,True,sciml,"[['a', '0.36953843771137673'], ['b', '0.0012384522525240994'], ['x1', '0.0030881147427944426'], ['x2', '1.9660909590655242e-19']]",126.83772230148315
1948,389,harmonic_9_1em4,"{'x1': 0.599, 'x2': 0.81}","{'a': 0.282, 'b': 0.428}",-1.0,1.0,1001,harmonic,[],0.0001,False,False,iqm,,
1949,389,harmonic_9_1em4,"{'x1': 0.599, 'x2': 0.81}","{'a': 0.282, 'b': 0.428}",-1.0,1.0,1001,harmonic,[],0.0001,True,True,amigo2,"[['a', '2.8200e-01'], ['b', '4.2800e-01'], ['x1', '5.9900e-01'], ['x2', '8.1000e-01']]",896.0585298538208
1950,390,hiv_0_1em4,"{'x': 0.836, 'yy': 0.129, 'vv': 0.24, 'w': 0.411, 'z': 0.862}","{'lm': 0.595, 'd': 0.207, 'beta': 0.884, 'a': 0.797, 'k': 0.502, 'uu': 0.838, 'c': 0.533, 'q': 0.839, 'b': 0.764, 'h': 0.875}",-1.0,1.0,1001,hiv,[],0.0001,False,False,pe,,
1951,390,hiv_0_1em4,"{'x': 0.836, 'yy': 0.129, 'vv': 0.24, 'w': 0.411, 'z': 0.862}","{'lm': 0.595, 'd': 0.207, 'beta': 0.884, 'a': 0.797, 'k': 0.502, 'uu': 0.838, 'c': 0.533, 'q': 0.839, 'b': 0.764, 'h': 0.875}",-1.0,1.0,1001,hiv,[],0.0001,False,False,odepe,,
1952,390,hiv_0_1em4,"{'x': 0.836, 'yy': 0.129, 'vv': 0.24, 'w': 0.411, 'z': 0.862}","{'lm': 0.595, 'd': 0.207, 'beta': 0.884, 'a': 0.797, 'k': 0.502, 'uu': 0.838, 'c': 0.533, 'q': 0.839, 'b': 0.764, 'h': 0.875}",-1.0,1.0,1001,hiv,[],0.0001,True,True,sciml,"[['lm', '1.682419097347809'], ['d', '0.23353363802323357'], ['beta', '9.181083358973005'], ['a', '6.020338719105068'], ['k', '0.2752594932535756'], ['uu', '0.6791205475364565'], ['c', '0.38374747561513595'], ['q', '3.1066942394326493'], ['b', '0.5857297307801714'], ['h', '0.9617532067904859'], ['x', '0.8356918241173215'], ['yy', '0.20752796153156383'], ['vv', '0.16148922556666898'], ['w', '0.4110923579871789'], ['z', '0.8616562954441966']]",343.0324676036835
1953,390,hiv_0_1em4,"{'x': 0.836, 'yy': 0.129, 'vv': 0.24, 'w': 0.411, 'z': 0.862}","{'lm': 0.595, 'd': 0.207, 'beta': 0.884, 'a': 0.797, 'k': 0.502, 'uu': 0.838, 'c': 0.533, 'q': 0.839, 'b': 0.764, 'h': 0.875}",-1.0,1.0,1001,hiv,[],0.0001,False,False,iqm,,
1954,390,hiv_0_1em4,"{'x': 0.836, 'yy': 0.129, 'vv': 0.24, 'w': 0.411, 'z': 0.862}","{'lm': 0.595, 'd': 0.207, 'beta': 0.884, 'a': 0.797, 'k': 0.502, 'uu': 0.838, 'c': 0.533, 'q': 0.839, 'b': 0.764, 'h': 0.875}",-1.0,1.0,1001,hiv,[],0.0001,True,True,amigo2,"[['lm', '5.9464e-01'], ['d', '2.0668e-01'], ['beta', '8.8498e-01'], ['a', '7.9673e-01'], ['k', '5.0149e-01'], ['uu', '8.3831e-01'], ['c', '5.3348e-01'], ['q', '8.4276e-01'], ['b', '7.6371e-01'], ['h', '8.7526e-01'], ['x', '8.3599e-01'], ['yy', '1.2943e-01'], ['vv', '2.3957e-01'], ['w', '4.1100e-01'], ['z', '8.6201e-01']]",327.0744569301605
1955,391,hiv_1_1em4,"{'x': 0.298, 'yy': 0.132, 'vv': 0.148, 'w': 0.149, 'z': 0.826}","{'lm': 0.34, 'd': 0.228, 'beta': 0.809, 'a': 0.457, 'k': 0.826, 'uu': 0.228, 'c': 0.629, 'q': 0.452, 'b': 0.161, 'h': 0.657}",-1.0,1.0,1001,hiv,[],0.0001,False,False,pe,,
1956,391,hiv_1_1em4,"{'x': 0.298, 'yy': 0.132, 'vv': 0.148, 'w': 0.149, 'z': 0.826}","{'lm': 0.34, 'd': 0.228, 'beta': 0.809, 'a': 0.457, 'k': 0.826, 'uu': 0.228, 'c': 0.629, 'q': 0.452, 'b': 0.161, 'h': 0.657}",-1.0,1.0,1001,hiv,[],0.0001,False,False,odepe,,
1957,391,hiv_1_1em4,"{'x': 0.298, 'yy': 0.132, 'vv': 0.148, 'w': 0.149, 'z': 0.826}","{'lm': 0.34, 'd': 0.228, 'beta': 0.809, 'a': 0.457, 'k': 0.826, 'uu': 0.228, 'c': 0.629, 'q': 0.452, 'b': 0.161, 'h': 0.657}",-1.0,1.0,1001,hiv,[],0.0001,True,True,sciml,"[['lm', '0.3403583301738764'], ['d', '0.22865675050667197'], ['beta', '0.8129764370224384'], ['a', '0.44994763626380635'], ['k', '0.8232459983660074'], ['uu', '0.23354933550259938'], ['c', '0.6229768748773565'], ['q', '0.4503807821110109'], ['b', '0.1611345255525414'], ['h', '0.6569311180862618'], ['x', '0.29800112504892856'], ['yy', '0.13217019354779944'], ['vv', '0.14783522041358166'], ['w', '0.14899567854445783'], ['z', '0.8260051488392443']]",291.9727346897125
1958,391,hiv_1_1em4,"{'x': 0.298, 'yy': 0.132, 'vv': 0.148, 'w': 0.149, 'z': 0.826}","{'lm': 0.34, 'd': 0.228, 'beta': 0.809, 'a': 0.457, 'k': 0.826, 'uu': 0.228, 'c': 0.629, 'q': 0.452, 'b': 0.161, 'h': 0.657}",-1.0,1.0,1001,hiv,[],0.0001,False,False,iqm,,
1959,391,hiv_1_1em4,"{'x': 0.298, 'yy': 0.132, 'vv': 0.148, 'w': 0.149, 'z': 0.826}","{'lm': 0.34, 'd': 0.228, 'beta': 0.809, 'a': 0.457, 'k': 0.826, 'uu': 0.228, 'c': 0.629, 'q': 0.452, 'b': 0.161, 'h': 0.657}",-1.0,1.0,1001,hiv,[],0.0001,True,True,amigo2,"[['lm', '3.4036e-01'], ['d', '2.2866e-01'], ['beta', '8.1298e-01'], ['a', '4.4995e-01'], ['k', '8.2324e-01'], ['uu', '2.3355e-01'], ['c', '6.2298e-01'], ['q', '4.5038e-01'], ['b', '1.6113e-01'], ['h', '6.5693e-01'], ['x', '2.9800e-01'], ['yy', '1.3217e-01'], ['vv', '1.4784e-01'], ['w', '1.4900e-01'], ['z', '8.2601e-01']]",1581.7133462429047
1960,392,hiv_2_1em4,"{'x': 0.24, 'yy': 0.362, 'vv': 0.644, 'w': 0.151, 'z': 0.586}","{'lm': 0.692, 'd': 0.818, 'beta': 0.638, 'a': 0.523, 'k': 0.344, 'uu': 0.898, 'c': 0.39, 'q': 0.477, 'b': 0.403, 'h': 0.884}",-1.0,1.0,1001,hiv,[],0.0001,False,False,pe,,
1961,392,hiv_2_1em4,"{'x': 0.24, 'yy': 0.362, 'vv': 0.644, 'w': 0.151, 'z': 0.586}","{'lm': 0.692, 'd': 0.818, 'beta': 0.638, 'a': 0.523, 'k': 0.344, 'uu': 0.898, 'c': 0.39, 'q': 0.477, 'b': 0.403, 'h': 0.884}",-1.0,1.0,1001,hiv,[],0.0001,False,False,odepe,,
1962,392,hiv_2_1em4,"{'x': 0.24, 'yy': 0.362, 'vv': 0.644, 'w': 0.151, 'z': 0.586}","{'lm': 0.692, 'd': 0.818, 'beta': 0.638, 'a': 0.523, 'k': 0.344, 'uu': 0.898, 'c': 0.39, 'q': 0.477, 'b': 0.403, 'h': 0.884}",-1.0,1.0,1001,hiv,[],0.0001,True,True,sciml,"[['lm', '0.6919412606091432'], ['d', '0.8173748169108018'], ['beta', '0.637470526655687'], ['a', '0.525380499366574'], ['k', '0.3474892706234028'], ['uu', '0.8974619825088992'], ['c', '0.38989598376372164'], ['q', '0.4806346781954628'], ['b', '0.40256980568643314'], ['h', '0.8840814873684673'], ['x', '0.2399976352812763'], ['yy', '0.3609334768133324'], ['vv', '0.6450601805543724'], ['w', '0.15100027434911648'], ['z', '0.5859974273281159']]",497.2873468399048
1963,392,hiv_2_1em4,"{'x': 0.24, 'yy': 0.362, 'vv': 0.644, 'w': 0.151, 'z': 0.586}","{'lm': 0.692, 'd': 0.818, 'beta': 0.638, 'a': 0.523, 'k': 0.344, 'uu': 0.898, 'c': 0.39, 'q': 0.477, 'b': 0.403, 'h': 0.884}",-1.0,1.0,1001,hiv,[],0.0001,False,False,iqm,,
1964,392,hiv_2_1em4,"{'x': 0.24, 'yy': 0.362, 'vv': 0.644, 'w': 0.151, 'z': 0.586}","{'lm': 0.692, 'd': 0.818, 'beta': 0.638, 'a': 0.523, 'k': 0.344, 'uu': 0.898, 'c': 0.39, 'q': 0.477, 'b': 0.403, 'h': 0.884}",-1.0,1.0,1001,hiv,[],0.0001,True,True,amigo2,"[['lm', '6.3550e-01'], ['d', '6.6054e-01'], ['beta', '8.9220e-01'], ['a', '8.2650e-01'], ['k', '0.0000e+00'], ['uu', '3.1788e-01'], ['c', '2.7757e-02'], ['q', '4.5829e+00'], ['b', '3.6121e-01'], ['h', '8.8083e-01'], ['x', '2.4040e-01'], ['yy', '6.0461e-01'], ['vv', '4.0113e-01'], ['w', '1.5094e-01'], ['z', '5.8533e-01']]",344.69763708114624
1965,393,hiv_3_1em4,"{'x': 0.375, 'yy': 0.573, 'vv': 0.627, 'w': 0.418, 'z': 0.899}","{'lm': 0.482, 'd': 0.327, 'beta': 0.291, 'a': 0.512, 'k': 0.394, 'uu': 0.465, 'c': 0.37, 'q': 0.876, 'b': 0.207, 'h': 0.177}",-1.0,1.0,1001,hiv,[],0.0001,False,False,pe,,
1966,393,hiv_3_1em4,"{'x': 0.375, 'yy': 0.573, 'vv': 0.627, 'w': 0.418, 'z': 0.899}","{'lm': 0.482, 'd': 0.327, 'beta': 0.291, 'a': 0.512, 'k': 0.394, 'uu': 0.465, 'c': 0.37, 'q': 0.876, 'b': 0.207, 'h': 0.177}",-1.0,1.0,1001,hiv,[],0.0001,False,False,odepe,,
1967,393,hiv_3_1em4,"{'x': 0.375, 'yy': 0.573, 'vv': 0.627, 'w': 0.418, 'z': 0.899}","{'lm': 0.482, 'd': 0.327, 'beta': 0.291, 'a': 0.512, 'k': 0.394, 'uu': 0.465, 'c': 0.37, 'q': 0.876, 'b': 0.207, 'h': 0.177}",-1.0,1.0,1001,hiv,[],0.0001,True,True,sciml,"[['lm', '0.48227290145161483'], ['d', '0.3275540119025326'], ['beta', '0.289555213356871'], ['a', '0.5123861643054366'], ['k', '0.3961383591862359'], ['uu', '0.46470430011407604'], ['c', '0.3722809320795764'], ['q', '0.8769664773897673'], ['b', '0.20683699237512257'], ['h', '0.17707837707775242'], ['x', '0.3749952797952255'], ['yy', '0.5693810753584312'], ['vv', '0.6306230579007439'], ['w', '0.41800717380458735'], ['z', '0.8990012987160276']]",639.2958600521088
1968,393,hiv_3_1em4,"{'x': 0.375, 'yy': 0.573, 'vv': 0.627, 'w': 0.418, 'z': 0.899}","{'lm': 0.482, 'd': 0.327, 'beta': 0.291, 'a': 0.512, 'k': 0.394, 'uu': 0.465, 'c': 0.37, 'q': 0.876, 'b': 0.207, 'h': 0.177}",-1.0,1.0,1001,hiv,[],0.0001,False,False,iqm,,
1969,393,hiv_3_1em4,"{'x': 0.375, 'yy': 0.573, 'vv': 0.627, 'w': 0.418, 'z': 0.899}","{'lm': 0.482, 'd': 0.327, 'beta': 0.291, 'a': 0.512, 'k': 0.394, 'uu': 0.465, 'c': 0.37, 'q': 0.876, 'b': 0.207, 'h': 0.177}",-1.0,1.0,1001,hiv,[],0.0001,True,True,amigo2,"[['lm', '4.8227e-01'], ['d', '3.2755e-01'], ['beta', '2.8956e-01'], ['a', '5.1239e-01'], ['k', '3.9614e-01'], ['uu', '4.6470e-01'], ['c', '3.7228e-01'], ['q', '8.7697e-01'], ['b', '2.0684e-01'], ['h', '1.7708e-01'], ['x', '3.7500e-01'], ['yy', '5.6938e-01'], ['vv', '6.3062e-01'], ['w', '4.1801e-01'], ['z', '8.9900e-01']]",2746.094886302948
1970,394,hiv_4_1em4,"{'x': 0.15, 'yy': 0.294, 'vv': 0.446, 'w': 0.518, 'z': 0.718}","{'lm': 0.382, 'd': 0.677, 'beta': 0.61, 'a': 0.75, 'k': 0.881, 'uu': 0.812, 'c': 0.712, 'q': 0.659, 'b': 0.368, 'h': 0.218}",-1.0,1.0,1001,hiv,[],0.0001,False,False,pe,,
1971,394,hiv_4_1em4,"{'x': 0.15, 'yy': 0.294, 'vv': 0.446, 'w': 0.518, 'z': 0.718}","{'lm': 0.382, 'd': 0.677, 'beta': 0.61, 'a': 0.75, 'k': 0.881, 'uu': 0.812, 'c': 0.712, 'q': 0.659, 'b': 0.368, 'h': 0.218}",-1.0,1.0,1001,hiv,[],0.0001,False,False,odepe,,
1972,394,hiv_4_1em4,"{'x': 0.15, 'yy': 0.294, 'vv': 0.446, 'w': 0.518, 'z': 0.718}","{'lm': 0.382, 'd': 0.677, 'beta': 0.61, 'a': 0.75, 'k': 0.881, 'uu': 0.812, 'c': 0.712, 'q': 0.659, 'b': 0.368, 'h': 0.218}",-1.0,1.0,1001,hiv,[],0.0001,True,True,sciml,"[['lm', '0.3572591459173499'], ['d', '0.5849388232356313'], ['beta', '1.109408508378286'], ['a', '0.6816595501531784'], ['k', '0.3985027090465159'], ['uu', '0.8232472557475156'], ['c', '0.34668538982090313'], ['q', '0.695595220384649'], ['b', '0.3702758358633839'], ['h', '0.21377871100547757'], ['x', '0.15017801400066239'], ['yy', '0.5454308599869137'], ['vv', '0.19455607380074977'], ['w', '0.5179341887180905'], ['z', '0.7180072146073433']]",527.8323392868042
1973,394,hiv_4_1em4,"{'x': 0.15, 'yy': 0.294, 'vv': 0.446, 'w': 0.518, 'z': 0.718}","{'lm': 0.382, 'd': 0.677, 'beta': 0.61, 'a': 0.75, 'k': 0.881, 'uu': 0.812, 'c': 0.712, 'q': 0.659, 'b': 0.368, 'h': 0.218}",-1.0,1.0,1001,hiv,[],0.0001,False,False,iqm,,
1974,394,hiv_4_1em4,"{'x': 0.15, 'yy': 0.294, 'vv': 0.446, 'w': 0.518, 'z': 0.718}","{'lm': 0.382, 'd': 0.677, 'beta': 0.61, 'a': 0.75, 'k': 0.881, 'uu': 0.812, 'c': 0.712, 'q': 0.659, 'b': 0.368, 'h': 0.218}",-1.0,1.0,1001,hiv,[],0.0001,True,True,amigo2,"[['lm', '3.8201e-01'], ['d', '6.7704e-01'], ['beta', '6.0932e-01'], ['a', '7.5034e-01'], ['k', '8.8368e-01'], ['uu', '8.1235e-01'], ['c', '7.1403e-01'], ['q', '6.5805e-01'], ['b', '3.6807e-01'], ['h', '2.1797e-01'], ['x', '1.5000e-01'], ['yy', '2.9345e-01'], ['vv', '4.4656e-01'], ['w', '5.1799e-01'], ['z', '7.1800e-01']]",1734.795092344284
1975,395,hiv_5_1em4,"{'x': 0.218, 'yy': 0.648, 'vv': 0.625, 'w': 0.79, 'z': 0.178}","{'lm': 0.867, 'd': 0.194, 'beta': 0.186, 'a': 0.572, 'k': 0.696, 'uu': 0.779, 'c': 0.849, 'q': 0.887, 'b': 0.42, 'h': 0.404}",-1.0,1.0,1001,hiv,[],0.0001,False,False,pe,,
1976,395,hiv_5_1em4,"{'x': 0.218, 'yy': 0.648, 'vv': 0.625, 'w': 0.79, 'z': 0.178}","{'lm': 0.867, 'd': 0.194, 'beta': 0.186, 'a': 0.572, 'k': 0.696, 'uu': 0.779, 'c': 0.849, 'q': 0.887, 'b': 0.42, 'h': 0.404}",-1.0,1.0,1001,hiv,[],0.0001,False,False,odepe,,
1977,395,hiv_5_1em4,"{'x': 0.218, 'yy': 0.648, 'vv': 0.625, 'w': 0.79, 'z': 0.178}","{'lm': 0.867, 'd': 0.194, 'beta': 0.186, 'a': 0.572, 'k': 0.696, 'uu': 0.779, 'c': 0.849, 'q': 0.887, 'b': 0.42, 'h': 0.404}",-1.0,1.0,1001,hiv,[],0.0001,True,True,sciml,"[['lm', '0.8363665661253641'], ['d', '0.20081038742933488'], ['beta', '9.791889937893082'], ['a', '0.30161016427492937'], ['k', '0.36991704517518287'], ['uu', '70.62127763005537'], ['c', '6.2045253271055454e-15'], ['q', '99.22330885161861'], ['b', '0.004435937285907077'], ['h', '0.004655559150041105'], ['x', '0.2544880169868599'], ['yy', '1.2019070135054781'], ['vv', '0.8746458307170311'], ['w', '0.010670872168441934'], ['z', '0.0050828242693263526']]",205.05896258354187
1978,395,hiv_5_1em4,"{'x': 0.218, 'yy': 0.648, 'vv': 0.625, 'w': 0.79, 'z': 0.178}","{'lm': 0.867, 'd': 0.194, 'beta': 0.186, 'a': 0.572, 'k': 0.696, 'uu': 0.779, 'c': 0.849, 'q': 0.887, 'b': 0.42, 'h': 0.404}",-1.0,1.0,1001,hiv,[],0.0001,False,False,iqm,,
1979,395,hiv_5_1em4,"{'x': 0.218, 'yy': 0.648, 'vv': 0.625, 'w': 0.79, 'z': 0.178}","{'lm': 0.867, 'd': 0.194, 'beta': 0.186, 'a': 0.572, 'k': 0.696, 'uu': 0.779, 'c': 0.849, 'q': 0.887, 'b': 0.42, 'h': 0.404}",-1.0,1.0,1001,hiv,[],0.0001,True,True,amigo2,"[['lm', '8.6702e-01'], ['d', '1.9401e-01'], ['beta', '1.8614e-01'], ['a', '5.7176e-01'], ['k', '6.9565e-01'], ['uu', '7.7956e-01'], ['c', '8.4816e-01'], ['q', '8.8722e-01'], ['b', '4.1993e-01'], ['h', '4.0404e-01'], ['x', '2.1800e-01'], ['yy', '6.4847e-01'], ['vv', '6.2454e-01'], ['w', '7.9000e-01'], ['z', '1.7800e-01']]",330.01034283638
1980,396,hiv_6_1em4,"{'x': 0.439, 'yy': 0.786, 'vv': 0.194, 'w': 0.317, 'z': 0.423}","{'lm': 0.498, 'd': 0.565, 'beta': 0.293, 'a': 0.235, 'k': 0.788, 'uu': 0.147, 'c': 0.476, 'q': 0.193, 'b': 0.466, 'h': 0.884}",-1.0,1.0,1001,hiv,[],0.0001,False,False,pe,,
1981,396,hiv_6_1em4,"{'x': 0.439, 'yy': 0.786, 'vv': 0.194, 'w': 0.317, 'z': 0.423}","{'lm': 0.498, 'd': 0.565, 'beta': 0.293, 'a': 0.235, 'k': 0.788, 'uu': 0.147, 'c': 0.476, 'q': 0.193, 'b': 0.466, 'h': 0.884}",-1.0,1.0,1001,hiv,[],0.0001,False,False,odepe,,
1982,396,hiv_6_1em4,"{'x': 0.439, 'yy': 0.786, 'vv': 0.194, 'w': 0.317, 'z': 0.423}","{'lm': 0.498, 'd': 0.565, 'beta': 0.293, 'a': 0.235, 'k': 0.788, 'uu': 0.147, 'c': 0.476, 'q': 0.193, 'b': 0.466, 'h': 0.884}",-1.0,1.0,1001,hiv,[],0.0001,True,True,sciml,"[['lm', '0.4913188963479675'], ['d', '0.6073342923241374'], ['beta', '0.23647226016472986'], ['a', '0.3233577874507538'], ['k', '0.7633760350242044'], ['uu', '0.03328467847660436'], ['c', '0.19986006478602258'], ['q', '0.6617692945512904'], ['b', '0.328771441038775'], ['h', '0.9268526186612944'], ['x', '0.43903403661160184'], ['yy', '0.9799793745570154'], ['vv', '2.7318970857579445e-10'], ['w', '0.31694843354949964'], ['z', '0.42299513555232526']]",354.86153268814087
1983,396,hiv_6_1em4,"{'x': 0.439, 'yy': 0.786, 'vv': 0.194, 'w': 0.317, 'z': 0.423}","{'lm': 0.498, 'd': 0.565, 'beta': 0.293, 'a': 0.235, 'k': 0.788, 'uu': 0.147, 'c': 0.476, 'q': 0.193, 'b': 0.466, 'h': 0.884}",-1.0,1.0,1001,hiv,[],0.0001,False,False,iqm,,
1984,396,hiv_6_1em4,"{'x': 0.439, 'yy': 0.786, 'vv': 0.194, 'w': 0.317, 'z': 0.423}","{'lm': 0.498, 'd': 0.565, 'beta': 0.293, 'a': 0.235, 'k': 0.788, 'uu': 0.147, 'c': 0.476, 'q': 0.193, 'b': 0.466, 'h': 0.884}",-1.0,1.0,1001,hiv,[],0.0001,True,True,amigo2,"[['lm', '4.9781e-01'], ['d', '5.6346e-01'], ['beta', '2.9324e-01'], ['a', '2.3685e-01'], ['k', '7.9272e-01'], ['uu', '1.4725e-01'], ['c', '4.7957e-01'], ['q', '1.9251e-01'], ['b', '4.6645e-01'], ['h', '8.8398e-01'], ['x', '4.3901e-01'], ['yy', '7.8232e-01'], ['vv', '1.9767e-01'], ['w', '3.1700e-01'], ['z', '4.2300e-01']]",313.76989126205444
1985,397,hiv_7_1em4,"{'x': 0.623, 'yy': 0.681, 'vv': 0.53, 'w': 0.188, 'z': 0.424}","{'lm': 0.42, 'd': 0.637, 'beta': 0.376, 'a': 0.671, 'k': 0.611, 'uu': 0.419, 'c': 0.445, 'q': 0.592, 'b': 0.156, 'h': 0.758}",-1.0,1.0,1001,hiv,[],0.0001,False,False,pe,,
1986,397,hiv_7_1em4,"{'x': 0.623, 'yy': 0.681, 'vv': 0.53, 'w': 0.188, 'z': 0.424}","{'lm': 0.42, 'd': 0.637, 'beta': 0.376, 'a': 0.671, 'k': 0.611, 'uu': 0.419, 'c': 0.445, 'q': 0.592, 'b': 0.156, 'h': 0.758}",-1.0,1.0,1001,hiv,[],0.0001,False,False,odepe,,
1987,397,hiv_7_1em4,"{'x': 0.623, 'yy': 0.681, 'vv': 0.53, 'w': 0.188, 'z': 0.424}","{'lm': 0.42, 'd': 0.637, 'beta': 0.376, 'a': 0.671, 'k': 0.611, 'uu': 0.419, 'c': 0.445, 'q': 0.592, 'b': 0.156, 'h': 0.758}",-1.0,1.0,1001,hiv,[],0.0001,True,True,sciml,"[['lm', '0.42012540552610833'], ['d', '0.6370840188061808'], ['beta', '0.3755067587764325'], ['a', '0.6730947233353207'], ['k', '0.6129843746748793'], ['uu', '0.4183377351268354'], ['c', '0.44816533703597633'], ['q', '0.5919335146912209'], ['b', '0.15598034716933695'], ['h', '0.7583839076932034'], ['x', '0.6229925883731597'], ['yy', '0.680092285369598'], ['vv', '0.5309023900122192'], ['w', '0.18799642537515915'], ['z', '0.4239955297039253']]",502.715224981308
1988,397,hiv_7_1em4,"{'x': 0.623, 'yy': 0.681, 'vv': 0.53, 'w': 0.188, 'z': 0.424}","{'lm': 0.42, 'd': 0.637, 'beta': 0.376, 'a': 0.671, 'k': 0.611, 'uu': 0.419, 'c': 0.445, 'q': 0.592, 'b': 0.156, 'h': 0.758}",-1.0,1.0,1001,hiv,[],0.0001,False,False,iqm,,
1989,397,hiv_7_1em4,"{'x': 0.623, 'yy': 0.681, 'vv': 0.53, 'w': 0.188, 'z': 0.424}","{'lm': 0.42, 'd': 0.637, 'beta': 0.376, 'a': 0.671, 'k': 0.611, 'uu': 0.419, 'c': 0.445, 'q': 0.592, 'b': 0.156, 'h': 0.758}",-1.0,1.0,1001,hiv,[],0.0001,True,True,amigo2,"[['lm', '8.0484e-02'], ['d', '0.0000e+00'], ['beta', '4.0599e-01'], ['a', '3.5411e-01'], ['k', '0.0000e+00'], ['uu', '2.1712e-01'], ['c', '2.7365e-01'], ['q', '2.4208e-01'], ['b', '2.0183e-01'], ['h', '6.9349e-01'], ['x', '6.2399e-01'], ['yy', '4.6089e-01'], ['vv', '7.4982e-01'], ['w', '1.8818e-01'], ['z', '4.2408e-01']]",2187.828921318054
1990,398,hiv_8_1em4,"{'x': 0.794, 'yy': 0.123, 'vv': 0.528, 'w': 0.423, 'z': 0.519}","{'lm': 0.424, 'd': 0.357, 'beta': 0.124, 'a': 0.69, 'k': 0.188, 'uu': 0.585, 'c': 0.663, 'q': 0.608, 'b': 0.867, 'h': 0.183}",-1.0,1.0,1001,hiv,[],0.0001,False,False,pe,,
1991,398,hiv_8_1em4,"{'x': 0.794, 'yy': 0.123, 'vv': 0.528, 'w': 0.423, 'z': 0.519}","{'lm': 0.424, 'd': 0.357, 'beta': 0.124, 'a': 0.69, 'k': 0.188, 'uu': 0.585, 'c': 0.663, 'q': 0.608, 'b': 0.867, 'h': 0.183}",-1.0,1.0,1001,hiv,[],0.0001,False,False,odepe,,
1992,398,hiv_8_1em4,"{'x': 0.794, 'yy': 0.123, 'vv': 0.528, 'w': 0.423, 'z': 0.519}","{'lm': 0.424, 'd': 0.357, 'beta': 0.124, 'a': 0.69, 'k': 0.188, 'uu': 0.585, 'c': 0.663, 'q': 0.608, 'b': 0.867, 'h': 0.183}",-1.0,1.0,1001,hiv,[],0.0001,True,True,sciml,"[['lm', '0.4863069846302223'], ['d', '0.41127687854272243'], ['beta', '0.13790533844013764'], ['a', '49.39774143963562'], ['k', '30.013817187428536'], ['uu', '0.5564840945065859'], ['c', '51.9990041293533'], ['q', '0.6548267618635252'], ['b', '0.8621459928265567'], ['h', '0.1818008896658446'], ['x', '0.7939961801395651'], ['yy', '0.0013031700672297799'], ['vv', '0.6496144971844036'], ['w', '0.42299463322374714'], ['z', '0.5189766793956004']]",327.44830346107483
1993,398,hiv_8_1em4,"{'x': 0.794, 'yy': 0.123, 'vv': 0.528, 'w': 0.423, 'z': 0.519}","{'lm': 0.424, 'd': 0.357, 'beta': 0.124, 'a': 0.69, 'k': 0.188, 'uu': 0.585, 'c': 0.663, 'q': 0.608, 'b': 0.867, 'h': 0.183}",-1.0,1.0,1001,hiv,[],0.0001,False,False,iqm,,
1994,398,hiv_8_1em4,"{'x': 0.794, 'yy': 0.123, 'vv': 0.528, 'w': 0.423, 'z': 0.519}","{'lm': 0.424, 'd': 0.357, 'beta': 0.124, 'a': 0.69, 'k': 0.188, 'uu': 0.585, 'c': 0.663, 'q': 0.608, 'b': 0.867, 'h': 0.183}",-1.0,1.0,1001,hiv,[],0.0001,True,True,amigo2,"[['lm', '4.2333e-01'], ['d', '3.5579e-01'], ['beta', '1.2047e-01'], ['a', '7.5294e-01'], ['k', '2.4407e-01'], ['uu', '5.8127e-01'], ['c', '7.8228e-01'], ['q', '6.0304e-01'], ['b', '8.6751e-01'], ['h', '1.8306e-01'], ['x', '7.9400e-01'], ['yy', '1.0490e-01'], ['vv', '5.4609e-01'], ['w', '4.2300e-01'], ['z', '5.1901e-01']]",1997.6751656532288
1995,399,hiv_9_1em4,"{'x': 0.18, 'yy': 0.312, 'vv': 0.153, 'w': 0.152, 'z': 0.785}","{'lm': 0.392, 'd': 0.252, 'beta': 0.115, 'a': 0.515, 'k': 0.774, 'uu': 0.399, 'c': 0.278, 'q': 0.164, 'b': 0.168, 'h': 0.277}",-1.0,1.0,1001,hiv,[],0.0001,False,False,pe,,
1996,399,hiv_9_1em4,"{'x': 0.18, 'yy': 0.312, 'vv': 0.153, 'w': 0.152, 'z': 0.785}","{'lm': 0.392, 'd': 0.252, 'beta': 0.115, 'a': 0.515, 'k': 0.774, 'uu': 0.399, 'c': 0.278, 'q': 0.164, 'b': 0.168, 'h': 0.277}",-1.0,1.0,1001,hiv,[],0.0001,False,False,odepe,,
1997,399,hiv_9_1em4,"{'x': 0.18, 'yy': 0.312, 'vv': 0.153, 'w': 0.152, 'z': 0.785}","{'lm': 0.392, 'd': 0.252, 'beta': 0.115, 'a': 0.515, 'k': 0.774, 'uu': 0.399, 'c': 0.278, 'q': 0.164, 'b': 0.168, 'h': 0.277}",-1.0,1.0,1001,hiv,[],0.0001,True,True,sciml,"[['lm', '0.39663001796657155'], ['d', '0.28287222421878644'], ['beta', '0.01965924163975539'], ['a', '0.6212761115927149'], ['k', '4.445938640179185'], ['uu', '0.3133624438187781'], ['c', '2.5702305075023597'], ['q', '0.1284941945640445'], ['b', '0.17256726844629175'], ['h', '0.2767993687520574'], ['x', '0.1799329384905089'], ['yy', '0.04033338563594924'], ['vv', '0.4246799363615424'], ['w', '0.15200715702912668'], ['z', '0.784999458349785']]",1056.5555419921875
1998,399,hiv_9_1em4,"{'x': 0.18, 'yy': 0.312, 'vv': 0.153, 'w': 0.152, 'z': 0.785}","{'lm': 0.392, 'd': 0.252, 'beta': 0.115, 'a': 0.515, 'k': 0.774, 'uu': 0.399, 'c': 0.278, 'q': 0.164, 'b': 0.168, 'h': 0.277}",-1.0,1.0,1001,hiv,[],0.0001,False,False,iqm,,
1999,399,hiv_9_1em4,"{'x': 0.18, 'yy': 0.312, 'vv': 0.153, 'w': 0.152, 'z': 0.785}","{'lm': 0.392, 'd': 0.252, 'beta': 0.115, 'a': 0.515, 'k': 0.774, 'uu': 0.399, 'c': 0.278, 'q': 0.164, 'b': 0.168, 'h': 0.277}",-1.0,1.0,1001,hiv,[],0.0001,True,True,amigo2,"[['lm', '3.9663e-01'], ['d', '2.8287e-01'], ['beta', '1.9659e-02'], ['a', '6.2128e-01'], ['k', '4.4459e+00'], ['uu', '3.1336e-01'], ['c', '2.5702e+00'], ['q', '1.2849e-01'], ['b', '1.7257e-01'], ['h', '2.7680e-01'], ['x', '1.7993e-01'], ['yy', '4.0333e-02'], ['vv', '4.2468e-01'], ['w', '1.5201e-01'], ['z', '7.8500e-01']]",1737.0610263347626
2000,400,lotka_volterra_0_1em4,"{'r': 0.465, 'w': 0.223}","{'k1': 0.23, 'k2': 0.548, 'k3': 0.719}",-1.0,1.0,1001,lotka_volterra,[],0.0001,False,False,pe,,
2001,400,lotka_volterra_0_1em4,"{'r': 0.465, 'w': 0.223}","{'k1': 0.23, 'k2': 0.548, 'k3': 0.719}",-1.0,1.0,1001,lotka_volterra,[],0.0001,False,False,odepe,,
2002,400,lotka_volterra_0_1em4,"{'r': 0.465, 'w': 0.223}","{'k1': 0.23, 'k2': 0.548, 'k3': 0.719}",-1.0,1.0,1001,lotka_volterra,[],0.0001,True,True,sciml,"[['k1', '0.24556432249902413'], ['k2', '0.7890827823560229'], ['k3', '0.7760885661348121'], ['r', '0.4649966405648349'], ['w', '0.17449827999656325']]",1584.777088880539
2003,400,lotka_volterra_0_1em4,"{'r': 0.465, 'w': 0.223}","{'k1': 0.23, 'k2': 0.548, 'k3': 0.719}",-1.0,1.0,1001,lotka_volterra,[],0.0001,False,False,iqm,,
2004,400,lotka_volterra_0_1em4,"{'r': 0.465, 'w': 0.223}","{'k1': 0.23, 'k2': 0.548, 'k3': 0.719}",-1.0,1.0,1001,lotka_volterra,[],0.0001,True,True,amigo2,"[['k1', '2.4556e-01'], ['k2', '7.8908e-01'], ['k3', '7.7609e-01'], ['r', '4.6500e-01'], ['w', '1.7450e-01']]",662.1293292045593
2005,401,lotka_volterra_1_1em4,"{'r': 0.38, 'w': 0.725}","{'k1': 0.26, 'k2': 0.446, 'k3': 0.523}",-1.0,1.0,1001,lotka_volterra,[],0.0001,False,False,pe,,
2006,401,lotka_volterra_1_1em4,"{'r': 0.38, 'w': 0.725}","{'k1': 0.26, 'k2': 0.446, 'k3': 0.523}",-1.0,1.0,1001,lotka_volterra,[],0.0001,False,False,odepe,,
2007,401,lotka_volterra_1_1em4,"{'r': 0.38, 'w': 0.725}","{'k1': 0.26, 'k2': 0.446, 'k3': 0.523}",-1.0,1.0,1001,lotka_volterra,[],0.0001,True,True,sciml,"[['k1', '0.26220539476491966'], ['k2', '0.5626158427684268'], ['k3', '0.5635420968522997'], ['r', '0.3799983523041227'], ['w', '0.5784907993306281']]",838.3734841346741
2008,401,lotka_volterra_1_1em4,"{'r': 0.38, 'w': 0.725}","{'k1': 0.26, 'k2': 0.446, 'k3': 0.523}",-1.0,1.0,1001,lotka_volterra,[],0.0001,False,False,iqm,,
2009,401,lotka_volterra_1_1em4,"{'r': 0.38, 'w': 0.725}","{'k1': 0.26, 'k2': 0.446, 'k3': 0.523}",-1.0,1.0,1001,lotka_volterra,[],0.0001,True,True,amigo2,"[['k1', '2.6196e-01'], ['k2', '5.5113e-01'], ['k3', '5.5959e-01'], ['r', '3.8000e-01'], ['w', '5.9012e-01']]",983.0624194145203
2010,402,lotka_volterra_2_1em4,"{'r': 0.817, 'w': 0.414}","{'k1': 0.701, 'k2': 0.842, 'k3': 0.123}",-1.0,1.0,1001,lotka_volterra,[],0.0001,False,False,pe,,
2011,402,lotka_volterra_2_1em4,"{'r': 0.817, 'w': 0.414}","{'k1': 0.701, 'k2': 0.842, 'k3': 0.123}",-1.0,1.0,1001,lotka_volterra,[],0.0001,False,False,odepe,,
2012,402,lotka_volterra_2_1em4,"{'r': 0.817, 'w': 0.414}","{'k1': 0.701, 'k2': 0.842, 'k3': 0.123}",-1.0,1.0,1001,lotka_volterra,[],0.0001,True,True,sciml,"[['k1', '46.17413635910859'], ['k2', '86.63432267381062'], ['k3', '99.99645443295879'], ['r', '2.0992725036055084'], ['w', '80.45801212921236']]",249.98065829277039
2013,402,lotka_volterra_2_1em4,"{'r': 0.817, 'w': 0.414}","{'k1': 0.701, 'k2': 0.842, 'k3': 0.123}",-1.0,1.0,1001,lotka_volterra,[],0.0001,False,False,iqm,,
2014,402,lotka_volterra_2_1em4,"{'r': 0.817, 'w': 0.414}","{'k1': 0.701, 'k2': 0.842, 'k3': 0.123}",-1.0,1.0,1001,lotka_volterra,[],0.0001,True,True,amigo2,"[['k1', '7.0082e-01'], ['k2', '8.4106e-01'], ['k3', '1.2191e-01'], ['r', '8.1700e-01'], ['w', '4.1426e-01']]",282.6066246032715
2015,403,lotka_volterra_3_1em4,"{'r': 0.707, 'w': 0.392}","{'k1': 0.803, 'k2': 0.653, 'k3': 0.89}",-1.0,1.0,1001,lotka_volterra,[],0.0001,False,False,pe,,
2016,403,lotka_volterra_3_1em4,"{'r': 0.707, 'w': 0.392}","{'k1': 0.803, 'k2': 0.653, 'k3': 0.89}",-1.0,1.0,1001,lotka_volterra,[],0.0001,False,False,odepe,,
2017,403,lotka_volterra_3_1em4,"{'r': 0.707, 'w': 0.392}","{'k1': 0.803, 'k2': 0.653, 'k3': 0.89}",-1.0,1.0,1001,lotka_volterra,[],0.0001,True,True,sciml,"[['k1', '0.836782410432619'], ['k2', '0.5631326140726186'], ['k3', '0.7674684049173426'], ['r', '0.7069623602213326'], ['w', '0.5136060460875763']]",233.03031468391418
2018,403,lotka_volterra_3_1em4,"{'r': 0.707, 'w': 0.392}","{'k1': 0.803, 'k2': 0.653, 'k3': 0.89}",-1.0,1.0,1001,lotka_volterra,[],0.0001,False,False,iqm,,
2019,403,lotka_volterra_3_1em4,"{'r': 0.707, 'w': 0.392}","{'k1': 0.803, 'k2': 0.653, 'k3': 0.89}",-1.0,1.0,1001,lotka_volterra,[],0.0001,True,True,amigo2,"[['k1', '5.9779e-01'], ['k2', '1.2280e-03'], ['k3', '8.3760e+00'], ['r', '7.0888e-01'], ['w', '1.0000e+02']]",354.5999381542206
2020,404,lotka_volterra_4_1em4,"{'r': 0.309, 'w': 0.497}","{'k1': 0.501, 'k2': 0.401, 'k3': 0.392}",-1.0,1.0,1001,lotka_volterra,[],0.0001,False,False,pe,,
2021,404,lotka_volterra_4_1em4,"{'r': 0.309, 'w': 0.497}","{'k1': 0.501, 'k2': 0.401, 'k3': 0.392}",-1.0,1.0,1001,lotka_volterra,[],0.0001,False,False,odepe,,
2022,404,lotka_volterra_4_1em4,"{'r': 0.309, 'w': 0.497}","{'k1': 0.501, 'k2': 0.401, 'k3': 0.392}",-1.0,1.0,1001,lotka_volterra,[],0.0001,True,True,sciml,"[['k1', '27.099104503343117'], ['k2', '99.99999999462247'], ['k3', '43.87223110804379'], ['r', '0.43808030255582314'], ['w', '0.2779834323648766']]",165.25957489013672
2023,404,lotka_volterra_4_1em4,"{'r': 0.309, 'w': 0.497}","{'k1': 0.501, 'k2': 0.401, 'k3': 0.392}",-1.0,1.0,1001,lotka_volterra,[],0.0001,False,False,iqm,,
2024,404,lotka_volterra_4_1em4,"{'r': 0.309, 'w': 0.497}","{'k1': 0.501, 'k2': 0.401, 'k3': 0.392}",-1.0,1.0,1001,lotka_volterra,[],0.0001,True,True,amigo2,"[['k1', '4.1354e-01'], ['k2', '1.1241e-03'], ['k3', '4.9797e-01'], ['r', '3.0902e-01'], ['w', '1.0000e+02']]",274.63241934776306
2025,405,lotka_volterra_5_1em4,"{'r': 0.194, 'w': 0.228}","{'k1': 0.645, 'k2': 0.322, 'k3': 0.52}",-1.0,1.0,1001,lotka_volterra,[],0.0001,False,False,pe,,
2026,405,lotka_volterra_5_1em4,"{'r': 0.194, 'w': 0.228}","{'k1': 0.645, 'k2': 0.322, 'k3': 0.52}",-1.0,1.0,1001,lotka_volterra,[],0.0001,False,False,odepe,,
2027,405,lotka_volterra_5_1em4,"{'r': 0.194, 'w': 0.228}","{'k1': 0.645, 'k2': 0.322, 'k3': 0.52}",-1.0,1.0,1001,lotka_volterra,[],0.0001,True,True,sciml,"[['k1', '0.6373687203587628'], ['k2', '0.17704456893716847'], ['k3', '0.5460277543053325'], ['r', '0.19399876009867675'], ['w', '0.37136202716043576']]",252.07268285751343
2028,405,lotka_volterra_5_1em4,"{'r': 0.194, 'w': 0.228}","{'k1': 0.645, 'k2': 0.322, 'k3': 0.52}",-1.0,1.0,1001,lotka_volterra,[],0.0001,False,False,iqm,,
2029,405,lotka_volterra_5_1em4,"{'r': 0.194, 'w': 0.228}","{'k1': 0.645, 'k2': 0.322, 'k3': 0.52}",-1.0,1.0,1001,lotka_volterra,[],0.0001,True,True,amigo2,"[['k1', '6.3737e-01'], ['k2', '1.7700e-01'], ['k3', '5.4604e-01'], ['r', '1.9400e-01'], ['w', '3.7144e-01']]",762.7504580020905
2030,406,lotka_volterra_6_1em4,"{'r': 0.243, 'w': 0.59}","{'k1': 0.137, 'k2': 0.877, 'k3': 0.103}",-1.0,1.0,1001,lotka_volterra,[],0.0001,False,False,pe,,
2031,406,lotka_volterra_6_1em4,"{'r': 0.243, 'w': 0.59}","{'k1': 0.137, 'k2': 0.877, 'k3': 0.103}",-1.0,1.0,1001,lotka_volterra,[],0.0001,False,False,odepe,,
2032,406,lotka_volterra_6_1em4,"{'r': 0.243, 'w': 0.59}","{'k1': 0.137, 'k2': 0.877, 'k3': 0.103}",-1.0,1.0,1001,lotka_volterra,[],0.0001,True,True,sciml,"[['k1', '3.638076998117565'], ['k2', '0.11568669821243303'], ['k3', '0.013425905018000584'], ['r', '0.24299259699700837'], ['w', '34.73293777818875']]",1090.2543411254883
2033,406,lotka_volterra_6_1em4,"{'r': 0.243, 'w': 0.59}","{'k1': 0.137, 'k2': 0.877, 'k3': 0.103}",-1.0,1.0,1001,lotka_volterra,[],0.0001,False,False,iqm,,
2034,406,lotka_volterra_6_1em4,"{'r': 0.243, 'w': 0.59}","{'k1': 0.137, 'k2': 0.877, 'k3': 0.103}",-1.0,1.0,1001,lotka_volterra,[],0.0001,True,True,amigo2,"[['k1', '3.6139e-01'], ['k2', '6.1727e-01'], ['k3', '7.2211e-02'], ['r', '2.4300e-01'], ['w', '1.2015e+00']]",1064.7375016212463
2035,407,lotka_volterra_7_1em4,"{'r': 0.873, 'w': 0.506}","{'k1': 0.165, 'k2': 0.806, 'k3': 0.676}",-1.0,1.0,1001,lotka_volterra,[],0.0001,False,False,pe,,
2036,407,lotka_volterra_7_1em4,"{'r': 0.873, 'w': 0.506}","{'k1': 0.165, 'k2': 0.806, 'k3': 0.676}",-1.0,1.0,1001,lotka_volterra,[],0.0001,False,False,odepe,,
2037,407,lotka_volterra_7_1em4,"{'r': 0.873, 'w': 0.506}","{'k1': 0.165, 'k2': 0.806, 'k3': 0.676}",-1.0,1.0,1001,lotka_volterra,[],0.0001,True,True,sciml,"[['k1', '99.99999999444884'], ['k2', '31.657525337674528'], ['k3', '22.13334014708525'], ['r', '0.6996808679474401'], ['w', '3.145068371298687']]",300.24456000328064
2038,407,lotka_volterra_7_1em4,"{'r': 0.873, 'w': 0.506}","{'k1': 0.165, 'k2': 0.806, 'k3': 0.676}",-1.0,1.0,1001,lotka_volterra,[],0.0001,False,False,iqm,,
2039,407,lotka_volterra_7_1em4,"{'r': 0.873, 'w': 0.506}","{'k1': 0.165, 'k2': 0.806, 'k3': 0.676}",-1.0,1.0,1001,lotka_volterra,[],0.0001,True,True,amigo2,"[['k1', '1.4649e-01'], ['k2', '8.4872e-01'], ['k3', '7.1165e-01'], ['r', '8.7301e-01'], ['w', '4.5873e-01']]",251.07238054275513
2040,408,lotka_volterra_8_1em4,"{'r': 0.517, 'w': 0.314}","{'k1': 0.34, 'k2': 0.54, 'k3': 0.845}",-1.0,1.0,1001,lotka_volterra,[],0.0001,False,False,pe,,
2041,408,lotka_volterra_8_1em4,"{'r': 0.517, 'w': 0.314}","{'k1': 0.34, 'k2': 0.54, 'k3': 0.845}",-1.0,1.0,1001,lotka_volterra,[],0.0001,False,False,odepe,,
2042,408,lotka_volterra_8_1em4,"{'r': 0.517, 'w': 0.314}","{'k1': 0.34, 'k2': 0.54, 'k3': 0.845}",-1.0,1.0,1001,lotka_volterra,[],0.0001,True,True,sciml,"[['k1', '25.603933242408548'], ['k2', '99.99999999939553'], ['k3', '64.9020547013275'], ['r', '0.6484762685080157'], ['w', '0.2608540966947033']]",301.94191122055054
2043,408,lotka_volterra_8_1em4,"{'r': 0.517, 'w': 0.314}","{'k1': 0.34, 'k2': 0.54, 'k3': 0.845}",-1.0,1.0,1001,lotka_volterra,[],0.0001,False,False,iqm,,
2044,408,lotka_volterra_8_1em4,"{'r': 0.517, 'w': 0.314}","{'k1': 0.34, 'k2': 0.54, 'k3': 0.845}",-1.0,1.0,1001,lotka_volterra,[],0.0001,True,True,amigo2,"[['k1', '3.3839e-01'], ['k2', '5.0637e-01'], ['k3', '8.3187e-01'], ['r', '5.1699e-01'], ['w', '3.3146e-01']]",1045.1513481140137
2045,409,lotka_volterra_9_1em4,"{'r': 0.298, 'w': 0.355}","{'k1': 0.802, 'k2': 0.398, 'k3': 0.101}",-1.0,1.0,1001,lotka_volterra,[],0.0001,False,False,pe,,
2046,409,lotka_volterra_9_1em4,"{'r': 0.298, 'w': 0.355}","{'k1': 0.802, 'k2': 0.398, 'k3': 0.101}",-1.0,1.0,1001,lotka_volterra,[],0.0001,False,False,odepe,,
2047,409,lotka_volterra_9_1em4,"{'r': 0.298, 'w': 0.355}","{'k1': 0.802, 'k2': 0.398, 'k3': 0.101}",-1.0,1.0,1001,lotka_volterra,[],0.0001,True,True,sciml,"[['k1', '0.6443927019444201'], ['k2', '2.265491714078421e-11'], ['k3', '74.1097597459885'], ['r', '0.30106227438048283'], ['w', '0.018454105702885828']]",282.7524468898773
2048,409,lotka_volterra_9_1em4,"{'r': 0.298, 'w': 0.355}","{'k1': 0.802, 'k2': 0.398, 'k3': 0.101}",-1.0,1.0,1001,lotka_volterra,[],0.0001,False,False,iqm,,
2049,409,lotka_volterra_9_1em4,"{'r': 0.298, 'w': 0.355}","{'k1': 0.802, 'k2': 0.398, 'k3': 0.101}",-1.0,1.0,1001,lotka_volterra,[],0.0001,True,True,amigo2,"[['k1', '8.0136e-01'], ['k2', '3.9683e-01'], ['k3', '9.9505e-02'], ['r', '2.9800e-01'], ['w', '3.5424e-01']]",708.8870272636414
2050,410,seir_0_1em4,"{'S': 0.369, 'E': 0.805, 'In': 0.856, 'NN': 0.894}","{'a': 0.787, 'b': 0.467, 'nu': 0.456}",-1.0,1.0,1001,seir,[],0.0001,False,False,pe,,
2051,410,seir_0_1em4,"{'S': 0.369, 'E': 0.805, 'In': 0.856, 'NN': 0.894}","{'a': 0.787, 'b': 0.467, 'nu': 0.456}",-1.0,1.0,1001,seir,[],0.0001,False,False,odepe,,
2052,410,seir_0_1em4,"{'S': 0.369, 'E': 0.805, 'In': 0.856, 'NN': 0.894}","{'a': 0.787, 'b': 0.467, 'nu': 0.456}",-1.0,1.0,1001,seir,[],0.0001,True,True,sciml,"[['a', '3.12143334997865'], ['b', '73.37705673933375'], ['nu', '0.33452062950241046'], ['S', '3.594101277188339e-11'], ['E', '7.062871877922743'], ['In', '0.856172327837456'], ['NN', '0.8940014296366489']]",274.5453612804413
2053,410,seir_0_1em4,"{'S': 0.369, 'E': 0.805, 'In': 0.856, 'NN': 0.894}","{'a': 0.787, 'b': 0.467, 'nu': 0.456}",-1.0,1.0,1001,seir,[],0.0001,False,False,iqm,,
2054,410,seir_0_1em4,"{'S': 0.369, 'E': 0.805, 'In': 0.856, 'NN': 0.894}","{'a': 0.787, 'b': 0.467, 'nu': 0.456}",-1.0,1.0,1001,seir,[],0.0001,True,True,amigo2,"[['a', '5.1105e-01'], ['b', '8.1135e-01'], ['nu', '5.1105e-01'], ['S', '1.5192e-01'], ['E', '2.5589e-01'], ['In', '8.5600e-01'], ['NN', '8.9400e-01']]",349.9359300136566
2055,411,seir_1_1em4,"{'S': 0.641, 'E': 0.296, 'In': 0.273, 'NN': 0.233}","{'a': 0.401, 'b': 0.873, 'nu': 0.734}",-1.0,1.0,1001,seir,[],0.0001,False,False,pe,,
2056,411,seir_1_1em4,"{'S': 0.641, 'E': 0.296, 'In': 0.273, 'NN': 0.233}","{'a': 0.401, 'b': 0.873, 'nu': 0.734}",-1.0,1.0,1001,seir,[],0.0001,False,False,odepe,,
2057,411,seir_1_1em4,"{'S': 0.641, 'E': 0.296, 'In': 0.273, 'NN': 0.233}","{'a': 0.401, 'b': 0.873, 'nu': 0.734}",-1.0,1.0,1001,seir,[],0.0001,True,True,sciml,"[['a', '0.7909153195751562'], ['b', '0.8591794864110152'], ['nu', '0.3762037069319921'], ['S', '1.2842922545902093'], ['E', '0.8602245887261921'], ['In', '0.27300559868872604'], ['NN', '0.23299923680353796']]",393.75483441352844
2058,411,seir_1_1em4,"{'S': 0.641, 'E': 0.296, 'In': 0.273, 'NN': 0.233}","{'a': 0.401, 'b': 0.873, 'nu': 0.734}",-1.0,1.0,1001,seir,[],0.0001,False,False,iqm,,
2059,411,seir_1_1em4,"{'S': 0.641, 'E': 0.296, 'In': 0.273, 'NN': 0.233}","{'a': 0.401, 'b': 0.873, 'nu': 0.734}",-1.0,1.0,1001,seir,[],0.0001,True,True,amigo2,"[['a', '7.9091e-01'], ['b', '8.5918e-01'], ['nu', '3.7621e-01'], ['S', '1.2843e+00'], ['E', '8.6022e-01'], ['In', '2.7301e-01'], ['NN', '2.3300e-01']]",287.5807046890259
2060,412,seir_2_1em4,"{'S': 0.495, 'E': 0.723, 'In': 0.775, 'NN': 0.211}","{'a': 0.838, 'b': 0.335, 'nu': 0.462}",-1.0,1.0,1001,seir,[],0.0001,False,False,pe,,
2061,412,seir_2_1em4,"{'S': 0.495, 'E': 0.723, 'In': 0.775, 'NN': 0.211}","{'a': 0.838, 'b': 0.335, 'nu': 0.462}",-1.0,1.0,1001,seir,[],0.0001,False,False,odepe,,
2062,412,seir_2_1em4,"{'S': 0.495, 'E': 0.723, 'In': 0.775, 'NN': 0.211}","{'a': 0.838, 'b': 0.335, 'nu': 0.462}",-1.0,1.0,1001,seir,[],0.0001,True,True,sciml,"[['a', '4.0687958643140885'], ['b', '72.99021139166679'], ['nu', '0.2690981690091906'], ['S', '3.241846207942723e-11'], ['E', '10.475718666499834'], ['In', '0.7761273767441675'], ['NN', '0.21099953537017005']]",160.93833255767822
2063,412,seir_2_1em4,"{'S': 0.495, 'E': 0.723, 'In': 0.775, 'NN': 0.211}","{'a': 0.838, 'b': 0.335, 'nu': 0.462}",-1.0,1.0,1001,seir,[],0.0001,False,False,iqm,,
2064,412,seir_2_1em4,"{'S': 0.495, 'E': 0.723, 'In': 0.775, 'NN': 0.211}","{'a': 0.838, 'b': 0.335, 'nu': 0.462}",-1.0,1.0,1001,seir,[],0.0001,True,True,amigo2,"[['a', '1.3558e+00'], ['b', '1.2527e-01'], ['nu', '5.3863e-01'], ['S', '1.4374e+00'], ['E', '1.3658e+00'], ['In', '7.7497e-01'], ['NN', '2.1100e-01']]",289.66294407844543
2065,413,seir_3_1em4,"{'S': 0.182, 'E': 0.225, 'In': 0.343, 'NN': 0.16}","{'a': 0.442, 'b': 0.774, 'nu': 0.754}",-1.0,1.0,1001,seir,[],0.0001,False,False,pe,,
2066,413,seir_3_1em4,"{'S': 0.182, 'E': 0.225, 'In': 0.343, 'NN': 0.16}","{'a': 0.442, 'b': 0.774, 'nu': 0.754}",-1.0,1.0,1001,seir,[],0.0001,False,False,odepe,,
2067,413,seir_3_1em4,"{'S': 0.182, 'E': 0.225, 'In': 0.343, 'NN': 0.16}","{'a': 0.442, 'b': 0.774, 'nu': 0.754}",-1.0,1.0,1001,seir,[],0.0001,True,True,sciml,"[['a', '1.7449379140658838'], ['b', '0.4207620997683051'], ['nu', '0.3649513801733489'], ['S', '1.0663707380413352'], ['E', '1.6888178759050756'], ['In', '0.3430089562911315'], ['NN', '0.15999923689968848']]",456.5640027523041
2068,413,seir_3_1em4,"{'S': 0.182, 'E': 0.225, 'In': 0.343, 'NN': 0.16}","{'a': 0.442, 'b': 0.774, 'nu': 0.754}",-1.0,1.0,1001,seir,[],0.0001,False,False,iqm,,
2069,413,seir_3_1em4,"{'S': 0.182, 'E': 0.225, 'In': 0.343, 'NN': 0.16}","{'a': 0.442, 'b': 0.774, 'nu': 0.754}",-1.0,1.0,1001,seir,[],0.0001,True,True,amigo2,"[['a', '1.7449e+00'], ['b', '4.2076e-01'], ['nu', '3.6495e-01'], ['S', '1.0664e+00'], ['E', '1.6888e+00'], ['In', '3.4301e-01'], ['NN', '1.6000e-01']]",287.87223529815674
2070,414,seir_4_1em4,"{'S': 0.297, 'E': 0.577, 'In': 0.194, 'NN': 0.881}","{'a': 0.44, 'b': 0.186, 'nu': 0.555}",-1.0,1.0,1001,seir,[],0.0001,False,False,pe,,
2071,414,seir_4_1em4,"{'S': 0.297, 'E': 0.577, 'In': 0.194, 'NN': 0.881}","{'a': 0.44, 'b': 0.186, 'nu': 0.555}",-1.0,1.0,1001,seir,[],0.0001,False,False,odepe,,
2072,414,seir_4_1em4,"{'S': 0.297, 'E': 0.577, 'In': 0.194, 'NN': 0.881}","{'a': 0.44, 'b': 0.186, 'nu': 0.555}",-1.0,1.0,1001,seir,[],0.0001,True,True,sciml,"[['a', '0.6759576999526503'], ['b', '4.9356899428263254'], ['nu', '0.314071596089134'], ['S', '1.6735229139429296e-9'], ['E', '1.1649803748766623'], ['In', '0.19401134140392207'], ['NN', '0.8809947572702699']]",246.0648798942566
2073,414,seir_4_1em4,"{'S': 0.297, 'E': 0.577, 'In': 0.194, 'NN': 0.881}","{'a': 0.44, 'b': 0.186, 'nu': 0.555}",-1.0,1.0,1001,seir,[],0.0001,False,False,iqm,,
2074,414,seir_4_1em4,"{'S': 0.297, 'E': 0.577, 'In': 0.194, 'NN': 0.881}","{'a': 0.44, 'b': 0.186, 'nu': 0.555}",-1.0,1.0,1001,seir,[],0.0001,True,True,amigo2,"[['a', '5.2833e-01'], ['b', '1.6329e-01'], ['nu', '4.6629e-01'], ['S', '4.2546e-01'], ['E', '7.2348e-01'], ['In', '1.9400e-01'], ['NN', '8.8099e-01']]",313.57815170288086
2075,415,seir_5_1em4,"{'S': 0.3, 'E': 0.487, 'In': 0.132, 'NN': 0.612}","{'a': 0.846, 'b': 0.413, 'nu': 0.294}",-1.0,1.0,1001,seir,[],0.0001,False,False,pe,,
2076,415,seir_5_1em4,"{'S': 0.3, 'E': 0.487, 'In': 0.132, 'NN': 0.612}","{'a': 0.846, 'b': 0.413, 'nu': 0.294}",-1.0,1.0,1001,seir,[],0.0001,False,False,odepe,,
2077,415,seir_5_1em4,"{'S': 0.3, 'E': 0.487, 'In': 0.132, 'NN': 0.612}","{'a': 0.846, 'b': 0.413, 'nu': 0.294}",-1.0,1.0,1001,seir,[],0.0001,True,True,sciml,"[['a', '0.899387553471441'], ['b', '4.823582298611176'], ['nu', '0.21673665961269858'], ['S', '0.0018602331296316411'], ['E', '0.6927625638982207'], ['In', '0.1320053269304644'], ['NN', '0.6119988500609639']]",251.63582372665405
2078,415,seir_5_1em4,"{'S': 0.3, 'E': 0.487, 'In': 0.132, 'NN': 0.612}","{'a': 0.846, 'b': 0.413, 'nu': 0.294}",-1.0,1.0,1001,seir,[],0.0001,False,False,iqm,,
2079,415,seir_5_1em4,"{'S': 0.3, 'E': 0.487, 'In': 0.132, 'NN': 0.612}","{'a': 0.846, 'b': 0.413, 'nu': 0.294}",-1.0,1.0,1001,seir,[],0.0001,True,True,amigo2,"[['a', '8.9903e-01'], ['b', '1.1798e+00'], ['nu', '2.2958e-01'], ['S', '3.5973e-02'], ['E', '6.5397e-01'], ['In', '1.3200e-01'], ['NN', '6.1200e-01']]",857.725487947464
2080,416,seir_6_1em4,"{'S': 0.667, 'E': 0.863, 'In': 0.382, 'NN': 0.818}","{'a': 0.427, 'b': 0.402, 'nu': 0.747}",-1.0,1.0,1001,seir,[],0.0001,False,False,pe,,
2081,416,seir_6_1em4,"{'S': 0.667, 'E': 0.863, 'In': 0.382, 'NN': 0.818}","{'a': 0.427, 'b': 0.402, 'nu': 0.747}",-1.0,1.0,1001,seir,[],0.0001,False,False,odepe,,
2082,416,seir_6_1em4,"{'S': 0.667, 'E': 0.863, 'In': 0.382, 'NN': 0.818}","{'a': 0.427, 'b': 0.402, 'nu': 0.747}",-1.0,1.0,1001,seir,[],0.0001,True,True,sciml,"[['a', '0.8504292718837233'], ['b', '72.00834127105188'], ['nu', '0.18816808705018048'], ['S', '6.636016846764877e-9'], ['E', '4.253879454674863'], ['In', '0.3824988619840034'], ['NN', '0.8180035141944091']]",207.77134323120117
2083,416,seir_6_1em4,"{'S': 0.667, 'E': 0.863, 'In': 0.382, 'NN': 0.818}","{'a': 0.427, 'b': 0.402, 'nu': 0.747}",-1.0,1.0,1001,seir,[],0.0001,False,False,iqm,,
2084,416,seir_6_1em4,"{'S': 0.667, 'E': 0.863, 'In': 0.382, 'NN': 0.818}","{'a': 0.427, 'b': 0.402, 'nu': 0.747}",-1.0,1.0,1001,seir,[],0.0001,True,True,amigo2,"[['a', '3.1524e-01'], ['b', '5.6164e-01'], ['nu', '8.6903e-01'], ['S', '3.5075e-01'], ['E', '6.9285e-01'], ['In', '3.8200e-01'], ['NN', '8.1800e-01']]",276.45572662353516
2085,417,seir_7_1em4,"{'S': 0.331, 'E': 0.8, 'In': 0.19, 'NN': 0.27}","{'a': 0.716, 'b': 0.386, 'nu': 0.597}",-1.0,1.0,1001,seir,[],0.0001,False,False,pe,,
2086,417,seir_7_1em4,"{'S': 0.331, 'E': 0.8, 'In': 0.19, 'NN': 0.27}","{'a': 0.716, 'b': 0.386, 'nu': 0.597}",-1.0,1.0,1001,seir,[],0.0001,False,False,odepe,,
2087,417,seir_7_1em4,"{'S': 0.331, 'E': 0.8, 'In': 0.19, 'NN': 0.27}","{'a': 0.716, 'b': 0.386, 'nu': 0.597}",-1.0,1.0,1001,seir,[],0.0001,True,True,sciml,"[['a', '0.6574559341816243'], ['b', '0.37542126089913364'], ['nu', '0.6519905355953243'], ['S', '0.30904040223171364'], ['E', '0.7153575367595273'], ['In', '0.19000605022334788'], ['NN', '0.2700010097870199']]",396.1583390235901
2088,417,seir_7_1em4,"{'S': 0.331, 'E': 0.8, 'In': 0.19, 'NN': 0.27}","{'a': 0.716, 'b': 0.386, 'nu': 0.597}",-1.0,1.0,1001,seir,[],0.0001,False,False,iqm,,
2089,417,seir_7_1em4,"{'S': 0.331, 'E': 0.8, 'In': 0.19, 'NN': 0.27}","{'a': 0.716, 'b': 0.386, 'nu': 0.597}",-1.0,1.0,1001,seir,[],0.0001,True,True,amigo2,"[['a', '6.5472e-01'], ['b', '3.7540e-01'], ['nu', '6.5472e-01'], ['S', '3.0777e-01'], ['E', '7.1158e-01'], ['In', '1.9001e-01'], ['NN', '2.7000e-01']]",1337.6262838840485
2090,418,seir_8_1em4,"{'S': 0.522, 'E': 0.49, 'In': 0.1, 'NN': 0.44}","{'a': 0.246, 'b': 0.422, 'nu': 0.696}",-1.0,1.0,1001,seir,[],0.0001,False,False,pe,,
2091,418,seir_8_1em4,"{'S': 0.522, 'E': 0.49, 'In': 0.1, 'NN': 0.44}","{'a': 0.246, 'b': 0.422, 'nu': 0.696}",-1.0,1.0,1001,seir,[],0.0001,False,False,odepe,,
2092,418,seir_8_1em4,"{'S': 0.522, 'E': 0.49, 'In': 0.1, 'NN': 0.44}","{'a': 0.246, 'b': 0.422, 'nu': 0.696}",-1.0,1.0,1001,seir,[],0.0001,True,True,sciml,"[['a', '0.7232340146769628'], ['b', '70.81867964303451'], ['nu', '0.003759833880123777'], ['S', '2.9553925245703236e-11'], ['E', '99.99999999844827'], ['In', '0.1015411626155646'], ['NN', '0.4400016078119234']]",204.52553415298462
2093,418,seir_8_1em4,"{'S': 0.522, 'E': 0.49, 'In': 0.1, 'NN': 0.44}","{'a': 0.246, 'b': 0.422, 'nu': 0.696}",-1.0,1.0,1001,seir,[],0.0001,False,False,iqm,,
2094,418,seir_8_1em4,"{'S': 0.522, 'E': 0.49, 'In': 0.1, 'NN': 0.44}","{'a': 0.246, 'b': 0.422, 'nu': 0.696}",-1.0,1.0,1001,seir,[],0.0001,True,True,amigo2,"[['a', '7.2998e-01'], ['b', '4.4997e-01'], ['nu', '2.1227e-01'], ['S', '1.5341e+00'], ['E', '1.8346e+00'], ['In', '1.0000e-01'], ['NN', '4.4000e-01']]",308.24801301956177
2095,419,seir_9_1em4,"{'S': 0.272, 'E': 0.787, 'In': 0.742, 'NN': 0.227}","{'a': 0.151, 'b': 0.267, 'nu': 0.846}",-1.0,1.0,1001,seir,[],0.0001,False,False,pe,,
2096,419,seir_9_1em4,"{'S': 0.272, 'E': 0.787, 'In': 0.742, 'NN': 0.227}","{'a': 0.151, 'b': 0.267, 'nu': 0.846}",-1.0,1.0,1001,seir,[],0.0001,False,False,odepe,,
2097,419,seir_9_1em4,"{'S': 0.272, 'E': 0.787, 'In': 0.742, 'NN': 0.227}","{'a': 0.151, 'b': 0.267, 'nu': 0.846}",-1.0,1.0,1001,seir,[],0.0001,True,True,sciml,"[['a', '0.867878421048956'], ['b', '0.264389017934393'], ['nu', '0.14873093528355624'], ['S', '1.637440273683062'], ['E', '8.055438370678955'], ['In', '0.741971158292645'], ['NN', '0.22699971835121743']]",415.1748104095459
2098,419,seir_9_1em4,"{'S': 0.272, 'E': 0.787, 'In': 0.742, 'NN': 0.227}","{'a': 0.151, 'b': 0.267, 'nu': 0.846}",-1.0,1.0,1001,seir,[],0.0001,False,False,iqm,,
2099,419,seir_9_1em4,"{'S': 0.272, 'E': 0.787, 'In': 0.742, 'NN': 0.227}","{'a': 0.151, 'b': 0.267, 'nu': 0.846}",-1.0,1.0,1001,seir,[],0.0001,True,True,amigo2,"[['a', '1.4873e-01'], ['b', '2.6439e-01'], ['nu', '8.6787e-01'], ['S', '2.8061e-01'], ['E', '7.6568e-01'], ['In', '7.4197e-01'], ['NN', '2.2700e-01']]",247.23789715766907
2100,420,vanderpol_0_1em4,"{'x1': 0.682, 'x2': 0.61}","{'a': 0.585, 'b': 0.193}",-1.0,1.0,1001,vanderpol,[],0.0001,False,False,pe,,
2101,420,vanderpol_0_1em4,"{'x1': 0.682, 'x2': 0.61}","{'a': 0.585, 'b': 0.193}",-1.0,1.0,1001,vanderpol,[],0.0001,False,False,odepe,,
2102,420,vanderpol_0_1em4,"{'x1': 0.682, 'x2': 0.61}","{'a': 0.585, 'b': 0.193}",-1.0,1.0,1001,vanderpol,[],0.0001,True,True,sciml,"[['a', '4.489897338399384e-20'], ['b', '99.99999999999999'], ['x1', '1.0023098239880242'], ['x2', '0.8837172889454337']]",339.1576130390167
2103,420,vanderpol_0_1em4,"{'x1': 0.682, 'x2': 0.61}","{'a': 0.585, 'b': 0.193}",-1.0,1.0,1001,vanderpol,[],0.0001,False,False,iqm,,
2104,420,vanderpol_0_1em4,"{'x1': 0.682, 'x2': 0.61}","{'a': 0.585, 'b': 0.193}",-1.0,1.0,1001,vanderpol,[],0.0001,True,True,amigo2,"[['a', '5.8500e-01'], ['b', '1.9301e-01'], ['x1', '6.8200e-01'], ['x2', '6.1000e-01']]",260.31233763694763
2105,421,vanderpol_1_1em4,"{'x1': 0.832, 'x2': 0.139}","{'a': 0.75, 'b': 0.484}",-1.0,1.0,1001,vanderpol,[],0.0001,False,False,pe,,
2106,421,vanderpol_1_1em4,"{'x1': 0.832, 'x2': 0.139}","{'a': 0.75, 'b': 0.484}",-1.0,1.0,1001,vanderpol,[],0.0001,False,False,odepe,,
2107,421,vanderpol_1_1em4,"{'x1': 0.832, 'x2': 0.139}","{'a': 0.75, 'b': 0.484}",-1.0,1.0,1001,vanderpol,[],0.0001,True,True,sciml,"[['a', '0.0009182558846636775'], ['b', '99.99999999999999'], ['x1', '1.0017584098028567'], ['x2', '0.19618198100153805']]",228.45047092437744
2108,421,vanderpol_1_1em4,"{'x1': 0.832, 'x2': 0.139}","{'a': 0.75, 'b': 0.484}",-1.0,1.0,1001,vanderpol,[],0.0001,False,False,iqm,,
2109,421,vanderpol_1_1em4,"{'x1': 0.832, 'x2': 0.139}","{'a': 0.75, 'b': 0.484}",-1.0,1.0,1001,vanderpol,[],0.0001,True,True,amigo2,"[['a', '7.5000e-01'], ['b', '4.8400e-01'], ['x1', '8.3200e-01'], ['x2', '1.3900e-01']]",508.45223665237427
2110,422,vanderpol_2_1em4,"{'x1': 0.434, 'x2': 0.238}","{'a': 0.334, 'b': 0.672}",-1.0,1.0,1001,vanderpol,[],0.0001,False,False,pe,,
2111,422,vanderpol_2_1em4,"{'x1': 0.434, 'x2': 0.238}","{'a': 0.334, 'b': 0.672}",-1.0,1.0,1001,vanderpol,[],0.0001,False,False,odepe,,
2112,422,vanderpol_2_1em4,"{'x1': 0.434, 'x2': 0.238}","{'a': 0.334, 'b': 0.672}",-1.0,1.0,1001,vanderpol,[],0.0001,True,True,sciml,"[['a', '0.3340033336068899'], ['b', '0.6719949982447115'], ['x1', '0.4339989688793238'], ['x2', '0.23799977959616442']]",167.23477458953857
2113,422,vanderpol_2_1em4,"{'x1': 0.434, 'x2': 0.238}","{'a': 0.334, 'b': 0.672}",-1.0,1.0,1001,vanderpol,[],0.0001,False,False,iqm,,
2114,422,vanderpol_2_1em4,"{'x1': 0.434, 'x2': 0.238}","{'a': 0.334, 'b': 0.672}",-1.0,1.0,1001,vanderpol,[],0.0001,True,True,amigo2,"[['a', '3.3400e-01'], ['b', '6.7199e-01'], ['x1', '4.3400e-01'], ['x2', '2.3800e-01']]",566.2765138149261
2115,423,vanderpol_3_1em4,"{'x1': 0.479, 'x2': 0.806}","{'a': 0.186, 'b': 0.754}",-1.0,1.0,1001,vanderpol,[],0.0001,False,False,pe,,
2116,423,vanderpol_3_1em4,"{'x1': 0.479, 'x2': 0.806}","{'a': 0.186, 'b': 0.754}",-1.0,1.0,1001,vanderpol,[],0.0001,False,False,odepe,,
2117,423,vanderpol_3_1em4,"{'x1': 0.479, 'x2': 0.806}","{'a': 0.186, 'b': 0.754}",-1.0,1.0,1001,vanderpol,[],0.0001,True,True,sciml,"[['a', '7.984938424108866e-15'], ['b', '77.70881372642748'], ['x1', '1.0047600256861557'], ['x2', '1.9602957178924092']]",167.33330917358398
2118,423,vanderpol_3_1em4,"{'x1': 0.479, 'x2': 0.806}","{'a': 0.186, 'b': 0.754}",-1.0,1.0,1001,vanderpol,[],0.0001,False,False,iqm,,
2119,423,vanderpol_3_1em4,"{'x1': 0.479, 'x2': 0.806}","{'a': 0.186, 'b': 0.754}",-1.0,1.0,1001,vanderpol,[],0.0001,True,True,amigo2,"[['a', '1.8599e-01'], ['b', '7.5400e-01'], ['x1', '4.7901e-01'], ['x2', '8.0600e-01']]",253.65810585021973
2120,424,vanderpol_4_1em4,"{'x1': 0.399, 'x2': 0.513}","{'a': 0.687, 'b': 0.428}",-1.0,1.0,1001,vanderpol,[],0.0001,False,False,pe,,
2121,424,vanderpol_4_1em4,"{'x1': 0.399, 'x2': 0.513}","{'a': 0.687, 'b': 0.428}",-1.0,1.0,1001,vanderpol,[],0.0001,False,False,odepe,,
2122,424,vanderpol_4_1em4,"{'x1': 0.399, 'x2': 0.513}","{'a': 0.687, 'b': 0.428}",-1.0,1.0,1001,vanderpol,[],0.0001,True,True,sciml,"[['a', '0.6869832090031494'], ['b', '0.42797827375331826'], ['x1', '0.39900266343884067'], ['x2', '0.5130048311692458']]",301.232036113739
2123,424,vanderpol_4_1em4,"{'x1': 0.399, 'x2': 0.513}","{'a': 0.687, 'b': 0.428}",-1.0,1.0,1001,vanderpol,[],0.0001,False,False,iqm,,
2124,424,vanderpol_4_1em4,"{'x1': 0.399, 'x2': 0.513}","{'a': 0.687, 'b': 0.428}",-1.0,1.0,1001,vanderpol,[],0.0001,True,True,amigo2,"[['a', '6.8698e-01'], ['b', '4.2798e-01'], ['x1', '3.9900e-01'], ['x2', '5.1300e-01']]",509.32254099845886
2125,425,vanderpol_5_1em4,"{'x1': 0.104, 'x2': 0.655}","{'a': 0.811, 'b': 0.69}",-1.0,1.0,1001,vanderpol,[],0.0001,False,False,pe,,
2126,425,vanderpol_5_1em4,"{'x1': 0.104, 'x2': 0.655}","{'a': 0.811, 'b': 0.69}",-1.0,1.0,1001,vanderpol,[],0.0001,False,False,odepe,,
2127,425,vanderpol_5_1em4,"{'x1': 0.104, 'x2': 0.655}","{'a': 0.811, 'b': 0.69}",-1.0,1.0,1001,vanderpol,[],0.0001,True,True,sciml,"[['a', '1.6088237784491323e-11'], ['b', '99.99999999904334'], ['x1', '1.050965965083282'], ['x2', '1.4513731466113062']]",297.0818831920624
2128,425,vanderpol_5_1em4,"{'x1': 0.104, 'x2': 0.655}","{'a': 0.811, 'b': 0.69}",-1.0,1.0,1001,vanderpol,[],0.0001,False,False,iqm,,
2129,425,vanderpol_5_1em4,"{'x1': 0.104, 'x2': 0.655}","{'a': 0.811, 'b': 0.69}",-1.0,1.0,1001,vanderpol,[],0.0001,True,True,amigo2,"[['a', '8.1101e-01'], ['b', '6.9003e-01'], ['x1', '1.0400e-01'], ['x2', '6.5499e-01']]",268.2694685459137
2130,426,vanderpol_6_1em4,"{'x1': 0.242, 'x2': 0.487}","{'a': 0.836, 'b': 0.668}",-1.0,1.0,1001,vanderpol,[],0.0001,False,False,pe,,
2131,426,vanderpol_6_1em4,"{'x1': 0.242, 'x2': 0.487}","{'a': 0.836, 'b': 0.668}",-1.0,1.0,1001,vanderpol,[],0.0001,False,False,odepe,,
2132,426,vanderpol_6_1em4,"{'x1': 0.242, 'x2': 0.487}","{'a': 0.836, 'b': 0.668}",-1.0,1.0,1001,vanderpol,[],0.0001,True,True,sciml,"[['a', '0.836001281699609'], ['b', '0.668007594880132'], ['x1', '0.2420006766465743'], ['x2', '0.4869978131017893']]",302.3860013484955
2133,426,vanderpol_6_1em4,"{'x1': 0.242, 'x2': 0.487}","{'a': 0.836, 'b': 0.668}",-1.0,1.0,1001,vanderpol,[],0.0001,False,False,iqm,,
2134,426,vanderpol_6_1em4,"{'x1': 0.242, 'x2': 0.487}","{'a': 0.836, 'b': 0.668}",-1.0,1.0,1001,vanderpol,[],0.0001,True,True,amigo2,"[['a', '8.3600e-01'], ['b', '6.6801e-01'], ['x1', '2.4200e-01'], ['x2', '4.8700e-01']]",433.71017050743103
2135,427,vanderpol_7_1em4,"{'x1': 0.85, 'x2': 0.839}","{'a': 0.212, 'b': 0.387}",-1.0,1.0,1001,vanderpol,[],0.0001,False,False,pe,,
2136,427,vanderpol_7_1em4,"{'x1': 0.85, 'x2': 0.839}","{'a': 0.212, 'b': 0.387}",-1.0,1.0,1001,vanderpol,[],0.0001,False,False,odepe,,
2137,427,vanderpol_7_1em4,"{'x1': 0.85, 'x2': 0.839}","{'a': 0.212, 'b': 0.387}",-1.0,1.0,1001,vanderpol,[],0.0001,True,True,sciml,"[['a', '0.21202520922433743'], ['b', '0.38707378088399824'], ['x1', '0.8499970816030961'], ['x2', '0.8390016275407721']]",296.9361062049866
2138,427,vanderpol_7_1em4,"{'x1': 0.85, 'x2': 0.839}","{'a': 0.212, 'b': 0.387}",-1.0,1.0,1001,vanderpol,[],0.0001,False,False,iqm,,
2139,427,vanderpol_7_1em4,"{'x1': 0.85, 'x2': 0.839}","{'a': 0.212, 'b': 0.387}",-1.0,1.0,1001,vanderpol,[],0.0001,True,True,amigo2,"[['a', '2.1203e-01'], ['b', '3.8707e-01'], ['x1', '8.5000e-01'], ['x2', '8.3900e-01']]",283.2607865333557
2140,428,vanderpol_8_1em4,"{'x1': 0.58, 'x2': 0.871}","{'a': 0.326, 'b': 0.372}",-1.0,1.0,1001,vanderpol,[],0.0001,False,False,pe,,
2141,428,vanderpol_8_1em4,"{'x1': 0.58, 'x2': 0.871}","{'a': 0.326, 'b': 0.372}",-1.0,1.0,1001,vanderpol,[],0.0001,False,False,odepe,,
2142,428,vanderpol_8_1em4,"{'x1': 0.58, 'x2': 0.871}","{'a': 0.326, 'b': 0.372}",-1.0,1.0,1001,vanderpol,[],0.0001,True,True,sciml,"[['a', '23.270253725610555'], ['b', '7.070506832106917'], ['x1', '0.0018834122239332035'], ['x2', '1.2112033861087512e-21']]",303.2853078842163
2143,428,vanderpol_8_1em4,"{'x1': 0.58, 'x2': 0.871}","{'a': 0.326, 'b': 0.372}",-1.0,1.0,1001,vanderpol,[],0.0001,False,False,iqm,,
2144,428,vanderpol_8_1em4,"{'x1': 0.58, 'x2': 0.871}","{'a': 0.326, 'b': 0.372}",-1.0,1.0,1001,vanderpol,[],0.0001,True,True,amigo2,"[['a', '3.2602e-01'], ['b', '3.7201e-01'], ['x1', '5.7999e-01'], ['x2', '8.7100e-01']]",258.65056443214417
2145,429,vanderpol_9_1em4,"{'x1': 0.799, 'x2': 0.494}","{'a': 0.218, 'b': 0.306}",-1.0,1.0,1001,vanderpol,[],0.0001,False,False,pe,,
2146,429,vanderpol_9_1em4,"{'x1': 0.799, 'x2': 0.494}","{'a': 0.218, 'b': 0.306}",-1.0,1.0,1001,vanderpol,[],0.0001,False,False,odepe,,
2147,429,vanderpol_9_1em4,"{'x1': 0.799, 'x2': 0.494}","{'a': 0.218, 'b': 0.306}",-1.0,1.0,1001,vanderpol,[],0.0001,True,True,sciml,"[['a', '0.21799180223584594'], ['b', '0.30593883612300715'], ['x1', '0.7990022293394176'], ['x2', '0.49400151607136106']]",261.64583802223206
2148,429,vanderpol_9_1em4,"{'x1': 0.799, 'x2': 0.494}","{'a': 0.218, 'b': 0.306}",-1.0,1.0,1001,vanderpol,[],0.0001,False,False,iqm,,
2149,429,vanderpol_9_1em4,"{'x1': 0.799, 'x2': 0.494}","{'a': 0.218, 'b': 0.306}",-1.0,1.0,1001,vanderpol,[],0.0001,True,True,amigo2,"[['a', '2.1799e-01'], ['b', '3.0594e-01'], ['x1', '7.9900e-01'], ['x2', '4.9400e-01']]",620.5644099712372
2150,430,slowfast_0_1em4,"{'xA': 0.361, 'xB': 0.353, 'xC': 0.458, 'eA': 0.446, 'eC': 0.386}","{'k1': 0.819, 'k2': 0.248, 'eB': 0.526}",-1.0,1.0,1001,slowfast,[],0.0001,False,False,pe,,
2151,430,slowfast_0_1em4,"{'xA': 0.361, 'xB': 0.353, 'xC': 0.458, 'eA': 0.446, 'eC': 0.386}","{'k1': 0.819, 'k2': 0.248, 'eB': 0.526}",-1.0,1.0,1001,slowfast,[],0.0001,False,False,odepe,,
2152,430,slowfast_0_1em4,"{'xA': 0.361, 'xB': 0.353, 'xC': 0.458, 'eA': 0.446, 'eC': 0.386}","{'k1': 0.819, 'k2': 0.248, 'eB': 0.526}",-1.0,1.0,1001,slowfast,[],0.0001,True,True,sciml,"[['k1', '0.24825629898810328'], ['k2', '0.8171364463715924'], ['eB', '0.7100667285604505'], ['xA', '0.6066940521826305'], ['xB', '0.10717384088969922'], ['xC', '0.4579928281659647'], ['eA', '0.4459994146546412'], ['eC', '0.3859991984079915']]",255.5323407649994
2153,430,slowfast_0_1em4,"{'xA': 0.361, 'xB': 0.353, 'xC': 0.458, 'eA': 0.446, 'eC': 0.386}","{'k1': 0.819, 'k2': 0.248, 'eB': 0.526}",-1.0,1.0,1001,slowfast,[],0.0001,False,False,iqm,,
2154,430,slowfast_0_1em4,"{'xA': 0.361, 'xB': 0.353, 'xC': 0.458, 'eA': 0.446, 'eC': 0.386}","{'k1': 0.819, 'k2': 0.248, 'eB': 0.526}",-1.0,1.0,1001,slowfast,[],0.0001,True,True,amigo2,"[['k1', '8.1714e-01'], ['k2', '2.4826e-01'], ['eB', '5.2623e-01'], ['xA', '3.6110e-01'], ['xB', '3.5276e-01'], ['xC', '4.5799e-01'], ['eA', '4.4600e-01'], ['eC', '3.8600e-01']]",452.74978518486023
2155,431,slowfast_1_1em4,"{'xA': 0.332, 'xB': 0.562, 'xC': 0.723, 'eA': 0.736, 'eC': 0.376}","{'k1': 0.832, 'k2': 0.685, 'eB': 0.682}",-1.0,1.0,1001,slowfast,[],0.0001,False,False,pe,,
2156,431,slowfast_1_1em4,"{'xA': 0.332, 'xB': 0.562, 'xC': 0.723, 'eA': 0.736, 'eC': 0.376}","{'k1': 0.832, 'k2': 0.685, 'eB': 0.682}",-1.0,1.0,1001,slowfast,[],0.0001,False,False,odepe,,
2157,431,slowfast_1_1em4,"{'xA': 0.332, 'xB': 0.562, 'xC': 0.723, 'eA': 0.736, 'eC': 0.376}","{'k1': 0.832, 'k2': 0.685, 'eB': 0.682}",-1.0,1.0,1001,slowfast,[],0.0001,True,True,sciml,"[['k1', '0.6820416564296423'], ['k2', '0.8374684395628404'], ['eB', '0.6699986812665932'], ['xA', '0.4343769861429512'], ['xB', '0.4596132692753164'], ['xC', '0.7230007537748518'], ['eA', '0.7360013478978868'], ['eC', '0.37600005190826397']]",258.90965843200684
2158,431,slowfast_1_1em4,"{'xA': 0.332, 'xB': 0.562, 'xC': 0.723, 'eA': 0.736, 'eC': 0.376}","{'k1': 0.832, 'k2': 0.685, 'eB': 0.682}",-1.0,1.0,1001,slowfast,[],0.0001,False,False,iqm,,
2159,431,slowfast_1_1em4,"{'xA': 0.332, 'xB': 0.562, 'xC': 0.723, 'eA': 0.736, 'eC': 0.376}","{'k1': 0.832, 'k2': 0.685, 'eB': 0.682}",-1.0,1.0,1001,slowfast,[],0.0001,True,True,amigo2,"[['k1', '8.3747e-01'], ['k2', '6.8204e-01'], ['eB', '6.8225e-01'], ['xA', '3.2964e-01'], ['xB', '5.6435e-01'], ['xC', '7.2300e-01'], ['eA', '7.3600e-01'], ['eC', '3.7600e-01']]",621.835785150528
2160,432,slowfast_2_1em4,"{'xA': 0.793, 'xB': 0.453, 'xC': 0.489, 'eA': 0.459, 'eC': 0.554}","{'k1': 0.717, 'k2': 0.689, 'eB': 0.213}",-1.0,1.0,1001,slowfast,[],0.0001,False,False,pe,,
2161,432,slowfast_2_1em4,"{'xA': 0.793, 'xB': 0.453, 'xC': 0.489, 'eA': 0.459, 'eC': 0.554}","{'k1': 0.717, 'k2': 0.689, 'eB': 0.213}",-1.0,1.0,1001,slowfast,[],0.0001,False,False,odepe,,
2162,432,slowfast_2_1em4,"{'xA': 0.793, 'xB': 0.453, 'xC': 0.489, 'eA': 0.459, 'eC': 0.554}","{'k1': 0.717, 'k2': 0.689, 'eB': 0.213}",-1.0,1.0,1001,slowfast,[],0.0001,True,True,sciml,"[['k1', '0.716914235346474'], ['k2', '0.6891356998908553'], ['eB', '0.21295843798013223'], ['xA', '0.7930995568149167'], ['xB', '0.4528723916109462'], ['xC', '0.4890054787097919'], ['eA', '0.45900209079412413'], ['eC', '0.5540012139069015']]",258.60803508758545
2163,432,slowfast_2_1em4,"{'xA': 0.793, 'xB': 0.453, 'xC': 0.489, 'eA': 0.459, 'eC': 0.554}","{'k1': 0.717, 'k2': 0.689, 'eB': 0.213}",-1.0,1.0,1001,slowfast,[],0.0001,False,False,iqm,,
2164,432,slowfast_2_1em4,"{'xA': 0.793, 'xB': 0.453, 'xC': 0.489, 'eA': 0.459, 'eC': 0.554}","{'k1': 0.717, 'k2': 0.689, 'eB': 0.213}",-1.0,1.0,1001,slowfast,[],0.0001,True,True,amigo2,"[['k1', '6.8914e-01'], ['k2', '7.1691e-01'], ['eB', '2.0304e-01'], ['xA', '8.1065e-01'], ['xB', '4.3532e-01'], ['xC', '4.8901e-01'], ['eA', '4.5900e-01'], ['eC', '5.5400e-01']]",908.325674533844
2165,433,slowfast_3_1em4,"{'xA': 0.602, 'xB': 0.421, 'xC': 0.433, 'eA': 0.749, 'eC': 0.379}","{'k1': 0.597, 'k2': 0.499, 'eB': 0.793}",-1.0,1.0,1001,slowfast,[],0.0001,False,False,pe,,
2166,433,slowfast_3_1em4,"{'xA': 0.602, 'xB': 0.421, 'xC': 0.433, 'eA': 0.749, 'eC': 0.379}","{'k1': 0.597, 'k2': 0.499, 'eB': 0.793}",-1.0,1.0,1001,slowfast,[],0.0001,False,False,odepe,,
2167,433,slowfast_3_1em4,"{'xA': 0.602, 'xB': 0.421, 'xC': 0.433, 'eA': 0.749, 'eC': 0.379}","{'k1': 0.597, 'k2': 0.499, 'eB': 0.793}",-1.0,1.0,1001,slowfast,[],0.0001,True,True,sciml,"[['k1', '19.996929766143154'], ['k2', '54.655900060206534'], ['eB', '3.692071649625023'], ['xA', '0.8787819051221776'], ['xB', '8.381571223506615e-12'], ['xC', '8.925519462523309e-11'], ['eA', '0.7537828157662051'], ['eC', '0.633387962287061']]",245.89635562896729
2168,433,slowfast_3_1em4,"{'xA': 0.602, 'xB': 0.421, 'xC': 0.433, 'eA': 0.749, 'eC': 0.379}","{'k1': 0.597, 'k2': 0.499, 'eB': 0.793}",-1.0,1.0,1001,slowfast,[],0.0001,False,False,iqm,,
2169,433,slowfast_3_1em4,"{'xA': 0.602, 'xB': 0.421, 'xC': 0.433, 'eA': 0.749, 'eC': 0.379}","{'k1': 0.597, 'k2': 0.499, 'eB': 0.793}",-1.0,1.0,1001,slowfast,[],0.0001,True,True,amigo2,"[['k1', '5.9941e-01'], ['k2', '4.9732e-01'], ['eB', '7.9289e-01'], ['xA', '6.0055e-01'], ['xB', '4.2244e-01'], ['xC', '4.3300e-01'], ['eA', '7.4900e-01'], ['eC', '3.7900e-01']]",622.5563476085663
2170,434,slowfast_4_1em4,"{'xA': 0.835, 'xB': 0.196, 'xC': 0.368, 'eA': 0.24, 'eC': 0.193}","{'k1': 0.269, 'k2': 0.148, 'eB': 0.801}",-1.0,1.0,1001,slowfast,[],0.0001,False,False,pe,,
2171,434,slowfast_4_1em4,"{'xA': 0.835, 'xB': 0.196, 'xC': 0.368, 'eA': 0.24, 'eC': 0.193}","{'k1': 0.269, 'k2': 0.148, 'eB': 0.801}",-1.0,1.0,1001,slowfast,[],0.0001,False,False,odepe,,
2172,434,slowfast_4_1em4,"{'xA': 0.835, 'xB': 0.196, 'xC': 0.368, 'eA': 0.24, 'eC': 0.193}","{'k1': 0.269, 'k2': 0.148, 'eB': 0.801}",-1.0,1.0,1001,slowfast,[],0.0001,True,True,sciml,"[['k1', '0.1481202122845649'], ['k2', '0.2688174242487567'], ['eB', '1.2596298236170198'], ['xA', '0.9225530931343776'], ['xB', '0.10795434526774507'], ['xC', '0.36799611393049303'], ['eA', '0.23999973567458305'], ['eC', '0.192998778388767']]",260.26046085357666
2173,434,slowfast_4_1em4,"{'xA': 0.835, 'xB': 0.196, 'xC': 0.368, 'eA': 0.24, 'eC': 0.193}","{'k1': 0.269, 'k2': 0.148, 'eB': 0.801}",-1.0,1.0,1001,slowfast,[],0.0001,False,False,iqm,,
2174,434,slowfast_4_1em4,"{'xA': 0.835, 'xB': 0.196, 'xC': 0.368, 'eA': 0.24, 'eC': 0.193}","{'k1': 0.269, 'k2': 0.148, 'eB': 0.801}",-1.0,1.0,1001,slowfast,[],0.0001,True,True,amigo2,"[['k1', '2.6882e-01'], ['k2', '1.4812e-01'], ['eB', '8.0182e-01'], ['xA', '8.3459e-01'], ['xB', '1.9592e-01'], ['xC', '3.6800e-01'], ['eA', '2.4000e-01'], ['eC', '1.9300e-01']]",723.482016324997
2175,435,slowfast_5_1em4,"{'xA': 0.177, 'xB': 0.791, 'xC': 0.553, 'eA': 0.394, 'eC': 0.374}","{'k1': 0.82, 'k2': 0.146, 'eB': 0.884}",-1.0,1.0,1001,slowfast,[],0.0001,False,False,pe,,
2176,435,slowfast_5_1em4,"{'xA': 0.177, 'xB': 0.791, 'xC': 0.553, 'eA': 0.394, 'eC': 0.374}","{'k1': 0.82, 'k2': 0.146, 'eB': 0.884}",-1.0,1.0,1001,slowfast,[],0.0001,False,False,odepe,,
2177,435,slowfast_5_1em4,"{'xA': 0.177, 'xB': 0.791, 'xC': 0.553, 'eA': 0.394, 'eC': 0.374}","{'k1': 0.82, 'k2': 0.146, 'eB': 0.884}",-1.0,1.0,1001,slowfast,[],0.0001,True,True,sciml,"[['k1', '0.1461835760609393'], ['k2', '0.8175078001047339'], ['eB', '3.1396697457281793'], ['xA', '0.8260768422329217'], ['xB', '0.14126431147121213'], ['xC', '0.5530065871123806'], ['eA', '0.3939981125704936'], ['eC', '0.37400027940861547']]",265.0975151062012
2178,435,slowfast_5_1em4,"{'xA': 0.177, 'xB': 0.791, 'xC': 0.553, 'eA': 0.394, 'eC': 0.374}","{'k1': 0.82, 'k2': 0.146, 'eB': 0.884}",-1.0,1.0,1001,slowfast,[],0.0001,False,False,iqm,,
2179,435,slowfast_5_1em4,"{'xA': 0.177, 'xB': 0.791, 'xC': 0.553, 'eA': 0.394, 'eC': 0.374}","{'k1': 0.82, 'k2': 0.146, 'eB': 0.884}",-1.0,1.0,1001,slowfast,[],0.0001,True,True,amigo2,"[['k1', '1.4618e-01'], ['k2', '8.1750e-01'], ['eB', '3.1397e+00'], ['xA', '8.2608e-01'], ['xB', '1.4126e-01'], ['xC', '5.5301e-01'], ['eA', '3.9400e-01'], ['eC', '3.7400e-01']]",494.42904329299927
2180,436,slowfast_6_1em4,"{'xA': 0.514, 'xB': 0.488, 'xC': 0.821, 'eA': 0.544, 'eC': 0.761}","{'k1': 0.706, 'k2': 0.352, 'eB': 0.626}",-1.0,1.0,1001,slowfast,[],0.0001,False,False,pe,,
2181,436,slowfast_6_1em4,"{'xA': 0.514, 'xB': 0.488, 'xC': 0.821, 'eA': 0.544, 'eC': 0.761}","{'k1': 0.706, 'k2': 0.352, 'eB': 0.626}",-1.0,1.0,1001,slowfast,[],0.0001,False,False,odepe,,
2182,436,slowfast_6_1em4,"{'xA': 0.514, 'xB': 0.488, 'xC': 0.821, 'eA': 0.544, 'eC': 0.761}","{'k1': 0.706, 'k2': 0.352, 'eB': 0.626}",-1.0,1.0,1001,slowfast,[],0.0001,True,True,sciml,"[['k1', '0.3517291379734481'], ['k2', '0.7071329742945688'], ['eB', '0.7090788192247505'], ['xA', '0.7588754563228748'], ['xB', '0.24295890614493784'], ['xC', '0.8209943401821322'], ['eA', '0.5440011398783473'], ['eC', '0.7609962610325474']]",264.1073729991913
2183,436,slowfast_6_1em4,"{'xA': 0.514, 'xB': 0.488, 'xC': 0.821, 'eA': 0.544, 'eC': 0.761}","{'k1': 0.706, 'k2': 0.352, 'eB': 0.626}",-1.0,1.0,1001,slowfast,[],0.0001,False,False,iqm,,
2184,436,slowfast_6_1em4,"{'xA': 0.514, 'xB': 0.488, 'xC': 0.821, 'eA': 0.544, 'eC': 0.761}","{'k1': 0.706, 'k2': 0.352, 'eB': 0.626}",-1.0,1.0,1001,slowfast,[],0.0001,True,True,amigo2,"[['k1', '7.0713e-01'], ['k2', '3.5173e-01'], ['eB', '6.2611e-01'], ['xA', '5.1338e-01'], ['xB', '4.8846e-01'], ['xC', '8.2099e-01'], ['eA', '5.4400e-01'], ['eC', '7.6100e-01']]",566.458389043808
2185,437,slowfast_7_1em4,"{'xA': 0.273, 'xB': 0.823, 'xC': 0.134, 'eA': 0.366, 'eC': 0.18}","{'k1': 0.68, 'k2': 0.131, 'eB': 0.718}",-1.0,1.0,1001,slowfast,[],0.0001,False,False,pe,,
2186,437,slowfast_7_1em4,"{'xA': 0.273, 'xB': 0.823, 'xC': 0.134, 'eA': 0.366, 'eC': 0.18}","{'k1': 0.68, 'k2': 0.131, 'eB': 0.718}",-1.0,1.0,1001,slowfast,[],0.0001,False,False,odepe,,
2187,437,slowfast_7_1em4,"{'xA': 0.273, 'xB': 0.823, 'xC': 0.134, 'eA': 0.366, 'eC': 0.18}","{'k1': 0.68, 'k2': 0.131, 'eB': 0.718}",-1.0,1.0,1001,slowfast,[],0.0001,True,True,sciml,"[['k1', '0.1312641013863575'], ['k2', '0.6773784908995267'], ['eB', '2.188494145817555'], ['xA', '0.935778618313755'], ['xB', '0.15916957445437574'], ['xC', '0.1339985764967858'], ['eA', '0.3659985058370667'], ['eC', '0.18000019759900338']]",260.96809339523315
2188,437,slowfast_7_1em4,"{'xA': 0.273, 'xB': 0.823, 'xC': 0.134, 'eA': 0.366, 'eC': 0.18}","{'k1': 0.68, 'k2': 0.131, 'eB': 0.718}",-1.0,1.0,1001,slowfast,[],0.0001,False,False,iqm,,
2189,437,slowfast_7_1em4,"{'xA': 0.273, 'xB': 0.823, 'xC': 0.134, 'eA': 0.366, 'eC': 0.18}","{'k1': 0.68, 'k2': 0.131, 'eB': 0.718}",-1.0,1.0,1001,slowfast,[],0.0001,True,True,amigo2,"[['k1', '6.7737e-01'], ['k2', '1.3127e-01'], ['eB', '7.1917e-01'], ['xA', '2.7357e-01'], ['xB', '8.2137e-01'], ['xC', '1.3400e-01'], ['eA', '3.6600e-01'], ['eC', '1.8000e-01']]",444.64537024497986
2190,438,slowfast_8_1em4,"{'xA': 0.221, 'xB': 0.364, 'xC': 0.751, 'eA': 0.212, 'eC': 0.282}","{'k1': 0.48, 'k2': 0.756, 'eB': 0.339}",-1.0,1.0,1001,slowfast,[],0.0001,False,False,pe,,
2191,438,slowfast_8_1em4,"{'xA': 0.221, 'xB': 0.364, 'xC': 0.751, 'eA': 0.212, 'eC': 0.282}","{'k1': 0.48, 'k2': 0.756, 'eB': 0.339}",-1.0,1.0,1001,slowfast,[],0.0001,False,False,odepe,,
2192,438,slowfast_8_1em4,"{'xA': 0.221, 'xB': 0.364, 'xC': 0.751, 'eA': 0.212, 'eC': 0.282}","{'k1': 0.48, 'k2': 0.756, 'eB': 0.339}",-1.0,1.0,1001,slowfast,[],0.0001,True,True,sciml,"[['k1', '0.4707239669265853'], ['k2', '47.02977677276'], ['eB', '8.035960194853027'], ['xA', '0.5807432679242265'], ['xB', '0.0058675355432444695'], ['xC', '0.750802256062447'], ['eA', '0.21199996230765072'], ['eC', '0.28199193163668673']]",248.38069772720337
2193,438,slowfast_8_1em4,"{'xA': 0.221, 'xB': 0.364, 'xC': 0.751, 'eA': 0.212, 'eC': 0.282}","{'k1': 0.48, 'k2': 0.756, 'eB': 0.339}",-1.0,1.0,1001,slowfast,[],0.0001,False,False,iqm,,
2194,438,slowfast_8_1em4,"{'xA': 0.221, 'xB': 0.364, 'xC': 0.751, 'eA': 0.212, 'eC': 0.282}","{'k1': 0.48, 'k2': 0.756, 'eB': 0.339}",-1.0,1.0,1001,slowfast,[],0.0001,True,True,amigo2,"[['k1', '8.2058e-01'], ['k2', '4.7877e-01'], ['eB', '2.9243e-01'], ['xA', '1.0290e-02'], ['xB', '5.7470e-01'], ['xC', '7.5100e-01'], ['eA', '2.1200e-01'], ['eC', '2.8200e-01']]",419.36737847328186
2195,439,slowfast_9_1em4,"{'xA': 0.349, 'xB': 0.675, 'xC': 0.369, 'eA': 0.682, 'eC': 0.752}","{'k1': 0.155, 'k2': 0.665, 'eB': 0.416}",-1.0,1.0,1001,slowfast,[],0.0001,False,False,pe,,
2196,439,slowfast_9_1em4,"{'xA': 0.349, 'xB': 0.675, 'xC': 0.369, 'eA': 0.682, 'eC': 0.752}","{'k1': 0.155, 'k2': 0.665, 'eB': 0.416}",-1.0,1.0,1001,slowfast,[],0.0001,False,False,odepe,,
2197,439,slowfast_9_1em4,"{'xA': 0.349, 'xB': 0.675, 'xC': 0.369, 'eA': 0.682, 'eC': 0.752}","{'k1': 0.155, 'k2': 0.665, 'eB': 0.416}",-1.0,1.0,1001,slowfast,[],0.0001,True,True,sciml,"[['k1', '0.1555045137035335'], ['k2', '0.6657079274704563'], ['eB', '0.4157108663218173'], ['xA', '0.34967324996237653'], ['xB', '0.6743510411456054'], ['xC', '0.36899175866813666'], ['eA', '0.6820001792847074'], ['eC', '0.7519968324616835']]",250.72233295440674
2198,439,slowfast_9_1em4,"{'xA': 0.349, 'xB': 0.675, 'xC': 0.369, 'eA': 0.682, 'eC': 0.752}","{'k1': 0.155, 'k2': 0.665, 'eB': 0.416}",-1.0,1.0,1001,slowfast,[],0.0001,False,False,iqm,,
2199,439,slowfast_9_1em4,"{'xA': 0.349, 'xB': 0.675, 'xC': 0.369, 'eA': 0.682, 'eC': 0.752}","{'k1': 0.155, 'k2': 0.665, 'eB': 0.416}",-1.0,1.0,1001,slowfast,[],0.0001,True,True,amigo2,"[['k1', '1.5550e-01'], ['k2', '6.6571e-01'], ['eB', '4.1571e-01'], ['xA', '3.4967e-01'], ['xB', '6.7435e-01'], ['xC', '3.6899e-01'], ['eA', '6.8200e-01'], ['eC', '7.5200e-01']]",792.86066198349
2200,440,biohydrogenation_0_1em2,"{'x4': 0.45, 'x5': 0.813, 'x6': 0.871, 'x7': 0.407}","{'k5': 0.539, 'k6': 0.672, 'k7': 0.582, 'k8': 0.536, 'k9': 0.439, 'k10': 0.617}",-1.0,1.0,1001,biohydrogenation,['x7'],0.01,False,False,pe,,
2201,440,biohydrogenation_0_1em2,"{'x4': 0.45, 'x5': 0.813, 'x6': 0.871, 'x7': 0.407}","{'k5': 0.539, 'k6': 0.672, 'k7': 0.582, 'k8': 0.536, 'k9': 0.439, 'k10': 0.617}",-1.0,1.0,1001,biohydrogenation,['x7'],0.01,False,False,odepe,,
2202,440,biohydrogenation_0_1em2,"{'x4': 0.45, 'x5': 0.813, 'x6': 0.871, 'x7': 0.407}","{'k5': 0.539, 'k6': 0.672, 'k7': 0.582, 'k8': 0.536, 'k9': 0.439, 'k10': 0.617}",-1.0,1.0,1001,biohydrogenation,['x7'],0.01,True,False,sciml,,194.57498860359192
2203,440,biohydrogenation_0_1em2,"{'x4': 0.45, 'x5': 0.813, 'x6': 0.871, 'x7': 0.407}","{'k5': 0.539, 'k6': 0.672, 'k7': 0.582, 'k8': 0.536, 'k9': 0.439, 'k10': 0.617}",-1.0,1.0,1001,biohydrogenation,['x7'],0.01,False,False,iqm,,
2204,440,biohydrogenation_0_1em2,"{'x4': 0.45, 'x5': 0.813, 'x6': 0.871, 'x7': 0.407}","{'k5': 0.539, 'k6': 0.672, 'k7': 0.582, 'k8': 0.536, 'k9': 0.439, 'k10': 0.617}",-1.0,1.0,1001,biohydrogenation,['x7'],0.01,True,True,amigo2,"[['k5', '5.4485e-01'], ['k6', '6.8257e-01'], ['k7', '2.6442e+01'], ['k8', '5.1415e-12'], ['k9', '8.5549e-01'], ['k10', '8.6090e+01'], ['x4', '4.5012e-01'], ['x5', '8.1363e-01'], ['x6', '1.0000e+02'], ['x7', '8.1593e+01']]",543.4333584308624
2205,441,biohydrogenation_1_1em2,"{'x4': 0.439, 'x5': 0.767, 'x6': 0.276, 'x7': 0.184}","{'k5': 0.423, 'k6': 0.402, 'k7': 0.222, 'k8': 0.722, 'k9': 0.615, 'k10': 0.443}",-1.0,1.0,1001,biohydrogenation,['x7'],0.01,False,False,pe,,
2206,441,biohydrogenation_1_1em2,"{'x4': 0.439, 'x5': 0.767, 'x6': 0.276, 'x7': 0.184}","{'k5': 0.423, 'k6': 0.402, 'k7': 0.222, 'k8': 0.722, 'k9': 0.615, 'k10': 0.443}",-1.0,1.0,1001,biohydrogenation,['x7'],0.01,False,False,odepe,,
2207,441,biohydrogenation_1_1em2,"{'x4': 0.439, 'x5': 0.767, 'x6': 0.276, 'x7': 0.184}","{'k5': 0.423, 'k6': 0.402, 'k7': 0.222, 'k8': 0.722, 'k9': 0.615, 'k10': 0.443}",-1.0,1.0,1001,biohydrogenation,['x7'],0.01,True,True,sciml,"[['k5', '31.043328395096246'], ['k6', '81.85141089189207'], ['k7', '39.08376341411203'], ['k8', '2.3952133163000155'], ['k9', '28.581723189112196'], ['k10', '50.95559097781807'], ['x4', '69.22297683467086'], ['x5', '74.70155904766979'], ['x6', '76.17446949583176'], ['x7', '28.665762952801177']]",144.75907826423645
2208,441,biohydrogenation_1_1em2,"{'x4': 0.439, 'x5': 0.767, 'x6': 0.276, 'x7': 0.184}","{'k5': 0.423, 'k6': 0.402, 'k7': 0.222, 'k8': 0.722, 'k9': 0.615, 'k10': 0.443}",-1.0,1.0,1001,biohydrogenation,['x7'],0.01,False,False,iqm,,
2209,441,biohydrogenation_1_1em2,"{'x4': 0.439, 'x5': 0.767, 'x6': 0.276, 'x7': 0.184}","{'k5': 0.423, 'k6': 0.402, 'k7': 0.222, 'k8': 0.722, 'k9': 0.615, 'k10': 0.443}",-1.0,1.0,1001,biohydrogenation,['x7'],0.01,True,True,amigo2,"[['k5', '4.1510e-01'], ['k6', '3.8966e-01'], ['k7', '1.0503e-01'], ['k8', '0.0000e+00'], ['k9', '1.1839e+01'], ['k10', '6.4828e-02'], ['x4', '4.3891e-01'], ['x5', '7.6734e-01'], ['x6', '5.5068e-02'], ['x7', '2.0375e+01']]",653.0441253185272
2210,442,biohydrogenation_2_1em2,"{'x4': 0.215, 'x5': 0.856, 'x6': 0.517, 'x7': 0.432}","{'k5': 0.883, 'k6': 0.739, 'k7': 0.469, 'k8': 0.724, 'k9': 0.195, 'k10': 0.612}",-1.0,1.0,1001,biohydrogenation,['x7'],0.01,False,False,pe,,
2211,442,biohydrogenation_2_1em2,"{'x4': 0.215, 'x5': 0.856, 'x6': 0.517, 'x7': 0.432}","{'k5': 0.883, 'k6': 0.739, 'k7': 0.469, 'k8': 0.724, 'k9': 0.195, 'k10': 0.612}",-1.0,1.0,1001,biohydrogenation,['x7'],0.01,False,False,odepe,,
2212,442,biohydrogenation_2_1em2,"{'x4': 0.215, 'x5': 0.856, 'x6': 0.517, 'x7': 0.432}","{'k5': 0.883, 'k6': 0.739, 'k7': 0.469, 'k8': 0.724, 'k9': 0.195, 'k10': 0.612}",-1.0,1.0,1001,biohydrogenation,['x7'],0.01,True,True,sciml,"[['k5', '55.62632128920902'], ['k6', '86.22791442340527'], ['k7', '91.63844665467622'], ['k8', '79.14374867229125'], ['k9', '84.90386056401306'], ['k10', '33.166032930261025'], ['x4', '65.68060372108917'], ['x5', '66.56773590728606'], ['x6', '64.21347841012442'], ['x7', '67.69686319335284']]",144.59134888648987
2213,442,biohydrogenation_2_1em2,"{'x4': 0.215, 'x5': 0.856, 'x6': 0.517, 'x7': 0.432}","{'k5': 0.883, 'k6': 0.739, 'k7': 0.469, 'k8': 0.724, 'k9': 0.195, 'k10': 0.612}",-1.0,1.0,1001,biohydrogenation,['x7'],0.01,False,False,iqm,,
2214,442,biohydrogenation_2_1em2,"{'x4': 0.215, 'x5': 0.856, 'x6': 0.517, 'x7': 0.432}","{'k5': 0.883, 'k6': 0.739, 'k7': 0.469, 'k8': 0.724, 'k9': 0.195, 'k10': 0.612}",-1.0,1.0,1001,biohydrogenation,['x7'],0.01,True,True,amigo2,"[['k5', '9.8467e-01'], ['k6', '8.3658e-01'], ['k7', '1.6947e+00'], ['k8', '0.0000e+00'], ['k9', '2.1353e+00'], ['k10', '7.1093e+00'], ['x4', '2.1543e-01'], ['x5', '8.5421e-01'], ['x6', '7.0421e+00'], ['x7', '9.8831e+01']]",297.900963306427
2215,443,biohydrogenation_3_1em2,"{'x4': 0.59, 'x5': 0.594, 'x6': 0.855, 'x7': 0.645}","{'k5': 0.312, 'k6': 0.719, 'k7': 0.465, 'k8': 0.555, 'k9': 0.115, 'k10': 0.594}",-1.0,1.0,1001,biohydrogenation,['x7'],0.01,False,False,pe,,
2216,443,biohydrogenation_3_1em2,"{'x4': 0.59, 'x5': 0.594, 'x6': 0.855, 'x7': 0.645}","{'k5': 0.312, 'k6': 0.719, 'k7': 0.465, 'k8': 0.555, 'k9': 0.115, 'k10': 0.594}",-1.0,1.0,1001,biohydrogenation,['x7'],0.01,False,False,odepe,,
2217,443,biohydrogenation_3_1em2,"{'x4': 0.59, 'x5': 0.594, 'x6': 0.855, 'x7': 0.645}","{'k5': 0.312, 'k6': 0.719, 'k7': 0.465, 'k8': 0.555, 'k9': 0.115, 'k10': 0.594}",-1.0,1.0,1001,biohydrogenation,['x7'],0.01,True,True,sciml,"[['k5', '14.824453955217642'], ['k6', '93.56847701942095'], ['k7', '81.00813814534233'], ['k8', '75.62188697116247'], ['k9', '4.175153921373109'], ['k10', '33.79056968094832'], ['x4', '69.30832880293241'], ['x5', '3.9393680178494206'], ['x6', '89.81095812744691'], ['x7', '85.65065740285503']]",150.21595072746277
2218,443,biohydrogenation_3_1em2,"{'x4': 0.59, 'x5': 0.594, 'x6': 0.855, 'x7': 0.645}","{'k5': 0.312, 'k6': 0.719, 'k7': 0.465, 'k8': 0.555, 'k9': 0.115, 'k10': 0.594}",-1.0,1.0,1001,biohydrogenation,['x7'],0.01,False,False,iqm,,
2219,443,biohydrogenation_3_1em2,"{'x4': 0.59, 'x5': 0.594, 'x6': 0.855, 'x7': 0.645}","{'k5': 0.312, 'k6': 0.719, 'k7': 0.465, 'k8': 0.555, 'k9': 0.115, 'k10': 0.594}",-1.0,1.0,1001,biohydrogenation,['x7'],0.01,True,True,amigo2,"[['k5', '3.2947e-01'], ['k6', '7.8315e-01'], ['k7', '2.4787e-01'], ['k8', '0.0000e+00'], ['k9', '3.0647e-01'], ['k10', '5.2747e-01'], ['x4', '5.9050e-01'], ['x5', '5.9482e-01'], ['x6', '4.4550e-01'], ['x7', '2.8374e+01']]",2069.493169784546
2220,444,biohydrogenation_4_1em2,"{'x4': 0.268, 'x5': 0.203, 'x6': 0.352, 'x7': 0.391}","{'k5': 0.388, 'k6': 0.45, 'k7': 0.658, 'k8': 0.148, 'k9': 0.633, 'k10': 0.637}",-1.0,1.0,1001,biohydrogenation,['x7'],0.01,False,False,pe,,
2221,444,biohydrogenation_4_1em2,"{'x4': 0.268, 'x5': 0.203, 'x6': 0.352, 'x7': 0.391}","{'k5': 0.388, 'k6': 0.45, 'k7': 0.658, 'k8': 0.148, 'k9': 0.633, 'k10': 0.637}",-1.0,1.0,1001,biohydrogenation,['x7'],0.01,False,False,odepe,,
2222,444,biohydrogenation_4_1em2,"{'x4': 0.268, 'x5': 0.203, 'x6': 0.352, 'x7': 0.391}","{'k5': 0.388, 'k6': 0.45, 'k7': 0.658, 'k8': 0.148, 'k9': 0.633, 'k10': 0.637}",-1.0,1.0,1001,biohydrogenation,['x7'],0.01,True,True,sciml,"[['k5', '0.37116819421227265'], ['k6', '0.42272683785635073'], ['k7', '91.11296701008474'], ['k8', '99.99999999912981'], ['k9', '99.99999999725334'], ['k10', '99.99673914186587'], ['x4', '0.2679253846128596'], ['x5', '0.20215976047354028'], ['x6', '1.0255014180712772e-10'], ['x7', '47.30344835567867']]",191.95064735412598
2223,444,biohydrogenation_4_1em2,"{'x4': 0.268, 'x5': 0.203, 'x6': 0.352, 'x7': 0.391}","{'k5': 0.388, 'k6': 0.45, 'k7': 0.658, 'k8': 0.148, 'k9': 0.633, 'k10': 0.637}",-1.0,1.0,1001,biohydrogenation,['x7'],0.01,False,False,iqm,,
2224,444,biohydrogenation_4_1em2,"{'x4': 0.268, 'x5': 0.203, 'x6': 0.352, 'x7': 0.391}","{'k5': 0.388, 'k6': 0.45, 'k7': 0.658, 'k8': 0.148, 'k9': 0.633, 'k10': 0.637}",-1.0,1.0,1001,biohydrogenation,['x7'],0.01,True,True,amigo2,"[['k5', '3.9967e-01'], ['k6', '4.6735e-01'], ['k7', '1.3605e+00'], ['k8', '1.2380e+00'], ['k9', '1.2662e+00'], ['k10', '2.6989e-01'], ['x4', '2.6838e-01'], ['x5', '2.0300e-01'], ['x6', '0.0000e+00'], ['x7', '9.5864e+00']]",317.6274559497833
2225,445,biohydrogenation_5_1em2,"{'x4': 0.67, 'x5': 0.29, 'x6': 0.546, 'x7': 0.47}","{'k5': 0.466, 'k6': 0.106, 'k7': 0.842, 'k8': 0.352, 'k9': 0.196, 'k10': 0.66}",-1.0,1.0,1001,biohydrogenation,['x7'],0.01,False,False,pe,,
2226,445,biohydrogenation_5_1em2,"{'x4': 0.67, 'x5': 0.29, 'x6': 0.546, 'x7': 0.47}","{'k5': 0.466, 'k6': 0.106, 'k7': 0.842, 'k8': 0.352, 'k9': 0.196, 'k10': 0.66}",-1.0,1.0,1001,biohydrogenation,['x7'],0.01,False,False,odepe,,
2227,445,biohydrogenation_5_1em2,"{'x4': 0.67, 'x5': 0.29, 'x6': 0.546, 'x7': 0.47}","{'k5': 0.466, 'k6': 0.106, 'k7': 0.842, 'k8': 0.352, 'k9': 0.196, 'k10': 0.66}",-1.0,1.0,1001,biohydrogenation,['x7'],0.01,True,True,sciml,"[['k5', '0.461942378526924'], ['k6', '0.10299124220211199'], ['k7', '0.23461580361999307'], ['k8', '1.1494976350826201e-48'], ['k9', '65.39726696533917'], ['k10', '0.039533704223213936'], ['x4', '0.6691750976491392'], ['x5', '0.289773268880806'], ['x6', '0.03602766217676889'], ['x7', '49.9127494968776']]",1089.2878487110138
2228,445,biohydrogenation_5_1em2,"{'x4': 0.67, 'x5': 0.29, 'x6': 0.546, 'x7': 0.47}","{'k5': 0.466, 'k6': 0.106, 'k7': 0.842, 'k8': 0.352, 'k9': 0.196, 'k10': 0.66}",-1.0,1.0,1001,biohydrogenation,['x7'],0.01,False,False,iqm,,
2229,445,biohydrogenation_5_1em2,"{'x4': 0.67, 'x5': 0.29, 'x6': 0.546, 'x7': 0.47}","{'k5': 0.466, 'k6': 0.106, 'k7': 0.842, 'k8': 0.352, 'k9': 0.196, 'k10': 0.66}",-1.0,1.0,1001,biohydrogenation,['x7'],0.01,True,True,amigo2,"[['k5', '4.6564e-01'], ['k6', '1.0578e-01'], ['k7', '7.3981e-01'], ['k8', '1.9668e-11'], ['k9', '2.9385e-01'], ['k10', '1.0147e+00'], ['x4', '6.6991e-01'], ['x5', '2.8977e-01'], ['x6', '7.5285e-01'], ['x7', '6.5919e+01']]",379.47093629837036
2230,446,biohydrogenation_6_1em2,"{'x4': 0.757, 'x5': 0.178, 'x6': 0.77, 'x7': 0.177}","{'k5': 0.227, 'k6': 0.188, 'k7': 0.625, 'k8': 0.211, 'k9': 0.257, 'k10': 0.395}",-1.0,1.0,1001,biohydrogenation,['x7'],0.01,False,False,pe,,
2231,446,biohydrogenation_6_1em2,"{'x4': 0.757, 'x5': 0.178, 'x6': 0.77, 'x7': 0.177}","{'k5': 0.227, 'k6': 0.188, 'k7': 0.625, 'k8': 0.211, 'k9': 0.257, 'k10': 0.395}",-1.0,1.0,1001,biohydrogenation,['x7'],0.01,False,False,odepe,,
2232,446,biohydrogenation_6_1em2,"{'x4': 0.757, 'x5': 0.178, 'x6': 0.77, 'x7': 0.177}","{'k5': 0.227, 'k6': 0.188, 'k7': 0.625, 'k8': 0.211, 'k9': 0.257, 'k10': 0.395}",-1.0,1.0,1001,biohydrogenation,['x7'],0.01,True,True,sciml,"[['k5', '74.72623730125468'], ['k6', '6.962641453954999'], ['k7', '81.65200836209155'], ['k8', '91.85421289835026'], ['k9', '81.02532111378217'], ['k10', '7.448173809613445'], ['x4', '46.95796696252117'], ['x5', '91.27155643707309'], ['x6', '82.98845703826288'], ['x7', '14.096354011477995']]",127.62340807914734
2233,446,biohydrogenation_6_1em2,"{'x4': 0.757, 'x5': 0.178, 'x6': 0.77, 'x7': 0.177}","{'k5': 0.227, 'k6': 0.188, 'k7': 0.625, 'k8': 0.211, 'k9': 0.257, 'k10': 0.395}",-1.0,1.0,1001,biohydrogenation,['x7'],0.01,False,False,iqm,,
2234,446,biohydrogenation_6_1em2,"{'x4': 0.757, 'x5': 0.178, 'x6': 0.77, 'x7': 0.177}","{'k5': 0.227, 'k6': 0.188, 'k7': 0.625, 'k8': 0.211, 'k9': 0.257, 'k10': 0.395}",-1.0,1.0,1001,biohydrogenation,['x7'],0.01,True,True,amigo2,"[['k5', '2.1113e-01'], ['k6', '1.3586e-01'], ['k7', '1.2873e-01'], ['k8', '1.8559e-02'], ['k9', '0.0000e+00'], ['k10', '2.1549e+00'], ['x4', '7.5555e-01'], ['x5', '1.8115e-01'], ['x6', '0.0000e+00'], ['x7', '0.0000e+00']]",1904.4076898097992
2235,447,biohydrogenation_7_1em2,"{'x4': 0.464, 'x5': 0.747, 'x6': 0.792, 'x7': 0.617}","{'k5': 0.415, 'k6': 0.22, 'k7': 0.106, 'k8': 0.621, 'k9': 0.264, 'k10': 0.407}",-1.0,1.0,1001,biohydrogenation,['x7'],0.01,False,False,pe,,
2236,447,biohydrogenation_7_1em2,"{'x4': 0.464, 'x5': 0.747, 'x6': 0.792, 'x7': 0.617}","{'k5': 0.415, 'k6': 0.22, 'k7': 0.106, 'k8': 0.621, 'k9': 0.264, 'k10': 0.407}",-1.0,1.0,1001,biohydrogenation,['x7'],0.01,False,False,odepe,,
2237,447,biohydrogenation_7_1em2,"{'x4': 0.464, 'x5': 0.747, 'x6': 0.792, 'x7': 0.617}","{'k5': 0.415, 'k6': 0.22, 'k7': 0.106, 'k8': 0.621, 'k9': 0.264, 'k10': 0.407}",-1.0,1.0,1001,biohydrogenation,['x7'],0.01,True,True,sciml,"[['k5', '0.4068491351046859'], ['k6', '0.2108317080510651'], ['k7', '0.03653781942015919'], ['k8', '5.915540644084841e-16'], ['k9', '99.99999999998595'], ['k10', '1.8393103761339462'], ['x4', '0.4637890437667849'], ['x5', '0.7460293017045553'], ['x6', '1.571440130626787'], ['x7', '50.00000004978848']]",196.53845620155334
2238,447,biohydrogenation_7_1em2,"{'x4': 0.464, 'x5': 0.747, 'x6': 0.792, 'x7': 0.617}","{'k5': 0.415, 'k6': 0.22, 'k7': 0.106, 'k8': 0.621, 'k9': 0.264, 'k10': 0.407}",-1.0,1.0,1001,biohydrogenation,['x7'],0.01,False,False,iqm,,
2239,447,biohydrogenation_7_1em2,"{'x4': 0.464, 'x5': 0.747, 'x6': 0.792, 'x7': 0.617}","{'k5': 0.415, 'k6': 0.22, 'k7': 0.106, 'k8': 0.621, 'k9': 0.264, 'k10': 0.407}",-1.0,1.0,1001,biohydrogenation,['x7'],0.01,True,True,amigo2,"[['k5', '4.1628e-01'], ['k6', '2.2061e-01'], ['k7', '1.2393e-01'], ['k8', '1.6509e+00'], ['k9', '3.2422e-02'], ['k10', '1.5206e-02'], ['x4', '4.6464e-01'], ['x5', '7.4645e-01'], ['x6', '2.1680e-01'], ['x7', '6.9574e-03']]",839.5727784633636
2240,448,biohydrogenation_8_1em2,"{'x4': 0.728, 'x5': 0.75, 'x6': 0.406, 'x7': 0.473}","{'k5': 0.596, 'k6': 0.227, 'k7': 0.307, 'k8': 0.296, 'k9': 0.347, 'k10': 0.662}",-1.0,1.0,1001,biohydrogenation,['x7'],0.01,False,False,pe,,
2241,448,biohydrogenation_8_1em2,"{'x4': 0.728, 'x5': 0.75, 'x6': 0.406, 'x7': 0.473}","{'k5': 0.596, 'k6': 0.227, 'k7': 0.307, 'k8': 0.296, 'k9': 0.347, 'k10': 0.662}",-1.0,1.0,1001,biohydrogenation,['x7'],0.01,False,False,odepe,,
2242,448,biohydrogenation_8_1em2,"{'x4': 0.728, 'x5': 0.75, 'x6': 0.406, 'x7': 0.473}","{'k5': 0.596, 'k6': 0.227, 'k7': 0.307, 'k8': 0.296, 'k9': 0.347, 'k10': 0.662}",-1.0,1.0,1001,biohydrogenation,['x7'],0.01,True,True,sciml,"[['k5', '0.5928902841271034'], ['k6', '0.22430501623960544'], ['k7', '0.16828920262059885'], ['k8', '2.206561679502904e-9'], ['k9', '19.20281057216045'], ['k10', '50.0594847025467'], ['x4', '0.7273551261121572'], ['x5', '0.7474089490956249'], ['x6', '0.5602528229690054'], ['x7', '50.00000014202049']]",170.53724479675293
2243,448,biohydrogenation_8_1em2,"{'x4': 0.728, 'x5': 0.75, 'x6': 0.406, 'x7': 0.473}","{'k5': 0.596, 'k6': 0.227, 'k7': 0.307, 'k8': 0.296, 'k9': 0.347, 'k10': 0.662}",-1.0,1.0,1001,biohydrogenation,['x7'],0.01,False,False,iqm,,
2244,448,biohydrogenation_8_1em2,"{'x4': 0.728, 'x5': 0.75, 'x6': 0.406, 'x7': 0.473}","{'k5': 0.596, 'k6': 0.227, 'k7': 0.307, 'k8': 0.296, 'k9': 0.347, 'k10': 0.662}",-1.0,1.0,1001,biohydrogenation,['x7'],0.01,True,True,amigo2,"[['k5', '5.9290e-01'], ['k6', '2.2432e-01'], ['k7', '1.6815e-01'], ['k8', '0.0000e+00'], ['k9', '2.1431e+01'], ['k10', '8.6846e-01'], ['x4', '7.2736e-01'], ['x5', '7.4757e-01'], ['x6', '4.2299e-01'], ['x7', '7.5380e+01']]",409.4568841457367
2245,449,biohydrogenation_9_1em2,"{'x4': 0.154, 'x5': 0.327, 'x6': 0.147, 'x7': 0.652}","{'k5': 0.126, 'k6': 0.668, 'k7': 0.52, 'k8': 0.877, 'k9': 0.501, 'k10': 0.414}",-1.0,1.0,1001,biohydrogenation,['x7'],0.01,False,False,pe,,
2246,449,biohydrogenation_9_1em2,"{'x4': 0.154, 'x5': 0.327, 'x6': 0.147, 'x7': 0.652}","{'k5': 0.126, 'k6': 0.668, 'k7': 0.52, 'k8': 0.877, 'k9': 0.501, 'k10': 0.414}",-1.0,1.0,1001,biohydrogenation,['x7'],0.01,False,False,odepe,,
2247,449,biohydrogenation_9_1em2,"{'x4': 0.154, 'x5': 0.327, 'x6': 0.147, 'x7': 0.652}","{'k5': 0.126, 'k6': 0.668, 'k7': 0.52, 'k8': 0.877, 'k9': 0.501, 'k10': 0.414}",-1.0,1.0,1001,biohydrogenation,['x7'],0.01,True,True,sciml,"[['k5', '84.23392487310211'], ['k6', '8.268498803267043'], ['k7', '27.051113005096084'], ['k8', '39.87294489840695'], ['k9', '71.48386241373501'], ['k10', '2.7616322791322756'], ['x4', '36.46323970198452'], ['x5', '64.36096460013252'], ['x6', '17.606899653244312'], ['x7', '0.6054953733924173']]",136.90141487121582
2248,449,biohydrogenation_9_1em2,"{'x4': 0.154, 'x5': 0.327, 'x6': 0.147, 'x7': 0.652}","{'k5': 0.126, 'k6': 0.668, 'k7': 0.52, 'k8': 0.877, 'k9': 0.501, 'k10': 0.414}",-1.0,1.0,1001,biohydrogenation,['x7'],0.01,False,False,iqm,,
2249,449,biohydrogenation_9_1em2,"{'x4': 0.154, 'x5': 0.327, 'x6': 0.147, 'x7': 0.652}","{'k5': 0.126, 'k6': 0.668, 'k7': 0.52, 'k8': 0.877, 'k9': 0.501, 'k10': 0.414}",-1.0,1.0,1001,biohydrogenation,['x7'],0.01,True,True,amigo2,"[['k5', '1.5838e+01'], ['k6', '1.0000e+02'], ['k7', '7.8885e+01'], ['k8', '1.0000e+02'], ['k9', '0.0000e+00'], ['k10', '1.2502e+00'], ['x4', '1.5435e-01'], ['x5', '3.2757e-01'], ['x6', '1.0000e+02'], ['x7', '4.3167e-02']]",262.6705358028412
2250,450,crauste_0_1em2,"{'n': 0.338, 'e': 0.751, 's': 0.417, 'm': 0.805, 'p': 0.565}","{'muN': 0.642, 'muEE': 0.316, 'muLE': 0.688, 'muLL': 0.87, 'muM': 0.299, 'muP': 0.561, 'muPE': 0.574, 'muPL': 0.558, 'deltaNE': 0.278, 'deltaEL': 0.862, 'deltaLM': 0.458, 'rhoE': 0.777, 'rhoP': 0.66}",-1.0,1.0,1001,crauste,[],0.01,False,False,pe,,
2251,450,crauste_0_1em2,"{'n': 0.338, 'e': 0.751, 's': 0.417, 'm': 0.805, 'p': 0.565}","{'muN': 0.642, 'muEE': 0.316, 'muLE': 0.688, 'muLL': 0.87, 'muM': 0.299, 'muP': 0.561, 'muPE': 0.574, 'muPL': 0.558, 'deltaNE': 0.278, 'deltaEL': 0.862, 'deltaLM': 0.458, 'rhoE': 0.777, 'rhoP': 0.66}",-1.0,1.0,1001,crauste,[],0.01,False,False,odepe,,
2252,450,crauste_0_1em2,"{'n': 0.338, 'e': 0.751, 's': 0.417, 'm': 0.805, 'p': 0.565}","{'muN': 0.642, 'muEE': 0.316, 'muLE': 0.688, 'muLL': 0.87, 'muM': 0.299, 'muP': 0.561, 'muPE': 0.574, 'muPL': 0.558, 'deltaNE': 0.278, 'deltaEL': 0.862, 'deltaLM': 0.458, 'rhoE': 0.777, 'rhoP': 0.66}",-1.0,1.0,1001,crauste,[],0.01,True,True,sciml,"[['muN', '24.511527677618304'], ['muEE', '95.13611078608521'], ['muLE', '61.72501410100802'], ['muLL', '66.2428296932747'], ['muM', '37.956297451102685'], ['muP', '16.463977076938374'], ['muPE', '64.52548735859884'], ['muPL', '77.87352589714772'], ['deltaNE', '12.542697993252528'], ['deltaEL', '81.71328426660659'], ['deltaLM', '47.769583644731895'], ['rhoE', '15.647031098440067'], ['rhoP', '64.01247577409075'], ['n', '80.29098189510462'], ['e', '73.13267670874556'], ['s', '8.226231542034624'], ['m', '95.56808952417201'], ['p', '64.20257133251592']]",136.97851061820984
2253,450,crauste_0_1em2,"{'n': 0.338, 'e': 0.751, 's': 0.417, 'm': 0.805, 'p': 0.565}","{'muN': 0.642, 'muEE': 0.316, 'muLE': 0.688, 'muLL': 0.87, 'muM': 0.299, 'muP': 0.561, 'muPE': 0.574, 'muPL': 0.558, 'deltaNE': 0.278, 'deltaEL': 0.862, 'deltaLM': 0.458, 'rhoE': 0.777, 'rhoP': 0.66}",-1.0,1.0,1001,crauste,[],0.01,False,False,iqm,,
2254,450,crauste_0_1em2,"{'n': 0.338, 'e': 0.751, 's': 0.417, 'm': 0.805, 'p': 0.565}","{'muN': 0.642, 'muEE': 0.316, 'muLE': 0.688, 'muLL': 0.87, 'muM': 0.299, 'muP': 0.561, 'muPE': 0.574, 'muPL': 0.558, 'deltaNE': 0.278, 'deltaEL': 0.862, 'deltaLM': 0.458, 'rhoE': 0.777, 'rhoP': 0.66}",-1.0,1.0,1001,crauste,[],0.01,True,True,amigo2,"[['muN', '6.4771e-01'], ['muEE', '6.1947e-01'], ['muLE', '2.3590e-01'], ['muLL', '1.2017e+00'], ['muM', '3.5450e-01'], ['muP', '0.0000e+00'], ['muPE', '1.5193e+00'], ['muPL', '1.2856e+00'], ['deltaNE', '2.5699e-01'], ['deltaEL', '8.5682e-01'], ['deltaLM', '2.3753e-02'], ['rhoE', '1.2185e+00'], ['rhoP', '1.1930e+00'], ['n', '3.3730e-01'], ['e', '7.4798e-01'], ['s', '2.9739e-01'], ['m', '9.2179e-01'], ['p', '5.6539e-01']]",355.9659802913666
2255,451,crauste_1_1em2,"{'n': 0.443, 'e': 0.208, 's': 0.339, 'm': 0.556, 'p': 0.573}","{'muN': 0.805, 'muEE': 0.654, 'muLE': 0.68, 'muLL': 0.501, 'muM': 0.865, 'muP': 0.615, 'muPE': 0.439, 'muPL': 0.585, 'deltaNE': 0.115, 'deltaEL': 0.341, 'deltaLM': 0.628, 'rhoE': 0.332, 'rhoP': 0.594}",-1.0,1.0,1001,crauste,[],0.01,False,False,pe,,
2256,451,crauste_1_1em2,"{'n': 0.443, 'e': 0.208, 's': 0.339, 'm': 0.556, 'p': 0.573}","{'muN': 0.805, 'muEE': 0.654, 'muLE': 0.68, 'muLL': 0.501, 'muM': 0.865, 'muP': 0.615, 'muPE': 0.439, 'muPL': 0.585, 'deltaNE': 0.115, 'deltaEL': 0.341, 'deltaLM': 0.628, 'rhoE': 0.332, 'rhoP': 0.594}",-1.0,1.0,1001,crauste,[],0.01,False,False,odepe,,
2257,451,crauste_1_1em2,"{'n': 0.443, 'e': 0.208, 's': 0.339, 'm': 0.556, 'p': 0.573}","{'muN': 0.805, 'muEE': 0.654, 'muLE': 0.68, 'muLL': 0.501, 'muM': 0.865, 'muP': 0.615, 'muPE': 0.439, 'muPL': 0.585, 'deltaNE': 0.115, 'deltaEL': 0.341, 'deltaLM': 0.628, 'rhoE': 0.332, 'rhoP': 0.594}",-1.0,1.0,1001,crauste,[],0.01,True,True,sciml,"[['muN', '63.32660704455391'], ['muEE', '50.622462619120256'], ['muLE', '98.35849303772348'], ['muLL', '74.53325676419833'], ['muM', '35.800153150657955'], ['muP', '75.36073429200188'], ['muPE', '3.3958697373758673'], ['muPL', '88.21875093932641'], ['deltaNE', '58.254661223962955'], ['deltaEL', '39.57066662034594'], ['deltaLM', '42.28337510150608'], ['rhoE', '1.004735706972193'], ['rhoP', '50.25523717027838'], ['n', '95.24241931426546'], ['e', '52.94194970761023'], ['s', '44.200097858803844'], ['m', '85.96149145612466'], ['p', '84.31870213970545']]",137.20806431770325
2258,451,crauste_1_1em2,"{'n': 0.443, 'e': 0.208, 's': 0.339, 'm': 0.556, 'p': 0.573}","{'muN': 0.805, 'muEE': 0.654, 'muLE': 0.68, 'muLL': 0.501, 'muM': 0.865, 'muP': 0.615, 'muPE': 0.439, 'muPL': 0.585, 'deltaNE': 0.115, 'deltaEL': 0.341, 'deltaLM': 0.628, 'rhoE': 0.332, 'rhoP': 0.594}",-1.0,1.0,1001,crauste,[],0.01,False,False,iqm,,
2259,451,crauste_1_1em2,"{'n': 0.443, 'e': 0.208, 's': 0.339, 'm': 0.556, 'p': 0.573}","{'muN': 0.805, 'muEE': 0.654, 'muLE': 0.68, 'muLL': 0.501, 'muM': 0.865, 'muP': 0.615, 'muPE': 0.439, 'muPL': 0.585, 'deltaNE': 0.115, 'deltaEL': 0.341, 'deltaLM': 0.628, 'rhoE': 0.332, 'rhoP': 0.594}",-1.0,1.0,1001,crauste,[],0.01,True,True,amigo2,"[['muN', '8.0146e-01'], ['muEE', '1.9126e-01'], ['muLE', '0.0000e+00'], ['muLL', '1.3364e-01'], ['muM', '7.4885e+00'], ['muP', '3.9310e-01'], ['muPE', '7.6498e-01'], ['muPL', '2.4250e+00'], ['deltaNE', '1.2554e-01'], ['deltaEL', '3.7778e-01'], ['deltaLM', '8.1041e-01'], ['rhoE', '2.0310e-01'], ['rhoP', '3.3631e+00'], ['n', '4.4344e-01'], ['e', '2.0766e-01'], ['s', '8.0459e-01'], ['m', '9.0076e-02'], ['p', '5.7409e-01']]",484.0428764820099
2260,452,crauste_2_1em2,"{'n': 0.899, 'e': 0.22, 's': 0.795, 'm': 0.23, 'p': 0.592}","{'muN': 0.559, 'muEE': 0.623, 'muLE': 0.622, 'muLL': 0.445, 'muM': 0.817, 'muP': 0.394, 'muPE': 0.449, 'muPL': 0.814, 'deltaNE': 0.745, 'deltaEL': 0.663, 'deltaLM': 0.18, 'rhoE': 0.836, 'rhoP': 0.671}",-1.0,1.0,1001,crauste,[],0.01,False,False,pe,,
2261,452,crauste_2_1em2,"{'n': 0.899, 'e': 0.22, 's': 0.795, 'm': 0.23, 'p': 0.592}","{'muN': 0.559, 'muEE': 0.623, 'muLE': 0.622, 'muLL': 0.445, 'muM': 0.817, 'muP': 0.394, 'muPE': 0.449, 'muPL': 0.814, 'deltaNE': 0.745, 'deltaEL': 0.663, 'deltaLM': 0.18, 'rhoE': 0.836, 'rhoP': 0.671}",-1.0,1.0,1001,crauste,[],0.01,False,False,odepe,,
2262,452,crauste_2_1em2,"{'n': 0.899, 'e': 0.22, 's': 0.795, 'm': 0.23, 'p': 0.592}","{'muN': 0.559, 'muEE': 0.623, 'muLE': 0.622, 'muLL': 0.445, 'muM': 0.817, 'muP': 0.394, 'muPE': 0.449, 'muPL': 0.814, 'deltaNE': 0.745, 'deltaEL': 0.663, 'deltaLM': 0.18, 'rhoE': 0.836, 'rhoP': 0.671}",-1.0,1.0,1001,crauste,[],0.01,True,False,sciml,,143.75334310531616
2263,452,crauste_2_1em2,"{'n': 0.899, 'e': 0.22, 's': 0.795, 'm': 0.23, 'p': 0.592}","{'muN': 0.559, 'muEE': 0.623, 'muLE': 0.622, 'muLL': 0.445, 'muM': 0.817, 'muP': 0.394, 'muPE': 0.449, 'muPL': 0.814, 'deltaNE': 0.745, 'deltaEL': 0.663, 'deltaLM': 0.18, 'rhoE': 0.836, 'rhoP': 0.671}",-1.0,1.0,1001,crauste,[],0.01,False,False,iqm,,
2264,452,crauste_2_1em2,"{'n': 0.899, 'e': 0.22, 's': 0.795, 'm': 0.23, 'p': 0.592}","{'muN': 0.559, 'muEE': 0.623, 'muLE': 0.622, 'muLL': 0.445, 'muM': 0.817, 'muP': 0.394, 'muPE': 0.449, 'muPL': 0.814, 'deltaNE': 0.745, 'deltaEL': 0.663, 'deltaLM': 0.18, 'rhoE': 0.836, 'rhoP': 0.671}",-1.0,1.0,1001,crauste,[],0.01,True,True,amigo2,"[['muN', '5.6186e-01'], ['muEE', '6.1456e-01'], ['muLE', '1.0277e+00'], ['muLL', '4.9298e-01'], ['muM', '2.0972e-01'], ['muP', '1.0078e+00'], ['muPE', '3.5963e-01'], ['muPL', '3.8893e-02'], ['deltaNE', '7.3800e-01'], ['deltaEL', '6.6354e-01'], ['deltaLM', '0.0000e+00'], ['rhoE', '8.4045e-01'], ['rhoP', '5.9338e-01'], ['n', '8.9907e-01'], ['e', '2.2076e-01'], ['s', '3.1994e-01'], ['m', '7.0501e-01'], ['p', '5.9161e-01']]",350.08503913879395
2265,453,crauste_3_1em2,"{'n': 0.388, 'e': 0.684, 's': 0.237, 'm': 0.517, 'p': 0.143}","{'muN': 0.199, 'muEE': 0.778, 'muLE': 0.746, 'muLL': 0.555, 'muM': 0.426, 'muP': 0.155, 'muPE': 0.658, 'muPL': 0.463, 'deltaNE': 0.678, 'deltaEL': 0.793, 'deltaLM': 0.88, 'rhoE': 0.785, 'rhoP': 0.109}",-1.0,1.0,1001,crauste,[],0.01,False,False,pe,,
2266,453,crauste_3_1em2,"{'n': 0.388, 'e': 0.684, 's': 0.237, 'm': 0.517, 'p': 0.143}","{'muN': 0.199, 'muEE': 0.778, 'muLE': 0.746, 'muLL': 0.555, 'muM': 0.426, 'muP': 0.155, 'muPE': 0.658, 'muPL': 0.463, 'deltaNE': 0.678, 'deltaEL': 0.793, 'deltaLM': 0.88, 'rhoE': 0.785, 'rhoP': 0.109}",-1.0,1.0,1001,crauste,[],0.01,False,False,odepe,,
2267,453,crauste_3_1em2,"{'n': 0.388, 'e': 0.684, 's': 0.237, 'm': 0.517, 'p': 0.143}","{'muN': 0.199, 'muEE': 0.778, 'muLE': 0.746, 'muLL': 0.555, 'muM': 0.426, 'muP': 0.155, 'muPE': 0.658, 'muPL': 0.463, 'deltaNE': 0.678, 'deltaEL': 0.793, 'deltaLM': 0.88, 'rhoE': 0.785, 'rhoP': 0.109}",-1.0,1.0,1001,crauste,[],0.01,True,True,sciml,"[['muN', '93.43630412560842'], ['muEE', '31.767263042165204'], ['muLE', '34.608416150771326'], ['muLL', '28.00886039372449'], ['muM', '25.905663884947007'], ['muP', '37.03304209634405'], ['muPE', '42.85701249334196'], ['muPL', '9.458094631629443'], ['deltaNE', '26.207182060699253'], ['deltaEL', '8.774083096045281'], ['deltaLM', '71.56294615047555'], ['rhoE', '37.69962141459582'], ['rhoP', '74.79267899492608'], ['n', '28.156314994431998'], ['e', '89.12804734973783'], ['s', '44.17264144171234'], ['m', '64.39772737814361'], ['p', '97.04151400505225']]",199.79113006591797
2268,453,crauste_3_1em2,"{'n': 0.388, 'e': 0.684, 's': 0.237, 'm': 0.517, 'p': 0.143}","{'muN': 0.199, 'muEE': 0.778, 'muLE': 0.746, 'muLL': 0.555, 'muM': 0.426, 'muP': 0.155, 'muPE': 0.658, 'muPL': 0.463, 'deltaNE': 0.678, 'deltaEL': 0.793, 'deltaLM': 0.88, 'rhoE': 0.785, 'rhoP': 0.109}",-1.0,1.0,1001,crauste,[],0.01,False,False,iqm,,
2269,453,crauste_3_1em2,"{'n': 0.388, 'e': 0.684, 's': 0.237, 'm': 0.517, 'p': 0.143}","{'muN': 0.199, 'muEE': 0.778, 'muLE': 0.746, 'muLL': 0.555, 'muM': 0.426, 'muP': 0.155, 'muPE': 0.658, 'muPL': 0.463, 'deltaNE': 0.678, 'deltaEL': 0.793, 'deltaLM': 0.88, 'rhoE': 0.785, 'rhoP': 0.109}",-1.0,1.0,1001,crauste,[],0.01,True,True,amigo2,"[['muN', '2.0516e-01'], ['muEE', '9.8403e-01'], ['muLE', '0.0000e+00'], ['muLL', '1.9589e+01'], ['muM', '2.0632e-01'], ['muP', '1.4212e-01'], ['muPE', '8.7084e-01'], ['muPL', '2.9197e+00'], ['deltaNE', '6.1361e-01'], ['deltaEL', '8.5190e-01'], ['deltaLM', '0.0000e+00'], ['rhoE', '2.1711e+00'], ['rhoP', '1.6296e+00'], ['n', '3.8784e-01'], ['e', '6.8456e-01'], ['s', '7.2117e-02'], ['m', '6.8217e-01'], ['p', '1.4336e-01']]",326.86634063720703
2270,454,crauste_4_1em2,"{'n': 0.591, 'e': 0.529, 's': 0.572, 'm': 0.684, 'p': 0.35}","{'muN': 0.26, 'muEE': 0.115, 'muLE': 0.735, 'muLL': 0.279, 'muM': 0.376, 'muP': 0.842, 'muPE': 0.664, 'muPL': 0.125, 'deltaNE': 0.232, 'deltaEL': 0.597, 'deltaLM': 0.562, 'rhoE': 0.29, 'rhoP': 0.847}",-1.0,1.0,1001,crauste,[],0.01,False,False,pe,,
2271,454,crauste_4_1em2,"{'n': 0.591, 'e': 0.529, 's': 0.572, 'm': 0.684, 'p': 0.35}","{'muN': 0.26, 'muEE': 0.115, 'muLE': 0.735, 'muLL': 0.279, 'muM': 0.376, 'muP': 0.842, 'muPE': 0.664, 'muPL': 0.125, 'deltaNE': 0.232, 'deltaEL': 0.597, 'deltaLM': 0.562, 'rhoE': 0.29, 'rhoP': 0.847}",-1.0,1.0,1001,crauste,[],0.01,False,False,odepe,,
2272,454,crauste_4_1em2,"{'n': 0.591, 'e': 0.529, 's': 0.572, 'm': 0.684, 'p': 0.35}","{'muN': 0.26, 'muEE': 0.115, 'muLE': 0.735, 'muLL': 0.279, 'muM': 0.376, 'muP': 0.842, 'muPE': 0.664, 'muPL': 0.125, 'deltaNE': 0.232, 'deltaEL': 0.597, 'deltaLM': 0.562, 'rhoE': 0.29, 'rhoP': 0.847}",-1.0,1.0,1001,crauste,[],0.01,True,False,sciml,,455.5009796619415
2273,454,crauste_4_1em2,"{'n': 0.591, 'e': 0.529, 's': 0.572, 'm': 0.684, 'p': 0.35}","{'muN': 0.26, 'muEE': 0.115, 'muLE': 0.735, 'muLL': 0.279, 'muM': 0.376, 'muP': 0.842, 'muPE': 0.664, 'muPL': 0.125, 'deltaNE': 0.232, 'deltaEL': 0.597, 'deltaLM': 0.562, 'rhoE': 0.29, 'rhoP': 0.847}",-1.0,1.0,1001,crauste,[],0.01,False,False,iqm,,
2274,454,crauste_4_1em2,"{'n': 0.591, 'e': 0.529, 's': 0.572, 'm': 0.684, 'p': 0.35}","{'muN': 0.26, 'muEE': 0.115, 'muLE': 0.735, 'muLL': 0.279, 'muM': 0.376, 'muP': 0.842, 'muPE': 0.664, 'muPL': 0.125, 'deltaNE': 0.232, 'deltaEL': 0.597, 'deltaLM': 0.562, 'rhoE': 0.29, 'rhoP': 0.847}",-1.0,1.0,1001,crauste,[],0.01,True,True,amigo2,"[['muN', '2.6438e-01'], ['muEE', '3.8951e-02'], ['muLE', '9.7447e-01'], ['muLL', '3.2272e+01'], ['muM', '1.3908e-01'], ['muP', '7.3152e-01'], ['muPE', '1.2701e+00'], ['muPL', '5.5017e+00'], ['deltaNE', '2.0214e-01'], ['deltaEL', '6.0768e-01'], ['deltaLM', '0.0000e+00'], ['rhoE', '2.3210e-01'], ['rhoP', '2.0766e+00'], ['n', '5.9011e-01'], ['e', '5.2920e-01'], ['s', '5.7643e-02'], ['m', '1.2014e+00'], ['p', '3.4996e-01']]",2546.3100893497467
2275,455,crauste_5_1em2,"{'n': 0.244, 'e': 0.12, 's': 0.154, 'm': 0.644, 'p': 0.463}","{'muN': 0.419, 'muEE': 0.268, 'muLE': 0.249, 'muLL': 0.855, 'muM': 0.692, 'muP': 0.492, 'muPE': 0.282, 'muPL': 0.303, 'deltaNE': 0.146, 'deltaEL': 0.448, 'deltaLM': 0.349, 'rhoE': 0.657, 'rhoP': 0.402}",-1.0,1.0,1001,crauste,[],0.01,False,False,pe,,
2276,455,crauste_5_1em2,"{'n': 0.244, 'e': 0.12, 's': 0.154, 'm': 0.644, 'p': 0.463}","{'muN': 0.419, 'muEE': 0.268, 'muLE': 0.249, 'muLL': 0.855, 'muM': 0.692, 'muP': 0.492, 'muPE': 0.282, 'muPL': 0.303, 'deltaNE': 0.146, 'deltaEL': 0.448, 'deltaLM': 0.349, 'rhoE': 0.657, 'rhoP': 0.402}",-1.0,1.0,1001,crauste,[],0.01,False,False,odepe,,
2277,455,crauste_5_1em2,"{'n': 0.244, 'e': 0.12, 's': 0.154, 'm': 0.644, 'p': 0.463}","{'muN': 0.419, 'muEE': 0.268, 'muLE': 0.249, 'muLL': 0.855, 'muM': 0.692, 'muP': 0.492, 'muPE': 0.282, 'muPL': 0.303, 'deltaNE': 0.146, 'deltaEL': 0.448, 'deltaLM': 0.349, 'rhoE': 0.657, 'rhoP': 0.402}",-1.0,1.0,1001,crauste,[],0.01,True,True,sciml,"[['muN', '0.4216145245016381'], ['muEE', '0.6038813742961233'], ['muLE', '4.11856021566968'], ['muLL', '0.06999660853775862'], ['muM', '65.63744940032592'], ['muP', '0.47950482537562017'], ['muPE', '1.261558130614179'], ['muPL', '1.254835813577295e-10'], ['deltaNE', '0.1363904055509953'], ['deltaEL', '0.4230601570873218'], ['deltaLM', '0.3647431042583455'], ['rhoE', '0.7050880435030124'], ['rhoP', '0.5453777607018045'], ['n', '0.24385853924177092'], ['e', '0.12007412765793632'], ['s', '0.7921043868856568'], ['m', '0.01070547747516542'], ['p', '0.46264992965067375']]",787.5738961696625
2278,455,crauste_5_1em2,"{'n': 0.244, 'e': 0.12, 's': 0.154, 'm': 0.644, 'p': 0.463}","{'muN': 0.419, 'muEE': 0.268, 'muLE': 0.249, 'muLL': 0.855, 'muM': 0.692, 'muP': 0.492, 'muPE': 0.282, 'muPL': 0.303, 'deltaNE': 0.146, 'deltaEL': 0.448, 'deltaLM': 0.349, 'rhoE': 0.657, 'rhoP': 0.402}",-1.0,1.0,1001,crauste,[],0.01,False,False,iqm,,
2279,455,crauste_5_1em2,"{'n': 0.244, 'e': 0.12, 's': 0.154, 'm': 0.644, 'p': 0.463}","{'muN': 0.419, 'muEE': 0.268, 'muLE': 0.249, 'muLL': 0.855, 'muM': 0.692, 'muP': 0.492, 'muPE': 0.282, 'muPL': 0.303, 'deltaNE': 0.146, 'deltaEL': 0.448, 'deltaLM': 0.349, 'rhoE': 0.657, 'rhoP': 0.402}",-1.0,1.0,1001,crauste,[],0.01,True,True,amigo2,"[['muN', '4.2178e-01'], ['muEE', '0.0000e+00'], ['muLE', '0.0000e+00'], ['muLL', '2.2919e+00'], ['muM', '6.2995e-01'], ['muP', '0.0000e+00'], ['muPE', '1.5170e+00'], ['muPL', '2.4622e+00'], ['deltaNE', '1.3590e-01'], ['deltaEL', '4.5809e-01'], ['deltaLM', '0.0000e+00'], ['rhoE', '6.1593e-01'], ['rhoP', '2.7641e-01'], ['n', '2.4385e-01'], ['e', '1.2014e-01'], ['s', '1.3160e-01'], ['m', '6.6612e-01'], ['p', '4.6264e-01']]",1326.0223348140717
2280,456,crauste_6_1em2,"{'n': 0.798, 'e': 0.319, 's': 0.738, 'm': 0.249, 'p': 0.862}","{'muN': 0.529, 'muEE': 0.817, 'muLE': 0.892, 'muLL': 0.274, 'muM': 0.63, 'muP': 0.311, 'muPE': 0.117, 'muPL': 0.707, 'deltaNE': 0.356, 'deltaEL': 0.407, 'deltaLM': 0.571, 'rhoE': 0.765, 'rhoP': 0.603}",-1.0,1.0,1001,crauste,[],0.01,False,False,pe,,
2281,456,crauste_6_1em2,"{'n': 0.798, 'e': 0.319, 's': 0.738, 'm': 0.249, 'p': 0.862}","{'muN': 0.529, 'muEE': 0.817, 'muLE': 0.892, 'muLL': 0.274, 'muM': 0.63, 'muP': 0.311, 'muPE': 0.117, 'muPL': 0.707, 'deltaNE': 0.356, 'deltaEL': 0.407, 'deltaLM': 0.571, 'rhoE': 0.765, 'rhoP': 0.603}",-1.0,1.0,1001,crauste,[],0.01,False,False,odepe,,
2282,456,crauste_6_1em2,"{'n': 0.798, 'e': 0.319, 's': 0.738, 'm': 0.249, 'p': 0.862}","{'muN': 0.529, 'muEE': 0.817, 'muLE': 0.892, 'muLL': 0.274, 'muM': 0.63, 'muP': 0.311, 'muPE': 0.117, 'muPL': 0.707, 'deltaNE': 0.356, 'deltaEL': 0.407, 'deltaLM': 0.571, 'rhoE': 0.765, 'rhoP': 0.603}",-1.0,1.0,1001,crauste,[],0.01,True,True,sciml,"[['muN', '78.1075519293263'], ['muEE', '38.9279286849078'], ['muLE', '84.65101820114405'], ['muLL', '22.792503892545668'], ['muM', '10.713862910319161'], ['muP', '87.08293079117205'], ['muPE', '4.96517331349674'], ['muPL', '37.4895117382315'], ['deltaNE', '80.88126520107963'], ['deltaEL', '49.6310415063968'], ['deltaLM', '57.2880885278662'], ['rhoE', '46.88960111554432'], ['rhoP', '35.58028690457026'], ['n', '62.18882880349994'], ['e', '47.61327610283813'], ['s', '39.20582177007549'], ['m', '57.412488956251515'], ['p', '75.19861702322362']]",200.19319462776184
2283,456,crauste_6_1em2,"{'n': 0.798, 'e': 0.319, 's': 0.738, 'm': 0.249, 'p': 0.862}","{'muN': 0.529, 'muEE': 0.817, 'muLE': 0.892, 'muLL': 0.274, 'muM': 0.63, 'muP': 0.311, 'muPE': 0.117, 'muPL': 0.707, 'deltaNE': 0.356, 'deltaEL': 0.407, 'deltaLM': 0.571, 'rhoE': 0.765, 'rhoP': 0.603}",-1.0,1.0,1001,crauste,[],0.01,False,False,iqm,,
2284,456,crauste_6_1em2,"{'n': 0.798, 'e': 0.319, 's': 0.738, 'm': 0.249, 'p': 0.862}","{'muN': 0.529, 'muEE': 0.817, 'muLE': 0.892, 'muLL': 0.274, 'muM': 0.63, 'muP': 0.311, 'muPE': 0.117, 'muPL': 0.707, 'deltaNE': 0.356, 'deltaEL': 0.407, 'deltaLM': 0.571, 'rhoE': 0.765, 'rhoP': 0.603}",-1.0,1.0,1001,crauste,[],0.01,True,True,amigo2,"[['muN', '5.0479e-01'], ['muEE', '5.8269e-01'], ['muLE', '1.4323e+00'], ['muLL', '1.5911e-01'], ['muM', '3.9803e-01'], ['muP', '4.9527e-01'], ['muPE', '2.7927e+00'], ['muPL', '1.3029e+00'], ['deltaNE', '3.9317e-01'], ['deltaEL', '4.1100e-01'], ['deltaLM', '1.1170e+00'], ['rhoE', '5.9259e-01'], ['rhoP', '2.6731e+00'], ['n', '7.9986e-01'], ['e', '3.1898e-01'], ['s', '9.8591e-01'], ['m', '0.0000e+00'], ['p', '8.6347e-01']]",367.45434165000916
2285,457,crauste_7_1em2,"{'n': 0.569, 'e': 0.791, 's': 0.194, 'm': 0.514, 'p': 0.206}","{'muN': 0.65, 'muEE': 0.272, 'muLE': 0.858, 'muLL': 0.685, 'muM': 0.303, 'muP': 0.271, 'muPE': 0.515, 'muPL': 0.121, 'deltaNE': 0.266, 'deltaEL': 0.44, 'deltaLM': 0.399, 'rhoE': 0.471, 'rhoP': 0.322}",-1.0,1.0,1001,crauste,[],0.01,False,False,pe,,
2286,457,crauste_7_1em2,"{'n': 0.569, 'e': 0.791, 's': 0.194, 'm': 0.514, 'p': 0.206}","{'muN': 0.65, 'muEE': 0.272, 'muLE': 0.858, 'muLL': 0.685, 'muM': 0.303, 'muP': 0.271, 'muPE': 0.515, 'muPL': 0.121, 'deltaNE': 0.266, 'deltaEL': 0.44, 'deltaLM': 0.399, 'rhoE': 0.471, 'rhoP': 0.322}",-1.0,1.0,1001,crauste,[],0.01,False,False,odepe,,
2287,457,crauste_7_1em2,"{'n': 0.569, 'e': 0.791, 's': 0.194, 'm': 0.514, 'p': 0.206}","{'muN': 0.65, 'muEE': 0.272, 'muLE': 0.858, 'muLL': 0.685, 'muM': 0.303, 'muP': 0.271, 'muPE': 0.515, 'muPL': 0.121, 'deltaNE': 0.266, 'deltaEL': 0.44, 'deltaLM': 0.399, 'rhoE': 0.471, 'rhoP': 0.322}",-1.0,1.0,1001,crauste,[],0.01,True,False,sciml,,1190.847945690155
2288,457,crauste_7_1em2,"{'n': 0.569, 'e': 0.791, 's': 0.194, 'm': 0.514, 'p': 0.206}","{'muN': 0.65, 'muEE': 0.272, 'muLE': 0.858, 'muLL': 0.685, 'muM': 0.303, 'muP': 0.271, 'muPE': 0.515, 'muPL': 0.121, 'deltaNE': 0.266, 'deltaEL': 0.44, 'deltaLM': 0.399, 'rhoE': 0.471, 'rhoP': 0.322}",-1.0,1.0,1001,crauste,[],0.01,False,False,iqm,,
2289,457,crauste_7_1em2,"{'n': 0.569, 'e': 0.791, 's': 0.194, 'm': 0.514, 'p': 0.206}","{'muN': 0.65, 'muEE': 0.272, 'muLE': 0.858, 'muLL': 0.685, 'muM': 0.303, 'muP': 0.271, 'muPE': 0.515, 'muPL': 0.121, 'deltaNE': 0.266, 'deltaEL': 0.44, 'deltaLM': 0.399, 'rhoE': 0.471, 'rhoP': 0.322}",-1.0,1.0,1001,crauste,[],0.01,True,True,amigo2,"[['muN', '6.4581e-01'], ['muEE', '1.5991e-01'], ['muLE', '9.4178e-01'], ['muLL', '0.0000e+00'], ['muM', '7.2921e-01'], ['muP', '2.7942e-01'], ['muPE', '2.9414e-01'], ['muPL', '1.9725e-01'], ['deltaNE', '2.9579e-01'], ['deltaEL', '4.3943e-01'], ['deltaLM', '4.7105e-01'], ['rhoE', '0.0000e+00'], ['rhoP', '0.0000e+00'], ['n', '5.6926e-01'], ['e', '7.9144e-01'], ['s', '6.6082e-01'], ['m', '4.8244e-02'], ['p', '2.0612e-01']]",371.130348443985
2290,458,crauste_8_1em2,"{'n': 0.568, 'e': 0.87, 's': 0.334, 'm': 0.293, 'p': 0.18}","{'muN': 0.673, 'muEE': 0.417, 'muLE': 0.552, 'muLL': 0.247, 'muM': 0.216, 'muP': 0.49, 'muPE': 0.384, 'muPL': 0.852, 'deltaNE': 0.712, 'deltaEL': 0.699, 'deltaLM': 0.823, 'rhoE': 0.167, 'rhoP': 0.542}",-1.0,1.0,1001,crauste,[],0.01,False,False,pe,,
2291,458,crauste_8_1em2,"{'n': 0.568, 'e': 0.87, 's': 0.334, 'm': 0.293, 'p': 0.18}","{'muN': 0.673, 'muEE': 0.417, 'muLE': 0.552, 'muLL': 0.247, 'muM': 0.216, 'muP': 0.49, 'muPE': 0.384, 'muPL': 0.852, 'deltaNE': 0.712, 'deltaEL': 0.699, 'deltaLM': 0.823, 'rhoE': 0.167, 'rhoP': 0.542}",-1.0,1.0,1001,crauste,[],0.01,False,False,odepe,,
2292,458,crauste_8_1em2,"{'n': 0.568, 'e': 0.87, 's': 0.334, 'm': 0.293, 'p': 0.18}","{'muN': 0.673, 'muEE': 0.417, 'muLE': 0.552, 'muLL': 0.247, 'muM': 0.216, 'muP': 0.49, 'muPE': 0.384, 'muPL': 0.852, 'deltaNE': 0.712, 'deltaEL': 0.699, 'deltaLM': 0.823, 'rhoE': 0.167, 'rhoP': 0.542}",-1.0,1.0,1001,crauste,[],0.01,True,True,sciml,"[['muN', '0.6789796065808826'], ['muEE', '0.7213307851422718'], ['muLE', '0.6673720640266555'], ['muLL', '2.5992783656287603e-12'], ['muM', '0.16276055993684813'], ['muP', '0.43081990725481256'], ['muPE', '1.025077434028095e-12'], ['muPL', '2.0453031210331463'], ['deltaNE', '0.6712537998127323'], ['deltaEL', '0.7048878455244952'], ['deltaLM', '0.8942994717671168'], ['rhoE', '1.7384570780804927'], ['rhoP', '2.0031850561151944e-11'], ['n', '0.5692612215361722'], ['e', '0.8694019106714359'], ['s', '0.2862336919177965'], ['m', '0.34101289955395375'], ['p', '0.179985112710417']]",600.2550137042999
2293,458,crauste_8_1em2,"{'n': 0.568, 'e': 0.87, 's': 0.334, 'm': 0.293, 'p': 0.18}","{'muN': 0.673, 'muEE': 0.417, 'muLE': 0.552, 'muLL': 0.247, 'muM': 0.216, 'muP': 0.49, 'muPE': 0.384, 'muPL': 0.852, 'deltaNE': 0.712, 'deltaEL': 0.699, 'deltaLM': 0.823, 'rhoE': 0.167, 'rhoP': 0.542}",-1.0,1.0,1001,crauste,[],0.01,False,False,iqm,,
2294,458,crauste_8_1em2,"{'n': 0.568, 'e': 0.87, 's': 0.334, 'm': 0.293, 'p': 0.18}","{'muN': 0.673, 'muEE': 0.417, 'muLE': 0.552, 'muLL': 0.247, 'muM': 0.216, 'muP': 0.49, 'muPE': 0.384, 'muPL': 0.852, 'deltaNE': 0.712, 'deltaEL': 0.699, 'deltaLM': 0.823, 'rhoE': 0.167, 'rhoP': 0.542}",-1.0,1.0,1001,crauste,[],0.01,True,True,amigo2,"[['muN', '6.7896e-01'], ['muEE', '7.5506e-01'], ['muLE', '0.0000e+00'], ['muLL', '0.0000e+00'], ['muM', '5.7509e-03'], ['muP', '5.8040e-01'], ['muPE', '4.9000e-01'], ['muPL', '2.1308e+00'], ['deltaNE', '6.7149e-01'], ['deltaEL', '7.0530e-01'], ['deltaLM', '1.0000e+02'], ['rhoE', '1.9067e+00'], ['rhoP', '0.0000e+00'], ['n', '5.6926e-01'], ['e', '8.6936e-01'], ['s', '4.3879e-01'], ['m', '1.8484e-01'], ['p', '1.8144e-01']]",392.90404438972473
2295,459,crauste_9_1em2,"{'n': 0.859, 'e': 0.853, 's': 0.739, 'm': 0.604, 'p': 0.799}","{'muN': 0.113, 'muEE': 0.844, 'muLE': 0.636, 'muLL': 0.728, 'muM': 0.325, 'muP': 0.569, 'muPE': 0.151, 'muPL': 0.489, 'deltaNE': 0.882, 'deltaEL': 0.801, 'deltaLM': 0.371, 'rhoE': 0.869, 'rhoP': 0.285}",-1.0,1.0,1001,crauste,[],0.01,False,False,pe,,
2296,459,crauste_9_1em2,"{'n': 0.859, 'e': 0.853, 's': 0.739, 'm': 0.604, 'p': 0.799}","{'muN': 0.113, 'muEE': 0.844, 'muLE': 0.636, 'muLL': 0.728, 'muM': 0.325, 'muP': 0.569, 'muPE': 0.151, 'muPL': 0.489, 'deltaNE': 0.882, 'deltaEL': 0.801, 'deltaLM': 0.371, 'rhoE': 0.869, 'rhoP': 0.285}",-1.0,1.0,1001,crauste,[],0.01,False,False,odepe,,
2297,459,crauste_9_1em2,"{'n': 0.859, 'e': 0.853, 's': 0.739, 'm': 0.604, 'p': 0.799}","{'muN': 0.113, 'muEE': 0.844, 'muLE': 0.636, 'muLL': 0.728, 'muM': 0.325, 'muP': 0.569, 'muPE': 0.151, 'muPL': 0.489, 'deltaNE': 0.882, 'deltaEL': 0.801, 'deltaLM': 0.371, 'rhoE': 0.869, 'rhoP': 0.285}",-1.0,1.0,1001,crauste,[],0.01,True,False,sciml,,332.9999186992645
2298,459,crauste_9_1em2,"{'n': 0.859, 'e': 0.853, 's': 0.739, 'm': 0.604, 'p': 0.799}","{'muN': 0.113, 'muEE': 0.844, 'muLE': 0.636, 'muLL': 0.728, 'muM': 0.325, 'muP': 0.569, 'muPE': 0.151, 'muPL': 0.489, 'deltaNE': 0.882, 'deltaEL': 0.801, 'deltaLM': 0.371, 'rhoE': 0.869, 'rhoP': 0.285}",-1.0,1.0,1001,crauste,[],0.01,False,False,iqm,,
2299,459,crauste_9_1em2,"{'n': 0.859, 'e': 0.853, 's': 0.739, 'm': 0.604, 'p': 0.799}","{'muN': 0.113, 'muEE': 0.844, 'muLE': 0.636, 'muLL': 0.728, 'muM': 0.325, 'muP': 0.569, 'muPE': 0.151, 'muPL': 0.489, 'deltaNE': 0.882, 'deltaEL': 0.801, 'deltaLM': 0.371, 'rhoE': 0.869, 'rhoP': 0.285}",-1.0,1.0,1001,crauste,[],0.01,True,True,amigo2,"[['muN', '1.1374e-01'], ['muEE', '8.6879e-01'], ['muLE', '1.2125e+00'], ['muLL', '2.9044e-02'], ['muM', '5.2883e-01'], ['muP', '4.5489e-01'], ['muPE', '8.2569e-01'], ['muPL', '8.5100e-01'], ['deltaNE', '8.8128e-01'], ['deltaEL', '7.9540e-01'], ['deltaLM', '6.3834e-01'], ['rhoE', '8.9130e-01'], ['rhoP', '1.8581e+00'], ['n', '8.5966e-01'], ['e', '8.5181e-01'], ['s', '1.3425e+00'], ['m', '0.0000e+00'], ['p', '7.9914e-01']]",379.5372817516327
2300,460,daisy_mamil3_0_1em2,"{'x1': 0.219, 'x2': 0.885, 'x3': 0.483}","{'a12': 0.334, 'a13': 0.779, 'a21': 0.594, 'a31': 0.111, 'a01': 0.378}",-1.0,1.0,1001,daisy_mamil3,[],0.01,False,False,pe,,
2301,460,daisy_mamil3_0_1em2,"{'x1': 0.219, 'x2': 0.885, 'x3': 0.483}","{'a12': 0.334, 'a13': 0.779, 'a21': 0.594, 'a31': 0.111, 'a01': 0.378}",-1.0,1.0,1001,daisy_mamil3,[],0.01,False,False,odepe,,
2302,460,daisy_mamil3_0_1em2,"{'x1': 0.219, 'x2': 0.885, 'x3': 0.483}","{'a12': 0.334, 'a13': 0.779, 'a21': 0.594, 'a31': 0.111, 'a01': 0.378}",-1.0,1.0,1001,daisy_mamil3,[],0.01,True,True,sciml,"[['a12', '0.32484902987729936'], ['a13', '0.26056234660253125'], ['a21', '0.5734658447343185'], ['a31', '1.445892747554231e-9'], ['a01', '0.9528936362504832'], ['x1', '0.21825011120819665'], ['x2', '0.8847326547807918'], ['x3', '1.8825378414984268']]",271.81365728378296
2303,460,daisy_mamil3_0_1em2,"{'x1': 0.219, 'x2': 0.885, 'x3': 0.483}","{'a12': 0.334, 'a13': 0.779, 'a21': 0.594, 'a31': 0.111, 'a01': 0.378}",-1.0,1.0,1001,daisy_mamil3,[],0.01,False,False,iqm,,
2304,460,daisy_mamil3_0_1em2,"{'x1': 0.219, 'x2': 0.885, 'x3': 0.483}","{'a12': 0.334, 'a13': 0.779, 'a21': 0.594, 'a31': 0.111, 'a01': 0.378}",-1.0,1.0,1001,daisy_mamil3,[],0.01,True,True,amigo2,"[['a12', '3.2485e-01'], ['a13', '2.6056e-01'], ['a21', '5.7347e-01'], ['a31', '0.0000e+00'], ['a01', '9.5289e-01'], ['x1', '2.1825e-01'], ['x2', '8.8473e-01'], ['x3', '1.8825e+00']]",279.8667747974396
2305,461,daisy_mamil3_1_1em2,"{'x1': 0.252, 'x2': 0.509, 'x3': 0.279}","{'a12': 0.498, 'a13': 0.612, 'a21': 0.395, 'a31': 0.21, 'a01': 0.758}",-1.0,1.0,1001,daisy_mamil3,[],0.01,False,False,pe,,
2306,461,daisy_mamil3_1_1em2,"{'x1': 0.252, 'x2': 0.509, 'x3': 0.279}","{'a12': 0.498, 'a13': 0.612, 'a21': 0.395, 'a31': 0.21, 'a01': 0.758}",-1.0,1.0,1001,daisy_mamil3,[],0.01,False,False,odepe,,
2307,461,daisy_mamil3_1_1em2,"{'x1': 0.252, 'x2': 0.509, 'x3': 0.279}","{'a12': 0.498, 'a13': 0.612, 'a21': 0.395, 'a31': 0.21, 'a01': 0.758}",-1.0,1.0,1001,daisy_mamil3,[],0.01,True,True,sciml,"[['a12', '0.5060278416911536'], ['a13', '1.2656752680265453'], ['a21', '0.40915296954305724'], ['a31', '2.0216336392869764e-9'], ['a01', '0.5836045932030153'], ['x1', '0.2524894411570553'], ['x2', '0.5086034724998695'], ['x3', '0.05602659847837769']]",243.80859303474426
2308,461,daisy_mamil3_1_1em2,"{'x1': 0.252, 'x2': 0.509, 'x3': 0.279}","{'a12': 0.498, 'a13': 0.612, 'a21': 0.395, 'a31': 0.21, 'a01': 0.758}",-1.0,1.0,1001,daisy_mamil3,[],0.01,False,False,iqm,,
2309,461,daisy_mamil3_1_1em2,"{'x1': 0.252, 'x2': 0.509, 'x3': 0.279}","{'a12': 0.498, 'a13': 0.612, 'a21': 0.395, 'a31': 0.21, 'a01': 0.758}",-1.0,1.0,1001,daisy_mamil3,[],0.01,True,True,amigo2,"[['a12', '7.4860e-01'], ['a13', '2.1582e-17'], ['a21', '7.8923e-01'], ['a31', '4.9004e-01'], ['a01', '8.2027e-08'], ['x1', '2.5781e-01'], ['x2', '5.1471e-01'], ['x3', '1.0567e+00']]",1417.96226811409
2310,462,daisy_mamil3_2_1em2,"{'x1': 0.719, 'x2': 0.367, 'x3': 0.165}","{'a12': 0.178, 'a13': 0.79, 'a21': 0.878, 'a31': 0.869, 'a01': 0.825}",-1.0,1.0,1001,daisy_mamil3,[],0.01,False,False,pe,,
2311,462,daisy_mamil3_2_1em2,"{'x1': 0.719, 'x2': 0.367, 'x3': 0.165}","{'a12': 0.178, 'a13': 0.79, 'a21': 0.878, 'a31': 0.869, 'a01': 0.825}",-1.0,1.0,1001,daisy_mamil3,[],0.01,False,False,odepe,,
2312,462,daisy_mamil3_2_1em2,"{'x1': 0.719, 'x2': 0.367, 'x3': 0.165}","{'a12': 0.178, 'a13': 0.79, 'a21': 0.878, 'a31': 0.869, 'a01': 0.825}",-1.0,1.0,1001,daisy_mamil3,[],0.01,True,True,sciml,"[['a12', '0.17836740099959797'], ['a13', '1.093839837704021'], ['a21', '0.8794518035651833'], ['a31', '0.905218959402501'], ['a01', '0.6157402661160541'], ['x1', '0.7196635022192116'], ['x2', '0.3665420226316062'], ['x3', '1.0390731310577974e-9']]",226.44046711921692
2313,462,daisy_mamil3_2_1em2,"{'x1': 0.719, 'x2': 0.367, 'x3': 0.165}","{'a12': 0.178, 'a13': 0.79, 'a21': 0.878, 'a31': 0.869, 'a01': 0.825}",-1.0,1.0,1001,daisy_mamil3,[],0.01,False,False,iqm,,
2314,462,daisy_mamil3_2_1em2,"{'x1': 0.719, 'x2': 0.367, 'x3': 0.165}","{'a12': 0.178, 'a13': 0.79, 'a21': 0.878, 'a31': 0.869, 'a01': 0.825}",-1.0,1.0,1001,daisy_mamil3,[],0.01,True,True,amigo2,"[['a12', '1.7837e-01'], ['a13', '1.0938e+00'], ['a21', '8.7945e-01'], ['a31', '9.0522e-01'], ['a01', '6.1574e-01'], ['x1', '7.1966e-01'], ['x2', '3.6654e-01'], ['x3', '7.7133e-11']]",299.45047330856323
2315,463,daisy_mamil3_3_1em2,"{'x1': 0.109, 'x2': 0.716, 'x3': 0.218}","{'a12': 0.426, 'a13': 0.286, 'a21': 0.206, 'a31': 0.143, 'a01': 0.68}",-1.0,1.0,1001,daisy_mamil3,[],0.01,False,False,pe,,
2316,463,daisy_mamil3_3_1em2,"{'x1': 0.109, 'x2': 0.716, 'x3': 0.218}","{'a12': 0.426, 'a13': 0.286, 'a21': 0.206, 'a31': 0.143, 'a01': 0.68}",-1.0,1.0,1001,daisy_mamil3,[],0.01,False,False,odepe,,
2317,463,daisy_mamil3_3_1em2,"{'x1': 0.109, 'x2': 0.716, 'x3': 0.218}","{'a12': 0.426, 'a13': 0.286, 'a21': 0.206, 'a31': 0.143, 'a01': 0.68}",-1.0,1.0,1001,daisy_mamil3,[],0.01,True,True,sciml,"[['a12', '0.42820466905768184'], ['a13', '1.345287264860657'], ['a21', '0.21035711817800534'], ['a31', '0.06744074607697347'], ['a01', '0.6161595317393127'], ['x1', '0.10913504090544077'], ['x2', '0.7161219806224094'], ['x3', '0.03401332215060097']]",303.368590593338
2318,463,daisy_mamil3_3_1em2,"{'x1': 0.109, 'x2': 0.716, 'x3': 0.218}","{'a12': 0.426, 'a13': 0.286, 'a21': 0.206, 'a31': 0.143, 'a01': 0.68}",-1.0,1.0,1001,daisy_mamil3,[],0.01,False,False,iqm,,
2319,463,daisy_mamil3_3_1em2,"{'x1': 0.109, 'x2': 0.716, 'x3': 0.218}","{'a12': 0.426, 'a13': 0.286, 'a21': 0.206, 'a31': 0.143, 'a01': 0.68}",-1.0,1.0,1001,daisy_mamil3,[],0.01,True,True,amigo2,"[['a12', '4.2820e-01'], ['a13', '1.3453e+00'], ['a21', '2.1036e-01'], ['a31', '6.7440e-02'], ['a01', '6.1616e-01'], ['x1', '1.0914e-01'], ['x2', '7.1612e-01'], ['x3', '3.4013e-02']]",1161.171846628189
2320,464,daisy_mamil3_4_1em2,"{'x1': 0.546, 'x2': 0.788, 'x3': 0.682}","{'a12': 0.164, 'a13': 0.172, 'a21': 0.638, 'a31': 0.296, 'a01': 0.436}",-1.0,1.0,1001,daisy_mamil3,[],0.01,False,False,pe,,
2321,464,daisy_mamil3_4_1em2,"{'x1': 0.546, 'x2': 0.788, 'x3': 0.682}","{'a12': 0.164, 'a13': 0.172, 'a21': 0.638, 'a31': 0.296, 'a01': 0.436}",-1.0,1.0,1001,daisy_mamil3,[],0.01,False,False,odepe,,
2322,464,daisy_mamil3_4_1em2,"{'x1': 0.546, 'x2': 0.788, 'x3': 0.682}","{'a12': 0.164, 'a13': 0.172, 'a21': 0.638, 'a31': 0.296, 'a01': 0.436}",-1.0,1.0,1001,daisy_mamil3,[],0.01,True,True,sciml,"[['a12', '0.17190191986260836'], ['a13', '0.6685551446922471'], ['a21', '0.6597984015387541'], ['a31', '0.28335861715886734'], ['a01', '0.2201101779661189'], ['x1', '0.5460894035590522'], ['x2', '0.7869039539127766'], ['x3', '2.407855283193059e-9']]",220.6473355293274
2323,464,daisy_mamil3_4_1em2,"{'x1': 0.546, 'x2': 0.788, 'x3': 0.682}","{'a12': 0.164, 'a13': 0.172, 'a21': 0.638, 'a31': 0.296, 'a01': 0.436}",-1.0,1.0,1001,daisy_mamil3,[],0.01,False,False,iqm,,
2324,464,daisy_mamil3_4_1em2,"{'x1': 0.546, 'x2': 0.788, 'x3': 0.682}","{'a12': 0.164, 'a13': 0.172, 'a21': 0.638, 'a31': 0.296, 'a01': 0.436}",-1.0,1.0,1001,daisy_mamil3,[],0.01,True,True,amigo2,"[['a12', '1.7190e-01'], ['a13', '6.6856e-01'], ['a21', '6.5980e-01'], ['a31', '2.8336e-01'], ['a01', '2.2011e-01'], ['x1', '5.4609e-01'], ['x2', '7.8690e-01'], ['x3', '0.0000e+00']]",293.6817059516907
2325,465,daisy_mamil3_5_1em2,"{'x1': 0.465, 'x2': 0.647, 'x3': 0.657}","{'a12': 0.316, 'a13': 0.205, 'a21': 0.144, 'a31': 0.341, 'a01': 0.31}",-1.0,1.0,1001,daisy_mamil3,[],0.01,False,False,pe,,
2326,465,daisy_mamil3_5_1em2,"{'x1': 0.465, 'x2': 0.647, 'x3': 0.657}","{'a12': 0.316, 'a13': 0.205, 'a21': 0.144, 'a31': 0.341, 'a01': 0.31}",-1.0,1.0,1001,daisy_mamil3,[],0.01,False,False,odepe,,
2327,465,daisy_mamil3_5_1em2,"{'x1': 0.465, 'x2': 0.647, 'x3': 0.657}","{'a12': 0.316, 'a13': 0.205, 'a21': 0.144, 'a31': 0.341, 'a01': 0.31}",-1.0,1.0,1001,daisy_mamil3,[],0.01,True,True,sciml,"[['a12', '0.3614038153528055'], ['a13', '1.1787157792023604'], ['a21', '0.20039791222833608'], ['a31', '4.722249560534777'], ['a01', '0.6679669400570586'], ['x1', '0.46288794717422493'], ['x2', '0.6479156414097574'], ['x3', '1.9906455417647073']]",229.26676511764526
2328,465,daisy_mamil3_5_1em2,"{'x1': 0.465, 'x2': 0.647, 'x3': 0.657}","{'a12': 0.316, 'a13': 0.205, 'a21': 0.144, 'a31': 0.341, 'a01': 0.31}",-1.0,1.0,1001,daisy_mamil3,[],0.01,False,False,iqm,,
2329,465,daisy_mamil3_5_1em2,"{'x1': 0.465, 'x2': 0.647, 'x3': 0.657}","{'a12': 0.316, 'a13': 0.205, 'a21': 0.144, 'a31': 0.341, 'a01': 0.31}",-1.0,1.0,1001,daisy_mamil3,[],0.01,True,True,amigo2,"[['a12', '3.6140e-01'], ['a13', '1.1787e+00'], ['a21', '2.0040e-01'], ['a31', '4.7223e+00'], ['a01', '6.6797e-01'], ['x1', '4.6289e-01'], ['x2', '6.4792e-01'], ['x3', '1.9906e+00']]",290.2802608013153
2330,466,daisy_mamil3_6_1em2,"{'x1': 0.658, 'x2': 0.723, 'x3': 0.722}","{'a12': 0.327, 'a13': 0.404, 'a21': 0.245, 'a31': 0.731, 'a01': 0.145}",-1.0,1.0,1001,daisy_mamil3,[],0.01,False,False,pe,,
2331,466,daisy_mamil3_6_1em2,"{'x1': 0.658, 'x2': 0.723, 'x3': 0.722}","{'a12': 0.327, 'a13': 0.404, 'a21': 0.245, 'a31': 0.731, 'a01': 0.145}",-1.0,1.0,1001,daisy_mamil3,[],0.01,False,False,odepe,,
2332,466,daisy_mamil3_6_1em2,"{'x1': 0.658, 'x2': 0.723, 'x3': 0.722}","{'a12': 0.327, 'a13': 0.404, 'a21': 0.245, 'a31': 0.731, 'a01': 0.145}",-1.0,1.0,1001,daisy_mamil3,[],0.01,True,True,sciml,"[['a12', '0.3393649547627403'], ['a13', '0.8233222752641889'], ['a21', '0.2584326778480136'], ['a31', '0.2911052515985336'], ['a01', '0.13844564724221212'], ['x1', '0.6574832556134549'], ['x2', '0.7234346673543879'], ['x3', '2.1875892234588117e-10']]",245.437486410141
2333,466,daisy_mamil3_6_1em2,"{'x1': 0.658, 'x2': 0.723, 'x3': 0.722}","{'a12': 0.327, 'a13': 0.404, 'a21': 0.245, 'a31': 0.731, 'a01': 0.145}",-1.0,1.0,1001,daisy_mamil3,[],0.01,False,False,iqm,,
2334,466,daisy_mamil3_6_1em2,"{'x1': 0.658, 'x2': 0.723, 'x3': 0.722}","{'a12': 0.327, 'a13': 0.404, 'a21': 0.245, 'a31': 0.731, 'a01': 0.145}",-1.0,1.0,1001,daisy_mamil3,[],0.01,True,True,amigo2,"[['a12', '3.3937e-01'], ['a13', '8.2332e-01'], ['a21', '2.5843e-01'], ['a31', '2.9111e-01'], ['a01', '1.3845e-01'], ['x1', '6.5748e-01'], ['x2', '7.2343e-01'], ['x3', '0.0000e+00']]",278.2770972251892
2335,467,daisy_mamil3_7_1em2,"{'x1': 0.258, 'x2': 0.468, 'x3': 0.136}","{'a12': 0.308, 'a13': 0.399, 'a21': 0.57, 'a31': 0.318, 'a01': 0.397}",-1.0,1.0,1001,daisy_mamil3,[],0.01,False,False,pe,,
2336,467,daisy_mamil3_7_1em2,"{'x1': 0.258, 'x2': 0.468, 'x3': 0.136}","{'a12': 0.308, 'a13': 0.399, 'a21': 0.57, 'a31': 0.318, 'a01': 0.397}",-1.0,1.0,1001,daisy_mamil3,[],0.01,False,False,odepe,,
2337,467,daisy_mamil3_7_1em2,"{'x1': 0.258, 'x2': 0.468, 'x3': 0.136}","{'a12': 0.308, 'a13': 0.399, 'a21': 0.57, 'a31': 0.318, 'a01': 0.397}",-1.0,1.0,1001,daisy_mamil3,[],0.01,True,True,sciml,"[['a12', '0.3167915662282771'], ['a13', '1.2425400008621446'], ['a21', '0.5908237222478397'], ['a31', '0.14037950393007223'], ['a01', '0.36678525576254584'], ['x1', '0.25837163822357734'], ['x2', '0.4674988719655486'], ['x3', '3.077786121102774e-9']]",345.0403296947479
2338,467,daisy_mamil3_7_1em2,"{'x1': 0.258, 'x2': 0.468, 'x3': 0.136}","{'a12': 0.308, 'a13': 0.399, 'a21': 0.57, 'a31': 0.318, 'a01': 0.397}",-1.0,1.0,1001,daisy_mamil3,[],0.01,False,False,iqm,,
2339,467,daisy_mamil3_7_1em2,"{'x1': 0.258, 'x2': 0.468, 'x3': 0.136}","{'a12': 0.308, 'a13': 0.399, 'a21': 0.57, 'a31': 0.318, 'a01': 0.397}",-1.0,1.0,1001,daisy_mamil3,[],0.01,True,True,amigo2,"[['a12', '3.1679e-01'], ['a13', '1.2425e+00'], ['a21', '5.9082e-01'], ['a31', '1.4038e-01'], ['a01', '3.6679e-01'], ['x1', '2.5837e-01'], ['x2', '4.6750e-01'], ['x3', '0.0000e+00']]",287.4398262500763
2340,468,daisy_mamil3_8_1em2,"{'x1': 0.868, 'x2': 0.616, 'x3': 0.128}","{'a12': 0.74, 'a13': 0.162, 'a21': 0.515, 'a31': 0.345, 'a01': 0.562}",-1.0,1.0,1001,daisy_mamil3,[],0.01,False,False,pe,,
2341,468,daisy_mamil3_8_1em2,"{'x1': 0.868, 'x2': 0.616, 'x3': 0.128}","{'a12': 0.74, 'a13': 0.162, 'a21': 0.515, 'a31': 0.345, 'a01': 0.562}",-1.0,1.0,1001,daisy_mamil3,[],0.01,False,False,odepe,,
2342,468,daisy_mamil3_8_1em2,"{'x1': 0.868, 'x2': 0.616, 'x3': 0.128}","{'a12': 0.74, 'a13': 0.162, 'a21': 0.515, 'a31': 0.345, 'a01': 0.562}",-1.0,1.0,1001,daisy_mamil3,[],0.01,True,True,sciml,"[['a12', '0.7576736854368444'], ['a13', '0.03521447985040889'], ['a21', '0.5348689127310481'], ['a31', '0.9217465719752114'], ['a01', '2.2291407075313896e-11'], ['x1', '0.868706085665937'], ['x2', '0.613986866579132'], ['x3', '1.065422698712769']]",238.44342732429504
2343,468,daisy_mamil3_8_1em2,"{'x1': 0.868, 'x2': 0.616, 'x3': 0.128}","{'a12': 0.74, 'a13': 0.162, 'a21': 0.515, 'a31': 0.345, 'a01': 0.562}",-1.0,1.0,1001,daisy_mamil3,[],0.01,False,False,iqm,,
2344,468,daisy_mamil3_8_1em2,"{'x1': 0.868, 'x2': 0.616, 'x3': 0.128}","{'a12': 0.74, 'a13': 0.162, 'a21': 0.515, 'a31': 0.345, 'a01': 0.562}",-1.0,1.0,1001,daisy_mamil3,[],0.01,True,True,amigo2,"[['a12', '7.5767e-01'], ['a13', '3.5215e-02'], ['a21', '5.3487e-01'], ['a31', '9.2175e-01'], ['a01', '0.0000e+00'], ['x1', '8.6871e-01'], ['x2', '6.1399e-01'], ['x3', '1.0654e+00']]",285.2983829975128
2345,469,daisy_mamil3_9_1em2,"{'x1': 0.203, 'x2': 0.414, 'x3': 0.865}","{'a12': 0.444, 'a13': 0.508, 'a21': 0.529, 'a31': 0.645, 'a01': 0.322}",-1.0,1.0,1001,daisy_mamil3,[],0.01,False,False,pe,,
2346,469,daisy_mamil3_9_1em2,"{'x1': 0.203, 'x2': 0.414, 'x3': 0.865}","{'a12': 0.444, 'a13': 0.508, 'a21': 0.529, 'a31': 0.645, 'a01': 0.322}",-1.0,1.0,1001,daisy_mamil3,[],0.01,False,False,odepe,,
2347,469,daisy_mamil3_9_1em2,"{'x1': 0.203, 'x2': 0.414, 'x3': 0.865}","{'a12': 0.444, 'a13': 0.508, 'a21': 0.529, 'a31': 0.645, 'a01': 0.322}",-1.0,1.0,1001,daisy_mamil3,[],0.01,True,True,sciml,"[['a12', '0.4222985293730787'], ['a13', '1.1221293274681674'], ['a21', '0.5013683684280535'], ['a31', '0.37471572179763074'], ['a01', '0.13868826097552472'], ['x1', '0.20282574486570581'], ['x2', '0.4137095770316208'], ['x3', '0.3128368317985711']]",284.63177251815796
2348,469,daisy_mamil3_9_1em2,"{'x1': 0.203, 'x2': 0.414, 'x3': 0.865}","{'a12': 0.444, 'a13': 0.508, 'a21': 0.529, 'a31': 0.645, 'a01': 0.322}",-1.0,1.0,1001,daisy_mamil3,[],0.01,False,False,iqm,,
2349,469,daisy_mamil3_9_1em2,"{'x1': 0.203, 'x2': 0.414, 'x3': 0.865}","{'a12': 0.444, 'a13': 0.508, 'a21': 0.529, 'a31': 0.645, 'a01': 0.322}",-1.0,1.0,1001,daisy_mamil3,[],0.01,True,True,amigo2,"[['a12', '4.2230e-01'], ['a13', '1.1221e+00'], ['a21', '5.0137e-01'], ['a31', '3.7471e-01'], ['a01', '1.3869e-01'], ['x1', '2.0283e-01'], ['x2', '4.1371e-01'], ['x3', '3.1284e-01']]",323.6233766078949
2350,470,daisy_mamil4_0_1em2,"{'x1': 0.419, 'x2': 0.823, 'x3': 0.652, 'x4': 0.66}","{'k01': 0.25, 'k12': 0.823, 'k13': 0.535, 'k14': 0.466, 'k21': 0.806, 'k31': 0.467, 'k41': 0.679}",-1.0,1.0,1001,daisy_mamil4,[],0.01,False,False,pe,,
2351,470,daisy_mamil4_0_1em2,"{'x1': 0.419, 'x2': 0.823, 'x3': 0.652, 'x4': 0.66}","{'k01': 0.25, 'k12': 0.823, 'k13': 0.535, 'k14': 0.466, 'k21': 0.806, 'k31': 0.467, 'k41': 0.679}",-1.0,1.0,1001,daisy_mamil4,[],0.01,False,False,odepe,,
2352,470,daisy_mamil4_0_1em2,"{'x1': 0.419, 'x2': 0.823, 'x3': 0.652, 'x4': 0.66}","{'k01': 0.25, 'k12': 0.823, 'k13': 0.535, 'k14': 0.466, 'k21': 0.806, 'k31': 0.467, 'k41': 0.679}",-1.0,1.0,1001,daisy_mamil4,[],0.01,True,True,sciml,"[['k01', '0.25001500503796437'], ['k12', '0.8158719241418269'], ['k13', '0.35818737377144955'], ['k14', '6.222099707778079'], ['k21', '0.7976917820221087'], ['k31', '0.8140309601508497'], ['k41', '2.2493355475477353e-10'], ['x1', '0.41754230804346226'], ['x2', '0.8219572819115191'], ['x3', '1.299806728389788'], ['x4', '0.014148569225408511']]",237.49919414520264
2353,470,daisy_mamil4_0_1em2,"{'x1': 0.419, 'x2': 0.823, 'x3': 0.652, 'x4': 0.66}","{'k01': 0.25, 'k12': 0.823, 'k13': 0.535, 'k14': 0.466, 'k21': 0.806, 'k31': 0.467, 'k41': 0.679}",-1.0,1.0,1001,daisy_mamil4,[],0.01,False,False,iqm,,
2354,470,daisy_mamil4_0_1em2,"{'x1': 0.419, 'x2': 0.823, 'x3': 0.652, 'x4': 0.66}","{'k01': 0.25, 'k12': 0.823, 'k13': 0.535, 'k14': 0.466, 'k21': 0.806, 'k31': 0.467, 'k41': 0.679}",-1.0,1.0,1001,daisy_mamil4,[],0.01,True,True,amigo2,"[['k01', '2.5002e-01'], ['k12', '8.1587e-01'], ['k13', '3.5819e-01'], ['k14', '6.2221e+00'], ['k21', '7.9769e-01'], ['k31', '8.1403e-01'], ['k41', '0.0000e+00'], ['x1', '4.1754e-01'], ['x2', '8.2196e-01'], ['x3', '1.2998e+00'], ['x4', '1.4149e-02']]",307.4750874042511
2355,471,daisy_mamil4_1_1em2,"{'x1': 0.467, 'x2': 0.573, 'x3': 0.786, 'x4': 0.466}","{'k01': 0.362, 'k12': 0.705, 'k13': 0.609, 'k14': 0.292, 'k21': 0.228, 'k31': 0.737, 'k41': 0.867}",-1.0,1.0,1001,daisy_mamil4,[],0.01,False,False,pe,,
2356,471,daisy_mamil4_1_1em2,"{'x1': 0.467, 'x2': 0.573, 'x3': 0.786, 'x4': 0.466}","{'k01': 0.362, 'k12': 0.705, 'k13': 0.609, 'k14': 0.292, 'k21': 0.228, 'k31': 0.737, 'k41': 0.867}",-1.0,1.0,1001,daisy_mamil4,[],0.01,False,False,odepe,,
2357,471,daisy_mamil4_1_1em2,"{'x1': 0.467, 'x2': 0.573, 'x3': 0.786, 'x4': 0.466}","{'k01': 0.362, 'k12': 0.705, 'k13': 0.609, 'k14': 0.292, 'k21': 0.228, 'k31': 0.737, 'k41': 0.867}",-1.0,1.0,1001,daisy_mamil4,[],0.01,True,True,sciml,"[['k01', '0.3619701092900964'], ['k12', '0.701489198305873'], ['k13', '11.890796305066251'], ['k14', '0.2698816034773722'], ['k21', '0.22457667108833362'], ['k31', '0.02038984642675721'], ['k41', '1.0225620346368125'], ['x1', '0.46814721768820805'], ['x2', '0.5732595384501394'], ['x3', '1.1054375252359827e-11'], ['x4', '1.2505267046316202']]",239.68371081352234
2358,471,daisy_mamil4_1_1em2,"{'x1': 0.467, 'x2': 0.573, 'x3': 0.786, 'x4': 0.466}","{'k01': 0.362, 'k12': 0.705, 'k13': 0.609, 'k14': 0.292, 'k21': 0.228, 'k31': 0.737, 'k41': 0.867}",-1.0,1.0,1001,daisy_mamil4,[],0.01,False,False,iqm,,
2359,471,daisy_mamil4_1_1em2,"{'x1': 0.467, 'x2': 0.573, 'x3': 0.786, 'x4': 0.466}","{'k01': 0.362, 'k12': 0.705, 'k13': 0.609, 'k14': 0.292, 'k21': 0.228, 'k31': 0.737, 'k41': 0.867}",-1.0,1.0,1001,daisy_mamil4,[],0.01,True,True,amigo2,"[['k01', '3.6197e-01'], ['k12', '7.0155e-01'], ['k13', '2.5819e-01'], ['k14', '1.6944e-01'], ['k21', '2.2463e-01'], ['k31', '7.6138e-01'], ['k41', '0.0000e+00'], ['x1', '4.6793e-01'], ['x2', '5.7326e-01'], ['x3', '0.0000e+00'], ['x4', '1.2507e+00']]",331.5605478286743
2360,472,daisy_mamil4_2_1em2,"{'x1': 0.419, 'x2': 0.15, 'x3': 0.439, 'x4': 0.307}","{'k01': 0.861, 'k12': 0.561, 'k13': 0.757, 'k14': 0.827, 'k21': 0.752, 'k31': 0.228, 'k41': 0.603}",-1.0,1.0,1001,daisy_mamil4,[],0.01,False,False,pe,,
2361,472,daisy_mamil4_2_1em2,"{'x1': 0.419, 'x2': 0.15, 'x3': 0.439, 'x4': 0.307}","{'k01': 0.861, 'k12': 0.561, 'k13': 0.757, 'k14': 0.827, 'k21': 0.752, 'k31': 0.228, 'k41': 0.603}",-1.0,1.0,1001,daisy_mamil4,[],0.01,False,False,odepe,,
2362,472,daisy_mamil4_2_1em2,"{'x1': 0.419, 'x2': 0.15, 'x3': 0.439, 'x4': 0.307}","{'k01': 0.861, 'k12': 0.561, 'k13': 0.757, 'k14': 0.827, 'k21': 0.752, 'k31': 0.228, 'k41': 0.603}",-1.0,1.0,1001,daisy_mamil4,[],0.01,True,True,sciml,"[['k01', '0.8634233294127703'], ['k12', '0.5647663439387197'], ['k13', '83.62286179495467'], ['k14', '0.7359419178806731'], ['k21', '0.7557365521289345'], ['k31', '1.6990595208427443e-9'], ['k41', '0.7182712508269948'], ['x1', '0.4178895361714608'], ['x2', '0.14953113135275098'], ['x3', '4.7214623775310175e-11'], ['x4', '0.7482369821261184']]",219.83998608589172
2363,472,daisy_mamil4_2_1em2,"{'x1': 0.419, 'x2': 0.15, 'x3': 0.439, 'x4': 0.307}","{'k01': 0.861, 'k12': 0.561, 'k13': 0.757, 'k14': 0.827, 'k21': 0.752, 'k31': 0.228, 'k41': 0.603}",-1.0,1.0,1001,daisy_mamil4,[],0.01,False,False,iqm,,
2364,472,daisy_mamil4_2_1em2,"{'x1': 0.419, 'x2': 0.15, 'x3': 0.439, 'x4': 0.307}","{'k01': 0.861, 'k12': 0.561, 'k13': 0.757, 'k14': 0.827, 'k21': 0.752, 'k31': 0.228, 'k41': 0.603}",-1.0,1.0,1001,daisy_mamil4,[],0.01,True,True,amigo2,"[['k01', '8.6334e-01'], ['k12', '5.6186e-01'], ['k13', '4.0416e-01'], ['k14', '9.1348e-01'], ['k21', '7.5291e-01'], ['k31', '0.0000e+00'], ['k41', '8.1572e-01'], ['x1', '4.1855e-01'], ['x2', '1.4973e-01'], ['x3', '1.9390e-01'], ['x4', '5.5343e-01']]",287.5768446922302
2365,473,daisy_mamil4_3_1em2,"{'x1': 0.421, 'x2': 0.843, 'x3': 0.18, 'x4': 0.856}","{'k01': 0.779, 'k12': 0.127, 'k13': 0.867, 'k14': 0.384, 'k21': 0.385, 'k31': 0.113, 'k41': 0.248}",-1.0,1.0,1001,daisy_mamil4,[],0.01,False,False,pe,,
2366,473,daisy_mamil4_3_1em2,"{'x1': 0.421, 'x2': 0.843, 'x3': 0.18, 'x4': 0.856}","{'k01': 0.779, 'k12': 0.127, 'k13': 0.867, 'k14': 0.384, 'k21': 0.385, 'k31': 0.113, 'k41': 0.248}",-1.0,1.0,1001,daisy_mamil4,[],0.01,False,False,odepe,,
2367,473,daisy_mamil4_3_1em2,"{'x1': 0.421, 'x2': 0.843, 'x3': 0.18, 'x4': 0.856}","{'k01': 0.779, 'k12': 0.127, 'k13': 0.867, 'k14': 0.384, 'k21': 0.385, 'k31': 0.113, 'k41': 0.248}",-1.0,1.0,1001,daisy_mamil4,[],0.01,True,True,sciml,"[['k01', '0.7793888280452532'], ['k12', '0.13321339827584605'], ['k13', '55.17423698767526'], ['k14', '0.7920264148655161'], ['k21', '0.40058518878833066'], ['k31', '38.23126140501953'], ['k41', '0.7073845850602211'], ['x1', '0.4247412519428948'], ['x2', '0.842579474439882'], ['x3', '0.290246444290903'], ['x4', '0.7428561982203139']]",219.47665739059448
2368,473,daisy_mamil4_3_1em2,"{'x1': 0.421, 'x2': 0.843, 'x3': 0.18, 'x4': 0.856}","{'k01': 0.779, 'k12': 0.127, 'k13': 0.867, 'k14': 0.384, 'k21': 0.385, 'k31': 0.113, 'k41': 0.248}",-1.0,1.0,1001,daisy_mamil4,[],0.01,False,False,iqm,,
2369,473,daisy_mamil4_3_1em2,"{'x1': 0.421, 'x2': 0.843, 'x3': 0.18, 'x4': 0.856}","{'k01': 0.779, 'k12': 0.127, 'k13': 0.867, 'k14': 0.384, 'k21': 0.385, 'k31': 0.113, 'k41': 0.248}",-1.0,1.0,1001,daisy_mamil4,[],0.01,True,True,amigo2,"[['k01', '7.7939e-01'], ['k12', '1.3321e-01'], ['k13', '5.5186e+01'], ['k14', '7.9187e-01'], ['k21', '4.0058e-01'], ['k31', '3.8198e+01'], ['k41', '7.0760e-01'], ['x1', '4.2474e-01'], ['x2', '8.4258e-01'], ['x3', '2.8992e-01'], ['x4', '7.4318e-01']]",289.3518064022064
2370,474,daisy_mamil4_4_1em2,"{'x1': 0.443, 'x2': 0.154, 'x3': 0.302, 'x4': 0.277}","{'k01': 0.796, 'k12': 0.463, 'k13': 0.361, 'k14': 0.286, 'k21': 0.592, 'k31': 0.126, 'k41': 0.112}",-1.0,1.0,1001,daisy_mamil4,[],0.01,False,False,pe,,
2371,474,daisy_mamil4_4_1em2,"{'x1': 0.443, 'x2': 0.154, 'x3': 0.302, 'x4': 0.277}","{'k01': 0.796, 'k12': 0.463, 'k13': 0.361, 'k14': 0.286, 'k21': 0.592, 'k31': 0.126, 'k41': 0.112}",-1.0,1.0,1001,daisy_mamil4,[],0.01,False,False,odepe,,
2372,474,daisy_mamil4_4_1em2,"{'x1': 0.443, 'x2': 0.154, 'x3': 0.302, 'x4': 0.277}","{'k01': 0.796, 'k12': 0.463, 'k13': 0.361, 'k14': 0.286, 'k21': 0.592, 'k31': 0.126, 'k41': 0.112}",-1.0,1.0,1001,daisy_mamil4,[],0.01,True,True,sciml,"[['k01', '0.7943886934341932'], ['k12', '0.4592630365821992'], ['k13', '99.99999999994263'], ['k14', '0.31289880669229986'], ['k21', '0.5887788869516399'], ['k31', '1.8985905331247965e-11'], ['k41', '0.21659425946326044'], ['x1', '0.4385469916190979'], ['x2', '0.1540119138884361'], ['x3', '0.003856837792851655'], ['x4', '0.5788539646404588']]",270.7061128616333
2373,474,daisy_mamil4_4_1em2,"{'x1': 0.443, 'x2': 0.154, 'x3': 0.302, 'x4': 0.277}","{'k01': 0.796, 'k12': 0.463, 'k13': 0.361, 'k14': 0.286, 'k21': 0.592, 'k31': 0.126, 'k41': 0.112}",-1.0,1.0,1001,daisy_mamil4,[],0.01,False,False,iqm,,
2374,474,daisy_mamil4_4_1em2,"{'x1': 0.443, 'x2': 0.154, 'x3': 0.302, 'x4': 0.277}","{'k01': 0.796, 'k12': 0.463, 'k13': 0.361, 'k14': 0.286, 'k21': 0.592, 'k31': 0.126, 'k41': 0.112}",-1.0,1.0,1001,daisy_mamil4,[],0.01,True,True,amigo2,"[['k01', '7.9439e-01'], ['k12', '4.5926e-01'], ['k13', '1.0000e+02'], ['k14', '3.1290e-01'], ['k21', '5.8878e-01'], ['k31', '0.0000e+00'], ['k41', '2.1659e-01'], ['x1', '4.3855e-01'], ['x2', '1.5401e-01'], ['x3', '3.8568e-03'], ['x4', '5.7885e-01']]",360.21309089660645
2375,475,daisy_mamil4_5_1em2,"{'x1': 0.427, 'x2': 0.23, 'x3': 0.611, 'x4': 0.492}","{'k01': 0.303, 'k12': 0.205, 'k13': 0.11, 'k14': 0.192, 'k21': 0.595, 'k31': 0.879, 'k41': 0.892}",-1.0,1.0,1001,daisy_mamil4,[],0.01,False,False,pe,,
2376,475,daisy_mamil4_5_1em2,"{'x1': 0.427, 'x2': 0.23, 'x3': 0.611, 'x4': 0.492}","{'k01': 0.303, 'k12': 0.205, 'k13': 0.11, 'k14': 0.192, 'k21': 0.595, 'k31': 0.879, 'k41': 0.892}",-1.0,1.0,1001,daisy_mamil4,[],0.01,False,False,odepe,,
2377,475,daisy_mamil4_5_1em2,"{'x1': 0.427, 'x2': 0.23, 'x3': 0.611, 'x4': 0.492}","{'k01': 0.303, 'k12': 0.205, 'k13': 0.11, 'k14': 0.192, 'k21': 0.595, 'k31': 0.879, 'k41': 0.892}",-1.0,1.0,1001,daisy_mamil4,[],0.01,True,True,sciml,"[['k01', '0.3012425739872115'], ['k12', '0.205845197793832'], ['k13', '99.99999999984404'], ['k14', '0.34271834317944694'], ['k21', '0.595847683813042'], ['k31', '99.99999999987341'], ['k41', '4.153029772801784'], ['x1', '0.4284204951796999'], ['x2', '0.22994707648027'], ['x3', '0.43442435908447774'], ['x4', '0.6673088284450814']]",276.0485100746155
2378,475,daisy_mamil4_5_1em2,"{'x1': 0.427, 'x2': 0.23, 'x3': 0.611, 'x4': 0.492}","{'k01': 0.303, 'k12': 0.205, 'k13': 0.11, 'k14': 0.192, 'k21': 0.595, 'k31': 0.879, 'k41': 0.892}",-1.0,1.0,1001,daisy_mamil4,[],0.01,False,False,iqm,,
2379,475,daisy_mamil4_5_1em2,"{'x1': 0.427, 'x2': 0.23, 'x3': 0.611, 'x4': 0.492}","{'k01': 0.303, 'k12': 0.205, 'k13': 0.11, 'k14': 0.192, 'k21': 0.595, 'k31': 0.879, 'k41': 0.892}",-1.0,1.0,1001,daisy_mamil4,[],0.01,True,True,amigo2,"[['k01', '3.0099e-01'], ['k12', '2.0638e-01'], ['k13', '1.4702e-01'], ['k14', '6.0213e+00'], ['k21', '5.9708e-01'], ['k31', '1.7860e+00'], ['k41', '0.0000e+00'], ['x1', '4.2619e-01'], ['x2', '2.2987e-01'], ['x3', '1.1009e+00'], ['x4', '3.1212e-03']]",296.34608149528503
2380,476,daisy_mamil4_6_1em2,"{'x1': 0.633, 'x2': 0.514, 'x3': 0.439, 'x4': 0.544}","{'k01': 0.892, 'k12': 0.152, 'k13': 0.727, 'k14': 0.331, 'k21': 0.293, 'k31': 0.63, 'k41': 0.297}",-1.0,1.0,1001,daisy_mamil4,[],0.01,False,False,pe,,
2381,476,daisy_mamil4_6_1em2,"{'x1': 0.633, 'x2': 0.514, 'x3': 0.439, 'x4': 0.544}","{'k01': 0.892, 'k12': 0.152, 'k13': 0.727, 'k14': 0.331, 'k21': 0.293, 'k31': 0.63, 'k41': 0.297}",-1.0,1.0,1001,daisy_mamil4,[],0.01,False,False,odepe,,
2382,476,daisy_mamil4_6_1em2,"{'x1': 0.633, 'x2': 0.514, 'x3': 0.439, 'x4': 0.544}","{'k01': 0.892, 'k12': 0.152, 'k13': 0.727, 'k14': 0.331, 'k21': 0.293, 'k31': 0.63, 'k41': 0.297}",-1.0,1.0,1001,daisy_mamil4,[],0.01,True,True,sciml,"[['k01', '0.8929351990314506'], ['k12', '0.15573832669880752'], ['k13', '1.2159477923305537'], ['k14', '69.50061403767612'], ['k21', '0.2983000280356711'], ['k31', '2.0144106123041317'], ['k41', '79.88438144101879'], ['x1', '0.6309823390609052'], ['x2', '0.5137378787564131'], ['x3', '0.24338416298668733'], ['x4', '0.742786278310444']]",285.8427002429962
2383,476,daisy_mamil4_6_1em2,"{'x1': 0.633, 'x2': 0.514, 'x3': 0.439, 'x4': 0.544}","{'k01': 0.892, 'k12': 0.152, 'k13': 0.727, 'k14': 0.331, 'k21': 0.293, 'k31': 0.63, 'k41': 0.297}",-1.0,1.0,1001,daisy_mamil4,[],0.01,False,False,iqm,,
2384,476,daisy_mamil4_6_1em2,"{'x1': 0.633, 'x2': 0.514, 'x3': 0.439, 'x4': 0.544}","{'k01': 0.892, 'k12': 0.152, 'k13': 0.727, 'k14': 0.331, 'k21': 0.293, 'k31': 0.63, 'k41': 0.297}",-1.0,1.0,1001,daisy_mamil4,[],0.01,True,True,amigo2,"[['k01', '8.9296e-01'], ['k12', '1.5557e-01'], ['k13', '3.9263e+00'], ['k14', '4.4746e-01'], ['k21', '2.9803e-01'], ['k31', '8.5049e-02'], ['k41', '7.6156e-01'], ['x1', '6.3379e-01'], ['x2', '5.1375e-01'], ['x3', '0.0000e+00'], ['x4', '9.8336e-01']]",288.27334451675415
2385,477,daisy_mamil4_7_1em2,"{'x1': 0.286, 'x2': 0.379, 'x3': 0.752, 'x4': 0.888}","{'k01': 0.33, 'k12': 0.665, 'k13': 0.432, 'k14': 0.388, 'k21': 0.763, 'k31': 0.84, 'k41': 0.137}",-1.0,1.0,1001,daisy_mamil4,[],0.01,False,False,pe,,
2386,477,daisy_mamil4_7_1em2,"{'x1': 0.286, 'x2': 0.379, 'x3': 0.752, 'x4': 0.888}","{'k01': 0.33, 'k12': 0.665, 'k13': 0.432, 'k14': 0.388, 'k21': 0.763, 'k31': 0.84, 'k41': 0.137}",-1.0,1.0,1001,daisy_mamil4,[],0.01,False,False,odepe,,
2387,477,daisy_mamil4_7_1em2,"{'x1': 0.286, 'x2': 0.379, 'x3': 0.752, 'x4': 0.888}","{'k01': 0.33, 'k12': 0.665, 'k13': 0.432, 'k14': 0.388, 'k21': 0.763, 'k31': 0.84, 'k41': 0.137}",-1.0,1.0,1001,daisy_mamil4,[],0.01,True,True,sciml,"[['k01', '0.32860510905973533'], ['k12', '0.7617790804663258'], ['k13', '0.4012810004063006'], ['k14', '99.99999999968824'], ['k21', '0.8625810828478859'], ['k31', '0.9388396469306438'], ['k41', '0.8767814827435398'], ['x1', '0.2877999306548291'], ['x2', '0.38038805986329977'], ['x3', '1.636252558032662'], ['x4', '1.8685330815217264e-14']]",283.70903420448303
2388,477,daisy_mamil4_7_1em2,"{'x1': 0.286, 'x2': 0.379, 'x3': 0.752, 'x4': 0.888}","{'k01': 0.33, 'k12': 0.665, 'k13': 0.432, 'k14': 0.388, 'k21': 0.763, 'k31': 0.84, 'k41': 0.137}",-1.0,1.0,1001,daisy_mamil4,[],0.01,False,False,iqm,,
2389,477,daisy_mamil4_7_1em2,"{'x1': 0.286, 'x2': 0.379, 'x3': 0.752, 'x4': 0.888}","{'k01': 0.33, 'k12': 0.665, 'k13': 0.432, 'k14': 0.388, 'k21': 0.763, 'k31': 0.84, 'k41': 0.137}",-1.0,1.0,1001,daisy_mamil4,[],0.01,True,True,amigo2,"[['k01', '3.2858e-01'], ['k12', '7.4124e-01'], ['k13', '1.0063e-01'], ['k14', '1.2472e+00'], ['k21', '8.4144e-01'], ['k31', '0.0000e+00'], ['k41', '3.1030e-01'], ['x1', '2.8588e-01'], ['x2', '3.8017e-01'], ['x3', '1.3730e+00'], ['x4', '2.6540e-01']]",288.21412897109985
2390,478,daisy_mamil4_8_1em2,"{'x1': 0.287, 'x2': 0.652, 'x3': 0.147, 'x4': 0.685}","{'k01': 0.875, 'k12': 0.824, 'k13': 0.337, 'k14': 0.894, 'k21': 0.3, 'k31': 0.185, 'k41': 0.861}",-1.0,1.0,1001,daisy_mamil4,[],0.01,False,False,pe,,
2391,478,daisy_mamil4_8_1em2,"{'x1': 0.287, 'x2': 0.652, 'x3': 0.147, 'x4': 0.685}","{'k01': 0.875, 'k12': 0.824, 'k13': 0.337, 'k14': 0.894, 'k21': 0.3, 'k31': 0.185, 'k41': 0.861}",-1.0,1.0,1001,daisy_mamil4,[],0.01,False,False,odepe,,
2392,478,daisy_mamil4_8_1em2,"{'x1': 0.287, 'x2': 0.652, 'x3': 0.147, 'x4': 0.685}","{'k01': 0.875, 'k12': 0.824, 'k13': 0.337, 'k14': 0.894, 'k21': 0.3, 'k31': 0.185, 'k41': 0.861}",-1.0,1.0,1001,daisy_mamil4,[],0.01,True,True,sciml,"[['k01', '0.8765187414846932'], ['k12', '0.8249305825792355'], ['k13', '2.9045610925044643'], ['k14', '0.46063569426344864'], ['k21', '0.30074993139721995'], ['k31', '7.03031512660671e-11'], ['k41', '0.5573066588942684'], ['x1', '0.28903765928694447'], ['x2', '0.6522769106716244'], ['x3', '0.04899133839865783'], ['x4', '0.7812322962237854']]",336.7477192878723
2393,478,daisy_mamil4_8_1em2,"{'x1': 0.287, 'x2': 0.652, 'x3': 0.147, 'x4': 0.685}","{'k01': 0.875, 'k12': 0.824, 'k13': 0.337, 'k14': 0.894, 'k21': 0.3, 'k31': 0.185, 'k41': 0.861}",-1.0,1.0,1001,daisy_mamil4,[],0.01,False,False,iqm,,
2394,478,daisy_mamil4_8_1em2,"{'x1': 0.287, 'x2': 0.652, 'x3': 0.147, 'x4': 0.685}","{'k01': 0.875, 'k12': 0.824, 'k13': 0.337, 'k14': 0.894, 'k21': 0.3, 'k31': 0.185, 'k41': 0.861}",-1.0,1.0,1001,daisy_mamil4,[],0.01,True,True,amigo2,"[['k01', '8.7652e-01'], ['k12', '8.2493e-01'], ['k13', '4.6064e-01'], ['k14', '2.9046e+00'], ['k21', '3.0075e-01'], ['k31', '5.5731e-01'], ['k41', '0.0000e+00'], ['x1', '2.8904e-01'], ['x2', '6.5228e-01'], ['x3', '7.8123e-01'], ['x4', '4.8991e-02']]",297.13095784187317
2395,479,daisy_mamil4_9_1em2,"{'x1': 0.459, 'x2': 0.344, 'x3': 0.771, 'x4': 0.29}","{'k01': 0.805, 'k12': 0.318, 'k13': 0.403, 'k14': 0.399, 'k21': 0.699, 'k31': 0.29, 'k41': 0.237}",-1.0,1.0,1001,daisy_mamil4,[],0.01,False,False,pe,,
2396,479,daisy_mamil4_9_1em2,"{'x1': 0.459, 'x2': 0.344, 'x3': 0.771, 'x4': 0.29}","{'k01': 0.805, 'k12': 0.318, 'k13': 0.403, 'k14': 0.399, 'k21': 0.699, 'k31': 0.29, 'k41': 0.237}",-1.0,1.0,1001,daisy_mamil4,[],0.01,False,False,odepe,,
2397,479,daisy_mamil4_9_1em2,"{'x1': 0.459, 'x2': 0.344, 'x3': 0.771, 'x4': 0.29}","{'k01': 0.805, 'k12': 0.318, 'k13': 0.403, 'k14': 0.399, 'k21': 0.699, 'k31': 0.29, 'k41': 0.237}",-1.0,1.0,1001,daisy_mamil4,[],0.01,True,True,sciml,"[['k01', '0.80554023927924'], ['k12', '0.32160101009590913'], ['k13', '0.43943067612295666'], ['k14', '23.091973794969416'], ['k21', '0.7043415823591834'], ['k31', '0.6352628575078816'], ['k41', '0.9115828500758537'], ['x1', '0.45979245075834835'], ['x2', '0.34397286275384714'], ['x3', '1.0427315981776735'], ['x4', '0.017945946972168177']]",279.12879633903503
2398,479,daisy_mamil4_9_1em2,"{'x1': 0.459, 'x2': 0.344, 'x3': 0.771, 'x4': 0.29}","{'k01': 0.805, 'k12': 0.318, 'k13': 0.403, 'k14': 0.399, 'k21': 0.699, 'k31': 0.29, 'k41': 0.237}",-1.0,1.0,1001,daisy_mamil4,[],0.01,False,False,iqm,,
2399,479,daisy_mamil4_9_1em2,"{'x1': 0.459, 'x2': 0.344, 'x3': 0.771, 'x4': 0.29}","{'k01': 0.805, 'k12': 0.318, 'k13': 0.403, 'k14': 0.399, 'k21': 0.699, 'k31': 0.29, 'k41': 0.237}",-1.0,1.0,1001,daisy_mamil4,[],0.01,True,True,amigo2,"[['k01', '8.0554e-01'], ['k12', '3.2160e-01'], ['k13', '2.3092e+01'], ['k14', '4.3943e-01'], ['k21', '7.0434e-01'], ['k31', '9.1155e-01'], ['k41', '6.3526e-01'], ['x1', '4.5979e-01'], ['x2', '3.4397e-01'], ['x3', '1.7946e-02'], ['x4', '1.0427e+00']]",290.89257884025574
2400,480,fitzhugh_nagumo_0_1em2,"{'VV': 0.794, 'R': 0.852}","{'g': 0.502, 'a': 0.854, 'b': 0.607}",-1.0,1.0,1001,fitzhugh_nagumo,[],0.01,False,False,pe,,
2401,480,fitzhugh_nagumo_0_1em2,"{'VV': 0.794, 'R': 0.852}","{'g': 0.502, 'a': 0.854, 'b': 0.607}",-1.0,1.0,1001,fitzhugh_nagumo,[],0.01,False,False,odepe,,
2402,480,fitzhugh_nagumo_0_1em2,"{'VV': 0.794, 'R': 0.852}","{'g': 0.502, 'a': 0.854, 'b': 0.607}",-1.0,1.0,1001,fitzhugh_nagumo,[],0.01,True,True,sciml,"[['g', '0.46604806303934077'], ['a', '0.8703774116680327'], ['b', '0.5355384734765862'], ['VV', '0.7925755717449158'], ['R', '0.9846844086610683']]",259.4110882282257
2403,480,fitzhugh_nagumo_0_1em2,"{'VV': 0.794, 'R': 0.852}","{'g': 0.502, 'a': 0.854, 'b': 0.607}",-1.0,1.0,1001,fitzhugh_nagumo,[],0.01,False,False,iqm,,
2404,480,fitzhugh_nagumo_0_1em2,"{'VV': 0.794, 'R': 0.852}","{'g': 0.502, 'a': 0.854, 'b': 0.607}",-1.0,1.0,1001,fitzhugh_nagumo,[],0.01,True,True,amigo2,"[['g', '4.6605e-01'], ['a', '8.7038e-01'], ['b', '5.3554e-01'], ['VV', '7.9258e-01'], ['R', '9.8468e-01']]",281.1389524936676
2405,481,fitzhugh_nagumo_1_1em2,"{'VV': 0.896, 'R': 0.461}","{'g': 0.701, 'a': 0.66, 'b': 0.874}",-1.0,1.0,1001,fitzhugh_nagumo,[],0.01,False,False,pe,,
2406,481,fitzhugh_nagumo_1_1em2,"{'VV': 0.896, 'R': 0.461}","{'g': 0.701, 'a': 0.66, 'b': 0.874}",-1.0,1.0,1001,fitzhugh_nagumo,[],0.01,False,False,odepe,,
2407,481,fitzhugh_nagumo_1_1em2,"{'VV': 0.896, 'R': 0.461}","{'g': 0.701, 'a': 0.66, 'b': 0.874}",-1.0,1.0,1001,fitzhugh_nagumo,[],0.01,True,True,sciml,"[['g', '0.6644693949296989'], ['a', '0.7283284769742967'], ['b', '0.810388793845509'], ['VV', '0.8953052584849257'], ['R', '0.5427818289549385']]",244.83157444000244
2408,481,fitzhugh_nagumo_1_1em2,"{'VV': 0.896, 'R': 0.461}","{'g': 0.701, 'a': 0.66, 'b': 0.874}",-1.0,1.0,1001,fitzhugh_nagumo,[],0.01,False,False,iqm,,
2409,481,fitzhugh_nagumo_1_1em2,"{'VV': 0.896, 'R': 0.461}","{'g': 0.701, 'a': 0.66, 'b': 0.874}",-1.0,1.0,1001,fitzhugh_nagumo,[],0.01,True,True,amigo2,"[['g', '6.6447e-01'], ['a', '7.2833e-01'], ['b', '8.1039e-01'], ['VV', '8.9531e-01'], ['R', '5.4278e-01']]",287.31552147865295
2410,482,fitzhugh_nagumo_2_1em2,"{'VV': 0.434, 'R': 0.205}","{'g': 0.157, 'a': 0.334, 'b': 0.222}",-1.0,1.0,1001,fitzhugh_nagumo,[],0.01,False,False,pe,,
2411,482,fitzhugh_nagumo_2_1em2,"{'VV': 0.434, 'R': 0.205}","{'g': 0.157, 'a': 0.334, 'b': 0.222}",-1.0,1.0,1001,fitzhugh_nagumo,[],0.01,False,False,odepe,,
2412,482,fitzhugh_nagumo_2_1em2,"{'VV': 0.434, 'R': 0.205}","{'g': 0.157, 'a': 0.334, 'b': 0.222}",-1.0,1.0,1001,fitzhugh_nagumo,[],0.01,True,True,sciml,"[['g', '99.82695415654946'], ['a', '22.791948327273964'], ['b', '46.52743401838147'], ['VV', '0.0019724542834034502'], ['R', '0.00032348619487903196']]",258.3879597187042
2413,482,fitzhugh_nagumo_2_1em2,"{'VV': 0.434, 'R': 0.205}","{'g': 0.157, 'a': 0.334, 'b': 0.222}",-1.0,1.0,1001,fitzhugh_nagumo,[],0.01,False,False,iqm,,
2414,482,fitzhugh_nagumo_2_1em2,"{'VV': 0.434, 'R': 0.205}","{'g': 0.157, 'a': 0.334, 'b': 0.222}",-1.0,1.0,1001,fitzhugh_nagumo,[],0.01,True,True,amigo2,"[['g', '1.6730e-01'], ['a', '3.4103e-01'], ['b', '2.4096e-01'], ['VV', '4.3318e-01'], ['R', '1.9160e-01']]",314.42481780052185
2415,483,fitzhugh_nagumo_3_1em2,"{'VV': 0.874, 'R': 0.538}","{'g': 0.583, 'a': 0.406, 'b': 0.816}",-1.0,1.0,1001,fitzhugh_nagumo,[],0.01,False,False,pe,,
2416,483,fitzhugh_nagumo_3_1em2,"{'VV': 0.874, 'R': 0.538}","{'g': 0.583, 'a': 0.406, 'b': 0.816}",-1.0,1.0,1001,fitzhugh_nagumo,[],0.01,False,False,odepe,,
2417,483,fitzhugh_nagumo_3_1em2,"{'VV': 0.874, 'R': 0.538}","{'g': 0.583, 'a': 0.406, 'b': 0.816}",-1.0,1.0,1001,fitzhugh_nagumo,[],0.01,True,True,sciml,"[['g', '8.363210473754512'], ['a', '21.95592486198763'], ['b', '97.81541958503792'], ['VV', '57.438076583973285'], ['R', '87.9102055124835']]",232.42060685157776
2418,483,fitzhugh_nagumo_3_1em2,"{'VV': 0.874, 'R': 0.538}","{'g': 0.583, 'a': 0.406, 'b': 0.816}",-1.0,1.0,1001,fitzhugh_nagumo,[],0.01,False,False,iqm,,
2419,483,fitzhugh_nagumo_3_1em2,"{'VV': 0.874, 'R': 0.538}","{'g': 0.583, 'a': 0.406, 'b': 0.816}",-1.0,1.0,1001,fitzhugh_nagumo,[],0.01,True,True,amigo2,"[['g', '6.1594e-01'], ['a', '4.0943e-01'], ['b', '8.9574e-01'], ['VV', '8.7166e-01'], ['R', '4.8513e-01']]",287.91767406463623
2420,484,fitzhugh_nagumo_4_1em2,"{'VV': 0.425, 'R': 0.542}","{'g': 0.32, 'a': 0.574, 'b': 0.817}",-1.0,1.0,1001,fitzhugh_nagumo,[],0.01,False,False,pe,,
2421,484,fitzhugh_nagumo_4_1em2,"{'VV': 0.425, 'R': 0.542}","{'g': 0.32, 'a': 0.574, 'b': 0.817}",-1.0,1.0,1001,fitzhugh_nagumo,[],0.01,False,False,odepe,,
2422,484,fitzhugh_nagumo_4_1em2,"{'VV': 0.425, 'R': 0.542}","{'g': 0.32, 'a': 0.574, 'b': 0.817}",-1.0,1.0,1001,fitzhugh_nagumo,[],0.01,True,True,sciml,"[['g', '0.3240375916647297'], ['a', '0.5823712239629031'], ['b', '0.8331276930192301'], ['VV', '0.4247873554709461'], ['R', '0.535114113598502']]",253.76817893981934
2423,484,fitzhugh_nagumo_4_1em2,"{'VV': 0.425, 'R': 0.542}","{'g': 0.32, 'a': 0.574, 'b': 0.817}",-1.0,1.0,1001,fitzhugh_nagumo,[],0.01,False,False,iqm,,
2424,484,fitzhugh_nagumo_4_1em2,"{'VV': 0.425, 'R': 0.542}","{'g': 0.32, 'a': 0.574, 'b': 0.817}",-1.0,1.0,1001,fitzhugh_nagumo,[],0.01,True,True,amigo2,"[['g', '3.2404e-01'], ['a', '5.8237e-01'], ['b', '8.3313e-01'], ['VV', '4.2479e-01'], ['R', '5.3511e-01']]",300.9326801300049
2425,485,fitzhugh_nagumo_5_1em2,"{'VV': 0.299, 'R': 0.505}","{'g': 0.317, 'a': 0.464, 'b': 0.421}",-1.0,1.0,1001,fitzhugh_nagumo,[],0.01,False,False,pe,,
2426,485,fitzhugh_nagumo_5_1em2,"{'VV': 0.299, 'R': 0.505}","{'g': 0.317, 'a': 0.464, 'b': 0.421}",-1.0,1.0,1001,fitzhugh_nagumo,[],0.01,False,False,odepe,,
2427,485,fitzhugh_nagumo_5_1em2,"{'VV': 0.299, 'R': 0.505}","{'g': 0.317, 'a': 0.464, 'b': 0.421}",-1.0,1.0,1001,fitzhugh_nagumo,[],0.01,True,True,sciml,"[['g', '0.306632798770989'], ['a', '0.46897304227439324'], ['b', '0.4050424472858833'], ['VV', '0.2982900764344608'], ['R', '0.5395939102181678']]",293.59291887283325
2428,485,fitzhugh_nagumo_5_1em2,"{'VV': 0.299, 'R': 0.505}","{'g': 0.317, 'a': 0.464, 'b': 0.421}",-1.0,1.0,1001,fitzhugh_nagumo,[],0.01,False,False,iqm,,
2429,485,fitzhugh_nagumo_5_1em2,"{'VV': 0.299, 'R': 0.505}","{'g': 0.317, 'a': 0.464, 'b': 0.421}",-1.0,1.0,1001,fitzhugh_nagumo,[],0.01,True,True,amigo2,"[['g', '3.0663e-01'], ['a', '4.6897e-01'], ['b', '4.0504e-01'], ['VV', '2.9829e-01'], ['R', '5.3959e-01']]",269.060261964798
2430,486,fitzhugh_nagumo_6_1em2,"{'VV': 0.7, 'R': 0.367}","{'g': 0.348, 'a': 0.398, 'b': 0.52}",-1.0,1.0,1001,fitzhugh_nagumo,[],0.01,False,False,pe,,
2431,486,fitzhugh_nagumo_6_1em2,"{'VV': 0.7, 'R': 0.367}","{'g': 0.348, 'a': 0.398, 'b': 0.52}",-1.0,1.0,1001,fitzhugh_nagumo,[],0.01,False,False,odepe,,
2432,486,fitzhugh_nagumo_6_1em2,"{'VV': 0.7, 'R': 0.367}","{'g': 0.348, 'a': 0.398, 'b': 0.52}",-1.0,1.0,1001,fitzhugh_nagumo,[],0.01,True,True,sciml,"[['g', '0.32302596178202075'], ['a', '0.3506018588866225'], ['b', '0.45532944214989735'], ['VV', '0.7024514998122362'], ['R', '0.3961550649472077']]",231.5791118144989
2433,486,fitzhugh_nagumo_6_1em2,"{'VV': 0.7, 'R': 0.367}","{'g': 0.348, 'a': 0.398, 'b': 0.52}",-1.0,1.0,1001,fitzhugh_nagumo,[],0.01,False,False,iqm,,
2434,486,fitzhugh_nagumo_6_1em2,"{'VV': 0.7, 'R': 0.367}","{'g': 0.348, 'a': 0.398, 'b': 0.52}",-1.0,1.0,1001,fitzhugh_nagumo,[],0.01,True,True,amigo2,"[['g', '3.2303e-01'], ['a', '3.5060e-01'], ['b', '4.5533e-01'], ['VV', '7.0245e-01'], ['R', '3.9616e-01']]",297.0271441936493
2435,487,fitzhugh_nagumo_7_1em2,"{'VV': 0.303, 'R': 0.457}","{'g': 0.839, 'a': 0.79, 'b': 0.139}",-1.0,1.0,1001,fitzhugh_nagumo,[],0.01,False,False,pe,,
2436,487,fitzhugh_nagumo_7_1em2,"{'VV': 0.303, 'R': 0.457}","{'g': 0.839, 'a': 0.79, 'b': 0.139}",-1.0,1.0,1001,fitzhugh_nagumo,[],0.01,False,False,odepe,,
2437,487,fitzhugh_nagumo_7_1em2,"{'VV': 0.303, 'R': 0.457}","{'g': 0.839, 'a': 0.79, 'b': 0.139}",-1.0,1.0,1001,fitzhugh_nagumo,[],0.01,True,True,sciml,"[['g', '1.0543710493037928'], ['a', '89.69604373780705'], ['b', '11.426420747993738'], ['VV', '97.4538360039345'], ['R', '37.911734192657796']]",213.55998516082764
2438,487,fitzhugh_nagumo_7_1em2,"{'VV': 0.303, 'R': 0.457}","{'g': 0.839, 'a': 0.79, 'b': 0.139}",-1.0,1.0,1001,fitzhugh_nagumo,[],0.01,False,False,iqm,,
2439,487,fitzhugh_nagumo_7_1em2,"{'VV': 0.303, 'R': 0.457}","{'g': 0.839, 'a': 0.79, 'b': 0.139}",-1.0,1.0,1001,fitzhugh_nagumo,[],0.01,True,True,amigo2,"[['g', '9.1207e-01'], ['a', '8.9047e-01'], ['b', '5.1147e-01'], ['VV', '3.0413e-01'], ['R', '3.8074e-01']]",277.9199438095093
2440,488,fitzhugh_nagumo_8_1em2,"{'VV': 0.644, 'R': 0.598}","{'g': 0.184, 'a': 0.379, 'b': 0.692}",-1.0,1.0,1001,fitzhugh_nagumo,[],0.01,False,False,pe,,
2441,488,fitzhugh_nagumo_8_1em2,"{'VV': 0.644, 'R': 0.598}","{'g': 0.184, 'a': 0.379, 'b': 0.692}",-1.0,1.0,1001,fitzhugh_nagumo,[],0.01,False,False,odepe,,
2442,488,fitzhugh_nagumo_8_1em2,"{'VV': 0.644, 'R': 0.598}","{'g': 0.184, 'a': 0.379, 'b': 0.692}",-1.0,1.0,1001,fitzhugh_nagumo,[],0.01,True,True,sciml,"[['g', '0.1777657132363307'], ['a', '0.3868520310456256'], ['b', '0.6629143630003101'], ['VV', '0.6425429869542123'], ['R', '0.6540284518524885']]",228.48812079429626
2443,488,fitzhugh_nagumo_8_1em2,"{'VV': 0.644, 'R': 0.598}","{'g': 0.184, 'a': 0.379, 'b': 0.692}",-1.0,1.0,1001,fitzhugh_nagumo,[],0.01,False,False,iqm,,
2444,488,fitzhugh_nagumo_8_1em2,"{'VV': 0.644, 'R': 0.598}","{'g': 0.184, 'a': 0.379, 'b': 0.692}",-1.0,1.0,1001,fitzhugh_nagumo,[],0.01,True,True,amigo2,"[['g', '1.7777e-01'], ['a', '3.8685e-01'], ['b', '6.6291e-01'], ['VV', '6.4254e-01'], ['R', '6.5403e-01']]",255.77375507354736
2445,489,fitzhugh_nagumo_9_1em2,"{'VV': 0.641, 'R': 0.803}","{'g': 0.668, 'a': 0.264, 'b': 0.373}",-1.0,1.0,1001,fitzhugh_nagumo,[],0.01,False,False,pe,,
2446,489,fitzhugh_nagumo_9_1em2,"{'VV': 0.641, 'R': 0.803}","{'g': 0.668, 'a': 0.264, 'b': 0.373}",-1.0,1.0,1001,fitzhugh_nagumo,[],0.01,False,False,odepe,,
2447,489,fitzhugh_nagumo_9_1em2,"{'VV': 0.641, 'R': 0.803}","{'g': 0.668, 'a': 0.264, 'b': 0.373}",-1.0,1.0,1001,fitzhugh_nagumo,[],0.01,True,True,sciml,"[['g', '0.6383405328618321'], ['a', '0.2843522901859839'], ['b', '0.3322572491302581'], ['VV', '0.6389551091933879'], ['R', '0.8923300378180601']]",220.66528582572937
2448,489,fitzhugh_nagumo_9_1em2,"{'VV': 0.641, 'R': 0.803}","{'g': 0.668, 'a': 0.264, 'b': 0.373}",-1.0,1.0,1001,fitzhugh_nagumo,[],0.01,False,False,iqm,,
2449,489,fitzhugh_nagumo_9_1em2,"{'VV': 0.641, 'R': 0.803}","{'g': 0.668, 'a': 0.264, 'b': 0.373}",-1.0,1.0,1001,fitzhugh_nagumo,[],0.01,True,True,amigo2,"[['g', '6.3834e-01'], ['a', '2.8435e-01'], ['b', '3.3226e-01'], ['VV', '6.3896e-01'], ['R', '8.9233e-01']]",241.14592003822327
2450,490,harmonic_0_1em2,"{'x1': 0.124, 'x2': 0.668}","{'a': 0.535, 'b': 0.326}",-1.0,1.0,1001,harmonic,[],0.01,False,False,pe,,
2451,490,harmonic_0_1em2,"{'x1': 0.124, 'x2': 0.668}","{'a': 0.535, 'b': 0.326}",-1.0,1.0,1001,harmonic,[],0.01,False,False,odepe,,
2452,490,harmonic_0_1em2,"{'x1': 0.124, 'x2': 0.668}","{'a': 0.535, 'b': 0.326}",-1.0,1.0,1001,harmonic,[],0.01,True,True,sciml,"[['a', '0.5344479107499603'], ['b', '0.32592599648482995'], ['x1', '0.1238013131504701'], ['x2', '0.6682000948117139']]",216.6899209022522
2453,490,harmonic_0_1em2,"{'x1': 0.124, 'x2': 0.668}","{'a': 0.535, 'b': 0.326}",-1.0,1.0,1001,harmonic,[],0.01,False,False,iqm,,
2454,490,harmonic_0_1em2,"{'x1': 0.124, 'x2': 0.668}","{'a': 0.535, 'b': 0.326}",-1.0,1.0,1001,harmonic,[],0.01,True,True,amigo2,"[['a', '5.3445e-01'], ['b', '3.2593e-01'], ['x1', '1.2380e-01'], ['x2', '6.6820e-01']]",1193.9253072738647
2455,491,harmonic_1_1em2,"{'x1': 0.524, 'x2': 0.838}","{'a': 0.106, 'b': 0.398}",-1.0,1.0,1001,harmonic,[],0.01,False,False,pe,,
2456,491,harmonic_1_1em2,"{'x1': 0.524, 'x2': 0.838}","{'a': 0.106, 'b': 0.398}",-1.0,1.0,1001,harmonic,[],0.01,False,False,odepe,,
2457,491,harmonic_1_1em2,"{'x1': 0.524, 'x2': 0.838}","{'a': 0.106, 'b': 0.398}",-1.0,1.0,1001,harmonic,[],0.01,True,True,sciml,"[['a', '0.10553886241776214'], ['b', '0.39769452768850505'], ['x1', '0.5234414790860493'], ['x2', '0.83684726503003']]",215.5687539577484
2458,491,harmonic_1_1em2,"{'x1': 0.524, 'x2': 0.838}","{'a': 0.106, 'b': 0.398}",-1.0,1.0,1001,harmonic,[],0.01,False,False,iqm,,
2459,491,harmonic_1_1em2,"{'x1': 0.524, 'x2': 0.838}","{'a': 0.106, 'b': 0.398}",-1.0,1.0,1001,harmonic,[],0.01,True,True,amigo2,"[['a', '1.0554e-01'], ['b', '3.9769e-01'], ['x1', '5.2344e-01'], ['x2', '8.3685e-01']]",733.8034543991089
2460,492,harmonic_2_1em2,"{'x1': 0.119, 'x2': 0.374}","{'a': 0.172, 'b': 0.425}",-1.0,1.0,1001,harmonic,[],0.01,False,False,pe,,
2461,492,harmonic_2_1em2,"{'x1': 0.119, 'x2': 0.374}","{'a': 0.172, 'b': 0.425}",-1.0,1.0,1001,harmonic,[],0.01,False,False,odepe,,
2462,492,harmonic_2_1em2,"{'x1': 0.119, 'x2': 0.374}","{'a': 0.172, 'b': 0.425}",-1.0,1.0,1001,harmonic,[],0.01,True,True,sciml,"[['a', '0.1652984662084092'], ['b', '0.007507940694350434'], ['x1', '0.00688627057986152'], ['x2', '4.243746533879488e-12']]",219.62854766845703
2463,492,harmonic_2_1em2,"{'x1': 0.119, 'x2': 0.374}","{'a': 0.172, 'b': 0.425}",-1.0,1.0,1001,harmonic,[],0.01,False,False,iqm,,
2464,492,harmonic_2_1em2,"{'x1': 0.119, 'x2': 0.374}","{'a': 0.172, 'b': 0.425}",-1.0,1.0,1001,harmonic,[],0.01,True,True,amigo2,"[['a', '1.7158e-01'], ['b', '4.2375e-01'], ['x1', '1.1896e-01'], ['x2', '3.7340e-01']]",794.810685634613
2465,493,harmonic_3_1em2,"{'x1': 0.268, 'x2': 0.193}","{'a': 0.598, 'b': 0.323}",-1.0,1.0,1001,harmonic,[],0.01,False,False,pe,,
2466,493,harmonic_3_1em2,"{'x1': 0.268, 'x2': 0.193}","{'a': 0.598, 'b': 0.323}",-1.0,1.0,1001,harmonic,[],0.01,False,False,odepe,,
2467,493,harmonic_3_1em2,"{'x1': 0.268, 'x2': 0.193}","{'a': 0.598, 'b': 0.323}",-1.0,1.0,1001,harmonic,[],0.01,True,True,sciml,"[['a', '0.5981344289257279'], ['b', '0.32300907279092894'], ['x1', '0.2681099794721259'], ['x2', '0.19290673717710496']]",215.0185158252716
2468,493,harmonic_3_1em2,"{'x1': 0.268, 'x2': 0.193}","{'a': 0.598, 'b': 0.323}",-1.0,1.0,1001,harmonic,[],0.01,False,False,iqm,,
2469,493,harmonic_3_1em2,"{'x1': 0.268, 'x2': 0.193}","{'a': 0.598, 'b': 0.323}",-1.0,1.0,1001,harmonic,[],0.01,True,True,amigo2,"[['a', '5.9813e-01'], ['b', '3.2301e-01'], ['x1', '2.6811e-01'], ['x2', '1.9291e-01']]",1274.9890670776367
2470,494,harmonic_4_1em2,"{'x1': 0.638, 'x2': 0.859}","{'a': 0.562, 'b': 0.656}",-1.0,1.0,1001,harmonic,[],0.01,False,False,pe,,
2471,494,harmonic_4_1em2,"{'x1': 0.638, 'x2': 0.859}","{'a': 0.562, 'b': 0.656}",-1.0,1.0,1001,harmonic,[],0.01,False,False,odepe,,
2472,494,harmonic_4_1em2,"{'x1': 0.638, 'x2': 0.859}","{'a': 0.562, 'b': 0.656}",-1.0,1.0,1001,harmonic,[],0.01,True,True,sciml,"[['a', '0.5618674154586882'], ['b', '0.6554069350577317'], ['x1', '0.637926989087969'], ['x2', '0.8588904176373424']]",215.46714615821838
2473,494,harmonic_4_1em2,"{'x1': 0.638, 'x2': 0.859}","{'a': 0.562, 'b': 0.656}",-1.0,1.0,1001,harmonic,[],0.01,False,False,iqm,,
2474,494,harmonic_4_1em2,"{'x1': 0.638, 'x2': 0.859}","{'a': 0.562, 'b': 0.656}",-1.0,1.0,1001,harmonic,[],0.01,True,True,amigo2,"[['a', '5.6187e-01'], ['b', '6.5541e-01'], ['x1', '6.3793e-01'], ['x2', '8.5889e-01']]",684.8487854003906
2475,495,harmonic_5_1em2,"{'x1': 0.58, 'x2': 0.571}","{'a': 0.102, 'b': 0.618}",-1.0,1.0,1001,harmonic,[],0.01,False,False,pe,,
2476,495,harmonic_5_1em2,"{'x1': 0.58, 'x2': 0.571}","{'a': 0.102, 'b': 0.618}",-1.0,1.0,1001,harmonic,[],0.01,False,False,odepe,,
2477,495,harmonic_5_1em2,"{'x1': 0.58, 'x2': 0.571}","{'a': 0.102, 'b': 0.618}",-1.0,1.0,1001,harmonic,[],0.01,True,True,sciml,"[['a', '0.10161027332932293'], ['b', '0.6169734479704437'], ['x1', '0.5795247681481642'], ['x2', '0.5705248365192719']]",216.6489861011505
2478,495,harmonic_5_1em2,"{'x1': 0.58, 'x2': 0.571}","{'a': 0.102, 'b': 0.618}",-1.0,1.0,1001,harmonic,[],0.01,False,False,iqm,,
2479,495,harmonic_5_1em2,"{'x1': 0.58, 'x2': 0.571}","{'a': 0.102, 'b': 0.618}",-1.0,1.0,1001,harmonic,[],0.01,True,True,amigo2,"[['a', '1.0161e-01'], ['b', '6.1697e-01'], ['x1', '5.7952e-01'], ['x2', '5.7052e-01']]",1328.894374847412
2480,496,harmonic_6_1em2,"{'x1': 0.657, 'x2': 0.751}","{'a': 0.87, 'b': 0.113}",-1.0,1.0,1001,harmonic,[],0.01,False,False,pe,,
2481,496,harmonic_6_1em2,"{'x1': 0.657, 'x2': 0.751}","{'a': 0.87, 'b': 0.113}",-1.0,1.0,1001,harmonic,[],0.01,False,False,odepe,,
2482,496,harmonic_6_1em2,"{'x1': 0.657, 'x2': 0.751}","{'a': 0.87, 'b': 0.113}",-1.0,1.0,1001,harmonic,[],0.01,True,True,sciml,"[['a', '0.8699153317770526'], ['b', '0.11293837481887507'], ['x1', '0.6569588125785975'], ['x2', '0.7504909807644043']]",118.79550814628601
2483,496,harmonic_6_1em2,"{'x1': 0.657, 'x2': 0.751}","{'a': 0.87, 'b': 0.113}",-1.0,1.0,1001,harmonic,[],0.01,False,False,iqm,,
2484,496,harmonic_6_1em2,"{'x1': 0.657, 'x2': 0.751}","{'a': 0.87, 'b': 0.113}",-1.0,1.0,1001,harmonic,[],0.01,True,True,amigo2,"[['a', '8.6992e-01'], ['b', '1.1294e-01'], ['x1', '6.5696e-01'], ['x2', '7.5049e-01']]",715.0971105098724
2485,497,harmonic_7_1em2,"{'x1': 0.733, 'x2': 0.178}","{'a': 0.508, 'b': 0.367}",-1.0,1.0,1001,harmonic,[],0.01,False,False,pe,,
2486,497,harmonic_7_1em2,"{'x1': 0.733, 'x2': 0.178}","{'a': 0.508, 'b': 0.367}",-1.0,1.0,1001,harmonic,[],0.01,False,False,odepe,,
2487,497,harmonic_7_1em2,"{'x1': 0.733, 'x2': 0.178}","{'a': 0.508, 'b': 0.367}",-1.0,1.0,1001,harmonic,[],0.01,True,True,sciml,"[['a', '0.5078085921507562'], ['b', '0.366402233215142'], ['x1', '0.7328423481202244'], ['x2', '0.17701546121476192']]",214.9789800643921
2488,497,harmonic_7_1em2,"{'x1': 0.733, 'x2': 0.178}","{'a': 0.508, 'b': 0.367}",-1.0,1.0,1001,harmonic,[],0.01,False,False,iqm,,
2489,497,harmonic_7_1em2,"{'x1': 0.733, 'x2': 0.178}","{'a': 0.508, 'b': 0.367}",-1.0,1.0,1001,harmonic,[],0.01,True,True,amigo2,"[['a', '5.0781e-01'], ['b', '3.6640e-01'], ['x1', '7.3284e-01'], ['x2', '1.7702e-01']]",738.1584093570709
2490,498,harmonic_8_1em2,"{'x1': 0.655, 'x2': 0.173}","{'a': 0.454, 'b': 0.516}",-1.0,1.0,1001,harmonic,[],0.01,False,False,pe,,
2491,498,harmonic_8_1em2,"{'x1': 0.655, 'x2': 0.173}","{'a': 0.454, 'b': 0.516}",-1.0,1.0,1001,harmonic,[],0.01,False,False,odepe,,
2492,498,harmonic_8_1em2,"{'x1': 0.655, 'x2': 0.173}","{'a': 0.454, 'b': 0.516}",-1.0,1.0,1001,harmonic,[],0.01,True,True,sciml,"[['a', '0.5291686514370291'], ['b', '0.008550916943490704'], ['x1', '0.0122929103711762'], ['x2', '8.372880380978775e-18']]",219.75764393806458
2493,498,harmonic_8_1em2,"{'x1': 0.655, 'x2': 0.173}","{'a': 0.454, 'b': 0.516}",-1.0,1.0,1001,harmonic,[],0.01,False,False,iqm,,
2494,498,harmonic_8_1em2,"{'x1': 0.655, 'x2': 0.173}","{'a': 0.454, 'b': 0.516}",-1.0,1.0,1001,harmonic,[],0.01,True,True,amigo2,"[['a', '4.5422e-01'], ['b', '5.1605e-01'], ['x1', '6.5535e-01'], ['x2', '1.7262e-01']]",753.1725695133209
2495,499,harmonic_9_1em2,"{'x1': 0.599, 'x2': 0.81}","{'a': 0.282, 'b': 0.428}",-1.0,1.0,1001,harmonic,[],0.01,False,False,pe,,
2496,499,harmonic_9_1em2,"{'x1': 0.599, 'x2': 0.81}","{'a': 0.282, 'b': 0.428}",-1.0,1.0,1001,harmonic,[],0.01,False,False,odepe,,
2497,499,harmonic_9_1em2,"{'x1': 0.599, 'x2': 0.81}","{'a': 0.282, 'b': 0.428}",-1.0,1.0,1001,harmonic,[],0.01,True,True,sciml,"[['a', '0.28169956266048124'], ['b', '0.4278315819001512'], ['x1', '0.5987910886324764'], ['x2', '0.8089057726117125']]",213.67126035690308
2498,499,harmonic_9_1em2,"{'x1': 0.599, 'x2': 0.81}","{'a': 0.282, 'b': 0.428}",-1.0,1.0,1001,harmonic,[],0.01,False,False,iqm,,
2499,499,harmonic_9_1em2,"{'x1': 0.599, 'x2': 0.81}","{'a': 0.282, 'b': 0.428}",-1.0,1.0,1001,harmonic,[],0.01,True,True,amigo2,"[['a', '2.8170e-01'], ['b', '4.2783e-01'], ['x1', '5.9879e-01'], ['x2', '8.0891e-01']]",874.9403750896454
2500,500,hiv_0_1em2,"{'x': 0.836, 'yy': 0.129, 'vv': 0.24, 'w': 0.411, 'z': 0.862}","{'lm': 0.595, 'd': 0.207, 'beta': 0.884, 'a': 0.797, 'k': 0.502, 'uu': 0.838, 'c': 0.533, 'q': 0.839, 'b': 0.764, 'h': 0.875}",-1.0,1.0,1001,hiv,[],0.01,False,False,pe,,
2501,500,hiv_0_1em2,"{'x': 0.836, 'yy': 0.129, 'vv': 0.24, 'w': 0.411, 'z': 0.862}","{'lm': 0.595, 'd': 0.207, 'beta': 0.884, 'a': 0.797, 'k': 0.502, 'uu': 0.838, 'c': 0.533, 'q': 0.839, 'b': 0.764, 'h': 0.875}",-1.0,1.0,1001,hiv,[],0.01,False,False,odepe,,
2502,500,hiv_0_1em2,"{'x': 0.836, 'yy': 0.129, 'vv': 0.24, 'w': 0.411, 'z': 0.862}","{'lm': 0.595, 'd': 0.207, 'beta': 0.884, 'a': 0.797, 'k': 0.502, 'uu': 0.838, 'c': 0.533, 'q': 0.839, 'b': 0.764, 'h': 0.875}",-1.0,1.0,1001,hiv,[],0.01,True,True,sciml,"[['lm', '2.043374565131897'], ['d', '4.1855975418919166e-11'], ['beta', '9.439989037540903'], ['a', '12.615022791355463'], ['k', '0.4922627635212414'], ['uu', '0.5870442607277249'], ['c', '0.727052421007883'], ['q', '1.1072668182377459'], ['b', '0.7401137890745728'], ['h', '0.8977477948171958'], ['x', '0.8353646650191978'], ['yy', '0.14003119845023929'], ['vv', '0.22736045265263982'], ['w', '0.4116490107181611'], ['z', '0.8619636352803862']]",419.31878685951233
2503,500,hiv_0_1em2,"{'x': 0.836, 'yy': 0.129, 'vv': 0.24, 'w': 0.411, 'z': 0.862}","{'lm': 0.595, 'd': 0.207, 'beta': 0.884, 'a': 0.797, 'k': 0.502, 'uu': 0.838, 'c': 0.533, 'q': 0.839, 'b': 0.764, 'h': 0.875}",-1.0,1.0,1001,hiv,[],0.01,False,False,iqm,,
2504,500,hiv_0_1em2,"{'x': 0.836, 'yy': 0.129, 'vv': 0.24, 'w': 0.411, 'z': 0.862}","{'lm': 0.595, 'd': 0.207, 'beta': 0.884, 'a': 0.797, 'k': 0.502, 'uu': 0.838, 'c': 0.533, 'q': 0.839, 'b': 0.764, 'h': 0.875}",-1.0,1.0,1001,hiv,[],0.01,True,True,amigo2,"[['lm', '5.7786e-01'], ['d', '1.7373e-01'], ['beta', '7.6977e-01'], ['a', '1.2479e+00'], ['k', '8.0284e-01'], ['uu', '7.2158e-01'], ['c', '6.3383e-01'], ['q', '5.4058e-01'], ['b', '7.8407e-01'], ['h', '8.5850e-01'], ['x', '8.3580e-01'], ['yy', '7.6963e-02'], ['vv', '2.9127e-01'], ['w', '4.1174e-01'], ['z', '8.6217e-01']]",300.87103152275085
2505,501,hiv_1_1em2,"{'x': 0.298, 'yy': 0.132, 'vv': 0.148, 'w': 0.149, 'z': 0.826}","{'lm': 0.34, 'd': 0.228, 'beta': 0.809, 'a': 0.457, 'k': 0.826, 'uu': 0.228, 'c': 0.629, 'q': 0.452, 'b': 0.161, 'h': 0.657}",-1.0,1.0,1001,hiv,[],0.01,False,False,pe,,
2506,501,hiv_1_1em2,"{'x': 0.298, 'yy': 0.132, 'vv': 0.148, 'w': 0.149, 'z': 0.826}","{'lm': 0.34, 'd': 0.228, 'beta': 0.809, 'a': 0.457, 'k': 0.826, 'uu': 0.228, 'c': 0.629, 'q': 0.452, 'b': 0.161, 'h': 0.657}",-1.0,1.0,1001,hiv,[],0.01,False,False,odepe,,
2507,501,hiv_1_1em2,"{'x': 0.298, 'yy': 0.132, 'vv': 0.148, 'w': 0.149, 'z': 0.826}","{'lm': 0.34, 'd': 0.228, 'beta': 0.809, 'a': 0.457, 'k': 0.826, 'uu': 0.228, 'c': 0.629, 'q': 0.452, 'b': 0.161, 'h': 0.657}",-1.0,1.0,1001,hiv,[],0.01,True,True,sciml,"[['lm', '0.3545809057223097'], ['d', '0.26638879516973374'], ['beta', '0.7327910577292813'], ['a', '0.4264153999464053'], ['k', '1.3331790643211194'], ['uu', '0.4687702440173007'], ['c', '0.6704245778648914'], ['q', '0.4330711882087544'], ['b', '0.16242243018034136'], ['h', '0.656658036647693'], ['x', '0.2983322643638261'], ['yy', '0.10783202144236405'], ['vv', '0.17166006167830128'], ['w', '0.14889395116750667'], ['z', '0.8264489777719238']]",417.76840233802795
2508,501,hiv_1_1em2,"{'x': 0.298, 'yy': 0.132, 'vv': 0.148, 'w': 0.149, 'z': 0.826}","{'lm': 0.34, 'd': 0.228, 'beta': 0.809, 'a': 0.457, 'k': 0.826, 'uu': 0.228, 'c': 0.629, 'q': 0.452, 'b': 0.161, 'h': 0.657}",-1.0,1.0,1001,hiv,[],0.01,False,False,iqm,,
2509,501,hiv_1_1em2,"{'x': 0.298, 'yy': 0.132, 'vv': 0.148, 'w': 0.149, 'z': 0.826}","{'lm': 0.34, 'd': 0.228, 'beta': 0.809, 'a': 0.457, 'k': 0.826, 'uu': 0.228, 'c': 0.629, 'q': 0.452, 'b': 0.161, 'h': 0.657}",-1.0,1.0,1001,hiv,[],0.01,True,True,amigo2,"[['lm', '3.5458e-01'], ['d', '2.6639e-01'], ['beta', '7.3282e-01'], ['a', '4.2637e-01'], ['k', '1.3331e+00'], ['uu', '4.6882e-01'], ['c', '6.7038e-01'], ['q', '4.3307e-01'], ['b', '1.6242e-01'], ['h', '6.5666e-01'], ['x', '2.9833e-01'], ['yy', '1.0784e-01'], ['vv', '1.7165e-01'], ['w', '1.4889e-01'], ['z', '8.2645e-01']]",1860.0201661586761
2510,502,hiv_2_1em2,"{'x': 0.24, 'yy': 0.362, 'vv': 0.644, 'w': 0.151, 'z': 0.586}","{'lm': 0.692, 'd': 0.818, 'beta': 0.638, 'a': 0.523, 'k': 0.344, 'uu': 0.898, 'c': 0.39, 'q': 0.477, 'b': 0.403, 'h': 0.884}",-1.0,1.0,1001,hiv,[],0.01,False,False,pe,,
2511,502,hiv_2_1em2,"{'x': 0.24, 'yy': 0.362, 'vv': 0.644, 'w': 0.151, 'z': 0.586}","{'lm': 0.692, 'd': 0.818, 'beta': 0.638, 'a': 0.523, 'k': 0.344, 'uu': 0.898, 'c': 0.39, 'q': 0.477, 'b': 0.403, 'h': 0.884}",-1.0,1.0,1001,hiv,[],0.01,False,False,odepe,,
2512,502,hiv_2_1em2,"{'x': 0.24, 'yy': 0.362, 'vv': 0.644, 'w': 0.151, 'z': 0.586}","{'lm': 0.692, 'd': 0.818, 'beta': 0.638, 'a': 0.523, 'k': 0.344, 'uu': 0.898, 'c': 0.39, 'q': 0.477, 'b': 0.403, 'h': 0.884}",-1.0,1.0,1001,hiv,[],0.01,True,True,sciml,"[['lm', '0.6391181457098224'], ['d', '0.7261025489948265'], ['beta', '0.7006007457666751'], ['a', '0.6747500945002115'], ['k', '35.10489717411507'], ['uu', '43.672846555663455'], ['c', '0.0023817986505976596'], ['q', '65.99166623701525'], ['b', '0.3464592792049284'], ['h', '0.8849690504762919'], ['x', '0.24058115415684966'], ['yy', '0.5547706125081561'], ['vv', '0.4463910391733762'], ['w', '0.15100117199748403'], ['z', '0.5856451306320817']]",646.816260099411
2513,502,hiv_2_1em2,"{'x': 0.24, 'yy': 0.362, 'vv': 0.644, 'w': 0.151, 'z': 0.586}","{'lm': 0.692, 'd': 0.818, 'beta': 0.638, 'a': 0.523, 'k': 0.344, 'uu': 0.898, 'c': 0.39, 'q': 0.477, 'b': 0.403, 'h': 0.884}",-1.0,1.0,1001,hiv,[],0.01,False,False,iqm,,
2514,502,hiv_2_1em2,"{'x': 0.24, 'yy': 0.362, 'vv': 0.644, 'w': 0.151, 'z': 0.586}","{'lm': 0.692, 'd': 0.818, 'beta': 0.638, 'a': 0.523, 'k': 0.344, 'uu': 0.898, 'c': 0.39, 'q': 0.477, 'b': 0.403, 'h': 0.884}",-1.0,1.0,1001,hiv,[],0.01,True,True,amigo2,"[['lm', '6.1329e-01'], ['d', '6.7966e-01'], ['beta', '5.0086e-01'], ['a', '9.2353e-01'], ['k', '0.0000e+00'], ['uu', '3.0311e-01'], ['c', '1.3590e-03'], ['q', '1.0000e+02'], ['b', '3.6797e-01'], ['h', '8.7688e-01'], ['x', '2.4077e-01'], ['yy', '4.7606e-01'], ['vv', '5.2914e-01'], ['w', '1.5092e-01'], ['z', '5.8538e-01']]",3037.977448940277
2515,503,hiv_3_1em2,"{'x': 0.375, 'yy': 0.573, 'vv': 0.627, 'w': 0.418, 'z': 0.899}","{'lm': 0.482, 'd': 0.327, 'beta': 0.291, 'a': 0.512, 'k': 0.394, 'uu': 0.465, 'c': 0.37, 'q': 0.876, 'b': 0.207, 'h': 0.177}",-1.0,1.0,1001,hiv,[],0.01,False,False,pe,,
2516,503,hiv_3_1em2,"{'x': 0.375, 'yy': 0.573, 'vv': 0.627, 'w': 0.418, 'z': 0.899}","{'lm': 0.482, 'd': 0.327, 'beta': 0.291, 'a': 0.512, 'k': 0.394, 'uu': 0.465, 'c': 0.37, 'q': 0.876, 'b': 0.207, 'h': 0.177}",-1.0,1.0,1001,hiv,[],0.01,False,False,odepe,,
2517,503,hiv_3_1em2,"{'x': 0.375, 'yy': 0.573, 'vv': 0.627, 'w': 0.418, 'z': 0.899}","{'lm': 0.482, 'd': 0.327, 'beta': 0.291, 'a': 0.512, 'k': 0.394, 'uu': 0.465, 'c': 0.37, 'q': 0.876, 'b': 0.207, 'h': 0.177}",-1.0,1.0,1001,hiv,[],0.01,True,True,sciml,"[['lm', '0.4603837259963582'], ['d', '0.3225520292823381'], ['beta', '0.17271677404187194'], ['a', '0.8548577195477715'], ['k', '0.6295459569704365'], ['uu', '0.31735363560982277'], ['c', '0.0034431829410741218'], ['q', '99.9918045582623'], ['b', '0.17177201073480444'], ['h', '0.15462011659019817'], ['x', '0.37550519128494386'], ['yy', '0.4106915192459706'], ['vv', '0.7899264610520027'], ['w', '0.4177258941081291'], ['z', '0.8993270925173551']]",510.5389587879181
2518,503,hiv_3_1em2,"{'x': 0.375, 'yy': 0.573, 'vv': 0.627, 'w': 0.418, 'z': 0.899}","{'lm': 0.482, 'd': 0.327, 'beta': 0.291, 'a': 0.512, 'k': 0.394, 'uu': 0.465, 'c': 0.37, 'q': 0.876, 'b': 0.207, 'h': 0.177}",-1.0,1.0,1001,hiv,[],0.01,False,False,iqm,,
2519,503,hiv_3_1em2,"{'x': 0.375, 'yy': 0.573, 'vv': 0.627, 'w': 0.418, 'z': 0.899}","{'lm': 0.482, 'd': 0.327, 'beta': 0.291, 'a': 0.512, 'k': 0.394, 'uu': 0.465, 'c': 0.37, 'q': 0.876, 'b': 0.207, 'h': 0.177}",-1.0,1.0,1001,hiv,[],0.01,True,True,amigo2,"[['lm', '4.8010e-01'], ['d', '3.5078e-01'], ['beta', '1.5492e-01'], ['a', '1.0271e+00'], ['k', '8.4664e-01'], ['uu', '3.1378e-01'], ['c', '8.2631e+00'], ['q', '1.1895e-01'], ['b', '6.9104e-01'], ['h', '1.6718e-01'], ['x', '3.7544e-01'], ['yy', '1.7635e-01'], ['vv', '1.0245e+00'], ['w', '4.1770e-01'], ['z', '8.9914e-01']]",320.64755487442017
2520,504,hiv_4_1em2,"{'x': 0.15, 'yy': 0.294, 'vv': 0.446, 'w': 0.518, 'z': 0.718}","{'lm': 0.382, 'd': 0.677, 'beta': 0.61, 'a': 0.75, 'k': 0.881, 'uu': 0.812, 'c': 0.712, 'q': 0.659, 'b': 0.368, 'h': 0.218}",-1.0,1.0,1001,hiv,[],0.01,False,False,pe,,
2521,504,hiv_4_1em2,"{'x': 0.15, 'yy': 0.294, 'vv': 0.446, 'w': 0.518, 'z': 0.718}","{'lm': 0.382, 'd': 0.677, 'beta': 0.61, 'a': 0.75, 'k': 0.881, 'uu': 0.812, 'c': 0.712, 'q': 0.659, 'b': 0.368, 'h': 0.218}",-1.0,1.0,1001,hiv,[],0.01,False,False,odepe,,
2522,504,hiv_4_1em2,"{'x': 0.15, 'yy': 0.294, 'vv': 0.446, 'w': 0.518, 'z': 0.718}","{'lm': 0.382, 'd': 0.677, 'beta': 0.61, 'a': 0.75, 'k': 0.881, 'uu': 0.812, 'c': 0.712, 'q': 0.659, 'b': 0.368, 'h': 0.218}",-1.0,1.0,1001,hiv,[],0.01,True,True,sciml,"[['lm', '0.32849341532098025'], ['d', '0.5991620061542389'], ['beta', '14.74595906546131'], ['a', '0.42723686733397037'], ['k', '0.03811500249141984'], ['uu', '2.701691989283099'], ['c', '0.2910046068540487'], ['q', '0.5736335835277344'], ['b', '0.37442996157609293'], ['h', '0.21765865897016068'], ['x', '0.15021165965538388'], ['yy', '0.7418669027264584'], ['vv', '1.0323612452478085e-10'], ['w', '0.5170735900989112'], ['z', '0.7194591160357536']]",673.8998689651489
2523,504,hiv_4_1em2,"{'x': 0.15, 'yy': 0.294, 'vv': 0.446, 'w': 0.518, 'z': 0.718}","{'lm': 0.382, 'd': 0.677, 'beta': 0.61, 'a': 0.75, 'k': 0.881, 'uu': 0.812, 'c': 0.712, 'q': 0.659, 'b': 0.368, 'h': 0.218}",-1.0,1.0,1001,hiv,[],0.01,False,False,iqm,,
2524,504,hiv_4_1em2,"{'x': 0.15, 'yy': 0.294, 'vv': 0.446, 'w': 0.518, 'z': 0.718}","{'lm': 0.382, 'd': 0.677, 'beta': 0.61, 'a': 0.75, 'k': 0.881, 'uu': 0.812, 'c': 0.712, 'q': 0.659, 'b': 0.368, 'h': 0.218}",-1.0,1.0,1001,hiv,[],0.01,True,True,amigo2,"[['lm', '3.6849e-01'], ['d', '6.5146e-01'], ['beta', '4.4299e-01'], ['a', '1.2791e+00'], ['k', '1.0218e+00'], ['uu', '5.1760e-01'], ['c', '4.2994e-01'], ['q', '1.1489e+00'], ['b', '3.7763e-01'], ['h', '1.9876e-01'], ['x', '1.5051e-01'], ['yy', '2.3169e-01'], ['vv', '5.1007e-01'], ['w', '5.1779e-01'], ['z', '7.1851e-01']]",2037.6464459896088
2525,505,hiv_5_1em2,"{'x': 0.218, 'yy': 0.648, 'vv': 0.625, 'w': 0.79, 'z': 0.178}","{'lm': 0.867, 'd': 0.194, 'beta': 0.186, 'a': 0.572, 'k': 0.696, 'uu': 0.779, 'c': 0.849, 'q': 0.887, 'b': 0.42, 'h': 0.404}",-1.0,1.0,1001,hiv,[],0.01,False,False,pe,,
2526,505,hiv_5_1em2,"{'x': 0.218, 'yy': 0.648, 'vv': 0.625, 'w': 0.79, 'z': 0.178}","{'lm': 0.867, 'd': 0.194, 'beta': 0.186, 'a': 0.572, 'k': 0.696, 'uu': 0.779, 'c': 0.849, 'q': 0.887, 'b': 0.42, 'h': 0.404}",-1.0,1.0,1001,hiv,[],0.01,False,False,odepe,,
2527,505,hiv_5_1em2,"{'x': 0.218, 'yy': 0.648, 'vv': 0.625, 'w': 0.79, 'z': 0.178}","{'lm': 0.867, 'd': 0.194, 'beta': 0.186, 'a': 0.572, 'k': 0.696, 'uu': 0.779, 'c': 0.849, 'q': 0.887, 'b': 0.42, 'h': 0.404}",-1.0,1.0,1001,hiv,[],0.01,True,True,sciml,"[['lm', '1.2407832073129719'], ['d', '0.5867287899608933'], ['beta', '14.561355242259014'], ['a', '0.1877135737814612'], ['k', '1.1299550157388725e-13'], ['uu', '57.34647748605425'], ['c', '0.2248675288740446'], ['q', '5.289258394993967'], ['b', '7.437033187265371'], ['h', '0.009165643079650032'], ['x', '1.2289590332112345e-8'], ['yy', '1.1810978929849896'], ['vv', '0.011077742594824273'], ['w', '0.7932485743399648'], ['z', '0.17578821693200414']]",306.34582018852234
2528,505,hiv_5_1em2,"{'x': 0.218, 'yy': 0.648, 'vv': 0.625, 'w': 0.79, 'z': 0.178}","{'lm': 0.867, 'd': 0.194, 'beta': 0.186, 'a': 0.572, 'k': 0.696, 'uu': 0.779, 'c': 0.849, 'q': 0.887, 'b': 0.42, 'h': 0.404}",-1.0,1.0,1001,hiv,[],0.01,False,False,iqm,,
2529,505,hiv_5_1em2,"{'x': 0.218, 'yy': 0.648, 'vv': 0.625, 'w': 0.79, 'z': 0.178}","{'lm': 0.867, 'd': 0.194, 'beta': 0.186, 'a': 0.572, 'k': 0.696, 'uu': 0.779, 'c': 0.849, 'q': 0.887, 'b': 0.42, 'h': 0.404}",-1.0,1.0,1001,hiv,[],0.01,True,True,amigo2,"[['lm', '8.4327e-01'], ['d', '2.6236e-01'], ['beta', '0.0000e+00'], ['a', '1.2828e+00'], ['k', '1.0161e-01'], ['uu', '2.5098e-01'], ['c', '4.5880e-02'], ['q', '1.0000e+02'], ['b', '2.7456e-01'], ['h', '1.6188e-01'], ['x', '2.2018e-01'], ['yy', '1.0939e-01'], ['vv', '1.1689e+00'], ['w', '7.8630e-01'], ['z', '1.7086e-01']]",2598.841621875763
2530,506,hiv_6_1em2,"{'x': 0.439, 'yy': 0.786, 'vv': 0.194, 'w': 0.317, 'z': 0.423}","{'lm': 0.498, 'd': 0.565, 'beta': 0.293, 'a': 0.235, 'k': 0.788, 'uu': 0.147, 'c': 0.476, 'q': 0.193, 'b': 0.466, 'h': 0.884}",-1.0,1.0,1001,hiv,[],0.01,False,False,pe,,
2531,506,hiv_6_1em2,"{'x': 0.439, 'yy': 0.786, 'vv': 0.194, 'w': 0.317, 'z': 0.423}","{'lm': 0.498, 'd': 0.565, 'beta': 0.293, 'a': 0.235, 'k': 0.788, 'uu': 0.147, 'c': 0.476, 'q': 0.193, 'b': 0.466, 'h': 0.884}",-1.0,1.0,1001,hiv,[],0.01,False,False,odepe,,
2532,506,hiv_6_1em2,"{'x': 0.439, 'yy': 0.786, 'vv': 0.194, 'w': 0.317, 'z': 0.423}","{'lm': 0.498, 'd': 0.565, 'beta': 0.293, 'a': 0.235, 'k': 0.788, 'uu': 0.147, 'c': 0.476, 'q': 0.193, 'b': 0.466, 'h': 0.884}",-1.0,1.0,1001,hiv,[],0.01,True,True,sciml,"[['lm', '0.5204587614361175'], ['d', '0.670967737175313'], ['beta', '0.2851804485088804'], ['a', '0.128221075290452'], ['k', '0.5605930134790573'], ['uu', '0.15022723321955897'], ['c', '0.2747612922438727'], ['q', '0.23311702355497846'], ['b', '0.42603990265690767'], ['h', '0.8775220777663965'], ['x', '0.43888076524660385'], ['yy', '0.9811584557526944'], ['vv', '4.605174232622802e-10'], ['w', '0.31678574973907564'], ['z', '0.42302201050621635']]",453.94817090034485
2533,506,hiv_6_1em2,"{'x': 0.439, 'yy': 0.786, 'vv': 0.194, 'w': 0.317, 'z': 0.423}","{'lm': 0.498, 'd': 0.565, 'beta': 0.293, 'a': 0.235, 'k': 0.788, 'uu': 0.147, 'c': 0.476, 'q': 0.193, 'b': 0.466, 'h': 0.884}",-1.0,1.0,1001,hiv,[],0.01,False,False,iqm,,
2534,506,hiv_6_1em2,"{'x': 0.439, 'yy': 0.786, 'vv': 0.194, 'w': 0.317, 'z': 0.423}","{'lm': 0.498, 'd': 0.565, 'beta': 0.293, 'a': 0.235, 'k': 0.788, 'uu': 0.147, 'c': 0.476, 'q': 0.193, 'b': 0.466, 'h': 0.884}",-1.0,1.0,1001,hiv,[],0.01,True,True,amigo2,"[['lm', '5.2046e-01'], ['d', '6.7097e-01'], ['beta', '2.8518e-01'], ['a', '1.2822e-01'], ['k', '5.6059e-01'], ['uu', '1.5023e-01'], ['c', '2.7476e-01'], ['q', '2.3312e-01'], ['b', '4.2604e-01'], ['h', '8.7752e-01'], ['x', '4.3888e-01'], ['yy', '9.8116e-01'], ['vv', '0.0000e+00'], ['w', '3.1679e-01'], ['z', '4.2302e-01']]",321.6579558849335
2535,507,hiv_7_1em2,"{'x': 0.623, 'yy': 0.681, 'vv': 0.53, 'w': 0.188, 'z': 0.424}","{'lm': 0.42, 'd': 0.637, 'beta': 0.376, 'a': 0.671, 'k': 0.611, 'uu': 0.419, 'c': 0.445, 'q': 0.592, 'b': 0.156, 'h': 0.758}",-1.0,1.0,1001,hiv,[],0.01,False,False,pe,,
2536,507,hiv_7_1em2,"{'x': 0.623, 'yy': 0.681, 'vv': 0.53, 'w': 0.188, 'z': 0.424}","{'lm': 0.42, 'd': 0.637, 'beta': 0.376, 'a': 0.671, 'k': 0.611, 'uu': 0.419, 'c': 0.445, 'q': 0.592, 'b': 0.156, 'h': 0.758}",-1.0,1.0,1001,hiv,[],0.01,False,False,odepe,,
2537,507,hiv_7_1em2,"{'x': 0.623, 'yy': 0.681, 'vv': 0.53, 'w': 0.188, 'z': 0.424}","{'lm': 0.42, 'd': 0.637, 'beta': 0.376, 'a': 0.671, 'k': 0.611, 'uu': 0.419, 'c': 0.445, 'q': 0.592, 'b': 0.156, 'h': 0.758}",-1.0,1.0,1001,hiv,[],0.01,True,True,sciml,"[['lm', '0.24372316139772648'], ['d', '0.37378955685586335'], ['beta', '0.22737713352311936'], ['a', '0.45460720641591645'], ['k', '9.755308001888613'], ['uu', '4.184601262767961'], ['c', '0.3161955964747026'], ['q', '0.42237005317854664'], ['b', '0.17516669068522436'], ['h', '0.7008040410460499'], ['x', '0.6241741771413808'], ['yy', '0.35556877797543146'], ['vv', '0.8572524681349524'], ['w', '0.1880313913026595'], ['z', '0.42378258413645614']]",521.9330759048462
2538,507,hiv_7_1em2,"{'x': 0.623, 'yy': 0.681, 'vv': 0.53, 'w': 0.188, 'z': 0.424}","{'lm': 0.42, 'd': 0.637, 'beta': 0.376, 'a': 0.671, 'k': 0.611, 'uu': 0.419, 'c': 0.445, 'q': 0.592, 'b': 0.156, 'h': 0.758}",-1.0,1.0,1001,hiv,[],0.01,False,False,iqm,,
2539,507,hiv_7_1em2,"{'x': 0.623, 'yy': 0.681, 'vv': 0.53, 'w': 0.188, 'z': 0.424}","{'lm': 0.42, 'd': 0.637, 'beta': 0.376, 'a': 0.671, 'k': 0.611, 'uu': 0.419, 'c': 0.445, 'q': 0.592, 'b': 0.156, 'h': 0.758}",-1.0,1.0,1001,hiv,[],0.01,True,True,amigo2,"[['lm', '5.8725e-01'], ['d', '1.1174e+00'], ['beta', '2.5553e-01'], ['a', '3.8899e-01'], ['k', '2.7074e-01'], ['uu', '4.0727e-01'], ['c', '1.9021e-01'], ['q', '5.8969e-01'], ['b', '1.5667e-01'], ['h', '7.3989e-01'], ['x', '6.2412e-01'], ['yy', '1.2116e+00'], ['vv', '0.0000e+00'], ['w', '1.8794e-01'], ['z', '4.2377e-01']]",285.80337858200073
2540,508,hiv_8_1em2,"{'x': 0.794, 'yy': 0.123, 'vv': 0.528, 'w': 0.423, 'z': 0.519}","{'lm': 0.424, 'd': 0.357, 'beta': 0.124, 'a': 0.69, 'k': 0.188, 'uu': 0.585, 'c': 0.663, 'q': 0.608, 'b': 0.867, 'h': 0.183}",-1.0,1.0,1001,hiv,[],0.01,False,False,pe,,
2541,508,hiv_8_1em2,"{'x': 0.794, 'yy': 0.123, 'vv': 0.528, 'w': 0.423, 'z': 0.519}","{'lm': 0.424, 'd': 0.357, 'beta': 0.124, 'a': 0.69, 'k': 0.188, 'uu': 0.585, 'c': 0.663, 'q': 0.608, 'b': 0.867, 'h': 0.183}",-1.0,1.0,1001,hiv,[],0.01,False,False,odepe,,
2542,508,hiv_8_1em2,"{'x': 0.794, 'yy': 0.123, 'vv': 0.528, 'w': 0.423, 'z': 0.519}","{'lm': 0.424, 'd': 0.357, 'beta': 0.124, 'a': 0.69, 'k': 0.188, 'uu': 0.585, 'c': 0.663, 'q': 0.608, 'b': 0.867, 'h': 0.183}",-1.0,1.0,1001,hiv,[],0.01,True,True,sciml,"[['lm', '0.5130038826467692'], ['d', '0.4375359297476653'], ['beta', '0.14746609183661422'], ['a', '43.862244327573734'], ['k', '13.229887760681397'], ['uu', '0.5215549712779916'], ['c', '48.15837657065543'], ['q', '0.5875593275921733'], ['b', '0.867705997944693'], ['h', '0.1829757904124'], ['x', '0.7936766338895268'], ['yy', '6.276888559585248e-9'], ['vv', '0.6489356295670576'], ['w', '0.42321946715375736'], ['z', '0.5199022135331726']]",476.04058837890625
2543,508,hiv_8_1em2,"{'x': 0.794, 'yy': 0.123, 'vv': 0.528, 'w': 0.423, 'z': 0.519}","{'lm': 0.424, 'd': 0.357, 'beta': 0.124, 'a': 0.69, 'k': 0.188, 'uu': 0.585, 'c': 0.663, 'q': 0.608, 'b': 0.867, 'h': 0.183}",-1.0,1.0,1001,hiv,[],0.01,False,False,iqm,,
2544,508,hiv_8_1em2,"{'x': 0.794, 'yy': 0.123, 'vv': 0.528, 'w': 0.423, 'z': 0.519}","{'lm': 0.424, 'd': 0.357, 'beta': 0.124, 'a': 0.69, 'k': 0.188, 'uu': 0.585, 'c': 0.663, 'q': 0.608, 'b': 0.867, 'h': 0.183}",-1.0,1.0,1001,hiv,[],0.01,True,True,amigo2,"[['lm', '3.0252e-01'], ['d', '2.3712e-01'], ['beta', '5.6857e+00'], ['a', '5.2681e-01'], ['k', '4.4353e-02'], ['uu', '5.3994e+00'], ['c', '1.2118e-01'], ['q', '6.2149e-01'], ['b', '8.6357e-01'], ['h', '1.8160e-01'], ['x', '7.9247e-01'], ['yy', '6.4728e-01'], ['vv', '2.7377e-03'], ['w', '4.2304e-01'], ['z', '5.1943e-01']]",2386.7858593463898
2545,509,hiv_9_1em2,"{'x': 0.18, 'yy': 0.312, 'vv': 0.153, 'w': 0.152, 'z': 0.785}","{'lm': 0.392, 'd': 0.252, 'beta': 0.115, 'a': 0.515, 'k': 0.774, 'uu': 0.399, 'c': 0.278, 'q': 0.164, 'b': 0.168, 'h': 0.277}",-1.0,1.0,1001,hiv,[],0.01,False,False,pe,,
2546,509,hiv_9_1em2,"{'x': 0.18, 'yy': 0.312, 'vv': 0.153, 'w': 0.152, 'z': 0.785}","{'lm': 0.392, 'd': 0.252, 'beta': 0.115, 'a': 0.515, 'k': 0.774, 'uu': 0.399, 'c': 0.278, 'q': 0.164, 'b': 0.168, 'h': 0.277}",-1.0,1.0,1001,hiv,[],0.01,False,False,odepe,,
2547,509,hiv_9_1em2,"{'x': 0.18, 'yy': 0.312, 'vv': 0.153, 'w': 0.152, 'z': 0.785}","{'lm': 0.392, 'd': 0.252, 'beta': 0.115, 'a': 0.515, 'k': 0.774, 'uu': 0.399, 'c': 0.278, 'q': 0.164, 'b': 0.168, 'h': 0.277}",-1.0,1.0,1001,hiv,[],0.01,True,True,sciml,"[['lm', '0.5076788624605437'], ['d', '0.45193799566563647'], ['beta', '99.99999999966093'], ['a', '0.15174188453009943'], ['k', '7.225827790633527e-13'], ['uu', '1.9112260585596967'], ['c', '0.06285115714376131'], ['q', '5.852554156520619e-11'], ['b', '0.16560384409051188'], ['h', '0.2749510078766643'], ['x', '0.18067175343213454'], ['yy', '0.462893823239865'], ['vv', '0.004465921307489149'], ['w', '0.151851361345878'], ['z', '0.7846797640662261']]",515.4405558109283
2548,509,hiv_9_1em2,"{'x': 0.18, 'yy': 0.312, 'vv': 0.153, 'w': 0.152, 'z': 0.785}","{'lm': 0.392, 'd': 0.252, 'beta': 0.115, 'a': 0.515, 'k': 0.774, 'uu': 0.399, 'c': 0.278, 'q': 0.164, 'b': 0.168, 'h': 0.277}",-1.0,1.0,1001,hiv,[],0.01,False,False,iqm,,
2549,509,hiv_9_1em2,"{'x': 0.18, 'yy': 0.312, 'vv': 0.153, 'w': 0.152, 'z': 0.785}","{'lm': 0.392, 'd': 0.252, 'beta': 0.115, 'a': 0.515, 'k': 0.774, 'uu': 0.399, 'c': 0.278, 'q': 0.164, 'b': 0.168, 'h': 0.277}",-1.0,1.0,1001,hiv,[],0.01,True,True,amigo2,"[['lm', '3.8937e-01'], ['d', '2.5340e-01'], ['beta', '8.1828e-02'], ['a', '8.4067e-01'], ['k', '9.5361e-01'], ['uu', '2.5115e-01'], ['c', '1.8650e-01'], ['q', '3.6610e-01'], ['b', '1.5467e-01'], ['h', '2.7780e-01'], ['x', '1.8013e-01'], ['yy', '3.9151e-01'], ['vv', '7.3241e-02'], ['w', '1.5204e-01'], ['z', '7.8423e-01']]",2255.839465856552
2550,510,lotka_volterra_0_1em2,"{'r': 0.465, 'w': 0.223}","{'k1': 0.23, 'k2': 0.548, 'k3': 0.719}",-1.0,1.0,1001,lotka_volterra,[],0.01,False,False,pe,,
2551,510,lotka_volterra_0_1em2,"{'r': 0.465, 'w': 0.223}","{'k1': 0.23, 'k2': 0.548, 'k3': 0.719}",-1.0,1.0,1001,lotka_volterra,[],0.01,False,False,odepe,,
2552,510,lotka_volterra_0_1em2,"{'r': 0.465, 'w': 0.223}","{'k1': 0.23, 'k2': 0.548, 'k3': 0.719}",-1.0,1.0,1001,lotka_volterra,[],0.01,True,True,sciml,"[['k1', '2.672274664360128'], ['k2', '0.06575234403049243'], ['k3', '0.048693080972088354'], ['r', '0.46462796685470104'], ['w', '38.951864183717575']]",1672.4854090213776
2553,510,lotka_volterra_0_1em2,"{'r': 0.465, 'w': 0.223}","{'k1': 0.23, 'k2': 0.548, 'k3': 0.719}",-1.0,1.0,1001,lotka_volterra,[],0.01,False,False,iqm,,
2554,510,lotka_volterra_0_1em2,"{'r': 0.465, 'w': 0.223}","{'k1': 0.23, 'k2': 0.548, 'k3': 0.719}",-1.0,1.0,1001,lotka_volterra,[],0.01,True,True,amigo2,"[['k1', '4.2298e+00'], ['k2', '4.1186e-02'], ['k3', '3.0390e-02'], ['r', '4.6463e-01'], ['w', '1.0000e+02']]",265.7120144367218
2555,511,lotka_volterra_1_1em2,"{'r': 0.38, 'w': 0.725}","{'k1': 0.26, 'k2': 0.446, 'k3': 0.523}",-1.0,1.0,1001,lotka_volterra,[],0.01,False,False,pe,,
2556,511,lotka_volterra_1_1em2,"{'r': 0.38, 'w': 0.725}","{'k1': 0.26, 'k2': 0.446, 'k3': 0.523}",-1.0,1.0,1001,lotka_volterra,[],0.01,False,False,odepe,,
2557,511,lotka_volterra_1_1em2,"{'r': 0.38, 'w': 0.725}","{'k1': 0.26, 'k2': 0.446, 'k3': 0.523}",-1.0,1.0,1001,lotka_volterra,[],0.01,True,True,sciml,"[['k1', '64.3998159996359'], ['k2', '39.91976049200697'], ['k3', '15.198804053775872'], ['r', '0.3805968344848141'], ['w', '1.6147889305198107']]",123.10225629806519
2558,511,lotka_volterra_1_1em2,"{'r': 0.38, 'w': 0.725}","{'k1': 0.26, 'k2': 0.446, 'k3': 0.523}",-1.0,1.0,1001,lotka_volterra,[],0.01,False,False,iqm,,
2559,511,lotka_volterra_1_1em2,"{'r': 0.38, 'w': 0.725}","{'k1': 0.26, 'k2': 0.446, 'k3': 0.523}",-1.0,1.0,1001,lotka_volterra,[],0.01,True,True,amigo2,"[['k1', '3.3989e-01'], ['k2', '4.1433e+00'], ['k3', '1.8359e+00'], ['r', '3.8064e-01'], ['w', '9.7925e-02']]",860.9301929473877
2560,512,lotka_volterra_2_1em2,"{'r': 0.817, 'w': 0.414}","{'k1': 0.701, 'k2': 0.842, 'k3': 0.123}",-1.0,1.0,1001,lotka_volterra,[],0.01,False,False,pe,,
2561,512,lotka_volterra_2_1em2,"{'r': 0.817, 'w': 0.414}","{'k1': 0.701, 'k2': 0.842, 'k3': 0.123}",-1.0,1.0,1001,lotka_volterra,[],0.01,False,False,odepe,,
2562,512,lotka_volterra_2_1em2,"{'r': 0.817, 'w': 0.414}","{'k1': 0.701, 'k2': 0.842, 'k3': 0.123}",-1.0,1.0,1001,lotka_volterra,[],0.01,True,True,sciml,"[['k1', '6.239843554394514e-17'], ['k2', '7.706578299452775e-11'], ['k3', '74.26587873243582'], ['r', '0.9337495440018792'], ['w', '0.00021578919849238364']]",314.4496488571167
2563,512,lotka_volterra_2_1em2,"{'r': 0.817, 'w': 0.414}","{'k1': 0.701, 'k2': 0.842, 'k3': 0.123}",-1.0,1.0,1001,lotka_volterra,[],0.01,False,False,iqm,,
2564,512,lotka_volterra_2_1em2,"{'r': 0.817, 'w': 0.414}","{'k1': 0.701, 'k2': 0.842, 'k3': 0.123}",-1.0,1.0,1001,lotka_volterra,[],0.01,True,True,amigo2,"[['k1', '7.1924e-01'], ['k2', '8.0791e-01'], ['k3', '1.0816e-01'], ['r', '8.1682e-01'], ['w', '4.5115e-01']]",276.09546089172363
2565,513,lotka_volterra_3_1em2,"{'r': 0.707, 'w': 0.392}","{'k1': 0.803, 'k2': 0.653, 'k3': 0.89}",-1.0,1.0,1001,lotka_volterra,[],0.01,False,False,pe,,
2566,513,lotka_volterra_3_1em2,"{'r': 0.707, 'w': 0.392}","{'k1': 0.803, 'k2': 0.653, 'k3': 0.89}",-1.0,1.0,1001,lotka_volterra,[],0.01,False,False,odepe,,
2567,513,lotka_volterra_3_1em2,"{'r': 0.707, 'w': 0.392}","{'k1': 0.803, 'k2': 0.653, 'k3': 0.89}",-1.0,1.0,1001,lotka_volterra,[],0.01,True,True,sciml,"[['k1', '0.5975844585283826'], ['k2', '0.002240269303656657'], ['k3', '8.392222824827066'], ['r', '0.7080129341589009'], ['w', '48.44853789659902']]",510.8118278980255
2568,513,lotka_volterra_3_1em2,"{'r': 0.707, 'w': 0.392}","{'k1': 0.803, 'k2': 0.653, 'k3': 0.89}",-1.0,1.0,1001,lotka_volterra,[],0.01,False,False,iqm,,
2569,513,lotka_volterra_3_1em2,"{'r': 0.707, 'w': 0.392}","{'k1': 0.803, 'k2': 0.653, 'k3': 0.89}",-1.0,1.0,1001,lotka_volterra,[],0.01,True,True,amigo2,"[['k1', '5.9758e-01'], ['k2', '1.0854e-03'], ['k3', '8.3912e+00'], ['r', '7.0801e-01'], ['w', '1.0000e+02']]",345.76931858062744
2570,514,lotka_volterra_4_1em2,"{'r': 0.309, 'w': 0.497}","{'k1': 0.501, 'k2': 0.401, 'k3': 0.392}",-1.0,1.0,1001,lotka_volterra,[],0.01,False,False,pe,,
2571,514,lotka_volterra_4_1em2,"{'r': 0.309, 'w': 0.497}","{'k1': 0.501, 'k2': 0.401, 'k3': 0.392}",-1.0,1.0,1001,lotka_volterra,[],0.01,False,False,odepe,,
2572,514,lotka_volterra_4_1em2,"{'r': 0.309, 'w': 0.497}","{'k1': 0.501, 'k2': 0.401, 'k3': 0.392}",-1.0,1.0,1001,lotka_volterra,[],0.01,True,True,sciml,"[['k1', '0.5833134196624491'], ['k2', '0.008168034488066847'], ['k3', '0.1444425694091763'], ['r', '0.30855023094461986'], ['w', '33.74001712168662']]",441.61495876312256
2573,514,lotka_volterra_4_1em2,"{'r': 0.309, 'w': 0.497}","{'k1': 0.501, 'k2': 0.401, 'k3': 0.392}",-1.0,1.0,1001,lotka_volterra,[],0.01,False,False,iqm,,
2574,514,lotka_volterra_4_1em2,"{'r': 0.309, 'w': 0.497}","{'k1': 0.501, 'k2': 0.401, 'k3': 0.392}",-1.0,1.0,1001,lotka_volterra,[],0.01,True,True,amigo2,"[['k1', '5.7526e-01'], ['k2', '2.6753e-03'], ['k3', '1.4698e-01'], ['r', '3.0855e-01'], ['w', '1.0000e+02']]",261.41191577911377
2575,515,lotka_volterra_5_1em2,"{'r': 0.194, 'w': 0.228}","{'k1': 0.645, 'k2': 0.322, 'k3': 0.52}",-1.0,1.0,1001,lotka_volterra,[],0.01,False,False,pe,,
2576,515,lotka_volterra_5_1em2,"{'r': 0.194, 'w': 0.228}","{'k1': 0.645, 'k2': 0.322, 'k3': 0.52}",-1.0,1.0,1001,lotka_volterra,[],0.01,False,False,odepe,,
2577,515,lotka_volterra_5_1em2,"{'r': 0.194, 'w': 0.228}","{'k1': 0.645, 'k2': 0.322, 'k3': 0.52}",-1.0,1.0,1001,lotka_volterra,[],0.01,True,True,sciml,"[['k1', '32.09607051112477'], ['k2', '99.99999999996794'], ['k3', '37.06212496821926'], ['r', '0.3695747086450779'], ['w', '0.3333458334168183']]",300.1158583164215
2578,515,lotka_volterra_5_1em2,"{'r': 0.194, 'w': 0.228}","{'k1': 0.645, 'k2': 0.322, 'k3': 0.52}",-1.0,1.0,1001,lotka_volterra,[],0.01,False,False,iqm,,
2579,515,lotka_volterra_5_1em2,"{'r': 0.194, 'w': 0.228}","{'k1': 0.645, 'k2': 0.322, 'k3': 0.52}",-1.0,1.0,1001,lotka_volterra,[],0.01,True,True,amigo2,"[['k1', '6.1395e-01'], ['k2', '4.5967e-01'], ['k3', '1.2660e+00'], ['r', '1.9406e-01'], ['w', '1.0591e-01']]",736.0225789546967
2580,516,lotka_volterra_6_1em2,"{'r': 0.243, 'w': 0.59}","{'k1': 0.137, 'k2': 0.877, 'k3': 0.103}",-1.0,1.0,1001,lotka_volterra,[],0.01,False,False,pe,,
2581,516,lotka_volterra_6_1em2,"{'r': 0.243, 'w': 0.59}","{'k1': 0.137, 'k2': 0.877, 'k3': 0.103}",-1.0,1.0,1001,lotka_volterra,[],0.01,False,False,odepe,,
2582,516,lotka_volterra_6_1em2,"{'r': 0.243, 'w': 0.59}","{'k1': 0.137, 'k2': 0.877, 'k3': 0.103}",-1.0,1.0,1001,lotka_volterra,[],0.01,True,True,sciml,"[['k1', '4.3708872888680155'], ['k2', '0.14146305568925815'], ['k3', '0.018565705822423034'], ['r', '0.24263039497235583'], ['w', '33.541069046394796']]",308.0582766532898
2583,516,lotka_volterra_6_1em2,"{'r': 0.243, 'w': 0.59}","{'k1': 0.137, 'k2': 0.877, 'k3': 0.103}",-1.0,1.0,1001,lotka_volterra,[],0.01,False,False,iqm,,
2584,516,lotka_volterra_6_1em2,"{'r': 0.243, 'w': 0.59}","{'k1': 0.137, 'k2': 0.877, 'k3': 0.103}",-1.0,1.0,1001,lotka_volterra,[],0.01,True,True,amigo2,"[['k1', '0.0000e+00'], ['k2', '1.7008e+00'], ['k3', '2.2502e-01'], ['r', '2.4264e-01'], ['w', '2.2028e-01']]",482.9700758457184
2585,517,lotka_volterra_7_1em2,"{'r': 0.873, 'w': 0.506}","{'k1': 0.165, 'k2': 0.806, 'k3': 0.676}",-1.0,1.0,1001,lotka_volterra,[],0.01,False,False,pe,,
2586,517,lotka_volterra_7_1em2,"{'r': 0.873, 'w': 0.506}","{'k1': 0.165, 'k2': 0.806, 'k3': 0.676}",-1.0,1.0,1001,lotka_volterra,[],0.01,False,False,odepe,,
2587,517,lotka_volterra_7_1em2,"{'r': 0.873, 'w': 0.506}","{'k1': 0.165, 'k2': 0.806, 'k3': 0.676}",-1.0,1.0,1001,lotka_volterra,[],0.01,True,False,sciml,,578.197749376297
2588,517,lotka_volterra_7_1em2,"{'r': 0.873, 'w': 0.506}","{'k1': 0.165, 'k2': 0.806, 'k3': 0.676}",-1.0,1.0,1001,lotka_volterra,[],0.01,False,False,iqm,,
2589,517,lotka_volterra_7_1em2,"{'r': 0.873, 'w': 0.506}","{'k1': 0.165, 'k2': 0.806, 'k3': 0.676}",-1.0,1.0,1001,lotka_volterra,[],0.01,True,True,amigo2,"[['k1', '0.0000e+00'], ['k2', '1.7103e+00'], ['k3', '1.4119e+00'], ['r', '8.7359e-01'], ['w', '1.4207e-01']]",760.0917418003082
2590,518,lotka_volterra_8_1em2,"{'r': 0.517, 'w': 0.314}","{'k1': 0.34, 'k2': 0.54, 'k3': 0.845}",-1.0,1.0,1001,lotka_volterra,[],0.01,False,False,pe,,
2591,518,lotka_volterra_8_1em2,"{'r': 0.517, 'w': 0.314}","{'k1': 0.34, 'k2': 0.54, 'k3': 0.845}",-1.0,1.0,1001,lotka_volterra,[],0.01,False,False,odepe,,
2592,518,lotka_volterra_8_1em2,"{'r': 0.517, 'w': 0.314}","{'k1': 0.34, 'k2': 0.54, 'k3': 0.845}",-1.0,1.0,1001,lotka_volterra,[],0.01,True,True,sciml,"[['k1', '5.721256068504827'], ['k2', '0.05916378790568981'], ['k3', '0.04719248464627397'], ['r', '0.51688764262912'], ['w', '93.84446396862539']]",1038.2666606903076
2593,518,lotka_volterra_8_1em2,"{'r': 0.517, 'w': 0.314}","{'k1': 0.34, 'k2': 0.54, 'k3': 0.845}",-1.0,1.0,1001,lotka_volterra,[],0.01,False,False,iqm,,
2594,518,lotka_volterra_8_1em2,"{'r': 0.517, 'w': 0.314}","{'k1': 0.34, 'k2': 0.54, 'k3': 0.845}",-1.0,1.0,1001,lotka_volterra,[],0.01,True,True,amigo2,"[['k1', '5.9001e+00'], ['k2', '5.7310e-02'], ['k3', '4.5712e-02'], ['r', '5.1689e-01'], ['w', '1.0000e+02']]",259.9551365375519
2595,519,lotka_volterra_9_1em2,"{'r': 0.298, 'w': 0.355}","{'k1': 0.802, 'k2': 0.398, 'k3': 0.101}",-1.0,1.0,1001,lotka_volterra,[],0.01,False,False,pe,,
2596,519,lotka_volterra_9_1em2,"{'r': 0.298, 'w': 0.355}","{'k1': 0.802, 'k2': 0.398, 'k3': 0.101}",-1.0,1.0,1001,lotka_volterra,[],0.01,False,False,odepe,,
2597,519,lotka_volterra_9_1em2,"{'r': 0.298, 'w': 0.355}","{'k1': 0.802, 'k2': 0.398, 'k3': 0.101}",-1.0,1.0,1001,lotka_volterra,[],0.01,True,True,sciml,"[['k1', '0.6440611656572754'], ['k2', '3.8317867449636924e-11'], ['k3', '74.46449968486827'], ['r', '0.30104554919918075'], ['w', '0.029761707525139926']]",397.4380738735199
2598,519,lotka_volterra_9_1em2,"{'r': 0.298, 'w': 0.355}","{'k1': 0.802, 'k2': 0.398, 'k3': 0.101}",-1.0,1.0,1001,lotka_volterra,[],0.01,False,False,iqm,,
2599,519,lotka_volterra_9_1em2,"{'r': 0.298, 'w': 0.355}","{'k1': 0.802, 'k2': 0.398, 'k3': 0.101}",-1.0,1.0,1001,lotka_volterra,[],0.01,True,True,amigo2,"[['k1', '7.4629e-01'], ['k2', '3.5614e-01'], ['k3', '0.0000e+00'], ['r', '2.9787e-01'], ['w', '2.3345e-01']]",738.2144832611084
2600,520,seir_0_1em2,"{'S': 0.369, 'E': 0.805, 'In': 0.856, 'NN': 0.894}","{'a': 0.787, 'b': 0.467, 'nu': 0.456}",-1.0,1.0,1001,seir,[],0.01,False,False,pe,,
2601,520,seir_0_1em2,"{'S': 0.369, 'E': 0.805, 'In': 0.856, 'NN': 0.894}","{'a': 0.787, 'b': 0.467, 'nu': 0.456}",-1.0,1.0,1001,seir,[],0.01,False,False,odepe,,
2602,520,seir_0_1em2,"{'S': 0.369, 'E': 0.805, 'In': 0.856, 'NN': 0.894}","{'a': 0.787, 'b': 0.467, 'nu': 0.456}",-1.0,1.0,1001,seir,[],0.01,True,True,sciml,"[['a', '0.7111443177650396'], ['b', '21.52414179013636'], ['nu', '0.3130549523888716'], ['S', '0.10463413675992626'], ['E', '0.8833748587523683'], ['In', '0.8568416019540994'], ['NN', '0.8942456986176834']]",328.91347575187683
2603,520,seir_0_1em2,"{'S': 0.369, 'E': 0.805, 'In': 0.856, 'NN': 0.894}","{'a': 0.787, 'b': 0.467, 'nu': 0.456}",-1.0,1.0,1001,seir,[],0.01,False,False,iqm,,
2604,520,seir_0_1em2,"{'S': 0.369, 'E': 0.805, 'In': 0.856, 'NN': 0.894}","{'a': 0.787, 'b': 0.467, 'nu': 0.456}",-1.0,1.0,1001,seir,[],0.01,True,True,amigo2,"[['a', '7.1110e-01'], ['b', '2.1523e+01'], ['nu', '3.1305e-01'], ['S', '1.0463e-01'], ['E', '8.8328e-01'], ['In', '8.5684e-01'], ['NN', '8.9425e-01']]",322.72921347618103
2605,521,seir_1_1em2,"{'S': 0.641, 'E': 0.296, 'In': 0.273, 'NN': 0.233}","{'a': 0.401, 'b': 0.873, 'nu': 0.734}",-1.0,1.0,1001,seir,[],0.01,False,False,pe,,
2606,521,seir_1_1em2,"{'S': 0.641, 'E': 0.296, 'In': 0.273, 'NN': 0.233}","{'a': 0.401, 'b': 0.873, 'nu': 0.734}",-1.0,1.0,1001,seir,[],0.01,False,False,odepe,,
2607,521,seir_1_1em2,"{'S': 0.641, 'E': 0.296, 'In': 0.273, 'NN': 0.233}","{'a': 0.401, 'b': 0.873, 'nu': 0.734}",-1.0,1.0,1001,seir,[],0.01,True,True,sciml,"[['a', '0.2533264874121639'], ['b', '0.873527347692731'], ['nu', '1.0494558712542326'], ['S', '0.47343090111381536'], ['E', '0.1663346472135338'], ['In', '0.2729810545846062'], ['NN', '0.23280971892313357']]",468.46602034568787
2608,521,seir_1_1em2,"{'S': 0.641, 'E': 0.296, 'In': 0.273, 'NN': 0.233}","{'a': 0.401, 'b': 0.873, 'nu': 0.734}",-1.0,1.0,1001,seir,[],0.01,False,False,iqm,,
2609,521,seir_1_1em2,"{'S': 0.641, 'E': 0.296, 'In': 0.273, 'NN': 0.233}","{'a': 0.401, 'b': 0.873, 'nu': 0.734}",-1.0,1.0,1001,seir,[],0.01,True,True,amigo2,"[['a', '1.0495e+00'], ['b', '8.7353e-01'], ['nu', '2.5333e-01'], ['S', '1.9613e+00'], ['E', '1.5470e+00'], ['In', '2.7298e-01'], ['NN', '2.3281e-01']]",303.7291536331177
2610,522,seir_2_1em2,"{'S': 0.495, 'E': 0.723, 'In': 0.775, 'NN': 0.211}","{'a': 0.838, 'b': 0.335, 'nu': 0.462}",-1.0,1.0,1001,seir,[],0.01,False,False,pe,,
2611,522,seir_2_1em2,"{'S': 0.495, 'E': 0.723, 'In': 0.775, 'NN': 0.211}","{'a': 0.838, 'b': 0.335, 'nu': 0.462}",-1.0,1.0,1001,seir,[],0.01,False,False,odepe,,
2612,522,seir_2_1em2,"{'S': 0.495, 'E': 0.723, 'In': 0.775, 'NN': 0.211}","{'a': 0.838, 'b': 0.335, 'nu': 0.462}",-1.0,1.0,1001,seir,[],0.01,True,True,sciml,"[['a', '4.382806042353837'], ['b', '31.28666147847423'], ['nu', '0.27062489505094256'], ['S', '0.4567873212020497'], ['E', '10.84596109853907'], ['In', '0.7785634117791891'], ['NN', '0.21103434540175653']]",319.06742668151855
2613,522,seir_2_1em2,"{'S': 0.495, 'E': 0.723, 'In': 0.775, 'NN': 0.211}","{'a': 0.838, 'b': 0.335, 'nu': 0.462}",-1.0,1.0,1001,seir,[],0.01,False,False,iqm,,
2614,522,seir_2_1em2,"{'S': 0.495, 'E': 0.723, 'In': 0.775, 'NN': 0.211}","{'a': 0.838, 'b': 0.335, 'nu': 0.462}",-1.0,1.0,1001,seir,[],0.01,True,True,amigo2,"[['a', '1.8768e+00'], ['b', '4.9295e-01'], ['nu', '3.0211e-01'], ['S', '4.0429e-01'], ['E', '3.7314e+00'], ['In', '7.7677e-01'], ['NN', '2.1103e-01']]",297.5955002307892
2615,523,seir_3_1em2,"{'S': 0.182, 'E': 0.225, 'In': 0.343, 'NN': 0.16}","{'a': 0.442, 'b': 0.774, 'nu': 0.754}",-1.0,1.0,1001,seir,[],0.01,False,False,pe,,
2616,523,seir_3_1em2,"{'S': 0.182, 'E': 0.225, 'In': 0.343, 'NN': 0.16}","{'a': 0.442, 'b': 0.774, 'nu': 0.754}",-1.0,1.0,1001,seir,[],0.01,False,False,odepe,,
2617,523,seir_3_1em2,"{'S': 0.182, 'E': 0.225, 'In': 0.343, 'NN': 0.16}","{'a': 0.442, 'b': 0.774, 'nu': 0.754}",-1.0,1.0,1001,seir,[],0.01,True,True,sciml,"[['a', '2.39127519682805'], ['b', '0.4060692361548707'], ['nu', '0.3359492610683436'], ['S', '1.5638706505077853'], ['E', '2.476107820267973'], ['In', '0.3432211095533812'], ['NN', '0.15999146602606565']]",382.3837320804596
2618,523,seir_3_1em2,"{'S': 0.182, 'E': 0.225, 'In': 0.343, 'NN': 0.16}","{'a': 0.442, 'b': 0.774, 'nu': 0.754}",-1.0,1.0,1001,seir,[],0.01,False,False,iqm,,
2619,523,seir_3_1em2,"{'S': 0.182, 'E': 0.225, 'In': 0.343, 'NN': 0.16}","{'a': 0.442, 'b': 0.774, 'nu': 0.754}",-1.0,1.0,1001,seir,[],0.01,True,True,amigo2,"[['a', '5.3785e-01'], ['b', '1.0887e+00'], ['nu', '5.3785e-01'], ['S', '2.0640e-01'], ['E', '3.6408e-01'], ['In', '3.4323e-01'], ['NN', '1.5999e-01']]",296.80881094932556
2620,524,seir_4_1em2,"{'S': 0.297, 'E': 0.577, 'In': 0.194, 'NN': 0.881}","{'a': 0.44, 'b': 0.186, 'nu': 0.555}",-1.0,1.0,1001,seir,[],0.01,False,False,pe,,
2621,524,seir_4_1em2,"{'S': 0.297, 'E': 0.577, 'In': 0.194, 'NN': 0.881}","{'a': 0.44, 'b': 0.186, 'nu': 0.555}",-1.0,1.0,1001,seir,[],0.01,False,False,odepe,,
2622,524,seir_4_1em2,"{'S': 0.297, 'E': 0.577, 'In': 0.194, 'NN': 0.881}","{'a': 0.44, 'b': 0.186, 'nu': 0.555}",-1.0,1.0,1001,seir,[],0.01,True,True,sciml,"[['a', '0.6332837999488233'], ['b', '1.4641660395524494'], ['nu', '0.6331308304369114'], ['S', '0.3545731903062588'], ['E', '0.5738212637839457'], ['In', '0.1936057881595406'], ['NN', '0.881128627154441']]",261.4221394062042
2623,524,seir_4_1em2,"{'S': 0.297, 'E': 0.577, 'In': 0.194, 'NN': 0.881}","{'a': 0.44, 'b': 0.186, 'nu': 0.555}",-1.0,1.0,1001,seir,[],0.01,False,False,iqm,,
2624,524,seir_4_1em2,"{'S': 0.297, 'E': 0.577, 'In': 0.194, 'NN': 0.881}","{'a': 0.44, 'b': 0.186, 'nu': 0.555}",-1.0,1.0,1001,seir,[],0.01,True,True,amigo2,"[['a', '6.3320e-01'], ['b', '1.4642e+00'], ['nu', '6.3320e-01'], ['S', '3.5452e-01'], ['E', '5.7373e-01'], ['In', '1.9361e-01'], ['NN', '8.8113e-01']]",328.60748195648193
2625,525,seir_5_1em2,"{'S': 0.3, 'E': 0.487, 'In': 0.132, 'NN': 0.612}","{'a': 0.846, 'b': 0.413, 'nu': 0.294}",-1.0,1.0,1001,seir,[],0.01,False,False,pe,,
2626,525,seir_5_1em2,"{'S': 0.3, 'E': 0.487, 'In': 0.132, 'NN': 0.612}","{'a': 0.846, 'b': 0.413, 'nu': 0.294}",-1.0,1.0,1001,seir,[],0.01,False,False,odepe,,
2627,525,seir_5_1em2,"{'S': 0.3, 'E': 0.487, 'In': 0.132, 'NN': 0.612}","{'a': 0.846, 'b': 0.413, 'nu': 0.294}",-1.0,1.0,1001,seir,[],0.01,True,True,sciml,"[['a', '99.99999999997094'], ['b', '4.619615386963966'], ['nu', '0.1855406835627948'], ['S', '28.81753863290205'], ['E', '71.43179762279955'], ['In', '0.13286295155956918'], ['NN', '0.6120666443736688']]",205.00891184806824
2628,525,seir_5_1em2,"{'S': 0.3, 'E': 0.487, 'In': 0.132, 'NN': 0.612}","{'a': 0.846, 'b': 0.413, 'nu': 0.294}",-1.0,1.0,1001,seir,[],0.01,False,False,iqm,,
2629,525,seir_5_1em2,"{'S': 0.3, 'E': 0.487, 'In': 0.132, 'NN': 0.612}","{'a': 0.846, 'b': 0.413, 'nu': 0.294}",-1.0,1.0,1001,seir,[],0.01,True,True,amigo2,"[['a', '5.6371e+00'], ['b', '4.0166e+00'], ['nu', '2.0829e-01'], ['S', '1.4331e+00'], ['E', '3.7374e+00'], ['In', '1.3199e-01'], ['NN', '6.1207e-01']]",285.61395287513733
2630,526,seir_6_1em2,"{'S': 0.667, 'E': 0.863, 'In': 0.382, 'NN': 0.818}","{'a': 0.427, 'b': 0.402, 'nu': 0.747}",-1.0,1.0,1001,seir,[],0.01,False,False,pe,,
2631,526,seir_6_1em2,"{'S': 0.667, 'E': 0.863, 'In': 0.382, 'NN': 0.818}","{'a': 0.427, 'b': 0.402, 'nu': 0.747}",-1.0,1.0,1001,seir,[],0.01,False,False,odepe,,
2632,526,seir_6_1em2,"{'S': 0.667, 'E': 0.863, 'In': 0.382, 'NN': 0.818}","{'a': 0.427, 'b': 0.402, 'nu': 0.747}",-1.0,1.0,1001,seir,[],0.01,True,True,sciml,"[['a', '0.764530696248091'], ['b', '64.6418782404056'], ['nu', '0.22176378126924365'], ['S', '3.0154839248391804e-10'], ['E', '3.429003686569362'], ['In', '0.3832975301323605'], ['NN', '0.8182862760107166']]",212.93934440612793
2633,526,seir_6_1em2,"{'S': 0.667, 'E': 0.863, 'In': 0.382, 'NN': 0.818}","{'a': 0.427, 'b': 0.402, 'nu': 0.747}",-1.0,1.0,1001,seir,[],0.01,False,False,iqm,,
2634,526,seir_6_1em2,"{'S': 0.667, 'E': 0.863, 'In': 0.382, 'NN': 0.818}","{'a': 0.427, 'b': 0.402, 'nu': 0.747}",-1.0,1.0,1001,seir,[],0.01,True,True,amigo2,"[['a', '1.2336e-01'], ['b', '2.0473e+00'], ['nu', '2.1976e+00'], ['S', '2.3822e-01'], ['E', '2.4509e-01'], ['In', '3.8193e-01'], ['NN', '8.1829e-01']]",281.0123987197876
2635,527,seir_7_1em2,"{'S': 0.331, 'E': 0.8, 'In': 0.19, 'NN': 0.27}","{'a': 0.716, 'b': 0.386, 'nu': 0.597}",-1.0,1.0,1001,seir,[],0.01,False,False,pe,,
2636,527,seir_7_1em2,"{'S': 0.331, 'E': 0.8, 'In': 0.19, 'NN': 0.27}","{'a': 0.716, 'b': 0.386, 'nu': 0.597}",-1.0,1.0,1001,seir,[],0.01,False,False,odepe,,
2637,527,seir_7_1em2,"{'S': 0.331, 'E': 0.8, 'In': 0.19, 'NN': 0.27}","{'a': 0.716, 'b': 0.386, 'nu': 0.597}",-1.0,1.0,1001,seir,[],0.01,True,True,sciml,"[['a', '0.723080915585811'], ['b', '0.43606104287617403'], ['nu', '0.7230778878920152'], ['S', '0.42285990598741724'], ['E', '0.6683639492415921'], ['In', '0.18900335062429954'], ['NN', '0.27011292524289315']]",248.53266072273254
2638,527,seir_7_1em2,"{'S': 0.331, 'E': 0.8, 'In': 0.19, 'NN': 0.27}","{'a': 0.716, 'b': 0.386, 'nu': 0.597}",-1.0,1.0,1001,seir,[],0.01,False,False,iqm,,
2639,527,seir_7_1em2,"{'S': 0.331, 'E': 0.8, 'In': 0.19, 'NN': 0.27}","{'a': 0.716, 'b': 0.386, 'nu': 0.597}",-1.0,1.0,1001,seir,[],0.01,True,True,amigo2,"[['a', '7.2308e-01'], ['b', '4.3606e-01'], ['nu', '7.2308e-01'], ['S', '4.2286e-01'], ['E', '6.6836e-01'], ['In', '1.8900e-01'], ['NN', '2.7011e-01']]",299.6332573890686
2640,528,seir_8_1em2,"{'S': 0.522, 'E': 0.49, 'In': 0.1, 'NN': 0.44}","{'a': 0.246, 'b': 0.422, 'nu': 0.696}",-1.0,1.0,1001,seir,[],0.01,False,False,pe,,
2641,528,seir_8_1em2,"{'S': 0.522, 'E': 0.49, 'In': 0.1, 'NN': 0.44}","{'a': 0.246, 'b': 0.422, 'nu': 0.696}",-1.0,1.0,1001,seir,[],0.01,False,False,odepe,,
2642,528,seir_8_1em2,"{'S': 0.522, 'E': 0.49, 'In': 0.1, 'NN': 0.44}","{'a': 0.246, 'b': 0.422, 'nu': 0.696}",-1.0,1.0,1001,seir,[],0.01,True,True,sciml,"[['a', '0.7134986491899222'], ['b', '71.42057752661064'], ['nu', '0.003731493169049977'], ['S', '1.3154568852447505e-11'], ['E', '99.99999999940746'], ['In', '0.10194793004335773'], ['NN', '0.43989306266074013']]",210.08584856987
2643,528,seir_8_1em2,"{'S': 0.522, 'E': 0.49, 'In': 0.1, 'NN': 0.44}","{'a': 0.246, 'b': 0.422, 'nu': 0.696}",-1.0,1.0,1001,seir,[],0.01,False,False,iqm,,
2644,528,seir_8_1em2,"{'S': 0.522, 'E': 0.49, 'In': 0.1, 'NN': 0.44}","{'a': 0.246, 'b': 0.422, 'nu': 0.696}",-1.0,1.0,1001,seir,[],0.01,True,True,amigo2,"[['a', '4.8677e-01'], ['b', '2.8683e-01'], ['nu', '4.8676e-01'], ['S', '1.3402e+00'], ['E', '7.5521e-01'], ['In', '9.9776e-02'], ['NN', '4.3989e-01']]",331.9054443836212
2645,529,seir_9_1em2,"{'S': 0.272, 'E': 0.787, 'In': 0.742, 'NN': 0.227}","{'a': 0.151, 'b': 0.267, 'nu': 0.846}",-1.0,1.0,1001,seir,[],0.01,False,False,pe,,
2646,529,seir_9_1em2,"{'S': 0.272, 'E': 0.787, 'In': 0.742, 'NN': 0.227}","{'a': 0.151, 'b': 0.267, 'nu': 0.846}",-1.0,1.0,1001,seir,[],0.01,False,False,odepe,,
2647,529,seir_9_1em2,"{'S': 0.272, 'E': 0.787, 'In': 0.742, 'NN': 0.227}","{'a': 0.151, 'b': 0.267, 'nu': 0.846}",-1.0,1.0,1001,seir,[],0.01,True,True,sciml,"[['a', '0.32317750488393426'], ['b', '95.27226162992083'], ['nu', '0.3218139431355427'], ['S', '2.4668654477548952'], ['E', '1.3493189569199582e-11'], ['In', '0.7435655118684615'], ['NN', '0.2271352630231286']]",236.0910587310791
2648,529,seir_9_1em2,"{'S': 0.272, 'E': 0.787, 'In': 0.742, 'NN': 0.227}","{'a': 0.151, 'b': 0.267, 'nu': 0.846}",-1.0,1.0,1001,seir,[],0.01,False,False,iqm,,
2649,529,seir_9_1em2,"{'S': 0.272, 'E': 0.787, 'In': 0.742, 'NN': 0.227}","{'a': 0.151, 'b': 0.267, 'nu': 0.846}",-1.0,1.0,1001,seir,[],0.01,True,True,amigo2,"[['a', '4.7982e-01'], ['b', '1.1307e-01'], ['nu', '4.7982e-01'], ['S', '1.2939e+00'], ['E', '1.9067e+00'], ['In', '7.4113e-01'], ['NN', '2.2714e-01']]",234.77419137954712
2650,530,vanderpol_0_1em2,"{'x1': 0.682, 'x2': 0.61}","{'a': 0.585, 'b': 0.193}",-1.0,1.0,1001,vanderpol,[],0.01,False,False,pe,,
2651,530,vanderpol_0_1em2,"{'x1': 0.682, 'x2': 0.61}","{'a': 0.585, 'b': 0.193}",-1.0,1.0,1001,vanderpol,[],0.01,False,False,odepe,,
2652,530,vanderpol_0_1em2,"{'x1': 0.682, 'x2': 0.61}","{'a': 0.585, 'b': 0.193}",-1.0,1.0,1001,vanderpol,[],0.01,True,True,sciml,"[['a', '1.9509135593526905e-15'], ['b', '99.99999999997407'], ['x1', '1.0023212806924255'], ['x2', '0.8838852345258333']]",199.55142736434937
2653,530,vanderpol_0_1em2,"{'x1': 0.682, 'x2': 0.61}","{'a': 0.585, 'b': 0.193}",-1.0,1.0,1001,vanderpol,[],0.01,False,False,iqm,,
2654,530,vanderpol_0_1em2,"{'x1': 0.682, 'x2': 0.61}","{'a': 0.585, 'b': 0.193}",-1.0,1.0,1001,vanderpol,[],0.01,True,True,amigo2,"[['a', '5.8727e-01'], ['b', '1.8981e-01'], ['x1', '6.8170e-01'], ['x2', '6.1034e-01']]",314.8929500579834
2655,531,vanderpol_1_1em2,"{'x1': 0.832, 'x2': 0.139}","{'a': 0.75, 'b': 0.484}",-1.0,1.0,1001,vanderpol,[],0.01,False,False,pe,,
2656,531,vanderpol_1_1em2,"{'x1': 0.832, 'x2': 0.139}","{'a': 0.75, 'b': 0.484}",-1.0,1.0,1001,vanderpol,[],0.01,False,False,odepe,,
2657,531,vanderpol_1_1em2,"{'x1': 0.832, 'x2': 0.139}","{'a': 0.75, 'b': 0.484}",-1.0,1.0,1001,vanderpol,[],0.01,True,True,sciml,"[['a', '0.0008925174804244232'], ['b', '99.99999999999999'], ['x1', '1.0017462685920993'], ['x2', '0.1963109952537433']]",236.857319355011
2658,531,vanderpol_1_1em2,"{'x1': 0.832, 'x2': 0.139}","{'a': 0.75, 'b': 0.484}",-1.0,1.0,1001,vanderpol,[],0.01,False,False,iqm,,
2659,531,vanderpol_1_1em2,"{'x1': 0.832, 'x2': 0.139}","{'a': 0.75, 'b': 0.484}",-1.0,1.0,1001,vanderpol,[],0.01,True,True,amigo2,"[['a', '7.5024e-01'], ['b', '4.8298e-01'], ['x1', '8.3231e-01'], ['x2', '1.3889e-01']]",494.17891359329224
2660,532,vanderpol_2_1em2,"{'x1': 0.434, 'x2': 0.238}","{'a': 0.334, 'b': 0.672}",-1.0,1.0,1001,vanderpol,[],0.01,False,False,pe,,
2661,532,vanderpol_2_1em2,"{'x1': 0.434, 'x2': 0.238}","{'a': 0.334, 'b': 0.672}",-1.0,1.0,1001,vanderpol,[],0.01,False,False,odepe,,
2662,532,vanderpol_2_1em2,"{'x1': 0.434, 'x2': 0.238}","{'a': 0.334, 'b': 0.672}",-1.0,1.0,1001,vanderpol,[],0.01,True,True,sciml,"[['a', '0.028818454002429997'], ['b', '99.99999999999999'], ['x1', '1.0124043357821424'], ['x2', '0.5829601992166634']]",681.894660949707
2663,532,vanderpol_2_1em2,"{'x1': 0.434, 'x2': 0.238}","{'a': 0.334, 'b': 0.672}",-1.0,1.0,1001,vanderpol,[],0.01,False,False,iqm,,
2664,532,vanderpol_2_1em2,"{'x1': 0.434, 'x2': 0.238}","{'a': 0.334, 'b': 0.672}",-1.0,1.0,1001,vanderpol,[],0.01,True,True,amigo2,"[['a', '3.3497e-01'], ['b', '6.7173e-01'], ['x1', '4.3392e-01'], ['x2', '2.3796e-01']]",598.1788015365601
2665,533,vanderpol_3_1em2,"{'x1': 0.479, 'x2': 0.806}","{'a': 0.186, 'b': 0.754}",-1.0,1.0,1001,vanderpol,[],0.01,False,False,pe,,
2666,533,vanderpol_3_1em2,"{'x1': 0.479, 'x2': 0.806}","{'a': 0.186, 'b': 0.754}",-1.0,1.0,1001,vanderpol,[],0.01,False,False,odepe,,
2667,533,vanderpol_3_1em2,"{'x1': 0.479, 'x2': 0.806}","{'a': 0.186, 'b': 0.754}",-1.0,1.0,1001,vanderpol,[],0.01,True,True,sciml,"[['a', '1.4999945278346832e-11'], ['b', '99.99999999914398'], ['x1', '1.0481725877786698'], ['x2', '1.6930693201114924']]",160.4984748363495
2668,533,vanderpol_3_1em2,"{'x1': 0.479, 'x2': 0.806}","{'a': 0.186, 'b': 0.754}",-1.0,1.0,1001,vanderpol,[],0.01,False,False,iqm,,
2669,533,vanderpol_3_1em2,"{'x1': 0.479, 'x2': 0.806}","{'a': 0.186, 'b': 0.754}",-1.0,1.0,1001,vanderpol,[],0.01,True,True,amigo2,"[['a', '1.8588e-01'], ['b', '7.5565e-01'], ['x1', '4.7930e-01'], ['x2', '8.0550e-01']]",267.1055386066437
2670,534,vanderpol_4_1em2,"{'x1': 0.399, 'x2': 0.513}","{'a': 0.687, 'b': 0.428}",-1.0,1.0,1001,vanderpol,[],0.01,False,False,pe,,
2671,534,vanderpol_4_1em2,"{'x1': 0.399, 'x2': 0.513}","{'a': 0.687, 'b': 0.428}",-1.0,1.0,1001,vanderpol,[],0.01,False,False,odepe,,
2672,534,vanderpol_4_1em2,"{'x1': 0.399, 'x2': 0.513}","{'a': 0.687, 'b': 0.428}",-1.0,1.0,1001,vanderpol,[],0.01,True,True,sciml,"[['a', '0.6883706638749889'], ['b', '0.427640359982045'], ['x1', '0.39874955451189714'], ['x2', '0.513069421495583']]",171.1992325782776
2673,534,vanderpol_4_1em2,"{'x1': 0.399, 'x2': 0.513}","{'a': 0.687, 'b': 0.428}",-1.0,1.0,1001,vanderpol,[],0.01,False,False,iqm,,
2674,534,vanderpol_4_1em2,"{'x1': 0.399, 'x2': 0.513}","{'a': 0.687, 'b': 0.428}",-1.0,1.0,1001,vanderpol,[],0.01,True,True,amigo2,"[['a', '6.8837e-01'], ['b', '4.2764e-01'], ['x1', '3.9875e-01'], ['x2', '5.1307e-01']]",540.2086789608002
2675,535,vanderpol_5_1em2,"{'x1': 0.104, 'x2': 0.655}","{'a': 0.811, 'b': 0.69}",-1.0,1.0,1001,vanderpol,[],0.01,False,False,pe,,
2676,535,vanderpol_5_1em2,"{'x1': 0.104, 'x2': 0.655}","{'a': 0.811, 'b': 0.69}",-1.0,1.0,1001,vanderpol,[],0.01,False,False,odepe,,
2677,535,vanderpol_5_1em2,"{'x1': 0.104, 'x2': 0.655}","{'a': 0.811, 'b': 0.69}",-1.0,1.0,1001,vanderpol,[],0.01,True,True,sciml,"[['a', '1.5821184154638984e-11'], ['b', '99.99999999905599'], ['x1', '1.0508885241785415'], ['x2', '1.4535905513998684']]",205.07627534866333
2678,535,vanderpol_5_1em2,"{'x1': 0.104, 'x2': 0.655}","{'a': 0.811, 'b': 0.69}",-1.0,1.0,1001,vanderpol,[],0.01,False,False,iqm,,
2679,535,vanderpol_5_1em2,"{'x1': 0.104, 'x2': 0.655}","{'a': 0.811, 'b': 0.69}",-1.0,1.0,1001,vanderpol,[],0.01,True,True,amigo2,"[['a', '8.1068e-01'], ['b', '6.8855e-01'], ['x1', '1.0391e-01'], ['x2', '6.5549e-01']]",276.82887959480286
2680,536,vanderpol_6_1em2,"{'x1': 0.242, 'x2': 0.487}","{'a': 0.836, 'b': 0.668}",-1.0,1.0,1001,vanderpol,[],0.01,False,False,pe,,
2681,536,vanderpol_6_1em2,"{'x1': 0.242, 'x2': 0.487}","{'a': 0.836, 'b': 0.668}",-1.0,1.0,1001,vanderpol,[],0.01,False,False,odepe,,
2682,536,vanderpol_6_1em2,"{'x1': 0.242, 'x2': 0.487}","{'a': 0.836, 'b': 0.668}",-1.0,1.0,1001,vanderpol,[],0.01,True,True,sciml,"[['a', '0.8359796469298353'], ['b', '0.6692225215763363'], ['x1', '0.24224251567779437'], ['x2', '0.48693952033187066']]",157.80271220207214
2683,536,vanderpol_6_1em2,"{'x1': 0.242, 'x2': 0.487}","{'a': 0.836, 'b': 0.668}",-1.0,1.0,1001,vanderpol,[],0.01,False,False,iqm,,
2684,536,vanderpol_6_1em2,"{'x1': 0.242, 'x2': 0.487}","{'a': 0.836, 'b': 0.668}",-1.0,1.0,1001,vanderpol,[],0.01,True,True,amigo2,"[['a', '8.3598e-01'], ['b', '6.6922e-01'], ['x1', '2.4224e-01'], ['x2', '4.8694e-01']]",458.0824384689331
2685,537,vanderpol_7_1em2,"{'x1': 0.85, 'x2': 0.839}","{'a': 0.212, 'b': 0.387}",-1.0,1.0,1001,vanderpol,[],0.01,False,False,pe,,
2686,537,vanderpol_7_1em2,"{'x1': 0.85, 'x2': 0.839}","{'a': 0.212, 'b': 0.387}",-1.0,1.0,1001,vanderpol,[],0.01,False,False,odepe,,
2687,537,vanderpol_7_1em2,"{'x1': 0.85, 'x2': 0.839}","{'a': 0.212, 'b': 0.387}",-1.0,1.0,1001,vanderpol,[],0.01,True,True,sciml,"[['a', '0.2111636678749254'], ['b', '0.37700656565245083'], ['x1', '0.8500222930464824'], ['x2', '0.8394655219456894']]",148.36950254440308
2688,537,vanderpol_7_1em2,"{'x1': 0.85, 'x2': 0.839}","{'a': 0.212, 'b': 0.387}",-1.0,1.0,1001,vanderpol,[],0.01,False,False,iqm,,
2689,537,vanderpol_7_1em2,"{'x1': 0.85, 'x2': 0.839}","{'a': 0.212, 'b': 0.387}",-1.0,1.0,1001,vanderpol,[],0.01,True,True,amigo2,"[['a', '2.1116e-01'], ['b', '3.7701e-01'], ['x1', '8.5002e-01'], ['x2', '8.3947e-01']]",355.76662278175354
2690,538,vanderpol_8_1em2,"{'x1': 0.58, 'x2': 0.871}","{'a': 0.326, 'b': 0.372}",-1.0,1.0,1001,vanderpol,[],0.01,False,False,pe,,
2691,538,vanderpol_8_1em2,"{'x1': 0.58, 'x2': 0.871}","{'a': 0.326, 'b': 0.372}",-1.0,1.0,1001,vanderpol,[],0.01,False,False,odepe,,
2692,538,vanderpol_8_1em2,"{'x1': 0.58, 'x2': 0.871}","{'a': 0.326, 'b': 0.372}",-1.0,1.0,1001,vanderpol,[],0.01,True,True,sciml,"[['a', '0.3255387688534025'], ['b', '0.37188236068959923'], ['x1', '0.5801793527488884'], ['x2', '0.8710206149564296']]",153.80698657035828
2693,538,vanderpol_8_1em2,"{'x1': 0.58, 'x2': 0.871}","{'a': 0.326, 'b': 0.372}",-1.0,1.0,1001,vanderpol,[],0.01,False,False,iqm,,
2694,538,vanderpol_8_1em2,"{'x1': 0.58, 'x2': 0.871}","{'a': 0.326, 'b': 0.372}",-1.0,1.0,1001,vanderpol,[],0.01,True,True,amigo2,"[['a', '3.2554e-01'], ['b', '3.7188e-01'], ['x1', '5.8018e-01'], ['x2', '8.7102e-01']]",273.2134578227997
2695,539,vanderpol_9_1em2,"{'x1': 0.799, 'x2': 0.494}","{'a': 0.218, 'b': 0.306}",-1.0,1.0,1001,vanderpol,[],0.01,False,False,pe,,
2696,539,vanderpol_9_1em2,"{'x1': 0.799, 'x2': 0.494}","{'a': 0.218, 'b': 0.306}",-1.0,1.0,1001,vanderpol,[],0.01,False,False,odepe,,
2697,539,vanderpol_9_1em2,"{'x1': 0.799, 'x2': 0.494}","{'a': 0.218, 'b': 0.306}",-1.0,1.0,1001,vanderpol,[],0.01,True,True,sciml,"[['a', '0.0015783723740202943'], ['b', '99.99999999997762'], ['x1', '1.0017987666686097'], ['x2', '0.6646301907118697']]",188.42140078544617
2698,539,vanderpol_9_1em2,"{'x1': 0.799, 'x2': 0.494}","{'a': 0.218, 'b': 0.306}",-1.0,1.0,1001,vanderpol,[],0.01,False,False,iqm,,
2699,539,vanderpol_9_1em2,"{'x1': 0.799, 'x2': 0.494}","{'a': 0.218, 'b': 0.306}",-1.0,1.0,1001,vanderpol,[],0.01,True,True,amigo2,"[['a', '2.1709e-01'], ['b', '2.9989e-01'], ['x1', '7.9909e-01'], ['x2', '4.9377e-01']]",649.1910467147827
2700,540,slowfast_0_1em2,"{'xA': 0.361, 'xB': 0.353, 'xC': 0.458, 'eA': 0.446, 'eC': 0.386}","{'k1': 0.819, 'k2': 0.248, 'eB': 0.526}",-1.0,1.0,1001,slowfast,[],0.01,False,False,pe,,
2701,540,slowfast_0_1em2,"{'xA': 0.361, 'xB': 0.353, 'xC': 0.458, 'eA': 0.446, 'eC': 0.386}","{'k1': 0.819, 'k2': 0.248, 'eB': 0.526}",-1.0,1.0,1001,slowfast,[],0.01,False,False,odepe,,
2702,540,slowfast_0_1em2,"{'xA': 0.361, 'xB': 0.353, 'xC': 0.458, 'eA': 0.446, 'eC': 0.386}","{'k1': 0.819, 'k2': 0.248, 'eB': 0.526}",-1.0,1.0,1001,slowfast,[],0.01,True,True,sciml,"[['k1', '0.2382925350591215'], ['k2', '0.8984821690873691'], ['eB', '0.726981645726641'], ['xA', '0.6208068412260828'], ['xB', '0.09592444065868146'], ['xC', '0.45837457168704454'], ['eA', '0.44582130958823435'], ['eC', '0.38569237557554']]",152.90669536590576
2703,540,slowfast_0_1em2,"{'xA': 0.361, 'xB': 0.353, 'xC': 0.458, 'eA': 0.446, 'eC': 0.386}","{'k1': 0.819, 'k2': 0.248, 'eB': 0.526}",-1.0,1.0,1001,slowfast,[],0.01,False,False,iqm,,
2704,540,slowfast_0_1em2,"{'xA': 0.361, 'xB': 0.353, 'xC': 0.458, 'eA': 0.446, 'eC': 0.386}","{'k1': 0.819, 'k2': 0.248, 'eB': 0.526}",-1.0,1.0,1001,slowfast,[],0.01,True,True,amigo2,"[['k1', '8.9848e-01'], ['k2', '2.3829e-01'], ['eB', '5.2039e-01'], ['xA', '3.5505e-01'], ['xB', '3.6168e-01'], ['xC', '4.5837e-01'], ['eA', '4.4582e-01'], ['eC', '3.8569e-01']]",437.5968656539917
2705,541,slowfast_1_1em2,"{'xA': 0.332, 'xB': 0.562, 'xC': 0.723, 'eA': 0.736, 'eC': 0.376}","{'k1': 0.832, 'k2': 0.685, 'eB': 0.682}",-1.0,1.0,1001,slowfast,[],0.01,False,False,pe,,
2706,541,slowfast_1_1em2,"{'xA': 0.332, 'xB': 0.562, 'xC': 0.723, 'eA': 0.736, 'eC': 0.376}","{'k1': 0.832, 'k2': 0.685, 'eB': 0.682}",-1.0,1.0,1001,slowfast,[],0.01,False,False,odepe,,
2707,541,slowfast_1_1em2,"{'xA': 0.332, 'xB': 0.562, 'xC': 0.723, 'eA': 0.736, 'eC': 0.376}","{'k1': 0.832, 'k2': 0.685, 'eB': 0.682}",-1.0,1.0,1001,slowfast,[],0.01,True,True,sciml,"[['k1', '0.7441026040444878'], ['k2', '0.7441032640131008'], ['eB', '0.6819851372601907'], ['xA', '0.3683957587803678'], ['xB', '0.5238421523813412'], ['xC', '0.7222712807659915'], ['eA', '0.7359522918906992'], ['eC', '0.3760667478836877']]",231.8942837715149
2708,541,slowfast_1_1em2,"{'xA': 0.332, 'xB': 0.562, 'xC': 0.723, 'eA': 0.736, 'eC': 0.376}","{'k1': 0.832, 'k2': 0.685, 'eB': 0.682}",-1.0,1.0,1001,slowfast,[],0.01,False,False,iqm,,
2709,541,slowfast_1_1em2,"{'xA': 0.332, 'xB': 0.562, 'xC': 0.723, 'eA': 0.736, 'eC': 0.376}","{'k1': 0.832, 'k2': 0.685, 'eB': 0.682}",-1.0,1.0,1001,slowfast,[],0.01,True,True,amigo2,"[['k1', '7.4410e-01'], ['k2', '7.4410e-01'], ['eB', '6.8199e-01'], ['xA', '3.6840e-01'], ['xB', '5.2384e-01'], ['xC', '7.2227e-01'], ['eA', '7.3595e-01'], ['eC', '3.7607e-01']]",596.0070490837097
2710,542,slowfast_2_1em2,"{'xA': 0.793, 'xB': 0.453, 'xC': 0.489, 'eA': 0.459, 'eC': 0.554}","{'k1': 0.717, 'k2': 0.689, 'eB': 0.213}",-1.0,1.0,1001,slowfast,[],0.01,False,False,pe,,
2711,542,slowfast_2_1em2,"{'xA': 0.793, 'xB': 0.453, 'xC': 0.489, 'eA': 0.459, 'eC': 0.554}","{'k1': 0.717, 'k2': 0.689, 'eB': 0.213}",-1.0,1.0,1001,slowfast,[],0.01,False,False,odepe,,
2712,542,slowfast_2_1em2,"{'xA': 0.793, 'xB': 0.453, 'xC': 0.489, 'eA': 0.459, 'eC': 0.554}","{'k1': 0.717, 'k2': 0.689, 'eB': 0.213}",-1.0,1.0,1001,slowfast,[],0.01,True,True,sciml,"[['k1', '0.7032249208244252'], ['k2', '0.7032249190745916'], ['eB', '0.21442146214658533'], ['xA', '0.7925077637695548'], ['xB', '0.4465568735864442'], ['xC', '0.4888787341064488'], ['eA', '0.4589042952475434'], ['eC', '0.5537965216582866']]",230.9797718524933
2713,542,slowfast_2_1em2,"{'xA': 0.793, 'xB': 0.453, 'xC': 0.489, 'eA': 0.459, 'eC': 0.554}","{'k1': 0.717, 'k2': 0.689, 'eB': 0.213}",-1.0,1.0,1001,slowfast,[],0.01,False,False,iqm,,
2714,542,slowfast_2_1em2,"{'xA': 0.793, 'xB': 0.453, 'xC': 0.489, 'eA': 0.459, 'eC': 0.554}","{'k1': 0.717, 'k2': 0.689, 'eB': 0.213}",-1.0,1.0,1001,slowfast,[],0.01,True,True,amigo2,"[['k1', '7.0322e-01'], ['k2', '7.0322e-01'], ['eB', '2.1442e-01'], ['xA', '7.9251e-01'], ['xB', '4.4656e-01'], ['xC', '4.8888e-01'], ['eA', '4.5890e-01'], ['eC', '5.5380e-01']]",841.2563397884369
2715,543,slowfast_3_1em2,"{'xA': 0.602, 'xB': 0.421, 'xC': 0.433, 'eA': 0.749, 'eC': 0.379}","{'k1': 0.597, 'k2': 0.499, 'eB': 0.793}",-1.0,1.0,1001,slowfast,[],0.01,False,False,pe,,
2716,543,slowfast_3_1em2,"{'xA': 0.602, 'xB': 0.421, 'xC': 0.433, 'eA': 0.749, 'eC': 0.379}","{'k1': 0.597, 'k2': 0.499, 'eB': 0.793}",-1.0,1.0,1001,slowfast,[],0.01,False,False,odepe,,
2717,543,slowfast_3_1em2,"{'xA': 0.602, 'xB': 0.421, 'xC': 0.433, 'eA': 0.749, 'eC': 0.379}","{'k1': 0.597, 'k2': 0.499, 'eB': 0.793}",-1.0,1.0,1001,slowfast,[],0.01,True,False,sciml,,227.16142630577087
2718,543,slowfast_3_1em2,"{'xA': 0.602, 'xB': 0.421, 'xC': 0.433, 'eA': 0.749, 'eC': 0.379}","{'k1': 0.597, 'k2': 0.499, 'eB': 0.793}",-1.0,1.0,1001,slowfast,[],0.01,False,False,iqm,,
2719,543,slowfast_3_1em2,"{'xA': 0.602, 'xB': 0.421, 'xC': 0.433, 'eA': 0.749, 'eC': 0.379}","{'k1': 0.597, 'k2': 0.499, 'eB': 0.793}",-1.0,1.0,1001,slowfast,[],0.01,True,True,amigo2,"[['k1', '5.4871e-01'], ['k2', '5.4871e-01'], ['eB', '7.9295e-01'], ['xA', '6.4866e-01'], ['xB', '3.7627e-01'], ['xC', '4.3380e-01'], ['eA', '7.4885e-01'], ['eC', '3.7909e-01']]",589.6050012111664
2720,544,slowfast_4_1em2,"{'xA': 0.835, 'xB': 0.196, 'xC': 0.368, 'eA': 0.24, 'eC': 0.193}","{'k1': 0.269, 'k2': 0.148, 'eB': 0.801}",-1.0,1.0,1001,slowfast,[],0.01,False,False,pe,,
2721,544,slowfast_4_1em2,"{'xA': 0.835, 'xB': 0.196, 'xC': 0.368, 'eA': 0.24, 'eC': 0.193}","{'k1': 0.269, 'k2': 0.148, 'eB': 0.801}",-1.0,1.0,1001,slowfast,[],0.01,False,False,odepe,,
2722,544,slowfast_4_1em2,"{'xA': 0.835, 'xB': 0.196, 'xC': 0.368, 'eA': 0.24, 'eC': 0.193}","{'k1': 0.269, 'k2': 0.148, 'eB': 0.801}",-1.0,1.0,1001,slowfast,[],0.01,True,True,sciml,"[['k1', '0.1616256973201935'], ['k2', '0.24065350511048872'], ['eB', '1.1475940410523053'], ['xA', '0.9124438335861681'], ['xB', '0.12142332327093755'], ['xC', '0.3680314354433904'], ['eA', '0.2400993901222656'], ['eC', '0.19304251321420682']]",233.55711555480957
2723,544,slowfast_4_1em2,"{'xA': 0.835, 'xB': 0.196, 'xC': 0.368, 'eA': 0.24, 'eC': 0.193}","{'k1': 0.269, 'k2': 0.148, 'eB': 0.801}",-1.0,1.0,1001,slowfast,[],0.01,False,False,iqm,,
2724,544,slowfast_4_1em2,"{'xA': 0.835, 'xB': 0.196, 'xC': 0.368, 'eA': 0.24, 'eC': 0.193}","{'k1': 0.269, 'k2': 0.148, 'eB': 0.801}",-1.0,1.0,1001,slowfast,[],0.01,True,True,amigo2,"[['k1', '1.6163e-01'], ['k2', '2.4065e-01'], ['eB', '1.1476e+00'], ['xA', '9.1244e-01'], ['xB', '1.2142e-01'], ['xC', '3.6803e-01'], ['eA', '2.4010e-01'], ['eC', '1.9304e-01']]",574.3164846897125
2725,545,slowfast_5_1em2,"{'xA': 0.177, 'xB': 0.791, 'xC': 0.553, 'eA': 0.394, 'eC': 0.374}","{'k1': 0.82, 'k2': 0.146, 'eB': 0.884}",-1.0,1.0,1001,slowfast,[],0.01,False,False,pe,,
2726,545,slowfast_5_1em2,"{'xA': 0.177, 'xB': 0.791, 'xC': 0.553, 'eA': 0.394, 'eC': 0.374}","{'k1': 0.82, 'k2': 0.146, 'eB': 0.884}",-1.0,1.0,1001,slowfast,[],0.01,False,False,odepe,,
2727,545,slowfast_5_1em2,"{'xA': 0.177, 'xB': 0.791, 'xC': 0.553, 'eA': 0.394, 'eC': 0.374}","{'k1': 0.82, 'k2': 0.146, 'eB': 0.884}",-1.0,1.0,1001,slowfast,[],0.01,True,True,sciml,"[['k1', '0.15464619281732536'], ['k2', '0.748608868325533'], ['eB', '3.0155760218043186'], ['xA', '0.7784085602692398'], ['xB', '0.15314520936236622'], ['xC', '0.5534506621791618'], ['eA', '0.3940094381804217'], ['eC', '0.37398371392203633']]",238.12842464447021
2728,545,slowfast_5_1em2,"{'xA': 0.177, 'xB': 0.791, 'xC': 0.553, 'eA': 0.394, 'eC': 0.374}","{'k1': 0.82, 'k2': 0.146, 'eB': 0.884}",-1.0,1.0,1001,slowfast,[],0.01,False,False,iqm,,
2729,545,slowfast_5_1em2,"{'xA': 0.177, 'xB': 0.791, 'xC': 0.553, 'eA': 0.394, 'eC': 0.374}","{'k1': 0.82, 'k2': 0.146, 'eB': 0.884}",-1.0,1.0,1001,slowfast,[],0.01,True,True,amigo2,"[['k1', '7.4861e-01'], ['k2', '1.5465e-01'], ['eB', '9.3557e-01'], ['xA', '1.9021e-01'], ['xB', '7.4134e-01'], ['xC', '5.5345e-01'], ['eA', '3.9401e-01'], ['eC', '3.7398e-01']]",402.16456866264343
2730,546,slowfast_6_1em2,"{'xA': 0.514, 'xB': 0.488, 'xC': 0.821, 'eA': 0.544, 'eC': 0.761}","{'k1': 0.706, 'k2': 0.352, 'eB': 0.626}",-1.0,1.0,1001,slowfast,[],0.01,False,False,pe,,
2731,546,slowfast_6_1em2,"{'xA': 0.514, 'xB': 0.488, 'xC': 0.821, 'eA': 0.544, 'eC': 0.761}","{'k1': 0.706, 'k2': 0.352, 'eB': 0.626}",-1.0,1.0,1001,slowfast,[],0.01,False,False,odepe,,
2732,546,slowfast_6_1em2,"{'xA': 0.514, 'xB': 0.488, 'xC': 0.821, 'eA': 0.544, 'eC': 0.761}","{'k1': 0.706, 'k2': 0.352, 'eB': 0.626}",-1.0,1.0,1001,slowfast,[],0.01,True,True,sciml,"[['k1', '0.31281129754854214'], ['k2', '0.9116695014458099'], ['eB', '0.7287941073948321'], ['xA', '0.8298365863045188'], ['xB', '0.18218876632096628'], ['xC', '0.8221634159589652'], ['eA', '0.5439021010954201'], ['eC', '0.7610900953598725']]",233.42810201644897
2733,546,slowfast_6_1em2,"{'xA': 0.514, 'xB': 0.488, 'xC': 0.821, 'eA': 0.544, 'eC': 0.761}","{'k1': 0.706, 'k2': 0.352, 'eB': 0.626}",-1.0,1.0,1001,slowfast,[],0.01,False,False,iqm,,
2734,546,slowfast_6_1em2,"{'xA': 0.514, 'xB': 0.488, 'xC': 0.821, 'eA': 0.544, 'eC': 0.761}","{'k1': 0.706, 'k2': 0.352, 'eB': 0.626}",-1.0,1.0,1001,slowfast,[],0.01,True,True,amigo2,"[['k1', '3.1281e-01'], ['k2', '9.1167e-01'], ['eB', '7.2879e-01'], ['xA', '8.2984e-01'], ['xB', '1.8219e-01'], ['xC', '8.2216e-01'], ['eA', '5.4390e-01'], ['eC', '7.6109e-01']]",625.3521461486816
2735,547,slowfast_7_1em2,"{'xA': 0.273, 'xB': 0.823, 'xC': 0.134, 'eA': 0.366, 'eC': 0.18}","{'k1': 0.68, 'k2': 0.131, 'eB': 0.718}",-1.0,1.0,1001,slowfast,[],0.01,False,False,pe,,
2736,547,slowfast_7_1em2,"{'xA': 0.273, 'xB': 0.823, 'xC': 0.134, 'eA': 0.366, 'eC': 0.18}","{'k1': 0.68, 'k2': 0.131, 'eB': 0.718}",-1.0,1.0,1001,slowfast,[],0.01,False,False,odepe,,
2737,547,slowfast_7_1em2,"{'xA': 0.273, 'xB': 0.823, 'xC': 0.134, 'eA': 0.366, 'eC': 0.18}","{'k1': 0.68, 'k2': 0.131, 'eB': 0.718}",-1.0,1.0,1001,slowfast,[],0.01,True,True,sciml,"[['k1', '0.10551002447186726'], ['k2', '1.0780589231915738'], ['eB', '2.7511266900251137'], ['xA', '1.139742993948821'], ['xB', '0.09950429170129352'], ['xC', '0.13399869293268885'], ['eA', '0.3659773655734373'], ['eC', '0.1801027512494222']]",237.58983397483826
2738,547,slowfast_7_1em2,"{'xA': 0.273, 'xB': 0.823, 'xC': 0.134, 'eA': 0.366, 'eC': 0.18}","{'k1': 0.68, 'k2': 0.131, 'eB': 0.718}",-1.0,1.0,1001,slowfast,[],0.01,False,False,iqm,,
2739,547,slowfast_7_1em2,"{'xA': 0.273, 'xB': 0.823, 'xC': 0.134, 'eA': 0.366, 'eC': 0.18}","{'k1': 0.68, 'k2': 0.131, 'eB': 0.718}",-1.0,1.0,1001,slowfast,[],0.01,True,True,amigo2,"[['k1', '1.0551e-01'], ['k2', '1.0781e+00'], ['eB', '2.7511e+00'], ['xA', '1.1397e+00'], ['xB', '9.9505e-02'], ['xC', '1.3400e-01'], ['eA', '3.6598e-01'], ['eC', '1.8010e-01']]",474.1980309486389
2740,548,slowfast_8_1em2,"{'xA': 0.221, 'xB': 0.364, 'xC': 0.751, 'eA': 0.212, 'eC': 0.282}","{'k1': 0.48, 'k2': 0.756, 'eB': 0.339}",-1.0,1.0,1001,slowfast,[],0.01,False,False,pe,,
2741,548,slowfast_8_1em2,"{'xA': 0.221, 'xB': 0.364, 'xC': 0.751, 'eA': 0.212, 'eC': 0.282}","{'k1': 0.48, 'k2': 0.756, 'eB': 0.339}",-1.0,1.0,1001,slowfast,[],0.01,False,False,odepe,,
2742,548,slowfast_8_1em2,"{'xA': 0.221, 'xB': 0.364, 'xC': 0.751, 'eA': 0.212, 'eC': 0.282}","{'k1': 0.48, 'k2': 0.756, 'eB': 0.339}",-1.0,1.0,1001,slowfast,[],0.01,True,True,sciml,"[['k1', '0.471612052247261'], ['k2', '96.01948054847159'], ['eB', '15.899635656276615'], ['xA', '0.5856942376951048'], ['xB', '0.002941163971195132'], ['xC', '0.7502164676114403'], ['eA', '0.211962283541481'], ['eC', '0.2819547715370078']]",207.38132429122925
2743,548,slowfast_8_1em2,"{'xA': 0.221, 'xB': 0.364, 'xC': 0.751, 'eA': 0.212, 'eC': 0.282}","{'k1': 0.48, 'k2': 0.756, 'eB': 0.339}",-1.0,1.0,1001,slowfast,[],0.01,False,False,iqm,,
2744,548,slowfast_8_1em2,"{'xA': 0.221, 'xB': 0.364, 'xC': 0.751, 'eA': 0.212, 'eC': 0.282}","{'k1': 0.48, 'k2': 0.756, 'eB': 0.339}",-1.0,1.0,1001,slowfast,[],0.01,True,True,amigo2,"[['k1', '5.9700e-01'], ['k2', '5.9700e-01'], ['eB', '3.1533e-01'], ['xA', '1.2305e-01'], ['xB', '4.5583e-01'], ['xC', '7.5141e-01'], ['eA', '2.1196e-01'], ['eC', '2.8202e-01']]",496.7741947174072
2745,549,slowfast_9_1em2,"{'xA': 0.349, 'xB': 0.675, 'xC': 0.369, 'eA': 0.682, 'eC': 0.752}","{'k1': 0.155, 'k2': 0.665, 'eB': 0.416}",-1.0,1.0,1001,slowfast,[],0.01,False,False,pe,,
2746,549,slowfast_9_1em2,"{'xA': 0.349, 'xB': 0.675, 'xC': 0.369, 'eA': 0.682, 'eC': 0.752}","{'k1': 0.155, 'k2': 0.665, 'eB': 0.416}",-1.0,1.0,1001,slowfast,[],0.01,False,False,odepe,,
2747,549,slowfast_9_1em2,"{'xA': 0.349, 'xB': 0.675, 'xC': 0.369, 'eA': 0.682, 'eC': 0.752}","{'k1': 0.155, 'k2': 0.665, 'eB': 0.416}",-1.0,1.0,1001,slowfast,[],0.01,True,True,sciml,"[['k1', '0.062339833878362345'], ['k2', '0.5825343713733041'], ['eB', '0.45083748821227554'], ['xA', '0.25640436870115974'], ['xB', '0.7650907610925868'], ['xC', '0.36928605793116404'], ['eA', '0.682551285386604'], ['eC', '0.7517739879245678']]",221.44279432296753
2748,549,slowfast_9_1em2,"{'xA': 0.349, 'xB': 0.675, 'xC': 0.369, 'eA': 0.682, 'eC': 0.752}","{'k1': 0.155, 'k2': 0.665, 'eB': 0.416}",-1.0,1.0,1001,slowfast,[],0.01,False,False,iqm,,
2749,549,slowfast_9_1em2,"{'xA': 0.349, 'xB': 0.675, 'xC': 0.369, 'eA': 0.682, 'eC': 0.752}","{'k1': 0.155, 'k2': 0.665, 'eB': 0.416}",-1.0,1.0,1001,slowfast,[],0.01,True,True,amigo2,"[['k1', '6.2340e-02'], ['k2', '5.8253e-01'], ['eB', '4.5084e-01'], ['xA', '2.5640e-01'], ['xB', '7.6509e-01'], ['xC', '3.6929e-01'], ['eA', '6.8255e-01'], ['eC', '7.5177e-01']]",647.6868951320648
