┌ Warning: Optimization did not converge. RetCode: MaxIters
└ @ ODEParameterEstimation ~/ODEParameterEstimation/src/core/solvers/homotopy_continuation.jl:778
┌ Warning: Optimization did not converge. RetCode: MaxIters
└ @ ODEParameterEstimation ~/ODEParameterEstimation/src/core/solvers/homotopy_continuation.jl:778
┌ Warning: Optimization did not converge. RetCode: MaxIters
└ @ ODEParameterEstimation ~/ODEParameterEstimation/src/core/solvers/homotopy_continuation.jl:778
┌ Warning: Optimization did not converge. RetCode: MaxIters
└ @ ODEParameterEstimation ~/ODEParameterEstimation/src/core/solvers/homotopy_continuation.jl:778
┌ Warning: Optimization did not converge. RetCode: MaxIters
└ @ ODEParameterEstimation ~/ODEParameterEstimation/src/core/solvers/homotopy_continuation.jl:778
┌ Warning: Optimization did not converge. RetCode: MaxIters
└ @ ODEParameterEstimation ~/ODEParameterEstimation/src/core/solvers/homotopy_continuation.jl:778
┌ Warning: Optimization did not converge. RetCode: MaxIters
└ @ ODEParameterEstimation ~/ODEParameterEstimation/src/core/solvers/homotopy_continuation.jl:778
┌ Warning: Optimization did not converge. RetCode: MaxIters
└ @ ODEParameterEstimation ~/ODEParameterEstimation/src/core/solvers/homotopy_continuation.jl:778
┌ Warning: Optimization did not converge. RetCode: MaxIters
└ @ ODEParameterEstimation ~/ODEParameterEstimation/src/core/solvers/homotopy_continuation.jl:778
┌ Warning: Optimization did not converge. RetCode: MaxIters
└ @ ODEParameterEstimation ~/ODEParameterEstimation/src/core/solvers/homotopy_continuation.jl:778
┌ Warning: Optimization did not converge. RetCode: MaxIters
└ @ ODEParameterEstimation ~/ODEParameterEstimation/src/core/solvers/homotopy_continuation.jl:778
┌ Warning: Optimization did not converge. RetCode: MaxIters
└ @ ODEParameterEstimation ~/ODEParameterEstimation/src/core/solvers/homotopy_continuation.jl:778
┌ Warning: At t=-0.8400000020825128, dt was forced below floating point epsilon -8.15843149523751e-17, and step error estimate = 7.59392929104448. Aborting. There is either an error in your model specification or the true solution is unstable (or the true solution can not be represented in the precision of Float64).
└ @ SciMLBase ~/.julia/packages/SciMLBase/VW1cI/src/integrator_interface.jl:623
┌ Warning: At t=-0.8400113562486596, dt was forced below floating point epsilon -1.0624421938888056e-16, and step error estimate = 1.1477093071391753. Aborting. There is either an error in your model specification or the true solution is unstable (or the true solution can not be represented in the precision of Float64).
└ @ SciMLBase ~/.julia/packages/SciMLBase/VW1cI/src/integrator_interface.jl:623
┌ Warning: At t=-0.8432178819042253, dt was forced below floating point epsilon -1.0704584906205543e-16, and step error estimate = 1.0218944885967771. Aborting. There is either an error in your model specification or the true solution is unstable (or the true solution can not be represented in the precision of Float64).
└ @ SciMLBase ~/.julia/packages/SciMLBase/VW1cI/src/integrator_interface.jl:623
┌ Warning: At t=-0.8418500663379017, dt was forced below floating point epsilon -1.001802405754764e-16, and step error estimate = 1.8662610800766233. Aborting. There is either an error in your model specification or the true solution is unstable (or the true solution can not be represented in the precision of Float64).
└ @ SciMLBase ~/.julia/packages/SciMLBase/VW1cI/src/integrator_interface.jl:623
┌ Warning: At t=-0.8564262221510727, dt was forced below floating point epsilon -9.361006968516489e-17, and step error estimate = NaN. Aborting. There is either an error in your model specification or the true solution is unstable (or the true solution can not be represented in the precision of Float64).
└ @ SciMLBase ~/.julia/packages/SciMLBase/VW1cI/src/integrator_interface.jl:623
┌ Warning: At t=-0.8400000018087858, dt was forced below floating point epsilon -1.0935637126074657e-16, and step error estimate = 3.495770463627925. Aborting. There is either an error in your model specification or the true solution is unstable (or the true solution can not be represented in the precision of Float64).
└ @ SciMLBase ~/.julia/packages/SciMLBase/VW1cI/src/integrator_interface.jl:623
┌ Warning: At t=-0.8400066941399803, dt was forced below floating point epsilon -9.866058309337029e-17, and step error estimate = NaN. Aborting. There is either an error in your model specification or the true solution is unstable (or the true solution can not be represented in the precision of Float64).
└ @ SciMLBase ~/.julia/packages/SciMLBase/VW1cI/src/integrator_interface.jl:623
┌ Warning: At t=-0.9099762219713591, dt was forced below floating point epsilon -9.955217833822319e-17, and step error estimate = 1.0375727701414132. Aborting. There is either an error in your model specification or the true solution is unstable (or the true solution can not be represented in the precision of Float64).
└ @ SciMLBase ~/.julia/packages/SciMLBase/VW1cI/src/integrator_interface.jl:623
┌ Warning: At t=-0.886819709484673, dt was forced below floating point epsilon -1.0868391036465625e-16, and step error estimate = 1.042579912812554. Aborting. There is either an error in your model specification or the true solution is unstable (or the true solution can not be represented in the precision of Float64).
└ @ SciMLBase ~/.julia/packages/SciMLBase/VW1cI/src/integrator_interface.jl:623
┌ Warning: At t=-0.844748760214488, dt was forced below floating point epsilon -1.0645240539344658e-16, and step error estimate = 1.1177286055333013. Aborting. There is either an error in your model specification or the true solution is unstable (or the true solution can not be represented in the precision of Float64).
└ @ SciMLBase ~/.julia/packages/SciMLBase/VW1cI/src/integrator_interface.jl:623
┌ Warning: At t=-0.8400011928991689, dt was forced below floating point epsilon -1.0512907154919897e-16, and step error estimate = 1.189736789574172. Aborting. There is either an error in your model specification or the true solution is unstable (or the true solution can not be represented in the precision of Float64).
└ @ SciMLBase ~/.julia/packages/SciMLBase/VW1cI/src/integrator_interface.jl:623
┌ Warning: At t=-0.840000082026394, dt was forced below floating point epsilon -5.119776044144283e-17, and step error estimate = NaN. Aborting. There is either an error in your model specification or the true solution is unstable (or the true solution can not be represented in the precision of Float64).
└ @ SciMLBase ~/.julia/packages/SciMLBase/VW1cI/src/integrator_interface.jl:623
┌ Warning: At t=-0.8541415958443601, dt was forced below floating point epsilon -9.849169393028592e-17, and step error estimate = 1.1548950986051854. Aborting. There is either an error in your model specification or the true solution is unstable (or the true solution can not be represented in the precision of Float64).
└ @ SciMLBase ~/.julia/packages/SciMLBase/VW1cI/src/integrator_interface.jl:623
┌ Warning: At t=-0.8706339664430791, dt was forced below floating point epsilon -1.1081907005532295e-16, and step error estimate = 1.0213823990107642. Aborting. There is either an error in your model specification or the true solution is unstable (or the true solution can not be represented in the precision of Float64).
└ @ SciMLBase ~/.julia/packages/SciMLBase/VW1cI/src/integrator_interface.jl:623
┌ Warning: At t=-0.8864919446862289, dt was forced below floating point epsilon -9.942821793488108e-17, and step error estimate = 1.0505811281401036. Aborting. There is either an error in your model specification or the true solution is unstable (or the true solution can not be represented in the precision of Float64).
└ @ SciMLBase ~/.julia/packages/SciMLBase/VW1cI/src/integrator_interface.jl:623
┌ Warning: At t=-0.8400000098560138, dt was forced below floating point epsilon -1.0109683568390238e-16, and step error estimate = 1.6356320560751447. Aborting. There is either an error in your model specification or the true solution is unstable (or the true solution can not be represented in the precision of Float64).
└ @ SciMLBase ~/.julia/packages/SciMLBase/VW1cI/src/integrator_interface.jl:623
┌ Warning: At t=-0.8400000026550477, dt was forced below floating point epsilon -1.0508956963374263e-16, and step error estimate = 7.685022976468796. Aborting. There is either an error in your model specification or the true solution is unstable (or the true solution can not be represented in the precision of Float64).
└ @ SciMLBase ~/.julia/packages/SciMLBase/VW1cI/src/integrator_interface.jl:623
┌ Warning: At t=-0.8463932676111963, dt was forced below floating point epsilon -9.718770606002038e-17, and step error estimate = 1.3196175740432095. Aborting. There is either an error in your model specification or the true solution is unstable (or the true solution can not be represented in the precision of Float64).
└ @ SciMLBase ~/.julia/packages/SciMLBase/VW1cI/src/integrator_interface.jl:623
┌ Warning: At t=-0.9099762219713591, dt was forced below floating point epsilon -9.955217833822319e-17, and step error estimate = 1.0375727701414132. Aborting. There is either an error in your model specification or the true solution is unstable (or the true solution can not be represented in the precision of Float64).
└ @ SciMLBase ~/.julia/packages/SciMLBase/VW1cI/src/integrator_interface.jl:623
┌ Warning: At t=-0.840000082026394, dt was forced below floating point epsilon -5.119776044144283e-17, and step error estimate = NaN. Aborting. There is either an error in your model specification or the true solution is unstable (or the true solution can not be represented in the precision of Float64).
└ @ SciMLBase ~/.julia/packages/SciMLBase/VW1cI/src/integrator_interface.jl:623
┌ Warning: At t=-0.8568825397563583, dt was forced below floating point epsilon -9.928511018309925e-17, and step error estimate = 1.0658239295039158. Aborting. There is either an error in your model specification or the true solution is unstable (or the true solution can not be represented in the precision of Float64).
└ @ SciMLBase ~/.julia/packages/SciMLBase/VW1cI/src/integrator_interface.jl:623
┌ Warning: At t=-0.8400004607103875, dt was forced below floating point epsilon -9.16995278893919e-17, and step error estimate = 2.377791102111993. Aborting. There is either an error in your model specification or the true solution is unstable (or the true solution can not be represented in the precision of Float64).
└ @ SciMLBase ~/.julia/packages/SciMLBase/VW1cI/src/integrator_interface.jl:623
┌ Warning: At t=-0.8677009053152547, dt was forced below floating point epsilon -9.779786773845718e-17, and step error estimate = 1.2395387185757354. Aborting. There is either an error in your model specification or the true solution is unstable (or the true solution can not be represented in the precision of Float64).
└ @ SciMLBase ~/.julia/packages/SciMLBase/VW1cI/src/integrator_interface.jl:623
┌ Warning: At t=-0.8400057321768829, dt was forced below floating point epsilon -1.0868662200273735e-16, and step error estimate = 1.3153637734627783. Aborting. There is either an error in your model specification or the true solution is unstable (or the true solution can not be represented in the precision of Float64).
└ @ SciMLBase ~/.julia/packages/SciMLBase/VW1cI/src/integrator_interface.jl:623
┌ Warning: At t=-0.9495716552918329, dt was forced below floating point epsilon -9.949582232062154e-17, and step error estimate = 1.0434638217868029. Aborting. There is either an error in your model specification or the true solution is unstable (or the true solution can not be represented in the precision of Float64).
└ @ SciMLBase ~/.julia/packages/SciMLBase/VW1cI/src/integrator_interface.jl:623
┌ Warning: At t=-0.8764716973828172, dt was forced below floating point epsilon -9.878948099729388e-17, and step error estimate = 1.1205362597201476. Aborting. There is either an error in your model specification or the true solution is unstable (or the true solution can not be represented in the precision of Float64).
└ @ SciMLBase ~/.julia/packages/SciMLBase/VW1cI/src/integrator_interface.jl:623
┌ Warning: At t=-0.8880743050737531, dt was forced below floating point epsilon -9.977055805547419e-17, and step error estimate = 1.0150848221590942. Aborting. There is either an error in your model specification or the true solution is unstable (or the true solution can not be represented in the precision of Float64).
└ @ SciMLBase ~/.julia/packages/SciMLBase/VW1cI/src/integrator_interface.jl:623
┌ Warning: At t=-0.8400000012745787, dt was forced below floating point epsilon -8.831879646359992e-17, and step error estimate = 3.7858249535809434. Aborting. There is either an error in your model specification or the true solution is unstable (or the true solution can not be represented in the precision of Float64).
└ @ SciMLBase ~/.julia/packages/SciMLBase/VW1cI/src/integrator_interface.jl:623
┌ Warning: At t=-0.8400000025958385, dt was forced below floating point epsilon -1.0321346737577512e-16, and step error estimate = 1.7789033707803672. Aborting. There is either an error in your model specification or the true solution is unstable (or the true solution can not be represented in the precision of Float64).
└ @ SciMLBase ~/.julia/packages/SciMLBase/VW1cI/src/integrator_interface.jl:623
┌ Warning: At t=-0.8400000004169029, dt was forced below floating point epsilon -1.0796392783264995e-16, and step error estimate = NaN. Aborting. There is either an error in your model specification or the true solution is unstable (or the true solution can not be represented in the precision of Float64).
└ @ SciMLBase ~/.julia/packages/SciMLBase/VW1cI/src/integrator_interface.jl:623
┌ Warning: At t=-0.8400000045185675, dt was forced below floating point epsilon -9.888443772820516e-17, and step error estimate = 1.5661923662065642. Aborting. There is either an error in your model specification or the true solution is unstable (or the true solution can not be represented in the precision of Float64).
└ @ SciMLBase ~/.julia/packages/SciMLBase/VW1cI/src/integrator_interface.jl:623
┌ Warning: At t=-0.8400160880043352, dt was forced below floating point epsilon -9.778803261714584e-17, and step error estimate = 1.2407868218364897. Aborting. There is either an error in your model specification or the true solution is unstable (or the true solution can not be represented in the precision of Float64).
└ @ SciMLBase ~/.julia/packages/SciMLBase/VW1cI/src/integrator_interface.jl:623
┌ Warning: At t=-0.8400013989672543, dt was forced below floating point epsilon -1.0425611129223976e-16, and step error estimate = 2.6797129088512173. Aborting. There is either an error in your model specification or the true solution is unstable (or the true solution can not be represented in the precision of Float64).
└ @ SciMLBase ~/.julia/packages/SciMLBase/VW1cI/src/integrator_interface.jl:623
┌ Warning: At t=-0.8400002465590342, dt was forced below floating point epsilon -1.0729544334004888e-16, and step error estimate = 4.105777317372343. Aborting. There is either an error in your model specification or the true solution is unstable (or the true solution can not be represented in the precision of Float64).
└ @ SciMLBase ~/.julia/packages/SciMLBase/VW1cI/src/integrator_interface.jl:623
┌ Warning: At t=-0.8400066941399803, dt was forced below floating point epsilon -9.866058309337029e-17, and step error estimate = NaN. Aborting. There is either an error in your model specification or the true solution is unstable (or the true solution can not be represented in the precision of Float64).
└ @ SciMLBase ~/.julia/packages/SciMLBase/VW1cI/src/integrator_interface.jl:623
┌ Warning: At t=-0.8940648711374849, dt was forced below floating point epsilon -1.0463504176358152e-16, and step error estimate = 1.031947928053343. Aborting. There is either an error in your model specification or the true solution is unstable (or the true solution can not be represented in the precision of Float64).
└ @ SciMLBase ~/.julia/packages/SciMLBase/VW1cI/src/integrator_interface.jl:623
┌ Warning: At t=-0.8400342141015683, dt was forced below floating point epsilon -1.0526536283644621e-16, and step error estimate = 4.2444011731716484. Aborting. There is either an error in your model specification or the true solution is unstable (or the true solution can not be represented in the precision of Float64).
└ @ SciMLBase ~/.julia/packages/SciMLBase/VW1cI/src/integrator_interface.jl:623
┌ Warning: At t=-0.844748760214488, dt was forced below floating point epsilon -1.0645240539344658e-16, and step error estimate = 1.1177286055333013. Aborting. There is either an error in your model specification or the true solution is unstable (or the true solution can not be represented in the precision of Float64).
└ @ SciMLBase ~/.julia/packages/SciMLBase/VW1cI/src/integrator_interface.jl:623
┌ Warning: At t=-0.8502092149444433, dt was forced below floating point epsilon -9.840470501949986e-17, and step error estimate = 1.1651500361831275. Aborting. There is either an error in your model specification or the true solution is unstable (or the true solution can not be represented in the precision of Float64).
└ @ SciMLBase ~/.julia/packages/SciMLBase/VW1cI/src/integrator_interface.jl:623
┌ Warning: At t=-0.8400000000442179, dt was forced below floating point epsilon -7.77669424544038e-17, and step error estimate = 17.540424928954263. Aborting. There is either an error in your model specification or the true solution is unstable (or the true solution can not be represented in the precision of Float64).
└ @ SciMLBase ~/.julia/packages/SciMLBase/VW1cI/src/integrator_interface.jl:623
┌ Warning: Interrupted. Larger maxiters is needed. If you are using an integrator for non-stiff ODEs or an automatic switching algorithm (the default), you may want to consider using a method for stiff equations. See the solver pages for more details (e.g. https://docs.sciml.ai/DiffEqDocs/stable/solvers/ode_solve/#Stiff-Problems).
└ @ SciMLBase ~/.julia/packages/SciMLBase/VW1cI/src/integrator_interface.jl:589
┌ Warning: At t=-0.8404009649794949, dt was forced below floating point epsilon -9.878839817557934e-17, and step error estimate = 1.120658792055884. Aborting. There is either an error in your model specification or the true solution is unstable (or the true solution can not be represented in the precision of Float64).
└ @ SciMLBase ~/.julia/packages/SciMLBase/VW1cI/src/integrator_interface.jl:623
┌ Warning: At t=-0.8400000000548048, dt was forced below floating point epsilon -3.5025686359876497e-17, and step error estimate = NaN. Aborting. There is either an error in your model specification or the true solution is unstable (or the true solution can not be represented in the precision of Float64).
└ @ SciMLBase ~/.julia/packages/SciMLBase/VW1cI/src/integrator_interface.jl:623
┌ Warning: At t=-0.8400000018087858, dt was forced below floating point epsilon -1.0935637126074657e-16, and step error estimate = 3.495770463627925. Aborting. There is either an error in your model specification or the true solution is unstable (or the true solution can not be represented in the precision of Float64).
└ @ SciMLBase ~/.julia/packages/SciMLBase/VW1cI/src/integrator_interface.jl:623
┌ Warning: At t=-0.8408367713022971, dt was forced below floating point epsilon -5.736277337484199e-17, and step error estimate = NaN. Aborting. There is either an error in your model specification or the true solution is unstable (or the true solution can not be represented in the precision of Float64).
└ @ SciMLBase ~/.julia/packages/SciMLBase/VW1cI/src/integrator_interface.jl:623
┌ Warning: At t=-0.8400000000123288, dt was forced below floating point epsilon -8.631703006341116e-17, and step error estimate = NaN. Aborting. There is either an error in your model specification or the true solution is unstable (or the true solution can not be represented in the precision of Float64).
└ @ SciMLBase ~/.julia/packages/SciMLBase/VW1cI/src/integrator_interface.jl:623
┌ Warning: At t=-0.8613204182597612, dt was forced below floating point epsilon -9.850516707453557e-17, and step error estimate = 1.1533147585234167. Aborting. There is either an error in your model specification or the true solution is unstable (or the true solution can not be represented in the precision of Float64).
└ @ SciMLBase ~/.julia/packages/SciMLBase/VW1cI/src/integrator_interface.jl:623
┌ Warning: At t=-0.8727663420590391, dt was forced below floating point epsilon -1.107621711867309e-16, and step error estimate = 1.0723594923436035. Aborting. There is either an error in your model specification or the true solution is unstable (or the true solution can not be represented in the precision of Float64).
└ @ SciMLBase ~/.julia/packages/SciMLBase/VW1cI/src/integrator_interface.jl:623
┌ Warning: At t=-0.840000103871223, dt was forced below floating point epsilon -1.089381095617622e-16, and step error estimate = 2.6927822386628724. Aborting. There is either an error in your model specification or the true solution is unstable (or the true solution can not be represented in the precision of Float64).
└ @ SciMLBase ~/.julia/packages/SciMLBase/VW1cI/src/integrator_interface.jl:623
┌ Warning: At t=-0.8564262221510727, dt was forced below floating point epsilon -9.361006968516489e-17, and step error estimate = NaN. Aborting. There is either an error in your model specification or the true solution is unstable (or the true solution can not be represented in the precision of Float64).
└ @ SciMLBase ~/.julia/packages/SciMLBase/VW1cI/src/integrator_interface.jl:623
┌ Warning: At t=-0.8400000023679933, dt was forced below floating point epsilon -9.1165885272231e-17, and step error estimate = 3.030933420630758. Aborting. There is either an error in your model specification or the true solution is unstable (or the true solution can not be represented in the precision of Float64).
└ @ SciMLBase ~/.julia/packages/SciMLBase/VW1cI/src/integrator_interface.jl:623
┌ Warning: At t=-0.8400001144913728, dt was forced below floating point epsilon -9.482052639845837e-17, and step error estimate = 1.6885786104138572. Aborting. There is either an error in your model specification or the true solution is unstable (or the true solution can not be represented in the precision of Float64).
└ @ SciMLBase ~/.julia/packages/SciMLBase/VW1cI/src/integrator_interface.jl:623
┌ Warning: At t=-0.8537320688578128, dt was forced below floating point epsilon -1.0023360991780407e-16, and step error estimate = 1.0692887033612826. Aborting. There is either an error in your model specification or the true solution is unstable (or the true solution can not be represented in the precision of Float64).
└ @ SciMLBase ~/.julia/packages/SciMLBase/VW1cI/src/integrator_interface.jl:623
┌ Warning: At t=-0.840000000163471, dt was forced below floating point epsilon -3.876146568365571e-17, and step error estimate = NaN. Aborting. There is either an error in your model specification or the true solution is unstable (or the true solution can not be represented in the precision of Float64).
└ @ SciMLBase ~/.julia/packages/SciMLBase/VW1cI/src/integrator_interface.jl:623
┌ Warning: At t=-0.8400001144913728, dt was forced below floating point epsilon -9.482052639845837e-17, and step error estimate = 1.6885786104138572. Aborting. There is either an error in your model specification or the true solution is unstable (or the true solution can not be represented in the precision of Float64).
└ @ SciMLBase ~/.julia/packages/SciMLBase/VW1cI/src/integrator_interface.jl:623
┌ Warning: At t=-0.9034028210132623, dt was forced below floating point epsilon -5.168689181981884e-17, and step error estimate = NaN. Aborting. There is either an error in your model specification or the true solution is unstable (or the true solution can not be represented in the precision of Float64).
└ @ SciMLBase ~/.julia/packages/SciMLBase/VW1cI/src/integrator_interface.jl:623
┌ Warning: At t=-0.8777945725137543, dt was forced below floating point epsilon -1.1091506211545908e-16, and step error estimate = 1.0127622401637737. Aborting. There is either an error in your model specification or the true solution is unstable (or the true solution can not be represented in the precision of Float64).
└ @ SciMLBase ~/.julia/packages/SciMLBase/VW1cI/src/integrator_interface.jl:623
┌ Warning: At t=-0.843271544979147, dt was forced below floating point epsilon -1.0974246699038921e-16, and step error estimate = 1.0906423702050347. Aborting. There is either an error in your model specification or the true solution is unstable (or the true solution can not be represented in the precision of Float64).
└ @ SciMLBase ~/.julia/packages/SciMLBase/VW1cI/src/integrator_interface.jl:623
┌ Warning: At t=-0.8400001598914019, dt was forced below floating point epsilon -8.95542802472048e-17, and step error estimate = 4.869530845445864. Aborting. There is either an error in your model specification or the true solution is unstable (or the true solution can not be represented in the precision of Float64).
└ @ SciMLBase ~/.julia/packages/SciMLBase/VW1cI/src/integrator_interface.jl:623
┌ Warning: At t=-0.8648493293754174, dt was forced below floating point epsilon -9.871898415012368e-17, and step error estimate = 1.1285662164648904. Aborting. There is either an error in your model specification or the true solution is unstable (or the true solution can not be represented in the precision of Float64).
└ @ SciMLBase ~/.julia/packages/SciMLBase/VW1cI/src/integrator_interface.jl:623
┌ Warning: At t=-0.8400000134591298, dt was forced below floating point epsilon -8.549123033459987e-17, and step error estimate = 6.670290396204568. Aborting. There is either an error in your model specification or the true solution is unstable (or the true solution can not be represented in the precision of Float64).
└ @ SciMLBase ~/.julia/packages/SciMLBase/VW1cI/src/integrator_interface.jl:623
┌ Warning: At t=-0.8680019605216629, dt was forced below floating point epsilon -1.1045276451344748e-16, and step error estimate = 1.0456969546945365. Aborting. There is either an error in your model specification or the true solution is unstable (or the true solution can not be represented in the precision of Float64).
└ @ SciMLBase ~/.julia/packages/SciMLBase/VW1cI/src/integrator_interface.jl:623
┌ Warning: At t=-0.8400006383383076, dt was forced below floating point epsilon -9.838611999652682e-17, and step error estimate = 1.167353572759343. Aborting. There is either an error in your model specification or the true solution is unstable (or the true solution can not be represented in the precision of Float64).
└ @ SciMLBase ~/.julia/packages/SciMLBase/VW1cI/src/integrator_interface.jl:623
┌ Warning: At t=-0.8400000000032855, dt was forced below floating point epsilon -5.98139919780763e-17, and step error estimate = NaN. Aborting. There is either an error in your model specification or the true solution is unstable (or the true solution can not be represented in the precision of Float64).
└ @ SciMLBase ~/.julia/packages/SciMLBase/VW1cI/src/integrator_interface.jl:623
┌ Warning: At t=-0.840000000019549, dt was forced below floating point epsilon -7.126446724157535e-17, and step error estimate = NaN. Aborting. There is either an error in your model specification or the true solution is unstable (or the true solution can not be represented in the precision of Float64).
└ @ SciMLBase ~/.julia/packages/SciMLBase/VW1cI/src/integrator_interface.jl:623
┌ Warning: At t=-0.840000000163471, dt was forced below floating point epsilon -3.876146568365571e-17, and step error estimate = NaN. Aborting. There is either an error in your model specification or the true solution is unstable (or the true solution can not be represented in the precision of Float64).
└ @ SciMLBase ~/.julia/packages/SciMLBase/VW1cI/src/integrator_interface.jl:623
┌ Warning: At t=-0.8678751604443918, dt was forced below floating point epsilon -9.948731951144666e-17, and step error estimate = 1.0443560143984827. Aborting. There is either an error in your model specification or the true solution is unstable (or the true solution can not be represented in the precision of Float64).
└ @ SciMLBase ~/.julia/packages/SciMLBase/VW1cI/src/integrator_interface.jl:623
┌ Warning: At t=-0.8864919446862289, dt was forced below floating point epsilon -9.942821793488108e-17, and step error estimate = 1.0505811281401036. Aborting. There is either an error in your model specification or the true solution is unstable (or the true solution can not be represented in the precision of Float64).
└ @ SciMLBase ~/.julia/packages/SciMLBase/VW1cI/src/integrator_interface.jl:623
┌ Warning: At t=-0.8851326891341021, dt was forced below floating point epsilon -1.0988513091293397e-16, and step error estimate = 1.0030357574209052. Aborting. There is either an error in your model specification or the true solution is unstable (or the true solution can not be represented in the precision of Float64).
└ @ SciMLBase ~/.julia/packages/SciMLBase/VW1cI/src/integrator_interface.jl:623
┌ Warning: At t=-0.8400000004661365, dt was forced below floating point epsilon -3.019713436311025e-17, and step error estimate = NaN. Aborting. There is either an error in your model specification or the true solution is unstable (or the true solution can not be represented in the precision of Float64).
└ @ SciMLBase ~/.julia/packages/SciMLBase/VW1cI/src/integrator_interface.jl:623
┌ Warning: At t=-0.8400000023679933, dt was forced below floating point epsilon -9.1165885272231e-17, and step error estimate = 3.030933420630758. Aborting. There is either an error in your model specification or the true solution is unstable (or the true solution can not be represented in the precision of Float64).
└ @ SciMLBase ~/.julia/packages/SciMLBase/VW1cI/src/integrator_interface.jl:623
┌ Warning: At t=-0.8400000564489375, dt was forced below floating point epsilon -1.0970083672054145e-16, and step error estimate = 1.1816643453136764. Aborting. There is either an error in your model specification or the true solution is unstable (or the true solution can not be represented in the precision of Float64).
└ @ SciMLBase ~/.julia/packages/SciMLBase/VW1cI/src/integrator_interface.jl:623
┌ Warning: At t=-0.8400000000028494, dt was forced below floating point epsilon -8.533298386772943e-17, and step error estimate = NaN. Aborting. There is either an error in your model specification or the true solution is unstable (or the true solution can not be represented in the precision of Float64).
└ @ SciMLBase ~/.julia/packages/SciMLBase/VW1cI/src/integrator_interface.jl:623
┌ Warning: At t=-0.8400000030599278, dt was forced below floating point epsilon -9.711448687295566e-17, and step error estimate = 8.197542136645897. Aborting. There is either an error in your model specification or the true solution is unstable (or the true solution can not be represented in the precision of Float64).
└ @ SciMLBase ~/.julia/packages/SciMLBase/VW1cI/src/integrator_interface.jl:623
┌ Warning: At t=-0.8400000003159259, dt was forced below floating point epsilon -3.761724486720317e-17, and step error estimate = NaN. Aborting. There is either an error in your model specification or the true solution is unstable (or the true solution can not be represented in the precision of Float64).
└ @ SciMLBase ~/.julia/packages/SciMLBase/VW1cI/src/integrator_interface.jl:623
┌ Warning: At t=-0.8409632608292886, dt was forced below floating point epsilon -1.0544089548589984e-16, and step error estimate = 1.5269995535295169. Aborting. There is either an error in your model specification or the true solution is unstable (or the true solution can not be represented in the precision of Float64).
└ @ SciMLBase ~/.julia/packages/SciMLBase/VW1cI/src/integrator_interface.jl:623
┌ Warning: At t=-0.8619771096285954, dt was forced below floating point epsilon -8.430643135437925e-17, and step error estimate = 170.12885162518526. Aborting. There is either an error in your model specification or the true solution is unstable (or the true solution can not be represented in the precision of Float64).
└ @ SciMLBase ~/.julia/packages/SciMLBase/VW1cI/src/integrator_interface.jl:623
┌ Warning: At t=-0.8400000101011915, dt was forced below floating point epsilon -8.772400151384845e-17, and step error estimate = NaN. Aborting. There is either an error in your model specification or the true solution is unstable (or the true solution can not be represented in the precision of Float64).
└ @ SciMLBase ~/.julia/packages/SciMLBase/VW1cI/src/integrator_interface.jl:623
┌ Warning: At t=-0.8400000067151268, dt was forced below floating point epsilon -7.17921699377996e-17, and step error estimate = NaN. Aborting. There is either an error in your model specification or the true solution is unstable (or the true solution can not be represented in the precision of Float64).
└ @ SciMLBase ~/.julia/packages/SciMLBase/VW1cI/src/integrator_interface.jl:623
┌ Warning: At t=-0.851218980290972, dt was forced below floating point epsilon -9.632747969940515e-17, and step error estimate = 1.7613823734528549. Aborting. There is either an error in your model specification or the true solution is unstable (or the true solution can not be represented in the precision of Float64).
└ @ SciMLBase ~/.julia/packages/SciMLBase/VW1cI/src/integrator_interface.jl:623
┌ Warning: At t=-0.8400000014149135, dt was forced below floating point epsilon -7.764383306048786e-17, and step error estimate = NaN. Aborting. There is either an error in your model specification or the true solution is unstable (or the true solution can not be represented in the precision of Float64).
└ @ SciMLBase ~/.julia/packages/SciMLBase/VW1cI/src/integrator_interface.jl:623
┌ Warning: At t=-0.8400000025958385, dt was forced below floating point epsilon -1.0321346737577512e-16, and step error estimate = 1.7789033707803672. Aborting. There is either an error in your model specification or the true solution is unstable (or the true solution can not be represented in the precision of Float64).
└ @ SciMLBase ~/.julia/packages/SciMLBase/VW1cI/src/integrator_interface.jl:623
┌ Warning: At t=-0.8400000330704306, dt was forced below floating point epsilon -1.100113638587367e-16, and step error estimate = 2.4736634392568804. Aborting. There is either an error in your model specification or the true solution is unstable (or the true solution can not be represented in the precision of Float64).
└ @ SciMLBase ~/.julia/packages/SciMLBase/VW1cI/src/integrator_interface.jl:623
┌ Warning: At t=-0.8400000134591298, dt was forced below floating point epsilon -8.549123033459987e-17, and step error estimate = 6.670290396204568. Aborting. There is either an error in your model specification or the true solution is unstable (or the true solution can not be represented in the precision of Float64).
└ @ SciMLBase ~/.julia/packages/SciMLBase/VW1cI/src/integrator_interface.jl:623
┌ Warning: At t=-0.8542983005595866, dt was forced below floating point epsilon -9.91980295973712e-17, and step error estimate = 1.0752195385067593. Aborting. There is either an error in your model specification or the true solution is unstable (or the true solution can not be represented in the precision of Float64).
└ @ SciMLBase ~/.julia/packages/SciMLBase/VW1cI/src/integrator_interface.jl:623
┌ Warning: At t=-0.8400001160454893, dt was forced below floating point epsilon -7.246901124892539e-17, and step error estimate = NaN. Aborting. There is either an error in your model specification or the true solution is unstable (or the true solution can not be represented in the precision of Float64).
└ @ SciMLBase ~/.julia/packages/SciMLBase/VW1cI/src/integrator_interface.jl:623
┌ Warning: At t=-0.8400046449645974, dt was forced below floating point epsilon -1.0000160305660869e-16, and step error estimate = 1.410254884842926. Aborting. There is either an error in your model specification or the true solution is unstable (or the true solution can not be represented in the precision of Float64).
└ @ SciMLBase ~/.julia/packages/SciMLBase/VW1cI/src/integrator_interface.jl:623
┌ Warning: At t=-0.8407042670271494, dt was forced below floating point epsilon -9.876767777491016e-17, and step error estimate = 1.1230126993554888. Aborting. There is either an error in your model specification or the true solution is unstable (or the true solution can not be represented in the precision of Float64).
└ @ SciMLBase ~/.julia/packages/SciMLBase/VW1cI/src/integrator_interface.jl:623
┌ Warning: At t=-0.8405620797783848, dt was forced below floating point epsilon -9.818835785090482e-17, and step error estimate = 1.1910925774509364. Aborting. There is either an error in your model specification or the true solution is unstable (or the true solution can not be represented in the precision of Float64).
└ @ SciMLBase ~/.julia/packages/SciMLBase/VW1cI/src/integrator_interface.jl:623
┌ Warning: At t=-0.8574602949529417, dt was forced below floating point epsilon -9.920429908653711e-17, and step error estimate = 1.0745405345578316. Aborting. There is either an error in your model specification or the true solution is unstable (or the true solution can not be represented in the precision of Float64).
└ @ SciMLBase ~/.julia/packages/SciMLBase/VW1cI/src/integrator_interface.jl:623
┌ Warning: At t=-0.8613204182597612, dt was forced below floating point epsilon -9.850516707453557e-17, and step error estimate = 1.1533147585234167. Aborting. There is either an error in your model specification or the true solution is unstable (or the true solution can not be represented in the precision of Float64).
└ @ SciMLBase ~/.julia/packages/SciMLBase/VW1cI/src/integrator_interface.jl:623
┌ Warning: At t=-0.8573765982466144, dt was forced below floating point epsilon -9.83305223783041e-17, and step error estimate = 1.1739745293692858. Aborting. There is either an error in your model specification or the true solution is unstable (or the true solution can not be represented in the precision of Float64).
└ @ SciMLBase ~/.julia/packages/SciMLBase/VW1cI/src/integrator_interface.jl:623
┌ Warning: At t=-0.8400000020825128, dt was forced below floating point epsilon -8.15843149523751e-17, and step error estimate = 7.59392929104448. Aborting. There is either an error in your model specification or the true solution is unstable (or the true solution can not be represented in the precision of Float64).
└ @ SciMLBase ~/.julia/packages/SciMLBase/VW1cI/src/integrator_interface.jl:623
┌ Warning: At t=-0.8400000027552066, dt was forced below floating point epsilon -9.73022536555726e-17, and step error estimate = 1.3041633450321677. Aborting. There is either an error in your model specification or the true solution is unstable (or the true solution can not be represented in the precision of Float64).
└ @ SciMLBase ~/.julia/packages/SciMLBase/VW1cI/src/integrator_interface.jl:623
┌ Warning: At t=-0.8403283760563698, dt was forced below floating point epsilon -9.754835384392343e-17, and step error estimate = 1.3861333942288567. Aborting. There is either an error in your model specification or the true solution is unstable (or the true solution can not be represented in the precision of Float64).
└ @ SciMLBase ~/.julia/packages/SciMLBase/VW1cI/src/integrator_interface.jl:623
┌ Warning: At t=-0.8764716973828172, dt was forced below floating point epsilon -9.878948099729388e-17, and step error estimate = 1.1205362597201476. Aborting. There is either an error in your model specification or the true solution is unstable (or the true solution can not be represented in the precision of Float64).
└ @ SciMLBase ~/.julia/packages/SciMLBase/VW1cI/src/integrator_interface.jl:623
┌ Warning: At t=-0.8409632608292886, dt was forced below floating point epsilon -1.0544089548589984e-16, and step error estimate = 1.5269995535295169. Aborting. There is either an error in your model specification or the true solution is unstable (or the true solution can not be represented in the precision of Float64).
└ @ SciMLBase ~/.julia/packages/SciMLBase/VW1cI/src/integrator_interface.jl:623
┌ Warning: At t=-0.8400113534876328, dt was forced below floating point epsilon -9.93137434834444e-17, and step error estimate = 1.0627549348944247. Aborting. There is either an error in your model specification or the true solution is unstable (or the true solution can not be represented in the precision of Float64).
└ @ SciMLBase ~/.julia/packages/SciMLBase/VW1cI/src/integrator_interface.jl:623
┌ Warning: At t=-0.7768387013472359, dt was forced below floating point epsilon 1.1102230246251565e-16, and step error estimate = 1.4064039311469625. Aborting. There is either an error in your model specification or the true solution is unstable (or the true solution can not be represented in the precision of Float64).
└ @ SciMLBase ~/.julia/packages/SciMLBase/VW1cI/src/integrator_interface.jl:623
┌ Warning: At t=-0.9884352654098433, dt was forced below floating point epsilon 1.1102230246251565e-16, and step error estimate = 1.0906889952192065. Aborting. There is either an error in your model specification or the true solution is unstable (or the true solution can not be represented in the precision of Float64).
└ @ SciMLBase ~/.julia/packages/SciMLBase/VW1cI/src/integrator_interface.jl:623
┌ Warning: At t=-0.9615928168832466, dt was forced below floating point epsilon 1.1102230246251565e-16, and step error estimate = 2.0345770246548005. Aborting. There is either an error in your model specification or the true solution is unstable (or the true solution can not be represented in the precision of Float64).
└ @ SciMLBase ~/.julia/packages/SciMLBase/VW1cI/src/integrator_interface.jl:623
┌ Warning: At t=-0.9833206360922139, dt was forced below floating point epsilon 1.1102230246251565e-16, and step error estimate = 1.0053848794450593. Aborting. There is either an error in your model specification or the true solution is unstable (or the true solution can not be represented in the precision of Float64).
└ @ SciMLBase ~/.julia/packages/SciMLBase/VW1cI/src/integrator_interface.jl:623
┌ Warning: At t=-0.9867659622423596, dt was forced below floating point epsilon 1.1102230246251565e-16, and step error estimate = 1.1711819388777729. Aborting. There is either an error in your model specification or the true solution is unstable (or the true solution can not be represented in the precision of Float64).
└ @ SciMLBase ~/.julia/packages/SciMLBase/VW1cI/src/integrator_interface.jl:623
┌ Warning: At t=-0.23676069318704285, dt was forced below floating point epsilon 2.7755575615628914e-17, and step error estimate = 1.3351100958968314. Aborting. There is either an error in your model specification or the true solution is unstable (or the true solution can not be represented in the precision of Float64).
└ @ SciMLBase ~/.julia/packages/SciMLBase/VW1cI/src/integrator_interface.jl:623
┌ Warning: At t=-0.99, dt was forced below floating point epsilon 1.1102230246251565e-16, and step error estimate = NaN. Aborting. There is either an error in your model specification or the true solution is unstable (or the true solution can not be represented in the precision of Float64).
└ @ SciMLBase ~/.julia/packages/SciMLBase/VW1cI/src/integrator_interface.jl:623
┌ Warning: At t=-0.8594131071499894, dt was forced below floating point epsilon 1.1102230246251565e-16, and step error estimate = NaN. Aborting. There is either an error in your model specification or the true solution is unstable (or the true solution can not be represented in the precision of Float64).
└ @ SciMLBase ~/.julia/packages/SciMLBase/VW1cI/src/integrator_interface.jl:623
┌ Warning: At t=-0.99, dt was forced below floating point epsilon 1.1102230246251565e-16, and step error estimate = NaN. Aborting. There is either an error in your model specification or the true solution is unstable (or the true solution can not be represented in the precision of Float64).
└ @ SciMLBase ~/.julia/packages/SciMLBase/VW1cI/src/integrator_interface.jl:623
┌ Warning: At t=-0.8228765159196628, dt was forced below floating point epsilon 1.1102230246251565e-16, and step error estimate = 1.28976524774043. Aborting. There is either an error in your model specification or the true solution is unstable (or the true solution can not be represented in the precision of Float64).
└ @ SciMLBase ~/.julia/packages/SciMLBase/VW1cI/src/integrator_interface.jl:623
┌ Warning: At t=-0.839999954681542, dt was forced below floating point epsilon 1.1102230246251565e-16, and step error estimate = NaN. Aborting. There is either an error in your model specification or the true solution is unstable (or the true solution can not be represented in the precision of Float64).
└ @ SciMLBase ~/.julia/packages/SciMLBase/VW1cI/src/integrator_interface.jl:623
┌ Warning: At t=-0.8399753933535188, dt was forced below floating point epsilon 1.1102230246251565e-16, and step error estimate = NaN. Aborting. There is either an error in your model specification or the true solution is unstable (or the true solution can not be represented in the precision of Float64).
└ @ SciMLBase ~/.julia/packages/SciMLBase/VW1cI/src/integrator_interface.jl:623
┌ Warning: At t=-0.6308359099847877, dt was forced below floating point epsilon 1.1102230246251565e-16, and step error estimate = 1.0417717813395193. Aborting. There is either an error in your model specification or the true solution is unstable (or the true solution can not be represented in the precision of Float64).
└ @ SciMLBase ~/.julia/packages/SciMLBase/VW1cI/src/integrator_interface.jl:623
┌ Warning: At t=-0.663603632413404, dt was forced below floating point epsilon 1.1102230246251565e-16, and step error estimate = 1.0885697968710777. Aborting. There is either an error in your model specification or the true solution is unstable (or the true solution can not be represented in the precision of Float64).
└ @ SciMLBase ~/.julia/packages/SciMLBase/VW1cI/src/integrator_interface.jl:623
┌ Warning: At t=-0.7481567543159154, dt was forced below floating point epsilon 1.1102230246251565e-16, and step error estimate = 1.195578431572588. Aborting. There is either an error in your model specification or the true solution is unstable (or the true solution can not be represented in the precision of Float64).
└ @ SciMLBase ~/.julia/packages/SciMLBase/VW1cI/src/integrator_interface.jl:623
┌ Warning: At t=-0.6415595711784, dt was forced below floating point epsilon 1.1102230246251565e-16, and step error estimate = 1.1226392139768513. Aborting. There is either an error in your model specification or the true solution is unstable (or the true solution can not be represented in the precision of Float64).
└ @ SciMLBase ~/.julia/packages/SciMLBase/VW1cI/src/integrator_interface.jl:623
┌ Warning: At t=-0.99, dt was forced below floating point epsilon 1.1102230246251565e-16, and step error estimate = NaN. Aborting. There is either an error in your model specification or the true solution is unstable (or the true solution can not be represented in the precision of Float64).
└ @ SciMLBase ~/.julia/packages/SciMLBase/VW1cI/src/integrator_interface.jl:623
┌ Warning: At t=-0.9672075817590208, dt was forced below floating point epsilon 1.1102230246251565e-16, and step error estimate = 1.0426206469531418. Aborting. There is either an error in your model specification or the true solution is unstable (or the true solution can not be represented in the precision of Float64).
└ @ SciMLBase ~/.julia/packages/SciMLBase/VW1cI/src/integrator_interface.jl:623
┌ Warning: At t=-0.8399998306907994, dt was forced below floating point epsilon 1.1102230246251565e-16, and step error estimate = 10.395718922105548. Aborting. There is either an error in your model specification or the true solution is unstable (or the true solution can not be represented in the precision of Float64).
└ @ SciMLBase ~/.julia/packages/SciMLBase/VW1cI/src/integrator_interface.jl:623
┌ Warning: At t=0.6211122926279079, dt was forced below floating point epsilon 1.1102230246251565e-16, and step error estimate = 1.0108441783033089. Aborting. There is either an error in your model specification or the true solution is unstable (or the true solution can not be represented in the precision of Float64).
└ @ SciMLBase ~/.julia/packages/SciMLBase/VW1cI/src/integrator_interface.jl:623
┌ Warning: At t=-0.8399979957832815, dt was forced below floating point epsilon 1.1102230246251565e-16, and step error estimate = 1.2307778459105496. Aborting. There is either an error in your model specification or the true solution is unstable (or the true solution can not be represented in the precision of Float64).
└ @ SciMLBase ~/.julia/packages/SciMLBase/VW1cI/src/integrator_interface.jl:623
┌ Warning: At t=-0.8399957664391015, dt was forced below floating point epsilon 1.1102230246251565e-16, and step error estimate = NaN. Aborting. There is either an error in your model specification or the true solution is unstable (or the true solution can not be represented in the precision of Float64).
└ @ SciMLBase ~/.julia/packages/SciMLBase/VW1cI/src/integrator_interface.jl:623
┌ Warning: At t=-0.8399999964161761, dt was forced below floating point epsilon 1.1102230246251565e-16, and step error estimate = NaN. Aborting. There is either an error in your model specification or the true solution is unstable (or the true solution can not be represented in the precision of Float64).
└ @ SciMLBase ~/.julia/packages/SciMLBase/VW1cI/src/integrator_interface.jl:623
┌ Warning: At t=-0.10871726606867342, dt was forced below floating point epsilon 1.3877787807814457e-17, and step error estimate = 1.3364185803683186. Aborting. There is either an error in your model specification or the true solution is unstable (or the true solution can not be represented in the precision of Float64).
└ @ SciMLBase ~/.julia/packages/SciMLBase/VW1cI/src/integrator_interface.jl:623
┌ Warning: At t=0.683782199692861, dt was forced below floating point epsilon 1.1102230246251565e-16, and step error estimate = 181.84824961044615. Aborting. There is either an error in your model specification or the true solution is unstable (or the true solution can not be represented in the precision of Float64).
└ @ SciMLBase ~/.julia/packages/SciMLBase/VW1cI/src/integrator_interface.jl:623
┌ Warning: At t=-0.8399999978857688, dt was forced below floating point epsilon 1.1102230246251565e-16, and step error estimate = NaN. Aborting. There is either an error in your model specification or the true solution is unstable (or the true solution can not be represented in the precision of Float64).
└ @ SciMLBase ~/.julia/packages/SciMLBase/VW1cI/src/integrator_interface.jl:623
┌ Warning: At t=-0.09193131288826657, dt was forced below floating point epsilon 1.3877787807814457e-17, and step error estimate = 13.482201292311546. Aborting. There is either an error in your model specification or the true solution is unstable (or the true solution can not be represented in the precision of Float64).
└ @ SciMLBase ~/.julia/packages/SciMLBase/VW1cI/src/integrator_interface.jl:623
┌ Warning: At t=-0.8399999984069931, dt was forced below floating point epsilon 1.1102230246251565e-16, and step error estimate = NaN. Aborting. There is either an error in your model specification or the true solution is unstable (or the true solution can not be represented in the precision of Float64).
└ @ SciMLBase ~/.julia/packages/SciMLBase/VW1cI/src/integrator_interface.jl:623
┌ Warning: At t=-0.9835980169595829, dt was forced below floating point epsilon 1.1102230246251565e-16, and step error estimate = NaN. Aborting. There is either an error in your model specification or the true solution is unstable (or the true solution can not be represented in the precision of Float64).
└ @ SciMLBase ~/.julia/packages/SciMLBase/VW1cI/src/integrator_interface.jl:623
┌ Warning: At t=-0.8399999583836127, dt was forced below floating point epsilon 1.1102230246251565e-16, and step error estimate = NaN. Aborting. There is either an error in your model specification or the true solution is unstable (or the true solution can not be represented in the precision of Float64).
└ @ SciMLBase ~/.julia/packages/SciMLBase/VW1cI/src/integrator_interface.jl:623
┌ Warning: At t=-0.8399999984069931, dt was forced below floating point epsilon 1.1102230246251565e-16, and step error estimate = NaN. Aborting. There is either an error in your model specification or the true solution is unstable (or the true solution can not be represented in the precision of Float64).
└ @ SciMLBase ~/.julia/packages/SciMLBase/VW1cI/src/integrator_interface.jl:623
┌ Warning: At t=-0.663603632413404, dt was forced below floating point epsilon 1.1102230246251565e-16, and step error estimate = 1.0885697968710777. Aborting. There is either an error in your model specification or the true solution is unstable (or the true solution can not be represented in the precision of Float64).
└ @ SciMLBase ~/.julia/packages/SciMLBase/VW1cI/src/integrator_interface.jl:623
┌ Warning: At t=-0.99, dt was forced below floating point epsilon 1.1102230246251565e-16, and step error estimate = NaN. Aborting. There is either an error in your model specification or the true solution is unstable (or the true solution can not be represented in the precision of Float64).
└ @ SciMLBase ~/.julia/packages/SciMLBase/VW1cI/src/integrator_interface.jl:623
┌ Warning: At t=0.05757041477089829, dt was forced below floating point epsilon 6.938893903907228e-18, and step error estimate = 1.094026939484379. Aborting. There is either an error in your model specification or the true solution is unstable (or the true solution can not be represented in the precision of Float64).
└ @ SciMLBase ~/.julia/packages/SciMLBase/VW1cI/src/integrator_interface.jl:623
┌ Warning: At t=-0.5119943360171758, dt was forced below floating point epsilon 1.1102230246251565e-16, and step error estimate = 1.400952451932069. Aborting. There is either an error in your model specification or the true solution is unstable (or the true solution can not be represented in the precision of Float64).
└ @ SciMLBase ~/.julia/packages/SciMLBase/VW1cI/src/integrator_interface.jl:623
┌ Warning: At t=-0.8596793540313431, dt was forced below floating point epsilon 1.1102230246251565e-16, and step error estimate = 1.3600945967239317. Aborting. There is either an error in your model specification or the true solution is unstable (or the true solution can not be represented in the precision of Float64).
└ @ SciMLBase ~/.julia/packages/SciMLBase/VW1cI/src/integrator_interface.jl:623
┌ Warning: At t=-0.29584177164317665, dt was forced below floating point epsilon 5.551115123125783e-17, and step error estimate = 1.0507486505507408. Aborting. There is either an error in your model specification or the true solution is unstable (or the true solution can not be represented in the precision of Float64).
└ @ SciMLBase ~/.julia/packages/SciMLBase/VW1cI/src/integrator_interface.jl:623
┌ Warning: At t=-0.8282039623673667, dt was forced below floating point epsilon 1.1102230246251565e-16, and step error estimate = 1.1241027228393579. Aborting. There is either an error in your model specification or the true solution is unstable (or the true solution can not be represented in the precision of Float64).
└ @ SciMLBase ~/.julia/packages/SciMLBase/VW1cI/src/integrator_interface.jl:623
┌ Warning: At t=-0.08952661972837339, dt was forced below floating point epsilon 1.3877787807814457e-17, and step error estimate = 14.870344595168293. Aborting. There is either an error in your model specification or the true solution is unstable (or the true solution can not be represented in the precision of Float64).
└ @ SciMLBase ~/.julia/packages/SciMLBase/VW1cI/src/integrator_interface.jl:623
┌ Warning: At t=-0.5730018572290085, dt was forced below floating point epsilon 1.1102230246251565e-16, and step error estimate = 1.0754698987053146. Aborting. There is either an error in your model specification or the true solution is unstable (or the true solution can not be represented in the precision of Float64).
└ @ SciMLBase ~/.julia/packages/SciMLBase/VW1cI/src/integrator_interface.jl:623
┌ Warning: At t=-0.8399847815172778, dt was forced below floating point epsilon 1.1102230246251565e-16, and step error estimate = NaN. Aborting. There is either an error in your model specification or the true solution is unstable (or the true solution can not be represented in the precision of Float64).
└ @ SciMLBase ~/.julia/packages/SciMLBase/VW1cI/src/integrator_interface.jl:623
┌ Warning: At t=-0.8866806561104729, dt was forced below floating point epsilon 1.1102230246251565e-16, and step error estimate = NaN. Aborting. There is either an error in your model specification or the true solution is unstable (or the true solution can not be represented in the precision of Float64).
└ @ SciMLBase ~/.julia/packages/SciMLBase/VW1cI/src/integrator_interface.jl:623
┌ Warning: At t=-0.8399998306907994, dt was forced below floating point epsilon 1.1102230246251565e-16, and step error estimate = 10.395718922105548. Aborting. There is either an error in your model specification or the true solution is unstable (or the true solution can not be represented in the precision of Float64).
└ @ SciMLBase ~/.julia/packages/SciMLBase/VW1cI/src/integrator_interface.jl:623
┌ Warning: At t=-0.8399999836218992, dt was forced below floating point epsilon 1.1102230246251565e-16, and step error estimate = NaN. Aborting. There is either an error in your model specification or the true solution is unstable (or the true solution can not be represented in the precision of Float64).
└ @ SciMLBase ~/.julia/packages/SciMLBase/VW1cI/src/integrator_interface.jl:623
┌ Warning: At t=0.6222503798700758, dt was forced below floating point epsilon 1.1102230246251565e-16, and step error estimate = 1.0625804467853446. Aborting. There is either an error in your model specification or the true solution is unstable (or the true solution can not be represented in the precision of Float64).
└ @ SciMLBase ~/.julia/packages/SciMLBase/VW1cI/src/integrator_interface.jl:623
┌ Warning: At t=-0.9391817408832505, dt was forced below floating point epsilon 1.1102230246251565e-16, and step error estimate = NaN. Aborting. There is either an error in your model specification or the true solution is unstable (or the true solution can not be represented in the precision of Float64).
└ @ SciMLBase ~/.julia/packages/SciMLBase/VW1cI/src/integrator_interface.jl:623
┌ Warning: At t=-0.7344195376249917, dt was forced below floating point epsilon 1.1102230246251565e-16, and step error estimate = 1.552664173163345. Aborting. There is either an error in your model specification or the true solution is unstable (or the true solution can not be represented in the precision of Float64).
└ @ SciMLBase ~/.julia/packages/SciMLBase/VW1cI/src/integrator_interface.jl:623
┌ Warning: At t=-0.8261143637246986, dt was forced below floating point epsilon 1.1102230246251565e-16, and step error estimate = 1.2238264558978662. Aborting. There is either an error in your model specification or the true solution is unstable (or the true solution can not be represented in the precision of Float64).
└ @ SciMLBase ~/.julia/packages/SciMLBase/VW1cI/src/integrator_interface.jl:623
┌ Warning: At t=-0.839999954681542, dt was forced below floating point epsilon 1.1102230246251565e-16, and step error estimate = NaN. Aborting. There is either an error in your model specification or the true solution is unstable (or the true solution can not be represented in the precision of Float64).
└ @ SciMLBase ~/.julia/packages/SciMLBase/VW1cI/src/integrator_interface.jl:623
┌ Warning: At t=-0.839999998780384, dt was forced below floating point epsilon 1.1102230246251565e-16, and step error estimate = NaN. Aborting. There is either an error in your model specification or the true solution is unstable (or the true solution can not be represented in the precision of Float64).
└ @ SciMLBase ~/.julia/packages/SciMLBase/VW1cI/src/integrator_interface.jl:623
┌ Warning: At t=-0.8399999583391121, dt was forced below floating point epsilon 1.1102230246251565e-16, and step error estimate = NaN. Aborting. There is either an error in your model specification or the true solution is unstable (or the true solution can not be represented in the precision of Float64).
└ @ SciMLBase ~/.julia/packages/SciMLBase/VW1cI/src/integrator_interface.jl:623
┌ Warning: At t=-0.9593593503574448, dt was forced below floating point epsilon 1.1102230246251565e-16, and step error estimate = 1.3622859926824287. Aborting. There is either an error in your model specification or the true solution is unstable (or the true solution can not be represented in the precision of Float64).
└ @ SciMLBase ~/.julia/packages/SciMLBase/VW1cI/src/integrator_interface.jl:623
┌ Warning: At t=-0.8399994350378603, dt was forced below floating point epsilon 1.1102230246251565e-16, and step error estimate = NaN. Aborting. There is either an error in your model specification or the true solution is unstable (or the true solution can not be represented in the precision of Float64).
└ @ SciMLBase ~/.julia/packages/SciMLBase/VW1cI/src/integrator_interface.jl:623
┌ Warning: At t=-0.99, dt was forced below floating point epsilon 1.1102230246251565e-16, and step error estimate = NaN. Aborting. There is either an error in your model specification or the true solution is unstable (or the true solution can not be represented in the precision of Float64).
└ @ SciMLBase ~/.julia/packages/SciMLBase/VW1cI/src/integrator_interface.jl:623
┌ Warning: At t=-0.6989246282086199, dt was forced below floating point epsilon 1.1102230246251565e-16, and step error estimate = 1.2961876311084233. Aborting. There is either an error in your model specification or the true solution is unstable (or the true solution can not be represented in the precision of Float64).
└ @ SciMLBase ~/.julia/packages/SciMLBase/VW1cI/src/integrator_interface.jl:623
┌ Warning: At t=-0.8399997279334767, dt was forced below floating point epsilon 1.1102230246251565e-16, and step error estimate = NaN. Aborting. There is either an error in your model specification or the true solution is unstable (or the true solution can not be represented in the precision of Float64).
└ @ SciMLBase ~/.julia/packages/SciMLBase/VW1cI/src/integrator_interface.jl:623
┌ Warning: At t=-0.9364524515847908, dt was forced below floating point epsilon 1.1102230246251565e-16, and step error estimate = NaN. Aborting. There is either an error in your model specification or the true solution is unstable (or the true solution can not be represented in the precision of Float64).
└ @ SciMLBase ~/.julia/packages/SciMLBase/VW1cI/src/integrator_interface.jl:623
┌ Warning: At t=-0.9797907837553618, dt was forced below floating point epsilon 1.1102230246251565e-16, and step error estimate = NaN. Aborting. There is either an error in your model specification or the true solution is unstable (or the true solution can not be represented in the precision of Float64).
└ @ SciMLBase ~/.julia/packages/SciMLBase/VW1cI/src/integrator_interface.jl:623
┌ Warning: At t=-0.8296169172852154, dt was forced below floating point epsilon 1.1102230246251565e-16, and step error estimate = NaN. Aborting. There is either an error in your model specification or the true solution is unstable (or the true solution can not be represented in the precision of Float64).
└ @ SciMLBase ~/.julia/packages/SciMLBase/VW1cI/src/integrator_interface.jl:623
┌ Warning: At t=-0.9036761658264929, dt was forced below floating point epsilon 1.1102230246251565e-16, and step error estimate = 1.0315358405483475. Aborting. There is either an error in your model specification or the true solution is unstable (or the true solution can not be represented in the precision of Float64).
└ @ SciMLBase ~/.julia/packages/SciMLBase/VW1cI/src/integrator_interface.jl:623
┌ Warning: At t=0.6876787130780402, dt was forced below floating point epsilon 1.1102230246251565e-16, and step error estimate = 104.75228319741042. Aborting. There is either an error in your model specification or the true solution is unstable (or the true solution can not be represented in the precision of Float64).
└ @ SciMLBase ~/.julia/packages/SciMLBase/VW1cI/src/integrator_interface.jl:623
┌ Warning: At t=-0.4093001119050158, dt was forced below floating point epsilon 5.551115123125783e-17, and step error estimate = 2.3035190259759006. Aborting. There is either an error in your model specification or the true solution is unstable (or the true solution can not be represented in the precision of Float64).
└ @ SciMLBase ~/.julia/packages/SciMLBase/VW1cI/src/integrator_interface.jl:623
┌ Warning: At t=-0.8594131071499894, dt was forced below floating point epsilon 1.1102230246251565e-16, and step error estimate = NaN. Aborting. There is either an error in your model specification or the true solution is unstable (or the true solution can not be represented in the precision of Float64).
└ @ SciMLBase ~/.julia/packages/SciMLBase/VW1cI/src/integrator_interface.jl:623
┌ Warning: At t=-0.99, dt was forced below floating point epsilon 1.1102230246251565e-16, and step error estimate = NaN. Aborting. There is either an error in your model specification or the true solution is unstable (or the true solution can not be represented in the precision of Float64).
└ @ SciMLBase ~/.julia/packages/SciMLBase/VW1cI/src/integrator_interface.jl:623
┌ Warning: At t=-0.835794580626268, dt was forced below floating point epsilon 1.1102230246251565e-16, and step error estimate = 1.2021745747624677. Aborting. There is either an error in your model specification or the true solution is unstable (or the true solution can not be represented in the precision of Float64).
└ @ SciMLBase ~/.julia/packages/SciMLBase/VW1cI/src/integrator_interface.jl:623
┌ Warning: At t=-0.925166711431703, dt was forced below floating point epsilon 1.1102230246251565e-16, and step error estimate = 1.0288168583792512. Aborting. There is either an error in your model specification or the true solution is unstable (or the true solution can not be represented in the precision of Float64).
└ @ SciMLBase ~/.julia/packages/SciMLBase/VW1cI/src/integrator_interface.jl:623
┌ Warning: At t=0.7158262541310915, dt was forced below floating point epsilon 1.1102230246251565e-16, and step error estimate = 1.069535636417. Aborting. There is either an error in your model specification or the true solution is unstable (or the true solution can not be represented in the precision of Float64).
└ @ SciMLBase ~/.julia/packages/SciMLBase/VW1cI/src/integrator_interface.jl:623
┌ Warning: At t=-0.8482395311521304, dt was forced below floating point epsilon 1.1102230246251565e-16, and step error estimate = 1.4109753837924968. Aborting. There is either an error in your model specification or the true solution is unstable (or the true solution can not be represented in the precision of Float64).
└ @ SciMLBase ~/.julia/packages/SciMLBase/VW1cI/src/integrator_interface.jl:623
┌ Warning: At t=-0.26423248543892564, dt was forced below floating point epsilon 5.551115123125783e-17, and step error estimate = 1.2529232912463768. Aborting. There is either an error in your model specification or the true solution is unstable (or the true solution can not be represented in the precision of Float64).
└ @ SciMLBase ~/.julia/packages/SciMLBase/VW1cI/src/integrator_interface.jl:623
┌ Warning: At t=-0.99, dt was forced below floating point epsilon 1.1102230246251565e-16, and step error estimate = NaN. Aborting. There is either an error in your model specification or the true solution is unstable (or the true solution can not be represented in the precision of Float64).
└ @ SciMLBase ~/.julia/packages/SciMLBase/VW1cI/src/integrator_interface.jl:623
┌ Warning: At t=-0.009569183256178296, dt was forced below floating point epsilon 1.734723475976807e-18, and step error estimate = 1.3384777525444709. Aborting. There is either an error in your model specification or the true solution is unstable (or the true solution can not be represented in the precision of Float64).
└ @ SciMLBase ~/.julia/packages/SciMLBase/VW1cI/src/integrator_interface.jl:623
┌ Warning: At t=-0.09138608301250005, dt was forced below floating point epsilon 1.3877787807814457e-17, and step error estimate = 23.188386558481355. Aborting. There is either an error in your model specification or the true solution is unstable (or the true solution can not be represented in the precision of Float64).
└ @ SciMLBase ~/.julia/packages/SciMLBase/VW1cI/src/integrator_interface.jl:623
┌ Warning: At t=-0.9327893883808487, dt was forced below floating point epsilon 1.1102230246251565e-16, and step error estimate = 1.1022641542699407. Aborting. There is either an error in your model specification or the true solution is unstable (or the true solution can not be represented in the precision of Float64).
└ @ SciMLBase ~/.julia/packages/SciMLBase/VW1cI/src/integrator_interface.jl:623
┌ Warning: At t=-0.926685540173046, dt was forced below floating point epsilon 1.1102230246251565e-16, and step error estimate = 1.3215282872996088. Aborting. There is either an error in your model specification or the true solution is unstable (or the true solution can not be represented in the precision of Float64).
└ @ SciMLBase ~/.julia/packages/SciMLBase/VW1cI/src/integrator_interface.jl:623
┌ Warning: At t=-0.8399999946322994, dt was forced below floating point epsilon 1.1102230246251565e-16, and step error estimate = NaN. Aborting. There is either an error in your model specification or the true solution is unstable (or the true solution can not be represented in the precision of Float64).
└ @ SciMLBase ~/.julia/packages/SciMLBase/VW1cI/src/integrator_interface.jl:623
┌ Warning: At t=-0.5005648122355332, dt was forced below floating point epsilon 1.1102230246251565e-16, and step error estimate = 1.2424214760553869. Aborting. There is either an error in your model specification or the true solution is unstable (or the true solution can not be represented in the precision of Float64).
└ @ SciMLBase ~/.julia/packages/SciMLBase/VW1cI/src/integrator_interface.jl:623
┌ Warning: At t=-0.8292912286856563, dt was forced below floating point epsilon 1.1102230246251565e-16, and step error estimate = 1.338528407485996. Aborting. There is either an error in your model specification or the true solution is unstable (or the true solution can not be represented in the precision of Float64).
└ @ SciMLBase ~/.julia/packages/SciMLBase/VW1cI/src/integrator_interface.jl:623
┌ Warning: At t=-0.2169669727925999, dt was forced below floating point epsilon 2.7755575615628914e-17, and step error estimate = 1.0823063054927218. Aborting. There is either an error in your model specification or the true solution is unstable (or the true solution can not be represented in the precision of Float64).
└ @ SciMLBase ~/.julia/packages/SciMLBase/VW1cI/src/integrator_interface.jl:623
┌ Warning: At t=0.7818751710740166, dt was forced below floating point epsilon 1.1102230246251565e-16, and step error estimate = 398.54316157798655. Aborting. There is either an error in your model specification or the true solution is unstable (or the true solution can not be represented in the precision of Float64).
└ @ SciMLBase ~/.julia/packages/SciMLBase/VW1cI/src/integrator_interface.jl:623
┌ Warning: At t=-0.8399979232807051, dt was forced below floating point epsilon 1.1102230246251565e-16, and step error estimate = NaN. Aborting. There is either an error in your model specification or the true solution is unstable (or the true solution can not be represented in the precision of Float64).
└ @ SciMLBase ~/.julia/packages/SciMLBase/VW1cI/src/integrator_interface.jl:623
┌ Warning: At t=-0.9327893883808487, dt was forced below floating point epsilon 1.1102230246251565e-16, and step error estimate = 1.1022641542699407. Aborting. There is either an error in your model specification or the true solution is unstable (or the true solution can not be represented in the precision of Float64).
└ @ SciMLBase ~/.julia/packages/SciMLBase/VW1cI/src/integrator_interface.jl:623
┌ Warning: At t=-0.9178199516425334, dt was forced below floating point epsilon 1.1102230246251565e-16, and step error estimate = 1.0443928647924103. Aborting. There is either an error in your model specification or the true solution is unstable (or the true solution can not be represented in the precision of Float64).
└ @ SciMLBase ~/.julia/packages/SciMLBase/VW1cI/src/integrator_interface.jl:623
┌ Warning: At t=-0.838222471060339, dt was forced below floating point epsilon 1.1102230246251565e-16, and step error estimate = 1.2075286819500262. Aborting. There is either an error in your model specification or the true solution is unstable (or the true solution can not be represented in the precision of Float64).
└ @ SciMLBase ~/.julia/packages/SciMLBase/VW1cI/src/integrator_interface.jl:623
┌ Warning: At t=-0.9794242805931972, dt was forced below floating point epsilon 1.1102230246251565e-16, and step error estimate = 1.2479475543421694. Aborting. There is either an error in your model specification or the true solution is unstable (or the true solution can not be represented in the precision of Float64).
└ @ SciMLBase ~/.julia/packages/SciMLBase/VW1cI/src/integrator_interface.jl:623
┌ Warning: At t=-0.2600968240222255, dt was forced below floating point epsilon 5.551115123125783e-17, and step error estimate = 1.1627756893184489. Aborting. There is either an error in your model specification or the true solution is unstable (or the true solution can not be represented in the precision of Float64).
└ @ SciMLBase ~/.julia/packages/SciMLBase/VW1cI/src/integrator_interface.jl:623
┌ Warning: At t=-0.8890749414084118, dt was forced below floating point epsilon 1.1102230246251565e-16, and step error estimate = 1.3930715653600345. Aborting. There is either an error in your model specification or the true solution is unstable (or the true solution can not be represented in the precision of Float64).
└ @ SciMLBase ~/.julia/packages/SciMLBase/VW1cI/src/integrator_interface.jl:623
┌ Warning: At t=-0.9612020557872261, dt was forced below floating point epsilon 1.1102230246251565e-16, and step error estimate = 1.1872456339456368. Aborting. There is either an error in your model specification or the true solution is unstable (or the true solution can not be represented in the precision of Float64).
└ @ SciMLBase ~/.julia/packages/SciMLBase/VW1cI/src/integrator_interface.jl:623
┌ Warning: At t=0.41962431090714813, dt was forced below floating point epsilon 5.551115123125783e-17, and step error estimate = 1.4114748065741618. Aborting. There is either an error in your model specification or the true solution is unstable (or the true solution can not be represented in the precision of Float64).
└ @ SciMLBase ~/.julia/packages/SciMLBase/VW1cI/src/integrator_interface.jl:623
┌ Warning: At t=-0.7746047157316662, dt was forced below floating point epsilon 1.1102230246251565e-16, and step error estimate = NaN. Aborting. There is either an error in your model specification or the true solution is unstable (or the true solution can not be represented in the precision of Float64).
└ @ SciMLBase ~/.julia/packages/SciMLBase/VW1cI/src/integrator_interface.jl:623
┌ Warning: At t=0.7158262541310915, dt was forced below floating point epsilon 1.1102230246251565e-16, and step error estimate = 1.069535636417. Aborting. There is either an error in your model specification or the true solution is unstable (or the true solution can not be represented in the precision of Float64).
└ @ SciMLBase ~/.julia/packages/SciMLBase/VW1cI/src/integrator_interface.jl:623
┌ Warning: At t=-0.9368232938982258, dt was forced below floating point epsilon 1.1102230246251565e-16, and step error estimate = 1.075591288649145. Aborting. There is either an error in your model specification or the true solution is unstable (or the true solution can not be represented in the precision of Float64).
└ @ SciMLBase ~/.julia/packages/SciMLBase/VW1cI/src/integrator_interface.jl:623
┌ Warning: At t=-0.33087504664401884, dt was forced below floating point epsilon 5.551115123125783e-17, and step error estimate = NaN. Aborting. There is either an error in your model specification or the true solution is unstable (or the true solution can not be represented in the precision of Float64).
└ @ SciMLBase ~/.julia/packages/SciMLBase/VW1cI/src/integrator_interface.jl:623
┌ Warning: At t=-0.8673797358794673, dt was forced below floating point epsilon 1.1102230246251565e-16, and step error estimate = 1.1467611569944876. Aborting. There is either an error in your model specification or the true solution is unstable (or the true solution can not be represented in the precision of Float64).
└ @ SciMLBase ~/.julia/packages/SciMLBase/VW1cI/src/integrator_interface.jl:623
┌ Warning: At t=-0.8280918562749522, dt was forced below floating point epsilon 1.1102230246251565e-16, and step error estimate = 1.1363251787001183. Aborting. There is either an error in your model specification or the true solution is unstable (or the true solution can not be represented in the precision of Float64).
└ @ SciMLBase ~/.julia/packages/SciMLBase/VW1cI/src/integrator_interface.jl:623
┌ Warning: At t=-0.8383059502673561, dt was forced below floating point epsilon 1.1102230246251565e-16, and step error estimate = 2.700756335843085. Aborting. There is either an error in your model specification or the true solution is unstable (or the true solution can not be represented in the precision of Float64).
└ @ SciMLBase ~/.julia/packages/SciMLBase/VW1cI/src/integrator_interface.jl:623
┌ Warning: At t=-0.9899987233578662, dt was forced below floating point epsilon 1.1102230246251565e-16, and step error estimate = 1.101036433496623. Aborting. There is either an error in your model specification or the true solution is unstable (or the true solution can not be represented in the precision of Float64).
└ @ SciMLBase ~/.julia/packages/SciMLBase/VW1cI/src/integrator_interface.jl:623
┌ Warning: At t=-0.8383059502673561, dt was forced below floating point epsilon 1.1102230246251565e-16, and step error estimate = 2.700756335843085. Aborting. There is either an error in your model specification or the true solution is unstable (or the true solution can not be represented in the precision of Float64).
└ @ SciMLBase ~/.julia/packages/SciMLBase/VW1cI/src/integrator_interface.jl:623
┌ Warning: At t=-0.9849620805204505, dt was forced below floating point epsilon 1.1102230246251565e-16, and step error estimate = 1.2270275231703707. Aborting. There is either an error in your model specification or the true solution is unstable (or the true solution can not be represented in the precision of Float64).
└ @ SciMLBase ~/.julia/packages/SciMLBase/VW1cI/src/integrator_interface.jl:623
┌ Warning: At t=-0.837094210285863, dt was forced below floating point epsilon 1.1102230246251565e-16, and step error estimate = 1.0122002354799795. Aborting. There is either an error in your model specification or the true solution is unstable (or the true solution can not be represented in the precision of Float64).
└ @ SciMLBase ~/.julia/packages/SciMLBase/VW1cI/src/integrator_interface.jl:623
┌ Warning: At t=0.22742984076550848, dt was forced below floating point epsilon 2.7755575615628914e-17, and step error estimate = 133.12245072860938. Aborting. There is either an error in your model specification or the true solution is unstable (or the true solution can not be represented in the precision of Float64).
└ @ SciMLBase ~/.julia/packages/SciMLBase/VW1cI/src/integrator_interface.jl:623
┌ Warning: At t=0.7818751710740166, dt was forced below floating point epsilon 1.1102230246251565e-16, and step error estimate = 398.54316157798655. Aborting. There is either an error in your model specification or the true solution is unstable (or the true solution can not be represented in the precision of Float64).
└ @ SciMLBase ~/.julia/packages/SciMLBase/VW1cI/src/integrator_interface.jl:623
┌ Warning: At t=-0.8589208047370644, dt was forced below floating point epsilon 1.1102230246251565e-16, and step error estimate = 1.2619053961290194. Aborting. There is either an error in your model specification or the true solution is unstable (or the true solution can not be represented in the precision of Float64).
└ @ SciMLBase ~/.julia/packages/SciMLBase/VW1cI/src/integrator_interface.jl:623
┌ Warning: At t=-0.8101625996623156, dt was forced below floating point epsilon 1.1102230246251565e-16, and step error estimate = 1.393131793026475. Aborting. There is either an error in your model specification or the true solution is unstable (or the true solution can not be represented in the precision of Float64).
└ @ SciMLBase ~/.julia/packages/SciMLBase/VW1cI/src/integrator_interface.jl:623
┌ Warning: At t=-0.4812577954110488, dt was forced below floating point epsilon 5.551115123125783e-17, and step error estimate = 1.0924858323133988. Aborting. There is either an error in your model specification or the true solution is unstable (or the true solution can not be represented in the precision of Float64).
└ @ SciMLBase ~/.julia/packages/SciMLBase/VW1cI/src/integrator_interface.jl:623
┌ Warning: At t=-0.8357578567960564, dt was forced below floating point epsilon 1.1102230246251565e-16, and step error estimate = 1.0905740282390552. Aborting. There is either an error in your model specification or the true solution is unstable (or the true solution can not be represented in the precision of Float64).
└ @ SciMLBase ~/.julia/packages/SciMLBase/VW1cI/src/integrator_interface.jl:623
┌ Warning: At t=-0.8399999942414285, dt was forced below floating point epsilon 1.1102230246251565e-16, and step error estimate = NaN. Aborting. There is either an error in your model specification or the true solution is unstable (or the true solution can not be represented in the precision of Float64).
└ @ SciMLBase ~/.julia/packages/SciMLBase/VW1cI/src/integrator_interface.jl:623
┌ Warning: At t=-0.6060697108382599, dt was forced below floating point epsilon 1.1102230246251565e-16, and step error estimate = 1.006240953506752. Aborting. There is either an error in your model specification or the true solution is unstable (or the true solution can not be represented in the precision of Float64).
└ @ SciMLBase ~/.julia/packages/SciMLBase/VW1cI/src/integrator_interface.jl:623
┌ Warning: At t=-0.839999977905657, dt was forced below floating point epsilon 1.1102230246251565e-16, and step error estimate = NaN. Aborting. There is either an error in your model specification or the true solution is unstable (or the true solution can not be represented in the precision of Float64).
└ @ SciMLBase ~/.julia/packages/SciMLBase/VW1cI/src/integrator_interface.jl:623
┌ Warning: At t=-0.8399999972174228, dt was forced below floating point epsilon 1.1102230246251565e-16, and step error estimate = NaN. Aborting. There is either an error in your model specification or the true solution is unstable (or the true solution can not be represented in the precision of Float64).
└ @ SciMLBase ~/.julia/packages/SciMLBase/VW1cI/src/integrator_interface.jl:623
┌ Warning: At t=-0.09138608301250005, dt was forced below floating point epsilon 1.3877787807814457e-17, and step error estimate = 23.188386558481355. Aborting. There is either an error in your model specification or the true solution is unstable (or the true solution can not be represented in the precision of Float64).
└ @ SciMLBase ~/.julia/packages/SciMLBase/VW1cI/src/integrator_interface.jl:623
┌ Warning: At t=-0.4982360394553958, dt was forced below floating point epsilon 5.551115123125783e-17, and step error estimate = 1.1561399085353625. Aborting. There is either an error in your model specification or the true solution is unstable (or the true solution can not be represented in the precision of Float64).
└ @ SciMLBase ~/.julia/packages/SciMLBase/VW1cI/src/integrator_interface.jl:623
┌ Warning: At t=-0.6703295433235319, dt was forced below floating point epsilon 1.1102230246251565e-16, and step error estimate = 1.196344125634724. Aborting. There is either an error in your model specification or the true solution is unstable (or the true solution can not be represented in the precision of Float64).
└ @ SciMLBase ~/.julia/packages/SciMLBase/VW1cI/src/integrator_interface.jl:623
┌ Warning: At t=-0.5493093125426903, dt was forced below floating point epsilon 1.1102230246251565e-16, and step error estimate = 1.018618572497227. Aborting. There is either an error in your model specification or the true solution is unstable (or the true solution can not be represented in the precision of Float64).
└ @ SciMLBase ~/.julia/packages/SciMLBase/VW1cI/src/integrator_interface.jl:623
┌ Warning: At t=-0.9516687580229118, dt was forced below floating point epsilon 1.1102230246251565e-16, and step error estimate = 1.0193783177151694. Aborting. There is either an error in your model specification or the true solution is unstable (or the true solution can not be represented in the precision of Float64).
└ @ SciMLBase ~/.julia/packages/SciMLBase/VW1cI/src/integrator_interface.jl:623
┌ Warning: At t=-0.9671771908243486, dt was forced below floating point epsilon 1.1102230246251565e-16, and step error estimate = 1.0262591878110452. Aborting. There is either an error in your model specification or the true solution is unstable (or the true solution can not be represented in the precision of Float64).
└ @ SciMLBase ~/.julia/packages/SciMLBase/VW1cI/src/integrator_interface.jl:623
┌ Warning: At t=-0.714021804445176, dt was forced below floating point epsilon 1.1102230246251565e-16, and step error estimate = 1.0014115878079497. Aborting. There is either an error in your model specification or the true solution is unstable (or the true solution can not be represented in the precision of Float64).
└ @ SciMLBase ~/.julia/packages/SciMLBase/VW1cI/src/integrator_interface.jl:623
┌ Warning: At t=-0.9787809869511713, dt was forced below floating point epsilon 1.1102230246251565e-16, and step error estimate = NaN. Aborting. There is either an error in your model specification or the true solution is unstable (or the true solution can not be represented in the precision of Float64).
└ @ SciMLBase ~/.julia/packages/SciMLBase/VW1cI/src/integrator_interface.jl:623
┌ Warning: At t=-0.8399999904209519, dt was forced below floating point epsilon 1.1102230246251565e-16, and step error estimate = NaN. Aborting. There is either an error in your model specification or the true solution is unstable (or the true solution can not be represented in the precision of Float64).
└ @ SciMLBase ~/.julia/packages/SciMLBase/VW1cI/src/integrator_interface.jl:623
┌ Warning: At t=-0.8399981562221608, dt was forced below floating point epsilon 1.1102230246251565e-16, and step error estimate = NaN. Aborting. There is either an error in your model specification or the true solution is unstable (or the true solution can not be represented in the precision of Float64).
└ @ SciMLBase ~/.julia/packages/SciMLBase/VW1cI/src/integrator_interface.jl:623
┌ Warning: At t=-0.6564140645155047, dt was forced below floating point epsilon 1.1102230246251565e-16, and step error estimate = 67.93833038041753. Aborting. There is either an error in your model specification or the true solution is unstable (or the true solution can not be represented in the precision of Float64).
└ @ SciMLBase ~/.julia/packages/SciMLBase/VW1cI/src/integrator_interface.jl:623
┌ Warning: At t=-0.33087504664401884, dt was forced below floating point epsilon 5.551115123125783e-17, and step error estimate = NaN. Aborting. There is either an error in your model specification or the true solution is unstable (or the true solution can not be represented in the precision of Float64).
└ @ SciMLBase ~/.julia/packages/SciMLBase/VW1cI/src/integrator_interface.jl:623
┌ Warning: At t=-0.839999997875407, dt was forced below floating point epsilon 1.1102230246251565e-16, and step error estimate = NaN. Aborting. There is either an error in your model specification or the true solution is unstable (or the true solution can not be represented in the precision of Float64).
└ @ SciMLBase ~/.julia/packages/SciMLBase/VW1cI/src/integrator_interface.jl:623
┌ Warning: At t=-0.8399430241041415, dt was forced below floating point epsilon 1.1102230246251565e-16, and step error estimate = NaN. Aborting. There is either an error in your model specification or the true solution is unstable (or the true solution can not be represented in the precision of Float64).
└ @ SciMLBase ~/.julia/packages/SciMLBase/VW1cI/src/integrator_interface.jl:623
┌ Warning: At t=-0.0013387302508968473, dt was forced below floating point epsilon 2.168404344971009e-19, and step error estimate = NaN. Aborting. There is either an error in your model specification or the true solution is unstable (or the true solution can not be represented in the precision of Float64).
└ @ SciMLBase ~/.julia/packages/SciMLBase/VW1cI/src/integrator_interface.jl:623
┌ Warning: At t=-0.6989246282086199, dt was forced below floating point epsilon 1.1102230246251565e-16, and step error estimate = 1.2961876311084233. Aborting. There is either an error in your model specification or the true solution is unstable (or the true solution can not be represented in the precision of Float64).
└ @ SciMLBase ~/.julia/packages/SciMLBase/VW1cI/src/integrator_interface.jl:623
┌ Warning: At t=-0.839999944263673, dt was forced below floating point epsilon 1.1102230246251565e-16, and step error estimate = NaN. Aborting. There is either an error in your model specification or the true solution is unstable (or the true solution can not be represented in the precision of Float64).
└ @ SciMLBase ~/.julia/packages/SciMLBase/VW1cI/src/integrator_interface.jl:623
┌ Warning: At t=-0.9517810040291829, dt was forced below floating point epsilon 1.1102230246251565e-16, and step error estimate = 1.178453928824527. Aborting. There is either an error in your model specification or the true solution is unstable (or the true solution can not be represented in the precision of Float64).
└ @ SciMLBase ~/.julia/packages/SciMLBase/VW1cI/src/integrator_interface.jl:623
┌ Warning: At t=-0.925166711431703, dt was forced below floating point epsilon 1.1102230246251565e-16, and step error estimate = 1.0288168583792512. Aborting. There is either an error in your model specification or the true solution is unstable (or the true solution can not be represented in the precision of Float64).
└ @ SciMLBase ~/.julia/packages/SciMLBase/VW1cI/src/integrator_interface.jl:623
┌ Warning: At t=-0.6989246282175138, dt was forced below floating point epsilon 1.1102230246251565e-16, and step error estimate = 1.0323837827515066. Aborting. There is either an error in your model specification or the true solution is unstable (or the true solution can not be represented in the precision of Float64).
└ @ SciMLBase ~/.julia/packages/SciMLBase/VW1cI/src/integrator_interface.jl:623
┌ Warning: At t=-0.9519534240733567, dt was forced below floating point epsilon 1.1102230246251565e-16, and step error estimate = 1.0648601602804215. Aborting. There is either an error in your model specification or the true solution is unstable (or the true solution can not be represented in the precision of Float64).
└ @ SciMLBase ~/.julia/packages/SciMLBase/VW1cI/src/integrator_interface.jl:623
┌ Warning: At t=-0.837094210285863, dt was forced below floating point epsilon 1.1102230246251565e-16, and step error estimate = 1.0122002354799795. Aborting. There is either an error in your model specification or the true solution is unstable (or the true solution can not be represented in the precision of Float64).
└ @ SciMLBase ~/.julia/packages/SciMLBase/VW1cI/src/integrator_interface.jl:623
┌ Warning: At t=-0.10871726606867342, dt was forced below floating point epsilon 1.3877787807814457e-17, and step error estimate = 1.3364185803683186. Aborting. There is either an error in your model specification or the true solution is unstable (or the true solution can not be represented in the precision of Float64).
└ @ SciMLBase ~/.julia/packages/SciMLBase/VW1cI/src/integrator_interface.jl:623
┌ Warning: At t=-0.7768387013472359, dt was forced below floating point epsilon 1.1102230246251565e-16, and step error estimate = 1.4064039311469625. Aborting. There is either an error in your model specification or the true solution is unstable (or the true solution can not be represented in the precision of Float64).
└ @ SciMLBase ~/.julia/packages/SciMLBase/VW1cI/src/integrator_interface.jl:623
┌ Warning: At t=-0.5827090710962542, dt was forced below floating point epsilon 1.1102230246251565e-16, and step error estimate = 1.0344073992011855. Aborting. There is either an error in your model specification or the true solution is unstable (or the true solution can not be represented in the precision of Float64).
└ @ SciMLBase ~/.julia/packages/SciMLBase/VW1cI/src/integrator_interface.jl:623
┌ Warning: At t=-0.7597500072515438, dt was forced below floating point epsilon 1.1102230246251565e-16, and step error estimate = NaN. Aborting. There is either an error in your model specification or the true solution is unstable (or the true solution can not be represented in the precision of Float64).
└ @ SciMLBase ~/.julia/packages/SciMLBase/VW1cI/src/integrator_interface.jl:623
┌ Warning: At t=-0.08952661972837339, dt was forced below floating point epsilon 1.3877787807814457e-17, and step error estimate = 14.870344595168293. Aborting. There is either an error in your model specification or the true solution is unstable (or the true solution can not be represented in the precision of Float64).
└ @ SciMLBase ~/.julia/packages/SciMLBase/VW1cI/src/integrator_interface.jl:623
┌ Warning: At t=-0.9516687580229118, dt was forced below floating point epsilon 1.1102230246251565e-16, and step error estimate = 1.0193783177151694. Aborting. There is either an error in your model specification or the true solution is unstable (or the true solution can not be represented in the precision of Float64).
└ @ SciMLBase ~/.julia/packages/SciMLBase/VW1cI/src/integrator_interface.jl:623
┌ Warning: At t=-0.9884345532987299, dt was forced below floating point epsilon 1.1102230246251565e-16, and step error estimate = 1.066993112509206. Aborting. There is either an error in your model specification or the true solution is unstable (or the true solution can not be represented in the precision of Float64).
└ @ SciMLBase ~/.julia/packages/SciMLBase/VW1cI/src/integrator_interface.jl:623
LinearAlgebra.PosDefException(2)
LinearAlgebra.PosDefException(2)
LinearAlgebra.PosDefException(5)
LinearAlgebra.PosDefException(3)
LinearAlgebra.PosDefException(4)
LinearAlgebra.PosDefException(3)
LinearAlgebra.PosDefException(4)
LinearAlgebra.PosDefException(4)
LinearAlgebra.PosDefException(5)
LinearAlgebra.PosDefException(42)
LinearAlgebra.PosDefException(16)
LinearAlgebra.PosDefException(61)
LinearAlgebra.PosDefException(10)
LinearAlgebra.PosDefException(11)
LinearAlgebra.PosDefException(5)
LinearAlgebra.PosDefException(6)
LinearAlgebra.PosDefException(33)
LinearAlgebra.PosDefException(144)
LinearAlgebra.PosDefException(3)
LinearAlgebra.PosDefException(4)
LinearAlgebra.PosDefException(4)
LinearAlgebra.PosDefException(6)
LinearAlgebra.PosDefException(5)
LinearAlgebra.PosDefException(5)
LinearAlgebra.PosDefException(34)
LinearAlgebra.PosDefException(157)
LinearAlgebra.PosDefException(2)
LinearAlgebra.PosDefException(2)
LinearAlgebra.PosDefException(4)
LinearAlgebra.PosDefException(6)
LinearAlgebra.PosDefException(2)
LinearAlgebra.PosDefException(6)
LinearAlgebra.PosDefException(3)
LinearAlgebra.PosDefException(5)
LinearAlgebra.PosDefException(2)
LinearAlgebra.PosDefException(3)
LinearAlgebra.PosDefException(2)
LinearAlgebra.PosDefException(3)
LinearAlgebra.PosDefException(2)
LinearAlgebra.PosDefException(3)
LinearAlgebra.PosDefException(3)
LinearAlgebra.PosDefException(3)
LinearAlgebra.PosDefException(2)
LinearAlgebra.PosDefException(3)
LinearAlgebra.PosDefException(3)
LinearAlgebra.PosDefException(3)
LinearAlgebra.PosDefException(37)
LinearAlgebra.PosDefException(7)
LinearAlgebra.PosDefException(45)
LinearAlgebra.PosDefException(7)
LinearAlgebra.PosDefException(6)
LinearAlgebra.PosDefException(45)
LinearAlgebra.PosDefException(8)
LinearAlgebra.PosDefException(11)
LinearAlgebra.PosDefException(13)
LinearAlgebra.PosDefException(73)
LinearAlgebra.PosDefException(8)
LinearAlgebra.PosDefException(9)
LinearAlgebra.PosDefException(9)
LinearAlgebra.PosDefException(6)
LinearAlgebra.PosDefException(10)
LinearAlgebra.PosDefException(6)
LinearAlgebra.PosDefException(7)
LinearAlgebra.PosDefException(7)
LinearAlgebra.PosDefException(27)
LinearAlgebra.PosDefException(59)
LinearAlgebra.PosDefException(90)
LinearAlgebra.PosDefException(2)
LinearAlgebra.PosDefException(2)
LinearAlgebra.PosDefException(3)
LinearAlgebra.PosDefException(3)
LinearAlgebra.PosDefException(4)
LinearAlgebra.PosDefException(3)
LinearAlgebra.PosDefException(5)
LinearAlgebra.PosDefException(4)
LinearAlgebra.PosDefException(4)
LinearAlgebra.PosDefException(45)
LinearAlgebra.PosDefException(9)
LinearAlgebra.PosDefException(5)
LinearAlgebra.PosDefException(16)
LinearAlgebra.PosDefException(2)
LinearAlgebra.PosDefException(4)
LinearAlgebra.PosDefException(4)
LinearAlgebra.PosDefException(4)
LinearAlgebra.PosDefException(35)
LinearAlgebra.PosDefException(148)
LinearAlgebra.PosDefException(2)
LinearAlgebra.PosDefException(2)
LinearAlgebra.PosDefException(4)
LinearAlgebra.PosDefException(4)
LinearAlgebra.PosDefException(2)
LinearAlgebra.PosDefException(2)
LinearAlgebra.PosDefException(2)
LinearAlgebra.PosDefException(4)
LinearAlgebra.PosDefException(3)
LinearAlgebra.PosDefException(3)
LinearAlgebra.PosDefException(2)
LinearAlgebra.PosDefException(4)
LinearAlgebra.PosDefException(3)
LinearAlgebra.PosDefException(2)
LinearAlgebra.PosDefException(3)
LinearAlgebra.PosDefException(3)
LinearAlgebra.PosDefException(6)
LinearAlgebra.PosDefException(2)
LinearAlgebra.PosDefException(4)
LinearAlgebra.PosDefException(4)
LinearAlgebra.PosDefException(30)
LinearAlgebra.PosDefException(6)
LinearAlgebra.PosDefException(49)
LinearAlgebra.PosDefException(7)
LinearAlgebra.PosDefException(6)
LinearAlgebra.PosDefException(45)
LinearAlgebra.PosDefException(6)
LinearAlgebra.PosDefException(9)
LinearAlgebra.PosDefException(7)
LinearAlgebra.PosDefException(6)
LinearAlgebra.PosDefException(6)
LinearAlgebra.PosDefException(22)
LinearAlgebra.PosDefException(181)
LinearAlgebra.PosDefException(6)
LinearAlgebra.PosDefException(5)
LinearAlgebra.PosDefException(7)
LinearAlgebra.PosDefException(6)
LinearAlgebra.PosDefException(11)
LinearAlgebra.PosDefException(42)
LinearAlgebra.PosDefException(141)
LinearAlgebra.PosDefException(2)
LinearAlgebra.PosDefException(5)
LinearAlgebra.PosDefException(3)
LinearAlgebra.PosDefException(4)
LinearAlgebra.PosDefException(7)
LinearAlgebra.PosDefException(5)
LinearAlgebra.PosDefException(7)
LinearAlgebra.PosDefException(12)
LinearAlgebra.PosDefException(45)
LinearAlgebra.PosDefException(107)
LinearAlgebra.PosDefException(2)
LinearAlgebra.PosDefException(2)
LinearAlgebra.PosDefException(4)
LinearAlgebra.PosDefException(4)
LinearAlgebra.PosDefException(3)
LinearAlgebra.PosDefException(3)
LinearAlgebra.PosDefException(6)
LinearAlgebra.PosDefException(5)
LinearAlgebra.PosDefException(4)
LinearAlgebra.PosDefException(40)
LinearAlgebra.PosDefException(5)
LinearAlgebra.PosDefException(8)
LinearAlgebra.PosDefException(5)
LinearAlgebra.PosDefException(5)
LinearAlgebra.PosDefException(69)
LinearAlgebra.PosDefException(2)
LinearAlgebra.PosDefException(2)
LinearAlgebra.PosDefException(4)
LinearAlgebra.PosDefException(4)
LinearAlgebra.PosDefException(3)
LinearAlgebra.PosDefException(3)
LinearAlgebra.PosDefException(2)
LinearAlgebra.PosDefException(4)
LinearAlgebra.PosDefException(2)
LinearAlgebra.PosDefException(3)
LinearAlgebra.PosDefException(3)
LinearAlgebra.PosDefException(4)
LinearAlgebra.PosDefException(2)
LinearAlgebra.PosDefException(2)
LinearAlgebra.PosDefException(3)
LinearAlgebra.PosDefException(5)
LinearAlgebra.PosDefException(2)
LinearAlgebra.PosDefException(2)
LinearAlgebra.PosDefException(4)
LinearAlgebra.PosDefException(5)
LinearAlgebra.PosDefException(34)
LinearAlgebra.PosDefException(5)
LinearAlgebra.PosDefException(48)
LinearAlgebra.PosDefException(7)
LinearAlgebra.PosDefException(7)
LinearAlgebra.PosDefException(42)
LinearAlgebra.PosDefException(8)
LinearAlgebra.PosDefException(43)
LinearAlgebra.PosDefException(2)
LinearAlgebra.PosDefException(4)
LinearAlgebra.PosDefException(4)
LinearAlgebra.PosDefException(6)
LinearAlgebra.PosDefException(4)
LinearAlgebra.PosDefException(7)
LinearAlgebra.PosDefException(7)
LinearAlgebra.PosDefException(8)
LinearAlgebra.PosDefException(35)
LinearAlgebra.PosDefException(121)
LinearAlgebra.PosDefException(5)
LinearAlgebra.PosDefException(10)
LinearAlgebra.PosDefException(8)
LinearAlgebra.PosDefException(8)
LinearAlgebra.PosDefException(7)
LinearAlgebra.PosDefException(6)
LinearAlgebra.PosDefException(6)
LinearAlgebra.PosDefException(7)
LinearAlgebra.PosDefException(41)
LinearAlgebra.PosDefException(64)
LinearAlgebra.PosDefException(131)
LinearAlgebra.PosDefException(145)
LinearAlgebra.PosDefException(179)
LinearAlgebra.PosDefException(6)
LinearAlgebra.PosDefException(6)
LinearAlgebra.PosDefException(6)
LinearAlgebra.PosDefException(6)
LinearAlgebra.PosDefException(7)
LinearAlgebra.PosDefException(6)
LinearAlgebra.PosDefException(7)
LinearAlgebra.PosDefException(7)
LinearAlgebra.PosDefException(25)
LinearAlgebra.PosDefException(64)
LinearAlgebra.PosDefException(84)
LinearAlgebra.PosDefException(136)
LinearAlgebra.PosDefException(151)
LinearAlgebra.PosDefException(152)
LinearAlgebra.PosDefException(6)
LinearAlgebra.PosDefException(7)
LinearAlgebra.PosDefException(6)
LinearAlgebra.PosDefException(6)
LinearAlgebra.PosDefException(6)
LinearAlgebra.PosDefException(6)
LinearAlgebra.PosDefException(6)
LinearAlgebra.PosDefException(10)
LinearAlgebra.PosDefException(41)
LinearAlgebra.PosDefException(66)
LinearAlgebra.PosDefException(128)
LinearAlgebra.PosDefException(135)
LinearAlgebra.PosDefException(147)
LinearAlgebra.PosDefException(159)
LinearAlgebra.PosDefException(167)
LinearAlgebra.PosDefException(182)
LinearAlgebra.PosDefException(162)
LinearAlgebra.PosDefException(178)
LinearAlgebra.PosDefException(8)
LinearAlgebra.PosDefException(9)
LinearAlgebra.PosDefException(7)
LinearAlgebra.PosDefException(6)
LinearAlgebra.PosDefException(8)
LinearAlgebra.PosDefException(7)
LinearAlgebra.PosDefException(7)
LinearAlgebra.PosDefException(7)
LinearAlgebra.PosDefException(33)
LinearAlgebra.PosDefException(70)
LinearAlgebra.PosDefException(79)
LinearAlgebra.PosDefException(128)
LinearAlgebra.PosDefException(139)
LinearAlgebra.PosDefException(159)
LinearAlgebra.PosDefException(168)
LinearAlgebra.PosDefException(191)
LinearAlgebra.PosDefException(171)
LinearAlgebra.PosDefException(197)
LinearAlgebra.PosDefException(167)
LinearAlgebra.PosDefException(170)
LinearAlgebra.PosDefException(184)
LinearAlgebra.PosDefException(169)
LinearAlgebra.PosDefException(174)
LinearAlgebra.PosDefException(186)
LinearAlgebra.PosDefException(178)
LinearAlgebra.PosDefException(150)
LinearAlgebra.PosDefException(176)
LinearAlgebra.PosDefException(167)
LinearAlgebra.PosDefException(182)
LinearAlgebra.PosDefException(170)
LinearAlgebra.PosDefException(173)
LinearAlgebra.PosDefException(185)
LinearAlgebra.PosDefException(155)
LinearAlgebra.PosDefException(193)
LinearAlgebra.PosDefException(182)
LinearAlgebra.PosDefException(171)
LinearAlgebra.PosDefException(174)
LinearAlgebra.PosDefException(163)
LinearAlgebra.PosDefException(195)
LinearAlgebra.PosDefException(177)
LinearAlgebra.PosDefException(171)
LinearAlgebra.PosDefException(185)
LinearAlgebra.PosDefException(185)
LinearAlgebra.PosDefException(192)
LinearAlgebra.PosDefException(175)
LinearAlgebra.PosDefException(183)
LinearAlgebra.PosDefException(177)
LinearAlgebra.PosDefException(183)
LinearAlgebra.PosDefException(181)
LinearAlgebra.PosDefException(164)
LinearAlgebra.PosDefException(182)
LinearAlgebra.PosDefException(176)
LinearAlgebra.PosDefException(160)
LinearAlgebra.PosDefException(169)
LinearAlgebra.PosDefException(172)
LinearAlgebra.PosDefException(172)
Optimization improved residual by 0.004362918662426677 (from 0.004362918662439129 to 1.2451635966862846e-14)
Optimization improved residual by 0.0010291929664543455 (from 0.0010291929672793289 to 8.249834099237402e-13)
Optimization improved residual by 0.02008201864629507 (from 0.020082018646321986 to 2.6914561090565014e-14)
Optimization did not improve residual (initial: 2.281101388684445e-15, final: 2.281101388684445e-15)
Optimization improved residual by 3.0933921659753296 (from 3.0933921659756223 to 2.9274759370486445e-13)
Optimization did not improve residual (initial: 2.281101388684445e-15, final: 2.281101388684445e-15)
Optimization did not improve residual (initial: 4.042663624659542e-18, final: 4.042663624659542e-18)
Optimization improved residual by 4.424971783275129e-6 (from 4.424971866931201e-6 to 8.365607249287648e-14)
Optimization improved residual by 0.016367723951495713 (from 0.016367723951511093 to 1.5378573091729375e-14)
Optimization did not improve residual (initial: 5.5051586423147555e-17, final: 5.5051586423147555e-17)
Optimization improved residual by 0.33040447569562853 (from 0.3304044756965567 to 9.28119277082291e-13)
Optimization improved residual by 0.0038177523239556824 (from 0.003817752324097101 to 1.4141856488110144e-13)
Optimization improved residual by 0.01657306650655185 (from 0.01657306650708182 to 5.299693304113774e-13)
Optimization improved residual by 0.00032225894317079555 (from 0.0003222589432895739 to 1.187783380100798e-13)
Optimization did not improve residual (initial: 2.1501558431410528e-17, final: 2.1501558431410528e-17)
Optimization improved residual by 0.028848290486051694 (from 0.028848290486111327 to 5.963284372993775e-14)
Optimization did not improve residual (initial: 4.185763955965295e-18, final: 4.185763955965295e-18)
Optimization improved residual by 0.00897135581009648 (from 0.008971355810110231 to 1.3750308829941311e-14)
Optimization improved residual by 0.0001809215776210328 (from 0.00018092157800156798 to 3.805351725731612e-13)
Optimization did not improve residual (initial: 1.5386482684444576e-16, final: 1.5386482684444576e-16)
Optimization did not improve residual (initial: 4.170821657875425e-17, final: 4.170821657875425e-17)
Optimization improved residual by 0.027619161807040493 (from 0.027619161807063062 to 2.2570422539678923e-14)
Optimization did not improve residual (initial: 1.2099242531126861e-17, final: 1.2099242531126861e-17)
Optimization did not improve residual (initial: 5.396170452738449e-16, final: 5.396170452738449e-16)
Optimization improved residual by 0.05708337578028673 (from 0.05708337578080304 to 5.163121981135057e-13)
Optimization improved residual by 0.37228603060028276 (from 0.3722860306003019 to 1.914598035679692e-14)
Optimization improved residual by 0.027619161806756345 (from 0.027619161807063065 to 3.0671937863686387e-13)
Optimization improved residual by 0.04226726514121327 (from 0.04226726514126193 to 4.8663596749942024e-14)
Optimization improved residual by 0.0003352226734676194 (from 0.0003352226738507305 to 3.831111059200542e-13)
Optimization improved residual by 0.0007634060945275308 (from 0.000763406095194992 to 6.674612273958534e-13)
Optimization improved residual by 0.022605612395489468 (from 0.022605612395534398 to 4.4928712462281524e-14)
Optimization improved residual by 0.37228603060028953 (from 0.3722860306003019 to 1.2379277188328532e-14)
Optimization improved residual by 0.2369726922145571 (from 0.23697269221455988 to 2.7809617362188972e-15)
Optimization improved residual by 0.017400684784998705 (from 0.01740068478550521 to 5.065030496529769e-13)
Optimization improved residual by 0.012952598585134069 (from 0.012952598585250297 to 1.162288489214725e-13)
Optimization improved residual by 0.0003352226738396909 (from 0.00033522267385073057 to 1.1039681531663578e-14)
Optimization improved residual by 0.0020009017522210465 (from 0.002000901752328312 to 1.0726543326034272e-13)
Optimization improved residual by 0.024600750378235964 (from 0.02460075037824134 to 5.374170648790372e-15)
Optimization improved residual by 0.0009476317069923249 (from 0.0009476317070197601 to 2.743520530234125e-14)
Optimization improved residual by 0.0022067663329537776 (from 0.0022067663331088185 to 1.5504104610098857e-13)
Optimization improved residual by 0.024600750378235964 (from 0.02460075037824134 to 5.374170648790372e-15)
Optimization improved residual by 0.028848290486051694 (from 0.028848290486111327 to 5.963284372993775e-14)
Optimization improved residual by 0.027619161807040493 (from 0.027619161807063062 to 2.2570422539678923e-14)
Optimization did not improve residual (initial: 5.162597414589511e-19, final: 5.162597414589511e-19)
Optimization improved residual by 0.10258680988256735 (from 0.10258680988258077 to 1.342262770911475e-14)
Optimization improved residual by 0.023618807262007515 (from 0.023618807262053745 to 4.6232083259546187e-14)
Optimization improved residual by 0.002074658117869858 (from 0.0020746581179896884 to 1.1983052954851617e-13)
Optimization did not improve residual (initial: 2.281884958290191e-17, final: 2.281884958290191e-17)
Optimization improved residual by 0.00024308115456051827 (from 0.0002430811547037148 to 1.4319650720109613e-13)
Optimization improved residual by 0.0023590129924423698 (from 0.002359012992446909 to 4.5392097307622636e-15)
Optimization improved residual by 0.006153898103791848 (from 0.006153898104488748 to 6.968996026598791e-13)
Optimization improved residual by 0.0010025561226124245 (from 0.001002556123454361 to 8.419365026071027e-13)
Optimization improved residual by 0.028882030537351607 (from 0.02888203053759988 to 2.4827195784680374e-13)
Optimization improved residual by 0.0011000702392425308 (from 0.0011000702394789916 to 2.3646077368834033e-13)
Optimization improved residual by 0.016367723951444712 (from 0.0163677239515111 to 6.63873735008749e-14)
Optimization improved residual by 0.027619161806756345 (from 0.027619161807063065 to 3.0671937863686387e-13)
Optimization improved residual by 0.0022067663330468212 (from 0.0022067663331088185 to 6.199748591245692e-14)
Optimization improved residual by 0.03297390360840293 (from 0.03297390360923373 to 8.308036017174263e-13)
Optimization improved residual by 0.04226726514124613 (from 0.04226726514126193 to 1.5802054220252816e-14)
Optimization improved residual by 0.002748719753504308 (from 0.0027487197535071843 to 2.8763871781493882e-15)
Optimization did not improve residual (initial: 1.773071848099951e-18, final: 1.773071848099951e-18)
Optimization did not improve residual (initial: 1.5688481810245686e-18, final: 1.5688481810245686e-18)
Optimization improved residual by 0.001940788869015411 (from 0.0019407888692249365 to 2.0952556052837329e-13)
Optimization improved residual by 0.0014618170798318469 (from 0.0014618170798926262 to 6.077930256136508e-14)
Optimization improved residual by 0.0009619515488507634 (from 0.000961951549271508 to 4.207445819157109e-13)
Optimization improved residual by 0.0007405057898562858 (from 0.0007405057898628292 to 6.543533177017204e-15)
Optimization improved residual by 0.01657306650655185 (from 0.01657306650708182 to 5.299693304113774e-13)
Optimization improved residual by 0.1777900674803702 (from 0.1777900674805626 to 1.923919266033956e-13)
Optimization improved residual by 5.640211713369505e-5 (from 5.6402117447007814e-5 to 3.133127653760217e-13)
Optimization improved residual by 0.0008480971621453025 (from 0.0008480971631328152 to 9.875126449775189e-13)
Optimization improved residual by 2.954199872615185e-6 (from 2.9541999467982485e-6 to 7.41830635377737e-14)
Optimization improved residual by 0.0033499876536854426 (from 0.003349987653690573 to 5.130501875244119e-15)
Optimization improved residual by 0.33040447569562853 (from 0.3304044756965567 to 9.28119277082291e-13)
Optimization improved residual by 2.079818270309013e-16 (from 2.8511688966590933e-16 to 7.713506263500802e-17)
Optimization improved residual by 0.061592587722787785 (from 0.06159258772282752 to 3.972965301335784e-14)
Optimization improved residual by 2.9541999466103173e-6 (from 2.9541999467982485e-6 to 1.879313426721803e-16)
Optimization improved residual by 0.0048118900346883885 (from 0.0048118900347079675 to 1.9579162827681034e-14)
Optimization improved residual by 0.0047100726451255685 (from 0.004710072645201389 to 7.582070763780099e-14)
Optimization improved residual by 0.00897135581009648 (from 0.008971355810110231 to 1.3750308829941311e-14)
Optimization improved residual by 0.0008783524635855918 (from 0.0008783524637115017 to 1.2590994544175922e-13)
Optimization improved residual by 0.0009849749317492648 (from 0.0009849749321259882 to 3.767234754791636e-13)
Optimization did not improve residual (initial: 9.426766090717334e-13, final: 9.426766090717334e-13)
Optimization improved residual by 0.030899347999583198 (from 0.03089934799959027 to 7.069561350242191e-15)
Optimization did not improve residual (initial: 2.1656114791925263e-16, final: 2.1656114791925263e-16)
Optimization improved residual by 0.016367723951495713 (from 0.016367723951511093 to 1.5378573091729375e-14)
Optimization improved residual by 4.424971635278058e-6 (from 4.424971866931214e-6 to 2.3165315596109993e-13)
Optimization did not improve residual (initial: 1.5830075004365363e-18, final: 1.5830075004365363e-18)
Optimization improved residual by 0.08979835324049787 (from 0.0897983532409663 to 4.684309503416592e-13)
Optimization improved residual by 0.33040447569573816 (from 0.3304044756965566 to 8.184657057602328e-13)
Optimization did not improve residual (initial: 1.2918491914736643e-17, final: 1.2918491914736643e-17)
Optimization improved residual by 0.030899347999105656 (from 0.03089934799959027 to 4.84612855726137e-13)
Optimization improved residual by 0.002449492866223439 (from 0.0024494928665965117 to 3.7307249179267617e-13)
Optimization improved residual by 0.00024308115468156457 (from 0.0002430811547037148 to 2.2150234887070858e-14)
Optimization improved residual by 4.424971783275129e-6 (from 4.424971866931201e-6 to 8.365607249287648e-14)
Optimization improved residual by 0.022808219830338997 (from 0.022808219830517767 to 1.7876871804629783e-13)
Optimization improved residual by 0.0020009017522107523 (from 0.002000901752328312 to 1.175594122813799e-13)
Optimization improved residual by 0.0020746581175857814 (from 0.0020746581179896884 to 4.039067722121749e-13)
Optimization improved residual by 0.0011570273847867141 (from 0.001157027384817198 to 3.0483856041397786e-14)
Optimization improved residual by 0.0007405057897332474 (from 0.0007405057898628294 to 1.2958198201485939e-13)
Optimization improved residual by 0.0010291929672736936 (from 0.0010291929672793278 to 5.63412747244679e-15)
Optimization improved residual by 0.019699606386369934 (from 0.019699606386374142 to 4.207105099115453e-15)
Optimization did not improve residual (initial: 9.723291048712458e-17, final: 9.723291048712458e-17)
Optimization improved residual by 0.024600750378238133 (from 0.024600750378241342 to 3.209365906900606e-15)
Optimization improved residual by 0.0012329166374711233 (from 0.0012329166375641054 to 9.298205143261622e-14)
Optimization improved residual by 0.0020746581175857814 (from 0.0020746581179896884 to 4.039067722121749e-13)
Optimization improved residual by 0.02174019272833816 (from 0.021740192728353695 to 1.5535600313098694e-14)
Optimization improved residual by 0.061592587722787785 (from 0.06159258772282752 to 3.972965301335784e-14)
Optimization improved residual by 1.0608251703674618 (from 1.0608251703680989 to 6.370558421735402e-13)
Optimization improved residual by 0.0559242690027057 (from 0.05592426900275247 to 4.6769930403825223e-14)
Optimization improved residual by 0.0011002388033441058 (from 0.001100238803359985 to 1.5879140280720506e-14)
Optimization improved residual by 0.000856211262281896 (from 0.0008562112622872081 to 5.312088895447243e-15)
Optimization improved residual by 0.0006706107487057704 (from 0.000670610748720743 to 1.497262061552134e-14)
Optimization did not improve residual (initial: 1.7070906950191504e-19, final: 1.7070906950191504e-19)
Optimization improved residual by 0.0015172490943076533 (from 0.0015172490943137441 to 6.090903768974159e-15)
Optimization improved residual by 0.0009619515492209036 (from 0.000961951549271508 to 5.060443140549211e-14)
Optimization improved residual by 0.030899347999105656 (from 0.03089934799959027 to 4.84612855726137e-13)
Optimization improved residual by 0.01036280569378693 (from 0.010362805693795515 to 8.584978494596766e-15)
Optimization improved residual by 0.006258082876530371 (from 0.006258082876554498 to 2.4127409140795213e-14)
Optimization improved residual by 0.0011570273848074736 (from 0.001157027384817198 to 9.724363657988424e-15)
Optimization improved residual by 0.017214803549011743 (from 0.017214803549736583 to 7.248418676812994e-13)
Optimization improved residual by 0.0006371703503935155 (from 0.0006371703507744413 to 3.809258395816123e-13)
Optimization improved residual by 0.05708337578069033 (from 0.05708337578080304 to 1.1270849223679735e-13)
Optimization improved residual by 0.0036730768447013704 (from 0.003673076844706119 to 4.7484311944686875e-15)
Optimization improved residual by 0.0006371703503935155 (from 0.0006371703507744413 to 3.809258395816123e-13)
Optimization improved residual by 0.000979990668778561 (from 0.0009799906691514545 to 3.728935705005476e-13)
Optimization improved residual by 0.08979835324031107 (from 0.08979835324096633 to 6.552578308158319e-13)
Optimization improved residual by 0.17779006748050896 (from 0.1777900674805626 to 5.364915424867274e-14)
Optimization improved residual by 0.024600750378238133 (from 0.024600750378241342 to 3.209365906900606e-15)
Optimization did not improve residual (initial: 2.281884958290191e-17, final: 2.281884958290191e-17)
Optimization improved residual by 0.37228603060028953 (from 0.3722860306003019 to 1.2379277188328532e-14)
Optimization improved residual by 0.0024494928662450195 (from 0.0024494928665965117 to 3.514924167489178e-13)
Optimization did not improve residual (initial: 3.25118662549238e-16, final: 3.25118662549238e-16)
Optimization improved residual by 0.08899138598688447 (from 0.08899138598689253 to 8.064482761713942e-15)
Optimization improved residual by 0.001540540788919666 (from 0.0015405407895438506 to 6.241845842202504e-13)
Optimization improved residual by 0.0008365283166455393 (from 0.0008365283173551331 to 7.095937453400648e-13)
Optimization improved residual by 0.001343085927559353 (from 0.001343085927770719 to 2.1136584242829545e-13)
Optimization improved residual by 0.001077469615749264 (from 0.0010774696161345348 to 3.852707637016806e-13)
Optimization improved residual by 0.0020009017522107523 (from 0.002000901752328312 to 1.175594122813799e-13)
Optimization improved residual by 9.229893672095095 (from 9.229893672095127 to 3.157388781162103e-14)
Optimization improved residual by 0.0012431100946136704 (from 0.001243110095231038 to 6.17367788632108e-13)
Optimization did not improve residual (initial: 2.1545607171371204e-16, final: 2.1545607171371204e-16)
Optimization improved residual by 0.2369726922145414 (from 0.23697269221455988 to 1.8495777863676025e-14)
Optimization improved residual by 0.0008211111455031292 (from 0.0008211111455445236 to 4.139445740257774e-14)
Optimization improved residual by 0.00042992134067527303 (from 0.00042992134071750845 to 4.223544756715665e-14)
Optimization improved residual by 0.0010976639407460974 (from 0.0010976639407540413 to 7.943992617000185e-15)
Optimization improved residual by 0.0005199849236190504 (from 0.0005199849244214492 to 8.023987885856014e-13)
Optimization did not improve residual (initial: 6.319237383364694e-16, final: 6.319237383364694e-16)
Optimization improved residual by 0.2867110328681672 (from 0.28671103286817384 to 6.645173320955039e-15)
Optimization improved residual by 0.0008366891167232874 (from 0.0008366891167285585 to 5.271095612298167e-15)
Optimization improved residual by 0.0011311060524170434 (from 0.00113110605243778 to 2.073671284114352e-14)
Optimization improved residual by 0.01740068478549019 (from 0.01740068478550521 to 1.502078203824916e-14)
Optimization improved residual by 0.001131106052426701 (from 0.00113110605243778 to 1.1079044870353364e-14)
Optimization did not improve residual (initial: 4.402545687555709e-16, final: 4.402545687555709e-16)
Optimization improved residual by 0.0009815036548385093 (from 0.0009815036548481181 to 9.60890870646184e-15)
Optimization improved residual by 0.03297390360840293 (from 0.03297390360923373 to 8.308036017174263e-13)
Optimization improved residual by 0.0010291929664543455 (from 0.0010291929672793289 to 8.249834099237402e-13)
Optimization improved residual by 0.0005833238865343475 (from 0.0005833238865722417 to 3.789411543636193e-14)
Optimization improved residual by 0.002359012991491375 (from 0.002359012992446909 to 9.555343620198018e-13)
Optimization improved residual by 0.006258082876530371 (from 0.006258082876554498 to 2.4127409140795213e-14)
Optimization improved residual by 1.0608251703674274 (from 1.0608251703680989 to 6.715486787657937e-13)
Optimization improved residual by 0.0017387128384996823 (from 0.001738712838523097 to 2.341466939892651e-14)
Optimization improved residual by 0.001461817079644456 (from 0.0014618170798926262 to 2.481702234872253e-13)
Optimization improved residual by 0.00017354287260801457 (from 0.000173542872652718 to 4.470341368503236e-14)
Optimization improved residual by 0.0006812507319062398 (from 0.0006812507323409748 to 4.347348919495079e-13)
Optimization improved residual by 0.0008144343043066234 (from 0.0008144343049610517 to 6.544283229902613e-13)
Optimization improved residual by 0.0012329166366573452 (from 0.0012329166375641054 to 9.067601118685051e-13)
Optimization improved residual by 0.08899138598685401 (from 0.08899138598689253 to 3.8522078345987086e-14)
Optimization improved residual by 0.0005429318081289444 (from 0.0005429318087208148 to 5.918704351687516e-13)
Optimization improved residual by 0.014079770477851826 (from 0.014079770478016531 to 1.6470579035151177e-13)
Optimization improved residual by 0.014079770478011618 (from 0.014079770478016531 to 4.91331731969152e-15)
Optimization improved residual by 0.08979835324031107 (from 0.08979835324096633 to 6.552578308158319e-13)
Optimization improved residual by 0.003349987653680514 (from 0.003349987653690573 to 1.0059060979955335e-14)
Optimization improved residual by 0.2369726922145571 (from 0.23697269221455988 to 2.7809617362188972e-15)
Optimization improved residual by 0.004362918662426677 (from 0.004362918662439129 to 1.2451635966862846e-14)
Optimization did not improve residual (initial: 1.5965712136124416e-18, final: 1.5965712136124416e-18)
Optimization improved residual by 0.001330925211411988 (from 0.0013309252114282243 to 1.623626366910936e-14)
Optimization did not improve residual (initial: 4.197256764087669e-18, final: 4.197256764087669e-18)
Optimization improved residual by 0.0010025561226124245 (from 0.001002556123454361 to 8.419365026071027e-13)
Optimization improved residual by 0.0005199849236190504 (from 0.0005199849244214492 to 8.023987885856014e-13)
Optimization did not improve residual (initial: 1.801434866843204e-15, final: 1.801434866843204e-15)
Optimization did not improve residual (initial: 5.298703150314775e-17, final: 5.298703150314775e-17)
Optimization improved residual by 0.020082018646307005 (from 0.020082018646321986 to 1.4981896339041142e-14)






























































































