LinearAlgebra.PosDefException(3)
LinearAlgebra.PosDefException(2)
LinearAlgebra.PosDefException(2)
LinearAlgebra.PosDefException(3)
LinearAlgebra.PosDefException(3)
LinearAlgebra.PosDefException(4)
LinearAlgebra.PosDefException(85)
LinearAlgebra.PosDefException(2)
LinearAlgebra.PosDefException(2)
LinearAlgebra.PosDefException(2)
LinearAlgebra.PosDefException(2)
LinearAlgebra.PosDefException(2)
LinearAlgebra.PosDefException(3)
LinearAlgebra.PosDefException(4)
LinearAlgebra.PosDefException(86)
LinearAlgebra.PosDefException(3)
LinearAlgebra.PosDefException(6)
LinearAlgebra.PosDefException(2)
LinearAlgebra.PosDefException(3)
LinearAlgebra.PosDefException(5)
LinearAlgebra.PosDefException(5)
LinearAlgebra.PosDefException(4)
LinearAlgebra.PosDefException(5)
LinearAlgebra.PosDefException(71)
LinearAlgebra.PosDefException(2)
LinearAlgebra.PosDefException(4)
LinearAlgebra.PosDefException(3)
LinearAlgebra.PosDefException(4)
LinearAlgebra.PosDefException(4)
LinearAlgebra.PosDefException(10)
LinearAlgebra.PosDefException(174)
LinearAlgebra.PosDefException(2)
LinearAlgebra.PosDefException(2)
LinearAlgebra.PosDefException(3)
LinearAlgebra.PosDefException(3)
LinearAlgebra.PosDefException(4)
LinearAlgebra.PosDefException(5)
LinearAlgebra.PosDefException(4)
LinearAlgebra.PosDefException(37)
LinearAlgebra.PosDefException(149)
LinearAlgebra.PosDefException(319)
LinearAlgebra.PosDefException(511)
LinearAlgebra.PosDefException(5)
LinearAlgebra.PosDefException(5)
LinearAlgebra.PosDefException(5)
LinearAlgebra.PosDefException(5)
LinearAlgebra.PosDefException(7)
LinearAlgebra.PosDefException(6)
LinearAlgebra.PosDefException(8)
LinearAlgebra.PosDefException(32)
LinearAlgebra.PosDefException(160)
LinearAlgebra.PosDefException(306)
LinearAlgebra.PosDefException(329)
LinearAlgebra.PosDefException(880)
LinearAlgebra.PosDefException(3)
LinearAlgebra.PosDefException(2)
LinearAlgebra.PosDefException(2)
LinearAlgebra.PosDefException(3)
LinearAlgebra.PosDefException(6)
LinearAlgebra.PosDefException(5)
LinearAlgebra.PosDefException(90)
LinearAlgebra.PosDefException(2)
LinearAlgebra.PosDefException(6)
LinearAlgebra.PosDefException(6)
LinearAlgebra.PosDefException(6)
LinearAlgebra.PosDefException(2)
LinearAlgebra.PosDefException(5)
LinearAlgebra.PosDefException(5)
LinearAlgebra.PosDefException(83)
LinearAlgebra.PosDefException(2)
LinearAlgebra.PosDefException(2)
LinearAlgebra.PosDefException(6)
LinearAlgebra.PosDefException(2)
LinearAlgebra.PosDefException(2)
LinearAlgebra.PosDefException(5)
LinearAlgebra.PosDefException(3)
LinearAlgebra.PosDefException(4)
LinearAlgebra.PosDefException(7)
LinearAlgebra.PosDefException(372)
LinearAlgebra.PosDefException(2)
LinearAlgebra.PosDefException(2)
LinearAlgebra.PosDefException(2)
LinearAlgebra.PosDefException(2)
LinearAlgebra.PosDefException(3)
LinearAlgebra.PosDefException(4)
LinearAlgebra.PosDefException(4)
LinearAlgebra.PosDefException(4)
LinearAlgebra.PosDefException(29)
LinearAlgebra.PosDefException(385)
LinearAlgebra.PosDefException(2)
LinearAlgebra.PosDefException(6)
LinearAlgebra.PosDefException(3)
LinearAlgebra.PosDefException(2)
LinearAlgebra.PosDefException(6)
LinearAlgebra.PosDefException(3)
LinearAlgebra.PosDefException(5)
LinearAlgebra.PosDefException(4)
LinearAlgebra.PosDefException(6)
LinearAlgebra.PosDefException(4)
LinearAlgebra.PosDefException(42)
LinearAlgebra.PosDefException(241)
LinearAlgebra.PosDefException(887)
LinearAlgebra.PosDefException(6)
LinearAlgebra.PosDefException(3)
LinearAlgebra.PosDefException(6)
LinearAlgebra.PosDefException(4)
LinearAlgebra.PosDefException(4)
LinearAlgebra.PosDefException(5)
LinearAlgebra.PosDefException(7)
LinearAlgebra.PosDefException(15)
LinearAlgebra.PosDefException(86)
LinearAlgebra.PosDefException(207)
LinearAlgebra.PosDefException(482)
LinearAlgebra.PosDefException(799)
LinearAlgebra.PosDefException(1)
LinearAlgebra.PosDefException(1)
LinearAlgebra.PosDefException(4)
LinearAlgebra.PosDefException(4)
LinearAlgebra.PosDefException(5)
LinearAlgebra.PosDefException(27)
LinearAlgebra.PosDefException(426)
LinearAlgebra.PosDefException(6)
LinearAlgebra.PosDefException(8)
LinearAlgebra.PosDefException(8)
LinearAlgebra.PosDefException(5)
LinearAlgebra.PosDefException(6)
LinearAlgebra.PosDefException(5)
LinearAlgebra.PosDefException(6)
LinearAlgebra.PosDefException(6)
LinearAlgebra.PosDefException(66)
LinearAlgebra.PosDefException(315)
LinearAlgebra.PosDefException(16)
LinearAlgebra.PosDefException(90)
LinearAlgebra.PosDefException(270)
LinearAlgebra.PosDefException(456)
LinearAlgebra.PosDefException(680)
LinearAlgebra.PosDefException(5)
LinearAlgebra.PosDefException(5)
LinearAlgebra.PosDefException(20)
LinearAlgebra.PosDefException(93)
LinearAlgebra.PosDefException(249)
LinearAlgebra.PosDefException(390)
LinearAlgebra.PosDefException(575)
LinearAlgebra.PosDefException(756)
LinearAlgebra.PosDefException(960)
LinearAlgebra.PosDefException(1)
LinearAlgebra.PosDefException(1)
LinearAlgebra.PosDefException(1)
LinearAlgebra.PosDefException(1)
LinearAlgebra.PosDefException(1)
LinearAlgebra.PosDefException(1)
LinearAlgebra.PosDefException(2)
LinearAlgebra.PosDefException(6)
LinearAlgebra.PosDefException(6)
LinearAlgebra.PosDefException(4)
LinearAlgebra.PosDefException(4)
LinearAlgebra.PosDefException(4)
LinearAlgebra.PosDefException(91)
LinearAlgebra.PosDefException(2)
LinearAlgebra.PosDefException(3)
LinearAlgebra.PosDefException(2)
LinearAlgebra.PosDefException(3)
LinearAlgebra.PosDefException(2)
LinearAlgebra.PosDefException(3)
LinearAlgebra.PosDefException(4)
LinearAlgebra.PosDefException(88)
LinearAlgebra.PosDefException(3)
LinearAlgebra.PosDefException(2)
LinearAlgebra.PosDefException(2)
LinearAlgebra.PosDefException(2)
LinearAlgebra.PosDefException(3)
LinearAlgebra.PosDefException(3)
LinearAlgebra.PosDefException(4)
LinearAlgebra.PosDefException(4)
LinearAlgebra.PosDefException(65)
LinearAlgebra.PosDefException(3)
LinearAlgebra.PosDefException(5)
LinearAlgebra.PosDefException(5)
LinearAlgebra.PosDefException(4)
LinearAlgebra.PosDefException(30)
LinearAlgebra.PosDefException(211)
LinearAlgebra.PosDefException(2)
LinearAlgebra.PosDefException(2)
LinearAlgebra.PosDefException(3)
LinearAlgebra.PosDefException(3)
LinearAlgebra.PosDefException(4)
LinearAlgebra.PosDefException(5)
LinearAlgebra.PosDefException(9)
LinearAlgebra.PosDefException(52)
LinearAlgebra.PosDefException(185)
LinearAlgebra.PosDefException(386)
LinearAlgebra.PosDefException(713)
LinearAlgebra.PosDefException(2)
LinearAlgebra.PosDefException(2)
LinearAlgebra.PosDefException(2)
LinearAlgebra.PosDefException(3)
LinearAlgebra.PosDefException(3)
LinearAlgebra.PosDefException(7)
LinearAlgebra.PosDefException(85)
LinearAlgebra.PosDefException(3)
LinearAlgebra.PosDefException(2)
LinearAlgebra.PosDefException(2)
LinearAlgebra.PosDefException(2)
LinearAlgebra.PosDefException(3)
LinearAlgebra.PosDefException(4)
LinearAlgebra.PosDefException(5)
LinearAlgebra.PosDefException(86)
LinearAlgebra.PosDefException(3)
LinearAlgebra.PosDefException(2)
LinearAlgebra.PosDefException(2)
LinearAlgebra.PosDefException(2)
LinearAlgebra.PosDefException(2)
LinearAlgebra.PosDefException(3)
LinearAlgebra.PosDefException(3)
LinearAlgebra.PosDefException(6)
LinearAlgebra.PosDefException(4)
LinearAlgebra.PosDefException(209)
LinearAlgebra.PosDefException(2)
LinearAlgebra.PosDefException(2)
LinearAlgebra.PosDefException(2)
LinearAlgebra.PosDefException(3)
LinearAlgebra.PosDefException(4)
LinearAlgebra.PosDefException(4)
LinearAlgebra.PosDefException(4)
LinearAlgebra.PosDefException(44)
LinearAlgebra.PosDefException(449)
LinearAlgebra.PosDefException(3)
LinearAlgebra.PosDefException(3)
LinearAlgebra.PosDefException(2)
LinearAlgebra.PosDefException(2)
LinearAlgebra.PosDefException(2)
LinearAlgebra.PosDefException(3)
LinearAlgebra.PosDefException(3)
LinearAlgebra.PosDefException(3)
LinearAlgebra.PosDefException(4)
LinearAlgebra.PosDefException(4)
LinearAlgebra.PosDefException(4)
LinearAlgebra.PosDefException(41)
LinearAlgebra.PosDefException(233)
LinearAlgebra.PosDefException(802)
LinearAlgebra.PosDefException(1)
LinearAlgebra.PosDefException(1)
LinearAlgebra.PosDefException(5)
LinearAlgebra.PosDefException(6)
LinearAlgebra.PosDefException(83)
LinearAlgebra.PosDefException(5)
LinearAlgebra.PosDefException(4)
LinearAlgebra.PosDefException(5)
LinearAlgebra.PosDefException(5)
LinearAlgebra.PosDefException(6)
LinearAlgebra.PosDefException(5)
LinearAlgebra.PosDefException(6)
LinearAlgebra.PosDefException(23)
LinearAlgebra.PosDefException(90)
LinearAlgebra.PosDefException(231)
LinearAlgebra.PosDefException(541)
LinearAlgebra.PosDefException(667)
LinearAlgebra.PosDefException(861)
LinearAlgebra.PosDefException(6)
LinearAlgebra.PosDefException(4)
LinearAlgebra.PosDefException(7)
LinearAlgebra.PosDefException(5)
LinearAlgebra.PosDefException(8)
LinearAlgebra.PosDefException(6)
LinearAlgebra.PosDefException(5)
LinearAlgebra.PosDefException(45)
LinearAlgebra.PosDefException(149)
LinearAlgebra.PosDefException(294)
LinearAlgebra.PosDefException(371)
LinearAlgebra.PosDefException(772)
LinearAlgebra.PosDefException(774)
LinearAlgebra.PosDefException(954)
LinearAlgebra.PosDefException(4)
LinearAlgebra.PosDefException(9)
LinearAlgebra.PosDefException(6)
LinearAlgebra.PosDefException(7)
LinearAlgebra.PosDefException(4)
LinearAlgebra.PosDefException(5)
LinearAlgebra.PosDefException(7)
LinearAlgebra.PosDefException(46)
LinearAlgebra.PosDefException(147)
LinearAlgebra.PosDefException(291)
LinearAlgebra.PosDefException(322)
LinearAlgebra.PosDefException(764)
LinearAlgebra.PosDefException(804)
LinearAlgebra.PosDefException(971)
LinearAlgebra.PosDefException(960)
LinearAlgebra.PosDefException(979)
LinearAlgebra.PosDefException(972)
LinearAlgebra.PosDefException(932)
LinearAlgebra.PosDefException(2)
LinearAlgebra.PosDefException(2)
LinearAlgebra.PosDefException(2)
LinearAlgebra.PosDefException(4)
LinearAlgebra.PosDefException(4)
LinearAlgebra.PosDefException(6)
LinearAlgebra.PosDefException(95)
LinearAlgebra.PosDefException(2)
LinearAlgebra.PosDefException(6)
LinearAlgebra.PosDefException(2)
LinearAlgebra.PosDefException(2)
LinearAlgebra.PosDefException(2)
LinearAlgebra.PosDefException(4)
LinearAlgebra.PosDefException(5)
LinearAlgebra.PosDefException(87)
LinearAlgebra.PosDefException(3)
LinearAlgebra.PosDefException(2)
LinearAlgebra.PosDefException(2)
LinearAlgebra.PosDefException(3)
LinearAlgebra.PosDefException(6)
LinearAlgebra.PosDefException(4)
LinearAlgebra.PosDefException(4)
LinearAlgebra.PosDefException(4)
LinearAlgebra.PosDefException(72)
LinearAlgebra.PosDefException(4)
LinearAlgebra.PosDefException(5)
LinearAlgebra.PosDefException(4)
LinearAlgebra.PosDefException(11)
LinearAlgebra.PosDefException(163)
LinearAlgebra.PosDefException(4)
LinearAlgebra.PosDefException(10)
LinearAlgebra.PosDefException(45)
LinearAlgebra.PosDefException(188)
LinearAlgebra.PosDefException(449)
LinearAlgebra.PosDefException(378)
LinearAlgebra.PosDefException(499)
LinearAlgebra.PosDefException(653)
LinearAlgebra.PosDefException(1)
LinearAlgebra.PosDefException(3)
LinearAlgebra.PosDefException(2)
LinearAlgebra.PosDefException(4)
LinearAlgebra.PosDefException(4)
LinearAlgebra.PosDefException(4)
LinearAlgebra.PosDefException(5)
LinearAlgebra.PosDefException(73)
LinearAlgebra.PosDefException(3)
LinearAlgebra.PosDefException(2)
LinearAlgebra.PosDefException(3)
LinearAlgebra.PosDefException(4)
LinearAlgebra.PosDefException(4)
LinearAlgebra.PosDefException(6)
LinearAlgebra.PosDefException(4)
LinearAlgebra.PosDefException(65)
LinearAlgebra.PosDefException(333)
LinearAlgebra.PosDefException(5)
LinearAlgebra.PosDefException(6)
LinearAlgebra.PosDefException(8)
LinearAlgebra.PosDefException(5)
LinearAlgebra.PosDefException(6)
LinearAlgebra.PosDefException(4)
LinearAlgebra.PosDefException(4)
LinearAlgebra.PosDefException(62)
LinearAlgebra.PosDefException(437)
LinearAlgebra.PosDefException(2)
LinearAlgebra.PosDefException(2)
LinearAlgebra.PosDefException(6)
LinearAlgebra.PosDefException(4)
LinearAlgebra.PosDefException(3)
LinearAlgebra.PosDefException(4)
LinearAlgebra.PosDefException(4)
LinearAlgebra.PosDefException(116)
LinearAlgebra.PosDefException(702)
LinearAlgebra.PosDefException(6)
LinearAlgebra.PosDefException(6)
LinearAlgebra.PosDefException(3)
LinearAlgebra.PosDefException(3)
LinearAlgebra.PosDefException(3)
LinearAlgebra.PosDefException(5)
LinearAlgebra.PosDefException(86)
LinearAlgebra.PosDefException(2)
LinearAlgebra.PosDefException(3)
LinearAlgebra.PosDefException(2)
LinearAlgebra.PosDefException(2)
LinearAlgebra.PosDefException(2)
LinearAlgebra.PosDefException(4)
LinearAlgebra.PosDefException(4)
LinearAlgebra.PosDefException(87)
LinearAlgebra.PosDefException(6)
LinearAlgebra.PosDefException(2)
LinearAlgebra.PosDefException(2)
LinearAlgebra.PosDefException(2)
LinearAlgebra.PosDefException(2)
LinearAlgebra.PosDefException(4)
LinearAlgebra.PosDefException(4)
LinearAlgebra.PosDefException(4)
LinearAlgebra.PosDefException(4)
LinearAlgebra.PosDefException(258)
LinearAlgebra.PosDefException(3)
LinearAlgebra.PosDefException(6)
LinearAlgebra.PosDefException(6)
LinearAlgebra.PosDefException(2)
LinearAlgebra.PosDefException(4)
LinearAlgebra.PosDefException(3)
LinearAlgebra.PosDefException(5)
LinearAlgebra.PosDefException(4)
LinearAlgebra.PosDefException(15)
LinearAlgebra.PosDefException(139)
LinearAlgebra.PosDefException(2)
LinearAlgebra.PosDefException(3)
LinearAlgebra.PosDefException(2)
LinearAlgebra.PosDefException(2)
LinearAlgebra.PosDefException(5)
LinearAlgebra.PosDefException(5)
LinearAlgebra.PosDefException(4)
LinearAlgebra.PosDefException(4)
LinearAlgebra.PosDefException(6)
LinearAlgebra.PosDefException(12)
LinearAlgebra.PosDefException(62)
LinearAlgebra.PosDefException(311)
LinearAlgebra.PosDefException(585)
LinearAlgebra.PosDefException(4)
LinearAlgebra.PosDefException(4)
LinearAlgebra.PosDefException(4)
LinearAlgebra.PosDefException(6)
LinearAlgebra.PosDefException(5)
LinearAlgebra.PosDefException(6)
LinearAlgebra.PosDefException(5)
LinearAlgebra.PosDefException(12)
LinearAlgebra.PosDefException(68)
LinearAlgebra.PosDefException(154)
LinearAlgebra.PosDefException(319)
LinearAlgebra.PosDefException(4)
LinearAlgebra.PosDefException(6)
LinearAlgebra.PosDefException(4)
LinearAlgebra.PosDefException(4)
LinearAlgebra.PosDefException(7)
LinearAlgebra.PosDefException(7)
LinearAlgebra.PosDefException(5)
LinearAlgebra.PosDefException(27)
LinearAlgebra.PosDefException(75)
LinearAlgebra.PosDefException(162)
LinearAlgebra.PosDefException(317)
LinearAlgebra.PosDefException(322)
LinearAlgebra.PosDefException(380)
LinearAlgebra.PosDefException(644)
LinearAlgebra.PosDefException(1)
LinearAlgebra.PosDefException(1)
LinearAlgebra.PosDefException(3)
LinearAlgebra.PosDefException(5)
LinearAlgebra.PosDefException(5)
LinearAlgebra.PosDefException(4)
LinearAlgebra.PosDefException(8)
LinearAlgebra.PosDefException(10)
LinearAlgebra.PosDefException(281)
LinearAlgebra.PosDefException(3)
LinearAlgebra.PosDefException(2)
LinearAlgebra.PosDefException(2)
LinearAlgebra.PosDefException(3)
LinearAlgebra.PosDefException(7)
LinearAlgebra.PosDefException(4)
LinearAlgebra.PosDefException(5)
LinearAlgebra.PosDefException(6)
LinearAlgebra.PosDefException(35)
LinearAlgebra.PosDefException(172)
LinearAlgebra.PosDefException(659)
LinearAlgebra.PosDefException(3)
LinearAlgebra.PosDefException(4)
LinearAlgebra.PosDefException(5)
LinearAlgebra.PosDefException(4)
LinearAlgebra.PosDefException(4)
LinearAlgebra.PosDefException(4)
LinearAlgebra.PosDefException(7)
LinearAlgebra.PosDefException(5)
LinearAlgebra.PosDefException(9)
LinearAlgebra.PosDefException(56)
LinearAlgebra.PosDefException(287)
LinearAlgebra.PosDefException(502)
LinearAlgebra.PosDefException(6)
LinearAlgebra.PosDefException(8)
LinearAlgebra.PosDefException(5)
LinearAlgebra.PosDefException(6)
LinearAlgebra.PosDefException(5)
LinearAlgebra.PosDefException(6)
LinearAlgebra.PosDefException(5)
LinearAlgebra.PosDefException(10)
LinearAlgebra.PosDefException(73)
LinearAlgebra.PosDefException(151)
LinearAlgebra.PosDefException(299)
LinearAlgebra.PosDefException(784)
LinearAlgebra.PosDefException(6)
LinearAlgebra.PosDefException(6)
LinearAlgebra.PosDefException(5)
LinearAlgebra.PosDefException(6)
LinearAlgebra.PosDefException(5)
LinearAlgebra.PosDefException(5)
LinearAlgebra.PosDefException(7)
LinearAlgebra.PosDefException(7)
LinearAlgebra.PosDefException(47)
LinearAlgebra.PosDefException(152)
LinearAlgebra.PosDefException(293)
LinearAlgebra.PosDefException(373)
LinearAlgebra.PosDefException(766)
LinearAlgebra.PosDefException(830)
LinearAlgebra.PosDefException(904)
LinearAlgebra.PosDefException(6)
LinearAlgebra.PosDefException(6)
LinearAlgebra.PosDefException(7)
LinearAlgebra.PosDefException(5)
LinearAlgebra.PosDefException(8)
LinearAlgebra.PosDefException(9)
LinearAlgebra.PosDefException(7)
LinearAlgebra.PosDefException(11)
LinearAlgebra.PosDefException(47)
LinearAlgebra.PosDefException(150)
LinearAlgebra.PosDefException(299)
LinearAlgebra.PosDefException(370)
LinearAlgebra.PosDefException(773)
LinearAlgebra.PosDefException(828)
LinearAlgebra.PosDefException(880)
LinearAlgebra.PosDefException(966)
LinearAlgebra.PosDefException(992)
LinearAlgebra.PosDefException(937)
Optimization improved residual by 0.004809680677667602 (from 0.004809680678487558 to 8.19956073442061e-13)
Optimization improved residual by 0.008402459946658102 (from 0.008402459946930207 to 2.721053514403065e-13)
Optimization improved residual by 0.007507721850148791 (from 0.007507721850175164 to 2.637285808280866e-14)
Optimization improved residual by 0.00018600093797863646 (from 0.0001860009382787766 to 3.0014015928212536e-13)
Optimization improved residual by 0.010154526193366202 (from 0.010154526193391586 to 2.538402677455843e-14)
Optimization did not improve residual (initial: 3.079429900763635e-18, final: 3.079429900763635e-18)
Optimization improved residual by 0.002702046153847825 (from 0.0027020461538563687 to 8.5434442236276e-15)
Optimization did not improve residual (initial: 4.340110611113723e-19, final: 4.340110611113723e-19)
Optimization improved residual by 0.06310911746292495 (from 0.06310911746302436 to 9.941166694906932e-14)
Optimization did not improve residual (initial: 4.1641251352049074e-13, final: 4.1641251352049074e-13)
Optimization improved residual by 0.0012545817184774163 (from 0.0012545817187743036 to 2.968873947106336e-13)
Optimization improved residual by 1.9719880058077368e-7 (from 1.9719932422411052e-7 to 5.236433368457309e-13)
Optimization improved residual by 0.01762071239653939 (from 0.017620712396563116 to 2.3727969294234717e-14)
Optimization improved residual by 0.001392272343329928 (from 0.001392272343829471 to 4.995428168484058e-13)
Optimization improved residual by 0.018466773204458553 (from 0.018466773204464618 to 6.0632732163614704e-15)
Optimization improved residual by 0.12266142686887475 (from 0.12266142686890355 to 2.8800312150648743e-14)
Optimization improved residual by 0.03648222348479065 (from 0.03648222348485248 to 6.182751826101746e-14)
Optimization improved residual by 0.005162210128917941 (from 0.005162210129300664 to 3.827236507377778e-13)
Optimization improved residual by 0.0023413047548989903 (from 0.002341304754980581 to 8.159053801345097e-14)
Optimization did not improve residual (initial: 4.426716395438019e-19, final: 4.426716395438019e-19)
Optimization improved residual by 0.0023590067549561227 (from 0.002359006754979137 to 2.3014344263306695e-14)
Optimization improved residual by 0.14407919888443713 (from 0.14407919888445211 to 1.4978021471925137e-14)
Optimization improved residual by 0.000182996104969509 (from 0.00018299610595521535 to 9.857063663320408e-13)
Optimization improved residual by 0.0006780808370738764 (from 0.0006780808370744378 to 5.614465687764121e-16)
Optimization improved residual by 0.004319751199173328 (from 0.004319751199190948 to 1.761952588091296e-14)
Optimization improved residual by 0.007896790847127338 (from 0.007896790847888259 to 7.609207806886385e-13)
Optimization improved residual by 0.006089065349454319 (from 0.0060890653494870065 to 3.268715707530149e-14)
Optimization improved residual by 0.00011075521353008976 (from 0.00011075521353081483 to 7.250691972013787e-16)
Optimization improved residual by 0.002448516065461914 (from 0.002448516066138732 to 6.76817918034833e-13)
Optimization improved residual by 0.010783116082335476 (from 0.010783116082338859 to 3.382237083207287e-15)
Optimization did not improve residual (initial: 4.434932350426085e-19, final: 4.434932350426085e-19)
Optimization improved residual by 0.16908132588570166 (from 0.1690813258863893 to 6.876397024702276e-13)
Optimization improved residual by 0.0013922723434147892 (from 0.001392272343829471 to 4.1468169672519456e-13)
Optimization did not improve residual (initial: 6.141658749212139e-17, final: 6.141658749212139e-17)
Optimization improved residual by 0.01762071239565954 (from 0.017620712396563116 to 9.035766015485748e-13)
Optimization did not improve residual (initial: 2.4349352932410036e-15, final: 2.4349352932410036e-15)
Optimization did not improve residual (initial: 1.629769500634809e-17, final: 1.629769500634809e-17)
Optimization did not improve residual (initial: 4.678846924014775e-18, final: 4.678846924014775e-18)
Optimization improved residual by 8.385845307195214e-13 (from 1.7985973430816844e-12 to 9.60012812362163e-13)
Optimization improved residual by 0.0024485160651478736 (from 0.0024485160661387286 to 9.90854987199679e-13)
Optimization improved residual by 0.002827801702162665 (from 0.0028278017028127815 to 6.501165471306157e-13)
Optimization improved residual by 0.06419749438920576 (from 0.06419749438921386 to 8.104860300675647e-15)
Optimization improved residual by 0.000182996104969509 (from 0.00018299610595521535 to 9.857063663320408e-13)
Optimization did not improve residual (initial: 4.0689045886795545e-18, final: 4.0689045886795545e-18)
Optimization improved residual by 0.16908132588570482 (from 0.16908132588638927 to 6.844599471132705e-13)
Optimization improved residual by 3.6062784530406473 (from 3.606278453040669 to 2.1647924471395322e-14)
Optimization improved residual by 0.23670313681314847 (from 0.23670313681315577 to 7.301058307894814e-15)
Optimization improved residual by 3.982558600298674 (from 3.982558600298746 to 7.215027776493485e-14)
Optimization did not improve residual (initial: 1.564716431027838e-17, final: 1.564716431027838e-17)
Optimization improved residual by 1.334524353879492e-15 (from 1.279304481473862e-13 to 1.265959237935067e-13)
Optimization improved residual by 0.006168826701485569 (from 0.0061688267014975 to 1.1931552690346001e-14)
Optimization improved residual by 0.0010708689642124005 (from 0.0010708689642187472 to 6.346698138279663e-15)
Optimization did not improve residual (initial: 5.368222630015144e-13, final: 5.368222630015144e-13)
Optimization improved residual by 0.0070443410443186616 (from 0.007044341044757245 to 4.385831672654844e-13)
Optimization improved residual by 0.0006026457105609457 (from 0.0006026457105879762 to 2.7030600194967057e-14)
Optimization improved residual by 2.1042693021400398e-5 (from 2.104269307603187e-5 to 5.463147331557852e-14)
Optimization did not improve residual (initial: 2.4349352932410036e-15, final: 2.4349352932410036e-15)
Optimization improved residual by 0.017092577936226983 (from 0.017092577936361975 to 1.3499348191620518e-13)
Optimization improved residual by 0.013860818989526152 (from 0.013860818989531504 to 5.35226793149173e-15)
Optimization improved residual by 0.01163581134412825 (from 0.011635811344407906 to 2.796570885981691e-13)
Optimization improved residual by 0.0006026457105609457 (from 0.0006026457105879762 to 2.7030600194967057e-14)
Optimization improved residual by 0.014381024286652675 (from 0.014381024286920095 to 2.674200239513892e-13)
Optimization improved residual by 0.00913629857719265 (from 0.009136298577289636 to 9.698420754349587e-14)
Optimization improved residual by 0.00018600093797863646 (from 0.0001860009382787766 to 3.0014015928212536e-13)
Optimization improved residual by 0.01878697962020703 (from 0.01878697962035536 to 1.4832935089903603e-13)
Optimization improved residual by 15.197144950740036 (from 15.197144950740057 to 2.046112146003613e-14)
Optimization did not improve residual (initial: 4.426716395438019e-19, final: 4.426716395438019e-19)
Optimization improved residual by 0.010930207584195833 (from 0.010930207584570376 to 3.745431821893468e-13)
Optimization did not improve residual (initial: 3.484095848715779e-18, final: 3.484095848715779e-18)
Optimization improved residual by 0.16908132588570166 (from 0.1690813258863893 to 6.876397024702276e-13)
Optimization did not improve residual (initial: 4.0689045886795545e-18, final: 4.0689045886795545e-18)
Optimization did not improve residual (initial: 2.735058406204313e-17, final: 2.735058406204313e-17)
Optimization improved residual by 0.01436438069630476 (from 0.014364380697059684 to 7.549238400603692e-13)
Optimization did not improve residual (initial: 1.8047794138039178e-18, final: 1.8047794138039178e-18)
Optimization improved residual by 0.00041699348964999237 (from 0.00041699348965063324 to 6.408760802564095e-16)
Optimization improved residual by 0.0040771448896914355 (from 0.0040771448900348 to 3.433643292003457e-13)
Optimization improved residual by 0.00329818784981906 (from 0.003298187850370018 to 5.509579921785715e-13)
Optimization improved residual by 0.9693443229984517 (from 0.9693443229985759 to 1.2415508088087967e-13)
Optimization improved residual by 0.008402459946284791 (from 0.008402459946930207 to 6.454153096461211e-13)
Optimization improved residual by 0.03648222348445026 (from 0.036482223484852506 to 4.022447460483816e-13)
Optimization improved residual by 1.6861658408028012e-15 (from 5.509648694927266e-14 to 5.341032110846986e-14)
Optimization improved residual by 0.14407919888381215 (from 0.1440791988844523 to 6.401474210699883e-13)
Optimization improved residual by 0.00032812296055756776 (from 0.00032812296154141715 to 9.838493995186802e-13)
Optimization improved residual by 0.0030176482019873296 (from 0.0030176482026019174 to 6.145879264060914e-13)
Optimization did not improve residual (initial: 1.4850463476008474e-15, final: 1.4850463476008474e-15)
Optimization improved residual by 0.0011776145247485038 (from 0.001177614525742164 to 9.936601276991058e-13)
Optimization improved residual by 0.0013922723434147892 (from 0.001392272343829471 to 4.1468169672519456e-13)
Optimization improved residual by 0.005870048791645699 (from 0.005870048791673126 to 2.7426954126001378e-14)
Optimization improved residual by 0.0001508179867330269 (from 0.0001508179868245379 to 9.151101323432582e-14)
Optimization improved residual by 0.007044341044747321 (from 0.007044341044757244 to 9.92275313418383e-15)
Optimization did not improve residual (initial: 1.2148422693850003e-16, final: 1.2148422693850003e-16)
Optimization did not improve residual (initial: 6.277967282162161e-18, final: 6.277967282162161e-18)
Optimization improved residual by 0.002228355973512005 (from 0.0022283559743006133 to 7.886082057407282e-13)
Optimization did not improve residual (initial: 2.2200801008624123e-15, final: 2.2200801008624123e-15)
Optimization improved residual by 0.009858880856604232 (from 0.009858880856622183 to 1.7950562196746234e-14)
Optimization improved residual by 0.0006780808370738764 (from 0.0006780808370744378 to 5.614465687764121e-16)
Optimization did not improve residual (initial: 1.2991898763042941e-17, final: 1.2991898763042941e-17)
Optimization improved residual by 0.010758073502718344 (from 0.010758073502761983 to 4.3638441604696115e-14)
Optimization did not improve residual (initial: 2.0532093054976725e-16, final: 2.0532093054976725e-16)
Optimization improved residual by 0.0013974526628501415 (from 0.0013974526633355703 to 4.854288483193827e-13)
Optimization did not improve residual (initial: 2.288160467324021e-18, final: 2.288160467324021e-18)
Optimization improved residual by 0.004837614213167698 (from 0.004837614213232582 to 6.488388917572646e-14)
Optimization did not improve residual (initial: 2.2315359401344546e-18, final: 2.2315359401344546e-18)
Optimization did not improve residual (initial: 7.248694221702868e-18, final: 7.248694221702868e-18)
Optimization improved residual by 0.004764034937300251 (from 0.004764034937472984 to 1.7273371730540493e-13)
Optimization improved residual by 0.002537630288605205 (from 0.0025376302886469045 to 4.1699417691548475e-14)
Optimization improved residual by 0.007507721850144623 (from 0.007507721850175164 to 3.054105649596201e-14)
Optimization improved residual by 0.014381024286579105 (from 0.014381024286920095 to 3.4098906168040766e-13)
Optimization improved residual by 0.14407919888381215 (from 0.1440791988844523 to 6.401474210699883e-13)
Optimization did not improve residual (initial: 1.3019444665876011e-15, final: 1.3019444665876011e-15)
Optimization improved residual by 0.0025376302884727864 (from 0.0025376302886469045 to 1.7411822841524897e-13)
Optimization improved residual by 0.007507721850148791 (from 0.007507721850175164 to 2.637285808280866e-14)
Optimization improved residual by 0.040680360735750425 (from 0.040680360735858505 to 1.0808132009906842e-13)
Optimization improved residual by 0.0003088818175911327 (from 0.00030888181761436293 to 2.3230231453641458e-14)
Optimization improved residual by 0.03857299574682913 (from 0.03857299574684804 to 1.890977837413237e-14)
Optimization improved residual by 0.16908132588570482 (from 0.16908132588638927 to 6.844599471132705e-13)
Optimization improved residual by 0.9693443229984517 (from 0.9693443229985759 to 1.2415508088087967e-13)
Optimization improved residual by 0.0005771666189645323 (from 0.000577166618979838 to 1.5305691466797677e-14)
Optimization did not improve residual (initial: 2.1884975385258424e-17, final: 2.1884975385258424e-17)
Optimization improved residual by 0.0022283559742808574 (from 0.002228355974300611 to 1.9753659973946665e-14)
Optimization did not improve residual (initial: 4.560717151322394e-19, final: 4.560717151322394e-19)
Optimization did not improve residual (initial: 5.552009252099211e-17, final: 5.552009252099211e-17)
Optimization did not improve residual (initial: 5.55200925209943e-17, final: 5.55200925209943e-17)
Optimization improved residual by 0.009136298577208858 (from 0.009136298577289634 to 8.077620135110706e-14)
Optimization improved residual by 0.003017648201683958 (from 0.003017648202601928 to 9.179695128643202e-13)
Optimization did not improve residual (initial: 1.4850463476008474e-15, final: 1.4850463476008474e-15)
Optimization did not improve residual (initial: 2.9140490505384236e-18, final: 2.9140490505384236e-18)
Optimization improved residual by 0.0022283559742808574 (from 0.002228355974300611 to 1.9753659973946665e-14)
Optimization improved residual by 0.003768817991123931 (from 0.003768817991292551 to 1.686198550225929e-13)
Optimization improved residual by 0.0015879359526192276 (from 0.0015879359527615532 to 1.4232551546919565e-13)
Optimization improved residual by 0.01106025205603465 (from 0.011060252056951346 to 9.166956583661237e-13)
Optimization improved residual by 0.0048376142131915404 (from 0.004837614213232582 to 4.104141406160484e-14)
Optimization improved residual by 0.00031553418585839683 (from 0.0003155341858664682 to 8.071367603498689e-15)
Optimization did not improve residual (initial: 5.480387006684585e-18, final: 5.480387006684585e-18)
Optimization improved residual by 5.17117707639156e-5 (from 5.1711771395499133e-5 to 6.31583530806489e-13)
Optimization improved residual by 0.0005079725157174992 (from 0.0005079725165772804 to 8.597811708397724e-13)
Optimization did not improve residual (initial: 2.15465102454582e-18, final: 2.15465102454582e-18)
Optimization improved residual by 0.9693443229985305 (from 0.9693443229985761 to 4.5658280121713404e-14)
Optimization improved residual by 0.0012545817187285691 (from 0.0012545817187743038 to 4.573466449278046e-14)
Optimization improved residual by 0.009858880856619566 (from 0.009858880856622185 to 2.6186312999898397e-15)
Optimization improved residual by 5.17117707639156e-5 (from 5.1711771395499133e-5 to 6.31583530806489e-13)
Optimization improved residual by 0.031578533765360094 (from 0.031578533766178626 to 8.185304161127424e-13)
Optimization improved residual by 0.0012545817184774163 (from 0.0012545817187743036 to 2.968873947106336e-13)
Optimization did not improve residual (initial: 3.1420298277414727e-16, final: 3.1420298277414727e-16)
Optimization improved residual by 0.052305062335903846 (from 0.05230506233596882 to 6.497679010195539e-14)
Optimization improved residual by 0.00476403493729956 (from 0.004764034937472984 to 1.7342387801091047e-13)
┌ Warning: Optimization did not converge. RetCode: MaxIters
└ @ ODEParameterEstimation ~/ODEParameterEstimation/src/core/solvers/homotopy_continuation.jl:778
┌ Warning: Optimization did not converge. RetCode: MaxIters
└ @ ODEParameterEstimation ~/ODEParameterEstimation/src/core/solvers/homotopy_continuation.jl:778
┌ Warning: Optimization did not converge. RetCode: MaxIters
└ @ ODEParameterEstimation ~/ODEParameterEstimation/src/core/solvers/homotopy_continuation.jl:778
┌ Warning: Optimization did not converge. RetCode: MaxIters
└ @ ODEParameterEstimation ~/ODEParameterEstimation/src/core/solvers/homotopy_continuation.jl:778
┌ Warning: Optimization did not converge. RetCode: Stalled
└ @ ODEParameterEstimation ~/ODEParameterEstimation/src/core/solvers/homotopy_continuation.jl:778
┌ Warning: Optimization did not converge. RetCode: MaxIters
└ @ ODEParameterEstimation ~/ODEParameterEstimation/src/core/solvers/homotopy_continuation.jl:778
┌ Warning: Optimization did not converge. RetCode: MaxIters
└ @ ODEParameterEstimation ~/ODEParameterEstimation/src/core/solvers/homotopy_continuation.jl:778
┌ Warning: Optimization did not converge. RetCode: MaxIters
└ @ ODEParameterEstimation ~/ODEParameterEstimation/src/core/solvers/homotopy_continuation.jl:778
┌ Warning: Optimization did not converge. RetCode: MaxIters
└ @ ODEParameterEstimation ~/ODEParameterEstimation/src/core/solvers/homotopy_continuation.jl:778
┌ Warning: Optimization did not converge. RetCode: MaxIters
└ @ ODEParameterEstimation ~/ODEParameterEstimation/src/core/solvers/homotopy_continuation.jl:778
┌ Warning: Optimization did not converge. RetCode: MaxIters
└ @ ODEParameterEstimation ~/ODEParameterEstimation/src/core/solvers/homotopy_continuation.jl:778
┌ Warning: Optimization did not converge. RetCode: Stalled
└ @ ODEParameterEstimation ~/ODEParameterEstimation/src/core/solvers/homotopy_continuation.jl:778
┌ Warning: Optimization did not converge. RetCode: MaxIters
└ @ ODEParameterEstimation ~/ODEParameterEstimation/src/core/solvers/homotopy_continuation.jl:778
┌ Warning: Optimization did not converge. RetCode: MaxIters
└ @ ODEParameterEstimation ~/ODEParameterEstimation/src/core/solvers/homotopy_continuation.jl:778
┌ Warning: Optimization did not converge. RetCode: MaxIters
└ @ ODEParameterEstimation ~/ODEParameterEstimation/src/core/solvers/homotopy_continuation.jl:778
┌ Warning: Optimization did not converge. RetCode: MaxIters
└ @ ODEParameterEstimation ~/ODEParameterEstimation/src/core/solvers/homotopy_continuation.jl:778
┌ Warning: Optimization did not converge. RetCode: MaxIters
└ @ ODEParameterEstimation ~/ODEParameterEstimation/src/core/solvers/homotopy_continuation.jl:778
┌ Warning: Optimization did not converge. RetCode: Stalled
└ @ ODEParameterEstimation ~/ODEParameterEstimation/src/core/solvers/homotopy_continuation.jl:778
┌ Warning: Optimization did not converge. RetCode: MaxIters
└ @ ODEParameterEstimation ~/ODEParameterEstimation/src/core/solvers/homotopy_continuation.jl:778
┌ Warning: Optimization did not converge. RetCode: MaxIters
└ @ ODEParameterEstimation ~/ODEParameterEstimation/src/core/solvers/homotopy_continuation.jl:778
┌ Warning: Optimization did not converge. RetCode: Stalled
└ @ ODEParameterEstimation ~/ODEParameterEstimation/src/core/solvers/homotopy_continuation.jl:778
┌ Warning: Optimization did not converge. RetCode: MaxIters
└ @ ODEParameterEstimation ~/ODEParameterEstimation/src/core/solvers/homotopy_continuation.jl:778
┌ Warning: Optimization did not converge. RetCode: Stalled
└ @ ODEParameterEstimation ~/ODEParameterEstimation/src/core/solvers/homotopy_continuation.jl:778
┌ Warning: Optimization did not converge. RetCode: Stalled
└ @ ODEParameterEstimation ~/ODEParameterEstimation/src/core/solvers/homotopy_continuation.jl:778
┌ Warning: Optimization did not converge. RetCode: MaxIters
└ @ ODEParameterEstimation ~/ODEParameterEstimation/src/core/solvers/homotopy_continuation.jl:778
┌ Warning: Optimization did not converge. RetCode: Stalled
└ @ ODEParameterEstimation ~/ODEParameterEstimation/src/core/solvers/homotopy_continuation.jl:778
┌ Warning: Optimization did not converge. RetCode: MaxIters
└ @ ODEParameterEstimation ~/ODEParameterEstimation/src/core/solvers/homotopy_continuation.jl:778
┌ Warning: Optimization did not converge. RetCode: MaxIters
└ @ ODEParameterEstimation ~/ODEParameterEstimation/src/core/solvers/homotopy_continuation.jl:778
┌ Warning: Optimization did not converge. RetCode: MaxIters
└ @ ODEParameterEstimation ~/ODEParameterEstimation/src/core/solvers/homotopy_continuation.jl:778
┌ Warning: Optimization did not converge. RetCode: MaxIters
└ @ ODEParameterEstimation ~/ODEParameterEstimation/src/core/solvers/homotopy_continuation.jl:778
┌ Warning: Optimization did not converge. RetCode: Stalled
└ @ ODEParameterEstimation ~/ODEParameterEstimation/src/core/solvers/homotopy_continuation.jl:778
┌ Warning: Optimization did not converge. RetCode: MaxIters
└ @ ODEParameterEstimation ~/ODEParameterEstimation/src/core/solvers/homotopy_continuation.jl:778
┌ Warning: Optimization did not converge. RetCode: Stalled
└ @ ODEParameterEstimation ~/ODEParameterEstimation/src/core/solvers/homotopy_continuation.jl:778
┌ Warning: Optimization did not converge. RetCode: MaxIters
└ @ ODEParameterEstimation ~/ODEParameterEstimation/src/core/solvers/homotopy_continuation.jl:778
┌ Warning: Optimization did not converge. RetCode: MaxIters
└ @ ODEParameterEstimation ~/ODEParameterEstimation/src/core/solvers/homotopy_continuation.jl:778
┌ Warning: Optimization did not converge. RetCode: Stalled
└ @ ODEParameterEstimation ~/ODEParameterEstimation/src/core/solvers/homotopy_continuation.jl:778
┌ Warning: Optimization did not converge. RetCode: MaxIters
└ @ ODEParameterEstimation ~/ODEParameterEstimation/src/core/solvers/homotopy_continuation.jl:778
┌ Warning: Optimization did not converge. RetCode: MaxIters
└ @ ODEParameterEstimation ~/ODEParameterEstimation/src/core/solvers/homotopy_continuation.jl:778
┌ Warning: Optimization did not converge. RetCode: MaxIters
└ @ ODEParameterEstimation ~/ODEParameterEstimation/src/core/solvers/homotopy_continuation.jl:778
┌ Warning: Optimization did not converge. RetCode: MaxIters
└ @ ODEParameterEstimation ~/ODEParameterEstimation/src/core/solvers/homotopy_continuation.jl:778
┌ Warning: Optimization did not converge. RetCode: MaxIters
└ @ ODEParameterEstimation ~/ODEParameterEstimation/src/core/solvers/homotopy_continuation.jl:778
┌ Warning: Optimization did not converge. RetCode: Stalled
└ @ ODEParameterEstimation ~/ODEParameterEstimation/src/core/solvers/homotopy_continuation.jl:778
┌ Warning: Optimization did not converge. RetCode: MaxIters
└ @ ODEParameterEstimation ~/ODEParameterEstimation/src/core/solvers/homotopy_continuation.jl:778
┌ Warning: Optimization did not converge. RetCode: MaxIters
└ @ ODEParameterEstimation ~/ODEParameterEstimation/src/core/solvers/homotopy_continuation.jl:778
┌ Warning: Optimization did not converge. RetCode: MaxIters
└ @ ODEParameterEstimation ~/ODEParameterEstimation/src/core/solvers/homotopy_continuation.jl:778
┌ Warning: Optimization did not converge. RetCode: MaxIters
└ @ ODEParameterEstimation ~/ODEParameterEstimation/src/core/solvers/homotopy_continuation.jl:778
┌ Warning: Optimization did not converge. RetCode: MaxIters
└ @ ODEParameterEstimation ~/ODEParameterEstimation/src/core/solvers/homotopy_continuation.jl:778
┌ Warning: At t=0.6314821934106954, dt was forced below floating point epsilon -1.0637403156427349e-16, and step error estimate = 1.0897182112994204. Aborting. There is either an error in your model specification or the true solution is unstable (or the true solution can not be represented in the precision of Float64).
└ @ SciMLBase ~/.julia/packages/SciMLBase/VW1cI/src/integrator_interface.jl:623
┌ Warning: At t=0.6379994241527187, dt was forced below floating point epsilon -1.0954625224198915e-16, and step error estimate = 2.1546090015873376. Aborting. There is either an error in your model specification or the true solution is unstable (or the true solution can not be represented in the precision of Float64).
└ @ SciMLBase ~/.julia/packages/SciMLBase/VW1cI/src/integrator_interface.jl:623
┌ Warning: At t=0.6327559002633014, dt was forced below floating point epsilon -9.92465037349809e-17, and step error estimate = 1.0699777470177638. Aborting. There is either an error in your model specification or the true solution is unstable (or the true solution can not be represented in the precision of Float64).
└ @ SciMLBase ~/.julia/packages/SciMLBase/VW1cI/src/integrator_interface.jl:623
┌ Warning: At t=0.6379999999778537, dt was forced below floating point epsilon -1.0747610083925795e-16, and step error estimate = 1.6117598829728257. Aborting. There is either an error in your model specification or the true solution is unstable (or the true solution can not be represented in the precision of Float64).
└ @ SciMLBase ~/.julia/packages/SciMLBase/VW1cI/src/integrator_interface.jl:623
┌ Warning: At t=0.6378585166426761, dt was forced below floating point epsilon -6.268698492262112e-17, and step error estimate = NaN. Aborting. There is either an error in your model specification or the true solution is unstable (or the true solution can not be represented in the precision of Float64).
└ @ SciMLBase ~/.julia/packages/SciMLBase/VW1cI/src/integrator_interface.jl:623
┌ Warning: At t=0.637239691202196, dt was forced below floating point epsilon -9.964200232975378e-17, and step error estimate = 1.0282572881413223. Aborting. There is either an error in your model specification or the true solution is unstable (or the true solution can not be represented in the precision of Float64).
└ @ SciMLBase ~/.julia/packages/SciMLBase/VW1cI/src/integrator_interface.jl:623
┌ Warning: At t=0.5766405527023645, dt was forced below floating point epsilon -1.0932174252923325e-16, and step error estimate = 1.0241185827653265. Aborting. There is either an error in your model specification or the true solution is unstable (or the true solution can not be represented in the precision of Float64).
└ @ SciMLBase ~/.julia/packages/SciMLBase/VW1cI/src/integrator_interface.jl:623
┌ Warning: At t=0.6379999999911953, dt was forced below floating point epsilon -9.389629573652224e-17, and step error estimate = NaN. Aborting. There is either an error in your model specification or the true solution is unstable (or the true solution can not be represented in the precision of Float64).
└ @ SciMLBase ~/.julia/packages/SciMLBase/VW1cI/src/integrator_interface.jl:623
┌ Warning: At t=-0.06374788803190579, dt was forced below floating point epsilon -1.2415509528708963e-17, and step error estimate = 1.0616498031516906. Aborting. There is either an error in your model specification or the true solution is unstable (or the true solution can not be represented in the precision of Float64).
└ @ SciMLBase ~/.julia/packages/SciMLBase/VW1cI/src/integrator_interface.jl:623
┌ Warning: Interrupted. Larger maxiters is needed. If you are using an integrator for non-stiff ODEs or an automatic switching algorithm (the default), you may want to consider using a method for stiff equations. See the solver pages for more details (e.g. https://docs.sciml.ai/DiffEqDocs/stable/solvers/ode_solve/#Stiff-Problems).
└ @ SciMLBase ~/.julia/packages/SciMLBase/VW1cI/src/integrator_interface.jl:589
┌ Warning: At t=0.6379999999951711, dt was forced below floating point epsilon -1.0211544158320644e-16, and step error estimate = 1.022790161702699. Aborting. There is either an error in your model specification or the true solution is unstable (or the true solution can not be represented in the precision of Float64).
└ @ SciMLBase ~/.julia/packages/SciMLBase/VW1cI/src/integrator_interface.jl:623
┌ Warning: At t=0.5400195254079053, dt was forced below floating point epsilon -7.986723334716037e-17, and step error estimate = 313.28243506584874. Aborting. There is either an error in your model specification or the true solution is unstable (or the true solution can not be represented in the precision of Float64).
└ @ SciMLBase ~/.julia/packages/SciMLBase/VW1cI/src/integrator_interface.jl:623
┌ Warning: At t=0.6378059348249321, dt was forced below floating point epsilon -1.0771518346332309e-16, and step error estimate = 1.034021255072494. Aborting. There is either an error in your model specification or the true solution is unstable (or the true solution can not be represented in the precision of Float64).
└ @ SciMLBase ~/.julia/packages/SciMLBase/VW1cI/src/integrator_interface.jl:623
┌ Warning: At t=0.534504309928052, dt was forced below floating point epsilon -1.0036679602072485e-16, and step error estimate = 1.1031637442396396. Aborting. There is either an error in your model specification or the true solution is unstable (or the true solution can not be represented in the precision of Float64).
└ @ SciMLBase ~/.julia/packages/SciMLBase/VW1cI/src/integrator_interface.jl:623
┌ Warning: At t=0.6379991107424043, dt was forced below floating point epsilon -3.520087947725936e-17, and step error estimate = NaN. Aborting. There is either an error in your model specification or the true solution is unstable (or the true solution can not be represented in the precision of Float64).
└ @ SciMLBase ~/.julia/packages/SciMLBase/VW1cI/src/integrator_interface.jl:623
┌ Warning: At t=0.6379988764431488, dt was forced below floating point epsilon -2.5901732140883105e-17, and step error estimate = NaN. Aborting. There is either an error in your model specification or the true solution is unstable (or the true solution can not be represented in the precision of Float64).
└ @ SciMLBase ~/.julia/packages/SciMLBase/VW1cI/src/integrator_interface.jl:623
┌ Warning: At t=0.6340955688367904, dt was forced below floating point epsilon -9.864599884216489e-17, and step error estimate = 1.1369475959000246. Aborting. There is either an error in your model specification or the true solution is unstable (or the true solution can not be represented in the precision of Float64).
└ @ SciMLBase ~/.julia/packages/SciMLBase/VW1cI/src/integrator_interface.jl:623
┌ Warning: At t=0.5992240189218457, dt was forced below floating point epsilon -9.944501602966476e-17, and step error estimate = 1.0488077728328544. Aborting. There is either an error in your model specification or the true solution is unstable (or the true solution can not be represented in the precision of Float64).
└ @ SciMLBase ~/.julia/packages/SciMLBase/VW1cI/src/integrator_interface.jl:623
┌ Warning: At t=-0.3986283239527221, dt was forced below floating point epsilon -4.65217020700744e-17, and step error estimate = 1463.7911723519444. Aborting. There is either an error in your model specification or the true solution is unstable (or the true solution can not be represented in the precision of Float64).
└ @ SciMLBase ~/.julia/packages/SciMLBase/VW1cI/src/integrator_interface.jl:623
┌ Warning: At t=0.6341217457268837, dt was forced below floating point epsilon -9.83209142981669e-17, and step error estimate = 1.1751219923890783. Aborting. There is either an error in your model specification or the true solution is unstable (or the true solution can not be represented in the precision of Float64).
└ @ SciMLBase ~/.julia/packages/SciMLBase/VW1cI/src/integrator_interface.jl:623
┌ Warning: At t=0.6379999277195584, dt was forced below floating point epsilon -9.76798173305635e-17, and step error estimate = 1.2546073392192312. Aborting. There is either an error in your model specification or the true solution is unstable (or the true solution can not be represented in the precision of Float64).
└ @ SciMLBase ~/.julia/packages/SciMLBase/VW1cI/src/integrator_interface.jl:623
┌ Warning: At t=0.5291018061007019, dt was forced below floating point epsilon -9.9027554854058e-17, and step error estimate = 1.0938775260660916. Aborting. There is either an error in your model specification or the true solution is unstable (or the true solution can not be represented in the precision of Float64).
└ @ SciMLBase ~/.julia/packages/SciMLBase/VW1cI/src/integrator_interface.jl:623
┌ Warning: At t=0.6305542103240771, dt was forced below floating point epsilon -9.876077678497917e-17, and step error estimate = 1.1237982382095701. Aborting. There is either an error in your model specification or the true solution is unstable (or the true solution can not be represented in the precision of Float64).
└ @ SciMLBase ~/.julia/packages/SciMLBase/VW1cI/src/integrator_interface.jl:623
┌ Warning: At t=0.5963891283482379, dt was forced below floating point epsilon -6.79454686284158e-17, and step error estimate = NaN. Aborting. There is either an error in your model specification or the true solution is unstable (or the true solution can not be represented in the precision of Float64).
└ @ SciMLBase ~/.julia/packages/SciMLBase/VW1cI/src/integrator_interface.jl:623
┌ Warning: At t=0.6379999613268976, dt was forced below floating point epsilon -1.0953875359325526e-16, and step error estimate = NaN. Aborting. There is either an error in your model specification or the true solution is unstable (or the true solution can not be represented in the precision of Float64).
└ @ SciMLBase ~/.julia/packages/SciMLBase/VW1cI/src/integrator_interface.jl:623
┌ Warning: At t=0.6379999976052132, dt was forced below floating point epsilon -1.0572890004332445e-16, and step error estimate = 1.9523628736133336. Aborting. There is either an error in your model specification or the true solution is unstable (or the true solution can not be represented in the precision of Float64).
└ @ SciMLBase ~/.julia/packages/SciMLBase/VW1cI/src/integrator_interface.jl:623
┌ Warning: At t=0.63617037674364, dt was forced below floating point epsilon -9.94723958721838e-17, and step error estimate = 1.045924081335274. Aborting. There is either an error in your model specification or the true solution is unstable (or the true solution can not be represented in the precision of Float64).
└ @ SciMLBase ~/.julia/packages/SciMLBase/VW1cI/src/integrator_interface.jl:623
┌ Warning: At t=0.15846776635470594, dt was forced below floating point epsilon -2.4886980483593605e-17, and step error estimate = 1.0380165978220244. Aborting. There is either an error in your model specification or the true solution is unstable (or the true solution can not be represented in the precision of Float64).
└ @ SciMLBase ~/.julia/packages/SciMLBase/VW1cI/src/integrator_interface.jl:623
┌ Warning: At t=0.6359644399503899, dt was forced below floating point epsilon -8.985285305460416e-17, and step error estimate = 1326.45516143443. Aborting. There is either an error in your model specification or the true solution is unstable (or the true solution can not be represented in the precision of Float64).
└ @ SciMLBase ~/.julia/packages/SciMLBase/VW1cI/src/integrator_interface.jl:623
┌ Warning: At t=0.3773974380266668, dt was forced below floating point epsilon -4.96353881046566e-17, and step error estimate = 1.0673646998987047. Aborting. There is either an error in your model specification or the true solution is unstable (or the true solution can not be represented in the precision of Float64).
└ @ SciMLBase ~/.julia/packages/SciMLBase/VW1cI/src/integrator_interface.jl:623
┌ Warning: At t=-0.12685442395812183, dt was forced below floating point epsilon -2.496374280203561e-17, and step error estimate = 1.0065374167247545. Aborting. There is either an error in your model specification or the true solution is unstable (or the true solution can not be represented in the precision of Float64).
└ @ SciMLBase ~/.julia/packages/SciMLBase/VW1cI/src/integrator_interface.jl:623
┌ Warning: At t=0.6379999365450307, dt was forced below floating point epsilon -8.579016124023194e-17, and step error estimate = NaN. Aborting. There is either an error in your model specification or the true solution is unstable (or the true solution can not be represented in the precision of Float64).
└ @ SciMLBase ~/.julia/packages/SciMLBase/VW1cI/src/integrator_interface.jl:623
┌ Warning: At t=0.6359644399503899, dt was forced below floating point epsilon -8.985285305460416e-17, and step error estimate = 1326.45516143443. Aborting. There is either an error in your model specification or the true solution is unstable (or the true solution can not be represented in the precision of Float64).
└ @ SciMLBase ~/.julia/packages/SciMLBase/VW1cI/src/integrator_interface.jl:623
┌ Warning: At t=-0.6655463513195194, dt was forced below floating point epsilon -9.931490845776937e-17, and step error estimate = 1.0626299444583718. Aborting. There is either an error in your model specification or the true solution is unstable (or the true solution can not be represented in the precision of Float64).
└ @ SciMLBase ~/.julia/packages/SciMLBase/VW1cI/src/integrator_interface.jl:623
┌ Warning: At t=0.6379999277195584, dt was forced below floating point epsilon -9.76798173305635e-17, and step error estimate = 1.2546073392192312. Aborting. There is either an error in your model specification or the true solution is unstable (or the true solution can not be represented in the precision of Float64).
└ @ SciMLBase ~/.julia/packages/SciMLBase/VW1cI/src/integrator_interface.jl:623
┌ Warning: At t=0.6318470382029944, dt was forced below floating point epsilon -9.880478275768615e-17, and step error estimate = 1.1188012082984289. Aborting. There is either an error in your model specification or the true solution is unstable (or the true solution can not be represented in the precision of Float64).
└ @ SciMLBase ~/.julia/packages/SciMLBase/VW1cI/src/integrator_interface.jl:623
┌ Warning: At t=0.6379884982121373, dt was forced below floating point epsilon -2.936982104226469e-17, and step error estimate = NaN. Aborting. There is either an error in your model specification or the true solution is unstable (or the true solution can not be represented in the precision of Float64).
└ @ SciMLBase ~/.julia/packages/SciMLBase/VW1cI/src/integrator_interface.jl:623
┌ Warning: At t=0.45358473608599825, dt was forced below floating point epsilon -4.964062056549805e-17, and step error estimate = 1.0662395470072477. Aborting. There is either an error in your model specification or the true solution is unstable (or the true solution can not be represented in the precision of Float64).
└ @ SciMLBase ~/.julia/packages/SciMLBase/VW1cI/src/integrator_interface.jl:623
┌ Warning: At t=0.6379999999385986, dt was forced below floating point epsilon -6.159315828665592e-17, and step error estimate = NaN. Aborting. There is either an error in your model specification or the true solution is unstable (or the true solution can not be represented in the precision of Float64).
└ @ SciMLBase ~/.julia/packages/SciMLBase/VW1cI/src/integrator_interface.jl:623
┌ Warning: At t=0.5310107698149296, dt was forced below floating point epsilon -9.94031846807191e-17, and step error estimate = 1.0532304727372375. Aborting. There is either an error in your model specification or the true solution is unstable (or the true solution can not be represented in the precision of Float64).
└ @ SciMLBase ~/.julia/packages/SciMLBase/VW1cI/src/integrator_interface.jl:623
┌ Warning: At t=0.3066065740913342, dt was forced below floating point epsilon -4.9394763785401654e-17, and step error estimate = 1.1205306582796608. Aborting. There is either an error in your model specification or the true solution is unstable (or the true solution can not be represented in the precision of Float64).
└ @ SciMLBase ~/.julia/packages/SciMLBase/VW1cI/src/integrator_interface.jl:623
┌ Warning: At t=0.563105831579444, dt was forced below floating point epsilon -9.989326684597259e-17, and step error estimate = 1.0026867332774843. Aborting. There is either an error in your model specification or the true solution is unstable (or the true solution can not be represented in the precision of Float64).
└ @ SciMLBase ~/.julia/packages/SciMLBase/VW1cI/src/integrator_interface.jl:623
┌ Warning: At t=0.6379999442605478, dt was forced below floating point epsilon -8.888602395389694e-17, and step error estimate = 3.22256287769336. Aborting. There is either an error in your model specification or the true solution is unstable (or the true solution can not be represented in the precision of Float64).
└ @ SciMLBase ~/.julia/packages/SciMLBase/VW1cI/src/integrator_interface.jl:623
┌ Warning: At t=0.03358844036604692, dt was forced below floating point epsilon -6.831589199870091e-18, and step error estimate = 1.0695835674225218. Aborting. There is either an error in your model specification or the true solution is unstable (or the true solution can not be represented in the precision of Float64).
└ @ SciMLBase ~/.julia/packages/SciMLBase/VW1cI/src/integrator_interface.jl:623
┌ Warning: At t=0.6379999779620921, dt was forced below floating point epsilon -9.790486684309293e-17, and step error estimate = 1.6805172221404274. Aborting. There is either an error in your model specification or the true solution is unstable (or the true solution can not be represented in the precision of Float64).
└ @ SciMLBase ~/.julia/packages/SciMLBase/VW1cI/src/integrator_interface.jl:623
┌ Warning: At t=0.5481864004671914, dt was forced below floating point epsilon -9.943307747434344e-17, and step error estimate = 1.0500679249487603. Aborting. There is either an error in your model specification or the true solution is unstable (or the true solution can not be represented in the precision of Float64).
└ @ SciMLBase ~/.julia/packages/SciMLBase/VW1cI/src/integrator_interface.jl:623
┌ Warning: At t=0.6379999566927489, dt was forced below floating point epsilon -9.561880137421745e-17, and step error estimate = 3.089156567751651. Aborting. There is either an error in your model specification or the true solution is unstable (or the true solution can not be represented in the precision of Float64).
└ @ SciMLBase ~/.julia/packages/SciMLBase/VW1cI/src/integrator_interface.jl:623
┌ Warning: At t=0.6359457902090511, dt was forced below floating point epsilon -9.965089886623867e-17, and step error estimate = 1.0273391677441641. Aborting. There is either an error in your model specification or the true solution is unstable (or the true solution can not be represented in the precision of Float64).
└ @ SciMLBase ~/.julia/packages/SciMLBase/VW1cI/src/integrator_interface.jl:623
┌ Warning: At t=0.13681140432265348, dt was forced below floating point epsilon -2.4575653635905602e-17, and step error estimate = 1.1773126666351383. Aborting. There is either an error in your model specification or the true solution is unstable (or the true solution can not be represented in the precision of Float64).
└ @ SciMLBase ~/.julia/packages/SciMLBase/VW1cI/src/integrator_interface.jl:623
┌ Warning: At t=0.6379999092692106, dt was forced below floating point epsilon -9.863924253247245e-17, and step error estimate = 1.1377268391859805. Aborting. There is either an error in your model specification or the true solution is unstable (or the true solution can not be represented in the precision of Float64).
└ @ SciMLBase ~/.julia/packages/SciMLBase/VW1cI/src/integrator_interface.jl:623
┌ Warning: At t=0.6379976256235235, dt was forced below floating point epsilon -9.915800104458171e-17, and step error estimate = 1.0795685273623035. Aborting. There is either an error in your model specification or the true solution is unstable (or the true solution can not be represented in the precision of Float64).
└ @ SciMLBase ~/.julia/packages/SciMLBase/VW1cI/src/integrator_interface.jl:623
┌ Warning: At t=0.5481864004671914, dt was forced below floating point epsilon -9.943307747434344e-17, and step error estimate = 1.0500679249487603. Aborting. There is either an error in your model specification or the true solution is unstable (or the true solution can not be represented in the precision of Float64).
└ @ SciMLBase ~/.julia/packages/SciMLBase/VW1cI/src/integrator_interface.jl:623
┌ Warning: At t=0.5255273932683507, dt was forced below floating point epsilon -9.890707915406339e-17, and step error estimate = 1.107278958006395. Aborting. There is either an error in your model specification or the true solution is unstable (or the true solution can not be represented in the precision of Float64).
└ @ SciMLBase ~/.julia/packages/SciMLBase/VW1cI/src/integrator_interface.jl:623
┌ Warning: At t=0.13723365682422783, dt was forced below floating point epsilon -2.4779463102886118e-17, and step error estimate = 1.0839506542194224. Aborting. There is either an error in your model specification or the true solution is unstable (or the true solution can not be represented in the precision of Float64).
└ @ SciMLBase ~/.julia/packages/SciMLBase/VW1cI/src/integrator_interface.jl:623
┌ Warning: At t=0.6379999998802972, dt was forced below floating point epsilon -1.0187826287169269e-16, and step error estimate = 8.294283997320475. Aborting. There is either an error in your model specification or the true solution is unstable (or the true solution can not be represented in the precision of Float64).
└ @ SciMLBase ~/.julia/packages/SciMLBase/VW1cI/src/integrator_interface.jl:623
┌ Warning: At t=0.6378585166426761, dt was forced below floating point epsilon -6.268698492262112e-17, and step error estimate = NaN. Aborting. There is either an error in your model specification or the true solution is unstable (or the true solution can not be represented in the precision of Float64).
└ @ SciMLBase ~/.julia/packages/SciMLBase/VW1cI/src/integrator_interface.jl:623
┌ Warning: At t=0.6379999870409307, dt was forced below floating point epsilon -5.479468095509028e-17, and step error estimate = NaN. Aborting. There is either an error in your model specification or the true solution is unstable (or the true solution can not be represented in the precision of Float64).
└ @ SciMLBase ~/.julia/packages/SciMLBase/VW1cI/src/integrator_interface.jl:623
┌ Warning: At t=0.5518157477312347, dt was forced below floating point epsilon -9.898788584894201e-17, and step error estimate = 1.0982703899495125. Aborting. There is either an error in your model specification or the true solution is unstable (or the true solution can not be represented in the precision of Float64).
└ @ SciMLBase ~/.julia/packages/SciMLBase/VW1cI/src/integrator_interface.jl:623
┌ Warning: At t=-0.5055529509449399, dt was forced below floating point epsilon -1.0952532288484378e-16, and step error estimate = 1.0410203345394955. Aborting. There is either an error in your model specification or the true solution is unstable (or the true solution can not be represented in the precision of Float64).
└ @ SciMLBase ~/.julia/packages/SciMLBase/VW1cI/src/integrator_interface.jl:623
┌ Warning: At t=0.6359644399503912, dt was forced below floating point epsilon -7.139001408942792e-17, and step error estimate = 777.1530854715993. Aborting. There is either an error in your model specification or the true solution is unstable (or the true solution can not be represented in the precision of Float64).
└ @ SciMLBase ~/.julia/packages/SciMLBase/VW1cI/src/integrator_interface.jl:623
┌ Warning: At t=0.6379999976052132, dt was forced below floating point epsilon -1.0572890004332445e-16, and step error estimate = 1.9523628736133336. Aborting. There is either an error in your model specification or the true solution is unstable (or the true solution can not be represented in the precision of Float64).
└ @ SciMLBase ~/.julia/packages/SciMLBase/VW1cI/src/integrator_interface.jl:623
┌ Warning: At t=0.6100805269876469, dt was forced below floating point epsilon -9.861099678892093e-17, and step error estimate = 1.140991457604161. Aborting. There is either an error in your model specification or the true solution is unstable (or the true solution can not be represented in the precision of Float64).
└ @ SciMLBase ~/.julia/packages/SciMLBase/VW1cI/src/integrator_interface.jl:623
┌ Warning: At t=0.08775486625203746, dt was forced below floating point epsilon -1.2276418054767383e-17, and step error estimate = 1.188306508309533. Aborting. There is either an error in your model specification or the true solution is unstable (or the true solution can not be represented in the precision of Float64).
└ @ SciMLBase ~/.julia/packages/SciMLBase/VW1cI/src/integrator_interface.jl:623
┌ Warning: At t=0.57296798067915, dt was forced below floating point epsilon -1.1043665995246556e-16, and step error estimate = 1.0010384552223004. Aborting. There is either an error in your model specification or the true solution is unstable (or the true solution can not be represented in the precision of Float64).
└ @ SciMLBase ~/.julia/packages/SciMLBase/VW1cI/src/integrator_interface.jl:623
┌ Warning: At t=0.6378160225023528, dt was forced below floating point epsilon -9.906406553684961e-17, and step error estimate = 1.198737971843253. Aborting. There is either an error in your model specification or the true solution is unstable (or the true solution can not be represented in the precision of Float64).
└ @ SciMLBase ~/.julia/packages/SciMLBase/VW1cI/src/integrator_interface.jl:623
┌ Warning: At t=0.5291018061007029, dt was forced below floating point epsilon -9.948537115568996e-17, and step error estimate = 1.0445608406736697. Aborting. There is either an error in your model specification or the true solution is unstable (or the true solution can not be represented in the precision of Float64).
└ @ SciMLBase ~/.julia/packages/SciMLBase/VW1cI/src/integrator_interface.jl:623
┌ Warning: At t=0.4623821690546427, dt was forced below floating point epsilon -4.815626464131848e-17, and step error estimate = 1.4444479847463856. Aborting. There is either an error in your model specification or the true solution is unstable (or the true solution can not be represented in the precision of Float64).
└ @ SciMLBase ~/.julia/packages/SciMLBase/VW1cI/src/integrator_interface.jl:623
┌ Warning: At t=0.6379999998323445, dt was forced below floating point epsilon -9.183514916264002e-17, and step error estimate = 15.053228830042734. Aborting. There is either an error in your model specification or the true solution is unstable (or the true solution can not be represented in the precision of Float64).
└ @ SciMLBase ~/.julia/packages/SciMLBase/VW1cI/src/integrator_interface.jl:623
┌ Warning: Interrupted. Larger maxiters is needed. If you are using an integrator for non-stiff ODEs or an automatic switching algorithm (the default), you may want to consider using a method for stiff equations. See the solver pages for more details (e.g. https://docs.sciml.ai/DiffEqDocs/stable/solvers/ode_solve/#Stiff-Problems).
└ @ SciMLBase ~/.julia/packages/SciMLBase/VW1cI/src/integrator_interface.jl:589
┌ Warning: At t=0.6359457902090513, dt was forced below floating point epsilon -9.964148114385398e-17, and step error estimate = 1.0283110028799833. Aborting. There is either an error in your model specification or the true solution is unstable (or the true solution can not be represented in the precision of Float64).
└ @ SciMLBase ~/.julia/packages/SciMLBase/VW1cI/src/integrator_interface.jl:623
┌ Warning: At t=0.3900851423739757, dt was forced below floating point epsilon -4.9707964832894665e-17, and step error estimate = 1.0518811787357767. Aborting. There is either an error in your model specification or the true solution is unstable (or the true solution can not be represented in the precision of Float64).
└ @ SciMLBase ~/.julia/packages/SciMLBase/VW1cI/src/integrator_interface.jl:623
┌ Warning: At t=0.5387657506967497, dt was forced below floating point epsilon -9.843196573958828e-17, and step error estimate = 1.1619247077940231. Aborting. There is either an error in your model specification or the true solution is unstable (or the true solution can not be represented in the precision of Float64).
└ @ SciMLBase ~/.julia/packages/SciMLBase/VW1cI/src/integrator_interface.jl:623
┌ Warning: At t=0.49433988689345526, dt was forced below floating point epsilon -4.9443930286552223e-17, and step error estimate = 1.1094334088088746. Aborting. There is either an error in your model specification or the true solution is unstable (or the true solution can not be represented in the precision of Float64).
└ @ SciMLBase ~/.julia/packages/SciMLBase/VW1cI/src/integrator_interface.jl:623
┌ Warning: At t=0.6341027301484277, dt was forced below floating point epsilon -5.1246568980802103e-17, and step error estimate = 794.0895208738718. Aborting. There is either an error in your model specification or the true solution is unstable (or the true solution can not be represented in the precision of Float64).
└ @ SciMLBase ~/.julia/packages/SciMLBase/VW1cI/src/integrator_interface.jl:623
┌ Warning: At t=0.599166224502093, dt was forced below floating point epsilon -1.0993356766688014e-16, and step error estimate = 1.0203595076799168. Aborting. There is either an error in your model specification or the true solution is unstable (or the true solution can not be represented in the precision of Float64).
└ @ SciMLBase ~/.julia/packages/SciMLBase/VW1cI/src/integrator_interface.jl:623
┌ Warning: At t=-0.013680255094392553, dt was forced below floating point epsilon -1.5581684520126063e-18, and step error estimate = 1.0199590016530147. Aborting. There is either an error in your model specification or the true solution is unstable (or the true solution can not be represented in the precision of Float64).
└ @ SciMLBase ~/.julia/packages/SciMLBase/VW1cI/src/integrator_interface.jl:623
┌ Warning: At t=0.6379999993487369, dt was forced below floating point epsilon -1.1036185849134959e-16, and step error estimate = 3.5217841388392754. Aborting. There is either an error in your model specification or the true solution is unstable (or the true solution can not be represented in the precision of Float64).
└ @ SciMLBase ~/.julia/packages/SciMLBase/VW1cI/src/integrator_interface.jl:623
┌ Warning: At t=0.2121517811078801, dt was forced below floating point epsilon -2.5662846488499294e-17, and step error estimate = 1.3253609197498861. Aborting. There is either an error in your model specification or the true solution is unstable (or the true solution can not be represented in the precision of Float64).
└ @ SciMLBase ~/.julia/packages/SciMLBase/VW1cI/src/integrator_interface.jl:623
┌ Warning: At t=0.6379860157183971, dt was forced below floating point epsilon -1.1095273461861872e-16, and step error estimate = NaN. Aborting. There is either an error in your model specification or the true solution is unstable (or the true solution can not be represented in the precision of Float64).
└ @ SciMLBase ~/.julia/packages/SciMLBase/VW1cI/src/integrator_interface.jl:623
┌ Warning: At t=-0.2585808262437393, dt was forced below floating point epsilon -4.9673080574550935e-17, and step error estimate = 1.0592917391041377. Aborting. There is either an error in your model specification or the true solution is unstable (or the true solution can not be represented in the precision of Float64).
└ @ SciMLBase ~/.julia/packages/SciMLBase/VW1cI/src/integrator_interface.jl:623
┌ Warning: At t=0.26021116280247014, dt was forced below floating point epsilon -4.975766261148295e-17, and step error estimate = 1.0414208354775525. Aborting. There is either an error in your model specification or the true solution is unstable (or the true solution can not be represented in the precision of Float64).
└ @ SciMLBase ~/.julia/packages/SciMLBase/VW1cI/src/integrator_interface.jl:623
┌ Warning: At t=0.36129729192297755, dt was forced below floating point epsilon -4.9127183386469924e-17, and step error estimate = 1.1831096089881679. Aborting. There is either an error in your model specification or the true solution is unstable (or the true solution can not be represented in the precision of Float64).
└ @ SciMLBase ~/.julia/packages/SciMLBase/VW1cI/src/integrator_interface.jl:623
┌ Warning: At t=0.6368568586104113, dt was forced below floating point epsilon -6.617322385650846e-17, and step error estimate = 379.82115584994796. Aborting. There is either an error in your model specification or the true solution is unstable (or the true solution can not be represented in the precision of Float64).
└ @ SciMLBase ~/.julia/packages/SciMLBase/VW1cI/src/integrator_interface.jl:623
┌ Warning: At t=0.6318454746305687, dt was forced below floating point epsilon -9.90415729091737e-17, and step error estimate = 1.0923294474973695. Aborting. There is either an error in your model specification or the true solution is unstable (or the true solution can not be represented in the precision of Float64).
└ @ SciMLBase ~/.julia/packages/SciMLBase/VW1cI/src/integrator_interface.jl:623
┌ Warning: At t=0.6344054334793225, dt was forced below floating point epsilon -9.477064178668476e-17, and step error estimate = 1.6974872373319274. Aborting. There is either an error in your model specification or the true solution is unstable (or the true solution can not be represented in the precision of Float64).
└ @ SciMLBase ~/.julia/packages/SciMLBase/VW1cI/src/integrator_interface.jl:623
┌ Warning: At t=0.6147875067178588, dt was forced below floating point epsilon -9.87748125270736e-17, and step error estimate = 1.1222015670330654. Aborting. There is either an error in your model specification or the true solution is unstable (or the true solution can not be represented in the precision of Float64).
└ @ SciMLBase ~/.julia/packages/SciMLBase/VW1cI/src/integrator_interface.jl:623
┌ Warning: At t=0.637999982410743, dt was forced below floating point epsilon -9.49687634083383e-17, and step error estimate = 1.6624001236627872. Aborting. There is either an error in your model specification or the true solution is unstable (or the true solution can not be represented in the precision of Float64).
└ @ SciMLBase ~/.julia/packages/SciMLBase/VW1cI/src/integrator_interface.jl:623
┌ Warning: At t=0.5650117430282194, dt was forced below floating point epsilon -1.0890424913025492e-16, and step error estimate = 1.2976209616492536. Aborting. There is either an error in your model specification or the true solution is unstable (or the true solution can not be represented in the precision of Float64).
└ @ SciMLBase ~/.julia/packages/SciMLBase/VW1cI/src/integrator_interface.jl:623
┌ Warning: At t=0.040774512426895435, dt was forced below floating point epsilon -6.230242552893086e-18, and step error estimate = 1.0239458939398893. Aborting. There is either an error in your model specification or the true solution is unstable (or the true solution can not be represented in the precision of Float64).
└ @ SciMLBase ~/.julia/packages/SciMLBase/VW1cI/src/integrator_interface.jl:623
┌ Warning: At t=0.49433988689345526, dt was forced below floating point epsilon -4.9443930286552223e-17, and step error estimate = 1.1094334088088746. Aborting. There is either an error in your model specification or the true solution is unstable (or the true solution can not be represented in the precision of Float64).
└ @ SciMLBase ~/.julia/packages/SciMLBase/VW1cI/src/integrator_interface.jl:623
┌ Warning: At t=0.6369472483924266, dt was forced below floating point epsilon -9.837106307626494e-17, and step error estimate = 1.1691423939269088. Aborting. There is either an error in your model specification or the true solution is unstable (or the true solution can not be represented in the precision of Float64).
└ @ SciMLBase ~/.julia/packages/SciMLBase/VW1cI/src/integrator_interface.jl:623
┌ Warning: At t=0.6379999999778537, dt was forced below floating point epsilon -1.0747610083925795e-16, and step error estimate = 1.6117598829728257. Aborting. There is either an error in your model specification or the true solution is unstable (or the true solution can not be represented in the precision of Float64).
└ @ SciMLBase ~/.julia/packages/SciMLBase/VW1cI/src/integrator_interface.jl:623
┌ Warning: At t=0.6379981752634432, dt was forced below floating point epsilon -9.884420020697507e-17, and step error estimate = 1.114345584984801. Aborting. There is either an error in your model specification or the true solution is unstable (or the true solution can not be represented in the precision of Float64).
└ @ SciMLBase ~/.julia/packages/SciMLBase/VW1cI/src/integrator_interface.jl:623
┌ Warning: At t=0.6379884982121373, dt was forced below floating point epsilon -2.936982104226469e-17, and step error estimate = NaN. Aborting. There is either an error in your model specification or the true solution is unstable (or the true solution can not be represented in the precision of Float64).
└ @ SciMLBase ~/.julia/packages/SciMLBase/VW1cI/src/integrator_interface.jl:623
┌ Warning: At t=0.6379999998323445, dt was forced below floating point epsilon -9.183514916264002e-17, and step error estimate = 15.053228830042734. Aborting. There is either an error in your model specification or the true solution is unstable (or the true solution can not be represented in the precision of Float64).
└ @ SciMLBase ~/.julia/packages/SciMLBase/VW1cI/src/integrator_interface.jl:623
┌ Warning: At t=0.63273520291776, dt was forced below floating point epsilon -9.9019681677217e-17, and step error estimate = 1.0947477548661253. Aborting. There is either an error in your model specification or the true solution is unstable (or the true solution can not be represented in the precision of Float64).
└ @ SciMLBase ~/.julia/packages/SciMLBase/VW1cI/src/integrator_interface.jl:623
┌ Warning: At t=0.5984601500451228, dt was forced below floating point epsilon -9.901262846764442e-17, and step error estimate = 1.0955276686922204. Aborting. There is either an error in your model specification or the true solution is unstable (or the true solution can not be represented in the precision of Float64).
└ @ SciMLBase ~/.julia/packages/SciMLBase/VW1cI/src/integrator_interface.jl:623
┌ Warning: At t=0.0630561753673892, dt was forced below floating point epsilon -1.360873349769432e-17, and step error estimate = 1.1032054417774684. Aborting. There is either an error in your model specification or the true solution is unstable (or the true solution can not be represented in the precision of Float64).
└ @ SciMLBase ~/.julia/packages/SciMLBase/VW1cI/src/integrator_interface.jl:623
┌ Warning: At t=0.637740197560957, dt was forced below floating point epsilon -9.855421775112605e-17, and step error estimate = 1.147585871333512. Aborting. There is either an error in your model specification or the true solution is unstable (or the true solution can not be represented in the precision of Float64).
└ @ SciMLBase ~/.julia/packages/SciMLBase/VW1cI/src/integrator_interface.jl:623
┌ Warning: At t=0.6226167120253419, dt was forced below floating point epsilon -9.975462330340272e-17, and step error estimate = 1.0167072282888017. Aborting. There is either an error in your model specification or the true solution is unstable (or the true solution can not be represented in the precision of Float64).
└ @ SciMLBase ~/.julia/packages/SciMLBase/VW1cI/src/integrator_interface.jl:623
┌ Warning: At t=0.6379999998183229, dt was forced below floating point epsilon -8.832734076419984e-17, and step error estimate = NaN. Aborting. There is either an error in your model specification or the true solution is unstable (or the true solution can not be represented in the precision of Float64).
└ @ SciMLBase ~/.julia/packages/SciMLBase/VW1cI/src/integrator_interface.jl:623
┌ Warning: At t=0.6341923805834712, dt was forced below floating point epsilon -1.1097674320648274e-16, and step error estimate = 1.1447472723403374. Aborting. There is either an error in your model specification or the true solution is unstable (or the true solution can not be represented in the precision of Float64).
└ @ SciMLBase ~/.julia/packages/SciMLBase/VW1cI/src/integrator_interface.jl:623
┌ Warning: At t=0.6339087066485275, dt was forced below floating point epsilon -1.005737980821953e-16, and step error estimate = 5.061413945849231. Aborting. There is either an error in your model specification or the true solution is unstable (or the true solution can not be represented in the precision of Float64).
└ @ SciMLBase ~/.julia/packages/SciMLBase/VW1cI/src/integrator_interface.jl:623
┌ Warning: At t=0.5984601500451228, dt was forced below floating point epsilon -9.901262846764442e-17, and step error estimate = 1.0955276686922204. Aborting. There is either an error in your model specification or the true solution is unstable (or the true solution can not be represented in the precision of Float64).
└ @ SciMLBase ~/.julia/packages/SciMLBase/VW1cI/src/integrator_interface.jl:623
┌ Warning: At t=0.5621083541633585, dt was forced below floating point epsilon -7.456423474343983e-17, and step error estimate = 498.5710394799697. Aborting. There is either an error in your model specification or the true solution is unstable (or the true solution can not be represented in the precision of Float64).
└ @ SciMLBase ~/.julia/packages/SciMLBase/VW1cI/src/integrator_interface.jl:623
┌ Warning: At t=0.5927348067088808, dt was forced below floating point epsilon -1.093784095825503e-16, and step error estimate = 1.0003655577501145. Aborting. There is either an error in your model specification or the true solution is unstable (or the true solution can not be represented in the precision of Float64).
└ @ SciMLBase ~/.julia/packages/SciMLBase/VW1cI/src/integrator_interface.jl:623
┌ Warning: At t=0.6379999801570101, dt was forced below floating point epsilon -9.577228432721714e-17, and step error estimate = 1.527944717686691. Aborting. There is either an error in your model specification or the true solution is unstable (or the true solution can not be represented in the precision of Float64).
└ @ SciMLBase ~/.julia/packages/SciMLBase/VW1cI/src/integrator_interface.jl:623
┌ Warning: At t=0.06385309363956099, dt was forced below floating point epsilon -1.2449857140679049e-17, and step error estimate = 1.0327198165913734. Aborting. There is either an error in your model specification or the true solution is unstable (or the true solution can not be represented in the precision of Float64).
└ @ SciMLBase ~/.julia/packages/SciMLBase/VW1cI/src/integrator_interface.jl:623
┌ Warning: At t=0.638, dt was forced below floating point epsilon -3.2768000000000003e-17, and step error estimate = NaN. Aborting. There is either an error in your model specification or the true solution is unstable (or the true solution can not be represented in the precision of Float64).
└ @ SciMLBase ~/.julia/packages/SciMLBase/VW1cI/src/integrator_interface.jl:623
┌ Warning: At t=0.6379998918473379, dt was forced below floating point epsilon -9.990212495942316e-17, and step error estimate = 1.0017981782045284. Aborting. There is either an error in your model specification or the true solution is unstable (or the true solution can not be represented in the precision of Float64).
└ @ SciMLBase ~/.julia/packages/SciMLBase/VW1cI/src/integrator_interface.jl:623
┌ Warning: Interrupted. Larger maxiters is needed. If you are using an integrator for non-stiff ODEs or an automatic switching algorithm (the default), you may want to consider using a method for stiff equations. See the solver pages for more details (e.g. https://docs.sciml.ai/DiffEqDocs/stable/solvers/ode_solve/#Stiff-Problems).
└ @ SciMLBase ~/.julia/packages/SciMLBase/VW1cI/src/integrator_interface.jl:589
┌ Warning: At t=0.6230531556892256, dt was forced below floating point epsilon -1.0700900508361735e-16, and step error estimate = 1.176037350016302. Aborting. There is either an error in your model specification or the true solution is unstable (or the true solution can not be represented in the precision of Float64).
└ @ SciMLBase ~/.julia/packages/SciMLBase/VW1cI/src/integrator_interface.jl:623
┌ Warning: At t=0.519858114478612, dt was forced below floating point epsilon -1.0237874090211656e-16, and step error estimate = 217.19785686433312. Aborting. There is either an error in your model specification or the true solution is unstable (or the true solution can not be represented in the precision of Float64).
└ @ SciMLBase ~/.julia/packages/SciMLBase/VW1cI/src/integrator_interface.jl:623
┌ Warning: At t=0.6268213971425052, dt was forced below floating point epsilon -9.893477077473368e-17, and step error estimate = 1.104182107120472. Aborting. There is either an error in your model specification or the true solution is unstable (or the true solution can not be represented in the precision of Float64).
└ @ SciMLBase ~/.julia/packages/SciMLBase/VW1cI/src/integrator_interface.jl:623
┌ Warning: At t=0.6379998918473379, dt was forced below floating point epsilon -9.990212495942316e-17, and step error estimate = 1.0017981782045284. Aborting. There is either an error in your model specification or the true solution is unstable (or the true solution can not be represented in the precision of Float64).
└ @ SciMLBase ~/.julia/packages/SciMLBase/VW1cI/src/integrator_interface.jl:623
┌ Warning: At t=0.637999990747411, dt was forced below floating point epsilon -9.464251005787923e-17, and step error estimate = 1.7206108528739386. Aborting. There is either an error in your model specification or the true solution is unstable (or the true solution can not be represented in the precision of Float64).
└ @ SciMLBase ~/.julia/packages/SciMLBase/VW1cI/src/integrator_interface.jl:623
┌ Warning: At t=0.6379999999951711, dt was forced below floating point epsilon -1.0211544158320644e-16, and step error estimate = 1.022790161702699. Aborting. There is either an error in your model specification or the true solution is unstable (or the true solution can not be represented in the precision of Float64).
└ @ SciMLBase ~/.julia/packages/SciMLBase/VW1cI/src/integrator_interface.jl:623
┌ Warning: At t=0.6144632516770901, dt was forced below floating point epsilon -9.950802402869107e-17, and step error estimate = 1.042185556302271. Aborting. There is either an error in your model specification or the true solution is unstable (or the true solution can not be represented in the precision of Float64).
└ @ SciMLBase ~/.julia/packages/SciMLBase/VW1cI/src/integrator_interface.jl:623
┌ Warning: Interrupted. Larger maxiters is needed. If you are using an integrator for non-stiff ODEs or an automatic switching algorithm (the default), you may want to consider using a method for stiff equations. See the solver pages for more details (e.g. https://docs.sciml.ai/DiffEqDocs/stable/solvers/ode_solve/#Stiff-Problems).
└ @ SciMLBase ~/.julia/packages/SciMLBase/VW1cI/src/integrator_interface.jl:589
┌ Warning: At t=0.45358473608599825, dt was forced below floating point epsilon -4.964062056549805e-17, and step error estimate = 1.0662395470072477. Aborting. There is either an error in your model specification or the true solution is unstable (or the true solution can not be represented in the precision of Float64).
└ @ SciMLBase ~/.julia/packages/SciMLBase/VW1cI/src/integrator_interface.jl:623
┌ Warning: At t=0.29300763810773, dt was forced below floating point epsilon -4.9281564857330553e-17, and step error estimate = 1.1465481873057528. Aborting. There is either an error in your model specification or the true solution is unstable (or the true solution can not be represented in the precision of Float64).
└ @ SciMLBase ~/.julia/packages/SciMLBase/VW1cI/src/integrator_interface.jl:623
┌ Warning: At t=0.6379999993487369, dt was forced below floating point epsilon -1.1036185849134959e-16, and step error estimate = 3.5217841388392754. Aborting. There is either an error in your model specification or the true solution is unstable (or the true solution can not be represented in the precision of Float64).
└ @ SciMLBase ~/.julia/packages/SciMLBase/VW1cI/src/integrator_interface.jl:623
┌ Warning: At t=0.6377990780529801, dt was forced below floating point epsilon -9.63091490354842e-17, and step error estimate = NaN. Aborting. There is either an error in your model specification or the true solution is unstable (or the true solution can not be represented in the precision of Float64).
└ @ SciMLBase ~/.julia/packages/SciMLBase/VW1cI/src/integrator_interface.jl:623
┌ Warning: At t=0.3117830229452349, dt was forced below floating point epsilon -4.981669580820117e-17, and step error estimate = 1.0291453020531274. Aborting. There is either an error in your model specification or the true solution is unstable (or the true solution can not be represented in the precision of Float64).
└ @ SciMLBase ~/.julia/packages/SciMLBase/VW1cI/src/integrator_interface.jl:623
┌ Warning: At t=0.6376879377687567, dt was forced below floating point epsilon -9.94808016752099e-17, and step error estimate = 1.045041141934771. Aborting. There is either an error in your model specification or the true solution is unstable (or the true solution can not be represented in the precision of Float64).
└ @ SciMLBase ~/.julia/packages/SciMLBase/VW1cI/src/integrator_interface.jl:623
┌ Warning: At t=0.519858114478612, dt was forced below floating point epsilon -1.0237874090211656e-16, and step error estimate = 217.19785686433312. Aborting. There is either an error in your model specification or the true solution is unstable (or the true solution can not be represented in the precision of Float64).
└ @ SciMLBase ~/.julia/packages/SciMLBase/VW1cI/src/integrator_interface.jl:623
┌ Warning: At t=0.6379999779620921, dt was forced below floating point epsilon -9.790486684309293e-17, and step error estimate = 1.6805172221404274. Aborting. There is either an error in your model specification or the true solution is unstable (or the true solution can not be represented in the precision of Float64).
└ @ SciMLBase ~/.julia/packages/SciMLBase/VW1cI/src/integrator_interface.jl:623
┌ Warning: At t=-0.6655463513195194, dt was forced below floating point epsilon -9.931490845776937e-17, and step error estimate = 1.0626299444583718. Aborting. There is either an error in your model specification or the true solution is unstable (or the true solution can not be represented in the precision of Float64).
└ @ SciMLBase ~/.julia/packages/SciMLBase/VW1cI/src/integrator_interface.jl:623
┌ Warning: At t=-0.12212196350016635, dt was forced below floating point epsilon -9.536335557733705e-18, and step error estimate = 1653.7653887522156. Aborting. There is either an error in your model specification or the true solution is unstable (or the true solution can not be represented in the precision of Float64).
└ @ SciMLBase ~/.julia/packages/SciMLBase/VW1cI/src/integrator_interface.jl:623
┌ Warning: At t=0.637998348741585, dt was forced below floating point epsilon -9.841771524708224e-17, and step error estimate = 1.1636101248033055. Aborting. There is either an error in your model specification or the true solution is unstable (or the true solution can not be represented in the precision of Float64).
└ @ SciMLBase ~/.julia/packages/SciMLBase/VW1cI/src/integrator_interface.jl:623
┌ Warning: At t=0.07038341579022378, dt was forced below floating point epsilon -1.3476156219555144e-17, and step error estimate = 1.024903590958612. Aborting. There is either an error in your model specification or the true solution is unstable (or the true solution can not be represented in the precision of Float64).
└ @ SciMLBase ~/.julia/packages/SciMLBase/VW1cI/src/integrator_interface.jl:623
┌ Warning: At t=0.4872179606629508, dt was forced below floating point epsilon -5.397181335728042e-17, and step error estimate = 1135.4159762267875. Aborting. There is either an error in your model specification or the true solution is unstable (or the true solution can not be represented in the precision of Float64).
└ @ SciMLBase ~/.julia/packages/SciMLBase/VW1cI/src/integrator_interface.jl:623
┌ Warning: At t=0.5621083541633572, dt was forced below floating point epsilon -8.383499792268278e-17, and step error estimate = 473.6119228662642. Aborting. There is either an error in your model specification or the true solution is unstable (or the true solution can not be represented in the precision of Float64).
└ @ SciMLBase ~/.julia/packages/SciMLBase/VW1cI/src/integrator_interface.jl:623
┌ Warning: At t=0.6374708055911342, dt was forced below floating point epsilon -9.881023384462078e-17, and step error estimate = 1.1181838808823978. Aborting. There is either an error in your model specification or the true solution is unstable (or the true solution can not be represented in the precision of Float64).
└ @ SciMLBase ~/.julia/packages/SciMLBase/VW1cI/src/integrator_interface.jl:623
┌ Warning: At t=0.5813448377401111, dt was forced below floating point epsilon -1.1043582777462922e-16, and step error estimate = 1.020412437703932. Aborting. There is either an error in your model specification or the true solution is unstable (or the true solution can not be represented in the precision of Float64).
└ @ SciMLBase ~/.julia/packages/SciMLBase/VW1cI/src/integrator_interface.jl:623
┌ Warning: At t=0.637992182663172, dt was forced below floating point epsilon -3.812742081052483e-17, and step error estimate = NaN. Aborting. There is either an error in your model specification or the true solution is unstable (or the true solution can not be represented in the precision of Float64).
└ @ SciMLBase ~/.julia/packages/SciMLBase/VW1cI/src/integrator_interface.jl:623
┌ Warning: At t=-0.7604884432027608, dt was forced below floating point epsilon -1.1051855739000159e-16, and step error estimate = 1.0672443225203347. Aborting. There is either an error in your model specification or the true solution is unstable (or the true solution can not be represented in the precision of Float64).
└ @ SciMLBase ~/.julia/packages/SciMLBase/VW1cI/src/integrator_interface.jl:623
┌ Warning: At t=0.636816125519704, dt was forced below floating point epsilon -1.0363647126603196e-16, and step error estimate = 1.0631689835632325. Aborting. There is either an error in your model specification or the true solution is unstable (or the true solution can not be represented in the precision of Float64).
└ @ SciMLBase ~/.julia/packages/SciMLBase/VW1cI/src/integrator_interface.jl:623
┌ Warning: At t=0.564583858992492, dt was forced below floating point epsilon -1.0324204624310233e-16, and step error estimate = 1.0004167338437422. Aborting. There is either an error in your model specification or the true solution is unstable (or the true solution can not be represented in the precision of Float64).
└ @ SciMLBase ~/.julia/packages/SciMLBase/VW1cI/src/integrator_interface.jl:623
┌ Warning: At t=0.040774512426895435, dt was forced below floating point epsilon -6.230242552893086e-18, and step error estimate = 1.0239458939398893. Aborting. There is either an error in your model specification or the true solution is unstable (or the true solution can not be represented in the precision of Float64).
└ @ SciMLBase ~/.julia/packages/SciMLBase/VW1cI/src/integrator_interface.jl:623
┌ Warning: At t=0.5407946431692212, dt was forced below floating point epsilon -9.86560305347509e-17, and step error estimate = 1.135792286409673. Aborting. There is either an error in your model specification or the true solution is unstable (or the true solution can not be represented in the precision of Float64).
└ @ SciMLBase ~/.julia/packages/SciMLBase/VW1cI/src/integrator_interface.jl:623
┌ Warning: At t=0.014392047554858881, dt was forced below floating point epsilon -1.6590489990677497e-18, and step error estimate = 1.1215386460232297. Aborting. There is either an error in your model specification or the true solution is unstable (or the true solution can not be represented in the precision of Float64).
└ @ SciMLBase ~/.julia/packages/SciMLBase/VW1cI/src/integrator_interface.jl:623
┌ Warning: At t=0.21215178110734315, dt was forced below floating point epsilon -2.6430820385862917e-17, and step error estimate = 1.0485551949779972. Aborting. There is either an error in your model specification or the true solution is unstable (or the true solution can not be represented in the precision of Float64).
└ @ SciMLBase ~/.julia/packages/SciMLBase/VW1cI/src/integrator_interface.jl:623
┌ Warning: At t=0.6379999999992769, dt was forced below floating point epsilon -9.613209674683623e-17, and step error estimate = NaN. Aborting. There is either an error in your model specification or the true solution is unstable (or the true solution can not be represented in the precision of Float64).
└ @ SciMLBase ~/.julia/packages/SciMLBase/VW1cI/src/integrator_interface.jl:623
┌ Warning: At t=0.6144632516770901, dt was forced below floating point epsilon -9.950802402869107e-17, and step error estimate = 1.042185556302271. Aborting. There is either an error in your model specification or the true solution is unstable (or the true solution can not be represented in the precision of Float64).
└ @ SciMLBase ~/.julia/packages/SciMLBase/VW1cI/src/integrator_interface.jl:623
┌ Warning: At t=0.6359457902090513, dt was forced below floating point epsilon -9.964148114385398e-17, and step error estimate = 1.0283110028799833. Aborting. There is either an error in your model specification or the true solution is unstable (or the true solution can not be represented in the precision of Float64).
└ @ SciMLBase ~/.julia/packages/SciMLBase/VW1cI/src/integrator_interface.jl:623
┌ Warning: At t=0.6379999267716564, dt was forced below floating point epsilon -9.978434774234181e-17, and step error estimate = 1.0136829934939169. Aborting. There is either an error in your model specification or the true solution is unstable (or the true solution can not be represented in the precision of Float64).
└ @ SciMLBase ~/.julia/packages/SciMLBase/VW1cI/src/integrator_interface.jl:623
┌ Warning: At t=0.6046416896344691, dt was forced below floating point epsilon -1.1099266873180117e-16, and step error estimate = 1.3089274868156224. Aborting. There is either an error in your model specification or the true solution is unstable (or the true solution can not be represented in the precision of Float64).
└ @ SciMLBase ~/.julia/packages/SciMLBase/VW1cI/src/integrator_interface.jl:623
┌ Warning: At t=0.6379985195393788, dt was forced below floating point epsilon -1.0520650025456593e-16, and step error estimate = NaN. Aborting. There is either an error in your model specification or the true solution is unstable (or the true solution can not be represented in the precision of Float64).
└ @ SciMLBase ~/.julia/packages/SciMLBase/VW1cI/src/integrator_interface.jl:623
┌ Warning: At t=0.543458957842811, dt was forced below floating point epsilon -1.0468316886415708e-16, and step error estimate = 1.0107585400125725. Aborting. There is either an error in your model specification or the true solution is unstable (or the true solution can not be represented in the precision of Float64).
└ @ SciMLBase ~/.julia/packages/SciMLBase/VW1cI/src/integrator_interface.jl:623
┌ Warning: At t=0.6379997671227469, dt was forced below floating point epsilon -1.0607800235429567e-16, and step error estimate = 4.094489855213766. Aborting. There is either an error in your model specification or the true solution is unstable (or the true solution can not be represented in the precision of Float64).
└ @ SciMLBase ~/.julia/packages/SciMLBase/VW1cI/src/integrator_interface.jl:623
┌ Warning: At t=-0.013680255094392553, dt was forced below floating point epsilon -1.5581684520126063e-18, and step error estimate = 1.0199590016530147. Aborting. There is either an error in your model specification or the true solution is unstable (or the true solution can not be represented in the precision of Float64).
└ @ SciMLBase ~/.julia/packages/SciMLBase/VW1cI/src/integrator_interface.jl:623
┌ Warning: At t=0.6368568586104105, dt was forced below floating point epsilon -1.0618149282798807e-16, and step error estimate = 340.1274359580213. Aborting. There is either an error in your model specification or the true solution is unstable (or the true solution can not be represented in the precision of Float64).
└ @ SciMLBase ~/.julia/packages/SciMLBase/VW1cI/src/integrator_interface.jl:623
┌ Warning: At t=0.6379999566927489, dt was forced below floating point epsilon -9.561880137421745e-17, and step error estimate = 3.089156567751651. Aborting. There is either an error in your model specification or the true solution is unstable (or the true solution can not be represented in the precision of Float64).
└ @ SciMLBase ~/.julia/packages/SciMLBase/VW1cI/src/integrator_interface.jl:623
┌ Warning: At t=0.6314821934107417, dt was forced below floating point epsilon -1.0893654657570673e-16, and step error estimate = 1.0128591215526745. Aborting. There is either an error in your model specification or the true solution is unstable (or the true solution can not be represented in the precision of Float64).
└ @ SciMLBase ~/.julia/packages/SciMLBase/VW1cI/src/integrator_interface.jl:623
┌ Warning: At t=0.6379983567796385, dt was forced below floating point epsilon -9.944853207951403e-17, and step error estimate = 1.0484367999244877. Aborting. There is either an error in your model specification or the true solution is unstable (or the true solution can not be represented in the precision of Float64).
└ @ SciMLBase ~/.julia/packages/SciMLBase/VW1cI/src/integrator_interface.jl:623
┌ Warning: At t=0.6379988559508952, dt was forced below floating point epsilon -5.407091003026254e-17, and step error estimate = NaN. Aborting. There is either an error in your model specification or the true solution is unstable (or the true solution can not be represented in the precision of Float64).
└ @ SciMLBase ~/.julia/packages/SciMLBase/VW1cI/src/integrator_interface.jl:623
┌ Warning: At t=0.5963891283482379, dt was forced below floating point epsilon -6.79454686284158e-17, and step error estimate = NaN. Aborting. There is either an error in your model specification or the true solution is unstable (or the true solution can not be represented in the precision of Float64).
└ @ SciMLBase ~/.julia/packages/SciMLBase/VW1cI/src/integrator_interface.jl:623
┌ Warning: At t=0.638, dt was forced below floating point epsilon -3.2768000000000003e-17, and step error estimate = NaN. Aborting. There is either an error in your model specification or the true solution is unstable (or the true solution can not be represented in the precision of Float64).
└ @ SciMLBase ~/.julia/packages/SciMLBase/VW1cI/src/integrator_interface.jl:623
┌ Warning: At t=0.634095568835066, dt was forced below floating point epsilon -9.927806614633683e-17, and step error estimate = 1.0665805848770795. Aborting. There is either an error in your model specification or the true solution is unstable (or the true solution can not be represented in the precision of Float64).
└ @ SciMLBase ~/.julia/packages/SciMLBase/VW1cI/src/integrator_interface.jl:623
┌ Warning: At t=-0.6114613311387231, dt was forced below floating point epsilon -1.0733814567814015e-16, and step error estimate = 394.68805289911285. Aborting. There is either an error in your model specification or the true solution is unstable (or the true solution can not be represented in the precision of Float64).
└ @ SciMLBase ~/.julia/packages/SciMLBase/VW1cI/src/integrator_interface.jl:623
┌ Warning: At t=-0.12685442395808738, dt was forced below floating point epsilon -2.4740225141422058e-17, and step error estimate = 1.1012697999101226. Aborting. There is either an error in your model specification or the true solution is unstable (or the true solution can not be represented in the precision of Float64).
└ @ SciMLBase ~/.julia/packages/SciMLBase/VW1cI/src/integrator_interface.jl:623
┌ Warning: At t=0.6379999267716564, dt was forced below floating point epsilon -9.978434774234181e-17, and step error estimate = 1.0136829934939169. Aborting. There is either an error in your model specification or the true solution is unstable (or the true solution can not be represented in the precision of Float64).
└ @ SciMLBase ~/.julia/packages/SciMLBase/VW1cI/src/integrator_interface.jl:623
┌ Warning: At t=0.6179221465021785, dt was forced below floating point epsilon -9.922438087378016e-17, and step error estimate = 1.0723661829724431. Aborting. There is either an error in your model specification or the true solution is unstable (or the true solution can not be represented in the precision of Float64).
└ @ SciMLBase ~/.julia/packages/SciMLBase/VW1cI/src/integrator_interface.jl:623
┌ Warning: At t=0.6379964615864314, dt was forced below floating point epsilon -9.551558352740898e-17, and step error estimate = 1.5695766094363177. Aborting. There is either an error in your model specification or the true solution is unstable (or the true solution can not be represented in the precision of Float64).
└ @ SciMLBase ~/.julia/packages/SciMLBase/VW1cI/src/integrator_interface.jl:623
┌ Warning: At t=0.6379999357507152, dt was forced below floating point epsilon -9.878432325285504e-17, and step error estimate = 1.121120852382212. Aborting. There is either an error in your model specification or the true solution is unstable (or the true solution can not be represented in the precision of Float64).
└ @ SciMLBase ~/.julia/packages/SciMLBase/VW1cI/src/integrator_interface.jl:623
┌ Warning: At t=0.5755845489499303, dt was forced below floating point epsilon -9.947988074547522e-17, and step error estimate = 1.0451373278068334. Aborting. There is either an error in your model specification or the true solution is unstable (or the true solution can not be represented in the precision of Float64).
└ @ SciMLBase ~/.julia/packages/SciMLBase/VW1cI/src/integrator_interface.jl:623
┌ Warning: At t=0.6088986289269737, dt was forced below floating point epsilon -1.0069372975913727e-16, and step error estimate = 2.6066339726297625. Aborting. There is either an error in your model specification or the true solution is unstable (or the true solution can not be represented in the precision of Float64).
└ @ SciMLBase ~/.julia/packages/SciMLBase/VW1cI/src/integrator_interface.jl:623
┌ Warning: At t=0.6359457902090511, dt was forced below floating point epsilon -9.965089886623867e-17, and step error estimate = 1.0273391677441641. Aborting. There is either an error in your model specification or the true solution is unstable (or the true solution can not be represented in the precision of Float64).
└ @ SciMLBase ~/.julia/packages/SciMLBase/VW1cI/src/integrator_interface.jl:623
┌ Warning: At t=0.41150690813372787, dt was forced below floating point epsilon -4.806130933741816e-17, and step error estimate = 448.51962122858515. Aborting. There is either an error in your model specification or the true solution is unstable (or the true solution can not be represented in the precision of Float64).
└ @ SciMLBase ~/.julia/packages/SciMLBase/VW1cI/src/integrator_interface.jl:623
┌ Warning: At t=0.5775781084805863, dt was forced below floating point epsilon -1.027044254388351e-16, and step error estimate = 1.115461356398091. Aborting. There is either an error in your model specification or the true solution is unstable (or the true solution can not be represented in the precision of Float64).
└ @ SciMLBase ~/.julia/packages/SciMLBase/VW1cI/src/integrator_interface.jl:623
┌ Warning: At t=0.5518151202756363, dt was forced below floating point epsilon -9.568202777856975e-17, and step error estimate = 131.28147269770935. Aborting. There is either an error in your model specification or the true solution is unstable (or the true solution can not be represented in the precision of Float64).
└ @ SciMLBase ~/.julia/packages/SciMLBase/VW1cI/src/integrator_interface.jl:623
┌ Warning: At t=0.4020889221828185, dt was forced below floating point epsilon -3.252448989465186e-17, and step error estimate = 447.4964942215083. Aborting. There is either an error in your model specification or the true solution is unstable (or the true solution can not be represented in the precision of Float64).
└ @ SciMLBase ~/.julia/packages/SciMLBase/VW1cI/src/integrator_interface.jl:623
┌ Warning: At t=0.23933171525955346, dt was forced below floating point epsilon -2.6775638350975955e-17, and step error estimate = 1.0296189704544505. Aborting. There is either an error in your model specification or the true solution is unstable (or the true solution can not be represented in the precision of Float64).
└ @ SciMLBase ~/.julia/packages/SciMLBase/VW1cI/src/integrator_interface.jl:623
┌ Warning: At t=0.5255273932683507, dt was forced below floating point epsilon -9.890707915406339e-17, and step error estimate = 1.107278958006395. Aborting. There is either an error in your model specification or the true solution is unstable (or the true solution can not be represented in the precision of Float64).
└ @ SciMLBase ~/.julia/packages/SciMLBase/VW1cI/src/integrator_interface.jl:623
┌ Warning: At t=0.5310107698149301, dt was forced below floating point epsilon -9.886404316782013e-17, and step error estimate = 1.1121109023160527. Aborting. There is either an error in your model specification or the true solution is unstable (or the true solution can not be represented in the precision of Float64).
└ @ SciMLBase ~/.julia/packages/SciMLBase/VW1cI/src/integrator_interface.jl:623
┌ Warning: At t=0.5310068068795393, dt was forced below floating point epsilon -9.837890272264947e-17, and step error estimate = 1.168211141832264. Aborting. There is either an error in your model specification or the true solution is unstable (or the true solution can not be represented in the precision of Float64).
└ @ SciMLBase ~/.julia/packages/SciMLBase/VW1cI/src/integrator_interface.jl:623
┌ Warning: At t=0.5500066667138722, dt was forced below floating point epsilon -4.836412803681648e-17, and step error estimate = 1504.2309826499372. Aborting. There is either an error in your model specification or the true solution is unstable (or the true solution can not be represented in the precision of Float64).
└ @ SciMLBase ~/.julia/packages/SciMLBase/VW1cI/src/integrator_interface.jl:623
┌ Warning: At t=0.5255273932683515, dt was forced below floating point epsilon -9.93005541150948e-17, and step error estimate = 1.064167466054007. Aborting. There is either an error in your model specification or the true solution is unstable (or the true solution can not be represented in the precision of Float64).
└ @ SciMLBase ~/.julia/packages/SciMLBase/VW1cI/src/integrator_interface.jl:623
┌ Warning: At t=0.6379997671227469, dt was forced below floating point epsilon -1.0607800235429567e-16, and step error estimate = 4.094489855213766. Aborting. There is either an error in your model specification or the true solution is unstable (or the true solution can not be represented in the precision of Float64).
└ @ SciMLBase ~/.julia/packages/SciMLBase/VW1cI/src/integrator_interface.jl:623
┌ Warning: At t=0.33836894549956825, dt was forced below floating point epsilon -5.269875603504098e-17, and step error estimate = 1.2173716858639. Aborting. There is either an error in your model specification or the true solution is unstable (or the true solution can not be represented in the precision of Float64).
└ @ SciMLBase ~/.julia/packages/SciMLBase/VW1cI/src/integrator_interface.jl:623
┌ Warning: At t=0.5621083541633572, dt was forced below floating point epsilon -8.383499792268278e-17, and step error estimate = 473.6119228662642. Aborting. There is either an error in your model specification or the true solution is unstable (or the true solution can not be represented in the precision of Float64).
└ @ SciMLBase ~/.julia/packages/SciMLBase/VW1cI/src/integrator_interface.jl:623
┌ Warning: At t=-0.9336233985187048, dt was forced below floating point epsilon 1.1102230246251565e-16, and step error estimate = 1.1959070143850528. Aborting. There is either an error in your model specification or the true solution is unstable (or the true solution can not be represented in the precision of Float64).
└ @ SciMLBase ~/.julia/packages/SciMLBase/VW1cI/src/integrator_interface.jl:623
┌ Warning: At t=-0.8235283980505955, dt was forced below floating point epsilon 1.1102230246251565e-16, and step error estimate = 4.123864766064401. Aborting. There is either an error in your model specification or the true solution is unstable (or the true solution can not be represented in the precision of Float64).
└ @ SciMLBase ~/.julia/packages/SciMLBase/VW1cI/src/integrator_interface.jl:623
┌ Warning: At t=-0.9367736998287656, dt was forced below floating point epsilon 1.1102230246251565e-16, and step error estimate = 1.265560545823173. Aborting. There is either an error in your model specification or the true solution is unstable (or the true solution can not be represented in the precision of Float64).
└ @ SciMLBase ~/.julia/packages/SciMLBase/VW1cI/src/integrator_interface.jl:623
┌ Warning: At t=-0.5398792464019639, dt was forced below floating point epsilon 1.1102230246251565e-16, and step error estimate = 1.1293396772636857. Aborting. There is either an error in your model specification or the true solution is unstable (or the true solution can not be represented in the precision of Float64).
└ @ SciMLBase ~/.julia/packages/SciMLBase/VW1cI/src/integrator_interface.jl:623
┌ Warning: At t=-0.989537267732305, dt was forced below floating point epsilon 1.1102230246251565e-16, and step error estimate = 1.0372575058301583. Aborting. There is either an error in your model specification or the true solution is unstable (or the true solution can not be represented in the precision of Float64).
└ @ SciMLBase ~/.julia/packages/SciMLBase/VW1cI/src/integrator_interface.jl:623
┌ Warning: At t=-1.0, dt was forced below floating point epsilon 2.220446049250313e-16, and step error estimate = NaN. Aborting. There is either an error in your model specification or the true solution is unstable (or the true solution can not be represented in the precision of Float64).
└ @ SciMLBase ~/.julia/packages/SciMLBase/VW1cI/src/integrator_interface.jl:623
┌ Warning: At t=-1.0, dt was forced below floating point epsilon 2.220446049250313e-16, and step error estimate = 7.152772792474057. Aborting. There is either an error in your model specification or the true solution is unstable (or the true solution can not be represented in the precision of Float64).
└ @ SciMLBase ~/.julia/packages/SciMLBase/VW1cI/src/integrator_interface.jl:623
┌ Warning: At t=-0.869764024569539, dt was forced below floating point epsilon 1.1102230246251565e-16, and step error estimate = 168.37339897259773. Aborting. There is either an error in your model specification or the true solution is unstable (or the true solution can not be represented in the precision of Float64).
└ @ SciMLBase ~/.julia/packages/SciMLBase/VW1cI/src/integrator_interface.jl:623
┌ Warning: At t=-0.012170015148403948, dt was forced below floating point epsilon 1.734723475976807e-18, and step error estimate = 1.0447796701656635. Aborting. There is either an error in your model specification or the true solution is unstable (or the true solution can not be represented in the precision of Float64).
└ @ SciMLBase ~/.julia/packages/SciMLBase/VW1cI/src/integrator_interface.jl:623
┌ Warning: At t=-1.0, dt was forced below floating point epsilon 2.220446049250313e-16, and step error estimate = 2.1346638539917946e9. Aborting. There is either an error in your model specification or the true solution is unstable (or the true solution can not be represented in the precision of Float64).
└ @ SciMLBase ~/.julia/packages/SciMLBase/VW1cI/src/integrator_interface.jl:623
┌ Warning: At t=-0.9324188253644761, dt was forced below floating point epsilon 1.1102230246251565e-16, and step error estimate = 1.0101196630107134. Aborting. There is either an error in your model specification or the true solution is unstable (or the true solution can not be represented in the precision of Float64).
└ @ SciMLBase ~/.julia/packages/SciMLBase/VW1cI/src/integrator_interface.jl:623
┌ Warning: At t=0.16217984770291904, dt was forced below floating point epsilon 2.7755575615628914e-17, and step error estimate = NaN. Aborting. There is either an error in your model specification or the true solution is unstable (or the true solution can not be represented in the precision of Float64).
└ @ SciMLBase ~/.julia/packages/SciMLBase/VW1cI/src/integrator_interface.jl:623
┌ Warning: At t=0.6380695446812575, dt was forced below floating point epsilon 1.1102230246251565e-16, and step error estimate = 1.8886348649574154. Aborting. There is either an error in your model specification or the true solution is unstable (or the true solution can not be represented in the precision of Float64).
└ @ SciMLBase ~/.julia/packages/SciMLBase/VW1cI/src/integrator_interface.jl:623
┌ Warning: At t=0.6645006650410196, dt was forced below floating point epsilon 1.1102230246251565e-16, and step error estimate = 1.1558797561110619. Aborting. There is either an error in your model specification or the true solution is unstable (or the true solution can not be represented in the precision of Float64).
└ @ SciMLBase ~/.julia/packages/SciMLBase/VW1cI/src/integrator_interface.jl:623
┌ Warning: At t=-0.8728514814276942, dt was forced below floating point epsilon 1.1102230246251565e-16, and step error estimate = 1.107630183996457. Aborting. There is either an error in your model specification or the true solution is unstable (or the true solution can not be represented in the precision of Float64).
└ @ SciMLBase ~/.julia/packages/SciMLBase/VW1cI/src/integrator_interface.jl:623
┌ Warning: At t=-0.8013540685787928, dt was forced below floating point epsilon 1.1102230246251565e-16, and step error estimate = 1.1149371124661407. Aborting. There is either an error in your model specification or the true solution is unstable (or the true solution can not be represented in the precision of Float64).
└ @ SciMLBase ~/.julia/packages/SciMLBase/VW1cI/src/integrator_interface.jl:623
┌ Warning: At t=-1.0, dt was forced below floating point epsilon 2.220446049250313e-16, and step error estimate = NaN. Aborting. There is either an error in your model specification or the true solution is unstable (or the true solution can not be represented in the precision of Float64).
└ @ SciMLBase ~/.julia/packages/SciMLBase/VW1cI/src/integrator_interface.jl:623
┌ Warning: At t=0.6379999994408869, dt was forced below floating point epsilon 1.1102230246251565e-16, and step error estimate = NaN. Aborting. There is either an error in your model specification or the true solution is unstable (or the true solution can not be represented in the precision of Float64).
└ @ SciMLBase ~/.julia/packages/SciMLBase/VW1cI/src/integrator_interface.jl:623
┌ Warning: At t=-1.0, dt was forced below floating point epsilon 2.220446049250313e-16, and step error estimate = 7.188676054430626. Aborting. There is either an error in your model specification or the true solution is unstable (or the true solution can not be represented in the precision of Float64).
└ @ SciMLBase ~/.julia/packages/SciMLBase/VW1cI/src/integrator_interface.jl:623
┌ Warning: At t=0.0366283265315344, dt was forced below floating point epsilon 6.938893903907228e-18, and step error estimate = NaN. Aborting. There is either an error in your model specification or the true solution is unstable (or the true solution can not be represented in the precision of Float64).
└ @ SciMLBase ~/.julia/packages/SciMLBase/VW1cI/src/integrator_interface.jl:623
┌ Warning: At t=0.7747012578172024, dt was forced below floating point epsilon 1.1102230246251565e-16, and step error estimate = 100.03047283766277. Aborting. There is either an error in your model specification or the true solution is unstable (or the true solution can not be represented in the precision of Float64).
└ @ SciMLBase ~/.julia/packages/SciMLBase/VW1cI/src/integrator_interface.jl:623
┌ Warning: At t=-1.0, dt was forced below floating point epsilon 2.220446049250313e-16, and step error estimate = 5.194602049619855. Aborting. There is either an error in your model specification or the true solution is unstable (or the true solution can not be represented in the precision of Float64).
└ @ SciMLBase ~/.julia/packages/SciMLBase/VW1cI/src/integrator_interface.jl:623
┌ Warning: At t=0.638003997849585, dt was forced below floating point epsilon 1.1102230246251565e-16, and step error estimate = NaN. Aborting. There is either an error in your model specification or the true solution is unstable (or the true solution can not be represented in the precision of Float64).
└ @ SciMLBase ~/.julia/packages/SciMLBase/VW1cI/src/integrator_interface.jl:623
┌ Warning: At t=-1.0, dt was forced below floating point epsilon 2.220446049250313e-16, and step error estimate = 7.266644437291236. Aborting. There is either an error in your model specification or the true solution is unstable (or the true solution can not be represented in the precision of Float64).
└ @ SciMLBase ~/.julia/packages/SciMLBase/VW1cI/src/integrator_interface.jl:623
┌ Warning: At t=-1.0, dt was forced below floating point epsilon 2.220446049250313e-16, and step error estimate = 7.316001466175551. Aborting. There is either an error in your model specification or the true solution is unstable (or the true solution can not be represented in the precision of Float64).
└ @ SciMLBase ~/.julia/packages/SciMLBase/VW1cI/src/integrator_interface.jl:623
┌ Warning: At t=-0.9583891150531928, dt was forced below floating point epsilon 1.1102230246251565e-16, and step error estimate = NaN. Aborting. There is either an error in your model specification or the true solution is unstable (or the true solution can not be represented in the precision of Float64).
└ @ SciMLBase ~/.julia/packages/SciMLBase/VW1cI/src/integrator_interface.jl:623
┌ Warning: At t=-1.0, dt was forced below floating point epsilon 2.220446049250313e-16, and step error estimate = NaN. Aborting. There is either an error in your model specification or the true solution is unstable (or the true solution can not be represented in the precision of Float64).
└ @ SciMLBase ~/.julia/packages/SciMLBase/VW1cI/src/integrator_interface.jl:623
┌ Warning: At t=-0.7492852886293225, dt was forced below floating point epsilon 1.1102230246251565e-16, and step error estimate = NaN. Aborting. There is either an error in your model specification or the true solution is unstable (or the true solution can not be represented in the precision of Float64).
└ @ SciMLBase ~/.julia/packages/SciMLBase/VW1cI/src/integrator_interface.jl:623
┌ Warning: At t=0.6543311605961832, dt was forced below floating point epsilon 1.1102230246251565e-16, and step error estimate = 1.001843480049891. Aborting. There is either an error in your model specification or the true solution is unstable (or the true solution can not be represented in the precision of Float64).
└ @ SciMLBase ~/.julia/packages/SciMLBase/VW1cI/src/integrator_interface.jl:623
┌ Warning: At t=-0.9097696421021304, dt was forced below floating point epsilon 1.1102230246251565e-16, and step error estimate = 1.1416271544907663. Aborting. There is either an error in your model specification or the true solution is unstable (or the true solution can not be represented in the precision of Float64).
└ @ SciMLBase ~/.julia/packages/SciMLBase/VW1cI/src/integrator_interface.jl:623
┌ Warning: At t=-1.0, dt was forced below floating point epsilon 2.220446049250313e-16, and step error estimate = 7.183610421648717. Aborting. There is either an error in your model specification or the true solution is unstable (or the true solution can not be represented in the precision of Float64).
└ @ SciMLBase ~/.julia/packages/SciMLBase/VW1cI/src/integrator_interface.jl:623
┌ Warning: At t=-1.0, dt was forced below floating point epsilon 2.220446049250313e-16, and step error estimate = 4.7013220301725477e8. Aborting. There is either an error in your model specification or the true solution is unstable (or the true solution can not be represented in the precision of Float64).
└ @ SciMLBase ~/.julia/packages/SciMLBase/VW1cI/src/integrator_interface.jl:623
┌ Warning: At t=-0.5947401507023105, dt was forced below floating point epsilon 1.1102230246251565e-16, and step error estimate = 1.371313757670364. Aborting. There is either an error in your model specification or the true solution is unstable (or the true solution can not be represented in the precision of Float64).
└ @ SciMLBase ~/.julia/packages/SciMLBase/VW1cI/src/integrator_interface.jl:623
┌ Warning: At t=-1.0, dt was forced below floating point epsilon 2.220446049250313e-16, and step error estimate = 2.3791912750968398e6. Aborting. There is either an error in your model specification or the true solution is unstable (or the true solution can not be represented in the precision of Float64).
└ @ SciMLBase ~/.julia/packages/SciMLBase/VW1cI/src/integrator_interface.jl:623
┌ Warning: At t=-1.0, dt was forced below floating point epsilon 2.220446049250313e-16, and step error estimate = 4.55947548199574e8. Aborting. There is either an error in your model specification or the true solution is unstable (or the true solution can not be represented in the precision of Float64).
└ @ SciMLBase ~/.julia/packages/SciMLBase/VW1cI/src/integrator_interface.jl:623
┌ Warning: At t=-0.5947401507023105, dt was forced below floating point epsilon 1.1102230246251565e-16, and step error estimate = 1.371313757670364. Aborting. There is either an error in your model specification or the true solution is unstable (or the true solution can not be represented in the precision of Float64).
└ @ SciMLBase ~/.julia/packages/SciMLBase/VW1cI/src/integrator_interface.jl:623
┌ Warning: At t=-0.933290072597241, dt was forced below floating point epsilon 1.1102230246251565e-16, and step error estimate = 1.2388531522065558. Aborting. There is either an error in your model specification or the true solution is unstable (or the true solution can not be represented in the precision of Float64).
└ @ SciMLBase ~/.julia/packages/SciMLBase/VW1cI/src/integrator_interface.jl:623
┌ Warning: At t=-1.0, dt was forced below floating point epsilon 2.220446049250313e-16, and step error estimate = 7.212970015852128. Aborting. There is either an error in your model specification or the true solution is unstable (or the true solution can not be represented in the precision of Float64).
└ @ SciMLBase ~/.julia/packages/SciMLBase/VW1cI/src/integrator_interface.jl:623
┌ Warning: At t=-0.7959827618227869, dt was forced below floating point epsilon 1.1102230246251565e-16, and step error estimate = 1.05358396397596. Aborting. There is either an error in your model specification or the true solution is unstable (or the true solution can not be represented in the precision of Float64).
└ @ SciMLBase ~/.julia/packages/SciMLBase/VW1cI/src/integrator_interface.jl:623
┌ Warning: At t=-1.0, dt was forced below floating point epsilon 2.220446049250313e-16, and step error estimate = 5.194602049619855. Aborting. There is either an error in your model specification or the true solution is unstable (or the true solution can not be represented in the precision of Float64).
└ @ SciMLBase ~/.julia/packages/SciMLBase/VW1cI/src/integrator_interface.jl:623
┌ Warning: At t=-1.0, dt was forced below floating point epsilon 2.220446049250313e-16, and step error estimate = 7.30835114417207. Aborting. There is either an error in your model specification or the true solution is unstable (or the true solution can not be represented in the precision of Float64).
└ @ SciMLBase ~/.julia/packages/SciMLBase/VW1cI/src/integrator_interface.jl:623
┌ Warning: At t=-0.999022911214178, dt was forced below floating point epsilon 1.1102230246251565e-16, and step error estimate = NaN. Aborting. There is either an error in your model specification or the true solution is unstable (or the true solution can not be represented in the precision of Float64).
└ @ SciMLBase ~/.julia/packages/SciMLBase/VW1cI/src/integrator_interface.jl:623
┌ Warning: At t=-1.0, dt was forced below floating point epsilon 2.220446049250313e-16, and step error estimate = 2.375877434163772e6. Aborting. There is either an error in your model specification or the true solution is unstable (or the true solution can not be represented in the precision of Float64).
└ @ SciMLBase ~/.julia/packages/SciMLBase/VW1cI/src/integrator_interface.jl:623
┌ Warning: At t=0.6939424754672329, dt was forced below floating point epsilon 1.1102230246251565e-16, and step error estimate = 1.1847342407687376. Aborting. There is either an error in your model specification or the true solution is unstable (or the true solution can not be represented in the precision of Float64).
└ @ SciMLBase ~/.julia/packages/SciMLBase/VW1cI/src/integrator_interface.jl:623
┌ Warning: At t=0.934884555612891, dt was forced below floating point epsilon 1.1102230246251565e-16, and step error estimate = NaN. Aborting. There is either an error in your model specification or the true solution is unstable (or the true solution can not be represented in the precision of Float64).
└ @ SciMLBase ~/.julia/packages/SciMLBase/VW1cI/src/integrator_interface.jl:623
┌ Warning: At t=-0.7518056603101895, dt was forced below floating point epsilon 1.1102230246251565e-16, and step error estimate = 1.208376922224584. Aborting. There is either an error in your model specification or the true solution is unstable (or the true solution can not be represented in the precision of Float64).
└ @ SciMLBase ~/.julia/packages/SciMLBase/VW1cI/src/integrator_interface.jl:623
┌ Warning: At t=-1.0, dt was forced below floating point epsilon 2.220446049250313e-16, and step error estimate = 7.196682480957694. Aborting. There is either an error in your model specification or the true solution is unstable (or the true solution can not be represented in the precision of Float64).
└ @ SciMLBase ~/.julia/packages/SciMLBase/VW1cI/src/integrator_interface.jl:623
┌ Warning: At t=-1.0, dt was forced below floating point epsilon 2.220446049250313e-16, and step error estimate = 2.5120014197836146e6. Aborting. There is either an error in your model specification or the true solution is unstable (or the true solution can not be represented in the precision of Float64).
└ @ SciMLBase ~/.julia/packages/SciMLBase/VW1cI/src/integrator_interface.jl:623
┌ Warning: At t=-1.0, dt was forced below floating point epsilon 2.220446049250313e-16, and step error estimate = 7.106402404319192. Aborting. There is either an error in your model specification or the true solution is unstable (or the true solution can not be represented in the precision of Float64).
└ @ SciMLBase ~/.julia/packages/SciMLBase/VW1cI/src/integrator_interface.jl:623
┌ Warning: At t=-0.9998017545312751, dt was forced below floating point epsilon 1.1102230246251565e-16, and step error estimate = 1.1003255527626459. Aborting. There is either an error in your model specification or the true solution is unstable (or the true solution can not be represented in the precision of Float64).
└ @ SciMLBase ~/.julia/packages/SciMLBase/VW1cI/src/integrator_interface.jl:623
┌ Warning: At t=-1.0, dt was forced below floating point epsilon 2.220446049250313e-16, and step error estimate = 7.190906447825438. Aborting. There is either an error in your model specification or the true solution is unstable (or the true solution can not be represented in the precision of Float64).
└ @ SciMLBase ~/.julia/packages/SciMLBase/VW1cI/src/integrator_interface.jl:623
┌ Warning: At t=-0.6954033910601641, dt was forced below floating point epsilon 1.1102230246251565e-16, and step error estimate = NaN. Aborting. There is either an error in your model specification or the true solution is unstable (or the true solution can not be represented in the precision of Float64).
└ @ SciMLBase ~/.julia/packages/SciMLBase/VW1cI/src/integrator_interface.jl:623
┌ Warning: At t=-1.0, dt was forced below floating point epsilon 2.220446049250313e-16, and step error estimate = 7.1505633194294935. Aborting. There is either an error in your model specification or the true solution is unstable (or the true solution can not be represented in the precision of Float64).
└ @ SciMLBase ~/.julia/packages/SciMLBase/VW1cI/src/integrator_interface.jl:623
┌ Warning: At t=-1.0, dt was forced below floating point epsilon 2.220446049250313e-16, and step error estimate = 5.3245926067021424e8. Aborting. There is either an error in your model specification or the true solution is unstable (or the true solution can not be represented in the precision of Float64).
└ @ SciMLBase ~/.julia/packages/SciMLBase/VW1cI/src/integrator_interface.jl:623
┌ Warning: At t=-1.0, dt was forced below floating point epsilon 2.220446049250313e-16, and step error estimate = 7.3389620323877764. Aborting. There is either an error in your model specification or the true solution is unstable (or the true solution can not be represented in the precision of Float64).
└ @ SciMLBase ~/.julia/packages/SciMLBase/VW1cI/src/integrator_interface.jl:623
┌ Warning: At t=-1.0, dt was forced below floating point epsilon 2.220446049250313e-16, and step error estimate = 7.190906447825438. Aborting. There is either an error in your model specification or the true solution is unstable (or the true solution can not be represented in the precision of Float64).
└ @ SciMLBase ~/.julia/packages/SciMLBase/VW1cI/src/integrator_interface.jl:623
┌ Warning: At t=-1.0, dt was forced below floating point epsilon 2.220446049250313e-16, and step error estimate = 7.288996203564177. Aborting. There is either an error in your model specification or the true solution is unstable (or the true solution can not be represented in the precision of Float64).
└ @ SciMLBase ~/.julia/packages/SciMLBase/VW1cI/src/integrator_interface.jl:623
┌ Warning: At t=-1.0, dt was forced below floating point epsilon 2.220446049250313e-16, and step error estimate = 4.9074641347580194e8. Aborting. There is either an error in your model specification or the true solution is unstable (or the true solution can not be represented in the precision of Float64).
└ @ SciMLBase ~/.julia/packages/SciMLBase/VW1cI/src/integrator_interface.jl:623
┌ Warning: At t=-0.8278317552883542, dt was forced below floating point epsilon 1.1102230246251565e-16, and step error estimate = 1.2427051534864468. Aborting. There is either an error in your model specification or the true solution is unstable (or the true solution can not be represented in the precision of Float64).
└ @ SciMLBase ~/.julia/packages/SciMLBase/VW1cI/src/integrator_interface.jl:623
┌ Warning: At t=-1.0, dt was forced below floating point epsilon 2.220446049250313e-16, and step error estimate = NaN. Aborting. There is either an error in your model specification or the true solution is unstable (or the true solution can not be represented in the precision of Float64).
└ @ SciMLBase ~/.julia/packages/SciMLBase/VW1cI/src/integrator_interface.jl:623
┌ Warning: At t=-1.0, dt was forced below floating point epsilon 2.220446049250313e-16, and step error estimate = 7.273721660975644. Aborting. There is either an error in your model specification or the true solution is unstable (or the true solution can not be represented in the precision of Float64).
└ @ SciMLBase ~/.julia/packages/SciMLBase/VW1cI/src/integrator_interface.jl:623
┌ Warning: At t=0.5746829878771592, dt was forced below floating point epsilon 1.1102230246251565e-16, and step error estimate = 1.0981204233416384. Aborting. There is either an error in your model specification or the true solution is unstable (or the true solution can not be represented in the precision of Float64).
└ @ SciMLBase ~/.julia/packages/SciMLBase/VW1cI/src/integrator_interface.jl:623
┌ Warning: At t=-0.5947401507023176, dt was forced below floating point epsilon 1.1102230246251565e-16, and step error estimate = 1.3557888842085097. Aborting. There is either an error in your model specification or the true solution is unstable (or the true solution can not be represented in the precision of Float64).
└ @ SciMLBase ~/.julia/packages/SciMLBase/VW1cI/src/integrator_interface.jl:623
┌ Warning: At t=-0.7364915058262685, dt was forced below floating point epsilon 1.1102230246251565e-16, and step error estimate = 1.004953872359555. Aborting. There is either an error in your model specification or the true solution is unstable (or the true solution can not be represented in the precision of Float64).
└ @ SciMLBase ~/.julia/packages/SciMLBase/VW1cI/src/integrator_interface.jl:623
┌ Warning: At t=-0.7492852886293225, dt was forced below floating point epsilon 1.1102230246251565e-16, and step error estimate = NaN. Aborting. There is either an error in your model specification or the true solution is unstable (or the true solution can not be represented in the precision of Float64).
└ @ SciMLBase ~/.julia/packages/SciMLBase/VW1cI/src/integrator_interface.jl:623
┌ Warning: At t=-0.9594752578173239, dt was forced below floating point epsilon 1.1102230246251565e-16, and step error estimate = 1.2111377414936335. Aborting. There is either an error in your model specification or the true solution is unstable (or the true solution can not be represented in the precision of Float64).
└ @ SciMLBase ~/.julia/packages/SciMLBase/VW1cI/src/integrator_interface.jl:623
┌ Warning: At t=-0.8235160088488498, dt was forced below floating point epsilon 1.1102230246251565e-16, and step error estimate = 1.0142544422408322. Aborting. There is either an error in your model specification or the true solution is unstable (or the true solution can not be represented in the precision of Float64).
└ @ SciMLBase ~/.julia/packages/SciMLBase/VW1cI/src/integrator_interface.jl:623
┌ Warning: At t=-0.5776634993069795, dt was forced below floating point epsilon 1.1102230246251565e-16, and step error estimate = 1.1839906071779924. Aborting. There is either an error in your model specification or the true solution is unstable (or the true solution can not be represented in the precision of Float64).
└ @ SciMLBase ~/.julia/packages/SciMLBase/VW1cI/src/integrator_interface.jl:623
┌ Warning: At t=0.7459473896922814, dt was forced below floating point epsilon 1.1102230246251565e-16, and step error estimate = 90.1768718237554. Aborting. There is either an error in your model specification or the true solution is unstable (or the true solution can not be represented in the precision of Float64).
└ @ SciMLBase ~/.julia/packages/SciMLBase/VW1cI/src/integrator_interface.jl:623
┌ Warning: At t=0.6384910593365769, dt was forced below floating point epsilon 1.1102230246251565e-16, and step error estimate = NaN. Aborting. There is either an error in your model specification or the true solution is unstable (or the true solution can not be represented in the precision of Float64).
└ @ SciMLBase ~/.julia/packages/SciMLBase/VW1cI/src/integrator_interface.jl:623
┌ Warning: At t=-1.0, dt was forced below floating point epsilon 2.220446049250313e-16, and step error estimate = 7.181176461541901. Aborting. There is either an error in your model specification or the true solution is unstable (or the true solution can not be represented in the precision of Float64).
└ @ SciMLBase ~/.julia/packages/SciMLBase/VW1cI/src/integrator_interface.jl:623
┌ Warning: At t=-0.9158954236889687, dt was forced below floating point epsilon 1.1102230246251565e-16, and step error estimate = NaN. Aborting. There is either an error in your model specification or the true solution is unstable (or the true solution can not be represented in the precision of Float64).
└ @ SciMLBase ~/.julia/packages/SciMLBase/VW1cI/src/integrator_interface.jl:623
┌ Warning: At t=0.6380000393277152, dt was forced below floating point epsilon 1.1102230246251565e-16, and step error estimate = NaN. Aborting. There is either an error in your model specification or the true solution is unstable (or the true solution can not be represented in the precision of Float64).
└ @ SciMLBase ~/.julia/packages/SciMLBase/VW1cI/src/integrator_interface.jl:623
┌ Warning: At t=-0.9230692448393429, dt was forced below floating point epsilon 1.1102230246251565e-16, and step error estimate = NaN. Aborting. There is either an error in your model specification or the true solution is unstable (or the true solution can not be represented in the precision of Float64).
└ @ SciMLBase ~/.julia/packages/SciMLBase/VW1cI/src/integrator_interface.jl:623
┌ Warning: At t=-0.9999938442764281, dt was forced below floating point epsilon 1.1102230246251565e-16, and step error estimate = 2.1303902235355086. Aborting. There is either an error in your model specification or the true solution is unstable (or the true solution can not be represented in the precision of Float64).
└ @ SciMLBase ~/.julia/packages/SciMLBase/VW1cI/src/integrator_interface.jl:623
┌ Warning: At t=-1.0, dt was forced below floating point epsilon 2.220446049250313e-16, and step error estimate = 7.15268483667265. Aborting. There is either an error in your model specification or the true solution is unstable (or the true solution can not be represented in the precision of Float64).
└ @ SciMLBase ~/.julia/packages/SciMLBase/VW1cI/src/integrator_interface.jl:623
┌ Warning: At t=-1.0, dt was forced below floating point epsilon 2.220446049250313e-16, and step error estimate = 2.339676427501899e6. Aborting. There is either an error in your model specification or the true solution is unstable (or the true solution can not be represented in the precision of Float64).
└ @ SciMLBase ~/.julia/packages/SciMLBase/VW1cI/src/integrator_interface.jl:623
┌ Warning: At t=-1.0, dt was forced below floating point epsilon 2.220446049250313e-16, and step error estimate = 7.378260889118321. Aborting. There is either an error in your model specification or the true solution is unstable (or the true solution can not be represented in the precision of Float64).
└ @ SciMLBase ~/.julia/packages/SciMLBase/VW1cI/src/integrator_interface.jl:623
┌ Warning: At t=-1.0, dt was forced below floating point epsilon 2.220446049250313e-16, and step error estimate = 2.4843116755873794e6. Aborting. There is either an error in your model specification or the true solution is unstable (or the true solution can not be represented in the precision of Float64).
└ @ SciMLBase ~/.julia/packages/SciMLBase/VW1cI/src/integrator_interface.jl:623
┌ Warning: At t=-0.9997754592264043, dt was forced below floating point epsilon 1.1102230246251565e-16, and step error estimate = 1.233519853981429. Aborting. There is either an error in your model specification or the true solution is unstable (or the true solution can not be represented in the precision of Float64).
└ @ SciMLBase ~/.julia/packages/SciMLBase/VW1cI/src/integrator_interface.jl:623
┌ Warning: At t=-1.0, dt was forced below floating point epsilon 2.220446049250313e-16, and step error estimate = 27.053683541573545. Aborting. There is either an error in your model specification or the true solution is unstable (or the true solution can not be represented in the precision of Float64).
└ @ SciMLBase ~/.julia/packages/SciMLBase/VW1cI/src/integrator_interface.jl:623
┌ Warning: At t=-0.7148328648883324, dt was forced below floating point epsilon 1.1102230246251565e-16, and step error estimate = 1.0187350952933811. Aborting. There is either an error in your model specification or the true solution is unstable (or the true solution can not be represented in the precision of Float64).
└ @ SciMLBase ~/.julia/packages/SciMLBase/VW1cI/src/integrator_interface.jl:623
┌ Warning: At t=-0.9367736998287656, dt was forced below floating point epsilon 1.1102230246251565e-16, and step error estimate = 1.265560545823173. Aborting. There is either an error in your model specification or the true solution is unstable (or the true solution can not be represented in the precision of Float64).
└ @ SciMLBase ~/.julia/packages/SciMLBase/VW1cI/src/integrator_interface.jl:623
┌ Warning: At t=0.6543311605961832, dt was forced below floating point epsilon 1.1102230246251565e-16, and step error estimate = 1.001843480049891. Aborting. There is either an error in your model specification or the true solution is unstable (or the true solution can not be represented in the precision of Float64).
└ @ SciMLBase ~/.julia/packages/SciMLBase/VW1cI/src/integrator_interface.jl:623
┌ Warning: At t=-1.0, dt was forced below floating point epsilon 2.220446049250313e-16, and step error estimate = 7.071067811865476e11. Aborting. There is either an error in your model specification or the true solution is unstable (or the true solution can not be represented in the precision of Float64).
└ @ SciMLBase ~/.julia/packages/SciMLBase/VW1cI/src/integrator_interface.jl:623
┌ Warning: At t=0.6380000109792939, dt was forced below floating point epsilon 1.1102230246251565e-16, and step error estimate = NaN. Aborting. There is either an error in your model specification or the true solution is unstable (or the true solution can not be represented in the precision of Float64).
└ @ SciMLBase ~/.julia/packages/SciMLBase/VW1cI/src/integrator_interface.jl:623
┌ Warning: At t=-0.0915993498643, dt was forced below floating point epsilon 1.3877787807814457e-17, and step error estimate = 1.1628789756493174. Aborting. There is either an error in your model specification or the true solution is unstable (or the true solution can not be represented in the precision of Float64).
└ @ SciMLBase ~/.julia/packages/SciMLBase/VW1cI/src/integrator_interface.jl:623
┌ Warning: At t=-0.7351816165202396, dt was forced below floating point epsilon 1.1102230246251565e-16, and step error estimate = 1.2062692144037575. Aborting. There is either an error in your model specification or the true solution is unstable (or the true solution can not be represented in the precision of Float64).
└ @ SciMLBase ~/.julia/packages/SciMLBase/VW1cI/src/integrator_interface.jl:623
┌ Warning: At t=-1.0, dt was forced below floating point epsilon 2.220446049250313e-16, and step error estimate = 2.3584298733622925e6. Aborting. There is either an error in your model specification or the true solution is unstable (or the true solution can not be represented in the precision of Float64).
└ @ SciMLBase ~/.julia/packages/SciMLBase/VW1cI/src/integrator_interface.jl:623
┌ Warning: At t=0.6949676878693039, dt was forced below floating point epsilon 1.1102230246251565e-16, and step error estimate = 1.112698836249659. Aborting. There is either an error in your model specification or the true solution is unstable (or the true solution can not be represented in the precision of Float64).
└ @ SciMLBase ~/.julia/packages/SciMLBase/VW1cI/src/integrator_interface.jl:623
┌ Warning: At t=0.9316438644892509, dt was forced below floating point epsilon 1.1102230246251565e-16, and step error estimate = 798.7216981792508. Aborting. There is either an error in your model specification or the true solution is unstable (or the true solution can not be represented in the precision of Float64).
└ @ SciMLBase ~/.julia/packages/SciMLBase/VW1cI/src/integrator_interface.jl:623
┌ Warning: At t=0.638003997849585, dt was forced below floating point epsilon 1.1102230246251565e-16, and step error estimate = NaN. Aborting. There is either an error in your model specification or the true solution is unstable (or the true solution can not be represented in the precision of Float64).
└ @ SciMLBase ~/.julia/packages/SciMLBase/VW1cI/src/integrator_interface.jl:623
┌ Warning: At t=0.7672327989689607, dt was forced below floating point epsilon 1.1102230246251565e-16, and step error estimate = 171.80546284617805. Aborting. There is either an error in your model specification or the true solution is unstable (or the true solution can not be represented in the precision of Float64).
└ @ SciMLBase ~/.julia/packages/SciMLBase/VW1cI/src/integrator_interface.jl:623
┌ Warning: At t=-0.41318055094117917, dt was forced below floating point epsilon 5.551115123125783e-17, and step error estimate = 50.04439861543456. Aborting. There is either an error in your model specification or the true solution is unstable (or the true solution can not be represented in the precision of Float64).
└ @ SciMLBase ~/.julia/packages/SciMLBase/VW1cI/src/integrator_interface.jl:623
┌ Warning: At t=-1.0, dt was forced below floating point epsilon 2.220446049250313e-16, and step error estimate = 2.66987094065622e6. Aborting. There is either an error in your model specification or the true solution is unstable (or the true solution can not be represented in the precision of Float64).
└ @ SciMLBase ~/.julia/packages/SciMLBase/VW1cI/src/integrator_interface.jl:623
┌ Warning: At t=-1.0, dt was forced below floating point epsilon 2.220446049250313e-16, and step error estimate = 25.685739720310856. Aborting. There is either an error in your model specification or the true solution is unstable (or the true solution can not be represented in the precision of Float64).
└ @ SciMLBase ~/.julia/packages/SciMLBase/VW1cI/src/integrator_interface.jl:623
┌ Warning: At t=-1.0, dt was forced below floating point epsilon 2.220446049250313e-16, and step error estimate = 7.263472344393634. Aborting. There is either an error in your model specification or the true solution is unstable (or the true solution can not be represented in the precision of Float64).
└ @ SciMLBase ~/.julia/packages/SciMLBase/VW1cI/src/integrator_interface.jl:623
┌ Warning: At t=-0.9927092236244314, dt was forced below floating point epsilon 1.1102230246251565e-16, and step error estimate = 1.2676418792114927. Aborting. There is either an error in your model specification or the true solution is unstable (or the true solution can not be represented in the precision of Float64).
└ @ SciMLBase ~/.julia/packages/SciMLBase/VW1cI/src/integrator_interface.jl:623
┌ Warning: At t=-0.03444715706604258, dt was forced below floating point epsilon 6.938893903907228e-18, and step error estimate = 1.2117702567452115. Aborting. There is either an error in your model specification or the true solution is unstable (or the true solution can not be represented in the precision of Float64).
└ @ SciMLBase ~/.julia/packages/SciMLBase/VW1cI/src/integrator_interface.jl:623
┌ Warning: At t=0.9354787716300628, dt was forced below floating point epsilon 1.1102230246251565e-16, and step error estimate = 84.81563702302907. Aborting. There is either an error in your model specification or the true solution is unstable (or the true solution can not be represented in the precision of Float64).
└ @ SciMLBase ~/.julia/packages/SciMLBase/VW1cI/src/integrator_interface.jl:623
┌ Warning: At t=-1.0, dt was forced below floating point epsilon 2.220446049250313e-16, and step error estimate = 7.313481776533962. Aborting. There is either an error in your model specification or the true solution is unstable (or the true solution can not be represented in the precision of Float64).
└ @ SciMLBase ~/.julia/packages/SciMLBase/VW1cI/src/integrator_interface.jl:623
┌ Warning: At t=-0.9271362484257747, dt was forced below floating point epsilon 1.1102230246251565e-16, and step error estimate = 1.4479653700063067. Aborting. There is either an error in your model specification or the true solution is unstable (or the true solution can not be represented in the precision of Float64).
└ @ SciMLBase ~/.julia/packages/SciMLBase/VW1cI/src/integrator_interface.jl:623
┌ Warning: At t=-1.0, dt was forced below floating point epsilon 2.220446049250313e-16, and step error estimate = 5.996130320782829e10. Aborting. There is either an error in your model specification or the true solution is unstable (or the true solution can not be represented in the precision of Float64).
└ @ SciMLBase ~/.julia/packages/SciMLBase/VW1cI/src/integrator_interface.jl:623
┌ Warning: At t=-1.0, dt was forced below floating point epsilon 2.220446049250313e-16, and step error estimate = 2.4843116755873794e6. Aborting. There is either an error in your model specification or the true solution is unstable (or the true solution can not be represented in the precision of Float64).
└ @ SciMLBase ~/.julia/packages/SciMLBase/VW1cI/src/integrator_interface.jl:623
┌ Warning: At t=-1.0, dt was forced below floating point epsilon 2.220446049250313e-16, and step error estimate = 7.3902891766512155. Aborting. There is either an error in your model specification or the true solution is unstable (or the true solution can not be represented in the precision of Float64).
└ @ SciMLBase ~/.julia/packages/SciMLBase/VW1cI/src/integrator_interface.jl:623
┌ Warning: At t=0.8034189117001752, dt was forced below floating point epsilon 1.1102230246251565e-16, and step error estimate = 1.39492435054321. Aborting. There is either an error in your model specification or the true solution is unstable (or the true solution can not be represented in the precision of Float64).
└ @ SciMLBase ~/.julia/packages/SciMLBase/VW1cI/src/integrator_interface.jl:623
┌ Warning: At t=-0.999022911214178, dt was forced below floating point epsilon 1.1102230246251565e-16, and step error estimate = NaN. Aborting. There is either an error in your model specification or the true solution is unstable (or the true solution can not be represented in the precision of Float64).
└ @ SciMLBase ~/.julia/packages/SciMLBase/VW1cI/src/integrator_interface.jl:623
┌ Warning: At t=-0.9230692448393429, dt was forced below floating point epsilon 1.1102230246251565e-16, and step error estimate = NaN. Aborting. There is either an error in your model specification or the true solution is unstable (or the true solution can not be represented in the precision of Float64).
└ @ SciMLBase ~/.julia/packages/SciMLBase/VW1cI/src/integrator_interface.jl:623
┌ Warning: At t=0.6380000041849346, dt was forced below floating point epsilon 1.1102230246251565e-16, and step error estimate = NaN. Aborting. There is either an error in your model specification or the true solution is unstable (or the true solution can not be represented in the precision of Float64).
└ @ SciMLBase ~/.julia/packages/SciMLBase/VW1cI/src/integrator_interface.jl:623
┌ Warning: At t=-0.990349810266149, dt was forced below floating point epsilon 1.1102230246251565e-16, and step error estimate = 1.1808656800423467. Aborting. There is either an error in your model specification or the true solution is unstable (or the true solution can not be represented in the precision of Float64).
└ @ SciMLBase ~/.julia/packages/SciMLBase/VW1cI/src/integrator_interface.jl:623
┌ Warning: At t=-0.5350091344842698, dt was forced below floating point epsilon 1.1102230246251565e-16, and step error estimate = 1.054001015979257. Aborting. There is either an error in your model specification or the true solution is unstable (or the true solution can not be represented in the precision of Float64).
└ @ SciMLBase ~/.julia/packages/SciMLBase/VW1cI/src/integrator_interface.jl:623
┌ Warning: At t=-1.0, dt was forced below floating point epsilon 2.220446049250313e-16, and step error estimate = 7.26896289036713. Aborting. There is either an error in your model specification or the true solution is unstable (or the true solution can not be represented in the precision of Float64).
└ @ SciMLBase ~/.julia/packages/SciMLBase/VW1cI/src/integrator_interface.jl:623
┌ Warning: At t=-0.2832372137255663, dt was forced below floating point epsilon 5.551115123125783e-17, and step error estimate = 1.0182506984327064. Aborting. There is either an error in your model specification or the true solution is unstable (or the true solution can not be represented in the precision of Float64).
└ @ SciMLBase ~/.julia/packages/SciMLBase/VW1cI/src/integrator_interface.jl:623
┌ Warning: At t=-1.0, dt was forced below floating point epsilon 2.220446049250313e-16, and step error estimate = 7.354904717602455. Aborting. There is either an error in your model specification or the true solution is unstable (or the true solution can not be represented in the precision of Float64).
└ @ SciMLBase ~/.julia/packages/SciMLBase/VW1cI/src/integrator_interface.jl:623
┌ Warning: At t=-1.0, dt was forced below floating point epsilon 2.220446049250313e-16, and step error estimate = 7.131408552042529. Aborting. There is either an error in your model specification or the true solution is unstable (or the true solution can not be represented in the precision of Float64).
└ @ SciMLBase ~/.julia/packages/SciMLBase/VW1cI/src/integrator_interface.jl:623
┌ Warning: At t=-0.7725909395748721, dt was forced below floating point epsilon 1.1102230246251565e-16, and step error estimate = 1.3363399973298058. Aborting. There is either an error in your model specification or the true solution is unstable (or the true solution can not be represented in the precision of Float64).
└ @ SciMLBase ~/.julia/packages/SciMLBase/VW1cI/src/integrator_interface.jl:623
┌ Warning: At t=-0.9727409179044528, dt was forced below floating point epsilon 1.1102230246251565e-16, and step error estimate = 1.1038500862658194. Aborting. There is either an error in your model specification or the true solution is unstable (or the true solution can not be represented in the precision of Float64).
└ @ SciMLBase ~/.julia/packages/SciMLBase/VW1cI/src/integrator_interface.jl:623
┌ Warning: At t=-0.9918096809914237, dt was forced below floating point epsilon 1.1102230246251565e-16, and step error estimate = 1.132988953791502. Aborting. There is either an error in your model specification or the true solution is unstable (or the true solution can not be represented in the precision of Float64).
└ @ SciMLBase ~/.julia/packages/SciMLBase/VW1cI/src/integrator_interface.jl:623
┌ Warning: At t=-0.7329776472047904, dt was forced below floating point epsilon 1.1102230246251565e-16, and step error estimate = 1.3221150650166205. Aborting. There is either an error in your model specification or the true solution is unstable (or the true solution can not be represented in the precision of Float64).
└ @ SciMLBase ~/.julia/packages/SciMLBase/VW1cI/src/integrator_interface.jl:623
┌ Warning: At t=-1.0, dt was forced below floating point epsilon 2.220446049250313e-16, and step error estimate = 7.26896289036713. Aborting. There is either an error in your model specification or the true solution is unstable (or the true solution can not be represented in the precision of Float64).
└ @ SciMLBase ~/.julia/packages/SciMLBase/VW1cI/src/integrator_interface.jl:623
┌ Warning: At t=-0.10291490238880471, dt was forced below floating point epsilon 1.3877787807814457e-17, and step error estimate = 1.1052290070721293. Aborting. There is either an error in your model specification or the true solution is unstable (or the true solution can not be represented in the precision of Float64).
└ @ SciMLBase ~/.julia/packages/SciMLBase/VW1cI/src/integrator_interface.jl:623
┌ Warning: At t=-0.7989204857105601, dt was forced below floating point epsilon 1.1102230246251565e-16, and step error estimate = 60.05102845509446. Aborting. There is either an error in your model specification or the true solution is unstable (or the true solution can not be represented in the precision of Float64).
└ @ SciMLBase ~/.julia/packages/SciMLBase/VW1cI/src/integrator_interface.jl:623
┌ Warning: At t=0.6380000263454282, dt was forced below floating point epsilon 1.1102230246251565e-16, and step error estimate = NaN. Aborting. There is either an error in your model specification or the true solution is unstable (or the true solution can not be represented in the precision of Float64).
└ @ SciMLBase ~/.julia/packages/SciMLBase/VW1cI/src/integrator_interface.jl:623
┌ Warning: At t=-1.0, dt was forced below floating point epsilon 2.220446049250313e-16, and step error estimate = 21.83173966978087. Aborting. There is either an error in your model specification or the true solution is unstable (or the true solution can not be represented in the precision of Float64).
└ @ SciMLBase ~/.julia/packages/SciMLBase/VW1cI/src/integrator_interface.jl:623
┌ Warning: At t=-1.0, dt was forced below floating point epsilon 2.220446049250313e-16, and step error estimate = 2.35782939137418e9. Aborting. There is either an error in your model specification or the true solution is unstable (or the true solution can not be represented in the precision of Float64).
└ @ SciMLBase ~/.julia/packages/SciMLBase/VW1cI/src/integrator_interface.jl:623
┌ Warning: At t=-0.7959175615304558, dt was forced below floating point epsilon 1.1102230246251565e-16, and step error estimate = 1.0417095700578507. Aborting. There is either an error in your model specification or the true solution is unstable (or the true solution can not be represented in the precision of Float64).
└ @ SciMLBase ~/.julia/packages/SciMLBase/VW1cI/src/integrator_interface.jl:623
┌ Warning: At t=-1.0, dt was forced below floating point epsilon 2.220446049250313e-16, and step error estimate = NaN. Aborting. There is either an error in your model specification or the true solution is unstable (or the true solution can not be represented in the precision of Float64).
└ @ SciMLBase ~/.julia/packages/SciMLBase/VW1cI/src/integrator_interface.jl:623
┌ Warning: At t=0.9354787716288983, dt was forced below floating point epsilon 1.1102230246251565e-16, and step error estimate = 65.63467060801315. Aborting. There is either an error in your model specification or the true solution is unstable (or the true solution can not be represented in the precision of Float64).
└ @ SciMLBase ~/.julia/packages/SciMLBase/VW1cI/src/integrator_interface.jl:623
┌ Warning: At t=-1.0, dt was forced below floating point epsilon 2.220446049250313e-16, and step error estimate = 7.104709711137415. Aborting. There is either an error in your model specification or the true solution is unstable (or the true solution can not be represented in the precision of Float64).
└ @ SciMLBase ~/.julia/packages/SciMLBase/VW1cI/src/integrator_interface.jl:623
┌ Warning: At t=-0.9999996437737847, dt was forced below floating point epsilon 1.1102230246251565e-16, and step error estimate = 1.136482529640594. Aborting. There is either an error in your model specification or the true solution is unstable (or the true solution can not be represented in the precision of Float64).
└ @ SciMLBase ~/.julia/packages/SciMLBase/VW1cI/src/integrator_interface.jl:623
┌ Warning: At t=-0.9701974732603024, dt was forced below floating point epsilon 1.1102230246251565e-16, and step error estimate = 1.0594391028304009. Aborting. There is either an error in your model specification or the true solution is unstable (or the true solution can not be represented in the precision of Float64).
└ @ SciMLBase ~/.julia/packages/SciMLBase/VW1cI/src/integrator_interface.jl:623
┌ Warning: At t=-0.5397805899161112, dt was forced below floating point epsilon 1.1102230246251565e-16, and step error estimate = 1.1016979763524652. Aborting. There is either an error in your model specification or the true solution is unstable (or the true solution can not be represented in the precision of Float64).
└ @ SciMLBase ~/.julia/packages/SciMLBase/VW1cI/src/integrator_interface.jl:623
┌ Warning: At t=-1.0, dt was forced below floating point epsilon 2.220446049250313e-16, and step error estimate = 7.283254544995011. Aborting. There is either an error in your model specification or the true solution is unstable (or the true solution can not be represented in the precision of Float64).
└ @ SciMLBase ~/.julia/packages/SciMLBase/VW1cI/src/integrator_interface.jl:623
┌ Warning: At t=0.9312556502167864, dt was forced below floating point epsilon 1.1102230246251565e-16, and step error estimate = 180.48288997431774. Aborting. There is either an error in your model specification or the true solution is unstable (or the true solution can not be represented in the precision of Float64).
└ @ SciMLBase ~/.julia/packages/SciMLBase/VW1cI/src/integrator_interface.jl:623
┌ Warning: At t=-1.0, dt was forced below floating point epsilon 2.220446049250313e-16, and step error estimate = 7.104709711137415. Aborting. There is either an error in your model specification or the true solution is unstable (or the true solution can not be represented in the precision of Float64).
└ @ SciMLBase ~/.julia/packages/SciMLBase/VW1cI/src/integrator_interface.jl:623
┌ Warning: At t=-1.0, dt was forced below floating point epsilon 2.220446049250313e-16, and step error estimate = 34.41025900599438. Aborting. There is either an error in your model specification or the true solution is unstable (or the true solution can not be represented in the precision of Float64).
└ @ SciMLBase ~/.julia/packages/SciMLBase/VW1cI/src/integrator_interface.jl:623
┌ Warning: At t=-0.03444715706604258, dt was forced below floating point epsilon 6.938893903907228e-18, and step error estimate = 1.2117702567452115. Aborting. There is either an error in your model specification or the true solution is unstable (or the true solution can not be represented in the precision of Float64).
└ @ SciMLBase ~/.julia/packages/SciMLBase/VW1cI/src/integrator_interface.jl:623
┌ Warning: At t=0.16217984770291904, dt was forced below floating point epsilon 2.7755575615628914e-17, and step error estimate = NaN. Aborting. There is either an error in your model specification or the true solution is unstable (or the true solution can not be represented in the precision of Float64).
└ @ SciMLBase ~/.julia/packages/SciMLBase/VW1cI/src/integrator_interface.jl:623
┌ Warning: At t=-0.6079802488476067, dt was forced below floating point epsilon 1.1102230246251565e-16, and step error estimate = 1.0905262453529103. Aborting. There is either an error in your model specification or the true solution is unstable (or the true solution can not be represented in the precision of Float64).
└ @ SciMLBase ~/.julia/packages/SciMLBase/VW1cI/src/integrator_interface.jl:623
┌ Warning: At t=0.6395921074117912, dt was forced below floating point epsilon 1.1102230246251565e-16, and step error estimate = 1.0474349576793827. Aborting. There is either an error in your model specification or the true solution is unstable (or the true solution can not be represented in the precision of Float64).
└ @ SciMLBase ~/.julia/packages/SciMLBase/VW1cI/src/integrator_interface.jl:623
┌ Warning: At t=-1.0, dt was forced below floating point epsilon 2.220446049250313e-16, and step error estimate = 7.177448043392158. Aborting. There is either an error in your model specification or the true solution is unstable (or the true solution can not be represented in the precision of Float64).
└ @ SciMLBase ~/.julia/packages/SciMLBase/VW1cI/src/integrator_interface.jl:623
┌ Warning: At t=-0.9999996437741171, dt was forced below floating point epsilon 1.1102230246251565e-16, and step error estimate = 1.1364845452273478. Aborting. There is either an error in your model specification or the true solution is unstable (or the true solution can not be represented in the precision of Float64).
└ @ SciMLBase ~/.julia/packages/SciMLBase/VW1cI/src/integrator_interface.jl:623
┌ Warning: At t=-1.0, dt was forced below floating point epsilon 2.220446049250313e-16, and step error estimate = 2.375877434163772e6. Aborting. There is either an error in your model specification or the true solution is unstable (or the true solution can not be represented in the precision of Float64).
└ @ SciMLBase ~/.julia/packages/SciMLBase/VW1cI/src/integrator_interface.jl:623
┌ Warning: At t=-0.17093923659620225, dt was forced below floating point epsilon 2.7755575615628914e-17, and step error estimate = 1.3754734614009665. Aborting. There is either an error in your model specification or the true solution is unstable (or the true solution can not be represented in the precision of Float64).
└ @ SciMLBase ~/.julia/packages/SciMLBase/VW1cI/src/integrator_interface.jl:623
┌ Warning: At t=-1.0, dt was forced below floating point epsilon 2.220446049250313e-16, and step error estimate = NaN. Aborting. There is either an error in your model specification or the true solution is unstable (or the true solution can not be represented in the precision of Float64).
└ @ SciMLBase ~/.julia/packages/SciMLBase/VW1cI/src/integrator_interface.jl:623
┌ Warning: At t=-1.0, dt was forced below floating point epsilon 2.220446049250313e-16, and step error estimate = 2.284038343790078e6. Aborting. There is either an error in your model specification or the true solution is unstable (or the true solution can not be represented in the precision of Float64).
└ @ SciMLBase ~/.julia/packages/SciMLBase/VW1cI/src/integrator_interface.jl:623
┌ Warning: At t=-0.9614881189240969, dt was forced below floating point epsilon 1.1102230246251565e-16, and step error estimate = 1.1796181657478433. Aborting. There is either an error in your model specification or the true solution is unstable (or the true solution can not be represented in the precision of Float64).
└ @ SciMLBase ~/.julia/packages/SciMLBase/VW1cI/src/integrator_interface.jl:623
┌ Warning: At t=0.6380000072697845, dt was forced below floating point epsilon 1.1102230246251565e-16, and step error estimate = NaN. Aborting. There is either an error in your model specification or the true solution is unstable (or the true solution can not be represented in the precision of Float64).
└ @ SciMLBase ~/.julia/packages/SciMLBase/VW1cI/src/integrator_interface.jl:623
┌ Warning: At t=0.6392676241125129, dt was forced below floating point epsilon 1.1102230246251565e-16, and step error estimate = 1.298707970434917. Aborting. There is either an error in your model specification or the true solution is unstable (or the true solution can not be represented in the precision of Float64).
└ @ SciMLBase ~/.julia/packages/SciMLBase/VW1cI/src/integrator_interface.jl:623
┌ Warning: At t=-0.7517944959270249, dt was forced below floating point epsilon 1.1102230246251565e-16, and step error estimate = 1.184520410057436. Aborting. There is either an error in your model specification or the true solution is unstable (or the true solution can not be represented in the precision of Float64).
└ @ SciMLBase ~/.julia/packages/SciMLBase/VW1cI/src/integrator_interface.jl:623
┌ Warning: At t=0.7154212719936707, dt was forced below floating point epsilon 1.1102230246251565e-16, and step error estimate = 1.0638510556875855. Aborting. There is either an error in your model specification or the true solution is unstable (or the true solution can not be represented in the precision of Float64).
└ @ SciMLBase ~/.julia/packages/SciMLBase/VW1cI/src/integrator_interface.jl:623
┌ Warning: At t=-1.0, dt was forced below floating point epsilon 2.220446049250313e-16, and step error estimate = 7.212970015852128. Aborting. There is either an error in your model specification or the true solution is unstable (or the true solution can not be represented in the precision of Float64).
└ @ SciMLBase ~/.julia/packages/SciMLBase/VW1cI/src/integrator_interface.jl:623
┌ Warning: At t=-1.0, dt was forced below floating point epsilon 2.220446049250313e-16, and step error estimate = 429.77979495301037. Aborting. There is either an error in your model specification or the true solution is unstable (or the true solution can not be represented in the precision of Float64).
└ @ SciMLBase ~/.julia/packages/SciMLBase/VW1cI/src/integrator_interface.jl:623
┌ Warning: At t=-1.0, dt was forced below floating point epsilon 2.220446049250313e-16, and step error estimate = 7.221240544884567. Aborting. There is either an error in your model specification or the true solution is unstable (or the true solution can not be represented in the precision of Float64).
└ @ SciMLBase ~/.julia/packages/SciMLBase/VW1cI/src/integrator_interface.jl:623
┌ Warning: At t=-0.9987562802853586, dt was forced below floating point epsilon 1.1102230246251565e-16, and step error estimate = 1.2286961414386905. Aborting. There is either an error in your model specification or the true solution is unstable (or the true solution can not be represented in the precision of Float64).
└ @ SciMLBase ~/.julia/packages/SciMLBase/VW1cI/src/integrator_interface.jl:623
┌ Warning: At t=-0.24325727045207973, dt was forced below floating point epsilon 2.7755575615628914e-17, and step error estimate = 1.1325083351334921. Aborting. There is either an error in your model specification or the true solution is unstable (or the true solution can not be represented in the precision of Float64).
└ @ SciMLBase ~/.julia/packages/SciMLBase/VW1cI/src/integrator_interface.jl:623
┌ Warning: At t=-0.5407904356601593, dt was forced below floating point epsilon 1.1102230246251565e-16, and step error estimate = 1.3366529536426812. Aborting. There is either an error in your model specification or the true solution is unstable (or the true solution can not be represented in the precision of Float64).
└ @ SciMLBase ~/.julia/packages/SciMLBase/VW1cI/src/integrator_interface.jl:623
┌ Warning: At t=-0.10291490238856138, dt was forced below floating point epsilon 1.3877787807814457e-17, and step error estimate = 1.1559243805302009. Aborting. There is either an error in your model specification or the true solution is unstable (or the true solution can not be represented in the precision of Float64).
└ @ SciMLBase ~/.julia/packages/SciMLBase/VW1cI/src/integrator_interface.jl:623
┌ Warning: At t=-1.0, dt was forced below floating point epsilon 2.220446049250313e-16, and step error estimate = 7.306952239789288. Aborting. There is either an error in your model specification or the true solution is unstable (or the true solution can not be represented in the precision of Float64).
└ @ SciMLBase ~/.julia/packages/SciMLBase/VW1cI/src/integrator_interface.jl:623
┌ Warning: At t=0.6384458249483173, dt was forced below floating point epsilon 1.1102230246251565e-16, and step error estimate = 1.0174506640457763. Aborting. There is either an error in your model specification or the true solution is unstable (or the true solution can not be represented in the precision of Float64).
└ @ SciMLBase ~/.julia/packages/SciMLBase/VW1cI/src/integrator_interface.jl:623
┌ Warning: At t=-0.547320442218472, dt was forced below floating point epsilon 1.1102230246251565e-16, and step error estimate = 1.2872260247946632. Aborting. There is either an error in your model specification or the true solution is unstable (or the true solution can not be represented in the precision of Float64).
└ @ SciMLBase ~/.julia/packages/SciMLBase/VW1cI/src/integrator_interface.jl:623
┌ Warning: At t=-0.814112427312707, dt was forced below floating point epsilon 1.1102230246251565e-16, and step error estimate = 7942.377825368128. Aborting. There is either an error in your model specification or the true solution is unstable (or the true solution can not be represented in the precision of Float64).
└ @ SciMLBase ~/.julia/packages/SciMLBase/VW1cI/src/integrator_interface.jl:623
┌ Warning: At t=-0.5397805899161112, dt was forced below floating point epsilon 1.1102230246251565e-16, and step error estimate = 1.1016979763524652. Aborting. There is either an error in your model specification or the true solution is unstable (or the true solution can not be represented in the precision of Float64).
└ @ SciMLBase ~/.julia/packages/SciMLBase/VW1cI/src/integrator_interface.jl:623
┌ Warning: At t=-1.0, dt was forced below floating point epsilon 2.220446049250313e-16, and step error estimate = NaN. Aborting. There is either an error in your model specification or the true solution is unstable (or the true solution can not be represented in the precision of Float64).
└ @ SciMLBase ~/.julia/packages/SciMLBase/VW1cI/src/integrator_interface.jl:623
┌ Warning: At t=0.6380000250510824, dt was forced below floating point epsilon 1.1102230246251565e-16, and step error estimate = NaN. Aborting. There is either an error in your model specification or the true solution is unstable (or the true solution can not be represented in the precision of Float64).
└ @ SciMLBase ~/.julia/packages/SciMLBase/VW1cI/src/integrator_interface.jl:623
┌ Warning: At t=0.4041032045981176, dt was forced below floating point epsilon 5.551115123125783e-17, and step error estimate = 1.0820481610232056. Aborting. There is either an error in your model specification or the true solution is unstable (or the true solution can not be represented in the precision of Float64).
└ @ SciMLBase ~/.julia/packages/SciMLBase/VW1cI/src/integrator_interface.jl:623
┌ Warning: At t=-0.33324946798132693, dt was forced below floating point epsilon 5.551115123125783e-17, and step error estimate = 1.0024338815532885. Aborting. There is either an error in your model specification or the true solution is unstable (or the true solution can not be represented in the precision of Float64).
└ @ SciMLBase ~/.julia/packages/SciMLBase/VW1cI/src/integrator_interface.jl:623
┌ Warning: At t=-0.9263734620261916, dt was forced below floating point epsilon 1.1102230246251565e-16, and step error estimate = 1.0204583923149775. Aborting. There is either an error in your model specification or the true solution is unstable (or the true solution can not be represented in the precision of Float64).
└ @ SciMLBase ~/.julia/packages/SciMLBase/VW1cI/src/integrator_interface.jl:623
┌ Warning: At t=-1.0, dt was forced below floating point epsilon 2.220446049250313e-16, and step error estimate = 5.996130320782829e10. Aborting. There is either an error in your model specification or the true solution is unstable (or the true solution can not be represented in the precision of Float64).
└ @ SciMLBase ~/.julia/packages/SciMLBase/VW1cI/src/integrator_interface.jl:623
┌ Warning: At t=-1.0, dt was forced below floating point epsilon 2.220446049250313e-16, and step error estimate = 7.335968799381891. Aborting. There is either an error in your model specification or the true solution is unstable (or the true solution can not be represented in the precision of Float64).
└ @ SciMLBase ~/.julia/packages/SciMLBase/VW1cI/src/integrator_interface.jl:623
┌ Warning: At t=0.10873921428359609, dt was forced below floating point epsilon 1.3877787807814457e-17, and step error estimate = 1.3155642305267607. Aborting. There is either an error in your model specification or the true solution is unstable (or the true solution can not be represented in the precision of Float64).
└ @ SciMLBase ~/.julia/packages/SciMLBase/VW1cI/src/integrator_interface.jl:623
┌ Warning: At t=-0.09050501808207653, dt was forced below floating point epsilon 1.3877787807814457e-17, and step error estimate = 1.2333186808492063. Aborting. There is either an error in your model specification or the true solution is unstable (or the true solution can not be represented in the precision of Float64).
└ @ SciMLBase ~/.julia/packages/SciMLBase/VW1cI/src/integrator_interface.jl:623
┌ Warning: At t=-0.9465662174308751, dt was forced below floating point epsilon 1.1102230246251565e-16, and step error estimate = 1.2350996884783776. Aborting. There is either an error in your model specification or the true solution is unstable (or the true solution can not be represented in the precision of Float64).
└ @ SciMLBase ~/.julia/packages/SciMLBase/VW1cI/src/integrator_interface.jl:623
┌ Warning: At t=-1.0, dt was forced below floating point epsilon 2.220446049250313e-16, and step error estimate = 7.177448043392158. Aborting. There is either an error in your model specification or the true solution is unstable (or the true solution can not be represented in the precision of Float64).
└ @ SciMLBase ~/.julia/packages/SciMLBase/VW1cI/src/integrator_interface.jl:623
┌ Warning: At t=0.6380087160236622, dt was forced below floating point epsilon 1.1102230246251565e-16, and step error estimate = NaN. Aborting. There is either an error in your model specification or the true solution is unstable (or the true solution can not be represented in the precision of Float64).
└ @ SciMLBase ~/.julia/packages/SciMLBase/VW1cI/src/integrator_interface.jl:623
┌ Warning: At t=-1.0, dt was forced below floating point epsilon 2.220446049250313e-16, and step error estimate = 7.15268483667265. Aborting. There is either an error in your model specification or the true solution is unstable (or the true solution can not be represented in the precision of Float64).
└ @ SciMLBase ~/.julia/packages/SciMLBase/VW1cI/src/integrator_interface.jl:623
┌ Warning: At t=-0.7364557533832933, dt was forced below floating point epsilon 1.1102230246251565e-16, and step error estimate = 1.3955677617029838. Aborting. There is either an error in your model specification or the true solution is unstable (or the true solution can not be represented in the precision of Float64).
└ @ SciMLBase ~/.julia/packages/SciMLBase/VW1cI/src/integrator_interface.jl:623
┌ Warning: At t=-1.0, dt was forced below floating point epsilon 2.220446049250313e-16, and step error estimate = 4.969721513911919. Aborting. There is either an error in your model specification or the true solution is unstable (or the true solution can not be represented in the precision of Float64).
└ @ SciMLBase ~/.julia/packages/SciMLBase/VW1cI/src/integrator_interface.jl:623
┌ Warning: At t=-0.8879816736323338, dt was forced below floating point epsilon 1.1102230246251565e-16, and step error estimate = 1.4527062758279923. Aborting. There is either an error in your model specification or the true solution is unstable (or the true solution can not be represented in the precision of Float64).
└ @ SciMLBase ~/.julia/packages/SciMLBase/VW1cI/src/integrator_interface.jl:623
┌ Warning: Interrupted. Larger maxiters is needed. If you are using an integrator for non-stiff ODEs or an automatic switching algorithm (the default), you may want to consider using a method for stiff equations. See the solver pages for more details (e.g. https://docs.sciml.ai/DiffEqDocs/stable/solvers/ode_solve/#Stiff-Problems).
└ @ SciMLBase ~/.julia/packages/SciMLBase/VW1cI/src/integrator_interface.jl:589
┌ Warning: At t=-0.5314258922772483, dt was forced below floating point epsilon 1.1102230246251565e-16, and step error estimate = 1.0867315638066344. Aborting. There is either an error in your model specification or the true solution is unstable (or the true solution can not be represented in the precision of Float64).
└ @ SciMLBase ~/.julia/packages/SciMLBase/VW1cI/src/integrator_interface.jl:623
┌ Warning: At t=-0.9900482535842322, dt was forced below floating point epsilon 1.1102230246251565e-16, and step error estimate = NaN. Aborting. There is either an error in your model specification or the true solution is unstable (or the true solution can not be represented in the precision of Float64).
└ @ SciMLBase ~/.julia/packages/SciMLBase/VW1cI/src/integrator_interface.jl:623
┌ Warning: At t=-1.0, dt was forced below floating point epsilon 2.220446049250313e-16, and step error estimate = 7.071067811865476e11. Aborting. There is either an error in your model specification or the true solution is unstable (or the true solution can not be represented in the precision of Float64).
└ @ SciMLBase ~/.julia/packages/SciMLBase/VW1cI/src/integrator_interface.jl:623
┌ Warning: At t=-1.0, dt was forced below floating point epsilon 2.220446049250313e-16, and step error estimate = 24.044478858352324. Aborting. There is either an error in your model specification or the true solution is unstable (or the true solution can not be represented in the precision of Float64).
└ @ SciMLBase ~/.julia/packages/SciMLBase/VW1cI/src/integrator_interface.jl:623
┌ Warning: At t=-0.9370150202474923, dt was forced below floating point epsilon 1.1102230246251565e-16, and step error estimate = 1.321412753418321. Aborting. There is either an error in your model specification or the true solution is unstable (or the true solution can not be represented in the precision of Float64).
└ @ SciMLBase ~/.julia/packages/SciMLBase/VW1cI/src/integrator_interface.jl:623
┌ Warning: At t=-0.6954033910601641, dt was forced below floating point epsilon 1.1102230246251565e-16, and step error estimate = NaN. Aborting. There is either an error in your model specification or the true solution is unstable (or the true solution can not be represented in the precision of Float64).
└ @ SciMLBase ~/.julia/packages/SciMLBase/VW1cI/src/integrator_interface.jl:623
┌ Warning: At t=-0.9336342383833048, dt was forced below floating point epsilon 1.1102230246251565e-16, and step error estimate = 1.0753940979073442. Aborting. There is either an error in your model specification or the true solution is unstable (or the true solution can not be represented in the precision of Float64).
└ @ SciMLBase ~/.julia/packages/SciMLBase/VW1cI/src/integrator_interface.jl:623
┌ Warning: At t=-1.0, dt was forced below floating point epsilon 2.220446049250313e-16, and step error estimate = 7.032626467789742. Aborting. There is either an error in your model specification or the true solution is unstable (or the true solution can not be represented in the precision of Float64).
└ @ SciMLBase ~/.julia/packages/SciMLBase/VW1cI/src/integrator_interface.jl:623
┌ Warning: At t=-1.0, dt was forced below floating point epsilon 2.220446049250313e-16, and step error estimate = NaN. Aborting. There is either an error in your model specification or the true solution is unstable (or the true solution can not be represented in the precision of Float64).
└ @ SciMLBase ~/.julia/packages/SciMLBase/VW1cI/src/integrator_interface.jl:623
┌ Warning: At t=0.7672327989689607, dt was forced below floating point epsilon 1.1102230246251565e-16, and step error estimate = 171.80546284617805. Aborting. There is either an error in your model specification or the true solution is unstable (or the true solution can not be represented in the precision of Float64).
└ @ SciMLBase ~/.julia/packages/SciMLBase/VW1cI/src/integrator_interface.jl:623
┌ Warning: At t=-0.9583891150531928, dt was forced below floating point epsilon 1.1102230246251565e-16, and step error estimate = NaN. Aborting. There is either an error in your model specification or the true solution is unstable (or the true solution can not be represented in the precision of Float64).
└ @ SciMLBase ~/.julia/packages/SciMLBase/VW1cI/src/integrator_interface.jl:623
┌ Warning: At t=-1.0, dt was forced below floating point epsilon 2.220446049250313e-16, and step error estimate = NaN. Aborting. There is either an error in your model specification or the true solution is unstable (or the true solution can not be represented in the precision of Float64).
└ @ SciMLBase ~/.julia/packages/SciMLBase/VW1cI/src/integrator_interface.jl:623
┌ Warning: At t=0.6380000072697845, dt was forced below floating point epsilon 1.1102230246251565e-16, and step error estimate = NaN. Aborting. There is either an error in your model specification or the true solution is unstable (or the true solution can not be represented in the precision of Float64).
└ @ SciMLBase ~/.julia/packages/SciMLBase/VW1cI/src/integrator_interface.jl:623
┌ Warning: At t=0.6384458249483173, dt was forced below floating point epsilon 1.1102230246251565e-16, and step error estimate = 1.0174506640457763. Aborting. There is either an error in your model specification or the true solution is unstable (or the true solution can not be represented in the precision of Float64).
└ @ SciMLBase ~/.julia/packages/SciMLBase/VW1cI/src/integrator_interface.jl:623
┌ Warning: At t=-1.0, dt was forced below floating point epsilon 2.220446049250313e-16, and step error estimate = 4.985467301161267e8. Aborting. There is either an error in your model specification or the true solution is unstable (or the true solution can not be represented in the precision of Float64).
└ @ SciMLBase ~/.julia/packages/SciMLBase/VW1cI/src/integrator_interface.jl:623
┌ Warning: At t=-1.0, dt was forced below floating point epsilon 2.220446049250313e-16, and step error estimate = 4.969721513911919. Aborting. There is either an error in your model specification or the true solution is unstable (or the true solution can not be represented in the precision of Float64).
└ @ SciMLBase ~/.julia/packages/SciMLBase/VW1cI/src/integrator_interface.jl:623
┌ Warning: At t=-1.0, dt was forced below floating point epsilon 2.220446049250313e-16, and step error estimate = 7.229385766070596. Aborting. There is either an error in your model specification or the true solution is unstable (or the true solution can not be represented in the precision of Float64).
└ @ SciMLBase ~/.julia/packages/SciMLBase/VW1cI/src/integrator_interface.jl:623
┌ Warning: At t=-0.5494388025243279, dt was forced below floating point epsilon 1.1102230246251565e-16, and step error estimate = 2.6332915057040247. Aborting. There is either an error in your model specification or the true solution is unstable (or the true solution can not be represented in the precision of Float64).
└ @ SciMLBase ~/.julia/packages/SciMLBase/VW1cI/src/integrator_interface.jl:623
┌ Warning: At t=-1.0, dt was forced below floating point epsilon 2.220446049250313e-16, and step error estimate = 4.983774913637514. Aborting. There is either an error in your model specification or the true solution is unstable (or the true solution can not be represented in the precision of Float64).
└ @ SciMLBase ~/.julia/packages/SciMLBase/VW1cI/src/integrator_interface.jl:623
┌ Warning: At t=-1.0, dt was forced below floating point epsilon 2.220446049250313e-16, and step error estimate = 7.18235174578934. Aborting. There is either an error in your model specification or the true solution is unstable (or the true solution can not be represented in the precision of Float64).
└ @ SciMLBase ~/.julia/packages/SciMLBase/VW1cI/src/integrator_interface.jl:623
┌ Warning: At t=-0.9691750932387009, dt was forced below floating point epsilon 1.1102230246251565e-16, and step error estimate = 1.2862229022492988. Aborting. There is either an error in your model specification or the true solution is unstable (or the true solution can not be represented in the precision of Float64).
└ @ SciMLBase ~/.julia/packages/SciMLBase/VW1cI/src/integrator_interface.jl:623
┌ Warning: Interrupted. Larger maxiters is needed. If you are using an integrator for non-stiff ODEs or an automatic switching algorithm (the default), you may want to consider using a method for stiff equations. See the solver pages for more details (e.g. https://docs.sciml.ai/DiffEqDocs/stable/solvers/ode_solve/#Stiff-Problems).
└ @ SciMLBase ~/.julia/packages/SciMLBase/VW1cI/src/integrator_interface.jl:589
┌ Warning: At t=0.6645006650410196, dt was forced below floating point epsilon 1.1102230246251565e-16, and step error estimate = 1.1558797561110619. Aborting. There is either an error in your model specification or the true solution is unstable (or the true solution can not be represented in the precision of Float64).
└ @ SciMLBase ~/.julia/packages/SciMLBase/VW1cI/src/integrator_interface.jl:623
┌ Warning: At t=-1.0, dt was forced below floating point epsilon 2.220446049250313e-16, and step error estimate = 7.1505633194294935. Aborting. There is either an error in your model specification or the true solution is unstable (or the true solution can not be represented in the precision of Float64).
└ @ SciMLBase ~/.julia/packages/SciMLBase/VW1cI/src/integrator_interface.jl:623
┌ Warning: At t=-0.9098005043382003, dt was forced below floating point epsilon 1.1102230246251565e-16, and step error estimate = 1.0528084892059633. Aborting. There is either an error in your model specification or the true solution is unstable (or the true solution can not be represented in the precision of Float64).
└ @ SciMLBase ~/.julia/packages/SciMLBase/VW1cI/src/integrator_interface.jl:623
┌ Warning: At t=0.6380001387054623, dt was forced below floating point epsilon 1.1102230246251565e-16, and step error estimate = 3.443228534070872. Aborting. There is either an error in your model specification or the true solution is unstable (or the true solution can not be represented in the precision of Float64).
└ @ SciMLBase ~/.julia/packages/SciMLBase/VW1cI/src/integrator_interface.jl:623
┌ Warning: At t=0.6384910593365769, dt was forced below floating point epsilon 1.1102230246251565e-16, and step error estimate = NaN. Aborting. There is either an error in your model specification or the true solution is unstable (or the true solution can not be represented in the precision of Float64).
└ @ SciMLBase ~/.julia/packages/SciMLBase/VW1cI/src/integrator_interface.jl:623
┌ Warning: At t=-0.8075646385738019, dt was forced below floating point epsilon 1.1102230246251565e-16, and step error estimate = 1.157538617744325. Aborting. There is either an error in your model specification or the true solution is unstable (or the true solution can not be represented in the precision of Float64).
└ @ SciMLBase ~/.julia/packages/SciMLBase/VW1cI/src/integrator_interface.jl:623
┌ Warning: At t=0.667033362006679, dt was forced below floating point epsilon 1.1102230246251565e-16, and step error estimate = 1.2108634221013794. Aborting. There is either an error in your model specification or the true solution is unstable (or the true solution can not be represented in the precision of Float64).
└ @ SciMLBase ~/.julia/packages/SciMLBase/VW1cI/src/integrator_interface.jl:623
┌ Warning: At t=-0.8952746009291063, dt was forced below floating point epsilon 1.1102230246251565e-16, and step error estimate = 1.125704748707731. Aborting. There is either an error in your model specification or the true solution is unstable (or the true solution can not be represented in the precision of Float64).
└ @ SciMLBase ~/.julia/packages/SciMLBase/VW1cI/src/integrator_interface.jl:623
┌ Warning: At t=-1.0, dt was forced below floating point epsilon 2.220446049250313e-16, and step error estimate = 37.57626987369306. Aborting. There is either an error in your model specification or the true solution is unstable (or the true solution can not be represented in the precision of Float64).
└ @ SciMLBase ~/.julia/packages/SciMLBase/VW1cI/src/integrator_interface.jl:623
┌ Warning: At t=0.20944473943603567, dt was forced below floating point epsilon 2.7755575615628914e-17, and step error estimate = 53.57267963190198. Aborting. There is either an error in your model specification or the true solution is unstable (or the true solution can not be represented in the precision of Float64).
└ @ SciMLBase ~/.julia/packages/SciMLBase/VW1cI/src/integrator_interface.jl:623
┌ Warning: At t=-1.0, dt was forced below floating point epsilon 2.220446049250313e-16, and step error estimate = 7.288996203564177. Aborting. There is either an error in your model specification or the true solution is unstable (or the true solution can not be represented in the precision of Float64).
└ @ SciMLBase ~/.julia/packages/SciMLBase/VW1cI/src/integrator_interface.jl:623
┌ Warning: At t=-1.0, dt was forced below floating point epsilon 2.220446049250313e-16, and step error estimate = 7.296578998355459. Aborting. There is either an error in your model specification or the true solution is unstable (or the true solution can not be represented in the precision of Float64).
└ @ SciMLBase ~/.julia/packages/SciMLBase/VW1cI/src/integrator_interface.jl:623
┌ Warning: At t=-1.0, dt was forced below floating point epsilon 2.220446049250313e-16, and step error estimate = 7.3891492983571885. Aborting. There is either an error in your model specification or the true solution is unstable (or the true solution can not be represented in the precision of Float64).
└ @ SciMLBase ~/.julia/packages/SciMLBase/VW1cI/src/integrator_interface.jl:623
┌ Warning: At t=-1.0, dt was forced below floating point epsilon 2.220446049250313e-16, and step error estimate = 7.215434765360596. Aborting. There is either an error in your model specification or the true solution is unstable (or the true solution can not be represented in the precision of Float64).
└ @ SciMLBase ~/.julia/packages/SciMLBase/VW1cI/src/integrator_interface.jl:623
┌ Warning: At t=-0.9900482535842322, dt was forced below floating point epsilon 1.1102230246251565e-16, and step error estimate = NaN. Aborting. There is either an error in your model specification or the true solution is unstable (or the true solution can not be represented in the precision of Float64).
└ @ SciMLBase ~/.julia/packages/SciMLBase/VW1cI/src/integrator_interface.jl:623
┌ Warning: At t=-0.661799961483022, dt was forced below floating point epsilon 1.1102230246251565e-16, and step error estimate = 1.2937120411797323. Aborting. There is either an error in your model specification or the true solution is unstable (or the true solution can not be represented in the precision of Float64).
└ @ SciMLBase ~/.julia/packages/SciMLBase/VW1cI/src/integrator_interface.jl:623
┌ Warning: At t=-0.10291490238856138, dt was forced below floating point epsilon 1.3877787807814457e-17, and step error estimate = 1.1559243805302009. Aborting. There is either an error in your model specification or the true solution is unstable (or the true solution can not be represented in the precision of Float64).
└ @ SciMLBase ~/.julia/packages/SciMLBase/VW1cI/src/integrator_interface.jl:623
Optimization improved residual by 0.0005079725157166332 (from 0.0005079725165772804 to 8.606471678029152e-13)
Optimization improved residual by 3.6062784530406473 (from 3.606278453040669 to 2.1647924471395322e-14)
Optimization improved residual by 0.007044341044747321 (from 0.007044341044757244 to 9.92275313418383e-15)
Optimization improved residual by 0.00021157093471781108 (from 0.00021157093475944596 to 4.1634868021785425e-14)
Optimization improved residual by 0.2617343559828819 (from 0.26173435598312306 to 2.41144523205754e-13)
Optimization improved residual by 0.5646386806868436 (from 0.564638680687145 to 3.012641547704772e-13)
Optimization improved residual by 0.0005771666189608846 (from 0.0005771666189798367 to 1.895216938923981e-14)
Optimization improved residual by 0.23836770303878788 (from 0.23836770303893187 to 1.4398871604224236e-13)
Optimization improved residual by 0.9693443229985305 (from 0.9693443229985761 to 4.5658280121713404e-14)
Optimization did not improve residual (initial: 1.792497231081549e-17, final: 1.792497231081549e-17)
Optimization improved residual by 0.23670313681241775 (from 0.23670313681315575 to 7.379899544546127e-13)
Optimization improved residual by 0.0070443410443186616 (from 0.007044341044757245 to 4.385831672654844e-13)
Optimization did not improve residual (initial: 6.331674599913647e-17, final: 6.331674599913647e-17)
Optimization improved residual by 0.002827801702162665 (from 0.0028278017028127815 to 6.501165471306157e-13)
Optimization improved residual by 0.020642320087448065 (from 0.02064232008745888 to 1.081326966295107e-14)
Optimization improved residual by 0.0004911970053670338 (from 0.0004911970054686559 to 1.0162207240000041e-13)
Optimization did not improve residual (initial: 1.73561531239705e-13, final: 1.73561531239705e-13)
Optimization improved residual by 1.4597244295522685e-8 (from 1.4597465930707214e-8 to 2.2163518452886105e-13)
Optimization did not improve residual (initial: 2.2594021194864756e-17, final: 2.2594021194864756e-17)
Optimization did not improve residual (initial: 7.269590725435128e-13, final: 7.269590725435128e-13)
Optimization improved residual by 0.0019395304774645053 (from 0.001939530477480866 to 1.6360540142224382e-14)
Optimization improved residual by 0.010154526193171445 (from 0.010154526193391586 to 2.2014123564330397e-13)
Optimization improved residual by 0.01075807350257981 (from 0.010758073502761983 to 1.821735893826512e-13)
Optimization improved residual by 0.0003088818175901388 (from 0.0003088818176143627 to 2.422389748118974e-14)
Optimization improved residual by 0.00031553418585815473 (from 0.000315534185866468 to 8.313263724833807e-15)
Optimization improved residual by 0.009015083812451927 (from 0.009015083812461498 to 9.570455680647905e-15)
Optimization did not improve residual (initial: 2.0470853070524234e-16, final: 2.0470853070524234e-16)
Optimization improved residual by 0.005870048791026578 (from 0.005870048791673125 to 6.465469039321138e-13)
Optimization improved residual by 0.06310911746301755 (from 0.06310911746302436 to 6.809274646833755e-15)
Optimization improved residual by 0.014381024286579105 (from 0.014381024286920095 to 3.4098906168040766e-13)
Optimization improved residual by 15.197144950740032 (from 15.197144950740059 to 2.752434360649917e-14)
Optimization did not improve residual (initial: 1.4461892012481714e-16, final: 1.4461892012481714e-16)
Optimization did not improve residual (initial: 5.130147832389846e-16, final: 5.130147832389846e-16)
Optimization improved residual by 0.0032981878503251247 (from 0.003298187850370019 to 4.489417751502494e-14)
Optimization improved residual by 0.00476403493729956 (from 0.004764034937472984 to 1.7342387801091047e-13)
Optimization improved residual by 0.0006780808370728384 (from 0.0006780808370744376 to 1.5992521807845674e-15)
Optimization improved residual by 0.002369418998377536 (from 0.0023694189987864115 to 4.0887552584247145e-13)
Optimization improved residual by 0.003349376534196937 (from 0.0033493765351954464 to 9.985094420620009e-13)
Optimization improved residual by 0.002359006754942053 (from 0.002359006754979169 to 3.711590646614723e-14)
Optimization improved residual by 0.005162210128532413 (from 0.005162210129300667 to 7.682533962108918e-13)
Optimization improved residual by 0.014364380697020203 (from 0.014364380697059644 to 3.9441246692835975e-14)
Optimization improved residual by 7.795526939597586e-5 (from 7.795526943924569e-5 to 4.326983780373463e-14)
Optimization improved residual by 0.00032812296055756776 (from 0.00032812296154141715 to 9.838493995186802e-13)
Optimization improved residual by 0.005870048791645699 (from 0.005870048791673126 to 2.7426954126001378e-14)
Optimization improved residual by 2.1042693021400398e-5 (from 2.104269307603187e-5 to 5.463147331557852e-14)
Optimization improved residual by 0.0004911970053683426 (from 0.0004911970054686558 to 1.003131541391362e-13)
Optimization improved residual by 0.015112162614495118 (from 0.015112162615087766 to 5.926478800863493e-13)
Optimization improved residual by 0.010758073502718344 (from 0.010758073502761983 to 4.3638441604696115e-14)
Optimization improved residual by 0.00011075521353008976 (from 0.00011075521353081483 to 7.250691972013787e-16)
Optimization improved residual by 0.00031553418585839683 (from 0.0003155341858664682 to 8.071367603498689e-15)
Optimization improved residual by 0.0002644804404532275 (from 0.00026448044046082384 to 7.59633239407161e-15)
Optimization improved residual by 0.0005771666189608846 (from 0.0005771666189798367 to 1.895216938923981e-14)
Optimization improved residual by 0.0019395304774645053 (from 0.001939530477480866 to 1.6360540142224382e-14)
Optimization did not improve residual (initial: 3.3671452905220215e-18, final: 3.3671452905220215e-18)
Optimization improved residual by 0.003349376534196937 (from 0.0033493765351954464 to 9.985094420620009e-13)
Optimization improved residual by 0.0066479535374078975 (from 0.0066479535374366705 to 2.8772797838018894e-14)
Optimization improved residual by 0.03581277563125941 (from 0.03581277563131943 to 6.002186858187707e-14)
Optimization improved residual by 0.008797171599837767 (from 0.00879717160032929 to 4.915223361816621e-13)
Optimization improved residual by 0.0033493765343193442 (from 0.0033493765351954464 to 8.761020740889234e-13)
Optimization did not improve residual (initial: 4.560717151322394e-19, final: 4.560717151322394e-19)
Optimization did not improve residual (initial: 7.011338181240367e-19, final: 7.011338181240367e-19)
Optimization improved residual by 0.002359006754942053 (from 0.002359006754979169 to 3.711590646614723e-14)
Optimization improved residual by 0.001392272343329928 (from 0.001392272343829471 to 4.995428168484058e-13)
Optimization did not improve residual (initial: 8.301428354582931e-17, final: 8.301428354582931e-17)
Optimization improved residual by 9.018072244219731e-8 (from 9.018072528447526e-8 to 2.8422779433135646e-15)
Optimization improved residual by 1.1864640711239297e-17 (from 2.299692004040627e-16 to 2.181045596928234e-16)
Optimization improved residual by 0.00041699348964999237 (from 0.00041699348965063324 to 6.408760802564095e-16)
Optimization improved residual by 0.011305099878442356 (from 0.011305099878446925 to 4.5694976866516635e-15)
Optimization improved residual by 0.03857299574682297 (from 0.03857299574684801 to 2.5041763423297225e-14)
Optimization improved residual by 0.26173435598285216 (from 0.26173435598312295 to 2.7077296734928163e-13)
Optimization improved residual by 0.06419749438920576 (from 0.06419749438921386 to 8.104860300675647e-15)
Optimization improved residual by 3.155741015099178e-5 (from 3.1557410609422145e-5 to 4.584303649372684e-13)
Optimization improved residual by 0.01130509987843876 (from 0.011305099878446913 to 8.153182588212771e-15)
Optimization improved residual by 0.010930207584302784 (from 0.010930207584570467 to 2.676842920930647e-13)
Optimization improved residual by 0.00664795353711644 (from 0.0066479535374366705 to 3.202311839804092e-13)
Optimization did not improve residual (initial: 1.9153576723829826e-18, final: 1.9153576723829826e-18)
Optimization did not improve residual (initial: 2.2038462331188402e-13, final: 2.2038462331188402e-13)
Optimization improved residual by 8.451851098299668e-14 (from 1.0048987443323256e-13 to 1.5971363450235875e-14)
Optimization improved residual by 0.0010708689641399035 (from 0.0010708689642187472 to 7.884361738341911e-14)
Optimization improved residual by 7.795526939597586e-5 (from 7.795526943924569e-5 to 4.326983780373463e-14)
Optimization did not improve residual (initial: 3.5607521090028423e-19, final: 3.5607521090028423e-19)


























































































