LinearAlgebra.PosDefException(2)
LinearAlgebra.PosDefException(2)
LinearAlgebra.PosDefException(2)
LinearAlgebra.PosDefException(5)
LinearAlgebra.PosDefException(4)
LinearAlgebra.PosDefException(4)
LinearAlgebra.PosDefException(91)
LinearAlgebra.PosDefException(2)
LinearAlgebra.PosDefException(2)
LinearAlgebra.PosDefException(2)
LinearAlgebra.PosDefException(2)
LinearAlgebra.PosDefException(2)
LinearAlgebra.PosDefException(3)
LinearAlgebra.PosDefException(5)
LinearAlgebra.PosDefException(89)
LinearAlgebra.PosDefException(2)
LinearAlgebra.PosDefException(3)
LinearAlgebra.PosDefException(3)
LinearAlgebra.PosDefException(2)
LinearAlgebra.PosDefException(6)
LinearAlgebra.PosDefException(4)
LinearAlgebra.PosDefException(3)
LinearAlgebra.PosDefException(8)
LinearAlgebra.PosDefException(8)
LinearAlgebra.PosDefException(4)
LinearAlgebra.PosDefException(7)
LinearAlgebra.PosDefException(5)
LinearAlgebra.PosDefException(10)
LinearAlgebra.PosDefException(46)
LinearAlgebra.PosDefException(163)
LinearAlgebra.PosDefException(329)
LinearAlgebra.PosDefException(537)
LinearAlgebra.PosDefException(4)
LinearAlgebra.PosDefException(6)
LinearAlgebra.PosDefException(6)
LinearAlgebra.PosDefException(5)
LinearAlgebra.PosDefException(11)
LinearAlgebra.PosDefException(77)
LinearAlgebra.PosDefException(205)
LinearAlgebra.PosDefException(340)
LinearAlgebra.PosDefException(462)
LinearAlgebra.PosDefException(599)
LinearAlgebra.PosDefException(800)
LinearAlgebra.PosDefException(479)
LinearAlgebra.PosDefException(587)
LinearAlgebra.PosDefException(693)
LinearAlgebra.PosDefException(776)
LinearAlgebra.PosDefException(969)
LinearAlgebra.PosDefException(954)
LinearAlgebra.PosDefException(798)
LinearAlgebra.PosDefException(2)
LinearAlgebra.PosDefException(3)
LinearAlgebra.PosDefException(2)
LinearAlgebra.PosDefException(3)
LinearAlgebra.PosDefException(6)
LinearAlgebra.PosDefException(4)
LinearAlgebra.PosDefException(88)
LinearAlgebra.PosDefException(2)
LinearAlgebra.PosDefException(2)
LinearAlgebra.PosDefException(2)
LinearAlgebra.PosDefException(2)
LinearAlgebra.PosDefException(2)
LinearAlgebra.PosDefException(5)
LinearAlgebra.PosDefException(5)
LinearAlgebra.PosDefException(86)
LinearAlgebra.PosDefException(2)
LinearAlgebra.PosDefException(3)
LinearAlgebra.PosDefException(6)
LinearAlgebra.PosDefException(2)
LinearAlgebra.PosDefException(2)
LinearAlgebra.PosDefException(3)
LinearAlgebra.PosDefException(4)
LinearAlgebra.PosDefException(4)
LinearAlgebra.PosDefException(4)
LinearAlgebra.PosDefException(301)
LinearAlgebra.PosDefException(2)
LinearAlgebra.PosDefException(2)
LinearAlgebra.PosDefException(2)
LinearAlgebra.PosDefException(2)
LinearAlgebra.PosDefException(3)
LinearAlgebra.PosDefException(4)
LinearAlgebra.PosDefException(4)
LinearAlgebra.PosDefException(9)
LinearAlgebra.PosDefException(112)
LinearAlgebra.PosDefException(3)
LinearAlgebra.PosDefException(4)
LinearAlgebra.PosDefException(5)
LinearAlgebra.PosDefException(5)
LinearAlgebra.PosDefException(34)
LinearAlgebra.PosDefException(138)
LinearAlgebra.PosDefException(319)
LinearAlgebra.PosDefException(563)
LinearAlgebra.PosDefException(2)
LinearAlgebra.PosDefException(2)
LinearAlgebra.PosDefException(2)
LinearAlgebra.PosDefException(3)
LinearAlgebra.PosDefException(2)
LinearAlgebra.PosDefException(5)
LinearAlgebra.PosDefException(3)
LinearAlgebra.PosDefException(4)
LinearAlgebra.PosDefException(6)
LinearAlgebra.PosDefException(17)
LinearAlgebra.PosDefException(82)
LinearAlgebra.PosDefException(237)
LinearAlgebra.PosDefException(368)
LinearAlgebra.PosDefException(525)
LinearAlgebra.PosDefException(667)
LinearAlgebra.PosDefException(7)
LinearAlgebra.PosDefException(4)
LinearAlgebra.PosDefException(4)
LinearAlgebra.PosDefException(35)
LinearAlgebra.PosDefException(125)
LinearAlgebra.PosDefException(283)
LinearAlgebra.PosDefException(434)
LinearAlgebra.PosDefException(559)
LinearAlgebra.PosDefException(706)
LinearAlgebra.PosDefException(879)
LinearAlgebra.PosDefException(5)
LinearAlgebra.PosDefException(7)
LinearAlgebra.PosDefException(6)
LinearAlgebra.PosDefException(5)
LinearAlgebra.PosDefException(5)
LinearAlgebra.PosDefException(6)
LinearAlgebra.PosDefException(5)
LinearAlgebra.PosDefException(13)
LinearAlgebra.PosDefException(83)
LinearAlgebra.PosDefException(159)
LinearAlgebra.PosDefException(306)
LinearAlgebra.PosDefException(335)
LinearAlgebra.PosDefException(801)
LinearAlgebra.PosDefException(796)
LinearAlgebra.PosDefException(817)
LinearAlgebra.PosDefException(5)
LinearAlgebra.PosDefException(9)
LinearAlgebra.PosDefException(8)
LinearAlgebra.PosDefException(7)
LinearAlgebra.PosDefException(5)
LinearAlgebra.PosDefException(6)
LinearAlgebra.PosDefException(9)
LinearAlgebra.PosDefException(30)
LinearAlgebra.PosDefException(87)
LinearAlgebra.PosDefException(172)
LinearAlgebra.PosDefException(314)
LinearAlgebra.PosDefException(325)
LinearAlgebra.PosDefException(758)
LinearAlgebra.PosDefException(891)
LinearAlgebra.PosDefException(881)
LinearAlgebra.PosDefException(837)
LinearAlgebra.PosDefException(893)
LinearAlgebra.PosDefException(879)
LinearAlgebra.PosDefException(994)
LinearAlgebra.PosDefException(887)
LinearAlgebra.PosDefException(889)
LinearAlgebra.PosDefException(930)
LinearAlgebra.PosDefException(987)
LinearAlgebra.PosDefException(923)
LinearAlgebra.PosDefException(900)
LinearAlgebra.PosDefException(957)
LinearAlgebra.PosDefException(933)
LinearAlgebra.PosDefException(826)
LinearAlgebra.PosDefException(963)
LinearAlgebra.PosDefException(898)
LinearAlgebra.PosDefException(955)
LinearAlgebra.PosDefException(858)
LinearAlgebra.PosDefException(962)
LinearAlgebra.PosDefException(863)
LinearAlgebra.PosDefException(927)
LinearAlgebra.PosDefException(890)
LinearAlgebra.PosDefException(991)
LinearAlgebra.PosDefException(845)
LinearAlgebra.PosDefException(921)
LinearAlgebra.PosDefException(926)
LinearAlgebra.PosDefException(989)
LinearAlgebra.PosDefException(820)
LinearAlgebra.PosDefException(932)
LinearAlgebra.PosDefException(821)
LinearAlgebra.PosDefException(914)
LinearAlgebra.PosDefException(887)
LinearAlgebra.PosDefException(967)
LinearAlgebra.PosDefException(927)
LinearAlgebra.PosDefException(956)
LinearAlgebra.PosDefException(916)
LinearAlgebra.PosDefException(882)
LinearAlgebra.PosDefException(990)
LinearAlgebra.PosDefException(992)
LinearAlgebra.PosDefException(892)
LinearAlgebra.PosDefException(914)
LinearAlgebra.PosDefException(851)
LinearAlgebra.PosDefException(932)
LinearAlgebra.PosDefException(889)
LinearAlgebra.PosDefException(975)
LinearAlgebra.PosDefException(985)
LinearAlgebra.PosDefException(843)
LinearAlgebra.PosDefException(959)
LinearAlgebra.PosDefException(921)
LinearAlgebra.PosDefException(2)
LinearAlgebra.PosDefException(3)
LinearAlgebra.PosDefException(2)
LinearAlgebra.PosDefException(5)
LinearAlgebra.PosDefException(6)
LinearAlgebra.PosDefException(4)
LinearAlgebra.PosDefException(96)
LinearAlgebra.PosDefException(2)
LinearAlgebra.PosDefException(2)
LinearAlgebra.PosDefException(2)
LinearAlgebra.PosDefException(3)
LinearAlgebra.PosDefException(2)
LinearAlgebra.PosDefException(3)
LinearAlgebra.PosDefException(5)
LinearAlgebra.PosDefException(75)
LinearAlgebra.PosDefException(3)
LinearAlgebra.PosDefException(2)
LinearAlgebra.PosDefException(6)
LinearAlgebra.PosDefException(3)
LinearAlgebra.PosDefException(3)
LinearAlgebra.PosDefException(4)
LinearAlgebra.PosDefException(3)
LinearAlgebra.PosDefException(4)
LinearAlgebra.PosDefException(4)
LinearAlgebra.PosDefException(476)
LinearAlgebra.PosDefException(2)
LinearAlgebra.PosDefException(2)
LinearAlgebra.PosDefException(2)
LinearAlgebra.PosDefException(3)
LinearAlgebra.PosDefException(5)
LinearAlgebra.PosDefException(4)
LinearAlgebra.PosDefException(6)
LinearAlgebra.PosDefException(25)
LinearAlgebra.PosDefException(334)
LinearAlgebra.PosDefException(6)
LinearAlgebra.PosDefException(4)
LinearAlgebra.PosDefException(7)
LinearAlgebra.PosDefException(48)
LinearAlgebra.PosDefException(266)
LinearAlgebra.PosDefException(6)
LinearAlgebra.PosDefException(6)
LinearAlgebra.PosDefException(2)
LinearAlgebra.PosDefException(6)
LinearAlgebra.PosDefException(3)
LinearAlgebra.PosDefException(6)
LinearAlgebra.PosDefException(5)
LinearAlgebra.PosDefException(5)
LinearAlgebra.PosDefException(9)
LinearAlgebra.PosDefException(70)
LinearAlgebra.PosDefException(203)
LinearAlgebra.PosDefException(352)
LinearAlgebra.PosDefException(555)
LinearAlgebra.PosDefException(4)
LinearAlgebra.PosDefException(23)
LinearAlgebra.PosDefException(107)
LinearAlgebra.PosDefException(244)
LinearAlgebra.PosDefException(352)
LinearAlgebra.PosDefException(474)
LinearAlgebra.PosDefException(571)
LinearAlgebra.PosDefException(733)
LinearAlgebra.PosDefException(842)
LinearAlgebra.PosDefException(6)
LinearAlgebra.PosDefException(2)
LinearAlgebra.PosDefException(2)
LinearAlgebra.PosDefException(2)
LinearAlgebra.PosDefException(3)
LinearAlgebra.PosDefException(6)
LinearAlgebra.PosDefException(4)
LinearAlgebra.PosDefException(34)
LinearAlgebra.PosDefException(119)
LinearAlgebra.PosDefException(264)
LinearAlgebra.PosDefException(383)
LinearAlgebra.PosDefException(489)
LinearAlgebra.PosDefException(594)
LinearAlgebra.PosDefException(707)
LinearAlgebra.PosDefException(808)
LinearAlgebra.PosDefException(2)
LinearAlgebra.PosDefException(2)
LinearAlgebra.PosDefException(2)
LinearAlgebra.PosDefException(3)
LinearAlgebra.PosDefException(4)
LinearAlgebra.PosDefException(4)
LinearAlgebra.PosDefException(90)
LinearAlgebra.PosDefException(2)
LinearAlgebra.PosDefException(2)
LinearAlgebra.PosDefException(6)
LinearAlgebra.PosDefException(2)
LinearAlgebra.PosDefException(2)
LinearAlgebra.PosDefException(3)
LinearAlgebra.PosDefException(5)
LinearAlgebra.PosDefException(85)
LinearAlgebra.PosDefException(2)
LinearAlgebra.PosDefException(2)
LinearAlgebra.PosDefException(2)
LinearAlgebra.PosDefException(2)
LinearAlgebra.PosDefException(2)
LinearAlgebra.PosDefException(3)
LinearAlgebra.PosDefException(3)
LinearAlgebra.PosDefException(4)
LinearAlgebra.PosDefException(7)
LinearAlgebra.PosDefException(916)
LinearAlgebra.PosDefException(6)
LinearAlgebra.PosDefException(3)
LinearAlgebra.PosDefException(2)
LinearAlgebra.PosDefException(5)
LinearAlgebra.PosDefException(6)
LinearAlgebra.PosDefException(4)
LinearAlgebra.PosDefException(5)
LinearAlgebra.PosDefException(16)
LinearAlgebra.PosDefException(280)
LinearAlgebra.PosDefException(2)
LinearAlgebra.PosDefException(2)
LinearAlgebra.PosDefException(2)
LinearAlgebra.PosDefException(3)
LinearAlgebra.PosDefException(6)
LinearAlgebra.PosDefException(5)
LinearAlgebra.PosDefException(4)
LinearAlgebra.PosDefException(29)
LinearAlgebra.PosDefException(167)
LinearAlgebra.PosDefException(547)
LinearAlgebra.PosDefException(4)
LinearAlgebra.PosDefException(4)
LinearAlgebra.PosDefException(6)
LinearAlgebra.PosDefException(4)
LinearAlgebra.PosDefException(7)
LinearAlgebra.PosDefException(4)
LinearAlgebra.PosDefException(6)
LinearAlgebra.PosDefException(6)
LinearAlgebra.PosDefException(47)
LinearAlgebra.PosDefException(184)
LinearAlgebra.PosDefException(404)
LinearAlgebra.PosDefException(473)
LinearAlgebra.PosDefException(3)
LinearAlgebra.PosDefException(2)
LinearAlgebra.PosDefException(2)
LinearAlgebra.PosDefException(5)
LinearAlgebra.PosDefException(4)
LinearAlgebra.PosDefException(9)
LinearAlgebra.PosDefException(91)
LinearAlgebra.PosDefException(3)
LinearAlgebra.PosDefException(2)
LinearAlgebra.PosDefException(2)
LinearAlgebra.PosDefException(2)
LinearAlgebra.PosDefException(2)
LinearAlgebra.PosDefException(3)
LinearAlgebra.PosDefException(6)
LinearAlgebra.PosDefException(89)
LinearAlgebra.PosDefException(2)
LinearAlgebra.PosDefException(2)
LinearAlgebra.PosDefException(3)
LinearAlgebra.PosDefException(2)
LinearAlgebra.PosDefException(3)
LinearAlgebra.PosDefException(3)
LinearAlgebra.PosDefException(4)
LinearAlgebra.PosDefException(4)
LinearAlgebra.PosDefException(7)
LinearAlgebra.PosDefException(6)
LinearAlgebra.PosDefException(4)
LinearAlgebra.PosDefException(6)
LinearAlgebra.PosDefException(6)
LinearAlgebra.PosDefException(28)
LinearAlgebra.PosDefException(122)
LinearAlgebra.PosDefException(290)
LinearAlgebra.PosDefException(493)
LinearAlgebra.PosDefException(4)
LinearAlgebra.PosDefException(5)
LinearAlgebra.PosDefException(4)
LinearAlgebra.PosDefException(4)
LinearAlgebra.PosDefException(36)
LinearAlgebra.PosDefException(140)
LinearAlgebra.PosDefException(267)
LinearAlgebra.PosDefException(389)
LinearAlgebra.PosDefException(500)
LinearAlgebra.PosDefException(636)
LinearAlgebra.PosDefException(766)
LinearAlgebra.PosDefException(149)
LinearAlgebra.PosDefException(295)
LinearAlgebra.PosDefException(402)
LinearAlgebra.PosDefException(501)
LinearAlgebra.PosDefException(655)
LinearAlgebra.PosDefException(908)
LinearAlgebra.PosDefException(867)
LinearAlgebra.PosDefException(930)
LinearAlgebra.PosDefException(995)
LinearAlgebra.PosDefException(984)
LinearAlgebra.PosDefException(874)
LinearAlgebra.PosDefException(971)
LinearAlgebra.PosDefException(2)
LinearAlgebra.PosDefException(2)
LinearAlgebra.PosDefException(2)
LinearAlgebra.PosDefException(3)
LinearAlgebra.PosDefException(6)
LinearAlgebra.PosDefException(7)
LinearAlgebra.PosDefException(95)
LinearAlgebra.PosDefException(3)
LinearAlgebra.PosDefException(3)
LinearAlgebra.PosDefException(2)
LinearAlgebra.PosDefException(2)
LinearAlgebra.PosDefException(2)
LinearAlgebra.PosDefException(3)
LinearAlgebra.PosDefException(4)
LinearAlgebra.PosDefException(86)
LinearAlgebra.PosDefException(2)
LinearAlgebra.PosDefException(2)
LinearAlgebra.PosDefException(2)
LinearAlgebra.PosDefException(2)
LinearAlgebra.PosDefException(2)
LinearAlgebra.PosDefException(3)
LinearAlgebra.PosDefException(4)
LinearAlgebra.PosDefException(6)
LinearAlgebra.PosDefException(4)
LinearAlgebra.PosDefException(485)
LinearAlgebra.PosDefException(2)
LinearAlgebra.PosDefException(4)
LinearAlgebra.PosDefException(6)
LinearAlgebra.PosDefException(5)
LinearAlgebra.PosDefException(5)
LinearAlgebra.PosDefException(8)
LinearAlgebra.PosDefException(147)
LinearAlgebra.PosDefException(3)
LinearAlgebra.PosDefException(6)
LinearAlgebra.PosDefException(4)
LinearAlgebra.PosDefException(7)
LinearAlgebra.PosDefException(7)
LinearAlgebra.PosDefException(10)
LinearAlgebra.PosDefException(49)
LinearAlgebra.PosDefException(213)
LinearAlgebra.PosDefException(501)
LinearAlgebra.PosDefException(5)
LinearAlgebra.PosDefException(3)
LinearAlgebra.PosDefException(4)
LinearAlgebra.PosDefException(4)
LinearAlgebra.PosDefException(4)
LinearAlgebra.PosDefException(11)
LinearAlgebra.PosDefException(77)
LinearAlgebra.PosDefException(243)
LinearAlgebra.PosDefException(386)
LinearAlgebra.PosDefException(609)
LinearAlgebra.PosDefException(5)
LinearAlgebra.PosDefException(5)
LinearAlgebra.PosDefException(8)
LinearAlgebra.PosDefException(5)
LinearAlgebra.PosDefException(5)
LinearAlgebra.PosDefException(5)
LinearAlgebra.PosDefException(5)
LinearAlgebra.PosDefException(31)
LinearAlgebra.PosDefException(82)
LinearAlgebra.PosDefException(314)
LinearAlgebra.PosDefException(306)
LinearAlgebra.PosDefException(325)
LinearAlgebra.PosDefException(475)
LinearAlgebra.PosDefException(945)
LinearAlgebra.PosDefException(1)
Optimization improved residual by 0.011650463633943743 (from 0.01165046363400902 to 6.52777405362497e-14)
Optimization improved residual by 186.39512215772493 (from 186.3951221577255 to 5.673871471085365e-13)
Optimization improved residual by 0.003093108988920734 (from 0.003093108988989426 to 6.869206816691999e-14)
Optimization improved residual by 2.6775053594267897 (from 2.6775053594268905 to 1.0078531598415391e-13)
Optimization improved residual by 0.006549074261560202 (from 0.006549074261663315 to 1.0311353388602248e-13)
Optimization improved residual by 0.01831189083381991 (from 0.01831189083383263 to 1.271971191640321e-14)
Optimization did not improve residual (initial: 4.662743603056529e-13, final: 4.662743603056529e-13)
Optimization improved residual by 0.013867533902076797 (from 0.013867533902497444 to 4.2064707457448137e-13)
Optimization improved residual by 0.9108040636650627 (from 0.9108040636654119 to 3.4917679483840787e-13)
Optimization improved residual by 0.04070180509131049 (from 0.04070180509150562 to 1.9513410774798289e-13)
Optimization did not improve residual (initial: 8.725709622561068e-18, final: 8.725709622561068e-18)
Optimization improved residual by 2.677505359426883 (from 2.677505359426891 to 7.863637513761474e-15)
Optimization improved residual by 0.3956650946563207 (from 0.39566509465633637 to 1.5651322912281974e-14)
Optimization did not improve residual (initial: 6.82139914393285e-13, final: 6.82139914393285e-13)
Optimization improved residual by 0.004061758747709947 (from 0.00406175874771203 to 2.0823044723789236e-15)
Optimization improved residual by 0.006791251631016079 (from 0.006791251631213284 to 1.9720475662792574e-13)
Optimization improved residual by 0.003744769375296222 (from 0.0037447693753166205 to 2.03984672479066e-14)
Optimization improved residual by 0.007693073666659024 (from 0.00769307366744069 to 7.816660936676897e-13)
Optimization improved residual by 0.008723459766914163 (from 0.008723459767311552 to 3.9738803616223424e-13)
Optimization improved residual by 5.126693592825374e-5 (from 5.126693593883696e-5 to 1.0583216395249098e-14)
Optimization improved residual by 0.004061758747709947 (from 0.00406175874771203 to 2.0823044723789236e-15)
Optimization improved residual by 0.012183630982385922 (from 0.012183630982404069 to 1.8146804188343095e-14)
Optimization improved residual by 0.05463860364353557 (from 0.05463860364436644 to 8.308728882122035e-13)
Optimization improved residual by 0.00032408168848802217 (from 0.000324081689027552 to 5.395298308347852e-13)
Optimization improved residual by 4.969572284836861e-5 (from 4.969572353916594e-5 to 6.907973334035408e-13)
Optimization did not improve residual (initial: 1.3459869076676373e-16, final: 1.3459869076676373e-16)
Optimization improved residual by 0.004784124462166853 (from 0.004784124462698238 to 5.313850898374171e-13)
Optimization improved residual by 0.028371980377633943 (from 0.028371980378044316 to 4.103731870193056e-13)
Optimization improved residual by 0.05463860364435724 (from 0.054638603644366485 to 9.240951704295797e-15)
Optimization improved residual by 0.012271398967658245 (from 0.012271398967730782 to 7.253661502689877e-14)
Optimization did not improve residual (initial: 9.06490336658785e-17, final: 9.06490336658785e-17)
Optimization did not improve residual (initial: 5.5842023160445196e-15, final: 5.5842023160445196e-15)
Optimization did not improve residual (initial: 8.593013364530523e-18, final: 8.593013364530523e-18)
Optimization improved residual by 0.012056222088898642 (from 0.01205622208890918 to 1.0538220704642316e-14)
Optimization did not improve residual (initial: 1.0160520372598528e-15, final: 1.0160520372598528e-15)
Optimization improved residual by 0.010980800606635772 (from 0.010980800606652168 to 1.6396443386191853e-14)
Optimization improved residual by 0.004266745372622076 (from 0.004266745372869571 to 2.4749508070891967e-13)
Optimization improved residual by 1.3645664801334767 (from 1.3645664801336836 to 2.0684712856785013e-13)
Optimization improved residual by 0.015546347699274399 (from 0.015546347699277265 to 2.8665245019587715e-15)
Optimization improved residual by 20.347975575914816 (from 20.347975575915264 to 4.4901789098589393e-13)
Optimization improved residual by 0.000784462848010168 (from 0.0007844628480746492 to 6.448117324289776e-14)
Optimization improved residual by 0.035998267917616456 (from 0.0359982679186078 to 9.913485868371545e-13)
Optimization improved residual by 0.006549074261560202 (from 0.006549074261663315 to 1.0311353388602248e-13)
Optimization improved residual by 1133.2965660472391 (from 1133.2965660472396 to 4.611298241068364e-13)
Optimization improved residual by 0.040701805090977115 (from 0.04070180509150558 to 5.284670073805615e-13)
Optimization did not improve residual (initial: 8.068644489372341e-15, final: 8.068644489372341e-15)
Optimization improved residual by 0.01475735341707662 (from 0.014757353417078754 to 2.133618027058336e-15)
Optimization did not improve residual (initial: 1.5148498388031414e-15, final: 1.5148498388031414e-15)
Optimization improved residual by 3.2988473007820245e-17 (from 6.394215117787127e-17 to 3.0953678170051026e-17)
Optimization did not improve residual (initial: 3.3621175965949396e-14, final: 3.3621175965949396e-14)
Optimization improved residual by 0.0027893884620690144 (from 0.0027893884625334302 to 4.644159263336018e-13)
Optimization improved residual by 0.03573047849034702 (from 0.03573047849036061 to 1.3584810299976933e-14)
Optimization did not improve residual (initial: 1.1085989319561512e-17, final: 1.1085989319561512e-17)
Optimization improved residual by 177.30756292052484 (from 177.3075629205253 to 4.638035682595769e-13)
Optimization improved residual by 0.015546347699274399 (from 0.015546347699277265 to 2.8665245019587715e-15)
Optimization did not improve residual (initial: 2.2435518708493013e-16, final: 2.2435518708493013e-16)
Optimization improved residual by 0.005044809360306049 (from 0.005044809360310522 to 4.472603687720577e-15)
Optimization improved residual by 0.15518922565899473 (from 0.15518922565899484 to 1.0001213909765432e-16)
Optimization did not improve residual (initial: 9.375136518732153e-13, final: 9.375136518732153e-13)
Optimization improved residual by 20.3479755759149 (from 20.347975575915264 to 3.61991830842207e-13)
Optimization improved residual by 0.005412797709040013 (from 0.005412797709066849 to 2.683634404293861e-14)
Optimization improved residual by 0.004003443807788566 (from 0.004003443808342271 to 5.537059055657394e-13)
Optimization improved residual by 0.0029199173264677753 (from 0.0029199173264815707 to 1.3795273051560014e-14)
Optimization improved residual by 2.940434473148356 (from 2.940434473148426 to 7.007479728889241e-14)
Optimization improved residual by 0.009727393893582091 (from 0.00972739389368835 to 1.0625884998495431e-13)
Optimization improved residual by 0.006396838502935088 (from 0.006396838503008521 to 7.343315841902316e-14)
Optimization improved residual by 0.028371980377423462 (from 0.028371980378044327 to 6.208647677740946e-13)
Optimization improved residual by 0.0370235679872344 (from 0.03702356798733184 to 9.744212902975625e-14)
Optimization improved residual by 0.0062561112245898606 (from 0.006256111224603714 to 1.385310180281164e-14)
Optimization did not improve residual (initial: 3.330574980926897e-17, final: 3.330574980926897e-17)
Optimization improved residual by 0.10723782060451974 (from 0.10723782060534348 to 8.237405110409977e-13)
Optimization improved residual by 0.006016161263860222 (from 0.006016161264325529 to 4.653070671374019e-13)
Optimization improved residual by 0.002781418749144959 (from 0.0027814187495296457 to 3.8468661325528013e-13)
Optimization improved residual by 8.189646739565326 (from 8.189646739565697 to 3.7180153646652953e-13)
Optimization improved residual by 0.004784124462166853 (from 0.004784124462698238 to 5.313850898374171e-13)
Optimization did not improve residual (initial: 4.1139921448437836e-14, final: 4.1139921448437836e-14)
Optimization improved residual by 0.003802319416605385 (from 0.0038023194166260177 to 2.0632829385505178e-14)
Optimization did not improve residual (initial: 9.510242258363555e-16, final: 9.510242258363555e-16)
Optimization improved residual by 0.015546347699270867 (from 0.01554634769927726 to 6.391919937691813e-15)
Optimization improved residual by 0.005044809360306598 (from 0.0050448093603105175 to 3.91925841678443e-15)
Optimization improved residual by 0.002630554807036968 (from 0.0026305548077470275 to 7.100596336849465e-13)
Optimization improved residual by 0.012183630982385922 (from 0.012183630982404069 to 1.8146804188343095e-14)
Optimization improved residual by 0.003744769375301856 (from 0.00374476937531662 to 1.4764037963249356e-14)
Optimization improved residual by 0.010757483218356676 (from 0.01075748321918244 to 8.257626422772309e-13)
Optimization did not improve residual (initial: 2.7510218048103393e-15, final: 2.7510218048103393e-15)
Optimization did not improve residual (initial: 1.9196612257098764e-13, final: 1.9196612257098764e-13)
Optimization improved residual by 4.9695722552130627e-5 (from 4.9695723539165936e-5 to 9.87035311864214e-13)
Optimization improved residual by 0.0037004956650264404 (from 0.003700495665457121 to 4.3068052046971413e-13)
Optimization improved residual by 0.000784462848010168 (from 0.0007844628480746492 to 6.448117324289776e-14)
Optimization did not improve residual (initial: 5.166022777313516e-15, final: 5.166022777313516e-15)
Optimization improved residual by 17.41883228921808 (from 17.418832289218162 to 8.110593670365796e-14)
Optimization improved residual by 2.940434473147682 (from 2.940434473148368 to 6.857326916778981e-13)
Optimization improved residual by 0.006256111224422588 (from 0.006256111224603714 to 1.811259682108649e-13)
Optimization improved residual by 0.010980800605956652 (from 0.010980800606652168 to 6.955166557971715e-13)
Optimization did not improve residual (initial: 3.614799800815901e-15, final: 3.614799800815901e-15)
Optimization improved residual by 0.006016161263860222 (from 0.006016161264325529 to 4.653070671374019e-13)
Optimization improved residual by 0.006465541673825792 (from 0.006465541674034641 to 2.0884855035993424e-13)
Optimization improved residual by 2.940434473147682 (from 2.940434473148368 to 6.857326916778981e-13)
Optimization improved residual by 0.036590576270276065 (from 0.03659057627032699 to 5.092478877696372e-14)
Optimization improved residual by 0.011650463633943743 (from 0.01165046363400902 to 6.52777405362497e-14)
Optimization did not improve residual (initial: 1.9194502504105343e-17, final: 1.9194502504105343e-17)
Optimization improved residual by 5.120463417362205 (from 5.120463417363163 to 9.57581176567753e-13)
Optimization did not improve residual (initial: 3.8558864003500806e-18, final: 3.8558864003500806e-18)
Optimization improved residual by 0.4633416208306251 (from 0.46334162083117403 to 5.489731159801503e-13)
Optimization improved residual by 0.050310409188548066 (from 0.05031040918934274 to 7.946736593949083e-13)
Optimization improved residual by 27.109086881750518 (from 27.10908688175058 to 6.518116802450117e-14)
Optimization improved residual by 0.005814541077510642 (from 0.005814541077585159 to 7.451672786881945e-14)
Optimization did not improve residual (initial: 2.2435518708493013e-16, final: 2.2435518708493013e-16)
Optimization improved residual by 0.015546347699270867 (from 0.01554634769927726 to 6.391919937691813e-15)
Optimization improved residual by 0.005469556559203228 (from 0.005469556559390368 to 1.8713956287557188e-13)
Optimization improved residual by 0.003697380634961475 (from 0.0036973806349719683 to 1.0493523085083263e-14)
Optimization improved residual by 5.035419007782815e-6 (from 5.035419066340223e-6 to 5.855740750247365e-14)
Optimization improved residual by 0.01236432632537183 (from 0.012364326325934934 to 5.63103436820761e-13)
Optimization improved residual by 0.10808267135801952 (from 0.10808267135806258 to 4.306899341576093e-14)
Optimization improved residual by 0.18908527839203934 (from 0.1890852783921131 to 7.374374338226642e-14)
Optimization improved residual by 8.995516621031129e-7 (from 8.995521386099362e-7 to 4.765068232210724e-13)
Optimization improved residual by 0.008926048757778393 (from 0.00892604875777844 to 4.7645610024251005e-17)
Optimization did not improve residual (initial: 2.6352659172960055e-16, final: 2.6352659172960055e-16)
Optimization improved residual by 0.003697380634965699 (from 0.0036973806349719683 to 6.269147461811622e-15)
Optimization improved residual by 7.1483390732186e-14 (from 1.1500046597119632e-13 to 4.351707523901031e-14)
Optimization improved residual by 0.012645034598575626 (from 0.012645034599071995 to 4.9636875674635e-13)
Optimization improved residual by 2.677505359426883 (from 2.677505359426891 to 7.863637513761474e-15)
Optimization improved residual by 0.03249536744171494 (from 0.03249536744238987 to 6.749336179599904e-13)
Optimization improved residual by 0.9108040636650627 (from 0.9108040636654119 to 3.4917679483840787e-13)
Optimization did not improve residual (initial: 2.842297004764851e-18, final: 2.842297004764851e-18)
Optimization improved residual by 0.004266745372622045 (from 0.004266745372869571 to 2.4752601497548705e-13)
Optimization did not improve residual (initial: 4.870325130327203e-15, final: 4.870325130327203e-15)
Optimization did not improve residual (initial: 1.9246293247437045e-14, final: 1.9246293247437045e-14)
Optimization improved residual by 0.03573047849034702 (from 0.03573047849036061 to 1.3584810299976933e-14)
Optimization improved residual by 0.0031961105747363903 (from 0.0031961105748697207 to 1.3333036031751625e-13)
Optimization improved residual by 0.003196110574736496 (from 0.0031961105748697207 to 1.3322463734376229e-13)
Optimization improved residual by 0.010396244187089997 (from 0.010396244187444803 to 3.5480698427857187e-13)
Optimization improved residual by 0.1890852783921017 (from 0.18908527839211306 to 1.1344753208262084e-14)
Optimization improved residual by 3.379532377473688e-5 (from 3.379532396026129e-5 to 1.8552441552026212e-13)
Optimization improved residual by 0.01831189083381991 (from 0.01831189083383263 to 1.271971191640321e-14)
Optimization improved residual by 1.1205149987620742 (from 1.120514998762137 to 6.276053741210527e-14)
Optimization improved residual by 31.5470734748225 (from 31.547073474822525 to 2.4035708759709965e-14)
Optimization did not improve residual (initial: 7.14199527662506e-15, final: 7.14199527662506e-15)
Optimization improved residual by 0.006465541673448702 (from 0.006465541674034641 to 5.859382863765275e-13)
Optimization improved residual by 0.010448017424753176 (from 0.010448017425010071 to 2.5689600492641506e-13)
Optimization improved residual by 0.18908527839203934 (from 0.1890852783921131 to 7.374374338226642e-14)
Optimization improved residual by 1.9398297536293343 (from 1.9398297536298224 to 4.881563629346249e-13)
Optimization improved residual by 4.969572284836861e-5 (from 4.969572353916594e-5 to 6.907973334035408e-13)
Optimization improved residual by 0.00810464023223093 (from 0.008104640232668662 to 4.3773078730592885e-13)
Optimization improved residual by 1.9299263829768094 (from 1.9299263829773108 to 5.01369505872863e-13)
Optimization improved residual by 0.050310409188526264 (from 0.05031040918934277 to 8.165073530128144e-13)
Optimization improved residual by 0.00654907426164717 (from 0.0065490742616632885 to 1.611806581995982e-14)
Optimization did not improve residual (initial: 1.9924062916131322e-13, final: 1.9924062916131322e-13)
Optimization improved residual by 0.003093108988264399 (from 0.0030931089889894257 to 7.250269776365965e-13)
Optimization improved residual by 0.004003443807427197 (from 0.004003443808342271 to 9.150742047871435e-13)
Optimization improved residual by 0.035998267917616456 (from 0.0359982679186078 to 9.913485868371545e-13)
Optimization did not improve residual (initial: 1.9841791113198195e-17, final: 1.9841791113198195e-17)
Optimization improved residual by 0.0018764003149705597 (from 0.0018764003149783566 to 7.796935610616659e-15)
Optimization improved residual by 0.006090240323538168 (from 0.006090240323951719 to 4.135508539413775e-13)
Optimization improved residual by 1.4077557131321057 (from 1.4077557131326837 to 5.780850859283824e-13)
Optimization improved residual by 0.005469556559386283 (from 0.005469556559390368 to 4.084688994409549e-15)
Optimization improved residual by 0.013243633581606778 (from 0.013243633581814443 to 2.0766556107464247e-13)
Optimization did not improve residual (initial: 1.980053863811623e-15, final: 1.980053863811623e-15)
Optimization did not improve residual (initial: 6.087096763799746e-14, final: 6.087096763799746e-14)
Optimization improved residual by 1133.2965660472391 (from 1133.2965660472396 to 4.611298241068364e-13)
Optimization improved residual by 5.035419007782815e-6 (from 5.035419066340223e-6 to 5.855740750247365e-14)
Optimization improved residual by 36.55722728195001 (from 36.55722728195098 to 9.685924156052568e-13)
Optimization did not improve residual (initial: 3.582920646306293e-16, final: 3.582920646306293e-16)
Optimization did not improve residual (initial: 3.6085931685254596e-15, final: 3.6085931685254596e-15)
Optimization improved residual by 0.010514257314129671 (from 0.010514257314153288 to 2.361581790857453e-14)
Optimization improved residual by 17.418832289217587 (from 17.418832289218162 to 5.753700278932536e-13)
┌ Warning: Optimization did not converge. RetCode: MaxIters
└ @ ODEParameterEstimation ~/ODEParameterEstimation/src/core/solvers/homotopy_continuation.jl:778
┌ Warning: Optimization did not converge. RetCode: Stalled
└ @ ODEParameterEstimation ~/ODEParameterEstimation/src/core/solvers/homotopy_continuation.jl:778
┌ Warning: Optimization did not converge. RetCode: MaxIters
└ @ ODEParameterEstimation ~/ODEParameterEstimation/src/core/solvers/homotopy_continuation.jl:778
┌ Warning: Optimization did not converge. RetCode: MaxIters
└ @ ODEParameterEstimation ~/ODEParameterEstimation/src/core/solvers/homotopy_continuation.jl:778
┌ Warning: Optimization did not converge. RetCode: MaxIters
└ @ ODEParameterEstimation ~/ODEParameterEstimation/src/core/solvers/homotopy_continuation.jl:778
┌ Warning: Optimization did not converge. RetCode: Stalled
└ @ ODEParameterEstimation ~/ODEParameterEstimation/src/core/solvers/homotopy_continuation.jl:778
┌ Warning: Optimization did not converge. RetCode: MaxIters
└ @ ODEParameterEstimation ~/ODEParameterEstimation/src/core/solvers/homotopy_continuation.jl:778
┌ Warning: Optimization did not converge. RetCode: MaxIters
└ @ ODEParameterEstimation ~/ODEParameterEstimation/src/core/solvers/homotopy_continuation.jl:778
┌ Warning: Optimization did not converge. RetCode: MaxIters
└ @ ODEParameterEstimation ~/ODEParameterEstimation/src/core/solvers/homotopy_continuation.jl:778
┌ Warning: Optimization did not converge. RetCode: MaxIters
└ @ ODEParameterEstimation ~/ODEParameterEstimation/src/core/solvers/homotopy_continuation.jl:778
┌ Warning: Optimization did not converge. RetCode: MaxIters
└ @ ODEParameterEstimation ~/ODEParameterEstimation/src/core/solvers/homotopy_continuation.jl:778
┌ Warning: Optimization did not converge. RetCode: Stalled
└ @ ODEParameterEstimation ~/ODEParameterEstimation/src/core/solvers/homotopy_continuation.jl:778
┌ Warning: Optimization did not converge. RetCode: Stalled
└ @ ODEParameterEstimation ~/ODEParameterEstimation/src/core/solvers/homotopy_continuation.jl:778
┌ Warning: Optimization did not converge. RetCode: MaxIters
└ @ ODEParameterEstimation ~/ODEParameterEstimation/src/core/solvers/homotopy_continuation.jl:778
┌ Warning: Optimization did not converge. RetCode: Stalled
└ @ ODEParameterEstimation ~/ODEParameterEstimation/src/core/solvers/homotopy_continuation.jl:778
┌ Warning: Optimization did not converge. RetCode: MaxIters
└ @ ODEParameterEstimation ~/ODEParameterEstimation/src/core/solvers/homotopy_continuation.jl:778
┌ Warning: Optimization did not converge. RetCode: Stalled
└ @ ODEParameterEstimation ~/ODEParameterEstimation/src/core/solvers/homotopy_continuation.jl:778
┌ Warning: Optimization did not converge. RetCode: Stalled
└ @ ODEParameterEstimation ~/ODEParameterEstimation/src/core/solvers/homotopy_continuation.jl:778
┌ Warning: Optimization did not converge. RetCode: Stalled
└ @ ODEParameterEstimation ~/ODEParameterEstimation/src/core/solvers/homotopy_continuation.jl:778
┌ Warning: Optimization did not converge. RetCode: Stalled
└ @ ODEParameterEstimation ~/ODEParameterEstimation/src/core/solvers/homotopy_continuation.jl:778
┌ Warning: Optimization did not converge. RetCode: MaxIters
└ @ ODEParameterEstimation ~/ODEParameterEstimation/src/core/solvers/homotopy_continuation.jl:778
┌ Warning: Optimization did not converge. RetCode: MaxIters
└ @ ODEParameterEstimation ~/ODEParameterEstimation/src/core/solvers/homotopy_continuation.jl:778
┌ Warning: Optimization did not converge. RetCode: MaxIters
└ @ ODEParameterEstimation ~/ODEParameterEstimation/src/core/solvers/homotopy_continuation.jl:778
┌ Warning: Optimization did not converge. RetCode: Stalled
└ @ ODEParameterEstimation ~/ODEParameterEstimation/src/core/solvers/homotopy_continuation.jl:778
┌ Warning: Optimization did not converge. RetCode: MaxIters
└ @ ODEParameterEstimation ~/ODEParameterEstimation/src/core/solvers/homotopy_continuation.jl:778
┌ Warning: Optimization did not converge. RetCode: MaxIters
└ @ ODEParameterEstimation ~/ODEParameterEstimation/src/core/solvers/homotopy_continuation.jl:778
┌ Warning: Optimization did not converge. RetCode: MaxIters
└ @ ODEParameterEstimation ~/ODEParameterEstimation/src/core/solvers/homotopy_continuation.jl:778
┌ Warning: Optimization did not converge. RetCode: MaxIters
└ @ ODEParameterEstimation ~/ODEParameterEstimation/src/core/solvers/homotopy_continuation.jl:778
┌ Warning: Optimization did not converge. RetCode: Stalled
└ @ ODEParameterEstimation ~/ODEParameterEstimation/src/core/solvers/homotopy_continuation.jl:778
┌ Warning: Optimization did not converge. RetCode: MaxIters
└ @ ODEParameterEstimation ~/ODEParameterEstimation/src/core/solvers/homotopy_continuation.jl:778
┌ Warning: Optimization did not converge. RetCode: MaxIters
└ @ ODEParameterEstimation ~/ODEParameterEstimation/src/core/solvers/homotopy_continuation.jl:778
┌ Warning: Optimization did not converge. RetCode: MaxIters
└ @ ODEParameterEstimation ~/ODEParameterEstimation/src/core/solvers/homotopy_continuation.jl:778
┌ Warning: Optimization did not converge. RetCode: MaxIters
└ @ ODEParameterEstimation ~/ODEParameterEstimation/src/core/solvers/homotopy_continuation.jl:778
┌ Warning: Optimization did not converge. RetCode: Stalled
└ @ ODEParameterEstimation ~/ODEParameterEstimation/src/core/solvers/homotopy_continuation.jl:778
┌ Warning: Optimization did not converge. RetCode: MaxIters
└ @ ODEParameterEstimation ~/ODEParameterEstimation/src/core/solvers/homotopy_continuation.jl:778
┌ Warning: Optimization did not converge. RetCode: MaxIters
└ @ ODEParameterEstimation ~/ODEParameterEstimation/src/core/solvers/homotopy_continuation.jl:778
┌ Warning: Optimization did not converge. RetCode: Stalled
└ @ ODEParameterEstimation ~/ODEParameterEstimation/src/core/solvers/homotopy_continuation.jl:778
┌ Warning: Optimization did not converge. RetCode: Stalled
└ @ ODEParameterEstimation ~/ODEParameterEstimation/src/core/solvers/homotopy_continuation.jl:778
┌ Warning: Optimization did not converge. RetCode: MaxIters
└ @ ODEParameterEstimation ~/ODEParameterEstimation/src/core/solvers/homotopy_continuation.jl:778
┌ Warning: Optimization did not converge. RetCode: Stalled
└ @ ODEParameterEstimation ~/ODEParameterEstimation/src/core/solvers/homotopy_continuation.jl:778
┌ Warning: Optimization did not converge. RetCode: Stalled
└ @ ODEParameterEstimation ~/ODEParameterEstimation/src/core/solvers/homotopy_continuation.jl:778
┌ Warning: Optimization did not converge. RetCode: MaxIters
└ @ ODEParameterEstimation ~/ODEParameterEstimation/src/core/solvers/homotopy_continuation.jl:778
┌ Warning: Optimization did not converge. RetCode: MaxIters
└ @ ODEParameterEstimation ~/ODEParameterEstimation/src/core/solvers/homotopy_continuation.jl:778
┌ Warning: Optimization did not converge. RetCode: Stalled
└ @ ODEParameterEstimation ~/ODEParameterEstimation/src/core/solvers/homotopy_continuation.jl:778
┌ Warning: Optimization did not converge. RetCode: MaxIters
└ @ ODEParameterEstimation ~/ODEParameterEstimation/src/core/solvers/homotopy_continuation.jl:778
┌ Warning: Optimization did not converge. RetCode: Stalled
└ @ ODEParameterEstimation ~/ODEParameterEstimation/src/core/solvers/homotopy_continuation.jl:778
┌ Warning: Optimization did not converge. RetCode: MaxIters
└ @ ODEParameterEstimation ~/ODEParameterEstimation/src/core/solvers/homotopy_continuation.jl:778
┌ Warning: Optimization did not converge. RetCode: Stalled
└ @ ODEParameterEstimation ~/ODEParameterEstimation/src/core/solvers/homotopy_continuation.jl:778
┌ Warning: Optimization did not converge. RetCode: Stalled
└ @ ODEParameterEstimation ~/ODEParameterEstimation/src/core/solvers/homotopy_continuation.jl:778
┌ Warning: Optimization did not converge. RetCode: MaxIters
└ @ ODEParameterEstimation ~/ODEParameterEstimation/src/core/solvers/homotopy_continuation.jl:778
┌ Warning: Optimization did not converge. RetCode: MaxIters
└ @ ODEParameterEstimation ~/ODEParameterEstimation/src/core/solvers/homotopy_continuation.jl:778
┌ Warning: Optimization did not converge. RetCode: MaxIters
└ @ ODEParameterEstimation ~/ODEParameterEstimation/src/core/solvers/homotopy_continuation.jl:778
┌ Warning: Optimization did not converge. RetCode: Stalled
└ @ ODEParameterEstimation ~/ODEParameterEstimation/src/core/solvers/homotopy_continuation.jl:778
┌ Warning: Optimization did not converge. RetCode: MaxIters
└ @ ODEParameterEstimation ~/ODEParameterEstimation/src/core/solvers/homotopy_continuation.jl:778
┌ Warning: Optimization did not converge. RetCode: MaxIters
└ @ ODEParameterEstimation ~/ODEParameterEstimation/src/core/solvers/homotopy_continuation.jl:778
┌ Warning: Optimization did not converge. RetCode: Stalled
└ @ ODEParameterEstimation ~/ODEParameterEstimation/src/core/solvers/homotopy_continuation.jl:778
┌ Warning: Optimization did not converge. RetCode: Stalled
└ @ ODEParameterEstimation ~/ODEParameterEstimation/src/core/solvers/homotopy_continuation.jl:778
┌ Warning: Optimization did not converge. RetCode: MaxIters
└ @ ODEParameterEstimation ~/ODEParameterEstimation/src/core/solvers/homotopy_continuation.jl:778
┌ Warning: Optimization did not converge. RetCode: Stalled
└ @ ODEParameterEstimation ~/ODEParameterEstimation/src/core/solvers/homotopy_continuation.jl:778
┌ Warning: Optimization did not converge. RetCode: MaxIters
└ @ ODEParameterEstimation ~/ODEParameterEstimation/src/core/solvers/homotopy_continuation.jl:778
┌ Warning: Optimization did not converge. RetCode: Stalled
└ @ ODEParameterEstimation ~/ODEParameterEstimation/src/core/solvers/homotopy_continuation.jl:778
┌ Warning: Optimization did not converge. RetCode: Stalled
└ @ ODEParameterEstimation ~/ODEParameterEstimation/src/core/solvers/homotopy_continuation.jl:778
┌ Warning: Optimization did not converge. RetCode: MaxIters
└ @ ODEParameterEstimation ~/ODEParameterEstimation/src/core/solvers/homotopy_continuation.jl:778
┌ Warning: Optimization did not converge. RetCode: Stalled
└ @ ODEParameterEstimation ~/ODEParameterEstimation/src/core/solvers/homotopy_continuation.jl:778
┌ Warning: Optimization did not converge. RetCode: MaxIters
└ @ ODEParameterEstimation ~/ODEParameterEstimation/src/core/solvers/homotopy_continuation.jl:778
┌ Warning: Optimization did not converge. RetCode: MaxIters
└ @ ODEParameterEstimation ~/ODEParameterEstimation/src/core/solvers/homotopy_continuation.jl:778
┌ Warning: Optimization did not converge. RetCode: Stalled
└ @ ODEParameterEstimation ~/ODEParameterEstimation/src/core/solvers/homotopy_continuation.jl:778
┌ Warning: Optimization did not converge. RetCode: Stalled
└ @ ODEParameterEstimation ~/ODEParameterEstimation/src/core/solvers/homotopy_continuation.jl:778
┌ Warning: Optimization did not converge. RetCode: Stalled
└ @ ODEParameterEstimation ~/ODEParameterEstimation/src/core/solvers/homotopy_continuation.jl:778
┌ Warning: Optimization did not converge. RetCode: Stalled
└ @ ODEParameterEstimation ~/ODEParameterEstimation/src/core/solvers/homotopy_continuation.jl:778
┌ Warning: Optimization did not converge. RetCode: MaxIters
└ @ ODEParameterEstimation ~/ODEParameterEstimation/src/core/solvers/homotopy_continuation.jl:778
┌ Warning: Optimization did not converge. RetCode: MaxIters
└ @ ODEParameterEstimation ~/ODEParameterEstimation/src/core/solvers/homotopy_continuation.jl:778
┌ Warning: Optimization did not converge. RetCode: Stalled
└ @ ODEParameterEstimation ~/ODEParameterEstimation/src/core/solvers/homotopy_continuation.jl:778
┌ Warning: Optimization did not converge. RetCode: MaxIters
└ @ ODEParameterEstimation ~/ODEParameterEstimation/src/core/solvers/homotopy_continuation.jl:778
┌ Warning: Optimization did not converge. RetCode: Stalled
└ @ ODEParameterEstimation ~/ODEParameterEstimation/src/core/solvers/homotopy_continuation.jl:778
┌ Warning: Optimization did not converge. RetCode: MaxIters
└ @ ODEParameterEstimation ~/ODEParameterEstimation/src/core/solvers/homotopy_continuation.jl:778
┌ Warning: Optimization did not converge. RetCode: MaxIters
└ @ ODEParameterEstimation ~/ODEParameterEstimation/src/core/solvers/homotopy_continuation.jl:778
┌ Warning: Optimization did not converge. RetCode: Stalled
└ @ ODEParameterEstimation ~/ODEParameterEstimation/src/core/solvers/homotopy_continuation.jl:778
┌ Warning: Optimization did not converge. RetCode: MaxIters
└ @ ODEParameterEstimation ~/ODEParameterEstimation/src/core/solvers/homotopy_continuation.jl:778
┌ Warning: Optimization did not converge. RetCode: MaxIters
└ @ ODEParameterEstimation ~/ODEParameterEstimation/src/core/solvers/homotopy_continuation.jl:778
┌ Warning: Optimization did not converge. RetCode: Stalled
└ @ ODEParameterEstimation ~/ODEParameterEstimation/src/core/solvers/homotopy_continuation.jl:778
┌ Warning: At t=-0.670993768650481, dt was forced below floating point epsilon -1.0780503168181256e-16, and step error estimate = 1.001149873396488. Aborting. There is either an error in your model specification or the true solution is unstable (or the true solution can not be represented in the precision of Float64).
└ @ SciMLBase ~/.julia/packages/SciMLBase/VW1cI/src/integrator_interface.jl:623
┌ Warning: At t=-0.6200000641155613, dt was forced below floating point epsilon -6.783662441315274e-17, and step error estimate = NaN. Aborting. There is either an error in your model specification or the true solution is unstable (or the true solution can not be represented in the precision of Float64).
└ @ SciMLBase ~/.julia/packages/SciMLBase/VW1cI/src/integrator_interface.jl:623
┌ Warning: At t=-0.6570667920417079, dt was forced below floating point epsilon -1.063432636699297e-16, and step error estimate = 1.2675238180168473. Aborting. There is either an error in your model specification or the true solution is unstable (or the true solution can not be represented in the precision of Float64).
└ @ SciMLBase ~/.julia/packages/SciMLBase/VW1cI/src/integrator_interface.jl:623
┌ Warning: At t=-0.7462419082929571, dt was forced below floating point epsilon -9.8732124137931e-17, and step error estimate = 1.127064945010802. Aborting. There is either an error in your model specification or the true solution is unstable (or the true solution can not be represented in the precision of Float64).
└ @ SciMLBase ~/.julia/packages/SciMLBase/VW1cI/src/integrator_interface.jl:623
┌ Warning: At t=-0.6349693221621528, dt was forced below floating point epsilon -9.907348521474039e-17, and step error estimate = 1.088815715146741. Aborting. There is either an error in your model specification or the true solution is unstable (or the true solution can not be represented in the precision of Float64).
└ @ SciMLBase ~/.julia/packages/SciMLBase/VW1cI/src/integrator_interface.jl:623
┌ Warning: At t=-0.8232974104609287, dt was forced below floating point epsilon -9.957955807810547e-17, and step error estimate = 1.0347228331428346. Aborting. There is either an error in your model specification or the true solution is unstable (or the true solution can not be represented in the precision of Float64).
└ @ SciMLBase ~/.julia/packages/SciMLBase/VW1cI/src/integrator_interface.jl:623
┌ Warning: At t=-0.6200017086337491, dt was forced below floating point epsilon -9.91591740986349e-17, and step error estimate = 1.0794411467808676. Aborting. There is either an error in your model specification or the true solution is unstable (or the true solution can not be represented in the precision of Float64).
└ @ SciMLBase ~/.julia/packages/SciMLBase/VW1cI/src/integrator_interface.jl:623
┌ Warning: At t=-0.8779691991732037, dt was forced below floating point epsilon -9.981716850765663e-17, and step error estimate = 1.0103553807288383. Aborting. There is either an error in your model specification or the true solution is unstable (or the true solution can not be represented in the precision of Float64).
└ @ SciMLBase ~/.julia/packages/SciMLBase/VW1cI/src/integrator_interface.jl:623
┌ Warning: At t=-0.6200000043493333, dt was forced below floating point epsilon -2.9489956803924355e-17, and step error estimate = NaN. Aborting. There is either an error in your model specification or the true solution is unstable (or the true solution can not be represented in the precision of Float64).
└ @ SciMLBase ~/.julia/packages/SciMLBase/VW1cI/src/integrator_interface.jl:623
┌ Warning: At t=-0.8232974104609287, dt was forced below floating point epsilon -9.957955807810547e-17, and step error estimate = 1.0347228331428346. Aborting. There is either an error in your model specification or the true solution is unstable (or the true solution can not be represented in the precision of Float64).
└ @ SciMLBase ~/.julia/packages/SciMLBase/VW1cI/src/integrator_interface.jl:623
┌ Warning: At t=-0.7853150763872946, dt was forced below floating point epsilon -1.0960702507189408e-16, and step error estimate = 1.0037449058725607. Aborting. There is either an error in your model specification or the true solution is unstable (or the true solution can not be represented in the precision of Float64).
└ @ SciMLBase ~/.julia/packages/SciMLBase/VW1cI/src/integrator_interface.jl:623
┌ Warning: At t=-0.6280547305238371, dt was forced below floating point epsilon -5.0635406809650655e-17, and step error estimate = NaN. Aborting. There is either an error in your model specification or the true solution is unstable (or the true solution can not be represented in the precision of Float64).
└ @ SciMLBase ~/.julia/packages/SciMLBase/VW1cI/src/integrator_interface.jl:623
┌ Warning: At t=-0.8800595444243708, dt was forced below floating point epsilon -9.901890963515572e-17, and step error estimate = 1.0948327696647169. Aborting. There is either an error in your model specification or the true solution is unstable (or the true solution can not be represented in the precision of Float64).
└ @ SciMLBase ~/.julia/packages/SciMLBase/VW1cI/src/integrator_interface.jl:623
┌ Warning: At t=-0.6365024032735018, dt was forced below floating point epsilon -8.931596696011001e-17, and step error estimate = 638.3523241094881. Aborting. There is either an error in your model specification or the true solution is unstable (or the true solution can not be represented in the precision of Float64).
└ @ SciMLBase ~/.julia/packages/SciMLBase/VW1cI/src/integrator_interface.jl:623
┌ Warning: At t=-0.6200000000153661, dt was forced below floating point epsilon -8.945897526232195e-17, and step error estimate = 4.439645774702766. Aborting. There is either an error in your model specification or the true solution is unstable (or the true solution can not be represented in the precision of Float64).
└ @ SciMLBase ~/.julia/packages/SciMLBase/VW1cI/src/integrator_interface.jl:623
┌ Warning: At t=-0.7009434938157549, dt was forced below floating point epsilon -9.961473030966261e-17, and step error estimate = 1.031074829986357. Aborting. There is either an error in your model specification or the true solution is unstable (or the true solution can not be represented in the precision of Float64).
└ @ SciMLBase ~/.julia/packages/SciMLBase/VW1cI/src/integrator_interface.jl:623
┌ Warning: At t=-0.6200004077105812, dt was forced below floating point epsilon -9.322930917239631e-17, and step error estimate = 1.9998742121257398. Aborting. There is either an error in your model specification or the true solution is unstable (or the true solution can not be represented in the precision of Float64).
└ @ SciMLBase ~/.julia/packages/SciMLBase/VW1cI/src/integrator_interface.jl:623
┌ Warning: At t=-0.6573329553511277, dt was forced below floating point epsilon -9.883961950362535e-17, and step error estimate = 1.114862434267698. Aborting. There is either an error in your model specification or the true solution is unstable (or the true solution can not be represented in the precision of Float64).
└ @ SciMLBase ~/.julia/packages/SciMLBase/VW1cI/src/integrator_interface.jl:623
┌ Warning: At t=-0.6365099749856913, dt was forced below floating point epsilon -7.725389933578023e-17, and step error estimate = 222.01474186563655. Aborting. There is either an error in your model specification or the true solution is unstable (or the true solution can not be represented in the precision of Float64).
└ @ SciMLBase ~/.julia/packages/SciMLBase/VW1cI/src/integrator_interface.jl:623
┌ Warning: At t=-0.6200000043829417, dt was forced below floating point epsilon -3.396932091683329e-17, and step error estimate = NaN. Aborting. There is either an error in your model specification or the true solution is unstable (or the true solution can not be represented in the precision of Float64).
└ @ SciMLBase ~/.julia/packages/SciMLBase/VW1cI/src/integrator_interface.jl:623
┌ Warning: At t=-0.6637946275826905, dt was forced below floating point epsilon -1.0515163768113381e-16, and step error estimate = 1.147651551869828. Aborting. There is either an error in your model specification or the true solution is unstable (or the true solution can not be represented in the precision of Float64).
└ @ SciMLBase ~/.julia/packages/SciMLBase/VW1cI/src/integrator_interface.jl:623
┌ Warning: At t=-0.62, dt was forced below floating point epsilon -3.2768000000000003e-17, and step error estimate = NaN. Aborting. There is either an error in your model specification or the true solution is unstable (or the true solution can not be represented in the precision of Float64).
└ @ SciMLBase ~/.julia/packages/SciMLBase/VW1cI/src/integrator_interface.jl:623
┌ Warning: At t=-0.6200001625318379, dt was forced below floating point epsilon -3.6160279947407214e-17, and step error estimate = NaN. Aborting. There is either an error in your model specification or the true solution is unstable (or the true solution can not be represented in the precision of Float64).
└ @ SciMLBase ~/.julia/packages/SciMLBase/VW1cI/src/integrator_interface.jl:623
┌ Warning: At t=-0.6370367814876065, dt was forced below floating point epsilon -1.0683762911438787e-16, and step error estimate = 1.0013002669596163. Aborting. There is either an error in your model specification or the true solution is unstable (or the true solution can not be represented in the precision of Float64).
└ @ SciMLBase ~/.julia/packages/SciMLBase/VW1cI/src/integrator_interface.jl:623
┌ Warning: At t=-0.6200002199711364, dt was forced below floating point epsilon -9.400987723060115e-17, and step error estimate = 3.278967502677957. Aborting. There is either an error in your model specification or the true solution is unstable (or the true solution can not be represented in the precision of Float64).
└ @ SciMLBase ~/.julia/packages/SciMLBase/VW1cI/src/integrator_interface.jl:623
┌ Warning: At t=-0.6200033328989767, dt was forced below floating point epsilon -3.908153656237178e-17, and step error estimate = NaN. Aborting. There is either an error in your model specification or the true solution is unstable (or the true solution can not be represented in the precision of Float64).
└ @ SciMLBase ~/.julia/packages/SciMLBase/VW1cI/src/integrator_interface.jl:623
┌ Warning: Interrupted. Larger maxiters is needed. If you are using an integrator for non-stiff ODEs or an automatic switching algorithm (the default), you may want to consider using a method for stiff equations. See the solver pages for more details (e.g. https://docs.sciml.ai/DiffEqDocs/stable/solvers/ode_solve/#Stiff-Problems).
└ @ SciMLBase ~/.julia/packages/SciMLBase/VW1cI/src/integrator_interface.jl:589
┌ Warning: At t=-0.620000000012142, dt was forced below floating point epsilon -9.495340037854136e-17, and step error estimate = 1.665092968399801. Aborting. There is either an error in your model specification or the true solution is unstable (or the true solution can not be represented in the precision of Float64).
└ @ SciMLBase ~/.julia/packages/SciMLBase/VW1cI/src/integrator_interface.jl:623
┌ Warning: At t=-0.7781507822120405, dt was forced below floating point epsilon -9.987747139469153e-17, and step error estimate = 1.0042722673311104. Aborting. There is either an error in your model specification or the true solution is unstable (or the true solution can not be represented in the precision of Float64).
└ @ SciMLBase ~/.julia/packages/SciMLBase/VW1cI/src/integrator_interface.jl:623
┌ Warning: At t=-0.8779691991732037, dt was forced below floating point epsilon -9.981716850765663e-17, and step error estimate = 1.0103553807288383. Aborting. There is either an error in your model specification or the true solution is unstable (or the true solution can not be represented in the precision of Float64).
└ @ SciMLBase ~/.julia/packages/SciMLBase/VW1cI/src/integrator_interface.jl:623
┌ Warning: At t=-0.6200001113197587, dt was forced below floating point epsilon -1.0430808789121563e-16, and step error estimate = NaN. Aborting. There is either an error in your model specification or the true solution is unstable (or the true solution can not be represented in the precision of Float64).
└ @ SciMLBase ~/.julia/packages/SciMLBase/VW1cI/src/integrator_interface.jl:623
┌ Warning: At t=-0.6200000688960412, dt was forced below floating point epsilon -2.899652924644487e-17, and step error estimate = NaN. Aborting. There is either an error in your model specification or the true solution is unstable (or the true solution can not be represented in the precision of Float64).
└ @ SciMLBase ~/.julia/packages/SciMLBase/VW1cI/src/integrator_interface.jl:623
┌ Warning: At t=-0.6370367814876065, dt was forced below floating point epsilon -1.0683762911438787e-16, and step error estimate = 1.0013002669596163. Aborting. There is either an error in your model specification or the true solution is unstable (or the true solution can not be represented in the precision of Float64).
└ @ SciMLBase ~/.julia/packages/SciMLBase/VW1cI/src/integrator_interface.jl:623
┌ Warning: At t=-0.6314436815867652, dt was forced below floating point epsilon -7.437755119103277e-17, and step error estimate = 172.39379503938824. Aborting. There is either an error in your model specification or the true solution is unstable (or the true solution can not be represented in the precision of Float64).
└ @ SciMLBase ~/.julia/packages/SciMLBase/VW1cI/src/integrator_interface.jl:623
┌ Warning: At t=-0.6200001036999634, dt was forced below floating point epsilon -8.567800332438579e-17, and step error estimate = 87.39340268585282. Aborting. There is either an error in your model specification or the true solution is unstable (or the true solution can not be represented in the precision of Float64).
└ @ SciMLBase ~/.julia/packages/SciMLBase/VW1cI/src/integrator_interface.jl:623
┌ Warning: At t=-0.6236440223190558, dt was forced below floating point epsilon -1.1071988979123505e-16, and step error estimate = 1.055536404944417. Aborting. There is either an error in your model specification or the true solution is unstable (or the true solution can not be represented in the precision of Float64).
└ @ SciMLBase ~/.julia/packages/SciMLBase/VW1cI/src/integrator_interface.jl:623
┌ Warning: At t=-0.6200000000053542, dt was forced below floating point epsilon -7.170485202835648e-17, and step error estimate = NaN. Aborting. There is either an error in your model specification or the true solution is unstable (or the true solution can not be represented in the precision of Float64).
└ @ SciMLBase ~/.julia/packages/SciMLBase/VW1cI/src/integrator_interface.jl:623
┌ Warning: At t=-0.6200000002095052, dt was forced below floating point epsilon -2.5222744872692082e-17, and step error estimate = NaN. Aborting. There is either an error in your model specification or the true solution is unstable (or the true solution can not be represented in the precision of Float64).
└ @ SciMLBase ~/.julia/packages/SciMLBase/VW1cI/src/integrator_interface.jl:623
┌ Warning: At t=-0.6200010009927097, dt was forced below floating point epsilon -5.615618414328072e-17, and step error estimate = NaN. Aborting. There is either an error in your model specification or the true solution is unstable (or the true solution can not be represented in the precision of Float64).
└ @ SciMLBase ~/.julia/packages/SciMLBase/VW1cI/src/integrator_interface.jl:623
┌ Warning: At t=-0.620000000112837, dt was forced below floating point epsilon -1.0870482422425723e-16, and step error estimate = NaN. Aborting. There is either an error in your model specification or the true solution is unstable (or the true solution can not be represented in the precision of Float64).
└ @ SciMLBase ~/.julia/packages/SciMLBase/VW1cI/src/integrator_interface.jl:623
┌ Warning: At t=-0.7428081463944995, dt was forced below floating point epsilon -9.834473609103795e-17, and step error estimate = 1.172277970485438. Aborting. There is either an error in your model specification or the true solution is unstable (or the true solution can not be represented in the precision of Float64).
└ @ SciMLBase ~/.julia/packages/SciMLBase/VW1cI/src/integrator_interface.jl:623
┌ Warning: At t=-0.6200000053210241, dt was forced below floating point epsilon -4.630930085861287e-17, and step error estimate = NaN. Aborting. There is either an error in your model specification or the true solution is unstable (or the true solution can not be represented in the precision of Float64).
└ @ SciMLBase ~/.julia/packages/SciMLBase/VW1cI/src/integrator_interface.jl:623
┌ Warning: Interrupted. Larger maxiters is needed. If you are using an integrator for non-stiff ODEs or an automatic switching algorithm (the default), you may want to consider using a method for stiff equations. See the solver pages for more details (e.g. https://docs.sciml.ai/DiffEqDocs/stable/solvers/ode_solve/#Stiff-Problems).
└ @ SciMLBase ~/.julia/packages/SciMLBase/VW1cI/src/integrator_interface.jl:589
┌ Warning: At t=-0.6981560466411209, dt was forced below floating point epsilon -9.818172158447716e-17, and step error estimate = 1.1918979332028419. Aborting. There is either an error in your model specification or the true solution is unstable (or the true solution can not be represented in the precision of Float64).
└ @ SciMLBase ~/.julia/packages/SciMLBase/VW1cI/src/integrator_interface.jl:623
┌ Warning: At t=-0.620000000005871, dt was forced below floating point epsilon -4.8134863401843473e-17, and step error estimate = NaN. Aborting. There is either an error in your model specification or the true solution is unstable (or the true solution can not be represented in the precision of Float64).
└ @ SciMLBase ~/.julia/packages/SciMLBase/VW1cI/src/integrator_interface.jl:623
┌ Warning: At t=-0.6200004077105812, dt was forced below floating point epsilon -9.322930917239631e-17, and step error estimate = 1.9998742121257398. Aborting. There is either an error in your model specification or the true solution is unstable (or the true solution can not be represented in the precision of Float64).
└ @ SciMLBase ~/.julia/packages/SciMLBase/VW1cI/src/integrator_interface.jl:623
┌ Warning: At t=-0.6783162867642699, dt was forced below floating point epsilon -9.963255075992755e-17, and step error estimate = 1.0292322262214968. Aborting. There is either an error in your model specification or the true solution is unstable (or the true solution can not be represented in the precision of Float64).
└ @ SciMLBase ~/.julia/packages/SciMLBase/VW1cI/src/integrator_interface.jl:623
┌ Warning: At t=-0.6231462210780994, dt was forced below floating point epsilon -1.0169859156690334e-16, and step error estimate = 1.0784975361339002. Aborting. There is either an error in your model specification or the true solution is unstable (or the true solution can not be represented in the precision of Float64).
└ @ SciMLBase ~/.julia/packages/SciMLBase/VW1cI/src/integrator_interface.jl:623
┌ Warning: At t=-0.6391300914893244, dt was forced below floating point epsilon -1.0717364499725546e-16, and step error estimate = 1.0139609317612985. Aborting. There is either an error in your model specification or the true solution is unstable (or the true solution can not be represented in the precision of Float64).
└ @ SciMLBase ~/.julia/packages/SciMLBase/VW1cI/src/integrator_interface.jl:623
┌ Warning: At t=-0.7000141537625366, dt was forced below floating point epsilon -1.0999635614385286e-16, and step error estimate = 1.0677148911114436. Aborting. There is either an error in your model specification or the true solution is unstable (or the true solution can not be represented in the precision of Float64).
└ @ SciMLBase ~/.julia/packages/SciMLBase/VW1cI/src/integrator_interface.jl:623
┌ Warning: At t=-0.6852074813178514, dt was forced below floating point epsilon -1.10208148584872e-16, and step error estimate = 1.104078919943727. Aborting. There is either an error in your model specification or the true solution is unstable (or the true solution can not be represented in the precision of Float64).
└ @ SciMLBase ~/.julia/packages/SciMLBase/VW1cI/src/integrator_interface.jl:623
┌ Warning: At t=-0.62370204558326, dt was forced below floating point epsilon -9.945752543713505e-17, and step error estimate = 1.162879781130581. Aborting. There is either an error in your model specification or the true solution is unstable (or the true solution can not be represented in the precision of Float64).
└ @ SciMLBase ~/.julia/packages/SciMLBase/VW1cI/src/integrator_interface.jl:623
┌ Warning: At t=-0.6316020501088686, dt was forced below floating point epsilon -1.0689035224024937e-16, and step error estimate = 1.0161294878263716. Aborting. There is either an error in your model specification or the true solution is unstable (or the true solution can not be represented in the precision of Float64).
└ @ SciMLBase ~/.julia/packages/SciMLBase/VW1cI/src/integrator_interface.jl:623
┌ Warning: At t=-0.6200043500672315, dt was forced below floating point epsilon -3.870001870101571e-17, and step error estimate = NaN. Aborting. There is either an error in your model specification or the true solution is unstable (or the true solution can not be represented in the precision of Float64).
└ @ SciMLBase ~/.julia/packages/SciMLBase/VW1cI/src/integrator_interface.jl:623
┌ Warning: At t=-0.7380144374126173, dt was forced below floating point epsilon -9.95825275855735e-17, and step error estimate = 1.0344149949200512. Aborting. There is either an error in your model specification or the true solution is unstable (or the true solution can not be represented in the precision of Float64).
└ @ SciMLBase ~/.julia/packages/SciMLBase/VW1cI/src/integrator_interface.jl:623
┌ Warning: At t=-0.643769715403338, dt was forced below floating point epsilon -9.90658389046906e-17, and step error estimate = 1.0896559139488824. Aborting. There is either an error in your model specification or the true solution is unstable (or the true solution can not be represented in the precision of Float64).
└ @ SciMLBase ~/.julia/packages/SciMLBase/VW1cI/src/integrator_interface.jl:623
┌ Warning: At t=-0.670993768650481, dt was forced below floating point epsilon -1.0780503168181256e-16, and step error estimate = 1.001149873396488. Aborting. There is either an error in your model specification or the true solution is unstable (or the true solution can not be represented in the precision of Float64).
└ @ SciMLBase ~/.julia/packages/SciMLBase/VW1cI/src/integrator_interface.jl:623
┌ Warning: At t=-0.9523816701585383, dt was forced below floating point epsilon -9.955200098079578e-17, and step error estimate = 1.037591315673951. Aborting. There is either an error in your model specification or the true solution is unstable (or the true solution can not be represented in the precision of Float64).
└ @ SciMLBase ~/.julia/packages/SciMLBase/VW1cI/src/integrator_interface.jl:623
┌ Warning: At t=-0.6200017676207581, dt was forced below floating point epsilon -2.6579782741769697e-17, and step error estimate = NaN. Aborting. There is either an error in your model specification or the true solution is unstable (or the true solution can not be represented in the precision of Float64).
└ @ SciMLBase ~/.julia/packages/SciMLBase/VW1cI/src/integrator_interface.jl:623
┌ Warning: At t=-0.8889079720445554, dt was forced below floating point epsilon -9.967019002289285e-17, and step error estimate = 1.0253526404674715. Aborting. There is either an error in your model specification or the true solution is unstable (or the true solution can not be represented in the precision of Float64).
└ @ SciMLBase ~/.julia/packages/SciMLBase/VW1cI/src/integrator_interface.jl:623
┌ Warning: At t=-0.643907100981762, dt was forced below floating point epsilon -7.589194158255485e-17, and step error estimate = 192.41647465353913. Aborting. There is either an error in your model specification or the true solution is unstable (or the true solution can not be represented in the precision of Float64).
└ @ SciMLBase ~/.julia/packages/SciMLBase/VW1cI/src/integrator_interface.jl:623
┌ Warning: At t=-0.6200000282797187, dt was forced below floating point epsilon -9.969361487894206e-17, and step error estimate = 1.022946548850212. Aborting. There is either an error in your model specification or the true solution is unstable (or the true solution can not be represented in the precision of Float64).
└ @ SciMLBase ~/.julia/packages/SciMLBase/VW1cI/src/integrator_interface.jl:623
┌ Warning: At t=-0.7437458564604744, dt was forced below floating point epsilon -9.887038713404804e-17, and step error estimate = 1.1113969690524923. Aborting. There is either an error in your model specification or the true solution is unstable (or the true solution can not be represented in the precision of Float64).
└ @ SciMLBase ~/.julia/packages/SciMLBase/VW1cI/src/integrator_interface.jl:623
┌ Warning: At t=-0.6314436815867651, dt was forced below floating point epsilon -9.000896071504953e-17, and step error estimate = 162.62153994444827. Aborting. There is either an error in your model specification or the true solution is unstable (or the true solution can not be represented in the precision of Float64).
└ @ SciMLBase ~/.julia/packages/SciMLBase/VW1cI/src/integrator_interface.jl:623
┌ Warning: At t=-0.6391300914893244, dt was forced below floating point epsilon -1.0717364499725546e-16, and step error estimate = 1.0139609317612985. Aborting. There is either an error in your model specification or the true solution is unstable (or the true solution can not be represented in the precision of Float64).
└ @ SciMLBase ~/.julia/packages/SciMLBase/VW1cI/src/integrator_interface.jl:623
┌ Warning: At t=-0.6842072646908515, dt was forced below floating point epsilon -1.0727595159838054e-16, and step error estimate = 1.2071035932101066. Aborting. There is either an error in your model specification or the true solution is unstable (or the true solution can not be represented in the precision of Float64).
└ @ SciMLBase ~/.julia/packages/SciMLBase/VW1cI/src/integrator_interface.jl:623
┌ Warning: At t=-0.6200004431759707, dt was forced below floating point epsilon -4.579059416101457e-17, and step error estimate = NaN. Aborting. There is either an error in your model specification or the true solution is unstable (or the true solution can not be represented in the precision of Float64).
└ @ SciMLBase ~/.julia/packages/SciMLBase/VW1cI/src/integrator_interface.jl:623
┌ Warning: Interrupted. Larger maxiters is needed. If you are using an integrator for non-stiff ODEs or an automatic switching algorithm (the default), you may want to consider using a method for stiff equations. See the solver pages for more details (e.g. https://docs.sciml.ai/DiffEqDocs/stable/solvers/ode_solve/#Stiff-Problems).
└ @ SciMLBase ~/.julia/packages/SciMLBase/VW1cI/src/integrator_interface.jl:589
┌ Warning: At t=-0.8232974104609281, dt was forced below floating point epsilon -9.838621238449648e-17, and step error estimate = 1.167343305319156. Aborting. There is either an error in your model specification or the true solution is unstable (or the true solution can not be represented in the precision of Float64).
└ @ SciMLBase ~/.julia/packages/SciMLBase/VW1cI/src/integrator_interface.jl:623
┌ Warning: At t=-0.7937834510643572, dt was forced below floating point epsilon -1.0230399814070335e-16, and step error estimate = 1.0798030951461708. Aborting. There is either an error in your model specification or the true solution is unstable (or the true solution can not be represented in the precision of Float64).
└ @ SciMLBase ~/.julia/packages/SciMLBase/VW1cI/src/integrator_interface.jl:623
┌ Warning: At t=-0.6200017086337491, dt was forced below floating point epsilon -9.91591740986349e-17, and step error estimate = 1.0794411467808676. Aborting. There is either an error in your model specification or the true solution is unstable (or the true solution can not be represented in the precision of Float64).
└ @ SciMLBase ~/.julia/packages/SciMLBase/VW1cI/src/integrator_interface.jl:623
┌ Warning: At t=-0.6319663869995884, dt was forced below floating point epsilon -1.0679622796949581e-16, and step error estimate = 1.0900358944742148. Aborting. There is either an error in your model specification or the true solution is unstable (or the true solution can not be represented in the precision of Float64).
└ @ SciMLBase ~/.julia/packages/SciMLBase/VW1cI/src/integrator_interface.jl:623
┌ Warning: At t=-0.6349693221621528, dt was forced below floating point epsilon -9.907348521474039e-17, and step error estimate = 1.088815715146741. Aborting. There is either an error in your model specification or the true solution is unstable (or the true solution can not be represented in the precision of Float64).
└ @ SciMLBase ~/.julia/packages/SciMLBase/VW1cI/src/integrator_interface.jl:623
┌ Warning: At t=-0.6200087335394547, dt was forced below floating point epsilon -9.939129152351945e-17, and step error estimate = 1.0544915961621366. Aborting. There is either an error in your model specification or the true solution is unstable (or the true solution can not be represented in the precision of Float64).
└ @ SciMLBase ~/.julia/packages/SciMLBase/VW1cI/src/integrator_interface.jl:623
┌ Warning: At t=-0.6200001471459262, dt was forced below floating point epsilon -8.11103589027304e-17, and step error estimate = NaN. Aborting. There is either an error in your model specification or the true solution is unstable (or the true solution can not be represented in the precision of Float64).
└ @ SciMLBase ~/.julia/packages/SciMLBase/VW1cI/src/integrator_interface.jl:623
┌ Warning: Interrupted. Larger maxiters is needed. If you are using an integrator for non-stiff ODEs or an automatic switching algorithm (the default), you may want to consider using a method for stiff equations. See the solver pages for more details (e.g. https://docs.sciml.ai/DiffEqDocs/stable/solvers/ode_solve/#Stiff-Problems).
└ @ SciMLBase ~/.julia/packages/SciMLBase/VW1cI/src/integrator_interface.jl:589
┌ Warning: Interrupted. Larger maxiters is needed. If you are using an integrator for non-stiff ODEs or an automatic switching algorithm (the default), you may want to consider using a method for stiff equations. See the solver pages for more details (e.g. https://docs.sciml.ai/DiffEqDocs/stable/solvers/ode_solve/#Stiff-Problems).
└ @ SciMLBase ~/.julia/packages/SciMLBase/VW1cI/src/integrator_interface.jl:589
┌ Warning: At t=-0.6322010707717933, dt was forced below floating point epsilon -9.966384966041495e-17, and step error estimate = 1.0260055291534547. Aborting. There is either an error in your model specification or the true solution is unstable (or the true solution can not be represented in the precision of Float64).
└ @ SciMLBase ~/.julia/packages/SciMLBase/VW1cI/src/integrator_interface.jl:623
┌ Warning: At t=-0.7009434938157542, dt was forced below floating point epsilon -9.830571591289449e-17, and step error estimate = 1.176941843689837. Aborting. There is either an error in your model specification or the true solution is unstable (or the true solution can not be represented in the precision of Float64).
└ @ SciMLBase ~/.julia/packages/SciMLBase/VW1cI/src/integrator_interface.jl:623
┌ Warning: At t=-0.6200000282797187, dt was forced below floating point epsilon -9.969361487894206e-17, and step error estimate = 1.022946548850212. Aborting. There is either an error in your model specification or the true solution is unstable (or the true solution can not be represented in the precision of Float64).
└ @ SciMLBase ~/.julia/packages/SciMLBase/VW1cI/src/integrator_interface.jl:623
┌ Warning: At t=-0.6200000000188026, dt was forced below floating point epsilon -4.998808919729381e-17, and step error estimate = NaN. Aborting. There is either an error in your model specification or the true solution is unstable (or the true solution can not be represented in the precision of Float64).
└ @ SciMLBase ~/.julia/packages/SciMLBase/VW1cI/src/integrator_interface.jl:623
┌ Warning: At t=-0.9211863481443572, dt was forced below floating point epsilon -9.90222786343239e-17, and step error estimate = 1.0944612309242943. Aborting. There is either an error in your model specification or the true solution is unstable (or the true solution can not be represented in the precision of Float64).
└ @ SciMLBase ~/.julia/packages/SciMLBase/VW1cI/src/integrator_interface.jl:623
┌ Warning: At t=-0.6842072646908515, dt was forced below floating point epsilon -1.0727595159838054e-16, and step error estimate = 1.2071035932101066. Aborting. There is either an error in your model specification or the true solution is unstable (or the true solution can not be represented in the precision of Float64).
└ @ SciMLBase ~/.julia/packages/SciMLBase/VW1cI/src/integrator_interface.jl:623
┌ Warning: At t=-0.6267657367570318, dt was forced below floating point epsilon -9.824182573371689e-17, and step error estimate = 1.1846215665095454. Aborting. There is either an error in your model specification or the true solution is unstable (or the true solution can not be represented in the precision of Float64).
└ @ SciMLBase ~/.julia/packages/SciMLBase/VW1cI/src/integrator_interface.jl:623
┌ Warning: At t=-0.7113704631551617, dt was forced below floating point epsilon -1.0214344489141848e-16, and step error estimate = 1.0033065851261083. Aborting. There is either an error in your model specification or the true solution is unstable (or the true solution can not be represented in the precision of Float64).
└ @ SciMLBase ~/.julia/packages/SciMLBase/VW1cI/src/integrator_interface.jl:623
┌ Warning: At t=-0.6823394080722583, dt was forced below floating point epsilon -9.92801945395417e-17, and step error estimate = 1.066352434067116. Aborting. There is either an error in your model specification or the true solution is unstable (or the true solution can not be represented in the precision of Float64).
└ @ SciMLBase ~/.julia/packages/SciMLBase/VW1cI/src/integrator_interface.jl:623
┌ Warning: At t=-0.657591265264381, dt was forced below floating point epsilon -1.0362763945495625e-16, and step error estimate = 1.0391315456190977. Aborting. There is either an error in your model specification or the true solution is unstable (or the true solution can not be represented in the precision of Float64).
└ @ SciMLBase ~/.julia/packages/SciMLBase/VW1cI/src/integrator_interface.jl:623
┌ Warning: At t=-0.6235859800995273, dt was forced below floating point epsilon -9.947796809973769e-17, and step error estimate = 1.0453390825023057. Aborting. There is either an error in your model specification or the true solution is unstable (or the true solution can not be represented in the precision of Float64).
└ @ SciMLBase ~/.julia/packages/SciMLBase/VW1cI/src/integrator_interface.jl:623
┌ Warning: At t=-0.6200033328989767, dt was forced below floating point epsilon -3.908153656237178e-17, and step error estimate = NaN. Aborting. There is either an error in your model specification or the true solution is unstable (or the true solution can not be represented in the precision of Float64).
└ @ SciMLBase ~/.julia/packages/SciMLBase/VW1cI/src/integrator_interface.jl:623
┌ Warning: At t=-0.9523816701586919, dt was forced below floating point epsilon -1.0075735880515442e-16, and step error estimate = 1.0202184375551868. Aborting. There is either an error in your model specification or the true solution is unstable (or the true solution can not be represented in the precision of Float64).
└ @ SciMLBase ~/.julia/packages/SciMLBase/VW1cI/src/integrator_interface.jl:623
┌ Warning: At t=-0.9283977223997809, dt was forced below floating point epsilon -1.0482475959300564e-16, and step error estimate = 5.515279789921072. Aborting. There is either an error in your model specification or the true solution is unstable (or the true solution can not be represented in the precision of Float64).
└ @ SciMLBase ~/.julia/packages/SciMLBase/VW1cI/src/integrator_interface.jl:623
┌ Warning: At t=-0.7110897146215589, dt was forced below floating point epsilon -9.826132388135666e-17, and step error estimate = 1.1822725974155168. Aborting. There is either an error in your model specification or the true solution is unstable (or the true solution can not be represented in the precision of Float64).
└ @ SciMLBase ~/.julia/packages/SciMLBase/VW1cI/src/integrator_interface.jl:623
┌ Warning: At t=-0.8919296386405765, dt was forced below floating point epsilon -1.028575357086144e-16, and step error estimate = 1.0014112170252378. Aborting. There is either an error in your model specification or the true solution is unstable (or the true solution can not be represented in the precision of Float64).
└ @ SciMLBase ~/.julia/packages/SciMLBase/VW1cI/src/integrator_interface.jl:623
┌ Warning: At t=-0.630725795442878, dt was forced below floating point epsilon -9.931590871005731e-17, and step error estimate = 1.0625227418538088. Aborting. There is either an error in your model specification or the true solution is unstable (or the true solution can not be represented in the precision of Float64).
└ @ SciMLBase ~/.julia/packages/SciMLBase/VW1cI/src/integrator_interface.jl:623
┌ Warning: At t=-0.6285127752846636, dt was forced below floating point epsilon -9.830497802291073e-17, and step error estimate = 1.1770299038894598. Aborting. There is either an error in your model specification or the true solution is unstable (or the true solution can not be represented in the precision of Float64).
└ @ SciMLBase ~/.julia/packages/SciMLBase/VW1cI/src/integrator_interface.jl:623
┌ Warning: At t=-0.9957971115764327, dt was forced below floating point epsilon -9.871241546770647e-17, and step error estimate = 1.1293183805203904. Aborting. There is either an error in your model specification or the true solution is unstable (or the true solution can not be represented in the precision of Float64).
└ @ SciMLBase ~/.julia/packages/SciMLBase/VW1cI/src/integrator_interface.jl:623
┌ Warning: Interrupted. Larger maxiters is needed. If you are using an integrator for non-stiff ODEs or an automatic switching algorithm (the default), you may want to consider using a method for stiff equations. See the solver pages for more details (e.g. https://docs.sciml.ai/DiffEqDocs/stable/solvers/ode_solve/#Stiff-Problems).
└ @ SciMLBase ~/.julia/packages/SciMLBase/VW1cI/src/integrator_interface.jl:589
┌ Warning: At t=-0.8232974104609281, dt was forced below floating point epsilon -9.838621238449648e-17, and step error estimate = 1.167343305319156. Aborting. There is either an error in your model specification or the true solution is unstable (or the true solution can not be represented in the precision of Float64).
└ @ SciMLBase ~/.julia/packages/SciMLBase/VW1cI/src/integrator_interface.jl:623
┌ Warning: At t=-0.620033316122764, dt was forced below floating point epsilon -9.026304686060137e-17, and step error estimate = 173.17725280198385. Aborting. There is either an error in your model specification or the true solution is unstable (or the true solution can not be represented in the precision of Float64).
└ @ SciMLBase ~/.julia/packages/SciMLBase/VW1cI/src/integrator_interface.jl:623
┌ Warning: At t=-0.6397098721389336, dt was forced below floating point epsilon -7.24616697146258e-17, and step error estimate = 181.46775225832562. Aborting. There is either an error in your model specification or the true solution is unstable (or the true solution can not be represented in the precision of Float64).
└ @ SciMLBase ~/.julia/packages/SciMLBase/VW1cI/src/integrator_interface.jl:623
┌ Warning: At t=-0.688618088329568, dt was forced below floating point epsilon -1.0965022965932689e-16, and step error estimate = 1.0066147238538208. Aborting. There is either an error in your model specification or the true solution is unstable (or the true solution can not be represented in the precision of Float64).
└ @ SciMLBase ~/.julia/packages/SciMLBase/VW1cI/src/integrator_interface.jl:623
┌ Warning: At t=-0.6292206551257101, dt was forced below floating point epsilon -1.1000975216876842e-16, and step error estimate = 1.1167324339999416. Aborting. There is either an error in your model specification or the true solution is unstable (or the true solution can not be represented in the precision of Float64).
└ @ SciMLBase ~/.julia/packages/SciMLBase/VW1cI/src/integrator_interface.jl:623
┌ Warning: At t=-0.6200004205466418, dt was forced below floating point epsilon -2.2918193856327973e-17, and step error estimate = NaN. Aborting. There is either an error in your model specification or the true solution is unstable (or the true solution can not be represented in the precision of Float64).
└ @ SciMLBase ~/.julia/packages/SciMLBase/VW1cI/src/integrator_interface.jl:623
┌ Warning: At t=-0.672161247128622, dt was forced below floating point epsilon -1.1078500938809558e-16, and step error estimate = 1.0794731004242795. Aborting. There is either an error in your model specification or the true solution is unstable (or the true solution can not be represented in the precision of Float64).
└ @ SciMLBase ~/.julia/packages/SciMLBase/VW1cI/src/integrator_interface.jl:623
┌ Warning: At t=-0.869961461150402, dt was forced below floating point epsilon -9.986347749017982e-17, and step error estimate = 1.00568114228926. Aborting. There is either an error in your model specification or the true solution is unstable (or the true solution can not be represented in the precision of Float64).
└ @ SciMLBase ~/.julia/packages/SciMLBase/VW1cI/src/integrator_interface.jl:623
┌ Warning: At t=-0.6397098721389337, dt was forced below floating point epsilon -7.040547668523933e-17, and step error estimate = 182.753884075648. Aborting. There is either an error in your model specification or the true solution is unstable (or the true solution can not be represented in the precision of Float64).
└ @ SciMLBase ~/.julia/packages/SciMLBase/VW1cI/src/integrator_interface.jl:623
┌ Warning: At t=-0.6959682378276103, dt was forced below floating point epsilon -2.2961743431243666e-17, and step error estimate = NaN. Aborting. There is either an error in your model specification or the true solution is unstable (or the true solution can not be represented in the precision of Float64).
└ @ SciMLBase ~/.julia/packages/SciMLBase/VW1cI/src/integrator_interface.jl:623
┌ Warning: At t=-0.6842072646886237, dt was forced below floating point epsilon -9.950308628780474e-17, and step error estimate = 1.0427023633743218. Aborting. There is either an error in your model specification or the true solution is unstable (or the true solution can not be represented in the precision of Float64).
└ @ SciMLBase ~/.julia/packages/SciMLBase/VW1cI/src/integrator_interface.jl:623
┌ Warning: At t=-0.6200509772196625, dt was forced below floating point epsilon -9.961346358349382e-17, and step error estimate = 1.0312062565080893. Aborting. There is either an error in your model specification or the true solution is unstable (or the true solution can not be represented in the precision of Float64).
└ @ SciMLBase ~/.julia/packages/SciMLBase/VW1cI/src/integrator_interface.jl:623
┌ Warning: At t=-0.6203141741537403, dt was forced below floating point epsilon -1.0014317540837153e-16, and step error estimate = 190.71431424037456. Aborting. There is either an error in your model specification or the true solution is unstable (or the true solution can not be represented in the precision of Float64).
└ @ SciMLBase ~/.julia/packages/SciMLBase/VW1cI/src/integrator_interface.jl:623
┌ Warning: At t=-0.672161247128622, dt was forced below floating point epsilon -1.1078500938809558e-16, and step error estimate = 1.0794731004242795. Aborting. There is either an error in your model specification or the true solution is unstable (or the true solution can not be represented in the precision of Float64).
└ @ SciMLBase ~/.julia/packages/SciMLBase/VW1cI/src/integrator_interface.jl:623
┌ Warning: At t=-0.6204036349426761, dt was forced below floating point epsilon -1.0286497044198336e-16, and step error estimate = 282.94880196645033. Aborting. There is either an error in your model specification or the true solution is unstable (or the true solution can not be represented in the precision of Float64).
└ @ SciMLBase ~/.julia/packages/SciMLBase/VW1cI/src/integrator_interface.jl:623
┌ Warning: At t=-0.6886180883292226, dt was forced below floating point epsilon -1.0319032784364342e-16, and step error estimate = 1.2064374239201283. Aborting. There is either an error in your model specification or the true solution is unstable (or the true solution can not be represented in the precision of Float64).
└ @ SciMLBase ~/.julia/packages/SciMLBase/VW1cI/src/integrator_interface.jl:623
┌ Warning: At t=-0.6200000718220231, dt was forced below floating point epsilon -9.764381393943062e-17, and step error estimate = 1.2592435289102617. Aborting. There is either an error in your model specification or the true solution is unstable (or the true solution can not be represented in the precision of Float64).
└ @ SciMLBase ~/.julia/packages/SciMLBase/VW1cI/src/integrator_interface.jl:623
┌ Warning: At t=-0.6200034871405533, dt was forced below floating point epsilon -5.515236149922391e-17, and step error estimate = Inf. Aborting. There is either an error in your model specification or the true solution is unstable (or the true solution can not be represented in the precision of Float64).
└ @ SciMLBase ~/.julia/packages/SciMLBase/VW1cI/src/integrator_interface.jl:623
┌ Warning: At t=-0.6842072646886237, dt was forced below floating point epsilon -9.950308628780474e-17, and step error estimate = 1.0427023633743218. Aborting. There is either an error in your model specification or the true solution is unstable (or the true solution can not be represented in the precision of Float64).
└ @ SciMLBase ~/.julia/packages/SciMLBase/VW1cI/src/integrator_interface.jl:623
┌ Warning: At t=-0.9957971115764325, dt was forced below floating point epsilon -9.92638752716324e-17, and step error estimate = 1.068106505017484. Aborting. There is either an error in your model specification or the true solution is unstable (or the true solution can not be represented in the precision of Float64).
└ @ SciMLBase ~/.julia/packages/SciMLBase/VW1cI/src/integrator_interface.jl:623
┌ Warning: At t=-0.6303788149530406, dt was forced below floating point epsilon -1.034577063485699e-16, and step error estimate = 1.0364245768271727. Aborting. There is either an error in your model specification or the true solution is unstable (or the true solution can not be represented in the precision of Float64).
└ @ SciMLBase ~/.julia/packages/SciMLBase/VW1cI/src/integrator_interface.jl:623
┌ Warning: At t=-0.6214507721929016, dt was forced below floating point epsilon -9.647196688769582e-17, and step error estimate = 1.420790565077363. Aborting. There is either an error in your model specification or the true solution is unstable (or the true solution can not be represented in the precision of Float64).
└ @ SciMLBase ~/.julia/packages/SciMLBase/VW1cI/src/integrator_interface.jl:623
┌ Warning: At t=-0.6303788149530406, dt was forced below floating point epsilon -1.034577063485699e-16, and step error estimate = 1.0364245768271727. Aborting. There is either an error in your model specification or the true solution is unstable (or the true solution can not be represented in the precision of Float64).
└ @ SciMLBase ~/.julia/packages/SciMLBase/VW1cI/src/integrator_interface.jl:623
┌ Warning: At t=-0.6200012401999381, dt was forced below floating point epsilon -8.045602202385022e-17, and step error estimate = NaN. Aborting. There is either an error in your model specification or the true solution is unstable (or the true solution can not be represented in the precision of Float64).
└ @ SciMLBase ~/.julia/packages/SciMLBase/VW1cI/src/integrator_interface.jl:623
┌ Warning: At t=-0.6203141741537397, dt was forced below floating point epsilon -6.327565699416103e-17, and step error estimate = 217.896438233161. Aborting. There is either an error in your model specification or the true solution is unstable (or the true solution can not be represented in the precision of Float64).
└ @ SciMLBase ~/.julia/packages/SciMLBase/VW1cI/src/integrator_interface.jl:623
┌ Warning: At t=-0.6214507721743283, dt was forced below floating point epsilon -9.990835277256996e-17, and step error estimate = 1.001172885858849. Aborting. There is either an error in your model specification or the true solution is unstable (or the true solution can not be represented in the precision of Float64).
└ @ SciMLBase ~/.julia/packages/SciMLBase/VW1cI/src/integrator_interface.jl:623
┌ Warning: At t=-0.6267657367570318, dt was forced below floating point epsilon -9.824182573371689e-17, and step error estimate = 1.1846215665095454. Aborting. There is either an error in your model specification or the true solution is unstable (or the true solution can not be represented in the precision of Float64).
└ @ SciMLBase ~/.julia/packages/SciMLBase/VW1cI/src/integrator_interface.jl:623
┌ Warning: At t=-0.7009434938157542, dt was forced below floating point epsilon -9.830571591289449e-17, and step error estimate = 1.176941843689837. Aborting. There is either an error in your model specification or the true solution is unstable (or the true solution can not be represented in the precision of Float64).
└ @ SciMLBase ~/.julia/packages/SciMLBase/VW1cI/src/integrator_interface.jl:623
┌ Warning: At t=-0.6852074813176705, dt was forced below floating point epsilon -1.0814276782963539e-16, and step error estimate = 1.0338978872160263. Aborting. There is either an error in your model specification or the true solution is unstable (or the true solution can not be represented in the precision of Float64).
└ @ SciMLBase ~/.julia/packages/SciMLBase/VW1cI/src/integrator_interface.jl:623
┌ Warning: At t=-0.7110897146215589, dt was forced below floating point epsilon -9.826132388135666e-17, and step error estimate = 1.1822725974155168. Aborting. There is either an error in your model specification or the true solution is unstable (or the true solution can not be represented in the precision of Float64).
└ @ SciMLBase ~/.julia/packages/SciMLBase/VW1cI/src/integrator_interface.jl:623
┌ Warning: At t=-0.5308860602616182, dt was forced below floating point epsilon 1.1102230246251565e-16, and step error estimate = 1.0815981637841499. Aborting. There is either an error in your model specification or the true solution is unstable (or the true solution can not be represented in the precision of Float64).
└ @ SciMLBase ~/.julia/packages/SciMLBase/VW1cI/src/integrator_interface.jl:623
┌ Warning: At t=-1.0, dt was forced below floating point epsilon 2.220446049250313e-16, and step error estimate = 7.321503099360186. Aborting. There is either an error in your model specification or the true solution is unstable (or the true solution can not be represented in the precision of Float64).
└ @ SciMLBase ~/.julia/packages/SciMLBase/VW1cI/src/integrator_interface.jl:623
┌ Warning: At t=-1.0, dt was forced below floating point epsilon 2.220446049250313e-16, and step error estimate = 7.257597751076119. Aborting. There is either an error in your model specification or the true solution is unstable (or the true solution can not be represented in the precision of Float64).
└ @ SciMLBase ~/.julia/packages/SciMLBase/VW1cI/src/integrator_interface.jl:623
┌ Warning: At t=-0.5015661949340843, dt was forced below floating point epsilon 1.1102230246251565e-16, and step error estimate = 1.2552120524323938. Aborting. There is either an error in your model specification or the true solution is unstable (or the true solution can not be represented in the precision of Float64).
└ @ SciMLBase ~/.julia/packages/SciMLBase/VW1cI/src/integrator_interface.jl:623
┌ Warning: At t=-0.9544422015568457, dt was forced below floating point epsilon 1.1102230246251565e-16, and step error estimate = 10.294111340467015. Aborting. There is either an error in your model specification or the true solution is unstable (or the true solution can not be represented in the precision of Float64).
└ @ SciMLBase ~/.julia/packages/SciMLBase/VW1cI/src/integrator_interface.jl:623
┌ Warning: At t=-1.0, dt was forced below floating point epsilon 2.220446049250313e-16, and step error estimate = 7.163701196330226. Aborting. There is either an error in your model specification or the true solution is unstable (or the true solution can not be represented in the precision of Float64).
└ @ SciMLBase ~/.julia/packages/SciMLBase/VW1cI/src/integrator_interface.jl:623
┌ Warning: At t=0.39525181098008977, dt was forced below floating point epsilon 5.551115123125783e-17, and step error estimate = 1.0513420687128852. Aborting. There is either an error in your model specification or the true solution is unstable (or the true solution can not be represented in the precision of Float64).
└ @ SciMLBase ~/.julia/packages/SciMLBase/VW1cI/src/integrator_interface.jl:623
┌ Warning: At t=-1.0, dt was forced below floating point epsilon 2.220446049250313e-16, and step error estimate = 7.241645071178819. Aborting. There is either an error in your model specification or the true solution is unstable (or the true solution can not be represented in the precision of Float64).
└ @ SciMLBase ~/.julia/packages/SciMLBase/VW1cI/src/integrator_interface.jl:623
┌ Warning: At t=-1.0, dt was forced below floating point epsilon 2.220446049250313e-16, and step error estimate = 7.1201308823428375. Aborting. There is either an error in your model specification or the true solution is unstable (or the true solution can not be represented in the precision of Float64).
└ @ SciMLBase ~/.julia/packages/SciMLBase/VW1cI/src/integrator_interface.jl:623
┌ Warning: At t=-0.5017642547662168, dt was forced below floating point epsilon 1.1102230246251565e-16, and step error estimate = 1.0835152040052058. Aborting. There is either an error in your model specification or the true solution is unstable (or the true solution can not be represented in the precision of Float64).
└ @ SciMLBase ~/.julia/packages/SciMLBase/VW1cI/src/integrator_interface.jl:623
┌ Warning: At t=-0.9938333087003075, dt was forced below floating point epsilon 1.1102230246251565e-16, and step error estimate = 2353.6926401856185. Aborting. There is either an error in your model specification or the true solution is unstable (or the true solution can not be represented in the precision of Float64).
└ @ SciMLBase ~/.julia/packages/SciMLBase/VW1cI/src/integrator_interface.jl:623
┌ Warning: At t=-1.0, dt was forced below floating point epsilon 2.220446049250313e-16, and step error estimate = NaN. Aborting. There is either an error in your model specification or the true solution is unstable (or the true solution can not be represented in the precision of Float64).
└ @ SciMLBase ~/.julia/packages/SciMLBase/VW1cI/src/integrator_interface.jl:623
┌ Warning: At t=-0.6189894234085408, dt was forced below floating point epsilon 1.1102230246251565e-16, and step error estimate = 23.847294185782207. Aborting. There is either an error in your model specification or the true solution is unstable (or the true solution can not be represented in the precision of Float64).
└ @ SciMLBase ~/.julia/packages/SciMLBase/VW1cI/src/integrator_interface.jl:623
┌ Warning: At t=-1.0, dt was forced below floating point epsilon 2.220446049250313e-16, and step error estimate = 7.163701196330226. Aborting. There is either an error in your model specification or the true solution is unstable (or the true solution can not be represented in the precision of Float64).
└ @ SciMLBase ~/.julia/packages/SciMLBase/VW1cI/src/integrator_interface.jl:623
┌ Warning: At t=-0.18162748142640234, dt was forced below floating point epsilon 2.7755575615628914e-17, and step error estimate = 1.4093061769670774. Aborting. There is either an error in your model specification or the true solution is unstable (or the true solution can not be represented in the precision of Float64).
└ @ SciMLBase ~/.julia/packages/SciMLBase/VW1cI/src/integrator_interface.jl:623
┌ Warning: At t=-1.0, dt was forced below floating point epsilon 2.220446049250313e-16, and step error estimate = NaN. Aborting. There is either an error in your model specification or the true solution is unstable (or the true solution can not be represented in the precision of Float64).
└ @ SciMLBase ~/.julia/packages/SciMLBase/VW1cI/src/integrator_interface.jl:623
┌ Warning: At t=-1.0, dt was forced below floating point epsilon 2.220446049250313e-16, and step error estimate = 7.26790754862937. Aborting. There is either an error in your model specification or the true solution is unstable (or the true solution can not be represented in the precision of Float64).
└ @ SciMLBase ~/.julia/packages/SciMLBase/VW1cI/src/integrator_interface.jl:623
┌ Warning: At t=-0.13182516501424696, dt was forced below floating point epsilon 2.7755575615628914e-17, and step error estimate = 1.3675838401558502. Aborting. There is either an error in your model specification or the true solution is unstable (or the true solution can not be represented in the precision of Float64).
└ @ SciMLBase ~/.julia/packages/SciMLBase/VW1cI/src/integrator_interface.jl:623
┌ Warning: At t=-0.6199523071816936, dt was forced below floating point epsilon 1.1102230246251565e-16, and step error estimate = 2.40226982619411. Aborting. There is either an error in your model specification or the true solution is unstable (or the true solution can not be represented in the precision of Float64).
└ @ SciMLBase ~/.julia/packages/SciMLBase/VW1cI/src/integrator_interface.jl:623
┌ Warning: At t=-0.9358402829402755, dt was forced below floating point epsilon 1.1102230246251565e-16, and step error estimate = 1.242229632719702. Aborting. There is either an error in your model specification or the true solution is unstable (or the true solution can not be represented in the precision of Float64).
└ @ SciMLBase ~/.julia/packages/SciMLBase/VW1cI/src/integrator_interface.jl:623
┌ Warning: At t=-1.0, dt was forced below floating point epsilon 2.220446049250313e-16, and step error estimate = 7.157436241073366. Aborting. There is either an error in your model specification or the true solution is unstable (or the true solution can not be represented in the precision of Float64).
└ @ SciMLBase ~/.julia/packages/SciMLBase/VW1cI/src/integrator_interface.jl:623
┌ Warning: At t=-1.0, dt was forced below floating point epsilon 2.220446049250313e-16, and step error estimate = 7.301163418018955. Aborting. There is either an error in your model specification or the true solution is unstable (or the true solution can not be represented in the precision of Float64).
└ @ SciMLBase ~/.julia/packages/SciMLBase/VW1cI/src/integrator_interface.jl:623
┌ Warning: At t=-0.9513231552996536, dt was forced below floating point epsilon 1.1102230246251565e-16, and step error estimate = NaN. Aborting. There is either an error in your model specification or the true solution is unstable (or the true solution can not be represented in the precision of Float64).
└ @ SciMLBase ~/.julia/packages/SciMLBase/VW1cI/src/integrator_interface.jl:623
┌ Warning: At t=-0.9544356820693649, dt was forced below floating point epsilon 1.1102230246251565e-16, and step error estimate = 1.5424240516230188. Aborting. There is either an error in your model specification or the true solution is unstable (or the true solution can not be represented in the precision of Float64).
└ @ SciMLBase ~/.julia/packages/SciMLBase/VW1cI/src/integrator_interface.jl:623
┌ Warning: At t=-1.0, dt was forced below floating point epsilon 2.220446049250313e-16, and step error estimate = NaN. Aborting. There is either an error in your model specification or the true solution is unstable (or the true solution can not be represented in the precision of Float64).
└ @ SciMLBase ~/.julia/packages/SciMLBase/VW1cI/src/integrator_interface.jl:623
┌ Warning: At t=-0.581998438139206, dt was forced below floating point epsilon 1.1102230246251565e-16, and step error estimate = 1.2008227805900484. Aborting. There is either an error in your model specification or the true solution is unstable (or the true solution can not be represented in the precision of Float64).
└ @ SciMLBase ~/.julia/packages/SciMLBase/VW1cI/src/integrator_interface.jl:623
┌ Warning: At t=0.9809688664897177, dt was forced below floating point epsilon 1.1102230246251565e-16, and step error estimate = 22.1736139851725. Aborting. There is either an error in your model specification or the true solution is unstable (or the true solution can not be represented in the precision of Float64).
└ @ SciMLBase ~/.julia/packages/SciMLBase/VW1cI/src/integrator_interface.jl:623
┌ Warning: At t=-1.0, dt was forced below floating point epsilon 2.220446049250313e-16, and step error estimate = NaN. Aborting. There is either an error in your model specification or the true solution is unstable (or the true solution can not be represented in the precision of Float64).
└ @ SciMLBase ~/.julia/packages/SciMLBase/VW1cI/src/integrator_interface.jl:623
┌ Warning: At t=-0.5971824024221813, dt was forced below floating point epsilon 1.1102230246251565e-16, and step error estimate = 1.3200123337052427. Aborting. There is either an error in your model specification or the true solution is unstable (or the true solution can not be represented in the precision of Float64).
└ @ SciMLBase ~/.julia/packages/SciMLBase/VW1cI/src/integrator_interface.jl:623
┌ Warning: At t=-0.9079789735614707, dt was forced below floating point epsilon 1.1102230246251565e-16, and step error estimate = 8245.67347486895. Aborting. There is either an error in your model specification or the true solution is unstable (or the true solution can not be represented in the precision of Float64).
└ @ SciMLBase ~/.julia/packages/SciMLBase/VW1cI/src/integrator_interface.jl:623
┌ Warning: At t=-0.9793476178099916, dt was forced below floating point epsilon 1.1102230246251565e-16, and step error estimate = 1.2531007383359645. Aborting. There is either an error in your model specification or the true solution is unstable (or the true solution can not be represented in the precision of Float64).
└ @ SciMLBase ~/.julia/packages/SciMLBase/VW1cI/src/integrator_interface.jl:623
┌ Warning: At t=-0.5308860602616182, dt was forced below floating point epsilon 1.1102230246251565e-16, and step error estimate = 1.0815981637841499. Aborting. There is either an error in your model specification or the true solution is unstable (or the true solution can not be represented in the precision of Float64).
└ @ SciMLBase ~/.julia/packages/SciMLBase/VW1cI/src/integrator_interface.jl:623
┌ Warning: At t=-0.9999999875014912, dt was forced below floating point epsilon 1.1102230246251565e-16, and step error estimate = 23.795219413490937. Aborting. There is either an error in your model specification or the true solution is unstable (or the true solution can not be represented in the precision of Float64).
└ @ SciMLBase ~/.julia/packages/SciMLBase/VW1cI/src/integrator_interface.jl:623
┌ Warning: At t=0.19136827395631348, dt was forced below floating point epsilon 2.7755575615628914e-17, and step error estimate = 1.3304156406852858. Aborting. There is either an error in your model specification or the true solution is unstable (or the true solution can not be represented in the precision of Float64).
└ @ SciMLBase ~/.julia/packages/SciMLBase/VW1cI/src/integrator_interface.jl:623
┌ Warning: At t=0.1890471723455459, dt was forced below floating point epsilon 2.7755575615628914e-17, and step error estimate = 10.76159432132252. Aborting. There is either an error in your model specification or the true solution is unstable (or the true solution can not be represented in the precision of Float64).
└ @ SciMLBase ~/.julia/packages/SciMLBase/VW1cI/src/integrator_interface.jl:623
┌ Warning: At t=-0.6199999982644123, dt was forced below floating point epsilon 1.1102230246251565e-16, and step error estimate = NaN. Aborting. There is either an error in your model specification or the true solution is unstable (or the true solution can not be represented in the precision of Float64).
└ @ SciMLBase ~/.julia/packages/SciMLBase/VW1cI/src/integrator_interface.jl:623
┌ Warning: At t=-0.9977684837786572, dt was forced below floating point epsilon 1.1102230246251565e-16, and step error estimate = 1.2049851439371733. Aborting. There is either an error in your model specification or the true solution is unstable (or the true solution can not be represented in the precision of Float64).
└ @ SciMLBase ~/.julia/packages/SciMLBase/VW1cI/src/integrator_interface.jl:623
┌ Warning: At t=-1.0, dt was forced below floating point epsilon 2.220446049250313e-16, and step error estimate = 7.1201308823428375. Aborting. There is either an error in your model specification or the true solution is unstable (or the true solution can not be represented in the precision of Float64).
└ @ SciMLBase ~/.julia/packages/SciMLBase/VW1cI/src/integrator_interface.jl:623
┌ Warning: At t=-1.0, dt was forced below floating point epsilon 2.220446049250313e-16, and step error estimate = NaN. Aborting. There is either an error in your model specification or the true solution is unstable (or the true solution can not be represented in the precision of Float64).
└ @ SciMLBase ~/.julia/packages/SciMLBase/VW1cI/src/integrator_interface.jl:623
┌ Warning: At t=0.055156016402242436, dt was forced below floating point epsilon 6.938893903907228e-18, and step error estimate = 3.7208265697559995. Aborting. There is either an error in your model specification or the true solution is unstable (or the true solution can not be represented in the precision of Float64).
└ @ SciMLBase ~/.julia/packages/SciMLBase/VW1cI/src/integrator_interface.jl:623
┌ Warning: At t=-0.8796987458458043, dt was forced below floating point epsilon 1.1102230246251565e-16, and step error estimate = 1.1963864814049878. Aborting. There is either an error in your model specification or the true solution is unstable (or the true solution can not be represented in the precision of Float64).
└ @ SciMLBase ~/.julia/packages/SciMLBase/VW1cI/src/integrator_interface.jl:623
┌ Warning: At t=-0.9079789735614707, dt was forced below floating point epsilon 1.1102230246251565e-16, and step error estimate = 8245.67347486895. Aborting. There is either an error in your model specification or the true solution is unstable (or the true solution can not be represented in the precision of Float64).
└ @ SciMLBase ~/.julia/packages/SciMLBase/VW1cI/src/integrator_interface.jl:623
┌ Warning: At t=0.1293816851929319, dt was forced below floating point epsilon 2.7755575615628914e-17, and step error estimate = 1.2975210031994429. Aborting. There is either an error in your model specification or the true solution is unstable (or the true solution can not be represented in the precision of Float64).
└ @ SciMLBase ~/.julia/packages/SciMLBase/VW1cI/src/integrator_interface.jl:623
┌ Warning: At t=-0.9888894706048625, dt was forced below floating point epsilon 1.1102230246251565e-16, and step error estimate = 1.1276455296531709. Aborting. There is either an error in your model specification or the true solution is unstable (or the true solution can not be represented in the precision of Float64).
└ @ SciMLBase ~/.julia/packages/SciMLBase/VW1cI/src/integrator_interface.jl:623
┌ Warning: At t=-0.3285056203870415, dt was forced below floating point epsilon 5.551115123125783e-17, and step error estimate = 1.2841803433171755. Aborting. There is either an error in your model specification or the true solution is unstable (or the true solution can not be represented in the precision of Float64).
└ @ SciMLBase ~/.julia/packages/SciMLBase/VW1cI/src/integrator_interface.jl:623
┌ Warning: At t=0.39525181098008977, dt was forced below floating point epsilon 5.551115123125783e-17, and step error estimate = 1.0513420687128852. Aborting. There is either an error in your model specification or the true solution is unstable (or the true solution can not be represented in the precision of Float64).
└ @ SciMLBase ~/.julia/packages/SciMLBase/VW1cI/src/integrator_interface.jl:623
┌ Warning: At t=-0.5857481598135981, dt was forced below floating point epsilon 1.1102230246251565e-16, and step error estimate = 1.0674965331650055. Aborting. There is either an error in your model specification or the true solution is unstable (or the true solution can not be represented in the precision of Float64).
└ @ SciMLBase ~/.julia/packages/SciMLBase/VW1cI/src/integrator_interface.jl:623
┌ Warning: At t=-0.6290316792543987, dt was forced below floating point epsilon 1.1102230246251565e-16, and step error estimate = 1.004481559426118. Aborting. There is either an error in your model specification or the true solution is unstable (or the true solution can not be represented in the precision of Float64).
└ @ SciMLBase ~/.julia/packages/SciMLBase/VW1cI/src/integrator_interface.jl:623
┌ Warning: At t=-1.0, dt was forced below floating point epsilon 2.220446049250313e-16, and step error estimate = NaN. Aborting. There is either an error in your model specification or the true solution is unstable (or the true solution can not be represented in the precision of Float64).
└ @ SciMLBase ~/.julia/packages/SciMLBase/VW1cI/src/integrator_interface.jl:623
┌ Warning: At t=-1.0, dt was forced below floating point epsilon 2.220446049250313e-16, and step error estimate = 7.395165713659191. Aborting. There is either an error in your model specification or the true solution is unstable (or the true solution can not be represented in the precision of Float64).
└ @ SciMLBase ~/.julia/packages/SciMLBase/VW1cI/src/integrator_interface.jl:623
┌ Warning: At t=-0.9771030125247414, dt was forced below floating point epsilon 1.1102230246251565e-16, and step error estimate = 2.0123591441840096. Aborting. There is either an error in your model specification or the true solution is unstable (or the true solution can not be represented in the precision of Float64).
└ @ SciMLBase ~/.julia/packages/SciMLBase/VW1cI/src/integrator_interface.jl:623
┌ Warning: At t=-1.0, dt was forced below floating point epsilon 2.220446049250313e-16, and step error estimate = 7.4263354834037125. Aborting. There is either an error in your model specification or the true solution is unstable (or the true solution can not be represented in the precision of Float64).
└ @ SciMLBase ~/.julia/packages/SciMLBase/VW1cI/src/integrator_interface.jl:623
┌ Warning: At t=-0.3851968957194702, dt was forced below floating point epsilon 5.551115123125783e-17, and step error estimate = 1.2592493427789722. Aborting. There is either an error in your model specification or the true solution is unstable (or the true solution can not be represented in the precision of Float64).
└ @ SciMLBase ~/.julia/packages/SciMLBase/VW1cI/src/integrator_interface.jl:623
┌ Warning: Interrupted. Larger maxiters is needed. If you are using an integrator for non-stiff ODEs or an automatic switching algorithm (the default), you may want to consider using a method for stiff equations. See the solver pages for more details (e.g. https://docs.sciml.ai/DiffEqDocs/stable/solvers/ode_solve/#Stiff-Problems).
└ @ SciMLBase ~/.julia/packages/SciMLBase/VW1cI/src/integrator_interface.jl:589
┌ Warning: At t=-0.9705382722790196, dt was forced below floating point epsilon 1.1102230246251565e-16, and step error estimate = 1.1388173877416343. Aborting. There is either an error in your model specification or the true solution is unstable (or the true solution can not be represented in the precision of Float64).
└ @ SciMLBase ~/.julia/packages/SciMLBase/VW1cI/src/integrator_interface.jl:623
┌ Warning: At t=-0.6926528416388674, dt was forced below floating point epsilon 1.1102230246251565e-16, and step error estimate = 194.65765639050497. Aborting. There is either an error in your model specification or the true solution is unstable (or the true solution can not be represented in the precision of Float64).
└ @ SciMLBase ~/.julia/packages/SciMLBase/VW1cI/src/integrator_interface.jl:623
┌ Warning: At t=-0.504345703490096, dt was forced below floating point epsilon 1.1102230246251565e-16, and step error estimate = 313.88061284939954. Aborting. There is either an error in your model specification or the true solution is unstable (or the true solution can not be represented in the precision of Float64).
└ @ SciMLBase ~/.julia/packages/SciMLBase/VW1cI/src/integrator_interface.jl:623
┌ Warning: At t=-0.9058874722089196, dt was forced below floating point epsilon 1.1102230246251565e-16, and step error estimate = 315.9662061528803. Aborting. There is either an error in your model specification or the true solution is unstable (or the true solution can not be represented in the precision of Float64).
└ @ SciMLBase ~/.julia/packages/SciMLBase/VW1cI/src/integrator_interface.jl:623
┌ Warning: At t=0.21397123597691647, dt was forced below floating point epsilon 2.7755575615628914e-17, and step error estimate = 39.60352047942877. Aborting. There is either an error in your model specification or the true solution is unstable (or the true solution can not be represented in the precision of Float64).
└ @ SciMLBase ~/.julia/packages/SciMLBase/VW1cI/src/integrator_interface.jl:623
┌ Warning: At t=-0.6086506436969025, dt was forced below floating point epsilon 1.1102230246251565e-16, and step error estimate = 1.0138580756172533. Aborting. There is either an error in your model specification or the true solution is unstable (or the true solution can not be represented in the precision of Float64).
└ @ SciMLBase ~/.julia/packages/SciMLBase/VW1cI/src/integrator_interface.jl:623
┌ Warning: At t=-0.38345015306380126, dt was forced below floating point epsilon 5.551115123125783e-17, and step error estimate = 1.370283035172007. Aborting. There is either an error in your model specification or the true solution is unstable (or the true solution can not be represented in the precision of Float64).
└ @ SciMLBase ~/.julia/packages/SciMLBase/VW1cI/src/integrator_interface.jl:623
┌ Warning: At t=-0.9900354461901356, dt was forced below floating point epsilon 1.1102230246251565e-16, and step error estimate = 90.32218240802477. Aborting. There is either an error in your model specification or the true solution is unstable (or the true solution can not be represented in the precision of Float64).
└ @ SciMLBase ~/.julia/packages/SciMLBase/VW1cI/src/integrator_interface.jl:623
┌ Warning: At t=-1.0, dt was forced below floating point epsilon 2.220446049250313e-16, and step error estimate = NaN. Aborting. There is either an error in your model specification or the true solution is unstable (or the true solution can not be represented in the precision of Float64).
└ @ SciMLBase ~/.julia/packages/SciMLBase/VW1cI/src/integrator_interface.jl:623
┌ Warning: At t=-0.49432229905074543, dt was forced below floating point epsilon 5.551115123125783e-17, and step error estimate = 1.1097200173297217. Aborting. There is either an error in your model specification or the true solution is unstable (or the true solution can not be represented in the precision of Float64).
└ @ SciMLBase ~/.julia/packages/SciMLBase/VW1cI/src/integrator_interface.jl:623
┌ Warning: At t=0.9802431932199438, dt was forced below floating point epsilon 1.1102230246251565e-16, and step error estimate = 2.740774700945964. Aborting. There is either an error in your model specification or the true solution is unstable (or the true solution can not be represented in the precision of Float64).
└ @ SciMLBase ~/.julia/packages/SciMLBase/VW1cI/src/integrator_interface.jl:623
┌ Warning: At t=-0.3851968957194702, dt was forced below floating point epsilon 5.551115123125783e-17, and step error estimate = 1.2592493427789722. Aborting. There is either an error in your model specification or the true solution is unstable (or the true solution can not be represented in the precision of Float64).
└ @ SciMLBase ~/.julia/packages/SciMLBase/VW1cI/src/integrator_interface.jl:623
┌ Warning: At t=-1.0, dt was forced below floating point epsilon 2.220446049250313e-16, and step error estimate = 7.25904371539088. Aborting. There is either an error in your model specification or the true solution is unstable (or the true solution can not be represented in the precision of Float64).
└ @ SciMLBase ~/.julia/packages/SciMLBase/VW1cI/src/integrator_interface.jl:623
┌ Warning: At t=-0.9561164175465809, dt was forced below floating point epsilon 1.1102230246251565e-16, and step error estimate = 4.9887416712342185. Aborting. There is either an error in your model specification or the true solution is unstable (or the true solution can not be represented in the precision of Float64).
└ @ SciMLBase ~/.julia/packages/SciMLBase/VW1cI/src/integrator_interface.jl:623
┌ Warning: At t=-0.8940201135101344, dt was forced below floating point epsilon 1.1102230246251565e-16, and step error estimate = 1.04452484489641. Aborting. There is either an error in your model specification or the true solution is unstable (or the true solution can not be represented in the precision of Float64).
└ @ SciMLBase ~/.julia/packages/SciMLBase/VW1cI/src/integrator_interface.jl:623
┌ Warning: At t=-0.49432229905074543, dt was forced below floating point epsilon 5.551115123125783e-17, and step error estimate = 1.1097200173297217. Aborting. There is either an error in your model specification or the true solution is unstable (or the true solution can not be represented in the precision of Float64).
└ @ SciMLBase ~/.julia/packages/SciMLBase/VW1cI/src/integrator_interface.jl:623
┌ Warning: At t=-0.9755776856493675, dt was forced below floating point epsilon 1.1102230246251565e-16, and step error estimate = 1.1796950695652093. Aborting. There is either an error in your model specification or the true solution is unstable (or the true solution can not be represented in the precision of Float64).
└ @ SciMLBase ~/.julia/packages/SciMLBase/VW1cI/src/integrator_interface.jl:623
┌ Warning: At t=-1.0, dt was forced below floating point epsilon 2.220446049250313e-16, and step error estimate = NaN. Aborting. There is either an error in your model specification or the true solution is unstable (or the true solution can not be represented in the precision of Float64).
└ @ SciMLBase ~/.julia/packages/SciMLBase/VW1cI/src/integrator_interface.jl:623
┌ Warning: At t=-1.0, dt was forced below floating point epsilon 2.220446049250313e-16, and step error estimate = 7.147336301679075. Aborting. There is either an error in your model specification or the true solution is unstable (or the true solution can not be represented in the precision of Float64).
└ @ SciMLBase ~/.julia/packages/SciMLBase/VW1cI/src/integrator_interface.jl:623
┌ Warning: At t=-1.0, dt was forced below floating point epsilon 2.220446049250313e-16, and step error estimate = 15.66805943722761. Aborting. There is either an error in your model specification or the true solution is unstable (or the true solution can not be represented in the precision of Float64).
└ @ SciMLBase ~/.julia/packages/SciMLBase/VW1cI/src/integrator_interface.jl:623
┌ Warning: At t=-0.5950794068288735, dt was forced below floating point epsilon 1.1102230246251565e-16, and step error estimate = 1.2046651402405266. Aborting. There is either an error in your model specification or the true solution is unstable (or the true solution can not be represented in the precision of Float64).
└ @ SciMLBase ~/.julia/packages/SciMLBase/VW1cI/src/integrator_interface.jl:623
┌ Warning: At t=-0.9996051641960233, dt was forced below floating point epsilon 1.1102230246251565e-16, and step error estimate = 210.21162078429361. Aborting. There is either an error in your model specification or the true solution is unstable (or the true solution can not be represented in the precision of Float64).
└ @ SciMLBase ~/.julia/packages/SciMLBase/VW1cI/src/integrator_interface.jl:623
┌ Warning: At t=-1.0, dt was forced below floating point epsilon 2.220446049250313e-16, and step error estimate = 7.295533801375983. Aborting. There is either an error in your model specification or the true solution is unstable (or the true solution can not be represented in the precision of Float64).
└ @ SciMLBase ~/.julia/packages/SciMLBase/VW1cI/src/integrator_interface.jl:623
┌ Warning: At t=-0.9058874722089196, dt was forced below floating point epsilon 1.1102230246251565e-16, and step error estimate = 315.9662061528803. Aborting. There is either an error in your model specification or the true solution is unstable (or the true solution can not be represented in the precision of Float64).
└ @ SciMLBase ~/.julia/packages/SciMLBase/VW1cI/src/integrator_interface.jl:623
┌ Warning: At t=0.9814839659031883, dt was forced below floating point epsilon 1.1102230246251565e-16, and step error estimate = 1.0399645088652694. Aborting. There is either an error in your model specification or the true solution is unstable (or the true solution can not be represented in the precision of Float64).
└ @ SciMLBase ~/.julia/packages/SciMLBase/VW1cI/src/integrator_interface.jl:623
┌ Warning: At t=-0.6199999970973752, dt was forced below floating point epsilon 1.1102230246251565e-16, and step error estimate = NaN. Aborting. There is either an error in your model specification or the true solution is unstable (or the true solution can not be represented in the precision of Float64).
└ @ SciMLBase ~/.julia/packages/SciMLBase/VW1cI/src/integrator_interface.jl:623
┌ Warning: At t=-0.6980732330188404, dt was forced below floating point epsilon 1.1102230246251565e-16, and step error estimate = 77.03815906833205. Aborting. There is either an error in your model specification or the true solution is unstable (or the true solution can not be represented in the precision of Float64).
└ @ SciMLBase ~/.julia/packages/SciMLBase/VW1cI/src/integrator_interface.jl:623
┌ Warning: At t=-1.0, dt was forced below floating point epsilon 2.220446049250313e-16, and step error estimate = NaN. Aborting. There is either an error in your model specification or the true solution is unstable (or the true solution can not be represented in the precision of Float64).
└ @ SciMLBase ~/.julia/packages/SciMLBase/VW1cI/src/integrator_interface.jl:623
┌ Warning: At t=-0.9999999872400968, dt was forced below floating point epsilon 1.1102230246251565e-16, and step error estimate = 1.3915531581579597. Aborting. There is either an error in your model specification or the true solution is unstable (or the true solution can not be represented in the precision of Float64).
└ @ SciMLBase ~/.julia/packages/SciMLBase/VW1cI/src/integrator_interface.jl:623
┌ Warning: At t=-1.0, dt was forced below floating point epsilon 2.220446049250313e-16, and step error estimate = 7.38746708103769. Aborting. There is either an error in your model specification or the true solution is unstable (or the true solution can not be represented in the precision of Float64).
└ @ SciMLBase ~/.julia/packages/SciMLBase/VW1cI/src/integrator_interface.jl:623
┌ Warning: At t=-0.6057530307005767, dt was forced below floating point epsilon 1.1102230246251565e-16, and step error estimate = 1.0239942392151649. Aborting. There is either an error in your model specification or the true solution is unstable (or the true solution can not be represented in the precision of Float64).
└ @ SciMLBase ~/.julia/packages/SciMLBase/VW1cI/src/integrator_interface.jl:623
┌ Warning: At t=-0.6199999652977909, dt was forced below floating point epsilon 1.1102230246251565e-16, and step error estimate = NaN. Aborting. There is either an error in your model specification or the true solution is unstable (or the true solution can not be represented in the precision of Float64).
└ @ SciMLBase ~/.julia/packages/SciMLBase/VW1cI/src/integrator_interface.jl:623
┌ Warning: At t=-0.6199992310144111, dt was forced below floating point epsilon 1.1102230246251565e-16, and step error estimate = NaN. Aborting. There is either an error in your model specification or the true solution is unstable (or the true solution can not be represented in the precision of Float64).
└ @ SciMLBase ~/.julia/packages/SciMLBase/VW1cI/src/integrator_interface.jl:623
┌ Warning: At t=-0.9772624586684852, dt was forced below floating point epsilon 1.1102230246251565e-16, and step error estimate = 1.2214034587839624. Aborting. There is either an error in your model specification or the true solution is unstable (or the true solution can not be represented in the precision of Float64).
└ @ SciMLBase ~/.julia/packages/SciMLBase/VW1cI/src/integrator_interface.jl:623
┌ Warning: At t=-0.5428190192461179, dt was forced below floating point epsilon 1.1102230246251565e-16, and step error estimate = 1.2337550095362204. Aborting. There is either an error in your model specification or the true solution is unstable (or the true solution can not be represented in the precision of Float64).
└ @ SciMLBase ~/.julia/packages/SciMLBase/VW1cI/src/integrator_interface.jl:623
┌ Warning: At t=-0.9985705176231218, dt was forced below floating point epsilon 1.1102230246251565e-16, and step error estimate = 1.3127124930115261. Aborting. There is either an error in your model specification or the true solution is unstable (or the true solution can not be represented in the precision of Float64).
└ @ SciMLBase ~/.julia/packages/SciMLBase/VW1cI/src/integrator_interface.jl:623
┌ Warning: At t=-0.6136082895167976, dt was forced below floating point epsilon 1.1102230246251565e-16, and step error estimate = 1.199277251736824. Aborting. There is either an error in your model specification or the true solution is unstable (or the true solution can not be represented in the precision of Float64).
└ @ SciMLBase ~/.julia/packages/SciMLBase/VW1cI/src/integrator_interface.jl:623
┌ Warning: At t=-1.0, dt was forced below floating point epsilon 2.220446049250313e-16, and step error estimate = 7.241645071178819. Aborting. There is either an error in your model specification or the true solution is unstable (or the true solution can not be represented in the precision of Float64).
└ @ SciMLBase ~/.julia/packages/SciMLBase/VW1cI/src/integrator_interface.jl:623
┌ Warning: At t=-1.0, dt was forced below floating point epsilon 2.220446049250313e-16, and step error estimate = 7.257597751076119. Aborting. There is either an error in your model specification or the true solution is unstable (or the true solution can not be represented in the precision of Float64).
└ @ SciMLBase ~/.julia/packages/SciMLBase/VW1cI/src/integrator_interface.jl:623
┌ Warning: At t=-1.0, dt was forced below floating point epsilon 2.220446049250313e-16, and step error estimate = NaN. Aborting. There is either an error in your model specification or the true solution is unstable (or the true solution can not be represented in the precision of Float64).
└ @ SciMLBase ~/.julia/packages/SciMLBase/VW1cI/src/integrator_interface.jl:623
┌ Warning: At t=-0.9909530857386264, dt was forced below floating point epsilon 1.1102230246251565e-16, and step error estimate = 26.948152313746533. Aborting. There is either an error in your model specification or the true solution is unstable (or the true solution can not be represented in the precision of Float64).
└ @ SciMLBase ~/.julia/packages/SciMLBase/VW1cI/src/integrator_interface.jl:623
┌ Warning: At t=-0.5043457034901355, dt was forced below floating point epsilon 1.1102230246251565e-16, and step error estimate = 205.55180768621187. Aborting. There is either an error in your model specification or the true solution is unstable (or the true solution can not be represented in the precision of Float64).
└ @ SciMLBase ~/.julia/packages/SciMLBase/VW1cI/src/integrator_interface.jl:623
┌ Warning: At t=0.055156016402242436, dt was forced below floating point epsilon 6.938893903907228e-18, and step error estimate = 3.7208265697559995. Aborting. There is either an error in your model specification or the true solution is unstable (or the true solution can not be represented in the precision of Float64).
└ @ SciMLBase ~/.julia/packages/SciMLBase/VW1cI/src/integrator_interface.jl:623
┌ Warning: At t=-0.6071436514170676, dt was forced below floating point epsilon 1.1102230246251565e-16, and step error estimate = 1.1014816033907893. Aborting. There is either an error in your model specification or the true solution is unstable (or the true solution can not be represented in the precision of Float64).
└ @ SciMLBase ~/.julia/packages/SciMLBase/VW1cI/src/integrator_interface.jl:623
┌ Warning: At t=-0.26583306408262736, dt was forced below floating point epsilon 5.551115123125783e-17, and step error estimate = 14.712793690395745. Aborting. There is either an error in your model specification or the true solution is unstable (or the true solution can not be represented in the precision of Float64).
└ @ SciMLBase ~/.julia/packages/SciMLBase/VW1cI/src/integrator_interface.jl:623
┌ Warning: At t=-1.0, dt was forced below floating point epsilon 2.220446049250313e-16, and step error estimate = 7.403006283423148. Aborting. There is either an error in your model specification or the true solution is unstable (or the true solution can not be represented in the precision of Float64).
└ @ SciMLBase ~/.julia/packages/SciMLBase/VW1cI/src/integrator_interface.jl:623
┌ Warning: At t=-0.8811639574841723, dt was forced below floating point epsilon 1.1102230246251565e-16, and step error estimate = 1.0551745942549025. Aborting. There is either an error in your model specification or the true solution is unstable (or the true solution can not be represented in the precision of Float64).
└ @ SciMLBase ~/.julia/packages/SciMLBase/VW1cI/src/integrator_interface.jl:623
┌ Warning: At t=-0.9996051641960237, dt was forced below floating point epsilon 1.1102230246251565e-16, and step error estimate = 1009.1905681565485. Aborting. There is either an error in your model specification or the true solution is unstable (or the true solution can not be represented in the precision of Float64).
└ @ SciMLBase ~/.julia/packages/SciMLBase/VW1cI/src/integrator_interface.jl:623
┌ Warning: At t=-0.6973493555193837, dt was forced below floating point epsilon 1.1102230246251565e-16, and step error estimate = 1.1512687522723066. Aborting. There is either an error in your model specification or the true solution is unstable (or the true solution can not be represented in the precision of Float64).
└ @ SciMLBase ~/.julia/packages/SciMLBase/VW1cI/src/integrator_interface.jl:623
┌ Warning: At t=-0.9448866626165495, dt was forced below floating point epsilon 1.1102230246251565e-16, and step error estimate = 1.399022070167014. Aborting. There is either an error in your model specification or the true solution is unstable (or the true solution can not be represented in the precision of Float64).
└ @ SciMLBase ~/.julia/packages/SciMLBase/VW1cI/src/integrator_interface.jl:623
┌ Warning: At t=-1.0, dt was forced below floating point epsilon 2.220446049250313e-16, and step error estimate = 7.267163973901802. Aborting. There is either an error in your model specification or the true solution is unstable (or the true solution can not be represented in the precision of Float64).
└ @ SciMLBase ~/.julia/packages/SciMLBase/VW1cI/src/integrator_interface.jl:623
┌ Warning: At t=-0.6980732330188404, dt was forced below floating point epsilon 1.1102230246251565e-16, and step error estimate = 77.03815906833205. Aborting. There is either an error in your model specification or the true solution is unstable (or the true solution can not be represented in the precision of Float64).
└ @ SciMLBase ~/.julia/packages/SciMLBase/VW1cI/src/integrator_interface.jl:623
┌ Warning: At t=-1.0, dt was forced below floating point epsilon 2.220446049250313e-16, and step error estimate = 7.415678382029176. Aborting. There is either an error in your model specification or the true solution is unstable (or the true solution can not be represented in the precision of Float64).
└ @ SciMLBase ~/.julia/packages/SciMLBase/VW1cI/src/integrator_interface.jl:623
┌ Warning: At t=-0.6057530307005767, dt was forced below floating point epsilon 1.1102230246251565e-16, and step error estimate = 1.0239942392151649. Aborting. There is either an error in your model specification or the true solution is unstable (or the true solution can not be represented in the precision of Float64).
└ @ SciMLBase ~/.julia/packages/SciMLBase/VW1cI/src/integrator_interface.jl:623
┌ Warning: At t=-0.6199523071816936, dt was forced below floating point epsilon 1.1102230246251565e-16, and step error estimate = 2.40226982619411. Aborting. There is either an error in your model specification or the true solution is unstable (or the true solution can not be represented in the precision of Float64).
└ @ SciMLBase ~/.julia/packages/SciMLBase/VW1cI/src/integrator_interface.jl:623
┌ Warning: At t=-0.27919808583587347, dt was forced below floating point epsilon 5.551115123125783e-17, and step error estimate = 1.394706374308247. Aborting. There is either an error in your model specification or the true solution is unstable (or the true solution can not be represented in the precision of Float64).
└ @ SciMLBase ~/.julia/packages/SciMLBase/VW1cI/src/integrator_interface.jl:623
┌ Warning: At t=-0.8405092649164813, dt was forced below floating point epsilon 1.1102230246251565e-16, and step error estimate = 411.0730706702848. Aborting. There is either an error in your model specification or the true solution is unstable (or the true solution can not be represented in the precision of Float64).
└ @ SciMLBase ~/.julia/packages/SciMLBase/VW1cI/src/integrator_interface.jl:623
┌ Warning: At t=-1.0, dt was forced below floating point epsilon 2.220446049250313e-16, and step error estimate = 7.219205027831691. Aborting. There is either an error in your model specification or the true solution is unstable (or the true solution can not be represented in the precision of Float64).
└ @ SciMLBase ~/.julia/packages/SciMLBase/VW1cI/src/integrator_interface.jl:623
┌ Warning: At t=0.17814049581091976, dt was forced below floating point epsilon 2.7755575615628914e-17, and step error estimate = 1.1745824692563158. Aborting. There is either an error in your model specification or the true solution is unstable (or the true solution can not be represented in the precision of Float64).
└ @ SciMLBase ~/.julia/packages/SciMLBase/VW1cI/src/integrator_interface.jl:623
┌ Warning: At t=-0.6183838886564829, dt was forced below floating point epsilon 1.1102230246251565e-16, and step error estimate = 1.7045285935804662. Aborting. There is either an error in your model specification or the true solution is unstable (or the true solution can not be represented in the precision of Float64).
└ @ SciMLBase ~/.julia/packages/SciMLBase/VW1cI/src/integrator_interface.jl:623
┌ Warning: At t=-0.691602277549244, dt was forced below floating point epsilon 1.1102230246251565e-16, and step error estimate = NaN. Aborting. There is either an error in your model specification or the true solution is unstable (or the true solution can not be represented in the precision of Float64).
└ @ SciMLBase ~/.julia/packages/SciMLBase/VW1cI/src/integrator_interface.jl:623
┌ Warning: At t=-1.0, dt was forced below floating point epsilon 2.220446049250313e-16, and step error estimate = 7.411339027547114. Aborting. There is either an error in your model specification or the true solution is unstable (or the true solution can not be represented in the precision of Float64).
└ @ SciMLBase ~/.julia/packages/SciMLBase/VW1cI/src/integrator_interface.jl:623
┌ Warning: At t=-0.6189894234073166, dt was forced below floating point epsilon 1.1102230246251565e-16, and step error estimate = 178.61810726363342. Aborting. There is either an error in your model specification or the true solution is unstable (or the true solution can not be represented in the precision of Float64).
└ @ SciMLBase ~/.julia/packages/SciMLBase/VW1cI/src/integrator_interface.jl:623
┌ Warning: At t=-0.9743704236814251, dt was forced below floating point epsilon 1.1102230246251565e-16, and step error estimate = 1.042203523195795. Aborting. There is either an error in your model specification or the true solution is unstable (or the true solution can not be represented in the precision of Float64).
└ @ SciMLBase ~/.julia/packages/SciMLBase/VW1cI/src/integrator_interface.jl:623
┌ Warning: At t=-1.0, dt was forced below floating point epsilon 2.220446049250313e-16, and step error estimate = 7.4029258714397965. Aborting. There is either an error in your model specification or the true solution is unstable (or the true solution can not be represented in the precision of Float64).
└ @ SciMLBase ~/.julia/packages/SciMLBase/VW1cI/src/integrator_interface.jl:623
┌ Warning: At t=-1.0, dt was forced below floating point epsilon 2.220446049250313e-16, and step error estimate = 7.32532068486638. Aborting. There is either an error in your model specification or the true solution is unstable (or the true solution can not be represented in the precision of Float64).
└ @ SciMLBase ~/.julia/packages/SciMLBase/VW1cI/src/integrator_interface.jl:623
┌ Warning: At t=-0.9993286125834547, dt was forced below floating point epsilon 1.1102230246251565e-16, and step error estimate = 192.22724188505765. Aborting. There is either an error in your model specification or the true solution is unstable (or the true solution can not be represented in the precision of Float64).
└ @ SciMLBase ~/.julia/packages/SciMLBase/VW1cI/src/integrator_interface.jl:623
┌ Warning: At t=-0.9999999875014912, dt was forced below floating point epsilon 1.1102230246251565e-16, and step error estimate = 23.795219413490937. Aborting. There is either an error in your model specification or the true solution is unstable (or the true solution can not be represented in the precision of Float64).
└ @ SciMLBase ~/.julia/packages/SciMLBase/VW1cI/src/integrator_interface.jl:623
┌ Warning: At t=-0.6189894234073166, dt was forced below floating point epsilon 1.1102230246251565e-16, and step error estimate = 178.61810726363342. Aborting. There is either an error in your model specification or the true solution is unstable (or the true solution can not be represented in the precision of Float64).
└ @ SciMLBase ~/.julia/packages/SciMLBase/VW1cI/src/integrator_interface.jl:623
┌ Warning: At t=-0.6199999999341504, dt was forced below floating point epsilon 1.1102230246251565e-16, and step error estimate = NaN. Aborting. There is either an error in your model specification or the true solution is unstable (or the true solution can not be represented in the precision of Float64).
└ @ SciMLBase ~/.julia/packages/SciMLBase/VW1cI/src/integrator_interface.jl:623
┌ Warning: At t=-1.0, dt was forced below floating point epsilon 2.220446049250313e-16, and step error estimate = 7.38746708103769. Aborting. There is either an error in your model specification or the true solution is unstable (or the true solution can not be represented in the precision of Float64).
└ @ SciMLBase ~/.julia/packages/SciMLBase/VW1cI/src/integrator_interface.jl:623
┌ Warning: At t=-0.999953982946063, dt was forced below floating point epsilon 1.1102230246251565e-16, and step error estimate = 1.1992705108490298. Aborting. There is either an error in your model specification or the true solution is unstable (or the true solution can not be represented in the precision of Float64).
└ @ SciMLBase ~/.julia/packages/SciMLBase/VW1cI/src/integrator_interface.jl:623
┌ Warning: At t=-1.0, dt was forced below floating point epsilon 2.220446049250313e-16, and step error estimate = 24.563907261905104. Aborting. There is either an error in your model specification or the true solution is unstable (or the true solution can not be represented in the precision of Float64).
└ @ SciMLBase ~/.julia/packages/SciMLBase/VW1cI/src/integrator_interface.jl:623
┌ Warning: At t=-0.6942575971114608, dt was forced below floating point epsilon 1.1102230246251565e-16, and step error estimate = 113.10544759857618. Aborting. There is either an error in your model specification or the true solution is unstable (or the true solution can not be represented in the precision of Float64).
└ @ SciMLBase ~/.julia/packages/SciMLBase/VW1cI/src/integrator_interface.jl:623
┌ Warning: At t=-1.0, dt was forced below floating point epsilon 2.220446049250313e-16, and step error estimate = NaN. Aborting. There is either an error in your model specification or the true solution is unstable (or the true solution can not be represented in the precision of Float64).
└ @ SciMLBase ~/.julia/packages/SciMLBase/VW1cI/src/integrator_interface.jl:623
┌ Warning: At t=0.3952518109800914, dt was forced below floating point epsilon 5.551115123125783e-17, and step error estimate = 1.2565453079532485. Aborting. There is either an error in your model specification or the true solution is unstable (or the true solution can not be represented in the precision of Float64).
└ @ SciMLBase ~/.julia/packages/SciMLBase/VW1cI/src/integrator_interface.jl:623
┌ Warning: At t=-1.0, dt was forced below floating point epsilon 2.220446049250313e-16, and step error estimate = 7.111995693202863. Aborting. There is either an error in your model specification or the true solution is unstable (or the true solution can not be represented in the precision of Float64).
└ @ SciMLBase ~/.julia/packages/SciMLBase/VW1cI/src/integrator_interface.jl:623
┌ Warning: At t=-1.0, dt was forced below floating point epsilon 2.220446049250313e-16, and step error estimate = 20.680553653508007. Aborting. There is either an error in your model specification or the true solution is unstable (or the true solution can not be represented in the precision of Float64).
└ @ SciMLBase ~/.julia/packages/SciMLBase/VW1cI/src/integrator_interface.jl:623
┌ Warning: At t=-1.0, dt was forced below floating point epsilon 2.220446049250313e-16, and step error estimate = NaN. Aborting. There is either an error in your model specification or the true solution is unstable (or the true solution can not be represented in the precision of Float64).
└ @ SciMLBase ~/.julia/packages/SciMLBase/VW1cI/src/integrator_interface.jl:623
┌ Warning: At t=-0.6980732330207584, dt was forced below floating point epsilon 1.1102230246251565e-16, and step error estimate = 321.6784459812187. Aborting. There is either an error in your model specification or the true solution is unstable (or the true solution can not be represented in the precision of Float64).
└ @ SciMLBase ~/.julia/packages/SciMLBase/VW1cI/src/integrator_interface.jl:623
┌ Warning: At t=-0.8940201135101344, dt was forced below floating point epsilon 1.1102230246251565e-16, and step error estimate = 1.04452484489641. Aborting. There is either an error in your model specification or the true solution is unstable (or the true solution can not be represented in the precision of Float64).
└ @ SciMLBase ~/.julia/packages/SciMLBase/VW1cI/src/integrator_interface.jl:623
┌ Warning: At t=-0.9724110962752442, dt was forced below floating point epsilon 1.1102230246251565e-16, and step error estimate = 4.331777368195575. Aborting. There is either an error in your model specification or the true solution is unstable (or the true solution can not be represented in the precision of Float64).
└ @ SciMLBase ~/.julia/packages/SciMLBase/VW1cI/src/integrator_interface.jl:623
┌ Warning: At t=-0.18162748142640234, dt was forced below floating point epsilon 2.7755575615628914e-17, and step error estimate = 1.4093061769670774. Aborting. There is either an error in your model specification or the true solution is unstable (or the true solution can not be represented in the precision of Float64).
└ @ SciMLBase ~/.julia/packages/SciMLBase/VW1cI/src/integrator_interface.jl:623
┌ Warning: At t=-0.8833560928151527, dt was forced below floating point epsilon 1.1102230246251565e-16, and step error estimate = 1.2079535979317775. Aborting. There is either an error in your model specification or the true solution is unstable (or the true solution can not be represented in the precision of Float64).
└ @ SciMLBase ~/.julia/packages/SciMLBase/VW1cI/src/integrator_interface.jl:623
┌ Warning: At t=-1.0, dt was forced below floating point epsilon 2.220446049250313e-16, and step error estimate = 97.06927780436902. Aborting. There is either an error in your model specification or the true solution is unstable (or the true solution can not be represented in the precision of Float64).
└ @ SciMLBase ~/.julia/packages/SciMLBase/VW1cI/src/integrator_interface.jl:623
┌ Warning: At t=-1.0, dt was forced below floating point epsilon 2.220446049250313e-16, and step error estimate = 6.576536700959448. Aborting. There is either an error in your model specification or the true solution is unstable (or the true solution can not be represented in the precision of Float64).
└ @ SciMLBase ~/.julia/packages/SciMLBase/VW1cI/src/integrator_interface.jl:623
┌ Warning: At t=-1.0, dt was forced below floating point epsilon 2.220446049250313e-16, and step error estimate = 6.642485371191521. Aborting. There is either an error in your model specification or the true solution is unstable (or the true solution can not be represented in the precision of Float64).
└ @ SciMLBase ~/.julia/packages/SciMLBase/VW1cI/src/integrator_interface.jl:623
┌ Warning: At t=-0.315597726785324, dt was forced below floating point epsilon 5.551115123125783e-17, and step error estimate = 2.0102802087094505. Aborting. There is either an error in your model specification or the true solution is unstable (or the true solution can not be represented in the precision of Float64).
└ @ SciMLBase ~/.julia/packages/SciMLBase/VW1cI/src/integrator_interface.jl:623
┌ Warning: Interrupted. Larger maxiters is needed. If you are using an integrator for non-stiff ODEs or an automatic switching algorithm (the default), you may want to consider using a method for stiff equations. See the solver pages for more details (e.g. https://docs.sciml.ai/DiffEqDocs/stable/solvers/ode_solve/#Stiff-Problems).
└ @ SciMLBase ~/.julia/packages/SciMLBase/VW1cI/src/integrator_interface.jl:589
┌ Warning: At t=-0.6071436514170676, dt was forced below floating point epsilon 1.1102230246251565e-16, and step error estimate = 1.1014816033907893. Aborting. There is either an error in your model specification or the true solution is unstable (or the true solution can not be represented in the precision of Float64).
└ @ SciMLBase ~/.julia/packages/SciMLBase/VW1cI/src/integrator_interface.jl:623
┌ Warning: At t=-0.6980732330207584, dt was forced below floating point epsilon 1.1102230246251565e-16, and step error estimate = 321.6784459812187. Aborting. There is either an error in your model specification or the true solution is unstable (or the true solution can not be represented in the precision of Float64).
└ @ SciMLBase ~/.julia/packages/SciMLBase/VW1cI/src/integrator_interface.jl:623
┌ Warning: Interrupted. Larger maxiters is needed. If you are using an integrator for non-stiff ODEs or an automatic switching algorithm (the default), you may want to consider using a method for stiff equations. See the solver pages for more details (e.g. https://docs.sciml.ai/DiffEqDocs/stable/solvers/ode_solve/#Stiff-Problems).
└ @ SciMLBase ~/.julia/packages/SciMLBase/VW1cI/src/integrator_interface.jl:589
┌ Warning: At t=-1.0, dt was forced below floating point epsilon 2.220446049250313e-16, and step error estimate = 7.222250381408922. Aborting. There is either an error in your model specification or the true solution is unstable (or the true solution can not be represented in the precision of Float64).
└ @ SciMLBase ~/.julia/packages/SciMLBase/VW1cI/src/integrator_interface.jl:623
┌ Warning: At t=-0.8811639574841723, dt was forced below floating point epsilon 1.1102230246251565e-16, and step error estimate = 1.0551745942549025. Aborting. There is either an error in your model specification or the true solution is unstable (or the true solution can not be represented in the precision of Float64).
└ @ SciMLBase ~/.julia/packages/SciMLBase/VW1cI/src/integrator_interface.jl:623
┌ Warning: At t=-0.5950794068288735, dt was forced below floating point epsilon 1.1102230246251565e-16, and step error estimate = 1.2046651402405266. Aborting. There is either an error in your model specification or the true solution is unstable (or the true solution can not be represented in the precision of Float64).
└ @ SciMLBase ~/.julia/packages/SciMLBase/VW1cI/src/integrator_interface.jl:623
┌ Warning: At t=-0.6136082895167976, dt was forced below floating point epsilon 1.1102230246251565e-16, and step error estimate = 1.199277251736824. Aborting. There is either an error in your model specification or the true solution is unstable (or the true solution can not be represented in the precision of Float64).
└ @ SciMLBase ~/.julia/packages/SciMLBase/VW1cI/src/integrator_interface.jl:623
┌ Warning: At t=-1.0, dt was forced below floating point epsilon 2.220446049250313e-16, and step error estimate = NaN. Aborting. There is either an error in your model specification or the true solution is unstable (or the true solution can not be represented in the precision of Float64).
└ @ SciMLBase ~/.julia/packages/SciMLBase/VW1cI/src/integrator_interface.jl:623
┌ Warning: At t=-1.0, dt was forced below floating point epsilon 2.220446049250313e-16, and step error estimate = 67.48047014996996. Aborting. There is either an error in your model specification or the true solution is unstable (or the true solution can not be represented in the precision of Float64).
└ @ SciMLBase ~/.julia/packages/SciMLBase/VW1cI/src/integrator_interface.jl:623
┌ Warning: At t=-0.6199945962704171, dt was forced below floating point epsilon 1.1102230246251565e-16, and step error estimate = NaN. Aborting. There is either an error in your model specification or the true solution is unstable (or the true solution can not be represented in the precision of Float64).
└ @ SciMLBase ~/.julia/packages/SciMLBase/VW1cI/src/integrator_interface.jl:623
┌ Warning: At t=-0.6189808264553421, dt was forced below floating point epsilon 1.1102230246251565e-16, and step error estimate = 1.0232033593365675. Aborting. There is either an error in your model specification or the true solution is unstable (or the true solution can not be represented in the precision of Float64).
└ @ SciMLBase ~/.julia/packages/SciMLBase/VW1cI/src/integrator_interface.jl:623
┌ Warning: At t=-1.0, dt was forced below floating point epsilon 2.220446049250313e-16, and step error estimate = 7.415678382029176. Aborting. There is either an error in your model specification or the true solution is unstable (or the true solution can not be represented in the precision of Float64).
└ @ SciMLBase ~/.julia/packages/SciMLBase/VW1cI/src/integrator_interface.jl:623
┌ Warning: At t=-0.8796882315031036, dt was forced below floating point epsilon 1.1102230246251565e-16, and step error estimate = 1.1720219629698134. Aborting. There is either an error in your model specification or the true solution is unstable (or the true solution can not be represented in the precision of Float64).
└ @ SciMLBase ~/.julia/packages/SciMLBase/VW1cI/src/integrator_interface.jl:623
┌ Warning: At t=-1.0, dt was forced below floating point epsilon 2.220446049250313e-16, and step error estimate = 7.403006283423148. Aborting. There is either an error in your model specification or the true solution is unstable (or the true solution can not be represented in the precision of Float64).
└ @ SciMLBase ~/.julia/packages/SciMLBase/VW1cI/src/integrator_interface.jl:623
┌ Warning: At t=0.21397123597691647, dt was forced below floating point epsilon 2.7755575615628914e-17, and step error estimate = 39.60352047942877. Aborting. There is either an error in your model specification or the true solution is unstable (or the true solution can not be represented in the precision of Float64).
└ @ SciMLBase ~/.julia/packages/SciMLBase/VW1cI/src/integrator_interface.jl:623
┌ Warning: At t=-1.0, dt was forced below floating point epsilon 2.220446049250313e-16, and step error estimate = 7.411339027547114. Aborting. There is either an error in your model specification or the true solution is unstable (or the true solution can not be represented in the precision of Float64).
└ @ SciMLBase ~/.julia/packages/SciMLBase/VW1cI/src/integrator_interface.jl:623
Optimization improved residual by 0.011650463633989784 (from 0.01165046363400903 to 1.9246443737901724e-14)
Optimization did not improve residual (initial: 5.402716609162109e-15, final: 5.402716609162109e-15)
Optimization did not improve residual (initial: 7.667964988515787e-17, final: 7.667964988515787e-17)
Optimization did not improve residual (initial: 6.731787877256487e-16, final: 6.731787877256487e-16)
Optimization improved residual by 0.008723459767058449 (from 0.008723459767311547 to 2.5309869699029714e-13)
Optimization improved residual by 0.007693073666659024 (from 0.00769307366744069 to 7.816660936676897e-13)
Optimization improved residual by 1.4077557131321343 (from 1.4077557131326852 to 5.50860398943964e-13)
Optimization did not improve residual (initial: 3.1165240761412944e-14, final: 3.1165240761412944e-14)
Optimization did not improve residual (initial: 2.345808338668938e-14, final: 2.345808338668938e-14)
Optimization improved residual by 0.011650463633989784 (from 0.01165046363400903 to 1.9246443737901724e-14)
Optimization did not improve residual (initial: 2.0483472687184217e-14, final: 2.0483472687184217e-14)
Optimization did not improve residual (initial: 2.7839092084881676e-16, final: 2.7839092084881676e-16)
Optimization improved residual by 0.009727393893645901 (from 0.00972739389368835 to 4.244951257236759e-14)
Optimization improved residual by 0.03573047849035642 (from 0.035730478490360616 to 4.1998504629740156e-15)
Optimization improved residual by 0.002781418749144959 (from 0.0027814187495296457 to 3.8468661325528013e-13)
Optimization improved residual by 0.03599826791799173 (from 0.03599826791860781 to 6.160751384028859e-13)
Optimization did not improve residual (initial: 5.45295234039364e-18, final: 5.45295234039364e-18)
Optimization improved residual by 0.1890852783921017 (from 0.18908527839211306 to 1.1344753208262084e-14)
Optimization improved residual by 0.0027814187494799476 (from 0.0027814187495296436 to 4.969576258727035e-14)
Optimization did not improve residual (initial: 5.822164122651691e-14, final: 5.822164122651691e-14)
Optimization improved residual by 0.014757353416816986 (from 0.014757353417078754 to 2.6176784053968556e-13)
Optimization improved residual by 1.4532473820327421e-11 (from 1.455191863790867e-11 to 1.944481758124898e-14)
Optimization improved residual by 0.050310409188548066 (from 0.05031040918934274 to 7.946736593949083e-13)
Optimization improved residual by 5.035419006794963e-6 (from 5.0354190663405035e-6 to 5.954554021633028e-14)
Optimization improved residual by 0.014757353416816986 (from 0.014757353417078754 to 2.6176784053968556e-13)
Optimization improved residual by 0.012645034598575626 (from 0.012645034599071995 to 4.9636875674635e-13)
Optimization improved residual by 0.0027893884621198414 (from 0.0027893884625334337 to 4.1359240463795886e-13)
Optimization did not improve residual (initial: 2.345808338668938e-14, final: 2.345808338668938e-14)
Optimization improved residual by 0.007693073666598035 (from 0.007693073667440692 to 8.426562854812001e-13)
Optimization improved residual by 4.547045897476952e-12 (from 4.774897751090229e-12 to 2.278518536132773e-13)
Optimization improved residual by 8.189646739564846 (from 8.189646739565694 to 8.466345565423246e-13)
Optimization improved residual by 0.010448017424753176 (from 0.010448017425010071 to 2.5689600492641506e-13)
Optimization improved residual by 5.756002872496117e-18 (from 1.2715491242491608e-17 to 6.959488369995491e-18)
Optimization improved residual by 0.005044809360306598 (from 0.0050448093603105175 to 3.91925841678443e-15)
Optimization did not improve residual (initial: 4.54763245439986e-13, final: 4.54763245439986e-13)
Optimization improved residual by 1.4077557131321057 (from 1.4077557131326837 to 5.780850859283824e-13)
































































































































































































