k14,k21,k12,k13,k31,k41,k01,x2,x1,x3,x4,residual,oracle
0.4779999999994782,0.8949999999999831,0.6919999999999858,0.8179999999988291,0.3000000000025661,0.1879999999977891,0.8349999999999925,0.4769999999999995,0.2609999999999998,0.8640000000095167,0.7929999999928623,8.072766019800938e-14,1.1760096442758173e-11
0.4779981130501458,0.8949999999913909,0.6920000000015668,0.8179960920287961,0.3000093676135567,0.1879920230487864,0.8350000000418283,0.477000001314266,0.2609999887134194,0.8640335305571034,0.7929748541359383,9.942379154122538e-14,4.243059156170616e-05
0.4780004555417922,0.8950000000131796,0.6920000000102325,0.8179984283371232,0.2999955966134949,0.1880026836967985,0.8350000000004217,0.4769970368914353,0.2610129796821452,0.8639939508000568,0.7930030161888904,5.6966408258299896e-11,4.9730582931792084e-05
0.4780026617440118,0.8949999999997045,0.691999999999772,0.8180056225375428,0.2999865027751299,0.1880114603255048,0.8350000000001697,0.4769999898717743,0.2610000710609913,0.8639519742792459,0.7930360074636017,6.854205621117149e-14,6.095917821706631e-05
0.4780072236375095,0.8950000000516063,0.6920000000511032,0.8180152819431862,0.2999633030723151,0.1880311505357677,0.8349999999266904,0.4769999701303603,0.2610002082107089,0.8638695024367118,0.793097838617786,7.388445853542895e-14,0.00016569433918982863
0.4780089663514752,0.8950000002633804,0.6920000006631903,0.818016488137203,0.2999584066648433,0.1880355628788397,0.8350000002034532,0.4770000000457468,0.260999999810096,0.8638510883419607,0.7931116837742431,2.895772123226677e-13,0.00018916424914740536
0.477998257184472,0.8949999999927293,0.6919999999945946,0.8180063751171412,0.3000170534408745,0.1879896894580968,0.835000000000283,0.4770141508644746,0.2609392433390439,0.8640234499865975,0.7929893708088289,1.267353681419128e-09,0.00023278414159432303
0.4780080597108246,0.8950001071275322,0.6920000774339331,0.8180275016280381,0.2999446045496943,0.1880468057446799,0.8350000000981275,0.4770000000099691,0.2610000000094299,0.8638048461494221,0.7931463653876801,1.1724089234703524e-12,0.0002489667270208082
0.4779876618746069,0.8949999999339409,0.6919999998853663,0.8179763130981142,0.3000584841398047,0.1879500445721272,0.8350000000121289,0.4770000000608655,0.2609999989842604,0.864209772368612,0.7928426709406919,7.429541522187023e-13,0.00026572036102559006
0.4780056007165471,0.8950000006336607,0.6920000005106924,0.8179877495169262,0.2999502927094993,0.188031893846997,0.8349999999780471,0.4769791591354281,0.2610951882395106,0.8639199271864287,0.7930483949254312,3.034544797523451e-09,0.00036470589850805306
0.4780192404480096,0.8949999997639193,0.6919999998457004,0.8180427636393713,0.2999021717796921,0.1880833319027254,0.8350000014381151,0.4770000000069014,0.2610000000678923,0.8636448012047212,0.7932663990865714,1.0400608176348628e-12,0.00044325480173077917
0.4780200428689332,0.8950000000841687,0.6920000000732109,0.8180454771091819,0.2998965807893724,0.1880880353284864,0.8350000014381151,0.4769999998374036,0.2610000027900184,0.8636254244915783,0.7932809310604501,8.544800093266658e-13,0.00046827302386378227
0.4780211797263181,0.8949999999945706,0.692000000009559,0.818049161123613,0.2998886107421999,0.188094690215909,0.8350000014381151,0.4769999967892074,0.2610000388377938,0.8635984417063187,0.7933011609682264,6.70110331418522e-13,0.0005036713612180506
0.4780219548784649,0.8950000000607253,0.6920000000565565,0.8180515255221383,0.2998831131245904,0.188099231733596,0.8350000014381151,0.47699998727255,0.2610001276906491,0.8635803931795939,0.7933146807716772,5.81950237962576e-13,0.0005278283701914611
0.4780230407500232,0.8949999999941486,0.6920000000092592,0.8180545465950242,0.2998752989961725,0.1881055935481305,0.8350000014381151,0.4769999467248675,0.2610004503327427,0.8635557392065102,0.7933331144381639,5.357954840278085e-13,0.0005616678092047892
0.4780244460763078,0.8949999999989177,0.6920000000126472,0.818057814188252,0.2998649242142261,0.1881138350945477,0.8350000014381151,0.4769997950230411,0.2610014984133952,0.863525099269183,0.7933559213478689,1.0432298525988659e-12,0.000605505822062285
0.4780265362236125,0.8950001568474569,0.6920001114404853,0.8180703727482355,0.2998479668160695,0.1881290549793109,0.8350000014381151,0.4770000000099691,0.2610000000094299,0.8634550804748573,0.7934086896436036,6.780702371599088e-13,0.000686462655909041
0.4779638928074601,0.894999999998949,0.6919999999991765,0.8179362797926122,0.3001643747953914,0.1878593476150908,0.8350000000050416,0.4770000000000045,0.2609999999999227,0.8645868005500807,0.7925598995874665,1.2176169160059454e-11,0.0007481509835596102
0.4780356902492396,0.895000000495106,0.6920000009759075,0.8180663977059613,0.2998334764727243,0.1881423436412134,0.8349999997474381,0.4770000000055115,0.2610000002559831,0.8634035851587931,0.7934473110606952,5.142610580927263e-12,0.0007571470277308773
0.4778796811474493,0.8949999997034426,0.6919999993494549,0.817782048931747,0.300554262450398,0.1875259847715853,0.8349999999341114,0.4769999999814535,0.2609999999546348,0.8659830095296689,0.7915127428707103,9.171002763419279e-11,0.002521357597950522
0.4781224222391013,0.8949999999647156,0.6920000002012,0.8182164289796162,0.2994422037863562,0.1884773059136005,0.8350000009294146,0.4770000000146382,0.2609999999620853,0.8620093722815897,0.794492970798008,1.2308492775899333e-10,0.002538861242555915
0.4778574003031913,0.8950012206633673,0.6920009088526903,0.8177295494647335,0.3006476323228776,0.1874447542199382,0.8350000596486228,0.4769997731160789,0.261000981042778,0.8664024937234652,0.7911980283067335,9.908901670577788e-11,0.002953435000328738
0.4779553842270425,0.8949999989841784,0.691999999220144,0.8181543996716177,0.3004315065425166,0.1877371962928052,0.8350000000080403,0.4772927010366145,0.2597186273971636,0.8645926131093514,0.7927055650980802,5.58695507319204e-07,0.004909473574085803
0.4776133723340391,0.89499931017693,0.6919991448088957,0.8171669713213007,0.3016877429218711,0.1865067473727871,0.8349999075277411,0.4769721740087658,0.2611661903546138,0.8706065494762114,0.7880198610723563,9.044774683389783e-09,0.007942833123472836
0.4777997710580552,0.8950003953161864,0.6920003408793565,0.8183437660436905,0.3019200440075804,0.1867447940279912,0.8349995766224311,0.4774163018347672,0.2588939761090304,0.8671767773395384,0.7909008185726834,1.4442592283192296e-06,0.008069057053523327
0.4790435645546865,0.8950001568047081,0.6920001398998109,0.8215800574779344,0.292801231739942,0.1940698320195463,0.8350000596486228,0.4770000472300115,0.2610005045555575,0.8389094153203351,0.8118178188121798,2.0880069680280973e-08,0.03228634052950163
0.4778213444822601,0.8949999999747812,0.6919999999816902,0.8186649816810232,0.3017533115243106,0.1869438302978499,0.8349999999997403,0.4790861521825474,0.2523021421681596,0.8665839289793476,0.7920238423893214,2.6243659354669753e-05,0.03332512579249197
0.477491553691484,0.8949994141225874,0.6919994689162233,0.8204956402964998,0.3056118860641841,0.1847510627105415,0.8349992730340229,0.4795021837153567,0.2491763012527847,0.8697160981721987,0.7902104129387009,4.638077506624131e-05,0.04530152776710847
0.4761653762561139,0.8949986693876463,0.691998760398898,0.8164154822109847,0.3121355296359399,0.1788606573592456,0.8349995440331489,0.478337161300025,0.2543040190187421,0.8960035107344634,0.7698912491082834,1.461386874821796e-05,0.04861352468486377
0.4797248684397924,0.8949992400038163,0.6919990921409908,0.8233300589467042,0.2889196197995972,0.1973425158006262,0.8349974305199734,0.4769997191250288,0.2610057363599958,0.8254258803796517,0.8219292212408196,1.6508796700983086e-08,0.049694232982054255
0.4800589072180268,0.8950006741128644,0.6920008613076859,0.8224940037484926,0.288500351341833,0.1975763163278896,0.8350009551671297,0.4768938820772223,0.2616245000579126,0.8251139624155623,0.8220706559575054,1.225179121023025e-07,0.050937852807923435
0.4803615596867843,0.8950007236073838,0.6920013174356389,0.8229121517440563,0.2884072111140737,0.1979037445460502,0.835000835208012,0.4770025507873811,0.2609816796236296,0.8225032329081197,0.8241257286380063,1.0733751963418231e-08,0.052679492266224454
0.4757963565770674,0.8949980657355258,0.6919982433844521,0.8110949423020419,0.3147580340286833,0.1755678624438209,0.8349974305199734,0.4770004322349827,0.2609948428548075,0.91568622870068,0.7542363804220554,7.362657577674694e-08,0.06612839125627187
0.4756625271344176,0.8949991792020789,0.6919994332924526,0.8111753904999527,0.3148340082484562,0.1754849094896227,0.8350000596486228,0.4770001848560971,0.2609958438826667,0.9162566460383176,0.7538084198248228,4.47881552441401e-08,0.06656963037434735
0.4806937306548988,0.8950169112066619,0.6920159105855259,0.8228562067215571,0.2836341872841599,0.2011427968789099,0.8350015929612756,0.4764078630197662,0.2641149210383431,0.8136327277923442,0.8303413330628858,3.082973243866999e-06,0.0699084940367548
0.481791062354275,0.8949997465702081,0.6920008654249516,0.8238434124940901,0.2847111221840888,0.2011582907709994,0.8350088864529461,0.4769999524754074,0.2609999496919029,0.8067905672681924,0.8359070985413212,3.9763312190446463e-07,0.06999090835637975
0.4782551955276343,0.8950025790106283,0.6920019954444139,0.8155850504365858,0.2966701653523589,0.1896844353919198,0.8349999532995982,0.4726679616647522,0.2794334045818883,0.8622628455407609,0.7922135284675587,0.00011692749375972904,0.07062607119497434
0.4734231845824133,0.8949829887884395,0.6919869634492023,0.8107181243231556,0.3189343732669507,0.1717688831102648,0.8349914493860798,0.4770005799515061,0.2609966456201245,0.935014123227296,0.7397398685991298,2.751884951096219e-07,0.08633572813688932
0.482079738323003,0.8950000011237057,0.6920000009168422,0.825780503077927,0.2807284002331874,0.2044887697013115,0.8349999970433442,0.4769999999953374,0.2610000000072696,0.7958065304736608,0.8441451021385803,1.4195334009234175e-07,0.08770622181548668
0.4761808673566156,0.8949941779381634,0.6919952901124096,0.8210512009826961,0.3154369319562272,0.177943457947369,0.8350002404076305,0.4819946601621391,0.2374176417783806,0.8905403356230621,0.7760804833251074,0.00018435079179567726,0.09035386291808205
0.4745583717508342,0.8949979662090842,0.6919985565458585,0.808000525445682,0.3216847119105347,0.169661162431742,0.8350000596486228,0.4769999429621895,0.2609998797914384,0.9412775645590756,0.7350418527397435,1.4516131770827383e-07,0.09754700834179783
0.4735811856419862,0.8949998738244707,0.6919995967843701,0.8093067770934627,0.3216511352009215,0.1696184572582744,0.8349988004544614,0.4770125800782401,0.2609036894198679,0.9418366795045734,0.7346389905336431,1.0628503756408501e-08,0.097774163519817
0.4826555954434336,0.8949999381553814,0.6920010015302789,0.8274735227546455,0.2781618321809689,0.2067107367624326,0.8350088864529461,0.477000149551203,0.2609967104453776,0.7838816536241284,0.8530895799266844,1.9669903235170922e-07,0.09952519554485423
0.4788543126933365,0.8950000020674826,0.6920000015314139,0.8148864660127619,0.2916259338018448,0.193094854266035,0.8349999999888009,0.4695786092997894,0.2925511296794847,0.8523934554796575,0.7981329168682602,0.0003425649522169349,0.1208855543275276
0.4800015820684355,0.8950008258179772,0.692000612219783,0.8185899536843887,0.284948014901437,0.198923319403405,0.83499959780557,0.4858113088983058,0.2293245548522929,0.8322221096517092,0.819643330780999,0.0003781650289695925,0.12136185880347555
0.48215135852017,0.895006141723862,0.6920040806773106,0.8324594456535512,0.2719606094146263,0.2116595083165628,0.8349974305199734,0.4769996363117361,0.2610034964100379,0.7667573574241856,0.8659312695777445,2.041273314042326e-07,0.12584844849235532
0.4800590099929697,0.8949963570141087,0.6919972835785261,0.8386402669300776,0.2679600257243569,0.2145791672311116,0.8350000926755057,0.4770001447009067,0.2610002666288618,0.7586120278066775,0.8720408305722571,4.9796963843383655e-06,0.1413785491016574
0.4841795837169654,0.8950018960448407,0.692002392447858,0.8340756142009614,0.2662587087391362,0.216709127170226,0.8350088864529461,0.4769995801107898,0.2610034570126763,0.7438501153188178,0.8831119963869836,4.492049737333873e-08,0.15270812324588298
0.4842078919004013,0.8949996309223924,0.6920007832667997,0.8341641879360573,0.2660900061916747,0.216852345970762,0.8350088864529461,0.4769999948178783,0.2610028607932562,0.7432633530711338,0.8835520874278794,4.459245609247638e-08,0.15346992537639362
0.5326679511532312,0.8950000000005444,0.6920000000020607,0.7261281385919892,0.2548942528114548,0.2171580375314499,0.8350000000062483,0.4769992899968794,0.2610010362016063,0.8814880913504382,0.7798837013108084,0.0027746113551240068,0.15509594431622292
0.5312361695741455,0.8926272549586636,0.6898969297667809,0.7083148927801141,0.2529149079896519,0.2167842068461441,0.8350909444266165,0.4779474870644263,0.2679554789527811,0.9592376471347448,0.7194282353517748,5.3832191259927406e-05,0.15695030670116036
0.4859502121818347,0.8961960090036741,0.693238225362595,0.8260811925058836,0.2638611233403963,0.2179126326093112,0.8350061862525815,0.4755545466046227,0.2628713678810977,0.7560727603638839,0.874230428106376,1.4042656863892028e-05,0.15910974792186813
0.4844718864243696,0.8950009321185056,0.6920017076583883,0.8353195329613032,0.2639545213206032,0.2186251896031719,0.8350088864529461,0.4769974387532517,0.2610222209760552,0.7363656988218458,0.8887220567044098,3.2806533575789324e-08,0.16289994469772287
0.5340250917205027,0.8950000000103687,0.6919999908000509,0.7120334556273369,0.2506249747994766,0.2148214069709806,0.8349704786996461,0.4769997051858351,0.2610007958407498,0.96066666666643,0.7205000000001777,0.002901612143765719,0.16458341733507797
0.530758053992959,0.894853944929379,0.6918583978527717,0.7076774053239453,0.2506249747994766,0.2148214069709806,0.8349994270680439,0.4769998071107066,0.2610002406261682,0.9606666136805344,0.72049996026042,0.0005773291674136121,0.16458341733507797
0.484654872919689,0.8950014770270736,0.6920020947705935,0.8360731279709738,0.2624632163407236,0.2198493608698242,0.8350088864529461,0.476992046949318,0.2610613223659655,0.731700033510417,0.8922148634398893,2.7930329722267583e-08,0.16941149398842661
0.4847724791060014,0.8950011161748676,0.6920018384151214,0.8368395248150039,0.2616008940714053,0.2206336273377801,0.8350088864529461,0.4770000527299079,0.2610007962254743,0.7281015661763659,0.8949236872824905,1.694578512086916e-08,0.17358312413712823
0.4849096211717492,0.8950007561449169,0.6920015826437932,0.837033118790383,0.2603937697259502,0.2215281259505618,0.8350088864529461,0.4769790605771287,0.2611597916330918,0.7254246043691029,0.8969046666364963,2.8640792227933325e-08,0.17834109548171165
0.5333088494575664,0.8950062884449588,0.6920066857621134,0.711078465943422,0.259046264025632,0.2220396548791092,0.8350000000344677,0.4769465860370508,0.2613127681297594,0.8816338387437537,0.6479995762005839,0.7153589919242206,0.18285047137379082
0.5402487147301547,0.8950003953161864,0.6920009682135885,0.7203316196402061,0.2591503918214438,0.2221289072755236,0.8350000067772615,0.4769999570029785,0.2610002662676476,0.8639934094390842,0.6479950570793479,0.8849561324311752,0.1828561701395361
0.5353463482965973,0.89500796773867,0.6920119340849615,0.7137951310621291,0.2596493157756373,0.2225565563792116,0.8350031441055361,0.4769192151853405,0.2643944091469008,0.960666666666802,0.7204999999999255,0.002293766209703929,0.18381147010218934
0.5307024269474537,0.8949999999007525,0.691999999894121,0.7076032359299383,0.2596666663513599,0.2225714283011745,0.8349999075277412,0.4764034869806974,0.2647763603807066,0.8759969809394611,0.6504815115400775,0.7255322687298561,0.18389057607007708
0.4852981651406676,0.8950010414325397,0.6920017853169154,0.8382758341472288,0.2571125500288722,0.2241191779105435,0.8350088864529461,0.4769203425302466,0.261543761420427,0.7161645218170493,0.9037882848853792,1.0423837330896022e-07,0.19212328675821014
0.4689865791935541,0.8950005327657169,0.6919996441659876,0.8001576140183364,0.3438771725942416,0.1507052334349816,0.8349914493860798,0.4769998603172113,0.2609937405213142,1.0253252062537992,0.6720074271167538,3.267826521444165e-08,0.19837641789903404
0.4833709799459925,0.8949933950064245,0.6919944850220467,0.8452160421448166,0.2538234483505754,0.2267000029408405,0.8349914493860798,0.4770004201055386,0.2610008072538603,0.7081528551858225,0.9098851573314544,2.758977620636157e-06,0.20585107947255585
0.4686286346348414,0.8950050137426869,0.692002882998265,0.799408667681886,0.3457108143601737,0.1491482047724325,0.8349914493860798,0.4769990595897415,0.2609981529535773,1.0321694766007508,0.6668736389395846,2.5851360414069856e-08,0.20665848525301855
0.4710586632400693,0.893928123977557,0.6912251690542612,0.7964022578549663,0.3471276157965096,0.148142698191363,0.8350000926755057,0.4769997941502583,0.2610007958407498,1.0336045604380946,0.6657965001922498,1.8217904314087207e-06,0.2120069245140266
0.5300624758514818,0.894998993201819,0.6919992708925692,0.7067499678019762,0.2662216812443361,0.2281900124951444,0.8350000000062483,0.4769733751016068,0.2619574927241958,0.9606666841060272,0.72050001307953,0.03207480139318838,0.21377666220821487
0.4669116587420615,0.8949991652013521,0.691997776715143,0.80029272326523,0.3474245245604017,0.1474832816911128,0.834998064325652,0.4769993876728927,0.2610037291717287,1.0381583432286343,0.662380540619942,3.264882619871035e-07,0.21551445908982553
0.4804034415782363,0.8949961537030425,0.691996979558137,0.6405379221043097,0.2363607933040666,0.2025949656892234,0.8350002404076305,0.4769791591335123,0.2610951882469166,0.8639605224085078,0.6479703918065244,0.8394554488966146,0.21694630549595384
0.4677277060229222,0.8949965200400051,0.6919960092463547,0.7994811357097533,0.3489228252380397,0.1466697496489508,0.8349985886868663,0.4770907775889526,0.2603888031398014,1.0400786599805858,0.6610405593020453,1.3461111815210736e-07,0.21984175718643192
0.5317870365446988,0.8950000000775181,0.6920000000586017,0.7090493820596,0.269179704829014,0.2307254612820119,0.834999999747438,0.4769990595897417,0.2610010362016063,0.9606671642600983,0.7205003731950739,0.039405385559722325,0.22726309192559524
0.5306509370380463,0.8949998738244707,0.6919995967843701,0.7075345827173951,0.2695457212001879,0.2310391896001606,0.8349998224422444,0.4769999898717742,0.261000071060992,0.9028943268919096,0.6771707451689357,0.3299049612471625,0.2289318595753223
0.4689087521886563,0.8950062884449588,0.6920066857621134,0.806622259901761,0.3563701419978577,0.1444725469540849,0.8349998635581032,0.4803471658718206,0.2428215372213546,1.0252612300280513,0.6746426778714734,0.00010571000601832373,0.2315290055633782
0.4688668281535629,0.8949929482677788,0.6919925737042308,0.8066307675942015,0.3564790020885987,0.1443849908910891,0.8349978093474274,0.4803587130569836,0.2428228650838053,1.0255082370900976,0.6744510215991932,0.00010562588983309965,0.2319947293027175
0.4659477907156529,0.8949953499040393,0.6919965556434355,0.7983355677396412,0.3511187122637672,0.1443364614584617,0.8350000926755057,0.4770001059154975,0.2609998167081008,1.0560653435790492,0.6489509874696094,5.428251505580175e-07,0.23225286458265046
0.4877501160554955,0.8949997271423148,0.6919998752829737,0.8422359164666624,0.24823172888527,0.2321253248458973,0.8350013158959156,0.4769982684779546,0.261020814021321,0.6828574870400967,0.9288528529005812,1.4144335685571998e-07,0.23470917471221964
0.4860854040080419,0.8949999292221447,0.6919999474444016,0.8457638994000688,0.2475707397190611,0.2322412977205237,0.8349994270680438,0.4769986296701762,0.2610267530747939,0.6838600248905515,0.928099083504602,2.1200424135177117e-07,0.23532605170491336
0.4659675748060732,0.8950161144125536,0.6920208437004673,0.7968303889467524,0.3563116228555167,0.1404083899047157,0.8350002761291011,0.4770966222613538,0.2602924173416466,1.0678898674280402,0.6402022323687881,1.6866057892409572e-07,0.253146862208959
0.4781278255347132,0.8950000000131796,0.6920000000102327,0.6375037673796697,0.2203174861353522,0.1888435595443591,0.8350000000004216,0.4769992899968794,0.2610010362016063,1.0571390541923518,0.7928542906434852,1.049811456461133,0.26560837954882593
0.5751530277764755,0.8949954755741656,0.6919879802777912,0.7668707037019645,0.2801246617624234,0.2401068529392244,0.8349951678927303,0.4744850648553519,0.2911407577057551,0.955287981215318,0.7174909836312556,0.02065127600229527,0.2771641113788532
0.6115170138773011,0.8948671264386729,0.6917060647816434,0.8153560185030416,0.2771571119797181,0.2375632388397702,0.8349942493867656,0.4743560113045126,0.2983151604914617,0.9571020763350512,0.718841928185743,0.21680625430513847,0.27932429681443743
0.5328495917492416,0.8950000000001688,0.6920000000024318,0.7104661223323221,0.2823809205772842,0.2420407890662436,0.8349994270680439,0.4769992899968794,0.2610034964100379,0.9606669740130628,0.7205002305098046,0.1207520159532462,0.2874510056715085
0.5352374082730693,0.8949724057107669,0.6919356997589972,0.7136498776974229,0.2836223527284039,0.2431048737672428,0.8349963041561972,0.4769989728946537,0.2610010362016063,0.9606666666669544,0.7205000000002155,0.11489259317498814,0.29311103067682337
0.6171421550411675,0.8950169112066619,0.6920159105855259,0.6409249742065315,0.2346665963587277,0.2431150176721374,0.8350015929612756,0.4764078630194953,0.2641149210393894,1.1071217774171171,0.6102245458442019,3.0829732410056702e-06,0.29316498761775206
0.6178825593705674,0.8949997465702081,0.6920008654249516,0.6423880831390334,0.2346846725661656,0.2440381047292192,0.8350088864529461,0.4769999524754075,0.260999949691903,1.1145427980550944,0.605092925451145,3.9763324895590805e-07,0.2980750251554212
0.6139424652632834,0.8950008258179772,0.692000612219783,0.6400021094245858,0.2320772059706657,0.2442411556297723,0.8349995978055701,0.4858113089413076,0.2293245546864174,1.092857774384219,0.6241665822481267,0.00037816503283572104,0.2991550831370867
0.5320883851466153,0.895003188199165,0.6920046010889497,0.709451180195487,0.2853999646000514,0.2446285410857584,0.8349999999991088,0.4769992899968794,0.2610010362016063,0.7734055084590854,0.5800541313443139,3.276820558752819,0.301215644073183
0.619335377308412,0.8950000011237056,0.6920000009168421,0.6427729844306401,0.2385702313180872,0.2406243430571118,0.8349999970433447,0.4769999999953374,0.2610000000072699,1.1255268028510592,0.5968548978555313,1.4195327362243045e-07,0.3026930588553926
0.6171841138080423,0.8950007236073838,0.6920013174356389,0.640482079582379,0.2308877019703919,0.2472061809549203,0.835000835208012,0.4770025507873788,0.2609816796236391,1.098834304850674,0.6168774246810892,1.073373622106158e-08,0.31492649444106546
0.6168705028113693,0.8950006741128644,0.6920008613076859,0.6400785429573692,0.2305057023825378,0.2472860154358569,0.8350009551671297,0.4768938820771922,0.2616245000580193,1.0960942079433356,0.618835471811666,1.2251790985425385e-07,0.3153511459354091
0.620605142065984,0.8949999381553814,0.6920010015302789,0.6435407939245782,0.241162526222838,0.2384244275836876,0.8350088864529461,0.4770001495512029,0.2609967104453776,1.1374527732355786,0.5879112402180963,1.9669912719842971e-07,0.3164962653189567
0.6174975442100281,0.8949992400038163,0.6919990921409908,0.6396331579197233,0.2302329351007306,0.2476453883996547,0.8349974305199734,0.4769997191250287,0.2610057363599963,1.0959056283210924,0.6190694102847388,1.6508774189909806e-08,0.3172627042534824
0.604014132931951,0.8950009629432029,0.6920008673845505,0.6437350432532253,0.2533510437866468,0.2184807881241502,0.8350007316777818,0.4585791422831808,0.344513465623703,1.1106398837897882,0.5978686411337684,0.0023447698178615355,0.31997496407549036
0.4828012824399255,0.8950009629432029,0.6920008673845504,0.8053521772425966,0.2548942528114548,0.2171580375314499,0.8350007316777818,0.458579142278963,0.3445134656398372,0.7971581881771586,0.8329799128416541,0.002344769818795535,0.31997496413730725
0.5327518149689494,0.8949999999858232,0.6919999999687464,0.7119572638399415,0.2999584066648433,0.2493082613559373,0.8349999999990629,0.4753123955685842,0.2726132160239284,0.8639945838209054,0.7930040621335985,0.24704578912326478,0.3261077731698793
0.5286952344274127,0.8949999999477556,0.6919999999763008,0.7066390354234062,0.2998932302136377,0.2493082613559373,0.8349999999990629,0.4752617419156599,0.2729426494551198,0.8640014425711955,0.7929989180788832,0.2878901930559981,0.3261077731698793
0.611164849508901,0.8950000020674826,0.6920000015314139,0.6384724169247826,0.2252773299787954,0.2499650861137663,0.8349999999888009,0.4695786101515331,0.2925511263951493,1.064177222676283,0.6392950917975235,0.00034256487943749,0.32960152188173564
0.5283574867812846,0.8950003614559152,0.6920007913774506,0.7044766490417128,0.2853440889915264,0.2445806477070226,0.8349972869768187,0.4769935720886422,0.2610731643861543,0.7041410457045998,0.5281057842784495,6.102229197382905,0.3340406251217536
0.6161850431084508,0.8950001568047081,0.6920001398998109,0.6387247527395821,0.2264148040228041,0.2509724843485217,0.8350000596486228,0.4770000472300114,0.2610005045555572,1.08242375841624,0.6291820614902516,2.0880044218338094e-08,0.3349600231304346
0.6243445842401635,0.895006141723862,0.6920040806773106,0.6428684780268934,0.2469360930359899,0.2331090937839654,0.8349974305199734,0.4769996363117362,0.2610034964100379,1.1545750261036594,0.5750680180681391,2.0412724967038006e-07,0.33631368761997615
0.5269754883523149,0.894999999999731,0.6920000000021689,0.7026339844697531,0.2941360676641499,0.2521166294264142,0.8349999286693757,0.4769992899968794,0.2610010362016063,0.8430141660886513,0.6322606245664886,1.4220126323551603,0.3410459012043309
0.5272904977225018,0.8950007236073838,0.6920013174356389,0.7030539969633357,0.2942036019444058,0.2521745159522752,0.8349999999996118,0.4769999999909344,0.2610000000671103,0.8640167525620206,0.6480125644213026,1.0274439274711111,0.3413538082567829
0.6289802001975583,0.8949963570141087,0.6919972835785261,0.6400786799906265,0.2503423617696307,0.2296800220494484,0.8350000926755057,0.4770001447009066,0.2610002666288618,1.1627211074296775,0.5689590208550068,4.979695970338214e-06,0.3457420224880527
0.6195608943794143,0.8961960090036741,0.693238225362595,0.6479336162424474,0.2542314047108676,0.2261666771489072,0.8350061862525815,0.4755545466045618,0.2628713678813396,1.1656405708085011,0.5670545702728882,1.4042656289992002e-05,0.34912103102835784
0.6116887878273406,0.8950025790106283,0.6920019954444139,0.637673594036904,0.2212985079575385,0.2542887131588125,0.8349999532995981,0.4726679618045569,0.2794334040422358,1.0562847046533448,0.6466971341868889,0.00011692748677525011,0.35259953807878996
0.4602861682887005,0.8950015161450038,0.6920010125774995,0.7878776258598286,0.3782536103860966,0.1214376302493361,0.8350000926755057,0.4770000770276656,0.2609938418557646,1.1575346266792967,0.5728505067189388,1.1253355166225706e-07,0.35405515824821227
0.4599885024934836,0.8950008191394212,0.6920005087846796,0.7873586904557298,0.379592786145613,0.1203005747746111,0.8350000926755057,0.4769999484081197,0.2609963612835438,1.1627150059274132,0.5689646792433595,9.7504164628377e-08,0.36010332566696224
0.625556710650721,0.8950018960448407,0.692002392447858,0.6455727782892872,0.2528273150319303,0.228221750347831,0.8350088864529461,0.47699958011079,0.2610034570126764,1.1774826618493115,0.5578875864891133,4.492054619050442e-08,0.3628271549181846
0.625623140952043,0.8949996309223924,0.6920007832667997,0.6456105225338685,0.2529944036325557,0.2280771481642926,0.8350088864529461,0.4769999948178779,0.2610028607932573,1.1780694499038384,0.5574475148033503,4.459250466684661e-08,0.3635063077590723
0.6136623217347428,0.8949999999647158,0.6920000002012003,0.6374965629855018,0.2198901902326453,0.2566647461024956,0.835000000929414,0.4770000000146382,0.2609999999620852,1.059323961064402,0.646507029210899,1.2308312732940496e-10,0.36523801118348737
0.5363107027631546,0.8949987470806833,0.6919977129438077,0.715080937017539,0.2997268404270955,0.2569087203660171,0.8349957270396695,0.4767186125792844,0.2673027208286765,0.9606666666667658,0.7204999999999699,0.26799096692388646,0.36653574662775046
0.6135497982794429,0.8950000004951061,0.6920000009759079,0.637380920332293,0.219499400914657,0.2570001226909856,0.834999999747438,0.4770000000055114,0.2610000002559832,1.0579297480805934,0.6475526888693454,5.1422958357696695e-12,0.3670219292073702
0.6135527795611758,0.8950001568474569,0.6920001114404853,0.6373687149648164,0.2194838974758609,0.2570125429852041,0.8350000014381151,0.4770000000099691,0.2610000000094299,1.0578782528581316,0.6475913103561479,6.780486171856137e-13,0.3670879946021494
0.613543360641189,0.8949999999989177,0.6920000000126472,0.6373659281017438,0.219466140943639,0.2570270778979081,0.8350000014381151,0.4769997950230463,0.2610014984133782,1.0578078951304928,0.647643824451888,1.0433781981031237e-12,0.3671653079675961
0.6135409099462682,0.8949999999941486,0.6920000000092592,0.6373640543333643,0.2194565258061522,0.2570359705681478,0.8350000014381151,0.4769999467248709,0.2610004503327302,1.0577774859175528,0.6476668044048832,5.359588304794695e-13,0.3672126094050415
0.6135386441416038,0.8950000000607253,0.6920000000565565,0.6373626065046198,0.2194491036891954,0.2570426683925061,0.8350000014381151,0.47699998727255,0.2610001276906488,1.05775290769557,0.6476852948846958,5.821284882678831e-13,0.3672482361303517
0.6135368708427098,0.8949999999945706,0.692000000009559,0.6373615729684241,0.2194438052518939,0.2570473806361714,0.8350000014381151,0.4769999967892073,0.2610000388377942,1.0577348812909688,0.6476988312797394,6.703014309448234e-13,0.36727330125623076
0.6135341078318864,0.8950000000841687,0.6920000000732109,0.6373600571585777,0.2194360412165674,0.2570542121051763,0.8350000014381151,0.4769999998374034,0.2610000027900185,1.0577079080805998,0.6477190683686838,8.546938427598528e-13,0.3673096388573208
0.6135320727295285,0.8949999997639193,0.6919999998457004,0.6373589872640127,0.219430553886513,0.2570590043825932,0.8350000014381151,0.4770000000069013,0.2610000000678926,1.0576885321154286,0.6477336009035407,1.0402941458946727e-12,0.36733512969464477
0.5275948121112963,0.8950000000309144,0.692000000029617,0.7034597494817283,0.2999343709804988,0.2570866036975533,0.8349990320962756,0.4769960302700572,0.2610325257688463,0.863764412421391,0.6478233093159902,1.083828793738486,0.36748193456145384
0.5279708079264582,0.8949999506022619,0.6920000000001939,0.7039610772352776,0.2999443865770081,0.2570951884945724,0.8349997494448623,0.4769992899968794,0.2610010362016063,0.8640010400069764,0.6480792262992982,1.076493505432884,0.3675275983753852
0.6135206262210277,0.8950001071275322,0.6920000774339331,0.6373440796144325,0.2193879400354577,0.2570953753283113,0.8350000000981275,0.4770000000099691,0.2610000000094299,1.0575284871835655,0.6478536346120725,1.1722737471797836e-12,0.3675285921718685
0.5332553950828388,0.8950000000009973,0.6920000000020607,0.7110071934437846,0.2999487847338505,0.2570989583433004,0.8350000000062483,0.4769998603172112,0.2610000006503002,0.9606672695690408,0.7205004521767805,0.30289306872655997,0.36754765076223606
0.6134908121376967,0.8950000006336607,0.6920000005106924,0.637340800955394,0.2193705428214865,0.2571002508938679,0.8349999999780469,0.4769791591315964,0.2610951882543225,1.0573978598997542,0.6479399453889578,3.0345458375276003e-09,0.36755452603121225
0.6135114614573897,0.8950000000516063,0.6920000000511032,0.6373429648500127,0.2193696756250623,0.2571114026334129,0.8349999999266904,0.4769999701303583,0.2610002082107177,1.0574637848237145,0.6479021268275329,7.393159539313505e-14,0.3676138437947496
0.6135042169031568,0.8949999999997045,0.6919999999997721,0.6373368823253487,0.2193467037130878,0.2571312880929694,0.8350000000001699,0.4769999898717741,0.2610000710609927,1.0573813432847985,0.6479639807094373,6.860200727365787e-14,0.3677196175157948
0.5304945024166663,0.8950000000011035,0.6920000000026776,0.7073260032222217,0.299992717775383,0.2571366152360291,0.8349999998668991,0.4769992899968794,0.2610010362016063,0.8639738690863576,0.6479804018147264,1.060798148099504,0.3677479533831335
0.613498821252759,0.8950000000131796,0.6920000000102327,0.6373339407224353,0.2193364643131659,0.257139082811287,0.8350000000004216,0.4769970367715911,0.2610129801455897,1.0573373548938574,0.6479954630722395,5.697065059944592e-11,0.3677610787834415
0.6134999999995434,0.8949999999999827,0.6919999999999854,0.6373333333329525,0.2193333333320102,0.2571428571439704,0.8349999999999917,0.477,0.261,1.057333333328361,0.6480000000037299,8.079541698945512e-14,0.36778115502111913
0.6134970690215936,0.8949999999913909,0.6920000000015669,0.6373308174001914,0.21932402689024,0.257150886525915,0.8350000000418283,0.4770000013142666,0.2609999887134211,1.0572998055145448,0.6480251479178569,9.949908159955402e-14,0.36782386449954785
0.613504781335373,0.8949999999927292,0.6919999999945945,0.637331009580511,0.2193213043740649,0.2571574743702618,0.8350000000002831,0.4770141510998046,0.2609392424323759,1.057319161136564,0.648017587536438,1.2673923792586517e-09,0.3678589062247969
0.5300679853576835,0.8949999012705828,0.6919999998853663,0.7067573138102448,0.3000293232758105,0.2571679913792626,0.835000000000384,0.4769992899968794,0.2610010362016063,0.960666666811424,0.7205000001085831,0.3397587215000856,0.36791484776203515
0.6134822348235843,0.8949999999339409,0.6919999998853663,0.637316882499474,0.2192750520008095,0.2571929864055517,0.8350000000121285,0.4770000000608649,0.2609999989842619,1.0571235612542358,0.6481573292764741,7.431245694265729e-13,0.3680478000295304
0.613452209844478,0.894999999998949,0.6919999999991763,0.6372851904099663,0.219169238884338,0.2572837498245651,0.8350000000050423,0.4770000000000045,0.2609999999999225,1.0567465327835233,0.6484401004123845,1.2176785797087351e-11,0.36853058417321855
0.5347316648638376,0.8950042965786793,0.6920094062786699,0.7129755531517834,0.30027627762415,0.257379666534945,0.8350002303911772,0.4736484426145647,0.3180615653585341,0.9606666666788092,0.7205000000088552,0.29518967409516644,0.36904077944119673
0.6136157997538912,0.8949999989841785,0.6919999992201441,0.6372738456359545,0.2190267290077507,0.2575127198942066,0.8350000000080402,0.4772927011688271,0.2597186268856992,1.0569407534908464,0.6484444598630857,5.586959639699454e-07,0.369748510075567
0.6133365366988369,0.8949999997034427,0.6919999993494551,0.6371729081966273,0.2187803155669443,0.257617939243117,0.8349999999341111,0.4769999999814536,0.2609999999546345,1.0553503238279494,0.6494872571470001,9.171161586583564e-11,0.3703081874633882
0.6132971620985501,0.8950012206633673,0.6920009088526903,0.637143200404255,0.2186855465899279,0.2576979705624665,0.8350000596486228,0.4769997731160786,0.2610009810427786,1.054930704408978,0.6498018702925991,9.90870645645804e-11,0.37073388597056656
0.6264896497209774,0.8950009321185056,0.6920017076583883,0.6459625152324929,0.2550627212037006,0.226246732560517,0.8350088864529461,0.4769974387532517,0.2610222209760556,1.1849627422725455,0.552274274116384,3.280657530404697e-08,0.37148465540803877
0.6128752284909719,0.89499931017693,0.6919991448088957,0.6368178297787157,0.2175912052682399,0.2585894939330425,0.8349999075277412,0.4769721740087588,0.2611661903546398,1.050693148096432,0.6529549121071888,9.04477732332176e-09,0.3754760315587366
0.6139987362616602,0.8949999999747812,0.6919999999816902,0.6370951259759214,0.2181011353452945,0.2586456955949501,0.8349999999997401,0.4790861639156549,0.2523020967822356,1.056031792285104,0.6499379494461879,2.6243937794610934e-05,0.3757749765688835
0.6137578245327678,0.8950003953161864,0.6920003408793565,0.6370663614107404,0.2178689263659898,0.2587886091493546,0.8349995766224311,0.4774163018343962,0.2588939761104686,1.0545344247635,0.6503825830045672,1.4442592259239254e-06,0.37653515504975843
0.6270548459782304,0.8950014770270736,0.6920020947705935,0.646206497226252,0.2564909210147949,0.2249684711491917,0.8350088864529461,0.4769920469493184,0.2610613223659638,1.1896198179198532,0.5487750251328132,2.793036754870236e-08,0.37687478925908935
0.627629643611253,0.8950011161748676,0.6920018384151214,0.6463633054746686,0.2574058985607435,0.2242293377754902,0.8350088864529461,0.4770000527299079,0.2610007962254746,1.19323158304332,0.5460761746322743,1.6945812752660564e-08,0.3810550729668056
0.5082925054771815,0.8949987324459712,0.6919986779031405,0.6777233406362418,0.3031016507156618,0.2598014148991341,0.834991845505238,0.4765736355329183,0.2704235519893108,0.9596278976808396,0.7197282323745726,0.7080790604030338,0.38192241967624524
0.6277748390927873,0.8950007561449169,0.6920015826437932,0.6465461615623322,0.2584494802756554,0.2231946597651001,0.8350088864529461,0.476979060577127,0.2611597916331011,1.1958728888486612,0.5440684532768267,2.864082561760303e-08,0.3841121398711356
0.4628735425299148,0.8949778751463974,0.6919836497054102,0.7825343864254457,0.3862357283078766,0.1150971399577364,0.8349974305199734,0.4770001369069253,0.2609982868837217,1.179574206608568,0.556319672440648,2.6478039532202812e-06,0.3877811704375723
0.6153717302223722,0.8949994141225874,0.6919994689162233,0.6366554049219753,0.2155429064956177,0.2619530451978853,0.8349992730340227,0.4795021837178054,0.2491763012433154,1.053613883918723,0.6522870736297526,4.638077514269562e-05,0.3933672616908793
0.6287068756104216,0.8950010414325397,0.6920017853169154,0.6470642201875568,0.2614723742289674,0.2203821857390333,0.8350088864529461,0.4769203425302489,0.2615437614204191,1.2050510465138389,0.5371233913627876,1.0423840129138302e-07,0.3947350075391654
0.4631162547794194,0.8950000865312346,0.6920000611467969,0.781489006704439,0.3892155970252709,0.1128218312774058,0.8349994270680438,0.4770007320092131,0.2609795139942665,1.186428283755184,0.5511834904931022,3.1233269582769933e-06,0.39988387618401167
0.6339120316086131,0.8949933950064245,0.6919944850220467,0.6444946399279904,0.2644833367643153,0.2175629557290634,0.8349914493860798,0.4770004201055386,0.2610008072538601,1.213180209775277,0.5311146413893632,2.7589772986950403e-06,0.4041437613139781
0.4954530911692766,0.8949999804628215,0.6919999908000508,0.8617368543715747,0.2092138681229982,0.2656802135579731,0.8350000438556148,0.4770000000099691,0.2610000000094299,0.5536510826557757,1.0257616880079148,3.6962715782081246e-06,0.4131926253083676
0.6123116116582393,0.8949986693876463,0.691998760398898,0.6348871683414857,0.2086707669191219,0.2675447396879468,0.834999544033149,0.478337161301769,0.2543040190120029,1.0265216654780631,0.6720026330512561,1.4613868779007692e-05,0.4231103174890786
0.6343229245500516,0.8949999292221447,0.6919999474444016,0.6481138720107226,0.2709481806739444,0.2122034911877667,0.8349994270680438,0.4769986296701758,0.2610267530747934,1.2374654446728028,0.512895018667914,2.1200415319557342e-07,0.4322516720750033
0.6316769373499967,0.8949997271423148,0.6919998752829737,0.6503334880739939,0.2708128789868803,0.2127700533302314,0.8350013158959156,0.4769982684779532,0.2610208140213275,1.238470470534108,0.5121431152800722,1.4144329393071764e-07,0.433414896451514
0.6083212067265314,0.8949980657355258,0.6919982433844521,0.6343951421027566,0.2048291728511243,0.2697926005960143,0.8349974305199734,0.4770004322349825,0.2609948428548079,1.0056485072294077,0.6867646715255099,7.362662267399336e-08,0.4350670244468845
0.6083815428749645,0.8949991792020789,0.6919994332924526,0.6342167028458902,0.2047323944045598,0.2698577213558196,0.8350000596486228,0.477000184856097,0.2609958438826669,1.005077893099764,0.6871924845287382,4.478819092402671e-08,0.4354134114671255
0.6157884007370221,0.8949941779381634,0.6919952901124096,0.6349078231421541,0.2076007009385972,0.2703745131053376,0.8350002404076305,0.4819946601590348,0.2374176417904247,1.0347739777661975,0.6679052517165472,0.0001843507916023526,0.4381623037517958
0.6080385932423658,0.8949829887884395,0.6919869634492023,0.6312309127765504,0.2003970302953063,0.2733723199431029,0.8349914493860798,0.4770005799515061,0.2609966456201247,0.9863198247988298,0.7012605924204794,2.7518840001990425e-07,0.4541080848037388
0.606980082820097,0.8949998738244707,0.6919995967843701,0.6314415808559816,0.1978882001346534,0.2757009730293612,0.8349988004544614,0.4770125800782578,0.260903689419803,0.9795186540448596,0.706377509628434,1.0628514113228237e-08,0.4664945373902191
0.6060003940842603,0.8949979662090842,0.6919985565458585,0.6327444956677784,0.1979380228370287,0.2757297530661757,0.8350000596486228,0.4769999429621895,0.2609998797914383,0.9800558036529786,0.7059581734193165,1.451613783867238e-07,0.46664762269242394
0.4962656086651328,0.8949835087284875,0.6919757693358864,0.8760656557073504,0.1960955320482653,0.2764887973786898,0.8349992311529033,0.4770197153050333,0.2609350882950514,0.5091963674631893,1.0591077449560211,3.4678956219677666e-07,0.4706850924398394
0.4607074882642343,0.8949885692572408,0.6919917502896437,0.7729717100875266,0.4119392243878947,0.0939568591559875,0.8350006748002633,0.4770025126525439,0.2609599032423585,1.2662020388814004,0.4913572385155046,8.634507572327605e-06,0.5002294725745345
0.4945399169466304,0.8950000714449702,0.692000050242504,0.9019066734265044,0.1809966890669905,0.2881701729420242,0.8349994270680438,0.4769999027047112,0.2610052772889598,0.4672177425161126,1.0905853994560186,4.169588363612987e-06,0.5328200688405541
0.6001182105137524,0.8950005327657169,0.6919996441659876,0.6253154389247388,0.1758227723408119,0.2947518622236357,0.8349914493860798,0.4769998603172112,0.2609937405213137,0.8960099028223387,0.7689939046903493,3.267823240849357e-08,0.5678290543810409
0.5995565007614145,0.8950050137426869,0.692002882998265,0.6248381795131219,0.1740062389011712,0.2963235551658632,0.8349914493860798,0.4769990595897419,0.2609981529535773,0.8891648519194459,0.7741271074505631,2.585133216781983e-08,0.5761891232226765
0.5973016933912226,0.893928123977557,0.6912251690542612,0.6280782176534241,0.1728331478899167,0.2975379563970142,0.8350000926755057,0.4769997941502583,0.2610007958407498,0.887728666922974,0.7752034203285901,1.82179048557458e-06,0.5826487042394372
0.6463026407786946,0.8949999804628219,0.691999990800051,0.6606041215590465,0.30996024915101,0.1793261726768204,0.835000043855613,0.4770000000099691,0.2610000000094299,1.3676822506773445,0.4152383119917383,3.6962711198322374e-06,0.5829655679135932
0.6002195424489271,0.8949991652013521,0.691997776715143,0.6225488783227547,0.1720638286396488,0.2977924496231867,0.8349980643256522,0.4769993876728928,0.2610037291717272,0.8831740541599875,0.7786187574214276,3.264883378406205e-07,0.5840023916126951
0.4965618443904916,0.895003079346615,0.6920022265714627,0.9122643887096556,0.1677826135126582,0.2988351835820166,0.8350000373430017,0.476991512851735,0.2611503195335458,0.4302994575978221,1.118242907154589,2.1565217622245446e-06,0.5895488488405138
0.5996108517823141,0.8949965200400051,0.6919960092463547,0.6236369413638951,0.1711147079237723,0.2990767073468943,0.834998588686866,0.4770907775889368,0.2603888031398584,0.8813874124027108,0.780058994985446,1.346111330774212e-07,0.5908335497175228
0.5987516758047309,0.8949953499040393,0.6919965556434355,0.6212637209542039,0.1683925383682053,0.3009588962260862,0.8350000926755057,0.4770001059154975,0.2609998167081008,0.8652679832928124,0.7920490076842871,5.428250236956533e-07,0.6008451926919478
0.4974251623272283,0.8950039702999386,0.6920028821030536,0.9164364858312054,0.1642300078167209,0.3020521037671931,0.8350006748002633,0.4769937619046574,0.2611037902672724,0.4169740453397769,1.1282469923502043,1.8122906703230307e-06,0.6066601264212399
0.5976227917100648,0.8950161144125536,0.6920208437004673,0.6212900997414317,0.1638097882221701,0.3054099624475842,0.8350002761291013,0.4770966222613577,0.2602924173416273,0.8536029764917259,0.8009174005710263,1.6866058216945693e-07,0.6245210768488523
0.6049666949263217,0.8950062884449588,0.6920066857621134,0.6252116695848762,0.1685513047797695,0.3054601217124462,0.8349998635581033,0.4803471658717334,0.2428215372216884,0.8995235704952979,0.7689459225210049,0.00010571000600246962,0.6247878814491818
0.6049730756956473,0.8949929482677788,0.691992573704231,0.6251557708714129,0.1684491560395905,0.3055534303616677,0.8349978093474273,0.4803587130569574,0.2428228650839069,0.8992680287988687,0.769131177817605,0.00010562588982443311,0.625284204051424
0.6570492417805174,0.8949835087284875,0.6919757693358863,0.6616874782201788,0.3225702636084794,0.1680818846127919,0.8349992311529032,0.4770197153050269,0.2609350882950763,1.4121436599413848,0.3818972755973714,3.4678945931395477e-07,0.6344255323395658
0.793886542535307,0.8950001993195852,0.6920021033566952,1.0585153900470707,0.289583598289431,0.2482145128195084,0.8349973909395597,0.4747191800670757,0.3008873616017113,0.9561554228380508,0.7168751503958213,2.6298188253875576,0.6608505073960398
0.6764300050698813,0.8950000714449702,0.692000050242504,0.6593865559288412,0.3361985350990318,0.1551400192002744,0.8349994270680439,0.4769999027047112,0.2610052772889597,1.4541138659413702,0.3504133068870758,4.169587895927793e-06,0.6830021596543636
0.5054063058921091,0.8950022483327617,0.6920064794956643,0.9144619077431086,0.1471803668667732,0.3185937116823718,0.8350041660884698,0.4770006247617032,0.2609972024113809,0.3566743033164029,1.1734947798922366,7.667267136597976e-06,0.6946474025658076
0.4457166074550073,0.8949947830172419,0.691996230017051,0.7575013018630343,0.4606817260479162,0.0526503550660186,0.8350000373430017,0.4769999834386183,0.2609871079463415,1.4668034563367822,0.3409010478500803,1.3576959835664342e-05,0.7199449198616031
0.5909082193948714,0.8950015161450038,0.6920010125774995,0.6137148910516007,0.1416772352908922,0.3242173803309399,0.8350000926755057,0.4770000770276653,0.2609938418557649,0.7638006756252519,0.8681509700094727,1.1253349366639083e-07,0.7245605336752121
0.6841982915322417,0.895003079346615,0.6920022265714627,0.6620824591873222,0.3486410475123527,0.1438136687251356,0.8350000373430017,0.4769915128517351,0.2611503195335455,1.4909905428727857,0.3227245931983665,2.1565213984428995e-06,0.7256834986953538
0.5905190178417974,0.8950008191394212,0.6920005087846796,0.6133180033246448,0.1403506705703797,0.3253652452676683,0.8350000926755057,0.4769999484081198,0.2609963612835439,0.7586195723244793,0.87203625444556,9.750411085584701e-08,0.7306661982322782
0.687327364373404,0.8950039702999386,0.6920028821030536,0.6632335497696377,0.3523941210617253,0.1407685781286179,0.8350006748002633,0.4769937619046571,0.2611037902672737,1.5043293231336048,0.3127305340048326,1.8122903425340163e-06,0.7411219017750056
0.5869007898190819,0.8949778751463974,0.6919836497054102,0.6171647233732172,0.1342799966173502,0.3310591956924734,0.8349974305199734,0.4770001369069254,0.2609982868837218,0.7417595632541626,0.8846806549564519,2.6478041860685983e-06,0.7609531685769861
0.4208604475483717,0.8949949537699758,0.6919924838370329,0.7595980103778495,0.4690684350103229,0.0446068993492223,0.8349983101501832,0.4770727814119957,0.2604211127392979,1.5281766575801607,0.2949695555554488,7.988752627390802e-07,0.7687229833103713
0.4209069204907472,0.8950055135537023,0.6920083778118045,0.7595778147824512,0.4690222563329494,0.0446421840578623,0.8349998573391397,0.4770699509445262,0.2604211086780195,1.5281948316176197,0.2949573881846973,7.051729195174548e-07,0.7687440180759487
0.5861167550283293,0.8950000865312346,0.6920000611467969,0.6174883397058926,0.1316254698236401,0.3336133688788036,0.8349994270680438,0.4770007320092129,0.2609795139942666,0.7349113206574694,0.889821212816388,3.123327222863186e-06,0.7745391961638489
0.4086086293984118,0.8950013473893766,0.6920025582904482,0.7584515573642501,0.4755307013052324,0.0382407491810771,0.8349991930216267,0.4770003042337107,0.2609938753649499,1.5634536040234783,0.2684110797862047,7.588181244667639e-06,0.8095527824345814
0.6858464308073327,0.895002248332762,0.692006479495665,0.6738750745228145,0.3716926636294417,0.126154600171513,0.8350041660884701,0.4770006247617038,0.26099720241138,1.5646597065229997,0.2675057274872889,7.667266234830612e-06,0.8109487344016201
0.5033216370048732,0.895026264945961,0.6920189965859775,1.0102038084998164,0.113642156055728,0.3438518188074544,0.8350006748002633,0.4769987756241869,0.2610186056244464,0.2663530863620248,1.2412311451562748,1.246361293518018e-05,0.8289990362098639
0.4171537500523079,0.8949901658911722,0.6919907228497861,0.7579225670834153,0.4879055288457656,0.032107145241177,0.8350000067772614,0.4771706168993989,0.2570579326874708,1.5724906177691675,0.2625129722747077,5.4132940660260105e-06,0.8292173125469309
0.4169847899413623,0.8950003706809293,0.6920009682135885,0.7578347844360729,0.4881324748418656,0.0319170205054286,0.8350056016333849,0.4771664538187692,0.2570258817036467,1.57360751123805,0.2616862036036075,5.528550889376719e-06,0.8302286143328266
0.579728782565645,0.8949885692572408,0.6919917502896437,0.6142766510189791,0.1096163356819854,0.3530907637610526,0.8350006748002633,0.477002512652544,0.2609599032423584,0.6551429846873394,0.9496515291610502,8.634508011822364e-06,0.8781423604311308
0.4488328749086393,0.8950088753092917,0.6920064416008371,0.5984438332115188,0.0335782049884888,0.0287813185615625,0.8350000000981275,0.4769992899968794,0.2610010362016063,0.5546926729362426,0.416019506058021,19.442300210112265,0.8880726500383707
0.5108550267896296,0.8949910225181543,0.6919831105004806,0.9955838838344782,0.1031996081645022,0.3551523629298982,0.8350000522098644,0.4769927705432348,0.2610895890403124,0.2273293760466719,1.2704848591204805,2.457040715291199e-06,0.8891083134569053
0.5109276201121756,0.8950048931544848,0.6920100518755488,0.9958427294608946,0.1028753541570144,0.3554301637058784,0.8350043975325248,0.4769924342749547,0.2610895915035791,0.2266091151564301,1.2710253751268572,2.8754779137256926e-06,0.8905859771589275
0.2443664952051662,0.8949936115797101,0.691987736552701,0.3258219936068882,0.2976388051625622,0.2551189758536242,0.8349930597951538,0.4526106436553853,0.493990045788149,0.8419051960562182,0.6672596899807685,20.150345178440066,0.8926821677706857
0.5095804118005219,0.8949996922513384,0.6919992874438271,0.991150378617196,0.0968903193208257,0.357223199801022,0.8350002497075533,0.475834799952636,0.2683865304067733,0.2266186143652429,1.2698717235563888,1.7387796864398775e-05,0.9001234031969256
0.5096356489171595,0.8950088647569251,0.6920093777328992,0.9915737534538308,0.0966114296994609,0.3574574410943882,0.8349960900049095,0.4758271548516364,0.2683892207637174,0.2258995976506071,1.2704133712411834,1.7434284748364288e-05,0.9013693675233415
0.7576528563748676,0.895026264945961,0.6920189965859775,0.6710955160064982,0.4011604552753662,0.0974075623334787,0.8350006748002633,0.4769987756241869,0.2610186056244462,1.6549748602083745,0.1997648147715126,1.2463614846340632e-05,0.9154801622782113
0.5056592581833568,0.8950077196262459,0.692005580547425,1.0818201498848243,0.0917855516973473,0.3613170915854011,0.8350000373430017,0.4769999144357915,0.2610053309723907,0.2063784419644986,1.2862141311901734,2.7583760772055717e-05,0.9218994233266016
0.7433627839628948,0.8949996922513384,0.6919992874438271,0.6794405490673622,0.4167603997678576,0.0830488451321375,0.8350002497075533,0.4758347999525854,0.2683865304069701,1.6931622980751588,0.1699639607739314,1.738779653507476e-05,0.9596785857351375
0.7436803150903627,0.8950088647569251,0.6920093777328992,0.6795141985562113,0.4170336812767805,0.0828097968852572,0.8349960900049095,0.4758271548516636,0.2683892207636094,1.6938844949882388,0.1694246982379708,1.7434284393280917e-05,0.9605144617919431
0.7466879128758855,0.8949910225181542,0.6919831105004803,0.6811400357195097,0.4143444234182303,0.0884568069981312,0.8350000522098642,0.476992770543235,0.261089589040311,1.6939798121606868,0.1704970320349698,2.457040189119942e-06,0.9606247825933876
0.7468820470956636,0.8950048931544848,0.6920100518755488,0.6812368268162331,0.4146685243235204,0.0881788749917303,0.8350043975325248,0.4769924342749538,0.2610895915035825,1.6947005001691295,0.1699568363673318,2.8754773015052234e-06,0.9614589122327889
0.0124919390121335,0.895009232130357,0.692013587769115,0.0166559186828435,0.3069978946017194,0.2631410525157443,0.8350007146988627,0.4346093610068408,0.4398642179397868,0.839845733558203,0.629884308558705,136.87714516352852,0.9796382412190177
0.8113651124136182,0.8950077196262459,0.692005580547425,0.6742123442444756,0.4215366068496347,0.0786733300262977,0.8350000373430017,0.4769999144357916,0.261005330972391,1.7149521749202314,0.1547838314733739,2.75837597799073e-05,0.9848983506021197
0.9619861429219366,0.8949931560999111,0.691995028519775,1.2826481905625806,0.2728661259763061,0.2338852508368366,0.8349988846758721,0.4769298288041681,0.2639316734461043,0.9601711214463144,0.7200690003331837,6.900601261262998,1.0125233115521688
0.3607295606759513,0.8949945108789475,0.6919931560306686,0.7416122476614767,0.5144234984862368,0.0063831359241398,0.8349998224422445,0.4770608464047268,0.2604726842242726,1.7552267650598,0.1246761845627719,4.436979871506301e-06,1.0315124595599536
0.3605944918770362,0.8949964625385632,0.6919968295202868,0.7415883364447671,0.5144639232293857,0.0063472440098109,0.8350075255371725,0.477061354044793,0.2604725456891044,1.7554983489262377,0.1244733178699746,4.431649377585658e-06,1.031826792738701
0.5681259763972757,0.8949947830172419,0.691996230017051,0.5942888099400098,0.0614254142436884,0.3948700508982139,0.8350000373430017,0.4769999834386182,0.2609871079463415,0.4545347304667736,1.1001025922525869,1.3576960321890173e-05,1.1003726111607124
0.912947754352788,0.895003188199165,0.6920046010889497,0.6939653427737554,0.4667647056580167,0.0423231176754679,0.835000333927333,0.4769888756993313,0.2611255147509812,1.832376755232811,0.06669256480438,1.4346943500881672e-05,1.1208064296676052
0.9133034356454316,0.8950057379656028,0.6920071412816349,0.6939930880941236,0.4668497926950205,0.0422505821683616,0.8349911258427082,0.4769874471396652,0.2611255632739075,1.8325539532446744,0.0665595439606723,1.4527547416600783e-05,1.121011519959114
0.5204740070803168,0.895003188199165,0.6920046010889497,1.217263672470393,0.0493769706213782,0.400084033421158,0.8350003339273332,0.4769888756993313,0.2611255147509833,0.0889234197391708,1.37428256642461,1.4346945200324593e-05,1.1281065607508405
0.5204948160705924,0.8950057379656029,0.692007141281635,1.217737914193897,0.0492923458630898,0.4001569651671594,0.8349911258427082,0.4769874471396664,0.2611255632739034,0.0887460586142329,1.374415464933504,1.4527549157908534e-05,1.1284944955699967
0.5696833610868385,0.8950055135537023,0.6920083778118045,0.5612092273209963,0.052082548067506,0.4020190768568138,0.8349998573391397,0.4770699509445212,0.2604211086780397,0.3932765175795963,1.146146123713213,7.051729734458999e-07,1.1383993449830523
0.5696985077833854,0.8949949537699758,0.6919924838370329,0.5611472633978224,0.0520413825740859,0.4020586585802826,0.8349983101501836,0.4770727814120007,0.2604211127392782,0.3932927407405679,1.146132493185145,7.988753264166748e-07,1.138609886065333
0.3781858189496058,0.894998993201819,0.6919992708925692,0.7261281385919892,0.5395745859292896,-0.0133259959983554,0.8349994270680439,0.4769733736736382,0.2619575441511932,1.859736012024368,0.045974395480458,7.706832758440318e-05,1.152472236139315
0.5139767958623117,0.8927643597980088,0.6903837294483224,1.6643732833615386,0.0289745361202844,0.4065072289840422,0.8349974305199734,0.4769998071107066,0.2610000541316005,0.0624228661002003,1.3941827871052968,0.00016710117716313015,1.162272494595969
0.5688386680231875,0.8950013473893766,0.6920025582904482,0.5448115058645492,0.0446142073779232,0.4075977439759135,0.8349991930216267,0.4770003042337101,0.2609938753649515,0.3578814397149397,1.1725902030176083,7.588181502879638e-06,1.1680731062548588
0.000233430400261,0.8926180900660046,0.6898895377936475,0.7082556186620536,0.5057100922108698,9.999999999999996e-06,0.8350897161903661,0.4779529598192015,0.2680001993000421,1.9184431223303573,9.999999999999996e-06,5.4602008526306285e-05,1.2204202804749507
0.0017500289387004,0.8926125126366583,0.6898843432700074,0.7082594088453295,0.5057147112046401,9.999999999999996e-06,0.8350909717848825,0.4779538462881089,0.267996395465666,1.9184445566142732,9.999999999999996e-06,5.4581067632874654e-05,1.220421940525779
0.0022334314197107,0.8926125160124151,0.6898843324851175,0.7082597716162482,0.5057152971539897,9.999999999999996e-06,0.8350909908519176,0.4779538237980704,0.2679961250822533,1.918444674016336,9.999999999999996e-06,5.4577488089940965e-05,1.220422076407796
1.676726436006782e-05,0.8926083001418452,0.6898804679741588,0.7082605744126955,0.5057153969947972,9.999999999999996e-06,0.835091817436582,0.4779545828215723,0.2679947222593324,1.9184451392417496,9.999999999999996e-06,5.458529968390975e-05,1.220422614863136
0.0045385200706619,0.8926129765081897,0.6898847971421942,0.7082612907330065,0.505718149432801,9.999999999999996e-06,0.8350909844182441,0.4779536485570786,0.2679950750161862,1.918445150385448,9.999999999999996e-06,5.4561689972509636e-05,1.2204226277609351
3.611484718119069e-05,0.8926070557272362,0.689879304253748,0.7082613565216406,0.5057162732363579,9.999999999999996e-06,0.8350920913481769,0.4779547627974856,0.2679938699451482,1.918445467859468,9.999999999999996e-06,5.4582345358919455e-05,1.2204229952077175
0.5684419253125671,0.8949901658911722,0.6919907228497861,0.5562050000697674,0.03745833611473,0.4182047390106346,0.8350000067772616,0.4771706168995189,0.2570579326870025,0.350017296366387,1.1793679633268406,5.413294088963157e-06,1.2244932926097585
0.5683760883270562,0.8950003706809293,0.6920009682135885,0.5559797199218235,0.0372365239230074,0.4183992641501636,0.8350056016333852,0.4771664538184176,0.2570258817050216,0.3489149381381622,1.180205633428384,5.528550906928004e-06,1.2255280007987426
0.1224494425417957,0.8949755275947553,0.6919823122730141,0.7026077765267537,0.5387772080523866,-0.0062481842041351,0.8350000373430017,0.4769877760583759,0.261434882744312,1.9822949862763288,-0.0458220554359178,0.0018291103433779646,1.2943229007827879
0.2285396689962981,0.8949210054557208,0.6919429154382282,0.7066375740887287,0.5466395708133404,-0.0151318678500721,0.8350006748002633,0.4769703209029055,0.2620747464240474,1.9827816084284773,-0.0463373265151931,0.0006184727827012336,1.294886120866293
0.3291878286438023,0.8928144767411332,0.6904203388952209,0.7103912477459362,0.5577758603002358,-0.0269222973211238,0.8350000596486228,0.4769998979842829,0.2610000132033487,1.983775088606347,-0.046831315870644,0.00031357394585657393,1.2960359821832719
-0.1415337564578468,0.8949911945614776,0.69198615354556,0.7204893226405208,0.5274783531509922,-0.0032273419590269,0.8350123481052132,0.4748205083431477,0.2725832593635185,1.9170686326762103,0.0015801357539136,0.005483482783968342,1.296095724807211
-0.1417057405062156,0.8949955324655845,0.6919921250452808,0.7204902742564316,0.5274737833839174,-0.0032254616429299,0.8349994988893409,0.4748223975203153,0.2725682474220296,1.9170674079318248,0.0015829788836058,0.005476756786064315,1.296455524071581
0.5311984431168708,0.8926194275906378,0.6898906042518362,0.0001182281783301,9.999999999999996e-06,0.4334821689369391,0.8350899193109408,0.4779521151887642,0.2679931040372313,9.999999999999996e-06,1.4388370765362333,5.448310213714817e-05,1.305756217749676
0.5311989224989415,0.8926178852857217,0.6898891895273027,5.254413676408648e-05,9.999999999999996e-06,0.4334827377978867,0.8350902444119036,0.4779523985861528,0.2679923963855788,9.999999999999996e-06,1.438837260813017,5.448109021957318e-05,1.3057592436057803
0.5311989669591726,0.8926177663056503,0.6898890777385268,7.483891281175613e-05,9.999999999999996e-06,0.4334827918440024,0.8350902700218119,0.4779524205238022,0.2679923354823521,9.999999999999996e-06,1.43883727699042,5.4480813563644384e-05,1.305759531085119
0.5311993714870016,0.8926201174146257,0.689891102259955,1.949725918966101e-05,9.999999999999996e-06,0.4334833798870387,0.8350898323908231,0.4779516198946585,0.2679915611195815,9.999999999999996e-06,1.4388376481335188,5.447725991674457e-05,1.3057626589736102
0.5312006238794394,0.8926147558175244,0.6898862848235863,0.0018266253452932,9.999999999999996e-06,0.4334851727998004,0.8350909566920969,0.4779528856223305,0.2679901523582616,9.999999999999996e-06,1.4388379000408469,5.446757659497558e-05,1.3057721957436192
0.5312033937101306,0.8926073410036396,0.6898793878846484,0.0001797822956322,9.999999999999996e-06,0.4334883805511779,0.8350925364663517,0.4779540478381205,0.2679858851643497,9.999999999999996e-06,1.4388391015389497,5.445917341174275e-05,1.3057892582509463
0.2390514347085298,0.8915398602075643,0.6894982838471292,0.7022595168580951,0.550674349486024,-0.0185729510367227,0.8349914493860798,0.4769992766473407,0.2610007958407498,2.007408700010252,-0.0645568042962542,0.0009780277291283753,1.3233896990859397
0.5562091857461079,0.8949945108789475,0.6919931560306685,0.4809727475679392,0.0074469919114974,0.4409344272739164,0.8349998224422444,0.4770608464047303,0.2604726842242583,0.1662349127503689,1.316420073794847,4.436980024949709e-06,1.3453958897548746
0.5561912523335752,0.8949964625385632,0.6919968295202868,0.4807926558360483,0.0074051180114461,0.4409690770537591,0.8350075255371725,0.4770613540447876,0.2604725456891236,0.1659644238266329,1.3166237616946757,4.4316495300240845e-06,1.3455801970944632
0.2791463582159025,0.8917532485859422,0.6896944986914622,0.6993035886226251,0.5623625171015252,-0.0282789938370137,0.8350088864529461,0.4769998979842829,0.2610000132033487,2.0398783623476557,-0.0889087711766253,0.0010807150535043163,1.3609703267912683
1.1470515916513202,0.8936183885379152,0.6909940102703003,1.529402122201761,0.2475338938101405,0.2121719089801241,0.8349015652257782,0.4769997067940205,0.2610004687379645,0.9606665530647384,0.7204999147985681,12.566872228083266,1.3996895222830967
0.5403677056923237,0.8949955324655845,0.6919921250452808,-0.1889409873416208,-0.0037630385834182,0.4521203857576435,0.8349994988893409,0.4748235568260325,0.2725619564094513,0.0021112561991795,1.4378009862379009,0.005475127716219232,1.4048956689236358
0.5403669919803905,0.8949911945614776,0.6919861535455599,-0.1887116752771286,-0.0037652322855314,0.4521243027008506,0.8350123481052126,0.4748216676589417,0.2725769682452215,0.0021074653711399,1.4378019048059552,0.00548185459765496,1.4049165037279285
0.526955832395065,0.8949755275947553,0.6919823122730141,0.1632659233890464,-0.0072895482381567,0.4618090354734736,0.8350000373430017,0.476987778889622,0.2614347812643341,-0.0610960436952041,1.4867212407358612,0.0018291012314324805,1.456431039752519
0.5445961039439903,0.894998993201819,0.6919992708925692,0.5042477585994619,-0.0155469953314176,0.462492502225108,0.8349994270680438,0.4769733765295754,0.2619574412971983,0.0612992246170438,1.3948020100579612,7.706765345180405e-05,1.460066501197383
0.5299781805665461,0.8949210054557208,0.6919429154382282,0.3047195586617159,-0.0176538458250829,0.4685482035542909,0.8350006748002633,0.4769703237462222,0.2620746442594451,-0.0617830716084147,1.4870862073695927,0.0006184692785492781,1.4922776784802707
0.5266946376435709,0.8915398602075643,0.6894982838471292,0.3187352462780226,-0.0216684428761747,0.4720065852737335,0.8349914493860798,0.4769992766473407,0.2610007958407498,-0.0860757390616709,1.5055565250076877,0.000978027729129012,1.5106733259241145
0.5327934358094513,0.8928144767411332,0.6904203388952209,0.4389171048583862,-0.0314093468746431,0.4780935945430584,0.8350000596486228,0.4769998979842829,0.2610000132033487,-0.0624417544941972,1.487831316454764,0.0003135739458565527,1.543051034803502
0.5244776914669685,0.8917532485859422,0.6896944986914622,0.372195144287855,-0.0329921594765136,0.4820250146584483,0.8350088864529461,0.4769998979842829,0.2610000132033487,-0.1185450282354979,1.5299087717607396,0.0010807150535037517,1.5639628439279165
1.248279962521164,0.8927643597980088,0.6903837294483224,0.6853023944830823,0.4742584338147164,0.0248353166745289,0.8349974305199735,0.4769998071107066,0.2610000541316005,1.858910382807064,0.0468171495751494,0.0001671011821383127,1.611464356738837
-0.4170778309928592,0.8949830456306169,0.691966286216507,-0.556103774657147,0.2908164371867964,0.2492712318743961,0.8349992831032989,0.4765157254951375,0.2635714705418092,0.9594916208567869,0.7196187874312034,9708.313939431584,1.8725477635833876
0.5317361657677059,0.8949520346920243,0.6918923178059654,2.386672949349009,0.0064862330361051,0.4349485638477418,0.835000848667826,0.4769972868843516,0.2609939407425483,0.010449656277542,1.4331656242587436,0.000229820614810963,1.917693092113703
0.5318379073216918,0.8949907614357546,0.6919715752818645,2.395779738777013,0.0063057014449382,0.4351617061528289,0.834977309214279,0.4769986557924282,0.2609939422966181,0.0102399545676464,1.433321702047603,0.0002444682263979942,1.9288260865244657
0.4054478877328858,0.8950000020674826,0.6920000015314139,0.5405971836437684,-0.2064190469189663,-0.1769306116445901,0.8349999999888009,0.4769992899968794,0.2610010362016063,0.8582084527331275,0.6436563396669808,82.08441651913489,1.9411202747052663
0.5372522394117795,0.8949761768286841,0.691947129883455,-1.0048653129558889,0.0045717217837559,0.4483423799341198,0.8349954482906706,0.4752617419156599,0.2729426494551198,-0.0051544044677264,1.4429011837169807,65.59402844456564,2.22844170288006
0.5373098112159618,0.8950370772127282,0.6920809384448788,-1.0144167767094303,0.0044418278558851,0.4483426555128315,0.8349999083788625,0.4753123955685842,0.2726132160239284,-0.0049769539173445,1.442820960608823,71.03884323812693,2.240118308935734
-0.7536489847169708,0.8949761768286845,0.6919471298834557,0.7163363192157063,0.5230661099231396,0.0039186186717903,0.8349954482906714,0.4752617353640052,0.2729426964099897,1.9238682417808968,-0.0038658088584502,65.59449836521898,2.5766715161442906
-0.7608125825321325,0.8950370772127287,0.6920809384448802,0.716413081621283,0.5230664314316368,0.0038072810193289,0.8349999083788631,0.4753123892486336,0.2726132613226574,1.9237612777492008,-0.0037327207522006,71.0393367054542,2.59165812245216
1.7900047120118427,0.8949520346920251,0.6918923178059669,0.7089815543569437,0.5074399911557033,0.005559628316659,0.8350008486678252,0.4769972868843518,0.260993940742548,1.9108874990116624,0.0078372422081539,0.00022982008101253603,2.744779732242349
1.1832823536627486,0.8949968392694022,0.691993008361684,1.589754551528248,0.2802412703058481,0.2356020269303733,0.835003312499767,0.4303040447046304,0.9803486978645484,0.8925861671502427,0.6434179448946168,12.991026884299412,2.7561252791745146
1.7968348040827498,0.8949907614357548,0.6919715752818651,0.7091172097622563,0.5076886571783017,0.0054048869528037,0.8349773092142785,0.4769986557924279,0.2609939422966189,1.9110956027301385,0.0076799659257342,0.0002444676695770728,2.7590686277881797
0.5291606113544585,0.8949998518058577,0.691999785517448,-1.449320276530857,0.0402470681550992,0.444785279205996,0.8349780484552151,0.324487963077946,0.9454198222543676,-0.0537517653950633,1.399186956131866,6413497.458275762,2.771785179133077
0.5294159973560087,0.8949998509869721,0.691999784935698,-1.5178109786370062,0.0346841162610093,0.4423651363529514,0.8349780484552151,0.420607271119769,0.54077611860166,-0.0370503446225391,1.4318156662800887,7957736.919391267,2.8555146438105212
0.529429719209308,0.8949998985642201,0.6919998187353713,-1.524532974460146,0.0339537063983316,0.442063315604893,0.8349780484552151,0.4513346818467344,0.4066936131438599,-0.0308308056472594,1.4427394984824955,5006638.826753217,2.863732242616315
0.5299792765675547,0.8949999190662227,0.6919998333003371,-1.6118882070740128,0.0309280846981217,0.4409100423463937,0.8349780484552151,0.4664921124261814,0.3331716947082167,-0.0230465704939903,1.4464141840873042,8109481.664806831,2.970523480530578
0.5644510722710017,0.8949962844679512,0.6919920643834868,0.7592929556083255,0.2929666340001753,0.2485560487205887,0.8349972799636517,0.4174701360089357,1.0413734699684698,0.889209659332375,0.6724844109875477,0.35092404129572663,2.9899366665458613
0.5301467711364176,0.8949988306255119,0.6919990600538382,-1.6434408993096357,0.0294364377702334,0.440373022221361,0.8349780484552151,0.476883365017198,0.2655195130372682,-0.0127165209288487,1.4494765679769783,186935.5749712281,3.0090964539237604
0.5304036332932905,0.8950000062328815,0.6919998952249905,-1.6762357574611142,0.0294528683829605,0.4404304186672811,0.8349780484552151,0.4751996084205485,0.282566223798131,-0.0159161138536316,1.4486076096683018,4154313.4488461046,3.0491879675563744
0.530436476591833,0.8949998572770809,0.6919997894042965,-1.6802569257170772,0.0294898289043868,0.4404505666368052,0.8349780484552151,0.4724409393114841,0.300453134301859,-0.0183832023333617,1.4476077706478832,10179889.882054236,3.0541038211700213
0.5312524209568104,0.894999968910535,0.6919998687105708,-1.802920659683117,0.0279491659347067,0.4400986397384241,0.8349780484552151,0.4764411975969838,0.2713410577563817,-0.0121035764989475,1.4478226218807124,6726697.631644175,3.2040594861651797
-1.0869902073981428,0.8949998518058577,0.691999785517448,0.7055474818059446,0.518916159073662,0.034497486990085,0.8349780484552151,0.3244874893470013,0.94542205556511,1.865582374820008,-0.0403139307868676,6413549.850748402,3.2740380907910938
-1.1383582339777547,0.8949998509869721,0.691999784935698,0.7058879964746784,0.5160926590784434,0.0297292425094366,0.8349780484552151,0.4206071084381396,0.5407769742901931,1.9090874760431589,-0.0277878179620344,7957794.203243647,3.38150258154342
-1.1433997308451096,0.8949998985642201,0.6919998187353713,0.7059062922790774,0.5157405348723751,0.0291031769128556,0.8349780484552151,0.4513346107143477,0.4066940439192722,1.9236526304233648,-0.0231231445567994,5006671.772381697,3.3920496461194762
0.5100326412377569,0.8949986210831816,0.6919984762873528,0.6800435216503429,0.2805932337133703,0.2405084860400315,0.834999363782991,0.2558431029086443,1.1687463489132142,0.7695380936441926,0.577153624387388,2.019736506767546,3.4779553598207436
-1.2089161553055094,0.8949999190662227,0.6919998333003371,0.7066390354234062,0.514395049404126,0.0265097868841043,0.8349780484552151,0.4664920858450121,0.3331718893242575,1.9285522328056857,-0.0172849514203407,8109529.1999363685,3.5291132956182207
-1.2325806744822332,0.8949988306255119,0.6919990600538382,0.7068623615152235,0.5137685259249212,0.0252312323744858,0.8349780484552151,0.4768833647716313,0.2655195227239134,1.932635423855892,-0.0095373928877865,186936.43845896045,3.5786206579126216
-1.2571768180958356,0.8950000062328815,0.6919998952249905,0.7072048443910541,0.5138354884451614,0.0252453157568233,0.8349780484552151,0.4751996043841327,0.282566274566259,1.931476811002374,-0.0119370942836856,4154334.3378884043,3.6300770253050954
-1.260192694287808,0.8949998572770809,0.6919997894042965,0.7072486354557773,0.5138589944096061,0.0252769962037601,0.8349780484552151,0.4724409286442267,0.3004532322472598,1.930143689167132,-0.0137874161819102,10179944.330721745,3.6363863897234476
0.5343683821468895,0.895113181457397,0.6921862743587603,3.808666930138561,0.0114774818550272,0.4382878399549588,0.8349945739545287,0.4789835317891542,0.2428054253328566,0.0100209959648203,1.4368647627791342,0.0004944348546707555,3.6560720417341823
0.5912098134291347,0.9343175242536806,0.7199317786135869,0.7882797512388408,-0.6528343490125569,-0.5028460673288762,0.8349780484552146,0.4769992899968794,0.2610010362016063,-0.187723667312578,-0.1407927504844334,125.35124439109711,3.6747131240897666
-1.352190494762338,0.894999968910535,0.6919998687105708,0.7083365612757471,0.5134484130281615,0.0239564279440343,0.8349780484552151,0.4764411964735617,0.271341079322085,1.930430161985827,-0.0090776867100674,6726730.676700669,3.82885040745259
0.5164399985103667,0.8949711873304832,0.6919791729174628,4.098861433354728,-0.0394952072450096,0.4238290622310715,0.8349994270680438,0.4769999943679985,0.2610002406261682,0.013604118943516,1.4307968622727028,0.0003993122870014244,4.010833048110915
-1.8050331676744389,0.89497742499906,0.6919594394632527,-2.406710890232661,0.3461812550808089,0.2967267900692487,0.8349863819339267,0.4761005079794523,0.2823421874619883,0.9582856319841538,0.7184827256806896,2125327156838.0205,4.776220016055311
2.856500197603921,0.895113181457397,0.6921862743587603,0.7124911761958528,0.5113358132807853,0.0098378415900233,0.8349945739545287,0.4789835317891552,0.2428054253328533,1.915819683705512,0.0075157469736152,0.000494433619524312,4.975941835991466
0.5318592929728575,0.8950093627514952,0.6920206565026277,5.194463734854402,-0.0159547962765669,0.4379490917657683,0.8350047881225438,0.4407799520223313,0.5574364202686529,-0.050323607586837,1.42591451052589,0.02670177762434391,5.350200164858683
3.074146075016057,0.8949711873304832,0.6919791729174628,0.6885866646804889,0.4944672392695834,-0.033853034781437,0.8349994270680439,0.4769999943679985,0.2610002406261682,1.9077291496969373,0.0102030892076369,0.00039931250275955336,5.431267939364137
0.5320111775676143,0.891653753390648,0.6896241161106466,-4.06097969973747,0.0415019939529012,0.4381285918146831,0.8350050108286973,0.4769998071107066,0.2610000541316005,-0.0049294830784216,1.4446970489892632,1.8047052381961417e+19,5.964522860314756
0.5325166531049149,0.8949960082028293,0.6919935985048573,-3.2626747002885628,0.041374358140063,0.4436956117055852,0.8349985793504747,0.0953945237444825,1.8714353606905707,-0.0585275419952527,1.3045401953672535,4.526526188708177e+18,6.170250424101803
-2.4470060252164223,0.8949960082028293,0.6919935985048573,0.7100222041398866,0.5176448803231828,0.0354637355486254,0.8349985793504747,0.0953937977131066,1.8714386061389208,1.7393865677544065,-0.0438957750260988,4.526555293506014e+18,6.170262858769811
0.5394358710922746,0.8949617793598775,0.6919727382145779,-4.257003920107243,0.0055351110523416,0.4396899954562295,0.8349780484552151,0.4769999943679985,0.2610002406261682,0.0002936898789855,1.440779684071101,1.006033014369871e+22,6.204161271524747
3.65510975059574,0.8945738959166063,0.6916446130634779,4.87347966746099,0.0809610358773914,0.0693951736091994,0.8344670298956919,0.4769995960465112,0.261000644870256,0.9606665842938678,0.7204999382204299,51.16867464619537,6.64667311840113
3.8958478011408015,0.8950093627514952,0.6920206565026277,0.70914572396381,0.510940607060063,-0.0136755396656288,0.8350047881225438,0.4407761246616256,0.5574678874975268,1.901217536504559,-0.0377469655649389,0.026707412599308554,7.150309207407536
0.5298782922592442,0.8949812486560299,0.6919880246748751,-5.093482239964492,0.060737762385833,0.4371525519718154,0.8350050108286973,0.4768089794054815,0.268292229455588,-0.0077372566202168,1.4450930258904946,4.7497958692676744e+27,7.226750904602068
0.5337512706120981,0.895025219059691,0.6920536255856996,6.742221143146223,-0.0180843163357332,0.4407525153919793,0.8349955559224541,0.4715967473059424,0.3253100096963889,-0.0131264485570071,1.4379525727635225,0.0015983964477608679,7.242324135875578
0.515890646751089,0.8816652654980267,0.682527515903265,6.779444562433043,-0.1029534239935987,0.4266830991491674,0.8348522530080346,0.4769992899968794,0.2610010362016063,0.0061177945442901,1.436411423915419,0.0018133947610064205,7.287829538426704
0.5297749728163694,0.8950076779525498,0.6920068004913397,-5.146907095728239,0.0618677356840842,0.4371125570409845,0.8350050108286973,0.4759049200772766,0.2808123803780841,-0.0108095203303788,1.4448014462966718,5.937895515808642e+28,7.2920624642154515
-3.0457347748030905,0.891653753390648,0.6896241161106466,0.7093482367568191,0.5111500237837971,0.0355731376739151,0.8350050108286973,0.4769998071107066,0.2610000541316005,1.9262627319856844,-0.0036971123088161,1.804705238017608e+19,7.3718300728098125
0.5690657453265954,0.8950010305794327,0.6920010381487307,0.7587543271021285,0.259097316789022,0.2220834143905946,0.8349992079163052,0.0033248490672231,2.1951490482455576,0.7737103120959371,0.4893760655240403,3.0429324533282323,7.410532751898687
0.5292641537842336,0.8949997953261596,0.6919997453933252,-1.3852065888146634,0.0506879263660866,0.4496570406541998,0.8349780484552151,0.019602701263014,2.203275676797561,-0.0901565041029677,1.289462843820147,6135832.515006089,7.44166925976077
-1.038904941610999,0.8949997953261596,0.6919997453933252,0.7056855383789782,0.5245998807632332,0.0434467940280742,0.8349780484552151,0.0196011857878981,2.2032823641782318,1.719283031424023,-0.0676175964059526,6135889.700882396,7.4416948819089335
0.5294084469248038,0.8949993404807856,0.6920008774112644,-5.342617016477586,0.066431172037307,0.4370120032929321,0.8350050108286973,0.4733242667768072,0.3039605399087129,-0.0154301133112233,1.4440013190118657,inf,7.531316646060619
-3.19275294008044,0.8949617793598775,0.6919727382145779,0.7192478281230329,0.5129716613656011,0.004744380902007,0.8349780484552151,0.4769999943679985,0.2610002406261682,1.921039578761468,0.0002202674092391,1.0060330260147017e+22,7.679399456235231
0.52907499474299,0.8950003931591978,0.6920016252517015,-5.538087305528877,0.0714914053732512,0.4369753759906047,0.8350050108286973,0.4664690811744245,0.3501169198069671,-0.0223943394094359,1.441716124231485,inf,7.770277879619654
0.482079738323003,0.8949999999647158,0.6920000000015669,0.6606041215590465,0.2385702313180872,0.193094854266035,0.8350000000121289,0.4769992899968794,0.2610010362016063,7.620931146262068,-4.274698589872913,0.015396339267973536,7.820522160025542
0.5274680946176948,0.8950006702953621,0.6920012118211332,7.375801147540854,-0.0511514975835745,0.4324974271513037,0.8348522530080346,0.4177744246591676,0.9144526429024188,-0.1414323948215996,1.418584875145788,0.12453148616963157,8.016871818509603
0.5275317498350001,0.8950044238520843,0.692003878410977,7.379732828008994,-0.0500209513488355,0.4324657512180546,0.8348522530080346,0.460446506111045,0.4665657098128082,-0.0453539152283412,1.4333802914923213,0.012466457498422902,8.021678273849627
0.5279566916764464,0.8950266405063465,0.6920196614959295,7.403785345187113,-0.0451832766121008,0.4324642459017271,0.8348522530080346,0.4762050252311756,0.2775571295097947,-0.0019166006827077,1.4387672036518404,0.00013185680370460598,8.0510823290796
0.5281417614024807,0.89498920702594,0.6919930681216819,7.413575471442173,-0.0436818332599869,0.432510721854116,0.8348522530080346,0.4734401290395503,0.315002502472376,-0.0109699637828819,1.4378271015597444,0.0009256897597123008,8.063050698584565
0.5286952344274127,0.895002224632154,0.6920029263608725,-5.78639104089802,0.078821747847191,0.4370296209430886,0.8350050108286973,0.4506151403635055,0.4394243282166618,-0.0325595972317368,1.436312484816147,inf,8.073827678359438
0.5291612259378456,0.8949239062230734,0.6919466773327293,7.467236407076377,-0.0370710264295823,0.4328969966201834,0.8348522530080346,0.476925051204274,0.2639758165684873,0.0014926426678166,1.439180612412013,9.6506736388225e-05,8.12865086439655
0.5883612734103846,0.895003633900582,0.6920034472037486,0.8058329599800634,0.2394966056002327,0.2075819840660265,0.8349989144008059,0.4769992899968794,0.2610010362016063,-6.242145010345089,6.122608527582453,0.2427925238248231,8.224704873084594
0.5328337990661542,0.8950111380899025,0.6920191408317946,-5.989331556759261,0.0531074947918559,0.4422914003459042,0.8350016323594825,0.4769992899968794,0.2610010362016063,-0.003609929244005,1.4437072167566407,inf,8.321921218532104
0.5282766777425095,0.8949999012705828,0.692001275805762,-6.107863700512125,0.0904151209198521,0.4373099416686885,0.8350050108286973,0.4769992899968794,0.2610010362016063,-0.0060685482754058,1.4455511810301915,inf,8.466826039745873
0.5442464872934022,0.8949425559470057,0.691882359335776,8.04314661747351,0.0501632249191996,0.4525957909553271,0.835009661185539,0.4785654429770092,0.2380862292383138,0.0066322554642493,1.4408312424335776,0.0028543466128298214,8.832697576373485
0.5278831964670759,0.8950020684035563,0.692002815373451,-6.493426093264165,0.1083990820130385,0.4380086515061288,0.8350050108286973,0.4769992899968794,0.2610010362016063,-0.0063384355332208,1.4457535964735526,inf,8.9381737081469
4.775086300993348,0.8950404495790677,0.6920856133876281,6.36678173465776,0.2715991415748831,0.2327992642070334,0.8350025147805498,0.4716484705170372,0.3629526321547818,0.9497323125958786,0.7082747784943367,47.161072295639556,8.989720294965165
-3.8201116799733583,0.8949812486560299,0.6919880246748751,0.7065043896789923,0.5100113106337847,0.0520609391878566,0.8350050108286973,0.4768089792655483,0.2682922350768837,1.9267907011231744,-0.005802943739487,4.7498041290114677e+27,8.991865439274807
-3.860180321796179,0.8950076779525498,0.6920068004913397,0.706366630421826,0.5099646498811486,0.0530294877292151,0.8350050108286973,0.4759049191889967,0.2808123980256954,1.926401927985929,-0.0081071438272252,5.937906418797662e+28,9.075691049782803
0.5342541331874455,0.8949822598390724,0.6919618864866884,8.370168445792997,-0.0232779929869792,0.4416227523387625,0.8349981640257006,0.4748937080558484,0.2944538702420558,-0.007565992977041,1.4395545318481515,0.0007614484023682699,9.232479762583127
0.5282766777425095,0.8950000000006151,0.692000000002337,0.7073010685205238,0.2571125500288722,0.2184807881241502,0.8350000000062483,0.4769992899968794,0.2610010362016063,8.841022559663546,-5.189767149924021,0.0010496316657067884,9.232664999610586
0.5343237884482124,0.8950239949630585,0.6920483973906602,8.38876827667975,-0.0230104231323629,0.441720939019753,0.8350004607827557,0.4749155790338867,0.2941668930093652,-0.0075135354332505,1.4395744018106376,0.0007737688119338188,9.255217942151285
0.5337164606292342,0.8949863439875242,0.6919734451220925,-6.766822049293157,0.0464055207390801,0.4427014661374455,0.8349957192458393,0.4769992899968794,0.2610010362016063,-0.0027868942684439,1.44308994052497,inf,9.272398593267917
-4.00696276235819,0.8949993404807856,0.6920008774112644,0.7058779292330717,0.5098473371750875,0.056941004603406,0.8350050108286973,0.4733242635408608,0.303960582787193,1.9253350905144984,-0.0115725926670441,inf,9.382767285268178
0.5179360622488259,0.885935084255186,0.6854479267492092,8.54450163992306,-0.126166156172676,0.4280055345101634,0.8350006748002633,0.4769992899968794,0.2610010362016063,0.0035977731356465,1.438301439971902,0.0009494701692274661,9.445601026800809
0.5338295478837123,0.8948539449293795,0.691858397852772,8.623045004624418,-0.0265151577511525,0.4410667603125708,0.8350490421850282,0.4769997941502584,0.2610007958407498,0.0009638363978271,1.4402770432224503,0.0003703872936306902,9.541619810054302
0.5341596669344446,0.8952902743487208,0.6920634373062033,8.643969679534957,-0.024962911543553,0.4414986895539553,0.8338293534248734,0.4769992766473407,0.2610007958407498,0.0008979135107242,1.4403262855783912,0.00038862305903193185,9.567200097231
5.056665857359671,0.895025219059691,0.6920536255856996,0.7116683608161308,0.5142112679573092,-0.0155008425734857,0.8349955559224541,0.4715962460550488,0.325315992850463,1.9172698612820385,-0.0098458599146569,0.001598617627527279,9.578798864769187
0.5275543622081107,0.8950007228562987,0.6920018594740636,-7.019722764590038,0.1438825987533694,0.4398334653330621,0.8350050108286973,0.4769992899968794,0.2610010362016063,-0.0068633363891005,1.4461472721154625,inf,9.581568171870462
5.084583421824783,0.8816652654980267,0.682527515903265,0.6878541956681187,0.4977969490073621,-0.0882457919945133,0.8348522530080346,0.4769992899968794,0.2610010362016063,1.915215231887226,0.0045883459082176,0.0018133948948930339,9.63720381134892
0.5373382110558528,0.8948289996110326,0.6916244702086405,-7.083871768964186,0.0153445813787265,0.4467399530466852,0.8349869037446745,0.4769992899968794,0.2610010362016063,-0.0008946688334412,1.441670771448718,inf,9.65998993760903
-4.153565479146844,0.895000393159198,0.6920016252517015,0.7054333263239866,0.5098046053223723,0.0612783474627891,0.8350050108286963,0.4664690710242284,0.3501170192276521,1.9222881608998783,-0.0167957698763066,inf,9.689467529595909
0.4234084983433926,0.8949926761249385,0.6919944026353294,-2.5890490671866777,-2.686151108375822,-0.115744425617422,0.8350002719964741,0.4769992899968794,0.2610010362016063,0.0905017124695418,1.3731234854714809,inf,9.953837027919406
-4.339793280673515,0.895002224632154,0.6920029263608725,0.7049269792365502,0.5098678911002701,0.0675614981547351,0.8350050108286973,0.4506151128284093,0.4394245454627199,1.9150833001324776,-0.0244197263286758,inf,10.079065440739571
0.5275307034881433,0.8950024562640911,0.6920030909160939,-7.647426799575671,0.212025958840639,0.4438506421507437,0.8350050108286973,0.4769992899968794,0.2610010362016063,-0.0078722411302013,1.446903950671288,inf,10.34893251781867
0.5343016702213638,0.8949652115649792,0.6919568923400248,9.283671453648932,-0.0269792931923831,0.4417685490581312,0.8349987546743433,0.4769423013351672,0.2633401321261325,4.743237669725963e-05,1.440413551385958,0.0004406523442397978,10.349231605927791
0.5343477032261729,0.895021140593167,0.6920304671001822,9.286645719413134,-0.0267159590232721,0.4418136397093235,0.8350085261708113,0.4769435235422576,0.2633176049993771,4.5793268475989934e-05,1.4404200108969218,0.0004469663008184505,10.352867627644418
-4.491998667569446,0.8950111380899025,0.6920191408317946,0.710445065421539,0.5160066337368884,0.0455207098215908,0.8350016323594825,0.4769992899968794,0.2610010362016063,1.924942955675521,-0.0027074469330038,inf,10.397486752237334
5.531850860655641,0.8950006702953621,0.6920012118211332,0.7032907928235932,0.5045803316765209,-0.043844140785921,0.8348522530080346,0.4177724365045324,0.9144748255714876,1.891445580169796,-0.1060779808650419,0.12453994285045678,10.57290975032561
5.534799621006755,0.8950044238520842,0.692003878410977,0.7033756664466666,0.5045433764210635,-0.0428751011561452,0.8348522530080359,0.4604459443964183,0.466572738971283,1.9111734631415989,-0.0340166683890506,0.012467307410702446,10.579078705035053
-4.580897775384093,0.8949999012705828,0.692001275805762,0.7043689036566794,0.5101949319468033,0.077498675074159,0.8350050108286973,0.4769992899968794,0.2610010362016063,1.9274015747069224,-0.0045514112065543,inf,10.583468149339106
0.3828928730107079,0.8950181393328762,0.6920139949960499,-1.9004847981181217,-2.8835037727627366,-0.2880365839858529,0.8350001644880143,0.4769992899968794,0.2610010362016063,0.1040761800014116,1.3629426348225784,inf,10.611679242542456
5.552839008890334,0.8950266405063465,0.6920196614959295,0.7039422555685952,0.5045416202186817,-0.0387285228103721,0.8348522530080346,0.4762049957804382,0.2775577448654721,1.9183562581043008,-0.0014375768624279,0.00013186662773354818,10.616818010230826
5.56018160358163,0.89498920702594,0.6919930681216819,0.7041890152033076,0.5045958421631354,-0.0374415713657031,0.8348522530080346,0.4734399917196208,0.3150045958013919,1.917102739110228,-0.0082278678635728,0.0009257597962295045,10.632179086990858
0.5269749521083785,0.8949997344631707,0.6920005469902003,7.344342596221363,-0.0614146629623905,0.4328616524754229,0.8348522530080346,0.2018016025299513,3.057502359938157,-0.586511273559933,1.343657317335648,2.270765237616784,10.714568428881826
5.508256947166022,0.8949997344631707,0.6920005469902003,0.702633269477838,0.5050052612213268,-0.052641139682049,0.8348522530080346,0.2017937290252058,3.0575837189172894,1.7915394305302812,-0.4398964178230821,2.2708974410113787,10.714880149108387
5.600427305307282,0.8949239062230734,0.6919466773327293,0.7055483012504609,0.5050464960568807,-0.0317751655110706,0.8348522530080346,0.4769250478064513,0.2639759511226142,1.918907481673345,0.0011194515318921,9.650454631553477e-05,10.716375115705613
0.5344467625416729,0.8949852346051503,0.6919909395535968,9.71345250010534,-0.0279413212163475,0.4419910730934588,0.8350591920060695,0.4764331629095121,0.2737048382464449,-0.0028591400256829,1.4403037823114604,0.0005111183707543034,10.874636308197239
0.5344931173020329,0.8950170178606563,0.6920349176581189,9.7225704435242,-0.0276959197420516,0.4420586942427204,0.8349978247170744,0.4764379351616893,0.2736044054557467,-0.0028397091751268,1.4403111350825115,0.0005206702116113815,10.885782938293644
-4.870069569948123,0.8950020684035563,0.692002815373451,0.7038442619561013,0.511010093423817,0.0929134988683187,0.8350050108286973,0.4769992899968794,0.2610010362016063,1.9276714619647368,-0.0047538266499156,inf,11.188430062652978
-5.075116536969861,0.8949863439875242,0.6919734451220925,0.7116219475056456,0.5164850438270198,0.0397761606334972,0.8349957192458393,0.4769992899968794,0.2610010362016063,1.92411992069996,-0.002090170701333,inf,11.617398612907659
6.032359963105098,0.8949425559470056,0.6918823593357757,0.7256619830578694,0.5280284227812148,0.0429970499307421,0.8350096611855388,0.4785654429770087,0.2380862292383132,1.9211083232447688,0.0049741915981877,0.002854355789722793,11.619999922814014
-5.264792073442528,0.8950007228562987,0.6920018594740636,0.703405816277481,0.5131390428885725,0.1233279417886023,0.8350050108286973,0.4769992899968794,0.2610010362016063,1.928196362820617,-0.0051475022918254,inf,12.014209358666378
-5.312903826722898,0.8948289996110308,0.6916244702086367,0.7164509480744667,0.5211966118877959,0.0131524983246435,0.8349869037446754,0.4769992899968794,0.2610010362016063,1.9222276952649588,-0.000671001625082,inf,12.114861562181794
6.277626334344906,0.8949822598390725,0.6919618864866888,0.7123388442499278,0.5152265443952236,-0.01995256541741,0.8349981640257003,0.4748935565233057,0.2944562851587125,1.9194059715038976,-0.0056749557580591,0.0007614900484190042,12.13310948607721
6.291576207509873,0.8950239949630585,0.6920483973906602,0.7124317179309498,0.5153410955230452,-0.0197232198277398,0.8350004607827557,0.4749154271952642,0.2941693148063855,1.919432464631824,-0.005635614023461,0.0007738103876479504,12.162293321150363
6.408376229942306,0.885935084255186,0.6854479267492092,0.690581416331768,0.4993397902618574,-0.1081424195765796,0.8350006748002633,0.4769992899968794,0.2610010362016063,1.9177352532958696,0.0026983298517349,0.0009494740034202219,12.406644832515285
1.3600599732605527,0.8953248460719481,0.6922210623768751,-3.686293931673,-3.4497419378932164,0.7938643990072131,0.8349752785838404,0.4769992899968794,0.2610010362016063,0.4787731567091698,1.0819199022917596,inf,12.499139792977388
0.5309114843309131,0.895083497163039,0.6921244942049545,-9.412084713385829,0.1326017356823863,0.442062186342205,0.8350046082189148,0.4769992899968794,0.2610010362016063,-0.0042387277988498,1.4441788156727744,inf,12.50621603103402
6.467283753468226,0.8948539449293784,0.6918583978527713,0.7117727305116143,0.5145778870313298,-0.0227272780724224,0.8350490421850335,0.4769997941502583,0.2610007958407498,1.9203693909632669,0.0007228772983705,0.0003703905460299157,12.529882329431436
6.48297725965122,0.8952902743487208,0.6920634373062033,0.7122128892459261,0.5150818044796146,-0.0213967813230454,0.8338293534248734,0.4769992766473407,0.2610007958407498,1.9204350474378549,0.0006734351330432,0.0003886249182247268,12.562713932324728
-5.735570099681753,0.8950024562640911,0.6920030909160939,0.7033742713175244,0.5178257491758678,0.1817365361491191,0.8350050108286973,0.4769992899968794,0.2610010362016063,1.9292052675617173,-0.005904180847651,inf,12.999100626949273
-1.9417868003900085,0.8949926761249385,0.6919944026353294,0.5645446644578569,-0.1350351632203257,-2.3024152357507046,0.8350002719964741,0.4769992899968794,0.2610010362016063,1.8308313139619743,0.0678762843521564,inf,13.24688955186545
6.962753590236741,0.8949652115649795,0.6919568923400252,0.7124022269618191,0.5153966405678209,-0.0231251084506116,0.8349987546743416,0.4769422977708956,0.2633402769249978,1.9205514001964727,3.554143264210397e-05,0.0004406527808610096,13.566430105097785
6.96498428955985,0.895021140593167,0.6920304671001822,0.7124636043015639,0.5154492463275441,-0.0228993934485189,0.8350085261708113,0.4769435199775123,0.2633177498135632,1.920560012877473,3.4312098123436066e-05,0.0004469667421095738,13.571096840083369
0.5313169660211434,0.8949897301414522,0.6919879047705678,-2.87055209244425,0.0130530196401142,0.4377232830485217,0.8349996194631664,-0.4383660227019023,3.848534887444014,-0.0303635080533245,1.0986618877580103,5496685648301420.0,13.745344396337218
-2.152914069333188,0.8949897301414522,0.6919879047705678,0.7084226213615246,0.5106771635566086,0.0111883025486693,0.8349996194631664,-0.4383679613011058,3.848542598874685,1.4648815567191011,-0.0227727119502484,5496732498099177.0,13.745373942048602
-1.425363598588599,0.8950181393328763,0.69201399499605,0.5105238306809419,-0.3360426813168348,-2.4715746623681007,0.8350001644880154,0.4769992899968794,0.2610010362016063,1.8172568464301029,0.0780571350010601,inf,14.146673736000537
7.2850893750790044,0.8949852346051503,0.6919909395535968,0.7125956833888972,0.5156562519423686,-0.0239497038997264,0.8350591920060695,0.4764331289504684,0.2737056002851169,1.9204050272529185,-0.0021445135730312,0.0005111238387077642,14.240772751211308
7.291927832643145,0.8950170178606563,0.6920349176581189,0.7126574897360437,0.5157351432831737,-0.0237393597789014,0.8349978247170744,0.4764379011824622,0.2736051681271315,1.920414830936387,-0.0021299405732398,0.0005206761215701415,14.255079147789008
0.5438062186932774,0.8949999944104234,0.6919999850745543,0.7261440186108068,0.2598285024843571,0.2223014370407569,0.8349999758530271,0.4769992899968794,0.2610010362016063,-11.797012575413833,10.28875920138401,0.00032913418014872024,14.653949740062307
0.3317820527986623,0.8950023723026442,0.6920019861610043,2.745137438151602,4.859354858637645,-0.3543950992329032,0.835000473501145,0.4769992899968794,0.2610010362016063,0.5271053744573734,1.0456707389806068,7.8064492507016,15.197849528792151
-7.059063535039386,0.8950834971630391,0.6921244942049545,0.7078819791078841,0.5157392173992392,0.1136586305849024,0.835004608218915,0.4769992899968794,0.2610010362016063,1.9255717542303656,-0.0031790458491374,inf,15.767915345270682
0.5355954170339026,0.8949540499857791,0.6918998242361297,-12.116496431096175,0.0459895642745295,0.444414508363795,0.8349970523899403,0.4769992899968794,0.2610010362016063,-0.0012706737722038,1.44195277515279,inf,15.812342825300949
0.5176493679970157,0.8902646701789926,0.6885773229640112,14.403221302885385,-0.2396227090288862,0.4287516435724842,0.8350000373430017,0.4769997051858352,0.26100213410551,0.0006787019236058,1.4404894866092322,0.000802806540883257,16.607850003527368
-2.764720448754753,0.8953248460719453,0.6922210623768732,1.8134132976807331,0.9261751321750836,-2.956921661051323,0.8349752785838519,0.4769992899968794,0.2610010362016063,1.442559869722348,0.359079867531876,inf,16.728306707719803
0.5358435044616435,0.8949116909854962,0.6918202005515656,-13.45044515081066,0.0428319410532536,0.4444051838925353,0.8349846994114609,0.4769992899968794,0.2610010362016063,-0.0010671919557678,1.441800163790463,inf,17.443086981431126
-0.0550043289118058,0.895013382267964,0.6920247201040248,-0.0733391052157431,0.3027085189996636,0.2594644448568486,0.8349985154558519,0.1242104775061099,4.814922825807319,-0.3275982550433505,0.5951068250381601,135.82978241664486,17.447980175506967
0.5347411718286451,0.8949808762564658,0.6919583907342209,-13.53230947670142,0.0631297545764422,0.4433549911818096,0.8350146865777912,0.4769992899968794,0.2610010362016063,-0.0014923693096592,1.442119046805881,inf,17.54316561943939
0.5339679478799562,0.8949744788213251,0.6919425435918122,17.02202964443511,-0.0649706736590947,0.441635736003811,0.8349963874114095,0.3857768896183032,1.5123710607803726,-0.3024064190441183,1.4087425636205428,0.43740613339374507,19.809327193685956
-9.087372323321782,0.8949540499857783,0.6918998242361281,0.7141272227118683,0.5184835930910925,0.0394196265210386,0.8349970523899408,0.4769992899968794,0.2610010362016063,1.9226037002037208,-0.0009530053291532,inf,20.01123917012925
2.05885307861367,0.895002372302644,0.6920019861610041,0.4423760703982377,-0.4134609491050212,4.165161307403314,0.8350004735011453,0.4769992899968794,0.2610010362016063,1.3942276519741774,0.3953290308430041,7.806449292262709,21.155113337251667
10.802415977164047,0.8902646701789926,0.6885773229640112,0.6901991573293542,0.5002102508345649,-0.2053908934533312,0.8350000373430017,0.4769997051858352,0.26100213410551,1.9206526488123097,0.0005090264427043,0.0008028035217875359,21.599196604945707
-10.08783386310798,0.8949116909854962,0.6918202005515656,0.7144580059488579,0.5184727145412913,0.0367130923313607,0.8349846994114604,0.4769992899968794,0.2610010362016063,1.9224002183872844,-0.0008003939668259,inf,22.104254943740543
-10.149232107526224,0.8949808762564665,0.6919583907342223,0.7129882291048613,0.5172474897121123,0.0541112182083679,0.8350146865777917,0.4769992899968794,0.2610010362016063,1.9228253957411752,-0.0011192769822442,inf,22.23270315382055
0.5317648753569347,0.8949972752472847,0.6919966851266868,-3.610263419445549,0.0606967969951623,0.4446601301390255,0.8349997053710936,-1.0712308403516848,6.6163678997577735,-0.1530886242852938,0.8675876496235311,3.2196587209848673e+21,24.350068581447406
-2.7076975645841626,0.8949972752472847,0.6919966851266867,0.7090198338092463,0.5187701518288631,0.0520258259958534,0.8349997053710936,-1.0712337799808558,6.616380515414174,1.1567820658312655,-0.1148168103046331,3.2196816789838753e+21,24.350116917295683
0.5308260726856997,0.8949108173998633,0.6918843415980247,-19.114815151290912,0.2391281393280608,0.4411747990131501,0.8349935343237626,0.4769992899968794,0.2610010362016063,-0.0031010144577458,1.4433255306669464,inf,24.367744683729725
12.76652223332632,0.8949744788213251,0.6919425435918122,0.7119572638399415,0.5152416920044461,-0.0556891488506528,0.8349963874114094,0.1621364870951914,5.80283476716442,1.7735676278566876,-1.08879401320934,8.757370168530871,25.70820550905088
13.040212200906272,0.8950117486998818,0.6920120643908116,0.7076139724310356,0.5336164490218246,-0.6483268189710969,0.8350000278369298,0.4769992899968794,0.2610010362016063,1.9278178348137696,-0.0048636062866899,0.00341791146137549,26.280778662983835
0.409228413317474,0.8949976937752795,0.6919979745330376,7.296718780850738,8.217949883634368,-0.1604225030108289,0.8349974305199735,0.4769992899968794,0.2610010362016063,0.2428014168931375,1.2588987071537838,3.7716789136929756,26.39316627878123
0.5458415643405379,0.8949999377899251,0.6920000282547593,0.7285917355637072,0.2601709588924427,0.2226966939713491,0.8349999046520675,0.4769992899968794,0.2610010362016063,-22.025364551375382,17.960023183355172,0.0004457089225965547,26.492320082610398
0.5355274687197771,0.8946382370176926,0.6912586109915401,-22.85505005862956,0.0734784770749072,0.4438603387302604,0.8349615353358314,0.4769992899968794,0.2610010362016063,-0.0008972854412895,1.4416727339046045,inf,28.94015899587966
0.4509795852506812,0.8949999949699315,0.6919999963668582,0.9737488614442176,0.6073880609378068,0.0498470096361228,0.8350000000981275,2.18721036783419,-7.4724400116743475,2.237366053465342,0.7008162124811791,20.02435419924066,29.630038358905544
0.7303116460831631,0.8949999949699315,0.6919999963668582,0.601306113667575,0.0581548445754767,0.5206183379466915,0.8350000000981275,2.187210762200737,-7.472441754314133,0.9344216380508026,1.6780247302437512,20.024363260697495,29.630045035686333
0.5294225063442866,0.8931127235037593,0.6906674639587872,-23.99110663262871,0.2214260295428613,0.4352480070072727,0.8349906964579695,0.4769992899968794,0.2610010362016063,-0.0024611252664462,1.4428456137734718,inf,30.328981213482535
0.4029733158310855,0.8949921365669381,0.6919941153048799,7.887610387580387,9.402847346538335,-0.1854461817032258,0.8349997731106606,0.4769992899968794,0.2610010362016063,0.2525456286245929,1.2515905483551926,4.310465470974687,30.342824488461115
0.5288748048386253,0.8958558968641631,0.6937755652101916,25.65321501042116,-0.2053630220367512,0.4345897017968696,0.834927959906178,0.4667313419349771,0.4408300953934384,-0.0476249085574483,1.4378283483322154,0.009232593681376501,30.36089854574714
0.5292907080053825,0.8950105888589025,0.6920157402665316,-24.16923962742484,0.2263084185246455,0.4352043182109879,0.8349906964579695,0.4769992899968794,0.2610010362016063,-0.0024908874474331,1.442867935409212,inf,30.546747710788317
0.5289938799176616,0.8950032351449067,0.6920105160611749,-24.477177146159445,0.2373328854399414,0.4351231548967679,0.8349906964579695,0.4769992899968794,0.2610010362016063,-0.002566183548459,1.4429244074849814,inf,30.9231994451827
-14.336111363468138,0.8949108173998634,0.6918843415980248,0.7077680969142663,0.5147039321820085,0.2049669765669083,0.8349935343237628,0.4769992899968794,0.2610010362016063,1.924434040889262,-0.0023257608433094,inf,30.991864777129997
0.5287046805862591,0.8950069338264076,0.692013143668357,-24.793761622916552,0.2499546594155341,0.4350782680020732,0.8349906964579695,0.4769992899968794,0.2610010362016063,-0.0026491887667666,1.442986661398712,inf,31.310222032905322
0.5283795232868961,0.8950070887081624,0.692013253699029,-25.175249498217436,0.2674112289840835,0.4350878620729385,0.8349906964579695,0.4769992899968794,0.2610010362016063,-0.0027598118566592,1.4430696287161315,inf,31.776588628627675
0.5280458818993307,0.8950054369510365,0.6920120802622555,-25.606660998060125,0.2908596382485929,0.4351994569149175,0.8349906964579695,0.4769992899968794,0.2610010362016063,-0.0029030242446846,1.4431770380071507,inf,32.30398655019575
0.5276649381104069,0.8950051881229203,0.6920119034904667,-26.180201172800626,0.3297011835588542,0.4355469282671502,0.8349906964579695,0.4769992899968794,0.2610010362016063,-0.0031314655273593,1.4433483689691564,inf,33.00513590806923
0.5276666370592702,0.8949846035218377,0.6919654687528867,28.192839973298167,-0.2764322526510416,0.4340249317013637,0.8345970559965409,0.238914830360827,3.5293272652062475,-0.7932363457489795,1.3591863810208706,2.978102952728497,33.465574539484315
16.53399089005804,0.8950137438042097,0.6920247363926202,22.045321186744268,0.0238086396215227,0.0204074053898718,0.8350245439044366,0.4768336518431029,0.2682400473279408,0.9600927150237784,0.7199633968477966,65.26857029329334,33.58993910053983
0.5273064277555166,0.8950072049793641,0.6920133363000978,-26.885385264966704,0.3925597186811596,0.4363469093092011,0.8349906964579695,0.4769992899968794,0.2610010362016063,-0.0034871028508643,1.4436150969617851,inf,33.86721915032605
0.5279977447435494,0.8949895962007993,0.6919690156369107,28.730311474885596,-0.2615978556505067,0.4339293972099016,0.8345970559965403,0.4238114380212728,1.0524759478846883,-0.1982800495663827,1.4232117567232263,0.1758600415833102,34.12263016489682
0.5422611953065745,0.89500239267393,0.6920025124155911,28.92229447069936,-5.136039408748773,0.5455015352506623,0.8350024142490194,0.4769992899968794,0.2610010362016063,-0.0312748619953315,1.4644559163201356,0.09330193874788628,34.357328203788946
0.5283166690898309,0.8949836738611561,0.6919648083061315,29.232825525977947,-0.2515510942982871,0.43393486604413,0.8345970559965404,0.4658348976790292,0.4561786986075033,-0.0518393748600215,1.437674072040558,0.010914728386689122,34.736950520755435
0.5270264443487108,0.8950093870714703,0.6920148864959954,-27.875426952082208,0.5152345804879898,0.4382669177642364,0.8349906964579695,0.4769992899968794,0.2610010362016063,-0.0041519978054424,1.4441137681777187,inf,35.077539061225195
0.5285957453040194,0.8949616292198528,0.6919491474181281,29.667907839472743,-0.2450368700471214,0.4339912137934842,0.8345970559965409,0.4747341530916158,0.3136821179093479,-0.015385321580584,1.440705938999501,0.0008978605472495351,35.26883598957548
0.528874380828092,0.8949545664451027,0.6919441299028585,30.103875009596305,-0.2399793766538709,0.4340797667130226,0.8345970559965409,0.4767281838835005,0.2725831264066979,-0.0041448824308179,1.4413732182331638,0.00014362172231312058,35.80180319021553
5.472539085638111,0.8949976937752795,0.6919979745330376,0.5456378844232976,-0.187159586845971,7.043957043115301,0.8349974305199734,0.4769992899968794,0.2610010362016063,1.678531609538377,0.1821010626698541,3.771678914175761,36.46785661231544
0.5270502919568603,0.8950104456633109,0.6920156385379116,-29.23784831707144,0.7548552519269559,0.4423974974304048,0.8349906964579695,0.4769992899968794,0.2610010362016063,-0.0053815890843411,1.4450359616368929,inf,36.74309085216558
-17.14128754397217,0.8946382370176926,0.6912586109915401,0.7140366249597028,0.5178370618519704,0.0629815517784919,0.8349615353358314,0.4769992899968794,0.2610010362016063,1.9222303118728057,-0.0006729640809671,inf,36.8604341924104
0.5295049304183036,0.8907844929394501,0.6889816387813453,30.98096584023746,-0.229915616878694,0.4343362755452877,0.8345970559965409,0.4769992766473407,0.2610007958407498,-0.0005968438782446,1.4414473536201178,8.485545677366863e-05,36.87404136948345
0.3803767308513129,0.8923303662988796,0.6899901935849005,31.0238227560866,-3.770563984889848,0.196433885245456,0.8328575763385248,0.4769997051858351,0.26100213410551,-0.0098497369776074,1.448385815785142,1.2358414269058746,36.92643368714743
-17.99332997447153,0.8931127235037593,0.6906674639587872,0.7058966751257154,0.5077893415084849,0.1897937396081666,0.8349906964579696,0.4769992899968794,0.2610010362016063,1.9237941516979624,-0.0018458439498346,inf,38.64294973738814
-18.126929720568626,0.8950105888589025,0.6920157402665316,0.7057209440071767,0.5077383712461526,0.1939786444496959,0.8349906964579696,0.4769992899968794,0.2610010362016063,1.9238239138789492,-0.0018681655855748,inf,38.92244711416031
19.239911257815837,0.895855896864163,0.6937755652101915,0.7051664064515,0.5070213187630142,-0.176025447460076,0.834927959906178,0.4579329800756363,0.6491673444310943,1.9130720406333417,-0.0795780587410592,0.04343269132075384,39.25086037199966
0.4318274127549957,0.8962355880149577,0.6924931210793637,32.98354764806878,-2.728565604440758,0.2814991601727685,0.8323066515682228,0.4769992899968794,0.2610010362016063,-0.0072116145328222,1.4464084807232536,0.4239748477012913,39.32218538883714
-18.357882859619924,0.8950032351449068,0.6920105160611751,0.7053251732235487,0.507643680712896,0.2034281875199528,0.8349906964579682,0.4769992899968794,0.2610010362016063,1.9238992099799752,-0.0019246376613442,inf,39.40561267702913
-18.59532121718741,0.8950069338264076,0.692013143668357,0.7049395741150121,0.5075913126690854,0.2142468509276007,0.8349906964579695,0.4769992899968794,0.2610010362016063,1.923982215198283,-0.0019868915750749,inf,39.90234564265149
-18.88143712366308,0.8950070887081624,0.692013253699029,0.7045060310491948,0.5076025057517616,0.2292096248435002,0.8349906964579695,0.4769992899968794,0.2610010362016063,1.9240928382881757,-0.0020698588924944,inf,40.5009144846508
-19.204995748545265,0.8950054369510363,0.6920120802622552,0.7040611758657744,0.5077326997340706,0.2493082613559373,0.8349906964579691,0.4769992899968794,0.2610010362016063,1.9242360506762008,-0.0021772681835134,inf,41.17781537352566
5.9157077906846185,0.8949921365669382,0.69199411530488,0.5372977544414459,-0.2163538786537678,8.059583439889149,0.8349997731106605,0.4769992899968794,0.2610010362016063,1.668787397806916,0.1894092214684502,4.310465314254518,41.87012468026143
-19.63515087960047,0.8950051881229203,0.6920119034904667,0.7035532508138759,0.5081380829783418,0.2826010144790178,0.8349906964579695,0.4769992899968794,0.2610010362016063,1.924464491958876,-0.0023485991455194,inf,42.077721505440316
0.5243125503092936,0.8951813559995379,0.6920368646541207,35.30108825098127,-0.4101023460941459,0.4272487379402668,0.8341551157712781,0.4769998071107066,0.2610000541316005,-0.0010852076409355,1.4418138424111486,0.0011838809848427464,42.15536461000156
-20.16403894872503,0.8950072049793641,0.6920133363000978,0.7030752370073554,0.509071394194068,0.3364797588695654,0.8349906964579695,0.4769992899968794,0.2610010362016063,1.9248201292823803,-0.0026153271381482,inf,43.18418190109839
21.547733606164705,0.8949895962007993,0.6919690156369107,0.7039969929913992,0.506250963411552,-0.2242267334147256,0.8345970559965409,0.3459862620211377,2.6619045846604616,1.86187709227497,-0.4782897122467305,1.646340539593566,44.07894059867093
21.691720853025416,0.89500239267393,0.6920025124155911,0.7230149270754322,0.6364184577924368,-4.402319493213336,0.8350024142490194,0.4769992899968794,0.2610010362016063,1.9526078884268472,-0.0234561464964981,0.09330195362462741,44.380169148588735
0.5370686555189432,0.89420407658486,0.6902470760525012,37.40943483490241,-0.0590568836550233,0.445820553752585,0.8350424838194942,0.4676042743604906,0.4004512791608572,-0.0347703915484338,1.4377563850459816,0.006288063472020908,44.732805421641096
-20.906570214061656,0.8950093870714703,0.6920148864959954,0.7027019257982812,0.5113114040582758,0.4416296404182769,0.8349906964579695,0.4769992899968794,0.2610010362016063,1.9254850242369588,-0.0031139983540818,inf,44.73759459008715
21.92461914448356,0.894983673861156,0.6919648083061314,0.7044222254531076,0.5062573437181517,-0.2156152236842496,0.8345970559965409,0.4562695821861098,0.6829044260470258,1.9125170707998296,-0.0866201834177562,0.05136535651970377,44.86740406795724
22.25093087960456,0.8949616292198528,0.6919491474181281,0.7047943270720259,0.5063230827590649,-0.2100316028975326,0.8345970559965409,0.4735900640635944,0.3479506329434403,1.9204187444154677,-0.0190372957313633,0.0023071418231269216,45.55006460168318
22.577906257197224,0.8949545664451027,0.6919441299028585,0.7051658411041226,0.5064263944985264,-0.2056966085604609,0.8345970559965409,0.4766573281128927,0.2761205462837371,1.9217987228740403,-0.0039268662809756,0.0001723808761014329,46.2341135087808
0.3963253723968305,0.8950015746910679,0.692001168894619,-10.468962994583714,-13.581604003223765,-0.2204585243355047,0.8350001915924937,0.4769992899968794,0.2610010362016063,0.1939639084416547,1.295526838492396,inf,46.27201334407922
0.5396853652535237,0.8950715716240435,0.6919641070299999,39.15530734007779,0.0127062646985418,0.4500272238226578,0.834424725937864,0.4769998979842829,0.2610000132033487,3.3155957767418235e-05,1.4409751336157903,0.002142369578504365,46.86712388762567
-21.928386237803583,0.8950104456633109,0.6920156385379116,0.702733722609147,0.5161304136688056,0.6470187873659622,0.8349906964579695,0.4769992899968794,0.2610010362016063,1.9267146155158572,-0.0040361918132558,inf,46.87528501632549
23.235724380178088,0.8907844929394501,0.6889816387813453,0.7060065738910715,0.5067256548028357,-0.1970705287531663,0.8345970559965409,0.4769992766473407,0.2610007958407498,1.921929804826824,-0.0004476329086834,8.484116016374813e-05,47.61030205058177
23.26786706706497,0.8923303662988795,0.6899901935849005,0.5071689744684159,0.2291728661196967,-3.231911987048464,0.832857576338527,0.4769997051858352,0.26100213410551,1.931181087713523,-0.0073873027332056,1.2358414998855545,47.67754616540788
0.2982708605086633,0.8949995517822381,0.6919988789834209,0.3976944806782166,0.3058267757064374,0.2621372363197997,0.8349947045828474,-0.7181358140281413,13.060779860283,-0.716415234088064,0.2453802307636677,81.74328327672235,49.04130214667816
0.546028859935265,0.8941937771076102,0.6905645392435491,41.59326548460591,0.2253326399801747,0.4587909528814232,0.8348954947534004,0.4737418768142902,0.334464939948447,-0.0197642502561692,1.4393809797542487,0.00687681804396536,49.84751281736664
0.5266408517030345,0.8950009715241141,0.6920014258191063,7.317472762538757,-0.0752235496735961,0.4336444014024871,0.8348522530080346,-0.8701962256404869,13.283427730135632,-2.6550862500816685,0.9687326701396316,49.182893225997354,49.89435911929361
5.488104571904068,0.8950009715241141,0.6920014258191063,0.7021878022707128,0.5059184683029018,-0.0644773282916538,0.8348522530080346,-0.8702289862948578,13.283752129344442,1.291628270390409,-1.9913650562992595,49.18534514434404,49.89560202813963
24.7376607360516,0.8962355880149577,0.6924931210793637,0.5757698836733269,0.3284156868682291,-2.33877051809209,0.8323066515682235,0.4769992899968794,0.2610010362016063,1.9285446409643383,-0.0054087108996166,0.4239761428690437,50.752428318099575
0.4079224596346862,0.894996570591538,0.69199746062389,13.614509394354808,15.649913148863469,-0.1684150415859544,0.8349998841281056,0.4769992899968794,0.2610010362016063,0.2244777554988468,1.2726414531995018,4.317718985913491,51.16637716287823
0.4597494263897475,0.8950463970107547,0.6920335479636498,-25.264467161449765,-15.278601182244236,0.0756429636850216,0.8350006748002633,0.4769992899968794,0.2610010362016063,0.0977972950997702,1.3676517984988092,inf,51.92867060748079
0.5360758259292902,0.8949974941966511,0.6919954258897842,-42.10470964004,0.1207810904481989,0.4448365536404797,0.834997944120867,0.4769992899968794,0.2610010362016063,-0.0006579316418376,1.441493218555015,inf,52.472750171198044
0.5331058083662567,0.8949643119562247,0.6919334047090023,-43.51229492042776,0.2582416312366902,0.4412693563403648,0.8349914040868157,0.4769992899968794,0.2610010362016063,-0.0013335766697778,1.4419999523259703,inf,54.19351457265008
26.475816188235964,0.895181355999538,0.6920368646541207,0.6990834004123916,0.4984568609303115,-0.3515162966521221,0.8341551157712778,0.4769998071107066,0.2610000541316006,1.9224184565481983,-0.0008139057307016,0.0011839111839405045,54.388736795472724
21.144629979973622,0.8949846035218377,0.6919654687528867,0.7035555160790269,0.5063624203182576,-0.23694193084375,0.8345970559965409,-0.3468427947287861,14.765693193259562,1.542757752912731,-2.856036378808369,59.87880244912739,55.57353713892552
28.05707612617682,0.8942040765848597,0.6902470760525006,0.7160915406919236,0.520123979378015,-0.0506201859900331,0.8350424838194948,0.4539439046272771,0.6832732000360695,1.910552705703786,-0.0838700054130557,0.05182992617706829,57.696811979449414
29.366480505058604,0.8950715716240426,0.6919641070299993,0.7195804870046968,0.5250317611264322,0.0108910840272927,0.8344247259378681,0.4769998979842829,0.2610000132033487,1.921300178154388,2.4866968325498018e-05,0.0021423422072031446,60.43615168422302
0.5324174438873668,0.8952142200737924,0.6924580163135118,50.8620844617714,-0.282544377980278,0.4396498941014937,0.8350242791409739,0.4696065740868752,0.3907021856620415,-0.03464391238219,1.438925746742463,0.0049704485700962945,61.178587361578735
-7.85172224594428,0.8950015746910692,0.69200116889462,0.5284338298623885,-0.2572016117249274,-11.641374859919395,0.8350001915924891,0.4769992899968794,0.2610010362016063,1.727369117989774,0.1454729313313067,inf,62.92220670169891
30.94306899046916,0.8950453810454936,0.6920522801436658,0.7067838504983521,0.5213473356943455,-0.8933620781533169,0.834994433464134,0.4769992899968794,0.2610010362016063,1.9252403516514704,-0.0029304939149658,0.0007805361267610158,63.7344539549564
31.194949113454435,0.8941937771076102,0.6905645392435491,0.7280384799136866,0.5352561116949937,0.193142262840149,0.8348954947534004,0.4733483954060271,0.352857745821338,1.918985189411572,-0.0190461622752295,0.007781894156720034,64.26139981894234
-31.57853223002876,0.8949974941966511,0.6919954258897842,0.7147677679057203,0.5189759792472264,0.103526648955595,0.8349979441208668,0.4769992899968794,0.2610010362016063,1.9219909580733536,-0.0004934487313782,inf,67.06387495821916
0.3999071901297459,0.8949964638634051,0.6919973519721528,-16.242340473807953,-20.36173612294531,-0.2052510813294543,0.8349999886415728,0.4769992899968794,0.2610010362016063,0.1978435537272321,1.292617104528213,inf,68.87245374315104
0.5272870434587111,0.894979234275066,0.6919616543486875,27.53172842329216,-0.3027848049378984,0.4343534325954815,0.8345970559965409,-0.8931297244831123,18.27427195327668,-4.294089629400654,0.9655147779291828,90.15587390581074,69.0163676370754
-32.634221190320936,0.8949643119562247,0.6919334047090026,0.7108077444883423,0.514814249063759,0.2213499696314448,0.834991404086816,0.4769992899968794,0.2610010362016063,1.922666603101294,-0.0010001825023334,inf,69.27242926845385
10.210882045777277,0.8949965705915419,0.691997460623893,0.5438966128460908,-0.1964842151841648,13.414211270483436,0.8349998841280953,0.4769992899968794,0.2610010362016063,1.6968552709324611,0.1683583166242914,4.31771895431658,70.35218760895445
-18.948350371087425,0.8950463970107547,0.6920335479636497,0.6129992351863304,0.0882501242991935,-13.095943870495066,0.8350006748002633,0.4769992899968794,0.2610010362016063,1.8235357313317464,0.0733479713248273,inf,70.65927590688865
0.5327518149689494,0.8954548224937275,0.6929926245226667,61.57705796271736,-0.3438090316624279,0.4404871214534898,0.8350236998457516,0.33935257918668,2.151181081037627,-0.4580546808616276,1.3931424028019936,1.0036333378470923,74.27757697153713
0.5261584784580651,0.8950028269315496,0.692003447916821,2.122350806757859,-0.0297411374839434,0.4363117532040616,0.8350004524654099,-4.318985703700532,20.1341244350848,-0.549933601997077,-0.3251567637913014,139.9904283142993,76.14223921488428
1.5917631050684136,0.8950028269315496,0.6920034479168209,0.7015446379440868,0.5090303787380719,-0.0254924035576662,0.8350004524654099,-4.319280096292998,20.135374175984165,-0.4336866430443506,-0.412483119016278,140.007982805271,76.1470274941922
0.5338905165065607,0.8880502970157486,0.68706276196159,-63.08728332227601,0.2720770834792564,0.4364859978725525,0.8349704786996461,0.4769992899968794,0.2610010362016063,-0.0009153886005215,1.441686311274028,inf,78.12381824239121
38.1465633463288,0.8952142200737926,0.6924580163135122,0.7098899251831564,0.5129248764517436,-0.2421808954116492,0.8350242791409733,0.4632072358078056,0.5423632165096687,1.915597637364268,-0.057887581358964,0.023051055871143148,78.80452582913975
0.6724641311310788,1.015667343439446,0.7777005391398154,23.93308186191969,-23.86576266890934,1.2842915878320431,0.8345970559965409,0.4769992899968794,0.2610010362016063,-0.187723667312578,1.5817925203080707,inf,80.5525422296978
0.5365455795970191,0.8950214800179467,0.6920312363395933,-65.16358572051867,0.1554689147781664,0.4454517404102683,0.8349616931876914,0.4769992899968794,0.2610010362016063,-0.0005028838280721,1.4413769326946912,inf,80.66208523290791
0.5389311418247916,0.8950038713375739,0.6920037538606943,0.7185748557663897,0.2661236323934749,0.2281059706229734,0.8350007331214827,-5.02083131433215,22.580092566509148,-0.7442787667521953,-0.5581979338082728,183.86218201148333,85.51376462264041
-12.18175536526262,0.8949964638634025,0.6919973519721508,0.5332095868411117,-0.2394595948771173,-17.452916690736053,0.8349999886415718,0.4769992899968794,0.2610010362016063,1.7234894726914742,0.1483826653050316,inf,93.83466324859602
0.5120317461614926,0.8956702887887861,0.6928833226029014,78.54521682322921,-1.7437456703180267,0.4092550747090651,0.8355838051482442,0.476189980981321,0.2957970049682452,-0.0137159681081073,1.4430699366697572,0.010390778337043242,95.0210474611604
46.182793472038334,0.8954548224937282,0.6929926245226683,0.7103357532919341,0.5139016416957397,-0.2946934557106004,0.8350236998457524,0.0004568704193739,8.648917002668558,1.6993030689021589,-1.6492085261014475,20.13416239074668,95.61672274485007
-47.315462491707,0.8880502970157486,0.68706276196159,0.7118540220087476,0.5092336641846447,0.2332089286965053,0.8349704786996461,0.4769992899968794,0.2610010362016063,1.9222484150320376,-0.0006865414503911,inf,99.98632320440797
0.5411287357144262,0.8948838051080119,0.691766778919597,85.10170755463838,0.134717844315976,0.4517763527234428,0.834949266697732,0.4746221451894636,0.3148604632526505,-0.0147165136206476,1.4399778673124148,0.003506652754217488,103.03631730395891
-48.87268929038763,0.8950214800179463,0.6920312363395927,0.7153941061293579,0.5196936971453121,0.1332590698098835,0.8349616931876924,0.4769992899968794,0.2610010362016063,1.9218359102595888,-0.0003771628710542,inf,103.24411985436744
0.6123235367599434,0.9330882228237336,0.7190667487011478,35.70085711347088,-30.720009176526418,1.0713881797570552,0.8349906964579694,0.4769992899968794,0.2610010362016063,-0.1549770587840777,1.5572325639116953,inf,103.4000305884214
17.949811396439774,1.0156673434394463,0.7777005391398154,0.8966188415081051,1.4983401858040504,-20.456368001922296,0.834597055996541,0.4769992899968794,0.2610010362016063,2.109056693744094,-0.1407927504844334,inf,109.81046809533136
0.5351395412794627,0.8950016593309511,0.6920056688889829,95.97892279211106,-0.3261169537235925,0.4434196183383092,0.8350154319972956,0.4724033287058238,0.3416668455583558,-0.021608473391951,1.4397550633516312,0.0024379236941981775,116.33364644512356
0.529098350011365,0.8949759539001627,0.6919828651328731,-97.71169317284236,0.8639654791243093,0.4347375225543162,0.8349704786996461,0.4753609972551462,0.3216181941903236,-0.0199292751148541,1.4417637590434893,inf,120.45194764406156
58.908912617421954,0.8956702887887857,0.692883322602901,0.6827089948819896,0.4774642538272418,-1.4946391459869055,0.8355838051482456,0.4759556050199159,0.3074836428288418,1.9239928481133024,-0.0129944844263155,0.010680203972147029,122.2404029653179
0.5287211867663218,0.8950075795279363,0.6920053325109283,-102.12283185343333,0.94490921550795,0.4346284015314995,0.8349704786996461,0.4641903969837656,0.4918382015599614,-0.0628182035850973,1.4379760237473884,inf,125.84453771813365
0.5285700833454607,0.8949947916000088,0.6919962477517784,-104.04398715477448,0.9829278905927692,0.4346014810701845,0.8349704786996461,0.4262761818149381,0.8818395883729455,-0.1455056503452935,1.4248509662938889,inf,128.19313833102015
0.4466861645665973,0.8950184206003309,0.6920133151696264,52.71741519098772,39.12387362277461,0.0077156274870021,0.8350000373430017,0.4769992899968794,0.2610010362016063,0.1334373209606051,1.340921779103183,1.9762305596344036,129.4129120759154
63.82628066597902,0.8948838051080117,0.6917667789195966,0.7215049809525678,0.5270724115106828,0.1154724379850989,0.8349492666977321,0.4741578420761333,0.3326656210456148,1.9197500813444823,-0.0150484598574408,0.004171070699822283,132.5277838200398
0.5282431625803783,0.8950030180753141,0.6920020919782415,-108.6524077854988,1.0857505329810642,0.4346131267973795,0.8349704786996461,0.2919645732390152,2.032982202840547,-0.3613937795761915,1.3780297092738487,inf,133.82690438325037
0.5348793995122361,0.8939978679262557,0.6897927993680378,116.41500775881651,-0.4264998680735984,0.4431159141672701,0.8349829381627502,0.4549112878160788,0.5899711838437993,-0.0824529188365254,1.433626313104344,0.031059227060550594,141.31663540197619
0.5278352926359675,0.8949980534439588,0.6919985650205992,-115.368132795084,1.2556193805091356,0.4347450519143403,0.8349704786996461,-0.1567487218030561,5.6336153120059445,-0.9999996352659212,1.2205366606064467,inf,142.0368371578044
0.521775541339606,0.8950521837473927,0.6921130355596077,121.38789564145348,-1.7554927863493794,0.4239932238279383,0.8351046767135436,0.4764630833869912,0.2840322117353577,-0.0092174000448866,1.4424733466143371,0.002307983217947964,147.39596044187468
0.5339635698913909,0.8951380815524644,0.6922570165988969,46.75633360052208,-0.193485587938659,0.4417257898292681,0.8350182951926876,-2.5464020489775083,39.28784101898183,-9.20557514638642,0.36948003726312,424.8244734627361,149.52812650950892
71.9841920940833,0.8950016593309511,0.6920056688889829,0.713519388372617,0.5173228880613608,-0.2795288174773651,0.8350154319972956,0.4684109404337378,0.436315892312457,1.9178037930140075,-0.0361061323605102,0.00948669680439629,149.5945441298814
0.5275176063670936,0.895000231132288,0.6920001120870268,-121.83384574527238,1.4504111109120963,0.4350311052423399,0.8349704786996461,-2.0070608184695606,20.28591446936377,-3.564759732499368,0.5674394468924968,inf,149.9411317179369
0.5358907812022953,0.8950053466184373,0.6920081279033916,126.29099829457414,-0.3516651752108888,0.444457517490485,0.8350062882060301,0.4768961325997854,0.2654485413688039,-0.0017787869574946,1.4412834619890555,0.000751758302406169,153.38997346524957
-73.28376987963178,0.8949759539001627,0.6919828651328731,0.70546446668182,0.5071937763133689,0.7405418392494078,0.8349704786996461,0.4753609970664647,0.3216182038257633,1.922351678638704,-0.0149469585687511,inf,154.31332610801627
-76.592123890075,0.8950075795279363,0.6920053325109283,0.7049615823550958,0.5070664684534161,0.8099221847211,0.8349704786996461,0.4641903943073794,0.4918382713161067,1.917301363771884,-0.0471136676259239,inf,161.23456880768828
0.5472583795655624,0.8950110457413974,0.6920114614847676,0.7296778394207505,0.2669648764208663,0.2288270369321738,0.8350002175383614,-9.91062140139513,43.01800572095567,-0.4349528777786221,-0.385291584080675,788.4617081707389,163.8199452910179
-78.03299036608085,0.8949947916000088,0.6919962477517784,0.704760111127281,0.5070350612485486,0.8425096205080879,0.8349704786996461,0.4262761657899956,0.8818398709468379,1.899801281023428,-0.1091292934084723,inf,164.24893382025283
0.5336414030530696,0.8951297422385209,0.6922419452387998,44.96040508824852,-0.2047762206898973,0.4414361087569174,0.8349919910047597,-2.84977286032952,43.20439573070982,-10.13065182569006,0.2628490274519536,514.1602498822298,164.5340832594246
-81.4893058391241,0.8950030180753141,0.6920020919782415,0.7043242167738377,0.5070486479302762,0.9306433139837694,0.8349704786996461,0.2919644899904769,2.0329833224030684,1.8373729072188572,-0.2710455366017394,inf,171.4797193287115
39.53806139324063,0.8950184206003309,0.6920133151696264,0.5955815527554627,0.0090015654015009,33.534748819521084,0.8350000373430017,0.4769992899968794,0.2610010362016063,1.7878957054709106,0.1000779907204541,1.976230715033788,177.37632350809085
87.31125581911763,0.893997867926254,0.6897927993680344,0.7131725326829776,0.5169685665284776,-0.3655713154919286,0.8349829381627507,0.4225404019052274,1.2603024868475226,1.8962951829690624,-0.1988902991051982,0.287944459184617,181.65953100233816
-86.526099596313,0.8949980534439588,0.6919985650205992,0.7037803901812899,0.5072025605667304,1.076245183293545,0.8349704786996461,-0.1567491075856338,5.633619742752182,1.6273820349730177,-0.7500004724529159,inf,182.0169447621611
91.04092173109105,0.8950521837473925,0.6921130355596072,0.6957007217861407,0.4946587611325939,-1.5047081025852396,0.8351046767135433,0.4763055764430068,0.2918933894893531,1.923227826276653,-0.008732554402773,0.002437196085705294,189.462179353747
0.5323432922560105,0.8946150318925155,0.6911619532237478,156.91165365069847,-0.949403275023587,0.439970139756393,0.835014246900258,0.3271492925413064,2.320727591147558,-0.4994695571669476,1.3890210964146523,1.1978712813440686,190.8235374702915
-91.37538430895428,0.895000231132288,0.6920001120870268,0.7033568084894581,0.5075362894493965,1.2432095236389398,0.8349704786996461,-2.007062882915033,20.28593601932285,0.7565849660566519,-2.6735732493987667,inf,192.16189185973698
94.71824872092697,0.8950053466184367,0.6920081279033907,0.7145210416030591,0.5185337704055641,-0.3014272930379851,0.8350062882060327,0.4768657062147384,0.2669677451073293,1.921697107832956,-0.0016852344538689,0.0007566046741512975,197.15533205214848
0.4288950309743267,0.8950053688337731,0.6920087072706241,0.571860041299102,0.2977973078611644,0.2552548353095706,0.8349968845160595,-3.61250733845632,52.69027048849019,-11.593054810848272,-0.7233871526199779,1763.6065696146984,200.87843099038386
0.5326847624259661,0.8950000000118541,0.6920000000306679,0.7103022591117667,0.2436799341066654,0.2088685149485699,0.8349999999888009,0.4769992899968794,0.2610010362016063,184.98240968378465,-137.29580749301482,0.022056806225120115,213.10001120808408
117.68374023802768,0.8946150318925162,0.6911619532237495,0.7097910563413489,0.5132984963824603,-0.8137742357343796,0.8350142469002587,-0.0419283921652326,9.404272035505944,1.6797498764743004,-1.7983235718078583,24.024976165121448,245.20029338499518
0.7509446543101417,1.1982891116216654,0.9074624229501496,121.59425155698035,-85.26619909538805,1.2007513189661478,0.8348522530080346,0.4769992899968794,0.2610010362016063,-0.1262612013275077,1.5356956708192675,inf,285.2206636512935
0.5264207167023579,0.8950023780226508,0.6920024250193292,7.287418292514125,-0.099318260429912,0.4353360888466798,0.8348522530080346,-8.319175344655596,82.62009382299937,-16.431784772195112,-1.6561080505155763,1968.774484548048,315.55208361302437
5.465563719385593,0.8950023780226508,0.6920024250193292,0.7018942889364772,0.5078921036544598,-0.0851299375113532,0.8348522530080346,-8.319350589546858,82.62179178979568,-2.2082262992542607,-12.324098390297108,1968.8557191572029,315.5585892329336
91.1956886677353,1.1982891116216656,0.9074624229501496,1.0012595390801888,1.400876538793839,-73.08531351033264,0.8348522530080346,0.4769992899968794,0.2610010362016063,2.047594227759024,-0.0946959009956308,inf,389.75166760815233
0.5356399472245337,0.8950087271797049,0.6920089859840195,-1.097287500267922,0.0782770324862186,0.4772010897506458,0.8349995801995994,-25.10787740406649,106.29674288658184,-1.7378697486199322,-8.8923808047885,6748911.116027283,406.26721412483465
-0.8229656252009393,0.8950087271797049,0.6920089859840196,0.7141865962993783,0.5567346047090868,0.0670945992739013,0.8349995801995995,-25.10798369911073,106.29718889798002,-11.85656518810288,-1.303408923884173,6749015.093466214,406.2689229807664
0.3968076775241478,0.8949947655143893,0.6919960510477787,103.52719612275918,131.96052132061877,-0.2139257115551896,0.8350005869591879,0.4769992899968794,0.2610010362016063,0.2251635569650672,1.2721271020998366,5.819457995134791,438.86840440206254
0.5269311215956308,0.8949788268526712,0.6919613649088909,26.798946225682307,-0.3470368595440899,0.4351292295494114,0.8345970559965409,-8.936579021056836,121.79307249423417,-28.7407496886445,-1.841444690132076,4098.050066698075,465.6401244989815
0.5271456494736612,0.8950007271786574,0.6920004644867134,-132.44744955387682,1.8560114912158845,0.435877143188249,0.8349704786996461,-14.415785602907402,128.547296876673,-24.08584478567445,-3.81912713280033,inf,491.5183788378275
-99.33558716540762,0.8950007271786574,0.6920004644867134,0.7028608659648816,0.5085233337196238,1.590866992470758,0.8349704786996461,-14.415802985294246,128.54748073001062,-5.092177644827261,-18.06441322364172,inf,491.51908325674566
20.648796317469124,0.894979234275066,0.6919616543486875,0.7030493912782815,0.506745671361395,-0.2595298328039129,0.8345970559965409,-7.025292857633891,130.38061205560265,-1.5392620400371109,-25.507582973192196,4812.3313836927555,498.54257492568064
0.5351788396443034,0.894994847929778,0.6919904835124915,415.8766146715974,-1.4321198302139009,0.4435122747194736,0.8350042911103929,0.4722878822819397,0.3437609831422811,-0.022242172621167,1.439774757623608,0.0025488863844429837,507.40661940293086
0.5340933462783108,0.8950819408023779,0.6921691979719189,-438.0379602207827,1.9432612416156336,0.4420555529534261,0.8350110739365733,0.3566092730864242,1.901443251009845,-0.3963522544875882,1.399214545426646,inf,536.4987288762625
0.5912098134291347,0.9343175242535788,0.7199317786135144,292.025066393743,-175.76066218694567,0.8670477919135969,0.8349704786996465,0.4769992899968794,0.2610010362016063,-0.1051750792651556,1.519881079272504,inf,586.8688739564856
0.5381715181771923,0.8950395889700378,0.6920373080215619,-0.3604758086783858,0.0312757172182946,0.4859708467333425,0.8350015412930357,-38.00736519287236,156.49677344921295,-1.0495436394457438,-14.471565120375317,8623.82751714746,598.604495973996
-0.2703568565087893,0.8950395889700378,0.6920373080215619,0.7175620242362565,0.5669659878555663,0.0268077576156811,0.8350015412930357,-38.00776157699384,156.4983862576657,-19.295639407835,-0.7871661875028308,8624.006228780872,598.6106753167268
77.64539709206987,0.8949947655143893,0.6919960510477787,0.5290769033655303,-0.2495799968143887,113.10901827481696,0.8350005869591879,0.4769992899968794,0.2610010362016063,1.6961694694664486,0.1688726677238006,5.819457995785925,600.6437142277498
19.76231136127096,0.8978079877171831,0.6939814200512711,26.44202505254481,-0.3955217742066152,-0.2670877347644255,0.8349604189371129,0.4769992899968794,0.2610010362016063,-535.9921873124745,403.4351402541794,69.77779896789285,621.3613279079566
311.907461003698,0.894994847929778,0.6919904835124915,0.7135717861924045,0.5174309871727192,-1.2275312830404863,0.8350042911103929,0.4681783941808288,0.4411871158468889,1.9177747917029084,-0.0371650065438716,0.010023706373746473,651.5260690453933
-328.5284701656101,0.8950819408023772,0.6921691979719174,0.7121244617044128,0.5157314784456617,1.6656524928139416,0.8350110739365748,0.3566092351980507,1.901444004506771,1.8656193761972173,-0.2972643435692014,inf,688.2980547397701
0.5903560176029394,0.8950023225277748,0.6920036415282704,0.7871413568039192,0.3030910817047571,0.2597923557469354,0.8349926629703184,-16.457019664434757,191.36150173947087,-22.274096173791083,-5.578305668984958,18508.302229681973,732.1858304194286
219.01879979566837,0.9343175242536806,0.7199317786135869,0.7882797512388408,1.0115557572324632,-150.65199616046766,0.8349704786996124,0.4769992899968794,0.2610010362016063,2.0265081056966574,-0.0788813094488558,inf,802.3404051088705
0.5378755622634613,0.8949326131134667,0.691880618743244,-1179.297424829811,1.3676642530908407,0.4472775363755119,0.8349936293622647,0.4581970530482628,0.6078862522125331,-0.0921282288358369,1.4344910769943495,inf,1442.6838934349769
0.5309777516905992,0.8950498817421542,0.6920516329403481,1.5597910611306962,-0.1757905249946523,0.4975210913472425,0.8350010959721673,-93.78342891396905,386.8185093675813,-2.8644139745577077,-38.25805183347087,55283.45075512967,1481.0632542819205
1.1698432958480185,0.8950498817421542,0.6920516329403481,0.7079703355874657,0.5804412732384502,-0.1506775928525595,0.8350010959721672,-93.7849533648362,386.8253328145627,-51.011588100884126,-2.148489652997536,55285.389955256,1481.0893977569451
0.5326478086963691,0.8950184181263307,0.6920308608737232,22.789993663219636,-0.1151236438391315,0.4400856646776602,0.834976792340698,-30.264529707353,394.3678100242946,-92.74298736962956,-9.421264805850877,43036.95512658305,1509.9877778708603
-884.4730686223178,0.8949326131134667,0.6918806187432441,0.7171674163512819,0.5218237924380974,1.1722836455063093,0.8349936293622643,0.4581970495993839,0.6078863489729779,1.9126547677018169,-0.0690961925581331,inf,1851.3620682475266
35.06725020039157,0.8951380815524645,0.6922570165988972,0.7119514265218546,0.5153467548008129,-0.1658447896617033,0.8350182951926879,-28.091746800932626,493.7154577455103,-11.4964594325473,-96.44285356433244,69442.13108222514,1890.6301063046371
33.72030381618656,0.8951297422385209,0.6922419452387997,0.7115218707374261,0.5150087935497369,-0.1755224748770588,0.8349919910047597,-30.96002765752717,543.2637248181599,-12.833465342866504,-106.13475601558974,84062.27572149072,2080.470210031264
0.5315289615968615,0.8949763128846723,0.6919607288295107,20.14470590286274,-0.1419764043339914,0.4394308770154795,0.834992282131587,-42.392547307967966,549.8805087708658,-129.37475240904283,-13.68176882886142,83731.5332546943,2105.8218726853097
0.2624937903937701,0.894978179006134,0.6919822626995702,0.3499917205250264,-0.4505907884798935,-0.3862206758399089,0.8349993559518809,244.9259751494211,-561.7761530748526,1.143611990451538,0.8579585530884024,7883644.063022001,2153.399053926638
0.5264552962537843,0.8949988978144328,0.6919999526208613,7.250746505933165,-0.1454837886099221,0.4389998354726465,0.8348522530080346,-68.18167708619424,631.3736602856633,-124.04040100272044,-22.972943044612254,115957.86884988738,2418.056169676871
5.438059879449875,0.8949988978144328,0.6919999526208613,0.7019403950050457,0.5121664747180877,-0.1247003902370762,0.8348522530080346,-68.18276017152205,631.3840989081258,-30.631103547004862,-93.0318892600856,115961.70763362737,2418.0961643989494
0.3688532921676907,0.8950006662837875,0.6920011126880498,0.4918043895569202,0.3098668310015694,0.2656001408584783,0.8349961183819258,-72.94303820933298,921.5803943359216,-210.8072846985868,-27.746250434892342,565479.4428418112,3529.9593652717303
0.5307259006689709,0.8950554779281459,0.6920725236821849,3263.862161182459,-23.534702327758023,0.4370478695839899,0.8349911969151933,0.4767256293270325,0.2727801392826333,-0.004833510192403,1.4418426569230332,7.227295900916775e-05,3989.0515417878473
0.5266552089965505,0.8949776417843878,0.6919605230162329,25.896519832494278,-0.4332839578887725,0.4370042196484452,0.8345970559965409,-101.2057530335472,1303.9191082964526,-307.1752400496566,-34.20319316484486,471305.5032589225,4994.85865247683
2447.89662090213,0.8950554779281432,0.6920725236821813,0.707634534225287,0.5098891811813122,-20.172601995360377,0.8349911969151952,0.4766429796559329,0.2769061091985338,1.9224190210157384,-0.0045792701749546,0.00010714386153941495,5120.122637870565
20.099209669261526,0.8949788268526714,0.6919613649088912,0.7025748287941745,0.5076507678076467,-0.2974601653235011,0.8345970559965424,-88.55266811930456,1538.3212701130249,-39.244117523593005,-301.1102193050063,672108.2845039046,5892.951226486685
0.5348019153908994,0.8949580935248246,0.6919579957130476,6230.690426996811,-23.49559606506033,0.4429377172580933,0.8350869115071841,0.4768561854218841,0.2671670785582625,-0.0025301084234605,1.441441172624517,0.0004932786844771659,7615.980962098791
4673.017820247608,0.8949580935248246,0.6919579957130476,0.7130692205211991,0.5167606701344423,-20.13908234148028,0.8350869115071841,0.476812913830009,0.269327706224956,1.9219014728984556,-0.0023970341794039,0.0005028370987751514,9775.1879084678
0.526864766426072,0.894999628041991,0.6919996836415331,-147.82355663602985,2.633473915626096,0.4377539180070124,0.8349704786996461,-280.48407301095614,2937.6010236382767,-626.4885734290601,-97.7894644636318,inf,11254.176335778839
-110.86766747702238,0.894999628041991,0.6919996836415331,0.7024863552347628,0.5107129043415145,2.2572633562509394,0.8349704786996461,-280.4845669149306,2937.6069646418964,-130.38618415849115,-469.86745084359217,inf,11254.199098244813
0.531466189460264,0.8950729881199846,0.692107782876496,40.036569261596725,-0.3112411629844239,0.4396952901159646,0.8350146603650451,-469.470716606986,6013.284926660775,-1414.093371937453,-164.44952838002874,10062653.915745258,23038.405849275
17.092495247414757,0.8950184181263307,0.6920308608737231,0.7101970782618253,0.5134332754572702,-0.0986774090049706,0.8349767923406979,-579.9693388676629,10018.982121826824,-269.7085430630659,-1958.4568312038664,28505891.828692127,38385.90468132882
0.5683720301033622,0.8950012835425952,0.6920010079391046,0.7578293734711525,0.1979444571721131,0.1696666775760875,0.8349999753882729,1354.6083408196969,-10057.163352439486,43.46942351478447,32.60206761461258,114892143.07270436,38534.19292122408
0.5312552934393909,0.8949961537030425,0.691996979558137,-0.694151598052754,0.0463913379861919,0.4683695671541311,0.8350006827920592,-2802.139505748524,11289.181321889975,-100.9165970791952,-1117.1218920558815,85103651.93119295,43252.56828310335
-0.5206136985395656,0.8949961537030425,0.691996979558137,0.7083403912525212,0.5464311616798196,0.0397640039881645,0.8350006827920592,-2802.156288736164,11289.24920992809,-1489.504783993509,-75.6879742256634,85105133.63998313,43252.828390529074
0.5382362341537349,0.8950070292834895,0.6920065447427035,2.8938706981283207,-0.4481386442678065,0.5290497104227877,0.834999417067432,-3046.081921089165,13317.011121009296,-254.51861593308453,-1364.07906695334,67501877.66082461,51022.03111497814
2.1704030235962475,0.8950070292834895,0.6920065447427035,0.7176483122049799,0.6172246621599189,-0.3841188379438349,0.834999417067432,-3046.1307523357477,13317.257835114156,-1818.8009488687155,-190.90051326185832,67504325.60786778,51022.97637974772
15.108529427146998,0.8949763128846724,0.6919607288295108,0.7087052821291487,0.5126693565180596,-0.1216940608577055,0.834992282131587,-809.0579324466418,13973.85074151794,-376.324445634982,-2732.029857071162,55479964.9315953,53538.65801347869
0.5266793916087069,0.8949691409054689,0.6919544838473098,24.84007365545546,-0.5938895655468853,0.4410594245782778,0.8345970559965409,-1446.3397887565154,18514.837993304267,-4352.684368379965,-510.5746067056864,95068615.58333866,70937.07660269835
0.5326679511532312,0.8950128174082274,0.692011092876545,0.9426557502363292,-0.2435623384214987,0.5873955652879261,0.8350000332437338,-4716.429698260426,20377.18702715972,-4.044700622096392,-2346.305105415889,155002002.8904003,78072.51351402192
0.6129054948131909,0.8950000000105285,0.6920000000091675,0.8172073264175874,0.2596666453362323,0.2225714102881991,0.834999544033149,-4716.468457945928,20377.366459480407,-4.04903238281625,-3.0429913987824166,311525795.638827,78073.20099417781
0.7069918126772469,0.8950128174082274,0.692011092876545,0.7102239348709749,0.6852948261692471,-0.2087677186469988,0.8350000332437338,-4716.507217631429,20377.54589180109,-3128.457954931688,-3.0397377863322905,155007487.89621034,78073.88847433368
0.532701573698701,0.8950053789447195,0.6920039966245611,0.9433205375547328,-0.243750467566308,0.5874411158906362,0.8349936635599137,-4722.551062341406,20404.5858675684,-4.0533641435361085,-2349.5853712631383,155425723.90867183,78177.48991405517
0.7074904031660316,0.8950053789447197,0.6920039966245611,0.7102687649315994,0.6853479685390711,-0.2089289721996841,0.8349936635599132,-4722.628665190392,20404.94514521179,-3132.83170271447,-3.0462450112325423,155431222.8183091,78178.86645675015
0.3469483809110997,0.8950090252144631,0.6920066791193378,0.4625978412151701,-0.2948936006495063,-0.2527659434152564,0.8349999953027973,-11004.444017890584,25254.856317343245,-0.7081760178858384,-0.5418255248551292,1237213728.1160812,96760.90159901626
19.422389874370705,0.8949776417843878,0.6919605230162329,0.702206945328734,0.5098382562565195,-0.3713862496189478,0.8345970559965409,-1920.3989222535747,33156.96675912058,-890.165326037998,-6486.740070054281,312308752.73234254,127037.18681655395
0.4511392826874018,0.8949712764544995,0.6919775613190705,1.9798445321800189,1.3504408008775337,0.0291129448063228,0.8349953938100217,9479.387284917737,-70401.67651221088,15765.202309669898,222.18788796511464,1463034777.9346147,269739.224184716
1.484883399135014,0.8949712764544995,0.6919775613190705,0.6015190435832024,0.0339651022740432,1.1575206864664576,0.8349953938100217,9479.387288724329,-70401.67654048282,296.2505174053922,11823.901737000331,1463034779.1096685,269739.2242930376
0.4511181992842275,0.8950198190668716,0.6920154443901085,1.9813321016042065,1.3524423412547788,0.0288772696719021,0.8349998401197904,9648.7184772681,-71721.47979315209,16069.969643788543,224.29912366943788,1518186292.311431,274795.94173621485
1.4859990762030597,0.8950198190668712,0.6920154443901083,0.6014909323789882,0.0336901479506278,1.1592362925037982,0.834999840119791,9648.718486384843,-71721.47986091228,299.0654985082426,12052.477244226138,1518186295.180114,274795.9419958325
0.7094161129578321,0.8950252395796131,0.6920182197052528,0.9458881506103968,0.4889932247968384,0.4191370498261342,0.8349997628029424,-36122.46952670012,82873.96287968087,-0.2461288262844314,-0.2195939144709713,5080206917.401933,317523.7619911144
-0.3859081279834174,0.8950478417615739,0.6920353970111237,0.3745329207816367,-0.7838126141606067,-1.5076824004547686,0.8350001296576735,-38483.65774282129,88315.95969044343,-10.591315147883025,1.1665949027919498,inf,338374.32448445755
0.2808996905862101,0.8950478417615746,0.6920353970111242,-0.5145441706444939,-1.7589628005305675,-0.6718393835662883,0.8350001296576727,-38484.10604006164,88317.01720885486,1.6005980015537409,-7.984428985936507,inf,338378.3762791374
-0.3852918278507575,0.8951262860674786,0.6920931433751796,0.3743735275805834,-0.7845669022594852,-1.5071301060516806,0.8349938279455774,-38549.379271808735,88465.63955633988,-10.59834664771942,1.1677511787757666,inf,338947.8105606892
0.2807801456854384,0.8951262860674787,0.6920931433751797,-0.5137224371343474,-1.758318457060298,-0.6724859162224135,0.8349938279455773,-38549.828347315975,88466.69887662155,1.6022127393361645,-7.989764546897844,inf,338951.8692590864
0.5304758013903929,0.8950022250416945,0.6920030664985822,57.751275581474,-0.6891204811355309,0.4404162775182729,0.8349969421571765,-11638.944800829617,148872.73177982002,-34996.26478500145,-4113.94599129489,6192410333.5664835,570392.6083518008
0.6088633771059289,0.8950055236033532,0.6920046634976454,0.8118178361412408,0.1969858613477242,0.1688450240123369,0.8349996030926825,-51887.04708241829,273797.2763810998,-7133.520320670829,-5351.352306014311,46480417653.43496,1049030.710272413
-0.8254677794076951,0.8950088753092917,0.6920064416008371,0.5164371161898226,-0.3292092946187162,-1.4326397174032928,0.8350000596486238,-140218.12968038546,321695.3703349192,-11.213310220365802,-0.241626712811826,inf,1232548.311628043
0.3873278371423685,0.8950088753092919,0.6920064416008372,-1.100623705877441,-1.6714130036378732,-0.2821793953874542,0.8350000596486226,-140220.15380230406,321700.1720130021,-0.1576501599931963,-8.57191385155817,inf,1232566.708862077
30.027426946197544,0.8950729881199846,0.692107782876496,0.7086215859470186,0.5129778384686253,-0.2667781397009348,0.8350146603650451,-19072.407495100822,329146.95267147623,-8914.037591466535,-64345.5204916009,30856676444.365,1261098.4355228974
-0.4938362456683234,0.8951578054498983,0.6921140597646726,0.5115401885839488,-0.3626147412655844,-0.9276716586771,0.8349994270680434,-153037.3582161358,351097.41403780464,-12.1581780259266,-0.287363723069258,6.851644321818344e+24,1345199.8200682169
0.3836551414379416,0.895157805449898,0.6921140597646723,-0.6584483275561352,-1.0822836017877455,-0.3108126353706534,0.8349994270680438,-153039.4975751605,351102.4922197311,-0.2036219736639794,-9.294805843849934,6.851827031824309e+24,1345219.2767039505
0.5487317644764893,0.8950223857666483,0.6920193260160972,3.452750212550985,-0.9396878081458164,0.6095988049316053,0.8349992438125274,-117789.8716173761,553004.9690072156,-11789.27663019799,-60791.91281169301,128517297882.8097,2118791.9847019752
2.5895626594132923,0.8950223857666483,0.6920193260160972,0.7316423526353195,0.7111986057535422,-0.805446692696441,0.8349992438125277,-117792.37561249692,553018.5056315014,-81057.58770600978,-8842.60172262009,128523440139.02951,2118843.8491628403
18.630055241591595,0.8949691409054689,0.6919544838473098,0.7022391888116092,0.5145693286746575,-0.5090481990401875,0.8345970559965409,-58714.6061119411,1013390.4345347334,-27520.134931737142,-198062.4546688848,291755299066.6462,3882720.9713974455
0.5748896006581004,0.8949968472647848,0.6919972742233028,1.181698898091409,-0.9173558550463532,0.9686581731233388,0.8349998298852818,-235979.15170630545,1322777.670642909,-27.80950533332173,-192853.9263703916,779353294749.923,5068112.680624172
0.8862741735685499,0.8949968472647848,0.6919972742233028,0.7665194675441344,1.1301012019772383,-0.7863050186111661,0.8349998298852817,-235982.0082518456,1322794.9075299816,-257141.66251292743,-21.1757193942842,779373801548.385,5068178.722337094
0.5269006847477695,0.8949994923457503,0.6919995872406407,-171.64825620434686,4.339486223909954,0.4419738035936048,0.8349704786996461,-98051.04093728717,1465473.6090951646,-365219.7070597841,-34642.36066239123,inf,5614840.414157718
-128.7361921532601,0.8949994923457503,0.6919995872406407,0.7025342463303593,0.515636104192539,3.719559620494246,0.8349704786996461,-98051.30567090255,1465477.889629725,-46189.9387061245,-273915.60090108344,inf,5614856.814673276
10.22910452976973,0.9660566122648898,0.7424764072593366,16.810117469795152,-12.872627233230087,-8.542514611371033,0.8349271092826769,-1510918.0263003386,3451260.493767783,-14.121209975653334,-11.818538482267185,inf,13223219.282635184
-0.6300995342662242,0.8949997646822762,0.6919998328397505,0.5154681713536272,-0.3400367676223456,-1.1256474232405056,0.8350000014381153,-1652096.7427201597,3789945.345834479,-33.26188546295651,-9.578960535403075,inf,14520862.394001836
0.3866011285154276,0.8949997646822767,0.6919998328397509,-0.8401327123740842,-1.3132553271387306,-0.2914600865320008,0.8350000014381153,-1652122.066994703,3790005.299390618,-10.833558837851424,-26.852909840161853,inf,14521092.10111348
-0.2006588736290385,0.8949072719557241,0.6919351699045565,0.4868962298211426,-0.4918619778491024,-0.5028460673288762,0.8350088864529461,-2304610.0447726394,5286890.843870859,-43.51402270990231,-13.443233404088016,5.317648078723358e+19,20256285.758125894
0.365172172365857,0.8949072719557241,0.6919351699045565,-0.267545164838718,-0.5866537452170222,-0.4215959810135164,0.8350088864529461,-2304641.730505353,5286965.941282956,-15.22003127823722,-35.25020211076902,5.317782804226664e+19,20256573.48767416
0.530087887873764,0.8950453810454936,0.6920522801436658,41.25742532062555,-1.0422557578455365,0.4468691448808676,0.834994433464134,-652471.4847905135,8344294.839182043,-1956963.9932891,-234051.8818804776,19394628561775.715,31970477.311042313
-0.1545081676333613,0.955184431880981,0.7347559185553074,0.468135157390356,-0.7747187538937349,-0.5595722991536676,0.8349780484552146,-8706630.56630661,19810056.43506049,-104.66089229573804,-49.17705676759165,7.75605467731827e+22,75900598.36804785
0.3511013680427665,0.9551844318809808,0.7347559185553073,-0.2060108901777914,-0.6528343490125569,-0.6640446461946373,0.8349780484552151,-8706737.52643098,19810307.32219791,-56.00377677000553,-87.5036998637132,7.75623689881122e+22,75901559.62144794
0.4997763715830102,0.8949952538117615,0.6919962578311699,0.666368495444018,0.2286004954554061,0.1959432818189167,0.8350003049522806,-2926015.633523721,20065582.623234004,-139.48155343311254,-107.89393564447296,451380753065086.0,76879625.90894254
43.31345668610576,0.8950022250416945,0.6920030664985822,0.7073010685205238,0.5138189904379851,-0.5906746981161732,0.8349969421571769,-1201929.1667996692,20743570.24068436,-562772.1529638045,-4054592.3265990624,122905045093781.03,79477279.61564888
0.8406239136635273,0.8950207235334431,0.6920153738075682,0.5833639999198039,-0.0142573404710571,0.7239989007736402,0.8350002345981917,-8940510.786878465,45377272.48301422,-82.18441224433383,-6130512.399754255,663842384115870.2,173859280.54411578
0.4375229999399648,0.895020723533443,0.6920153738075682,1.120831884882965,0.8446653842333255,-0.0122205775460996,0.8350002345981917,-8941691.795513183,45383303.959143005,-8175094.872977274,-71.96975714334323,664019011161704.2,173882389.6480575
0.6236588790366148,0.8950339715119912,0.6920294936604876,2.043115479313475,-2.475112139879452,1.3473217314507058,0.8349993308429294,-10744359.43033478,73974607.33851191,-730.7968081609206,-12201181.58519809,4325671798507675.0,283427613.3238004
1.5323366094851154,0.8950339715119912,0.6920294936604875,0.8315451720488184,1.571875353359142,-2.1215246913252312,0.8349993308429302,-10744498.345394032,73975630.00916938,-16268451.316890638,-565.4459830579748,4325790837472285.0,283431531.6021815
0.8265615471562299,0.8949816171099549,0.6919850519372159,0.4555931502292472,-0.2607697623114414,1.2625592908184635,0.8350000063099182,-20479135.829658054,140446553.727138,-184.84585125912244,-23119339.094727352,6321094947021814.0,538109400.2534024
0.3416948626719274,0.894981617109955,0.691985051937216,1.1020820628749717,1.4729858392882464,-0.2235169391241005,0.8350000063099176,-20479483.48698468,140449021.8375544,-30826306.12732781,-161.4936938751571,6321319675519704.0,538118856.6151509
0.8264692999245906,0.8949938643671701,0.6919956153256125,0.4551903294702581,-0.2611079712554511,1.26372276791468,0.8350064740589805,-20701983.761118997,142049996.63210955,-186.8209968322369,-23389636.4069698,6466086891242157.0,544252859.6594235
0.3413927471026665,0.8949938643671704,0.6919956153256127,1.101959066566131,1.4743432292339589,-0.2238068325047031,0.8350064740589803,-20702335.0346944,142052491.72660327,-31186708.38343308,-163.22164925153498,6466316666510871.0,544262419.4084415
0.5307104793232766,0.8950117486998816,0.6920120643908115,17.386949601207732,-0.7563812887995733,0.457385527732992,0.8350000278369296,-49052697.10876189,627341994.513314,-146575179.5573801,-18012524.291453324,1.0967337203214582e+17,2403609173.380513
