r_eff,UA_VrhoCP,Tin,Temp,dH_rhoCP,tau,C,residual,oracle
0.0202255178291029,1.5938782056436784,0.3592779663868205,0.2915875817857031,0.2972018470998258,0.0537026378727778,1.083199076499446,235460.0396696369,1.5367659871181403
0.00048828125,2.2943115234375,0.353271484375,0.21142578125,0.06829833984375,-0.06982421875,0.9998779296875,inf,1.55776089569398
2.3483641090865367e-06,2.2945347866412176,0.3533954624336102,0.2109282948618041,0.0679375090372191,-0.0696212306996015,1.000000333362811,inf,1.5580097955866417
0.0779885911266253,3.271028170244889,0.3325983540014214,0.2502910882580778,0.0617329270935334,-0.0349234073698765,1.0094123092575753,inf,2.646631181989843
0.08087158203125,3.27606201171875,0.33319091796875,0.2503662109375,0.06451416015625,-0.03466796875,1.00994873046875,inf,2.65224304539437
-0.28826904296875,-0.7703857421875,0.3218994140625,0.49267578125,1.54351806640625,0.08587646484375,0.4713134765625,5669.653821240588,3.151261514692164
0.0369602033092966,-1.1872593251656955,-0.0076415941134728,0.2781904025723904,1.5756860369192045,-0.393491745412934,1.1841431366889776,inf,3.3283535231534556
0.03692626953125,-1.18719482421875,-0.00701904296875,0.2779541015625,1.576171875,-0.39373779296875,1.1844482421875,inf,3.3298094258505917
-0.3816516452896697,-2.8390348065395803,-0.273408586735796,0.2859862800425851,2.266642307213436,-0.3346432963312918,0.4982516235478662,inf,4.165033229141115
-0.38116455078125,-2.83941650390625,-0.273193359375,0.2855224609375,2.26666259765625,-0.334716796875,0.4976806640625,inf,4.165458755748328
-0.0494231198199871,-1.4493221095934188,-0.4159560437863425,0.2748584243807137,0.3874408178551495,-0.7550087367257193,0.5975070546249042,31371.60685855853,5.467507317903665
-0.04974365234375,-1.4495849609375,-0.41632080078125,0.27545166015625,0.38720703125,-0.75531005859375,0.59814453125,3.148239292631638e+27,5.469290287536982
-0.0487237208357969,-1.0500717992901163,0.0014066281235722,0.2685751480805827,3.66474973580918,-0.3791845724201472,0.7294393195588086,35255.04065053415,5.615071725287328
-0.0484619140625,-1.05035400390625,0.00177001953125,0.2691650390625,3.665283203125,-0.378662109375,0.72991943359375,6.342822474120895e+24,5.616034662680504
-0.67620849609375,-2.66241455078125,-0.26568603515625,0.2867431640625,2.11474609375,-0.35101318359375,0.3822021484375,inf,6.046332060401119
-0.6768391340876528,-2.661868233919641,-0.2651803339347922,0.2865431754553865,2.1149680309482357,-0.3510323751454006,0.3825092411316385,inf,6.051038314086961
-0.0396728515625,-0.8770751953125,0.04443359375,0.26666259765625,3.95904541015625,-0.36737060546875,0.731201171875,5.4249252609218255e+20,6.146291354072653
-0.0395116873988884,-0.8774440617646171,0.0447362755544765,0.2660858873743527,3.959529585007629,-0.3669588259866516,0.7314147419405451,36272.49501448391,6.147165315898246
-0.734195175010693,-0.1670931425320281,0.1968085274755218,0.2790608848187493,4.174415781654765,-0.3999112145053694,0.2938173411356972,inf,6.535046537282968
-0.73394775390625,-0.167724609375,0.19635009765625,0.27923583984375,4.17498779296875,-0.4000244140625,0.2943115234375,inf,6.536079048680053
-0.7427974029011015,-0.7619470943281326,0.3231324149860176,0.495103505126555,1.7328523060003869,0.090013964949623,-0.5250289426922743,5961.438560186811,6.543264200754488
-0.16021728515625,0.1461181640625,0.34326171875,0.34075927734375,0.23150634765625,0.00927734375,3.330078125,93718.46270240306,6.79877781030445
-0.79425048828125,-0.5732421875,0.2603759765625,0.27166748046875,2.35076904296875,-0.02587890625,0.92205810546875,inf,6.927242449860074
-0.7944501327804174,-0.5731042760310541,0.2597895572301966,0.271945897453335,2.350228117650204,-0.0264240625244614,0.921746774894574,inf,6.928732334182219
-3.2593349490604414e-88,-0.3930354773769222,0.3415394026705477,0.2879964286892181,0.4482034657302831,0.0209832720424901,3.5051993915190183,90390.94096017574,7.208897872409879
0.17498779296875,0.3822021484375,0.23028564453125,0.27423095703125,3.17816162109375,0.16497802734375,3.823486328125,32768.62073310309,7.954300534250586
0.53155517578125,8.432373046875,0.4801025390625,0.27294921875,0.29681396484375,-0.0396728515625,1.1806640625,inf,8.400638848244146
0.531304187708588,8.432545366010325,0.4803111667611665,0.2725878063472201,0.2972018470998258,-0.0391207881658292,1.181063541836976,inf,8.400830954303595
0.1913528547112377,0.2862687155690747,0.2219448373291887,0.2678422421721208,3.489836030470131,0.1518680391678078,4.21762843717972,41442.26669857742,8.877349969975926
0.50775146484375,10.31689453125,0.46881103515625,0.27166748046875,0.2955322265625,-0.02960205078125,1.082763671875,inf,10.501554661371237
0.5081944144698581,10.317054902324026,0.4686116616059589,0.2721399059847221,0.2957946195083637,-0.0301734229828645,1.083199076499446,inf,10.50173344740694
0.5834645559698746,10.33005587985109,0.4685383028485244,0.2729338099039265,0.2915426670796528,-0.0301106727201615,1.0906205524139618,inf,10.51622729080389
0.58306884765625,10.3306884765625,0.46881103515625,0.27294921875,0.291748046875,-0.02960205078125,1.09027099609375,inf,10.51693252682553
0.0130615234375,-3.24493408203125,-0.42510986328125,0.2767333984375,6.502685546875,-0.35101318359375,1.07269287109375,inf,10.737699543095667
0.0130455393845767,-3.245196367909584,-0.4249488116156107,0.2761257384900735,6.502825791183293,-0.3513308111244837,1.07325389311507,inf,10.737952691666592
3.7476484312769886e-05,11.33103010163299,0.3613570745624269,0.2137787880280565,0.025978003523572,-0.0150641688474401,1.0000018001443325,inf,11.632140581530646
0.00048828125,11.34136962890625,0.35955810546875,0.2164306640625,0.025634765625,-0.01458740234375,0.9998779296875,inf,11.643667367788462
-1.4380952717746596,-0.4288412638091154,0.2349271547231047,0.2784402704348137,3.517413156814162,-0.0728991472505614,0.4918376067623016,inf,11.732054266975071
-1.43829345703125,-0.42889404296875,0.23529052734375,0.2779541015625,3.51715087890625,-0.07232666015625,0.49139404296875,inf,11.733533261427237
1.0771010659729363,4.52503396961977,2.059986288125392,0.2865076831729955,-6.279089051461002,-0.5622504147607984,-1.5183346583487085,52126.13452923004,12.33409576075993
1.07647705078125,4.52532958984375,2.05950927734375,0.2867431640625,-6.27947998046875,-0.56195068359375,-1.51861572265625,60601.65327693567,12.334801408788357
1.848010956120537,-0.7589176688484265,0.3295391333775573,0.4951035051265549,0.6648938249284725,0.0857689928532545,0.8443332063049978,6953.430448813248,12.791126538212962
-0.4423638049954853,-1.7109537561823271,-0.4268706726209256,0.2863258459240793,-6.825202232378935,-0.7625486764759356,0.31145871092025,inf,13.319859625232734
-0.44268798828125,-1.71075439453125,-0.4263916015625,0.2867431640625,-6.82562255859375,-0.7628173828125,0.3118896484375,inf,13.320618336811823
1.867828604618465,0.3359216545413317,0.6281530385774621,0.2813807140814893,-6.874374950992498,-1.120887478982051,-0.1588788118901749,116222.05002665703,13.408619045112811
0.00048828125,-0.1463623046875,0.15997314453125,0.20013427734375,8.0845947265625,-0.2694091796875,0.950927734375,inf,13.593131275383572
-3.2052511757083305e-08,-0.1462755422286042,0.1594070803639588,0.1999848384282907,8.084864115102176,-0.2695254049114502,0.9514414087028265,inf,13.593617536285516
1.98040771484375,4.36834716796875,0.485107421875,0.46881103515625,-0.08233642578125,-0.0484619140625,-2.396240234375,inf,13.779162051072761
1.9804485098847235,4.355245519501651,0.5034759275688585,0.3453997032745445,-0.0809401960967285,-0.0490140568475491,-2.3966730973814623,inf,13.77946649167704
2.11224365234375,0.35076904296875,0.6219482421875,0.2855224609375,-6.7540283203125,-1.180908203125,-0.1627197265625,48896.75511596519,14.763012330923507
2.16119384765625,1.20574951171875,0.12982177734375,0.502685546875,2.713623046875,0.21893310546875,-0.57952880859375,435.7958343595102,15.128312295942164
0.0012388487087365,1.5938782056436784,0.0039043059990544,0.2445250962688089,-1.0395437631545617,0.3094346754255359,-6.180228424896128,38643.80550818549,15.473602868609198
-0.0490180774029934,-0.0008414719196141,0.3582010757078995,0.2747133301329974,-1.121065909430289,2.815970139104895,-0.9084573067356364,32279.458294516477,15.66254520180411
-2.7079862874010896e-12,-0.0399665717758838,0.1640341257760507,0.1701763407682463,9.313525530489288,-0.0808668878671871,0.9781293359376788,inf,15.811417925070916
0.00048828125,-0.0396728515625,0.1636962890625,0.16998291015625,9.313720703125,-0.08111572265625,0.978515625,inf,15.81177022224729
2.45751953125,-0.99261474609375,0.326904296875,0.50396728515625,-2.47406005859375,0.0758056640625,2.28802490234375,6785.462851045239,17.339697994402986
-2.92168148382668e-15,-0.0270531467165733,0.1503970608721283,0.1552276978581887,10.306513297920084,-0.0729949793973417,0.9813995358967224,inf,17.603814617184266
0.00048828125,-0.027099609375,0.14990234375,0.1549072265625,10.30682373046875,-0.07354736328125,0.98101806640625,inf,17.604374964745034
0.390089311672022,14.280152657307443,0.4570226717324883,0.5003469702370014,-0.0172257469975568,-0.0201151432457385,-8.02571768082392,inf,19.795591758369834
0.38970947265625,14.28045654296875,0.45751953125,0.50018310546875,-0.01708984375,-0.01959228515625,-8.02587890625,inf,19.795969335480095
2.8022408010316227,3.581305036637629,0.6131657982392074,0.495103505126555,1.041174905066652,-0.1561311950414526,0.2408780352463527,21817.71976278595,19.91224478381808
2.802734375,3.5811767578125,0.6131591796875,0.49517822265625,1.04132080078125,-0.15643310546875,0.24029541015625,21791.582564602606,19.91592817164179
0.2887621438631792,1.4679963347637877,0.1890917166330998,0.2915875817857031,1.2670721010333086,0.1163901224246213,9.069006200045644,25194.24426391865,20.23889039823336
0.173472379030504,2.843640088057344,-0.8143866639887398,0.2840721929577625,2.814915794107195,0.5813608116841457,9.141410972406154,36003.07257437916,20.40845660985048
0.17376708984375,2.84417724609375,-0.8143310546875,0.28424072265625,2.8153076171875,0.581787109375,9.1417236328125,38500.31762769415,20.409188835626466
3.06640625,0.458740234375,0.15618896484375,0.27545166015625,6.104736328125,0.17877197265625,0.38970947265625,55978.09970708077,21.883628731343283
1.1634845635421232,-18.73606184132208,-0.0204503044710149,0.2761766013167145,-0.0242699123132716,-0.0259246214585149,1.153610752032482,inf,21.88747139500789
1.1630859375,-18.7364501953125,-0.02081298828125,0.2767333984375,-0.02459716796875,-0.02587890625,1.153076171875,inf,21.887904342600333
3.0685767181041013,0.4540197632320071,0.155888659196542,0.275513478815225,6.089134942486094,0.1778771116218376,0.3906386748046489,62195.16961248319,21.899826254508216
0.31939697265625,1.45562744140625,0.18756103515625,0.2943115234375,1.340087890625,0.11474609375,9.8975830078125,24718.734718479733,22.179351306352462
-2.86956787109375,0.00048828125,0.27044677734375,0.29931640625,2.2867431640625,-0.6209716796875,0.12603759765625,43115.804026831334,22.414685605177237
0.8756103515625,4.50897216796875,3.4493408203125,0.2855224609375,-11.86517333984375,-1.00762939453125,-0.952392578125,48501.542483830104,22.417280396829874
0.8760049154918172,4.508946189790114,3.448760568148564,0.2857419491844024,-11.865239407539075,-1.0081554657995648,-0.9530045837889444,50730.371365789535,22.417399652597606
-2.8699808412784638,-1.695999675275294e-06,0.2701618788995603,0.2987110075400372,2.286482304081962,-0.6215103361788359,0.1259955968356763,24751.528857895366,22.41776747222734
1.1417236328125,-19.3265380859375,-0.0220947265625,0.27545166015625,-0.01959228515625,-0.02459716796875,1.1455078125,inf,22.54575037451226
1.1422173149184855,-19.3268051925444,-0.0215049146514863,0.2760766154982803,-0.0200800620172062,-0.0251987508446948,1.1449339779546468,inf,22.546048152223406
-2.8896484375,0.00048828125,0.27044677734375,0.29931640625,2.29302978515625,-0.6259765625,0.12481689453125,35458.913026197406,22.56454057835821
-2.890001018520212,-2.2631030705775624e-06,0.2701660168119199,0.2988502451718323,2.2929311735395506,-0.6264815144447751,0.1243358580614858,24712.56623189906,22.56717178000158
-2.9071223190459623,-0.2255772667143658,0.2187194421106968,0.2891154504373465,1.7807037179514107,-0.3747779498165553,0.1721247988742019,4060040974827.6855,22.69494267944748
-2.9072265625,-0.2254638671875,0.21893310546875,0.28924560546875,1.78082275390625,-0.3748779296875,0.1724853515625,16293497749233.273,22.69572061567164
3.223772181040343,0.5988205869805842,0.35910464531448,0.495103505126555,4.08177969061707,0.0778876373375037,0.3143470535370044,170416.80169770858,23.058001351047334
-2.99005126953125,0.00048828125,0.27044677734375,0.29931640625,2.3218994140625,-0.6473388671875,0.11724853515625,inf,23.313815444263057
-2.9906179297743014,-9.20585357555131e-06,0.2701941408536276,0.2994872021333637,2.322098485898078,-0.647353396271831,0.1170619729890982,24535.565227898707,23.318044252047024
-3.010867421464922,-0.0001260418230919,0.2704843877426249,0.298636162605191,2.262396832290536,-0.5663440948425555,0.1302560892686458,24772.05436809357,23.46915986167852
-3.01141357421875,0.00048828125,0.27044677734375,0.29803466796875,2.26287841796875,-0.56573486328125,0.12982177734375,inf,23.47323562849813
-7.91698189109473e-07,-0.5837790769259363,0.4680849401772052,0.2174522765155696,-0.921335466083514,0.4097127998364498,-9.608585030673376,56708.955943281675,23.502541055441164
0.00048828125,-0.58331298828125,0.467529296875,0.21771240234375,-0.9210205078125,0.4097900390625,-9.60906982421875,491217.2812400176,23.5036764033226
1.8712158203125,1.322509765625,0.41729736328125,0.29052734375,0.1009521484375,-0.150146484375,10.81658935546875,901399.3511677517,24.331590996413937
1.871208567257833,1.3230446442010753,0.4171875951009028,0.2900648757917565,0.1014811251028485,-0.1496893217946591,10.820559985193327,825989.7481972525,24.34088989506634
3.5999755859375,0.50396728515625,0.131103515625,0.2767333984375,7.02496337890625,0.2164306640625,0.27923583984375,52173.92090481426,25.865489447294774
3.663790647097479,0.4849133022293883,0.128058442706614,0.276580603908008,7.013602694593106,0.2139551640727294,0.2845187531900534,69588.01015484241,26.34172124699611
-0.57452392578125,24.7525634765625,0.4449462890625,0.49517822265625,-0.00323486328125,-0.01080322265625,-3.868896484375,inf,26.594831077550168
-3.462158203125,0.052001953125,0.28424072265625,0.2955322265625,1.58367919921875,-0.17779541015625,0.28802490234375,8.449440630695567e+20,26.837001515858205
-3.5082509860562245,0.0001053864774242,0.2696617697440215,0.3034494435676658,2.562322929390886,-0.8953937025665749,0.0754371416057633,23471.313520697662,27.18097750788227
-3.50860595703125,0.00048828125,0.2691650390625,0.3031005859375,2.56170654296875,-0.89593505859375,0.0758056640625,23524.39443015441,27.183626545009325
-3.5638427734375,-0.00579833984375,0.2691650390625,0.3031005859375,1.814697265625,-0.0045166015625,0.29052734375,inf,27.595841592817163
-3.5642591646925808,0.0533908834591281,0.2841977388844484,0.2949381425458103,1.576063159102729,-0.1763524923162336,0.2902062718575299,4140115568.7794676,27.598948990243137
3.86114501953125,-1.532470703125,0.3306884765625,0.502685546875,4.6658935546875,0.052001953125,2.7349853515625,7567.6972312445405,27.81451507112873
3.91212004711704,8.136181393690952,0.4847876755529144,0.2879964286892181,0.2253140365657256,-0.0412552381357067,1.865178545066144,inf,28.19492572475403
3.91259765625,8.1361083984375,0.485107421875,0.28802490234375,0.2252197265625,-0.04095458984375,1.86492919921875,inf,28.198489972014926
-3.68310546875,4.98358154296875,0.5240478515625,0.3997802734375,-0.09368896484375,-0.07232666015625,-1.7320556640625,inf,28.48586170708955
-3.6831534422528143,4.983701051323171,0.5243474994975494,0.3996646461271916,-0.0933197373713142,-0.0720712579641472,-1.7319798528166424,inf,28.486219718304582
-3.6943159089065887,0.0002254124974622,0.269310554766539,0.3047379429938258,2.6598543636544028,-1.0128772225039584,0.0640857218068032,23137.224960490203,28.569521708258122
-3.69439697265625,0.00048828125,0.2691650390625,0.3043212890625,2.65960693359375,-1.0126953125,0.06451416015625,23587.020146511415,28.570126661613802
2.60186767578125,4.2503662109375,0.57049560546875,0.28924560546875,0.1724853515625,-0.10369873046875,12.801513671875,111873.00187414864,28.980125695257613
2.601653145494787,4.250787354739088,0.5709193886031682,0.2887504813698847,0.172438726126306,-0.1043197952172256,12.802075248476138,80785.7476318583,28.981440862941778
4.0758056640625,3.67279052734375,0.47509765625,0.29052734375,-0.2593994140625,-0.07232666015625,-8.71636962890625,inf,29.416460179570894
4.076260914326842,3.6726460331058464,0.4756478267902883,0.2906092572774757,-0.2588099604671454,-0.0725294551169614,-8.716246820143176,inf,29.4198575696033
-3.82244873046875,0.00048828125,0.2691650390625,0.30682373046875,2.7437744140625,-1.02777099609375,0.06201171875,22390.602421634423,29.525736794542908
-3.92041015625,0.00048828125,0.2691650390625,0.30810546875,2.8240966796875,-1.22613525390625,0.05072021484375,21948.14657065932,30.256792210820898
-3.945030963155692,0.000148171076957,0.2693260781920891,0.3056609372650554,2.708151246838133,-1.039663310734295,0.058486839310527,22904.474229576426,30.440529575788748
-3.9712383222116574,0.0008218159664022,0.2689817863904532,0.3065265191997185,2.8123639966784664,-1.225099017330657,0.0500566752237517,22688.733195730714,30.636106882176545
-3.980131166601885,8.517400004003928e-05,0.2694987728943484,0.2864622669682212,1.8372338782768125,-0.1150729259826557,0.3534608792495018,2.938086777154818e+16,30.702471392551377
-3.98065185546875,0.00048828125,0.2691650390625,0.2867431640625,1.8372802734375,-0.114990234375,0.353271484375,inf,30.706357130363806
-4.2418212890625,0.0042724609375,0.27294921875,0.309326171875,2.86932373046875,-1.30267333984375,0.04571533203125,21650.83231134753,32.65538275419776
4.5416259765625,4.2515869140625,0.476318359375,0.29052734375,-0.20916748046875,-0.06353759765625,-10.8758544921875,inf,32.89273116837686
4.541765425947448,4.251580681486684,0.476672631678007,0.2908621899442098,-0.2090787478279591,-0.0633903253728012,-10.875662253573452,inf,32.89377183542871
2.09088134765625,17.86492919921875,0.449951171875,0.49517822265625,0.06451416015625,-0.01580810546875,14.4976806640625,inf,32.95241373316745
2.0909591812409936,17.864393345672198,0.4494430698694499,0.4951035051265549,0.0646832202552872,-0.0153579741334299,14.49791423464641,inf,32.95296073687684
0.00927734375,-28.9649658203125,-3.78857421875,0.26416015625,4.42864990234375,-0.21295166015625,1.04132080078125,inf,33.290931795220175
0.009756108447193,-28.96549045515378,-3.7887094058888735,0.2643071257264445,4.428881909261429,-0.2126813199319733,1.0406944296547962,inf,33.291516672412236
-4.455057584457352,0.0047438206228245,0.2735814209334998,0.3083490496992046,2.840837796590814,-1.3252423093713337,0.0416998028953621,22366.588924790904,34.246698391472776
3.840635932594013,3.724634893102955,0.4494618744905878,0.2900526839294336,0.0751176757578117,-0.0689490861533283,15.102721390271231,1652941.4827319842,34.36937093740335
3.841064453125,3.72430419921875,0.449951171875,0.29052734375,0.0745849609375,-0.06854248046875,15.10284423828125,inf,34.36965863766101
2.79522705078125,4.7437744140625,0.581787109375,0.28802490234375,0.1549072265625,-0.097412109375,15.1630859375,inf,34.51073990046839
2.795163725967276,4.743327493998447,0.581942367745217,0.288480095980176,0.1545786880538811,-0.096798588863563,15.163314377433943,79310.92947573429,34.511274888604085
3.832502475397043,3.676438735600727,0.4479403166158758,0.2900757125487441,0.0735860078864973,-0.0691251587678935,15.375131245853744,1864526.3825527169,35.0073331284631
3.832275390625,3.67657470703125,0.44744873046875,0.29052734375,0.07330322265625,-0.06854248046875,15.375244140625,2123098.561777781,35.0075975190281
4.94464111328125,11.524658203125,0.449951171875,0.48388671875,-0.02459716796875,-0.018310546875,-6.34600830078125,inf,35.900306815531714
4.945196449828173,11.51235225033174,0.4550342101815143,0.4536075639092787,-0.0222813712462742,-0.0181671097393297,-6.34618212387173,inf,35.90445111812069
2.3112719980396363,8.127979721690693,1.0048241785152634,0.2932198664561193,-0.5872547430623255,-0.1277894809962102,-15.071602719391482,inf,36.296493488036255
2.3118896484375,8.1285400390625,1.0048828125,0.29302978515625,-0.58709716796875,-0.1275634765625,-15.07171630859375,inf,36.2967595049034
-0.7540283203125,33.656494140625,0.44366455078125,0.49639892578125,-0.01959228515625,-0.01080322265625,-3.07293701171875,inf,36.521175184643255
-2.506803366602066,-0.0041895906822324,0.3820356471503279,0.3102374510222255,4.813141570741606,6.6176539257581855,-0.0102836939985689,21667.483817110573,38.15771553703068
5.2899169921875,7.33258056640625,0.50146484375,0.34576416015625,-0.1727294921875,-0.0484619140625,-14.10748291015625,inf,38.47699247901119
5.289950211211466,7.332915334024688,0.5020099427618626,0.3454913453642724,-0.1724173541393935,-0.0490294597028477,-14.107551815443388,inf,38.47724038217512
-5.042130863253639,2.7032082635008954,0.3349205819304141,0.3436978021073661,0.257500740324516,0.0484778244603659,7.196616279161883,91104.53792468857,38.627842263086855
1.98040771484375,3.3338623046875,0.7877197265625,0.33447265625,-0.32720947265625,-0.2518310546875,-16.1903076171875,61979.47935789903,38.91641128146956
1.9804485098847235,3.334369147402108,0.7879765439363424,0.3346247844097247,-0.327150779842088,-0.2512779944012919,-16.190852234978205,37219.51744562931,38.91768673297003
-3.158804634377976,-0.0029190081493094,0.3717000581411839,0.3126707144202558,4.965169499119792,6.852031309943926,-0.00915866566576,21089.775469738528,39.54456396416524
5.514228219704044,7.493750741996632,0.5057295702228733,0.3451855687351677,-0.2545370968528314,-0.0489986539922505,-9.44613962441855,inf,40.150956863463016
5.5146484375,7.4932861328125,0.50518798828125,0.34576416015625,-0.25433349609375,-0.0484619140625,-9.44580078125,inf,40.15409281716418
5.554561972059063,7.530566152194008,0.5049419123758543,0.3453080611848165,-0.2500899381457868,-0.0485741701952272,-9.556353781067314,inf,40.45195501536614
5.5548095703125,7.53094482421875,0.50518798828125,0.34576416015625,-0.2506103515625,-0.0484619140625,-9.55633544921875,inf,40.45380276352611
-1.35540771484375,1.003662109375,0.16619873046875,0.50518798828125,0.69476318359375,0.1988525390625,17.9427490234375,292.59957658721805,41.020489516247075
1.7539455116468006,-36.57043427290101,0.0163808534292103,0.2764315004698372,-0.0044272030326622,-0.0116751786161639,1.093032170559006,inf,41.76971490847381
1.75445556640625,-36.57073974609375,0.016845703125,0.2767333984375,-0.0045166015625,-0.01202392578125,1.0927734375,inf,41.77005545829849
-1.0968017578125,3.7745361328125,1.81341552734375,0.29931640625,-22.59588623046875,-0.607177734375,0.36834716796875,45476.55490656568,41.78679824994359
-1.0964254197817709,3.774161630957009,1.814046898081645,0.2992418261219489,-22.59613198852196,-0.6075320213519441,0.3677226207436099,inf,41.78724185653783
-1.974251307381381,0.9029731471870804,0.1660550409490409,0.4951035051265549,-0.0279550545914528,0.2213203639939282,18.377915838422517,411.05057381371444,42.03961554665695
5.94024658203125,11.69293212890625,0.46002197265625,0.49517822265625,0.11474609375,-0.02459716796875,0.6043701171875,inf,43.33019837336753
5.940274649892205,11.693171984993493,0.4598881357854726,0.495103505126555,0.1148835472425165,-0.0248134320661875,0.6045723498574312,inf,43.33040783501645
2.48260498046875,7.93267822265625,0.92578125,0.29302978515625,-0.4351806640625,-0.11627197265625,-18.361083984375,inf,44.00019668471897
2.482964680061925,7.93267984020803,0.9262087831734288,0.2933440805403685,-0.435245237889428,-0.1166806861691905,-18.36116277754514,inf,44.000381212049504
6.03985792022859,0.7366253521116697,0.0964212608041866,0.495103505126555,7.456444190787147,0.2511626035102167,0.0444100486836956,46075.21258512868,44.07356656887007
-0.5065677222942251,-0.0056019384394563,0.3438375633125456,0.3054637262145319,25.00220760959779,2.788091780001976,-0.0541978224264596,22688.46922536051,44.13033864548337
-2.179761388386617e-73,0.0001296506003114,0.6508972523021211,-0.1517595272856922,-24.589430905760025,3.7599688076248503,-1.2552779444052342,1645724.2345775904,45.38525434252711
0.00048828125,0.00048828125,0.65087890625,-0.15142822265625,-24.589599609375,3.75946044921875,-1.2550048828125,inf,45.38555886168772
-5.99322509765625,0.0306396484375,0.2943115234375,0.31060791015625,2.34576416015625,-0.83819580078125,0.0494384765625,inf,45.72556043027052
-5.99350180256885,0.0312627924802204,0.2944364029807518,0.3104323255256112,2.3452528826205987,-0.838231405605416,0.0490082635295208,inf,45.72762539230485
-3.0880126953125,43.2911376953125,0.43743896484375,0.49639892578125,-0.00201416015625,-0.00579833984375,0.65087890625,inf,47.262137898899105
-3.088013993107156,43.29176239277613,0.4374324626973122,0.4962403692300023,-0.0020475667643476,-0.0058919645916061,0.6503165629344565,inf,47.26283432862445
-6.28826904296875,0.3306884765625,0.2603759765625,0.50396728515625,-0.044677734375,0.12353515625,-18.30706787109375,779.5431220739443,47.92738091767724
-6.352955361778134,-1.1222897023900895,0.2693341055210108,0.495103505126555,2.1587751932776653,-0.018126422916765,18.40522919965701,inf,48.41011464013533
-6.35357666015625,-1.12188720703125,0.2691650390625,0.49517822265625,2.15869140625,-0.018310546875,18.40478515625,inf,48.4147511951959
-0.02960205078125,-1.251220703125,0.33319091796875,0.47760009765625,-26.3485107421875,0.01934814453125,3.59246826171875,35733.93379738378,48.56048870430956
-6.427418038526432,0.0799568575948462,0.2754116184164852,0.4951035051265549,0.0101653750805333,0.128003305218397,-18.341388074898838,1646.8076936212863,48.96580625765994
-6.536339980179836,-0.3070154418560058,0.141907271356293,0.2882235733196132,4.516572780345262,-0.4785432935865396,0.0687384561817697,inf,49.778656568506236
-6.536865234375,-0.30706787109375,0.14239501953125,0.28802490234375,4.51654052734375,-0.47906494140625,0.06829833984375,inf,49.782576375932834
-4.53558349609375,0.02313232421875,0.21771240234375,0.33197021484375,29.7833251953125,6.12982177734375,-0.00579833984375,16527.630234433396,52.76051479298285
7.22332763671875,24.7525634765625,0.4449462890625,0.49517822265625,-0.09490966796875,-0.01080322265625,-3.94427490234375,inf,52.90543012476679
7.2239607541198945,24.75267603146947,0.4454345632354939,0.4950917638827512,-0.0944875475902792,-0.0104227819688212,-3.9439189458451818,inf,52.91015488149174
7.321096685536028,24.72347439896945,0.4454724139059836,0.495103505126555,-0.0963038189956712,-0.010438415463028,-3.868739175309727,inf,53.635049892059904
7.3212890625,24.72369384765625,0.4449462890625,0.49517822265625,-0.09619140625,-0.01080322265625,-3.868896484375,inf,53.63648554104477
7.34171012953026,-3.881586750487216,0.3863320404911127,0.495103505126555,-0.5627249344148587,0.0402201115612412,-0.0097484168124535,52937.15127014333,53.788881563658656
7.36395263671875,-4.06732177734375,0.3822021484375,0.48388671875,-0.87957763671875,0.04193115234375,0.3218994140625,63421.971964594144,53.95487042327425
0.2978944779142726,0.8530286867941872,0.2261511348343731,0.29417965279904,0.4971503995866733,0.123493776448713,23.70997824416895,24081.282631300222,54.526881133885134
0.3031005859375,0.8466796875,0.22650146484375,0.2943115234375,0.502685546875,0.12353515625,24.00299072265625,23482.18208056449,55.21309302729801
0.0758056640625,1.5472412109375,0.01055908203125,0.502685546875,-31.55633544921875,0.3031005859375,-1.23114013671875,1005.2134732954662,57.960894312669225
-8.21417236328125,-0.000732421875,0.3218994140625,0.32818603515625,15.95404052734375,3.6439208984375,-0.00701904296875,17384.854006028636,62.29979375583022
-8.214209620631074,-0.0010106613430627,0.3221486394520811,0.3282319781868594,15.953667956766187,3.6434539970306137,-0.007238951202833,inf,62.300071795754285
-8.733849769338006,-0.0062788903699271,0.2734409553756385,0.495103505126555,2.138298058155163,-0.0212326535651758,11.34892766779144,inf,66.1779833532687
-8.73394775390625,-0.00579833984375,0.27294921875,0.49517822265625,2.13861083984375,-0.02081298828125,11.348876953125,inf,66.17871458138993
-8.97125244140625,0.69476318359375,0.22271728515625,0.502685546875,-3.94677734375,0.14990234375,-0.0748291015625,316.78055656778304,67.94964508512126
0.2247085178483819,-0.0289427506483609,0.3737378172166362,0.2989186966334781,-38.202095487314295,1.8298926400381528,-0.1456811948843817,23944.046431455947,69.9568510601341
-4.78546142578125,64.3043212890625,0.43487548828125,0.49517822265625,-0.00323486328125,-0.0045166015625,0.93707275390625,inf,70.68820656528708
-4.785018635248563,64.30474148466196,0.4348287268252188,0.495103505126555,-0.0034615904818303,-0.0039029673676621,0.9375408418820286,inf,70.68867501077142
-4.832137931678079,64.83403349481353,0.4347868269486365,0.4950917638827512,-0.0034712139111705,-0.0038701378815989,0.9378958621361956,inf,71.27874414137517
-4.8319091796875,64.83416748046875,0.43487548828125,0.49517822265625,-0.00323486328125,-0.00323486328125,0.9383544921875,inf,71.27889351222827
-9.506103515625,0.6207275390625,0.23150634765625,0.502685546875,0.91448974609375,0.14361572265625,0.06329345703125,377.52570182982817,71.94107101212687
-9.52239990234375,-1.01898193359375,0.26544189453125,0.49517822265625,2.0570068359375,-0.02337646484375,10.67974853515625,inf,72.06268583838619
-9.522982314163954,-1.0188329677511578,0.2659059063695974,0.495103505126555,2.0570520454780894,-0.0228897302446156,10.679218016885098,inf,72.06703219525339
0.0166293958023727,8.917590517502637,-1.45863958361037,0.2759135825762006,18.605466622841,0.2889317521176161,32.52977900518436,59034.165569301374,75.18215223696572
0.016845703125,8.9169921875,-1.4583740234375,0.27545166015625,18.60565185546875,0.28924560546875,32.53033447265625,288558.8735948999,75.18345309755563
0.00048828125,0.01556396484375,0.75006103515625,-0.57452392578125,-41.4747314453125,1.665283203125,-1.45208740234375,inf,75.86413618287455
-1.947145690043191e-68,0.0158416926797295,0.7495703846298053,-0.5749457099631556,-41.47498078877177,1.665745092570766,-1.451942000363149,3358410.8131162734,75.86458626132088
10.3043212890625,12.42236328125,0.46124267578125,0.49517822265625,-0.00323486328125,-0.02337646484375,0.19134521484375,2593800031170146.0,75.8979200676306
-10.197856157997622,0.2524234213371178,0.2554933875177327,0.495103505126555,2.566614464515084,0.1619142397571616,0.0816208101717833,1420.983780679293,77.10340416416136
-10.253915995491711,-0.524444727805704,0.2620167862239151,0.4951035051265549,2.316357781090433,-0.0238715659619732,8.527335589539215,inf,77.5217611603859
-10.25433349609375,-0.5242919921875,0.26165771484375,0.49517822265625,2.31689453125,-0.02337646484375,8.52783203125,inf,77.52487683652052
-10.2957763671875,0.2867431640625,0.26287841796875,0.31439208984375,1.82220458984375,0.15240478515625,-0.009521484375,22048.187601320467,77.83415199393656
-10.580810546875,0.14739990234375,0.31939697265625,0.31439208984375,1.7393798828125,-0.3660888671875,0.06329345703125,861552142.3371043,79.96127273787313
-10.58084566428853,0.2863743330570798,0.2627591934535989,0.3137677595476391,1.8725463814550949,0.1518680391678078,0.0629384252478506,22339.091814753916,79.96153480812336
-10.58084566428853,0.147051735821292,0.3190141835969985,0.3137677595476391,1.7391103920652369,-0.3661000872758564,0.0629384252478506,inf,79.96153480812336
-11.00080455958692,-0.1767184350920084,0.215004304620581,0.2870663095583304,4.2871084311411884,-0.17302332106364,0.1123042280419573,inf,83.09555641482775
-11.00140380859375,-0.176513671875,0.2152099609375,0.2867431640625,4.2867431640625,-0.1727294921875,0.11224365234375,inf,83.10002842234141
1.9529302944925224,4.355245519501651,0.5858812432604631,0.3109978966619892,0.0843019289295304,-0.1145910848710551,35.95384698056413,inf,83.20104679289024
1.95281982421875,4.3558349609375,0.5855712890625,0.31060791015625,0.0845947265625,-0.114990234375,35.95404052734375,inf,83.20150006403689
0.60943603515625,4.3218994140625,-14.23553466796875,0.282958984375,47.1668701171875,4.92706298828125,0.26666259765625,42787.1230795921,84.13875472416515
0.6092851766339805,4.32129112102215,-14.23503776456275,0.2830543375856898,47.16726287973777,4.926497646225639,0.2668545942237842,43208.13072100789,84.13946368183711
-11.1507568359375,0.17376708984375,0.46380615234375,0.50146484375,-4.176513671875,-0.4012451171875,0.01434326171875,108579974250.75021,84.21460325326493
10.351259396392567,13.972537205632351,0.4573644889586692,0.4070693270592713,-0.0583926352040349,-0.0204074098432112,-37.495784852582894,inf,88.81214251190373
10.35076904296875,13.972900390625,0.45751953125,0.40728759765625,-0.05853271484375,-0.02081298828125,-37.49603271484375,inf,88.81272298558255
-11.773056771554408,-0.1721578953960799,0.2136036197453417,0.2870126860132727,4.441701167721915,-0.1688760462982011,0.1082662060783051,inf,88.85863262354036
-11.77349853515625,-0.1727294921875,0.21392822265625,0.2867431640625,4.441162109375,-0.16900634765625,0.10845947265625,inf,88.86192936683769
12.061896501464556,15.481809147095737,0.4550352642921096,0.4120852907965963,-0.0990633058168941,-0.0181769362035723,-20.11238997156854,inf,89.01415299600414
12.06201171875,15.48199462890625,0.45501708984375,0.41229248046875,-0.09869384765625,-0.018310546875,-20.11248779296875,inf,89.01501282649252
12.087158203125,15.49957275390625,0.45501708984375,0.41229248046875,-0.09991455078125,-0.018310546875,-19.84381103515625,inf,89.20267315764924
12.087427295247991,15.499097875687752,0.4550331560709189,0.4121116226920024,-0.1002547709053767,-0.0181572832750871,-19.84320912026139,inf,89.20468130782082
0.00048828125,-1.66802978515625,0.65960693359375,0.23028564453125,-1.19219970703125,0.31060791015625,-37.9517822265625,inf,89.88005205283957
-2.208531111290351e-05,-1.6674689356083696,0.6590817297216297,0.2304087643122039,-1.19250247062424,0.3110566717804717,-37.95196482033108,52964.8760157659,89.8804796729065
-11.94897928926916,0.2304896799111266,0.2404375292093541,0.4951035051265549,2.6337109856369114,0.1794920490253416,0.1050782905370932,7254.281919266859,90.17148723335193
-12.5029296875,0.00048828125,0.31060791015625,0.2943115234375,-1.73583984375,0.97100830078125,-0.0220947265625,28898.55246915348,94.30544542910448
-0.86578369140625,0.00555419921875,0.27294921875,0.32818603515625,52.92578125,1.744384765625,-0.03717041015625,17756.854878632843,94.53390117328519
-12.565721558446912,-0.5793075130866266,0.3225867466773737,0.495103505126555,0.7419455628203269,0.095806286316536,0.0424067631863899,5471.334966186516,94.7740414809471
-12.568142012404966,8.804276927736605e-05,0.3104547923068917,0.2946500030030913,-1.733802502232462,0.9762039322331996,-0.0214872000829702,27805.72154299718,94.79210457018631
-12.607177734375,-0.72894287109375,0.31939697265625,0.50518798828125,2.1988525390625,0.08587646484375,0.8065185546875,5319.818615520522,95.08341592817163
-12.86675739031867,-0.9921145597697828,0.2775593379741405,0.2876941283010971,1.98693669493919,-0.0060494774077259,0.7622322155456179,inf,97.02057753969156
-12.8670654296875,-0.99261474609375,0.2779541015625,0.28802490234375,1.9866943359375,-0.00579833984375,0.7625732421875,inf,97.02287634095148
-13.07171630859375,0.01556396484375,0.21771240234375,0.3570556640625,42.87310791015625,5.20074462890625,-0.00323486328125,12452.85541489777,98.5501217059235
3.66016347994598,5.50744800239252,0.5710077431332591,0.2935815642492465,-0.0833069697904559,-0.0744722749547473,-43.1569664666063,inf,102.07017907870328
3.6602783203125,5.507080078125,0.57049560546875,0.29302978515625,-0.0836181640625,-0.0748291015625,-43.15704345703125,inf,102.07035938414813
11.90887451171875,1.24969482421875,0.27423095703125,0.49517822265625,57.1229248046875,0.01434326171875,0.35455322265625,5462.464053987102,102.10997257163807
11.909270045175306,1.250061815640085,0.2740101311621504,0.495103505126555,57.12336977863542,0.0146269037613348,0.354478200760999,5453.722467861964,102.11077577371013
7.632680404750653,4.331238542387778,0.3814318174604647,0.2899900772885337,0.0145572866169938,-0.0340615374939788,44.75817916581652,inf,103.82009172322371
7.612548828125,4.33447265625,0.38092041015625,0.29052734375,0.01434326171875,-0.03466796875,44.76007080078125,inf,103.82452178168911
-13.88233835521326,0.8780996867851668,0.33104159297942,0.3508749885266871,0.0440716472517456,0.0909774636286754,7.815791943530125e-05,71060.48273018334,104.59953996427807
0.0080120744422598,-0.2524716870993729,0.3121429739809471,0.2451569479708272,6.3295485157902585,1.1368559278074477,45.425039932839226,inf,105.3818265406071
0.008056640625,-0.2518310546875,0.3118896484375,0.24530029296875,6.3294677734375,1.13671875,45.42547607421875,inf,105.38284794899005
-14.005304717512496,4.245549682772329,0.6038784434085789,0.495103505126555,0.0651154100286918,-0.1251678079924691,-6.328913087917295,inf,105.51719938442162
-14.00579833984375,4.24530029296875,0.6043701171875,0.49517822265625,0.06451416015625,-0.12506103515625,-6.32843017578125,inf,105.52088313316231
-14.198949673512963,-0.0013618993662116,0.2846942316267137,0.3052699116304921,-0.0195619796855144,0.7360403197528783,-0.0265454251476216,23140.720272814604,106.96231099636539
-14.1990966796875,-0.000732421875,0.28424072265625,0.30560302734375,-0.01959228515625,0.7362060546875,-0.027099609375,24427.030868569007,106.96340805736939
-14.281906123897471,0.0037224660923032,0.2787266325367267,0.3272096878832586,-0.0631844690126958,0.0257096707938369,-0.0019989582314895,23001.92017106054,107.58138898430948
-14.281906123897471,-1.2743151439356757,0.2529447556763828,0.495103505126555,2.5587714371689083,-0.0366661322408537,4.124651561175875,inf,107.58138898430948
-14.281982421875,-1.2738037109375,0.25286865234375,0.49517822265625,2.5592041015625,-0.03717041015625,4.12481689453125,inf,107.58195837220148
-14.31585693359375,0.078369140625,0.28045654296875,0.362060546875,-1.4144287109375,0.06329345703125,0.32818603515625,14489.473391213172,107.83475323577424
0.0202255178291029,-0.2353736197828001,0.2989026695633197,0.273440889938192,0.8083761814494714,0.0553824647128983,47.4785941864247,32014.05790625808,110.19108708764567
-14.74879408929288,-0.0093851930885399,0.313474875630779,0.330078869261081,-0.0423470692366514,0.0459210838545541,-0.0057860818464404,36469.42568303742,111.06562753203642
-15.1301890529925,0.8866402794764849,0.3219364013302773,0.495103505126555,-0.8130194348505775,-0.0665037463376332,-5.743577725141629,inf,113.91185860442164
-15.13067626953125,0.88690185546875,0.3218994140625,0.49517822265625,-0.81304931640625,-0.0660400390625,-5.74334716796875,inf,113.91549454874067
-15.39306640625,0.66339111328125,0.22650146484375,0.502685546875,-0.14263916015625,0.14739990234375,0.15240478515625,337.67970693836077,115.87362989738806
-15.39434814453125,-0.1815185546875,0.3294677734375,0.49517822265625,-3.56256103515625,-0.1287841796875,-0.9561767578125,inf,115.88319510844217
-15.394510543785586,-0.1815640439376795,0.3299526082561558,0.4951035051265549,-3.5625838127050105,-0.129279727581733,-0.955691725516436,inf,115.88440704317601
-15.81569742115736,0.1705596157158872,0.46756169177173,0.4951035051265549,-9.163334351402806,-0.3986602145858806,-0.2044236019444583,349189883067.6442,119.02759269520418
-16.023255295642084,0.0629803532332651,0.2663731476275248,0.4951035051265549,1.888709521672744,0.1730975596204043,0.1913860017775519,4555.681578157387,120.57653205703048
-9.42572021484375,0.34197998046875,0.2779541015625,0.49517822265625,0.3734130859375,-0.02459716796875,52.03564453125,inf,120.86333613875878
-9.426316786217294,0.3420618953885063,0.2781406010569452,0.4951035051265549,0.3739457491437959,-0.0243707380017157,52.036252849749935,inf,120.86476077224809
-16.070983040334827,-0.2824750724910501,0.3081760063539962,0.4951035051265549,-2.703779677018357,-0.1335366295834223,-1.2663396689294824,inf,120.93270925623005
-16.071044921875,-0.281982421875,0.30810546875,0.49517822265625,-2.703857421875,-0.13385009765625,-1.26629638671875,inf,120.93317105876865
-16.150146484375,-1.0390625,0.24029541015625,0.2855224609375,1.331298828125,-0.05096435546875,0.2327880859375,inf,121.5234812266791
-16.150782702412045,-1.0387211523518407,0.2403145425969499,0.285152492969913,1.3315886022621364,-0.0503815301988013,0.2322931455668872,inf,121.52822912247794
-16.27191162109375,-0.09619140625,0.21893310546875,0.37591552734375,1.33636474609375,-0.06103515625,2.00677490234375,inf,122.43217627681902
0.0161919233774516,-0.3520647885353637,0.3023810431092012,0.2720830110628866,0.7885239913781362,0.0537026378727778,52.71219704783592,32686.728874687706,122.44776826191082
-16.392195744581922,-0.5325817291650269,0.3251772854890439,0.495103505126555,4.324142153016766,0.2064938213385589,0.2439243903868201,51977.34340771834,123.32981898941733
0.04193115234375,-0.6221923828125,0.300537109375,0.282958984375,1.44683837890625,0.034423828125,53.7657470703125,30238.696266236286,124.91509852532202
0.0218505859375,-0.45147705078125,0.29803466796875,0.27294921875,1.0362548828125,0.0394287109375,55.0262451171875,32114.075602828052,127.86708458357728
-17.013653446468837,-0.3227350929159264,0.2635731663581771,0.4951035051265549,1.5516803287798648,-0.069338579781473,3.377045452673006,inf,127.96756303334952
-17.013916015625,-0.3221435546875,0.26416015625,0.49517822265625,1.55230712890625,-0.06982421875,3.37652587890625,inf,127.96952250466417
-17.2060546875,-0.000732421875,0.24029541015625,0.31060791015625,2.23150634765625,-0.1187744140625,-0.1715087890625,inf,129.40339319029852
-17.588978262031386,0.0194936167142305,0.2717733537748941,0.495103505126555,1.7128617375454542,0.184086193064254,0.2618329004000839,4659.570249314669,132.26103180620436
-17.69174874995941,-0.0058963824964248,0.2411463042344369,0.3094126563495297,1.5756860369192045,-0.1191073130398371,0.1721247988742019,inf,133.02797574596573
-17.7584228515625,0.6658935546875,0.22650146484375,0.502685546875,-0.86956787109375,0.14739990234375,-0.1451416015625,335.06706450078354,133.52554366837686
-17.833936173605824,2.048580821459673,0.0046027753819921,0.495103505126555,-0.6927063399127764,0.2539321945059299,1.14425487977332,3012.0461610677994,134.08907592243153
-17.842383652965832,47.52928775122801,4.8022136908431365,0.4951035051265549,-3.394285945733963,-0.1437738098375973,11.830028847677177,inf,134.15211681317786
-17.84259033203125,47.52972412109375,4.802734375,0.49517822265625,-3.39434814453125,-0.14385986328125,11.82977294921875,inf,134.15365919426304
18.280024991452933,-66.77424467070861,0.1219392049914331,0.2833837999367516,0.0129530758803262,-0.0041636777958711,1.4466953983261903,inf,135.41809695114128
18.28045654296875,-66.774169921875,0.122314453125,0.282958984375,0.0130615234375,-0.0045166015625,1.44683837890625,inf,135.4213174848414
18.46481646342928,32.838109099451735,0.4400052109402167,0.495103505126555,-0.0018010408493909,-0.007869663742922,-36.15069042820375,inf,136.79713778678567
18.46502685546875,32.83795166015625,0.43994140625,0.49517822265625,-0.00201416015625,-0.00830078125,-36.150146484375,inf,136.79870787663245
-17.0440673828125,-9.48223876953125,-0.35101318359375,0.49517822265625,-0.2154541015625,-0.10498046875,-58.1011962890625,inf,137.06837538422133
-17.044507917413075,-9.48269296070624,-0.3511153781954047,0.495103505126555,-0.2158093118865427,-0.1055271767087008,-58.101650745144354,inf,137.06943968417883
-18.32342529296875,4.34576416015625,0.46630859375,0.49517822265625,-0.088623046875,-0.08489990234375,-9.109375,inf,137.74197979827426
-18.32401917732884,4.346278701197163,0.4668043826081345,0.495103505126555,-0.0885036346735128,-0.0853168640703286,-9.10951240626029,inf,137.74641177111073
-18.36828419968539,3.0455100184822648,-1.7211045469619175,0.4951035051265549,-0.2672216682739539,1.147415224749907,3.825384447153431,4017.341518047316,138.07674775884618
-18.369844053449977,-4.462539204598986,-0.2557406922222027,0.4951035051265549,0.780880912307726,-0.1941105531656606,8.204632974762587,inf,138.0883884585819
-18.369873046875,-4.4627685546875,-0.255615234375,0.49517822265625,0.78143310546875,-0.194091796875,8.20513916015625,inf,138.08860482742537
-18.3736572265625,0.511474609375,0.24407958984375,0.502685546875,0.01434326171875,0.13482666015625,3.7581787109375,492.14838037536094,138.116844974347
-18.396240234375,20.34576416015625,-0.22796630859375,0.326904296875,-0.05975341796875,0.24029541015625,-45.6077880859375,26818.13389555254,138.28537488339552
-18.396240234375,-4.3297119140625,-0.24810791015625,0.49517822265625,0.7939453125,-0.19659423828125,7.89251708984375,inf,138.28537488339552
-18.39656318191228,-4.329543747545537,-0.2480612515564258,0.4951035051265549,0.794437591793767,-0.1971681862920016,7.892055303095217,inf,138.28778493964387
-18.43472320956556,0.0069860470911523,0.2727302550659216,0.495103505126555,1.65549341294551,0.2023059411697756,0.3257550752640474,5274.698195730985,138.57256126541463
-18.51171875,4.44622802734375,0.47003173828125,0.49517822265625,-0.08489990234375,-0.08489990234375,-8.61846923828125,inf,139.14715485074626
-18.511939890696997,4.44579197635209,0.4702706781779564,0.4951035051265549,-0.0853580275048516,-0.0849966806571514,-8.618167643487025,inf,139.1488051544552
-18.51879162980358,0.2460331552814741,0.1155359129401527,0.4951035051265549,5.295139132769533,0.6789060783600916,0.186424371471263,35640.52604257402,139.1999375358476
-18.53483242532284,0.2475119644881984,0.1069687332334861,0.4951035051265549,5.506689248005336,0.7128152758115731,0.1815394879635155,36785.78586862773,139.31964496509582
-18.53483242532284,-0.2524716870993729,0.3121429739809471,0.2987110075400376,0.0617329270935334,0.0108801304313661,0.0850476205730637,29845.366007496155,139.31964496509582
-18.5506591796875,-0.8369140625,0.3218994140625,0.50396728515625,0.344482421875,0.07958984375,1.559814453125,5737.609682908676,139.43775507229478
0.00048828125,-0.17022705078125,0.31689453125,0.0921630859375,-0.1287841796875,0.2415771484375,-59.14703369140625,inf,139.51764330540107
2.7867767752765585e-18,-0.1708360966944376,0.3173450560035395,0.091775042972734,-0.1291087158665283,0.2421232143479323,-59.14712032935497,inf,139.51784620457838
-0.3736572265625,1.259765625,-1.673095703125,0.29931640625,-0.09368896484375,23.981689453125,-14.4703369140625,23915.740098159604,140.9034878883136
-18.7716064453125,0.3394775390625,0.27044677734375,0.46124267578125,0.24029541015625,0.08087158203125,-6.176513671875,2353.837973697689,141.0866152635261
-18.870635691673744,3.034396990808616,-0.6187858771457005,0.4951035051265549,0.0857971458155002,0.5224991317803483,-13.731225090858173,3566.4745799635702,141.82563949010256
-18.88523563938288,2.1378863285641705,0.0128552396013207,0.4951035051265549,-0.2679586877959127,0.228155913515391,3.5051993915190183,2022.993719495838,141.93459432375283
-18.940538772359947,0.0029263046954524,0.2725432819779961,0.495103505126555,1.6312153701713927,0.2246969662952609,0.3839612806769141,6081.879049456119,142.3473042713429
0.00048828125,0.21014404296875,0.24908447265625,0.21771240234375,2.687255859375,0.09466552734375,61.46942138671875,inf,142.95649036702284
5.038373965486666e-06,0.2100985275311678,0.2492684787328053,0.2182576896880371,2.687777446568346,0.094542815832601,61.469625891459735,52181.331147453115,142.95696930084247
-19.22610246638511,-0.0004296652493919,0.275132037908026,0.495103505126555,5.269110272398688,0.9435591436140732,0.2480962625503217,26829.891973753693,144.47837661481427
-19.243672183094045,0.0015128574625912,0.272109637408119,0.495103505126555,1.6183884640231008,0.2484528987923262,0.4333588281694867,6926.912501019673,144.60949390368688
-19.308906839237597,0.0012779964971058,0.2719690622633877,0.495103505126555,1.6156940383248255,0.2555615468058136,0.4463467342445499,7180.228497159329,145.09631969580295
-19.308906839237597,0.0002254124974622,0.2788255570880154,0.3341257797129812,-0.0021909297607895,0.0092872202873083,0.0640857218068032,21895.887797478197,145.09631969580295
-19.67396281213072,-0.0005978792212642,0.2661922779788883,0.4951035051265549,1.7862111955149846,0.401609562019514,0.5474576511680079,13751.703712875465,147.82061800097551
-19.76971435546875,2.00177001953125,-0.000732421875,0.49639892578125,-0.8319091796875,0.24908447265625,1.38031005859375,1372.127087476394,148.53518175722948
-19.788437795694577,-8.037590294767658e-05,0.2683672609199763,0.4951035051265549,1.6523757094241132,0.4199718786496051,0.6044129393371073,13097.299160584045,148.67490892309385
-19.830980781401845,-0.0001103011468415,0.2744422461360543,0.495103505126555,2.2479060207258312,0.985513149429453,0.5673899003946767,28253.28064230433,148.99239389105853
-19.83123779296875,0.50146484375,0.24407958984375,0.502685546875,-0.053466796875,0.13360595703125,-1.05035400390625,532.9716820135366,148.99431188782648
-19.834925125222963,-0.0008414719196439,0.2663103174691162,0.3052699116304761,1.3315886022621364,0.0157860152254824,0.0658995354765556,36386.721551135575,149.02182929270867
-19.834925125222963,-2.440579310695356e-05,0.2680790965149676,0.495103505126555,1.644716960893324,0.4663974293145541,0.6342950089925198,14371.755188992556,149.02182929270867
-19.84259033203125,29.79583740234375,-2.9549560546875,0.49517822265625,-13.066650390625,0.1812744140625,1.7042236328125,8539.980776012117,149.0790323285914
-19.842817887561058,29.79544565305196,-2.954739003006829,0.495103505126555,-13.066927079279722,0.1816767740793015,1.7042707267585406,8462.118492005606,149.080730504187
-19.85324143635015,-1.5601894071435788e-05,0.2678393277687597,0.495103505126555,1.6453012228398014,0.4950476270657152,0.6483174516258353,15170.17661443245,149.15851818171754
-19.89136155056925,7.451409246458358e-06,0.2646676481275494,0.495103505126555,1.7429440307402482,0.7366078837412366,0.6846444137045293,21628.583113369557,149.44299664603918
-19.92791748046875,-0.457763671875,0.30810546875,0.5064697265625,0.08837890625,0.0933837890625,12.35205078125,3630.8223649099127,149.71580209305037
-19.930211615879657,-4.566524129612792e-05,0.27352900048069,0.4951035051265549,1.753538049561952,1.0612602788133194,0.7312938188670955,30263.676781487924,149.7329225065646
-19.932981512444428,-0.1056089827075262,0.2263902466821336,0.2814104413539423,3.2813875504707237,-0.1757517707335534,0.0662349281288235,inf,149.75359337645094
-19.9329833984375,-0.106201171875,0.22650146484375,0.28173828125,3.2811279296875,-0.17529296875,0.0657958984375,inf,149.7536074510261
-19.9329833984375,0.00048828125,0.27044677734375,0.49517822265625,0.2503662109375,-0.03839111328125,0.01177978515625,inf,149.7536074510261
-19.96346439742634,6.446731283320202e-06,0.2684559397336293,0.4951035051265549,1.5192275883392656,1.7418067026020474,0.888058833218698,47342.28962333197,149.98107759273387
-19.98745550228224,3.8981758190595815e-05,0.2969887141294749,0.4951035051265549,-1.924099167024056,13.979773307777334,-0.753112860756754,202033.9371510176,150.16011568867344
-20.007660455364636,5.623353436023212e-06,0.2832752432668089,0.4951035051265549,-0.4792892930426295,6.071553205960675,-2.9825128468531847,151415.94670104678,150.31089892063162
-20.135910967073464,2.861917288860535,9.981555302352564,0.4951035051265549,-41.01825615941296,-6.26281436319332,0.0128674959702931,7972.830166054876,151.267992291593
-20.16522216796875,-3.85760498046875,0.318115234375,0.38092041015625,0.6119384765625,0.1624755859375,-6.34222412109375,inf,151.4867325967817
-20.2242431640625,3.0438232421875,-1.71954345703125,0.49639892578125,-0.3033447265625,1.1492919921875,4.34954833984375,3827.0401523388778,151.9271877915112
-20.242452764367552,2.86902417055434,-14.798636714876418,0.4951035051265549,65.8597203076819,9.702082643759915,-0.0088054646851083,7406.447284843173,152.06308033110113
-20.24432373046875,-0.6875,0.31689453125,0.50396728515625,1.6966552734375,0.0845947265625,0.20513916015625,4890.614837505795,152.07704276469215
-20.253657833250337,3.446359717327044,-0.1331588536630239,0.495103505126555,-0.2259035412696239,0.1863358114556129,10.020719212241731,6961.6002200571975,152.14670024813682
-20.29327392578125,0.6483154296875,0.28045654296875,0.44744873046875,-1.42822265625,0.0582275390625,1.12542724609375,8690.008790089247,152.44234272971082
-20.34302319871311,3.708212517418629,-0.2407895179178468,0.4951035051265549,0.2700868502946305,0.2180102229839793,-8.578790710777001,7674.186453913723,152.81360596054557
-20.396240234375,3.45062255859375,-0.132568359375,0.49517822265625,-0.22796630859375,0.18634033203125,10.1109619140625,6746.81764971339,153.2107480177239
-20.44632264550931,0.5477001585841236,0.278849968393833,0.446621294590054,0.8312409890579275,0.0259759416830093,0.0212893061598243,6746.403164494699,153.58449735454707
-20.458984375,0.696044921875,0.22271728515625,0.502685546875,-0.50799560546875,0.14990234375,-0.14385986328125,315.31607505406026,153.67898787313433
-20.484130859375,3.7130126953125,-0.23931884765625,0.49517822265625,0.27294921875,0.21771240234375,-8.65362548828125,7431.083882871296,153.86664820429104
-20.526993709504733,-9.182572608408996e-05,0.3026607500835101,0.495103505126555,-9.454682428798144,3.5147374446474284,-0.1455793206069921,136658.4387816948,154.18652022018458
-20.54962209230551,-0.206884520800815,0.3091298918274524,0.495103505126555,-0.6200023175007572,0.0567674856335687,2.1317360675190344,9658.319304314125,154.35538874854856
-20.554443359375,3.02874755859375,-0.61846923828125,0.49517822265625,0.095947265625,0.52276611328125,-15.36798095703125,3234.0476788618676,154.39136835354478
-20.65234375,2.11224365234375,0.01055908203125,0.49267578125,-0.3121337890625,0.22650146484375,4.08837890625,1382.1453130151679,155.12196828358208
-20.739412691410333,-9.182572609464582e-05,0.2974792481991133,0.495103505126555,-0.0747379682896854,0.4852068796130956,-14.2472274922968,21985.84811716773,155.7717365030622
-20.76646851336202,1.548545223837198,0.1871343068870057,0.4951035051265549,0.0861625415283668,0.1153574223302244,-13.81775711692976,1353.911386865299,155.97364562210464
-9.57513427734375,-1.54876708984375,-0.07611083984375,0.49517822265625,-85.89654541015625,-0.3309326171875,-0.08111572265625,92652.74669861989,156.0479159028091
-9.575133304765744,-1.5489978485686642,-0.0756097840346933,0.495103505126555,-85.89666282871092,-0.3303144997083143,-0.0810534501533442,92342.29793761851,156.04812784965867
-20.780815682597986,-0.0001234123085928,0.3046749917189517,0.4951035051265549,-13.810621501181432,3.43492645506856,-0.0984042606240222,140965.66286696694,156.08071404923868
-21.14041687960813,4.29184119263403,-0.0918954276996661,0.4951035051265549,0.1385711614157524,0.1327692101869781,-23.265252738471688,8941.675872403439,158.76430507170244
-21.162109375,0.26666259765625,0.309326171875,0.3470458984375,0.47509765625,0.13360595703125,-0.11627197265625,40119.863754977676,158.92618936567163
-21.181540215482425,9.96771173020018,-0.7607733583747364,0.495103505126555,1.375938978299413,0.159882750049804,-5.307537363966602,13643.919090807112,159.07119563792853
-21.224853515625,9.981689453125,-0.75909423828125,0.493896484375,1.38031005859375,0.15997314453125,-5.32025146484375,13235.977664121465,159.39442922108208
-21.2587890625,4.29803466796875,-0.0924072265625,0.49517822265625,0.139892578125,0.13232421875,-23.42572021484375,9177.8712875291,159.64767957089552
-21.321533203125,-0.00701904296875,0.590576171875,0.49517822265625,-14.150146484375,2.22021484375,-0.09991455078125,inf,160.11591942630596
-21.32208005632772,-0.0074431277927577,0.5907796266824746,0.495103505126555,-14.150343977418444,2.219921706997183,-0.0994324796000373,inf,160.12000042035612
-21.34539794921875,11.630126953125,-0.80047607421875,0.49517822265625,1.24090576171875,0.14239501953125,-6.952392578125,13776.444795422853,160.29401454640856
-21.34562245565228,11.62957198561071,-0.8002439223727834,0.495103505126555,1.2408058685874457,0.1424146812512416,-6.95233773912516,13741.684897938429,160.29568996755432
-21.3780517578125,-1.03778076171875,0.3294677734375,0.502685546875,8.353271484375,0.0758056640625,-0.0572509765625,7107.91892445054,160.5376996851679
-21.46129029556252,2.111888257905333,0.1469662335815377,0.4951035051265549,0.3357823013969273,0.1113125019131156,-4.906954744705024,1759.6177592988702,161.15888280270536
-21.469161723414302,0.1743971631087024,0.2876294549954409,0.4951035051265549,-0.1377466045076995,0.0692819362884451,8.119093838877337,3693.9424987131947,161.21762480159927
-21.514892578125,0.65838623046875,0.22772216796875,0.502685546875,-0.6473388671875,0.1461181640625,-0.0396728515625,341.168535877029,161.5588998367537
-21.54748060213043,-3.5035517200067285e-05,0.3000699991413108,0.4951035051265549,0.0242755267580836,0.2568414375079835,30.438892349947885,12949.949637204933,161.80209404574947
-21.620361328125,2.113525390625,0.14739990234375,0.49517822265625,0.3394775390625,0.1109619140625,-4.95745849609375,1741.520860736826,162.34598006063433
-21.637939453125,-1.0089111328125,0.32818603515625,0.50396728515625,0.67596435546875,0.0758056640625,0.41357421875,6812.604270859704,162.47716009794775
-21.672843554286253,5.042739278913689,-0.0605352178063447,0.495103505126555,0.2301871581148511,0.1064188687932075,-17.169130567694513,7560.63367831038,162.73763846482277
-21.77349853515625,5.048828125,-0.06103515625,0.49517822265625,0.23150634765625,0.10595703125,-17.2650146484375,7828.068176908721,163.48879503847948
-21.921080550706343,0.0082816257947767,0.3898531053868738,0.4951035051265549,-14.655582906308,1.662975193396823,-0.087357673860395,inf,164.59015336348017
-21.921630859375,0.008056640625,0.38970947265625,0.49517822265625,-14.6561279296875,1.66278076171875,-0.08740234375,inf,164.59426014458955
-22.01812045554783,-0.2019744560523332,0.2150882720237783,0.2855738272837346,3.866999866963146,-0.1594344181960367,0.0658995354765556,inf,165.31433175781962
-22.018310546875,-0.20166015625,0.2152099609375,0.2855224609375,3.867431640625,-0.158935546875,0.0657958984375,inf,165.3157503498134
-22.13997923539764,-0.2057380395585317,0.2150017405075952,0.2855638706331346,3.849072585684738,-0.1590527023249531,0.0657066141623724,inf,166.22372563729581
-22.14013671875,-0.20538330078125,0.2152099609375,0.2855224609375,3.84857177734375,-0.158935546875,0.0657958984375,inf,166.22490088619404
-22.15142822265625,1.53472900390625,0.18756103515625,0.4976806640625,0.09967041015625,0.11474609375,-15.28887939453125,883.6267738762917,166.30916584071826
-22.194492841635476,0.80340380965832,0.3038669517419202,0.4951035051265549,0.688886049144668,0.0879279679775353,-0.8237263973823669,51489.091825140466,166.63054359429458
-22.55694580078125,0.01177978515625,0.46002197265625,0.49517822265625,-19.25372314453125,1.62890625,-0.0660400390625,inf,169.33541642374067
-22.55738760014297,0.0117586284200626,0.4598624689691293,0.4951035051265549,-19.25425091852745,1.628641994835932,-0.0662586697044267,inf,169.33871343390277
23.328731651921817,5.623075055394484,0.5046840774779034,0.495103505126555,0.3727944968793515,-0.0649693422709509,-0.0506735843159509,inf,173.09501232777475
23.32879638671875,5.62261962890625,0.50518798828125,0.49517822265625,0.3734130859375,-0.06475830078125,-0.05096435546875,inf,173.09549542327423
0.0903288469681945,-0.012354997549265,0.3570571958912997,0.2996603379679704,-95.3694520040847,2.1840303527372327,-0.1091973374444653,24003.890508736396,173.14702527813122
-23.41693115234375,0.6658935546875,0.22650146484375,0.502685546875,-2.150146484375,0.14739990234375,-0.06353759765625,334.2395563448085,175.7532175548041
-23.5691396255033,-2.01280983273704,0.35073190805761,0.4951035051265549,-0.0139561223732948,0.0425456383615693,63.23860494871466,20085.756603577312,176.88910168286046
-23.6868896484375,-2.23931884765625,0.3470458984375,0.4976806640625,-0.01708984375,0.04693603515625,63.2685546875,12149.163994112369,177.76783319729478
-23.87144965850301,-0.2810211807294968,0.1793359167643136,0.3577732245444769,0.2029861285293833,0.4024944591429477,0.1008559854147451,1928398.2572072838,179.14514670524633
-23.8714599609375,-0.28070068359375,0.17877197265625,0.35833740234375,0.20263671875,0.40228271484375,0.1009521484375,1933392.9799267962,179.14522358908582
-24.0660400390625,-1.83251953125,0.26165771484375,0.49517822265625,-0.07232666015625,0.07708740234375,8.82159423828125,inf,180.597313724347
-24.06617539214063,-1.832481696953535,0.2619191400767512,0.4951035051265549,-0.0728309453469529,0.0766969546583751,8.822228887741442,inf,180.59832382194497
-24.132568359375,0.2767333984375,0.28802490234375,0.502685546875,1.25347900390625,0.05950927734375,-1.4407958984375,4859.909970310073,181.0937937266791
-24.396240234375,0.57177734375,0.23651123046875,0.502685546875,-0.36737060546875,0.139892578125,-0.23931884765625,437.4988900816785,183.0614942863806
-24.43211717077311,-0.0345489714288989,0.3777385431349558,0.4951035051265549,-34.60499145590254,1.74888036554299,-0.0333514201208252,inf,183.32923261770978
-24.4326171875,-0.03466796875,0.37713623046875,0.49517822265625,-34.60467529296875,1.7493896484375,-0.03338623046875,inf,183.3329640858209
0.00048828125,-0.37615966796875,0.29803466796875,0.21014404296875,0.9383544921875,0.0494384765625,78.9459228515625,53688.62207925951,183.88506522614168
1.1178416194238001e-07,-0.3759531602854531,0.2984553439335499,0.210598191256511,0.9384465462525992,0.0496533252063794,78.94601546599289,50179.04438206373,183.8852821217632
-24.686194109293016,0.160881624092002,0.4322921793301414,0.4951035051265549,49.4062827732218,-2.1825917227508134,0.0237490791733512,inf,185.22532917382847
-24.686279296875,0.16119384765625,0.432373046875,0.49517822265625,49.40667724609375,-2.18280029296875,0.02435302734375,inf,185.22596490205223
-24.802266123806657,-0.7095667203147158,0.3295391333775573,0.4951035051265549,0.0810956582170174,0.0282216571808835,-1.8583423554387672,31793.96406213741,186.0915382373631
-24.93609619140625,1.02874755859375,0.27545166015625,0.28173828125,1.8988037109375,-0.0045166015625,0.687255859375,inf,187.09027008512126
-24.93637563609886,1.0281818749093654,0.2756494486092427,0.2813591626577906,1.899303216503501,-0.004579124124278,0.6872719429409283,inf,187.09235549327505
-25.04278564453125,-1.03778076171875,0.32440185546875,0.502685546875,1.1103515625,0.03814697265625,-1.9781494140625,12182.814489261265,187.8864600338153
-25.11688232421875,0.63702392578125,0.22900390625,0.502685546875,0.10723876953125,0.1461181640625,0.74249267578125,363.3977062628534,188.43942032999067
-25.20521357852481,-0.1567996257998942,0.3490105635061989,0.495103505126555,-9.943064344181083,0.5347852762032217,-0.1003946733352446,51600.099700169325,189.09860879496125
-25.20864067484821,0.3878454494811036,0.2270557457802992,0.4951035051265549,0.136131720996102,0.1884993751085685,0.733759228380616,3354.820867303569,189.12418414065826
25.5196533203125,9.0526123046875,0.45623779296875,0.49517822265625,1.5999755859375,-0.03338623046875,-0.18780517578125,inf,189.44517403218282
25.519772154409534,9.05216729503113,0.4562100864938673,0.4951035051265549,1.6004717187270638,-0.0330251234669661,-0.187575583304922,inf,189.44606085380246
-25.25250244140625,0.73370361328125,0.43865966796875,0.49517822265625,9.82220458984375,-0.36358642578125,0.11474609375,inf,189.45151075676304
-25.25273665053728,0.7339306937696845,0.4383176611869703,0.495103505126555,9.822069587887228,-0.3641109042195289,0.1149939048728864,inf,189.45325858609908
-25.26129150390625,2.80401611328125,-15.09808349609375,0.493896484375,67.52093505859375,9.5108642578125,-0.01080322265625,4280.543903026852,189.51710077541978
-25.30267333984375,0.01556396484375,0.75006103515625,0.49517822265625,-41.4747314453125,1.665283203125,-0.0308837890625,inf,189.82592044659515
-25.303088347484778,0.0158416926797242,0.7495703846293233,0.495103505126555,-41.474980788738165,1.6657450925707982,-0.0303122837266921,inf,189.8290175185431
-25.603565591522774,-0.1856453783806318,0.3433379772703175,0.4951035051265549,-7.839508421546119,0.428932089581289,-0.1189902656539852,36325.27171406174,192.071385011364
2.41729736328125,12.51397705078125,1.2459716796875,0.2955322265625,0.15869140625,-0.1112060546875,82.85296630859375,inf,193.03504990302986
2.4175018532422614,12.514550884464304,1.2454107479403131,0.2949670974877364,0.1583724193024375,-0.1118147521780126,82.8531596276618,inf,193.03550264089412
-25.90155029296875,-0.123779296875,0.22650146484375,0.34075927734375,1.8624267578125,0.0218505859375,0.37591552734375,115907.57395726936,194.2951514400653
-25.90163401071674,-0.1235135257871463,0.22634368521652,0.3404542659775284,1.8625379650401164,0.0217636155197135,0.3758217359541709,116404.5572330621,194.29577619937865
-26.285348967937832,0.7728002398916752,0.3329806838735186,0.3161345423342721,1.2549212541984611,-0.0914084390377236,0.0959433870492676,inf,197.15932065625248
-26.2857666015625,0.77264404296875,0.33319091796875,0.31561279296875,1.2547607421875,-0.09112548828125,0.095947265625,inf,197.16243732509326
0.643310546875,4.27423095703125,-32.9775390625,0.282958984375,109.8448486328125,11.3916015625,0.10845947265625,43297.1183952269,197.27590005922832
0.6432044464895089,4.27452844348742,-32.977825818348194,0.2831058948164671,109.84492616917404,11.3918892360628,0.1087232560997805,43452.70145406715,197.27604001655962
-26.53558349609375,1.85986328125,0.45123291015625,0.49517822265625,4.7701416015625,-0.15142822265625,0.20263671875,inf,199.0267425081623
-26.536042107924743,1.8595736067093984,0.4511280040896059,0.4951035051265549,4.7703877304574105,-0.1510926973596665,0.2025792139029921,inf,199.030164984513
-26.949851319228145,1.048948823710986,0.2336767733311587,0.4951035051265549,1.7375529344433276,0.0612156124925979,-1.0766195571738202,6241.45145471945,202.1182934270757
-27.110595703125,1.0526123046875,0.2340087890625,0.49517822265625,1.75445556640625,0.060791015625,-1.08673095703125,6159.444355265917,203.31787838152985
-27.436914292204595,-14.421259717542926,0.4091570037890593,0.495103505126555,-0.186410091470169,0.0137505342667032,2.54382442574311,200316.3679753334,205.7530917328701
-27.43701171875,-14.74273681640625,0.40728759765625,0.49639892578125,-0.14013671875,0.01434326171875,2.5416259765625,inf,205.75381879664178
-27.55255126953125,-3.76348876953125,0.370849609375,0.49896240234375,0.22021484375,0.0406494140625,-1.365478515625,40214.75091354854,206.6160542502332
-27.552763793324125,-3.5325863312662475,0.374834380951982,0.495103505126555,0.2458750368976826,0.0382810740739615,-1.3756844753466595,33951.1842124312,206.61764024868748
-27.708251953125,0.3834228515625,0.25537109375,0.502685546875,0.00177001953125,0.12603759765625,30.8843994140625,705.0875970187656,207.77799965018656
-28.179195880088503,-0.3930354773769222,0.3415394026705477,0.495103505126555,-3.5416582337966265,0.208826506805144,-0.1820830942811244,17921.814572250576,211.29250656782463
-28.2342529296875,0.21014404296875,0.28424072265625,0.49017333984375,0.7362060546875,0.03564453125,-3.83880615234375,4297.762710957012,211.70338007229478
-28.30650367277624,-0.0833314544695467,0.2885018259592674,0.495103505126555,1.253285140066549,0.0454233378959126,-1.4094633180732894,3845.702123336863,212.24256472221074
-28.960961779145563,47.04695879431046,0.436797559008537,0.4962403692300023,0.0002588859446453,-0.0054048560845954,0.7625209062976201,inf,217.1265804413848
-28.961181640625,47.04632568359375,0.4361572265625,0.49639892578125,0.00048828125,-0.00579833984375,0.7625732421875,inf,217.128221198694
-29.02061835175241,-0.0619200668322136,0.2877620157710263,0.4951035051265549,1.2643010697543966,0.0395430644125881,-1.6970647539963388,4293.450140458799,217.57177874442095
-29.04117763466057,-1.3221875075679947,0.2762426449797536,0.2874888014302917,2.0289788547818315,-0.0035691800065637,0.7038576548099805,inf,217.7252062288102
-29.04156494140625,-1.32281494140625,0.2767333984375,0.28802490234375,2.02935791015625,-0.00323486328125,0.70355224609375,inf,217.72809657765856
30.139797604833078,-95.62926288908676,0.1377418688394839,0.2836432346999984,0.0096361034552064,-0.002632300165502,1.4707525763296845,inf,223.92386272263488
30.139892578125,-95.629150390625,0.1373291015625,0.28424072265625,0.00927734375,-0.00201416015625,1.470703125,inf,223.92457147854475
-30.05096435546875,-1.67431640625,0.34576416015625,0.502685546875,0.8203125,0.06451416015625,-0.2078857421875,13244.626422689567,225.2609280258862
-30.100949125059003,-1.5399038328652337,0.3501696836601909,0.4951035051265549,0.4482034657302831,0.0620394703436894,-0.3336951642878778,14179.274463338661,225.63394869447015
-30.3121337890625,0.32318115234375,0.2603759765625,0.502685546875,-0.32720947265625,0.12481689453125,-0.45648193359375,794.2600019239205,227.20995364972015
1.025654053247465,3.6189684074149056,1.238398677019984,0.2869258952991611,-0.0551929623014259,-0.4020741213286716,-98.48162647530408,42224.461703262336,231.63612757682458
1.02752685546875,3.6201171875,1.2384033203125,0.2867431640625,-0.05474853515625,-0.40252685546875,-98.51678466796876,41775.408771500974,231.71846526456386
-30.976216507398785,-9.230186566933645,0.4237550660001722,0.4951035051265549,-0.5013080674184706,0.030789385843976,-2.0379037198461862,4.544820229460061e+22,232.1657948313342
-30.97625732421875,-9.2298583984375,0.423583984375,0.49517822265625,-0.501708984375,0.0306396484375,-2.03839111328125,1.1636951378647937e+22,232.16609943446826
4.94464111328125,6.54034423828125,0.5064697265625,0.38592529296875,-0.04095458984375,-0.05596923828125,-99.1005859375,574704409.3124799,233.08568135245903
4.945196449828173,6.539857160343005,0.5068343271211746,0.3861296168979817,-0.041085215165449,-0.0562735829430693,-99.1010972083192,389174449.03974307,233.08687870800753
-31.12668543090365,-9.195837299908332,0.4224722530272351,0.4951035051265549,-0.4949794875226984,0.0306458578039828,-1.9837214356019903,4.72420799300252e+21,233.2886972455496
-31.126953125,-9.19598388671875,0.42236328125,0.49517822265625,-0.49542236328125,0.0306396484375,-1.983154296875,4.5723440257245323e+21,233.29069496268656
-31.98323248853828,-0.7095667203147158,0.2982862151690164,0.4951035051265549,1.4012108800441931,0.0297460232158175,-1.8583423554387672,5617.0552373106675,239.68083946670356
-31.9864155697286,-18.130885169870744,0.4213490674114502,0.4951035051265549,0.0771073600227671,0.0160677878254943,13.51084004845437,inf,239.70459380394476
-31.9869384765625,-18.13134765625,0.42108154296875,0.49517822265625,0.07708740234375,0.01556396484375,13.5108642578125,inf,239.70849609375
-31.999323280962088,0.003481670828367,0.2757606928534655,0.3411535794580162,1.6941728594729484,0.1461599530596993,-0.0002444240505277,19408.03705882257,239.80092000717974
-32.0836181640625,-0.7100830078125,0.29803466796875,0.49517822265625,1.41290283203125,0.02935791015625,-1.8726806640625,5651.405687704914,240.42998629897386
-32.17937025202563,-9.205853575690672e-06,0.279339652617343,0.495103505126555,0.8882176579822121,0.0234694272880918,-4.60719361449479,7097.235560362161,241.14455411959423
-32.23801770185809,-11.598981287597072,0.4183606128690499,0.495103505126555,-0.2831478338475355,0.0240283080816642,-2.994923936597519,4.792275082291703e+24,241.58222165565738
-32.238037109375,-11.5989990234375,0.4185791015625,0.49517822265625,-0.28326416015625,0.02435302734375,-2.9951171875,7.263283306702834e+26,241.58236648787312
-33.24371337890625,-0.08990478515625,0.27166748046875,0.282958984375,1.814697265625,-0.0045166015625,0.61065673828125,inf,249.08741327541978
-33.24407098041392,-0.0905005721047196,0.2721560060938102,0.2825078171248721,1.8149021220655588,-0.0047942432925909,0.6105210059262572,inf,249.09008194338747
-33.45611937642976,-9.63239576519404,0.3991711151628011,0.495103505126555,0.1041242080615321,0.0185028840399286,-4.783597777950472,101477.79832054506,250.67253265992358
-33.4583740234375,-10.1375732421875,0.397216796875,0.49517822265625,0.148681640625,0.01934814453125,-4.79425048828125,163883.38594844405,250.68935838386193
-33.54118770771965,4.288963716702602,0.4574668000367852,0.495103505126555,2.599783286061838,-0.0685997236884948,0.2160219584346633,inf,251.3073709531317
-33.541259765625,4.28924560546875,0.45751953125,0.49517822265625,2.599365234375,-0.06854248046875,0.2164306640625,inf,251.307908698694
-33.74718354291061,-18.324160169452927,0.4281008250360765,0.4951035051265549,-0.0514315781947828,0.0165364494376951,-25.14622985954187,inf,252.84465330530307
-34.49373556813336,-0.1265680015281168,0.2794002221002478,0.495103505126555,1.6433543915584514,0.0234694272880918,-2.3118726263579497,7965.345788427041,258.4159370756221
-34.494140625,-0.12628173828125,0.27923583984375,0.49517822265625,1.6439208984375,0.02313232421875,-2.3121337890625,8061.677514612151,258.4189598880597
-35.60650634765625,0.00048828125,0.27423095703125,0.49517822265625,0.1724853515625,0.01556396484375,-35.163330078125,10114.064155570142,266.72019662430034
-35.60680208472667,0.0001551349331639,0.2740101311621504,0.4951035051265549,0.172438726126306,0.0157860152254824,-35.16371967269253,10256.224377643406,266.72240361736317
-35.896505092182146,1.293368542918877,0.2501713468910341,0.495103505126555,3.640440406439601,0.0339755096196898,-0.788038297544844,6684.2697627101825,268.8843663595682
-35.9869384765625,1.2987060546875,0.2503662109375,0.493896484375,3.6527099609375,0.034423828125,-0.79046630859375,6344.688095479944,269.5592423624067
-36.3572998046875,-0.57073974609375,0.3131103515625,0.50518798828125,-0.13385009765625,0.08966064453125,-2.828125,4231.354048479462,272.3231328708022
-20.31585693359375,22.5943603515625,0.4537353515625,0.48138427734375,-0.0045166015625,-0.018310546875,118.8492431640625,inf,277.3354640844555
-37.154541015625,21.76068115234375,0.4976806640625,0.2943115234375,-0.29327392578125,0.02935791015625,-41.23614501953125,27630.998452499858,278.2726941464552
-37.67431640625,-7.97186279296875,0.37213134765625,0.49517822265625,0.379638671875,0.02435302734375,-1.39056396484375,814319.7608531454,282.1516149720149
-37.674579631432096,-7.972125174840947,0.372533118902405,0.495103505126555,0.379797365487551,0.0248722636931577,-1.3910278697110718,inf,282.15357933904545
-37.68473074181677,-1.1104628990202738,0.3592779663868205,0.4951035051265549,-1.5308820432548833,0.0995752247098114,-0.1821927209022817,20773.34613401361,282.229333894155
-38.071044921875,-2.5506591796875,0.31439208984375,0.48260498046875,0.2252197265625,0.0494384765625,-85.337890625,inf,285.1122755363806
-38.12729226233,-7.997108219990176,0.3731326989003581,0.495103505126555,0.3835433193271772,0.0249393946083127,-1.3084817427693898,inf,285.53203180843286
-38.1275634765625,-7.99700927734375,0.3734130859375,0.49517822265625,0.3834228515625,0.02435302734375,-1.3089599609375,inf,285.5340557952425
-38.132568359375,0.5064697265625,0.24407958984375,0.502685546875,-0.28948974609375,0.13482666015625,0.0657958984375,498.552738315331,285.5714056669776
-38.8682861328125,-0.828125,0.3218994140625,0.50396728515625,-0.04217529296875,0.08087158203125,-3.2738037109375,5809.785904292753,291.06183681203356
-38.89969488215645,-0.0043496372000919,0.2896731555975971,0.3094126563495412,-0.16987019823629,0.5929418901954654,-0.0113552310907941,23742.936661340264,291.2962304638541
-38.89971923828125,-0.0045166015625,0.28924560546875,0.309326171875,-0.17022705078125,0.59307861328125,-0.01080322265625,inf,291.29641222597945
-39.16913151085132,-4.129852689895713,0.3965319552638817,0.4951035051265549,-0.0058217614062089,0.0378612693135874,-12.63901680758012,99850.27337249732,293.3069515735173
-39.2034912109375,-4.634765625,0.388427734375,0.49896240234375,-0.06475830078125,0.04193115234375,-12.67620849609375,195182.1942019284,293.5633672458022
-39.974365234375,-1.233642578125,0.344482421875,0.50518798828125,-0.7440185546875,0.08587646484375,-4.42010498046875,12480.956949065334,299.31615846548505
-40.123779296875,0.4888916015625,0.24530029296875,0.502685546875,-0.04974365234375,0.13360595703125,0.0657958984375,535.4190788575748,300.43118878264926
-41.27652422390316,4.461676568108958,0.0434347502389743,0.4951035051265549,2.0044670269819727,1.939017093806068,0.0526253744032484,344940.4864492509,309.0337628649489
-41.85760498046875,-0.35858154296875,0.05450439453125,0.29302978515625,5.7933349609375,-0.75531005859375,0.008056640625,inf,313.37018642140856
-41.85784664694149,-0.3582758513926277,0.054750718001878,0.2931856571366164,5.7930064699556425,-0.7558651244145616,0.0077484368736876,inf,313.3719899025484
-42.63570336791684,-0.0017053503645447,0.1250343060907569,0.2923591314127686,12.25524475735944,-0.1238344403094129,0.0449393187109275,inf,319.17689080534956
-42.63604736328125,-0.00201416015625,0.12481689453125,0.291748046875,12.25537109375,-0.123779296875,0.04443359375,inf,319.1794579349347
-13.97314453125,31.64019775390625,1.22210693359375,0.49517822265625,-0.2078857421875,-0.04595947265625,136.74755859375,inf,319.251893662178
-13.972741009014973,31.64077238477172,1.2215123297503423,0.495103505126555,-0.2076765917079121,-0.0456221196317759,136.74793134821098,inf,319.2527666234449
3.838173790515494,58.99370713807699,0.646149301616736,0.495103505126555,0.920536415295528,-0.0107899255691905,138.8412318359254,inf,324.155109686008
3.83856201171875,58.99359130859375,0.64581298828125,0.49517822265625,0.9207763671875,-0.01080322265625,138.84173583984375,inf,324.1562900230533
-43.4671630859375,-0.027099609375,0.344482421875,0.35833740234375,0.53662109375,0.19134521484375,-6.30963134765625,inf,325.38181407416045
-44.0924072265625,0.47509765625,0.24658203125,0.502685546875,-0.02960205078125,0.13360595703125,0.08209228515625,544.317362825658,330.04781512360074
-35.01576562083476,5.845280369354685,0.2319727106957638,0.495103505126555,-0.0578072281091739,0.0157189112360974,143.75274623673022,4541.8552875200585,335.6574853319209
-35.01519775390625,5.8448486328125,0.23150634765625,0.49517822265625,-0.0572509765625,0.01556396484375,143.753173828125,4629.108206585205,335.6584867169204
-3.1987853571241422,-0.0041826231068385,1.0728745377191824,0.3103275264999102,-9.431117647277723,56.896262609091245,-0.0019989582314895,21670.85937346847,335.6642757934393
-44.97962879876064,-0.7607476814445557,0.0515912179575462,0.2954211899305689,3.2972318775345277,-0.4687243413461693,0.0115691597888222,4.984598133296664e+23,336.6688716325421
-44.98004150390625,-0.76031494140625,0.052001953125,0.2955322265625,3.29742431640625,-0.46905517578125,0.01177978515625,7.31026916205408e+23,336.6719515216884
0.79901123046875,-2.15771484375,-0.00579833984375,0.2679443359375,-0.0572509765625,-0.27191162109375,-143.97564697265625,inf,338.1795011069233
0.7989059866208607,-2.157784552553734,-0.0063255330664725,0.2678284753172321,-0.0578915246638802,-0.272084901985527,-143.9759333714902,inf,338.1801718301878
-45.4923095703125,2.3746337890625,0.27294921875,0.4273681640625,1.1103515625,-0.02960205078125,-1.11309814453125,inf,340.4948475396455
-45.89493578648165,0.0008218159664022,0.2846942316267137,0.495103505126555,0.0769517326233309,0.0094734754708221,-101.79255127894037,5941.916514994913,343.4995207946392
-45.89532470703125,0.00048828125,0.28424072265625,0.49517822265625,0.07708740234375,0.00927734375,-101.7923583984375,6015.591372526802,343.50242318680034
-46.14263916015625,-0.458984375,0.309326171875,0.5064697265625,-0.04595947265625,0.095947265625,-10.32342529296875,3650.95588401729,345.3480534340018
-46.5205078125,0.47760009765625,0.24658203125,0.502685546875,-0.10369873046875,0.13360595703125,0.0657958984375,536.8319343708042,348.16796875
-46.68294622602953,0.968101370866846,0.2813090408033117,-1.1939198402721911,0.3666803153852716,0.0771600969838074,6.096297815519986,87076419.31496036,349.38019571663824
-47.01519775390625,-19.63916015625,0.43365478515625,0.48760986328125,-0.000732421875,0.02435302734375,-25.14703369140625,inf,351.85968473064366
-10.721435546875,0.0933837890625,-0.15264892578125,0.32568359375,6.04571533203125,59.93524169921875,0.00048828125,18075.943426355312,353.6464005870932
-47.53997802734375,0.98358154296875,0.27044677734375,0.49517822265625,2.087158203125,0.01177978515625,-3.145751953125,7906.803641403396,355.7759554279384
-47.54021187597315,0.9834665674828934,0.2704861648254512,0.4951035051265549,2.087458793707738,0.0116703216665782,-3.146092550056871,7924.112000328349,355.7777005669638
-48.79011376138353,0.9575846984897012,0.2710703461151287,0.4951035051265549,2.0692425796604987,0.0110831089098911,-3.2589256825208075,7923.048685515991,365.105326577489
-48.79046630859375,0.95721435546875,0.27044677734375,0.49517822265625,2.069580078125,0.01055908203125,-3.25872802734375,8396.786020341318,365.107957526819
-48.92189986639176,-10.735453196242675,0.3874505143562438,0.495103505126555,0.2566814298772208,0.0210768412853266,-0.8104821267401798,inf,366.08880497307285
-48.92230224609375,-10.7352294921875,0.38720703125,0.49517822265625,0.25665283203125,0.02056884765625,-0.810546875,inf,366.09180780666975
-25.541005271059063,-4.807148069276939,0.4470444509013111,0.495103505126555,-0.0085259616044637,0.0485513944005339,-157.40684967781604,inf,369.63430837896027
-51.81243896484375,-3.3353271484375,0.27545166015625,0.2867431640625,1.91766357421875,-0.00201416015625,0.73870849609375,inf,387.6599922749533
-51.81245778037234,-3.334766818977017,0.2759459225606018,0.2863177458440953,1.917296040626218,-0.0017012777290561,0.7392251751033195,inf,387.6601326893458
-52.23681640625,0.19134521484375,0.27166748046875,0.5064697265625,-0.00830078125,0.1197509765625,-19.65802001953125,1062.3081694476125,390.82698810634326
53.70170658127591,28.07437260641602,0.3689671808945147,0.2883306889538544,0.0087994309314737,-0.0046218751115365,62.884658810785865,inf,399.7590043378799
53.70172119140625,28.0745849609375,0.36834716796875,0.28802490234375,0.00927734375,-0.0045166015625,62.8843994140625,inf,399.7591133687033
-54.4176025390625,-30.2154541015625,0.41107177734375,0.50396728515625,0.0745849609375,0.00677490234375,-12.50421142578125,271479.2200536446,407.10151148554104
-54.41798755356957,-28.96951354111973,0.4158578099710495,0.495103505126555,0.0383856784356339,0.0072894860922182,-12.50478866443854,235132.12782593613,407.1043847281311
-13.5111083984375,42.28924560546875,1.436767578125,0.49517822265625,-0.22796630859375,-0.04217529296875,181.44061279296875,inf,423.9194678992243
-13.511679549265043,42.28940374803666,1.4367847613776454,0.495103505126555,-0.2279414130380071,-0.0421431493729792,181.441106223722,inf,423.92062347475877
-57.7847900390625,-0.9561767578125,0.32568359375,0.50396728515625,-0.49542236328125,0.07708740234375,-0.141357421875,6658.522913006149,432.22977641091416
5.006287832453793,8.054092263849597,0.4855712250998068,0.3546578791401403,0.0136871789413241,-0.0413067790214236,188.5674850168836,inf,440.6100351683457
5.00616455078125,8.05450439453125,0.485107421875,0.35455322265625,0.0130615234375,-0.04095458984375,188.5679931640625,inf,440.6112252085773
-58.93109130859375,-1.85260009765625,0.423583984375,0.42987060546875,-0.000732421875,0.11724853515625,-157.4307861328125,inf,440.78426349696826
-62.27447509765625,-31.8375244140625,0.4010009765625,0.502685546875,0.11224365234375,0.00555419921875,-18.02337646484375,114983.57226957302,465.73488878847945
-62.27468352717979,-31.58472924990274,0.4023761941150525,0.4951035051265549,0.0810956582170174,0.0060703570282694,-18.022840379259065,143740.41682445278,465.73644423268496
-12.29419717915584,22.684929125508354,0.7180578712806309,0.4951035051265549,0.070625423355384,-0.0389266633127911,-203.48679028890464,inf,477.54986016136917
-12.2945556640625,22.68475341796875,0.7186279296875,0.49517822265625,0.07080078125,-0.03839111328125,-203.4873046875,inf,477.5510648419204
64.4964599609375,73.44183349609375,35.7255859375,-0.91351318359375,-10.99383544921875,-0.1112060546875,13.43304443359375,23350024.25174882,480.3168653801306
64.59515894284431,10.353187467791304,0.4701069487513932,0.5002149782204359,-0.019033807641628,-0.0297424015535704,-0.7534204792475488,inf,481.05342494659925
64.59564208984375,10.353271484375,0.47003173828125,0.50018310546875,-0.01959228515625,-0.02960205078125,-0.7528076171875,inf,481.057030521222
3.075963177905907,-13.604269701808894,-0.0234475121925989,0.495103505126555,272.2362160864407,-0.0409524097342737,-0.3751891042291604,inf,490.4011120693876
3.07647705078125,-13.60400390625,-0.02337646484375,0.49517822265625,272.236572265625,-0.04095458984375,-0.3748779296875,inf,490.4017549921029
-67.26109793923183,6.004972820796744,0.2495868581730363,0.495103505126555,2.5270629541441227,0.0065813314655,-3.8337809662564286,9136.236343482273,502.9484920838196
-67.26129150390625,6.00555419921875,0.24908447265625,0.49517822265625,2.52655029296875,0.00677490234375,-3.83380126953125,inf,502.9499365963153
-67.75665391729477,-0.0003122877687352,0.3108707723490847,0.4951035051265549,-263.8273470194843,3.317047959722325,-0.00157980671498,inf,506.6466710245878
-67.7572021484375,-0.000732421875,0.31060791015625,0.49517822265625,-263.8275146484375,3.3175048828125,-0.00201416015625,inf,506.6507623017724
-68.45648193359375,0.03814697265625,0.28173828125,0.49517822265625,2.05322265625,0.00677490234375,-3.9505615234375,inf,511.8692681611474
-68.45664665012772,0.0384281030975427,0.2823168943529524,0.495103505126555,2.053854157447737,0.0063716263303936,-3.9504762839152296,6394.761406106277,511.8704973890128
-36.6121826171875,-25.30645751953125,0.41357421875,0.49517822265625,0.00177001953125,0.01055908203125,220.20013427734372,inf,514.6911809773858
-36.6116251732274,-25.30613366685091,0.413546075665716,0.495103505126555,0.001970667332419,0.0108801304313661,220.20039021265427,inf,514.6917803575042
-24.733703387380483,-31.29877931748204,1.263966384910119,0.4951035051265549,-0.08069400747756,0.0478807796959631,-228.4822666238317,771391.105721442,536.087275465648
-61.24493408203125,-31.53369140625,0.9559326171875,0.47381591796875,-0.04595947265625,0.122314453125,-228.484130859375,inf,536.0916413568501
-12.061706675904132,25.689475703889503,0.7554048067154863,0.495103505126555,0.0769517326233309,-0.0372950118833081,-229.0411578847599,inf,537.3961542968616
-12.062255859375,25.68914794921875,0.75506591796875,0.49517822265625,0.07708740234375,-0.03717041015625,-229.04156494140625,inf,537.3971075911153
-72.3736572265625,0.54034423828125,0.24029541015625,0.502685546875,-0.2066650390625,0.1373291015625,-0.02838134765625,462.4868151779428,541.1019196012127
-72.42010498046875,0.01806640625,0.2767333984375,0.43487548828125,27.74566650390625,0.45501708984375,0.02313232421875,5016.140969136395,541.4485446303638
-76.185302734375,0.00177001953125,0.2779541015625,0.3746337890625,0.08087158203125,0.898193359375,0.016845703125,10697.329766110739,569.5470353311567
-77.2192413983092,-1.7043334244103785,0.2719219965224597,0.4951035051265549,1.8598003036414592,0.0051967695388934,-4.97492190487346,17433.73667557134,577.2629955097701
-77.2198486328125,-1.7044677734375,0.27166748046875,0.49517822265625,1.85986328125,0.00555419921875,-4.97503662109375,inf,577.267527110541
-77.72657398159703,-0.0141998479880472,0.2698714526321538,0.3280910840612684,-0.762054625241647,1.109618468721208,-0.0029859180257106,28806.098137624733,581.0490595641569
-77.99322509765625,0.025634765625,0.27294921875,0.43115234375,19.586181640625,0.49517822265625,-0.00323486328125,5410.215382841359,583.0389932660914
78.4437255859375,40.652099609375,0.36834716796875,0.28802490234375,0.008056640625,-0.00323486328125,66.0469970703125,inf,584.4009372084888
78.44391523061768,40.65157520364953,0.3681233148949947,0.2882222650155577,0.0083878282168617,-0.0031575337137396,66.04746005608253,inf,584.402352467296
-78.6171875,0.37591552734375,0.131103515625,0.4625244140625,44.82037353515625,0.6470947265625,0.008056640625,2825.587250749763,587.6954291044776
-78.79296875,0.38970947265625,0.13861083984375,0.46124267578125,46.449951171875,0.59185791015625,-0.0045166015625,2739.9008515903756,589.0072294776119
-79.16839599609375,0.03314208984375,0.27166748046875,0.43487548828125,14.33447265625,0.42987060546875,0.04693603515625,4895.977754167208,591.8089253439832
82.82916259765625,-0.14764404296875,0.34326171875,0.3746337890625,-66.4364013671875,0.660888671875,-0.13385009765625,12352.108054446451,617.1280790869869
-82.9385986328125,0.77264404296875,0.3294677734375,0.31561279296875,0.0745849609375,-0.0045166015625,0.00048828125,inf,619.9447659165112
-83.2550048828125,-0.00323486328125,0.28173828125,0.406005859375,0.1273193359375,0.502685546875,0.08837890625,7535.064011155194,622.306006588153
-84.42388916015625,0.02935791015625,0.26666259765625,0.423583984375,15.3162841796875,0.66217041015625,0.09967041015625,6012.666466543413,631.0290235832556
-85.63037109375,0.3482666015625,0.27923583984375,0.2955322265625,1.8900146484375,-0.0045166015625,0.36334228515625,inf,640.0326201026119
-85.63094580413075,0.3482021362356809,0.27872186413975,0.2949433696427503,1.8899417819891005,-0.0051055913481868,0.3639483061678235,inf,640.0369089860503
-86.88214111328125,2.41107177734375,9.49578857421875,0.50146484375,-0.21295166015625,-6.5732421875,0.01434326171875,4342.314072258249,649.3741874125466
-92.34071532257713,-0.0615886474591537,0.2782391452045133,0.4951035051265549,1.9009446884196937,0.0040946559047602,-5.112459915267517,8005.1441794818575,690.1098158401278
-92.34100341796876,-0.06103515625,0.2779541015625,0.49517822265625,1.90130615234375,0.0042724609375,-5.11187744140625,inf,690.111965805737
-93.4421099462385,1.221986723620348,0.3382567493806927,0.375399414952497,1.2868736394701392,0.2097124948194156,14.065131290297158,57180.203857600485,698.3291787032724
-93.7545053988816,0.0859269550533802,0.3425644126031155,0.4951035051265549,2.3242319884749616,0.0046469409306784,-2.504174770696129,77918.9787245365,700.6604880513552
-93.75848388671876,-0.25811767578125,0.34197998046875,0.49517822265625,2.388427734375,0.0042724609375,-2.56951904296875,75021.93864695496,700.6901782590952
-93.86500224579252,0.7063600309162827,0.3890594417578901,0.3503533718334565,-0.8124958809904894,0.2261715913712698,-0.8716455004368778,31277.094601255685,701.4850913865114
-94.02587890625,0.35833740234375,0.25665283203125,0.502685546875,-0.000732421875,0.12982177734375,-15.40313720703125,716.1174069392775,702.6856634794776
-101.1055908203125,-0.01202392578125,0.26287841796875,0.3306884765625,-0.94989013671875,1.20074462890625,-0.00201416015625,inf,755.519334479944
-101.10587726780066,-0.0124914958071534,0.2623361754126178,0.3306273409768373,-0.9494641158249256,1.201001922599965,-0.0021080432898116,35180.325092783234,755.5214721477661
-29.187959633821823,35.17381975382903,-0.1732402224627367,0.4951035051265549,-0.0633931261538676,0.024794519857728,327.707703732718,8288.02478749628,766.4653483201827
-29.1884765625,35.17437744140625,-0.1727294921875,0.49517822265625,-0.06353759765625,0.02435302734375,327.7080078125,7515.515621056023,766.4660604508197
-102.79012496868144,-0.025601859090084,0.2575122310109476,0.3272096878832582,0.111031672814867,1.201869797068468,-0.0020681686228734,inf,768.0904848409062
-104.69378662109376,12.36962890625,0.24658203125,0.49517822265625,2.6031494140625,0.00299072265625,-4.57830810546875,12119.05488906046,782.2969150827893
-104.69442107467984,12.36921602828161,0.2462619158528465,0.495103505126555,2.603656485415112,0.0035704751829795,-4.578815086054803,9290.36034854809,782.3016498110435
-105.08172607421876,-0.00201416015625,0.282958984375,0.388427734375,42.7098388671875,2.2867431640625,0.01055908203125,9032.70032948328,785.1919856284982
-106.92730712890624,-0.26690673828125,-0.05975341796875,0.49517822265625,25.5899658203125,0.025634765625,-0.1275634765625,3136572.1454769433,798.964978573927
-106.9275557278218,-0.2673930724769019,-0.0599137589121037,0.4951035051265549,25.59005208471712,0.0257096707938369,-0.1269448570805514,3140598.502005181,798.9668337897149
-107.23935961016876,-1.5443147723285373,0.2340364455450272,0.2849469161576893,2.1888947218698824,-0.0250349418509139,0.0850476205730637,inf,801.2937284340952
-107.23992919921876,-1.54376220703125,0.2340087890625,0.2855224609375,2.1888427734375,-0.02459716796875,0.0845947265625,inf,801.2979790986475
-107.45587158203124,1.1844482421875,0.291748046875,0.30810546875,2.05572509765625,-0.01580810546875,0.12481689453125,inf,802.9094894181435
-107.45610141133064,1.1841584126770852,0.2912970010121937,0.307564313022607,2.0560388279700077,-0.0164247347110516,0.1242114805536738,inf,802.9112045621689
-112.85699462890624,29.4091796875,21.946533203125,0.335693359375,-9.9329833984375,1.0802001953125,-36.45526123046875,18466.012233157824,843.2163778276584
-115.20793445742623,-41.1509078995974,0.3541724190610781,0.495103505126555,-0.0853284030288616,0.0025679324278771,75.23631454509433,18518.49500823169,860.7607049061659
-115.20855712890624,-41.15081787109375,0.35455322265625,0.49517822265625,-0.08489990234375,0.00299072265625,75.23590087890625,inf,860.7653517082555
-116.19287109375,-0.03216552734375,0.0845947265625,0.49017333984375,-76.24810791015625,-21.05914306640625,-70.5770263671875,3783.41805501471,868.1109783115671
9.685223096402931e-75,-0.4026270355235383,0.3575258042891188,-2.340667336656367,-1.292319840957738,0.1531244005625439,-372.58673050408095,6088590.677414704,873.5684555130701
0.00048828125,-0.40252685546875,0.3570556640625,-2.34100341796875,-1.29266357421875,0.1536865234375,-372.5870971679688,inf,873.5693142106999
-122.862060546875,2.07080078125,-0.6875,0.35076904296875,-0.09991455078125,2.29302978515625,-52.51171875,17063.972424945543,917.881048857276
-123.40260376279312,0.5223363327373972,0.2793348009804627,0.29675159929521,1.9252146753039012,-0.0042204387574289,0.3244276049558542,inf,921.9149534536799
-123.40313720703124,0.52276611328125,0.27923583984375,0.29681396484375,1.9251708984375,-0.0045166015625,0.32440185546875,inf,921.91893438083
129.89508056640625,0.599365234375,0.27923583984375,0.49517822265625,0.27044677734375,-0.00201416015625,-64.0208740234375,inf,968.3662728836288
94.0482177734375,0.16876220703125,-8.75909423828125,0.49517822265625,539.3113403320312,1.85107421875,0.00177001953125,279692776.98309475,972.486173884533
94.0481978291781,0.1693390790631423,-8.758778759078648,0.495103505126555,539.3116402456909,1.8509610576488755,0.0011646911485078,279115121.620044,972.4867152449294
-132.39251708984375,-0.00579833984375,0.29803466796875,0.31439208984375,-0.58709716796875,0.48388671875,-0.0045166015625,25742.2484481052,989.0038588794308
-132.43053304626005,-0.0059586862113532,0.2974792481991115,0.3144592202804295,-0.585905191179495,0.4881466625924286,-0.0039350760677779,25354.983389284997,989.2875600467166
-51.90227642974371,-27.95700816240784,0.3879766683014942,0.4951035051265549,0.0032948282316448,0.0080496804582407,-429.7240374557758,4649238.077877728,1007.379478819147
-51.90283203125,-27.956787109375,0.388427734375,0.49517822265625,0.00299072265625,0.008056640625,-429.724609375,4739059.974859186,1007.380818208431
-136.49629380858582,2.324924676675894,0.2740974026233417,0.4951035051265549,1.8725463814550949,0.0024895337634936,-6.006634234468251,8028.210963456664,1019.6290582730284
-136.4967041015625,2.32440185546875,0.27423095703125,0.49517822265625,1.8724365234375,0.00299072265625,-6.00701904296875,inf,1019.632120160914
-139.86016845703125,-0.93988037109375,0.282958984375,0.49517822265625,1.96783447265625,0.00299072265625,-5.356689453125,inf,1044.7326004256063
-139.86042369038788,-0.94031023600932,0.2829720658821869,0.4951035051265549,1.9684141123183216,0.0024611662863885,-5.357226587824415,6721.300138909091,1044.7345051521481
-146.57830810546875,-1.0390625,0.282958984375,0.49517822265625,1.9603271484375,0.00177001953125,-5.435791015625,6624.593293201905,1094.8679709363337
-146.57846008319126,-1.0392122754452873,0.282942624757364,0.495103505126555,1.960910557890408,0.002326001475232,-5.435390745863886,6752.604807161327,1094.869105098442
-147.87017822265625,0.49267578125,0.27923583984375,0.29681396484375,1.91888427734375,-0.00323486328125,0.34954833984375,inf,1104.5087927063898
-147.87044642449223,0.4920707840915193,0.279339652617343,0.2963541248884437,1.9187156942322363,-0.0031500246436262,0.3493366328283299,inf,1104.5107942126283
-148.9859704656323,-4.01132673479482,0.2352784745577675,0.2882748141711148,1.821775182773932,-0.0132522050366099,0.1122324605329032,inf,1112.8356004897933
-148.986328125,-4.01080322265625,0.23529052734375,0.28802490234375,1.82220458984375,-0.0133056640625,0.11224365234375,inf,1112.838269589552
-151.3466796875,1.7218017578125,-0.501708984375,0.4361572265625,69.3087158203125,0.959716796875,0.13482666015625,17720.0517538684,1130.4528334888057
-154.4308266231191,-57.33587763554261,0.3531396665847987,0.495103505126555,-0.1202959767483072,0.00181615278879,57.69184384891529,17981.65319962314,1153.4688553964108
-154.431396484375,-57.3353271484375,0.353271484375,0.49517822265625,-0.1199951171875,0.00177001953125,57.691650390625,18592.9418702635,1153.4731080923507
31.346770080256523,-91.7660803557349,-0.0908869007800325,0.2750262902935882,0.0111617556694999,-0.0078948360481006,500.8278692178922,inf,1171.8989911426047
31.34637451171875,-91.7659912109375,-0.09112548828125,0.27545166015625,0.01055908203125,-0.00830078125,500.8279418945313,inf,1171.8991613455066
-157.67024665401132,4.9788676586244085,0.5137723202450346,0.495103505126555,0.4669042539639529,-0.0774860144274611,0.0245232546005079,inf,1177.6436317463529
-157.67059326171875,4.978515625,0.51397705078125,0.49517822265625,0.467529296875,-0.07733154296875,0.02435302734375,inf,1177.6462183710353
-159.9329833984375,0.6734619140625,0.27166748046875,0.29931640625,4.8843994140625,-0.11248779296875,0.0130615234375,inf,1194.529726854011
-159.93329759531105,0.6729354586666352,0.2714991392646164,0.2995584341006932,4.884521584473826,-0.1129930118328557,0.0136914811596978,inf,1194.5320716067986
-162.7252197265625,0.1021728515625,0.27923583984375,0.2943115234375,1.91510009765625,-0.00201416015625,0.43115234375,inf,1215.3673113922573
-162.72527444943503,0.1020838228854853,0.2788255570880154,0.2942672797802252,1.914520302539036,-0.0020257260283321,0.4313455193978194,inf,1215.367719771903
168.6634521484375,19.709228515625,0.318115234375,0.29302978515625,-0.05596923828125,-0.00201416015625,-8.90093994140625,inf,1257.6824787196829
168.66360499595166,19.70956225446884,0.3180799677689874,0.2925001930747786,-0.0556430584279915,-0.0016502897441876,-8.90066695900829,inf,1257.6836193727736
0.00048828125,-0.855712890625,0.3922119140625,-0.00701904296875,-0.13885498046875,0.16998291015625,-583.3215942382812,inf,1367.092726553352
-4.538467850926114e-31,-0.8557276601661726,0.392594765469812,-0.0064134545759325,-0.1385182147433211,0.1694911071461176,-583.3217171274433,2181891.1722860723,1367.0930143499845
-25.699769662058333,4.566733358464023,0.1835910659769504,0.4951035051265549,-0.0089218345813045,0.0380929889611591,589.5516343320993,4228.731577788426,1379.6829843843075
-25.752197265625,4.5692138671875,0.18377685546875,0.49517822265625,-0.00830078125,0.03814697265625,589.5536499023438,4229.008820280759,1379.6877046893296
10.3043212890625,12.42236328125,0.46124267578125,0.4185791015625,0.00555419921875,-0.02337646484375,595.3665771484375,inf,1393.3011174436476
10.30374848011325,12.421893412431272,0.4618095808454863,0.4184343971406432,0.0060771178897384,-0.0237065341525174,595.3669119426594,inf,1393.301901505057
-187.836193220584,0.0034816708283672,0.2787911306410093,0.3365906552505492,-0.2416921197617726,0.5385097357168522,-0.0025203725516245,19681.244782690545,1402.7626359745072
-187.8363037109375,0.00299072265625,0.27923583984375,0.33697509765625,-0.2418212890625,0.53912353515625,-0.00201416015625,inf,1402.7634605293842
3.559814453125,-1260.85595703125,-0.969970703125,0.27044677734375,0.025634765625,-0.00201416015625,1.0224609375,inf,1406.636518429487
3.559590953407872,-1260.85620600602,-0.9699342814982655,0.2699131887210186,0.0250497274942562,-0.0015494200059908,1.022717243000608,inf,1406.6367959933334
-191.374267578125,0.0042724609375,0.27923583984375,0.33697509765625,-0.24053955078125,0.53662109375,-0.00201416015625,inf,1429.1661759561566
-191.37485222419048,0.0037224660923032,0.2787266325367267,0.3367564689905156,-0.2408492154055889,0.5367487833679896,-0.0024812064828715,19667.807981797283,1429.170538986496
-192.71392822265625,0.00299072265625,0.27923583984375,0.33697509765625,-0.29827880859375,0.54791259765625,-0.00201416015625,inf,1439.1636434526583
-192.7145041621531,0.0031923563780274,0.2786710576598107,0.3375874520447623,-0.2985413049551896,0.5479064049246204,-0.0024134980271207,19477.337883401593,1439.167941508605
-205.24371337890625,44.93585205078125,0.43743896484375,0.49517822265625,-0.00323486328125,-0.00579833984375,0.19134521484375,inf,1532.6695028276583
-205.24434423767056,44.93596120500762,0.4370764736464567,0.4951466439863464,-0.0028529365949745,-0.0056458395458269,0.1918820633968866,inf,1532.6742107288846
-206.70635986328125,45.2547607421875,0.43743896484375,0.49517822265625,-0.00323486328125,-0.00579833984375,0.19134521484375,inf,1543.5847750991136
-206.7067726087053,45.254277383030704,0.4370234331686405,0.4951354080666828,-0.0028716062566256,-0.0056043620145347,0.1917967933324719,inf,1543.5878552888453
-36.546875,-7.6441650390625,0.3570556640625,0.49517822265625,0.0042724609375,0.01434326171875,-667.943115234375,19701.448759905787,1565.269590712822
-36.547422969863874,-7.644352992035958,0.3566296591867756,0.4951035051265549,0.0043265007112676,0.0142194758554864,-667.9437073476637,19527.359178599607,1565.270977394997
-152.28143725588043,0.0559282543784674,-8.129386172668731,0.3067569856823587,-184.4660741128976,269.3244862455655,-6.114619057661502e-06,45847.13857177066,1592.6360132873697
-152.281982421875,0.05572509765625,-8.1287841796875,0.30682373046875,-184.466552734375,269.3250732421875,0.00048828125,inf,1592.6394866401627
-54.65689795847446,-28.73287842622244,0.3800563081707674,0.4951035051265549,0.0030292510305693,0.0072917500546665,-683.0512759410755,2017687.194480243,1600.6517000961956
-54.65740966796875,-28.73272705078125,0.379638671875,0.49517822265625,0.00299072265625,0.00677490234375,-683.0516967773438,367091.66000570945,1600.6526856612268
-55.0428466796875,-28.96246337890625,0.379638671875,0.49517822265625,0.00299072265625,0.00677490234375,-694.4892578125,409608.24105271994,1627.438542886417
-55.04228006940733,-28.962334902710623,0.379659783027104,0.4951035051265549,0.0030404506052033,0.0072072209081597,-694.4896117287332,1937504.5138709606,1627.4393717300543
-24.710945935721984,-1.011024611827107,0.3155403613773654,0.495103505126555,0.0021119745964296,0.0418037556781818,-790.4768484490071,5851.514089664897,1852.2338371171127
-24.8896484375,-1.0352783203125,0.31561279296875,0.50146484375,0.00177001953125,0.043212890625,-790.48046875,5530.152574980749,1852.2423155737706
44.15753904446253,55.58828784822364,0.5013121295624747,0.2933819308571547,-0.0030902111233548,-0.0057010021737278,-822.4749140993058,inf,1927.1707590147678
44.157470703125,55.58868408203125,0.50146484375,0.29302978515625,-0.00323486328125,-0.00579833984375,-822.4754638671875,inf,1927.1720465273713
-259.9841163049575,0.5579239572513769,0.2774927352207248,0.2936705180296619,1.8960803998387556,-0.0015317333182361,0.385714006828515,inf,1941.1799724250561
-259.9844970703125,0.55792236328125,0.2779541015625,0.29302978515625,1.89630126953125,-0.00201416015625,0.38592529296875,inf,1941.182813957556
-2.89593505859375,0.21392822265625,0.29302978515625,0.49517822265625,0.10845947265625,-0.01580810546875,832.33837890625,inf,1948.2702082113583
-2.896320298308244,0.2134102922229101,0.2929578350822286,0.495103505126555,0.1081823361726825,-0.015211071490435,832.3386776708768,inf,1948.270907894325
-277.06515642823007,0.3031521373487419,0.5429098707544789,0.3087577149330175,-42.653353225675886,1.869961930341408,-0.0004861406717609,inf,2068.6504211061947
-277.0654296875,0.3031005859375,0.5428466796875,0.309326171875,-42.65362548828125,1.86993408203125,-0.000732421875,inf,2068.6524603544776
-287.96563720703125,1.0877685546875,0.27923583984375,0.2955322265625,1.89501953125,-0.000732421875,0.39471435546875,inf,2149.9972925897855
-287.96600630091064,1.0875977580347038,0.2794607915831527,0.2950726648073042,1.8947125784310237,-0.001332123534279,0.394628956661969,inf,2150.000047021721
-291.302734375,0.3570556640625,-0.3836669921875,0.30810546875,127.656494140625,-5.01019287109375,0.00048828125,30537.751023019828,2174.9010027985073
-291.34596669058294,0.3587749650565775,-0.3867180949789186,0.3083497190376063,127.45782571440124,-5.023332802792693,0.0001718491332587,30518.038779524497,2175.2236320192756
0.00048828125,-1.36297607421875,0.3306884765625,-0.2254638671875,0.88812255859375,0.0494384765625,937.1946411132812,inf,2193.8352250896514
-1.2626166443007468e-65,-1.3631064960479298,0.33104159297942,-0.2255759464630332,0.8882176579822121,0.0491857170703723,937.195075100833,1637139.236122241,2193.8362414539415
-299.8621072993711,1.4645908693989156,0.2761433134033113,0.495103505126555,1.8693637801157923,0.0010258883247365,-6.623785451819328,8450.476570335313,2238.7769201445603
-299.8626708984375,1.46441650390625,0.2767333984375,0.49517822265625,1.86993408203125,0.00048828125,-6.62347412109375,8420.87868717213,2238.7811261077427
-302.3397827148437,0.50396728515625,0.27923583984375,0.49517822265625,1.9163818359375,0.00048828125,-6.32342529296875,7418.707038182045,2257.267035185401
-302.3403929046844,0.5042881822017173,0.2793313619785356,0.495103505126555,1.9164714000518843,0.0010231569452112,-6.323386733554207,7307.216735260887,2257.2715888409284
-313.50738525390625,0.15118408203125,0.27423095703125,0.52783203125,0.00048828125,0.1273193359375,5.93646240234375,1421.5252155291698,2340.6073526410914
-314.8380649416213,-0.108002278365965,0.2287685904005157,0.3805839541072793,1.5315132439652588,0.3430330125976291,0.104125233510829,187963.82081294898,2350.537798071801
-318.95465781418454,0.6502937471449395,0.2773377360147311,0.293463679795363,1.894211886944144,-0.0012364873982265,0.3880077977307365,inf,2381.2586404043623
-318.9549560546875,0.65087890625,0.2779541015625,0.29302978515625,1.893798828125,-0.000732421875,0.388427734375,inf,2381.2608660797573
-332.624755859375,0.13861083984375,0.14990234375,0.370849609375,0.4097900390625,2.21270751953125,0.98858642578125,13505.112594428838,2483.2742974580224
-28.910388792077104,7.927078665498895,0.164922412954042,0.495103505126555,-0.0075466241958863,0.0257547829802139,1063.7203205475162,4579.373007080801,2490.148291680366
-28.9110107421875,7.92767333984375,0.16497802734375,0.49517822265625,-0.00701904296875,0.025634765625,1063.720703125,4616.837771076238,2490.14918764637
337.31256103515625,0.79144287109375,0.20892333984375,0.502685546875,-0.20416259765625,0.16119384765625,0.62451171875,265.7614522593878,2516.2579181728074
-35.053653956802385,12.527005057039275,0.1712264837211631,0.4951035051265549,-0.0101213838531942,0.0157860152254824,1094.1659945782849,4448.562292815969,2561.449636014719
-35.05413818359375,12.52655029296875,0.1712646484375,0.49517822265625,-0.009521484375,0.01556396484375,1094.1663818359375,4515.879839799328,2561.4505429413057
-346.459732867344,0.0798652421835403,0.2644495093085387,0.3295303975453221,-0.1421835633430131,0.4875551013313962,-0.0014956180985085,22219.055539951176,2586.520394532418
379.9892578125,0.95721435546875,0.27545166015625,0.49517822265625,0.19134521484375,-0.000732421875,-83.36297607421875,inf,2834.7407299440297
-383.2106159759233,0.8386154654621473,0.2758862147804259,0.495103505126555,1.8848271616838703,0.0007898791763452,-6.689661168383957,8891.769988129578,2860.7807162382337
-383.2111206054688,0.83917236328125,0.27545166015625,0.49517822265625,1.885009765625,0.00048828125,-6.69000244140625,9235.145540492684,2860.7844821303643
-35.84727378411662,12.653839375006658,0.1752951448970467,0.4951035051265549,-0.0090116760696932,0.0150367934411249,1244.2479722168114,4445.408576792689,2912.9296773227434
-35.84759521484375,12.65338134765625,0.17498779296875,0.49517822265625,-0.009521484375,0.01556396484375,1244.248046875,inf,2912.9298521662768
-26.42535355476233,-4.950041097564711,0.4342127300817869,0.4951035051265549,-0.0008249138146761,0.0432907733085742,-1268.430920229524,inf,2971.5642159942013
-37.49603271484375,-4.22802734375,0.42236328125,0.41229248046875,-0.000732421875,0.04443359375,-1268.4315795898438,inf,2971.5657601635685
-398.84075927734375,-0.01708984375,-0.15264892578125,0.2767333984375,30.34454345703125,-0.05224609375,0.01177978515625,inf,2977.423576696595
-398.8408095588281,-0.0172545695716077,-0.1522123070128332,0.2766803060268178,30.344007849772,-0.0521803590215656,0.0118700086218049,inf,2977.423951931553
-400.5065292530014,0.2085017220257138,0.2800167128581811,0.495103505126555,1.9293345838240847,0.0007586499393309,-6.384750223233461,7139.056733167672,2989.854695917921
-400.50677490234375,0.20892333984375,0.28045654296875,0.49517822265625,1.928955078125,0.00048828125,-6.38494873046875,6993.138045987797,2989.8565291219684
-0.57452392578125,17.19195556640625,0.45123291015625,0.49517822265625,0.00555419921875,-0.01580810546875,-1335.8465576171875,inf,3129.446270766247
-0.5743275702619094,17.192084678232725,0.4517305033761027,0.495103505126555,0.0053168083414415,-0.0162256116149097,-1335.846918363782,inf,3129.4471156060467
-39.26494317454369,517.9579918530411,-3.9269890068870734,0.495103505126555,0.1482048744382668,0.0126015316336841,-1464.9083793578725,14313.820363864792,3431.6987806975935
-39.2650146484375,517.9578857421875,-3.92669677734375,0.49517822265625,0.148681640625,0.0130615234375,-1464.90869140625,inf,3431.699511490047
-25.56457331591556,-3.3235628775924626,0.3582905823512938,0.495103505126555,-0.0006409503670712,0.0343646562028274,1524.8075313645345,17711.657465476346,3569.977825209683
-25.6429443359375,-3.46087646484375,0.3570556640625,0.493896484375,-0.000732421875,0.03692626953125,1524.8092651367188,21771.465926318648,3569.9818855660865
-484.46533203125,0.69476318359375,0.31939697265625,0.34326171875,3.17938232421875,-0.08233642578125,0.00677490234375,inf,3616.4129256063434
-484.4653530667376,0.6945317978583181,0.3188482754538952,0.3432086153392377,3.17882470508765,-0.0829175513342318,0.0061899874274126,inf,3616.4130825875936
-292.2845458984375,2147.717102050781,-0.97625732421875,0.49517822265625,0.0745849609375,0.00048828125,-1748.1466674804688,391318.3518642048,4095.020298549107
-292.2847369898214,2147.7166052238435,-0.9768185171022185,0.495103505126555,0.0745167712020635,0.0009167096539785,-1748.1467194506424,11964.132937982062,4095.020420259116
60.13482666015625,0.98358154296875,0.30810546875,0.49517822265625,0.00927734375,-0.00323486328125,-1830.5107421875,inf,4287.910403249414
-605.05419921875,0.83538818359375,-0.2342529296875,0.5328369140625,45.4317626953125,1.0362548828125,0.00677490234375,2872.59876734664,4516.329844916045
-605.7593771889448,0.061130500172946,-0.1182474787131437,0.3310984771138274,17.951227149603184,1.7561868650047667,-0.0002360244233311,inf,4521.592367081677
-605.759765625,0.060791015625,-0.1187744140625,0.3306884765625,17.9515380859375,1.75567626953125,-0.000732421875,inf,4521.595265858209
-24.55422013084055,4.418650537608288,0.1673979819815146,0.4951035051265549,-0.0024461069639246,0.0459717468978172,1933.402939967304,4070.6781877392823,4526.875737628347
-24.80804443359375,4.43994140625,0.16876220703125,0.50518798828125,-0.00201416015625,0.04571533203125,1933.4057006835935,4035.2790316724495,4526.882203006074
-610.9351893395896,0.3571438452209715,-0.5853144148279414,0.3223413392685906,6.081224615664044,0.6421675451966541,1.2478645090250668,3233145.097827733,4560.2178308924595
-35.04768225322054,-71.9082163772733,1.048405014827619,0.495103505126555,-0.0117436660671741,0.0160852850144232,-2347.331484214797,889062.3988027463,5498.263429074466
-101.0780029296875,-71.94549560546875,1.28363037109375,0.46002197265625,-0.000732421875,0.0758056640625,-2347.331970214844,inf,5498.264567247879
-43.02777099609375,12.23028564453125,0.21014404296875,0.49517822265625,-0.0045166015625,0.01055908203125,2798.8195190429688,inf,6553.612456775102
-43.02782759127443,12.229719733053392,0.2104299319186298,0.4951035051265549,-0.0041665335399549,0.0105104969201115,2798.820060427765,4456.466913502778,6553.613724655187
-885.3040771484375,0.2867431640625,-14.9298095703125,0.33697509765625,306.84423828125,49.67156982421875,0.00048828125,253443.973194667,6607.746844391324
-885.30426863823,0.2863743330570798,-14.929995802358812,0.3375641438630873,306.8443951790789,49.67124497257533,-5.705893476212967e-06,inf,6607.7482734196265
-1015.8766479492188,-0.1375732421875,0.3131103515625,0.33319091796875,-0.071044921875,0.27923583984375,-0.000732421875,inf,7582.169014546408
-1015.8771572980932,-0.1373306002885517,0.3134748756307791,0.3328460565444205,-0.0707380161000081,0.2794893466484456,-0.000884442024287,22249.595154218572,7582.172815657411
-45.63572944523671,13.08008839810787,0.2131428644133251,0.4951035051265549,-0.003658344483203,0.0094734754708221,3309.9543104254217,4460.830733028649,7750.649438935414
-45.63543701171875,13.0802001953125,0.21270751953125,0.49517822265625,-0.00323486328125,0.00927734375,3309.95458984375,4632.563531736114,7750.65009331089
0.00048828125,-0.10870361328125,0.23529052734375,0.2252197265625,4.97222900390625,0.0745849609375,3526.1944580078125,inf,8257.066646388319
5.7973963942061055e-05,-0.108778255713959,0.2358074657182345,0.2247715071994101,4.972152179443737,0.0750248279888376,3526.19498976756,inf,8257.067891727307
-6.34112403192203,2.4611205777419567,0.3183429107721127,0.4951035051265549,-0.0079861630919657,-0.0192333959341381,-3526.5636490173333,inf,8259.931262335676
-6.34100341796875,2.46124267578125,0.318115234375,0.49517822265625,-0.00830078125,-0.01959228515625,-3526.563781738281,inf,8259.931573157566
-1123.8724152810423,0.25493460314905,0.2131222044512115,0.3401439818783741,-0.6596774390596829,0.5497963475800614,-0.0004063371557509,inf,8388.107576724196
-1123.8728637695312,0.25537109375,0.21270751953125,0.34075927734375,-0.659912109375,0.5504150390625,-0.000732421875,inf,8388.110923653217
-1184.6387329101562,-0.1363525390625,0.3131103515625,0.33447265625,-0.0748291015625,0.2779541015625,-0.000732421875,inf,8841.587559031017
-1184.639284262389,-0.1365943026948712,0.3132677969851837,0.3341257797129812,-0.0747379682896923,0.277600627511849,-0.0007632051520971,22055.225968721723,8841.591673599918
-24.8017578125,-1.8450927734375,0.335693359375,0.49517822265625,-0.000732421875,0.0394287109375,3841.3746337890634,inf,8995.193521754247
-24.802266123806657,-1.845027960805533,0.3353076113599374,0.4951035051265549,-0.0003406766594921,0.0398024136385169,3841.374966220838,9314.397910067326,8995.194300282992
-1317.296415555188,10.758949932817126,0.4564188295661228,0.4480566581030437,-0.0230043053444804,-0.0213291737545285,-17.21988720666659,inf,9831.570265337225
-1317.296630859375,10.77386474609375,0.44744873046875,0.49267578125,-0.018310546875,-0.02081298828125,-17.2198486328125,inf,9831.571872084887
-46.1404101622451,7.62656214344039,0.2469007531685472,0.495103505126555,-0.0021909297607895,0.0092872202873083,4689.194983240551,4562.2249787974915,10980.721272226116
-46.14013671875,7.6263427734375,0.24658203125,0.49517822265625,-0.00201416015625,0.00927734375,4689.195251464844,4563.960333348209,10980.721900386052
-1830.4994506835935,-0.00201416015625,0.27294921875,0.3734130859375,-4.04217529296875,1.05889892578125,0.00048828125,inf,13661.44366181786
-1830.4996316892275,-0.0024739018950721,0.2732248498585195,0.3735366919066755,-4.042051724094335,1.0588557595226782,-0.0001292463329654,15373.466975873553,13661.445012606175
-1987.683306561578,-0.1774708905970039,0.3173450535313836,0.3381928293195484,-0.0631844690126999,0.2485089318611801,-0.0005074688366249,21360.923791806814,14834.457511653567
-1987.6834106445312,-0.17779541015625,0.31689453125,0.3382568359375,-0.06353759765625,0.24908447265625,-0.000732421875,21369.142360217447,14834.458288392023
-2464.5284423828125,1.3426513671875,0.33319091796875,0.35076904296875,-0.69378662109375,0.008056640625,0.792724609375,inf,18393.00330136427
-3447.129943847656,0.90570068359375,0.61822509765625,0.34576416015625,-5.049072265625,-0.4351806640625,0.00048828125,inf,25725.85032722131
-3447.130318472852,0.905693982519946,0.6179528568005438,0.3463082450879315,-5.0496874363178215,-0.435656107073358,0.0001666560039868,inf,25725.85312293173
-3857.446411132813,1.83099365234375,0.29931640625,0.36334228515625,-1.33160400390625,0.09967041015625,1.06390380859375,inf,28787.913515916513
-4253.442464533967,0.4594149244775592,0.1488198076517723,0.3531789803632505,-1.6093141588110853,0.6077964944771241,-9.685381317886293e-05,inf,31743.107944283332
-4253.442687988281,0.46002197265625,0.148681640625,0.353271484375,-1.6090087890625,0.608154296875,0.00048828125,inf,31743.109611852844
-4781.9261474609375,-0.26690673828125,0.32440185546875,0.34576416015625,-0.0308837890625,0.2076416015625,-0.000732421875,20097.192381617213,35687.01602582789
-4781.926533025842,-0.2667569571270177,0.3243365950131073,0.3457165036654832,-0.0313643638170517,0.2070712377841412,-0.0002528236777243,20099.31947813845,35687.01890317792
-53.888111605865966,10.476109189144898,0.244352777533589,0.495103505126555,-0.0005746281163463,0.0072143389568879,20276.531366575127,4529.058646146021,47485.02193577313
-53.88775634765625,10.476318359375,0.24407958984375,0.49517822265625,-0.000732421875,0.00677490234375,20276.531616210938,inf,47485.02252040032
-6912.989868164063,0.00048828125,0.26666259765625,0.4010009765625,9.3702392578125,-2.8017578125,0.00048828125,9190.363339249629,51590.47662809002
-6912.99022608724,0.0001551349331639,0.2663103174691162,0.4005275301749872,9.369642124096943,-2.801133247741918,1.2911124224065322e-05,inf,51590.479299158505
-9831.000066954646,0.5913735271076408,0.1080784783191827,0.3617081188374213,-2.544661011340402,0.640384492648723,-3.974290623841352e-05,inf,73366.67214145258
-9831.00030517578,0.59185791015625,0.10845947265625,0.362060546875,-2.54437255859375,0.64080810546875,0.00048828125,inf,73366.67391922223
-10610.6953125,-0.13385009765625,0.3118896484375,0.35455322265625,-0.10498046875,0.25787353515625,0.00048828125,inf,79185.29337686567
-10610.6957024673,-0.133600768970795,0.3117356727087465,0.3539931470561863,-0.1054166366835553,0.2579584129819101,-9.139653391857944e-05,19175.883104047676,79185.29628706939
-11450.686645507812,-0.52679443359375,0.335693359375,0.370849609375,0.0042724609375,0.139892578125,-0.000732421875,inf,85453.8854142374
-11450.687270779772,-0.5262948804084968,0.3361127155178146,0.3713608387076494,0.0047613167546258,0.1392782429563907,-0.0001569075580128,inf,85453.89008044606
-12174.212158203123,12.24407958984375,5.13043212890625,0.36083984375,-0.546875,0.16119384765625,-26.69757080078125,15381.279542476144,90853.32953882928
-12174.253007660718,-0.4144121958094694,0.3329123204729063,0.3549610343805608,0.0042519737695198,0.1666432451707342,-0.0001233155889405,inf,90853.63438552774
-13142.59747681256,29.0069475920594,0.4414519561366196,0.4966270861803837,-0.0034404614927457,-0.0089638299114828,0.0021212873576692,inf,98080.08564785492
-13142.597717285156,29.00738525390625,0.441162109375,0.49639892578125,-0.00323486328125,-0.009521484375,0.00177001953125,inf,98080.08744242653
-13267.89022976134,29.16364174546975,0.4413869116475639,0.4966321243153815,-0.0034775273270993,-0.0089123048392617,0.0021133860623342,inf,99015.1061922488
-13267.890869140623,29.1630859375,0.441162109375,0.49639892578125,-0.00323486328125,-0.00830078125,0.00177001953125,inf,99015.11096373599
-15582.946791110084,4.415388664505882,-0.9455216910854792,0.3745388233781495,4.584237383151772,0.4089361619691048,-3.9354955074602056e-05,inf,116291.64769485136
-15582.947021484377,4.414794921875,-0.94488525390625,0.3746337890625,4.58428955078125,0.40850830078125,0.00048828125,28224.800907582256,116291.6494140625
-22101.94836425781,0.7274169921875,0.0758056640625,0.36962890625,-4.1802978515625,0.66717529296875,0.00048828125,inf,164940.91316610304
-22101.948905585275,0.727925121887938,0.075446317852512,0.3698480321289526,-4.180889709051753,0.6668132521664615,-1.6970861916164246e-05,inf,164940.91720586023
-24455.16921627901,-0.5787468949716456,0.339876488171727,0.3652440885938003,0.0033247830799219,0.1373442190409489,-7.446609892890718e-05,inf,182502.2628080523
-24455.17645263672,-0.50921630859375,0.3482666015625,0.36083984375,-0.04595947265625,0.1273193359375,-13.38427734375,16772.945664609615,182502.31681072176
-98.02587890625,60.13360595703125,0.16748046875,0.49517822265625,0.00048828125,0.00299072265625,-84374.72229003906,inf,197599.88124130928
-98.02579627715453,60.13396427926926,0.1677715106963166,0.495103505126555,0.0002483981371344,0.0031762415079943,-84374.72234993461,5106.704664357796,197599.88138157988
-82.9381176861233,40.61239005586954,0.1878494343181738,0.495103505126555,-0.0002167562622414,0.0039286913436346,85033.19302096695,4886.758025881986,199139.9672622177
-82.9385986328125,40.6119384765625,0.18756103515625,0.49517822265625,-0.000732421875,0.0042724609375,85033.19317626953,inf,199139.96762592398
0.00048828125,0.2943115234375,0.25787353515625,-82.89215087890625,2.6219482421875,0.02313232421875,96309.5355834961,inf,225548.26366158336
5.442114397967969e-73,0.2940914588673248,0.2581185712414176,-82.89197547991964,2.62172779964266,0.0234694272880918,96309.536053879,inf,225548.26476318267
-3.343605709151515e-77,-2.173783292049741,0.3100511298360405,-57.87114996595098,1.362338049158878,0.0175091043278935,144456.32252799053,1669946671.0829465,338304.2049835844
0.00048828125,-2.17401123046875,0.31060791015625,-57.8714599609375,1.36273193359375,0.01806640625,144456.32299804688,inf,338304.2060844189
-45897.833068847656,6.59307861328125,0.46881103515625,0.35076904296875,-3.0177001953125,-0.03338623046875,0.00048828125,inf,342522.1423048332
-45897.83310634309,6.593000655617887,0.4689431021063556,0.3508749885266874,-3.017748034551449,-0.0337845961218735,0.000161223890485,inf,342522.1425846499
-77098.96759033203,0.9169921875,0.08587646484375,0.38092041015625,-8.996337890625,0.660888671875,0.00048828125,inf,575366.4297785972
-77098.9676069636,0.9175839081081918,0.085811986794495,0.3815007744316357,-8.996154528639082,0.6608011233087558,-4.908051619093832e-06,inf,575366.4299027135
-109542.51713425876,-0.1195352340854387,0.3094201347984326,0.378736289006324,-0.1213328396397521,0.2557244620340545,-8.925745637483449e-06,inf,817482.4711511848
-109542.51727294922,-0.1199951171875,0.309326171875,0.37841796875,-0.12127685546875,0.25537109375,0.00048828125,inf,817482.4721861882
4.220289091399358e-117,-6.174927386341821,0.4362057226796608,-9.882787117904824,-2.8101602759518545,0.0282216571808834,-1727043.62521133,59919134.290660836,4044599.6538907024
6.499745014720694e-113,-6.174927386341817,0.4362057226796609,-9.8828665831639,-2.810160275951861,0.0282216571808835,-1727087.8447888202,59920045.433330566,4044703.212620188
0.00048828125,-6.17529296875,0.4361572265625,-9.88275146484375,-2.810546875,0.02813720703125,-1727087.8450927734,inf,4044703.213332022
0.00048828125,-8.82183837890625,0.42108154296875,-3.37548828125,-1.3353271484375,0.02056884765625,-3104164.1795654297,inf,7269706.338560726
-3.632304638295408e-124,-8.821558919903875,0.4211112950215879,-3.3756851197138475,-1.3351444458434294,0.0209832720424901,-3104164.179834775,8302835.279911718,7269706.339191511
-2204072.669293057,1.0858694995720302,1.372540878109324,0.3981390840535531,-94.9908894758696,0.4852068796130956,-2.3378645844494505e-07,inf,16448304.502186993
-2204072.6693115234,1.08648681640625,1.37274169921875,0.39849853515625,-94.9913330078125,0.485107421875,0.00048828125,inf,16448304.502324801
-3480104.2759962534,14.985802749891496,0.4545284881725764,0.5005887815820064,0.0105369619459363,-0.0187398598929905,3.833647735164532e-06,inf,25970928.43280786
-3480104.276550293,14.986083984375,0.45501708984375,0.50018310546875,0.01055908203125,-0.018310546875,0.00048828125,inf,25970928.436942484
0.00048828125,-6.09490966796875,0.43994140625,-31.567626953125,-3.091796875,0.02813720703125,-48583211.17236328,inf,113778013.11326295
2.4341362087616922e-92,-6.095512951508324,0.4398792470007133,-31.568257199187197,-3.0913599332902137,0.0284824560779268,-48583211.172366895,inf,113778013.11327142
-8.726752666231512,-1.582171203129854,0.3380201501047645,-1446.804410310832,0.3130071659106381,0.039685156225753,168795542.36236855,inf,395305718.8181934
-8.7100830078125,-1.54248046875,0.3382568359375,-1446.8045043945312,0.21270751953125,0.0394287109375,168795542.36291504,inf,395305718.8194732
1.331742976741635e-79,-6.424155938278083,0.3290590972046505,-18747.51461218373,1.167575765012524,0.0106143941981298,2197300066.83268,inf,5145901794.861078
0.00048828125,-6.423828125,0.3294677734375,-18747.51483154297,1.1680908203125,0.01055908203125,2197300066.833069,inf,5145901794.861988
-891950374.8991777,-0.9875692053376698,0.4264758418837245,0.496424401724596,0.2507410987009186,0.3015480698454807,-9.295490569029173e-10,inf,6656346082.337146
-891950374.8995361,-0.987548828125,0.42608642578125,0.49639892578125,0.2503662109375,0.30181884765625,0.00048828125,147012136.98077506,6656346082.339821
-3.2593349490604414e-88,-6.63895105950463,0.330058201387734,-19878.15013664023,1.1537040409228363,0.0105102242211345,2850852370.8811064,193629063866610.1,6676469251.648961
0.00048828125,-6.6385498046875,0.3306884765625,-19878.150268554688,1.154296875,0.01055908203125,2850852370.8814697,inf,6676469251.649812
-4.2744402986432973e-69,0.8325435727012069,0.2627591934535989,-244528553.58085608,1.8198373747516623,0.0291185305515689,6950939593.857753,2.9314671414653976e+22,16278547057.214878
0.00048828125,0.8328857421875,0.26287841796875,-244528553.5803833,1.8197021484375,0.02935791015625,6950939593.857788,inf,16278547057.21496
