name,run,noise,id,has_result,finished,time,n_id_params,n_nonid_params,median_rel_error,mean_rel_error,max_rel_error,rmse,success_at_1pct,success_at_10pct,success_at_50pct,instance,noise_label,failure_token,was_terminal_fallback,polish_maxtime_exceeded,primary_method,noise_free_seed_retries
aircraft_pitch,amigo2,0.0,aircraft_pitch_0_0,1,1,554.464972,6,1,5.5852838848129766e-11,2.443094458886536e-09,1.4218700897921937e-08,5.806251195925807e-09,1,1,1,0,0,,0,0,,0
aircraft_pitch,amigo2,0.0,aircraft_pitch_1_0,1,1,831.14081,6,1,4.313984020757513e-11,1.6260976780454469e-09,9.444961401403013e-09,3.856651172701163e-09,1,1,1,1,0,,0,0,,0
aircraft_pitch,amigo2,0.0,aircraft_pitch_2_0,1,1,520.862852,6,1,4.714767452207079e-11,1.0660309969410334e-09,6.120514365217886e-09,2.499419512601969e-09,1,1,1,2,0,,0,0,,0
aircraft_pitch,amigo2,0.0,aircraft_pitch_3_0,1,1,507.423273,6,1,1.232621465351725e-11,1.4714650754144633e-10,8.249160290099972e-10,3.370485077007801e-10,1,1,1,3,0,,0,0,,0
aircraft_pitch,amigo2,0.0,aircraft_pitch_4_0,1,1,514.516269,6,1,2.9058324502057654e-11,8.338622581982901e-10,4.869954988315054e-09,1.9883457660043144e-09,1,1,1,4,0,,0,0,,0
aircraft_pitch,amigo2,0.0,aircraft_pitch_5_0,1,1,551.92351,6,1,4.438541572678587e-11,4.3802070143306775e-09,2.60336491170602e-08,1.0628368028371753e-08,1,1,1,5,0,,0,0,,0
aircraft_pitch,amigo2,0.0,aircraft_pitch_6_0,1,1,507.448346,6,1,9.434988197349708e-11,8.10189783863363e-10,4.440631658682767e-09,1.8147944625415384e-09,1,1,1,6,0,,0,0,,0
aircraft_pitch,amigo2,0.0,aircraft_pitch_7_0,1,1,491.254003,6,1,1.3098445309929275e-10,4.06222061059747e-10,1.9122232142403477e-09,7.878328899094103e-10,1,1,1,7,0,,0,0,,0
aircraft_pitch,amigo2,0.0,aircraft_pitch_8_0,1,1,514.044139,6,1,8.904589453194981e-11,3.1003757929047643e-09,1.8130937575582967e-08,7.40271082920497e-09,1,1,1,8,0,,0,0,,0
aircraft_pitch,amigo2,0.0,aircraft_pitch_9_0,1,1,655.326865,6,1,1.2388675522186183e-10,3.323694308787188e-09,1.942015996410293e-08,7.929165151630543e-09,1,1,1,9,0,,0,0,,0
bicycle_model,amigo2,0.0,bicycle_model_0_0,1,1,423.158891,5,0,1.475952824784516e-11,4.104069272584387e-11,1.5490176191543345e-10,7.032312929606598e-11,1,1,1,0,0,,0,0,,0
bicycle_model,amigo2,0.0,bicycle_model_1_0,1,1,567.066195,5,0,5.236121613813529e-12,2.2831350307116562e-11,7.526916942831153e-11,3.593330705262278e-11,1,1,1,1,0,,0,0,,0
bicycle_model,amigo2,0.0,bicycle_model_2_0,1,1,564.133728,5,0,1.1550221198360694e-11,3.011546077106882e-11,1.0606401456210837e-10,4.9366970865715773e-11,1,1,1,2,0,,0,0,,0
bicycle_model,amigo2,0.0,bicycle_model_3_0,1,1,567.73773,5,0,1.2185568079165417e-11,5.5935441639397806e-11,1.674051003253697e-10,8.353498272612838e-11,1,1,1,3,0,,0,0,,0
bicycle_model,amigo2,0.0,bicycle_model_4_0,1,1,521.320304,5,0,7.489311458578927e-12,8.324905717279145e-11,3.7882592440103895e-10,1.698041251105215e-10,1,1,1,4,0,,0,0,,0
bicycle_model,amigo2,0.0,bicycle_model_5_0,1,1,523.145811,5,0,4.698313301498459e-12,1.2765324188657634e-11,4.394446903977464e-11,2.0409428337513255e-11,1,1,1,5,0,,0,0,,0
bicycle_model,amigo2,0.0,bicycle_model_6_0,1,1,507.314009,5,0,1.639322347017805e-11,1.59719732327563e-11,2.3103257268007784e-11,1.6998046029044892e-11,1,1,1,6,0,,0,0,,0
bicycle_model,amigo2,0.0,bicycle_model_7_0,1,1,509.612275,5,0,4.075066402646217e-11,5.525381311326164e-11,9.099817071669235e-11,5.978144920812256e-11,1,1,1,7,0,,0,0,,0
bicycle_model,amigo2,0.0,bicycle_model_8_0,1,1,529.011645,5,0,2.6295609803273397e-11,2.5761785118552737e-11,3.659713631014681e-11,2.712763447754112e-11,1,1,1,8,0,,0,0,,0
bicycle_model,amigo2,0.0,bicycle_model_9_0,1,1,565.124727,5,0,4.699432985174385e-12,4.0371000851449724e-11,1.8507464963729583e-10,8.28575578443122e-11,1,1,1,9,0,,0,0,,0
biohydrogenation,amigo2,0.0,biohydrogenation_0_0,1,1,904.722124,9,1,0.21025052115576492,2.6425716120561247,21.179981798966356,7.075983137592768,0,0,0,0,0,,0,0,,0
biohydrogenation,amigo2,0.0,biohydrogenation_1_0,1,1,592.803784,9,1,5.407835652083507e-08,1.4177749388705632e-06,6.329736702931915e-06,2.528929301071034e-06,1,1,1,1,0,,0,0,,0
biohydrogenation,amigo2,0.0,biohydrogenation_2_0,1,1,4722.038365,9,1,9.024659078459691e-06,1.3928817247076979,12.495276653171391,4.1651052146591505,0,0,0,2,0,,0,0,,0
biohydrogenation,amigo2,0.0,biohydrogenation_3_0,1,1,717.36292,9,1,4.223983334437601e-09,1.0256507461006943e-07,7.272509565542762e-07,2.4664004901342035e-07,1,1,1,3,0,,0,0,,0
biohydrogenation,amigo2,0.0,biohydrogenation_4_0,1,1,975.864403,9,1,1.026199495749817e-10,8.985632133789272e-10,3.1535134619436498e-09,1.4662778725144378e-09,1,1,1,4,0,,0,0,,0
biohydrogenation,amigo2,0.0,biohydrogenation_5_0,1,1,1096.977064,9,1,5.6887004053982673e-08,4.5256619239980557e-07,3.048662575330162e-06,1.0494443788031095e-06,1,1,1,5,0,,0,0,,0
biohydrogenation,amigo2,0.0,biohydrogenation_6_0,1,1,800.568393,9,1,0.0789085731972225,2.5661590688402334,11.224938875305625,4.9915026115424395,0,0,0,6,0,,0,0,,0
biohydrogenation,amigo2,0.0,biohydrogenation_7_0,1,1,673.446778,9,1,4.204819103765561e-10,1.8433901697871692e-09,1.0738241601673784e-08,3.772027621672233e-09,1,1,1,7,0,,0,0,,0
biohydrogenation,amigo2,0.0,biohydrogenation_8_0,1,1,503.332771,9,1,0.000777983123003066,0.0030622637292960437,0.02054354548492258,0.006958979127948196,0,1,1,8,0,,0,0,,0
biohydrogenation,amigo2,0.0,biohydrogenation_9_0,1,1,1083.477034,9,1,6.283971082729955e-08,7.075587341880391e-07,3.7981381871748634e-06,1.392238380549195e-06,1,1,1,9,0,,0,0,,0
boost_converter,amigo2,0.0,boost_converter_0_0,1,1,687.690251,5,0,1.468481421119079e-10,2.755356246950334e-10,9.84583929288373e-10,4.5452282720434304e-10,1,1,1,0,0,,0,0,,0
boost_converter,amigo2,0.0,boost_converter_1_0,1,1,731.435206,5,0,3.9974277377900507e-10,4.070029084049242e-10,1.1335548710102984e-09,5.683266376521823e-10,1,1,1,1,0,,0,0,,0
boost_converter,amigo2,0.0,boost_converter_2_0,1,1,727.345869,5,0,3.289401960495921e-11,6.80585086522707e-11,2.475265710150602e-10,1.1350191355601785e-10,1,1,1,2,0,,0,0,,0
boost_converter,amigo2,0.0,boost_converter_3_0,1,1,736.851421,5,0,2.106555545106812e-10,5.280863803784276e-10,2.1180431946092495e-09,9.579199752999797e-10,1,1,1,3,0,,0,0,,0
boost_converter,amigo2,0.0,boost_converter_4_0,1,1,725.980114,5,0,5.513217510150064e-10,6.303031613730381e-10,1.7402661004024097e-09,8.863439740080176e-10,1,1,1,4,0,,0,0,,0
boost_converter,amigo2,0.0,boost_converter_5_0,1,1,728.018886,5,0,2.6541393807936876e-10,3.47376869385916e-10,9.14966688273208e-10,4.627893178727088e-10,1,1,1,5,0,,0,0,,0
boost_converter,amigo2,0.0,boost_converter_6_0,1,1,716.792045,5,0,8.203807182732873e-10,1.6538943387884826e-09,6.339751619300455e-09,2.8952108241341254e-09,1,1,1,6,0,,0,0,,0
boost_converter,amigo2,0.0,boost_converter_7_0,1,1,708.9145,5,0,6.636771643915977e-10,4.6371822836681755e-10,8.485399842538386e-10,5.785465106121816e-10,1,1,1,7,0,,0,0,,0
boost_converter,amigo2,0.0,boost_converter_8_0,1,1,704.798755,5,0,3.691134977534131e-10,6.298223852584821e-10,2.27149904310375e-09,1.0480540787370107e-09,1,1,1,8,0,,0,0,,0
boost_converter,amigo2,0.0,boost_converter_9_0,1,1,707.259127,5,0,4.847096133771065e-11,1.7291512013084928e-10,6.656337818595874e-10,3.035324210203892e-10,1,1,1,9,0,,0,0,,0
brusselator,amigo2,0.0,brusselator_0_0,1,1,545.760934,4,0,5.183963416550484e-11,7.613044659278509e-11,1.989448112422249e-10,1.0642901878848882e-10,1,1,1,0,0,,0,0,,0
brusselator,amigo2,0.0,brusselator_1_0,1,1,681.143604,4,0,8.99365378512051e-11,9.776903794769338e-11,2.0286921040943059e-10,1.3157815600933705e-10,1,1,1,1,0,,0,0,,0
brusselator,amigo2,0.0,brusselator_2_0,1,1,715.552895,4,0,6.209571427225003e-10,6.31937433376499e-10,1.266789863059424e-09,8.094637340006385e-10,1,1,1,2,0,,0,0,,0
brusselator,amigo2,0.0,brusselator_3_0,1,1,573.472476,4,0,1.809746012151841e-10,1.7749255593871179e-10,3.325580551679271e-10,2.2904074675398091e-10,1,1,1,3,0,,0,0,,0
brusselator,amigo2,0.0,brusselator_4_0,1,1,723.728815,4,0,1.45973971376718e-10,5.558097701010404e-10,1.9112817528766366e-09,9.642053829929727e-10,1,1,1,4,0,,0,0,,0
brusselator,amigo2,0.0,brusselator_5_0,1,1,758.962291,4,0,0.6430999903529201,2.0870831782080828,7.06213272995333,3.563449882179998,0,0,0,5,0,,0,0,,0
brusselator,amigo2,0.0,brusselator_6_0,1,1,767.590508,4,0,0.999677107126963,1.3542293903029528,3.4175633469044766,1.849242535123673,0,0,0,6,0,,0,0,,0
brusselator,amigo2,0.0,brusselator_7_0,1,1,728.662511,4,0,0.34527319315574395,0.3056209012381211,0.5319372095410243,0.362214142763867,0,0,0,7,0,,0,0,,0
brusselator,amigo2,0.0,brusselator_8_0,1,1,806.707562,4,0,0.85784757505725,5.543833662199308,20.45956170609074,10.248241958985217,0,0,0,8,0,,0,0,,0
brusselator,amigo2,0.0,brusselator_9_0,1,1,637.995054,4,0,3.589531796614881e-11,5.473917815099268e-11,1.4136980881322602e-10,7.515982517791183e-11,1,1,1,9,0,,0,0,,0
crauste,amigo2,0.0,crauste_0_0,1,1,1333.006792,17,0,0.0001718442733379035,0.11104191791257995,1.398018944385998,0.34962313902305286,0,0,0,0,0,,0,0,,0
crauste,amigo2,0.0,crauste_1_0,1,1,775.024329,17,0,5.148394011234793e-09,1.6777365836717733e-07,1.5759446085409884e-06,4.6167764186875046e-07,1,1,1,1,0,,0,0,,1
crauste,amigo2,0.0,crauste_2_0,1,1,624.594516,17,0,1.969324794571888e-06,0.0011024596860339804,0.015360846484907554,0.003760987590695653,0,1,1,2,0,,0,0,,0
crauste,amigo2,0.0,crauste_3_0,1,1,703.49263,17,0,2.6397685392600897e-08,8.501932312508836e-07,7.625578224027948e-06,2.3797348083143105e-06,1,1,1,3,0,,0,0,,1
crauste,amigo2,0.0,crauste_4_0,1,1,875.291767,17,0,3.80934110115645e-09,1.270056322883614e-08,6.503149899736965e-08,2.287546840853438e-08,1,1,1,4,0,,0,0,,0
crauste,amigo2,0.0,crauste_5_0,1,1,1449.234129,17,0,4.817479977059751e-05,0.05609622522149855,0.7527785268464589,0.1848449989843131,0,0,0,5,0,,0,0,,4
crauste,amigo2,0.0,crauste_6_0,1,1,642.664128,17,0,2.6035360361971054e-09,7.423038208335594e-08,6.040866527423228e-07,1.7317370253968616e-07,1,1,1,6,0,,0,0,,0
crauste,amigo2,0.0,crauste_7_0,1,1,993.803539,17,0,1.3973794383920255e-08,1.133310202426802e-06,9.948916514133166e-06,3.237373972812109e-06,1,1,1,7,0,,0,0,,1
crauste,amigo2,0.0,crauste_8_0,1,1,562.049371,17,0,0.018438820098279463,0.21593379494099232,0.9999371034702818,0.3782556784115618,0,0,0,8,0,,0,0,,0
crauste,amigo2,0.0,crauste_9_0,1,1,957.330338,17,0,0.9999776785714285,3.328109221460339,33.96503496503497,8.43912222411895,0,0,0,9,0,,0,0,,1
cstr,amigo2,0.0,cstr_0_0,1,1,519.739703,7,0,5.288037314606065e-10,0.0001820407642517462,0.0006382716531179776,0.0003367614498012079,1,1,1,0,0,,0,0,,0
cstr,amigo2,0.0,cstr_1_0,1,1,534.636635,7,0,6.22627075022711e-10,3.7587622172761933e-06,1.323997693095118e-05,6.5075366786515905e-06,1,1,1,1,0,,0,0,,0
cstr,amigo2,0.0,cstr_2_0,1,1,561.980344,7,0,2.916600399349293e-11,3.356952462534315e-10,1.1915898375540961e-09,6.041419227462857e-10,1,1,1,2,0,,0,0,,0
cstr,amigo2,0.0,cstr_3_0,1,1,585.318094,7,0,3.3018082260625273e-10,0.0032581756751403684,0.01135520664197639,0.006067475874457573,0,1,1,3,0,,0,0,,0
cstr,amigo2,0.0,cstr_4_0,1,1,709.709715,7,0,1.0202610205342598e-08,1.6274023197142509e-07,5.04857087730153e-07,2.7111706448880334e-07,1,1,1,4,0,,0,0,,0
cstr,amigo2,0.0,cstr_5_0,1,1,709.709761,7,0,0.0012779332646042402,0.11922481233171008,0.4873623746424559,0.22207736597036015,0,0,1,5,0,,0,0,,0
cstr,amigo2,0.0,cstr_6_0,1,1,489.336417,7,0,1.4602501899970613e-10,2.6794642027808227e-09,9.56936602269215e-09,4.362753144233667e-09,1,1,1,6,0,,0,0,,0
cstr,amigo2,0.0,cstr_7_0,1,1,709.266181,7,0,2.487517405848591e-10,1.0156338680888037e-08,3.331892606596728e-08,1.7576963811953535e-08,1,1,1,7,0,,0,0,,0
cstr,amigo2,0.0,cstr_8_0,1,1,713.261642,7,0,2.673568399544929e-09,1.648781010253291e-07,4.932223201767607e-07,2.630669307655022e-07,1,1,1,8,0,,0,0,,0
cstr,amigo2,0.0,cstr_9_0,1,1,711.585266,7,0,0.012545138098273987,0.35936995097761937,1.7774812742881756,0.714783278290539,0,0,0,9,0,,0,0,,0
daisy_mamil3,amigo2,0.0,daisy_mamil3_0_0,1,1,623.314969,8,0,4.963507550219158e-10,1.0424307453064425e-09,3.908306526820129e-09,1.6600518603317791e-09,1,1,1,0,0,,0,0,,0
daisy_mamil3,amigo2,0.0,daisy_mamil3_1_0,1,1,566.894962,8,0,3.04348328968472e-11,4.081304274295197e-11,1.0514701916616916e-10,5.178687329867034e-11,1,1,1,1,0,,0,0,,0
daisy_mamil3,amigo2,0.0,daisy_mamil3_2_0,1,1,584.932125,8,0,3.0964593419158765e-10,9.775447183193715e-10,2.954012552460411e-09,1.4949807790199296e-09,1,1,1,2,0,,0,0,,0
daisy_mamil3,amigo2,0.0,daisy_mamil3_3_0,1,1,716.332827,8,0,1.2265477882042755e-10,2.3141117401283153e-10,5.872005949603634e-10,3.241066201308544e-10,1,1,1,3,0,,0,0,,0
daisy_mamil3,amigo2,0.0,daisy_mamil3_4_0,1,1,652.143904,8,0,2.248259203437725e-10,3.529988822628247e-10,1.2175433452344979e-09,5.121160044346647e-10,1,1,1,4,0,,0,0,,0
daisy_mamil3,amigo2,0.0,daisy_mamil3_5_0,1,1,446.364547,8,0,2.889221829986993e-09,4.754843482710581e-09,1.1294600651571127e-08,6.816445615865063e-09,1,1,1,5,0,,0,0,,0
daisy_mamil3,amigo2,0.0,daisy_mamil3_6_0,1,1,729.6476,8,0,4.47218553814628e-11,4.53504687692005e-11,1.2584919249319562e-10,6.012041252657062e-11,1,1,1,6,0,,0,0,,0
daisy_mamil3,amigo2,0.0,daisy_mamil3_7_0,1,1,546.831607,8,0,1.5703276595979528e-10,6.961781573806385e-10,3.911513859724794e-09,1.4230059780660767e-09,1,1,1,7,0,,0,0,,0
daisy_mamil3,amigo2,0.0,daisy_mamil3_8_0,1,1,649.462068,8,0,1.0175093549686999e-10,1.0427052490291488e-10,2.5139546731555424e-10,1.376376166248388e-10,1,1,1,8,0,,0,0,,0
daisy_mamil3,amigo2,0.0,daisy_mamil3_9_0,1,1,564.893615,8,0,4.5033025233141157e-10,1.1330713732146702e-09,5.509453482895257e-09,2.072163431257998e-09,1,1,1,9,0,,0,0,,0
daisy_mamil4,amigo2,0.0,daisy_mamil4_0_0,1,1,1206.235529,11,0,3.3606152298917335e-10,4.202717995265975e-10,1.2944757499356875e-09,5.727989940190035e-10,1,1,1,0,0,,0,0,,0
daisy_mamil4,amigo2,0.0,daisy_mamil4_1_0,1,1,1012.725024,11,0,5.369873365950735e-10,1.2568341957279372e-09,4.000434271506876e-09,1.903852710082157e-09,1,1,1,1,0,,0,0,,0
daisy_mamil4,amigo2,0.0,daisy_mamil4_2_0,1,1,734.14743,11,0,1.1317352544270069e-10,5.867858604905551e-10,3.801417974990286e-09,1.2157123924728422e-09,1,1,1,2,0,,0,0,,0
daisy_mamil4,amigo2,0.0,daisy_mamil4_3_0,1,1,840.132945,11,0,0.15013869545034556,0.8887771760312728,4.242424210574375,1.715886435076589,0,0,0,3,0,,0,0,,0
daisy_mamil4,amigo2,0.0,daisy_mamil4_4_0,1,1,1562.965347,11,0,0.1828499078472,0.14069291926843572,0.36778119401619136,0.19544982769991698,0,0,1,4,0,,0,0,,0
daisy_mamil4,amigo2,0.0,daisy_mamil4_5_0,1,1,992.940158,11,0,0.5771605012825153,0.849906107253214,3.517093882024433,1.3965707035224468,0,0,0,5,0,,0,0,,0
daisy_mamil4,amigo2,0.0,daisy_mamil4_6_0,1,1,622.726633,11,0,0.16129032304361335,0.27526578366537696,1.5238095211194336,0.5136050135326438,0,0,0,6,0,,0,0,,0
daisy_mamil4,amigo2,0.0,daisy_mamil4_7_0,1,1,1402.082681,11,0,1.4273556927804134e-10,1.0412076461004494e-09,6.486004057840781e-09,2.1227054288778035e-09,1,1,1,7,0,,0,0,,0
daisy_mamil4,amigo2,0.0,daisy_mamil4_8_0,1,1,975.962674,11,0,1.6207300316632236e-06,3.939503215912868e-05,0.0003360528320741454,0.0001033096356737448,1,1,1,8,0,,0,0,,0
daisy_mamil4,amigo2,0.0,daisy_mamil4_9_0,1,1,796.308079,11,0,0.34841628832106203,0.8995388165176823,4.202492239249462,1.645542154130693,0,0,0,9,0,,0,0,,0
dc_motor,amigo2,0.0,dc_motor_0_0,1,1,351.980052,4,0,5.524787211335553e-10,5.453753055236793e-10,1.0762388090550447e-09,6.657533730359956e-10,1,1,1,0,0,,0,0,,0
dc_motor,amigo2,0.0,dc_motor_1_0,1,1,580.394913,4,0,2.585861097892568e-10,2.926600121962681e-10,6.521528827257012e-10,3.7714509034835386e-10,1,1,1,1,0,,0,0,,0
dc_motor,amigo2,0.0,dc_motor_2_0,1,1,556.503821,4,0,3.4678851622498004e-10,6.044619800338779e-10,1.7233550821882713e-09,8.963244857155272e-10,1,1,1,2,0,,0,0,,0
dc_motor,amigo2,0.0,dc_motor_3_0,1,1,565.861033,4,0,4.8366155760037283e-11,5.457071061934052e-11,1.2012368877378776e-10,6.956410226183552e-11,1,1,1,3,0,,0,0,,0
dc_motor,amigo2,0.0,dc_motor_4_0,1,1,540.161654,4,0,7.498698332223115e-10,7.897141617592206e-10,1.6579262056197163e-09,1.0340501964707398e-09,1,1,1,4,0,,0,0,,0
dc_motor,amigo2,0.0,dc_motor_5_0,1,1,502.530304,4,0,2.881881958438374e-10,3.081001210469344e-10,6.543509429854099e-10,3.929274248167332e-10,1,1,1,5,0,,0,0,,0
dc_motor,amigo2,0.0,dc_motor_6_0,1,1,504.435817,4,0,6.587674941118702e-11,7.048079321435942e-11,1.4846834657050993e-10,8.78320131294803e-11,1,1,1,6,0,,0,0,,0
dc_motor,amigo2,0.0,dc_motor_7_0,1,1,536.782974,4,0,1.3404477061559537e-10,1.3881436608567628e-10,2.870187650994662e-10,1.7253745408095896e-10,1,1,1,7,0,,0,0,,0
dc_motor,amigo2,0.0,dc_motor_8_0,1,1,503.489939,4,0,4.5906959536889314e-10,4.080327814557245e-10,7.125780408309103e-10,4.881835649959057e-10,1,1,1,8,0,,0,0,,0
dc_motor,amigo2,0.0,dc_motor_9_0,1,1,555.162396,4,0,1.6162001274345772e-10,1.9262002098822501e-10,4.458763788376837e-10,2.513887746307906e-10,1,1,1,9,0,,0,0,,0
fitzhugh_nagumo,amigo2,0.0,fitzhugh_nagumo_0_0,1,1,456.348373,5,0,6.640104951469027e-09,8.08701221712366e-08,2.1208078339201856e-07,1.2439207825231167e-07,1,1,1,0,0,,0,0,,0
fitzhugh_nagumo,amigo2,0.0,fitzhugh_nagumo_1_0,1,1,501.157698,5,0,7.36563765063001e-09,1.5858622702733716e-07,6.187317134150871e-07,2.8649097755919666e-07,1,1,1,1,0,,0,0,,0
fitzhugh_nagumo,amigo2,0.0,fitzhugh_nagumo_2_0,1,1,472.330584,5,0,6.823170249415616e-09,7.790363810945399e-09,1.980323865725617e-08,1.0261120974901466e-08,1,1,1,2,0,,0,0,,0
fitzhugh_nagumo,amigo2,0.0,fitzhugh_nagumo_3_0,1,1,521.779466,5,0,8.691793351919265e-09,2.2542908354314285e-08,5.3137484444824855e-08,3.1968881570054436e-08,1,1,1,3,0,,0,0,,0
fitzhugh_nagumo,amigo2,0.0,fitzhugh_nagumo_4_0,1,1,688.627635,5,0,2.0341441813201953e-08,8.835129889767734e-08,3.6777930251736464e-07,1.6568308686144792e-07,1,1,1,4,0,,0,0,,0
fitzhugh_nagumo,amigo2,0.0,fitzhugh_nagumo_5_0,1,1,548.302423,5,0,2.2410485789378535e-09,5.359422365982491e-08,1.7517622907803343e-07,8.777291565340734e-08,1,1,1,5,0,,0,0,,0
fitzhugh_nagumo,amigo2,0.0,fitzhugh_nagumo_6_0,1,1,620.990977,5,0,3.852585560738063e-09,1.352876808912451e-08,5.086729817215428e-08,2.329910702746616e-08,1,1,1,6,0,,0,0,,0
fitzhugh_nagumo,amigo2,0.0,fitzhugh_nagumo_7_0,1,1,536.463211,5,0,1.5083731377562982e-08,7.06864378112145e-08,2.3824987711249784e-07,1.1445778408428383e-07,1,1,1,7,0,,0,0,,0
fitzhugh_nagumo,amigo2,0.0,fitzhugh_nagumo_8_0,1,1,636.252447,5,0,5.417884212388605e-10,8.258304677020164e-10,2.116698350987246e-09,1.1211277981402028e-09,1,1,1,8,0,,0,0,,0
fitzhugh_nagumo,amigo2,0.0,fitzhugh_nagumo_9_0,1,1,508.091642,5,0,8.102928130882982e-10,3.079544726911852e-09,9.711622605019858e-09,4.860783400503451e-09,1,1,1,9,0,,0,0,,0
flexible_arm,amigo2,0.0,flexible_arm_0_0,1,1,691.525257,9,0,2.2457959628660456e-09,2.970054665915658e-09,1.3094485495912522e-08,4.792689398906736e-09,1,1,1,0,0,,0,0,,0
flexible_arm,amigo2,0.0,flexible_arm_1_0,1,1,714.940488,9,0,2.8400531926209283e-09,4.906223570057877e-09,1.5877022584212412e-08,6.732481855426922e-09,1,1,1,1,0,,0,0,,0
flexible_arm,amigo2,0.0,flexible_arm_2_0,1,1,715.166821,9,0,2.4005073779749203e-09,4.042744103900337e-09,1.1322815865783946e-08,5.418565546612573e-09,1,1,1,2,0,,0,0,,0
flexible_arm,amigo2,0.0,flexible_arm_3_0,1,1,712.298165,9,0,3.5073695732479644e-09,3.4082223569937115e-09,7.3888572729410544e-09,4.142768157559855e-09,1,1,1,3,0,,0,0,,0
flexible_arm,amigo2,0.0,flexible_arm_4_0,1,1,720.051437,9,0,7.985443114835985e-09,6.654723204806523e-09,1.235181978028974e-08,7.667586454734634e-09,1,1,1,4,0,,0,0,,0
flexible_arm,amigo2,0.0,flexible_arm_5_0,1,1,790.627079,9,0,8.22174092774543e-10,1.1024682651430582e-09,3.5738205707861366e-09,1.54046141508407e-09,1,1,1,5,0,,0,0,,0
flexible_arm,amigo2,0.0,flexible_arm_6_0,1,1,723.485735,9,0,4.244461507409513e-09,6.1952122313094025e-09,2.2364498062119352e-08,8.947748685656674e-09,1,1,1,6,0,,0,0,,0
flexible_arm,amigo2,0.0,flexible_arm_7_0,1,1,769.372243,9,0,3.3991549191154223e-09,1.01129812444242e-08,3.148718140682055e-08,1.507254105873607e-08,1,1,1,7,0,,0,0,,0
flexible_arm,amigo2,0.0,flexible_arm_8_0,1,1,770.576388,9,0,8.18627723420625e-09,8.3263960696861e-09,1.8821333597554557e-08,1.0444581110108608e-08,1,1,1,8,0,,0,0,,0
flexible_arm,amigo2,0.0,flexible_arm_9_0,1,1,759.758044,9,0,3.393623237721235e-09,1.0052081213150607e-08,3.828234245924454e-08,1.5839795599224253e-08,1,1,1,9,0,,0,0,,0
forced_lotka_volterra,amigo2,0.0,forced_lotka_volterra_0_0,1,1,586.727115,6,0,7.732347979434933e-11,7.49914217760201e-11,1.3454384685687962e-10,8.736066419277636e-11,1,1,1,0,0,,0,0,,0
forced_lotka_volterra,amigo2,0.0,forced_lotka_volterra_1_0,1,1,864.414706,6,0,1.0053929767911162e-09,1.0263945955962933e-09,2.092782781603227e-09,1.2491501201827251e-09,1,1,1,1,0,,0,0,,0
forced_lotka_volterra,amigo2,0.0,forced_lotka_volterra_2_0,1,1,879.718306,6,0,1.856800928363557e-10,1.718556329198958e-09,7.80832880432589e-09,3.29231492961356e-09,1,1,1,2,0,,0,0,,0
forced_lotka_volterra,amigo2,0.0,forced_lotka_volterra_3_0,1,1,765.90263,6,0,4.705654387408008e-10,7.252059720644478e-09,3.741968531571068e-08,1.54012578530132e-08,1,1,1,3,0,,0,0,,0
forced_lotka_volterra,amigo2,0.0,forced_lotka_volterra_4_0,1,1,701.910517,6,0,1.7488312513077853e-10,7.044570685149214e-10,3.432021768400378e-09,1.4099366313814856e-09,1,1,1,4,0,,0,0,,0
forced_lotka_volterra,amigo2,0.0,forced_lotka_volterra_5_0,1,1,721.024781,6,0,1.0538852513121895e-10,6.113720679464792e-10,2.5035464929227434e-09,1.0766383315980192e-09,1,1,1,5,0,,0,0,,0
forced_lotka_volterra,amigo2,0.0,forced_lotka_volterra_6_0,1,1,431.442232,6,0,1.4093900108353138e-10,6.434544862088632e-10,2.966198918557504e-09,1.2328302807136236e-09,1,1,1,6,0,,0,0,,0
forced_lotka_volterra,amigo2,0.0,forced_lotka_volterra_7_0,1,1,1021.394923,6,0,5.79609676710152e-10,9.731163154460215e-09,4.722653859152436e-08,1.9703614151436847e-08,1,1,1,7,0,,0,0,,0
forced_lotka_volterra,amigo2,0.0,forced_lotka_volterra_8_0,1,1,651.8615,6,0,6.440853145544956e-11,4.367170554185484e-10,2.2450852746182118e-09,9.210885482173312e-10,1,1,1,8,0,,0,0,,0
forced_lotka_volterra,amigo2,0.0,forced_lotka_volterra_9_0,1,1,619.201932,6,0,4.1310572915973146e-10,8.413428900294306e-09,4.068885607847921e-08,1.6982241875972222e-08,1,1,1,9,0,,0,0,,0
harmonic_oscillator,amigo2,0.0,harmonic_oscillator_0_0,1,1,775.048163,4,0,5.197893410421739e-11,5.4346162288141315e-11,1.1031350730003505e-10,7.382296211508979e-11,1,1,1,0,0,,0,0,,0
harmonic_oscillator,amigo2,0.0,harmonic_oscillator_1_0,1,1,972.873673,4,0,3.0440212914286033e-10,3.3916364488088573e-10,7.081952506273909e-10,4.550915078908322e-10,1,1,1,1,0,,0,0,,0
harmonic_oscillator,amigo2,0.0,harmonic_oscillator_2_0,1,1,1446.768874,4,0,1.1520593346470532e-10,1.6561782487977098e-10,3.5315511655851193e-10,1.996900810782791e-10,1,1,1,2,0,,0,0,,0
harmonic_oscillator,amigo2,0.0,harmonic_oscillator_3_0,1,1,940.928387,4,0,1.82962556050752e-10,1.9761038151735007e-10,3.907977545173628e-10,2.57298170291845e-10,1,1,1,3,0,,0,0,,0
harmonic_oscillator,amigo2,0.0,harmonic_oscillator_4_0,1,1,760.476101,4,0,1.8182011451983726e-11,3.9821584713665526e-11,1.1164696618195915e-10,5.772763006336038e-11,1,1,1,4,0,,0,0,,0
harmonic_oscillator,amigo2,0.0,harmonic_oscillator_5_0,1,1,772.553304,4,0,1.746798390386601e-10,1.9238847241203866e-10,4.068510960229964e-10,2.629810112278903e-10,1,1,1,5,0,,0,0,,0
harmonic_oscillator,amigo2,0.0,harmonic_oscillator_6_0,1,1,593.421035,4,0,2.3830181808671284e-11,4.2179641255081094e-11,1.2047876941104563e-10,6.367904038639386e-11,1,1,1,6,0,,0,0,,0
harmonic_oscillator,amigo2,0.0,harmonic_oscillator_7_0,1,1,834.753033,4,0,2.6559775337118823e-10,3.1833604205190805e-10,6.850256155366783e-10,4.1669602208087723e-10,1,1,1,7,0,,0,0,,0
harmonic_oscillator,amigo2,0.0,harmonic_oscillator_8_0,1,1,902.568316,4,0,5.841697823715266e-11,6.010144783172875e-11,1.1430689189143702e-10,7.783338650487543e-11,1,1,1,8,0,,0,0,,0
harmonic_oscillator,amigo2,0.0,harmonic_oscillator_9_0,1,1,919.523277,4,0,3.020556194632793e-11,3.531956343754601e-11,7.930100329640609e-11,4.8768711849690397e-11,1,1,1,9,0,,0,0,,0
hiv,amigo2,0.0,hiv_0_0,1,1,554.883236,15,0,3.356348278185502e-11,1.687767003560813e-06,2.521793925539414e-05,6.511258469391165e-06,1,1,1,0,0,,0,0,,0
hiv,amigo2,0.0,hiv_1_0,1,1,562.457486,15,0,3.0210575825011306e-11,4.531285209530746e-09,3.704235797239519e-08,1.207120998664611e-08,1,1,1,1,0,,0,0,,0
hiv,amigo2,0.0,hiv_2_0,1,1,436.281977,15,0,1.7627452895410598e-10,1.3503222187792541e-06,2.01970107476703e-05,5.214850819115842e-06,1,1,1,2,0,,0,0,,0
hiv,amigo2,0.0,hiv_3_0,1,1,628.39374,15,0,2.469279481741838e-10,3.5495789322738735e-07,5.298935189659739e-06,1.3681824256024693e-06,1,1,1,3,0,,0,0,,0
hiv,amigo2,0.0,hiv_4_0,1,1,631.630189,15,0,0.030580782389248006,0.961593826558357,5.309661665294059,2.0098179560835407,0,0,0,4,0,,0,0,,0
hiv,amigo2,0.0,hiv_5_0,1,1,725.539031,15,0,3.2233555282491524e-10,3.374603318858247e-08,2.859249055317059e-07,8.191686018152865e-08,1,1,1,5,0,,0,0,,1
hiv,amigo2,0.0,hiv_6_0,1,1,429.561183,15,0,8.837436026934146e-12,2.5292848223696025e-07,3.766895303653085e-06,9.72614573268718e-07,1,1,1,6,0,,0,0,,0
hiv,amigo2,0.0,hiv_7_0,1,1,411.029005,15,0,1.1025825314487432e-10,1.9435523062365742e-08,2.8561474098671606e-07,7.375164670298324e-08,1,1,1,7,0,,0,0,,0
hiv,amigo2,0.0,hiv_8_0,1,1,593.177531,15,0,3.917818778305692e-10,4.669731568045969e-06,6.994891594003239e-05,1.8060737392773805e-05,1,1,1,8,0,,0,0,,2
hiv,amigo2,0.0,hiv_9_0,1,1,610.029821,15,0,3.9117190839813665e-10,1.4568099485349441e-06,2.1795560070233613e-05,5.62759466891698e-06,1,1,1,9,0,,0,0,,2
lotka_volterra,amigo2,0.0,lotka_volterra_0_0,1,1,401.524486,5,0,4.297542185474794e-10,9.235387735933266e-10,2.9114465468123756e-09,1.3803411379812658e-09,1,1,1,0,0,,0,0,,0
lotka_volterra,amigo2,0.0,lotka_volterra_1_0,1,1,663.209608,5,0,2.732051894523121e-10,1.093132135539416e-09,4.3778612731629175e-09,1.978966108366675e-09,1,1,1,1,0,,0,0,,0
lotka_volterra,amigo2,0.0,lotka_volterra_2_0,1,1,561.016908,5,0,6.123429036558099e-10,7.014011422913941e-10,1.63312168572411e-09,8.723283396559951e-10,1,1,1,2,0,,0,0,,0
lotka_volterra,amigo2,0.0,lotka_volterra_3_0,1,1,558.556112,5,0,1.4897630271201085e-09,1.8082408917367881e-09,3.859070612300643e-09,2.103447923091579e-09,1,1,1,3,0,,0,0,,0
lotka_volterra,amigo2,0.0,lotka_volterra_4_0,1,1,569.88193,5,0,2.8206102204844176e-09,3.516428704132125e-09,7.464516208639603e-09,4.439484079581271e-09,1,1,1,4,0,,0,0,,0
lotka_volterra,amigo2,0.0,lotka_volterra_5_0,1,1,419.778299,5,0,1.249048993340743e-09,1.07734688506928e-09,2.248234705639205e-09,1.4042824440048422e-09,1,1,1,5,0,,0,0,,0
lotka_volterra,amigo2,0.0,lotka_volterra_6_0,1,1,542.899519,5,0,6.201228746932164e-10,6.268886373460499e-10,1.157367110911277e-09,7.321306835461525e-10,1,1,1,6,0,,0,0,,0
lotka_volterra,amigo2,0.0,lotka_volterra_7_0,1,1,701.795269,5,0,1.4051374591840074e-09,1.5534140034750622e-09,3.3071245485896168e-09,1.8528951955991394e-09,1,1,1,7,0,,0,0,,0
lotka_volterra,amigo2,0.0,lotka_volterra_8_0,1,1,599.262427,5,0,7.0240903652252414e-09,7.368435137651712e-09,1.6395955441190993e-08,8.964085081609208e-09,1,1,1,8,0,,0,0,,0
lotka_volterra,amigo2,0.0,lotka_volterra_9_0,1,1,591.01316,5,0,1.0978772878749506e-10,4.0630175375879677e-10,1.3345340285391991e-09,6.262749250461453e-10,1,1,1,9,0,,0,0,,0
mass_spring_damper,amigo2,0.0,mass_spring_damper_0_0,1,1,899.80625,5,0,1.4401980609092148e-10,1.9000142270109453e-10,5.440801277897213e-10,2.676550838921493e-10,1,1,1,0,0,,0,0,,0
mass_spring_damper,amigo2,0.0,mass_spring_damper_1_0,1,1,692.648968,5,0,2.7535492943283782e-11,6.439702787697154e-10,2.982269624488602e-09,1.3369167699773576e-09,1,1,1,1,0,,0,0,,0
mass_spring_damper,amigo2,0.0,mass_spring_damper_2_0,1,1,761.226381,5,0,1.309287755442952e-10,3.545919159450695e-10,1.3660278541043842e-09,6.230009397048134e-10,1,1,1,2,0,,0,0,,0
mass_spring_damper,amigo2,0.0,mass_spring_damper_3_0,1,1,634.020436,5,0,8.558690155059045e-11,7.901419381533774e-10,3.6723222003609046e-09,1.6442797094703209e-09,1,1,1,3,0,,0,0,,0
mass_spring_damper,amigo2,0.0,mass_spring_damper_4_0,1,1,828.702497,5,0,2.229461885143786e-10,3.521469509044894e-10,1.013669851701019e-09,5.044347230729756e-10,1,1,1,4,0,,0,0,,0
mass_spring_damper,amigo2,0.0,mass_spring_damper_5_0,1,1,1033.499451,5,0,3.360719942036391e-11,3.2977504171909245e-10,1.416770404697824e-09,6.394848540084991e-10,1,1,1,5,0,,0,0,,0
mass_spring_damper,amigo2,0.0,mass_spring_damper_6_0,1,1,818.699547,5,0,2.3151489080049928e-11,6.048516317843364e-10,2.3830136997892405e-09,1.0995184523530382e-09,1,1,1,6,0,,0,0,,0
mass_spring_damper,amigo2,0.0,mass_spring_damper_7_0,1,1,1027.343316,5,0,1.3843767268092018e-10,4.637730876888866e-10,1.9657159747874515e-09,8.858269164265982e-10,1,1,1,7,0,,0,0,,0
mass_spring_damper,amigo2,0.0,mass_spring_damper_8_0,1,1,1033.050289,5,0,8.965992021989407e-11,4.305568232116448e-10,1.9201302425448008e-09,8.615999662665514e-10,1,1,1,8,0,,0,0,,0
mass_spring_damper,amigo2,0.0,mass_spring_damper_9_0,1,1,841.573196,5,0,8.761278182195855e-11,3.080503214939034e-10,1.1517163113827547e-09,5.265584291518039e-10,1,1,1,9,0,,0,0,,0
quadrotor,amigo2,0.0,quadrotor_0_0,1,1,460.879593,4,0,1.1025643274043928e-10,3.5555226287980274e-10,1.1864069976832552e-09,6.003443776339824e-10,1,1,1,0,0,,0,0,,0
quadrotor,amigo2,0.0,quadrotor_1_0,1,1,612.260204,4,0,7.697660164293427e-11,3.6416806814014434e-10,1.3008597841910912e-09,6.528373406544456e-10,1,1,1,1,0,,0,0,,0
quadrotor,amigo2,0.0,quadrotor_2_0,1,1,520.191877,4,0,7.726005972281955e-11,2.49731761574412e-10,8.373071843713412e-10,4.236463141226766e-10,1,1,1,2,0,,0,0,,0
quadrotor,amigo2,0.0,quadrotor_3_0,1,1,714.96649,4,0,1.0834213628044429e-10,2.068912293433403e-10,6.096317718156476e-10,3.203486899623268e-10,1,1,1,3,0,,0,0,,0
quadrotor,amigo2,0.0,quadrotor_4_0,1,1,519.721389,4,0,8.699737179640253e-11,3.0066233219825555e-10,1.005176610703182e-09,5.070333302791158e-10,1,1,1,4,0,,0,0,,0
quadrotor,amigo2,0.0,quadrotor_5_0,1,1,530.225916,4,0,5.140795828683194e-11,1.466208105051581e-10,4.623618372091272e-10,2.3450338674325403e-10,1,1,1,5,0,,0,0,,0
quadrotor,amigo2,0.0,quadrotor_6_0,1,1,644.415166,4,0,6.272447568902851e-11,1.9171544686820873e-10,6.372356035834498e-10,3.231526939390512e-10,1,1,1,6,0,,0,0,,0
quadrotor,amigo2,0.0,quadrotor_7_0,1,1,517.837105,4,0,1.8983234505128508e-10,4.592733015443329e-10,1.424904286273157e-09,7.27891456101371e-10,1,1,1,7,0,,0,0,,0
quadrotor,amigo2,0.0,quadrotor_8_0,1,1,669.93167,4,0,4.3201771004400244e-11,5.7077103798669364e-11,1.3278346770680732e-10,7.583742724800423e-11,1,1,1,8,0,,0,0,,0
quadrotor,amigo2,0.0,quadrotor_9_0,1,1,613.851637,4,0,7.954545731963394e-11,2.5284982315356103e-10,8.518518107541866e-10,4.3147853125278097e-10,1,1,1,9,0,,0,0,,0
repressilator,amigo2,0.0,repressilator_0_0,1,1,795.10324,9,0,3.322856930138225e-11,5.723165029377922e-10,2.8559563425706966e-09,1.0895045905419753e-09,1,1,1,0,0,,0,0,,0
repressilator,amigo2,0.0,repressilator_1_0,1,1,993.957645,9,0,1.4622201071883254e-10,3.5561071392967896e-10,1.7662310749336778e-09,6.530566878004815e-10,1,1,1,1,0,,0,0,,0
repressilator,amigo2,0.0,repressilator_2_0,1,1,1368.200636,9,0,1.7310476046183177e-10,2.3577514885174685e-10,1.0582102121146218e-09,3.8747788070464467e-10,1,1,1,2,0,,0,0,,0
repressilator,amigo2,0.0,repressilator_3_0,1,1,937.718951,9,0,1.0223085580440024e-10,3.204419124623683e-10,1.6159203604833767e-09,5.982446698329729e-10,1,1,1,3,0,,0,0,,0
repressilator,amigo2,0.0,repressilator_4_0,1,1,1397.95236,9,0,7.327524642147605e-11,1.0195982457808735e-10,3.263547624234149e-10,1.46096469562041e-10,1,1,1,4,0,,0,0,,0
repressilator,amigo2,0.0,repressilator_5_0,1,1,809.969259,9,0,8.155573827902983e-11,1.4407554663711047e-10,3.50454410199111e-10,1.8386277502860947e-10,1,1,1,5,0,,0,0,,0
repressilator,amigo2,0.0,repressilator_6_0,1,1,1787.966479,9,0,3.6392080902325533e-11,1.2965082573924996e-10,4.153573428762713e-10,2.108176859806108e-10,1,1,1,6,0,,0,0,,0
repressilator,amigo2,0.0,repressilator_7_0,1,1,857.712538,9,0,2.557163802389249e-10,5.233738278113024e-10,1.493729926074558e-09,7.605494886679861e-10,1,1,1,7,0,,0,0,,0
repressilator,amigo2,0.0,repressilator_8_0,1,1,1532.824936,9,0,7.411312942661519e-11,3.641969529529011e-10,1.8545354729450432e-09,6.868272080440363e-10,1,1,1,8,0,,0,0,,0
repressilator,amigo2,0.0,repressilator_9_0,1,1,1133.510641,9,0,9.562097072575831e-11,1.9466023223598246e-10,4.627523854301952e-10,2.673722355318883e-10,1,1,1,9,0,,0,0,,0
seir,amigo2,0.0,seir_0_0,1,1,1246.302799,7,0,2.7766413612795304e-09,3.712213166995294e-09,1.0670750416969192e-08,5.183257953689004e-09,1,1,1,0,0,,0,0,,0
seir,amigo2,0.0,seir_1_0,1,1,1063.156428,7,0,4.332074357154109e-08,4.910325388571638e-08,1.29723159698144e-07,6.597308035687317e-08,1,1,1,1,0,,0,0,,0
seir,amigo2,0.0,seir_2_0,1,1,836.502093,7,0,0.21597634312156955,0.14223597509909897,0.28822742099682813,0.18983123143863,0,0,1,2,0,,0,0,,0
seir,amigo2,0.0,seir_3_0,1,1,1121.527124,7,0,8.330042581642753e-08,5.2456378184364885e-08,1.0954714503940085e-07,6.948977587644235e-08,1,1,1,3,0,,0,0,,0
seir,amigo2,0.0,seir_4_0,1,1,633.69431,7,0,0.008682953447039307,0.0054758617187478115,0.011546582669391176,0.007261424355494739,0,1,1,4,0,,0,0,,0
seir,amigo2,0.0,seir_5_0,1,1,714.790857,7,0,2.0372072478445177e-09,3.0811654490813293e-09,1.1558436421907139e-08,4.847585624794555e-09,1,1,1,5,0,,0,0,,0
seir,amigo2,0.0,seir_6_0,1,1,484.149764,7,0,1.615857610730148e-07,2.9995819140864114e-07,9.677531387140434e-07,4.4028113943176215e-07,1,1,1,6,0,,0,0,,0
seir,amigo2,0.0,seir_7_0,1,1,698.546809,7,0,0.43781807324154587,0.46870463625138364,1.285548106700729,0.6608786945865698,0,0,0,7,0,,0,0,,0
seir,amigo2,0.0,seir_8_0,1,1,660.291147,7,0,0.5594718240572609,0.7517149773752773,2.3021350231396056,1.1177083991114896,0,0,0,8,0,,0,0,,0
seir,amigo2,0.0,seir_9_0,1,1,1180.491744,7,0,1.6540925478087374e-07,1.0271376281802215e-07,1.9197872817794592e-07,1.3468838628635205e-07,1,1,1,9,0,,0,0,,0
slow_fast,amigo2,0.0,slow_fast_0_0,1,1,358.297133,8,0,4.642938491757026e-11,7.696478145539878e-11,3.0012233861252656e-10,1.2057390533335048e-10,1,1,1,0,0,,0,0,,0
slow_fast,amigo2,0.0,slow_fast_1_0,1,1,385.646325,8,0,5.877522849922061e-11,8.798356677631462e-11,3.302030264153206e-10,1.37936206814349e-10,1,1,1,1,0,,0,0,,0
slow_fast,amigo2,0.0,slow_fast_2_0,1,1,466.598519,8,0,2.979608344045633e-11,4.441031396048142e-11,1.2085324530938732e-10,6.3544478966501e-11,1,1,1,2,0,,0,0,,0
slow_fast,amigo2,0.0,slow_fast_3_0,1,1,461.216412,8,0,8.73192831303495e-10,1.5018371661536708e-09,5.0773721107419925e-09,2.256022672385915e-09,1,1,1,3,0,,0,0,,0
slow_fast,amigo2,0.0,slow_fast_4_0,1,1,434.854848,8,0,8.499176455469922e-11,1.2961794659232556e-10,3.997888726931754e-10,1.8077486788403724e-10,1,1,1,4,0,,0,0,,0
slow_fast,amigo2,0.0,slow_fast_5_0,1,1,552.928051,8,0,4.980054982054428e-10,5.999830567448948e-10,1.777464065062498e-09,8.493208343172686e-10,1,1,1,5,0,,0,0,,0
slow_fast,amigo2,0.0,slow_fast_6_0,1,1,427.557994,8,0,5.073687113270514e-11,1.2541867385588571e-10,4.1372594452923844e-10,1.994205583305023e-10,1,1,1,6,0,,0,0,,0
slow_fast,amigo2,0.0,slow_fast_7_0,1,1,445.676994,8,0,1.2990459041620289e-09,1.5214784687465439e-09,3.754244280530981e-09,2.1484807403820735e-09,1,1,1,7,0,,0,0,,0
slow_fast,amigo2,0.0,slow_fast_8_0,1,1,550.342958,8,0,1.106891127404729e-09,1.6381952076546542e-09,6.639342911736056e-09,2.6692440005942604e-09,1,1,1,8,0,,0,0,,0
slow_fast,amigo2,0.0,slow_fast_9_0,1,1,382.550973,8,0,2.289882343787307e-11,8.399320088853389e-11,4.1028809702925936e-10,1.5753979358719841e-10,1,1,1,9,0,,0,0,,0
sirt_treatment,amigo2,0.0,sirt_treatment_0_0,1,1,438.764372,9,0,6.951923375902457e-11,2.1945672595128885e-10,8.880798746747744e-10,3.570859728537912e-10,1,1,1,0,0,,0,0,,0
sirt_treatment,amigo2,0.0,sirt_treatment_1_0,1,1,591.389121,9,0,3.0164209788110816e-10,1.9259629659027156e-09,1.4819929505804907e-08,4.9619381771112434e-09,1,1,1,1,0,,0,0,,0
sirt_treatment,amigo2,0.0,sirt_treatment_2_0,1,1,1135.342904,9,0,2.2219850803251798e-10,1.4257996850810079e-08,7.910272588565184e-08,2.83075974983826e-08,1,1,1,2,0,,0,0,,0
sirt_treatment,amigo2,0.0,sirt_treatment_3_0,1,1,861.913731,9,0,0.006371817841679125,4.826867588762935,29.562954161490588,10.698298509870748,0,0,0,3,0,,0,0,,0
sirt_treatment,amigo2,0.0,sirt_treatment_4_0,1,1,551.205297,9,0,1.645506148250124e-11,1.9172600319715231e-10,1.2181365249830379e-09,4.1881523529219693e-10,1,1,1,4,0,,0,0,,0
sirt_treatment,amigo2,0.0,sirt_treatment_5_0,1,1,1449.726946,9,0,9.03830805578192e-10,2.2838968536649666e-09,9.740795716443904e-09,4.002624081341815e-09,1,1,1,5,0,,0,0,,0
sirt_treatment,amigo2,0.0,sirt_treatment_6_0,1,1,1716.660494,9,0,1.7956213364825964e-10,2.5121258960600407e-09,1.3382467767997817e-08,4.832021202062727e-09,1,1,1,6,0,,0,0,,0
sirt_treatment,amigo2,0.0,sirt_treatment_7_0,1,1,1637.606391,9,0,4.3150159199577166e-10,3.978932254200187e-09,2.192114075091684e-08,7.811932984994885e-09,1,1,1,7,0,,0,0,,0
sirt_treatment,amigo2,0.0,sirt_treatment_8_0,1,1,1220.026678,9,0,1.3330187433989464e-10,4.9191551488555475e-09,2.805285745872467e-08,9.882950222243814e-09,1,1,1,8,0,,0,0,,0
sirt_treatment,amigo2,0.0,sirt_treatment_9_0,1,1,1226.305715,9,0,7.670970933483642e-10,2.528960794197368e-09,1.4786378055646905e-08,5.166282599220199e-09,1,1,1,9,0,,0,0,,0
vanderpol,amigo2,0.0,vanderpol_0_0,1,1,1042.286022,4,0,1.5301191615583412e-10,4.829991814666071e-10,1.5965414887566873e-09,8.07759765954459e-10,1,1,1,0,0,,0,0,,0
vanderpol,amigo2,0.0,vanderpol_1_0,1,1,969.909926,4,0,4.2082667210036215e-11,5.900179687109602e-11,1.4737947277823767e-10,7.966670316994075e-11,1,1,1,1,0,,0,0,,0
vanderpol,amigo2,0.0,vanderpol_2_0,1,1,876.294311,4,0,4.1293552580709963e-11,4.5996878350167186e-11,9.618495324517395e-11,5.6363078599956224e-11,1,1,1,2,0,,0,0,,0
vanderpol,amigo2,0.0,vanderpol_3_0,1,1,636.558787,4,0,3.4286021950379655e-11,1.0646499824939626e-10,3.4556566291950086e-10,1.7468914385996116e-10,1,1,1,3,0,,0,0,,0
vanderpol,amigo2,0.0,vanderpol_4_0,1,1,868.409937,4,0,5.539038106496278e-11,1.905004954520872e-10,6.305925726945629e-10,3.17888196087654e-10,1,1,1,4,0,,0,0,,0
vanderpol,amigo2,0.0,vanderpol_5_0,1,1,576.904218,4,0,2.368471811514237e-11,3.743224675941088e-11,1.0014310106145919e-10,5.463503076920218e-11,1,1,1,5,0,,0,0,,0
vanderpol,amigo2,0.0,vanderpol_6_0,1,1,1020.772293,4,0,1.2449386868936378e-10,3.2015787540813743e-10,1.0005060901153829e-09,5.091631501180879e-10,1,1,1,6,0,,0,0,,0
vanderpol,amigo2,0.0,vanderpol_7_0,1,1,808.480218,4,0,8.98437351462442e-11,1.7401770805600367e-10,5.013485600903861e-10,2.5881741231750017e-10,1,1,1,7,0,,0,0,,0
vanderpol,amigo2,0.0,vanderpol_8_0,1,1,913.830702,4,0,2.573798574098121e-11,2.768415717783561e-11,4.8637951415877777e-11,3.168864226017087e-11,1,1,1,8,0,,0,0,,0
vanderpol,amigo2,0.0,vanderpol_9_0,1,1,799.927152,4,0,1.0765857659512944e-11,3.622911763538511e-11,1.2226770229184784e-10,6.185942902699382e-11,1,1,1,9,0,,0,0,,0
aircraft_pitch,amigo2,1e-08,aircraft_pitch_0_1em8,1,1,607.886892,6,1,8.456854415019873e-10,8.252532380267823e-09,4.4762671370093046e-08,1.8324943571539636e-08,1,1,1,0,1em8,,0,0,,0
aircraft_pitch,amigo2,1e-08,aircraft_pitch_1_1em8,1,1,600.57067,6,1,1.0652323708136573e-09,9.108236790012858e-09,4.791781072089713e-08,1.9656477445824146e-08,1,1,1,1,1em8,,0,0,,0
aircraft_pitch,amigo2,1e-08,aircraft_pitch_2_1em8,1,1,620.920761,6,1,6.774319665771829e-10,1.8347274715070392e-08,1.0507050574843415e-07,4.291297853844416e-08,1,1,1,2,1em8,,0,0,,0
aircraft_pitch,amigo2,1e-08,aircraft_pitch_3_1em8,1,1,679.029201,6,1,3.266529499723219e-11,5.494025527017686e-10,3.1561136237752322e-09,1.2888878835324847e-09,1,1,1,3,1em8,,0,0,,0
aircraft_pitch,amigo2,1e-08,aircraft_pitch_4_1em8,1,1,704.041199,6,1,1.2919031792760677e-10,7.240712706445647e-10,3.5112590296696313e-09,1.4520959261352693e-09,1,1,1,4,1em8,,0,0,,0
aircraft_pitch,amigo2,1e-08,aircraft_pitch_5_1em8,1,1,602.769705,6,1,5.364535858062824e-10,2.1092047465847652e-07,1.2632112984158495e-06,5.157040816553883e-07,1,1,1,5,1em8,,0,0,,0
aircraft_pitch,amigo2,1e-08,aircraft_pitch_6_1em8,1,1,610.642063,6,1,5.333214143434165e-10,7.579079836400837e-08,4.523988372189752e-07,1.846916086867539e-07,1,1,1,6,1em8,,0,0,,0
aircraft_pitch,amigo2,1e-08,aircraft_pitch_7_1em8,1,1,682.988246,6,1,5.474592496489813e-10,4.687031545991803e-08,2.7868578268970935e-07,1.1377483817326998e-07,1,1,1,7,1em8,,0,0,,0
aircraft_pitch,amigo2,1e-08,aircraft_pitch_8_1em8,1,1,629.065043,6,1,3.563311914128948e-10,1.0196390924216806e-08,5.989731336928951e-08,2.445480367454221e-08,1,1,1,8,1em8,,0,0,,0
aircraft_pitch,amigo2,1e-08,aircraft_pitch_9_1em8,1,1,714.276554,6,1,1.1270503084308717e-10,9.512599044350819e-09,5.613395918472116e-08,2.2918556461124918e-08,1,1,1,9,1em8,,0,0,,0
bicycle_model,amigo2,1e-08,bicycle_model_0_1em8,1,1,465.87131,5,0,1.167725728522341e-10,2.4448428200040298e-09,1.0385441357471372e-08,4.694781699165419e-09,1,1,1,0,1em8,,0,0,,0
bicycle_model,amigo2,1e-08,bicycle_model_1_1em8,1,1,504.840317,5,0,1.8276316133007017e-10,4.546233873232053e-10,1.3628428869757943e-09,6.679052684099399e-10,1,1,1,1,1em8,,0,0,,0
bicycle_model,amigo2,1e-08,bicycle_model_2_1em8,1,1,562.453274,5,0,2.6806866985337004e-10,1.3528882268020724e-09,4.002801811433861e-09,2.0158214551520876e-09,1,1,1,2,1em8,,0,0,,0
bicycle_model,amigo2,1e-08,bicycle_model_3_1em8,1,1,504.855494,5,0,9.31539011627036e-10,4.254864922872568e-09,1.2260308745528684e-08,6.340283101816481e-09,1,1,1,3,1em8,,0,0,,0
bicycle_model,amigo2,1e-08,bicycle_model_4_1em8,1,1,502.636626,5,0,8.395138482483514e-10,2.781051881320375e-09,8.351212260250853e-09,4.030156062094829e-09,1,1,1,4,1em8,,0,0,,0
bicycle_model,amigo2,1e-08,bicycle_model_5_1em8,1,1,697.574944,5,0,1.021386114417885e-09,1.6757709892260062e-09,4.649005090552981e-09,2.243197382714126e-09,1,1,1,5,1em8,,0,0,,0
bicycle_model,amigo2,1e-08,bicycle_model_6_1em8,1,1,551.986369,5,0,1.2781891182797473e-10,5.623896740261636e-10,2.40560287123908e-09,1.080589141255793e-09,1,1,1,6,1em8,,0,0,,0
bicycle_model,amigo2,1e-08,bicycle_model_7_1em8,1,1,664.577272,5,0,3.9671711466718416e-10,5.222951157922987e-08,1.782090922425374e-07,8.775280518562491e-08,1,1,1,7,1em8,,0,0,,0
bicycle_model,amigo2,1e-08,bicycle_model_8_1em8,1,1,494.457138,5,0,1.3283167022365946e-09,1.3411928590944822e-09,1.6364220332630724e-09,1.350661035846513e-09,1,1,1,8,1em8,,0,0,,0
bicycle_model,amigo2,1e-08,bicycle_model_9_1em8,1,1,571.702307,5,0,4.956624429497771e-10,7.143492458595577e-10,1.4381505088063885e-09,8.075977367061492e-10,1,1,1,9,1em8,,0,0,,0
biohydrogenation,amigo2,1e-08,biohydrogenation_0_1em8,1,1,522.930339,9,1,0.21014870824207085,2.6424987301261047,21.17955884333269,7.0758404807120225,0,0,0,0,1em8,,0,0,,0
biohydrogenation,amigo2,1e-08,biohydrogenation_1_1em8,1,1,662.255211,9,1,3.357086572706308e-06,7.204670617306002e-05,0.0003401981134524022,0.0001308863475572036,1,1,1,1,1em8,,0,0,,0
biohydrogenation,amigo2,1e-08,biohydrogenation_2_1em8,1,1,650.571091,9,1,5.49581411023864e-07,9.709653877078765e-05,0.0007614058436237098,0.0002553642645968813,1,1,1,2,1em8,,0,0,,0
biohydrogenation,amigo2,1e-08,biohydrogenation_3_1em8,1,1,923.831214,9,1,1.2055277713320322e-06,0.00011608413288025206,0.0008265984062583589,0.00028035508720568954,1,1,1,3,1em8,,0,0,,0
biohydrogenation,amigo2,1e-08,biohydrogenation_4_1em8,1,1,1443.958359,9,1,0.13797193248857606,0.5183467402850038,1.6000194639647451,0.8313708818002677,0,0,0,4,1em8,,0,0,,0
biohydrogenation,amigo2,1e-08,biohydrogenation_5_1em8,1,1,1097.215379,9,1,1.3389450502156518e-06,9.7096523408291e-06,6.535664838044419e-05,2.2495151720345123e-05,1,1,1,5,1em8,,0,0,,0
biohydrogenation,amigo2,1e-08,biohydrogenation_6_1em8,1,1,562.539525,9,1,0.07891273854874764,2.566165409071017,11.224938834337832,4.991513751062906,0,0,0,6,1em8,,0,0,,0
biohydrogenation,amigo2,1e-08,biohydrogenation_7_1em8,1,1,793.812995,9,1,2.8547652332500265e-06,2.1991847496692734e-05,0.00016512872180808133,5.53798969193349e-05,1,1,1,7,1em8,,0,0,,0
biohydrogenation,amigo2,1e-08,biohydrogenation_8_1em8,1,1,703.384826,9,1,0.24346436805940105,0.41228248534576134,1.6640464612483343,0.6456101175444491,0,0,0,8,1em8,,0,0,,0
biohydrogenation,amigo2,1e-08,biohydrogenation_9_1em8,1,1,950.373018,9,1,1.2349261909796486e-06,1.3785098266468633e-05,6.945313241295643e-05,2.6305081597681523e-05,1,1,1,9,1em8,,0,0,,0
boost_converter,amigo2,1e-08,boost_converter_0_1em8,1,1,694.263319,5,0,1.537887806519967e-09,2.969057556602831e-09,7.608604448310357e-09,4.058190659292475e-09,1,1,1,0,1em8,,0,0,,0
boost_converter,amigo2,1e-08,boost_converter_1_1em8,1,1,760.619265,5,0,9.879884459407072e-10,4.518062614404124e-09,1.8397115956240693e-08,8.298119741038721e-09,1,1,1,1,1em8,,0,0,,0
boost_converter,amigo2,1e-08,boost_converter_2_1em8,1,1,743.954575,5,0,3.8503798277284425e-09,6.643150495663887e-09,1.9503885546176096e-08,9.502995973075764e-09,1,1,1,2,1em8,,0,0,,0
boost_converter,amigo2,1e-08,boost_converter_3_1em8,1,1,751.971797,5,0,1.9092539647081893e-09,1.6329251614506002e-09,3.4122456577152963e-09,1.9918318618464993e-09,1,1,1,3,1em8,,0,0,,0
boost_converter,amigo2,1e-08,boost_converter_4_1em8,1,1,849.76425,5,0,2.1201502000383217e-09,3.391499751267769e-09,7.039944525363401e-09,4.5067898437717215e-09,1,1,1,4,1em8,,0,0,,0
boost_converter,amigo2,1e-08,boost_converter_5_1em8,1,1,772.473846,5,0,2.9101691460836334e-09,1.3854454057653763e-08,4.5730236567206616e-08,2.1994944578916326e-08,1,1,1,5,1em8,,0,0,,0
boost_converter,amigo2,1e-08,boost_converter_6_1em8,1,1,759.15113,5,0,1.3530137764504827e-09,9.386071093020748e-09,4.3776002351678195e-08,1.9598736360291672e-08,1,1,1,6,1em8,,0,0,,0
boost_converter,amigo2,1e-08,boost_converter_7_1em8,1,1,758.713844,5,0,1.2747805883092054e-09,1.190508083209651e-08,5.449317037264318e-08,2.4410323123187716e-08,1,1,1,7,1em8,,0,0,,0
boost_converter,amigo2,1e-08,boost_converter_8_1em8,1,1,770.248745,5,0,2.701669540284746e-09,7.804433983590011e-09,3.107632108775652e-08,1.4041303401596236e-08,1,1,1,8,1em8,,0,0,,0
boost_converter,amigo2,1e-08,boost_converter_9_1em8,1,1,903.202941,5,0,4.874231416350353e-09,5.1065898635221024e-09,1.0560087580714692e-08,6.0555898435660905e-09,1,1,1,9,1em8,,0,0,,0
brusselator,amigo2,1e-08,brusselator_0_1em8,1,1,466.601626,4,0,4.0789776881454645e-09,4.089322843856356e-09,8.015706616977999e-09,4.9532192193684805e-09,1,1,1,0,1em8,,0,0,,0
brusselator,amigo2,1e-08,brusselator_1_1em8,1,1,589.663304,4,0,1.1179992374695287e-07,1.2513626962074925e-07,2.768930560580489e-07,1.625127384851122e-07,1,1,1,1,1em8,,0,0,,0
brusselator,amigo2,1e-08,brusselator_2_1em8,1,1,557.565474,4,0,1.2155910533420648e-07,1.0167001272335907e-07,1.6330169549668362e-07,1.1856838117425784e-07,1,1,1,2,1em8,,0,0,,0
brusselator,amigo2,1e-08,brusselator_3_1em8,1,1,781.437874,4,0,6.058963458044125e-08,5.802951962907423e-08,1.109305481236774e-07,7.017302238734309e-08,1,1,1,3,1em8,,0,0,,0
brusselator,amigo2,1e-08,brusselator_4_1em8,1,1,733.835855,4,0,1.0175478071158851e-07,2.7479140103122363e-07,8.955461275865135e-07,4.571244750594749e-07,1,1,1,4,1em8,,0,0,,0
brusselator,amigo2,1e-08,brusselator_5_1em8,1,1,778.281112,4,0,0.9472127209234688,0.9729218280143486,1.997261783484652,1.203333487220957,0,0,0,5,1em8,,0,0,,0
brusselator,amigo2,1e-08,brusselator_6_1em8,1,1,916.865508,4,0,1.5952868401173173,1.7438490590621516,3.784822555798946,2.244168127820941,0,0,0,6,1em8,,0,0,,0
brusselator,amigo2,1e-08,brusselator_7_1em8,1,1,929.262542,4,0,0.0348971429925308,0.04140119821000321,0.09581050345676313,0.05770713254673485,0,1,1,7,1em8,,0,0,,0
brusselator,amigo2,1e-08,brusselator_8_1em8,1,1,787.063227,4,0,0.85784757505725,5.543833662199308,20.45956170609074,10.248241958985217,0,0,0,8,1em8,,0,0,,0
brusselator,amigo2,1e-08,brusselator_9_1em8,1,1,562.290074,4,0,4.5339755737656475e-08,4.3905185404791174e-08,8.481017941802502e-08,5.5229274548756554e-08,1,1,1,9,1em8,,0,0,,0
crauste,amigo2,1e-08,crauste_0_1em8,1,1,1259.811738,17,0,0.0001405230283777458,0.02580800804725483,0.1980493732611587,0.06725603561081146,0,0,1,0,1em8,,0,0,,0
crauste,amigo2,1e-08,crauste_1_1em8,1,1,874.61988,17,0,3.2906127238257154e-08,2.2635938084397098e-05,0.00021427728930249613,6.39596836449387e-05,1,1,1,1,1em8,,0,0,,1
crauste,amigo2,1e-08,crauste_2_1em8,1,1,678.669529,17,0,3.363262450140477e-07,0.00022683966103410435,0.0029341309333596453,0.0007228776454959794,1,1,1,2,1em8,,0,0,,0
crauste,amigo2,1e-08,crauste_3_1em8,1,1,675.077948,17,0,1.8828431672857896e-07,1.0316236792809206e-05,9.073535348382556e-05,2.8807166220032452e-05,1,1,1,3,1em8,,0,0,,1
crauste,amigo2,1e-08,crauste_4_1em8,1,1,740.028002,17,0,2.326461311051203e-08,3.2699035988295823e-06,2.0982296436624057e-05,7.498016264647521e-06,1,1,1,4,1em8,,0,0,,0
crauste,amigo2,1e-08,crauste_5_1em8,1,1,1219.087516,17,0,3.741145753780404e-05,0.07128511527592496,0.7202601839514962,0.20141056796883305,0,0,0,5,1em8,,0,0,,4
crauste,amigo2,1e-08,crauste_6_1em8,1,1,651.78375,17,0,5.113236147983154e-07,0.00015050492636640625,0.0017142312735638394,0.0004570153479877708,1,1,1,6,1em8,,0,0,,0
crauste,amigo2,1e-08,crauste_7_1em8,1,1,972.613674,17,0,2.7397592771032386e-07,1.0775767677402896e-05,7.915060022146408e-05,2.6597718395403942e-05,1,1,1,7,1em8,,0,0,,1
crauste,amigo2,1e-08,crauste_8_1em8,1,1,617.755896,17,0,0.013462271932580925,0.3813906822098758,1.9537158568943318,0.6962368087106254,0,0,0,8,1em8,,0,0,,0
crauste,amigo2,1e-08,crauste_9_1em8,1,1,635.808369,17,0,0.9999749373433584,3.058513917426267,33.96503496503497,8.35983756228244,0,0,0,9,1em8,,0,0,,1
cstr,amigo2,1e-08,cstr_0_1em8,1,1,558.547876,7,0,3.086086592789388e-08,0.028230125617380676,0.10248886403886992,0.05263403798116077,0,0,1,0,1em8,,0,0,,0
cstr,amigo2,1e-08,cstr_1_1em8,1,1,556.133807,7,0,5.300397383263307e-08,0.0005487850007675543,0.0019548061812177868,0.0010160891745433262,1,1,1,1,1em8,,0,0,,0
cstr,amigo2,1e-08,cstr_2_1em8,1,1,605.793792,7,0,6.311332421397301e-07,3.2801767723525253e-06,1.2851164294897946e-05,5.435195159143838e-06,1,1,1,2,1em8,,0,0,,0
cstr,amigo2,1e-08,cstr_3_1em8,1,1,520.998815,7,0,3.174310814202386e-08,0.06212926369646717,0.2410614756482597,0.11686194502086321,0,0,1,3,1em8,,0,0,,0
cstr,amigo2,1e-08,cstr_4_1em8,1,1,736.275008,7,0,1.5255482916536344e-06,2.5683653076133243e-05,8.263122353478107e-05,4.266067253322417e-05,1,1,1,4,1em8,,0,0,,0
cstr,amigo2,1e-08,cstr_5_1em8,1,1,912.911651,7,0,0.002488540355499163,0.3484583121885564,1.7630596928445192,0.7088025382152152,0,0,0,5,1em8,,0,0,,0
cstr,amigo2,1e-08,cstr_6_1em8,1,1,568.04192,7,0,1.6704128739860397e-06,4.18486807455876e-05,0.0001522180030846765,6.851678169049908e-05,1,1,1,6,1em8,,0,0,,0
cstr,amigo2,1e-08,cstr_7_1em8,1,1,763.681293,7,0,3.009011810627776e-08,4.41294700065858e-07,2.367593687768732e-06,9.124512069832812e-07,1,1,1,7,1em8,,0,0,,0
cstr,amigo2,1e-08,cstr_8_1em8,1,1,739.161431,7,0,4.968894887723342e-07,3.1442662474440385e-05,8.530385181694209e-05,4.886016139599903e-05,1,1,1,8,1em8,,0,0,,0
cstr,amigo2,1e-08,cstr_9_1em8,1,1,955.472054,7,0,0.016124146095134115,0.797514670918013,4.633680522557322,1.7792399931090328,0,0,0,9,1em8,,0,0,,0
daisy_mamil3,amigo2,1e-08,daisy_mamil3_0_1em8,1,1,704.728839,8,0,4.64318499655005e-08,9.397385556527053e-08,3.4584961396957777e-07,1.4707339666168924e-07,1,1,1,0,1em8,,0,0,,0
daisy_mamil3,amigo2,1e-08,daisy_mamil3_1_1em8,1,1,603.646466,8,0,9.95431289177167e-09,2.129532989504209e-08,7.50455502454477e-08,3.197062121139789e-08,1,1,1,1,1em8,,0,0,,0
daisy_mamil3,amigo2,1e-08,daisy_mamil3_2_1em8,1,1,556.464971,8,0,7.356789833074187e-09,2.3660818162346862e-08,7.10046291694081e-08,3.663133091047437e-08,1,1,1,2,1em8,,0,0,,0
daisy_mamil3,amigo2,1e-08,daisy_mamil3_3_1em8,1,1,896.093285,8,0,8.15896184830512e-09,2.415969632251524e-08,1.0968617468623382e-07,4.213879833759362e-08,1,1,1,3,1em8,,0,0,,0
daisy_mamil3,amigo2,1e-08,daisy_mamil3_4_1em8,1,1,676.05312,8,0,5.19350075157412e-09,1.1820984839627798e-08,5.0862484171916194e-08,2.0271816435339388e-08,1,1,1,4,1em8,,0,0,,0
daisy_mamil3,amigo2,1e-08,daisy_mamil3_5_1em8,1,1,627.855956,8,0,2.7705092819228163e-08,3.010947144113269e-08,6.964484334355325e-08,3.809277755505133e-08,1,1,1,5,1em8,,0,0,,0
daisy_mamil3,amigo2,1e-08,daisy_mamil3_6_1em8,1,1,637.114093,8,0,3.484574188567747e-08,3.545417159351571e-08,8.901482285306096e-08,4.375060605303783e-08,1,1,1,6,1em8,,0,0,,0
daisy_mamil3,amigo2,1e-08,daisy_mamil3_7_1em8,1,1,527.338436,8,0,2.741086380595647e-09,2.8199841372352176e-08,1.7417364348632564e-07,6.266421099939851e-08,1,1,1,7,1em8,,0,0,,0
daisy_mamil3,amigo2,1e-08,daisy_mamil3_8_1em8,1,1,734.930954,8,0,1.7658114557534458e-09,5.059978415720261e-09,2.2560140281243665e-08,8.564823255996178e-09,1,1,1,8,1em8,,0,0,,0
daisy_mamil3,amigo2,1e-08,daisy_mamil3_9_1em8,1,1,639.796357,8,0,5.0449599555338557e-08,2.146701687049321e-07,1.1221154781312146e-06,4.180060593525573e-07,1,1,1,9,1em8,,0,0,,0
daisy_mamil4,amigo2,1e-08,daisy_mamil4_0_1em8,1,1,1240.274667,11,0,7.864172695098822e-07,8.947549665810323e-07,3.925959262511196e-06,1.4359041247930492e-06,1,1,1,0,1em8,,0,0,,0
daisy_mamil4,amigo2,1e-08,daisy_mamil4_1_1em8,1,1,982.750479,11,0,1.9221662851142386e-07,1.921603975666897e-06,1.2394875536309194e-05,4.1294657231801735e-06,1,1,1,1,1em8,,0,0,,0
daisy_mamil4,amigo2,1e-08,daisy_mamil4_2_1em8,1,1,582.511975,11,0,0.08214532270249165,0.5299627489234059,2.977401521103943,1.0274005752400077,0,0,0,2,1em8,,0,0,,0
daisy_mamil4,amigo2,1e-08,daisy_mamil4_3_1em8,1,1,723.78411,11,0,0.1501393299527801,0.8887785830516798,4.2424254914168875,1.7158883551629633,0,0,0,3,1em8,,0,0,,0
daisy_mamil4,amigo2,1e-08,daisy_mamil4_4_1em8,1,1,1312.967867,11,0,0.18282962686486218,0.14069299321059928,0.3678093274780355,0.19545248223005726,0,0,1,4,1em8,,0,0,,0
daisy_mamil4,amigo2,1e-08,daisy_mamil4_5_1em8,1,1,857.80655,11,0,9.90738935713911e-07,4.381206699051013e-06,2.949931884414318e-05,9.341916478207993e-06,1,1,1,5,1em8,,0,0,,0
daisy_mamil4,amigo2,1e-08,daisy_mamil4_6_1em8,1,1,639.087907,11,0,1.4979702186914004e-06,5.317572983137746e-06,1.9308495469161358e-05,8.63160065069649e-06,1,1,1,6,1em8,,0,0,,0
daisy_mamil4,amigo2,1e-08,daisy_mamil4_7_1em8,1,1,1717.609786,11,0,0.2490730820224315,0.39238477258639476,1.7088314102077282,0.6438921249486359,0,0,0,7,1em8,,0,0,,0
daisy_mamil4,amigo2,1e-08,daisy_mamil4_8_1em8,1,1,994.996266,11,0,4.499612802790179e-05,0.0009629479843859845,0.008380950997300582,0.002573970042211875,1,1,1,8,1em8,,0,0,,0
daisy_mamil4,amigo2,1e-08,daisy_mamil4_9_1em8,1,1,825.792389,11,0,1.26594448579231e-07,2.2224549026147602e-07,7.340370787391391e-07,3.3625275160726665e-07,1,1,1,9,1em8,,0,0,,0
dc_motor,amigo2,1e-08,dc_motor_0_1em8,1,1,496.705051,4,0,4.485890228854997e-08,4.80414048790942e-08,1.0239766895784007e-07,6.334155990186394e-08,1,1,1,0,1em8,,0,0,,0
dc_motor,amigo2,1e-08,dc_motor_1_1em8,1,1,552.099284,4,0,1.620083783653037e-08,2.180996372995177e-08,5.423018334583615e-08,2.9928991174940835e-08,1,1,1,1,1em8,,0,0,,0
dc_motor,amigo2,1e-08,dc_motor_2_1em8,1,1,552.100028,4,0,4.561739697577638e-08,4.9009594538708755e-08,1.0412867127424035e-07,6.443196756140259e-08,1,1,1,2,1em8,,0,0,,0
dc_motor,amigo2,1e-08,dc_motor_3_1em8,1,1,588.387243,4,0,3.450742766359617e-08,7.749270042237534e-08,2.407091368450409e-07,1.2401866308359986e-07,1,1,1,3,1em8,,0,0,,0
dc_motor,amigo2,1e-08,dc_motor_4_1em8,1,1,676.206358,4,0,1.1566231910622966e-08,4.9900400433453704e-08,1.760320218757716e-07,8.839633606523241e-08,1,1,1,4,1em8,,0,0,,0
dc_motor,amigo2,1e-08,dc_motor_5_1em8,1,1,528.660142,4,0,2.964856991302541e-08,5.910514082581351e-08,1.7659887621868769e-07,9.213590460026685e-08,1,1,1,5,1em8,,0,0,,0
dc_motor,amigo2,1e-08,dc_motor_6_1em8,1,1,582.622273,4,0,4.349777730595415e-09,7.0109123979677935e-09,1.9006314663986963e-08,9.999278754449063e-09,1,1,1,6,1em8,,0,0,,0
dc_motor,amigo2,1e-08,dc_motor_7_1em8,1,1,673.803423,4,0,2.1222892434834157e-08,2.1705486559285417e-08,4.367533127793803e-08,2.8442800226854787e-08,1,1,1,7,1em8,,0,0,,0
dc_motor,amigo2,1e-08,dc_motor_8_1em8,1,1,554.734147,4,0,1.3561194060509907e-08,1.6040398729047734e-08,3.6631846286209796e-08,2.068029265428562e-08,1,1,1,8,1em8,,0,0,,0
dc_motor,amigo2,1e-08,dc_motor_9_1em8,1,1,541.930731,4,0,2.154452470096893e-08,2.1994813703331034e-08,4.441245483775337e-08,2.770236495872581e-08,1,1,1,9,1em8,,0,0,,0
fitzhugh_nagumo,amigo2,1e-08,fitzhugh_nagumo_0_1em8,1,1,522.130366,5,0,3.0988858936090476e-08,1.0144253351486086e-06,3.310203436621801e-06,1.6645819435987483e-06,1,1,1,0,1em8,,0,0,,0
fitzhugh_nagumo,amigo2,1e-08,fitzhugh_nagumo_1_1em8,1,1,686.199833,5,0,3.0451915402825725e-08,6.878533153387156e-07,2.6456712117789537e-06,1.2299116230508777e-06,1,1,1,1,1em8,,0,0,,0
fitzhugh_nagumo,amigo2,1e-08,fitzhugh_nagumo_2_1em8,1,1,497.462967,5,0,1.2935590660217746e-06,1.7902361810363772e-06,5.106131504633211e-06,2.494132076969136e-06,1,1,1,2,1em8,,0,0,,0
fitzhugh_nagumo,amigo2,1e-08,fitzhugh_nagumo_3_1em8,1,1,481.826417,5,0,2.694378982463148e-07,6.795678991327306e-07,1.8904019927571765e-06,1.0035047459583396e-06,1,1,1,3,1em8,,0,0,,0
fitzhugh_nagumo,amigo2,1e-08,fitzhugh_nagumo_4_1em8,1,1,509.817005,5,0,1.2335309298421884e-05,5.278162723699588e-05,0.00021810357324019545,9.830602944122637e-05,1,1,1,4,1em8,,0,0,,0
fitzhugh_nagumo,amigo2,1e-08,fitzhugh_nagumo_5_1em8,1,1,661.018233,5,0,4.3722826959281573e-07,2.874383403912693e-06,8.595739375771312e-06,4.486400114814024e-06,1,1,1,5,1em8,,0,0,,0
fitzhugh_nagumo,amigo2,1e-08,fitzhugh_nagumo_6_1em8,1,1,725.953974,5,0,1.167024218575138e-07,1.0721341748828639e-06,2.598999050760677e-06,1.6374134244179237e-06,1,1,1,6,1em8,,0,0,,0
fitzhugh_nagumo,amigo2,1e-08,fitzhugh_nagumo_7_1em8,1,1,743.68494,5,0,8.266197073900787e-07,4.600498977420274e-06,1.7991070990218493e-05,8.227036555143414e-06,1,1,1,7,1em8,,0,0,,0
fitzhugh_nagumo,amigo2,1e-08,fitzhugh_nagumo_8_1em8,1,1,701.884374,5,0,1.9907526883400575e-08,5.442341560682677e-08,2.070353738536218e-07,9.49586573958697e-08,1,1,1,8,1em8,,0,0,,0
fitzhugh_nagumo,amigo2,1e-08,fitzhugh_nagumo_9_1em8,1,1,553.008722,5,0,1.3190007836270872e-07,6.719262013307172e-07,2.7759707826130137e-06,1.252759656184995e-06,1,1,1,9,1em8,,0,0,,0
flexible_arm,amigo2,1e-08,flexible_arm_0_1em8,1,1,694.490459,9,0,8.480647844942702e-07,1.0923617164702078e-06,4.768824176906408e-06,1.7587578125652724e-06,1,1,1,0,1em8,,0,0,,0
flexible_arm,amigo2,1e-08,flexible_arm_1_1em8,1,1,744.964509,9,0,6.593004817303857e-07,7.048851609154129e-07,1.2930619576265305e-06,8.057937075093691e-07,1,1,1,1,1em8,,0,0,,0
flexible_arm,amigo2,1e-08,flexible_arm_2_1em8,1,1,739.411641,9,0,3.6799313908747776e-07,3.966871236904438e-07,1.131063761246017e-06,4.906442452892551e-07,1,1,1,2,1em8,,0,0,,0
flexible_arm,amigo2,1e-08,flexible_arm_3_1em8,1,1,739.412172,9,0,4.21832484374078e-07,5.814828996827832e-07,1.422459048417766e-06,7.529339105522365e-07,1,1,1,3,1em8,,0,0,,0
flexible_arm,amigo2,1e-08,flexible_arm_4_1em8,1,1,747.217639,9,0,1.0219759206049674e-07,2.392934884565486e-07,5.477790194350768e-07,3.0963302552992013e-07,1,1,1,4,1em8,,0,0,,0
flexible_arm,amigo2,1e-08,flexible_arm_5_1em8,1,1,724.872493,9,0,4.493769367918667e-07,8.508266226496155e-07,3.792354137071336e-06,1.3970121424296093e-06,1,1,1,5,1em8,,0,0,,0
flexible_arm,amigo2,1e-08,flexible_arm_6_1em8,1,1,711.012322,9,0,2.0571118922270376e-07,2.2368205702817364e-07,5.802245832920468e-07,2.8436144012249094e-07,1,1,1,6,1em8,,0,0,,0
flexible_arm,amigo2,1e-08,flexible_arm_7_1em8,1,1,739.680503,9,0,5.055470093295091e-07,5.045629554700544e-07,1.0241667906074095e-06,6.036453882129224e-07,1,1,1,7,1em8,,0,0,,0
flexible_arm,amigo2,1e-08,flexible_arm_8_1em8,1,1,772.125962,9,0,3.7253353142716286e-07,1.6638489593696938e-06,9.617778149269292e-06,3.4107717620098064e-06,1,1,1,8,1em8,,0,0,,0
flexible_arm,amigo2,1e-08,flexible_arm_9_1em8,1,1,741.673028,9,0,4.991077675702721e-08,8.29503306870414e-07,5.424232046735822e-06,1.8532310489585851e-06,1,1,1,9,1em8,,0,0,,0
forced_lotka_volterra,amigo2,1e-08,forced_lotka_volterra_0_1em8,1,1,615.683628,6,0,7.596431807866827e-10,9.375474411319035e-10,2.3268541835415995e-09,1.199063733756409e-09,1,1,1,0,1em8,,0,0,,0
forced_lotka_volterra,amigo2,1e-08,forced_lotka_volterra_1_1em8,1,1,708.016119,6,0,1.8988551947020334e-09,1.9658633692742743e-09,3.6475464767456716e-09,2.3660183989579786e-09,1,1,1,1,1em8,,0,0,,0
forced_lotka_volterra,amigo2,1e-08,forced_lotka_volterra_2_1em8,1,1,967.512249,6,0,4.3141208032139785e-10,1.7247008626523178e-09,8.179623421241785e-09,3.367459921148594e-09,1,1,1,2,1em8,,0,0,,0
forced_lotka_volterra,amigo2,1e-08,forced_lotka_volterra_3_1em8,1,1,656.549141,6,0,1.1827351511125996e-09,5.3600311289395735e-09,2.5718750902408047e-08,1.0612789580434111e-08,1,1,1,3,1em8,,0,0,,0
forced_lotka_volterra,amigo2,1e-08,forced_lotka_volterra_4_1em8,1,1,751.995961,6,0,9.002077892220156e-10,1.2665622475305738e-09,3.3020758922768493e-09,1.6663335337814156e-09,1,1,1,4,1em8,,0,0,,0
forced_lotka_volterra,amigo2,1e-08,forced_lotka_volterra_5_1em8,1,1,693.066253,6,0,8.256111806555186e-10,8.51747850707754e-10,1.1512798399533912e-09,8.820402092803201e-10,1,1,1,5,1em8,,0,0,,0
forced_lotka_volterra,amigo2,1e-08,forced_lotka_volterra_6_1em8,1,1,467.558126,6,0,8.044577281197528e-10,3.0949063203474557e-09,1.51326588622573e-08,6.229131622453478e-09,1,1,1,6,1em8,,0,0,,0
forced_lotka_volterra,amigo2,1e-08,forced_lotka_volterra_7_1em8,1,1,1120.504931,6,0,9.280683416264868e-10,8.947611403197345e-09,4.344368012834791e-08,1.8030347591559054e-08,1,1,1,7,1em8,,0,0,,0
forced_lotka_volterra,amigo2,1e-08,forced_lotka_volterra_8_1em8,1,1,688.080274,6,0,1.2308643951376106e-10,5.765015161759968e-10,2.8562673417736827e-09,1.1717420689867896e-09,1,1,1,8,1em8,,0,0,,0
forced_lotka_volterra,amigo2,1e-08,forced_lotka_volterra_9_1em8,1,1,859.492609,6,0,2.9414030544819796e-09,9.229334458683978e-09,4.057269876887272e-08,1.690950754457345e-08,1,1,1,9,1em8,,0,0,,0
harmonic_oscillator,amigo2,1e-08,harmonic_oscillator_0_1em8,1,1,802.401518,4,0,1.166623985525842e-10,1.1867082539680497e-10,2.1187715505259994e-10,1.411096576161659e-10,1,1,1,0,1em8,,0,0,,0
harmonic_oscillator,amigo2,1e-08,harmonic_oscillator_1_1em8,1,1,983.612877,4,0,2.620398232972074e-10,3.113247287663733e-10,7.005800241891851e-10,4.3086957488485093e-10,1,1,1,1,1em8,,0,0,,0
harmonic_oscillator,amigo2,1e-08,harmonic_oscillator_2_1em8,1,1,810.488862,4,0,1.0969971893552959e-10,1.6419252496135007e-10,3.570112120370897e-10,1.9965041427098625e-10,1,1,1,2,1em8,,0,0,,0
harmonic_oscillator,amigo2,1e-08,harmonic_oscillator_3_1em8,1,1,958.527803,4,0,1.764071096585549e-10,1.976871569494797e-10,4.010639418170301e-10,2.564777188759691e-10,1,1,1,3,1em8,,0,0,,0
harmonic_oscillator,amigo2,1e-08,harmonic_oscillator_4_1em8,1,1,895.496052,4,0,1.1177199688670297e-10,1.621898649068928e-10,3.752798922872538e-10,2.0699978500520078e-10,1,1,1,4,1em8,,0,0,,0
harmonic_oscillator,amigo2,1e-08,harmonic_oscillator_5_1em8,1,1,880.026755,4,0,1.8260885905486624e-10,1.8737015145989175e-10,3.77530244463138e-10,2.540493285343201e-10,1,1,1,5,1em8,,0,0,,0
harmonic_oscillator,amigo2,1e-08,harmonic_oscillator_6_1em8,1,1,732.766106,4,0,1.245991821892364e-10,1.256061312014927e-10,1.9680370113019375e-10,1.4326072639907858e-10,1,1,1,6,1em8,,0,0,,0
harmonic_oscillator,amigo2,1e-08,harmonic_oscillator_7_1em8,1,1,811.91737,4,0,2.623582087347134e-10,3.1643189248428777e-10,6.843527017339666e-10,4.1466916308733113e-10,1,1,1,7,1em8,,0,0,,0
harmonic_oscillator,amigo2,1e-08,harmonic_oscillator_8_1em8,1,1,897.782617,4,0,1.1595513930241178e-10,2.0421448655607323e-10,4.938436391213527e-10,2.642366231227858e-10,1,1,1,8,1em8,,0,0,,0
harmonic_oscillator,amigo2,1e-08,harmonic_oscillator_9_1em8,1,1,953.666005,4,0,2.3879768230856064e-11,3.5160588889904944e-11,8.583063713026315e-11,4.646862816850794e-11,1,1,1,9,1em8,,0,0,,0
hiv,amigo2,1e-08,hiv_0_1em8,1,1,420.198223,15,0,3.35845324915117e-07,0.0017506987152445962,0.02614564219799432,0.006750792040824035,0,1,1,0,1em8,,0,0,,0
hiv,amigo2,1e-08,hiv_1_1em8,1,1,477.649333,15,0,5.507050193545338e-07,0.0002280255933433914,0.003308659548931284,0.0008544048986406892,1,1,1,1,1em8,,0,0,,0
hiv,amigo2,1e-08,hiv_2_1em8,1,1,580.932881,15,0,3.5361938186586984e-07,0.00042025487248820284,0.006283758941799421,0.0016224612796298767,1,1,1,2,1em8,,0,0,,0
hiv,amigo2,1e-08,hiv_3_1em8,1,1,559.76879,15,0,2.665865741504441e-07,5.871793687001887e-05,0.0008687554640923937,0.0002243175563293926,1,1,1,3,1em8,,0,0,,0
hiv,amigo2,1e-08,hiv_4_1em8,1,1,688.765609,15,0,9.620462352874896e-08,0.0002420183454327931,0.0036159668358405816,0.0009336402564901623,1,1,1,4,1em8,,0,0,,0
hiv,amigo2,1e-08,hiv_5_1em8,1,1,650.059375,15,0,0.009047982268504416,0.17637374187171145,1.082901481957805,0.40026347681185803,0,0,0,5,1em8,,0,0,,1
hiv,amigo2,1e-08,hiv_6_1em8,1,1,604.03484,15,0,1.6038110185920571e-06,0.001914903104877235,0.02851350203772834,0.007362203559934102,0,1,1,6,1em8,,0,0,,0
hiv,amigo2,1e-08,hiv_7_1em8,1,1,649.448017,15,0,1.0805242302594489e-07,0.00011983112004889549,0.0017687019462431866,0.0004567040716952839,1,1,1,7,1em8,,0,0,,0
hiv,amigo2,1e-08,hiv_8_1em8,1,1,592.508912,15,0,6.754209814260548e-07,0.010481884805845611,0.15694807714809228,0.040523834906600664,0,0,1,8,1em8,,0,0,,2
hiv,amigo2,1e-08,hiv_9_1em8,1,1,331.278532,15,0,2.821236226495071e-07,0.0009331467093485063,0.013953771528025726,0.003602852342818572,0,1,1,9,1em8,,0,0,,2
lotka_volterra,amigo2,1e-08,lotka_volterra_0_1em8,1,1,404.451308,5,0,8.08772682051498e-10,2.9461916391035095e-09,1.1670799195483359e-08,5.287119037510799e-09,1,1,1,0,1em8,,0,0,,0
lotka_volterra,amigo2,1e-08,lotka_volterra_1_1em8,1,1,744.510828,5,0,3.98073430466656e-10,1.9492405219349918e-09,7.84110454093363e-09,3.539359851841146e-09,1,1,1,1,1em8,,0,0,,0
lotka_volterra,amigo2,1e-08,lotka_volterra_2_1em8,1,1,611.197424,5,0,2.779517011153517e-09,3.473001627120275e-09,9.115743846494558e-09,4.5919399241065905e-09,1,1,1,2,1em8,,0,0,,0
lotka_volterra,amigo2,1e-08,lotka_volterra_3_1em8,1,1,640.055276,5,0,4.339543077763358e-09,5.309231527149631e-09,1.2556616578017612e-08,6.520733288247004e-09,1,1,1,3,1em8,,0,0,,0
lotka_volterra,amigo2,1e-08,lotka_volterra_4_1em8,1,1,506.32882,5,0,2.4161048640707875e-09,3.1507471796724823e-09,7.653297783281904e-09,4.1039059065302275e-09,1,1,1,4,1em8,,0,0,,0
lotka_volterra,amigo2,1e-08,lotka_volterra_5_1em8,1,1,595.655458,5,0,3.385902992089823e-09,3.210024691316164e-09,7.441137075747054e-09,4.186501632035475e-09,1,1,1,5,1em8,,0,0,,0
lotka_volterra,amigo2,1e-08,lotka_volterra_6_1em8,1,1,601.788038,5,0,1.2378002251296619e-08,1.2343464876289471e-08,2.4670475576598324e-08,1.4582870515600567e-08,1,1,1,6,1em8,,0,0,,0
lotka_volterra,amigo2,1e-08,lotka_volterra_7_1em8,1,1,665.470153,5,0,4.602940276464732e-09,5.126829354937907e-09,1.1965285622310909e-08,6.357979385101252e-09,1,1,1,7,1em8,,0,0,,0
lotka_volterra,amigo2,1e-08,lotka_volterra_8_1em8,1,1,718.34449,5,0,7.901783017244117e-09,9.122997510356066e-09,2.1627008739808977e-08,1.1447721000210841e-08,1,1,1,8,1em8,,0,0,,0
lotka_volterra,amigo2,1e-08,lotka_volterra_9_1em8,1,1,649.495357,5,0,2.591683953613333e-10,6.444483876958982e-10,1.4922344081521181e-09,9.154016149216155e-10,1,1,1,9,1em8,,0,0,,0
mass_spring_damper,amigo2,1e-08,mass_spring_damper_0_1em8,1,1,921.646819,5,0,2.178715294960952e-09,4.570624742348952e-09,1.4257940548932533e-08,6.78582264865167e-09,1,1,1,0,1em8,,0,0,,0
mass_spring_damper,amigo2,1e-08,mass_spring_damper_1_1em8,1,1,691.786389,5,0,1.8516467701846457e-10,1.0058881779665062e-09,3.5006550718522947e-09,1.6461124342517225e-09,1,1,1,1,1em8,,0,0,,0
mass_spring_damper,amigo2,1e-08,mass_spring_damper_2_1em8,1,1,682.481591,5,0,3.0758343057399563e-10,3.5011712838229332e-09,1.5935979387945075e-08,7.140160797760901e-09,1,1,1,2,1em8,,0,0,,0
mass_spring_damper,amigo2,1e-08,mass_spring_damper_3_1em8,1,1,870.114076,5,0,2.6398135352539726e-10,7.271676993115142e-09,3.475724881783548e-08,1.555272628787503e-08,1,1,1,3,1em8,,0,0,,0
mass_spring_damper,amigo2,1e-08,mass_spring_damper_4_1em8,1,1,756.740606,5,0,1.8651214113524665e-09,1.9814094127920627e-09,4.358382977801723e-09,2.3944598116104745e-09,1,1,1,4,1em8,,0,0,,0
mass_spring_damper,amigo2,1e-08,mass_spring_damper_5_1em8,1,1,5364.894526,5,0,6.62955162640469e-10,9.962023252749849e-10,2.712905385346894e-09,1.4179745739250737e-09,1,1,1,5,1em8,,0,0,,0
mass_spring_damper,amigo2,1e-08,mass_spring_damper_6_1em8,1,1,742.993417,5,0,2.1654371417682903e-10,1.1168007718247725e-09,3.197835755216353e-09,1.6595152601720046e-09,1,1,1,6,1em8,,0,0,,0
mass_spring_damper,amigo2,1e-08,mass_spring_damper_7_1em8,1,1,1118.894985,5,0,1.1033412745533992e-09,1.0093193061086314e-09,1.6468732750896787e-09,1.1398252661247928e-09,1,1,1,7,1em8,,0,0,,0
mass_spring_damper,amigo2,1e-08,mass_spring_damper_8_1em8,1,1,1163.065975,5,0,9.89493226639954e-10,3.432842894135297e-09,1.2876715977019797e-08,5.89809383020649e-09,1,1,1,8,1em8,,0,0,,0
mass_spring_damper,amigo2,1e-08,mass_spring_damper_9_1em8,1,1,1147.714283,5,0,3.65112355360446e-10,1.4064884593864937e-09,5.552323928604522e-09,2.5135312407938414e-09,1,1,1,9,1em8,,0,0,,0
quadrotor,amigo2,1e-08,quadrotor_0_1em8,1,1,426.113448,4,0,7.503408577073591e-09,8.416429782784895e-09,1.7259008182726813e-08,1.0354516274166976e-08,1,1,1,0,1em8,,0,0,,0
quadrotor,amigo2,1e-08,quadrotor_1_1em8,1,1,673.435064,4,0,2.2875800900323534e-09,2.3938818257238643e-09,3.6957296967723213e-09,2.6132367694556364e-09,1,1,1,1,1em8,,0,0,,0
quadrotor,amigo2,1e-08,quadrotor_2_1em8,1,1,548.834388,4,0,1.365098619321741e-08,1.4759113901428989e-08,2.7692541723797268e-08,1.7827229724762373e-08,1,1,1,2,1em8,,0,0,,0
quadrotor,amigo2,1e-08,quadrotor_3_1em8,1,1,668.538697,4,0,1.1725582423717678e-08,1.8000380208724222e-08,4.8220357797908863e-08,2.6087316001231677e-08,1,1,1,3,1em8,,0,0,,0
quadrotor,amigo2,1e-08,quadrotor_4_1em8,1,1,588.63861,4,0,2.3431532741251568e-09,5.316827794087397e-09,1.6255301006320208e-08,8.323971684176971e-09,1,1,1,4,1em8,,0,0,,0
quadrotor,amigo2,1e-08,quadrotor_5_1em8,1,1,554.458636,4,0,8.617564221649998e-09,8.517683096134743e-09,1.5969244548693124e-08,1.110586207170888e-08,1,1,1,5,1em8,,0,0,,0
quadrotor,amigo2,1e-08,quadrotor_6_1em8,1,1,523.913224,4,0,1.4412751859255952e-08,1.9164320109189735e-08,4.562801842392739e-08,2.5558528738714314e-08,1,1,1,6,1em8,,0,0,,0
quadrotor,amigo2,1e-08,quadrotor_7_1em8,1,1,546.415362,4,0,2.038752358924616e-08,1.9888967394303756e-08,3.489330922045954e-08,2.467179671755951e-08,1,1,1,7,1em8,,0,0,,0
quadrotor,amigo2,1e-08,quadrotor_8_1em8,1,1,482.063982,4,0,1.5177579529859842e-08,5.1720473635820634e-08,1.7256428743408172e-07,8.72112908556138e-08,1,1,1,8,1em8,,0,0,,0
quadrotor,amigo2,1e-08,quadrotor_9_1em8,1,1,648.928875,4,0,1.0176446673469126e-08,2.1431751031868764e-08,6.376434626544604e-08,3.2948702403661946e-08,1,1,1,9,1em8,,0,0,,0
repressilator,amigo2,1e-08,repressilator_0_1em8,1,1,818.060321,9,0,1.9392490857259613e-09,3.725037357937144e-09,1.2082183800452219e-08,5.1846984477330425e-09,1,1,1,0,1em8,,0,0,,0
repressilator,amigo2,1e-08,repressilator_1_1em8,1,1,1194.954354,9,0,5.427193828027465e-09,8.784341835527918e-09,3.26491024204857e-08,1.3215341284130099e-08,1,1,1,1,1em8,,0,0,,0
repressilator,amigo2,1e-08,repressilator_2_1em8,1,1,1476.223474,9,0,3.007519041167055e-09,7.143206691254878e-09,2.9743993817651183e-08,1.1328067955551189e-08,1,1,1,2,1em8,,0,0,,0
repressilator,amigo2,1e-08,repressilator_3_1em8,1,1,1007.12861,9,0,2.8797512967955008e-09,1.0424479099966403e-08,7.444463015859332e-08,2.4958883464829084e-08,1,1,1,3,1em8,,0,0,,0
repressilator,amigo2,1e-08,repressilator_4_1em8,1,1,1435.066383,9,0,1.1685648208199623e-09,7.002570871193199e-09,2.815482212556524e-08,1.1723963231151274e-08,1,1,1,4,1em8,,0,0,,0
repressilator,amigo2,1e-08,repressilator_5_1em8,1,1,854.623139,9,0,5.597142091370752e-09,6.679877688150799e-09,2.0850171018584118e-08,9.238046758868925e-09,1,1,1,5,1em8,,0,0,,0
repressilator,amigo2,1e-08,repressilator_6_1em8,1,1,2086.559692,9,0,3.2514381958964897e-09,9.243652912204437e-08,6.518468988175394e-07,2.2331689937941464e-07,1,1,1,6,1em8,,0,0,,0
repressilator,amigo2,1e-08,repressilator_7_1em8,1,1,1077.873691,9,0,9.460643047159469e-09,1.8090676428280917e-08,5.263772631444943e-08,2.546618055821578e-08,1,1,1,7,1em8,,0,0,,0
repressilator,amigo2,1e-08,repressilator_8_1em8,1,1,1634.127626,9,0,2.3723032385768756e-09,7.749430423437412e-09,3.834787693424672e-08,1.3995128649198734e-08,1,1,1,8,1em8,,0,0,,0
repressilator,amigo2,1e-08,repressilator_9_1em8,1,1,1180.855512,9,0,3.6858756495600764e-09,6.6902579122063265e-09,2.6182946474058595e-08,1.0288389199289823e-08,1,1,1,9,1em8,,0,0,,0
seir,amigo2,1e-08,seir_0_1em8,1,1,1218.449872,7,0,8.912555905414943e-08,1.4539232960546398e-07,3.7968936384761295e-07,1.9948026180445703e-07,1,1,1,0,1em8,,0,0,,0
seir,amigo2,1e-08,seir_1_1em8,1,1,975.117139,7,0,0.6690525067976294,1.0982283195267235,2.9752823517585245,1.5799603973029128,0,0,0,1,1em8,,0,0,,0
seir,amigo2,1e-08,seir_2_1em8,1,1,1005.304555,7,0,0.21597682990523784,0.14223639885168435,0.28822819250053455,0.18983179050770013,0,0,1,2,1em8,,0,0,,0
seir,amigo2,1e-08,seir_3_1em8,1,1,1115.679432,7,0,1.0983596641009298e-05,6.877843799568088e-06,1.4597487665565059e-05,9.150078894473806e-06,1,1,1,3,1em8,,0,0,,0
seir,amigo2,1e-08,seir_4_1em8,1,1,558.847951,7,0,0.017033795148675254,0.010920568056834454,0.02318711929302407,0.014457688860541705,0,1,1,4,1em8,,0,0,,0
seir,amigo2,1e-08,seir_5_1em8,1,1,717.670274,7,0,0.7723578688103557,3.0492490174093194,13.786664036012782,5.525158655111771,0,0,0,5,1em8,,0,0,,0
seir,amigo2,1e-08,seir_6_1em8,1,1,512.749063,7,0,0.0003325157444286383,0.0006366105233998507,0.0020650941111625427,0.0009375485097041916,1,1,1,6,1em8,,0,0,,0
seir,amigo2,1e-08,seir_7_1em8,1,1,522.702376,7,0,0.4378681461357971,0.46876438961988853,1.2858097643074462,0.6609644645685561,0,0,0,7,1em8,,0,0,,0
seir,amigo2,1e-08,seir_8_1em8,1,1,569.704229,7,0,0.5250503142203161,0.6589669705259664,2.003978291269573,0.9686698025351237,0,0,0,8,1em8,,0,0,,0
seir,amigo2,1e-08,seir_9_1em8,1,1,937.840739,7,0,0.0799680217624279,0.0507443161690174,0.10140506473315307,0.06738749099006408,0,0,1,9,1em8,,0,0,,0
slow_fast,amigo2,1e-08,slow_fast_0_1em8,1,1,325.103811,8,0,1.9265875594808104e-08,2.183387273194935e-08,4.8945630837590695e-08,2.9496540282482293e-08,1,1,1,0,1em8,,0,0,,0
slow_fast,amigo2,1e-08,slow_fast_1_1em8,1,1,388.311682,8,0,4.956535570837351e-09,9.491725052650723e-09,4.0272747189312216e-08,1.5829494213923145e-08,1,1,1,1,1em8,,0,0,,0
slow_fast,amigo2,1e-08,slow_fast_2_1em8,1,1,477.11418,8,0,7.626363430643477e-09,6.308242267993072e-09,1.1040538788362629e-08,7.43172555464617e-09,1,1,1,2,1em8,,0,0,,0
slow_fast,amigo2,1e-08,slow_fast_3_1em8,1,1,607.126556,8,0,8.145122201687564e-08,1.5520778562347603e-07,5.390003097381389e-07,2.3760418225274758e-07,1,1,1,3,1em8,,0,0,,0
slow_fast,amigo2,1e-08,slow_fast_4_1em8,1,1,372.817535,8,0,3.562834516452941e-08,4.267511275056642e-08,9.610575599766076e-08,5.669991936863199e-08,1,1,1,4,1em8,,0,0,,0
slow_fast,amigo2,1e-08,slow_fast_5_1em8,1,1,539.260475,8,0,0.20666121205444518,0.1984242423085595,0.6109182869627882,0.27902287530849385,0,0,0,5,1em8,,0,0,,0
slow_fast,amigo2,1e-08,slow_fast_6_1em8,1,1,535.475,8,0,3.6430758276506934e-09,5.938934278893981e-09,2.795453078420816e-08,1.0384572886865887e-08,1,1,1,6,1em8,,0,0,,0
slow_fast,amigo2,1e-08,slow_fast_7_1em8,1,1,449.980663,8,0,9.332771219166446e-08,1.1466056742728893e-07,2.844123097034412e-07,1.6258365570852042e-07,1,1,1,7,1em8,,0,0,,0
slow_fast,amigo2,1e-08,slow_fast_8_1em8,1,1,369.068774,8,0,2.5429862642632834e-07,3.7271478498248537e-07,1.4950360801797062e-06,6.027662546852162e-07,1,1,1,8,1em8,,0,0,,0
slow_fast,amigo2,1e-08,slow_fast_9_1em8,1,1,375.938694,8,0,3.5895495738312473e-09,9.75818536807009e-09,4.636092591307298e-08,1.766187898277107e-08,1,1,1,9,1em8,,0,0,,0
sirt_treatment,amigo2,1e-08,sirt_treatment_0_1em8,1,1,415.494449,9,0,6.624316552189618e-08,1.89544830897679e-07,7.408696109455279e-07,3.2944595130772745e-07,1,1,1,0,1em8,,0,0,,0
sirt_treatment,amigo2,1e-08,sirt_treatment_1_1em8,1,1,450.678439,9,0,2.0285825606252444e-08,8.355407420709025e-08,6.256654687675223e-07,2.0960651874859803e-07,1,1,1,1,1em8,,0,0,,0
sirt_treatment,amigo2,1e-08,sirt_treatment_2_1em8,1,1,1104.763719,9,0,3.8362095646364764e-08,1.122957718170857e-07,5.961115259631345e-07,2.1306862719795595e-07,1,1,1,2,1em8,,0,0,,0
sirt_treatment,amigo2,1e-08,sirt_treatment_3_1em8,1,1,1125.765274,9,0,2.807907555560158e-08,4.467462914047356e-08,1.7341180410826693e-07,6.965089429461086e-08,1,1,1,3,1em8,,0,0,,0
sirt_treatment,amigo2,1e-08,sirt_treatment_4_1em8,1,1,544.104307,9,0,3.445659833106858e-09,5.091741937891921e-08,2.278471608718746e-07,9.44846566317922e-08,1,1,1,4,1em8,,0,0,,0
sirt_treatment,amigo2,1e-08,sirt_treatment_5_1em8,1,1,1416.487952,9,0,5.1355995153033147e-08,9.328620495225652e-08,2.815082946812714e-07,1.3508056904504086e-07,1,1,1,5,1em8,,0,0,,0
sirt_treatment,amigo2,1e-08,sirt_treatment_6_1em8,1,1,1524.131862,9,0,3.6382512408713215e-08,1.1724636043167459e-07,6.442540313639113e-07,2.2668070840173086e-07,1,1,1,6,1em8,,0,0,,0
sirt_treatment,amigo2,1e-08,sirt_treatment_7_1em8,1,1,1402.332906,9,0,3.506438695781149e-08,7.379147577373186e-07,3.970809341748158e-06,1.4392664138975849e-06,1,1,1,7,1em8,,0,0,,0
sirt_treatment,amigo2,1e-08,sirt_treatment_8_1em8,1,1,1059.602885,9,0,3.4192057397968545e-08,2.2709600632333204e-07,1.2600377728626582e-06,4.4357218347285977e-07,1,1,1,8,1em8,,0,0,,0
sirt_treatment,amigo2,1e-08,sirt_treatment_9_1em8,1,1,1482.899098,9,0,9.008861644245402e-09,3.2611189461410555e-08,1.681155905295105e-07,6.07104768644759e-08,1,1,1,9,1em8,,0,0,,0
vanderpol,amigo2,1e-08,vanderpol_0_1em8,1,1,974.453725,4,0,1.4701149658821543e-10,5.085980613353762e-10,1.7098452995348077e-09,8.62948544701581e-10,1,1,1,0,1em8,,0,0,,0
vanderpol,amigo2,1e-08,vanderpol_1_1em8,1,1,923.581313,4,0,8.881323740592064e-11,1.0345667346594726e-10,2.226436796483555e-10,1.3544594428791908e-10,1,1,1,1,1em8,,0,0,,0
vanderpol,amigo2,1e-08,vanderpol_2_1em8,1,1,661.634952,4,0,1.3391394936235474e-10,1.4698867661580258e-10,2.3549296684596247e-10,1.575617161002731e-10,1,1,1,2,1em8,,0,0,,0
vanderpol,amigo2,1e-08,vanderpol_3_1em8,1,1,712.972405,4,0,2.8819502278320374e-10,3.1153154347283094e-10,6.371713381004476e-10,3.953133445300357e-10,1,1,1,3,1em8,,0,0,,0
vanderpol,amigo2,1e-08,vanderpol_4_1em8,1,1,983.126869,4,0,2.5420236512560652e-11,1.9613037682391577e-10,7.188319839186514e-10,3.5998742418438877e-10,1,1,1,4,1em8,,0,0,,0
vanderpol,amigo2,1e-08,vanderpol_5_1em8,1,1,614.249191,4,0,3.351349981760909e-10,1.0970555027570562e-09,3.5186375090186156e-09,1.7784338278513772e-09,1,1,1,5,1em8,,0,0,,0
vanderpol,amigo2,1e-08,vanderpol_6_1em8,1,1,657.57465,4,0,1.210214615771817e-10,2.414244869327565e-10,6.594282144318678e-10,3.4305232807658154e-10,1,1,1,6,1em8,,0,0,,0
vanderpol,amigo2,1e-08,vanderpol_7_1em8,1,1,705.445364,4,0,9.307721405772234e-11,1.7817382005910102e-10,5.108363007961899e-10,2.6408003400123254e-10,1,1,1,7,1em8,,0,0,,0
vanderpol,amigo2,1e-08,vanderpol_8_1em8,1,1,727.434466,4,0,2.1967849636082592e-10,8.191276659934067e-10,2.8310770034206317e-09,1.4280487704939225e-09,1,1,1,8,1em8,,0,0,,0
vanderpol,amigo2,1e-08,vanderpol_9_1em8,1,1,980.383999,4,0,5.969974963585775e-10,1.7959822994585424e-09,5.8478740485758845e-09,2.9589772084219853e-09,1,1,1,9,1em8,,0,0,,0
aircraft_pitch,amigo2,1e-06,aircraft_pitch_0_1em6,1,1,579.097051,6,1,9.334003330502169e-08,1.3347640847503027e-06,7.6042141663602735e-06,3.106272021472561e-06,1,1,1,0,1em6,,0,0,,0
aircraft_pitch,amigo2,1e-06,aircraft_pitch_1_1em6,1,1,635.95184,6,1,2.405746763118277e-08,1.0032923158464853e-06,5.759693898191192e-06,2.352832104535909e-06,1,1,1,1,1em6,,0,0,,0
aircraft_pitch,amigo2,1e-06,aircraft_pitch_2_1em6,1,1,565.649166,6,1,4.310061659950604e-08,9.148975083710588e-07,5.198159586088632e-06,2.123370003861057e-06,1,1,1,2,1em6,,0,0,,0
aircraft_pitch,amigo2,1e-06,aircraft_pitch_3_1em6,1,1,921.541855,6,1,3.288438435889732e-10,6.596288906477128e-09,3.8162140861772174e-08,1.558207639871478e-08,1,1,1,3,1em6,,0,0,,0
aircraft_pitch,amigo2,1e-06,aircraft_pitch_4_1em6,1,1,953.392687,6,1,3.2143806288728803e-09,4.942618927358902e-08,2.816172478538742e-07,1.150373444867719e-07,1,1,1,4,1em6,,0,0,,0
aircraft_pitch,amigo2,1e-06,aircraft_pitch_5_1em6,1,1,962.34779,6,1,2.9398275324488053e-07,7.289328946853304e-05,0.0004361035030724165,0.00017803871718078223,1,1,1,5,1em6,,0,0,,0
aircraft_pitch,amigo2,1e-06,aircraft_pitch_6_1em6,1,1,800.263092,6,1,1.944892046221533e-08,1.4331785016351627e-07,7.781688265984243e-07,3.180990663227808e-07,1,1,1,6,1em6,,0,0,,0
aircraft_pitch,amigo2,1e-06,aircraft_pitch_7_1em6,1,1,586.519148,6,1,2.278835515195124e-08,9.517612652473891e-07,5.61826944094663e-06,2.293738587052802e-06,1,1,1,7,1em6,,0,0,,0
aircraft_pitch,amigo2,1e-06,aircraft_pitch_8_1em6,1,1,538.757032,6,1,1.6939311061795067e-08,3.6220015210139325e-07,1.9921758925051895e-06,8.155200152273924e-07,1,1,1,8,1em6,,0,0,,0
aircraft_pitch,amigo2,1e-06,aircraft_pitch_9_1em6,1,1,602.667504,6,1,1.2661472686761825e-08,1.5783636439336227e-07,8.51337093598402e-07,3.4856469511023284e-07,1,1,1,9,1em6,,0,0,,0
bicycle_model,amigo2,1e-06,bicycle_model_0_1em6,1,1,458.74371,5,0,1.4660687635033003e-07,6.111193340982487e-07,2.3765754331927686e-06,1.0751207211801016e-06,1,1,1,0,1em6,,0,0,,0
bicycle_model,amigo2,1e-06,bicycle_model_1_1em6,1,1,609.495576,5,0,6.129209407193446e-08,7.170960409836057e-08,1.1687754830262586e-07,7.521450709847618e-08,1,1,1,1,1em6,,0,0,,0
bicycle_model,amigo2,1e-06,bicycle_model_2_1em6,1,1,538.661562,5,0,3.434573794308237e-08,7.12981729121805e-08,2.0665659313165364e-07,9.964490703931367e-08,1,1,1,2,1em6,,0,0,,0
bicycle_model,amigo2,1e-06,bicycle_model_3_1em6,1,1,518.833283,5,0,3.3346565907298505e-08,1.5207513539956757e-06,3.960984259498004e-06,2.3912419606206226e-06,1,1,1,3,1em6,,0,0,,0
bicycle_model,amigo2,1e-06,bicycle_model_4_1em6,1,1,561.921278,5,0,5.272625678431987e-08,2.1057327129070093e-07,8.549944278521586e-07,3.8495469387233773e-07,1,1,1,4,1em6,,0,0,,0
bicycle_model,amigo2,1e-06,bicycle_model_5_1em6,1,1,514.884622,5,0,1.1651113190863138e-07,1.8194777576669964e-07,2.9308425235028353e-07,2.0067482176290116e-07,1,1,1,5,1em6,,0,0,,0
bicycle_model,amigo2,1e-06,bicycle_model_6_1em6,1,1,521.67322,5,0,2.3053689035787882e-08,8.34388828592586e-08,1.830361463660824e-07,1.147892608292459e-07,1,1,1,6,1em6,,0,0,,0
bicycle_model,amigo2,1e-06,bicycle_model_7_1em6,1,1,488.102476,5,0,1.450234890292734e-08,2.6727172210450634e-06,8.708747051535635e-06,4.411327242151156e-06,1,1,1,7,1em6,,0,0,,0
bicycle_model,amigo2,1e-06,bicycle_model_8_1em6,1,1,463.592041,5,0,1.0053635866979823e-08,1.3832559082211913e-07,3.4822641245282386e-07,2.1237508611266855e-07,1,1,1,8,1em6,,0,0,,0
bicycle_model,amigo2,1e-06,bicycle_model_9_1em6,1,1,501.740989,5,0,2.4910445406852433e-08,7.844307426518348e-08,1.8032228213460098e-07,1.0423921139275526e-07,1,1,1,9,1em6,,0,0,,0
biohydrogenation,amigo2,1e-06,biohydrogenation_0_1em6,1,1,904.268212,9,1,0.21016001299848697,2.6426755077887116,21.181083141744406,7.076348171193994,0,0,0,0,1em6,,0,0,,0
biohydrogenation,amigo2,1e-06,biohydrogenation_1_1em6,1,1,612.544846,9,1,0.0002293158415841064,0.004818348459585299,0.022845239045664444,0.008766772352980694,0,1,1,1,1em6,,0,0,,0
biohydrogenation,amigo2,1e-06,biohydrogenation_2_1em6,1,1,738.85084,9,1,5.1068765724185794e-06,1.3922814084731856,12.495276653171391,4.165102160453493,0,0,0,2,1em6,,0,0,,0
biohydrogenation,amigo2,1e-06,biohydrogenation_3_1em6,1,1,812.487834,9,1,0.00021006439714501708,0.004447590172770961,0.03133267985289689,0.01063976422857165,0,1,1,3,1em6,,0,0,,0
biohydrogenation,amigo2,1e-06,biohydrogenation_4_1em6,1,1,1892.404487,9,1,0.22451497696863082,1.6247750963573808,12.038626651492192,4.039235500428226,0,0,0,4,1em6,,0,0,,0
biohydrogenation,amigo2,1e-06,biohydrogenation_5_1em6,1,1,1149.791604,9,1,0.00026295993584346647,0.0011052191544002347,0.006233367619620952,0.002203166858188322,1,1,1,5,1em6,,0,0,,0
biohydrogenation,amigo2,1e-06,biohydrogenation_6_1em6,1,1,773.812532,9,1,0.0001284124799233403,1.249987657108337,11.224938875305625,3.741652993690272,0,0,0,6,1em6,,0,0,,0
biohydrogenation,amigo2,1e-06,biohydrogenation_7_1em6,1,1,720.675273,9,1,0.1564288601061557,0.48289464292160084,2.6029206674517598,0.9371726372952925,0,0,0,7,1em6,,0,0,,0
biohydrogenation,amigo2,1e-06,biohydrogenation_8_1em6,1,1,725.919677,9,1,0.9639170808787847,3.2344980097153107,13.382988817112773,5.428316685694888,0,0,0,8,1em6,,0,0,,0
biohydrogenation,amigo2,1e-06,biohydrogenation_9_1em6,1,1,939.087716,9,1,4.107771416928231e-05,0.00047404379560837405,0.0025610541901919977,0.0009364857426740507,1,1,1,9,1em6,,0,0,,0
boost_converter,amigo2,1e-06,boost_converter_0_1em6,1,1,696.560142,5,0,1.8146579671017724e-07,1.2831200236840246e-06,5.335966644776729e-06,2.418343147610377e-06,1,1,1,0,1em6,,0,0,,0
boost_converter,amigo2,1e-06,boost_converter_1_1em6,1,1,833.526074,5,0,8.959055750184307e-08,3.945795291071292e-07,1.6111567266857027e-06,7.299424992507176e-07,1,1,1,1,1em6,,0,0,,0
boost_converter,amigo2,1e-06,boost_converter_2_1em6,1,1,740.373798,5,0,6.293696039814018e-08,3.1462719204214347e-07,1.2179236550612574e-06,5.539384277122088e-07,1,1,1,2,1em6,,0,0,,0
boost_converter,amigo2,1e-06,boost_converter_3_1em6,1,1,738.295995,5,0,1.3872275811819303e-07,6.296782125300292e-07,2.2886108389637208e-06,1.0558076583301778e-06,1,1,1,3,1em6,,0,0,,0
boost_converter,amigo2,1e-06,boost_converter_4_1em6,1,1,734.275114,5,0,8.338748381931592e-08,7.413803169529728e-07,3.119676397088389e-06,1.408524052776604e-06,1,1,1,4,1em6,,0,0,,0
boost_converter,amigo2,1e-06,boost_converter_5_1em6,1,1,750.110334,5,0,4.581182262562679e-08,2.8462901617368953e-06,1.375966694240237e-05,6.156368488337051e-06,1,1,1,5,1em6,,0,0,,0
boost_converter,amigo2,1e-06,boost_converter_6_1em6,1,1,744.274598,5,0,2.070176365379002e-07,6.603474132288195e-07,2.598667418289106e-06,1.177040653687602e-06,1,1,1,6,1em6,,0,0,,0
boost_converter,amigo2,1e-06,boost_converter_7_1em6,1,1,750.294666,5,0,1.591210130801206e-07,1.9019722195341446e-07,3.6360917881612603e-07,2.367249401376668e-07,1,1,1,7,1em6,,0,0,,0
boost_converter,amigo2,1e-06,boost_converter_8_1em6,1,1,742.468751,5,0,1.639829874752231e-07,1.2765296000250256e-06,5.872427634500369e-06,2.6292837351754277e-06,1,1,1,8,1em6,,0,0,,0
boost_converter,amigo2,1e-06,boost_converter_9_1em6,1,1,799.819572,5,0,3.4259981402161736e-07,2.4605233581046096e-06,1.1353735867775466e-05,5.084384055263787e-06,1,1,1,9,1em6,,0,0,,0
brusselator,amigo2,1e-06,brusselator_0_1em6,1,1,408.280522,4,0,5.947599122702245e-07,7.044288810395791e-07,1.6271323817947565e-06,9.293384312665272e-07,1,1,1,0,1em6,,0,0,,0
brusselator,amigo2,1e-06,brusselator_1_1em6,1,1,765.017425,4,0,6.508315188752469e-06,6.1560645571363624e-06,1.1598724451155549e-05,7.43687048312238e-06,1,1,1,1,1em6,,0,0,,0
brusselator,amigo2,1e-06,brusselator_2_1em6,1,1,668.344001,4,0,7.994224785555238e-06,6.765281559264126e-06,1.1070178653060774e-05,7.917711821219629e-06,1,1,1,2,1em6,,0,0,,0
brusselator,amigo2,1e-06,brusselator_3_1em6,1,1,638.205687,4,0,5.0686473096189545e-06,4.518233226939701e-06,7.904646628253103e-06,5.3719859446118486e-06,1,1,1,3,1em6,,0,0,,0
brusselator,amigo2,1e-06,brusselator_4_1em6,1,1,878.944966,4,0,9.11468430668494e-06,1.3622747736935442e-05,3.62608766734604e-05,1.928910364871615e-05,1,1,1,4,1em6,,0,0,,0
brusselator,amigo2,1e-06,brusselator_5_1em6,1,1,745.731936,4,0,0.9472127209234688,0.9729218280143486,1.997261783484652,1.203333487220957,0,0,0,5,1em6,,0,0,,0
brusselator,amigo2,1e-06,brusselator_6_1em6,1,1,775.144158,4,0,0.7793386147895541,3.080138194858134,10.761875525302324,5.40936938660777,0,0,0,6,1em6,,0,0,,0
brusselator,amigo2,1e-06,brusselator_7_1em6,1,1,773.584898,4,0,0.09266899213127379,0.09061829019198145,0.1771351477949064,0.11027193972816526,0,0,1,7,1em6,,0,0,,0
brusselator,amigo2,1e-06,brusselator_8_1em6,1,1,941.616601,4,0,0.85784757505725,5.543833662199308,20.45956170609074,10.248241958985217,0,0,0,8,1em6,,0,0,,0
brusselator,amigo2,1e-06,brusselator_9_1em6,1,1,493.495124,4,0,3.7208370533235595e-06,4.045011828658202e-06,8.719559557219208e-06,5.433114345212277e-06,1,1,1,9,1em6,,0,0,,0
crauste,amigo2,1e-06,crauste_0_1em6,1,1,1288.814524,17,0,0.002359137672031685,0.13954593489584388,0.9999872448979592,0.318460275281599,0,0,0,0,1em6,,0,0,,0
crauste,amigo2,1e-06,crauste_1_1em6,1,1,907.387857,17,0,9.797251716460886e-05,0.008409900506565078,0.08114197688652897,0.023839316346357792,0,1,1,1,1em6,,0,0,,1
crauste,amigo2,1e-06,crauste_2_1em6,1,1,497.010091,17,0,0.0009740501738070404,0.4123568639501052,5.692033754435581,1.3934401922417186,0,0,0,2,1em6,,0,0,,0
crauste,amigo2,1e-06,crauste_3_1em6,1,1,843.156153,17,0,2.578668979960897e-05,0.001366631067249621,0.011599658327346468,0.003702030235638499,0,1,1,3,1em6,,0,0,,1
crauste,amigo2,1e-06,crauste_4_1em6,1,1,704.884647,17,0,0.0014478937909124035,0.3211377788645683,1.818419779786355,0.5929408768331288,0,0,0,4,1em6,,0,0,,0
crauste,amigo2,1e-06,crauste_5_1em6,1,1,1470.561038,17,0,0.009130247953358053,1.7558366241784873,27.717081368042354,6.72838855957358,0,0,0,5,1em6,,0,0,,4
crauste,amigo2,1e-06,crauste_6_1em6,1,1,705.061253,17,0,2.235252644327319e-05,0.011788640040086597,0.13698729442061616,0.03651954484969791,0,0,1,6,1em6,,0,0,,0
crauste,amigo2,1e-06,crauste_7_1em6,1,1,915.003041,17,0,9.356553965731087e-05,0.0014687136841328818,0.00946787374374012,0.003184617763439827,1,1,1,7,1em6,,0,0,,1
crauste,amigo2,1e-06,crauste_8_1em6,1,1,457.132899,17,0,0.26259976148263026,0.5572762763062585,3.8917735830350977,1.067079172443601,0,0,0,8,1em6,,0,0,,0
crauste,amigo2,1e-06,crauste_9_1em6,1,1,977.734183,17,0,0.9999820039618831,3.0290592638113294,33.96503496503497,8.31213696233003,0,0,0,9,1em6,,0,0,,1
cstr,amigo2,1e-06,cstr_0_1em6,1,1,585.139237,7,0,5.858195758042648e-06,2.5595189367177,16.79091187497503,6.356869276838681,0,0,0,0,1em6,,0,0,,0
cstr,amigo2,1e-06,cstr_1_1em6,1,1,626.322909,7,0,3.6498023837439952e-06,0.0371148365357537,0.13947598533164235,0.0673777708378571,0,0,1,1,1em6,,0,0,,0
cstr,amigo2,1e-06,cstr_2_1em6,1,1,614.733292,7,0,7.639979157569027e-06,7.023974646137557e-05,0.00035830853564617536,0.0001394523054330447,1,1,1,2,1em6,,0,0,,0
cstr,amigo2,1e-06,cstr_3_1em6,1,1,611.729535,7,0,1.4873737287025782e-06,2.5452442936742057,16.725913622933433,6.33194998485592,0,0,0,3,1em6,,0,0,,0
cstr,amigo2,1e-06,cstr_4_1em6,1,1,747.426014,7,0,6.987237931832489e-05,0.0012550365018834278,0.0035749657210406923,0.0019745899163997886,1,1,1,4,1em6,,0,0,,0
cstr,amigo2,1e-06,cstr_5_1em6,1,1,925.287844,7,0,0.0007215379537827344,0.050572338477063085,0.18488907893988618,0.09165631602377523,0,0,1,5,1em6,,0,0,,0
cstr,amigo2,1e-06,cstr_6_1em6,1,1,750.51572,7,0,0.00013551108064539636,0.002922527071508063,0.013707071053225621,0.005489310503112474,0,1,1,6,1em6,,0,0,,0
cstr,amigo2,1e-06,cstr_7_1em6,1,1,734.835124,7,0,1.1157078435760579e-05,0.0005322884801779112,0.001714151929178291,0.0009050206102842632,1,1,1,7,1em6,,0,0,,0
cstr,amigo2,1e-06,cstr_8_1em6,1,1,711.484076,7,0,2.507149980799015e-05,0.0015906862286515996,0.0048582242185040364,0.002540681381954999,1,1,1,8,1em6,,0,0,,0
cstr,amigo2,1e-06,cstr_9_1em6,1,1,730.849847,7,0,0.005788917971742573,0.10842991564538729,0.4181893281501653,0.1940850882463964,0,0,1,9,1em6,,0,0,,0
daisy_mamil3,amigo2,1e-06,daisy_mamil3_0_1em6,1,1,629.223823,8,0,1.6724915052717244e-06,5.90388343561901e-06,1.9152593398443744e-05,9.233330931492804e-06,1,1,1,0,1em6,,0,0,,0
daisy_mamil3,amigo2,1e-06,daisy_mamil3_1_1em6,1,1,663.293913,8,0,3.669033271125522e-07,1.8249533138049577e-06,8.466353073324688e-06,3.2655803216005724e-06,1,1,1,1,1em6,,0,0,,0
daisy_mamil3,amigo2,1e-06,daisy_mamil3_2_1em6,1,1,794.951037,8,0,1.2814723912125297e-06,2.3308138682823026e-06,8.71395828778216e-06,3.5556591669145355e-06,1,1,1,2,1em6,,0,0,,0
daisy_mamil3,amigo2,1e-06,daisy_mamil3_3_1em6,1,1,671.318507,8,0,1.6321860197481068e-07,5.798697792122189e-07,2.508916986975042e-06,1.0136887845640118e-06,1,1,1,3,1em6,,0,0,,0
daisy_mamil3,amigo2,1e-06,daisy_mamil3_4_1em6,1,1,716.568531,8,0,1.4495910019223781e-06,2.8887508822932827e-06,1.198044996782483e-05,4.698343367668681e-06,1,1,1,4,1em6,,0,0,,0
daisy_mamil3,amigo2,1e-06,daisy_mamil3_5_1em6,1,1,610.641708,8,0,5.826867618880784e-06,9.134148500527545e-06,2.5000006965996544e-05,1.2547886096405759e-05,1,1,1,5,1em6,,0,0,,0
daisy_mamil3,amigo2,1e-06,daisy_mamil3_6_1em6,1,1,826.292902,8,0,9.512518992578483e-07,4.3207844169989945e-06,1.3616177891888206e-05,6.743359548731719e-06,1,1,1,6,1em6,,0,0,,0
daisy_mamil3,amigo2,1e-06,daisy_mamil3_7_1em6,1,1,650.915229,8,0,2.3158035496439652e-06,1.757756260665119e-05,9.769541812132204e-05,3.609613975264737e-05,1,1,1,7,1em6,,0,0,,0
daisy_mamil3,amigo2,1e-06,daisy_mamil3_8_1em6,1,1,675.726801,8,0,6.756634123350214e-07,8.307114815493462e-07,1.7950027212440514e-06,1.031128730622537e-06,1,1,1,8,1em6,,0,0,,0
daisy_mamil3,amigo2,1e-06,daisy_mamil3_9_1em6,1,1,658.954098,8,0,5.253763697561779e-07,5.950130022146883e-07,1.4948841414860604e-06,7.479627061342212e-07,1,1,1,9,1em6,,0,0,,0
daisy_mamil4,amigo2,1e-06,daisy_mamil4_0_1em6,1,1,1247.260299,11,0,0.0002911807612471042,0.0003355976814443839,0.001479369335541091,0.0005413275029750685,1,1,1,0,1em6,,0,0,,0
daisy_mamil4,amigo2,1e-06,daisy_mamil4_1_1em6,1,1,998.552259,11,0,0.27431674291367414,0.18855365081848943,0.4512391438952223,0.2596639713934645,0,0,1,1,1em6,,0,0,,0
daisy_mamil4,amigo2,1e-06,daisy_mamil4_2_1em6,1,1,749.250088,11,0,0.08211922950352071,0.5299622626652117,2.977302021808295,1.0273892972765932,0,0,0,2,1em6,,0,0,,0
daisy_mamil4,amigo2,1e-06,daisy_mamil4_3_1em6,1,1,575.555996,11,0,0.15021828890835812,0.8887769547222466,4.241867135024992,1.7158446345130027,0,0,0,3,1em6,,0,0,,0
daisy_mamil4,amigo2,1e-06,daisy_mamil4_4_1em6,1,1,1304.153493,11,0,0.00027253835371832125,0.0010467093797004385,0.0032018838893121725,0.0016575942960145203,1,1,1,4,1em6,,0,0,,0
daisy_mamil4,amigo2,1e-06,daisy_mamil4_5_1em6,1,1,1160.77498,11,0,0.5774487114519752,0.8494093019347552,3.5118434697962604,1.3953474489781095,0,0,0,5,1em6,,0,0,,0
daisy_mamil4,amigo2,1e-06,daisy_mamil4_6_1em6,1,1,662.273007,11,0,0.16252205587198063,0.2753767311619605,1.5234720250474452,0.5135320395688834,0,0,0,6,1em6,,0,0,,0
daisy_mamil4,amigo2,1e-06,daisy_mamil4_7_1em6,1,1,1478.103807,11,0,4.474353176249356e-06,2.7493121037360475e-05,0.0001821280407897734,5.93155003206296e-05,1,1,1,7,1em6,,0,0,,0
daisy_mamil4,amigo2,1e-06,daisy_mamil4_8_1em6,1,1,1224.499185,11,0,0.05061405263506165,0.480558428705565,3.4573027419580606,1.0866022321854631,0,0,0,8,1em6,,0,0,,0
daisy_mamil4,amigo2,1e-06,daisy_mamil4_9_1em6,1,1,899.48386,11,0,0.34838096200423035,0.8996054679857022,4.203236472548463,1.645745374187778,0,0,0,9,1em6,,0,0,,0
dc_motor,amigo2,1e-06,dc_motor_0_1em6,1,1,456.508028,4,0,3.981118575884164e-06,4.851422924707346e-06,1.1418779812072346e-05,6.7093082065062e-06,1,1,1,0,1em6,,0,0,,0
dc_motor,amigo2,1e-06,dc_motor_1_1em6,1,1,508.332203,4,0,2.6706988052849235e-07,5.930830182932379e-07,1.813747452563945e-06,9.375935985645193e-07,1,1,1,1,1em6,,0,0,,0
dc_motor,amigo2,1e-06,dc_motor_2_1em6,1,1,594.035606,4,0,1.0738207365277208e-06,1.0353181388517276e-06,1.9887062291307626e-06,1.263887020403142e-06,1,1,1,2,1em6,,0,0,,0
dc_motor,amigo2,1e-06,dc_motor_3_1em6,1,1,496.309887,4,0,3.140870894473717e-06,9.324842707653341e-06,3.096625991871882e-05,1.567898758740629e-05,1,1,1,3,1em6,,0,0,,0
dc_motor,amigo2,1e-06,dc_motor_4_1em6,1,1,641.737955,4,0,4.4799595170648115e-06,6.9865506882041705e-06,1.8949582564486978e-05,1.0331303761295788e-05,1,1,1,4,1em6,,0,0,,0
dc_motor,amigo2,1e-06,dc_motor_5_1em6,1,1,484.540846,4,0,1.2457424503407391e-06,2.1075023252637254e-06,5.882676631009666e-06,3.0829023316918246e-06,1,1,1,5,1em6,,0,0,,0
dc_motor,amigo2,1e-06,dc_motor_6_1em6,1,1,496.078147,4,0,2.250533884968185e-06,2.4309271103216482e-06,5.20471281879585e-06,3.332366950315316e-06,1,1,1,6,1em6,,0,0,,0
dc_motor,amigo2,1e-06,dc_motor_7_1em6,1,1,770.325447,4,0,1.9155921567429456e-06,2.1969950760295833e-06,4.8828658772462385e-06,2.867982102923247e-06,1,1,1,7,1em6,,0,0,,0
dc_motor,amigo2,1e-06,dc_motor_8_1em6,1,1,778.200413,4,0,3.220081595869824e-06,4.792988328791448e-06,1.272727468073467e-05,6.771070855958182e-06,1,1,1,8,1em6,,0,0,,0
dc_motor,amigo2,1e-06,dc_motor_9_1em6,1,1,593.31058,4,0,1.9363055988556308e-07,5.20705217285106e-07,1.6456836434626107e-06,8.371123545253025e-07,1,1,1,9,1em6,,0,0,,0
fitzhugh_nagumo,amigo2,1e-06,fitzhugh_nagumo_0_1em6,1,1,450.78352,5,0,2.119665705741921e-06,0.00015963853158510436,0.0005956632022871952,0.00028076430978921134,1,1,1,0,1em6,,0,0,,0
fitzhugh_nagumo,amigo2,1e-06,fitzhugh_nagumo_1_1em6,1,1,758.496919,5,0,3.5524822670749307e-06,9.013261091917741e-05,0.0003466036291489883,0.0001612420770999075,1,1,1,1,1em6,,0,0,,0
fitzhugh_nagumo,amigo2,1e-06,fitzhugh_nagumo_2_1em6,1,1,694.666151,5,0,7.769012622015814e-05,0.00010147264761336768,0.00027584106970684157,0.00013723501528603498,1,1,1,2,1em6,,0,0,,0
fitzhugh_nagumo,amigo2,1e-06,fitzhugh_nagumo_3_1em6,1,1,698.38841,5,0,2.496508836310169e-06,1.3057706449354277e-05,3.068267395623763e-05,1.9432710394695922e-05,1,1,1,3,1em6,,0,0,,0
fitzhugh_nagumo,amigo2,1e-06,fitzhugh_nagumo_4_1em6,1,1,661.057776,5,0,0.0013701884383838,0.005695234327312767,0.023500178574070534,0.010593395745507632,0,1,1,4,1em6,,0,0,,0
fitzhugh_nagumo,amigo2,1e-06,fitzhugh_nagumo_5_1em6,1,1,555.0364,5,0,3.014256594558754e-05,0.00023933725817864467,0.0006642230107338901,0.0003690476843358425,1,1,1,5,1em6,,0,0,,0
fitzhugh_nagumo,amigo2,1e-06,fitzhugh_nagumo_6_1em6,1,1,585.241192,5,0,1.8153318623304434e-05,0.00012742093682375512,0.00033638231678018317,0.00019367651666923327,1,1,1,6,1em6,,0,0,,0
fitzhugh_nagumo,amigo2,1e-06,fitzhugh_nagumo_7_1em6,1,1,612.528732,5,0,7.919721013168313e-05,0.0003885529038925281,0.0013709743306338333,0.0006465326684173699,1,1,1,7,1em6,,0,0,,0
fitzhugh_nagumo,amigo2,1e-06,fitzhugh_nagumo_8_1em6,1,1,576.712656,5,0,3.040350010482292e-05,3.171575329457305e-05,7.761211120519965e-05,4.185025425687134e-05,1,1,1,8,1em6,,0,0,,0
fitzhugh_nagumo,amigo2,1e-06,fitzhugh_nagumo_9_1em6,1,1,512.716615,5,0,2.0181632740396183e-05,6.570254053083399e-05,0.0002112779234300396,0.00010260443446315779,1,1,1,9,1em6,,0,0,,0
flexible_arm,amigo2,1e-06,flexible_arm_0_1em6,1,1,698.233573,9,0,1.9193411951745317e-05,0.0003149611018401559,0.002569049684115384,0.000858437650230784,1,1,1,0,1em6,,0,0,,0
flexible_arm,amigo2,1e-06,flexible_arm_1_1em6,1,1,713.130942,9,0,4.293096938494884e-05,8.234369433876413e-05,0.0004304835983707958,0.00014907372361990857,1,1,1,1,1em6,,0,0,,0
flexible_arm,amigo2,1e-06,flexible_arm_2_1em6,1,1,711.38072,9,0,7.325647540815646e-05,9.754879001635407e-05,0.0002980088357754783,0.00013538156078353214,1,1,1,2,1em6,,0,0,,0
flexible_arm,amigo2,1e-06,flexible_arm_3_1em6,1,1,717.667544,9,0,2.004918597318261e-05,2.6775491958927992e-05,6.82901639453941e-05,3.538105787593849e-05,1,1,1,3,1em6,,0,0,,0
flexible_arm,amigo2,1e-06,flexible_arm_4_1em6,1,1,722.392593,9,0,1.3167192930902441e-05,5.6391830445107973e-05,0.0002790034441146109,0.00010140707456724614,1,1,1,4,1em6,,0,0,,0
flexible_arm,amigo2,1e-06,flexible_arm_5_1em6,1,1,767.708571,9,0,4.7171915647594075e-05,0.00011236772213237559,0.00038195087947033677,0.00016428782607791267,1,1,1,5,1em6,,0,0,,0
flexible_arm,amigo2,1e-06,flexible_arm_6_1em6,1,1,709.247358,9,0,2.801549449263937e-05,2.8777292013691337e-05,5.109735595412613e-05,3.32653645297998e-05,1,1,1,6,1em6,,0,0,,0
flexible_arm,amigo2,1e-06,flexible_arm_7_1em6,1,1,757.306207,9,0,3.8848031708975904e-05,4.6581903218094094e-05,0.00016525631063313731,6.847626147417971e-05,1,1,1,7,1em6,,0,0,,0
flexible_arm,amigo2,1e-06,flexible_arm_8_1em6,1,1,764.866576,9,0,2.0573782842951346e-05,0.00018479998991245732,0.0010962595581030562,0.0003936379479250818,1,1,1,8,1em6,,0,0,,0
flexible_arm,amigo2,1e-06,flexible_arm_9_1em6,1,1,748.947731,9,0,7.935100848312714e-06,2.9334447922462986e-05,0.00016475638672370103,5.814724962591225e-05,1,1,1,9,1em6,,0,0,,0
forced_lotka_volterra,amigo2,1e-06,forced_lotka_volterra_0_1em6,1,1,507.318423,6,0,1.0456396991197589e-07,1.0479389592134317e-07,1.528317379608941e-07,1.0995715473660703e-07,1,1,1,0,1em6,,0,0,,0
forced_lotka_volterra,amigo2,1e-06,forced_lotka_volterra_1_1em6,1,1,609.015148,6,0,2.5455173945422168e-08,3.2819391667417745e-08,6.978479250402212e-08,4.0601756713462625e-08,1,1,1,1,1em6,,0,0,,0
forced_lotka_volterra,amigo2,1e-06,forced_lotka_volterra_2_1em6,1,1,872.611741,6,0,8.515990031109005e-08,1.303663960769457e-07,3.7091289135075945e-07,1.778442664750061e-07,1,1,1,2,1em6,,0,0,,0
forced_lotka_volterra,amigo2,1e-06,forced_lotka_volterra_3_1em6,1,1,710.411812,6,0,8.116007448248553e-08,1.4303368974229342e-07,3.9480954796930657e-07,1.9462443778842786e-07,1,1,1,3,1em6,,0,0,,0
forced_lotka_volterra,amigo2,1e-06,forced_lotka_volterra_4_1em6,1,1,791.125879,6,0,2.626212328129874e-08,5.7286616949740025e-08,2.0206642231343504e-07,9.025188622197183e-08,1,1,1,4,1em6,,0,0,,0
forced_lotka_volterra,amigo2,1e-06,forced_lotka_volterra_5_1em6,1,1,626.945894,6,0,2.8733749828605346e-08,4.915393342383577e-08,1.1739231166099796e-07,6.349672522983504e-08,1,1,1,5,1em6,,0,0,,0
forced_lotka_volterra,amigo2,1e-06,forced_lotka_volterra_6_1em6,1,1,394.558082,6,0,1.6219095429569676e-07,4.79512350719575e-07,2.3256114331810593e-06,9.576877342976498e-07,1,1,1,6,1em6,,0,0,,0
forced_lotka_volterra,amigo2,1e-06,forced_lotka_volterra_7_1em6,1,1,963.991266,6,0,1.1383500206602126e-07,1.3604514326702554e-07,3.510477472011432e-07,1.7509655889731802e-07,1,1,1,7,1em6,,0,0,,0
forced_lotka_volterra,amigo2,1e-06,forced_lotka_volterra_8_1em6,1,1,720.386134,6,0,1.1661659948367113e-07,1.2857888997089238e-07,2.5475869033389896e-07,1.42907150244402e-07,1,1,1,8,1em6,,0,0,,0
forced_lotka_volterra,amigo2,1e-06,forced_lotka_volterra_9_1em6,1,1,686.378551,6,0,5.8144346763882395e-08,8.158515999599651e-08,2.4652577438793605e-07,1.140693077667746e-07,1,1,1,9,1em6,,0,0,,0
harmonic_oscillator,amigo2,1e-06,harmonic_oscillator_0_1em6,1,1,934.068165,4,0,7.475816360388362e-09,1.8137259571477058e-08,5.282907890296693e-08,2.7047325123025406e-08,1,1,1,0,1em6,,0,0,,0
harmonic_oscillator,amigo2,1e-06,harmonic_oscillator_1_1em6,1,1,984.674745,4,0,1.4602360997083617e-09,1.779107222105948e-09,3.2358954534949338e-09,1.9787447192289375e-09,1,1,1,1,1em6,,0,0,,0
harmonic_oscillator,amigo2,1e-06,harmonic_oscillator_2_1em6,1,1,620.024536,4,0,1.8214651700764867e-10,2.041077596246096e-10,3.098979523044073e-10,2.1433037153004678e-10,1,1,1,2,1em6,,0,0,,0
harmonic_oscillator,amigo2,1e-06,harmonic_oscillator_3_1em6,1,1,924.644555,4,0,5.078177391737563e-10,7.407841319004233e-10,1.7796383285336258e-09,9.675143488729104e-10,1,1,1,3,1em6,,0,0,,0
harmonic_oscillator,amigo2,1e-06,harmonic_oscillator_4_1em6,1,1,759.641674,4,0,1.931602662251453e-08,2.0608277134456035e-08,3.9932354018428066e-08,2.4280457747485165e-08,1,1,1,4,1em6,,0,0,,0
harmonic_oscillator,amigo2,1e-06,harmonic_oscillator_5_1em6,1,1,787.464083,4,0,6.3691810073778055e-09,8.17850086512865e-09,1.5372252787840238e-08,9.278332153080936e-09,1,1,1,5,1em6,,0,0,,0
harmonic_oscillator,amigo2,1e-06,harmonic_oscillator_6_1em6,1,1,542.846073,4,0,4.279541853917451e-08,8.217114205582262e-08,2.397160853009111e-07,1.2434983138912783e-07,1,1,1,6,1em6,,0,0,,0
harmonic_oscillator,amigo2,1e-06,harmonic_oscillator_7_1em6,1,1,836.967037,4,0,1.050575426677134e-09,1.3852046493318998e-09,2.8267885935581766e-09,1.6331766478560408e-09,1,1,1,7,1em6,,0,0,,0
harmonic_oscillator,amigo2,1e-06,harmonic_oscillator_8_1em6,1,1,816.785985,4,0,3.286816727705533e-09,2.0982895069765134e-08,7.722523780106318e-08,3.868570276393747e-08,1,1,1,8,1em6,,0,0,,0
harmonic_oscillator,amigo2,1e-06,harmonic_oscillator_9_1em6,1,1,900.13028,4,0,7.282660412166057e-09,7.4385781724073765e-09,1.1536913916444898e-08,8.127402901051022e-09,1,1,1,9,1em6,,0,0,,0
hiv,amigo2,1e-06,hiv_0_1em6,1,1,531.906017,15,0,5.400355708353599e-05,0.06703912680924375,0.999969027969274,0.25819175806946726,0,0,0,0,1em6,,0,0,,0
hiv,amigo2,1e-06,hiv_1_1em6,1,1,411.010031,15,0,9.639027189471317e-05,0.024827927201773084,0.3594503996814361,0.09282229597694261,0,0,1,1,1em6,,0,0,,0
hiv,amigo2,1e-06,hiv_2_1em6,1,1,464.06366,15,0,4.161195724887583e-05,0.14464974828270447,2.1631450720101952,0.5585222092087812,0,0,0,2,1em6,,0,0,,0
hiv,amigo2,1e-06,hiv_3_1em6,1,1,532.789551,15,0,3.333531813382197e-06,0.005959334685742359,0.08900460268892678,0.022980937958719225,0,1,1,3,1em6,,0,0,,0
hiv,amigo2,1e-06,hiv_4_1em6,1,1,514.150005,15,0,2.5882116498003558e-06,0.01657941186533155,0.24775184941511863,0.06396936048085472,0,0,1,4,1em6,,0,0,,0
hiv,amigo2,1e-06,hiv_5_1em6,1,1,512.970679,15,0,3.776319859786511e-05,0.003782379031516325,0.05508585403267254,0.014225101814325345,0,1,1,5,1em6,,0,0,,1
hiv,amigo2,1e-06,hiv_6_1em6,1,1,591.800688,15,0,2.6401124775497917e-05,0.05728589220146489,0.8531442427213853,0.22028236591520403,0,0,0,6,1em6,,0,0,,0
hiv,amigo2,1e-06,hiv_7_1em6,1,1,690.011564,15,0,1.4476727088339079e-05,0.002214490866223285,0.03150079919553747,0.008140082624446609,0,1,1,7,1em6,,0,0,,0
hiv,amigo2,1e-06,hiv_8_1em6,1,1,575.798446,15,0,6.455332505534378e-05,0.06682891123719152,0.999904761904762,0.2581744801118397,0,0,0,8,1em6,,0,0,,2
hiv,amigo2,1e-06,hiv_9_1em6,1,1,532.718439,15,0,4.7901185889664685e-05,0.06516306688177141,0.9732802472844654,0.25130041060373404,0,0,0,9,1em6,,0,0,,2
lotka_volterra,amigo2,1e-06,lotka_volterra_0_1em6,1,1,358.151954,5,0,1.026472951163903e-06,2.0074408327918406e-06,6.687615873603925e-06,3.13683443575306e-06,1,1,1,0,1em6,,0,0,,0
lotka_volterra,amigo2,1e-06,lotka_volterra_1_1em6,1,1,570.525078,5,0,1.7134614134148696e-07,3.145192011438762e-07,8.88469677945717e-07,4.2613871621463866e-07,1,1,1,1,1em6,,0,0,,0
lotka_volterra,amigo2,1e-06,lotka_volterra_2_1em6,1,1,512.94218,5,0,3.092444763266705e-08,2.6236370736970525e-08,4.4274900875181565e-08,2.93793720141703e-08,1,1,1,2,1em6,,0,0,,0
lotka_volterra,amigo2,1e-06,lotka_volterra_3_1em6,1,1,542.169991,5,0,3.360773017217559e-07,3.427792674810483e-07,7.275838905347813e-07,4.09711269202602e-07,1,1,1,3,1em6,,0,0,,0
lotka_volterra,amigo2,1e-06,lotka_volterra_4_1em6,1,1,546.046931,5,0,2.860800860572426e-07,3.639071794312124e-07,8.121129903917036e-07,4.422353104165277e-07,1,1,1,4,1em6,,0,0,,0
lotka_volterra,amigo2,1e-06,lotka_volterra_5_1em6,1,1,469.41563,5,0,1.3862499633341305e-07,2.286776248903768e-07,5.746852182602706e-07,3.099825765928276e-07,1,1,1,5,1em6,,0,0,,0
lotka_volterra,amigo2,1e-06,lotka_volterra_6_1em6,1,1,401.55592,5,0,3.7374979276752854e-07,4.2284739070751536e-07,7.66016337420859e-07,4.831913169940744e-07,1,1,1,6,1em6,,0,0,,0
lotka_volterra,amigo2,1e-06,lotka_volterra_7_1em6,1,1,744.442815,5,0,1.3077663591375003e-07,1.094309897389351e-07,1.770660840172411e-07,1.2067869647727617e-07,1,1,1,7,1em6,,0,0,,0
lotka_volterra,amigo2,1e-06,lotka_volterra_8_1em6,1,1,610.830106,5,0,1.5900083590540013e-07,2.032260000424002e-07,5.312490393393779e-07,2.6580402985935374e-07,1,1,1,8,1em6,,0,0,,0
lotka_volterra,amigo2,1e-06,lotka_volterra_9_1em6,1,1,653.758174,5,0,9.026421840710824e-08,1.4961595201655038e-07,3.343311620928863e-07,1.7881801785065366e-07,1,1,1,9,1em6,,0,0,,0
mass_spring_damper,amigo2,1e-06,mass_spring_damper_0_1em6,1,1,927.704629,5,0,1.4552664260878744e-07,1.896960967179681e-07,3.971896936725103e-07,2.3454208193575948e-07,1,1,1,0,1em6,,0,0,,0
mass_spring_damper,amigo2,1e-06,mass_spring_damper_1_1em6,1,1,657.426734,5,0,2.0979666606417416e-08,4.4968436284303237e-08,1.3999125932547446e-07,6.685360234193461e-08,1,1,1,1,1em6,,0,0,,0
mass_spring_damper,amigo2,1e-06,mass_spring_damper_2_1em6,1,1,741.236927,5,0,2.988243124696712e-08,1.8592178685855633e-07,7.475491886390259e-07,3.4002578072905476e-07,1,1,1,2,1em6,,0,0,,0
mass_spring_damper,amigo2,1e-06,mass_spring_damper_3_1em6,1,1,490.357994,5,0,3.890019326756297e-08,7.89184860873125e-07,3.815269783096938e-06,1.7065948271850973e-06,1,1,1,3,1em6,,0,0,,0
mass_spring_damper,amigo2,1e-06,mass_spring_damper_4_1em6,1,1,743.979089,5,0,5.014395109143294e-08,5.532010544158027e-08,8.151408801421178e-08,5.815890570400557e-08,1,1,1,4,1em6,,0,0,,0
mass_spring_damper,amigo2,1e-06,mass_spring_damper_5_1em6,1,1,938.345753,5,0,6.391443892207913e-08,1.6077549527383448e-07,4.744363924652407e-07,2.2828266197578486e-07,1,1,1,5,1em6,,0,0,,0
mass_spring_damper,amigo2,1e-06,mass_spring_damper_6_1em6,1,1,730.815115,5,0,2.7525136444681346e-08,7.652693306121182e-08,2.8679968688004884e-07,1.3024160538188095e-07,1,1,1,6,1em6,,0,0,,0
mass_spring_damper,amigo2,1e-06,mass_spring_damper_7_1em6,1,1,1017.910023,5,0,3.63430866921744e-08,1.565744387668401e-07,5.303140369603235e-07,2.542483834012253e-07,1,1,1,7,1em6,,0,0,,0
mass_spring_damper,amigo2,1e-06,mass_spring_damper_8_1em6,1,1,892.045063,5,0,3.0830479725622753e-07,2.2158224041835418e-07,3.712819570804819e-07,2.6093358968856064e-07,1,1,1,8,1em6,,0,0,,0
mass_spring_damper,amigo2,1e-06,mass_spring_damper_9_1em6,1,1,915.113553,5,0,2.757743804720313e-07,3.794001722055959e-07,7.280353375047167e-07,4.7032894760065896e-07,1,1,1,9,1em6,,0,0,,0
quadrotor,amigo2,1e-06,quadrotor_0_1em6,1,1,415.431338,4,0,2.1533293970347026e-07,1.849441225269948e-07,3.0613829917883394e-07,2.2116743253691485e-07,1,1,1,0,1em6,,0,0,,0
quadrotor,amigo2,1e-06,quadrotor_1_1em6,1,1,504.74382,4,0,1.7084183120598188e-07,8.367334020104867e-07,2.8783644302276725e-06,1.4456369025758018e-06,1,1,1,1,1em6,,0,0,,0
quadrotor,amigo2,1e-06,quadrotor_2_1em6,1,1,566.873938,4,0,2.5970344556736303e-07,3.4545805590793293e-07,8.469492311728476e-07,4.6280626342917735e-07,1,1,1,2,1em6,,0,0,,0
quadrotor,amigo2,1e-06,quadrotor_3_1em6,1,1,645.590234,4,0,1.6840751885148206e-06,3.153560167110895e-06,9.126712457551883e-06,4.75332059126584e-06,1,1,1,3,1em6,,0,0,,0
quadrotor,amigo2,1e-06,quadrotor_4_1em6,1,1,592.061782,4,0,6.468936351403849e-07,2.113756410923615e-06,7.040944956120621e-06,3.5562653183950277e-06,1,1,1,4,1em6,,0,0,,0
quadrotor,amigo2,1e-06,quadrotor_5_1em6,1,1,539.646658,4,0,4.894962236490893e-07,1.2652480820314367e-06,3.842467394235069e-06,1.9558359219728107e-06,1,1,1,5,1em6,,0,0,,0
quadrotor,amigo2,1e-06,quadrotor_6_1em6,1,1,473.428558,4,0,6.374725383805105e-07,9.694606168688598e-07,2.4111628134454953e-06,1.3275356597276666e-06,1,1,1,6,1em6,,0,0,,0
quadrotor,amigo2,1e-06,quadrotor_7_1em6,1,1,557.314001,4,0,9.321656692191714e-07,1.1060798808221706e-06,2.5399679000271375e-06,1.5037966762704802e-06,1,1,1,7,1em6,,0,0,,0
quadrotor,amigo2,1e-06,quadrotor_8_1em6,1,1,455.070114,4,0,6.96605668346525e-07,2.2843636079569646e-06,7.68734187292383e-06,3.879136988955965e-06,1,1,1,8,1em6,,0,0,,0
quadrotor,amigo2,1e-06,quadrotor_9_1em6,1,1,558.30015,4,0,1.5391871835841027e-06,3.6004865178612993e-06,1.1050929163008472e-05,5.691754846265315e-06,1,1,1,9,1em6,,0,0,,0
repressilator,amigo2,1e-06,repressilator_0_1em6,1,1,833.539994,9,0,3.031464219244821e-07,4.665566230933117e-07,1.532226116981132e-06,6.719663855189323e-07,1,1,1,0,1em6,,0,0,,0
repressilator,amigo2,1e-06,repressilator_1_1em6,1,1,1018.859373,9,0,1.2358598112274438e-07,5.669066607813027e-07,1.8128708102384542e-06,8.605153334989296e-07,1,1,1,1,1em6,,0,0,,0
repressilator,amigo2,1e-06,repressilator_2_1em6,1,1,1273.212465,9,0,3.004808678966593e-07,9.087665379736079e-07,4.3004102478519e-06,1.6216633581426009e-06,1,1,1,2,1em6,,0,0,,0
repressilator,amigo2,1e-06,repressilator_3_1em6,1,1,922.690838,9,0,4.4476576590294535e-07,1.0555223503657527e-06,4.2305543326060094e-06,1.6963002865969163e-06,1,1,1,3,1em6,,0,0,,0
repressilator,amigo2,1e-06,repressilator_4_1em6,1,1,1157.62553,9,0,1.965597245950976e-07,4.38767872037556e-07,1.4379295582623683e-06,6.429884584276953e-07,1,1,1,4,1em6,,0,0,,0
repressilator,amigo2,1e-06,repressilator_5_1em6,1,1,912.701728,9,0,6.607727801322328e-07,6.569350558072018e-07,1.7148821696011396e-06,8.218793086100966e-07,1,1,1,5,1em6,,0,0,,0
repressilator,amigo2,1e-06,repressilator_6_1em6,1,1,1754.422374,9,0,2.0644195829935002e-07,2.867811682332034e-06,1.9613586705043886e-05,6.740148411363521e-06,1,1,1,6,1em6,,0,0,,0
repressilator,amigo2,1e-06,repressilator_7_1em6,1,1,860.193427,9,0,5.028993808016248e-07,6.661416730647009e-07,1.7575232245616344e-06,8.818048711179081e-07,1,1,1,7,1em6,,0,0,,0
repressilator,amigo2,1e-06,repressilator_8_1em6,1,1,1357.372095,9,0,3.3568184336802085e-07,3.496402342697192e-07,7.685222636975049e-07,4.1372732737267865e-07,1,1,1,8,1em6,,0,0,,0
repressilator,amigo2,1e-06,repressilator_9_1em6,1,1,1342.594554,9,0,3.445966456755959e-07,7.262463213241145e-07,2.6137788689222125e-06,1.086382555720139e-06,1,1,1,9,1em6,,0,0,,0
seir,amigo2,1e-06,seir_0_1em6,1,1,847.506491,7,0,0.4360232406037808,0.34237423195903566,0.773052141640117,0.46943485876084246,0,0,0,0,1em6,,0,0,,0
seir,amigo2,1e-06,seir_1_1em6,1,1,825.773357,7,0,0.0005080504296631954,0.0005778992831900413,0.0015235425133086516,0.0007756893494935597,1,1,1,1,1em6,,0,0,,0
seir,amigo2,1e-06,seir_2_1em6,1,1,987.5225,7,0,0.0002661161034073107,0.0001878443776739654,0.0004011175743197779,0.00024778513925681196,1,1,1,2,1em6,,0,0,,0
seir,amigo2,1e-06,seir_3_1em6,1,1,997.268709,7,0,0.0003777643199304843,0.00023437297879310548,0.0004957503089558195,0.000311762641517085,1,1,1,3,1em6,,0,0,,0
seir,amigo2,1e-06,seir_4_1em6,1,1,723.151671,7,0,0.014839408670293812,0.00945541267453431,0.020038676984846248,0.012527447820426543,0,1,1,4,1em6,,0,0,,0
seir,amigo2,1e-06,seir_5_1em6,1,1,704.316996,7,0,0.7723433634123703,3.048920955868621,13.785064147011276,5.524526961584659,0,0,0,5,1em6,,0,0,,0
seir,amigo2,1e-06,seir_6_1em6,1,1,465.202871,7,0,0.001141686273143703,0.0021420260638463514,0.006916436161234214,0.003146459557756111,1,1,1,6,1em6,,0,0,,0
seir,amigo2,1e-06,seir_7_1em6,1,1,527.479738,7,0,0.42698635741827556,0.45926455257338555,1.2300282528145192,0.642621724934447,0,0,0,7,1em6,,0,0,,0
seir,amigo2,1e-06,seir_8_1em6,1,1,499.206012,7,0,0.2460333197999349,0.21260515838849167,0.5916005133398095,0.292757552380346,0,0,0,8,1em6,,0,0,,0
seir,amigo2,1e-06,seir_9_1em6,1,1,1056.389196,7,0,0.08009788454049734,0.05083416296439435,0.1015901865091759,0.06750495205437987,0,0,1,9,1em6,,0,0,,0
slow_fast,amigo2,1e-06,slow_fast_0_1em6,1,1,329.646217,8,0,1.0546059664578762e-06,2.427649725484569e-06,1.117871820955762e-05,4.246887245083032e-06,1,1,1,0,1em6,,0,0,,0
slow_fast,amigo2,1e-06,slow_fast_1_1em6,1,1,361.311289,8,0,5.570320911570807e-07,9.594660249827444e-07,2.9193651153722715e-06,1.4215860889063132e-06,1,1,1,1,1em6,,0,0,,0
slow_fast,amigo2,1e-06,slow_fast_2_1em6,1,1,420.972118,8,0,3.1443692309063185e-07,5.242347739391672e-07,1.8225870994351018e-06,7.911313900196715e-07,1,1,1,2,1em6,,0,0,,0
slow_fast,amigo2,1e-06,slow_fast_3_1em6,1,1,382.352111,8,0,1.7372063575751365e-05,3.098032025747554e-05,0.00010613806204790725,4.690927151438681e-05,1,1,1,3,1em6,,0,0,,0
slow_fast,amigo2,1e-06,slow_fast_4_1em6,1,1,453.433724,8,0,9.85637147520983e-07,1.000318589091674e-06,2.4409235072463215e-06,1.2411898936275525e-06,1,1,1,4,1em6,,0,0,,0
slow_fast,amigo2,1e-06,slow_fast_5_1em6,1,1,403.923587,8,0,9.84617185102338e-07,1.2383648028996564e-06,4.205535222803428e-06,1.7986144940218658e-06,1,1,1,5,1em6,,0,0,,0
slow_fast,amigo2,1e-06,slow_fast_6_1em6,1,1,452.725901,8,0,5.149283964174767e-07,1.077420716413801e-06,3.2512404779634526e-06,1.619735043249364e-06,1,1,1,6,1em6,,0,0,,0
slow_fast,amigo2,1e-06,slow_fast_7_1em6,1,1,452.304965,8,0,1.329849865893867e-05,1.614337893624591e-05,4.03549423923114e-05,2.3023372674780077e-05,1,1,1,7,1em6,,0,0,,0
slow_fast,amigo2,1e-06,slow_fast_8_1em6,1,1,383.56324,8,0,1.62866261944054e-05,2.6628622564348882e-05,0.00011032162167365747,4.392729991064477e-05,1,1,1,8,1em6,,0,0,,0
slow_fast,amigo2,1e-06,slow_fast_9_1em6,1,1,406.015417,8,0,9.67173956620084e-06,3.0472693327332435e-05,8.416116677508374e-05,4.635704479569798e-05,1,1,1,9,1em6,,0,0,,0
sirt_treatment,amigo2,1e-06,sirt_treatment_0_1em6,1,1,451.781866,9,0,3.5573446619542202e-06,1.534786077409911e-05,9.871953352563287e-05,3.407175570190716e-05,1,1,1,0,1em6,,0,0,,0
sirt_treatment,amigo2,1e-06,sirt_treatment_1_1em6,1,1,610.245103,9,0,4.436152422416068e-07,1.4531298988660202e-06,9.229242804886795e-06,3.143899145276068e-06,1,1,1,1,1em6,,0,0,,0
sirt_treatment,amigo2,1e-06,sirt_treatment_2_1em6,1,1,1031.952996,9,0,4.017959148133402e-06,4.427077640684781e-05,0.00023655281192641023,8.557711756052163e-05,1,1,1,2,1em6,,0,0,,0
sirt_treatment,amigo2,1e-06,sirt_treatment_3_1em6,1,1,965.200636,9,0,1.0162120112049919e-06,8.042693567825093e-06,4.871495560761345e-05,1.6879323562317942e-05,1,1,1,3,1em6,,0,0,,0
sirt_treatment,amigo2,1e-06,sirt_treatment_4_1em6,1,1,535.981429,9,0,1.6026597659599155e-06,4.675536103304973e-06,1.718355992928898e-05,7.5504493554183734e-06,1,1,1,4,1em6,,0,0,,0
sirt_treatment,amigo2,1e-06,sirt_treatment_5_1em6,1,1,1439.031679,9,0,5.932217550604175e-06,1.7857348350067903e-05,7.98870799557795e-05,3.187357313594089e-05,1,1,1,5,1em6,,0,0,,0
sirt_treatment,amigo2,1e-06,sirt_treatment_6_1em6,1,1,1495.637539,9,0,1.867844733122549e-06,1.2005222018094758e-05,5.632777972797036e-05,2.1184159310434923e-05,1,1,1,6,1em6,,0,0,,0
sirt_treatment,amigo2,1e-06,sirt_treatment_7_1em6,1,1,1537.207546,9,0,4.897187614741782e-06,6.378612569776486e-05,0.0003490460450766875,0.0001253177855452981,1,1,1,7,1em6,,0,0,,0
sirt_treatment,amigo2,1e-06,sirt_treatment_8_1em6,1,1,1168.777323,9,0,3.111382730876533e-06,6.124438508721578e-06,1.991763730251376e-05,8.530489225294893e-06,1,1,1,8,1em6,,0,0,,0
sirt_treatment,amigo2,1e-06,sirt_treatment_9_1em6,1,1,1433.170838,9,0,9.425186928371091e-07,8.483554044929345e-06,5.705602505175015e-05,1.931921436854266e-05,1,1,1,9,1em6,,0,0,,0
vanderpol,amigo2,1e-06,vanderpol_0_1em6,1,1,945.62034,4,0,2.962290164050813e-09,1.6204450355059127e-08,5.884108222032635e-08,2.955605884341042e-08,1,1,1,0,1em6,,0,0,,0
vanderpol,amigo2,1e-06,vanderpol_1_1em6,1,1,933.916794,4,0,7.949281332178644e-09,1.0908653981271232e-08,2.7619676997262987e-08,1.4967307189378994e-08,1,1,1,1,1em6,,0,0,,0
vanderpol,amigo2,1e-06,vanderpol_2_1em6,1,1,650.104786,4,0,3.931013619535399e-09,3.657696566003994e-09,5.916254907362454e-09,4.08643420951833e-09,1,1,1,2,1em6,,0,0,,0
vanderpol,amigo2,1e-06,vanderpol_3_1em6,1,1,632.363656,4,0,1.2610123539483508e-08,1.1908645850806888e-08,1.9809314712731476e-08,1.4231399542375713e-08,1,1,1,3,1em6,,0,0,,0
vanderpol,amigo2,1e-06,vanderpol_4_1em6,1,1,753.144284,4,0,2.196413284845502e-09,3.435966969332786e-09,9.172713931766988e-09,4.849453252356628e-09,1,1,1,4,1em6,,0,0,,0
vanderpol,amigo2,1e-06,vanderpol_5_1em6,1,1,467.006293,4,0,1.6960608654924442e-07,2.1826960609459998e-07,5.081664280579937e-07,2.9148509543945977e-07,1,1,1,5,1em6,,0,0,,0
vanderpol,amigo2,1e-06,vanderpol_6_1em6,1,1,1019.377574,4,0,2.0764523976157162e-08,5.2267658888937075e-08,1.635825947288612e-07,8.37934069598647e-08,1,1,1,6,1em6,,0,0,,0
vanderpol,amigo2,1e-06,vanderpol_7_1em6,1,1,815.814866,4,0,3.8235392465456414e-10,1.3407709015350967e-09,4.437035923861762e-09,2.241160204292556e-09,1,1,1,7,1em6,,0,0,,0
vanderpol,amigo2,1e-06,vanderpol_8_1em6,1,1,732.418,4,0,1.7508274614251328e-08,1.7726739976637932e-08,3.568708881132287e-08,2.23806973081395e-08,1,1,1,8,1em6,,0,0,,0
vanderpol,amigo2,1e-06,vanderpol_9_1em6,1,1,806.03409,4,0,2.9118834304499693e-08,3.94949609512596e-07,1.5079436670858524e-06,7.542936807201914e-07,1,1,1,9,1em6,,0,0,,0
aircraft_pitch,amigo2,0.0001,aircraft_pitch_0_1em4,1,1,562.713346,6,1,8.387451133223127e-06,5.499660150222896e-05,0.00029175846210783733,0.00011958543343383302,1,1,1,0,1em4,,0,0,,0
aircraft_pitch,amigo2,0.0001,aircraft_pitch_1_1em4,1,1,645.585004,6,1,2.055092207447229e-06,7.496637185886289e-05,0.00043814686450453994,0.00017889598576293223,1,1,1,1,1em4,,0,0,,0
aircraft_pitch,amigo2,0.0001,aircraft_pitch_2_1em4,1,1,554.439582,6,1,3.932379296078814e-06,9.790303190534574e-05,0.0005657913233488087,0.0002310316264916432,1,1,1,2,1em4,,0,0,,0
aircraft_pitch,amigo2,0.0001,aircraft_pitch_3_1em4,1,1,554.757443,6,1,2.887862077983935e-07,5.1725192354060714e-06,2.979747366077213e-05,1.2167171024257684e-05,1,1,1,3,1em4,,0,0,,0
aircraft_pitch,amigo2,0.0001,aircraft_pitch_4_1em4,1,1,531.345062,6,1,2.302672036814385e-07,1.2124476884005066e-05,6.94112461583731e-05,2.83616214721431e-05,1,1,1,4,1em4,,0,0,,0
aircraft_pitch,amigo2,0.0001,aircraft_pitch_5_1em4,1,1,669.764195,6,1,2.26189334107473e-05,0.005469240038619246,0.032719911443713494,0.013357865654229422,0,1,1,5,1em4,,0,0,,0
aircraft_pitch,amigo2,0.0001,aircraft_pitch_6_1em4,1,1,623.454513,6,1,1.9397593870544784e-06,0.00015283344960832115,0.0009082106860211801,0.00037078085181209327,1,1,1,6,1em4,,0,0,,0
aircraft_pitch,amigo2,0.0001,aircraft_pitch_7_1em4,1,1,598.650447,6,1,1.6492822712774814e-06,7.454653597310622e-06,2.8441988948264915e-05,1.2720039517408153e-05,1,1,1,7,1em4,,0,0,,0
aircraft_pitch,amigo2,0.0001,aircraft_pitch_8_1em4,1,1,668.847168,6,1,1.0045580228871957e-06,3.1526457041290294e-05,0.00018163643447164,7.418704056037469e-05,1,1,1,8,1em4,,0,0,,0
aircraft_pitch,amigo2,0.0001,aircraft_pitch_9_1em4,1,1,611.278589,6,1,2.578528232809682e-06,6.986804783835603e-05,0.0004051595386526252,0.0001654436945661646,1,1,1,9,1em4,,0,0,,0
bicycle_model,amigo2,0.0001,bicycle_model_0_1em4,1,1,453.459757,5,0,4.978440353507265e-06,1.6375581301147962e-05,4.866527412346587e-05,2.4013768908178903e-05,1,1,1,0,1em4,,0,0,,0
bicycle_model,amigo2,0.0001,bicycle_model_1_1em4,1,1,430.530847,5,0,8.895403767378206e-06,7.727825962148454e-06,9.236642135356768e-06,8.108790634648017e-06,1,1,1,1,1em4,,0,0,,0
bicycle_model,amigo2,0.0001,bicycle_model_2_1em4,1,1,487.278807,5,0,2.833148747241301e-06,3.4804407285930278e-06,6.963404689014587e-06,3.9937522677906734e-06,1,1,1,2,1em4,,0,0,,0
bicycle_model,amigo2,0.0001,bicycle_model_3_1em4,1,1,483.693692,5,0,2.682363482752951e-06,5.607208334828136e-05,0.00014975607174311516,8.693490083785047e-05,1,1,1,3,1em4,,0,0,,0
bicycle_model,amigo2,0.0001,bicycle_model_4_1em4,1,1,463.969774,5,0,5.147250703350868e-06,1.7696252032459337e-05,6.415466924228077e-05,2.9249629235659702e-05,1,1,1,4,1em4,,0,0,,0
bicycle_model,amigo2,0.0001,bicycle_model_5_1em4,1,1,469.934397,5,0,1.7273049806306258e-05,2.8000007494276778e-05,5.158989881814023e-05,3.157252623738746e-05,1,1,1,5,1em4,,0,0,,0
bicycle_model,amigo2,0.0001,bicycle_model_6_1em4,1,1,439.409991,5,0,4.2163206170053764e-06,3.7935654188969402e-06,5.854798445225512e-06,4.141518750566714e-06,1,1,1,6,1em4,,0,0,,0
bicycle_model,amigo2,0.0001,bicycle_model_7_1em4,1,1,524.555224,5,0,1.1039049199007548e-06,0.0008164571387151594,0.0027472322359000066,0.0013655837687743422,1,1,1,7,1em4,,0,0,,0
bicycle_model,amigo2,0.0001,bicycle_model_8_1em4,1,1,483.223773,5,0,1.2340599071796844e-05,1.3795525672555199e-05,2.0037780759960297e-05,1.4152588957718303e-05,1,1,1,8,1em4,,0,0,,0
bicycle_model,amigo2,0.0001,bicycle_model_9_1em4,1,1,559.35416,5,0,9.364357756382879e-06,1.137950221267677e-05,1.8136562945972966e-05,1.1974322712943576e-05,1,1,1,9,1em4,,0,0,,0
biohydrogenation,amigo2,0.0001,biohydrogenation_0_1em4,1,1,776.565843,9,1,0.09509079268184636,0.28988830246648367,1.2610802631867148,0.507783276629938,0,0,0,0,1em4,,0,0,,0
biohydrogenation,amigo2,0.0001,biohydrogenation_1_1em4,1,1,704.481998,9,1,0.006641426267159674,0.2886674041071188,1.1258620935791601,0.5248408578878118,0,0,0,1,1em4,,0,0,,0
biohydrogenation,amigo2,0.0001,biohydrogenation_2_1em4,1,1,817.700365,9,1,0.007258039504740374,0.7416164583999625,5.105027485166194,1.742542620443188,0,0,0,2,1em4,,0,0,,0
biohydrogenation,amigo2,0.0001,biohydrogenation_3_1em4,1,1,905.689388,9,1,0.00624442915310346,0.1702826952620283,0.7270130576987662,0.3144271632965128,0,0,0,3,1em4,,0,0,,0
biohydrogenation,amigo2,0.0001,biohydrogenation_4_1em4,1,1,1666.224212,9,1,0.22348650466502118,1.6264402543578216,12.054247019870969,4.0444085522865505,0,0,0,4,1em4,,0,0,,0
biohydrogenation,amigo2,0.0001,biohydrogenation_5_1em4,1,1,961.306505,9,1,0.034494939164592786,1.251828876879121,10.764705882352942,3.5895159130026855,0,0,0,5,1em4,,0,0,,0
biohydrogenation,amigo2,0.0001,biohydrogenation_6_1em4,1,1,632.224489,9,1,0.08817775946672708,2.579234087793824,11.224938875305625,5.01411784166766,0,0,0,6,1em4,,0,0,,0
biohydrogenation,amigo2,0.0001,biohydrogenation_7_1em4,1,1,516.953815,9,1,0.0318554840852958,0.11139907211493304,0.6130218887093057,0.21672412029416038,0,0,0,7,1em4,,0,0,,0
biohydrogenation,amigo2,0.0001,biohydrogenation_8_1em4,1,1,534.697102,9,1,0.028392370555075326,1.9695594485304706,17.484288354898336,5.828273697863358,0,0,0,8,1em4,,0,0,,0
biohydrogenation,amigo2,0.0001,biohydrogenation_9_1em4,1,1,4619.801172,9,1,0.3553764545104694,0.5497850753605612,1.462648524973541,0.7560011256532458,0,0,0,9,1em4,,0,0,,0
boost_converter,amigo2,0.0001,boost_converter_0_1em4,1,1,702.34294,5,0,3.0705235092514118e-06,7.635103842737889e-05,0.0003637656868956999,0.0001627905468287629,1,1,1,0,1em4,,0,0,,0
boost_converter,amigo2,0.0001,boost_converter_1_1em4,1,1,768.90856,5,0,2.8456297582973996e-05,6.981972554588733e-05,0.00023609818126459078,0.00010999093631807422,1,1,1,1,1em4,,0,0,,0
boost_converter,amigo2,0.0001,boost_converter_2_1em4,1,1,708.897402,5,0,1.6343763829500276e-05,0.00010703906317133447,0.0004846700462273895,0.00021709856223658264,1,1,1,2,1em4,,0,0,,0
boost_converter,amigo2,0.0001,boost_converter_3_1em4,1,1,731.541454,5,0,3.1396677796051085e-05,8.769810201333727e-05,0.00033992894254071163,0.00015520960980691106,1,1,1,3,1em4,,0,0,,0
boost_converter,amigo2,0.0001,boost_converter_4_1em4,1,1,712.308634,5,0,1.4095712747672165e-05,7.767318319428372e-05,0.00034669753440372134,0.0001555317355098618,1,1,1,4,1em4,,0,0,,0
boost_converter,amigo2,0.0001,boost_converter_5_1em4,1,1,753.649191,5,0,5.3128430564477955e-05,6.778171263584864e-05,0.0001751432035558624,8.873549263279566e-05,1,1,1,5,1em4,,0,0,,0
boost_converter,amigo2,0.0001,boost_converter_6_1em4,1,1,757.983345,5,0,5.9002066520297315e-06,0.00027820515839028544,0.0013661568797251552,0.0006110268112850122,1,1,1,6,1em4,,0,0,,0
boost_converter,amigo2,0.0001,boost_converter_7_1em4,1,1,741.067638,5,0,3.317385168981516e-05,3.217927324655248e-05,6.30160223666428e-05,3.8539387543156696e-05,1,1,1,7,1em4,,0,0,,0
boost_converter,amigo2,0.0001,boost_converter_8_1em4,1,1,725.513161,5,0,7.022340984303893e-06,1.2397820813130104e-05,3.255023600787899e-05,1.6287923560247134e-05,1,1,1,8,1em4,,0,0,,0
boost_converter,amigo2,0.0001,boost_converter_9_1em4,1,1,718.446114,5,0,2.3311804946052576e-05,6.705719431146395e-05,0.00022919842797528047,0.00010645913720374278,1,1,1,9,1em4,,0,0,,0
brusselator,amigo2,0.0001,brusselator_0_1em4,1,1,500.581645,4,0,0.0002373560170936579,0.00019691700092976986,0.0003104222110821568,0.00023117202043068034,1,1,1,0,1em4,,0,0,,0
brusselator,amigo2,0.0001,brusselator_1_1em4,1,1,550.781295,4,0,0.00034051803378395864,0.0007615750195779651,0.0023642095930716195,0.0012185263009657666,1,1,1,1,1em4,,0,0,,0
brusselator,amigo2,0.0001,brusselator_2_1em4,1,1,608.31021,4,0,0.0022185134952662903,0.002058891795710762,0.0037982779150906986,0.002465842122925042,1,1,1,2,1em4,,0,0,,0
brusselator,amigo2,0.0001,brusselator_3_1em4,1,1,545.521488,4,0,0.0003342510628426319,0.00027425847248945315,0.0004275966719358923,0.00031961693363061325,1,1,1,3,1em4,,0,0,,0
brusselator,amigo2,0.0001,brusselator_4_1em4,1,1,704.264419,4,0,0.0011628833183815193,0.0031012688821830713,0.010078046113708383,0.005160118921659313,0,1,1,4,1em4,,0,0,,0
brusselator,amigo2,0.0001,brusselator_5_1em4,1,1,696.694116,4,0,0.697271532634948,0.6344470267495121,1.1432443868573712,0.7655951858693733,0,0,0,5,1em4,,0,0,,0
brusselator,amigo2,0.0001,brusselator_6_1em4,1,1,738.479327,4,0,1.5843918808518167,1.3613051863587509,2.276436228741137,1.6644247616716559,0,0,0,6,1em4,,0,0,,0
brusselator,amigo2,0.0001,brusselator_7_1em4,1,1,792.68351,4,0,0.06880859575783002,0.22190639781613408,0.7500083454020524,0.37844447816866406,0,0,0,7,1em4,,0,0,,0
brusselator,amigo2,0.0001,brusselator_8_1em4,1,1,789.279784,4,0,0.8670923463458544,6.011683685309264,22.312527567580787,11.173479868110919,0,0,0,8,1em4,,0,0,,0
brusselator,amigo2,0.0001,brusselator_9_1em4,1,1,609.136689,4,0,8.334094258739068e-05,0.00010155294857506763,0.00023807805970689445,0.00013502609527920223,1,1,1,9,1em4,,0,0,,0
crauste,amigo2,0.0001,crauste_0_1em4,1,1,1184.58616,17,0,0.03621238612107297,0.2670045690539779,0.9999872294941133,0.4892933271137423,0,0,0,0,1em4,,0,0,,0
crauste,amigo2,0.0001,crauste_1_1em4,1,1,802.788597,17,0,0.0009741403093781366,0.1429760403098907,1.3304763118703429,0.4039398542748836,0,0,0,1,1em4,,0,0,,1
crauste,amigo2,0.0001,crauste_2_1em4,1,1,511.323929,17,0,0.05741171792808908,2.1332338531328663,21.271714922048996,6.047810128096054,0,0,0,2,1em4,,0,0,,0
crauste,amigo2,0.0001,crauste_3_1em4,1,1,624.853354,17,0,0.016984138066991672,0.17293835438916824,1.2284068388635936,0.38917321170288743,0,0,0,3,1em4,,0,0,,1
crauste,amigo2,0.0001,crauste_4_1em4,1,1,736.344131,17,0,0.004313547854343653,0.11201944841194078,0.9936646953352991,0.29774522217924404,0,0,0,4,1em4,,0,0,,0
crauste,amigo2,0.0001,crauste_5_1em4,1,1,1210.314402,17,0,0.09363614224343843,4.059143391914266,28.49852507374631,9.509427107041796,0,0,0,5,1em4,,0,0,,4
crauste,amigo2,0.0001,crauste_6_1em4,1,1,685.694154,17,0,0.010856499444380751,0.21249920670925082,2.096038593342159,0.5657796345316654,0,0,0,6,1em4,,0,0,,0
crauste,amigo2,0.0001,crauste_7_1em4,1,1,756.398741,17,0,0.0010993746208107437,0.25183213094083184,1.3108020529914908,0.4513689795302365,0,0,0,7,1em4,,0,0,,1
crauste,amigo2,0.0001,crauste_8_1em4,1,1,730.028617,17,0,0.21440640243698372,0.527707594340289,2.2756183520896798,0.8160349943155237,0,0,0,8,1em4,,0,0,,0
crauste,amigo2,0.0001,crauste_9_1em4,1,1,545.597407,17,0,0.006082544455238576,0.6500457333256311,5.735963308646298,1.4871703168233241,0,0,0,9,1em4,,0,0,,1
cstr,amigo2,0.0001,cstr_0_1em4,1,1,548.758185,7,0,0.00016989442825860455,0.6789836067904726,2.7531371960570183,1.1697690071529923,0,0,0,0,1em4,,0,0,,0
cstr,amigo2,0.0001,cstr_1_1em4,1,1,520.302256,7,0,7.431951010759937e-05,1.6589349930959136,10.1731843575419,3.8644014348480145,0,0,0,1,1em4,,0,0,,0
cstr,amigo2,0.0001,cstr_2_1em4,1,1,583.805988,7,0,0.0025303930200871855,0.018643666837153825,0.05497724649083689,0.029550781192906633,0,1,1,2,1em4,,0,0,,0
cstr,amigo2,0.0001,cstr_3_1em4,1,1,550.327646,7,0,1.9923832407205223e-05,10.775281724360635,73.62685577596872,27.83254523951989,0,0,0,3,1em4,,0,0,,0
cstr,amigo2,0.0001,cstr_4_1em4,1,1,713.70845,7,0,0.01668767466764933,0.20873297824261508,0.8055746006676427,0.35616617829057695,0,0,0,4,1em4,,0,0,,0
cstr,amigo2,0.0001,cstr_5_1em4,1,1,710.324336,7,0,0.003624401639582454,1.9588339776689583,12.772105640292112,4.839987136665511,0,0,0,5,1em4,,0,0,,0
cstr,amigo2,0.0001,cstr_6_1em4,1,1,448.195442,7,0,0.00530753830311084,0.10743570281969897,0.46887161153411744,0.19571410366139613,0,0,1,6,1em4,,0,0,,0
cstr,amigo2,0.0001,cstr_7_1em4,1,1,708.151507,7,0,0.0038266350137365636,0.24173827518913074,1.1065830325065225,0.4623674815198297,0,0,0,7,1em4,,0,0,,0
cstr,amigo2,0.0001,cstr_8_1em4,1,1,722.023011,7,0,0.0025192844451252094,0.2000676147156564,0.7240187080701468,0.3304064647839304,0,0,0,8,1em4,,0,0,,0
cstr,amigo2,0.0001,cstr_9_1em4,1,1,701.988797,7,0,0.017247443924630294,1.1348477651104873,6.902986687765531,2.6306439604265743,0,0,0,9,1em4,,0,0,,0
daisy_mamil3,amigo2,0.0001,daisy_mamil3_0_1em4,1,1,600.571495,8,0,0.001329750527683896,0.0044377231873765285,0.016478989943888443,0.007239543141195843,0,1,1,0,1em4,,0,0,,0
daisy_mamil3,amigo2,0.0001,daisy_mamil3_1_1em4,1,1,589.548595,8,0,4.430948445722832e-05,5.0612829602985046e-05,0.00011265115164313472,5.8399923506282325e-05,1,1,1,1,1em4,,0,0,,0
daisy_mamil3,amigo2,0.0001,daisy_mamil3_2_1em4,1,1,441.856351,8,0,0.00010802452190872775,0.00021547875799922379,0.0006937782435958061,0.0003280910632611706,1,1,1,2,1em4,,0,0,,0
daisy_mamil3,amigo2,0.0001,daisy_mamil3_3_1em4,1,1,704.66226,8,0,4.4917114124159806e-05,0.00013241350252624933,0.0005224548175490507,0.00021675882682293865,1,1,1,3,1em4,,0,0,,0
daisy_mamil3,amigo2,0.0001,daisy_mamil3_4_1em4,1,1,620.793866,8,0,0.00018176489296229845,0.00027292555356696823,0.0010214409950095383,0.0004211106670950592,1,1,1,4,1em4,,0,0,,0
daisy_mamil3,amigo2,0.0001,daisy_mamil3_5_1em4,1,1,423.011886,8,0,0.0024294502108140833,0.004263729833776806,0.010233141683392455,0.006178472651753861,0,1,1,5,1em4,,0,0,,0
daisy_mamil3,amigo2,0.0001,daisy_mamil3_6_1em4,1,1,683.683763,8,0,2.6317867894282296e-05,3.3050881342894563e-05,6.493417468644456e-05,3.831323401080739e-05,1,1,1,6,1em4,,0,0,,0
daisy_mamil3,amigo2,0.0001,daisy_mamil3_7_1em4,1,1,501.448281,8,0,0.00012987260354873484,0.0001860019397240216,0.0005823608263240667,0.00025471956083137536,1,1,1,7,1em4,,0,0,,0
daisy_mamil3,amigo2,0.0001,daisy_mamil3_8_1em4,1,1,519.570873,8,0,0.00010523891279632871,9.640800959640344e-05,0.0001798527792294152,0.00011154444620435585,1,1,1,8,1em4,,0,0,,0
daisy_mamil3,amigo2,0.0001,daisy_mamil3_9_1em4,1,1,473.241678,8,0,0.0006080776759069366,0.0023781257868677633,0.01233867742167624,0.004601050442721053,0,1,1,9,1em4,,0,0,,0
daisy_mamil4,amigo2,0.0001,daisy_mamil4_0_1em4,1,1,1372.636486,11,0,0.003174532187299867,0.005821718525570063,0.027698362187491617,0.009807112141839885,0,1,1,0,1em4,,0,0,,0
daisy_mamil4,amigo2,0.0001,daisy_mamil4_1_1em4,1,1,820.782759,11,0,0.22456718409015003,0.205905223022516,0.5690622562641047,0.29128431916219344,0,0,0,1,1em4,,0,0,,0
daisy_mamil4,amigo2,0.0001,daisy_mamil4_2_1em4,1,1,805.513554,11,0,0.0806094342977756,0.530165176726574,2.968156515179007,1.0263961497695973,0,0,0,2,1em4,,0,0,,0
daisy_mamil4,amigo2,0.0001,daisy_mamil4_3_1em4,1,1,664.104093,11,0,0.00021930095709518614,0.017976291693214477,0.09443608821676883,0.03431376877959642,0,1,1,3,1em4,,0,0,,0
daisy_mamil4,amigo2,0.0001,daisy_mamil4_4_1em4,1,1,1528.954253,11,0,0.12641841175604981,0.14070139224489878,0.44455728397653815,0.20616147696036094,0,0,1,4,1em4,,0,0,,0
daisy_mamil4,amigo2,0.0001,daisy_mamil4_5_1em4,1,1,949.855621,11,0,0.011509983789207721,0.058158753760333075,0.3920413142984692,0.12416104067476798,0,0,1,5,1em4,,0,0,,0
daisy_mamil4,amigo2,0.0001,daisy_mamil4_6_1em4,1,1,609.892996,11,0,0.19138387897319156,0.28005278486434243,1.5373912349829852,0.5185955848628659,0,0,0,6,1em4,,0,0,,0
daisy_mamil4,amigo2,0.0001,daisy_mamil4_7_1em4,1,1,1393.117235,11,0,0.2516551920534275,0.3887722629875929,1.6733414360245649,0.6348713685824305,0,0,0,7,1em4,,0,0,,0
daisy_mamil4,amigo2,0.0001,daisy_mamil4_8_1em4,1,1,936.736068,11,0,0.0021233576007341306,0.27511388688694205,1.0766737142117606,0.49247303273578474,0,0,0,8,1em4,,0,0,,0
daisy_mamil4,amigo2,0.0001,daisy_mamil4_9_1em4,1,1,870.112905,11,0,0.3487336494455367,0.8987414945108756,4.192890387063327,1.6429367185544592,0,0,0,9,1em4,,0,0,,0
dc_motor,amigo2,0.0001,dc_motor_0_1em4,1,1,498.107635,4,0,0.00012525155981467863,0.00016819417757075084,0.0004184669029098222,0.0002355248195365387,1,1,1,0,1em4,,0,0,,0
dc_motor,amigo2,0.0001,dc_motor_1_1em4,1,1,528.772318,4,0,4.429405068026747e-05,0.00011622929490446584,0.00036803988932287046,0.00018698938600852132,1,1,1,1,1em4,,0,0,,0
dc_motor,amigo2,0.0001,dc_motor_2_1em4,1,1,545.486069,4,0,0.00046431894758180205,0.0008871727896403922,0.002619319003258649,0.0013531520134173773,1,1,1,2,1em4,,0,0,,0
dc_motor,amigo2,0.0001,dc_motor_3_1em4,1,1,497.252349,4,0,0.00015600903596596838,0.00016203410929243478,0.00033575755169479304,0.00022294431733674397,1,1,1,3,1em4,,0,0,,0
dc_motor,amigo2,0.0001,dc_motor_4_1em4,1,1,460.973858,4,0,0.0005394947761743885,0.0007356891551274876,0.001856855185334988,0.0010658859810474246,1,1,1,4,1em4,,0,0,,0
dc_motor,amigo2,0.0001,dc_motor_5_1em4,1,1,452.012752,4,0,0.0004445430486828614,0.0005268905144940528,0.0012118079266383336,0.0007191094033595341,1,1,1,5,1em4,,0,0,,0
dc_motor,amigo2,0.0001,dc_motor_6_1em4,1,1,514.077214,4,0,2.105300373111125e-05,5.169861904008415e-05,0.00016233951159269825,8.294322984125277e-05,1,1,1,6,1em4,,0,0,,0
dc_motor,amigo2,0.0001,dc_motor_7_1em4,1,1,457.055153,4,0,9.174835962648864e-05,0.00010450871520266978,0.00023366601744504988,0.00013424640143009956,1,1,1,7,1em4,,0,0,,0
dc_motor,amigo2,0.0001,dc_motor_8_1em4,1,1,510.552974,4,0,0.00030393518494277905,0.000330265205830866,0.000710571423641335,0.0004153073565869775,1,1,1,8,1em4,,0,0,,0
dc_motor,amigo2,0.0001,dc_motor_9_1em4,1,1,537.442191,4,0,3.501205523411767e-05,5.113658734643033e-05,0.00013398276241836652,7.394614618444424e-05,1,1,1,9,1em4,,0,0,,0
fitzhugh_nagumo,amigo2,0.0001,fitzhugh_nagumo_0_1em4,1,1,560.538761,5,0,0.0005975521865920261,0.0047888833800099504,0.014572452151634229,0.00749686810639981,0,1,1,0,1em4,,0,0,,0
fitzhugh_nagumo,amigo2,0.0001,fitzhugh_nagumo_1_1em4,1,1,499.459576,5,0,0.00013986002672161568,0.0005863252580381626,0.0022986276997307106,0.0010463366130429954,1,1,1,1,1em4,,0,0,,0
fitzhugh_nagumo,amigo2,0.0001,fitzhugh_nagumo_2_1em4,1,1,386.068516,5,0,0.008463351254234051,0.012038059666001136,0.035109103606576667,0.01700809313508663,0,1,1,2,1em4,,0,0,,0
fitzhugh_nagumo,amigo2,0.0001,fitzhugh_nagumo_3_1em4,1,1,443.615292,5,0,0.0035142923536038992,0.009603448763116734,0.026297187838988677,0.013840423629126557,0,1,1,3,1em4,,0,0,,0
fitzhugh_nagumo,amigo2,0.0001,fitzhugh_nagumo_4_1em4,1,1,528.057502,5,0,0.058832952424348335,0.21040065953057646,0.8687258279388334,0.39156908832178006,0,0,0,4,1em4,,0,0,,0
fitzhugh_nagumo,amigo2,0.0001,fitzhugh_nagumo_5_1em4,1,1,492.551329,5,0,0.00023794361308388147,0.002537495433132904,0.012132327372887016,0.005428370263079208,0,1,1,5,1em4,,0,0,,0
fitzhugh_nagumo,amigo2,0.0001,fitzhugh_nagumo_6_1em4,1,1,494.545212,5,0,0.0018573237569993342,0.0069869391803579605,0.025857832586287533,0.0118998174811554,0,1,1,6,1em4,,0,0,,0
fitzhugh_nagumo,amigo2,0.0001,fitzhugh_nagumo_7_1em4,1,1,525.504631,5,0,0.003874223718827236,0.019910551469934906,0.07356198564536391,0.03414832125026058,0,1,1,7,1em4,,0,0,,0
fitzhugh_nagumo,amigo2,0.0001,fitzhugh_nagumo_8_1em4,1,1,553.891491,5,0,0.004393879086574705,0.01268095826916563,0.04917046535361945,0.022316130912151854,0,1,1,8,1em4,,0,0,,0
fitzhugh_nagumo,amigo2,0.0001,fitzhugh_nagumo_9_1em4,1,1,666.167288,5,0,0.0005124995048358618,0.0025166076668502683,0.010072675414321077,0.004568669136624716,0,1,1,9,1em4,,0,0,,0
flexible_arm,amigo2,0.0001,flexible_arm_0_1em4,1,1,669.393016,9,0,0.0023062718419944823,0.020062272622250472,0.14805752802271907,0.04960214748515235,0,0,1,0,1em4,,0,0,,0
flexible_arm,amigo2,0.0001,flexible_arm_1_1em4,1,1,708.671966,9,0,0.9982091283576172,2.7215532927101767,15.58374792703151,5.365180304954729,0,0,0,1,1em4,,0,0,,0
flexible_arm,amigo2,0.0001,flexible_arm_2_1em4,1,1,712.038974,9,0,0.002904240721679306,0.003519872015315952,0.00994110616882057,0.004403431352342125,1,1,1,2,1em4,,0,0,,0
flexible_arm,amigo2,0.0001,flexible_arm_3_1em4,1,1,715.93102,9,0,0.0011585772348337742,0.0012809665765340075,0.003788067896780574,0.0017430455957882646,1,1,1,3,1em4,,0,0,,0
flexible_arm,amigo2,0.0001,flexible_arm_4_1em4,1,1,716.86559,9,0,0.0027906048650400304,0.0055537003193134316,0.02579851545737047,0.009854286852433138,0,1,1,4,1em4,,0,0,,0
flexible_arm,amigo2,0.0001,flexible_arm_5_1em4,1,1,692.007057,9,0,0.001693205381930409,0.007421374048480716,0.03164781639573706,0.01355278011963261,0,1,1,5,1em4,,0,0,,0
flexible_arm,amigo2,0.0001,flexible_arm_6_1em4,1,1,716.372855,9,0,0.003206919406018644,0.0032587092578180896,0.006285476301910419,0.003980849166128757,1,1,1,6,1em4,,0,0,,0
flexible_arm,amigo2,0.0001,flexible_arm_7_1em4,1,1,716.924287,9,0,0.006340728080902055,0.011965429804356463,0.02919243368890618,0.015837720755924697,0,1,1,7,1em4,,0,0,,0
flexible_arm,amigo2,0.0001,flexible_arm_8_1em4,1,1,712.736195,9,0,0.007089330885795146,0.01979505177103936,0.10997009786880418,0.03821946484072337,0,0,1,8,1em4,,0,0,,0
flexible_arm,amigo2,0.0001,flexible_arm_9_1em4,1,1,717.068119,9,0,0.002241078535865879,0.009079888292126673,0.05465865696492783,0.018921558800048855,0,1,1,9,1em4,,0,0,,0
forced_lotka_volterra,amigo2,0.0001,forced_lotka_volterra_0_1em4,1,1,649.599243,6,0,5.411701635165454e-06,7.2918935639432255e-06,1.758945799813365e-05,8.647173289457969e-06,1,1,1,0,1em4,,0,0,,0
forced_lotka_volterra,amigo2,0.0001,forced_lotka_volterra_1_1em4,1,1,668.998025,6,0,6.912060108846262e-06,1.0207535198235553e-05,2.2369098109835443e-05,1.2859208382973058e-05,1,1,1,1,1em4,,0,0,,0
forced_lotka_volterra,amigo2,0.0001,forced_lotka_volterra_2_1em4,1,1,829.991072,6,0,9.193235157160256e-06,1.3598209993849247e-05,4.0970848141728686e-05,1.8773366795530843e-05,1,1,1,2,1em4,,0,0,,0
forced_lotka_volterra,amigo2,0.0001,forced_lotka_volterra_3_1em4,1,1,617.5185,6,0,3.741277243347687e-06,5.052571108224254e-06,1.067671554921823e-05,6.24960282275013e-06,1,1,1,3,1em4,,0,0,,0
forced_lotka_volterra,amigo2,0.0001,forced_lotka_volterra_4_1em4,1,1,613.581839,6,0,3.469389562578844e-06,4.417861778780914e-06,8.460484623679433e-06,5.301080995914502e-06,1,1,1,4,1em4,,0,0,,0
forced_lotka_volterra,amigo2,0.0001,forced_lotka_volterra_5_1em4,1,1,692.580632,6,0,6.531104531572999e-06,9.001020463197045e-06,1.772441737225046e-05,1.0020154445267443e-05,1,1,1,5,1em4,,0,0,,0
forced_lotka_volterra,amigo2,0.0001,forced_lotka_volterra_6_1em4,1,1,381.671451,6,0,8.311355429492233e-06,3.172398812940513e-05,0.00015683322248128014,6.449419358629e-05,1,1,1,6,1em4,,0,0,,0
forced_lotka_volterra,amigo2,0.0001,forced_lotka_volterra_7_1em4,1,1,803.90969,6,0,1.2618265061018278e-05,3.833092163888076e-05,0.00016872987190813364,7.060437477914647e-05,1,1,1,7,1em4,,0,0,,0
forced_lotka_volterra,amigo2,0.0001,forced_lotka_volterra_8_1em4,1,1,720.720332,6,0,5.682972117919783e-06,6.196842170478236e-06,1.437760317555749e-05,7.5757957853011285e-06,1,1,1,8,1em4,,0,0,,0
forced_lotka_volterra,amigo2,0.0001,forced_lotka_volterra_9_1em4,1,1,586.289349,6,0,1.8698539224681727e-05,2.3636003270723975e-05,6.054382064266095e-05,2.907124837177676e-05,1,1,1,9,1em4,,0,0,,0
harmonic_oscillator,amigo2,0.0001,harmonic_oscillator_0_1em4,1,1,670.985859,4,0,4.7411789536064657e-08,1.2275145343606004e-07,3.8530321380148227e-07,1.9562288481444296e-07,1,1,1,0,1em4,,0,0,,0
harmonic_oscillator,amigo2,0.0001,harmonic_oscillator_1_1em4,1,1,911.103591,4,0,2.794873304719163e-07,2.4887086751873023e-07,3.3085877951025683e-07,2.631800839229192e-07,1,1,1,1,1em4,,0,0,,0
harmonic_oscillator,amigo2,0.0001,harmonic_oscillator_2_1em4,1,1,650.11762,4,0,1.980200798132724e-08,1.9402232814226016e-08,3.0415068969460654e-08,2.1189666039534693e-08,1,1,1,2,1em4,,0,0,,0
harmonic_oscillator,amigo2,0.0001,harmonic_oscillator_3_1em4,1,1,968.60716,4,0,3.046153128750384e-07,2.809641990913518e-07,3.984438232764452e-07,3.041784052981893e-07,1,1,1,3,1em4,,0,0,,0
harmonic_oscillator,amigo2,0.0001,harmonic_oscillator_4_1em4,1,1,647.402848,4,0,3.30910077519321e-07,1.0783830242470392e-06,3.5547232387696474e-06,1.795617854328623e-06,1,1,1,4,1em4,,0,0,,0
harmonic_oscillator,amigo2,0.0001,harmonic_oscillator_5_1em4,1,1,732.800142,4,0,1.1519779431355448e-06,1.0788731209903095e-06,1.7029993961698699e-06,1.188821694571981e-06,1,1,1,5,1em4,,0,0,,0
harmonic_oscillator,amigo2,0.0001,harmonic_oscillator_6_1em4,1,1,587.743766,4,0,1.8595027343569047e-06,1.5943292221306977e-06,2.242789580150053e-06,1.7412119818064077e-06,1,1,1,6,1em4,,0,0,,0
harmonic_oscillator,amigo2,0.0001,harmonic_oscillator_7_1em4,1,1,783.16907,4,0,2.9579521901120746e-08,3.704691541169818e-08,6.496657858778772e-08,4.0492373178473216e-08,1,1,1,7,1em4,,0,0,,0
harmonic_oscillator,amigo2,0.0001,harmonic_oscillator_8_1em4,1,1,749.11493,4,0,9.425970460267075e-07,1.1593697655787871e-06,2.5696204581624645e-06,1.4520719820560738e-06,1,1,1,8,1em4,,0,0,,0
harmonic_oscillator,amigo2,0.0001,harmonic_oscillator_9_1em4,1,1,869.467799,4,0,3.391263951397008e-07,3.6436125006135017e-07,7.543548288669823e-07,4.814326510954237e-07,1,1,1,9,1em4,,0,0,,0
hiv,amigo2,0.0001,hiv_0_1em4,1,1,446.065077,15,0,0.0022513653808918033,0.08336248051533277,0.999981308411215,0.26287399453361693,0,0,0,0,1em4,,0,0,,0
hiv,amigo2,0.0001,hiv_1_1em4,1,1,397.235728,15,0,0.1295674155154612,2.61321107184583,14.085241340433425,5.520962276189396,0,0,0,1,1em4,,0,0,,0
hiv,amigo2,0.0001,hiv_2_1em4,1,1,674.866854,15,0,0.002183576458929633,0.07306285288282811,0.9999632352941176,0.2585310352848348,0,0,0,2,1em4,,0,0,,0
hiv,amigo2,0.0001,hiv_3_1em4,1,1,539.04729,15,0,0.005467960041399394,0.0769827140520009,0.9999769053117783,0.2587744704458094,0,0,0,3,1em4,,0,0,,0
hiv,amigo2,0.0001,hiv_4_1em4,1,1,487.682759,15,0,0.0010581618184879308,0.0676616462073876,0.9999875466998756,0.2582005685459988,0,0,0,4,1em4,,0,0,,0
hiv,amigo2,0.0001,hiv_5_1em4,1,1,604.56669,15,0,0.03331090786303429,0.8708744246382398,10.069818447928764,2.6328070554816194,0,0,0,5,1em4,,0,0,,1
hiv,amigo2,0.0001,hiv_6_1em4,1,1,538.834719,15,0,0.0007618282961234635,0.6941138270273407,10.299435028248588,2.6593329306162756,0,0,0,6,1em4,,0,0,,0
hiv,amigo2,0.0001,hiv_7_1em4,1,1,666.451208,15,0,9.773526828199407e-05,0.08120249251851003,0.9999559471365639,0.26086651641698755,0,0,0,7,1em4,,0,0,,0
hiv,amigo2,0.0001,hiv_8_1em4,1,1,444.113719,15,0,0.004225559526322335,6.337642493135447,94.23809523809524,24.332707449012972,0,0,0,8,1em4,,0,0,,2
hiv,amigo2,0.0001,hiv_9_1em4,1,1,566.94999,15,0,0.0017543978833309015,0.08541230113388537,0.9999723756906077,0.26393697629251434,0,0,0,9,1em4,,0,0,,2
lotka_volterra,amigo2,0.0001,lotka_volterra_0_1em4,1,1,352.885252,5,0,4.3688517461610385e-05,9.616920363519907e-05,0.0003294317811867643,0.0001529381191997838,1,1,1,0,1em4,,0,0,,0
lotka_volterra,amigo2,0.0001,lotka_volterra_1_1em4,1,1,592.687623,5,0,1.6921115522116974e-05,2.6423202405775355e-05,7.831479406618327e-05,3.7219955523969577e-05,1,1,1,1,1em4,,0,0,,0
lotka_volterra,amigo2,0.0001,lotka_volterra_2_1em4,1,1,602.482999,5,0,3.896636784593194e-06,6.159142316327844e-06,1.5138779299209458e-05,7.724359441433887e-06,1,1,1,2,1em4,,0,0,,0
lotka_volterra,amigo2,0.0001,lotka_volterra_3_1em4,1,1,587.907703,5,0,1.2901813870082458e-05,1.446452367243034e-05,3.109188625695099e-05,1.735270909772759e-05,1,1,1,3,1em4,,0,0,,0
lotka_volterra,amigo2,0.0001,lotka_volterra_4_1em4,1,1,466.766314,5,0,7.238833892873528e-05,7.996097303201541e-05,0.00017770068530442568,9.775007911521793e-05,1,1,1,4,1em4,,0,0,,0
lotka_volterra,amigo2,0.0001,lotka_volterra_5_1em4,1,1,385.564739,5,0,5.19080685395562e-06,4.739930656437072e-06,8.449500449586141e-06,5.415315365090569e-06,1,1,1,5,1em4,,0,0,,0
lotka_volterra,amigo2,0.0001,lotka_volterra_6_1em4,1,1,450.750687,5,0,3.9981906629879355e-05,4.03397900472184e-05,7.285696541745294e-05,4.563128688883149e-05,1,1,1,6,1em4,,0,0,,0
lotka_volterra,amigo2,0.0001,lotka_volterra_7_1em4,1,1,720.259361,5,0,6.524846440253055e-05,7.012656274821654e-05,0.00014323041206046834,8.236881722081329e-05,1,1,1,7,1em4,,0,0,,0
lotka_volterra,amigo2,0.0001,lotka_volterra_8_1em4,1,1,620.607375,5,0,3.134552400929122e-05,4.3444659141948325e-05,0.00011086506058407403,5.573951006748997e-05,1,1,1,8,1em4,,0,0,,0
lotka_volterra,amigo2,0.0001,lotka_volterra_9_1em4,1,1,467.770381,5,0,4.581291206035561e-06,7.852444923783882e-06,2.184030303509256e-05,1.0653134407019722e-05,1,1,1,9,1em4,,0,0,,0
mass_spring_damper,amigo2,0.0001,mass_spring_damper_0_1em4,1,1,974.123078,5,0,4.347270765428036e-06,1.0072686504634557e-05,3.2392087847174465e-05,1.5349336276730306e-05,1,1,1,0,1em4,,0,0,,0
mass_spring_damper,amigo2,0.0001,mass_spring_damper_1_1em4,1,1,716.757615,5,0,7.094651906692358e-06,8.65064703988028e-06,2.020212444633866e-05,1.0714833280762824e-05,1,1,1,1,1em4,,0,0,,0
mass_spring_damper,amigo2,0.0001,mass_spring_damper_2_1em4,1,1,706.837759,5,0,2.3771475404081337e-06,8.31157758805297e-06,3.2321682959516385e-05,1.4623295260192674e-05,1,1,1,2,1em4,,0,0,,0
mass_spring_damper,amigo2,0.0001,mass_spring_damper_3_1em4,1,1,673.685886,5,0,5.007350650021831e-06,7.498114367678616e-05,0.00035107332081147014,0.00015714604281197203,1,1,1,3,1em4,,0,0,,0
mass_spring_damper,amigo2,0.0001,mass_spring_damper_4_1em4,1,1,714.580175,5,0,1.7194854428654146e-05,1.9207140495066835e-05,4.967425698176526e-05,2.5281248128641e-05,1,1,1,4,1em4,,0,0,,0
mass_spring_damper,amigo2,0.0001,mass_spring_damper_5_1em4,1,1,901.604312,5,0,2.981651347795847e-06,8.98028149070359e-06,2.4621904581327636e-05,1.2604508944338733e-05,1,1,1,5,1em4,,0,0,,0
mass_spring_damper,amigo2,0.0001,mass_spring_damper_6_1em4,1,1,635.957608,5,0,1.2677083109808978e-06,9.815342458551697e-06,4.434145563743163e-05,1.986950494654012e-05,1,1,1,6,1em4,,0,0,,0
mass_spring_damper,amigo2,0.0001,mass_spring_damper_7_1em4,1,1,1157.441896,5,0,1.1437197609622173e-05,1.4835624399415294e-05,2.9612228485303466e-05,1.8511128023635505e-05,1,1,1,7,1em4,,0,0,,0
mass_spring_damper,amigo2,0.0001,mass_spring_damper_8_1em4,1,1,793.222028,5,0,1.25684603073375e-05,4.560631815479991e-05,0.00018725665411465956,8.451495340472028e-05,1,1,1,8,1em4,,0,0,,0
mass_spring_damper,amigo2,0.0001,mass_spring_damper_9_1em4,1,1,972.322888,5,0,1.2021546911281927e-05,1.6600534946549724e-05,3.061030278566911e-05,1.9487586828883692e-05,1,1,1,9,1em4,,0,0,,0
quadrotor,amigo2,0.0001,quadrotor_0_1em4,1,1,486.280125,4,0,3.634215609018102e-05,5.128198864806154e-05,0.00012766804455414382,6.88539828359743e-05,1,1,1,0,1em4,,0,0,,0
quadrotor,amigo2,0.0001,quadrotor_1_1em4,1,1,555.925614,4,0,3.6972802137475336e-05,0.00018039948540575956,0.0006313334856659754,0.0003169885343261034,1,1,1,1,1em4,,0,0,,0
quadrotor,amigo2,0.0001,quadrotor_2_1em4,1,1,481.16024,4,0,4.0430773957616926e-05,4.328773004419634e-05,8.314763477824381e-05,5.0662767503938615e-05,1,1,1,2,1em4,,0,0,,0
quadrotor,amigo2,0.0001,quadrotor_3_1em4,1,1,666.888956,4,0,0.00011186260306666387,0.00015965632190061434,0.0004119576707409787,0.00022863504010417566,1,1,1,3,1em4,,0,0,,0
quadrotor,amigo2,0.0001,quadrotor_4_1em4,1,1,581.766087,4,0,2.591298744996614e-05,7.398364313201174e-05,0.00024301799554714317,0.00012374941239740985,1,1,1,4,1em4,,0,0,,0
quadrotor,amigo2,0.0001,quadrotor_5_1em4,1,1,553.783047,4,0,6.74898620631285e-05,0.000100944382473388,0.00026673640432238303,0.00014465802988776504,1,1,1,5,1em4,,0,0,,0
quadrotor,amigo2,0.0001,quadrotor_6_1em4,1,1,465.009977,4,0,0.0001341224443868679,0.00018074935534543666,0.000427450242755867,0.00023757774291967686,1,1,1,6,1em4,,0,0,,0
quadrotor,amigo2,0.0001,quadrotor_7_1em4,1,1,559.608285,4,0,6.908303715462236e-05,8.813335621129785e-05,0.00020766897343118786,0.00012234733632080508,1,1,1,7,1em4,,0,0,,0
quadrotor,amigo2,0.0001,quadrotor_8_1em4,1,1,444.214926,4,0,5.259519324946586e-05,0.0001514519602228595,0.000496166393453175,0.00025165162546165635,1,1,1,8,1em4,,0,0,,0
quadrotor,amigo2,0.0001,quadrotor_9_1em4,1,1,653.273671,4,0,8.188695961628187e-05,0.00032718983286251206,0.0011254207402780561,0.0005661735394154029,1,1,1,9,1em4,,0,0,,0
repressilator,amigo2,0.0001,repressilator_0_1em4,1,1,773.545697,9,0,1.399504473338195e-05,6.490170844561838e-05,0.00021354429417176082,0.00010130602437540123,1,1,1,0,1em4,,0,0,,0
repressilator,amigo2,0.0001,repressilator_1_1em4,1,1,1197.378545,9,0,1.430009307998515e-05,3.48968919284513e-05,0.00010032634863770746,5.187460436129677e-05,1,1,1,1,1em4,,0,0,,0
repressilator,amigo2,0.0001,repressilator_2_1em4,1,1,1292.177888,9,0,7.770059519003627e-05,0.00012652255038347903,0.0005193253600301729,0.00020195164284919035,1,1,1,2,1em4,,0,0,,0
repressilator,amigo2,0.0001,repressilator_3_1em4,1,1,776.516768,9,0,8.479666697047512e-06,3.952072767278393e-05,0.00023654911793150423,8.196031982651387e-05,1,1,1,3,1em4,,0,0,,0
repressilator,amigo2,0.0001,repressilator_4_1em4,1,1,1318.310534,9,0,5.623152122302312e-05,7.1769462444799e-05,0.00022215972262793328,0.00010252536424417169,1,1,1,4,1em4,,0,0,,0
repressilator,amigo2,0.0001,repressilator_5_1em4,1,1,1369.483177,9,0,5.0043424018042515e-05,4.898132081631814e-05,0.00013500861866513428,6.217515124389006e-05,1,1,1,5,1em4,,0,0,,0
repressilator,amigo2,0.0001,repressilator_6_1em4,1,1,1741.492802,9,0,5.896735026122125e-05,0.00033187856001090567,0.001949181175527145,0.0006933336812670991,1,1,1,6,1em4,,0,0,,0
repressilator,amigo2,0.0001,repressilator_7_1em4,1,1,821.438782,9,0,6.803236444645705e-05,0.0001524908833944054,0.00037487014272496154,0.00021477410775497076,1,1,1,7,1em4,,0,0,,0
repressilator,amigo2,0.0001,repressilator_8_1em4,1,1,1975.155394,9,0,6.0678393175888085e-05,0.00013252730390574057,0.0007130780523924158,0.00024951958996671905,1,1,1,8,1em4,,0,0,,0
repressilator,amigo2,0.0001,repressilator_9_1em4,1,1,1312.506602,9,0,8.128621638193876e-05,0.00011216440511822143,0.0004370380665685075,0.00017139846727915037,1,1,1,9,1em4,,0,0,,0
seir,amigo2,0.0001,seir_0_1em4,1,1,922.673861,7,0,0.43602407042446123,0.3427019303023774,0.7746374904261707,0.4698774255679701,0,0,0,0,1em4,,0,0,,0
seir,amigo2,0.0001,seir_1_1em4,1,1,952.536595,7,0,0.7341623677156551,1.3669962775059745,4.067741230862835,2.010943254555906,0,0,0,1,1em4,,0,0,,0
seir,amigo2,0.0001,seir_2_1em4,1,1,1004.106474,7,0,0.2648049196058512,0.1834341738145084,0.3856562164872745,0.2448801650084584,0,0,1,2,1em4,,0,0,,0
seir,amigo2,0.0001,seir_3_1em4,1,1,1097.65798,7,0,0.03258898446419895,0.02090100347134293,0.04413579112573741,0.027663398377691203,0,1,1,3,1em4,,0,0,,0
seir,amigo2,0.0001,seir_4_1em4,1,1,462.511209,7,0,0.004124078875605188,0.008473868159972505,0.024688396891434854,0.01286125382811275,0,1,1,4,1em4,,0,0,,0
seir,amigo2,0.0001,seir_5_1em4,1,1,553.533166,7,0,0.7717837430068755,3.03692376876445,13.729751079309539,5.502215524258342,0,0,0,5,1em4,,0,0,,0
seir,amigo2,0.0001,seir_6_1em4,1,1,419.220242,7,0,0.3401265090472723,1.334712915016779,6.4214991532400845,2.5258898953119546,0,0,0,6,1em4,,0,0,,0
seir,amigo2,0.0001,seir_7_1em4,1,1,558.237356,7,0,0.21901609179282122,0.2559622150760334,0.6100989527375387,0.33770734548106285,0,0,0,7,1em4,,0,0,,0
seir,amigo2,0.0001,seir_8_1em4,1,1,425.483464,7,0,0.5608261553543417,0.7578995182661546,2.3146100767870186,1.127168319976199,0,0,0,8,1em4,,0,0,,0
seir,amigo2,0.0001,seir_9_1em4,1,1,1083.400219,7,0,0.02214694022415652,0.013912543082304187,0.025151424427973364,0.018054625783948296,0,1,1,9,1em4,,0,0,,0
slow_fast,amigo2,0.0001,slow_fast_0_1em4,1,1,300.850116,8,0,0.00033050852854925897,0.00043884945366247017,0.0013537540682679243,0.0006421890968089333,1,1,1,0,1em4,,0,0,,0
slow_fast,amigo2,0.0001,slow_fast_1_1em4,1,1,303.249921,8,0,5.891615961979154e-05,0.00013132024195698048,0.00040055237438543003,0.0001979681087956259,1,1,1,1,1em4,,0,0,,0
slow_fast,amigo2,0.0001,slow_fast_2_1em4,1,1,329.405929,8,0,0.0001220919399327187,0.00029936977076452183,0.0012709198223260995,0.0005095717384586032,1,1,1,2,1em4,,0,0,,0
slow_fast,amigo2,0.0001,slow_fast_3_1em4,1,1,456.732719,8,0,0.00031839226687140786,0.000630348488533472,0.002165949257386633,0.0009657562351005367,1,1,1,3,1em4,,0,0,,0
slow_fast,amigo2,0.0001,slow_fast_4_1em4,1,1,426.897796,8,0,0.00012410734224640654,0.00012905288120505803,0.0002658230898547928,0.00016122084577820233,1,1,1,4,1em4,,0,0,,0
slow_fast,amigo2,0.0001,slow_fast_5_1em4,1,1,426.209285,8,0,0.20689309405979356,0.19871979824646682,0.6118088481587952,0.2794391048857712,0,0,0,5,1em4,,0,0,,0
slow_fast,amigo2,0.0001,slow_fast_6_1em4,1,1,370.160299,8,0,1.676975889944318e-05,2.9088169293054774e-05,0.0001242242230019286,4.790072200041703e-05,1,1,1,6,1em4,,0,0,,0
slow_fast,amigo2,0.0001,slow_fast_7_1em4,1,1,416.162325,8,0,0.0007763283002917662,0.000980133790491129,0.002445062724041896,0.00140528633035371,1,1,1,7,1em4,,0,0,,0
slow_fast,amigo2,0.0001,slow_fast_8_1em4,1,1,339.933837,8,0,0.000895873656450221,0.0014211926318019922,0.005871828123720347,0.002336607885987888,1,1,1,8,1em4,,0,0,,0
slow_fast,amigo2,0.0001,slow_fast_9_1em4,1,1,336.802576,8,0,0.0008795549974120883,0.0022931774970052967,0.006208768887444076,0.0034445994015291823,1,1,1,9,1em4,,0,0,,0
sirt_treatment,amigo2,0.0001,sirt_treatment_0_1em4,1,1,484.5922,9,0,0.00013363659918038127,0.0016063299075089238,0.01221721377285507,0.004095235785183308,0,1,1,0,1em4,,0,0,,0
sirt_treatment,amigo2,0.0001,sirt_treatment_1_1em4,1,1,635.918653,9,0,6.3134973931909e-05,0.00031333463281214526,0.0022158404079376526,0.0007471648060587272,1,1,1,1,1em4,,0,0,,0
sirt_treatment,amigo2,0.0001,sirt_treatment_2_1em4,1,1,946.485756,9,0,0.00013239206674399163,0.005415980423409845,0.029987498513856577,0.010741742386513235,0,1,1,2,1em4,,0,0,,0
sirt_treatment,amigo2,0.0001,sirt_treatment_3_1em4,1,1,976.438304,9,0,0.0001654027711530808,0.002446812728688077,0.014554426124627255,0.005105549238119042,0,1,1,3,1em4,,0,0,,0
sirt_treatment,amigo2,0.0001,sirt_treatment_4_1em4,1,1,391.432114,9,0,4.168757868398017e-05,0.00028033325991064033,0.0014075813600191722,0.0005187731967325406,1,1,1,4,1em4,,0,0,,0
sirt_treatment,amigo2,0.0001,sirt_treatment_5_1em4,1,1,1258.856521,9,0,0.0015717400622574519,0.0034080742623886604,0.014132000101560181,0.005813122548151784,0,1,1,5,1em4,,0,0,,0
sirt_treatment,amigo2,0.0001,sirt_treatment_6_1em4,1,1,1575.929922,9,0,3.065564765206977e-05,0.0002209154671310774,0.0006451991167739531,0.0003343439797707808,1,1,1,6,1em4,,0,0,,0
sirt_treatment,amigo2,0.0001,sirt_treatment_7_1em4,1,1,1644.286385,9,0,0.00019242073632198424,0.003054857804215227,0.016412222224301016,0.005920796011161911,0,1,1,7,1em4,,0,0,,0
sirt_treatment,amigo2,0.0001,sirt_treatment_8_1em4,1,1,1187.461859,9,0,0.0003993187783532459,0.0006149591877855957,0.00148505500695031,0.000828146927401478,1,1,1,8,1em4,,0,0,,0
sirt_treatment,amigo2,0.0001,sirt_treatment_9_1em4,1,1,1137.711927,9,0,0.0007791598379354266,0.0026617059176366415,0.015323246064626105,0.005343384451971646,0,1,1,9,1em4,,0,0,,0
vanderpol,amigo2,0.0001,vanderpol_0_1em4,1,1,986.637267,4,0,3.9955241535579706e-07,1.0780262907317318e-06,3.456865147551861e-06,1.754599490754951e-06,1,1,1,0,1em4,,0,0,,0
vanderpol,amigo2,0.0001,vanderpol_1_1em4,1,1,1041.440252,4,0,4.4309326954785115e-07,4.874601011598008e-07,9.68178583024827e-07,5.8710389187119e-07,1,1,1,1,1em4,,0,0,,0
vanderpol,amigo2,0.0001,vanderpol_2_1em4,1,1,732.836408,4,0,7.837381196676531e-07,8.425914680571442e-07,1.4638589485881628e-06,9.338041782577378e-07,1,1,1,2,1em4,,0,0,,0
vanderpol,amigo2,0.0001,vanderpol_3_1em4,1,1,606.616087,4,0,1.5898383896137106e-06,1.898693168155345e-06,4.065558590062969e-06,2.413352258829112e-06,1,1,1,3,1em4,,0,0,,0
vanderpol,amigo2,0.0001,vanderpol_4_1em4,1,1,746.396806,4,0,2.411740053735529e-07,4.371475874151125e-07,1.2366380892891448e-06,6.420021832566006e-07,1,1,1,4,1em4,,0,0,,0
vanderpol,amigo2,0.0001,vanderpol_5_1em4,1,1,369.366553,4,0,7.38418511403587e-06,8.558255130339949e-06,1.520672516288811e-05,9.525386909469378e-06,1,1,1,5,1em4,,0,0,,0
vanderpol,amigo2,0.0001,vanderpol_6_1em4,1,1,769.634756,4,0,1.1825581542892739e-07,5.7492788879184e-07,2.046340039293631e-06,1.027353773063444e-06,1,1,1,6,1em4,,0,0,,0
vanderpol,amigo2,0.0001,vanderpol_7_1em4,1,1,659.43248,4,0,9.419763574502507e-08,1.604653357477255e-07,4.3110184681320146e-07,2.2750114820164482e-07,1,1,1,7,1em4,,0,0,,0
vanderpol,amigo2,0.0001,vanderpol_8_1em4,1,1,770.214063,4,0,8.147143294262056e-07,3.457362487368823e-06,1.2120090673508408e-05,6.10940528188094e-06,1,1,1,8,1em4,,0,0,,0
vanderpol,amigo2,0.0001,vanderpol_9_1em4,1,1,887.75894,4,0,2.56224767563221e-06,2.4958234145536056e-05,9.293310015451657e-05,4.651078310791066e-05,1,1,1,9,1em4,,0,0,,0
aircraft_pitch,amigo2,0.01,aircraft_pitch_0_1em2,1,1,619.963918,6,1,0.0003224868875818857,0.001987218086380406,0.009967825325214775,0.0041073415523165254,1,1,1,0,1em2,,0,0,,0
aircraft_pitch,amigo2,0.01,aircraft_pitch_1_1em2,1,1,609.743066,6,1,0.0006283926921919014,0.005970928967791419,0.03320476876322082,0.013572081763823227,0,1,1,1,1em2,,0,0,,0
aircraft_pitch,amigo2,0.01,aircraft_pitch_2_1em2,1,1,564.906997,6,1,0.00028287013880573547,0.007799730737692683,0.04566388007588163,0.018644042240966135,0,1,1,2,1em2,,0,0,,0
aircraft_pitch,amigo2,0.01,aircraft_pitch_3_1em2,1,1,580.910374,6,1,3.331698580463266e-05,0.0004485459146523877,0.0025452992220361633,0.001039481694955186,1,1,1,3,1em2,,0,0,,0
aircraft_pitch,amigo2,0.01,aircraft_pitch_4_1em2,1,1,570.342455,6,1,4.345537785173821e-06,0.00010506794459907435,0.00045409190822076617,0.0001970690906335699,1,1,1,4,1em2,,0,0,,0
aircraft_pitch,amigo2,0.01,aircraft_pitch_5_1em2,1,1,650.485928,6,1,0.0005447131764282746,0.1670401126632078,0.9999253731343283,0.40821814452469163,0,0,0,5,1em2,,0,0,,0
aircraft_pitch,amigo2,0.01,aircraft_pitch_6_1em2,1,1,556.990444,6,1,0.00018922386006251744,0.02662719166200989,0.15849957475132392,0.06470834576085649,0,0,1,6,1em2,,0,0,,0
aircraft_pitch,amigo2,0.01,aircraft_pitch_7_1em2,1,1,463.785157,6,1,0.0005644568238602533,0.020803028471081623,0.12211858719105943,0.04985834822825336,0,0,1,7,1em2,,0,0,,0
aircraft_pitch,amigo2,0.01,aircraft_pitch_8_1em2,1,1,494.460107,6,1,0.0006722015563634949,0.02464773451780868,0.14392870559524604,0.05876517658860892,0,0,1,8,1em2,,0,0,,0
aircraft_pitch,amigo2,0.01,aircraft_pitch_9_1em2,1,1,464.024855,6,1,0.00019140925744436723,0.007802501412862871,0.04583084439895678,0.01871231617501031,0,1,1,9,1em2,,0,0,,0
bicycle_model,amigo2,0.01,bicycle_model_0_1em2,1,1,510.299746,5,0,0.00017735494845350086,0.0012890409152779812,0.0036630412390010214,0.0019310224934949564,1,1,1,0,1em2,,0,0,,0
bicycle_model,amigo2,0.01,bicycle_model_1_1em2,1,1,465.353025,5,0,0.0005106677082676811,0.0004315529351978967,0.0006308239400356033,0.00048436511411781616,1,1,1,1,1em2,,0,0,,0
bicycle_model,amigo2,0.01,bicycle_model_2_1em2,1,1,455.229422,5,0,0.00020361365945108947,0.0003208404269036564,0.0009529223880548395,0.00045306201289448106,1,1,1,2,1em2,,0,0,,0
bicycle_model,amigo2,0.01,bicycle_model_3_1em2,1,1,547.400515,5,0,0.0008855541207651186,0.007659739947701108,0.023043399502575498,0.011843773608471804,0,1,1,3,1em2,,0,0,,0
bicycle_model,amigo2,0.01,bicycle_model_4_1em2,1,1,455.574635,5,0,0.0004923177598495929,0.0024491938307835866,0.009871727896721508,0.0044522350725044475,1,1,1,4,1em2,,0,0,,0
bicycle_model,amigo2,0.01,bicycle_model_5_1em2,1,1,523.503501,5,0,0.0006124413242849498,0.001799173890640144,0.006804651151058359,0.0030837572310237838,1,1,1,5,1em2,,0,0,,0
bicycle_model,amigo2,0.01,bicycle_model_6_1em2,1,1,520.980271,5,0,6.255285861000939e-05,0.0003542906073181089,0.0014281118293153216,0.0006459567928604377,1,1,1,6,1em2,,0,0,,0
bicycle_model,amigo2,0.01,bicycle_model_7_1em2,1,1,451.566846,5,0,0.001126004912200982,0.007625223685403542,0.030035320235666803,0.013632651489374517,0,1,1,7,1em2,,0,0,,0
bicycle_model,amigo2,0.01,bicycle_model_8_1em2,1,1,462.100335,5,0,0.000754956255239588,0.0022717202061478424,0.005332592746794668,0.0029879697087455102,1,1,1,8,1em2,,0,0,,0
bicycle_model,amigo2,0.01,bicycle_model_9_1em2,1,1,563.545688,5,0,0.0005051656851110574,0.0006092440522970219,0.000999832721242038,0.0006439185393279205,1,1,1,9,1em2,,0,0,,0
biohydrogenation,amigo2,0.01,biohydrogenation_0_1em2,1,1,998.834025,9,1,0.029436192667576317,0.5340668075321214,3.170308295642164,1.1219892041274437,0,0,0,0,1em2,,0,0,,0
biohydrogenation,amigo2,0.01,biohydrogenation_1_1em2,1,1,664.67353,9,1,0.005386954353123384,4.897140508902577,42.66811063379335,14.227010593412396,0,0,0,1,1em2,,0,0,,0
biohydrogenation,amigo2,0.01,biohydrogenation_2_1em2,1,1,1529.800611,9,1,0.2750069178469158,0.7934035267148988,4.258229984656172,1.5041896536961967,0,0,0,2,1em2,,0,0,,0
biohydrogenation,amigo2,0.01,biohydrogenation_3_1em2,1,1,981.404418,9,1,0.1557761351665095,3.2619065327553507,16.793594306049823,6.831317528656429,0,0,0,3,1em2,,0,0,,0
biohydrogenation,amigo2,0.01,biohydrogenation_4_1em2,1,1,1129.347913,9,1,0.4055367930593041,1.3326564293382306,9.270827138957852,3.124915152275393,0,0,0,4,1em2,,0,0,,0
biohydrogenation,amigo2,0.01,biohydrogenation_5_1em2,1,1,1129.229027,9,1,0.03147455487356277,1.3691046556764572,10.764701176974418,3.6065594393131986,0,0,0,5,1em2,,0,0,,0
biohydrogenation,amigo2,0.01,biohydrogenation_6_1em2,1,1,4012.97531,9,1,0.0380594977625084,4.123243206404677,24.188916876574307,9.106619899897277,0,0,0,6,1em2,,0,0,,0
biohydrogenation,amigo2,0.01,biohydrogenation_7_1em2,1,1,788.415235,9,1,0.3282605838395543,0.7233124914628559,3.647571698103403,1.3133126357500275,0,0,0,7,1em2,,0,0,,0
biohydrogenation,amigo2,0.01,biohydrogenation_8_1em2,1,1,509.858719,9,1,0.16759730586944502,2.5194739156912154,17.484288354898336,5.945805485695077,0,0,0,8,1em2,,0,0,,0
biohydrogenation,amigo2,0.01,biohydrogenation_9_1em2,1,1,947.245047,9,1,0.02021192285826595,2.2955392040927842,13.064697609001406,4.824120591047034,0,0,0,9,1em2,,0,0,,0
boost_converter,amigo2,0.01,boost_converter_0_1em2,1,1,668.609642,5,0,0.0036680505055526075,0.0034827125711798675,0.006092371603389963,0.0039841380169408505,1,1,1,0,1em2,,0,0,,0
boost_converter,amigo2,0.01,boost_converter_1_1em2,1,1,723.49183,5,0,0.0014818099856158432,0.009241440128458286,0.04148541740691082,0.01859021148270367,0,1,1,1,1em2,,0,0,,0
boost_converter,amigo2,0.01,boost_converter_2_1em2,1,1,716.771826,5,0,0.005055343499631759,0.010207965624877255,0.03363225552289114,0.015803199036260235,0,1,1,2,1em2,,0,0,,0
boost_converter,amigo2,0.01,boost_converter_3_1em2,1,1,702.032693,5,0,0.0017122087789905806,0.005409672789242091,0.020537148642990232,0.009354307285914435,0,1,1,3,1em2,,0,0,,0
boost_converter,amigo2,0.01,boost_converter_4_1em2,1,1,718.449174,5,0,0.0008093459211919174,0.007501224122893742,0.032425242761199215,0.014582325878990708,0,1,1,4,1em2,,0,0,,0
boost_converter,amigo2,0.01,boost_converter_5_1em2,1,1,713.757483,5,0,0.004341952073624913,0.013095207704225781,0.037383748261125505,0.01906644728958237,0,1,1,5,1em2,,0,0,,0
boost_converter,amigo2,0.01,boost_converter_6_1em2,1,1,705.792092,5,0,0.0018470151340780306,0.011921817718223572,0.05407651326586133,0.024225415423501914,0,1,1,6,1em2,,0,0,,0
boost_converter,amigo2,0.01,boost_converter_7_1em2,1,1,719.05939,5,0,0.002580360011553007,0.0035025618568096037,0.008896185196130767,0.004653856555719953,1,1,1,7,1em2,,0,0,,0
boost_converter,amigo2,0.01,boost_converter_8_1em2,1,1,719.323671,5,0,0.0012820563411016363,0.010026725284547962,0.046190893075479904,0.020693620923281166,0,1,1,8,1em2,,0,0,,0
boost_converter,amigo2,0.01,boost_converter_9_1em2,1,1,719.311097,5,0,0.004497196832254348,0.027319170155812523,0.12179356666599817,0.05462459747145522,0,0,1,9,1em2,,0,0,,0
brusselator,amigo2,0.01,brusselator_0_1em2,1,1,363.281325,4,0,0.009966376807913593,0.00966170162787186,0.01857785271730762,0.012185145533288293,0,1,1,0,1em2,,0,0,,0
brusselator,amigo2,0.01,brusselator_1_1em2,1,1,655.61255,4,0,0.08816462297575328,0.11604772196997382,0.287708349071482,0.1622956356015655,0,0,1,1,1em2,,0,0,,0
brusselator,amigo2,0.01,brusselator_2_1em2,1,1,608.636002,4,0,0.3932265777681038,0.37077198300442576,0.6965305369760744,0.4508349728914226,0,0,0,2,1em2,,0,0,,0
brusselator,amigo2,0.01,brusselator_3_1em2,1,1,594.769374,4,0,0.02337386700902408,0.03208205539003877,0.08153439785497447,0.04538714643503145,0,1,1,3,1em2,,0,0,,0
brusselator,amigo2,0.01,brusselator_4_1em2,1,1,670.207112,4,0,0.011162722022224585,0.016901855912926693,0.04527578844118842,0.025091151112408748,0,1,1,4,1em2,,0,0,,0
brusselator,amigo2,0.01,brusselator_5_1em2,1,1,717.393599,4,0,0.7449747049038802,3.1875719123189854,11.26030522113721,5.656582526685407,0,0,0,5,1em2,,0,0,,0
brusselator,amigo2,0.01,brusselator_6_1em2,1,1,713.820194,4,0,0.649833952078527,1.385558859675389,4.242437723183748,2.1818927286776346,0,0,0,6,1em2,,0,0,,0
brusselator,amigo2,0.01,brusselator_7_1em2,1,1,749.763823,4,0,0.9612153935755396,2.2276902890458055,6.988286825286108,3.5597358907799594,0,0,0,7,1em2,,0,0,,0
brusselator,amigo2,0.01,brusselator_8_1em2,1,1,727.967692,4,0,0.6263484424213939,2.0235299921515706,6.8414047493944,3.4539134011119934,0,0,0,8,1em2,,0,0,,0
brusselator,amigo2,0.01,brusselator_9_1em2,1,1,584.166202,4,0,0.009044733880208726,0.0111846056079032,0.02663027682853304,0.014867764849948976,0,1,1,9,1em2,,0,0,,0
crauste,amigo2,0.01,crauste_0_1em2,1,1,1263.421833,17,0,0.9734422447131087,3.273043390847264,17.65671641791045,6.516756156986881,0,0,0,0,1em2,,0,0,,0
crauste,amigo2,0.01,crauste_1_1em2,1,1,771.231223,17,0,0.2975555823220423,1.4419353742551806,8.321572235999595,2.686830572848003,0,0,0,1,1em2,,0,0,,1
crauste,amigo2,0.01,crauste_2_1em2,1,1,387.653785,17,0,0.9999777282850779,2.2520847537643807,12.966446891817835,4.029308937038596,0,0,0,2,1em2,,0,0,,0
crauste,amigo2,0.01,crauste_3_1em2,1,1,561.660394,17,0,0.3810683098833655,0.6039328588531956,3.8322924436347763,1.0733779112769546,0,0,0,3,1em2,,0,0,,1
crauste,amigo2,0.01,crauste_4_1em2,1,1,444.898888,17,0,0.03611498130194287,0.39667127141416647,2.3896687398500682,0.7534302851007562,0,0,0,4,1em2,,0,0,,0
crauste,amigo2,0.01,crauste_5_1em2,1,1,1603.623929,17,0,0.4559317886934243,5.172131707211879,28.49852491003011,10.44142879859709,0,0,0,5,1em2,,0,0,,4
crauste,amigo2,0.01,crauste_6_1em2,1,1,587.575347,17,0,0.1947753549351103,0.6145903402392794,6.037617568934018,1.5286509087255207,0,0,0,6,1em2,,0,0,,0
crauste,amigo2,0.01,crauste_7_1em2,1,1,672.253786,17,0,0.4662532786472105,1.3236416391346797,9.96950698118776,2.947728927119691,0,0,0,7,1em2,,0,0,,1
crauste,amigo2,0.01,crauste_8_1em2,1,1,476.776638,17,0,0.7633292142664464,0.8053399705876627,3.553288072075613,1.2971361737623106,0,0,0,8,1em2,,0,0,,0
crauste,amigo2,0.01,crauste_9_1em2,1,1,521.13178,17,0,0.99997150997151,3.000653809724609,33.96503496503497,8.331638342403952,0,0,0,9,1em2,,0,0,,1
cstr,amigo2,0.01,cstr_0_1em2,1,1,490.837958,7,0,0.0030344866631900396,0.48114261087519444,1.3631141031966605,0.7418962519883895,0,0,0,0,1em2,,0,0,,0
cstr,amigo2,0.01,cstr_1_1em2,1,1,570.779163,7,0,0.025581559012774754,6.315027187753536,33.01360544217687,13.062162785016307,0,0,0,1,1em2,,0,0,,0
cstr,amigo2,0.01,cstr_2_1em2,1,1,503.335284,7,0,0.3933420683101757,1.8820128963065028,11.202879493525336,4.249045357407219,0,0,0,2,1em2,,0,0,,0
cstr,amigo2,0.01,cstr_3_1em2,1,1,565.195597,7,0,0.010719136158459075,5.610510569333905,21.20516537122136,10.291328589675965,0,0,0,3,1em2,,0,0,,0
cstr,amigo2,0.01,cstr_4_1em2,1,1,717.300484,7,0,0.2823440357882138,2.1717522686196356,13.534883720930234,5.128951525214823,0,0,0,4,1em2,,0,0,,0
cstr,amigo2,0.01,cstr_5_1em2,1,1,689.463706,7,0,0.22200453675802392,8.071185233343646,54.24861878453039,20.51080412485767,0,0,0,5,1em2,,0,0,,0
cstr,amigo2,0.01,cstr_6_1em2,1,1,559.384011,7,0,0.10577743313695077,11.162129222769826,64.08813309307628,24.71923369971885,0,0,0,6,1em2,,0,0,,0
cstr,amigo2,0.01,cstr_7_1em2,1,1,709.17345,7,0,0.07245363689980361,1.995850376829861,12.445094381516785,4.720316755226782,0,0,0,7,1em2,,0,0,,0
cstr,amigo2,0.01,cstr_8_1em2,1,1,708.858201,7,0,0.020027108644035764,11.578410330070017,79.5892960622335,30.08429021696317,0,0,0,8,1em2,,0,0,,0
cstr,amigo2,0.01,cstr_9_1em2,1,1,710.529913,7,0,0.5457274824173377,4.351087367971692,27.906902543336546,10.56336222826529,0,0,0,9,1em2,,0,0,,0
daisy_mamil3,amigo2,0.01,daisy_mamil3_0_1em2,1,1,376.418614,8,0,0.08257497703612546,0.21395389866937412,0.7388769986735614,0.3392420947452062,0,0,0,0,1em2,,0,0,,0
daisy_mamil3,amigo2,0.01,daisy_mamil3_1_1em2,1,1,575.183997,8,0,0.005184445914939218,0.016448820063698643,0.08570291814039734,0.03168985726758893,0,1,1,1,1em2,,0,0,,0
daisy_mamil3,amigo2,0.01,daisy_mamil3_2_1em2,1,1,422.278263,8,0,0.012440337451645269,0.02712142735662776,0.07471707434585978,0.03963792226373096,0,1,1,2,1em2,,0,0,,0
daisy_mamil3,amigo2,0.01,daisy_mamil3_3_1em2,1,1,641.342665,8,0,0.00713154623966061,0.014042666763233354,0.0592686400822408,0.023213569498937197,0,1,1,3,1em2,,0,0,,0
daisy_mamil3,amigo2,0.01,daisy_mamil3_4_1em2,1,1,580.606372,8,0,0.031621258436761265,0.08602743703657328,0.41378631260689047,0.15701156758370927,0,0,1,4,1em2,,0,0,,0
daisy_mamil3,amigo2,0.01,daisy_mamil3_5_1em2,1,1,396.377667,8,0,0.0731683867417868,0.12318802062787708,0.3164867024562713,0.17547213678901305,0,0,1,5,1em2,,0,0,,0
daisy_mamil3,amigo2,0.01,daisy_mamil3_6_1em2,1,1,560.780254,8,0,0.02083179327403115,0.09139781126463575,0.3160564780007097,0.14680415888293352,0,0,1,6,1em2,,0,0,,0
daisy_mamil3,amigo2,0.01,daisy_mamil3_7_1em2,1,1,497.763609,8,0,0.005024220577399399,0.027051701266546893,0.15288845489413247,0.05584797406802887,0,0,1,7,1em2,,0,0,,0
daisy_mamil3,amigo2,0.01,daisy_mamil3_8_1em2,1,1,484.502548,8,0,0.007301169859910781,0.006776881118476147,0.012622372665266939,0.00769881612091924,0,1,1,8,1em2,,0,0,,0
daisy_mamil3,amigo2,0.01,daisy_mamil3_9_1em2,1,1,530.230937,8,0,0.028071709492454577,0.11561334939850772,0.6132291443303373,0.22729000108649808,0,0,0,9,1em2,,0,0,,0
daisy_mamil4,amigo2,0.01,daisy_mamil4_0_1em2,1,1,1219.976172,11,0,0.3882967025855749,0.4868722581326828,1.6163612531045382,0.7125850445088766,0,0,0,0,1em2,,0,0,,0
daisy_mamil4,amigo2,0.01,daisy_mamil4_1_1em2,1,1,431.193185,11,0,0.0766329940604459,4.5303443661692375,33.32749111168073,10.951670420945641,0,0,0,1,1em2,,0,0,,0
daisy_mamil4,amigo2,0.01,daisy_mamil4_2_1em2,1,1,894.567919,11,0,0.039335005528627946,0.0845785934861173,0.48308433807192547,0.15868880275551145,0,0,1,2,1em2,,0,0,,0
daisy_mamil4,amigo2,0.01,daisy_mamil4_3_1em2,1,1,544.531141,11,0,0.03436422588721523,0.6933707313324861,4.347084446757404,1.3985676086649244,0,0,0,3,1em2,,0,0,,0
daisy_mamil4,amigo2,0.01,daisy_mamil4_4_1em2,1,1,1396.818695,11,0,0.15008833426295867,0.42838392181142204,1.3650914100616043,0.6425253796392696,0,0,0,4,1em2,,0,0,,0
daisy_mamil4,amigo2,0.01,daisy_mamil4_5_1em2,1,1,958.12184,11,0,0.01998071399286474,0.1439471236755378,0.9999358974358974,0.31482510469342495,0,0,0,5,1em2,,0,0,,0
daisy_mamil4,amigo2,0.01,daisy_mamil4_6_1em2,1,1,628.831564,11,0,0.5357389158160237,1.7745837366738386,12.430269954556156,3.9262210547026344,0,0,0,6,1em2,,0,0,,0
daisy_mamil4,amigo2,0.01,daisy_mamil4_7_1em2,1,1,495.972306,11,0,0.22549705669516337,0.400766976435191,1.5984220177025947,0.6464947807336124,0,0,0,7,1em2,,0,0,,0
daisy_mamil4,amigo2,0.01,daisy_mamil4_8_1em2,1,1,1162.173695,11,0,0.35414521009004135,0.910450399994822,4.641088936477859,1.6028917705577477,0,0,0,8,1em2,,0,0,,0
daisy_mamil4,amigo2,0.01,daisy_mamil4_9_1em2,1,1,814.759834,11,0,0.24257097686774257,1.583518567581397,10.504730742149999,3.415814181399681,0,0,0,9,1em2,,0,0,,0
dc_motor,amigo2,0.01,dc_motor_0_1em2,1,1,491.166995,4,0,0.008099166051209054,0.009866630111183038,0.022247631713243662,0.012526443173964126,0,1,1,0,1em2,,0,0,,0
dc_motor,amigo2,0.01,dc_motor_1_1em2,1,1,592.712582,4,0,0.0066773824492510885,0.009513734211975855,0.024378555867995557,0.013384363952533047,0,1,1,1,1em2,,0,0,,0
dc_motor,amigo2,0.01,dc_motor_2_1em2,1,1,597.485744,4,0,0.012596985891441882,0.027622984732290242,0.08490078566712723,0.04339424748978813,0,1,1,2,1em2,,0,0,,0
dc_motor,amigo2,0.01,dc_motor_3_1em2,1,1,602.320037,4,0,0.008599767134857791,0.020560462151392282,0.0646497507434336,0.03322514185197665,0,1,1,3,1em2,,0,0,,0
dc_motor,amigo2,0.01,dc_motor_4_1em2,1,1,625.411889,4,0,0.034513917710655706,0.08199873563793003,0.2588294488226295,0.1324555511436991,0,0,1,4,1em2,,0,0,,0
dc_motor,amigo2,0.01,dc_motor_5_1em2,1,1,619.925468,4,0,0.00563994307320787,0.016508627416087013,0.05450385504376885,0.02755942356233513,0,1,1,5,1em2,,0,0,,0
dc_motor,amigo2,0.01,dc_motor_6_1em2,1,1,610.953499,4,0,0.024102379800944443,0.030106110397333827,0.07208752522743714,0.03999209853467907,0,1,1,6,1em2,,0,0,,0
dc_motor,amigo2,0.01,dc_motor_7_1em2,1,1,609.789426,4,0,0.00626685211284345,0.011941383061609011,0.03506929943237923,0.01827594501242952,0,1,1,7,1em2,,0,0,,0
dc_motor,amigo2,0.01,dc_motor_8_1em2,1,1,610.87032,4,0,0.04582895184105662,0.04825361606614139,0.10090570988146821,0.06007920909953488,0,0,1,8,1em2,,0,0,,0
dc_motor,amigo2,0.01,dc_motor_9_1em2,1,1,609.216927,4,0,0.022147294521373075,0.0264572170836748,0.061209594655896135,0.035794677906275496,0,1,1,9,1em2,,0,0,,0
fitzhugh_nagumo,amigo2,0.01,fitzhugh_nagumo_0_1em2,1,1,524.358714,5,0,0.018913407598108004,0.5834115995414522,2.846178012139447,1.2729942526842286,0,0,0,0,1em2,,0,0,,0
fitzhugh_nagumo,amigo2,0.01,fitzhugh_nagumo_1_1em2,1,1,501.300346,5,0,0.04776134221703626,0.2911407913728459,0.9999880525686978,0.4765287624176836,0,0,0,1,1em2,,0,0,,0
fitzhugh_nagumo,amigo2,0.01,fitzhugh_nagumo_2_1em2,1,1,421.749925,5,0,0.14219450446536006,0.28628434693298177,0.9999616858237548,0.4615439412712332,0,0,0,2,1em2,,0,0,,0
fitzhugh_nagumo,amigo2,0.01,fitzhugh_nagumo_3_1em2,1,1,560.819004,5,0,0.17752610610479602,0.5226466630291529,1.3043217618975924,0.7592989028059964,0,0,0,3,1em2,,0,0,,0
fitzhugh_nagumo,amigo2,0.01,fitzhugh_nagumo_4_1em2,1,1,726.528056,5,0,1.4486434633035739,4.959778442160896,19.50338735147278,8.897893732779961,0,0,0,4,1em2,,0,0,,0
fitzhugh_nagumo,amigo2,0.01,fitzhugh_nagumo_5_1em2,1,1,541.276692,5,0,0.02273314023760092,0.3217275332587505,1.1460928719332113,0.5462766241926972,0,0,0,5,1em2,,0,0,,0
fitzhugh_nagumo,amigo2,0.01,fitzhugh_nagumo_6_1em2,1,1,703.470354,5,0,0.05404890281652844,0.37024909587397825,0.9999766355140187,0.5619537453847635,0,0,0,6,1em2,,0,0,,0
fitzhugh_nagumo,amigo2,0.01,fitzhugh_nagumo_7_1em2,1,1,727.290433,5,0,0.2845357628906872,1.994207096528997,8.467992524791548,3.816682867778124,0,0,0,7,1em2,,0,0,,0
fitzhugh_nagumo,amigo2,0.01,fitzhugh_nagumo_8_1em2,1,1,716.626791,5,0,0.08374366223681826,0.12500489967593847,0.43627797798067497,0.20276654649312056,0,0,1,8,1em2,,0,0,,0
fitzhugh_nagumo,amigo2,0.01,fitzhugh_nagumo_9_1em2,1,1,749.755994,5,0,0.09331841311504543,0.2994908826048591,0.9999862825788752,0.4749419382797539,0,0,0,9,1em2,,0,0,,0
flexible_arm,amigo2,0.01,flexible_arm_0_1em2,1,1,713.345667,9,0,0.9997305132296581,1.3579619094568756,7.656708805940202,2.640412746141582,0,0,0,0,1em2,,0,0,,0
flexible_arm,amigo2,0.01,flexible_arm_1_1em2,1,1,901.961166,9,0,0.9699432730250401,2.953335013587131,15.536863319844526,5.452999265428167,0,0,0,1,1em2,,0,0,,0
flexible_arm,amigo2,0.01,flexible_arm_2_1em2,1,1,920.85177,9,0,0.9991769114517525,0.753398591385984,1.1101923305738888,0.844991936689651,0,0,0,2,1em2,,0,0,,0
flexible_arm,amigo2,0.01,flexible_arm_3_1em2,1,1,886.491428,9,0,0.054765662131710344,0.1742435664402221,0.891526646774693,0.3202165964904087,0,0,0,3,1em2,,0,0,,0
flexible_arm,amigo2,0.01,flexible_arm_4_1em2,1,1,725.397729,9,0,0.21299995041139286,0.33930016180468375,0.999964664310954,0.47747722702829837,0,0,0,4,1em2,,0,0,,0
flexible_arm,amigo2,0.01,flexible_arm_5_1em2,1,1,704.781789,9,0,0.374480638227185,0.7934266046607628,3.013063353826675,1.2023657480726648,0,0,0,5,1em2,,0,0,,0
flexible_arm,amigo2,0.01,flexible_arm_6_1em2,1,1,699.408026,9,0,0.6782571774336646,1.053658465854501,3.9199844113522797,1.5121792817841353,0,0,0,6,1em2,,0,0,,0
flexible_arm,amigo2,0.01,flexible_arm_7_1em2,1,1,748.291606,9,0,0.9999537037037036,1.3133487295720896,4.204659054047211,1.8722151715147803,0,0,0,7,1em2,,0,0,,0
flexible_arm,amigo2,0.01,flexible_arm_8_1em2,1,1,747.679018,9,0,0.46088496512068283,0.6552067954524382,1.5044580549333135,0.7609297016505946,0,0,0,8,1em2,,0,0,,0
flexible_arm,amigo2,0.01,flexible_arm_9_1em2,1,1,752.185962,9,0,0.8270202892593148,4.7584702925654305,26.47252747252747,9.691384769955317,0,0,0,9,1em2,,0,0,,0
forced_lotka_volterra,amigo2,0.01,forced_lotka_volterra_0_1em2,1,1,614.982892,6,0,0.0008839953483976736,0.0008142103886792205,0.0010613001674481897,0.0008476223651424362,1,1,1,0,1em2,,0,0,,0
forced_lotka_volterra,amigo2,0.01,forced_lotka_volterra_1_1em2,1,1,832.560958,6,0,0.00032430000929786523,0.0009402637876796989,0.0037333599915810064,0.001609568394253503,1,1,1,1,1em2,,0,0,,0
forced_lotka_volterra,amigo2,0.01,forced_lotka_volterra_2_1em2,1,1,962.476127,6,0,0.0006434691940679834,0.0007433170814580988,0.0011884240441525794,0.0008070170520741688,1,1,1,2,1em2,,0,0,,0
forced_lotka_volterra,amigo2,0.01,forced_lotka_volterra_3_1em2,1,1,857.132457,6,0,0.0002672909847775233,0.0014927342462607827,0.007578283535212593,0.0031047055768396786,1,1,1,3,1em2,,0,0,,0
forced_lotka_volterra,amigo2,0.01,forced_lotka_volterra_4_1em2,1,1,852.310393,6,0,0.000443484502484954,0.0005723240731902612,0.0016744380336172332,0.0007863435153001311,1,1,1,4,1em2,,0,0,,0
forced_lotka_volterra,amigo2,0.01,forced_lotka_volterra_5_1em2,1,1,831.128111,6,0,0.0003475924959887368,0.0003853114073019252,0.0009822245447871792,0.0004920574480200348,1,1,1,5,1em2,,0,0,,0
forced_lotka_volterra,amigo2,0.01,forced_lotka_volterra_6_1em2,1,1,581.191648,6,0,0.0003682718852069148,0.0011393659742792543,0.005086591110424644,0.002107228046905436,1,1,1,6,1em2,,0,0,,0
forced_lotka_volterra,amigo2,0.01,forced_lotka_volterra_7_1em2,1,1,827.02553,6,0,0.0005842098648827437,0.0027899329273962693,0.014612910109134385,0.0059820051000857325,0,1,1,7,1em2,,0,0,,0
forced_lotka_volterra,amigo2,0.01,forced_lotka_volterra_8_1em2,1,1,941.43505,6,0,0.00018901384419716777,0.00021098822534175945,0.0004565414471371115,0.0002485969242766312,1,1,1,8,1em2,,0,0,,0
forced_lotka_volterra,amigo2,0.01,forced_lotka_volterra_9_1em2,1,1,806.965285,6,0,0.0006204641989439352,0.0011693820455500941,0.0037039112475955606,0.0016554864460356761,1,1,1,9,1em2,,0,0,,0
harmonic_oscillator,amigo2,0.01,harmonic_oscillator_0_1em2,1,1,829.225879,4,0,6.243651371165786e-05,5.291449921965335e-05,7.618438865959207e-05,5.8655998290972226e-05,1,1,1,0,1em2,,0,0,,0
harmonic_oscillator,amigo2,0.01,harmonic_oscillator_1_1em2,1,1,1129.345812,4,0,4.666622176411788e-06,7.268475778474507e-06,1.9077845275874947e-05,1.0288075321279172e-05,1,1,1,1,1em2,,0,0,,0
harmonic_oscillator,amigo2,0.01,harmonic_oscillator_2_1em2,1,1,538.56877,4,0,2.805117463510783e-06,3.713334677688452e-06,8.81379182430645e-06,4.837521445175301e-06,1,1,1,2,1em2,,0,0,,0
harmonic_oscillator,amigo2,0.01,harmonic_oscillator_3_1em2,1,1,1136.936061,4,0,6.6717671709049365e-06,7.3099623955143865e-06,1.3414540127725309e-05,8.733946922451065e-06,1,1,1,3,1em2,,0,0,,0
harmonic_oscillator,amigo2,0.01,harmonic_oscillator_4_1em2,1,1,826.94835,4,0,0.0001117133098747579,9.45380734168665e-05,0.0001431729320939823,0.00010753946558901069,1,1,1,4,1em2,,0,0,,0
harmonic_oscillator,amigo2,0.01,harmonic_oscillator_5_1em2,1,1,720.09259,4,0,2.2227200997154016e-05,2.285077543026888e-05,2.8132040911572e-05,2.3098337807155612e-05,1,1,1,5,1em2,,0,0,,0
harmonic_oscillator,amigo2,0.01,harmonic_oscillator_6_1em2,1,1,10396.12385,4,0,0.0001619485347742393,0.00028808123332400805,0.0007117748106904276,0.00037840118322980757,1,1,1,6,1em2,,0,0,,0
harmonic_oscillator,amigo2,0.01,harmonic_oscillator_7_1em2,1,1,931.992547,4,0,1.0554691462041798e-05,1.22483393407536e-05,1.8635631005678427e-05,1.2802757966198451e-05,1,1,1,7,1em2,,0,0,,0
harmonic_oscillator,amigo2,0.01,harmonic_oscillator_8_1em2,1,1,1002.220362,4,0,4.082296838791731e-05,0.00012926457066494176,0.000418642218220358,0.00021178950471494298,1,1,1,8,1em2,,0,0,,0
harmonic_oscillator,amigo2,0.01,harmonic_oscillator_9_1em2,1,1,908.718622,4,0,0.0001034621216158302,0.00012376390468875798,0.0002474630494176373,0.00014694952173230157,1,1,1,9,1em2,,0,0,,0
hiv,amigo2,0.01,hiv_0_1em2,1,1,557.507546,15,0,0.02179465977929386,0.22702824746617448,0.99992700729927,0.41969006934303726,0,0,0,0,1em2,,0,0,,0
hiv,amigo2,0.01,hiv_1_1em2,1,1,599.437839,15,0,0.34786735512682765,2.1860489258028206,14.199771691172035,4.876495725159683,0,0,0,1,1em2,,0,0,,0
hiv,amigo2,0.01,hiv_2_1em2,1,1,511.635483,15,0,0.04644842665818457,2.5969970584287814,35.764705882352935,9.24244051316459,0,0,0,2,1em2,,0,0,,0
hiv,amigo2,0.01,hiv_3_1em2,1,1,578.493011,15,0,0.03346100755179586,1.5970088787714019,22.094688221709006,5.71170287764739,0,0,0,3,1em2,,0,0,,0
hiv,amigo2,0.01,hiv_4_1em2,1,1,394.524087,15,0,0.0630379078941157,0.9278221450127423,11.125999798179635,2.897133440850627,0,0,0,4,1em2,,0,0,,0
hiv,amigo2,0.01,hiv_5_1em2,1,1,516.977917,15,0,0.6995583059568755,2.4039170836673764,15.3653122788674,4.985190505730837,0,0,0,5,1em2,,0,0,,1
hiv,amigo2,0.01,hiv_6_1em2,1,1,514.952617,15,0,0.030576730337053173,0.18691288233963435,0.9999882075471699,0.3717005348987065,0,0,0,6,1em2,,0,0,,0
hiv,amigo2,0.01,hiv_7_1em2,1,1,679.642148,15,0,0.10394682105681913,3.385285983722615,43.052863436123346,11.213814019568597,0,0,0,7,1em2,,0,0,,0
hiv,amigo2,0.01,hiv_8_1em2,1,1,639.83105,15,0,0.29494386270401646,4.663892299006039,59.238250218983104,15.346287870174763,0,0,0,8,1em2,,0,0,,2
hiv,amigo2,0.01,hiv_9_1em2,1,1,633.915182,15,0,0.3445568053923342,0.9728769841046506,8.895652709294946,2.3942970544700906,0,0,0,9,1em2,,0,0,,2
lotka_volterra,amigo2,0.01,lotka_volterra_0_1em2,1,1,470.780942,5,0,0.0007656110593162538,0.00284662230820803,0.011657348769789563,0.005247291612596002,0,1,1,0,1em2,,0,0,,0
lotka_volterra,amigo2,0.01,lotka_volterra_1_1em2,1,1,834.271339,5,0,0.0010283250195614142,0.001830076126189265,0.00512969406768482,0.002465976277576023,1,1,1,1,1em2,,0,0,,0
lotka_volterra,amigo2,0.01,lotka_volterra_2_1em2,1,1,754.662442,5,0,0.0019514675585151733,0.0026971099359870956,0.007488040467439717,0.0036510223591218233,1,1,1,2,1em2,,0,0,,0
lotka_volterra,amigo2,0.01,lotka_volterra_3_1em2,1,1,820.020221,5,0,0.004922932990675977,0.005356228089849363,0.01262910097254684,0.006719500737856712,0,1,1,3,1em2,,0,0,,0
lotka_volterra,amigo2,0.01,lotka_volterra_4_1em2,1,1,852.291628,5,0,0.006223248813758412,0.007506607808860909,0.016885284327320706,0.009185353526738514,0,1,1,4,1em2,,0,0,,0
lotka_volterra,amigo2,0.01,lotka_volterra_5_1em2,1,1,397.310858,5,0,0.00026586738056706097,0.00028637389235332977,0.0006270459647070542,0.00034451441544303173,1,1,1,5,1em2,,0,0,,0
lotka_volterra,amigo2,0.01,lotka_volterra_6_1em2,1,1,443.564212,5,0,0.0034809973460029862,0.0038303543903786827,0.009184020418478041,0.004925513288567482,1,1,1,6,1em2,,0,0,,0
lotka_volterra,amigo2,0.01,lotka_volterra_7_1em2,1,1,819.879709,5,0,0.0041029533448301925,0.004464787035275376,0.01005312639058455,0.005464568783510593,0,1,1,7,1em2,,0,0,,0
lotka_volterra,amigo2,0.01,lotka_volterra_8_1em2,1,1,724.824268,5,0,0.0008712644537476017,0.001163381556545463,0.003008223736563972,0.0015049125364509765,1,1,1,8,1em2,,0,0,,0
lotka_volterra,amigo2,0.01,lotka_volterra_9_1em2,1,1,567.396864,5,0,0.0005960249222219938,0.0005509077490506787,0.0010216552560374918,0.0006605037878918108,1,1,1,9,1em2,,0,0,,0
mass_spring_damper,amigo2,0.01,mass_spring_damper_0_1em2,1,1,1023.976912,5,0,0.00039124428525949914,0.0024682024920624494,0.009020617035236067,0.004196935989487452,1,1,1,0,1em2,,0,0,,0
mass_spring_damper,amigo2,0.01,mass_spring_damper_1_1em2,1,1,735.251602,5,0,0.001147324671974247,0.000940298883251058,0.0012940237629015868,0.0010232801489608548,1,1,1,1,1em2,,0,0,,0
mass_spring_damper,amigo2,0.01,mass_spring_damper_2_1em2,1,1,819.184879,5,0,0.0008888884591304661,0.0014049014391063594,0.004175140807271102,0.002004870793291051,1,1,1,2,1em2,,0,0,,0
mass_spring_damper,amigo2,0.01,mass_spring_damper_3_1em2,1,1,662.782972,5,0,0.0004470162720419228,0.014091774876155386,0.06896483980616865,0.030844106867035294,0,1,1,3,1em2,,0,0,,0
mass_spring_damper,amigo2,0.01,mass_spring_damper_4_1em2,1,1,732.078277,5,0,0.0002526102892814771,0.0007693218541018236,0.002950393538521397,0.001338816186826429,1,1,1,4,1em2,,0,0,,0
mass_spring_damper,amigo2,0.01,mass_spring_damper_5_1em2,1,1,990.164555,5,0,0.0005646432458703749,0.0013193546810808287,0.0032913918907473416,0.0017524161116613422,1,1,1,5,1em2,,0,0,,0
mass_spring_damper,amigo2,0.01,mass_spring_damper_6_1em2,1,1,712.708888,5,0,0.0008725822469067664,0.00134085503861337,0.00389554716926448,0.001868254985782677,1,1,1,6,1em2,,0,0,,0
mass_spring_damper,amigo2,0.01,mass_spring_damper_7_1em2,1,1,1274.656444,5,0,0.0014160659258672386,0.0016418910064508712,0.003998574363155142,0.0020778465821352076,1,1,1,7,1em2,,0,0,,0
mass_spring_damper,amigo2,0.01,mass_spring_damper_8_1em2,1,1,1152.663658,5,0,0.001915691447092304,0.0032045087764638047,0.009217529562974232,0.004457409343841717,1,1,1,8,1em2,,0,0,,0
mass_spring_damper,amigo2,0.01,mass_spring_damper_9_1em2,1,1,851.203929,5,0,0.0005643627585492338,0.002854180064939789,0.007783849639518466,0.004171864685591293,1,1,1,9,1em2,,0,0,,0
quadrotor,amigo2,0.01,quadrotor_0_1em2,1,1,508.319851,4,0,0.0059840746773583975,0.01560358494688328,0.0499889209469754,0.02550739453172793,0,1,1,0,1em2,,0,0,,0
quadrotor,amigo2,0.01,quadrotor_1_1em2,1,1,735.312325,4,0,0.0026523728797509397,0.006871994374689416,0.021057366527553398,0.010709308255533857,0,1,1,1,1em2,,0,0,,0
quadrotor,amigo2,0.01,quadrotor_2_1em2,1,1,492.173895,4,0,0.010843348349442648,0.010509130879386052,0.018828214741437196,0.012686954587241504,0,1,1,2,1em2,,0,0,,0
quadrotor,amigo2,0.01,quadrotor_3_1em2,1,1,853.259086,4,0,0.004889828166959978,0.009643148920410648,0.027286176148313655,0.014187012051145975,0,1,1,3,1em2,,0,0,,0
quadrotor,amigo2,0.01,quadrotor_4_1em2,1,1,528.829072,4,0,0.002520189549059487,0.002332392890711075,0.00395814954885902,0.0027897303312369682,1,1,1,4,1em2,,0,0,,0
quadrotor,amigo2,0.01,quadrotor_5_1em2,1,1,646.238523,4,0,0.004040371850008896,0.0075917418710291715,0.022116468218455646,0.011421924480512985,0,1,1,5,1em2,,0,0,,0
quadrotor,amigo2,0.01,quadrotor_6_1em2,1,1,551.339565,4,0,0.0033093836146223434,0.004230493213212035,0.010208982815883972,0.005628461711572169,0,1,1,6,1em2,,0,0,,0
quadrotor,amigo2,0.01,quadrotor_7_1em2,1,1,595.045811,4,0,0.005259602587289622,0.007074062701417756,0.015838315984677047,0.008842628372249606,0,1,1,7,1em2,,0,0,,0
quadrotor,amigo2,0.01,quadrotor_8_1em2,1,1,545.184669,4,0,0.014284243606243608,0.04816942831215777,0.16083186328571172,0.08120647295972946,0,0,1,8,1em2,,0,0,,0
quadrotor,amigo2,0.01,quadrotor_9_1em2,1,1,609.91002,4,0,0.01768999633869428,0.032433164690837415,0.09414956576155982,0.04955324740216946,0,1,1,9,1em2,,0,0,,0
repressilator,amigo2,0.01,repressilator_0_1em2,1,1,894.747381,9,0,0.0011017703581040783,0.0028565673855810766,0.011442987211840842,0.004812338072020768,0,1,1,0,1em2,,0,0,,0
repressilator,amigo2,0.01,repressilator_1_1em2,1,1,1344.343577,9,0,0.005251887203916058,0.014651958060654538,0.05418946082789224,0.022782437977757378,0,1,1,1,1em2,,0,0,,0
repressilator,amigo2,0.01,repressilator_2_1em2,1,1,1404.215274,9,0,0.004806858875327412,0.007928452221782263,0.03284649775904868,0.012621242680382137,0,1,1,2,1em2,,0,0,,0
repressilator,amigo2,0.01,repressilator_3_1em2,1,1,1250.977526,9,0,0.0019733022661393997,0.006653836228029649,0.019595542695839324,0.009600188006160101,0,1,1,3,1em2,,0,0,,0
repressilator,amigo2,0.01,repressilator_4_1em2,1,1,1440.923485,9,0,0.007198381489353387,0.013792284281163403,0.06014629527738319,0.022750184291128874,0,1,1,4,1em2,,0,0,,0
repressilator,amigo2,0.01,repressilator_5_1em2,1,1,1380.03257,9,0,0.0036296228440965816,0.006048074143233958,0.017112954734901948,0.00859656541168551,0,1,1,5,1em2,,0,0,,0
repressilator,amigo2,0.01,repressilator_6_1em2,1,1,2102.462715,9,0,0.006620729269620852,0.03243763395985691,0.188357992080421,0.06635996635195443,0,0,1,6,1em2,,0,0,,0
repressilator,amigo2,0.01,repressilator_7_1em2,1,1,950.053736,9,0,0.0035856311922205027,0.005832413175572302,0.016618733749942133,0.007990472129695385,0,1,1,7,1em2,,0,0,,0
repressilator,amigo2,0.01,repressilator_8_1em2,1,1,1377.331632,9,0,0.0014447730773678674,0.016257899006387036,0.1008583814927142,0.03536747029432992,0,0,1,8,1em2,,0,0,,0
repressilator,amigo2,0.01,repressilator_9_1em2,1,1,1059.370095,9,0,0.008056005748608243,0.01253223690027915,0.04618798662625378,0.019281689489239806,0,1,1,9,1em2,,0,0,,0
seir,amigo2,0.01,seir_0_1em2,1,1,1361.861886,7,0,0.04698556754906183,0.09045050270229517,0.23677441265201746,0.12623536152921438,0,0,1,0,1em2,,0,0,,0
seir,amigo2,0.01,seir_1_1em2,1,1,1136.634461,7,0,0.31965436616720494,0.4312035350136433,1.056463857296456,0.5866667340461929,0,0,0,1,1em2,,0,0,,0
seir,amigo2,0.01,seir_2_1em2,1,1,944.627307,7,0,0.09439158071876098,0.08074615777833324,0.17745626147582527,0.10367451640854251,0,0,1,2,1em2,,0,0,,0
seir,amigo2,0.01,seir_3_1em2,1,1,1043.291211,7,0,0.05312750444657028,0.06265816237446362,0.11948173103492776,0.07401860133549,0,0,1,3,1em2,,0,0,,0
seir,amigo2,0.01,seir_4_1em2,1,1,508.439897,7,0,0.9176986234026765,11.613837021392825,69.42253521126761,26.47016615823017,0,0,0,4,1em2,,0,0,,0
seir,amigo2,0.01,seir_5_1em2,1,1,711.705528,7,0,0.19435292575235288,0.18430767893231975,0.3323925783860023,0.21948955933842587,0,0,1,5,1em2,,0,0,,0
seir,amigo2,0.01,seir_6_1em2,1,1,515.729252,7,0,0.21307627556628728,6.229439201899972,39.322580645161295,14.908067290217701,0,0,0,6,1em2,,0,0,,0
seir,amigo2,0.01,seir_7_1em2,1,1,586.972351,7,0,0.19978769466016655,0.22118798916482443,0.4590635331160703,0.2857441327221025,0,0,1,7,1em2,,0,0,,0
seir,amigo2,0.01,seir_8_1em2,1,1,472.905394,7,0,0.22383411119459395,0.3937969785440186,1.183603912312026,0.5999421470331032,0,0,0,8,1em2,,0,0,,0
seir,amigo2,0.01,seir_9_1em2,1,1,1162.529643,7,0,0.031313136532324086,0.03427764568282112,0.07889676097620633,0.04682500372537494,0,1,1,9,1em2,,0,0,,0
slow_fast,amigo2,0.01,slow_fast_0_1em2,1,1,283.259065,8,0,0.0032219966845634185,0.01581113952883997,0.05872122617626831,0.026450727388838784,0,1,1,0,1em2,,0,0,,0
slow_fast,amigo2,0.01,slow_fast_1_1em2,1,1,398.341374,8,0,0.009661985430694398,0.02937982617717854,0.16003128404166897,0.058456654839384795,0,0,1,1,1em2,,0,0,,0
slow_fast,amigo2,0.01,slow_fast_2_1em2,1,1,550.497787,8,0,0.004650965245852472,0.005857658924052143,0.020223153718333022,0.008461123790720847,0,1,1,2,1em2,,0,0,,0
slow_fast,amigo2,0.01,slow_fast_3_1em2,1,1,566.516267,8,0,0.027483078185427712,0.041181486834850484,0.13219842502022397,0.05992915884732232,0,0,1,3,1em2,,0,0,,0
slow_fast,amigo2,0.01,slow_fast_4_1em2,1,1,436.99278,8,0,0.019906244559372767,0.017932057186068048,0.03589133490401247,0.022646631764764676,0,1,1,4,1em2,,0,0,,0
slow_fast,amigo2,0.01,slow_fast_5_1em2,1,1,551.06314,8,0,0.15011179312557682,0.14657092092322954,0.4517136390231029,0.20567187022613237,0,0,1,5,1em2,,0,0,,0
slow_fast,amigo2,0.01,slow_fast_6_1em2,1,1,376.831843,8,0,0.002894655111005884,0.009265425393645341,0.02687836655466544,0.013902838982246715,0,1,1,6,1em2,,0,0,,0
slow_fast,amigo2,0.01,slow_fast_7_1em2,1,1,586.636411,8,0,0.19450523795415264,0.30411875784499987,0.8720182895076257,0.4441230458336279,0,0,0,7,1em2,,0,0,,0
slow_fast,amigo2,0.01,slow_fast_8_1em2,1,1,441.117049,8,0,0.10217386275168741,0.20760516937207518,0.8395336279446725,0.3407297974561453,0,0,0,8,1em2,,0,0,,0
slow_fast,amigo2,0.01,slow_fast_9_1em2,1,1,435.476612,8,0,0.0109640268077342,0.06774614934791032,0.2251974006376405,0.10847250031644655,0,0,1,9,1em2,,0,0,,0
sirt_treatment,amigo2,0.01,sirt_treatment_0_1em2,1,1,501.186244,9,0,0.039791209921667875,0.25974936624444733,1.6897596857871158,0.5817518530806025,0,0,0,0,1em2,,0,0,,0
sirt_treatment,amigo2,0.01,sirt_treatment_1_1em2,1,1,611.666335,9,0,0.024335417773228375,0.13783343560607855,0.99992,0.33578581085961945,0,0,0,1,1em2,,0,0,,0
sirt_treatment,amigo2,0.01,sirt_treatment_2_1em2,1,1,1020.348208,9,0,0.015782186539932613,0.17748832997371067,0.9751906821678346,0.3479240144578156,0,0,0,2,1em2,,0,0,,0
sirt_treatment,amigo2,0.01,sirt_treatment_3_1em2,1,1,985.360476,9,0,0.03313087412702701,3.2418238923578686,20.433456289278247,7.250131860950038,0,0,0,3,1em2,,0,0,,0
sirt_treatment,amigo2,0.01,sirt_treatment_4_1em2,1,1,480.397784,9,0,0.012262165547637526,0.07045121351713064,0.4968558785442189,0.16840330309918375,0,0,1,4,1em2,,0,0,,0
sirt_treatment,amigo2,0.01,sirt_treatment_5_1em2,1,1,1408.252281,9,0,0.02541738844349285,0.05176616743376207,0.2416155902166748,0.08889901208801701,0,0,1,5,1em2,,0,0,,0
sirt_treatment,amigo2,0.01,sirt_treatment_6_1em2,1,1,1071.369168,9,0,0.01899088026919555,0.38317421942925817,2.351126796184487,0.8205600011417113,0,0,0,6,1em2,,0,0,,0
sirt_treatment,amigo2,0.01,sirt_treatment_7_1em2,1,1,1298.822289,9,0,0.057359315883958234,0.48667800364654507,2.9002032337497914,1.0223202923148826,0,0,0,7,1em2,,0,0,,0
sirt_treatment,amigo2,0.01,sirt_treatment_8_1em2,1,1,1229.796941,9,0,0.07552572903951739,0.29164581984743937,1.7073460540934315,0.5920583178676231,0,0,0,8,1em2,,0,0,,0
sirt_treatment,amigo2,0.01,sirt_treatment_9_1em2,1,1,1221.982066,9,0,0.035319189638887666,0.08512110183178381,0.384572086036878,0.14574208047186185,0,0,1,9,1em2,,0,0,,0
vanderpol,amigo2,0.01,vanderpol_0_1em2,1,1,986.071765,4,0,1.6552848618232892e-05,6.193095408665556e-05,0.00020615834929311054,0.00010398056056470832,1,1,1,0,1em2,,0,0,,0
vanderpol,amigo2,0.01,vanderpol_1_1em2,1,1,1049.322689,4,0,9.276061274900748e-05,0.00020969360034200143,0.0006478021134211118,0.00033306868703374506,1,1,1,1,1em2,,0,0,,0
vanderpol,amigo2,0.01,vanderpol_2_1em2,1,1,865.817587,4,0,0.00017279308056362334,0.0001779935811199063,0.0003540160866670966,0.00023105466546595105,1,1,1,2,1em2,,0,0,,0
vanderpol,amigo2,0.01,vanderpol_3_1em2,1,1,851.922541,4,0,8.618463376450774e-05,0.00010298559553367233,0.00023485295589564285,0.00013854252676805394,1,1,1,3,1em2,,0,0,,0
vanderpol,amigo2,0.01,vanderpol_4_1em2,1,1,855.51567,4,0,4.470821395574057e-06,5.210867870876749e-06,9.2863912556963e-06,5.833268909773426e-06,1,1,1,4,1em2,,0,0,,0
vanderpol,amigo2,0.01,vanderpol_5_1em2,1,1,570.774523,4,0,0.0030799520113917083,0.0032069705680723096,0.006649199553725615,0.0043071725206013265,1,1,1,5,1em2,,0,0,,0
vanderpol,amigo2,0.01,vanderpol_6_1em2,1,1,719.315056,4,0,2.3326847047042316e-05,8.233483697023708e-05,0.0002824291250876474,0.0001422189956397265,1,1,1,6,1em2,,0,0,,0
vanderpol,amigo2,0.01,vanderpol_7_1em2,1,1,771.73698,4,0,6.672779171454544e-06,6.612371910665085e-06,1.1858680155749871e-05,8.069954305860861e-06,1,1,1,7,1em2,,0,0,,0
vanderpol,amigo2,0.01,vanderpol_8_1em2,1,1,879.120751,4,0,0.00013748706038210174,0.00021014044772579008,0.0005003030633375523,0.00027307992057908477,1,1,1,8,1em2,,0,0,,0
vanderpol,amigo2,0.01,vanderpol_9_1em2,1,1,974.718312,4,0,0.0006446960146265621,0.0030046734410157,0.010469505804698171,0.005256514390992206,0,1,1,9,1em2,,0,0,,0
aircraft_pitch,odepe_shade,0.0,aircraft_pitch_0_0,1,1,354.74991393089294,6,1,3.994178886863655e-14,1.3968140772103059e-12,8.023750152457445e-12,3.277457507381941e-12,1,1,1,0,0,,0,0,,0
aircraft_pitch,odepe_shade,0.0,aircraft_pitch_1_0,1,1,359.75739884376526,6,1,5.089103224723867e-14,1.3792522376141593e-12,7.92683602638353e-12,3.237500261362822e-12,1,1,1,1,0,,0,0,,0
aircraft_pitch,odepe_shade,0.0,aircraft_pitch_2_0,1,1,363.2081849575043,6,1,2.597773799301351e-14,4.268750095198298e-13,2.414122179413629e-12,9.862186899351247e-13,1,1,1,2,0,,0,0,,0
aircraft_pitch,odepe_shade,0.0,aircraft_pitch_3_0,1,1,386.32991099357605,6,1,3.591788212411087e-14,4.616285019191741e-13,2.622845861540427e-12,1.0712749899158365e-12,1,1,1,3,0,,0,0,,0
aircraft_pitch,odepe_shade,0.0,aircraft_pitch_4_0,1,1,345.0872211456299,6,1,3.258264218393001e-14,7.177572160730334e-13,4.150225668435447e-12,1.6946396503679134e-12,1,1,1,4,0,,0,0,,0
aircraft_pitch,odepe_shade,0.0,aircraft_pitch_5_0,1,1,362.0690870285034,6,1,4.955547284617785e-13,1.3599688225917613e-10,8.141702486326638e-10,3.323838758449978e-10,1,1,1,5,0,,0,0,,0
aircraft_pitch,odepe_shade,0.0,aircraft_pitch_6_0,1,1,369.8643090724945,6,1,2.928722956621886e-14,1.6723787475960476e-13,8.611938322960416e-13,3.528192071961469e-13,1,1,1,6,0,,0,0,,0
aircraft_pitch,odepe_shade,0.0,aircraft_pitch_7_0,1,1,371.7636749744415,6,1,2.6226930965808622e-14,5.796877731101309e-13,3.3510609253481766e-12,1.3682766845398066e-12,1,1,1,7,0,,0,0,,0
aircraft_pitch,odepe_shade,0.0,aircraft_pitch_8_0,1,1,343.4512519836426,6,1,2.8550662130824096e-14,1.2890901223251758e-12,7.559811868681923e-12,3.0866533359070043e-12,1,1,1,8,0,,0,0,,0
aircraft_pitch,odepe_shade,0.0,aircraft_pitch_9_0,1,1,322.88401317596436,6,1,3.5270988013372855e-14,2.170700788362677e-13,1.162022904010228e-12,4.752044554496561e-13,1,1,1,9,0,,0,0,,0
bicycle_model,odepe_shade,0.0,bicycle_model_0_0,1,1,343.02531003952026,5,0,1.6401021954689812e-14,1.8430903236516398e-14,2.811689080115781e-14,1.9735656330223078e-14,1,1,1,0,0,,0,0,,0
bicycle_model,odepe_shade,0.0,bicycle_model_1_0,1,1,247.43631887435913,5,0,1.7520130787274067e-14,1.741443610875349e-14,2.968081785486329e-14,1.984024671588464e-14,1,1,1,1,0,,0,0,,0
bicycle_model,odepe_shade,0.0,bicycle_model_2_0,1,1,364.1733798980713,5,0,2.5442610980993173e-14,1.969045825858e-14,3.2278049597728194e-14,2.2769129930211643e-14,1,1,1,2,0,,0,0,,0
bicycle_model,odepe_shade,0.0,bicycle_model_3_0,1,1,364.111515045166,5,0,2.262998151239431e-14,3.535273727091294e-14,9.07910167494363e-14,4.6307251712518257e-14,1,1,1,3,0,,0,0,,0
bicycle_model,odepe_shade,0.0,bicycle_model_4_0,1,1,393.3751289844513,5,0,3.450278736749451e-14,2.5876281511632956e-14,4.102110807898096e-14,3.045693290256975e-14,1,1,1,4,0,,0,0,,0
bicycle_model,odepe_shade,0.0,bicycle_model_5_0,1,1,339.1890959739685,5,0,8.24302574447719e-14,6.958270375732e-14,9.276448195788268e-14,7.278343307868951e-14,1,1,1,5,0,,0,0,,0
bicycle_model,odepe_shade,0.0,bicycle_model_6_0,1,1,356.1220769882202,5,0,9.408669700213192e-14,7.258137033979148e-14,1.0522066195378562e-13,8.11210869324003e-14,1,1,1,6,0,,0,0,,0
bicycle_model,odepe_shade,0.0,bicycle_model_7_0,1,1,417.18114399909973,5,0,1.3258568929250557e-14,1.0625473494084275e-13,2.7011611733148137e-13,1.6207063927420725e-13,1,1,1,7,0,,0,0,,0
bicycle_model,odepe_shade,0.0,bicycle_model_8_0,1,1,386.9142279624939,5,0,1.1375096120199377e-13,8.462961802366225e-14,1.1958338576133877e-13,9.555333155603274e-14,1,1,1,8,0,,0,0,,0
bicycle_model,odepe_shade,0.0,bicycle_model_9_0,1,1,337.70978689193726,5,0,3.736100836583595e-14,3.076858987960916e-14,4.925637362773582e-14,3.43478807660358e-14,1,1,1,9,0,,0,0,,0
biohydrogenation,odepe_shade,0.0,biohydrogenation_0_0,1,1,424.7732820510864,9,1,0.07036624416208269,1.7143390349696885,10.72332942555686,3.741976041731873,0,0,0,0,0,,0,0,,0
biohydrogenation,odepe_shade,0.0,biohydrogenation_1_0,1,1,507.5826108455658,9,1,0.02459859192788412,5.611155896529672,42.668122270742366,14.387598575744041,0,0,0,1,0,,0,0,,0
biohydrogenation,odepe_shade,0.0,biohydrogenation_2_0,1,1,394.6890859603882,9,1,1.802350156246633e-12,1.3744621804419317e-08,1.1860678161609928e-07,3.955738582527707e-08,1,1,1,2,0,,0,0,,0
biohydrogenation,odepe_shade,0.0,biohydrogenation_3_0,1,1,382.90665102005005,9,1,0.2967220224430986,1.5910106147314216,11.738853503184716,3.9410621469813383,0,0,0,3,0,,0,0,,0
biohydrogenation,odepe_shade,0.0,biohydrogenation_4_0,1,1,394.0550229549408,9,1,1.1599980235625178e-12,3.735198995766225e-12,1.582646427953845e-11,6.338718950906283e-12,1,1,1,4,0,,0,0,,0
biohydrogenation,odepe_shade,0.0,biohydrogenation_5_0,1,1,478.75678610801697,9,1,0.09967010597075956,1.3880865195002614,10.764705882352944,3.6068663374559433,0,0,0,5,0,,0,0,,0
biohydrogenation,odepe_shade,0.0,biohydrogenation_6_0,1,1,400.6274399757385,9,1,8.689829748818398e-14,1.7275359086050583e-08,1.4853725503047156e-07,4.954386225372278e-08,1,1,1,6,0,,0,0,,0
biohydrogenation,odepe_shade,0.0,biohydrogenation_7_0,1,1,503.31164503097534,9,1,0.04620750946071738,1.3935594386068595,11.165450121654505,3.737079203478575,0,0,0,7,0,,0,0,,0
biohydrogenation,odepe_shade,0.0,biohydrogenation_8_0,1,1,390.5625569820404,9,1,0.2025265679597774,2.165593542525414,17.48428835489834,5.84138258618536,0,0,0,8,0,,0,0,,0
biohydrogenation,odepe_shade,0.0,biohydrogenation_9_0,1,1,408.53362798690796,9,1,3.2086087159080104e-12,3.7032155375624245e-11,2.0335973048881972e-10,7.383025488389837e-11,1,1,1,9,0,,0,0,,0
boost_converter,odepe_shade,0.0,boost_converter_0_0,1,1,405.065269947052,5,0,1.6312834741282615e-14,1.1927769423413563e-13,5.280764151739929e-13,2.3728074353082763e-13,1,1,1,0,0,,0,0,,0
boost_converter,odepe_shade,0.0,boost_converter_1_0,1,1,391.321231842041,5,0,2.120217581749431e-14,1.5313748110911043e-13,7.040798432737557e-13,3.1533585841639544e-13,1,1,1,1,0,,0,0,,0
boost_converter,odepe_shade,0.0,boost_converter_2_0,1,1,376.07780599594116,5,0,3.8404995866942726e-14,9.958790033195461e-14,3.691150765363583e-13,1.6992861001644716e-13,1,1,1,2,0,,0,0,,0
boost_converter,odepe_shade,0.0,boost_converter_3_0,1,1,411.8280589580536,5,0,1.6717644000147143e-14,5.807442737588194e-14,2.4702902164401264e-13,1.1125374481048445e-13,1,1,1,3,0,,0,0,,0
boost_converter,odepe_shade,0.0,boost_converter_4_0,1,1,456.29302501678467,5,0,1.7403496061691642e-14,3.943723230419266e-14,1.1964164691789056e-13,5.784744432489202e-14,1,1,1,4,0,,0,0,,0
boost_converter,odepe_shade,0.0,boost_converter_5_0,1,1,388.6219940185547,5,0,8.111218444750002e-15,1.5069978329264788e-13,6.596743353590929e-13,2.971531862496507e-13,1,1,1,5,0,,0,0,,0
boost_converter,odepe_shade,0.0,boost_converter_6_0,1,1,502.7811989784241,5,0,2.0432042360063856e-14,9.306617509114382e-14,3.981663483769311e-13,1.7900707627121342e-13,1,1,1,6,0,,0,0,,0
boost_converter,odepe_shade,0.0,boost_converter_7_0,1,1,414.4938130378723,5,0,4.448410538847975e-14,5.817953627278489e-14,1.3649439503213105e-13,7.450697232355541e-14,1,1,1,7,0,,0,0,,0
boost_converter,odepe_shade,0.0,boost_converter_8_0,1,1,357.71452498435974,5,0,1.523835523995313e-14,2.58021846040497e-13,1.2323912669018223e-12,5.513741290933795e-13,1,1,1,8,0,,0,0,,0
boost_converter,odepe_shade,0.0,boost_converter_9_0,1,1,428.83721590042114,5,0,2.6317688652809834e-14,1.072856014464962e-13,4.5086589584452787e-13,2.0313694686265748e-13,1,1,1,9,0,,0,0,,0
brusselator,odepe_shade,0.0,brusselator_0_0,1,1,321.21149611473083,4,0,6.503175423211085e-14,6.961658327608726e-14,1.460360701302675e-13,8.799060123764143e-14,1,1,1,0,0,,0,0,,0
brusselator,odepe_shade,0.0,brusselator_1_0,1,1,556.4786548614502,4,0,5.337939997917221e-13,6.610493650482035e-13,1.5571215032622262e-12,8.806380130945035e-13,1,1,1,1,0,,0,0,,0
brusselator,odepe_shade,0.0,brusselator_2_0,1,1,553.6154301166534,4,0,1.9803783101363338e-13,2.4359105046959713e-13,5.767216928405619e-13,3.4206352669711524e-13,1,1,1,2,0,,0,0,,0
brusselator,odepe_shade,0.0,brusselator_3_0,1,1,551.8098609447479,4,0,2.5119359445122703e-13,2.5614439028689575e-13,5.135765729161408e-13,3.3418809153310595e-13,1,1,1,3,0,,0,0,,0
brusselator,odepe_shade,0.0,brusselator_4_0,1,1,567.1966300010681,4,0,1.6628172046169077e-13,1.5838449100133938e-13,3.0010716134398763e-13,2.0878918895841173e-13,1,1,1,4,0,,0,0,,0
brusselator,odepe_shade,0.0,brusselator_5_0,1,1,175.78514099121094,4,0,2.4045715082595875,2.5338618894562646,4.327321504994809,2.967887926476425,0,0,0,5,0,,0,0,,0
brusselator,odepe_shade,0.0,brusselator_6_0,1,1,156.14927887916565,4,0,1.737713107946115,3.2858305976086886,9.545873613476767,4.957135075038861,0,0,0,6,0,,0,0,,0
brusselator,odepe_shade,0.0,brusselator_7_0,1,1,3122.027666091919,4,0,1.0594396572560439e-11,1.457894946898325e-11,3.702375075272016e-11,2.0086396552843984e-11,1,1,1,7,0,,0,0,,0
brusselator,odepe_shade,0.0,brusselator_8_0,1,1,183.37324619293213,4,0,3.2585291701568435,7.12132294389523,21.691770046547724,11.209040797936037,0,0,0,8,0,,0,0,,0
brusselator,odepe_shade,0.0,brusselator_9_0,1,1,544.7764019966125,4,0,1.3387126555239782e-13,1.486541892143633e-13,3.236468332392123e-13,1.8902044391195003e-13,1,1,1,9,0,,0,0,,0
crauste,odepe_shade,0.0,crauste_0_0,1,1,981.9636569023132,17,0,0.00016864721868160314,0.14442663515702586,0.999042482953519,0.34815108164903397,0,0,0,0,0,,0,0,,0
crauste,odepe_shade,0.0,crauste_1_0,1,1,159.2767951488495,17,0,0.9911511843004183,1.4828950353987516,7.92536161176308,2.277700845844829,0,0,0,1,0,,0,0,,1
crauste,odepe_shade,0.0,crauste_2_0,1,1,829.7546229362488,17,0,1.6782916852595274e-11,1.7402940829372522e-09,1.4146643890966982e-08,4.509942419463924e-09,1,1,1,2,0,,0,0,,0
crauste,odepe_shade,0.0,crauste_3_0,1,1,2331.130959033966,17,0,0.9753494707922695,2.580586515020638,13.265335235378034,5.191385473383324,0,0,0,3,0,,0,0,,1
crauste,odepe_shade,0.0,crauste_4_0,1,1,2226.7888989448547,17,0,0.9999441276680604,3.474041917177191,17.065023061990324,6.584025550971644,0,0,0,4,0,,0,0,,0
crauste,odepe_shade,0.0,crauste_5_0,1,1,853.4071710109711,17,0,0.9935183544245275,1.4726120872911357,12.175230566534916,3.1609551665446474,0,0,0,5,0,,0,0,,4
crauste,odepe_shade,0.0,crauste_6_0,1,1,915.4662818908691,17,0,4.1424246072914663e-13,1.4487091635664443e-10,1.6446931265461044e-09,4.384594395726261e-10,1,1,1,6,0,,0,0,,0
crauste,odepe_shade,0.0,crauste_7_0,1,1,164.01719880104065,17,0,0.9853642682909813,1.9701184705592112,10.541690316765798,3.3275099547455107,0,0,0,7,0,,0,0,,1
crauste,odepe_shade,0.0,crauste_8_0,1,1,1731.7378981113434,17,0,0.8087152086456788,4.652537540867558,61.89308176100629,15.144574470722736,0,0,0,8,0,,0,0,,0
crauste,odepe_shade,0.0,crauste_9_0,1,1,161.16003108024597,17,0,0.9997309101305775,2.5781274640156164,10.452165426277448,4.079128182728931,0,0,0,9,0,,0,0,,1
cstr,odepe_shade,0.0,cstr_0_0,1,1,357.982342004776,7,0,5.963815828614716e-13,6.200218105656719e-08,2.1728170594792936e-07,1.146090134772353e-07,1,1,1,0,0,,0,0,,0
cstr,odepe_shade,0.0,cstr_1_0,1,1,373.39753890037537,7,0,2.0179053623254534e-13,2.536703874412642e-09,8.960213948831467e-09,4.470710186693649e-09,1,1,1,1,0,,0,0,,0
cstr,odepe_shade,0.0,cstr_2_0,1,1,480.2021028995514,7,0,0.03332927447067026,2.3207506796069914,14.455950540958272,5.482903782073913,0,0,0,2,0,,0,0,,0
cstr,odepe_shade,0.0,cstr_3_0,1,1,440.0168950557709,7,0,8.276545558158775e-13,2.821546495310814e-07,9.881451685093284e-07,5.251072321571725e-07,1,1,1,3,0,,0,0,,0
cstr,odepe_shade,0.0,cstr_4_0,1,1,676.3639421463013,7,0,3.6644386540634125e-13,7.1447976673784534e-12,2.221692217951423e-11,1.1439636541744288e-11,1,1,1,4,0,,0,0,,0
cstr,odepe_shade,0.0,cstr_5_0,1,1,1850.8016269207,7,0,3.7114353822531333e-10,2.8001224700067472e-08,9.518889007284558e-08,5.091418190506641e-08,1,1,1,5,0,,0,0,,0
cstr,odepe_shade,0.0,cstr_6_0,1,1,445.2847681045532,7,0,0.0347793565821068,5.33572631654511,26.027027027027035,10.581803754868195,0,0,0,6,0,,0,0,,0
cstr,odepe_shade,0.0,cstr_7_0,1,1,561.68501496315,7,0,2.3513529431986525e-13,1.0172031462023339e-11,3.3347835938787915e-11,1.6624738598310043e-11,1,1,1,7,0,,0,0,,0
cstr,odepe_shade,0.0,cstr_8_0,1,1,629.1815450191498,7,0,7.520384682300776e-13,3.882100397898411e-12,1.3023508197799552e-11,6.290481606221613e-12,1,1,1,8,0,,0,0,,0
cstr,odepe_shade,0.0,cstr_9_0,1,1,3662.1588320732117,7,0,7.744843282655125e-05,0.0012171605546972808,0.003967230722090013,0.0021255826083187773,1,1,1,9,0,,0,0,,0
daisy_mamil3,odepe_shade,0.0,daisy_mamil3_0_0,1,1,361.36955094337463,8,0,0.516930391563251,0.5717789714958282,0.9999887640449439,0.6789974276846794,0,0,0,0,0,,0,0,,0
daisy_mamil3,odepe_shade,0.0,daisy_mamil3_1_0,1,1,306.5472869873047,8,0,1.1396214392419901e-14,1.8012339258055195e-14,6.509944098938418e-14,2.6275483520605566e-14,1,1,1,1,0,,0,0,,0
daisy_mamil3,odepe_shade,0.0,daisy_mamil3_2_0,1,1,305.2290470600128,8,0,3.3318976126589437e-13,5.574914640523384e-13,1.7108536809473662e-12,7.988294526995734e-13,1,1,1,2,0,,0,0,,0
daisy_mamil3,odepe_shade,0.0,daisy_mamil3_3_0,1,1,304.55240297317505,8,0,0.33628401646248174,0.4824160854883558,0.9999868938395059,0.6436836640303515,0,0,0,3,0,,0,0,,0
daisy_mamil3,odepe_shade,0.0,daisy_mamil3_4_0,1,1,359.06818294525146,8,0,9.487398973813216e-14,1.2014948337756584e-13,3.9688287651954413e-13,1.6988640493374278e-13,1,1,1,4,0,,0,0,,0
daisy_mamil3,odepe_shade,0.0,daisy_mamil3_5_0,1,1,349.76007413864136,8,0,1.5455785599061532e-12,2.706944097360464e-12,6.495570365108631e-12,3.910989827794538e-12,1,1,1,5,0,,0,0,,0
daisy_mamil3,odepe_shade,0.0,daisy_mamil3_6_0,1,1,355.90514183044434,8,0,2.3524907504408742e-14,4.178871883513707e-14,1.2036227393952094e-13,5.980918801721762e-14,1,1,1,6,0,,0,0,,0
daisy_mamil3,odepe_shade,0.0,daisy_mamil3_7_0,1,1,357.02731013298035,8,0,1.4186428540416082e-13,1.0551333207259142e-12,5.910138633635353e-12,2.181416838964489e-12,1,1,1,7,0,,0,0,,0
daisy_mamil3,odepe_shade,0.0,daisy_mamil3_8_0,1,1,359.4983379840851,8,0,6.0237873406330845e-12,6.305465855329413e-12,1.546355352767339e-11,8.026421514229987e-12,1,1,1,8,0,,0,0,,0
daisy_mamil3,odepe_shade,0.0,daisy_mamil3_9_0,1,1,344.37729692459106,8,0,1.4122707887147974e-13,5.283203206555703e-13,2.7225222597996944e-12,1.0158576933806279e-12,1,1,1,9,0,,0,0,,0
daisy_mamil4,odepe_shade,0.0,daisy_mamil4_0_0,1,1,457.67809200286865,11,0,0.25126475548116695,0.4051413483546153,1.8686868686851648,0.6801060096999568,0,0,0,0,0,,0,0,,0
daisy_mamil4,odepe_shade,0.0,daisy_mamil4_1_0,1,1,463.7074282169342,11,0,9.051738815085024e-13,2.6815139774020164e-12,1.3453791591354849e-11,4.865426236840739e-12,1,1,1,1,0,,0,0,,0
daisy_mamil4,odepe_shade,0.0,daisy_mamil4_2_0,1,1,466.4228971004486,11,0,0.0821452817378436,0.5299627587303506,2.9774011299430034,1.0274005317513033,0,0,0,2,0,,0,0,,0
daisy_mamil4,odepe_shade,0.0,daisy_mamil4_3_0,1,1,440.89499282836914,11,0,0.9738444663633273,0.9681999126413653,5.08969779735779,1.6775321347207723,0,0,0,3,0,,0,0,,0
daisy_mamil4,odepe_shade,0.0,daisy_mamil4_4_0,1,1,536.7795751094818,11,0,1.0572667799359232e-12,3.808057144234617e-12,1.149198939319444e-11,6.0122133105132234e-12,1,1,1,4,0,,0,0,,0
daisy_mamil4,odepe_shade,0.0,daisy_mamil4_5_0,1,1,476.2488169670105,11,0,2.630006188867993e-13,9.729413414004495e-13,6.5359042964110775e-12,2.0648417089518242e-12,1,1,1,5,0,,0,0,,0
daisy_mamil4,odepe_shade,0.0,daisy_mamil4_6_0,1,1,609.0257709026337,11,0,1.6761804101800768e-13,3.955767805067724e-13,1.7204680612898686e-12,6.556145287373901e-13,1,1,1,6,0,,0,0,,0
daisy_mamil4,odepe_shade,0.0,daisy_mamil4_7_0,1,1,465.6452159881592,11,0,0.24907292954241908,0.39238493916257455,1.7088331515849946,0.6438925585056595,0,0,0,7,0,,0,0,,0
daisy_mamil4,odepe_shade,0.0,daisy_mamil4_8_0,1,1,717.639799118042,11,0,0.045933887022832166,0.5403859501063702,4.105795384063849,1.277678124235996,0,0,0,8,0,,0,0,,0
daisy_mamil4,odepe_shade,0.0,daisy_mamil4_9_0,1,1,451.9434850215912,11,0,7.087584487562383e-14,1.3106298833809272e-13,4.2565157747682337e-13,1.9545321286444039e-13,1,1,1,9,0,,0,0,,0
dc_motor,odepe_shade,0.0,dc_motor_0_0,1,1,205.98873805999756,4,0,1.3676275254159654e-14,1.2222403535302557e-14,2.0345106397863913e-14,1.430452531500115e-14,1,1,1,0,0,,0,0,,0
dc_motor,odepe_shade,0.0,dc_motor_1_0,1,1,175.67966508865356,4,0,3.433063764725735e-14,5.667566714503678e-14,1.574153276702423e-13,8.239516087552684e-14,1,1,1,1,0,,0,0,,0
dc_motor,odepe_shade,0.0,dc_motor_2_0,1,1,168.3915560245514,4,0,3.472883733015285e-14,7.333250507394782e-14,2.2245886724765262e-13,1.139719781746368e-13,1,1,1,2,0,,0,0,,0
dc_motor,odepe_shade,0.0,dc_motor_3_0,1,1,178.1675510406494,4,0,7.153620492556418e-14,2.9252902157334333e-13,1.0264011862659572e-12,5.1589873530333e-13,1,1,1,3,0,,0,0,,0
dc_motor,odepe_shade,0.0,dc_motor_4_0,1,1,182.9545440673828,4,0,3.859664119368618e-14,6.241388674835256e-14,1.7148980648227864e-13,9.148049202593693e-14,1,1,1,4,0,,0,0,,0
dc_motor,odepe_shade,0.0,dc_motor_5_0,1,1,187.55608987808228,4,0,2.3152743066225532e-14,5.445521983592928e-14,1.702749205580536e-13,8.67058056030756e-14,1,1,1,5,0,,0,0,,0
dc_motor,odepe_shade,0.0,dc_motor_6_0,1,1,167.0853910446167,4,0,2.247992784194409e-14,4.7545240927533686e-14,1.438978386286004e-13,7.467072786944449e-14,1,1,1,6,0,,0,0,,0
dc_motor,odepe_shade,0.0,dc_motor_7_0,1,1,179.0126850605011,4,0,1.5947939578369235e-14,3.149267087384021e-14,9.32850115365516e-14,4.8590083421869296e-14,1,1,1,7,0,,0,0,,0
dc_motor,odepe_shade,0.0,dc_motor_8_0,1,1,242.70402884483337,4,0,8.568779209396288e-13,8.186929083883101e-13,1.5603849831372642e-12,1.0206382324763867e-12,1,1,1,8,0,,0,0,,0
dc_motor,odepe_shade,0.0,dc_motor_9_0,1,1,207.24222779273987,4,0,3.481379505018828e-14,6.172030225254138e-14,1.7642261365183604e-13,9.164036935926122e-14,1,1,1,9,0,,0,0,,0
fitzhugh_nagumo,odepe_shade,0.0,fitzhugh_nagumo_0_0,1,1,246.7216899394989,5,0,2.6431124419368135e-13,2.1946364734353358e-12,8.023723529564895e-12,3.7566566119237664e-12,1,1,1,0,0,,0,0,,0
fitzhugh_nagumo,odepe_shade,0.0,fitzhugh_nagumo_1_0,1,1,262.41327714920044,5,0,1.7334742479417338e-13,3.995217544680675e-12,1.5046904383566683e-11,7.049771052313111e-12,1,1,1,1,0,,0,0,,0
fitzhugh_nagumo,odepe_shade,0.0,fitzhugh_nagumo_2_0,1,1,253.81484293937683,5,0,1.358615313649082e-12,2.22256848295277e-12,7.092453487006723e-12,3.3506981329091536e-12,1,1,1,2,0,,0,0,,0
fitzhugh_nagumo,odepe_shade,0.0,fitzhugh_nagumo_3_0,1,1,260.5766508579254,5,0,5.212398850789922e-12,1.4034212076283875e-11,3.1478045031308114e-11,1.9922118168192668e-11,1,1,1,3,0,,0,0,,0
fitzhugh_nagumo,odepe_shade,0.0,fitzhugh_nagumo_4_0,1,1,259.20567512512207,5,0,1.6500211159084225e-12,6.427545501944367e-12,2.694145045369165e-11,1.2134108319617534e-11,1,1,1,4,0,,0,0,,0
fitzhugh_nagumo,odepe_shade,0.0,fitzhugh_nagumo_5_0,1,1,237.9581151008606,5,0,2.606554056643371e-13,2.638260061859648e-12,8.181726900918168e-12,4.199581363751386e-12,1,1,1,5,0,,0,0,,0
fitzhugh_nagumo,odepe_shade,0.0,fitzhugh_nagumo_6_0,1,1,232.849946975708,5,0,2.066566340224375e-13,9.859719723623985e-13,4.335057754097107e-12,1.9460066372360456e-12,1,1,1,6,0,,0,0,,0
fitzhugh_nagumo,odepe_shade,0.0,fitzhugh_nagumo_7_0,1,1,253.98425197601318,5,0,1.6464341449674452e-13,8.533515434718943e-13,2.1874779498031778e-12,1.2812245116797628e-12,1,1,1,7,0,,0,0,,0
fitzhugh_nagumo,odepe_shade,0.0,fitzhugh_nagumo_8_0,1,1,247.4177269935608,5,0,1.1125359892597924e-12,3.0158702664520544e-12,1.0638535907593637e-11,4.931024864545943e-12,1,1,1,8,0,,0,0,,0
fitzhugh_nagumo,odepe_shade,0.0,fitzhugh_nagumo_9_0,1,1,238.44188904762268,5,0,3.443164309040639e-12,2.192244235658375e-11,9.664681796821629e-11,4.336511898232685e-11,1,1,1,9,0,,0,0,,0
flexible_arm,odepe_shade,0.0,flexible_arm_0_0,1,1,724.3652358055115,9,0,5.145111233861567e-13,9.237687644627539e-13,4.711293084053775e-12,1.6351884620047056e-12,1,1,1,0,0,,0,0,,0
flexible_arm,odepe_shade,0.0,flexible_arm_1_0,1,1,2012.336255788803,9,0,3.7861957500538204e-13,5.376243106058773e-13,1.5116417410020814e-12,7.185402873127239e-13,1,1,1,1,0,,0,0,,0
flexible_arm,odepe_shade,0.0,flexible_arm_2_0,1,1,12449.734815835953,9,0,0.869247547501999,2.915721252601958,19.790020790020794,6.66533555770816,0,0,0,2,0,,0,0,,0
flexible_arm,odepe_shade,0.0,flexible_arm_3_0,1,1,732.0642931461334,9,0,1.9278007709306672e-13,2.494782856428533e-13,7.798796080628084e-13,3.3432921022659996e-13,1,1,1,3,0,,0,0,,0
flexible_arm,odepe_shade,0.0,flexible_arm_4_0,1,1,694.6602580547333,9,0,3.1043815784104695e-13,3.2239326757924193e-13,6.764028933623773e-13,3.897914634731196e-13,1,1,1,4,0,,0,0,,0
flexible_arm,odepe_shade,0.0,flexible_arm_5_0,1,1,658.0243051052094,9,0,4.109179121630915e-13,7.379382728291094e-13,2.4958903383045547e-12,1.0649212234464352e-12,1,1,1,5,0,,0,0,,0
flexible_arm,odepe_shade,0.0,flexible_arm_6_0,1,1,982.2288739681244,9,0,3.7901632922011926e-13,5.085069173706223e-13,1.6414339023798322e-12,7.010580395800561e-13,1,1,1,6,0,,0,0,,0
flexible_arm,odepe_shade,0.0,flexible_arm_7_0,1,1,1236.258880853653,9,0,8.241112957143578e-13,1.3840754711123936e-12,3.8954754914735076e-12,1.923709378579529e-12,1,1,1,7,0,,0,0,,0
flexible_arm,odepe_shade,0.0,flexible_arm_8_0,1,1,801.3454539775848,9,0,1.4347970951280987e-12,1.979353557119945e-12,7.96471400853164e-12,3.028964501771062e-12,1,1,1,8,0,,0,0,,0
flexible_arm,odepe_shade,0.0,flexible_arm_9_0,1,1,823.6914949417114,9,0,5.67471000878463e-13,1.1126108121139473e-12,3.3112493312005084e-12,1.5042676264129423e-12,1,1,1,9,0,,0,0,,0
forced_lotka_volterra,odepe_shade,0.0,forced_lotka_volterra_0_0,1,1,346.2414171695709,6,0,1.1871744063345625e-14,2.3959028291385365e-14,8.87033859880924e-14,3.8257195077126223e-14,1,1,1,0,0,,0,0,,0
forced_lotka_volterra,odepe_shade,0.0,forced_lotka_volterra_1_0,1,1,383.62193393707275,6,0,6.030525674015175e-14,8.089382271079838e-14,2.1126186331895964e-13,1.050427648974673e-13,1,1,1,1,0,,0,0,,0
forced_lotka_volterra,odepe_shade,0.0,forced_lotka_volterra_2_0,1,1,250.63788390159607,6,0,0.9079032459429393,1.8199194211792042,7.15549846767732,3.0167965149553884,0,0,0,2,0,,0,0,,0
forced_lotka_volterra,odepe_shade,0.0,forced_lotka_volterra_3_0,1,1,364.13484811782837,6,0,7.251253922208115e-14,1.1437355616681602e-12,5.789200287984522e-12,2.3872771749333993e-12,1,1,1,3,0,,0,0,,0
forced_lotka_volterra,odepe_shade,0.0,forced_lotka_volterra_4_0,1,1,289.22908902168274,6,0,0.9821483196545877,1.8727182943517544,4.68636118598249,2.494591615033949,0,0,0,4,0,,0,0,,0
forced_lotka_volterra,odepe_shade,0.0,forced_lotka_volterra_5_0,1,1,311.2060558795929,6,0,1.8894089652812653,7.130441865664465,22.560355267227123,11.13023601333686,0,0,0,5,0,,0,0,,0
forced_lotka_volterra,odepe_shade,0.0,forced_lotka_volterra_6_0,1,1,335.4233868122101,6,0,1.1767207578709343e-14,1.4726577377886937e-13,8.08673437533745e-13,3.3077626062021973e-13,1,1,1,6,0,,0,0,,0
forced_lotka_volterra,odepe_shade,0.0,forced_lotka_volterra_7_0,1,1,382.60706782341003,6,0,1.0710476283678934e-13,1.852171190327363e-12,8.880430266483418e-12,3.715876775184491e-12,1,1,1,7,0,,0,0,,0
forced_lotka_volterra,odepe_shade,0.0,forced_lotka_volterra_8_0,1,1,264.4106750488281,6,0,0.9883826344718867,1.5596427455550712,3.7842049755500184,2.0923329359960667,0,0,0,8,0,,0,0,,0
forced_lotka_volterra,odepe_shade,0.0,forced_lotka_volterra_9_0,1,1,345.237272977829,6,0,5.6068263192635957e-14,8.147064150187746e-13,3.8320746756472374e-12,1.606346439186552e-12,1,1,1,9,0,,0,0,,0
harmonic_oscillator,odepe_shade,0.0,harmonic_oscillator_0_0,1,1,191.63964700698853,4,0,1.1978811087226355e-14,3.50299615118175e-14,1.161622238728173e-13,5.923068034496416e-14,1,1,1,0,0,,0,0,,0
harmonic_oscillator,odepe_shade,0.0,harmonic_oscillator_1_0,1,1,200.40951108932495,4,0,1.4936797159932988e-14,2.9909386991105775e-14,8.721497221046877e-14,4.570369372686154e-14,1,1,1,1,0,,0,0,,0
harmonic_oscillator,odepe_shade,0.0,harmonic_oscillator_2_0,1,1,186.58852910995483,4,0,1.445421629826443e-14,1.7985084266984062e-14,3.426207553739355e-14,2.0550160644645568e-14,1,1,1,2,0,,0,0,,0
harmonic_oscillator,odepe_shade,0.0,harmonic_oscillator_3_0,1,1,196.29099702835083,4,0,2.757602721561871e-14,3.4671929145544994e-14,7.393949675202163e-14,4.380303372507779e-14,1,1,1,3,0,,0,0,,0
harmonic_oscillator,odepe_shade,0.0,harmonic_oscillator_4_0,1,1,221.67848801612854,4,0,9.897311728349557e-15,3.442235700016016e-14,1.1695393757392023e-13,5.916039188288497e-14,1,1,1,4,0,,0,0,,0
harmonic_oscillator,odepe_shade,0.0,harmonic_oscillator_5_0,1,1,224.5930290222168,4,0,1.6229463147632387e-15,8.263119255500323e-15,2.965087288831981e-14,1.4870919828066373e-14,1,1,1,5,0,,0,0,,0
harmonic_oscillator,odepe_shade,0.0,harmonic_oscillator_6_0,1,1,224.3721079826355,4,0,7.172493461601591e-15,1.887110270458273e-14,6.031500085703975e-14,3.0598210521223584e-14,1,1,1,6,0,,0,0,,0
harmonic_oscillator,odepe_shade,0.0,harmonic_oscillator_7_0,1,1,222.7852292060852,4,0,2.7427486180728435e-14,4.031775089792784e-14,9.758092307633058e-14,5.408718042575634e-14,1,1,1,7,0,,0,0,,0
harmonic_oscillator,odepe_shade,0.0,harmonic_oscillator_8_0,1,1,221.16294598579407,4,0,9.88799016424741e-15,4.8584055705672224e-14,1.7178815004818868e-13,8.629137768200162e-14,1,1,1,8,0,,0,0,,0
harmonic_oscillator,odepe_shade,0.0,harmonic_oscillator_9_0,1,1,222.90403604507446,4,0,5.44945538319359e-15,1.2251559365685953e-14,3.6831208277247257e-14,1.8959373181099172e-14,1,1,1,9,0,,0,0,,0
hiv,odepe_shade,0.0,hiv_0_0,1,1,570.6771030426025,15,0,7.0405462389987945e-12,2.8218465642166714e-08,4.2142498068582684e-07,1.0881171979515458e-07,1,1,1,0,0,,0,0,,0
hiv,odepe_shade,0.0,hiv_1_0,1,1,573.0372622013092,15,0,2.5698397658235242e-12,1.3446635700196185e-10,1.9171286631781398e-09,4.95116083811331e-10,1,1,1,1,0,,0,0,,0
hiv,odepe_shade,0.0,hiv_2_0,1,1,559.4502449035645,15,0,6.549141006108927e-12,6.36839313872943e-09,9.51941683160223e-08,2.457905589323662e-08,1,1,1,2,0,,0,0,,0
hiv,odepe_shade,0.0,hiv_3_0,1,1,563.9177739620209,15,0,1.8742351221459396e-12,1.1663268693419566e-10,1.719843923421369e-09,4.4407569972846003e-10,1,1,1,3,0,,0,0,,0
hiv,odepe_shade,0.0,hiv_4_0,1,1,558.6335501670837,15,0,1.1984305345659248e-12,2.9795089454209228e-09,4.450502025855683e-08,1.1491167442636488e-08,1,1,1,4,0,,0,0,,0
hiv,odepe_shade,0.0,hiv_5_0,1,1,525.2304480075836,15,0,0.7353650286315945,1.8245607827958168,20.46206698071051,5.3225469183141705,0,0,0,5,0,,0,0,,1
hiv,odepe_shade,0.0,hiv_6_0,1,1,569.5320518016815,15,0,3.1437081240377723e-12,1.259485614500388e-09,1.8745324940745232e-08,4.8400556429183324e-09,1,1,1,6,0,,0,0,,0
hiv,odepe_shade,0.0,hiv_7_0,1,1,813.0384240150452,15,0,0.9800724141977729,3.9950312825765817,43.05286343612335,11.287204517008131,0,0,0,7,0,,0,0,,0
hiv,odepe_shade,0.0,hiv_8_0,1,1,547.3133170604706,15,0,6.346014530711282e-12,7.79971298449293e-08,1.1681057781096203e-06,3.0160370387071174e-07,1,1,1,8,0,,0,0,,2
hiv,odepe_shade,0.0,hiv_9_0,1,1,562.9412970542908,15,0,9.83563599241433e-12,1.0229792302253304e-08,1.528300129175529e-07,3.946059860666149e-08,1,1,1,9,0,,0,0,,2
lotka_volterra,odepe_shade,0.0,lotka_volterra_0_0,1,1,217.43339085578918,5,0,9.323717633987965e-14,1.4931545398006364e-13,4.3422867640766814e-13,2.2039702361391237e-13,1,1,1,0,0,,0,0,,0
lotka_volterra,odepe_shade,0.0,lotka_volterra_1_0,1,1,233.42656302452087,5,0,3.6271490861333244e-14,2.0042558413995417e-13,7.700607069298548e-13,3.512723503845433e-13,1,1,1,1,0,,0,0,,0
lotka_volterra,odepe_shade,0.0,lotka_volterra_2_0,1,1,212.37792491912842,5,0,1.018713732898477e-13,9.180816876946639e-14,1.6846092422263662e-13,1.073960459032855e-13,1,1,1,2,0,,0,0,,0
lotka_volterra,odepe_shade,0.0,lotka_volterra_3_0,1,1,194.33399486541748,5,0,0.9869006517877961,1.9231034934627629,4.636538537421297,2.556768036065149,0,0,0,3,0,,0,0,,0
lotka_volterra,odepe_shade,0.0,lotka_volterra_4_0,1,1,204.6343879699707,5,0,1.6575474014944722e-13,1.760641739948194e-13,4.757430404678867e-13,2.4264209744338997e-13,1,1,1,4,0,,0,0,,0
lotka_volterra,odepe_shade,0.0,lotka_volterra_5_0,1,1,234.12974405288696,5,0,3.372625176550258e-14,3.780414590960602e-14,8.287021862380633e-14,4.968951047647391e-14,1,1,1,5,0,,0,0,,0
lotka_volterra,odepe_shade,0.0,lotka_volterra_6_0,1,1,223.7925570011139,5,0,4.89404435344967e-13,4.867569700986254e-13,9.556492905055972e-13,5.727516069516124e-13,1,1,1,6,0,,0,0,,0
lotka_volterra,odepe_shade,0.0,lotka_volterra_7_0,1,1,216.38415503501892,5,0,0.9988430302509811,3.7342944633907904,10.05396893437904,5.416349822561259,0,0,0,7,0,,0,0,,0
lotka_volterra,odepe_shade,0.0,lotka_volterra_8_0,1,1,270.2510778903961,5,0,6.214681948248564e-13,6.227721091365752e-13,1.286233991943779e-12,7.336852956966832e-13,1,1,1,8,0,,0,0,,0
lotka_volterra,odepe_shade,0.0,lotka_volterra_9_0,1,1,256.9779930114746,5,0,2.9004576518332215e-14,3.489567583031982e-14,7.395686292565698e-14,4.095841405489987e-14,1,1,1,9,0,,0,0,,0
mass_spring_damper,odepe_shade,0.0,mass_spring_damper_0_0,1,1,221.50707697868347,5,0,1.7244588400242816e-14,2.6332767618161096e-14,6.501858597252298e-14,3.623097865893408e-14,1,1,1,0,0,,0,0,,0
mass_spring_damper,odepe_shade,0.0,mass_spring_damper_1_0,1,1,229.7305610179901,5,0,3.00060276925718e-15,3.9090252631538766e-14,1.751819301537158e-13,7.869337466168502e-14,1,1,1,1,0,,0,0,,0
mass_spring_damper,odepe_shade,0.0,mass_spring_damper_2_0,1,1,217.3441140651703,5,0,3.0183368281771395e-15,6.421939095689311e-14,3.1090099630562114e-13,1.390596668781204e-13,1,1,1,2,0,,0,0,,0
mass_spring_damper,odepe_shade,0.0,mass_spring_damper_3_0,1,1,219.81099796295166,5,0,1.2994976878564172e-14,2.187284564558763e-14,7.563924041816429e-14,3.526980135256708e-14,1,1,1,3,0,,0,0,,0
mass_spring_damper,odepe_shade,0.0,mass_spring_damper_4_0,1,1,234.5558898448944,5,0,2.7841506190290304e-14,2.52161891752779e-14,6.456870579403173e-14,3.389878037042808e-14,1,1,1,4,0,,0,0,,0
mass_spring_damper,odepe_shade,0.0,mass_spring_damper_5_0,1,1,223.85995411872864,5,0,5.738231363231146e-15,3.3222955707017174e-14,1.4380031557049646e-13,6.466984087626698e-14,1,1,1,5,0,,0,0,,0
mass_spring_damper,odepe_shade,0.0,mass_spring_damper_6_0,1,1,247.54085516929626,5,0,3.478142307722921e-15,4.18663865908702e-14,1.3246979271095619e-13,6.723717731924823e-14,1,1,1,6,0,,0,0,,0
mass_spring_damper,odepe_shade,0.0,mass_spring_damper_7_0,1,1,214.28121304512024,5,0,5.072084884074319e-15,3.7693101498657834e-14,1.5446581212176091e-13,7.009096771243702e-14,1,1,1,7,0,,0,0,,0
mass_spring_damper,odepe_shade,0.0,mass_spring_damper_8_0,1,1,202.86904287338257,5,0,6.608470384673551e-15,3.790376116775719e-14,1.637818233525689e-13,7.361690625707194e-14,1,1,1,8,0,,0,0,,0
mass_spring_damper,odepe_shade,0.0,mass_spring_damper_9_0,1,1,215.9991009235382,5,0,7.891946801552319e-15,3.3096704807208194e-14,1.1794917055376448e-13,5.544744027586548e-14,1,1,1,9,0,,0,0,,0
quadrotor,odepe_shade,0.0,quadrotor_0_0,1,1,214.4213569164276,4,0,2.5364628867288597e-14,3.663591302930506e-14,9.225796965194964e-14,4.99579074125816e-14,1,1,1,0,0,,0,0,,0
quadrotor,odepe_shade,0.0,quadrotor_1_0,1,1,213.56586694717407,4,0,3.454141620110323e-14,1.9075017678087394e-13,6.890662903657119e-13,3.4549631630196735e-13,1,1,1,1,0,,0,0,,0
quadrotor,odepe_shade,0.0,quadrotor_2_0,1,1,200.533833026886,4,0,4.1580817948854464e-14,4.5913040723187306e-14,9.012398670486565e-14,5.752410614608304e-14,1,1,1,2,0,,0,0,,0
quadrotor,odepe_shade,0.0,quadrotor_3_0,1,1,181.85508108139038,4,0,7.515434844248125e-15,1.2027485077914219e-14,2.9189754294855936e-14,1.571827276660029e-14,1,1,1,3,0,,0,0,,0
quadrotor,odepe_shade,0.0,quadrotor_4_0,1,1,176.87173891067505,4,0,2.4948024721942967e-14,9.428965595452303e-14,3.174054540621137e-13,1.600433912382501e-13,1,1,1,4,0,,0,0,,0
quadrotor,odepe_shade,0.0,quadrotor_5_0,1,1,161.90837621688843,4,0,4.330183861957382e-14,1.0734518222386304e-13,3.3229161197928916e-13,1.6905204857562848e-13,1,1,1,5,0,,0,0,,0
quadrotor,odepe_shade,0.0,quadrotor_6_0,1,1,177.04604196548462,4,0,2.2862605280757632e-14,2.5516106469372547e-14,4.3855266458290304e-14,2.8399633231883922e-14,1,1,1,6,0,,0,0,,0
quadrotor,odepe_shade,0.0,quadrotor_7_0,1,1,173.85130906105042,4,0,2.522470704060725e-14,2.5488846545336013e-14,3.8622838025980974e-14,2.779633391571669e-14,1,1,1,7,0,,0,0,,0
quadrotor,odepe_shade,0.0,quadrotor_8_0,1,1,173.1682641506195,4,0,6.105105422146343e-15,2.3456764290122042e-14,7.839074734684382e-14,3.9479124138887355e-14,1,1,1,8,0,,0,0,,0
quadrotor,odepe_shade,0.0,quadrotor_9_0,1,1,176.2784321308136,4,0,9.365153984293313e-15,9.760059072150832e-15,1.8550208828535905e-14,1.1488987224361583e-14,1,1,1,9,0,,0,0,,0
repressilator,odepe_shade,0.0,repressilator_0_0,1,1,466.84004616737366,9,0,9.724581237592612e-15,2.1958472620260317e-14,5.257636595806422e-14,2.846323785276747e-14,1,1,1,0,0,,0,0,,0
repressilator,odepe_shade,0.0,repressilator_1_0,1,1,469.1049737930298,9,0,5.854283369021541e-15,9.980243626937119e-15,4.300693286517245e-14,1.5525050549713042e-14,1,1,1,1,0,,0,0,,0
repressilator,odepe_shade,0.0,repressilator_2_0,1,1,452.87494921684265,9,0,1.0240710183218866e-14,2.949930091257571e-14,1.8568642400163435e-13,6.276788583856587e-14,1,1,1,2,0,,0,0,,0
repressilator,odepe_shade,0.0,repressilator_3_0,1,1,452.57789421081543,9,0,9.464196275493138e-15,6.480763583625214e-14,1.7047406010833807e-13,9.42940238309025e-14,1,1,1,3,0,,0,0,,0
repressilator,odepe_shade,0.0,repressilator_4_0,1,1,451.9713931083679,9,0,1.4037302610203129e-14,2.9787880558589367e-14,1.6421737605155412e-13,5.673470087252245e-14,1,1,1,4,0,,0,0,,0
repressilator,odepe_shade,0.0,repressilator_5_0,1,1,456.1752631664276,9,0,1.1363459193222191e-14,2.960139392366175e-14,1.1541798185865597e-13,4.560777349874708e-14,1,1,1,5,0,,0,0,,0
repressilator,odepe_shade,0.0,repressilator_6_0,1,1,444.0097210407257,9,0,1.5573264146325724e-14,8.740737955190186e-14,6.203885142234092e-13,2.0980607719176518e-13,1,1,1,6,0,,0,0,,0
repressilator,odepe_shade,0.0,repressilator_7_0,1,1,458.0971429347992,9,0,2.0965652315308396e-13,2.7476117691435847e-13,5.491425713199699e-13,3.66815003607274e-13,1,1,1,7,0,,0,0,,0
repressilator,odepe_shade,0.0,repressilator_8_0,1,1,493.1997950077057,9,0,2.4830514953560294e-14,3.325234960467799e-14,1.0023956085644398e-13,4.5693673657079085e-14,1,1,1,8,0,,0,0,,0
repressilator,odepe_shade,0.0,repressilator_9_0,1,1,438.75570607185364,9,0,1.9336822822262797e-14,2.8133093631560183e-14,1.0374945109799257e-13,4.168310194184317e-14,1,1,1,9,0,,0,0,,0
seir,odepe_shade,0.0,seir_0_0,1,1,371.4300260543823,7,0,0.4360000000007659,0.3423613314558408,0.7730496453911769,0.46942509761178364,0,0,0,0,0,,0,0,,0
seir,odepe_shade,0.0,seir_1_0,1,1,401.72759914398193,7,0,9.646486738544976e-12,1.1065584790396786e-11,2.9225019840048653e-11,1.4862075859528845e-11,1,1,1,1,0,,0,0,,0
seir,odepe_shade,0.0,seir_2_0,1,1,394.2197790145874,7,0,0.21597633135472727,0.14223596672076225,0.28822740623277854,0.1898312203625054,0,0,1,2,0,,0,0,,0
seir,odepe_shade,0.0,seir_3_0,1,1,374.4175179004669,7,0,1.2298740034448625e-12,8.311366760668399e-13,1.7846835120849391e-12,1.0932952843602856e-12,1,1,1,3,0,,0,0,,0
seir,odepe_shade,0.0,seir_4_0,1,1,509.8026888370514,7,0,0.1803400980901746,0.11684489852538985,0.21889403680058958,0.14809798082223027,0,0,1,4,0,,0,0,,0
seir,odepe_shade,0.0,seir_5_0,1,1,543.3957989215851,7,0,0.2718705496792241,2.334937766019376,14.243902439024392,5.401870777535432,0,0,0,5,0,,0,0,,0
seir,odepe_shade,0.0,seir_6_0,1,1,359.7740869522095,7,0,2.6594219784094966e-10,5.083158450524429e-10,1.6490350751574567e-09,7.485721417187265e-10,1,1,1,6,0,,0,0,,0
seir,odepe_shade,0.0,seir_7_0,1,1,350.2117609977722,7,0,2.812559896267475e-10,3.113002268950442e-10,7.987394122510249e-10,4.037657226871422e-10,1,1,1,7,0,,0,0,,0
seir,odepe_shade,0.0,seir_8_0,1,1,294.44186997413635,7,0,0.47104207774460694,0.501045332284458,1.2294063648723927,0.6682704737817318,0,0,0,8,0,,0,0,,0
seir,odepe_shade,0.0,seir_9_0,1,1,343.79269099235535,7,0,6.800841230892675e-12,4.245045453708568e-12,7.918706269132524e-12,5.558112467348427e-12,1,1,1,9,0,,0,0,,0
slow_fast,odepe_shade,0.0,slow_fast_0_0,1,1,396.5001950263977,8,0,2.053185400761446e-14,2.4587287190535154e-14,7.467571534681112e-14,3.4621740158995733e-14,1,1,1,0,0,,0,0,,0
slow_fast,odepe_shade,0.0,slow_fast_1_0,1,1,423.11765813827515,8,0,0.5559101017644149,0.5474959396397252,1.3637096794845078,0.7342383250818877,0,0,0,1,0,,0,0,,0
slow_fast,odepe_shade,0.0,slow_fast_2_0,1,1,428.09139609336853,8,0,5.3186184556264454e-15,7.84972727719424e-15,2.912284535038896e-14,1.1832237648898529e-14,1,1,1,2,0,,0,0,,0
slow_fast,odepe_shade,0.0,slow_fast_3_0,1,1,498.9314739704132,8,0,2.185967776721848e-13,3.8422169184295107e-13,1.3159290036148116e-12,5.80803533856889e-13,1,1,1,3,0,,0,0,,0
slow_fast,odepe_shade,0.0,slow_fast_4_0,1,1,489.9894390106201,8,0,6.473014348724825e-14,7.662782508569846e-14,1.7336368482961058e-13,1.0142220954527966e-13,1,1,1,4,0,,0,0,,0
slow_fast,odepe_shade,0.0,slow_fast_5_0,1,1,484.3002519607544,8,0,3.9042988163005985e-14,4.971220776237336e-14,1.3164415561969997e-13,7.09598173947227e-14,1,1,1,5,0,,0,0,,0
slow_fast,odepe_shade,0.0,slow_fast_6_0,1,1,492.2715561389923,8,0,2.780564677741223e-15,3.0777337054494015e-14,1.3183898417423734e-13,5.738011951297745e-14,1,1,1,6,0,,0,0,,0
slow_fast,odepe_shade,0.0,slow_fast_7_0,1,1,488.7825849056244,8,0,2.335323907555978e-13,2.753141457444271e-13,6.852930921143395e-13,3.891504708131203e-13,1,1,1,7,0,,0,0,,0
slow_fast,odepe_shade,0.0,slow_fast_8_0,1,1,485.4575619697571,8,0,4.1547355334709416e-14,6.728628339878108e-14,2.5037708626939155e-13,1.0600061218385603e-13,1,1,1,8,0,,0,0,,0
slow_fast,odepe_shade,0.0,slow_fast_9_0,1,1,476.0844030380249,8,0,5.5378387367843735e-12,1.4613826519609622e-11,3.905646176842007e-11,2.197541002187327e-11,1,1,1,9,0,,0,0,,0
sirt_treatment,odepe_shade,0.0,sirt_treatment_0_0,1,1,458.07861590385437,9,0,8.071354333328289e-15,4.3244450232675636e-14,1.6691541115637387e-13,7.322744916468097e-14,1,1,1,0,0,,0,0,,0
sirt_treatment,odepe_shade,0.0,sirt_treatment_1_0,1,1,442.465842962265,9,0,3.582508801506096e-14,2.3782040292239156e-13,1.8519630273772236e-12,6.189178680831749e-13,1,1,1,1,0,,0,0,,0
sirt_treatment,odepe_shade,0.0,sirt_treatment_2_0,1,1,441.717787027359,9,0,2.947080781659475e-14,2.0383862162462982e-13,9.390365894441627e-13,3.669628392129635e-13,1,1,1,2,0,,0,0,,0
sirt_treatment,odepe_shade,0.0,sirt_treatment_3_0,1,1,429.9199981689453,9,0,4.5873798586942233e-14,6.341975039730745e-14,2.373101715136272e-13,9.991738941555653e-14,1,1,1,3,0,,0,0,,0
sirt_treatment,odepe_shade,0.0,sirt_treatment_4_0,1,1,435.3665449619293,9,0,2.92673172068941e-14,8.622533144542328e-14,4.764189043271472e-13,1.6811477774672866e-13,1,1,1,4,0,,0,0,,0
sirt_treatment,odepe_shade,0.0,sirt_treatment_5_0,1,1,436.2406599521637,9,0,3.451584452795041e-14,1.2633779490018405e-13,5.802270974454867e-13,2.223020422998092e-13,1,1,1,5,0,,0,0,,0
sirt_treatment,odepe_shade,0.0,sirt_treatment_6_0,1,1,442.6318778991699,9,0,6.518908220249686e-14,2.529088815995182e-13,1.0704162384169625e-12,4.217599095847848e-13,1,1,1,6,0,,0,0,,0
sirt_treatment,odepe_shade,0.0,sirt_treatment_7_0,1,1,448.64390897750854,9,0,2.3047667852977933e-14,2.4426829548968377e-13,1.3177748978514882e-12,4.759642707407028e-13,1,1,1,7,0,,0,0,,0
sirt_treatment,odepe_shade,0.0,sirt_treatment_8_0,1,1,378.81602716445923,9,0,8.688701931849052e-14,7.992424414289526e-13,4.811682053409967e-12,1.662181461090409e-12,1,1,1,8,0,,0,0,,0
sirt_treatment,odepe_shade,0.0,sirt_treatment_9_0,1,1,365.74478006362915,9,0,3.137586808723268e-14,1.5223022490519626e-13,9.6548714340439e-13,3.308630771409899e-13,1,1,1,9,0,,0,0,,0
vanderpol,odepe_shade,0.0,vanderpol_0_0,1,1,218.59427094459534,4,0,3.085015057264635e-15,5.970027714360375e-15,1.645254657262484e-14,8.609586746136908e-15,1,1,1,0,0,,0,0,,0
vanderpol,odepe_shade,0.0,vanderpol_1_0,1,1,203.60673189163208,4,0,2.2843989884568314e-14,2.0496441306864637e-14,3.444122521647383e-14,2.444857371221476e-14,1,1,1,1,0,,0,0,,0
vanderpol,odepe_shade,0.0,vanderpol_2_0,1,1,245.92427802085876,4,0,4.3579009521718736e-14,4.5910065313130534e-14,7.52502398403408e-14,4.9779401327071145e-14,1,1,1,2,0,,0,0,,0
vanderpol,odepe_shade,0.0,vanderpol_3_0,1,1,240.14517903327942,4,0,1.6482735518537928e-14,2.148746354501904e-14,5.189592919728936e-14,2.8640552267637653e-14,1,1,1,3,0,,0,0,,0
vanderpol,odepe_shade,0.0,vanderpol_4_0,1,1,204.79341077804565,4,0,1.2307073542252351e-14,2.6651614890027534e-14,7.712409945654264e-14,3.99521242485829e-14,1,1,1,4,0,,0,0,,0
vanderpol,odepe_shade,0.0,vanderpol_5_0,1,1,218.0213770866394,4,0,2.0053599044514253e-14,1.8755798516163138e-14,3.479111149591368e-14,2.470103083803333e-14,1,1,1,5,0,,0,0,,0
vanderpol,odepe_shade,0.0,vanderpol_6_0,1,1,232.76548600196838,4,0,1.4256031642308177e-14,1.0938878290082148e-14,1.5039364760891437e-14,1.258013202414122e-14,1,1,1,6,0,,0,0,,0
vanderpol,odepe_shade,0.0,vanderpol_7_0,1,1,272.175133228302,4,0,9.980812669596035e-15,8.964405542133191e-15,1.2067641572012571e-14,9.5691735281716e-15,1,1,1,7,0,,0,0,,0
vanderpol,odepe_shade,0.0,vanderpol_8_0,1,1,279.44011902809143,4,0,2.497852702126368e-14,3.1749415113277865e-14,5.685473323558126e-14,3.5088202132414014e-14,1,1,1,8,0,,0,0,,0
vanderpol,odepe_shade,0.0,vanderpol_9_0,1,1,200.42264103889465,4,0,0.6489982181884842,3.0281111645523127,10.312464416272281,5.182873166247109,0,0,0,9,0,,0,0,,0
aircraft_pitch,odepe_shade,1e-08,aircraft_pitch_0_1em8,1,1,316.39890694618225,6,1,7.895331446847051e-10,5.91998167729774e-09,3.10520462940228e-08,1.2743897131367695e-08,1,1,1,0,1em8,,0,0,,0
aircraft_pitch,odepe_shade,1e-08,aircraft_pitch_1_1em8,1,1,366.88637590408325,6,1,9.187687604972538e-10,1.186351223726788e-08,6.445132612272956e-08,2.6391885893419604e-08,1,1,1,1,1em8,,0,0,,0
aircraft_pitch,odepe_shade,1e-08,aircraft_pitch_2_1em8,1,1,366.0948488712311,6,1,6.997751524549497e-10,2.006071792217926e-08,1.1520352828025001e-07,4.704928903927231e-08,1,1,1,2,1em8,,0,0,,0
aircraft_pitch,odepe_shade,1e-08,aircraft_pitch_3_1em8,1,1,377.67894101142883,6,1,2.9312152908798016e-12,1.6431981895947566e-10,9.609243265011394e-10,3.9236191624737743e-10,1,1,1,3,1em8,,0,0,,0
aircraft_pitch,odepe_shade,1e-08,aircraft_pitch_4_1em8,1,1,363.23394322395325,6,1,1.4950194755267816e-10,2.402012635930738e-09,1.3071091389606558e-08,5.3500953973283445e-09,1,1,1,4,1em8,,0,0,,0
aircraft_pitch,odepe_shade,1e-08,aircraft_pitch_5_1em8,1,1,369.7186360359192,6,1,4.748674040413142e-10,2.2445816293634451e-07,1.3445308910592783e-06,5.489026484565264e-07,1,1,1,5,1em8,,0,0,,0
aircraft_pitch,odepe_shade,1e-08,aircraft_pitch_6_1em8,1,1,381.41760206222534,6,1,4.3054314129060945e-10,5.739809063043401e-08,3.424266755949448e-07,1.3979562861468825e-07,1,1,1,6,1em8,,0,0,,0
aircraft_pitch,odepe_shade,1e-08,aircraft_pitch_7_1em8,1,1,357.9166760444641,6,1,3.707721675302786e-10,1.9233646912397433e-08,1.1266162077324301e-07,4.600127229239528e-08,1,1,1,7,1em8,,0,0,,0
aircraft_pitch,odepe_shade,1e-08,aircraft_pitch_8_1em8,1,1,320.47109389305115,6,1,3.374390525224007e-10,1.2883356251743914e-08,7.588794588553995e-08,3.098265414552552e-08,1,1,1,8,1em8,,0,0,,0
aircraft_pitch,odepe_shade,1e-08,aircraft_pitch_9_1em8,1,1,327.40018796920776,6,1,1.1804089155010012e-10,6.725385981800798e-09,3.9483060254159524e-08,1.612041535076798e-08,1,1,1,9,1em8,,0,0,,0
bicycle_model,odepe_shade,1e-08,bicycle_model_0_1em8,1,1,301.84277081489563,5,0,1.0354091321703022e-10,2.412896020150757e-09,1.0269511486404488e-08,4.6434003350118356e-09,1,1,1,0,1em8,,0,0,,0
bicycle_model,odepe_shade,1e-08,bicycle_model_1_1em8,1,1,281.8707540035248,5,0,1.8468956522862557e-10,4.750627735313536e-10,1.3904426690574315e-09,6.922185426016218e-10,1,1,1,1,1em8,,0,0,,0
bicycle_model,odepe_shade,1e-08,bicycle_model_2_1em8,1,1,283.13811802864075,5,0,2.5645779429807295e-10,1.3767594625130698e-09,4.108872023413172e-09,2.0632630272454503e-09,1,1,1,2,1em8,,0,0,,0
bicycle_model,odepe_shade,1e-08,bicycle_model_3_1em8,1,1,265.89595198631287,5,0,9.101855931743153e-10,4.2024666262863176e-09,1.2118098414426377e-08,6.264351347289746e-09,1,1,1,3,1em8,,0,0,,0
bicycle_model,odepe_shade,1e-08,bicycle_model_4_1em8,1,1,321.9050359725952,5,0,8.354469663649145e-10,2.7086033409358894e-09,7.979200633556616e-09,3.879768228029151e-09,1,1,1,4,1em8,,0,0,,0
bicycle_model,odepe_shade,1e-08,bicycle_model_5_1em8,1,1,345.10040616989136,5,0,1.015283776699256e-09,1.6806351339253435e-09,4.698691072776647e-09,2.261817222964429e-09,1,1,1,5,1em8,,0,0,,0
bicycle_model,odepe_shade,1e-08,bicycle_model_6_1em8,1,1,333.01542592048645,5,0,9.53276370171448e-11,5.679407781790485e-10,2.4659278498342174e-09,1.1062611490917214e-09,1,1,1,6,1em8,,0,0,,0
bicycle_model,odepe_shade,1e-08,bicycle_model_7_1em8,1,1,345.15917706489563,5,0,4.332143937084285e-10,5.233873862845973e-08,1.784759891423074e-07,8.790545152522275e-08,1,1,1,7,1em8,,0,0,,0
bicycle_model,odepe_shade,1e-08,bicycle_model_8_1em8,1,1,375.8389539718628,5,0,1.3555250112337871e-09,1.3600073050428461e-09,1.617046097494059e-09,1.367435907080917e-09,1,1,1,8,1em8,,0,0,,0
bicycle_model,odepe_shade,1e-08,bicycle_model_9_1em8,1,1,329.5199909210205,5,0,4.907276242818955e-10,6.771349139162584e-10,1.4436322823549387e-09,7.788970164083391e-10,1,1,1,9,1em8,,0,0,,0
biohydrogenation,odepe_shade,1e-08,biohydrogenation_0_1em8,1,1,380.03744196891785,9,1,0.21019914617341226,2.6426622794690693,21.180899651211,7.076287608598945,0,0,0,0,1em8,,0,0,,0
biohydrogenation,odepe_shade,1e-08,biohydrogenation_1_1em8,1,1,419.82967019081116,9,1,3.3591231000477486e-06,7.197658730429907e-05,0.0003400374049212289,0.0001307832525561843,1,1,1,1,1em8,,0,0,,0
biohydrogenation,odepe_shade,1e-08,biohydrogenation_2_1em8,1,1,367.42169713974,9,1,0.10408345494646429,1.6378919532790115,12.495276653171393,4.190379933811556,0,0,0,2,1em8,,0,0,,0
biohydrogenation,odepe_shade,1e-08,biohydrogenation_3_1em8,1,1,446.28072476387024,9,1,0.2964880352541887,1.590760464825011,11.738853503184716,3.941009741444833,0,0,0,3,1em8,,0,0,,0
biohydrogenation,odepe_shade,1e-08,biohydrogenation_4_1em8,1,1,395.3123209476471,9,1,3.648666418998303e-07,1.6699581463826964e-06,6.698931938842298e-06,2.7835026451939628e-06,1,1,1,4,1em8,,0,0,,0
biohydrogenation,odepe_shade,1e-08,biohydrogenation_5_1em8,1,1,486.28898882865906,9,1,0.0981868088221743,1.384635072819814,10.764705882352944,3.6061068566848506,0,0,0,5,1em8,,0,0,,0
biohydrogenation,odepe_shade,1e-08,biohydrogenation_6_1em8,1,1,363.7573540210724,9,1,0.11730610566247103,1.5055834503012537,11.224938875305627,3.7709588192719257,0,0,0,6,1em8,,0,0,,0
biohydrogenation,odepe_shade,1e-08,biohydrogenation_7_1em8,1,1,453.412446975708,9,1,0.046294151667539835,1.3931885448507673,11.165450121654505,3.7369995885596383,0,0,0,7,1em8,,0,0,,0
biohydrogenation,odepe_shade,1e-08,biohydrogenation_8_1em8,1,1,485.3604700565338,9,1,0.2006450009357494,2.1629107339377547,17.48428835489834,5.8410873792508475,0,0,0,8,1em8,,0,0,,0
biohydrogenation,odepe_shade,1e-08,biohydrogenation_9_1em8,1,1,409.9107508659363,9,1,1.1253942353483065e-06,1.2553957544168874e-05,6.286241821230812e-05,2.389239829765529e-05,1,1,1,9,1em8,,0,0,,0
boost_converter,odepe_shade,1e-08,boost_converter_0_1em8,1,1,363.6518371105194,5,0,1.3971039492847893e-09,2.7207069739989118e-09,6.6795490989706865e-09,3.7071666779263366e-09,1,1,1,0,1em8,,0,0,,0
boost_converter,odepe_shade,1e-08,boost_converter_1_1em8,1,1,360.8091700077057,5,0,1.3942523852368417e-09,4.74132889026064e-09,1.953337706291597e-08,8.806392311954368e-09,1,1,1,1,1em8,,0,0,,0
boost_converter,odepe_shade,1e-08,boost_converter_2_1em8,1,1,516.043025970459,5,0,0.12705227709236483,0.6881550025712466,2.3136374523706955,1.1275324100582602,0,0,0,2,1em8,,0,0,,0
boost_converter,odepe_shade,1e-08,boost_converter_3_1em8,1,1,349.4707930088043,5,0,1.8483151290995931e-09,1.959853159390348e-09,5.479242345982331e-09,2.730967532601998e-09,1,1,1,3,1em8,,0,0,,0
boost_converter,odepe_shade,1e-08,boost_converter_4_1em8,1,1,344.2117440700531,5,0,2.2076893713523867e-09,2.8363767154406362e-09,6.097292540289534e-09,3.8063265193700174e-09,1,1,1,4,1em8,,0,0,,0
boost_converter,odepe_shade,1e-08,boost_converter_5_1em8,1,1,345.38904094696045,5,0,3.1683052934134502e-09,1.3774709770744137e-08,4.450385777071181e-08,2.1556859362482476e-08,1,1,1,5,1em8,,0,0,,0
boost_converter,odepe_shade,1e-08,boost_converter_6_1em8,1,1,374.66296887397766,5,0,2.097414383094596e-09,1.155827111164773e-08,5.325716181190578e-08,2.385495135405016e-08,1,1,1,6,1em8,,0,0,,0
boost_converter,odepe_shade,1e-08,boost_converter_7_1em8,1,1,330.042023897171,5,0,1.5200949009378381e-09,1.1879591903163432e-08,5.3473113409837174e-08,2.3970020659316138e-08,1,1,1,7,1em8,,0,0,,0
boost_converter,odepe_shade,1e-08,boost_converter_8_1em8,1,1,352.966765165329,5,0,2.3110517116420228e-09,8.078459603968492e-09,3.3181617777143325e-08,1.4946815113539197e-08,1,1,1,8,1em8,,0,0,,0
boost_converter,odepe_shade,1e-08,boost_converter_9_1em8,1,1,369.08057594299316,5,0,4.995977430881619e-09,5.081777608884622e-09,1.03255833897572e-08,5.994438298700608e-09,1,1,1,9,1em8,,0,0,,0
brusselator,odepe_shade,1e-08,brusselator_0_1em8,1,1,299.2928669452667,4,0,4.040718071232478e-09,4.027811248976129e-09,7.841856916910059e-09,4.866418635150329e-09,1,1,1,0,1em8,,0,0,,0
brusselator,odepe_shade,1e-08,brusselator_1_1em8,1,1,553.5755839347839,4,0,1.1249852729779356e-07,1.2593304644647393e-07,2.7866942134139897e-07,1.6353435896930452e-07,1,1,1,1,1em8,,0,0,,0
brusselator,odepe_shade,1e-08,brusselator_2_1em8,1,1,575.7536931037903,4,0,1.2246521014624982e-07,9.87126507613558e-08,1.4963018712684452e-07,1.1446229580185718e-07,1,1,1,2,1em8,,0,0,,0
brusselator,odepe_shade,1e-08,brusselator_3_1em8,1,1,541.2983009815216,4,0,5.9598310271839106e-08,5.7103288577276516e-08,1.0921004841198585e-07,6.907699535056215e-08,1,1,1,3,1em8,,0,0,,0
brusselator,odepe_shade,1e-08,brusselator_4_1em8,1,1,603.0692789554596,4,0,1.0278378638031797e-07,2.7720336966282685e-07,9.031192652222335e-07,4.609845976797158e-07,1,1,1,4,1em8,,0,0,,0
brusselator,odepe_shade,1e-08,brusselator_5_1em8,1,1,198.44973492622375,4,0,0.6442947926375989,0.5805643354692265,0.9564241665858098,0.694914046962096,0,0,0,5,1em8,,0,0,,0
brusselator,odepe_shade,1e-08,brusselator_6_1em8,1,1,189.63241481781006,4,0,0.9417884911287886,0.9082780666695389,0.9998932766486369,0.9141091459982592,0,0,0,6,1em8,,0,0,,0
brusselator,odepe_shade,1e-08,brusselator_7_1em8,1,1,747.6396660804749,4,0,1.1814254102531947,5.031144224858269,17.761726078799253,8.920991464566832,0,0,0,7,1em8,,0,0,,0
brusselator,odepe_shade,1e-08,brusselator_8_1em8,1,1,182.39075779914856,4,0,0.9836282908838168,0.8950089135974282,0.9999170392726194,0.9097993621240411,0,0,0,8,1em8,,0,0,,0
brusselator,odepe_shade,1e-08,brusselator_9_1em8,1,1,535.9581780433655,4,0,4.5560286808794384e-08,4.407350901284332e-08,8.50340424336919e-08,5.541448628546845e-08,1,1,1,9,1em8,,0,0,,0
crauste,odepe_shade,1e-08,crauste_0_1em8,1,1,760.5905981063843,17,0,0.00039644593233224937,0.17862796998609304,0.9991289412491497,0.3927879611391174,0,0,0,0,1em8,,0,0,,0
crauste,odepe_shade,1e-08,crauste_1_1em8,1,1,149.73447704315186,17,0,0.9982090089834565,2.9078959135936877,15.844687249264918,5.461151569074664,0,0,0,1,1em8,,0,0,,1
crauste,odepe_shade,1e-08,crauste_2_1em8,1,1,768.8665699958801,17,0,0.2197842571378543,1.6858254460319917,21.271714922049,5.204032209110874,0,0,0,2,1em8,,0,0,,0
crauste,odepe_shade,1e-08,crauste_3_1em8,1,1,2239.0373480319977,17,0,0.9111143952779163,2.969329566260143,13.265335235378034,5.460610688772986,0,0,0,3,1em8,,0,0,,1
crauste,odepe_shade,1e-08,crauste_4_1em8,1,1,149.8136579990387,17,0,0.9994805800015255,5.355631730536783,41.856839215984905,11.558035770324665,0,0,0,4,1em8,,0,0,,0
crauste,odepe_shade,1e-08,crauste_5_1em8,1,1,625.0255708694458,17,0,0.537282419388471,2.9871555453633207,27.832642470209553,7.441642293860108,0,0,0,5,1em8,,0,0,,4
crauste,odepe_shade,1e-08,crauste_6_1em8,1,1,768.7653360366821,17,0,5.09240568761068e-07,0.00014988045334625606,0.0017073970993153331,0.00045519169633057477,1,1,1,6,1em8,,0,0,,0
crauste,odepe_shade,1e-08,crauste_7_1em8,1,1,122.43630599975586,17,0,0.999631927958132,1.9185607823614135,10.42453511304623,3.1707774693348263,0,0,0,7,1em8,,0,0,,1
crauste,odepe_shade,1e-08,crauste_8_1em8,1,1,126.39062976837158,17,0,0.9989893082914056,1.6205570719105533,8.210211215328954,2.49582992019083,0,0,0,8,1em8,,0,0,,0
crauste,odepe_shade,1e-08,crauste_9_1em8,1,1,132.56022691726685,17,0,0.9994935566502359,2.3214513173398323,11.695693119660294,3.931927025959134,0,0,0,9,1em8,,0,0,,1
cstr,odepe_shade,1e-08,cstr_0_1em8,1,1,293.7692770957947,7,0,3.050231518789384e-08,0.026200619085755262,0.0948201800424495,0.04885039422543618,0,1,1,0,1em8,,0,0,,0
cstr,odepe_shade,1e-08,cstr_1_1em8,1,1,363.918753862381,7,0,5.3646036061842485e-08,0.0005527349921722827,0.001968704235785938,0.0010228904136076577,1,1,1,1,1em8,,0,0,,0
cstr,odepe_shade,1e-08,cstr_2_1em8,1,1,465.4670171737671,7,0,0.038117804852192266,2.3635308948144242,14.455950540958272,5.489954896907964,0,0,0,2,1em8,,0,0,,0
cstr,odepe_shade,1e-08,cstr_3_1em8,1,1,425.5509660243988,7,0,3.222461465978476e-08,0.05270427275163898,0.2013325979240678,0.09895635733246172,0,0,1,3,1em8,,0,0,,0
cstr,odepe_shade,1e-08,cstr_4_1em8,1,1,679.6469340324402,7,0,1.4998068808925984e-06,2.5178981772619194e-05,8.152596364361266e-05,4.196374303326585e-05,1,1,1,4,1em8,,0,0,,0
cstr,odepe_shade,1e-08,cstr_5_1em8,1,1,2175.846663951874,7,0,0.0001304381383023899,0.009683393297134172,0.033446389705347544,0.01760338217878083,0,1,1,5,1em8,,0,0,,0
cstr,odepe_shade,1e-08,cstr_6_1em8,1,1,526.9575929641724,7,0,0.03477962065073941,5.335742784307612,26.027027027027035,10.58181969182726,0,0,0,6,1em8,,0,0,,0
cstr,odepe_shade,1e-08,cstr_7_1em8,1,1,565.8862900733948,7,0,3.011008804499328e-08,4.3216321080416347e-07,2.3051477615609883e-06,8.905366455844159e-07,1,1,1,7,1em8,,0,0,,0
cstr,odepe_shade,1e-08,cstr_8_1em8,1,1,600.471638917923,7,0,4.86388688792471e-07,3.075336653932167e-05,8.352952802253315e-05,4.780274601027902e-05,1,1,1,8,1em8,,0,0,,0
cstr,odepe_shade,1e-08,cstr_9_1em8,1,1,5339.884052991867,7,0,0.045609515765677594,0.4819562236791032,2.326437356306841,0.925437771553984,0,0,0,9,1em8,,0,0,,0
daisy_mamil3,odepe_shade,1e-08,daisy_mamil3_0_1em8,1,1,363.4652450084686,8,0,0.5458108476082153,0.5746590419724568,0.9999873460912163,0.6793880200910466,0,0,0,0,1em8,,0,0,,0
daisy_mamil3,odepe_shade,1e-08,daisy_mamil3_1_1em8,1,1,375.43535900115967,8,0,9.97799109218283e-09,2.13359569557489e-08,7.508562357730594e-08,3.199600019263466e-08,1,1,1,1,1em8,,0,0,,0
daisy_mamil3,odepe_shade,1e-08,daisy_mamil3_2_1em8,1,1,370.056627035141,8,0,0.06954964071636943,0.3951769665696728,0.9999887005649718,0.6093879164032033,0,0,0,2,1em8,,0,0,,0
daisy_mamil3,odepe_shade,1e-08,daisy_mamil3_3_1em8,1,1,371.65124583244324,8,0,0.356920706933855,0.4650182341478935,0.9999851411589896,0.615551786599247,0,0,0,3,1em8,,0,0,,0
daisy_mamil3,odepe_shade,1e-08,daisy_mamil3_4_1em8,1,1,364.6891498565674,8,0,5.438381054824948e-09,1.2153140803956784e-08,5.2069126788012454e-08,2.0703673538433986e-08,1,1,1,4,1em8,,0,0,,0
daisy_mamil3,odepe_shade,1e-08,daisy_mamil3_5_1em8,1,1,369.65664196014404,8,0,0.3423652767856435,0.4905883206838945,0.9999428571416349,0.6399580348041706,0,0,0,5,1em8,,0,0,,0
daisy_mamil3,odepe_shade,1e-08,daisy_mamil3_6_1em8,1,1,369.06220412254333,8,0,3.4782330441668515e-08,3.5459084944244576e-08,8.907056828757615e-08,4.376008072229261e-08,1,1,1,6,1em8,,0,0,,0
daisy_mamil3,odepe_shade,1e-08,daisy_mamil3_7_1em8,1,1,322.1524329185486,8,0,0.5256716849355607,0.6909637114781629,2.169700327346606,0.9711457566135256,0,0,0,7,1em8,,0,0,,0
daisy_mamil3,odepe_shade,1e-08,daisy_mamil3_8_1em8,1,1,313.0896580219269,8,0,1.8411537505926467e-09,5.162735503334415e-09,2.273908765960149e-08,8.64229186015356e-09,1,1,1,8,1em8,,0,0,,0
daisy_mamil3,odepe_shade,1e-08,daisy_mamil3_9_1em8,1,1,313.7424111366272,8,0,0.45196853064521914,0.5197999193008536,0.9999814471243044,0.6347355142863211,0,0,0,9,1em8,,0,0,,0
daisy_mamil4,odepe_shade,1e-08,daisy_mamil4_0_1em8,1,1,410.36978101730347,11,0,8.198481464636302e-07,9.323517819342917e-07,4.090725868033273e-06,1.4964544034383216e-06,1,1,1,0,1em8,,0,0,,0
daisy_mamil4,odepe_shade,1e-08,daisy_mamil4_1_1em8,1,1,409.0364429950714,11,0,1.905119984845472e-07,1.921391676015057e-06,1.239916953994175e-05,4.130531814900991e-06,1,1,1,1,1em8,,0,0,,0
daisy_mamil4,odepe_shade,1e-08,daisy_mamil4_2_1em8,1,1,380.4266221523285,11,0,4.3375058466893754e-08,9.382236410100799e-08,5.203021955469377e-07,1.732832691354941e-07,1,1,1,2,1em8,,0,0,,0
daisy_mamil4,odepe_shade,1e-08,daisy_mamil4_3_1em8,1,1,430.32431411743164,11,0,0.15013933074566527,0.8887785920925144,4.242425522434499,1.7158883692133988,0,0,0,3,1em8,,0,0,,0
daisy_mamil4,odepe_shade,1e-08,daisy_mamil4_4_1em8,1,1,501.0043430328369,11,0,2.2319574907481526e-06,8.980799884404826e-06,2.7592652696235753e-05,1.4225586572879604e-05,1,1,1,4,1em8,,0,0,,0
daisy_mamil4,odepe_shade,1e-08,daisy_mamil4_5_1em8,1,1,422.08987283706665,11,0,0.5771586671312229,0.8499092706497039,3.5171262808999635,1.3965783602635946,0,0,0,5,1em8,,0,0,,0
daisy_mamil4,odepe_shade,1e-08,daisy_mamil4_6_1em8,1,1,480.2301459312439,11,0,1.496697331933838e-06,5.312517191617889e-06,1.928978239551373e-05,8.623333482324077e-06,1,1,1,6,1em8,,0,0,,0
daisy_mamil4,odepe_shade,1e-08,daisy_mamil4_7_1em8,1,1,411.2360210418701,11,0,1.0752470570431625e-08,2.4816594201560216e-07,1.5533636514479944e-06,5.15133055874823e-07,1,1,1,7,1em8,,0,0,,0
daisy_mamil4,odepe_shade,1e-08,daisy_mamil4_8_1em8,1,1,623.9574570655823,11,0,0.0003668619658115255,0.007734184886502851,0.06725184930312056,0.020655092985814333,0,1,1,8,1em8,,0,0,,0
daisy_mamil4,odepe_shade,1e-08,daisy_mamil4_9_1em8,1,1,322.369549036026,11,0,0.34841617791982177,0.8995390502108243,4.202494809924838,1.6455428559785297,0,0,0,9,1em8,,0,0,,0
dc_motor,odepe_shade,1e-08,dc_motor_0_1em8,1,1,203.24066710472107,4,0,4.566372862319836e-08,4.859351394362097e-08,1.0299680485515316e-07,6.393359648201008e-08,1,1,1,0,1em8,,0,0,,0
dc_motor,odepe_shade,1e-08,dc_motor_1_1em8,1,1,200.43956589698792,4,0,1.613167145519348e-08,2.161004866414717e-08,5.3567468901264896e-08,2.957706827488357e-08,1,1,1,1,1em8,,0,0,,0
dc_motor,odepe_shade,1e-08,dc_motor_2_1em8,1,1,199.34392094612122,4,0,4.526525380422952e-08,4.8398053901446716e-08,1.0238782562252868e-07,6.361349378523585e-08,1,1,1,2,1em8,,0,0,,0
dc_motor,odepe_shade,1e-08,dc_motor_3_1em8,1,1,208.8833429813385,4,0,3.44684628085656e-08,7.744756635304114e-08,2.406050851888608e-07,1.2396217747348312e-07,1,1,1,3,1em8,,0,0,,0
dc_motor,odepe_shade,1e-08,dc_motor_4_1em8,1,1,208.18300700187683,4,0,1.2243231145122221e-08,5.0542825388560316e-08,1.7724668691099232e-07,8.904594017151557e-08,1,1,1,4,1em8,,0,0,,0
dc_motor,odepe_shade,1e-08,dc_motor_5_1em8,1,1,200.82600784301758,4,0,3.010393860024587e-08,5.943982470631598e-08,1.7702849975757412e-07,9.244758206934206e-08,1,1,1,5,1em8,,0,0,,0
dc_motor,odepe_shade,1e-08,dc_motor_6_1em8,1,1,234.72569608688354,4,0,4.316718743870959e-09,6.9836762566622815e-09,1.8965133293055917e-08,9.969558072950826e-09,1,1,1,6,1em8,,0,0,,0
dc_motor,odepe_shade,1e-08,dc_motor_7_1em8,1,1,239.06476497650146,4,0,2.0474531436937283e-08,2.119374262283872e-08,4.3121139733861405e-08,2.7861724862309203e-08,1,1,1,7,1em8,,0,0,,0
dc_motor,odepe_shade,1e-08,dc_motor_8_1em8,1,1,222.01990795135498,4,0,1.4191494847197685e-08,1.6448190021827543e-08,3.700228082052687e-08,2.1055220131389974e-08,1,1,1,8,1em8,,0,0,,0
dc_motor,odepe_shade,1e-08,dc_motor_9_1em8,1,1,208.3888499736786,4,0,2.1857040795866448e-08,2.2118642894370385e-08,4.4284044256571774e-08,2.7794041634149054e-08,1,1,1,9,1em8,,0,0,,0
fitzhugh_nagumo,odepe_shade,1e-08,fitzhugh_nagumo_0_1em8,1,1,220.9238920211792,5,0,3.67343638923575e-08,1.0945366462953547e-06,3.487172361453583e-06,1.7788087397442985e-06,1,1,1,0,1em8,,0,0,,0
fitzhugh_nagumo,odepe_shade,1e-08,fitzhugh_nagumo_1_1em8,1,1,243.85668897628784,5,0,2.3089471596729894e-08,5.293950510269307e-07,2.02722729655748e-06,9.435945378249496e-07,1,1,1,1,1em8,,0,0,,0
fitzhugh_nagumo,odepe_shade,1e-08,fitzhugh_nagumo_2_1em8,1,1,242.73300909996033,5,0,1.300401539871776e-06,1.798053862472854e-06,5.1260143896693594e-06,2.5043353025376057e-06,1,1,1,2,1em8,,0,0,,0
fitzhugh_nagumo,odepe_shade,1e-08,fitzhugh_nagumo_3_1em8,1,1,238.39152002334595,5,0,2.7813781587627887e-07,7.021321678655195e-07,1.9372923841216305e-06,1.0342040542623692e-06,1,1,1,3,1em8,,0,0,,0
fitzhugh_nagumo,odepe_shade,1e-08,fitzhugh_nagumo_4_1em8,1,1,241.40776300430298,5,0,1.2354378977732406e-05,5.287283732614895e-05,0.00021848318371073136,9.847704148495275e-05,1,1,1,4,1em8,,0,0,,0
fitzhugh_nagumo,odepe_shade,1e-08,fitzhugh_nagumo_5_1em8,1,1,190.62306594848633,5,0,4.3923230704402464e-07,2.927886813838813e-06,8.684156580668524e-06,4.560748200952914e-06,1,1,1,5,1em8,,0,0,,0
fitzhugh_nagumo,odepe_shade,1e-08,fitzhugh_nagumo_6_1em8,1,1,219.16608810424805,5,0,1.129439849238941e-07,1.05928091215019e-06,2.5665194360741735e-06,1.6190145844634202e-06,1,1,1,6,1em8,,0,0,,0
fitzhugh_nagumo,odepe_shade,1e-08,fitzhugh_nagumo_7_1em8,1,1,245.88784003257751,5,0,8.115948546535844e-07,4.530213860977309e-06,1.775458879309803e-05,8.114934836873784e-06,1,1,1,7,1em8,,0,0,,0
fitzhugh_nagumo,odepe_shade,1e-08,fitzhugh_nagumo_8_1em8,1,1,224.93000721931458,5,0,1.9715173332813665e-08,5.385742296022379e-08,2.053205872516662e-07,9.413398023676747e-08,1,1,1,8,1em8,,0,0,,0
fitzhugh_nagumo,odepe_shade,1e-08,fitzhugh_nagumo_9_1em8,1,1,218.21309804916382,5,0,1.3118353414075326e-07,6.693789061486477e-07,2.7684168709939483e-06,1.249159540865174e-06,1,1,1,9,1em8,,0,0,,0
flexible_arm,odepe_shade,1e-08,flexible_arm_0_1em8,1,1,835.7325780391693,9,0,8.446395584722878e-07,1.0911663528868555e-06,4.778929133160877e-06,1.7604000786732618e-06,1,1,1,0,1em8,,0,0,,0
flexible_arm,odepe_shade,1e-08,flexible_arm_1_1em8,1,1,703.2547559738159,9,0,6.522789362058881e-07,7.097256812441607e-07,1.325153051149674e-06,8.127082749552232e-07,1,1,1,1,1em8,,0,0,,0
flexible_arm,odepe_shade,1e-08,flexible_arm_2_1em8,1,1,673.976888179779,9,0,3.740105728729796e-07,3.979647647166941e-07,1.132417568356323e-06,4.919192295235713e-07,1,1,1,2,1em8,,0,0,,0
flexible_arm,odepe_shade,1e-08,flexible_arm_3_1em8,1,1,598.5313031673431,9,0,4.2511890145799894e-07,5.807856472876837e-07,1.417041819142375e-06,7.521749803191627e-07,1,1,1,3,1em8,,0,0,,0
flexible_arm,odepe_shade,1e-08,flexible_arm_4_1em8,1,1,729.1500499248505,9,0,9.68654601681765e-08,2.410608760831529e-07,5.431681823989876e-07,3.113854639755644e-07,1,1,1,4,1em8,,0,0,,0
flexible_arm,odepe_shade,1e-08,flexible_arm_5_1em8,1,1,3296.7464230060577,9,0,4.485875271368339e-07,8.497153300743039e-07,3.788498811185038e-06,1.3954487825073716e-06,1,1,1,5,1em8,,0,0,,0
flexible_arm,odepe_shade,1e-08,flexible_arm_6_1em8,1,1,593.5124289989471,9,0,2.0400967457513446e-07,2.2481782988932364e-07,5.753852167449998e-07,2.8356109870437803e-07,1,1,1,6,1em8,,0,0,,0
flexible_arm,odepe_shade,1e-08,flexible_arm_7_1em8,1,1,1378.758374929428,9,0,5.053270345911719e-07,4.990860163027737e-07,1.0223859536750979e-06,5.964498559605305e-07,1,1,1,7,1em8,,0,0,,0
flexible_arm,odepe_shade,1e-08,flexible_arm_8_1em8,1,1,536.203134059906,9,0,0.996573442404155,2.299073275802097,10.853870788090004,3.958130777193961,0,0,0,8,1em8,,0,0,,0
flexible_arm,odepe_shade,1e-08,flexible_arm_9_1em8,1,1,3096.600914955139,9,0,4.992095445641844e-08,8.194105071520461e-07,5.392012108784949e-06,1.8411294430766734e-06,1,1,1,9,1em8,,0,0,,0
forced_lotka_volterra,odepe_shade,1e-08,forced_lotka_volterra_0_1em8,1,1,331.73633217811584,6,0,7.001828443762913e-10,9.673672017311371e-10,2.4416359117568853e-09,1.2462329757274303e-09,1,1,1,0,1em8,,0,0,,0
forced_lotka_volterra,odepe_shade,1e-08,forced_lotka_volterra_1_1em8,1,1,369.2118058204651,6,0,1.2738209120771216e-09,1.3133304917019396e-09,2.3778327965632783e-09,1.5232243217754018e-09,1,1,1,1,1em8,,0,0,,0
forced_lotka_volterra,odepe_shade,1e-08,forced_lotka_volterra_2_1em8,1,1,237.93817710876465,6,0,0.9079032447454881,1.8199193561651237,7.155498273278685,3.0167964363624042,0,0,0,2,1em8,,0,0,,0
forced_lotka_volterra,odepe_shade,1e-08,forced_lotka_volterra_3_1em8,1,1,302.14099311828613,6,0,7.126642890413431e-10,2.4810462711429477e-09,1.1687497470546483e-08,4.825714325830909e-09,1,1,1,3,1em8,,0,0,,0
forced_lotka_volterra,odepe_shade,1e-08,forced_lotka_volterra_4_1em8,1,1,271.7351939678192,6,0,0.9821483197363573,1.8727182830902134,4.686361091600769,2.494591613517586,0,0,0,4,1em8,,0,0,,0
forced_lotka_volterra,odepe_shade,1e-08,forced_lotka_volterra_5_1em8,1,1,261.81076407432556,6,0,1.8894089051762464,7.130434936256202,22.5603309455858,11.130223959108383,0,0,0,5,1em8,,0,0,,0
forced_lotka_volterra,odepe_shade,1e-08,forced_lotka_volterra_6_1em8,1,1,305.22996282577515,6,0,6.594556128290867e-10,2.4483837279537364e-09,1.214800380760948e-08,4.993250491990634e-09,1,1,1,6,1em8,,0,0,,0
forced_lotka_volterra,odepe_shade,1e-08,forced_lotka_volterra_7_1em8,1,1,330.68355989456177,6,0,4.3737060375385697e-10,1.1997293622266077e-09,3.779271901234705e-09,1.784337794733292e-09,1,1,1,7,1em8,,0,0,,0
forced_lotka_volterra,odepe_shade,1e-08,forced_lotka_volterra_8_1em8,1,1,249.88704800605774,6,0,0.9883826352996585,1.5596426977456515,3.7842049635606845,2.0923329365594148,0,0,0,8,1em8,,0,0,,0
forced_lotka_volterra,odepe_shade,1e-08,forced_lotka_volterra_9_1em8,1,1,280.1820020675659,6,0,1.2790091448066502e-09,1.4813992969806843e-09,3.0328614263871656e-09,1.8446699561882296e-09,1,1,1,9,1em8,,0,0,,0
harmonic_oscillator,odepe_shade,1e-08,harmonic_oscillator_0_1em8,1,1,217.6937599182129,4,0,7.081109818583754e-11,1.2441672550465884e-10,3.232741577859266e-10,1.7005300758973734e-10,1,1,1,0,1em8,,0,0,,0
harmonic_oscillator,odepe_shade,1e-08,harmonic_oscillator_1_1em8,1,1,227.34174990653992,4,0,1.7629569577353273e-11,2.772728415466759e-11,6.807953587520971e-11,3.645792167627588e-11,1,1,1,1,1em8,,0,0,,0
harmonic_oscillator,odepe_shade,1e-08,harmonic_oscillator_2_1em8,1,1,216.4799041748047,4,0,3.5955037377963454e-12,4.3181589843108715e-12,9.929742488197876e-12,5.6487858040626126e-12,1,1,1,2,1em8,,0,0,,0
harmonic_oscillator,odepe_shade,1e-08,harmonic_oscillator_3_1em8,1,1,214.685772895813,4,0,6.508867880753071e-12,7.874125896497638e-12,1.5968444037078042e-11,9.63414801658862e-12,1,1,1,3,1em8,,0,0,,0
harmonic_oscillator,odepe_shade,1e-08,harmonic_oscillator_4_1em8,1,1,222.0713129043579,4,0,7.293604326899751e-11,1.3375336686852974e-10,3.4975964776747554e-10,1.8357029383430587e-10,1,1,1,4,1em8,,0,0,,0
harmonic_oscillator,odepe_shade,1e-08,harmonic_oscillator_5_1em8,1,1,246.15578198432922,4,0,2.7371948781158537e-11,3.2425362885992795e-11,6.836136595072478e-11,4.135151851777444e-11,1,1,1,5,1em8,,0,0,,0
harmonic_oscillator,odepe_shade,1e-08,harmonic_oscillator_6_1em8,1,1,201.52823781967163,4,0,1.879188671893101e-10,1.6721716207979116e-10,2.372643289713191e-10,1.8046105152876004e-10,1,1,1,6,1em8,,0,0,,0
harmonic_oscillator,odepe_shade,1e-08,harmonic_oscillator_7_1em8,1,1,223.29246497154236,4,0,3.89824007894475e-13,1.6573626246339122e-12,5.642760891667954e-12,2.8367366883624533e-12,1,1,1,7,1em8,,0,0,,0
harmonic_oscillator,odepe_shade,1e-08,harmonic_oscillator_8_1em8,1,1,228.48104095458984,4,0,1.2659201284922464e-10,2.1923780400098337e-10,6.101582292275882e-10,3.1812261535363863e-10,1,1,1,8,1em8,,0,0,,0
harmonic_oscillator,odepe_shade,1e-08,harmonic_oscillator_9_1em8,1,1,225.9560739994049,4,0,2.7727172865672163e-11,3.149066309735614e-11,6.192592662952747e-11,3.690902295871887e-11,1,1,1,9,1em8,,0,0,,0
hiv,odepe_shade,1e-08,hiv_0_1em8,1,1,552.869146823883,15,0,4.6193392409708443e-07,0.0017567435076845347,0.026235402134044336,0.006773968013748712,0,1,1,0,1em8,,0,0,,0
hiv,odepe_shade,1e-08,hiv_1_1em8,1,1,548.8931860923767,15,0,9.037311124576041e-07,0.0002279644838452755,0.0033067488090953905,0.0008539116345493867,1,1,1,1,1em8,,0,0,,0
hiv,odepe_shade,1e-08,hiv_2_1em8,1,1,534.8590879440308,15,0,3.4358521162415657e-07,0.00042224163806342963,0.006313505636890842,0.0016301418474030714,1,1,1,2,1em8,,0,0,,0
hiv,odepe_shade,1e-08,hiv_3_1em8,1,1,542.8664247989655,15,0,2.6098207897874495e-07,5.810301739184725e-05,0.0008595557534168181,0.0002219422565489797,1,1,1,3,1em8,,0,0,,0
hiv,odepe_shade,1e-08,hiv_4_1em8,1,1,542.5560209751129,15,0,9.56654858588132e-08,0.0002413659280796042,0.0036062031312120582,0.0009311192765311933,1,1,1,4,1em8,,0,0,,0
hiv,odepe_shade,1e-08,hiv_5_1em8,1,1,483.2534248828888,15,0,0.7353650332620741,1.8248364268062576,20.462060598268344,5.322534392441036,0,0,0,5,1em8,,0,0,,1
hiv,odepe_shade,1e-08,hiv_6_1em8,1,1,544.5195958614349,15,0,1.6068357716398725e-06,0.0019205282333286263,0.02859725398752393,0.007383828378275401,0,1,1,6,1em8,,0,0,,0
hiv,odepe_shade,1e-08,hiv_7_1em8,1,1,667.6444301605225,15,0,0.7438902692046552,4.021480842601263,43.05286343612335,11.286276159933177,0,0,0,7,1em8,,0,0,,0
hiv,odepe_shade,1e-08,hiv_8_1em8,1,1,528.3880250453949,15,0,6.185840975123023e-07,0.010439099021274491,0.15630715209638096,0.04035834874134803,0,0,1,8,1em8,,0,0,,2
hiv,odepe_shade,1e-08,hiv_9_1em8,1,1,523.6794259548187,15,0,1.2391092855098888e-07,0.0009481044900422418,0.014177513208794791,0.0036606223312100577,0,1,1,9,1em8,,0,0,,2
lotka_volterra,odepe_shade,1e-08,lotka_volterra_0_1em8,1,1,201.43726110458374,5,0,3.753676621599357e-10,2.063056190210958e-09,8.790418441883717e-09,3.953234045643315e-09,1,1,1,0,1em8,,0,0,,0
lotka_volterra,odepe_shade,1e-08,lotka_volterra_1_1em8,1,1,264.10875511169434,5,0,6.194543663339727e-10,1.183933818086118e-09,3.4710755573077823e-09,1.6493313185275544e-09,1,1,1,1,1em8,,0,0,,0
lotka_volterra,odepe_shade,1e-08,lotka_volterra_2_1em8,1,1,205.82746601104736,5,0,2.2035160560174398e-09,2.785853168362432e-09,7.489074753859922e-09,3.73003933056919e-09,1,1,1,2,1em8,,0,0,,0
lotka_volterra,odepe_shade,1e-08,lotka_volterra_3_1em8,1,1,245.87207102775574,5,0,2.844736942915244e-09,3.4955713758663313e-09,8.688541498231688e-09,4.4234856074506964e-09,1,1,1,3,1em8,,0,0,,0
lotka_volterra,odepe_shade,1e-08,lotka_volterra_4_1em8,1,1,235.32969284057617,5,0,3.371781811672135e-10,5.001862319969235e-10,1.4296855919251856e-09,6.896056602101825e-10,1,1,1,4,1em8,,0,0,,0
lotka_volterra,odepe_shade,1e-08,lotka_volterra_5_1em8,1,1,226.2599368095398,5,0,1.1382587379109526e-09,2.1337176671693223e-09,5.643520033798793e-09,2.9716557055967887e-09,1,1,1,5,1em8,,0,0,,0
lotka_volterra,odepe_shade,1e-08,lotka_volterra_6_1em8,1,1,218.85757994651794,5,0,1.29960822904494e-08,1.294418856702464e-08,2.5823881763779676e-08,1.5297734491908988e-08,1,1,1,6,1em8,,0,0,,0
lotka_volterra,odepe_shade,1e-08,lotka_volterra_7_1em8,1,1,242.4217290878296,5,0,3.3570476188831067e-09,3.74058563916018e-09,9.035773410648132e-09,4.725233655525542e-09,1,1,1,7,1em8,,0,0,,0
lotka_volterra,odepe_shade,1e-08,lotka_volterra_8_1em8,1,1,239.98339009284973,5,0,1.4444499449835585e-09,1.900522885574423e-09,5.204591693740114e-09,2.553777006959774e-09,1,1,1,8,1em8,,0,0,,0
lotka_volterra,odepe_shade,1e-08,lotka_volterra_9_1em8,1,1,243.5839810371399,5,0,1.6107877503490405e-10,3.225193376235886e-10,9.902009550172547e-10,4.6448362234830044e-10,1,1,1,9,1em8,,0,0,,0
mass_spring_damper,odepe_shade,1e-08,mass_spring_damper_0_1em8,1,1,198.70366501808167,5,0,2.1201484026651713e-09,4.441088907301707e-09,1.44061431952838e-08,6.792069020887374e-09,1,1,1,0,1em8,,0,0,,0
mass_spring_damper,odepe_shade,1e-08,mass_spring_damper_1_1em8,1,1,201.0230050086975,5,0,1.9111648883181597e-10,1.113109576744047e-09,3.294697701216713e-09,1.6984665389854387e-09,1,1,1,1,1em8,,0,0,,0
mass_spring_damper,odepe_shade,1e-08,mass_spring_damper_2_1em8,1,1,228.5189859867096,5,0,2.982290392995414e-10,3.751373232222586e-09,1.7286169794954947e-08,7.742312638353904e-09,1,1,1,2,1em8,,0,0,,0
mass_spring_damper,odepe_shade,1e-08,mass_spring_damper_3_1em8,1,1,198.56001210212708,5,0,3.930974855775715e-10,6.037901004030068e-09,2.845884575495385e-08,1.2736902871944458e-08,1,1,1,3,1em8,,0,0,,0
mass_spring_damper,odepe_shade,1e-08,mass_spring_damper_4_1em8,1,1,226.16368007659912,5,0,1.6497805158067461e-09,1.6276767922021408e-09,3.344886385461251e-09,1.915744388190286e-09,1,1,1,4,1em8,,0,0,,0
mass_spring_damper,odepe_shade,1e-08,mass_spring_damper_5_1em8,1,1,227.63973999023438,5,0,6.550533012344495e-10,6.665880589232935e-10,1.3074608017748616e-09,8.746124845373065e-10,1,1,1,5,1em8,,0,0,,0
mass_spring_damper,odepe_shade,1e-08,mass_spring_damper_6_1em8,1,1,240.09440398216248,5,0,1.9461121714695064e-10,7.538038430453166e-10,2.461880767832708e-09,1.1670721203229585e-09,1,1,1,6,1em8,,0,0,,0
mass_spring_damper,odepe_shade,1e-08,mass_spring_damper_7_1em8,1,1,214.14108800888062,5,0,4.706510333741853e-10,7.947561064521635e-10,1.784573616912451e-09,9.889887923775329e-10,1,1,1,7,1em8,,0,0,,0
mass_spring_damper,odepe_shade,1e-08,mass_spring_damper_8_1em8,1,1,237.0405719280243,5,0,1.0790944987148126e-09,3.0443920877170333e-09,1.0959261635163765e-08,5.066455325879443e-09,1,1,1,8,1em8,,0,0,,0
mass_spring_damper,odepe_shade,1e-08,mass_spring_damper_9_1em8,1,1,205.43926286697388,5,0,7.569182943154302e-10,1.586969171775856e-09,5.467877422591709e-09,2.5225210739546e-09,1,1,1,9,1em8,,0,0,,0
quadrotor,odepe_shade,1e-08,quadrotor_0_1em8,1,1,181.2884259223938,4,0,6.894500376219558e-09,8.06068535012917e-09,1.707322260776833e-08,1.0149377375590843e-08,1,1,1,0,1em8,,0,0,,0
quadrotor,odepe_shade,1e-08,quadrotor_1_1em8,1,1,177.94325304031372,4,0,1.92039660918266e-09,2.0640647502642373e-09,3.205974847470456e-09,2.2143393263122606e-09,1,1,1,1,1em8,,0,0,,0
quadrotor,odepe_shade,1e-08,quadrotor_2_1em8,1,1,178.1458580493927,4,0,1.358072100150342e-08,1.492431513916313e-08,2.852524638065917e-08,1.8111233725630597e-08,1,1,1,2,1em8,,0,0,,0
quadrotor,odepe_shade,1e-08,quadrotor_3_1em8,1,1,184.2292230129242,4,0,1.1433329191570945e-08,1.781017772700728e-08,4.804527596437928e-08,2.5895054469756054e-08,1,1,1,3,1em8,,0,0,,0
quadrotor,odepe_shade,1e-08,quadrotor_4_1em8,1,1,164.28203010559082,4,0,2.4149890192934156e-09,5.592146816220246e-09,1.7267296439785134e-08,8.830682676383978e-09,1,1,1,4,1em8,,0,0,,0
quadrotor,odepe_shade,1e-08,quadrotor_5_1em8,1,1,175.4349329471588,4,0,8.616077954086997e-09,8.395875460311713e-09,1.5546264151864617e-08,1.0945941267521675e-08,1,1,1,5,1em8,,0,0,,0
quadrotor,odepe_shade,1e-08,quadrotor_6_1em8,1,1,209.9075689315796,4,0,1.4720046373312676e-08,1.9342411018423374e-08,4.572364169992066e-08,2.5736955096711694e-08,1,1,1,6,1em8,,0,0,,0
quadrotor,odepe_shade,1e-08,quadrotor_7_1em8,1,1,213.24015402793884,4,0,2.0649729633464273e-08,2.0148617711911195e-08,3.5437462488273145e-08,2.5071350283007812e-08,1,1,1,7,1em8,,0,0,,0
quadrotor,odepe_shade,1e-08,quadrotor_8_1em8,1,1,223.61910104751587,4,0,1.5244997303983724e-08,5.1751031799024726e-08,1.7256253958296863e-07,8.721903097179951e-08,1,1,1,8,1em8,,0,0,,0
quadrotor,odepe_shade,1e-08,quadrotor_9_1em8,1,1,213.6506381034851,4,0,9.754797927229812e-09,2.1173457144613065e-08,6.35761776964006e-08,3.275603743910968e-08,1,1,1,9,1em8,,0,0,,0
repressilator,odepe_shade,1e-08,repressilator_0_1em8,1,1,438.2047049999237,9,0,1.7978874601598127e-09,3.179558953836992e-09,1.064927974862957e-08,4.566660027739386e-09,1,1,1,0,1em8,,0,0,,0
repressilator,odepe_shade,1e-08,repressilator_1_1em8,1,1,425.2092161178589,9,0,5.573588211946252e-09,9.0370353803909e-09,3.441820889727001e-08,1.37842645269274e-08,1,1,1,1,1em8,,0,0,,0
repressilator,odepe_shade,1e-08,repressilator_2_1em8,1,1,440.38218092918396,9,0,2.717992373550056e-09,6.99356468241634e-09,2.8669171000807413e-08,1.1004068809621308e-08,1,1,1,2,1em8,,0,0,,0
repressilator,odepe_shade,1e-08,repressilator_3_1em8,1,1,429.3850009441376,9,0,3.0920740765933696e-09,1.071064515148822e-08,7.604576604913211e-08,2.5508691129694126e-08,1,1,1,3,1em8,,0,0,,0
repressilator,odepe_shade,1e-08,repressilator_4_1em8,1,1,466.0569019317627,9,0,1.3832724900493062e-09,7.006876166227825e-09,2.8140688224397504e-08,1.1684116241356974e-08,1,1,1,4,1em8,,0,0,,0
repressilator,odepe_shade,1e-08,repressilator_5_1em8,1,1,457.14969086647034,9,0,5.776924206491719e-09,6.800990270020693e-09,2.0775258287667697e-08,9.335582438895456e-09,1,1,1,5,1em8,,0,0,,0
repressilator,odepe_shade,1e-08,repressilator_6_1em8,1,1,437.9103891849518,9,0,3.2442737291365197e-09,9.234697344810483e-08,6.51646705560506e-07,2.232214951337274e-07,1,1,1,6,1em8,,0,0,,0
repressilator,odepe_shade,1e-08,repressilator_7_1em8,1,1,444.2142119407654,9,0,9.208683753114926e-09,1.758202672622429e-08,5.116319402330961e-08,2.472600189706618e-08,1,1,1,7,1em8,,0,0,,0
repressilator,odepe_shade,1e-08,repressilator_8_1em8,1,1,452.6759159564972,9,0,2.420703242331904e-09,8.02616743356275e-09,4.020486886753963e-08,1.4636642014911734e-08,1,1,1,8,1em8,,0,0,,0
repressilator,odepe_shade,1e-08,repressilator_9_1em8,1,1,444.96611285209656,9,0,3.6287448685567746e-09,6.6004506893091895e-09,2.5793050995104184e-08,1.0141620406570399e-08,1,1,1,9,1em8,,0,0,,0
seir,odepe_shade,1e-08,seir_0_1em8,1,1,386.12606287002563,7,0,0.43599981542787425,0.3423612618763866,0.7730495323923025,0.46942498933825283,0,0,0,0,1em8,,0,0,,0
seir,odepe_shade,1e-08,seir_1_1em8,1,1,412.8613750934601,7,0,5.609721113777577e-07,8.145624041640385e-07,2.317081929904712e-06,1.1259197779466535e-06,1,1,1,1,1em8,,0,0,,0
seir,odepe_shade,1e-08,seir_2_1em8,1,1,348.2894449234009,7,0,0.2159768178801156,0.14223639041839917,0.28822817736644,0.18983177915852353,0,0,1,2,1em8,,0,0,,0
seir,odepe_shade,1e-08,seir_3_1em8,1,1,325.18882298469543,7,0,1.0900188276165743e-05,6.827338999095046e-06,1.4490970463634936e-05,9.082517505556773e-06,1,1,1,3,1em8,,0,0,,0
seir,odepe_shade,1e-08,seir_4_1em8,1,1,395.92314195632935,7,0,0.1801895764035009,0.11674160670622212,0.21868471450802565,0.14797195552165268,0,0,1,4,1em8,,0,0,,0
seir,odepe_shade,1e-08,seir_5_1em8,1,1,442.59585094451904,7,0,0.3926310275985388,2.280047414921485,14.243902439024392,5.392668695846793,0,0,0,5,1em8,,0,0,,0
seir,odepe_shade,1e-08,seir_6_1em8,1,1,397.6443200111389,7,0,0.2294693795168862,0.3757489925961696,1.039118712852138,0.5571405348790883,0,0,0,6,1em8,,0,0,,0
seir,odepe_shade,1e-08,seir_7_1em8,1,1,331.99910497665405,7,0,5.71346873052108e-05,6.29476196471653e-05,0.00016157354651543553,8.164247729684699e-05,1,1,1,7,1em8,,0,0,,0
seir,odepe_shade,1e-08,seir_8_1em8,1,1,381.0826029777527,7,0,0.803391789857999,3.3262531053004305,13.970059880239523,5.993919967978357,0,0,0,8,1em8,,0,0,,0
seir,odepe_shade,1e-08,seir_9_1em8,1,1,510.83680295944214,7,0,4.944951297317501e-07,3.73322662883037e-07,7.288436975881572e-07,4.747090085454197e-07,1,1,1,9,1em8,,0,0,,0
slow_fast,odepe_shade,1e-08,slow_fast_0_1em8,1,1,574.9414899349213,8,0,1.9103304363980907e-08,2.17981843975282e-08,4.8991862594990136e-08,2.948092261562559e-08,1,1,1,0,1em8,,0,0,,0
slow_fast,odepe_shade,1e-08,slow_fast_1_1em8,1,1,580.0622661113739,8,0,0.5559101077692501,0.5474959498013692,1.363709692312955,0.7342383379803167,0,0,0,1,1em8,,0,0,,0
slow_fast,odepe_shade,1e-08,slow_fast_2_1em8,1,1,579.5596921443939,8,0,7.562082978155924e-09,6.290392109843314e-09,1.1155366927535086e-08,7.4189033324078635e-09,1,1,1,2,1em8,,0,0,,0
slow_fast,odepe_shade,1e-08,slow_fast_3_1em8,1,1,575.7447190284729,8,0,8.231995799703646e-08,1.56702052871793e-07,5.440525472834962e-07,2.398474654243768e-07,1,1,1,3,1em8,,0,0,,0
slow_fast,odepe_shade,1e-08,slow_fast_4_1em8,1,1,579.4389290809631,8,0,3.5715026715911176e-08,4.280758458569137e-08,9.651122823685028e-08,5.687544407153092e-08,1,1,1,4,1em8,,0,0,,0
slow_fast,odepe_shade,1e-08,slow_fast_5_1em8,1,1,580.1491279602051,8,0,0.20666121301801502,0.19842424320252094,0.610918289541638,0.2790228765463219,0,0,0,5,1em8,,0,0,,0
slow_fast,odepe_shade,1e-08,slow_fast_6_1em8,1,1,581.7407801151276,8,0,3.6195869984914676e-09,6.006529194943861e-09,2.8386696172085695e-08,1.0538333789785565e-08,1,1,1,6,1em8,,0,0,,0
slow_fast,odepe_shade,1e-08,slow_fast_7_1em8,1,1,582.3852949142456,8,0,9.201164398450666e-08,1.1312261922535431e-07,2.806070141961722e-07,1.6040660724948796e-07,1,1,1,7,1em8,,0,0,,0
slow_fast,odepe_shade,1e-08,slow_fast_8_1em8,1,1,583.2353239059448,8,0,2.5316401622884287e-07,3.7107636962739944e-07,1.4883960863901067e-06,6.000971049691951e-07,1,1,1,8,1em8,,0,0,,0
slow_fast,odepe_shade,1e-08,slow_fast_9_1em8,1,1,577.6035578250885,8,0,3.4668775934631357e-09,9.724812183506901e-09,4.6257847182336796e-08,1.7613537233471873e-08,1,1,1,9,1em8,,0,0,,0
sirt_treatment,odepe_shade,1e-08,sirt_treatment_0_1em8,1,1,581.8153848648071,9,0,6.581513945534458e-08,1.8964674960115751e-07,7.417479798063543e-07,3.297416984325333e-07,1,1,1,0,1em8,,0,0,,0
sirt_treatment,odepe_shade,1e-08,sirt_treatment_1_1em8,1,1,581.3854758739471,9,0,1.9775184599815297e-08,8.163571581894171e-08,6.108625663081568e-07,2.04651068564949e-07,1,1,1,1,1em8,,0,0,,0
sirt_treatment,odepe_shade,1e-08,sirt_treatment_2_1em8,1,1,604.4323298931122,9,0,4.377961243339398e-08,1.264999240929657e-07,6.751894235395705e-07,2.413014240501856e-07,1,1,1,2,1em8,,0,0,,0
sirt_treatment,odepe_shade,1e-08,sirt_treatment_3_1em8,1,1,599.1983671188354,9,0,2.8209400261052553e-08,4.57209880932655e-08,1.7516487906619396e-07,7.113828508687754e-08,1,1,1,3,1em8,,0,0,,0
sirt_treatment,odepe_shade,1e-08,sirt_treatment_4_1em8,1,1,576.0400860309601,9,0,3.462002065916519e-09,5.074267286354807e-08,2.266309275356093e-07,9.411149731480963e-08,1,1,1,4,1em8,,0,0,,0
sirt_treatment,odepe_shade,1e-08,sirt_treatment_5_1em8,1,1,401.57725286483765,9,0,4.980796657962842e-08,9.101143436886566e-08,2.71778856061182e-07,1.3128536836798143e-07,1,1,1,5,1em8,,0,0,,0
sirt_treatment,odepe_shade,1e-08,sirt_treatment_6_1em8,1,1,429.04241585731506,9,0,3.646848409290439e-08,1.1946867500734344e-07,6.576295352957783e-07,2.3140818327988772e-07,1,1,1,6,1em8,,0,0,,0
sirt_treatment,odepe_shade,1e-08,sirt_treatment_7_1em8,1,1,430.48810291290283,9,0,3.4632410941515794e-08,7.340360863442934e-07,3.949006082882466e-06,1.431523379956175e-06,1,1,1,7,1em8,,0,0,,0
sirt_treatment,odepe_shade,1e-08,sirt_treatment_8_1em8,1,1,426.5717990398407,9,0,3.4100197035388415e-08,2.221216792676304e-07,1.2316717403502104e-06,4.3358405308900705e-07,1,1,1,8,1em8,,0,0,,0
sirt_treatment,odepe_shade,1e-08,sirt_treatment_9_1em8,1,1,418.42889189720154,9,0,9.53759196717266e-09,3.5103317383545325e-08,1.8290128326947885e-07,6.568152918717991e-08,1,1,1,9,1em8,,0,0,,0
vanderpol,odepe_shade,1e-08,vanderpol_0_1em8,1,1,239.01989603042603,4,0,8.522267671304443e-12,2.996254059730066e-11,1.0212237038915033e-10,5.167278192387394e-11,1,1,1,0,1em8,,0,0,,0
vanderpol,odepe_shade,1e-08,vanderpol_1_1em8,1,1,226.65500688552856,4,0,6.803508855792225e-11,6.189282110284856e-11,1.024613849198841e-10,7.059880380641602e-11,1,1,1,1,1em8,,0,0,,0
vanderpol,odepe_shade,1e-08,vanderpol_2_1em8,1,1,362.26996397972107,4,0,1.0913094903908519e-10,1.2035979918130052e-10,1.9288396444745024e-10,1.3010198356697863e-10,1,1,1,2,1em8,,0,0,,0
vanderpol,odepe_shade,1e-08,vanderpol_3_1em8,1,1,340.93078804016113,4,0,2.143201625784241e-10,2.1558189040541643e-10,4.231169059674445e-10,2.6576677103451404e-10,1,1,1,3,1em8,,0,0,,0
vanderpol,odepe_shade,1e-08,vanderpol_4_1em8,1,1,309.20922803878784,4,0,3.072151318156398e-11,3.766165379778591e-11,8.603113667725974e-11,4.852383560695226e-11,1,1,1,4,1em8,,0,0,,0
vanderpol,odepe_shade,1e-08,vanderpol_5_1em8,1,1,312.6555440425873,4,0,3.554629475185615e-10,1.0818630130456755e-09,3.4192843591979047e-09,1.7315627301927684e-09,1,1,1,5,1em8,,0,0,,0
vanderpol,odepe_shade,1e-08,vanderpol_6_1em8,1,1,323.88898611068726,4,0,4.076877991224964e-11,6.416000613079163e-11,1.7381592983327504e-10,9.15963006656483e-11,1,1,1,6,1em8,,0,0,,0
vanderpol,odepe_shade,1e-08,vanderpol_7_1em8,1,1,326.0268771648407,4,0,2.724950088774921e-12,2.9892763534090446e-12,6.286436749580416e-12,3.999351971016931e-12,1,1,1,7,1em8,,0,0,,0
vanderpol,odepe_shade,1e-08,vanderpol_8_1em8,1,1,261.967542886734,4,0,2.0182277192215952e-10,8.209956946138199e-10,2.847574629196945e-09,1.4354078695033179e-09,1,1,1,8,1em8,,0,0,,0
vanderpol,odepe_shade,1e-08,vanderpol_9_1em8,1,1,326.7930200099945,4,0,6.078983349140149e-10,1.8390419074522787e-09,5.997178492208557e-09,3.0335886773077128e-09,1,1,1,9,1em8,,0,0,,0
aircraft_pitch,odepe_shade,1e-06,aircraft_pitch_0_1em6,1,1,492.1268239021301,6,1,9.361993984946983e-08,1.3373415326206206e-06,7.619019146234382e-06,3.1123172338243795e-06,1,1,1,0,1em6,,0,0,,0
aircraft_pitch,odepe_shade,1e-06,aircraft_pitch_1_1em6,1,1,424.2441759109497,6,1,2.387897182133752e-08,1.001580430964197e-06,5.749744487568741e-06,2.34877224822977e-06,1,1,1,1,1em6,,0,0,,0
aircraft_pitch,odepe_shade,1e-06,aircraft_pitch_2_1em6,1,1,489.6989779472351,6,1,4.310799742910208e-08,9.187654830249561e-07,5.220781468724253e-06,2.1326055684153206e-06,1,1,1,2,1em6,,0,0,,0
aircraft_pitch,odepe_shade,1e-06,aircraft_pitch_3_1em6,1,1,486.6378791332245,6,1,2.1337321222868896e-11,2.7490568101960787e-09,1.6132897022180044e-08,6.587445156676863e-09,1,1,1,3,1em6,,0,0,,0
aircraft_pitch,odepe_shade,1e-06,aircraft_pitch_4_1em6,1,1,486.01016902923584,6,1,3.06823483375479e-09,5.3648279919211964e-08,3.089305143358326e-07,1.2616121604299648e-07,1,1,1,4,1em6,,0,0,,0
aircraft_pitch,odepe_shade,1e-06,aircraft_pitch_5_1em6,1,1,529.9207170009613,6,1,2.918771291537629e-07,7.246260322454585e-05,0.0004335302622828127,0.00017698819373363362,1,1,1,5,1em6,,0,0,,0
aircraft_pitch,odepe_shade,1e-06,aircraft_pitch_6_1em6,1,1,475.3047528266907,6,1,1.9464559958385362e-08,1.2841549822202733e-07,6.889217605338733e-07,2.8171394764091396e-07,1,1,1,6,1em6,,0,0,,0
aircraft_pitch,odepe_shade,1e-06,aircraft_pitch_7_1em6,1,1,509.9396438598633,6,1,2.186019834104778e-08,9.572890309422678e-07,5.654560058283259e-06,2.3085479210388933e-06,1,1,1,7,1em6,,0,0,,0
aircraft_pitch,odepe_shade,1e-06,aircraft_pitch_8_1em6,1,1,393.25765919685364,6,1,1.662359905148282e-08,3.586840937667935e-07,1.972602456205406e-06,8.075286851314961e-07,1,1,1,8,1em6,,0,0,,0
aircraft_pitch,odepe_shade,1e-06,aircraft_pitch_9_1em6,1,1,319.9805209636688,6,1,1.2308308928813615e-08,1.581195327491642e-07,8.542071625667263e-07,3.4971669890365903e-07,1,1,1,9,1em6,,0,0,,0
bicycle_model,odepe_shade,1e-06,bicycle_model_0_1em6,1,1,336.2345218658447,5,0,1.4661307539593586e-07,6.110968924863494e-07,2.3764792897930136e-06,1.0750766987051787e-06,1,1,1,0,1em6,,0,0,,0
bicycle_model,odepe_shade,1e-06,bicycle_model_1_1em6,1,1,323.06221890449524,5,0,6.130505480268899e-08,7.17074723272176e-08,1.1693231697603482e-07,7.522107770812292e-08,1,1,1,1,1em6,,0,0,,0
bicycle_model,odepe_shade,1e-06,bicycle_model_2_1em6,1,1,314.3202509880066,5,0,3.4354923903624784e-08,7.133010259649274e-08,2.0677388969929234e-07,9.969894664338053e-08,1,1,1,2,1em6,,0,0,,0
bicycle_model,odepe_shade,1e-06,bicycle_model_3_1em6,1,1,314.5450210571289,5,0,3.333170883833731e-08,1.520263012217797e-06,3.959410854924271e-06,2.390431154075476e-06,1,1,1,3,1em6,,0,0,,0
bicycle_model,odepe_shade,1e-06,bicycle_model_4_1em6,1,1,356.24664998054504,5,0,5.273006855003775e-08,2.1064071260918408e-07,8.553408281734001e-07,3.8510849627139543e-07,1,1,1,4,1em6,,0,0,,0
bicycle_model,odepe_shade,1e-06,bicycle_model_5_1em6,1,1,308.7143290042877,5,0,1.1651601314982671e-07,1.8192959009620855e-07,2.9301802287770235e-07,2.0064907304547888e-07,1,1,1,5,1em6,,0,0,,0
bicycle_model,odepe_shade,1e-06,bicycle_model_6_1em6,1,1,328.7977030277252,5,0,2.3031656081903057e-08,8.341556819863054e-08,1.8302228731621595e-07,1.14773138297557e-07,1,1,1,6,1em6,,0,0,,0
bicycle_model,odepe_shade,1e-06,bicycle_model_7_1em6,1,1,330.85811018943787,5,0,1.449970900419624e-08,2.6733235623146105e-06,8.711021367580406e-06,4.41238754385155e-06,1,1,1,7,1em6,,0,0,,0
bicycle_model,odepe_shade,1e-06,bicycle_model_8_1em6,1,1,267.05007100105286,5,0,1.000774910243687e-08,1.382866519200549e-07,3.482267609141281e-07,2.1236076276235815e-07,1,1,1,8,1em6,,0,0,,0
bicycle_model,odepe_shade,1e-06,bicycle_model_9_1em6,1,1,273.4539759159088,5,0,2.4908070695007222e-08,7.840200787281633e-08,1.8030804911331686e-07,1.041824085295058e-07,1,1,1,9,1em6,,0,0,,0
biohydrogenation,odepe_shade,1e-06,biohydrogenation_0_1em6,1,1,337.8883411884308,9,1,0.21019904088805946,2.6426664014163417,21.18093042705078,7.076297911967659,0,0,0,0,1em6,,0,0,,0
biohydrogenation,odepe_shade,1e-06,biohydrogenation_1_1em6,1,1,334.3568251132965,9,1,0.00022939037001281845,0.004820143282218351,0.022853445484983165,0.008769995301704345,0,1,1,1,1em6,,0,0,,0
biohydrogenation,odepe_shade,1e-06,biohydrogenation_2_1em6,1,1,317.5839478969574,9,1,0.10407861792841826,1.637911541713031,12.495276653171393,4.19038467770415,0,0,0,2,1em6,,0,0,,0
biohydrogenation,odepe_shade,1e-06,biohydrogenation_3_1em6,1,1,500.7846817970276,9,1,0.29579655549811223,1.5899162367245112,11.738853503184716,3.9408252440075593,0,0,0,3,1em6,,0,0,,0
biohydrogenation,odepe_shade,1e-06,biohydrogenation_4_1em6,1,1,385.91761088371277,9,1,4.05898556560258e-05,0.00015131741588102785,0.0006272820753434163,0.00025336808798573596,1,1,1,4,1em6,,0,0,,0
biohydrogenation,odepe_shade,1e-06,biohydrogenation_5_1em6,1,1,484.79603910446167,9,1,0.09935301407356621,1.387317474453225,10.764705882352944,3.606693154270363,0,0,0,5,1em6,,0,0,,0
biohydrogenation,odepe_shade,1e-06,biohydrogenation_6_1em6,1,1,382.8234279155731,9,1,0.13023123050079252,1.2115030215644715,7.335700065233676,2.541583595896434,0,0,0,6,1em6,,0,0,,0
biohydrogenation,odepe_shade,1e-06,biohydrogenation_7_1em6,1,1,451.4972949028015,9,1,0.044671092112237486,1.397602393004719,11.165450121654505,3.7379894205637254,0,0,0,7,1em6,,0,0,,0
biohydrogenation,odepe_shade,1e-06,biohydrogenation_8_1em6,1,1,491.5071680545807,9,1,0.2230653875918884,2.627713933528395,17.48428835489834,6.013985228693465,0,0,0,8,1em6,,0,0,,0
biohydrogenation,odepe_shade,1e-06,biohydrogenation_9_1em6,1,1,414.6860320568085,9,1,4.116006388695027e-05,0.0004749685145618254,0.002565967606532306,0.0009382954037441783,1,1,1,9,1em6,,0,0,,0
boost_converter,odepe_shade,1e-06,boost_converter_0_1em6,1,1,402.7510859966278,5,0,1.8219773996397933e-07,1.283216588879348e-06,5.335787216130636e-06,2.4183294818963496e-06,1,1,1,0,1em6,,0,0,,0
boost_converter,odepe_shade,1e-06,boost_converter_1_1em6,1,1,389.19496297836304,5,0,8.95597032692304e-08,3.930938857690141e-07,1.6035549494533201e-06,7.265855949048605e-07,1,1,1,1,1em6,,0,0,,0
boost_converter,odepe_shade,1e-06,boost_converter_2_1em6,1,1,535.8505380153656,5,0,0.12704171031839814,0.6905020779451465,2.324149556706873,1.1318431983416943,0,0,0,2,1em6,,0,0,,0
boost_converter,odepe_shade,1e-06,boost_converter_3_1em6,1,1,349.4211871623993,5,0,1.3870155998538933e-07,6.269785132711003e-07,2.27589513303231e-06,1.050245237215998e-06,1,1,1,3,1em6,,0,0,,0
boost_converter,odepe_shade,1e-06,boost_converter_4_1em6,1,1,372.0766279697418,5,0,8.335299955042724e-08,7.408368115904353e-07,3.118769534760142e-06,1.408066415117576e-06,1,1,1,4,1em6,,0,0,,0
boost_converter,odepe_shade,1e-06,boost_converter_5_1em6,1,1,392.9535038471222,5,0,4.6644787474422346e-08,2.8544954976834366e-06,1.3797723244350507e-05,6.173404640123861e-06,1,1,1,5,1em6,,0,0,,0
boost_converter,odepe_shade,1e-06,boost_converter_6_1em6,1,1,432.76786398887634,5,0,2.0704612360493283e-07,6.496798971571233e-07,2.54618121603602e-06,1.1538426933680005e-06,1,1,1,6,1em6,,0,0,,0
boost_converter,odepe_shade,1e-06,boost_converter_7_1em6,1,1,398.43236088752747,5,0,1.5706786022296116e-07,1.9114940516815454e-07,3.713229728846683e-07,2.3851849813158006e-07,1,1,1,7,1em6,,0,0,,0
boost_converter,odepe_shade,1e-06,boost_converter_8_1em6,1,1,365.3634030818939,5,0,1.6420156006755474e-07,1.2647476670490756e-06,5.81546959407273e-06,2.6038205267358273e-06,1,1,1,8,1em6,,0,0,,0
boost_converter,odepe_shade,1e-06,boost_converter_9_1em6,1,1,384.89328598976135,5,0,3.4185683118586826e-07,2.440482593614058e-06,1.1255181601584478e-05,5.040360171116845e-06,1,1,1,9,1em6,,0,0,,0
brusselator,odepe_shade,1e-06,brusselator_0_1em6,1,1,308.67316484451294,4,0,5.933034814604916e-07,7.03192383731927e-07,1.6250911790323859e-06,9.278803875870433e-07,1,1,1,0,1em6,,0,0,,0
brusselator,odepe_shade,1e-06,brusselator_1_1em6,1,1,550.9841349124908,4,0,6.464199786172032e-06,6.124980808232128e-06,1.156264205508611e-05,7.404356230100606e-06,1,1,1,1,1em6,,0,0,,0
brusselator,odepe_shade,1e-06,brusselator_2_1em6,1,1,547.8664598464966,4,0,7.878884412993014e-06,6.64321190414246e-06,1.0812537047446162e-05,7.767734280037056e-06,1,1,1,2,1em6,,0,0,,0
brusselator,odepe_shade,1e-06,brusselator_3_1em6,1,1,542.3077948093414,4,0,5.072437518566029e-06,4.519736115785558e-06,7.90301250712012e-06,5.372622964930373e-06,1,1,1,3,1em6,,0,0,,0
brusselator,odepe_shade,1e-06,brusselator_4_1em6,1,1,630.5794820785522,4,0,9.081620170956825e-06,1.3614454327235134e-05,3.629386487019573e-05,1.929763520217219e-05,1,1,1,4,1em6,,0,0,,0
brusselator,odepe_shade,1e-06,brusselator_5_1em6,1,1,161.56695103645325,4,0,0.8229359706032955,0.7895876954891016,0.9992571542947114,0.8164438365842797,0,0,0,5,1em6,,0,0,,0
brusselator,odepe_shade,1e-06,brusselator_6_1em6,1,1,167.55479192733765,4,0,1.0328588736163655,5.944044924400639,20.721363335916266,10.39818489238538,0,0,0,6,1em6,,0,0,,0
brusselator,odepe_shade,1e-06,brusselator_7_1em6,1,1,718.0764100551605,4,0,1.0565491416079607,4.968706097793125,17.761726078799253,8.912645274548353,0,0,0,7,1em6,,0,0,,0
brusselator,odepe_shade,1e-06,brusselator_8_1em6,1,1,194.13812708854675,4,0,0.9806607560655591,1.9959161078093466,5.353193182795326,2.7851625628817716,0,0,0,8,1em6,,0,0,,0
brusselator,odepe_shade,1e-06,brusselator_9_1em6,1,1,541.2727859020233,4,0,3.830262603040223e-06,4.128425900295825e-06,8.834323207149248e-06,5.529720970293806e-06,1,1,1,9,1em6,,0,0,,0
crauste,odepe_shade,1e-06,crauste_0_1em6,1,1,734.5602521896362,17,0,0.004185136620873709,0.22633451546052014,0.9999872448979592,0.4353984920614333,0,0,0,0,1em6,,0,0,,0
crauste,odepe_shade,1e-06,crauste_1_1em6,1,1,164.13515996932983,17,0,0.9960925914868519,1.824921924644765,12.233784712618293,3.42446989700489,0,0,0,1,1em6,,0,0,,1
crauste,odepe_shade,1e-06,crauste_2_1em6,1,1,693.7149341106415,17,0,0.00011780300528394343,0.02926551499124127,0.3121508449652667,0.07985503681594357,0,0,1,2,1em6,,0,0,,0
crauste,odepe_shade,1e-06,crauste_3_1em6,1,1,2260.286617040634,17,0,0.9415418253628689,2.720708673298443,13.265335235378034,5.237971779089583,0,0,0,3,1em6,,0,0,,1
crauste,odepe_shade,1e-06,crauste_4_1em6,1,1,165.92482995986938,17,0,0.9999098708188575,3.0422983703740134,15.110214955063311,5.336792314819084,0,0,0,4,1em6,,0,0,,0
crauste,odepe_shade,1e-06,crauste_5_1em6,1,1,854.1465079784393,17,0,0.9847731039333207,2.0320826659007905,12.175230566534916,3.792040965765145,0,0,0,5,1em6,,0,0,,4
crauste,odepe_shade,1e-06,crauste_6_1em6,1,1,1435.7868349552155,17,0,2.5194132411602583e-05,0.01155385068174311,0.13429249027492082,0.035801316218811684,0,0,1,6,1em6,,0,0,,0
crauste,odepe_shade,1e-06,crauste_7_1em6,1,1,158.41811394691467,17,0,0.9595050578310085,1.536595512979097,12.150624562127717,3.071303842456475,0,0,0,7,1em6,,0,0,,1
crauste,odepe_shade,1e-06,crauste_8_1em6,1,1,1323.3341829776764,17,0,0.9127099119348769,3.655376629070901,41.73504273504274,10.467162602974415,0,0,0,8,1em6,,0,0,,0
crauste,odepe_shade,1e-06,crauste_9_1em6,1,1,133.58811712265015,17,0,0.9844735155816353,1.9952439699933886,10.300549186089688,3.2819564869480153,0,0,0,9,1em6,,0,0,,1
cstr,odepe_shade,1e-06,cstr_0_1em6,1,1,324.3266291618347,7,0,5.856801515119092e-06,2.5599359984288186,16.793591109365902,6.357881463513526,0,0,0,0,1em6,,0,0,,0
cstr,odepe_shade,1e-06,cstr_1_1em6,1,1,301.19525694847107,7,0,3.649168360379655e-06,0.037103781213029076,0.13943206276437792,0.0673575716004011,0,0,1,1,1em6,,0,0,,0
cstr,odepe_shade,1e-06,cstr_2_1em6,1,1,391.8681640625,7,0,0.038114039377524084,2.363529596053952,14.455947953354704,5.489953917152675,0,0,0,2,1em6,,0,0,,0
cstr,odepe_shade,1e-06,cstr_3_1em6,1,1,368.13469219207764,7,0,1.4876625487048045e-06,2.5917869925248302,17.050541516245488,6.454478998488252,0,0,0,3,1em6,,0,0,,0
cstr,odepe_shade,1e-06,cstr_4_1em6,1,1,626.9979338645935,7,0,6.975758574213306e-05,0.0012511067685277003,0.0035715253674815884,0.001970009923083091,1,1,1,4,1em6,,0,0,,0
cstr,odepe_shade,1e-06,cstr_5_1em6,1,1,2187.604979991913,7,0,0.00014280807845820404,0.010692164451814645,0.03763933066306643,0.01988041329113029,0,1,1,5,1em6,,0,0,,0
cstr,odepe_shade,1e-06,cstr_6_1em6,1,1,451.04613304138184,7,0,0.034773771300384636,5.334991208584204,26.027027027027035,10.581090316459944,0,0,0,6,1em6,,0,0,,0
cstr,odepe_shade,1e-06,cstr_7_1em6,1,1,562.903315782547,7,0,1.0684515745451202e-05,0.0005122707460845588,0.0016471907897956737,0.0008697901220173756,1,1,1,7,1em6,,0,0,,0
cstr,odepe_shade,1e-06,cstr_8_1em6,1,1,627.6767408847809,7,0,2.552600934744148e-05,0.001615848998583793,0.004957119557766902,0.0025853420772068165,1,1,1,8,1em6,,0,0,,0
cstr,odepe_shade,1e-06,cstr_9_1em6,1,1,601.2821929454803,7,0,0.08575624298931063,0.833299915074648,4.374236266298076,1.695230045746972,0,0,0,9,1em6,,0,0,,0
daisy_mamil3,odepe_shade,1e-06,daisy_mamil3_0_1em6,1,1,357.1658339500427,8,0,1.6723911627489336e-06,5.899709514276619e-06,1.913693134635417e-05,9.226661073352505e-06,1,1,1,0,1em6,,0,0,,0
daisy_mamil3,odepe_shade,1e-06,daisy_mamil3_1_1em6,1,1,370.04121494293213,8,0,3.6671862151178055e-07,1.8245231990920691e-06,8.464310527562532e-06,3.264832261297112e-06,1,1,1,1,1em6,,0,0,,0
daisy_mamil3,odepe_shade,1e-06,daisy_mamil3_2_1em6,1,1,375.5934839248657,8,0,1.280996488456569e-06,2.330723649285521e-06,8.714536234855075e-06,3.555673389508325e-06,1,1,1,2,1em6,,0,0,,0
daisy_mamil3,odepe_shade,1e-06,daisy_mamil3_3_1em6,1,1,372.02011013031006,8,0,1.6326437158364813e-07,5.798463027947851e-07,2.5074948027118106e-06,1.0132473142802796e-06,1,1,1,3,1em6,,0,0,,0
daisy_mamil3,odepe_shade,1e-06,daisy_mamil3_4_1em6,1,1,359.0340130329132,8,0,1.449762405460455e-06,2.8889712305538666e-06,1.1981646137847004e-05,4.698764363324563e-06,1,1,1,4,1em6,,0,0,,0
daisy_mamil3,odepe_shade,1e-06,daisy_mamil3_5_1em6,1,1,355.00058007240295,8,0,0.3423832088009095,0.49115075646941686,0.9999374999999999,0.640249817722878,0,0,0,5,1em6,,0,0,,0
daisy_mamil3,odepe_shade,1e-06,daisy_mamil3_6_1em6,1,1,362.47820806503296,8,0,9.512196625374081e-07,4.320561574944918e-06,1.3615437517372355e-05,6.7430035621865536e-06,1,1,1,6,1em6,,0,0,,0
daisy_mamil3,odepe_shade,1e-06,daisy_mamil3_7_1em6,1,1,361.6722981929779,8,0,2.3160780702682333e-06,1.7578835979190515e-05,9.77028418759629e-05,3.6098845632946065e-05,1,1,1,7,1em6,,0,0,,0
daisy_mamil3,odepe_shade,1e-06,daisy_mamil3_8_1em6,1,1,364.4542610645294,8,0,6.760056264352068e-07,8.308710816462177e-07,1.795434655977055e-06,1.031281869511283e-06,1,1,1,8,1em6,,0,0,,0
daisy_mamil3,odepe_shade,1e-06,daisy_mamil3_9_1em6,1,1,325.68115305900574,8,0,5.266014971549748e-07,5.977014033457283e-07,1.5150349786664713e-06,7.537796471097564e-07,1,1,1,9,1em6,,0,0,,0
daisy_mamil4,odepe_shade,1e-06,daisy_mamil4_0_1em6,1,1,421.20970010757446,11,0,0.251665059464146,0.4051138239532594,1.8672081172141517,0.6798126582988916,0,0,0,0,1em6,,0,0,,0
daisy_mamil4,odepe_shade,1e-06,daisy_mamil4_1_1em6,1,1,416.50773787498474,11,0,0.00013901962131383035,0.0004008674861922856,0.0021889516074069864,0.0007636666327548668,1,1,1,1,1em6,,0,0,,0
daisy_mamil4,odepe_shade,1e-06,daisy_mamil4_2_1em6,1,1,398.9257469177246,11,0,0.08211922937394175,0.5299622627802655,2.977302019771022,1.0273892970687193,0,0,0,2,1em6,,0,0,,0
daisy_mamil4,odepe_shade,1e-06,daisy_mamil4_3_1em6,1,1,442.0063829421997,11,0,9.365479577893711e-05,9.562496402097491e-05,0.0005581814186097623,0.00018087233994627645,1,1,1,3,1em6,,0,0,,0
daisy_mamil4,odepe_shade,1e-06,daisy_mamil4_4_1em6,1,1,455.2663719654083,11,0,0.0002719139823041504,0.0010443171250183562,0.0031945766830777196,0.001653806447705114,1,1,1,4,1em6,,0,0,,0
daisy_mamil4,odepe_shade,1e-06,daisy_mamil4_5_1em6,1,1,402.4382300376892,11,0,0.00016423499622389296,0.000754935124234078,0.005158347291748009,0.0016262201563444106,1,1,1,5,1em6,,0,0,,0
daisy_mamil4,odepe_shade,1e-06,daisy_mamil4_6_1em6,1,1,505.0038950443268,11,0,0.16252208067587623,0.2753767337977888,1.5234720234529817,0.5135320396052326,0,0,0,6,1em6,,0,0,,0
daisy_mamil4,odepe_shade,1e-06,daisy_mamil4_7_1em6,1,1,461.86248302459717,11,0,4.474369918522354e-06,2.7493594830570365e-05,0.0001821305843827602,5.931633989611307e-05,1,1,1,7,1em6,,0,0,,0
daisy_mamil4,odepe_shade,1e-06,daisy_mamil4_8_1em6,1,1,733.5651550292969,11,0,0.00430090794495494,0.10091205462739684,0.8275767457975489,0.25511359396590866,0,0,0,8,1em6,,0,0,,0
daisy_mamil4,odepe_shade,1e-06,daisy_mamil4_9_1em6,1,1,463.09914088249207,11,0,0.34838096323510187,0.8996054655967188,4.203236445989688,1.6457453670156588,0,0,0,9,1em6,,0,0,,0
dc_motor,odepe_shade,1e-06,dc_motor_0_1em6,1,1,217.10193395614624,4,0,3.980503803201504e-06,4.850965534849821e-06,1.141817914975311e-05,6.708825555576192e-06,1,1,1,0,1em6,,0,0,,0
dc_motor,odepe_shade,1e-06,dc_motor_1_1em6,1,1,214.2988600730896,4,0,2.669890299258255e-07,5.928392112684293e-07,1.813242776835084e-06,9.373273636417039e-07,1,1,1,1,1em6,,0,0,,0
dc_motor,odepe_shade,1e-06,dc_motor_2_1em6,1,1,205.89102602005005,4,0,1.0737032332012876e-06,1.034758560247037e-06,1.986702299562873e-06,1.2630772555493307e-06,1,1,1,2,1em6,,0,0,,0
dc_motor,odepe_shade,1e-06,dc_motor_3_1em6,1,1,212.23659491539001,4,0,3.140804243652908e-06,9.324756393937321e-06,3.096604553354254e-05,1.5678874327246407e-05,1,1,1,3,1em6,,0,0,,0
dc_motor,odepe_shade,1e-06,dc_motor_4_1em6,1,1,201.7266628742218,4,0,4.479064189328107e-06,6.9858744655054e-06,1.894866852009125e-05,1.0330587988948395e-05,1,1,1,4,1em6,,0,0,,0
dc_motor,odepe_shade,1e-06,dc_motor_5_1em6,1,1,204.19812083244324,4,0,1.2444354389277216e-06,2.1063477934313347e-06,5.8806748414762044e-06,3.081615180187698e-06,1,1,1,5,1em6,,0,0,,0
dc_motor,odepe_shade,1e-06,dc_motor_6_1em6,1,1,207.86131691932678,4,0,2.2506237235574293e-06,2.4309758527005396e-06,5.2047285265071905e-06,3.3324048080505794e-06,1,1,1,6,1em6,,0,0,,0
dc_motor,odepe_shade,1e-06,dc_motor_7_1em6,1,1,209.5599880218506,4,0,1.91394156375029e-06,2.197203024548209e-06,4.8870024971225945e-06,2.8686388631822125e-06,1,1,1,7,1em6,,0,0,,0
dc_motor,odepe_shade,1e-06,dc_motor_8_1em6,1,1,222.77840995788574,4,0,3.2199599084022525e-06,4.792884981852036e-06,1.2727112140596253e-05,6.770963382290791e-06,1,1,1,8,1em6,,0,0,,0
dc_motor,odepe_shade,1e-06,dc_motor_9_1em6,1,1,193.79752588272095,4,0,1.9359576246362157e-07,5.207925448231944e-07,1.6461016504745655e-06,8.373242756978316e-07,1,1,1,9,1em6,,0,0,,0
fitzhugh_nagumo,odepe_shade,1e-06,fitzhugh_nagumo_0_1em6,1,1,240.49140000343323,5,0,2.113069184353981e-06,0.0001595589325124032,0.0005954875657281949,0.0002806601209691358,1,1,1,0,1em6,,0,0,,0
fitzhugh_nagumo,odepe_shade,1e-06,fitzhugh_nagumo_1_1em6,1,1,279.7013621330261,5,0,3.5448557800716355e-06,8.996770190142503e-05,0.00034596000940234856,0.0001609441010019676,1,1,1,1,1em6,,0,0,,0
fitzhugh_nagumo,odepe_shade,1e-06,fitzhugh_nagumo_2_1em6,1,1,245.46217703819275,5,0,7.768308852465125e-05,0.00010146454362427296,0.0002758203323256806,0.00013722437844718857,1,1,1,2,1em6,,0,0,,0
fitzhugh_nagumo,odepe_shade,1e-06,fitzhugh_nagumo_3_1em6,1,1,233.62011003494263,5,0,2.487724533624723e-06,1.3053860593676846e-05,3.0685946424863564e-05,1.943042545742864e-05,1,1,1,3,1em6,,0,0,,0
fitzhugh_nagumo,odepe_shade,1e-06,fitzhugh_nagumo_4_1em6,1,1,236.76056480407715,5,0,0.001370188965381566,0.005695274812987923,0.02350035356346511,0.010593474361445492,0,1,1,4,1em6,,0,0,,0
fitzhugh_nagumo,odepe_shade,1e-06,fitzhugh_nagumo_5_1em6,1,1,201.05927109718323,5,0,3.013995171188163e-05,0.0002392779524128156,0.0006641206598330619,0.0003689607170197991,1,1,1,5,1em6,,0,0,,0
fitzhugh_nagumo,odepe_shade,1e-06,fitzhugh_nagumo_6_1em6,1,1,206.51521396636963,5,0,1.8148821178631214e-05,0.00012740114699424018,0.00033631719381773474,0.00019364637967269433,1,1,1,6,1em6,,0,0,,0
fitzhugh_nagumo,odepe_shade,1e-06,fitzhugh_nagumo_7_1em6,1,1,215.99378395080566,5,0,7.92114941958766e-05,0.0003886194478275244,0.001371197077703775,0.0006466398225100499,1,1,1,7,1em6,,0,0,,0
fitzhugh_nagumo,odepe_shade,1e-06,fitzhugh_nagumo_8_1em6,1,1,363.9389328956604,5,0,3.0403964207772988e-05,3.171467234372044e-05,7.759982892352644e-05,4.184678354559793e-05,1,1,1,8,1em6,,0,0,,0
fitzhugh_nagumo,odepe_shade,1e-06,fitzhugh_nagumo_9_1em6,1,1,216.67205595970154,5,0,2.0180289936929608e-05,6.569654300708528e-05,0.00021125605828020257,0.00010259431793978241,1,1,1,9,1em6,,0,0,,0
flexible_arm,odepe_shade,1e-06,flexible_arm_0_1em6,1,1,2143.184695005417,9,0,1.9224553772483145e-05,0.0003150111100301857,0.0025694131917931694,0.000858559154116412,1,1,1,0,1em6,,0,0,,0
flexible_arm,odepe_shade,1e-06,flexible_arm_1_1em6,1,1,1036.9537360668182,9,0,4.281155272486162e-05,8.230030315647455e-05,0.0004299578029973211,0.00014890618760035187,1,1,1,1,1em6,,0,0,,0
flexible_arm,odepe_shade,1e-06,flexible_arm_2_1em6,1,1,678.533625125885,9,0,7.332162809587465e-05,9.754535220237397e-05,0.000297932334234525,0.00013536165212618494,1,1,1,2,1em6,,0,0,,0
flexible_arm,odepe_shade,1e-06,flexible_arm_3_1em6,1,1,787.4929230213165,9,0,2.0015941601715046e-05,2.6758604672829772e-05,6.843755135583136e-05,3.5370431005015676e-05,1,1,1,3,1em6,,0,0,,0
flexible_arm,odepe_shade,1e-06,flexible_arm_4_1em6,1,1,646.2379992008209,9,0,1.320860316819838e-05,5.66106340148976e-05,0.0002799274152866616,0.00010175585740533178,1,1,1,4,1em6,,0,0,,0
flexible_arm,odepe_shade,1e-06,flexible_arm_5_1em6,1,1,620.0757398605347,9,0,4.716530658778671e-05,0.00011236620130715038,0.0003819434149331003,0.00016428878543149554,1,1,1,5,1em6,,0,0,,0
flexible_arm,odepe_shade,1e-06,flexible_arm_6_1em6,1,1,937.0353350639343,9,0,2.800852559603495e-05,2.8734325536743236e-05,5.105808187543113e-05,3.3244769177201386e-05,1,1,1,6,1em6,,0,0,,0
flexible_arm,odepe_shade,1e-06,flexible_arm_7_1em6,1,1,2107.0387020111084,9,0,3.8605660318476195e-05,4.6541447765095015e-05,0.00016530916708641348,6.843438881080555e-05,1,1,1,7,1em6,,0,0,,0
flexible_arm,odepe_shade,1e-06,flexible_arm_8_1em6,1,1,1032.8343920707703,9,0,2.0631586318715922e-05,0.00018493078929717464,0.0010969655645498306,0.00039386205314523683,1,1,1,8,1em6,,0,0,,0
flexible_arm,odepe_shade,1e-06,flexible_arm_9_1em6,1,1,1327.359013080597,9,0,0.37871672673940343,0.47135747544092216,0.9999691441858956,0.6183724299880937,0,0,0,9,1em6,,0,0,,0
forced_lotka_volterra,odepe_shade,1e-06,forced_lotka_volterra_0_1em6,1,1,320.6204721927643,6,0,1.0468618866702255e-07,1.0483634009389358e-07,1.528914903257624e-07,1.1001080045667007e-07,1,1,1,0,1em6,,0,0,,0
forced_lotka_volterra,odepe_shade,1e-06,forced_lotka_volterra_1_1em6,1,1,360.6255691051483,6,0,2.4277862996650316e-08,3.183209646469018e-08,6.859164098773706e-08,3.962664741671402e-08,1,1,1,1,1em6,,0,0,,0
forced_lotka_volterra,odepe_shade,1e-06,forced_lotka_volterra_2_1em6,1,1,248.58289003372192,6,0,0.9079032505643958,1.8199193786728411,7.155498414948737,3.0167964934813716,0,0,0,2,1em6,,0,0,,0
forced_lotka_volterra,odepe_shade,1e-06,forced_lotka_volterra_3_1em6,1,1,349.08706188201904,6,0,8.162801537569224e-08,1.360990195153482e-07,3.574219753138902e-07,1.8124213238770641e-07,1,1,1,3,1em6,,0,0,,0
forced_lotka_volterra,odepe_shade,1e-06,forced_lotka_volterra_4_1em6,1,1,407.3516409397125,6,0,2.6429552069410974e-08,5.791700290298425e-08,2.0551082010533128e-07,9.15848532051001e-08,1,1,1,4,1em6,,0,0,,0
forced_lotka_volterra,odepe_shade,1e-06,forced_lotka_volterra_5_1em6,1,1,343.3700530529022,6,0,1.8894089245261654,7.130435399720519,22.56033275580295,11.130224785966288,0,0,0,5,1em6,,0,0,,0
forced_lotka_volterra,odepe_shade,1e-06,forced_lotka_volterra_6_1em6,1,1,344.342453956604,6,0,1.6223287992218706e-07,4.798301988828709e-07,2.327849991115927e-06,9.58578631156085e-07,1,1,1,6,1em6,,0,0,,0
forced_lotka_volterra,odepe_shade,1e-06,forced_lotka_volterra_7_1em6,1,1,413.45976090431213,6,0,1.0884636766585149e-07,1.4217158498369897e-07,3.9810577076495166e-07,1.9035644956465752e-07,1,1,1,7,1em6,,0,0,,0
forced_lotka_volterra,odepe_shade,1e-06,forced_lotka_volterra_8_1em6,1,1,297.2358601093292,6,0,0.9883826321135885,1.5596426303821882,3.784204468617928,2.0923327644615006,0,0,0,8,1em6,,0,0,,0
forced_lotka_volterra,odepe_shade,1e-06,forced_lotka_volterra_9_1em6,1,1,364.1351261138916,6,0,5.80942669858792e-08,7.39102866208517e-08,2.058889999546864e-07,9.972113062059168e-08,1,1,1,9,1em6,,0,0,,0
harmonic_oscillator,odepe_shade,1e-06,harmonic_oscillator_0_1em6,1,1,217.35991597175598,4,0,7.42778387933955e-09,1.8088121979013305e-08,5.272415186197417e-08,2.699027142031071e-08,1,1,1,0,1em6,,0,0,,0
harmonic_oscillator,odepe_shade,1e-06,harmonic_oscillator_1_1em6,1,1,218.1372148990631,4,0,1.422661943502064e-09,1.4416228872782903e-09,2.529187983857879e-09,1.6280937495521994e-09,1,1,1,1,1em6,,0,0,,0
harmonic_oscillator,odepe_shade,1e-06,harmonic_oscillator_2_1em6,1,1,189.35609602928162,4,0,2.950969256521037e-10,2.9820564987436937e-10,3.931212031908339e-10,3.0802518123029204e-10,1,1,1,2,1em6,,0,0,,0
harmonic_oscillator,odepe_shade,1e-06,harmonic_oscillator_3_1em6,1,1,203.9498689174652,4,0,6.157747650261206e-10,7.735320592678848e-10,1.448378642637793e-09,8.709049714950825e-10,1,1,1,3,1em6,,0,0,,0
harmonic_oscillator,odepe_shade,1e-06,harmonic_oscillator_4_1em6,1,1,172.97363901138306,4,0,1.930419382255182e-08,2.0631730842246284e-08,3.993681292926718e-08,2.428213476123744e-08,1,1,1,4,1em6,,0,0,,0
harmonic_oscillator,odepe_shade,1e-06,harmonic_oscillator_5_1em6,1,1,178.15308022499084,4,0,6.3545959043786374e-09,8.152039767333495e-09,1.5702380047040123e-08,9.363052227962211e-09,1,1,1,5,1em6,,0,0,,0
harmonic_oscillator,odepe_shade,1e-06,harmonic_oscillator_6_1em6,1,1,176.63606119155884,4,0,4.279275322559497e-08,8.2176940838026e-08,2.3978531339994794e-07,1.2438256866206788e-07,1,1,1,6,1em6,,0,0,,0
harmonic_oscillator,odepe_shade,1e-06,harmonic_oscillator_7_1em6,1,1,199.9568121433258,4,0,6.753253262672937e-10,1.067037002970798e-09,2.3625509305715914e-09,1.3056275268887594e-09,1,1,1,7,1em6,,0,0,,0
harmonic_oscillator,odepe_shade,1e-06,harmonic_oscillator_8_1em6,1,1,305.79321908950806,4,0,3.276649089593315e-09,2.09824227431638e-08,7.734626019489554e-08,3.8745630249826276e-08,1,1,1,8,1em6,,0,0,,0
harmonic_oscillator,odepe_shade,1e-06,harmonic_oscillator_9_1em6,1,1,327.0904839038849,4,0,7.3123863549257955e-09,7.473321267703368e-09,1.1541463278609023e-08,8.146666217046835e-09,1,1,1,9,1em6,,0,0,,0
hiv,odepe_shade,1e-06,hiv_0_1em6,1,1,644.5885610580444,15,0,5.3991938051718664e-05,0.06703983158285638,0.999981308411215,0.2581949284874108,0,0,0,0,1em6,,0,0,,0
hiv,odepe_shade,1e-06,hiv_1_1em6,1,1,626.3203639984131,15,0,6.612917572635701e-05,0.02482593194809412,0.3594521552488195,0.09282274530794811,0,0,1,1,1em6,,0,0,,0
hiv,odepe_shade,1e-06,hiv_2_1em6,1,1,608.361613035202,15,0,4.165370013138131e-05,0.14463979954850614,2.1629962646845455,0.5584837872884931,0,0,0,2,1em6,,0,0,,0
hiv,odepe_shade,1e-06,hiv_3_1em6,1,1,615.7771048545837,15,0,3.336252848660006e-06,0.005956412884541985,0.0889608337977714,0.022969636867974663,0,1,1,3,1em6,,0,0,,0
hiv,odepe_shade,1e-06,hiv_4_1em6,1,1,611.1508169174194,15,0,2.660735541433631e-06,0.016574507959661342,0.24767842850989452,0.06395040322876039,0,0,1,4,1em6,,0,0,,0
hiv,odepe_shade,1e-06,hiv_5_1em6,1,1,607.9656240940094,15,0,0.8906980919221111,1.9222194439515219,20.462021810565638,5.3317642436650505,0,0,0,5,1em6,,0,0,,1
hiv,odepe_shade,1e-06,hiv_6_1em6,1,1,613.2565948963165,15,0,2.6761337985874822e-05,0.06708660860579665,0.9990600960100209,0.25795789539565694,0,0,0,6,1em6,,0,0,,0
hiv,odepe_shade,1e-06,hiv_7_1em6,1,1,968.2526400089264,15,0,0.9999300699300698,1.9620849422536866,11.642225031605564,3.710601422034748,0,0,0,7,1em6,,0,0,,0
hiv,odepe_shade,1e-06,hiv_8_1em6,1,1,610.3113989830017,15,0,5.4583541572292216e-05,0.06682814449454044,0.999904761904762,0.25817447977966346,0,0,0,8,1em6,,0,0,,2
hiv,odepe_shade,1e-06,hiv_9_1em6,1,1,656.357302904129,15,0,3.662554359795678e-05,0.06521246237333009,0.9740138814222079,0.25148983694335963,0,0,0,9,1em6,,0,0,,2
lotka_volterra,odepe_shade,1e-06,lotka_volterra_0_1em6,1,1,362.23522996902466,5,0,1.0264814060020398e-06,2.007827683902595e-06,6.691035420169911e-06,3.138195421602914e-06,1,1,1,0,1em6,,0,0,,0
lotka_volterra,odepe_shade,1e-06,lotka_volterra_1_1em6,1,1,396.35062193870544,5,0,1.710830991003848e-07,3.137900667170474e-07,8.842073940197456e-07,4.244181960448079e-07,1,1,1,1,1em6,,0,0,,0
lotka_volterra,odepe_shade,1e-06,lotka_volterra_2_1em6,1,1,361.62731194496155,5,0,3.157554113488264e-08,2.693633869088912e-08,4.5905959010957474e-08,3.0218937625372376e-08,1,1,1,2,1em6,,0,0,,0
lotka_volterra,odepe_shade,1e-06,lotka_volterra_3_1em6,1,1,320.514319896698,5,0,0.9869006398476866,1.923103150491304,4.636537712668567,2.556767503295711,0,0,0,3,1em6,,0,0,,0
lotka_volterra,odepe_shade,1e-06,lotka_volterra_4_1em6,1,1,223.03012585639954,5,0,2.8891175965016744e-07,3.6743826070756273e-07,8.178239559315194e-07,4.4594374201801915e-07,1,1,1,4,1em6,,0,0,,0
lotka_volterra,odepe_shade,1e-06,lotka_volterra_5_1em6,1,1,227.17662286758423,5,0,1.408730974250022e-07,2.2975637296338786e-07,5.764912281588472e-07,3.111448045712776e-07,1,1,1,5,1em6,,0,0,,0
lotka_volterra,odepe_shade,1e-06,lotka_volterra_6_1em6,1,1,205.44900393486023,5,0,3.7434947255936913e-07,4.2342949125399975e-07,7.671356300875405e-07,4.838946313765838e-07,1,1,1,6,1em6,,0,0,,0
lotka_volterra,odepe_shade,1e-06,lotka_volterra_7_1em6,1,1,218.10019302368164,5,0,0.9988430292118277,3.7342935193112203,10.05396601725943,5.416348295246742,0,0,0,7,1em6,,0,0,,0
lotka_volterra,odepe_shade,1e-06,lotka_volterra_8_1em6,1,1,236.17792987823486,5,0,1.6368730447687438e-07,2.1071472838359704e-07,5.479728438331593e-07,2.747755806962468e-07,1,1,1,8,1em6,,0,0,,0
lotka_volterra,odepe_shade,1e-06,lotka_volterra_9_1em6,1,1,253.63989090919495,5,0,9.013951597340194e-08,1.497185521664888e-07,3.356055170705733e-07,1.7918728744398384e-07,1,1,1,9,1em6,,0,0,,0
mass_spring_damper,odepe_shade,1e-06,mass_spring_damper_0_1em6,1,1,189.65811705589294,5,0,1.460486400325876e-07,1.8982519789539942e-07,3.9703961264882547e-07,2.3461288549208182e-07,1,1,1,0,1em6,,0,0,,0
mass_spring_damper,odepe_shade,1e-06,mass_spring_damper_1_1em6,1,1,231.09487795829773,5,0,2.1006685072421998e-08,4.552756815053707e-08,1.4295093973283177e-07,6.807158076450224e-08,1,1,1,1,1em6,,0,0,,0
mass_spring_damper,odepe_shade,1e-06,mass_spring_damper_2_1em6,1,1,224.5702600479126,5,0,2.98460848334828e-08,1.8555694905050524e-07,7.461393800265819e-07,3.3938471970716656e-07,1,1,1,2,1em6,,0,0,,0
mass_spring_damper,odepe_shade,1e-06,mass_spring_damper_3_1em6,1,1,234.44457411766052,5,0,3.8848901216435755e-08,7.878811621963547e-07,3.809203441223659e-06,1.7038804778707367e-06,1,1,1,3,1em6,,0,0,,0
mass_spring_damper,odepe_shade,1e-06,mass_spring_damper_4_1em6,1,1,303.15244793891907,5,0,4.9697443513575575e-08,5.505499473419695e-08,8.151460929861631e-08,5.7994094157583684e-08,1,1,1,4,1em6,,0,0,,0
mass_spring_damper,odepe_shade,1e-06,mass_spring_damper_5_1em6,1,1,234.5669300556183,5,0,6.391089700692214e-08,1.6052399708308359e-07,4.7303997562065e-07,2.277262630725917e-07,1,1,1,5,1em6,,0,0,,0
mass_spring_damper,odepe_shade,1e-06,mass_spring_damper_6_1em6,1,1,257.20568895339966,5,0,2.7506244984299795e-08,7.591832137134117e-08,2.8615911081049435e-07,1.2983306426005708e-07,1,1,1,6,1em6,,0,0,,0
mass_spring_damper,odepe_shade,1e-06,mass_spring_damper_7_1em6,1,1,220.82108402252197,5,0,3.61440092153644e-08,1.5690774461660151e-07,5.323075051527741e-07,2.550556828533372e-07,1,1,1,7,1em6,,0,0,,0
mass_spring_damper,odepe_shade,1e-06,mass_spring_damper_8_1em6,1,1,267.15603613853455,5,0,3.082880837737776e-07,2.21971135312434e-07,3.714177145061658e-07,2.610391903621038e-07,1,1,1,8,1em6,,0,0,,0
mass_spring_damper,odepe_shade,1e-06,mass_spring_damper_9_1em6,1,1,220.26242017745972,5,0,2.758551984787931e-07,3.792535001250415e-07,7.281485223343647e-07,4.7004643430828287e-07,1,1,1,9,1em6,,0,0,,0
quadrotor,odepe_shade,1e-06,quadrotor_0_1em6,1,1,283.78598499298096,4,0,2.1521840382386019e-07,1.8463792591467248e-07,3.0512551894357043e-07,2.207488694620131e-07,1,1,1,0,1em6,,0,0,,0
quadrotor,odepe_shade,1e-06,quadrotor_1_1em6,1,1,205.92665314674377,4,0,1.7079797828070872e-07,8.363922704897429e-07,2.877140963180509e-06,1.4450241037339028e-06,1,1,1,1,1em6,,0,0,,0
quadrotor,odepe_shade,1e-06,quadrotor_2_1em6,1,1,213.72916102409363,4,0,2.5961939999858586e-07,3.4520071999614924e-07,8.460994112851845e-07,4.623912645385531e-07,1,1,1,2,1em6,,0,0,,0
quadrotor,odepe_shade,1e-06,quadrotor_3_1em6,1,1,204.30751395225525,4,0,1.6838021597200136e-06,3.1534304506762917e-06,9.126693903835401e-06,4.753239871983279e-06,1,1,1,3,1em6,,0,0,,0
quadrotor,odepe_shade,1e-06,quadrotor_4_1em6,1,1,210.08276295661926,4,0,6.469726632346784e-07,2.1140889043099922e-06,7.042058897696314e-06,3.5568266632312377e-06,1,1,1,4,1em6,,0,0,,0
quadrotor,odepe_shade,1e-06,quadrotor_5_1em6,1,1,291.3735067844391,4,0,4.894393497322166e-07,1.2650718105712733e-06,3.8419036378688355e-06,1.9555510412351128e-06,1,1,1,5,1em6,,0,0,,0
quadrotor,odepe_shade,1e-06,quadrotor_6_1em6,1,1,203.25879406929016,4,0,6.370584116631632e-07,9.691355239983736e-07,2.410711717883308e-06,1.3271676449731046e-06,1,1,1,6,1em6,,0,0,,0
quadrotor,odepe_shade,1e-06,quadrotor_7_1em6,1,1,270.97333788871765,4,0,9.319133571629549e-07,1.1062917355368633e-06,2.5412704740369907e-06,1.5042381664164085e-06,1,1,1,7,1em6,,0,0,,0
quadrotor,odepe_shade,1e-06,quadrotor_8_1em6,1,1,289.63740491867065,4,0,6.964806708467494e-07,2.284160144160864e-06,7.686776831541777e-06,3.878842740555805e-06,1,1,1,8,1em6,,0,0,,0
quadrotor,odepe_shade,1e-06,quadrotor_9_1em6,1,1,297.8771870136261,4,0,1.5396017295451276e-06,3.600820751195607e-06,1.1051392206124736e-05,5.692079507004758e-06,1,1,1,9,1em6,,0,0,,0
repressilator,odepe_shade,1e-06,repressilator_0_1em6,1,1,465.17788004875183,9,0,3.0314526265876667e-07,4.670440498043469e-07,1.5349055135918184e-06,6.728761192877715e-07,1,1,1,0,1em6,,0,0,,0
repressilator,odepe_shade,1e-06,repressilator_1_1em6,1,1,584.0202970504761,9,0,1.23501367345407e-07,5.66667433762053e-07,1.8112257535650913e-06,8.602041786752455e-07,1,1,1,1,1em6,,0,0,,0
repressilator,odepe_shade,1e-06,repressilator_2_1em6,1,1,458.6115379333496,9,0,3.0050625556759143e-07,9.085597534540573e-07,4.299485611103966e-06,1.6213412555702589e-06,1,1,1,2,1em6,,0,0,,0
repressilator,odepe_shade,1e-06,repressilator_3_1em6,1,1,583.6330189704895,9,0,4.4474429749073295e-07,1.0557972260432205e-06,4.231790481991879e-06,1.6967922464644568e-06,1,1,1,3,1em6,,0,0,,0
repressilator,odepe_shade,1e-06,repressilator_4_1em6,1,1,585.6798629760742,9,0,1.9664872157219068e-07,4.3884218635050977e-07,1.4382029837301345e-06,6.430791536554219e-07,1,1,1,4,1em6,,0,0,,0
repressilator,odepe_shade,1e-06,repressilator_5_1em6,1,1,583.8287839889526,9,0,6.605748782312324e-07,6.570061890148137e-07,1.715185114198652e-06,8.219875660377198e-07,1,1,1,5,1em6,,0,0,,0
repressilator,odepe_shade,1e-06,repressilator_6_1em6,1,1,461.1453859806061,9,0,2.0649338636678561e-07,2.867812536819627e-06,1.9613276516098027e-05,6.740066515782026e-06,1,1,1,6,1em6,,0,0,,0
repressilator,odepe_shade,1e-06,repressilator_7_1em6,1,1,581.2689888477325,9,0,5.026512271382818e-07,6.654967930859662e-07,1.7557450894865558e-06,8.809231103650564e-07,1,1,1,7,1em6,,0,0,,0
repressilator,odepe_shade,1e-06,repressilator_8_1em6,1,1,577.7065467834473,9,0,3.3571329687032685e-07,3.498829679023981e-07,7.682387210460095e-07,4.140487350415931e-07,1,1,1,8,1em6,,0,0,,0
repressilator,odepe_shade,1e-06,repressilator_9_1em6,1,1,396.82682490348816,9,0,3.446981113423601e-07,7.264351859862317e-07,2.6142973193266263e-06,1.086617336646917e-06,1,1,1,9,1em6,,0,0,,0
seir,odepe_shade,1e-06,seir_0_1em6,1,1,510.8839490413666,7,0,0.4360232335231635,0.34237422666106015,0.7730521318015606,0.4694348526487359,0,0,0,0,1em6,,0,0,,0
seir,odepe_shade,1e-06,seir_1_1em6,1,1,526.2766568660736,7,0,0.00050805719800644,0.0005779066046133556,0.0015235616020539261,0.0007756991469424807,1,1,1,1,1em6,,0,0,,0
seir,odepe_shade,1e-06,seir_2_1em6,1,1,397.73842096328735,7,0,0.216174486008044,0.14239371513344373,0.28851349725412057,0.19004076171165138,0,0,1,2,1em6,,0,0,,0
seir,odepe_shade,1e-06,seir_3_1em6,1,1,396.5474708080292,7,0,0.0003778131795004436,0.00023440248327406344,0.0004958112386310136,0.0003118015707824653,1,1,1,3,1em6,,0,0,,0
seir,odepe_shade,1e-06,seir_4_1em6,1,1,497.6081349849701,7,0,0.18118724549534876,0.117418986877044,0.22005160076029057,0.14880118085256902,0,0,1,4,1em6,,0,0,,0
seir,odepe_shade,1e-06,seir_5_1em6,1,1,353.1262710094452,7,0,3.409910071197723e-05,4.826935526781816e-05,0.00016209558997008744,7.13795454137603e-05,1,1,1,5,1em6,,0,0,,0
seir,odepe_shade,1e-06,seir_6_1em6,1,1,366.6416609287262,7,0,0.24776471448231,0.3949515510419875,1.1219556158365989,0.5899594793816861,0,0,0,6,1em6,,0,0,,0
seir,odepe_shade,1e-06,seir_7_1em6,1,1,389.55835700035095,7,0,0.011907389270796894,0.01356693758117496,0.034868884375024674,0.017620502275787136,0,1,1,7,1em6,,0,0,,0
seir,odepe_shade,1e-06,seir_8_1em6,1,1,416.3912742137909,7,0,0.11772211210255837,0.09076545095942525,0.24190471975869574,0.12270538276786463,0,0,1,8,1em6,,0,0,,0
seir,odepe_shade,1e-06,seir_9_1em6,1,1,375.0205569267273,7,0,0.00013784554188994965,8.366929386251797e-05,0.00015518246358399483,0.00010858617092272993,1,1,1,9,1em6,,0,0,,0
slow_fast,odepe_shade,1e-06,slow_fast_0_1em6,1,1,497.7743589878082,8,0,1.0545611976630544e-06,2.427466049453272e-06,1.1178271477292913e-05,4.246654031743409e-06,1,1,1,0,1em6,,0,0,,0
slow_fast,odepe_shade,1e-06,slow_fast_1_1em6,1,1,489.361044883728,8,0,0.5559093337602596,0.5474948992185377,1.363709602522004,0.7342371447676147,0,0,0,1,1em6,,0,0,,0
slow_fast,odepe_shade,1e-06,slow_fast_2_1em6,1,1,417.56807112693787,8,0,3.143309179598255e-07,5.242630709518915e-07,1.8230098184154222e-06,7.912472409928841e-07,1,1,1,2,1em6,,0,0,,0
slow_fast,odepe_shade,1e-06,slow_fast_3_1em6,1,1,511.787957906723,8,0,1.7373148713288602e-05,3.09822150631122e-05,0.00010614449936447634,4.6912127789007695e-05,1,1,1,3,1em6,,0,0,,0
slow_fast,odepe_shade,1e-06,slow_fast_4_1em6,1,1,417.19222593307495,8,0,9.854092273741997e-07,9.999850060130682e-07,2.440051176041061e-06,1.2407505154807117e-06,1,1,1,4,1em6,,0,0,,0
slow_fast,odepe_shade,1e-06,slow_fast_5_1em6,1,1,432.4155650138855,8,0,9.842569416432004e-07,1.237911523940071e-06,4.204212724297233e-06,1.7979877712643033e-06,1,1,1,5,1em6,,0,0,,0
slow_fast,odepe_shade,1e-06,slow_fast_6_1em6,1,1,499.3097379207611,8,0,5.150328907923254e-07,1.077438470732775e-06,3.2510057010219747e-06,1.6196862990636944e-06,1,1,1,6,1em6,,0,0,,0
slow_fast,odepe_shade,1e-06,slow_fast_7_1em6,1,1,436.46637988090515,8,0,1.3300020673615412e-05,1.6145169024200373e-05,4.035936863530257e-05,2.302590366907894e-05,1,1,1,7,1em6,,0,0,,0
slow_fast,odepe_shade,1e-06,slow_fast_8_1em6,1,1,419.34108686447144,8,0,1.6289307921362297e-05,2.6632163944918966e-05,0.00011033591626880323,4.3933042406490396e-05,1,1,1,8,1em6,,0,0,,0
slow_fast,odepe_shade,1e-06,slow_fast_9_1em6,1,1,432.95926785469055,8,0,9.671500548202031e-06,3.0471927922388687e-05,8.415933778567937e-05,4.635588167818176e-05,1,1,1,9,1em6,,0,0,,0
sirt_treatment,odepe_shade,1e-06,sirt_treatment_0_1em6,1,1,467.03933000564575,9,0,3.557471321309341e-06,1.5347997750727213e-05,9.872057840643045e-05,3.407212767092113e-05,1,1,1,0,1em6,,0,0,,0
sirt_treatment,odepe_shade,1e-06,sirt_treatment_1_1em6,1,1,449.9149549007416,9,0,4.4489244408525395e-07,1.451406763550703e-06,9.21276981435959e-06,3.138508515969911e-06,1,1,1,1,1em6,,0,0,,0
sirt_treatment,odepe_shade,1e-06,sirt_treatment_2_1em6,1,1,459.24846482276917,9,0,4.017943297360417e-06,4.426202360472378e-05,0.00023650418147932924,8.555974868619735e-05,1,1,1,2,1em6,,0,0,,0
sirt_treatment,odepe_shade,1e-06,sirt_treatment_3_1em6,1,1,366.4529519081116,9,0,1.016249457490912e-06,8.043124947094311e-06,4.8717811654729424e-05,1.688028242150577e-05,1,1,1,3,1em6,,0,0,,0
sirt_treatment,odepe_shade,1e-06,sirt_treatment_4_1em6,1,1,395.35789585113525,9,0,1.602368563106541e-06,4.6753668559559545e-06,1.7183718216047167e-05,7.550203223361259e-06,1,1,1,4,1em6,,0,0,,0
sirt_treatment,odepe_shade,1e-06,sirt_treatment_5_1em6,1,1,460.28567600250244,9,0,5.933196106771569e-06,1.7859561644482834e-05,7.989730213549459e-05,3.1877714967219e-05,1,1,1,5,1em6,,0,0,,0
sirt_treatment,odepe_shade,1e-06,sirt_treatment_6_1em6,1,1,382.7476079463959,9,0,1.8686487142782993e-06,1.2015026087823212e-05,5.6376826549541725e-05,2.120233004810067e-05,1,1,1,6,1em6,,0,0,,0
sirt_treatment,odepe_shade,1e-06,sirt_treatment_7_1em6,1,1,405.13242197036743,9,0,4.897666418850906e-06,6.37879808289583e-05,0.0003490564113543175,0.00012532141581535962,1,1,1,7,1em6,,0,0,,0
sirt_treatment,odepe_shade,1e-06,sirt_treatment_8_1em6,1,1,465.37304306030273,9,0,3.111083714285776e-06,6.118228369559853e-06,1.9841872528685152e-05,8.5138497552026e-06,1,1,1,8,1em6,,0,0,,0
sirt_treatment,odepe_shade,1e-06,sirt_treatment_9_1em6,1,1,396.5285539627075,9,0,9.415904186439167e-07,8.485638472052344e-06,5.707004187595525e-05,1.932403082037486e-05,1,1,1,9,1em6,,0,0,,0
vanderpol,odepe_shade,1e-06,vanderpol_0_1em6,1,1,247.3138198852539,4,0,2.8099052483741517e-09,1.57356311049216e-08,5.730252148851743e-08,2.877904556923161e-08,1,1,1,0,1em6,,0,0,,0
vanderpol,odepe_shade,1e-06,vanderpol_1_1em6,1,1,193.9455018043518,4,0,7.891309297472858e-09,1.0864984383944216e-08,2.7565779668389258e-08,1.49216776268844e-08,1,1,1,1,1em6,,0,0,,0
vanderpol,odepe_shade,1e-06,vanderpol_2_1em6,1,1,231.59598207473755,4,0,3.929395789198049e-09,3.6798738934429393e-09,6.013172704485131e-09,4.119329754681227e-09,1,1,1,2,1em6,,0,0,,0
vanderpol,odepe_shade,1e-06,vanderpol_3_1em6,1,1,234.10948204994202,4,0,1.2453474577949391e-08,1.1834063998953775e-08,1.9782170987298708e-08,1.411383274095591e-08,1,1,1,3,1em6,,0,0,,0
vanderpol,odepe_shade,1e-06,vanderpol_4_1em6,1,1,171.51869821548462,4,0,2.193251449794448e-09,3.270293305238742e-09,8.537858148158809e-09,4.551971300563482e-09,1,1,1,4,1em6,,0,0,,0
vanderpol,odepe_shade,1e-06,vanderpol_5_1em6,1,1,178.2146918773651,4,0,1.6965423441614956e-07,2.1827561414878297e-07,5.080955417669577e-07,2.914759368093382e-07,1,1,1,5,1em6,,0,0,,0
vanderpol,odepe_shade,1e-06,vanderpol_6_1em6,1,1,201.3320300579071,4,0,2.069726765928105e-08,5.199482397901419e-08,1.6254508324244596e-07,8.327126925362345e-08,1,1,1,6,1em6,,0,0,,0
vanderpol,odepe_shade,1e-06,vanderpol_7_1em6,1,1,224.8443169593811,4,0,4.252073079528088e-10,1.4685084533928323e-09,4.9415112903344e-09,2.496339248708394e-09,1,1,1,7,1em6,,0,0,,0
vanderpol,odepe_shade,1e-06,vanderpol_8_1em6,1,1,229.51391315460205,4,0,1.751841842042431e-08,1.771738855332979e-08,3.5638996637060115e-08,2.236115185966582e-08,1,1,1,8,1em6,,0,0,,0
vanderpol,odepe_shade,1e-06,vanderpol_9_1em6,1,1,228.41701197624207,4,0,2.9123148501129785e-08,3.9497952432719546e-07,1.5080585221171047e-06,7.543510973264817e-07,1,1,1,9,1em6,,0,0,,0
aircraft_pitch,odepe_shade,0.0001,aircraft_pitch_0_1em4,1,1,324.8753991127014,6,1,8.388350304882063e-06,5.5005654264801387e-05,0.00029180884551930573,0.00011960601553149225,1,1,1,0,1em4,,0,0,,0
aircraft_pitch,odepe_shade,0.0001,aircraft_pitch_1_1em4,1,1,323.3475160598755,6,1,2.0549224974646588e-06,7.496823377279365e-05,0.0004381572989631579,0.0001789002515745704,1,1,1,1,1em4,,0,0,,0
aircraft_pitch,odepe_shade,0.0001,aircraft_pitch_2_1em4,1,1,397.79653310775757,6,1,3.931992233304022e-06,9.788951735415343e-05,0.0005657112277371023,0.0002309989339543637,1,1,1,2,1em4,,0,0,,0
aircraft_pitch,odepe_shade,0.0001,aircraft_pitch_3_1em4,1,1,403.5161430835724,6,1,2.883917799278076e-07,5.173944841629139e-06,2.980764215953534e-05,1.2171315162282166e-05,1,1,1,3,1em4,,0,0,,0
aircraft_pitch,odepe_shade,0.0001,aircraft_pitch_4_1em4,1,1,309.6962101459503,6,1,2.3023294765696962e-07,1.2130937134195339e-05,6.944891174649783e-05,2.8377001865096415e-05,1,1,1,4,1em4,,0,0,,0
aircraft_pitch,odepe_shade,0.0001,aircraft_pitch_5_1em4,1,1,397.73739886283875,6,1,2.2617660162137613e-05,0.005468913037284765,0.03271795415868148,0.013357066595071103,0,1,1,5,1em4,,0,0,,0
aircraft_pitch,odepe_shade,0.0001,aircraft_pitch_6_1em4,1,1,401.27605295181274,6,1,1.9393147870951745e-06,0.0001527891452159395,0.0009079460238749689,0.0003706728046591205,1,1,1,6,1em4,,0,0,,0
aircraft_pitch,odepe_shade,0.0001,aircraft_pitch_7_1em4,1,1,303.3411991596222,6,1,1.649586161518695e-06,7.4799398231521274e-06,2.859390309354934e-05,1.277656532133189e-05,1,1,1,7,1em4,,0,0,,0
aircraft_pitch,odepe_shade,0.0001,aircraft_pitch_8_1em4,1,1,339.73130989074707,6,1,1.004501601014763e-06,3.153432007192153e-05,0.00018168233415182585,7.420578691816381e-05,1,1,1,8,1em4,,0,0,,0
aircraft_pitch,odepe_shade,0.0001,aircraft_pitch_9_1em4,1,1,351.5988829135895,6,1,2.578408037450614e-06,6.984605106251836e-05,0.0004050303264359126,0.00016539094034128738,1,1,1,9,1em4,,0,0,,0
bicycle_model,odepe_shade,0.0001,bicycle_model_0_1em4,1,1,363.7732889652252,5,0,4.978364388659577e-06,1.6375635664919205e-05,4.866522188790966e-05,2.4013840996957023e-05,1,1,1,0,1em4,,0,0,,0
bicycle_model,odepe_shade,0.0001,bicycle_model_1_1em4,1,1,301.8473482131958,5,0,8.895395351033661e-06,7.727718127833308e-06,9.236511679768916e-06,8.108695266394095e-06,1,1,1,1,1em4,,0,0,,0
bicycle_model,odepe_shade,0.0001,bicycle_model_2_1em4,1,1,295.13742899894714,5,0,2.8331767439820295e-06,3.4803669308593978e-06,6.963289144351548e-06,3.993703098148761e-06,1,1,1,2,1em4,,0,0,,0
bicycle_model,odepe_shade,0.0001,bicycle_model_3_1em4,1,1,316.6435070037842,5,0,2.6825486127352423e-06,5.607524752822969e-05,0.00014976009390991674,8.693812700821147e-05,1,1,1,3,1em4,,0,0,,0
bicycle_model,odepe_shade,0.0001,bicycle_model_4_1em4,1,1,294.32345390319824,5,0,5.1472603731226275e-06,1.7696116726485256e-05,6.4153843745878e-05,2.924927614865218e-05,1,1,1,4,1em4,,0,0,,0
bicycle_model,odepe_shade,0.0001,bicycle_model_5_1em4,1,1,325.8046278953552,5,0,1.7273014379545798e-05,2.799992199297893e-05,5.1589711058804634e-05,3.157241399393417e-05,1,1,1,5,1em4,,0,0,,0
bicycle_model,odepe_shade,0.0001,bicycle_model_6_1em4,1,1,282.390349149704,5,0,4.217074419937301e-06,3.7942221064792173e-06,5.855576649871783e-06,4.1422370221765375e-06,1,1,1,6,1em4,,0,0,,0
bicycle_model,odepe_shade,0.0001,bicycle_model_7_1em4,1,1,374.6614189147949,5,0,1.0925867670688599e-06,0.0008164317158524247,0.002747192983930491,0.0013655550114358207,1,1,1,7,1em4,,0,0,,0
bicycle_model,odepe_shade,0.0001,bicycle_model_8_1em4,1,1,354.1451327800751,5,0,1.234061686213561e-05,1.3795593920252098e-05,2.0038150430304017e-05,1.4152687442087068e-05,1,1,1,8,1em4,,0,0,,0
bicycle_model,odepe_shade,0.0001,bicycle_model_9_1em4,1,1,259.75468611717224,5,0,9.364392735462058e-06,1.1379436031203122e-05,1.8136213152648205e-05,1.1974212228099731e-05,1,1,1,9,1em4,,0,0,,0
biohydrogenation,odepe_shade,0.0001,biohydrogenation_0_1em4,1,1,454.5945999622345,9,1,0.0669554311708424,1.6739728350020404,10.72332942555686,3.716239702743626,0,0,0,0,1em4,,0,0,,0
biohydrogenation,odepe_shade,0.0001,biohydrogenation_1_1em4,1,1,436.8513660430908,9,1,0.006642280706415712,0.2887472898213505,1.1262916985970335,0.5249952383706766,0,0,0,1,1em4,,0,0,,0
biohydrogenation,odepe_shade,0.0001,biohydrogenation_2_1em4,1,1,373.4062578678131,9,1,0.10608002324069289,1.6401044220097452,12.495276653171393,4.190738404873012,0,0,0,2,1em4,,0,0,,0
biohydrogenation,odepe_shade,0.0001,biohydrogenation_3_1em4,1,1,361.4531080722809,9,1,0.2961796206356772,1.590520472211186,11.738853503184716,3.940958794105479,0,0,0,3,1em4,,0,0,,0
biohydrogenation,odepe_shade,0.0001,biohydrogenation_4_1em4,1,1,387.96564197540283,9,1,0.006152833402075879,0.016848887966745735,0.07156181370915628,0.028565616120189576,0,1,1,4,1em4,,0,0,,0
biohydrogenation,odepe_shade,0.0001,biohydrogenation_5_1em4,1,1,439.1181609630585,9,1,0.09971992597514746,1.3879756730745532,10.764705882352944,3.6068295705803664,0,0,0,5,1em4,,0,0,,0
biohydrogenation,odepe_shade,0.0001,biohydrogenation_6_1em4,1,1,329.05108308792114,9,1,0.0005291952829448207,0.3872800838644444,2.11985623604621,0.7862670086664638,0,0,0,6,1em4,,0,0,,0
biohydrogenation,odepe_shade,0.0001,biohydrogenation_7_1em4,1,1,413.40414214134216,9,1,0.5286570737646273,1.4726071682854531,10.086764683606253,3.405991449588558,0,0,0,7,1em4,,0,0,,0
biohydrogenation,odepe_shade,0.0001,biohydrogenation_8_1em4,1,1,506.6261668205261,9,1,0.027243174909025118,1.9683269724470327,17.48428835489834,5.828269087168092,0,0,0,8,1em4,,0,0,,0
biohydrogenation,odepe_shade,0.0001,biohydrogenation_9_1em4,1,1,410.96635818481445,9,1,0.010633094194967852,0.11004970380204987,0.5938531815197113,0.21543096862005365,0,0,0,9,1em4,,0,0,,0
boost_converter,odepe_shade,0.0001,boost_converter_0_1em4,1,1,352.47075390815735,5,0,3.0163189196313156e-06,7.63355976888732e-05,0.0003636367556643994,0.00016273351288121227,1,1,1,0,1em4,,0,0,,0
boost_converter,odepe_shade,0.0001,boost_converter_1_1em4,1,1,308.52758502960205,5,0,2.846301136620706e-05,6.98469043128723e-05,0.0002362172729750507,0.00011004300887057432,1,1,1,1,1em4,,0,0,,0
boost_converter,odepe_shade,0.0001,boost_converter_2_1em4,1,1,356.30558490753174,5,0,1.633843813924935e-05,0.00010704368385292817,0.0004847089697978348,0.0002171157477148761,1,1,1,2,1em4,,0,0,,0
boost_converter,odepe_shade,0.0001,boost_converter_3_1em4,1,1,382.25808095932007,5,0,3.1371515633793985e-05,8.780544860915174e-05,0.0003404902810960294,0.0001554536473735982,1,1,1,3,1em4,,0,0,,0
boost_converter,odepe_shade,0.0001,boost_converter_4_1em4,1,1,404.49779891967773,5,0,1.4047209807525536e-05,7.764172700955619e-05,0.0003466370107307418,0.00015550351553574474,1,1,1,4,1em4,,0,0,,0
boost_converter,odepe_shade,0.0001,boost_converter_5_1em4,1,1,403.48110699653625,5,0,5.3107292921604756e-05,6.763572121503214e-05,0.00017508088241267755,8.863967828856059e-05,1,1,1,5,1em4,,0,0,,0
boost_converter,odepe_shade,0.0001,boost_converter_6_1em4,1,1,438.9891290664673,5,0,5.917994984182159e-06,0.00027817868583767725,0.0013659946346025994,0.0006109542530557272,1,1,1,6,1em4,,0,0,,0
boost_converter,odepe_shade,0.0001,boost_converter_7_1em4,1,1,394.5294442176819,5,0,3.3200686142906564e-05,3.213886838199325e-05,6.281932817564494e-05,3.847339548128289e-05,1,1,1,7,1em4,,0,0,,0
boost_converter,odepe_shade,0.0001,boost_converter_8_1em4,1,1,414.2271349430084,5,0,7.013082136469065e-06,1.2352836645160428e-05,3.2347012864185154e-05,1.6204206171124253e-05,1,1,1,8,1em4,,0,0,,0
boost_converter,odepe_shade,0.0001,boost_converter_9_1em4,1,1,423.18046402931213,5,0,2.3373974311505964e-05,6.7017126791096e-05,0.00022881727276889352,0.00010630857072672867,1,1,1,9,1em4,,0,0,,0
brusselator,odepe_shade,0.0001,brusselator_0_1em4,1,1,260.4312119483948,4,0,0.00023741883950845904,0.00019696555612660035,0.0003104908337770383,0.00023123022739299158,1,1,1,0,1em4,,0,0,,0
brusselator,odepe_shade,0.0001,brusselator_1_1em4,1,1,553.5326027870178,4,0,0.0003416887548174901,0.0007621653410810537,0.0023642299054412643,0.0012186620142231451,1,1,1,1,1em4,,0,0,,0
brusselator,odepe_shade,0.0001,brusselator_2_1em4,1,1,547.8110067844391,4,0,0.0022185017951698795,0.0020583604577121403,0.0037961757097314426,0.0024649763818728227,1,1,1,2,1em4,,0,0,,0
brusselator,odepe_shade,0.0001,brusselator_3_1em4,1,1,553.0625479221344,4,0,0.00033449353320149175,0.0002741736351073064,0.00042677163875286305,0.0003194349677283358,1,1,1,3,1em4,,0,0,,0
brusselator,odepe_shade,0.0001,brusselator_4_1em4,1,1,609.4077200889587,4,0,0.0011620664019477143,0.003099126934337458,0.010071113612665702,0.005156566743906313,0,1,1,4,1em4,,0,0,,0
brusselator,odepe_shade,0.0001,brusselator_5_1em4,1,1,149.7837929725647,4,0,0.37287723614733365,0.46620490489392175,0.9811491249044086,0.5699236161599472,0,0,0,5,1em4,,0,0,,0
brusselator,odepe_shade,0.0001,brusselator_6_1em4,1,1,140.1324701309204,4,0,0.9346527817093744,0.9007497168928393,0.9971648726737877,0.9068768878007482,0,0,0,6,1em4,,0,0,,0
brusselator,odepe_shade,0.0001,brusselator_7_1em4,1,1,2785.2666099071503,4,0,0.17524025807035518,0.1711240259692615,0.33401553541617574,0.2112310658357372,0,0,1,7,1em4,,0,0,,0
brusselator,odepe_shade,0.0001,brusselator_8_1em4,1,1,160.03793692588806,4,0,0.9972563078556402,14.385360955483268,54.86592178770956,27.444135064585033,0,0,0,8,1em4,,0,0,,0
brusselator,odepe_shade,0.0001,brusselator_9_1em4,1,1,521.2906048297882,4,0,8.264739636872764e-05,0.00010144688236417207,0.00023904086745927457,0.00013528240271247873,1,1,1,9,1em4,,0,0,,0
crauste,odepe_shade,0.0001,crauste_0_1em4,1,1,745.8735392093658,17,0,0.11015255973558534,0.5318933348409706,3.361447338512286,0.9832306197077632,0,0,0,0,1em4,,0,0,,0
crauste,odepe_shade,0.0001,crauste_1_1em4,1,1,143.54829096794128,17,0,0.9428481450983701,1.512015359498009,8.001469097118962,2.5412606525782415,0,0,0,1,1em4,,0,0,,1
crauste,odepe_shade,0.0001,crauste_2_1em4,1,1,681.6775438785553,17,0,0.006534709490902411,0.936081800699374,12.966480446927378,3.169853888951632,0,0,0,2,1em4,,0,0,,0
crauste,odepe_shade,0.0001,crauste_3_1em4,1,1,2093.5449838638306,17,0,0.9446734063236387,1.8499207241276272,12.831258644536655,4.078770733462625,0,0,0,3,1em4,,0,0,,1
crauste,odepe_shade,0.0001,crauste_4_1em4,1,1,189.2072160243988,17,0,0.9969798098742311,2.0721548273196,15.59077690334303,4.164493507665696,0,0,0,4,1em4,,0,0,,0
crauste,odepe_shade,0.0001,crauste_5_1em4,1,1,854.7701921463013,17,0,0.9838449782255227,1.4272593868527492,12.175230566534916,3.136518721908638,0,0,0,5,1em4,,0,0,,4
crauste,odepe_shade,0.0001,crauste_6_1em4,1,1,1563.8962180614471,17,0,0.00013468196459297485,0.1858027347771279,2.095896570794013,0.5633320615885898,0,0,0,6,1em4,,0,0,,0
crauste,odepe_shade,0.0001,crauste_7_1em4,1,1,139.34432816505432,17,0,0.9974111222586163,1.217810979691977,4.426710633185785,1.5419534010780582,0,0,0,7,1em4,,0,0,,1
crauste,odepe_shade,0.0001,crauste_8_1em4,1,1,1429.6744389533997,17,0,0.0010974404659459787,0.10518762046779132,0.9999370993133785,0.2930085814688825,0,0,0,8,1em4,,0,0,,0
crauste,odepe_shade,0.0001,crauste_9_1em4,1,1,174.12582302093506,17,0,0.9971372806340895,1.5027017233536366,6.414753342540959,2.273029781518879,0,0,0,9,1em4,,0,0,,1
cstr,odepe_shade,0.0001,cstr_0_1em4,1,1,296.71429085731506,7,0,0.00016989192407849518,0.42756757264849404,0.999982206405694,0.6530428817253121,0,0,0,0,1em4,,0,0,,0
cstr,odepe_shade,0.0001,cstr_1_1em4,1,1,315.92407298088074,7,0,7.431936886246626e-05,1.658935053019799,10.173184357532353,3.86440144891219,0,0,0,1,1em4,,0,0,,0
cstr,odepe_shade,0.0001,cstr_2_1em4,1,1,474.1543879508972,7,0,0.0379043724457038,2.363704222108182,14.455950540958272,5.489955517738693,0,0,0,2,1em4,,0,0,,0
cstr,odepe_shade,0.0001,cstr_3_1em4,1,1,377.9969940185547,7,0,1.993299148881802e-05,10.775278379965707,73.62686564091182,27.83254883079234,0,0,0,3,1em4,,0,0,,0
cstr,odepe_shade,0.0001,cstr_4_1em4,1,1,691.6257050037384,7,0,0.016737967258692178,0.2089656808822613,0.808000829092226,0.3569804572706743,0,0,0,4,1em4,,0,0,,0
cstr,odepe_shade,0.0001,cstr_5_1em4,1,1,872.1740870475769,7,0,0.003628958169405422,1.9898005243299683,12.986005566495821,4.920659140187277,0,0,0,5,1em4,,0,0,,0
cstr,odepe_shade,0.0001,cstr_6_1em4,1,1,416.8292019367218,7,0,0.04112821341091159,5.851155557943001,26.02702702613266,11.153515784083153,0,0,0,6,1em4,,0,0,,0
cstr,odepe_shade,0.0001,cstr_7_1em4,1,1,533.6742398738861,7,0,0.0038220893139881518,0.24124517677384735,1.1038389534366029,0.46132990793325385,0,0,0,7,1em4,,0,0,,0
cstr,odepe_shade,0.0001,cstr_8_1em4,1,1,585.5951669216156,7,0,0.0024329457786272687,0.191313011542231,0.6803772758441774,0.31385155286982497,0,0,0,8,1em4,,0,0,,0
cstr,odepe_shade,0.0001,cstr_9_1em4,1,1,592.4318611621857,7,0,0.01929740194338089,7.541956260573833,51.63157894736843,19.518524572035847,0,0,0,9,1em4,,0,0,,0
daisy_mamil3,odepe_shade,0.0001,daisy_mamil3_0_1em4,1,1,352.8578848838806,8,0,0.001329707842357251,0.004437600231994921,0.01647852303454529,0.007239341755407766,0,1,1,0,1em4,,0,0,,0
daisy_mamil3,odepe_shade,0.0001,daisy_mamil3_1_1em4,1,1,354.4447100162506,8,0,4.4308452605859865e-05,5.06118645263846e-05,0.00011264454327120424,5.8398188137764176e-05,1,1,1,1,1em4,,0,0,,0
daisy_mamil3,odepe_shade,0.0001,daisy_mamil3_2_1em4,1,1,366.9029998779297,8,0,0.00010803119007959621,0.00021547574690547277,0.0006937734765856707,0.00032808409990372806,1,1,1,2,1em4,,0,0,,0
daisy_mamil3,odepe_shade,0.0001,daisy_mamil3_3_1em4,1,1,357.2575979232788,8,0,4.491669980888575e-05,0.0001324133761184872,0.0005224556225570437,0.00021675899547451323,1,1,1,3,1em4,,0,0,,0
daisy_mamil3,odepe_shade,0.0001,daisy_mamil3_4_1em4,1,1,312.60682797431946,8,0,0.0001817655553482981,0.00027292607659451117,0.0010214418993945917,0.0004211111669592655,1,1,1,4,1em4,,0,0,,0
daisy_mamil3,odepe_shade,0.0001,daisy_mamil3_5_1em4,1,1,354.12649512290955,8,0,0.3422011012429148,0.44926804417961563,0.9999374999999999,0.583798962789222,0,0,0,5,1em4,,0,0,,0
daisy_mamil3,odepe_shade,0.0001,daisy_mamil3_6_1em4,1,1,371.5242989063263,8,0,2.6321000025397288e-05,3.30518341756982e-05,6.493083345839655e-05,3.8313990447936154e-05,1,1,1,6,1em4,,0,0,,0
daisy_mamil3,odepe_shade,0.0001,daisy_mamil3_7_1em4,1,1,350.11758494377136,8,0,0.24981688660686419,0.47580784001981147,0.9999804305283758,0.630076965540112,0,0,0,7,1em4,,0,0,,0
daisy_mamil3,odepe_shade,0.0001,daisy_mamil3_8_1em4,1,1,371.8931679725647,8,0,0.00010523962822356026,9.64087283303953e-05,0.0001798543951559672,0.00011154528880460961,1,1,1,8,1em4,,0,0,,0
daisy_mamil3,odepe_shade,0.0001,daisy_mamil3_9_1em4,1,1,326.17554092407227,8,0,0.00060807977465798,0.002378132851321253,0.01233871332131292,0.004601063854798744,0,1,1,9,1em4,,0,0,,0
daisy_mamil4,odepe_shade,0.0001,daisy_mamil4_0_1em4,1,1,417.70823907852173,11,0,0.00317466503946908,0.005821864999465866,0.0276989908048832,0.009807344238696013,0,1,1,0,1em4,,0,0,,0
daisy_mamil4,odepe_shade,0.0001,daisy_mamil4_1_1em4,1,1,490.2361400127411,11,0,0.22456743610022412,0.20590503787223244,0.5690607674356256,0.29128394836622534,0,0,0,1,1em4,,0,0,,0
daisy_mamil4,odepe_shade,0.0001,daisy_mamil4_2_1em4,1,1,456.50291299819946,11,0,0.08060941326653018,0.5301651773921221,2.9681564101584392,1.0263961379705628,0,0,0,2,1em4,,0,0,,0
daisy_mamil4,odepe_shade,0.0001,daisy_mamil4_3_1em4,1,1,513.5827910900116,11,0,0.00021930095565540745,0.01797599150745284,0.0944345713983629,0.03431320345685937,0,1,1,3,1em4,,0,0,,0
daisy_mamil4,odepe_shade,0.0001,daisy_mamil4_4_1em4,1,1,469.8393518924713,11,0,0.12641258398768623,0.1407013859151372,0.44456509533923816,0.20616292538850173,0,0,1,4,1em4,,0,0,,0
daisy_mamil4,odepe_shade,0.0001,daisy_mamil4_5_1em4,1,1,473.1458840370178,11,0,0.6023853714032598,0.8105845810498162,3.0941628129656964,1.3020082142058245,0,0,0,5,1em4,,0,0,,0
daisy_mamil4,odepe_shade,0.0001,daisy_mamil4_6_1em4,1,1,600.071751832962,11,0,0.19138414606309148,0.2800528249942947,1.5373912808936576,0.5185956108681927,0,0,0,6,1em4,,0,0,,0
daisy_mamil4,odepe_shade,0.0001,daisy_mamil4_7_1em4,1,1,400.94695806503296,11,0,0.2516551879523357,0.38877227186831986,1.6733415003173664,0.6348713878812858,0,0,0,7,1em4,,0,0,,0
daisy_mamil4,odepe_shade,0.0001,daisy_mamil4_8_1em4,1,1,879.6363048553467,11,0,0.041897907534689555,0.6615633126384054,5.305255221068416,1.637773774632393,0,0,0,8,1em4,,0,0,,0
daisy_mamil4,odepe_shade,0.0001,daisy_mamil4_9_1em4,1,1,481.4261119365692,11,0,0.0004869539140042733,0.0007849911307965376,0.002538948369096294,0.0012094781020625285,1,1,1,9,1em4,,0,0,,0
dc_motor,odepe_shade,0.0001,dc_motor_0_1em4,1,1,204.65808582305908,4,0,0.00012525109727032179,0.00016819399738713807,0.0004184671040599335,0.00023552485903441454,1,1,1,0,1em4,,0,0,,0
dc_motor,odepe_shade,0.0001,dc_motor_1_1em4,1,1,184.25466799736023,4,0,4.4294114421558145e-05,0.00011622954799189042,0.0003680407809270795,0.00018698985423771142,1,1,1,1,1em4,,0,0,,0
dc_motor,odepe_shade,0.0001,dc_motor_2_1em4,1,1,187.45073699951172,4,0,0.00046431846440694115,0.0008871720485683708,0.002619317014658237,0.001353150951828903,1,1,1,2,1em4,,0,0,,0
dc_motor,odepe_shade,0.0001,dc_motor_3_1em4,1,1,304.5136470794678,4,0,0.00015600900632894827,0.00016203295857551418,0.0003357529954431948,0.00022294272430014854,1,1,1,3,1em4,,0,0,,0
dc_motor,odepe_shade,0.0001,dc_motor_4_1em4,1,1,194.78861713409424,4,0,0.0005394953112658516,0.0007356887604595652,0.0018568525409734526,0.0010658849669995083,1,1,1,4,1em4,,0,0,,0
dc_motor,odepe_shade,0.0001,dc_motor_5_1em4,1,1,159.94621300697327,4,0,0.000444538103845594,0.0005268919798303018,0.001211823682997603,0.0007191138593189386,1,1,1,5,1em4,,0,0,,0
dc_motor,odepe_shade,0.0001,dc_motor_6_1em4,1,1,209.36463904380798,4,0,2.1052568701391932e-05,5.169956459501338e-05,0.00016234049654543283,8.294365301004508e-05,1,1,1,6,1em4,,0,0,,0
dc_motor,odepe_shade,0.0001,dc_motor_7_1em4,1,1,211.02042412757874,4,0,9.172801830716819e-05,0.00010448043589867043,0.0002335933703083872,0.00013420744251448102,1,1,1,7,1em4,,0,0,,0
dc_motor,odepe_shade,0.0001,dc_motor_8_1em4,1,1,223.1208369731903,4,0,0.00030392977020344105,0.00033026533457608905,0.000710582926929283,0.00041531030024224774,1,1,1,8,1em4,,0,0,,0
dc_motor,odepe_shade,0.0001,dc_motor_9_1em4,1,1,216.15783190727234,4,0,3.500978553944564e-05,5.113218603062364e-05,0.00013397195763928402,7.394029684657323e-05,1,1,1,9,1em4,,0,0,,0
fitzhugh_nagumo,odepe_shade,0.0001,fitzhugh_nagumo_0_1em4,1,1,229.3172950744629,5,0,0.0005975502991671436,0.0047888205684382045,0.014572467745716794,0.007496802427639015,0,1,1,0,1em4,,0,0,,0
fitzhugh_nagumo,odepe_shade,0.0001,fitzhugh_nagumo_1_1em4,1,1,278.71305203437805,5,0,0.00013986861345559456,0.0005861447345898931,0.0022979087195988085,0.0010460060229484857,1,1,1,1,1em4,,0,0,,0
fitzhugh_nagumo,odepe_shade,0.0001,fitzhugh_nagumo_2_1em4,1,1,279.8059480190277,5,0,0.008463396672405891,0.01203812220356899,0.035109282505284556,0.017008180503233588,0,1,1,2,1em4,,0,0,,0
fitzhugh_nagumo,odepe_shade,0.0001,fitzhugh_nagumo_3_1em4,1,1,243.63327407836914,5,0,0.0035143276010543836,0.009603542252604489,0.026297408528191298,0.013840554064589106,0,1,1,3,1em4,,0,0,,0
fitzhugh_nagumo,odepe_shade,0.0001,fitzhugh_nagumo_4_1em4,1,1,288.8434729576111,5,0,0.05883349915453476,0.21040222959668572,0.8687322702010158,0.3915719937716527,0,0,0,4,1em4,,0,0,,0
fitzhugh_nagumo,odepe_shade,0.0001,fitzhugh_nagumo_5_1em4,1,1,222.6462118625641,5,0,0.0002381138333330678,0.002537490466593511,0.01213212214857,0.005428280093841592,0,1,1,5,1em4,,0,0,,0
fitzhugh_nagumo,odepe_shade,0.0001,fitzhugh_nagumo_6_1em4,1,1,232.5935459136963,5,0,0.001857302890388664,0.006986786846618111,0.025857440215632226,0.01189961303585426,0,1,1,6,1em4,,0,0,,0
fitzhugh_nagumo,odepe_shade,0.0001,fitzhugh_nagumo_7_1em4,1,1,221.56314516067505,5,0,0.003874143233039102,0.01991010239980004,0.07356023614818116,0.03414752174265997,0,1,1,7,1em4,,0,0,,0
fitzhugh_nagumo,odepe_shade,0.0001,fitzhugh_nagumo_8_1em4,1,1,293.09448289871216,5,0,0.004393818689217138,0.012680863651963695,0.04917011589840204,0.022315971758132526,0,1,1,8,1em4,,0,0,,0
fitzhugh_nagumo,odepe_shade,0.0001,fitzhugh_nagumo_9_1em4,1,1,183.55523085594177,5,0,0.0005124989435794061,0.002516605453542161,0.010072667789342696,0.004568665558905471,0,1,1,9,1em4,,0,0,,0
flexible_arm,odepe_shade,0.0001,flexible_arm_0_1em4,1,1,1603.6942541599274,9,0,0.002307950067764321,0.02006251726671596,0.14805626368363467,0.04960175152270044,0,0,1,0,1em4,,0,0,,0
flexible_arm,odepe_shade,0.0001,flexible_arm_1_1em4,1,1,1421.1012268066406,9,0,0.6505120100241788,0.8546591854630812,1.7702151890090547,1.055808506415192,0,0,0,1,1em4,,0,0,,0
flexible_arm,odepe_shade,0.0001,flexible_arm_2_1em4,1,1,1048.935408115387,9,0,0.0029039202558975353,0.0035195407545124523,0.009935572851515131,0.0044024021779560454,1,1,1,2,1em4,,0,0,,0
flexible_arm,odepe_shade,0.0001,flexible_arm_3_1em4,1,1,1075.5743680000305,9,0,0.0011580605069193123,0.0012802833610858608,0.003786527568704915,0.0017422766547428757,1,1,1,3,1em4,,0,0,,0
flexible_arm,odepe_shade,0.0001,flexible_arm_4_1em4,1,1,662.5764489173889,9,0,0.0027907456924671915,0.005555536333540171,0.025809529138742168,0.009858273076539883,0,1,1,4,1em4,,0,0,,0
flexible_arm,odepe_shade,0.0001,flexible_arm_5_1em4,1,1,787.9577860832214,9,0,0.0016933237449718668,0.007422231806195948,0.031650723140098966,0.013554444268818208,0,1,1,5,1em4,,0,0,,0
flexible_arm,odepe_shade,0.0001,flexible_arm_6_1em4,1,1,744.7053830623627,9,0,0.0032156332106152,0.0032602125145734656,0.006285488635766817,0.003982373249901925,1,1,1,6,1em4,,0,0,,0
flexible_arm,odepe_shade,0.0001,flexible_arm_7_1em4,1,1,2007.9484369754791,9,0,0.006346804913889819,0.0119797298200568,0.02921980244152814,0.015855807972644735,0,1,1,7,1em4,,0,0,,0
flexible_arm,odepe_shade,0.0001,flexible_arm_8_1em4,1,1,611.2729980945587,9,0,0.007090868041952988,0.019805625841084716,0.1100322404653893,0.0382411943547467,0,0,1,8,1em4,,0,0,,0
flexible_arm,odepe_shade,0.0001,flexible_arm_9_1em4,1,1,889.0783369541168,9,0,0.0022414548592833913,0.009079765765026967,0.05465771639445528,0.018921160066185674,0,1,1,9,1em4,,0,0,,0
forced_lotka_volterra,odepe_shade,0.0001,forced_lotka_volterra_0_1em4,1,1,303.3742301464081,6,0,5.411802520715407e-06,7.292003918737674e-06,1.758956488350799e-05,8.647263229348527e-06,1,1,1,0,1em4,,0,0,,0
forced_lotka_volterra,odepe_shade,0.0001,forced_lotka_volterra_1_1em4,1,1,324.3267228603363,6,0,6.911306796403335e-06,1.0207629389090752e-05,2.2370159059439476e-05,1.2859795652783825e-05,1,1,1,1,1em4,,0,0,,0
forced_lotka_volterra,odepe_shade,0.0001,forced_lotka_volterra_2_1em4,1,1,239.81933403015137,6,0,0.9079024680848075,1.819914870991047,7.155490596355721,3.016793152946886,0,0,0,2,1em4,,0,0,,0
forced_lotka_volterra,odepe_shade,0.0001,forced_lotka_volterra_3_1em4,1,1,374.40571308135986,6,0,3.741378380799551e-06,5.058244420406655e-06,1.0672030654190756e-05,6.257701199392473e-06,1,1,1,3,1em4,,0,0,,0
forced_lotka_volterra,odepe_shade,0.0001,forced_lotka_volterra_4_1em4,1,1,257.0858950614929,6,0,0.9821480991913927,1.8727178781848701,4.686371551780986,2.494594027089765,0,0,0,4,1em4,,0,0,,0
forced_lotka_volterra,odepe_shade,0.0001,forced_lotka_volterra_5_1em4,1,1,322.83444905281067,6,0,1.8894090718424184,7.131039240601518,22.562524390964768,11.131287224806348,0,0,0,5,1em4,,0,0,,0
forced_lotka_volterra,odepe_shade,0.0001,forced_lotka_volterra_6_1em4,1,1,271.52160692214966,6,0,8.311200859465462e-06,3.1723052940164664e-05,0.0001568275222869953,6.449189759564075e-05,1,1,1,6,1em4,,0,0,,0
forced_lotka_volterra,odepe_shade,0.0001,forced_lotka_volterra_7_1em4,1,1,402.9080810546875,6,0,1.2618732196140614e-05,3.834330441129489e-05,0.00016879168215688415,7.062993785507368e-05,1,1,1,7,1em4,,0,0,,0
forced_lotka_volterra,odepe_shade,0.0001,forced_lotka_volterra_8_1em4,1,1,281.32388496398926,6,0,0.9883822211341611,1.5596445931737115,3.7841679014194596,2.092325001766011,0,0,0,8,1em4,,0,0,,0
forced_lotka_volterra,odepe_shade,0.0001,forced_lotka_volterra_9_1em4,1,1,324.79946208000183,6,0,1.8698271722015835e-05,2.363022357976338e-05,6.0501757313779506e-05,2.9057526340069673e-05,1,1,1,9,1em4,,0,0,,0
harmonic_oscillator,odepe_shade,0.0001,harmonic_oscillator_0_1em4,1,1,212.47586107254028,4,0,4.730925494424332e-08,1.2266930312136456e-07,3.851915068614879e-07,1.9555519395787922e-07,1,1,1,0,1em4,,0,0,,0
harmonic_oscillator,odepe_shade,0.0001,harmonic_oscillator_1_1em4,1,1,235.39779806137085,4,0,2.794496958418874e-07,2.48525943462415e-07,3.302659733333807e-07,2.6290263234960234e-07,1,1,1,1,1em4,,0,0,,0
harmonic_oscillator,odepe_shade,0.0001,harmonic_oscillator_2_1em4,1,1,234.85452890396118,4,0,1.958545984245778e-08,1.930909375151365e-08,3.0330771507825863e-08,2.1084149814788213e-08,1,1,1,2,1em4,,0,0,,0
harmonic_oscillator,odepe_shade,0.0001,harmonic_oscillator_3_1em4,1,1,320.13769578933716,4,0,3.0446279922049745e-07,2.809945623013191e-07,3.984780788842624e-07,3.041747319896198e-07,1,1,1,3,1em4,,0,0,,0
harmonic_oscillator,odepe_shade,0.0001,harmonic_oscillator_4_1em4,1,1,281.1395959854126,4,0,3.309605869336486e-07,1.0784008249691932e-06,3.554708249191968e-06,1.7956170969095416e-06,1,1,1,4,1em4,,0,0,,0
harmonic_oscillator,odepe_shade,0.0001,harmonic_oscillator_5_1em4,1,1,195.88176202774048,4,0,1.152169913878143e-06,1.0790497992923033e-06,1.7029863501929171e-06,1.1889283024107925e-06,1,1,1,5,1em4,,0,0,,0
harmonic_oscillator,odepe_shade,0.0001,harmonic_oscillator_6_1em4,1,1,225.81823992729187,4,0,1.8593231821342617e-06,1.5942579501222216e-06,2.2428264611015623e-06,1.7411267702533813e-06,1,1,1,6,1em4,,0,0,,0
harmonic_oscillator,odepe_shade,0.0001,harmonic_oscillator_7_1em4,1,1,227.22418403625488,4,0,2.9649486926656786e-08,3.736948137372697e-08,6.543284973945574e-08,4.0807588112274043e-08,1,1,1,7,1em4,,0,0,,0
harmonic_oscillator,odepe_shade,0.0001,harmonic_oscillator_8_1em4,1,1,313.0249590873718,4,0,9.426282452761296e-07,1.1594108003226828e-06,2.569848331977212e-06,1.4521790942582991e-06,1,1,1,8,1em4,,0,0,,0
harmonic_oscillator,odepe_shade,0.0001,harmonic_oscillator_9_1em4,1,1,331.50688791275024,4,0,3.3914001440238936e-07,3.643520561011244e-07,7.542911122864698e-07,4.814141653822029e-07,1,1,1,9,1em4,,0,0,,0
hiv,odepe_shade,0.0001,hiv_0_1em4,1,1,567.3395528793335,15,0,0.002704902264170798,0.08336882874386341,0.9990411711643304,0.2626369480566352,0,0,0,0,1em4,,0,0,,0
hiv,odepe_shade,0.0001,hiv_1_1em4,1,1,635.4397089481354,15,0,0.013046539777356472,0.7057452785613006,10.148272017837236,2.6207011618558353,0,0,0,1,1em4,,0,0,,0
hiv,odepe_shade,0.0001,hiv_2_1em4,1,1,561.1505470275879,15,0,0.002183940098577745,0.07305432505406147,0.9999632352941176,0.2585308627296019,0,0,0,2,1em4,,0,0,,0
hiv,odepe_shade,0.0001,hiv_3_1em4,1,1,545.082414150238,15,0,0.005420359661550441,0.07697425268488933,0.9999769053117783,0.25877417249736295,0,0,0,3,1em4,,0,0,,0
hiv,odepe_shade,0.0001,hiv_4_1em4,1,1,556.179986000061,15,0,0.0010581316244711804,0.06766185459637226,0.9999875466998756,0.2582005668163885,0,0,0,4,1em4,,0,0,,0
hiv,odepe_shade,0.0001,hiv_5_1em4,1,1,458.8162651062012,15,0,0.73898154722468,1.826235484372739,20.46956275317343,5.324534233667566,0,0,0,5,1em4,,0,0,,1
hiv,odepe_shade,0.0001,hiv_6_1em4,1,1,547.908106803894,15,0,0.0007934402419380044,0.6941386677612847,10.29943502824859,2.6593330894439484,0,0,0,6,1em4,,0,0,,0
hiv,odepe_shade,0.0001,hiv_7_1em4,1,1,785.7398400306702,15,0,0.5340311083933607,3.5838796419390433,43.05286343612335,11.183840489728768,0,0,0,7,1em4,,0,0,,0
hiv,odepe_shade,0.0001,hiv_8_1em4,1,1,538.2243299484253,15,0,0.4487785655923394,1.613953935743125,15.896338820637224,4.190097670724721,0,0,0,8,1em4,,0,0,,2
hiv,odepe_shade,0.0001,hiv_9_1em4,1,1,571.3875970840454,15,0,0.0017580405570997897,0.08541286601498849,0.9999716723042689,0.26393664443747095,0,0,0,9,1em4,,0,0,,2
lotka_volterra,odepe_shade,0.0001,lotka_volterra_0_1em4,1,1,233.55304288864136,5,0,4.368833114373749e-05,9.616923826096023e-05,0.00032943416498861904,0.00015293900068554255,1,1,1,0,1em4,,0,0,,0
lotka_volterra,odepe_shade,0.0001,lotka_volterra_1_1em4,1,1,263.2388038635254,5,0,1.6920151837663245e-05,2.6420113538026086e-05,7.830349094775875e-05,3.721489304208947e-05,1,1,1,1,1em4,,0,0,,0
lotka_volterra,odepe_shade,0.0001,lotka_volterra_2_1em4,1,1,230.99512100219727,5,0,3.896555269023263e-06,6.158820183914236e-06,1.5137812870112215e-05,7.723909535466022e-06,1,1,1,2,1em4,,0,0,,0
lotka_volterra,odepe_shade,0.0001,lotka_volterra_3_1em4,1,1,210.17263793945312,5,0,1.290692537599498e-05,1.4469686846024483e-05,3.110416908779386e-05,1.735932477684023e-05,1,1,1,3,1em4,,0,0,,0
lotka_volterra,odepe_shade,0.0001,lotka_volterra_4_1em4,1,1,255.8121190071106,5,0,7.239546915055399e-05,7.996407366846734e-05,0.00017770539904784195,9.775337362831217e-05,1,1,1,4,1em4,,0,0,,0
lotka_volterra,odepe_shade,0.0001,lotka_volterra_5_1em4,1,1,302.2871940135956,5,0,5.193267990708672e-06,4.741225071142976e-06,8.451709803383258e-06,5.41674354462705e-06,1,1,1,5,1em4,,0,0,,0
lotka_volterra,odepe_shade,0.0001,lotka_volterra_6_1em4,1,1,227.9990999698639,5,0,3.998274663242408e-05,4.034057927684246e-05,7.28585964866035e-05,4.563224000111988e-05,1,1,1,6,1em4,,0,0,,0
lotka_volterra,odepe_shade,0.0001,lotka_volterra_7_1em4,1,1,233.046856880188,5,0,6.52466015982963e-05,7.012458286634351e-05,0.00014322596600501814,8.236638412325911e-05,1,1,1,7,1em4,,0,0,,0
lotka_volterra,odepe_shade,0.0001,lotka_volterra_8_1em4,1,1,246.21701407432556,5,0,3.133554270487625e-05,4.3432810950068504e-05,0.00011083668659102344,5.572469988246079e-05,1,1,1,8,1em4,,0,0,,0
lotka_volterra,odepe_shade,0.0001,lotka_volterra_9_1em4,1,1,238.67069101333618,5,0,4.581005932575078e-06,7.852570312013942e-06,2.1840916652922046e-05,1.0653406748037935e-05,1,1,1,9,1em4,,0,0,,0
mass_spring_damper,odepe_shade,0.0001,mass_spring_damper_0_1em4,1,1,199.9972219467163,5,0,4.347361295739751e-06,1.0072548658128229e-05,3.2391153043681415e-05,1.534890299545584e-05,1,1,1,0,1em4,,0,0,,0
mass_spring_damper,odepe_shade,0.0001,mass_spring_damper_1_1em4,1,1,220.5156171321869,5,0,7.094671936042587e-06,8.651205251409231e-06,2.020505079189745e-05,1.0715926660663759e-05,1,1,1,1,1em4,,0,0,,0
mass_spring_damper,odepe_shade,0.0001,mass_spring_damper_2_1em4,1,1,224.68382692337036,5,0,2.3771434514803556e-06,8.311870618318346e-06,3.2323250445819176e-05,1.4623988797318081e-05,1,1,1,2,1em4,,0,0,,0
mass_spring_damper,odepe_shade,0.0001,mass_spring_damper_3_1em4,1,1,219.54233384132385,5,0,5.00742972048848e-06,7.498174047083126e-05,0.0003510761185726447,0.0001571472954123941,1,1,1,3,1em4,,0,0,,0
mass_spring_damper,odepe_shade,0.0001,mass_spring_damper_4_1em4,1,1,292.36100697517395,5,0,1.7193673462541237e-05,1.920661956099318e-05,4.967337351685263e-05,2.5280685073159553e-05,1,1,1,4,1em4,,0,0,,0
mass_spring_damper,odepe_shade,0.0001,mass_spring_damper_5_1em4,1,1,217.51017117500305,5,0,2.9818321588981615e-06,8.980546268336703e-06,2.462316512291057e-05,1.2604993844466154e-05,1,1,1,5,1em4,,0,0,,0
mass_spring_damper,odepe_shade,0.0001,mass_spring_damper_6_1em4,1,1,241.27555394172668,5,0,1.2651820233602426e-06,9.814767051625604e-06,4.434093507181084e-05,1.9869241240790405e-05,1,1,1,6,1em4,,0,0,,0
mass_spring_damper,odepe_shade,0.0001,mass_spring_damper_7_1em4,1,1,206.83725786209106,5,0,1.1437224972654647e-05,1.483593570485033e-05,2.9614149867911197e-05,1.851169155170412e-05,1,1,1,7,1em4,,0,0,,0
mass_spring_damper,odepe_shade,0.0001,mass_spring_damper_8_1em4,1,1,191.29829096794128,5,0,1.2568525574793843e-05,4.560678366745872e-05,0.00018725868679950376,8.451586350005533e-05,1,1,1,8,1em4,,0,0,,0
mass_spring_damper,odepe_shade,0.0001,mass_spring_damper_9_1em4,1,1,184.7874608039856,5,0,1.2021294324073972e-05,1.6600223622828127e-05,3.0609206810634906e-05,1.9487182447841785e-05,1,1,1,9,1em4,,0,0,,0
quadrotor,odepe_shade,0.0001,quadrotor_0_1em4,1,1,204.4482581615448,4,0,3.634260813029425e-05,5.128217289306385e-05,0.0001276681133795665,6.88541303115754e-05,1,1,1,0,1em4,,0,0,,0
quadrotor,odepe_shade,0.0001,quadrotor_1_1em4,1,1,277.1612389087677,4,0,3.697292290673378e-05,0.0001804000148984806,0.0006313353473520085,0.0003169894692120258,1,1,1,1,1em4,,0,0,,0
quadrotor,odepe_shade,0.0001,quadrotor_2_1em4,1,1,204.04696917533875,4,0,4.043330791831332e-05,4.3289509582162185e-05,8.31502534634689e-05,5.0664818527585116e-05,1,1,1,2,1em4,,0,0,,0
quadrotor,odepe_shade,0.0001,quadrotor_3_1em4,1,1,180.3058681488037,4,0,0.00011186354789962572,0.0001596577203994219,0.0004119614683929723,0.00022863710031486515,1,1,1,3,1em4,,0,0,,0
quadrotor,odepe_shade,0.0001,quadrotor_4_1em4,1,1,170.59590697288513,4,0,2.591293217830098e-05,7.398368339896615e-05,0.0002430183926333733,0.00012374960138967312,1,1,1,4,1em4,,0,0,,0
quadrotor,odepe_shade,0.0001,quadrotor_5_1em4,1,1,180.42773580551147,4,0,6.749082542001269e-05,0.00010094577728316569,0.00026674006239483134,0.0001446600268579119,1,1,1,5,1em4,,0,0,,0
quadrotor,odepe_shade,0.0001,quadrotor_6_1em4,1,1,203.7405240535736,4,0,0.0001341231591647956,0.0001807506527773601,0.00042745369546307434,0.0002375795493283085,1,1,1,6,1em4,,0,0,,0
quadrotor,odepe_shade,0.0001,quadrotor_7_1em4,1,1,198.18840193748474,4,0,6.908426397901773e-05,8.813373508290349e-05,0.00020766833716457528,0.00012234760523261698,1,1,1,7,1em4,,0,0,,0
quadrotor,odepe_shade,0.0001,quadrotor_8_1em4,1,1,201.20753812789917,4,0,5.2594863062361776e-05,0.00015145117053519505,0.0004961638307387449,0.0002516503118622333,1,1,1,8,1em4,,0,0,,0
quadrotor,odepe_shade,0.0001,quadrotor_9_1em4,1,1,166.31696605682373,4,0,8.188671181218414e-05,0.0003271896404401312,0.0011254204454876125,0.0005661733790696451,1,1,1,9,1em4,,0,0,,0
repressilator,odepe_shade,0.0001,repressilator_0_1em4,1,1,464.86899399757385,9,0,1.3994456387625656e-05,6.49016827028029e-05,0.0002135442004802743,0.00010130618254778212,1,1,1,0,1em4,,0,0,,0
repressilator,odepe_shade,0.0001,repressilator_1_1em4,1,1,381.51053404808044,9,0,1.4300097255202354e-05,3.4896738521143836e-05,0.00010032593787622887,5.1874425002943705e-05,1,1,1,1,1em4,,0,0,,0
repressilator,odepe_shade,0.0001,repressilator_2_1em4,1,1,452.0395941734314,9,0,7.770117783786746e-05,0.0001265223063035166,0.0005193229937918761,0.00020195099090609608,1,1,1,2,1em4,,0,0,,0
repressilator,odepe_shade,0.0001,repressilator_3_1em4,1,1,441.96558809280396,9,0,8.479720345208107e-06,3.9520299358264124e-05,0.00023654712749077018,8.195957339414257e-05,1,1,1,3,1em4,,0,0,,0
repressilator,odepe_shade,0.0001,repressilator_4_1em4,1,1,461.58781695365906,9,0,5.623029519950312e-05,7.176897668290794e-05,0.0002221591757603213,0.00010252473612597418,1,1,1,4,1em4,,0,0,,0
repressilator,odepe_shade,0.0001,repressilator_5_1em4,1,1,581.2661690711975,9,0,5.004285776981774e-05,4.8981077248629494e-05,0.0001350081950339187,6.217488898466047e-05,1,1,1,5,1em4,,0,0,,0
repressilator,odepe_shade,0.0001,repressilator_6_1em4,1,1,439.2588140964508,9,0,5.896705512726878e-05,0.0003318790097961987,0.0019491871655766507,0.0006933354678106419,1,1,1,6,1em4,,0,0,,0
repressilator,odepe_shade,0.0001,repressilator_7_1em4,1,1,464.36328506469727,9,0,6.803172167405552e-05,0.00015249091898379049,0.0003748715253712667,0.00021477440238602756,1,1,1,7,1em4,,0,0,,0
repressilator,odepe_shade,0.0001,repressilator_8_1em4,1,1,466.70096802711487,9,0,6.067794700065497e-05,0.00013252662378995277,0.0007130753802036027,0.00024951856065155763,1,1,1,8,1em4,,0,0,,0
repressilator,odepe_shade,0.0001,repressilator_9_1em4,1,1,467.6465241909027,9,0,8.128605646746636e-05,0.00011216447923804087,0.0004370384551523547,0.00017139858024313803,1,1,1,9,1em4,,0,0,,0
seir,odepe_shade,0.0001,seir_0_1em4,1,1,495.5818510055542,7,0,0.4360240620105216,0.3427019256871872,0.7746374781500243,0.46987741888489293,0,0,0,0,1em4,,0,0,,0
seir,odepe_shade,0.0001,seir_1_1em4,1,1,346.6154990196228,7,0,0.06661945728039712,0.07419386396517007,0.19695265454937502,0.0992367708242597,0,0,1,1,1em4,,0,0,,0
seir,odepe_shade,0.0001,seir_2_1em4,1,1,383.9235939979553,7,0,0.06658070953639614,0.05199727010366376,0.11333174336996078,0.0687882876782864,0,0,1,2,1em4,,0,0,,0
seir,odepe_shade,0.0001,seir_3_1em4,1,1,379.73894596099854,7,0,0.03258449734027822,0.020898083998220872,0.04412942871587164,0.02765949725476485,0,1,1,3,1em4,,0,0,,0
seir,odepe_shade,0.0001,seir_4_1em4,1,1,346.6085069179535,7,0,0.1473435987385968,0.10047802131973804,0.19171544643804067,0.12563802502251226,0,0,1,4,1em4,,0,0,,0
seir,odepe_shade,0.0001,seir_5_1em4,1,1,542.4644601345062,7,0,0.2722622336476491,2.334885180038382,14.243902439024392,5.401841002961548,0,0,0,5,1em4,,0,0,,0
seir,odepe_shade,0.0001,seir_6_1em4,1,1,370.64134907722473,7,0,0.24708102013101896,0.39631793946703675,1.1201527777858482,0.5896731301861463,0,0,0,6,1em4,,0,0,,0
seir,odepe_shade,0.0001,seir_7_1em4,1,1,391.65369987487793,7,0,0.21642532402589149,0.2531666062484243,0.6047299672037846,0.33395483465878384,0,0,0,7,1em4,,0,0,,0
seir,odepe_shade,0.0001,seir_8_1em4,1,1,303.7299430370331,7,0,0.46821669384635584,0.4994772222275708,1.2295301233352598,0.6669903812427923,0,0,0,8,1em4,,0,0,,0
seir,odepe_shade,0.0001,seir_9_1em4,1,1,381.60954904556274,7,0,0.0221474716507564,0.013912860035110759,0.02515200310778689,0.018055039257166706,0,1,1,9,1em4,,0,0,,0
slow_fast,odepe_shade,0.0001,slow_fast_0_1em4,1,1,484.1785659790039,8,0,0.0003305076601034749,0.0004388487146113115,0.0013537548197782518,0.0006421883502670275,1,1,1,0,1em4,,0,0,,0
slow_fast,odepe_shade,0.0001,slow_fast_1_1em4,1,1,477.5839910507202,8,0,0.5559281616468873,0.5475442853747959,1.3637258997787443,0.7343002106917482,0,0,0,1,1em4,,0,0,,0
slow_fast,odepe_shade,0.0001,slow_fast_2_1em4,1,1,422.17145895957947,8,0,0.0001220920241002361,0.000299370533318008,0.001270922355142388,0.0005095728981009569,1,1,1,2,1em4,,0,0,,0
slow_fast,odepe_shade,0.0001,slow_fast_3_1em4,1,1,503.7042179107666,8,0,0.0003183904335418992,0.0006303452184570819,0.002165938040110095,0.0009657512696984025,1,1,1,3,1em4,,0,0,,0
slow_fast,odepe_shade,0.0001,slow_fast_4_1em4,1,1,500.0067129135132,8,0,0.000124109019292326,0.00012905440325716535,0.0002658251081905578,0.00016122285253212864,1,1,1,4,1em4,,0,0,,0
slow_fast,odepe_shade,0.0001,slow_fast_5_1em4,1,1,451.76575207710266,8,0,0.20689310130027883,0.19871980694206764,0.6118088748030793,0.27943911716467185,0,0,0,5,1em4,,0,0,,0
slow_fast,odepe_shade,0.0001,slow_fast_6_1em4,1,1,498.0960650444031,8,0,1.6769957874409868e-05,2.9088273476821887e-05,0.00012422505410194113,4.7901025377689704e-05,1,1,1,6,1em4,,0,0,,0
slow_fast,odepe_shade,0.0001,slow_fast_7_1em4,1,1,453.0395860671997,8,0,0.0007763998647562411,0.0009802197749419074,0.0024452774611280403,0.001405408654367893,1,1,1,7,1em4,,0,0,,0
slow_fast,odepe_shade,0.0001,slow_fast_8_1em4,1,1,481.0367240905762,8,0,0.0008958609371093409,0.0014211757649279842,0.005871760239471317,0.002336580565794148,1,1,1,8,1em4,,0,0,,0
slow_fast,odepe_shade,0.0001,slow_fast_9_1em4,1,1,453.7981688976288,8,0,0.0008795539586748277,0.0022931745997294296,0.006208760466777689,0.0034445950625868194,1,1,1,9,1em4,,0,0,,0
sirt_treatment,odepe_shade,0.0001,sirt_treatment_0_1em4,1,1,464.38561391830444,9,0,0.0001336383840092797,0.001606330344079857,0.012217214910598129,0.004095236187726994,0,1,1,0,1em4,,0,0,,0
sirt_treatment,odepe_shade,0.0001,sirt_treatment_1_1em4,1,1,461.27906799316406,9,0,6.313437753083515e-05,0.0003133327712431033,0.0022158249351184045,0.0007471596885442769,1,1,1,1,1em4,,0,0,,0
sirt_treatment,odepe_shade,0.0001,sirt_treatment_2_1em4,1,1,434.6491198539734,9,0,0.0001323894843312568,0.005415852722916972,0.029986788568968338,0.010741488368581886,0,1,1,2,1em4,,0,0,,0
sirt_treatment,odepe_shade,0.0001,sirt_treatment_3_1em4,1,1,443.6037940979004,9,0,0.00016540257718176661,0.002446815991089733,0.014554446387208566,0.0051055562797639835,0,1,1,3,1em4,,0,0,,0
sirt_treatment,odepe_shade,0.0001,sirt_treatment_4_1em4,1,1,389.71808385849,9,0,4.168652742269311e-05,0.0002803356611125619,0.0014075970705187402,0.0005187784213677462,1,1,1,4,1em4,,0,0,,0
sirt_treatment,odepe_shade,0.0001,sirt_treatment_5_1em4,1,1,469.2597930431366,9,0,0.0015717399657159752,0.0034080733713588757,0.014131994951986897,0.005813120743107245,0,1,1,5,1em4,,0,0,,0
sirt_treatment,odepe_shade,0.0001,sirt_treatment_6_1em4,1,1,441.0581350326538,9,0,3.0567564796889623e-05,0.00022091497490962496,0.0006452394439062417,0.0003343552739868104,1,1,1,6,1em4,,0,0,,0
sirt_treatment,odepe_shade,0.0001,sirt_treatment_7_1em4,1,1,375.9991500377655,9,0,0.0001924206606353206,0.0030549313420864567,0.01641262295386658,0.0059209408861788685,0,1,1,7,1em4,,0,0,,0
sirt_treatment,odepe_shade,0.0001,sirt_treatment_8_1em4,1,1,449.5293869972229,9,0,0.0003993143425991469,0.0006149115886903798,0.0014847714337016334,0.0008280735811923682,1,1,1,8,1em4,,0,0,,0
sirt_treatment,odepe_shade,0.0001,sirt_treatment_9_1em4,1,1,374.95634508132935,9,0,0.2461187058880934,2.208445797621386,15.967253350869338,5.387846002100578,0,0,0,9,1em4,,0,0,,0
vanderpol,odepe_shade,0.0001,vanderpol_0_1em4,1,1,227.89118099212646,4,0,3.9979255842065464e-07,1.0776025281360072e-06,3.454748493904634e-06,1.7535917159029328e-06,1,1,1,0,1em4,,0,0,,0
vanderpol,odepe_shade,0.0001,vanderpol_1_1em4,1,1,229.48511600494385,4,0,4.429980906453476e-07,4.874256743336499e-07,9.682238328143618e-07,5.87093629900038e-07,1,1,1,1,1em4,,0,0,,0
vanderpol,odepe_shade,0.0001,vanderpol_2_1em4,1,1,259.5686938762665,4,0,7.837717860786443e-07,8.425655691036333e-07,1.4636938021881404e-06,9.337534338175799e-07,1,1,1,2,1em4,,0,0,,0
vanderpol,odepe_shade,0.0001,vanderpol_3_1em4,1,1,227.8475649356842,4,0,1.589811993013704e-06,1.898608069317391e-06,4.0652317766733596e-06,2.4132006987875833e-06,1,1,1,3,1em4,,0,0,,0
vanderpol,odepe_shade,0.0001,vanderpol_4_1em4,1,1,229.6987910270691,4,0,2.412288313753364e-07,4.370272828280419e-07,1.2360273229563713e-06,6.417187484885962e-07,1,1,1,4,1em4,,0,0,,0
vanderpol,odepe_shade,0.0001,vanderpol_5_1em4,1,1,176.8415880203247,4,0,7.384297290541619e-06,8.55818952449261e-06,1.520628790645446e-05,9.52525962319931e-06,1,1,1,5,1em4,,0,0,,0
vanderpol,odepe_shade,0.0001,vanderpol_6_1em4,1,1,255.88848876953125,4,0,1.1795949705409165e-07,5.756890486932014e-07,2.050063277115451e-06,1.0291816379730285e-06,1,1,1,6,1em4,,0,0,,0
vanderpol,odepe_shade,0.0001,vanderpol_7_1em4,1,1,261.37777304649353,4,0,9.425014139462731e-08,1.603388512272512e-07,4.305715130652702e-07,2.2726222425564948e-07,1,1,1,7,1em4,,0,0,,0
vanderpol,odepe_shade,0.0001,vanderpol_8_1em4,1,1,249.5533230304718,4,0,8.146958533319609e-07,3.457405152909561e-06,1.212024099554317e-05,6.109479928808842e-06,1,1,1,8,1em4,,0,0,,0
vanderpol,odepe_shade,0.0001,vanderpol_9_1em4,1,1,195.12341213226318,4,0,0.6490005331653705,3.028128257530138,10.312528886346872,5.1829053373245895,0,0,0,9,1em4,,0,0,,0
aircraft_pitch,odepe_shade,0.01,aircraft_pitch_0_1em2,1,1,288.35538697242737,6,1,0.00032249266689371605,0.0019872781889183028,0.00996819222174592,0.004107489400889554,1,1,1,0,1em2,,0,0,,0
aircraft_pitch,odepe_shade,0.01,aircraft_pitch_1_1em2,1,1,307.22247099876404,6,1,0.0006283915084741762,0.0059710529235150606,0.033205512468207306,0.0135723850753842,0,1,1,1,1em2,,0,0,,0
aircraft_pitch,odepe_shade,0.01,aircraft_pitch_2_1em2,1,1,386.89285588264465,6,1,0.0002828397262295278,0.007800147115419564,0.04566640941354471,0.01864507474083854,0,1,1,2,1em2,,0,0,,0
aircraft_pitch,odepe_shade,0.01,aircraft_pitch_3_1em2,1,1,564.423360824585,6,1,3.33200282283867e-05,0.0004486078440255608,0.0025456558390224413,0.0010396273071630044,1,1,1,3,1em2,,0,0,,0
aircraft_pitch,odepe_shade,0.01,aircraft_pitch_4_1em2,1,1,363.76677107810974,6,1,4.34725081216004e-06,0.00010516906830872041,0.0004541173654848407,0.00019715845708302726,1,1,1,4,1em2,,0,0,,0
aircraft_pitch,odepe_shade,0.01,aircraft_pitch_5_1em2,1,1,383.33739399909973,6,1,0.0005447072688560536,0.16703869770872284,0.9999169090186542,0.4082146890594935,0,0,0,5,1em2,,0,0,,0
aircraft_pitch,odepe_shade,0.01,aircraft_pitch_6_1em2,1,1,553.8791480064392,6,1,0.00018922498632836188,0.026626188587160562,0.15849355535505777,0.0647058884003164,0,0,1,6,1em2,,0,0,,0
aircraft_pitch,odepe_shade,0.01,aircraft_pitch_7_1em2,1,1,487.4955508708954,6,1,0.0005644577478189934,0.020802948519887784,0.1221181079441431,0.049858152585763406,0,0,1,7,1em2,,0,0,,0
aircraft_pitch,odepe_shade,0.01,aircraft_pitch_8_1em2,1,1,518.6494269371033,6,1,0.0006722099376047775,0.024648089198356298,0.1439307856688751,0.058766025824943974,0,0,1,8,1em2,,0,0,,0
aircraft_pitch,odepe_shade,0.01,aircraft_pitch_9_1em2,1,1,487.67019391059875,6,1,0.00019140717565288047,0.007802417877861034,0.045830353565539564,0.01871211577234701,0,1,1,9,1em2,,0,0,,0
bicycle_model,odepe_shade,0.01,bicycle_model_0_1em2,1,1,316.9695200920105,5,0,0.0001773564537806601,0.0012890366417241134,0.0036630171530641366,0.001931013008122195,1,1,1,0,1em2,,0,0,,0
bicycle_model,odepe_shade,0.01,bicycle_model_1_1em2,1,1,259.60862708091736,5,0,0.000510666700270737,0.0004315521712551283,0.000630823068616203,0.00048436440310553955,1,1,1,1,1em2,,0,0,,0
bicycle_model,odepe_shade,0.01,bicycle_model_2_1em2,1,1,290.47316908836365,5,0,0.000203614523519757,0.00032084089852392136,0.0009529232219902766,0.00045306252265311746,1,1,1,2,1em2,,0,0,,0
bicycle_model,odepe_shade,0.01,bicycle_model_3_1em2,1,1,379.542072057724,5,0,0.0008855566996542876,0.0076596998780810634,0.02304328088583352,0.011843709122481526,0,1,1,3,1em2,,0,0,,0
bicycle_model,odepe_shade,0.01,bicycle_model_4_1em2,1,1,269.5885589122772,5,0,0.0004923175992777661,0.0024491911145211867,0.009871718397857526,0.004452230674650868,1,1,1,4,1em2,,0,0,,0
bicycle_model,odepe_shade,0.01,bicycle_model_5_1em2,1,1,266.9557421207428,5,0,0.0006124404987910213,0.0017991733290647603,0.006804650102111604,0.0030837566952185225,1,1,1,5,1em2,,0,0,,0
bicycle_model,odepe_shade,0.01,bicycle_model_6_1em2,1,1,236.33373618125916,5,0,6.255335225669869e-05,0.00035429780967095046,0.001428143926492413,0.0006459712612870898,1,1,1,6,1em2,,0,0,,0
bicycle_model,odepe_shade,0.01,bicycle_model_7_1em2,1,1,330.3012218475342,5,0,0.0011260329255103718,0.007624753071150563,0.03003644156074612,0.013632896047646531,0,1,1,7,1em2,,0,0,,0
bicycle_model,odepe_shade,0.01,bicycle_model_8_1em2,1,1,326.40097403526306,5,0,0.000754953262775827,0.0022717193637790413,0.005332598630778398,0.002987971066828592,1,1,1,8,1em2,,0,0,,0
bicycle_model,odepe_shade,0.01,bicycle_model_9_1em2,1,1,409.81563997268677,5,0,0.0005051653959856732,0.0006092437702300638,0.0009998313763126803,0.0006439181789004801,1,1,1,9,1em2,,0,0,,0
biohydrogenation,odepe_shade,0.01,biohydrogenation_0_1em2,1,1,647.0642511844635,9,1,0.10503200808632342,1.3708843007350093,10.72332942555686,3.590066493974444,0,0,0,0,1em2,,0,0,,0
biohydrogenation,odepe_shade,0.01,biohydrogenation_1_1em2,1,1,393.43592619895935,9,1,0.005387014053283401,4.897141411110793,42.668122270742366,14.227014460680408,0,0,0,1,1em2,,0,0,,0
biohydrogenation,odepe_shade,0.01,biohydrogenation_2_1em2,1,1,363.47369384765625,9,1,0.2779551349141559,0.7963073502867587,4.28422058730717,1.5122208486491306,0,0,0,2,1em2,,0,0,,0
biohydrogenation,odepe_shade,0.01,biohydrogenation_3_1em2,1,1,383.3407509326935,9,1,0.15509386051849625,1.5118529334423676,11.738853503184716,3.9298541209648867,0,0,0,3,1em2,,0,0,,0
biohydrogenation,odepe_shade,0.01,biohydrogenation_4_1em2,1,1,375.71954011917114,9,1,0.14272546560784596,0.28503840050074736,0.9999487558960033,0.4390646319290227,0,0,0,4,1em2,,0,0,,0
biohydrogenation,odepe_shade,0.01,biohydrogenation_5_1em2,1,1,394.0436990261078,9,1,0.031473802199447495,1.369104556635016,10.764705882352944,3.6065609210646166,0,0,0,5,1em2,,0,0,,0
biohydrogenation,odepe_shade,0.01,biohydrogenation_6_1em2,1,1,317.7972409725189,9,1,0.21105663338673178,2.238626931174901,11.224938875305627,4.428209222100798,0,0,0,6,1em2,,0,0,,0
biohydrogenation,odepe_shade,0.01,biohydrogenation_7_1em2,1,1,419.4611840248108,9,1,0.03693317893739495,1.3487309692398504,11.165450121654505,3.7280974489323326,0,0,0,7,1em2,,0,0,,0
biohydrogenation,odepe_shade,0.01,biohydrogenation_8_1em2,1,1,492.4452259540558,9,1,0.14395369017268927,2.126346102640898,17.48428835489834,5.836284231513717,0,0,0,8,1em2,,0,0,,0
biohydrogenation,odepe_shade,0.01,biohydrogenation_9_1em2,1,1,383.81791400909424,9,1,0.02020897187381198,2.2955448690324767,13.06469760900141,4.824126401152738,0,0,0,9,1em2,,0,0,,0
boost_converter,odepe_shade,0.01,boost_converter_0_1em2,1,1,394.7091510295868,5,0,0.003668198172360696,0.0034828820512109956,0.006092605458299268,0.003984329188274623,1,1,1,0,1em2,,0,0,,0
boost_converter,odepe_shade,0.01,boost_converter_1_1em2,1,1,304.02204608917236,5,0,0.0014817429406549705,0.009241575726634577,0.041486388012855875,0.01859064164229401,0,1,1,1,1em2,,0,0,,0
boost_converter,odepe_shade,0.01,boost_converter_2_1em2,1,1,318.68121814727783,5,0,0.005055480486158446,0.010208844468046627,0.03363614668697119,0.01580489123588149,0,1,1,2,1em2,,0,0,,0
boost_converter,odepe_shade,0.01,boost_converter_3_1em2,1,1,329.9222068786621,5,0,0.001711990372553715,0.005409521667536244,0.020537676286612985,0.009354472920950626,0,1,1,3,1em2,,0,0,,0
boost_converter,odepe_shade,0.01,boost_converter_4_1em2,1,1,381.3616850376129,5,0,0.0008092317288684562,0.007501614619059557,0.03242713202636325,0.014583126422698498,0,1,1,4,1em2,,0,0,,0
boost_converter,odepe_shade,0.01,boost_converter_5_1em2,1,1,389.1639230251312,5,0,0.004342006179881736,0.013097432057374476,0.03739540213988085,0.019070905368361573,0,1,1,5,1em2,,0,0,,0
boost_converter,odepe_shade,0.01,boost_converter_6_1em2,1,1,532.1516108512878,5,0,0.0018467268223130782,0.011918543186843456,0.05406030324758551,0.024218174876684175,0,1,1,6,1em2,,0,0,,0
boost_converter,odepe_shade,0.01,boost_converter_7_1em2,1,1,408.67306184768677,5,0,0.002579720617189116,0.0035022369908755215,0.008896230109767244,0.004653606247054632,1,1,1,7,1em2,,0,0,,0
boost_converter,odepe_shade,0.01,boost_converter_8_1em2,1,1,366.6414659023285,5,0,0.0012818809001628924,0.010027148317859443,0.04619349551110911,0.02069478087988471,0,1,1,8,1em2,,0,0,,0
boost_converter,odepe_shade,0.01,boost_converter_9_1em2,1,1,432.4933400154114,5,0,0.004496429304207768,0.02732474899192745,0.12182283646772106,0.05463762222386169,0,0,1,9,1em2,,0,0,,0
brusselator,odepe_shade,0.01,brusselator_0_1em2,1,1,307.11844992637634,4,0,0.009966579569311719,0.009661683162917743,0.018577378835956917,0.012185037194990166,0,1,1,0,1em2,,0,0,,0
brusselator,odepe_shade,0.01,brusselator_1_1em2,1,1,529.6890609264374,4,0,0.08817079399768414,0.11606393306550333,0.28776082694876765,0.16232365714327399,0,0,1,1,1em2,,0,0,,0
brusselator,odepe_shade,0.01,brusselator_2_1em2,1,1,563.494866847992,4,0,0.39304549140553613,0.37054274134625453,0.695975681194955,0.4505366133778193,0,0,0,2,1em2,,0,0,,0
brusselator,odepe_shade,0.01,brusselator_3_1em2,1,1,559.1777188777924,4,0,0.023384404516781997,0.032093678415140624,0.08155982731636531,0.04540226586756669,0,1,1,3,1em2,,0,0,,0
brusselator,odepe_shade,0.01,brusselator_4_1em2,1,1,546.8877949714661,4,0,0.011117516202745798,0.016916922929650514,0.04542646190538001,0.025150167465010625,0,1,1,4,1em2,,0,0,,0
brusselator,odepe_shade,0.01,brusselator_5_1em2,1,1,140.8276629447937,4,0,6.329047404406185,8.349586278774652,20.32196162046909,11.726797303887652,0,0,0,5,1em2,,0,0,,0
brusselator,odepe_shade,0.01,brusselator_6_1em2,1,1,205.37099599838257,4,0,4.966432022242857,5.562169048373436,11.967346720444628,7.508961797212643,0,0,0,6,1em2,,0,0,,0
brusselator,odepe_shade,0.01,brusselator_7_1em2,1,1,813.1893870830536,4,0,0.9325094558514886,0.7759170793530792,1.238605514190315,0.905779205328039,0,0,0,7,1em2,,0,0,,0
brusselator,odepe_shade,0.01,brusselator_8_1em2,1,1,173.41828608512878,4,0,0.8765834528993781,0.7401685862345955,0.9764421392334619,0.7985279205060128,0,0,0,8,1em2,,0,0,,0
brusselator,odepe_shade,0.01,brusselator_9_1em2,1,1,531.6523518562317,4,0,0.00903455589254431,0.011182222928512587,0.02664111128218546,0.014869112838835505,0,1,1,9,1em2,,0,0,,0
crauste,odepe_shade,0.01,crauste_0_1em2,1,1,595.3113851547241,17,0,0.3956204890436073,2.1669003004364416,17.656716417910452,5.25178220925579,0,0,0,0,1em2,,0,0,,0
crauste,odepe_shade,0.01,crauste_1_1em2,1,1,155.47544693946838,17,0,0.9995697363404996,3.67732076676386,14.965306870877248,6.04850961937995,0,0,0,1,1em2,,0,0,,1
crauste,odepe_shade,0.01,crauste_2_1em2,1,1,564.5613701343536,17,0,0.8725272032690266,3.6729765274916493,32.89830508474577,9.529787256163749,0,0,0,2,1em2,,0,0,,0
crauste,odepe_shade,0.01,crauste_3_1em2,1,1,1969.5587630271912,17,0,0.9578830313957014,2.5703029582991723,13.265335235378034,5.190064022049369,0,0,0,3,1em2,,0,0,,1
crauste,odepe_shade,0.01,crauste_4_1em2,1,1,168.94296407699585,17,0,0.9616967630309035,2.818146485294063,16.854619174571706,5.301969942410034,0,0,0,4,1em2,,0,0,,0
crauste,odepe_shade,0.01,crauste_5_1em2,1,1,536.5947911739349,17,0,0.6496109292728299,3.368229314865695,28.498525073746315,8.507937841981684,0,0,0,5,1em2,,0,0,,4
crauste,odepe_shade,0.01,crauste_6_1em2,1,1,1556.117760181427,17,0,0.03693881740462984,0.5704343831833177,6.039615847838828,1.5246919037892719,0,0,0,6,1em2,,0,0,,0
crauste,odepe_shade,0.01,crauste_7_1em2,1,1,152.08029890060425,17,0,0.9995415310890814,2.1270604654914425,8.310411537823802,3.0748578072398747,0,0,0,7,1em2,,0,0,,1
crauste,odepe_shade,0.01,crauste_8_1em2,1,1,1168.694416999817,17,0,0.9994359275411513,6.948171490582705,61.89308176100629,18.16029241835921,0,0,0,8,1em2,,0,0,,0
crauste,odepe_shade,0.01,crauste_9_1em2,1,1,133.83207988739014,17,0,0.9921178477094992,2.1608529383172406,10.944566660484684,3.580565928852335,0,0,0,9,1em2,,0,0,,1
cstr,odepe_shade,0.01,cstr_0_1em2,1,1,359.3840789794922,7,0,0.0030346190012062397,0.42936284439637085,0.9999818281932813,0.6542278251157122,0,0,0,0,1em2,,0,0,,0
cstr,odepe_shade,0.01,cstr_1_1em2,1,1,363.4852249622345,7,0,0.025581564264207178,6.315027083099291,33.01360544155536,13.062162777137035,0,0,0,1,1em2,,0,0,,0
cstr,odepe_shade,0.01,cstr_2_1em2,1,1,448.0404598712921,7,0,0.3933413784104344,1.8820094953837756,11.202859946135646,4.2490379339798245,0,0,0,2,1em2,,0,0,,0
cstr,odepe_shade,0.01,cstr_3_1em2,1,1,367.8203399181366,7,0,0.01071997849075948,5.609598019205549,21.198777594774413,10.289448423410116,0,0,0,3,1em2,,0,0,,0
cstr,odepe_shade,0.01,cstr_4_1em2,1,1,652.8976588249207,7,0,0.28234313766102426,2.171715249199337,13.534883720930235,5.128947210812929,0,0,0,4,1em2,,0,0,,0
cstr,odepe_shade,0.01,cstr_5_1em2,1,1,713.7322192192078,7,0,0.22199193577599924,8.071169205143127,54.2486187845304,20.51080399952866,0,0,0,5,1em2,,0,0,,0
cstr,odepe_shade,0.01,cstr_6_1em2,1,1,496.9136130809784,7,0,0.06366093981834545,6.56779995635696,26.027027027027035,12.150143435452307,0,0,0,6,1em2,,0,0,,0
cstr,odepe_shade,0.01,cstr_7_1em2,1,1,565.3508639335632,7,0,0.07236801081395831,1.994255851558975,12.433612567108312,4.715996408963072,0,0,0,7,1em2,,0,0,,0
cstr,odepe_shade,0.01,cstr_8_1em2,1,1,543.8234179019928,7,0,0.020031620895155713,11.586378679366518,79.64516129032259,30.105403509523526,0,0,0,8,1em2,,0,0,,0
cstr,odepe_shade,0.01,cstr_9_1em2,1,1,5628.199949979782,7,0,0.07974288338734196,0.8189326067203846,4.161870052627387,1.6278909685817589,0,0,0,9,1em2,,0,0,,0
daisy_mamil3,odepe_shade,0.01,daisy_mamil3_0_1em2,1,1,309.02639293670654,8,0,0.08257491375969714,0.21395368353441896,0.7388763334762934,0.3392417575987596,0,0,0,0,1em2,,0,0,,0
daisy_mamil3,odepe_shade,0.01,daisy_mamil3_1_1em2,1,1,363.8887948989868,8,0,0.005184439781145711,0.016448833779031176,0.0857030398280455,0.031689898723800916,0,1,1,1,1em2,,0,0,,0
daisy_mamil3,odepe_shade,0.01,daisy_mamil3_2_1em2,1,1,319.8379399776459,8,0,0.012440353143987646,0.02712146566700203,0.07471738624667583,0.03963800150219826,0,1,1,2,1em2,,0,0,,0
daisy_mamil3,odepe_shade,0.01,daisy_mamil3_3_1em2,1,1,332.23021697998047,8,0,0.0071315589556626745,0.014042690336293533,0.05926873832958121,0.023213609398340513,0,1,1,3,1em2,,0,0,,0
daisy_mamil3,odepe_shade,0.01,daisy_mamil3_4_1em2,1,1,297.9444761276245,8,0,0.0316212394642218,0.08602739860536568,0.4137861358090536,0.1570115013084247,0,0,1,4,1em2,,0,0,,0
daisy_mamil3,odepe_shade,0.01,daisy_mamil3_5_1em2,1,1,335.90050292015076,8,0,0.07316827606860608,0.12318761871276081,0.31648536286141055,0.17547149719771288,0,0,1,5,1em2,,0,0,,0
daisy_mamil3,odepe_shade,0.01,daisy_mamil3_6_1em2,1,1,411.9646279811859,8,0,0.7177515810836249,2.8542363342742982,18.68503937007874,6.637190018819536,0,0,0,6,1em2,,0,0,,0
daisy_mamil3,odepe_shade,0.01,daisy_mamil3_7_1em2,1,1,355.10843992233276,8,0,0.005024382631312274,0.027052736401513178,0.15289432094388156,0.05585012829447619,0,0,1,7,1em2,,0,0,,0
daisy_mamil3,odepe_shade,0.01,daisy_mamil3_8_1em2,1,1,331.39842200279236,8,0,0.007301167694144288,0.006776873203218716,0.012622364216277429,0.007698808444852051,0,1,1,8,1em2,,0,0,,0
daisy_mamil3,odepe_shade,0.01,daisy_mamil3_9_1em2,1,1,346.1984009742737,8,0,0.028071016433855754,0.11560971760609416,0.613208972434538,0.2272825726306829,0,0,0,9,1em2,,0,0,,0
daisy_mamil4,odepe_shade,0.01,daisy_mamil4_0_1em2,1,1,525.309219121933,11,0,0.2387033923428166,0.2680295605285519,0.7547858186430649,0.3825039860158227,0,0,0,0,1em2,,0,0,,0
daisy_mamil4,odepe_shade,0.01,daisy_mamil4_1_1em2,1,1,463.94725608825684,11,0,0.3202275091196903,3.726322478684456,19.91113007880114,8.280829841081188,0,0,0,1,1em2,,0,0,,0
daisy_mamil4,odepe_shade,0.01,daisy_mamil4_2_1em2,1,1,435.1182518005371,11,0,0.03933513645763082,0.08457872538926295,0.48308485541655116,0.15868899604824283,0,0,1,2,1em2,,0,0,,0
daisy_mamil4,odepe_shade,0.01,daisy_mamil4_3_1em2,1,1,504.03031516075134,11,0,0.9743259341142971,0.9694177524730789,5.091191151859462,1.6782370684481351,0,0,0,3,1em2,,0,0,,0
daisy_mamil4,odepe_shade,0.01,daisy_mamil4_4_1em2,1,1,436.69638204574585,11,0,0.1038953125256993,0.3914108346338688,1.127035618455845,0.5900980488793041,0,0,0,4,1em2,,0,0,,0
daisy_mamil4,odepe_shade,0.01,daisy_mamil4_5_1em2,1,1,433.05514907836914,11,0,0.019981490848630226,0.14394765358141048,0.9999358974358974,0.31482518660856407,0,0,0,5,1em2,,0,0,,0
daisy_mamil4,odepe_shade,0.01,daisy_mamil4_6_1em2,1,1,404.9870069026947,11,0,0.5357386109724869,1.7745761874494042,12.430204737221889,3.9262012460364226,0,0,0,6,1em2,,0,0,,0
daisy_mamil4,odepe_shade,0.01,daisy_mamil4_7_1em2,1,1,417.0807421207428,11,0,0.008837623899607499,0.0619298452612169,0.2759751907534694,0.10956179232599518,0,0,1,7,1em2,,0,0,,0
daisy_mamil4,odepe_shade,0.01,daisy_mamil4_8_1em2,1,1,549.8049471378326,11,0,0.032515174811537095,0.7421755404890843,4.763424261488577,1.5233074396377924,0,0,0,8,1em2,,0,0,,0
daisy_mamil4,odepe_shade,0.01,daisy_mamil4_9_1em2,1,1,397.2189359664917,11,0,0.0827487260134832,0.30061849920325084,1.2113817412974817,0.5198189592050945,0,0,0,9,1em2,,0,0,,0
dc_motor,odepe_shade,0.01,dc_motor_0_1em2,1,1,219.70699882507324,4,0,0.008099056239502996,0.009866567367496635,0.02224760018153145,0.012526391891536289,0,1,1,0,1em2,,0,0,,0
dc_motor,odepe_shade,0.01,dc_motor_1_1em2,1,1,214.77683687210083,4,0,0.0066773775026313514,0.009513728083997584,0.02437854131056306,0.013384355825110028,0,1,1,1,1em2,,0,0,,0
dc_motor,odepe_shade,0.01,dc_motor_2_1em2,1,1,221.15561199188232,4,0,0.01259703190247495,0.027623036524070457,0.08490090103259026,0.04339431100881569,0,1,1,2,1em2,,0,0,,0
dc_motor,odepe_shade,0.01,dc_motor_3_1em2,1,1,184.98766589164734,4,0,0.008599766765793939,0.020560489790932595,0.06464986205488443,0.03322519692816155,0,1,1,3,1em2,,0,0,,0
dc_motor,odepe_shade,0.01,dc_motor_4_1em2,1,1,197.52086210250854,4,0,0.03451392270358875,0.08199874601451776,0.25882948035162945,0.13245556758738966,0,0,1,4,1em2,,0,0,,0
dc_motor,odepe_shade,0.01,dc_motor_5_1em2,1,1,192.40360307693481,4,0,0.005639929665089393,0.01650862534942092,0.05450387343368267,0.027559431085740955,0,1,1,5,1em2,,0,0,,0
dc_motor,odepe_shade,0.01,dc_motor_6_1em2,1,1,198.52688884735107,4,0,0.024102380202220188,0.030106119650181513,0.07208756125367077,0.039992114599950765,0,1,1,6,1em2,,0,0,,0
dc_motor,odepe_shade,0.01,dc_motor_7_1em2,1,1,187.790668964386,4,0,0.0062664558802544715,0.011941267799875298,0.03506963601994631,0.018276026687442097,0,1,1,7,1em2,,0,0,,0
dc_motor,odepe_shade,0.01,dc_motor_8_1em2,1,1,209.1131398677826,4,0,0.04637898580493657,0.04871623962986333,0.10165273607874718,0.06061262463496726,0,0,1,8,1em2,,0,0,,0
dc_motor,odepe_shade,0.01,dc_motor_9_1em2,1,1,204.3375608921051,4,0,0.022147304557848174,0.026457228926538012,0.06120962174828689,0.035794694540235046,0,1,1,9,1em2,,0,0,,0
fitzhugh_nagumo,odepe_shade,0.01,fitzhugh_nagumo_0_1em2,1,1,238.06634283065796,5,0,0.01891337884072278,0.5834109811290638,2.846174845879264,1.2729928374095048,0,0,0,0,1em2,,0,0,,0
fitzhugh_nagumo,odepe_shade,0.01,fitzhugh_nagumo_1_1em2,1,1,195.61697602272034,5,0,0.04776133476004961,0.2911407858421622,0.9999880525661096,0.4765287600698825,0,0,0,1,1em2,,0,0,,0
fitzhugh_nagumo,odepe_shade,0.01,fitzhugh_nagumo_2_1em2,1,1,287.2182970046997,5,0,0.14219471490123328,0.28628447183731376,0.9999616858237548,0.46154397738611563,0,0,0,2,1em2,,0,0,,0
fitzhugh_nagumo,odepe_shade,0.01,fitzhugh_nagumo_3_1em2,1,1,275.9396622180939,5,0,0.17752635533446023,0.5226473939812195,1.3043231491007956,0.7592999318014405,0,0,0,3,1em2,,0,0,,0
fitzhugh_nagumo,odepe_shade,0.01,fitzhugh_nagumo_4_1em2,1,1,175.18177700042725,5,0,0.15033717648356873,0.2983745075422068,0.9999585062039206,0.468571644168679,0,0,0,4,1em2,,0,0,,0
fitzhugh_nagumo,odepe_shade,0.01,fitzhugh_nagumo_5_1em2,1,1,310.1801278591156,5,0,0.02273309806768552,0.32172684934650997,1.1460917618181943,0.5462758228820008,0,0,0,5,1em2,,0,0,,0
fitzhugh_nagumo,odepe_shade,0.01,fitzhugh_nagumo_6_1em2,1,1,206.21696305274963,5,0,0.05404888795479969,0.37024918044406446,0.9999766355140187,0.5619538678198667,0,0,0,6,1em2,,0,0,,0
fitzhugh_nagumo,odepe_shade,0.01,fitzhugh_nagumo_7_1em2,1,1,200.6189260482788,5,0,0.2845357685844898,1.9942071727571407,8.467992892682844,3.8166830311975977,0,0,0,7,1em2,,0,0,,0
fitzhugh_nagumo,odepe_shade,0.01,fitzhugh_nagumo_8_1em2,1,1,240.84754586219788,5,0,0.08374353294839813,0.1250048872765267,0.436278111125533,0.20276659080688095,0,0,1,8,1em2,,0,0,,0
fitzhugh_nagumo,odepe_shade,0.01,fitzhugh_nagumo_9_1em2,1,1,182.47102093696594,5,0,0.09331839991289244,0.299490868966252,0.999986282578709,0.4749419308065794,0,0,0,9,1em2,,0,0,,0
flexible_arm,odepe_shade,0.01,flexible_arm_0_1em2,1,1,2234.8061048984528,9,0,0.8269342819005572,2.928487389122915,21.22222222222223,7.107176668993638,0,0,0,0,1em2,,0,0,,0
flexible_arm,odepe_shade,0.01,flexible_arm_1_1em2,1,1,1820.5534889698029,9,0,0.4375085207142051,1.3930932723274347,7.409047629609269,2.6053792872363553,0,0,0,1,1em2,,0,0,,0
flexible_arm,odepe_shade,0.01,flexible_arm_2_1em2,1,1,1042.240345954895,9,0,0.9950343563243916,0.6697279522173595,1.1088422191632743,0.7779962334450319,0,0,0,2,1em2,,0,0,,0
flexible_arm,odepe_shade,0.01,flexible_arm_3_1em2,1,1,675.3079469203949,9,0,0.0547423187003202,0.17420660513799946,0.8913753392411339,0.320158981974929,0,0,0,3,1em2,,0,0,,0
flexible_arm,odepe_shade,0.01,flexible_arm_4_1em2,1,1,652.327672958374,9,0,0.6326479411868005,0.6948576629673036,1.8912896671122523,0.8694566593194581,0,0,0,4,1em2,,0,0,,0
flexible_arm,odepe_shade,0.01,flexible_arm_5_1em2,1,1,2227.615942001343,9,0,0.37444640146069846,0.7933819540230385,3.012891380744037,1.202297278145274,0,0,0,5,1em2,,0,0,,0
flexible_arm,odepe_shade,0.01,flexible_arm_6_1em2,1,1,1436.021068096161,9,0,0.8258261410989773,1.4944549965855354,6.572054662677201,2.3564187980639812,0,0,0,6,1em2,,0,0,,0
flexible_arm,odepe_shade,0.01,flexible_arm_7_1em2,1,1,1363.948359966278,9,0,0.23758491511514163,0.5134279245273196,1.2240530962506093,0.6630547743199682,0,0,0,7,1em2,,0,0,,0
flexible_arm,odepe_shade,0.01,flexible_arm_8_1em2,1,1,612.6835010051727,9,0,0.9997683486922894,0.803535324458121,1.7346715243859865,0.9240895702477028,0,0,0,8,1em2,,0,0,,0
flexible_arm,odepe_shade,0.01,flexible_arm_9_1em2,1,1,1653.231197834015,9,0,0.44253661339612693,3.3673076224821608,26.472527472527474,8.84030814763797,0,0,0,9,1em2,,0,0,,0
forced_lotka_volterra,odepe_shade,0.01,forced_lotka_volterra_0_1em2,1,1,241.40806412696838,6,0,0.0008839946688213375,0.0008142159334731695,0.0010613079419956807,0.0008476275924752838,1,1,1,0,1em2,,0,0,,0
forced_lotka_volterra,odepe_shade,0.01,forced_lotka_volterra_1_1em2,1,1,327.6133680343628,6,0,0.0003243038041014126,0.0009402720887496345,0.0037333932672457973,0.001609582612712821,1,1,1,1,1em2,,0,0,,0
forced_lotka_volterra,odepe_shade,0.01,forced_lotka_volterra_2_1em2,1,1,253.08262491226196,6,0,0.9079344842412348,1.819190208967011,7.15290579901733,3.0157620087661186,0,0,0,2,1em2,,0,0,,0
forced_lotka_volterra,odepe_shade,0.01,forced_lotka_volterra_3_1em2,1,1,467.1082329750061,6,0,0.00026729796700666886,0.0014927171750139603,0.0075781816396291715,0.0031046641088197757,1,1,1,3,1em2,,0,0,,0
forced_lotka_volterra,odepe_shade,0.01,forced_lotka_volterra_4_1em2,1,1,290.6408851146698,6,0,0.98215938110001,1.8715532306579703,4.68363674427264,2.4931731657032183,0,0,0,4,1em2,,0,0,,0
forced_lotka_volterra,odepe_shade,0.01,forced_lotka_volterra_5_1em2,1,1,332.8816759586334,6,0,1.8889772698096974,7.136774899791067,22.577248285677637,11.14065050978644,0,0,0,5,1em2,,0,0,,0
forced_lotka_volterra,odepe_shade,0.01,forced_lotka_volterra_6_1em2,1,1,312.8363070487976,6,0,0.00036827788249466624,0.0011393895456788302,0.005086719466928539,0.002107280066913788,1,1,1,6,1em2,,0,0,,0
forced_lotka_volterra,odepe_shade,0.01,forced_lotka_volterra_7_1em2,1,1,501.59620809555054,6,0,0.0005841967158320418,0.002789856921522201,0.0146125240561498,0.0059818469915789,0,1,1,7,1em2,,0,0,,0
forced_lotka_volterra,odepe_shade,0.01,forced_lotka_volterra_8_1em2,1,1,321.7869839668274,6,0,0.9883622907033528,1.5601883317602399,3.780238206701352,2.092181875424058,0,0,0,8,1em2,,0,0,,0
forced_lotka_volterra,odepe_shade,0.01,forced_lotka_volterra_9_1em2,1,1,353.44720911979675,6,0,0.0006204647611618957,0.0011694037043427712,0.0037040358401609357,0.001655534189587816,1,1,1,9,1em2,,0,0,,0
harmonic_oscillator,odepe_shade,0.01,harmonic_oscillator_0_1em2,1,1,173.15686893463135,4,0,6.243670465586237e-05,5.291488383907888e-05,7.618428174466623e-05,5.865612342024413e-05,1,1,1,0,1em2,,0,0,,0
harmonic_oscillator,odepe_shade,0.01,harmonic_oscillator_1_1em2,1,1,210.98705005645752,4,0,4.667446451755392e-06,7.26865340618847e-06,1.907790449402116e-05,1.0288251577582814e-05,1,1,1,1,1em2,,0,0,,0
harmonic_oscillator,odepe_shade,0.01,harmonic_oscillator_2_1em2,1,1,204.5392360687256,4,0,2.805243418832416e-06,3.713334056346968e-06,8.81360999728351e-06,4.837474264334009e-06,1,1,1,2,1em2,,0,0,,0
harmonic_oscillator,odepe_shade,0.01,harmonic_oscillator_3_1em2,1,1,239.19050693511963,4,0,6.6718668043803024e-06,7.3098719927938614e-06,1.3413961362357475e-05,8.733786067384228e-06,1,1,1,3,1em2,,0,0,,0
harmonic_oscillator,odepe_shade,0.01,harmonic_oscillator_4_1em2,1,1,202.13329696655273,4,0,0.00011171227199703124,9.4538164832445e-05,0.000143174257159151,0.0001075396106681457,1,1,1,4,1em2,,0,0,,0
harmonic_oscillator,odepe_shade,0.01,harmonic_oscillator_5_1em2,1,1,282.5305359363556,4,0,2.2226822659071416e-05,2.2850518668984474e-05,2.8131022239790947e-05,2.3098005318836407e-05,1,1,1,5,1em2,,0,0,,0
harmonic_oscillator,odepe_shade,0.01,harmonic_oscillator_6_1em2,1,1,220.82978105545044,4,0,0.00016194849054583895,0.00028808172846841995,0.000711776613225045,0.00037840204211307937,1,1,1,6,1em2,,0,0,,0
harmonic_oscillator,odepe_shade,0.01,harmonic_oscillator_7_1em2,1,1,198.14885902404785,4,0,1.0554340132697731e-05,1.2248127098162939e-05,1.863547889883977e-05,1.2802560097395002e-05,1,1,1,7,1em2,,0,0,,0
harmonic_oscillator,odepe_shade,0.01,harmonic_oscillator_8_1em2,1,1,212.40169501304626,4,0,4.082308722557255e-05,0.00012926438516971673,0.00041864116580573007,0.00021178899600820758,1,1,1,8,1em2,,0,0,,0
harmonic_oscillator,odepe_shade,0.01,harmonic_oscillator_9_1em2,1,1,220.29985880851746,4,0,0.00010346212203781755,0.0001237639725234057,0.00024746332640806086,0.00014694964195975744,1,1,1,9,1em2,,0,0,,0
hiv,odepe_shade,0.01,hiv_0_1em2,1,1,522.5787451267242,15,0,0.0198197975493689,0.25004047105782784,0.9999716409481684,0.45158493071076383,0,0,0,0,1em2,,0,0,,0
hiv,odepe_shade,0.01,hiv_1_1em2,1,1,573.0322980880737,15,0,0.39036857477258213,0.5426722176519712,2.390203318348867,0.8418144841361231,0,0,0,1,1em2,,0,0,,0
hiv,odepe_shade,0.01,hiv_2_1em2,1,1,471.2985489368439,15,0,0.23441697081902355,0.3873944641774845,0.9998948958857894,0.5582872781665712,0,0,0,2,1em2,,0,0,,0
hiv,odepe_shade,0.01,hiv_3_1em2,1,1,535.5977160930634,15,0,0.032042529568587684,1.5963839538575613,22.09468822170901,5.711705249264598,0,0,0,3,1em2,,0,0,,0
hiv,odepe_shade,0.01,hiv_4_1em2,1,1,564.8945941925049,15,0,0.12499133208737417,0.4129624245109927,0.9999662162162162,0.5959852130538605,0,0,0,4,1em2,,0,0,,0
hiv,odepe_shade,0.01,hiv_5_1em2,1,1,509.70910596847534,15,0,0.9635833463985701,1.8919935423036867,20.281105083495063,5.28396350938656,0,0,0,5,1em2,,0,0,,1
hiv,odepe_shade,0.01,hiv_6_1em2,1,1,540.7482681274414,15,0,0.03056823631651069,0.18222546784622684,0.9999882075471699,0.3590487809519929,0,0,0,6,1em2,,0,0,,0
hiv,odepe_shade,0.01,hiv_7_1em2,1,1,1140.884999036789,15,0,0.990753263027345,2.2068506327092874,16.30103806228374,4.521112203124169,0,0,0,7,1em2,,0,0,,0
hiv,odepe_shade,0.01,hiv_8_1em2,1,1,1885.4085609912872,15,0,0.5680215869909686,6.468656272938863,80.3008130081301,20.889178748271764,0,0,0,8,1em2,,0,0,,2
hiv,odepe_shade,0.01,hiv_9_1em2,1,1,517.6937370300293,15,0,0.927223482015162,1.6286375034073954,14.504394292621875,3.8486964080705626,0,0,0,9,1em2,,0,0,,2
lotka_volterra,odepe_shade,0.01,lotka_volterra_0_1em2,1,1,254.83898210525513,5,0,0.0007656044564132038,0.0028466124661769817,0.011657321690965002,0.005247279153570794,0,1,1,0,1em2,,0,0,,0
lotka_volterra,odepe_shade,0.01,lotka_volterra_1_1em2,1,1,254.31679487228394,5,0,0.0010282173089305637,0.0018297493784555758,0.005128725199019907,0.0024655183864716926,1,1,1,1,1em2,,0,0,,0
lotka_volterra,odepe_shade,0.01,lotka_volterra_2_1em2,1,1,330.77074003219604,5,0,0.0019514770316551562,0.002697120932575601,0.00748807040315913,0.003651037071297993,1,1,1,2,1em2,,0,0,,0
lotka_volterra,odepe_shade,0.01,lotka_volterra_3_1em2,1,1,210.45918011665344,5,0,0.9866374077352661,1.9162533047126231,4.617649188303611,2.5460824292254816,0,0,0,3,1em2,,0,0,,0
lotka_volterra,odepe_shade,0.01,lotka_volterra_4_1em2,1,1,212.85466885566711,5,0,0.006223255967281348,0.007506621211112457,0.016885316699860525,0.009185370519107281,0,1,1,4,1em2,,0,0,,0
lotka_volterra,odepe_shade,0.01,lotka_volterra_5_1em2,1,1,202.86308002471924,5,0,0.0002658664981099906,0.00028637306906312824,0.0006270425459697599,0.0003445133774050693,1,1,1,5,1em2,,0,0,,0
lotka_volterra,odepe_shade,0.01,lotka_volterra_6_1em2,1,1,231.48241186141968,5,0,0.0034809744282131233,0.0038303310982926676,0.009183973008064257,0.004925487212623025,1,1,1,6,1em2,,0,0,,0
lotka_volterra,odepe_shade,0.01,lotka_volterra_7_1em2,1,1,246.6591579914093,5,0,0.00410295343858663,0.0044647871503652415,0.010053127426525624,0.005464569163490644,0,1,1,7,1em2,,0,0,,0
lotka_volterra,odepe_shade,0.01,lotka_volterra_8_1em2,1,1,263.34842801094055,5,0,0.0008711757524696171,0.0011632875882585717,0.0030079500773608535,0.0015047791694834114,1,1,1,8,1em2,,0,0,,0
lotka_volterra,odepe_shade,0.01,lotka_volterra_9_1em2,1,1,255.60646796226501,5,0,0.0005959966889949875,0.0005508732232544346,0.0010215422723668752,0.0006604646173880039,1,1,1,9,1em2,,0,0,,0
mass_spring_damper,odepe_shade,0.01,mass_spring_damper_0_1em2,1,1,224.2678349018097,5,0,0.00039124550698079315,0.0024682027270562746,0.009020617663975746,0.004196936179372121,1,1,1,0,1em2,,0,0,,0
mass_spring_damper,odepe_shade,0.01,mass_spring_damper_1_1em2,1,1,222.7541627883911,5,0,0.0011473262396343167,0.0009403006359608897,0.0012940233973875682,0.0010232820435612943,1,1,1,1,1em2,,0,0,,0
mass_spring_damper,odepe_shade,0.01,mass_spring_damper_2_1em2,1,1,242.5332841873169,5,0,0.0008888871591416997,0.0014048893055209233,0.004175087628667221,0.0020048481238828858,1,1,1,2,1em2,,0,0,,0
mass_spring_damper,odepe_shade,0.01,mass_spring_damper_3_1em2,1,1,227.73569989204407,5,0,0.00044701973205197904,0.014091797781924644,0.06896494361306557,0.030844153317434814,0,1,1,3,1em2,,0,0,,0
mass_spring_damper,odepe_shade,0.01,mass_spring_damper_4_1em2,1,1,218.7074089050293,5,0,0.0002526110025324879,0.0007693243692931684,0.0029504004406548574,0.0013388193466716577,1,1,1,4,1em2,,0,0,,0
mass_spring_damper,odepe_shade,0.01,mass_spring_damper_5_1em2,1,1,231.50877809524536,5,0,0.0005646438427011327,0.0013193548887230223,0.00329139145482532,0.0017524160191782457,1,1,1,5,1em2,,0,0,,0
mass_spring_damper,odepe_shade,0.01,mass_spring_damper_6_1em2,1,1,236.04669284820557,5,0,0.0008725832865696919,0.001340853981158041,0.0038955429334544232,0.0018682531868649595,1,1,1,6,1em2,,0,0,,0
mass_spring_damper,odepe_shade,0.01,mass_spring_damper_7_1em2,1,1,210.4775629043579,5,0,0.0014160651874621033,0.0016418908133273597,0.003998574732839261,0.002077846359955029,1,1,1,7,1em2,,0,0,,0
mass_spring_damper,odepe_shade,0.01,mass_spring_damper_8_1em2,1,1,276.5984570980072,5,0,0.0019156906441873832,0.003204507026567957,0.009217524218901825,0.004457406780709216,1,1,1,8,1em2,,0,0,,0
mass_spring_damper,odepe_shade,0.01,mass_spring_damper_9_1em2,1,1,208.93122792243958,5,0,0.0005643629072457502,0.002854179962171169,0.007783848955488702,0.00417186441068913,1,1,1,9,1em2,,0,0,,0
quadrotor,odepe_shade,0.01,quadrotor_0_1em2,1,1,196.96135091781616,4,0,0.005984069329841097,0.015603578510200134,0.04998890478548874,0.02550738584322441,0,1,1,0,1em2,,0,0,,0
quadrotor,odepe_shade,0.01,quadrotor_1_1em2,1,1,263.53349804878235,4,0,0.0026523721734540086,0.00687199408934969,0.021057367497233838,0.010709308624081081,0,1,1,1,1em2,,0,0,,0
quadrotor,odepe_shade,0.01,quadrotor_2_1em2,1,1,280.61401987075806,4,0,0.010843347217458065,0.010509130339794198,0.018828215728003087,0.012686954443216769,0,1,1,2,1em2,,0,0,,0
quadrotor,odepe_shade,0.01,quadrotor_3_1em2,1,1,202.0268099308014,4,0,0.004889827026507911,0.009643146504370589,0.02728616940129649,0.01418700858257691,0,1,1,3,1em2,,0,0,,0
quadrotor,odepe_shade,0.01,quadrotor_4_1em2,1,1,205.4092378616333,4,0,0.0025201894032989038,0.0023323966093307833,0.003958165416078088,0.002789736154176428,1,1,1,4,1em2,,0,0,,0
quadrotor,odepe_shade,0.01,quadrotor_5_1em2,1,1,194.59102392196655,4,0,0.004040374473972284,0.007591751635405063,0.022116504758872987,0.011421942603109459,0,1,1,5,1em2,,0,0,,0
quadrotor,odepe_shade,0.01,quadrotor_6_1em2,1,1,196.20466423034668,4,0,0.003309385304026317,0.004230495089869017,0.010208987448809248,0.005628464357481486,0,1,1,6,1em2,,0,0,,0
quadrotor,odepe_shade,0.01,quadrotor_7_1em2,1,1,200.7491729259491,4,0,0.005259608797738366,0.007074067958392747,0.015838323532754675,0.008842634049138851,0,1,1,7,1em2,,0,0,,0
quadrotor,odepe_shade,0.01,quadrotor_8_1em2,1,1,181.07825803756714,4,0,0.014284246508878672,0.04816943546535337,0.16083188668855583,0.08120648481968162,0,0,1,8,1em2,,0,0,,0
quadrotor,odepe_shade,0.01,quadrotor_9_1em2,1,1,197.0812270641327,4,0,0.0176899957738291,0.032433164490450105,0.09414956528967773,0.049553247103828,0,1,1,9,1em2,,0,0,,0
repressilator,odepe_shade,0.01,repressilator_0_1em2,1,1,438.7480421066284,9,0,0.0011018175588615687,0.002856568072209299,0.011442945610607037,0.004812334415826509,0,1,1,0,1em2,,0,0,,0
repressilator,odepe_shade,0.01,repressilator_1_1em2,1,1,436.5674479007721,9,0,0.005251884344820851,0.014651955950508071,0.0541894338435789,0.022782431628274605,0,1,1,1,1em2,,0,0,,0
repressilator,odepe_shade,0.01,repressilator_2_1em2,1,1,434.53090596199036,9,0,0.004806862000436756,0.007928455368844988,0.03284652115898872,0.012621250150795045,0,1,1,2,1em2,,0,0,,0
repressilator,odepe_shade,0.01,repressilator_3_1em2,1,1,420.2433841228485,9,0,0.001973301185222214,0.006653841646846219,0.01959555345069442,0.00960019641483078,0,1,1,3,1em2,,0,0,,0
repressilator,odepe_shade,0.01,repressilator_4_1em2,1,1,442.4844219684601,9,0,0.0071983765062040485,0.013792278775381476,0.06014626442231069,0.02275017404155333,0,1,1,4,1em2,,0,0,,0
repressilator,odepe_shade,0.01,repressilator_5_1em2,1,1,406.90448212623596,9,0,0.0036292217317255016,0.006047931865368046,0.017112409889326066,0.008596323557608474,0,1,1,5,1em2,,0,0,,0
repressilator,odepe_shade,0.01,repressilator_6_1em2,1,1,424.7150948047638,9,0,0.00662072803277124,0.032437647489397856,0.1883581090824431,0.06636000281079793,0,0,1,6,1em2,,0,0,,0
repressilator,odepe_shade,0.01,repressilator_7_1em2,1,1,537.6505270004272,9,0,0.0035856245873403143,0.005832406441609851,0.01661872542343628,0.007990461615557583,0,1,1,7,1em2,,0,0,,0
repressilator,odepe_shade,0.01,repressilator_8_1em2,1,1,449.36559796333313,9,0,0.0014447775067965882,0.016257901376448305,0.1008584080035958,0.03536747844792751,0,0,1,8,1em2,,0,0,,0
repressilator,odepe_shade,0.01,repressilator_9_1em2,1,1,467.35081911087036,9,0,0.00805600937525212,0.012532232346958674,0.04618795735155777,0.019281681999555433,0,1,1,9,1em2,,0,0,,0
seir,odepe_shade,0.01,seir_0_1em2,1,1,442.9030601978302,7,0,0.5193769312267279,0.3915713338949372,0.8317242882486235,0.5071659110528873,0,0,0,0,1em2,,0,0,,0
seir,odepe_shade,0.01,seir_1_1em2,1,1,334.34564995765686,7,0,0.3724577351394693,0.37838705763021796,0.9997525587363293,0.49402886870479845,0,0,0,1,1em2,,0,0,,0
seir,odepe_shade,0.01,seir_2_1em2,1,1,374.8930380344391,7,0,0.09543981357451997,0.08142789301951728,0.1788016524861159,0.1045697667709224,0,0,1,2,1em2,,0,0,,0
seir,odepe_shade,0.01,seir_3_1em2,1,1,456.8949570655823,7,0,0.053126475754665864,0.06264107321414746,0.11943224742548732,0.07399436099039174,0,0,1,3,1em2,,0,0,,0
seir,odepe_shade,0.01,seir_4_1em2,1,1,329.42822885513306,7,0,0.8760015363873743,10.405034020886736,69.42253521126763,26.24742108765547,0,0,0,4,1em2,,0,0,,0
seir,odepe_shade,0.01,seir_5_1em2,1,1,503.8537759780884,7,0,0.29064445548470985,2.3336930875704383,14.243902439024392,5.400616808532148,0,0,0,5,1em2,,0,0,,0
seir,odepe_shade,0.01,seir_6_1em2,1,1,402.8467149734497,7,0,0.36717678815751237,0.46331162857183283,1.137910734946934,0.6244151608619976,0,0,0,6,1em2,,0,0,,0
seir,odepe_shade,0.01,seir_7_1em2,1,1,335.0093128681183,7,0,0.12596069066804133,0.121028825161918,0.24379835478926973,0.15020846464287546,0,0,1,7,1em2,,0,0,,0
seir,odepe_shade,0.01,seir_8_1em2,1,1,428.64379596710205,7,0,0.833933379329939,3.580382803215063,13.970059880239523,6.325714661615948,0,0,0,8,1em2,,0,0,,0
seir,odepe_shade,0.01,seir_9_1em2,1,1,361.6907708644867,7,0,0.03131536176702496,0.03421325191627051,0.07863753446247977,0.04671776989609793,0,1,1,9,1em2,,0,0,,0
slow_fast,odepe_shade,0.01,slow_fast_0_1em2,1,1,562.1851840019226,8,0,0.0032219958915766377,0.015811134014144083,0.05872117526718338,0.026450714357412856,0,1,1,0,1em2,,0,0,,0
slow_fast,odepe_shade,0.01,slow_fast_1_1em2,1,1,466.0455379486084,8,0,0.5579193530346251,0.550574473172061,1.3681080919400166,0.7379772160298006,0,0,0,1,1em2,,0,0,,0
slow_fast,odepe_shade,0.01,slow_fast_2_1em2,1,1,473.3089919090271,8,0,0.00465096240782925,0.005857669851256829,0.020223222136660557,0.008461146713239628,0,1,1,2,1em2,,0,0,,0
slow_fast,odepe_shade,0.01,slow_fast_3_1em2,1,1,425.1685600280762,8,0,0.02748300711858003,0.04118124479677659,0.1321975641318978,0.059928775377715265,0,0,1,3,1em2,,0,0,,0
slow_fast,odepe_shade,0.01,slow_fast_4_1em2,1,1,391.37846302986145,8,0,0.019906263683899326,0.017932085434554546,0.03589140164609886,0.022646669546820885,0,1,1,4,1em2,,0,0,,0
slow_fast,odepe_shade,0.01,slow_fast_5_1em2,1,1,425.76127004623413,8,0,0.040702921198063007,0.04218823159901104,0.12536517071007594,0.05923068411138713,0,0,1,5,1em2,,0,0,,0
slow_fast,odepe_shade,0.01,slow_fast_6_1em2,1,1,453.9088261127472,8,0,0.9987003287304975,4.990207881564748,28.325513196480674,10.302064204312694,0,0,0,6,1em2,,0,0,,0
slow_fast,odepe_shade,0.01,slow_fast_7_1em2,1,1,505.13261580467224,8,0,0.19450651764928312,0.3041215312239707,0.8720276304875179,0.4441272778224875,0,0,0,7,1em2,,0,0,,0
slow_fast,odepe_shade,0.01,slow_fast_8_1em2,1,1,417.173465013504,8,0,0.1021738015457769,0.20760499990832598,0.8395329706393582,0.3407295213296789,0,0,0,8,1em2,,0,0,,0
slow_fast,odepe_shade,0.01,slow_fast_9_1em2,1,1,478.36194896698,8,0,0.010964081873675199,0.06774629203596445,0.22519787698925167,0.10847271861730497,0,0,1,9,1em2,,0,0,,0
sirt_treatment,odepe_shade,0.01,sirt_treatment_0_1em2,1,1,408.0241160392761,9,0,0.03979111338133201,0.25974914966028434,1.6897586949473398,0.5817514792435846,0,0,0,0,1em2,,0,0,,0
sirt_treatment,odepe_shade,0.01,sirt_treatment_1_1em2,1,1,416.88570499420166,9,0,0.024335424399645065,0.1378334410984834,0.99992,0.3357858121054546,0,0,0,1,1em2,,0,0,,0
sirt_treatment,odepe_shade,0.01,sirt_treatment_2_1em2,1,1,396.88085198402405,9,0,0.01578071119159972,0.17713844994354722,0.9734196648381499,0.34726437396524007,0,0,0,2,1em2,,0,0,,0
sirt_treatment,odepe_shade,0.01,sirt_treatment_3_1em2,1,1,373.7327811717987,9,0,0.029048422224531866,0.33889497111780736,2.1405857036391587,0.7391381849558751,0,0,0,3,1em2,,0,0,,0
sirt_treatment,odepe_shade,0.01,sirt_treatment_4_1em2,1,1,446.78313088417053,9,0,0.012262192645511915,0.07045123187464807,0.49685597974744056,0.1684033373777032,0,0,1,4,1em2,,0,0,,0
sirt_treatment,odepe_shade,0.01,sirt_treatment_5_1em2,1,1,402.5645809173584,9,0,0.025417344286797386,0.05176620057424411,0.241615834402412,0.08889909036752806,0,0,1,5,1em2,,0,0,,0
sirt_treatment,odepe_shade,0.01,sirt_treatment_6_1em2,1,1,384.548828125,9,0,0.012632484116074788,0.0754564444261705,0.3171671392267661,0.12711245864317458,0,0,1,6,1em2,,0,0,,0
sirt_treatment,odepe_shade,0.01,sirt_treatment_7_1em2,1,1,400.19082617759705,9,0,0.05735908402806622,0.4866777556820141,2.900201574156926,1.022319747245903,0,0,0,7,1em2,,0,0,,0
sirt_treatment,odepe_shade,0.01,sirt_treatment_8_1em2,1,1,407.86863112449646,9,0,0.07552571687985864,0.2916458546172813,1.7073459382697074,0.5920582950003793,0,0,0,8,1em2,,0,0,,0
sirt_treatment,odepe_shade,0.01,sirt_treatment_9_1em2,1,1,415.40702199935913,9,0,0.03531921561416248,0.08512116178081613,0.3845724170023817,0.14574219444746503,0,0,1,9,1em2,,0,0,,0
vanderpol,odepe_shade,0.01,vanderpol_0_1em2,1,1,213.1066210269928,4,0,1.6544997723907994e-05,6.190186224799496e-05,0.00020605860600448204,0.00010393022261812341,1,1,1,0,1em2,,0,0,,0
vanderpol,odepe_shade,0.01,vanderpol_1_1em2,1,1,228.85629105567932,4,0,9.276082533982197e-05,0.00020969384472613634,0.000647802745533479,0.00033306903925443663,1,1,1,1,1em2,,0,0,,0
vanderpol,odepe_shade,0.01,vanderpol_2_1em2,1,1,214.7056930065155,4,0,0.00017279398593446945,0.0001779941919699883,0.00035401640356809324,0.00023105512062413403,1,1,1,2,1em2,,0,0,,0
vanderpol,odepe_shade,0.01,vanderpol_3_1em2,1,1,195.1279261112213,4,0,8.620353962450396e-05,0.0001029934218671651,0.00023485394904728624,0.00013855259975541909,1,1,1,3,1em2,,0,0,,0
vanderpol,odepe_shade,0.01,vanderpol_4_1em2,1,1,208.86102604866028,4,0,4.471084647230851e-06,5.211058113697307e-06,9.286602357324282e-06,5.833458441697067e-06,1,1,1,4,1em2,,0,0,,0
vanderpol,odepe_shade,0.01,vanderpol_5_1em2,1,1,187.68457317352295,4,0,0.0030806138701825582,0.0032072860072621585,0.0066491835575383795,0.004307585629142743,1,1,1,5,1em2,,0,0,,0
vanderpol,odepe_shade,0.01,vanderpol_6_1em2,1,1,219.72445797920227,4,0,2.332670917665372e-05,8.232750117880436e-05,0.00028240006773127315,0.00014220458000721958,1,1,1,6,1em2,,0,0,,0
vanderpol,odepe_shade,0.01,vanderpol_7_1em2,1,1,214.3543689250946,4,0,6.6737323326223584e-06,6.6128944978603674e-06,1.1858761202224426e-05,8.070656522314807e-06,1,1,1,7,1em2,,0,0,,0
vanderpol,odepe_shade,0.01,vanderpol_8_1em2,1,1,238.88817191123962,4,0,0.00013749130773144463,0.00021014848704544326,0.0005003241947793868,0.0002730910264240431,1,1,1,8,1em2,,0,0,,0
vanderpol,odepe_shade,0.01,vanderpol_9_1em2,1,1,193.8476550579071,4,0,0.6486894724827299,3.0292174921828168,10.317408753220121,5.185317011672348,0,0,0,9,1em2,,0,0,,0
aircraft_pitch,odepe_v2_polish,0.0,aircraft_pitch_0_0,1,1,385.4212131500244,6,1,3.0275769895314523e-10,5.966246579128662e-10,1.5873026936557302e-09,7.965685604560562e-10,1,1,1,0,0,,0,0,,0
aircraft_pitch,odepe_v2_polish,0.0,aircraft_pitch_1_0,1,1,389.10904598236084,6,1,2.7613836923306307e-10,9.146963238283366e-10,4.01073603124017e-09,1.677474346190257e-09,1,1,1,1,0,,0,0,,0
aircraft_pitch,odepe_v2_polish,0.0,aircraft_pitch_2_0,1,1,444.8101990222931,6,1,1.0190394619498881e-10,1.5831376136535332e-09,8.396655435443283e-09,3.4461999156141275e-09,1,1,1,2,0,,0,0,,0
aircraft_pitch,odepe_v2_polish,0.0,aircraft_pitch_3_0,1,1,541.2328579425812,6,1,2.967358258121848e-10,3.5680574562862486e-09,2.0173736914573585e-08,8.239992927771505e-09,1,1,1,3,0,,0,0,,0
aircraft_pitch,odepe_v2_polish,0.0,aircraft_pitch_4_0,1,1,411.0468921661377,6,1,1.5039329040806273e-10,6.749369520213907e-10,2.8738727385191026e-09,1.2194503174997547e-09,1,1,1,4,0,,0,0,,0
aircraft_pitch,odepe_v2_polish,0.0,aircraft_pitch_5_0,1,1,784.3615000247955,6,1,6.010373156428889e-10,1.8393183629519323e-07,1.1013062955370617e-06,4.4960667787776905e-07,1,1,1,5,0,,0,0,,0
aircraft_pitch,odepe_v2_polish,0.0,aircraft_pitch_6_0,1,1,524.7730407714844,6,1,9.496467954805469e-11,1.0669907431882436e-09,5.726298910355451e-09,2.344187079099252e-09,1,1,1,6,0,,0,0,,0
aircraft_pitch,odepe_v2_polish,0.0,aircraft_pitch_7_0,1,1,434.70883297920227,6,1,1.8746233919403494e-10,2.7674879834519663e-10,8.761570440696438e-10,3.9360261093615857e-10,1,1,1,7,0,,0,0,,0
aircraft_pitch,odepe_v2_polish,0.0,aircraft_pitch_8_0,1,1,419.7502818107605,6,1,5.857636284244079e-11,6.739852489915946e-11,1.632429919449753e-10,8.42287897105906e-11,1,1,1,8,0,,0,0,,0
aircraft_pitch,odepe_v2_polish,0.0,aircraft_pitch_9_0,1,1,432.98943996429443,6,1,8.998384662317641e-11,1.913356492083771e-10,5.304681934745152e-10,2.6526039189060215e-10,1,1,1,9,0,,0,0,,0
bicycle_model,odepe_v2_polish,0.0,bicycle_model_0_0,1,1,479.3778028488159,5,0,2.6162405575291814e-12,4.923747825401526e-11,1.8550907936224607e-10,8.641178135549464e-11,1,1,1,0,0,,0,0,,0
bicycle_model,odepe_v2_polish,0.0,bicycle_model_1_0,1,1,462.42274498939514,5,0,1.0371917426066247e-12,9.700035507998547e-13,1.5764390569939724e-12,1.0713966931449571e-12,1,1,1,1,0,,0,0,,0
bicycle_model,odepe_v2_polish,0.0,bicycle_model_2_0,1,1,428.0692479610443,5,0,5.722274506088828e-13,8.750447092246119e-13,2.394328866628225e-12,1.1767624478853333e-12,1,1,1,2,0,,0,0,,0
bicycle_model,odepe_v2_polish,0.0,bicycle_model_3_0,1,1,488.4097878932953,5,0,7.626497188322287e-13,7.517186410173866e-13,1.6701679617151265e-12,9.518798386442637e-13,1,1,1,3,0,,0,0,,0
bicycle_model,odepe_v2_polish,0.0,bicycle_model_4_0,1,1,482.81676602363586,5,0,3.8457799036831705e-12,3.405702269657712e-11,1.0274546825666964e-10,5.2690287642941814e-11,1,1,1,4,0,,0,0,,0
bicycle_model,odepe_v2_polish,0.0,bicycle_model_5_0,1,1,428.11949586868286,5,0,7.873922160462104e-14,8.867100470296488e-14,1.4767487080972973e-13,9.48761519236203e-14,1,1,1,5,0,,0,0,,0
bicycle_model,odepe_v2_polish,0.0,bicycle_model_6_0,1,1,537.0032749176025,5,0,1.0296917355853291e-12,5.724223982407325e-12,1.4817729790477062e-11,8.306026693828584e-12,1,1,1,6,0,,0,0,,0
bicycle_model,odepe_v2_polish,0.0,bicycle_model_7_0,1,1,541.2361979484558,5,0,2.8989797575471944e-12,6.978933207066468e-10,2.5623649822795618e-09,1.2174108427779989e-09,1,1,1,7,0,,0,0,,0
bicycle_model,odepe_v2_polish,0.0,bicycle_model_8_0,1,1,469.71146988868713,5,0,2.562889381203238e-12,3.0290033733999125e-12,4.587138868254422e-12,3.160514064635226e-12,1,1,1,8,0,,0,0,,0
bicycle_model,odepe_v2_polish,0.0,bicycle_model_9_0,1,1,482.61147904396057,5,0,5.202255234283908e-13,5.3299329921465e-13,8.775452977741379e-13,5.84634000922851e-13,1,1,1,9,0,,0,0,,0
biohydrogenation,odepe_v2_polish,0.0,biohydrogenation_0_0,1,1,59464.828953027725,9,1,1.4008534126326841e-12,9.192296390492314e-12,3.863996134405995e-11,1.540498474643244e-11,1,1,1,0,0,,0,0,,0
biohydrogenation,odepe_v2_polish,0.0,biohydrogenation_1_0,1,1,20598.198372125626,9,1,7.262708952756233e-13,5.939759619851981e-12,2.7575480805771154e-11,1.1208844150650746e-11,1,1,1,1,0,,0,0,,0
biohydrogenation,odepe_v2_polish,0.0,biohydrogenation_2_0,1,1,13026.346199989319,9,1,5.619402650434076e-13,1.340728327223157e-10,1.084510798754445e-09,3.6252327006277535e-10,1,1,1,2,0,,0,0,,0
biohydrogenation,odepe_v2_polish,0.0,biohydrogenation_3_0,1,1,27282.982882976532,9,1,4.862522598310562e-13,1.2968782369208334e-11,9.162338262472453e-11,3.1086959447389115e-11,1,1,1,3,0,,0,0,,0
biohydrogenation,odepe_v2_polish,0.0,biohydrogenation_4_0,1,1,21212.685731887817,9,1,1.3349110177040572e-13,2.3423285019775855e-13,8.834953801929615e-13,3.6604616945058507e-13,1,1,1,4,0,,0,0,,0
biohydrogenation,odepe_v2_polish,0.0,biohydrogenation_5_0,1,1,33483.711246967316,9,1,8.754009168591708e-12,2.2139743224196178e-11,6.979371329240327e-11,3.404964667309444e-11,1,1,1,5,0,,0,0,,0
biohydrogenation,odepe_v2_polish,0.0,biohydrogenation_6_0,1,1,16302.851437091827,9,1,1.1127207142193638e-13,2.997851507138237e-11,2.47980256269609e-10,8.291458791842593e-11,1,1,1,6,0,,0,0,,0
biohydrogenation,odepe_v2_polish,0.0,biohydrogenation_7_0,1,1,29746.26447582245,9,1,4.8693992308120896e-14,4.629729348547142e-13,2.2304407577445055e-12,8.833266500071587e-13,1,1,1,7,0,,0,0,,0
biohydrogenation,odepe_v2_polish,0.0,biohydrogenation_8_0,0,0,0.0,9,1,,,,,0,0,0,8,0,,0,0,,0
biohydrogenation,odepe_v2_polish,0.0,biohydrogenation_9_0,1,1,20412.879267930984,9,1,1.2770773520254692e-13,4.285572574159967e-12,1.732962890238038e-11,7.67765029446428e-12,1,1,1,9,0,,0,0,,0
boost_converter,odepe_v2_polish,0.0,boost_converter_0_0,1,1,739.4702999591827,5,0,9.871640674020829e-13,1.3213580185546296e-09,6.060224564998117e-09,2.721137752623153e-09,1,1,1,0,0,,0,0,,0
boost_converter,odepe_v2_polish,0.0,boost_converter_1_0,1,1,681.4381048679352,5,0,4.1273937200091304e-08,8.701797159336237e-08,3.0817020902386584e-07,1.411603113124309e-07,1,1,1,1,0,,0,0,,0
boost_converter,odepe_v2_polish,0.0,boost_converter_2_0,1,1,591.6198880672455,5,0,3.5084389237399204e-13,1.2072423163623407e-12,5.061132655913998e-12,2.277621287761986e-12,1,1,1,2,0,,0,0,,0
boost_converter,odepe_v2_polish,0.0,boost_converter_3_0,1,1,695.2681980133057,5,0,3.021105318678276e-11,1.8591322667545012e-10,8.222811408708289e-10,3.6875804291752334e-10,1,1,1,3,0,,0,0,,0
boost_converter,odepe_v2_polish,0.0,boost_converter_4_0,1,1,696.4362149238586,5,0,4.368757607927683e-10,3.082496428036397e-09,1.3184183499025422e-08,5.950345063717787e-09,1,1,1,4,0,,0,0,,0
boost_converter,odepe_v2_polish,0.0,boost_converter_5_0,1,1,740.8463611602783,5,0,4.619320798886813e-12,5.096181647079324e-09,1.8580724635664965e-08,8.863273822276905e-09,1,1,1,5,0,,0,0,,0
boost_converter,odepe_v2_polish,0.0,boost_converter_6_0,1,1,717.5792269706726,5,0,0.00016246384156317026,0.00024242183334814254,0.0007106896602745741,0.0003412745634262926,1,1,1,6,0,,0,0,,0
boost_converter,odepe_v2_polish,0.0,boost_converter_7_0,1,1,661.6397929191589,5,0,1.2511142714049987e-13,1.1314192019929483e-13,1.834170296442943e-13,1.2411592987127567e-13,1,1,1,7,0,,0,0,,0
boost_converter,odepe_v2_polish,0.0,boost_converter_8_0,1,1,650.8684940338135,5,0,9.19476338608378e-08,1.3573547428602237e-07,3.836061055420843e-07,1.8565907162270768e-07,1,1,1,8,0,,0,0,,0
boost_converter,odepe_v2_polish,0.0,boost_converter_9_0,1,1,745.8651750087738,5,0,5.226793992839193e-05,0.00012324143922355394,0.00036034217247528686,0.00017752856755245307,1,1,1,9,0,,0,0,,0
brusselator,odepe_v2_polish,0.0,brusselator_0_0,1,1,438.0639958381653,4,0,6.278487430132185e-14,6.855544538839339e-14,1.4628527844107e-13,8.692137331004166e-14,1,1,1,0,0,,0,0,,0
brusselator,odepe_v2_polish,0.0,brusselator_1_0,1,1,651.0544350147247,4,0,8.539886261398897e-13,8.589448518063792e-13,1.704889041458793e-12,1.086801902061438e-12,1,1,1,1,0,,0,0,,0
brusselator,odepe_v2_polish,0.0,brusselator_2_0,1,1,1072.898449897766,4,0,2.4048622899179147e-14,2.6530172359568773e-14,5.645659662935711e-14,3.29896828917113e-14,1,1,1,2,0,,0,0,,0
brusselator,odepe_v2_polish,0.0,brusselator_3_0,1,1,554.3660039901733,4,0,2.614751448869168e-13,2.660587308145208e-13,5.326708341552613e-13,3.466481743492324e-13,1,1,1,3,0,,0,0,,0
brusselator,odepe_v2_polish,0.0,brusselator_4_0,1,1,687.9010968208313,4,0,2.2308696821660122e-12,5.3718837838151936e-12,1.7025362090059757e-11,8.730176848402067e-12,1,1,1,4,0,,0,0,,0
brusselator,odepe_v2_polish,0.0,brusselator_5_0,1,1,362.4243791103363,4,0,0.2979158149186817,0.29720440736872816,0.5929859996349078,0.399043882402914,0,0,0,5,0,,0,0,,0
brusselator,odepe_v2_polish,0.0,brusselator_6_0,1,1,435.17676997184753,4,0,0.017435119498844708,0.03753820072660886,0.11528256390874601,0.05941343677032872,0,0,1,6,0,,0,0,,0
brusselator,odepe_v2_polish,0.0,brusselator_7_0,1,1,3283.801427125931,4,0,4.958267763472031e-11,4.902000706687975e-11,9.681222822044169e-11,6.079207831478158e-11,1,1,1,7,0,,0,0,,0
brusselator,odepe_v2_polish,0.0,brusselator_8_0,1,1,382.35197496414185,4,0,1.6199195070792176,1.845725279616652,4.0851434978001215,2.4246444058728542,0,0,0,8,0,,0,0,,0
brusselator,odepe_v2_polish,0.0,brusselator_9_0,1,1,650.4680829048157,4,0,1.4545855526267804e-13,1.5540724984395485e-13,3.3071188885046327e-13,2.1912415126146912e-13,1,1,1,9,0,,0,0,,0
crauste,odepe_v2_polish,0.0,crauste_0_0,1,1,7316.166851043701,17,0,2.323146396037882e-08,6.25624993909005e-06,4.0965295366667565e-05,1.3874712217863246e-05,1,1,1,0,0,,0,0,,0
crauste,odepe_v2_polish,0.0,crauste_1_0,1,1,69478.57864689827,17,0,2.9653596380188374e-13,6.301607494272414e-11,6.251257863247635e-10,1.8322136182350366e-10,1,1,1,1,0,,0,0,,1
crauste,odepe_v2_polish,0.0,crauste_2_0,1,1,73288.52578401566,17,0,5.574165208035077e-12,1.0483545791423667e-09,1.2660559441296051e-08,3.201917883823065e-09,1,1,1,2,0,,0,0,,0
crauste,odepe_v2_polish,0.0,crauste_3_0,1,1,76352.21260499954,17,0,5.476891468164947e-12,3.6594560319716604e-10,2.916315469349148e-09,9.232865663995843e-10,1,1,1,3,0,,0,0,,1
crauste,odepe_v2_polish,0.0,crauste_4_0,1,1,97148.82224416733,17,0,1.1030254685497909e-13,1.400263319822873e-11,1.2043995965010312e-10,3.5251091099921277e-11,1,1,1,4,0,,0,0,,0
crauste,odepe_v2_polish,0.0,crauste_5_0,1,1,98125.73540496826,17,0,2.3393071991291214e-10,1.9731594511019462e-07,2.398754239980024e-06,6.114716612855294e-07,1,1,1,5,0,,0,0,,4
crauste,odepe_v2_polish,0.0,crauste_6_0,1,1,9069.389738798141,17,0,3.973229660045509e-13,1.5292492748670067e-10,1.7397379833046973e-09,4.6378479359898717e-10,1,1,1,6,0,,0,0,,0
crauste,odepe_v2_polish,0.0,crauste_7_0,1,1,69681.61395096779,17,0,2.3245795219785027e-13,2.83688036028374e-11,2.342501084430152e-10,7.586304163816986e-11,1,1,1,7,0,,0,0,,1
crauste,odepe_v2_polish,0.0,crauste_8_0,1,1,81244.36395096779,17,0,3.0044193254110593e-13,1.0239814138484497e-10,1.0209792480356337e-09,2.990059114066082e-10,1,1,1,8,0,,0,0,,0
crauste,odepe_v2_polish,0.0,crauste_9_0,1,1,105632.74554300308,17,0,1.2472793011900775e-12,8.390264629900762e-11,9.191846192920952e-10,2.5027313376980785e-10,1,1,1,9,0,,0,0,,1
cstr,odepe_v2_polish,0.0,cstr_0_0,1,1,5136.658195018768,7,0,5.649600248212922e-06,5.440804835793338e-05,0.0001886372337800943,9.753621824952933e-05,1,1,1,0,0,,0,0,,0
cstr,odepe_v2_polish,0.0,cstr_1_0,1,1,3130.0686440467834,7,0,3.211628815344651e-05,2.7485493201178186e-05,7.315067615682053e-05,3.608226286622066e-05,1,1,1,1,0,,0,0,,0
cstr,odepe_v2_polish,0.0,cstr_2_0,1,1,2277.105364084244,7,0,8.148472207058797e-09,1.541149779874903e-07,5.01550164757679e-07,2.5039566285545325e-07,1,1,1,2,0,,0,0,,0
cstr,odepe_v2_polish,0.0,cstr_3_0,1,1,3081.7511100769043,7,0,5.993651090120069e-07,0.0027696559478141655,0.009696118489397066,0.00517432287521103,1,1,1,3,0,,0,0,,0
cstr,odepe_v2_polish,0.0,cstr_4_0,1,1,2553.2740149497986,7,0,0.300379331420068,0.3205471310110644,0.9332551033266129,0.43670394038148397,0,0,0,4,0,,0,0,,0
cstr,odepe_v2_polish,0.0,cstr_5_0,1,1,2384.9586951732635,7,0,0.4661927742849965,0.456948257663152,0.915400572894585,0.5637054260756553,0,0,0,5,0,,0,0,,0
cstr,odepe_v2_polish,0.0,cstr_6_0,1,1,3117.751939058304,7,0,3.85873795602965e-09,8.646133394084992e-09,2.4899723156351124e-08,1.2487286203933533e-08,1,1,1,6,0,,0,0,,0
cstr,odepe_v2_polish,0.0,cstr_7_0,1,1,2902.2677438259125,7,0,0.7503386070979899,0.5303047923572567,0.9862279647435898,0.6994409832621371,0,0,0,7,0,,0,0,,0
cstr,odepe_v2_polish,0.0,cstr_8_0,1,1,3682.2787981033325,7,0,0.9216667334878268,0.7400178398742259,1.0930916445166348,0.837286522956317,0,0,0,8,0,,0,0,,0
cstr,odepe_v2_polish,0.0,cstr_9_0,1,1,2786.584979057312,7,0,0.36700636340725806,0.4761353019238614,0.9681974712171053,0.5900757698857633,0,0,0,9,0,,0,0,,0
daisy_mamil3,odepe_v2_polish,0.0,daisy_mamil3_0_0,1,1,769.0574698448181,8,0,1.1242843405077947e-13,2.713736524895023e-13,9.933020040052396e-13,4.301968983775568e-13,1,1,1,0,0,,0,0,,0
daisy_mamil3,odepe_v2_polish,0.0,daisy_mamil3_1_0,1,1,764.7747511863708,8,0,6.2329995067623415e-15,8.802004981865885e-15,2.4153707024287757e-14,1.1975101413287035e-14,1,1,1,1,0,,0,0,,0
daisy_mamil3,odepe_v2_polish,0.0,daisy_mamil3_2_0,1,1,857.0129239559174,8,0,4.2874153475252226e-14,1.4824884407976624e-13,5.662137425588298e-13,2.527431095490934e-13,1,1,1,2,0,,0,0,,0
daisy_mamil3,odepe_v2_polish,0.0,daisy_mamil3_3_0,1,1,890.0857520103455,8,0,1.705974151468215e-14,2.4352452144724704e-14,8.538844791578817e-14,3.5181549900430425e-14,1,1,1,3,0,,0,0,,0
daisy_mamil3,odepe_v2_polish,0.0,daisy_mamil3_4_0,1,1,889.9375128746033,8,0,9.683531099450087e-14,1.3182898742316e-13,4.613544891700207e-13,1.9101400737957407e-13,1,1,1,4,0,,0,0,,0
daisy_mamil3,odepe_v2_polish,0.0,daisy_mamil3_5_0,1,1,943.0805449485779,8,0,4.174619141765391e-13,7.092434288440433e-13,1.675160648764877e-12,1.0068228208539728e-12,1,1,1,5,0,,0,0,,0
daisy_mamil3,odepe_v2_polish,0.0,daisy_mamil3_6_0,1,1,697.7468249797821,8,0,1.4094895587158056e-14,2.4455243360915775e-14,7.806806347761021e-14,3.5232486974266914e-14,1,1,1,6,0,,0,0,,0
daisy_mamil3,odepe_v2_polish,0.0,daisy_mamil3_7_0,1,1,748.6970810890198,8,0,5.350919118864428e-14,3.534638367484231e-13,1.9360798972253744e-12,7.171840118446879e-13,1,1,1,7,0,,0,0,,0
daisy_mamil3,odepe_v2_polish,0.0,daisy_mamil3_8_0,1,1,805.5037031173706,8,0,3.127956070558807e-14,3.278808238698232e-14,5.6119826135109335e-14,3.785063871038167e-14,1,1,1,8,0,,0,0,,0
daisy_mamil3,odepe_v2_polish,0.0,daisy_mamil3_9_0,1,1,694.284373998642,8,0,1.3168953107476857e-13,4.943336144184177e-13,2.5488218734352185e-12,9.509929276605736e-13,1,1,1,9,0,,0,0,,0
daisy_mamil4,odepe_v2_polish,0.0,daisy_mamil4_0_0,1,1,13126.916149139404,11,0,3.934474578496169e-13,4.4107150225125556e-13,1.7548626225935345e-12,6.714169285657393e-13,1,1,1,0,0,,0,0,,0
daisy_mamil4,odepe_v2_polish,0.0,daisy_mamil4_1_0,1,1,4546.333558082581,11,0,8.193136913337139e-13,2.564998012936007e-12,1.2741682283228714e-11,4.630165950289682e-12,1,1,1,1,0,,0,0,,0
daisy_mamil4,odepe_v2_polish,0.0,daisy_mamil4_2_0,1,1,2676.2454240322113,11,0,1.0575344743039627e-13,1.0352806104614486e-13,4.156167005469451e-13,1.534432257047484e-13,1,1,1,2,0,,0,0,,0
daisy_mamil4,odepe_v2_polish,0.0,daisy_mamil4_3_0,1,1,8238.489639997482,11,0,2.1688077690351896e-13,1.4092530325464398e-12,6.5280272769910246e-12,2.581995354137104e-12,1,1,1,3,0,,0,0,,0
daisy_mamil4,odepe_v2_polish,0.0,daisy_mamil4_4_0,1,1,11170.997318983078,11,0,1.0916418861377063e-12,3.900225886685796e-12,1.1760096442758173e-11,6.157390022595958e-12,1,1,1,4,0,,0,0,,0
daisy_mamil4,odepe_v2_polish,0.0,daisy_mamil4_5_0,1,1,6748.804151058197,11,0,1.1165239498500439e-13,3.2191195167348226e-13,2.1371793224034263e-12,6.744572318454695e-13,1,1,1,5,0,,0,0,,0
daisy_mamil4,odepe_v2_polish,0.0,daisy_mamil4_6_0,1,1,9290.242227077484,11,0,1.2778410656431642e-13,7.539685225669239e-13,2.3346709181300165e-12,1.193559304843086e-12,1,1,1,6,0,,0,0,,0
daisy_mamil4,odepe_v2_polish,0.0,daisy_mamil4_7_0,1,1,4312.63823390007,11,0,6.355069727164689e-14,5.581335618457277e-13,4.0457459265681994e-12,1.2928020463390388e-12,1,1,1,7,0,,0,0,,0
daisy_mamil4,odepe_v2_polish,0.0,daisy_mamil4_8_0,1,1,31974.909304857254,11,0,6.145843954338405e-10,1.301138357075107e-08,1.1355692263707788e-07,3.487213471654771e-08,1,1,1,8,0,,0,0,,0
daisy_mamil4,odepe_v2_polish,0.0,daisy_mamil4_9_0,1,1,3232.361364841461,11,0,2.719787012428684e-13,5.065322468817447e-13,1.754945395353908e-12,7.938823222682622e-13,1,1,1,9,0,,0,0,,0
dc_motor,odepe_v2_polish,0.0,dc_motor_0_0,1,1,304.3122651576996,4,0,8.200556270443406e-12,2.0050872961947935e-11,6.375078458658876e-11,3.253186001474161e-11,1,1,1,0,0,,0,0,,0
dc_motor,odepe_v2_polish,0.0,dc_motor_1_0,1,1,311.6055040359497,4,0,2.6328654706317833e-12,2.8117192951578205e-12,5.704007860288353e-12,3.5652202750257543e-12,1,1,1,1,0,,0,0,,0
dc_motor,odepe_v2_polish,0.0,dc_motor_2_0,1,1,340.4101710319519,4,0,3.772304158524351e-11,3.649601530755946e-11,7.019861474863567e-11,4.8097966125072135e-11,1,1,1,2,0,,0,0,,0
dc_motor,odepe_v2_polish,0.0,dc_motor_3_0,1,1,292.4731240272522,4,0,8.291632258920368e-13,2.027516183598901e-12,6.426748022647644e-12,3.2894063308218693e-12,1,1,1,3,0,,0,0,,0
dc_motor,odepe_v2_polish,0.0,dc_motor_4_0,1,1,417.4043288230896,4,0,1.2494580691022407e-12,1.4392455855277486e-11,5.5065396686870827e-11,2.7555445339886773e-11,1,1,1,4,0,,0,0,,0
dc_motor,odepe_v2_polish,0.0,dc_motor_5_0,1,1,283.2710030078888,4,0,2.413842566085357e-12,1.625101119395237e-11,5.917542225976162e-11,2.964654924753997e-11,1,1,1,5,0,,0,0,,0
dc_motor,odepe_v2_polish,0.0,dc_motor_6_0,1,1,331.22686886787415,4,0,8.259803202401506e-13,8.71244575424122e-13,1.8147565435286693e-12,1.080744039733352e-12,1,1,1,6,0,,0,0,,0
dc_motor,odepe_v2_polish,0.0,dc_motor_7_0,1,1,301.1967611312866,4,0,1.576718140118242e-11,1.8787425847728923e-11,4.3548659510547444e-11,2.546270103176741e-11,1,1,1,7,0,,0,0,,0
dc_motor,odepe_v2_polish,0.0,dc_motor_8_0,1,1,347.1136419773102,4,0,6.463676268508714e-12,2.480967214146847e-11,8.62215088932277e-11,4.337100552535222e-11,1,1,1,8,0,,0,0,,0
dc_motor,odepe_v2_polish,0.0,dc_motor_9_0,1,1,316.3461787700653,4,0,1.3081618607403144e-12,1.2331850054153203e-12,2.120631461406935e-12,1.4104974697858727e-12,1,1,1,9,0,,0,0,,0
fitzhugh_nagumo,odepe_v2_polish,0.0,fitzhugh_nagumo_0_0,1,1,438.5443880558014,5,0,2.595345349612654e-13,2.0151305256850853e-12,8.132974199541307e-12,3.6987030028864525e-12,1,1,1,0,0,,0,0,,0
fitzhugh_nagumo,odepe_v2_polish,0.0,fitzhugh_nagumo_1_0,1,1,493.3741171360016,5,0,1.1501983217475026e-13,2.5390387612922433e-12,9.356381327480202e-12,4.417942675175149e-12,1,1,1,1,0,,0,0,,0
fitzhugh_nagumo,odepe_v2_polish,0.0,fitzhugh_nagumo_2_0,1,1,476.551481962204,5,0,2.5020243525972728e-12,3.9304313067770106e-12,1.2250311450643632e-11,5.819296856232041e-12,1,1,1,2,0,,0,0,,0
fitzhugh_nagumo,odepe_v2_polish,0.0,fitzhugh_nagumo_3_0,1,1,340.0858669281006,5,0,5.746018213842611e-12,1.545819348218459e-11,3.478659752514158e-11,2.1939483082845178e-11,1,1,1,3,0,,0,0,,0
fitzhugh_nagumo,odepe_v2_polish,0.0,fitzhugh_nagumo_4_0,1,1,367.0581040382385,5,0,2.6556024301666104e-12,1.0810537905090967e-11,4.5015743092552937e-11,2.0280466576077912e-11,1,1,1,4,0,,0,0,,0
fitzhugh_nagumo,odepe_v2_polish,0.0,fitzhugh_nagumo_5_0,1,1,511.56134486198425,5,0,3.8311794538294335e-13,3.4803827135636894e-12,9.769808419059068e-12,5.391816665483422e-12,1,1,1,5,0,,0,0,,0
fitzhugh_nagumo,odepe_v2_polish,0.0,fitzhugh_nagumo_6_0,1,1,392.93702697753906,5,0,3.1184835923351404e-13,1.1333027026231375e-12,4.637386009985102e-12,2.0928941477774315e-12,1,1,1,6,0,,0,0,,0
fitzhugh_nagumo,odepe_v2_polish,0.0,fitzhugh_nagumo_7_0,1,1,472.0733790397644,5,0,2.3408485462462314e-13,1.1334153887184423e-12,2.996711136773135e-12,1.7004807547639996e-12,1,1,1,7,0,,0,0,,0
fitzhugh_nagumo,odepe_v2_polish,0.0,fitzhugh_nagumo_8_0,1,1,447.7078950405121,5,0,6.849844765473753e-13,1.88521777062721e-12,6.645918383520034e-12,3.0801739344407723e-12,1,1,1,8,0,,0,0,,0
fitzhugh_nagumo,odepe_v2_polish,0.0,fitzhugh_nagumo_9_0,1,1,339.59672498703003,5,0,3.424752650257469e-12,2.1819050616345373e-11,9.621963338878233e-11,4.317260187924673e-11,1,1,1,9,0,,0,0,,0
flexible_arm,odepe_v2_polish,0.0,flexible_arm_0_0,1,1,14665.303812026978,9,0,4.83093448005359e-13,8.654187925595551e-13,4.448663659673002e-12,1.5424520739183688e-12,1,1,1,0,0,,0,0,,0
flexible_arm,odepe_v2_polish,0.0,flexible_arm_1_0,1,1,3963.214354991913,9,0,4.3620237962048495e-13,4.3765735872735233e-13,9.491957377539168e-13,4.97911673335527e-13,1,1,1,1,0,,0,0,,0
flexible_arm,odepe_v2_polish,0.0,flexible_arm_2_0,1,1,4383.912178993225,9,0,2.5387352440233956e-13,6.054499763941528e-13,2.0704159107874543e-12,8.63319750217539e-13,1,1,1,2,0,,0,0,,0
flexible_arm,odepe_v2_polish,0.0,flexible_arm_3_0,1,1,2197.1157870292664,9,0,1.9790136946366053e-13,2.7315468841225787e-13,9.054805967072706e-13,3.7476776682948493e-13,1,1,1,3,0,,0,0,,0
flexible_arm,odepe_v2_polish,0.0,flexible_arm_4_0,1,1,2628.6543719768524,9,0,3.491898914394282e-13,4.545975483521658e-13,8.96612976247631e-13,5.285098407960175e-13,1,1,1,4,0,,0,0,,0
flexible_arm,odepe_v2_polish,0.0,flexible_arm_5_0,1,1,2888.599364042282,9,0,2.447229410987769e-13,4.710679271028071e-13,1.852778326125982e-12,7.285111995259551e-13,1,1,1,5,0,,0,0,,0
flexible_arm,odepe_v2_polish,0.0,flexible_arm_6_0,1,1,2206.6101059913635,9,0,3.1999619660117987e-13,3.6880686061641203e-13,7.276391278763937e-13,4.2864646282439604e-13,1,1,1,6,0,,0,0,,0
flexible_arm,odepe_v2_polish,0.0,flexible_arm_7_0,1,1,2823.9823479652405,9,0,5.804028078501841e-13,1.2914364354835239e-12,3.7228436296163e-12,1.8734690229102024e-12,1,1,1,7,0,,0,0,,0
flexible_arm,odepe_v2_polish,0.0,flexible_arm_8_0,1,1,6188.469095945358,9,0,1.6159776153330023e-12,1.7671525905393177e-12,5.098585621275645e-12,2.31498039721019e-12,1,1,1,8,0,,0,0,,0
flexible_arm,odepe_v2_polish,0.0,flexible_arm_9_0,1,1,5051.873193025589,9,0,6.325349600824905e-13,1.0835440216319903e-12,3.1494792106156874e-12,1.4330151430361097e-12,1,1,1,9,0,,0,0,,0
forced_lotka_volterra,odepe_v2_polish,0.0,forced_lotka_volterra_0_0,1,1,414.2920558452606,6,0,1.3999846153295815e-10,2.118123682668387e-10,6.038505045860046e-10,2.794125121192857e-10,1,1,1,0,0,,0,0,,0
forced_lotka_volterra,odepe_v2_polish,0.0,forced_lotka_volterra_1_0,1,1,443.6814339160919,6,0,6.4082967176354e-11,1.1541890931500488e-10,2.999594825399362e-10,1.65938001101565e-10,1,1,1,1,0,,0,0,,0
forced_lotka_volterra,odepe_v2_polish,0.0,forced_lotka_volterra_2_0,1,1,584.7801661491394,6,0,2.1722806683360375e-11,3.3366961259600774e-11,1.0443975433586714e-10,4.742013106773208e-11,1,1,1,2,0,,0,0,,0
forced_lotka_volterra,odepe_v2_polish,0.0,forced_lotka_volterra_3_0,1,1,530.7739839553833,6,0,6.868166023766873e-11,1.9041764130648732e-10,8.634406321241593e-10,3.5816155395899437e-10,1,1,1,3,0,,0,0,,0
forced_lotka_volterra,odepe_v2_polish,0.0,forced_lotka_volterra_4_0,1,1,571.1954350471497,6,0,9.078220649251734e-12,7.887319283197413e-11,4.3485241247658236e-10,1.7780401191101877e-10,1,1,1,4,0,,0,0,,0
forced_lotka_volterra,odepe_v2_polish,0.0,forced_lotka_volterra_5_0,1,1,548.9002640247345,6,0,0.00047453263896779854,0.0004995700249496231,0.0007369071674622475,0.0005255345952761092,1,1,1,5,0,,0,0,,0
forced_lotka_volterra,odepe_v2_polish,0.0,forced_lotka_volterra_6_0,1,1,376.0264778137207,6,0,5.712111791061672e-06,7.502087758528265e-06,1.6600221067919677e-05,9.668447344587539e-06,1,1,1,6,0,,0,0,,0
forced_lotka_volterra,odepe_v2_polish,0.0,forced_lotka_volterra_7_0,1,1,580.4190011024475,6,0,2.9462682769922446e-10,1.2671314621020327e-09,5.4246678771108576e-09,2.3106831043753837e-09,1,1,1,7,0,,0,0,,0
forced_lotka_volterra,odepe_v2_polish,0.0,forced_lotka_volterra_8_0,1,1,632.6054921150208,6,0,9.966069043359768e-11,1.2863089801820285e-10,3.376235430977643e-10,1.8245393862978604e-10,1,1,1,8,0,,0,0,,0
forced_lotka_volterra,odepe_v2_polish,0.0,forced_lotka_volterra_9_0,1,1,527.215224981308,6,0,2.931657513628264e-11,1.132733393101551e-10,4.966833177806437e-10,2.0955528649735525e-10,1,1,1,9,0,,0,0,,0
harmonic_oscillator,odepe_v2_polish,0.0,harmonic_oscillator_0_0,1,1,271.8897280693054,4,0,1.3227325939800861e-14,3.547951422172212e-14,1.1427758602237337e-13,5.842197560784615e-14,1,1,1,0,0,,0,0,,0
harmonic_oscillator,odepe_v2_polish,0.0,harmonic_oscillator_1_0,1,1,338.49356508255005,4,0,1.4786697102475923e-14,3.090671010817044e-14,9.192929503265628e-14,4.79663426013753e-14,1,1,1,1,0,,0,0,,0
harmonic_oscillator,odepe_v2_polish,0.0,harmonic_oscillator_2_0,1,1,289.6044330596924,4,0,1.3097274202543681e-14,1.746330629244435e-14,3.656817677548735e-14,2.094907350654664e-14,1,1,1,2,0,,0,0,,0
harmonic_oscillator,odepe_v2_polish,0.0,harmonic_oscillator_3_0,1,1,298.8765239715576,4,0,3.7087887535597223e-14,4.0377378047484503e-14,6.760828602096167e-14,4.5578067030613616e-14,1,1,1,3,0,,0,0,,0
harmonic_oscillator,odepe_v2_polish,0.0,harmonic_oscillator_4_0,1,1,287.67857599258423,4,0,9.920169261209486e-15,3.676160952340027e-14,1.2657885492450123e-13,6.395192450929513e-14,1,1,1,4,0,,0,0,,0
harmonic_oscillator,odepe_v2_polish,0.0,harmonic_oscillator_5_0,1,1,277.96747303009033,4,0,1.7419817331984675e-16,8.173700783474416e-15,3.234640678725797e-14,1.6174141492372325e-14,1,1,1,5,0,,0,0,,0
harmonic_oscillator,odepe_v2_polish,0.0,harmonic_oscillator_6_0,1,1,327.0725109577179,4,0,7.422543692373024e-15,1.794886393932035e-14,5.6400753013810034e-14,2.8707679637810425e-14,1,1,1,6,0,,0,0,,0
harmonic_oscillator,odepe_v2_polish,0.0,harmonic_oscillator_7_0,1,1,294.0334801673889,4,0,2.6278777870100974e-14,3.949334651184268e-14,9.758092307633058e-14,5.381131864271071e-14,1,1,1,7,0,,0,0,,0
harmonic_oscillator,odepe_v2_polish,0.0,harmonic_oscillator_8_0,1,1,290.17122316360474,4,0,1.028708688661563e-14,4.4266085815876736e-14,1.5427249553347138e-13,7.762789633542708e-14,1,1,1,8,0,,0,0,,0
harmonic_oscillator,odepe_v2_polish,0.0,harmonic_oscillator_9_0,1,1,305.3868350982666,4,0,5.06108950372993e-15,1.2845835306332416e-14,4.053195169266444e-14,2.0784953156575282e-14,1,1,1,9,0,,0,0,,0
hiv,odepe_v2_polish,0.0,hiv_0_0,1,1,49283.68226790428,15,0,7.0151922096421065e-12,2.7834077545817908e-08,4.1568439718402007e-07,1.0732950392995757e-07,1,1,1,0,0,,0,0,,0
hiv,odepe_v2_polish,0.0,hiv_1_0,1,1,26812.3949239254,15,0,2.7169624574854526e-12,9.451232135180407e-11,1.3324291502912286e-09,3.4417131892930693e-10,1,1,1,1,0,,0,0,,0
hiv,odepe_v2_polish,0.0,hiv_2_0,1,1,38240.315997838974,15,0,6.044351771984826e-12,6.485930670045239e-09,9.695371201140827e-08,2.5033368344735032e-08,1,1,1,2,0,,0,0,,0
hiv,odepe_v2_polish,0.0,hiv_3_0,1,1,44312.000343084335,15,0,1.8505906866089145e-12,3.7332951998747305e-10,5.555129361387569e-09,1.4343360066408516e-09,1,1,1,3,0,,0,0,,0
hiv,odepe_v2_polish,0.0,hiv_4_0,1,1,31394.42983198166,15,0,1.1869504797301412e-12,2.9583696125057746e-09,4.418946514918622e-08,1.1409691287309221e-08,1,1,1,4,0,,0,0,,0
hiv,odepe_v2_polish,0.0,hiv_5_0,1,1,61916.75674700737,15,0,1.3571102437645726e-12,2.4646241365313577e-10,3.616273394217676e-09,9.337769390274553e-10,1,1,1,5,0,,0,0,,1
hiv,odepe_v2_polish,0.0,hiv_6_0,1,1,34277.26748085022,15,0,3.1056381095487567e-12,7.328090751065273e-10,1.0891322746375142e-08,2.812149285917571e-09,1,1,1,6,0,,0,0,,0
hiv,odepe_v2_polish,0.0,hiv_7_0,1,1,69195.04010796547,15,0,2.7192501438180704e-12,3.6162167917875045e-10,5.3550810384190835e-09,1.3827145668859309e-09,1,1,1,7,0,,0,0,,0
hiv,odepe_v2_polish,0.0,hiv_8_0,1,1,33803.36442613602,15,0,6.252566534879059e-12,8.033027397527726e-08,1.2030423152385002e-06,3.1062428214582284e-07,1,1,1,8,0,,0,0,,2
hiv,odepe_v2_polish,0.0,hiv_9_0,1,1,30539.303673028946,15,0,9.832968408487885e-12,1.045048318890859e-08,1.5612973667145705e-07,4.031258443148139e-08,1,1,1,9,0,,0,0,,2
lotka_volterra,odepe_v2_polish,0.0,lotka_volterra_0_0,1,1,686.9024119377136,5,0,9.036281252207989e-14,1.5837120865780775e-13,4.868181881004387e-13,2.3905064421317696e-13,1,1,1,0,0,,0,0,,0
lotka_volterra,odepe_v2_polish,0.0,lotka_volterra_1_0,1,1,1125.9141170978546,5,0,3.6902299398052083e-14,2.0287007229212947e-13,7.842515275453643e-13,3.57298572041188e-13,1,1,1,1,0,,0,0,,0
lotka_volterra,odepe_v2_polish,0.0,lotka_volterra_2_0,1,1,712.5228178501129,5,0,1.0765799026668185e-13,9.86694741505197e-14,1.8368794140065524e-13,1.156377530804023e-13,1,1,1,2,0,,0,0,,0
lotka_volterra,odepe_v2_polish,0.0,lotka_volterra_3_0,1,1,577.2174339294434,5,0,3.7734495728910033e-13,4.74959334384221e-13,1.0015086256055159e-12,5.468511473827516e-13,1,1,1,3,0,,0,0,,0
lotka_volterra,odepe_v2_polish,0.0,lotka_volterra_4_0,1,1,412.5159978866577,5,0,9.164079994534024e-14,1.6048491725992268e-13,5.180001246916812e-13,2.433093911068994e-13,1,1,1,4,0,,0,0,,0
lotka_volterra,odepe_v2_polish,0.0,lotka_volterra_5_0,1,1,460.46586513519287,5,0,3.146707700609092e-14,4.227446147104427e-14,8.272992959379721e-14,5.3824486072627254e-14,1,1,1,5,0,,0,0,,0
lotka_volterra,odepe_v2_polish,0.0,lotka_volterra_6_0,1,1,331.20305490493774,5,0,4.798378877404871e-13,4.77678586698839e-13,9.365814357127465e-13,5.617064829158993e-13,1,1,1,6,0,,0,0,,0
lotka_volterra,odepe_v2_polish,0.0,lotka_volterra_7_0,1,1,518.6879210472107,5,0,4.28409522486336e-13,4.592212678865645e-13,9.801151271900492e-13,5.437013501158774e-13,1,1,1,7,0,,0,0,,0
lotka_volterra,odepe_v2_polish,0.0,lotka_volterra_8_0,1,1,1079.2393510341644,5,0,6.92830507159144e-13,7.262050724033642e-13,1.5676581210081697e-12,8.691705185008082e-13,1,1,1,8,0,,0,0,,0
lotka_volterra,odepe_v2_polish,0.0,lotka_volterra_9_0,1,1,875.0822169780731,5,0,1.9992521899380213e-14,3.512001712601646e-14,7.959049166600874e-14,4.408503564296921e-14,1,1,1,9,0,,0,0,,0
mass_spring_damper,odepe_v2_polish,0.0,mass_spring_damper_0_0,1,1,299.61292600631714,5,0,1.593071499831955e-14,2.6448548143397652e-14,6.440520308598975e-14,3.638935146196823e-14,1,1,1,0,0,,0,0,,0
mass_spring_damper,odepe_v2_polish,0.0,mass_spring_damper_1_0,1,1,280.5766248703003,5,0,3.577641763345099e-15,4.123495311585207e-14,1.8101462358018855e-13,8.145269470120937e-14,1,1,1,1,0,,0,0,,0
mass_spring_damper,odepe_v2_polish,0.0,mass_spring_damper_2_0,1,1,388.98155903816223,5,0,5.351971979695261e-15,6.68451653725665e-14,3.2111659010859565e-13,1.4365354794665941e-13,1,1,1,2,0,,0,0,,0
mass_spring_damper,odepe_v2_polish,0.0,mass_spring_damper_3_0,1,1,291.0221290588379,5,0,1.2006228637803855e-14,1.8683092221144578e-14,6.101989142977959e-14,2.89244819706208e-14,1,1,1,3,0,,0,0,,0
mass_spring_damper,odepe_v2_polish,0.0,mass_spring_damper_4_0,1,1,366.9527020454407,5,0,2.904453423554976e-14,2.681919155628643e-14,6.743842605154424e-14,3.549820297536533e-14,1,1,1,4,0,,0,0,,0
mass_spring_damper,odepe_v2_polish,0.0,mass_spring_damper_5_0,1,1,285.4604799747467,5,0,5.2392547229501765e-15,3.5557550136739074e-14,1.4820596249361217e-13,6.710177775785239e-14,1,1,1,5,0,,0,0,,0
mass_spring_damper,odepe_v2_polish,0.0,mass_spring_damper_6_0,1,1,290.51383900642395,5,0,4.730273538503173e-15,4.8805762546237635e-14,1.3246979271095619e-13,7.525714015446818e-14,1,1,1,6,0,,0,0,,0
mass_spring_damper,odepe_v2_polish,0.0,mass_spring_damper_7_0,1,1,305.70663714408875,5,0,3.7570999141291254e-15,3.635190145651053e-14,1.4900913941093784e-13,6.765043377583763e-14,1,1,1,7,0,,0,0,,0
mass_spring_damper,odepe_v2_polish,0.0,mass_spring_damper_8_0,1,1,314.705561876297,5,0,6.167905692361981e-15,3.666492515310673e-14,1.6031237640061528e-13,7.202883637976952e-14,1,1,1,8,0,,0,0,,0
mass_spring_damper,odepe_v2_polish,0.0,mass_spring_damper_9_0,1,1,280.87047290802,5,0,4.815425167048872e-15,3.1927382498067995e-14,1.1660227953602165e-13,5.468238019986079e-14,1,1,1,9,0,,0,0,,0
quadrotor,odepe_v2_polish,0.0,quadrotor_0_0,1,1,272.4646670818329,4,0,3.1046217909044835e-11,3.49843408044083e-11,6.92648207960024e-11,4.201988049126749e-11,1,1,1,0,0,,0,0,,0
quadrotor,odepe_v2_polish,0.0,quadrotor_1_0,1,1,273.9274618625641,4,0,1.832677599773873e-12,5.997962609119287e-12,1.9720836985284298e-11,9.9679687521617e-12,1,1,1,1,0,,0,0,,0
quadrotor,odepe_v2_polish,0.0,quadrotor_2_0,1,1,283.80721783638,4,0,1.082923146495228e-11,1.1011244680766794e-11,1.7842961505336714e-11,1.201149867901691e-11,1,1,1,2,0,,0,0,,0
quadrotor,odepe_v2_polish,0.0,quadrotor_3_0,1,1,279.9311218261719,4,0,1.6222887660484114e-12,1.545974981353701e-11,5.859042904064014e-11,2.932735688714505e-11,1,1,1,3,0,,0,0,,0
quadrotor,odepe_v2_polish,0.0,quadrotor_4_0,1,1,271.83044600486755,4,0,7.358835685070392e-13,2.1622004070095803e-12,7.173778705028275e-12,3.628012773264133e-12,1,1,1,4,0,,0,0,,0
quadrotor,odepe_v2_polish,0.0,quadrotor_5_0,1,1,273.9353139400482,4,0,8.106474773831635e-11,1.330628059837859e-10,3.621634339412986e-10,1.9372051212553517e-10,1,1,1,5,0,,0,0,,0
quadrotor,odepe_v2_polish,0.0,quadrotor_6_0,1,1,307.338907957077,4,0,7.917385929254926e-12,1.0330081619206937e-11,2.468075321252008e-11,1.3804139133807463e-11,1,1,1,6,0,,0,0,,0
quadrotor,odepe_v2_polish,0.0,quadrotor_7_0,1,1,341.38345313072205,4,0,3.766226536500992e-11,4.0293068374672005e-11,8.558894334006102e-11,5.218657284004127e-11,1,1,1,7,0,,0,0,,0
quadrotor,odepe_v2_polish,0.0,quadrotor_8_0,1,1,308.00315284729004,4,0,1.1461451004090213e-13,1.1572170103485538e-13,1.6514402082624498e-13,1.2081920122925358e-13,1,1,1,8,0,,0,0,,0
quadrotor,odepe_v2_polish,0.0,quadrotor_9_0,1,1,307.18084502220154,4,0,3.911393355797855e-11,1.0331097346007146e-10,3.2631325399196085e-10,1.6610408407577058e-10,1,1,1,9,0,,0,0,,0
repressilator,odepe_v2_polish,0.0,repressilator_0_0,1,1,1473.9340410232544,9,0,8.26589405195372e-15,1.5218325689823185e-14,4.033768694644832e-14,1.9145278561841274e-14,1,1,1,0,0,,0,0,,0
repressilator,odepe_v2_polish,0.0,repressilator_1_0,1,1,1245.124584197998,9,0,5.899005171714047e-15,1.2311096278469367e-14,6.93415745755644e-14,2.376676633113874e-14,1,1,1,1,0,,0,0,,0
repressilator,odepe_v2_polish,0.0,repressilator_2_0,1,1,1511.0502200126648,9,0,1.4759242572564856e-14,4.6988971048213436e-14,2.931378336948878e-13,9.923504499245297e-14,1,1,1,2,0,,0,0,,0
repressilator,odepe_v2_polish,0.0,repressilator_3_0,1,1,1838.912976026535,9,0,1.0348453969463485e-14,5.81316157231102e-14,1.6173619371082527e-13,8.631499677636619e-14,1,1,1,3,0,,0,0,,0
repressilator,odepe_v2_polish,0.0,repressilator_4_0,1,1,1322.7309048175812,9,0,1.068749176004102e-14,2.5564650194800718e-14,1.280566799601291e-13,4.555021623388499e-14,1,1,1,4,0,,0,0,,0
repressilator,odepe_v2_polish,0.0,repressilator_5_0,1,1,1953.8202910423279,9,0,2.2827015459582658e-14,3.20093828841012e-14,1.1679948109744293e-13,4.7186932850254967e-14,1,1,1,5,0,,0,0,,0
repressilator,odepe_v2_polish,0.0,repressilator_6_0,1,1,1203.155417919159,9,0,1.5573264146325724e-14,6.574022642732912e-14,4.178756106575242e-13,1.4363398051651404e-13,1,1,1,6,0,,0,0,,0
repressilator,odepe_v2_polish,0.0,repressilator_7_0,1,1,1414.918436050415,9,0,6.5384159282989195e-15,7.941548601455222e-14,2.2870594307278225e-13,1.255993811777186e-13,1,1,1,7,0,,0,0,,0
repressilator,odepe_v2_polish,0.0,repressilator_8_0,1,1,1535.9146978855133,9,0,2.01504178942505e-14,3.471230956044255e-14,1.0063892165666886e-13,4.7865324294065767e-14,1,1,1,8,0,,0,0,,0
repressilator,odepe_v2_polish,0.0,repressilator_9_0,1,1,2234.3447058200836,9,0,1.275967220244552e-14,2.3835228671512475e-14,1.0107779141306572e-13,3.8032075603425753e-14,1,1,1,9,0,,0,0,,0
seir,odepe_v2_polish,0.0,seir_0_0,1,1,1381.8979768753052,7,0,1.6191492591133283e-12,1.818166443646881e-12,5.218273870824542e-12,2.5442002557467413e-12,1,1,1,0,0,,0,0,,0
seir,odepe_v2_polish,0.0,seir_1_0,1,1,1991.597697019577,7,0,1.1986169150821858e-11,1.3673570116165608e-11,3.608851999288458e-11,1.8361766407993835e-11,1,1,1,1,0,,0,0,,0
seir,odepe_v2_polish,0.0,seir_2_0,1,1,2109.1728081703186,7,0,8.397475587013825e-12,5.536332738860571e-12,1.2265168896506404e-11,7.386336244478068e-12,1,1,1,2,0,,0,0,,0
seir,odepe_v2_polish,0.0,seir_3_0,1,1,1530.8471109867096,7,0,1.2397490441647582e-13,1.6938272554389954e-13,3.6139772809365524e-13,2.1827562817302333e-13,1,1,1,3,0,,0,0,,0
seir,odepe_v2_polish,0.0,seir_4_0,1,1,3222.6287200450897,7,0,0.0011365694326430512,0.0007067395168281346,0.0014813356915098009,0.0009386356552440119,1,1,1,4,0,,0,0,,0
seir,odepe_v2_polish,0.0,seir_5_0,1,1,1496.7812321186066,7,0,4.6064358882340366e-14,5.985320948027285e-14,1.5141287891809503e-13,7.952678171441957e-14,1,1,1,5,0,,0,0,,0
seir,odepe_v2_polish,0.0,seir_6_0,1,1,2851.4307458400726,7,0,1.3766713382205245e-10,2.625135642235529e-10,8.51251640861116e-10,3.8648991290731914e-10,1,1,1,6,0,,0,0,,0
seir,odepe_v2_polish,0.0,seir_7_0,1,1,1446.5951788425446,7,0,2.7632598746346124e-10,3.0580398908895543e-10,7.846464649423141e-10,3.966368561111797e-10,1,1,1,7,0,,0,0,,0
seir,odepe_v2_polish,0.0,seir_8_0,1,1,1978.1092970371246,7,0,2.3703541602326004e-10,1.7475665357638914e-10,4.4923410183865616e-10,2.3340575090222374e-10,1,1,1,8,0,,0,0,,0
seir,odepe_v2_polish,0.0,seir_9_0,1,1,1659.888244152069,7,0,7.880341931914785e-12,4.9137542629819904e-12,9.171798631189524e-12,6.436127540937351e-12,1,1,1,9,0,,0,0,,0
slow_fast,odepe_v2_polish,0.0,slow_fast_0_0,1,1,572.1202540397644,8,0,1.9369940137533126e-14,2.5504009501234677e-14,8.502898561613302e-14,3.727392336420767e-14,1,1,1,0,0,,0,0,,0
slow_fast,odepe_v2_polish,0.0,slow_fast_1_0,1,1,435.8114788532257,8,0,7.759144845561517e-16,2.739233248648691e-15,1.2740264217009994e-14,4.973586493921175e-15,1,1,1,1,0,,0,0,,0
slow_fast,odepe_v2_polish,0.0,slow_fast_2_0,1,1,450.45701789855957,8,0,5.71919273187029e-15,8.181108956610969e-15,2.6661759827820876e-14,1.1670598051944017e-14,1,1,1,2,0,,0,0,,0
slow_fast,odepe_v2_polish,0.0,slow_fast_3_0,1,1,830.9298729896545,8,0,1.7018841825425588e-13,2.9540411009211403e-13,1.009780652071614e-12,4.4547937133234026e-13,1,1,1,3,0,,0,0,,0
slow_fast,odepe_v2_polish,0.0,slow_fast_4_0,1,1,2362.3607931137085,8,0,8.362185959764335e-15,7.37231211273347e-15,1.423362852083534e-14,9.10145028408806e-15,1,1,1,4,0,,0,0,,0
slow_fast,odepe_v2_polish,0.0,slow_fast_5_0,1,1,659.1791610717773,8,0,8.688168209711506e-15,1.7562966643837075e-14,6.378912992363837e-14,2.6783171202512456e-14,1,1,1,5,0,,0,0,,0
slow_fast,odepe_v2_polish,0.0,slow_fast_6_0,1,1,1444.9877870082855,8,0,3.022944059869076e-15,3.170632603542989e-14,1.4037916128673854e-13,5.972282092373424e-14,1,1,1,6,0,,0,0,,0
slow_fast,odepe_v2_polish,0.0,slow_fast_7_0,1,1,1231.8147761821747,8,0,1.3719263967775408e-13,1.5964711953936839e-13,3.9650822308041306e-13,2.2459585065000278e-13,1,1,1,7,0,,0,0,,0
slow_fast,odepe_v2_polish,0.0,slow_fast_8_0,1,1,906.5859489440918,8,0,6.970015081112773e-14,1.0862713559124843e-13,4.1524392341349677e-13,1.7254945002169427e-13,1,1,1,8,0,,0,0,,0
slow_fast,odepe_v2_polish,0.0,slow_fast_9_0,1,1,7790.7149930000305,8,0,3.0315364522893616e-14,3.881134109066678e-14,1.0066022089934752e-13,5.430246646893282e-14,1,1,1,9,0,,0,0,,0
sirt_treatment,odepe_v2_polish,0.0,sirt_treatment_0_0,1,1,27242.17918395996,9,0,8.058070340021297e-15,4.131062494300403e-14,2.2293583900443224e-13,7.952834321299004e-14,1,1,1,0,0,,0,0,,0
sirt_treatment,odepe_v2_polish,0.0,sirt_treatment_1_0,1,1,7503.723457813263,9,0,1.6908569053199223e-14,1.3562303326942294e-13,1.077582467701177e-12,3.5994409827007435e-13,1,1,1,1,0,,0,0,,0
sirt_treatment,odepe_v2_polish,0.0,sirt_treatment_2_0,1,1,4107.417418003082,9,0,3.726731782098489e-14,1.8257074736031983e-13,1.1216931650355138e-12,3.885117112407068e-13,1,1,1,2,0,,0,0,,0
sirt_treatment,odepe_v2_polish,0.0,sirt_treatment_3_0,1,1,1712.9548580646515,9,0,3.096802649706744e-14,2.0657882430872103e-13,1.0688419846164006e-12,3.9427254178760563e-13,1,1,1,3,0,,0,0,,0
sirt_treatment,odepe_v2_polish,0.0,sirt_treatment_4_0,1,1,11859.142040014267,9,0,2.1998863636091062e-14,7.428469457720042e-14,4.048317236993171e-13,1.4396572313893528e-13,1,1,1,4,0,,0,0,,0
sirt_treatment,odepe_v2_polish,0.0,sirt_treatment_5_0,1,1,10946.114371061325,9,0,3.244318394182402e-14,1.2259120193180113e-13,5.653860698669499e-13,2.160624442992594e-13,1,1,1,5,0,,0,0,,0
sirt_treatment,odepe_v2_polish,0.0,sirt_treatment_6_0,1,1,6069.792410135269,9,0,6.245004513516506e-14,2.463093260811675e-13,1.0573152708041391e-12,4.137387243464725e-13,1,1,1,6,0,,0,0,,0
sirt_treatment,odepe_v2_polish,0.0,sirt_treatment_7_0,1,1,8140.031770944595,9,0,3.091760321740942e-14,2.3472263625790146e-13,1.2385302364530938e-12,4.507149747569322e-13,1,1,1,7,0,,0,0,,0
sirt_treatment,odepe_v2_polish,0.0,sirt_treatment_8_0,1,1,5791.729732990265,9,0,9.466394388712084e-14,7.938244299510069e-13,4.784846552124138e-12,1.65173784789033e-12,1,1,1,8,0,,0,0,,0
sirt_treatment,odepe_v2_polish,0.0,sirt_treatment_9_0,1,1,10070.025375843048,9,0,3.051389368923179e-14,1.4451120908098445e-13,9.157886781659342e-13,3.139104289356184e-13,1,1,1,9,0,,0,0,,0
vanderpol,odepe_v2_polish,0.0,vanderpol_0_0,1,1,408.8186638355255,4,0,9.070114560273398e-15,2.822130223432381e-14,9.308793052626312e-14,4.7231755164588896e-14,1,1,1,0,0,,0,0,,0
vanderpol,odepe_v2_polish,0.0,vanderpol_1_0,1,1,422.88746094703674,4,0,2.6295699461502686e-14,2.383035507123181e-14,4.0316493047519365e-14,2.858091998874803e-14,1,1,1,1,0,,0,0,,0
vanderpol,odepe_v2_polish,0.0,vanderpol_2_0,1,1,615.2357649803162,4,0,3.8334825865299275e-14,4.574999328119448e-14,8.185679194623797e-14,5.060985519809311e-14,1,1,1,2,0,,0,0,,0
vanderpol,odepe_v2_polish,0.0,vanderpol_3_0,1,1,468.29488611221313,4,0,1.8785107654156322e-14,1.955145732038025e-14,3.591898020846095e-14,2.325105258483139e-14,1,1,1,3,0,,0,0,,0
vanderpol,odepe_v2_polish,0.0,vanderpol_4_0,1,1,433.91015100479126,4,0,1.1760177420638974e-14,2.7180650137947204e-14,8.030916551079514e-14,4.125689066583569e-14,1,1,1,4,0,,0,0,,0
vanderpol,odepe_v2_polish,0.0,vanderpol_5_0,1,1,452.7470510005951,4,0,1.9046827973093723e-14,1.814387827942325e-14,3.448185717150556e-14,2.4255388259488723e-14,1,1,1,5,0,,0,0,,0
vanderpol,odepe_v2_polish,0.0,vanderpol_6_0,1,1,447.7876617908478,4,0,1.7582035948005337e-14,1.833896475548683e-14,3.655910620737024e-14,2.2232917356774788e-14,1,1,1,6,0,,0,0,,0
vanderpol,odepe_v2_polish,0.0,vanderpol_7_0,1,1,469.5981431007385,4,0,6.3232732336873845e-15,7.65656984671218e-15,1.5888008380325103e-14,9.23133244345767e-15,1,1,1,7,0,,0,0,,0
vanderpol,odepe_v2_polish,0.0,vanderpol_8_0,1,1,520.8401510715485,4,0,3.177620850035153e-14,3.457654266921605e-14,5.685473323558126e-14,3.7515213600236195e-14,1,1,1,8,0,,0,0,,0
vanderpol,odepe_v2_polish,0.0,vanderpol_9_0,1,1,386.6109070777893,4,0,5.058599227149151e-15,1.7585260009487004e-14,6.007852443382967e-14,3.028964257910653e-14,1,1,1,9,0,,0,0,,0
aircraft_pitch,odepe_v2_polish,1e-08,aircraft_pitch_0_1em8,1,1,361.8249409198761,6,1,2.0719852049775645e-06,2.7146764063098436e-06,6.600430137390499e-06,3.535177294481483e-06,1,1,1,0,1em8,,0,0,,0
aircraft_pitch,odepe_v2_polish,1e-08,aircraft_pitch_1_1em8,1,1,417.41383504867554,6,1,1.7304089706316546e-06,1.9389603974553185e-06,3.4457161312390336e-06,2.2015515609530513e-06,1,1,1,1,1em8,,0,0,,0
aircraft_pitch,odepe_v2_polish,1e-08,aircraft_pitch_2_1em8,1,1,449.0633158683777,6,1,9.204197155822252e-07,1.1607136860252075e-06,2.0928757181976087e-06,1.271001459900294e-06,1,1,1,2,1em8,,0,0,,0
aircraft_pitch,odepe_v2_polish,1e-08,aircraft_pitch_3_1em8,1,1,509.56719279289246,6,1,5.850936968496107e-09,4.399993639119129e-08,2.394538171753833e-07,9.788332517585379e-08,1,1,1,3,1em8,,0,0,,0
aircraft_pitch,odepe_v2_polish,1e-08,aircraft_pitch_4_1em8,1,1,675.2214629650116,6,1,2.492412650115588e-06,2.2169290968761175e-06,3.8598238103776366e-06,2.5767554538762235e-06,1,1,1,4,1em8,,0,0,,0
aircraft_pitch,odepe_v2_polish,1e-08,aircraft_pitch_5_1em8,1,1,834.3895590305328,6,1,3.2680039216681252e-06,0.00032904048688676106,0.001955808098636723,0.0007984675670212398,1,1,1,5,1em8,,0,0,,0
aircraft_pitch,odepe_v2_polish,1e-08,aircraft_pitch_6_1em8,1,1,698.9380939006805,6,1,6.90040269263451e-07,1.913932726522409e-06,7.655885484520515e-06,3.257473579675019e-06,1,1,1,6,1em8,,0,0,,0
aircraft_pitch,odepe_v2_polish,1e-08,aircraft_pitch_7_1em8,1,1,451.0570890903473,6,1,1.9622085138882215e-06,1.8509357277403943e-06,3.34434768786148e-06,2.0441231519508104e-06,1,1,1,7,1em8,,0,0,,0
aircraft_pitch,odepe_v2_polish,1e-08,aircraft_pitch_8_1em8,1,1,403.69659996032715,6,1,1.8500578932866153e-06,2.018140248949548e-06,3.7071400117024216e-06,2.225210578830138e-06,1,1,1,8,1em8,,0,0,,0
aircraft_pitch,odepe_v2_polish,1e-08,aircraft_pitch_9_1em8,1,1,395.74077916145325,6,1,2.8388002562084276e-06,3.2978530955245535e-06,7.743355612545657e-06,4.361143029154418e-06,1,1,1,9,1em8,,0,0,,0
bicycle_model,odepe_v2_polish,1e-08,bicycle_model_0_1em8,1,1,438.9164328575134,5,0,1.6503519825991377e-06,1.3272355380808003e-06,2.4321516590320876e-06,1.5866342825912316e-06,1,1,1,0,1em8,,0,0,,0
bicycle_model,odepe_v2_polish,1e-08,bicycle_model_1_1em8,1,1,473.4839961528778,5,0,7.606772398869413e-07,9.5107127728041e-07,2.28661229202776e-06,1.1906434391297957e-06,1,1,1,1,1em8,,0,0,,0
bicycle_model,odepe_v2_polish,1e-08,bicycle_model_2_1em8,1,1,470.03338098526,5,0,2.992194734269877e-07,4.2908091874677174e-07,9.320336907579754e-07,5.047642108429756e-07,1,1,1,2,1em8,,0,0,,0
bicycle_model,odepe_v2_polish,1e-08,bicycle_model_3_1em8,1,1,465.9174201488495,5,0,4.80316217552318e-07,1.908135482044179e-06,4.4845505284527335e-06,2.6307046540833254e-06,1,1,1,3,1em8,,0,0,,0
bicycle_model,odepe_v2_polish,1e-08,bicycle_model_4_1em8,1,1,400.8089210987091,5,0,2.959697831996527e-07,6.65937957958645e-07,1.5817013700414164e-06,8.541011789816676e-07,1,1,1,4,1em8,,0,0,,0
bicycle_model,odepe_v2_polish,1e-08,bicycle_model_5_1em8,1,1,408.7292799949646,5,0,8.412660218372623e-09,1.9387232521857305e-08,4.0329779567595676e-08,2.556473731076721e-08,1,1,1,5,1em8,,0,0,,0
bicycle_model,odepe_v2_polish,1e-08,bicycle_model_6_1em8,1,1,516.3302090167999,5,0,3.604223992365845e-07,4.7329302376001946e-07,1.0616244320581442e-06,5.624462277787122e-07,1,1,1,6,1em8,,0,0,,0
bicycle_model,odepe_v2_polish,1e-08,bicycle_model_7_1em8,1,1,621.9770188331604,5,0,3.323819969377124e-06,3.651169719879987e-06,5.633662923611225e-06,3.889620642568769e-06,1,1,1,7,1em8,,0,0,,0
bicycle_model,odepe_v2_polish,1e-08,bicycle_model_8_1em8,1,1,591.6515440940857,5,0,4.1704666616588237e-07,3.4823577029739396e-07,4.466960228883071e-07,3.7568731655889966e-07,1,1,1,8,1em8,,0,0,,0
bicycle_model,odepe_v2_polish,1e-08,bicycle_model_9_1em8,1,1,547.6554169654846,5,0,6.131407118284634e-08,7.638518270658364e-08,2.1710264568274346e-07,1.0725436655263101e-07,1,1,1,9,1em8,,0,0,,0
biohydrogenation,odepe_v2_polish,1e-08,biohydrogenation_0_1em8,1,1,49824.495500802994,9,1,2.0900987272609046e-06,1.4100167885290124e-05,8.452767172282007e-05,2.9325769747125796e-05,1,1,1,0,1em8,,0,0,,0
biohydrogenation,odepe_v2_polish,1e-08,biohydrogenation_1_1em8,1,1,20919.108336925507,9,1,3.354288495831942e-06,7.185544096125558e-05,0.00033949215588891294,0.00013056702156911092,1,1,1,1,1em8,,0,0,,0
biohydrogenation,odepe_v2_polish,1e-08,biohydrogenation_2_1em8,1,1,5691.280497074127,9,1,5.463060429518616e-07,0.0001312941805407256,0.0010835103734528403,0.00036200220248088026,1,1,1,2,1em8,,0,0,,0
biohydrogenation,odepe_v2_polish,1e-08,biohydrogenation_3_1em8,1,1,15226.778894901276,9,1,1.209584019671789e-06,0.00011608805891741803,0.0008266152633807094,0.0002803611130994418,1,1,1,3,1em8,,0,0,,0
biohydrogenation,odepe_v2_polish,1e-08,biohydrogenation_4_1em8,1,1,23433.643395900726,9,1,3.6101992192024335e-07,1.6519439866231083e-06,6.6259444979231095e-06,2.7532572592409004e-06,1,1,1,4,1em8,,0,0,,0
biohydrogenation,odepe_v2_polish,1e-08,biohydrogenation_5_1em8,1,1,19200.468727827072,9,1,1.3334561117632643e-06,9.970035233079178e-06,6.71701480247546e-05,2.3117434987921973e-05,1,1,1,5,1em8,,0,0,,0
biohydrogenation,odepe_v2_polish,1e-08,biohydrogenation_6_1em8,1,1,6214.2168118953705,9,1,7.466532037204438e-07,0.0010469392896306487,0.009260489172905458,0.0030872584374128926,1,1,1,6,1em8,,0,0,,0
biohydrogenation,odepe_v2_polish,1e-08,biohydrogenation_7_1em8,1,1,40497.833146095276,9,1,2.838111818180549e-06,2.1880825371321925e-05,0.00016433933555558289,5.511423400818138e-05,1,1,1,7,1em8,,0,0,,0
biohydrogenation,odepe_v2_polish,1e-08,biohydrogenation_8_1em8,1,1,21306.659958839417,9,1,1.2630729086751255e-07,1.318673521051788e-05,8.207551755979231e-05,2.8481114683232163e-05,1,1,1,8,1em8,,0,0,,0
biohydrogenation,odepe_v2_polish,1e-08,biohydrogenation_9_1em8,1,1,13566.838402032852,9,1,1.1217955584362865e-06,1.2513530895246522e-05,6.264990843879019e-05,2.3813811326651862e-05,1,1,1,9,1em8,,0,0,,0
boost_converter,odepe_v2_polish,1e-08,boost_converter_0_1em8,1,1,672.953192949295,5,0,8.139264482856732e-08,1.1534010316916997e-07,1.9654085240217892e-07,1.3253220656466066e-07,1,1,1,0,1em8,,0,0,,0
boost_converter,odepe_v2_polish,1e-08,boost_converter_1_1em8,1,1,677.5637068748474,5,0,1.4733436500146014e-07,4.7276284353226163e-07,1.7569967995273466e-06,7.993512255446228e-07,1,1,1,1,1em8,,0,0,,0
boost_converter,odepe_v2_polish,1e-08,boost_converter_2_1em8,1,1,658.6126420497894,5,0,3.8511299402906514e-07,9.426448105056132e-07,3.5300639548063184e-06,1.6056817791765174e-06,1,1,1,2,1em8,,0,0,,0
boost_converter,odepe_v2_polish,1e-08,boost_converter_3_1em8,1,1,738.0892059803009,5,0,1.1418903017483245e-07,1.8280983324465364e-07,5.104136579847458e-07,2.5359399676802984e-07,1,1,1,3,1em8,,0,0,,0
boost_converter,odepe_v2_polish,1e-08,boost_converter_4_1em8,1,1,892.0199880599976,5,0,3.778283991979409e-08,5.456836955408601e-08,1.4863809912766443e-07,7.310938193163672e-08,1,1,1,4,1em8,,0,0,,0
boost_converter,odepe_v2_polish,1e-08,boost_converter_5_1em8,1,1,655.3677730560303,5,0,4.5158145732866823e-07,2.542275197859869e-06,1.0386527921573734e-05,4.701286665830246e-06,1,1,1,5,1em8,,0,0,,0
boost_converter,odepe_v2_polish,1e-08,boost_converter_6_1em8,1,1,737.5768830776215,5,0,0.00044432473838901303,0.00031392649594720503,0.0005719733960700286,0.00038794904417413815,1,1,1,6,1em8,,0,0,,0
boost_converter,odepe_v2_polish,1e-08,boost_converter_7_1em8,1,1,737.3021309375763,5,0,2.2723276128117265e-07,9.624134911011948e-07,3.903751895191881e-06,1.7636002135581792e-06,1,1,1,7,1em8,,0,0,,0
boost_converter,odepe_v2_polish,1e-08,boost_converter_8_1em8,1,1,732.4596829414368,5,0,2.9624232166614935e-06,4.509275619648477e-06,1.3741008558907487e-05,6.516980426766955e-06,1,1,1,8,1em8,,0,0,,0
boost_converter,odepe_v2_polish,1e-08,boost_converter_9_1em8,1,1,898.6688101291656,5,0,9.201916024149954e-05,9.327625625119571e-05,0.00013850285456776885,0.000101231574170201,1,1,1,9,1em8,,0,0,,0
brusselator,odepe_v2_polish,1e-08,brusselator_0_1em8,1,1,409.3422689437866,4,0,4.0370230251195585e-09,4.024476412919377e-09,7.835824828501043e-09,4.862562476590387e-09,1,1,1,0,1em8,,0,0,,0
brusselator,odepe_v2_polish,1e-08,brusselator_1_1em8,1,1,721.9580249786377,4,0,1.1249837233705355e-07,1.2593270911086933e-07,2.786683866448139e-07,1.6353383186591782e-07,1,1,1,1,1em8,,0,0,,0
brusselator,odepe_v2_polish,1e-08,brusselator_2_1em8,1,1,1162.11323595047,4,0,1.2222385898952351e-07,9.865844456070526e-08,1.4989605825838934e-07,1.1441937166302556e-07,1,1,1,2,1em8,,0,0,,0
brusselator,odepe_v2_polish,1e-08,brusselator_3_1em8,1,1,608.7076780796051,4,0,5.959814010607013e-08,5.710312510515486e-08,1.0920973234267904e-07,6.907680480153379e-08,1,1,1,3,1em8,,0,0,,0
brusselator,odepe_v2_polish,1e-08,brusselator_4_1em8,1,1,747.1459310054779,4,0,1.0278244003844149e-07,2.771990794418925e-07,9.03104793986483e-07,4.6097716421295745e-07,1,1,1,4,1em8,,0,0,,0
brusselator,odepe_v2_polish,1e-08,brusselator_5_1em8,1,1,358.29836916923523,4,0,15.299068775471406,15.644581754878283,20.321961620469068,15.97211347784502,0,0,0,5,1em8,,0,0,,0
brusselator,odepe_v2_polish,1e-08,brusselator_6_1em8,1,1,448.78567004203796,4,0,1.1278113625275006,1.6248590399504712,4.2138802738415935,2.2552180982098333,0,0,0,6,1em8,,0,0,,0
brusselator,odepe_v2_polish,1e-08,brusselator_7_1em8,1,1,4421.157516002655,4,0,3.896235452538607e-05,3.3333274315059106e-05,5.5408360190413e-05,3.9151015994245626e-05,1,1,1,7,1em8,,0,0,,0
brusselator,odepe_v2_polish,1e-08,brusselator_8_1em8,0,0,409.2857530117035,4,0,,,,,0,0,0,8,1em8,,0,0,,0
brusselator,odepe_v2_polish,1e-08,brusselator_9_1em8,1,1,802.9420130252838,4,0,4.5615311617692654e-08,4.411421003063694e-08,8.508680527829038e-08,5.5462286256678375e-08,1,1,1,9,1em8,,0,0,,0
crauste,odepe_v2_polish,1e-08,crauste_0_1em8,1,1,7748.251040220261,17,0,0.00031253336501102226,0.1896118731970162,0.9998539939710148,0.4087831870877265,0,0,0,0,1em8,,0,0,,0
crauste,odepe_v2_polish,1e-08,crauste_1_1em8,1,1,9172.471251010895,17,0,6.237153614489162e-05,0.04432364265130144,0.44676980569376207,0.13087837842561037,0,0,1,1,1em8,,0,0,,1
crauste,odepe_v2_polish,1e-08,crauste_2_1em8,1,1,118989.16574311256,17,0,4.2231455410901973e-07,2.9967086101420067e-05,0.00026871507517576296,7.222815889017212e-05,1,1,1,2,1em8,,0,0,,0
crauste,odepe_v2_polish,1e-08,crauste_3_1em8,1,1,10886.978651046753,17,0,1.7558577268846686e-07,9.469037223786264e-06,8.305507974998667e-05,2.6413026847764127e-05,1,1,1,3,1em8,,0,0,,1
crauste,odepe_v2_polish,1e-08,crauste_4_1em8,1,1,89737.91271018982,17,0,3.4836088805080176e-08,3.1701898525597924e-06,2.0049863363031407e-05,7.299046547117129e-06,1,1,1,4,1em8,,0,0,,0
crauste,odepe_v2_polish,1e-08,crauste_5_1em8,1,1,8441.52691602707,17,0,0.0006856305348902936,0.20822884500391886,0.999756221957693,0.4327994107013018,0,0,0,5,1em8,,0,0,,4
crauste,odepe_v2_polish,1e-08,crauste_6_1em8,1,1,106976.28632688522,17,0,5.092406335901625e-07,0.00014988047440038388,0.0017073973457759782,0.0004551917620102075,1,1,1,6,1em8,,0,0,,0
crauste,odepe_v2_polish,1e-08,crauste_7_1em8,1,1,94229.43101286888,17,0,1.2172948475738515e-07,1.0084439891176357e-05,7.299054260201526e-05,2.4636362245386437e-05,1,1,1,7,1em8,,0,0,,1
crauste,odepe_v2_polish,1e-08,crauste_8_1em8,1,1,108500.33669805527,17,0,3.127852542123108e-08,5.031665165628311e-06,4.898283147732585e-05,1.3815244509344279e-05,1,1,1,8,1em8,,0,0,,0
crauste,odepe_v2_polish,1e-08,crauste_9_1em8,1,1,8141.481099128723,17,0,0.0008842718498880409,0.02837810326856602,0.1584363850259868,0.05913594495064975,0,0,1,9,1em8,,0,0,,1
cstr,odepe_v2_polish,1e-08,cstr_0_1em8,1,1,4529.247599124908,7,0,0.02700680738304101,0.05506784150820069,0.18655992826957304,0.0865606453982939,0,0,1,0,1em8,,0,0,,0
cstr,odepe_v2_polish,1e-08,cstr_1_1em8,1,1,4083.848732948303,7,0,0.16460724914965982,0.2673269398621797,0.7819411161021321,0.38907352995622124,0,0,0,1,1em8,,0,0,,0
cstr,odepe_v2_polish,1e-08,cstr_2_1em8,1,1,4624.5243220329285,7,0,0.001427658729286937,0.0028464715513009256,0.008371993657098668,0.004013796660992188,1,1,1,2,1em8,,0,0,,0
cstr,odepe_v2_polish,1e-08,cstr_3_1em8,1,1,3381.1171169281006,7,0,0.4847301853347399,0.5642662877104198,1.3946190382336507,0.7233569574432805,0,0,0,3,1em8,,0,0,,0
cstr,odepe_v2_polish,1e-08,cstr_4_1em8,1,1,4693.6633059978485,7,0,0.4756947355870646,0.4985101098921852,0.9999999999940853,0.6212231528902978,0,0,0,4,1em8,,0,0,,0
cstr,odepe_v2_polish,1e-08,cstr_5_1em8,1,1,2719.233062028885,7,0,0.541716172230408,0.48287964544773887,0.9402556629708617,0.58258247987443,0,0,0,5,1em8,,0,0,,0
cstr,odepe_v2_polish,1e-08,cstr_6_1em8,1,1,3639.1218218803406,7,0,0.00739223619770051,0.009318163090305403,0.021751087995630487,0.012907967567316955,0,1,1,6,1em8,,0,0,,0
cstr,odepe_v2_polish,1e-08,cstr_7_1em8,1,1,4982.502078056335,7,0,0.007771414846278328,0.4240526856465127,0.9909353728341584,0.6433315880252661,0,0,0,7,1em8,,0,0,,0
cstr,odepe_v2_polish,1e-08,cstr_8_1em8,1,1,5828.7818338871,7,0,0.5101054859581498,0.5829657662102777,1.0979515814012097,0.6798247916291215,0,0,0,8,1em8,,0,0,,0
cstr,odepe_v2_polish,1e-08,cstr_9_1em8,1,1,4795.925957202911,7,0,0.10189691840666823,0.32299453108242515,0.8494791519235447,0.4602142983094687,0,0,0,9,1em8,,0,0,,0
daisy_mamil3,odepe_v2_polish,1e-08,daisy_mamil3_0_1em8,1,1,784.4059770107269,8,0,4.5734730925384374e-08,9.23505010945257e-08,3.397154739678131e-07,1.4445440089672927e-07,1,1,1,0,1em8,,0,0,,0
daisy_mamil3,odepe_v2_polish,1e-08,daisy_mamil3_1_1em8,1,1,760.8949460983276,8,0,9.979587515461506e-09,2.1333697657003108e-08,7.50654954020851e-08,3.199022367904949e-08,1,1,1,1,1em8,,0,0,,0
daisy_mamil3,odepe_v2_polish,1e-08,daisy_mamil3_2_1em8,1,1,764.5263359546661,8,0,7.663357501352884e-09,2.4631823028669764e-08,7.394065033821883e-08,3.8111446995050115e-08,1,1,1,2,1em8,,0,0,,0
daisy_mamil3,odepe_v2_polish,1e-08,daisy_mamil3_3_1em8,1,1,938.7741808891296,8,0,7.956307456804187e-09,2.3981894169434494e-08,1.091210614674033e-07,4.191564351118806e-08,1,1,1,3,1em8,,0,0,,0
daisy_mamil3,odepe_v2_polish,1e-08,daisy_mamil3_4_1em8,1,1,765.6723909378052,8,0,5.438477596388813e-09,1.2154340436017873e-08,5.207464402822046e-08,2.070576385212739e-08,1,1,1,4,1em8,,0,0,,0
daisy_mamil3,odepe_v2_polish,1e-08,daisy_mamil3_5_1em8,1,1,905.1116361618042,8,0,2.233002274412251e-08,2.8125002622585465e-08,7.004043669399875e-08,3.547121678332476e-08,1,1,1,5,1em8,,0,0,,0
daisy_mamil3,odepe_v2_polish,1e-08,daisy_mamil3_6_1em8,1,1,743.4425308704376,8,0,3.478105108978266e-08,3.5476631762192445e-08,8.91347077075106e-08,4.378591502700524e-08,1,1,1,6,1em8,,0,0,,0
daisy_mamil3,odepe_v2_polish,1e-08,daisy_mamil3_7_1em8,1,1,689.8016049861908,8,0,2.8842279489458715e-09,2.912462494145614e-08,1.7964652502214755e-07,6.463622017949498e-08,1,1,1,7,1em8,,0,0,,0
daisy_mamil3,odepe_v2_polish,1e-08,daisy_mamil3_8_1em8,1,1,723.5947420597076,8,0,1.8296745977646662e-09,5.159001914598532e-09,2.2736036859248404e-08,8.640165043926465e-09,1,1,1,8,1em8,,0,0,,0
daisy_mamil3,odepe_v2_polish,1e-08,daisy_mamil3_9_1em8,1,1,608.8470690250397,8,0,5.003482239640533e-08,2.1362024952247134e-07,1.1170130824473677e-06,4.161004513948797e-07,1,1,1,9,1em8,,0,0,,0
daisy_mamil4,odepe_v2_polish,1e-08,daisy_mamil4_0_1em8,1,1,13830.15329504013,11,0,8.198656467987067e-07,9.323715576501886e-07,4.0908126269161785e-06,1.4964862491565397e-06,1,1,1,0,1em8,,0,0,,0
daisy_mamil4,odepe_v2_polish,1e-08,daisy_mamil4_1_1em8,1,1,5998.01694893837,11,0,1.9051200723822876e-07,1.921391815410859e-06,1.2399170363243641e-05,4.130532091388724e-06,1,1,1,1,1em8,,0,0,,0
daisy_mamil4,odepe_v2_polish,1e-08,daisy_mamil4_2_1em8,1,1,5287.14325594902,11,0,4.338037634473584e-08,9.382827111866594e-08,5.203285131584144e-07,1.7329273842672254e-07,1,1,1,2,1em8,,0,0,,0
daisy_mamil4,odepe_v2_polish,1e-08,daisy_mamil4_3_1em8,1,1,15907.44765496254,11,0,1.77832603599579e-07,7.761444533069004e-07,4.251050340356363e-06,1.4596108205047362e-06,1,1,1,3,1em8,,0,0,,0
daisy_mamil4,odepe_v2_polish,1e-08,daisy_mamil4_4_1em8,1,1,11048.737378835678,11,0,2.2319255652166643e-06,8.980676703855705e-06,2.7592276179746373e-05,1.4225391537514247e-05,1,1,1,4,1em8,,0,0,,0
daisy_mamil4,odepe_v2_polish,1e-08,daisy_mamil4_5_1em8,1,1,4764.101044893265,11,0,9.94285738746795e-07,4.396390229934153e-06,2.960248821978548e-05,9.374465493681616e-06,1,1,1,5,1em8,,0,0,,0
daisy_mamil4,odepe_v2_polish,1e-08,daisy_mamil4_6_1em8,1,1,13118.92331981659,11,0,1.4966318760820578e-06,5.312183213289148e-06,1.928853319622983e-05,8.62278374217513e-06,1,1,1,6,1em8,,0,0,,0
daisy_mamil4,odepe_v2_polish,1e-08,daisy_mamil4_7_1em8,1,1,5445.766008138657,11,0,1.075247187487121e-08,2.481657746139082e-07,1.553362517495012e-06,5.151326908587247e-07,1,1,1,7,1em8,,0,0,,0
daisy_mamil4,odepe_v2_polish,1e-08,daisy_mamil4_8_1em8,1,1,23160.149651050568,11,0,3.31026184118882e-05,0.0007122270691508966,0.0061932097872721545,0.001902136586125908,1,1,1,8,1em8,,0,0,,0
daisy_mamil4,odepe_v2_polish,1e-08,daisy_mamil4_9_1em8,1,1,2863.059876203537,11,0,1.257795070070623e-07,2.2031752360448614e-07,7.272475601885882e-07,3.3319140805677874e-07,1,1,1,9,1em8,,0,0,,0
dc_motor,odepe_v2_polish,1e-08,dc_motor_0_1em8,1,1,326.4868218898773,4,0,2.534301784594518e-05,2.300293387147085e-05,3.7736210448835786e-05,2.6564528273894896e-05,1,1,1,0,1em8,,0,0,,0
dc_motor,odepe_v2_polish,1e-08,dc_motor_1_1em8,1,1,305.6955940723419,4,0,3.920103097585671e-06,3.4094489696139477e-06,5.478137394101648e-06,4.015783553979922e-06,1,1,1,1,1em8,,0,0,,0
dc_motor,odepe_v2_polish,1e-08,dc_motor_2_1em8,1,1,287.0986020565033,4,0,6.622738308476031e-06,6.119600148036183e-06,8.983960662143225e-06,6.591012908569824e-06,1,1,1,2,1em8,,0,0,,0
dc_motor,odepe_v2_polish,1e-08,dc_motor_3_1em8,1,1,289.47443103790283,4,0,5.874447616313374e-07,6.301242813441364e-07,1.289410243490264e-06,8.016288326309009e-07,1,1,1,3,1em8,,0,0,,0
dc_motor,odepe_v2_polish,1e-08,dc_motor_4_1em8,1,1,308.22453594207764,4,0,7.695550977811934e-06,1.0317910961275912e-05,2.5878652195887586e-05,1.4700503201438354e-05,1,1,1,4,1em8,,0,0,,0
dc_motor,odepe_v2_polish,1e-08,dc_motor_5_1em8,1,1,309.69507908821106,4,0,5.536990309601258e-07,2.833842258560792e-06,1.0223153909627983e-05,5.139835766386872e-06,1,1,1,5,1em8,,0,0,,0
dc_motor,odepe_v2_polish,1e-08,dc_motor_6_1em8,1,1,317.7894060611725,4,0,2.8799418685212533e-07,2.871800572867498e-07,5.140703413115268e-07,3.305624730756444e-07,1,1,1,6,1em8,,0,0,,0
dc_motor,odepe_v2_polish,1e-08,dc_motor_7_1em8,1,1,308.52641701698303,4,0,3.942734223180282e-06,3.911023334666419e-06,7.64205907647519e-06,4.9505782603252175e-06,1,1,1,7,1em8,,0,0,,0
dc_motor,odepe_v2_polish,1e-08,dc_motor_8_1em8,1,1,343.14838004112244,4,0,8.000224086403402e-07,1.4231512119028763e-06,3.7920614892111243e-06,2.002824909067512e-06,1,1,1,8,1em8,,0,0,,0
dc_motor,odepe_v2_polish,1e-08,dc_motor_9_1em8,1,1,295.946918964386,4,0,2.9854903084548766e-06,4.852543135241865e-06,1.3342299094137273e-05,7.007337463174232e-06,1,1,1,9,1em8,,0,0,,0
fitzhugh_nagumo,odepe_v2_polish,1e-08,fitzhugh_nagumo_0_1em8,1,1,362.2517640590668,5,0,3.6747803252540537e-08,1.0954062864774537e-06,3.490353264216994e-06,1.7802991282964416e-06,1,1,1,0,1em8,,0,0,,0
fitzhugh_nagumo,odepe_v2_polish,1e-08,fitzhugh_nagumo_1_1em8,1,1,367.75705099105835,5,0,2.3099397463005373e-08,5.296388503083331e-07,2.0281790432702495e-06,9.440353283095581e-07,1,1,1,1,1em8,,0,0,,0
fitzhugh_nagumo,odepe_v2_polish,1e-08,fitzhugh_nagumo_2_1em8,1,1,392.600781917572,5,0,1.3003810073830235e-06,1.7980239450963093e-06,5.125925539499056e-06,2.504292533330508e-06,1,1,1,2,1em8,,0,0,,0
fitzhugh_nagumo,odepe_v2_polish,1e-08,fitzhugh_nagumo_3_1em8,1,1,350.07990407943726,5,0,2.781375469173824e-07,7.021314474444734e-07,1.9372909018585115e-06,1.0342030754377987e-06,1,1,1,3,1em8,,0,0,,0
fitzhugh_nagumo,odepe_v2_polish,1e-08,fitzhugh_nagumo_4_1em8,1,1,340.4713921546936,5,0,1.235469663092561e-05,5.2874171442851935e-05,0.00021848869093691865,9.847952394323266e-05,1,1,1,4,1em8,,0,0,,0
fitzhugh_nagumo,odepe_v2_polish,1e-08,fitzhugh_nagumo_5_1em8,1,1,431.5833070278168,5,0,4.3923252089845974e-07,2.9279517038494093e-06,8.684226304800906e-06,4.560833636210998e-06,1,1,1,5,1em8,,0,0,,0
fitzhugh_nagumo,odepe_v2_polish,1e-08,fitzhugh_nagumo_6_1em8,1,1,380.13800501823425,5,0,1.1282636558191461e-07,1.0584703171214742e-06,2.564792188629261e-06,1.6177910657214473e-06,1,1,1,6,1em8,,0,0,,0
fitzhugh_nagumo,odepe_v2_polish,1e-08,fitzhugh_nagumo_7_1em8,1,1,424.69586396217346,5,0,8.116946618834605e-07,4.530692843140831e-06,1.775621515381704e-05,8.115703963066482e-06,1,1,1,7,1em8,,0,0,,0
fitzhugh_nagumo,odepe_v2_polish,1e-08,fitzhugh_nagumo_8_1em8,1,1,422.9543888568878,5,0,1.870494570616312e-08,5.455515638138114e-08,2.091661495682225e-07,9.57928601518558e-08,1,1,1,8,1em8,,0,0,,0
fitzhugh_nagumo,odepe_v2_polish,1e-08,fitzhugh_nagumo_9_1em8,1,1,395.22733306884766,5,0,1.3108166233235606e-07,6.688110864216383e-07,2.766066466867172e-06,1.2480984307333118e-06,1,1,1,9,1em8,,0,0,,0
flexible_arm,odepe_v2_polish,1e-08,flexible_arm_0_1em8,1,1,14879.00851893425,9,0,8.461785529204483e-07,1.092138545872844e-06,4.7798807520680085e-06,1.7611791814374529e-06,1,1,1,0,1em8,,0,0,,0
flexible_arm,odepe_v2_polish,1e-08,flexible_arm_1_1em8,1,1,4786.148566007614,9,0,6.523222754696898e-07,7.097256874934766e-07,1.3250623749682035e-06,8.127064991436601e-07,1,1,1,1,1em8,,0,0,,0
flexible_arm,odepe_v2_polish,1e-08,flexible_arm_2_1em8,1,1,3885.0502378940582,9,0,3.7407822738892767e-07,3.979378636289537e-07,1.1328290754055953e-06,4.919487220899688e-07,1,1,1,2,1em8,,0,0,,0
flexible_arm,odepe_v2_polish,1e-08,flexible_arm_3_1em8,1,1,2443.4539008140564,9,0,4.251187366621266e-07,5.807855335075416e-07,1.4170422734847265e-06,7.521749223245661e-07,1,1,1,3,1em8,,0,0,,0
flexible_arm,odepe_v2_polish,1e-08,flexible_arm_4_1em8,1,1,2968.861219882965,9,0,9.685342393629272e-08,2.4104190057422174e-07,5.431685390041923e-07,3.1137891661014325e-07,1,1,1,4,1em8,,0,0,,0
flexible_arm,odepe_v2_polish,1e-08,flexible_arm_5_1em8,1,1,1964.858680009842,9,0,4.485875457973621e-07,8.497153788773196e-07,3.7884989694508733e-06,1.3954488360851214e-06,1,1,1,5,1em8,,0,0,,0
flexible_arm,odepe_v2_polish,1e-08,flexible_arm_6_1em8,1,1,3035.134565114975,9,0,2.0400956199756267e-07,2.24817913074006e-07,5.753853406490765e-07,2.835612498081366e-07,1,1,1,6,1em8,,0,0,,0
flexible_arm,odepe_v2_polish,1e-08,flexible_arm_7_1em8,1,1,3814.0282859802246,9,0,5.053361491288179e-07,4.988237487445597e-07,1.0223733333933692e-06,5.962264587181755e-07,1,1,1,7,1em8,,0,0,,0
flexible_arm,odepe_v2_polish,1e-08,flexible_arm_8_1em8,1,1,5861.397991895676,9,0,3.538911219375978e-07,1.6470543856458674e-06,9.560177783109621e-06,3.390409505321586e-06,1,1,1,8,1em8,,0,0,,0
flexible_arm,odepe_v2_polish,1e-08,flexible_arm_9_1em8,1,1,4417.204813957214,9,0,4.992103960626694e-08,8.194106323540774e-07,5.392013048051928e-06,1.841129766158279e-06,1,1,1,9,1em8,,0,0,,0
forced_lotka_volterra,odepe_v2_polish,1e-08,forced_lotka_volterra_0_1em8,1,1,401.97179913520813,6,0,3.4448780626653813e-06,3.654611105691799e-06,6.940052189214163e-06,4.146547380946527e-06,1,1,1,0,1em8,,0,0,,0
forced_lotka_volterra,odepe_v2_polish,1e-08,forced_lotka_volterra_1_1em8,1,1,702.5412199497223,6,0,3.2862221225704596e-05,4.137269260391835e-05,0.00010631092666650626,5.31416330306337e-05,1,1,1,1,1em8,,0,0,,0
forced_lotka_volterra,odepe_v2_polish,1e-08,forced_lotka_volterra_2_1em8,1,1,1109.441241979599,6,0,5.892363233761395e-06,1.0511023257681691e-05,3.5785834692948816e-05,1.6115416721778603e-05,1,1,1,2,1em8,,0,0,,0
forced_lotka_volterra,odepe_v2_polish,1e-08,forced_lotka_volterra_3_1em8,1,1,567.2266130447388,6,0,2.2035615286264472e-05,5.927469113275103e-05,0.00019189779501341264,9.131285466216908e-05,1,1,1,3,1em8,,0,0,,0
forced_lotka_volterra,odepe_v2_polish,1e-08,forced_lotka_volterra_4_1em8,1,1,584.02401304245,6,0,2.796557586024011e-05,3.0193710653093193e-05,6.841083165221373e-05,3.9066071088835666e-05,1,1,1,4,1em8,,0,0,,0
forced_lotka_volterra,odepe_v2_polish,1e-08,forced_lotka_volterra_5_1em8,1,1,601.7734618186951,6,0,0.00012862140158241168,0.00012155077072490013,0.00018039502595601498,0.00012785625378406937,1,1,1,5,1em8,,0,0,,0
forced_lotka_volterra,odepe_v2_polish,1e-08,forced_lotka_volterra_6_1em8,1,1,503.6124339103699,6,0,4.347050027247849e-06,5.075682037076668e-06,1.1360252296456765e-05,6.356221454357956e-06,1,1,1,6,1em8,,0,0,,0
forced_lotka_volterra,odepe_v2_polish,1e-08,forced_lotka_volterra_7_1em8,1,1,591.8418860435486,6,0,1.780974067314644e-06,2.242696911216807e-06,5.585575196404054e-06,2.8242899093425426e-06,1,1,1,7,1em8,,0,0,,0
forced_lotka_volterra,odepe_v2_polish,1e-08,forced_lotka_volterra_8_1em8,1,1,669.4651582241058,6,0,5.100363377459953e-05,4.996417836350209e-05,7.40971546692365e-05,5.3335223236074825e-05,1,1,1,8,1em8,,0,0,,0
forced_lotka_volterra,odepe_v2_polish,1e-08,forced_lotka_volterra_9_1em8,1,1,547.2553560733795,6,0,1.971913971398624e-06,3.1879540091582577e-06,1.2135798943684576e-05,5.200090541408906e-06,1,1,1,9,1em8,,0,0,,0
harmonic_oscillator,odepe_v2_polish,1e-08,harmonic_oscillator_0_1em8,1,1,283.84776401519775,4,0,7.054912666640646e-11,1.23889538976243e-10,3.221007137279547e-10,1.6942379615033567e-10,1,1,1,0,1em8,,0,0,,0
harmonic_oscillator,odepe_v2_polish,1e-08,harmonic_oscillator_1_1em8,1,1,337.74744987487793,4,0,1.7787696372826547e-11,2.7729435061323023e-11,6.759843923120547e-11,3.628095619106286e-11,1,1,1,1,1em8,,0,0,,0
harmonic_oscillator,odepe_v2_polish,1e-08,harmonic_oscillator_2_1em8,1,1,418.11969900131226,4,0,3.6020814842165025e-12,4.327649345793367e-12,9.952309336027794e-12,5.660149537903508e-12,1,1,1,2,1em8,,0,0,,0
harmonic_oscillator,odepe_v2_polish,1e-08,harmonic_oscillator_3_1em8,1,1,352.6180200576782,4,0,6.644045170589265e-12,8.05227954470469e-12,1.6269063489468906e-11,9.810761731541978e-12,1,1,1,3,1em8,,0,0,,0
harmonic_oscillator,odepe_v2_polish,1e-08,harmonic_oscillator_4_1em8,1,1,336.84237599372864,4,0,7.286283691903874e-11,1.3396909913788835e-10,3.5077339778330766e-10,1.8403928702476788e-10,1,1,1,4,1em8,,0,0,,0
harmonic_oscillator,odepe_v2_polish,1e-08,harmonic_oscillator_5_1em8,1,1,402.6013629436493,4,0,2.7137348488968277e-11,3.2227716251872956e-11,6.801210829089478e-11,4.111877439324472e-11,1,1,1,5,1em8,,0,0,,0
harmonic_oscillator,odepe_v2_polish,1e-08,harmonic_oscillator_6_1em8,1,1,394.30532908439636,4,0,1.8803709292515396e-10,1.675288002012514e-10,2.3754605223132157e-10,1.806849034228169e-10,1,1,1,6,1em8,,0,0,,0
harmonic_oscillator,odepe_v2_polish,1e-08,harmonic_oscillator_7_1em8,1,1,323.4788119792938,4,0,3.546457052805796e-13,1.6631626057618583e-12,5.721314407561243e-12,2.874038898552587e-12,1,1,1,7,1em8,,0,0,,0
harmonic_oscillator,odepe_v2_polish,1e-08,harmonic_oscillator_8_1em8,1,1,368.0946190357208,4,0,1.2676951188509838e-10,2.1885557607450215e-10,6.082659995967829e-10,3.172504806745028e-10,1,1,1,8,1em8,,0,0,,0
harmonic_oscillator,odepe_v2_polish,1e-08,harmonic_oscillator_9_1em8,1,1,338.6035590171814,4,0,2.779244632280961e-11,3.148871198083546e-11,6.17610334742371e-11,3.686839787463359e-11,1,1,1,9,1em8,,0,0,,0
hiv,odepe_v2_polish,1e-08,hiv_0_1em8,1,1,53376.073571920395,15,0,4.620370483077348e-07,0.0017433602005238514,0.026035442674304226,0.006722338593683983,0,1,1,0,1em8,,0,0,,0
hiv,odepe_v2_polish,1e-08,hiv_1_1em8,1,1,4035.5997920036316,15,0,1.4123754438162429e-06,6.065879579082427e-05,0.00044818029077365343,0.00015900441190015385,1,1,1,1,1em8,,0,0,,0
hiv,odepe_v2_polish,1e-08,hiv_2_1em8,1,1,35112.14557790756,15,0,3.436898022695309e-07,0.0004222192573086825,0.0063131705601185495,0.0016300553309041316,1,1,1,2,1em8,,0,0,,0
hiv,odepe_v2_polish,1e-08,hiv_3_1em8,1,1,39739.46578478813,15,0,2.9616800235432827e-07,5.2725353937564025e-05,0.0007790971959362059,0.0002011684635309701,1,1,1,3,1em8,,0,0,,0
hiv,odepe_v2_polish,1e-08,hiv_4_1em8,1,1,44213.194316864014,15,0,9.566530886252471e-08,0.00024136495256409926,0.003606188537327496,0.0009311155084025583,1,1,1,4,1em8,,0,0,,0
hiv,odepe_v2_polish,1e-08,hiv_5_1em8,1,1,97157.53203487396,15,0,8.825218776673877e-08,2.0150081139606436e-05,0.0002912187904748904,7.52130807981594e-05,1,1,1,5,1em8,,0,0,,1
hiv,odepe_v2_polish,1e-08,hiv_6_1em8,1,1,35192.97488117218,15,0,1.5979738476351107e-06,0.0019107925306065666,0.028452245763266954,0.007346387175739665,0,1,1,6,1em8,,0,0,,0
hiv,odepe_v2_polish,1e-08,hiv_7_1em8,1,1,62503.678059101105,15,0,1.2179748904940843e-07,0.00011954937034208541,0.001764466124135288,0.00045561044755665917,1,1,1,7,1em8,,0,0,,0
hiv,odepe_v2_polish,1e-08,hiv_8_1em8,1,1,31901.550909996033,15,0,6.560808144466673e-07,0.009173605647843931,0.13734797235811147,0.03546310887503604,0,0,1,8,1em8,,0,0,,2
hiv,odepe_v2_polish,1e-08,hiv_9_1em8,1,1,33818.32870697975,15,0,1.2377498974496137e-07,0.0009306283601216279,0.01391605876389532,0.0035931150331294493,0,1,1,9,1em8,,0,0,,2
lotka_volterra,odepe_v2_polish,1e-08,lotka_volterra_0_1em8,1,1,673.8125789165497,5,0,3.789160642930095e-10,2.0591811271296094e-09,8.761871954098024e-09,3.940996377593639e-09,1,1,1,0,1em8,,0,0,,0
lotka_volterra,odepe_v2_polish,1e-08,lotka_volterra_1_1em8,1,1,1565.6023240089417,5,0,6.200511271795452e-10,1.1830584583410024e-09,3.4675361996954435e-09,1.6477708762868162e-09,1,1,1,1,1em8,,0,0,,0
lotka_volterra,odepe_v2_polish,1e-08,lotka_volterra_2_1em8,1,1,800.9657371044159,5,0,2.2011004130462197e-09,2.782672360685792e-09,7.48039997999772e-09,3.725740487668735e-09,1,1,1,2,1em8,,0,0,,0
lotka_volterra,odepe_v2_polish,1e-08,lotka_volterra_3_1em8,1,1,553.0505809783936,5,0,2.8422173053604713e-09,3.4930934825075626e-09,8.682236306025753e-09,4.420222303580974e-09,1,1,1,3,1em8,,0,0,,0
lotka_volterra,odepe_v2_polish,1e-08,lotka_volterra_4_1em8,1,1,467.936075925827,5,0,3.3322409627870884e-10,4.979863766802232e-10,1.4212413662143602e-09,6.85610300999865e-10,1,1,1,4,1em8,,0,0,,0
lotka_volterra,odepe_v2_polish,1e-08,lotka_volterra_5_1em8,1,1,555.9486420154572,5,0,1.1374002515023762e-09,2.1321189778949902e-09,5.6393092698403234e-09,2.9695017770777378e-09,1,1,1,5,1em8,,0,0,,0
lotka_volterra,odepe_v2_polish,1e-08,lotka_volterra_6_1em8,1,1,425.06263995170593,5,0,1.2998593257444322e-08,1.2946555635337302e-08,2.582883207223551e-08,1.530062122884314e-08,1,1,1,6,1em8,,0,0,,0
lotka_volterra,odepe_v2_polish,1e-08,lotka_volterra_7_1em8,1,1,547.9906969070435,5,0,3.352965842204872e-09,3.736078402779353e-09,9.025082451698424e-09,4.719612289026159e-09,1,1,1,7,1em8,,0,0,,0
lotka_volterra,odepe_v2_polish,1e-08,lotka_volterra_8_1em8,1,1,806.2379579544067,5,0,1.4461860987607856e-09,1.9022799937403378e-09,5.209645722944549e-09,2.5562927220963625e-09,1,1,1,8,1em8,,0,0,,0
lotka_volterra,odepe_v2_polish,1e-08,lotka_volterra_9_1em8,1,1,802.0213520526886,5,0,1.611242318704786e-10,3.2368461656754107e-10,9.90969062294793e-10,4.6515226589351036e-10,1,1,1,9,1em8,,0,0,,0
mass_spring_damper,odepe_v2_polish,1e-08,mass_spring_damper_0_1em8,1,1,301.99060106277466,5,0,2.120468823541065e-09,4.44136408242754e-09,1.4402643242203692e-08,6.790902768127629e-09,1,1,1,0,1em8,,0,0,,0
mass_spring_damper,odepe_v2_polish,1e-08,mass_spring_damper_1_1em8,1,1,374.0625331401825,5,0,1.8995251381216056e-10,1.1128412471074708e-09,3.295964998066883e-09,1.698594860261526e-09,1,1,1,1,1em8,,0,0,,0
mass_spring_damper,odepe_v2_polish,1e-08,mass_spring_damper_2_1em8,1,1,502.0898311138153,5,0,2.989608057778334e-10,3.755330952421173e-09,1.7304849297344266e-08,7.750646683339121e-09,1,1,1,2,1em8,,0,0,,0
mass_spring_damper,odepe_v2_polish,1e-08,mass_spring_damper_3_1em8,1,1,376.3902699947357,5,0,3.936192621491956e-10,6.034943879510772e-09,2.8442951768233376e-08,1.2729806934830392e-08,1,1,1,3,1em8,,0,0,,0
mass_spring_damper,odepe_v2_polish,1e-08,mass_spring_damper_4_1em8,1,1,400.4836218357086,5,0,1.6513679603513802e-09,1.6278358565627645e-09,3.3440412528454136e-09,1.9157660058326063e-09,1,1,1,4,1em8,,0,0,,0
mass_spring_damper,odepe_v2_polish,1e-08,mass_spring_damper_5_1em8,1,1,380.95027780532837,5,0,6.549695699791405e-10,6.665024764752021e-10,1.3081549168203387e-09,8.744963126482249e-10,1,1,1,5,1em8,,0,0,,0
mass_spring_damper,odepe_v2_polish,1e-08,mass_spring_damper_6_1em8,1,1,327.8793728351593,5,0,1.941601541743831e-10,7.533769105078044e-10,2.4591415323824446e-09,1.1660216601982262e-09,1,1,1,6,1em8,,0,0,,0
mass_spring_damper,odepe_v2_polish,1e-08,mass_spring_damper_7_1em8,1,1,408.07039284706116,5,0,4.699993807292966e-10,7.94717147634127e-10,1.7853227826353283e-09,9.89217143003027e-10,1,1,1,7,1em8,,0,0,,0
mass_spring_damper,odepe_v2_polish,1e-08,mass_spring_damper_8_1em8,1,1,360.5696439743042,5,0,1.0794667098492356e-09,3.043706341641771e-09,1.0956351367351585e-08,5.0651498395031574e-09,1,1,1,8,1em8,,0,0,,0
mass_spring_damper,odepe_v2_polish,1e-08,mass_spring_damper_9_1em8,1,1,317.64019298553467,5,0,7.569387139487169e-10,1.5860791129414087e-09,5.4646696806214034e-09,2.5210375499088437e-09,1,1,1,9,1em8,,0,0,,0
quadrotor,odepe_v2_polish,1e-08,quadrotor_0_1em8,1,1,295.2384178638458,4,0,8.602614483831828e-07,1.125095416212123e-06,2.6186326231436264e-06,1.4573856678138619e-06,1,1,1,0,1em8,,0,0,,0
quadrotor,odepe_v2_polish,1e-08,quadrotor_1_1em8,1,1,358.59513998031616,4,0,9.221976825186021e-08,1.776545585699756e-07,4.988900636866484e-07,2.6124515533435703e-07,1,1,1,1,1em8,,0,0,,0
quadrotor,odepe_v2_polish,1e-08,quadrotor_2_1em8,1,1,314.5053880214691,4,0,6.751674098979918e-08,9.46838877341793e-08,2.002572801932939e-07,1.1387066933467978e-07,1,1,1,2,1em8,,0,0,,0
quadrotor,odepe_v2_polish,1e-08,quadrotor_3_1em8,1,1,393.60416197776794,4,0,5.053150787192738e-07,8.536654239776465e-07,2.3256370490313066e-06,1.2269430724564303e-06,1,1,1,3,1em8,,0,0,,0
quadrotor,odepe_v2_polish,1e-08,quadrotor_4_1em8,1,1,370.941654920578,4,0,1.6156481244463556e-07,5.656501652124346e-07,1.828710343203407e-06,9.233298382984802e-07,1,1,1,4,1em8,,0,0,,0
quadrotor,odepe_v2_polish,1e-08,quadrotor_5_1em8,1,1,312.56629705429077,4,0,5.242387666069209e-07,7.64976131875806e-07,2.0090384419704865e-06,1.0850554245324213e-06,1,1,1,5,1em8,,0,0,,0
quadrotor,odepe_v2_polish,1e-08,quadrotor_6_1em8,1,1,324.9024188518524,4,0,4.2321870863254295e-08,7.910029457945198e-08,2.172651001948667e-07,1.1292206610609499e-07,1,1,1,6,1em8,,0,0,,0
quadrotor,odepe_v2_polish,1e-08,quadrotor_7_1em8,1,1,312.83505296707153,4,0,6.547726889665826e-07,6.219735889506372e-07,1.1405091370144448e-06,7.80418591907142e-07,1,1,1,7,1em8,,0,0,,0
quadrotor,odepe_v2_polish,1e-08,quadrotor_8_1em8,1,1,344.20694398880005,4,0,1.6543761078898018e-07,5.375020861035001e-07,1.7879669874284094e-06,9.038457429053487e-07,1,1,1,8,1em8,,0,0,,0
quadrotor,odepe_v2_polish,1e-08,quadrotor_9_1em8,1,1,336.3452818393707,4,0,1.385012253408763e-07,2.10802374141559e-07,5.556702403865604e-07,3.010009747310972e-07,1,1,1,9,1em8,,0,0,,0
repressilator,odepe_v2_polish,1e-08,repressilator_0_1em8,1,1,1538.5370750427246,9,0,1.7970249681339985e-09,3.1839817705636643e-09,1.0670108728196334e-08,4.572417822846588e-09,1,1,1,0,1em8,,0,0,,0
repressilator,odepe_v2_polish,1e-08,repressilator_1_1em8,1,1,1244.3860039710999,9,0,5.57346282521046e-09,9.036218764863613e-09,3.4415929150912455e-08,1.3782911709894677e-08,1,1,1,1,1em8,,0,0,,0
repressilator,odepe_v2_polish,1e-08,repressilator_2_1em8,1,1,1269.3382849693298,9,0,2.7196174718163028e-09,6.996147302357444e-09,2.8666077796102694e-08,1.1005506864090593e-08,1,1,1,2,1em8,,0,0,,0
repressilator,odepe_v2_polish,1e-08,repressilator_3_1em8,1,1,1562.0309989452362,9,0,3.099559873593743e-09,1.071398817866759e-08,7.606039991937938e-08,2.551371905708567e-08,1,1,1,3,1em8,,0,0,,0
repressilator,odepe_v2_polish,1e-08,repressilator_4_1em8,1,1,1236.6216101646423,9,0,1.389401457894282e-09,7.003054155430177e-09,2.8125388663766093e-08,1.1676858133811488e-08,1,1,1,4,1em8,,0,0,,0
repressilator,odepe_v2_polish,1e-08,repressilator_5_1em8,1,1,1553.2865409851074,9,0,5.778170756047289e-09,6.800801169442651e-09,2.076924423375377e-08,9.334612042291352e-09,1,1,1,5,1em8,,0,0,,0
repressilator,odepe_v2_polish,1e-08,repressilator_6_1em8,1,1,1021.7775480747223,9,0,3.2433051065908826e-09,9.232440985844055e-08,6.514480104192329e-07,2.2315598990536644e-07,1,1,1,6,1em8,,0,0,,0
repressilator,odepe_v2_polish,1e-08,repressilator_7_1em8,1,1,1146.8621459007263,9,0,9.203339713297516e-09,1.757015363321484e-08,5.113685526307694e-08,2.471036833774e-08,1,1,1,7,1em8,,0,0,,0
repressilator,odepe_v2_polish,1e-08,repressilator_8_1em8,1,1,2083.2999250888824,9,0,2.424026111244014e-09,8.027347637332414e-09,4.0200253354270035e-08,1.4636268399864016e-08,1,1,1,8,1em8,,0,0,,0
repressilator,odepe_v2_polish,1e-08,repressilator_9_1em8,1,1,1765.0341892242432,9,0,3.628072605750539e-09,6.599880215411037e-09,2.5783778749236644e-08,1.0141168148985484e-08,1,1,1,9,1em8,,0,0,,0
seir,odepe_v2_polish,1e-08,seir_0_1em8,1,1,1643.8595190048218,7,0,9.056457281078874e-08,1.4903614734085515e-07,3.9021906178323405e-07,2.0451661872061717e-07,1,1,1,0,1em8,,0,0,,0
seir,odepe_v2_polish,1e-08,seir_1_1em8,1,1,1621.4108130931854,7,0,5.608586285667017e-07,8.144348389184334e-07,2.316745877938543e-06,1.1257491340360396e-06,1,1,1,1,1em8,,0,0,,0
seir,odepe_v2_polish,1e-08,seir_2_1em8,1,1,2736.196184873581,7,0,6.432563004267556e-07,5.056859907086114e-07,1.0382703537852902e-06,6.611676249561506e-07,1,1,1,2,1em8,,0,0,,0
seir,odepe_v2_polish,1e-08,seir_3_1em8,1,1,1922.5658218860626,7,0,1.0900118181400978e-05,6.827295370434853e-06,1.4490877963212409e-05,9.082459403868275e-06,1,1,1,3,1em8,,0,0,,0
seir,odepe_v2_polish,1e-08,seir_4_1em8,1,1,3758.3670439720154,7,0,0.03577064205376371,0.023886687399178656,0.05157066044237848,0.031515250312564407,0,1,1,4,1em8,,0,0,,0
seir,odepe_v2_polish,1e-08,seir_5_1em8,1,1,1786.7657260894775,7,0,3.4542295460121075e-07,4.249110897280947e-07,1.211526190315333e-06,5.866906221875363e-07,1,1,1,5,1em8,,0,0,,0
seir,odepe_v2_polish,1e-08,seir_6_1em8,1,1,3342.5117831230164,7,0,0.00013986486548029305,0.00026736903505948233,0.0008672695062410744,0.00039372503212086477,1,1,1,6,1em8,,0,0,,0
seir,odepe_v2_polish,1e-08,seir_7_1em8,1,1,1715.912398815155,7,0,5.713362997076333e-05,6.294645557701083e-05,0.00016157055835425277,8.16409674916113e-05,1,1,1,7,1em8,,0,0,,0
seir,odepe_v2_polish,1e-08,seir_8_1em8,1,1,2484.7202491760254,7,0,0.0006292536733970878,0.0004634709961724288,0.0011908122290093385,0.000618952226198279,1,1,1,8,1em8,,0,0,,0
seir,odepe_v2_polish,1e-08,seir_9_1em8,1,1,2510.2554800510406,7,0,4.969829438061255e-07,3.747585967917063e-07,7.312287549021162e-07,4.7658593790565185e-07,1,1,1,9,1em8,,0,0,,0
slow_fast,odepe_v2_polish,1e-08,slow_fast_0_1em8,1,1,1319.8251991271973,8,0,1.9103779536286608e-08,2.1798966182253007e-08,4.9021358621422745e-08,2.948312062842203e-08,1,1,1,0,1em8,,0,0,,0
slow_fast,odepe_v2_polish,1e-08,slow_fast_1_1em8,1,1,733.7452690601349,8,0,4.7682036882614275e-09,9.48548086148834e-09,4.034330140751771e-08,1.5864173950326595e-08,1,1,1,1,1em8,,0,0,,0
slow_fast,odepe_v2_polish,1e-08,slow_fast_2_1em8,1,1,728.2561650276184,8,0,7.565940366585416e-09,6.288739828883074e-09,1.1127681718167498e-08,7.415114300639816e-09,1,1,1,2,1em8,,0,0,,0
slow_fast,odepe_v2_polish,1e-08,slow_fast_3_1em8,1,1,1104.9360358715057,8,0,8.232495642555391e-08,1.5671132318471275e-07,5.440846117029713e-07,2.398616269546461e-07,1,1,1,3,1em8,,0,0,,0
slow_fast,odepe_v2_polish,1e-08,slow_fast_4_1em8,1,1,950.5332341194153,8,0,3.5716433372337693e-08,4.280942160100792e-08,9.651530823474594e-08,5.6877921623591975e-08,1,1,1,4,1em8,,0,0,,0
slow_fast,odepe_v2_polish,1e-08,slow_fast_5_1em8,1,1,897.4705839157104,8,0,1.7716363615045226e-08,2.7490818745291822e-08,9.543589115860153e-08,4.135248663981665e-08,1,1,1,5,1em8,,0,0,,0
slow_fast,odepe_v2_polish,1e-08,slow_fast_6_1em8,1,1,1280.6253039836884,8,0,3.6212530568199927e-09,6.006020775290554e-09,2.837550186805495e-08,1.053496701720786e-08,1,1,1,6,1em8,,0,0,,0
slow_fast,odepe_v2_polish,1e-08,slow_fast_7_1em8,1,1,794.2046267986298,8,0,9.209380205801799e-08,1.1322159010229768e-07,2.808537495267517e-07,1.6054738610129724e-07,1,1,1,7,1em8,,0,0,,0
slow_fast,odepe_v2_polish,1e-08,slow_fast_8_1em8,1,1,869.3841781616211,8,0,2.531753355306623e-07,3.7109284059203797e-07,1.4884623369619817e-06,6.001238299157448e-07,1,1,1,8,1em8,,0,0,,0
slow_fast,odepe_v2_polish,1e-08,slow_fast_9_1em8,1,1,10635.23940706253,8,0,3.4666958358690854e-09,9.734570621297535e-09,4.6366859685065265e-08,1.765077187190198e-08,1,1,1,9,1em8,,0,0,,0
sirt_treatment,odepe_v2_polish,1e-08,sirt_treatment_0_1em8,1,1,36443.635226011276,9,0,6.581134368966958e-08,1.8963737483895744e-07,7.417106807688974e-07,3.2972533942301107e-07,1,1,1,0,1em8,,0,0,,0
sirt_treatment,odepe_v2_polish,1e-08,sirt_treatment_1_1em8,1,1,5426.718903064728,9,0,1.9775189119807252e-08,8.163573173524177e-08,6.108626895429126e-07,2.0465110980106116e-07,1,1,1,1,1em8,,0,0,,0
sirt_treatment,odepe_v2_polish,1e-08,sirt_treatment_2_1em8,1,1,4574.627800226212,9,0,4.3779554393260916e-08,1.2649578795122847e-07,6.751665243781211e-07,2.4129323676597824e-07,1,1,1,2,1em8,,0,0,,0
sirt_treatment,odepe_v2_polish,1e-08,sirt_treatment_3_1em8,1,1,2519.8331611156464,9,0,2.820618850192461e-08,4.5653682218344796e-08,1.7507153000034298e-07,7.104105673261716e-08,1,1,1,3,1em8,,0,0,,0
sirt_treatment,odepe_v2_polish,1e-08,sirt_treatment_4_1em8,1,1,9475.982778072357,9,0,3.461971357620093e-09,5.074271555370019e-08,2.2663132117628493e-07,9.411160213054459e-08,1,1,1,4,1em8,,0,0,,0
sirt_treatment,odepe_v2_polish,1e-08,sirt_treatment_5_1em8,1,1,7518.994521141052,9,0,4.98465696379413e-08,9.106399203104497e-08,2.7203464473905276e-07,1.3137655098212026e-07,1,1,1,5,1em8,,0,0,,0
sirt_treatment,odepe_v2_polish,1e-08,sirt_treatment_6_1em8,1,1,7475.247699975967,9,0,3.643850004219519e-08,1.1975832137385163e-07,6.593925968365463e-07,2.3203794061832333e-07,1,1,1,6,1em8,,0,0,,0
sirt_treatment,odepe_v2_polish,1e-08,sirt_treatment_7_1em8,1,1,6434.7729749679565,9,0,3.4626246314672926e-08,7.343187822566432e-07,3.950548460418868e-06,1.43208066930679e-06,1,1,1,7,1em8,,0,0,,0
sirt_treatment,odepe_v2_polish,1e-08,sirt_treatment_8_1em8,1,1,5522.26726102829,9,0,3.410042162760656e-08,2.2213001514969647e-07,1.2317189541177898e-06,4.336006895626901e-07,1,1,1,8,1em8,,0,0,,0
sirt_treatment,odepe_v2_polish,1e-08,sirt_treatment_9_1em8,1,1,5589.701959848404,9,0,9.545937467065984e-09,3.51479052723606e-08,1.831774890293133e-07,6.57738549611105e-08,1,1,1,9,1em8,,0,0,,0
vanderpol,odepe_v2_polish,1e-08,vanderpol_0_1em8,1,1,439.68659687042236,4,0,8.518557012675448e-12,3.047199783402852e-11,1.0420297103818343e-10,5.269962996853021e-11,1,1,1,0,1em8,,0,0,,0
vanderpol,odepe_v2_polish,1e-08,vanderpol_1_1em8,1,1,425.8242509365082,4,0,6.836267386955922e-11,6.208293285287896e-11,1.0252726628618053e-10,7.079471563209435e-11,1,1,1,1,1em8,,0,0,,0
vanderpol,odepe_v2_polish,1e-08,vanderpol_2_1em8,1,1,483.4535150527954,4,0,1.0933107640445846e-10,1.205455665728096e-10,1.9328291415477148e-10,1.3033645518846027e-10,1,1,1,2,1em8,,0,0,,0
vanderpol,odepe_v2_polish,1e-08,vanderpol_3_1em8,1,1,509.41389894485474,4,0,2.1526559065218546e-10,2.161063577111468e-10,4.2330048830050903e-10,2.6631228021534283e-10,1,1,1,3,1em8,,0,0,,0
vanderpol,odepe_v2_polish,1e-08,vanderpol_4_1em8,1,1,467.6776559352875,4,0,3.07866048572811e-11,3.769711860985267e-11,8.604091938014067e-11,4.8557221331981846e-11,1,1,1,4,1em8,,0,0,,0
vanderpol,odepe_v2_polish,1e-08,vanderpol_5_1em8,1,1,488.9782569408417,4,0,3.5880169694839927e-10,1.083295789463829e-09,3.4184835813141855e-09,1.7315941288567586e-09,1,1,1,5,1em8,,0,0,,0
vanderpol,odepe_v2_polish,1e-08,vanderpol_6_1em8,1,1,471.46488976478577,4,0,4.0920477712712493e-11,6.479439295511236e-11,1.7613883919691257e-10,9.273329988702209e-11,1,1,1,6,1em8,,0,0,,0
vanderpol,odepe_v2_polish,1e-08,vanderpol_7_1em8,1,1,476.89331793785095,4,0,2.7384525726282815e-12,2.9499953222603228e-12,6.1018822844724365e-12,3.931743374728055e-12,1,1,1,7,1em8,,0,0,,0
vanderpol,odepe_v2_polish,1e-08,vanderpol_8_1em8,1,1,548.5526030063629,4,0,2.0164964642778223e-10,8.205724498461326e-10,2.8463501397116684e-09,1.4347866827227922e-09,1,1,1,8,1em8,,0,0,,0
vanderpol,odepe_v2_polish,1e-08,vanderpol_9_1em8,1,1,396.27727699279785,4,0,6.078470938513399e-10,1.8319992790707684e-09,5.969118307933957e-09,3.0197208337831632e-09,1,1,1,9,1em8,,0,0,,0
aircraft_pitch,odepe_v2_polish,1e-06,aircraft_pitch_0_1em6,1,1,359.36821389198303,6,1,2.0719852049775645e-06,2.7146764063098436e-06,6.600430137390499e-06,3.535177294481483e-06,1,1,1,0,1em6,,0,0,,0
aircraft_pitch,odepe_v2_polish,1e-06,aircraft_pitch_1_1em6,1,1,427.8574299812317,6,1,1.7304089706316546e-06,1.9389603974553185e-06,3.4457161312390336e-06,2.2015515609530513e-06,1,1,1,1,1em6,,0,0,,0
aircraft_pitch,odepe_v2_polish,1e-06,aircraft_pitch_2_1em6,1,1,453.2484791278839,6,1,9.204197155822252e-07,1.1607136860252075e-06,2.0928757181976087e-06,1.271001459900294e-06,1,1,1,2,1em6,,0,0,,0
aircraft_pitch,odepe_v2_polish,1e-06,aircraft_pitch_3_1em6,1,1,548.2363238334656,6,1,1.3026001055572398e-06,1.58693977402623e-06,3.6573901618222654e-06,1.9445241065147844e-06,1,1,1,3,1em6,,0,0,,0
aircraft_pitch,odepe_v2_polish,1e-06,aircraft_pitch_4_1em6,1,1,518.8671460151672,6,1,2.881615724671828e-06,2.3484520204537137e-06,3.8598238103776366e-06,2.7253524118074215e-06,1,1,1,4,1em6,,0,0,,0
aircraft_pitch,odepe_v2_polish,1e-06,aircraft_pitch_5_1em6,1,1,1116.1939761638641,6,1,3.2680039216681252e-06,0.0003644770791786668,0.0021684276523881575,0.0008852679348138553,1,1,1,5,1em6,,0,0,,0
aircraft_pitch,odepe_v2_polish,1e-06,aircraft_pitch_6_1em6,1,1,597.6343729496002,6,1,6.90040269263451e-07,1.913932726522409e-06,7.655885484520515e-06,3.257473579675019e-06,1,1,1,6,1em6,,0,0,,0
aircraft_pitch,odepe_v2_polish,1e-06,aircraft_pitch_7_1em6,1,1,541.4291989803314,6,1,1.9622085138882215e-06,1.8509357277403943e-06,3.34434768786148e-06,2.0441231519508104e-06,1,1,1,7,1em6,,0,0,,0
aircraft_pitch,odepe_v2_polish,1e-06,aircraft_pitch_8_1em6,1,1,580.7799010276794,6,1,1.8500578932866153e-06,2.2762776579426116e-06,5.255964465660802e-06,2.6954173492166712e-06,1,1,1,8,1em6,,0,0,,0
aircraft_pitch,odepe_v2_polish,1e-06,aircraft_pitch_9_1em6,1,1,417.6028859615326,6,1,2.8388002562084276e-06,3.095722977233734e-06,7.743355612545657e-06,4.118619795708458e-06,1,1,1,9,1em6,,0,0,,0
bicycle_model,odepe_v2_polish,1e-06,bicycle_model_0_1em6,1,1,489.98635482788086,5,0,1.1682510375939556e-05,1.128911824572405e-05,1.7133252374126023e-05,1.2010941916666668e-05,1,1,1,0,1em6,,0,0,,0
bicycle_model,odepe_v2_polish,1e-06,bicycle_model_1_1em6,1,1,710.4028022289276,5,0,1.5598232462727881e-06,3.562178999646972e-06,7.944895809120195e-06,4.585912148049398e-06,1,1,1,1,1em6,,0,0,,0
bicycle_model,odepe_v2_polish,1e-06,bicycle_model_2_1em6,1,1,510.9274790287018,5,0,2.9311012536177907e-06,3.3467553834110337e-06,7.655885484520515e-06,4.04376364371867e-06,1,1,1,2,1em6,,0,0,,0
bicycle_model,odepe_v2_polish,1e-06,bicycle_model_3_1em6,1,1,748.8469579219818,5,0,3.549402772062632e-05,3.271514442493951e-05,4.0565580372113665e-05,3.366918737307532e-05,1,1,1,3,1em6,,0,0,,0
bicycle_model,odepe_v2_polish,1e-06,bicycle_model_4_1em6,1,1,474.72206711769104,5,0,9.847609377729582e-06,7.195859044984226e-06,1.0870336517100316e-05,8.195403936671172e-06,1,1,1,4,1em6,,0,0,,0
bicycle_model,odepe_v2_polish,1e-06,bicycle_model_5_1em6,1,1,456.9319999217987,5,0,5.578341549414316e-06,5.1390178869005054e-06,6.993611653741896e-06,5.358779176261543e-06,1,1,1,5,1em6,,0,0,,0
bicycle_model,odepe_v2_polish,1e-06,bicycle_model_6_1em6,1,1,562.4759321212769,5,0,6.6087551901233335e-06,4.809897955348871e-06,8.22062730213165e-06,5.798971674622417e-06,1,1,1,6,1em6,,0,0,,0
bicycle_model,odepe_v2_polish,1e-06,bicycle_model_7_1em6,1,1,582.1789150238037,5,0,8.481508725632625e-05,8.344471731738108e-05,0.00014796467288635029,9.300052866208516e-05,1,1,1,7,1em6,,0,0,,0
bicycle_model,odepe_v2_polish,1e-06,bicycle_model_8_1em6,1,1,472.6192548274994,5,0,6.174789051921592e-07,4.906127674712397e-07,1.0635446293917513e-06,6.186697203728838e-07,1,1,1,8,1em6,,0,0,,0
bicycle_model,odepe_v2_polish,1e-06,bicycle_model_9_1em6,1,1,676.8760459423065,5,0,2.007458091715576e-06,2.4520268693735084e-06,3.313448648751683e-06,2.527161333275689e-06,1,1,1,9,1em6,,0,0,,0
biohydrogenation,odepe_v2_polish,1e-06,biohydrogenation_0_1em6,1,1,43573.74905085564,9,1,7.518587211948413e-05,0.0004505734242311536,0.00253261653646828,0.0008952455441795035,1,1,1,0,1em6,,0,0,,0
biohydrogenation,odepe_v2_polish,1e-06,biohydrogenation_1_1em6,1,1,13629.618513822556,9,1,0.0002293363592041168,0.004818762917131823,0.02284724610517489,0.008767532815828538,0,1,1,1,1em6,,0,0,,0
biohydrogenation,odepe_v2_polish,1e-06,biohydrogenation_2_1em6,1,1,4094.9236998558044,9,1,0.0005598466198809672,0.01600489861334352,0.10718920573701608,0.036573519091197784,0,0,1,2,1em6,,0,0,,0
biohydrogenation,odepe_v2_polish,1e-06,biohydrogenation_3_1em6,1,1,38630.95572805405,9,1,0.00021001534684218155,0.0044459752474843494,0.031321134611693065,0.010635852255528187,0,1,1,3,1em6,,0,0,,0
biohydrogenation,odepe_v2_polish,1e-06,biohydrogenation_4_1em6,1,1,4010.7844190597534,9,1,4.0560795201427524e-05,0.0001511808401929926,0.000626729438007053,0.00025313922355128267,1,1,1,4,1em6,,0,0,,0
biohydrogenation,odepe_v2_polish,1e-06,biohydrogenation_5_1em6,1,1,23313.80309510231,9,1,0.000262859870726007,0.0011046064796343758,0.0062292215082093705,0.002201758470326243,1,1,1,5,1em6,,0,0,,0
biohydrogenation,odepe_v2_polish,1e-06,biohydrogenation_6_1em6,1,1,10150.453136920929,9,1,0.0073663262878645415,0.14961619841190665,0.7304054812083342,0.28071523943635335,0,0,0,6,1em6,,0,0,,0
biohydrogenation,odepe_v2_polish,1e-06,biohydrogenation_7_1em6,1,1,18589.724217891693,9,1,0.00045973172741980013,0.0031047163629170215,0.022065146920298324,0.007437577448164173,0,1,1,7,1em6,,0,0,,0
biohydrogenation,odepe_v2_polish,1e-06,biohydrogenation_8_1em6,1,1,14258.131437063217,9,1,5.584676933430672e-05,0.000383478051607343,0.001713459420530601,0.0006709054178347285,1,1,1,8,1em6,,0,0,,0
biohydrogenation,odepe_v2_polish,1e-06,biohydrogenation_9_1em6,1,1,10408.279582977295,9,1,4.113542379056441e-05,0.0004746914627798476,0.002564511852091925,0.0009377563430704971,1,1,1,9,1em6,,0,0,,0
boost_converter,odepe_v2_polish,1e-06,boost_converter_0_1em6,1,1,694.2677240371704,5,0,4.501645596823291e-06,1.1781189505227203e-05,4.4682850922797044e-05,2.0395674913378972e-05,1,1,1,0,1em6,,0,0,,0
boost_converter,odepe_v2_polish,1e-06,boost_converter_1_1em6,1,1,728.4455831050873,5,0,1.5438189942671496e-05,1.5835835079345717e-05,4.1181419271856e-05,2.120944318199548e-05,1,1,1,1,1em6,,0,0,,0
boost_converter,odepe_v2_polish,1e-06,boost_converter_2_1em6,1,1,1064.488958120346,5,0,1.9740342125458624e-06,2.620072524936676e-06,5.875507623102982e-06,3.10300273453773e-06,1,1,1,2,1em6,,0,0,,0
boost_converter,odepe_v2_polish,1e-06,boost_converter_3_1em6,1,1,695.235689163208,5,0,6.234407972684915e-06,7.5736340947542625e-06,1.6381950953639745e-05,8.840299816329185e-06,1,1,1,3,1em6,,0,0,,0
boost_converter,odepe_v2_polish,1e-06,boost_converter_4_1em6,1,1,838.5629620552063,5,0,4.783058383377599e-06,1.181821776462791e-05,2.589615232661401e-05,1.6470734997928426e-05,1,1,1,4,1em6,,0,0,,0
boost_converter,odepe_v2_polish,1e-06,boost_converter_5_1em6,1,1,722.8919851779938,5,0,8.616502139560543e-06,1.3221323715160977e-05,3.239231876526396e-05,1.6790095617795576e-05,1,1,1,5,1em6,,0,0,,0
boost_converter,odepe_v2_polish,1e-06,boost_converter_6_1em6,1,1,721.8373670578003,5,0,0.0001378184504829507,0.0002464164997962062,0.0007453687263257105,0.0003516859921743219,1,1,1,6,1em6,,0,0,,0
boost_converter,odepe_v2_polish,1e-06,boost_converter_7_1em6,1,1,798.8929510116577,5,0,1.2907538505669125e-05,1.089594502301252e-05,1.7912673461574404e-05,1.2575485627660571e-05,1,1,1,7,1em6,,0,0,,0
boost_converter,odepe_v2_polish,1e-06,boost_converter_8_1em6,1,1,803.3681030273438,5,0,6.894758232275743e-06,1.3025862655063937e-05,4.262065600643312e-05,1.9788223969708418e-05,1,1,1,8,1em6,,0,0,,0
boost_converter,odepe_v2_polish,1e-06,boost_converter_9_1em6,1,1,733.6233170032501,5,0,9.201916024149954e-05,9.001583123786474e-05,0.00013850285456776885,9.738002922856319e-05,1,1,1,9,1em6,,0,0,,0
brusselator,odepe_v2_polish,1e-06,brusselator_0_1em6,1,1,520.8356730937958,4,0,5.932591536178729e-07,7.031611461823204e-07,1.6250553666916386e-06,9.278479563790756e-07,1,1,1,0,1em6,,0,0,,0
brusselator,odepe_v2_polish,1e-06,brusselator_1_1em6,1,1,868.5275449752808,4,0,6.412376418851642e-07,2.8316469466932854e-06,1.0039542811116576e-05,5.050581156418608e-06,1,1,1,1,1em6,,0,0,,0
brusselator,odepe_v2_polish,1e-06,brusselator_2_1em6,1,1,1348.5849339962006,4,0,7.878931745957478e-06,6.643149833553265e-06,1.0812194104420587e-05,7.767632876311179e-06,1,1,1,2,1em6,,0,0,,0
brusselator,odepe_v2_polish,1e-06,brusselator_3_1em6,1,1,684.7646360397339,4,0,5.072470427140283e-06,4.519767587237166e-06,7.903072577931494e-06,5.372660764358907e-06,1,1,1,3,1em6,,0,0,,0
brusselator,odepe_v2_polish,1e-06,brusselator_4_1em6,1,1,785.2961330413818,4,0,7.491619811142401e-06,7.4087549408108804e-06,1.4490978250275605e-05,1.0160834278052186e-05,1,1,1,4,1em6,,0,0,,0
brusselator,odepe_v2_polish,1e-06,brusselator_5_1em6,0,0,362.31777596473694,4,0,,,,,0,0,0,5,1em6,,0,0,,0
brusselator,odepe_v2_polish,1e-06,brusselator_6_1em6,1,1,530.8176169395447,4,0,0.5051725869190157,0.5025797331105928,0.9999736842105262,0.695909913628592,0,0,0,6,1em6,,0,0,,0
brusselator,odepe_v2_polish,1e-06,brusselator_7_1em6,1,1,3849.960300922394,4,0,0.0018952913365394186,0.001849796698306332,0.003608574852798632,0.0022958112949569504,1,1,1,7,1em6,,0,0,,0
brusselator,odepe_v2_polish,1e-06,brusselator_8_1em6,0,0,631.8351979255676,4,0,,,,,0,0,0,8,1em6,,0,0,,0
brusselator,odepe_v2_polish,1e-06,brusselator_9_1em6,1,1,742.7022240161896,4,0,1.5746032646990174e-05,1.711158209801092e-05,2.7973583700767558e-05,1.8623092730652226e-05,1,1,1,9,1em6,,0,0,,0
crauste,odepe_v2_polish,1e-06,crauste_0_1em6,1,1,4974.429929018021,17,0,0.004183878343864355,0.22634560634619127,0.9998887125326716,0.4354242577617932,0,0,0,0,1em6,,0,0,,0
crauste,odepe_v2_polish,1e-06,crauste_1_1em6,1,1,113571.92433595657,17,0,1.2477516316747956e-05,0.008176481860595039,0.0816524896787499,0.0239807235571954,0,1,1,1,1em6,,0,0,,1
crauste,odepe_v2_polish,1e-06,crauste_2_1em6,1,1,64890.48576307297,17,0,0.00010224448113914519,0.028424855934030463,0.2997712201326466,0.07695174329030671,0,0,1,2,1em6,,0,0,,0
crauste,odepe_v2_polish,1e-06,crauste_3_1em6,1,1,92315.26180005074,17,0,1.916241925942158e-05,0.0013638512941644126,0.0115880911291285,0.003698415382677862,0,1,1,3,1em6,,0,0,,1
crauste,odepe_v2_polish,1e-06,crauste_4_1em6,1,1,5472.587640047073,17,0,0.00014712558992019636,0.1003686800921737,0.9998363275013837,0.28918842111262855,0,0,0,4,1em6,,0,0,,0
crauste,odepe_v2_polish,1e-06,crauste_5_1em6,1,1,61261.35017514229,17,0,0.006070208722274523,0.22617623206019052,0.9999695712158228,0.43823800782922173,0,0,0,5,1em6,,0,0,,4
crauste,odepe_v2_polish,1e-06,crauste_6_1em6,1,1,75655.2317738533,17,0,2.51908272375543e-05,0.011553849126987524,0.1342924771106028,0.035801312710121276,0,0,1,6,1em6,,0,0,,0
crauste,odepe_v2_polish,1e-06,crauste_7_1em6,1,1,120011.41693687439,17,0,2.9936599003125103e-06,0.0010328812717555012,0.008936257871018304,0.0029148618253769147,1,1,1,7,1em6,,0,0,,1
crauste,odepe_v2_polish,1e-06,crauste_8_1em6,1,1,126050.48847317696,17,0,4.965976330768068e-06,0.0039416376635454595,0.04062137667266156,0.011628428899248667,0,1,1,8,1em6,,0,0,,0
crauste,odepe_v2_polish,1e-06,crauste_9_1em6,1,1,5325.6482310295105,17,0,0.5815609503555111,0.5491576400585572,0.9999885057471265,0.6933999406832112,0,0,0,9,1em6,,0,0,,1
cstr,odepe_v2_polish,1e-06,cstr_0_1em6,1,1,5183.3595180511475,7,0,0.08033722878470284,0.13588014586743,0.5313607717867679,0.21835154269941925,0,0,0,0,1em6,,0,0,,0
cstr,odepe_v2_polish,1e-06,cstr_1_1em6,1,1,3945.8849301338196,7,0,0.05373918517561987,0.08685641830739098,0.25039280726256985,0.12089779738275917,0,0,1,1,1em6,,0,0,,0
cstr,odepe_v2_polish,1e-06,cstr_2_1em6,1,1,2299.8171331882477,7,0,0.009749468635110366,0.01632428089807818,0.03577644594254033,0.020566115981633222,0,1,1,2,1em6,,0,0,,0
cstr,odepe_v2_polish,1e-06,cstr_3_1em6,1,1,2736.0888419151306,7,0,0.4380019031765058,0.5114531649851008,1.2507199965169142,0.690409113462059,0,0,0,3,1em6,,0,0,,0
cstr,odepe_v2_polish,1e-06,cstr_4_1em6,1,1,2606.9947679042816,7,0,0.5307764947988308,0.5596352336341713,1.0737212425054505,0.6883704905759049,0,0,0,4,1em6,,0,0,,0
cstr,odepe_v2_polish,1e-06,cstr_5_1em6,1,1,2484.694654941559,7,0,0.32756973431859193,0.5652378604193243,1.215629097465035,0.725904706934443,0,0,0,5,1em6,,0,0,,0
cstr,odepe_v2_polish,1e-06,cstr_6_1em6,1,1,3522.26074385643,7,0,0.1813538566468254,0.1338096008168891,0.2600023327722482,0.17029358619662296,0,0,1,6,1em6,,0,0,,0
cstr,odepe_v2_polish,1e-06,cstr_7_1em6,1,1,2546.005562067032,7,0,0.011235973632215616,0.24627029572640116,0.9994296838371,0.4253107487560618,0,0,0,7,1em6,,0,0,,0
cstr,odepe_v2_polish,1e-06,cstr_8_1em6,1,1,2710.3690989017487,7,0,0.6886511234796618,0.6444888286224343,1.0761787686036808,0.7383016112736869,0,0,0,8,1em6,,0,0,,0
cstr,odepe_v2_polish,1e-06,cstr_9_1em6,1,1,2850.282618045807,7,0,1.000473140746124,0.9946521311835885,1.5645964736238533,1.0941120075352633,0,0,0,9,1em6,,0,0,,0
daisy_mamil3,odepe_v2_polish,1e-06,daisy_mamil3_0_1em6,1,1,791.9813780784607,8,0,1.6723912407644827e-06,5.8997496787043134e-06,1.9137083432372417e-05,9.226725211531328e-06,1,1,1,0,1em6,,0,0,,0
daisy_mamil3,odepe_v2_polish,1e-06,daisy_mamil3_1_1em6,1,1,875.9254961013794,8,0,3.6688159694758384e-07,1.824920533733897e-06,8.466366906367144e-06,3.2655733479749757e-06,1,1,1,1,1em6,,0,0,,0
daisy_mamil3,odepe_v2_polish,1e-06,daisy_mamil3_2_1em6,1,1,1287.5812878608704,8,0,1.2811862649833577e-06,2.3312183630411984e-06,8.716507505039198e-06,3.5564467315364194e-06,1,1,1,2,1em6,,0,0,,0
daisy_mamil3,odepe_v2_polish,1e-06,daisy_mamil3_3_1em6,1,1,920.512659072876,8,0,1.6325932577626375e-07,5.800040346390032e-07,2.509019178414613e-06,1.0137802286886668e-06,1,1,1,3,1em6,,0,0,,0
daisy_mamil3,odepe_v2_polish,1e-06,daisy_mamil3_4_1em6,1,1,965.7790040969849,8,0,1.4497624156418943e-06,2.888971255757218e-06,1.1981646255207195e-05,4.698764408166295e-06,1,1,1,4,1em6,,0,0,,0
daisy_mamil3,odepe_v2_polish,1e-06,daisy_mamil3_5_1em6,1,1,898.9603519439697,8,0,5.823076325161105e-06,9.127814702968546e-06,2.4985702573587787e-05,1.253906239966735e-05,1,1,1,5,1em6,,0,0,,0
daisy_mamil3,odepe_v2_polish,1e-06,daisy_mamil3_6_1em6,1,1,767.8897540569305,8,0,9.512736853975863e-07,4.320781130305411e-06,1.3616128398670283e-05,6.74335017314794e-06,1,1,1,6,1em6,,0,0,,0
daisy_mamil3,odepe_v2_polish,1e-06,daisy_mamil3_7_1em6,1,1,766.6721999645233,8,0,2.316077201052627e-06,1.7578829503731816e-05,9.770280536016223e-05,3.6098832179268386e-05,1,1,1,7,1em6,,0,0,,0
daisy_mamil3,odepe_v2_polish,1e-06,daisy_mamil3_8_1em6,1,1,873.8471269607544,8,0,6.758288230856599e-07,8.308251706474855e-07,1.7952818330126306e-06,1.0312482979490559e-06,1,1,1,8,1em6,,0,0,,0
daisy_mamil3,odepe_v2_polish,1e-06,daisy_mamil3_9_1em6,1,1,1095.11283993721,8,0,5.259221923588002e-07,5.960622686972147e-07,1.5022064716304727e-06,7.501369319964487e-07,1,1,1,9,1em6,,0,0,,0
daisy_mamil4,odepe_v2_polish,1e-06,daisy_mamil4_0_1em6,1,1,11413.963016033173,11,0,0.00029100435636052814,0.00033539682526167157,0.001478487137821987,0.0005410039190785787,1,1,1,0,1em6,,0,0,,0
daisy_mamil4,odepe_v2_polish,1e-06,daisy_mamil4_1_1em6,1,1,6629.280748128891,11,0,0.00013901856103354796,0.0004008661234486753,0.0021889458526834315,0.0007636643959000654,1,1,1,1,1em6,,0,0,,0
daisy_mamil4,odepe_v2_polish,1e-06,daisy_mamil4_2_1em6,1,1,3033.9406111240387,11,0,2.4918367499455147e-05,2.3029859806455196e-05,8.587152382585883e-05,3.462809386979176e-05,1,1,1,2,1em6,,0,0,,0
daisy_mamil4,odepe_v2_polish,1e-06,daisy_mamil4_3_1em6,1,1,10552.450979948044,11,0,9.365481655532738e-05,9.562505974873682e-05,0.0005581831663499725,0.0001808727995456891,1,1,1,3,1em6,,0,0,,0
daisy_mamil4,odepe_v2_polish,1e-06,daisy_mamil4_4_1em6,1,1,11391.091952085495,11,0,0.0002150838642700771,0.0003942230744580747,0.001291060041786897,0.0006013905321068816,1,1,1,4,1em6,,0,0,,0
daisy_mamil4,odepe_v2_polish,1e-06,daisy_mamil4_5_1em6,1,1,7223.074559211731,11,0,0.00016423277943842924,0.0007549253801068307,0.005158281182640327,0.001626199271912062,1,1,1,5,1em6,,0,0,,0
daisy_mamil4,odepe_v2_polish,1e-06,daisy_mamil4_6_1em6,1,1,14881.187519073486,11,0,0.00013372542458936574,0.0004054953600391627,0.0014686121297468374,0.0006554616590406397,1,1,1,6,1em6,,0,0,,0
daisy_mamil4,odepe_v2_polish,1e-06,daisy_mamil4_7_1em6,1,1,4634.965774059296,11,0,4.4743524199528055e-06,2.749351183965059e-05,0.00018213001251577893,5.931615558281686e-05,1,1,1,7,1em6,,0,0,,0
daisy_mamil4,odepe_v2_polish,1e-06,daisy_mamil4_8_1em6,1,1,23597.644062042236,11,0,0.00019695838441197605,0.006771432680459804,0.03650169373875769,0.013490815535869597,0,1,1,8,1em6,,0,0,,0
daisy_mamil4,odepe_v2_polish,1e-06,daisy_mamil4_9_1em6,1,1,3314.259835958481,11,0,2.717396778921716e-05,5.79730636076416e-05,0.00020110833798587483,9.096855941085534e-05,1,1,1,9,1em6,,0,0,,0
dc_motor,odepe_v2_polish,1e-06,dc_motor_0_1em6,1,1,422.3283140659332,4,0,6.582883468200666e-06,1.0685272244940753e-05,2.954854806853852e-05,1.5497726813587448e-05,1,1,1,0,1em6,,0,0,,0
dc_motor,odepe_v2_polish,1e-06,dc_motor_1_1em6,1,1,437.26681995391846,4,0,1.8441541452060228e-06,2.4506106144887914e-06,6.060406036991321e-06,3.384594237512175e-06,1,1,1,1,1em6,,0,0,,0
dc_motor,odepe_v2_polish,1e-06,dc_motor_2_1em6,1,1,434.51325011253357,4,0,5.891620277252184e-06,6.062504933560041e-06,8.438572739062748e-06,6.396945117400515e-06,1,1,1,2,1em6,,0,0,,0
dc_motor,odepe_v2_polish,1e-06,dc_motor_3_1em6,1,1,381.40374398231506,4,0,8.714441394226594e-06,8.714982504028015e-06,1.3616349962033878e-05,9.545347934470608e-06,1,1,1,3,1em6,,0,0,,0
dc_motor,odepe_v2_polish,1e-06,dc_motor_4_1em6,1,1,455.68552803993225,4,0,1.5709343857687307e-05,1.3970518692023028e-05,2.010373303482184e-05,1.5142156659605073e-05,1,1,1,4,1em6,,0,0,,0
dc_motor,odepe_v2_polish,1e-06,dc_motor_5_1em6,1,1,1346.0891978740692,4,0,4.56324563917029e-06,6.755419535192352e-06,1.612337315730432e-05,8.757456636212418e-06,1,1,1,5,1em6,,0,0,,0
dc_motor,odepe_v2_polish,1e-06,dc_motor_6_1em6,1,1,423.36511421203613,4,0,1.124720442117722e-05,1.2302292655121872e-05,2.1241487159921607e-05,1.3791415207145618e-05,1,1,1,6,1em6,,0,0,,0
dc_motor,odepe_v2_polish,1e-06,dc_motor_7_1em6,1,1,443.8535490036011,4,0,4.957972563960218e-06,6.390491937178309e-06,1.5250815260529873e-05,8.658942157562391e-06,1,1,1,7,1em6,,0,0,,0
dc_motor,odepe_v2_polish,1e-06,dc_motor_8_1em6,1,1,485.64397501945496,4,0,2.1915335390777192e-05,1.9518379156115154e-05,2.9711821362292183e-05,2.1699628453380607e-05,1,1,1,8,1em6,,0,0,,0
dc_motor,odepe_v2_polish,1e-06,dc_motor_9_1em6,1,1,397.17805099487305,4,0,1.2191228606855094e-05,1.0349535796107226e-05,1.5892117179928114e-05,1.195116378614955e-05,1,1,1,9,1em6,,0,0,,0
fitzhugh_nagumo,odepe_v2_polish,1e-06,fitzhugh_nagumo_0_1em6,1,1,388.25655579566956,5,0,2.1127637051136425e-06,0.00015955506100695727,0.000595479095930448,0.0002806550722473213,1,1,1,0,1em6,,0,0,,0
fitzhugh_nagumo,odepe_v2_polish,1e-06,fitzhugh_nagumo_1_1em6,1,1,452.4758629798889,5,0,3.544799882795375e-06,8.996632852008284e-05,0.00034595464793149013,0.0001609416178167908,1,1,1,1,1em6,,0,0,,0
fitzhugh_nagumo,odepe_v2_polish,1e-06,fitzhugh_nagumo_2_1em6,1,1,568.8092060089111,5,0,7.76830968708333e-05,0.00010146455578026257,0.0002758203684187759,0.00013722439578309567,1,1,1,2,1em6,,0,0,,0
fitzhugh_nagumo,odepe_v2_polish,1e-06,fitzhugh_nagumo_3_1em6,1,1,399.95555996894836,5,0,2.494655176139874e-06,1.3057112529251256e-05,3.067284992034034e-05,1.9432461026662487e-05,1,1,1,3,1em6,,0,0,,0
fitzhugh_nagumo,odepe_v2_polish,1e-06,fitzhugh_nagumo_4_1em6,1,1,482.1843900680542,5,0,0.0005389262807280801,0.0006795442282786077,0.0015870894925856627,0.0009052196763760387,1,1,1,4,1em6,,0,0,,0
fitzhugh_nagumo,odepe_v2_polish,1e-06,fitzhugh_nagumo_5_1em6,1,1,488.6413400173187,5,0,3.0140640084347605e-05,0.0002392843158719365,0.0006641362370290691,0.0003689703596703217,1,1,1,5,1em6,,0,0,,0
fitzhugh_nagumo,odepe_v2_polish,1e-06,fitzhugh_nagumo_6_1em6,1,1,483.6784179210663,5,0,1.814865014877427e-05,0.00012740213961475832,0.0003363170785374157,0.000193647865432876,1,1,1,6,1em6,,0,0,,0
fitzhugh_nagumo,odepe_v2_polish,1e-06,fitzhugh_nagumo_7_1em6,1,1,513.348874092102,5,0,7.921272155317044e-05,0.0003886258980205381,0.0013712213530183675,0.0006466510025364459,1,1,1,7,1em6,,0,0,,0
fitzhugh_nagumo,odepe_v2_polish,1e-06,fitzhugh_nagumo_8_1em6,1,1,570.8947188854218,5,0,3.0404024306647805e-05,3.1715700551758114e-05,7.760979676665582e-05,4.1849730250491355e-05,1,1,1,8,1em6,,0,0,,0
fitzhugh_nagumo,odepe_v2_polish,1e-06,fitzhugh_nagumo_9_1em6,1,1,408.7403450012207,5,0,2.0179924491252298e-05,6.569470629865336e-05,0.0002112487208876587,0.00010259107610550109,1,1,1,9,1em6,,0,0,,0
flexible_arm,odepe_v2_polish,1e-06,flexible_arm_0_1em6,1,1,16270.199129104614,9,0,1.9229398791841128e-05,0.0003150118700499169,0.0025694106773253996,0.0008585583315049378,1,1,1,0,1em6,,0,0,,0
flexible_arm,odepe_v2_polish,1e-06,flexible_arm_1_1em6,1,1,4160.4509699344635,9,0,4.281172018423764e-05,8.229992358774649e-05,0.0004299576137727702,0.00014890604183295464,1,1,1,1,1em6,,0,0,,0
flexible_arm,odepe_v2_polish,1e-06,flexible_arm_2_1em6,1,1,5399.779422044754,9,0,7.332160880214498e-05,9.754530287063439e-05,0.00029793222376675696,0.00013536157990388836,1,1,1,2,1em6,,0,0,,0
flexible_arm,odepe_v2_polish,1e-06,flexible_arm_3_1em6,1,1,2811.112149953842,9,0,2.0015942486536976e-05,2.675860604292489e-05,6.843755115765735e-05,3.537043237958931e-05,1,1,1,3,1em6,,0,0,,0
flexible_arm,odepe_v2_polish,1e-06,flexible_arm_4_1em6,1,1,4081.8070039749146,9,0,1.3208599381274888e-05,5.6610626890872006e-05,0.00027992741642513056,0.00010175585607695183,1,1,1,4,1em6,,0,0,,0
flexible_arm,odepe_v2_polish,1e-06,flexible_arm_5_1em6,1,1,2429.636384010315,9,0,4.716530697906103e-05,0.00011236620159501933,0.00038194341571202734,0.00016428878573727845,1,1,1,5,1em6,,0,0,,0
flexible_arm,odepe_v2_polish,1e-06,flexible_arm_6_1em6,1,1,2879.3879668712616,9,0,2.800865994522381e-05,2.873434379536206e-05,5.1058074043872384e-05,3.3244779369579184e-05,1,1,1,6,1em6,,0,0,,0
flexible_arm,odepe_v2_polish,1e-06,flexible_arm_7_1em6,1,1,5153.437752962112,9,0,3.860566006722874e-05,4.654144769130434e-05,0.00016530916724797685,6.843438873361576e-05,1,1,1,7,1em6,,0,0,,0
flexible_arm,odepe_v2_polish,1e-06,flexible_arm_8_1em6,1,1,6277.848078966141,9,0,2.063164282646579e-05,0.00018493088943044347,0.0010969657881693615,0.00039386212295885553,1,1,1,8,1em6,,0,0,,0
flexible_arm,odepe_v2_polish,1e-06,flexible_arm_9_1em6,1,1,5193.336879968643,9,0,7.98922609194714e-06,2.9358342142733987e-05,0.00016483014810089643,5.817825382640784e-05,1,1,1,9,1em6,,0,0,,0
forced_lotka_volterra,odepe_v2_polish,1e-06,forced_lotka_volterra_0_1em6,1,1,446.4422800540924,6,0,1.8130852621537508e-05,2.6384082000169103e-05,6.177587416503663e-05,3.167881914117453e-05,1,1,1,0,1em6,,0,0,,0
forced_lotka_volterra,odepe_v2_polish,1e-06,forced_lotka_volterra_1_1em6,1,1,446.8762791156769,6,0,4.115998935710463e-05,6.585015745969859e-05,0.00022020011112614652,0.00010042705432990768,1,1,1,1,1em6,,0,0,,0
forced_lotka_volterra,odepe_v2_polish,1e-06,forced_lotka_volterra_2_1em6,1,1,697.1608209609985,6,0,6.954815216984668e-05,0.00010328586184224675,0.00026592131583910895,0.00012964440525679087,1,1,1,2,1em6,,0,0,,0
forced_lotka_volterra,odepe_v2_polish,1e-06,forced_lotka_volterra_3_1em6,1,1,622.8829598426819,6,0,0.00014462842914722456,0.00015045269212097398,0.00036720176795843664,0.00019650629360312949,1,1,1,3,1em6,,0,0,,0
forced_lotka_volterra,odepe_v2_polish,1e-06,forced_lotka_volterra_4_1em6,1,1,650.6466000080109,6,0,0.00012713400856369648,0.00013013515055374902,0.0002745736668974725,0.0001518014695976408,1,1,1,4,1em6,,0,0,,0
forced_lotka_volterra,odepe_v2_polish,1e-06,forced_lotka_volterra_5_1em6,1,1,616.8693079948425,6,0,0.0001473411495051021,0.00013772436711523303,0.00022305940326892615,0.00015303522854307836,1,1,1,5,1em6,,0,0,,0
forced_lotka_volterra,odepe_v2_polish,1e-06,forced_lotka_volterra_6_1em6,1,1,466.9662539958954,6,0,3.3473029678391212e-06,4.841470102008639e-06,1.0887781779165644e-05,6.117073287517909e-06,1,1,1,6,1em6,,0,0,,0
forced_lotka_volterra,odepe_v2_polish,1e-06,forced_lotka_volterra_7_1em6,1,1,727.9013240337372,6,0,8.694729154736128e-05,0.00015859615969244842,0.0004690101408336232,0.00022268876608047753,1,1,1,7,1em6,,0,0,,0
forced_lotka_volterra,odepe_v2_polish,1e-06,forced_lotka_volterra_8_1em6,1,1,611.9195489883423,6,0,0.0001982598629156864,0.00020116830143200644,0.00035611757508509254,0.0002197862998847005,1,1,1,8,1em6,,0,0,,0
forced_lotka_volterra,odepe_v2_polish,1e-06,forced_lotka_volterra_9_1em6,1,1,528.1880841255188,6,0,8.56846108775361e-05,9.184103876785404e-05,0.00018917107434012278,0.00011217668806492815,1,1,1,9,1em6,,0,0,,0
harmonic_oscillator,odepe_v2_polish,1e-06,harmonic_oscillator_0_1em6,1,1,281.3860468864441,4,0,7.428466499974694e-09,1.808752320410982e-08,5.2718760427076196e-08,2.6987808251435422e-08,1,1,1,0,1em6,,0,0,,0
harmonic_oscillator,odepe_v2_polish,1e-06,harmonic_oscillator_1_1em6,1,1,367.7787380218506,4,0,1.420521259237269e-09,1.4400299129054405e-09,2.5277051311078494e-09,1.6265465024336603e-09,1,1,1,1,1em6,,0,0,,0
harmonic_oscillator,odepe_v2_polish,1e-06,harmonic_oscillator_2_1em6,1,1,328.49750995635986,4,0,2.9473738473090315e-10,2.9823692568632447e-10,3.9318259199337204e-10,3.0789973579610804e-10,1,1,1,2,1em6,,0,0,,0
harmonic_oscillator,odepe_v2_polish,1e-06,harmonic_oscillator_3_1em6,1,1,400.3407039642334,4,0,6.14738464939572e-10,7.726536614708485e-10,1.4475713002122483e-09,8.701355968419307e-10,1,1,1,3,1em6,,0,0,,0
harmonic_oscillator,odepe_v2_polish,1e-06,harmonic_oscillator_4_1em6,1,1,341.9494068622589,4,0,1.9304302781219396e-08,2.0624240203376016e-08,3.9908050766364916e-08,2.427030558955839e-08,1,1,1,4,1em6,,0,0,,0
harmonic_oscillator,odepe_v2_polish,1e-06,harmonic_oscillator_5_1em6,1,1,312.5810401439667,4,0,6.354388361140488e-09,8.15261369522982e-09,1.5705019143198053e-08,9.364119472632169e-09,1,1,1,5,1em6,,0,0,,0
harmonic_oscillator,odepe_v2_polish,1e-06,harmonic_oscillator_6_1em6,1,1,315.6084589958191,4,0,4.2792257797971544e-08,8.218950594929141e-08,2.3983652119151626e-07,1.2440734428875863e-07,1,1,1,6,1em6,,0,0,,0
harmonic_oscillator,odepe_v2_polish,1e-06,harmonic_oscillator_7_1em6,1,1,363.70986795425415,4,0,6.758116361086665e-10,1.0668626853615408e-09,2.3600962204816105e-09,1.304730835329982e-09,1,1,1,7,1em6,,0,0,,0
harmonic_oscillator,odepe_v2_polish,1e-06,harmonic_oscillator_8_1em6,1,1,307.54987597465515,4,0,3.275972831515446e-09,2.097986596416678e-08,7.733935821860192e-08,3.874215530589072e-08,1,1,1,8,1em6,,0,0,,0
harmonic_oscillator,odepe_v2_polish,1e-06,harmonic_oscillator_9_1em6,1,1,370.26867604255676,4,0,7.311810686125472e-09,7.473934274100773e-09,1.1540729692820667e-08,8.146749037645715e-09,1,1,1,9,1em6,,0,0,,0
hiv,odepe_v2_polish,1e-06,hiv_0_1em6,1,1,37726.10203003883,15,0,5.399489830357664e-05,0.06663743632184753,0.99396704705289,0.256642051433891,0,0,0,0,1em6,,0,0,,0
hiv,odepe_v2_polish,1e-06,hiv_1_1em6,1,1,60112.07858514786,15,0,5.112433357200613e-05,0.02482122420999847,0.35939877964538186,0.09280896083672331,0,0,1,1,1em6,,0,0,,0
hiv,odepe_v2_polish,1e-06,hiv_2_1em6,1,1,29991.96388220787,15,0,0.0002817272620504509,0.06126019827142058,0.9131072637574331,0.2357640275361778,0,0,0,2,1em6,,0,0,,0
hiv,odepe_v2_polish,1e-06,hiv_3_1em6,1,1,36582.86090302467,15,0,3.3362745693804666e-06,0.005951532729075227,0.08888781997482607,0.022950784751957807,0,1,1,3,1em6,,0,0,,0
hiv,odepe_v2_polish,1e-06,hiv_4_1em6,1,1,33139.96998691559,15,0,2.661121739342653e-06,0.016572398784219802,0.24764689594716258,0.06394226154758514,0,0,1,4,1em6,,0,0,,0
hiv,odepe_v2_polish,1e-06,hiv_5_1em6,1,1,51982.8188688755,15,0,1.8456349722449697e-05,0.003341061512793806,0.048728076942749096,0.012583224414318275,0,1,1,5,1em6,,0,0,,1
hiv,odepe_v2_polish,1e-06,hiv_6_1em6,1,1,27299.322495937347,15,0,2.6813024609240375e-05,0.057242296169660006,0.8524932651685281,0.2201142837120751,0,0,0,6,1em6,,0,0,,0
hiv,odepe_v2_polish,1e-06,hiv_7_1em6,1,1,73312.63147306442,15,0,1.4314705527234952e-05,0.0022111891601614346,0.031451439589110106,0.008127348429209163,0,1,1,7,1em6,,0,0,,0
hiv,odepe_v2_polish,1e-06,hiv_8_1em6,1,1,37214.41244220734,15,0,5.460757904208003e-05,0.06508085733723104,0.9737275466204248,0.25141555301445173,0,0,0,8,1em6,,0,0,,2
hiv,odepe_v2_polish,1e-06,hiv_9_1em6,1,1,27289.87844800949,15,0,3.790088696725081e-05,0.0646085142860345,0.9649766390434902,0.24915643126069656,0,0,0,9,1em6,,0,0,,2
lotka_volterra,odepe_v2_polish,1e-06,lotka_volterra_0_1em6,1,1,599.5041680335999,5,0,1.026400085634933e-06,2.0076808273751376e-06,6.690523218412295e-06,3.1379567367799416e-06,1,1,1,0,1em6,,0,0,,0
lotka_volterra,odepe_v2_polish,1e-06,lotka_volterra_1_1em6,1,1,1117.4231009483337,5,0,1.7107629812198782e-07,3.137637722089432e-07,8.841280203775838e-07,4.2438086587494904e-07,1,1,1,1,1em6,,0,0,,0
lotka_volterra,odepe_v2_polish,1e-06,lotka_volterra_2_1em6,1,1,746.261638879776,5,0,3.157502893456004e-08,2.693289570630482e-08,4.589526077853407e-08,3.021459710819405e-08,1,1,1,2,1em6,,0,0,,0
lotka_volterra,odepe_v2_polish,1e-06,lotka_volterra_3_1em6,1,1,626.7971060276031,5,0,3.344076161738042e-07,3.4105974909981383e-07,7.233028581620292e-07,4.074149520891885e-07,1,1,1,3,1em6,,0,0,,0
lotka_volterra,odepe_v2_polish,1e-06,lotka_volterra_4_1em6,1,1,488.35680198669434,5,0,2.889103510068505e-07,3.6743574041930224e-07,8.178261841723034e-07,4.459427396994459e-07,1,1,1,4,1em6,,0,0,,0
lotka_volterra,odepe_v2_polish,1e-06,lotka_volterra_5_1em6,1,1,524.0788478851318,5,0,1.408680788296438e-07,2.2974878332660892e-07,5.764715061014634e-07,3.1113408679729857e-07,1,1,1,5,1em6,,0,0,,0
lotka_volterra,odepe_v2_polish,1e-06,lotka_volterra_6_1em6,1,1,425.99414896965027,5,0,3.7436102567610904e-07,4.234412330848146e-07,7.671556516735556e-07,4.839076985035054e-07,1,1,1,6,1em6,,0,0,,0
lotka_volterra,odepe_v2_polish,1e-06,lotka_volterra_7_1em6,1,1,567.0088658332825,5,0,1.2935415242107263e-07,1.0790513383584483e-07,1.755152692541126e-07,1.1905479879503009e-07,1,1,1,7,1em6,,0,0,,0
lotka_volterra,odepe_v2_polish,1e-06,lotka_volterra_8_1em6,1,1,931.1748268604279,5,0,1.636907642416488e-07,2.1071168925580935e-07,5.479775878122752e-07,2.747765526262768e-07,1,1,1,8,1em6,,0,0,,0
lotka_volterra,odepe_v2_polish,1e-06,lotka_volterra_9_1em6,1,1,866.6875040531158,5,0,9.015242816493929e-08,1.4974049083690245e-07,3.356575464594648e-07,1.7921405317084553e-07,1,1,1,9,1em6,,0,0,,0
mass_spring_damper,odepe_v2_polish,1e-06,mass_spring_damper_0_1em6,1,1,380.18379187583923,5,0,1.4607369120305651e-07,1.898283531189236e-07,3.970421585352501e-07,2.3461395287476938e-07,1,1,1,0,1em6,,0,0,,0
mass_spring_damper,odepe_v2_polish,1e-06,mass_spring_damper_1_1em6,1,1,357.31017112731934,5,0,2.100400934260641e-08,4.552620769946428e-08,1.4296868258510775e-07,6.807666750298487e-08,1,1,1,1,1em6,,0,0,,0
mass_spring_damper,odepe_v2_polish,1e-06,mass_spring_damper_2_1em6,1,1,490.1744329929352,5,0,2.984693227438721e-08,1.8556849885148987e-07,7.461878322024953e-07,3.394066663427659e-07,1,1,1,2,1em6,,0,0,,0
mass_spring_damper,odepe_v2_polish,1e-06,mass_spring_damper_3_1em6,1,1,407.83449387550354,5,0,3.8844959103714306e-08,7.87805762098904e-07,3.808834938921195e-06,1.7037156785368605e-06,1,1,1,3,1em6,,0,0,,0
mass_spring_damper,odepe_v2_polish,1e-06,mass_spring_damper_4_1em6,1,1,413.7270030975342,5,0,4.9713214783845545e-08,5.505946327744521e-08,8.151757146286037e-08,5.799823490369362e-08,1,1,1,4,1em6,,0,0,,0
mass_spring_damper,odepe_v2_polish,1e-06,mass_spring_damper_5_1em6,1,1,376.7531650066376,5,0,6.391399230196573e-08,1.6052787719483642e-07,4.730554094829511e-07,2.2773290521173133e-07,1,1,1,5,1em6,,0,0,,0
mass_spring_damper,odepe_v2_polish,1e-06,mass_spring_damper_6_1em6,1,1,363.53728199005127,5,0,2.7502029893199912e-08,7.59221681901669e-08,2.861958952405916e-07,1.2984850952469719e-07,1,1,1,6,1em6,,0,0,,0
mass_spring_damper,odepe_v2_polish,1e-06,mass_spring_damper_7_1em6,1,1,388.71821093559265,5,0,3.614576518722869e-08,1.5689793236717054e-07,5.322772598652981e-07,2.550404001324795e-07,1,1,1,7,1em6,,0,0,,0
mass_spring_damper,odepe_v2_polish,1e-06,mass_spring_damper_8_1em6,1,1,391.40472984313965,5,0,3.082891620558621e-07,2.2196420203037741e-07,3.7140084768502694e-07,2.6103439747056875e-07,1,1,1,8,1em6,,0,0,,0
mass_spring_damper,odepe_v2_polish,1e-06,mass_spring_damper_9_1em6,1,1,350.97794008255005,5,0,2.7585053263502187e-07,3.7924374784892955e-07,7.281230271995796e-07,4.700345490294385e-07,1,1,1,9,1em6,,0,0,,0
quadrotor,odepe_v2_polish,1e-06,quadrotor_0_1em6,1,1,328.11785101890564,4,0,9.911262230649706e-06,8.409161074353224e-06,1.3678376812121265e-05,9.943235658806028e-06,1,1,1,0,1em6,,0,0,,0
quadrotor,odepe_v2_polish,1e-06,quadrotor_1_1em6,1,1,350.3444519042969,4,0,8.702718337309002e-07,4.224126056988697e-06,1.4834535184948271e-05,7.44516067667873e-06,1,1,1,1,1em6,,0,0,,0
quadrotor,odepe_v2_polish,1e-06,quadrotor_2_1em6,1,1,378.96510910987854,4,0,6.4684526818090534e-06,8.019891462024075e-06,1.8738300605948505e-05,1.0448656246235764e-05,1,1,1,2,1em6,,0,0,,0
quadrotor,odepe_v2_polish,1e-06,quadrotor_3_1em6,1,1,308.6636929512024,4,0,6.3766051472835945e-06,8.126130454204505e-06,1.8585328409322742e-05,1.03506611709455e-05,1,1,1,3,1em6,,0,0,,0
quadrotor,odepe_v2_polish,1e-06,quadrotor_4_1em6,1,1,331.69334292411804,4,0,1.3143232228614882e-06,2.3339892528880704e-06,6.088222931372649e-06,3.201459779426685e-06,1,1,1,4,1em6,,0,0,,0
quadrotor,odepe_v2_polish,1e-06,quadrotor_5_1em6,1,1,352.66889691352844,4,0,1.0301548602633746e-06,3.2584336854696007e-06,1.057178685356588e-05,5.3402298623812405e-06,1,1,1,5,1em6,,0,0,,0
quadrotor,odepe_v2_polish,1e-06,quadrotor_6_1em6,1,1,367.50669407844543,4,0,5.6205320950544344e-06,8.43682093475623e-06,2.0328378119643258e-05,1.0993847808492875e-05,1,1,1,6,1em6,,0,0,,0
quadrotor,odepe_v2_polish,1e-06,quadrotor_7_1em6,1,1,442.14915013313293,4,0,3.7825635040336346e-06,5.018913792566209e-06,1.0985141631949789e-05,6.33705064097533e-06,1,1,1,7,1em6,,0,0,,0
quadrotor,odepe_v2_polish,1e-06,quadrotor_8_1em6,1,1,342.7455050945282,4,0,1.5426632669215805e-05,1.8283341287169296e-05,3.8641772591028606e-05,2.3427525093749773e-05,1,1,1,8,1em6,,0,0,,0
quadrotor,odepe_v2_polish,1e-06,quadrotor_9_1em6,1,1,305.8593280315399,4,0,1.6920654225699007e-06,6.88695959845964e-06,2.3354031658479105e-05,1.1759744917753399e-05,1,1,1,9,1em6,,0,0,,0
repressilator,odepe_v2_polish,1e-06,repressilator_0_1em6,1,1,2098.5869579315186,9,0,3.031395169017891e-07,4.671109861091904e-07,1.5351069037483257e-06,6.729756151247171e-07,1,1,1,0,1em6,,0,0,,0
repressilator,odepe_v2_polish,1e-06,repressilator_1_1em6,1,1,1466.2302131652832,9,0,1.2352546039180554e-07,5.666346522935999e-07,1.8111062681802893e-06,8.601480940917051e-07,1,1,1,1,1em6,,0,0,,0
repressilator,odepe_v2_polish,1e-06,repressilator_2_1em6,1,1,1354.8117730617523,9,0,3.0048526789782744e-07,9.085354229677285e-07,4.299358947154981e-06,1.621296460753147e-06,1,1,1,2,1em6,,0,0,,0
repressilator,odepe_v2_polish,1e-06,repressilator_3_1em6,1,1,2178.2681171894073,9,0,4.448346086060278e-07,1.0558172420580304e-06,4.232169232692093e-06,1.6968719535828082e-06,1,1,1,3,1em6,,0,0,,0
repressilator,odepe_v2_polish,1e-06,repressilator_4_1em6,1,1,1732.7882220745087,9,0,1.9663380151466405e-07,4.388572398967793e-07,1.4382444290377723e-06,6.431094903372526e-07,1,1,1,4,1em6,,0,0,,0
repressilator,odepe_v2_polish,1e-06,repressilator_5_1em6,1,1,1730.7230207920074,9,0,6.606125157964938e-07,6.570116718648494e-07,1.7152065539114022e-06,8.219965619214011e-07,1,1,1,5,1em6,,0,0,,0
repressilator,odepe_v2_polish,1e-06,repressilator_6_1em6,1,1,1224.4491829872131,9,0,2.064782951202828e-07,2.8678789126311055e-06,1.9613961986468478e-05,6.740301654768646e-06,1,1,1,6,1em6,,0,0,,0
repressilator,odepe_v2_polish,1e-06,repressilator_7_1em6,1,1,1567.7353811264038,9,0,5.027340094754503e-07,6.656294830599649e-07,1.7560291354357105e-06,8.810966133451706e-07,1,1,1,7,1em6,,0,0,,0
repressilator,odepe_v2_polish,1e-06,repressilator_8_1em6,1,1,1816.2505609989166,9,0,3.357066008214592e-07,3.4989306506050326e-07,7.682071617190248e-07,4.1405189437519824e-07,1,1,1,8,1em6,,0,0,,0
repressilator,odepe_v2_polish,1e-06,repressilator_9_1em6,1,1,2318.5355207920074,9,0,3.4469166166451417e-07,7.264349652193549e-07,2.6142393091346106e-06,1.0866032886634038e-06,1,1,1,9,1em6,,0,0,,0
seir,odepe_v2_polish,1e-06,seir_0_1em6,1,1,2326.106444120407,7,0,1.7534813815490612e-05,2.6392124728982182e-05,8.385148562475876e-05,3.964632986121267e-05,1,1,1,0,1em6,,0,0,,0
seir,odepe_v2_polish,1e-06,seir_1_1em6,1,1,2148.5862278938293,7,0,0.0005080642836689131,0.0005779145693169648,0.0015235825778539495,0.0007757098377398848,1,1,1,1,1em6,,0,0,,0
seir,odepe_v2_polish,1e-06,seir_2_1em6,1,1,2707.2115659713745,7,0,0.00026609839640415135,0.00018783936306770825,0.0004011004063710606,0.0002477774196462255,1,1,1,2,1em6,,0,0,,0
seir,odepe_v2_polish,1e-06,seir_3_1em6,1,1,2845.2172701358795,7,0,0.00037776977785043795,0.0002343754711365659,0.0004957539898888632,0.0003117656158965081,1,1,1,3,1em6,,0,0,,0
seir,odepe_v2_polish,1e-06,seir_4_1em6,1,1,3924.0040650367737,7,0,0.08493094845097213,0.06581549622203807,0.15025020270791997,0.08630123586994429,0,0,1,4,1em6,,0,0,,0
seir,odepe_v2_polish,1e-06,seir_5_1em6,1,1,3196.1817960739136,7,0,3.410022963479236e-05,4.8270883551938655e-05,0.00016210051378579585,7.138176474669796e-05,1,1,1,5,1em6,,0,0,,0
seir,odepe_v2_polish,1e-06,seir_6_1em6,1,1,3636.053678035736,7,0,0.0032179283632122685,0.006128663863146833,0.01979651061636048,0.009009896231280392,0,1,1,6,1em6,,0,0,,0
seir,odepe_v2_polish,1e-06,seir_7_1em6,1,1,2872.539426088333,7,0,0.0038052437218043795,0.004506351670340086,0.011320427654728016,0.005849608730743394,0,1,1,7,1em6,,0,0,,0
seir,odepe_v2_polish,1e-06,seir_8_1em6,1,1,3460.0229291915894,7,0,0.018642573738065597,0.013717306906215693,0.03530731036632482,0.01833440194354647,0,1,1,8,1em6,,0,0,,0
seir,odepe_v2_polish,1e-06,seir_9_1em6,1,1,3215.71608710289,7,0,0.00013784561275487876,8.366933717485229e-05,0.0001551825450804099,0.0001085862277423854,1,1,1,9,1em6,,0,0,,0
slow_fast,odepe_v2_polish,1e-06,slow_fast_0_1em6,1,1,2489.33008480072,8,0,1.0546920362358791e-06,2.4276449899619405e-06,1.1178676944257264e-05,4.2468627532429755e-06,1,1,1,0,1em6,,0,0,,0
slow_fast,odepe_v2_polish,1e-06,slow_fast_1_1em6,1,1,1072.8413949012756,8,0,5.57078875427912e-07,9.594032267034356e-07,2.9190244809689966e-06,1.4214581604317402e-06,1,1,1,1,1em6,,0,0,,0
slow_fast,odepe_v2_polish,1e-06,slow_fast_2_1em6,1,1,1090.415631055832,8,0,3.1437497448366536e-07,5.242417257871162e-07,1.82270842472451e-06,7.91170303261653e-07,1,1,1,2,1em6,,0,0,,0
slow_fast,odepe_v2_polish,1e-06,slow_fast_3_1em6,1,1,4440.29682803154,8,0,1.7373146429632523e-05,3.0982210831611734e-05,0.00010614448473631705,4.691212132841158e-05,1,1,1,3,1em6,,0,0,,0
slow_fast,odepe_v2_polish,1e-06,slow_fast_4_1em6,1,1,2297.6881020069122,8,0,9.855573226791249e-07,1.0001959841045251e-06,2.4405393673544477e-06,1.241021925742349e-06,1,1,1,4,1em6,,0,0,,0
slow_fast,odepe_v2_polish,1e-06,slow_fast_5_1em6,1,1,1094.9500958919525,8,0,9.841520709542032e-07,1.2378017926495794e-06,4.203857236879473e-06,1.7978294991625644e-06,1,1,1,5,1em6,,0,0,,0
slow_fast,odepe_v2_polish,1e-06,slow_fast_6_1em6,1,1,2021.6808638572693,8,0,5.15065551187167e-07,1.0774247197086293e-06,3.2508887538382003e-06,1.6196540262179596e-06,1,1,1,6,1em6,,0,0,,0
slow_fast,odepe_v2_polish,1e-06,slow_fast_7_1em6,1,1,2361.5904309749603,8,0,3.988218616848681e-06,4.5843492808733125e-06,1.0335064417990988e-05,6.131933193940778e-06,1,1,1,7,1em6,,0,0,,0
slow_fast,odepe_v2_polish,1e-06,slow_fast_8_1em6,1,1,1737.8240070343018,8,0,2.324911545604691e-06,4.682045178821034e-06,1.574330005399566e-05,7.554066639827546e-06,1,1,1,8,1em6,,0,0,,0
slow_fast,odepe_v2_polish,1e-06,slow_fast_9_1em6,1,1,7205.97550201416,8,0,9.671879075669565e-06,3.047292620039877e-05,8.416195773260544e-05,4.635738099579108e-05,1,1,1,9,1em6,,0,0,,0
sirt_treatment,odepe_v2_polish,1e-06,sirt_treatment_0_1em6,1,1,46803.58089900017,9,0,3.5576544587987707e-06,1.5348317703287333e-05,9.872185208713264e-05,3.4072631633929854e-05,1,1,1,0,1em6,,0,0,,0
sirt_treatment,odepe_v2_polish,1e-06,sirt_treatment_1_1em6,1,1,7882.47421503067,9,0,4.448924542942013e-07,1.451406743647918e-06,9.212769633615281e-06,3.1385084564887624e-06,1,1,1,1,1em6,,0,0,,0
sirt_treatment,odepe_v2_polish,1e-06,sirt_treatment_2_1em6,1,1,11570.958181858063,9,0,1.641847378620871e-05,2.3658327567000827e-05,8.6842636821124e-05,3.5595571780081494e-05,1,1,1,2,1em6,,0,0,,0
sirt_treatment,odepe_v2_polish,1e-06,sirt_treatment_3_1em6,1,1,3970.071074962616,9,0,1.0162493747853398e-06,8.043122843601557e-06,4.871779853774718e-05,1.6880277869660957e-05,1,1,1,3,1em6,,0,0,,0
sirt_treatment,odepe_v2_polish,1e-06,sirt_treatment_4_1em6,1,1,11127.830835103989,9,0,1.6023683528519151e-06,4.675366685363025e-06,1.7183718136275586e-05,7.550202980200724e-06,1,1,1,4,1em6,,0,0,,0
sirt_treatment,odepe_v2_polish,1e-06,sirt_treatment_5_1em6,1,1,16594.480803966522,9,0,5.93319783770249e-06,1.7859567242557192e-05,7.989733170224637e-05,3.187772618044821e-05,1,1,1,5,1em6,,0,0,,0
sirt_treatment,odepe_v2_polish,1e-06,sirt_treatment_6_1em6,1,1,12392.116338014603,9,0,1.8684040275064872e-06,1.2013545271468855e-05,5.636973306808309e-05,2.1199660722937044e-05,1,1,1,6,1em6,,0,0,,0
sirt_treatment,odepe_v2_polish,1e-06,sirt_treatment_7_1em6,1,1,11379.307423114777,9,0,1.4053185235283388e-05,6.22830402611077e-05,0.00020402018022272744,9.920914931590711e-05,1,1,1,7,1em6,,0,0,,0
sirt_treatment,odepe_v2_polish,1e-06,sirt_treatment_8_1em6,1,1,14005.03012394905,9,0,3.111084098579417e-06,6.118235458077396e-06,1.9841958574036477e-05,8.513868647018437e-06,1,1,1,8,1em6,,0,0,,0
sirt_treatment,odepe_v2_polish,1e-06,sirt_treatment_9_1em6,1,1,14158.36614704132,9,0,9.415832909776197e-07,8.485659413116693e-06,5.7070185481123733e-05,1.9324079903370883e-05,1,1,1,9,1em6,,0,0,,0
vanderpol,odepe_v2_polish,1e-06,vanderpol_0_1em6,1,1,497.3450720310211,4,0,2.8109883740424135e-09,1.5739338538055132e-08,5.731448606314761e-08,2.8785101798370625e-08,1,1,1,0,1em6,,0,0,,0
vanderpol,odepe_v2_polish,1e-06,vanderpol_1_1em6,1,1,491.68066215515137,4,0,7.892907533280105e-09,1.0866915813233775e-08,2.7569943614744253e-08,1.4923903276924228e-08,1,1,1,1,1em6,,0,0,,0
vanderpol,odepe_v2_polish,1e-06,vanderpol_2_1em6,1,1,605.8424999713898,4,0,3.930524611892099e-09,3.6809226542718913e-09,6.014765528084321e-09,4.1204552777886705e-09,1,1,1,2,1em6,,0,0,,0
vanderpol,odepe_v2_polish,1e-06,vanderpol_3_1em6,1,1,531.8589599132538,4,0,1.2449846881887663e-08,1.1832635852731335e-08,1.9782879265943286e-08,1.4111979480206156e-08,1,1,1,3,1em6,,0,0,,0
vanderpol,odepe_v2_polish,1e-06,vanderpol_4_1em6,1,1,503.4227168560028,4,0,2.1975890169229215e-09,3.273574876520713e-09,8.541447490097232e-09,4.554511012303685e-09,1,1,1,4,1em6,,0,0,,0
vanderpol,odepe_v2_polish,1e-06,vanderpol_5_1em6,1,1,510.0057580471039,4,0,1.696591864434116e-07,2.1828468957629155e-07,5.081227903853127e-07,2.9149051189029126e-07,1,1,1,5,1em6,,0,0,,0
vanderpol,odepe_v2_polish,1e-06,vanderpol_6_1em6,1,1,460.9518508911133,4,0,2.0697433915523766e-08,5.199883327062131e-08,1.6256104318750998e-07,8.327902529074255e-08,1,1,1,6,1em6,,0,0,,0
vanderpol,odepe_v2_polish,1e-06,vanderpol_7_1em6,1,1,586.5497040748596,4,0,4.258790189395753e-10,1.4687351098887289e-09,4.940847409146052e-09,2.49612844574921e-09,1,1,1,7,1em6,,0,0,,0
vanderpol,odepe_v2_polish,1e-06,vanderpol_8_1em6,1,1,678.4581999778748,4,0,1.751883966720527e-08,1.771730538990498e-08,3.563881730421996e-08,2.236121660299157e-08,1,1,1,8,1em6,,0,0,,0
vanderpol,odepe_v2_polish,1e-06,vanderpol_9_1em6,1,1,465.753564119339,4,0,2.9125885294293672e-08,3.949878349866479e-07,1.50808427402123e-06,7.543640411294437e-07,1,1,1,9,1em6,,0,0,,0
aircraft_pitch,odepe_v2_polish,0.0001,aircraft_pitch_0_1em4,1,1,420.12401008605957,6,1,1.2387470034516451e-05,5.3875908626341676e-05,0.00027246423106388925,0.00011173246046458928,1,1,1,0,1em4,,0,0,,0
aircraft_pitch,odepe_v2_polish,0.0001,aircraft_pitch_1_1em4,1,1,439.0212450027466,6,1,1.5577980858284524e-05,1.80018572854321e-05,4.5665672846975514e-05,2.307117780405062e-05,1,1,1,1,1em4,,0,0,,0
aircraft_pitch,odepe_v2_polish,0.0001,aircraft_pitch_2_1em4,1,1,586.9621601104736,6,1,9.204197155822252e-07,4.1782412087838905e-06,2.019804085474971e-05,8.299331236759675e-06,1,1,1,2,1em4,,0,0,,0
aircraft_pitch,odepe_v2_polish,0.0001,aircraft_pitch_3_1em4,1,1,596.103490114212,6,1,2.021954524164655e-06,2.1615403154920785e-06,4.130449461896495e-06,2.5586903489688116e-06,1,1,1,3,1em4,,0,0,,0
aircraft_pitch,odepe_v2_polish,0.0001,aircraft_pitch_4_1em4,1,1,475.2809371948242,6,1,2.886981420848376e-06,2.3661465535037003e-06,3.8598238103776366e-06,2.7475453804639752e-06,1,1,1,4,1em4,,0,0,,0
aircraft_pitch,odepe_v2_polish,0.0001,aircraft_pitch_5_1em4,1,1,1010.6767508983612,6,1,3.6950508545131404e-06,0.0006607151386449414,0.003945001915320116,0.001610546680487955,1,1,1,5,1em4,,0,0,,0
aircraft_pitch,odepe_v2_polish,0.0001,aircraft_pitch_6_1em4,1,1,524.7278881072998,6,1,1.7689421419762082e-06,1.2474347081147081e-05,6.659825642891927e-05,2.7263020886701897e-05,1,1,1,6,1em4,,0,0,,0
aircraft_pitch,odepe_v2_polish,0.0001,aircraft_pitch_7_1em4,1,1,442.76192808151245,6,1,2.6839244809044513e-06,4.159331393677854e-06,1.3958324085553025e-05,6.153128451628426e-06,1,1,1,7,1em4,,0,0,,0
aircraft_pitch,odepe_v2_polish,0.0001,aircraft_pitch_8_1em4,1,1,445.9633820056915,6,1,1.8500578932866153e-06,5.0058417414735195e-06,2.1633348966846245e-05,8.981168012159367e-06,1,1,1,8,1em4,,0,0,,0
aircraft_pitch,odepe_v2_polish,0.0001,aircraft_pitch_9_1em4,1,1,616.7302250862122,6,1,2.8388002562084276e-06,4.965313523095936e-06,1.569832032645074e-05,7.395247034618594e-06,1,1,1,9,1em4,,0,0,,0
bicycle_model,odepe_v2_polish,0.0001,bicycle_model_0_1em4,1,1,576.0497698783875,5,0,1.2589629585252502e-05,2.066154542957688e-05,4.874466508795954e-05,2.530228332674004e-05,1,1,1,0,1em4,,0,0,,0
bicycle_model,odepe_v2_polish,0.0001,bicycle_model_1_1em4,1,1,605.4844830036163,5,0,7.944895809120195e-06,8.65655638065146e-06,1.4597280866074402e-05,9.767906602295894e-06,1,1,1,1,1em4,,0,0,,0
bicycle_model,odepe_v2_polish,0.0001,bicycle_model_2_1em4,1,1,635.1139640808105,5,0,2.9311012536177907e-06,3.3467553834110337e-06,7.655885484520515e-06,4.04376364371867e-06,1,1,1,2,1em4,,0,0,,0
bicycle_model,odepe_v2_polish,0.0001,bicycle_model_3_1em4,1,1,501.23385286331177,5,0,9.667612340320686e-05,0.00013606322314274236,0.0002415354658916538,0.00015240322726891586,1,1,1,3,1em4,,0,0,,0
bicycle_model,odepe_v2_polish,0.0001,bicycle_model_4_1em4,1,1,620.2853269577026,5,0,4.3004751205372494e-05,3.671350626217663e-05,4.89053935029303e-05,3.974613351511414e-05,1,1,1,4,1em4,,0,0,,0
bicycle_model,odepe_v2_polish,0.0001,bicycle_model_5_1em4,1,1,589.349781036377,5,0,3.2145926293002484e-05,3.43342487415778e-05,4.574071581116604e-05,3.485633471440794e-05,1,1,1,5,1em4,,0,0,,0
bicycle_model,odepe_v2_polish,0.0001,bicycle_model_6_1em4,1,1,679.820023059845,5,0,6.6087551901233335e-06,4.809897955348871e-06,8.22062730213165e-06,5.798971674622417e-06,1,1,1,6,1em4,,0,0,,0
bicycle_model,odepe_v2_polish,0.0001,bicycle_model_7_1em4,1,1,469.85405802726746,5,0,0.002261644899062896,0.0016537179031381097,0.0024948445695902087,0.0018873153748553183,1,1,1,7,1em4,,0,0,,0
bicycle_model,odepe_v2_polish,0.0001,bicycle_model_8_1em4,1,1,687.5023059844971,5,0,9.74036947736108e-06,1.0448583604991025e-05,1.9245677524179802e-05,1.1481425417368568e-05,1,1,1,8,1em4,,0,0,,0
bicycle_model,odepe_v2_polish,0.0001,bicycle_model_9_1em4,1,1,626.6754291057587,5,0,3.0759354712758304e-06,8.594911802147982e-06,2.0847199069411877e-05,1.166370831047234e-05,1,1,1,9,1em4,,0,0,,0
biohydrogenation,odepe_v2_polish,0.0001,biohydrogenation_0_1em4,1,1,36957.77540111542,9,1,0.20101643879899156,0.3527080550323399,0.9662059812852898,0.5112883410540852,0,0,0,0,1em4,,0,0,,0
biohydrogenation,odepe_v2_polish,0.0001,biohydrogenation_1_1em4,1,1,15334.479958057404,9,1,0.248088234453713,0.3511803065637694,0.9728086133042017,0.4970333112831646,0,0,0,1,1em4,,0,0,,0
biohydrogenation,odepe_v2_polish,0.0001,biohydrogenation_2_1em4,1,1,4165.88174200058,9,1,0.038776502544722286,0.20193868381689598,0.9134255986644623,0.3828527872441907,0,0,0,2,1em4,,0,0,,0
biohydrogenation,odepe_v2_polish,0.0001,biohydrogenation_3_1em4,1,1,10835.976234912872,9,1,0.0026675448400744887,0.1420548314194738,0.6122575772492281,0.24722695504981151,0,0,0,3,1em4,,0,0,,0
biohydrogenation,odepe_v2_polish,0.0001,biohydrogenation_4_1em4,1,1,15643.914445877075,9,1,0.0061526969334293104,0.01684835629597299,0.0715596386695446,0.02856472464819573,0,1,1,4,1em4,,0,0,,0
biohydrogenation,odepe_v2_polish,0.0001,biohydrogenation_5_1em4,1,1,21280.58179998398,9,1,0.18926451486827903,0.4635510159782148,0.9999861095177579,0.6396108649954915,0,0,0,5,1em4,,0,0,,0
biohydrogenation,odepe_v2_polish,0.0001,biohydrogenation_6_1em4,1,1,6875.574841976166,9,1,0.23584711337198133,0.3218108597380904,0.8562953565416498,0.47051585778397287,0,0,0,6,1em4,,0,0,,0
biohydrogenation,odepe_v2_polish,0.0001,biohydrogenation_7_1em4,1,1,21269.421383857727,9,1,0.031855253716802215,0.11139858118869227,0.6130202241645332,0.21672342683968715,0,0,0,7,1em4,,0,0,,0
biohydrogenation,odepe_v2_polish,0.0001,biohydrogenation_8_1em4,1,1,14796.483697891235,9,1,0.1073234143564612,0.29759243220289444,0.8527026214262667,0.447158363405046,0,0,0,8,1em4,,0,0,,0
biohydrogenation,odepe_v2_polish,0.0001,biohydrogenation_9_1em4,1,1,6300.3439610004425,9,1,0.010632756352609652,0.11004645631923876,0.5938342773850284,0.21542436976531598,0,0,0,9,1em4,,0,0,,0
boost_converter,odepe_v2_polish,0.0001,boost_converter_0_1em4,1,1,807.4856088161469,5,0,5.955498840935304e-05,8.421548647644626e-05,0.00015710901330991378,9.767092080878681e-05,1,1,1,0,1em4,,0,0,,0
boost_converter,odepe_v2_polish,0.0001,boost_converter_1_1em4,1,1,695.7370800971985,5,0,0.00011295742458755643,9.514131066937911e-05,0.00014515412159451713,0.00010580394157658576,1,1,1,1,1em4,,0,0,,0
boost_converter,odepe_v2_polish,0.0001,boost_converter_2_1em4,1,1,746.18971991539,5,0,7.626968650636495e-05,8.247035544695136e-05,0.00022759495011328264,0.00011427722632991563,1,1,1,2,1em4,,0,0,,0
boost_converter,odepe_v2_polish,0.0001,boost_converter_3_1em4,1,1,732.3184499740601,5,0,8.766514480494055e-05,7.264055403714416e-05,0.00011404191635301953,8.168826248738759e-05,1,1,1,3,1em4,,0,0,,0
boost_converter,odepe_v2_polish,0.0001,boost_converter_4_1em4,1,1,763.7482378482819,5,0,0.0002034730763234213,0.00018349228065430478,0.0002675099415822952,0.0001954015624455104,1,1,1,4,1em4,,0,0,,0
boost_converter,odepe_v2_polish,0.0001,boost_converter_5_1em4,1,1,863.2810280323029,5,0,0.00011259453481730833,0.00016247755238403563,0.00048466052039236693,0.00023602172977451937,1,1,1,5,1em4,,0,0,,0
boost_converter,odepe_v2_polish,0.0001,boost_converter_6_1em4,1,1,712.830069065094,5,0,0.0003237687530125641,0.0003864481569797281,0.0008147268584278149,0.00047643561395291497,1,1,1,6,1em4,,0,0,,0
boost_converter,odepe_v2_polish,0.0001,boost_converter_7_1em4,1,1,901.9914619922638,5,0,4.9825339024466213e-05,5.4570613681587956e-05,7.467665430599632e-05,5.6797792429740856e-05,1,1,1,7,1em4,,0,0,,0
boost_converter,odepe_v2_polish,0.0001,boost_converter_8_1em4,1,1,739.1863269805908,5,0,6.980339418492055e-05,7.59646507547353e-05,0.0001383114270385723,8.88899607308463e-05,1,1,1,8,1em4,,0,0,,0
boost_converter,odepe_v2_polish,0.0001,boost_converter_9_1em4,1,1,772.6660380363464,5,0,4.0290868450762417e-05,0.00013331933969126426,0.0004190298227160985,0.00020564432646625924,1,1,1,9,1em4,,0,0,,0
brusselator,odepe_v2_polish,0.0001,brusselator_0_1em4,1,1,554.6171660423279,4,0,0.00023741902779003194,0.0001969654635231338,0.0003104900869164278,0.000231230070665611,1,1,1,0,1em4,,0,0,,0
brusselator,odepe_v2_polish,0.0001,brusselator_1_1em4,1,1,879.8700711727142,4,0,1.816131258270614e-05,0.0003333780787371186,0.0012946244593381086,0.0006474542940366041,1,1,1,1,1em4,,0,0,,0
brusselator,odepe_v2_polish,0.0001,brusselator_2_1em4,1,1,2028.0664060115814,4,0,0.00221850179404655,0.0020583604567004418,0.0037961757079404855,0.0024649763806642105,1,1,1,2,1em4,,0,0,,0
brusselator,odepe_v2_polish,0.0001,brusselator_3_1em4,1,1,773.151340007782,4,0,0.0003344935502532951,0.00027417376643534597,0.00042677212992349,0.00031943515482635434,1,1,1,3,1em4,,0,0,,0
brusselator,odepe_v2_polish,0.0001,brusselator_4_1em4,1,1,1071.1465740203857,4,0,0.0009029879788689385,0.0010309838972673558,0.0017049987981105333,0.0011083277536524134,1,1,1,4,1em4,,0,0,,0
brusselator,odepe_v2_polish,0.0001,brusselator_5_1em4,0,0,524.4615499973297,4,0,,,,,0,0,0,5,1em4,,0,0,,0
brusselator,odepe_v2_polish,0.0001,brusselator_6_1em4,1,1,458.56616497039795,4,0,6.112456279758076,6.896458671706243,14.360983102918572,9.141073704142643,0,0,0,6,1em4,,0,0,,0
brusselator,odepe_v2_polish,0.0001,brusselator_7_1em4,1,1,14847.66971707344,4,0,0.09309671759619281,0.08627316533051338,0.12429847657284646,0.09402840873797781,0,0,1,7,1em4,,0,0,,0
brusselator,odepe_v2_polish,0.0001,brusselator_8_1em4,0,0,589.6694638729095,4,0,,,,,0,0,0,8,1em4,,0,0,,0
brusselator,odepe_v2_polish,0.0001,brusselator_9_1em4,1,1,878.6130030155182,4,0,8.266168797259331e-05,0.00010144965599457985,0.0002390233895317518,0.00013527811733231958,1,1,1,9,1em4,,0,0,,0
crauste,odepe_v2_polish,0.0001,crauste_0_1em4,1,1,4136.7870881557465,17,0,0.18850624168721017,0.4021575855653332,0.999982008075545,0.5991620575522972,0,0,0,0,1em4,,0,0,,0
crauste,odepe_v2_polish,0.0001,crauste_1_1em4,1,1,112246.82020306587,17,0,0.0036236091371402435,0.259888085530176,0.9987962130432314,0.4300131794599698,0,0,0,1,1em4,,0,0,,1
crauste,odepe_v2_polish,0.0001,crauste_2_1em4,1,1,4292.200422048569,17,0,0.07605186798437032,0.31631427584821004,0.999847676718457,0.5280556081007111,0,0,0,2,1em4,,0,0,,0
crauste,odepe_v2_polish,0.0001,crauste_3_1em4,1,1,71419.79285311699,17,0,0.0005303780647211637,0.0985941517468029,0.8988867723594587,0.28179410202880095,0,0,0,3,1em4,,0,0,,1
crauste,odepe_v2_polish,0.0001,crauste_4_1em4,1,1,92400.9127240181,17,0,0.00040669704454649683,0.09113678488631881,0.8268836178285905,0.23420794286454819,0,0,0,4,1em4,,0,0,,0
crauste,odepe_v2_polish,0.0001,crauste_5_1em4,1,1,52474.21177697182,17,0,0.0594905884813561,0.4154601713180669,0.9999863481831984,0.617377124042343,0,0,0,5,1em4,,0,0,,4
crauste,odepe_v2_polish,0.0001,crauste_6_1em4,1,1,5442.105382204056,17,0,0.020122236271756324,0.16579625924707897,0.9974752247443559,0.32468580379132483,0,0,0,6,1em4,,0,0,,0
crauste,odepe_v2_polish,0.0001,crauste_7_1em4,1,1,5466.360955953598,17,0,0.033058511860599445,0.0862965099424936,0.4992473877097975,0.17129713777728978,0,0,1,7,1em4,,0,0,,1
crauste,odepe_v2_polish,0.0001,crauste_8_1em4,1,1,4569.930748939514,17,0,0.6424544632635047,0.5370334550986918,0.9999719160774303,0.689103170362559,0,0,0,8,1em4,,0,0,,0
crauste,odepe_v2_polish,0.0001,crauste_9_1em4,1,1,5192.295655012131,17,0,0.02452689023395092,0.3916132848237638,0.9999885019676573,0.596010582154652,0,0,0,9,1em4,,0,0,,1
cstr,odepe_v2_polish,0.0001,cstr_0_1em4,1,1,4131.391556978226,7,0,0.1873991005535056,0.4351344797308146,1.0552071911549705,0.6007585278293999,0,0,0,0,1em4,,0,0,,0
cstr,odepe_v2_polish,0.0001,cstr_1_1em4,1,1,2802.519119977951,7,0,0.3527215699817312,0.5734810235672876,1.0603333376544486,0.6942623255167171,0,0,0,1,1em4,,0,0,,0
cstr,odepe_v2_polish,0.0001,cstr_2_1em4,1,1,3391.2684450149536,7,0,0.13114659926470595,0.12424859657482726,0.22070312499999997,0.14762550548857784,0,0,1,2,1em4,,0,0,,0
cstr,odepe_v2_polish,0.0001,cstr_3_1em4,1,1,4369.669333934784,7,0,0.9007932077778312,0.7114199631968388,1.0408360196024222,0.796800713065253,0,0,0,3,1em4,,0,0,,0
cstr,odepe_v2_polish,0.0001,cstr_4_1em4,1,1,3478.9234318733215,7,0,0.2664794921875,0.46355108365298286,0.9997171024044033,0.6007468600052072,0,0,0,4,1em4,,0,0,,0
cstr,odepe_v2_polish,0.0001,cstr_5_1em4,1,1,4224.606421947479,7,0,0.3625098252300337,0.4634548367251868,0.9999999999999246,0.584219808417641,0,0,0,5,1em4,,0,0,,0
cstr,odepe_v2_polish,0.0001,cstr_6_1em4,1,1,4617.741546154022,7,0,0.3246943594364624,0.26921746379869266,0.6163972350897832,0.35026942338227185,0,0,0,6,1em4,,0,0,,0
cstr,odepe_v2_polish,0.0001,cstr_7_1em4,1,1,5137.590138912201,7,0,0.9851713589650983,0.7138980087179752,1.005593525378857,0.8131355552743886,0,0,0,7,1em4,,0,0,,0
cstr,odepe_v2_polish,0.0001,cstr_8_1em4,1,1,4586.427103996277,7,0,0.8422449656579396,0.7295032636345847,1.000000000226173,0.7918993206648085,0,0,0,8,1em4,,0,0,,0
cstr,odepe_v2_polish,0.0001,cstr_9_1em4,1,1,4143.804681062698,7,0,0.6011619743663594,0.6137178273780911,1.2196555913880813,0.7155919049669067,0,0,0,9,1em4,,0,0,,0
daisy_mamil3,odepe_v2_polish,0.0001,daisy_mamil3_0_1em4,1,1,909.3103070259094,8,0,0.0013297140813193047,0.0044376181477782115,0.01647859105520945,0.007239371090256423,0,1,1,0,1em4,,0,0,,0
daisy_mamil3,odepe_v2_polish,0.0001,daisy_mamil3_1_1em4,1,1,1300.0406239032745,8,0,4.43092231001779e-05,5.061256635554112e-05,0.00011264913228673545,5.839942126092168e-05,1,1,1,1,1em4,,0,0,,0
daisy_mamil3,odepe_v2_polish,0.0001,daisy_mamil3_2_1em4,1,1,1315.0383069515228,8,0,0.00010802351281558086,0.0002154766278762732,0.0006937724016723429,0.0003280879478535609,1,1,1,2,1em4,,0,0,,0
daisy_mamil3,odepe_v2_polish,0.0001,daisy_mamil3_3_1em4,1,1,829.9336068630219,8,0,4.491683860525809e-05,0.00013241339712717756,0.0005224551416832526,0.00021675887273252327,1,1,1,3,1em4,,0,0,,0
daisy_mamil3,odepe_v2_polish,0.0001,daisy_mamil3_4_1em4,1,1,763.6043751239777,8,0,0.00018176556249698065,0.00027292609628895776,0.0010214419940977083,0.00042111120155317015,1,1,1,4,1em4,,0,0,,0
daisy_mamil3,odepe_v2_polish,0.0001,daisy_mamil3_5_1em4,1,1,1412.415953874588,8,0,0.002429445227259357,0.004263721808056472,0.010233121921324355,0.006178461549381774,0,1,1,5,1em4,,0,0,,0
daisy_mamil3,odepe_v2_polish,0.0001,daisy_mamil3_6_1em4,1,1,1011.0064730644226,8,0,2.6316681342159955e-05,3.305057497546274e-05,6.493528762017075e-05,3.8312936388179535e-05,1,1,1,6,1em4,,0,0,,0
daisy_mamil3,odepe_v2_polish,0.0001,daisy_mamil3_7_1em4,1,1,1284.1313109397888,8,0,0.00012986689376423853,0.00018605103272462838,0.0005826556322971672,0.0002548169462594452,1,1,1,7,1em4,,0,0,,0
daisy_mamil3,odepe_v2_polish,0.0001,daisy_mamil3_8_1em4,1,1,1291.356432914734,8,0,0.00010523911196848968,9.640813126455045e-05,0.00017985306243166704,0.0001115445762488799,1,1,1,8,1em4,,0,0,,0
daisy_mamil3,odepe_v2_polish,0.0001,daisy_mamil3_9_1em4,1,1,1109.6915431022644,8,0,0.0006080819074268841,0.0023781406192104598,0.012338753211186146,0.00460107874824426,0,1,1,9,1em4,,0,0,,0
daisy_mamil4,odepe_v2_polish,0.0001,daisy_mamil4_0_1em4,1,1,13805.476031064987,11,0,0.003174662470222971,0.005821862124868818,0.027698978418149587,0.009807339673231816,0,1,1,0,1em4,,0,0,,0
daisy_mamil4,odepe_v2_polish,0.0001,daisy_mamil4_1_1em4,1,1,7551.094851970673,11,0,0.00817878195029309,0.02364754711075444,0.11178307502474878,0.042773057690857215,0,0,1,1,1em4,,0,0,,0
daisy_mamil4,odepe_v2_polish,0.0001,daisy_mamil4_2_1em4,1,1,2913.903002023697,11,0,0.002645010742089129,0.003471956360219232,0.007504627401172493,0.004359093808277784,1,1,1,2,1em4,,0,0,,0
daisy_mamil4,odepe_v2_polish,0.0001,daisy_mamil4_3_1em4,1,1,14912.122370958328,11,0,0.0002193009556729637,0.01797599165274372,0.09443457192393091,0.03431320370144786,0,1,1,3,1em4,,0,0,,0
daisy_mamil4,odepe_v2_polish,0.0001,daisy_mamil4_4_1em4,1,1,17939.72733592987,11,0,0.006179975570358153,0.024795728010230608,0.07568043191476971,0.03926018049977426,0,1,1,4,1em4,,0,0,,0
daisy_mamil4,odepe_v2_polish,0.0001,daisy_mamil4_5_1em4,1,1,8023.762406110764,11,0,0.021050257079070878,0.040339222788696484,0.1571277628137,0.06557809662721341,0,0,1,5,1em4,,0,0,,0
daisy_mamil4,odepe_v2_polish,0.0001,daisy_mamil4_6_1em4,1,1,20734.12310194969,11,0,0.0053814216255632236,0.010800935899103171,0.0358806100857948,0.01655894200960528,0,1,1,6,1em4,,0,0,,0
daisy_mamil4,odepe_v2_polish,0.0001,daisy_mamil4_7_1em4,1,1,12632.989891052246,11,0,0.000943529525232124,0.005276195559049398,0.03552230611412544,0.011516693349402899,0,1,1,7,1em4,,0,0,,0
daisy_mamil4,odepe_v2_polish,0.0001,daisy_mamil4_8_1em4,1,1,25537.390375852585,11,0,0.032483118311256255,0.13443459115352707,0.5124990911835563,0.23127044023967766,0,0,0,8,1em4,,0,0,,0
daisy_mamil4,odepe_v2_polish,0.0001,daisy_mamil4_9_1em4,1,1,6552.640480041504,11,0,0.00048688438322746916,0.0007849185095987691,0.0025386929949256743,0.0012093635487800593,1,1,1,9,1em4,,0,0,,0
dc_motor,odepe_v2_polish,0.0001,dc_motor_0_1em4,1,1,357.81256103515625,4,0,0.00010864245764671883,9.544990909134674e-05,0.00015215791029744621,0.00010923838848396215,1,1,1,0,1em4,,0,0,,0
dc_motor,odepe_v2_polish,0.0001,dc_motor_1_1em4,1,1,372.75770902633667,4,0,4.4260062391671134e-05,5.5213683307560085e-05,0.00013137897586698474,7.388800397942143e-05,1,1,1,1,1em4,,0,0,,0
dc_motor,odepe_v2_polish,0.0001,dc_motor_2_1em4,1,1,430.6726438999176,4,0,0.00014828771661671227,0.0002808326016339822,0.000819761361648847,0.0004243928160728983,1,1,1,2,1em4,,0,0,,0
dc_motor,odepe_v2_polish,0.0001,dc_motor_3_1em4,1,1,393.68741488456726,4,0,2.3777341197450375e-05,2.4192934619643974e-05,4.884618273852324e-05,3.283985889700571e-05,1,1,1,3,1em4,,0,0,,0
dc_motor,odepe_v2_polish,0.0001,dc_motor_4_1em4,1,1,440.46881198883057,4,0,0.00019239065215326213,0.00018328395402180154,0.0003240741029075845,0.0002154104281516419,1,1,1,4,1em4,,0,0,,0
dc_motor,odepe_v2_polish,0.0001,dc_motor_5_1em4,1,1,378.99468302726746,4,0,0.00021650819247028469,0.00020177926814092138,0.0003469076501318253,0.00023495844012882974,1,1,1,5,1em4,,0,0,,0
dc_motor,odepe_v2_polish,0.0001,dc_motor_6_1em4,1,1,397.8977801799774,4,0,3.223584680248035e-05,3.247756261740188e-05,6.008686992409196e-05,3.8943888487917316e-05,1,1,1,6,1em4,,0,0,,0
dc_motor,odepe_v2_polish,0.0001,dc_motor_7_1em4,1,1,408.67970991134644,4,0,4.025717706658034e-05,3.486634126634817e-05,4.614231198341164e-05,3.725524702427626e-05,1,1,1,7,1em4,,0,0,,0
dc_motor,odepe_v2_polish,0.0001,dc_motor_8_1em4,1,1,438.7853968143463,4,0,0.0002235265705353301,0.00021299283324910072,0.00039286721647297787,0.000260882329895269,1,1,1,8,1em4,,0,0,,0
dc_motor,odepe_v2_polish,0.0001,dc_motor_9_1em4,1,1,416.404629945755,4,0,1.0284079390940868e-05,1.3864815380571169e-05,3.170457418624043e-05,1.7615255065688886e-05,1,1,1,9,1em4,,0,0,,0
fitzhugh_nagumo,odepe_v2_polish,0.0001,fitzhugh_nagumo_0_1em4,1,1,405.45342898368835,5,0,0.0005975472471458106,0.0047888343533895195,0.014572344562444701,0.007496797922230758,0,1,1,0,1em4,,0,0,,0
fitzhugh_nagumo,odepe_v2_polish,0.0001,fitzhugh_nagumo_1_1em4,1,1,529.4841060638428,5,0,0.00013986862916079854,0.0005861443562707325,0.0022979072167429574,0.001046005331712839,1,1,1,1,1em4,,0,0,,0
fitzhugh_nagumo,odepe_v2_polish,0.0001,fitzhugh_nagumo_2_1em4,1,1,457.2205021381378,5,0,0.008463438997142803,0.012038182888545008,0.035109460368388114,0.017008266580400576,0,1,1,2,1em4,,0,0,,0
fitzhugh_nagumo,odepe_v2_polish,0.0001,fitzhugh_nagumo_3_1em4,1,1,381.8046221733093,5,0,0.0035143200550671956,0.009603522066836635,0.02629736055470742,0.013840525864763217,0,1,1,3,1em4,,0,0,,0
fitzhugh_nagumo,odepe_v2_polish,0.0001,fitzhugh_nagumo_4_1em4,1,1,408.2078092098236,5,0,0.04448969286090347,0.0638590377690802,0.1745083554637099,0.08999876271818229,0,0,1,4,1em4,,0,0,,0
fitzhugh_nagumo,odepe_v2_polish,0.0001,fitzhugh_nagumo_5_1em4,1,1,485.9487519264221,5,0,0.00023803339946774243,0.002537479948118862,0.012132155800823052,0.005428294383659306,0,1,1,5,1em4,,0,0,,0
fitzhugh_nagumo,odepe_v2_polish,0.0001,fitzhugh_nagumo_6_1em4,1,1,481.8942160606384,5,0,0.001857315392375883,0.006986872687844696,0.025857666829059368,0.011899730005236905,0,1,1,6,1em4,,0,0,,0
fitzhugh_nagumo,odepe_v2_polish,0.0001,fitzhugh_nagumo_7_1em4,1,1,557.4607620239258,5,0,0.0038741533920104263,0.019910147611855507,0.07356038176250486,0.03414759236840922,0,1,1,7,1em4,,0,0,,0
fitzhugh_nagumo,odepe_v2_polish,0.0001,fitzhugh_nagumo_8_1em4,1,1,654.0689969062805,5,0,0.00948931164531062,0.010380768948607,0.02501988097510565,0.013402036376662289,0,1,1,8,1em4,,0,0,,0
fitzhugh_nagumo,odepe_v2_polish,0.0001,fitzhugh_nagumo_9_1em4,1,1,536.5040400028229,5,0,0.0005124866357173376,0.002516540750004991,0.010072403918405403,0.004568546226729384,0,1,1,9,1em4,,0,0,,0
flexible_arm,odepe_v2_polish,0.0001,flexible_arm_0_1em4,1,1,12287.772040843964,9,0,0.0023079396313788027,0.02006251554706305,0.14805624902137424,0.04960174675497159,0,0,1,0,1em4,,0,0,,0
flexible_arm,odepe_v2_polish,0.0001,flexible_arm_1_1em4,1,1,6837.556169986725,9,0,0.007173518755468218,0.009387693111166516,0.027101452808776932,0.012296979308262953,0,1,1,1,1em4,,0,0,,0
flexible_arm,odepe_v2_polish,0.0001,flexible_arm_2_1em4,1,1,2647.1076679229736,9,0,0.002903926309328304,0.0035195476979672643,0.009935655121708239,0.004402420269430738,1,1,1,2,1em4,,0,0,,0
flexible_arm,odepe_v2_polish,0.0001,flexible_arm_3_1em4,1,1,4976.1617929935455,9,0,0.0011580604857616887,0.0012802833272561114,0.0037865274999284698,0.0017422766186160293,1,1,1,3,1em4,,0,0,,0
flexible_arm,odepe_v2_polish,0.0001,flexible_arm_4_1em4,1,1,4090.2357749938965,9,0,0.0027907506344478543,0.005555537317823583,0.02580952296133121,0.00985827155087372,0,1,1,4,1em4,,0,0,,0
flexible_arm,odepe_v2_polish,0.0001,flexible_arm_5_1em4,1,1,3998.5380630493164,9,0,0.0016933221597155439,0.007422234820746276,0.031650712635540194,0.013554444298313005,0,1,1,5,1em4,,0,0,,0
flexible_arm,odepe_v2_polish,0.0001,flexible_arm_6_1em4,1,1,3731.51135802269,9,0,0.003215633208294063,0.003260212431007223,0.006285488228369043,0.003982373140364535,1,1,1,6,1em4,,0,0,,0
flexible_arm,odepe_v2_polish,0.0001,flexible_arm_7_1em4,1,1,8295.084313869476,9,0,0.006346815670854257,0.011979750686394546,0.029219851485627595,0.01585583616628895,0,1,1,7,1em4,,0,0,,0
flexible_arm,odepe_v2_polish,0.0001,flexible_arm_8_1em4,1,1,11846.53162407875,9,0,0.007090868251852098,0.019805627048854354,0.11003224556995861,0.03824119612952299,0,0,1,8,1em4,,0,0,,0
flexible_arm,odepe_v2_polish,0.0001,flexible_arm_9_1em4,1,1,7154.592381000519,9,0,0.002241453590359419,0.009079764853274937,0.05465771486007887,0.01892115920609109,0,1,1,9,1em4,,0,0,,0
forced_lotka_volterra,odepe_v2_polish,0.0001,forced_lotka_volterra_0_1em4,1,1,420.18810415267944,6,0,9.181944212424142e-06,1.1441289090533834e-05,2.743518786263583e-05,1.4815115263569495e-05,1,1,1,0,1em4,,0,0,,0
forced_lotka_volterra,odepe_v2_polish,0.0001,forced_lotka_volterra_1_1em4,1,1,662.5369219779968,6,0,6.151991116833079e-05,0.00010450063470941212,0.000312542093211138,0.00014200654352395723,1,1,1,1,1em4,,0,0,,0
forced_lotka_volterra,odepe_v2_polish,0.0001,forced_lotka_volterra_2_1em4,1,1,715.3646562099457,6,0,0.0014757856029735837,0.0023903499744186685,0.005409260852984672,0.003075921117640073,1,1,1,2,1em4,,0,0,,0
forced_lotka_volterra,odepe_v2_polish,0.0001,forced_lotka_volterra_3_1em4,1,1,668.7539739608765,6,0,9.132560581210167e-05,0.00012128481356546764,0.0003052748642958734,0.00015678904560315667,1,1,1,3,1em4,,0,0,,0
forced_lotka_volterra,odepe_v2_polish,0.0001,forced_lotka_volterra_4_1em4,1,1,585.5467700958252,6,0,5.619490828947298e-05,7.701399820661839e-05,0.00022350596363463716,0.00010304229450938607,1,1,1,4,1em4,,0,0,,0
forced_lotka_volterra,odepe_v2_polish,0.0001,forced_lotka_volterra_5_1em4,1,1,527.9451959133148,6,0,0.00016724870652516042,0.00015866391432153412,0.00020647736035444848,0.0001651313065140612,1,1,1,5,1em4,,0,0,,0
forced_lotka_volterra,odepe_v2_polish,0.0001,forced_lotka_volterra_6_1em4,1,1,463.8593089580536,6,0,1.2967013573572638e-05,2.5669412056706018e-05,9.476308857557477e-05,4.065550203799147e-05,1,1,1,6,1em4,,0,0,,0
forced_lotka_volterra,odepe_v2_polish,0.0001,forced_lotka_volterra_7_1em4,1,1,1030.2199189662933,6,0,0.012320726543027698,0.01154056375053268,0.022055170677264733,0.013477565236930132,0,1,1,7,1em4,,0,0,,0
forced_lotka_volterra,odepe_v2_polish,0.0001,forced_lotka_volterra_8_1em4,1,1,577.1533639431,6,0,0.0012318354193026283,0.0016299101435591073,0.0030367349840931352,0.001819385629098549,1,1,1,8,1em4,,0,0,,0
forced_lotka_volterra,odepe_v2_polish,0.0001,forced_lotka_volterra_9_1em4,1,1,768.7615540027618,6,0,9.80348928049543e-05,9.729946273876594e-05,0.00017938858423474147,0.00010941179838182109,1,1,1,9,1em4,,0,0,,0
harmonic_oscillator,odepe_v2_polish,0.0001,harmonic_oscillator_0_1em4,1,1,307.5700581073761,4,0,4.7356950842817816e-08,1.2270006147547918e-07,3.852043121065677e-07,1.9556751232940383e-07,1,1,1,0,1em4,,0,0,,0
harmonic_oscillator,odepe_v2_polish,0.0001,harmonic_oscillator_1_1em4,1,1,418.50047397613525,4,0,2.7944732576508994e-07,2.4853202447412177e-07,3.3029186840149454e-07,2.6290982514607355e-07,1,1,1,1,1em4,,0,0,,0
harmonic_oscillator,odepe_v2_polish,0.0001,harmonic_oscillator_2_1em4,1,1,300.6348559856415,4,0,1.9586064030362437e-08,1.931010950628316e-08,3.033162050190352e-08,2.1084984389646754e-08,1,1,1,2,1em4,,0,0,,0
harmonic_oscillator,odepe_v2_polish,0.0001,harmonic_oscillator_3_1em4,1,1,525.6300699710846,4,0,3.044683780050799e-07,2.8099833318989317e-07,3.9848137980632923e-07,3.0417838385858534e-07,1,1,1,3,1em4,,0,0,,0
harmonic_oscillator,odepe_v2_polish,0.0001,harmonic_oscillator_4_1em4,1,1,370.44634890556335,4,0,3.3095440299047905e-07,1.0783947111959375e-06,3.554700854009831e-06,1.7956128296506804e-06,1,1,1,4,1em4,,0,0,,0
harmonic_oscillator,odepe_v2_polish,0.0001,harmonic_oscillator_5_1em4,1,1,397.8338658809662,4,0,1.1521744478869071e-06,1.0790500202092425e-06,1.702982053645383e-06,1.1889284541322897e-06,1,1,1,5,1em4,,0,0,,0
harmonic_oscillator,odepe_v2_polish,0.0001,harmonic_oscillator_6_1em4,1,1,395.3531858921051,4,0,4.555635232450497e-06,5.77753271375275e-06,1.3772158496782864e-05,7.691206964559748e-06,1,1,1,6,1em4,,0,0,,0
harmonic_oscillator,odepe_v2_polish,0.0001,harmonic_oscillator_7_1em4,1,1,420.3839068412781,4,0,2.9639710243784628e-08,3.736467802099875e-08,6.543300684648752e-08,4.080412835447749e-08,1,1,1,7,1em4,,0,0,,0
harmonic_oscillator,odepe_v2_polish,0.0001,harmonic_oscillator_8_1em4,1,1,356.5373179912567,4,0,7.782308452881191e-07,1.2690970066531886e-06,3.3542583961185987e-06,1.768583802008059e-06,1,1,1,8,1em4,,0,0,,0
harmonic_oscillator,odepe_v2_polish,0.0001,harmonic_oscillator_9_1em4,1,1,355.10890197753906,4,0,4.3416972137625836e-07,4.636278353329227e-07,9.173678835364654e-07,5.91462604080616e-07,1,1,1,9,1em4,,0,0,,0
hiv,odepe_v2_polish,0.0001,hiv_0_1em4,1,1,40178.17626094818,15,0,0.01770742632922066,0.20117740471325626,0.991216854689033,0.39084904458330894,0,0,0,0,1em4,,0,0,,0
hiv,odepe_v2_polish,0.0001,hiv_1_1em4,1,1,46925.63356614113,15,0,0.0159301038704053,0.22376556390595354,0.999984187134129,0.43353141126815836,0,0,0,1,1em4,,0,0,,0
hiv,odepe_v2_polish,0.0001,hiv_2_1em4,1,1,39277.912121772766,15,0,0.011719924994651958,0.14964545503050813,0.9867475329641442,0.3305295256185923,0,0,0,2,1em4,,0,0,,0
hiv,odepe_v2_polish,0.0001,hiv_3_1em4,1,1,35372.49345207214,15,0,0.005420370518621928,0.07695055999854442,0.9996214245402907,0.25868259692969775,0,0,0,3,1em4,,0,0,,0
hiv,odepe_v2_polish,0.0001,hiv_4_1em4,1,1,38608.83004283905,15,0,0.0010575766700179525,0.06762149691131536,0.9993833422831737,0.25804456433766926,0,0,0,4,1em4,,0,0,,0
hiv,odepe_v2_polish,0.0001,hiv_5_1em4,1,1,65883.85181498528,15,0,0.01085550998237755,0.18332160344611087,0.9999857220513599,0.37569480143734607,0,0,0,5,1em4,,0,0,,1
hiv,odepe_v2_polish,0.0001,hiv_6_1em4,1,1,34252.19230699539,15,0,0.0009614977816468869,0.06995639689256042,0.9986701813722986,0.2579503346637946,0,0,0,6,1em4,,0,0,,0
hiv,odepe_v2_polish,0.0001,hiv_7_1em4,1,1,106546.45478701591,15,0,9.630769492392907e-05,0.08120258057836753,0.9999559471365639,0.26086658872048113,0,0,0,7,1em4,,0,0,,0
hiv,odepe_v2_polish,0.0001,hiv_8_1em4,1,1,27489.717449188232,15,0,0.01485147942991736,0.23674112251312193,0.9999047303943417,0.4234628589222419,0,0,0,8,1em4,,0,0,,2
hiv,odepe_v2_polish,0.0001,hiv_9_1em4,1,1,21796.99062514305,15,0,0.0017614935440494544,0.0851260431171609,0.9956699348979824,0.262850200753178,0,0,0,9,1em4,,0,0,,2
lotka_volterra,odepe_v2_polish,0.0001,lotka_volterra_0_1em4,1,1,770.2845330238342,5,0,4.36881664419477e-05,9.616896490586738e-05,0.00032943337892710103,0.00015293861770333404,1,1,1,0,1em4,,0,0,,0
lotka_volterra,odepe_v2_polish,0.0001,lotka_volterra_1_1em4,1,1,1465.923723936081,5,0,1.6919856595380194e-05,2.6419664904140385e-05,7.830216224181648e-05,3.721426313313409e-05,1,1,1,1,1em4,,0,0,,0
lotka_volterra,odepe_v2_polish,0.0001,lotka_volterra_2_1em4,1,1,1088.591556072235,5,0,3.8967225066483914e-06,6.159006266559953e-06,1.5138227095479186e-05,7.724128796186382e-06,1,1,1,2,1em4,,0,0,,0
lotka_volterra,odepe_v2_polish,0.0001,lotka_volterra_3_1em4,1,1,689.0128309726715,5,0,1.2906894976749999e-05,1.4469674005795381e-05,3.110412042892942e-05,1.7359303228737388e-05,1,1,1,3,1em4,,0,0,,0
lotka_volterra,odepe_v2_polish,0.0001,lotka_volterra_4_1em4,1,1,733.269838809967,5,0,7.239547379275198e-05,7.996411453981236e-05,0.00017770553102744736,9.775343350625559e-05,1,1,1,4,1em4,,0,0,,0
lotka_volterra,odepe_v2_polish,0.0001,lotka_volterra_5_1em4,1,1,465.5152180194855,5,0,5.193050757661875e-06,4.741002878277549e-06,8.451289243954742e-06,5.4164910462457756e-06,1,1,1,5,1em4,,0,0,,0
lotka_volterra,odepe_v2_polish,0.0001,lotka_volterra_6_1em4,1,1,439.4586548805237,5,0,3.998208635371406e-05,4.0339956653047965e-05,7.285722227194996e-05,4.563148960712508e-05,1,1,1,6,1em4,,0,0,,0
lotka_volterra,odepe_v2_polish,0.0001,lotka_volterra_7_1em4,1,1,404.6947891712189,5,0,6.524663580391823e-05,7.012464837158049e-05,0.00014322610542726781,8.236645726974552e-05,1,1,1,7,1em4,,0,0,,0
lotka_volterra,odepe_v2_polish,0.0001,lotka_volterra_8_1em4,1,1,1378.8114161491394,5,0,3.133574798793719e-05,4.3433106157147e-05,0.00011083754551506644,5.5725121677074306e-05,1,1,1,8,1em4,,0,0,,0
lotka_volterra,odepe_v2_polish,0.0001,lotka_volterra_9_1em4,1,1,692.1667001247406,5,0,4.58078222300324e-06,7.852491658503251e-06,2.18408122065158e-05,1.065333586595375e-05,1,1,1,9,1em4,,0,0,,0
mass_spring_damper,odepe_v2_polish,0.0001,mass_spring_damper_0_1em4,1,1,333.1764249801636,5,0,4.347331108184469e-06,1.0072600432568538e-05,3.2391547244467605e-05,1.5349095016116037e-05,1,1,1,0,1em4,,0,0,,0
mass_spring_damper,odepe_v2_polish,0.0001,mass_spring_damper_1_1em4,1,1,418.6161711215973,5,0,7.094654920413915e-06,8.651208570636296e-06,2.0205101431744033e-05,1.0715939100882947e-05,1,1,1,1,1em4,,0,0,,0
mass_spring_damper,odepe_v2_polish,0.0001,mass_spring_damper_2_1em4,1,1,473.7135500907898,5,0,2.377142541123722e-06,8.311813235172035e-06,3.2322948467083945e-05,1.4623855944839887e-05,1,1,1,2,1em4,,0,0,,0
mass_spring_damper,odepe_v2_polish,0.0001,mass_spring_damper_3_1em4,1,1,424.44504714012146,5,0,5.007416372162204e-06,7.498179785851388e-05,0.00035107633105577163,0.00015714739114542384,1,1,1,3,1em4,,0,0,,0
mass_spring_damper,odepe_v2_polish,0.0001,mass_spring_damper_4_1em4,1,1,350.8504219055176,5,0,1.7193695260218883e-05,1.9206693386368622e-05,4.9673595469326487e-05,2.5280791741837844e-05,1,1,1,4,1em4,,0,0,,0
mass_spring_damper,odepe_v2_polish,0.0001,mass_spring_damper_5_1em4,1,1,362.35848903656006,5,0,2.981847594721513e-06,8.980599955967951e-06,2.4623336512973202e-05,1.2605078042344184e-05,1,1,1,5,1em4,,0,0,,0
mass_spring_damper,odepe_v2_polish,0.0001,mass_spring_damper_6_1em4,1,1,436.97017908096313,5,0,1.2652980020154936e-06,9.814757261412215e-06,4.434085568757503e-05,1.9869206789479074e-05,1,1,1,6,1em4,,0,0,,0
mass_spring_damper,odepe_v2_polish,0.0001,mass_spring_damper_7_1em4,1,1,370.13415002822876,5,0,1.1437212578973795e-05,1.4835965443738415e-05,2.9614194644318104e-05,1.851172879243863e-05,1,1,1,7,1em4,,0,0,,0
mass_spring_damper,odepe_v2_polish,0.0001,mass_spring_damper_8_1em4,1,1,332.5804970264435,5,0,1.2568466185131341e-05,4.560675818951483e-05,0.00018725862038878585,8.451583313844208e-05,1,1,1,8,1em4,,0,0,,0
mass_spring_damper,odepe_v2_polish,0.0001,mass_spring_damper_9_1em4,1,1,327.9029860496521,5,0,1.2021342058223203e-05,1.6600231989465504e-05,3.0609126876116436e-05,1.9487169760687646e-05,1,1,1,9,1em4,,0,0,,0
quadrotor,odepe_v2_polish,0.0001,quadrotor_0_1em4,1,1,335.3745639324188,4,0,0.0001327961239704646,0.00013808963130952298,0.00020384177183490173,0.00014511410573262714,1,1,1,0,1em4,,0,0,,0
quadrotor,odepe_v2_polish,0.0001,quadrotor_1_1em4,1,1,355.1090281009674,4,0,4.30885429751275e-05,7.061166031974393e-05,0.00016400096862275628,8.89535015703823e-05,1,1,1,1,1em4,,0,0,,0
quadrotor,odepe_v2_polish,0.0001,quadrotor_2_1em4,1,1,282.555655002594,4,0,0.0002168916287276963,0.00023221300681930716,0.00032280460910239303,0.00023946681653707773,1,1,1,2,1em4,,0,0,,0
quadrotor,odepe_v2_polish,0.0001,quadrotor_3_1em4,1,1,365.3285961151123,4,0,5.286922159001112e-05,7.265122749291064e-05,0.00018406996276119816,9.961841055845423e-05,1,1,1,3,1em4,,0,0,,0
quadrotor,odepe_v2_polish,0.0001,quadrotor_4_1em4,1,1,361.0249309539795,4,0,5.452112565375459e-05,9.16369116992401e-05,0.00021718818450605585,0.00011728660894230905,1,1,1,4,1em4,,0,0,,0
quadrotor,odepe_v2_polish,0.0001,quadrotor_5_1em4,1,1,355.25326204299927,4,0,8.03263159611893e-05,0.0001371443815603803,0.0003575606941346884,0.00018870215055391212,1,1,1,5,1em4,,0,0,,0
quadrotor,odepe_v2_polish,0.0001,quadrotor_6_1em4,1,1,362.8839421272278,4,0,2.8382256679308888e-05,6.092185861113732e-05,0.00016884791256563077,8.730484568069758e-05,1,1,1,6,1em4,,0,0,,0
quadrotor,odepe_v2_polish,0.0001,quadrotor_7_1em4,1,1,350.3745050430298,4,0,0.00010382703868148856,0.00011237685331790058,0.00023784334697405244,0.00014005710304870766,1,1,1,7,1em4,,0,0,,0
quadrotor,odepe_v2_polish,0.0001,quadrotor_8_1em4,1,1,335.15683007240295,4,0,2.186510803049654e-05,4.772008932270731e-05,0.00013691670185862122,7.036880427722502e-05,1,1,1,8,1em4,,0,0,,0
quadrotor,odepe_v2_polish,0.0001,quadrotor_9_1em4,1,1,270.7977981567383,4,0,7.97723583959851e-05,0.00011671243277375206,0.0002749649124526986,0.0001501173551725978,1,1,1,9,1em4,,0,0,,0
repressilator,odepe_v2_polish,0.0001,repressilator_0_1em4,1,1,2126.7939829826355,9,0,1.3995083163563774e-05,6.490125651746293e-05,0.00021354170535306045,0.00010130512678545466,1,1,1,0,1em4,,0,0,,0
repressilator,odepe_v2_polish,0.0001,repressilator_1_1em4,1,1,1678.2502028942108,9,0,1.4300191254577346e-05,3.489664928278496e-05,0.00010032571199978766,5.187446766053716e-05,1,1,1,1,1em4,,0,0,,0
repressilator,odepe_v2_polish,0.0001,repressilator_2_1em4,1,1,1699.4352009296417,9,0,7.77003566788724e-05,0.00012652222226014232,0.0005193241239223032,0.00020195114346089924,1,1,1,2,1em4,,0,0,,0
repressilator,odepe_v2_polish,0.0001,repressilator_3_1em4,1,1,2083.428389072418,9,0,8.479691302683802e-06,3.952049624007131e-05,0.000236547640035852,8.195979886175656e-05,1,1,1,3,1em4,,0,0,,0
repressilator,odepe_v2_polish,0.0001,repressilator_4_1em4,1,1,1678.1560189723969,9,0,5.623116644525758e-05,7.17694497118508e-05,0.00022215993985733428,0.00010252540076919787,1,1,1,4,1em4,,0,0,,0
repressilator,odepe_v2_polish,0.0001,repressilator_5_1em4,1,1,1937.2917339801788,9,0,5.004304767033135e-05,4.8981262834508854e-05,0.00013500866675524836,6.217512792375862e-05,1,1,1,5,1em4,,0,0,,0
repressilator,odepe_v2_polish,0.0001,repressilator_6_1em4,1,1,1145.9028310775757,9,0,5.8967493582724734e-05,0.00033187854177211715,0.0019491800624937827,0.0006933334361376634,1,1,1,6,1em4,,0,0,,0
repressilator,odepe_v2_polish,0.0001,repressilator_7_1em4,1,1,1274.724153995514,9,0,6.803252785936863e-05,0.00015249142364333782,0.00037487173494379694,0.00021477490574400076,1,1,1,7,1em4,,0,0,,0
repressilator,odepe_v2_polish,0.0001,repressilator_8_1em4,1,1,1782.146940946579,9,0,6.067844730550067e-05,0.0001325270463912712,0.0007130761798049738,0.0002495189581389713,1,1,1,8,1em4,,0,0,,0
repressilator,odepe_v2_polish,0.0001,repressilator_9_1em4,1,1,2957.2854630947113,9,0,8.1286164175148e-05,0.00011216434561642051,0.00043703765233108713,0.0001713983260018075,1,1,1,9,1em4,,0,0,,0
seir,odepe_v2_polish,0.0001,seir_0_1em4,1,1,2317.5831668376923,7,0,0.00039196400466921165,0.0004712969391332743,0.0010449725492699565,0.0006363811172672368,1,1,1,0,1em4,,0,0,,0
seir,odepe_v2_polish,0.0001,seir_1_1em4,1,1,2941.943466901779,7,0,0.05978002482838636,0.05222323552594945,0.1173695520144924,0.06671762987482416,0,0,1,1,1em4,,0,0,,0
seir,odepe_v2_polish,0.0001,seir_2_1em4,1,1,2994.3682630062103,7,0,0.06658087494038549,0.05199741574994188,0.11333206284754846,0.06878848060563714,0,0,1,2,1em4,,0,0,,0
seir,odepe_v2_polish,0.0001,seir_3_1em4,1,1,1778.7434730529785,7,0,0.03258468974633066,0.02089820940619901,0.04412970180762129,0.027659664790928188,0,1,1,3,1em4,,0,0,,0
seir,odepe_v2_polish,0.0001,seir_4_1em4,1,1,4460.705302000046,7,0,0.14731790180032703,0.10046082893721972,0.19168176941306717,0.12561672052060707,0,0,1,4,1em4,,0,0,,0
seir,odepe_v2_polish,0.0001,seir_5_1em4,1,1,3226.676945924759,7,0,0.0014118642983663187,0.0026885132036905232,0.010651946220299248,0.0043263527831197725,0,1,1,5,1em4,,0,0,,0
seir,odepe_v2_polish,0.0001,seir_6_1em4,1,1,3315.503252029419,7,0,0.9999294009025167,0.7562955909783693,0.9999875930520175,0.8453497878192039,0,0,0,6,1em4,,0,0,,0
seir,odepe_v2_polish,0.0001,seir_7_1em4,1,1,2316.6007590293884,7,0,0.12006808779452861,0.12230066290172203,0.29565183855310856,0.16210886958397905,0,0,1,7,1em4,,0,0,,0
seir,odepe_v2_polish,0.0001,seir_8_1em4,1,1,2752.228457927704,7,0,0.18225389198673908,0.14985844132715637,0.40395240938911997,0.2038837458163189,0,0,1,8,1em4,,0,0,,0
seir,odepe_v2_polish,0.0001,seir_9_1em4,1,1,2170.1888139247894,7,0,0.022147422360794342,0.013912830460613293,0.02515194924466767,0.01805500068572993,0,1,1,9,1em4,,0,0,,0
slow_fast,odepe_v2_polish,0.0001,slow_fast_0_1em4,1,1,2600.7201828956604,8,0,0.00033050804046768164,0.0004388489362450996,0.0013537533901887132,0.000642188424670567,1,1,1,0,1em4,,0,0,,0
slow_fast,odepe_v2_polish,0.0001,slow_fast_1_1em4,1,1,1198.2309031486511,8,0,5.891618301174407e-05,0.00013132031350455615,0.0004005523061000406,0.00019796818483493254,1,1,1,1,1em4,,0,0,,0
slow_fast,odepe_v2_polish,0.0001,slow_fast_2_1em4,1,1,1068.3244769573212,8,0,0.0001220919422451816,0.00029936964005157756,0.0012709192254281773,0.0005095715148320438,1,1,1,2,1em4,,0,0,,0
slow_fast,odepe_v2_polish,0.0001,slow_fast_3_1em4,1,1,6516.226600885391,8,0,0.00031838637617319425,0.0006303376911962577,0.0021659120375554755,0.0009657397850112398,1,1,1,3,1em4,,0,0,,0
slow_fast,odepe_v2_polish,0.0001,slow_fast_4_1em4,1,1,1231.9418561458588,8,0,0.00012410754467067587,0.0001290530732263241,0.00026582331189269303,0.0001612211078434867,1,1,1,4,1em4,,0,0,,0
slow_fast,odepe_v2_polish,0.0001,slow_fast_5_1em4,1,1,1299.2377791404724,8,0,0.00018689945648212895,0.0002096859172639056,0.0005916365484555246,0.0002972131296698479,1,1,1,5,1em4,,0,0,,0
slow_fast,odepe_v2_polish,0.0001,slow_fast_6_1em4,1,1,2461.3410630226135,8,0,1.676976077039459e-05,2.9088224539926667e-05,0.00012422490095374722,4.7900962712953056e-05,1,1,1,6,1em4,,0,0,,0
slow_fast,odepe_v2_polish,0.0001,slow_fast_7_1em4,1,1,3098.6656861305237,8,0,0.000601167475667639,0.0005295172971694151,0.0011011095827708904,0.0006609864967169491,1,1,1,7,1em4,,0,0,,0
slow_fast,odepe_v2_polish,0.0001,slow_fast_8_1em4,1,1,2353.9977571964264,8,0,0.000452440639626305,0.0010083705914833631,0.0028907597950323214,0.0015035496505744887,1,1,1,8,1em4,,0,0,,0
slow_fast,odepe_v2_polish,0.0001,slow_fast_9_1em4,1,1,11566.748986005783,8,0,0.0010145754910460523,0.0015980926559412798,0.005216113635562625,0.0023141966311047047,1,1,1,9,1em4,,0,0,,0
sirt_treatment,odepe_v2_polish,0.0001,sirt_treatment_0_1em4,1,1,36227.86216211319,9,0,0.0001336306425057803,0.0016063307542548448,0.012217224852889003,0.004095239507519648,0,1,1,0,1em4,,0,0,,0
sirt_treatment,odepe_v2_polish,0.0001,sirt_treatment_1_1em4,1,1,11203.581197977066,9,0,6.313437823157515e-05,0.00031333277362825763,0.00221582495460404,0.0007471596950006544,1,1,1,1,1em4,,0,0,,0
sirt_treatment,odepe_v2_polish,0.0001,sirt_treatment_2_1em4,1,1,14642.354657173157,9,0,0.00013238908580728202,0.005415836122805352,0.029986696516705623,0.010741455409456018,0,1,1,2,1em4,,0,0,,0
sirt_treatment,odepe_v2_polish,0.0001,sirt_treatment_3_1em4,1,1,2846.5141048431396,9,0,0.0014340940684102147,0.002324545591019438,0.008303537372820392,0.0033883716197917616,1,1,1,3,1em4,,0,0,,0
sirt_treatment,odepe_v2_polish,0.0001,sirt_treatment_4_1em4,1,1,17984.381119966507,9,0,4.1687053755544465e-05,0.00028033433049036546,0.0014075881636729903,0.0005187754982527824,1,1,1,4,1em4,,0,0,,0
sirt_treatment,odepe_v2_polish,0.0001,sirt_treatment_5_1em4,1,1,17480.6987991333,9,0,0.0015717399731788725,0.0034080733963555427,0.01413199507330873,0.005813120789310026,0,1,1,5,1em4,,0,0,,0
sirt_treatment,odepe_v2_polish,0.0001,sirt_treatment_6_1em4,1,1,12494.850709915161,9,0,3.0575888097754765e-05,0.0002209150828853731,0.0006452358585062814,0.0003343543065847045,1,1,1,6,1em4,,0,0,,0
sirt_treatment,odepe_v2_polish,0.0001,sirt_treatment_7_1em4,1,1,15894.310288906097,9,0,0.0010701003105557042,0.0017682520086713578,0.005528082451679722,0.0024574224012863487,1,1,1,7,1em4,,0,0,,0
sirt_treatment,odepe_v2_polish,0.0001,sirt_treatment_8_1em4,1,1,15374.667483091354,9,0,0.0003993138187130594,0.0006149298478463625,0.001484875583993002,0.0008281021356992178,1,1,1,8,1em4,,0,0,,0
sirt_treatment,odepe_v2_polish,0.0001,sirt_treatment_9_1em4,1,1,11199.98061800003,9,0,0.0007791599672919245,0.0026616992559408536,0.015323193072495788,0.005343367121886818,0,1,1,9,1em4,,0,0,,0
vanderpol,odepe_v2_polish,0.0001,vanderpol_0_1em4,1,1,631.2554090023041,4,0,3.997840743421408e-07,1.0774144088335855e-06,3.454011021428385e-06,1.7532282037966014e-06,1,1,1,0,1em4,,0,0,,0
vanderpol,odepe_v2_polish,0.0001,vanderpol_1_1em4,1,1,577.9771041870117,4,0,4.4301597377757636e-07,4.874358574312916e-07,9.682351648160398e-07,5.871028799694135e-07,1,1,1,1,1em4,,0,0,,0
vanderpol,odepe_v2_polish,0.0001,vanderpol_2_1em4,1,1,685.4382610321045,4,0,7.837791598689307e-07,8.425862726951024e-07,1.4637623195457078e-06,9.337828874270969e-07,1,1,1,2,1em4,,0,0,,0
vanderpol,odepe_v2_polish,0.0001,vanderpol_3_1em4,1,1,486.9056890010834,4,0,1.5898291588388785e-06,1.8986195057787613e-06,4.0652410367730495e-06,2.4132121419502633e-06,1,1,1,3,1em4,,0,0,,0
vanderpol,odepe_v2_polish,0.0001,vanderpol_4_1em4,1,1,544.0622839927673,4,0,2.412294670342418e-07,4.3702250054657484e-07,1.2360061352144643e-06,6.417085536486464e-07,1,1,1,4,1em4,,0,0,,0
vanderpol,odepe_v2_polish,0.0001,vanderpol_5_1em4,1,1,580.9873158931732,4,0,7.384227368950899e-06,8.558302447726487e-06,1.52068326772871e-05,9.525449370623699e-06,1,1,1,5,1em4,,0,0,,0
vanderpol,odepe_v2_polish,0.0001,vanderpol_6_1em4,1,1,581.7827820777893,4,0,1.179720971678391e-07,5.756633506710736e-07,2.049928252842729e-06,1.0291154609869429e-06,1,1,1,6,1em4,,0,0,,0
vanderpol,odepe_v2_polish,0.0001,vanderpol_7_1em4,1,1,687.525022983551,4,0,9.425666302230607e-08,1.6034973160383166e-07,4.3060051080345834e-07,2.2727760482993818e-07,1,1,1,7,1em4,,0,0,,0
vanderpol,odepe_v2_polish,0.0001,vanderpol_8_1em4,1,1,619.9942908287048,4,0,8.147553778632593e-07,3.4576496776598055e-06,1.2121069648706574e-05,6.109897534648614e-06,1,1,1,8,1em4,,0,0,,0
vanderpol,odepe_v2_polish,0.0001,vanderpol_9_1em4,1,1,495.77711296081543,4,0,2.562243158481793e-06,2.4958324437839906e-05,9.293344865317266e-05,4.651095725822696e-05,1,1,1,9,1em4,,0,0,,0
aircraft_pitch,odepe_v2_polish,0.01,aircraft_pitch_0_1em2,1,1,417.9426770210266,6,1,0.000263896629693872,0.0014557080187475157,0.006857782113747541,0.002854569760920259,1,1,1,0,1em2,,0,0,,0
aircraft_pitch,odepe_v2_polish,0.01,aircraft_pitch_1_1em2,1,1,468.9226288795471,6,1,0.0005975428550751868,0.005769525588642586,0.032121309092347006,0.0131287286437167,0,1,1,1,1em2,,0,0,,0
aircraft_pitch,odepe_v2_polish,0.01,aircraft_pitch_2_1em2,1,1,611.569041967392,6,1,0.0020398585140892337,0.005294101891945346,0.019815342659453877,0.008544117936505391,0,1,1,2,1em2,,0,0,,0
aircraft_pitch,odepe_v2_polish,0.01,aircraft_pitch_3_1em2,1,1,1203.6990761756897,6,1,5.5737167824315665e-06,7.428151591929931e-05,0.0004118987400470884,0.00016833750513068217,1,1,1,3,1em2,,0,0,,0
aircraft_pitch,odepe_v2_polish,0.01,aircraft_pitch_4_1em2,1,1,606.4276361465454,6,1,9.613632418046687e-06,0.0001387813831340572,0.00042438507080078125,0.00023377304566657572,1,1,1,4,1em2,,0,0,,0
aircraft_pitch,odepe_v2_polish,0.01,aircraft_pitch_5_1em2,1,1,1834.3589470386505,6,1,0.0005821866944008976,0.17652780959324066,1.0566893549107792,0.4313919707891991,0,0,0,5,1em2,,0,0,,0
aircraft_pitch,odepe_v2_polish,0.01,aircraft_pitch_6_1em2,1,1,522.0491111278534,6,1,0.00019193446187231673,0.024117019205659188,0.14342363675435382,0.05855368906674017,0,0,1,6,1em2,,0,0,,0
aircraft_pitch,odepe_v2_polish,0.01,aircraft_pitch_7_1em2,1,1,794.1273169517517,6,1,0.00154129076876937,0.01334326210748328,0.03970938397135548,0.02165116371916149,0,1,1,7,1em2,,0,0,,0
aircraft_pitch,odepe_v2_polish,0.01,aircraft_pitch_8_1em2,1,1,546.5881979465485,6,1,0.018271201468776373,0.018332380858481042,0.03616215364306414,0.02178211772136441,0,1,1,8,1em2,,0,0,,0
aircraft_pitch,odepe_v2_polish,0.01,aircraft_pitch_9_1em2,1,1,536.1684491634369,6,1,0.0001063144702846279,0.001271944910195488,0.0065906208043999175,0.0027065596831083367,1,1,1,9,1em2,,0,0,,0
bicycle_model,odepe_v2_polish,0.01,bicycle_model_0_1em2,1,1,549.1811571121216,5,0,0.0025639533996581663,0.002680845866393376,0.0034585821217504734,0.0027119663253915693,1,1,1,0,1em2,,0,0,,0
bicycle_model,odepe_v2_polish,0.01,bicycle_model_1_1em2,1,1,635.0517659187317,5,0,0.000438100200588473,0.0003512464415148499,0.0004559472806192718,0.0003786154266299459,1,1,1,1,1em2,,0,0,,0
bicycle_model,odepe_v2_polish,0.01,bicycle_model_2_1em2,1,1,601.2350618839264,5,0,0.0005928837834073068,0.0005402389366330418,0.000871580753600201,0.0005972849990452273,1,1,1,2,1em2,,0,0,,0
bicycle_model,odepe_v2_polish,0.01,bicycle_model_3_1em2,1,1,653.8901398181915,5,0,0.014027310773659624,0.013156362495667978,0.017101704068607622,0.013495438166907915,0,1,1,3,1em2,,0,0,,0
bicycle_model,odepe_v2_polish,0.01,bicycle_model_4_1em2,1,1,1096.7735109329224,5,0,0.002482946406411893,0.0035709301170992426,0.009306768431280572,0.00461895479473414,1,1,1,4,1em2,,0,0,,0
bicycle_model,odepe_v2_polish,0.01,bicycle_model_5_1em2,1,1,591.7337038516998,5,0,0.005718874376873672,0.00517993518906401,0.006205767801363046,0.005318811726657106,1,1,1,5,1em2,,0,0,,0
bicycle_model,odepe_v2_polish,0.01,bicycle_model_6_1em2,1,1,679.1085019111633,5,0,0.0003155383737892293,0.0004978191407275093,0.00130188078654383,0.0006443408281654394,1,1,1,6,1em2,,0,0,,0
bicycle_model,odepe_v2_polish,0.01,bicycle_model_7_1em2,1,1,617.3528709411621,5,0,0.01787398697493929,0.01609225076921298,0.020482274330630736,0.01680839032836799,0,1,1,7,1em2,,0,0,,0
bicycle_model,odepe_v2_polish,0.01,bicycle_model_8_1em2,1,1,614.327358007431,5,0,0.0008229638024958243,0.0023033787991347137,0.005289951866858129,0.002981525665441801,1,1,1,8,1em2,,0,0,,0
bicycle_model,odepe_v2_polish,0.01,bicycle_model_9_1em2,1,1,675.3548448085785,5,0,0.0007337785102952195,0.0007535967043276358,0.0009034008989920749,0.0007598403599573013,1,1,1,9,1em2,,0,0,,0
biohydrogenation,odepe_v2_polish,0.01,biohydrogenation_0_1em2,1,1,16642.24759697914,9,1,0.3375318988563126,0.4000896958509092,0.9637747169646732,0.5486941016532859,0,0,0,0,1em2,,0,0,,0
biohydrogenation,odepe_v2_polish,0.01,biohydrogenation_1_1em2,1,1,15797.70115017891,9,1,0.27732419378602224,0.5048626677011463,0.9999674267100976,0.6755914434530096,0,0,0,1,1em2,,0,0,,0
biohydrogenation,odepe_v2_polish,0.01,biohydrogenation_2_1em2,1,1,3217.6292991638184,9,1,0.4127925246958178,0.4319484766084672,0.9999728260869565,0.5740463045772322,0,0,0,2,1em2,,0,0,,0
biohydrogenation,odepe_v2_polish,0.01,biohydrogenation_3_1em2,1,1,32770.59732198715,9,1,0.20331737532737634,0.41874345021501297,0.8981566757758233,0.5641736489927694,0,0,0,3,1em2,,0,0,,0
biohydrogenation,odepe_v2_polish,0.01,biohydrogenation_4_1em2,1,1,7209.479161024094,9,1,0.1424722839453283,0.28442710503015317,0.9961105970897205,0.4378261043578659,0,0,0,4,1em2,,0,0,,0
biohydrogenation,odepe_v2_polish,0.01,biohydrogenation_5_1em2,1,1,9195.847090005875,9,1,0.5280417618049807,0.4544920728698364,0.8650221321902727,0.5474668450200195,0,0,0,5,1em2,,0,0,,0
biohydrogenation,odepe_v2_polish,0.01,biohydrogenation_6_1em2,1,1,4478.536572933197,9,1,0.22713262450701094,0.4204716446349051,0.9947642218297719,0.5703847162021458,0,0,0,6,1em2,,0,0,,0
biohydrogenation,odepe_v2_polish,0.01,biohydrogenation_7_1em2,1,1,9120.613963842392,9,1,0.6587659590952504,0.45281847374688616,0.9875561975161267,0.5890309034520084,0,0,0,7,1em2,,0,0,,0
biohydrogenation,odepe_v2_polish,0.01,biohydrogenation_8_1em2,1,1,12543.711522817612,9,1,0.20029862002005636,0.33345940103426447,0.8095319786502013,0.44220465399710945,0,0,0,8,1em2,,0,0,,0
biohydrogenation,odepe_v2_polish,0.01,biohydrogenation_9_1em2,1,1,16747.388607025146,9,1,0.6437652995031077,0.536553245610781,0.9929025273877284,0.6373497974120071,0,0,0,9,1em2,,0,0,,0
boost_converter,odepe_v2_polish,0.01,boost_converter_0_1em2,1,1,894.7279279232025,5,0,0.0014609685019841198,0.0020885672556202875,0.004128285185220887,0.002613412856259033,1,1,1,0,1em2,,0,0,,0
boost_converter,odepe_v2_polish,0.01,boost_converter_1_1em2,1,1,854.320081949234,5,0,0.023450688501099194,0.020901307071026703,0.03725672919969057,0.02364541976751337,0,1,1,1,1em2,,0,0,,0
boost_converter,odepe_v2_polish,0.01,boost_converter_2_1em2,1,1,777.538761138916,5,0,0.011816610023971576,0.014662664141859636,0.03232577585425906,0.018378235102262136,0,1,1,2,1em2,,0,0,,0
boost_converter,odepe_v2_polish,0.01,boost_converter_3_1em2,1,1,814.9592370986938,5,0,0.005514299057176101,0.0050228472147833695,0.009642553397490131,0.0061412024004556635,1,1,1,3,1em2,,0,0,,0
boost_converter,odepe_v2_polish,0.01,boost_converter_4_1em2,1,1,750.7465651035309,5,0,0.0035884272944818937,0.004116091322429556,0.008322502186980349,0.005275795968069246,1,1,1,4,1em2,,0,0,,0
boost_converter,odepe_v2_polish,0.01,boost_converter_5_1em2,1,1,853.8083221912384,5,0,0.008659374405441357,0.012144329812037733,0.030032400357521135,0.015425405373770027,0,1,1,5,1em2,,0,0,,0
boost_converter,odepe_v2_polish,0.01,boost_converter_6_1em2,1,1,778.9327969551086,5,0,0.006123341900810725,0.004306869638723973,0.006606130888967755,0.005060636978538206,1,1,1,6,1em2,,0,0,,0
boost_converter,odepe_v2_polish,0.01,boost_converter_7_1em2,1,1,790.9002909660339,5,0,0.0024093042377964116,0.0030030858966362474,0.006463644264194658,0.0037368426781077563,1,1,1,7,1em2,,0,0,,0
boost_converter,odepe_v2_polish,0.01,boost_converter_8_1em2,1,1,914.0304880142212,5,0,0.0030211118294179063,0.010746576172958022,0.04282637468473192,0.019352996414869844,0,1,1,8,1em2,,0,0,,0
boost_converter,odepe_v2_polish,0.01,boost_converter_9_1em2,1,1,935.1506531238556,5,0,0.0046906523652128955,0.01570139539735759,0.05545123211749191,0.025790693108164158,0,1,1,9,1em2,,0,0,,0
brusselator,odepe_v2_polish,0.01,brusselator_0_1em2,1,1,726.598385810852,4,0,0.009966564038476577,0.009661668091593318,0.01857734962598223,0.012185019280146037,0,1,1,0,1em2,,0,0,,0
brusselator,odepe_v2_polish,0.01,brusselator_1_1em2,1,1,1410.1384830474854,4,0,0.015708359843822163,0.014294007338658318,0.02148764674427835,0.01560547960268636,0,1,1,1,1em2,,0,0,,0
brusselator,odepe_v2_polish,0.01,brusselator_2_1em2,1,1,1482.0896410942078,4,0,0.0006341082131095595,0.016480916225260978,0.06431438570791205,0.0321608328304298,0,1,1,2,1em2,,0,0,,0
brusselator,odepe_v2_polish,0.01,brusselator_3_1em2,1,1,1296.169293165207,4,0,0.023384445746960067,0.03209370912279597,0.08155986769225253,0.045402296774770014,0,1,1,3,1em2,,0,0,,0
brusselator,odepe_v2_polish,0.01,brusselator_4_1em2,1,1,1580.2502059936523,4,0,0.011117354021565917,0.016917049599972186,0.0454272929572729,0.02515051950342891,0,1,1,4,1em2,,0,0,,0
brusselator,odepe_v2_polish,0.01,brusselator_5_1em2,1,1,537.4711399078369,4,0,0.9837009312532818,0.98335541826725,0.9873417721521776,0.9833606836284214,0,0,0,5,1em2,,0,0,,0
brusselator,odepe_v2_polish,0.01,brusselator_6_1em2,1,1,491.4563789367676,4,0,0.9791616137308301,0.9712806697406402,0.9877750611452841,0.9714732771160167,0,0,0,6,1em2,,0,0,,0
brusselator,odepe_v2_polish,0.01,brusselator_7_1em2,1,1,1779.9952070713043,4,0,0.524816977963511,0.4793364507006034,0.8676679853027454,0.6113596672489848,0,0,0,7,1em2,,0,0,,0
brusselator,odepe_v2_polish,0.01,brusselator_8_1em2,1,1,596.7402169704437,4,0,0.9623771166821006,0.9578526140305706,0.9886234357226624,0.9582752138684056,0,0,0,8,1em2,,0,0,,0
brusselator,odepe_v2_polish,0.01,brusselator_9_1em2,1,1,1250.953008890152,4,0,0.009034728974042616,0.011182223527317736,0.026640767518348537,0.014869019050125014,0,1,1,9,1em2,,0,0,,0
crauste,odepe_v2_polish,0.01,crauste_0_1em2,1,1,66610.40950703621,17,0,0.3867708084668861,0.7402867637442528,4.634270719803738,1.2848189506200705,0,0,0,0,1em2,,0,0,,0
crauste,odepe_v2_polish,0.01,crauste_1_1em2,1,1,105778.46236300468,17,0,0.7325725796933524,0.6563326548556816,1.2453921790383509,0.7668690918762732,0,0,0,1,1em2,,0,0,,1
crauste,odepe_v2_polish,0.01,crauste_2_1em2,1,1,56529.248989105225,17,0,0.167430259903933,1.2010966904124316,12.966480446927378,3.2112300272306182,0,0,0,2,1em2,,0,0,,0
crauste,odepe_v2_polish,0.01,crauste_3_1em2,1,1,118425.89001512527,17,0,0.1274047361497633,0.5539838917032247,3.8310463463593147,1.0701072613974896,0,0,0,3,1em2,,0,0,,1
crauste,odepe_v2_polish,0.01,crauste_4_1em2,1,1,4800.095468044281,17,0,0.6201929499213796,0.5774080407949354,0.9999683544303797,0.6952237594726822,0,0,0,4,1em2,,0,0,,0
crauste,odepe_v2_polish,0.01,crauste_5_1em2,1,1,50137.03512787819,17,0,0.18122565042275873,0.47615086314662103,0.9999779835755331,0.651103616964376,0,0,0,5,1em2,,0,0,,4
crauste,odepe_v2_polish,0.01,crauste_6_1em2,1,1,118034.81351280212,17,0,0.017901118109875155,0.3293785070643645,2.115328598535,0.6551065681712758,0,0,0,6,1em2,,0,0,,0
crauste,odepe_v2_polish,0.01,crauste_7_1em2,1,1,4947.767871141434,17,0,0.03289845936401322,0.28395500321640865,0.9999837968177586,0.5000612532932477,0,0,0,7,1em2,,0,0,,1
crauste,odepe_v2_polish,0.01,crauste_8_1em2,1,1,5164.619676113129,17,0,0.5526342203118366,0.534850182963146,0.9999812937144327,0.6793150349208479,0,0,0,8,1em2,,0,0,,0
crauste,odepe_v2_polish,0.01,crauste_9_1em2,1,1,119624.73667693138,17,0,0.0991897314164452,0.27076430339343405,0.9999885057471265,0.4689707057579081,0,0,0,9,1em2,,0,0,,1
cstr,odepe_v2_polish,0.01,cstr_0_1em2,1,1,4175.078551054001,7,0,0.6384670267605005,0.9361844947754477,3.454773828976336,1.4040609034915816,0,0,0,0,1em2,,0,0,,0
cstr,odepe_v2_polish,0.01,cstr_1_1em2,1,1,4363.012017965317,7,0,1.4669897251870438,1.049753799878562,1.7201914851413125,1.2461615022678154,0,0,0,1,1em2,,0,0,,0
cstr,odepe_v2_polish,0.01,cstr_2_1em2,1,1,2876.751037120819,7,0,0.14538069181051405,0.21939950599166025,0.4744904941814837,0.27104072213900976,0,0,1,2,1em2,,0,0,,0
cstr,odepe_v2_polish,0.01,cstr_3_1em2,1,1,4604.246011018753,7,0,0.7768987799818042,0.7957278434329869,1.5367659871181403,0.8661775690925336,0,0,0,3,1em2,,0,0,,0
cstr,odepe_v2_polish,0.01,cstr_4_1em2,1,1,4272.871767044067,7,0,0.890306457307358,0.7725562451517428,1.059755386844758,0.8248155471529639,0,0,0,4,1em2,,0,0,,0
cstr,odepe_v2_polish,0.01,cstr_5_1em2,1,1,4248.984847068787,7,0,0.7729973429955787,0.6330817666338199,0.999999245176158,0.7291975857236173,0,0,0,5,1em2,,0,0,,0
cstr,odepe_v2_polish,0.01,cstr_6_1em2,1,1,4356.867985963821,7,0,0.20360858623798073,0.3902023636983127,0.9672049906716418,0.5570884726574579,0,0,0,6,1em2,,0,0,,0
cstr,odepe_v2_polish,0.01,cstr_7_1em2,1,1,4286.15235209465,7,0,0.9898165115365251,0.7095997921054165,1.0217499481704821,0.7907372975516292,0,0,0,7,1em2,,0,0,,0
cstr,odepe_v2_polish,0.01,cstr_8_1em2,1,1,4249.251374959946,7,0,0.9231010806718062,0.7298335656446845,1.0247167161673554,0.8238291467111891,0,0,0,8,1em2,,0,0,,0
cstr,odepe_v2_polish,0.01,cstr_9_1em2,1,1,4890.298504829407,7,0,0.8693684156516502,0.9852694622058019,1.5970117540154962,1.0275909365205758,0,0,0,9,1em2,,0,0,,0
daisy_mamil3,odepe_v2_polish,0.01,daisy_mamil3_0_1em2,1,1,1153.5503430366516,8,0,0.16272615188332193,0.17450126006364675,0.4066185012116475,0.2189677842360493,0,0,1,0,1em2,,0,0,,0
daisy_mamil3,odepe_v2_polish,0.01,daisy_mamil3_1_1em2,1,1,1498.3543448448181,8,0,0.02826273373908253,0.029036001412020722,0.06154458821047101,0.03416123208888324,0,1,1,1,1em2,,0,0,,0
daisy_mamil3,odepe_v2_polish,0.01,daisy_mamil3_2_1em2,1,1,1816.221251964569,8,0,0.012440347978441502,0.027121438947023215,0.07471722731980551,0.03963795019659398,0,1,1,2,1em2,,0,0,,0
daisy_mamil3,odepe_v2_polish,0.01,daisy_mamil3_3_1em2,1,1,1364.9871850013733,8,0,0.007131554782767301,0.014042684836833585,0.0592687182642832,0.023213600841541174,0,1,1,3,1em2,,0,0,,0
daisy_mamil3,odepe_v2_polish,0.01,daisy_mamil3_4_1em2,1,1,1401.5421588420868,8,0,0.03162123954983093,0.0860273879499134,0.41378607537006534,0.15701147873640173,0,0,1,4,1em2,,0,0,,0
daisy_mamil3,odepe_v2_polish,0.01,daisy_mamil3_5_1em2,1,1,1690.481420993805,8,0,0.07316844537063862,0.12318799282741386,0.31648654063892495,0.1754720607907356,0,0,1,5,1em2,,0,0,,0
daisy_mamil3,odepe_v2_polish,0.01,daisy_mamil3_6_1em2,1,1,1315.6996898651123,8,0,0.020831781895962343,0.09139779197909019,0.3160564193540585,0.146804133210819,0,0,1,6,1em2,,0,0,,0
daisy_mamil3,odepe_v2_polish,0.01,daisy_mamil3_7_1em2,1,1,1205.4418120384216,8,0,0.005024381917716854,0.02705273275986741,0.1528942995600194,0.05585012051095266,0,0,1,7,1em2,,0,0,,0
daisy_mamil3,odepe_v2_polish,0.01,daisy_mamil3_8_1em2,1,1,1052.429044008255,8,0,0.00730116802698986,0.006776888893912897,0.012622395865763933,0.0076988263275512645,0,1,1,8,1em2,,0,0,,0
daisy_mamil3,odepe_v2_polish,0.01,daisy_mamil3_9_1em2,1,1,1090.6438579559326,8,0,0.12041144269213863,0.11623768238839605,0.20165913866725133,0.1291714928308579,0,0,1,9,1em2,,0,0,,0
daisy_mamil4,odepe_v2_polish,0.01,daisy_mamil4_0_1em2,1,1,11616.366484880447,11,0,0.23870300722859278,0.2680289565345448,0.7547846457878188,0.38250310616252453,0,0,0,0,1em2,,0,0,,0
daisy_mamil4,odepe_v2_polish,0.01,daisy_mamil4_1_1em2,1,1,5082.063542127609,11,0,0.4574882080130415,0.5533463060896925,1.3741262546336503,0.7755779734790252,0,0,0,1,1em2,,0,0,,0
daisy_mamil4,odepe_v2_polish,0.01,daisy_mamil4_2_1em2,1,1,4829.901125907898,11,0,0.07633491835856993,0.1261020369788106,0.38610253661075444,0.17418711442129092,0,0,1,2,1em2,,0,0,,0
daisy_mamil4,odepe_v2_polish,0.01,daisy_mamil4_3_1em2,1,1,5801.933957099915,11,0,0.3057517602689774,0.44074746658748865,0.9888230023991369,0.5849096063785669,0,0,0,3,1em2,,0,0,,0
daisy_mamil4,odepe_v2_polish,0.01,daisy_mamil4_4_1em2,1,1,4942.048379182816,11,0,0.09318480996195008,0.07334208397134245,0.15613717418582734,0.09557593716357064,0,0,1,4,1em2,,0,0,,0
daisy_mamil4,odepe_v2_polish,0.01,daisy_mamil4_5_1em2,1,1,6356.435215950012,11,0,0.019981491451618438,0.14394765262735484,0.9999358973073554,0.3148251859438893,0,0,0,5,1em2,,0,0,,0
daisy_mamil4,odepe_v2_polish,0.01,daisy_mamil4_6_1em2,1,1,4547.519549846649,11,0,0.12584637171081664,0.1859291735518567,0.6321400285042285,0.2726569394888193,0,0,0,6,1em2,,0,0,,0
daisy_mamil4,odepe_v2_polish,0.01,daisy_mamil4_7_1em2,1,1,7825.884507894516,11,0,0.008837620301667161,0.06192949362597513,0.2759718794994899,0.10956103293747133,0,0,1,7,1em2,,0,0,,0
daisy_mamil4,odepe_v2_polish,0.01,daisy_mamil4_8_1em2,1,1,6999.139149904251,11,0,0.15808330352918812,0.2853412169492447,0.8030320669649658,0.41680274048237487,0,0,0,8,1em2,,0,0,,0
daisy_mamil4,odepe_v2_polish,0.01,daisy_mamil4_9_1em2,1,1,7507.259460926056,11,0,0.3162763566506281,0.3442718559805406,0.9143717838167411,0.44947943878244706,0,0,0,9,1em2,,0,0,,0
dc_motor,odepe_v2_polish,0.01,dc_motor_0_1em2,1,1,411.14369893074036,4,0,0.00744215420553273,0.008066758559652824,0.01640045298317272,0.009998183311698465,0,1,1,0,1em2,,0,0,,0
dc_motor,odepe_v2_polish,0.01,dc_motor_1_1em2,1,1,469.1442561149597,4,0,0.0067208974913111445,0.00954515484227697,0.024409756553940627,0.01340260671391546,0,1,1,1,1em2,,0,0,,0
dc_motor,odepe_v2_polish,0.01,dc_motor_2_1em2,1,1,454.64525413513184,4,0,0.0127376082087063,0.027185816901762007,0.08288651082053086,0.042437792719182674,0,1,1,2,1em2,,0,0,,0
dc_motor,odepe_v2_polish,0.01,dc_motor_3_1em2,1,1,471.41037702560425,4,0,0.008506766295488091,0.020647596541626546,0.06517028808593761,0.03345447392647189,0,1,1,3,1em2,,0,0,,0
dc_motor,odepe_v2_polish,0.01,dc_motor_4_1em2,1,1,448.54666900634766,4,0,0.028003126163568814,0.03705395683626932,0.08367599367866121,0.047683811060232374,0,1,1,4,1em2,,0,0,,0
dc_motor,odepe_v2_polish,0.01,dc_motor_5_1em2,1,1,1135.1468479633331,4,0,0.011296027078184634,0.01742960577882861,0.046881802110786984,0.024999062018337237,0,1,1,5,1em2,,0,0,,0
dc_motor,odepe_v2_polish,0.01,dc_motor_6_1em2,1,1,405.7723469734192,4,0,0.006993807468522627,0.011539222543672938,0.031155505815075844,0.01649308385701277,0,1,1,6,1em2,,0,0,,0
dc_motor,odepe_v2_polish,0.01,dc_motor_7_1em2,1,1,411.9797258377075,4,0,0.006444170296625944,0.011972292677508965,0.03481980257256079,0.018219403946995574,0,1,1,7,1em2,,0,0,,0
dc_motor,odepe_v2_polish,0.01,dc_motor_8_1em2,1,1,403.05646109580994,4,0,0.04616972340437365,0.048494143041110466,0.10118941861297441,0.0603340454679971,0,0,1,8,1em2,,0,0,,0
dc_motor,odepe_v2_polish,0.01,dc_motor_9_1em2,1,1,443.0923430919647,4,0,0.03859677386732125,0.03407283804220684,0.045328396869511615,0.03627204242562998,0,1,1,9,1em2,,0,0,,0
fitzhugh_nagumo,odepe_v2_polish,0.01,fitzhugh_nagumo_0_1em2,1,1,463.1460428237915,5,0,0.018913402548304283,0.583411422292582,2.846177174948496,1.2729938780831471,0,0,0,0,1em2,,0,0,,0
fitzhugh_nagumo,odepe_v2_polish,0.01,fitzhugh_nagumo_1_1em2,1,1,533.4063889980316,5,0,0.09665664089468211,0.13714083211368275,0.42697886700607524,0.20282424027094353,0,0,1,1,1em2,,0,0,,0
fitzhugh_nagumo,odepe_v2_polish,0.01,fitzhugh_nagumo_2_1em2,1,1,607.677463054657,5,0,0.3561917309588428,0.2949131514208094,0.6045685685820325,0.3630899669557031,0,0,0,2,1em2,,0,0,,0
fitzhugh_nagumo,odepe_v2_polish,0.01,fitzhugh_nagumo_3_1em2,1,1,444.18429684638977,5,0,0.029206821649621285,0.21079739608170261,0.6087407578763359,0.32654515746218615,0,0,0,3,1em2,,0,0,,0
fitzhugh_nagumo,odepe_v2_polish,0.01,fitzhugh_nagumo_4_1em2,1,1,405.67911195755005,5,0,0.10944280112246242,0.2155730036772101,0.48733096490000993,0.30627951544693005,0,0,1,4,1em2,,0,0,,0
fitzhugh_nagumo,odepe_v2_polish,0.01,fitzhugh_nagumo_5_1em2,1,1,629.0547091960907,5,0,0.02273310831000765,0.3217270034093491,1.146092049581132,0.54627601334487,0,0,0,5,1em2,,0,0,,0
fitzhugh_nagumo,odepe_v2_polish,0.01,fitzhugh_nagumo_6_1em2,1,1,508.65514302253723,5,0,0.08250941159755507,0.24702617540613953,0.5938838359866017,0.3577824998766219,0,0,0,6,1em2,,0,0,,0
fitzhugh_nagumo,odepe_v2_polish,0.01,fitzhugh_nagumo_7_1em2,1,1,573.67920088768,5,0,0.9999839486356341,0.813176222151051,0.9999862850095586,0.8947989147677514,0,0,0,7,1em2,,0,0,,0
fitzhugh_nagumo,odepe_v2_polish,0.01,fitzhugh_nagumo_8_1em2,1,1,631.9111490249634,5,0,0.043032442146008945,0.07459166643686334,0.2152378292239537,0.10930379764031961,0,0,1,8,1em2,,0,0,,0
fitzhugh_nagumo,odepe_v2_polish,0.01,fitzhugh_nagumo_9_1em2,1,1,536.960823059082,5,0,0.9999769053117783,0.6757024762387795,0.9999834162520731,0.7924631957897487,0,0,0,9,1em2,,0,0,,0
flexible_arm,odepe_v2_polish,0.01,flexible_arm_0_1em2,1,1,4645.6188452243805,9,0,0.3019428897629357,0.5351424429714493,1.0054068023717242,0.6827525975214128,0,0,0,0,1em2,,0,0,,0
flexible_arm,odepe_v2_polish,0.01,flexible_arm_1_1em2,1,1,5339.11988902092,9,0,0.2499706020068756,0.4830727341360578,0.9999644128113878,0.6120931388275579,0,0,0,1,1em2,,0,0,,0
flexible_arm,odepe_v2_polish,0.01,flexible_arm_2_1em2,1,1,6294.865386962891,9,0,0.9998350880745719,0.7674360467476677,1.0264479265973152,0.8410759770205213,0,0,0,2,1em2,,0,0,,0
flexible_arm,odepe_v2_polish,0.01,flexible_arm_3_1em2,1,1,1940.151230096817,9,0,0.3933153294573967,0.4279832781970187,0.8371685987002011,0.5017038257833237,0,0,0,3,1em2,,0,0,,0
flexible_arm,odepe_v2_polish,0.01,flexible_arm_4_1em2,1,1,2715.6133921146393,9,0,0.7084553906141275,0.6374852924015619,0.8781477145414972,0.6617860823364757,0,0,0,4,1em2,,0,0,,0
flexible_arm,odepe_v2_polish,0.01,flexible_arm_5_1em2,1,1,2469.9683599472046,9,0,0.9998696216071041,0.769164064275223,1.1438466175165356,0.8500492453895488,0,0,0,5,1em2,,0,0,,0
flexible_arm,odepe_v2_polish,0.01,flexible_arm_6_1em2,1,1,2404.3695850372314,9,0,0.763067694691864,0.6689725582893291,0.9734828096731647,0.7128872102859851,0,0,0,6,1em2,,0,0,,0
flexible_arm,odepe_v2_polish,0.01,flexible_arm_7_1em2,1,1,11789.000868082047,9,0,0.21056773539757556,0.4003862177372249,0.8863363863363208,0.5288078683767228,0,0,0,7,1em2,,0,0,,0
flexible_arm,odepe_v2_polish,0.01,flexible_arm_8_1em2,1,1,4388.18759894371,9,0,0.52294701146426,0.5177298065868485,0.9810610398147125,0.6128783843347402,0,0,0,8,1em2,,0,0,,0
flexible_arm,odepe_v2_polish,0.01,flexible_arm_9_1em2,1,1,3312.4221410751343,9,0,0.5807445623535532,0.5775245651755547,0.9999669966996699,0.6695379519575343,0,0,0,9,1em2,,0,0,,0
forced_lotka_volterra,odepe_v2_polish,0.01,forced_lotka_volterra_0_1em2,1,1,563.8068468570709,6,0,0.0007912064324073563,0.0006964858905239194,0.0009438741623661441,0.0007408635203251925,1,1,1,0,1em2,,0,0,,0
forced_lotka_volterra,odepe_v2_polish,0.01,forced_lotka_volterra_1_1em2,1,1,703.1118590831757,6,0,8.602760811077966e-05,0.0001445388783768788,0.0003254331391433879,0.00018307124064655158,1,1,1,1,1em2,,0,0,,0
forced_lotka_volterra,odepe_v2_polish,0.01,forced_lotka_volterra_2_1em2,1,1,788.5783951282501,6,0,0.00826415872580866,0.010707977120776167,0.020245313015336403,0.012095142569726868,0,1,1,2,1em2,,0,0,,0
forced_lotka_volterra,odepe_v2_polish,0.01,forced_lotka_volterra_3_1em2,1,1,778.1259109973907,6,0,0.0013401415354694465,0.0021742736309014734,0.006138789189326312,0.0029105135560816256,1,1,1,3,1em2,,0,0,,0
forced_lotka_volterra,odepe_v2_polish,0.01,forced_lotka_volterra_4_1em2,1,1,729.1844317913055,6,0,0.0007429601346733737,0.0009123264290354025,0.0022832697088069854,0.0011195573084358962,1,1,1,4,1em2,,0,0,,0
forced_lotka_volterra,odepe_v2_polish,0.01,forced_lotka_volterra_5_1em2,1,1,668.1816141605377,6,0,0.0002516541271679866,0.00035979454243832465,0.0007691836838075653,0.00046656591436430335,1,1,1,5,1em2,,0,0,,0
forced_lotka_volterra,odepe_v2_polish,0.01,forced_lotka_volterra_6_1em2,1,1,984.3680901527405,6,0,0.00041764799488312027,0.0009861983745624388,0.003999399178194114,0.0016832179852004226,1,1,1,6,1em2,,0,0,,0
forced_lotka_volterra,odepe_v2_polish,0.01,forced_lotka_volterra_7_1em2,1,1,938.1356618404388,6,0,0.0360696875922373,0.05979878762206744,0.12723639617813598,0.07584688991160048,0,0,1,7,1em2,,0,0,,0
forced_lotka_volterra,odepe_v2_polish,0.01,forced_lotka_volterra_8_1em2,1,1,679.2913861274719,6,0,0.0001848359664847566,0.0002831844522925041,0.0006501502597453169,0.0003559512534393409,1,1,1,8,1em2,,0,0,,0
forced_lotka_volterra,odepe_v2_polish,0.01,forced_lotka_volterra_9_1em2,1,1,736.1148021221161,6,0,0.0009622923451819837,0.0009855557534226018,0.0014896899198009795,0.0010469051138596518,1,1,1,9,1em2,,0,0,,0
harmonic_oscillator,odepe_v2_polish,0.01,harmonic_oscillator_0_1em2,1,1,333.69559597969055,4,0,6.243686842557721e-05,5.2914634903121615e-05,7.618442031193836e-05,5.86561884301335e-05,1,1,1,0,1em2,,0,0,,0
harmonic_oscillator,odepe_v2_polish,0.01,harmonic_oscillator_1_1em2,1,1,383.0700981616974,4,0,4.6676771559921225e-06,7.2687284098489045e-06,1.9077816028000788e-05,1.0288282288341084e-05,1,1,1,1,1em2,,0,0,,0
harmonic_oscillator,odepe_v2_polish,0.01,harmonic_oscillator_2_1em2,1,1,329.35523986816406,4,0,1.1253278250462939e-05,1.2021485482111844e-05,2.442907288426347e-05,1.464094922049682e-05,1,1,1,2,1em2,,0,0,,0
harmonic_oscillator,odepe_v2_polish,0.01,harmonic_oscillator_3_1em2,1,1,313.61655712127686,4,0,1.128875076625549e-05,1.317688618406483e-05,2.250481655703497e-05,1.4313356632034896e-05,1,1,1,3,1em2,,0,0,,0
harmonic_oscillator,odepe_v2_polish,0.01,harmonic_oscillator_4_1em2,1,1,368.86776900291443,4,0,0.00011171367522664183,9.453868031949655e-05,0.00014317389984641604,0.00010754005111992689,1,1,1,4,1em2,,0,0,,0
harmonic_oscillator,odepe_v2_polish,0.01,harmonic_oscillator_5_1em2,1,1,415.95936393737793,4,0,2.2226979388797432e-05,2.285074080153304e-05,2.8131866194984915e-05,2.3098275199969995e-05,1,1,1,5,1em2,,0,0,,0
harmonic_oscillator,odepe_v2_polish,0.01,harmonic_oscillator_6_1em2,1,1,428.2447600364685,4,0,0.0005036585280084346,0.00043361595237316643,0.0005740145850328742,0.0004643056513877371,1,1,1,6,1em2,,0,0,,0
harmonic_oscillator,odepe_v2_polish,0.01,harmonic_oscillator_7_1em2,1,1,357.42987394332886,4,0,1.87672585085674e-05,1.8640239683736726e-05,2.3875790427312718e-05,1.903719991567719e-05,1,1,1,7,1em2,,0,0,,0
harmonic_oscillator,odepe_v2_polish,0.01,harmonic_oscillator_8_1em2,1,1,356.75118112564087,4,0,0.00010336125404287933,0.00010009622802241692,0.0001333390846198873,0.00010490866933071805,1,1,1,8,1em2,,0,0,,0
harmonic_oscillator,odepe_v2_polish,0.01,harmonic_oscillator_9_1em2,1,1,363.65474700927734,4,0,7.650070924205379e-05,6.928313044777054e-05,9.514799126805001e-05,7.413060946806493e-05,1,1,1,9,1em2,,0,0,,0
hiv,odepe_v2_polish,0.01,hiv_0_1em2,1,1,13024.045315980911,15,0,0.01982066588337376,0.19599226124849606,0.99992700729927,0.36126614360774484,0,0,0,0,1em2,,0,0,,0
hiv,odepe_v2_polish,0.01,hiv_1_1em2,1,1,20422.896775007248,15,0,0.04309719423753588,0.44221293346949314,2.3901664158752394,0.8255965350200872,0,0,0,1,1em2,,0,0,,0
hiv,odepe_v2_polish,0.01,hiv_2_1em2,1,1,21714.540699005127,15,0,0.47733359122037106,0.5066538864732312,0.9999632352941176,0.6604914975076364,0,0,0,2,1em2,,0,0,,0
hiv,odepe_v2_polish,0.01,hiv_3_1em2,1,1,27486.240330934525,15,0,0.02457100311723424,0.18148896350091454,0.9999692307692307,0.3665796303004912,0,0,0,3,1em2,,0,0,,0
hiv,odepe_v2_polish,0.01,hiv_4_1em2,1,1,40996.36832690239,15,0,0.06936300217669912,0.2410972507048533,0.9999662162162162,0.42754100729737843,0,0,0,4,1em2,,0,0,,0
hiv,odepe_v2_polish,0.01,hiv_5_1em2,1,1,46381.39380311966,15,0,0.06940230541740593,1.2108956763984318,13.224751066856335,3.4551830323672,0,0,0,5,1em2,,0,0,,1
hiv,odepe_v2_polish,0.01,hiv_6_1em2,1,1,12680.489147901535,15,0,0.030567261232313916,0.1835978236046068,0.9999882075471699,0.36339501612068703,0,0,0,6,1em2,,0,0,,0
hiv,odepe_v2_polish,0.01,hiv_7_1em2,1,1,70733.12323999405,15,0,0.10341976607909964,0.5819362698094314,5.521020103407048,1.4999434278821437,0,0,0,7,1em2,,0,0,,0
hiv,odepe_v2_polish,0.01,hiv_8_1em2,1,1,26004.901849985123,15,0,0.4085572534818347,1.5218828087923775,11.68454329032416,3.2396735272129003,0,0,0,8,1em2,,0,0,,2
hiv,odepe_v2_polish,0.01,hiv_9_1em2,1,1,14699.662368059158,15,0,0.40337964306170765,1.1151738597654128,7.259312008704049,2.119008223166286,0,0,0,9,1em2,,0,0,,2
lotka_volterra,odepe_v2_polish,0.01,lotka_volterra_0_1em2,1,1,904.9623568058014,5,0,0.0007656022186593524,0.002846614393288155,0.011657338728866672,0.005247286625134642,0,1,1,0,1em2,,0,0,,0
lotka_volterra,odepe_v2_polish,0.01,lotka_volterra_1_1em2,1,1,1728.9118359088898,5,0,0.0010282171777728528,0.0018297498688590436,0.005128726919298381,0.0024655191630213124,1,1,1,1,1em2,,0,0,,0
lotka_volterra,odepe_v2_polish,0.01,lotka_volterra_2_1em2,1,1,1109.546051979065,5,0,0.0019514735855175047,0.00269711669479438,0.007488058711265727,0.0036510313442341697,1,1,1,2,1em2,,0,0,,0
lotka_volterra,odepe_v2_polish,0.01,lotka_volterra_3_1em2,1,1,766.3789429664612,5,0,0.004922912167372296,0.005356205290172436,0.01262904731838355,0.00671947233521542,0,1,1,3,1em2,,0,0,,0
lotka_volterra,odepe_v2_polish,0.01,lotka_volterra_4_1em2,1,1,655.8019988536835,5,0,0.006223257392063925,0.007506622548451816,0.016885319692877068,0.009185372166635623,0,1,1,4,1em2,,0,0,,0
lotka_volterra,odepe_v2_polish,0.01,lotka_volterra_5_1em2,1,1,791.5368890762329,5,0,0.0002658662513276342,0.0002863721474676731,0.0006270398047550972,0.00034451230902441424,1,1,1,5,1em2,,0,0,,0
lotka_volterra,odepe_v2_polish,0.01,lotka_volterra_6_1em2,1,1,578.4424271583557,5,0,0.00348097551126602,0.0038303323207358577,0.00918397518289966,0.004925488415690271,1,1,1,6,1em2,,0,0,,0
lotka_volterra,odepe_v2_polish,0.01,lotka_volterra_7_1em2,1,1,580.8188869953156,5,0,0.0041029569651293936,0.004464790822477879,0.010053135389450144,0.0054645735874426565,0,1,1,7,1em2,,0,0,,0
lotka_volterra,odepe_v2_polish,0.01,lotka_volterra_8_1em2,1,1,997.9500160217285,5,0,0.0008711729341098653,0.001163284045984953,0.003007940439736241,0.0015047744204023205,1,1,1,8,1em2,,0,0,,0
lotka_volterra,odepe_v2_polish,0.01,lotka_volterra_9_1em2,1,1,1044.7582190036774,5,0,0.0005959969712408808,0.0005508735166988102,0.001021544058848434,0.0006604647275128819,1,1,1,9,1em2,,0,0,,0
mass_spring_damper,odepe_v2_polish,0.01,mass_spring_damper_0_1em2,1,1,368.23346400260925,5,0,0.00039124457601528886,0.0024682026196998367,0.009020617158043238,0.004196936065628918,1,1,1,0,1em2,,0,0,,0
mass_spring_damper,odepe_v2_polish,0.01,mass_spring_damper_1_1em2,1,1,445.3247139453888,5,0,0.0011473260086459537,0.0009403002022825074,0.0012940214044116973,0.001023281493417042,1,1,1,1,1em2,,0,0,,0
mass_spring_damper,odepe_v2_polish,0.01,mass_spring_damper_2_1em2,1,1,555.8942589759827,5,0,0.0008888872904166109,0.0014048907513708607,0.004175094315208587,0.0020048509415516616,1,1,1,2,1em2,,0,0,,0
mass_spring_damper,odepe_v2_polish,0.01,mass_spring_damper_3_1em2,1,1,490.56118083000183,5,0,0.015083044603451555,0.01853215093900671,0.03770682883041716,0.021988831332333016,0,1,1,3,1em2,,0,0,,0
mass_spring_damper,odepe_v2_polish,0.01,mass_spring_damper_4_1em2,1,1,501.6549549102783,5,0,0.00025261090965031277,0.0007693241833049438,0.0029504006631718882,0.0013388194087509831,1,1,1,4,1em2,,0,0,,0
mass_spring_damper,odepe_v2_polish,0.01,mass_spring_damper_5_1em2,1,1,381.9660429954529,5,0,0.0005646435298240866,0.0013193545145337403,0.0032913897827845074,0.0017524155422757655,1,1,1,5,1em2,,0,0,,0
mass_spring_damper,odepe_v2_polish,0.01,mass_spring_damper_6_1em2,1,1,426.7154631614685,5,0,0.0008725839109546689,0.0013408557546482353,0.0038955477559643047,0.0018682555150244249,1,1,1,6,1em2,,0,0,,0
mass_spring_damper,odepe_v2_polish,0.01,mass_spring_damper_7_1em2,1,1,475.51729679107666,5,0,0.0010373896213330634,0.0014977509422352286,0.0031103977717987217,0.0017314973144838591,1,1,1,7,1em2,,0,0,,0
mass_spring_damper,odepe_v2_polish,0.01,mass_spring_damper_8_1em2,1,1,411.5081958770752,5,0,0.0019156916893903286,0.003204508160176041,0.009217527264646995,0.004457408317269406,1,1,1,8,1em2,,0,0,,0
mass_spring_damper,odepe_v2_polish,0.01,mass_spring_damper_9_1em2,1,1,503.1957440376282,5,0,0.0005643622696377456,0.002854178974241633,0.007783846974491784,0.00417186286261233,1,1,1,9,1em2,,0,0,,0
quadrotor,odepe_v2_polish,0.01,quadrotor_0_1em2,1,1,403.24264097213745,4,0,0.027069700742549503,0.02165705455750974,0.032007136815030916,0.025137526886557758,0,1,1,0,1em2,,0,0,,0
quadrotor,odepe_v2_polish,0.01,quadrotor_1_1em2,1,1,516.1320309638977,4,0,0.0020291803289413488,0.003578226902204168,0.010123581182761248,0.005324301965472662,0,1,1,1,1em2,,0,0,,0
quadrotor,odepe_v2_polish,0.01,quadrotor_2_1em2,1,1,421.3465919494629,4,0,0.004954534756385601,0.004806353499181935,0.00891349114898716,0.005915134640266607,1,1,1,2,1em2,,0,0,,0
quadrotor,odepe_v2_polish,0.01,quadrotor_3_1em2,1,1,482.08980083465576,4,0,0.0037227772704841663,0.005681170406281121,0.014996467752659618,0.008028201678574421,0,1,1,3,1em2,,0,0,,0
quadrotor,odepe_v2_polish,0.01,quadrotor_4_1em2,1,1,442.3944799900055,4,0,0.001902474050276045,0.001886360498119991,0.0033516086790918993,0.0021606035922465904,1,1,1,4,1em2,,0,0,,0
quadrotor,odepe_v2_polish,0.01,quadrotor_5_1em2,1,1,418.1385009288788,4,0,0.007089883672202731,0.006866636691744218,0.009577433268229438,0.007216462611087308,1,1,1,5,1em2,,0,0,,0
quadrotor,odepe_v2_polish,0.01,quadrotor_6_1em2,1,1,477.12897205352783,4,0,0.0013394188779565282,0.001914992360758162,0.00453422326115487,0.0025243823759672343,1,1,1,6,1em2,,0,0,,0
quadrotor,odepe_v2_polish,0.01,quadrotor_7_1em2,1,1,418.5559570789337,4,0,0.0025519349882894395,0.004371238282253814,0.011101167593429277,0.005877353385796894,0,1,1,7,1em2,,0,0,,0
quadrotor,odepe_v2_polish,0.01,quadrotor_8_1em2,1,1,453.8548631668091,4,0,0.0012374304226313907,0.004338120803428866,0.014742739565737876,0.007448391500371513,0,1,1,8,1em2,,0,0,,0
quadrotor,odepe_v2_polish,0.01,quadrotor_9_1em2,1,1,429.33144998550415,4,0,0.01859930774096045,0.01837192407203034,0.030983055030906665,0.02191803120105618,0,1,1,9,1em2,,0,0,,0
repressilator,odepe_v2_polish,0.01,repressilator_0_1em2,1,1,1935.648833990097,9,0,0.0011018099171693325,0.0028565659227542143,0.011442941203705615,0.004812330582989044,0,1,1,0,1em2,,0,0,,0
repressilator,odepe_v2_polish,0.01,repressilator_1_1em2,1,1,2195.1164450645447,9,0,0.005251884029194551,0.014651952144613194,0.05418941849263389,0.02278242487852716,0,1,1,1,1em2,,0,0,,0
repressilator,odepe_v2_polish,0.01,repressilator_2_1em2,1,1,2222.9183208942413,9,0,0.004806857345384831,0.007928449641677845,0.032846481018800604,0.012621237039790302,0,1,1,2,1em2,,0,0,,0
repressilator,odepe_v2_polish,0.01,repressilator_3_1em2,1,1,2620.6319148540497,9,0,0.00503989999965983,0.006317293466110794,0.016965937213018638,0.00815205270528613,0,1,1,3,1em2,,0,0,,0
repressilator,odepe_v2_polish,0.01,repressilator_4_1em2,1,1,2141.662031888962,9,0,0.007198382444973268,0.013792277877850404,0.06014626044272792,0.022750171733547576,0,1,1,4,1em2,,0,0,,0
repressilator,odepe_v2_polish,0.01,repressilator_5_1em2,1,1,2351.119579076767,9,0,0.003629220136832876,0.006047930559088237,0.01711240566607515,0.008596321469268812,0,1,1,5,1em2,,0,0,,0
repressilator,odepe_v2_polish,0.01,repressilator_6_1em2,1,1,1469.2822060585022,9,0,0.014762254157792502,0.050781983559457615,0.15227485171701943,0.07908756966842516,0,0,1,6,1em2,,0,0,,0
repressilator,odepe_v2_polish,0.01,repressilator_7_1em2,1,1,2159.728616952896,9,0,0.003585630800063742,0.00583241371758686,0.01661873915435561,0.007990472837068135,0,1,1,7,1em2,,0,0,,0
repressilator,odepe_v2_polish,0.01,repressilator_8_1em2,1,1,2951.7650809288025,9,0,0.0014447725079434484,0.016257897788621623,0.10085836825994537,0.03536746609000815,0,0,1,8,1em2,,0,0,,0
repressilator,odepe_v2_polish,0.01,repressilator_9_1em2,1,1,4557.322556018829,9,0,0.008056008026314176,0.01253223284557912,0.04618796207213613,0.01928168300042005,0,1,1,9,1em2,,0,0,,0
seir,odepe_v2_polish,0.01,seir_0_1em2,1,1,1611.835541009903,7,0,0.04698204080776593,0.09044925256661954,0.23676810614930244,0.12623315768830481,0,0,1,0,1em2,,0,0,,0
seir,odepe_v2_polish,0.01,seir_1_1em2,1,1,2463.2780780792236,7,0,0.37222735603536133,0.37804868739155467,0.9988438008328789,0.49359173504408854,0,0,0,1,1em2,,0,0,,0
seir,odepe_v2_polish,0.01,seir_2_1em2,1,1,2387.5663068294525,7,0,0.09321049459480751,0.07997877323136234,0.1759403070675951,0.1026671575365753,0,0,1,2,1em2,,0,0,,0
seir,odepe_v2_polish,0.01,seir_3_1em2,1,1,2123.745379924774,7,0,0.03650861019113169,0.04251604386698655,0.08571638100415377,0.051938407237080084,0,1,1,3,1em2,,0,0,,0
seir,odepe_v2_polish,0.01,seir_4_1em2,1,1,2449.2782669067383,7,0,0.8633816675665659,0.6230728616704386,0.9999295764000407,0.7462437474462059,0,0,0,4,1em2,,0,0,,0
seir,odepe_v2_polish,0.01,seir_5_1em2,1,1,3111.039649963379,7,0,0.19435326723022137,0.18430766703604284,0.3323912966264538,0.2194894879065838,0,0,1,5,1em2,,0,0,,0
seir,odepe_v2_polish,0.01,seir_6_1em2,1,1,2660.150274991989,7,0,0.3693548241598512,0.5238810216902049,0.9995772661537924,0.6475105672870686,0,0,0,6,1em2,,0,0,,0
seir,odepe_v2_polish,0.01,seir_7_1em2,1,1,2347.241598844528,7,0,0.12644979314132956,0.12012442249649395,0.24210253824610492,0.14904692595735763,0,0,1,7,1em2,,0,0,,0
seir,odepe_v2_polish,0.01,seir_8_1em2,1,1,1186.7372391223907,7,0,0.9998774513356267,0.7485874685891073,0.9999767899368501,0.8356914851870771,0,0,0,8,1em2,,0,0,,0
seir,odepe_v2_polish,0.01,seir_9_1em2,1,1,1442.9073300361633,7,0,0.031316626142809084,0.03416821759275162,0.07845650153659176,0.04664301452966715,0,1,1,9,1em2,,0,0,,0
slow_fast,odepe_v2_polish,0.01,slow_fast_0_1em2,1,1,3476.5152909755707,8,0,0.003221990442786751,0.015811132232564067,0.05872116622457941,0.02645071184939093,0,1,1,0,1em2,,0,0,,0
slow_fast,odepe_v2_polish,0.01,slow_fast_1_1em2,1,1,1412.1059429645538,8,0,0.01846859195101016,0.026064501749705246,0.059511796877934925,0.035068537692264534,0,1,1,1,1em2,,0,0,,0
slow_fast,odepe_v2_polish,0.01,slow_fast_2_1em2,1,1,1302.8377170562744,8,0,0.004650964960555725,0.005857658756573814,0.020223153836630803,0.00846112368797703,0,1,1,2,1em2,,0,0,,0
slow_fast,odepe_v2_polish,0.01,slow_fast_3_1em2,1,1,10788.887339830399,8,0,0.02748300287164182,0.04118122935418482,0.1321975088884647,0.059928750811083016,0,0,1,3,1em2,,0,0,,0
slow_fast,odepe_v2_polish,0.01,slow_fast_4_1em2,1,1,3196.4559650421143,8,0,0.00994387299989136,0.01236180269194653,0.030672879087153705,0.01611950145390977,0,1,1,4,1em2,,0,0,,0
slow_fast,odepe_v2_polish,0.01,slow_fast_5_1em2,1,1,4325.659600973129,8,0,0.02699517300230378,0.029807385632318495,0.07839350310303209,0.0412060008341573,0,1,1,5,1em2,,0,0,,0
slow_fast,odepe_v2_polish,0.01,slow_fast_6_1em2,1,1,1916.7053179740906,8,0,0.0028946567025881775,0.00926543054980492,0.026878393396007755,0.013902847046929415,0,1,1,6,1em2,,0,0,,0
slow_fast,odepe_v2_polish,0.01,slow_fast_7_1em2,1,1,4305.079523086548,8,0,0.03187850833755466,0.031574552668145246,0.09593555157416762,0.04347407265044636,0,1,1,7,1em2,,0,0,,0
slow_fast,odepe_v2_polish,0.01,slow_fast_8_1em2,1,1,1966.402065038681,8,0,0.029824175304278874,0.04239978716392566,0.13090260540982257,0.06278891637040906,0,0,1,8,1em2,,0,0,,0
slow_fast,odepe_v2_polish,0.01,slow_fast_9_1em2,1,1,10769.692476034164,8,0,0.027752046904106924,0.041532852896881835,0.13063701880681142,0.06088462535446457,0,0,1,9,1em2,,0,0,,0
sirt_treatment,odepe_v2_polish,0.01,sirt_treatment_0_1em2,1,1,32404.799412965775,9,0,0.039791114451612944,0.2597491588842644,1.6897587480576728,0.5817514979867588,0,0,0,0,1em2,,0,0,,0
sirt_treatment,odepe_v2_polish,0.01,sirt_treatment_1_1em2,1,1,15107.523245096207,9,0,0.13267056443071612,0.23499423336710093,0.7818746372402058,0.32821038382639045,0,0,0,1,1em2,,0,0,,0
sirt_treatment,odepe_v2_polish,0.01,sirt_treatment_2_1em2,1,1,4405.772927045822,9,0,0.07944061164686501,0.1460932551280368,0.505098908466845,0.21410360373834794,0,0,0,2,1em2,,0,0,,0
sirt_treatment,odepe_v2_polish,0.01,sirt_treatment_3_1em2,1,1,4879.825687885284,9,0,0.03845399104529062,0.06573379632801354,0.1997261063594084,0.09629251646626208,0,0,1,3,1em2,,0,0,,0
sirt_treatment,odepe_v2_polish,0.01,sirt_treatment_4_1em2,1,1,11261.871090173721,9,0,0.012262190095468653,0.07045122018551642,0.4968559054448972,0.1684033121202628,0,0,1,4,1em2,,0,0,,0
sirt_treatment,odepe_v2_polish,0.01,sirt_treatment_5_1em2,1,1,12878.38177394867,9,0,0.02541736473827398,0.05176615685999078,0.24161557042683024,0.08889900028145996,0,0,1,5,1em2,,0,0,,0
sirt_treatment,odepe_v2_polish,0.01,sirt_treatment_6_1em2,1,1,12216.755220890045,9,0,0.012632492144825893,0.07545641278318188,0.3171670041128414,0.12711240230000576,0,0,1,6,1em2,,0,0,,0
sirt_treatment,odepe_v2_polish,0.01,sirt_treatment_7_1em2,1,1,12060.363401174545,9,0,0.06005833186479597,0.07112244811203713,0.22312825378508425,0.09570641568831444,0,0,1,7,1em2,,0,0,,0
sirt_treatment,odepe_v2_polish,0.01,sirt_treatment_8_1em2,1,1,10544.336529016495,9,0,0.15627859023472496,0.29801859838750616,1.4851045940226282,0.5268836388457364,0,0,0,8,1em2,,0,0,,0
sirt_treatment,odepe_v2_polish,0.01,sirt_treatment_9_1em2,1,1,13044.313922166824,9,0,0.03531925487906924,0.08512124482930575,0.3845728873594257,0.14574235764560872,0,0,1,9,1em2,,0,0,,0
vanderpol,odepe_v2_polish,0.01,vanderpol_0_1em2,1,1,436.74907898902893,4,0,6.778587646360989e-05,8.515073309286819e-05,0.00019784299549421264,0.00011450978211039766,1,1,1,0,1em2,,0,0,,0
vanderpol,odepe_v2_polish,0.01,vanderpol_1_1em2,1,1,428.4135570526123,4,0,0.00012172280302355913,0.00012697159456656813,0.00026122745652043083,0.00015759000144973062,1,1,1,1,1em2,,0,0,,0
vanderpol,odepe_v2_polish,0.01,vanderpol_2_1em2,1,1,437.78152990341187,4,0,0.0001727940948992144,0.000177994192977548,0.0003540160996368863,0.0002310550097769303,1,1,1,2,1em2,,0,0,,0
vanderpol,odepe_v2_polish,0.01,vanderpol_3_1em2,1,1,486.5734169483185,4,0,8.620357750208172e-05,0.00010299356415130939,0.00023485451104327242,0.0001385528338685718,1,1,1,3,1em2,,0,0,,0
vanderpol,odepe_v2_polish,0.01,vanderpol_4_1em2,1,1,402.7253110408783,4,0,4.470858514460749e-06,5.21077780514936e-06,9.285941885191923e-06,5.8331115650976e-06,1,1,1,4,1em2,,0,0,,0
vanderpol,odepe_v2_polish,0.01,vanderpol_5_1em2,1,1,712.7982828617096,4,0,0.003080611831257764,0.0032072847588190314,0.006649183560084412,0.004307584362520961,1,1,1,5,1em2,,0,0,,0
vanderpol,odepe_v2_polish,0.01,vanderpol_6_1em2,1,1,527.8258619308472,4,0,2.3326793926709832e-05,8.232727778787028e-05,0.0002823990851533286,0.00014220410284102063,1,1,1,6,1em2,,0,0,,0
vanderpol,odepe_v2_polish,0.01,vanderpol_7_1em2,1,1,747.1927030086517,4,0,6.673831623853933e-06,6.61293497781341e-06,1.1858730378519386e-05,8.070713726118919e-06,1,1,1,7,1em2,,0,0,,0
vanderpol,odepe_v2_polish,0.01,vanderpol_8_1em2,1,1,594.3541650772095,4,0,0.00013749115904561883,0.0002101490307512758,0.0005003263080247519,0.0002730919641292275,1,1,1,8,1em2,,0,0,,0
vanderpol,odepe_v2_polish,0.01,vanderpol_9_1em2,1,1,621.9107980728149,4,0,0.0019411573568336804,0.002840386233403546,0.00719421374126167,0.0038532537846811157,1,1,1,9,1em2,,0,0,,0
aircraft_pitch,odepe_v2_nopolish,0.0,aircraft_pitch_0_0,1,1,301.1138319969177,6,1,3.0275769895314523e-10,5.966246579128662e-10,1.5873026936557302e-09,7.965685604560562e-10,1,1,1,0,0,,0,0,,0
aircraft_pitch,odepe_v2_nopolish,0.0,aircraft_pitch_1_0,1,1,302.06708097457886,6,1,2.7613836923306307e-10,9.146963238283366e-10,4.01073603124017e-09,1.677474346190257e-09,1,1,1,1,0,,0,0,,0
aircraft_pitch,odepe_v2_nopolish,0.0,aircraft_pitch_2_0,1,1,318.27642488479614,6,1,1.0190394619498881e-10,1.5831376136535332e-09,8.396655435443283e-09,3.4461999156141275e-09,1,1,1,2,0,,0,0,,0
aircraft_pitch,odepe_v2_nopolish,0.0,aircraft_pitch_3_0,1,1,360.47038197517395,6,1,2.967358258121848e-10,3.5680574562862486e-09,2.0173736914573585e-08,8.239992927771505e-09,1,1,1,3,0,,0,0,,0
aircraft_pitch,odepe_v2_nopolish,0.0,aircraft_pitch_4_0,1,1,302.1686611175537,6,1,1.5039329040806273e-10,6.749369520213907e-10,2.8738727385191026e-09,1.2194503174997547e-09,1,1,1,4,0,,0,0,,0
aircraft_pitch,odepe_v2_nopolish,0.0,aircraft_pitch_5_0,1,1,424.4161810874939,6,1,6.010373156428889e-10,1.8393183629519323e-07,1.1013062955370617e-06,4.4960667787776905e-07,1,1,1,5,0,,0,0,,0
aircraft_pitch,odepe_v2_nopolish,0.0,aircraft_pitch_6_0,1,1,395.64904284477234,6,1,9.496467954805469e-11,1.0669907431882436e-09,5.726298910355451e-09,2.344187079099252e-09,1,1,1,6,0,,0,0,,0
aircraft_pitch,odepe_v2_nopolish,0.0,aircraft_pitch_7_0,1,1,352.9456090927124,6,1,1.8746233919403494e-10,2.7674879834519663e-10,8.761570440696438e-10,3.9360261093615857e-10,1,1,1,7,0,,0,0,,0
aircraft_pitch,odepe_v2_nopolish,0.0,aircraft_pitch_8_0,1,1,343.37096095085144,6,1,5.857636284244079e-11,6.739852489915946e-11,1.632429919449753e-10,8.42287897105906e-11,1,1,1,8,0,,0,0,,0
aircraft_pitch,odepe_v2_nopolish,0.0,aircraft_pitch_9_0,1,1,356.34288001060486,6,1,8.998384662317641e-11,1.913356492083771e-10,5.304681934745152e-10,2.6526039189060215e-10,1,1,1,9,0,,0,0,,0
bicycle_model,odepe_v2_nopolish,0.0,bicycle_model_0_0,1,1,377.2727448940277,5,0,2.6162405575291814e-12,4.923747825401526e-11,1.8550907936224607e-10,8.641178135549464e-11,1,1,1,0,0,,0,0,,0
bicycle_model,odepe_v2_nopolish,0.0,bicycle_model_1_0,1,1,358.0077178478241,5,0,1.0371917426066247e-12,9.700035507998547e-13,1.5764390569939724e-12,1.0713966931449571e-12,1,1,1,1,0,,0,0,,0
bicycle_model,odepe_v2_nopolish,0.0,bicycle_model_2_0,1,1,379.35216999053955,5,0,5.722274506088828e-13,8.750447092246119e-13,2.394328866628225e-12,1.1767624478853333e-12,1,1,1,2,0,,0,0,,0
bicycle_model,odepe_v2_nopolish,0.0,bicycle_model_3_0,1,1,356.64040303230286,5,0,7.626497188322287e-13,7.517186410173866e-13,1.6701679617151265e-12,9.518798386442637e-13,1,1,1,3,0,,0,0,,0
bicycle_model,odepe_v2_nopolish,0.0,bicycle_model_4_0,1,1,386.246808052063,5,0,3.8457799036831705e-12,3.405702269657712e-11,1.0274546825666964e-10,5.2690287642941814e-11,1,1,1,4,0,,0,0,,0
bicycle_model,odepe_v2_nopolish,0.0,bicycle_model_5_0,1,1,360.4914360046387,5,0,7.873922160462104e-14,8.867100470296488e-14,1.4767487080972973e-13,9.48761519236203e-14,1,1,1,5,0,,0,0,,0
bicycle_model,odepe_v2_nopolish,0.0,bicycle_model_6_0,1,1,426.9221408367157,5,0,1.0296917355853291e-12,5.724223982407325e-12,1.4817729790477062e-11,8.306026693828584e-12,1,1,1,6,0,,0,0,,0
bicycle_model,odepe_v2_nopolish,0.0,bicycle_model_7_0,1,1,397.56693291664124,5,0,2.8989797575471944e-12,6.978933207066468e-10,2.5623649822795618e-09,1.2174108427779989e-09,1,1,1,7,0,,0,0,,0
bicycle_model,odepe_v2_nopolish,0.0,bicycle_model_8_0,1,1,382.15567111968994,5,0,2.562889381203238e-12,3.0290033733999125e-12,4.587138868254422e-12,3.160514064635226e-12,1,1,1,8,0,,0,0,,0
bicycle_model,odepe_v2_nopolish,0.0,bicycle_model_9_0,1,1,362.8137459754944,5,0,5.202255234283908e-13,5.3299329921465e-13,8.775452977741379e-13,5.84634000922851e-13,1,1,1,9,0,,0,0,,0
biohydrogenation,odepe_v2_nopolish,0.0,biohydrogenation_0_0,1,1,3148.1630120277405,9,1,8.115904897436808e-08,2.2907832962098803e-07,1.1977742543072277e-06,4.36257007189088e-07,1,1,1,0,0,,0,0,,0
biohydrogenation,odepe_v2_nopolish,0.0,biohydrogenation_1_0,1,1,4662.6207010746,9,1,5.3476789836637284e-08,7.93155084406483e-07,4.236345298987943e-06,1.5282809138432778e-06,1,1,1,1,0,,0,0,,0
biohydrogenation,odepe_v2_nopolish,0.0,biohydrogenation_2_0,1,1,6450.568598985672,9,1,7.212299690453938e-07,2.994744869713551e-06,1.2097620272241343e-05,5.109950010484421e-06,1,1,1,2,0,,0,0,,0
biohydrogenation,odepe_v2_nopolish,0.0,biohydrogenation_3_0,1,1,2686.1498000621796,9,1,1.2622369224516555e-08,6.54323451643703e-08,4.48375456367014e-07,1.5287246249376222e-07,1,1,1,3,0,,0,0,,0
biohydrogenation,odepe_v2_nopolish,0.0,biohydrogenation_4_0,1,1,3589.5266139507294,9,1,4.21631452163519e-11,1.0971793330968633e-09,4.192312259196643e-09,1.86384719680814e-09,1,1,1,4,0,,0,0,,0
biohydrogenation,odepe_v2_nopolish,0.0,biohydrogenation_5_0,1,1,7197.297034025192,9,1,3.4875519068290764e-08,9.35160200767709e-08,4.1274751590403935e-07,1.5872921050669046e-07,1,1,1,5,0,,0,0,,0
biohydrogenation,odepe_v2_nopolish,0.0,biohydrogenation_6_0,1,1,5262.319947957993,9,1,6.204592525119101e-09,3.591535082776437e-07,2.84757888323223e-06,9.529599101437874e-07,1,1,1,6,0,,0,0,,0
biohydrogenation,odepe_v2_nopolish,0.0,biohydrogenation_7_0,1,1,2175.8879611492157,9,1,4.22161160040641e-09,4.2545708899134985e-08,2.4408441096903757e-07,8.777139872212061e-08,1,1,1,7,0,,0,0,,0
biohydrogenation,odepe_v2_nopolish,0.0,biohydrogenation_8_0,1,1,1914.165214061737,9,1,1.863496186134857e-09,9.01196057224131e-09,6.355126160376345e-08,2.144466066804373e-08,1,1,1,8,0,,0,0,,0
biohydrogenation,odepe_v2_nopolish,0.0,biohydrogenation_9_0,1,1,4410.035185813904,9,1,1.8223652516376126e-09,2.0211872111265766e-08,1.0985190594684991e-07,4.001507115983103e-08,1,1,1,9,0,,0,0,,0
boost_converter,odepe_v2_nopolish,0.0,boost_converter_0_0,1,1,652.4724202156067,5,0,9.871640674020829e-13,1.3213580185546296e-09,6.060224564998117e-09,2.721137752623153e-09,1,1,1,0,0,,0,0,,0
boost_converter,odepe_v2_nopolish,0.0,boost_converter_1_0,1,1,624.4585230350494,5,0,4.1273937200091304e-08,8.701797159336237e-08,3.0817020902386584e-07,1.411603113124309e-07,1,1,1,1,0,,0,0,,0
boost_converter,odepe_v2_nopolish,0.0,boost_converter_2_0,1,1,556.2368848323822,5,0,3.5084389237399204e-13,1.2072423163623407e-12,5.061132655913998e-12,2.277621287761986e-12,1,1,1,2,0,,0,0,,0
boost_converter,odepe_v2_nopolish,0.0,boost_converter_3_0,1,1,661.2697789669037,5,0,3.021105318678276e-11,1.8591322667545012e-10,8.222811408708289e-10,3.6875804291752334e-10,1,1,1,3,0,,0,0,,0
boost_converter,odepe_v2_nopolish,0.0,boost_converter_4_0,1,1,658.2970461845398,5,0,4.368757607927683e-10,3.082496428036397e-09,1.3184183499025422e-08,5.950345063717787e-09,1,1,1,4,0,,0,0,,0
boost_converter,odepe_v2_nopolish,0.0,boost_converter_5_0,1,1,687.7306661605835,5,0,4.619320798886813e-12,5.096181647079324e-09,1.8580724635664965e-08,8.863273822276905e-09,1,1,1,5,0,,0,0,,0
boost_converter,odepe_v2_nopolish,0.0,boost_converter_6_0,1,1,654.9562101364136,5,0,0.2873035883488759,1.3709247565206062,4.417488759559315,2.139384072228493,0,0,0,6,0,,0,0,,0
boost_converter,odepe_v2_nopolish,0.0,boost_converter_7_0,1,1,565.4800901412964,5,0,1.2511142714049987e-13,1.1314192019929483e-13,1.834170296442943e-13,1.2411592987127567e-13,1,1,1,7,0,,0,0,,0
boost_converter,odepe_v2_nopolish,0.0,boost_converter_8_0,1,1,596.2396810054779,5,0,9.19476338608378e-08,1.3573547428602237e-07,3.836061055420843e-07,1.8565907162270768e-07,1,1,1,8,0,,0,0,,0
boost_converter,odepe_v2_nopolish,0.0,boost_converter_9_0,1,1,578.598140001297,5,0,0.02840410150629189,0.06929564495857597,0.1995074027594129,0.1039160908799832,0,0,1,9,0,,0,0,,0
brusselator,odepe_v2_nopolish,0.0,brusselator_0_0,1,1,376.5974531173706,4,0,1.1310586194676087e-12,1.8474445956858923e-12,4.915944194926346e-12,2.657542539870638e-12,1,1,1,0,0,,0,0,,0
brusselator,odepe_v2_nopolish,0.0,brusselator_1_0,1,1,388.6494929790497,4,0,9.657216990201422e-11,1.4188722638952013e-10,3.734293000019547e-10,2.0994943750184907e-10,1,1,1,1,0,,0,0,,0
brusselator,odepe_v2_nopolish,0.0,brusselator_2_0,1,1,423.15330481529236,4,0,1.0160153853094357e-11,1.0263646996801852e-11,1.8963325533516785e-11,1.2093588578592122e-11,1,1,1,2,0,,0,0,,0
brusselator,odepe_v2_nopolish,0.0,brusselator_3_0,1,1,377.04622197151184,4,0,2.446405258715359e-13,3.640225564381877e-13,9.041231120750611e-13,4.899795843550121e-13,1,1,1,3,0,,0,0,,0
brusselator,odepe_v2_nopolish,0.0,brusselator_4_0,1,1,336.2981491088867,4,0,1.3337627997432365e-11,3.166074583577064e-11,9.879558803952704e-11,5.054428252169698e-11,1,1,1,4,0,,0,0,,0
brusselator,odepe_v2_nopolish,0.0,brusselator_5_0,1,1,292.02804708480835,4,0,9.420627039994239,11.976207038688809,29.063574074766755,16.850374265812977,0,0,0,5,0,,0,0,,0
brusselator,odepe_v2_nopolish,0.0,brusselator_6_0,1,1,339.1077229976654,4,0,0.017435119498844708,0.03753820072660886,0.11528256390874601,0.05941343677032872,0,0,1,6,0,,0,0,,0
brusselator,odepe_v2_nopolish,0.0,brusselator_7_0,1,1,331.4043598175049,4,0,1.7873333317969603e-07,2.242392057325416e-07,5.379027305589488e-07,3.2241419835496284e-07,1,1,1,7,0,,0,0,,0
brusselator,odepe_v2_nopolish,0.0,brusselator_8_0,1,1,364.61546897888184,4,0,45.022108181668706,699.1178432617032,2703.8139983853703,1352.585583179484,0,0,0,8,0,,0,0,,0
brusselator,odepe_v2_nopolish,0.0,brusselator_9_0,1,1,352.2912378311157,4,0,1.6950039340086253e-12,3.044975475702368e-12,7.714526849312273e-12,4.095944904877301e-12,1,1,1,9,0,,0,0,,0
crauste,odepe_v2_nopolish,0.0,crauste_0_0,1,1,4215.958804130554,17,0,7.991795193378843e-10,1.4195625641086598e-06,1.987409888684357e-05,4.859597849118438e-06,1,1,1,0,0,,0,0,,0
crauste,odepe_v2_nopolish,0.0,crauste_1_0,1,1,9285.268646001816,17,0,5.395435635784193e-09,4.147481154706573e-06,2.5544581623342338e-05,8.639216152566425e-06,1,1,1,1,0,,0,0,,1
crauste,odepe_v2_nopolish,0.0,crauste_2_0,1,1,11035.510891914368,17,0,2.0663703258771157e-09,5.665356809339511e-07,5.966639456082899e-06,1.6080074630056696e-06,1,1,1,2,0,,0,0,,0
crauste,odepe_v2_nopolish,0.0,crauste_3_0,1,1,12003.668745040894,17,0,6.642165157239212e-09,1.3452749946823524e-06,1.2351894360206771e-05,3.787018733442728e-06,1,1,1,3,0,,0,0,,1
crauste,odepe_v2_nopolish,0.0,crauste_4_0,1,1,10079.958069086075,17,0,2.3208352417783625e-09,1.4127018212427944e-06,1.596730747301035e-05,4.191224978177567e-06,1,1,1,4,0,,0,0,,0
crauste,odepe_v2_nopolish,0.0,crauste_5_0,1,1,11712.882148981094,17,0,5.042271264130379e-08,6.661240776450106e-05,0.0006267489307854296,0.00019102839767688512,1,1,1,5,0,,0,0,,4
crauste,odepe_v2_nopolish,0.0,crauste_6_0,1,1,9925.631960868835,17,0,3.151824234460312e-09,9.168711875927353e-07,1.0729134099552924e-05,2.815090257653534e-06,1,1,1,6,0,,0,0,,0
crauste,odepe_v2_nopolish,0.0,crauste_7_0,1,1,8008.969702959061,17,0,3.881337027308578e-09,7.212682038445088e-07,8.753035977994725e-06,2.2176492450236292e-06,1,1,1,7,0,,0,0,,1
crauste,odepe_v2_nopolish,0.0,crauste_8_0,1,1,12735.069137096405,17,0,3.677930930944937e-08,2.193062628079193e-06,2.2990986250373634e-05,6.0950159944129e-06,1,1,1,8,0,,0,0,,0
crauste,odepe_v2_nopolish,0.0,crauste_9_0,1,1,9269.392539024353,17,0,3.2857524868065537e-09,2.3381056762060394e-06,2.5039839740908718e-05,6.471700031967566e-06,1,1,1,9,0,,0,0,,1
cstr,odepe_v2_nopolish,0.0,cstr_0_0,1,1,4351.790779829025,7,0,5.649600248212922e-06,5.440804835793338e-05,0.0001886372337800943,9.753621824952933e-05,1,1,1,0,0,,0,0,,0
cstr,odepe_v2_nopolish,0.0,cstr_1_0,1,1,6097.889806985855,7,0,3.211628815344651e-05,2.7485493201178186e-05,7.315067615682053e-05,3.608226286622066e-05,1,1,1,1,0,,0,0,,0
cstr,odepe_v2_nopolish,0.0,cstr_2_0,1,1,7474.901292085648,7,0,9.208964663183528e-09,2.0461145889305778e-07,6.595021479499314e-07,3.4176766459455044e-07,1,1,1,2,0,,0,0,,0
cstr,odepe_v2_nopolish,0.0,cstr_3_0,1,1,5569.989552974701,7,0,5.993651090120069e-07,0.0027696559478141655,0.009696118489397066,0.00517432287521103,1,1,1,3,0,,0,0,,0
cstr,odepe_v2_nopolish,0.0,cstr_4_0,1,1,4475.8713121414185,7,0,0.6626829645908437,0.5961367891796991,0.9997897012685226,0.7030780014415747,0,0,0,4,0,,0,0,,0
cstr,odepe_v2_nopolish,0.0,cstr_5_0,1,1,4436.9174728393555,7,0,0.018576692071648474,0.421155689317365,1.0000181806174169,0.6346276514315605,0,0,0,5,0,,0,0,,0
cstr,odepe_v2_nopolish,0.0,cstr_6_0,1,1,6435.16118979454,7,0,3.85873795602965e-09,8.646133394084992e-09,2.4899723156351124e-08,1.2487286203933533e-08,1,1,1,6,0,,0,0,,0
cstr,odepe_v2_nopolish,0.0,cstr_7_0,1,1,5313.34504699707,7,0,0.012779634972248799,0.3531483369206138,0.999991487069284,0.5611603934682595,0,0,0,7,0,,0,0,,0
cstr,odepe_v2_nopolish,0.0,cstr_8_0,1,1,8533.091763019562,7,0,0.928786087596164,0.7222151764025335,1.2136994025807522,0.8562038708463324,0,0,0,8,0,,0,0,,0
cstr,odepe_v2_nopolish,0.0,cstr_9_0,1,1,9022.166260004044,7,0,0.01720859197801752,0.5285557670377579,1.6721594585990303,0.8277728570151772,0,0,0,9,0,,0,0,,0
daisy_mamil3,odepe_v2_nopolish,0.0,daisy_mamil3_0_0,1,1,646.1743280887604,8,0,2.2032283903880763e-10,5.614787817101982e-10,2.137282549971181e-09,9.147628313441219e-10,1,1,1,0,0,,0,0,,0
daisy_mamil3,odepe_v2_nopolish,0.0,daisy_mamil3_1_0,1,1,867.9159400463104,8,0,2.9120150103547643e-12,8.59881521259699e-12,3.8713645084289e-11,1.5037223347291984e-11,1,1,1,1,0,,0,0,,0
daisy_mamil3,odepe_v2_nopolish,0.0,daisy_mamil3_2_0,1,1,878.6829998493195,8,0,9.095901583742679e-11,5.436046802803596e-10,2.4492091071298066e-09,1.0311897478273391e-09,1,1,1,2,0,,0,0,,0
daisy_mamil3,odepe_v2_nopolish,0.0,daisy_mamil3_3_0,1,1,923.6199820041656,8,0,4.639955531156788e-12,1.1260410255852448e-10,5.391132158479018e-10,2.2396597882341153e-10,1,1,1,3,0,,0,0,,0
daisy_mamil3,odepe_v2_nopolish,0.0,daisy_mamil3_4_0,1,1,1132.325268983841,8,0,3.623908893026715e-10,4.774438874034909e-10,1.7201574810224287e-09,7.109232094846224e-10,1,1,1,4,0,,0,0,,0
daisy_mamil3,odepe_v2_nopolish,0.0,daisy_mamil3_5_0,1,1,1036.776643037796,8,0,4.754710952662093e-10,6.861813674229334e-10,1.8019066443284487e-09,9.861051084583899e-10,1,1,1,5,0,,0,0,,0
daisy_mamil3,odepe_v2_nopolish,0.0,daisy_mamil3_6_0,1,1,832.3467860221863,8,0,6.854779044949399e-11,5.685071850217807e-10,1.9766428214253448e-09,9.461689594188212e-10,1,1,1,6,0,,0,0,,0
daisy_mamil3,odepe_v2_nopolish,0.0,daisy_mamil3_7_0,1,1,845.42773604393,8,0,2.816415569634235e-11,1.6938445487960966e-10,9.441833888808777e-10,3.4682487687236426e-10,1,1,1,7,0,,0,0,,0
daisy_mamil3,odepe_v2_nopolish,0.0,daisy_mamil3_8_0,1,1,1111.2486770153046,8,0,1.1242476744592867e-11,1.623670136383451e-11,4.032629493491263e-11,2.0417102730285858e-11,1,1,1,8,0,,0,0,,0
daisy_mamil3,odepe_v2_nopolish,0.0,daisy_mamil3_9_0,1,1,994.2134160995483,8,0,2.2798103082182903e-09,2.702215942817472e-09,7.641466228690308e-09,3.862254790008181e-09,1,1,1,9,0,,0,0,,0
daisy_mamil4,odepe_v2_nopolish,0.0,daisy_mamil4_0_0,1,1,2439.0402579307556,11,0,1.1111631433033187e-10,1.1854060624282514e-10,5.003474252950287e-10,1.8686082179824727e-10,1,1,1,0,0,,0,0,,0
daisy_mamil4,odepe_v2_nopolish,0.0,daisy_mamil4_1_0,1,1,4454.719504117966,11,0,2.079884751283705e-10,3.138920113303634e-10,9.282466622274355e-10,4.60547776929586e-10,1,1,1,1,0,,0,0,,0
daisy_mamil4,odepe_v2_nopolish,0.0,daisy_mamil4_2_0,1,1,3887.494034051895,11,0,9.176308702795278e-11,8.010228245755639e-11,2.8447764848989303e-10,1.1894976957966489e-10,1,1,1,2,0,,0,0,,0
daisy_mamil4,odepe_v2_nopolish,0.0,daisy_mamil4_3_0,1,1,3264.148465871811,11,0,1.5323360974839243e-12,1.4202776816383322e-11,7.385296078391926e-11,2.6688842951112613e-11,1,1,1,3,0,,0,0,,0
daisy_mamil4,odepe_v2_nopolish,0.0,daisy_mamil4_4_0,1,1,4371.849561929703,11,0,3.828116345534557e-10,1.4667913212462087e-09,4.472426123300993e-09,2.3215335721131325e-09,1,1,1,4,0,,0,0,,0
daisy_mamil4,odepe_v2_nopolish,0.0,daisy_mamil4_5_0,1,1,5211.565737962723,11,0,1.563011417859203e-09,5.801352935571899e-09,3.891245071889589e-08,1.23205842008758e-08,1,1,1,5,0,,0,0,,0
daisy_mamil4,odepe_v2_nopolish,0.0,daisy_mamil4_6_0,1,1,5367.098719120026,11,0,1.697485618176015e-10,1.9269267284502342e-10,5.02087865585693e-10,2.743491954565953e-10,1,1,1,6,0,,0,0,,0
daisy_mamil4,odepe_v2_nopolish,0.0,daisy_mamil4_7_0,1,1,4937.234400033951,11,0,7.841646573942976e-11,4.691479584682693e-10,3.1207362817753803e-09,1.0129889770604479e-09,1,1,1,7,0,,0,0,,0
daisy_mamil4,odepe_v2_nopolish,0.0,daisy_mamil4_8_0,1,1,5987.816136837006,11,0,2.1648873692853072e-08,5.706146504782781e-07,4.809424411062205e-06,1.479642510470691e-06,1,1,1,8,0,,0,0,,0
daisy_mamil4,odepe_v2_nopolish,0.0,daisy_mamil4_9_0,1,1,4046.854504108429,11,0,1.6022762037201525e-10,2.702174030911873e-10,9.320306431399264e-10,4.2817947704139175e-10,1,1,1,9,0,,0,0,,0
dc_motor,odepe_v2_nopolish,0.0,dc_motor_0_0,1,1,266.56065487861633,4,0,8.200556270443406e-12,2.0050872961947935e-11,6.375078458658876e-11,3.253186001474161e-11,1,1,1,0,0,,0,0,,0
dc_motor,odepe_v2_nopolish,0.0,dc_motor_1_0,1,1,376.3862030506134,4,0,3.1252583885474843e-12,3.1839990069342276e-12,6.3101808783327064e-12,3.983050022065804e-12,1,1,1,1,0,,0,0,,0
dc_motor,odepe_v2_nopolish,0.0,dc_motor_2_0,1,1,393.750785112381,4,0,3.793907193311193e-11,3.670951154592084e-11,7.061681256332189e-11,4.837681323938817e-11,1,1,1,2,0,,0,0,,0
dc_motor,odepe_v2_nopolish,0.0,dc_motor_3_0,1,1,367.3320710659027,4,0,8.291632258920368e-13,2.027516183598901e-12,6.426748022647644e-12,3.2894063308218693e-12,1,1,1,3,0,,0,0,,0
dc_motor,odepe_v2_nopolish,0.0,dc_motor_4_0,1,1,385.4749050140381,4,0,1.6799917377037415e-12,2.0430496446733653e-12,4.745925874516388e-12,2.7614876443833867e-12,1,1,1,4,0,,0,0,,0
dc_motor,odepe_v2_nopolish,0.0,dc_motor_5_0,1,1,384.01066398620605,4,0,3.2611138559776083e-11,6.022627628449682e-11,1.7509782111518012e-10,9.188566378424281e-11,1,1,1,5,0,,0,0,,0
dc_motor,odepe_v2_nopolish,0.0,dc_motor_6_0,1,1,373.8781599998474,4,0,4.4727269322159245e-12,4.104523163811069e-12,5.965831927712704e-12,4.435563308221831e-12,1,1,1,6,0,,0,0,,0
dc_motor,odepe_v2_nopolish,0.0,dc_motor_7_0,1,1,392.740895986557,4,0,1.5610361098618456e-11,1.8626970393352092e-11,4.321720629941662e-11,2.5255420366768983e-11,1,1,1,7,0,,0,0,,0
dc_motor,odepe_v2_nopolish,0.0,dc_motor_8_0,1,1,410.37846779823303,4,0,1.306949160593681e-11,1.2018356045920282e-11,2.160187871124934e-11,1.4253890114810282e-11,1,1,1,8,0,,0,0,,0
dc_motor,odepe_v2_nopolish,0.0,dc_motor_9_0,1,1,393.6079099178314,4,0,1.1531129178893828e-12,1.183097820774498e-12,2.3399071015437087e-12,1.4655918498345401e-12,1,1,1,9,0,,0,0,,0
fitzhugh_nagumo,odepe_v2_nopolish,0.0,fitzhugh_nagumo_0_0,1,1,352.3225998878479,5,0,2.928426731876663e-11,3.9009859190738704e-10,1.0491842844253424e-09,6.048495298943044e-10,1,1,1,0,0,,0,0,,0
fitzhugh_nagumo,odepe_v2_nopolish,0.0,fitzhugh_nagumo_1_0,1,1,533.385293006897,5,0,2.334919822255705e-12,4.531339656754835e-12,1.1373358395423182e-11,6.311723990124259e-12,1,1,1,1,0,,0,0,,0
fitzhugh_nagumo,odepe_v2_nopolish,0.0,fitzhugh_nagumo_2_0,1,1,524.4541590213776,5,0,1.729180291018143e-10,2.455503862252366e-10,5.921240941173656e-10,3.3057939387759703e-10,1,1,1,2,0,,0,0,,0
fitzhugh_nagumo,odepe_v2_nopolish,0.0,fitzhugh_nagumo_3_0,1,1,420.7616140842438,5,0,2.0483606207474433e-09,5.317887795487819e-09,1.2812514315412287e-08,7.540996760884775e-09,1,1,1,3,0,,0,0,,0
fitzhugh_nagumo,odepe_v2_nopolish,0.0,fitzhugh_nagumo_4_0,1,1,421.9552381038666,5,0,2.2510652224062092e-09,8.683519245198064e-09,3.566396014378534e-08,1.6082464726473057e-08,1,1,1,4,0,,0,0,,0
fitzhugh_nagumo,odepe_v2_nopolish,0.0,fitzhugh_nagumo_5_0,1,1,653.6930179595947,5,0,8.257095241740269e-11,5.262443652521901e-10,1.5760524605820222e-09,8.19613553175488e-10,1,1,1,5,0,,0,0,,0
fitzhugh_nagumo,odepe_v2_nopolish,0.0,fitzhugh_nagumo_6_0,1,1,525.739874124527,5,0,2.1214754534817494e-09,1.8850080581670084e-08,4.6798833889135856e-08,2.8765511402898948e-08,1,1,1,6,0,,0,0,,0
fitzhugh_nagumo,odepe_v2_nopolish,0.0,fitzhugh_nagumo_7_0,1,1,618.5288450717926,5,0,1.8009371491648707e-10,7.878635981172603e-10,2.43679679609191e-09,1.222825469153646e-09,1,1,1,7,0,,0,0,,0
fitzhugh_nagumo,odepe_v2_nopolish,0.0,fitzhugh_nagumo_8_0,1,1,511.3257210254669,5,0,1.6504290989427517e-09,4.177191224898155e-09,1.458350724132313e-08,6.751418138522838e-09,1,1,1,8,0,,0,0,,0
fitzhugh_nagumo,odepe_v2_nopolish,0.0,fitzhugh_nagumo_9_0,1,1,454.3781261444092,5,0,5.629506442726886e-10,2.0604386898032027e-09,8.642402599085782e-09,3.888952557628527e-09,1,1,1,9,0,,0,0,,0
flexible_arm,odepe_v2_nopolish,0.0,flexible_arm_0_0,1,1,469.5085620880127,9,0,0.6776280973164586,0.5599667759556374,0.9993156983672259,0.6718934452898165,0,0,0,0,0,,0,0,,0
flexible_arm,odepe_v2_nopolish,0.0,flexible_arm_1_0,1,1,788.0909199714661,9,0,0.2329384810461768,0.26134281406090654,0.52327066846209,0.29470350699981024,0,0,0,1,0,,0,0,,0
flexible_arm,odepe_v2_nopolish,0.0,flexible_arm_2_0,1,1,771.4382989406586,9,0,5.211816332537035e-07,4.324649246323264e-06,1.4776921913053304e-05,6.818624493486303e-06,1,1,1,2,0,,0,0,,0
flexible_arm,odepe_v2_nopolish,0.0,flexible_arm_3_0,1,1,1039.2820930480957,9,0,3.972119701057943e-10,1.7213732185308756e-09,4.838585278339701e-09,2.4051165314047745e-09,1,1,1,3,0,,0,0,,0
flexible_arm,odepe_v2_nopolish,0.0,flexible_arm_4_0,1,1,981.3052198886871,9,0,6.213316898021995e-11,2.701531108630471e-10,6.632373222054915e-10,3.8396529301132696e-10,1,1,1,4,0,,0,0,,0
flexible_arm,odepe_v2_nopolish,0.0,flexible_arm_5_0,1,1,780.2930569648743,9,0,3.089075977477629e-05,0.00014041855194759352,0.0004872565742714992,0.00022639371403370215,1,1,1,5,0,,0,0,,0
flexible_arm,odepe_v2_nopolish,0.0,flexible_arm_6_0,1,1,924.5503380298615,9,0,3.821434561591815e-11,1.6386120605021475e-10,7.234865329713619e-10,3.020238912233855e-10,1,1,1,6,0,,0,0,,0
flexible_arm,odepe_v2_nopolish,0.0,flexible_arm_7_0,1,1,953.5141370296478,9,0,1.714087400968387e-10,1.0096181728259178e-09,3.4046543082359093e-09,1.5961193949572614e-09,1,1,1,7,0,,0,0,,0
flexible_arm,odepe_v2_nopolish,0.0,flexible_arm_8_0,1,1,677.2019701004028,9,0,0.5892198756191828,0.5701036301600884,1.059538569292404,0.646779438579883,0,0,0,8,0,,0,0,,0
flexible_arm,odepe_v2_nopolish,0.0,flexible_arm_9_0,1,1,748.4721479415894,9,0,5.930252252346685e-06,8.156382535358321e-05,0.0002292680093330101,0.0001232539765280062,1,1,1,9,0,,0,0,,0
forced_lotka_volterra,odepe_v2_nopolish,0.0,forced_lotka_volterra_0_0,1,1,360.67576789855957,6,0,1.3999846153295815e-10,2.118123682668387e-10,6.038505045860046e-10,2.794125121192857e-10,1,1,1,0,0,,0,0,,0
forced_lotka_volterra,odepe_v2_nopolish,0.0,forced_lotka_volterra_1_0,1,1,520.7380969524384,6,0,6.448791433292815e-11,1.1678152192120923e-10,3.0245231606574545e-10,1.6780203451654359e-10,1,1,1,1,0,,0,0,,0
forced_lotka_volterra,odepe_v2_nopolish,0.0,forced_lotka_volterra_2_0,1,1,721.3487460613251,6,0,2.891255254257235e-11,4.4173637517249124e-11,1.3349838707606366e-10,6.16021635877992e-11,1,1,1,2,0,,0,0,,0
forced_lotka_volterra,odepe_v2_nopolish,0.0,forced_lotka_volterra_3_0,1,1,461.61403489112854,6,0,6.868166023766873e-11,1.9041764130648732e-10,8.634406321241593e-10,3.5816155395899437e-10,1,1,1,3,0,,0,0,,0
forced_lotka_volterra,odepe_v2_nopolish,0.0,forced_lotka_volterra_4_0,1,1,630.216882944107,6,0,1.2860192405129119e-11,8.124833460413264e-11,4.353948295783421e-10,1.7807206829431943e-10,1,1,1,4,0,,0,0,,0
forced_lotka_volterra,odepe_v2_nopolish,0.0,forced_lotka_volterra_5_0,1,1,628.7478289604187,6,0,0.008455469538906265,0.09595364103300985,0.4217906370857059,0.18118486873784123,0,0,1,5,0,,0,0,,0
forced_lotka_volterra,odepe_v2_nopolish,0.0,forced_lotka_volterra_6_0,1,1,480.1147630214691,6,0,0.016931434790560966,0.17940243560734737,0.6863940360072026,0.31574254950660785,0,0,0,6,0,,0,0,,0
forced_lotka_volterra,odepe_v2_nopolish,0.0,forced_lotka_volterra_7_0,1,1,671.6887781620026,6,0,2.9462682769922446e-10,1.2671314621020327e-09,5.4246678771108576e-09,2.3106831043753837e-09,1,1,1,7,0,,0,0,,0
forced_lotka_volterra,odepe_v2_nopolish,0.0,forced_lotka_volterra_8_0,1,1,672.2131419181824,6,0,2.7064610861413584e-10,3.4943171195905907e-10,9.109047994701841e-10,4.968885640827947e-10,1,1,1,8,0,,0,0,,0
forced_lotka_volterra,odepe_v2_nopolish,0.0,forced_lotka_volterra_9_0,1,1,645.8581540584564,6,0,5.403408334383097e-12,1.6407984530349455e-11,5.723696133132555e-11,2.5931005257162552e-11,1,1,1,9,0,,0,0,,0
harmonic_oscillator,odepe_v2_nopolish,0.0,harmonic_oscillator_0_0,1,1,263.33677887916565,4,0,4.0315899894627615e-13,7.496944167168893e-13,2.093147328988509e-12,1.09821371220662e-12,1,1,1,0,0,,0,0,,0
harmonic_oscillator,odepe_v2_nopolish,0.0,harmonic_oscillator_1_0,1,1,413.4775722026825,4,0,1.0018702074607046e-11,1.0735628795463362e-11,2.273043229288329e-11,1.4283759341997003e-11,1,1,1,1,0,,0,0,,0
harmonic_oscillator,odepe_v2_nopolish,0.0,harmonic_oscillator_2_0,1,1,430.42792105674744,4,0,2.3347514219483412e-12,2.2543563565228785e-12,3.732401875895295e-12,2.579083714311634e-12,1,1,1,2,0,,0,0,,0
harmonic_oscillator,odepe_v2_nopolish,0.0,harmonic_oscillator_3_0,1,1,381.31031703948975,4,0,9.85823098988613e-12,1.0719840557538517e-11,2.2790515720873673e-11,1.3374556949579424e-11,1,1,1,3,0,,0,0,,0
harmonic_oscillator,odepe_v2_nopolish,0.0,harmonic_oscillator_4_0,1,1,402.00929713249207,4,0,1.2939864496920011e-11,1.620562765770481e-11,3.810325710865237e-11,2.2145319623977674e-11,1,1,1,4,0,,0,0,,0
harmonic_oscillator,odepe_v2_nopolish,0.0,harmonic_oscillator_5_0,1,1,427.7740569114685,4,0,1.7812047100459e-12,1.52766821084106e-12,2.4985914534469947e-12,1.7811156200960736e-12,1,1,1,5,0,,0,0,,0
harmonic_oscillator,odepe_v2_nopolish,0.0,harmonic_oscillator_6_0,1,1,447.1434199810028,4,0,6.23330558993996e-11,1.7531855425379594e-10,5.76074978318421e-10,2.918167960893174e-10,1,1,1,6,0,,0,0,,0
harmonic_oscillator,odepe_v2_nopolish,0.0,harmonic_oscillator_7_0,1,1,411.5796971321106,4,0,3.5123989977322717e-13,6.353781878768722e-13,1.820695935037796e-12,9.443477233916406e-13,1,1,1,7,0,,0,0,,0
harmonic_oscillator,odepe_v2_nopolish,0.0,harmonic_oscillator_8_0,1,1,410.0469970703125,4,0,5.352255914532597e-13,6.3862770092930305e-12,2.4265918293081397e-11,1.2140077372264001e-11,1,1,1,8,0,,0,0,,0
harmonic_oscillator,odepe_v2_nopolish,0.0,harmonic_oscillator_9_0,1,1,426.7408401966095,4,0,4.0697870241189445e-12,3.693576421254919e-12,4.8802232096737236e-12,3.899492339959705e-12,1,1,1,9,0,,0,0,,0
hiv,odepe_v2_nopolish,0.0,hiv_0_0,1,1,2625.0453910827637,15,0,3.8268763545407735e-08,1.3965920921638784e-05,0.00020708596213184864,5.347011617675611e-05,1,1,1,0,0,,0,0,,0
hiv,odepe_v2_nopolish,0.0,hiv_1_0,1,1,5139.324776887894,15,0,1.5045356321839872e-07,1.07471007181054e-06,1.3633641860456041e-05,3.5318029548328724e-06,1,1,1,1,0,,0,0,,0
hiv,odepe_v2_nopolish,0.0,hiv_2_0,1,1,3223.584302186966,15,0,1.9128677447416966e-10,3.1057573780316894e-07,4.649077599406019e-06,1.2003870767202225e-06,1,1,1,2,0,,0,0,,0
hiv,odepe_v2_nopolish,0.0,hiv_3_0,1,1,3940.223254919052,15,0,3.9959949878957207e-10,3.391634727828344e-07,5.062186965863108e-06,1.307054169154343e-06,1,1,1,3,0,,0,0,,0
hiv,odepe_v2_nopolish,0.0,hiv_4_0,1,1,4251.53124499321,15,0,2.6374098100662907e-09,5.113931162661662e-07,7.4848910544016055e-06,1.9329026963414714e-06,1,1,1,4,0,,0,0,,0
hiv,odepe_v2_nopolish,0.0,hiv_5_0,1,1,2871.998253107071,15,0,2.2342759515155585e-09,3.435296787478451e-07,4.851912261087245e-06,1.2543956775544357e-06,1,1,1,5,0,,0,0,,1
hiv,odepe_v2_nopolish,0.0,hiv_6_0,1,1,4029.486181974411,15,0,1.0638867961202233e-07,4.5412861983287016e-07,4.6396746640499294e-06,1.2188154522664472e-06,1,1,1,6,0,,0,0,,0
hiv,odepe_v2_nopolish,0.0,hiv_7_0,1,1,3032.955551147461,15,0,1.1021418879426095e-08,1.255163375520433e-06,1.861801013395325e-05,4.8072244177929646e-06,1,1,1,7,0,,0,0,,0
hiv,odepe_v2_nopolish,0.0,hiv_8_0,1,1,3908.7465970516205,15,0,1.6252480403261692e-07,1.1897781574959442e-06,9.200877262860452e-06,2.5740221903638316e-06,1,1,1,8,0,,0,0,,2
hiv,odepe_v2_nopolish,0.0,hiv_9_0,1,1,2953.9601929187775,15,0,1.9307590349968283e-08,7.570359146298973e-06,0.00011172282810139389,2.884872322925083e-05,1,1,1,9,0,,0,0,,2
lotka_volterra,odepe_v2_nopolish,0.0,lotka_volterra_0_0,1,1,378.69829201698303,5,0,2.2092180655870328e-11,2.521878550441812e-10,1.1429658389329832e-09,5.123068397213385e-10,1,1,1,0,0,,0,0,,0
lotka_volterra,odepe_v2_nopolish,0.0,lotka_volterra_1_0,1,1,812.6303880214691,5,0,3.333797884217595e-10,3.7464172301459545e-10,7.892183147607926e-10,4.3810736453098223e-10,1,1,1,1,0,,0,0,,0
lotka_volterra,odepe_v2_nopolish,0.0,lotka_volterra_2_0,1,1,706.9436368942261,5,0,1.0115173345391006e-09,1.3308798369173743e-09,3.6002458730304774e-09,1.791506871196994e-09,1,1,1,2,0,,0,0,,0
lotka_volterra,odepe_v2_nopolish,0.0,lotka_volterra_3_0,1,1,669.4441251754761,5,0,3.9543493250020723e-11,5.7187333470309044e-11,1.3686037472292218e-10,7.497242237184027e-11,1,1,1,3,0,,0,0,,0
lotka_volterra,odepe_v2_nopolish,0.0,lotka_volterra_4_0,1,1,466.0402009487152,5,0,7.649934325850782e-11,8.772322173630973e-11,1.803284487788787e-10,1.0521480791487897e-10,1,1,1,4,0,,0,0,,0
lotka_volterra,odepe_v2_nopolish,0.0,lotka_volterra_5_0,1,1,482.86189794540405,5,0,1.3486607861333617e-10,1.41523634988288e-10,2.7799138652404684e-10,1.607006663270918e-10,1,1,1,5,0,,0,0,,0
lotka_volterra,odepe_v2_nopolish,0.0,lotka_volterra_6_0,1,1,430.5812051296234,5,0,6.688596608579422e-11,6.964337823583904e-11,1.4110979774003e-10,8.091487992705677e-11,1,1,1,6,0,,0,0,,0
lotka_volterra,odepe_v2_nopolish,0.0,lotka_volterra_7_0,1,1,597.4467780590057,5,0,7.553568778118225e-11,7.688319907849513e-11,1.4366393466303244e-10,9.268364156081501e-11,1,1,1,7,0,,0,0,,0
lotka_volterra,odepe_v2_nopolish,0.0,lotka_volterra_8_0,1,1,972.487576007843,5,0,4.5271371390975676e-10,1.3446995190486133e-09,4.6606574615416704e-09,2.14192518854772e-09,1,1,1,8,0,,0,0,,0
lotka_volterra,odepe_v2_nopolish,0.0,lotka_volterra_9_0,1,1,664.9563419818878,5,0,5.565211646926859e-10,5.335679715970342e-10,1.0035521025297811e-09,6.753941293337734e-10,1,1,1,9,0,,0,0,,0
mass_spring_damper,odepe_v2_nopolish,0.0,mass_spring_damper_0_0,1,1,261.85012006759644,5,0,8.038974642503558e-10,7.822871833209832e-10,2.1076621429120126e-09,1.0855259175555044e-09,1,1,1,0,0,,0,0,,0
mass_spring_damper,odepe_v2_nopolish,0.0,mass_spring_damper_1_0,1,1,397.3570399284363,5,0,7.723203000704582e-13,3.263277794257699e-12,8.697953790387594e-12,4.819062295962671e-12,1,1,1,1,0,,0,0,,0
mass_spring_damper,odepe_v2_nopolish,0.0,mass_spring_damper_2_0,1,1,442.80967593193054,5,0,1.3255390051585203e-12,6.833528746322729e-11,3.2249464683174985e-10,1.444079745938159e-10,1,1,1,2,0,,0,0,,0
mass_spring_damper,odepe_v2_nopolish,0.0,mass_spring_damper_3_0,1,1,365.3611650466919,5,0,5.5730133151977e-11,9.108821578303439e-11,2.006747185726042e-10,1.081215350959248e-10,1,1,1,3,0,,0,0,,0
mass_spring_damper,odepe_v2_nopolish,0.0,mass_spring_damper_4_0,1,1,402.90498304367065,5,0,6.249812175721356e-10,8.685906875736701e-10,2.333622256123608e-09,1.1603449756523484e-09,1,1,1,4,0,,0,0,,0
mass_spring_damper,odepe_v2_nopolish,0.0,mass_spring_damper_5_0,1,1,371.9543480873108,5,0,1.0098571212173092e-09,1.8073277220821904e-09,6.640428834626289e-09,3.0451929717946214e-09,1,1,1,5,0,,0,0,,0
mass_spring_damper,odepe_v2_nopolish,0.0,mass_spring_damper_6_0,1,1,419.9690480232239,5,0,1.5876354218413828e-12,2.7650361590384825e-12,7.621064273482463e-12,4.0032827738797614e-12,1,1,1,6,0,,0,0,,0
mass_spring_damper,odepe_v2_nopolish,0.0,mass_spring_damper_7_0,1,1,355.85044407844543,5,0,5.178164153298971e-12,5.521028218101607e-11,2.3080382385806636e-10,1.0440908185035376e-10,1,1,1,7,0,,0,0,,0
mass_spring_damper,odepe_v2_nopolish,0.0,mass_spring_damper_8_0,1,1,358.84281182289124,5,0,1.1466358847942323e-09,1.026793765861778e-09,1.6395150228624691e-09,1.1412774409310098e-09,1,1,1,8,0,,0,0,,0
mass_spring_damper,odepe_v2_nopolish,0.0,mass_spring_damper_9_0,1,1,383.0004811286926,5,0,1.2692850814305082e-10,1.541331236569559e-10,2.986402883632896e-10,1.8034995593722413e-10,1,1,1,9,0,,0,0,,0
quadrotor,odepe_v2_nopolish,0.0,quadrotor_0_0,1,1,239.69979906082153,4,0,3.1046217909044835e-11,3.49843408044083e-11,6.92648207960024e-11,4.201988049126749e-11,1,1,1,0,0,,0,0,,0
quadrotor,odepe_v2_nopolish,0.0,quadrotor_1_0,1,1,374.93335795402527,4,0,1.832677599773873e-12,5.997962609119287e-12,1.9720836985284298e-11,9.9679687521617e-12,1,1,1,1,0,,0,0,,0
quadrotor,odepe_v2_nopolish,0.0,quadrotor_2_0,1,1,396.75530314445496,4,0,1.082923146495228e-11,1.1011244680766794e-11,1.7842961505336714e-11,1.201149867901691e-11,1,1,1,2,0,,0,0,,0
quadrotor,odepe_v2_nopolish,0.0,quadrotor_3_0,1,1,363.90455293655396,4,0,2.1906867702178994e-11,2.936465842288933e-11,6.755133433372387e-11,3.781530701335047e-11,1,1,1,3,0,,0,0,,0
quadrotor,odepe_v2_nopolish,0.0,quadrotor_4_0,1,1,392.43519115448,4,0,3.559915426535532e-12,3.4704072212049482e-12,6.750239991463042e-12,4.517921959881384e-12,1,1,1,4,0,,0,0,,0
quadrotor,odepe_v2_nopolish,0.0,quadrotor_5_0,1,1,358.8522369861603,4,0,5.089511097724616e-12,9.884232745425379e-12,2.7767360105834434e-11,1.44315411036995e-11,1,1,1,5,0,,0,0,,0
quadrotor,odepe_v2_nopolish,0.0,quadrotor_6_0,1,1,399.26503682136536,4,0,5.352311959080547e-11,6.624052580029867e-11,1.5148774623170768e-10,8.551732725061319e-11,1,1,1,6,0,,0,0,,0
quadrotor,odepe_v2_nopolish,0.0,quadrotor_7_0,1,1,364.72698187828064,4,0,3.158783115930976e-11,3.840387740346706e-11,9.02322014872301e-11,5.183178922917545e-11,1,1,1,7,0,,0,0,,0
quadrotor,odepe_v2_nopolish,0.0,quadrotor_8_0,1,1,382.7832250595093,4,0,5.1338954420226346e-12,1.5566187898575286e-11,5.1305431374797734e-11,2.6019699684718735e-11,1,1,1,8,0,,0,0,,0
quadrotor,odepe_v2_nopolish,0.0,quadrotor_9_0,1,1,373.0290539264679,4,0,3.911393355797855e-11,1.0331097346007146e-10,3.2631325399196085e-10,1.6610408407577058e-10,1,1,1,9,0,,0,0,,0
repressilator,odepe_v2_nopolish,0.0,repressilator_0_0,1,1,1139.2593698501587,9,0,1.8010572757437356e-11,5.6612048194001866e-11,3.032089446499342e-10,1.0574024141144892e-10,1,1,1,0,0,,0,0,,0
repressilator,odepe_v2_nopolish,0.0,repressilator_1_0,1,1,1541.591206073761,9,0,3.957824644393507e-12,6.478449097639152e-12,2.1767002307544176e-11,9.973833877350666e-12,1,1,1,1,0,,0,0,,0
repressilator,odepe_v2_nopolish,0.0,repressilator_2_0,1,1,1457.5705699920654,9,0,5.258882120188998e-12,9.694186465752012e-12,4.654074396825579e-11,1.6813803900822566e-11,1,1,1,2,0,,0,0,,0
repressilator,odepe_v2_nopolish,0.0,repressilator_3_0,1,1,1596.653137922287,9,0,1.4375750134925018e-11,3.725531829226329e-11,1.2515789017817852e-10,5.439999078030982e-11,1,1,1,3,0,,0,0,,0
repressilator,odepe_v2_nopolish,0.0,repressilator_4_0,1,1,1518.329041004181,9,0,1.5697692188266815e-11,3.1161895881145424e-11,1.1635615456036486e-10,4.6514493483379805e-11,1,1,1,4,0,,0,0,,0
repressilator,odepe_v2_nopolish,0.0,repressilator_5_0,1,1,1758.4030530452728,9,0,1.5170404615056605e-12,1.7089923051347417e-12,3.479619809984682e-12,2.0364869327262367e-12,1,1,1,5,0,,0,0,,0
repressilator,odepe_v2_nopolish,0.0,repressilator_6_0,1,1,1124.6227390766144,9,0,1.1647345752940268e-12,3.265520075674702e-11,2.2580737005879948e-10,7.676858022172255e-11,1,1,1,6,0,,0,0,,0
repressilator,odepe_v2_nopolish,0.0,repressilator_7_0,1,1,1387.772659778595,9,0,1.0432759695610112e-11,4.2245534629447026e-11,1.3414107431668315e-10,6.501907107122345e-11,1,1,1,7,0,,0,0,,0
repressilator,odepe_v2_nopolish,0.0,repressilator_8_0,1,1,1620.3621168136597,9,0,4.842210421336441e-12,1.5184157121175922e-11,7.230566403158089e-11,2.668659416661206e-11,1,1,1,8,0,,0,0,,0
repressilator,odepe_v2_nopolish,0.0,repressilator_9_0,1,1,1701.453530073166,9,0,1.6633327478503386e-12,1.97190916042627e-12,4.755554239169788e-12,2.4796161979474863e-12,1,1,1,9,0,,0,0,,0
seir,odepe_v2_nopolish,0.0,seir_0_0,1,1,949.9185910224915,7,0,6.074808434064494e-10,7.210026543423467e-10,2.0506316834291947e-09,1.0028628910827356e-09,1,1,1,0,0,,0,0,,0
seir,odepe_v2_nopolish,0.0,seir_1_0,1,1,1589.970736026764,7,0,6.960152131119723e-08,8.252953696302931e-08,2.2347083265069537e-07,1.1179650057117845e-07,1,1,1,1,0,,0,0,,0
seir,odepe_v2_nopolish,0.0,seir_2_0,1,1,2412.428025007248,7,0,5.588830656128553e-09,3.77148120689418e-09,8.220055930893839e-09,5.013392041070093e-09,1,1,1,2,0,,0,0,,0
seir,odepe_v2_nopolish,0.0,seir_3_0,1,1,2414.5154609680176,7,0,3.977290316738057e-09,2.607713508469368e-09,5.318094210618609e-09,3.428675491816775e-09,1,1,1,3,0,,0,0,,0
seir,odepe_v2_nopolish,0.0,seir_4_0,1,1,2594.155028104782,7,0,0.003218532886269588,0.0020088011089792177,0.004217362029480286,0.002666841562263143,1,1,1,4,0,,0,0,,0
seir,odepe_v2_nopolish,0.0,seir_5_0,1,1,2686.249144077301,7,0,5.1819452543217866e-11,6.872516420105495e-11,1.8339929142451984e-10,9.137411731298299e-11,1,1,1,5,0,,0,0,,0
seir,odepe_v2_nopolish,0.0,seir_6_0,1,1,2328.8941979408264,7,0,7.249882398904848e-07,1.371629035184295e-06,4.441549392724156e-06,2.017655555964976e-06,1,1,1,6,0,,0,0,,0
seir,odepe_v2_nopolish,0.0,seir_7_0,1,1,2242.3423211574554,7,0,5.3463414579097527e-08,5.9170222512454435e-08,1.5180817219144289e-07,7.674155739175705e-08,1,1,1,7,0,,0,0,,0
seir,odepe_v2_nopolish,0.0,seir_8_0,1,1,2385.30442404747,7,0,3.3332200316719356e-06,2.4519315047260196e-06,6.293958101799325e-06,3.2737552065410006e-06,1,1,1,8,0,,0,0,,0
seir,odepe_v2_nopolish,0.0,seir_9_0,1,1,2160.3544368743896,7,0,5.395261962186717e-12,7.56303590220519e-12,2.275734164606088e-11,1.0795780428261304e-11,1,1,1,9,0,,0,0,,0
slow_fast,odepe_v2_nopolish,0.0,slow_fast_0_0,1,1,377.43702507019043,8,0,5.648337481917847e-14,1.4181859130598622e-13,7.80900917122258e-13,2.833792243820084e-13,1,1,1,0,0,,0,0,,0
slow_fast,odepe_v2_nopolish,0.0,slow_fast_1_0,1,1,538.9231638908386,8,0,6.022270329073073e-13,3.151026617032614e-12,1.4025059195370608e-11,5.545927754145275e-12,1,1,1,1,0,,0,0,,0
slow_fast,odepe_v2_nopolish,0.0,slow_fast_2_0,1,1,557.8347790241241,8,0,6.372664564172437e-13,2.3635860504443093e-12,1.2027350946172493e-11,4.512614317605991e-12,1,1,1,2,0,,0,0,,0
slow_fast,odepe_v2_nopolish,0.0,slow_fast_3_0,1,1,557.2397620677948,8,0,2.8589187356095917e-11,5.472436699814112e-11,1.895565864841697e-10,8.364634943353325e-11,1,1,1,3,0,,0,0,,0
slow_fast,odepe_v2_nopolish,0.0,slow_fast_4_0,1,1,589.5680339336395,8,0,1.0263162568039976e-11,1.2976178296641496e-11,2.8967134433105763e-11,1.7353764597128076e-11,1,1,1,4,0,,0,0,,0
slow_fast,odepe_v2_nopolish,0.0,slow_fast_5_0,1,1,615.6744358539581,8,0,1.5650366621885443e-12,2.119133416064563e-12,5.412277297800088e-12,2.976588312743455e-12,1,1,1,5,0,,0,0,,0
slow_fast,odepe_v2_nopolish,0.0,slow_fast_6_0,1,1,536.7425889968872,8,0,2.3239868268095933e-14,1.42315016991803e-13,6.135583494262584e-13,2.625373600392261e-13,1,1,1,6,0,,0,0,,0
slow_fast,odepe_v2_nopolish,0.0,slow_fast_7_0,1,1,659.453898191452,8,0,2.082484144162015e-12,2.6024106190426016e-12,6.423433213902691e-12,3.661498877157281e-12,1,1,1,7,0,,0,0,,0
slow_fast,odepe_v2_nopolish,0.0,slow_fast_8_0,1,1,559.8326549530029,8,0,3.3959351910639067e-12,7.806637962616829e-12,2.581089050471217e-11,1.2224574575252171e-11,1,1,1,8,0,,0,0,,0
slow_fast,odepe_v2_nopolish,0.0,slow_fast_9_0,1,1,601.9232158660889,8,0,3.3530435737337836e-12,1.6258614364439918e-11,4.781878596797166e-11,2.5387716046125932e-11,1,1,1,9,0,,0,0,,0
sirt_treatment,odepe_v2_nopolish,0.0,sirt_treatment_0_0,1,1,1579.5026950836182,9,0,7.018146928064668e-11,2.7853916803954135e-09,2.3303405459130087e-08,7.776467607759597e-09,1,1,1,0,0,,0,0,,0
sirt_treatment,odepe_v2_nopolish,0.0,sirt_treatment_1_0,1,1,1658.0389120578766,9,0,5.841439856562747e-11,2.2983318776942648e-10,1.3995022918322775e-09,4.840025224813179e-10,1,1,1,1,0,,0,0,,0
sirt_treatment,odepe_v2_nopolish,0.0,sirt_treatment_2_0,1,1,1858.0795500278473,9,0,1.1075600067551559e-10,2.4957795117042345e-10,1.441822186875665e-09,5.026495341556061e-10,1,1,1,2,0,,0,0,,0
sirt_treatment,odepe_v2_nopolish,0.0,sirt_treatment_3_0,1,1,1460.0443360805511,9,0,2.0909696375312935e-13,6.469912935359009e-11,4.111698860175362e-10,1.4186397375817382e-10,1,1,1,3,0,,0,0,,0
sirt_treatment,odepe_v2_nopolish,0.0,sirt_treatment_4_0,1,1,2065.509726047516,9,0,8.88616578935363e-11,4.1535595620957817e-10,1.9742483368277048e-09,7.395074127149102e-10,1,1,1,4,0,,0,0,,0
sirt_treatment,odepe_v2_nopolish,0.0,sirt_treatment_5_0,1,1,1930.7037408351898,9,0,6.927976151807063e-11,2.2920986374626664e-10,9.018320140842573e-10,3.5830414355198193e-10,1,1,1,5,0,,0,0,,0
sirt_treatment,odepe_v2_nopolish,0.0,sirt_treatment_6_0,1,1,1485.9498109817505,9,0,1.8237829208848208e-10,3.86660820162428e-10,1.8970295161597197e-09,6.876951556366874e-10,1,1,1,6,0,,0,0,,0
sirt_treatment,odepe_v2_nopolish,0.0,sirt_treatment_7_0,1,1,1877.682049036026,9,0,3.5198411534903705e-13,8.997789731987215e-12,5.0747829092671454e-11,1.803506069422618e-11,1,1,1,7,0,,0,0,,0
sirt_treatment,odepe_v2_nopolish,0.0,sirt_treatment_8_0,1,1,1535.0111780166626,9,0,2.177601872125517e-13,1.1929877789309934e-09,6.514161524498939e-09,2.3350783408570623e-09,1,1,1,8,0,,0,0,,0
sirt_treatment,odepe_v2_nopolish,0.0,sirt_treatment_9_0,1,1,1745.0092389583588,9,0,5.973135738937405e-11,2.7851001627825385e-10,1.711790540612256e-09,5.875820834101195e-10,1,1,1,9,0,,0,0,,0
vanderpol,odepe_v2_nopolish,0.0,vanderpol_0_0,1,1,391.0400049686432,4,0,7.165634375591812e-13,8.208317415205263e-12,3.1376824215757236e-11,1.5699011684310306e-11,1,1,1,0,0,,0,0,,0
vanderpol,odepe_v2_nopolish,0.0,vanderpol_1_0,1,1,477.12562799453735,4,0,5.612558931861649e-12,6.955399647391011e-12,1.6489039787973793e-11,9.456197346329615e-12,1,1,1,1,0,,0,0,,0
vanderpol,odepe_v2_nopolish,0.0,vanderpol_2_0,1,1,583.1146218776703,4,0,1.3037055172071177e-10,1.7693945617980426e-10,4.4586743785186396e-10,2.562465795450411e-10,1,1,1,2,0,,0,0,,0
vanderpol,odepe_v2_nopolish,0.0,vanderpol_3_0,1,1,512.4905049800873,4,0,1.837399048249492e-11,4.61125055244759e-11,1.476476184356282e-10,7.604312515048332e-11,1,1,1,3,0,,0,0,,0
vanderpol,odepe_v2_nopolish,0.0,vanderpol_4_0,1,1,496.22986698150635,4,0,6.028233292244069e-12,4.383409382596067e-11,1.6307868079614124e-10,8.167552299338844e-11,1,1,1,4,0,,0,0,,0
vanderpol,odepe_v2_nopolish,0.0,vanderpol_5_0,1,1,436.79932403564453,4,0,8.039986024822212e-13,1.3595151041146338e-11,5.2733892770910694e-11,2.637796591626456e-11,1,1,1,5,0,,0,0,,0
vanderpol,odepe_v2_nopolish,0.0,vanderpol_6_0,1,1,537.6873800754547,4,0,1.2802999267003448e-09,7.095800505198669e-09,2.581348901151516e-08,1.293877565477672e-08,1,1,1,6,0,,0,0,,0
vanderpol,odepe_v2_nopolish,0.0,vanderpol_7_0,1,1,550.0579879283905,4,0,3.954706124982694e-11,8.351231872660182e-11,2.4706533115666695e-10,1.2755005388972683e-10,1,1,1,7,0,,0,0,,0
vanderpol,odepe_v2_nopolish,0.0,vanderpol_8_0,1,1,601.6021959781647,4,0,2.0285096628840652e-11,4.831971007546632e-11,1.5083159226930178e-10,7.681293596455251e-11,1,1,1,8,0,,0,0,,0
vanderpol,odepe_v2_nopolish,0.0,vanderpol_9_0,1,1,404.22747898101807,4,0,4.1692734361280996e-12,5.346447295429298e-12,1.2727399262707068e-11,7.292636424086021e-12,1,1,1,9,0,,0,0,,0
aircraft_pitch,odepe_v2_nopolish,1e-08,aircraft_pitch_0_1em8,1,1,310.46527314186096,6,1,8.047448638445733e-07,1.9085619256566717e-06,7.5586379644706666e-06,3.23114998776894e-06,1,1,1,0,1em8,,0,0,,0
aircraft_pitch,odepe_v2_nopolish,1e-08,aircraft_pitch_1_1em8,1,1,406.54746103286743,6,1,1.6135881325030125e-06,7.902537243261503e-06,3.910971995913105e-05,1.6099045970816173e-05,1,1,1,1,1em8,,0,0,,0
aircraft_pitch,odepe_v2_nopolish,1e-08,aircraft_pitch_2_1em8,1,1,494.31125807762146,6,1,2.411352885717308e-06,1.687289865301678e-05,8.815273319701339e-05,3.6103620215267134e-05,1,1,1,2,1em8,,0,0,,0
aircraft_pitch,odepe_v2_nopolish,1e-08,aircraft_pitch_3_1em8,1,1,546.0354588031769,6,1,6.4614308239186114e-09,1.1160440189901012e-08,4.00823176055655e-08,1.7260557151882665e-08,1,1,1,3,1em8,,0,0,,0
aircraft_pitch,odepe_v2_nopolish,1e-08,aircraft_pitch_4_1em8,1,1,507.12719678878784,6,1,9.692763184879082e-07,1.6531732170716239e-06,5.652580238102445e-06,2.4730965252613254e-06,1,1,1,4,1em8,,0,0,,0
aircraft_pitch,odepe_v2_nopolish,1e-08,aircraft_pitch_5_1em8,1,1,683.6916019916534,6,1,0.00036286098131628827,0.016812240642186973,0.09749015548439187,0.039812311316873815,0,1,1,5,1em8,,0,0,,0
aircraft_pitch,odepe_v2_nopolish,1e-08,aircraft_pitch_6_1em8,1,1,573.320806980133,6,1,1.0982655704415417e-05,2.5632099645167122e-05,9.053301828899744e-05,3.973717082409604e-05,1,1,1,6,1em8,,0,0,,0
aircraft_pitch,odepe_v2_nopolish,1e-08,aircraft_pitch_7_1em8,1,1,510.2325029373169,6,1,6.458460588012268e-06,9.740960499237932e-06,2.570514534457918e-05,1.2949813632176528e-05,1,1,1,7,1em8,,0,0,,0
aircraft_pitch,odepe_v2_nopolish,1e-08,aircraft_pitch_8_1em8,1,1,524.0840618610382,6,1,8.857922829334454e-07,4.1950872490100345e-06,1.872150233461099e-05,7.81947399310161e-06,1,1,1,8,1em8,,0,0,,0
aircraft_pitch,odepe_v2_nopolish,1e-08,aircraft_pitch_9_1em8,1,1,417.0998110771179,6,1,4.394776019475132e-06,4.848489261152182e-06,7.834934902379383e-06,5.395972384337139e-06,1,1,1,9,1em8,,0,0,,0
bicycle_model,odepe_v2_nopolish,1e-08,bicycle_model_0_1em8,1,1,371.3366289138794,5,0,5.583773471373732e-07,2.6741405166884425e-06,9.645035099519731e-06,4.454694928882394e-06,1,1,1,0,1em8,,0,0,,0
bicycle_model,odepe_v2_nopolish,1e-08,bicycle_model_1_1em8,1,1,498.6990900039673,5,0,7.606772398869413e-07,9.5107127728041e-07,2.28661229202776e-06,1.1906434391297957e-06,1,1,1,1,1em8,,0,0,,0
bicycle_model,odepe_v2_nopolish,1e-08,bicycle_model_2_1em8,1,1,534.6294219493866,5,0,1.6798073688729358e-07,2.584535481797151e-07,7.061256996961183e-07,3.4733128524820916e-07,1,1,1,2,1em8,,0,0,,0
bicycle_model,odepe_v2_nopolish,1e-08,bicycle_model_3_1em8,1,1,535.4239621162415,5,0,4.803162204462643e-07,1.908135634799118e-06,4.484550950812044e-06,2.630704892079943e-06,1,1,1,3,1em8,,0,0,,0
bicycle_model,odepe_v2_nopolish,1e-08,bicycle_model_4_1em8,1,1,468.79447889328003,5,0,2.762994579862203e-07,6.41075742736889e-07,1.5231735663916218e-06,8.246950893121255e-07,1,1,1,4,1em8,,0,0,,0
bicycle_model,odepe_v2_nopolish,1e-08,bicycle_model_5_1em8,1,1,538.97625207901,5,0,8.412516193550112e-09,1.938723612000982e-08,4.032988505722526e-08,2.5564781459200166e-08,1,1,1,5,1em8,,0,0,,0
bicycle_model,odepe_v2_nopolish,1e-08,bicycle_model_6_1em8,1,1,601.5223531723022,5,0,3.0211210822550597e-07,4.2182675405644335e-07,1.0266886130525014e-06,5.243556813410165e-07,1,1,1,6,1em8,,0,0,,0
bicycle_model,odepe_v2_nopolish,1e-08,bicycle_model_7_1em8,1,1,610.3274250030518,5,0,3.323819969377124e-06,3.651169719879987e-06,5.633662923611225e-06,3.889620642568769e-06,1,1,1,7,1em8,,0,0,,0
bicycle_model,odepe_v2_nopolish,1e-08,bicycle_model_8_1em8,1,1,540.9024200439453,5,0,4.1704666616588237e-07,3.4823577029739396e-07,4.466960228883071e-07,3.7568731655889966e-07,1,1,1,8,1em8,,0,0,,0
bicycle_model,odepe_v2_nopolish,1e-08,bicycle_model_9_1em8,1,1,506.47877502441406,5,0,6.131406800067843e-08,7.638518171034596e-08,2.171026545872626e-07,1.072543687814076e-07,1,1,1,9,1em8,,0,0,,0
biohydrogenation,odepe_v2_nopolish,1e-08,biohydrogenation_0_1em8,1,1,2862.7626628875732,9,1,0.0011746575534127988,0.0026180331936018937,0.011941978651502457,0.004535795984094239,0,1,1,0,1em8,,0,0,,0
biohydrogenation,odepe_v2_nopolish,1e-08,biohydrogenation_1_1em8,1,1,7604.267305135727,9,1,0.0004550813634440938,0.026861760716690688,0.09901914340036452,0.04650409211954527,0,1,1,1,1em8,,0,0,,0
biohydrogenation,odepe_v2_nopolish,1e-08,biohydrogenation_2_1em8,1,1,5037.314657926559,9,1,0.006852957208126126,0.04849164619270585,0.1396982141827053,0.07854580656600443,0,0,1,2,1em8,,0,0,,0
biohydrogenation,odepe_v2_nopolish,1e-08,biohydrogenation_3_1em8,1,1,4842.919585943222,9,1,0.002797211548545041,0.003815544540771162,0.013980867711296153,0.00583439330504085,0,1,1,3,1em8,,0,0,,0
biohydrogenation,odepe_v2_nopolish,1e-08,biohydrogenation_4_1em8,1,1,6947.669313907623,9,1,0.0002730397145479412,0.0005584919764618722,0.0025078669872316815,0.0009641206775537067,1,1,1,4,1em8,,0,0,,0
biohydrogenation,odepe_v2_nopolish,1e-08,biohydrogenation_5_1em8,1,1,7380.860554218292,9,1,0.0022285948323558335,0.007533524762006245,0.03447795677944908,0.0131072521369871,0,1,1,5,1em8,,0,0,,0
biohydrogenation,odepe_v2_nopolish,1e-08,biohydrogenation_6_1em8,1,1,6704.274529933929,9,1,0.0025365211568233272,0.10404891831773824,0.5318255066267339,0.2144955323949627,0,0,0,6,1em8,,0,0,,0
biohydrogenation,odepe_v2_nopolish,1e-08,biohydrogenation_7_1em8,1,1,3674.764137983322,9,1,6.030843657178166e-06,6.423056956983405e-05,0.0004482033044585751,0.000151903984209156,1,1,1,7,1em8,,0,0,,0
biohydrogenation,odepe_v2_nopolish,1e-08,biohydrogenation_8_1em8,1,1,2888.354145050049,9,1,9.961697879305751e-05,0.0003491651807001654,0.00222251698848639,0.0007588545346769195,1,1,1,8,1em8,,0,0,,0
biohydrogenation,odepe_v2_nopolish,1e-08,biohydrogenation_9_1em8,1,1,7942.8453578948975,9,1,0.0007030089360357619,0.011649518851219585,0.05922228828116911,0.02217782298845729,0,1,1,9,1em8,,0,0,,0
boost_converter,odepe_v2_nopolish,1e-08,boost_converter_0_1em8,1,1,614.5281889438629,5,0,8.139264482856732e-08,1.1534010316916997e-07,1.9654085240217892e-07,1.3253220656466066e-07,1,1,1,0,1em8,,0,0,,0
boost_converter,odepe_v2_nopolish,1e-08,boost_converter_1_1em8,1,1,779.7041971683502,5,0,9.040932646406019e-08,1.9801607853579126e-07,7.001014805459366e-07,3.2084179311693983e-07,1,1,1,1,1em8,,0,0,,0
boost_converter,odepe_v2_nopolish,1e-08,boost_converter_2_1em8,1,1,870.3370840549469,5,0,3.851132323412884e-07,9.426458000868645e-07,3.530068217123663e-06,1.6056836636589676e-06,1,1,1,2,1em8,,0,0,,0
boost_converter,odepe_v2_nopolish,1e-08,boost_converter_3_1em8,1,1,801.713198184967,5,0,4.2759664425502647e-07,5.994895431230611e-07,1.9514873480161785e-06,9.164093042068233e-07,1,1,1,3,1em8,,0,0,,0
boost_converter,odepe_v2_nopolish,1e-08,boost_converter_4_1em8,1,1,791.7785830497742,5,0,1.755515518614796e-07,5.992908233113795e-07,2.0871687524938687e-06,9.65696317915315e-07,1,1,1,4,1em8,,0,0,,0
boost_converter,odepe_v2_nopolish,1e-08,boost_converter_5_1em8,1,1,814.638247013092,5,0,1.6612078734417837e-07,1.4143905463020733e-06,5.960777167816773e-06,2.6881629092088126e-06,1,1,1,5,1em8,,0,0,,0
boost_converter,odepe_v2_nopolish,1e-08,boost_converter_6_1em8,1,1,775.8923940658569,5,0,0.28730308722339615,1.3711633845598064,4.418674542756378,2.139873511980093,0,0,0,6,1em8,,0,0,,0
boost_converter,odepe_v2_nopolish,1e-08,boost_converter_7_1em8,1,1,934.121621131897,5,0,1.195318530535711e-07,1.3779585305873985e-07,2.4688282266999477e-07,1.492341398714341e-07,1,1,1,7,1em8,,0,0,,0
boost_converter,odepe_v2_nopolish,1e-08,boost_converter_8_1em8,1,1,770.3867371082306,5,0,3.757795633024302e-08,8.839068118477609e-08,2.961163245928074e-07,1.3744096154750572e-07,1,1,1,8,1em8,,0,0,,0
boost_converter,odepe_v2_nopolish,1e-08,boost_converter_9_1em8,1,1,788.1403520107269,5,0,0.028404691287714192,0.0693021151102782,0.1995074028582067,0.1039163689693762,0,0,1,9,1em8,,0,0,,0
brusselator,odepe_v2_nopolish,1e-08,brusselator_0_1em8,1,1,386.7789669036865,4,0,1.874027707090183e-07,2.647181596397489e-07,6.840332258716899e-07,3.8532243157018535e-07,1,1,1,0,1em8,,0,0,,0
brusselator,odepe_v2_nopolish,1e-08,brusselator_1_1em8,1,1,531.5236928462982,4,0,1.4772392086235807e-06,2.3024449900105368e-06,5.482756813189897e-06,2.9763346649751752e-06,1,1,1,1,1em8,,0,0,,0
brusselator,odepe_v2_nopolish,1e-08,brusselator_2_1em8,1,1,534.9555819034576,4,0,8.371211941178205e-06,1.2007106313463892e-05,2.9300530525041484e-05,1.620118964148279e-05,1,1,1,2,1em8,,0,0,,0
brusselator,odepe_v2_nopolish,1e-08,brusselator_3_1em8,1,1,480.88566613197327,4,0,4.967732986309397e-06,5.156699905546089e-06,1.0373621382010229e-05,6.881295767594581e-06,1,1,1,3,1em8,,0,0,,0
brusselator,odepe_v2_nopolish,1e-08,brusselator_4_1em8,1,1,574.4118299484253,4,0,6.710535506594646e-07,6.5708652418452e-07,8.957329971017287e-07,6.923827636631474e-07,1,1,1,4,1em8,,0,0,,0
brusselator,odepe_v2_nopolish,1e-08,brusselator_5_1em8,1,1,433.0986840724945,4,0,2.6680023976928724,116562.61468444837,466244.11472553556,233122.05737311914,0,0,0,5,1em8,,0,0,,0
brusselator,odepe_v2_nopolish,1e-08,brusselator_6_1em8,1,1,474.03658390045166,4,0,11.762671973743558,19.791589538263803,54.17987902061315,28.36158117819261,0,0,0,6,1em8,,0,0,,0
brusselator,odepe_v2_nopolish,1e-08,brusselator_7_1em8,1,1,504.9684031009674,4,0,0.0006226492964351472,0.0006500185155099057,0.0010663448143700468,0.0007080034890351386,1,1,1,7,1em8,,0,0,,0
brusselator,odepe_v2_nopolish,1e-08,brusselator_8_1em8,0,0,505.0289568901062,4,0,,,,,0,0,0,8,1em8,,0,0,,0
brusselator,odepe_v2_nopolish,1e-08,brusselator_9_1em8,1,1,616.7922320365906,4,0,1.961990763985745e-07,5.204131004682587e-06,2.0368492943103287e-05,1.0185247128017814e-05,1,1,1,9,1em8,,0,0,,0
crauste,odepe_v2_nopolish,1e-08,crauste_0_1em8,1,1,4480.624542951584,17,0,0.0006151352412195933,0.1858096195914031,1.2834753923028654,0.4043168669467053,0,0,0,0,1em8,,0,0,,0
crauste,odepe_v2_nopolish,1e-08,crauste_1_1em8,1,1,5528.216658115387,17,0,0.005861142333571542,2.0654894076227426,19.004554406648417,5.851682952581849,0,0,0,1,1em8,,0,0,,1
crauste,odepe_v2_nopolish,1e-08,crauste_2_1em8,1,1,8884.8920109272,17,0,0.000604014357056519,0.05670047794752728,0.8000659874335062,0.19767860624127265,0,0,0,2,1em8,,0,0,,0
crauste,odepe_v2_nopolish,1e-08,crauste_3_1em8,1,1,5668.797120094299,17,0,0.00028121648613477684,0.0024600025945058987,0.0134093578094589,0.0048780962550507125,0,1,1,3,1em8,,0,0,,1
crauste,odepe_v2_nopolish,1e-08,crauste_4_1em8,1,1,11104.944680929184,17,0,0.0010034176158782463,0.038559021718618774,0.2482503992013538,0.07836864634709963,0,0,1,4,1em8,,0,0,,0
crauste,odepe_v2_nopolish,1e-08,crauste_5_1em8,1,1,9283.446535110474,17,0,0.0003941926843599915,0.514560527422188,4.248198976906008,1.4502704005481666,0,0,0,5,1em8,,0,0,,4
crauste,odepe_v2_nopolish,1e-08,crauste_6_1em8,1,1,10136.648949861526,17,0,0.00022293269513249983,0.012548016557369363,0.10092333089348385,0.028765645964869607,0,0,1,6,1em8,,0,0,,0
crauste,odepe_v2_nopolish,1e-08,crauste_7_1em8,1,1,8840.357208013535,17,0,0.0007723742667297754,0.02888249014670444,0.2468979703816767,0.06894479527174571,0,0,1,7,1em8,,0,0,,1
crauste,odepe_v2_nopolish,1e-08,crauste_8_1em8,1,1,10017.813754081726,17,0,0.0009357293850323243,0.4668846061432854,4.275002540293681,1.3368278862615874,0,0,0,8,1em8,,0,0,,0
crauste,odepe_v2_nopolish,1e-08,crauste_9_1em8,1,1,7868.324043035507,17,0,0.001105540923223359,0.20535413209242603,1.7610962658370473,0.4988133251747104,0,0,0,9,1em8,,0,0,,1
cstr,odepe_v2_nopolish,1e-08,cstr_0_1em8,1,1,4080.0229930877686,7,0,0.021154109031985405,0.06210811721484355,0.2275960581646274,0.10415434268234515,0,0,1,0,1em8,,0,0,,0
cstr,odepe_v2_nopolish,1e-08,cstr_1_1em8,1,1,6897.461148023605,7,0,0.14584859418822416,0.2568164510900207,0.8173562367026905,0.3797684346418881,0,0,0,1,1em8,,0,0,,0
cstr,odepe_v2_nopolish,1e-08,cstr_2_1em8,1,1,7936.511379003525,7,0,0.001427658729286937,0.0028464715513009256,0.008371993657098668,0.004013796660992188,1,1,1,2,1em8,,0,0,,0
cstr,odepe_v2_nopolish,1e-08,cstr_3_1em8,1,1,6336.537300825119,7,0,0.48008578323230694,0.4831683306755638,1.3964309126676342,0.6932470599244089,0,0,0,3,1em8,,0,0,,0
cstr,odepe_v2_nopolish,1e-08,cstr_4_1em8,1,1,5201.090303897858,7,0,0.4756947442950918,0.49851011112736926,0.9999999999940853,0.6212231538361492,0,0,0,4,1em8,,0,0,,0
cstr,odepe_v2_nopolish,1e-08,cstr_5_1em8,1,1,4995.928149938583,7,0,0.541716172230408,0.47981565641434176,0.9098987532337197,0.575593203865648,0,0,0,5,1em8,,0,0,,0
cstr,odepe_v2_nopolish,1e-08,cstr_6_1em8,1,1,6596.016002893448,7,0,0.01742538797934912,0.01880548524297115,0.06472546227649777,0.028545344308199248,0,1,1,6,1em8,,0,0,,0
cstr,odepe_v2_nopolish,1e-08,cstr_7_1em8,1,1,5709.383375883102,7,0,0.7722165139737475,0.6270455996382873,1.0005108995643233,0.7453435545668777,0,0,0,7,1em8,,0,0,,0
cstr,odepe_v2_nopolish,1e-08,cstr_8_1em8,1,1,7099.802597045898,7,0,0.9999999360711169,1.0746949942761428,1.8133989972526474,1.2606392745465436,0,0,0,8,1em8,,0,0,,0
cstr,odepe_v2_nopolish,1e-08,cstr_9_1em8,1,1,5384.865355014801,7,0,0.34042712811872705,0.3561656823344616,0.8406651663030253,0.4745338148428606,0,0,0,9,1em8,,0,0,,0
daisy_mamil3,odepe_v2_nopolish,1e-08,daisy_mamil3_0_1em8,1,1,723.382796049118,8,0,4.549599872412096e-05,8.838343578242655e-05,0.000352371457038126,0.00014482392085415845,1,1,1,0,1em8,,0,0,,0
daisy_mamil3,odepe_v2_nopolish,1e-08,daisy_mamil3_1_1em8,1,1,803.2506511211395,8,0,2.767455027540871e-06,3.585818570779204e-06,1.0296055138035994e-05,4.574783908277328e-06,1,1,1,1,1em8,,0,0,,0
daisy_mamil3,odepe_v2_nopolish,1e-08,daisy_mamil3_2_1em8,1,1,1011.6690049171448,8,0,7.252835098692625e-06,7.87281284408091e-06,2.400224442422605e-05,1.0683194002908155e-05,1,1,1,2,1em8,,0,0,,0
daisy_mamil3,odepe_v2_nopolish,1e-08,daisy_mamil3_3_1em8,1,1,934.8363678455353,8,0,1.0124075162808994e-06,4.044419498004693e-06,1.5186468740199994e-05,6.63909352768221e-06,1,1,1,3,1em8,,0,0,,0
daisy_mamil3,odepe_v2_nopolish,1e-08,daisy_mamil3_4_1em8,1,1,638.2280027866364,8,0,5.143518603875669e-05,6.704263608589386e-05,0.00017819571427709022,9.253437713549669e-05,1,1,1,4,1em8,,0,0,,0
daisy_mamil3,odepe_v2_nopolish,1e-08,daisy_mamil3_5_1em8,1,1,630.7963180541992,8,0,5.751678797985887e-06,7.920302893747114e-06,2.0684353703655825e-05,9.793407048866126e-06,1,1,1,5,1em8,,0,0,,0
daisy_mamil3,odepe_v2_nopolish,1e-08,daisy_mamil3_6_1em8,1,1,628.4241099357605,8,0,4.99098367119119e-05,0.0001145482731299271,0.0003311056857647007,0.00017038740042830817,1,1,1,6,1em8,,0,0,,0
daisy_mamil3,odepe_v2_nopolish,1e-08,daisy_mamil3_7_1em8,1,1,553.0101799964905,8,0,7.974952063277675e-06,1.2399783303289057e-05,4.275523208326545e-05,1.8684874834458415e-05,1,1,1,7,1em8,,0,0,,0
daisy_mamil3,odepe_v2_nopolish,1e-08,daisy_mamil3_8_1em8,1,1,1112.308688879013,8,0,6.760308825179777e-06,6.758165993597747e-06,1.3421174959550864e-05,7.942817987176662e-06,1,1,1,8,1em8,,0,0,,0
daisy_mamil3,odepe_v2_nopolish,1e-08,daisy_mamil3_9_1em8,1,1,967.6188690662384,8,0,1.0317385392008955e-05,1.4686545168637404e-05,4.890602490183161e-05,2.0701032380991596e-05,1,1,1,9,1em8,,0,0,,0
daisy_mamil4,odepe_v2_nopolish,1e-08,daisy_mamil4_0_1em8,1,1,2936.7132210731506,11,0,0.0004374844259638666,0.0005230531129514515,0.0023323459541423892,0.0008486215319319959,1,1,1,0,1em8,,0,0,,0
daisy_mamil4,odepe_v2_nopolish,1e-08,daisy_mamil4_1_1em8,1,1,2496.999907016754,11,0,1.80267600575176e-05,0.00013812359231048322,0.0005610824382159125,0.00023094771831548962,1,1,1,1,1em8,,0,0,,0
daisy_mamil4,odepe_v2_nopolish,1e-08,daisy_mamil4_2_1em8,1,1,4296.838201999664,11,0,1.5701781459824653e-06,7.756183793053349e-06,2.0742268178558003e-05,1.1238475036045227e-05,1,1,1,2,1em8,,0,0,,0
daisy_mamil4,odepe_v2_nopolish,1e-08,daisy_mamil4_3_1em8,1,1,3844.4626219272614,11,0,8.8186129985102e-06,1.9162730065565274e-05,9.00637750977174e-05,3.153211243004107e-05,1,1,1,3,1em8,,0,0,,0
daisy_mamil4,odepe_v2_nopolish,1e-08,daisy_mamil4_4_1em8,1,1,4448.5151290893555,11,0,1.5611445191046076e-05,0.0007424666835041477,0.00224712935904634,0.0011717316574940662,1,1,1,4,1em8,,0,0,,0
daisy_mamil4,odepe_v2_nopolish,1e-08,daisy_mamil4_5_1em8,1,1,5847.842966079712,11,0,7.05928583553107e-05,0.00020775436053784862,0.001372205563024954,0.00043604769491411237,1,1,1,5,1em8,,0,0,,0
daisy_mamil4,odepe_v2_nopolish,1e-08,daisy_mamil4_6_1em8,1,1,6399.397521972656,11,0,0.0004956429973353333,0.0005460952927652703,0.002719141657615954,0.000943442656121816,1,1,1,6,1em8,,0,0,,0
daisy_mamil4,odepe_v2_nopolish,1e-08,daisy_mamil4_7_1em8,1,1,5563.8721668720245,11,0,9.046332294081365e-06,7.024343051817406e-05,0.00043575895100347216,0.00014686166556105684,1,1,1,7,1em8,,0,0,,0
daisy_mamil4,odepe_v2_nopolish,1e-08,daisy_mamil4_8_1em8,1,1,6850.221339941025,11,0,0.0004812122120897163,0.008756491823632896,0.051982471182882434,0.018688938482997984,0,1,1,8,1em8,,0,0,,0
daisy_mamil4,odepe_v2_nopolish,1e-08,daisy_mamil4_9_1em8,1,1,4580.049984931946,11,0,8.098186881851112e-06,2.672562840294422e-05,9.487023101154409e-05,4.14245575656242e-05,1,1,1,9,1em8,,0,0,,0
dc_motor,odepe_v2_nopolish,1e-08,dc_motor_0_1em8,1,1,306.8891499042511,4,0,2.534301784594518e-05,2.300293387147085e-05,3.7736210448835786e-05,2.6564528273894896e-05,1,1,1,0,1em8,,0,0,,0
dc_motor,odepe_v2_nopolish,1e-08,dc_motor_1_1em8,1,1,406.68505096435547,4,0,4.394082945285925e-06,3.8053399823591684e-06,6.076964728612731e-06,4.479227834145134e-06,1,1,1,1,1em8,,0,0,,0
dc_motor,odepe_v2_nopolish,1e-08,dc_motor_2_1em8,1,1,369.20887303352356,4,0,3.557643258202094e-06,4.922513095122569e-06,1.0509077670205581e-05,5.916735862170438e-06,1,1,1,2,1em8,,0,0,,0
dc_motor,odepe_v2_nopolish,1e-08,dc_motor_3_1em8,1,1,369.09699177742004,4,0,5.87444339387848e-07,6.301241873665991e-07,1.2894107123240896e-06,8.016287858238483e-07,1,1,1,3,1em8,,0,0,,0
dc_motor,odepe_v2_nopolish,1e-08,dc_motor_4_1em8,1,1,377.1264898777008,4,0,7.695550612925688e-06,1.0317913392818967e-05,2.587866264891492e-05,1.4700507640664778e-05,1,1,1,4,1em8,,0,0,,0
dc_motor,odepe_v2_nopolish,1e-08,dc_motor_5_1em8,1,1,356.8358471393585,4,0,5.5369908713946e-07,2.8338424442753565e-06,1.0223154555965049e-05,5.139836093680525e-06,1,1,1,5,1em8,,0,0,,0
dc_motor,odepe_v2_nopolish,1e-08,dc_motor_6_1em8,1,1,396.7680621147156,4,0,2.8799416642533976e-07,2.8718003373206344e-07,5.14070280006736e-07,3.3056244157724335e-07,1,1,1,6,1em8,,0,0,,0
dc_motor,odepe_v2_nopolish,1e-08,dc_motor_7_1em8,1,1,414.31672382354736,4,0,3.942767882867086e-06,3.911056189944658e-06,7.642121439542096e-06,4.950618956584088e-06,1,1,1,7,1em8,,0,0,,0
dc_motor,odepe_v2_nopolish,1e-08,dc_motor_8_1em8,1,1,424.12093019485474,4,0,8.692054656382729e-07,1.1313772333302785e-06,2.356898169342918e-06,1.3540674516693293e-06,1,1,1,8,1em8,,0,0,,0
dc_motor,odepe_v2_nopolish,1e-08,dc_motor_9_1em8,1,1,349.3296699523926,4,0,8.13557919350713e-06,7.82729336887152e-06,1.4991519802473928e-05,1.0016564435915523e-05,1,1,1,9,1em8,,0,0,,0
fitzhugh_nagumo,odepe_v2_nopolish,1e-08,fitzhugh_nagumo_0_1em8,1,1,363.42796897888184,5,0,2.692049868403319e-06,6.228884868200987e-05,0.00017754717444954754,9.798141307557594e-05,1,1,1,0,1em8,,0,0,,0
fitzhugh_nagumo,odepe_v2_nopolish,1e-08,fitzhugh_nagumo_1_1em8,1,1,496.6169710159302,5,0,5.8758204515809e-06,1.0318371693135904e-05,2.6820100322428578e-05,1.443948462099939e-05,1,1,1,1,1em8,,0,0,,0
fitzhugh_nagumo,odepe_v2_nopolish,1e-08,fitzhugh_nagumo_2_1em8,1,1,462.1470310688019,5,0,0.00010733423139839076,9.111581637754633e-05,0.00012651511034936287,0.00010240952151886614,1,1,1,2,1em8,,0,0,,0
fitzhugh_nagumo,odepe_v2_nopolish,1e-08,fitzhugh_nagumo_3_1em8,1,1,404.53713607788086,5,0,1.3801395065544058e-05,2.9417940833325702e-05,8.312119572034777e-05,4.2372478359239434e-05,1,1,1,3,1em8,,0,0,,0
fitzhugh_nagumo,odepe_v2_nopolish,1e-08,fitzhugh_nagumo_4_1em8,1,1,333.5283122062683,5,0,6.523075373060905e-05,0.00012181927686021399,0.0004346136497660271,0.00019982560855131475,1,1,1,4,1em8,,0,0,,0
fitzhugh_nagumo,odepe_v2_nopolish,1e-08,fitzhugh_nagumo_5_1em8,1,1,569.2509899139404,5,0,1.770191340115572e-06,5.110384008363905e-05,0.00021558265058871284,9.783499005391128e-05,1,1,1,5,1em8,,0,0,,0
fitzhugh_nagumo,odepe_v2_nopolish,1e-08,fitzhugh_nagumo_6_1em8,1,1,409.1844069957733,5,0,4.826798332538889e-07,5.1330039518735504e-06,1.961680055009169e-05,9.075663903570927e-06,1,1,1,6,1em8,,0,0,,0
fitzhugh_nagumo,odepe_v2_nopolish,1e-08,fitzhugh_nagumo_7_1em8,1,1,627.728611946106,5,0,1.915641417526715e-06,1.3126685568628176e-05,3.354067290589921e-05,1.987731874011612e-05,1,1,1,7,1em8,,0,0,,0
fitzhugh_nagumo,odepe_v2_nopolish,1e-08,fitzhugh_nagumo_8_1em8,1,1,363.4231798648834,5,0,1.0106726481643829e-05,1.7706547048019347e-05,4.214370500909422e-05,2.3909509483754983e-05,1,1,1,8,1em8,,0,0,,0
fitzhugh_nagumo,odepe_v2_nopolish,1e-08,fitzhugh_nagumo_9_1em8,1,1,448.7552878856659,5,0,1.20997612865721e-06,2.0943388555467626e-05,6.974277106189097e-05,3.465290583618639e-05,1,1,1,9,1em8,,0,0,,0
flexible_arm,odepe_v2_nopolish,1e-08,flexible_arm_0_1em8,1,1,468.7443149089813,9,0,0.6776174455289606,0.559964731654978,0.9993148473952602,0.6718889836532078,0,0,0,0,1em8,,0,0,,0
flexible_arm,odepe_v2_nopolish,1e-08,flexible_arm_1_1em8,1,1,552.486319065094,9,0,0.23291814738898897,0.2611176142520175,0.522888854944874,0.2944857233458651,0,0,0,1,1em8,,0,0,,0
flexible_arm,odepe_v2_nopolish,1e-08,flexible_arm_2_1em8,1,1,703.8064160346985,9,0,3.267477640689136e-05,0.00043806581466075055,0.0015423532965046173,0.0006868924171755945,1,1,1,2,1em8,,0,0,,0
flexible_arm,odepe_v2_nopolish,1e-08,flexible_arm_3_1em8,1,1,1110.1550679206848,9,0,6.409520453174862e-05,0.00010590552232260667,0.000321302037756462,0.00014818044400221678,1,1,1,3,1em8,,0,0,,0
flexible_arm,odepe_v2_nopolish,1e-08,flexible_arm_4_1em8,1,1,1030.0409409999847,9,0,7.6202729676083e-06,0.00012314145890210285,0.000571301684806951,0.00022652420584924528,1,1,1,4,1em8,,0,0,,0
flexible_arm,odepe_v2_nopolish,1e-08,flexible_arm_5_1em8,1,1,760.1048150062561,9,0,2.560980336036305e-05,0.00046697273277187173,0.0024021249954218377,0.0008861934498627635,1,1,1,5,1em8,,0,0,,0
flexible_arm,odepe_v2_nopolish,1e-08,flexible_arm_6_1em8,1,1,1133.6066899299622,9,0,1.2783625282989768e-05,8.650591885325179e-05,0.000252372494421433,0.0001262124536039864,1,1,1,6,1em8,,0,0,,0
flexible_arm,odepe_v2_nopolish,1e-08,flexible_arm_7_1em8,1,1,1101.7275140285492,9,0,0.00014403659921199207,0.0008302893044917757,0.0037937992646264545,0.0014218252853701674,1,1,1,7,1em8,,0,0,,0
flexible_arm,odepe_v2_nopolish,1e-08,flexible_arm_8_1em8,1,1,647.0267579555511,9,0,0.5892957442853801,0.5701313446832452,1.0596766779561884,0.6468149268493959,0,0,0,8,1em8,,0,0,,0
flexible_arm,odepe_v2_nopolish,1e-08,flexible_arm_9_1em8,1,1,732.7948269844055,9,0,9.7964482389007e-05,0.0012578655959309933,0.0034292359089277283,0.0018893782477813303,1,1,1,9,1em8,,0,0,,0
forced_lotka_volterra,odepe_v2_nopolish,1e-08,forced_lotka_volterra_0_1em8,1,1,339.4715909957886,6,0,3.4448780626653813e-06,3.654611105691799e-06,6.940052189214163e-06,4.146547380946527e-06,1,1,1,0,1em8,,0,0,,0
forced_lotka_volterra,odepe_v2_nopolish,1e-08,forced_lotka_volterra_1_1em8,1,1,528.0995359420776,6,0,9.371765335096945e-05,0.00010324465153352001,0.00025095119387382196,0.00013703301313648618,1,1,1,1,1em8,,0,0,,0
forced_lotka_volterra,odepe_v2_nopolish,1e-08,forced_lotka_volterra_2_1em8,1,1,827.4911208152771,6,0,9.514736836946957e-06,1.9324147083057397e-05,5.115999544399291e-05,2.6953964374699744e-05,1,1,1,2,1em8,,0,0,,0
forced_lotka_volterra,odepe_v2_nopolish,1e-08,forced_lotka_volterra_3_1em8,1,1,700.492026090622,6,0,2.2034946266636784e-05,5.927342220485125e-05,0.00019189777280687048,9.13116138614922e-05,1,1,1,3,1em8,,0,0,,0
forced_lotka_volterra,odepe_v2_nopolish,1e-08,forced_lotka_volterra_4_1em8,1,1,792.0898630619049,6,0,1.5779048762845283e-05,2.6395996192522662e-05,9.051858605648911e-05,3.9831311501726925e-05,1,1,1,4,1em8,,0,0,,0
forced_lotka_volterra,odepe_v2_nopolish,1e-08,forced_lotka_volterra_5_1em8,1,1,734.6364190578461,6,0,0.015789758228649656,0.10492277548887086,0.4217174073045679,0.1863732561789749,0,0,1,5,1em8,,0,0,,0
forced_lotka_volterra,odepe_v2_nopolish,1e-08,forced_lotka_volterra_6_1em8,1,1,477.32542991638184,6,0,0.016936682259814057,0.17940433422714905,0.6863940334784682,0.3157426286687428,0,0,0,6,1em8,,0,0,,0
forced_lotka_volterra,odepe_v2_nopolish,1e-08,forced_lotka_volterra_7_1em8,1,1,827.8306040763855,6,0,3.6363757586325214e-06,1.7187628911643615e-05,8.746448131498792e-05,3.596035520026738e-05,1,1,1,7,1em8,,0,0,,0
forced_lotka_volterra,odepe_v2_nopolish,1e-08,forced_lotka_volterra_8_1em8,1,1,702.1010150909424,6,0,4.490329885771229e-05,6.021446070388651e-05,0.00014942440017291252,8.415291635731844e-05,1,1,1,8,1em8,,0,0,,0
forced_lotka_volterra,odepe_v2_nopolish,1e-08,forced_lotka_volterra_9_1em8,1,1,760.738028049469,6,0,2.372190015150369e-06,6.03605571292373e-06,2.5216126591480317e-05,1.0668478799104997e-05,1,1,1,9,1em8,,0,0,,0
harmonic_oscillator,odepe_v2_nopolish,1e-08,harmonic_oscillator_0_1em8,1,1,276.6056900024414,4,0,2.896338939627083e-09,5.390528067232617e-09,1.5477599483267232e-08,8.038293800183336e-09,1,1,1,0,1em8,,0,0,,0
harmonic_oscillator,odepe_v2_nopolish,1e-08,harmonic_oscillator_1_1em8,1,1,392.2812399864197,4,0,6.477809072293382e-10,8.732096686861759e-10,1.9557631051342187e-09,1.0866816106990203e-09,1,1,1,1,1em8,,0,0,,0
harmonic_oscillator,odepe_v2_nopolish,1e-08,harmonic_oscillator_2_1em8,1,1,360.1364850997925,4,0,3.8073242606552323e-10,4.990868777463732e-10,1.0418904446746482e-09,5.97376097200196e-10,1,1,1,2,1em8,,0,0,,0
harmonic_oscillator,odepe_v2_nopolish,1e-08,harmonic_oscillator_3_1em8,1,1,396.0663070678711,4,0,3.9742980736371425e-10,3.9693115856222184e-10,7.020480293203332e-10,4.999344690198087e-10,1,1,1,3,1em8,,0,0,,0
harmonic_oscillator,odepe_v2_nopolish,1e-08,harmonic_oscillator_4_1em8,1,1,323.2381558418274,4,0,1.0715553812607452e-08,3.525848858063636e-08,1.181089065035553e-07,5.954684978697264e-08,1,1,1,4,1em8,,0,0,,0
harmonic_oscillator,odepe_v2_nopolish,1e-08,harmonic_oscillator_5_1em8,1,1,398.5130259990692,4,0,6.142094325990448e-10,1.6456774949313216e-09,5.22977833878397e-09,2.663658304661581e-09,1,1,1,5,1em8,,0,0,,0
harmonic_oscillator,odepe_v2_nopolish,1e-08,harmonic_oscillator_6_1em8,1,1,410.77582597732544,4,0,8.162291505756243e-09,1.071398758246105e-08,2.1960345579034406e-08,1.2615917674023009e-08,1,1,1,6,1em8,,0,0,,0
harmonic_oscillator,odepe_v2_nopolish,1e-08,harmonic_oscillator_7_1em8,1,1,332.10278582572937,4,0,1.751101206278386e-10,1.148102915594139e-09,4.160073054730761e-09,2.084641042894317e-09,1,1,1,7,1em8,,0,0,,0
harmonic_oscillator,odepe_v2_nopolish,1e-08,harmonic_oscillator_8_1em8,1,1,400.2853629589081,4,0,1.2578803973731973e-08,3.213018978088239e-08,9.27261204712741e-08,4.751750165189936e-08,1,1,1,8,1em8,,0,0,,0
harmonic_oscillator,odepe_v2_nopolish,1e-08,harmonic_oscillator_9_1em8,1,1,334.5211429595947,4,0,1.0510233388920772e-08,1.7623129081676432e-08,4.64284580798805e-08,2.457526227533049e-08,1,1,1,9,1em8,,0,0,,0
hiv,odepe_v2_nopolish,1e-08,hiv_0_1em8,1,1,2940.374888896942,15,0,0.18429836185878745,0.4379131333456007,2.02370506850768,0.7055695692942053,0,0,0,0,1em8,,0,0,,0
hiv,odepe_v2_nopolish,1e-08,hiv_1_1em8,1,1,5178.208156824112,15,0,0.004933273413501153,0.052547297539955275,0.271657805186812,0.09969939644088831,0,0,1,1,1em8,,0,0,,0
hiv,odepe_v2_nopolish,1e-08,hiv_2_1em8,1,1,3661.417850971222,15,0,0.0017010594357596885,0.05574813128409417,0.5754980329744812,0.15523520007303068,0,0,0,2,1em8,,0,0,,0
hiv,odepe_v2_nopolish,1e-08,hiv_3_1em8,1,1,3879.265606880188,15,0,0.001687523941941516,0.06487127794729831,0.6861537607202957,0.18236628106667904,0,0,0,3,1em8,,0,0,,0
hiv,odepe_v2_nopolish,1e-08,hiv_4_1em8,1,1,2976.889102935791,15,0,0.015116921331091344,0.2909513734879373,1.0102925222592443,0.4956036172078199,0,0,0,4,1em8,,0,0,,0
hiv,odepe_v2_nopolish,1e-08,hiv_5_1em8,1,1,2888.71918797493,15,0,4.8672181351753314e-05,0.005041650557708241,0.07404803104612523,0.019119835284153962,0,1,1,5,1em8,,0,0,,1
hiv,odepe_v2_nopolish,1e-08,hiv_6_1em8,1,1,4318.0365788936615,15,0,0.002057598959880919,0.01520344722206048,0.1603555466563728,0.04205413622127121,0,0,1,6,1em8,,0,0,,0
hiv,odepe_v2_nopolish,1e-08,hiv_7_1em8,1,1,3260.242679834366,15,0,8.900288302083542e-05,0.11001593522256954,1.6352270851188184,0.422219167468323,0,0,0,7,1em8,,0,0,,0
hiv,odepe_v2_nopolish,1e-08,hiv_8_1em8,1,1,4673.114909887314,15,0,0.005437374062580189,0.4138239296173098,2.6436971451089804,0.8885114429794393,0,0,0,8,1em8,,0,0,,2
hiv,odepe_v2_nopolish,1e-08,hiv_9_1em8,1,1,3814.865690946579,15,0,0.009905259663993766,0.13634945113231908,1.7543879967488554,0.45509386629902504,0,0,0,9,1em8,,0,0,,2
lotka_volterra,odepe_v2_nopolish,1e-08,lotka_volterra_0_1em8,1,1,369.54644203186035,5,0,2.230377737857399e-05,3.245294566864347e-05,5.749113343736108e-05,3.7285483765384474e-05,1,1,1,0,1em8,,0,0,,0
lotka_volterra,odepe_v2_nopolish,1e-08,lotka_volterra_1_1em8,1,1,567.9851970672607,5,0,1.692561920001655e-05,1.954019071433069e-05,4.0871546249562675e-05,2.280386362080201e-05,1,1,1,1,1em8,,0,0,,0
lotka_volterra,odepe_v2_nopolish,1e-08,lotka_volterra_2_1em8,1,1,749.8061518669128,5,0,4.240399162423898e-06,6.003731882683724e-06,1.625078034022614e-05,8.232232916333391e-06,1,1,1,2,1em8,,0,0,,0
lotka_volterra,odepe_v2_nopolish,1e-08,lotka_volterra_3_1em8,1,1,742.2177619934082,5,0,6.774673835776746e-06,6.656491220877092e-06,1.2731512703924255e-05,7.755527674290248e-06,1,1,1,3,1em8,,0,0,,0
lotka_volterra,odepe_v2_nopolish,1e-08,lotka_volterra_4_1em8,1,1,476.2081937789917,5,0,6.865924726463562e-06,1.0750341807450001e-05,3.881608998986282e-05,1.7949761357488997e-05,1,1,1,4,1em8,,0,0,,0
lotka_volterra,odepe_v2_nopolish,1e-08,lotka_volterra_5_1em8,1,1,460.999125957489,5,0,1.706701359644231e-06,2.049495635642367e-06,4.691622657554536e-06,2.5533921474572025e-06,1,1,1,5,1em8,,0,0,,0
lotka_volterra,odepe_v2_nopolish,1e-08,lotka_volterra_6_1em8,1,1,403.3903670310974,5,0,1.574082266685179e-05,1.5818300072392603e-05,3.1149501551989606e-05,1.864758631722784e-05,1,1,1,6,1em8,,0,0,,0
lotka_volterra,odepe_v2_nopolish,1e-08,lotka_volterra_7_1em8,1,1,637.3954589366913,5,0,9.483824960355948e-06,9.17183305810772e-06,1.7147132379554256e-05,1.1180660678321179e-05,1,1,1,7,1em8,,0,0,,0
lotka_volterra,odepe_v2_nopolish,1e-08,lotka_volterra_8_1em8,1,1,1004.0426740646362,5,0,3.317467979151348e-06,4.65160482334985e-06,1.5125875656144085e-05,7.1307677962620805e-06,1,1,1,8,1em8,,0,0,,0
lotka_volterra,odepe_v2_nopolish,1e-08,lotka_volterra_9_1em8,1,1,646.1985487937927,5,0,1.5195138620971438e-06,4.5364730522806565e-06,1.174343007605428e-05,6.483614490869009e-06,1,1,1,9,1em8,,0,0,,0
mass_spring_damper,odepe_v2_nopolish,1e-08,mass_spring_damper_0_1em8,1,1,301.6706609725952,5,0,1.1623124372900262e-07,4.316563752092791e-07,1.258726166987273e-06,6.300394929989702e-07,1,1,1,0,1em8,,0,0,,0
mass_spring_damper,odepe_v2_nopolish,1e-08,mass_spring_damper_1_1em8,1,1,333.4667720794678,5,0,1.1837505173358551e-07,2.3040758826673967e-07,4.6824195567595184e-07,3.0208400050513987e-07,1,1,1,1,1em8,,0,0,,0
mass_spring_damper,odepe_v2_nopolish,1e-08,mass_spring_damper_2_1em8,1,1,396.5328619480133,5,0,1.7508450986999014e-07,1.2779014776434058e-06,5.8857755392102394e-06,2.6350848254645767e-06,1,1,1,2,1em8,,0,0,,0
mass_spring_damper,odepe_v2_nopolish,1e-08,mass_spring_damper_3_1em8,1,1,355.76040601730347,5,0,1.3276249190812427e-05,1.3434492918300988e-05,2.175310673660608e-05,1.5502606163457768e-05,1,1,1,3,1em8,,0,0,,0
mass_spring_damper,odepe_v2_nopolish,1e-08,mass_spring_damper_4_1em8,1,1,431.4442059993744,5,0,1.487880480253121e-06,1.1190093916898756e-06,1.9203927611338055e-06,1.332258586897396e-06,1,1,1,4,1em8,,0,0,,0
mass_spring_damper,odepe_v2_nopolish,1e-08,mass_spring_damper_5_1em8,1,1,359.9596481323242,5,0,1.6347623329932815e-07,3.0305465987431113e-07,6.811841055087337e-07,4.0128179025308184e-07,1,1,1,5,1em8,,0,0,,0
mass_spring_damper,odepe_v2_nopolish,1e-08,mass_spring_damper_6_1em8,1,1,391.2330389022827,5,0,1.0461302436829413e-07,2.6887524455464603e-07,7.613749805587857e-07,3.7150184646062386e-07,1,1,1,6,1em8,,0,0,,0
mass_spring_damper,odepe_v2_nopolish,1e-08,mass_spring_damper_7_1em8,1,1,348.9899699687958,5,0,2.962178792528954e-07,4.451615637845942e-07,8.891488508054055e-07,5.583326442149339e-07,1,1,1,7,1em8,,0,0,,0
mass_spring_damper,odepe_v2_nopolish,1e-08,mass_spring_damper_8_1em8,1,1,355.74699807167053,5,0,2.3241483060743377e-07,2.867103075730696e-07,7.479322776537189e-07,3.801230841913326e-07,1,1,1,8,1em8,,0,0,,0
mass_spring_damper,odepe_v2_nopolish,1e-08,mass_spring_damper_9_1em8,1,1,378.9700779914856,5,0,1.486016160259913e-07,3.773535451085094e-07,8.717959752907986e-07,5.045468530645813e-07,1,1,1,9,1em8,,0,0,,0
quadrotor,odepe_v2_nopolish,1e-08,quadrotor_0_1em8,1,1,300.4921250343323,4,0,8.602614483831828e-07,1.125095416212123e-06,2.6186326231436264e-06,1.4573856678138619e-06,1,1,1,0,1em8,,0,0,,0
quadrotor,odepe_v2_nopolish,1e-08,quadrotor_1_1em8,1,1,364.81418681144714,4,0,9.221976825186021e-08,1.776545585699756e-07,4.988900636866484e-07,2.6124515533435703e-07,1,1,1,1,1em8,,0,0,,0
quadrotor,odepe_v2_nopolish,1e-08,quadrotor_2_1em8,1,1,400.38965106010437,4,0,4.02605441438404e-07,4.3776438222519275e-07,8.46901701872091e-07,5.27318417913871e-07,1,1,1,2,1em8,,0,0,,0
quadrotor,odepe_v2_nopolish,1e-08,quadrotor_3_1em8,1,1,368.41534090042114,4,0,8.475352618229467e-07,1.5278109683962367e-06,4.217130046722168e-06,2.227689711833055e-06,1,1,1,3,1em8,,0,0,,0
quadrotor,odepe_v2_nopolish,1e-08,quadrotor_4_1em8,1,1,375.88532614707947,4,0,1.615647743049663e-07,5.656500960921655e-07,1.828710126901335e-06,9.23329727793212e-07,1,1,1,4,1em8,,0,0,,0
quadrotor,odepe_v2_nopolish,1e-08,quadrotor_5_1em8,1,1,353.9169969558716,4,0,5.242388283720903e-07,7.64976242983806e-07,2.0090387779835167e-06,1.0850556000340978e-06,1,1,1,5,1em8,,0,0,,0
quadrotor,odepe_v2_nopolish,1e-08,quadrotor_6_1em8,1,1,347.86201190948486,4,0,4.232187325925816e-08,7.910028792386735e-08,2.1726507848578133e-07,1.129220557805691e-07,1,1,1,6,1em8,,0,0,,0
quadrotor,odepe_v2_nopolish,1e-08,quadrotor_7_1em8,1,1,363.62232184410095,4,0,1.105598980183697e-07,1.0204781784413934e-07,1.2785186148549085e-07,1.0580559722526252e-07,1,1,1,7,1em8,,0,0,,0
quadrotor,odepe_v2_nopolish,1e-08,quadrotor_8_1em8,1,1,363.68613505363464,4,0,4.899883299695284e-07,1.631080533819342e-06,5.40107123602606e-06,2.734346115291082e-06,1,1,1,8,1em8,,0,0,,0
quadrotor,odepe_v2_nopolish,1e-08,quadrotor_9_1em8,1,1,374.2651951313019,4,0,1.385012253408763e-07,2.10802374141559e-07,5.556702403865604e-07,3.010009747310972e-07,1,1,1,9,1em8,,0,0,,0
repressilator,odepe_v2_nopolish,1e-08,repressilator_0_1em8,1,1,1207.5173869132996,9,0,2.9926523549215303e-06,7.968228839717504e-06,2.4345862541274402e-05,1.1954362760813409e-05,1,1,1,0,1em8,,0,0,,0
repressilator,odepe_v2_nopolish,1e-08,repressilator_1_1em8,1,1,1617.756059885025,9,0,1.1215824466939966e-06,2.9507758245389257e-06,1.2606225381714613e-05,5.017455106682936e-06,1,1,1,1,1em8,,0,0,,0
repressilator,odepe_v2_nopolish,1e-08,repressilator_2_1em8,1,1,1551.617959022522,9,0,3.334246645562585e-06,3.280201362461659e-06,1.0131026362205108e-05,4.405476020506797e-06,1,1,1,2,1em8,,0,0,,0
repressilator,odepe_v2_nopolish,1e-08,repressilator_3_1em8,1,1,1702.5442340373993,9,0,6.818828556395195e-07,1.9347493469357206e-06,1.1584089282120117e-05,3.990826143687175e-06,1,1,1,3,1em8,,0,0,,0
repressilator,odepe_v2_nopolish,1e-08,repressilator_4_1em8,1,1,1630.8481941223145,9,0,2.898633983673e-06,4.823804219786488e-06,2.0359420731482703e-05,7.733016628651481e-06,1,1,1,4,1em8,,0,0,,0
repressilator,odepe_v2_nopolish,1e-08,repressilator_5_1em8,1,1,1991.8335890769958,9,0,3.1789878650915747e-06,2.6010052202582714e-06,6.047430337042425e-06,3.2726093474907145e-06,1,1,1,5,1em8,,0,0,,0
repressilator,odepe_v2_nopolish,1e-08,repressilator_6_1em8,1,1,965.9732570648193,9,0,3.2324205989048307e-07,4.4404315311252914e-06,2.3812148596203527e-05,8.791573924424691e-06,1,1,1,6,1em8,,0,0,,0
repressilator,odepe_v2_nopolish,1e-08,repressilator_7_1em8,1,1,1418.5331897735596,9,0,8.761832677206496e-06,1.908439435550624e-05,4.726619970649373e-05,2.6845648826142713e-05,1,1,1,7,1em8,,0,0,,0
repressilator,odepe_v2_nopolish,1e-08,repressilator_8_1em8,1,1,1795.9978330135345,9,0,1.4226846522150184e-06,4.781402335882869e-06,1.6414193570960702e-05,7.2656916824807325e-06,1,1,1,8,1em8,,0,0,,0
repressilator,odepe_v2_nopolish,1e-08,repressilator_9_1em8,1,1,1402.9361810684204,9,0,8.641612066657869e-07,1.228048651273714e-06,3.0314297101952757e-06,1.6390722471321479e-06,1,1,1,9,1em8,,0,0,,0
seir,odepe_v2_nopolish,1e-08,seir_0_1em8,1,1,1235.6306898593903,7,0,9.27829444801169e-06,2.2569893294915117e-05,5.560145314097242e-05,3.223791605700448e-05,1,1,1,0,1em8,,0,0,,0
seir,odepe_v2_nopolish,1e-08,seir_1_1em8,1,1,1929.1469979286194,7,0,0.0004219605158862509,0.0005795726173976792,0.0015526792239576774,0.0007875852896873618,1,1,1,1,1em8,,0,0,,0
seir,odepe_v2_nopolish,1e-08,seir_2_1em8,1,1,2564.2381179332733,7,0,2.513532330364908e-05,3.297106003664081e-05,6.827334238435046e-05,4.2181382210933016e-05,1,1,1,2,1em8,,0,0,,0
seir,odepe_v2_nopolish,1e-08,seir_3_1em8,1,1,1608.9427750110626,7,0,0.00011737037749160068,7.387824298637809e-05,0.00015397262433658465,9.78218361514466e-05,1,1,1,3,1em8,,0,0,,0
seir,odepe_v2_nopolish,1e-08,seir_4_1em8,1,1,2667.3175671100616,7,0,0.2088312633908533,0.1361145228503087,0.25773519040031934,0.1716569626660375,0,0,1,4,1em8,,0,0,,0
seir,odepe_v2_nopolish,1e-08,seir_5_1em8,1,1,1346.5927741527557,7,0,9.308176634450167e-06,2.2461756315334522e-05,6.43243798249615e-05,3.2222263233218416e-05,1,1,1,5,1em8,,0,0,,0
seir,odepe_v2_nopolish,1e-08,seir_6_1em8,1,1,1271.952821969986,7,0,0.005203645535249328,0.0098879936761766,0.0318863114338186,0.014526106785804151,0,1,1,6,1em8,,0,0,,0
seir,odepe_v2_nopolish,1e-08,seir_7_1em8,1,1,1154.3010988235474,7,0,2.2003712567516225e-05,5.332056262310125e-05,0.00018778861968065486,8.437745290510935e-05,1,1,1,7,1em8,,0,0,,0
seir,odepe_v2_nopolish,1e-08,seir_8_1em8,1,1,1269.2769150733948,7,0,0.017396414760201012,0.01273600791454623,0.032666315534931996,0.017008813162129086,0,1,1,8,1em8,,0,0,,0
seir,odepe_v2_nopolish,1e-08,seir_9_1em8,1,1,2713.0649180412292,7,0,4.674363879030705e-05,8.494583210180617e-05,0.00020097978507540234,0.00011483703494103705,1,1,1,9,1em8,,0,0,,0
slow_fast,odepe_v2_nopolish,1e-08,slow_fast_0_1em8,1,1,776.8600978851318,8,0,1.0360131626854347e-07,2.587068696742575e-07,1.2440513529960136e-06,4.6958069644877456e-07,1,1,1,0,1em8,,0,0,,0
slow_fast,odepe_v2_nopolish,1e-08,slow_fast_1_1em8,1,1,868.1243810653687,8,0,1.6413019106058793e-07,1.7770766403254218e-07,5.522718810805417e-07,2.5421539147533696e-07,1,1,1,1,1em8,,0,0,,0
slow_fast,odepe_v2_nopolish,1e-08,slow_fast_2_1em8,1,1,949.6050770282745,8,0,9.465134078260164e-07,1.0640167813301979e-06,3.610201876688037e-06,1.5180873844057109e-06,1,1,1,2,1em8,,0,0,,0
slow_fast,odepe_v2_nopolish,1e-08,slow_fast_3_1em8,1,1,864.0178978443146,8,0,2.6866849359968215e-06,4.896905293584304e-06,1.684392461737737e-05,7.434557333941423e-06,1,1,1,3,1em8,,0,0,,0
slow_fast,odepe_v2_nopolish,1e-08,slow_fast_4_1em8,1,1,978.9807560443878,8,0,5.684971235552894e-07,8.202425093169055e-07,1.9419627703211107e-06,1.0876123477695633e-06,1,1,1,4,1em8,,0,0,,0
slow_fast,odepe_v2_nopolish,1e-08,slow_fast_5_1em8,1,1,955.1467719078064,8,0,5.5833564569455395e-08,9.771773695031507e-08,3.4317382204296883e-07,1.521192454897995e-07,1,1,1,5,1em8,,0,0,,0
slow_fast,odepe_v2_nopolish,1e-08,slow_fast_6_1em8,1,1,925.4974648952484,8,0,6.150089138024996e-07,1.404793811723778e-06,5.57447814524633e-06,2.3405717278816932e-06,1,1,1,6,1em8,,0,0,,0
slow_fast,odepe_v2_nopolish,1e-08,slow_fast_7_1em8,1,1,986.8160119056702,8,0,2.0291131425573343e-06,2.397347059953064e-06,5.97544208120431e-06,3.3956617065638276e-06,1,1,1,7,1em8,,0,0,,0
slow_fast,odepe_v2_nopolish,1e-08,slow_fast_8_1em8,1,1,935.801372051239,8,0,7.35252965851561e-07,1.1509849653676335e-06,4.490945862559486e-06,1.83680225194689e-06,1,1,1,8,1em8,,0,0,,0
slow_fast,odepe_v2_nopolish,1e-08,slow_fast_9_1em8,1,1,976.5842289924622,8,0,1.8158565235856307e-05,1.8942426524626242e-05,3.9174016051508336e-05,2.6546937651122025e-05,1,1,1,9,1em8,,0,0,,0
sirt_treatment,odepe_v2_nopolish,1e-08,sirt_treatment_0_1em8,1,1,2047.4643540382385,9,0,9.751543608707648e-06,5.9923732879391115e-05,0.0003422927795825763,0.00011950311658800913,1,1,1,0,1em8,,0,0,,0
sirt_treatment,odepe_v2_nopolish,1e-08,sirt_treatment_1_1em8,1,1,1941.468134880066,9,0,3.0565940584253523e-06,1.6896780909475643e-05,7.948853303363368e-05,3.2571982701211424e-05,1,1,1,1,1em8,,0,0,,0
sirt_treatment,odepe_v2_nopolish,1e-08,sirt_treatment_2_1em8,1,1,1931.0768220424652,9,0,1.1113021352088187e-06,2.6100846543854426e-06,1.1190610382685911e-05,4.277562902453488e-06,1,1,1,2,1em8,,0,0,,0
sirt_treatment,odepe_v2_nopolish,1e-08,sirt_treatment_3_1em8,1,1,1831.923495054245,9,0,5.877727345141076e-07,4.006134964160462e-06,2.4845858691860652e-05,8.555698410156478e-06,1,1,1,3,1em8,,0,0,,0
sirt_treatment,odepe_v2_nopolish,1e-08,sirt_treatment_4_1em8,1,1,2226.3841409683228,9,0,9.645521805106145e-06,1.543020237264874e-05,5.070457171072462e-05,2.342577736488565e-05,1,1,1,4,1em8,,0,0,,0
sirt_treatment,odepe_v2_nopolish,1e-08,sirt_treatment_5_1em8,1,1,2550.2419168949127,9,0,3.06157380855295e-07,1.0443288765719525e-05,3.224982468874593e-05,1.6120536804931962e-05,1,1,1,5,1em8,,0,0,,0
sirt_treatment,odepe_v2_nopolish,1e-08,sirt_treatment_6_1em8,1,1,1728.1345598697662,9,0,1.564202400236124e-05,1.1579947590215205e-05,2.4517189010695054e-05,1.4410246402673548e-05,1,1,1,6,1em8,,0,0,,0
sirt_treatment,odepe_v2_nopolish,1e-08,sirt_treatment_7_1em8,1,1,2074.4584498405457,9,0,2.203808046832958e-07,4.980768851053892e-07,1.675026074277717e-06,7.399927031375445e-07,1,1,1,7,1em8,,0,0,,0
sirt_treatment,odepe_v2_nopolish,1e-08,sirt_treatment_8_1em8,1,1,1773.3042318820953,9,0,2.2679251762339003e-06,4.062459466542131e-06,1.3379379795556141e-05,6.126821895577519e-06,1,1,1,8,1em8,,0,0,,0
sirt_treatment,odepe_v2_nopolish,1e-08,sirt_treatment_9_1em8,1,1,1932.424033164978,9,0,2.2066037944407123e-06,2.945467503737969e-06,7.845368138861807e-06,3.811857604673877e-06,1,1,1,9,1em8,,0,0,,0
vanderpol,odepe_v2_nopolish,1e-08,vanderpol_0_1em8,1,1,387.39343786239624,4,0,4.268842975344456e-08,4.1421628174698975e-07,1.564927226907273e-06,7.83052680780512e-07,1,1,1,0,1em8,,0,0,,0
vanderpol,odepe_v2_nopolish,1e-08,vanderpol_1_1em8,1,1,519.7187151908875,4,0,7.933058128813573e-08,8.696669597800182e-08,1.8717149130286405e-07,1.1022034074138162e-07,1,1,1,1,1em8,,0,0,,0
vanderpol,odepe_v2_nopolish,1e-08,vanderpol_2_1em8,1,1,573.4973859786987,4,0,2.284314903789126e-08,2.7070087406112982e-08,5.8568963418878477e-08,3.430014785297992e-08,1,1,1,2,1em8,,0,0,,0
vanderpol,odepe_v2_nopolish,1e-08,vanderpol_3_1em8,1,1,457.31059217453003,4,0,7.801872033452379e-08,1.4095622194201953e-07,3.6957472504819515e-07,1.94018164350159e-07,1,1,1,3,1em8,,0,0,,0
vanderpol,odepe_v2_nopolish,1e-08,vanderpol_4_1em8,1,1,456.89744305610657,4,0,4.218069654502914e-09,5.883339969898919e-09,1.4368691004777564e-08,7.855727151733052e-09,1,1,1,4,1em8,,0,0,,0
vanderpol,odepe_v2_nopolish,1e-08,vanderpol_5_1em8,1,1,468.1248080730438,4,0,1.3725344273515634e-06,1.740546906718981e-06,4.214165052576434e-06,2.399893430591268e-06,1,1,1,5,1em8,,0,0,,0
vanderpol,odepe_v2_nopolish,1e-08,vanderpol_6_1em8,1,1,446.8934500217438,4,0,1.1732961692143714e-08,2.0200733616449678e-07,7.767991444651714e-07,3.8850986425850203e-07,1,1,1,6,1em8,,0,0,,0
vanderpol,odepe_v2_nopolish,1e-08,vanderpol_7_1em8,1,1,558.7597990036011,4,0,4.1812182125446845e-10,2.4101670842384482e-09,8.641151723311907e-09,4.331784846778253e-09,1,1,1,7,1em8,,0,0,,0
vanderpol,odepe_v2_nopolish,1e-08,vanderpol_8_1em8,1,1,658.455845117569,4,0,1.6693752602700666e-08,8.60625470966103e-08,3.047111219550053e-07,1.5286395035730914e-07,1,1,1,8,1em8,,0,0,,0
vanderpol,odepe_v2_nopolish,1e-08,vanderpol_9_1em8,1,1,419.8566861152649,4,0,2.9531587530039112e-08,2.7913097668008247e-06,1.110598065955778e-05,5.5530345905013464e-06,1,1,1,9,1em8,,0,0,,0
aircraft_pitch,odepe_v2_nopolish,1e-06,aircraft_pitch_0_1em6,1,1,335.12465500831604,6,1,5.559030329785199e-05,8.553779443729312e-05,0.000202403941196328,0.00012015372545231484,1,1,1,0,1em6,,0,0,,0
aircraft_pitch,odepe_v2_nopolish,1e-06,aircraft_pitch_1_1em6,1,1,407.59533500671387,6,1,1.4124516434909559e-05,6.25476635104877e-05,0.0001745010741538367,9.687476453553111e-05,1,1,1,1,1em6,,0,0,,0
aircraft_pitch,odepe_v2_nopolish,1e-06,aircraft_pitch_2_1em6,1,1,464.4084620475769,6,1,5.1562805138490396e-05,0.0002937877158412392,0.0011386862115963807,0.0005031567470830974,1,1,1,2,1em6,,0,0,,0
aircraft_pitch,odepe_v2_nopolish,1e-06,aircraft_pitch_3_1em6,1,1,528.9402339458466,6,1,6.430858271684229e-07,5.971216061842751e-07,9.872610858393449e-07,6.678148226196382e-07,1,1,1,3,1em6,,0,0,,0
aircraft_pitch,odepe_v2_nopolish,1e-06,aircraft_pitch_4_1em6,1,1,417.56014585494995,6,1,0.00010525774108714895,0.00022551636610894396,0.0008209623533392279,0.00035470679289129005,1,1,1,4,1em6,,0,0,,0
aircraft_pitch,odepe_v2_nopolish,1e-06,aircraft_pitch_5_1em6,1,1,481.85866808891296,6,1,0.0015247578213510864,0.0170261000122068,0.08528534708229929,0.03518594826138527,0,1,1,5,1em6,,0,0,,0
aircraft_pitch,odepe_v2_nopolish,1e-06,aircraft_pitch_6_1em6,1,1,475.8009560108185,6,1,4.5171928132009147e-05,0.0004357929758211497,0.0022384129193816433,0.0009192793233359956,1,1,1,6,1em6,,0,0,,0
aircraft_pitch,odepe_v2_nopolish,1e-06,aircraft_pitch_7_1em6,1,1,648.8581349849701,6,1,0.00020136164886665686,0.0007787850235534488,0.0021044870754378516,0.0012005577911735799,1,1,1,7,1em6,,0,0,,0
aircraft_pitch,odepe_v2_nopolish,1e-06,aircraft_pitch_8_1em6,1,1,594.3374140262604,6,1,8.458761771442535e-05,0.0003924657311815145,0.002025370857727331,0.0008301864352579291,1,1,1,8,1em6,,0,0,,0
aircraft_pitch,odepe_v2_nopolish,1e-06,aircraft_pitch_9_1em6,1,1,378.53356194496155,6,1,1.4707251675819025e-05,5.092976992720525e-05,0.00022926640609585773,9.516654468993967e-05,1,1,1,9,1em6,,0,0,,0
bicycle_model,odepe_v2_nopolish,1e-06,bicycle_model_0_1em6,1,1,425.84011912345886,5,0,1.2005945861370826e-05,1.796174771635533e-05,4.406313352216682e-05,2.238080026223087e-05,1,1,1,0,1em6,,0,0,,0
bicycle_model,odepe_v2_nopolish,1e-06,bicycle_model_1_1em6,1,1,641.0489618778229,5,0,2.0155273487449957e-06,1.9167108943141494e-06,3.459493423017555e-06,2.137858468868295e-06,1,1,1,1,1em6,,0,0,,0
bicycle_model,odepe_v2_nopolish,1e-06,bicycle_model_2_1em6,1,1,579.9001681804657,5,0,1.5004985752463543e-06,2.263041841123498e-06,5.104035286702175e-06,2.9150814822600266e-06,1,1,1,2,1em6,,0,0,,0
bicycle_model,odepe_v2_nopolish,1e-06,bicycle_model_3_1em6,1,1,654.5843088626862,5,0,3.5494027747283396e-05,3.271514440133659e-05,4.056558027582773e-05,3.366918735358768e-05,1,1,1,3,1em6,,0,0,,0
bicycle_model,odepe_v2_nopolish,1e-06,bicycle_model_4_1em6,1,1,619.6519999504089,5,0,7.268466098057407e-06,6.102824886388831e-06,1.1139216149745278e-05,7.029488414370492e-06,1,1,1,4,1em6,,0,0,,0
bicycle_model,odepe_v2_nopolish,1e-06,bicycle_model_5_1em6,1,1,516.7691760063171,5,0,6.353355591626198e-06,8.496688458845588e-06,1.6117461590349986e-05,9.945863860544049e-06,1,1,1,5,1em6,,0,0,,0
bicycle_model,odepe_v2_nopolish,1e-06,bicycle_model_6_1em6,1,1,674.3587508201599,5,0,2.282849473255136e-05,2.57755328092746e-05,4.128512561089954e-05,2.735021676072526e-05,1,1,1,6,1em6,,0,0,,0
bicycle_model,odepe_v2_nopolish,1e-06,bicycle_model_7_1em6,1,1,571.9405591487885,5,0,0.0009053657950649851,0.0009637399772525759,0.0018223773343460053,0.0010896326151163508,1,1,1,7,1em6,,0,0,,0
bicycle_model,odepe_v2_nopolish,1e-06,bicycle_model_8_1em6,1,1,515.4726440906525,5,0,1.6522105457372448e-05,1.6165427220993037e-05,2.0062067552710444e-05,1.650965058421593e-05,1,1,1,8,1em6,,0,0,,0
bicycle_model,odepe_v2_nopolish,1e-06,bicycle_model_9_1em6,1,1,594.8411691188812,5,0,6.625262654454064e-06,8.337686499835889e-06,1.760671358125452e-05,9.861294627370504e-06,1,1,1,9,1em6,,0,0,,0
biohydrogenation,odepe_v2_nopolish,1e-06,biohydrogenation_0_1em6,1,1,2502.3299322128296,9,1,0.0010341382799087103,0.054180366320313346,0.2931894885889026,0.10595180287240755,0,0,1,0,1em6,,0,0,,0
biohydrogenation,odepe_v2_nopolish,1e-06,biohydrogenation_1_1em6,1,1,3503.402753829956,9,1,0.006171712107736145,0.14433516169770416,0.7181012308411991,0.2738023519858414,0,0,0,1,1em6,,0,0,,0
biohydrogenation,odepe_v2_nopolish,1e-06,biohydrogenation_2_1em6,1,1,6439.226948976517,9,1,0.0005598466032119818,0.016004877744592447,0.10718900481260386,0.036573454320808906,0,0,1,2,1em6,,0,0,,0
biohydrogenation,odepe_v2_nopolish,1e-06,biohydrogenation_3_1em6,1,1,2418.9212889671326,9,1,0.00974764503759622,0.01693521626792981,0.05861654142700195,0.02764352521272962,0,1,1,3,1em6,,0,0,,0
biohydrogenation,odepe_v2_nopolish,1e-06,biohydrogenation_4_1em6,1,1,6453.248984098434,9,1,0.0007307446250039614,0.00399283174868582,0.01573328947479705,0.006659909792179903,0,1,1,4,1em6,,0,0,,0
biohydrogenation,odepe_v2_nopolish,1e-06,biohydrogenation_5_1em6,1,1,2919.1606118679047,9,1,0.025255741127997805,0.044969706229783815,0.14150182261833766,0.0675762222751887,0,0,1,5,1em6,,0,0,,0
biohydrogenation,odepe_v2_nopolish,1e-06,biohydrogenation_6_1em6,1,1,6398.244593858719,9,1,0.0075261848894616476,0.14707316326483444,0.7086303856882342,0.2741248450297712,0,0,0,6,1em6,,0,0,,0
biohydrogenation,odepe_v2_nopolish,1e-06,biohydrogenation_7_1em6,1,1,2787.348714828491,9,1,0.0007100381044775248,0.001612878614436847,0.008123531546614564,0.0029496558837322513,1,1,1,7,1em6,,0,0,,0
biohydrogenation,odepe_v2_nopolish,1e-06,biohydrogenation_8_1em6,1,1,1879.3635590076447,9,1,0.01503252599432923,0.08046038535912142,0.28964474561896403,0.13713075002543837,0,0,1,8,1em6,,0,0,,0
biohydrogenation,odepe_v2_nopolish,1e-06,biohydrogenation_9_1em6,1,1,7855.818382024765,9,1,0.005721108047405084,0.06307118744804938,0.35885925581699624,0.127785876582054,0,0,1,9,1em6,,0,0,,0
boost_converter,odepe_v2_nopolish,1e-06,boost_converter_0_1em6,1,1,687.1258099079132,5,0,4.501645596823291e-06,1.1781189505227203e-05,4.4682850922797044e-05,2.0395674913378972e-05,1,1,1,0,1em6,,0,0,,0
boost_converter,odepe_v2_nopolish,1e-06,boost_converter_1_1em6,1,1,773.256236076355,5,0,1.636995275475366e-05,1.3749966012004702e-05,2.4332204183483828e-05,1.5818339482601088e-05,1,1,1,1,1em6,,0,0,,0
boost_converter,odepe_v2_nopolish,1e-06,boost_converter_2_1em6,1,1,720.6424160003662,5,0,2.9616148560082177e-06,3.936769933857684e-06,7.583959650706738e-06,4.967173499531234e-06,1,1,1,2,1em6,,0,0,,0
boost_converter,odepe_v2_nopolish,1e-06,boost_converter_3_1em6,1,1,699.628005027771,5,0,4.974763655287371e-06,6.648675212712551e-06,1.3727013312106669e-05,8.12456673186398e-06,1,1,1,3,1em6,,0,0,,0
boost_converter,odepe_v2_nopolish,1e-06,boost_converter_4_1em6,1,1,813.8430049419403,5,0,2.4885301706928907e-06,7.560114014250647e-06,2.618649711127649e-05,1.206367694725209e-05,1,1,1,4,1em6,,0,0,,0
boost_converter,odepe_v2_nopolish,1e-06,boost_converter_5_1em6,1,1,677.99085521698,5,0,2.663258188015e-05,5.412019091023298e-05,0.00016241919668576313,7.744712678963557e-05,1,1,1,5,1em6,,0,0,,0
boost_converter,odepe_v2_nopolish,1e-06,boost_converter_6_1em6,1,1,800.8749330043793,5,0,0.2872560411486124,1.3999920171839013,4.561765941060782,2.199086407943321,0,0,0,6,1em6,,0,0,,0
boost_converter,odepe_v2_nopolish,1e-06,boost_converter_7_1em6,1,1,1100.055303812027,5,0,5.3919585995279765e-06,8.537059560440274e-06,1.882636364343108e-05,1.1188482157155712e-05,1,1,1,7,1em6,,0,0,,0
boost_converter,odepe_v2_nopolish,1e-06,boost_converter_8_1em6,1,1,804.1778779029846,5,0,5.3068194170245625e-06,7.477408577163956e-06,1.941736927917256e-05,9.668034921772583e-06,1,1,1,8,1em6,,0,0,,0
boost_converter,odepe_v2_nopolish,1e-06,boost_converter_9_1em6,1,1,849.6911509037018,5,0,0.0909851898334227,0.08716698766091376,0.19950740813649054,0.11572503138276234,0,0,1,9,1em6,,0,0,,0
brusselator,odepe_v2_nopolish,1e-06,brusselator_0_1em6,1,1,578.1789298057556,4,0,8.125755131713595e-07,6.239332802263626e-06,2.3239634355551627e-05,1.1644469027915597e-05,1,1,1,0,1em6,,0,0,,0
brusselator,odepe_v2_nopolish,1e-06,brusselator_1_1em6,1,1,611.9656450748444,4,0,1.7445121806983607e-07,2.5169616668592966e-06,9.71448776230087e-06,4.859034542486481e-06,1,1,1,1,1em6,,0,0,,0
brusselator,odepe_v2_nopolish,1e-06,brusselator_2_1em6,1,1,742.7964520454407,4,0,4.391678901935067e-06,6.677118590862374e-05,0.0002582298018795166,0.00012915554972932762,1,1,1,2,1em6,,0,0,,0
brusselator,odepe_v2_nopolish,1e-06,brusselator_3_1em6,1,1,607.707622051239,4,0,1.2803498494644947e-05,1.4830652390217032e-05,3.0657659721581985e-05,1.8211374733517958e-05,1,1,1,3,1em6,,0,0,,0
brusselator,odepe_v2_nopolish,1e-06,brusselator_4_1em6,1,1,671.0319209098816,4,0,1.174396853001431e-06,4.372249403113856e-06,1.4449915643270769e-05,7.286646562505376e-06,1,1,1,4,1em6,,0,0,,0
brusselator,odepe_v2_nopolish,1e-06,brusselator_5_1em6,0,0,393.93446707725525,4,0,,,,,0,0,0,5,1em6,,0,0,,0
brusselator,odepe_v2_nopolish,1e-06,brusselator_6_1em6,1,1,655.6895380020142,4,0,5.45403627794964,5818.542604551506,23262.415293834085,11631.208635195426,0,0,0,6,1em6,,0,0,,0
brusselator,odepe_v2_nopolish,1e-06,brusselator_7_1em6,1,1,578.6861238479614,4,0,0.021932620944117083,0.021308476699643968,0.035427753590051625,0.02373805145078096,0,1,1,7,1em6,,0,0,,0
brusselator,odepe_v2_nopolish,1e-06,brusselator_8_1em6,0,0,625.4614379405975,4,0,,,,,0,0,0,8,1em6,,0,0,,0
brusselator,odepe_v2_nopolish,1e-06,brusselator_9_1em6,1,1,632.7537748813629,4,0,9.733454263141612e-07,8.764487177739132e-06,3.303708935891592e-05,1.654075445820145e-05,1,1,1,9,1em6,,0,0,,0
crauste,odepe_v2_nopolish,1e-06,crauste_0_1em6,1,1,5563.569949865341,17,0,0.19093141426017765,8.32299729879558,42.46310272168485,16.24169682969852,0,0,0,0,1em6,,0,0,,0
crauste,odepe_v2_nopolish,1e-06,crauste_1_1em6,1,1,9057.682250976562,17,0,0.01706595707658887,7.198133739787932,116.56840809124262,28.28278586784502,0,0,0,1,1em6,,0,0,,1
crauste,odepe_v2_nopolish,1e-06,crauste_2_1em6,1,1,5428.072933912277,17,0,0.016390633195623675,2.329791689402826,16.810226353340788,5.360267258959418,0,0,0,2,1em6,,0,0,,0
crauste,odepe_v2_nopolish,1e-06,crauste_3_1em6,1,1,8619.019215106964,17,0,0.011880020985403193,0.17653353879707043,0.8973484426447521,0.3357164238322148,0,0,0,3,1em6,,0,0,,1
crauste,odepe_v2_nopolish,1e-06,crauste_4_1em6,1,1,9988.759819984436,17,0,0.003021716076797641,1.0491081642793516,10.760076015103854,2.8542282052963803,0,0,0,4,1em6,,0,0,,0
crauste,odepe_v2_nopolish,1e-06,crauste_5_1em6,1,1,5573.81528711319,17,0,0.1905726526518363,5.686582475385817,50.799956493217934,13.551721940923665,0,0,0,5,1em6,,0,0,,4
crauste,odepe_v2_nopolish,1e-06,crauste_6_1em6,1,1,5766.060862064362,17,0,0.00192324049940853,0.2615610027753514,3.0444340795211446,0.8000953298836823,0,0,0,6,1em6,,0,0,,0
crauste,odepe_v2_nopolish,1e-06,crauste_7_1em6,1,1,4835.7747440338135,17,0,0.0814128140933316,1.7684674676925607,9.361210125705126,3.6576491094311834,0,0,0,7,1em6,,0,0,,1
crauste,odepe_v2_nopolish,1e-06,crauste_8_1em6,1,1,12910.835904121399,17,0,0.018240299596248864,0.5239001605714894,5.0940953831821005,1.3305355970931685,0,0,0,8,1em6,,0,0,,0
crauste,odepe_v2_nopolish,1e-06,crauste_9_1em6,1,1,9239.099107027054,17,0,0.013416728698007979,0.7443364368595284,8.133144888313582,2.057911576121118,0,0,0,9,1em6,,0,0,,1
cstr,odepe_v2_nopolish,1e-06,cstr_0_1em6,1,1,4232.746866941452,7,0,0.08033722878470284,0.13588014586743,0.5313607717867679,0.21835154269941925,0,0,0,0,1em6,,0,0,,0
cstr,odepe_v2_nopolish,1e-06,cstr_1_1em6,1,1,6661.801605939865,7,0,0.7274516332313352,0.6065488892860676,1.0034477525764263,0.7181262552489143,0,0,0,1,1em6,,0,0,,0
cstr,odepe_v2_nopolish,1e-06,cstr_2_1em6,1,1,6661.504926919937,7,0,0.003955222967206342,0.010063804988780845,0.035948132173409475,0.016140275162997975,0,1,1,2,1em6,,0,0,,0
cstr,odepe_v2_nopolish,1e-06,cstr_3_1em6,1,1,5914.3655750751495,7,0,0.43840417703046736,0.5200055631041778,1.2507199965169142,0.6945133121249961,0,0,0,3,1em6,,0,0,,0
cstr,odepe_v2_nopolish,1e-06,cstr_4_1em6,1,1,5067.365532159805,7,0,0.49960493891967206,0.5017929643022252,0.9999999999940754,0.6237953086205397,0,0,0,4,1em6,,0,0,,0
cstr,odepe_v2_nopolish,1e-06,cstr_5_1em6,1,1,5208.4333300590515,7,0,0.02667147201571429,0.3596878047603206,1.0000000000000064,0.5505796758307315,0,0,0,5,1em6,,0,0,,0
cstr,odepe_v2_nopolish,1e-06,cstr_6_1em6,1,1,5821.372519016266,7,0,0.08915043126442602,0.15795064238013995,0.40177370542552643,0.21937581208566073,0,0,1,6,1em6,,0,0,,0
cstr,odepe_v2_nopolish,1e-06,cstr_7_1em6,1,1,5629.795629024506,7,0,0.2579126325389736,0.3755914716166682,0.9999831415349311,0.5458379796632541,0,0,0,7,1em6,,0,0,,0
cstr,odepe_v2_nopolish,1e-06,cstr_8_1em6,1,1,6574.558827877045,7,0,0.6644567202206517,0.6283531664980692,1.104942642143384,0.7283359471042392,0,0,0,8,1em6,,0,0,,0
cstr,odepe_v2_nopolish,1e-06,cstr_9_1em6,1,1,5478.05734205246,7,0,0.630655633469727,0.5661577000099798,1.0083961845788878,0.6860425101431402,0,0,0,9,1em6,,0,0,,0
daisy_mamil3,odepe_v2_nopolish,1e-06,daisy_mamil3_0_1em6,1,1,837.9209780693054,8,0,0.00022535221226500305,0.0003192240805715745,0.0008400044191368375,0.0004329182682006471,1,1,1,0,1em6,,0,0,,0
daisy_mamil3,odepe_v2_nopolish,1e-06,daisy_mamil3_1_1em6,1,1,1117.2592270374298,8,0,7.802040805401134e-06,1.94895562002185e-05,5.2034353315022486e-05,2.856722362860469e-05,1,1,1,1,1em6,,0,0,,0
daisy_mamil3,odepe_v2_nopolish,1e-06,daisy_mamil3_2_1em6,1,1,716.5545449256897,8,0,9.83895648046249e-05,0.00010719077045128237,0.00031775183944048567,0.00014973406477623524,1,1,1,2,1em6,,0,0,,0
daisy_mamil3,odepe_v2_nopolish,1e-06,daisy_mamil3_3_1em6,1,1,757.7284090518951,8,0,0.00010380286567172134,0.00011352035030765025,0.00021713068848556508,0.00014064675921000698,1,1,1,3,1em6,,0,0,,0
daisy_mamil3,odepe_v2_nopolish,1e-06,daisy_mamil3_4_1em6,1,1,1470.8594720363617,8,0,8.866128583237658e-05,0.0001749300487686714,0.0004618414470167775,0.00025352451968391567,1,1,1,4,1em6,,0,0,,0
daisy_mamil3,odepe_v2_nopolish,1e-06,daisy_mamil3_5_1em6,1,1,693.0845119953156,8,0,0.00031430025561289196,0.0005547413609834117,0.001319771240203866,0.0007987453650985526,1,1,1,5,1em6,,0,0,,0
daisy_mamil3,odepe_v2_nopolish,1e-06,daisy_mamil3_6_1em6,1,1,993.6102199554443,8,0,2.275076276593175e-05,0.00010552278183899397,0.00032852506816393416,0.00017005765939631843,1,1,1,6,1em6,,0,0,,0
daisy_mamil3,odepe_v2_nopolish,1e-06,daisy_mamil3_7_1em6,1,1,823.9693567752838,8,0,4.79799286650458e-05,0.00015785632709783753,0.000641884983393451,0.00027186100054004504,1,1,1,7,1em6,,0,0,,0
daisy_mamil3,odepe_v2_nopolish,1e-06,daisy_mamil3_8_1em6,1,1,1268.259873867035,8,0,4.7148513432814686e-05,4.413288738192409e-05,9.297426483201905e-05,5.182481377191034e-05,1,1,1,8,1em6,,0,0,,0
daisy_mamil3,odepe_v2_nopolish,1e-06,daisy_mamil3_9_1em6,1,1,1036.358675956726,8,0,0.00021515524959905269,0.0002676664531704106,0.0007289156420016267,0.000368471965017366,1,1,1,9,1em6,,0,0,,0
daisy_mamil4,odepe_v2_nopolish,1e-06,daisy_mamil4_0_1em6,1,1,3066.153445005417,11,0,0.0001843887117179951,0.0013247561827206247,0.00664954424156725,0.0023051642544214142,1,1,1,0,1em6,,0,0,,0
daisy_mamil4,odepe_v2_nopolish,1e-06,daisy_mamil4_1_1em6,1,1,3606.343549013138,11,0,0.0065506053972040025,0.021685540528616154,0.06190149603003098,0.032747893004048054,0,1,1,1,1em6,,0,0,,0
daisy_mamil4,odepe_v2_nopolish,1e-06,daisy_mamil4_2_1em6,1,1,4651.002785921097,11,0,0.00016394178071194086,0.00019306905431557282,0.00039266797854405484,0.00023396587580868134,1,1,1,2,1em6,,0,0,,0
daisy_mamil4,odepe_v2_nopolish,1e-06,daisy_mamil4_3_1em6,1,1,3783.129998922348,11,0,6.777631646744927e-05,0.0010356128057994588,0.004645372617646009,0.0018170196900604027,1,1,1,3,1em6,,0,0,,0
daisy_mamil4,odepe_v2_nopolish,1e-06,daisy_mamil4_4_1em6,1,1,5131.409322977066,11,0,0.00021508373175892025,0.00039422306404059376,0.0012910600612398334,0.0006013908061232792,1,1,1,4,1em6,,0,0,,0
daisy_mamil4,odepe_v2_nopolish,1e-06,daisy_mamil4_5_1em6,1,1,4856.134506940842,11,0,0.005259973258060474,0.009575670251860353,0.04110397351891608,0.01603108090220293,0,1,1,5,1em6,,0,0,,0
daisy_mamil4,odepe_v2_nopolish,1e-06,daisy_mamil4_6_1em6,1,1,5308.401609182358,11,0,0.0036676408401573202,0.002846650129863336,0.008649809781904638,0.004048540091572281,1,1,1,6,1em6,,0,0,,0
daisy_mamil4,odepe_v2_nopolish,1e-06,daisy_mamil4_7_1em6,1,1,5424.715682983398,11,0,0.0005977283037728701,0.0010986941935649185,0.003559181232614888,0.0017012188458092646,1,1,1,7,1em6,,0,0,,0
daisy_mamil4,odepe_v2_nopolish,1e-06,daisy_mamil4_8_1em6,1,1,6444.1167068481445,11,0,0.002254141909240547,0.08548487043791599,0.3683713700121083,0.1556810453991278,0,0,1,8,1em6,,0,0,,0
daisy_mamil4,odepe_v2_nopolish,1e-06,daisy_mamil4_9_1em6,1,1,3944.8670852184296,11,0,0.0006164028762142771,0.0007854829702520393,0.0020739121963819773,0.0010140445354965772,1,1,1,9,1em6,,0,0,,0
dc_motor,odepe_v2_nopolish,1e-06,dc_motor_0_1em6,1,1,421.30816411972046,4,0,6.582883468200666e-06,1.0685272244940753e-05,2.954854806853852e-05,1.5497726813587448e-05,1,1,1,0,1em6,,0,0,,0
dc_motor,odepe_v2_nopolish,1e-06,dc_motor_1_1em6,1,1,424.4552011489868,4,0,3.745419341639538e-06,4.56238196825361e-06,1.050545854232951e-05,5.986761039932483e-06,1,1,1,1,1em6,,0,0,,0
dc_motor,odepe_v2_nopolish,1e-06,dc_motor_2_1em6,1,1,457.01783299446106,4,0,4.994446977403154e-05,7.611671090446969e-05,0.00016774287929132258,9.292775509716287e-05,1,1,1,2,1em6,,0,0,,0
dc_motor,odepe_v2_nopolish,1e-06,dc_motor_3_1em6,1,1,383.98214197158813,4,0,2.6352440404390102e-05,3.060507232290098e-05,6.574995261798833e-05,3.96626770405521e-05,1,1,1,3,1em6,,0,0,,0
dc_motor,odepe_v2_nopolish,1e-06,dc_motor_4_1em6,1,1,499.0804491043091,4,0,3.5370920131063026e-05,3.4480832968181886e-05,5.358722015957884e-05,3.836030593393804e-05,1,1,1,4,1em6,,0,0,,0
dc_motor,odepe_v2_nopolish,1e-06,dc_motor_5_1em6,1,1,406.59711599349976,4,0,3.5995882195492774e-05,3.716506589062153e-05,6.672216892011245e-05,4.424066356427433e-05,1,1,1,5,1em6,,0,0,,0
dc_motor,odepe_v2_nopolish,1e-06,dc_motor_6_1em6,1,1,413.37971210479736,4,0,1.1247204327864405e-05,1.2302292551277808e-05,2.1241487078573467e-05,1.379141511263721e-05,1,1,1,6,1em6,,0,0,,0
dc_motor,odepe_v2_nopolish,1e-06,dc_motor_7_1em6,1,1,439.07311487197876,4,0,4.957972573977884e-06,6.390491915314086e-06,1.5250815015409412e-05,8.65894205623489e-06,1,1,1,7,1em6,,0,0,,0
dc_motor,odepe_v2_nopolish,1e-06,dc_motor_8_1em6,1,1,465.3281419277191,4,0,7.479815119748292e-05,9.067957246425332e-05,0.00018664166162681443,0.00010963027007101542,1,1,1,8,1em6,,0,0,,0
dc_motor,odepe_v2_nopolish,1e-06,dc_motor_9_1em6,1,1,342.10382413864136,4,0,1.7121700972326687e-05,2.1058741644189147e-05,4.8369609256861064e-05,2.707349594598203e-05,1,1,1,9,1em6,,0,0,,0
fitzhugh_nagumo,odepe_v2_nopolish,1e-06,fitzhugh_nagumo_0_1em6,1,1,394.5473201274872,5,0,0.0001512185844940748,0.0028348356264515815,0.009083012935730867,0.004598950321104339,1,1,1,0,1em6,,0,0,,0
fitzhugh_nagumo,odepe_v2_nopolish,1e-06,fitzhugh_nagumo_1_1em6,1,1,383.24097299575806,5,0,8.595892023999895e-05,0.00017244653408102342,0.0005274662403678899,0.0002489298914341739,1,1,1,1,1em6,,0,0,,0
fitzhugh_nagumo,odepe_v2_nopolish,1e-06,fitzhugh_nagumo_2_1em6,1,1,391.0107228755951,5,0,0.00017139301040370724,0.0003339969799106758,0.0008804065895307065,0.0004513966989322648,1,1,1,2,1em6,,0,0,,0
fitzhugh_nagumo,odepe_v2_nopolish,1e-06,fitzhugh_nagumo_3_1em6,1,1,373.6966300010681,5,0,3.2626982203351676e-06,2.8840576009437198e-05,0.00011830939989634336,5.3694983392302713e-05,1,1,1,3,1em6,,0,0,,0
fitzhugh_nagumo,odepe_v2_nopolish,1e-06,fitzhugh_nagumo_4_1em6,1,1,395.8515830039978,5,0,0.0005389261961140609,0.000679544017215329,0.0015870894364196921,0.0009052194296464465,1,1,1,4,1em6,,0,0,,0
fitzhugh_nagumo,odepe_v2_nopolish,1e-06,fitzhugh_nagumo_5_1em6,1,1,569.232262134552,5,0,2.930516556540289e-05,0.0011001975743598286,0.003485757929947614,0.0017883652624556925,1,1,1,5,1em6,,0,0,,0
fitzhugh_nagumo,odepe_v2_nopolish,1e-06,fitzhugh_nagumo_6_1em6,1,1,450.14882493019104,5,0,1.54284801766212e-05,0.00032852120053069916,0.0009989014556553856,0.000526908088999922,1,1,1,6,1em6,,0,0,,0
fitzhugh_nagumo,odepe_v2_nopolish,1e-06,fitzhugh_nagumo_7_1em6,1,1,477.9021339416504,5,0,7.544143753137673e-05,0.0016433260720040588,0.006729738176348693,0.0030720330646435154,1,1,1,7,1em6,,0,0,,0
fitzhugh_nagumo,odepe_v2_nopolish,1e-06,fitzhugh_nagumo_8_1em6,1,1,395.41503500938416,5,0,0.00010033216453640462,0.00012008647849588315,0.00028861967948495723,0.00015245645349855076,1,1,1,8,1em6,,0,0,,0
fitzhugh_nagumo,odepe_v2_nopolish,1e-06,fitzhugh_nagumo_9_1em6,1,1,405.6177279949188,5,0,0.00022140714188424826,0.00032406474172117227,0.000899301191886725,0.0004468396977724727,1,1,1,9,1em6,,0,0,,0
flexible_arm,odepe_v2_nopolish,1e-06,flexible_arm_0_1em6,1,1,556.5932250022888,9,0,0.43543927414743566,0.6048885677496175,0.9826132375917151,0.697609192996568,0,0,0,0,1em6,,0,0,,0
flexible_arm,odepe_v2_nopolish,1e-06,flexible_arm_1_1em6,1,1,625.442234992981,9,0,0.23301717317568152,0.26259722894023274,0.5255381901955293,0.29594412303505835,0,0,0,1,1em6,,0,0,,0
flexible_arm,odepe_v2_nopolish,1e-06,flexible_arm_2_1em6,1,1,621.8026130199432,9,0,0.0021101336594358503,0.0028891979522035686,0.006479485670338052,0.003600272317889959,1,1,1,2,1em6,,0,0,,0
flexible_arm,odepe_v2_nopolish,1e-06,flexible_arm_3_1em6,1,1,857.1911299228668,9,0,0.0002452855238114755,0.0006031766627117568,0.0017881754411426963,0.0008886416871189923,1,1,1,3,1em6,,0,0,,0
flexible_arm,odepe_v2_nopolish,1e-06,flexible_arm_4_1em6,1,1,886.4676489830017,9,0,0.0005060418513324959,0.0010583581996873542,0.003267121681928732,0.0015967201482048078,1,1,1,4,1em6,,0,0,,0
flexible_arm,odepe_v2_nopolish,1e-06,flexible_arm_5_1em6,1,1,662.5406627655029,9,0,0.0004998038170787956,0.0011174634074611121,0.00520095313646206,0.0019054577560763002,1,1,1,5,1em6,,0,0,,0
flexible_arm,odepe_v2_nopolish,1e-06,flexible_arm_6_1em6,1,1,910.86687707901,9,0,0.00046181587311826575,0.001920723349391435,0.008883812362711059,0.003449880958944554,1,1,1,6,1em6,,0,0,,0
flexible_arm,odepe_v2_nopolish,1e-06,flexible_arm_7_1em6,1,1,834.5418000221252,9,0,0.0180911642858033,0.03440536009376325,0.12341615435135285,0.05000855988628998,0,0,1,7,1em6,,0,0,,0
flexible_arm,odepe_v2_nopolish,1e-06,flexible_arm_8_1em6,1,1,614.6071579456329,9,0,0.5879862333365619,0.5697013637014838,1.0574339465079914,0.6462229903978719,0,0,0,8,1em6,,0,0,,0
flexible_arm,odepe_v2_nopolish,1e-06,flexible_arm_9_1em6,1,1,699.1125178337097,9,0,0.001357960386407989,0.001174923277428783,0.002488887097997595,0.0013743051385419374,1,1,1,9,1em6,,0,0,,0
forced_lotka_volterra,odepe_v2_nopolish,1e-06,forced_lotka_volterra_0_1em6,1,1,396.57930612564087,6,0,9.559621534423024e-05,9.47576964298218e-05,0.000166610578722863,0.00010935823398399405,1,1,1,0,1em6,,0,0,,0
forced_lotka_volterra,odepe_v2_nopolish,1e-06,forced_lotka_volterra_1_1em6,1,1,494.7488069534302,6,0,0.0006025781325374562,0.0013698875203117192,0.003859183333468257,0.0020078756926421642,1,1,1,1,1em6,,0,0,,0
forced_lotka_volterra,odepe_v2_nopolish,1e-06,forced_lotka_volterra_2_1em6,1,1,723.1445031166077,6,0,6.39747481944567e-05,9.218298106003567e-05,0.00020181838169962588,0.00011830964367291894,1,1,1,2,1em6,,0,0,,0
forced_lotka_volterra,odepe_v2_nopolish,1e-06,forced_lotka_volterra_3_1em6,1,1,592.5729219913483,6,0,0.00010653243075227023,0.00043123587619316,0.0016140051568129983,0.0007189298072504554,1,1,1,3,1em6,,0,0,,0
forced_lotka_volterra,odepe_v2_nopolish,1e-06,forced_lotka_volterra_4_1em6,1,1,662.762041091919,6,0,7.994531283196711e-05,0.0003334566291286402,0.001428276183158946,0.0006003868656991697,1,1,1,4,1em6,,0,0,,0
forced_lotka_volterra,odepe_v2_nopolish,1e-06,forced_lotka_volterra_5_1em6,1,1,642.6385040283203,6,0,0.010157398563592933,0.09200553038929071,0.42149412054787494,0.17764853796883728,0,0,1,5,1em6,,0,0,,0
forced_lotka_volterra,odepe_v2_nopolish,1e-06,forced_lotka_volterra_6_1em6,1,1,467.3650941848755,6,0,0.01659172037375791,0.17927467872726935,0.6863943174883925,0.315735539018018,0,0,0,6,1em6,,0,0,,0
forced_lotka_volterra,odepe_v2_nopolish,1e-06,forced_lotka_volterra_7_1em6,1,1,800.758208990097,6,0,5.7578498526103045e-05,0.00018939977974659504,0.0009070598187282238,0.0003737330858784274,1,1,1,7,1em6,,0,0,,0
forced_lotka_volterra,odepe_v2_nopolish,1e-06,forced_lotka_volterra_8_1em6,1,1,596.2841260433197,6,0,0.000638271455218947,0.0009090971726060634,0.0025718633403085025,0.0012766364714620398,1,1,1,8,1em6,,0,0,,0
forced_lotka_volterra,odepe_v2_nopolish,1e-06,forced_lotka_volterra_9_1em6,1,1,674.3093988895416,6,0,5.4305523020330004e-05,0.0001043638359825911,0.0002651829699789027,0.00015441677025272214,1,1,1,9,1em6,,0,0,,0
harmonic_oscillator,odepe_v2_nopolish,1e-06,harmonic_oscillator_0_1em6,1,1,259.55571603775024,4,0,3.581772976283413e-08,1.3641375725772302e-07,4.715805746588235e-07,2.3723362119463334e-07,1,1,1,0,1em6,,0,0,,0
harmonic_oscillator,odepe_v2_nopolish,1e-06,harmonic_oscillator_1_1em6,1,1,416.60895895957947,4,0,2.0788225252645843e-08,9.869294180366503e-08,3.441425560424237e-07,1.7276512379437473e-07,1,1,1,1,1em6,,0,0,,0
harmonic_oscillator,odepe_v2_nopolish,1e-06,harmonic_oscillator_2_1em6,1,1,379.9699921607971,4,0,1.0461930675608408e-08,1.4760361699959401e-08,3.2091740079717914e-08,1.811198661353094e-08,1,1,1,2,1em6,,0,0,,0
harmonic_oscillator,odepe_v2_nopolish,1e-06,harmonic_oscillator_3_1em6,1,1,370.1458270549774,4,0,4.271237080658948e-08,5.389608862757543e-08,1.2938547743950462e-07,7.276028107886452e-08,1,1,1,3,1em6,,0,0,,0
harmonic_oscillator,odepe_v2_nopolish,1e-06,harmonic_oscillator_4_1em6,1,1,340.05369091033936,4,0,4.399919745539235e-08,2.3451449634578156e-07,8.409938548650529e-07,4.218042323319209e-07,1,1,1,4,1em6,,0,0,,0
harmonic_oscillator,odepe_v2_nopolish,1e-06,harmonic_oscillator_5_1em6,1,1,327.45161390304565,4,0,4.4635203782132016e-08,5.490515793416225e-08,1.1084346642363625e-07,6.455468442450086e-08,1,1,1,5,1em6,,0,0,,0
harmonic_oscillator,odepe_v2_nopolish,1e-06,harmonic_oscillator_6_1em6,1,1,370.72486186027527,4,0,2.6463427405245347e-07,3.2101308354421676e-07,6.7225968328413e-07,3.8692517179999905e-07,1,1,1,6,1em6,,0,0,,0
harmonic_oscillator,odepe_v2_nopolish,1e-06,harmonic_oscillator_7_1em6,1,1,419.1499671936035,4,0,1.1323139367988583e-08,1.1570798225572603e-08,1.454497260610204e-08,1.1760295277488384e-08,1,1,1,7,1em6,,0,0,,0
harmonic_oscillator,odepe_v2_nopolish,1e-06,harmonic_oscillator_8_1em6,1,1,345.5311360359192,4,0,2.1812073692051194e-08,5.020386313871963e-08,1.4167248348033283e-07,7.298902588666233e-08,1,1,1,8,1em6,,0,0,,0
harmonic_oscillator,odepe_v2_nopolish,1e-06,harmonic_oscillator_9_1em6,1,1,373.00957679748535,4,0,6.48262003628246e-08,6.054569327506317e-08,9.630723314049204e-08,6.877866375761984e-08,1,1,1,9,1em6,,0,0,,0
hiv,odepe_v2_nopolish,1e-06,hiv_0_1em6,1,1,2538.865655899048,15,0,0.020462755439611534,1.4971004569449675,7.368029305823546,2.8735157070491346,0,0,0,0,1em6,,0,0,,0
hiv,odepe_v2_nopolish,1e-06,hiv_1_1em6,1,1,5616.677766084671,15,0,0.01013839170130805,1.0456621054101547,6.267958538050786,2.2480755922514373,0,0,0,1,1em6,,0,0,,0
hiv,odepe_v2_nopolish,1e-06,hiv_2_1em6,1,1,3176.5209407806396,15,0,0.007067871750208761,0.23407272101589122,3.08870235503816,0.7990427057856143,0,0,0,2,1em6,,0,0,,0
hiv,odepe_v2_nopolish,1e-06,hiv_3_1em6,1,1,4194.808261156082,15,0,0.02656094077846295,0.685171006152612,4.37351529424107,1.6045377305640567,0,0,0,3,1em6,,0,0,,0
hiv,odepe_v2_nopolish,1e-06,hiv_4_1em6,1,1,3442.2120821475983,15,0,0.040214535153241485,0.46230692495071046,2.206177905655599,0.7762766126184049,0,0,0,4,1em6,,0,0,,0
hiv,odepe_v2_nopolish,1e-06,hiv_5_1em6,1,1,2877.2428300380707,15,0,0.005129575455235778,0.16211152440439414,2.3367044582925467,0.6034162137539653,0,0,0,5,1em6,,0,0,,1
hiv,odepe_v2_nopolish,1e-06,hiv_6_1em6,1,1,3257.4390029907227,15,0,0.05029370262040094,0.30228650366014875,1.0000227571948745,0.4722008064239276,0,0,0,6,1em6,,0,0,,0
hiv,odepe_v2_nopolish,1e-06,hiv_7_1em6,1,1,2007.7115190029144,15,0,0.004396094605748395,0.21634326093631168,2.938643298593444,0.7603104494956272,0,0,0,7,1em6,,0,0,,0
hiv,odepe_v2_nopolish,1e-06,hiv_8_1em6,1,1,2044.1007750034332,15,0,0.008795544227431111,2.2183910552813724,20.420290772246922,5.776572805766764,0,0,0,8,1em6,,0,0,,2
hiv,odepe_v2_nopolish,1e-06,hiv_9_1em6,1,1,2261.3378100395203,15,0,0.025459360123810733,4.115877202400174,33.53764839427506,10.114728295578773,0,0,0,9,1em6,,0,0,,2
lotka_volterra,odepe_v2_nopolish,1e-06,lotka_volterra_0_1em6,1,1,393.6606378555298,5,0,6.460482489787301e-05,0.00013196399386139387,0.00041718339455258777,0.00019769841121610352,1,1,1,0,1em6,,0,0,,0
lotka_volterra,odepe_v2_nopolish,1e-06,lotka_volterra_1_1em6,1,1,697.3852109909058,5,0,7.77854019171139e-05,0.00014537892077581046,0.0004724884144318692,0.00022139711234393095,1,1,1,1,1em6,,0,0,,0
lotka_volterra,odepe_v2_nopolish,1e-06,lotka_volterra_2_1em6,1,1,507.88888788223267,5,0,0.0002555029188049044,0.00023526566192985388,0.0003262878299313312,0.0002512557132708476,1,1,1,2,1em6,,0,0,,0
lotka_volterra,odepe_v2_nopolish,1e-06,lotka_volterra_3_1em6,1,1,542.5425159931183,5,0,6.0044136703924876e-05,6.339908004819288e-05,0.00011421255573438082,7.601070952323297e-05,1,1,1,3,1em6,,0,0,,0
lotka_volterra,odepe_v2_nopolish,1e-06,lotka_volterra_4_1em6,1,1,470.3653600215912,5,0,5.172748749156866e-05,7.823860883248241e-05,0.00021927297436295556,0.00010678772755994994,1,1,1,4,1em6,,0,0,,0
lotka_volterra,odepe_v2_nopolish,1e-06,lotka_volterra_5_1em6,1,1,431.3981351852417,5,0,1.9896627804339474e-05,0.00010476427704843193,0.0003827990321123946,0.00017770170890989032,1,1,1,5,1em6,,0,0,,0
lotka_volterra,odepe_v2_nopolish,1e-06,lotka_volterra_6_1em6,1,1,410.5382070541382,5,0,3.683623885931119e-05,5.494075525533282e-05,0.00010879594749108813,6.683074086270408e-05,1,1,1,6,1em6,,0,0,,0
lotka_volterra,odepe_v2_nopolish,1e-06,lotka_volterra_7_1em6,1,1,506.9048099517822,5,0,8.320644543576376e-05,8.42732708719457e-05,0.00016323652976002118,9.486448180221055e-05,1,1,1,7,1em6,,0,0,,0
lotka_volterra,odepe_v2_nopolish,1e-06,lotka_volterra_8_1em6,1,1,649.8206539154053,5,0,0.00031994943471941735,0.00045486924538520955,0.0009402628309621726,0.0005297107844722185,1,1,1,8,1em6,,0,0,,0
lotka_volterra,odepe_v2_nopolish,1e-06,lotka_volterra_9_1em6,1,1,503.96472001075745,5,0,0.00011881529695443837,0.0002051805349863006,0.0005657517014000016,0.00028006678215920696,1,1,1,9,1em6,,0,0,,0
mass_spring_damper,odepe_v2_nopolish,1e-06,mass_spring_damper_0_1em6,1,1,315.13429498672485,5,0,8.131781954507961e-07,1.087583965988569e-06,2.570032815982866e-06,1.3674023461354485e-06,1,1,1,0,1em6,,0,0,,0
mass_spring_damper,odepe_v2_nopolish,1e-06,mass_spring_damper_1_1em6,1,1,387.4758298397064,5,0,7.323938064934752e-07,2.910818902926145e-06,1.050938467426348e-05,4.91405078118524e-06,1,1,1,1,1em6,,0,0,,0
mass_spring_damper,odepe_v2_nopolish,1e-06,mass_spring_damper_2_1em6,1,1,500.0129039287567,5,0,2.7102016649230906e-05,1.8667915099599852e-05,2.9276379929744768e-05,2.1838374298127587e-05,1,1,1,2,1em6,,0,0,,0
mass_spring_damper,odepe_v2_nopolish,1e-06,mass_spring_damper_3_1em6,1,1,413.68929386138916,5,0,7.181013307934996e-06,8.455060191352844e-06,1.3802056511596185e-05,8.973983866699988e-06,1,1,1,3,1em6,,0,0,,0
mass_spring_damper,odepe_v2_nopolish,1e-06,mass_spring_damper_4_1em6,1,1,433.76009011268616,5,0,5.580349492493735e-07,3.757170946100415e-06,1.7179705851046987e-05,7.695375752258342e-06,1,1,1,4,1em6,,0,0,,0
mass_spring_damper,odepe_v2_nopolish,1e-06,mass_spring_damper_5_1em6,1,1,412.7778820991516,5,0,8.166488928864731e-07,3.7541770785905735e-06,1.127151543419682e-05,5.734960919408162e-06,1,1,1,5,1em6,,0,0,,0
mass_spring_damper,odepe_v2_nopolish,1e-06,mass_spring_damper_6_1em6,1,1,398.4300899505615,5,0,8.014548161858363e-07,1.7310983513870867e-06,3.7501543064337806e-06,2.275417865936806e-06,1,1,1,6,1em6,,0,0,,0
mass_spring_damper,odepe_v2_nopolish,1e-06,mass_spring_damper_7_1em6,1,1,442.0117440223694,5,0,5.913607636139598e-06,4.77245168155266e-06,8.925247175648986e-06,5.91727774639785e-06,1,1,1,7,1em6,,0,0,,0
mass_spring_damper,odepe_v2_nopolish,1e-06,mass_spring_damper_8_1em6,1,1,340.92030811309814,5,0,4.9707968179086865e-06,5.783686228624704e-06,1.529692948531045e-05,7.644570711391704e-06,1,1,1,8,1em6,,0,0,,0
mass_spring_damper,odepe_v2_nopolish,1e-06,mass_spring_damper_9_1em6,1,1,398.6653130054474,5,0,4.757407746060958e-06,6.979430073805399e-06,1.920458054050638e-05,9.435808610093518e-06,1,1,1,9,1em6,,0,0,,0
quadrotor,odepe_v2_nopolish,1e-06,quadrotor_0_1em6,1,1,298.9232728481293,4,0,9.911262230649706e-06,8.409161074353224e-06,1.3678376812121265e-05,9.943235658806028e-06,1,1,1,0,1em6,,0,0,,0
quadrotor,odepe_v2_nopolish,1e-06,quadrotor_1_1em6,1,1,352.726380109787,4,0,8.702718337309002e-07,4.224126056988697e-06,1.4834535184948271e-05,7.44516067667873e-06,1,1,1,1,1em6,,0,0,,0
quadrotor,odepe_v2_nopolish,1e-06,quadrotor_2_1em6,1,1,429.423476934433,4,0,3.630321451218191e-05,2.9180038751861412e-05,3.8835806999508203e-05,3.2335144452886645e-05,1,1,1,2,1em6,,0,0,,0
quadrotor,odepe_v2_nopolish,1e-06,quadrotor_3_1em6,1,1,363.7367990016937,4,0,4.702126520607115e-06,7.2701523066015965e-06,1.8672389943765107e-05,1.0059293502769977e-05,1,1,1,3,1em6,,0,0,,0
quadrotor,odepe_v2_nopolish,1e-06,quadrotor_4_1em6,1,1,347.74814796447754,4,0,5.023859968308298e-06,5.807145812117096e-06,1.2740739794552871e-05,7.318278903500514e-06,1,1,1,4,1em6,,0,0,,0
quadrotor,odepe_v2_nopolish,1e-06,quadrotor_5_1em6,1,1,342.96125197410583,4,0,5.689626935453989e-06,6.217318917395522e-06,1.3307798997473975e-05,8.549651022940124e-06,1,1,1,5,1em6,,0,0,,0
quadrotor,odepe_v2_nopolish,1e-06,quadrotor_6_1em6,1,1,369.2008979320526,4,0,5.547892429105017e-06,8.416525801999576e-06,2.0382258675536553e-05,1.0996699923440403e-05,1,1,1,6,1em6,,0,0,,0
quadrotor,odepe_v2_nopolish,1e-06,quadrotor_7_1em6,1,1,430.71391582489014,4,0,5.170355385208445e-06,6.7304777025253925e-06,1.4544669229789578e-05,8.344841999714218e-06,1,1,1,7,1em6,,0,0,,0
quadrotor,odepe_v2_nopolish,1e-06,quadrotor_8_1em6,1,1,381.39054799079895,4,0,9.537392408803699e-06,1.0139034428215925e-05,2.1106049362738416e-05,1.3009802070457133e-05,1,1,1,8,1em6,,0,0,,0
quadrotor,odepe_v2_nopolish,1e-06,quadrotor_9_1em6,1,1,365.957172870636,4,0,1.4147929699151872e-05,1.396465445612993e-05,2.7560867149499942e-05,1.9183153256028557e-05,1,1,1,9,1em6,,0,0,,0
repressilator,odepe_v2_nopolish,1e-06,repressilator_0_1em6,1,1,1575.726949930191,9,0,5.687662260995989e-05,8.863042883908728e-05,0.00027676267633798746,0.00011745626189460075,1,1,1,0,1em6,,0,0,,0
repressilator,odepe_v2_nopolish,1e-06,repressilator_1_1em6,1,1,1789.7887680530548,9,0,9.140641472264113e-06,2.7904130121820893e-05,9.5105619393127e-05,4.369393547681322e-05,1,1,1,1,1em6,,0,0,,0
repressilator,odepe_v2_nopolish,1e-06,repressilator_2_1em6,1,1,1320.7157678604126,9,0,3.763838516146348e-05,3.539363250209454e-05,7.023501656030965e-05,4.183882068141579e-05,1,1,1,2,1em6,,0,0,,0
repressilator,odepe_v2_nopolish,1e-06,repressilator_3_1em6,1,1,1892.564001083374,9,0,4.664221073106549e-06,1.974161341996908e-05,0.00012011270764625784,4.1441502844104956e-05,1,1,1,3,1em6,,0,0,,0
repressilator,odepe_v2_nopolish,1e-06,repressilator_4_1em6,1,1,1642.8038330078125,9,0,5.6597164212402086e-05,5.012273126454003e-05,0.000126700596355964,6.181052686772036e-05,1,1,1,4,1em6,,0,0,,0
repressilator,odepe_v2_nopolish,1e-06,repressilator_5_1em6,1,1,1924.2033298015594,9,0,1.120244427249475e-05,1.0990929204295808e-05,2.321403879280395e-05,1.3067989066290376e-05,1,1,1,5,1em6,,0,0,,0
repressilator,odepe_v2_nopolish,1e-06,repressilator_6_1em6,1,1,1186.6460280418396,9,0,4.5888890138120045e-05,8.110218904391663e-05,0.0002656302824846189,0.00011978876534011545,1,1,1,6,1em6,,0,0,,0
repressilator,odepe_v2_nopolish,1e-06,repressilator_7_1em6,1,1,1201.9880139827728,9,0,8.779604726955941e-06,1.1785641351062138e-05,4.24201900718944e-05,1.6694281518225543e-05,1,1,1,7,1em6,,0,0,,0
repressilator,odepe_v2_nopolish,1e-06,repressilator_8_1em6,1,1,1509.3624861240387,9,0,9.988612103570477e-06,1.4908554776010752e-05,4.9827913065409734e-05,2.0357755113905183e-05,1,1,1,8,1em6,,0,0,,0
repressilator,odepe_v2_nopolish,1e-06,repressilator_9_1em6,1,1,2007.8478128910065,9,0,1.5155746031461242e-05,2.4974473208650936e-05,8.256727942192273e-05,3.4511394185896864e-05,1,1,1,9,1em6,,0,0,,0
seir,odepe_v2_nopolish,1e-06,seir_0_1em6,1,1,1648.9878969192505,7,0,0.0008668877457023766,0.0011196773711043835,0.0027404354312605523,0.0015564726192201135,1,1,1,0,1em6,,0,0,,0
seir,odepe_v2_nopolish,1e-06,seir_1_1em6,1,1,1697.524405002594,7,0,0.00219532186506031,0.0022959521956881714,0.005288393800133126,0.0030198870046320913,1,1,1,1,1em6,,0,0,,0
seir,odepe_v2_nopolish,1e-06,seir_2_1em6,1,1,1599.5603649616241,7,0,0.001701856909880444,0.0014672387811571104,0.002827345506979565,0.0019020337959495418,1,1,1,2,1em6,,0,0,,0
seir,odepe_v2_nopolish,1e-06,seir_3_1em6,1,1,2795.7110471725464,7,0,0.0016327226990137194,0.001075786437016941,0.0021406395303011213,0.0014120489169731005,1,1,1,3,1em6,,0,0,,0
seir,odepe_v2_nopolish,1e-06,seir_4_1em6,1,1,2121.192363023758,7,0,0.6826432405352624,0.6012374493774766,1.4208131112396603,0.7590273146175335,0,0,0,4,1em6,,0,0,,0
seir,odepe_v2_nopolish,1e-06,seir_5_1em6,1,1,1398.1407268047333,7,0,0.001042541053243528,0.0008379863501829198,0.0020415225860574435,0.0011218858302431286,1,1,1,5,1em6,,0,0,,0
seir,odepe_v2_nopolish,1e-06,seir_6_1em6,1,1,1306.8954389095306,7,0,0.02561521237609476,0.04241062718057613,0.13693960565326535,0.06189707462856227,0,0,1,6,1em6,,0,0,,0
seir,odepe_v2_nopolish,1e-06,seir_7_1em6,1,1,2756.2248940467834,7,0,0.003805168981999189,0.004506258022469857,0.011320187724937295,0.00584948762183476,0,1,1,7,1em6,,0,0,,0
seir,odepe_v2_nopolish,1e-06,seir_8_1em6,1,1,2347.214108943939,7,0,0.16064739128421557,0.1283842008570481,0.314738490256936,0.16955742502244314,0,0,1,8,1em6,,0,0,,0
seir,odepe_v2_nopolish,1e-06,seir_9_1em6,1,1,1524.4880771636963,7,0,0.0001247297314537428,0.0001885760581282512,0.0006360631268076894,0.00028532100224369996,1,1,1,9,1em6,,0,0,,0
slow_fast,odepe_v2_nopolish,1e-06,slow_fast_0_1em6,1,1,913.3135800361633,8,0,4.388170519932975e-06,8.33122728539822e-06,2.5934549870066346e-05,1.2180598524438843e-05,1,1,1,0,1em6,,0,0,,0
slow_fast,odepe_v2_nopolish,1e-06,slow_fast_1_1em6,1,1,904.6746108531952,8,0,7.935429367716536e-06,9.782518830542306e-06,2.9961069609347454e-05,1.3744198356872608e-05,1,1,1,1,1em6,,0,0,,0
slow_fast,odepe_v2_nopolish,1e-06,slow_fast_2_1em6,1,1,918.3713231086731,8,0,3.2124327636486124e-06,7.053133650311947e-06,2.1691868109896427e-05,1.0319771243912624e-05,1,1,1,2,1em6,,0,0,,0
slow_fast,odepe_v2_nopolish,1e-06,slow_fast_3_1em6,1,1,1042.9534060955048,8,0,7.76981772251173e-06,1.125241503326869e-05,3.6636792817178105e-05,1.627173952050363e-05,1,1,1,3,1em6,,0,0,,0
slow_fast,odepe_v2_nopolish,1e-06,slow_fast_4_1em6,1,1,1141.21559882164,8,0,1.1586759839368163e-05,1.3336581033302118e-05,2.727576321153486e-05,1.7069431652577792e-05,1,1,1,4,1em6,,0,0,,0
slow_fast,odepe_v2_nopolish,1e-06,slow_fast_5_1em6,1,1,997.8389220237732,8,0,5.891823655935577e-06,7.0928013311766e-06,2.387246647757676e-05,1.0205876088458023e-05,1,1,1,5,1em6,,0,0,,0
slow_fast,odepe_v2_nopolish,1e-06,slow_fast_6_1em6,1,1,1106.3985249996185,8,0,4.894652878854819e-06,1.0436448370402939e-05,4.0685675388272856e-05,1.6864498833768444e-05,1,1,1,6,1em6,,0,0,,0
slow_fast,odepe_v2_nopolish,1e-06,slow_fast_7_1em6,1,1,1109.903088092804,8,0,3.988218616848681e-06,4.5843492808733125e-06,1.0335064417990988e-05,6.131933193940778e-06,1,1,1,7,1em6,,0,0,,0
slow_fast,odepe_v2_nopolish,1e-06,slow_fast_8_1em6,1,1,954.796854019165,8,0,2.3248796711533642e-06,4.681998034124868e-06,1.574322678777774e-05,7.554000179968099e-06,1,1,1,8,1em6,,0,0,,0
slow_fast,odepe_v2_nopolish,1e-06,slow_fast_9_1em6,1,1,1041.3397250175476,8,0,5.7056926095914044e-05,6.118613861205951e-05,0.00013972942048079418,8.399364008881516e-05,1,1,1,9,1em6,,0,0,,0
sirt_treatment,odepe_v2_nopolish,1e-06,sirt_treatment_0_1em6,1,1,1960.0453779697418,9,0,9.251285512956239e-05,0.0006585222447803132,0.005286386030545821,0.001765199303701029,1,1,1,0,1em6,,0,0,,0
sirt_treatment,odepe_v2_nopolish,1e-06,sirt_treatment_1_1em6,1,1,1311.270651102066,9,0,5.471161064842211e-05,0.00045205608668876977,0.0033154811032264364,0.001114131147847503,1,1,1,1,1em6,,0,0,,0
sirt_treatment,odepe_v2_nopolish,1e-06,sirt_treatment_2_1em6,1,1,1346.538537979126,9,0,5.788354604741031e-06,2.636981313223742e-05,0.00010372819526859404,4.478910140519957e-05,1,1,1,2,1em6,,0,0,,0
sirt_treatment,odepe_v2_nopolish,1e-06,sirt_treatment_3_1em6,1,1,1693.4874169826508,9,0,2.97153047976123e-05,3.6799629515184614e-05,0.0001158785568530521,5.0310802857574345e-05,1,1,1,3,1em6,,0,0,,0
sirt_treatment,odepe_v2_nopolish,1e-06,sirt_treatment_4_1em6,1,1,2446.4946920871735,9,0,9.847528994211166e-05,0.0003794579113847232,0.0020311331474704903,0.0007250929917196949,1,1,1,4,1em6,,0,0,,0
sirt_treatment,odepe_v2_nopolish,1e-06,sirt_treatment_5_1em6,1,1,2352.406697034836,9,0,2.552348492668166e-05,8.913550459875526e-05,0.00020860694037361238,0.00012502035911324768,1,1,1,5,1em6,,0,0,,0
sirt_treatment,odepe_v2_nopolish,1e-06,sirt_treatment_6_1em6,1,1,1546.1025750637054,9,0,1.6421614375530092e-05,2.2475055572201494e-05,6.002314388758283e-05,3.037483497177751e-05,1,1,1,6,1em6,,0,0,,0
sirt_treatment,odepe_v2_nopolish,1e-06,sirt_treatment_7_1em6,1,1,1375.556301832199,9,0,1.7988612150909547e-05,5.419534021626349e-05,0.00019681954934310907,8.295056965992841e-05,1,1,1,7,1em6,,0,0,,0
sirt_treatment,odepe_v2_nopolish,1e-06,sirt_treatment_8_1em6,1,1,1424.1541540622711,9,0,1.4781134995950693e-05,5.7123928197699435e-05,0.00019376758692948905,9.308009031747803e-05,1,1,1,8,1em6,,0,0,,0
sirt_treatment,odepe_v2_nopolish,1e-06,sirt_treatment_9_1em6,1,1,2141.727504014969,9,0,3.263216665864525e-05,0.00012122603981389739,0.00041587663237181575,0.00018540554010881033,1,1,1,9,1em6,,0,0,,0
vanderpol,odepe_v2_nopolish,1e-06,vanderpol_0_1em6,1,1,459.25432801246643,4,0,6.67335312757993e-08,4.949773907688995e-07,1.8099553191678415e-06,9.064767279348789e-07,1,1,1,0,1em6,,0,0,,0
vanderpol,odepe_v2_nopolish,1e-06,vanderpol_1_1em6,1,1,516.5926389694214,4,0,2.7368267776844504e-07,4.302985222620696e-07,1.1396405435140595e-06,6.192671455639355e-07,1,1,1,1,1em6,,0,0,,0
vanderpol,odepe_v2_nopolish,1e-06,vanderpol_2_1em6,1,1,707.1255991458893,4,0,1.111465226477772e-07,1.8208119701800416e-07,4.818716600828797e-07,2.574335069676782e-07,1,1,1,2,1em6,,0,0,,0
vanderpol,odepe_v2_nopolish,1e-06,vanderpol_3_1em6,1,1,581.7105920314789,4,0,4.429808705831467e-07,4.948540788202547e-07,1.0807233554694487e-06,6.352749416572075e-07,1,1,1,3,1em6,,0,0,,0
vanderpol,odepe_v2_nopolish,1e-06,vanderpol_4_1em6,1,1,602.8128390312195,4,0,1.0383462469458021e-07,8.833885160936546e-08,1.4487302375502784e-07,1.0574059991444349e-07,1,1,1,4,1em6,,0,0,,0
vanderpol,odepe_v2_nopolish,1e-06,vanderpol_5_1em6,1,1,547.6245520114899,4,0,3.7046571397812824e-06,9.586774087393005e-06,3.066135961714654e-05,1.555748438029957e-05,1,1,1,5,1em6,,0,0,,0
vanderpol,odepe_v2_nopolish,1e-06,vanderpol_6_1em6,1,1,559.825501203537,4,0,4.285525057446803e-08,6.130973621222921e-08,1.5448496825877933e-07,8.688396612298059e-08,1,1,1,6,1em6,,0,0,,0
vanderpol,odepe_v2_nopolish,1e-06,vanderpol_7_1em6,1,1,564.0401601791382,4,0,7.881263626699516e-08,1.600336952568518e-07,4.628080802651285e-07,2.4102755176888854e-07,1,1,1,7,1em6,,0,0,,0
vanderpol,odepe_v2_nopolish,1e-06,vanderpol_8_1em6,1,1,659.3425140380859,4,0,2.423985556026705e-07,4.6008121866024926e-07,1.2679415173850583e-06,6.635007789085952e-07,1,1,1,8,1em6,,0,0,,0
vanderpol,odepe_v2_nopolish,1e-06,vanderpol_9_1em6,1,1,489.9535219669342,4,0,6.150655006082262e-07,3.0979305905073162e-06,1.0915270952565116e-05,5.4771946205794775e-06,1,1,1,9,1em6,,0,0,,0
aircraft_pitch,odepe_v2_nopolish,0.0001,aircraft_pitch_0_1em4,1,1,369.1088979244232,6,1,0.00035032280871863906,0.0004731527499594861,0.001361421986237207,0.0006750928023531443,1,1,1,0,1em4,,0,0,,0
aircraft_pitch,odepe_v2_nopolish,0.0001,aircraft_pitch_1_1em4,1,1,463.39394998550415,6,1,0.000994840812696677,0.0013212299645644365,0.0032313284892329626,0.0017988407482949055,1,1,1,1,1em4,,0,0,,0
aircraft_pitch,odepe_v2_nopolish,0.0001,aircraft_pitch_2_1em4,1,1,504.3471269607544,6,1,0.00016222646673416083,0.0006388422202640543,0.002234614061701604,0.0010205097864100607,1,1,1,2,1em4,,0,0,,0
aircraft_pitch,odepe_v2_nopolish,0.0001,aircraft_pitch_3_1em4,1,1,511.8180911540985,6,1,0.0007144978363220376,0.001331209451354352,0.004717169572001475,0.0020229046826616757,1,1,1,3,1em4,,0,0,,0
aircraft_pitch,odepe_v2_nopolish,0.0001,aircraft_pitch_4_1em4,1,1,433.683452129364,6,1,1.552041246941163e-05,0.0002761091060377313,0.001583023723789687,0.0006465241143503758,1,1,1,4,1em4,,0,0,,0
aircraft_pitch,odepe_v2_nopolish,0.0001,aircraft_pitch_5_1em4,1,1,793.681471824646,6,1,0.0017294592777701802,0.1305979458467181,0.7750285105268468,0.31640920756705987,0,0,0,5,1em4,,0,0,,0
aircraft_pitch,odepe_v2_nopolish,0.0001,aircraft_pitch_6_1em4,1,1,485.9217429161072,6,1,4.793092316562733e-05,0.00016621079165220556,0.0007880515487638919,0.00032477410565966044,1,1,1,6,1em4,,0,0,,0
aircraft_pitch,odepe_v2_nopolish,0.0001,aircraft_pitch_7_1em4,1,1,455.5305459499359,6,1,0.00026961325215476564,0.0008873815828505741,0.0030788699234538413,0.0014029212719946715,1,1,1,7,1em4,,0,0,,0
aircraft_pitch,odepe_v2_nopolish,0.0001,aircraft_pitch_8_1em4,1,1,449.83114290237427,6,1,0.00020142203561350253,0.0013200451053634737,0.006718695404885682,0.0027589896579750016,1,1,1,8,1em4,,0,0,,0
aircraft_pitch,odepe_v2_nopolish,0.0001,aircraft_pitch_9_1em4,1,1,615.7110028266907,6,1,0.0003116708191384499,0.0007288070909987841,0.002623441204892205,0.0011403689121531897,1,1,1,9,1em4,,0,0,,0
bicycle_model,odepe_v2_nopolish,0.0001,bicycle_model_0_1em4,1,1,518.0595819950104,5,0,0.0007665573190446251,0.0005616783406614452,0.0008143598684255989,0.0006379837935948441,1,1,1,0,1em4,,0,0,,0
bicycle_model,odepe_v2_nopolish,0.0001,bicycle_model_1_1em4,1,1,576.4839849472046,5,0,0.000286018846614714,0.0003477917778432732,0.0005094912611957029,0.00036997275105313926,1,1,1,1,1em4,,0,0,,0
bicycle_model,odepe_v2_nopolish,0.0001,bicycle_model_2_1em4,1,1,709.0336639881134,5,0,0.00036458207162336405,0.0008325371162835252,0.0024100373403870656,0.0011776311852183126,1,1,1,2,1em4,,0,0,,0
bicycle_model,odepe_v2_nopolish,0.0001,bicycle_model_3_1em4,1,1,469.1558928489685,5,0,0.0005162374684018269,0.0004974601599242182,0.0008688863944991095,0.0005699549216747665,1,1,1,3,1em4,,0,0,,0
bicycle_model,odepe_v2_nopolish,0.0001,bicycle_model_4_1em4,1,1,736.3144941329956,5,0,0.0023099722360600127,0.00247276463293873,0.003447166932169927,0.0026112699372059745,1,1,1,4,1em4,,0,0,,0
bicycle_model,odepe_v2_nopolish,0.0001,bicycle_model_5_1em4,1,1,633.2662239074707,5,0,0.00012781202385548686,0.00012816606792420668,0.00019482606883631747,0.00013975398795408665,1,1,1,5,1em4,,0,0,,0
bicycle_model,odepe_v2_nopolish,0.0001,bicycle_model_6_1em4,1,1,713.3337769508362,5,0,0.00042075493546922884,0.0003741071195632184,0.0006232168371024466,0.00040965870108656584,1,1,1,6,1em4,,0,0,,0
bicycle_model,odepe_v2_nopolish,0.0001,bicycle_model_7_1em4,1,1,558.8193430900574,5,0,0.004593438124004464,0.007460587051311129,0.01706251545023094,0.009555605569734098,0,1,1,7,1em4,,0,0,,0
bicycle_model,odepe_v2_nopolish,0.0001,bicycle_model_8_1em4,1,1,781.2303829193115,5,0,5.5316658349376856e-05,4.886427521707277e-05,7.550393212832238e-05,5.236781790411118e-05,1,1,1,8,1em4,,0,0,,0
bicycle_model,odepe_v2_nopolish,0.0001,bicycle_model_9_1em4,1,1,668.6298851966858,5,0,0.0001487683421006097,0.00018752380339486793,0.0003281895397948838,0.00022125038878419297,1,1,1,9,1em4,,0,0,,0
biohydrogenation,odepe_v2_nopolish,0.0001,biohydrogenation_0_1em4,1,1,1856.2623012065887,9,1,0.20101643879899156,0.3527080550323399,0.9662059812852898,0.5112883410540852,0,0,0,0,1em4,,0,0,,0
biohydrogenation,odepe_v2_nopolish,0.0001,biohydrogenation_1_1em4,1,1,3118.558205842972,9,1,0.24799566252446723,0.351284115258189,0.9728050012315105,0.4970921937054506,0,0,0,1,1em4,,0,0,,0
biohydrogenation,odepe_v2_nopolish,0.0001,biohydrogenation_2_1em4,1,1,2770.5065200328827,9,1,0.03877650265400634,0.20193868398168044,0.9134255981276795,0.3828527882472223,0,0,0,2,1em4,,0,0,,0
biohydrogenation,odepe_v2_nopolish,0.0001,biohydrogenation_3_1em4,1,1,2055.8578469753265,9,1,0.002667545345887753,0.1420548314844576,0.6122575768944405,0.2472269549967053,0,0,0,3,1em4,,0,0,,0
biohydrogenation,odepe_v2_nopolish,0.0001,biohydrogenation_4_1em4,1,1,4558.649019002914,9,1,0.028271015476546854,0.08395830421724601,0.3789149994827145,0.14606681192840443,0,0,1,4,1em4,,0,0,,0
biohydrogenation,odepe_v2_nopolish,0.0001,biohydrogenation_5_1em4,1,1,4286.469731092453,9,1,0.1392993546558165,0.3290776203914335,1.0,0.5134956969811993,0,0,0,5,1em4,,0,0,,0
biohydrogenation,odepe_v2_nopolish,0.0001,biohydrogenation_6_1em4,1,1,3465.1463108062744,9,1,0.08268651872867873,0.3491339126894551,0.9386759463122951,0.5150924882484288,0,0,0,6,1em4,,0,0,,0
biohydrogenation,odepe_v2_nopolish,0.0001,biohydrogenation_7_1em4,1,1,2015.43079996109,9,1,0.2592523879081502,0.39384201246189393,0.932918169122258,0.5415254614936807,0,0,0,7,1em4,,0,0,,0
biohydrogenation,odepe_v2_nopolish,0.0001,biohydrogenation_8_1em4,1,1,2519.496554851532,9,1,0.10242054830634054,0.29854093982489716,0.8530696286869991,0.44962288707961123,0,0,0,8,1em4,,0,0,,0
biohydrogenation,odepe_v2_nopolish,0.0001,biohydrogenation_9_1em4,1,1,3814.1387660503387,9,1,0.017879237109814535,0.20370731746791637,0.7450964787484758,0.3493143159886167,0,0,0,9,1em4,,0,0,,0
boost_converter,odepe_v2_nopolish,0.0001,boost_converter_0_1em4,1,1,676.4255599975586,5,0,7.810876735115646e-05,0.0006487520621923303,0.002893373782098907,0.0012978444583308082,1,1,1,0,1em4,,0,0,,0
boost_converter,odepe_v2_nopolish,0.0001,boost_converter_1_1em4,1,1,801.8028659820557,5,0,0.0008419263043082165,0.000856705862181526,0.0011217760719752835,0.0008888900714524801,1,1,1,1,1em4,,0,0,,0
boost_converter,odepe_v2_nopolish,0.0001,boost_converter_2_1em4,1,1,948.6031529903412,5,0,0.0006067107965160385,0.0005304130291423406,0.0010693545365312255,0.0006395907553691114,1,1,1,2,1em4,,0,0,,0
boost_converter,odepe_v2_nopolish,0.0001,boost_converter_3_1em4,1,1,783.8447668552399,5,0,0.000772922701373752,0.000747468329898031,0.001608076639738923,0.0008912203919295712,1,1,1,3,1em4,,0,0,,0
boost_converter,odepe_v2_nopolish,0.0001,boost_converter_4_1em4,1,1,830.7455859184265,5,0,0.0004900186897848941,0.0004584555679658652,0.0008586172987942281,0.000529055612090577,1,1,1,4,1em4,,0,0,,0
boost_converter,odepe_v2_nopolish,0.0001,boost_converter_5_1em4,1,1,856.0945670604706,5,0,0.0009513561049966915,0.0026976441493733183,0.009839334114742308,0.0045051784828694695,1,1,1,5,1em4,,0,0,,0
boost_converter,odepe_v2_nopolish,0.0001,boost_converter_6_1em4,1,1,829.7739870548248,5,0,0.2882055400632022,0.7508815081182696,1.800515062381643,1.0196095300782284,0,0,0,6,1em4,,0,0,,0
boost_converter,odepe_v2_nopolish,0.0001,boost_converter_7_1em4,1,1,972.2591710090637,5,0,9.371380743723615e-05,9.346912199094444e-05,0.00015822474638437753,0.00010770196901320151,1,1,1,7,1em4,,0,0,,0
boost_converter,odepe_v2_nopolish,0.0001,boost_converter_8_1em4,1,1,835.5453100204468,5,0,0.0017541752692876926,0.0014894859052321668,0.0031125636589912392,0.0018855395847996424,1,1,1,8,1em4,,0,0,,0
boost_converter,odepe_v2_nopolish,0.0001,boost_converter_9_1em4,1,1,776.0390160083771,5,0,0.027964119049666353,0.0695354113246724,0.19950794594767302,0.10370200576325983,0,0,1,9,1em4,,0,0,,0
brusselator,odepe_v2_nopolish,0.0001,brusselator_0_1em4,1,1,464.4147071838379,4,0,0.0008510378614529481,0.0008559104367062101,0.0010884095830594556,0.0008709710632169976,1,1,1,0,1em4,,0,0,,0
brusselator,odepe_v2_nopolish,0.0001,brusselator_1_1em4,1,1,651.3697280883789,4,0,1.815595106282925e-05,0.0003328970777639685,0.0012930236848306246,0.0006466536918957376,1,1,1,1,1em4,,0,0,,0
brusselator,odepe_v2_nopolish,0.0001,brusselator_2_1em4,1,1,830.563453912735,4,0,0.00893453489842554,0.012562098864910623,0.025004794793780177,0.014485124234067613,0,1,1,2,1em4,,0,0,,0
brusselator,odepe_v2_nopolish,0.0001,brusselator_3_1em4,1,1,539.433590888977,4,0,1.274583502627558e-05,0.0013611631713528007,0.005411752446560655,0.002705895270782751,1,1,1,3,1em4,,0,0,,0
brusselator,odepe_v2_nopolish,0.0001,brusselator_4_1em4,1,1,629.275377035141,4,0,0.0010353006469270393,0.001097553897797067,0.0017368973770623944,0.00117425668227438,1,1,1,4,1em4,,0,0,,0
brusselator,odepe_v2_nopolish,0.0001,brusselator_5_1em4,0,0,562.85475897789,4,0,,,,,0,0,0,5,1em4,,0,0,,0
brusselator,odepe_v2_nopolish,0.0001,brusselator_6_1em4,1,1,630.9137830734253,4,0,0.5428282325797282,5705151.613159528,22820605.366930507,11410302.683465265,0,0,0,6,1em4,,0,0,,0
brusselator,odepe_v2_nopolish,0.0001,brusselator_7_1em4,1,1,594.329607963562,4,0,0.02997082434488292,0.04955456296641152,0.12824360078465477,0.0678370301209989,0,0,1,7,1em4,,0,0,,0
brusselator,odepe_v2_nopolish,0.0001,brusselator_8_1em4,0,0,579.0866830348969,4,0,,,,,0,0,0,8,1em4,,0,0,,0
brusselator,odepe_v2_nopolish,0.0001,brusselator_9_1em4,1,1,532.3497850894928,4,0,0.0014187813642329323,0.0014965469900570308,0.002957017764125052,0.0017967962431980839,1,1,1,9,1em4,,0,0,,0
crauste,odepe_v2_nopolish,0.0001,crauste_0_1em4,1,1,3768.34512090683,17,0,0.2987406168396286,127.7849750834613,1044.5626734200475,324.3738737721351,0,0,0,0,1em4,,0,0,,0
crauste,odepe_v2_nopolish,0.0001,crauste_1_1em4,1,1,4747.7011251449585,17,0,0.191040940260239,15.320665723385348,105.84003128896072,33.29448086277816,0,0,0,1,1em4,,0,0,,1
crauste,odepe_v2_nopolish,0.0001,crauste_2_1em4,0,0,0.0,17,0,,,,,0,0,0,2,1em4,,0,0,,0
crauste,odepe_v2_nopolish,0.0001,crauste_3_1em4,1,1,4841.897006034851,17,0,0.14415978675044994,1.2389480438663372,8.862839230086323,2.537524370356536,0,0,0,3,1em4,,0,0,,1
crauste,odepe_v2_nopolish,0.0001,crauste_4_1em4,1,1,5658.376679182053,17,0,0.21304549752122337,14.400735461784043,128.77141851133024,38.44870540745767,0,0,0,4,1em4,,0,0,,0
crauste,odepe_v2_nopolish,0.0001,crauste_5_1em4,1,1,8588.223484992981,17,0,0.8324677845469004,66.82115891106251,707.0378097983794,181.3763591818567,0,0,0,5,1em4,,0,0,,4
crauste,odepe_v2_nopolish,0.0001,crauste_6_1em4,1,1,5646.64341711998,17,0,0.12934477711659914,8.450216294118414,90.13417849528581,23.11234864744554,0,0,0,6,1em4,,0,0,,0
crauste,odepe_v2_nopolish,0.0001,crauste_7_1em4,1,1,8191.745568990707,17,0,0.18034105511452134,1.7804680584766113,9.937247955786502,3.557937907076717,0,0,0,7,1em4,,0,0,,1
crauste,odepe_v2_nopolish,0.0001,crauste_8_1em4,1,1,10356.656893014908,17,0,0.17986498798220193,2.0380613634749705,15.881151785758389,4.8775650490167495,0,0,0,8,1em4,,0,0,,0
crauste,odepe_v2_nopolish,0.0001,crauste_9_1em4,1,1,9865.516144037247,17,0,1.8654674033174758,8.762770194537842,72.50153933522952,21.37530170756819,0,0,0,9,1em4,,0,0,,1
cstr,odepe_v2_nopolish,0.0001,cstr_0_1em4,1,1,3760.5978860855103,7,0,0.175470604580251,0.42780760359129955,1.080659720116909,0.5927827782998867,0,0,0,0,1em4,,0,0,,0
cstr,odepe_v2_nopolish,0.0001,cstr_1_1em4,1,1,8220.71372294426,7,0,0.3527670937472352,0.5734979110768557,1.0603333376460056,0.6942687076265015,0,0,0,1,1em4,,0,0,,0
cstr,odepe_v2_nopolish,0.0001,cstr_2_1em4,1,1,5347.789521932602,7,0,0.08183267666621083,0.13313944062243133,0.34197822310738,0.17975430547646343,0,0,1,2,1em4,,0,0,,0
cstr,odepe_v2_nopolish,0.0001,cstr_3_1em4,1,1,5102.227229118347,7,0,0.9007932077767724,0.707789849635045,1.0431122029986661,0.7943034805094172,0,0,0,3,1em4,,0,0,,0
cstr,odepe_v2_nopolish,0.0001,cstr_4_1em4,1,1,5040.156835079193,7,0,0.11345687275425914,0.4417659623612095,1.052396971808634,0.628729658763042,0,0,0,4,1em4,,0,0,,0
cstr,odepe_v2_nopolish,0.0001,cstr_5_1em4,1,1,5103.730390787125,7,0,0.3625098364764619,0.46345477169689503,0.9999999999998136,0.5842197447199522,0,0,0,5,1em4,,0,0,,0
cstr,odepe_v2_nopolish,0.0001,cstr_6_1em4,1,1,5236.0796411037445,7,0,0.32469435943689273,0.2692174637986248,0.6163972350892525,0.35026942338211636,0,0,0,6,1em4,,0,0,,0
cstr,odepe_v2_nopolish,0.0001,cstr_7_1em4,1,1,5359.042467832565,7,0,0.9851713588858507,0.7138980003279928,1.0055935256303015,0.8131355468687597,0,0,0,7,1em4,,0,0,,0
cstr,odepe_v2_nopolish,0.0001,cstr_8_1em4,1,1,4827.51176404953,7,0,0.7696632822442663,0.6626933023407252,0.9401665382433568,0.7139869778218406,0,0,0,8,1em4,,0,0,,0
cstr,odepe_v2_nopolish,0.0001,cstr_9_1em4,1,1,4998.907467126846,7,0,0.6004987001680276,0.6109671547864151,1.2205788670164557,0.71310317852543,0,0,0,9,1em4,,0,0,,0
daisy_mamil3,odepe_v2_nopolish,0.0001,daisy_mamil3_0_1em4,1,1,758.2308030128479,8,0,0.0019138416550760792,0.012793066165988045,0.04815133804866861,0.022382749057565134,0,1,1,0,1em4,,0,0,,0
daisy_mamil3,odepe_v2_nopolish,0.0001,daisy_mamil3_1_1em4,1,1,793.9300529956818,8,0,0.001509297353439406,0.0026803251150196317,0.0071777327067664935,0.00375487132830309,1,1,1,1,1em4,,0,0,,0
daisy_mamil3,odepe_v2_nopolish,0.0001,daisy_mamil3_2_1em4,1,1,770.3391029834747,8,0,0.001890354940426065,0.005366172572335866,0.014926536930425333,0.007949908596239171,0,1,1,2,1em4,,0,0,,0
daisy_mamil3,odepe_v2_nopolish,0.0001,daisy_mamil3_3_1em4,1,1,748.5335919857025,8,0,0.003128996527896752,0.0034320497156372443,0.006775993453551558,0.004219708878009909,1,1,1,3,1em4,,0,0,,0
daisy_mamil3,odepe_v2_nopolish,0.0001,daisy_mamil3_4_1em4,1,1,1299.1539149284363,8,0,0.007935629325809553,0.009185218512276527,0.021395324527370148,0.01187537690895859,0,1,1,4,1em4,,0,0,,0
daisy_mamil3,odepe_v2_nopolish,0.0001,daisy_mamil3_5_1em4,1,1,1029.5204179286957,8,0,0.06306590594291486,0.0651965211923862,0.12366835712243428,0.07612340396304441,0,0,1,5,1em4,,0,0,,0
daisy_mamil3,odepe_v2_nopolish,0.0001,daisy_mamil3_6_1em4,1,1,1210.3353850841522,8,0,0.03313338808679661,0.04361693063335343,0.09001950784770542,0.05692346715511748,0,1,1,6,1em4,,0,0,,0
daisy_mamil3,odepe_v2_nopolish,0.0001,daisy_mamil3_7_1em4,1,1,1214.9688999652863,8,0,0.008672390545974299,0.014916141130990886,0.06152817384496106,0.02400386303393732,0,1,1,7,1em4,,0,0,,0
daisy_mamil3,odepe_v2_nopolish,0.0001,daisy_mamil3_8_1em4,1,1,1340.3132719993591,8,0,0.0035349322373929926,0.005876774078196999,0.018839853179292876,0.0084860796870514,0,1,1,8,1em4,,0,0,,0
daisy_mamil3,odepe_v2_nopolish,0.0001,daisy_mamil3_9_1em4,1,1,751.702574968338,8,0,0.003691164869359639,0.005659765432639348,0.020224837233798813,0.008371429863598021,0,1,1,9,1em4,,0,0,,0
daisy_mamil4,odepe_v2_nopolish,0.0001,daisy_mamil4_0_1em4,1,1,2682.3120119571686,11,0,0.03833555468732245,0.04906415088758278,0.14202807694028485,0.07194320809456002,0,0,1,0,1em4,,0,0,,0
daisy_mamil4,odepe_v2_nopolish,0.0001,daisy_mamil4_1_1em4,1,1,3610.5722630023956,11,0,0.008178781908859619,0.02364754712455046,0.11178307513393461,0.04277305773131533,0,0,1,1,1em4,,0,0,,0
daisy_mamil4,odepe_v2_nopolish,0.0001,daisy_mamil4_2_1em4,1,1,4300.006273031235,11,0,0.0026450107423141842,0.0034719563603586826,0.007504627401324573,0.0043590938084452895,1,1,1,2,1em4,,0,0,,0
daisy_mamil4,odepe_v2_nopolish,0.0001,daisy_mamil4_3_1em4,1,1,4090.6780750751495,11,0,0.10801628147230907,0.13805519551954068,0.5677468632900817,0.21497281721141967,0,0,0,3,1em4,,0,0,,0
daisy_mamil4,odepe_v2_nopolish,0.0001,daisy_mamil4_4_1em4,1,1,4697.974893093109,11,0,0.015306171560368453,0.10987363941519987,0.33152331408931746,0.17110840753453344,0,0,1,4,1em4,,0,0,,0
daisy_mamil4,odepe_v2_nopolish,0.0001,daisy_mamil4_5_1em4,1,1,2440.260729074478,11,0,0.021050257087014034,0.040339222794726716,0.15712776286848593,0.06557809663937687,0,0,1,5,1em4,,0,0,,0
daisy_mamil4,odepe_v2_nopolish,0.0001,daisy_mamil4_6_1em4,1,1,4992.79740190506,11,0,0.024411783322760137,0.04940746299107312,0.17592176488975786,0.07530517607047761,0,0,1,6,1em4,,0,0,,0
daisy_mamil4,odepe_v2_nopolish,0.0001,daisy_mamil4_7_1em4,1,1,2813.8496520519257,11,0,0.1013188538018464,0.14900931734491274,0.6956056035710995,0.24227938745583408,0,0,0,7,1em4,,0,0,,0
daisy_mamil4,odepe_v2_nopolish,0.0001,daisy_mamil4_8_1em4,1,1,4206.448585987091,11,0,0.17863939611141866,0.2863208456822255,0.7782407453125542,0.4028320479296025,0,0,0,8,1em4,,0,0,,0
daisy_mamil4,odepe_v2_nopolish,0.0001,daisy_mamil4_9_1em4,1,1,2051.998198032379,11,0,0.007353345080146447,0.011999772020790618,0.03476480414022673,0.017210337332596717,0,1,1,9,1em4,,0,0,,0
dc_motor,odepe_v2_nopolish,0.0001,dc_motor_0_1em4,1,1,282.10503005981445,4,0,0.0011565770341716878,0.001014186852603891,0.001339686409645288,0.001078094352407446,1,1,1,0,1em4,,0,0,,0
dc_motor,odepe_v2_nopolish,0.0001,dc_motor_1_1em4,1,1,404.0336389541626,4,0,0.0006450038608227357,0.0006073456100303082,0.001119950022143243,0.0007759119579682629,1,1,1,1,1em4,,0,0,,0
dc_motor,odepe_v2_nopolish,0.0001,dc_motor_2_1em4,1,1,444.1456229686737,4,0,0.00043689418113647665,0.0006434958036402452,0.0015859521460783866,0.0008529967974925732,1,1,1,2,1em4,,0,0,,0
dc_motor,odepe_v2_nopolish,0.0001,dc_motor_3_1em4,1,1,375.09282994270325,4,0,0.0010249061493710072,0.0014715665600791828,0.0033302377541312156,0.001839318902219792,1,1,1,3,1em4,,0,0,,0
dc_motor,odepe_v2_nopolish,0.0001,dc_motor_4_1em4,1,1,419.25819396972656,4,0,0.0006176416099100955,0.0005842370185441493,0.0009419093201699499,0.0006679147662701395,1,1,1,4,1em4,,0,0,,0
dc_motor,odepe_v2_nopolish,0.0001,dc_motor_5_1em4,1,1,393.6330099105835,4,0,0.0005306489687802391,0.0006459678859286478,0.001069336888340507,0.0006917751570190311,1,1,1,5,1em4,,0,0,,0
dc_motor,odepe_v2_nopolish,0.0001,dc_motor_6_1em4,1,1,390.0338718891144,4,0,0.0012607235996729776,0.0016584882941751307,0.0038066306099758637,0.0021521953805879327,1,1,1,6,1em4,,0,0,,0
dc_motor,odepe_v2_nopolish,0.0001,dc_motor_7_1em4,1,1,406.9537959098816,4,0,0.0012146018892534652,0.0013595956122104372,0.0026386365930720366,0.0016366154835186278,1,1,1,7,1em4,,0,0,,0
dc_motor,odepe_v2_nopolish,0.0001,dc_motor_8_1em4,1,1,434.3452191352844,4,0,0.007375495868783152,0.0077438829571444285,0.010518305448292376,0.007960620737687213,0,1,1,8,1em4,,0,0,,0
dc_motor,odepe_v2_nopolish,0.0001,dc_motor_9_1em4,1,1,387.340735912323,4,0,0.0001419202285265041,0.0002326417440082713,0.00052580367040382,0.0002879970323929401,1,1,1,9,1em4,,0,0,,0
fitzhugh_nagumo,odepe_v2_nopolish,0.0001,fitzhugh_nagumo_0_1em4,1,1,364.64003896713257,5,0,0.004105076022677199,0.0881658162048229,0.42049829844373904,0.18814586774022288,0,0,1,0,1em4,,0,0,,0
fitzhugh_nagumo,odepe_v2_nopolish,0.0001,fitzhugh_nagumo_1_1em4,1,1,431.43465399742126,5,0,0.0017590862753226514,0.021435463281033712,0.08189865195018613,0.03808254147096301,0,1,1,1,1em4,,0,0,,0
fitzhugh_nagumo,odepe_v2_nopolish,0.0001,fitzhugh_nagumo_2_1em4,1,1,441.66359782218933,5,0,0.02119623091642738,0.019645697538356786,0.03537143029467312,0.022684241755140853,0,1,1,2,1em4,,0,0,,0
fitzhugh_nagumo,odepe_v2_nopolish,0.0001,fitzhugh_nagumo_3_1em4,1,1,383.0954349040985,5,0,0.03615188703926339,0.04021417507544058,0.08971189870815192,0.0520540430569,0,1,1,3,1em4,,0,0,,0
fitzhugh_nagumo,odepe_v2_nopolish,0.0001,fitzhugh_nagumo_4_1em4,1,1,407.1232101917267,5,0,0.044489692860901875,0.06385903776908215,0.1745083554637099,0.08999876271818415,0,0,1,4,1em4,,0,0,,0
fitzhugh_nagumo,odepe_v2_nopolish,0.0001,fitzhugh_nagumo_5_1em4,1,1,539.9672620296478,5,0,0.0018278776328577912,0.0337261619145296,0.08801525749059838,0.05236740615354688,0,1,1,5,1em4,,0,0,,0
fitzhugh_nagumo,odepe_v2_nopolish,0.0001,fitzhugh_nagumo_6_1em4,1,1,502.4412579536438,5,0,0.004790452819238038,0.02626117852947422,0.11103421777995592,0.04999551878745573,0,0,1,6,1em4,,0,0,,0
fitzhugh_nagumo,odepe_v2_nopolish,0.0001,fitzhugh_nagumo_7_1em4,1,1,469.87245297431946,5,0,0.015581196871402508,0.061157614178047805,0.14804844363918832,0.0895742647746932,0,0,1,7,1em4,,0,0,,0
fitzhugh_nagumo,odepe_v2_nopolish,0.0001,fitzhugh_nagumo_8_1em4,1,1,485.82553791999817,5,0,0.010639063709521463,0.010538428224629045,0.024585826237895,0.013423365834288378,0,1,1,8,1em4,,0,0,,0
fitzhugh_nagumo,odepe_v2_nopolish,0.0001,fitzhugh_nagumo_9_1em4,1,1,481.0927698612213,5,0,0.006267025904641112,0.0634678326490026,0.3033790375074798,0.1357359131471843,0,0,1,9,1em4,,0,0,,0
flexible_arm,odepe_v2_nopolish,0.0001,flexible_arm_0_1em4,1,1,492.43598103523254,9,0,0.7150320062579623,0.6148520503736623,0.9985978096308413,0.7014919038423844,0,0,0,0,1em4,,0,0,,0
flexible_arm,odepe_v2_nopolish,0.0001,flexible_arm_1_1em4,1,1,751.001384973526,9,0,0.23099818150594267,0.21775939968492228,0.48649310513031363,0.2680112285454465,0,0,1,1,1em4,,0,0,,0
flexible_arm,odepe_v2_nopolish,0.0001,flexible_arm_2_1em4,1,1,620.5791480541229,9,0,0.06997935500036408,0.0863161917391768,0.17364883547002297,0.09909892187152751,0,0,1,2,1em4,,0,0,,0
flexible_arm,odepe_v2_nopolish,0.0001,flexible_arm_3_1em4,1,1,900.4645249843597,9,0,0.014758550318053306,0.02085951571818644,0.056003377782243034,0.02709124112074287,0,1,1,3,1em4,,0,0,,0
flexible_arm,odepe_v2_nopolish,0.0001,flexible_arm_4_1em4,1,1,882.3007850646973,9,0,0.022938814448845043,0.04195779891895765,0.13559136106117323,0.059353719600484564,0,0,1,4,1em4,,0,0,,0
flexible_arm,odepe_v2_nopolish,0.0001,flexible_arm_5_1em4,1,1,629.3066530227661,9,0,0.03476059883287976,0.03661907004664731,0.07155336981940026,0.043585015638617906,0,1,1,5,1em4,,0,0,,0
flexible_arm,odepe_v2_nopolish,0.0001,flexible_arm_6_1em4,1,1,885.2800750732422,9,0,0.013750596974568709,0.02297667232755282,0.049826685195039105,0.030000099167521707,0,1,1,6,1em4,,0,0,,0
flexible_arm,odepe_v2_nopolish,0.0001,flexible_arm_7_1em4,1,1,739.7039549350739,9,0,0.17801491145166543,0.3107484008154225,0.7896168480122628,0.41110604590691974,0,0,0,7,1em4,,0,0,,0
flexible_arm,odepe_v2_nopolish,0.0001,flexible_arm_8_1em4,1,1,700.4518730640411,9,0,0.5283506828599839,0.4815950672700343,1.007823945608726,0.5482270902930126,0,0,0,8,1em4,,0,0,,0
flexible_arm,odepe_v2_nopolish,0.0001,flexible_arm_9_1em4,1,1,775.3082709312439,9,0,0.36495983978448837,0.37166996088179755,0.465852436312181,0.37644818674294667,0,0,1,9,1em4,,0,0,,0
forced_lotka_volterra,odepe_v2_nopolish,0.0001,forced_lotka_volterra_0_1em4,1,1,366.984258890152,6,0,0.002738999712346389,0.004364173261667325,0.013262206479589495,0.0060474784503181875,0,1,1,0,1em4,,0,0,,0
forced_lotka_volterra,odepe_v2_nopolish,0.0001,forced_lotka_volterra_1_1em4,1,1,473.1884958744049,6,0,0.008208791762086814,0.015105700081631963,0.05370174268552358,0.023835959621916473,0,1,1,1,1em4,,0,0,,0
forced_lotka_volterra,odepe_v2_nopolish,0.0001,forced_lotka_volterra_2_1em4,1,1,713.8464469909668,6,0,0.023884801099113187,0.05314108711384472,0.12882914925649147,0.07443403360382836,0,0,1,2,1em4,,0,0,,0
forced_lotka_volterra,odepe_v2_nopolish,0.0001,forced_lotka_volterra_3_1em4,1,1,584.6123380661011,6,0,0.030192118290141408,0.07198163160162752,0.23468717858584093,0.10973858831573773,0,0,1,3,1em4,,0,0,,0
forced_lotka_volterra,odepe_v2_nopolish,0.0001,forced_lotka_volterra_4_1em4,1,1,607.6268508434296,6,0,0.01482972482684214,0.017270569562453496,0.05233847772721864,0.024042310869182022,0,1,1,4,1em4,,0,0,,0
forced_lotka_volterra,odepe_v2_nopolish,0.0001,forced_lotka_volterra_5_1em4,1,1,484.2819609642029,6,0,0.010096546358030064,0.09790864074655535,0.4269707895600813,0.1833230832023845,0,0,1,5,1em4,,0,0,,0
forced_lotka_volterra,odepe_v2_nopolish,0.0001,forced_lotka_volterra_6_1em4,1,1,463.88336300849915,6,0,0.039235094088746064,0.1870328885286344,0.6863660869528646,0.31594716203822437,0,0,0,6,1em4,,0,0,,0
forced_lotka_volterra,odepe_v2_nopolish,0.0001,forced_lotka_volterra_7_1em4,1,1,765.9218060970306,6,0,0.0062660763471315255,0.01510717655389726,0.044590354293227816,0.022899317946591714,0,1,1,7,1em4,,0,0,,0
forced_lotka_volterra,odepe_v2_nopolish,0.0001,forced_lotka_volterra_8_1em4,1,1,499.4932358264923,6,0,0.0016966705448853221,0.0023656403334964375,0.007122040469086061,0.0032289053123079683,1,1,1,8,1em4,,0,0,,0
forced_lotka_volterra,odepe_v2_nopolish,0.0001,forced_lotka_volterra_9_1em4,1,1,704.7002449035645,6,0,0.0008584854504807649,0.0019637497575506696,0.006364291548009033,0.003050022193528876,1,1,1,9,1em4,,0,0,,0
harmonic_oscillator,odepe_v2_nopolish,0.0001,harmonic_oscillator_0_1em4,1,1,280.2279260158539,4,0,4.13235289905083e-07,2.405251206327612e-06,8.570797591877929e-06,4.297431039907633e-06,1,1,1,0,1em4,,0,0,,0
harmonic_oscillator,odepe_v2_nopolish,0.0001,harmonic_oscillator_1_1em4,1,1,404.025603055954,4,0,4.3959675003047747e-07,1.9912085348746517e-06,6.871083243069847e-06,3.451450413068095e-06,1,1,1,1,1em4,,0,0,,0
harmonic_oscillator,odepe_v2_nopolish,0.0001,harmonic_oscillator_2_1em4,1,1,330.35760593414307,4,0,1.9067696161597394e-08,1.8156577367031588e-08,2.6519488220972868e-08,1.933350520053604e-08,1,1,1,2,1em4,,0,0,,0
harmonic_oscillator,odepe_v2_nopolish,0.0001,harmonic_oscillator_3_1em4,1,1,562.683954000473,4,0,4.6771931656714585e-07,5.607498898746491e-07,1.027042850742658e-06,6.285498409415885e-07,1,1,1,3,1em4,,0,0,,0
harmonic_oscillator,odepe_v2_nopolish,0.0001,harmonic_oscillator_4_1em4,1,1,421.1351320743561,4,0,2.2938739237136633e-05,1.885231424969303e-05,2.7424412857234867e-05,2.1285210191954174e-05,1,1,1,4,1em4,,0,0,,0
harmonic_oscillator,odepe_v2_nopolish,0.0001,harmonic_oscillator_5_1em4,1,1,422.14545798301697,4,0,4.589049217099737e-07,5.952696679591179e-07,1.39859450289805e-06,7.83259462505447e-07,1,1,1,5,1em4,,0,0,,0
harmonic_oscillator,odepe_v2_nopolish,0.0001,harmonic_oscillator_6_1em4,1,1,396.75792598724365,4,0,4.637758522752671e-06,5.946959324003334e-06,1.4287256765308738e-05,7.948247968396455e-06,1,1,1,6,1em4,,0,0,,0
harmonic_oscillator,odepe_v2_nopolish,0.0001,harmonic_oscillator_7_1em4,1,1,455.5372381210327,4,0,2.754312651165211e-07,6.684814033723755e-07,1.9092564955649777e-06,9.80191850728293e-07,1,1,1,7,1em4,,0,0,,0
harmonic_oscillator,odepe_v2_nopolish,0.0001,harmonic_oscillator_8_1em4,1,1,379.8156340122223,4,0,7.782308452881191e-07,1.2690970066531886e-06,3.3542583961185987e-06,1.768583802008059e-06,1,1,1,8,1em4,,0,0,,0
harmonic_oscillator,odepe_v2_nopolish,0.0001,harmonic_oscillator_9_1em4,1,1,382.67544293403625,4,0,5.403203189316099e-07,4.969174759903552e-07,7.270313492329236e-07,5.417490464947649e-07,1,1,1,9,1em4,,0,0,,0
hiv,odepe_v2_nopolish,0.0001,hiv_0_1em4,1,1,2769.5525081157684,15,0,0.8764879079667941,1.6401217820652925,9.27254450421684,2.9226315800538547,0,0,0,0,1em4,,0,0,,0
hiv,odepe_v2_nopolish,0.0001,hiv_1_1em4,1,1,2601.934772014618,15,0,0.23156761451908456,0.5258179945747827,1.9454861820675,0.7765863664164847,0,0,0,1,1em4,,0,0,,0
hiv,odepe_v2_nopolish,0.0001,hiv_2_1em4,1,1,2835.357964038849,15,0,0.5768475985233932,1.619873247591373,10.230633318917077,3.5097585813493715,0,0,0,2,1em4,,0,0,,0
hiv,odepe_v2_nopolish,0.0001,hiv_3_1em4,1,1,3145.7442338466644,15,0,0.9670862488288305,3.868253143924597,19.802557091044637,7.58702107727706,0,0,0,3,1em4,,0,0,,0
hiv,odepe_v2_nopolish,0.0001,hiv_4_1em4,1,1,2409.92835688591,15,0,0.8557870614655106,4.653976121887851,42.009256048402676,12.168706854772122,0,0,0,4,1em4,,0,0,,0
hiv,odepe_v2_nopolish,0.0001,hiv_5_1em4,1,1,1759.1078100204468,15,0,0.07422494168762934,0.9145306725304596,10.584459384965294,2.7635975200431404,0,0,0,5,1em4,,0,0,,1
hiv,odepe_v2_nopolish,0.0001,hiv_6_1em4,1,1,3130.8348939418793,15,0,0.7614920049254623,0.602394410109908,1.7681385699802563,0.8346479304736135,0,0,0,6,1em4,,0,0,,0
hiv,odepe_v2_nopolish,0.0001,hiv_7_1em4,1,1,3686.844804048538,15,0,1.0019456283245196,7.097911881662916,64.37828366776148,17.379137445420593,0,0,0,7,1em4,,0,0,,0
hiv,odepe_v2_nopolish,0.0001,hiv_8_1em4,1,1,3793.484652042389,15,0,0.06075974265946237,6.605589345182987,63.87398055443103,17.964242864935677,0,0,0,8,1em4,,0,0,,2
hiv,odepe_v2_nopolish,0.0001,hiv_9_1em4,1,1,2363.070678949356,15,0,0.9993381847371072,1.9107841624689008,11.466400895474354,3.6207969784225345,0,0,0,9,1em4,,0,0,,2
lotka_volterra,odepe_v2_nopolish,0.0001,lotka_volterra_0_1em4,1,1,384.1515998840332,5,0,0.002202955061221817,0.0025471499078496378,0.004910707684980696,0.002928876967485095,1,1,1,0,1em4,,0,0,,0
lotka_volterra,odepe_v2_nopolish,0.0001,lotka_volterra_1_1em4,1,1,676.7549669742584,5,0,0.013009600860537415,0.01777328807311166,0.04969089271255498,0.024934296587006057,0,1,1,1,1em4,,0,0,,0
lotka_volterra,odepe_v2_nopolish,0.0001,lotka_volterra_2_1em4,1,1,534.0113570690155,5,0,0.016791279585255163,0.021838148955716848,0.03869196450752905,0.02598120040566082,0,1,1,2,1em4,,0,0,,0
lotka_volterra,odepe_v2_nopolish,0.0001,lotka_volterra_3_1em4,1,1,447.9739089012146,5,0,0.0013004531809587899,0.0013542088959272475,0.002649695209429251,0.0015401001846806336,1,1,1,3,1em4,,0,0,,0
lotka_volterra,odepe_v2_nopolish,0.0001,lotka_volterra_4_1em4,1,1,539.1590609550476,5,0,0.00032508550735642973,0.0006487370346069677,0.0020581386153588985,0.0009655056919992461,1,1,1,4,1em4,,0,0,,0
lotka_volterra,odepe_v2_nopolish,0.0001,lotka_volterra_5_1em4,1,1,397.34181118011475,5,0,0.00039035807605006056,0.002288377091749219,0.00888815635669758,0.004074805927135252,1,1,1,5,1em4,,0,0,,0
lotka_volterra,odepe_v2_nopolish,0.0001,lotka_volterra_6_1em4,1,1,426.29781889915466,5,0,0.001950818871879958,0.0020618132934254615,0.003325164309632118,0.0023686751143825583,1,1,1,6,1em4,,0,0,,0
lotka_volterra,odepe_v2_nopolish,0.0001,lotka_volterra_7_1em4,1,1,507.8504569530487,5,0,0.003840208333993318,0.0028844522402650535,0.00551552566326321,0.0035292256362355052,1,1,1,7,1em4,,0,0,,0
lotka_volterra,odepe_v2_nopolish,0.0001,lotka_volterra_8_1em4,1,1,611.4465389251709,5,0,0.00540350875996271,0.0073829292804731255,0.015051419435885345,0.009291091974337347,0,1,1,8,1em4,,0,0,,0
lotka_volterra,odepe_v2_nopolish,0.0001,lotka_volterra_9_1em4,1,1,587.3140149116516,5,0,0.011935655151896644,0.013143808523664752,0.03373243226431824,0.017531183263692997,0,1,1,9,1em4,,0,0,,0
mass_spring_damper,odepe_v2_nopolish,0.0001,mass_spring_damper_0_1em4,1,1,284.6333360671997,5,0,2.7933780896095473e-05,8.195981914031178e-05,0.0003199127604988654,0.0001447488138613917,1,1,1,0,1em4,,0,0,,0
mass_spring_damper,odepe_v2_nopolish,0.0001,mass_spring_damper_1_1em4,1,1,419.39666199684143,5,0,7.123320837341619e-05,8.18080710683311e-05,0.00022763494580787475,0.00011302462843324618,1,1,1,1,1em4,,0,0,,0
mass_spring_damper,odepe_v2_nopolish,0.0001,mass_spring_damper_2_1em4,1,1,487.6360659599304,5,0,7.700730368361828e-05,8.214361083301324e-05,0.00016563833015675262,9.421077927144679e-05,1,1,1,2,1em4,,0,0,,0
mass_spring_damper,odepe_v2_nopolish,0.0001,mass_spring_damper_3_1em4,1,1,452.69497895240784,5,0,0.00035376327565106246,0.00048516554184492664,0.0010304155642778983,0.00056593707940743,1,1,1,3,1em4,,0,0,,0
mass_spring_damper,odepe_v2_nopolish,0.0001,mass_spring_damper_4_1em4,1,1,388.55360293388367,5,0,3.86929749803886e-05,4.308756316751767e-05,9.200285564155237e-05,5.644979222067895e-05,1,1,1,4,1em4,,0,0,,0
mass_spring_damper,odepe_v2_nopolish,0.0001,mass_spring_damper_5_1em4,1,1,357.52090787887573,5,0,5.324714155838769e-05,7.144190259541869e-05,0.0001706005999285224,9.09661267894201e-05,1,1,1,5,1em4,,0,0,,0
mass_spring_damper,odepe_v2_nopolish,0.0001,mass_spring_damper_6_1em4,1,1,424.40249705314636,5,0,1.4222866321336686e-05,2.5890116616195586e-05,6.926044615429012e-05,3.495733945275057e-05,1,1,1,6,1em4,,0,0,,0
mass_spring_damper,odepe_v2_nopolish,0.0001,mass_spring_damper_7_1em4,1,1,419.06788206100464,5,0,8.5893164801428e-05,9.586223457488054e-05,0.00015082036182231839,0.00010743601260735175,1,1,1,7,1em4,,0,0,,0
mass_spring_damper,odepe_v2_nopolish,0.0001,mass_spring_damper_8_1em4,1,1,364.5241811275482,5,0,0.00014835224708916017,0.00013379776177610311,0.00022509007341316381,0.0001494691336004689,1,1,1,8,1em4,,0,0,,0
mass_spring_damper,odepe_v2_nopolish,0.0001,mass_spring_damper_9_1em4,1,1,363.4774889945984,5,0,6.49130832784369e-05,6.08472714828252e-05,0.00015298031763334534,8.01687207159984e-05,1,1,1,9,1em4,,0,0,,0
quadrotor,odepe_v2_nopolish,0.0001,quadrotor_0_1em4,1,1,292.4724590778351,4,0,0.00027322955079384255,0.0003213069383269493,0.0006125856846257039,0.00036764327819946793,1,1,1,0,1em4,,0,0,,0
quadrotor,odepe_v2_nopolish,0.0001,quadrotor_1_1em4,1,1,362.1539149284363,4,0,0.00018070268399505925,0.0001813385603850459,0.0003509745415375955,0.00022141348492681892,1,1,1,1,1em4,,0,0,,0
quadrotor,odepe_v2_nopolish,0.0001,quadrotor_2_1em4,1,1,353.3083930015564,4,0,0.0003089202578181416,0.0003873972430385337,0.0009211586864930801,0.0005133381711306119,1,1,1,2,1em4,,0,0,,0
quadrotor,odepe_v2_nopolish,0.0001,quadrotor_3_1em4,1,1,360.2563810348511,4,0,5.286923439226104e-05,7.265123559725308e-05,0.00018406997041466554,9.96184165844279e-05,1,1,1,3,1em4,,0,0,,0
quadrotor,odepe_v2_nopolish,0.0001,quadrotor_4_1em4,1,1,379.1964428424835,4,0,0.00012601261418649208,0.00023862751592131022,0.0006439359686772724,0.00033706665642284193,1,1,1,4,1em4,,0,0,,0
quadrotor,odepe_v2_nopolish,0.0001,quadrotor_5_1em4,1,1,337.46136379241943,4,0,0.00020830026082085192,0.0002244244430442156,0.00032564956766855047,0.0002337940159977802,1,1,1,5,1em4,,0,0,,0
quadrotor,odepe_v2_nopolish,0.0001,quadrotor_6_1em4,1,1,358.248144865036,4,0,0.0003481186226055406,0.00032182531113650954,0.0005677206202144389,0.00040472109928925106,1,1,1,6,1em4,,0,0,,0
quadrotor,odepe_v2_nopolish,0.0001,quadrotor_7_1em4,1,1,358.7798480987549,4,0,0.0002595607955459691,0.0003983451765027616,0.0010503075699566033,0.0005564605054485749,1,1,1,7,1em4,,0,0,,0
quadrotor,odepe_v2_nopolish,0.0001,quadrotor_8_1em4,1,1,374.664213180542,4,0,8.454474970804587e-05,0.0001981363979873013,0.000606394729871129,0.0003111915363436513,1,1,1,8,1em4,,0,0,,0
quadrotor,odepe_v2_nopolish,0.0001,quadrotor_9_1em4,1,1,364.77010703086853,4,0,0.0009448231486325453,0.0010060554140682797,0.0016376124322406457,0.0010898167685727451,1,1,1,9,1em4,,0,0,,0
repressilator,odepe_v2_nopolish,0.0001,repressilator_0_1em4,1,1,1238.9943709373474,9,0,0.000882875342317952,0.0012613919004117553,0.0033002627788902266,0.0017470315651209266,1,1,1,0,1em4,,0,0,,0
repressilator,odepe_v2_nopolish,0.0001,repressilator_1_1em4,1,1,1508.7850461006165,9,0,0.00013093234147672176,0.00036259881800556563,0.0010231753133451303,0.0005325333475766069,1,1,1,1,1em4,,0,0,,0
repressilator,odepe_v2_nopolish,0.0001,repressilator_2_1em4,1,1,1461.6007578372955,9,0,0.0005510889262641896,0.0005679866587562525,0.0014578451825722595,0.0007493804513490628,1,1,1,2,1em4,,0,0,,0
repressilator,odepe_v2_nopolish,0.0001,repressilator_3_1em4,1,1,1761.8540749549866,9,0,0.0006318630148678124,0.0015072580402911784,0.005225941967453104,0.002304097047409174,1,1,1,3,1em4,,0,0,,0
repressilator,odepe_v2_nopolish,0.0001,repressilator_4_1em4,1,1,1058.9603650569916,9,0,0.0005599107494311654,0.0010165681788613908,0.002768765420864557,0.0014133391181282127,1,1,1,4,1em4,,0,0,,0
repressilator,odepe_v2_nopolish,0.0001,repressilator_5_1em4,1,1,1805.8877079486847,9,0,0.0007199571734769999,0.0008128684257530465,0.0020042033657013732,0.0010626544792163674,1,1,1,5,1em4,,0,0,,0
repressilator,odepe_v2_nopolish,0.0001,repressilator_6_1em4,1,1,1058.9510309696198,9,0,0.0005142184711145276,0.0015747741930162906,0.005774434202922302,0.002537719948968655,1,1,1,6,1em4,,0,0,,0
repressilator,odepe_v2_nopolish,0.0001,repressilator_7_1em4,1,1,1266.7329959869385,9,0,0.0006479531921633375,0.0007594463397798357,0.001800492026941018,0.000918438977557625,1,1,1,7,1em4,,0,0,,0
repressilator,odepe_v2_nopolish,0.0001,repressilator_8_1em4,1,1,1772.1189050674438,9,0,0.0013175474028373632,0.0020011333241335967,0.005856637789307105,0.00269555509206351,1,1,1,8,1em4,,0,0,,0
repressilator,odepe_v2_nopolish,0.0001,repressilator_9_1em4,1,1,1723.5669660568237,9,0,0.0012305327894222208,0.0011480192527300926,0.0025260374586732397,0.0013558048439372898,1,1,1,9,1em4,,0,0,,0
seir,odepe_v2_nopolish,0.0001,seir_0_1em4,1,1,1484.5660750865936,7,0,0.025481491394311984,0.04680201990333587,0.1277976359930426,0.06425690871636573,0,0,1,0,1em4,,0,0,,0
seir,odepe_v2_nopolish,0.0001,seir_1_1em4,1,1,1960.8695368766785,7,0,0.05978002482838636,0.05222323552594945,0.1173695520144924,0.06671762987482416,0,0,1,1,1em4,,0,0,,0
seir,odepe_v2_nopolish,0.0001,seir_2_1em4,1,1,3211.704241037369,7,0,0.02216191849684843,0.10521025356524637,0.3046797977462898,0.15738309143376547,0,0,1,2,1em4,,0,0,,0
seir,odepe_v2_nopolish,0.0001,seir_3_1em4,1,1,1440.2052369117737,7,0,0.012821450870818664,0.020610970199270547,0.04819574352524006,0.027313331305181664,0,1,1,3,1em4,,0,0,,0
seir,odepe_v2_nopolish,0.0001,seir_4_1em4,1,1,1357.9369490146637,7,0,0.7733097597858708,0.9686534732809744,3.599306195030352,1.4861857481346803,0,0,0,4,1em4,,0,0,,0
seir,odepe_v2_nopolish,0.0001,seir_5_1em4,1,1,1370.5449149608612,7,0,0.008911705839690602,0.008282733238316948,0.017791226819024498,0.00995673406619426,0,1,1,5,1em4,,0,0,,0
seir,odepe_v2_nopolish,0.0001,seir_6_1em4,1,1,1882.8538060188293,7,0,1.0023337912192163,1.9310824448013448,5.397013342093156,2.785764946201864,0,0,0,6,1em4,,0,0,,0
seir,odepe_v2_nopolish,0.0001,seir_7_1em4,1,1,1182.0503120422363,7,0,0.12006808800693845,0.12230066320176054,0.29565183931320854,0.16210886993878723,0,0,1,7,1em4,,0,0,,0
seir,odepe_v2_nopolish,0.0001,seir_8_1em4,1,1,2046.9476220607758,7,0,0.9471908980740199,1.0963287221592914,3.9221336838281777,1.6439703783139554,0,0,0,8,1em4,,0,0,,0
seir,odepe_v2_nopolish,0.0001,seir_9_1em4,1,1,3001.854027032852,7,0,0.03531756002536424,0.027474263921208532,0.041744578056536176,0.03211714309528993,0,1,1,9,1em4,,0,0,,0
slow_fast,odepe_v2_nopolish,0.0001,slow_fast_0_1em4,1,1,898.3967549800873,8,0,0.00020732319027244296,0.0010283288330270694,0.0055550440160616514,0.002061067713064881,1,1,1,0,1em4,,0,0,,0
slow_fast,odepe_v2_nopolish,0.0001,slow_fast_1_1em4,1,1,960.7336010932922,8,0,0.0008894518802062066,0.0007940521522324794,0.0019426764277250034,0.0010508303564925993,1,1,1,1,1em4,,0,0,,0
slow_fast,odepe_v2_nopolish,0.0001,slow_fast_2_1em4,1,1,972.8201649188995,8,0,0.0006305094295284017,0.0005888692843575485,0.00129198106617897,0.0007243466251902111,1,1,1,2,1em4,,0,0,,0
slow_fast,odepe_v2_nopolish,0.0001,slow_fast_3_1em4,1,1,1108.7849388122559,8,0,0.0006927314541633981,0.0010536251125361092,0.0035342526804796603,0.0015447132633792122,1,1,1,3,1em4,,0,0,,0
slow_fast,odepe_v2_nopolish,0.0001,slow_fast_4_1em4,1,1,1268.9364969730377,8,0,0.00018610866806426424,0.0002820920364493175,0.0007499161667538631,0.0003774051383679289,1,1,1,4,1em4,,0,0,,0
slow_fast,odepe_v2_nopolish,0.0001,slow_fast_5_1em4,1,1,991.5381329059601,8,0,0.00012133389238595067,0.00035925188267332695,0.0015626832896579444,0.0006268182781637653,1,1,1,5,1em4,,0,0,,0
slow_fast,odepe_v2_nopolish,0.0001,slow_fast_6_1em4,1,1,1096.9517168998718,8,0,0.0005631965958886144,0.0007200957113337021,0.0019531646674768206,0.001009077903768958,1,1,1,6,1em4,,0,0,,0
slow_fast,odepe_v2_nopolish,0.0001,slow_fast_7_1em4,1,1,1068.1250350475311,8,0,0.000601167475667639,0.0005295172971694151,0.0011011095827708904,0.0006609864967169491,1,1,1,7,1em4,,0,0,,0
slow_fast,odepe_v2_nopolish,0.0001,slow_fast_8_1em4,1,1,1113.897320985794,8,0,0.000452440639626305,0.0010083705914833631,0.0028907597950323214,0.0015035496505744887,1,1,1,8,1em4,,0,0,,0
slow_fast,odepe_v2_nopolish,0.0001,slow_fast_9_1em4,1,1,1330.963355064392,8,0,0.0010145754911922759,0.0015980926558817924,0.005216113635114539,0.0023141966309625944,1,1,1,9,1em4,,0,0,,0
sirt_treatment,odepe_v2_nopolish,0.0001,sirt_treatment_0_1em4,1,1,1930.1679120063782,9,0,0.003375193214959838,0.012878173334311353,0.056411123022660936,0.022871996984898994,0,1,1,0,1em4,,0,0,,0
sirt_treatment,odepe_v2_nopolish,0.0001,sirt_treatment_1_1em4,1,1,2061.606350183487,9,0,0.003802653769651814,0.01275362961422071,0.06772167803666795,0.02427629497221765,0,1,1,1,1em4,,0,0,,0
sirt_treatment,odepe_v2_nopolish,0.0001,sirt_treatment_2_1em4,1,1,1228.3701450824738,9,0,0.003789094760876196,0.010855963145765727,0.04416656637856806,0.01732628778823374,0,1,1,2,1em4,,0,0,,0
sirt_treatment,odepe_v2_nopolish,0.0001,sirt_treatment_3_1em4,1,1,1477.8476679325104,9,0,0.0014340940686656688,0.002324545591003902,0.008303537372268107,0.0033883716197006773,1,1,1,3,1em4,,0,0,,0
sirt_treatment,odepe_v2_nopolish,0.0001,sirt_treatment_4_1em4,1,1,1672.7137639522552,9,0,0.011778035385408387,0.013353827719248004,0.03548300466813166,0.018019049795872332,0,1,1,4,1em4,,0,0,,0
sirt_treatment,odepe_v2_nopolish,0.0001,sirt_treatment_5_1em4,1,1,2407.853399991989,9,0,0.0073832436913431505,0.016669253304464483,0.06208457493772605,0.027856478438289672,0,1,1,5,1em4,,0,0,,0
sirt_treatment,odepe_v2_nopolish,0.0001,sirt_treatment_6_1em4,1,1,1206.4282629489899,9,0,0.0010451878095932786,0.002676115286511374,0.011930178059888453,0.0044795441552853196,0,1,1,6,1em4,,0,0,,0
sirt_treatment,odepe_v2_nopolish,0.0001,sirt_treatment_7_1em4,1,1,1348.5938460826874,9,0,0.0010700736563078377,0.0017655166239024548,0.005532967859763376,0.002456116616679528,1,1,1,7,1em4,,0,0,,0
sirt_treatment,odepe_v2_nopolish,0.0001,sirt_treatment_8_1em4,1,1,1730.3773910999298,9,0,0.0007038532101822352,0.0007214966144085752,0.001854755945914021,0.000962757095378499,1,1,1,8,1em4,,0,0,,0
sirt_treatment,odepe_v2_nopolish,0.0001,sirt_treatment_9_1em4,1,1,1317.8420140743256,9,0,0.0015025732352544649,0.006077223473888586,0.029212450119014587,0.01073581545270267,0,1,1,9,1em4,,0,0,,0
vanderpol,odepe_v2_nopolish,0.0001,vanderpol_0_1em4,1,1,489.21424889564514,4,0,2.52368838617713e-06,2.8441704962504138e-06,4.615375758561967e-06,3.0405230785480447e-06,1,1,1,0,1em4,,0,0,,0
vanderpol,odepe_v2_nopolish,0.0001,vanderpol_1_1em4,1,1,532.0923449993134,4,0,6.354300226252425e-06,1.0646701421845596e-05,2.8125833975443177e-05,1.4898418447620508e-05,1,1,1,1,1em4,,0,0,,0
vanderpol,odepe_v2_nopolish,0.0001,vanderpol_2_1em4,1,1,560.1747140884399,4,0,7.446101511358035e-06,7.2421086520418605e-06,1.2699262616029141e-05,8.40742148553777e-06,1,1,1,2,1em4,,0,0,,0
vanderpol,odepe_v2_nopolish,0.0001,vanderpol_3_1em4,1,1,506.95797204971313,4,0,2.4943836463586474e-05,2.6130012255713136e-05,4.85510927705488e-05,3.2706415785847295e-05,1,1,1,3,1em4,,0,0,,0
vanderpol,odepe_v2_nopolish,0.0001,vanderpol_4_1em4,1,1,556.9543077945709,4,0,1.1086232965815437e-06,5.950419910441676e-06,2.111659380574272e-05,1.0598608451187223e-05,1,1,1,4,1em4,,0,0,,0
vanderpol,odepe_v2_nopolish,0.0001,vanderpol_5_1em4,1,1,552.1346380710602,4,0,9.321882377050532e-05,0.0001576664726760052,0.0004420008973677424,0.0002337593337597587,1,1,1,5,1em4,,0,0,,0
vanderpol,odepe_v2_nopolish,0.0001,vanderpol_6_1em4,1,1,483.5325801372528,4,0,1.43880594725379e-06,5.2418088301179896e-06,1.7738134840061177e-05,8.929821173231712e-06,1,1,1,6,1em4,,0,0,,0
vanderpol,odepe_v2_nopolish,0.0001,vanderpol_7_1em4,1,1,651.3271129131317,4,0,5.959702440392134e-07,5.826109738481156e-07,1.0404000651336562e-06,7.142337497239973e-07,1,1,1,7,1em4,,0,0,,0
vanderpol,odepe_v2_nopolish,0.0001,vanderpol_8_1em4,1,1,510.84771513938904,4,0,7.171167865692288e-06,7.4271114451679975e-06,1.3041267721861511e-05,8.39479062185473e-06,1,1,1,8,1em4,,0,0,,0
vanderpol,odepe_v2_nopolish,0.0001,vanderpol_9_1em4,1,1,525.3594717979431,4,0,0.00015560722668697886,0.00014542283460606317,0.0002691391370791425,0.00018579333834628346,1,1,1,9,1em4,,0,0,,0
aircraft_pitch,odepe_v2_nopolish,0.01,aircraft_pitch_0_1em2,1,1,312.3610420227051,6,1,0.019617668562408125,0.025639671963524572,0.05792380822458587,0.030716725435725574,0,1,1,0,1em2,,0,0,,0
aircraft_pitch,odepe_v2_nopolish,0.01,aircraft_pitch_1_1em2,1,1,414.805771112442,6,1,0.001983827016363652,0.02729825838513142,0.1490343796511648,0.06100839780933606,0,0,1,1,1em2,,0,0,,0
aircraft_pitch,odepe_v2_nopolish,0.01,aircraft_pitch_2_1em2,1,1,446.72566413879395,6,1,0.0024532007640466593,0.0075095367819913,0.027032808263180275,0.012005449190258321,0,1,1,2,1em2,,0,0,,0
aircraft_pitch,odepe_v2_nopolish,0.01,aircraft_pitch_3_1em2,1,1,517.2876560688019,6,1,0.00020284518696243783,0.0003704401419885051,0.001260965850378527,0.0005471554903528178,1,1,1,3,1em2,,0,0,,0
aircraft_pitch,odepe_v2_nopolish,0.01,aircraft_pitch_4_1em2,1,1,440.28293895721436,6,1,0.003745954033405394,0.00638819867814307,0.017571073378364832,0.008439618433782431,0,1,1,4,1em2,,0,0,,0
aircraft_pitch,odepe_v2_nopolish,0.01,aircraft_pitch_5_1em2,1,1,562.612221956253,6,1,0.8192912918603461,2.4010527015438536,6.442865790749548,3.612489751992023,0,0,0,5,1em2,,0,0,,0
aircraft_pitch,odepe_v2_nopolish,0.01,aircraft_pitch_6_1em2,1,1,426.8484489917755,6,1,0.1649036775653823,0.15752609801365533,0.3040001007927992,0.18514702983379216,0,0,1,6,1em2,,0,0,,0
aircraft_pitch,odepe_v2_nopolish,0.01,aircraft_pitch_7_1em2,1,1,469.6293830871582,6,1,0.001541290768758146,0.013343262107581633,0.03970938397214869,0.021651163719354046,0,1,1,7,1em2,,0,0,,0
aircraft_pitch,odepe_v2_nopolish,0.01,aircraft_pitch_8_1em2,1,1,424.35135293006897,6,1,0.018271201468469837,0.018332380850526707,0.03616215359616278,0.02178211770821711,0,1,1,8,1em2,,0,0,,0
aircraft_pitch,odepe_v2_nopolish,0.01,aircraft_pitch_9_1em2,1,1,476.4935839176178,6,1,0.00020966807381546908,0.0013746972152161472,0.006944090150788403,0.002854944719989765,1,1,1,9,1em2,,0,0,,0
bicycle_model,odepe_v2_nopolish,0.01,bicycle_model_0_1em2,1,1,413.7527549266815,5,0,0.08979055211745883,0.0972103731904141,0.1272998445511984,0.09911421011890313,0,0,1,0,1em2,,0,0,,0
bicycle_model,odepe_v2_nopolish,0.01,bicycle_model_1_1em2,1,1,625.2246429920197,5,0,0.003367367645991791,0.0031997131618399788,0.005415071858698039,0.0036178212029842056,1,1,1,1,1em2,,0,0,,0
bicycle_model,odepe_v2_nopolish,0.01,bicycle_model_2_1em2,1,1,634.056715965271,5,0,0.014446787337729484,0.019147951443849683,0.03506976858984085,0.02181825400102127,0,1,1,2,1em2,,0,0,,0
bicycle_model,odepe_v2_nopolish,0.01,bicycle_model_3_1em2,1,1,685.0899720191956,5,0,0.022948977848290527,0.038656835749929716,0.09344629489421087,0.05016163936492705,0,1,1,3,1em2,,0,0,,0
bicycle_model,odepe_v2_nopolish,0.01,bicycle_model_4_1em2,1,1,682.6787831783295,5,0,0.02992132745181318,0.032220169551155864,0.055995534725063786,0.034605153063038824,0,1,1,4,1em2,,0,0,,0
bicycle_model,odepe_v2_nopolish,0.01,bicycle_model_5_1em2,1,1,563.6486392021179,5,0,0.0064270259580515255,0.0065837318201355365,0.016129193195699037,0.008401630824280085,0,1,1,5,1em2,,0,0,,0
bicycle_model,odepe_v2_nopolish,0.01,bicycle_model_6_1em2,1,1,707.8703000545502,5,0,0.009337841412555958,0.0124900380905623,0.035286577771738166,0.01728311759765894,0,1,1,6,1em2,,0,0,,0
bicycle_model,odepe_v2_nopolish,0.01,bicycle_model_7_1em2,1,1,635.3038091659546,5,0,0.2658159759513956,0.32412000041206057,0.6605964949660159,0.3774192603536059,0,0,0,7,1em2,,0,0,,0
bicycle_model,odepe_v2_nopolish,0.01,bicycle_model_8_1em2,1,1,607.1382858753204,5,0,0.009102420668560783,0.006697476394137864,0.01241947673846519,0.008390602213215187,0,1,1,8,1em2,,0,0,,0
bicycle_model,odepe_v2_nopolish,0.01,bicycle_model_9_1em2,1,1,666.4116179943085,5,0,0.02137573729802696,0.02042228108759368,0.02190711184698314,0.020490464584964892,0,1,1,9,1em2,,0,0,,0
biohydrogenation,odepe_v2_nopolish,0.01,biohydrogenation_0_1em2,1,1,2167.7981820106506,9,1,0.3375318988563126,0.4000896958509092,0.9637747169646732,0.5486941016532859,0,0,0,0,1em2,,0,0,,0
biohydrogenation,odepe_v2_nopolish,0.01,biohydrogenation_1_1em2,1,1,5338.3729038238525,9,1,0.3040477587115759,0.44941572459530554,1.006221750598395,0.6127590213277281,0,0,0,1,1em2,,0,0,,0
biohydrogenation,odepe_v2_nopolish,0.01,biohydrogenation_2_1em2,1,1,2198.5438580513,9,1,0.04162154620403149,0.36531994650844346,0.9943757547949327,0.552104603086538,0,0,0,2,1em2,,0,0,,0
biohydrogenation,odepe_v2_nopolish,0.01,biohydrogenation_3_1em2,1,1,2583.895168066025,9,1,0.20331757691932748,0.4187485777919041,0.8981566757758284,0.5641780015276522,0,0,0,3,1em2,,0,0,,0
biohydrogenation,odepe_v2_nopolish,0.01,biohydrogenation_4_1em2,1,1,4168.794939041138,9,1,0.5978261769174479,0.6076412075604795,0.9999999999993175,0.6912058708147614,0,0,0,4,1em2,,0,0,,0
biohydrogenation,odepe_v2_nopolish,0.01,biohydrogenation_5_1em2,1,1,2331.4346561431885,9,1,0.528041854219853,0.4544921213929584,0.8650221333119309,0.5474668904557647,0,0,0,5,1em2,,0,0,,0
biohydrogenation,odepe_v2_nopolish,0.01,biohydrogenation_6_1em2,1,1,3916.6962049007416,9,1,0.22721083623465407,0.42048349414030867,0.9947642218297719,0.5703888843501563,0,0,0,6,1em2,,0,0,,0
biohydrogenation,odepe_v2_nopolish,0.01,biohydrogenation_7_1em2,1,1,1996.06405711174,9,1,0.5232585835728197,0.44851452080864274,0.9999999999999908,0.6052651817859203,0,0,0,7,1em2,,0,0,,0
biohydrogenation,odepe_v2_nopolish,0.01,biohydrogenation_8_1em2,1,1,3236.3055260181427,9,1,0.20029862002022644,0.3334594010344205,0.8095319786501946,0.44220465399727776,0,0,0,8,1em2,,0,0,,0
biohydrogenation,odepe_v2_nopolish,0.01,biohydrogenation_9_1em2,1,1,2623.222321987152,9,1,0.5838805122835731,0.49963805342567763,1.0,0.6397521524218927,0,0,0,9,1em2,,0,0,,0
boost_converter,odepe_v2_nopolish,0.01,boost_converter_0_1em2,1,1,656.2042648792267,5,0,0.09841221029260688,0.10723723729225856,0.2357743236326293,0.13652769012009408,0,0,1,0,1em2,,0,0,,0
boost_converter,odepe_v2_nopolish,0.01,boost_converter_1_1em2,1,1,839.4494111537933,5,0,0.02812265403130083,0.043006576643802696,0.07840548877785328,0.05130033868861935,0,1,1,1,1em2,,0,0,,0
boost_converter,odepe_v2_nopolish,0.01,boost_converter_2_1em2,1,1,732.1507358551025,5,0,0.0048109325188931944,0.0450038075665774,0.195174369747374,0.08774823956728257,0,0,1,2,1em2,,0,0,,0
boost_converter,odepe_v2_nopolish,0.01,boost_converter_3_1em2,1,1,870.5650539398193,5,0,0.013950031931313922,0.011952345796987444,0.02283987680237249,0.014901906604140576,0,1,1,3,1em2,,0,0,,0
boost_converter,odepe_v2_nopolish,0.01,boost_converter_4_1em2,1,1,683.1022038459778,5,0,0.008420515294518498,0.014673475621388677,0.04379622645685211,0.020937075684291342,0,1,1,4,1em2,,0,0,,0
boost_converter,odepe_v2_nopolish,0.01,boost_converter_5_1em2,1,1,1002.0171060562134,5,0,0.030091176341402136,0.029022606173556193,0.06421098245445424,0.035828501702531816,0,1,1,5,1em2,,0,0,,0
boost_converter,odepe_v2_nopolish,0.01,boost_converter_6_1em2,1,1,758.362958908081,5,0,0.7427380418175055,1.8204267737542004,6.242234398785532,2.897692638408624,0,0,0,6,1em2,,0,0,,0
boost_converter,odepe_v2_nopolish,0.01,boost_converter_7_1em2,1,1,828.4902610778809,5,0,0.04252678668995788,0.047257290219524344,0.07082979894868893,0.05048698017238145,0,1,1,7,1em2,,0,0,,0
boost_converter,odepe_v2_nopolish,0.01,boost_converter_8_1em2,1,1,735.7869350910187,5,0,0.030818275150708292,0.026281411703298802,0.04926010655506777,0.030710326656478874,0,1,1,8,1em2,,0,0,,0
boost_converter,odepe_v2_nopolish,0.01,boost_converter_9_1em2,1,1,772.7255899906158,5,0,0.334037241899833,0.43790669711924385,1.5110175138063022,0.7083447602373655,0,0,0,9,1em2,,0,0,,0
brusselator,odepe_v2_nopolish,0.01,brusselator_0_1em2,1,1,575.9159049987793,4,0,0.05295492787838424,0.055050682884266455,0.08231812080594438,0.05888197131720788,0,1,1,0,1em2,,0,0,,0
brusselator,odepe_v2_nopolish,0.01,brusselator_1_1em2,1,1,704.7406780719757,4,0,0.015709272658999667,0.014294213934474706,0.02148703421230166,0.015605689188117243,0,1,1,1,1em2,,0,0,,0
brusselator,odepe_v2_nopolish,0.01,brusselator_2_1em2,1,1,674.2846930027008,4,0,0.0006341095227297438,0.01648093121242164,0.06431444316753679,0.03216086156683908,0,1,1,2,1em2,,0,0,,0
brusselator,odepe_v2_nopolish,0.01,brusselator_3_1em2,1,1,629.8780040740967,4,0,0.05892715304325388,0.0538919735789206,0.0862846337058547,0.06065428366133975,0,1,1,3,1em2,,0,0,,0
brusselator,odepe_v2_nopolish,0.01,brusselator_4_1em2,1,1,626.9873421192169,4,0,0.0005766837594162803,0.04293210094619583,0.17023620437915205,0.08511928841938918,0,0,1,4,1em2,,0,0,,0
brusselator,odepe_v2_nopolish,0.01,brusselator_5_1em2,1,1,560.8322198390961,4,0,0.9837009312532818,0.98335541826725,0.9873417721521776,0.9833606836284214,0,0,0,5,1em2,,0,0,,0
brusselator,odepe_v2_nopolish,0.01,brusselator_6_1em2,1,1,531.7016649246216,4,0,0.9791616137308301,0.9712806697406402,0.9877750611452841,0.9714732771160167,0,0,0,6,1em2,,0,0,,0
brusselator,odepe_v2_nopolish,0.01,brusselator_7_1em2,1,1,613.6662428379059,4,0,0.7382643762035406,0.6193621181487464,1.0,0.7461703052514005,0,0,0,7,1em2,,0,0,,0
brusselator,odepe_v2_nopolish,0.01,brusselator_8_1em2,1,1,807.1991190910339,4,0,0.9623771166821006,0.9578526140305706,0.9886234357226624,0.9582752138684056,0,0,0,8,1em2,,0,0,,0
brusselator,odepe_v2_nopolish,0.01,brusselator_9_1em2,1,1,631.8963460922241,4,0,0.0008218710013892354,0.06361828436055685,0.2520129584256842,0.12600848060150982,0,0,1,9,1em2,,0,0,,0
crauste,odepe_v2_nopolish,0.01,crauste_0_1em2,1,1,2878.6690199375153,17,0,1.3911072505643023,1449.3993473153648,22950.16193858902,5574.060666902745,0,0,0,0,1em2,,0,0,,0
crauste,odepe_v2_nopolish,0.01,crauste_1_1em2,1,1,4169.733251094818,17,0,2.1817398529323517,58.14985072372712,418.43252491780964,124.10667168990925,0,0,0,1,1em2,,0,0,,1
crauste,odepe_v2_nopolish,0.01,crauste_2_1em2,1,1,7434.709197998047,17,0,1.2150031928733929,704.1141410266647,7101.242572358526,1872.941275682801,0,0,0,2,1em2,,0,0,,0
crauste,odepe_v2_nopolish,0.01,crauste_3_1em2,1,1,9974.468493938446,17,0,0.698660856945769,6.282520576925075,67.57653126307909,16.889334915608135,0,0,0,3,1em2,,0,0,,1
crauste,odepe_v2_nopolish,0.01,crauste_4_1em2,1,1,4381.377324104309,17,0,0.567936761080986,2.6844505901604556,16.915268800684498,5.622971899646941,0,0,0,4,1em2,,0,0,,0
crauste,odepe_v2_nopolish,0.01,crauste_5_1em2,1,1,5871.309859991074,17,0,1.590639860020844,708.0562742556846,8982.19805457757,2241.956497184521,0,0,0,5,1em2,,0,0,,4
crauste,odepe_v2_nopolish,0.01,crauste_6_1em2,1,1,5108.353609085083,17,0,2.3848354777753933,34.164842603714995,186.06524428089048,69.84096683603227,0,0,0,6,1em2,,0,0,,0
crauste,odepe_v2_nopolish,0.01,crauste_7_1em2,1,1,4786.983258008957,17,0,2.85551318958802,24.68526093933779,130.35117860318562,48.68605522019104,0,0,0,7,1em2,,0,0,,1
crauste,odepe_v2_nopolish,0.01,crauste_8_1em2,1,1,5310.698951005936,17,0,2.0572500821810245,12.068139413060637,70.82639776753275,24.18247691216882,0,0,0,8,1em2,,0,0,,0
crauste,odepe_v2_nopolish,0.01,crauste_9_1em2,1,1,4767.209739208221,17,0,0.8013731465039688,15.256337100198664,124.46187954222769,37.551538908169825,0,0,0,9,1em2,,0,0,,1
cstr,odepe_v2_nopolish,0.01,cstr_0_1em2,1,1,3336.5465931892395,7,0,0.6384670267605005,0.9361844947754477,3.454773828976336,1.4040609034915816,0,0,0,0,1em2,,0,0,,0
cstr,odepe_v2_nopolish,0.01,cstr_1_1em2,1,1,5505.538250923157,7,0,1.467014494078627,1.044147769902252,1.7201386050459981,1.2395467519804135,0,0,0,1,1em2,,0,0,,0
cstr,odepe_v2_nopolish,0.01,cstr_2_1em2,1,1,4263.537662029266,7,0,0.14538069181051405,0.21939950599166025,0.4744904941814837,0.27104072213900976,0,0,1,2,1em2,,0,0,,0
cstr,odepe_v2_nopolish,0.01,cstr_3_1em2,1,1,5117.135097026825,7,0,0.7768987799818248,0.7957278792177213,1.536766985430979,0.8661777401437111,0,0,0,3,1em2,,0,0,,0
cstr,odepe_v2_nopolish,0.01,cstr_4_1em2,1,1,5622.4592390060425,7,0,1.000006855156225,0.7906754789770842,1.639429095517343,1.0177013989829056,0,0,0,4,1em2,,0,0,,0
cstr,odepe_v2_nopolish,0.01,cstr_5_1em2,1,1,4728.195239782333,7,0,0.7729990554094268,0.633082326770375,0.9999992451761575,0.7291981406155686,0,0,0,5,1em2,,0,0,,0
cstr,odepe_v2_nopolish,0.01,cstr_6_1em2,1,1,6837.589807987213,7,0,0.9999086857922918,0.7084318781353051,1.2411489553453967,0.8506024584322702,0,0,0,6,1em2,,0,0,,0
cstr,odepe_v2_nopolish,0.01,cstr_7_1em2,1,1,4779.796622991562,7,0,0.9781705562057347,0.7094201803008048,1.0178512872254037,0.7874440873494969,0,0,0,7,1em2,,0,0,,0
cstr,odepe_v2_nopolish,0.01,cstr_8_1em2,1,1,4476.407018899918,7,0,0.9828237046262099,0.7460170027357684,1.0404225480253615,0.842418999200202,0,0,0,8,1em2,,0,0,,0
cstr,odepe_v2_nopolish,0.01,cstr_9_1em2,1,1,5370.157320976257,7,0,0.6440764593714736,0.5524416185323087,0.9989626552722305,0.6543972932812562,0,0,0,9,1em2,,0,0,,0
daisy_mamil3,odepe_v2_nopolish,0.01,daisy_mamil3_0_1em2,1,1,836.6938610076904,8,0,0.16272615188332193,0.17450126006364675,0.4066185012116475,0.2189677842360493,0,0,1,0,1em2,,0,0,,0
daisy_mamil3,odepe_v2_nopolish,0.01,daisy_mamil3_1_1em2,1,1,1302.3898649215698,8,0,0.028262733739080413,0.029036001412016323,0.06154458821047101,0.03416123208888027,0,1,1,1,1em2,,0,0,,0
daisy_mamil3,odepe_v2_nopolish,0.01,daisy_mamil3_2_1em2,1,1,1224.062106847763,8,0,0.06017782960221861,0.08341469858998729,0.17010098259990603,0.10258240250805076,0,0,1,2,1em2,,0,0,,0
daisy_mamil3,odepe_v2_nopolish,0.01,daisy_mamil3_3_1em2,1,1,1179.3487758636475,8,0,0.1123827046126285,0.11857731641552839,0.2596040986244848,0.14712037689668087,0,0,1,3,1em2,,0,0,,0
daisy_mamil3,odepe_v2_nopolish,0.01,daisy_mamil3_4_1em2,1,1,1082.0835130214691,8,0,0.3290569867717882,0.26583740154653984,0.48420762857777006,0.32920844888330847,0,0,1,4,1em2,,0,0,,0
daisy_mamil3,odepe_v2_nopolish,0.01,daisy_mamil3_5_1em2,1,1,1649.8071930408478,8,0,0.6502232019404688,0.7833378064911413,2.232258860414935,1.0708465096342472,0,0,0,5,1em2,,0,0,,0
daisy_mamil3,odepe_v2_nopolish,0.01,daisy_mamil3_6_1em2,1,1,1273.6140208244324,8,0,0.034916222067800984,0.16950696258070783,0.47568339534030135,0.2622273814550764,0,0,1,6,1em2,,0,0,,0
daisy_mamil3,odepe_v2_nopolish,0.01,daisy_mamil3_7_1em2,1,1,1157.6828141212463,8,0,0.0928636395464499,0.21880094463110294,0.8334794987273316,0.343295874487656,0,0,0,7,1em2,,0,0,,0
daisy_mamil3,odepe_v2_nopolish,0.01,daisy_mamil3_8_1em2,1,1,944.4390959739685,8,0,0.055023329313180665,0.0600638425688511,0.12918069846062977,0.08121614508290305,0,0,1,8,1em2,,0,0,,0
daisy_mamil3,odepe_v2_nopolish,0.01,daisy_mamil3_9_1em2,1,1,1041.6682109832764,8,0,0.12041165936522538,0.11623801033118854,0.20165892010130734,0.12917189764631265,0,0,1,9,1em2,,0,0,,0
daisy_mamil4,odepe_v2_nopolish,0.01,daisy_mamil4_0_1em2,1,1,2408.6701040267944,11,0,0.35102728092094254,0.34539959188857455,0.8044125621309003,0.4422526935419993,0,0,0,0,1em2,,0,0,,0
daisy_mamil4,odepe_v2_nopolish,0.01,daisy_mamil4_1_1em2,1,1,950.0399639606476,11,0,0.4687531005848289,0.6446029380971438,1.6358887106866882,0.826352741865528,0,0,0,1,1em2,,0,0,,0
daisy_mamil4,odepe_v2_nopolish,0.01,daisy_mamil4_2_1em2,1,1,2559.8229088783264,11,0,0.07633491835856993,0.1261020369788106,0.38610253661075444,0.17418711442129092,0,0,1,2,1em2,,0,0,,0
daisy_mamil4,odepe_v2_nopolish,0.01,daisy_mamil4_3_1em2,1,1,1608.1577270030975,11,0,0.30575176026900835,0.43997752330648027,0.9874633091422731,0.5836630994414382,0,0,0,3,1em2,,0,0,,0
daisy_mamil4,odepe_v2_nopolish,0.01,daisy_mamil4_4_1em2,1,1,2202.4989387989044,11,0,0.03217869156150239,0.1077867055175635,0.35398427193075915,0.15780359915011077,0,0,1,4,1em2,,0,0,,0
daisy_mamil4,odepe_v2_nopolish,0.01,daisy_mamil4_5_1em2,1,1,2547.4556379318237,11,0,0.44546157904105915,0.6148589565804267,1.0503031851923113,0.6924378706057276,0,0,0,5,1em2,,0,0,,0
daisy_mamil4,odepe_v2_nopolish,0.01,daisy_mamil4_6_1em2,1,1,1603.1685190200806,11,0,0.12584637171081664,0.1859291735518567,0.6321400285042285,0.2726569394888193,0,0,0,6,1em2,,0,0,,0
daisy_mamil4,odepe_v2_nopolish,0.01,daisy_mamil4_7_1em2,1,1,2842.14301609993,11,0,0.08318575942827168,0.18594418768479323,0.5188426544514763,0.2519380741122645,0,0,0,7,1em2,,0,0,,0
daisy_mamil4,odepe_v2_nopolish,0.01,daisy_mamil4_8_1em2,1,1,2307.5971879959106,11,0,0.15808336837471032,0.285344038057512,0.8030317304145206,0.41680584076898425,0,0,0,8,1em2,,0,0,,0
daisy_mamil4,odepe_v2_nopolish,0.01,daisy_mamil4_9_1em2,1,1,2124.707969903946,11,0,0.3162763566506281,0.3442718559805406,0.9143717838167411,0.44947943878244706,0,0,0,9,1em2,,0,0,,0
dc_motor,odepe_v2_nopolish,0.01,dc_motor_0_1em2,1,1,378.38946199417114,4,0,0.04191937743832376,0.04103676238206095,0.06587904183398635,0.04543654795970155,0,1,1,0,1em2,,0,0,,0
dc_motor,odepe_v2_nopolish,0.01,dc_motor_1_1em2,1,1,427.67496395111084,4,0,0.016815363330036442,0.021788748869974634,0.04507437280529287,0.025891064155333113,0,1,1,1,1em2,,0,0,,0
dc_motor,odepe_v2_nopolish,0.01,dc_motor_2_1em2,1,1,407.32652401924133,4,0,0.05010308996599262,0.07667979464356563,0.19831765446771424,0.10664859507216677,0,0,1,2,1em2,,0,0,,0
dc_motor,odepe_v2_nopolish,0.01,dc_motor_3_1em2,1,1,417.21577310562134,4,0,0.031587312404169586,0.0452752089184743,0.10111678532205692,0.05632588736066112,0,0,1,3,1em2,,0,0,,0
dc_motor,odepe_v2_nopolish,0.01,dc_motor_4_1em2,1,1,391.507896900177,4,0,0.028003126163568814,0.03705395683626932,0.08367599367866121,0.047683811060232374,0,1,1,4,1em2,,0,0,,0
dc_motor,odepe_v2_nopolish,0.01,dc_motor_5_1em2,1,1,427.6953990459442,4,0,0.04559388568616539,0.04590913671027755,0.06564149648870898,0.04804152835182144,0,1,1,5,1em2,,0,0,,0
dc_motor,odepe_v2_nopolish,0.01,dc_motor_6_1em2,1,1,361.4361991882324,4,0,0.006993807468522627,0.011539222543672938,0.031155505815075844,0.01649308385701277,0,1,1,6,1em2,,0,0,,0
dc_motor,odepe_v2_nopolish,0.01,dc_motor_7_1em2,1,1,368.89082312583923,4,0,0.023898910809051634,0.029095231145515356,0.06396981004492695,0.03657634653860074,0,1,1,7,1em2,,0,0,,0
dc_motor,odepe_v2_nopolish,0.01,dc_motor_8_1em2,1,1,364.0352280139923,4,0,0.1274928571243057,0.12369187952423658,0.22100253993208058,0.14639760761945297,0,0,1,8,1em2,,0,0,,0
dc_motor,odepe_v2_nopolish,0.01,dc_motor_9_1em2,1,1,409.46882700920105,4,0,0.03859677386732125,0.03407283804220684,0.045328396869511615,0.03627204242562998,0,1,1,9,1em2,,0,0,,0
fitzhugh_nagumo,odepe_v2_nopolish,0.01,fitzhugh_nagumo_0_1em2,1,1,420.84436297416687,5,0,1.8266952975529023,2.136024997138672,3.914008857940135,2.6033024675297907,0,0,0,0,1em2,,0,0,,0
fitzhugh_nagumo,odepe_v2_nopolish,0.01,fitzhugh_nagumo_1_1em2,1,1,475.02331709861755,5,0,0.09665664089468211,0.13714083211368275,0.42697886700607524,0.20282424027094353,0,0,1,1,1em2,,0,0,,0
fitzhugh_nagumo,odepe_v2_nopolish,0.01,fitzhugh_nagumo_2_1em2,1,1,431.96145606040955,5,0,0.3561917309588428,0.2949131514208094,0.6045685685820325,0.3630899669557031,0,0,0,2,1em2,,0,0,,0
fitzhugh_nagumo,odepe_v2_nopolish,0.01,fitzhugh_nagumo_3_1em2,1,1,399.60998797416687,5,0,0.029206821649621285,0.21079739608170261,0.6087407578763359,0.32654515746218615,0,0,0,3,1em2,,0,0,,0
fitzhugh_nagumo,odepe_v2_nopolish,0.01,fitzhugh_nagumo_4_1em2,1,1,367.6133608818054,5,0,0.10944280112246242,0.2155730036772101,0.48733096490000993,0.30627951544693005,0,0,1,4,1em2,,0,0,,0
fitzhugh_nagumo,odepe_v2_nopolish,0.01,fitzhugh_nagumo_5_1em2,1,1,563.7734160423279,5,0,0.8260356712419411,0.8075638779174252,2.0209894275207088,1.0574329802979348,0,0,0,5,1em2,,0,0,,0
fitzhugh_nagumo,odepe_v2_nopolish,0.01,fitzhugh_nagumo_6_1em2,1,1,428.2053141593933,5,0,0.08250941159755507,0.24702617540613953,0.5938838359866017,0.3577824998766219,0,0,0,6,1em2,,0,0,,0
fitzhugh_nagumo,odepe_v2_nopolish,0.01,fitzhugh_nagumo_7_1em2,1,1,473.4138140678406,5,0,0.2337303386809294,0.535226899440426,1.8316083274876394,0.8545331452048096,0,0,0,7,1em2,,0,0,,0
fitzhugh_nagumo,odepe_v2_nopolish,0.01,fitzhugh_nagumo_8_1em2,1,1,403.9240951538086,5,0,0.043032442146008945,0.07459166643686334,0.2152378292239537,0.10930379764031961,0,0,1,8,1em2,,0,0,,0
fitzhugh_nagumo,odepe_v2_nopolish,0.01,fitzhugh_nagumo_9_1em2,1,1,441.9464011192322,5,0,0.10403266742904946,0.7294325424902381,2.2781325009000053,1.1372521817146521,0,0,0,9,1em2,,0,0,,0
flexible_arm,odepe_v2_nopolish,0.01,flexible_arm_0_1em2,1,1,583.821291923523,9,0,0.7824377507902173,1.0445313098394016,2.2439657294020363,1.1777688998573494,0,0,0,0,1em2,,0,0,,0
flexible_arm,odepe_v2_nopolish,0.01,flexible_arm_1_1em2,1,1,588.0665469169617,9,0,0.6341726546773948,0.6621089161233912,1.245769916986874,0.7319066611211731,0,0,0,1,1em2,,0,0,,0
flexible_arm,odepe_v2_nopolish,0.01,flexible_arm_2_1em2,1,1,603.9179379940033,9,0,0.9772764917381879,0.7804062681219124,1.376468575225706,0.9024584904840313,0,0,0,2,1em2,,0,0,,0
flexible_arm,odepe_v2_nopolish,0.01,flexible_arm_3_1em2,1,1,580.4337329864502,9,0,0.4383349246647712,0.5683288358527698,0.998440260780714,0.6557147934282519,0,0,0,3,1em2,,0,0,,0
flexible_arm,odepe_v2_nopolish,0.01,flexible_arm_4_1em2,1,1,589.2965950965881,9,0,0.7084553906140842,0.6374852924014742,0.8781477145414628,0.6617860823363869,0,0,0,4,1em2,,0,0,,0
flexible_arm,odepe_v2_nopolish,0.01,flexible_arm_5_1em2,1,1,631.6262218952179,9,0,0.7697672056644171,1.4124361449795684,3.904921305089757,1.9511661698805804,0,0,0,5,1em2,,0,0,,0
flexible_arm,odepe_v2_nopolish,0.01,flexible_arm_6_1em2,1,1,557.3822991847992,9,0,0.763067694691864,0.6689725582893291,0.9734828096731647,0.7128872102859851,0,0,0,6,1em2,,0,0,,0
flexible_arm,odepe_v2_nopolish,0.01,flexible_arm_7_1em2,1,1,600.6130290031433,9,0,0.5476412161553955,0.5440957042659984,0.9856749417875779,0.6256426525427994,0,0,0,7,1em2,,0,0,,0
flexible_arm,odepe_v2_nopolish,0.01,flexible_arm_8_1em2,1,1,597.0086340904236,9,0,0.8964726730022108,0.9075905512729183,1.7136511544791695,0.964570040993491,0,0,0,8,1em2,,0,0,,0
flexible_arm,odepe_v2_nopolish,0.01,flexible_arm_9_1em2,1,1,607.2341978549957,9,0,1.0206782305748978,1.0083804216402994,1.9823508072098222,1.1114031722539053,0,0,0,9,1em2,,0,0,,0
forced_lotka_volterra,odepe_v2_nopolish,0.01,forced_lotka_volterra_0_1em2,1,1,494.3189001083374,6,0,0.038895478523555016,0.06924195849967897,0.17504160564983315,0.09420309982611368,0,0,1,0,1em2,,0,0,,0
forced_lotka_volterra,odepe_v2_nopolish,0.01,forced_lotka_volterra_1_1em2,1,1,527.8275032043457,6,0,0.10670371229900255,0.10696645605667927,0.22625616001850302,0.12930945137262648,0,0,1,1,1em2,,0,0,,0
forced_lotka_volterra,odepe_v2_nopolish,0.01,forced_lotka_volterra_2_1em2,1,1,600.2202260494232,6,0,0.11672647384928436,0.12325848742932531,0.2947459279596935,0.16201521458832008,0,0,1,2,1em2,,0,0,,0
forced_lotka_volterra,odepe_v2_nopolish,0.01,forced_lotka_volterra_3_1em2,1,1,573.2425100803375,6,0,0.08904767431591003,0.23487395853986584,0.689038352849572,0.35837201161646465,0,0,0,3,1em2,,0,0,,0
forced_lotka_volterra,odepe_v2_nopolish,0.01,forced_lotka_volterra_4_1em2,1,1,511.1820340156555,6,0,0.23845426372986644,0.31916052684710855,0.6657057985814926,0.405736072937502,0,0,0,4,1em2,,0,0,,0
forced_lotka_volterra,odepe_v2_nopolish,0.01,forced_lotka_volterra_5_1em2,1,1,508.61568212509155,6,0,0.5104486187081202,0.43104063667509185,0.8336016719955431,0.5120164663408023,0,0,0,5,1em2,,0,0,,0
forced_lotka_volterra,odepe_v2_nopolish,0.01,forced_lotka_volterra_6_1em2,1,1,534.4628701210022,6,0,0.29483976377674415,0.35045493217899004,0.7435376509792844,0.45091486982896767,0,0,0,6,1em2,,0,0,,0
forced_lotka_volterra,odepe_v2_nopolish,0.01,forced_lotka_volterra_7_1em2,1,1,757.2905790805817,6,0,0.21664612044236078,0.29277103620968886,0.7047598641231569,0.40460027987359753,0,0,0,7,1em2,,0,0,,0
forced_lotka_volterra,odepe_v2_nopolish,0.01,forced_lotka_volterra_8_1em2,1,1,513.4625489711761,6,0,0.46469839332405233,0.4485281829120566,0.920178754292989,0.5479852960361855,0,0,0,8,1em2,,0,0,,0
forced_lotka_volterra,odepe_v2_nopolish,0.01,forced_lotka_volterra_9_1em2,1,1,507.1226990222931,6,0,0.020192879637627073,0.022625425038581174,0.04853775666795897,0.027371891875787858,0,1,1,9,1em2,,0,0,,0
harmonic_oscillator,odepe_v2_nopolish,0.01,harmonic_oscillator_0_1em2,1,1,306.5193169116974,4,0,3.319678945387153e-05,4.500277465749145e-05,0.00010503218548508776,5.7713691925200046e-05,1,1,1,0,1em2,,0,0,,0
harmonic_oscillator,odepe_v2_nopolish,0.01,harmonic_oscillator_1_1em2,1,1,307.4105989933014,4,0,2.168221050572939e-05,1.7457290100643898e-05,2.5169424321417957e-05,1.9867482863390448e-05,1,1,1,1,1em2,,0,0,,0
harmonic_oscillator,odepe_v2_nopolish,0.01,harmonic_oscillator_2_1em2,1,1,270.9554810523987,4,0,1.1339092895639627e-05,1.200845214916134e-05,2.3737794241626572e-05,1.4389739351190868e-05,1,1,1,2,1em2,,0,0,,0
harmonic_oscillator,odepe_v2_nopolish,0.01,harmonic_oscillator_3_1em2,1,1,330.16805505752563,4,0,1.1756295812795306e-05,1.3302302563223674e-05,2.2074349091870583e-05,1.4337039408909406e-05,1,1,1,3,1em2,,0,0,,0
harmonic_oscillator,odepe_v2_nopolish,0.01,harmonic_oscillator_4_1em2,1,1,307.605348110199,4,0,0.00017927344063607302,0.00019069166200990598,0.00024394879715217144,0.00019350325653379768,1,1,1,4,1em2,,0,0,,0
harmonic_oscillator,odepe_v2_nopolish,0.01,harmonic_oscillator_5_1em2,1,1,337.1935908794403,4,0,0.00015632326791617513,0.00012961750899612753,0.00018922492472414252,0.00014735131497696903,1,1,1,5,1em2,,0,0,,0
harmonic_oscillator,odepe_v2_nopolish,0.01,harmonic_oscillator_6_1em2,1,1,422.53510189056396,4,0,0.0005036257495747948,0.0004334652408937449,0.0005740532587670562,0.00046425304515545075,1,1,1,6,1em2,,0,0,,0
harmonic_oscillator,odepe_v2_nopolish,0.01,harmonic_oscillator_7_1em2,1,1,282.87214493751526,4,0,1.87672585085674e-05,1.8640239683736726e-05,2.3875790427312718e-05,1.903719991567719e-05,1,1,1,7,1em2,,0,0,,0
harmonic_oscillator,odepe_v2_nopolish,0.01,harmonic_oscillator_8_1em2,1,1,362.6550920009613,4,0,0.00010336141211167945,0.00010058167611689812,0.00013528028631092337,0.00010552828316059661,1,1,1,8,1em2,,0,0,,0
harmonic_oscillator,odepe_v2_nopolish,0.01,harmonic_oscillator_9_1em2,1,1,380.0183207988739,4,0,7.650238780792411e-05,6.927870326058476e-05,9.513342093281187e-05,7.412606004291243e-05,1,1,1,9,1em2,,0,0,,0
hiv,odepe_v2_nopolish,0.01,hiv_0_1em2,1,1,2228.4353380203247,15,0,0.988946712276712,2.551942457481929,20.42086235783877,5.7046732280048476,0,0,0,0,1em2,,0,0,,0
hiv,odepe_v2_nopolish,0.01,hiv_1_1em2,1,1,2441.894805908203,15,0,1.155427726167425,3.076459038994526,13.263869837455848,5.141026110298349,0,0,0,1,1em2,,0,0,,0
hiv,odepe_v2_nopolish,0.01,hiv_2_1em2,1,1,2384.5960879325867,15,0,1.0640617410693858,11.711866965631136,92.81045990279513,27.384861580568955,0,0,0,2,1em2,,0,0,,0
hiv,odepe_v2_nopolish,0.01,hiv_3_1em2,1,1,2899.7616069316864,15,0,0.18476831314763356,11.265178936534586,99.41068856436088,30.540961625938998,0,0,0,3,1em2,,0,0,,0
hiv,odepe_v2_nopolish,0.01,hiv_4_1em2,1,1,2558.5628991127014,15,0,0.90722665993678,2.4599305580584914,14.903012593946542,4.719954732020145,0,0,0,4,1em2,,0,0,,0
hiv,odepe_v2_nopolish,0.01,hiv_5_1em2,1,1,1759.194375038147,15,0,0.37229751003909317,1.2998663458476363,7.55604902591162,2.5803029546189147,0,0,0,5,1em2,,0,0,,1
hiv,odepe_v2_nopolish,0.01,hiv_6_1em2,1,1,3396.2075850963593,15,0,0.8441131564829979,2.434207116076618,12.168538676108636,4.622345782572163,0,0,0,6,1em2,,0,0,,0
hiv,odepe_v2_nopolish,0.01,hiv_7_1em2,1,1,2507.458004951477,15,0,1.300932173010414,48.908288426325306,493.3889365445143,132.22326419400795,0,0,0,7,1em2,,0,0,,0
hiv,odepe_v2_nopolish,0.01,hiv_8_1em2,1,1,2515.423525094986,15,0,1.3290487647461142,4.193075867353627,29.843991248627393,8.492466607632473,0,0,0,8,1em2,,0,0,,2
hiv,odepe_v2_nopolish,0.01,hiv_9_1em2,1,1,3391.831321954727,15,0,0.9866363731172587,2.9680606584873885,23.385239051512173,6.494098000128353,0,0,0,9,1em2,,0,0,,2
lotka_volterra,odepe_v2_nopolish,0.01,lotka_volterra_0_1em2,1,1,410.674409866333,5,0,0.06809234132307283,0.09743354974718693,0.19019132343400708,0.11981894027388676,0,0,1,0,1em2,,0,0,,0
lotka_volterra,odepe_v2_nopolish,0.01,lotka_volterra_1_1em2,1,1,653.722244977951,5,0,0.03895429605156596,0.1176622763731641,0.4292334230827787,0.1969127364449948,0,0,1,1,1em2,,0,0,,0
lotka_volterra,odepe_v2_nopolish,0.01,lotka_volterra_2_1em2,1,1,582.961156129837,5,0,0.012361580519261606,0.048322821000022595,0.16972937820819226,0.07886476349939932,0,0,1,2,1em2,,0,0,,0
lotka_volterra,odepe_v2_nopolish,0.01,lotka_volterra_3_1em2,1,1,569.5431730747223,5,0,0.11783867899289081,0.1189933603211453,0.18717128729434507,0.12942568585095213,0,0,1,3,1em2,,0,0,,0
lotka_volterra,odepe_v2_nopolish,0.01,lotka_volterra_4_1em2,1,1,448.72828102111816,5,0,0.06112518349215098,0.07632364814173165,0.15596502451651628,0.09413808089449546,0,0,1,4,1em2,,0,0,,0
lotka_volterra,odepe_v2_nopolish,0.01,lotka_volterra_5_1em2,1,1,602.6844799518585,5,0,0.013364999325407913,0.030411231230401226,0.07232410714475332,0.043587007037357225,0,1,1,5,1em2,,0,0,,0
lotka_volterra,odepe_v2_nopolish,0.01,lotka_volterra_6_1em2,1,1,409.43436884880066,5,0,0.022467869271238013,0.020232123468757694,0.039397267853884796,0.02452973078396232,0,1,1,6,1em2,,0,0,,0
lotka_volterra,odepe_v2_nopolish,0.01,lotka_volterra_7_1em2,1,1,469.2563569545746,5,0,0.045576680707901274,0.04847035570337711,0.06793528837534446,0.05058699513131981,0,1,1,7,1em2,,0,0,,0
lotka_volterra,odepe_v2_nopolish,0.01,lotka_volterra_8_1em2,1,1,621.0131859779358,5,0,0.01954630101224471,0.033804418679079275,0.08324525985822988,0.042174271931575136,0,1,1,8,1em2,,0,0,,0
lotka_volterra,odepe_v2_nopolish,0.01,lotka_volterra_9_1em2,1,1,638.2184281349182,5,0,0.2643826783389304,0.2586263431638739,0.3645998185586463,0.2736869406188451,0,0,1,9,1em2,,0,0,,0
mass_spring_damper,odepe_v2_nopolish,0.01,mass_spring_damper_0_1em2,1,1,349.3027009963989,5,0,0.009475071276934826,0.009358030018659712,0.014748784692585223,0.010108098349044031,0,1,1,0,1em2,,0,0,,0
mass_spring_damper,odepe_v2_nopolish,0.01,mass_spring_damper_1_1em2,1,1,384.4823639392853,5,0,0.0003667757525431472,0.0005826160016163288,0.0013241567693482116,0.0007312025402325168,1,1,1,1,1em2,,0,0,,0
mass_spring_damper,odepe_v2_nopolish,0.01,mass_spring_damper_2_1em2,1,1,490.4911320209503,5,0,0.012883950694723936,0.013420648426653225,0.0251031137306169,0.015433287838669372,0,1,1,2,1em2,,0,0,,0
mass_spring_damper,odepe_v2_nopolish,0.01,mass_spring_damper_3_1em2,1,1,433.3164699077606,5,0,0.015083146938393457,0.01853214760535238,0.03770707538378084,0.021988835078520466,0,1,1,3,1em2,,0,0,,0
mass_spring_damper,odepe_v2_nopolish,0.01,mass_spring_damper_4_1em2,1,1,429.20238995552063,5,0,0.008801389818770189,0.006888824658955292,0.01312298808403861,0.008714733132235478,0,1,1,4,1em2,,0,0,,0
mass_spring_damper,odepe_v2_nopolish,0.01,mass_spring_damper_5_1em2,1,1,380.99259901046753,5,0,0.0012244069613924693,0.0018969094412117603,0.0033520366008721143,0.0022049498897219106,1,1,1,5,1em2,,0,0,,0
mass_spring_damper,odepe_v2_nopolish,0.01,mass_spring_damper_6_1em2,1,1,373.8900799751282,5,0,0.006790869503381838,0.007429351164889001,0.012633435412374222,0.008401222692900893,0,1,1,6,1em2,,0,0,,0
mass_spring_damper,odepe_v2_nopolish,0.01,mass_spring_damper_7_1em2,1,1,452.8721389770508,5,0,0.001037391983721408,0.001497753416838926,0.003110400579806633,0.0017314991603821221,1,1,1,7,1em2,,0,0,,0
mass_spring_damper,odepe_v2_nopolish,0.01,mass_spring_damper_8_1em2,1,1,378.40942788124084,5,0,0.004086264540550327,0.008233065477170884,0.017048682907916664,0.010516846206128798,0,1,1,8,1em2,,0,0,,0
mass_spring_damper,odepe_v2_nopolish,0.01,mass_spring_damper_9_1em2,1,1,385.67925810813904,5,0,0.014022516524751767,0.010432644651395059,0.016399147869467424,0.012193008942877656,0,1,1,9,1em2,,0,0,,0
quadrotor,odepe_v2_nopolish,0.01,quadrotor_0_1em2,1,1,368.0708601474762,4,0,0.020533110123339093,0.038619141635330013,0.11255542402142059,0.05834913357333317,0,0,1,0,1em2,,0,0,,0
quadrotor,odepe_v2_nopolish,0.01,quadrotor_1_1em2,1,1,419.6938261985779,4,0,0.02701519826956171,0.023157038792465445,0.03767543554928395,0.02762133547876037,0,1,1,1,1em2,,0,0,,0
quadrotor,odepe_v2_nopolish,0.01,quadrotor_2_1em2,1,1,414.0965631008148,4,0,0.017488331455326318,0.01585938861283531,0.022518723065799034,0.01704815417184771,0,1,1,2,1em2,,0,0,,0
quadrotor,odepe_v2_nopolish,0.01,quadrotor_3_1em2,1,1,407.69000005722046,4,0,0.1469501357902621,0.18905133757185907,0.43865403632379235,0.2553231277558431,0,0,1,3,1em2,,0,0,,0
quadrotor,odepe_v2_nopolish,0.01,quadrotor_4_1em2,1,1,395.3405718803406,4,0,0.013582465872821742,0.014323620316552928,0.028725325829848186,0.017520487335290345,0,1,1,4,1em2,,0,0,,0
quadrotor,odepe_v2_nopolish,0.01,quadrotor_5_1em2,1,1,373.40030217170715,4,0,0.01672228281416547,0.01709474142317639,0.02125003438695882,0.017375254100349836,0,1,1,5,1em2,,0,0,,0
quadrotor,odepe_v2_nopolish,0.01,quadrotor_6_1em2,1,1,521.2891829013824,4,0,0.015508186419223052,0.03798280057178934,0.11832297563082421,0.06065923231552193,0,0,1,6,1em2,,0,0,,0
quadrotor,odepe_v2_nopolish,0.01,quadrotor_7_1em2,1,1,506.81827092170715,4,0,0.042477994293260796,0.038985051137542505,0.06583495841490218,0.046599227454140225,0,1,1,7,1em2,,0,0,,0
quadrotor,odepe_v2_nopolish,0.01,quadrotor_8_1em2,1,1,594.456533908844,4,0,0.09051012167334609,0.10824980419479252,0.2517041749664477,0.15459558813356064,0,0,1,8,1em2,,0,0,,0
quadrotor,odepe_v2_nopolish,0.01,quadrotor_9_1em2,1,1,605.2234289646149,4,0,0.013940353537393847,0.01903858106141395,0.04160244513066741,0.023486374781661167,0,1,1,9,1em2,,0,0,,0
repressilator,odepe_v2_nopolish,0.01,repressilator_0_1em2,1,1,1476.2168560028076,9,0,0.03271654973539849,0.05541323914082689,0.1521386199471376,0.07362581472310922,0,0,1,0,1em2,,0,0,,0
repressilator,odepe_v2_nopolish,0.01,repressilator_1_1em2,1,1,2206.356271982193,9,0,0.013941931513658145,0.03194182036497646,0.06860814552430096,0.0429454872613512,0,1,1,1,1em2,,0,0,,0
repressilator,odepe_v2_nopolish,0.01,repressilator_2_1em2,1,1,2376.475301027298,9,0,0.03280063876428347,0.03538219327600493,0.09061399263384941,0.04792524581653026,0,1,1,2,1em2,,0,0,,0
repressilator,odepe_v2_nopolish,0.01,repressilator_3_1em2,1,1,2376.162018060684,9,0,0.00503989999965983,0.006317293466110794,0.016965937213018638,0.00815205270528613,0,1,1,3,1em2,,0,0,,0
repressilator,odepe_v2_nopolish,0.01,repressilator_4_1em2,1,1,2119.170032978058,9,0,0.036159977103578614,0.04051925574902279,0.11767562132230529,0.05414672394544329,0,0,1,4,1em2,,0,0,,0
repressilator,odepe_v2_nopolish,0.01,repressilator_5_1em2,1,1,2091.1581909656525,9,0,0.01426631089198232,0.018348054478537566,0.04365603854331431,0.02267735456771975,0,1,1,5,1em2,,0,0,,0
repressilator,odepe_v2_nopolish,0.01,repressilator_6_1em2,1,1,1506.8777740001678,9,0,0.014762194551056802,0.05078161864350733,0.15227381184558147,0.0790869597327111,0,0,1,6,1em2,,0,0,,0
repressilator,odepe_v2_nopolish,0.01,repressilator_7_1em2,1,1,2101.2624599933624,9,0,0.011240611693314357,0.017330439374519703,0.04919116641090433,0.022773176877732445,0,1,1,7,1em2,,0,0,,0
repressilator,odepe_v2_nopolish,0.01,repressilator_8_1em2,1,1,2341.8683631420135,9,0,0.030602872764985023,0.03780366418089037,0.1065537125935609,0.05032151308947709,0,0,1,8,1em2,,0,0,,0
repressilator,odepe_v2_nopolish,0.01,repressilator_9_1em2,1,1,2340.5720269680023,9,0,0.014174584729315423,0.03435753153763465,0.10687241626554347,0.049398360017979544,0,0,1,9,1em2,,0,0,,0
seir,odepe_v2_nopolish,0.01,seir_0_1em2,1,1,1214.6246819496155,7,0,0.05548553815811213,0.09533014940340159,0.2669533289347471,0.12687789699955176,0,0,1,0,1em2,,0,0,,0
seir,odepe_v2_nopolish,0.01,seir_1_1em2,1,1,1480.131488084793,7,0,0.37526850921640714,0.5894393522851841,1.493851699480431,0.8150413843139204,0,0,0,1,1em2,,0,0,,0
seir,odepe_v2_nopolish,0.01,seir_2_1em2,1,1,2473.501207113266,7,0,0.23726680259836985,0.20407241120831157,0.3766678798347322,0.24817618729304453,0,0,1,2,1em2,,0,0,,0
seir,odepe_v2_nopolish,0.01,seir_3_1em2,1,1,2318.6543860435486,7,0,0.03650861019113169,0.04251604386698655,0.08571638100415377,0.051938407237080084,0,1,1,3,1em2,,0,0,,0
seir,odepe_v2_nopolish,0.01,seir_4_1em2,1,1,2728.2886691093445,7,0,1.0064546855682477,9.215719263088877,33.756718340723026,15.3945334676806,0,0,0,4,1em2,,0,0,,0
seir,odepe_v2_nopolish,0.01,seir_5_1em2,1,1,2833.3798391819,7,0,0.24716062253946566,0.2976103858373605,0.708726101122367,0.3865453265753027,0,0,0,5,1em2,,0,0,,0
seir,odepe_v2_nopolish,0.01,seir_6_1em2,1,1,2573.549588918686,7,0,0.36935679558710477,0.5239353637720227,0.9995772643358576,0.6475213371028451,0,0,0,6,1em2,,0,0,,0
seir,odepe_v2_nopolish,0.01,seir_7_1em2,1,1,2695.7605679035187,7,0,1.9740749387322762,2.1596325750363845,5.272781413816824,2.948039108887284,0,0,0,7,1em2,,0,0,,0
seir,odepe_v2_nopolish,0.01,seir_8_1em2,1,1,2356.9347610473633,7,0,0.8386263746677767,0.7245896381378506,0.9999901792326269,0.7965737224918751,0,0,0,8,1em2,,0,0,,0
seir,odepe_v2_nopolish,0.01,seir_9_1em2,1,1,2314.4691100120544,7,0,0.5068215541901272,0.41132199306198797,0.6456979621016531,0.4823544502805203,0,0,0,9,1em2,,0,0,,0
slow_fast,odepe_v2_nopolish,0.01,slow_fast_0_1em2,1,1,1166.045422077179,8,0,0.062048440101232796,0.050257178900251005,0.08823014020846176,0.06118768194715167,0,1,1,0,1em2,,0,0,,0
slow_fast,odepe_v2_nopolish,0.01,slow_fast_1_1em2,1,1,1342.9698448181152,8,0,0.01846859195101016,0.026064501749705246,0.059511796877934925,0.035068537692264534,0,1,1,1,1em2,,0,0,,0
slow_fast,odepe_v2_nopolish,0.01,slow_fast_2_1em2,1,1,1658.7919239997864,8,0,0.05264504020261898,0.04021007257089286,0.07023739475617302,0.04753682715915499,0,1,1,2,1em2,,0,0,,0
slow_fast,odepe_v2_nopolish,0.01,slow_fast_3_1em2,1,1,1456.3650858402252,8,0,0.03690331631148109,0.06013629468949102,0.18508257018568464,0.08600949992750767,0,0,1,3,1em2,,0,0,,0
slow_fast,odepe_v2_nopolish,0.01,slow_fast_4_1em2,1,1,1714.0212750434875,8,0,0.00994387299989136,0.01236180269194653,0.030672879087153705,0.01611950145390977,0,1,1,4,1em2,,0,0,,0
slow_fast,odepe_v2_nopolish,0.01,slow_fast_5_1em2,1,1,1217.613487958908,8,0,0.02699517300230378,0.029807385632318495,0.07839350310303209,0.0412060008341573,0,1,1,5,1em2,,0,0,,0
slow_fast,odepe_v2_nopolish,0.01,slow_fast_6_1em2,1,1,1469.9733538627625,8,0,0.03445234903546633,0.04786728137663572,0.1257471576446279,0.06590750825566649,0,0,1,6,1em2,,0,0,,0
slow_fast,odepe_v2_nopolish,0.01,slow_fast_7_1em2,1,1,1517.0798110961914,8,0,0.03187850833755466,0.031574552668145246,0.09593555157416762,0.04347407265044636,0,1,1,7,1em2,,0,0,,0
slow_fast,odepe_v2_nopolish,0.01,slow_fast_8_1em2,1,1,1457.5525000095367,8,0,0.029824175304266728,0.04239978716391158,0.13090260540973606,0.06278891637038667,0,0,1,8,1em2,,0,0,,0
slow_fast,odepe_v2_nopolish,0.01,slow_fast_9_1em2,1,1,1586.7974491119385,8,0,0.027776801333837572,0.04152836357464436,0.130627835215987,0.060867678123255574,0,0,1,9,1em2,,0,0,,0
sirt_treatment,odepe_v2_nopolish,0.01,sirt_treatment_0_1em2,1,1,1868.6885480880737,9,0,0.2438864058184409,0.532633396063003,1.8174855343661098,0.8122119581807635,0,0,0,0,1em2,,0,0,,0
sirt_treatment,odepe_v2_nopolish,0.01,sirt_treatment_1_1em2,1,1,2803.918807029724,9,0,0.13267056443071612,0.23499423336710093,0.7818746372402058,0.32821038382639045,0,0,0,1,1em2,,0,0,,0
sirt_treatment,odepe_v2_nopolish,0.01,sirt_treatment_2_1em2,1,1,2114.993010997772,9,0,0.07944063597316806,0.14609774592783206,0.5051306532353158,0.21411168507996517,0,0,0,2,1em2,,0,0,,0
sirt_treatment,odepe_v2_nopolish,0.01,sirt_treatment_3_1em2,1,1,2061.0470159053802,9,0,0.038453991045310415,0.065733796328016,0.1997261063594084,0.096292516466263,0,0,1,3,1em2,,0,0,,0
sirt_treatment,odepe_v2_nopolish,0.01,sirt_treatment_4_1em2,1,1,2273.021978855133,9,0,0.07355224443568151,0.3101660192016852,0.9697508205628225,0.4876272063972922,0,0,0,4,1em2,,0,0,,0
sirt_treatment,odepe_v2_nopolish,0.01,sirt_treatment_5_1em2,1,1,2226.617238998413,9,0,0.031011833945370115,0.18980005267932762,0.6389326552577124,0.2983943087073384,0,0,0,5,1em2,,0,0,,0
sirt_treatment,odepe_v2_nopolish,0.01,sirt_treatment_6_1em2,1,1,1621.749722957611,9,0,0.1662393462729276,0.24374773977858677,0.5813135523496391,0.3340514727659374,0,0,0,6,1em2,,0,0,,0
sirt_treatment,odepe_v2_nopolish,0.01,sirt_treatment_7_1em2,1,1,1663.7663068771362,9,0,0.06005845243521736,0.07112249737670367,0.2231283251441825,0.09570646379708249,0,0,1,7,1em2,,0,0,,0
sirt_treatment,odepe_v2_nopolish,0.01,sirt_treatment_8_1em2,1,1,1696.4275958538055,9,0,0.15627859023481241,0.2980185983874643,1.4851045940221828,0.5268836388455966,0,0,0,8,1em2,,0,0,,0
sirt_treatment,odepe_v2_nopolish,0.01,sirt_treatment_9_1em2,1,1,1877.096272945404,9,0,0.060546400014734915,0.12263800779178119,0.39517378814471366,0.19050109576900526,0,0,1,9,1em2,,0,0,,0
vanderpol,odepe_v2_nopolish,0.01,vanderpol_0_1em2,1,1,331.6800169944763,4,0,6.778587646360989e-05,8.515073309286819e-05,0.00019784299549421264,0.00011450978211039766,1,1,1,0,1em2,,0,0,,0
vanderpol,odepe_v2_nopolish,0.01,vanderpol_1_1em2,1,1,509.56277894973755,4,0,0.00013110475589949886,0.0001333677073980567,0.000268052747143792,0.0001649873708579144,1,1,1,1,1em2,,0,0,,0
vanderpol,odepe_v2_nopolish,0.01,vanderpol_2_1em2,1,1,525.3981010913849,4,0,0.000490106625527214,0.0005006358384019253,0.0007518094657224373,0.0005304655684328939,1,1,1,2,1em2,,0,0,,0
vanderpol,odepe_v2_nopolish,0.01,vanderpol_3_1em2,1,1,529.2576940059662,4,0,0.00048395509822009677,0.0005455716540878937,0.0012059423818311353,0.000693350024613087,1,1,1,3,1em2,,0,0,,0
vanderpol,odepe_v2_nopolish,0.01,vanderpol_4_1em2,1,1,503.5678129196167,4,0,4.176748912779382e-05,9.330433805508647e-05,0.00027978036667132897,0.00014463692733703742,1,1,1,4,1em2,,0,0,,0
vanderpol,odepe_v2_nopolish,0.01,vanderpol_5_1em2,1,1,789.6393201351166,4,0,0.002123697519285032,0.0057984232608193804,0.018532234861081763,0.009448248032262357,0,1,1,5,1em2,,0,0,,0
vanderpol,odepe_v2_nopolish,0.01,vanderpol_6_1em2,1,1,476.8684208393097,4,0,0.0006023142353232951,0.0005765438387920962,0.0009081043580007177,0.0006570103078330459,1,1,1,6,1em2,,0,0,,0
vanderpol,odepe_v2_nopolish,0.01,vanderpol_7_1em2,1,1,636.2892611026764,4,0,4.7260510533363216e-05,7.636567925952595e-05,0.00020656700834411354,0.00010991278397349981,1,1,1,7,1em2,,0,0,,0
vanderpol,odepe_v2_nopolish,0.01,vanderpol_8_1em2,1,1,532.8467590808868,4,0,0.001103003966449917,0.0012905709933391852,0.0024267175111146477,0.0014685956058902944,1,1,1,8,1em2,,0,0,,0
vanderpol,odepe_v2_nopolish,0.01,vanderpol_9_1em2,1,1,641.2254130840302,4,0,0.0019406834548807306,0.002840149015238713,0.007194209245163731,0.003853126787114358,1,1,1,9,1em2,,0,0,,0
