┌ Warning: Optimization did not converge. RetCode: MaxIters
└ @ ODEParameterEstimation ~/ODEParameterEstimation/src/core/solvers/homotopy_continuation.jl:778
┌ Warning: Optimization did not converge. RetCode: MaxIters
└ @ ODEParameterEstimation ~/ODEParameterEstimation/src/core/solvers/homotopy_continuation.jl:778
┌ Warning: Optimization did not converge. RetCode: MaxIters
└ @ ODEParameterEstimation ~/ODEParameterEstimation/src/core/solvers/homotopy_continuation.jl:778
┌ Warning: Optimization did not converge. RetCode: Stalled
└ @ ODEParameterEstimation ~/ODEParameterEstimation/src/core/solvers/homotopy_continuation.jl:778
┌ Warning: Optimization did not converge. RetCode: MaxIters
└ @ ODEParameterEstimation ~/ODEParameterEstimation/src/core/solvers/homotopy_continuation.jl:778
┌ Warning: Optimization did not converge. RetCode: Stalled
└ @ ODEParameterEstimation ~/ODEParameterEstimation/src/core/solvers/homotopy_continuation.jl:778
┌ Warning: Optimization did not converge. RetCode: MaxIters
└ @ ODEParameterEstimation ~/ODEParameterEstimation/src/core/solvers/homotopy_continuation.jl:778
┌ Warning: Optimization did not converge. RetCode: MaxIters
└ @ ODEParameterEstimation ~/ODEParameterEstimation/src/core/solvers/homotopy_continuation.jl:778
┌ Warning: Optimization did not converge. RetCode: Stalled
└ @ ODEParameterEstimation ~/ODEParameterEstimation/src/core/solvers/homotopy_continuation.jl:778
┌ Warning: Optimization did not converge. RetCode: MaxIters
└ @ ODEParameterEstimation ~/ODEParameterEstimation/src/core/solvers/homotopy_continuation.jl:778
┌ Warning: Optimization did not converge. RetCode: MaxIters
└ @ ODEParameterEstimation ~/ODEParameterEstimation/src/core/solvers/homotopy_continuation.jl:778
┌ Warning: Optimization did not converge. RetCode: MaxIters
└ @ ODEParameterEstimation ~/ODEParameterEstimation/src/core/solvers/homotopy_continuation.jl:778
┌ Warning: Optimization did not converge. RetCode: Stalled
└ @ ODEParameterEstimation ~/ODEParameterEstimation/src/core/solvers/homotopy_continuation.jl:778
┌ Warning: Optimization did not converge. RetCode: Stalled
└ @ ODEParameterEstimation ~/ODEParameterEstimation/src/core/solvers/homotopy_continuation.jl:778
┌ Warning: Optimization did not converge. RetCode: Stalled
└ @ ODEParameterEstimation ~/ODEParameterEstimation/src/core/solvers/homotopy_continuation.jl:778
┌ Warning: Optimization did not converge. RetCode: Stalled
└ @ ODEParameterEstimation ~/ODEParameterEstimation/src/core/solvers/homotopy_continuation.jl:778
┌ Warning: Optimization did not converge. RetCode: MaxIters
└ @ ODEParameterEstimation ~/ODEParameterEstimation/src/core/solvers/homotopy_continuation.jl:778
┌ Warning: Optimization did not converge. RetCode: MaxIters
└ @ ODEParameterEstimation ~/ODEParameterEstimation/src/core/solvers/homotopy_continuation.jl:778
┌ Warning: Optimization did not converge. RetCode: MaxIters
└ @ ODEParameterEstimation ~/ODEParameterEstimation/src/core/solvers/homotopy_continuation.jl:778
┌ Warning: Optimization did not converge. RetCode: MaxIters
└ @ ODEParameterEstimation ~/ODEParameterEstimation/src/core/solvers/homotopy_continuation.jl:778
┌ Warning: Optimization did not converge. RetCode: MaxIters
└ @ ODEParameterEstimation ~/ODEParameterEstimation/src/core/solvers/homotopy_continuation.jl:778
┌ Warning: Optimization did not converge. RetCode: Stalled
└ @ ODEParameterEstimation ~/ODEParameterEstimation/src/core/solvers/homotopy_continuation.jl:778
┌ Warning: Optimization did not converge. RetCode: Stalled
└ @ ODEParameterEstimation ~/ODEParameterEstimation/src/core/solvers/homotopy_continuation.jl:778
┌ Warning: Optimization did not converge. RetCode: MaxIters
└ @ ODEParameterEstimation ~/ODEParameterEstimation/src/core/solvers/homotopy_continuation.jl:778
┌ Warning: Optimization did not converge. RetCode: Stalled
└ @ ODEParameterEstimation ~/ODEParameterEstimation/src/core/solvers/homotopy_continuation.jl:778
┌ Warning: Optimization did not converge. RetCode: Stalled
└ @ ODEParameterEstimation ~/ODEParameterEstimation/src/core/solvers/homotopy_continuation.jl:778
┌ Warning: Optimization did not converge. RetCode: Stalled
└ @ ODEParameterEstimation ~/ODEParameterEstimation/src/core/solvers/homotopy_continuation.jl:778
┌ Warning: Optimization did not converge. RetCode: MaxIters
└ @ ODEParameterEstimation ~/ODEParameterEstimation/src/core/solvers/homotopy_continuation.jl:778
┌ Warning: Optimization did not converge. RetCode: Stalled
└ @ ODEParameterEstimation ~/ODEParameterEstimation/src/core/solvers/homotopy_continuation.jl:778
┌ Warning: Optimization did not converge. RetCode: MaxIters
└ @ ODEParameterEstimation ~/ODEParameterEstimation/src/core/solvers/homotopy_continuation.jl:778
┌ Warning: Optimization did not converge. RetCode: MaxIters
└ @ ODEParameterEstimation ~/ODEParameterEstimation/src/core/solvers/homotopy_continuation.jl:778
┌ Warning: Optimization did not converge. RetCode: MaxIters
└ @ ODEParameterEstimation ~/ODEParameterEstimation/src/core/solvers/homotopy_continuation.jl:778
┌ Warning: Optimization did not converge. RetCode: Stalled
└ @ ODEParameterEstimation ~/ODEParameterEstimation/src/core/solvers/homotopy_continuation.jl:778
┌ Warning: Optimization did not converge. RetCode: MaxIters
└ @ ODEParameterEstimation ~/ODEParameterEstimation/src/core/solvers/homotopy_continuation.jl:778
┌ Warning: Optimization did not converge. RetCode: Stalled
└ @ ODEParameterEstimation ~/ODEParameterEstimation/src/core/solvers/homotopy_continuation.jl:778
┌ Warning: At t=-0.256725306220826, dt was forced below floating point epsilon -5.004274729211319e-17, and step error estimate = 238.61241720557882. Aborting. There is either an error in your model specification or the true solution is unstable (or the true solution can not be represented in the precision of Float64).
└ @ SciMLBase ~/.julia/packages/SciMLBase/VW1cI/src/integrator_interface.jl:623
┌ Warning: At t=-0.2316154078774833, dt was forced below floating point epsilon -2.703727696782621e-17, and step error estimate = 1.0394718860952317. Aborting. There is either an error in your model specification or the true solution is unstable (or the true solution can not be represented in the precision of Float64).
└ @ SciMLBase ~/.julia/packages/SciMLBase/VW1cI/src/integrator_interface.jl:623
┌ Warning: At t=-0.24977060563169684, dt was forced below floating point epsilon -2.604430286132492e-17, and step error estimate = 1.0705862778127548. Aborting. There is either an error in your model specification or the true solution is unstable (or the true solution can not be represented in the precision of Float64).
└ @ SciMLBase ~/.julia/packages/SciMLBase/VW1cI/src/integrator_interface.jl:623
┌ Warning: At t=-0.2890943608939198, dt was forced below floating point epsilon -4.96899598298648e-17, and step error estimate = 1.0556988193339445. Aborting. There is either an error in your model specification or the true solution is unstable (or the true solution can not be represented in the precision of Float64).
└ @ SciMLBase ~/.julia/packages/SciMLBase/VW1cI/src/integrator_interface.jl:623
┌ Warning: At t=-0.26067868908073805, dt was forced below floating point epsilon -4.3602751624689134e-17, and step error estimate = 294.1803371052498. Aborting. There is either an error in your model specification or the true solution is unstable (or the true solution can not be represented in the precision of Float64).
└ @ SciMLBase ~/.julia/packages/SciMLBase/VW1cI/src/integrator_interface.jl:623
┌ Warning: At t=-0.23202415112117458, dt was forced below floating point epsilon -2.740694175922378e-17, and step error estimate = 1.0157024416081817. Aborting. There is either an error in your model specification or the true solution is unstable (or the true solution can not be represented in the precision of Float64).
└ @ SciMLBase ~/.julia/packages/SciMLBase/VW1cI/src/integrator_interface.jl:623
┌ Warning: At t=-0.24279330035499047, dt was forced below floating point epsilon -5.860534793164139e-18, and step error estimate = NaN. Aborting. There is either an error in your model specification or the true solution is unstable (or the true solution can not be represented in the precision of Float64).
└ @ SciMLBase ~/.julia/packages/SciMLBase/VW1cI/src/integrator_interface.jl:623
┌ Warning: At t=-0.39635528043480855, dt was forced below floating point epsilon -3.11036207980756e-17, and step error estimate = 272.36157582397675. Aborting. There is either an error in your model specification or the true solution is unstable (or the true solution can not be represented in the precision of Float64).
└ @ SciMLBase ~/.julia/packages/SciMLBase/VW1cI/src/integrator_interface.jl:623
┌ Warning: At t=-0.6127802611302897, dt was forced below floating point epsilon -9.856748777640028e-17, and step error estimate = 1.1460403296794264. Aborting. There is either an error in your model specification or the true solution is unstable (or the true solution can not be represented in the precision of Float64).
└ @ SciMLBase ~/.julia/packages/SciMLBase/VW1cI/src/integrator_interface.jl:623
┌ Warning: At t=-0.2306309393552623, dt was forced below floating point epsilon -2.615888349914158e-17, and step error estimate = 1.3064076540696994. Aborting. There is either an error in your model specification or the true solution is unstable (or the true solution can not be represented in the precision of Float64).
└ @ SciMLBase ~/.julia/packages/SciMLBase/VW1cI/src/integrator_interface.jl:623
┌ Warning: At t=-0.2316154078774833, dt was forced below floating point epsilon -2.703727696782621e-17, and step error estimate = 1.0394718860952317. Aborting. There is either an error in your model specification or the true solution is unstable (or the true solution can not be represented in the precision of Float64).
└ @ SciMLBase ~/.julia/packages/SciMLBase/VW1cI/src/integrator_interface.jl:623
┌ Warning: At t=-0.23000008911020636, dt was forced below floating point epsilon -2.618466464436474e-17, and step error estimate = 2.5578135009416854. Aborting. There is either an error in your model specification or the true solution is unstable (or the true solution can not be represented in the precision of Float64).
└ @ SciMLBase ~/.julia/packages/SciMLBase/VW1cI/src/integrator_interface.jl:623
┌ Warning: At t=-0.3292097288460078, dt was forced below floating point epsilon -4.983645801708126e-17, and step error estimate = 1.0250726400982864. Aborting. There is either an error in your model specification or the true solution is unstable (or the true solution can not be represented in the precision of Float64).
└ @ SciMLBase ~/.julia/packages/SciMLBase/VW1cI/src/integrator_interface.jl:623
┌ Warning: At t=-0.9521483172466736, dt was forced below floating point epsilon -9.78595661752671e-17, and step error estimate = 293.1542168882494. Aborting. There is either an error in your model specification or the true solution is unstable (or the true solution can not be represented in the precision of Float64).
└ @ SciMLBase ~/.julia/packages/SciMLBase/VW1cI/src/integrator_interface.jl:623
┌ Warning: At t=-0.23491570438139042, dt was forced below floating point epsilon -2.5705664908622433e-17, and step error estimate = 1.010490858710771. Aborting. There is either an error in your model specification or the true solution is unstable (or the true solution can not be represented in the precision of Float64).
└ @ SciMLBase ~/.julia/packages/SciMLBase/VW1cI/src/integrator_interface.jl:623
┌ Warning: At t=-0.23002942241505417, dt was forced below floating point epsilon -2.4584586006684162e-17, and step error estimate = 1.1730405739833776. Aborting. There is either an error in your model specification or the true solution is unstable (or the true solution can not be represented in the precision of Float64).
└ @ SciMLBase ~/.julia/packages/SciMLBase/VW1cI/src/integrator_interface.jl:623
┌ Warning: At t=-0.23478475182878716, dt was forced below floating point epsilon -2.3618845062722747e-17, and step error estimate = 991.345416144546. Aborting. There is either an error in your model specification or the true solution is unstable (or the true solution can not be represented in the precision of Float64).
└ @ SciMLBase ~/.julia/packages/SciMLBase/VW1cI/src/integrator_interface.jl:623
┌ Warning: At t=-0.23002942241505417, dt was forced below floating point epsilon -2.4584586006684162e-17, and step error estimate = 1.1730405739833776. Aborting. There is either an error in your model specification or the true solution is unstable (or the true solution can not be represented in the precision of Float64).
└ @ SciMLBase ~/.julia/packages/SciMLBase/VW1cI/src/integrator_interface.jl:623
┌ Warning: At t=-0.28991890900309525, dt was forced below floating point epsilon -3.495110283579089e-17, and step error estimate = 522.369036909941. Aborting. There is either an error in your model specification or the true solution is unstable (or the true solution can not be represented in the precision of Float64).
└ @ SciMLBase ~/.julia/packages/SciMLBase/VW1cI/src/integrator_interface.jl:623
┌ Warning: At t=-0.6035144791425237, dt was forced below floating point epsilon -3.458845751754585e-17, and step error estimate = NaN. Aborting. There is either an error in your model specification or the true solution is unstable (or the true solution can not be represented in the precision of Float64).
└ @ SciMLBase ~/.julia/packages/SciMLBase/VW1cI/src/integrator_interface.jl:623
┌ Warning: At t=-0.2541167906546925, dt was forced below floating point epsilon -4.9849694900756847e-17, and step error estimate = 1.0223534612979697. Aborting. There is either an error in your model specification or the true solution is unstable (or the true solution can not be represented in the precision of Float64).
└ @ SciMLBase ~/.julia/packages/SciMLBase/VW1cI/src/integrator_interface.jl:623
┌ Warning: At t=-0.23000000348631547, dt was forced below floating point epsilon -2.3730540623008084e-17, and step error estimate = 1.6705811760540443. Aborting. There is either an error in your model specification or the true solution is unstable (or the true solution can not be represented in the precision of Float64).
└ @ SciMLBase ~/.julia/packages/SciMLBase/VW1cI/src/integrator_interface.jl:623
┌ Warning: At t=-0.5194936741397288, dt was forced below floating point epsilon -9.894294580160241e-17, and step error estimate = 1.103270756516274. Aborting. There is either an error in your model specification or the true solution is unstable (or the true solution can not be represented in the precision of Float64).
└ @ SciMLBase ~/.julia/packages/SciMLBase/VW1cI/src/integrator_interface.jl:623
┌ Warning: Interrupted. Larger maxiters is needed. If you are using an integrator for non-stiff ODEs or an automatic switching algorithm (the default), you may want to consider using a method for stiff equations. See the solver pages for more details (e.g. https://docs.sciml.ai/DiffEqDocs/stable/solvers/ode_solve/#Stiff-Problems).
└ @ SciMLBase ~/.julia/packages/SciMLBase/VW1cI/src/integrator_interface.jl:589
┌ Warning: At t=-0.2542117919941652, dt was forced below floating point epsilon -5.418502932055815e-17, and step error estimate = 1.0599326534600761. Aborting. There is either an error in your model specification or the true solution is unstable (or the true solution can not be represented in the precision of Float64).
└ @ SciMLBase ~/.julia/packages/SciMLBase/VW1cI/src/integrator_interface.jl:623
┌ Warning: At t=-0.23549075101696623, dt was forced below floating point epsilon -2.7366595109163935e-17, and step error estimate = 1.0411922021913984. Aborting. There is either an error in your model specification or the true solution is unstable (or the true solution can not be represented in the precision of Float64).
└ @ SciMLBase ~/.julia/packages/SciMLBase/VW1cI/src/integrator_interface.jl:623
┌ Warning: At t=-0.2326040993871964, dt was forced below floating point epsilon -2.6823811743828272e-17, and step error estimate = 1.0243666011885355. Aborting. There is either an error in your model specification or the true solution is unstable (or the true solution can not be represented in the precision of Float64).
└ @ SciMLBase ~/.julia/packages/SciMLBase/VW1cI/src/integrator_interface.jl:623
┌ Warning: At t=-0.35814347860310186, dt was forced below floating point epsilon -4.915632861637064e-17, and step error estimate = 1.1761105728588517. Aborting. There is either an error in your model specification or the true solution is unstable (or the true solution can not be represented in the precision of Float64).
└ @ SciMLBase ~/.julia/packages/SciMLBase/VW1cI/src/integrator_interface.jl:623
┌ Warning: Interrupted. Larger maxiters is needed. If you are using an integrator for non-stiff ODEs or an automatic switching algorithm (the default), you may want to consider using a method for stiff equations. See the solver pages for more details (e.g. https://docs.sciml.ai/DiffEqDocs/stable/solvers/ode_solve/#Stiff-Problems).
└ @ SciMLBase ~/.julia/packages/SciMLBase/VW1cI/src/integrator_interface.jl:589
┌ Warning: At t=-0.23859328119121012, dt was forced below floating point epsilon -2.4822430127810953e-17, and step error estimate = 1.0653291040503043. Aborting. There is either an error in your model specification or the true solution is unstable (or the true solution can not be represented in the precision of Float64).
└ @ SciMLBase ~/.julia/packages/SciMLBase/VW1cI/src/integrator_interface.jl:623
┌ Warning: At t=-0.23000006588714458, dt was forced below floating point epsilon -2.4438243860510734e-17, and step error estimate = 1.245245335054931. Aborting. There is either an error in your model specification or the true solution is unstable (or the true solution can not be represented in the precision of Float64).
└ @ SciMLBase ~/.julia/packages/SciMLBase/VW1cI/src/integrator_interface.jl:623
┌ Warning: At t=-0.2562259729460106, dt was forced below floating point epsilon -2.925205329667442e-17, and step error estimate = NaN. Aborting. There is either an error in your model specification or the true solution is unstable (or the true solution can not be represented in the precision of Float64).
└ @ SciMLBase ~/.julia/packages/SciMLBase/VW1cI/src/integrator_interface.jl:623
┌ Warning: At t=-0.26092001320585195, dt was forced below floating point epsilon -5.3779502308815793e-17, and step error estimate = 493.96031638169836. Aborting. There is either an error in your model specification or the true solution is unstable (or the true solution can not be represented in the precision of Float64).
└ @ SciMLBase ~/.julia/packages/SciMLBase/VW1cI/src/integrator_interface.jl:623
┌ Warning: At t=-0.23000188339748445, dt was forced below floating point epsilon -2.730888113851757e-17, and step error estimate = 1.5645691676680369. Aborting. There is either an error in your model specification or the true solution is unstable (or the true solution can not be represented in the precision of Float64).
└ @ SciMLBase ~/.julia/packages/SciMLBase/VW1cI/src/integrator_interface.jl:623
┌ Warning: At t=-0.23520545035173138, dt was forced below floating point epsilon -1.3100435716949037e-17, and step error estimate = NaN. Aborting. There is either an error in your model specification or the true solution is unstable (or the true solution can not be represented in the precision of Float64).
└ @ SciMLBase ~/.julia/packages/SciMLBase/VW1cI/src/integrator_interface.jl:623
┌ Warning: At t=-0.23005229764445528, dt was forced below floating point epsilon -2.490437812122228e-17, and step error estimate = 1.0307868997677696. Aborting. There is either an error in your model specification or the true solution is unstable (or the true solution can not be represented in the precision of Float64).
└ @ SciMLBase ~/.julia/packages/SciMLBase/VW1cI/src/integrator_interface.jl:623
┌ Warning: At t=-0.2541167906546925, dt was forced below floating point epsilon -4.9849694900756847e-17, and step error estimate = 1.0223534612979697. Aborting. There is either an error in your model specification or the true solution is unstable (or the true solution can not be represented in the precision of Float64).
└ @ SciMLBase ~/.julia/packages/SciMLBase/VW1cI/src/integrator_interface.jl:623
┌ Warning: Interrupted. Larger maxiters is needed. If you are using an integrator for non-stiff ODEs or an automatic switching algorithm (the default), you may want to consider using a method for stiff equations. See the solver pages for more details (e.g. https://docs.sciml.ai/DiffEqDocs/stable/solvers/ode_solve/#Stiff-Problems).
└ @ SciMLBase ~/.julia/packages/SciMLBase/VW1cI/src/integrator_interface.jl:589
┌ Warning: At t=-0.23000000000589205, dt was forced below floating point epsilon -1.67540772059486e-17, and step error estimate = NaN. Aborting. There is either an error in your model specification or the true solution is unstable (or the true solution can not be represented in the precision of Float64).
└ @ SciMLBase ~/.julia/packages/SciMLBase/VW1cI/src/integrator_interface.jl:623
┌ Warning: At t=-0.2943216936951187, dt was forced below floating point epsilon -3.8657550492547055e-17, and step error estimate = 500.90528587182223. Aborting. There is either an error in your model specification or the true solution is unstable (or the true solution can not be represented in the precision of Float64).
└ @ SciMLBase ~/.julia/packages/SciMLBase/VW1cI/src/integrator_interface.jl:623
┌ Warning: At t=-0.230398789657653, dt was forced below floating point epsilon -2.3884452153126155e-17, and step error estimate = 1.5797298691065476. Aborting. There is either an error in your model specification or the true solution is unstable (or the true solution can not be represented in the precision of Float64).
└ @ SciMLBase ~/.julia/packages/SciMLBase/VW1cI/src/integrator_interface.jl:623
┌ Warning: At t=-0.24905452228702443, dt was forced below floating point epsilon -2.4938581626150297e-17, and step error estimate = 1.0167383926517428. Aborting. There is either an error in your model specification or the true solution is unstable (or the true solution can not be represented in the precision of Float64).
└ @ SciMLBase ~/.julia/packages/SciMLBase/VW1cI/src/integrator_interface.jl:623
┌ Warning: Interrupted. Larger maxiters is needed. If you are using an integrator for non-stiff ODEs or an automatic switching algorithm (the default), you may want to consider using a method for stiff equations. See the solver pages for more details (e.g. https://docs.sciml.ai/DiffEqDocs/stable/solvers/ode_solve/#Stiff-Problems).
└ @ SciMLBase ~/.julia/packages/SciMLBase/VW1cI/src/integrator_interface.jl:589
┌ Warning: At t=-0.24732698870633638, dt was forced below floating point epsilon -2.6975545483460802e-17, and step error estimate = 1.010802122324066. Aborting. There is either an error in your model specification or the true solution is unstable (or the true solution can not be represented in the precision of Float64).
└ @ SciMLBase ~/.julia/packages/SciMLBase/VW1cI/src/integrator_interface.jl:623
┌ Warning: At t=-0.37542968837043394, dt was forced below floating point epsilon -5.296146802550327e-17, and step error estimate = 1.0276357403364553. Aborting. There is either an error in your model specification or the true solution is unstable (or the true solution can not be represented in the precision of Float64).
└ @ SciMLBase ~/.julia/packages/SciMLBase/VW1cI/src/integrator_interface.jl:623
┌ Warning: At t=-0.2357306919192468, dt was forced below floating point epsilon -2.7681897804416035e-17, and step error estimate = 1.3057579354286348. Aborting. There is either an error in your model specification or the true solution is unstable (or the true solution can not be represented in the precision of Float64).
└ @ SciMLBase ~/.julia/packages/SciMLBase/VW1cI/src/integrator_interface.jl:623
┌ Warning: At t=-0.6127802611302928, dt was forced below floating point epsilon -9.843906363121152e-17, and step error estimate = 1.1610869956413226. Aborting. There is either an error in your model specification or the true solution is unstable (or the true solution can not be represented in the precision of Float64).
└ @ SciMLBase ~/.julia/packages/SciMLBase/VW1cI/src/integrator_interface.jl:623
┌ Warning: At t=-0.2336922331820631, dt was forced below floating point epsilon -2.709557039074482e-17, and step error estimate = 1.0580113455571394. Aborting. There is either an error in your model specification or the true solution is unstable (or the true solution can not be represented in the precision of Float64).
└ @ SciMLBase ~/.julia/packages/SciMLBase/VW1cI/src/integrator_interface.jl:623
┌ Warning: At t=-0.23103712920987643, dt was forced below floating point epsilon -2.706520942830917e-17, and step error estimate = 1.2219151570474385. Aborting. There is either an error in your model specification or the true solution is unstable (or the true solution can not be represented in the precision of Float64).
└ @ SciMLBase ~/.julia/packages/SciMLBase/VW1cI/src/integrator_interface.jl:623
┌ Warning: At t=-0.2303957984523668, dt was forced below floating point epsilon -2.4681027954426512e-17, and step error estimate = 1.1279801820192172. Aborting. There is either an error in your model specification or the true solution is unstable (or the true solution can not be represented in the precision of Float64).
└ @ SciMLBase ~/.julia/packages/SciMLBase/VW1cI/src/integrator_interface.jl:623
┌ Warning: At t=-0.30383752731014113, dt was forced below floating point epsilon -5.418386617742642e-17, and step error estimate = 1.0170430417523433. Aborting. There is either an error in your model specification or the true solution is unstable (or the true solution can not be represented in the precision of Float64).
└ @ SciMLBase ~/.julia/packages/SciMLBase/VW1cI/src/integrator_interface.jl:623
┌ Warning: At t=-0.2361107440109502, dt was forced below floating point epsilon -2.5631923310908704e-17, and step error estimate = 1.069398297641097. Aborting. There is either an error in your model specification or the true solution is unstable (or the true solution can not be represented in the precision of Float64).
└ @ SciMLBase ~/.julia/packages/SciMLBase/VW1cI/src/integrator_interface.jl:623
┌ Warning: At t=-0.23329291694467522, dt was forced below floating point epsilon -6.27597731860488e-18, and step error estimate = NaN. Aborting. There is either an error in your model specification or the true solution is unstable (or the true solution can not be represented in the precision of Float64).
└ @ SciMLBase ~/.julia/packages/SciMLBase/VW1cI/src/integrator_interface.jl:623
┌ Warning: At t=-0.23000829132149736, dt was forced below floating point epsilon -1.2468254772457467e-17, and step error estimate = NaN. Aborting. There is either an error in your model specification or the true solution is unstable (or the true solution can not be represented in the precision of Float64).
└ @ SciMLBase ~/.julia/packages/SciMLBase/VW1cI/src/integrator_interface.jl:623
┌ Warning: At t=-0.23967651316347138, dt was forced below floating point epsilon -2.488746818523933e-17, and step error estimate = 1.0378122968001184. Aborting. There is either an error in your model specification or the true solution is unstable (or the true solution can not be represented in the precision of Float64).
└ @ SciMLBase ~/.julia/packages/SciMLBase/VW1cI/src/integrator_interface.jl:623
┌ Warning: At t=-0.23000105590738582, dt was forced below floating point epsilon -7.605902662002341e-18, and step error estimate = NaN. Aborting. There is either an error in your model specification or the true solution is unstable (or the true solution can not be represented in the precision of Float64).
└ @ SciMLBase ~/.julia/packages/SciMLBase/VW1cI/src/integrator_interface.jl:623
┌ Warning: At t=-0.32796679484368846, dt was forced below floating point epsilon -4.927698720205836e-17, and step error estimate = 1.147612995312658. Aborting. There is either an error in your model specification or the true solution is unstable (or the true solution can not be represented in the precision of Float64).
└ @ SciMLBase ~/.julia/packages/SciMLBase/VW1cI/src/integrator_interface.jl:623
┌ Warning: At t=-0.3770878226734826, dt was forced below floating point epsilon -3.0224494451688095e-17, and step error estimate = NaN. Aborting. There is either an error in your model specification or the true solution is unstable (or the true solution can not be represented in the precision of Float64).
└ @ SciMLBase ~/.julia/packages/SciMLBase/VW1cI/src/integrator_interface.jl:623
┌ Warning: At t=-0.23141848227477946, dt was forced below floating point epsilon -1.408747000761646e-17, and step error estimate = NaN. Aborting. There is either an error in your model specification or the true solution is unstable (or the true solution can not be represented in the precision of Float64).
└ @ SciMLBase ~/.julia/packages/SciMLBase/VW1cI/src/integrator_interface.jl:623
┌ Warning: At t=-0.23000000160789288, dt was forced below floating point epsilon -2.6565431640486406e-17, and step error estimate = 1.8643542637476909. Aborting. There is either an error in your model specification or the true solution is unstable (or the true solution can not be represented in the precision of Float64).
└ @ SciMLBase ~/.julia/packages/SciMLBase/VW1cI/src/integrator_interface.jl:623
┌ Warning: At t=-0.2504547197899263, dt was forced below floating point epsilon -4.987957930438491e-17, and step error estimate = 1.0162450199033666. Aborting. There is either an error in your model specification or the true solution is unstable (or the true solution can not be represented in the precision of Float64).
└ @ SciMLBase ~/.julia/packages/SciMLBase/VW1cI/src/integrator_interface.jl:623
┌ Warning: At t=-0.23000000141418725, dt was forced below floating point epsilon -2.6474769902994332e-17, and step error estimate = 13.000363103017651. Aborting. There is either an error in your model specification or the true solution is unstable (or the true solution can not be represented in the precision of Float64).
└ @ SciMLBase ~/.julia/packages/SciMLBase/VW1cI/src/integrator_interface.jl:623
┌ Warning: At t=-0.8260606908783054, dt was forced below floating point epsilon -9.921257743498916e-17, and step error estimate = 1.0736440076041158. Aborting. There is either an error in your model specification or the true solution is unstable (or the true solution can not be represented in the precision of Float64).
└ @ SciMLBase ~/.julia/packages/SciMLBase/VW1cI/src/integrator_interface.jl:623
┌ Warning: At t=-0.2350871514085932, dt was forced below floating point epsilon -2.602599520108015e-17, and step error estimate = 1.0360934774139885. Aborting. There is either an error in your model specification or the true solution is unstable (or the true solution can not be represented in the precision of Float64).
└ @ SciMLBase ~/.julia/packages/SciMLBase/VW1cI/src/integrator_interface.jl:623
┌ Warning: At t=-0.23001387931416611, dt was forced below floating point epsilon -5.593911979701719e-18, and step error estimate = NaN. Aborting. There is either an error in your model specification or the true solution is unstable (or the true solution can not be represented in the precision of Float64).
└ @ SciMLBase ~/.julia/packages/SciMLBase/VW1cI/src/integrator_interface.jl:623
┌ Warning: At t=-0.23041932356232572, dt was forced below floating point epsilon -2.483520684434239e-17, and step error estimate = 1.059860993449715. Aborting. There is either an error in your model specification or the true solution is unstable (or the true solution can not be represented in the precision of Float64).
└ @ SciMLBase ~/.julia/packages/SciMLBase/VW1cI/src/integrator_interface.jl:623
┌ Warning: At t=-0.2891242243212679, dt was forced below floating point epsilon -1.1515793788089381e-17, and step error estimate = NaN. Aborting. There is either an error in your model specification or the true solution is unstable (or the true solution can not be represented in the precision of Float64).
└ @ SciMLBase ~/.julia/packages/SciMLBase/VW1cI/src/integrator_interface.jl:623
┌ Warning: At t=-0.2302591547036305, dt was forced below floating point epsilon -2.663224173326092e-17, and step error estimate = 1.002657688976839. Aborting. There is either an error in your model specification or the true solution is unstable (or the true solution can not be represented in the precision of Float64).
└ @ SciMLBase ~/.julia/packages/SciMLBase/VW1cI/src/integrator_interface.jl:623
┌ Warning: At t=-0.2891242243212679, dt was forced below floating point epsilon -1.1515793788089381e-17, and step error estimate = NaN. Aborting. There is either an error in your model specification or the true solution is unstable (or the true solution can not be represented in the precision of Float64).
└ @ SciMLBase ~/.julia/packages/SciMLBase/VW1cI/src/integrator_interface.jl:623
┌ Warning: At t=-0.2310384326526718, dt was forced below floating point epsilon -2.6491008552958668e-17, and step error estimate = 1.106544405442774. Aborting. There is either an error in your model specification or the true solution is unstable (or the true solution can not be represented in the precision of Float64).
└ @ SciMLBase ~/.julia/packages/SciMLBase/VW1cI/src/integrator_interface.jl:623
┌ Warning: At t=-0.2336922331820631, dt was forced below floating point epsilon -2.709557039074482e-17, and step error estimate = 1.0580113455571394. Aborting. There is either an error in your model specification or the true solution is unstable (or the true solution can not be represented in the precision of Float64).
└ @ SciMLBase ~/.julia/packages/SciMLBase/VW1cI/src/integrator_interface.jl:623
┌ Warning: At t=-0.23001880359138735, dt was forced below floating point epsilon -9.188917268093009e-18, and step error estimate = NaN. Aborting. There is either an error in your model specification or the true solution is unstable (or the true solution can not be represented in the precision of Float64).
└ @ SciMLBase ~/.julia/packages/SciMLBase/VW1cI/src/integrator_interface.jl:623
┌ Warning: At t=-0.23000000000589205, dt was forced below floating point epsilon -1.67540772059486e-17, and step error estimate = NaN. Aborting. There is either an error in your model specification or the true solution is unstable (or the true solution can not be represented in the precision of Float64).
└ @ SciMLBase ~/.julia/packages/SciMLBase/VW1cI/src/integrator_interface.jl:623
┌ Warning: At t=-0.37542968837043394, dt was forced below floating point epsilon -5.296146802550327e-17, and step error estimate = 1.0276357403364553. Aborting. There is either an error in your model specification or the true solution is unstable (or the true solution can not be represented in the precision of Float64).
└ @ SciMLBase ~/.julia/packages/SciMLBase/VW1cI/src/integrator_interface.jl:623
┌ Warning: At t=-0.48919465404383555, dt was forced below floating point epsilon -1.328996085053558e-17, and step error estimate = NaN. Aborting. There is either an error in your model specification or the true solution is unstable (or the true solution can not be represented in the precision of Float64).
└ @ SciMLBase ~/.julia/packages/SciMLBase/VW1cI/src/integrator_interface.jl:623
┌ Warning: At t=-0.2300000000045966, dt was forced below floating point epsilon -1.3694114021763829e-17, and step error estimate = NaN. Aborting. There is either an error in your model specification or the true solution is unstable (or the true solution can not be represented in the precision of Float64).
└ @ SciMLBase ~/.julia/packages/SciMLBase/VW1cI/src/integrator_interface.jl:623
┌ Warning: At t=-0.2325742989647287, dt was forced below floating point epsilon -2.4505407716396204e-17, and step error estimate = 1.211517990695261. Aborting. There is either an error in your model specification or the true solution is unstable (or the true solution can not be represented in the precision of Float64).
└ @ SciMLBase ~/.julia/packages/SciMLBase/VW1cI/src/integrator_interface.jl:623
┌ Warning: At t=-0.23152089646655705, dt was forced below floating point epsilon -2.6566338944062497e-17, and step error estimate = 1.1262789923291376. Aborting. There is either an error in your model specification or the true solution is unstable (or the true solution can not be represented in the precision of Float64).
└ @ SciMLBase ~/.julia/packages/SciMLBase/VW1cI/src/integrator_interface.jl:623
┌ Warning: At t=-0.2542117919941652, dt was forced below floating point epsilon -5.418502932055815e-17, and step error estimate = 1.0599326534600761. Aborting. There is either an error in your model specification or the true solution is unstable (or the true solution can not be represented in the precision of Float64).
└ @ SciMLBase ~/.julia/packages/SciMLBase/VW1cI/src/integrator_interface.jl:623
┌ Warning: At t=-0.2303108623573327, dt was forced below floating point epsilon -2.4419544541796728e-17, and step error estimate = 1.254818915470363. Aborting. There is either an error in your model specification or the true solution is unstable (or the true solution can not be represented in the precision of Float64).
└ @ SciMLBase ~/.julia/packages/SciMLBase/VW1cI/src/integrator_interface.jl:623
┌ Warning: At t=-0.23000000348631547, dt was forced below floating point epsilon -2.3730540623008084e-17, and step error estimate = 1.6705811760540443. Aborting. There is either an error in your model specification or the true solution is unstable (or the true solution can not be represented in the precision of Float64).
└ @ SciMLBase ~/.julia/packages/SciMLBase/VW1cI/src/integrator_interface.jl:623
┌ Warning: At t=-0.23000072754518613, dt was forced below floating point epsilon -2.463177733327017e-17, and step error estimate = 1.1507485555285588. Aborting. There is either an error in your model specification or the true solution is unstable (or the true solution can not be represented in the precision of Float64).
└ @ SciMLBase ~/.julia/packages/SciMLBase/VW1cI/src/integrator_interface.jl:623
┌ Warning: At t=-0.2310384326526718, dt was forced below floating point epsilon -2.6491008552958668e-17, and step error estimate = 1.106544405442774. Aborting. There is either an error in your model specification or the true solution is unstable (or the true solution can not be represented in the precision of Float64).
└ @ SciMLBase ~/.julia/packages/SciMLBase/VW1cI/src/integrator_interface.jl:623
┌ Warning: At t=-0.24659734951817555, dt was forced below floating point epsilon -2.469926535350033e-17, and step error estimate = 1.1196761538066133. Aborting. There is either an error in your model specification or the true solution is unstable (or the true solution can not be represented in the precision of Float64).
└ @ SciMLBase ~/.julia/packages/SciMLBase/VW1cI/src/integrator_interface.jl:623
┌ Warning: At t=-0.23000000167843757, dt was forced below floating point epsilon -2.2743721695495828e-17, and step error estimate = 2.6830323660494244. Aborting. There is either an error in your model specification or the true solution is unstable (or the true solution can not be represented in the precision of Float64).
└ @ SciMLBase ~/.julia/packages/SciMLBase/VW1cI/src/integrator_interface.jl:623
┌ Warning: At t=-0.2344630776230887, dt was forced below floating point epsilon -2.5378510805422632e-17, and step error estimate = 1.0536186099447917. Aborting. There is either an error in your model specification or the true solution is unstable (or the true solution can not be represented in the precision of Float64).
└ @ SciMLBase ~/.julia/packages/SciMLBase/VW1cI/src/integrator_interface.jl:623
┌ Warning: At t=-0.3604913696318722, dt was forced below floating point epsilon -4.9585705353503707e-17, and step error estimate = 1.0781093415957648. Aborting. There is either an error in your model specification or the true solution is unstable (or the true solution can not be represented in the precision of Float64).
└ @ SciMLBase ~/.julia/packages/SciMLBase/VW1cI/src/integrator_interface.jl:623
┌ Warning: At t=-0.6127802611302897, dt was forced below floating point epsilon -9.856748777640028e-17, and step error estimate = 1.1460403296794264. Aborting. There is either an error in your model specification or the true solution is unstable (or the true solution can not be represented in the precision of Float64).
└ @ SciMLBase ~/.julia/packages/SciMLBase/VW1cI/src/integrator_interface.jl:623
┌ Warning: Interrupted. Larger maxiters is needed. If you are using an integrator for non-stiff ODEs or an automatic switching algorithm (the default), you may want to consider using a method for stiff equations. See the solver pages for more details (e.g. https://docs.sciml.ai/DiffEqDocs/stable/solvers/ode_solve/#Stiff-Problems).
└ @ SciMLBase ~/.julia/packages/SciMLBase/VW1cI/src/integrator_interface.jl:589
┌ Warning: At t=-0.23356290503022317, dt was forced below floating point epsilon -1.941300703005947e-17, and step error estimate = 185.2086023419734. Aborting. There is either an error in your model specification or the true solution is unstable (or the true solution can not be represented in the precision of Float64).
└ @ SciMLBase ~/.julia/packages/SciMLBase/VW1cI/src/integrator_interface.jl:623
┌ Warning: At t=-0.23183652714949537, dt was forced below floating point epsilon -2.4975346680824813e-17, and step error estimate = 1.0018712056449925. Aborting. There is either an error in your model specification or the true solution is unstable (or the true solution can not be represented in the precision of Float64).
└ @ SciMLBase ~/.julia/packages/SciMLBase/VW1cI/src/integrator_interface.jl:623
┌ Warning: At t=-0.2410804059061056, dt was forced below floating point epsilon -2.730045641229476e-17, and step error estimate = 1.129554176502344. Aborting. There is either an error in your model specification or the true solution is unstable (or the true solution can not be represented in the precision of Float64).
└ @ SciMLBase ~/.julia/packages/SciMLBase/VW1cI/src/integrator_interface.jl:623
┌ Warning: At t=-0.2757613787827625, dt was forced below floating point epsilon -4.9499373612143104e-17, and step error estimate = 1.0970651776879812. Aborting. There is either an error in your model specification or the true solution is unstable (or the true solution can not be represented in the precision of Float64).
└ @ SciMLBase ~/.julia/packages/SciMLBase/VW1cI/src/integrator_interface.jl:623
┌ Warning: At t=-0.23000036216865033, dt was forced below floating point epsilon -2.5253333383731544e-17, and step error estimate = 1.3352088041888082. Aborting. There is either an error in your model specification or the true solution is unstable (or the true solution can not be represented in the precision of Float64).
└ @ SciMLBase ~/.julia/packages/SciMLBase/VW1cI/src/integrator_interface.jl:623
┌ Warning: At t=-0.23, dt was forced below floating point epsilon -6.5536e-18, and step error estimate = 7.07106780498012e13. Aborting. There is either an error in your model specification or the true solution is unstable (or the true solution can not be represented in the precision of Float64).
└ @ SciMLBase ~/.julia/packages/SciMLBase/VW1cI/src/integrator_interface.jl:623
┌ Warning: At t=-0.23000934592322533, dt was forced below floating point epsilon -1.839603161697615e-17, and step error estimate = NaN. Aborting. There is either an error in your model specification or the true solution is unstable (or the true solution can not be represented in the precision of Float64).
└ @ SciMLBase ~/.julia/packages/SciMLBase/VW1cI/src/integrator_interface.jl:623
┌ Warning: At t=-0.2325742989647286, dt was forced below floating point epsilon -2.453426269426931e-17, and step error estimate = 1.1973376905574933. Aborting. There is either an error in your model specification or the true solution is unstable (or the true solution can not be represented in the precision of Float64).
└ @ SciMLBase ~/.julia/packages/SciMLBase/VW1cI/src/integrator_interface.jl:623
┌ Warning: At t=-0.2667047260333216, dt was forced below floating point epsilon -5.516045239731891e-17, and step error estimate = 1.0490831446092839. Aborting. There is either an error in your model specification or the true solution is unstable (or the true solution can not be represented in the precision of Float64).
└ @ SciMLBase ~/.julia/packages/SciMLBase/VW1cI/src/integrator_interface.jl:623
┌ Warning: At t=-0.26092001320585195, dt was forced below floating point epsilon -5.3779502308815793e-17, and step error estimate = 493.96031638169836. Aborting. There is either an error in your model specification or the true solution is unstable (or the true solution can not be represented in the precision of Float64).
└ @ SciMLBase ~/.julia/packages/SciMLBase/VW1cI/src/integrator_interface.jl:623
┌ Warning: At t=-0.24984053099321107, dt was forced below floating point epsilon -2.468146691802863e-17, and step error estimate = 1.1277797429366094. Aborting. There is either an error in your model specification or the true solution is unstable (or the true solution can not be represented in the precision of Float64).
└ @ SciMLBase ~/.julia/packages/SciMLBase/VW1cI/src/integrator_interface.jl:623
┌ Warning: At t=-0.23266575158273234, dt was forced below floating point epsilon -2.5668992172500537e-17, and step error estimate = 1.2828184470027106. Aborting. There is either an error in your model specification or the true solution is unstable (or the true solution can not be represented in the precision of Float64).
└ @ SciMLBase ~/.julia/packages/SciMLBase/VW1cI/src/integrator_interface.jl:623
┌ Warning: At t=-0.23000000073858884, dt was forced below floating point epsilon -2.667452610650473e-17, and step error estimate = 4.05290555694473. Aborting. There is either an error in your model specification or the true solution is unstable (or the true solution can not be represented in the precision of Float64).
└ @ SciMLBase ~/.julia/packages/SciMLBase/VW1cI/src/integrator_interface.jl:623
┌ Warning: At t=-0.2301639862063037, dt was forced below floating point epsilon -2.487906170226782e-17, and step error estimate = 1.0413252232297383. Aborting. There is either an error in your model specification or the true solution is unstable (or the true solution can not be represented in the precision of Float64).
└ @ SciMLBase ~/.julia/packages/SciMLBase/VW1cI/src/integrator_interface.jl:623
┌ Warning: Interrupted. Larger maxiters is needed. If you are using an integrator for non-stiff ODEs or an automatic switching algorithm (the default), you may want to consider using a method for stiff equations. See the solver pages for more details (e.g. https://docs.sciml.ai/DiffEqDocs/stable/solvers/ode_solve/#Stiff-Problems).
└ @ SciMLBase ~/.julia/packages/SciMLBase/VW1cI/src/integrator_interface.jl:589
┌ Warning: At t=-0.23200496789857952, dt was forced below floating point epsilon -2.684365652713684e-17, and step error estimate = 1.0869219953957692. Aborting. There is either an error in your model specification or the true solution is unstable (or the true solution can not be represented in the precision of Float64).
└ @ SciMLBase ~/.julia/packages/SciMLBase/VW1cI/src/integrator_interface.jl:623
┌ Warning: At t=-0.28991889166006635, dt was forced below floating point epsilon -3.932643859166418e-17, and step error estimate = 573.0859298242024. Aborting. There is either an error in your model specification or the true solution is unstable (or the true solution can not be represented in the precision of Float64).
└ @ SciMLBase ~/.julia/packages/SciMLBase/VW1cI/src/integrator_interface.jl:623
┌ Warning: At t=-0.23, dt was forced below floating point epsilon -6.5536e-18, and step error estimate = NaN. Aborting. There is either an error in your model specification or the true solution is unstable (or the true solution can not be represented in the precision of Float64).
└ @ SciMLBase ~/.julia/packages/SciMLBase/VW1cI/src/integrator_interface.jl:623
┌ Warning: At t=-0.6127802611302928, dt was forced below floating point epsilon -9.843906363121152e-17, and step error estimate = 1.1610869956413226. Aborting. There is either an error in your model specification or the true solution is unstable (or the true solution can not be represented in the precision of Float64).
└ @ SciMLBase ~/.julia/packages/SciMLBase/VW1cI/src/integrator_interface.jl:623
┌ Warning: At t=-0.23000000167843757, dt was forced below floating point epsilon -2.2743721695495828e-17, and step error estimate = 2.6830323660494244. Aborting. There is either an error in your model specification or the true solution is unstable (or the true solution can not be represented in the precision of Float64).
└ @ SciMLBase ~/.julia/packages/SciMLBase/VW1cI/src/integrator_interface.jl:623
┌ Warning: At t=-0.23000000146131938, dt was forced below floating point epsilon -1.7471834573022536e-17, and step error estimate = NaN. Aborting. There is either an error in your model specification or the true solution is unstable (or the true solution can not be represented in the precision of Float64).
└ @ SciMLBase ~/.julia/packages/SciMLBase/VW1cI/src/integrator_interface.jl:623
┌ Warning: At t=-0.3229862425901764, dt was forced below floating point epsilon -4.9918447695035476e-17, and step error estimate = 417.314951472426. Aborting. There is either an error in your model specification or the true solution is unstable (or the true solution can not be represented in the precision of Float64).
└ @ SciMLBase ~/.julia/packages/SciMLBase/VW1cI/src/integrator_interface.jl:623
┌ Warning: At t=-0.23146623767593014, dt was forced below floating point epsilon -2.4921361437827848e-17, and step error estimate = 1.023784563542526. Aborting. There is either an error in your model specification or the true solution is unstable (or the true solution can not be represented in the precision of Float64).
└ @ SciMLBase ~/.julia/packages/SciMLBase/VW1cI/src/integrator_interface.jl:623
┌ Warning: At t=-0.30383752731014113, dt was forced below floating point epsilon -5.418386617742642e-17, and step error estimate = 1.0170430417523433. Aborting. There is either an error in your model specification or the true solution is unstable (or the true solution can not be represented in the precision of Float64).
└ @ SciMLBase ~/.julia/packages/SciMLBase/VW1cI/src/integrator_interface.jl:623
┌ Warning: At t=-0.2325742989647287, dt was forced below floating point epsilon -2.4505407716396204e-17, and step error estimate = 1.211517990695261. Aborting. There is either an error in your model specification or the true solution is unstable (or the true solution can not be represented in the precision of Float64).
└ @ SciMLBase ~/.julia/packages/SciMLBase/VW1cI/src/integrator_interface.jl:623
┌ Warning: At t=-0.23000530261469673, dt was forced below floating point epsilon -7.467714417133329e-18, and step error estimate = NaN. Aborting. There is either an error in your model specification or the true solution is unstable (or the true solution can not be represented in the precision of Float64).
└ @ SciMLBase ~/.julia/packages/SciMLBase/VW1cI/src/integrator_interface.jl:623
┌ Warning: At t=-0.23563636825481557, dt was forced below floating point epsilon -9.936454845778366e-18, and step error estimate = NaN. Aborting. There is either an error in your model specification or the true solution is unstable (or the true solution can not be represented in the precision of Float64).
└ @ SciMLBase ~/.julia/packages/SciMLBase/VW1cI/src/integrator_interface.jl:623
┌ Warning: At t=-0.23266575158273234, dt was forced below floating point epsilon -2.5668992172500537e-17, and step error estimate = 1.2828184470027106. Aborting. There is either an error in your model specification or the true solution is unstable (or the true solution can not be represented in the precision of Float64).
└ @ SciMLBase ~/.julia/packages/SciMLBase/VW1cI/src/integrator_interface.jl:623
┌ Warning: At t=-0.23040612008283903, dt was forced below floating point epsilon -2.52416791583011e-17, and step error estimate = 1.2254730322345724. Aborting. There is either an error in your model specification or the true solution is unstable (or the true solution can not be represented in the precision of Float64).
└ @ SciMLBase ~/.julia/packages/SciMLBase/VW1cI/src/integrator_interface.jl:623
┌ Warning: At t=-0.23000000010814756, dt was forced below floating point epsilon -5.565035637944504e-18, and step error estimate = NaN. Aborting. There is either an error in your model specification or the true solution is unstable (or the true solution can not be represented in the precision of Float64).
└ @ SciMLBase ~/.julia/packages/SciMLBase/VW1cI/src/integrator_interface.jl:623
┌ Warning: At t=-0.26043605447505547, dt was forced below floating point epsilon -5.52139241071441e-17, and step error estimate = 128.1998954946563. Aborting. There is either an error in your model specification or the true solution is unstable (or the true solution can not be represented in the precision of Float64).
└ @ SciMLBase ~/.julia/packages/SciMLBase/VW1cI/src/integrator_interface.jl:623
┌ Warning: At t=-0.2343438742374865, dt was forced below floating point epsilon -2.497687681715972e-17, and step error estimate = 1.0012583020035695. Aborting. There is either an error in your model specification or the true solution is unstable (or the true solution can not be represented in the precision of Float64).
└ @ SciMLBase ~/.julia/packages/SciMLBase/VW1cI/src/integrator_interface.jl:623
┌ Warning: At t=-0.2943216936951187, dt was forced below floating point epsilon -3.8657550492547055e-17, and step error estimate = 500.90528587182223. Aborting. There is either an error in your model specification or the true solution is unstable (or the true solution can not be represented in the precision of Float64).
└ @ SciMLBase ~/.julia/packages/SciMLBase/VW1cI/src/integrator_interface.jl:623
┌ Warning: At t=-0.26043605447505586, dt was forced below floating point epsilon -4.684478278131383e-17, and step error estimate = 134.41408052336627. Aborting. There is either an error in your model specification or the true solution is unstable (or the true solution can not be represented in the precision of Float64).
└ @ SciMLBase ~/.julia/packages/SciMLBase/VW1cI/src/integrator_interface.jl:623
┌ Warning: At t=-0.23000934592322533, dt was forced below floating point epsilon -1.839603161697615e-17, and step error estimate = NaN. Aborting. There is either an error in your model specification or the true solution is unstable (or the true solution can not be represented in the precision of Float64).
└ @ SciMLBase ~/.julia/packages/SciMLBase/VW1cI/src/integrator_interface.jl:623
┌ Warning: At t=-0.2357306919192468, dt was forced below floating point epsilon -2.7681897804416035e-17, and step error estimate = 1.3057579354286348. Aborting. There is either an error in your model specification or the true solution is unstable (or the true solution can not be represented in the precision of Float64).
└ @ SciMLBase ~/.julia/packages/SciMLBase/VW1cI/src/integrator_interface.jl:623
┌ Warning: At t=-0.2300088089764956, dt was forced below floating point epsilon -2.4888186471559402e-17, and step error estimate = 1.0375132838582675. Aborting. There is either an error in your model specification or the true solution is unstable (or the true solution can not be represented in the precision of Float64).
└ @ SciMLBase ~/.julia/packages/SciMLBase/VW1cI/src/integrator_interface.jl:623
┌ Warning: At t=-0.24990014013065925, dt was forced below floating point epsilon -2.6615175486622622e-17, and step error estimate = 1.0072582103059489. Aborting. There is either an error in your model specification or the true solution is unstable (or the true solution can not be represented in the precision of Float64).
└ @ SciMLBase ~/.julia/packages/SciMLBase/VW1cI/src/integrator_interface.jl:623
┌ Warning: At t=-0.38851544802669125, dt was forced below floating point epsilon -4.96985157364994e-17, and step error estimate = 1.0538827487725657. Aborting. There is either an error in your model specification or the true solution is unstable (or the true solution can not be represented in the precision of Float64).
└ @ SciMLBase ~/.julia/packages/SciMLBase/VW1cI/src/integrator_interface.jl:623
┌ Warning: At t=-0.23496457913539295, dt was forced below floating point epsilon -2.4717996228911777e-17, and step error estimate = 1.1112164711618544. Aborting. There is either an error in your model specification or the true solution is unstable (or the true solution can not be represented in the precision of Float64).
└ @ SciMLBase ~/.julia/packages/SciMLBase/VW1cI/src/integrator_interface.jl:623
┌ Warning: At t=-0.23607706340543488, dt was forced below floating point epsilon -2.6065768719696813e-17, and step error estimate = 1.2858738358068142. Aborting. There is either an error in your model specification or the true solution is unstable (or the true solution can not be represented in the precision of Float64).
└ @ SciMLBase ~/.julia/packages/SciMLBase/VW1cI/src/integrator_interface.jl:623
┌ Warning: At t=-0.23520545035173138, dt was forced below floating point epsilon -1.3100435716949037e-17, and step error estimate = NaN. Aborting. There is either an error in your model specification or the true solution is unstable (or the true solution can not be represented in the precision of Float64).
└ @ SciMLBase ~/.julia/packages/SciMLBase/VW1cI/src/integrator_interface.jl:623
┌ Warning: At t=-0.2309205165483865, dt was forced below floating point epsilon -2.4818475924080837e-17, and step error estimate = 1.067027970460909. Aborting. There is either an error in your model specification or the true solution is unstable (or the true solution can not be represented in the precision of Float64).
└ @ SciMLBase ~/.julia/packages/SciMLBase/VW1cI/src/integrator_interface.jl:623
┌ Warning: At t=-0.23016398620630368, dt was forced below floating point epsilon -2.488127136257646e-17, and step error estimate = 1.0404005961945024. Aborting. There is either an error in your model specification or the true solution is unstable (or the true solution can not be represented in the precision of Float64).
└ @ SciMLBase ~/.julia/packages/SciMLBase/VW1cI/src/integrator_interface.jl:623
┌ Warning: At t=-0.2833405019519418, dt was forced below floating point epsilon -3.992204110538427e-17, and step error estimate = 414.9292055197605. Aborting. There is either an error in your model specification or the true solution is unstable (or the true solution can not be represented in the precision of Float64).
└ @ SciMLBase ~/.julia/packages/SciMLBase/VW1cI/src/integrator_interface.jl:623
┌ Warning: At t=-0.23356290503022306, dt was forced below floating point epsilon -2.020451592063825e-17, and step error estimate = 175.74871366061208. Aborting. There is either an error in your model specification or the true solution is unstable (or the true solution can not be represented in the precision of Float64).
└ @ SciMLBase ~/.julia/packages/SciMLBase/VW1cI/src/integrator_interface.jl:623
┌ Warning: At t=-0.5194936741397288, dt was forced below floating point epsilon -9.894294580160241e-17, and step error estimate = 1.103270756516274. Aborting. There is either an error in your model specification or the true solution is unstable (or the true solution can not be represented in the precision of Float64).
└ @ SciMLBase ~/.julia/packages/SciMLBase/VW1cI/src/integrator_interface.jl:623
┌ Warning: At t=-0.2455315478964103, dt was forced below floating point epsilon -2.463126485780028e-17, and step error estimate = 1.1509879642950551. Aborting. There is either an error in your model specification or the true solution is unstable (or the true solution can not be represented in the precision of Float64).
└ @ SciMLBase ~/.julia/packages/SciMLBase/VW1cI/src/integrator_interface.jl:623
┌ Warning: At t=-0.23001387931416611, dt was forced below floating point epsilon -5.593911979701719e-18, and step error estimate = NaN. Aborting. There is either an error in your model specification or the true solution is unstable (or the true solution can not be represented in the precision of Float64).
└ @ SciMLBase ~/.julia/packages/SciMLBase/VW1cI/src/integrator_interface.jl:623
┌ Warning: At t=-0.23372291104595286, dt was forced below floating point epsilon -2.4708905483480944e-17, and step error estimate = 1.1153134136961806. Aborting. There is either an error in your model specification or the true solution is unstable (or the true solution can not be represented in the precision of Float64).
└ @ SciMLBase ~/.julia/packages/SciMLBase/VW1cI/src/integrator_interface.jl:623
┌ Warning: At t=-0.9899368064271172, dt was forced below floating point epsilon 1.1102230246251565e-16, and step error estimate = 1.1307398646130822. Aborting. There is either an error in your model specification or the true solution is unstable (or the true solution can not be represented in the precision of Float64).
└ @ SciMLBase ~/.julia/packages/SciMLBase/VW1cI/src/integrator_interface.jl:623
┌ Warning: At t=-0.22981832232477853, dt was forced below floating point epsilon 2.7755575615628914e-17, and step error estimate = 1.4422486964098291. Aborting. There is either an error in your model specification or the true solution is unstable (or the true solution can not be represented in the precision of Float64).
└ @ SciMLBase ~/.julia/packages/SciMLBase/VW1cI/src/integrator_interface.jl:623
┌ Warning: At t=0.8213947069009508, dt was forced below floating point epsilon 1.1102230246251565e-16, and step error estimate = 1.137421623498055. Aborting. There is either an error in your model specification or the true solution is unstable (or the true solution can not be represented in the precision of Float64).
└ @ SciMLBase ~/.julia/packages/SciMLBase/VW1cI/src/integrator_interface.jl:623
┌ Warning: At t=0.7902538448143082, dt was forced below floating point epsilon 1.1102230246251565e-16, and step error estimate = 1.0634599329487457. Aborting. There is either an error in your model specification or the true solution is unstable (or the true solution can not be represented in the precision of Float64).
└ @ SciMLBase ~/.julia/packages/SciMLBase/VW1cI/src/integrator_interface.jl:623
┌ Warning: At t=0.7902797690505966, dt was forced below floating point epsilon 1.1102230246251565e-16, and step error estimate = 1.047395570201708. Aborting. There is either an error in your model specification or the true solution is unstable (or the true solution can not be represented in the precision of Float64).
└ @ SciMLBase ~/.julia/packages/SciMLBase/VW1cI/src/integrator_interface.jl:623
┌ Warning: At t=-0.22999999728699846, dt was forced below floating point epsilon 2.7755575615628914e-17, and step error estimate = NaN. Aborting. There is either an error in your model specification or the true solution is unstable (or the true solution can not be represented in the precision of Float64).
└ @ SciMLBase ~/.julia/packages/SciMLBase/VW1cI/src/integrator_interface.jl:623
┌ Warning: At t=-0.21754574462010082, dt was forced below floating point epsilon 2.7755575615628914e-17, and step error estimate = 1.1036248550151402. Aborting. There is either an error in your model specification or the true solution is unstable (or the true solution can not be represented in the precision of Float64).
└ @ SciMLBase ~/.julia/packages/SciMLBase/VW1cI/src/integrator_interface.jl:623
┌ Warning: At t=-0.9494741327267586, dt was forced below floating point epsilon 1.1102230246251565e-16, and step error estimate = 91.04360973367336. Aborting. There is either an error in your model specification or the true solution is unstable (or the true solution can not be represented in the precision of Float64).
└ @ SciMLBase ~/.julia/packages/SciMLBase/VW1cI/src/integrator_interface.jl:623
┌ Warning: At t=-0.9427879991410525, dt was forced below floating point epsilon 1.1102230246251565e-16, and step error estimate = 1.0033707607947402. Aborting. There is either an error in your model specification or the true solution is unstable (or the true solution can not be represented in the precision of Float64).
└ @ SciMLBase ~/.julia/packages/SciMLBase/VW1cI/src/integrator_interface.jl:623
┌ Warning: At t=-0.9899774504313087, dt was forced below floating point epsilon 1.1102230246251565e-16, and step error estimate = 1.1325454061116385. Aborting. There is either an error in your model specification or the true solution is unstable (or the true solution can not be represented in the precision of Float64).
└ @ SciMLBase ~/.julia/packages/SciMLBase/VW1cI/src/integrator_interface.jl:623
┌ Warning: At t=-0.2298183184304433, dt was forced below floating point epsilon 2.7755575615628914e-17, and step error estimate = 1.2545791268442301. Aborting. There is either an error in your model specification or the true solution is unstable (or the true solution can not be represented in the precision of Float64).
└ @ SciMLBase ~/.julia/packages/SciMLBase/VW1cI/src/integrator_interface.jl:623
┌ Warning: At t=-0.99, dt was forced below floating point epsilon 1.1102230246251565e-16, and step error estimate = 1.2403213777177304. Aborting. There is either an error in your model specification or the true solution is unstable (or the true solution can not be represented in the precision of Float64).
└ @ SciMLBase ~/.julia/packages/SciMLBase/VW1cI/src/integrator_interface.jl:623
┌ Warning: At t=-0.9841003238921201, dt was forced below floating point epsilon 1.1102230246251565e-16, and step error estimate = 1.0261677313145916. Aborting. There is either an error in your model specification or the true solution is unstable (or the true solution can not be represented in the precision of Float64).
└ @ SciMLBase ~/.julia/packages/SciMLBase/VW1cI/src/integrator_interface.jl:623
┌ Warning: At t=-0.8587895264038368, dt was forced below floating point epsilon 1.1102230246251565e-16, and step error estimate = 1.124003840763189. Aborting. There is either an error in your model specification or the true solution is unstable (or the true solution can not be represented in the precision of Float64).
└ @ SciMLBase ~/.julia/packages/SciMLBase/VW1cI/src/integrator_interface.jl:623
┌ Warning: At t=-0.99, dt was forced below floating point epsilon 1.1102230246251565e-16, and step error estimate = NaN. Aborting. There is either an error in your model specification or the true solution is unstable (or the true solution can not be represented in the precision of Float64).
└ @ SciMLBase ~/.julia/packages/SciMLBase/VW1cI/src/integrator_interface.jl:623
┌ Warning: At t=-0.9498457074695852, dt was forced below floating point epsilon 1.1102230246251565e-16, and step error estimate = 1.0610233707435741. Aborting. There is either an error in your model specification or the true solution is unstable (or the true solution can not be represented in the precision of Float64).
└ @ SciMLBase ~/.julia/packages/SciMLBase/VW1cI/src/integrator_interface.jl:623
┌ Warning: At t=-0.22999970807708134, dt was forced below floating point epsilon 2.7755575615628914e-17, and step error estimate = NaN. Aborting. There is either an error in your model specification or the true solution is unstable (or the true solution can not be represented in the precision of Float64).
└ @ SciMLBase ~/.julia/packages/SciMLBase/VW1cI/src/integrator_interface.jl:623
┌ Warning: At t=-0.5763837918345279, dt was forced below floating point epsilon 1.1102230246251565e-16, and step error estimate = 982.7804353234949. Aborting. There is either an error in your model specification or the true solution is unstable (or the true solution can not be represented in the precision of Float64).
└ @ SciMLBase ~/.julia/packages/SciMLBase/VW1cI/src/integrator_interface.jl:623
┌ Warning: At t=0.6927604771706168, dt was forced below floating point epsilon 1.1102230246251565e-16, and step error estimate = 1.1368444033892569. Aborting. There is either an error in your model specification or the true solution is unstable (or the true solution can not be represented in the precision of Float64).
└ @ SciMLBase ~/.julia/packages/SciMLBase/VW1cI/src/integrator_interface.jl:623
┌ Warning: At t=-0.9376577277630165, dt was forced below floating point epsilon 1.1102230246251565e-16, and step error estimate = 136.24710902069202. Aborting. There is either an error in your model specification or the true solution is unstable (or the true solution can not be represented in the precision of Float64).
└ @ SciMLBase ~/.julia/packages/SciMLBase/VW1cI/src/integrator_interface.jl:623
┌ Warning: At t=-0.9494741327267586, dt was forced below floating point epsilon 1.1102230246251565e-16, and step error estimate = 91.04360973367336. Aborting. There is either an error in your model specification or the true solution is unstable (or the true solution can not be represented in the precision of Float64).
└ @ SciMLBase ~/.julia/packages/SciMLBase/VW1cI/src/integrator_interface.jl:623
┌ Warning: At t=0.38813864481517873, dt was forced below floating point epsilon 5.551115123125783e-17, and step error estimate = 1.368791580396703. Aborting. There is either an error in your model specification or the true solution is unstable (or the true solution can not be represented in the precision of Float64).
└ @ SciMLBase ~/.julia/packages/SciMLBase/VW1cI/src/integrator_interface.jl:623
┌ Warning: At t=-0.99, dt was forced below floating point epsilon 1.1102230246251565e-16, and step error estimate = 1.2380511744079108. Aborting. There is either an error in your model specification or the true solution is unstable (or the true solution can not be represented in the precision of Float64).
└ @ SciMLBase ~/.julia/packages/SciMLBase/VW1cI/src/integrator_interface.jl:623
┌ Warning: At t=0.7880613829716556, dt was forced below floating point epsilon 1.1102230246251565e-16, and step error estimate = 1.0293311043259756. Aborting. There is either an error in your model specification or the true solution is unstable (or the true solution can not be represented in the precision of Float64).
└ @ SciMLBase ~/.julia/packages/SciMLBase/VW1cI/src/integrator_interface.jl:623
┌ Warning: At t=-0.875126094622503, dt was forced below floating point epsilon 1.1102230246251565e-16, and step error estimate = 1.0207278565222655. Aborting. There is either an error in your model specification or the true solution is unstable (or the true solution can not be represented in the precision of Float64).
└ @ SciMLBase ~/.julia/packages/SciMLBase/VW1cI/src/integrator_interface.jl:623
┌ Warning: At t=-0.99, dt was forced below floating point epsilon 1.1102230246251565e-16, and step error estimate = 2478.7943595631673. Aborting. There is either an error in your model specification or the true solution is unstable (or the true solution can not be represented in the precision of Float64).
└ @ SciMLBase ~/.julia/packages/SciMLBase/VW1cI/src/integrator_interface.jl:623
┌ Warning: At t=-0.2298183184304433, dt was forced below floating point epsilon 2.7755575615628914e-17, and step error estimate = 1.2545791268442301. Aborting. There is either an error in your model specification or the true solution is unstable (or the true solution can not be represented in the precision of Float64).
└ @ SciMLBase ~/.julia/packages/SciMLBase/VW1cI/src/integrator_interface.jl:623
┌ Warning: At t=-0.22983133451476423, dt was forced below floating point epsilon 2.7755575615628914e-17, and step error estimate = 1.3797092658704835. Aborting. There is either an error in your model specification or the true solution is unstable (or the true solution can not be represented in the precision of Float64).
└ @ SciMLBase ~/.julia/packages/SciMLBase/VW1cI/src/integrator_interface.jl:623
┌ Warning: At t=-0.99, dt was forced below floating point epsilon 1.1102230246251565e-16, and step error estimate = 2478.7943595631673. Aborting. There is either an error in your model specification or the true solution is unstable (or the true solution can not be represented in the precision of Float64).
└ @ SciMLBase ~/.julia/packages/SciMLBase/VW1cI/src/integrator_interface.jl:623
┌ Warning: At t=0.6950625791398949, dt was forced below floating point epsilon 1.1102230246251565e-16, and step error estimate = 1.0502423331554274. Aborting. There is either an error in your model specification or the true solution is unstable (or the true solution can not be represented in the precision of Float64).
└ @ SciMLBase ~/.julia/packages/SciMLBase/VW1cI/src/integrator_interface.jl:623
┌ Warning: At t=0.6633076298082586, dt was forced below floating point epsilon 1.1102230246251565e-16, and step error estimate = 1.0778793066276215. Aborting. There is either an error in your model specification or the true solution is unstable (or the true solution can not be represented in the precision of Float64).
└ @ SciMLBase ~/.julia/packages/SciMLBase/VW1cI/src/integrator_interface.jl:623
┌ Warning: At t=0.8214511805028658, dt was forced below floating point epsilon 1.1102230246251565e-16, and step error estimate = 1.0071075944473535. Aborting. There is either an error in your model specification or the true solution is unstable (or the true solution can not be represented in the precision of Float64).
└ @ SciMLBase ~/.julia/packages/SciMLBase/VW1cI/src/integrator_interface.jl:623
┌ Warning: At t=-0.6164833405573052, dt was forced below floating point epsilon 1.1102230246251565e-16, and step error estimate = NaN. Aborting. There is either an error in your model specification or the true solution is unstable (or the true solution can not be represented in the precision of Float64).
└ @ SciMLBase ~/.julia/packages/SciMLBase/VW1cI/src/integrator_interface.jl:623
┌ Warning: At t=-0.99, dt was forced below floating point epsilon 1.1102230246251565e-16, and step error estimate = 1.2378617408589327. Aborting. There is either an error in your model specification or the true solution is unstable (or the true solution can not be represented in the precision of Float64).
└ @ SciMLBase ~/.julia/packages/SciMLBase/VW1cI/src/integrator_interface.jl:623
┌ Warning: At t=-0.13133138250815726, dt was forced below floating point epsilon 2.7755575615628914e-17, and step error estimate = 1.2436246930794623. Aborting. There is either an error in your model specification or the true solution is unstable (or the true solution can not be represented in the precision of Float64).
└ @ SciMLBase ~/.julia/packages/SciMLBase/VW1cI/src/integrator_interface.jl:623
┌ Warning: At t=-0.9899991271126256, dt was forced below floating point epsilon 1.1102230246251565e-16, and step error estimate = 1.0255700612109804. Aborting. There is either an error in your model specification or the true solution is unstable (or the true solution can not be represented in the precision of Float64).
└ @ SciMLBase ~/.julia/packages/SciMLBase/VW1cI/src/integrator_interface.jl:623
┌ Warning: At t=-0.7807639438778637, dt was forced below floating point epsilon 1.1102230246251565e-16, and step error estimate = 937.3417996316149. Aborting. There is either an error in your model specification or the true solution is unstable (or the true solution can not be represented in the precision of Float64).
└ @ SciMLBase ~/.julia/packages/SciMLBase/VW1cI/src/integrator_interface.jl:623
┌ Warning: At t=-0.868037775819063, dt was forced below floating point epsilon 1.1102230246251565e-16, and step error estimate = 1.3767855594865264. Aborting. There is either an error in your model specification or the true solution is unstable (or the true solution can not be represented in the precision of Float64).
└ @ SciMLBase ~/.julia/packages/SciMLBase/VW1cI/src/integrator_interface.jl:623
┌ Warning: At t=-0.22987956553793473, dt was forced below floating point epsilon 2.7755575615628914e-17, and step error estimate = 1.064067827705151. Aborting. There is either an error in your model specification or the true solution is unstable (or the true solution can not be represented in the precision of Float64).
└ @ SciMLBase ~/.julia/packages/SciMLBase/VW1cI/src/integrator_interface.jl:623
┌ Warning: At t=-0.9369419832176314, dt was forced below floating point epsilon 1.1102230246251565e-16, and step error estimate = 1.204085982816087. Aborting. There is either an error in your model specification or the true solution is unstable (or the true solution can not be represented in the precision of Float64).
└ @ SciMLBase ~/.julia/packages/SciMLBase/VW1cI/src/integrator_interface.jl:623
┌ Warning: At t=-0.23111296775234358, dt was forced below floating point epsilon 2.7755575615628914e-17, and step error estimate = 1.4062366054044424. Aborting. There is either an error in your model specification or the true solution is unstable (or the true solution can not be represented in the precision of Float64).
└ @ SciMLBase ~/.julia/packages/SciMLBase/VW1cI/src/integrator_interface.jl:623
┌ Warning: At t=0.4321867086571333, dt was forced below floating point epsilon 5.551115123125783e-17, and step error estimate = 1.3921239294263914. Aborting. There is either an error in your model specification or the true solution is unstable (or the true solution can not be represented in the precision of Float64).
└ @ SciMLBase ~/.julia/packages/SciMLBase/VW1cI/src/integrator_interface.jl:623
┌ Warning: At t=-0.99, dt was forced below floating point epsilon 1.1102230246251565e-16, and step error estimate = 22.32348954015207. Aborting. There is either an error in your model specification or the true solution is unstable (or the true solution can not be represented in the precision of Float64).
└ @ SciMLBase ~/.julia/packages/SciMLBase/VW1cI/src/integrator_interface.jl:623
┌ Warning: Interrupted. Larger maxiters is needed. If you are using an integrator for non-stiff ODEs or an automatic switching algorithm (the default), you may want to consider using a method for stiff equations. See the solver pages for more details (e.g. https://docs.sciml.ai/DiffEqDocs/stable/solvers/ode_solve/#Stiff-Problems).
└ @ SciMLBase ~/.julia/packages/SciMLBase/VW1cI/src/integrator_interface.jl:589
┌ Warning: At t=-0.99, dt was forced below floating point epsilon 1.1102230246251565e-16, and step error estimate = 2246.7507813457073. Aborting. There is either an error in your model specification or the true solution is unstable (or the true solution can not be represented in the precision of Float64).
└ @ SciMLBase ~/.julia/packages/SciMLBase/VW1cI/src/integrator_interface.jl:623
┌ Warning: At t=-0.99, dt was forced below floating point epsilon 1.1102230246251565e-16, and step error estimate = 3015.1498183870754. Aborting. There is either an error in your model specification or the true solution is unstable (or the true solution can not be represented in the precision of Float64).
└ @ SciMLBase ~/.julia/packages/SciMLBase/VW1cI/src/integrator_interface.jl:623
┌ Warning: At t=-0.9633556950393366, dt was forced below floating point epsilon 1.1102230246251565e-16, and step error estimate = 1.2758715359853927. Aborting. There is either an error in your model specification or the true solution is unstable (or the true solution can not be represented in the precision of Float64).
└ @ SciMLBase ~/.julia/packages/SciMLBase/VW1cI/src/integrator_interface.jl:623
┌ Warning: At t=0.680205021072114, dt was forced below floating point epsilon 1.1102230246251565e-16, and step error estimate = 1.088087207360206. Aborting. There is either an error in your model specification or the true solution is unstable (or the true solution can not be represented in the precision of Float64).
└ @ SciMLBase ~/.julia/packages/SciMLBase/VW1cI/src/integrator_interface.jl:623
┌ Warning: At t=-0.9395145779725688, dt was forced below floating point epsilon 1.1102230246251565e-16, and step error estimate = 6.998918019447529. Aborting. There is either an error in your model specification or the true solution is unstable (or the true solution can not be represented in the precision of Float64).
└ @ SciMLBase ~/.julia/packages/SciMLBase/VW1cI/src/integrator_interface.jl:623
┌ Warning: At t=0.7060914203030936, dt was forced below floating point epsilon 1.1102230246251565e-16, and step error estimate = 1.154423993564571. Aborting. There is either an error in your model specification or the true solution is unstable (or the true solution can not be represented in the precision of Float64).
└ @ SciMLBase ~/.julia/packages/SciMLBase/VW1cI/src/integrator_interface.jl:623
┌ Warning: At t=0.7877753461723264, dt was forced below floating point epsilon 1.1102230246251565e-16, and step error estimate = 1.478747270246198. Aborting. There is either an error in your model specification or the true solution is unstable (or the true solution can not be represented in the precision of Float64).
└ @ SciMLBase ~/.julia/packages/SciMLBase/VW1cI/src/integrator_interface.jl:623
┌ Warning: At t=-0.9730049906468055, dt was forced below floating point epsilon 1.1102230246251565e-16, and step error estimate = 1.1170681657817698. Aborting. There is either an error in your model specification or the true solution is unstable (or the true solution can not be represented in the precision of Float64).
└ @ SciMLBase ~/.julia/packages/SciMLBase/VW1cI/src/integrator_interface.jl:623
┌ Warning: At t=-0.13283845200205613, dt was forced below floating point epsilon 2.7755575615628914e-17, and step error estimate = 1.0791417023704601. Aborting. There is either an error in your model specification or the true solution is unstable (or the true solution can not be represented in the precision of Float64).
└ @ SciMLBase ~/.julia/packages/SciMLBase/VW1cI/src/integrator_interface.jl:623
┌ Warning: At t=-0.9865505235066995, dt was forced below floating point epsilon 1.1102230246251565e-16, and step error estimate = 1.3812698141641686. Aborting. There is either an error in your model specification or the true solution is unstable (or the true solution can not be represented in the precision of Float64).
└ @ SciMLBase ~/.julia/packages/SciMLBase/VW1cI/src/integrator_interface.jl:623
┌ Warning: At t=-0.99, dt was forced below floating point epsilon 1.1102230246251565e-16, and step error estimate = 1.2378617408589327. Aborting. There is either an error in your model specification or the true solution is unstable (or the true solution can not be represented in the precision of Float64).
└ @ SciMLBase ~/.julia/packages/SciMLBase/VW1cI/src/integrator_interface.jl:623
┌ Warning: At t=0.6421666770423405, dt was forced below floating point epsilon 1.1102230246251565e-16, and step error estimate = NaN. Aborting. There is either an error in your model specification or the true solution is unstable (or the true solution can not be represented in the precision of Float64).
└ @ SciMLBase ~/.julia/packages/SciMLBase/VW1cI/src/integrator_interface.jl:623
┌ Warning: At t=-0.9255033108090162, dt was forced below floating point epsilon 1.1102230246251565e-16, and step error estimate = 1.7783951624499903. Aborting. There is either an error in your model specification or the true solution is unstable (or the true solution can not be represented in the precision of Float64).
└ @ SciMLBase ~/.julia/packages/SciMLBase/VW1cI/src/integrator_interface.jl:623
┌ Warning: At t=-0.9892661180026008, dt was forced below floating point epsilon 1.1102230246251565e-16, and step error estimate = 1.0305423717482862. Aborting. There is either an error in your model specification or the true solution is unstable (or the true solution can not be represented in the precision of Float64).
└ @ SciMLBase ~/.julia/packages/SciMLBase/VW1cI/src/integrator_interface.jl:623
┌ Warning: At t=-0.99, dt was forced below floating point epsilon 1.1102230246251565e-16, and step error estimate = 2142.1711371637084. Aborting. There is either an error in your model specification or the true solution is unstable (or the true solution can not be represented in the precision of Float64).
└ @ SciMLBase ~/.julia/packages/SciMLBase/VW1cI/src/integrator_interface.jl:623
┌ Warning: Interrupted. Larger maxiters is needed. If you are using an integrator for non-stiff ODEs or an automatic switching algorithm (the default), you may want to consider using a method for stiff equations. See the solver pages for more details (e.g. https://docs.sciml.ai/DiffEqDocs/stable/solvers/ode_solve/#Stiff-Problems).
└ @ SciMLBase ~/.julia/packages/SciMLBase/VW1cI/src/integrator_interface.jl:589
┌ Warning: At t=0.6637142759707827, dt was forced below floating point epsilon 1.1102230246251565e-16, and step error estimate = 1.1011390438477655. Aborting. There is either an error in your model specification or the true solution is unstable (or the true solution can not be represented in the precision of Float64).
└ @ SciMLBase ~/.julia/packages/SciMLBase/VW1cI/src/integrator_interface.jl:623
┌ Warning: At t=-0.9490888117710647, dt was forced below floating point epsilon 1.1102230246251565e-16, and step error estimate = 1.1498621960196458. Aborting. There is either an error in your model specification or the true solution is unstable (or the true solution can not be represented in the precision of Float64).
└ @ SciMLBase ~/.julia/packages/SciMLBase/VW1cI/src/integrator_interface.jl:623
┌ Warning: At t=-0.7896788140673694, dt was forced below floating point epsilon 1.1102230246251565e-16, and step error estimate = 1.0171921839668914. Aborting. There is either an error in your model specification or the true solution is unstable (or the true solution can not be represented in the precision of Float64).
└ @ SciMLBase ~/.julia/packages/SciMLBase/VW1cI/src/integrator_interface.jl:623
┌ Warning: At t=-0.5763837918345248, dt was forced below floating point epsilon 1.1102230246251565e-16, and step error estimate = 1275.9370023391914. Aborting. There is either an error in your model specification or the true solution is unstable (or the true solution can not be represented in the precision of Float64).
└ @ SciMLBase ~/.julia/packages/SciMLBase/VW1cI/src/integrator_interface.jl:623
┌ Warning: At t=-0.9753162288501712, dt was forced below floating point epsilon 1.1102230246251565e-16, and step error estimate = 1.4068336291998362. Aborting. There is either an error in your model specification or the true solution is unstable (or the true solution can not be represented in the precision of Float64).
└ @ SciMLBase ~/.julia/packages/SciMLBase/VW1cI/src/integrator_interface.jl:623
┌ Warning: At t=-0.22983133451476423, dt was forced below floating point epsilon 2.7755575615628914e-17, and step error estimate = 1.3797092658704835. Aborting. There is either an error in your model specification or the true solution is unstable (or the true solution can not be represented in the precision of Float64).
└ @ SciMLBase ~/.julia/packages/SciMLBase/VW1cI/src/integrator_interface.jl:623
┌ Warning: At t=-0.9892721197443669, dt was forced below floating point epsilon 1.1102230246251565e-16, and step error estimate = 1.042563914472318. Aborting. There is either an error in your model specification or the true solution is unstable (or the true solution can not be represented in the precision of Float64).
└ @ SciMLBase ~/.julia/packages/SciMLBase/VW1cI/src/integrator_interface.jl:623
┌ Warning: At t=-0.9723580909697614, dt was forced below floating point epsilon 1.1102230246251565e-16, and step error estimate = 1.1868217796853804. Aborting. There is either an error in your model specification or the true solution is unstable (or the true solution can not be represented in the precision of Float64).
└ @ SciMLBase ~/.julia/packages/SciMLBase/VW1cI/src/integrator_interface.jl:623
┌ Warning: At t=0.7878431369777931, dt was forced below floating point epsilon 1.1102230246251565e-16, and step error estimate = 1.1879158340465694. Aborting. There is either an error in your model specification or the true solution is unstable (or the true solution can not be represented in the precision of Float64).
└ @ SciMLBase ~/.julia/packages/SciMLBase/VW1cI/src/integrator_interface.jl:623
┌ Warning: At t=-0.17551729799716984, dt was forced below floating point epsilon 2.7755575615628914e-17, and step error estimate = 1.5396817651312653. Aborting. There is either an error in your model specification or the true solution is unstable (or the true solution can not be represented in the precision of Float64).
└ @ SciMLBase ~/.julia/packages/SciMLBase/VW1cI/src/integrator_interface.jl:623
┌ Warning: At t=-0.9643525793648534, dt was forced below floating point epsilon 1.1102230246251565e-16, and step error estimate = 1.0382989577172135. Aborting. There is either an error in your model specification or the true solution is unstable (or the true solution can not be represented in the precision of Float64).
└ @ SciMLBase ~/.julia/packages/SciMLBase/VW1cI/src/integrator_interface.jl:623
┌ Warning: At t=-0.17558520595499427, dt was forced below floating point epsilon 2.7755575615628914e-17, and step error estimate = 1.142776941614215. Aborting. There is either an error in your model specification or the true solution is unstable (or the true solution can not be represented in the precision of Float64).
└ @ SciMLBase ~/.julia/packages/SciMLBase/VW1cI/src/integrator_interface.jl:623
┌ Warning: At t=-0.99, dt was forced below floating point epsilon 1.1102230246251565e-16, and step error estimate = NaN. Aborting. There is either an error in your model specification or the true solution is unstable (or the true solution can not be represented in the precision of Float64).
└ @ SciMLBase ~/.julia/packages/SciMLBase/VW1cI/src/integrator_interface.jl:623
┌ Warning: At t=-0.99, dt was forced below floating point epsilon 1.1102230246251565e-16, and step error estimate = NaN. Aborting. There is either an error in your model specification or the true solution is unstable (or the true solution can not be represented in the precision of Float64).
└ @ SciMLBase ~/.julia/packages/SciMLBase/VW1cI/src/integrator_interface.jl:623
┌ Warning: At t=-0.99, dt was forced below floating point epsilon 1.1102230246251565e-16, and step error estimate = 1.2468113967797718. Aborting. There is either an error in your model specification or the true solution is unstable (or the true solution can not be represented in the precision of Float64).
└ @ SciMLBase ~/.julia/packages/SciMLBase/VW1cI/src/integrator_interface.jl:623
┌ Warning: At t=-0.8263716315860241, dt was forced below floating point epsilon 1.1102230246251565e-16, and step error estimate = 1.3781451911538962. Aborting. There is either an error in your model specification or the true solution is unstable (or the true solution can not be represented in the precision of Float64).
└ @ SciMLBase ~/.julia/packages/SciMLBase/VW1cI/src/integrator_interface.jl:623
┌ Warning: At t=-0.22999991115346058, dt was forced below floating point epsilon 2.7755575615628914e-17, and step error estimate = NaN. Aborting. There is either an error in your model specification or the true solution is unstable (or the true solution can not be represented in the precision of Float64).
└ @ SciMLBase ~/.julia/packages/SciMLBase/VW1cI/src/integrator_interface.jl:623
┌ Warning: At t=0.05267618565364449, dt was forced below floating point epsilon 6.938893903907228e-18, and step error estimate = 1.3430744106289656. Aborting. There is either an error in your model specification or the true solution is unstable (or the true solution can not be represented in the precision of Float64).
└ @ SciMLBase ~/.julia/packages/SciMLBase/VW1cI/src/integrator_interface.jl:623
┌ Warning: At t=-0.9885815032777281, dt was forced below floating point epsilon 1.1102230246251565e-16, and step error estimate = NaN. Aborting. There is either an error in your model specification or the true solution is unstable (or the true solution can not be represented in the precision of Float64).
└ @ SciMLBase ~/.julia/packages/SciMLBase/VW1cI/src/integrator_interface.jl:623
┌ Warning: At t=-0.9547767691209212, dt was forced below floating point epsilon 1.1102230246251565e-16, and step error estimate = 1.1872682514834785. Aborting. There is either an error in your model specification or the true solution is unstable (or the true solution can not be represented in the precision of Float64).
└ @ SciMLBase ~/.julia/packages/SciMLBase/VW1cI/src/integrator_interface.jl:623
┌ Warning: At t=-0.99, dt was forced below floating point epsilon 1.1102230246251565e-16, and step error estimate = 1.2373763504641868. Aborting. There is either an error in your model specification or the true solution is unstable (or the true solution can not be represented in the precision of Float64).
└ @ SciMLBase ~/.julia/packages/SciMLBase/VW1cI/src/integrator_interface.jl:623
┌ Warning: At t=0.7678296765058451, dt was forced below floating point epsilon 1.1102230246251565e-16, and step error estimate = 1.0759145400716736. Aborting. There is either an error in your model specification or the true solution is unstable (or the true solution can not be represented in the precision of Float64).
└ @ SciMLBase ~/.julia/packages/SciMLBase/VW1cI/src/integrator_interface.jl:623
┌ Warning: At t=-0.22996949173623113, dt was forced below floating point epsilon 2.7755575615628914e-17, and step error estimate = 5.208568478993388. Aborting. There is either an error in your model specification or the true solution is unstable (or the true solution can not be represented in the precision of Float64).
└ @ SciMLBase ~/.julia/packages/SciMLBase/VW1cI/src/integrator_interface.jl:623
┌ Warning: At t=-0.39392621810176237, dt was forced below floating point epsilon 5.551115123125783e-17, and step error estimate = NaN. Aborting. There is either an error in your model specification or the true solution is unstable (or the true solution can not be represented in the precision of Float64).
└ @ SciMLBase ~/.julia/packages/SciMLBase/VW1cI/src/integrator_interface.jl:623
┌ Warning: At t=-0.9836066645320842, dt was forced below floating point epsilon 1.1102230246251565e-16, and step error estimate = 1.0581202141483035. Aborting. There is either an error in your model specification or the true solution is unstable (or the true solution can not be represented in the precision of Float64).
└ @ SciMLBase ~/.julia/packages/SciMLBase/VW1cI/src/integrator_interface.jl:623
┌ Warning: At t=-0.23000003006922976, dt was forced below floating point epsilon 2.7755575615628914e-17, and step error estimate = NaN. Aborting. There is either an error in your model specification or the true solution is unstable (or the true solution can not be represented in the precision of Float64).
└ @ SciMLBase ~/.julia/packages/SciMLBase/VW1cI/src/integrator_interface.jl:623
┌ Warning: At t=-0.99, dt was forced below floating point epsilon 1.1102230246251565e-16, and step error estimate = 2234.7083700673065. Aborting. There is either an error in your model specification or the true solution is unstable (or the true solution can not be represented in the precision of Float64).
└ @ SciMLBase ~/.julia/packages/SciMLBase/VW1cI/src/integrator_interface.jl:623
┌ Warning: At t=-0.9416726335766403, dt was forced below floating point epsilon 1.1102230246251565e-16, and step error estimate = 1.3014687307656974. Aborting. There is either an error in your model specification or the true solution is unstable (or the true solution can not be represented in the precision of Float64).
└ @ SciMLBase ~/.julia/packages/SciMLBase/VW1cI/src/integrator_interface.jl:623
┌ Warning: At t=-0.99, dt was forced below floating point epsilon 1.1102230246251565e-16, and step error estimate = NaN. Aborting. There is either an error in your model specification or the true solution is unstable (or the true solution can not be represented in the precision of Float64).
└ @ SciMLBase ~/.julia/packages/SciMLBase/VW1cI/src/integrator_interface.jl:623
┌ Warning: At t=-0.99, dt was forced below floating point epsilon 1.1102230246251565e-16, and step error estimate = NaN. Aborting. There is either an error in your model specification or the true solution is unstable (or the true solution can not be represented in the precision of Float64).
└ @ SciMLBase ~/.julia/packages/SciMLBase/VW1cI/src/integrator_interface.jl:623
┌ Warning: At t=-0.9148155647197549, dt was forced below floating point epsilon 1.1102230246251565e-16, and step error estimate = 1.274824360773496. Aborting. There is either an error in your model specification or the true solution is unstable (or the true solution can not be represented in the precision of Float64).
└ @ SciMLBase ~/.julia/packages/SciMLBase/VW1cI/src/integrator_interface.jl:623
┌ Warning: At t=-0.9753162288501712, dt was forced below floating point epsilon 1.1102230246251565e-16, and step error estimate = 1.4068336291998362. Aborting. There is either an error in your model specification or the true solution is unstable (or the true solution can not be represented in the precision of Float64).
└ @ SciMLBase ~/.julia/packages/SciMLBase/VW1cI/src/integrator_interface.jl:623
┌ Warning: At t=0.2899857156976021, dt was forced below floating point epsilon 5.551115123125783e-17, and step error estimate = 47.46244969053296. Aborting. There is either an error in your model specification or the true solution is unstable (or the true solution can not be represented in the precision of Float64).
└ @ SciMLBase ~/.julia/packages/SciMLBase/VW1cI/src/integrator_interface.jl:623
┌ Warning: At t=0.6421666770423405, dt was forced below floating point epsilon 1.1102230246251565e-16, and step error estimate = NaN. Aborting. There is either an error in your model specification or the true solution is unstable (or the true solution can not be represented in the precision of Float64).
└ @ SciMLBase ~/.julia/packages/SciMLBase/VW1cI/src/integrator_interface.jl:623
┌ Warning: At t=-0.7896788140673694, dt was forced below floating point epsilon 1.1102230246251565e-16, and step error estimate = 1.0171921839668914. Aborting. There is either an error in your model specification or the true solution is unstable (or the true solution can not be represented in the precision of Float64).
└ @ SciMLBase ~/.julia/packages/SciMLBase/VW1cI/src/integrator_interface.jl:623
┌ Warning: At t=-0.6487165397607044, dt was forced below floating point epsilon 1.1102230246251565e-16, and step error estimate = 6454.36982190847. Aborting. There is either an error in your model specification or the true solution is unstable (or the true solution can not be represented in the precision of Float64).
└ @ SciMLBase ~/.julia/packages/SciMLBase/VW1cI/src/integrator_interface.jl:623
┌ Warning: At t=-0.6831737986451605, dt was forced below floating point epsilon 1.1102230246251565e-16, and step error estimate = 1.1131877515132123. Aborting. There is either an error in your model specification or the true solution is unstable (or the true solution can not be represented in the precision of Float64).
└ @ SciMLBase ~/.julia/packages/SciMLBase/VW1cI/src/integrator_interface.jl:623
┌ Warning: At t=0.8445668663712199, dt was forced below floating point epsilon 1.1102230246251565e-16, and step error estimate = 1.1173555723151993. Aborting. There is either an error in your model specification or the true solution is unstable (or the true solution can not be represented in the precision of Float64).
└ @ SciMLBase ~/.julia/packages/SciMLBase/VW1cI/src/integrator_interface.jl:623
┌ Warning: At t=0.6633076298082586, dt was forced below floating point epsilon 1.1102230246251565e-16, and step error estimate = 1.0778793066276215. Aborting. There is either an error in your model specification or the true solution is unstable (or the true solution can not be represented in the precision of Float64).
└ @ SciMLBase ~/.julia/packages/SciMLBase/VW1cI/src/integrator_interface.jl:623
┌ Warning: At t=-0.9683419484380346, dt was forced below floating point epsilon 1.1102230246251565e-16, and step error estimate = 1.0835816912712481. Aborting. There is either an error in your model specification or the true solution is unstable (or the true solution can not be represented in the precision of Float64).
└ @ SciMLBase ~/.julia/packages/SciMLBase/VW1cI/src/integrator_interface.jl:623
┌ Warning: At t=-0.7807639438778637, dt was forced below floating point epsilon 1.1102230246251565e-16, and step error estimate = 937.3417996316149. Aborting. There is either an error in your model specification or the true solution is unstable (or the true solution can not be represented in the precision of Float64).
└ @ SciMLBase ~/.julia/packages/SciMLBase/VW1cI/src/integrator_interface.jl:623
┌ Warning: Interrupted. Larger maxiters is needed. If you are using an integrator for non-stiff ODEs or an automatic switching algorithm (the default), you may want to consider using a method for stiff equations. See the solver pages for more details (e.g. https://docs.sciml.ai/DiffEqDocs/stable/solvers/ode_solve/#Stiff-Problems).
└ @ SciMLBase ~/.julia/packages/SciMLBase/VW1cI/src/integrator_interface.jl:589
┌ Warning: At t=-0.99, dt was forced below floating point epsilon 1.1102230246251565e-16, and step error estimate = 2431.889707075907. Aborting. There is either an error in your model specification or the true solution is unstable (or the true solution can not be represented in the precision of Float64).
└ @ SciMLBase ~/.julia/packages/SciMLBase/VW1cI/src/integrator_interface.jl:623
┌ Warning: At t=0.7877767618855699, dt was forced below floating point epsilon 1.1102230246251565e-16, and step error estimate = 1.0431550589645857. Aborting. There is either an error in your model specification or the true solution is unstable (or the true solution can not be represented in the precision of Float64).
└ @ SciMLBase ~/.julia/packages/SciMLBase/VW1cI/src/integrator_interface.jl:623
┌ Warning: At t=-0.9148155647197549, dt was forced below floating point epsilon 1.1102230246251565e-16, and step error estimate = 1.274824360773496. Aborting. There is either an error in your model specification or the true solution is unstable (or the true solution can not be represented in the precision of Float64).
└ @ SciMLBase ~/.julia/packages/SciMLBase/VW1cI/src/integrator_interface.jl:623
┌ Warning: At t=-0.9513486568636349, dt was forced below floating point epsilon 1.1102230246251565e-16, and step error estimate = 1.3521664032013974. Aborting. There is either an error in your model specification or the true solution is unstable (or the true solution can not be represented in the precision of Float64).
└ @ SciMLBase ~/.julia/packages/SciMLBase/VW1cI/src/integrator_interface.jl:623
┌ Warning: At t=-0.9361057959671131, dt was forced below floating point epsilon 1.1102230246251565e-16, and step error estimate = NaN. Aborting. There is either an error in your model specification or the true solution is unstable (or the true solution can not be represented in the precision of Float64).
└ @ SciMLBase ~/.julia/packages/SciMLBase/VW1cI/src/integrator_interface.jl:623
┌ Warning: At t=-0.99, dt was forced below floating point epsilon 1.1102230246251565e-16, and step error estimate = 1.2419313816816886. Aborting. There is either an error in your model specification or the true solution is unstable (or the true solution can not be represented in the precision of Float64).
└ @ SciMLBase ~/.julia/packages/SciMLBase/VW1cI/src/integrator_interface.jl:623
┌ Warning: At t=0.4321867086571333, dt was forced below floating point epsilon 5.551115123125783e-17, and step error estimate = 1.3921239294263914. Aborting. There is either an error in your model specification or the true solution is unstable (or the true solution can not be represented in the precision of Float64).
└ @ SciMLBase ~/.julia/packages/SciMLBase/VW1cI/src/integrator_interface.jl:623
┌ Warning: At t=-0.5763837918345279, dt was forced below floating point epsilon 1.1102230246251565e-16, and step error estimate = 982.7804353234949. Aborting. There is either an error in your model specification or the true solution is unstable (or the true solution can not be represented in the precision of Float64).
└ @ SciMLBase ~/.julia/packages/SciMLBase/VW1cI/src/integrator_interface.jl:623
┌ Warning: At t=-0.9538344640629234, dt was forced below floating point epsilon 1.1102230246251565e-16, and step error estimate = 1.0860150615683986. Aborting. There is either an error in your model specification or the true solution is unstable (or the true solution can not be represented in the precision of Float64).
└ @ SciMLBase ~/.julia/packages/SciMLBase/VW1cI/src/integrator_interface.jl:623
┌ Warning: At t=-0.2299999931405228, dt was forced below floating point epsilon 2.7755575615628914e-17, and step error estimate = NaN. Aborting. There is either an error in your model specification or the true solution is unstable (or the true solution can not be represented in the precision of Float64).
└ @ SciMLBase ~/.julia/packages/SciMLBase/VW1cI/src/integrator_interface.jl:623
┌ Warning: At t=-0.9679204853580486, dt was forced below floating point epsilon 1.1102230246251565e-16, and step error estimate = 1.3140061031358814. Aborting. There is either an error in your model specification or the true solution is unstable (or the true solution can not be represented in the precision of Float64).
└ @ SciMLBase ~/.julia/packages/SciMLBase/VW1cI/src/integrator_interface.jl:623
┌ Warning: At t=-0.5201073596025109, dt was forced below floating point epsilon 1.1102230246251565e-16, and step error estimate = 1.0282966913215243. Aborting. There is either an error in your model specification or the true solution is unstable (or the true solution can not be represented in the precision of Float64).
└ @ SciMLBase ~/.julia/packages/SciMLBase/VW1cI/src/integrator_interface.jl:623
┌ Warning: At t=-0.9249752163754745, dt was forced below floating point epsilon 1.1102230246251565e-16, and step error estimate = 1.2461914666756602. Aborting. There is either an error in your model specification or the true solution is unstable (or the true solution can not be represented in the precision of Float64).
└ @ SciMLBase ~/.julia/packages/SciMLBase/VW1cI/src/integrator_interface.jl:623
┌ Warning: At t=-0.9498624545454839, dt was forced below floating point epsilon 1.1102230246251565e-16, and step error estimate = 1.0308648500872168. Aborting. There is either an error in your model specification or the true solution is unstable (or the true solution can not be represented in the precision of Float64).
└ @ SciMLBase ~/.julia/packages/SciMLBase/VW1cI/src/integrator_interface.jl:623
┌ Warning: At t=-0.99, dt was forced below floating point epsilon 1.1102230246251565e-16, and step error estimate = 7.071067811865475e11. Aborting. There is either an error in your model specification or the true solution is unstable (or the true solution can not be represented in the precision of Float64).
└ @ SciMLBase ~/.julia/packages/SciMLBase/VW1cI/src/integrator_interface.jl:623
┌ Warning: At t=-0.9897206307409144, dt was forced below floating point epsilon 1.1102230246251565e-16, and step error estimate = NaN. Aborting. There is either an error in your model specification or the true solution is unstable (or the true solution can not be represented in the precision of Float64).
└ @ SciMLBase ~/.julia/packages/SciMLBase/VW1cI/src/integrator_interface.jl:623
┌ Warning: At t=-0.8023734201341487, dt was forced below floating point epsilon 1.1102230246251565e-16, and step error estimate = 1.1628839657258874. Aborting. There is either an error in your model specification or the true solution is unstable (or the true solution can not be represented in the precision of Float64).
└ @ SciMLBase ~/.julia/packages/SciMLBase/VW1cI/src/integrator_interface.jl:623
┌ Warning: At t=-0.6873099143102832, dt was forced below floating point epsilon 1.1102230246251565e-16, and step error estimate = 1.075328626745272. Aborting. There is either an error in your model specification or the true solution is unstable (or the true solution can not be represented in the precision of Float64).
└ @ SciMLBase ~/.julia/packages/SciMLBase/VW1cI/src/integrator_interface.jl:623
┌ Warning: At t=-0.13283845200205613, dt was forced below floating point epsilon 2.7755575615628914e-17, and step error estimate = 1.0791417023704601. Aborting. There is either an error in your model specification or the true solution is unstable (or the true solution can not be represented in the precision of Float64).
└ @ SciMLBase ~/.julia/packages/SciMLBase/VW1cI/src/integrator_interface.jl:623
┌ Warning: At t=-0.33008696095472967, dt was forced below floating point epsilon 5.551115123125783e-17, and step error estimate = 1.2808370720629862. Aborting. There is either an error in your model specification or the true solution is unstable (or the true solution can not be represented in the precision of Float64).
└ @ SciMLBase ~/.julia/packages/SciMLBase/VW1cI/src/integrator_interface.jl:623
┌ Warning: At t=-0.9673190978813923, dt was forced below floating point epsilon 1.1102230246251565e-16, and step error estimate = 1.0040798876330488. Aborting. There is either an error in your model specification or the true solution is unstable (or the true solution can not be represented in the precision of Float64).
└ @ SciMLBase ~/.julia/packages/SciMLBase/VW1cI/src/integrator_interface.jl:623
┌ Warning: At t=-0.9395145779725688, dt was forced below floating point epsilon 1.1102230246251565e-16, and step error estimate = 6.998918019447529. Aborting. There is either an error in your model specification or the true solution is unstable (or the true solution can not be represented in the precision of Float64).
└ @ SciMLBase ~/.julia/packages/SciMLBase/VW1cI/src/integrator_interface.jl:623
┌ Warning: At t=-0.9434038810349252, dt was forced below floating point epsilon 1.1102230246251565e-16, and step error estimate = 1.3462441249965706. Aborting. There is either an error in your model specification or the true solution is unstable (or the true solution can not be represented in the precision of Float64).
└ @ SciMLBase ~/.julia/packages/SciMLBase/VW1cI/src/integrator_interface.jl:623
┌ Warning: At t=-0.6873099143102832, dt was forced below floating point epsilon 1.1102230246251565e-16, and step error estimate = 1.075328626745272. Aborting. There is either an error in your model specification or the true solution is unstable (or the true solution can not be represented in the precision of Float64).
└ @ SciMLBase ~/.julia/packages/SciMLBase/VW1cI/src/integrator_interface.jl:623
┌ Warning: At t=-0.23000003006922976, dt was forced below floating point epsilon 2.7755575615628914e-17, and step error estimate = NaN. Aborting. There is either an error in your model specification or the true solution is unstable (or the true solution can not be represented in the precision of Float64).
└ @ SciMLBase ~/.julia/packages/SciMLBase/VW1cI/src/integrator_interface.jl:623
┌ Warning: At t=0.1713448144988206, dt was forced below floating point epsilon 2.7755575615628914e-17, and step error estimate = 1.1418518838346627. Aborting. There is either an error in your model specification or the true solution is unstable (or the true solution can not be represented in the precision of Float64).
└ @ SciMLBase ~/.julia/packages/SciMLBase/VW1cI/src/integrator_interface.jl:623
┌ Warning: At t=-0.9455859272213311, dt was forced below floating point epsilon 1.1102230246251565e-16, and step error estimate = 1.0524825416175125. Aborting. There is either an error in your model specification or the true solution is unstable (or the true solution can not be represented in the precision of Float64).
└ @ SciMLBase ~/.julia/packages/SciMLBase/VW1cI/src/integrator_interface.jl:623
┌ Warning: At t=-0.99, dt was forced below floating point epsilon 1.1102230246251565e-16, and step error estimate = 2194.4645230718397. Aborting. There is either an error in your model specification or the true solution is unstable (or the true solution can not be represented in the precision of Float64).
└ @ SciMLBase ~/.julia/packages/SciMLBase/VW1cI/src/integrator_interface.jl:623
┌ Warning: At t=-0.9899991271126256, dt was forced below floating point epsilon 1.1102230246251565e-16, and step error estimate = 1.0255700612109804. Aborting. There is either an error in your model specification or the true solution is unstable (or the true solution can not be represented in the precision of Float64).
└ @ SciMLBase ~/.julia/packages/SciMLBase/VW1cI/src/integrator_interface.jl:623
┌ Warning: At t=-0.99, dt was forced below floating point epsilon 1.1102230246251565e-16, and step error estimate = NaN. Aborting. There is either an error in your model specification or the true solution is unstable (or the true solution can not be represented in the precision of Float64).
└ @ SciMLBase ~/.julia/packages/SciMLBase/VW1cI/src/integrator_interface.jl:623
┌ Warning: At t=-0.22679020512305997, dt was forced below floating point epsilon 2.7755575615628914e-17, and step error estimate = NaN. Aborting. There is either an error in your model specification or the true solution is unstable (or the true solution can not be represented in the precision of Float64).
└ @ SciMLBase ~/.julia/packages/SciMLBase/VW1cI/src/integrator_interface.jl:623
┌ Warning: At t=-0.5763837918345248, dt was forced below floating point epsilon 1.1102230246251565e-16, and step error estimate = 1275.9370023391914. Aborting. There is either an error in your model specification or the true solution is unstable (or the true solution can not be represented in the precision of Float64).
└ @ SciMLBase ~/.julia/packages/SciMLBase/VW1cI/src/integrator_interface.jl:623
┌ Warning: At t=-0.9361057959671131, dt was forced below floating point epsilon 1.1102230246251565e-16, and step error estimate = NaN. Aborting. There is either an error in your model specification or the true solution is unstable (or the true solution can not be represented in the precision of Float64).
└ @ SciMLBase ~/.julia/packages/SciMLBase/VW1cI/src/integrator_interface.jl:623
┌ Warning: At t=-0.8023734201341487, dt was forced below floating point epsilon 1.1102230246251565e-16, and step error estimate = 1.1628839657258874. Aborting. There is either an error in your model specification or the true solution is unstable (or the true solution can not be represented in the precision of Float64).
└ @ SciMLBase ~/.julia/packages/SciMLBase/VW1cI/src/integrator_interface.jl:623
┌ Warning: At t=-0.18707656994780847, dt was forced below floating point epsilon 2.7755575615628914e-17, and step error estimate = 9.710661789292313. Aborting. There is either an error in your model specification or the true solution is unstable (or the true solution can not be represented in the precision of Float64).
└ @ SciMLBase ~/.julia/packages/SciMLBase/VW1cI/src/integrator_interface.jl:623
┌ Warning: At t=-0.23000000811896684, dt was forced below floating point epsilon 2.7755575615628914e-17, and step error estimate = NaN. Aborting. There is either an error in your model specification or the true solution is unstable (or the true solution can not be represented in the precision of Float64).
└ @ SciMLBase ~/.julia/packages/SciMLBase/VW1cI/src/integrator_interface.jl:623
┌ Warning: At t=-0.893531221577233, dt was forced below floating point epsilon 1.1102230246251565e-16, and step error estimate = 1.0059331074269018. Aborting. There is either an error in your model specification or the true solution is unstable (or the true solution can not be represented in the precision of Float64).
└ @ SciMLBase ~/.julia/packages/SciMLBase/VW1cI/src/integrator_interface.jl:623
┌ Warning: At t=-0.99, dt was forced below floating point epsilon 1.1102230246251565e-16, and step error estimate = 2156.825789787928. Aborting. There is either an error in your model specification or the true solution is unstable (or the true solution can not be represented in the precision of Float64).
└ @ SciMLBase ~/.julia/packages/SciMLBase/VW1cI/src/integrator_interface.jl:623
┌ Warning: At t=-0.9723580909697614, dt was forced below floating point epsilon 1.1102230246251565e-16, and step error estimate = 1.1868217796853804. Aborting. There is either an error in your model specification or the true solution is unstable (or the true solution can not be represented in the precision of Float64).
└ @ SciMLBase ~/.julia/packages/SciMLBase/VW1cI/src/integrator_interface.jl:623
┌ Warning: At t=-0.7714789299040788, dt was forced below floating point epsilon 1.1102230246251565e-16, and step error estimate = 1.2470277917330759. Aborting. There is either an error in your model specification or the true solution is unstable (or the true solution can not be represented in the precision of Float64).
└ @ SciMLBase ~/.julia/packages/SciMLBase/VW1cI/src/integrator_interface.jl:623
┌ Warning: At t=-0.17558520595499427, dt was forced below floating point epsilon 2.7755575615628914e-17, and step error estimate = 1.142776941614215. Aborting. There is either an error in your model specification or the true solution is unstable (or the true solution can not be represented in the precision of Float64).
└ @ SciMLBase ~/.julia/packages/SciMLBase/VW1cI/src/integrator_interface.jl:623
┌ Warning: At t=-0.99, dt was forced below floating point epsilon 1.1102230246251565e-16, and step error estimate = NaN. Aborting. There is either an error in your model specification or the true solution is unstable (or the true solution can not be represented in the precision of Float64).
└ @ SciMLBase ~/.julia/packages/SciMLBase/VW1cI/src/integrator_interface.jl:623
┌ Warning: At t=0.1713448144988206, dt was forced below floating point epsilon 2.7755575615628914e-17, and step error estimate = 1.1418518838346627. Aborting. There is either an error in your model specification or the true solution is unstable (or the true solution can not be represented in the precision of Float64).
└ @ SciMLBase ~/.julia/packages/SciMLBase/VW1cI/src/integrator_interface.jl:623
┌ Warning: At t=-0.21754645207439685, dt was forced below floating point epsilon 2.7755575615628914e-17, and step error estimate = 1.0216139844369294. Aborting. There is either an error in your model specification or the true solution is unstable (or the true solution can not be represented in the precision of Float64).
└ @ SciMLBase ~/.julia/packages/SciMLBase/VW1cI/src/integrator_interface.jl:623
┌ Warning: At t=-0.8999868531800945, dt was forced below floating point epsilon 1.1102230246251565e-16, and step error estimate = NaN. Aborting. There is either an error in your model specification or the true solution is unstable (or the true solution can not be represented in the precision of Float64).
└ @ SciMLBase ~/.julia/packages/SciMLBase/VW1cI/src/integrator_interface.jl:623
┌ Warning: At t=-0.22999998654911633, dt was forced below floating point epsilon 2.7755575615628914e-17, and step error estimate = NaN. Aborting. There is either an error in your model specification or the true solution is unstable (or the true solution can not be represented in the precision of Float64).
└ @ SciMLBase ~/.julia/packages/SciMLBase/VW1cI/src/integrator_interface.jl:623
┌ Warning: At t=-0.9537878842129152, dt was forced below floating point epsilon 1.1102230246251565e-16, and step error estimate = 1.116113140169465. Aborting. There is either an error in your model specification or the true solution is unstable (or the true solution can not be represented in the precision of Float64).
└ @ SciMLBase ~/.julia/packages/SciMLBase/VW1cI/src/integrator_interface.jl:623
┌ Warning: At t=-0.90930445145544, dt was forced below floating point epsilon 1.1102230246251565e-16, and step error estimate = 1.130472847559091. Aborting. There is either an error in your model specification or the true solution is unstable (or the true solution can not be represented in the precision of Float64).
└ @ SciMLBase ~/.julia/packages/SciMLBase/VW1cI/src/integrator_interface.jl:623
┌ Warning: At t=-0.6936309881885319, dt was forced below floating point epsilon 1.1102230246251565e-16, and step error estimate = 1.0146910995125105. Aborting. There is either an error in your model specification or the true solution is unstable (or the true solution can not be represented in the precision of Float64).
└ @ SciMLBase ~/.julia/packages/SciMLBase/VW1cI/src/integrator_interface.jl:623
┌ Warning: At t=-0.21114150580434637, dt was forced below floating point epsilon 2.7755575615628914e-17, and step error estimate = 727.5119833339728. Aborting. There is either an error in your model specification or the true solution is unstable (or the true solution can not be represented in the precision of Float64).
└ @ SciMLBase ~/.julia/packages/SciMLBase/VW1cI/src/integrator_interface.jl:623
┌ Warning: At t=-0.99, dt was forced below floating point epsilon 1.1102230246251565e-16, and step error estimate = 2108.871726026018. Aborting. There is either an error in your model specification or the true solution is unstable (or the true solution can not be represented in the precision of Float64).
└ @ SciMLBase ~/.julia/packages/SciMLBase/VW1cI/src/integrator_interface.jl:623
┌ Warning: At t=-0.9255033108090162, dt was forced below floating point epsilon 1.1102230246251565e-16, and step error estimate = 1.7783951624499903. Aborting. There is either an error in your model specification or the true solution is unstable (or the true solution can not be represented in the precision of Float64).
└ @ SciMLBase ~/.julia/packages/SciMLBase/VW1cI/src/integrator_interface.jl:623
┌ Warning: At t=-0.6936309881884903, dt was forced below floating point epsilon 1.1102230246251565e-16, and step error estimate = 1.0540814197551804. Aborting. There is either an error in your model specification or the true solution is unstable (or the true solution can not be represented in the precision of Float64).
└ @ SciMLBase ~/.julia/packages/SciMLBase/VW1cI/src/integrator_interface.jl:623
┌ Warning: At t=0.09858852584529815, dt was forced below floating point epsilon 1.3877787807814457e-17, and step error estimate = 1.2852288331345967. Aborting. There is either an error in your model specification or the true solution is unstable (or the true solution can not be represented in the precision of Float64).
└ @ SciMLBase ~/.julia/packages/SciMLBase/VW1cI/src/integrator_interface.jl:623
┌ Warning: At t=-0.2111415058043215, dt was forced below floating point epsilon 2.7755575615628914e-17, and step error estimate = 10782.202322318677. Aborting. There is either an error in your model specification or the true solution is unstable (or the true solution can not be represented in the precision of Float64).
└ @ SciMLBase ~/.julia/packages/SciMLBase/VW1cI/src/integrator_interface.jl:623
┌ Warning: At t=-0.9897206307409144, dt was forced below floating point epsilon 1.1102230246251565e-16, and step error estimate = NaN. Aborting. There is either an error in your model specification or the true solution is unstable (or the true solution can not be represented in the precision of Float64).
└ @ SciMLBase ~/.julia/packages/SciMLBase/VW1cI/src/integrator_interface.jl:623
┌ Warning: At t=-0.22679020512305997, dt was forced below floating point epsilon 2.7755575615628914e-17, and step error estimate = NaN. Aborting. There is either an error in your model specification or the true solution is unstable (or the true solution can not be represented in the precision of Float64).
└ @ SciMLBase ~/.julia/packages/SciMLBase/VW1cI/src/integrator_interface.jl:623
┌ Warning: At t=-0.99, dt was forced below floating point epsilon 1.1102230246251565e-16, and step error estimate = 2186.3889718578794. Aborting. There is either an error in your model specification or the true solution is unstable (or the true solution can not be represented in the precision of Float64).
└ @ SciMLBase ~/.julia/packages/SciMLBase/VW1cI/src/integrator_interface.jl:623
┌ Warning: At t=-0.9533056559180362, dt was forced below floating point epsilon 1.1102230246251565e-16, and step error estimate = 1.3139986733174724. Aborting. There is either an error in your model specification or the true solution is unstable (or the true solution can not be represented in the precision of Float64).
└ @ SciMLBase ~/.julia/packages/SciMLBase/VW1cI/src/integrator_interface.jl:623
┌ Warning: At t=0.7878437776730441, dt was forced below floating point epsilon 1.1102230246251565e-16, and step error estimate = 1.1080330050593687. Aborting. There is either an error in your model specification or the true solution is unstable (or the true solution can not be represented in the precision of Float64).
└ @ SciMLBase ~/.julia/packages/SciMLBase/VW1cI/src/integrator_interface.jl:623
┌ Warning: At t=-0.8403525729643506, dt was forced below floating point epsilon 1.1102230246251565e-16, and step error estimate = 1.4875518703717705. Aborting. There is either an error in your model specification or the true solution is unstable (or the true solution can not be represented in the precision of Float64).
└ @ SciMLBase ~/.julia/packages/SciMLBase/VW1cI/src/integrator_interface.jl:623
┌ Warning: At t=-0.9839529224967192, dt was forced below floating point epsilon 1.1102230246251565e-16, and step error estimate = 1.006442302902826. Aborting. There is either an error in your model specification or the true solution is unstable (or the true solution can not be represented in the precision of Float64).
└ @ SciMLBase ~/.julia/packages/SciMLBase/VW1cI/src/integrator_interface.jl:623
┌ Warning: At t=-0.99, dt was forced below floating point epsilon 1.1102230246251565e-16, and step error estimate = 1.24019520082296. Aborting. There is either an error in your model specification or the true solution is unstable (or the true solution can not be represented in the precision of Float64).
└ @ SciMLBase ~/.julia/packages/SciMLBase/VW1cI/src/integrator_interface.jl:623
┌ Warning: At t=-0.9483136915827686, dt was forced below floating point epsilon 1.1102230246251565e-16, and step error estimate = 1.125650434157452. Aborting. There is either an error in your model specification or the true solution is unstable (or the true solution can not be represented in the precision of Float64).
└ @ SciMLBase ~/.julia/packages/SciMLBase/VW1cI/src/integrator_interface.jl:623
┌ Warning: At t=-0.9696883930520898, dt was forced below floating point epsilon 1.1102230246251565e-16, and step error estimate = 1.0941637441298255. Aborting. There is either an error in your model specification or the true solution is unstable (or the true solution can not be represented in the precision of Float64).
└ @ SciMLBase ~/.julia/packages/SciMLBase/VW1cI/src/integrator_interface.jl:623
┌ Warning: At t=-0.9730049906468055, dt was forced below floating point epsilon 1.1102230246251565e-16, and step error estimate = 1.1170681657817698. Aborting. There is either an error in your model specification or the true solution is unstable (or the true solution can not be represented in the precision of Float64).
└ @ SciMLBase ~/.julia/packages/SciMLBase/VW1cI/src/integrator_interface.jl:623
┌ Warning: At t=-0.5145884599243504, dt was forced below floating point epsilon 1.1102230246251565e-16, and step error estimate = 1.2368296041550633. Aborting. There is either an error in your model specification or the true solution is unstable (or the true solution can not be represented in the precision of Float64).
└ @ SciMLBase ~/.julia/packages/SciMLBase/VW1cI/src/integrator_interface.jl:623
┌ Warning: At t=-0.21261379337269165, dt was forced below floating point epsilon 2.7755575615628914e-17, and step error estimate = 53.764677979212905. Aborting. There is either an error in your model specification or the true solution is unstable (or the true solution can not be represented in the precision of Float64).
└ @ SciMLBase ~/.julia/packages/SciMLBase/VW1cI/src/integrator_interface.jl:623
┌ Warning: At t=-0.99, dt was forced below floating point epsilon 1.1102230246251565e-16, and step error estimate = 2192.3451486538543. Aborting. There is either an error in your model specification or the true solution is unstable (or the true solution can not be represented in the precision of Float64).
└ @ SciMLBase ~/.julia/packages/SciMLBase/VW1cI/src/integrator_interface.jl:623
┌ Warning: At t=-0.9678292070445894, dt was forced below floating point epsilon 1.1102230246251565e-16, and step error estimate = 1.033963480127556. Aborting. There is either an error in your model specification or the true solution is unstable (or the true solution can not be represented in the precision of Float64).
└ @ SciMLBase ~/.julia/packages/SciMLBase/VW1cI/src/integrator_interface.jl:623
┌ Warning: At t=-0.9251030872144216, dt was forced below floating point epsilon 1.1102230246251565e-16, and step error estimate = 1.1889911914512805. Aborting. There is either an error in your model specification or the true solution is unstable (or the true solution can not be represented in the precision of Float64).
└ @ SciMLBase ~/.julia/packages/SciMLBase/VW1cI/src/integrator_interface.jl:623
┌ Warning: At t=-0.22886195607818866, dt was forced below floating point epsilon 2.7755575615628914e-17, and step error estimate = 2.7025238094891844. Aborting. There is either an error in your model specification or the true solution is unstable (or the true solution can not be represented in the precision of Float64).
└ @ SciMLBase ~/.julia/packages/SciMLBase/VW1cI/src/integrator_interface.jl:623
┌ Warning: At t=-0.99, dt was forced below floating point epsilon 1.1102230246251565e-16, and step error estimate = 2430.739987242777. Aborting. There is either an error in your model specification or the true solution is unstable (or the true solution can not be represented in the precision of Float64).
└ @ SciMLBase ~/.julia/packages/SciMLBase/VW1cI/src/integrator_interface.jl:623
┌ Warning: At t=-0.13133138250815726, dt was forced below floating point epsilon 2.7755575615628914e-17, and step error estimate = 1.2436246930794623. Aborting. There is either an error in your model specification or the true solution is unstable (or the true solution can not be represented in the precision of Float64).
└ @ SciMLBase ~/.julia/packages/SciMLBase/VW1cI/src/integrator_interface.jl:623
┌ Warning: At t=-0.99, dt was forced below floating point epsilon 1.1102230246251565e-16, and step error estimate = 2353.7125998293527. Aborting. There is either an error in your model specification or the true solution is unstable (or the true solution can not be represented in the precision of Float64).
└ @ SciMLBase ~/.julia/packages/SciMLBase/VW1cI/src/integrator_interface.jl:623
┌ Warning: At t=-0.22999994818019767, dt was forced below floating point epsilon 2.7755575615628914e-17, and step error estimate = NaN. Aborting. There is either an error in your model specification or the true solution is unstable (or the true solution can not be represented in the precision of Float64).
└ @ SciMLBase ~/.julia/packages/SciMLBase/VW1cI/src/integrator_interface.jl:623
Optimization improved residual by 0.036227153781963076 (from 0.03622715378204563 to 8.255455827147116e-14)
Optimization improved residual by 1.2167083115289406e-5 (from 1.2167083654333461e-5 to 5.390440548859365e-13)
Optimization improved residual by 0.7294761237007327 (from 0.7294761237008189 to 8.631350457736053e-14)
Optimization did not improve residual (initial: 4.506730744222219e-17, final: 4.506730744222219e-17)
Optimization did not improve residual (initial: 5.440140750242705e-17, final: 5.440140750242705e-17)
Optimization improved residual by 6.40173059900419e-5 (from 6.401730656250079e-5 to 5.724588783133465e-13)
Optimization did not improve residual (initial: 1.7619569237123827e-15, final: 1.7619569237123827e-15)
Optimization improved residual by 0.6487550131394676 (from 0.6487550131395519 to 8.431615342036433e-14)
Optimization improved residual by 0.03622715378203235 (from 0.036227153782045926 to 1.3581778382495715e-14)
Optimization improved residual by 1.2167082916949335e-5 (from 1.2167083654333385e-5 to 7.373840495573705e-13)
Optimization improved residual by 0.001984366435580687 (from 0.0019843664356188396 to 3.815262434450765e-14)
Optimization improved residual by 0.8179467496677586 (from 0.8179467496677854 to 2.6727896424271247e-14)
Optimization improved residual by 0.05238087161561889 (from 0.05238087161615036 to 5.314715883217064e-13)
Optimization improved residual by 0.004805280550416098 (from 0.004805280550531455 to 1.153563530556495e-13)
Optimization improved residual by 0.0008168269827538956 (from 0.0008168269832732463 to 5.193507561518592e-13)
Optimization did not improve residual (initial: 1.9438882086249637e-16, final: 1.9438882086249637e-16)
Optimization did not improve residual (initial: 1.4988547440991134e-16, final: 1.4988547440991134e-16)
Optimization improved residual by 3.6829761088144446e-18 (from 1.110054874551885e-16 to 1.0732251134637406e-16)
Optimization improved residual by 0.6487550131394676 (from 0.6487550131395519 to 8.431615342036433e-14)
Optimization improved residual by 1.000524535526061e-5 (from 1.0005245541189814e-5 to 1.8592920317529759e-13)
Optimization improved residual by 0.7377725652157077 (from 0.737772565216383 to 6.753506979494522e-13)
Optimization did not improve residual (initial: 8.857714512420103e-17, final: 8.857714512420103e-17)
Optimization did not improve residual (initial: 6.127131965174022e-16, final: 6.127131965174022e-16)
Optimization improved residual by 0.01352634968019711 (from 0.01352634968023822 to 4.1109922966750197e-14)
Optimization did not improve residual (initial: 6.347035086888793e-16, final: 6.347035086888793e-16)
Optimization improved residual by 0.009686848727592507 (from 0.009686848728399165 to 8.066578390346858e-13)
Optimization improved residual by 1.2167082916949335e-5 (from 1.2167083654333385e-5 to 7.373840495573705e-13)
Optimization improved residual by 50.07349477435685 (from 50.07349477435717 to 3.181504434089682e-13)
Optimization did not improve residual (initial: 9.200886862547547e-13, final: 9.200886862547547e-13)
Optimization did not improve residual (initial: 2.8236730676403176e-16, final: 2.8236730676403176e-16)
Optimization improved residual by 0.009686848727592507 (from 0.009686848728399165 to 8.066578390346858e-13)
Optimization did not improve residual (initial: 3.535003778657717e-17, final: 3.535003778657717e-17)
Optimization improved residual by 0.00436492364333141 (from 0.004364923643394939 to 6.352842205900946e-14)
Optimization did not improve residual (initial: 4.221555837059719e-17, final: 4.221555837059719e-17)
Optimization improved residual by 0.00028760634781016135 (from 0.0002876063485464514 to 7.362900443590613e-13)
Optimization improved residual by 0.8179467496676361 (from 0.8179467496677854 to 1.4920689549828972e-13)
Optimization improved residual by 0.007845068153599045 (from 0.007845068154113791 to 5.147467115745917e-13)
Optimization did not improve residual (initial: 3.098134674127285e-16, final: 3.098134674127285e-16)
Optimization improved residual by 0.36795242337685674 (from 0.3679524233768724 to 1.5652296917888217e-14)
Optimization improved residual by 154.93386709242378 (from 154.93386709242392 to 1.4789744556215584e-13)
Optimization improved residual by 0.0028979430136371813 (from 0.00289794301395979 to 3.2260863107110184e-13)
Optimization improved residual by 0.07382783367854266 (from 0.07382783367869943 to 1.5675836522480982e-13)
Optimization improved residual by 2.7739221359709956 (from 2.7739221359711856 to 1.898799823091484e-13)
Optimization improved residual by 0.005540403949955813 (from 0.005540403949980009 to 2.4196347477365784e-14)
Optimization improved residual by 16.222293610631546 (from 16.222293610632263 to 7.186910296146427e-13)
Optimization improved residual by 0.36795242337682216 (from 0.36795242337687517 to 5.3035670749363256e-14)
Optimization improved residual by 0.009347718479591632 (from 0.009347718479695902 to 1.0426997444496173e-13)
Optimization improved residual by 0.044067376531165756 (from 0.04406737653175324 to 5.874831002114952e-13)
Optimization improved residual by 31.341532643665275 (from 31.34153264366529 to 1.352964496601465e-14)
Optimization improved residual by 2.773922135971071 (from 2.773922135971185 to 1.1408035435942038e-13)
Optimization improved residual by 0.07382783367861266 (from 0.07382783367870037 to 8.770510061079123e-14)
Optimization improved residual by 0.005573289935510727 (from 0.005573289935519316 to 8.588348690692445e-15)
Optimization improved residual by 0.009582282403262319 (from 0.009582282403415169 to 1.5284923320210223e-13)
Optimization improved residual by 0.09244173994998783 (from 0.09244173995000311 to 1.5286254536912682e-14)
Optimization did not improve residual (initial: 2.962317198452749e-16, final: 2.962317198452749e-16)
Optimization improved residual by 0.025739550771857852 (from 0.025739550772150697 to 2.9284572266974327e-13)
Optimization did not improve residual (initial: 1.4988547440991134e-16, final: 1.4988547440991134e-16)
Optimization improved residual by 0.0003158247169917246 (from 0.0003158247173812407 to 3.895160919100482e-13)
Optimization improved residual by 0.06830820212006174 (from 0.06830820212007403 to 1.2292138569276814e-14)
Optimization improved residual by 0.005348470091553276 (from 0.005348470091577509 to 2.423205707079734e-14)
Optimization improved residual by 0.6487550131395198 (from 0.6487550131395519 to 3.207408504364881e-14)
Optimization improved residual by 0.8179467496676361 (from 0.8179467496677854 to 1.4920689549828972e-13)
Optimization improved residual by 1270.8221571961733 (from 1270.8221571961735 to 1.2920861404072054e-13)
Optimization improved residual by 0.12448364389799385 (from 0.12448364389801658 to 2.273295202034462e-14)
Optimization improved residual by 0.07461079239183248 (from 0.07461079239231784 to 4.853660762764011e-13)
Optimization did not improve residual (initial: 4.768879579536022e-14, final: 4.768879579536022e-14)
Optimization improved residual by 0.0016598459433637806 (from 0.0016598459433926115 to 2.883093033433541e-14)
Optimization improved residual by 0.07382783367861266 (from 0.07382783367870037 to 8.770510061079123e-14)
Optimization improved residual by 0.0043649236433731566 (from 0.004364923643394809 to 2.1653241831436888e-14)
Optimization did not improve residual (initial: 2.1865639835938253e-15, final: 2.1865639835938253e-15)
Optimization improved residual by 0.0039044083047266582 (from 0.0039044083047864056 to 5.97473390794021e-14)
Optimization improved residual by 0.013526349679977338 (from 0.01352634968023814 to 2.608018208423446e-13)
Optimization improved residual by 0.005540403949912573 (from 0.005540403949980085 to 6.751214248434121e-14)
Optimization improved residual by 0.37393069447086363 (from 0.37393069447096466 to 1.0102724850674765e-13)
Optimization improved residual by 50.07349477435685 (from 50.07349477435717 to 3.181504434089682e-13)
Optimization did not improve residual (initial: 4.768879579536022e-14, final: 4.768879579536022e-14)
Optimization improved residual by 0.0004626961486012713 (from 0.00046269614862967743 to 2.84061356716957e-14)
Optimization improved residual by 0.025504849690439955 (from 0.02550484969137393 to 9.339765603283032e-13)
Optimization improved residual by 2.3684564676593416 (from 2.3684564676599797 to 6.381820863727956e-13)
Optimization improved residual by 0.0012013734679066168 (from 0.0012013734679266206 to 2.0003789994319194e-14)
Optimization did not improve residual (initial: 1.472185171710104e-16, final: 1.472185171710104e-16)
Optimization improved residual by 0.00022751749053873742 (from 0.00022751749091433728 to 3.755998522634263e-13)
Optimization improved residual by 0.0028979430136151048 (from 0.002897943013959798 to 3.4469334211641465e-13)
Optimization improved residual by 0.8990709967578817 (from 0.8990709967579223 to 4.061788823082654e-14)
Optimization improved residual by 10.413145105925077 (from 10.413145105925693 to 6.172638915715781e-13)
Optimization improved residual by 0.00783966256601787 (from 0.007839662566526889 to 5.090189389702525e-13)
Optimization improved residual by 50.07349477435708 (from 50.07349477435719 to 1.0366031858974939e-13)
Optimization improved residual by 0.016520032415139656 (from 0.016520032415154897 to 1.5240388080577947e-14)
Optimization improved residual by 0.02233055174470296 (from 0.02233055174501369 to 3.1073090722491974e-13)
Optimization improved residual by 1.0537867768825243e-17 (from 1.3859955013567952e-16 to 1.2806168236685428e-16)
Optimization improved residual by 0.16885603545188724 (from 0.16885603545281105 to 9.238095341677358e-13)
Optimization improved residual by 0.009544388486804094 (from 0.009544388487022125 to 2.1803080441394002e-13)
Optimization improved residual by 0.005281684411161953 (from 0.005281684411170951 to 8.99764749308333e-15)
Optimization improved residual by 0.007845068153861719 (from 0.007845068154113791 to 2.520719666842813e-13)
Optimization did not improve residual (initial: 4.447121597360848e-16, final: 4.447121597360848e-16)
Optimization did not improve residual (initial: 1.4504838803319545e-16, final: 1.4504838803319545e-16)
Optimization improved residual by 0.0007037383664299472 (from 0.0007037383670125755 to 5.826282880703216e-13)
Optimization did not improve residual (initial: 1.6734366352279798e-14, final: 1.6734366352279798e-14)
Optimization improved residual by 0.011441285462661701 (from 0.011441285463471418 to 8.097173918288106e-13)
Optimization improved residual by 0.009544388486313709 (from 0.009544388487022108 to 7.083989032874782e-13)
Optimization improved residual by 0.14870473249411215 (from 0.148704732494228 to 1.1586124769359045e-13)
Optimization did not improve residual (initial: 5.191691746601397e-16, final: 5.191691746601397e-16)
Optimization improved residual by 0.05238087161570544 (from 0.05238087161615037 to 4.4492751690166617e-13)
Optimization improved residual by 0.013403436655305238 (from 0.013403436655385619 to 8.038013742208532e-14)
Optimization improved residual by 0.05238087161570544 (from 0.05238087161615037 to 4.4492751690166617e-13)
Optimization improved residual by 31.341532643664653 (from 31.341532643665236 to 5.823045770728681e-13)
Optimization improved residual by 0.005540403949912573 (from 0.005540403949980085 to 6.751214248434121e-14)
Optimization improved residual by 0.13849149217755005 (from 0.13849149217854453 to 9.9448872218514e-13)
Optimization improved residual by 0.12448364389799385 (from 0.12448364389801658 to 2.273295202034462e-14)
Optimization improved residual by 0.0039044083047266582 (from 0.0039044083047864056 to 5.97473390794021e-14)
Optimization improved residual by 0.02771519374433751 (from 0.027715193744348627 to 1.111568947208373e-14)
Optimization improved residual by 0.12448364389799753 (from 0.12448364389801658 to 1.9054315586024364e-14)
Optimization improved residual by 0.00165984594335497 (from 0.0016598459433925386 to 3.756866425394703e-14)
Optimization improved residual by 0.000808183390208265 (from 0.0008081833902553035 to 4.703850748727257e-14)
Optimization did not improve residual (initial: 4.710730200447515e-16, final: 4.710730200447515e-16)
Optimization improved residual by 0.00436492364333141 (from 0.004364923643394939 to 6.352842205900946e-14)
Optimization improved residual by 0.13977065622571486 (from 0.13977065622600576 to 2.9090500483667157e-13)
Optimization improved residual by 2.7739221359709956 (from 2.7739221359711856 to 1.898799823091484e-13)
Optimization improved residual by 0.11490789023061161 (from 0.11490789023085562 to 2.4401883000227533e-13)
Optimization improved residual by 0.007845068153599045 (from 0.007845068154113791 to 5.147467115745917e-13)
Optimization improved residual by 0.0008919152849101303 (from 0.0008919152854866906 to 5.76560296199603e-13)
Optimization improved residual by 0.0027962282456583513 (from 0.0027962282465616942 to 9.03342927397663e-13)
Optimization improved residual by 31.341532643664653 (from 31.341532643665236 to 5.823045770728681e-13)
Optimization did not improve residual (initial: 2.1865639835938253e-15, final: 2.1865639835938253e-15)
Optimization improved residual by 0.06657261892776467 (from 0.06657261892838423 to 6.195545327046571e-13)
Optimization did not improve residual (initial: 3.529467224021052e-15, final: 3.529467224021052e-15)
Optimization improved residual by 31.341532643665275 (from 31.34153264366529 to 1.352964496601465e-14)
Optimization improved residual by 1270.8221571961737 (from 1270.8221571961737 to 2.3184675189497096e-14)
Optimization improved residual by 0.004511102772393043 (from 0.004511102772424839 to 3.179544248006118e-14)
Optimization improved residual by 3.293030562626232 (from 3.293030562626388 to 1.557199842115196e-13)
Optimization improved residual by 0.19941577615009395 (from 0.1994157761503566 to 2.626459616764658e-13)
Optimization improved residual by 0.0002941724919796043 (from 0.00029417249201662166 to 3.7017358877469226e-14)
Optimization improved residual by 0.01662831060516649 (from 0.016628310606106228 to 9.397363742728134e-13)
Optimization did not improve residual (initial: 1.0256913236597993e-16, final: 1.0256913236597993e-16)
Optimization improved residual by 0.00020619133312369122 (from 0.00020619133371995701 to 5.962658011317772e-13)
Optimization improved residual by 0.006333530566895326 (from 0.006333530566903669 to 8.342959253314528e-15)
Optimization improved residual by 0.10371929287178781 (from 0.10371929287202389 to 2.360743197969198e-13)
Optimization improved residual by 0.02801422092390195 (from 0.028014220923912467 to 1.0516618653616353e-14)
Optimization improved residual by 0.005348470091553276 (from 0.005348470091577509 to 2.423205707079734e-14)
Optimization improved residual by 0.047603222503593015 (from 0.04760322250361917 to 2.6151844757185985e-14)
Optimization did not improve residual (initial: 3.2411998125497267e-16, final: 3.2411998125497267e-16)
Optimization improved residual by 0.02801422092390195 (from 0.028014220923912467 to 1.0516618653616353e-14)
Optimization improved residual by 0.011441285462661701 (from 0.011441285463471418 to 8.097173918288106e-13)
Optimization improved residual by 0.025739550771613003 (from 0.025739550772150697 to 5.376962995331659e-13)
Optimization improved residual by 0.004696117636169538 (from 0.0046961176363080935 to 1.3855626278203906e-13)
Optimization improved residual by 0.07382783367854266 (from 0.07382783367869943 to 1.5675836522480982e-13)
Optimization improved residual by 16.222293610631304 (from 16.22229361063224 to 9.345004078973495e-13)
Optimization improved residual by 0.025607730173083817 (from 0.025607730173200005 to 1.1618768986140202e-13)
Optimization improved residual by 0.0324801429206702 (from 0.03248014292069166 to 2.14517174921402e-14)
Optimization improved residual by 0.10371929287133091 (from 0.10371929287202387 to 6.929597441795112e-13)
Optimization improved residual by 0.06657261892776467 (from 0.06657261892838423 to 6.195545327046571e-13)
Optimization did not improve residual (initial: 1.6734366352279798e-14, final: 1.6734366352279798e-14)
Optimization improved residual by 0.0008919152851144866 (from 0.0008919152854867623 to 3.7227575693100207e-13)
Optimization improved residual by 0.060499150439601725 (from 0.06049915043999362 to 3.9189632994889854e-13)
Optimization improved residual by 0.3411311869211802 (from 0.3411311869219814 to 8.012054203770494e-13)
Optimization improved residual by 0.005522343827589865 (from 0.005522343827672701 to 8.28352662217985e-14)
Optimization improved residual by 0.013403436655355655 (from 0.013403436655385617 to 2.996137069593181e-14)
Optimization improved residual by 0.021468144163451906 (from 0.021468144163562446 to 1.1054080186086884e-13)
Optimization improved residual by 0.0004626961486012713 (from 0.00046269614862967743 to 2.84061356716957e-14)
Optimization improved residual by 0.022330551744285373 (from 0.022330551745013524 to 7.281504402415397e-13)
Optimization improved residual by 0.0028979430136151048 (from 0.002897943013959798 to 3.4469334211641465e-13)
Optimization improved residual by 0.005573289934772001 (from 0.005573289935519478 to 7.47477545962697e-13)
Optimization improved residual by 0.1688560354523841 (from 0.1688560354528105 to 4.2641349619947354e-13)
Optimization did not improve residual (initial: 1.9402681532314982e-16, final: 1.9402681532314982e-16)
Optimization improved residual by 0.025739550771613003 (from 0.025739550772150697 to 5.376962995331659e-13)
Optimization did not improve residual (initial: 1.7619569237123827e-15, final: 1.7619569237123827e-15)
Optimization improved residual by 0.04859096347457568 (from 0.04859096347507443 to 4.98754472003313e-13)
Optimization improved residual by 0.006498703906208533 (from 0.006498703906256793 to 4.826003267218102e-14)
Optimization improved residual by 4.434695889809628e-16 (from 6.922908087963202e-16 to 2.4882121981535744e-16)
Optimization improved residual by 0.005752628760956709 (from 0.0057526287609743505 to 1.7640933109621642e-14)
Optimization did not improve residual (initial: 9.753667563640814e-14, final: 9.753667563640814e-14)
Optimization improved residual by 2.3684564676597497 (from 2.3684564676599797 to 2.302518655121997e-13)
Optimization improved residual by 0.07461079239183248 (from 0.07461079239231784 to 4.853660762764011e-13)
Optimization did not improve residual (initial: 3.910752335436579e-17, final: 3.910752335436579e-17)
Optimization did not improve residual (initial: 9.753667563640814e-14, final: 9.753667563640814e-14)
Optimization improved residual by 0.10371929287178781 (from 0.10371929287202389 to 2.360743197969198e-13)
Optimization improved residual by 0.10371929287133091 (from 0.10371929287202387 to 6.929597441795112e-13)
Optimization improved residual by 0.013526349679977338 (from 0.01352634968023814 to 2.608018208423446e-13)
Optimization improved residual by 0.0027962282464914054 (from 0.0027962282465626084 to 7.120305401563056e-14)
Optimization improved residual by 0.19941577615021036 (from 0.19941577615035658 to 1.4623000597852257e-13)
Optimization improved residual by 0.000857146844585922 (from 0.000857146845553801 to 9.678790366329842e-13)
Optimization did not improve residual (initial: 7.921329102077632e-14, final: 7.921329102077632e-14)
Optimization improved residual by 0.0038021165438938812 (from 0.003802116543958428 to 6.454692917149599e-14)
Optimization improved residual by 0.06830820212006174 (from 0.06830820212007403 to 1.2292138569276814e-14)
Optimization improved residual by 0.37393069447088717 (from 0.3739306944709642 to 7.706771827077396e-14)
Optimization did not improve residual (initial: 1.3367975205783772e-16, final: 1.3367975205783772e-16)
Optimization improved residual by 0.025994407833848213 (from 0.025994407834173592 to 3.253773719067933e-13)
Optimization improved residual by 0.002858241523107542 (from 0.0028582415234379406 to 3.3039825969140985e-13)
Optimization improved residual by 154.93386709242378 (from 154.93386709242392 to 1.4789744556215584e-13)
Optimization improved residual by 0.006463546434061317 (from 0.006463546434115237 to 5.392067777289327e-14)
Optimization improved residual by 0.0028979430136371813 (from 0.00289794301395979 to 3.2260863107110184e-13)
Optimization improved residual by 0.009544388486313709 (from 0.009544388487022108 to 7.083989032874782e-13)
Optimization improved residual by 0.3146375027523103 (from 0.3146375027528662 to 5.559181262998056e-13)
Optimization improved residual by 0.07435519108274719 (from 0.07435519108285626 to 1.0907702336901166e-13)
















































































