┌ Warning: Optimization did not converge. RetCode: MaxIters
└ @ ODEParameterEstimation ~/ODEParameterEstimation/src/core/solvers/homotopy_continuation.jl:778
┌ Warning: Optimization did not converge. RetCode: Stalled
└ @ ODEParameterEstimation ~/ODEParameterEstimation/src/core/solvers/homotopy_continuation.jl:778
┌ Warning: Optimization did not converge. RetCode: MaxIters
└ @ ODEParameterEstimation ~/ODEParameterEstimation/src/core/solvers/homotopy_continuation.jl:778
┌ Warning: Optimization did not converge. RetCode: Stalled
└ @ ODEParameterEstimation ~/ODEParameterEstimation/src/core/solvers/homotopy_continuation.jl:778
┌ Warning: Optimization did not converge. RetCode: Stalled
└ @ ODEParameterEstimation ~/ODEParameterEstimation/src/core/solvers/homotopy_continuation.jl:778
┌ Warning: Optimization did not converge. RetCode: MaxIters
└ @ ODEParameterEstimation ~/ODEParameterEstimation/src/core/solvers/homotopy_continuation.jl:778
┌ Warning: Optimization did not converge. RetCode: MaxIters
└ @ ODEParameterEstimation ~/ODEParameterEstimation/src/core/solvers/homotopy_continuation.jl:778
┌ Warning: Optimization did not converge. RetCode: MaxIters
└ @ ODEParameterEstimation ~/ODEParameterEstimation/src/core/solvers/homotopy_continuation.jl:778
┌ Warning: Optimization did not converge. RetCode: MaxIters
└ @ ODEParameterEstimation ~/ODEParameterEstimation/src/core/solvers/homotopy_continuation.jl:778
┌ Warning: Optimization did not converge. RetCode: Stalled
└ @ ODEParameterEstimation ~/ODEParameterEstimation/src/core/solvers/homotopy_continuation.jl:778
┌ Warning: Optimization did not converge. RetCode: MaxIters
└ @ ODEParameterEstimation ~/ODEParameterEstimation/src/core/solvers/homotopy_continuation.jl:778
┌ Warning: Optimization did not converge. RetCode: MaxIters
└ @ ODEParameterEstimation ~/ODEParameterEstimation/src/core/solvers/homotopy_continuation.jl:778
┌ Warning: Optimization did not converge. RetCode: MaxIters
└ @ ODEParameterEstimation ~/ODEParameterEstimation/src/core/solvers/homotopy_continuation.jl:778
┌ Warning: Optimization did not converge. RetCode: Stalled
└ @ ODEParameterEstimation ~/ODEParameterEstimation/src/core/solvers/homotopy_continuation.jl:778
┌ Warning: Optimization did not converge. RetCode: MaxIters
└ @ ODEParameterEstimation ~/ODEParameterEstimation/src/core/solvers/homotopy_continuation.jl:778
┌ Warning: Optimization did not converge. RetCode: Stalled
└ @ ODEParameterEstimation ~/ODEParameterEstimation/src/core/solvers/homotopy_continuation.jl:778
┌ Warning: Optimization did not converge. RetCode: Stalled
└ @ ODEParameterEstimation ~/ODEParameterEstimation/src/core/solvers/homotopy_continuation.jl:778
┌ Warning: Optimization did not converge. RetCode: MaxIters
└ @ ODEParameterEstimation ~/ODEParameterEstimation/src/core/solvers/homotopy_continuation.jl:778
┌ Warning: Optimization did not converge. RetCode: MaxIters
└ @ ODEParameterEstimation ~/ODEParameterEstimation/src/core/solvers/homotopy_continuation.jl:778
┌ Warning: Optimization did not converge. RetCode: MaxIters
└ @ ODEParameterEstimation ~/ODEParameterEstimation/src/core/solvers/homotopy_continuation.jl:778
┌ Warning: Optimization did not converge. RetCode: MaxIters
└ @ ODEParameterEstimation ~/ODEParameterEstimation/src/core/solvers/homotopy_continuation.jl:778
┌ Warning: Optimization did not converge. RetCode: Stalled
└ @ ODEParameterEstimation ~/ODEParameterEstimation/src/core/solvers/homotopy_continuation.jl:778
┌ Warning: Optimization did not converge. RetCode: MaxIters
└ @ ODEParameterEstimation ~/ODEParameterEstimation/src/core/solvers/homotopy_continuation.jl:778
┌ Warning: Optimization did not converge. RetCode: Stalled
└ @ ODEParameterEstimation ~/ODEParameterEstimation/src/core/solvers/homotopy_continuation.jl:778
┌ Warning: Optimization did not converge. RetCode: MaxIters
└ @ ODEParameterEstimation ~/ODEParameterEstimation/src/core/solvers/homotopy_continuation.jl:778
┌ Warning: Optimization did not converge. RetCode: Stalled
└ @ ODEParameterEstimation ~/ODEParameterEstimation/src/core/solvers/homotopy_continuation.jl:778
┌ Warning: Optimization did not converge. RetCode: Stalled
└ @ ODEParameterEstimation ~/ODEParameterEstimation/src/core/solvers/homotopy_continuation.jl:778
┌ Warning: Optimization did not converge. RetCode: MaxIters
└ @ ODEParameterEstimation ~/ODEParameterEstimation/src/core/solvers/homotopy_continuation.jl:778
┌ Warning: Optimization did not converge. RetCode: Stalled
└ @ ODEParameterEstimation ~/ODEParameterEstimation/src/core/solvers/homotopy_continuation.jl:778
┌ Warning: Optimization did not converge. RetCode: MaxIters
└ @ ODEParameterEstimation ~/ODEParameterEstimation/src/core/solvers/homotopy_continuation.jl:778
┌ Warning: Optimization did not converge. RetCode: Stalled
└ @ ODEParameterEstimation ~/ODEParameterEstimation/src/core/solvers/homotopy_continuation.jl:778
┌ Warning: Optimization did not converge. RetCode: MaxIters
└ @ ODEParameterEstimation ~/ODEParameterEstimation/src/core/solvers/homotopy_continuation.jl:778
┌ Warning: Optimization did not converge. RetCode: Stalled
└ @ ODEParameterEstimation ~/ODEParameterEstimation/src/core/solvers/homotopy_continuation.jl:778
┌ Warning: Optimization did not converge. RetCode: MaxIters
└ @ ODEParameterEstimation ~/ODEParameterEstimation/src/core/solvers/homotopy_continuation.jl:778
┌ Warning: Optimization did not converge. RetCode: MaxIters
└ @ ODEParameterEstimation ~/ODEParameterEstimation/src/core/solvers/homotopy_continuation.jl:778
┌ Warning: Optimization did not converge. RetCode: Stalled
└ @ ODEParameterEstimation ~/ODEParameterEstimation/src/core/solvers/homotopy_continuation.jl:778
┌ Warning: Optimization did not converge. RetCode: MaxIters
└ @ ODEParameterEstimation ~/ODEParameterEstimation/src/core/solvers/homotopy_continuation.jl:778
┌ Warning: Optimization did not converge. RetCode: Stalled
└ @ ODEParameterEstimation ~/ODEParameterEstimation/src/core/solvers/homotopy_continuation.jl:778
┌ Warning: Optimization did not converge. RetCode: Stalled
└ @ ODEParameterEstimation ~/ODEParameterEstimation/src/core/solvers/homotopy_continuation.jl:778
┌ Warning: Optimization did not converge. RetCode: Stalled
└ @ ODEParameterEstimation ~/ODEParameterEstimation/src/core/solvers/homotopy_continuation.jl:778
┌ Warning: Optimization did not converge. RetCode: MaxIters
└ @ ODEParameterEstimation ~/ODEParameterEstimation/src/core/solvers/homotopy_continuation.jl:778
┌ Warning: Optimization did not converge. RetCode: MaxIters
└ @ ODEParameterEstimation ~/ODEParameterEstimation/src/core/solvers/homotopy_continuation.jl:778
┌ Warning: Optimization did not converge. RetCode: Stalled
└ @ ODEParameterEstimation ~/ODEParameterEstimation/src/core/solvers/homotopy_continuation.jl:778
┌ Warning: Optimization did not converge. RetCode: MaxIters
└ @ ODEParameterEstimation ~/ODEParameterEstimation/src/core/solvers/homotopy_continuation.jl:778
┌ Warning: Optimization did not converge. RetCode: Stalled
└ @ ODEParameterEstimation ~/ODEParameterEstimation/src/core/solvers/homotopy_continuation.jl:778
┌ Warning: Optimization did not converge. RetCode: MaxIters
└ @ ODEParameterEstimation ~/ODEParameterEstimation/src/core/solvers/homotopy_continuation.jl:778
┌ Warning: Optimization did not converge. RetCode: MaxIters
└ @ ODEParameterEstimation ~/ODEParameterEstimation/src/core/solvers/homotopy_continuation.jl:778
┌ Warning: Optimization did not converge. RetCode: Stalled
└ @ ODEParameterEstimation ~/ODEParameterEstimation/src/core/solvers/homotopy_continuation.jl:778
┌ Warning: Optimization did not converge. RetCode: MaxIters
└ @ ODEParameterEstimation ~/ODEParameterEstimation/src/core/solvers/homotopy_continuation.jl:778
┌ Warning: Optimization did not converge. RetCode: Stalled
└ @ ODEParameterEstimation ~/ODEParameterEstimation/src/core/solvers/homotopy_continuation.jl:778
┌ Warning: Optimization did not converge. RetCode: MaxIters
└ @ ODEParameterEstimation ~/ODEParameterEstimation/src/core/solvers/homotopy_continuation.jl:778
┌ Warning: Optimization did not converge. RetCode: Stalled
└ @ ODEParameterEstimation ~/ODEParameterEstimation/src/core/solvers/homotopy_continuation.jl:778
┌ Warning: Optimization did not converge. RetCode: MaxIters
└ @ ODEParameterEstimation ~/ODEParameterEstimation/src/core/solvers/homotopy_continuation.jl:778
┌ Warning: Optimization did not converge. RetCode: MaxIters
└ @ ODEParameterEstimation ~/ODEParameterEstimation/src/core/solvers/homotopy_continuation.jl:778
┌ Warning: Optimization did not converge. RetCode: MaxIters
└ @ ODEParameterEstimation ~/ODEParameterEstimation/src/core/solvers/homotopy_continuation.jl:778
┌ Warning: Optimization did not converge. RetCode: Stalled
└ @ ODEParameterEstimation ~/ODEParameterEstimation/src/core/solvers/homotopy_continuation.jl:778
┌ Warning: Optimization did not converge. RetCode: Stalled
└ @ ODEParameterEstimation ~/ODEParameterEstimation/src/core/solvers/homotopy_continuation.jl:778
┌ Warning: Optimization did not converge. RetCode: Stalled
└ @ ODEParameterEstimation ~/ODEParameterEstimation/src/core/solvers/homotopy_continuation.jl:778
┌ Warning: Optimization did not converge. RetCode: MaxIters
└ @ ODEParameterEstimation ~/ODEParameterEstimation/src/core/solvers/homotopy_continuation.jl:778
┌ Warning: Optimization did not converge. RetCode: Stalled
└ @ ODEParameterEstimation ~/ODEParameterEstimation/src/core/solvers/homotopy_continuation.jl:778
┌ Warning: Optimization did not converge. RetCode: Stalled
└ @ ODEParameterEstimation ~/ODEParameterEstimation/src/core/solvers/homotopy_continuation.jl:778
┌ Warning: At t=-0.9629770008089844, dt was forced below floating point epsilon -9.97746791215359e-17, and step error estimate = 1.0146661916686186. Aborting. There is either an error in your model specification or the true solution is unstable (or the true solution can not be represented in the precision of Float64).
└ @ SciMLBase ~/.julia/packages/SciMLBase/VW1cI/src/integrator_interface.jl:623
┌ Warning: At t=-0.6430553019168804, dt was forced below floating point epsilon -9.849878886383598e-17, and step error estimate = 1.154063364762781. Aborting. There is either an error in your model specification or the true solution is unstable (or the true solution can not be represented in the precision of Float64).
└ @ SciMLBase ~/.julia/packages/SciMLBase/VW1cI/src/integrator_interface.jl:623
┌ Warning: At t=-0.644515391191353, dt was forced below floating point epsilon -1.1084441653353073e-16, and step error estimate = 1.210352060115042. Aborting. There is either an error in your model specification or the true solution is unstable (or the true solution can not be represented in the precision of Float64).
└ @ SciMLBase ~/.julia/packages/SciMLBase/VW1cI/src/integrator_interface.jl:623
┌ Warning: At t=-0.6212496707587646, dt was forced below floating point epsilon -9.88416941716253e-17, and step error estimate = 1.1146277131340154. Aborting. There is either an error in your model specification or the true solution is unstable (or the true solution can not be represented in the precision of Float64).
└ @ SciMLBase ~/.julia/packages/SciMLBase/VW1cI/src/integrator_interface.jl:623
┌ Warning: At t=-0.7062870008466917, dt was forced below floating point epsilon -9.938151038566929e-17, and step error estimate = 1.0555294786317408. Aborting. There is either an error in your model specification or the true solution is unstable (or the true solution can not be represented in the precision of Float64).
└ @ SciMLBase ~/.julia/packages/SciMLBase/VW1cI/src/integrator_interface.jl:623
┌ Warning: At t=-0.5480000000799098, dt was forced below floating point epsilon -9.976725669772882e-17, and step error estimate = 1.0154214506939516. Aborting. There is either an error in your model specification or the true solution is unstable (or the true solution can not be represented in the precision of Float64).
└ @ SciMLBase ~/.julia/packages/SciMLBase/VW1cI/src/integrator_interface.jl:623
┌ Warning: At t=-0.5480000000007037, dt was forced below floating point epsilon -3.571367275729503e-17, and step error estimate = Inf. Aborting. There is either an error in your model specification or the true solution is unstable (or the true solution can not be represented in the precision of Float64).
└ @ SciMLBase ~/.julia/packages/SciMLBase/VW1cI/src/integrator_interface.jl:623
┌ Warning: At t=-0.5480000000011143, dt was forced below floating point epsilon -3.504079926945706e-17, and step error estimate = NaN. Aborting. There is either an error in your model specification or the true solution is unstable (or the true solution can not be represented in the precision of Float64).
└ @ SciMLBase ~/.julia/packages/SciMLBase/VW1cI/src/integrator_interface.jl:623
┌ Warning: At t=-0.8604231519704904, dt was forced below floating point epsilon -9.968054965906773e-17, and step error estimate = 1.0242881551272653. Aborting. There is either an error in your model specification or the true solution is unstable (or the true solution can not be represented in the precision of Float64).
└ @ SciMLBase ~/.julia/packages/SciMLBase/VW1cI/src/integrator_interface.jl:623
┌ Warning: At t=-0.5881349885690653, dt was forced below floating point epsilon -1.0680329117311294e-16, and step error estimate = 1.0159695684200805. Aborting. There is either an error in your model specification or the true solution is unstable (or the true solution can not be represented in the precision of Float64).
└ @ SciMLBase ~/.julia/packages/SciMLBase/VW1cI/src/integrator_interface.jl:623
┌ Warning: At t=-0.5488148127960771, dt was forced below floating point epsilon -1.0307332700126017e-16, and step error estimate = 1.1676262306026122. Aborting. There is either an error in your model specification or the true solution is unstable (or the true solution can not be represented in the precision of Float64).
└ @ SciMLBase ~/.julia/packages/SciMLBase/VW1cI/src/integrator_interface.jl:623
┌ Warning: Interrupted. Larger maxiters is needed. If you are using an integrator for non-stiff ODEs or an automatic switching algorithm (the default), you may want to consider using a method for stiff equations. See the solver pages for more details (e.g. https://docs.sciml.ai/DiffEqDocs/stable/solvers/ode_solve/#Stiff-Problems).
└ @ SciMLBase ~/.julia/packages/SciMLBase/VW1cI/src/integrator_interface.jl:589
┌ Warning: At t=-0.5480000158930461, dt was forced below floating point epsilon -5.826069473965723e-17, and step error estimate = NaN. Aborting. There is either an error in your model specification or the true solution is unstable (or the true solution can not be represented in the precision of Float64).
└ @ SciMLBase ~/.julia/packages/SciMLBase/VW1cI/src/integrator_interface.jl:623
┌ Warning: At t=-0.5612132523904824, dt was forced below floating point epsilon -9.932182826248552e-17, and step error estimate = 1.0618900310672548. Aborting. There is either an error in your model specification or the true solution is unstable (or the true solution can not be represented in the precision of Float64).
└ @ SciMLBase ~/.julia/packages/SciMLBase/VW1cI/src/integrator_interface.jl:623
┌ Warning: At t=-0.6777134545344996, dt was forced below floating point epsilon -9.960839700096242e-17, and step error estimate = 1.0317305311848424. Aborting. There is either an error in your model specification or the true solution is unstable (or the true solution can not be represented in the precision of Float64).
└ @ SciMLBase ~/.julia/packages/SciMLBase/VW1cI/src/integrator_interface.jl:623
┌ Warning: At t=-0.5480000027578951, dt was forced below floating point epsilon -1.0878311185042106e-16, and step error estimate = 2.013041314044277. Aborting. There is either an error in your model specification or the true solution is unstable (or the true solution can not be represented in the precision of Float64).
└ @ SciMLBase ~/.julia/packages/SciMLBase/VW1cI/src/integrator_interface.jl:623
┌ Warning: At t=-0.5480000002637693, dt was forced below floating point epsilon -9.926937326312588e-17, and step error estimate = 3.057021608601204. Aborting. There is either an error in your model specification or the true solution is unstable (or the true solution can not be represented in the precision of Float64).
└ @ SciMLBase ~/.julia/packages/SciMLBase/VW1cI/src/integrator_interface.jl:623
┌ Warning: At t=-0.6777134545344996, dt was forced below floating point epsilon -9.960839700096242e-17, and step error estimate = 1.0317305311848424. Aborting. There is either an error in your model specification or the true solution is unstable (or the true solution can not be represented in the precision of Float64).
└ @ SciMLBase ~/.julia/packages/SciMLBase/VW1cI/src/integrator_interface.jl:623
┌ Warning: At t=-0.8463577722719657, dt was forced below floating point epsilon -9.983604844235511e-17, and step error estimate = 1.0084464144482843. Aborting. There is either an error in your model specification or the true solution is unstable (or the true solution can not be represented in the precision of Float64).
└ @ SciMLBase ~/.julia/packages/SciMLBase/VW1cI/src/integrator_interface.jl:623
┌ Warning: At t=-0.5904631306464375, dt was forced below floating point epsilon -9.981463666658737e-17, and step error estimate = 1.0106115176580976. Aborting. There is either an error in your model specification or the true solution is unstable (or the true solution can not be represented in the precision of Float64).
└ @ SciMLBase ~/.julia/packages/SciMLBase/VW1cI/src/integrator_interface.jl:623
┌ Warning: At t=-0.6665905725362703, dt was forced below floating point epsilon -1.0857751254160555e-16, and step error estimate = 1.1004856811591868. Aborting. There is either an error in your model specification or the true solution is unstable (or the true solution can not be represented in the precision of Float64).
└ @ SciMLBase ~/.julia/packages/SciMLBase/VW1cI/src/integrator_interface.jl:623
┌ Warning: At t=-0.6132356251331913, dt was forced below floating point epsilon -1.0006864407762889e-16, and step error estimate = 1.0503802587556281. Aborting. There is either an error in your model specification or the true solution is unstable (or the true solution can not be represented in the precision of Float64).
└ @ SciMLBase ~/.julia/packages/SciMLBase/VW1cI/src/integrator_interface.jl:623
┌ Warning: At t=-0.5500036812974226, dt was forced below floating point epsilon -1.0828302913211425e-16, and step error estimate = 1.0612903239586773. Aborting. There is either an error in your model specification or the true solution is unstable (or the true solution can not be represented in the precision of Float64).
└ @ SciMLBase ~/.julia/packages/SciMLBase/VW1cI/src/integrator_interface.jl:623
┌ Warning: At t=-0.6777134545343992, dt was forced below floating point epsilon -9.985786199178238e-17, and step error estimate = 1.0062469506275071. Aborting. There is either an error in your model specification or the true solution is unstable (or the true solution can not be represented in the precision of Float64).
└ @ SciMLBase ~/.julia/packages/SciMLBase/VW1cI/src/integrator_interface.jl:623
┌ Warning: At t=-0.7795293061576839, dt was forced below floating point epsilon -9.94901772379383e-17, and step error estimate = 1.044056139616352. Aborting. There is either an error in your model specification or the true solution is unstable (or the true solution can not be represented in the precision of Float64).
└ @ SciMLBase ~/.julia/packages/SciMLBase/VW1cI/src/integrator_interface.jl:623
┌ Warning: Interrupted. Larger maxiters is needed. If you are using an integrator for non-stiff ODEs or an automatic switching algorithm (the default), you may want to consider using a method for stiff equations. See the solver pages for more details (e.g. https://docs.sciml.ai/DiffEqDocs/stable/solvers/ode_solve/#Stiff-Problems).
└ @ SciMLBase ~/.julia/packages/SciMLBase/VW1cI/src/integrator_interface.jl:589
┌ Warning: At t=-0.5521273571998151, dt was forced below floating point epsilon -6.840646563419025e-17, and step error estimate = 3691.284087933476. Aborting. There is either an error in your model specification or the true solution is unstable (or the true solution can not be represented in the precision of Float64).
└ @ SciMLBase ~/.julia/packages/SciMLBase/VW1cI/src/integrator_interface.jl:623
┌ Warning: At t=-0.5480000001741264, dt was forced below floating point epsilon -9.808282455983106e-17, and step error estimate = 1.2039767397561327. Aborting. There is either an error in your model specification or the true solution is unstable (or the true solution can not be represented in the precision of Float64).
└ @ SciMLBase ~/.julia/packages/SciMLBase/VW1cI/src/integrator_interface.jl:623
┌ Warning: Interrupted. Larger maxiters is needed. If you are using an integrator for non-stiff ODEs or an automatic switching algorithm (the default), you may want to consider using a method for stiff equations. See the solver pages for more details (e.g. https://docs.sciml.ai/DiffEqDocs/stable/solvers/ode_solve/#Stiff-Problems).
└ @ SciMLBase ~/.julia/packages/SciMLBase/VW1cI/src/integrator_interface.jl:589
┌ Warning: At t=-0.5602765916837191, dt was forced below floating point epsilon -9.978780466959589e-17, and step error estimate = 1.0133327568032802. Aborting. There is either an error in your model specification or the true solution is unstable (or the true solution can not be represented in the precision of Float64).
└ @ SciMLBase ~/.julia/packages/SciMLBase/VW1cI/src/integrator_interface.jl:623
┌ Warning: At t=-0.5482508369391468, dt was forced below floating point epsilon -9.977903808347879e-17, and step error estimate = 1.0142233426186353. Aborting. There is either an error in your model specification or the true solution is unstable (or the true solution can not be represented in the precision of Float64).
└ @ SciMLBase ~/.julia/packages/SciMLBase/VW1cI/src/integrator_interface.jl:623
┌ Warning: At t=-0.7689993015866544, dt was forced below floating point epsilon -9.871725179325229e-17, and step error estimate = 1.128765248115447. Aborting. There is either an error in your model specification or the true solution is unstable (or the true solution can not be represented in the precision of Float64).
└ @ SciMLBase ~/.julia/packages/SciMLBase/VW1cI/src/integrator_interface.jl:623
┌ Warning: At t=-0.617180395750418, dt was forced below floating point epsilon -1.1000182962182419e-16, and step error estimate = 7.450793423104812. Aborting. There is either an error in your model specification or the true solution is unstable (or the true solution can not be represented in the precision of Float64).
└ @ SciMLBase ~/.julia/packages/SciMLBase/VW1cI/src/integrator_interface.jl:623
┌ Warning: At t=-0.6723180153391458, dt was forced below floating point epsilon -3.7938728044044556e-17, and step error estimate = NaN. Aborting. There is either an error in your model specification or the true solution is unstable (or the true solution can not be represented in the precision of Float64).
└ @ SciMLBase ~/.julia/packages/SciMLBase/VW1cI/src/integrator_interface.jl:623
┌ Warning: At t=-0.5595453380651494, dt was forced below floating point epsilon -9.865745882356281e-17, and step error estimate = 1.1356269305752238. Aborting. There is either an error in your model specification or the true solution is unstable (or the true solution can not be represented in the precision of Float64).
└ @ SciMLBase ~/.julia/packages/SciMLBase/VW1cI/src/integrator_interface.jl:623
┌ Warning: At t=-0.5480000001684742, dt was forced below floating point epsilon -9.473589404488746e-17, and step error estimate = 1.703725449722209. Aborting. There is either an error in your model specification or the true solution is unstable (or the true solution can not be represented in the precision of Float64).
└ @ SciMLBase ~/.julia/packages/SciMLBase/VW1cI/src/integrator_interface.jl:623
┌ Warning: At t=-0.5480001614197858, dt was forced below floating point epsilon -7.712378073671056e-17, and step error estimate = NaN. Aborting. There is either an error in your model specification or the true solution is unstable (or the true solution can not be represented in the precision of Float64).
└ @ SciMLBase ~/.julia/packages/SciMLBase/VW1cI/src/integrator_interface.jl:623
┌ Warning: At t=-0.5480000052643101, dt was forced below floating point epsilon -6.365144210796244e-17, and step error estimate = Inf. Aborting. There is either an error in your model specification or the true solution is unstable (or the true solution can not be represented in the precision of Float64).
└ @ SciMLBase ~/.julia/packages/SciMLBase/VW1cI/src/integrator_interface.jl:623
┌ Warning: At t=-0.5480000014426072, dt was forced below floating point epsilon -1.0753449698349856e-16, and step error estimate = 4.293048970786756. Aborting. There is either an error in your model specification or the true solution is unstable (or the true solution can not be represented in the precision of Float64).
└ @ SciMLBase ~/.julia/packages/SciMLBase/VW1cI/src/integrator_interface.jl:623
┌ Warning: At t=-0.5482508369391468, dt was forced below floating point epsilon -9.977903808347879e-17, and step error estimate = 1.0142233426186353. Aborting. There is either an error in your model specification or the true solution is unstable (or the true solution can not be represented in the precision of Float64).
└ @ SciMLBase ~/.julia/packages/SciMLBase/VW1cI/src/integrator_interface.jl:623
┌ Warning: At t=-0.6024664038034996, dt was forced below floating point epsilon -1.107971033701208e-16, and step error estimate = 361.92773472143006. Aborting. There is either an error in your model specification or the true solution is unstable (or the true solution can not be represented in the precision of Float64).
└ @ SciMLBase ~/.julia/packages/SciMLBase/VW1cI/src/integrator_interface.jl:623
┌ Warning: At t=-0.548000483737443, dt was forced below floating point epsilon -8.56982985583199e-17, and step error estimate = NaN. Aborting. There is either an error in your model specification or the true solution is unstable (or the true solution can not be represented in the precision of Float64).
└ @ SciMLBase ~/.julia/packages/SciMLBase/VW1cI/src/integrator_interface.jl:623
┌ Warning: At t=-0.5500084490489624, dt was forced below floating point epsilon -6.612095505142439e-17, and step error estimate = NaN. Aborting. There is either an error in your model specification or the true solution is unstable (or the true solution can not be represented in the precision of Float64).
└ @ SciMLBase ~/.julia/packages/SciMLBase/VW1cI/src/integrator_interface.jl:623
┌ Warning: At t=-0.8305901183065718, dt was forced below floating point epsilon -8.137208752313845e-17, and step error estimate = 48.635230446549755. Aborting. There is either an error in your model specification or the true solution is unstable (or the true solution can not be represented in the precision of Float64).
└ @ SciMLBase ~/.julia/packages/SciMLBase/VW1cI/src/integrator_interface.jl:623
┌ Warning: At t=-0.5480000000301531, dt was forced below floating point epsilon -8.093213526200299e-17, and step error estimate = NaN. Aborting. There is either an error in your model specification or the true solution is unstable (or the true solution can not be represented in the precision of Float64).
└ @ SciMLBase ~/.julia/packages/SciMLBase/VW1cI/src/integrator_interface.jl:623
┌ Warning: At t=-0.5480000003840654, dt was forced below floating point epsilon -2.2509966783020363e-17, and step error estimate = NaN. Aborting. There is either an error in your model specification or the true solution is unstable (or the true solution can not be represented in the precision of Float64).
└ @ SciMLBase ~/.julia/packages/SciMLBase/VW1cI/src/integrator_interface.jl:623
┌ Warning: At t=-0.56027659168398, dt was forced below floating point epsilon -9.939990759021467e-17, and step error estimate = 1.0535775673143837. Aborting. There is either an error in your model specification or the true solution is unstable (or the true solution can not be represented in the precision of Float64).
└ @ SciMLBase ~/.julia/packages/SciMLBase/VW1cI/src/integrator_interface.jl:623
┌ Warning: At t=-0.5483235456064625, dt was forced below floating point epsilon -1.08374790295331e-16, and step error estimate = 1.1016273625116262. Aborting. There is either an error in your model specification or the true solution is unstable (or the true solution can not be represented in the precision of Float64).
└ @ SciMLBase ~/.julia/packages/SciMLBase/VW1cI/src/integrator_interface.jl:623
┌ Warning: At t=-0.6876169223808954, dt was forced below floating point epsilon -9.858752127194788e-17, and step error estimate = 1.1437129199766685. Aborting. There is either an error in your model specification or the true solution is unstable (or the true solution can not be represented in the precision of Float64).
└ @ SciMLBase ~/.julia/packages/SciMLBase/VW1cI/src/integrator_interface.jl:623
┌ Warning: At t=-0.5944569962691352, dt was forced below floating point epsilon -9.913109880368724e-17, and step error estimate = 1.0825021837396853. Aborting. There is either an error in your model specification or the true solution is unstable (or the true solution can not be represented in the precision of Float64).
└ @ SciMLBase ~/.julia/packages/SciMLBase/VW1cI/src/integrator_interface.jl:623
┌ Warning: At t=-0.548, dt was forced below floating point epsilon -3.2768000000000003e-17, and step error estimate = NaN. Aborting. There is either an error in your model specification or the true solution is unstable (or the true solution can not be represented in the precision of Float64).
└ @ SciMLBase ~/.julia/packages/SciMLBase/VW1cI/src/integrator_interface.jl:623
┌ Warning: At t=-0.5785926869595309, dt was forced below floating point epsilon -9.864015957176951e-17, and step error estimate = 1.1376221741908696. Aborting. There is either an error in your model specification or the true solution is unstable (or the true solution can not be represented in the precision of Float64).
└ @ SciMLBase ~/.julia/packages/SciMLBase/VW1cI/src/integrator_interface.jl:623
┌ Warning: At t=-0.5480002284934652, dt was forced below floating point epsilon -1.0604994095078364e-16, and step error estimate = 1.4827986243512135. Aborting. There is either an error in your model specification or the true solution is unstable (or the true solution can not be represented in the precision of Float64).
└ @ SciMLBase ~/.julia/packages/SciMLBase/VW1cI/src/integrator_interface.jl:623
┌ Warning: At t=-0.6029616582723597, dt was forced below floating point epsilon -9.93202394465316e-17, and step error estimate = 1.062060017377945. Aborting. There is either an error in your model specification or the true solution is unstable (or the true solution can not be represented in the precision of Float64).
└ @ SciMLBase ~/.julia/packages/SciMLBase/VW1cI/src/integrator_interface.jl:623
┌ Warning: At t=-0.5887857273075761, dt was forced below floating point epsilon -9.920097639338987e-17, and step error estimate = 1.0748992588566082. Aborting. There is either an error in your model specification or the true solution is unstable (or the true solution can not be represented in the precision of Float64).
└ @ SciMLBase ~/.julia/packages/SciMLBase/VW1cI/src/integrator_interface.jl:623
┌ Warning: At t=-0.548000018775912, dt was forced below floating point epsilon -1.062461530406293e-16, and step error estimate = 1.8935751434577677. Aborting. There is either an error in your model specification or the true solution is unstable (or the true solution can not be represented in the precision of Float64).
└ @ SciMLBase ~/.julia/packages/SciMLBase/VW1cI/src/integrator_interface.jl:623
┌ Warning: At t=-0.5777953024582109, dt was forced below floating point epsilon -9.901017236189601e-17, and step error estimate = 1.0957999438971304. Aborting. There is either an error in your model specification or the true solution is unstable (or the true solution can not be represented in the precision of Float64).
└ @ SciMLBase ~/.julia/packages/SciMLBase/VW1cI/src/integrator_interface.jl:623
┌ Warning: Interrupted. Larger maxiters is needed. If you are using an integrator for non-stiff ODEs or an automatic switching algorithm (the default), you may want to consider using a method for stiff equations. See the solver pages for more details (e.g. https://docs.sciml.ai/DiffEqDocs/stable/solvers/ode_solve/#Stiff-Problems).
└ @ SciMLBase ~/.julia/packages/SciMLBase/VW1cI/src/integrator_interface.jl:589
┌ Warning: At t=-0.5480001614197858, dt was forced below floating point epsilon -7.712378073671056e-17, and step error estimate = NaN. Aborting. There is either an error in your model specification or the true solution is unstable (or the true solution can not be represented in the precision of Float64).
└ @ SciMLBase ~/.julia/packages/SciMLBase/VW1cI/src/integrator_interface.jl:623
┌ Warning: At t=-0.5480004828410029, dt was forced below floating point epsilon -4.349052185103782e-17, and step error estimate = NaN. Aborting. There is either an error in your model specification or the true solution is unstable (or the true solution can not be represented in the precision of Float64).
└ @ SciMLBase ~/.julia/packages/SciMLBase/VW1cI/src/integrator_interface.jl:623
┌ Warning: At t=-0.5480000000145634, dt was forced below floating point epsilon -4.811051996596521e-17, and step error estimate = NaN. Aborting. There is either an error in your model specification or the true solution is unstable (or the true solution can not be represented in the precision of Float64).
└ @ SciMLBase ~/.julia/packages/SciMLBase/VW1cI/src/integrator_interface.jl:623
┌ Warning: At t=-0.551925921906746, dt was forced below floating point epsilon -1.1057019467797955e-16, and step error estimate = NaN. Aborting. There is either an error in your model specification or the true solution is unstable (or the true solution can not be represented in the precision of Float64).
└ @ SciMLBase ~/.julia/packages/SciMLBase/VW1cI/src/integrator_interface.jl:623
┌ Warning: At t=-0.9572945729786944, dt was forced below floating point epsilon -9.85405689994667e-17, and step error estimate = 1.1491762482450218. Aborting. There is either an error in your model specification or the true solution is unstable (or the true solution can not be represented in the precision of Float64).
└ @ SciMLBase ~/.julia/packages/SciMLBase/VW1cI/src/integrator_interface.jl:623
┌ Warning: At t=-0.5874758344794423, dt was forced below floating point epsilon -1.07780379225242e-16, and step error estimate = 1.02206202715191. Aborting. There is either an error in your model specification or the true solution is unstable (or the true solution can not be represented in the precision of Float64).
└ @ SciMLBase ~/.julia/packages/SciMLBase/VW1cI/src/integrator_interface.jl:623
┌ Warning: At t=-0.5481348189222153, dt was forced below floating point epsilon -3.276028882586174e-17, and step error estimate = NaN. Aborting. There is either an error in your model specification or the true solution is unstable (or the true solution can not be represented in the precision of Float64).
└ @ SciMLBase ~/.julia/packages/SciMLBase/VW1cI/src/integrator_interface.jl:623
┌ Warning: At t=-0.8459555738723314, dt was forced below floating point epsilon -9.963186387362163e-17, and step error estimate = 1.0293031734933833. Aborting. There is either an error in your model specification or the true solution is unstable (or the true solution can not be represented in the precision of Float64).
└ @ SciMLBase ~/.julia/packages/SciMLBase/VW1cI/src/integrator_interface.jl:623
┌ Warning: At t=-0.8459549196033633, dt was forced below floating point epsilon -9.963009932980459e-17, and step error estimate = 1.029485929572217. Aborting. There is either an error in your model specification or the true solution is unstable (or the true solution can not be represented in the precision of Float64).
└ @ SciMLBase ~/.julia/packages/SciMLBase/VW1cI/src/integrator_interface.jl:623
┌ Warning: At t=-0.5794615766599914, dt was forced below floating point epsilon -9.861861945679253e-17, and step error estimate = 1.1401102291876897. Aborting. There is either an error in your model specification or the true solution is unstable (or the true solution can not be represented in the precision of Float64).
└ @ SciMLBase ~/.julia/packages/SciMLBase/VW1cI/src/integrator_interface.jl:623
┌ Warning: At t=-0.9562018590846008, dt was forced below floating point epsilon -9.883382721189296e-17, and step error estimate = 1.1155157995062117. Aborting. There is either an error in your model specification or the true solution is unstable (or the true solution can not be represented in the precision of Float64).
└ @ SciMLBase ~/.julia/packages/SciMLBase/VW1cI/src/integrator_interface.jl:623
┌ Warning: At t=-0.6526946596446566, dt was forced below floating point epsilon -2.2486537902790662e-17, and step error estimate = NaN. Aborting. There is either an error in your model specification or the true solution is unstable (or the true solution can not be represented in the precision of Float64).
└ @ SciMLBase ~/.julia/packages/SciMLBase/VW1cI/src/integrator_interface.jl:623
┌ Warning: At t=-0.5480000152130686, dt was forced below floating point epsilon -4.384506328760137e-17, and step error estimate = NaN. Aborting. There is either an error in your model specification or the true solution is unstable (or the true solution can not be represented in the precision of Float64).
└ @ SciMLBase ~/.julia/packages/SciMLBase/VW1cI/src/integrator_interface.jl:623
┌ Warning: At t=-0.6024664038034987, dt was forced below floating point epsilon -1.0598421046158185e-16, and step error estimate = 368.1796554260129. Aborting. There is either an error in your model specification or the true solution is unstable (or the true solution can not be represented in the precision of Float64).
└ @ SciMLBase ~/.julia/packages/SciMLBase/VW1cI/src/integrator_interface.jl:623
┌ Warning: At t=-0.5777953024582109, dt was forced below floating point epsilon -9.901017236189601e-17, and step error estimate = 1.0957999438971304. Aborting. There is either an error in your model specification or the true solution is unstable (or the true solution can not be represented in the precision of Float64).
└ @ SciMLBase ~/.julia/packages/SciMLBase/VW1cI/src/integrator_interface.jl:623
┌ Warning: At t=-0.6681444532147436, dt was forced below floating point epsilon -9.883503922481996e-17, and step error estimate = 1.115379392115747. Aborting. There is either an error in your model specification or the true solution is unstable (or the true solution can not be represented in the precision of Float64).
└ @ SciMLBase ~/.julia/packages/SciMLBase/VW1cI/src/integrator_interface.jl:623
┌ Warning: At t=-0.5992359743671056, dt was forced below floating point epsilon -9.830142708228926e-17, and step error estimate = 1.177455026618701. Aborting. There is either an error in your model specification or the true solution is unstable (or the true solution can not be represented in the precision of Float64).
└ @ SciMLBase ~/.julia/packages/SciMLBase/VW1cI/src/integrator_interface.jl:623
┌ Warning: At t=-0.5480000004269941, dt was forced below floating point epsilon -5.103099925814142e-17, and step error estimate = NaN. Aborting. There is either an error in your model specification or the true solution is unstable (or the true solution can not be represented in the precision of Float64).
└ @ SciMLBase ~/.julia/packages/SciMLBase/VW1cI/src/integrator_interface.jl:623
┌ Warning: At t=-0.56027659168398, dt was forced below floating point epsilon -9.939990759021467e-17, and step error estimate = 1.0535775673143837. Aborting. There is either an error in your model specification or the true solution is unstable (or the true solution can not be represented in the precision of Float64).
└ @ SciMLBase ~/.julia/packages/SciMLBase/VW1cI/src/integrator_interface.jl:623
┌ Warning: At t=-0.5480003751325822, dt was forced below floating point epsilon -2.3236638636651483e-17, and step error estimate = NaN. Aborting. There is either an error in your model specification or the true solution is unstable (or the true solution can not be represented in the precision of Float64).
└ @ SciMLBase ~/.julia/packages/SciMLBase/VW1cI/src/integrator_interface.jl:623
┌ Warning: At t=-0.5480155851095414, dt was forced below floating point epsilon -8.787195978952457e-17, and step error estimate = NaN. Aborting. There is either an error in your model specification or the true solution is unstable (or the true solution can not be represented in the precision of Float64).
└ @ SciMLBase ~/.julia/packages/SciMLBase/VW1cI/src/integrator_interface.jl:623
┌ Warning: At t=-0.586465522326359, dt was forced below floating point epsilon -9.957423470328455e-17, and step error estimate = 1.035275688462704. Aborting. There is either an error in your model specification or the true solution is unstable (or the true solution can not be represented in the precision of Float64).
└ @ SciMLBase ~/.julia/packages/SciMLBase/VW1cI/src/integrator_interface.jl:623
┌ Warning: At t=-0.5480000014426072, dt was forced below floating point epsilon -1.0753449698349856e-16, and step error estimate = 4.293048970786756. Aborting. There is either an error in your model specification or the true solution is unstable (or the true solution can not be represented in the precision of Float64).
└ @ SciMLBase ~/.julia/packages/SciMLBase/VW1cI/src/integrator_interface.jl:623
┌ Warning: At t=-0.6931335955528926, dt was forced below floating point epsilon -1.0998272168102636e-16, and step error estimate = 1.339679222557117. Aborting. There is either an error in your model specification or the true solution is unstable (or the true solution can not be represented in the precision of Float64).
└ @ SciMLBase ~/.julia/packages/SciMLBase/VW1cI/src/integrator_interface.jl:623
┌ Warning: At t=-0.6024664038034996, dt was forced below floating point epsilon -1.107971033701208e-16, and step error estimate = 361.92773472143006. Aborting. There is either an error in your model specification or the true solution is unstable (or the true solution can not be represented in the precision of Float64).
└ @ SciMLBase ~/.julia/packages/SciMLBase/VW1cI/src/integrator_interface.jl:623
┌ Warning: At t=-0.6644890379036064, dt was forced below floating point epsilon -9.963816463404967e-17, and step error estimate = 1.0286529447147161. Aborting. There is either an error in your model specification or the true solution is unstable (or the true solution can not be represented in the precision of Float64).
└ @ SciMLBase ~/.julia/packages/SciMLBase/VW1cI/src/integrator_interface.jl:623
┌ Warning: At t=-0.5599902185168222, dt was forced below floating point epsilon -9.878502178716105e-17, and step error estimate = 1.1210420005199595. Aborting. There is either an error in your model specification or the true solution is unstable (or the true solution can not be represented in the precision of Float64).
└ @ SciMLBase ~/.julia/packages/SciMLBase/VW1cI/src/integrator_interface.jl:623
┌ Warning: At t=-0.5600134670637558, dt was forced below floating point epsilon -8.480169687556794e-17, and step error estimate = 228.85036345791184. Aborting. There is either an error in your model specification or the true solution is unstable (or the true solution can not be represented in the precision of Float64).
└ @ SciMLBase ~/.julia/packages/SciMLBase/VW1cI/src/integrator_interface.jl:623
┌ Warning: At t=-0.5480002618205061, dt was forced below floating point epsilon -6.173230572361376e-17, and step error estimate = NaN. Aborting. There is either an error in your model specification or the true solution is unstable (or the true solution can not be represented in the precision of Float64).
└ @ SciMLBase ~/.julia/packages/SciMLBase/VW1cI/src/integrator_interface.jl:623
┌ Warning: At t=-0.5480000347165017, dt was forced below floating point epsilon -1.0586846300462145e-16, and step error estimate = 1.0612408129829862. Aborting. There is either an error in your model specification or the true solution is unstable (or the true solution can not be represented in the precision of Float64).
└ @ SciMLBase ~/.julia/packages/SciMLBase/VW1cI/src/integrator_interface.jl:623
┌ Warning: At t=-0.7452182271046996, dt was forced below floating point epsilon -9.891949877304306e-17, and step error estimate = 1.1058886531306442. Aborting. There is either an error in your model specification or the true solution is unstable (or the true solution can not be represented in the precision of Float64).
└ @ SciMLBase ~/.julia/packages/SciMLBase/VW1cI/src/integrator_interface.jl:623
┌ Warning: At t=-0.5612132523904824, dt was forced below floating point epsilon -9.932182826248552e-17, and step error estimate = 1.0618900310672548. Aborting. There is either an error in your model specification or the true solution is unstable (or the true solution can not be represented in the precision of Float64).
└ @ SciMLBase ~/.julia/packages/SciMLBase/VW1cI/src/integrator_interface.jl:623
┌ Warning: At t=-0.5480000159347185, dt was forced below floating point epsilon -6.40313051800555e-17, and step error estimate = NaN. Aborting. There is either an error in your model specification or the true solution is unstable (or the true solution can not be represented in the precision of Float64).
└ @ SciMLBase ~/.julia/packages/SciMLBase/VW1cI/src/integrator_interface.jl:623
┌ Warning: At t=-0.5480054475450407, dt was forced below floating point epsilon -7.070862021199382e-17, and step error estimate = NaN. Aborting. There is either an error in your model specification or the true solution is unstable (or the true solution can not be represented in the precision of Float64).
└ @ SciMLBase ~/.julia/packages/SciMLBase/VW1cI/src/integrator_interface.jl:623
┌ Warning: At t=-0.5597054378179299, dt was forced below floating point epsilon -1.0769254266457275e-16, and step error estimate = 1.0316430228026545. Aborting. There is either an error in your model specification or the true solution is unstable (or the true solution can not be represented in the precision of Float64).
└ @ SciMLBase ~/.julia/packages/SciMLBase/VW1cI/src/integrator_interface.jl:623
┌ Warning: At t=-0.7600486810362845, dt was forced below floating point epsilon -9.949501921538223e-17, and step error estimate = 1.0435490751583028. Aborting. There is either an error in your model specification or the true solution is unstable (or the true solution can not be represented in the precision of Float64).
└ @ SciMLBase ~/.julia/packages/SciMLBase/VW1cI/src/integrator_interface.jl:623
┌ Warning: At t=-0.5626096628595485, dt was forced below floating point epsilon -7.294609673343041e-17, and step error estimate = 191.76709155652986. Aborting. There is either an error in your model specification or the true solution is unstable (or the true solution can not be represented in the precision of Float64).
└ @ SciMLBase ~/.julia/packages/SciMLBase/VW1cI/src/integrator_interface.jl:623
┌ Warning: At t=-0.5869764674593425, dt was forced below floating point epsilon -9.94237716365364e-17, and step error estimate = 1.0510513527925163. Aborting. There is either an error in your model specification or the true solution is unstable (or the true solution can not be represented in the precision of Float64).
└ @ SciMLBase ~/.julia/packages/SciMLBase/VW1cI/src/integrator_interface.jl:623
┌ Warning: At t=-0.5480028563880317, dt was forced below floating point epsilon -1.041792466753828e-16, and step error estimate = 1.1127643275906665. Aborting. There is either an error in your model specification or the true solution is unstable (or the true solution can not be represented in the precision of Float64).
└ @ SciMLBase ~/.julia/packages/SciMLBase/VW1cI/src/integrator_interface.jl:623
┌ Warning: At t=-0.5480995073019189, dt was forced below floating point epsilon -1.0579465798401195e-16, and step error estimate = 1.012735131068153. Aborting. There is either an error in your model specification or the true solution is unstable (or the true solution can not be represented in the precision of Float64).
└ @ SciMLBase ~/.julia/packages/SciMLBase/VW1cI/src/integrator_interface.jl:623
┌ Warning: At t=-0.6432532434809374, dt was forced below floating point epsilon -1.1078728259998136e-16, and step error estimate = 1.0523140345759971. Aborting. There is either an error in your model specification or the true solution is unstable (or the true solution can not be represented in the precision of Float64).
└ @ SciMLBase ~/.julia/packages/SciMLBase/VW1cI/src/integrator_interface.jl:623
┌ Warning: At t=-0.5480000018374053, dt was forced below floating point epsilon -5.882851003633097e-17, and step error estimate = NaN. Aborting. There is either an error in your model specification or the true solution is unstable (or the true solution can not be represented in the precision of Float64).
└ @ SciMLBase ~/.julia/packages/SciMLBase/VW1cI/src/integrator_interface.jl:623
┌ Warning: At t=-0.5480000000001907, dt was forced below floating point epsilon -5.314503404522385e-17, and step error estimate = NaN. Aborting. There is either an error in your model specification or the true solution is unstable (or the true solution can not be represented in the precision of Float64).
└ @ SciMLBase ~/.julia/packages/SciMLBase/VW1cI/src/integrator_interface.jl:623
┌ Warning: At t=-0.606485377593517, dt was forced below floating point epsilon -9.941140193328242e-17, and step error estimate = 1.0523598451819884. Aborting. There is either an error in your model specification or the true solution is unstable (or the true solution can not be represented in the precision of Float64).
└ @ SciMLBase ~/.julia/packages/SciMLBase/VW1cI/src/integrator_interface.jl:623
┌ Warning: At t=-0.5734885784704877, dt was forced below floating point epsilon -1.109029410918337e-16, and step error estimate = 1.0943094691142252. Aborting. There is either an error in your model specification or the true solution is unstable (or the true solution can not be represented in the precision of Float64).
└ @ SciMLBase ~/.julia/packages/SciMLBase/VW1cI/src/integrator_interface.jl:623
┌ Warning: At t=-0.5480183705422766, dt was forced below floating point epsilon -3.8237164068851734e-17, and step error estimate = NaN. Aborting. There is either an error in your model specification or the true solution is unstable (or the true solution can not be represented in the precision of Float64).
└ @ SciMLBase ~/.julia/packages/SciMLBase/VW1cI/src/integrator_interface.jl:623
┌ Warning: At t=-0.6777134545343992, dt was forced below floating point epsilon -9.985786199178238e-17, and step error estimate = 1.0062469506275071. Aborting. There is either an error in your model specification or the true solution is unstable (or the true solution can not be represented in the precision of Float64).
└ @ SciMLBase ~/.julia/packages/SciMLBase/VW1cI/src/integrator_interface.jl:623
┌ Warning: At t=-0.548, dt was forced below floating point epsilon -3.2768000000000003e-17, and step error estimate = NaN. Aborting. There is either an error in your model specification or the true solution is unstable (or the true solution can not be represented in the precision of Float64).
└ @ SciMLBase ~/.julia/packages/SciMLBase/VW1cI/src/integrator_interface.jl:623
┌ Warning: At t=-0.5618457765644232, dt was forced below floating point epsilon -7.595520739119956e-17, and step error estimate = 198.9652882718683. Aborting. There is either an error in your model specification or the true solution is unstable (or the true solution can not be represented in the precision of Float64).
└ @ SciMLBase ~/.julia/packages/SciMLBase/VW1cI/src/integrator_interface.jl:623
┌ Warning: At t=-0.5782229424992371, dt was forced below floating point epsilon -8.50395776079206e-17, and step error estimate = 135.6999871062799. Aborting. There is either an error in your model specification or the true solution is unstable (or the true solution can not be represented in the precision of Float64).
└ @ SciMLBase ~/.julia/packages/SciMLBase/VW1cI/src/integrator_interface.jl:623
┌ Warning: At t=-0.5480005178154208, dt was forced below floating point epsilon -1.0573873961888252e-16, and step error estimate = 1.0611653432869352. Aborting. There is either an error in your model specification or the true solution is unstable (or the true solution can not be represented in the precision of Float64).
└ @ SciMLBase ~/.julia/packages/SciMLBase/VW1cI/src/integrator_interface.jl:623
┌ Warning: At t=-0.5480003751325822, dt was forced below floating point epsilon -2.3236638636651483e-17, and step error estimate = NaN. Aborting. There is either an error in your model specification or the true solution is unstable (or the true solution can not be represented in the precision of Float64).
└ @ SciMLBase ~/.julia/packages/SciMLBase/VW1cI/src/integrator_interface.jl:623
┌ Warning: At t=-0.5480000103555916, dt was forced below floating point epsilon -1.0569888719169522e-16, and step error estimate = 2.059948014622534. Aborting. There is either an error in your model specification or the true solution is unstable (or the true solution can not be represented in the precision of Float64).
└ @ SciMLBase ~/.julia/packages/SciMLBase/VW1cI/src/integrator_interface.jl:623
┌ Warning: At t=-0.5654068486355485, dt was forced below floating point epsilon -1.0091863474840218e-16, and step error estimate = 1.0200027399338565. Aborting. There is either an error in your model specification or the true solution is unstable (or the true solution can not be represented in the precision of Float64).
└ @ SciMLBase ~/.julia/packages/SciMLBase/VW1cI/src/integrator_interface.jl:623
┌ Warning: Interrupted. Larger maxiters is needed. If you are using an integrator for non-stiff ODEs or an automatic switching algorithm (the default), you may want to consider using a method for stiff equations. See the solver pages for more details (e.g. https://docs.sciml.ai/DiffEqDocs/stable/solvers/ode_solve/#Stiff-Problems).
└ @ SciMLBase ~/.julia/packages/SciMLBase/VW1cI/src/integrator_interface.jl:589
┌ Warning: At t=-0.5480397770221481, dt was forced below floating point epsilon -1.0967985253003896e-16, and step error estimate = NaN. Aborting. There is either an error in your model specification or the true solution is unstable (or the true solution can not be represented in the precision of Float64).
└ @ SciMLBase ~/.julia/packages/SciMLBase/VW1cI/src/integrator_interface.jl:623
┌ Warning: At t=-0.548, dt was forced below floating point epsilon -3.2768000000000003e-17, and step error estimate = NaN. Aborting. There is either an error in your model specification or the true solution is unstable (or the true solution can not be represented in the precision of Float64).
└ @ SciMLBase ~/.julia/packages/SciMLBase/VW1cI/src/integrator_interface.jl:623
┌ Warning: At t=-0.6148510883463589, dt was forced below floating point epsilon -6.472754985183063e-17, and step error estimate = NaN. Aborting. There is either an error in your model specification or the true solution is unstable (or the true solution can not be represented in the precision of Float64).
└ @ SciMLBase ~/.julia/packages/SciMLBase/VW1cI/src/integrator_interface.jl:623
┌ Warning: At t=-0.5480000004269941, dt was forced below floating point epsilon -5.103099925814142e-17, and step error estimate = NaN. Aborting. There is either an error in your model specification or the true solution is unstable (or the true solution can not be represented in the precision of Float64).
└ @ SciMLBase ~/.julia/packages/SciMLBase/VW1cI/src/integrator_interface.jl:623
┌ Warning: At t=-0.5480004984578402, dt was forced below floating point epsilon -3.2772030649544537e-17, and step error estimate = NaN. Aborting. There is either an error in your model specification or the true solution is unstable (or the true solution can not be represented in the precision of Float64).
└ @ SciMLBase ~/.julia/packages/SciMLBase/VW1cI/src/integrator_interface.jl:623
┌ Warning: At t=-0.5480000693660831, dt was forced below floating point epsilon -1.0501788259603593e-16, and step error estimate = 1.173006316419361. Aborting. There is either an error in your model specification or the true solution is unstable (or the true solution can not be represented in the precision of Float64).
└ @ SciMLBase ~/.julia/packages/SciMLBase/VW1cI/src/integrator_interface.jl:623
┌ Warning: At t=-0.5500028099276464, dt was forced below floating point epsilon -9.903190728109504e-17, and step error estimate = 1.0933971259862278. Aborting. There is either an error in your model specification or the true solution is unstable (or the true solution can not be represented in the precision of Float64).
└ @ SciMLBase ~/.julia/packages/SciMLBase/VW1cI/src/integrator_interface.jl:623
┌ Warning: At t=-0.5480001375216725, dt was forced below floating point epsilon -9.664678560445879e-17, and step error estimate = 1.395328228098385. Aborting. There is either an error in your model specification or the true solution is unstable (or the true solution can not be represented in the precision of Float64).
└ @ SciMLBase ~/.julia/packages/SciMLBase/VW1cI/src/integrator_interface.jl:623
┌ Warning: At t=-0.8463577722719657, dt was forced below floating point epsilon -9.983604844235511e-17, and step error estimate = 1.0084464144482843. Aborting. There is either an error in your model specification or the true solution is unstable (or the true solution can not be represented in the precision of Float64).
└ @ SciMLBase ~/.julia/packages/SciMLBase/VW1cI/src/integrator_interface.jl:623
┌ Warning: At t=-0.8671581478916919, dt was forced below floating point epsilon -9.912247066309118e-17, and step error estimate = 1.0834451992790874. Aborting. There is either an error in your model specification or the true solution is unstable (or the true solution can not be represented in the precision of Float64).
└ @ SciMLBase ~/.julia/packages/SciMLBase/VW1cI/src/integrator_interface.jl:623
┌ Warning: At t=-0.6716789043419891, dt was forced below floating point epsilon -9.986688040879538e-17, and step error estimate = 1.0053385789427813. Aborting. There is either an error in your model specification or the true solution is unstable (or the true solution can not be represented in the precision of Float64).
└ @ SciMLBase ~/.julia/packages/SciMLBase/VW1cI/src/integrator_interface.jl:623
┌ Warning: At t=-0.5660168182365011, dt was forced below floating point epsilon -9.866415955974356e-17, and step error estimate = 1.1348554520929324. Aborting. There is either an error in your model specification or the true solution is unstable (or the true solution can not be represented in the precision of Float64).
└ @ SciMLBase ~/.julia/packages/SciMLBase/VW1cI/src/integrator_interface.jl:623
┌ Warning: At t=-0.5881349885690653, dt was forced below floating point epsilon -1.0680329117311294e-16, and step error estimate = 1.0159695684200805. Aborting. There is either an error in your model specification or the true solution is unstable (or the true solution can not be represented in the precision of Float64).
└ @ SciMLBase ~/.julia/packages/SciMLBase/VW1cI/src/integrator_interface.jl:623
┌ Warning: At t=-0.548, dt was forced below floating point epsilon -3.2768000000000003e-17, and step error estimate = NaN. Aborting. There is either an error in your model specification or the true solution is unstable (or the true solution can not be represented in the precision of Float64).
└ @ SciMLBase ~/.julia/packages/SciMLBase/VW1cI/src/integrator_interface.jl:623
┌ Warning: At t=-0.5876159923598345, dt was forced below floating point epsilon -9.909829408201024e-17, and step error estimate = 1.086092489956105. Aborting. There is either an error in your model specification or the true solution is unstable (or the true solution can not be represented in the precision of Float64).
└ @ SciMLBase ~/.julia/packages/SciMLBase/VW1cI/src/integrator_interface.jl:623
┌ Warning: At t=-0.5480000000018622, dt was forced below floating point epsilon -4.936545090581668e-17, and step error estimate = NaN. Aborting. There is either an error in your model specification or the true solution is unstable (or the true solution can not be represented in the precision of Float64).
└ @ SciMLBase ~/.julia/packages/SciMLBase/VW1cI/src/integrator_interface.jl:623
┌ Warning: Interrupted. Larger maxiters is needed. If you are using an integrator for non-stiff ODEs or an automatic switching algorithm (the default), you may want to consider using a method for stiff equations. See the solver pages for more details (e.g. https://docs.sciml.ai/DiffEqDocs/stable/solvers/ode_solve/#Stiff-Problems).
└ @ SciMLBase ~/.julia/packages/SciMLBase/VW1cI/src/integrator_interface.jl:589
┌ Warning: At t=-0.5516310649829477, dt was forced below floating point epsilon -7.379427308321308e-17, and step error estimate = 170.0941647836807. Aborting. There is either an error in your model specification or the true solution is unstable (or the true solution can not be represented in the precision of Float64).
└ @ SciMLBase ~/.julia/packages/SciMLBase/VW1cI/src/integrator_interface.jl:623
┌ Warning: At t=-0.5874619881679448, dt was forced below floating point epsilon -1.092333838472054e-16, and step error estimate = 1.04320363175353. Aborting. There is either an error in your model specification or the true solution is unstable (or the true solution can not be represented in the precision of Float64).
└ @ SciMLBase ~/.julia/packages/SciMLBase/VW1cI/src/integrator_interface.jl:623
┌ Warning: At t=-0.6718329270043139, dt was forced below floating point epsilon -1.0173526616623042e-16, and step error estimate = 1.03783205829206. Aborting. There is either an error in your model specification or the true solution is unstable (or the true solution can not be represented in the precision of Float64).
└ @ SciMLBase ~/.julia/packages/SciMLBase/VW1cI/src/integrator_interface.jl:623
┌ Warning: At t=-0.9246546526597917, dt was forced below floating point epsilon -9.822947208302218e-17, and step error estimate = 1.186113238165887. Aborting. There is either an error in your model specification or the true solution is unstable (or the true solution can not be represented in the precision of Float64).
└ @ SciMLBase ~/.julia/packages/SciMLBase/VW1cI/src/integrator_interface.jl:623
┌ Warning: Interrupted. Larger maxiters is needed. If you are using an integrator for non-stiff ODEs or an automatic switching algorithm (the default), you may want to consider using a method for stiff equations. See the solver pages for more details (e.g. https://docs.sciml.ai/DiffEqDocs/stable/solvers/ode_solve/#Stiff-Problems).
└ @ SciMLBase ~/.julia/packages/SciMLBase/VW1cI/src/integrator_interface.jl:589
┌ Warning: At t=-0.5480000001160388, dt was forced below floating point epsilon -3.147389683798286e-17, and step error estimate = NaN. Aborting. There is either an error in your model specification or the true solution is unstable (or the true solution can not be represented in the precision of Float64).
└ @ SciMLBase ~/.julia/packages/SciMLBase/VW1cI/src/integrator_interface.jl:623
┌ Warning: At t=-0.5778288875227369, dt was forced below floating point epsilon -9.892309450804437e-17, and step error estimate = 1.1054869853584657. Aborting. There is either an error in your model specification or the true solution is unstable (or the true solution can not be represented in the precision of Float64).
└ @ SciMLBase ~/.julia/packages/SciMLBase/VW1cI/src/integrator_interface.jl:623
┌ Warning: At t=-0.5599902185168222, dt was forced below floating point epsilon -9.878502178716105e-17, and step error estimate = 1.1210420005199595. Aborting. There is either an error in your model specification or the true solution is unstable (or the true solution can not be represented in the precision of Float64).
└ @ SciMLBase ~/.julia/packages/SciMLBase/VW1cI/src/integrator_interface.jl:623
┌ Warning: At t=-0.5480000002687883, dt was forced below floating point epsilon -1.0284432985920039e-16, and step error estimate = 1.5201928302862462. Aborting. There is either an error in your model specification or the true solution is unstable (or the true solution can not be represented in the precision of Float64).
└ @ SciMLBase ~/.julia/packages/SciMLBase/VW1cI/src/integrator_interface.jl:623
┌ Warning: At t=-0.5480001425059756, dt was forced below floating point epsilon -3.5249320466258887e-17, and step error estimate = NaN. Aborting. There is either an error in your model specification or the true solution is unstable (or the true solution can not be represented in the precision of Float64).
└ @ SciMLBase ~/.julia/packages/SciMLBase/VW1cI/src/integrator_interface.jl:623
┌ Warning: At t=-0.6180870847517932, dt was forced below floating point epsilon -4.4408920985006264e-17, and step error estimate = NaN. Aborting. There is either an error in your model specification or the true solution is unstable (or the true solution can not be represented in the precision of Float64).
└ @ SciMLBase ~/.julia/packages/SciMLBase/VW1cI/src/integrator_interface.jl:623
┌ Warning: At t=-0.8671581478916919, dt was forced below floating point epsilon -9.912247066309118e-17, and step error estimate = 1.0834451992790874. Aborting. There is either an error in your model specification or the true solution is unstable (or the true solution can not be represented in the precision of Float64).
└ @ SciMLBase ~/.julia/packages/SciMLBase/VW1cI/src/integrator_interface.jl:623
┌ Warning: At t=-0.7689993015866544, dt was forced below floating point epsilon -9.871725179325229e-17, and step error estimate = 1.128765248115447. Aborting. There is either an error in your model specification or the true solution is unstable (or the true solution can not be represented in the precision of Float64).
└ @ SciMLBase ~/.julia/packages/SciMLBase/VW1cI/src/integrator_interface.jl:623
┌ Warning: At t=-0.7225948378674584, dt was forced below floating point epsilon -1.0564533044434146e-16, and step error estimate = 1.0649336327979335. Aborting. There is either an error in your model specification or the true solution is unstable (or the true solution can not be represented in the precision of Float64).
└ @ SciMLBase ~/.julia/packages/SciMLBase/VW1cI/src/integrator_interface.jl:623
┌ Warning: At t=-0.9246546526597917, dt was forced below floating point epsilon -9.822947208302218e-17, and step error estimate = 1.186113238165887. Aborting. There is either an error in your model specification or the true solution is unstable (or the true solution can not be represented in the precision of Float64).
└ @ SciMLBase ~/.julia/packages/SciMLBase/VW1cI/src/integrator_interface.jl:623
┌ Warning: At t=-0.8262083475508382, dt was forced below floating point epsilon -1.0515159580680308e-16, and step error estimate = 1.1763597872606115. Aborting. There is either an error in your model specification or the true solution is unstable (or the true solution can not be represented in the precision of Float64).
└ @ SciMLBase ~/.julia/packages/SciMLBase/VW1cI/src/integrator_interface.jl:623
┌ Warning: At t=-0.5500084490489624, dt was forced below floating point epsilon -6.612095505142439e-17, and step error estimate = NaN. Aborting. There is either an error in your model specification or the true solution is unstable (or the true solution can not be represented in the precision of Float64).
└ @ SciMLBase ~/.julia/packages/SciMLBase/VW1cI/src/integrator_interface.jl:623
┌ Warning: Interrupted. Larger maxiters is needed. If you are using an integrator for non-stiff ODEs or an automatic switching algorithm (the default), you may want to consider using a method for stiff equations. See the solver pages for more details (e.g. https://docs.sciml.ai/DiffEqDocs/stable/solvers/ode_solve/#Stiff-Problems).
└ @ SciMLBase ~/.julia/packages/SciMLBase/VW1cI/src/integrator_interface.jl:589
┌ Warning: Interrupted. Larger maxiters is needed. If you are using an integrator for non-stiff ODEs or an automatic switching algorithm (the default), you may want to consider using a method for stiff equations. See the solver pages for more details (e.g. https://docs.sciml.ai/DiffEqDocs/stable/solvers/ode_solve/#Stiff-Problems).
└ @ SciMLBase ~/.julia/packages/SciMLBase/VW1cI/src/integrator_interface.jl:589
┌ Warning: Interrupted. Larger maxiters is needed. If you are using an integrator for non-stiff ODEs or an automatic switching algorithm (the default), you may want to consider using a method for stiff equations. See the solver pages for more details (e.g. https://docs.sciml.ai/DiffEqDocs/stable/solvers/ode_solve/#Stiff-Problems).
└ @ SciMLBase ~/.julia/packages/SciMLBase/VW1cI/src/integrator_interface.jl:589
┌ Warning: At t=-0.5876159923598345, dt was forced below floating point epsilon -9.909829408201024e-17, and step error estimate = 1.086092489956105. Aborting. There is either an error in your model specification or the true solution is unstable (or the true solution can not be represented in the precision of Float64).
└ @ SciMLBase ~/.julia/packages/SciMLBase/VW1cI/src/integrator_interface.jl:623
┌ Warning: At t=-0.5706793174178146, dt was forced below floating point epsilon -8.108547694247596e-17, and step error estimate = 179.4186083231072. Aborting. There is either an error in your model specification or the true solution is unstable (or the true solution can not be represented in the precision of Float64).
└ @ SciMLBase ~/.julia/packages/SciMLBase/VW1cI/src/integrator_interface.jl:623
┌ Warning: At t=-0.5480000000114256, dt was forced below floating point epsilon -7.440408432402085e-17, and step error estimate = NaN. Aborting. There is either an error in your model specification or the true solution is unstable (or the true solution can not be represented in the precision of Float64).
└ @ SciMLBase ~/.julia/packages/SciMLBase/VW1cI/src/integrator_interface.jl:623
┌ Warning: At t=-0.5480000000145634, dt was forced below floating point epsilon -4.811051996596521e-17, and step error estimate = NaN. Aborting. There is either an error in your model specification or the true solution is unstable (or the true solution can not be represented in the precision of Float64).
└ @ SciMLBase ~/.julia/packages/SciMLBase/VW1cI/src/integrator_interface.jl:623
┌ Warning: At t=-0.5869764674593425, dt was forced below floating point epsilon -9.94237716365364e-17, and step error estimate = 1.0510513527925163. Aborting. There is either an error in your model specification or the true solution is unstable (or the true solution can not be represented in the precision of Float64).
└ @ SciMLBase ~/.julia/packages/SciMLBase/VW1cI/src/integrator_interface.jl:623
┌ Warning: At t=-0.6382572209479832, dt was forced below floating point epsilon -1.0863465147888292e-16, and step error estimate = 1.3756350613682784. Aborting. There is either an error in your model specification or the true solution is unstable (or the true solution can not be represented in the precision of Float64).
└ @ SciMLBase ~/.julia/packages/SciMLBase/VW1cI/src/integrator_interface.jl:623
┌ Warning: At t=-0.548, dt was forced below floating point epsilon -3.2768000000000003e-17, and step error estimate = NaN. Aborting. There is either an error in your model specification or the true solution is unstable (or the true solution can not be represented in the precision of Float64).
└ @ SciMLBase ~/.julia/packages/SciMLBase/VW1cI/src/integrator_interface.jl:623
┌ Warning: At t=-0.6024664038034987, dt was forced below floating point epsilon -1.0598421046158185e-16, and step error estimate = 368.1796554260129. Aborting. There is either an error in your model specification or the true solution is unstable (or the true solution can not be represented in the precision of Float64).
└ @ SciMLBase ~/.julia/packages/SciMLBase/VW1cI/src/integrator_interface.jl:623
┌ Warning: At t=-0.6876169223808954, dt was forced below floating point epsilon -9.858752127194788e-17, and step error estimate = 1.1437129199766685. Aborting. There is either an error in your model specification or the true solution is unstable (or the true solution can not be represented in the precision of Float64).
└ @ SciMLBase ~/.julia/packages/SciMLBase/VW1cI/src/integrator_interface.jl:623
┌ Warning: At t=-0.5480083404660495, dt was forced below floating point epsilon -2.4514483549865085e-17, and step error estimate = NaN. Aborting. There is either an error in your model specification or the true solution is unstable (or the true solution can not be represented in the precision of Float64).
└ @ SciMLBase ~/.julia/packages/SciMLBase/VW1cI/src/integrator_interface.jl:623
┌ Warning: At t=-0.5480054475450407, dt was forced below floating point epsilon -7.070862021199382e-17, and step error estimate = NaN. Aborting. There is either an error in your model specification or the true solution is unstable (or the true solution can not be represented in the precision of Float64).
└ @ SciMLBase ~/.julia/packages/SciMLBase/VW1cI/src/integrator_interface.jl:623
┌ Warning: At t=-0.5480000000035282, dt was forced below floating point epsilon -9.059876812046845e-17, and step error estimate = NaN. Aborting. There is either an error in your model specification or the true solution is unstable (or the true solution can not be represented in the precision of Float64).
└ @ SciMLBase ~/.julia/packages/SciMLBase/VW1cI/src/integrator_interface.jl:623
┌ Warning: At t=-0.5480000027578951, dt was forced below floating point epsilon -1.0878311185042106e-16, and step error estimate = 2.013041314044277. Aborting. There is either an error in your model specification or the true solution is unstable (or the true solution can not be represented in the precision of Float64).
└ @ SciMLBase ~/.julia/packages/SciMLBase/VW1cI/src/integrator_interface.jl:623
┌ Warning: At t=-0.5481348189222153, dt was forced below floating point epsilon -3.276028882586174e-17, and step error estimate = NaN. Aborting. There is either an error in your model specification or the true solution is unstable (or the true solution can not be represented in the precision of Float64).
└ @ SciMLBase ~/.julia/packages/SciMLBase/VW1cI/src/integrator_interface.jl:623
┌ Warning: At t=-0.5654068486355485, dt was forced below floating point epsilon -1.0091863474840218e-16, and step error estimate = 1.0200027399338565. Aborting. There is either an error in your model specification or the true solution is unstable (or the true solution can not be represented in the precision of Float64).
└ @ SciMLBase ~/.julia/packages/SciMLBase/VW1cI/src/integrator_interface.jl:623
┌ Warning: At t=-0.5483235456064625, dt was forced below floating point epsilon -1.08374790295331e-16, and step error estimate = 1.1016273625116262. Aborting. There is either an error in your model specification or the true solution is unstable (or the true solution can not be represented in the precision of Float64).
└ @ SciMLBase ~/.julia/packages/SciMLBase/VW1cI/src/integrator_interface.jl:623
┌ Warning: At t=-0.5480000000065027, dt was forced below floating point epsilon -5.0901236105086145e-17, and step error estimate = NaN. Aborting. There is either an error in your model specification or the true solution is unstable (or the true solution can not be represented in the precision of Float64).
└ @ SciMLBase ~/.julia/packages/SciMLBase/VW1cI/src/integrator_interface.jl:623
┌ Warning: At t=-0.8604231519704904, dt was forced below floating point epsilon -9.968054965906773e-17, and step error estimate = 1.0242881551272653. Aborting. There is either an error in your model specification or the true solution is unstable (or the true solution can not be represented in the precision of Float64).
└ @ SciMLBase ~/.julia/packages/SciMLBase/VW1cI/src/integrator_interface.jl:623
┌ Warning: At t=-0.5480000000222194, dt was forced below floating point epsilon -9.837282948546973e-17, and step error estimate = 1.1689327902100386. Aborting. There is either an error in your model specification or the true solution is unstable (or the true solution can not be represented in the precision of Float64).
└ @ SciMLBase ~/.julia/packages/SciMLBase/VW1cI/src/integrator_interface.jl:623
┌ Warning: At t=-0.5480000001741264, dt was forced below floating point epsilon -9.808282455983106e-17, and step error estimate = 1.2039767397561327. Aborting. There is either an error in your model specification or the true solution is unstable (or the true solution can not be represented in the precision of Float64).
└ @ SciMLBase ~/.julia/packages/SciMLBase/VW1cI/src/integrator_interface.jl:623
┌ Warning: At t=-0.5507136388380276, dt was forced below floating point epsilon -1.1063317045774446e-16, and step error estimate = 1.020700424614068. Aborting. There is either an error in your model specification or the true solution is unstable (or the true solution can not be represented in the precision of Float64).
└ @ SciMLBase ~/.julia/packages/SciMLBase/VW1cI/src/integrator_interface.jl:623
┌ Warning: At t=-0.6382572209479832, dt was forced below floating point epsilon -1.0863465147888292e-16, and step error estimate = 1.3756350613682784. Aborting. There is either an error in your model specification or the true solution is unstable (or the true solution can not be represented in the precision of Float64).
└ @ SciMLBase ~/.julia/packages/SciMLBase/VW1cI/src/integrator_interface.jl:623
┌ Warning: At t=-0.5533526376477826, dt was forced below floating point epsilon -9.82883784263465e-17, and step error estimate = 1.1790203699243011. Aborting. There is either an error in your model specification or the true solution is unstable (or the true solution can not be represented in the precision of Float64).
└ @ SciMLBase ~/.julia/packages/SciMLBase/VW1cI/src/integrator_interface.jl:623
┌ Warning: At t=-0.5480087435420122, dt was forced below floating point epsilon -7.825621095633778e-17, and step error estimate = NaN. Aborting. There is either an error in your model specification or the true solution is unstable (or the true solution can not be represented in the precision of Float64).
└ @ SciMLBase ~/.julia/packages/SciMLBase/VW1cI/src/integrator_interface.jl:623
┌ Warning: At t=-0.5480000014419688, dt was forced below floating point epsilon -1.0963152036073171e-16, and step error estimate = 1.999683610601897. Aborting. There is either an error in your model specification or the true solution is unstable (or the true solution can not be represented in the precision of Float64).
└ @ SciMLBase ~/.julia/packages/SciMLBase/VW1cI/src/integrator_interface.jl:623
┌ Warning: At t=-0.5584229423334502, dt was forced below floating point epsilon -1.0963460112023063e-16, and step error estimate = 1.0287326450610024. Aborting. There is either an error in your model specification or the true solution is unstable (or the true solution can not be represented in the precision of Float64).
└ @ SciMLBase ~/.julia/packages/SciMLBase/VW1cI/src/integrator_interface.jl:623
┌ Warning: At t=-0.6314374051275279, dt was forced below floating point epsilon -9.93097780686277e-17, and step error estimate = 1.063179699689268. Aborting. There is either an error in your model specification or the true solution is unstable (or the true solution can not be represented in the precision of Float64).
└ @ SciMLBase ~/.julia/packages/SciMLBase/VW1cI/src/integrator_interface.jl:623
┌ Warning: At t=-0.6690592030162714, dt was forced below floating point epsilon -9.889088230798209e-17, and step error estimate = 1.1090941346909322. Aborting. There is either an error in your model specification or the true solution is unstable (or the true solution can not be represented in the precision of Float64).
└ @ SciMLBase ~/.julia/packages/SciMLBase/VW1cI/src/integrator_interface.jl:623
┌ Warning: At t=-0.6165250724516618, dt was forced below floating point epsilon -1.0858293876023321e-16, and step error estimate = 1.0379688798423476. Aborting. There is either an error in your model specification or the true solution is unstable (or the true solution can not be represented in the precision of Float64).
└ @ SciMLBase ~/.julia/packages/SciMLBase/VW1cI/src/integrator_interface.jl:623
┌ Warning: At t=-0.6690592030162714, dt was forced below floating point epsilon -9.889088230798209e-17, and step error estimate = 1.1090941346909322. Aborting. There is either an error in your model specification or the true solution is unstable (or the true solution can not be represented in the precision of Float64).
└ @ SciMLBase ~/.julia/packages/SciMLBase/VW1cI/src/integrator_interface.jl:623
┌ Warning: At t=-0.5480000090840353, dt was forced below floating point epsilon -6.000793549859153e-17, and step error estimate = NaN. Aborting. There is either an error in your model specification or the true solution is unstable (or the true solution can not be represented in the precision of Float64).
└ @ SciMLBase ~/.julia/packages/SciMLBase/VW1cI/src/integrator_interface.jl:623
┌ Warning: At t=-0.6484934956814268, dt was forced below floating point epsilon -9.991100846248756e-17, and step error estimate = 1.000907668367671. Aborting. There is either an error in your model specification or the true solution is unstable (or the true solution can not be represented in the precision of Float64).
└ @ SciMLBase ~/.julia/packages/SciMLBase/VW1cI/src/integrator_interface.jl:623
┌ Warning: At t=-0.5480000517160701, dt was forced below floating point epsilon -9.841287356158809e-17, and step error estimate = 1.1641822202265966. Aborting. There is either an error in your model specification or the true solution is unstable (or the true solution can not be represented in the precision of Float64).
└ @ SciMLBase ~/.julia/packages/SciMLBase/VW1cI/src/integrator_interface.jl:623
┌ Warning: At t=-0.8813129809398752, dt was forced below floating point epsilon -6.500452189899118e-17, and step error estimate = 364.4471379887274. Aborting. There is either an error in your model specification or the true solution is unstable (or the true solution can not be represented in the precision of Float64).
└ @ SciMLBase ~/.julia/packages/SciMLBase/VW1cI/src/integrator_interface.jl:623
┌ Warning: At t=-0.548000000002047, dt was forced below floating point epsilon -7.644118893938334e-17, and step error estimate = NaN. Aborting. There is either an error in your model specification or the true solution is unstable (or the true solution can not be represented in the precision of Float64).
└ @ SciMLBase ~/.julia/packages/SciMLBase/VW1cI/src/integrator_interface.jl:623
┌ Warning: At t=-0.7795293061576839, dt was forced below floating point epsilon -9.94901772379383e-17, and step error estimate = 1.044056139616352. Aborting. There is either an error in your model specification or the true solution is unstable (or the true solution can not be represented in the precision of Float64).
└ @ SciMLBase ~/.julia/packages/SciMLBase/VW1cI/src/integrator_interface.jl:623
┌ Warning: At t=-0.5480050812019615, dt was forced below floating point epsilon -1.0614860682843644e-16, and step error estimate = 1.2473215933471526. Aborting. There is either an error in your model specification or the true solution is unstable (or the true solution can not be represented in the precision of Float64).
└ @ SciMLBase ~/.julia/packages/SciMLBase/VW1cI/src/integrator_interface.jl:623
┌ Warning: At t=-0.5410802425438844, dt was forced below floating point epsilon 1.1102230246251565e-16, and step error estimate = 1.3817596393166702. Aborting. There is either an error in your model specification or the true solution is unstable (or the true solution can not be represented in the precision of Float64).
└ @ SciMLBase ~/.julia/packages/SciMLBase/VW1cI/src/integrator_interface.jl:623
┌ Warning: At t=-1.0, dt was forced below floating point epsilon 2.220446049250313e-16, and step error estimate = 7.365520652870173. Aborting. There is either an error in your model specification or the true solution is unstable (or the true solution can not be represented in the precision of Float64).
└ @ SciMLBase ~/.julia/packages/SciMLBase/VW1cI/src/integrator_interface.jl:623
┌ Warning: At t=-1.0, dt was forced below floating point epsilon 2.220446049250313e-16, and step error estimate = 7.3008223068680955. Aborting. There is either an error in your model specification or the true solution is unstable (or the true solution can not be represented in the precision of Float64).
└ @ SciMLBase ~/.julia/packages/SciMLBase/VW1cI/src/integrator_interface.jl:623
┌ Warning: At t=-1.0, dt was forced below floating point epsilon 2.220446049250313e-16, and step error estimate = 7.2002413438708786. Aborting. There is either an error in your model specification or the true solution is unstable (or the true solution can not be represented in the precision of Float64).
└ @ SciMLBase ~/.julia/packages/SciMLBase/VW1cI/src/integrator_interface.jl:623
┌ Warning: At t=-1.0, dt was forced below floating point epsilon 2.220446049250313e-16, and step error estimate = 7.128841492087899. Aborting. There is either an error in your model specification or the true solution is unstable (or the true solution can not be represented in the precision of Float64).
└ @ SciMLBase ~/.julia/packages/SciMLBase/VW1cI/src/integrator_interface.jl:623
┌ Warning: At t=-0.9606065391220274, dt was forced below floating point epsilon 1.1102230246251565e-16, and step error estimate = 1.1014425210886913. Aborting. There is either an error in your model specification or the true solution is unstable (or the true solution can not be represented in the precision of Float64).
└ @ SciMLBase ~/.julia/packages/SciMLBase/VW1cI/src/integrator_interface.jl:623
┌ Warning: At t=-0.9270621249097795, dt was forced below floating point epsilon 1.1102230246251565e-16, and step error estimate = 1.3263314806328237. Aborting. There is either an error in your model specification or the true solution is unstable (or the true solution can not be represented in the precision of Float64).
└ @ SciMLBase ~/.julia/packages/SciMLBase/VW1cI/src/integrator_interface.jl:623
┌ Warning: At t=-0.9963040838028974, dt was forced below floating point epsilon 1.1102230246251565e-16, and step error estimate = 1.280331671097902. Aborting. There is either an error in your model specification or the true solution is unstable (or the true solution can not be represented in the precision of Float64).
└ @ SciMLBase ~/.julia/packages/SciMLBase/VW1cI/src/integrator_interface.jl:623
┌ Warning: At t=-0.9989293750899667, dt was forced below floating point epsilon 1.1102230246251565e-16, and step error estimate = 1.1688401131059543. Aborting. There is either an error in your model specification or the true solution is unstable (or the true solution can not be represented in the precision of Float64).
└ @ SciMLBase ~/.julia/packages/SciMLBase/VW1cI/src/integrator_interface.jl:623
┌ Warning: At t=-0.19061362562184733, dt was forced below floating point epsilon 2.7755575615628914e-17, and step error estimate = 1.0383963014893076. Aborting. There is either an error in your model specification or the true solution is unstable (or the true solution can not be represented in the precision of Float64).
└ @ SciMLBase ~/.julia/packages/SciMLBase/VW1cI/src/integrator_interface.jl:623
┌ Warning: At t=-0.7018700605184979, dt was forced below floating point epsilon 1.1102230246251565e-16, and step error estimate = 1.0805421208464792. Aborting. There is either an error in your model specification or the true solution is unstable (or the true solution can not be represented in the precision of Float64).
└ @ SciMLBase ~/.julia/packages/SciMLBase/VW1cI/src/integrator_interface.jl:623
┌ Warning: At t=-0.305482336748787, dt was forced below floating point epsilon 5.551115123125783e-17, and step error estimate = 1.1084120178696935. Aborting. There is either an error in your model specification or the true solution is unstable (or the true solution can not be represented in the precision of Float64).
└ @ SciMLBase ~/.julia/packages/SciMLBase/VW1cI/src/integrator_interface.jl:623
┌ Warning: At t=-0.5410802425438844, dt was forced below floating point epsilon 1.1102230246251565e-16, and step error estimate = 1.3817596393166702. Aborting. There is either an error in your model specification or the true solution is unstable (or the true solution can not be represented in the precision of Float64).
└ @ SciMLBase ~/.julia/packages/SciMLBase/VW1cI/src/integrator_interface.jl:623
┌ Warning: At t=-0.8700129335004975, dt was forced below floating point epsilon 1.1102230246251565e-16, and step error estimate = 1.3036015788030146. Aborting. There is either an error in your model specification or the true solution is unstable (or the true solution can not be represented in the precision of Float64).
└ @ SciMLBase ~/.julia/packages/SciMLBase/VW1cI/src/integrator_interface.jl:623
┌ Warning: At t=-0.5444907103305257, dt was forced below floating point epsilon 1.1102230246251565e-16, and step error estimate = 1.0564044989541774. Aborting. There is either an error in your model specification or the true solution is unstable (or the true solution can not be represented in the precision of Float64).
└ @ SciMLBase ~/.julia/packages/SciMLBase/VW1cI/src/integrator_interface.jl:623
┌ Warning: At t=-0.500640470455761, dt was forced below floating point epsilon 1.1102230246251565e-16, and step error estimate = 1.0488801810035397. Aborting. There is either an error in your model specification or the true solution is unstable (or the true solution can not be represented in the precision of Float64).
└ @ SciMLBase ~/.julia/packages/SciMLBase/VW1cI/src/integrator_interface.jl:623
┌ Warning: At t=-0.8700129335004975, dt was forced below floating point epsilon 1.1102230246251565e-16, and step error estimate = 1.3036015788030146. Aborting. There is either an error in your model specification or the true solution is unstable (or the true solution can not be represented in the precision of Float64).
└ @ SciMLBase ~/.julia/packages/SciMLBase/VW1cI/src/integrator_interface.jl:623
┌ Warning: At t=-0.5432135626178684, dt was forced below floating point epsilon 1.1102230246251565e-16, and step error estimate = 1.30393210841441. Aborting. There is either an error in your model specification or the true solution is unstable (or the true solution can not be represented in the precision of Float64).
└ @ SciMLBase ~/.julia/packages/SciMLBase/VW1cI/src/integrator_interface.jl:623
┌ Warning: At t=-0.47738534775426356, dt was forced below floating point epsilon 5.551115123125783e-17, and step error estimate = 1.2002346643417816. Aborting. There is either an error in your model specification or the true solution is unstable (or the true solution can not be represented in the precision of Float64).
└ @ SciMLBase ~/.julia/packages/SciMLBase/VW1cI/src/integrator_interface.jl:623
┌ Warning: At t=-0.22857880988485693, dt was forced below floating point epsilon 2.7755575615628914e-17, and step error estimate = 1.1691572029340096. Aborting. There is either an error in your model specification or the true solution is unstable (or the true solution can not be represented in the precision of Float64).
└ @ SciMLBase ~/.julia/packages/SciMLBase/VW1cI/src/integrator_interface.jl:623
┌ Warning: At t=-1.0, dt was forced below floating point epsilon 2.220446049250313e-16, and step error estimate = 7.117117949896506. Aborting. There is either an error in your model specification or the true solution is unstable (or the true solution can not be represented in the precision of Float64).
└ @ SciMLBase ~/.julia/packages/SciMLBase/VW1cI/src/integrator_interface.jl:623
┌ Warning: At t=-1.0, dt was forced below floating point epsilon 2.220446049250313e-16, and step error estimate = 7.121129825316783. Aborting. There is either an error in your model specification or the true solution is unstable (or the true solution can not be represented in the precision of Float64).
└ @ SciMLBase ~/.julia/packages/SciMLBase/VW1cI/src/integrator_interface.jl:623
┌ Warning: At t=-0.8284231925325944, dt was forced below floating point epsilon 1.1102230246251565e-16, and step error estimate = 564.3113730629125. Aborting. There is either an error in your model specification or the true solution is unstable (or the true solution can not be represented in the precision of Float64).
└ @ SciMLBase ~/.julia/packages/SciMLBase/VW1cI/src/integrator_interface.jl:623
┌ Warning: At t=-0.4876960373063673, dt was forced below floating point epsilon 5.551115123125783e-17, and step error estimate = 1.234068213582582. Aborting. There is either an error in your model specification or the true solution is unstable (or the true solution can not be represented in the precision of Float64).
└ @ SciMLBase ~/.julia/packages/SciMLBase/VW1cI/src/integrator_interface.jl:623
┌ Warning: At t=-0.5479884838304674, dt was forced below floating point epsilon 1.1102230246251565e-16, and step error estimate = 1.097431875431613. Aborting. There is either an error in your model specification or the true solution is unstable (or the true solution can not be represented in the precision of Float64).
└ @ SciMLBase ~/.julia/packages/SciMLBase/VW1cI/src/integrator_interface.jl:623
┌ Warning: At t=-0.8071812585672815, dt was forced below floating point epsilon 1.1102230246251565e-16, and step error estimate = 1.2964589068757704. Aborting. There is either an error in your model specification or the true solution is unstable (or the true solution can not be represented in the precision of Float64).
└ @ SciMLBase ~/.julia/packages/SciMLBase/VW1cI/src/integrator_interface.jl:623
┌ Warning: At t=-0.8691464746424754, dt was forced below floating point epsilon 1.1102230246251565e-16, and step error estimate = 1.2499314896898244. Aborting. There is either an error in your model specification or the true solution is unstable (or the true solution can not be represented in the precision of Float64).
└ @ SciMLBase ~/.julia/packages/SciMLBase/VW1cI/src/integrator_interface.jl:623
┌ Warning: At t=-1.0, dt was forced below floating point epsilon 2.220446049250313e-16, and step error estimate = 7.180542731921751. Aborting. There is either an error in your model specification or the true solution is unstable (or the true solution can not be represented in the precision of Float64).
└ @ SciMLBase ~/.julia/packages/SciMLBase/VW1cI/src/integrator_interface.jl:623
┌ Warning: At t=-0.538717480274684, dt was forced below floating point epsilon 1.1102230246251565e-16, and step error estimate = 1.1864578394037166. Aborting. There is either an error in your model specification or the true solution is unstable (or the true solution can not be represented in the precision of Float64).
└ @ SciMLBase ~/.julia/packages/SciMLBase/VW1cI/src/integrator_interface.jl:623
┌ Warning: Interrupted. Larger maxiters is needed. If you are using an integrator for non-stiff ODEs or an automatic switching algorithm (the default), you may want to consider using a method for stiff equations. See the solver pages for more details (e.g. https://docs.sciml.ai/DiffEqDocs/stable/solvers/ode_solve/#Stiff-Problems).
└ @ SciMLBase ~/.julia/packages/SciMLBase/VW1cI/src/integrator_interface.jl:589
┌ Warning: At t=-0.9958725502216765, dt was forced below floating point epsilon 1.1102230246251565e-16, and step error estimate = NaN. Aborting. There is either an error in your model specification or the true solution is unstable (or the true solution can not be represented in the precision of Float64).
└ @ SciMLBase ~/.julia/packages/SciMLBase/VW1cI/src/integrator_interface.jl:623
┌ Warning: At t=-0.3278112185042156, dt was forced below floating point epsilon 5.551115123125783e-17, and step error estimate = NaN. Aborting. There is either an error in your model specification or the true solution is unstable (or the true solution can not be represented in the precision of Float64).
└ @ SciMLBase ~/.julia/packages/SciMLBase/VW1cI/src/integrator_interface.jl:623
┌ Warning: At t=-0.9800375160529726, dt was forced below floating point epsilon 1.1102230246251565e-16, and step error estimate = 1.0032738276153945. Aborting. There is either an error in your model specification or the true solution is unstable (or the true solution can not be represented in the precision of Float64).
└ @ SciMLBase ~/.julia/packages/SciMLBase/VW1cI/src/integrator_interface.jl:623
┌ Warning: At t=-0.9783082487191133, dt was forced below floating point epsilon 1.1102230246251565e-16, and step error estimate = 1.2365705850206181. Aborting. There is either an error in your model specification or the true solution is unstable (or the true solution can not be represented in the precision of Float64).
└ @ SciMLBase ~/.julia/packages/SciMLBase/VW1cI/src/integrator_interface.jl:623
┌ Warning: At t=-0.9767994974842565, dt was forced below floating point epsilon 1.1102230246251565e-16, and step error estimate = 1.021104404891655. Aborting. There is either an error in your model specification or the true solution is unstable (or the true solution can not be represented in the precision of Float64).
└ @ SciMLBase ~/.julia/packages/SciMLBase/VW1cI/src/integrator_interface.jl:623
┌ Warning: At t=-1.0, dt was forced below floating point epsilon 2.220446049250313e-16, and step error estimate = 7.3241893520701105. Aborting. There is either an error in your model specification or the true solution is unstable (or the true solution can not be represented in the precision of Float64).
└ @ SciMLBase ~/.julia/packages/SciMLBase/VW1cI/src/integrator_interface.jl:623
┌ Warning: At t=-0.13423897997026626, dt was forced below floating point epsilon 2.7755575615628914e-17, and step error estimate = 1.0957434844393672. Aborting. There is either an error in your model specification or the true solution is unstable (or the true solution can not be represented in the precision of Float64).
└ @ SciMLBase ~/.julia/packages/SciMLBase/VW1cI/src/integrator_interface.jl:623
┌ Warning: At t=-0.9308196171265861, dt was forced below floating point epsilon 1.1102230246251565e-16, and step error estimate = NaN. Aborting. There is either an error in your model specification or the true solution is unstable (or the true solution can not be represented in the precision of Float64).
└ @ SciMLBase ~/.julia/packages/SciMLBase/VW1cI/src/integrator_interface.jl:623
┌ Warning: At t=-0.27587021866724715, dt was forced below floating point epsilon 5.551115123125783e-17, and step error estimate = 1.0644564007288277. Aborting. There is either an error in your model specification or the true solution is unstable (or the true solution can not be represented in the precision of Float64).
└ @ SciMLBase ~/.julia/packages/SciMLBase/VW1cI/src/integrator_interface.jl:623
┌ Warning: At t=-1.0, dt was forced below floating point epsilon 2.220446049250313e-16, and step error estimate = 7.335725425294126. Aborting. There is either an error in your model specification or the true solution is unstable (or the true solution can not be represented in the precision of Float64).
└ @ SciMLBase ~/.julia/packages/SciMLBase/VW1cI/src/integrator_interface.jl:623
┌ Warning: At t=-0.1283095016078249, dt was forced below floating point epsilon 2.7755575615628914e-17, and step error estimate = 1.086811631345971. Aborting. There is either an error in your model specification or the true solution is unstable (or the true solution can not be represented in the precision of Float64).
└ @ SciMLBase ~/.julia/packages/SciMLBase/VW1cI/src/integrator_interface.jl:623
┌ Warning: At t=-0.5475899862940107, dt was forced below floating point epsilon 1.1102230246251565e-16, and step error estimate = 1.5047133132441015. Aborting. There is either an error in your model specification or the true solution is unstable (or the true solution can not be represented in the precision of Float64).
└ @ SciMLBase ~/.julia/packages/SciMLBase/VW1cI/src/integrator_interface.jl:623
┌ Warning: At t=-1.0, dt was forced below floating point epsilon 2.220446049250313e-16, and step error estimate = NaN. Aborting. There is either an error in your model specification or the true solution is unstable (or the true solution can not be represented in the precision of Float64).
└ @ SciMLBase ~/.julia/packages/SciMLBase/VW1cI/src/integrator_interface.jl:623
┌ Warning: At t=-0.3582885318086273, dt was forced below floating point epsilon 5.551115123125783e-17, and step error estimate = 70.49939633998439. Aborting. There is either an error in your model specification or the true solution is unstable (or the true solution can not be represented in the precision of Float64).
└ @ SciMLBase ~/.julia/packages/SciMLBase/VW1cI/src/integrator_interface.jl:623
┌ Warning: At t=-0.2870741914416686, dt was forced below floating point epsilon 5.551115123125783e-17, and step error estimate = 91.21952148400808. Aborting. There is either an error in your model specification or the true solution is unstable (or the true solution can not be represented in the precision of Float64).
└ @ SciMLBase ~/.julia/packages/SciMLBase/VW1cI/src/integrator_interface.jl:623
┌ Warning: At t=-0.7881925045432003, dt was forced below floating point epsilon 1.1102230246251565e-16, and step error estimate = 2367.852223283763. Aborting. There is either an error in your model specification or the true solution is unstable (or the true solution can not be represented in the precision of Float64).
└ @ SciMLBase ~/.julia/packages/SciMLBase/VW1cI/src/integrator_interface.jl:623
┌ Warning: At t=-1.0, dt was forced below floating point epsilon 2.220446049250313e-16, and step error estimate = NaN. Aborting. There is either an error in your model specification or the true solution is unstable (or the true solution can not be represented in the precision of Float64).
└ @ SciMLBase ~/.julia/packages/SciMLBase/VW1cI/src/integrator_interface.jl:623
┌ Warning: At t=-0.534929403834344, dt was forced below floating point epsilon 1.1102230246251565e-16, and step error estimate = 1.1192876433638466. Aborting. There is either an error in your model specification or the true solution is unstable (or the true solution can not be represented in the precision of Float64).
└ @ SciMLBase ~/.julia/packages/SciMLBase/VW1cI/src/integrator_interface.jl:623
┌ Warning: At t=-1.0, dt was forced below floating point epsilon 2.220446049250313e-16, and step error estimate = NaN. Aborting. There is either an error in your model specification or the true solution is unstable (or the true solution can not be represented in the precision of Float64).
└ @ SciMLBase ~/.julia/packages/SciMLBase/VW1cI/src/integrator_interface.jl:623
┌ Warning: At t=-0.5479999995621097, dt was forced below floating point epsilon 1.1102230246251565e-16, and step error estimate = NaN. Aborting. There is either an error in your model specification or the true solution is unstable (or the true solution can not be represented in the precision of Float64).
└ @ SciMLBase ~/.julia/packages/SciMLBase/VW1cI/src/integrator_interface.jl:623
┌ Warning: At t=-1.0, dt was forced below floating point epsilon 2.220446049250313e-16, and step error estimate = NaN. Aborting. There is either an error in your model specification or the true solution is unstable (or the true solution can not be represented in the precision of Float64).
└ @ SciMLBase ~/.julia/packages/SciMLBase/VW1cI/src/integrator_interface.jl:623
┌ Warning: At t=-0.29397857596573834, dt was forced below floating point epsilon 5.551115123125783e-17, and step error estimate = 293.97094994879006. Aborting. There is either an error in your model specification or the true solution is unstable (or the true solution can not be represented in the precision of Float64).
└ @ SciMLBase ~/.julia/packages/SciMLBase/VW1cI/src/integrator_interface.jl:623
┌ Warning: At t=-0.9799990941192743, dt was forced below floating point epsilon 1.1102230246251565e-16, and step error estimate = 1.1983572197489423. Aborting. There is either an error in your model specification or the true solution is unstable (or the true solution can not be represented in the precision of Float64).
└ @ SciMLBase ~/.julia/packages/SciMLBase/VW1cI/src/integrator_interface.jl:623
┌ Warning: At t=-0.2214083381473114, dt was forced below floating point epsilon 2.7755575615628914e-17, and step error estimate = 1.239019118645811. Aborting. There is either an error in your model specification or the true solution is unstable (or the true solution can not be represented in the precision of Float64).
└ @ SciMLBase ~/.julia/packages/SciMLBase/VW1cI/src/integrator_interface.jl:623
┌ Warning: At t=-1.0, dt was forced below floating point epsilon 2.220446049250313e-16, and step error estimate = 7.3486858474053145. Aborting. There is either an error in your model specification or the true solution is unstable (or the true solution can not be represented in the precision of Float64).
└ @ SciMLBase ~/.julia/packages/SciMLBase/VW1cI/src/integrator_interface.jl:623
┌ Warning: At t=-0.9535822777085171, dt was forced below floating point epsilon 1.1102230246251565e-16, and step error estimate = 1.0611882938831412. Aborting. There is either an error in your model specification or the true solution is unstable (or the true solution can not be represented in the precision of Float64).
└ @ SciMLBase ~/.julia/packages/SciMLBase/VW1cI/src/integrator_interface.jl:623
┌ Warning: At t=-1.0, dt was forced below floating point epsilon 2.220446049250313e-16, and step error estimate = NaN. Aborting. There is either an error in your model specification or the true solution is unstable (or the true solution can not be represented in the precision of Float64).
└ @ SciMLBase ~/.julia/packages/SciMLBase/VW1cI/src/integrator_interface.jl:623
┌ Warning: At t=-1.0, dt was forced below floating point epsilon 2.220446049250313e-16, and step error estimate = 7.338776452740769. Aborting. There is either an error in your model specification or the true solution is unstable (or the true solution can not be represented in the precision of Float64).
└ @ SciMLBase ~/.julia/packages/SciMLBase/VW1cI/src/integrator_interface.jl:623
┌ Warning: At t=-0.985769148416694, dt was forced below floating point epsilon 1.1102230246251565e-16, and step error estimate = 1.944114950728566. Aborting. There is either an error in your model specification or the true solution is unstable (or the true solution can not be represented in the precision of Float64).
└ @ SciMLBase ~/.julia/packages/SciMLBase/VW1cI/src/integrator_interface.jl:623
┌ Warning: At t=-1.0, dt was forced below floating point epsilon 2.220446049250313e-16, and step error estimate = 7.211736509109115. Aborting. There is either an error in your model specification or the true solution is unstable (or the true solution can not be represented in the precision of Float64).
└ @ SciMLBase ~/.julia/packages/SciMLBase/VW1cI/src/integrator_interface.jl:623
┌ Warning: At t=-0.9671088333224956, dt was forced below floating point epsilon 1.1102230246251565e-16, and step error estimate = 1.6243126446269562. Aborting. There is either an error in your model specification or the true solution is unstable (or the true solution can not be represented in the precision of Float64).
└ @ SciMLBase ~/.julia/packages/SciMLBase/VW1cI/src/integrator_interface.jl:623
┌ Warning: At t=-1.0, dt was forced below floating point epsilon 2.220446049250313e-16, and step error estimate = 7.233760993827069. Aborting. There is either an error in your model specification or the true solution is unstable (or the true solution can not be represented in the precision of Float64).
└ @ SciMLBase ~/.julia/packages/SciMLBase/VW1cI/src/integrator_interface.jl:623
┌ Warning: At t=-0.9118691537677055, dt was forced below floating point epsilon 1.1102230246251565e-16, and step error estimate = NaN. Aborting. There is either an error in your model specification or the true solution is unstable (or the true solution can not be represented in the precision of Float64).
└ @ SciMLBase ~/.julia/packages/SciMLBase/VW1cI/src/integrator_interface.jl:623
┌ Warning: At t=-1.0, dt was forced below floating point epsilon 2.220446049250313e-16, and step error estimate = 7.26942868735444. Aborting. There is either an error in your model specification or the true solution is unstable (or the true solution can not be represented in the precision of Float64).
└ @ SciMLBase ~/.julia/packages/SciMLBase/VW1cI/src/integrator_interface.jl:623
┌ Warning: At t=-0.42794314954449914, dt was forced below floating point epsilon 5.551115123125783e-17, and step error estimate = 1.0198942843303973. Aborting. There is either an error in your model specification or the true solution is unstable (or the true solution can not be represented in the precision of Float64).
└ @ SciMLBase ~/.julia/packages/SciMLBase/VW1cI/src/integrator_interface.jl:623
┌ Warning: Interrupted. Larger maxiters is needed. If you are using an integrator for non-stiff ODEs or an automatic switching algorithm (the default), you may want to consider using a method for stiff equations. See the solver pages for more details (e.g. https://docs.sciml.ai/DiffEqDocs/stable/solvers/ode_solve/#Stiff-Problems).
└ @ SciMLBase ~/.julia/packages/SciMLBase/VW1cI/src/integrator_interface.jl:589
┌ Warning: At t=-1.0, dt was forced below floating point epsilon 2.220446049250313e-16, and step error estimate = NaN. Aborting. There is either an error in your model specification or the true solution is unstable (or the true solution can not be represented in the precision of Float64).
└ @ SciMLBase ~/.julia/packages/SciMLBase/VW1cI/src/integrator_interface.jl:623
┌ Warning: At t=-1.0, dt was forced below floating point epsilon 2.220446049250313e-16, and step error estimate = NaN. Aborting. There is either an error in your model specification or the true solution is unstable (or the true solution can not be represented in the precision of Float64).
└ @ SciMLBase ~/.julia/packages/SciMLBase/VW1cI/src/integrator_interface.jl:623
┌ Warning: At t=-0.5432230167720339, dt was forced below floating point epsilon 1.1102230246251565e-16, and step error estimate = 1.0405850357150601. Aborting. There is either an error in your model specification or the true solution is unstable (or the true solution can not be represented in the precision of Float64).
└ @ SciMLBase ~/.julia/packages/SciMLBase/VW1cI/src/integrator_interface.jl:623
┌ Warning: At t=-1.0, dt was forced below floating point epsilon 2.220446049250313e-16, and step error estimate = 7.357510196867184. Aborting. There is either an error in your model specification or the true solution is unstable (or the true solution can not be represented in the precision of Float64).
└ @ SciMLBase ~/.julia/packages/SciMLBase/VW1cI/src/integrator_interface.jl:623
┌ Warning: At t=-0.4381156950983897, dt was forced below floating point epsilon 5.551115123125783e-17, and step error estimate = 1.0152903697105478. Aborting. There is either an error in your model specification or the true solution is unstable (or the true solution can not be represented in the precision of Float64).
└ @ SciMLBase ~/.julia/packages/SciMLBase/VW1cI/src/integrator_interface.jl:623
┌ Warning: At t=-0.3836579072856248, dt was forced below floating point epsilon 5.551115123125783e-17, and step error estimate = 1.2093684123719457. Aborting. There is either an error in your model specification or the true solution is unstable (or the true solution can not be represented in the precision of Float64).
└ @ SciMLBase ~/.julia/packages/SciMLBase/VW1cI/src/integrator_interface.jl:623
┌ Warning: At t=-1.0, dt was forced below floating point epsilon 2.220446049250313e-16, and step error estimate = NaN. Aborting. There is either an error in your model specification or the true solution is unstable (or the true solution can not be represented in the precision of Float64).
└ @ SciMLBase ~/.julia/packages/SciMLBase/VW1cI/src/integrator_interface.jl:623
┌ Warning: At t=-1.0, dt was forced below floating point epsilon 2.220446049250313e-16, and step error estimate = 7.154275092138379. Aborting. There is either an error in your model specification or the true solution is unstable (or the true solution can not be represented in the precision of Float64).
└ @ SciMLBase ~/.julia/packages/SciMLBase/VW1cI/src/integrator_interface.jl:623
┌ Warning: At t=-1.0, dt was forced below floating point epsilon 2.220446049250313e-16, and step error estimate = 7.154435894855623. Aborting. There is either an error in your model specification or the true solution is unstable (or the true solution can not be represented in the precision of Float64).
└ @ SciMLBase ~/.julia/packages/SciMLBase/VW1cI/src/integrator_interface.jl:623
┌ Warning: At t=-1.0, dt was forced below floating point epsilon 2.220446049250313e-16, and step error estimate = 7.3425456442911745. Aborting. There is either an error in your model specification or the true solution is unstable (or the true solution can not be represented in the precision of Float64).
└ @ SciMLBase ~/.julia/packages/SciMLBase/VW1cI/src/integrator_interface.jl:623
┌ Warning: At t=-1.0, dt was forced below floating point epsilon 2.220446049250313e-16, and step error estimate = 7.30269210528978. Aborting. There is either an error in your model specification or the true solution is unstable (or the true solution can not be represented in the precision of Float64).
└ @ SciMLBase ~/.julia/packages/SciMLBase/VW1cI/src/integrator_interface.jl:623
┌ Warning: At t=-0.5432135626178684, dt was forced below floating point epsilon 1.1102230246251565e-16, and step error estimate = 1.30393210841441. Aborting. There is either an error in your model specification or the true solution is unstable (or the true solution can not be represented in the precision of Float64).
└ @ SciMLBase ~/.julia/packages/SciMLBase/VW1cI/src/integrator_interface.jl:623
┌ Warning: At t=-1.0, dt was forced below floating point epsilon 2.220446049250313e-16, and step error estimate = NaN. Aborting. There is either an error in your model specification or the true solution is unstable (or the true solution can not be represented in the precision of Float64).
└ @ SciMLBase ~/.julia/packages/SciMLBase/VW1cI/src/integrator_interface.jl:623
┌ Warning: At t=-1.0, dt was forced below floating point epsilon 2.220446049250313e-16, and step error estimate = NaN. Aborting. There is either an error in your model specification or the true solution is unstable (or the true solution can not be represented in the precision of Float64).
└ @ SciMLBase ~/.julia/packages/SciMLBase/VW1cI/src/integrator_interface.jl:623
┌ Warning: At t=-0.5479999599981767, dt was forced below floating point epsilon 1.1102230246251565e-16, and step error estimate = 2.777897263115413. Aborting. There is either an error in your model specification or the true solution is unstable (or the true solution can not be represented in the precision of Float64).
└ @ SciMLBase ~/.julia/packages/SciMLBase/VW1cI/src/integrator_interface.jl:623
┌ Warning: At t=-1.0, dt was forced below floating point epsilon 2.220446049250313e-16, and step error estimate = 7.26942868735444. Aborting. There is either an error in your model specification or the true solution is unstable (or the true solution can not be represented in the precision of Float64).
└ @ SciMLBase ~/.julia/packages/SciMLBase/VW1cI/src/integrator_interface.jl:623
┌ Warning: At t=-1.0, dt was forced below floating point epsilon 2.220446049250313e-16, and step error estimate = 7.301549286091708. Aborting. There is either an error in your model specification or the true solution is unstable (or the true solution can not be represented in the precision of Float64).
└ @ SciMLBase ~/.julia/packages/SciMLBase/VW1cI/src/integrator_interface.jl:623
┌ Warning: At t=-1.0, dt was forced below floating point epsilon 2.220446049250313e-16, and step error estimate = 7.40402437235719. Aborting. There is either an error in your model specification or the true solution is unstable (or the true solution can not be represented in the precision of Float64).
└ @ SciMLBase ~/.julia/packages/SciMLBase/VW1cI/src/integrator_interface.jl:623
┌ Warning: At t=-0.35828853180894116, dt was forced below floating point epsilon 5.551115123125783e-17, and step error estimate = 507.52224888631207. Aborting. There is either an error in your model specification or the true solution is unstable (or the true solution can not be represented in the precision of Float64).
└ @ SciMLBase ~/.julia/packages/SciMLBase/VW1cI/src/integrator_interface.jl:623
┌ Warning: At t=-0.9799990941192743, dt was forced below floating point epsilon 1.1102230246251565e-16, and step error estimate = 1.1983572197489423. Aborting. There is either an error in your model specification or the true solution is unstable (or the true solution can not be represented in the precision of Float64).
└ @ SciMLBase ~/.julia/packages/SciMLBase/VW1cI/src/integrator_interface.jl:623
┌ Warning: Interrupted. Larger maxiters is needed. If you are using an integrator for non-stiff ODEs or an automatic switching algorithm (the default), you may want to consider using a method for stiff equations. See the solver pages for more details (e.g. https://docs.sciml.ai/DiffEqDocs/stable/solvers/ode_solve/#Stiff-Problems).
└ @ SciMLBase ~/.julia/packages/SciMLBase/VW1cI/src/integrator_interface.jl:589
┌ Warning: At t=-1.0, dt was forced below floating point epsilon 2.220446049250313e-16, and step error estimate = 7.164819386926976. Aborting. There is either an error in your model specification or the true solution is unstable (or the true solution can not be represented in the precision of Float64).
└ @ SciMLBase ~/.julia/packages/SciMLBase/VW1cI/src/integrator_interface.jl:623
┌ Warning: At t=0.21953250449118153, dt was forced below floating point epsilon 2.7755575615628914e-17, and step error estimate = NaN. Aborting. There is either an error in your model specification or the true solution is unstable (or the true solution can not be represented in the precision of Float64).
└ @ SciMLBase ~/.julia/packages/SciMLBase/VW1cI/src/integrator_interface.jl:623
┌ Warning: At t=-0.7881925045432003, dt was forced below floating point epsilon 1.1102230246251565e-16, and step error estimate = 2367.852223283763. Aborting. There is either an error in your model specification or the true solution is unstable (or the true solution can not be represented in the precision of Float64).
└ @ SciMLBase ~/.julia/packages/SciMLBase/VW1cI/src/integrator_interface.jl:623
┌ Warning: At t=-0.49358027408515953, dt was forced below floating point epsilon 5.551115123125783e-17, and step error estimate = 41.05708129722639. Aborting. There is either an error in your model specification or the true solution is unstable (or the true solution can not be represented in the precision of Float64).
└ @ SciMLBase ~/.julia/packages/SciMLBase/VW1cI/src/integrator_interface.jl:623
┌ Warning: At t=0.27325870799204754, dt was forced below floating point epsilon 5.551115123125783e-17, and step error estimate = 1.0527877325216048. Aborting. There is either an error in your model specification or the true solution is unstable (or the true solution can not be represented in the precision of Float64).
└ @ SciMLBase ~/.julia/packages/SciMLBase/VW1cI/src/integrator_interface.jl:623
┌ Warning: At t=-0.03105988811782089, dt was forced below floating point epsilon 3.469446951953614e-18, and step error estimate = 1.0657961970519616. Aborting. There is either an error in your model specification or the true solution is unstable (or the true solution can not be represented in the precision of Float64).
└ @ SciMLBase ~/.julia/packages/SciMLBase/VW1cI/src/integrator_interface.jl:623
┌ Warning: At t=-0.29397857596573834, dt was forced below floating point epsilon 5.551115123125783e-17, and step error estimate = 293.97094994879006. Aborting. There is either an error in your model specification or the true solution is unstable (or the true solution can not be represented in the precision of Float64).
└ @ SciMLBase ~/.julia/packages/SciMLBase/VW1cI/src/integrator_interface.jl:623
┌ Warning: At t=-0.804716697836919, dt was forced below floating point epsilon 1.1102230246251565e-16, and step error estimate = 161.433136779362. Aborting. There is either an error in your model specification or the true solution is unstable (or the true solution can not be represented in the precision of Float64).
└ @ SciMLBase ~/.julia/packages/SciMLBase/VW1cI/src/integrator_interface.jl:623
┌ Warning: At t=-0.882395218948686, dt was forced below floating point epsilon 1.1102230246251565e-16, and step error estimate = 1.1056616624121758. Aborting. There is either an error in your model specification or the true solution is unstable (or the true solution can not be represented in the precision of Float64).
└ @ SciMLBase ~/.julia/packages/SciMLBase/VW1cI/src/integrator_interface.jl:623
┌ Warning: At t=-0.5432230167720339, dt was forced below floating point epsilon 1.1102230246251565e-16, and step error estimate = 1.0405850357150601. Aborting. There is either an error in your model specification or the true solution is unstable (or the true solution can not be represented in the precision of Float64).
└ @ SciMLBase ~/.julia/packages/SciMLBase/VW1cI/src/integrator_interface.jl:623
┌ Warning: At t=-0.029532420375034747, dt was forced below floating point epsilon 3.469446951953614e-18, and step error estimate = 1.2324310815065855. Aborting. There is either an error in your model specification or the true solution is unstable (or the true solution can not be represented in the precision of Float64).
└ @ SciMLBase ~/.julia/packages/SciMLBase/VW1cI/src/integrator_interface.jl:623
┌ Warning: At t=-1.0, dt was forced below floating point epsilon 2.220446049250313e-16, and step error estimate = NaN. Aborting. There is either an error in your model specification or the true solution is unstable (or the true solution can not be represented in the precision of Float64).
└ @ SciMLBase ~/.julia/packages/SciMLBase/VW1cI/src/integrator_interface.jl:623
┌ Warning: At t=0.1870397469680889, dt was forced below floating point epsilon 2.7755575615628914e-17, and step error estimate = 1.0181071137654054. Aborting. There is either an error in your model specification or the true solution is unstable (or the true solution can not be represented in the precision of Float64).
└ @ SciMLBase ~/.julia/packages/SciMLBase/VW1cI/src/integrator_interface.jl:623
┌ Warning: At t=-0.500640470455761, dt was forced below floating point epsilon 1.1102230246251565e-16, and step error estimate = 1.0488801810035397. Aborting. There is either an error in your model specification or the true solution is unstable (or the true solution can not be represented in the precision of Float64).
└ @ SciMLBase ~/.julia/packages/SciMLBase/VW1cI/src/integrator_interface.jl:623
┌ Warning: At t=-0.5321574067524981, dt was forced below floating point epsilon 1.1102230246251565e-16, and step error estimate = 1.029211614671217. Aborting. There is either an error in your model specification or the true solution is unstable (or the true solution can not be represented in the precision of Float64).
└ @ SciMLBase ~/.julia/packages/SciMLBase/VW1cI/src/integrator_interface.jl:623
┌ Warning: At t=-1.0, dt was forced below floating point epsilon 2.220446049250313e-16, and step error estimate = 7.286408576899635. Aborting. There is either an error in your model specification or the true solution is unstable (or the true solution can not be represented in the precision of Float64).
└ @ SciMLBase ~/.julia/packages/SciMLBase/VW1cI/src/integrator_interface.jl:623
┌ Warning: At t=-0.9993949512249801, dt was forced below floating point epsilon 1.1102230246251565e-16, and step error estimate = 1.273474020746464. Aborting. There is either an error in your model specification or the true solution is unstable (or the true solution can not be represented in the precision of Float64).
└ @ SciMLBase ~/.julia/packages/SciMLBase/VW1cI/src/integrator_interface.jl:623
┌ Warning: At t=-0.305482336748787, dt was forced below floating point epsilon 5.551115123125783e-17, and step error estimate = 1.1084120178696935. Aborting. There is either an error in your model specification or the true solution is unstable (or the true solution can not be represented in the precision of Float64).
└ @ SciMLBase ~/.julia/packages/SciMLBase/VW1cI/src/integrator_interface.jl:623
┌ Warning: At t=-1.0, dt was forced below floating point epsilon 2.220446049250313e-16, and step error estimate = NaN. Aborting. There is either an error in your model specification or the true solution is unstable (or the true solution can not be represented in the precision of Float64).
└ @ SciMLBase ~/.julia/packages/SciMLBase/VW1cI/src/integrator_interface.jl:623
┌ Warning: At t=-0.5479999982691466, dt was forced below floating point epsilon 1.1102230246251565e-16, and step error estimate = NaN. Aborting. There is either an error in your model specification or the true solution is unstable (or the true solution can not be represented in the precision of Float64).
└ @ SciMLBase ~/.julia/packages/SciMLBase/VW1cI/src/integrator_interface.jl:623
┌ Warning: At t=-0.141042391488428, dt was forced below floating point epsilon 2.7755575615628914e-17, and step error estimate = 136.54525293619903. Aborting. There is either an error in your model specification or the true solution is unstable (or the true solution can not be represented in the precision of Float64).
└ @ SciMLBase ~/.julia/packages/SciMLBase/VW1cI/src/integrator_interface.jl:623
┌ Warning: At t=-0.7663355294327576, dt was forced below floating point epsilon 1.1102230246251565e-16, and step error estimate = 1.2459787922227568. Aborting. There is either an error in your model specification or the true solution is unstable (or the true solution can not be represented in the precision of Float64).
└ @ SciMLBase ~/.julia/packages/SciMLBase/VW1cI/src/integrator_interface.jl:623
┌ Warning: At t=-1.0, dt was forced below floating point epsilon 2.220446049250313e-16, and step error estimate = 7.179270549278842. Aborting. There is either an error in your model specification or the true solution is unstable (or the true solution can not be represented in the precision of Float64).
└ @ SciMLBase ~/.julia/packages/SciMLBase/VW1cI/src/integrator_interface.jl:623
┌ Warning: At t=-1.0, dt was forced below floating point epsilon 2.220446049250313e-16, and step error estimate = 7.192914117581708. Aborting. There is either an error in your model specification or the true solution is unstable (or the true solution can not be represented in the precision of Float64).
└ @ SciMLBase ~/.julia/packages/SciMLBase/VW1cI/src/integrator_interface.jl:623
┌ Warning: At t=0.5467216407369953, dt was forced below floating point epsilon 1.1102230246251565e-16, and step error estimate = 1.271442925314568. Aborting. There is either an error in your model specification or the true solution is unstable (or the true solution can not be represented in the precision of Float64).
└ @ SciMLBase ~/.julia/packages/SciMLBase/VW1cI/src/integrator_interface.jl:623
┌ Warning: At t=-0.9475887596981747, dt was forced below floating point epsilon 1.1102230246251565e-16, and step error estimate = 1.088688071910947. Aborting. There is either an error in your model specification or the true solution is unstable (or the true solution can not be represented in the precision of Float64).
└ @ SciMLBase ~/.julia/packages/SciMLBase/VW1cI/src/integrator_interface.jl:623
┌ Warning: At t=-1.0, dt was forced below floating point epsilon 2.220446049250313e-16, and step error estimate = 7.195140409192906. Aborting. There is either an error in your model specification or the true solution is unstable (or the true solution can not be represented in the precision of Float64).
└ @ SciMLBase ~/.julia/packages/SciMLBase/VW1cI/src/integrator_interface.jl:623
┌ Warning: At t=-1.0, dt was forced below floating point epsilon 2.220446049250313e-16, and step error estimate = NaN. Aborting. There is either an error in your model specification or the true solution is unstable (or the true solution can not be represented in the precision of Float64).
└ @ SciMLBase ~/.julia/packages/SciMLBase/VW1cI/src/integrator_interface.jl:623
┌ Warning: At t=-0.8947662335380708, dt was forced below floating point epsilon 1.1102230246251565e-16, and step error estimate = 1.1605510906769498. Aborting. There is either an error in your model specification or the true solution is unstable (or the true solution can not be represented in the precision of Float64).
└ @ SciMLBase ~/.julia/packages/SciMLBase/VW1cI/src/integrator_interface.jl:623
┌ Warning: At t=-0.8691464746424754, dt was forced below floating point epsilon 1.1102230246251565e-16, and step error estimate = 1.2499314896898244. Aborting. There is either an error in your model specification or the true solution is unstable (or the true solution can not be represented in the precision of Float64).
└ @ SciMLBase ~/.julia/packages/SciMLBase/VW1cI/src/integrator_interface.jl:623
┌ Warning: At t=-1.0, dt was forced below floating point epsilon 2.220446049250313e-16, and step error estimate = NaN. Aborting. There is either an error in your model specification or the true solution is unstable (or the true solution can not be represented in the precision of Float64).
└ @ SciMLBase ~/.julia/packages/SciMLBase/VW1cI/src/integrator_interface.jl:623
┌ Warning: At t=-0.6025751265957305, dt was forced below floating point epsilon 1.1102230246251565e-16, and step error estimate = 1.40797042436821. Aborting. There is either an error in your model specification or the true solution is unstable (or the true solution can not be represented in the precision of Float64).
└ @ SciMLBase ~/.julia/packages/SciMLBase/VW1cI/src/integrator_interface.jl:623
┌ Warning: At t=-1.0, dt was forced below floating point epsilon 2.220446049250313e-16, and step error estimate = 11.882973074130156. Aborting. There is either an error in your model specification or the true solution is unstable (or the true solution can not be represented in the precision of Float64).
└ @ SciMLBase ~/.julia/packages/SciMLBase/VW1cI/src/integrator_interface.jl:623
┌ Warning: At t=-0.6013910939983478, dt was forced below floating point epsilon 1.1102230246251565e-16, and step error estimate = 1.2117138226858053. Aborting. There is either an error in your model specification or the true solution is unstable (or the true solution can not be represented in the precision of Float64).
└ @ SciMLBase ~/.julia/packages/SciMLBase/VW1cI/src/integrator_interface.jl:623
┌ Warning: Interrupted. Larger maxiters is needed. If you are using an integrator for non-stiff ODEs or an automatic switching algorithm (the default), you may want to consider using a method for stiff equations. See the solver pages for more details (e.g. https://docs.sciml.ai/DiffEqDocs/stable/solvers/ode_solve/#Stiff-Problems).
└ @ SciMLBase ~/.julia/packages/SciMLBase/VW1cI/src/integrator_interface.jl:589
┌ Warning: At t=-0.5478634109004223, dt was forced below floating point epsilon 1.1102230246251565e-16, and step error estimate = 1.4088075311438557. Aborting. There is either an error in your model specification or the true solution is unstable (or the true solution can not be represented in the precision of Float64).
└ @ SciMLBase ~/.julia/packages/SciMLBase/VW1cI/src/integrator_interface.jl:623
┌ Warning: At t=-0.9429794161312337, dt was forced below floating point epsilon 1.1102230246251565e-16, and step error estimate = NaN. Aborting. There is either an error in your model specification or the true solution is unstable (or the true solution can not be represented in the precision of Float64).
└ @ SciMLBase ~/.julia/packages/SciMLBase/VW1cI/src/integrator_interface.jl:623
┌ Warning: At t=0.18703974695516656, dt was forced below floating point epsilon 2.7755575615628914e-17, and step error estimate = 1.0366417012245865. Aborting. There is either an error in your model specification or the true solution is unstable (or the true solution can not be represented in the precision of Float64).
└ @ SciMLBase ~/.julia/packages/SciMLBase/VW1cI/src/integrator_interface.jl:623
┌ Warning: At t=-0.2453638058112588, dt was forced below floating point epsilon 2.7755575615628914e-17, and step error estimate = 1.3014177132462412. Aborting. There is either an error in your model specification or the true solution is unstable (or the true solution can not be represented in the precision of Float64).
└ @ SciMLBase ~/.julia/packages/SciMLBase/VW1cI/src/integrator_interface.jl:623
┌ Warning: At t=-0.9999999966063845, dt was forced below floating point epsilon 1.1102230246251565e-16, and step error estimate = 1.5200026873893726. Aborting. There is either an error in your model specification or the true solution is unstable (or the true solution can not be represented in the precision of Float64).
└ @ SciMLBase ~/.julia/packages/SciMLBase/VW1cI/src/integrator_interface.jl:623
┌ Warning: At t=-1.0, dt was forced below floating point epsilon 2.220446049250313e-16, and step error estimate = NaN. Aborting. There is either an error in your model specification or the true solution is unstable (or the true solution can not be represented in the precision of Float64).
└ @ SciMLBase ~/.julia/packages/SciMLBase/VW1cI/src/integrator_interface.jl:623
┌ Warning: At t=-0.5172525169581135, dt was forced below floating point epsilon 1.1102230246251565e-16, and step error estimate = 1.1525242066212769. Aborting. There is either an error in your model specification or the true solution is unstable (or the true solution can not be represented in the precision of Float64).
└ @ SciMLBase ~/.julia/packages/SciMLBase/VW1cI/src/integrator_interface.jl:623
┌ Warning: At t=-1.0, dt was forced below floating point epsilon 2.220446049250313e-16, and step error estimate = NaN. Aborting. There is either an error in your model specification or the true solution is unstable (or the true solution can not be represented in the precision of Float64).
└ @ SciMLBase ~/.julia/packages/SciMLBase/VW1cI/src/integrator_interface.jl:623
┌ Warning: At t=-1.0, dt was forced below floating point epsilon 2.220446049250313e-16, and step error estimate = NaN. Aborting. There is either an error in your model specification or the true solution is unstable (or the true solution can not be represented in the precision of Float64).
└ @ SciMLBase ~/.julia/packages/SciMLBase/VW1cI/src/integrator_interface.jl:623
┌ Warning: At t=-1.0, dt was forced below floating point epsilon 2.220446049250313e-16, and step error estimate = NaN. Aborting. There is either an error in your model specification or the true solution is unstable (or the true solution can not be represented in the precision of Float64).
└ @ SciMLBase ~/.julia/packages/SciMLBase/VW1cI/src/integrator_interface.jl:623
┌ Warning: At t=-0.13035767375449772, dt was forced below floating point epsilon 2.7755575615628914e-17, and step error estimate = NaN. Aborting. There is either an error in your model specification or the true solution is unstable (or the true solution can not be represented in the precision of Float64).
└ @ SciMLBase ~/.julia/packages/SciMLBase/VW1cI/src/integrator_interface.jl:623
┌ Warning: At t=0.27325870799204754, dt was forced below floating point epsilon 5.551115123125783e-17, and step error estimate = 1.0527877325216048. Aborting. There is either an error in your model specification or the true solution is unstable (or the true solution can not be represented in the precision of Float64).
└ @ SciMLBase ~/.julia/packages/SciMLBase/VW1cI/src/integrator_interface.jl:623
┌ Warning: At t=-0.8726746667564454, dt was forced below floating point epsilon 1.1102230246251565e-16, and step error estimate = NaN. Aborting. There is either an error in your model specification or the true solution is unstable (or the true solution can not be represented in the precision of Float64).
└ @ SciMLBase ~/.julia/packages/SciMLBase/VW1cI/src/integrator_interface.jl:623
┌ Warning: At t=-1.0, dt was forced below floating point epsilon 2.220446049250313e-16, and step error estimate = 7.117117949896506. Aborting. There is either an error in your model specification or the true solution is unstable (or the true solution can not be represented in the precision of Float64).
└ @ SciMLBase ~/.julia/packages/SciMLBase/VW1cI/src/integrator_interface.jl:623
┌ Warning: At t=-1.0, dt was forced below floating point epsilon 2.220446049250313e-16, and step error estimate = 7.248258632898368. Aborting. There is either an error in your model specification or the true solution is unstable (or the true solution can not be represented in the precision of Float64).
└ @ SciMLBase ~/.julia/packages/SciMLBase/VW1cI/src/integrator_interface.jl:623
┌ Warning: At t=-1.0, dt was forced below floating point epsilon 2.220446049250313e-16, and step error estimate = 7.333996810514664. Aborting. There is either an error in your model specification or the true solution is unstable (or the true solution can not be represented in the precision of Float64).
└ @ SciMLBase ~/.julia/packages/SciMLBase/VW1cI/src/integrator_interface.jl:623
┌ Warning: At t=-1.0, dt was forced below floating point epsilon 2.220446049250313e-16, and step error estimate = NaN. Aborting. There is either an error in your model specification or the true solution is unstable (or the true solution can not be represented in the precision of Float64).
└ @ SciMLBase ~/.julia/packages/SciMLBase/VW1cI/src/integrator_interface.jl:623
┌ Warning: At t=-0.32707977928251125, dt was forced below floating point epsilon 5.551115123125783e-17, and step error estimate = 1.0742568546389528. Aborting. There is either an error in your model specification or the true solution is unstable (or the true solution can not be represented in the precision of Float64).
└ @ SciMLBase ~/.julia/packages/SciMLBase/VW1cI/src/integrator_interface.jl:623
┌ Warning: At t=-0.6013910939983478, dt was forced below floating point epsilon 1.1102230246251565e-16, and step error estimate = 1.2117138226858053. Aborting. There is either an error in your model specification or the true solution is unstable (or the true solution can not be represented in the precision of Float64).
└ @ SciMLBase ~/.julia/packages/SciMLBase/VW1cI/src/integrator_interface.jl:623
┌ Warning: At t=-1.0, dt was forced below floating point epsilon 2.220446049250313e-16, and step error estimate = 7.252825813335426. Aborting. There is either an error in your model specification or the true solution is unstable (or the true solution can not be represented in the precision of Float64).
└ @ SciMLBase ~/.julia/packages/SciMLBase/VW1cI/src/integrator_interface.jl:623
┌ Warning: At t=-1.0, dt was forced below floating point epsilon 2.220446049250313e-16, and step error estimate = NaN. Aborting. There is either an error in your model specification or the true solution is unstable (or the true solution can not be represented in the precision of Float64).
└ @ SciMLBase ~/.julia/packages/SciMLBase/VW1cI/src/integrator_interface.jl:623
┌ Warning: At t=-0.22168264203351293, dt was forced below floating point epsilon 2.7755575615628914e-17, and step error estimate = 1.2900137595167982. Aborting. There is either an error in your model specification or the true solution is unstable (or the true solution can not be represented in the precision of Float64).
└ @ SciMLBase ~/.julia/packages/SciMLBase/VW1cI/src/integrator_interface.jl:623
┌ Warning: At t=-0.7018735981667399, dt was forced below floating point epsilon 1.1102230246251565e-16, and step error estimate = 1.11521926219295. Aborting. There is either an error in your model specification or the true solution is unstable (or the true solution can not be represented in the precision of Float64).
└ @ SciMLBase ~/.julia/packages/SciMLBase/VW1cI/src/integrator_interface.jl:623
┌ Warning: At t=-0.9942654940608702, dt was forced below floating point epsilon 1.1102230246251565e-16, and step error estimate = 1.1145982536007186. Aborting. There is either an error in your model specification or the true solution is unstable (or the true solution can not be represented in the precision of Float64).
└ @ SciMLBase ~/.julia/packages/SciMLBase/VW1cI/src/integrator_interface.jl:623
┌ Warning: At t=-0.43839763513489716, dt was forced below floating point epsilon 5.551115123125783e-17, and step error estimate = 1.3371933017595319. Aborting. There is either an error in your model specification or the true solution is unstable (or the true solution can not be represented in the precision of Float64).
└ @ SciMLBase ~/.julia/packages/SciMLBase/VW1cI/src/integrator_interface.jl:623
┌ Warning: At t=-1.0, dt was forced below floating point epsilon 2.220446049250313e-16, and step error estimate = 7.417536188493207. Aborting. There is either an error in your model specification or the true solution is unstable (or the true solution can not be represented in the precision of Float64).
└ @ SciMLBase ~/.julia/packages/SciMLBase/VW1cI/src/integrator_interface.jl:623
┌ Warning: At t=-0.9999999966063845, dt was forced below floating point epsilon 1.1102230246251565e-16, and step error estimate = 1.5200026873893726. Aborting. There is either an error in your model specification or the true solution is unstable (or the true solution can not be represented in the precision of Float64).
└ @ SciMLBase ~/.julia/packages/SciMLBase/VW1cI/src/integrator_interface.jl:623
┌ Warning: At t=-0.4867436444489911, dt was forced below floating point epsilon 5.551115123125783e-17, and step error estimate = 1.4003082487107426. Aborting. There is either an error in your model specification or the true solution is unstable (or the true solution can not be represented in the precision of Float64).
└ @ SciMLBase ~/.julia/packages/SciMLBase/VW1cI/src/integrator_interface.jl:623
┌ Warning: At t=-1.0, dt was forced below floating point epsilon 2.220446049250313e-16, and step error estimate = 7.285680358240254. Aborting. There is either an error in your model specification or the true solution is unstable (or the true solution can not be represented in the precision of Float64).
└ @ SciMLBase ~/.julia/packages/SciMLBase/VW1cI/src/integrator_interface.jl:623
┌ Warning: At t=-1.0, dt was forced below floating point epsilon 2.220446049250313e-16, and step error estimate = 1.4951269355388281. Aborting. There is either an error in your model specification or the true solution is unstable (or the true solution can not be represented in the precision of Float64).
└ @ SciMLBase ~/.julia/packages/SciMLBase/VW1cI/src/integrator_interface.jl:623
┌ Warning: At t=-0.5421670076232383, dt was forced below floating point epsilon 1.1102230246251565e-16, and step error estimate = 1.872012091996513. Aborting. There is either an error in your model specification or the true solution is unstable (or the true solution can not be represented in the precision of Float64).
└ @ SciMLBase ~/.julia/packages/SciMLBase/VW1cI/src/integrator_interface.jl:623
┌ Warning: At t=-0.15215336560040366, dt was forced below floating point epsilon 2.7755575615628914e-17, and step error estimate = 1.0668436221477378. Aborting. There is either an error in your model specification or the true solution is unstable (or the true solution can not be represented in the precision of Float64).
└ @ SciMLBase ~/.julia/packages/SciMLBase/VW1cI/src/integrator_interface.jl:623
┌ Warning: At t=-0.5292892773005015, dt was forced below floating point epsilon 1.1102230246251565e-16, and step error estimate = 1.028083865916829. Aborting. There is either an error in your model specification or the true solution is unstable (or the true solution can not be represented in the precision of Float64).
└ @ SciMLBase ~/.julia/packages/SciMLBase/VW1cI/src/integrator_interface.jl:623
┌ Warning: At t=-1.0, dt was forced below floating point epsilon 2.220446049250313e-16, and step error estimate = NaN. Aborting. There is either an error in your model specification or the true solution is unstable (or the true solution can not be represented in the precision of Float64).
└ @ SciMLBase ~/.julia/packages/SciMLBase/VW1cI/src/integrator_interface.jl:623
┌ Warning: At t=-0.5479995470471433, dt was forced below floating point epsilon 1.1102230246251565e-16, and step error estimate = NaN. Aborting. There is either an error in your model specification or the true solution is unstable (or the true solution can not be represented in the precision of Float64).
└ @ SciMLBase ~/.julia/packages/SciMLBase/VW1cI/src/integrator_interface.jl:623
┌ Warning: At t=-1.0, dt was forced below floating point epsilon 2.220446049250313e-16, and step error estimate = NaN. Aborting. There is either an error in your model specification or the true solution is unstable (or the true solution can not be represented in the precision of Float64).
└ @ SciMLBase ~/.julia/packages/SciMLBase/VW1cI/src/integrator_interface.jl:623
┌ Warning: At t=-1.0, dt was forced below floating point epsilon 2.220446049250313e-16, and step error estimate = 7.248258632898368. Aborting. There is either an error in your model specification or the true solution is unstable (or the true solution can not be represented in the precision of Float64).
└ @ SciMLBase ~/.julia/packages/SciMLBase/VW1cI/src/integrator_interface.jl:623
┌ Warning: At t=-0.9963040838028974, dt was forced below floating point epsilon 1.1102230246251565e-16, and step error estimate = 1.280331671097902. Aborting. There is either an error in your model specification or the true solution is unstable (or the true solution can not be represented in the precision of Float64).
└ @ SciMLBase ~/.julia/packages/SciMLBase/VW1cI/src/integrator_interface.jl:623
┌ Warning: At t=-1.0, dt was forced below floating point epsilon 2.220446049250313e-16, and step error estimate = 7.3241893520701105. Aborting. There is either an error in your model specification or the true solution is unstable (or the true solution can not be represented in the precision of Float64).
└ @ SciMLBase ~/.julia/packages/SciMLBase/VW1cI/src/integrator_interface.jl:623
┌ Warning: At t=-0.510719340073603, dt was forced below floating point epsilon 1.1102230246251565e-16, and step error estimate = 1.2561596605573182. Aborting. There is either an error in your model specification or the true solution is unstable (or the true solution can not be represented in the precision of Float64).
└ @ SciMLBase ~/.julia/packages/SciMLBase/VW1cI/src/integrator_interface.jl:623
┌ Warning: At t=-1.0, dt was forced below floating point epsilon 2.220446049250313e-16, and step error estimate = 7.417536188493207. Aborting. There is either an error in your model specification or the true solution is unstable (or the true solution can not be represented in the precision of Float64).
└ @ SciMLBase ~/.julia/packages/SciMLBase/VW1cI/src/integrator_interface.jl:623
┌ Warning: At t=-0.29062608456895683, dt was forced below floating point epsilon 5.551115123125783e-17, and step error estimate = 1.3043224457950005. Aborting. There is either an error in your model specification or the true solution is unstable (or the true solution can not be represented in the precision of Float64).
└ @ SciMLBase ~/.julia/packages/SciMLBase/VW1cI/src/integrator_interface.jl:623
┌ Warning: At t=-1.0, dt was forced below floating point epsilon 2.220446049250313e-16, and step error estimate = NaN. Aborting. There is either an error in your model specification or the true solution is unstable (or the true solution can not be represented in the precision of Float64).
└ @ SciMLBase ~/.julia/packages/SciMLBase/VW1cI/src/integrator_interface.jl:623
┌ Warning: At t=-0.9999999048636284, dt was forced below floating point epsilon 1.1102230246251565e-16, and step error estimate = 8.986240200862161. Aborting. There is either an error in your model specification or the true solution is unstable (or the true solution can not be represented in the precision of Float64).
└ @ SciMLBase ~/.julia/packages/SciMLBase/VW1cI/src/integrator_interface.jl:623
┌ Warning: At t=-0.5066980293255072, dt was forced below floating point epsilon 1.1102230246251565e-16, and step error estimate = 1217.9359268506603. Aborting. There is either an error in your model specification or the true solution is unstable (or the true solution can not be represented in the precision of Float64).
└ @ SciMLBase ~/.julia/packages/SciMLBase/VW1cI/src/integrator_interface.jl:623
┌ Warning: At t=-0.5479884838304674, dt was forced below floating point epsilon 1.1102230246251565e-16, and step error estimate = 1.097431875431613. Aborting. There is either an error in your model specification or the true solution is unstable (or the true solution can not be represented in the precision of Float64).
└ @ SciMLBase ~/.julia/packages/SciMLBase/VW1cI/src/integrator_interface.jl:623
┌ Warning: At t=-0.5288908156688634, dt was forced below floating point epsilon 1.1102230246251565e-16, and step error estimate = 1.204153920179578. Aborting. There is either an error in your model specification or the true solution is unstable (or the true solution can not be represented in the precision of Float64).
└ @ SciMLBase ~/.julia/packages/SciMLBase/VW1cI/src/integrator_interface.jl:623
┌ Warning: At t=-0.9999998121916163, dt was forced below floating point epsilon 1.1102230246251565e-16, and step error estimate = 1.1075197827589693. Aborting. There is either an error in your model specification or the true solution is unstable (or the true solution can not be represented in the precision of Float64).
└ @ SciMLBase ~/.julia/packages/SciMLBase/VW1cI/src/integrator_interface.jl:623
┌ Warning: At t=-1.0, dt was forced below floating point epsilon 2.220446049250313e-16, and step error estimate = 7.252825813335426. Aborting. There is either an error in your model specification or the true solution is unstable (or the true solution can not be represented in the precision of Float64).
└ @ SciMLBase ~/.julia/packages/SciMLBase/VW1cI/src/integrator_interface.jl:623
┌ Warning: At t=-0.27400551091778297, dt was forced below floating point epsilon 5.551115123125783e-17, and step error estimate = 4888.152477087073. Aborting. There is either an error in your model specification or the true solution is unstable (or the true solution can not be represented in the precision of Float64).
└ @ SciMLBase ~/.julia/packages/SciMLBase/VW1cI/src/integrator_interface.jl:623
┌ Warning: At t=-0.6895460346117385, dt was forced below floating point epsilon 1.1102230246251565e-16, and step error estimate = 1.146425584330358. Aborting. There is either an error in your model specification or the true solution is unstable (or the true solution can not be represented in the precision of Float64).
└ @ SciMLBase ~/.julia/packages/SciMLBase/VW1cI/src/integrator_interface.jl:623
┌ Warning: At t=-1.0, dt was forced below floating point epsilon 2.220446049250313e-16, and step error estimate = 7.192914117581708. Aborting. There is either an error in your model specification or the true solution is unstable (or the true solution can not be represented in the precision of Float64).
└ @ SciMLBase ~/.julia/packages/SciMLBase/VW1cI/src/integrator_interface.jl:623
┌ Warning: At t=-0.5469679793002755, dt was forced below floating point epsilon 1.1102230246251565e-16, and step error estimate = 1.044982202922761. Aborting. There is either an error in your model specification or the true solution is unstable (or the true solution can not be represented in the precision of Float64).
└ @ SciMLBase ~/.julia/packages/SciMLBase/VW1cI/src/integrator_interface.jl:623
┌ Warning: At t=-1.0, dt was forced below floating point epsilon 2.220446049250313e-16, and step error estimate = NaN. Aborting. There is either an error in your model specification or the true solution is unstable (or the true solution can not be represented in the precision of Float64).
└ @ SciMLBase ~/.julia/packages/SciMLBase/VW1cI/src/integrator_interface.jl:623
┌ Warning: At t=-0.532659551805955, dt was forced below floating point epsilon 1.1102230246251565e-16, and step error estimate = 1.0445760721202717. Aborting. There is either an error in your model specification or the true solution is unstable (or the true solution can not be represented in the precision of Float64).
└ @ SciMLBase ~/.julia/packages/SciMLBase/VW1cI/src/integrator_interface.jl:623
┌ Warning: At t=-0.9827514660149299, dt was forced below floating point epsilon 1.1102230246251565e-16, and step error estimate = 1.3628810885987228. Aborting. There is either an error in your model specification or the true solution is unstable (or the true solution can not be represented in the precision of Float64).
└ @ SciMLBase ~/.julia/packages/SciMLBase/VW1cI/src/integrator_interface.jl:623
┌ Warning: At t=-1.0, dt was forced below floating point epsilon 2.220446049250313e-16, and step error estimate = 7.3486858474053145. Aborting. There is either an error in your model specification or the true solution is unstable (or the true solution can not be represented in the precision of Float64).
└ @ SciMLBase ~/.julia/packages/SciMLBase/VW1cI/src/integrator_interface.jl:623
┌ Warning: At t=0.6458205577225189, dt was forced below floating point epsilon 1.1102230246251565e-16, and step error estimate = 9.778326924532314. Aborting. There is either an error in your model specification or the true solution is unstable (or the true solution can not be represented in the precision of Float64).
└ @ SciMLBase ~/.julia/packages/SciMLBase/VW1cI/src/integrator_interface.jl:623
┌ Warning: At t=-1.0, dt was forced below floating point epsilon 2.220446049250313e-16, and step error estimate = NaN. Aborting. There is either an error in your model specification or the true solution is unstable (or the true solution can not be represented in the precision of Float64).
└ @ SciMLBase ~/.julia/packages/SciMLBase/VW1cI/src/integrator_interface.jl:623
┌ Warning: At t=-0.5452195570503503, dt was forced below floating point epsilon 1.1102230246251565e-16, and step error estimate = 1.0250164110462534. Aborting. There is either an error in your model specification or the true solution is unstable (or the true solution can not be represented in the precision of Float64).
└ @ SciMLBase ~/.julia/packages/SciMLBase/VW1cI/src/integrator_interface.jl:623
┌ Warning: At t=-0.1669885570293522, dt was forced below floating point epsilon 2.7755575615628914e-17, and step error estimate = 11.896410364351013. Aborting. There is either an error in your model specification or the true solution is unstable (or the true solution can not be represented in the precision of Float64).
└ @ SciMLBase ~/.julia/packages/SciMLBase/VW1cI/src/integrator_interface.jl:623
┌ Warning: At t=-0.13987374584401147, dt was forced below floating point epsilon 2.7755575615628914e-17, and step error estimate = 9.907842216984752. Aborting. There is either an error in your model specification or the true solution is unstable (or the true solution can not be represented in the precision of Float64).
└ @ SciMLBase ~/.julia/packages/SciMLBase/VW1cI/src/integrator_interface.jl:623
┌ Warning: At t=-1.0, dt was forced below floating point epsilon 2.220446049250313e-16, and step error estimate = NaN. Aborting. There is either an error in your model specification or the true solution is unstable (or the true solution can not be represented in the precision of Float64).
└ @ SciMLBase ~/.julia/packages/SciMLBase/VW1cI/src/integrator_interface.jl:623
┌ Warning: At t=-0.2453638058112588, dt was forced below floating point epsilon 2.7755575615628914e-17, and step error estimate = 1.3014177132462412. Aborting. There is either an error in your model specification or the true solution is unstable (or the true solution can not be represented in the precision of Float64).
└ @ SciMLBase ~/.julia/packages/SciMLBase/VW1cI/src/integrator_interface.jl:623
┌ Warning: At t=-0.5475899862940107, dt was forced below floating point epsilon 1.1102230246251565e-16, and step error estimate = 1.5047133132441015. Aborting. There is either an error in your model specification or the true solution is unstable (or the true solution can not be represented in the precision of Float64).
└ @ SciMLBase ~/.julia/packages/SciMLBase/VW1cI/src/integrator_interface.jl:623
┌ Warning: At t=0.18703974695516656, dt was forced below floating point epsilon 2.7755575615628914e-17, and step error estimate = 1.0366417012245865. Aborting. There is either an error in your model specification or the true solution is unstable (or the true solution can not be represented in the precision of Float64).
└ @ SciMLBase ~/.julia/packages/SciMLBase/VW1cI/src/integrator_interface.jl:623
┌ Warning: At t=-0.5417995638774084, dt was forced below floating point epsilon 1.1102230246251565e-16, and step error estimate = 1.233838600107113. Aborting. There is either an error in your model specification or the true solution is unstable (or the true solution can not be represented in the precision of Float64).
└ @ SciMLBase ~/.julia/packages/SciMLBase/VW1cI/src/integrator_interface.jl:623
┌ Warning: At t=-1.0, dt was forced below floating point epsilon 2.220446049250313e-16, and step error estimate = 7.406150978026197. Aborting. There is either an error in your model specification or the true solution is unstable (or the true solution can not be represented in the precision of Float64).
└ @ SciMLBase ~/.julia/packages/SciMLBase/VW1cI/src/integrator_interface.jl:623
┌ Warning: At t=-1.0, dt was forced below floating point epsilon 2.220446049250313e-16, and step error estimate = 7.21416419030089. Aborting. There is either an error in your model specification or the true solution is unstable (or the true solution can not be represented in the precision of Float64).
└ @ SciMLBase ~/.julia/packages/SciMLBase/VW1cI/src/integrator_interface.jl:623
┌ Warning: At t=-0.9253334126957984, dt was forced below floating point epsilon 1.1102230246251565e-16, and step error estimate = 1.2470076411705526. Aborting. There is either an error in your model specification or the true solution is unstable (or the true solution can not be represented in the precision of Float64).
└ @ SciMLBase ~/.julia/packages/SciMLBase/VW1cI/src/integrator_interface.jl:623
┌ Warning: At t=-1.0, dt was forced below floating point epsilon 2.220446049250313e-16, and step error estimate = 7.291780573027396. Aborting. There is either an error in your model specification or the true solution is unstable (or the true solution can not be represented in the precision of Float64).
└ @ SciMLBase ~/.julia/packages/SciMLBase/VW1cI/src/integrator_interface.jl:623
┌ Warning: At t=-1.0, dt was forced below floating point epsilon 2.220446049250313e-16, and step error estimate = 7.291780573027396. Aborting. There is either an error in your model specification or the true solution is unstable (or the true solution can not be represented in the precision of Float64).
└ @ SciMLBase ~/.julia/packages/SciMLBase/VW1cI/src/integrator_interface.jl:623
┌ Warning: At t=-0.47738534775426356, dt was forced below floating point epsilon 5.551115123125783e-17, and step error estimate = 1.2002346643417816. Aborting. There is either an error in your model specification or the true solution is unstable (or the true solution can not be represented in the precision of Float64).
└ @ SciMLBase ~/.julia/packages/SciMLBase/VW1cI/src/integrator_interface.jl:623
┌ Warning: At t=-1.0, dt was forced below floating point epsilon 2.220446049250313e-16, and step error estimate = 7.103185874758768. Aborting. There is either an error in your model specification or the true solution is unstable (or the true solution can not be represented in the precision of Float64).
└ @ SciMLBase ~/.julia/packages/SciMLBase/VW1cI/src/integrator_interface.jl:623
┌ Warning: At t=-1.0, dt was forced below floating point epsilon 2.220446049250313e-16, and step error estimate = 7.381953600105212. Aborting. There is either an error in your model specification or the true solution is unstable (or the true solution can not be represented in the precision of Float64).
└ @ SciMLBase ~/.julia/packages/SciMLBase/VW1cI/src/integrator_interface.jl:623
┌ Warning: Interrupted. Larger maxiters is needed. If you are using an integrator for non-stiff ODEs or an automatic switching algorithm (the default), you may want to consider using a method for stiff equations. See the solver pages for more details (e.g. https://docs.sciml.ai/DiffEqDocs/stable/solvers/ode_solve/#Stiff-Problems).
└ @ SciMLBase ~/.julia/packages/SciMLBase/VW1cI/src/integrator_interface.jl:589
┌ Warning: At t=-1.0, dt was forced below floating point epsilon 2.220446049250313e-16, and step error estimate = 7.180542731921751. Aborting. There is either an error in your model specification or the true solution is unstable (or the true solution can not be represented in the precision of Float64).
└ @ SciMLBase ~/.julia/packages/SciMLBase/VW1cI/src/integrator_interface.jl:623
┌ Warning: At t=-0.4809877597809502, dt was forced below floating point epsilon 5.551115123125783e-17, and step error estimate = 1.0433358862216204. Aborting. There is either an error in your model specification or the true solution is unstable (or the true solution can not be represented in the precision of Float64).
└ @ SciMLBase ~/.julia/packages/SciMLBase/VW1cI/src/integrator_interface.jl:623
┌ Warning: At t=-0.8745523246763482, dt was forced below floating point epsilon 1.1102230246251565e-16, and step error estimate = 1.0366321376727219. Aborting. There is either an error in your model specification or the true solution is unstable (or the true solution can not be represented in the precision of Float64).
└ @ SciMLBase ~/.julia/packages/SciMLBase/VW1cI/src/integrator_interface.jl:623
┌ Warning: At t=-0.5387396803683864, dt was forced below floating point epsilon 1.1102230246251565e-16, and step error estimate = 1.0677172995978608. Aborting. There is either an error in your model specification or the true solution is unstable (or the true solution can not be represented in the precision of Float64).
└ @ SciMLBase ~/.julia/packages/SciMLBase/VW1cI/src/integrator_interface.jl:623
┌ Warning: At t=-0.2870741914416686, dt was forced below floating point epsilon 5.551115123125783e-17, and step error estimate = 91.21952148400808. Aborting. There is either an error in your model specification or the true solution is unstable (or the true solution can not be represented in the precision of Float64).
└ @ SciMLBase ~/.julia/packages/SciMLBase/VW1cI/src/integrator_interface.jl:623
┌ Warning: At t=-0.031059888162424824, dt was forced below floating point epsilon 3.469446951953614e-18, and step error estimate = 1.3527807277701553. Aborting. There is either an error in your model specification or the true solution is unstable (or the true solution can not be represented in the precision of Float64).
└ @ SciMLBase ~/.julia/packages/SciMLBase/VW1cI/src/integrator_interface.jl:623
┌ Warning: At t=-0.5292892773005015, dt was forced below floating point epsilon 1.1102230246251565e-16, and step error estimate = 1.028083865916829. Aborting. There is either an error in your model specification or the true solution is unstable (or the true solution can not be represented in the precision of Float64).
└ @ SciMLBase ~/.julia/packages/SciMLBase/VW1cI/src/integrator_interface.jl:623
LinearAlgebra.PosDefException(2)
LinearAlgebra.PosDefException(6)
LinearAlgebra.PosDefException(2)
LinearAlgebra.PosDefException(5)
LinearAlgebra.PosDefException(6)
LinearAlgebra.PosDefException(6)
LinearAlgebra.PosDefException(97)
LinearAlgebra.PosDefException(3)
LinearAlgebra.PosDefException(2)
LinearAlgebra.PosDefException(3)
LinearAlgebra.PosDefException(3)
LinearAlgebra.PosDefException(3)
LinearAlgebra.PosDefException(3)
LinearAlgebra.PosDefException(5)
LinearAlgebra.PosDefException(92)
LinearAlgebra.PosDefException(8)
LinearAlgebra.PosDefException(8)
LinearAlgebra.PosDefException(3)
LinearAlgebra.PosDefException(2)
LinearAlgebra.PosDefException(2)
LinearAlgebra.PosDefException(3)
LinearAlgebra.PosDefException(5)
LinearAlgebra.PosDefException(7)
LinearAlgebra.PosDefException(84)
LinearAlgebra.PosDefException(2)
LinearAlgebra.PosDefException(3)
LinearAlgebra.PosDefException(2)
LinearAlgebra.PosDefException(5)
LinearAlgebra.PosDefException(6)
LinearAlgebra.PosDefException(4)
LinearAlgebra.PosDefException(90)
LinearAlgebra.PosDefException(6)
LinearAlgebra.PosDefException(2)
LinearAlgebra.PosDefException(2)
LinearAlgebra.PosDefException(3)
LinearAlgebra.PosDefException(2)
LinearAlgebra.PosDefException(4)
LinearAlgebra.PosDefException(5)
LinearAlgebra.PosDefException(100)
LinearAlgebra.PosDefException(6)
LinearAlgebra.PosDefException(7)
LinearAlgebra.PosDefException(2)
LinearAlgebra.PosDefException(2)
LinearAlgebra.PosDefException(2)
LinearAlgebra.PosDefException(3)
LinearAlgebra.PosDefException(3)
LinearAlgebra.PosDefException(4)
LinearAlgebra.PosDefException(87)
LinearAlgebra.PosDefException(2)
LinearAlgebra.PosDefException(2)
LinearAlgebra.PosDefException(2)
LinearAlgebra.PosDefException(4)
LinearAlgebra.PosDefException(3)
LinearAlgebra.PosDefException(4)
LinearAlgebra.PosDefException(94)
LinearAlgebra.PosDefException(3)
LinearAlgebra.PosDefException(2)
LinearAlgebra.PosDefException(2)
LinearAlgebra.PosDefException(2)
LinearAlgebra.PosDefException(3)
LinearAlgebra.PosDefException(3)
LinearAlgebra.PosDefException(5)
LinearAlgebra.PosDefException(95)
LinearAlgebra.PosDefException(9)
LinearAlgebra.PosDefException(5)
LinearAlgebra.PosDefException(2)
LinearAlgebra.PosDefException(2)
LinearAlgebra.PosDefException(2)
LinearAlgebra.PosDefException(3)
LinearAlgebra.PosDefException(5)
LinearAlgebra.PosDefException(4)
LinearAlgebra.PosDefException(87)
Optimization improved residual by 132.41436793363985 (from 132.4143679336406 to 7.467789393734781e-13)
Optimization improved residual by 3.411041978111286 (from 3.4110419781114505 to 1.645025951644915e-13)
Optimization improved residual by 1.5791025277956203 (from 1.5791025277960045 to 3.8410277175123465e-13)
Optimization improved residual by 0.011995198377961197 (from 0.011995198378605952 to 6.447558290908249e-13)
Optimization improved residual by 0.0032160214806162993 (from 0.00321602148143799 to 8.216908431826005e-13)
Optimization improved residual by 132.41436793364056 (from 132.41436793364056 to 1.0356201587420712e-14)
Optimization improved residual by 0.008441265376649996 (from 0.008441265377017252 to 3.672559495031936e-13)
Optimization improved residual by 0.004111452585490183 (from 0.004111452586037276 to 5.470925586158184e-13)
Optimization did not improve residual (initial: 4.087593676048022e-17, final: 4.087593676048022e-17)
Optimization improved residual by 187.72897692746957 (from 187.72897692746966 to 9.598751155544049e-14)
Optimization improved residual by 0.018577235494260946 (from 0.018577235494407502 to 1.4655500390776467e-13)
Optimization improved residual by 0.0038860845485668783 (from 0.0038860845486635262 to 9.66480091028813e-14)
Optimization improved residual by 0.019039400930096147 (from 0.019039400930124448 to 2.8300619038275603e-14)
Optimization improved residual by 0.015749843024624274 (from 0.01574984302467282 to 4.854612612670226e-14)
Optimization improved residual by 4.078095108257913e-6 (from 4.078095180604184e-6 to 7.234627126425423e-14)
Optimization improved residual by 18.35804599882158 (from 18.358045998821794 to 2.1203370323239358e-13)
Optimization improved residual by 0.0396581212868503 (from 0.03965812128706816 to 2.1786081999892742e-13)
Optimization improved residual by 0.0368461926783455 (from 0.03684619267882018 to 4.746830828942899e-13)
Optimization improved residual by 0.0004135388593870975 (from 0.00041353885942151363 to 3.441616456224076e-14)
Optimization improved residual by 0.00041353885938707547 (from 0.0004135388594215137 to 3.443822600371726e-14)
Optimization improved residual by 0.005917748264847696 (from 0.005917748265031107 to 1.8341079804689216e-13)
Optimization did not improve residual (initial: 5.891775870952622e-16, final: 5.891775870952622e-16)
Optimization improved residual by 0.026773211403686846 (from 0.02677321140368911 to 2.2654204432822877e-15)
Optimization improved residual by 0.0030973157363637684 (from 0.003097315736451037 to 8.726851767023225e-14)
Optimization did not improve residual (initial: 3.833207245750786e-18, final: 3.833207245750786e-18)
Optimization improved residual by 0.018162808052429757 (from 0.018162808052687954 to 2.581974500167074e-13)
Optimization improved residual by 0.1737964294199517 (from 0.1737964294205749 to 6.232220989479507e-13)
Optimization improved residual by 0.7155320223279263 (from 0.7155320223280616 to 1.3516982243748205e-13)
Optimization improved residual by 0.01903940093011135 (from 0.01903940093012445 to 1.3102019036176333e-14)
Optimization improved residual by 0.01574984302463982 (from 0.01574984302467282 to 3.299915026949211e-14)
Optimization improved residual by 0.0013197087545083412 (from 0.0013197087552870115 to 7.786703050391245e-13)
Optimization improved residual by 0.15485463499504187 (from 0.15485463499520946 to 1.6757544538379907e-13)
Optimization improved residual by 0.013247857583430844 (from 0.013247857584157894 to 7.270507758028234e-13)
Optimization improved residual by 0.0029463864929298615 (from 0.0029463864936212143 to 6.913527294768942e-13)
Optimization improved residual by 0.48044162482400604 (from 0.4804416248240238 to 1.7773441370988616e-14)
Optimization improved residual by 0.0041114525860122784 (from 0.004111452586037267 to 2.498904923172882e-14)
Optimization improved residual by 0.024275502273770157 (from 0.02427550227391774 to 1.4758300515453669e-13)
Optimization improved residual by 0.311858002917173 (from 0.3118580029178824 to 7.09387686138218e-13)
Optimization improved residual by 0.014585189061145584 (from 0.014585189061793433 to 6.478492344399218e-13)
Optimization did not improve residual (initial: 4.70538884596049e-17, final: 4.70538884596049e-17)
Optimization improved residual by 0.0037667493001219336 (from 0.0037667493005704156 to 4.484820055317981e-13)
Optimization improved residual by 0.004910295898870174 (from 0.004910295899163434 to 2.932605465657628e-13)
Optimization improved residual by 0.01826066552999085 (from 0.018260665530001656 to 1.0807431820404787e-14)
Optimization improved residual by 3.661744437889948e-5 (from 3.661744440017719e-5 to 2.127770972564776e-14)
Optimization improved residual by 0.09284549737125308 (from 0.09284549737182558 to 5.724967345736961e-13)
Optimization improved residual by 0.0050670994472357764 (from 0.005067099447783953 to 5.481770718198413e-13)
Optimization improved residual by 0.0427870363080819 (from 0.0427870363081628 to 8.089914445180153e-14)
Optimization improved residual by 0.01603925503303954 (from 0.016039255033045298 to 5.7599059966839325e-15)
Optimization improved residual by 0.012646767253907638 (from 0.012646767253922395 to 1.475730643792148e-14)
Optimization improved residual by 0.004171120837626765 (from 0.004171120837733073 to 1.0630788203173346e-13)
Optimization improved residual by 0.311858002917173 (from 0.3118580029178824 to 7.09387686138218e-13)
Optimization improved residual by 0.35719513823607046 (from 0.3571951382363402 to 2.697124799536151e-13)
Optimization improved residual by 0.03733175759948381 (from 0.037331757600373376 to 8.895647717458222e-13)
Optimization improved residual by 0.006498867653039273 (from 0.006498867653967663 to 9.28389924801596e-13)
Optimization improved residual by 1.937385515705682e-15 (from 2.75283315632448e-15 to 8.154476406187983e-16)
Optimization improved residual by 0.0029463864933243385 (from 0.002946386493621214 to 2.9687524281871345e-13)
Optimization improved residual by 0.0146273384361707 (from 0.01462733843617628 to 5.5789987129703054e-15)
Optimization improved residual by 1.563427607940528 (from 1.5634276079414964 to 9.683251051168393e-13)
Optimization improved residual by 3.661744421015361e-5 (from 3.661744440017731e-5 to 1.9002369370161992e-13)
Optimization improved residual by 0.004910295899150784 (from 0.004910295899163434 to 1.2650282543017737e-14)
Optimization improved residual by 0.010680990675275708 (from 0.01068099067529423 to 1.852151930299988e-14)
Optimization improved residual by 0.0187788149754672 (from 0.01877881497614808 to 6.808775573833626e-13)
Optimization improved residual by 0.0006994450970104911 (from 0.0006994450975180082 to 5.075170494409654e-13)
Optimization improved residual by 3.1474373157658095 (from 3.1474373157661573 to 3.4786574491521453e-13)
Optimization did not improve residual (initial: 5.013773962297112e-16, final: 5.013773962297112e-16)
Optimization did not improve residual (initial: 1.5943586476333134e-16, final: 1.5943586476333134e-16)
Optimization improved residual by 3.4110419781111485 (from 3.411041978111446 to 2.9756195761338047e-13)
Optimization improved residual by 0.02495093697748787 (from 0.024950936978186795 to 6.989277817101494e-13)
Optimization improved residual by 0.04375551027468408 (from 0.043755510274703306 to 1.9229236336006744e-14)
Optimization improved residual by 515.0155197526258 (from 515.0155197526267 to 9.342192046442134e-13)
Optimization improved residual by 216.04159841669866 (from 216.04159841669883 to 1.626947608259539e-13)
Optimization improved residual by 0.016995965233003917 (from 0.016995965233273132 to 2.692145619165204e-13)
Optimization did not improve residual (initial: 2.3615472037301883e-17, final: 2.3615472037301883e-17)
Optimization improved residual by 0.0013197087545083412 (from 0.0013197087552870115 to 7.786703050391245e-13)
Optimization improved residual by 0.0427870363080819 (from 0.0427870363081628 to 8.089914445180153e-14)
Optimization improved residual by 0.3571951382360689 (from 0.35719513823633864 to 2.6971003297928124e-13)
Optimization improved residual by 0.48727266703159017 (from 0.4872726670316388 to 4.861814131596502e-14)
Optimization improved residual by 0.003759223897961191 (from 0.0037592238980965836 to 1.3539274579134368e-13)
Optimization improved residual by 0.01331522229676538 (from 0.0133152222973558 to 5.904195543349253e-13)
Optimization did not improve residual (initial: 4.520954055767168e-17, final: 4.520954055767168e-17)
Optimization improved residual by 0.15485463499425112 (from 0.15485463499520946 to 9.58330901463989e-13)
Optimization improved residual by 0.010680990674574443 (from 0.01068099067529423 to 7.197863558535961e-13)
Optimization improved residual by 0.036861717708799126 (from 0.03686171770974908 to 9.499576987615044e-13)
Optimization improved residual by 0.0958863434343154 (from 0.09588634343488879 to 5.733948593193328e-13)
Optimization improved residual by 160.95697179455777 (from 160.95697179455786 to 9.526994857081657e-14)
Optimization improved residual by 160.95697179455766 (from 160.95697179455777 to 1.141484250283376e-13)
Optimization improved residual by 25.31126396715949 (from 25.311263967159796 to 3.0416806270946016e-13)
Optimization improved residual by 1.5634276079414682 (from 1.5634276079414964 to 2.8298948334567134e-14)
Optimization did not improve residual (initial: 3.284340433091959e-17, final: 3.284340433091959e-17)
Optimization improved residual by 0.0396581212868503 (from 0.03965812128706816 to 2.1786081999892742e-13)
Optimization improved residual by 0.018260665529998475 (from 0.018260665530001653 to 3.176821392042058e-15)
Optimization improved residual by 0.019600954358066167 (from 0.019600954358333283 to 2.671161396578144e-13)
Optimization improved residual by 0.014627338436011212 (from 0.014627338436176276 to 1.6506428684206515e-13)
Optimization improved residual by 0.0022804543561766146 (from 0.002280454356824825 to 6.482100067878538e-13)
Optimization improved residual by 216.0415984166985 (from 216.04159841669886 to 3.8100826984040335e-13)
Optimization improved residual by 0.48044162482397895 (from 0.4804416248240238 to 4.486639727972597e-14)
Optimization improved residual by 0.2265466749322464 (from 0.22654667493323166 to 9.85261548926399e-13)
Optimization improved residual by 0.01358924978400682 (from 0.013589249784573001 to 5.661803807846993e-13)
Optimization improved residual by 92.18084809091707 (from 92.18084809091788 to 8.096115384030515e-13)
Optimization improved residual by 0.013247857583405104 (from 0.013247857584157889 to 7.527856884397778e-13)
Optimization improved residual by 0.0052621121707938255 (from 0.0052621121708759915 to 8.216573467641833e-14)
Optimization improved residual by 0.004171120837626765 (from 0.004171120837733073 to 1.0630788203173346e-13)
Optimization did not improve residual (initial: 3.558443588251478e-17, final: 3.558443588251478e-17)
Optimization improved residual by 0.026773211403585687 (from 0.026773211403689125 to 1.0343684034703561e-13)
Optimization improved residual by 0.18631085245443338 (from 0.18631085245465157 to 2.18197490181808e-13)
Optimization did not improve residual (initial: 2.120269735781641e-14, final: 2.120269735781641e-14)
Optimization improved residual by 0.01331522229676538 (from 0.0133152222973558 to 5.904195543349253e-13)
Optimization did not improve residual (initial: 4.435626196928729e-17, final: 4.435626196928729e-17)
Optimization did not improve residual (initial: 1.8691200117333687e-17, final: 1.8691200117333687e-17)
Optimization improved residual by 424.0122395813579 (from 424.0122395813585 to 5.845500682369397e-13)
Optimization improved residual by 488.05385460255854 (from 488.05385460255883 to 2.866234047928813e-13)
Optimization improved residual by 0.316506716837043 (from 0.31650671683708986 to 4.686776608724701e-14)
Optimization improved residual by 0.04278703630805558 (from 0.042787036308162836 to 1.0725320304258866e-13)
Optimization improved residual by 0.004432354131191359 (from 0.004432354131216267 to 2.4907707710927548e-14)
Optimization improved residual by 0.008803853714728365 (from 0.00880385371473105 to 2.684964645971307e-15)
Optimization improved residual by 0.015749843024624274 (from 0.01574984302467282 to 4.854612612670226e-14)
Optimization improved residual by 0.003759223897556057 (from 0.003759223898096581 to 5.405238204310645e-13)
Optimization improved residual by 0.0064142519215053895 (from 0.006414251921854689 to 3.492993979156187e-13)
Optimization improved residual by 0.0581740530212174 (from 0.05817405302124718 to 2.9783173297301414e-14)
Optimization improved residual by 0.018577235494260946 (from 0.018577235494407502 to 1.4655500390776467e-13)
Optimization did not improve residual (initial: 5.69052532000738e-14, final: 5.69052532000738e-14)
Optimization improved residual by 0.04940724820009514 (from 0.04940724820015091 to 5.576847349490657e-14)
Optimization improved residual by 0.038789688020284395 (from 0.03878968802028876 to 4.36568723526053e-15)
Optimization improved residual by 0.016039255032495467 (from 0.016039255033045315 to 5.498487557268385e-13)
Optimization did not improve residual (initial: 1.531991596247133e-15, final: 1.531991596247133e-15)
Optimization improved residual by 0.007402661041907634 (from 0.007402661042860151 to 9.525170253773175e-13)
Optimization improved residual by 0.7155320223278209 (from 0.7155320223280641 to 2.43249469006616e-13)
Optimization improved residual by 424.0122395813585 (from 424.0122395813586 to 1.2099739285206028e-13)
Optimization improved residual by 0.09588634343390394 (from 0.09588634343488879 to 9.84851025333764e-13)
Optimization did not improve residual (initial: 2.2624850879677807e-16, final: 2.2624850879677807e-16)
Optimization improved residual by 21.292669395550632 (from 21.29266939555068 to 4.606839967557834e-14)
Optimization did not improve residual (initial: 4.90086786960711e-14, final: 4.90086786960711e-14)
Optimization improved residual by 0.029776722165186176 (from 0.029776722165322886 to 1.3670900882551293e-13)
Optimization improved residual by 0.023215593176006282 (from 0.023215593176398153 to 3.9186953321945474e-13)
Optimization did not improve residual (initial: 4.248319125989879e-17, final: 4.248319125989879e-17)
Optimization improved residual by 130.1022461215047 (from 130.1022461215047 to 3.70370963646975e-15)
Optimization improved residual by 0.05308958656715611 (from 0.05308958656756203 to 4.0592718634829585e-13)
Optimization improved residual by 0.03686171770925621 (from 0.03686171770974912 to 4.929122786631135e-13)
Optimization improved residual by 1.4205235205524255e-14 (from 2.1152763344005856e-14 to 6.9475281384816e-15)
Optimization improved residual by 723.3713010413326 (from 723.3713010413328 to 2.5760927026197537e-13)
Optimization improved residual by 0.01331522229732625 (from 0.013315222297355803 to 2.955277008841803e-14)
Optimization improved residual by 1.0598622787469262e-17 (from 1.4262618124315855e-15 to 1.4156631896441163e-15)
Optimization did not improve residual (initial: 1.2559993285824343e-15, final: 1.2559993285824343e-15)
Optimization improved residual by 0.00443235413106757 (from 0.004432354131216267 to 1.48696806588634e-13)
Optimization improved residual by 0.2265466749322464 (from 0.22654667493323166 to 9.85261548926399e-13)
Optimization improved residual by 12.439060438659993 (from 12.43906043866054 to 5.479518074963079e-13)
Optimization improved residual by 0.029395621137013515 (from 0.0293956211371357 to 1.221818044979571e-13)
Optimization improved residual by 0.008803853714724579 (from 0.008803853714731052 to 6.473922384906073e-15)
Optimization improved residual by 0.1863108524544008 (from 0.18631085245465204 to 2.5124413768751596e-13)
Optimization improved residual by 0.0013197087543844784 (from 0.0013197087552870137 to 9.025352876107744e-13)
Optimization improved residual by 4.503207106121477 (from 4.503207106122317 to 8.399166533555772e-13)
Optimization improved residual by 0.0042341257103439495 (from 0.004234125711158837 to 8.148876206135625e-13)
Optimization improved residual by 0.006498867653442786 (from 0.006498867653967747 to 5.249611278149476e-13)
Optimization improved residual by 0.037331757599787706 (from 0.037331757600373376 to 5.856675535196167e-13)
Optimization improved residual by 0.48044162482397895 (from 0.4804416248240238 to 4.486639727972597e-14)
Optimization improved residual by 0.04940724820014652 (from 0.04940724820015092 to 4.397186946524868e-15)
Optimization improved residual by 0.04375551027418153 (from 0.04375551027470331 to 5.217813593409073e-13)
Optimization did not improve residual (initial: 3.833207245750786e-18, final: 3.833207245750786e-18)
Optimization improved residual by 18.358045998821634 (from 18.35804599882179 to 1.5525549548780215e-13)
Optimization improved residual by 0.005759051604586117 (from 0.005759051604598666 to 1.2548817986478887e-14)
Optimization did not improve residual (initial: 6.217565613774094e-16, final: 6.217565613774094e-16)
Optimization improved residual by 25.31126396715892 (from 25.311263967159803 to 8.841645180656271e-13)
Optimization improved residual by 0.004111452585490183 (from 0.004111452586037276 to 5.470925586158184e-13)
Optimization improved residual by 0.01331522229732625 (from 0.013315222297355803 to 2.955277008841803e-14)
Optimization improved residual by 0.018778814976143945 (from 0.01877881497614809 to 4.144716446009157e-15)
Optimization improved residual by 21.29266939554985 (from 21.292669395550675 to 8.234297186723207e-13)
Optimization improved residual by 0.48727266703077604 (from 0.4872726670316388 to 8.627288309136346e-13)
Optimization improved residual by 0.01068099067527571 (from 0.010680990675294232 to 1.852159026017302e-14)
Optimization did not improve residual (initial: 4.087593676048022e-17, final: 4.087593676048022e-17)
Optimization improved residual by 0.010680990674574448 (from 0.010680990675294235 to 7.197863531653927e-13)
Optimization improved residual by 0.01816280805260552 (from 0.01816280805268795 to 8.243082998305355e-14)
Optimization improved residual by 0.03878968802004838 (from 0.038789688020288746 to 2.4036388279215957e-13)
Optimization improved residual by 0.0013197087543844784 (from 0.0013197087552870137 to 9.025352876107744e-13)
Optimization improved residual by 0.0249509369780439 (from 0.02495093697818678 to 1.4288068609146286e-13)
Optimization improved residual by 0.03202684918575364 (from 0.032026849186742506 to 9.888675989901197e-13)
Optimization improved residual by 424.0122395813579 (from 424.0122395813585 to 5.845500682369397e-13)
Optimization improved residual by 0.014248634435540829 (from 0.014248634435554356 to 1.3527000430023897e-14)
Optimization improved residual by 4.129383881777395e-19 (from 2.18895885381483e-17 to 2.147665014997056e-17)
Optimization improved residual by 0.03219114529655451 (from 0.03219114529702065 to 4.661397922053513e-13)
Optimization improved residual by 0.058174053020742106 (from 0.058174053021247125 to 5.050228668329414e-13)
Optimization improved residual by 0.005964938046342728 (from 0.005964938047138851 to 7.961232311998933e-13)
Optimization improved residual by 0.0059177482650012376 (from 0.005917748265031107 to 2.986901272245605e-14)
Optimization improved residual by 0.005759051604586117 (from 0.005759051604598666 to 1.2548817986478887e-14)
Optimization improved residual by 0.008441265376649996 (from 0.008441265377017252 to 3.672559495031936e-13)
Optimization improved residual by 0.014585189061145584 (from 0.014585189061793433 to 6.478492344399218e-13)
Optimization did not improve residual (initial: 9.792589637495905e-18, final: 9.792589637495905e-18)
Optimization improved residual by 0.03878968802004838 (from 0.038789688020288746 to 2.4036388279215957e-13)
Optimization did not improve residual (initial: 9.792589637495905e-18, final: 9.792589637495905e-18)
Optimization improved residual by 0.006498867653039273 (from 0.006498867653967663 to 9.28389924801596e-13)
Optimization did not improve residual (initial: 3.858180520303436e-16, final: 3.858180520303436e-16)
Optimization did not improve residual (initial: 9.061606324032125e-17, final: 9.061606324032125e-17)
Optimization improved residual by 0.018162808052429757 (from 0.018162808052687954 to 2.581974500167074e-13)
Optimization improved residual by 0.011995198377727794 (from 0.011995198378605952 to 8.781580803905268e-13)
Optimization did not improve residual (initial: 3.858180520303436e-16, final: 3.858180520303436e-16)
Optimization improved residual by 21.29266939554985 (from 21.292669395550675 to 8.234297186723207e-13)
Optimization did not improve residual (initial: 2.2232230977175814e-16, final: 2.2232230977175814e-16)
Optimization improved residual by 0.02036183349909522 (from 0.020361833499296652 to 2.0143327947080696e-13)
Optimization improved residual by 0.48727266703159017 (from 0.4872726670316388 to 4.861814131596502e-14)
Optimization improved residual by 21.292669395550632 (from 21.29266939555068 to 4.606839967557834e-14)
Optimization improved residual by 21.635021510591045 (from 21.635021510591727 to 6.829098547184082e-13)
Optimization improved residual by 1.1484137565186237 (from 1.148413756518888 to 2.644080732519172e-13)
Optimization improved residual by 3.1474373157663713 (from 3.147437315766719 to 3.478730732177294e-13)
Optimization improved residual by 0.029555758034692143 (from 0.029555758034842346 to 1.502021081442077e-13)
Optimization did not improve residual (initial: 1.9616327354535379e-13, final: 1.9616327354535379e-13)
Optimization improved residual by 0.0187788149754672 (from 0.01877881497614808 to 6.808775573833626e-13)
Optimization improved residual by 0.009485971862183626 (from 0.009485971862404305 to 2.2068013083632455e-13)
Optimization improved residual by 4.503207106121321 (from 4.503207106122319 to 9.97804184172432e-13)
Optimization improved residual by 0.016039255032495467 (from 0.016039255033045315 to 5.498487557268385e-13)
Optimization did not improve residual (initial: 7.7822712878894e-15, final: 7.7822712878894e-15)
Optimization improved residual by 0.0029369284176821745 (from 0.002936928417763074 to 8.089915143713145e-14)
Optimization improved residual by 4.078095108257913e-6 (from 4.078095180604184e-6 to 7.234627126425423e-14)
Optimization improved residual by 0.007402661042849165 (from 0.007402661042860148 to 1.0983385887171394e-14)
Optimization improved residual by 0.0958863434343154 (from 0.09588634343488879 to 5.733948593193328e-13)
Optimization improved residual by 0.1863108524544008 (from 0.18631085245465204 to 2.5124413768751596e-13)
Optimization improved residual by 3.661744421015361e-5 (from 3.661744440017731e-5 to 1.9002369370161992e-13)
Optimization improved residual by 187.72897692746957 (from 187.72897692746972 to 1.3225057346943243e-13)
Optimization improved residual by 0.0050670994472357764 (from 0.005067099447783953 to 5.481770718198413e-13)
Optimization improved residual by 0.0022804543561766146 (from 0.002280454356824825 to 6.482100067878538e-13)
Optimization improved residual by 0.008803853714724579 (from 0.008803853714731052 to 6.473922384906073e-15)
Optimization improved residual by 132.41436793364056 (from 132.41436793364056 to 1.0356201587420712e-14)
Optimization improved residual by 0.005964938046879373 (from 0.005964938047138851 to 2.5947817897729727e-13)
Optimization improved residual by 0.48044162482400604 (from 0.4804416248240238 to 1.7773441370988616e-14)
Optimization improved residual by 0.3118580029177516 (from 0.3118580029178831 to 1.3150940642025022e-13)
Optimization improved residual by 0.02011654227649449 (from 0.02011654227705707 to 5.625772343810988e-13)
Optimization did not improve residual (initial: 2.043468370580025e-15, final: 2.043468370580025e-15)
Optimization improved residual by 1.1484137565186237 (from 1.148413756518888 to 2.644080732519172e-13)
Optimization improved residual by 1.1484137565183896 (from 1.148413756518885 to 4.953149558563687e-13)
Optimization improved residual by 0.0034831802648952054 (from 0.003483180265564439 to 6.692337499329553e-13)
Optimization improved residual by 0.0244545766835441 (from 0.024454576683939248 to 3.95149023671814e-13)
Optimization improved residual by 0.35719513823632837 (from 0.35719513823633153 to 3.1645962101730647e-15)
Optimization improved residual by 0.3165067168370148 (from 0.3165067168370912 to 7.636616703668619e-14)
Optimization improved residual by 15.440857863675253 (from 15.44085786367547 to 2.1703062295018724e-13)
Optimization did not improve residual (initial: 9.082210390502536e-14, final: 9.082210390502536e-14)
Optimization improved residual by 0.0368461926783455 (from 0.03684619267882018 to 4.746830828942899e-13)
Optimization improved residual by 2.11453884415677e-5 (from 2.114538854092736e-5 to 9.935965709060016e-14)
Optimization improved residual by 0.00017266212657431862 (from 0.00017266212659749144 to 2.3172822213015442e-14)
Optimization improved residual by 0.006414251921539069 (from 0.006414251921854689 to 3.1561968808519186e-13)
Optimization improved residual by 9.037754012453485 (from 9.037754012453547 to 6.260627175426372e-14)
Optimization improved residual by 0.006515223737652483 (from 0.0065152237377119615 to 5.947847801698893e-14)
Optimization improved residual by 0.09284549737180631 (from 0.09284549737182561 to 1.9306968994883977e-14)
Optimization improved residual by 0.22654667493264508 (from 0.22654667493323166 to 5.865865289028234e-13)
Optimization improved residual by 0.01903940093011135 (from 0.01903940093012445 to 1.3102019036176333e-14)
Optimization did not improve residual (initial: 7.075270335949167e-18, final: 7.075270335949167e-18)
Optimization improved residual by 0.0028637263094040315 (from 0.0028637263097080873 to 3.0405569902955857e-13)
Optimization improved residual by 0.011495253798385138 (from 0.0114952537993067 to 9.215615669028767e-13)
Optimization improved residual by 0.012646767253907638 (from 0.012646767253922395 to 1.475730643792148e-14)
Optimization did not improve residual (initial: 2.414382219099875e-13, final: 2.414382219099875e-13)
Optimization improved residual by 0.03219114529655451 (from 0.03219114529702065 to 4.661397922053513e-13)




































































































































































