┌ Warning: Optimization did not converge. RetCode: Stalled
└ @ ODEParameterEstimation ~/ODEParameterEstimation/src/core/solvers/homotopy_continuation.jl:778
┌ Warning: Optimization did not converge. RetCode: Stalled
└ @ ODEParameterEstimation ~/ODEParameterEstimation/src/core/solvers/homotopy_continuation.jl:778
┌ Warning: Optimization did not converge. RetCode: MaxIters
└ @ ODEParameterEstimation ~/ODEParameterEstimation/src/core/solvers/homotopy_continuation.jl:778
┌ Warning: Optimization did not converge. RetCode: Stalled
└ @ ODEParameterEstimation ~/ODEParameterEstimation/src/core/solvers/homotopy_continuation.jl:778
┌ Warning: Optimization did not converge. RetCode: MaxIters
└ @ ODEParameterEstimation ~/ODEParameterEstimation/src/core/solvers/homotopy_continuation.jl:778
┌ Warning: Optimization did not converge. RetCode: Stalled
└ @ ODEParameterEstimation ~/ODEParameterEstimation/src/core/solvers/homotopy_continuation.jl:778
┌ Warning: Optimization did not converge. RetCode: MaxIters
└ @ ODEParameterEstimation ~/ODEParameterEstimation/src/core/solvers/homotopy_continuation.jl:778
┌ Warning: Optimization did not converge. RetCode: Stalled
└ @ ODEParameterEstimation ~/ODEParameterEstimation/src/core/solvers/homotopy_continuation.jl:778
┌ Warning: Optimization did not converge. RetCode: MaxIters
└ @ ODEParameterEstimation ~/ODEParameterEstimation/src/core/solvers/homotopy_continuation.jl:778
┌ Warning: Optimization did not converge. RetCode: Stalled
└ @ ODEParameterEstimation ~/ODEParameterEstimation/src/core/solvers/homotopy_continuation.jl:778
┌ Warning: Optimization did not converge. RetCode: MaxIters
└ @ ODEParameterEstimation ~/ODEParameterEstimation/src/core/solvers/homotopy_continuation.jl:778
┌ Warning: Optimization did not converge. RetCode: MaxIters
└ @ ODEParameterEstimation ~/ODEParameterEstimation/src/core/solvers/homotopy_continuation.jl:778
┌ Warning: Optimization did not converge. RetCode: Stalled
└ @ ODEParameterEstimation ~/ODEParameterEstimation/src/core/solvers/homotopy_continuation.jl:778
┌ Warning: Optimization did not converge. RetCode: Stalled
└ @ ODEParameterEstimation ~/ODEParameterEstimation/src/core/solvers/homotopy_continuation.jl:778
┌ Warning: Optimization did not converge. RetCode: Stalled
└ @ ODEParameterEstimation ~/ODEParameterEstimation/src/core/solvers/homotopy_continuation.jl:778
┌ Warning: Optimization did not converge. RetCode: Stalled
└ @ ODEParameterEstimation ~/ODEParameterEstimation/src/core/solvers/homotopy_continuation.jl:778
┌ Warning: Optimization did not converge. RetCode: Stalled
└ @ ODEParameterEstimation ~/ODEParameterEstimation/src/core/solvers/homotopy_continuation.jl:778
┌ Warning: Optimization did not converge. RetCode: MaxIters
└ @ ODEParameterEstimation ~/ODEParameterEstimation/src/core/solvers/homotopy_continuation.jl:778
┌ Warning: Optimization did not converge. RetCode: MaxIters
└ @ ODEParameterEstimation ~/ODEParameterEstimation/src/core/solvers/homotopy_continuation.jl:778
┌ Warning: Optimization did not converge. RetCode: MaxIters
└ @ ODEParameterEstimation ~/ODEParameterEstimation/src/core/solvers/homotopy_continuation.jl:778
┌ Warning: Optimization did not converge. RetCode: MaxIters
└ @ ODEParameterEstimation ~/ODEParameterEstimation/src/core/solvers/homotopy_continuation.jl:778
┌ Warning: Optimization did not converge. RetCode: MaxIters
└ @ ODEParameterEstimation ~/ODEParameterEstimation/src/core/solvers/homotopy_continuation.jl:778
┌ Warning: Optimization did not converge. RetCode: Stalled
└ @ ODEParameterEstimation ~/ODEParameterEstimation/src/core/solvers/homotopy_continuation.jl:778
┌ Warning: Optimization did not converge. RetCode: MaxIters
└ @ ODEParameterEstimation ~/ODEParameterEstimation/src/core/solvers/homotopy_continuation.jl:778
┌ Warning: Optimization did not converge. RetCode: MaxIters
└ @ ODEParameterEstimation ~/ODEParameterEstimation/src/core/solvers/homotopy_continuation.jl:778
┌ Warning: Optimization did not converge. RetCode: MaxIters
└ @ ODEParameterEstimation ~/ODEParameterEstimation/src/core/solvers/homotopy_continuation.jl:778
┌ Warning: Optimization did not converge. RetCode: MaxIters
└ @ ODEParameterEstimation ~/ODEParameterEstimation/src/core/solvers/homotopy_continuation.jl:778
┌ Warning: Optimization did not converge. RetCode: MaxIters
└ @ ODEParameterEstimation ~/ODEParameterEstimation/src/core/solvers/homotopy_continuation.jl:778
┌ Warning: Optimization did not converge. RetCode: MaxIters
└ @ ODEParameterEstimation ~/ODEParameterEstimation/src/core/solvers/homotopy_continuation.jl:778
┌ Warning: Optimization did not converge. RetCode: MaxIters
└ @ ODEParameterEstimation ~/ODEParameterEstimation/src/core/solvers/homotopy_continuation.jl:778
┌ Warning: Optimization did not converge. RetCode: MaxIters
└ @ ODEParameterEstimation ~/ODEParameterEstimation/src/core/solvers/homotopy_continuation.jl:778
┌ Warning: Optimization did not converge. RetCode: Stalled
└ @ ODEParameterEstimation ~/ODEParameterEstimation/src/core/solvers/homotopy_continuation.jl:778
┌ Warning: Optimization did not converge. RetCode: Stalled
└ @ ODEParameterEstimation ~/ODEParameterEstimation/src/core/solvers/homotopy_continuation.jl:778
┌ Warning: Optimization did not converge. RetCode: MaxIters
└ @ ODEParameterEstimation ~/ODEParameterEstimation/src/core/solvers/homotopy_continuation.jl:778
┌ Warning: Optimization did not converge. RetCode: Stalled
└ @ ODEParameterEstimation ~/ODEParameterEstimation/src/core/solvers/homotopy_continuation.jl:778
┌ Warning: Optimization did not converge. RetCode: MaxIters
└ @ ODEParameterEstimation ~/ODEParameterEstimation/src/core/solvers/homotopy_continuation.jl:778
┌ Warning: Optimization did not converge. RetCode: Stalled
└ @ ODEParameterEstimation ~/ODEParameterEstimation/src/core/solvers/homotopy_continuation.jl:778
┌ Warning: Optimization did not converge. RetCode: MaxIters
└ @ ODEParameterEstimation ~/ODEParameterEstimation/src/core/solvers/homotopy_continuation.jl:778
┌ Warning: Optimization did not converge. RetCode: MaxIters
└ @ ODEParameterEstimation ~/ODEParameterEstimation/src/core/solvers/homotopy_continuation.jl:778
┌ Warning: Optimization did not converge. RetCode: Stalled
└ @ ODEParameterEstimation ~/ODEParameterEstimation/src/core/solvers/homotopy_continuation.jl:778
┌ Warning: Optimization did not converge. RetCode: Stalled
└ @ ODEParameterEstimation ~/ODEParameterEstimation/src/core/solvers/homotopy_continuation.jl:778
┌ Warning: Optimization did not converge. RetCode: Stalled
└ @ ODEParameterEstimation ~/ODEParameterEstimation/src/core/solvers/homotopy_continuation.jl:778
┌ Warning: Optimization did not converge. RetCode: Stalled
└ @ ODEParameterEstimation ~/ODEParameterEstimation/src/core/solvers/homotopy_continuation.jl:778
┌ Warning: Optimization did not converge. RetCode: MaxIters
└ @ ODEParameterEstimation ~/ODEParameterEstimation/src/core/solvers/homotopy_continuation.jl:778
┌ Warning: Optimization did not converge. RetCode: MaxIters
└ @ ODEParameterEstimation ~/ODEParameterEstimation/src/core/solvers/homotopy_continuation.jl:778
┌ Warning: Optimization did not converge. RetCode: Stalled
└ @ ODEParameterEstimation ~/ODEParameterEstimation/src/core/solvers/homotopy_continuation.jl:778
┌ Warning: Optimization did not converge. RetCode: Stalled
└ @ ODEParameterEstimation ~/ODEParameterEstimation/src/core/solvers/homotopy_continuation.jl:778
┌ Warning: Optimization did not converge. RetCode: MaxIters
└ @ ODEParameterEstimation ~/ODEParameterEstimation/src/core/solvers/homotopy_continuation.jl:778
┌ Warning: Optimization did not converge. RetCode: MaxIters
└ @ ODEParameterEstimation ~/ODEParameterEstimation/src/core/solvers/homotopy_continuation.jl:778
┌ Warning: Optimization did not converge. RetCode: Stalled
└ @ ODEParameterEstimation ~/ODEParameterEstimation/src/core/solvers/homotopy_continuation.jl:778
┌ Warning: Interrupted. Larger maxiters is needed. If you are using an integrator for non-stiff ODEs or an automatic switching algorithm (the default), you may want to consider using a method for stiff equations. See the solver pages for more details (e.g. https://docs.sciml.ai/DiffEqDocs/stable/solvers/ode_solve/#Stiff-Problems).
└ @ SciMLBase ~/.julia/packages/SciMLBase/VW1cI/src/integrator_interface.jl:589
┌ Warning: At t=-0.9661668659268059, dt was forced below floating point epsilon -9.958411297283167e-17, and step error estimate = 1.0342495592096086. Aborting. There is either an error in your model specification or the true solution is unstable (or the true solution can not be represented in the precision of Float64).
└ @ SciMLBase ~/.julia/packages/SciMLBase/VW1cI/src/integrator_interface.jl:623
┌ Warning: At t=-0.1494964941846181, dt was forced below floating point epsilon -8.919746016864183e-18, and step error estimate = 29676.707236462258. Aborting. There is either an error in your model specification or the true solution is unstable (or the true solution can not be represented in the precision of Float64).
└ @ SciMLBase ~/.julia/packages/SciMLBase/VW1cI/src/integrator_interface.jl:623
┌ Warning: At t=-0.09414676356086071, dt was forced below floating point epsilon -1.2283997537924469e-17, and step error estimate = 1.1809898756963004. Aborting. There is either an error in your model specification or the true solution is unstable (or the true solution can not be represented in the precision of Float64).
└ @ SciMLBase ~/.julia/packages/SciMLBase/VW1cI/src/integrator_interface.jl:623
┌ Warning: At t=-0.355073011844367, dt was forced below floating point epsilon -5.208397382940729e-17, and step error estimate = 441.9346771635286. Aborting. There is either an error in your model specification or the true solution is unstable (or the true solution can not be represented in the precision of Float64).
└ @ SciMLBase ~/.julia/packages/SciMLBase/VW1cI/src/integrator_interface.jl:623
┌ Warning: At t=-0.35507301184436924, dt was forced below floating point epsilon -4.1669433707992286e-17, and step error estimate = 17.660896839340364. Aborting. There is either an error in your model specification or the true solution is unstable (or the true solution can not be represented in the precision of Float64).
└ @ SciMLBase ~/.julia/packages/SciMLBase/VW1cI/src/integrator_interface.jl:623
┌ Warning: At t=-0.5303371133764377, dt was forced below floating point epsilon -9.924373049367288e-17, and step error estimate = 1.0702775378495597. Aborting. There is either an error in your model specification or the true solution is unstable (or the true solution can not be represented in the precision of Float64).
└ @ SciMLBase ~/.julia/packages/SciMLBase/VW1cI/src/integrator_interface.jl:623
┌ Warning: At t=0.08199999747530486, dt was forced below floating point epsilon -1.2599016087955518e-17, and step error estimate = 1.7444153368747064. Aborting. There is either an error in your model specification or the true solution is unstable (or the true solution can not be represented in the precision of Float64).
└ @ SciMLBase ~/.julia/packages/SciMLBase/VW1cI/src/integrator_interface.jl:623
┌ Warning: Interrupted. Larger maxiters is needed. If you are using an integrator for non-stiff ODEs or an automatic switching algorithm (the default), you may want to consider using a method for stiff equations. See the solver pages for more details (e.g. https://docs.sciml.ai/DiffEqDocs/stable/solvers/ode_solve/#Stiff-Problems).
└ @ SciMLBase ~/.julia/packages/SciMLBase/VW1cI/src/integrator_interface.jl:589
┌ Warning: At t=-0.09097230016252307, dt was forced below floating point epsilon -1.2833576363172255e-17, and step error estimate = 1.0438410604720827. Aborting. There is either an error in your model specification or the true solution is unstable (or the true solution can not be represented in the precision of Float64).
└ @ SciMLBase ~/.julia/packages/SciMLBase/VW1cI/src/integrator_interface.jl:623
┌ Warning: At t=-0.25944320867612003, dt was forced below floating point epsilon -5.1161801456160396e-17, and step error estimate = NaN. Aborting. There is either an error in your model specification or the true solution is unstable (or the true solution can not be represented in the precision of Float64).
└ @ SciMLBase ~/.julia/packages/SciMLBase/VW1cI/src/integrator_interface.jl:623
┌ Warning: At t=-0.9661668659268059, dt was forced below floating point epsilon -9.958411297283167e-17, and step error estimate = 1.0342495592096086. Aborting. There is either an error in your model specification or the true solution is unstable (or the true solution can not be represented in the precision of Float64).
└ @ SciMLBase ~/.julia/packages/SciMLBase/VW1cI/src/integrator_interface.jl:623
┌ Warning: At t=0.07624653097137608, dt was forced below floating point epsilon -1.2348534901792295e-17, and step error estimate = 2.505697022856162. Aborting. There is either an error in your model specification or the true solution is unstable (or the true solution can not be represented in the precision of Float64).
└ @ SciMLBase ~/.julia/packages/SciMLBase/VW1cI/src/integrator_interface.jl:623
┌ Warning: Interrupted. Larger maxiters is needed. If you are using an integrator for non-stiff ODEs or an automatic switching algorithm (the default), you may want to consider using a method for stiff equations. See the solver pages for more details (e.g. https://docs.sciml.ai/DiffEqDocs/stable/solvers/ode_solve/#Stiff-Problems).
└ @ SciMLBase ~/.julia/packages/SciMLBase/VW1cI/src/integrator_interface.jl:589
┌ Warning: At t=-0.0055438719525131375, dt was forced below floating point epsilon -8.521894418034364e-19, and step error estimate = 1.0548390216331567. Aborting. There is either an error in your model specification or the true solution is unstable (or the true solution can not be represented in the precision of Float64).
└ @ SciMLBase ~/.julia/packages/SciMLBase/VW1cI/src/integrator_interface.jl:623
┌ Warning: At t=-0.01256974726751468, dt was forced below floating point epsilon -9.474496529841352e-19, and step error estimate = 332.3787807435669. Aborting. There is either an error in your model specification or the true solution is unstable (or the true solution can not be represented in the precision of Float64).
└ @ SciMLBase ~/.julia/packages/SciMLBase/VW1cI/src/integrator_interface.jl:623
┌ Warning: At t=-0.8709069419719758, dt was forced below floating point epsilon -6.68248611058677e-17, and step error estimate = 391.39351490172936. Aborting. There is either an error in your model specification or the true solution is unstable (or the true solution can not be represented in the precision of Float64).
└ @ SciMLBase ~/.julia/packages/SciMLBase/VW1cI/src/integrator_interface.jl:623
┌ Warning: At t=0.08199988601689621, dt was forced below floating point epsilon -1.2425109273945585e-17, and step error estimate = 1.0534753930882295. Aborting. There is either an error in your model specification or the true solution is unstable (or the true solution can not be represented in the precision of Float64).
└ @ SciMLBase ~/.julia/packages/SciMLBase/VW1cI/src/integrator_interface.jl:623
┌ Warning: At t=-0.8709069419719758, dt was forced below floating point epsilon -6.68248611058677e-17, and step error estimate = 391.39351490172936. Aborting. There is either an error in your model specification or the true solution is unstable (or the true solution can not be represented in the precision of Float64).
└ @ SciMLBase ~/.julia/packages/SciMLBase/VW1cI/src/integrator_interface.jl:623
┌ Warning: At t=-0.01256974726751468, dt was forced below floating point epsilon -9.474496529841352e-19, and step error estimate = 332.3787807435669. Aborting. There is either an error in your model specification or the true solution is unstable (or the true solution can not be represented in the precision of Float64).
└ @ SciMLBase ~/.julia/packages/SciMLBase/VW1cI/src/integrator_interface.jl:623
┌ Warning: Interrupted. Larger maxiters is needed. If you are using an integrator for non-stiff ODEs or an automatic switching algorithm (the default), you may want to consider using a method for stiff equations. See the solver pages for more details (e.g. https://docs.sciml.ai/DiffEqDocs/stable/solvers/ode_solve/#Stiff-Problems).
└ @ SciMLBase ~/.julia/packages/SciMLBase/VW1cI/src/integrator_interface.jl:589
┌ Warning: Interrupted. Larger maxiters is needed. If you are using an integrator for non-stiff ODEs or an automatic switching algorithm (the default), you may want to consider using a method for stiff equations. See the solver pages for more details (e.g. https://docs.sciml.ai/DiffEqDocs/stable/solvers/ode_solve/#Stiff-Problems).
└ @ SciMLBase ~/.julia/packages/SciMLBase/VW1cI/src/integrator_interface.jl:589
┌ Warning: At t=-0.005543871952513109, dt was forced below floating point epsilon -7.547693882504626e-19, and step error estimate = 1.4005756537752059. Aborting. There is either an error in your model specification or the true solution is unstable (or the true solution can not be represented in the precision of Float64).
└ @ SciMLBase ~/.julia/packages/SciMLBase/VW1cI/src/integrator_interface.jl:623
┌ Warning: At t=0.08199999999775613, dt was forced below floating point epsilon -3.4719252953814126e-18, and step error estimate = NaN. Aborting. There is either an error in your model specification or the true solution is unstable (or the true solution can not be represented in the precision of Float64).
└ @ SciMLBase ~/.julia/packages/SciMLBase/VW1cI/src/integrator_interface.jl:623
┌ Warning: At t=-0.0650897273476703, dt was forced below floating point epsilon -1.2296876450994352e-17, and step error estimate = 1.1686727222886437. Aborting. There is either an error in your model specification or the true solution is unstable (or the true solution can not be represented in the precision of Float64).
└ @ SciMLBase ~/.julia/packages/SciMLBase/VW1cI/src/integrator_interface.jl:623
┌ Warning: At t=-0.8940512897869706, dt was forced below floating point epsilon -6.855173860540968e-17, and step error estimate = 477.94324316438787. Aborting. There is either an error in your model specification or the true solution is unstable (or the true solution can not be represented in the precision of Float64).
└ @ SciMLBase ~/.julia/packages/SciMLBase/VW1cI/src/integrator_interface.jl:623
┌ Warning: At t=0.08154968112384987, dt was forced below floating point epsilon -1.2304447989750149e-17, and step error estimate = 1.1614974201013022. Aborting. There is either an error in your model specification or the true solution is unstable (or the true solution can not be represented in the precision of Float64).
└ @ SciMLBase ~/.julia/packages/SciMLBase/VW1cI/src/integrator_interface.jl:623
┌ Warning: At t=0.06951767696754459, dt was forced below floating point epsilon -1.2932408504856336e-17, and step error estimate = 1.2733191781007673. Aborting. There is either an error in your model specification or the true solution is unstable (or the true solution can not be represented in the precision of Float64).
└ @ SciMLBase ~/.julia/packages/SciMLBase/VW1cI/src/integrator_interface.jl:623
┌ Warning: At t=-0.12705612789768075, dt was forced below floating point epsilon -2.7569528704294973e-17, and step error estimate = 1.0786011993457514. Aborting. There is either an error in your model specification or the true solution is unstable (or the true solution can not be represented in the precision of Float64).
└ @ SciMLBase ~/.julia/packages/SciMLBase/VW1cI/src/integrator_interface.jl:623
┌ Warning: At t=-0.4386990681247725, dt was forced below floating point epsilon -5.5131124303871034e-17, and step error estimate = 1.026907314808737. Aborting. There is either an error in your model specification or the true solution is unstable (or the true solution can not be represented in the precision of Float64).
└ @ SciMLBase ~/.julia/packages/SciMLBase/VW1cI/src/integrator_interface.jl:623
┌ Warning: At t=-0.03477142725120289, dt was forced below floating point epsilon -6.443639459903865e-18, and step error estimate = 1.0098335558526732. Aborting. There is either an error in your model specification or the true solution is unstable (or the true solution can not be represented in the precision of Float64).
└ @ SciMLBase ~/.julia/packages/SciMLBase/VW1cI/src/integrator_interface.jl:623
┌ Warning: At t=-0.21669154730455142, dt was forced below floating point epsilon -2.4667497514208275e-17, and step error estimate = 1.1341859559532792. Aborting. There is either an error in your model specification or the true solution is unstable (or the true solution can not be represented in the precision of Float64).
└ @ SciMLBase ~/.julia/packages/SciMLBase/VW1cI/src/integrator_interface.jl:623
┌ Warning: At t=0.04752205555887182, dt was forced below floating point epsilon -6.231808567825601e-18, and step error estimate = 1.0213756799916964. Aborting. There is either an error in your model specification or the true solution is unstable (or the true solution can not be represented in the precision of Float64).
└ @ SciMLBase ~/.julia/packages/SciMLBase/VW1cI/src/integrator_interface.jl:623
┌ Warning: At t=0.07298795238814881, dt was forced below floating point epsilon -7.76588514065808e-18, and step error estimate = NaN. Aborting. There is either an error in your model specification or the true solution is unstable (or the true solution can not be represented in the precision of Float64).
└ @ SciMLBase ~/.julia/packages/SciMLBase/VW1cI/src/integrator_interface.jl:623
┌ Warning: At t=0.081999994536026, dt was forced below floating point epsilon -1.3401940680017153e-17, and step error estimate = 4.759888517406093. Aborting. There is either an error in your model specification or the true solution is unstable (or the true solution can not be represented in the precision of Float64).
└ @ SciMLBase ~/.julia/packages/SciMLBase/VW1cI/src/integrator_interface.jl:623
┌ Warning: At t=-0.006953469024938525, dt was forced below floating point epsilon -7.665244733203921e-19, and step error estimate = 1.2000160573706475. Aborting. There is either an error in your model specification or the true solution is unstable (or the true solution can not be represented in the precision of Float64).
└ @ SciMLBase ~/.julia/packages/SciMLBase/VW1cI/src/integrator_interface.jl:623
┌ Warning: At t=0.08154968112384987, dt was forced below floating point epsilon -1.2304447989750149e-17, and step error estimate = 1.1614974201013022. Aborting. There is either an error in your model specification or the true solution is unstable (or the true solution can not be represented in the precision of Float64).
└ @ SciMLBase ~/.julia/packages/SciMLBase/VW1cI/src/integrator_interface.jl:623
┌ Warning: At t=-0.028554713218062477, dt was forced below floating point epsilon -3.321582827293767e-18, and step error estimate = 1.0460772205560187. Aborting. There is either an error in your model specification or the true solution is unstable (or the true solution can not be represented in the precision of Float64).
└ @ SciMLBase ~/.julia/packages/SciMLBase/VW1cI/src/integrator_interface.jl:623
┌ Warning: At t=0.08199997486346584, dt was forced below floating point epsilon -1.2237631281632215e-17, and step error estimate = 1.226529970006671. Aborting. There is either an error in your model specification or the true solution is unstable (or the true solution can not be represented in the precision of Float64).
└ @ SciMLBase ~/.julia/packages/SciMLBase/VW1cI/src/integrator_interface.jl:623
┌ Warning: At t=-0.30823069435318967, dt was forced below floating point epsilon -3.664318432496892e-17, and step error estimate = 521.75004492046. Aborting. There is either an error in your model specification or the true solution is unstable (or the true solution can not be represented in the precision of Float64).
└ @ SciMLBase ~/.julia/packages/SciMLBase/VW1cI/src/integrator_interface.jl:623
┌ Warning: At t=-0.3768954686029448, dt was forced below floating point epsilon -5.485524056508675e-17, and step error estimate = 1.0131333532499298. Aborting. There is either an error in your model specification or the true solution is unstable (or the true solution can not be represented in the precision of Float64).
└ @ SciMLBase ~/.julia/packages/SciMLBase/VW1cI/src/integrator_interface.jl:623
┌ Warning: At t=-0.029905312666631507, dt was forced below floating point epsilon -3.075926324533435e-18, and step error estimate = 1.16219959784399. Aborting. There is either an error in your model specification or the true solution is unstable (or the true solution can not be represented in the precision of Float64).
└ @ SciMLBase ~/.julia/packages/SciMLBase/VW1cI/src/integrator_interface.jl:623
┌ Warning: At t=-0.6607394545930606, dt was forced below floating point epsilon -1.1002547879017522e-16, and step error estimate = 1.0158851316517163. Aborting. There is either an error in your model specification or the true solution is unstable (or the true solution can not be represented in the precision of Float64).
└ @ SciMLBase ~/.julia/packages/SciMLBase/VW1cI/src/integrator_interface.jl:623
┌ Warning: At t=-0.05602219667301711, dt was forced below floating point epsilon -6.629437330256662e-18, and step error estimate = 1.0694414089242237. Aborting. There is either an error in your model specification or the true solution is unstable (or the true solution can not be represented in the precision of Float64).
└ @ SciMLBase ~/.julia/packages/SciMLBase/VW1cI/src/integrator_interface.jl:623
┌ Warning: At t=-0.6097448037564466, dt was forced below floating point epsilon -1.0619066527535832e-16, and step error estimate = 1.0244237350767502. Aborting. There is either an error in your model specification or the true solution is unstable (or the true solution can not be represented in the precision of Float64).
└ @ SciMLBase ~/.julia/packages/SciMLBase/VW1cI/src/integrator_interface.jl:623
┌ Warning: At t=0.0819999421586118, dt was forced below floating point epsilon -4.41077216023557e-18, and step error estimate = NaN. Aborting. There is either an error in your model specification or the true solution is unstable (or the true solution can not be represented in the precision of Float64).
└ @ SciMLBase ~/.julia/packages/SciMLBase/VW1cI/src/integrator_interface.jl:623
┌ Warning: At t=-0.5067555308882266, dt was forced below floating point epsilon -1.1050966604188665e-16, and step error estimate = 1.016026155503316. Aborting. There is either an error in your model specification or the true solution is unstable (or the true solution can not be represented in the precision of Float64).
└ @ SciMLBase ~/.julia/packages/SciMLBase/VW1cI/src/integrator_interface.jl:623
┌ Warning: At t=-0.30823069435318967, dt was forced below floating point epsilon -3.664318432496892e-17, and step error estimate = 521.75004492046. Aborting. There is either an error in your model specification or the true solution is unstable (or the true solution can not be represented in the precision of Float64).
└ @ SciMLBase ~/.julia/packages/SciMLBase/VW1cI/src/integrator_interface.jl:623
┌ Warning: At t=-0.10735025333736994, dt was forced below floating point epsilon -1.2284312952715294e-17, and step error estimate = 1.1806870364073727. Aborting. There is either an error in your model specification or the true solution is unstable (or the true solution can not be represented in the precision of Float64).
└ @ SciMLBase ~/.julia/packages/SciMLBase/VW1cI/src/integrator_interface.jl:623
┌ Warning: At t=0.0819999860169835, dt was forced below floating point epsilon -1.2495668856341938e-17, and step error estimate = 2.57985618491968. Aborting. There is either an error in your model specification or the true solution is unstable (or the true solution can not be represented in the precision of Float64).
└ @ SciMLBase ~/.julia/packages/SciMLBase/VW1cI/src/integrator_interface.jl:623
┌ Warning: Interrupted. Larger maxiters is needed. If you are using an integrator for non-stiff ODEs or an automatic switching algorithm (the default), you may want to consider using a method for stiff equations. See the solver pages for more details (e.g. https://docs.sciml.ai/DiffEqDocs/stable/solvers/ode_solve/#Stiff-Problems).
└ @ SciMLBase ~/.julia/packages/SciMLBase/VW1cI/src/integrator_interface.jl:589
┌ Warning: At t=0.08199998453320678, dt was forced below floating point epsilon -1.2820189499358593e-17, and step error estimate = 2.432127784739112. Aborting. There is either an error in your model specification or the true solution is unstable (or the true solution can not be represented in the precision of Float64).
└ @ SciMLBase ~/.julia/packages/SciMLBase/VW1cI/src/integrator_interface.jl:623
┌ Warning: At t=0.0819535689713643, dt was forced below floating point epsilon -1.3132704150910263e-17, and step error estimate = 1.151126746396659. Aborting. There is either an error in your model specification or the true solution is unstable (or the true solution can not be represented in the precision of Float64).
└ @ SciMLBase ~/.julia/packages/SciMLBase/VW1cI/src/integrator_interface.jl:623
┌ Warning: At t=0.0006622102348251143, dt was forced below floating point epsilon -1.0610637433883219e-19, and step error estimate = 1.1146716843228286. Aborting. There is either an error in your model specification or the true solution is unstable (or the true solution can not be represented in the precision of Float64).
└ @ SciMLBase ~/.julia/packages/SciMLBase/VW1cI/src/integrator_interface.jl:623
┌ Warning: At t=0.002114185488943467, dt was forced below floating point epsilon -3.8922023267314284e-19, and step error estimate = 1.0284243010556229. Aborting. There is either an error in your model specification or the true solution is unstable (or the true solution can not be represented in the precision of Float64).
└ @ SciMLBase ~/.julia/packages/SciMLBase/VW1cI/src/integrator_interface.jl:623
┌ Warning: At t=-0.47931228586636226, dt was forced below floating point epsilon -5.401088264102832e-17, and step error estimate = 1.0327948403455316. Aborting. There is either an error in your model specification or the true solution is unstable (or the true solution can not be represented in the precision of Float64).
└ @ SciMLBase ~/.julia/packages/SciMLBase/VW1cI/src/integrator_interface.jl:623
┌ Warning: At t=0.06666935283740989, dt was forced below floating point epsilon -1.23106357536295e-17, and step error estimate = 1.1556706945720816. Aborting. There is either an error in your model specification or the true solution is unstable (or the true solution can not be represented in the precision of Float64).
└ @ SciMLBase ~/.julia/packages/SciMLBase/VW1cI/src/integrator_interface.jl:623
┌ Warning: At t=-0.7080343617764742, dt was forced below floating point epsilon -9.991399777115194e-17, and step error estimate = 1.0006084531081794. Aborting. There is either an error in your model specification or the true solution is unstable (or the true solution can not be represented in the precision of Float64).
└ @ SciMLBase ~/.julia/packages/SciMLBase/VW1cI/src/integrator_interface.jl:623
┌ Warning: At t=0.05436351361379339, dt was forced below floating point epsilon -6.157449259401558e-18, and step error estimate = 1.151674672305191. Aborting. There is either an error in your model specification or the true solution is unstable (or the true solution can not be represented in the precision of Float64).
└ @ SciMLBase ~/.julia/packages/SciMLBase/VW1cI/src/integrator_interface.jl:623
┌ Warning: At t=0.08199999997695805, dt was forced below floating point epsilon -6.741682079188838e-18, and step error estimate = NaN. Aborting. There is either an error in your model specification or the true solution is unstable (or the true solution can not be represented in the precision of Float64).
└ @ SciMLBase ~/.julia/packages/SciMLBase/VW1cI/src/integrator_interface.jl:623
┌ Warning: At t=0.07800988115567567, dt was forced below floating point epsilon -1.3287125043465445e-17, and step error estimate = 1.1036487081518769. Aborting. There is either an error in your model specification or the true solution is unstable (or the true solution can not be represented in the precision of Float64).
└ @ SciMLBase ~/.julia/packages/SciMLBase/VW1cI/src/integrator_interface.jl:623
┌ Warning: At t=0.08199995938041957, dt was forced below floating point epsilon -1.2442306592692583e-17, and step error estimate = 1.0390041075039527. Aborting. There is either an error in your model specification or the true solution is unstable (or the true solution can not be represented in the precision of Float64).
└ @ SciMLBase ~/.julia/packages/SciMLBase/VW1cI/src/integrator_interface.jl:623
┌ Warning: At t=0.08193578155126867, dt was forced below floating point epsilon -1.2466270142196403e-17, and step error estimate = 1.01920455419665. Aborting. There is either an error in your model specification or the true solution is unstable (or the true solution can not be represented in the precision of Float64).
└ @ SciMLBase ~/.julia/packages/SciMLBase/VW1cI/src/integrator_interface.jl:623
┌ Warning: At t=-0.3252097117022868, dt was forced below floating point epsilon -5.475015921726058e-17, and step error estimate = 1.025978718591601. Aborting. There is either an error in your model specification or the true solution is unstable (or the true solution can not be represented in the precision of Float64).
└ @ SciMLBase ~/.julia/packages/SciMLBase/VW1cI/src/integrator_interface.jl:623
┌ Warning: At t=-0.8298036767751206, dt was forced below floating point epsilon -1.0310720954514115e-16, and step error estimate = 1.0504772948187944. Aborting. There is either an error in your model specification or the true solution is unstable (or the true solution can not be represented in the precision of Float64).
└ @ SciMLBase ~/.julia/packages/SciMLBase/VW1cI/src/integrator_interface.jl:623
┌ Warning: At t=-0.6097448037563977, dt was forced below floating point epsilon -9.98612407329355e-17, and step error estimate = 1.0059063876022343. Aborting. There is either an error in your model specification or the true solution is unstable (or the true solution can not be represented in the precision of Float64).
└ @ SciMLBase ~/.julia/packages/SciMLBase/VW1cI/src/integrator_interface.jl:623
┌ Warning: At t=-0.1287326326246866, dt was forced below floating point epsilon -2.765327203102541e-17, and step error estimate = 1.0102045022965738. Aborting. There is either an error in your model specification or the true solution is unstable (or the true solution can not be represented in the precision of Float64).
└ @ SciMLBase ~/.julia/packages/SciMLBase/VW1cI/src/integrator_interface.jl:623
┌ Warning: Interrupted. Larger maxiters is needed. If you are using an integrator for non-stiff ODEs or an automatic switching algorithm (the default), you may want to consider using a method for stiff equations. See the solver pages for more details (e.g. https://docs.sciml.ai/DiffEqDocs/stable/solvers/ode_solve/#Stiff-Problems).
└ @ SciMLBase ~/.julia/packages/SciMLBase/VW1cI/src/integrator_interface.jl:589
┌ Warning: At t=0.0819535689713643, dt was forced below floating point epsilon -1.3132704150910263e-17, and step error estimate = 1.151126746396659. Aborting. There is either an error in your model specification or the true solution is unstable (or the true solution can not be represented in the precision of Float64).
└ @ SciMLBase ~/.julia/packages/SciMLBase/VW1cI/src/integrator_interface.jl:623
┌ Warning: At t=-0.006953469024938096, dt was forced below floating point epsilon -7.792232868702995e-19, and step error estimate = 1.0181404584625642. Aborting. There is either an error in your model specification or the true solution is unstable (or the true solution can not be represented in the precision of Float64).
└ @ SciMLBase ~/.julia/packages/SciMLBase/VW1cI/src/integrator_interface.jl:623
┌ Warning: At t=0.08199999953245733, dt was forced below floating point epsilon -3.6916065049200264e-18, and step error estimate = NaN. Aborting. There is either an error in your model specification or the true solution is unstable (or the true solution can not be represented in the precision of Float64).
└ @ SciMLBase ~/.julia/packages/SciMLBase/VW1cI/src/integrator_interface.jl:623
┌ Warning: At t=-0.049168235443431345, dt was forced below floating point epsilon -6.239365838730009e-18, and step error estimate = 1.0090730723012356. Aborting. There is either an error in your model specification or the true solution is unstable (or the true solution can not be represented in the precision of Float64).
└ @ SciMLBase ~/.julia/packages/SciMLBase/VW1cI/src/integrator_interface.jl:623
┌ Warning: At t=0.0819999963495564, dt was forced below floating point epsilon -1.2014134546816946e-17, and step error estimate = 1.4746384410732742. Aborting. There is either an error in your model specification or the true solution is unstable (or the true solution can not be represented in the precision of Float64).
└ @ SciMLBase ~/.julia/packages/SciMLBase/VW1cI/src/integrator_interface.jl:623
┌ Warning: At t=0.0819999904559557, dt was forced below floating point epsilon -1.246605230091514e-17, and step error estimate = 2.821811749702916. Aborting. There is either an error in your model specification or the true solution is unstable (or the true solution can not be represented in the precision of Float64).
└ @ SciMLBase ~/.julia/packages/SciMLBase/VW1cI/src/integrator_interface.jl:623
┌ Warning: At t=-0.5638526629454246, dt was forced below floating point epsilon -6.117366292762525e-17, and step error estimate = 329.0827852254575. Aborting. There is either an error in your model specification or the true solution is unstable (or the true solution can not be represented in the precision of Float64).
└ @ SciMLBase ~/.julia/packages/SciMLBase/VW1cI/src/integrator_interface.jl:623
┌ Warning: At t=-0.0650897273476703, dt was forced below floating point epsilon -1.2296876450994352e-17, and step error estimate = 1.1686727222886437. Aborting. There is either an error in your model specification or the true solution is unstable (or the true solution can not be represented in the precision of Float64).
└ @ SciMLBase ~/.julia/packages/SciMLBase/VW1cI/src/integrator_interface.jl:623
┌ Warning: At t=-0.07898444812299997, dt was forced below floating point epsilon -1.2429764305010822e-17, and step error estimate = 1.0495360059037357. Aborting. There is either an error in your model specification or the true solution is unstable (or the true solution can not be represented in the precision of Float64).
└ @ SciMLBase ~/.julia/packages/SciMLBase/VW1cI/src/integrator_interface.jl:623
┌ Warning: At t=-0.22967615242066186, dt was forced below floating point epsilon -2.4706542810075133e-17, and step error estimate = 1.1163816480668347. Aborting. There is either an error in your model specification or the true solution is unstable (or the true solution can not be represented in the precision of Float64).
└ @ SciMLBase ~/.julia/packages/SciMLBase/VW1cI/src/integrator_interface.jl:623
┌ Warning: At t=-0.036997872241404675, dt was forced below floating point epsilon -6.518071090841609e-18, and step error estimate = 1.0761125300151573. Aborting. There is either an error in your model specification or the true solution is unstable (or the true solution can not be represented in the precision of Float64).
└ @ SciMLBase ~/.julia/packages/SciMLBase/VW1cI/src/integrator_interface.jl:623
┌ Warning: At t=-0.24257098153282222, dt was forced below floating point epsilon -2.7009270148564488e-17, and step error estimate = 1.0024582719422472. Aborting. There is either an error in your model specification or the true solution is unstable (or the true solution can not be represented in the precision of Float64).
└ @ SciMLBase ~/.julia/packages/SciMLBase/VW1cI/src/integrator_interface.jl:623
┌ Warning: At t=0.06091063931799246, dt was forced below floating point epsilon -6.15911284966802e-18, and step error estimate = 1.1485652232052326. Aborting. There is either an error in your model specification or the true solution is unstable (or the true solution can not be represented in the precision of Float64).
└ @ SciMLBase ~/.julia/packages/SciMLBase/VW1cI/src/integrator_interface.jl:623
┌ Warning: At t=-0.17169660267000636, dt was forced below floating point epsilon -2.354726763409483e-17, and step error estimate = 2.3195110050706016. Aborting. There is either an error in your model specification or the true solution is unstable (or the true solution can not be represented in the precision of Float64).
└ @ SciMLBase ~/.julia/packages/SciMLBase/VW1cI/src/integrator_interface.jl:623
┌ Warning: At t=-0.13783318131247302, dt was forced below floating point epsilon -1.7925659729064734e-17, and step error estimate = 1849.863513827115. Aborting. There is either an error in your model specification or the true solution is unstable (or the true solution can not be represented in the precision of Float64).
└ @ SciMLBase ~/.julia/packages/SciMLBase/VW1cI/src/integrator_interface.jl:623
┌ Warning: At t=-0.33892377047106065, dt was forced below floating point epsilon -1.7815574437193625e-17, and step error estimate = NaN. Aborting. There is either an error in your model specification or the true solution is unstable (or the true solution can not be represented in the precision of Float64).
└ @ SciMLBase ~/.julia/packages/SciMLBase/VW1cI/src/integrator_interface.jl:623
┌ Warning: At t=0.07328294685347429, dt was forced below floating point epsilon -1.2417697612472731e-17, and step error estimate = 1.0597805870814494. Aborting. There is either an error in your model specification or the true solution is unstable (or the true solution can not be represented in the precision of Float64).
└ @ SciMLBase ~/.julia/packages/SciMLBase/VW1cI/src/integrator_interface.jl:623
┌ Warning: At t=0.08192326322235349, dt was forced below floating point epsilon -1.3665426238636863e-17, and step error estimate = 1.1130265418895056. Aborting. There is either an error in your model specification or the true solution is unstable (or the true solution can not be represented in the precision of Float64).
└ @ SciMLBase ~/.julia/packages/SciMLBase/VW1cI/src/integrator_interface.jl:623
┌ Warning: At t=0.0819999999227897, dt was forced below floating point epsilon -6.7642332823025515e-18, and step error estimate = NaN. Aborting. There is either an error in your model specification or the true solution is unstable (or the true solution can not be represented in the precision of Float64).
└ @ SciMLBase ~/.julia/packages/SciMLBase/VW1cI/src/integrator_interface.jl:623
┌ Warning: At t=-0.6582994124115426, dt was forced below floating point epsilon -9.9906364074812e-17, and step error estimate = 1.0013723213240995. Aborting. There is either an error in your model specification or the true solution is unstable (or the true solution can not be represented in the precision of Float64).
└ @ SciMLBase ~/.julia/packages/SciMLBase/VW1cI/src/integrator_interface.jl:623
┌ Warning: Interrupted. Larger maxiters is needed. If you are using an integrator for non-stiff ODEs or an automatic switching algorithm (the default), you may want to consider using a method for stiff equations. See the solver pages for more details (e.g. https://docs.sciml.ai/DiffEqDocs/stable/solvers/ode_solve/#Stiff-Problems).
└ @ SciMLBase ~/.julia/packages/SciMLBase/VW1cI/src/integrator_interface.jl:589
┌ Warning: At t=-0.660456297530558, dt was forced below floating point epsilon -1.0776724021332146e-16, and step error estimate = 1.0121932921118189. Aborting. There is either an error in your model specification or the true solution is unstable (or the true solution can not be represented in the precision of Float64).
└ @ SciMLBase ~/.julia/packages/SciMLBase/VW1cI/src/integrator_interface.jl:623
┌ Warning: At t=-0.33892377047106065, dt was forced below floating point epsilon -1.7815574437193625e-17, and step error estimate = NaN. Aborting. There is either an error in your model specification or the true solution is unstable (or the true solution can not be represented in the precision of Float64).
└ @ SciMLBase ~/.julia/packages/SciMLBase/VW1cI/src/integrator_interface.jl:623
┌ Warning: At t=0.07192857010110902, dt was forced below floating point epsilon -1.2421040821653647e-17, and step error estimate = 1.0569308483003197. Aborting. There is either an error in your model specification or the true solution is unstable (or the true solution can not be represented in the precision of Float64).
└ @ SciMLBase ~/.julia/packages/SciMLBase/VW1cI/src/integrator_interface.jl:623
┌ Warning: At t=0.08199999999140614, dt was forced below floating point epsilon -8.212609366818504e-18, and step error estimate = NaN. Aborting. There is either an error in your model specification or the true solution is unstable (or the true solution can not be represented in the precision of Float64).
└ @ SciMLBase ~/.julia/packages/SciMLBase/VW1cI/src/integrator_interface.jl:623
┌ Warning: At t=0.08192061646420483, dt was forced below floating point epsilon -1.228428414703949e-17, and step error estimate = 1.1807146240627826. Aborting. There is either an error in your model specification or the true solution is unstable (or the true solution can not be represented in the precision of Float64).
└ @ SciMLBase ~/.julia/packages/SciMLBase/VW1cI/src/integrator_interface.jl:623
┌ Warning: At t=-0.6097448037564466, dt was forced below floating point epsilon -1.0619066527535832e-16, and step error estimate = 1.0244237350767502. Aborting. There is either an error in your model specification or the true solution is unstable (or the true solution can not be represented in the precision of Float64).
└ @ SciMLBase ~/.julia/packages/SciMLBase/VW1cI/src/integrator_interface.jl:623
┌ Warning: At t=0.07298795238814881, dt was forced below floating point epsilon -7.76588514065808e-18, and step error estimate = NaN. Aborting. There is either an error in your model specification or the true solution is unstable (or the true solution can not be represented in the precision of Float64).
└ @ SciMLBase ~/.julia/packages/SciMLBase/VW1cI/src/integrator_interface.jl:623
┌ Warning: At t=0.08153953982588506, dt was forced below floating point epsilon -1.2312512106326024e-17, and step error estimate = 1.1539097869221426. Aborting. There is either an error in your model specification or the true solution is unstable (or the true solution can not be represented in the precision of Float64).
└ @ SciMLBase ~/.julia/packages/SciMLBase/VW1cI/src/integrator_interface.jl:623
┌ Warning: At t=0.08010397273748862, dt was forced below floating point epsilon -8.655071884443092e-18, and step error estimate = 490.8161059710461. Aborting. There is either an error in your model specification or the true solution is unstable (or the true solution can not be represented in the precision of Float64).
└ @ SciMLBase ~/.julia/packages/SciMLBase/VW1cI/src/integrator_interface.jl:623
┌ Warning: At t=0.08193063724673852, dt was forced below floating point epsilon -8.258134996980628e-18, and step error estimate = NaN. Aborting. There is either an error in your model specification or the true solution is unstable (or the true solution can not be represented in the precision of Float64).
└ @ SciMLBase ~/.julia/packages/SciMLBase/VW1cI/src/integrator_interface.jl:623
┌ Warning: At t=0.022368414675484075, dt was forced below floating point epsilon -3.0099612595840497e-18, and step error estimate = 1.4435160814851358. Aborting. There is either an error in your model specification or the true solution is unstable (or the true solution can not be represented in the precision of Float64).
└ @ SciMLBase ~/.julia/packages/SciMLBase/VW1cI/src/integrator_interface.jl:623
┌ Warning: At t=-0.12705612789768075, dt was forced below floating point epsilon -2.7569528704294973e-17, and step error estimate = 1.0786011993457514. Aborting. There is either an error in your model specification or the true solution is unstable (or the true solution can not be represented in the precision of Float64).
└ @ SciMLBase ~/.julia/packages/SciMLBase/VW1cI/src/integrator_interface.jl:623
┌ Warning: At t=0.08193578155126867, dt was forced below floating point epsilon -1.2466270142196403e-17, and step error estimate = 1.01920455419665. Aborting. There is either an error in your model specification or the true solution is unstable (or the true solution can not be represented in the precision of Float64).
└ @ SciMLBase ~/.julia/packages/SciMLBase/VW1cI/src/integrator_interface.jl:623
┌ Warning: At t=0.07058439821783154, dt was forced below floating point epsilon -1.1919717191330802e-17, and step error estimate = 1.5957810677389364. Aborting. There is either an error in your model specification or the true solution is unstable (or the true solution can not be represented in the precision of Float64).
└ @ SciMLBase ~/.julia/packages/SciMLBase/VW1cI/src/integrator_interface.jl:623
┌ Warning: At t=0.047703452487490916, dt was forced below floating point epsilon -6.457594468603627e-18, and step error estimate = 1.0907190185683537. Aborting. There is either an error in your model specification or the true solution is unstable (or the true solution can not be represented in the precision of Float64).
└ @ SciMLBase ~/.julia/packages/SciMLBase/VW1cI/src/integrator_interface.jl:623
┌ Warning: Interrupted. Larger maxiters is needed. If you are using an integrator for non-stiff ODEs or an automatic switching algorithm (the default), you may want to consider using a method for stiff equations. See the solver pages for more details (e.g. https://docs.sciml.ai/DiffEqDocs/stable/solvers/ode_solve/#Stiff-Problems).
└ @ SciMLBase ~/.julia/packages/SciMLBase/VW1cI/src/integrator_interface.jl:589
┌ Warning: At t=0.08199999850809561, dt was forced below floating point epsilon -4.957237770986305e-18, and step error estimate = NaN. Aborting. There is either an error in your model specification or the true solution is unstable (or the true solution can not be represented in the precision of Float64).
└ @ SciMLBase ~/.julia/packages/SciMLBase/VW1cI/src/integrator_interface.jl:623
┌ Warning: At t=-0.6594224543632492, dt was forced below floating point epsilon -9.962787301470635e-17, and step error estimate = 1.0297158086850473. Aborting. There is either an error in your model specification or the true solution is unstable (or the true solution can not be represented in the precision of Float64).
└ @ SciMLBase ~/.julia/packages/SciMLBase/VW1cI/src/integrator_interface.jl:623
┌ Warning: At t=-0.9334786316177099, dt was forced below floating point epsilon -6.531837615016914e-17, and step error estimate = 340.8841514524124. Aborting. There is either an error in your model specification or the true solution is unstable (or the true solution can not be represented in the precision of Float64).
└ @ SciMLBase ~/.julia/packages/SciMLBase/VW1cI/src/integrator_interface.jl:623
┌ Warning: At t=0.08199999850809561, dt was forced below floating point epsilon -4.957237770986305e-18, and step error estimate = NaN. Aborting. There is either an error in your model specification or the true solution is unstable (or the true solution can not be represented in the precision of Float64).
└ @ SciMLBase ~/.julia/packages/SciMLBase/VW1cI/src/integrator_interface.jl:623
┌ Warning: At t=0.08199988601689621, dt was forced below floating point epsilon -1.2425109273945585e-17, and step error estimate = 1.0534753930882295. Aborting. There is either an error in your model specification or the true solution is unstable (or the true solution can not be represented in the precision of Float64).
└ @ SciMLBase ~/.julia/packages/SciMLBase/VW1cI/src/integrator_interface.jl:623
┌ Warning: At t=0.009991629933716306, dt was forced below floating point epsilon -1.6166823000083775e-18, and step error estimate = 1.200433817576618. Aborting. There is either an error in your model specification or the true solution is unstable (or the true solution can not be represented in the precision of Float64).
└ @ SciMLBase ~/.julia/packages/SciMLBase/VW1cI/src/integrator_interface.jl:623
┌ Warning: At t=-0.5457415004797943, dt was forced below floating point epsilon -1.0455746172725628e-16, and step error estimate = 1.0198389298361865. Aborting. There is either an error in your model specification or the true solution is unstable (or the true solution can not be represented in the precision of Float64).
└ @ SciMLBase ~/.julia/packages/SciMLBase/VW1cI/src/integrator_interface.jl:623
┌ Warning: At t=0.047703452487603264, dt was forced below floating point epsilon -6.1417582627748196e-18, and step error estimate = 1.1814528876948005. Aborting. There is either an error in your model specification or the true solution is unstable (or the true solution can not be represented in the precision of Float64).
└ @ SciMLBase ~/.julia/packages/SciMLBase/VW1cI/src/integrator_interface.jl:623
┌ Warning: At t=-0.1854428227206305, dt was forced below floating point epsilon -2.6378232027726788e-17, and step error estimate = 1.0203914739702893. Aborting. There is either an error in your model specification or the true solution is unstable (or the true solution can not be represented in the precision of Float64).
└ @ SciMLBase ~/.julia/packages/SciMLBase/VW1cI/src/integrator_interface.jl:623
┌ Warning: At t=0.08054579389910958, dt was forced below floating point epsilon -1.2321077964688617e-17, and step error estimate = 1.1459089390729333. Aborting. There is either an error in your model specification or the true solution is unstable (or the true solution can not be represented in the precision of Float64).
└ @ SciMLBase ~/.julia/packages/SciMLBase/VW1cI/src/integrator_interface.jl:623
┌ Warning: At t=-0.2166915473045497, dt was forced below floating point epsilon -2.48275004073964e-17, and step error estimate = 1.0631559199503549. Aborting. There is either an error in your model specification or the true solution is unstable (or the true solution can not be represented in the precision of Float64).
└ @ SciMLBase ~/.julia/packages/SciMLBase/VW1cI/src/integrator_interface.jl:623
┌ Warning: At t=0.08199999999121674, dt was forced below floating point epsilon -1.1370391304883604e-17, and step error estimate = 2.558028003340599. Aborting. There is either an error in your model specification or the true solution is unstable (or the true solution can not be represented in the precision of Float64).
└ @ SciMLBase ~/.julia/packages/SciMLBase/VW1cI/src/integrator_interface.jl:623
┌ Warning: Interrupted. Larger maxiters is needed. If you are using an integrator for non-stiff ODEs or an automatic switching algorithm (the default), you may want to consider using a method for stiff equations. See the solver pages for more details (e.g. https://docs.sciml.ai/DiffEqDocs/stable/solvers/ode_solve/#Stiff-Problems).
└ @ SciMLBase ~/.julia/packages/SciMLBase/VW1cI/src/integrator_interface.jl:589
┌ Warning: At t=0.08199999103412961, dt was forced below floating point epsilon -6.018572001469284e-18, and step error estimate = NaN. Aborting. There is either an error in your model specification or the true solution is unstable (or the true solution can not be represented in the precision of Float64).
└ @ SciMLBase ~/.julia/packages/SciMLBase/VW1cI/src/integrator_interface.jl:623
┌ Warning: At t=-0.0005309808224733427, dt was forced below floating point epsilon -9.602338871400236e-20, and step error estimate = 1.1742820228218664. Aborting. There is either an error in your model specification or the true solution is unstable (or the true solution can not be represented in the precision of Float64).
└ @ SciMLBase ~/.julia/packages/SciMLBase/VW1cI/src/integrator_interface.jl:623
┌ Warning: At t=0.07353554586995617, dt was forced below floating point epsilon -1.3799507537466227e-17, and step error estimate = 2.0519803254701126. Aborting. There is either an error in your model specification or the true solution is unstable (or the true solution can not be represented in the precision of Float64).
└ @ SciMLBase ~/.julia/packages/SciMLBase/VW1cI/src/integrator_interface.jl:623
┌ Warning: At t=-0.09414676356086095, dt was forced below floating point epsilon -1.227766530589245e-17, and step error estimate = 1.1870989155939888. Aborting. There is either an error in your model specification or the true solution is unstable (or the true solution can not be represented in the precision of Float64).
└ @ SciMLBase ~/.julia/packages/SciMLBase/VW1cI/src/integrator_interface.jl:623
┌ Warning: At t=0.07328294685347485, dt was forced below floating point epsilon -1.2351651986283095e-17, and step error estimate = 1.1178455200116957. Aborting. There is either an error in your model specification or the true solution is unstable (or the true solution can not be represented in the precision of Float64).
└ @ SciMLBase ~/.julia/packages/SciMLBase/VW1cI/src/integrator_interface.jl:623
┌ Warning: At t=-0.22805769434597173, dt was forced below floating point epsilon -2.5222247612023523e-17, and step error estimate = 1.031166937781239. Aborting. There is either an error in your model specification or the true solution is unstable (or the true solution can not be represented in the precision of Float64).
└ @ SciMLBase ~/.julia/packages/SciMLBase/VW1cI/src/integrator_interface.jl:623
┌ Warning: At t=-0.13759344012548394, dt was forced below floating point epsilon -1.3683115730957214e-17, and step error estimate = NaN. Aborting. There is either an error in your model specification or the true solution is unstable (or the true solution can not be represented in the precision of Float64).
└ @ SciMLBase ~/.julia/packages/SciMLBase/VW1cI/src/integrator_interface.jl:623
┌ Warning: At t=-0.7080343617766028, dt was forced below floating point epsilon -1.0213117067581921e-16, and step error estimate = 1.0909384982487704. Aborting. There is either an error in your model specification or the true solution is unstable (or the true solution can not be represented in the precision of Float64).
└ @ SciMLBase ~/.julia/packages/SciMLBase/VW1cI/src/integrator_interface.jl:623
┌ Warning: At t=-0.5457415004798457, dt was forced below floating point epsilon -1.0872293481529964e-16, and step error estimate = 1.0528713682176412. Aborting. There is either an error in your model specification or the true solution is unstable (or the true solution can not be represented in the precision of Float64).
└ @ SciMLBase ~/.julia/packages/SciMLBase/VW1cI/src/integrator_interface.jl:623
┌ Warning: At t=-0.0207318984813045, dt was forced below floating point epsilon -1.8487292870671164e-18, and step error estimate = NaN. Aborting. There is either an error in your model specification or the true solution is unstable (or the true solution can not be represented in the precision of Float64).
└ @ SciMLBase ~/.julia/packages/SciMLBase/VW1cI/src/integrator_interface.jl:623
┌ Warning: At t=0.07990995461895403, dt was forced below floating point epsilon -1.2456911801577541e-17, and step error estimate = 1.0268864040517787. Aborting. There is either an error in your model specification or the true solution is unstable (or the true solution can not be represented in the precision of Float64).
└ @ SciMLBase ~/.julia/packages/SciMLBase/VW1cI/src/integrator_interface.jl:623
┌ Warning: At t=0.0006622102348251143, dt was forced below floating point epsilon -1.0610637433883219e-19, and step error estimate = 1.1146716843228286. Aborting. There is either an error in your model specification or the true solution is unstable (or the true solution can not be represented in the precision of Float64).
└ @ SciMLBase ~/.julia/packages/SciMLBase/VW1cI/src/integrator_interface.jl:623
┌ Warning: At t=-0.03477142725120289, dt was forced below floating point epsilon -6.443639459903865e-18, and step error estimate = 1.0098335558526732. Aborting. There is either an error in your model specification or the true solution is unstable (or the true solution can not be represented in the precision of Float64).
└ @ SciMLBase ~/.julia/packages/SciMLBase/VW1cI/src/integrator_interface.jl:623
┌ Warning: Interrupted. Larger maxiters is needed. If you are using an integrator for non-stiff ODEs or an automatic switching algorithm (the default), you may want to consider using a method for stiff equations. See the solver pages for more details (e.g. https://docs.sciml.ai/DiffEqDocs/stable/solvers/ode_solve/#Stiff-Problems).
└ @ SciMLBase ~/.julia/packages/SciMLBase/VW1cI/src/integrator_interface.jl:589
┌ Warning: At t=0.0819999999227897, dt was forced below floating point epsilon -6.7642332823025515e-18, and step error estimate = NaN. Aborting. There is either an error in your model specification or the true solution is unstable (or the true solution can not be represented in the precision of Float64).
└ @ SciMLBase ~/.julia/packages/SciMLBase/VW1cI/src/integrator_interface.jl:623
┌ Warning: At t=0.05907132363589932, dt was forced below floating point epsilon -5.5787426959075155e-18, and step error estimate = 310.38058216664336. Aborting. There is either an error in your model specification or the true solution is unstable (or the true solution can not be represented in the precision of Float64).
└ @ SciMLBase ~/.julia/packages/SciMLBase/VW1cI/src/integrator_interface.jl:623
┌ Warning: At t=-0.5457415004798457, dt was forced below floating point epsilon -1.0872293481529964e-16, and step error estimate = 1.0528713682176412. Aborting. There is either an error in your model specification or the true solution is unstable (or the true solution can not be represented in the precision of Float64).
└ @ SciMLBase ~/.julia/packages/SciMLBase/VW1cI/src/integrator_interface.jl:623
┌ Warning: At t=-0.6608124701440622, dt was forced below floating point epsilon -1.0727460820095476e-16, and step error estimate = 1.0192798139220771. Aborting. There is either an error in your model specification or the true solution is unstable (or the true solution can not be represented in the precision of Float64).
└ @ SciMLBase ~/.julia/packages/SciMLBase/VW1cI/src/integrator_interface.jl:623
┌ Warning: At t=-0.06566683731190447, dt was forced below floating point epsilon -1.2317769517349632e-17, and step error estimate = 1.1489916911588485. Aborting. There is either an error in your model specification or the true solution is unstable (or the true solution can not be represented in the precision of Float64).
└ @ SciMLBase ~/.julia/packages/SciMLBase/VW1cI/src/integrator_interface.jl:623
┌ Warning: At t=-0.9661668659267574, dt was forced below floating point epsilon -1.0179728178899032e-16, and step error estimate = 1.0269240434277316. Aborting. There is either an error in your model specification or the true solution is unstable (or the true solution can not be represented in the precision of Float64).
└ @ SciMLBase ~/.julia/packages/SciMLBase/VW1cI/src/integrator_interface.jl:623
┌ Warning: At t=0.08199999747530486, dt was forced below floating point epsilon -1.2599016087955518e-17, and step error estimate = 1.7444153368747064. Aborting. There is either an error in your model specification or the true solution is unstable (or the true solution can not be represented in the precision of Float64).
└ @ SciMLBase ~/.julia/packages/SciMLBase/VW1cI/src/integrator_interface.jl:623
┌ Warning: At t=0.022368414675484075, dt was forced below floating point epsilon -3.0099612595840497e-18, and step error estimate = 1.4435160814851358. Aborting. There is either an error in your model specification or the true solution is unstable (or the true solution can not be represented in the precision of Float64).
└ @ SciMLBase ~/.julia/packages/SciMLBase/VW1cI/src/integrator_interface.jl:623
┌ Warning: At t=-0.13783318131247302, dt was forced below floating point epsilon -1.7925659729064734e-17, and step error estimate = 1849.863513827115. Aborting. There is either an error in your model specification or the true solution is unstable (or the true solution can not be represented in the precision of Float64).
└ @ SciMLBase ~/.julia/packages/SciMLBase/VW1cI/src/integrator_interface.jl:623
┌ Warning: At t=-0.9661668659267574, dt was forced below floating point epsilon -1.0179728178899032e-16, and step error estimate = 1.0269240434277316. Aborting. There is either an error in your model specification or the true solution is unstable (or the true solution can not be represented in the precision of Float64).
└ @ SciMLBase ~/.julia/packages/SciMLBase/VW1cI/src/integrator_interface.jl:623
┌ Warning: At t=-0.8298036767751429, dt was forced below floating point epsilon -1.0905697202232284e-16, and step error estimate = 1.1122759005926195. Aborting. There is either an error in your model specification or the true solution is unstable (or the true solution can not be represented in the precision of Float64).
└ @ SciMLBase ~/.julia/packages/SciMLBase/VW1cI/src/integrator_interface.jl:623
┌ Warning: At t=0.06773212607325886, dt was forced below floating point epsilon -1.2329551283199129e-17, and step error estimate = 1.1380536590908181. Aborting. There is either an error in your model specification or the true solution is unstable (or the true solution can not be represented in the precision of Float64).
└ @ SciMLBase ~/.julia/packages/SciMLBase/VW1cI/src/integrator_interface.jl:623
┌ Warning: At t=-0.38470636488625903, dt was forced below floating point epsilon -5.5278490018612984e-17, and step error estimate = 1.023779086861249. Aborting. There is either an error in your model specification or the true solution is unstable (or the true solution can not be represented in the precision of Float64).
└ @ SciMLBase ~/.julia/packages/SciMLBase/VW1cI/src/integrator_interface.jl:623
┌ Warning: At t=0.08052193184244781, dt was forced below floating point epsilon -1.2430258017189131e-17, and step error estimate = NaN. Aborting. There is either an error in your model specification or the true solution is unstable (or the true solution can not be represented in the precision of Float64).
└ @ SciMLBase ~/.julia/packages/SciMLBase/VW1cI/src/integrator_interface.jl:623
┌ Warning: At t=0.07731647118858359, dt was forced below floating point epsilon -1.2394780922953829e-17, and step error estimate = 1.0795424242844678. Aborting. There is either an error in your model specification or the true solution is unstable (or the true solution can not be represented in the precision of Float64).
└ @ SciMLBase ~/.julia/packages/SciMLBase/VW1cI/src/integrator_interface.jl:623
┌ Warning: Interrupted. Larger maxiters is needed. If you are using an integrator for non-stiff ODEs or an automatic switching algorithm (the default), you may want to consider using a method for stiff equations. See the solver pages for more details (e.g. https://docs.sciml.ai/DiffEqDocs/stable/solvers/ode_solve/#Stiff-Problems).
└ @ SciMLBase ~/.julia/packages/SciMLBase/VW1cI/src/integrator_interface.jl:589
┌ Warning: At t=-0.9999990982012021, dt was forced below floating point epsilon 1.1102230246251565e-16, and step error estimate = 1.160963617254083. Aborting. There is either an error in your model specification or the true solution is unstable (or the true solution can not be represented in the precision of Float64).
└ @ SciMLBase ~/.julia/packages/SciMLBase/VW1cI/src/integrator_interface.jl:623
┌ Warning: At t=0.6830939633027975, dt was forced below floating point epsilon 1.1102230246251565e-16, and step error estimate = 1.2240442270968754. Aborting. There is either an error in your model specification or the true solution is unstable (or the true solution can not be represented in the precision of Float64).
└ @ SciMLBase ~/.julia/packages/SciMLBase/VW1cI/src/integrator_interface.jl:623
┌ Warning: At t=-0.7685034012041346, dt was forced below floating point epsilon 1.1102230246251565e-16, and step error estimate = NaN. Aborting. There is either an error in your model specification or the true solution is unstable (or the true solution can not be represented in the precision of Float64).
└ @ SciMLBase ~/.julia/packages/SciMLBase/VW1cI/src/integrator_interface.jl:623
┌ Warning: At t=-1.0, dt was forced below floating point epsilon 2.220446049250313e-16, and step error estimate = 1.2833519852080688e9. Aborting. There is either an error in your model specification or the true solution is unstable (or the true solution can not be represented in the precision of Float64).
└ @ SciMLBase ~/.julia/packages/SciMLBase/VW1cI/src/integrator_interface.jl:623
┌ Warning: At t=0.5388920927909531, dt was forced below floating point epsilon 1.1102230246251565e-16, and step error estimate = 1.0361904972589921. Aborting. There is either an error in your model specification or the true solution is unstable (or the true solution can not be represented in the precision of Float64).
└ @ SciMLBase ~/.julia/packages/SciMLBase/VW1cI/src/integrator_interface.jl:623
┌ Warning: At t=0.9672593964668087, dt was forced below floating point epsilon 1.1102230246251565e-16, and step error estimate = 1.0835072655382079. Aborting. There is either an error in your model specification or the true solution is unstable (or the true solution can not be represented in the precision of Float64).
└ @ SciMLBase ~/.julia/packages/SciMLBase/VW1cI/src/integrator_interface.jl:623
┌ Warning: At t=-0.9701855506229934, dt was forced below floating point epsilon 1.1102230246251565e-16, and step error estimate = 34.08911545353377. Aborting. There is either an error in your model specification or the true solution is unstable (or the true solution can not be represented in the precision of Float64).
└ @ SciMLBase ~/.julia/packages/SciMLBase/VW1cI/src/integrator_interface.jl:623
┌ Warning: At t=-0.9999994770362567, dt was forced below floating point epsilon 1.1102230246251565e-16, and step error estimate = 1.9330008857003054. Aborting. There is either an error in your model specification or the true solution is unstable (or the true solution can not be represented in the precision of Float64).
└ @ SciMLBase ~/.julia/packages/SciMLBase/VW1cI/src/integrator_interface.jl:623
┌ Warning: At t=-0.12750539392396018, dt was forced below floating point epsilon 2.7755575615628914e-17, and step error estimate = 1.290293390700628. Aborting. There is either an error in your model specification or the true solution is unstable (or the true solution can not be represented in the precision of Float64).
└ @ SciMLBase ~/.julia/packages/SciMLBase/VW1cI/src/integrator_interface.jl:623
┌ Warning: At t=-0.6585596416386379, dt was forced below floating point epsilon 1.1102230246251565e-16, and step error estimate = NaN. Aborting. There is either an error in your model specification or the true solution is unstable (or the true solution can not be represented in the precision of Float64).
└ @ SciMLBase ~/.julia/packages/SciMLBase/VW1cI/src/integrator_interface.jl:623
┌ Warning: At t=0.6830939633027975, dt was forced below floating point epsilon 1.1102230246251565e-16, and step error estimate = 1.2240442270968754. Aborting. There is either an error in your model specification or the true solution is unstable (or the true solution can not be represented in the precision of Float64).
└ @ SciMLBase ~/.julia/packages/SciMLBase/VW1cI/src/integrator_interface.jl:623
┌ Warning: At t=-1.0, dt was forced below floating point epsilon 2.220446049250313e-16, and step error estimate = 58.105423608401516. Aborting. There is either an error in your model specification or the true solution is unstable (or the true solution can not be represented in the precision of Float64).
└ @ SciMLBase ~/.julia/packages/SciMLBase/VW1cI/src/integrator_interface.jl:623
┌ Warning: At t=0.5429775098247243, dt was forced below floating point epsilon 1.1102230246251565e-16, and step error estimate = 1.0559045101430957. Aborting. There is either an error in your model specification or the true solution is unstable (or the true solution can not be represented in the precision of Float64).
└ @ SciMLBase ~/.julia/packages/SciMLBase/VW1cI/src/integrator_interface.jl:623
┌ Warning: At t=0.4270982655090911, dt was forced below floating point epsilon 5.551115123125783e-17, and step error estimate = 1.013058304804126. Aborting. There is either an error in your model specification or the true solution is unstable (or the true solution can not be represented in the precision of Float64).
└ @ SciMLBase ~/.julia/packages/SciMLBase/VW1cI/src/integrator_interface.jl:623
┌ Warning: At t=-0.9662413753843329, dt was forced below floating point epsilon 1.1102230246251565e-16, and step error estimate = 76.61938219966105. Aborting. There is either an error in your model specification or the true solution is unstable (or the true solution can not be represented in the precision of Float64).
└ @ SciMLBase ~/.julia/packages/SciMLBase/VW1cI/src/integrator_interface.jl:623
┌ Warning: At t=-1.0, dt was forced below floating point epsilon 2.220446049250313e-16, and step error estimate = 246.091011513126. Aborting. There is either an error in your model specification or the true solution is unstable (or the true solution can not be represented in the precision of Float64).
└ @ SciMLBase ~/.julia/packages/SciMLBase/VW1cI/src/integrator_interface.jl:623
┌ Warning: At t=-1.0, dt was forced below floating point epsilon 2.220446049250313e-16, and step error estimate = 1.0098780047891996e10. Aborting. There is either an error in your model specification or the true solution is unstable (or the true solution can not be represented in the precision of Float64).
└ @ SciMLBase ~/.julia/packages/SciMLBase/VW1cI/src/integrator_interface.jl:623
┌ Warning: At t=0.9091798041608473, dt was forced below floating point epsilon 1.1102230246251565e-16, and step error estimate = 42.90133894818238. Aborting. There is either an error in your model specification or the true solution is unstable (or the true solution can not be represented in the precision of Float64).
└ @ SciMLBase ~/.julia/packages/SciMLBase/VW1cI/src/integrator_interface.jl:623
┌ Warning: At t=-0.9623604779998673, dt was forced below floating point epsilon 1.1102230246251565e-16, and step error estimate = 55.354797473797184. Aborting. There is either an error in your model specification or the true solution is unstable (or the true solution can not be represented in the precision of Float64).
└ @ SciMLBase ~/.julia/packages/SciMLBase/VW1cI/src/integrator_interface.jl:623
┌ Warning: At t=-1.0, dt was forced below floating point epsilon 2.220446049250313e-16, and step error estimate = 246.2522248495452. Aborting. There is either an error in your model specification or the true solution is unstable (or the true solution can not be represented in the precision of Float64).
└ @ SciMLBase ~/.julia/packages/SciMLBase/VW1cI/src/integrator_interface.jl:623
┌ Warning: At t=0.9091798041652789, dt was forced below floating point epsilon 1.1102230246251565e-16, and step error estimate = 12.074890727559499. Aborting. There is either an error in your model specification or the true solution is unstable (or the true solution can not be represented in the precision of Float64).
└ @ SciMLBase ~/.julia/packages/SciMLBase/VW1cI/src/integrator_interface.jl:623
┌ Warning: At t=-0.9716595713910514, dt was forced below floating point epsilon 1.1102230246251565e-16, and step error estimate = 1.23692722319973. Aborting. There is either an error in your model specification or the true solution is unstable (or the true solution can not be represented in the precision of Float64).
└ @ SciMLBase ~/.julia/packages/SciMLBase/VW1cI/src/integrator_interface.jl:623
┌ Warning: At t=-1.0, dt was forced below floating point epsilon 2.220446049250313e-16, and step error estimate = 1.3635737437955093e9. Aborting. There is either an error in your model specification or the true solution is unstable (or the true solution can not be represented in the precision of Float64).
└ @ SciMLBase ~/.julia/packages/SciMLBase/VW1cI/src/integrator_interface.jl:623
┌ Warning: At t=0.961929374539326, dt was forced below floating point epsilon 1.1102230246251565e-16, and step error estimate = 1.048948009698305. Aborting. There is either an error in your model specification or the true solution is unstable (or the true solution can not be represented in the precision of Float64).
└ @ SciMLBase ~/.julia/packages/SciMLBase/VW1cI/src/integrator_interface.jl:623
┌ Warning: At t=-1.0, dt was forced below floating point epsilon 2.220446049250313e-16, and step error estimate = 1.4126079510057313e9. Aborting. There is either an error in your model specification or the true solution is unstable (or the true solution can not be represented in the precision of Float64).
└ @ SciMLBase ~/.julia/packages/SciMLBase/VW1cI/src/integrator_interface.jl:623
┌ Warning: At t=-0.9696883790472763, dt was forced below floating point epsilon 1.1102230246251565e-16, and step error estimate = 1.2923578601312056. Aborting. There is either an error in your model specification or the true solution is unstable (or the true solution can not be represented in the precision of Float64).
└ @ SciMLBase ~/.julia/packages/SciMLBase/VW1cI/src/integrator_interface.jl:623
┌ Warning: At t=0.2408383703665125, dt was forced below floating point epsilon 2.7755575615628914e-17, and step error estimate = 1.4554743818222506. Aborting. There is either an error in your model specification or the true solution is unstable (or the true solution can not be represented in the precision of Float64).
└ @ SciMLBase ~/.julia/packages/SciMLBase/VW1cI/src/integrator_interface.jl:623
┌ Warning: At t=-0.5701262265074674, dt was forced below floating point epsilon 1.1102230246251565e-16, and step error estimate = 1.168201070859042. Aborting. There is either an error in your model specification or the true solution is unstable (or the true solution can not be represented in the precision of Float64).
└ @ SciMLBase ~/.julia/packages/SciMLBase/VW1cI/src/integrator_interface.jl:623
┌ Warning: At t=0.9699478627642294, dt was forced below floating point epsilon 1.1102230246251565e-16, and step error estimate = 226.1485438702644. Aborting. There is either an error in your model specification or the true solution is unstable (or the true solution can not be represented in the precision of Float64).
└ @ SciMLBase ~/.julia/packages/SciMLBase/VW1cI/src/integrator_interface.jl:623
┌ Warning: At t=0.42709826550897895, dt was forced below floating point epsilon 5.551115123125783e-17, and step error estimate = 1.1870726484473035. Aborting. There is either an error in your model specification or the true solution is unstable (or the true solution can not be represented in the precision of Float64).
└ @ SciMLBase ~/.julia/packages/SciMLBase/VW1cI/src/integrator_interface.jl:623
┌ Warning: At t=0.2681734919452621, dt was forced below floating point epsilon 5.551115123125783e-17, and step error estimate = 1.0265766965037262. Aborting. There is either an error in your model specification or the true solution is unstable (or the true solution can not be represented in the precision of Float64).
└ @ SciMLBase ~/.julia/packages/SciMLBase/VW1cI/src/integrator_interface.jl:623
┌ Warning: At t=-0.664915548803704, dt was forced below floating point epsilon 1.1102230246251565e-16, and step error estimate = 1.005419597988733. Aborting. There is either an error in your model specification or the true solution is unstable (or the true solution can not be represented in the precision of Float64).
└ @ SciMLBase ~/.julia/packages/SciMLBase/VW1cI/src/integrator_interface.jl:623
┌ Warning: At t=-0.2026283615092327, dt was forced below floating point epsilon 2.7755575615628914e-17, and step error estimate = 1.3768428039149112. Aborting. There is either an error in your model specification or the true solution is unstable (or the true solution can not be represented in the precision of Float64).
└ @ SciMLBase ~/.julia/packages/SciMLBase/VW1cI/src/integrator_interface.jl:623
┌ Warning: At t=-0.932953720578247, dt was forced below floating point epsilon 1.1102230246251565e-16, and step error estimate = 1.333631474125693. Aborting. There is either an error in your model specification or the true solution is unstable (or the true solution can not be represented in the precision of Float64).
└ @ SciMLBase ~/.julia/packages/SciMLBase/VW1cI/src/integrator_interface.jl:623
┌ Warning: At t=-1.0, dt was forced below floating point epsilon 2.220446049250313e-16, and step error estimate = NaN. Aborting. There is either an error in your model specification or the true solution is unstable (or the true solution can not be represented in the precision of Float64).
└ @ SciMLBase ~/.julia/packages/SciMLBase/VW1cI/src/integrator_interface.jl:623
┌ Warning: At t=0.10544329746949045, dt was forced below floating point epsilon 1.3877787807814457e-17, and step error estimate = NaN. Aborting. There is either an error in your model specification or the true solution is unstable (or the true solution can not be represented in the precision of Float64).
└ @ SciMLBase ~/.julia/packages/SciMLBase/VW1cI/src/integrator_interface.jl:623
┌ Warning: At t=0.08203045203794455, dt was forced below floating point epsilon 1.3877787807814457e-17, and step error estimate = NaN. Aborting. There is either an error in your model specification or the true solution is unstable (or the true solution can not be represented in the precision of Float64).
└ @ SciMLBase ~/.julia/packages/SciMLBase/VW1cI/src/integrator_interface.jl:623
┌ Warning: At t=-0.8835016813838377, dt was forced below floating point epsilon 1.1102230246251565e-16, and step error estimate = 1.2666986583072695. Aborting. There is either an error in your model specification or the true solution is unstable (or the true solution can not be represented in the precision of Float64).
└ @ SciMLBase ~/.julia/packages/SciMLBase/VW1cI/src/integrator_interface.jl:623
┌ Warning: At t=0.08207538328371115, dt was forced below floating point epsilon 1.3877787807814457e-17, and step error estimate = 1.0656435975275675. Aborting. There is either an error in your model specification or the true solution is unstable (or the true solution can not be represented in the precision of Float64).
└ @ SciMLBase ~/.julia/packages/SciMLBase/VW1cI/src/integrator_interface.jl:623
┌ Warning: At t=0.13385046992928187, dt was forced below floating point epsilon 2.7755575615628914e-17, and step error estimate = 1.0455498622015276. Aborting. There is either an error in your model specification or the true solution is unstable (or the true solution can not be represented in the precision of Float64).
└ @ SciMLBase ~/.julia/packages/SciMLBase/VW1cI/src/integrator_interface.jl:623
┌ Warning: At t=-1.0, dt was forced below floating point epsilon 2.220446049250313e-16, and step error estimate = 1.4126079510057313e9. Aborting. There is either an error in your model specification or the true solution is unstable (or the true solution can not be represented in the precision of Float64).
└ @ SciMLBase ~/.julia/packages/SciMLBase/VW1cI/src/integrator_interface.jl:623
┌ Warning: At t=-0.8252011439875094, dt was forced below floating point epsilon 1.1102230246251565e-16, and step error estimate = 1.280904246461849. Aborting. There is either an error in your model specification or the true solution is unstable (or the true solution can not be represented in the precision of Float64).
└ @ SciMLBase ~/.julia/packages/SciMLBase/VW1cI/src/integrator_interface.jl:623
┌ Warning: At t=-1.0, dt was forced below floating point epsilon 2.220446049250313e-16, and step error estimate = 6.399418726984865e10. Aborting. There is either an error in your model specification or the true solution is unstable (or the true solution can not be represented in the precision of Float64).
└ @ SciMLBase ~/.julia/packages/SciMLBase/VW1cI/src/integrator_interface.jl:623
┌ Warning: At t=0.09002444173961806, dt was forced below floating point epsilon 1.3877787807814457e-17, and step error estimate = 8.819259754921436. Aborting. There is either an error in your model specification or the true solution is unstable (or the true solution can not be represented in the precision of Float64).
└ @ SciMLBase ~/.julia/packages/SciMLBase/VW1cI/src/integrator_interface.jl:623
┌ Warning: At t=-1.0, dt was forced below floating point epsilon 2.220446049250313e-16, and step error estimate = 18.583816598617588. Aborting. There is either an error in your model specification or the true solution is unstable (or the true solution can not be represented in the precision of Float64).
└ @ SciMLBase ~/.julia/packages/SciMLBase/VW1cI/src/integrator_interface.jl:623
┌ Warning: At t=0.8500195279701835, dt was forced below floating point epsilon 1.1102230246251565e-16, and step error estimate = 1.0521985729132324. Aborting. There is either an error in your model specification or the true solution is unstable (or the true solution can not be represented in the precision of Float64).
└ @ SciMLBase ~/.julia/packages/SciMLBase/VW1cI/src/integrator_interface.jl:623
┌ Warning: At t=0.08200002078057543, dt was forced below floating point epsilon 1.3877787807814457e-17, and step error estimate = NaN. Aborting. There is either an error in your model specification or the true solution is unstable (or the true solution can not be represented in the precision of Float64).
└ @ SciMLBase ~/.julia/packages/SciMLBase/VW1cI/src/integrator_interface.jl:623
┌ Warning: At t=-1.0, dt was forced below floating point epsilon 2.220446049250313e-16, and step error estimate = 7.071067811865476e11. Aborting. There is either an error in your model specification or the true solution is unstable (or the true solution can not be represented in the precision of Float64).
└ @ SciMLBase ~/.julia/packages/SciMLBase/VW1cI/src/integrator_interface.jl:623
┌ Warning: At t=0.08200000106253846, dt was forced below floating point epsilon 1.3877787807814457e-17, and step error estimate = NaN. Aborting. There is either an error in your model specification or the true solution is unstable (or the true solution can not be represented in the precision of Float64).
└ @ SciMLBase ~/.julia/packages/SciMLBase/VW1cI/src/integrator_interface.jl:623
┌ Warning: At t=-0.09128196178129458, dt was forced below floating point epsilon 1.3877787807814457e-17, and step error estimate = 1.4161676948073818. Aborting. There is either an error in your model specification or the true solution is unstable (or the true solution can not be represented in the precision of Float64).
└ @ SciMLBase ~/.julia/packages/SciMLBase/VW1cI/src/integrator_interface.jl:623
┌ Warning: At t=-0.28788601401828745, dt was forced below floating point epsilon 5.551115123125783e-17, and step error estimate = 1.3964166309924448. Aborting. There is either an error in your model specification or the true solution is unstable (or the true solution can not be represented in the precision of Float64).
└ @ SciMLBase ~/.julia/packages/SciMLBase/VW1cI/src/integrator_interface.jl:623
┌ Warning: At t=0.10544329746949045, dt was forced below floating point epsilon 1.3877787807814457e-17, and step error estimate = NaN. Aborting. There is either an error in your model specification or the true solution is unstable (or the true solution can not be represented in the precision of Float64).
└ @ SciMLBase ~/.julia/packages/SciMLBase/VW1cI/src/integrator_interface.jl:623
┌ Warning: At t=0.3699484298857476, dt was forced below floating point epsilon 5.551115123125783e-17, and step error estimate = 1.1437761218501938. Aborting. There is either an error in your model specification or the true solution is unstable (or the true solution can not be represented in the precision of Float64).
└ @ SciMLBase ~/.julia/packages/SciMLBase/VW1cI/src/integrator_interface.jl:623
┌ Warning: At t=0.08200000003680162, dt was forced below floating point epsilon 1.3877787807814457e-17, and step error estimate = NaN. Aborting. There is either an error in your model specification or the true solution is unstable (or the true solution can not be represented in the precision of Float64).
└ @ SciMLBase ~/.julia/packages/SciMLBase/VW1cI/src/integrator_interface.jl:623
┌ Warning: At t=-1.0, dt was forced below floating point epsilon 2.220446049250313e-16, and step error estimate = NaN. Aborting. There is either an error in your model specification or the true solution is unstable (or the true solution can not be represented in the precision of Float64).
└ @ SciMLBase ~/.julia/packages/SciMLBase/VW1cI/src/integrator_interface.jl:623
┌ Warning: At t=-0.3039663126746715, dt was forced below floating point epsilon 5.551115123125783e-17, and step error estimate = 1.164651037888075. Aborting. There is either an error in your model specification or the true solution is unstable (or the true solution can not be represented in the precision of Float64).
└ @ SciMLBase ~/.julia/packages/SciMLBase/VW1cI/src/integrator_interface.jl:623
┌ Warning: At t=0.9921699072055941, dt was forced below floating point epsilon 1.1102230246251565e-16, and step error estimate = 1.0567802565694946. Aborting. There is either an error in your model specification or the true solution is unstable (or the true solution can not be represented in the precision of Float64).
└ @ SciMLBase ~/.julia/packages/SciMLBase/VW1cI/src/integrator_interface.jl:623
┌ Warning: At t=-1.0, dt was forced below floating point epsilon 2.220446049250313e-16, and step error estimate = 18.583816598617588. Aborting. There is either an error in your model specification or the true solution is unstable (or the true solution can not be represented in the precision of Float64).
└ @ SciMLBase ~/.julia/packages/SciMLBase/VW1cI/src/integrator_interface.jl:623
┌ Warning: At t=-1.0, dt was forced below floating point epsilon 2.220446049250313e-16, and step error estimate = 1.285080034361041e9. Aborting. There is either an error in your model specification or the true solution is unstable (or the true solution can not be represented in the precision of Float64).
└ @ SciMLBase ~/.julia/packages/SciMLBase/VW1cI/src/integrator_interface.jl:623
┌ Warning: At t=0.3952256109626484, dt was forced below floating point epsilon 5.551115123125783e-17, and step error estimate = 1.1641795030398687. Aborting. There is either an error in your model specification or the true solution is unstable (or the true solution can not be represented in the precision of Float64).
└ @ SciMLBase ~/.julia/packages/SciMLBase/VW1cI/src/integrator_interface.jl:623
┌ Warning: At t=-1.0, dt was forced below floating point epsilon 2.220446049250313e-16, and step error estimate = 6.974856886058573. Aborting. There is either an error in your model specification or the true solution is unstable (or the true solution can not be represented in the precision of Float64).
└ @ SciMLBase ~/.julia/packages/SciMLBase/VW1cI/src/integrator_interface.jl:623
┌ Warning: At t=-1.0, dt was forced below floating point epsilon 2.220446049250313e-16, and step error estimate = 1.4348809383387175. Aborting. There is either an error in your model specification or the true solution is unstable (or the true solution can not be represented in the precision of Float64).
└ @ SciMLBase ~/.julia/packages/SciMLBase/VW1cI/src/integrator_interface.jl:623
┌ Warning: At t=-1.0, dt was forced below floating point epsilon 2.220446049250313e-16, and step error estimate = 1.4513696483654757e9. Aborting. There is either an error in your model specification or the true solution is unstable (or the true solution can not be represented in the precision of Float64).
└ @ SciMLBase ~/.julia/packages/SciMLBase/VW1cI/src/integrator_interface.jl:623
┌ Warning: At t=0.49653021652933854, dt was forced below floating point epsilon 5.551115123125783e-17, and step error estimate = 1.126828431624606. Aborting. There is either an error in your model specification or the true solution is unstable (or the true solution can not be represented in the precision of Float64).
└ @ SciMLBase ~/.julia/packages/SciMLBase/VW1cI/src/integrator_interface.jl:623
┌ Warning: At t=-0.9435368177962853, dt was forced below floating point epsilon 1.1102230246251565e-16, and step error estimate = 1.170515949046614. Aborting. There is either an error in your model specification or the true solution is unstable (or the true solution can not be represented in the precision of Float64).
└ @ SciMLBase ~/.julia/packages/SciMLBase/VW1cI/src/integrator_interface.jl:623
┌ Warning: At t=-0.3393832880287356, dt was forced below floating point epsilon 5.551115123125783e-17, and step error estimate = NaN. Aborting. There is either an error in your model specification or the true solution is unstable (or the true solution can not be represented in the precision of Float64).
└ @ SciMLBase ~/.julia/packages/SciMLBase/VW1cI/src/integrator_interface.jl:623
┌ Warning: At t=-0.9920340414761456, dt was forced below floating point epsilon 1.1102230246251565e-16, and step error estimate = 1.1419280207594484. Aborting. There is either an error in your model specification or the true solution is unstable (or the true solution can not be represented in the precision of Float64).
└ @ SciMLBase ~/.julia/packages/SciMLBase/VW1cI/src/integrator_interface.jl:623
┌ Warning: At t=-1.0, dt was forced below floating point epsilon 2.220446049250313e-16, and step error estimate = 2.3082251200300283e9. Aborting. There is either an error in your model specification or the true solution is unstable (or the true solution can not be represented in the precision of Float64).
└ @ SciMLBase ~/.julia/packages/SciMLBase/VW1cI/src/integrator_interface.jl:623
┌ Warning: At t=-0.8275604148502652, dt was forced below floating point epsilon 1.1102230246251565e-16, and step error estimate = 1.026630781751739. Aborting. There is either an error in your model specification or the true solution is unstable (or the true solution can not be represented in the precision of Float64).
└ @ SciMLBase ~/.julia/packages/SciMLBase/VW1cI/src/integrator_interface.jl:623
┌ Warning: At t=-0.7637583774697418, dt was forced below floating point epsilon 1.1102230246251565e-16, and step error estimate = 1.252490140661317. Aborting. There is either an error in your model specification or the true solution is unstable (or the true solution can not be represented in the precision of Float64).
└ @ SciMLBase ~/.julia/packages/SciMLBase/VW1cI/src/integrator_interface.jl:623
┌ Warning: At t=0.36994868296639105, dt was forced below floating point epsilon 5.551115123125783e-17, and step error estimate = 1.1617582544853071. Aborting. There is either an error in your model specification or the true solution is unstable (or the true solution can not be represented in the precision of Float64).
└ @ SciMLBase ~/.julia/packages/SciMLBase/VW1cI/src/integrator_interface.jl:623
┌ Warning: At t=0.12226324650426229, dt was forced below floating point epsilon 1.3877787807814457e-17, and step error estimate = 34.09575209801569. Aborting. There is either an error in your model specification or the true solution is unstable (or the true solution can not be represented in the precision of Float64).
└ @ SciMLBase ~/.julia/packages/SciMLBase/VW1cI/src/integrator_interface.jl:623
┌ Warning: At t=0.5824092982128559, dt was forced below floating point epsilon 1.1102230246251565e-16, and step error estimate = 1.1161609558911991. Aborting. There is either an error in your model specification or the true solution is unstable (or the true solution can not be represented in the precision of Float64).
└ @ SciMLBase ~/.julia/packages/SciMLBase/VW1cI/src/integrator_interface.jl:623
┌ Warning: At t=0.0001390863079085347, dt was forced below floating point epsilon 2.710505431213761e-20, and step error estimate = 1.1485297005620227. Aborting. There is either an error in your model specification or the true solution is unstable (or the true solution can not be represented in the precision of Float64).
└ @ SciMLBase ~/.julia/packages/SciMLBase/VW1cI/src/integrator_interface.jl:623
┌ Warning: Interrupted. Larger maxiters is needed. If you are using an integrator for non-stiff ODEs or an automatic switching algorithm (the default), you may want to consider using a method for stiff equations. See the solver pages for more details (e.g. https://docs.sciml.ai/DiffEqDocs/stable/solvers/ode_solve/#Stiff-Problems).
└ @ SciMLBase ~/.julia/packages/SciMLBase/VW1cI/src/integrator_interface.jl:589
┌ Warning: At t=-0.8959999119409912, dt was forced below floating point epsilon 1.1102230246251565e-16, and step error estimate = 86.88953684366513. Aborting. There is either an error in your model specification or the true solution is unstable (or the true solution can not be represented in the precision of Float64).
└ @ SciMLBase ~/.julia/packages/SciMLBase/VW1cI/src/integrator_interface.jl:623
┌ Warning: At t=-0.883501682879019, dt was forced below floating point epsilon 1.1102230246251565e-16, and step error estimate = 1.2012241580526162. Aborting. There is either an error in your model specification or the true solution is unstable (or the true solution can not be represented in the precision of Float64).
└ @ SciMLBase ~/.julia/packages/SciMLBase/VW1cI/src/integrator_interface.jl:623
┌ Warning: At t=-0.7856395987719895, dt was forced below floating point epsilon 1.1102230246251565e-16, and step error estimate = 1.001407722599979. Aborting. There is either an error in your model specification or the true solution is unstable (or the true solution can not be represented in the precision of Float64).
└ @ SciMLBase ~/.julia/packages/SciMLBase/VW1cI/src/integrator_interface.jl:623
┌ Warning: At t=0.8648088957378475, dt was forced below floating point epsilon 1.1102230246251565e-16, and step error estimate = 1.1528397999008158. Aborting. There is either an error in your model specification or the true solution is unstable (or the true solution can not be represented in the precision of Float64).
└ @ SciMLBase ~/.julia/packages/SciMLBase/VW1cI/src/integrator_interface.jl:623
┌ Warning: At t=0.9216913941715084, dt was forced below floating point epsilon 1.1102230246251565e-16, and step error estimate = 1.1800480872113026. Aborting. There is either an error in your model specification or the true solution is unstable (or the true solution can not be represented in the precision of Float64).
└ @ SciMLBase ~/.julia/packages/SciMLBase/VW1cI/src/integrator_interface.jl:623
┌ Warning: At t=-0.9880765402111267, dt was forced below floating point epsilon 1.1102230246251565e-16, and step error estimate = 219.76627980948413. Aborting. There is either an error in your model specification or the true solution is unstable (or the true solution can not be represented in the precision of Float64).
└ @ SciMLBase ~/.julia/packages/SciMLBase/VW1cI/src/integrator_interface.jl:623
┌ Warning: At t=-1.0, dt was forced below floating point epsilon 2.220446049250313e-16, and step error estimate = 1.3635737437955093e9. Aborting. There is either an error in your model specification or the true solution is unstable (or the true solution can not be represented in the precision of Float64).
└ @ SciMLBase ~/.julia/packages/SciMLBase/VW1cI/src/integrator_interface.jl:623
┌ Warning: At t=0.29200980317842945, dt was forced below floating point epsilon 5.551115123125783e-17, and step error estimate = 1.1795320749659914. Aborting. There is either an error in your model specification or the true solution is unstable (or the true solution can not be represented in the precision of Float64).
└ @ SciMLBase ~/.julia/packages/SciMLBase/VW1cI/src/integrator_interface.jl:623
┌ Warning: At t=-0.2996417472755377, dt was forced below floating point epsilon 5.551115123125783e-17, and step error estimate = 1.0802671167636402. Aborting. There is either an error in your model specification or the true solution is unstable (or the true solution can not be represented in the precision of Float64).
└ @ SciMLBase ~/.julia/packages/SciMLBase/VW1cI/src/integrator_interface.jl:623
┌ Warning: At t=-0.37126489023390785, dt was forced below floating point epsilon 5.551115123125783e-17, and step error estimate = 1.202355265680397. Aborting. There is either an error in your model specification or the true solution is unstable (or the true solution can not be represented in the precision of Float64).
└ @ SciMLBase ~/.julia/packages/SciMLBase/VW1cI/src/integrator_interface.jl:623
┌ Warning: At t=-0.7148456971726661, dt was forced below floating point epsilon 1.1102230246251565e-16, and step error estimate = 1.1242032191967928. Aborting. There is either an error in your model specification or the true solution is unstable (or the true solution can not be represented in the precision of Float64).
└ @ SciMLBase ~/.julia/packages/SciMLBase/VW1cI/src/integrator_interface.jl:623
┌ Warning: At t=-0.6747231506033362, dt was forced below floating point epsilon 1.1102230246251565e-16, and step error estimate = 3.0902430532066623. Aborting. There is either an error in your model specification or the true solution is unstable (or the true solution can not be represented in the precision of Float64).
└ @ SciMLBase ~/.julia/packages/SciMLBase/VW1cI/src/integrator_interface.jl:623
┌ Warning: At t=-1.0, dt was forced below floating point epsilon 2.220446049250313e-16, and step error estimate = 3.415268243672362e11. Aborting. There is either an error in your model specification or the true solution is unstable (or the true solution can not be represented in the precision of Float64).
└ @ SciMLBase ~/.julia/packages/SciMLBase/VW1cI/src/integrator_interface.jl:623
┌ Warning: At t=0.5824103413777929, dt was forced below floating point epsilon 1.1102230246251565e-16, and step error estimate = 1.0424099836378973. Aborting. There is either an error in your model specification or the true solution is unstable (or the true solution can not be represented in the precision of Float64).
└ @ SciMLBase ~/.julia/packages/SciMLBase/VW1cI/src/integrator_interface.jl:623
┌ Warning: At t=-0.7463026695848237, dt was forced below floating point epsilon 1.1102230246251565e-16, and step error estimate = NaN. Aborting. There is either an error in your model specification or the true solution is unstable (or the true solution can not be represented in the precision of Float64).
└ @ SciMLBase ~/.julia/packages/SciMLBase/VW1cI/src/integrator_interface.jl:623
┌ Warning: At t=-1.0, dt was forced below floating point epsilon 2.220446049250313e-16, and step error estimate = 5.670000609863469. Aborting. There is either an error in your model specification or the true solution is unstable (or the true solution can not be represented in the precision of Float64).
└ @ SciMLBase ~/.julia/packages/SciMLBase/VW1cI/src/integrator_interface.jl:623
┌ Warning: At t=-1.0, dt was forced below floating point epsilon 2.220446049250313e-16, and step error estimate = NaN. Aborting. There is either an error in your model specification or the true solution is unstable (or the true solution can not be represented in the precision of Float64).
└ @ SciMLBase ~/.julia/packages/SciMLBase/VW1cI/src/integrator_interface.jl:623
┌ Warning: At t=-1.0, dt was forced below floating point epsilon 2.220446049250313e-16, and step error estimate = 2.1471584877262096e9. Aborting. There is either an error in your model specification or the true solution is unstable (or the true solution can not be represented in the precision of Float64).
└ @ SciMLBase ~/.julia/packages/SciMLBase/VW1cI/src/integrator_interface.jl:623
┌ Warning: At t=-0.9983551601354415, dt was forced below floating point epsilon 1.1102230246251565e-16, and step error estimate = 1.2945611472885266. Aborting. There is either an error in your model specification or the true solution is unstable (or the true solution can not be represented in the precision of Float64).
└ @ SciMLBase ~/.julia/packages/SciMLBase/VW1cI/src/integrator_interface.jl:623
┌ Warning: At t=-0.9703427236509952, dt was forced below floating point epsilon 1.1102230246251565e-16, and step error estimate = 703.4271623947684. Aborting. There is either an error in your model specification or the true solution is unstable (or the true solution can not be represented in the precision of Float64).
└ @ SciMLBase ~/.julia/packages/SciMLBase/VW1cI/src/integrator_interface.jl:623
┌ Warning: At t=-1.0, dt was forced below floating point epsilon 2.220446049250313e-16, and step error estimate = NaN. Aborting. There is either an error in your model specification or the true solution is unstable (or the true solution can not be represented in the precision of Float64).
└ @ SciMLBase ~/.julia/packages/SciMLBase/VW1cI/src/integrator_interface.jl:623
┌ Warning: At t=0.09002444173961806, dt was forced below floating point epsilon 1.3877787807814457e-17, and step error estimate = 8.819259754921436. Aborting. There is either an error in your model specification or the true solution is unstable (or the true solution can not be represented in the precision of Float64).
└ @ SciMLBase ~/.julia/packages/SciMLBase/VW1cI/src/integrator_interface.jl:623
┌ Warning: At t=-1.0, dt was forced below floating point epsilon 2.220446049250313e-16, and step error estimate = 2.1705534746079745e9. Aborting. There is either an error in your model specification or the true solution is unstable (or the true solution can not be represented in the precision of Float64).
└ @ SciMLBase ~/.julia/packages/SciMLBase/VW1cI/src/integrator_interface.jl:623
┌ Warning: At t=0.08200164473639283, dt was forced below floating point epsilon 1.3877787807814457e-17, and step error estimate = NaN. Aborting. There is either an error in your model specification or the true solution is unstable (or the true solution can not be represented in the precision of Float64).
└ @ SciMLBase ~/.julia/packages/SciMLBase/VW1cI/src/integrator_interface.jl:623
┌ Warning: At t=-0.8597438216863115, dt was forced below floating point epsilon 1.1102230246251565e-16, and step error estimate = 1.2330766189610292. Aborting. There is either an error in your model specification or the true solution is unstable (or the true solution can not be represented in the precision of Float64).
└ @ SciMLBase ~/.julia/packages/SciMLBase/VW1cI/src/integrator_interface.jl:623
┌ Warning: At t=-1.0, dt was forced below floating point epsilon 2.220446049250313e-16, and step error estimate = 1.2852631850548995e9. Aborting. There is either an error in your model specification or the true solution is unstable (or the true solution can not be represented in the precision of Float64).
└ @ SciMLBase ~/.julia/packages/SciMLBase/VW1cI/src/integrator_interface.jl:623
┌ Warning: At t=0.3699484298857476, dt was forced below floating point epsilon 5.551115123125783e-17, and step error estimate = 1.1437761218501938. Aborting. There is either an error in your model specification or the true solution is unstable (or the true solution can not be represented in the precision of Float64).
└ @ SciMLBase ~/.julia/packages/SciMLBase/VW1cI/src/integrator_interface.jl:623
┌ Warning: At t=-1.0, dt was forced below floating point epsilon 2.220446049250313e-16, and step error estimate = NaN. Aborting. There is either an error in your model specification or the true solution is unstable (or the true solution can not be represented in the precision of Float64).
└ @ SciMLBase ~/.julia/packages/SciMLBase/VW1cI/src/integrator_interface.jl:623
┌ Warning: At t=-1.0, dt was forced below floating point epsilon 2.220446049250313e-16, and step error estimate = 1.4645057578667204e9. Aborting. There is either an error in your model specification or the true solution is unstable (or the true solution can not be represented in the precision of Float64).
└ @ SciMLBase ~/.julia/packages/SciMLBase/VW1cI/src/integrator_interface.jl:623
┌ Warning: At t=-1.0, dt was forced below floating point epsilon 2.220446049250313e-16, and step error estimate = 214.65724441368144. Aborting. There is either an error in your model specification or the true solution is unstable (or the true solution can not be represented in the precision of Float64).
└ @ SciMLBase ~/.julia/packages/SciMLBase/VW1cI/src/integrator_interface.jl:623
┌ Warning: At t=-1.0, dt was forced below floating point epsilon 2.220446049250313e-16, and step error estimate = NaN. Aborting. There is either an error in your model specification or the true solution is unstable (or the true solution can not be represented in the precision of Float64).
└ @ SciMLBase ~/.julia/packages/SciMLBase/VW1cI/src/integrator_interface.jl:623
┌ Warning: At t=-0.6826799736485015, dt was forced below floating point epsilon 1.1102230246251565e-16, and step error estimate = 1.0176212460366962. Aborting. There is either an error in your model specification or the true solution is unstable (or the true solution can not be represented in the precision of Float64).
└ @ SciMLBase ~/.julia/packages/SciMLBase/VW1cI/src/integrator_interface.jl:623
┌ Warning: At t=-0.5701262265074674, dt was forced below floating point epsilon 1.1102230246251565e-16, and step error estimate = 1.168201070859042. Aborting. There is either an error in your model specification or the true solution is unstable (or the true solution can not be represented in the precision of Float64).
└ @ SciMLBase ~/.julia/packages/SciMLBase/VW1cI/src/integrator_interface.jl:623
┌ Warning: At t=-0.971848432143774, dt was forced below floating point epsilon 1.1102230246251565e-16, and step error estimate = 1.2891602918716691. Aborting. There is either an error in your model specification or the true solution is unstable (or the true solution can not be represented in the precision of Float64).
└ @ SciMLBase ~/.julia/packages/SciMLBase/VW1cI/src/integrator_interface.jl:623
┌ Warning: At t=-0.9699839588893214, dt was forced below floating point epsilon 1.1102230246251565e-16, and step error estimate = 1.144905146099316. Aborting. There is either an error in your model specification or the true solution is unstable (or the true solution can not be represented in the precision of Float64).
└ @ SciMLBase ~/.julia/packages/SciMLBase/VW1cI/src/integrator_interface.jl:623
┌ Warning: At t=-0.9999990982012021, dt was forced below floating point epsilon 1.1102230246251565e-16, and step error estimate = 1.160963617254083. Aborting. There is either an error in your model specification or the true solution is unstable (or the true solution can not be represented in the precision of Float64).
└ @ SciMLBase ~/.julia/packages/SciMLBase/VW1cI/src/integrator_interface.jl:623
┌ Warning: At t=0.08200021388618232, dt was forced below floating point epsilon 1.3877787807814457e-17, and step error estimate = NaN. Aborting. There is either an error in your model specification or the true solution is unstable (or the true solution can not be represented in the precision of Float64).
└ @ SciMLBase ~/.julia/packages/SciMLBase/VW1cI/src/integrator_interface.jl:623
┌ Warning: At t=0.12030008728262218, dt was forced below floating point epsilon 1.3877787807814457e-17, and step error estimate = 1.0168543753129513. Aborting. There is either an error in your model specification or the true solution is unstable (or the true solution can not be represented in the precision of Float64).
└ @ SciMLBase ~/.julia/packages/SciMLBase/VW1cI/src/integrator_interface.jl:623
┌ Warning: At t=-1.0, dt was forced below floating point epsilon 2.220446049250313e-16, and step error estimate = 1.0098780047891996e10. Aborting. There is either an error in your model specification or the true solution is unstable (or the true solution can not be represented in the precision of Float64).
└ @ SciMLBase ~/.julia/packages/SciMLBase/VW1cI/src/integrator_interface.jl:623
┌ Warning: At t=0.9921699072055766, dt was forced below floating point epsilon 1.1102230246251565e-16, and step error estimate = 1.4506828456010197. Aborting. There is either an error in your model specification or the true solution is unstable (or the true solution can not be represented in the precision of Float64).
└ @ SciMLBase ~/.julia/packages/SciMLBase/VW1cI/src/integrator_interface.jl:623
┌ Warning: At t=-0.9639447859580534, dt was forced below floating point epsilon 1.1102230246251565e-16, and step error estimate = 1.0957679089420729. Aborting. There is either an error in your model specification or the true solution is unstable (or the true solution can not be represented in the precision of Float64).
└ @ SciMLBase ~/.julia/packages/SciMLBase/VW1cI/src/integrator_interface.jl:623
┌ Warning: At t=-0.3722471742595375, dt was forced below floating point epsilon 5.551115123125783e-17, and step error estimate = 120.6817368094603. Aborting. There is either an error in your model specification or the true solution is unstable (or the true solution can not be represented in the precision of Float64).
└ @ SciMLBase ~/.julia/packages/SciMLBase/VW1cI/src/integrator_interface.jl:623
┌ Warning: At t=-0.9694708380764989, dt was forced below floating point epsilon 1.1102230246251565e-16, and step error estimate = 1.0020901507848459. Aborting. There is either an error in your model specification or the true solution is unstable (or the true solution can not be represented in the precision of Float64).
└ @ SciMLBase ~/.julia/packages/SciMLBase/VW1cI/src/integrator_interface.jl:623
┌ Warning: At t=-0.3116518782879883, dt was forced below floating point epsilon 5.551115123125783e-17, and step error estimate = 1.0757892960119604. Aborting. There is either an error in your model specification or the true solution is unstable (or the true solution can not be represented in the precision of Float64).
└ @ SciMLBase ~/.julia/packages/SciMLBase/VW1cI/src/integrator_interface.jl:623
┌ Warning: At t=-1.0, dt was forced below floating point epsilon 2.220446049250313e-16, and step error estimate = 1.5181406529385273e9. Aborting. There is either an error in your model specification or the true solution is unstable (or the true solution can not be represented in the precision of Float64).
└ @ SciMLBase ~/.julia/packages/SciMLBase/VW1cI/src/integrator_interface.jl:623
┌ Warning: At t=-0.20262825357122427, dt was forced below floating point epsilon 2.7755575615628914e-17, and step error estimate = 1.2104948387712864. Aborting. There is either an error in your model specification or the true solution is unstable (or the true solution can not be represented in the precision of Float64).
└ @ SciMLBase ~/.julia/packages/SciMLBase/VW1cI/src/integrator_interface.jl:623
┌ Warning: At t=0.17128373314399803, dt was forced below floating point epsilon 2.7755575615628914e-17, and step error estimate = 1.2982609435624641. Aborting. There is either an error in your model specification or the true solution is unstable (or the true solution can not be represented in the precision of Float64).
└ @ SciMLBase ~/.julia/packages/SciMLBase/VW1cI/src/integrator_interface.jl:623
┌ Warning: At t=-0.9704246019300761, dt was forced below floating point epsilon 1.1102230246251565e-16, and step error estimate = NaN. Aborting. There is either an error in your model specification or the true solution is unstable (or the true solution can not be represented in the precision of Float64).
└ @ SciMLBase ~/.julia/packages/SciMLBase/VW1cI/src/integrator_interface.jl:623
┌ Warning: At t=-1.0, dt was forced below floating point epsilon 2.220446049250313e-16, and step error estimate = NaN. Aborting. There is either an error in your model specification or the true solution is unstable (or the true solution can not be represented in the precision of Float64).
└ @ SciMLBase ~/.julia/packages/SciMLBase/VW1cI/src/integrator_interface.jl:623
┌ Warning: At t=0.08200000003680162, dt was forced below floating point epsilon 1.3877787807814457e-17, and step error estimate = NaN. Aborting. There is either an error in your model specification or the true solution is unstable (or the true solution can not be represented in the precision of Float64).
└ @ SciMLBase ~/.julia/packages/SciMLBase/VW1cI/src/integrator_interface.jl:623
┌ Warning: At t=-1.0, dt was forced below floating point epsilon 2.220446049250313e-16, and step error estimate = 1.5382128177035894. Aborting. There is either an error in your model specification or the true solution is unstable (or the true solution can not be represented in the precision of Float64).
└ @ SciMLBase ~/.julia/packages/SciMLBase/VW1cI/src/integrator_interface.jl:623
┌ Warning: At t=-1.0, dt was forced below floating point epsilon 2.220446049250313e-16, and step error estimate = 1.2431055347817774e9. Aborting. There is either an error in your model specification or the true solution is unstable (or the true solution can not be represented in the precision of Float64).
└ @ SciMLBase ~/.julia/packages/SciMLBase/VW1cI/src/integrator_interface.jl:623
┌ Warning: At t=-1.0, dt was forced below floating point epsilon 2.220446049250313e-16, and step error estimate = 1.7174310286585717e9. Aborting. There is either an error in your model specification or the true solution is unstable (or the true solution can not be represented in the precision of Float64).
└ @ SciMLBase ~/.julia/packages/SciMLBase/VW1cI/src/integrator_interface.jl:623
┌ Warning: At t=0.1946223648931561, dt was forced below floating point epsilon 2.7755575615628914e-17, and step error estimate = 1.0305083790869625. Aborting. There is either an error in your model specification or the true solution is unstable (or the true solution can not be represented in the precision of Float64).
└ @ SciMLBase ~/.julia/packages/SciMLBase/VW1cI/src/integrator_interface.jl:623
┌ Warning: At t=-1.0, dt was forced below floating point epsilon 2.220446049250313e-16, and step error estimate = NaN. Aborting. There is either an error in your model specification or the true solution is unstable (or the true solution can not be represented in the precision of Float64).
└ @ SciMLBase ~/.julia/packages/SciMLBase/VW1cI/src/integrator_interface.jl:623
┌ Warning: At t=0.4965302346384614, dt was forced below floating point epsilon 5.551115123125783e-17, and step error estimate = 1.3929304256863013. Aborting. There is either an error in your model specification or the true solution is unstable (or the true solution can not be represented in the precision of Float64).
└ @ SciMLBase ~/.julia/packages/SciMLBase/VW1cI/src/integrator_interface.jl:623
┌ Warning: At t=-0.37224717426007264, dt was forced below floating point epsilon 5.551115123125783e-17, and step error estimate = 31.704633698975552. Aborting. There is either an error in your model specification or the true solution is unstable (or the true solution can not be represented in the precision of Float64).
└ @ SciMLBase ~/.julia/packages/SciMLBase/VW1cI/src/integrator_interface.jl:623
┌ Warning: At t=-1.0, dt was forced below floating point epsilon 2.220446049250313e-16, and step error estimate = NaN. Aborting. There is either an error in your model specification or the true solution is unstable (or the true solution can not be represented in the precision of Float64).
└ @ SciMLBase ~/.julia/packages/SciMLBase/VW1cI/src/integrator_interface.jl:623
┌ Warning: At t=-1.0, dt was forced below floating point epsilon 2.220446049250313e-16, and step error estimate = 2.404920970350445e9. Aborting. There is either an error in your model specification or the true solution is unstable (or the true solution can not be represented in the precision of Float64).
└ @ SciMLBase ~/.julia/packages/SciMLBase/VW1cI/src/integrator_interface.jl:623
┌ Warning: At t=-1.0, dt was forced below floating point epsilon 2.220446049250313e-16, and step error estimate = 6.974856886058573. Aborting. There is either an error in your model specification or the true solution is unstable (or the true solution can not be represented in the precision of Float64).
└ @ SciMLBase ~/.julia/packages/SciMLBase/VW1cI/src/integrator_interface.jl:623
┌ Warning: At t=0.12226324650426229, dt was forced below floating point epsilon 1.3877787807814457e-17, and step error estimate = 34.09575209801569. Aborting. There is either an error in your model specification or the true solution is unstable (or the true solution can not be represented in the precision of Float64).
└ @ SciMLBase ~/.julia/packages/SciMLBase/VW1cI/src/integrator_interface.jl:623
┌ Warning: At t=-0.664915548803704, dt was forced below floating point epsilon 1.1102230246251565e-16, and step error estimate = 1.005419597988733. Aborting. There is either an error in your model specification or the true solution is unstable (or the true solution can not be represented in the precision of Float64).
└ @ SciMLBase ~/.julia/packages/SciMLBase/VW1cI/src/integrator_interface.jl:623
┌ Warning: At t=-0.9999987603554182, dt was forced below floating point epsilon 1.1102230246251565e-16, and step error estimate = 1.043736298923609. Aborting. There is either an error in your model specification or the true solution is unstable (or the true solution can not be represented in the precision of Float64).
└ @ SciMLBase ~/.julia/packages/SciMLBase/VW1cI/src/integrator_interface.jl:623
┌ Warning: At t=-0.9703427236509952, dt was forced below floating point epsilon 1.1102230246251565e-16, and step error estimate = 703.4271623947684. Aborting. There is either an error in your model specification or the true solution is unstable (or the true solution can not be represented in the precision of Float64).
└ @ SciMLBase ~/.julia/packages/SciMLBase/VW1cI/src/integrator_interface.jl:623
┌ Warning: At t=-1.0, dt was forced below floating point epsilon 2.220446049250313e-16, and step error estimate = 578.3705121559475. Aborting. There is either an error in your model specification or the true solution is unstable (or the true solution can not be represented in the precision of Float64).
└ @ SciMLBase ~/.julia/packages/SciMLBase/VW1cI/src/integrator_interface.jl:623
┌ Warning: At t=-0.37224717426007264, dt was forced below floating point epsilon 5.551115123125783e-17, and step error estimate = 31.704633698975552. Aborting. There is either an error in your model specification or the true solution is unstable (or the true solution can not be represented in the precision of Float64).
└ @ SciMLBase ~/.julia/packages/SciMLBase/VW1cI/src/integrator_interface.jl:623
┌ Warning: At t=0.9672593964668087, dt was forced below floating point epsilon 1.1102230246251565e-16, and step error estimate = 1.0835072655382079. Aborting. There is either an error in your model specification or the true solution is unstable (or the true solution can not be represented in the precision of Float64).
└ @ SciMLBase ~/.julia/packages/SciMLBase/VW1cI/src/integrator_interface.jl:623
┌ Warning: At t=0.450615075289323, dt was forced below floating point epsilon 5.551115123125783e-17, and step error estimate = 1.0806091235481916. Aborting. There is either an error in your model specification or the true solution is unstable (or the true solution can not be represented in the precision of Float64).
└ @ SciMLBase ~/.julia/packages/SciMLBase/VW1cI/src/integrator_interface.jl:623
┌ Warning: At t=-1.0, dt was forced below floating point epsilon 2.220446049250313e-16, and step error estimate = 1.496915800163853e9. Aborting. There is either an error in your model specification or the true solution is unstable (or the true solution can not be represented in the precision of Float64).
└ @ SciMLBase ~/.julia/packages/SciMLBase/VW1cI/src/integrator_interface.jl:623
┌ Warning: At t=0.6830940646359074, dt was forced below floating point epsilon 1.1102230246251565e-16, and step error estimate = 1.1571805456206106. Aborting. There is either an error in your model specification or the true solution is unstable (or the true solution can not be represented in the precision of Float64).
└ @ SciMLBase ~/.julia/packages/SciMLBase/VW1cI/src/integrator_interface.jl:623
┌ Warning: At t=-0.9701855506229934, dt was forced below floating point epsilon 1.1102230246251565e-16, and step error estimate = 34.08911545353377. Aborting. There is either an error in your model specification or the true solution is unstable (or the true solution can not be represented in the precision of Float64).
└ @ SciMLBase ~/.julia/packages/SciMLBase/VW1cI/src/integrator_interface.jl:623
┌ Warning: Interrupted. Larger maxiters is needed. If you are using an integrator for non-stiff ODEs or an automatic switching algorithm (the default), you may want to consider using a method for stiff equations. See the solver pages for more details (e.g. https://docs.sciml.ai/DiffEqDocs/stable/solvers/ode_solve/#Stiff-Problems).
└ @ SciMLBase ~/.julia/packages/SciMLBase/VW1cI/src/integrator_interface.jl:589
┌ Warning: At t=0.08199574154411016, dt was forced below floating point epsilon 1.3877787807814457e-17, and step error estimate = NaN. Aborting. There is either an error in your model specification or the true solution is unstable (or the true solution can not be represented in the precision of Float64).
└ @ SciMLBase ~/.julia/packages/SciMLBase/VW1cI/src/integrator_interface.jl:623
┌ Warning: At t=-0.6826799736485015, dt was forced below floating point epsilon 1.1102230246251565e-16, and step error estimate = 1.0176212460366962. Aborting. There is either an error in your model specification or the true solution is unstable (or the true solution can not be represented in the precision of Float64).
└ @ SciMLBase ~/.julia/packages/SciMLBase/VW1cI/src/integrator_interface.jl:623
┌ Warning: At t=-1.0, dt was forced below floating point epsilon 2.220446049250313e-16, and step error estimate = 5.670000609863469. Aborting. There is either an error in your model specification or the true solution is unstable (or the true solution can not be represented in the precision of Float64).
└ @ SciMLBase ~/.julia/packages/SciMLBase/VW1cI/src/integrator_interface.jl:623
┌ Warning: At t=0.6830940646359074, dt was forced below floating point epsilon 1.1102230246251565e-16, and step error estimate = 1.1571805456206106. Aborting. There is either an error in your model specification or the true solution is unstable (or the true solution can not be represented in the precision of Float64).
└ @ SciMLBase ~/.julia/packages/SciMLBase/VW1cI/src/integrator_interface.jl:623
┌ Warning: At t=0.08199574154411016, dt was forced below floating point epsilon 1.3877787807814457e-17, and step error estimate = NaN. Aborting. There is either an error in your model specification or the true solution is unstable (or the true solution can not be represented in the precision of Float64).
└ @ SciMLBase ~/.julia/packages/SciMLBase/VW1cI/src/integrator_interface.jl:623
┌ Warning: At t=-0.7449719885437992, dt was forced below floating point epsilon 1.1102230246251565e-16, and step error estimate = 1.3070029518804842. Aborting. There is either an error in your model specification or the true solution is unstable (or the true solution can not be represented in the precision of Float64).
└ @ SciMLBase ~/.julia/packages/SciMLBase/VW1cI/src/integrator_interface.jl:623
┌ Warning: At t=0.08200213107007438, dt was forced below floating point epsilon 1.3877787807814457e-17, and step error estimate = NaN. Aborting. There is either an error in your model specification or the true solution is unstable (or the true solution can not be represented in the precision of Float64).
└ @ SciMLBase ~/.julia/packages/SciMLBase/VW1cI/src/integrator_interface.jl:623
┌ Warning: At t=0.2267581084443635, dt was forced below floating point epsilon 2.7755575615628914e-17, and step error estimate = 46.32317278510008. Aborting. There is either an error in your model specification or the true solution is unstable (or the true solution can not be represented in the precision of Float64).
└ @ SciMLBase ~/.julia/packages/SciMLBase/VW1cI/src/integrator_interface.jl:623
┌ Warning: At t=-1.0, dt was forced below floating point epsilon 2.220446049250313e-16, and step error estimate = 1.572869248493623e9. Aborting. There is either an error in your model specification or the true solution is unstable (or the true solution can not be represented in the precision of Float64).
└ @ SciMLBase ~/.julia/packages/SciMLBase/VW1cI/src/integrator_interface.jl:623
┌ Warning: At t=0.5461447028942865, dt was forced below floating point epsilon 1.1102230246251565e-16, and step error estimate = 1.0417936093931388. Aborting. There is either an error in your model specification or the true solution is unstable (or the true solution can not be represented in the precision of Float64).
└ @ SciMLBase ~/.julia/packages/SciMLBase/VW1cI/src/integrator_interface.jl:623
┌ Warning: At t=0.93644858688355, dt was forced below floating point epsilon 1.1102230246251565e-16, and step error estimate = 1.303196440375024. Aborting. There is either an error in your model specification or the true solution is unstable (or the true solution can not be represented in the precision of Float64).
└ @ SciMLBase ~/.julia/packages/SciMLBase/VW1cI/src/integrator_interface.jl:623
┌ Warning: At t=-1.0, dt was forced below floating point epsilon 2.220446049250313e-16, and step error estimate = NaN. Aborting. There is either an error in your model specification or the true solution is unstable (or the true solution can not be represented in the precision of Float64).
└ @ SciMLBase ~/.julia/packages/SciMLBase/VW1cI/src/integrator_interface.jl:623
┌ Warning: At t=-1.0, dt was forced below floating point epsilon 2.220446049250313e-16, and step error estimate = 1.995887928918107e9. Aborting. There is either an error in your model specification or the true solution is unstable (or the true solution can not be represented in the precision of Float64).
└ @ SciMLBase ~/.julia/packages/SciMLBase/VW1cI/src/integrator_interface.jl:623
┌ Warning: At t=-0.2283264672894225, dt was forced below floating point epsilon 2.7755575615628914e-17, and step error estimate = NaN. Aborting. There is either an error in your model specification or the true solution is unstable (or the true solution can not be represented in the precision of Float64).
└ @ SciMLBase ~/.julia/packages/SciMLBase/VW1cI/src/integrator_interface.jl:623
┌ Warning: At t=0.08200000273991859, dt was forced below floating point epsilon 1.3877787807814457e-17, and step error estimate = NaN. Aborting. There is either an error in your model specification or the true solution is unstable (or the true solution can not be represented in the precision of Float64).
└ @ SciMLBase ~/.julia/packages/SciMLBase/VW1cI/src/integrator_interface.jl:623
LinearAlgebra.PosDefException(2)
LinearAlgebra.PosDefException(2)
LinearAlgebra.PosDefException(3)
LinearAlgebra.PosDefException(5)
LinearAlgebra.PosDefException(5)
LinearAlgebra.PosDefException(7)
LinearAlgebra.PosDefException(89)
LinearAlgebra.PosDefException(3)
LinearAlgebra.PosDefException(2)
LinearAlgebra.PosDefException(2)
LinearAlgebra.PosDefException(4)
LinearAlgebra.PosDefException(4)
LinearAlgebra.PosDefException(4)
LinearAlgebra.PosDefException(2)
LinearAlgebra.PosDefException(2)
LinearAlgebra.PosDefException(2)
LinearAlgebra.PosDefException(3)
LinearAlgebra.PosDefException(6)
LinearAlgebra.PosDefException(5)
LinearAlgebra.PosDefException(90)
LinearAlgebra.PosDefException(2)
LinearAlgebra.PosDefException(2)
LinearAlgebra.PosDefException(3)
LinearAlgebra.PosDefException(3)
LinearAlgebra.PosDefException(3)
LinearAlgebra.PosDefException(6)
LinearAlgebra.PosDefException(2)
LinearAlgebra.PosDefException(3)
LinearAlgebra.PosDefException(2)
LinearAlgebra.PosDefException(5)
LinearAlgebra.PosDefException(3)
LinearAlgebra.PosDefException(5)
LinearAlgebra.PosDefException(86)
LinearAlgebra.PosDefException(2)
LinearAlgebra.PosDefException(2)
LinearAlgebra.PosDefException(2)
LinearAlgebra.PosDefException(4)
LinearAlgebra.PosDefException(4)
LinearAlgebra.PosDefException(4)
LinearAlgebra.PosDefException(3)
LinearAlgebra.PosDefException(2)
LinearAlgebra.PosDefException(3)
LinearAlgebra.PosDefException(3)
LinearAlgebra.PosDefException(7)
LinearAlgebra.PosDefException(4)
LinearAlgebra.PosDefException(91)
LinearAlgebra.PosDefException(2)
LinearAlgebra.PosDefException(2)
LinearAlgebra.PosDefException(2)
LinearAlgebra.PosDefException(3)
LinearAlgebra.PosDefException(4)
LinearAlgebra.PosDefException(5)
LinearAlgebra.PosDefException(2)
LinearAlgebra.PosDefException(3)
LinearAlgebra.PosDefException(3)
LinearAlgebra.PosDefException(5)
LinearAlgebra.PosDefException(7)
LinearAlgebra.PosDefException(4)
LinearAlgebra.PosDefException(96)
LinearAlgebra.PosDefException(3)
LinearAlgebra.PosDefException(3)
LinearAlgebra.PosDefException(3)
LinearAlgebra.PosDefException(4)
LinearAlgebra.PosDefException(3)
LinearAlgebra.PosDefException(4)
LinearAlgebra.PosDefException(3)
LinearAlgebra.PosDefException(2)
LinearAlgebra.PosDefException(3)
LinearAlgebra.PosDefException(3)
LinearAlgebra.PosDefException(4)
LinearAlgebra.PosDefException(6)
LinearAlgebra.PosDefException(92)
LinearAlgebra.PosDefException(2)
LinearAlgebra.PosDefException(2)
LinearAlgebra.PosDefException(6)
LinearAlgebra.PosDefException(3)
LinearAlgebra.PosDefException(5)
LinearAlgebra.PosDefException(4)
Optimization improved residual by 0.003365503563345679 (from 0.0033655035638597225 to 5.140436479785151e-13)
Optimization improved residual by 0.003944766665990883 (from 0.003944766666033239 to 4.235593832890008e-14)
Optimization did not improve residual (initial: 9.783494522652645e-19, final: 9.783494522652645e-19)
Optimization did not improve residual (initial: 1.3300550898963564e-18, final: 1.3300550898963564e-18)
Optimization improved residual by 0.011926448153193133 (from 0.011926448153207526 to 1.439321514452071e-14)
Optimization did not improve residual (initial: 1.496487162214693e-17, final: 1.496487162214693e-17)
Optimization did not improve residual (initial: 1.462976805540625e-17, final: 1.462976805540625e-17)
Optimization did not improve residual (initial: 1.1720421060571694e-17, final: 1.1720421060571694e-17)
Optimization did not improve residual (initial: 3.611150475689627e-18, final: 3.611150475689627e-18)
Optimization did not improve residual (initial: 1.814140704643327e-18, final: 1.814140704643327e-18)
Optimization improved residual by 0.0017120600842284188 (from 0.0017120600842523905 to 2.397181074475104e-14)
Optimization improved residual by 0.09479985393481144 (from 0.09479985393490155 to 9.01118818102659e-14)
Optimization improved residual by 0.0056236153510219496 (from 0.005623615351348936 to 3.2698628929122017e-13)
Optimization improved residual by 0.0014608770810291807 (from 0.0014608770816659893 to 6.368084410162709e-13)
Optimization did not improve residual (initial: 6.502598859611576e-16, final: 6.502598859611576e-16)
Optimization improved residual by 0.00013902718689150827 (from 0.00013902718707700356 to 1.854952765076902e-13)
Optimization improved residual by 0.02791358117285618 (from 0.027913581172891947 to 3.576816043623241e-14)
Optimization improved residual by 0.003183610693973491 (from 0.003183610693982107 to 8.615786833447269e-15)
Optimization improved residual by 0.07338752245215986 (from 0.07338752245216955 to 9.686516463796672e-15)
Optimization improved residual by 0.001712060084156802 (from 0.0017120600842523903 to 9.558814437347234e-14)
Optimization improved residual by 0.00010216000676282489 (from 0.0001021600075001374 to 7.373125187839285e-13)
Optimization did not improve residual (initial: 2.5908022723063172e-18, final: 2.5908022723063172e-18)
Optimization improved residual by 0.00888592479195732 (from 0.008885924792039495 to 8.217430812055705e-14)
Optimization improved residual by 0.0026345294611453893 (from 0.0026345294616324567 to 4.87067341300784e-13)
Optimization did not improve residual (initial: 1.817518699953536e-17, final: 1.817518699953536e-17)
Optimization did not improve residual (initial: 1.1723888771543818e-17, final: 1.1723888771543818e-17)
Optimization did not improve residual (initial: 1.1503732492495001e-17, final: 1.1503732492495001e-17)
Optimization did not improve residual (initial: 2.200930410145574e-17, final: 2.200930410145574e-17)
Optimization improved residual by 0.09479985393404324 (from 0.09479985393490155 to 8.583115529690324e-13)
Optimization did not improve residual (initial: 3.255702449430768e-18, final: 3.255702449430768e-18)
Optimization did not improve residual (initial: 1.9890801624484585e-16, final: 1.9890801624484585e-16)
Optimization did not improve residual (initial: 6.429254705051291e-16, final: 6.429254705051291e-16)
Optimization did not improve residual (initial: 2.0392270637551006e-17, final: 2.0392270637551006e-17)
Optimization improved residual by 8.006002769172523e-6 (from 8.00600349477926e-6 to 7.256067366660809e-13)
Optimization did not improve residual (initial: 2.3797141215937584e-17, final: 2.3797141215937584e-17)
Optimization improved residual by 8.006002769329975e-6 (from 8.006003494779284e-6 to 7.254493101879169e-13)
Optimization improved residual by 0.008885924792003364 (from 0.008885924792039495 to 3.6131022429894905e-14)
Optimization improved residual by 7.119330468641108e-5 (from 7.11933051300855e-5 to 4.436744152373821e-13)
Optimization improved residual by 0.06403867727557254 (from 0.06403867727563492 to 6.237613530450395e-14)
Optimization improved residual by 0.06403867727557254 (from 0.06403867727563492 to 6.237613530450395e-14)
Optimization improved residual by 0.003183610693976391 (from 0.003183610693982107 to 5.715811466184447e-15)
Optimization improved residual by 0.007605188756149784 (from 0.0076051887562154285 to 6.564436848266997e-14)
Optimization improved residual by 0.008885924792003364 (from 0.008885924792039495 to 3.6131022429894905e-14)
Optimization improved residual by 0.07338752245216702 (from 0.07338752245216955 to 2.5322597433988753e-15)
Optimization did not improve residual (initial: 2.0392270637551006e-17, final: 2.0392270637551006e-17)
Optimization did not improve residual (initial: 2.3322194279537438e-17, final: 2.3322194279537438e-17)
Optimization did not improve residual (initial: 1.9237566604890202e-17, final: 1.9237566604890202e-17)
Optimization improved residual by 0.02791358117285618 (from 0.027913581172891947 to 3.576816043623241e-14)
Optimization improved residual by 0.00014375893110914003 (from 0.00014375893202215307 to 9.130130469304944e-13)
Optimization improved residual by 0.023217651809945755 (from 0.02321765180995648 to 1.0724164980506084e-14)
Optimization improved residual by 0.0008761538997963358 (from 0.0008761539001705381 to 3.7420226722936805e-13)
Optimization improved residual by 0.0026345294611453893 (from 0.0026345294616324567 to 4.87067341300784e-13)
Optimization improved residual by 0.0026345294615639156 (from 0.0026345294616324567 to 6.854104933777343e-14)
Optimization did not improve residual (initial: 8.203619349461184e-18, final: 8.203619349461184e-18)
Optimization improved residual by 0.0029739615237982806 (from 0.0029739615244648307 to 6.665503075224275e-13)
Optimization did not improve residual (initial: 1.4037464679678052e-17, final: 1.4037464679678052e-17)
Optimization did not improve residual (initial: 4.599535665426561e-17, final: 4.599535665426561e-17)
Optimization improved residual by 0.00011620142606113679 (from 0.00011620142660941836 to 5.482815729549904e-13)
Optimization improved residual by 8.122921993348549e-5 (from 8.122922005621746e-5 to 1.2273197689645115e-13)
Optimization did not improve residual (initial: 2.1106606763632815e-17, final: 2.1106606763632815e-17)
Optimization did not improve residual (initial: 9.508537340025596e-20, final: 9.508537340025596e-20)
Optimization did not improve residual (initial: 3.3596902374077048e-15, final: 3.3596902374077048e-15)
Optimization improved residual by 0.0002727159674904146 (from 0.0002727159683976559 to 9.072413021324579e-13)
Optimization did not improve residual (initial: 3.642426424122184e-17, final: 3.642426424122184e-17)
Optimization did not improve residual (initial: 2.196412882833451e-18, final: 2.196412882833451e-18)
Optimization improved residual by 0.0003063700753859668 (from 0.00030637007553866374 to 1.5269690126070247e-13)
Optimization improved residual by 0.0012427360276765361 (from 0.001242736027678858 to 2.3220279283167317e-15)
Optimization improved residual by 0.000937911570292581 (from 0.0009379115703313582 to 3.877726570277838e-14)
Optimization improved residual by 0.0003919632517325432 (from 0.00039196325194039606 to 2.0785289949454887e-13)
Optimization improved residual by 0.015286447599238888 (from 0.015286447599611078 to 3.7218992639587603e-13)
Optimization improved residual by 0.0011458168989665913 (from 0.001145816899453616 to 4.870247738672174e-13)
Optimization improved residual by 0.00011620142640388323 (from 0.00011620142660941837 to 2.0553514124113805e-13)
Optimization improved residual by 8.558959988101071e-5 (from 8.558960032814658e-5 to 4.4713587190334214e-13)
Optimization improved residual by 0.020972801923513907 (from 0.020972801924250602 to 7.366957608768914e-13)
Optimization did not improve residual (initial: 1.0367318870093055e-18, final: 1.0367318870093055e-18)
Optimization improved residual by 0.0029739615237982806 (from 0.0029739615244648307 to 6.665503075224275e-13)
Optimization did not improve residual (initial: 5.3491947821755813e-20, final: 5.3491947821755813e-20)
Optimization did not improve residual (initial: 3.1460475040303154e-18, final: 3.1460475040303154e-18)
Optimization improved residual by 0.004681404304404075 (from 0.004681404304778548 to 3.744729977703136e-13)
Optimization improved residual by 0.00033131589713578867 (from 0.00033131589753374567 to 3.9795699782508886e-13)
Optimization improved residual by 0.05109658147976208 (from 0.05109658148071354 to 9.514582348217738e-13)
Optimization improved residual by 0.023217651809952795 (from 0.02321765180995648 to 3.683829486162771e-15)
Optimization did not improve residual (initial: 6.31545314922541e-20, final: 6.31545314922541e-20)
Optimization improved residual by 0.004891569935160024 (from 0.004891569935289027 to 1.2900309879719917e-13)
Optimization did not improve residual (initial: 4.171839086368507e-18, final: 4.171839086368507e-18)
Optimization did not improve residual (initial: 1.2267944671332895e-18, final: 1.2267944671332895e-18)
Optimization improved residual by 0.0018149027711733396 (from 0.001814902771674425 to 5.010855667656897e-13)
Optimization improved residual by 0.012324427370291052 (from 0.012324427370304508 to 1.3456653476540585e-14)
Optimization did not improve residual (initial: 1.1500059727832122e-19, final: 1.1500059727832122e-19)
Optimization improved residual by 3.474588330283323e-5 (from 3.4745883892001475e-5 to 5.891682460474101e-13)
Optimization improved residual by 0.0003919632517325432 (from 0.00039196325194039606 to 2.0785289949454887e-13)
Optimization improved residual by 0.0109665954970019 (from 0.010966595497018823 to 1.6921668637967867e-14)
Optimization improved residual by 0.00240936995375643 (from 0.002409369954343178 to 5.867479252213517e-13)
Optimization improved residual by 0.24165715795113377 (from 0.24165715795132886 to 1.951043457347722e-13)
Optimization did not improve residual (initial: 2.0548237093520223e-16, final: 2.0548237093520223e-16)
Optimization improved residual by 0.023217651809952795 (from 0.02321765180995648 to 3.683829486162771e-15)
Optimization improved residual by 8.122922005232225e-5 (from 8.122922005621741e-5 to 3.895161500913912e-15)
Optimization did not improve residual (initial: 8.171765621486475e-19, final: 8.171765621486475e-19)
Optimization improved residual by 0.0009485659937595616 (from 0.000948565994464398 to 7.048364725161337e-13)
Optimization improved residual by 3.356311086305406e-7 (from 3.356320975202724e-7 to 9.88889731798474e-13)
Optimization improved residual by 5.175383030786678e-5 (from 5.175383059544008e-5 to 2.875733055972725e-13)
Optimization improved residual by 6.37252342375584e-6 (from 6.372524209769985e-6 to 7.860141445995351e-13)
Optimization did not improve residual (initial: 4.274554434178588e-18, final: 4.274554434178588e-18)
Optimization improved residual by 0.00114581689879259 (from 0.0011458168994536156 to 6.610253910118635e-13)
Optimization improved residual by 0.00014375893139115264 (from 0.00014375893202215305 to 6.310003926547144e-13)
Optimization improved residual by 6.3725234304764535e-6 (from 6.372524209769984e-6 to 7.79293530236907e-13)
Optimization improved residual by 0.00034521694394539713 (from 0.0003452169444142793 to 4.688821219156322e-13)
Optimization did not improve residual (initial: 2.4567169545680172e-17, final: 2.4567169545680172e-17)
Optimization did not improve residual (initial: 5.976555546482725e-17, final: 5.976555546482725e-17)
Optimization did not improve residual (initial: 4.33689303511704e-16, final: 4.33689303511704e-16)
Optimization improved residual by 0.021767094508102904 (from 0.021767094508107238 to 4.331927536464123e-15)
Optimization did not improve residual (initial: 6.849122116060731e-17, final: 6.849122116060731e-17)
Optimization improved residual by 0.0009485659944552971 (from 0.000948565994464398 to 9.100880781782462e-15)
Optimization improved residual by 5.175382985851695e-5 (from 5.175383059544009e-5 to 7.369231374174604e-13)
Optimization did not improve residual (initial: 9.26510423381288e-19, final: 9.26510423381288e-19)
Optimization improved residual by 4.169253858139209e-5 (from 4.169253893272038e-5 to 3.5132828487207547e-13)
Optimization did not improve residual (initial: 9.527798417051608e-19, final: 9.527798417051608e-19)
Optimization improved residual by 0.01030724216508901 (from 0.010307242165119308 to 3.029844480933381e-14)
Optimization improved residual by 0.001091277683631736 (from 0.0010912776838201406 to 1.8840466651788495e-13)
Optimization improved residual by 8.006002769172523e-6 (from 8.00600349477926e-6 to 7.256067366660809e-13)
Optimization improved residual by 0.0024478478161909932 (from 0.0024478478162608293 to 6.983590115579186e-14)
Optimization did not improve residual (initial: 2.2007260540942547e-18, final: 2.2007260540942547e-18)
Optimization improved residual by 0.0013049230200614752 (from 0.0013049230200768887 to 1.541335478143036e-14)
Optimization did not improve residual (initial: 1.1293618116127686e-18, final: 1.1293618116127686e-18)
Optimization did not improve residual (initial: 2.5908022723063172e-18, final: 2.5908022723063172e-18)
Optimization improved residual by 0.00146087708084258 (from 0.0014608770816659893 to 8.234092403949422e-13)
Optimization improved residual by 0.0009269511985377399 (from 0.0009269511994167559 to 8.790158960487256e-13)
Optimization improved residual by 6.985589732109986e-11 (from 7.085042370519145e-11 to 9.945263840915907e-13)
Optimization improved residual by 0.0007893663807511871 (from 0.0007893663808369588 to 8.577169917518079e-14)
Optimization improved residual by 5.175383030786678e-5 (from 5.175383059544008e-5 to 2.875733055972725e-13)
Optimization improved residual by 0.0009379115701991022 (from 0.0009379115703313582 to 1.322560620367415e-13)
Optimization improved residual by 0.01556781644225674 (from 0.015567816442269468 to 1.2727011805271055e-14)
Optimization improved residual by 3.3563119875967113e-7 (from 3.356320975202728e-7 to 8.987606016872487e-13)
Optimization improved residual by 7.040046796517344e-5 (from 7.04004681006049e-5 to 1.3543145728725787e-13)
Optimization improved residual by 0.00012008573725829674 (from 0.00012008573733902667 to 8.072992680786609e-14)
Optimization did not improve residual (initial: 1.0180469039938677e-17, final: 1.0180469039938677e-17)
Optimization did not improve residual (initial: 7.885794481144434e-18, final: 7.885794481144434e-18)
Optimization improved residual by 4.5449935233824843e-5 (from 4.544993597599425e-5 to 7.421694051387515e-13)
Optimization improved residual by 0.0008761538997963358 (from 0.0008761539001705381 to 3.7420226722936805e-13)
Optimization did not improve residual (initial: 7.120244201536574e-18, final: 7.120244201536574e-18)
Optimization improved residual by 0.00336550356384239 (from 0.0033655035638597225 to 1.7332674536830112e-14)
Optimization improved residual by 0.015567816441506961 (from 0.015567816442269468 to 7.625069004903856e-13)
Optimization improved residual by 0.006011748476266912 (from 0.00601174847635467 to 8.775753391968862e-14)
Optimization improved residual by 0.05109658147990869 (from 0.05109658148071354 to 8.04848617530868e-13)
Optimization did not improve residual (initial: 2.185097276413467e-18, final: 2.185097276413467e-18)
Optimization did not improve residual (initial: 6.849122116060731e-17, final: 6.849122116060731e-17)
Optimization improved residual by 0.005473109757256669 (from 0.005473109757673405 to 4.1673626856261917e-13)
Optimization did not improve residual (initial: 1.925478126002571e-16, final: 1.925478126002571e-16)
Optimization improved residual by 0.003944766665852767 (from 0.003944766666033238 to 1.804709269787811e-13)
Optimization improved residual by 0.0010912776836844449 (from 0.0010912776838201443 to 1.3569941305244856e-13)
Optimization improved residual by 0.0016923692731501655 (from 0.001692369273710834 to 5.606684326968179e-13)
Optimization did not improve residual (initial: 6.189209937506956e-16, final: 6.189209937506956e-16)
Optimization improved residual by 0.5749616249211621 (from 0.5749616249212327 to 7.06423036839376e-14)
Optimization improved residual by 0.005623615351336511 (from 0.005623615351348931 to 1.2419695748696742e-14)
Optimization did not improve residual (initial: 1.0628450176163148e-19, final: 1.0628450176163148e-19)
Optimization did not improve residual (initial: 5.969246291816235e-20, final: 5.969246291816235e-20)
Optimization improved residual by 0.0016923692731501655 (from 0.001692369273710834 to 5.606684326968179e-13)
Optimization improved residual by 0.05109658147976208 (from 0.05109658148071354 to 9.514582348217738e-13)
Optimization did not improve residual (initial: 5.976555546482725e-17, final: 5.976555546482725e-17)
Optimization improved residual by 0.04920736148107318 (from 0.04920736148108017 to 6.9849720067510645e-15)
Optimization improved residual by 7.040046806010047e-5 (from 7.040046810060495e-5 to 4.050447821540718e-14)
Optimization improved residual by 0.00011620142606113679 (from 0.00011620142660941836 to 5.482815729549904e-13)
Optimization improved residual by 0.0022035672377293566 (from 0.002203567237787256 to 5.789931752880371e-14)
Optimization improved residual by 0.2970291711417074 (from 0.29702917114230987 to 6.024496458363286e-13)
Optimization improved residual by 0.00034521694394539713 (from 0.0003452169444142793 to 4.688821219156322e-13)
Optimization improved residual by 0.0003063700753859668 (from 0.00030637007553866374 to 1.5269690126070247e-13)
Optimization improved residual by 0.002973961524422601 (from 0.0029739615244648307 to 4.2229728465973446e-14)
Optimization did not improve residual (initial: 2.2265704131545776e-15, final: 2.2265704131545776e-15)
Optimization improved residual by 0.005367991133266069 (from 0.005367991134215804 to 9.497348959942509e-13)
Optimization improved residual by 0.8200571729042322 (from 0.8200571729043846 to 1.5248040536712245e-13)
Optimization improved residual by 5.175382985851695e-5 (from 5.175383059544009e-5 to 7.369231374174604e-13)
Optimization did not improve residual (initial: 1.4037464679678052e-17, final: 1.4037464679678052e-17)
Optimization did not improve residual (initial: 2.411950045161259e-16, final: 2.411950045161259e-16)
Optimization improved residual by 0.003365503563345679 (from 0.0033655035638597225 to 5.140436479785151e-13)
Optimization improved residual by 0.01637043952879556 (from 0.016370439529770367 to 9.74806851481891e-13)
Optimization improved residual by 0.010966595496889286 (from 0.010966595497018821 to 1.295353093136319e-13)
Optimization improved residual by 0.04920736148102256 (from 0.04920736148108017 to 5.760677747642696e-14)
Optimization improved residual by 0.0014617577117136597 (from 0.0014617577120913225 to 3.7766283568056323e-13)
Optimization did not improve residual (initial: 1.3317556155508432e-18, final: 1.3317556155508432e-18)
Optimization improved residual by 0.010966595496889286 (from 0.010966595497018821 to 1.295353093136319e-13)
Optimization improved residual by 0.09479985393404324 (from 0.09479985393490155 to 8.583115529690324e-13)
Optimization did not improve residual (initial: 1.5585382659848858e-17, final: 1.5585382659848858e-17)
Optimization improved residual by 7.119330468641108e-5 (from 7.11933051300855e-5 to 4.436744152373821e-13)
Optimization did not improve residual (initial: 2.0682496802677777e-18, final: 2.0682496802677777e-18)
Optimization improved residual by 0.0014617577117136597 (from 0.0014617577120913225 to 3.7766283568056323e-13)
Optimization did not improve residual (initial: 2.299924277786074e-16, final: 2.299924277786074e-16)
Optimization did not improve residual (initial: 3.084499019916122e-16, final: 3.084499019916122e-16)
Optimization did not improve residual (initial: 2.178787824998278e-17, final: 2.178787824998278e-17)
Optimization did not improve residual (initial: 2.6894724655154776e-18, final: 2.6894724655154776e-18)
Optimization did not improve residual (initial: 3.7145384450900924e-14, final: 3.7145384450900924e-14)
Optimization improved residual by 0.06759327602857254 (from 0.06759327602936192 to 7.893759319193527e-13)
Optimization did not improve residual (initial: 3.0941728419350265e-17, final: 3.0941728419350265e-17)
Optimization improved residual by 0.006986309407087194 (from 0.006986309407145824 to 5.862909743664349e-14)
Optimization improved residual by 1.513641406821702e-5 (from 1.5136414199374286e-5 to 1.3115726627408289e-13)
Optimization did not improve residual (initial: 3.2761069668473623e-18, final: 3.2761069668473623e-18)
Optimization improved residual by 0.00011620142640388323 (from 0.00011620142660941837 to 2.0553514124113805e-13)
Optimization improved residual by 0.0002498882344570097 (from 0.00024988823463850836 to 1.814986517398167e-13)
Optimization improved residual by 0.0109665954970019 (from 0.010966595497018823 to 1.6921668637967867e-14)
Optimization did not improve residual (initial: 1.0180469039938677e-17, final: 1.0180469039938677e-17)
Optimization improved residual by 8.006002769329975e-6 (from 8.006003494779284e-6 to 7.254493101879169e-13)
Optimization did not improve residual (initial: 1.373035993248677e-18, final: 1.373035993248677e-18)
Optimization did not improve residual (initial: 4.3109855890145252e-16, final: 4.3109855890145252e-16)
Optimization did not improve residual (initial: 1.1500059727832122e-19, final: 1.1500059727832122e-19)
Optimization improved residual by 0.00039196325189322297 (from 0.000391963251940396 to 4.7173022427239974e-14)
Optimization improved residual by 0.0001963207637138917 (from 0.00019632076426626414 to 5.523724500665544e-13)
Optimization did not improve residual (initial: 1.190064181428086e-17, final: 1.190064181428086e-17)
Optimization improved residual by 0.00034521694426698705 (from 0.00034521694441427825 to 1.4729120637068018e-13)
Optimization improved residual by 0.006050118073375242 (from 0.006050118074188306 to 8.130642532686814e-13)
Optimization improved residual by 6.37252342375584e-6 (from 6.372524209769985e-6 to 7.860141445995351e-13)
Optimization improved residual by 0.004681404304261888 (from 0.004681404304778547 to 5.166585073138624e-13)
Optimization improved residual by 0.004681404304404075 (from 0.004681404304778548 to 3.744729977703136e-13)
Optimization improved residual by 1.159100238397209e-5 (from 1.1591002405970288e-5 to 2.1998197147673825e-14)
Optimization did not improve residual (initial: 8.903069388230843e-17, final: 8.903069388230843e-17)
Optimization improved residual by 0.00019632076373507767 (from 0.00019632076426626458 to 5.31186913221043e-13)
Optimization improved residual by 0.0024478478161909932 (from 0.0024478478162608293 to 6.983590115579186e-14)
Optimization improved residual by 3.8143849499679216e-5 (from 3.814384991358263e-5 to 4.139034160556064e-13)
Optimization improved residual by 0.0002727159674904146 (from 0.0002727159683976559 to 9.072413021324579e-13)
Optimization improved residual by 0.0003349534248292254 (from 0.00033495342581806264 to 9.888372802389806e-13)
Optimization improved residual by 0.007605188756149784 (from 0.0076051887562154285 to 6.564436848266997e-14)
Optimization improved residual by 0.005623615351336511 (from 0.005623615351348931 to 1.2419695748696742e-14)
Optimization did not improve residual (initial: 4.4097077260224465e-17, final: 4.4097077260224465e-17)
Optimization improved residual by 4.544993596624372e-5 (from 4.544993597599425e-5 to 9.750529759441796e-15)
Optimization improved residual by 0.0017120600842284188 (from 0.0017120600842523905 to 2.397181074475104e-14)
Optimization did not improve residual (initial: 2.9013754221260676e-15, final: 2.9013754221260676e-15)
Optimization improved residual by 0.0056236153510219496 (from 0.005623615351348936 to 3.2698628929122017e-13)
Optimization did not improve residual (initial: 6.489327860251026e-17, final: 6.489327860251026e-17)
Optimization improved residual by 0.010670633790829978 (from 0.010670633790845032 to 1.5054104316133656e-14)
Optimization improved residual by 0.8200571729042322 (from 0.8200571729043846 to 1.5248040536712245e-13)
Optimization improved residual by 0.003944766665852767 (from 0.003944766666033238 to 1.804709269787811e-13)
Optimization improved residual by 6.047071239359486e-8 (from 6.047072463119305e-8 to 1.2237598184287494e-14)
Optimization improved residual by 0.010670633790829978 (from 0.010670633790845032 to 1.5054104316133656e-14)
Optimization did not improve residual (initial: 1.0517602669849961e-18, final: 1.0517602669849961e-18)
Optimization improved residual by 2.0529379636431655e-8 (from 2.0530059963631696e-8 to 6.803272000425467e-13)
Optimization improved residual by 0.9945123343799934 (from 0.9945123343805364 to 5.430641590358534e-13)
Optimization did not improve residual (initial: 1.0782510179659478e-18, final: 1.0782510179659478e-18)
Optimization improved residual by 0.0012344073720090703 (from 0.001234407372017191 to 8.120747297379588e-15)
Optimization improved residual by 6.492862216774858e-7 (from 6.49286231634196e-7 to 9.9567101443121e-15)
Optimization improved residual by 0.011926448152525582 (from 0.011926448153207526 to 6.819441245886948e-13)
Optimization did not improve residual (initial: 4.090436704156128e-20, final: 4.090436704156128e-20)
Optimization improved residual by 0.013491289073297826 (from 0.013491289073547522 to 2.496962701233198e-13)
Optimization did not improve residual (initial: 1.8342257643878896e-18, final: 1.8342257643878896e-18)
Optimization improved residual by 0.004681404304261888 (from 0.004681404304778547 to 5.166585073138624e-13)
Optimization improved residual by 1.2662620466978285e-15 (from 2.8464273722219905e-15 to 1.580165325524162e-15)
Optimization did not improve residual (initial: 1.0159551706033463e-18, final: 1.0159551706033463e-18)
Optimization did not improve residual (initial: 3.1370714525862244e-13, final: 3.1370714525862244e-13)
Optimization improved residual by 0.002203567237011041 (from 0.002203567237787256 to 7.762151039909372e-13)
Optimization improved residual by 0.0013056752587866684 (from 0.0013056752590655982 to 2.7892976925970787e-13)
Optimization improved residual by 0.003416752883165264 (from 0.0034167528836683246 to 5.030608199126863e-13)
Optimization improved residual by 0.012324427370291052 (from 0.012324427370304508 to 1.3456653476540585e-14)
Optimization improved residual by 0.012324427370248898 (from 0.01232442737030451 to 5.561249742466393e-14)






























































































































































































