LinearAlgebra.PosDefException(2)
LinearAlgebra.PosDefException(2)
LinearAlgebra.PosDefException(2)
LinearAlgebra.PosDefException(4)
LinearAlgebra.PosDefException(4)
LinearAlgebra.PosDefException(4)
LinearAlgebra.PosDefException(97)
LinearAlgebra.PosDefException(2)
LinearAlgebra.PosDefException(2)
LinearAlgebra.PosDefException(3)
LinearAlgebra.PosDefException(2)
LinearAlgebra.PosDefException(2)
LinearAlgebra.PosDefException(3)
LinearAlgebra.PosDefException(4)
LinearAlgebra.PosDefException(87)
LinearAlgebra.PosDefException(2)
LinearAlgebra.PosDefException(2)
LinearAlgebra.PosDefException(2)
LinearAlgebra.PosDefException(3)
LinearAlgebra.PosDefException(3)
LinearAlgebra.PosDefException(6)
LinearAlgebra.PosDefException(5)
LinearAlgebra.PosDefException(68)
LinearAlgebra.PosDefException(7)
LinearAlgebra.PosDefException(69)
LinearAlgebra.PosDefException(401)
LinearAlgebra.PosDefException(3)
LinearAlgebra.PosDefException(2)
LinearAlgebra.PosDefException(2)
LinearAlgebra.PosDefException(3)
LinearAlgebra.PosDefException(4)
LinearAlgebra.PosDefException(6)
LinearAlgebra.PosDefException(7)
LinearAlgebra.PosDefException(100)
LinearAlgebra.PosDefException(297)
LinearAlgebra.PosDefException(4)
LinearAlgebra.PosDefException(4)
LinearAlgebra.PosDefException(4)
LinearAlgebra.PosDefException(6)
LinearAlgebra.PosDefException(5)
LinearAlgebra.PosDefException(7)
LinearAlgebra.PosDefException(4)
LinearAlgebra.PosDefException(35)
LinearAlgebra.PosDefException(304)
LinearAlgebra.PosDefException(908)
LinearAlgebra.PosDefException(3)
LinearAlgebra.PosDefException(2)
LinearAlgebra.PosDefException(2)
LinearAlgebra.PosDefException(4)
LinearAlgebra.PosDefException(4)
LinearAlgebra.PosDefException(4)
LinearAlgebra.PosDefException(86)
LinearAlgebra.PosDefException(2)
LinearAlgebra.PosDefException(2)
LinearAlgebra.PosDefException(2)
LinearAlgebra.PosDefException(2)
LinearAlgebra.PosDefException(3)
LinearAlgebra.PosDefException(4)
LinearAlgebra.PosDefException(4)
LinearAlgebra.PosDefException(82)
LinearAlgebra.PosDefException(2)
LinearAlgebra.PosDefException(3)
LinearAlgebra.PosDefException(3)
LinearAlgebra.PosDefException(3)
LinearAlgebra.PosDefException(4)
LinearAlgebra.PosDefException(4)
LinearAlgebra.PosDefException(5)
LinearAlgebra.PosDefException(53)
LinearAlgebra.PosDefException(4)
LinearAlgebra.PosDefException(5)
LinearAlgebra.PosDefException(104)
LinearAlgebra.PosDefException(354)
LinearAlgebra.PosDefException(2)
LinearAlgebra.PosDefException(3)
LinearAlgebra.PosDefException(2)
LinearAlgebra.PosDefException(4)
LinearAlgebra.PosDefException(4)
LinearAlgebra.PosDefException(4)
LinearAlgebra.PosDefException(87)
LinearAlgebra.PosDefException(6)
LinearAlgebra.PosDefException(3)
LinearAlgebra.PosDefException(3)
LinearAlgebra.PosDefException(3)
LinearAlgebra.PosDefException(2)
LinearAlgebra.PosDefException(3)
LinearAlgebra.PosDefException(4)
LinearAlgebra.PosDefException(86)
LinearAlgebra.PosDefException(3)
LinearAlgebra.PosDefException(2)
LinearAlgebra.PosDefException(2)
LinearAlgebra.PosDefException(3)
LinearAlgebra.PosDefException(4)
LinearAlgebra.PosDefException(4)
LinearAlgebra.PosDefException(6)
LinearAlgebra.PosDefException(83)
LinearAlgebra.PosDefException(7)
LinearAlgebra.PosDefException(7)
LinearAlgebra.PosDefException(15)
LinearAlgebra.PosDefException(108)
LinearAlgebra.PosDefException(384)
LinearAlgebra.PosDefException(3)
LinearAlgebra.PosDefException(2)
LinearAlgebra.PosDefException(2)
LinearAlgebra.PosDefException(3)
LinearAlgebra.PosDefException(3)
LinearAlgebra.PosDefException(4)
LinearAlgebra.PosDefException(93)
LinearAlgebra.PosDefException(2)
LinearAlgebra.PosDefException(2)
LinearAlgebra.PosDefException(3)
LinearAlgebra.PosDefException(2)
LinearAlgebra.PosDefException(2)
LinearAlgebra.PosDefException(5)
LinearAlgebra.PosDefException(4)
LinearAlgebra.PosDefException(86)
LinearAlgebra.PosDefException(2)
LinearAlgebra.PosDefException(6)
LinearAlgebra.PosDefException(3)
LinearAlgebra.PosDefException(6)
LinearAlgebra.PosDefException(3)
LinearAlgebra.PosDefException(6)
LinearAlgebra.PosDefException(4)
LinearAlgebra.PosDefException(46)
LinearAlgebra.PosDefException(35)
LinearAlgebra.PosDefException(206)
LinearAlgebra.PosDefException(11)
LinearAlgebra.PosDefException(9)
LinearAlgebra.PosDefException(4)
LinearAlgebra.PosDefException(4)
LinearAlgebra.PosDefException(4)
LinearAlgebra.PosDefException(6)
LinearAlgebra.PosDefException(4)
LinearAlgebra.PosDefException(42)
LinearAlgebra.PosDefException(250)
LinearAlgebra.PosDefException(758)
LinearAlgebra.PosDefException(2)
LinearAlgebra.PosDefException(2)
LinearAlgebra.PosDefException(3)
LinearAlgebra.PosDefException(5)
LinearAlgebra.PosDefException(3)
LinearAlgebra.PosDefException(9)
LinearAlgebra.PosDefException(92)
LinearAlgebra.PosDefException(3)
LinearAlgebra.PosDefException(3)
LinearAlgebra.PosDefException(2)
LinearAlgebra.PosDefException(2)
LinearAlgebra.PosDefException(3)
LinearAlgebra.PosDefException(3)
LinearAlgebra.PosDefException(4)
LinearAlgebra.PosDefException(86)
LinearAlgebra.PosDefException(3)
LinearAlgebra.PosDefException(2)
LinearAlgebra.PosDefException(2)
LinearAlgebra.PosDefException(5)
LinearAlgebra.PosDefException(5)
LinearAlgebra.PosDefException(5)
LinearAlgebra.PosDefException(8)
LinearAlgebra.PosDefException(60)
LinearAlgebra.PosDefException(44)
LinearAlgebra.PosDefException(414)
LinearAlgebra.PosDefException(10)
LinearAlgebra.PosDefException(137)
LinearAlgebra.PosDefException(566)
LinearAlgebra.PosDefException(3)
LinearAlgebra.PosDefException(6)
LinearAlgebra.PosDefException(3)
LinearAlgebra.PosDefException(3)
LinearAlgebra.PosDefException(5)
LinearAlgebra.PosDefException(4)
LinearAlgebra.PosDefException(92)
LinearAlgebra.PosDefException(2)
LinearAlgebra.PosDefException(2)
LinearAlgebra.PosDefException(2)
LinearAlgebra.PosDefException(2)
LinearAlgebra.PosDefException(2)
LinearAlgebra.PosDefException(3)
LinearAlgebra.PosDefException(5)
LinearAlgebra.PosDefException(90)
LinearAlgebra.PosDefException(2)
LinearAlgebra.PosDefException(2)
LinearAlgebra.PosDefException(2)
LinearAlgebra.PosDefException(4)
LinearAlgebra.PosDefException(4)
LinearAlgebra.PosDefException(4)
LinearAlgebra.PosDefException(4)
LinearAlgebra.PosDefException(42)
LinearAlgebra.PosDefException(6)
LinearAlgebra.PosDefException(13)
LinearAlgebra.PosDefException(153)
LinearAlgebra.PosDefException(418)
LinearAlgebra.PosDefException(601)
Optimization improved residual by 0.0008021780891260379 (from 0.0008021780895224727 to 3.9643483263267386e-13)
Optimization improved residual by 0.1034461799834258 (from 0.10344617998411423 to 6.88431208125954e-13)
Optimization improved residual by 0.014564835789015594 (from 0.014564835789416865 to 4.0127174636152e-13)
Optimization improved residual by 3.8991020111903835e-5 (from 3.8991020506892374e-5 to 3.9498854039597445e-13)
Optimization did not improve residual (initial: 3.927401597090607e-18, final: 3.927401597090607e-18)
Optimization improved residual by 8.393984138879483e-5 (from 8.393984179620144e-5 to 4.0740661665266215e-13)
Optimization improved residual by 0.014245415425352133 (from 0.014245415425856878 to 5.047458137019692e-13)
Optimization improved residual by 6.040945815370405e-5 (from 6.040945867390136e-5 to 5.201973059294539e-13)
Optimization improved residual by 0.04148843968224495 (from 0.04148843968275072 to 5.057723512629736e-13)
Optimization did not improve residual (initial: 1.0184911822039077e-17, final: 1.0184911822039077e-17)
Optimization improved residual by 0.053696838986421594 (from 0.053696838986436214 to 1.462326198339221e-14)
Optimization did not improve residual (initial: 4.571601740731472e-17, final: 4.571601740731472e-17)
Optimization improved residual by 0.20298671873593882 (from 0.2029867187363634 to 4.245738656777829e-13)
Optimization improved residual by 4.334601793896435e-5 (from 4.334601806125883e-5 to 1.2229448365515894e-13)
Optimization improved residual by 0.03893083203175152 (from 0.03893083203175915 to 7.63078476611182e-15)
Optimization improved residual by 0.009055482269328298 (from 0.009055482269429174 to 1.0087517658186633e-13)
Optimization improved residual by 0.0037761789610393642 (from 0.0037761789610441937 to 4.829543979528225e-15)
Optimization improved residual by 0.0002159240974819642 (from 0.00021592409825591953 to 7.739553421645484e-13)
Optimization improved residual by 3.104577203567895e-5 (from 3.104577204732993e-5 to 1.1650979551644437e-14)
Optimization improved residual by 0.005444751725388395 (from 0.0054447517254176125 to 2.9218300169589795e-14)
Optimization improved residual by 0.0009723554049125656 (from 0.0009723554058149829 to 9.024173114741967e-13)
Optimization improved residual by 0.014564835789410585 (from 0.014564835789416869 to 6.283635893410604e-15)
Optimization did not improve residual (initial: 1.4600637477773827e-19, final: 1.4600637477773827e-19)
Optimization improved residual by 0.00024293439750446024 (from 0.00024293439818756372 to 6.831034720817702e-13)
Optimization improved residual by 0.1034461799834258 (from 0.10344617998411423 to 6.88431208125954e-13)
Optimization did not improve residual (initial: 7.592592526827266e-19, final: 7.592592526827266e-19)
Optimization improved residual by 0.11291614458424556 (from 0.11291614458436272 to 1.1715446058622161e-13)
Optimization improved residual by 0.001181384570322127 (from 0.001181384570563706 to 2.415791248477164e-13)
Optimization did not improve residual (initial: 2.98271672254866e-17, final: 2.98271672254866e-17)
Optimization improved residual by 3.145566130810095e-6 (from 3.1455664534591234e-6 to 3.2264902846030303e-13)
Optimization improved residual by 0.09450745545298292 (from 0.09450745545319518 to 2.122666155844301e-13)
Optimization improved residual by 0.008079492181044288 (from 0.00807949218104619 to 1.9035282643586173e-15)
Optimization improved residual by 3.8991020111903835e-5 (from 3.8991020506892374e-5 to 3.9498854039597445e-13)
Optimization improved residual by 0.009055482269025084 (from 0.009055482269429174 to 4.0408952176958847e-13)
Optimization improved residual by 0.001594850638442857 (from 0.0015948506385617916 to 1.1893454621466504e-13)
Optimization improved residual by 0.0012354083298362023 (from 0.0012354083306286919 to 7.924895488488799e-13)
Optimization improved residual by 0.02715767783744847 (from 0.02715767783837127 to 9.227992352937843e-13)
Optimization improved residual by 0.003543806251627316 (from 0.0035438062521046063 to 4.772905943569092e-13)
Optimization improved residual by 0.00031867446878924594 (from 0.00031867446917903646 to 3.8979049736086454e-13)
Optimization improved residual by 0.001181384570322127 (from 0.001181384570563706 to 2.415791248477164e-13)
Optimization improved residual by 0.02261593592957473 (from 0.022615935929644473 to 6.974451422125631e-14)
Optimization improved residual by 0.04450798788433351 (from 0.044507987884372616 to 3.9109325208838106e-14)
Optimization improved residual by 1.0612892398966953 (from 1.0612892398967013 to 5.928249658468435e-15)
Optimization improved residual by 0.00019595556725244021 (from 0.00019595556735562956 to 1.0318934370737258e-13)
Optimization improved residual by 0.05369683898641946 (from 0.053696838986436214 to 1.6758318481178778e-14)
Optimization improved residual by 0.0014961244052293318 (from 0.0014961244052315065 to 2.1746749896914936e-15)
Optimization did not improve residual (initial: 3.0044131331584474e-19, final: 3.0044131331584474e-19)
Optimization improved residual by 2.9112969770848597e-5 (from 2.9112969770859663e-5 to 1.1067266860151218e-17)
Optimization did not improve residual (initial: 9.923897727265025e-18, final: 9.923897727265025e-18)
Optimization did not improve residual (initial: 4.206779253227742e-19, final: 4.206779253227742e-19)
Optimization did not improve residual (initial: 3.4139486351789756e-19, final: 3.4139486351789756e-19)
Optimization improved residual by 0.10344617998341535 (from 0.10344617998411423 to 6.988820001789519e-13)
Optimization did not improve residual (initial: 1.539283757654491e-17, final: 1.539283757654491e-17)
Optimization improved residual by 0.005444751725060086 (from 0.005444751725417613 to 3.5752745820233637e-13)
Optimization improved residual by 0.00021126243324782565 (from 0.00021126243389543492 to 6.476092810383034e-13)
Optimization improved residual by 0.0006624431630766166 (from 0.0006624431632288086 to 1.5219198933936823e-13)
Optimization did not improve residual (initial: 1.5661061538760024e-17, final: 1.5661061538760024e-17)
Optimization did not improve residual (initial: 1.0388192605656128e-15, final: 1.0388192605656128e-15)
Optimization improved residual by 2.498822690989163e-7 (from 2.4988242176976576e-7 to 1.526708494860887e-13)
Optimization did not improve residual (initial: 1.3375109350484162e-19, final: 1.3375109350484162e-19)
Optimization improved residual by 1.0612892398966953 (from 1.0612892398967013 to 5.928249658468435e-15)
Optimization improved residual by 0.0015120154107386046 (from 0.0015120154112023736 to 4.637690675580409e-13)
Optimization improved residual by 0.054038925408763615 (from 0.05403892540878573 to 2.2115524844198178e-14)
Optimization did not improve residual (initial: 7.592592526827266e-19, final: 7.592592526827266e-19)
Optimization improved residual by 0.013707780822240367 (from 0.01370778082233288 to 9.251205144866712e-14)
Optimization improved residual by 0.012197941947462376 (from 0.012197941947720952 to 2.5857584131625957e-13)
Optimization improved residual by 0.00031867446878924594 (from 0.00031867446917903646 to 3.8979049736086454e-13)
Optimization did not improve residual (initial: 1.192760494310063e-16, final: 1.192760494310063e-16)
Optimization improved residual by 3.259344773133579e-5 (from 3.259344773370999e-5 to 2.374200373659812e-15)
Optimization improved residual by 0.03813945274191011 (from 0.038139452741918566 to 8.455452628249547e-15)
Optimization improved residual by 0.11291614458424556 (from 0.11291614458436272 to 1.1715446058622161e-13)
Optimization did not improve residual (initial: 1.0846882498506869e-17, final: 1.0846882498506869e-17)
Optimization did not improve residual (initial: 2.1269880319916484e-16, final: 2.1269880319916484e-16)
Optimization did not improve residual (initial: 2.0204738909812612e-19, final: 2.0204738909812612e-19)
Optimization improved residual by 0.0002617080112496465 (from 0.0002617080115687827 to 3.191362118243837e-13)
Optimization improved residual by 6.081512784876405e-6 (from 6.081513753688491e-6 to 9.688120862803353e-13)
Optimization did not improve residual (initial: 1.9307213519236887e-18, final: 1.9307213519236887e-18)
Optimization improved residual by 0.014245415425352133 (from 0.014245415425856878 to 5.047458137019692e-13)
Optimization improved residual by 6.081512784876405e-6 (from 6.081513753688491e-6 to 9.688120862803353e-13)
Optimization did not improve residual (initial: 2.005015108563102e-17, final: 2.005015108563102e-17)
Optimization improved residual by 0.003962301438220539 (from 0.003962301438583275 to 3.6273595942559137e-13)
Optimization improved residual by 0.0008021780891260379 (from 0.0008021780895224727 to 3.9643483263267386e-13)
Optimization improved residual by 0.00031867446874357127 (from 0.00031867446917903646 to 4.35465213738226e-13)
Optimization improved residual by 0.022615935928753175 (from 0.022615935929644473 to 8.912985140297068e-13)
Optimization improved residual by 0.005813782320983966 (from 0.005813782321041456 to 5.74901612119612e-14)
Optimization improved residual by 0.0004513187156480591 (from 0.00045131871638988023 to 7.418211410637363e-13)
Optimization improved residual by 0.20065200058912114 (from 0.2006520005893698 to 2.48669635305617e-13)
Optimization improved residual by 0.002689734777613945 (from 0.002689734777717879 to 1.0393391160632309e-13)
Optimization improved residual by 2.1795162935498026e-16 (from 3.372296517211181e-16 to 1.1927802236613785e-16)
Optimization improved residual by 8.393984138879483e-5 (from 8.393984179620144e-5 to 4.0740661665266215e-13)
Optimization improved residual by 0.029005347284300136 (from 0.02900534728431562 to 1.5483605475133194e-14)
Optimization improved residual by 0.007138392977457815 (from 0.007138392977512535 to 5.472010020058481e-14)
Optimization improved residual by 0.11967970720351222 (from 0.11967970720388282 to 3.7060433811255984e-13)
Optimization did not improve residual (initial: 1.5661061538760024e-17, final: 1.5661061538760024e-17)
Optimization did not improve residual (initial: 1.2707337218837766e-17, final: 1.2707337218837766e-17)
Optimization improved residual by 0.0035438062518489814 (from 0.0035438062521046063 to 2.5562484179200275e-13)
Optimization improved residual by 8.648521247032971e-7 (from 8.648521960383165e-7 to 7.133501931333774e-14)
Optimization improved residual by 0.03813945274191011 (from 0.038139452741918566 to 8.455452628249547e-15)
Optimization improved residual by 0.007369215956722 (from 0.007369215957166835 to 4.448340472807852e-13)
Optimization improved residual by 4.391250885581541e-5 (from 4.391250917440648e-5 to 3.18591064230111e-13)
Optimization improved residual by 0.0008985852804509061 (from 0.000898585281036549 to 5.856429158914656e-13)
Optimization improved residual by 0.00018082151814532817 (from 0.00018082151818596954 to 4.064137775725366e-14)
Optimization improved residual by 0.04148843968224495 (from 0.04148843968275072 to 5.057723512629736e-13)
Optimization improved residual by 0.03893083203124441 (from 0.03893083203175915 to 5.14740951072812e-13)
Optimization improved residual by 0.04042413087567018 (from 0.040424130876359245 to 6.890700584955613e-13)
Optimization improved residual by 1.2014399828380872e-5 (from 1.2014399834697839e-5 to 6.3169670126689345e-15)
Optimization improved residual by 0.014564835789015594 (from 0.014564835789416865 to 4.0127174636152e-13)
Optimization did not improve residual (initial: 1.2842481189979052e-17, final: 1.2842481189979052e-17)
Optimization improved residual by 0.00021592409743058532 (from 0.0002159240982559196 to 8.253342822080208e-13)
Optimization improved residual by 0.0005842274162493102 (from 0.0005842274170816376 to 8.32327347578362e-13)
Optimization improved residual by 9.942355021610347e-5 (from 9.942355048951958e-5 to 2.7341611328967035e-13)
Optimization improved residual by 0.0002617080112496465 (from 0.0002617080115687827 to 3.191362118243837e-13)
Optimization improved residual by 2.9112969650849657e-5 (from 2.9112969770859927e-5 to 1.2001027236602668e-13)
Optimization improved residual by 0.002206244538492468 (from 0.0022062445391694183 to 6.769501366821177e-13)
Optimization improved residual by 0.002689734777613945 (from 0.002689734777717879 to 1.0393391160632309e-13)
Optimization improved residual by 7.310410706259713e-5 (from 7.310410706339436e-5 to 7.972214999366733e-16)
Optimization did not improve residual (initial: 1.6846732568154423e-18, final: 1.6846732568154423e-18)
Optimization improved residual by 1.0612892398966947 (from 1.0612892398967015 to 6.775867205203088e-15)
Optimization did not improve residual (initial: 4.388758141073903e-18, final: 4.388758141073903e-18)
Optimization did not improve residual (initial: 2.773022521096405e-16, final: 2.773022521096405e-16)
Optimization improved residual by 0.0036601025756459577 (from 0.0036601025756790883 to 3.313076572224585e-14)
Optimization improved residual by 0.013707780822240367 (from 0.01370778082233288 to 9.251205144866712e-14)
Optimization improved residual by 0.03822959103301949 (from 0.03822959103357775 to 5.58260130548679e-13)
Optimization improved residual by 0.04042413087590912 (from 0.04042413087635924 to 4.5012044490134737e-13)
Optimization did not improve residual (initial: 1.0362743333845159e-13, final: 1.0362743333845159e-13)
Optimization did not improve residual (initial: 1.8987152216284385e-19, final: 1.8987152216284385e-19)
Optimization improved residual by 0.009055482269025084 (from 0.009055482269429174 to 4.0408952176958847e-13)
Optimization improved residual by 9.466577106066977e-5 (from 9.46657711007205e-5 to 4.005072535010294e-14)
Optimization improved residual by 0.00041844751385902577 (from 0.0004184475138943918 to 3.5366015508504274e-14)
Optimization improved residual by 0.0035054330259716034 (from 0.0035054330260250797 to 5.347638361847152e-14)
Optimization improved residual by 0.008079492181043944 (from 0.00807949218104619 to 2.2471177621518095e-15)
Optimization did not improve residual (initial: 1.3375109350484162e-19, final: 1.3375109350484162e-19)
Optimization did not improve residual (initial: 5.443359225326286e-17, final: 5.443359225326286e-17)
Optimization improved residual by 3.104577138798401e-5 (from 3.10457720473299e-5 to 6.593458886050678e-13)
Optimization improved residual by 3.145566130810095e-6 (from 3.1455664534591234e-6 to 3.2264902846030303e-13)
Optimization improved residual by 0.03893083203124441 (from 0.03893083203175915 to 5.14740951072812e-13)
Optimization improved residual by 0.003660102575342933 (from 0.0036601025756790822 to 3.36149016998104e-13)
Optimization improved residual by 9.942355021610347e-5 (from 9.942355048951958e-5 to 2.7341611328967035e-13)
Optimization improved residual by 0.0036601025756459577 (from 0.0036601025756790883 to 3.313076572224585e-14)
Optimization improved residual by 0.013707780822327735 (from 0.01370778082233288 to 5.145318822744772e-15)
Optimization improved residual by 0.012197941947462376 (from 0.012197941947720952 to 2.5857584131625957e-13)
Optimization improved residual by 0.00031867446874357127 (from 0.00031867446917903646 to 4.35465213738226e-13)
Optimization improved residual by 0.03822959103301949 (from 0.03822959103357775 to 5.58260130548679e-13)
Optimization did not improve residual (initial: 2.4704713630583997e-19, final: 2.4704713630583997e-19)
Optimization improved residual by 0.0005329083061745186 (from 0.0005329083061870251 to 1.250644154830616e-14)
Optimization improved residual by 0.00010578524392386313 (from 0.00010578524399014356 to 6.628043027487138e-14)
Optimization improved residual by 0.0014961244052293318 (from 0.0014961244052315065 to 2.1746749896914936e-15)
Optimization improved residual by 0.00021126243331434392 (from 0.00021126243389543484 to 5.810909102331372e-13)
Optimization improved residual by 0.20065200058912114 (from 0.2006520005893698 to 2.48669635305617e-13)
Optimization improved residual by 0.0001877028267822454 (from 0.00018770282715623496 to 3.739895510404852e-13)
Optimization improved residual by 0.00021126243324782565 (from 0.00021126243389543492 to 6.476092810383034e-13)
Optimization did not improve residual (initial: 1.0846882498506869e-17, final: 1.0846882498506869e-17)
Optimization improved residual by 0.00019595556725244021 (from 0.00019595556735562956 to 1.0318934370737258e-13)
Optimization improved residual by 0.053696838986421594 (from 0.053696838986436214 to 1.462326198339221e-14)
Optimization improved residual by 0.0005342988460043931 (from 0.0005342988460102309 to 5.837848926260058e-15)
Optimization improved residual by 2.5199638878320473e-5 (from 2.5199639067058536e-5 to 1.8873806450146391e-13)
Optimization improved residual by 3.259344757510665e-5 (from 3.259344773371006e-5 to 1.5860341889131072e-13)
Optimization improved residual by 8.648521242105445e-7 (from 8.64852196038316e-7 to 7.182777142333952e-14)
Optimization improved residual by 0.0271576778380673 (from 0.02715767783837127 to 3.0396783845671443e-13)
Optimization did not improve residual (initial: 1.8987152216284385e-19, final: 1.8987152216284385e-19)
Optimization did not improve residual (initial: 3.0350667664110618e-16, final: 3.0350667664110618e-16)
Optimization did not improve residual (initial: 2.1540384498116442e-19, final: 2.1540384498116442e-19)
Optimization improved residual by 0.11967970720351222 (from 0.11967970720388282 to 3.7060433811255984e-13)
Optimization did not improve residual (initial: 1.2911278117302678e-18, final: 1.2911278117302678e-18)
Optimization improved residual by 0.012197941947356662 (from 0.012197941947720952 to 3.6428937359682617e-13)
Optimization improved residual by 0.00024293439813926354 (from 0.0002429343981875682 to 4.830466115426685e-14)
Optimization improved residual by 2.7649472270781224e-5 (from 2.7649472653228092e-5 to 3.8244686847269564e-13)
Optimization improved residual by 0.20298671873593882 (from 0.2029867187363634 to 4.245738656777829e-13)
Optimization improved residual by 0.005098185785161882 (from 0.005098185785934845 to 7.729620632508376e-13)
Optimization improved residual by 0.001181384570563167 (from 0.001181384570563706 to 5.391248089183065e-16)
Optimization did not improve residual (initial: 1.9712781013959353e-17, final: 1.9712781013959353e-17)
Optimization did not improve residual (initial: 8.372396569828187e-17, final: 8.372396569828187e-17)
Optimization improved residual by 0.0049684740595790896 (from 0.004968474060300217 to 7.211275249612595e-13)
Optimization did not improve residual (initial: 3.116295468553629e-17, final: 3.116295468553629e-17)
Optimization improved residual by 0.0271576778380673 (from 0.02715767783837127 to 3.0396783845671443e-13)
Optimization did not improve residual (initial: 1.7879636350765953e-15, final: 1.7879636350765953e-15)
Optimization improved residual by 0.005756757640943001 (from 0.0057567576411682135 to 2.2521184568752133e-13)
Optimization improved residual by 0.00021592409743058532 (from 0.0002159240982559196 to 8.253342822080208e-13)
Optimization improved residual by 0.0008074866341647809 (from 0.0008074866347049166 to 5.40135800022654e-13)
Optimization improved residual by 0.00021751209287982736 (from 0.0002175120934401691 to 5.603417362553225e-13)
Optimization improved residual by 0.005548568759510021 (from 0.005548568760092236 to 5.822152036607192e-13)
Optimization did not improve residual (initial: 6.897413767462674e-16, final: 6.897413767462674e-16)
Optimization improved residual by 2.2060642177413457e-7 (from 2.2060700863879666e-7 to 5.868646620910374e-13)
Optimization did not improve residual (initial: 1.7055909993213855e-18, final: 1.7055909993213855e-18)
Optimization improved residual by 5.964638873863119e-5 (from 5.9646388948693434e-5 to 2.1006224368880224e-13)
Optimization improved residual by 0.03822959103357437 (from 0.03822959103357775 to 3.3823068136272614e-15)
Optimization improved residual by 0.0004513187163593466 (from 0.0004513187163898803 to 3.0533706325130725e-14)
Optimization improved residual by 0.02112836614410502 (from 0.021128366144150045 to 4.5025069283980626e-14)
Optimization improved residual by 2.981015135260214e-5 (from 2.9810151367437174e-5 to 1.483503193741417e-14)
Optimization improved residual by 0.009055482269328298 (from 0.009055482269429174 to 1.0087517658186633e-13)
Optimization improved residual by 6.04094583859446e-5 (from 6.040945867390136e-5 to 2.879567608122826e-13)
Optimization improved residual by 0.00024293439750446024 (from 0.00024293439818756372 to 6.831034720817702e-13)
Optimization improved residual by 1.7445244226392558e-5 (from 1.7445244900466273e-5 to 6.740737165542793e-13)
Optimization improved residual by 9.466577106066977e-5 (from 9.46657711007205e-5 to 4.005072535010294e-14)
Optimization improved residual by 1.744524423987498e-5 (from 1.7445244900466276e-5 to 6.605912944175964e-13)
Optimization did not improve residual (initial: 2.3601788468363377e-16, final: 2.3601788468363377e-16)
Optimization improved residual by 0.0005329083061745186 (from 0.0005329083061870251 to 1.250644154830616e-14)
Optimization improved residual by 2.9810151217383705e-5 (from 2.9810151367437188e-5 to 1.5005348185117334e-13)
Optimization improved residual by 0.11967970720351025 (from 0.11967970720388282 to 3.725797895087893e-13)
Optimization did not improve residual (initial: 1.2277823066074401e-17, final: 1.2277823066074401e-17)
Optimization improved residual by 0.00021751209284741465 (from 0.00021751209344016907 to 5.927544089730556e-13)
Optimization improved residual by 2.2060642320112065e-7 (from 2.206070086387937e-7 to 5.854376730560904e-13)
Optimization improved residual by 7.40885518645964e-7 (from 7.408855209761297e-7 to 2.330165696166247e-15)
Optimization improved residual by 0.0058137823203124744 (from 0.005813782321041456 to 7.289821687479122e-13)
Optimization improved residual by 0.05403892540876315 (from 0.054038925408785736 to 2.2589260159106816e-14)
Optimization improved residual by 0.0015856165659962384 (from 0.0015856165665267697 to 5.305312882356216e-13)
Optimization improved residual by 1.2470904613487774 (from 1.247090461349112 to 3.345933844404742e-13)
Optimization did not improve residual (initial: 1.8129613201838318e-19, final: 1.8129613201838318e-19)
Optimization improved residual by 0.005098185785161882 (from 0.005098185785934845 to 7.729620632508376e-13)
Optimization improved residual by 0.001181384570563167 (from 0.001181384570563706 to 5.391248089183065e-16)
Optimization improved residual by 0.03813945274179505 (from 0.038139452741918566 to 1.2351394537579883e-13)
Optimization did not improve residual (initial: 1.6345331755505826e-18, final: 1.6345331755505826e-18)
Optimization did not improve residual (initial: 2.0416756377198514e-19, final: 2.0416756377198514e-19)
Optimization improved residual by 0.0037761789610295297 (from 0.003776178961044194 to 1.4664647847661433e-14)
Optimization improved residual by 0.0015948506384436568 (from 0.0015948506385617919 to 1.1813519134106877e-13)
Optimization improved residual by 3.104577138798401e-5 (from 3.10457720473299e-5 to 6.593458886050678e-13)
Optimization improved residual by 0.04450798788375602 (from 0.044507987884372616 to 6.165956207851881e-13)
Optimization did not improve residual (initial: 2.053650027823429e-19, final: 2.053650027823429e-19)
Optimization improved residual by 2.8529217033911612e-5 (from 2.8529217342596263e-5 to 3.08684651292752e-13)
Optimization improved residual by 0.002206244539165511 (from 0.0022062445391694183 to 3.907674634361881e-15)
Optimization improved residual by 0.001594850638442857 (from 0.0015948506385617916 to 1.1893454621466504e-13)
Optimization improved residual by 0.003543806251627316 (from 0.0035438062521046063 to 4.772905943569092e-13)
Optimization improved residual by 6.04094583859446e-5 (from 6.040945867390136e-5 to 2.879567608122826e-13)
Optimization improved residual by 1.2014399077252756e-5 (from 1.2014399834697776e-5 to 7.574450205194839e-13)
Optimization improved residual by 0.0008854489812303541 (from 0.0008854489816594092 to 4.290551457029748e-13)
Optimization did not improve residual (initial: 2.1689361911819448e-15, final: 2.1689361911819448e-15)
Optimization improved residual by 2.764947205504108e-5 (from 2.76494726532281e-5 to 5.981870218244109e-13)
Optimization did not improve residual (initial: 1.0388192605656128e-15, final: 1.0388192605656128e-15)
Optimization improved residual by 0.00028696495341556407 (from 0.00028696495342575394 to 1.0189849378598591e-14)
Optimization improved residual by 0.005444751725060086 (from 0.005444751725417613 to 3.5752745820233637e-13)
Optimization improved residual by 0.0005842274162493102 (from 0.0005842274170816376 to 8.32327347578362e-13)
Optimization improved residual by 0.003660102575342933 (from 0.0036601025756790822 to 3.36149016998104e-13)
Optimization improved residual by 0.09450745545313183 (from 0.09450745545319518 to 6.335050889932275e-14)
Optimization improved residual by 0.09450745545313183 (from 0.09450745545319518 to 6.335050889932275e-14)
Optimization improved residual by 4.391250893681181e-5 (from 4.391250917440643e-5 to 2.375946154070204e-13)
Optimization improved residual by 0.0013837651583858883 (from 0.0013837651583947415 to 8.85324587122869e-15)
Optimization improved residual by 9.942355047930704e-5 (from 9.942355048951951e-5 to 1.021248344180214e-14)
Optimization did not improve residual (initial: 6.785011351054853e-17, final: 6.785011351054853e-17)
Optimization did not improve residual (initial: 2.1717274369360994e-18, final: 2.1717274369360994e-18)
Optimization improved residual by 9.942355047930704e-5 (from 9.942355048951951e-5 to 1.021248344180214e-14)
Optimization improved residual by 0.02330366908898264 (from 0.02330366908979933 to 8.166921060798887e-13)
Optimization did not improve residual (initial: 1.9712781013959353e-17, final: 1.9712781013959353e-17)
Optimization improved residual by 2.2060642177413457e-7 (from 2.2060700863879666e-7 to 5.868646620910374e-13)
Optimization improved residual by 2.1573756763050616e-5 (from 2.157375731507161e-5 to 5.520209954392595e-13)
Optimization improved residual by 0.002206244539165511 (from 0.0022062445391694183 to 3.907674634361881e-15)
Optimization did not improve residual (initial: 4.553787619719658e-16, final: 4.553787619719658e-16)
┌ Warning: Optimization did not converge. RetCode: MaxIters
└ @ ODEParameterEstimation ~/ODEParameterEstimation/src/core/solvers/homotopy_continuation.jl:778
┌ Warning: Optimization did not converge. RetCode: MaxIters
└ @ ODEParameterEstimation ~/ODEParameterEstimation/src/core/solvers/homotopy_continuation.jl:778
┌ Warning: Optimization did not converge. RetCode: Stalled
└ @ ODEParameterEstimation ~/ODEParameterEstimation/src/core/solvers/homotopy_continuation.jl:778
┌ Warning: Optimization did not converge. RetCode: MaxIters
└ @ ODEParameterEstimation ~/ODEParameterEstimation/src/core/solvers/homotopy_continuation.jl:778
┌ Warning: Optimization did not converge. RetCode: Stalled
└ @ ODEParameterEstimation ~/ODEParameterEstimation/src/core/solvers/homotopy_continuation.jl:778
┌ Warning: Optimization did not converge. RetCode: MaxIters
└ @ ODEParameterEstimation ~/ODEParameterEstimation/src/core/solvers/homotopy_continuation.jl:778
┌ Warning: Optimization did not converge. RetCode: MaxIters
└ @ ODEParameterEstimation ~/ODEParameterEstimation/src/core/solvers/homotopy_continuation.jl:778
┌ Warning: Optimization did not converge. RetCode: MaxIters
└ @ ODEParameterEstimation ~/ODEParameterEstimation/src/core/solvers/homotopy_continuation.jl:778
┌ Warning: Optimization did not converge. RetCode: MaxIters
└ @ ODEParameterEstimation ~/ODEParameterEstimation/src/core/solvers/homotopy_continuation.jl:778
┌ Warning: Optimization did not converge. RetCode: MaxIters
└ @ ODEParameterEstimation ~/ODEParameterEstimation/src/core/solvers/homotopy_continuation.jl:778
┌ Warning: Optimization did not converge. RetCode: Stalled
└ @ ODEParameterEstimation ~/ODEParameterEstimation/src/core/solvers/homotopy_continuation.jl:778
┌ Warning: Optimization did not converge. RetCode: Stalled
└ @ ODEParameterEstimation ~/ODEParameterEstimation/src/core/solvers/homotopy_continuation.jl:778
┌ Warning: Optimization did not converge. RetCode: MaxIters
└ @ ODEParameterEstimation ~/ODEParameterEstimation/src/core/solvers/homotopy_continuation.jl:778
┌ Warning: Optimization did not converge. RetCode: Stalled
└ @ ODEParameterEstimation ~/ODEParameterEstimation/src/core/solvers/homotopy_continuation.jl:778
┌ Warning: Optimization did not converge. RetCode: MaxIters
└ @ ODEParameterEstimation ~/ODEParameterEstimation/src/core/solvers/homotopy_continuation.jl:778
┌ Warning: Optimization did not converge. RetCode: MaxIters
└ @ ODEParameterEstimation ~/ODEParameterEstimation/src/core/solvers/homotopy_continuation.jl:778
┌ Warning: Optimization did not converge. RetCode: MaxIters
└ @ ODEParameterEstimation ~/ODEParameterEstimation/src/core/solvers/homotopy_continuation.jl:778
┌ Warning: Optimization did not converge. RetCode: MaxIters
└ @ ODEParameterEstimation ~/ODEParameterEstimation/src/core/solvers/homotopy_continuation.jl:778
┌ Warning: Optimization did not converge. RetCode: MaxIters
└ @ ODEParameterEstimation ~/ODEParameterEstimation/src/core/solvers/homotopy_continuation.jl:778
┌ Warning: Optimization did not converge. RetCode: MaxIters
└ @ ODEParameterEstimation ~/ODEParameterEstimation/src/core/solvers/homotopy_continuation.jl:778
┌ Warning: Optimization did not converge. RetCode: Stalled
└ @ ODEParameterEstimation ~/ODEParameterEstimation/src/core/solvers/homotopy_continuation.jl:778
┌ Warning: Optimization did not converge. RetCode: MaxIters
└ @ ODEParameterEstimation ~/ODEParameterEstimation/src/core/solvers/homotopy_continuation.jl:778
┌ Warning: Optimization did not converge. RetCode: MaxIters
└ @ ODEParameterEstimation ~/ODEParameterEstimation/src/core/solvers/homotopy_continuation.jl:778
┌ Warning: Optimization did not converge. RetCode: MaxIters
└ @ ODEParameterEstimation ~/ODEParameterEstimation/src/core/solvers/homotopy_continuation.jl:778
┌ Warning: Optimization did not converge. RetCode: MaxIters
└ @ ODEParameterEstimation ~/ODEParameterEstimation/src/core/solvers/homotopy_continuation.jl:778
┌ Warning: Optimization did not converge. RetCode: MaxIters
└ @ ODEParameterEstimation ~/ODEParameterEstimation/src/core/solvers/homotopy_continuation.jl:778
┌ Warning: Optimization did not converge. RetCode: MaxIters
└ @ ODEParameterEstimation ~/ODEParameterEstimation/src/core/solvers/homotopy_continuation.jl:778
┌ Warning: Optimization did not converge. RetCode: MaxIters
└ @ ODEParameterEstimation ~/ODEParameterEstimation/src/core/solvers/homotopy_continuation.jl:778
┌ Warning: Optimization did not converge. RetCode: MaxIters
└ @ ODEParameterEstimation ~/ODEParameterEstimation/src/core/solvers/homotopy_continuation.jl:778
┌ Warning: Optimization did not converge. RetCode: MaxIters
└ @ ODEParameterEstimation ~/ODEParameterEstimation/src/core/solvers/homotopy_continuation.jl:778
┌ Warning: Optimization did not converge. RetCode: MaxIters
└ @ ODEParameterEstimation ~/ODEParameterEstimation/src/core/solvers/homotopy_continuation.jl:778
┌ Warning: Optimization did not converge. RetCode: MaxIters
└ @ ODEParameterEstimation ~/ODEParameterEstimation/src/core/solvers/homotopy_continuation.jl:778
┌ Warning: Optimization did not converge. RetCode: MaxIters
└ @ ODEParameterEstimation ~/ODEParameterEstimation/src/core/solvers/homotopy_continuation.jl:778
┌ Warning: Optimization did not converge. RetCode: MaxIters
└ @ ODEParameterEstimation ~/ODEParameterEstimation/src/core/solvers/homotopy_continuation.jl:778
┌ Warning: Optimization did not converge. RetCode: Stalled
└ @ ODEParameterEstimation ~/ODEParameterEstimation/src/core/solvers/homotopy_continuation.jl:778
┌ Warning: Optimization did not converge. RetCode: MaxIters
└ @ ODEParameterEstimation ~/ODEParameterEstimation/src/core/solvers/homotopy_continuation.jl:778
┌ Warning: Optimization did not converge. RetCode: MaxIters
└ @ ODEParameterEstimation ~/ODEParameterEstimation/src/core/solvers/homotopy_continuation.jl:778
┌ Warning: Optimization did not converge. RetCode: Stalled
└ @ ODEParameterEstimation ~/ODEParameterEstimation/src/core/solvers/homotopy_continuation.jl:778
┌ Warning: Optimization did not converge. RetCode: MaxIters
└ @ ODEParameterEstimation ~/ODEParameterEstimation/src/core/solvers/homotopy_continuation.jl:778
┌ Warning: Optimization did not converge. RetCode: MaxIters
└ @ ODEParameterEstimation ~/ODEParameterEstimation/src/core/solvers/homotopy_continuation.jl:778
┌ Warning: Optimization did not converge. RetCode: Stalled
└ @ ODEParameterEstimation ~/ODEParameterEstimation/src/core/solvers/homotopy_continuation.jl:778
┌ Warning: At t=-0.6060000241801506, dt was forced below floating point epsilon -9.922929099176936e-17, and step error estimate = 1.071836110954309. Aborting. There is either an error in your model specification or the true solution is unstable (or the true solution can not be represented in the precision of Float64).
└ @ SciMLBase ~/.julia/packages/SciMLBase/VW1cI/src/integrator_interface.jl:623
┌ Warning: At t=-0.6060012348846384, dt was forced below floating point epsilon -1.0936901609776663e-16, and step error estimate = 1.3844700710697737. Aborting. There is either an error in your model specification or the true solution is unstable (or the true solution can not be represented in the precision of Float64).
└ @ SciMLBase ~/.julia/packages/SciMLBase/VW1cI/src/integrator_interface.jl:623
┌ Warning: At t=-0.606000050185886, dt was forced below floating point epsilon -9.772438038726802e-17, and step error estimate = 1.2488961045870974. Aborting. There is either an error in your model specification or the true solution is unstable (or the true solution can not be represented in the precision of Float64).
└ @ SciMLBase ~/.julia/packages/SciMLBase/VW1cI/src/integrator_interface.jl:623
┌ Warning: At t=-0.6471738047010117, dt was forced below floating point epsilon -1.0047366549385011e-16, and step error estimate = 1.201947802113937. Aborting. There is either an error in your model specification or the true solution is unstable (or the true solution can not be represented in the precision of Float64).
└ @ SciMLBase ~/.julia/packages/SciMLBase/VW1cI/src/integrator_interface.jl:623
┌ Warning: At t=-0.8263508536377157, dt was forced below floating point epsilon -9.89294927608352e-17, and step error estimate = 1.1047721152048382. Aborting. There is either an error in your model specification or the true solution is unstable (or the true solution can not be represented in the precision of Float64).
└ @ SciMLBase ~/.julia/packages/SciMLBase/VW1cI/src/integrator_interface.jl:623
┌ Warning: At t=-0.911006320110405, dt was forced below floating point epsilon -9.882471475900034e-17, and step error estimate = 1.116545350267168. Aborting. There is either an error in your model specification or the true solution is unstable (or the true solution can not be represented in the precision of Float64).
└ @ SciMLBase ~/.julia/packages/SciMLBase/VW1cI/src/integrator_interface.jl:623
┌ Warning: Interrupted. Larger maxiters is needed. If you are using an integrator for non-stiff ODEs or an automatic switching algorithm (the default), you may want to consider using a method for stiff equations. See the solver pages for more details (e.g. https://docs.sciml.ai/DiffEqDocs/stable/solvers/ode_solve/#Stiff-Problems).
└ @ SciMLBase ~/.julia/packages/SciMLBase/VW1cI/src/integrator_interface.jl:589
┌ Warning: At t=-0.6066812048013374, dt was forced below floating point epsilon -9.945682935242493e-17, and step error estimate = NaN. Aborting. There is either an error in your model specification or the true solution is unstable (or the true solution can not be represented in the precision of Float64).
└ @ SciMLBase ~/.julia/packages/SciMLBase/VW1cI/src/integrator_interface.jl:623
┌ Warning: At t=-0.6060000129081513, dt was forced below floating point epsilon -9.975272382159107e-17, and step error estimate = 1.0169009512747318. Aborting. There is either an error in your model specification or the true solution is unstable (or the true solution can not be represented in the precision of Float64).
└ @ SciMLBase ~/.julia/packages/SciMLBase/VW1cI/src/integrator_interface.jl:623
┌ Warning: At t=-0.9318866014507646, dt was forced below floating point epsilon -7.240993557313328e-17, and step error estimate = 371.3375620699371. Aborting. There is either an error in your model specification or the true solution is unstable (or the true solution can not be represented in the precision of Float64).
└ @ SciMLBase ~/.julia/packages/SciMLBase/VW1cI/src/integrator_interface.jl:623
┌ Warning: At t=-0.6060000082822815, dt was forced below floating point epsilon -4.517091267236115e-17, and step error estimate = NaN. Aborting. There is either an error in your model specification or the true solution is unstable (or the true solution can not be represented in the precision of Float64).
└ @ SciMLBase ~/.julia/packages/SciMLBase/VW1cI/src/integrator_interface.jl:623
┌ Warning: At t=-0.6060001663913187, dt was forced below floating point epsilon -9.828273123078682e-17, and step error estimate = 1.1796979005798034. Aborting. There is either an error in your model specification or the true solution is unstable (or the true solution can not be represented in the precision of Float64).
└ @ SciMLBase ~/.julia/packages/SciMLBase/VW1cI/src/integrator_interface.jl:623
┌ Warning: At t=-0.6060680221878613, dt was forced below floating point epsilon -9.987052155056444e-17, and step error estimate = 1.004971270940558. Aborting. There is either an error in your model specification or the true solution is unstable (or the true solution can not be represented in the precision of Float64).
└ @ SciMLBase ~/.julia/packages/SciMLBase/VW1cI/src/integrator_interface.jl:623
┌ Warning: At t=-0.6060003439147479, dt was forced below floating point epsilon -9.931197842290599e-17, and step error estimate = 1.062943614710664. Aborting. There is either an error in your model specification or the true solution is unstable (or the true solution can not be represented in the precision of Float64).
└ @ SciMLBase ~/.julia/packages/SciMLBase/VW1cI/src/integrator_interface.jl:623
┌ Warning: At t=-0.6060005496303822, dt was forced below floating point epsilon -9.83559184326343e-17, and step error estimate = 1.1709444719458433. Aborting. There is either an error in your model specification or the true solution is unstable (or the true solution can not be represented in the precision of Float64).
└ @ SciMLBase ~/.julia/packages/SciMLBase/VW1cI/src/integrator_interface.jl:623
┌ Warning: At t=-0.6248720203774875, dt was forced below floating point epsilon -9.849109212324557e-17, and step error estimate = 1.1549654187129588. Aborting. There is either an error in your model specification or the true solution is unstable (or the true solution can not be represented in the precision of Float64).
└ @ SciMLBase ~/.julia/packages/SciMLBase/VW1cI/src/integrator_interface.jl:623
┌ Warning: At t=-0.6060012348846384, dt was forced below floating point epsilon -1.0936901609776663e-16, and step error estimate = 1.3844700710697737. Aborting. There is either an error in your model specification or the true solution is unstable (or the true solution can not be represented in the precision of Float64).
└ @ SciMLBase ~/.julia/packages/SciMLBase/VW1cI/src/integrator_interface.jl:623
┌ Warning: At t=-0.6067805234664271, dt was forced below floating point epsilon -7.781100296254573e-17, and step error estimate = 12.192523923521778. Aborting. There is either an error in your model specification or the true solution is unstable (or the true solution can not be represented in the precision of Float64).
└ @ SciMLBase ~/.julia/packages/SciMLBase/VW1cI/src/integrator_interface.jl:623
┌ Warning: At t=-0.6071999420700556, dt was forced below floating point epsilon -6.836743130189563e-17, and step error estimate = NaN. Aborting. There is either an error in your model specification or the true solution is unstable (or the true solution can not be represented in the precision of Float64).
└ @ SciMLBase ~/.julia/packages/SciMLBase/VW1cI/src/integrator_interface.jl:623
┌ Warning: At t=-0.606000050185886, dt was forced below floating point epsilon -9.772438038726802e-17, and step error estimate = 1.2488961045870974. Aborting. There is either an error in your model specification or the true solution is unstable (or the true solution can not be represented in the precision of Float64).
└ @ SciMLBase ~/.julia/packages/SciMLBase/VW1cI/src/integrator_interface.jl:623
┌ Warning: At t=-0.7467471054199992, dt was forced below floating point epsilon -1.0868417078775931e-16, and step error estimate = 1.001306271476861. Aborting. There is either an error in your model specification or the true solution is unstable (or the true solution can not be represented in the precision of Float64).
└ @ SciMLBase ~/.julia/packages/SciMLBase/VW1cI/src/integrator_interface.jl:623
┌ Warning: At t=-0.6060000000113661, dt was forced below floating point epsilon -9.612893713199193e-17, and step error estimate = 57.66750397605984. Aborting. There is either an error in your model specification or the true solution is unstable (or the true solution can not be represented in the precision of Float64).
└ @ SciMLBase ~/.julia/packages/SciMLBase/VW1cI/src/integrator_interface.jl:623
┌ Warning: At t=-0.6175385819523443, dt was forced below floating point epsilon -9.95447180482562e-17, and step error estimate = 1.0383507172605948. Aborting. There is either an error in your model specification or the true solution is unstable (or the true solution can not be represented in the precision of Float64).
└ @ SciMLBase ~/.julia/packages/SciMLBase/VW1cI/src/integrator_interface.jl:623
┌ Warning: At t=-0.6060002109904191, dt was forced below floating point epsilon -9.853440628618811e-17, and step error estimate = 1.1498953923084958. Aborting. There is either an error in your model specification or the true solution is unstable (or the true solution can not be represented in the precision of Float64).
└ @ SciMLBase ~/.julia/packages/SciMLBase/VW1cI/src/integrator_interface.jl:623
┌ Warning: At t=-0.9019058041464332, dt was forced below floating point epsilon -7.337798542810801e-17, and step error estimate = 385.1084050435117. Aborting. There is either an error in your model specification or the true solution is unstable (or the true solution can not be represented in the precision of Float64).
└ @ SciMLBase ~/.julia/packages/SciMLBase/VW1cI/src/integrator_interface.jl:623
┌ Warning: At t=-0.8911503867849646, dt was forced below floating point epsilon -8.600225053648688e-17, and step error estimate = 379.57466579594745. Aborting. There is either an error in your model specification or the true solution is unstable (or the true solution can not be represented in the precision of Float64).
└ @ SciMLBase ~/.julia/packages/SciMLBase/VW1cI/src/integrator_interface.jl:623
┌ Warning: At t=-0.8263508536376906, dt was forced below floating point epsilon -1.0016205121458336e-16, and step error estimate = 1.2155285800037912. Aborting. There is either an error in your model specification or the true solution is unstable (or the true solution can not be represented in the precision of Float64).
└ @ SciMLBase ~/.julia/packages/SciMLBase/VW1cI/src/integrator_interface.jl:623
┌ Warning: Interrupted. Larger maxiters is needed. If you are using an integrator for non-stiff ODEs or an automatic switching algorithm (the default), you may want to consider using a method for stiff equations. See the solver pages for more details (e.g. https://docs.sciml.ai/DiffEqDocs/stable/solvers/ode_solve/#Stiff-Problems).
└ @ SciMLBase ~/.julia/packages/SciMLBase/VW1cI/src/integrator_interface.jl:589
┌ Warning: At t=-0.994415319647504, dt was forced below floating point epsilon -9.970718167102587e-17, and step error estimate = 1.0215553280089011. Aborting. There is either an error in your model specification or the true solution is unstable (or the true solution can not be represented in the precision of Float64).
└ @ SciMLBase ~/.julia/packages/SciMLBase/VW1cI/src/integrator_interface.jl:623
┌ Warning: At t=-0.7065880443714487, dt was forced below floating point epsilon -9.907479679845123e-17, and step error estimate = 1.0886712462487416. Aborting. There is either an error in your model specification or the true solution is unstable (or the true solution can not be represented in the precision of Float64).
└ @ SciMLBase ~/.julia/packages/SciMLBase/VW1cI/src/integrator_interface.jl:623
┌ Warning: At t=-0.6060000014536405, dt was forced below floating point epsilon -9.367331452625148e-17, and step error estimate = 1.9071022572901664. Aborting. There is either an error in your model specification or the true solution is unstable (or the true solution can not be represented in the precision of Float64).
└ @ SciMLBase ~/.julia/packages/SciMLBase/VW1cI/src/integrator_interface.jl:623
┌ Warning: At t=-0.6087657738491205, dt was forced below floating point epsilon -1.0446016649478408e-16, and step error estimate = 3.9384910254077496. Aborting. There is either an error in your model specification or the true solution is unstable (or the true solution can not be represented in the precision of Float64).
└ @ SciMLBase ~/.julia/packages/SciMLBase/VW1cI/src/integrator_interface.jl:623
┌ Warning: At t=-0.6078764595541799, dt was forced below floating point epsilon -9.91666705694046e-17, and step error estimate = 1.078625220951871. Aborting. There is either an error in your model specification or the true solution is unstable (or the true solution can not be represented in the precision of Float64).
└ @ SciMLBase ~/.julia/packages/SciMLBase/VW1cI/src/integrator_interface.jl:623
┌ Warning: At t=-0.6498168891331355, dt was forced below floating point epsilon -9.734655712030505e-17, and step error estimate = 1.4210621999156705. Aborting. There is either an error in your model specification or the true solution is unstable (or the true solution can not be represented in the precision of Float64).
└ @ SciMLBase ~/.julia/packages/SciMLBase/VW1cI/src/integrator_interface.jl:623
┌ Warning: At t=-0.6108228939938186, dt was forced below floating point epsilon -3.138024299197103e-17, and step error estimate = NaN. Aborting. There is either an error in your model specification or the true solution is unstable (or the true solution can not be represented in the precision of Float64).
└ @ SciMLBase ~/.julia/packages/SciMLBase/VW1cI/src/integrator_interface.jl:623
┌ Warning: At t=-0.6068541095564018, dt was forced below floating point epsilon -1.0442636997994487e-16, and step error estimate = 11.101052529825768. Aborting. There is either an error in your model specification or the true solution is unstable (or the true solution can not be represented in the precision of Float64).
└ @ SciMLBase ~/.julia/packages/SciMLBase/VW1cI/src/integrator_interface.jl:623
┌ Warning: At t=-0.6060000000014987, dt was forced below floating point epsilon -9.311371155452036e-17, and step error estimate = 42.9376066803144. Aborting. There is either an error in your model specification or the true solution is unstable (or the true solution can not be represented in the precision of Float64).
└ @ SciMLBase ~/.julia/packages/SciMLBase/VW1cI/src/integrator_interface.jl:623
┌ Warning: At t=-0.6060002109904191, dt was forced below floating point epsilon -9.853440628618811e-17, and step error estimate = 1.1498953923084958. Aborting. There is either an error in your model specification or the true solution is unstable (or the true solution can not be represented in the precision of Float64).
└ @ SciMLBase ~/.julia/packages/SciMLBase/VW1cI/src/integrator_interface.jl:623
┌ Warning: At t=-0.8263508536376906, dt was forced below floating point epsilon -1.0016205121458336e-16, and step error estimate = 1.2155285800037912. Aborting. There is either an error in your model specification or the true solution is unstable (or the true solution can not be represented in the precision of Float64).
└ @ SciMLBase ~/.julia/packages/SciMLBase/VW1cI/src/integrator_interface.jl:623
┌ Warning: At t=-0.606000042819142, dt was forced below floating point epsilon -9.938425598060511e-17, and step error estimate = 1.0552385056754328. Aborting. There is either an error in your model specification or the true solution is unstable (or the true solution can not be represented in the precision of Float64).
└ @ SciMLBase ~/.julia/packages/SciMLBase/VW1cI/src/integrator_interface.jl:623
┌ Warning: At t=-0.911006320110405, dt was forced below floating point epsilon -9.882471475900034e-17, and step error estimate = 1.116545350267168. Aborting. There is either an error in your model specification or the true solution is unstable (or the true solution can not be represented in the precision of Float64).
└ @ SciMLBase ~/.julia/packages/SciMLBase/VW1cI/src/integrator_interface.jl:623
┌ Warning: At t=-0.6060000455894083, dt was forced below floating point epsilon -9.845223327810032e-17, and step error estimate = 1.1595342729916678. Aborting. There is either an error in your model specification or the true solution is unstable (or the true solution can not be represented in the precision of Float64).
└ @ SciMLBase ~/.julia/packages/SciMLBase/VW1cI/src/integrator_interface.jl:623
┌ Warning: At t=-0.6060000241801506, dt was forced below floating point epsilon -9.922929099176936e-17, and step error estimate = 1.071836110954309. Aborting. There is either an error in your model specification or the true solution is unstable (or the true solution can not be represented in the precision of Float64).
└ @ SciMLBase ~/.julia/packages/SciMLBase/VW1cI/src/integrator_interface.jl:623
┌ Warning: At t=-0.6060002051867159, dt was forced below floating point epsilon -9.863635222903794e-17, and step error estimate = 1.1380609144329044. Aborting. There is either an error in your model specification or the true solution is unstable (or the true solution can not be represented in the precision of Float64).
└ @ SciMLBase ~/.julia/packages/SciMLBase/VW1cI/src/integrator_interface.jl:623
┌ Warning: At t=-0.6141289349082842, dt was forced below floating point epsilon -1.0467500811874249e-16, and step error estimate = 1.1382092165215676. Aborting. There is either an error in your model specification or the true solution is unstable (or the true solution can not be represented in the precision of Float64).
└ @ SciMLBase ~/.julia/packages/SciMLBase/VW1cI/src/integrator_interface.jl:623
┌ Warning: At t=-0.6830649985278696, dt was forced below floating point epsilon -9.917883861610089e-17, and step error estimate = 1.07730253048989. Aborting. There is either an error in your model specification or the true solution is unstable (or the true solution can not be represented in the precision of Float64).
└ @ SciMLBase ~/.julia/packages/SciMLBase/VW1cI/src/integrator_interface.jl:623
┌ Warning: At t=-0.6060000000037694, dt was forced below floating point epsilon -9.764354898279564e-17, and step error estimate = 1.957411185856495. Aborting. There is either an error in your model specification or the true solution is unstable (or the true solution can not be represented in the precision of Float64).
└ @ SciMLBase ~/.julia/packages/SciMLBase/VW1cI/src/integrator_interface.jl:623
┌ Warning: At t=-0.6616023637942735, dt was forced below floating point epsilon -8.443142863707627e-17, and step error estimate = 328.32219167580104. Aborting. There is either an error in your model specification or the true solution is unstable (or the true solution can not be represented in the precision of Float64).
└ @ SciMLBase ~/.julia/packages/SciMLBase/VW1cI/src/integrator_interface.jl:623
┌ Warning: At t=-0.608178058797175, dt was forced below floating point epsilon -1.0778753569766576e-16, and step error estimate = 6.309591729333613. Aborting. There is either an error in your model specification or the true solution is unstable (or the true solution can not be represented in the precision of Float64).
└ @ SciMLBase ~/.julia/packages/SciMLBase/VW1cI/src/integrator_interface.jl:623
┌ Warning: At t=-0.6061798318178517, dt was forced below floating point epsilon -8.368486210111618e-17, and step error estimate = 14.26842119665723. Aborting. There is either an error in your model specification or the true solution is unstable (or the true solution can not be represented in the precision of Float64).
└ @ SciMLBase ~/.julia/packages/SciMLBase/VW1cI/src/integrator_interface.jl:623
┌ Warning: At t=-0.6154708261240956, dt was forced below floating point epsilon -1.0732295479186224e-16, and step error estimate = 7.225124710392308. Aborting. There is either an error in your model specification or the true solution is unstable (or the true solution can not be represented in the precision of Float64).
└ @ SciMLBase ~/.julia/packages/SciMLBase/VW1cI/src/integrator_interface.jl:623
┌ Warning: At t=-0.6133267924357853, dt was forced below floating point epsilon -1.0811661601139311e-16, and step error estimate = 1.0033283173819307. Aborting. There is either an error in your model specification or the true solution is unstable (or the true solution can not be represented in the precision of Float64).
└ @ SciMLBase ~/.julia/packages/SciMLBase/VW1cI/src/integrator_interface.jl:623
┌ Warning: At t=-0.6060000202421212, dt was forced below floating point epsilon -1.0741023140991637e-16, and step error estimate = 1.9626563526350862. Aborting. There is either an error in your model specification or the true solution is unstable (or the true solution can not be represented in the precision of Float64).
└ @ SciMLBase ~/.julia/packages/SciMLBase/VW1cI/src/integrator_interface.jl:623
┌ Warning: At t=-0.6060035093300147, dt was forced below floating point epsilon -2.897101565781815e-17, and step error estimate = NaN. Aborting. There is either an error in your model specification or the true solution is unstable (or the true solution can not be represented in the precision of Float64).
└ @ SciMLBase ~/.julia/packages/SciMLBase/VW1cI/src/integrator_interface.jl:623
┌ Warning: At t=-0.6060107990009137, dt was forced below floating point epsilon -6.822441984157453e-17, and step error estimate = 50.93872655609275. Aborting. There is either an error in your model specification or the true solution is unstable (or the true solution can not be represented in the precision of Float64).
└ @ SciMLBase ~/.julia/packages/SciMLBase/VW1cI/src/integrator_interface.jl:623
┌ Warning: At t=-0.6066812048013374, dt was forced below floating point epsilon -9.945682935242493e-17, and step error estimate = NaN. Aborting. There is either an error in your model specification or the true solution is unstable (or the true solution can not be represented in the precision of Float64).
└ @ SciMLBase ~/.julia/packages/SciMLBase/VW1cI/src/integrator_interface.jl:623
┌ Warning: At t=-0.6060000006889481, dt was forced below floating point epsilon -1.0856068773028465e-16, and step error estimate = 3.122538645180335. Aborting. There is either an error in your model specification or the true solution is unstable (or the true solution can not be represented in the precision of Float64).
└ @ SciMLBase ~/.julia/packages/SciMLBase/VW1cI/src/integrator_interface.jl:623
┌ Warning: At t=-0.6060002623241842, dt was forced below floating point epsilon -9.88242370424838e-17, and step error estimate = 1.11659980149918. Aborting. There is either an error in your model specification or the true solution is unstable (or the true solution can not be represented in the precision of Float64).
└ @ SciMLBase ~/.julia/packages/SciMLBase/VW1cI/src/integrator_interface.jl:623
┌ Warning: Interrupted. Larger maxiters is needed. If you are using an integrator for non-stiff ODEs or an automatic switching algorithm (the default), you may want to consider using a method for stiff equations. See the solver pages for more details (e.g. https://docs.sciml.ai/DiffEqDocs/stable/solvers/ode_solve/#Stiff-Problems).
└ @ SciMLBase ~/.julia/packages/SciMLBase/VW1cI/src/integrator_interface.jl:589
┌ Warning: At t=-0.6189993527533277, dt was forced below floating point epsilon -9.549817160861142e-17, and step error estimate = 1.5724432079098216. Aborting. There is either an error in your model specification or the true solution is unstable (or the true solution can not be represented in the precision of Float64).
└ @ SciMLBase ~/.julia/packages/SciMLBase/VW1cI/src/integrator_interface.jl:623
┌ Warning: At t=-0.606000042819142, dt was forced below floating point epsilon -9.938425598060511e-17, and step error estimate = 1.0552385056754328. Aborting. There is either an error in your model specification or the true solution is unstable (or the true solution can not be represented in the precision of Float64).
└ @ SciMLBase ~/.julia/packages/SciMLBase/VW1cI/src/integrator_interface.jl:623
┌ Warning: At t=-0.6830649985278696, dt was forced below floating point epsilon -9.917883861610089e-17, and step error estimate = 1.07730253048989. Aborting. There is either an error in your model specification or the true solution is unstable (or the true solution can not be represented in the precision of Float64).
└ @ SciMLBase ~/.julia/packages/SciMLBase/VW1cI/src/integrator_interface.jl:623
┌ Warning: At t=-0.6229466161161196, dt was forced below floating point epsilon -1.0580666849727434e-16, and step error estimate = 1.0992685548262118. Aborting. There is either an error in your model specification or the true solution is unstable (or the true solution can not be represented in the precision of Float64).
└ @ SciMLBase ~/.julia/packages/SciMLBase/VW1cI/src/integrator_interface.jl:623
┌ Warning: At t=-0.6097122099727504, dt was forced below floating point epsilon -9.928979108081783e-17, and step error estimate = 1.0653222613004607. Aborting. There is either an error in your model specification or the true solution is unstable (or the true solution can not be represented in the precision of Float64).
└ @ SciMLBase ~/.julia/packages/SciMLBase/VW1cI/src/integrator_interface.jl:623
┌ Warning: At t=-0.7901344680429313, dt was forced below floating point epsilon -9.911432454485823e-17, and step error estimate = 1.0843369322100165. Aborting. There is either an error in your model specification or the true solution is unstable (or the true solution can not be represented in the precision of Float64).
└ @ SciMLBase ~/.julia/packages/SciMLBase/VW1cI/src/integrator_interface.jl:623
┌ Warning: At t=-0.6071864169926665, dt was forced below floating point epsilon -9.832714261142295e-17, and step error estimate = 1.1743780721733528. Aborting. There is either an error in your model specification or the true solution is unstable (or the true solution can not be represented in the precision of Float64).
└ @ SciMLBase ~/.julia/packages/SciMLBase/VW1cI/src/integrator_interface.jl:623
┌ Warning: At t=-0.6060000070071891, dt was forced below floating point epsilon -9.616847796239e-17, and step error estimate = 1.4661865927374642. Aborting. There is either an error in your model specification or the true solution is unstable (or the true solution can not be represented in the precision of Float64).
└ @ SciMLBase ~/.julia/packages/SciMLBase/VW1cI/src/integrator_interface.jl:623
┌ Warning: At t=-0.606000001132799, dt was forced below floating point epsilon -9.56593653168517e-17, and step error estimate = 1.5461102669295075. Aborting. There is either an error in your model specification or the true solution is unstable (or the true solution can not be represented in the precision of Float64).
└ @ SciMLBase ~/.julia/packages/SciMLBase/VW1cI/src/integrator_interface.jl:623
┌ Warning: At t=-0.6498298197195633, dt was forced below floating point epsilon -1.0185687312400225e-16, and step error estimate = 1.0061624097870598. Aborting. There is either an error in your model specification or the true solution is unstable (or the true solution can not be represented in the precision of Float64).
└ @ SciMLBase ~/.julia/packages/SciMLBase/VW1cI/src/integrator_interface.jl:623
┌ Warning: At t=-0.6097122099727504, dt was forced below floating point epsilon -9.928979108081783e-17, and step error estimate = 1.0653222613004607. Aborting. There is either an error in your model specification or the true solution is unstable (or the true solution can not be represented in the precision of Float64).
└ @ SciMLBase ~/.julia/packages/SciMLBase/VW1cI/src/integrator_interface.jl:623
┌ Warning: At t=-0.6071999420700556, dt was forced below floating point epsilon -6.836743130189563e-17, and step error estimate = NaN. Aborting. There is either an error in your model specification or the true solution is unstable (or the true solution can not be represented in the precision of Float64).
└ @ SciMLBase ~/.julia/packages/SciMLBase/VW1cI/src/integrator_interface.jl:623
┌ Warning: At t=-0.6189993527533277, dt was forced below floating point epsilon -9.549817160861142e-17, and step error estimate = 1.5724432079098216. Aborting. There is either an error in your model specification or the true solution is unstable (or the true solution can not be represented in the precision of Float64).
└ @ SciMLBase ~/.julia/packages/SciMLBase/VW1cI/src/integrator_interface.jl:623
┌ Warning: At t=-0.6060000000014987, dt was forced below floating point epsilon -9.311371155452036e-17, and step error estimate = 42.9376066803144. Aborting. There is either an error in your model specification or the true solution is unstable (or the true solution can not be represented in the precision of Float64).
└ @ SciMLBase ~/.julia/packages/SciMLBase/VW1cI/src/integrator_interface.jl:623
┌ Warning: At t=-0.6060002051867159, dt was forced below floating point epsilon -9.863635222903794e-17, and step error estimate = 1.1380609144329044. Aborting. There is either an error in your model specification or the true solution is unstable (or the true solution can not be represented in the precision of Float64).
└ @ SciMLBase ~/.julia/packages/SciMLBase/VW1cI/src/integrator_interface.jl:623
┌ Warning: At t=-0.6072936072288402, dt was forced below floating point epsilon -9.86934816280975e-17, and step error estimate = 1.1314870682189235. Aborting. There is either an error in your model specification or the true solution is unstable (or the true solution can not be represented in the precision of Float64).
└ @ SciMLBase ~/.julia/packages/SciMLBase/VW1cI/src/integrator_interface.jl:623
┌ Warning: At t=-0.6060000129081513, dt was forced below floating point epsilon -9.975272382159107e-17, and step error estimate = 1.0169009512747318. Aborting. There is either an error in your model specification or the true solution is unstable (or the true solution can not be represented in the precision of Float64).
└ @ SciMLBase ~/.julia/packages/SciMLBase/VW1cI/src/integrator_interface.jl:623
┌ Warning: At t=-0.8263508536377157, dt was forced below floating point epsilon -9.89294927608352e-17, and step error estimate = 1.1047721152048382. Aborting. There is either an error in your model specification or the true solution is unstable (or the true solution can not be represented in the precision of Float64).
└ @ SciMLBase ~/.julia/packages/SciMLBase/VW1cI/src/integrator_interface.jl:623
┌ Warning: Interrupted. Larger maxiters is needed. If you are using an integrator for non-stiff ODEs or an automatic switching algorithm (the default), you may want to consider using a method for stiff equations. See the solver pages for more details (e.g. https://docs.sciml.ai/DiffEqDocs/stable/solvers/ode_solve/#Stiff-Problems).
└ @ SciMLBase ~/.julia/packages/SciMLBase/VW1cI/src/integrator_interface.jl:589
┌ Warning: At t=-0.6154708261240959, dt was forced below floating point epsilon -1.0767050810156044e-16, and step error estimate = 4.06654006701788. Aborting. There is either an error in your model specification or the true solution is unstable (or the true solution can not be represented in the precision of Float64).
└ @ SciMLBase ~/.julia/packages/SciMLBase/VW1cI/src/integrator_interface.jl:623
┌ Warning: At t=-0.7901434527997544, dt was forced below floating point epsilon -1.0565291449687401e-16, and step error estimate = 1.0251639380014659. Aborting. There is either an error in your model specification or the true solution is unstable (or the true solution can not be represented in the precision of Float64).
└ @ SciMLBase ~/.julia/packages/SciMLBase/VW1cI/src/integrator_interface.jl:623
┌ Warning: At t=-0.6089062860115734, dt was forced below floating point epsilon -9.555223329267471e-17, and step error estimate = NaN. Aborting. There is either an error in your model specification or the true solution is unstable (or the true solution can not be represented in the precision of Float64).
└ @ SciMLBase ~/.julia/packages/SciMLBase/VW1cI/src/integrator_interface.jl:623
┌ Warning: At t=-0.6060000082822815, dt was forced below floating point epsilon -4.517091267236115e-17, and step error estimate = NaN. Aborting. There is either an error in your model specification or the true solution is unstable (or the true solution can not be represented in the precision of Float64).
└ @ SciMLBase ~/.julia/packages/SciMLBase/VW1cI/src/integrator_interface.jl:623
┌ Warning: At t=-0.6079482088416801, dt was forced below floating point epsilon -7.573393692828972e-17, and step error estimate = NaN. Aborting. There is either an error in your model specification or the true solution is unstable (or the true solution can not be represented in the precision of Float64).
└ @ SciMLBase ~/.julia/packages/SciMLBase/VW1cI/src/integrator_interface.jl:623
┌ Warning: At t=-0.6178790598526078, dt was forced below floating point epsilon -9.906157715533876e-17, and step error estimate = 1.0901256830109018. Aborting. There is either an error in your model specification or the true solution is unstable (or the true solution can not be represented in the precision of Float64).
└ @ SciMLBase ~/.julia/packages/SciMLBase/VW1cI/src/integrator_interface.jl:623
┌ Warning: At t=-0.6091812550117458, dt was forced below floating point epsilon -9.869224984356834e-17, and step error estimate = 1.1316281241423345. Aborting. There is either an error in your model specification or the true solution is unstable (or the true solution can not be represented in the precision of Float64).
└ @ SciMLBase ~/.julia/packages/SciMLBase/VW1cI/src/integrator_interface.jl:623
┌ Warning: At t=-0.6078722070202316, dt was forced below floating point epsilon -1.0646641377964353e-16, and step error estimate = 2.319534040650538. Aborting. There is either an error in your model specification or the true solution is unstable (or the true solution can not be represented in the precision of Float64).
└ @ SciMLBase ~/.julia/packages/SciMLBase/VW1cI/src/integrator_interface.jl:623
┌ Warning: At t=-0.6060000028565637, dt was forced below floating point epsilon -9.297662492216425e-17, and step error estimate = 2.054889038687296. Aborting. There is either an error in your model specification or the true solution is unstable (or the true solution can not be represented in the precision of Float64).
└ @ SciMLBase ~/.julia/packages/SciMLBase/VW1cI/src/integrator_interface.jl:623
┌ Warning: At t=-0.9318866014507657, dt was forced below floating point epsilon -8.464204280170319e-17, and step error estimate = 335.67508419382966. Aborting. There is either an error in your model specification or the true solution is unstable (or the true solution can not be represented in the precision of Float64).
└ @ SciMLBase ~/.julia/packages/SciMLBase/VW1cI/src/integrator_interface.jl:623
┌ Warning: At t=-0.6166617720361324, dt was forced below floating point epsilon -9.926594427659618e-17, and step error estimate = 1.0678849771202414. Aborting. There is either an error in your model specification or the true solution is unstable (or the true solution can not be represented in the precision of Float64).
└ @ SciMLBase ~/.julia/packages/SciMLBase/VW1cI/src/integrator_interface.jl:623
┌ Warning: At t=-0.6060002623241842, dt was forced below floating point epsilon -9.88242370424838e-17, and step error estimate = 1.11659980149918. Aborting. There is either an error in your model specification or the true solution is unstable (or the true solution can not be represented in the precision of Float64).
└ @ SciMLBase ~/.julia/packages/SciMLBase/VW1cI/src/integrator_interface.jl:623
┌ Warning: At t=-0.654015480663261, dt was forced below floating point epsilon -9.841309310264783e-17, and step error estimate = 1.1641558001991186. Aborting. There is either an error in your model specification or the true solution is unstable (or the true solution can not be represented in the precision of Float64).
└ @ SciMLBase ~/.julia/packages/SciMLBase/VW1cI/src/integrator_interface.jl:623
┌ Warning: At t=-0.6060000187413245, dt was forced below floating point epsilon -1.088407661101431e-16, and step error estimate = 2.0310510148617604. Aborting. There is either an error in your model specification or the true solution is unstable (or the true solution can not be represented in the precision of Float64).
└ @ SciMLBase ~/.julia/packages/SciMLBase/VW1cI/src/integrator_interface.jl:623
┌ Warning: At t=-0.6096268469252871, dt was forced below floating point epsilon -1.0158679721335517e-16, and step error estimate = 178.63599941320814. Aborting. There is either an error in your model specification or the true solution is unstable (or the true solution can not be represented in the precision of Float64).
└ @ SciMLBase ~/.julia/packages/SciMLBase/VW1cI/src/integrator_interface.jl:623
┌ Warning: At t=-0.6060259741745847, dt was forced below floating point epsilon -9.889507104126441e-17, and step error estimate = 1.1086242439694023. Aborting. There is either an error in your model specification or the true solution is unstable (or the true solution can not be represented in the precision of Float64).
└ @ SciMLBase ~/.julia/packages/SciMLBase/VW1cI/src/integrator_interface.jl:623
┌ Warning: At t=-0.6060000000000371, dt was forced below floating point epsilon -3.518033055522142e-17, and step error estimate = NaN. Aborting. There is either an error in your model specification or the true solution is unstable (or the true solution can not be represented in the precision of Float64).
└ @ SciMLBase ~/.julia/packages/SciMLBase/VW1cI/src/integrator_interface.jl:623
┌ Warning: At t=-0.6954210437014826, dt was forced below floating point epsilon -9.952802807358446e-17, and step error estimate = 1.0400923433436273. Aborting. There is either an error in your model specification or the true solution is unstable (or the true solution can not be represented in the precision of Float64).
└ @ SciMLBase ~/.julia/packages/SciMLBase/VW1cI/src/integrator_interface.jl:623
┌ Warning: Interrupted. Larger maxiters is needed. If you are using an integrator for non-stiff ODEs or an automatic switching algorithm (the default), you may want to consider using a method for stiff equations. See the solver pages for more details (e.g. https://docs.sciml.ai/DiffEqDocs/stable/solvers/ode_solve/#Stiff-Problems).
└ @ SciMLBase ~/.julia/packages/SciMLBase/VW1cI/src/integrator_interface.jl:589
┌ Warning: At t=-0.6071864169926665, dt was forced below floating point epsilon -9.832714261142295e-17, and step error estimate = 1.1743780721733528. Aborting. There is either an error in your model specification or the true solution is unstable (or the true solution can not be represented in the precision of Float64).
└ @ SciMLBase ~/.julia/packages/SciMLBase/VW1cI/src/integrator_interface.jl:623
┌ Warning: At t=-0.6229466161160839, dt was forced below floating point epsilon -1.019036065335656e-16, and step error estimate = 1.0071305035206517. Aborting. There is either an error in your model specification or the true solution is unstable (or the true solution can not be represented in the precision of Float64).
└ @ SciMLBase ~/.julia/packages/SciMLBase/VW1cI/src/integrator_interface.jl:623
┌ Warning: At t=-0.6072936072288402, dt was forced below floating point epsilon -9.86934816280975e-17, and step error estimate = 1.1314870682189235. Aborting. There is either an error in your model specification or the true solution is unstable (or the true solution can not be represented in the precision of Float64).
└ @ SciMLBase ~/.julia/packages/SciMLBase/VW1cI/src/integrator_interface.jl:623
┌ Warning: At t=-0.6060001255762009, dt was forced below floating point epsilon -9.957132483232406e-17, and step error estimate = 1.0355785639906843. Aborting. There is either an error in your model specification or the true solution is unstable (or the true solution can not be represented in the precision of Float64).
└ @ SciMLBase ~/.julia/packages/SciMLBase/VW1cI/src/integrator_interface.jl:623
┌ Warning: At t=-0.6063882833784492, dt was forced below floating point epsilon -3.9515315266163264e-17, and step error estimate = NaN. Aborting. There is either an error in your model specification or the true solution is unstable (or the true solution can not be represented in the precision of Float64).
└ @ SciMLBase ~/.julia/packages/SciMLBase/VW1cI/src/integrator_interface.jl:623
┌ Warning: At t=-0.6332441116204987, dt was forced below floating point epsilon -1.0155848242975676e-16, and step error estimate = 1.0596057083621548. Aborting. There is either an error in your model specification or the true solution is unstable (or the true solution can not be represented in the precision of Float64).
└ @ SciMLBase ~/.julia/packages/SciMLBase/VW1cI/src/integrator_interface.jl:623
┌ Warning: At t=-0.6079482088416801, dt was forced below floating point epsilon -7.573393692828972e-17, and step error estimate = NaN. Aborting. There is either an error in your model specification or the true solution is unstable (or the true solution can not be represented in the precision of Float64).
└ @ SciMLBase ~/.julia/packages/SciMLBase/VW1cI/src/integrator_interface.jl:623
┌ Warning: At t=-0.6178790598526078, dt was forced below floating point epsilon -9.906157715533876e-17, and step error estimate = 1.0901256830109018. Aborting. There is either an error in your model specification or the true solution is unstable (or the true solution can not be represented in the precision of Float64).
└ @ SciMLBase ~/.julia/packages/SciMLBase/VW1cI/src/integrator_interface.jl:623
┌ Warning: At t=-0.6097122099727506, dt was forced below floating point epsilon -9.929631920023847e-17, and step error estimate = 1.0646216141166487. Aborting. There is either an error in your model specification or the true solution is unstable (or the true solution can not be represented in the precision of Float64).
└ @ SciMLBase ~/.julia/packages/SciMLBase/VW1cI/src/integrator_interface.jl:623
┌ Warning: At t=-0.8231879954349193, dt was forced below floating point epsilon -9.902268912693208e-17, and step error estimate = 386.30103434414764. Aborting. There is either an error in your model specification or the true solution is unstable (or the true solution can not be represented in the precision of Float64).
└ @ SciMLBase ~/.julia/packages/SciMLBase/VW1cI/src/integrator_interface.jl:623
┌ Warning: At t=-0.6175385819523443, dt was forced below floating point epsilon -9.95447180482562e-17, and step error estimate = 1.0383507172605948. Aborting. There is either an error in your model specification or the true solution is unstable (or the true solution can not be represented in the precision of Float64).
└ @ SciMLBase ~/.julia/packages/SciMLBase/VW1cI/src/integrator_interface.jl:623
┌ Warning: Interrupted. Larger maxiters is needed. If you are using an integrator for non-stiff ODEs or an automatic switching algorithm (the default), you may want to consider using a method for stiff equations. See the solver pages for more details (e.g. https://docs.sciml.ai/DiffEqDocs/stable/solvers/ode_solve/#Stiff-Problems).
└ @ SciMLBase ~/.julia/packages/SciMLBase/VW1cI/src/integrator_interface.jl:589
┌ Warning: At t=-0.6060009312030563, dt was forced below floating point epsilon -1.0960420906798042e-16, and step error estimate = NaN. Aborting. There is either an error in your model specification or the true solution is unstable (or the true solution can not be represented in the precision of Float64).
└ @ SciMLBase ~/.julia/packages/SciMLBase/VW1cI/src/integrator_interface.jl:623
┌ Warning: At t=-0.6529148603035465, dt was forced below floating point epsilon -1.097490626867822e-16, and step error estimate = 1.0501017683790514. Aborting. There is either an error in your model specification or the true solution is unstable (or the true solution can not be represented in the precision of Float64).
└ @ SciMLBase ~/.julia/packages/SciMLBase/VW1cI/src/integrator_interface.jl:623
┌ Warning: At t=-0.6078756945330026, dt was forced below floating point epsilon -9.766774117422529e-17, and step error estimate = 1.2561608521141878. Aborting. There is either an error in your model specification or the true solution is unstable (or the true solution can not be represented in the precision of Float64).
└ @ SciMLBase ~/.julia/packages/SciMLBase/VW1cI/src/integrator_interface.jl:623
┌ Warning: At t=-0.6060000002116447, dt was forced below floating point epsilon -3.2077057238801377e-17, and step error estimate = NaN. Aborting. There is either an error in your model specification or the true solution is unstable (or the true solution can not be represented in the precision of Float64).
└ @ SciMLBase ~/.julia/packages/SciMLBase/VW1cI/src/integrator_interface.jl:623
┌ Warning: Interrupted. Larger maxiters is needed. If you are using an integrator for non-stiff ODEs or an automatic switching algorithm (the default), you may want to consider using a method for stiff equations. See the solver pages for more details (e.g. https://docs.sciml.ai/DiffEqDocs/stable/solvers/ode_solve/#Stiff-Problems).
└ @ SciMLBase ~/.julia/packages/SciMLBase/VW1cI/src/integrator_interface.jl:589
┌ Warning: At t=-0.6232388749671499, dt was forced below floating point epsilon -1.0976972744763671e-16, and step error estimate = 1.0851021482721892. Aborting. There is either an error in your model specification or the true solution is unstable (or the true solution can not be represented in the precision of Float64).
└ @ SciMLBase ~/.julia/packages/SciMLBase/VW1cI/src/integrator_interface.jl:623
┌ Warning: At t=-0.6104842959534368, dt was forced below floating point epsilon -9.935230805994902e-17, and step error estimate = 1.0586369924972858. Aborting. There is either an error in your model specification or the true solution is unstable (or the true solution can not be represented in the precision of Float64).
└ @ SciMLBase ~/.julia/packages/SciMLBase/VW1cI/src/integrator_interface.jl:623
┌ Warning: At t=-0.6142720414453566, dt was forced below floating point epsilon -7.592416638042761e-17, and step error estimate = 123.80546110449443. Aborting. There is either an error in your model specification or the true solution is unstable (or the true solution can not be represented in the precision of Float64).
└ @ SciMLBase ~/.julia/packages/SciMLBase/VW1cI/src/integrator_interface.jl:623
┌ Warning: At t=-0.6637018166939969, dt was forced below floating point epsilon -9.907325100701766e-17, and step error estimate = 1.0888410559846526. Aborting. There is either an error in your model specification or the true solution is unstable (or the true solution can not be represented in the precision of Float64).
└ @ SciMLBase ~/.julia/packages/SciMLBase/VW1cI/src/integrator_interface.jl:623
┌ Warning: At t=-0.6104842959534368, dt was forced below floating point epsilon -9.935230805994902e-17, and step error estimate = 1.0586369924972858. Aborting. There is either an error in your model specification or the true solution is unstable (or the true solution can not be represented in the precision of Float64).
└ @ SciMLBase ~/.julia/packages/SciMLBase/VW1cI/src/integrator_interface.jl:623
┌ Warning: At t=-0.6082084442428422, dt was forced below floating point epsilon -9.907946959765737e-17, and step error estimate = 1.0881578731112587. Aborting. There is either an error in your model specification or the true solution is unstable (or the true solution can not be represented in the precision of Float64).
└ @ SciMLBase ~/.julia/packages/SciMLBase/VW1cI/src/integrator_interface.jl:623
┌ Warning: At t=-0.7737344354656591, dt was forced below floating point epsilon -7.021325390945211e-17, and step error estimate = NaN. Aborting. There is either an error in your model specification or the true solution is unstable (or the true solution can not be represented in the precision of Float64).
└ @ SciMLBase ~/.julia/packages/SciMLBase/VW1cI/src/integrator_interface.jl:623
┌ Warning: At t=-0.9984911537710904, dt was forced below floating point epsilon -1.0411217575375448e-16, and step error estimate = 1.633187260334482. Aborting. There is either an error in your model specification or the true solution is unstable (or the true solution can not be represented in the precision of Float64).
└ @ SciMLBase ~/.julia/packages/SciMLBase/VW1cI/src/integrator_interface.jl:623
┌ Warning: At t=-0.9499773099247144, dt was forced below floating point epsilon -9.873001917894953e-17, and step error estimate = 1.1273049892698723. Aborting. There is either an error in your model specification or the true solution is unstable (or the true solution can not be represented in the precision of Float64).
└ @ SciMLBase ~/.julia/packages/SciMLBase/VW1cI/src/integrator_interface.jl:623
┌ Warning: At t=-0.6060000002116447, dt was forced below floating point epsilon -3.2077057238801377e-17, and step error estimate = NaN. Aborting. There is either an error in your model specification or the true solution is unstable (or the true solution can not be represented in the precision of Float64).
└ @ SciMLBase ~/.julia/packages/SciMLBase/VW1cI/src/integrator_interface.jl:623
┌ Warning: At t=-0.9367378954034196, dt was forced below floating point epsilon -9.921579520850716e-17, and step error estimate = 1.0732958080037636. Aborting. There is either an error in your model specification or the true solution is unstable (or the true solution can not be represented in the precision of Float64).
└ @ SciMLBase ~/.julia/packages/SciMLBase/VW1cI/src/integrator_interface.jl:623
┌ Warning: At t=-0.6072660860360388, dt was forced below floating point epsilon -2.5782013994033435e-17, and step error estimate = NaN. Aborting. There is either an error in your model specification or the true solution is unstable (or the true solution can not be represented in the precision of Float64).
└ @ SciMLBase ~/.julia/packages/SciMLBase/VW1cI/src/integrator_interface.jl:623
┌ Warning: At t=-0.6072660860360388, dt was forced below floating point epsilon -2.5782013994033435e-17, and step error estimate = NaN. Aborting. There is either an error in your model specification or the true solution is unstable (or the true solution can not be represented in the precision of Float64).
└ @ SciMLBase ~/.julia/packages/SciMLBase/VW1cI/src/integrator_interface.jl:623
┌ Warning: At t=-0.6072255061141255, dt was forced below floating point epsilon -1.0363334133527882e-16, and step error estimate = 1.094864730411164. Aborting. There is either an error in your model specification or the true solution is unstable (or the true solution can not be represented in the precision of Float64).
└ @ SciMLBase ~/.julia/packages/SciMLBase/VW1cI/src/integrator_interface.jl:623
┌ Warning: At t=-0.9602274363485778, dt was forced below floating point epsilon -9.891052225098625e-17, and step error estimate = 1.106893897068944. Aborting. There is either an error in your model specification or the true solution is unstable (or the true solution can not be represented in the precision of Float64).
└ @ SciMLBase ~/.julia/packages/SciMLBase/VW1cI/src/integrator_interface.jl:623
┌ Warning: At t=-0.6254817064274936, dt was forced below floating point epsilon -1.0261948809096016e-16, and step error estimate = 1.054843669072213. Aborting. There is either an error in your model specification or the true solution is unstable (or the true solution can not be represented in the precision of Float64).
└ @ SciMLBase ~/.julia/packages/SciMLBase/VW1cI/src/integrator_interface.jl:623
┌ Warning: At t=-1.0, dt was forced below floating point epsilon 2.220446049250313e-16, and step error estimate = 4.784246919901597. Aborting. There is either an error in your model specification or the true solution is unstable (or the true solution can not be represented in the precision of Float64).
└ @ SciMLBase ~/.julia/packages/SciMLBase/VW1cI/src/integrator_interface.jl:623
┌ Warning: At t=-1.0, dt was forced below floating point epsilon 2.220446049250313e-16, and step error estimate = 3.35394254673563. Aborting. There is either an error in your model specification or the true solution is unstable (or the true solution can not be represented in the precision of Float64).
└ @ SciMLBase ~/.julia/packages/SciMLBase/VW1cI/src/integrator_interface.jl:623
┌ Warning: At t=-0.8848644398029154, dt was forced below floating point epsilon 1.1102230246251565e-16, and step error estimate = 1.2374421120195507. Aborting. There is either an error in your model specification or the true solution is unstable (or the true solution can not be represented in the precision of Float64).
└ @ SciMLBase ~/.julia/packages/SciMLBase/VW1cI/src/integrator_interface.jl:623
┌ Warning: At t=-0.6368079359550365, dt was forced below floating point epsilon 1.1102230246251565e-16, and step error estimate = 1.3890950233606303. Aborting. There is either an error in your model specification or the true solution is unstable (or the true solution can not be represented in the precision of Float64).
└ @ SciMLBase ~/.julia/packages/SciMLBase/VW1cI/src/integrator_interface.jl:623
┌ Warning: At t=-1.0, dt was forced below floating point epsilon 2.220446049250313e-16, and step error estimate = 7.303769909061022. Aborting. There is either an error in your model specification or the true solution is unstable (or the true solution can not be represented in the precision of Float64).
└ @ SciMLBase ~/.julia/packages/SciMLBase/VW1cI/src/integrator_interface.jl:623
┌ Warning: At t=-0.9999994110305864, dt was forced below floating point epsilon 1.1102230246251565e-16, and step error estimate = 1.1907911553311339. Aborting. There is either an error in your model specification or the true solution is unstable (or the true solution can not be represented in the precision of Float64).
└ @ SciMLBase ~/.julia/packages/SciMLBase/VW1cI/src/integrator_interface.jl:623
┌ Warning: At t=-1.0, dt was forced below floating point epsilon 2.220446049250313e-16, and step error estimate = NaN. Aborting. There is either an error in your model specification or the true solution is unstable (or the true solution can not be represented in the precision of Float64).
└ @ SciMLBase ~/.julia/packages/SciMLBase/VW1cI/src/integrator_interface.jl:623
┌ Warning: At t=-1.0, dt was forced below floating point epsilon 2.220446049250313e-16, and step error estimate = NaN. Aborting. There is either an error in your model specification or the true solution is unstable (or the true solution can not be represented in the precision of Float64).
└ @ SciMLBase ~/.julia/packages/SciMLBase/VW1cI/src/integrator_interface.jl:623
┌ Warning: At t=-1.0, dt was forced below floating point epsilon 2.220446049250313e-16, and step error estimate = 6.41412026241844. Aborting. There is either an error in your model specification or the true solution is unstable (or the true solution can not be represented in the precision of Float64).
└ @ SciMLBase ~/.julia/packages/SciMLBase/VW1cI/src/integrator_interface.jl:623
┌ Warning: At t=0.8240360475253924, dt was forced below floating point epsilon 1.1102230246251565e-16, and step error estimate = NaN. Aborting. There is either an error in your model specification or the true solution is unstable (or the true solution can not be represented in the precision of Float64).
└ @ SciMLBase ~/.julia/packages/SciMLBase/VW1cI/src/integrator_interface.jl:623
┌ Warning: At t=-1.0, dt was forced below floating point epsilon 2.220446049250313e-16, and step error estimate = 7.110562317941319. Aborting. There is either an error in your model specification or the true solution is unstable (or the true solution can not be represented in the precision of Float64).
└ @ SciMLBase ~/.julia/packages/SciMLBase/VW1cI/src/integrator_interface.jl:623
┌ Warning: At t=-1.0, dt was forced below floating point epsilon 2.220446049250313e-16, and step error estimate = 6.734331455802857. Aborting. There is either an error in your model specification or the true solution is unstable (or the true solution can not be represented in the precision of Float64).
└ @ SciMLBase ~/.julia/packages/SciMLBase/VW1cI/src/integrator_interface.jl:623
┌ Warning: At t=-1.0, dt was forced below floating point epsilon 2.220446049250313e-16, and step error estimate = 7.1208335771271125. Aborting. There is either an error in your model specification or the true solution is unstable (or the true solution can not be represented in the precision of Float64).
└ @ SciMLBase ~/.julia/packages/SciMLBase/VW1cI/src/integrator_interface.jl:623
┌ Warning: At t=-0.9645926402930864, dt was forced below floating point epsilon 1.1102230246251565e-16, and step error estimate = 1.4067946840268872. Aborting. There is either an error in your model specification or the true solution is unstable (or the true solution can not be represented in the precision of Float64).
└ @ SciMLBase ~/.julia/packages/SciMLBase/VW1cI/src/integrator_interface.jl:623
┌ Warning: At t=-0.8287683588886439, dt was forced below floating point epsilon 1.1102230246251565e-16, and step error estimate = 2.087670905811288. Aborting. There is either an error in your model specification or the true solution is unstable (or the true solution can not be represented in the precision of Float64).
└ @ SciMLBase ~/.julia/packages/SciMLBase/VW1cI/src/integrator_interface.jl:623
┌ Warning: At t=-0.9984413053423759, dt was forced below floating point epsilon 1.1102230246251565e-16, and step error estimate = 1.0239593327802126. Aborting. There is either an error in your model specification or the true solution is unstable (or the true solution can not be represented in the precision of Float64).
└ @ SciMLBase ~/.julia/packages/SciMLBase/VW1cI/src/integrator_interface.jl:623
┌ Warning: At t=-0.4657160180769859, dt was forced below floating point epsilon 5.551115123125783e-17, and step error estimate = 1.1502662968962158. Aborting. There is either an error in your model specification or the true solution is unstable (or the true solution can not be represented in the precision of Float64).
└ @ SciMLBase ~/.julia/packages/SciMLBase/VW1cI/src/integrator_interface.jl:623
┌ Warning: At t=-1.0, dt was forced below floating point epsilon 2.220446049250313e-16, and step error estimate = NaN. Aborting. There is either an error in your model specification or the true solution is unstable (or the true solution can not be represented in the precision of Float64).
└ @ SciMLBase ~/.julia/packages/SciMLBase/VW1cI/src/integrator_interface.jl:623
┌ Warning: At t=-1.0, dt was forced below floating point epsilon 2.220446049250313e-16, and step error estimate = 3.35394254673563. Aborting. There is either an error in your model specification or the true solution is unstable (or the true solution can not be represented in the precision of Float64).
└ @ SciMLBase ~/.julia/packages/SciMLBase/VW1cI/src/integrator_interface.jl:623
┌ Warning: At t=-0.9967740495987798, dt was forced below floating point epsilon 1.1102230246251565e-16, and step error estimate = 137.70257171158227. Aborting. There is either an error in your model specification or the true solution is unstable (or the true solution can not be represented in the precision of Float64).
└ @ SciMLBase ~/.julia/packages/SciMLBase/VW1cI/src/integrator_interface.jl:623
┌ Warning: At t=-0.9999952286233481, dt was forced below floating point epsilon 1.1102230246251565e-16, and step error estimate = 1.08639770596119. Aborting. There is either an error in your model specification or the true solution is unstable (or the true solution can not be represented in the precision of Float64).
└ @ SciMLBase ~/.julia/packages/SciMLBase/VW1cI/src/integrator_interface.jl:623
┌ Warning: At t=-0.9853037087798694, dt was forced below floating point epsilon 1.1102230246251565e-16, and step error estimate = NaN. Aborting. There is either an error in your model specification or the true solution is unstable (or the true solution can not be represented in the precision of Float64).
└ @ SciMLBase ~/.julia/packages/SciMLBase/VW1cI/src/integrator_interface.jl:623
┌ Warning: At t=-1.0, dt was forced below floating point epsilon 2.220446049250313e-16, and step error estimate = 6.551627855523325. Aborting. There is either an error in your model specification or the true solution is unstable (or the true solution can not be represented in the precision of Float64).
└ @ SciMLBase ~/.julia/packages/SciMLBase/VW1cI/src/integrator_interface.jl:623
┌ Warning: At t=-0.6428977807552302, dt was forced below floating point epsilon 1.1102230246251565e-16, and step error estimate = 1.2604968873587352. Aborting. There is either an error in your model specification or the true solution is unstable (or the true solution can not be represented in the precision of Float64).
└ @ SciMLBase ~/.julia/packages/SciMLBase/VW1cI/src/integrator_interface.jl:623
┌ Warning: At t=-0.7148496123853821, dt was forced below floating point epsilon 1.1102230246251565e-16, and step error estimate = NaN. Aborting. There is either an error in your model specification or the true solution is unstable (or the true solution can not be represented in the precision of Float64).
└ @ SciMLBase ~/.julia/packages/SciMLBase/VW1cI/src/integrator_interface.jl:623
┌ Warning: At t=-0.6368079363546915, dt was forced below floating point epsilon 1.1102230246251565e-16, and step error estimate = 1.126441523016753. Aborting. There is either an error in your model specification or the true solution is unstable (or the true solution can not be represented in the precision of Float64).
└ @ SciMLBase ~/.julia/packages/SciMLBase/VW1cI/src/integrator_interface.jl:623
┌ Warning: At t=-0.996785251222656, dt was forced below floating point epsilon 1.1102230246251565e-16, and step error estimate = 317.6038492824962. Aborting. There is either an error in your model specification or the true solution is unstable (or the true solution can not be represented in the precision of Float64).
└ @ SciMLBase ~/.julia/packages/SciMLBase/VW1cI/src/integrator_interface.jl:623
┌ Warning: At t=-1.0, dt was forced below floating point epsilon 2.220446049250313e-16, and step error estimate = 7.25752468480608. Aborting. There is either an error in your model specification or the true solution is unstable (or the true solution can not be represented in the precision of Float64).
└ @ SciMLBase ~/.julia/packages/SciMLBase/VW1cI/src/integrator_interface.jl:623
┌ Warning: At t=-0.9926943479688418, dt was forced below floating point epsilon 1.1102230246251565e-16, and step error estimate = 1.1432793990485621. Aborting. There is either an error in your model specification or the true solution is unstable (or the true solution can not be represented in the precision of Float64).
└ @ SciMLBase ~/.julia/packages/SciMLBase/VW1cI/src/integrator_interface.jl:623
┌ Warning: At t=-0.996057127025897, dt was forced below floating point epsilon 1.1102230246251565e-16, and step error estimate = 1.2325546878224192. Aborting. There is either an error in your model specification or the true solution is unstable (or the true solution can not be represented in the precision of Float64).
└ @ SciMLBase ~/.julia/packages/SciMLBase/VW1cI/src/integrator_interface.jl:623
┌ Warning: At t=-0.9000555700343201, dt was forced below floating point epsilon 1.1102230246251565e-16, and step error estimate = 10.93281901263069. Aborting. There is either an error in your model specification or the true solution is unstable (or the true solution can not be represented in the precision of Float64).
└ @ SciMLBase ~/.julia/packages/SciMLBase/VW1cI/src/integrator_interface.jl:623
┌ Warning: At t=-0.8915580392732907, dt was forced below floating point epsilon 1.1102230246251565e-16, and step error estimate = 1.0814083171952347. Aborting. There is either an error in your model specification or the true solution is unstable (or the true solution can not be represented in the precision of Float64).
└ @ SciMLBase ~/.julia/packages/SciMLBase/VW1cI/src/integrator_interface.jl:623
┌ Warning: At t=-1.0, dt was forced below floating point epsilon 2.220446049250313e-16, and step error estimate = NaN. Aborting. There is either an error in your model specification or the true solution is unstable (or the true solution can not be represented in the precision of Float64).
└ @ SciMLBase ~/.julia/packages/SciMLBase/VW1cI/src/integrator_interface.jl:623
┌ Warning: At t=-0.9982940446509088, dt was forced below floating point epsilon 1.1102230246251565e-16, and step error estimate = 1.1626488306931586. Aborting. There is either an error in your model specification or the true solution is unstable (or the true solution can not be represented in the precision of Float64).
└ @ SciMLBase ~/.julia/packages/SciMLBase/VW1cI/src/integrator_interface.jl:623
┌ Warning: At t=-1.0, dt was forced below floating point epsilon 2.220446049250313e-16, and step error estimate = 6.551627855523325. Aborting. There is either an error in your model specification or the true solution is unstable (or the true solution can not be represented in the precision of Float64).
└ @ SciMLBase ~/.julia/packages/SciMLBase/VW1cI/src/integrator_interface.jl:623
┌ Warning: At t=-0.5603361139598357, dt was forced below floating point epsilon 1.1102230246251565e-16, and step error estimate = 128.23572467740553. Aborting. There is either an error in your model specification or the true solution is unstable (or the true solution can not be represented in the precision of Float64).
└ @ SciMLBase ~/.julia/packages/SciMLBase/VW1cI/src/integrator_interface.jl:623
┌ Warning: At t=-0.4657160180769859, dt was forced below floating point epsilon 5.551115123125783e-17, and step error estimate = 1.1502662968962158. Aborting. There is either an error in your model specification or the true solution is unstable (or the true solution can not be represented in the precision of Float64).
└ @ SciMLBase ~/.julia/packages/SciMLBase/VW1cI/src/integrator_interface.jl:623
┌ Warning: At t=-0.363088792986543, dt was forced below floating point epsilon 5.551115123125783e-17, and step error estimate = 6.682611204811131. Aborting. There is either an error in your model specification or the true solution is unstable (or the true solution can not be represented in the precision of Float64).
└ @ SciMLBase ~/.julia/packages/SciMLBase/VW1cI/src/integrator_interface.jl:623
┌ Warning: At t=-0.6368079363546915, dt was forced below floating point epsilon 1.1102230246251565e-16, and step error estimate = 1.126441523016753. Aborting. There is either an error in your model specification or the true solution is unstable (or the true solution can not be represented in the precision of Float64).
└ @ SciMLBase ~/.julia/packages/SciMLBase/VW1cI/src/integrator_interface.jl:623
┌ Warning: At t=-0.8659348170841307, dt was forced below floating point epsilon 1.1102230246251565e-16, and step error estimate = 1.1168467732225664. Aborting. There is either an error in your model specification or the true solution is unstable (or the true solution can not be represented in the precision of Float64).
└ @ SciMLBase ~/.julia/packages/SciMLBase/VW1cI/src/integrator_interface.jl:623
┌ Warning: At t=-1.0, dt was forced below floating point epsilon 2.220446049250313e-16, and step error estimate = 5.1782334573489255. Aborting. There is either an error in your model specification or the true solution is unstable (or the true solution can not be represented in the precision of Float64).
└ @ SciMLBase ~/.julia/packages/SciMLBase/VW1cI/src/integrator_interface.jl:623
┌ Warning: At t=0.5303160179993563, dt was forced below floating point epsilon 1.1102230246251565e-16, and step error estimate = 1.0013956527470724. Aborting. There is either an error in your model specification or the true solution is unstable (or the true solution can not be represented in the precision of Float64).
└ @ SciMLBase ~/.julia/packages/SciMLBase/VW1cI/src/integrator_interface.jl:623
┌ Warning: At t=0.5303160179995282, dt was forced below floating point epsilon 1.1102230246251565e-16, and step error estimate = 1.0021251343886821. Aborting. There is either an error in your model specification or the true solution is unstable (or the true solution can not be represented in the precision of Float64).
└ @ SciMLBase ~/.julia/packages/SciMLBase/VW1cI/src/integrator_interface.jl:623
┌ Warning: At t=-1.0, dt was forced below floating point epsilon 2.220446049250313e-16, and step error estimate = 7.303769909061022. Aborting. There is either an error in your model specification or the true solution is unstable (or the true solution can not be represented in the precision of Float64).
└ @ SciMLBase ~/.julia/packages/SciMLBase/VW1cI/src/integrator_interface.jl:623
┌ Warning: At t=-1.0, dt was forced below floating point epsilon 2.220446049250313e-16, and step error estimate = 5.334908817682697. Aborting. There is either an error in your model specification or the true solution is unstable (or the true solution can not be represented in the precision of Float64).
└ @ SciMLBase ~/.julia/packages/SciMLBase/VW1cI/src/integrator_interface.jl:623
┌ Warning: At t=-1.0, dt was forced below floating point epsilon 2.220446049250313e-16, and step error estimate = 4.784246919901597. Aborting. There is either an error in your model specification or the true solution is unstable (or the true solution can not be represented in the precision of Float64).
└ @ SciMLBase ~/.julia/packages/SciMLBase/VW1cI/src/integrator_interface.jl:623
┌ Warning: At t=-1.0, dt was forced below floating point epsilon 2.220446049250313e-16, and step error estimate = 6.515540763008395. Aborting. There is either an error in your model specification or the true solution is unstable (or the true solution can not be represented in the precision of Float64).
└ @ SciMLBase ~/.julia/packages/SciMLBase/VW1cI/src/integrator_interface.jl:623
┌ Warning: At t=-0.7512758505224834, dt was forced below floating point epsilon 1.1102230246251565e-16, and step error estimate = 1.3644795900798257. Aborting. There is either an error in your model specification or the true solution is unstable (or the true solution can not be represented in the precision of Float64).
└ @ SciMLBase ~/.julia/packages/SciMLBase/VW1cI/src/integrator_interface.jl:623
┌ Warning: At t=-0.6059961418684948, dt was forced below floating point epsilon 1.1102230246251565e-16, and step error estimate = NaN. Aborting. There is either an error in your model specification or the true solution is unstable (or the true solution can not be represented in the precision of Float64).
└ @ SciMLBase ~/.julia/packages/SciMLBase/VW1cI/src/integrator_interface.jl:623
┌ Warning: At t=-1.0, dt was forced below floating point epsilon 2.220446049250313e-16, and step error estimate = 7.2379490322823035. Aborting. There is either an error in your model specification or the true solution is unstable (or the true solution can not be represented in the precision of Float64).
└ @ SciMLBase ~/.julia/packages/SciMLBase/VW1cI/src/integrator_interface.jl:623
┌ Warning: At t=-0.949289942108051, dt was forced below floating point epsilon 1.1102230246251565e-16, and step error estimate = 1.1934521334592056. Aborting. There is either an error in your model specification or the true solution is unstable (or the true solution can not be represented in the precision of Float64).
└ @ SciMLBase ~/.julia/packages/SciMLBase/VW1cI/src/integrator_interface.jl:623
┌ Warning: At t=-0.5974941480945041, dt was forced below floating point epsilon 1.1102230246251565e-16, and step error estimate = 1404.4484433371279. Aborting. There is either an error in your model specification or the true solution is unstable (or the true solution can not be represented in the precision of Float64).
└ @ SciMLBase ~/.julia/packages/SciMLBase/VW1cI/src/integrator_interface.jl:623
┌ Warning: At t=-0.9116553327838058, dt was forced below floating point epsilon 1.1102230246251565e-16, and step error estimate = 1.3023947156304558. Aborting. There is either an error in your model specification or the true solution is unstable (or the true solution can not be represented in the precision of Float64).
└ @ SciMLBase ~/.julia/packages/SciMLBase/VW1cI/src/integrator_interface.jl:623
┌ Warning: At t=-0.9939057279731133, dt was forced below floating point epsilon 1.1102230246251565e-16, and step error estimate = 1.3019659364212435. Aborting. There is either an error in your model specification or the true solution is unstable (or the true solution can not be represented in the precision of Float64).
└ @ SciMLBase ~/.julia/packages/SciMLBase/VW1cI/src/integrator_interface.jl:623
┌ Warning: At t=0.3779896566588178, dt was forced below floating point epsilon 5.551115123125783e-17, and step error estimate = 1.1483323921403654. Aborting. There is either an error in your model specification or the true solution is unstable (or the true solution can not be represented in the precision of Float64).
└ @ SciMLBase ~/.julia/packages/SciMLBase/VW1cI/src/integrator_interface.jl:623
┌ Warning: At t=-0.9995991149872105, dt was forced below floating point epsilon 1.1102230246251565e-16, and step error estimate = 1.0197000690037974. Aborting. There is either an error in your model specification or the true solution is unstable (or the true solution can not be represented in the precision of Float64).
└ @ SciMLBase ~/.julia/packages/SciMLBase/VW1cI/src/integrator_interface.jl:623
┌ Warning: At t=-0.9815091331336482, dt was forced below floating point epsilon 1.1102230246251565e-16, and step error estimate = 1.1305201986760478. Aborting. There is either an error in your model specification or the true solution is unstable (or the true solution can not be represented in the precision of Float64).
└ @ SciMLBase ~/.julia/packages/SciMLBase/VW1cI/src/integrator_interface.jl:623
┌ Warning: At t=-0.6048262077675247, dt was forced below floating point epsilon 1.1102230246251565e-16, and step error estimate = NaN. Aborting. There is either an error in your model specification or the true solution is unstable (or the true solution can not be represented in the precision of Float64).
└ @ SciMLBase ~/.julia/packages/SciMLBase/VW1cI/src/integrator_interface.jl:623
┌ Warning: At t=-0.5603361139598357, dt was forced below floating point epsilon 1.1102230246251565e-16, and step error estimate = 128.23572467740553. Aborting. There is either an error in your model specification or the true solution is unstable (or the true solution can not be represented in the precision of Float64).
└ @ SciMLBase ~/.julia/packages/SciMLBase/VW1cI/src/integrator_interface.jl:623
┌ Warning: At t=-0.43643870151088227, dt was forced below floating point epsilon 5.551115123125783e-17, and step error estimate = 15232.760187520425. Aborting. There is either an error in your model specification or the true solution is unstable (or the true solution can not be represented in the precision of Float64).
└ @ SciMLBase ~/.julia/packages/SciMLBase/VW1cI/src/integrator_interface.jl:623
┌ Warning: At t=-0.9443252181854139, dt was forced below floating point epsilon 1.1102230246251565e-16, and step error estimate = 1601.0255129553811. Aborting. There is either an error in your model specification or the true solution is unstable (or the true solution can not be represented in the precision of Float64).
└ @ SciMLBase ~/.julia/packages/SciMLBase/VW1cI/src/integrator_interface.jl:623
┌ Warning: At t=-0.15528966786506737, dt was forced below floating point epsilon 2.7755575615628914e-17, and step error estimate = NaN. Aborting. There is either an error in your model specification or the true solution is unstable (or the true solution can not be represented in the precision of Float64).
└ @ SciMLBase ~/.julia/packages/SciMLBase/VW1cI/src/integrator_interface.jl:623
┌ Warning: At t=-0.6059999985195065, dt was forced below floating point epsilon 1.1102230246251565e-16, and step error estimate = NaN. Aborting. There is either an error in your model specification or the true solution is unstable (or the true solution can not be represented in the precision of Float64).
└ @ SciMLBase ~/.julia/packages/SciMLBase/VW1cI/src/integrator_interface.jl:623
┌ Warning: At t=-1.0, dt was forced below floating point epsilon 2.220446049250313e-16, and step error estimate = NaN. Aborting. There is either an error in your model specification or the true solution is unstable (or the true solution can not be represented in the precision of Float64).
└ @ SciMLBase ~/.julia/packages/SciMLBase/VW1cI/src/integrator_interface.jl:623
┌ Warning: At t=-0.99997839903525, dt was forced below floating point epsilon 1.1102230246251565e-16, and step error estimate = 1.0532747825783566. Aborting. There is either an error in your model specification or the true solution is unstable (or the true solution can not be represented in the precision of Float64).
└ @ SciMLBase ~/.julia/packages/SciMLBase/VW1cI/src/integrator_interface.jl:623
┌ Warning: At t=-1.0, dt was forced below floating point epsilon 2.220446049250313e-16, and step error estimate = NaN. Aborting. There is either an error in your model specification or the true solution is unstable (or the true solution can not be represented in the precision of Float64).
└ @ SciMLBase ~/.julia/packages/SciMLBase/VW1cI/src/integrator_interface.jl:623
┌ Warning: At t=-0.005134550500024847, dt was forced below floating point epsilon 8.673617379884035e-19, and step error estimate = 1.403684940316581. Aborting. There is either an error in your model specification or the true solution is unstable (or the true solution can not be represented in the precision of Float64).
└ @ SciMLBase ~/.julia/packages/SciMLBase/VW1cI/src/integrator_interface.jl:623
┌ Warning: At t=-1.0, dt was forced below floating point epsilon 2.220446049250313e-16, and step error estimate = 6.6530601986700395. Aborting. There is either an error in your model specification or the true solution is unstable (or the true solution can not be represented in the precision of Float64).
└ @ SciMLBase ~/.julia/packages/SciMLBase/VW1cI/src/integrator_interface.jl:623
┌ Warning: Interrupted. Larger maxiters is needed. If you are using an integrator for non-stiff ODEs or an automatic switching algorithm (the default), you may want to consider using a method for stiff equations. See the solver pages for more details (e.g. https://docs.sciml.ai/DiffEqDocs/stable/solvers/ode_solve/#Stiff-Problems).
└ @ SciMLBase ~/.julia/packages/SciMLBase/VW1cI/src/integrator_interface.jl:589
┌ Warning: At t=-0.9786515207231028, dt was forced below floating point epsilon 1.1102230246251565e-16, and step error estimate = 1.0056662023313667. Aborting. There is either an error in your model specification or the true solution is unstable (or the true solution can not be represented in the precision of Float64).
└ @ SciMLBase ~/.julia/packages/SciMLBase/VW1cI/src/integrator_interface.jl:623
┌ Warning: At t=-1.0, dt was forced below floating point epsilon 2.220446049250313e-16, and step error estimate = 5.1782334573489255. Aborting. There is either an error in your model specification or the true solution is unstable (or the true solution can not be represented in the precision of Float64).
└ @ SciMLBase ~/.julia/packages/SciMLBase/VW1cI/src/integrator_interface.jl:623
┌ Warning: At t=-1.0, dt was forced below floating point epsilon 2.220446049250313e-16, and step error estimate = 7.2379490322823035. Aborting. There is either an error in your model specification or the true solution is unstable (or the true solution can not be represented in the precision of Float64).
└ @ SciMLBase ~/.julia/packages/SciMLBase/VW1cI/src/integrator_interface.jl:623
┌ Warning: At t=-0.4413566854366006, dt was forced below floating point epsilon 5.551115123125783e-17, and step error estimate = 1.2153664291579078. Aborting. There is either an error in your model specification or the true solution is unstable (or the true solution can not be represented in the precision of Float64).
└ @ SciMLBase ~/.julia/packages/SciMLBase/VW1cI/src/integrator_interface.jl:623
┌ Warning: At t=-0.14923303454402476, dt was forced below floating point epsilon 2.7755575615628914e-17, and step error estimate = 2.156381803882181. Aborting. There is either an error in your model specification or the true solution is unstable (or the true solution can not be represented in the precision of Float64).
└ @ SciMLBase ~/.julia/packages/SciMLBase/VW1cI/src/integrator_interface.jl:623
┌ Warning: At t=0.42651903257071977, dt was forced below floating point epsilon 5.551115123125783e-17, and step error estimate = 495.05556159901306. Aborting. There is either an error in your model specification or the true solution is unstable (or the true solution can not be represented in the precision of Float64).
└ @ SciMLBase ~/.julia/packages/SciMLBase/VW1cI/src/integrator_interface.jl:623
┌ Warning: At t=-0.2375537088592285, dt was forced below floating point epsilon 2.7755575615628914e-17, and step error estimate = 1.2313540617121679. Aborting. There is either an error in your model specification or the true solution is unstable (or the true solution can not be represented in the precision of Float64).
└ @ SciMLBase ~/.julia/packages/SciMLBase/VW1cI/src/integrator_interface.jl:623
┌ Warning: At t=-0.985047523718498, dt was forced below floating point epsilon 1.1102230246251565e-16, and step error estimate = 1.3542783340257942. Aborting. There is either an error in your model specification or the true solution is unstable (or the true solution can not be represented in the precision of Float64).
└ @ SciMLBase ~/.julia/packages/SciMLBase/VW1cI/src/integrator_interface.jl:623
┌ Warning: At t=-0.9791390431558824, dt was forced below floating point epsilon 1.1102230246251565e-16, and step error estimate = 168.15235709580196. Aborting. There is either an error in your model specification or the true solution is unstable (or the true solution can not be represented in the precision of Float64).
└ @ SciMLBase ~/.julia/packages/SciMLBase/VW1cI/src/integrator_interface.jl:623
┌ Warning: At t=-0.6059999976031455, dt was forced below floating point epsilon 1.1102230246251565e-16, and step error estimate = NaN. Aborting. There is either an error in your model specification or the true solution is unstable (or the true solution can not be represented in the precision of Float64).
└ @ SciMLBase ~/.julia/packages/SciMLBase/VW1cI/src/integrator_interface.jl:623
┌ Warning: At t=-0.002736824017532366, dt was forced below floating point epsilon 4.336808689942018e-19, and step error estimate = 1.0086850262199845. Aborting. There is either an error in your model specification or the true solution is unstable (or the true solution can not be represented in the precision of Float64).
└ @ SciMLBase ~/.julia/packages/SciMLBase/VW1cI/src/integrator_interface.jl:623
┌ Warning: At t=-1.0, dt was forced below floating point epsilon 2.220446049250313e-16, and step error estimate = 7.21733296777317. Aborting. There is either an error in your model specification or the true solution is unstable (or the true solution can not be represented in the precision of Float64).
└ @ SciMLBase ~/.julia/packages/SciMLBase/VW1cI/src/integrator_interface.jl:623
┌ Warning: At t=-0.529321782124988, dt was forced below floating point epsilon 1.1102230246251565e-16, and step error estimate = 1.097498531209193. Aborting. There is either an error in your model specification or the true solution is unstable (or the true solution can not be represented in the precision of Float64).
└ @ SciMLBase ~/.julia/packages/SciMLBase/VW1cI/src/integrator_interface.jl:623
┌ Warning: At t=-1.0, dt was forced below floating point epsilon 2.220446049250313e-16, and step error estimate = 7.398823117073823. Aborting. There is either an error in your model specification or the true solution is unstable (or the true solution can not be represented in the precision of Float64).
└ @ SciMLBase ~/.julia/packages/SciMLBase/VW1cI/src/integrator_interface.jl:623
┌ Warning: At t=-1.0, dt was forced below floating point epsilon 2.220446049250313e-16, and step error estimate = 3.0437243863259664. Aborting. There is either an error in your model specification or the true solution is unstable (or the true solution can not be represented in the precision of Float64).
└ @ SciMLBase ~/.julia/packages/SciMLBase/VW1cI/src/integrator_interface.jl:623
┌ Warning: At t=-1.0, dt was forced below floating point epsilon 2.220446049250313e-16, and step error estimate = 3.852484991499743. Aborting. There is either an error in your model specification or the true solution is unstable (or the true solution can not be represented in the precision of Float64).
└ @ SciMLBase ~/.julia/packages/SciMLBase/VW1cI/src/integrator_interface.jl:623
┌ Warning: At t=-0.891531591842666, dt was forced below floating point epsilon 1.1102230246251565e-16, and step error estimate = 1.0778541046098105. Aborting. There is either an error in your model specification or the true solution is unstable (or the true solution can not be represented in the precision of Float64).
└ @ SciMLBase ~/.julia/packages/SciMLBase/VW1cI/src/integrator_interface.jl:623
┌ Warning: At t=-0.9762595569769202, dt was forced below floating point epsilon 1.1102230246251565e-16, and step error estimate = 1.4019010197184076. Aborting. There is either an error in your model specification or the true solution is unstable (or the true solution can not be represented in the precision of Float64).
└ @ SciMLBase ~/.julia/packages/SciMLBase/VW1cI/src/integrator_interface.jl:623
┌ Warning: At t=-1.0, dt was forced below floating point epsilon 2.220446049250313e-16, and step error estimate = 7.21733296777317. Aborting. There is either an error in your model specification or the true solution is unstable (or the true solution can not be represented in the precision of Float64).
└ @ SciMLBase ~/.julia/packages/SciMLBase/VW1cI/src/integrator_interface.jl:623
┌ Warning: At t=0.6871013358709911, dt was forced below floating point epsilon 1.1102230246251565e-16, and step error estimate = 1.2011683638951647. Aborting. There is either an error in your model specification or the true solution is unstable (or the true solution can not be represented in the precision of Float64).
└ @ SciMLBase ~/.julia/packages/SciMLBase/VW1cI/src/integrator_interface.jl:623
┌ Warning: At t=-1.0, dt was forced below floating point epsilon 2.220446049250313e-16, and step error estimate = NaN. Aborting. There is either an error in your model specification or the true solution is unstable (or the true solution can not be represented in the precision of Float64).
└ @ SciMLBase ~/.julia/packages/SciMLBase/VW1cI/src/integrator_interface.jl:623
┌ Warning: At t=-0.9790992667611051, dt was forced below floating point epsilon 1.1102230246251565e-16, and step error estimate = 166.56456587498724. Aborting. There is either an error in your model specification or the true solution is unstable (or the true solution can not be represented in the precision of Float64).
└ @ SciMLBase ~/.julia/packages/SciMLBase/VW1cI/src/integrator_interface.jl:623
┌ Warning: At t=-0.9786515207231028, dt was forced below floating point epsilon 1.1102230246251565e-16, and step error estimate = 1.0056662023313667. Aborting. There is either an error in your model specification or the true solution is unstable (or the true solution can not be represented in the precision of Float64).
└ @ SciMLBase ~/.julia/packages/SciMLBase/VW1cI/src/integrator_interface.jl:623
┌ Warning: At t=-0.9791390431558824, dt was forced below floating point epsilon 1.1102230246251565e-16, and step error estimate = 168.15235709580196. Aborting. There is either an error in your model specification or the true solution is unstable (or the true solution can not be represented in the precision of Float64).
└ @ SciMLBase ~/.julia/packages/SciMLBase/VW1cI/src/integrator_interface.jl:623
┌ Warning: At t=-1.0, dt was forced below floating point epsilon 2.220446049250313e-16, and step error estimate = 6.515540763008395. Aborting. There is either an error in your model specification or the true solution is unstable (or the true solution can not be represented in the precision of Float64).
└ @ SciMLBase ~/.julia/packages/SciMLBase/VW1cI/src/integrator_interface.jl:623
┌ Warning: At t=-1.0, dt was forced below floating point epsilon 2.220446049250313e-16, and step error estimate = 7.328754550304528. Aborting. There is either an error in your model specification or the true solution is unstable (or the true solution can not be represented in the precision of Float64).
└ @ SciMLBase ~/.julia/packages/SciMLBase/VW1cI/src/integrator_interface.jl:623
┌ Warning: At t=-0.6059961418684948, dt was forced below floating point epsilon 1.1102230246251565e-16, and step error estimate = NaN. Aborting. There is either an error in your model specification or the true solution is unstable (or the true solution can not be represented in the precision of Float64).
└ @ SciMLBase ~/.julia/packages/SciMLBase/VW1cI/src/integrator_interface.jl:623
┌ Warning: At t=0.5303160179995282, dt was forced below floating point epsilon 1.1102230246251565e-16, and step error estimate = 1.0021251343886821. Aborting. There is either an error in your model specification or the true solution is unstable (or the true solution can not be represented in the precision of Float64).
└ @ SciMLBase ~/.julia/packages/SciMLBase/VW1cI/src/integrator_interface.jl:623
┌ Warning: At t=-0.36308709256319266, dt was forced below floating point epsilon 5.551115123125783e-17, and step error estimate = 2.078347573287101. Aborting. There is either an error in your model specification or the true solution is unstable (or the true solution can not be represented in the precision of Float64).
└ @ SciMLBase ~/.julia/packages/SciMLBase/VW1cI/src/integrator_interface.jl:623
┌ Warning: At t=-0.605999632162292, dt was forced below floating point epsilon 1.1102230246251565e-16, and step error estimate = NaN. Aborting. There is either an error in your model specification or the true solution is unstable (or the true solution can not be represented in the precision of Float64).
└ @ SciMLBase ~/.julia/packages/SciMLBase/VW1cI/src/integrator_interface.jl:623
┌ Warning: At t=-0.6368079359550365, dt was forced below floating point epsilon 1.1102230246251565e-16, and step error estimate = 1.3890950233606303. Aborting. There is either an error in your model specification or the true solution is unstable (or the true solution can not be represented in the precision of Float64).
└ @ SciMLBase ~/.julia/packages/SciMLBase/VW1cI/src/integrator_interface.jl:623
┌ Warning: At t=-0.9999999878639092, dt was forced below floating point epsilon 1.1102230246251565e-16, and step error estimate = 1.3346910093522217. Aborting. There is either an error in your model specification or the true solution is unstable (or the true solution can not be represented in the precision of Float64).
└ @ SciMLBase ~/.julia/packages/SciMLBase/VW1cI/src/integrator_interface.jl:623
┌ Warning: At t=-0.5011381505379512, dt was forced below floating point epsilon 1.1102230246251565e-16, and step error estimate = NaN. Aborting. There is either an error in your model specification or the true solution is unstable (or the true solution can not be represented in the precision of Float64).
└ @ SciMLBase ~/.julia/packages/SciMLBase/VW1cI/src/integrator_interface.jl:623
┌ Warning: At t=-0.9815091331301176, dt was forced below floating point epsilon 1.1102230246251565e-16, and step error estimate = 1.1528189141332188. Aborting. There is either an error in your model specification or the true solution is unstable (or the true solution can not be represented in the precision of Float64).
└ @ SciMLBase ~/.julia/packages/SciMLBase/VW1cI/src/integrator_interface.jl:623
┌ Warning: At t=-0.999960077130676, dt was forced below floating point epsilon 1.1102230246251565e-16, and step error estimate = 1.0344208721311232. Aborting. There is either an error in your model specification or the true solution is unstable (or the true solution can not be represented in the precision of Float64).
└ @ SciMLBase ~/.julia/packages/SciMLBase/VW1cI/src/integrator_interface.jl:623
┌ Warning: At t=-0.5293026205821962, dt was forced below floating point epsilon 1.1102230246251565e-16, and step error estimate = 1.167563150335964. Aborting. There is either an error in your model specification or the true solution is unstable (or the true solution can not be represented in the precision of Float64).
└ @ SciMLBase ~/.julia/packages/SciMLBase/VW1cI/src/integrator_interface.jl:623
┌ Warning: At t=-0.47499472341957855, dt was forced below floating point epsilon 5.551115123125783e-17, and step error estimate = 1.2186629600527252. Aborting. There is either an error in your model specification or the true solution is unstable (or the true solution can not be represented in the precision of Float64).
└ @ SciMLBase ~/.julia/packages/SciMLBase/VW1cI/src/integrator_interface.jl:623
┌ Warning: At t=-0.8270008338182121, dt was forced below floating point epsilon 1.1102230246251565e-16, and step error estimate = 437.6824947602827. Aborting. There is either an error in your model specification or the true solution is unstable (or the true solution can not be represented in the precision of Float64).
└ @ SciMLBase ~/.julia/packages/SciMLBase/VW1cI/src/integrator_interface.jl:623
┌ Warning: At t=-1.0, dt was forced below floating point epsilon 2.220446049250313e-16, and step error estimate = NaN. Aborting. There is either an error in your model specification or the true solution is unstable (or the true solution can not be represented in the precision of Float64).
└ @ SciMLBase ~/.julia/packages/SciMLBase/VW1cI/src/integrator_interface.jl:623
┌ Warning: At t=-0.9979995808030389, dt was forced below floating point epsilon 1.1102230246251565e-16, and step error estimate = NaN. Aborting. There is either an error in your model specification or the true solution is unstable (or the true solution can not be represented in the precision of Float64).
└ @ SciMLBase ~/.julia/packages/SciMLBase/VW1cI/src/integrator_interface.jl:623
┌ Warning: At t=-1.0, dt was forced below floating point epsilon 2.220446049250313e-16, and step error estimate = 7.260094109161677. Aborting. There is either an error in your model specification or the true solution is unstable (or the true solution can not be represented in the precision of Float64).
└ @ SciMLBase ~/.julia/packages/SciMLBase/VW1cI/src/integrator_interface.jl:623
┌ Warning: At t=-1.0, dt was forced below floating point epsilon 2.220446049250313e-16, and step error estimate = 7.328729422036976. Aborting. There is either an error in your model specification or the true solution is unstable (or the true solution can not be represented in the precision of Float64).
└ @ SciMLBase ~/.julia/packages/SciMLBase/VW1cI/src/integrator_interface.jl:623
┌ Warning: At t=-0.996471648118438, dt was forced below floating point epsilon 1.1102230246251565e-16, and step error estimate = 1.0293720547909329. Aborting. There is either an error in your model specification or the true solution is unstable (or the true solution can not be represented in the precision of Float64).
└ @ SciMLBase ~/.julia/packages/SciMLBase/VW1cI/src/integrator_interface.jl:623
┌ Warning: At t=0.3779896566588178, dt was forced below floating point epsilon 5.551115123125783e-17, and step error estimate = 1.1483323921403654. Aborting. There is either an error in your model specification or the true solution is unstable (or the true solution can not be represented in the precision of Float64).
└ @ SciMLBase ~/.julia/packages/SciMLBase/VW1cI/src/integrator_interface.jl:623
┌ Warning: At t=-0.3806139033931815, dt was forced below floating point epsilon 5.551115123125783e-17, and step error estimate = 182.61570655499764. Aborting. There is either an error in your model specification or the true solution is unstable (or the true solution can not be represented in the precision of Float64).
└ @ SciMLBase ~/.julia/packages/SciMLBase/VW1cI/src/integrator_interface.jl:623
┌ Warning: At t=-0.999960077130676, dt was forced below floating point epsilon 1.1102230246251565e-16, and step error estimate = 1.0344208721311232. Aborting. There is either an error in your model specification or the true solution is unstable (or the true solution can not be represented in the precision of Float64).
└ @ SciMLBase ~/.julia/packages/SciMLBase/VW1cI/src/integrator_interface.jl:623
┌ Warning: At t=-1.0, dt was forced below floating point epsilon 2.220446049250313e-16, and step error estimate = 7.221620149364474. Aborting. There is either an error in your model specification or the true solution is unstable (or the true solution can not be represented in the precision of Float64).
└ @ SciMLBase ~/.julia/packages/SciMLBase/VW1cI/src/integrator_interface.jl:623
┌ Warning: At t=-0.6049081097163065, dt was forced below floating point epsilon 1.1102230246251565e-16, and step error estimate = 1.3967411833200198. Aborting. There is either an error in your model specification or the true solution is unstable (or the true solution can not be represented in the precision of Float64).
└ @ SciMLBase ~/.julia/packages/SciMLBase/VW1cI/src/integrator_interface.jl:623
┌ Warning: At t=-1.0, dt was forced below floating point epsilon 2.220446049250313e-16, and step error estimate = 6.6530601986700395. Aborting. There is either an error in your model specification or the true solution is unstable (or the true solution can not be represented in the precision of Float64).
└ @ SciMLBase ~/.julia/packages/SciMLBase/VW1cI/src/integrator_interface.jl:623
┌ Warning: At t=0.3779896566585643, dt was forced below floating point epsilon 5.551115123125783e-17, and step error estimate = 1.1686797004209728. Aborting. There is either an error in your model specification or the true solution is unstable (or the true solution can not be represented in the precision of Float64).
└ @ SciMLBase ~/.julia/packages/SciMLBase/VW1cI/src/integrator_interface.jl:623
┌ Warning: At t=-1.0, dt was forced below floating point epsilon 2.220446049250313e-16, and step error estimate = 7.38230549299266. Aborting. There is either an error in your model specification or the true solution is unstable (or the true solution can not be represented in the precision of Float64).
└ @ SciMLBase ~/.julia/packages/SciMLBase/VW1cI/src/integrator_interface.jl:623
┌ Warning: At t=-0.8075740167571842, dt was forced below floating point epsilon 1.1102230246251565e-16, and step error estimate = 4.0122519395038445. Aborting. There is either an error in your model specification or the true solution is unstable (or the true solution can not be represented in the precision of Float64).
└ @ SciMLBase ~/.julia/packages/SciMLBase/VW1cI/src/integrator_interface.jl:623
┌ Warning: At t=0.5303160179993563, dt was forced below floating point epsilon 1.1102230246251565e-16, and step error estimate = 1.0013956527470724. Aborting. There is either an error in your model specification or the true solution is unstable (or the true solution can not be represented in the precision of Float64).
└ @ SciMLBase ~/.julia/packages/SciMLBase/VW1cI/src/integrator_interface.jl:623
┌ Warning: At t=-0.32794122095782435, dt was forced below floating point epsilon 5.551115123125783e-17, and step error estimate = 1.3995704938264304. Aborting. There is either an error in your model specification or the true solution is unstable (or the true solution can not be represented in the precision of Float64).
└ @ SciMLBase ~/.julia/packages/SciMLBase/VW1cI/src/integrator_interface.jl:623
┌ Warning: At t=-1.0, dt was forced below floating point epsilon 2.220446049250313e-16, and step error estimate = 7.290564688960745. Aborting. There is either an error in your model specification or the true solution is unstable (or the true solution can not be represented in the precision of Float64).
└ @ SciMLBase ~/.julia/packages/SciMLBase/VW1cI/src/integrator_interface.jl:623
┌ Warning: At t=-0.9853290787310658, dt was forced below floating point epsilon 1.1102230246251565e-16, and step error estimate = 1.099951940647526. Aborting. There is either an error in your model specification or the true solution is unstable (or the true solution can not be represented in the precision of Float64).
└ @ SciMLBase ~/.julia/packages/SciMLBase/VW1cI/src/integrator_interface.jl:623
┌ Warning: Interrupted. Larger maxiters is needed. If you are using an integrator for non-stiff ODEs or an automatic switching algorithm (the default), you may want to consider using a method for stiff equations. See the solver pages for more details (e.g. https://docs.sciml.ai/DiffEqDocs/stable/solvers/ode_solve/#Stiff-Problems).
└ @ SciMLBase ~/.julia/packages/SciMLBase/VW1cI/src/integrator_interface.jl:589
┌ Warning: At t=-0.8287683588886439, dt was forced below floating point epsilon 1.1102230246251565e-16, and step error estimate = 2.087670905811288. Aborting. There is either an error in your model specification or the true solution is unstable (or the true solution can not be represented in the precision of Float64).
└ @ SciMLBase ~/.julia/packages/SciMLBase/VW1cI/src/integrator_interface.jl:623
┌ Warning: At t=-1.0, dt was forced below floating point epsilon 2.220446049250313e-16, and step error estimate = 7.398823117073823. Aborting. There is either an error in your model specification or the true solution is unstable (or the true solution can not be represented in the precision of Float64).
└ @ SciMLBase ~/.julia/packages/SciMLBase/VW1cI/src/integrator_interface.jl:623
┌ Warning: At t=-0.984847595993888, dt was forced below floating point epsilon 1.1102230246251565e-16, and step error estimate = 1.2503935267859536. Aborting. There is either an error in your model specification or the true solution is unstable (or the true solution can not be represented in the precision of Float64).
└ @ SciMLBase ~/.julia/packages/SciMLBase/VW1cI/src/integrator_interface.jl:623
┌ Warning: At t=-1.0, dt was forced below floating point epsilon 2.220446049250313e-16, and step error estimate = 7.328754550304528. Aborting. There is either an error in your model specification or the true solution is unstable (or the true solution can not be represented in the precision of Float64).
└ @ SciMLBase ~/.julia/packages/SciMLBase/VW1cI/src/integrator_interface.jl:623
┌ Warning: At t=-1.0, dt was forced below floating point epsilon 2.220446049250313e-16, and step error estimate = 6.006485830606563. Aborting. There is either an error in your model specification or the true solution is unstable (or the true solution can not be represented in the precision of Float64).
└ @ SciMLBase ~/.julia/packages/SciMLBase/VW1cI/src/integrator_interface.jl:623
┌ Warning: At t=-1.0, dt was forced below floating point epsilon 2.220446049250313e-16, and step error estimate = NaN. Aborting. There is either an error in your model specification or the true solution is unstable (or the true solution can not be represented in the precision of Float64).
└ @ SciMLBase ~/.julia/packages/SciMLBase/VW1cI/src/integrator_interface.jl:623
┌ Warning: At t=-0.5570323414860315, dt was forced below floating point epsilon 1.1102230246251565e-16, and step error estimate = 1.0673930777577472. Aborting. There is either an error in your model specification or the true solution is unstable (or the true solution can not be represented in the precision of Float64).
└ @ SciMLBase ~/.julia/packages/SciMLBase/VW1cI/src/integrator_interface.jl:623
┌ Warning: At t=-0.9496565783030841, dt was forced below floating point epsilon 1.1102230246251565e-16, and step error estimate = 1.3362658006400263. Aborting. There is either an error in your model specification or the true solution is unstable (or the true solution can not be represented in the precision of Float64).
└ @ SciMLBase ~/.julia/packages/SciMLBase/VW1cI/src/integrator_interface.jl:623
┌ Warning: At t=-0.9979995808030389, dt was forced below floating point epsilon 1.1102230246251565e-16, and step error estimate = NaN. Aborting. There is either an error in your model specification or the true solution is unstable (or the true solution can not be represented in the precision of Float64).
└ @ SciMLBase ~/.julia/packages/SciMLBase/VW1cI/src/integrator_interface.jl:623
┌ Warning: At t=-1.0, dt was forced below floating point epsilon 2.220446049250313e-16, and step error estimate = 7.260094109161677. Aborting. There is either an error in your model specification or the true solution is unstable (or the true solution can not be represented in the precision of Float64).
└ @ SciMLBase ~/.julia/packages/SciMLBase/VW1cI/src/integrator_interface.jl:623
┌ Warning: At t=-0.5705979286568214, dt was forced below floating point epsilon 1.1102230246251565e-16, and step error estimate = 635.1770635843584. Aborting. There is either an error in your model specification or the true solution is unstable (or the true solution can not be represented in the precision of Float64).
└ @ SciMLBase ~/.julia/packages/SciMLBase/VW1cI/src/integrator_interface.jl:623
┌ Warning: At t=-1.0, dt was forced below floating point epsilon 2.220446049250313e-16, and step error estimate = 7.21641654956919. Aborting. There is either an error in your model specification or the true solution is unstable (or the true solution can not be represented in the precision of Float64).
└ @ SciMLBase ~/.julia/packages/SciMLBase/VW1cI/src/integrator_interface.jl:623
┌ Warning: At t=-0.5856089279719237, dt was forced below floating point epsilon 1.1102230246251565e-16, and step error estimate = 1.18248261480064. Aborting. There is either an error in your model specification or the true solution is unstable (or the true solution can not be represented in the precision of Float64).
└ @ SciMLBase ~/.julia/packages/SciMLBase/VW1cI/src/integrator_interface.jl:623
┌ Warning: At t=-0.7828119901948383, dt was forced below floating point epsilon 1.1102230246251565e-16, and step error estimate = 1.4573322606768424. Aborting. There is either an error in your model specification or the true solution is unstable (or the true solution can not be represented in the precision of Float64).
└ @ SciMLBase ~/.julia/packages/SciMLBase/VW1cI/src/integrator_interface.jl:623
┌ Warning: At t=0.5122525357039002, dt was forced below floating point epsilon 1.1102230246251565e-16, and step error estimate = 1.247019233038664. Aborting. There is either an error in your model specification or the true solution is unstable (or the true solution can not be represented in the precision of Float64).
└ @ SciMLBase ~/.julia/packages/SciMLBase/VW1cI/src/integrator_interface.jl:623
┌ Warning: At t=-0.3049180210000684, dt was forced below floating point epsilon 5.551115123125783e-17, and step error estimate = 1.3059771713024322. Aborting. There is either an error in your model specification or the true solution is unstable (or the true solution can not be represented in the precision of Float64).
└ @ SciMLBase ~/.julia/packages/SciMLBase/VW1cI/src/integrator_interface.jl:623
┌ Warning: At t=-0.9853037087798694, dt was forced below floating point epsilon 1.1102230246251565e-16, and step error estimate = NaN. Aborting. There is either an error in your model specification or the true solution is unstable (or the true solution can not be represented in the precision of Float64).
└ @ SciMLBase ~/.julia/packages/SciMLBase/VW1cI/src/integrator_interface.jl:623
┌ Warning: Interrupted. Larger maxiters is needed. If you are using an integrator for non-stiff ODEs or an automatic switching algorithm (the default), you may want to consider using a method for stiff equations. See the solver pages for more details (e.g. https://docs.sciml.ai/DiffEqDocs/stable/solvers/ode_solve/#Stiff-Problems).
└ @ SciMLBase ~/.julia/packages/SciMLBase/VW1cI/src/integrator_interface.jl:589
┌ Warning: At t=-1.0, dt was forced below floating point epsilon 2.220446049250313e-16, and step error estimate = NaN. Aborting. There is either an error in your model specification or the true solution is unstable (or the true solution can not be represented in the precision of Float64).
└ @ SciMLBase ~/.julia/packages/SciMLBase/VW1cI/src/integrator_interface.jl:623
┌ Warning: At t=-0.9835490868813587, dt was forced below floating point epsilon 1.1102230246251565e-16, and step error estimate = 1.3605013085446638. Aborting. There is either an error in your model specification or the true solution is unstable (or the true solution can not be represented in the precision of Float64).
└ @ SciMLBase ~/.julia/packages/SciMLBase/VW1cI/src/integrator_interface.jl:623
┌ Warning: At t=-0.9960587427007295, dt was forced below floating point epsilon 1.1102230246251565e-16, and step error estimate = 1.2028131573790979. Aborting. There is either an error in your model specification or the true solution is unstable (or the true solution can not be represented in the precision of Float64).
└ @ SciMLBase ~/.julia/packages/SciMLBase/VW1cI/src/integrator_interface.jl:623
┌ Warning: Interrupted. Larger maxiters is needed. If you are using an integrator for non-stiff ODEs or an automatic switching algorithm (the default), you may want to consider using a method for stiff equations. See the solver pages for more details (e.g. https://docs.sciml.ai/DiffEqDocs/stable/solvers/ode_solve/#Stiff-Problems).
└ @ SciMLBase ~/.julia/packages/SciMLBase/VW1cI/src/integrator_interface.jl:589
┌ Warning: At t=-0.9696173014140471, dt was forced below floating point epsilon 1.1102230246251565e-16, and step error estimate = 1.1921401652718455. Aborting. There is either an error in your model specification or the true solution is unstable (or the true solution can not be represented in the precision of Float64).
└ @ SciMLBase ~/.julia/packages/SciMLBase/VW1cI/src/integrator_interface.jl:623
┌ Warning: At t=-0.9790992667611051, dt was forced below floating point epsilon 1.1102230246251565e-16, and step error estimate = 166.56456587498724. Aborting. There is either an error in your model specification or the true solution is unstable (or the true solution can not be represented in the precision of Float64).
└ @ SciMLBase ~/.julia/packages/SciMLBase/VW1cI/src/integrator_interface.jl:623
┌ Warning: At t=-0.6059999986992974, dt was forced below floating point epsilon 1.1102230246251565e-16, and step error estimate = NaN. Aborting. There is either an error in your model specification or the true solution is unstable (or the true solution can not be represented in the precision of Float64).
└ @ SciMLBase ~/.julia/packages/SciMLBase/VW1cI/src/integrator_interface.jl:623
┌ Warning: At t=-0.39962939068508685, dt was forced below floating point epsilon 5.551115123125783e-17, and step error estimate = 1.2121366577166455. Aborting. There is either an error in your model specification or the true solution is unstable (or the true solution can not be represented in the precision of Float64).
└ @ SciMLBase ~/.julia/packages/SciMLBase/VW1cI/src/integrator_interface.jl:623
┌ Warning: At t=-1.0, dt was forced below floating point epsilon 2.220446049250313e-16, and step error estimate = 7.205719921461204. Aborting. There is either an error in your model specification or the true solution is unstable (or the true solution can not be represented in the precision of Float64).
└ @ SciMLBase ~/.julia/packages/SciMLBase/VW1cI/src/integrator_interface.jl:623
┌ Warning: At t=-0.8904523114361831, dt was forced below floating point epsilon 1.1102230246251565e-16, and step error estimate = 1.0434768512540786. Aborting. There is either an error in your model specification or the true solution is unstable (or the true solution can not be represented in the precision of Float64).
└ @ SciMLBase ~/.julia/packages/SciMLBase/VW1cI/src/integrator_interface.jl:623
┌ Warning: At t=-1.0, dt was forced below floating point epsilon 2.220446049250313e-16, and step error estimate = 7.205719921461204. Aborting. There is either an error in your model specification or the true solution is unstable (or the true solution can not be represented in the precision of Float64).
└ @ SciMLBase ~/.julia/packages/SciMLBase/VW1cI/src/integrator_interface.jl:623
┌ Warning: At t=-1.0, dt was forced below floating point epsilon 2.220446049250313e-16, and step error estimate = 7.256683153699547. Aborting. There is either an error in your model specification or the true solution is unstable (or the true solution can not be represented in the precision of Float64).
└ @ SciMLBase ~/.julia/packages/SciMLBase/VW1cI/src/integrator_interface.jl:623
┌ Warning: At t=-1.0, dt was forced below floating point epsilon 2.220446049250313e-16, and step error estimate = NaN. Aborting. There is either an error in your model specification or the true solution is unstable (or the true solution can not be represented in the precision of Float64).
└ @ SciMLBase ~/.julia/packages/SciMLBase/VW1cI/src/integrator_interface.jl:623
┌ Warning: At t=-0.4843924107829898, dt was forced below floating point epsilon 5.551115123125783e-17, and step error estimate = 1.0370463179295442. Aborting. There is either an error in your model specification or the true solution is unstable (or the true solution can not be represented in the precision of Float64).
└ @ SciMLBase ~/.julia/packages/SciMLBase/VW1cI/src/integrator_interface.jl:623
┌ Warning: At t=-1.0, dt was forced below floating point epsilon 2.220446049250313e-16, and step error estimate = 7.322117742624679. Aborting. There is either an error in your model specification or the true solution is unstable (or the true solution can not be represented in the precision of Float64).
└ @ SciMLBase ~/.julia/packages/SciMLBase/VW1cI/src/integrator_interface.jl:623
┌ Warning: At t=-1.0, dt was forced below floating point epsilon 2.220446049250313e-16, and step error estimate = 7.231218278331638. Aborting. There is either an error in your model specification or the true solution is unstable (or the true solution can not be represented in the precision of Float64).
└ @ SciMLBase ~/.julia/packages/SciMLBase/VW1cI/src/integrator_interface.jl:623
┌ Warning: At t=-1.0, dt was forced below floating point epsilon 2.220446049250313e-16, and step error estimate = NaN. Aborting. There is either an error in your model specification or the true solution is unstable (or the true solution can not be represented in the precision of Float64).
└ @ SciMLBase ~/.julia/packages/SciMLBase/VW1cI/src/integrator_interface.jl:623
┌ Warning: At t=-0.9795289470882297, dt was forced below floating point epsilon 1.1102230246251565e-16, and step error estimate = 1.0397042168329587. Aborting. There is either an error in your model specification or the true solution is unstable (or the true solution can not be represented in the precision of Float64).
└ @ SciMLBase ~/.julia/packages/SciMLBase/VW1cI/src/integrator_interface.jl:623
┌ Warning: At t=-1.0, dt was forced below floating point epsilon 2.220446049250313e-16, and step error estimate = NaN. Aborting. There is either an error in your model specification or the true solution is unstable (or the true solution can not be represented in the precision of Float64).
└ @ SciMLBase ~/.julia/packages/SciMLBase/VW1cI/src/integrator_interface.jl:623
┌ Warning: At t=-1.0, dt was forced below floating point epsilon 2.220446049250313e-16, and step error estimate = 7.288159808704174. Aborting. There is either an error in your model specification or the true solution is unstable (or the true solution can not be represented in the precision of Float64).
└ @ SciMLBase ~/.julia/packages/SciMLBase/VW1cI/src/integrator_interface.jl:623
┌ Warning: At t=-0.963367503846985, dt was forced below floating point epsilon 1.1102230246251565e-16, and step error estimate = 1.125640367233239. Aborting. There is either an error in your model specification or the true solution is unstable (or the true solution can not be represented in the precision of Float64).
└ @ SciMLBase ~/.julia/packages/SciMLBase/VW1cI/src/integrator_interface.jl:623
Optimization improved residual by 0.01424541542499605 (from 0.014245415425856878 to 8.608279027932599e-13)
Optimization improved residual by 0.00028696495341556407 (from 0.00028696495342575394 to 1.0189849378598591e-14)
Optimization improved residual by 0.03563370873334093 (from 0.03563370873370805 to 3.671223655281834e-13)
Optimization improved residual by 0.0015948506384436568 (from 0.0015948506385617919 to 1.1813519134106877e-13)
Optimization improved residual by 3.259344773133579e-5 (from 3.259344773370999e-5 to 2.374200373659812e-15)
Optimization improved residual by 3.1455660744836062e-6 (from 3.145566453459118e-6 to 3.7897551167852115e-13)
Optimization improved residual by 2.8529217033911612e-5 (from 2.8529217342596263e-5 to 3.08684651292752e-13)
Optimization did not improve residual (initial: 2.0237891531480024e-17, final: 2.0237891531480024e-17)
Optimization improved residual by 3.1455660744836062e-6 (from 3.145566453459118e-6 to 3.7897551167852115e-13)
Optimization improved residual by 0.0039301675658553435 (from 0.003930167565871517 to 1.617366683321884e-14)
Optimization improved residual by 0.008787134291249164 (from 0.008787134291584946 to 3.3578217605972696e-13)
Optimization improved residual by 0.0004184475138326299 (from 0.0004184475138943918 to 6.17618866181552e-14)
Optimization did not improve residual (initial: 1.2660891919873104e-19, final: 1.2660891919873104e-19)
Optimization did not improve residual (initial: 1.6345331755505826e-18, final: 1.6345331755505826e-18)


































































































































































































