┌ Warning: Optimization did not converge. RetCode: Stalled
└ @ ODEParameterEstimation ~/ODEParameterEstimation/src/core/solvers/homotopy_continuation.jl:778
┌ Warning: Optimization did not converge. RetCode: Stalled
└ @ ODEParameterEstimation ~/ODEParameterEstimation/src/core/solvers/homotopy_continuation.jl:778
┌ Warning: Optimization did not converge. RetCode: MaxIters
└ @ ODEParameterEstimation ~/ODEParameterEstimation/src/core/solvers/homotopy_continuation.jl:778
┌ Warning: Optimization did not converge. RetCode: Stalled
└ @ ODEParameterEstimation ~/ODEParameterEstimation/src/core/solvers/homotopy_continuation.jl:778
┌ Warning: Optimization did not converge. RetCode: Stalled
└ @ ODEParameterEstimation ~/ODEParameterEstimation/src/core/solvers/homotopy_continuation.jl:778
┌ Warning: Optimization did not converge. RetCode: MaxIters
└ @ ODEParameterEstimation ~/ODEParameterEstimation/src/core/solvers/homotopy_continuation.jl:778
┌ Warning: Optimization did not converge. RetCode: MaxIters
└ @ ODEParameterEstimation ~/ODEParameterEstimation/src/core/solvers/homotopy_continuation.jl:778
┌ Warning: Optimization did not converge. RetCode: Stalled
└ @ ODEParameterEstimation ~/ODEParameterEstimation/src/core/solvers/homotopy_continuation.jl:778
┌ Warning: Optimization did not converge. RetCode: MaxIters
└ @ ODEParameterEstimation ~/ODEParameterEstimation/src/core/solvers/homotopy_continuation.jl:778
┌ Warning: Optimization did not converge. RetCode: Stalled
└ @ ODEParameterEstimation ~/ODEParameterEstimation/src/core/solvers/homotopy_continuation.jl:778
┌ Warning: Optimization did not converge. RetCode: MaxIters
└ @ ODEParameterEstimation ~/ODEParameterEstimation/src/core/solvers/homotopy_continuation.jl:778
┌ Warning: Optimization did not converge. RetCode: Stalled
└ @ ODEParameterEstimation ~/ODEParameterEstimation/src/core/solvers/homotopy_continuation.jl:778
┌ Warning: Optimization did not converge. RetCode: MaxIters
└ @ ODEParameterEstimation ~/ODEParameterEstimation/src/core/solvers/homotopy_continuation.jl:778
┌ Warning: Optimization did not converge. RetCode: MaxIters
└ @ ODEParameterEstimation ~/ODEParameterEstimation/src/core/solvers/homotopy_continuation.jl:778
┌ Warning: Optimization did not converge. RetCode: MaxIters
└ @ ODEParameterEstimation ~/ODEParameterEstimation/src/core/solvers/homotopy_continuation.jl:778
┌ Warning: Optimization did not converge. RetCode: MaxIters
└ @ ODEParameterEstimation ~/ODEParameterEstimation/src/core/solvers/homotopy_continuation.jl:778
┌ Warning: Optimization did not converge. RetCode: MaxIters
└ @ ODEParameterEstimation ~/ODEParameterEstimation/src/core/solvers/homotopy_continuation.jl:778
┌ Warning: Optimization did not converge. RetCode: MaxIters
└ @ ODEParameterEstimation ~/ODEParameterEstimation/src/core/solvers/homotopy_continuation.jl:778
┌ Warning: Optimization did not converge. RetCode: MaxIters
└ @ ODEParameterEstimation ~/ODEParameterEstimation/src/core/solvers/homotopy_continuation.jl:778
┌ Warning: Optimization did not converge. RetCode: MaxIters
└ @ ODEParameterEstimation ~/ODEParameterEstimation/src/core/solvers/homotopy_continuation.jl:778
┌ Warning: Optimization did not converge. RetCode: MaxIters
└ @ ODEParameterEstimation ~/ODEParameterEstimation/src/core/solvers/homotopy_continuation.jl:778
┌ Warning: Optimization did not converge. RetCode: MaxIters
└ @ ODEParameterEstimation ~/ODEParameterEstimation/src/core/solvers/homotopy_continuation.jl:778
┌ Warning: Optimization did not converge. RetCode: MaxIters
└ @ ODEParameterEstimation ~/ODEParameterEstimation/src/core/solvers/homotopy_continuation.jl:778
┌ Warning: Optimization did not converge. RetCode: MaxIters
└ @ ODEParameterEstimation ~/ODEParameterEstimation/src/core/solvers/homotopy_continuation.jl:778
┌ Warning: Optimization did not converge. RetCode: MaxIters
└ @ ODEParameterEstimation ~/ODEParameterEstimation/src/core/solvers/homotopy_continuation.jl:778
┌ Warning: Optimization did not converge. RetCode: MaxIters
└ @ ODEParameterEstimation ~/ODEParameterEstimation/src/core/solvers/homotopy_continuation.jl:778
┌ Warning: Optimization did not converge. RetCode: Stalled
└ @ ODEParameterEstimation ~/ODEParameterEstimation/src/core/solvers/homotopy_continuation.jl:778
┌ Warning: Optimization did not converge. RetCode: Stalled
└ @ ODEParameterEstimation ~/ODEParameterEstimation/src/core/solvers/homotopy_continuation.jl:778
┌ Warning: Optimization did not converge. RetCode: MaxIters
└ @ ODEParameterEstimation ~/ODEParameterEstimation/src/core/solvers/homotopy_continuation.jl:778
┌ Warning: Optimization did not converge. RetCode: MaxIters
└ @ ODEParameterEstimation ~/ODEParameterEstimation/src/core/solvers/homotopy_continuation.jl:778
┌ Warning: At t=-0.9420000002513016, dt was forced below floating point epsilon -9.130290614923096e-17, and step error estimate = 4.2513360808159. Aborting. There is either an error in your model specification or the true solution is unstable (or the true solution can not be represented in the precision of Float64).
└ @ SciMLBase ~/.julia/packages/SciMLBase/VW1cI/src/integrator_interface.jl:623
┌ Warning: At t=-0.9422272032332342, dt was forced below floating point epsilon -9.872594907085355e-17, and step error estimate = 1.1277698366687217. Aborting. There is either an error in your model specification or the true solution is unstable (or the true solution can not be represented in the precision of Float64).
└ @ SciMLBase ~/.julia/packages/SciMLBase/VW1cI/src/integrator_interface.jl:623
┌ Warning: At t=-0.9420000009582576, dt was forced below floating point epsilon -1.0210943207547431e-16, and step error estimate = 4.364428123455982. Aborting. There is either an error in your model specification or the true solution is unstable (or the true solution can not be represented in the precision of Float64).
└ @ SciMLBase ~/.julia/packages/SciMLBase/VW1cI/src/integrator_interface.jl:623
┌ Warning: At t=-0.942663539067551, dt was forced below floating point epsilon -9.948131345101632e-17, and step error estimate = 1.2896179707049802. Aborting. There is either an error in your model specification or the true solution is unstable (or the true solution can not be represented in the precision of Float64).
└ @ SciMLBase ~/.julia/packages/SciMLBase/VW1cI/src/integrator_interface.jl:623
┌ Warning: At t=-0.9534999407792165, dt was forced below floating point epsilon -1.0908974287052801e-16, and step error estimate = 1.1553663761109227. Aborting. There is either an error in your model specification or the true solution is unstable (or the true solution can not be represented in the precision of Float64).
└ @ SciMLBase ~/.julia/packages/SciMLBase/VW1cI/src/integrator_interface.jl:623
┌ Warning: At t=-0.9420000013380656, dt was forced below floating point epsilon -2.3725991521564578e-17, and step error estimate = NaN. Aborting. There is either an error in your model specification or the true solution is unstable (or the true solution can not be represented in the precision of Float64).
└ @ SciMLBase ~/.julia/packages/SciMLBase/VW1cI/src/integrator_interface.jl:623
┌ Warning: At t=-0.9614927932245827, dt was forced below floating point epsilon -8.364133927679947e-17, and step error estimate = 195.22716319625772. Aborting. There is either an error in your model specification or the true solution is unstable (or the true solution can not be represented in the precision of Float64).
└ @ SciMLBase ~/.julia/packages/SciMLBase/VW1cI/src/integrator_interface.jl:623
┌ Warning: At t=-0.9422164571929043, dt was forced below floating point epsilon -1.0864953094757667e-16, and step error estimate = 1.0024302384681625. Aborting. There is either an error in your model specification or the true solution is unstable (or the true solution can not be represented in the precision of Float64).
└ @ SciMLBase ~/.julia/packages/SciMLBase/VW1cI/src/integrator_interface.jl:623
┌ Warning: At t=-0.9420000001131489, dt was forced below floating point epsilon -9.153947836121504e-17, and step error estimate = 2.4971113626333095. Aborting. There is either an error in your model specification or the true solution is unstable (or the true solution can not be represented in the precision of Float64).
└ @ SciMLBase ~/.julia/packages/SciMLBase/VW1cI/src/integrator_interface.jl:623
┌ Warning: At t=-0.9420148273812824, dt was forced below floating point epsilon -1.0323571255475101e-16, and step error estimate = 1.2242531242871226. Aborting. There is either an error in your model specification or the true solution is unstable (or the true solution can not be represented in the precision of Float64).
└ @ SciMLBase ~/.julia/packages/SciMLBase/VW1cI/src/integrator_interface.jl:623
┌ Warning: At t=-0.942, dt was forced below floating point epsilon -5.2291047451621217e-17, and step error estimate = 7.047481424581067e7. Aborting. There is either an error in your model specification or the true solution is unstable (or the true solution can not be represented in the precision of Float64).
└ @ SciMLBase ~/.julia/packages/SciMLBase/VW1cI/src/integrator_interface.jl:623
┌ Warning: At t=-0.9420000013380656, dt was forced below floating point epsilon -2.3725991521564578e-17, and step error estimate = NaN. Aborting. There is either an error in your model specification or the true solution is unstable (or the true solution can not be represented in the precision of Float64).
└ @ SciMLBase ~/.julia/packages/SciMLBase/VW1cI/src/integrator_interface.jl:623
┌ Warning: At t=-0.94274252776288, dt was forced below floating point epsilon -9.889909675998836e-17, and step error estimate = 1.10817352622693. Aborting. There is either an error in your model specification or the true solution is unstable (or the true solution can not be represented in the precision of Float64).
└ @ SciMLBase ~/.julia/packages/SciMLBase/VW1cI/src/integrator_interface.jl:623
┌ Warning: At t=-0.942000000049086, dt was forced below floating point epsilon -1.0978113731954391e-16, and step error estimate = 1.9883025465271267. Aborting. There is either an error in your model specification or the true solution is unstable (or the true solution can not be represented in the precision of Float64).
└ @ SciMLBase ~/.julia/packages/SciMLBase/VW1cI/src/integrator_interface.jl:623
┌ Warning: At t=-0.9485556367865484, dt was forced below floating point epsilon -9.83690427513525e-17, and step error estimate = 1.169382370927643. Aborting. There is either an error in your model specification or the true solution is unstable (or the true solution can not be represented in the precision of Float64).
└ @ SciMLBase ~/.julia/packages/SciMLBase/VW1cI/src/integrator_interface.jl:623
┌ Warning: Interrupted. Larger maxiters is needed. If you are using an integrator for non-stiff ODEs or an automatic switching algorithm (the default), you may want to consider using a method for stiff equations. See the solver pages for more details (e.g. https://docs.sciml.ai/DiffEqDocs/stable/solvers/ode_solve/#Stiff-Problems).
└ @ SciMLBase ~/.julia/packages/SciMLBase/VW1cI/src/integrator_interface.jl:589
┌ Warning: At t=-0.9420000000570863, dt was forced below floating point epsilon -4.128638422658438e-17, and step error estimate = NaN. Aborting. There is either an error in your model specification or the true solution is unstable (or the true solution can not be represented in the precision of Float64).
└ @ SciMLBase ~/.julia/packages/SciMLBase/VW1cI/src/integrator_interface.jl:623
┌ Warning: At t=-0.9930889089231014, dt was forced below floating point epsilon -6.379536389458604e-17, and step error estimate = 376.09672675173. Aborting. There is either an error in your model specification or the true solution is unstable (or the true solution can not be represented in the precision of Float64).
└ @ SciMLBase ~/.julia/packages/SciMLBase/VW1cI/src/integrator_interface.jl:623
┌ Warning: At t=-0.9420318464961562, dt was forced below floating point epsilon -7.937092619693908e-17, and step error estimate = NaN. Aborting. There is either an error in your model specification or the true solution is unstable (or the true solution can not be represented in the precision of Float64).
└ @ SciMLBase ~/.julia/packages/SciMLBase/VW1cI/src/integrator_interface.jl:623
┌ Warning: At t=-0.9420000005966739, dt was forced below floating point epsilon -8.916413636525365e-17, and step error estimate = 3.1233425295948476. Aborting. There is either an error in your model specification or the true solution is unstable (or the true solution can not be represented in the precision of Float64).
└ @ SciMLBase ~/.julia/packages/SciMLBase/VW1cI/src/integrator_interface.jl:623
┌ Warning: At t=-0.942000000466289, dt was forced below floating point epsilon -1.0270848146321463e-16, and step error estimate = 1.2555985410613797. Aborting. There is either an error in your model specification or the true solution is unstable (or the true solution can not be represented in the precision of Float64).
└ @ SciMLBase ~/.julia/packages/SciMLBase/VW1cI/src/integrator_interface.jl:623
┌ Warning: At t=-0.9473859727602343, dt was forced below floating point epsilon -9.857556743689046e-17, and step error estimate = 1.1451008516926011. Aborting. There is either an error in your model specification or the true solution is unstable (or the true solution can not be represented in the precision of Float64).
└ @ SciMLBase ~/.julia/packages/SciMLBase/VW1cI/src/integrator_interface.jl:623
┌ Warning: At t=-0.942000000049086, dt was forced below floating point epsilon -1.0978113731954391e-16, and step error estimate = 1.9883025465271267. Aborting. There is either an error in your model specification or the true solution is unstable (or the true solution can not be represented in the precision of Float64).
└ @ SciMLBase ~/.julia/packages/SciMLBase/VW1cI/src/integrator_interface.jl:623
┌ Warning: At t=-0.9420000548810143, dt was forced below floating point epsilon -9.792126877243604e-17, and step error estimate = NaN. Aborting. There is either an error in your model specification or the true solution is unstable (or the true solution can not be represented in the precision of Float64).
└ @ SciMLBase ~/.julia/packages/SciMLBase/VW1cI/src/integrator_interface.jl:623
┌ Warning: At t=-0.942000011017884, dt was forced below floating point epsilon -8.963148087673162e-17, and step error estimate = 2.9641428783982873. Aborting. There is either an error in your model specification or the true solution is unstable (or the true solution can not be represented in the precision of Float64).
└ @ SciMLBase ~/.julia/packages/SciMLBase/VW1cI/src/integrator_interface.jl:623
┌ Warning: At t=-0.9436832113719948, dt was forced below floating point epsilon -1.0862638373319061e-16, and step error estimate = 1.0349830429511004. Aborting. There is either an error in your model specification or the true solution is unstable (or the true solution can not be represented in the precision of Float64).
└ @ SciMLBase ~/.julia/packages/SciMLBase/VW1cI/src/integrator_interface.jl:623
┌ Warning: At t=-0.9754922826117686, dt was forced below floating point epsilon -9.822644458865656e-17, and step error estimate = 1.1864799109630195. Aborting. There is either an error in your model specification or the true solution is unstable (or the true solution can not be represented in the precision of Float64).
└ @ SciMLBase ~/.julia/packages/SciMLBase/VW1cI/src/integrator_interface.jl:623
┌ Warning: At t=-0.9420000000007612, dt was forced below floating point epsilon -1.0812139318587555e-16, and step error estimate = 1.8437952330687373. Aborting. There is either an error in your model specification or the true solution is unstable (or the true solution can not be represented in the precision of Float64).
└ @ SciMLBase ~/.julia/packages/SciMLBase/VW1cI/src/integrator_interface.jl:623
┌ Warning: At t=-0.9420000052458168, dt was forced below floating point epsilon -1.0874388138456274e-16, and step error estimate = 2.6144929561538963. Aborting. There is either an error in your model specification or the true solution is unstable (or the true solution can not be represented in the precision of Float64).
└ @ SciMLBase ~/.julia/packages/SciMLBase/VW1cI/src/integrator_interface.jl:623
┌ Warning: At t=-0.9420000046857343, dt was forced below floating point epsilon -9.975609167508467e-17, and step error estimate = 1.5681077660774883. Aborting. There is either an error in your model specification or the true solution is unstable (or the true solution can not be represented in the precision of Float64).
└ @ SciMLBase ~/.julia/packages/SciMLBase/VW1cI/src/integrator_interface.jl:623
┌ Warning: At t=-0.9628657442907902, dt was forced below floating point epsilon -9.845093812588106e-17, and step error estimate = 1.159686553938315. Aborting. There is either an error in your model specification or the true solution is unstable (or the true solution can not be represented in the precision of Float64).
└ @ SciMLBase ~/.julia/packages/SciMLBase/VW1cI/src/integrator_interface.jl:623
┌ Warning: At t=-0.981646651723893, dt was forced below floating point epsilon -9.930316582599173e-17, and step error estimate = 1.0638874533154583. Aborting. There is either an error in your model specification or the true solution is unstable (or the true solution can not be represented in the precision of Float64).
└ @ SciMLBase ~/.julia/packages/SciMLBase/VW1cI/src/integrator_interface.jl:623
┌ Warning: At t=-0.9645735106777193, dt was forced below floating point epsilon -1.0569632898195604e-16, and step error estimate = 1.0281502156150546. Aborting. There is either an error in your model specification or the true solution is unstable (or the true solution can not be represented in the precision of Float64).
└ @ SciMLBase ~/.julia/packages/SciMLBase/VW1cI/src/integrator_interface.jl:623
┌ Warning: At t=-0.9754922826117686, dt was forced below floating point epsilon -9.822644458865656e-17, and step error estimate = 1.1864799109630195. Aborting. There is either an error in your model specification or the true solution is unstable (or the true solution can not be represented in the precision of Float64).
└ @ SciMLBase ~/.julia/packages/SciMLBase/VW1cI/src/integrator_interface.jl:623
┌ Warning: At t=-0.9432831614971284, dt was forced below floating point epsilon -3.9141368634123414e-17, and step error estimate = NaN. Aborting. There is either an error in your model specification or the true solution is unstable (or the true solution can not be represented in the precision of Float64).
└ @ SciMLBase ~/.julia/packages/SciMLBase/VW1cI/src/integrator_interface.jl:623
┌ Warning: At t=-0.9426629798133231, dt was forced below floating point epsilon -9.97698318333895e-17, and step error estimate = 1.0730867969554767. Aborting. There is either an error in your model specification or the true solution is unstable (or the true solution can not be represented in the precision of Float64).
└ @ SciMLBase ~/.julia/packages/SciMLBase/VW1cI/src/integrator_interface.jl:623
┌ Warning: At t=-0.96345309233043, dt was forced below floating point epsilon -9.957121837685526e-17, and step error estimate = 1.0355897576811202. Aborting. There is either an error in your model specification or the true solution is unstable (or the true solution can not be represented in the precision of Float64).
└ @ SciMLBase ~/.julia/packages/SciMLBase/VW1cI/src/integrator_interface.jl:623
┌ Warning: At t=-0.9927757333676418, dt was forced below floating point epsilon -8.379864023979343e-17, and step error estimate = 336.1505182731377. Aborting. There is either an error in your model specification or the true solution is unstable (or the true solution can not be represented in the precision of Float64).
└ @ SciMLBase ~/.julia/packages/SciMLBase/VW1cI/src/integrator_interface.jl:623
┌ Warning: At t=-0.9420000332149607, dt was forced below floating point epsilon -8.846919166003194e-17, and step error estimate = 15.352403468728827. Aborting. There is either an error in your model specification or the true solution is unstable (or the true solution can not be represented in the precision of Float64).
└ @ SciMLBase ~/.julia/packages/SciMLBase/VW1cI/src/integrator_interface.jl:623
┌ Warning: At t=-0.9420000332149607, dt was forced below floating point epsilon -8.846919166003194e-17, and step error estimate = 15.352403468728827. Aborting. There is either an error in your model specification or the true solution is unstable (or the true solution can not be represented in the precision of Float64).
└ @ SciMLBase ~/.julia/packages/SciMLBase/VW1cI/src/integrator_interface.jl:623
┌ Warning: At t=-0.9842013785640267, dt was forced below floating point epsilon -1.0585126480877238e-16, and step error estimate = 1.504582766649215. Aborting. There is either an error in your model specification or the true solution is unstable (or the true solution can not be represented in the precision of Float64).
└ @ SciMLBase ~/.julia/packages/SciMLBase/VW1cI/src/integrator_interface.jl:623
┌ Warning: At t=-0.9420000548810143, dt was forced below floating point epsilon -9.792126877243604e-17, and step error estimate = NaN. Aborting. There is either an error in your model specification or the true solution is unstable (or the true solution can not be represented in the precision of Float64).
└ @ SciMLBase ~/.julia/packages/SciMLBase/VW1cI/src/integrator_interface.jl:623
┌ Warning: Interrupted. Larger maxiters is needed. If you are using an integrator for non-stiff ODEs or an automatic switching algorithm (the default), you may want to consider using a method for stiff equations. See the solver pages for more details (e.g. https://docs.sciml.ai/DiffEqDocs/stable/solvers/ode_solve/#Stiff-Problems).
└ @ SciMLBase ~/.julia/packages/SciMLBase/VW1cI/src/integrator_interface.jl:589
┌ Warning: At t=-0.9436832113719948, dt was forced below floating point epsilon -1.0862638373319061e-16, and step error estimate = 1.0349830429511004. Aborting. There is either an error in your model specification or the true solution is unstable (or the true solution can not be represented in the precision of Float64).
└ @ SciMLBase ~/.julia/packages/SciMLBase/VW1cI/src/integrator_interface.jl:623
┌ Warning: At t=-0.9480900985924122, dt was forced below floating point epsilon -1.0250143016934822e-16, and step error estimate = 1.0676994553482335. Aborting. There is either an error in your model specification or the true solution is unstable (or the true solution can not be represented in the precision of Float64).
└ @ SciMLBase ~/.julia/packages/SciMLBase/VW1cI/src/integrator_interface.jl:623
┌ Warning: At t=-0.9420024990141873, dt was forced below floating point epsilon -9.973437380426905e-17, and step error estimate = 1.0187737596620263. Aborting. There is either an error in your model specification or the true solution is unstable (or the true solution can not be represented in the precision of Float64).
└ @ SciMLBase ~/.julia/packages/SciMLBase/VW1cI/src/integrator_interface.jl:623
┌ Warning: At t=-0.9420801412407959, dt was forced below floating point epsilon -9.776077388820978e-17, and step error estimate = 1.2442521853030584. Aborting. There is either an error in your model specification or the true solution is unstable (or the true solution can not be represented in the precision of Float64).
└ @ SciMLBase ~/.julia/packages/SciMLBase/VW1cI/src/integrator_interface.jl:623
┌ Warning: At t=-0.9428528914625397, dt was forced below floating point epsilon -1.1096197826276954e-16, and step error estimate = 1.0718423789729101. Aborting. There is either an error in your model specification or the true solution is unstable (or the true solution can not be represented in the precision of Float64).
└ @ SciMLBase ~/.julia/packages/SciMLBase/VW1cI/src/integrator_interface.jl:623
┌ Warning: At t=-0.9444607396630844, dt was forced below floating point epsilon -1.0803802638965108e-16, and step error estimate = 1.11019449013064. Aborting. There is either an error in your model specification or the true solution is unstable (or the true solution can not be represented in the precision of Float64).
└ @ SciMLBase ~/.julia/packages/SciMLBase/VW1cI/src/integrator_interface.jl:623
┌ Warning: At t=-0.9420000005966739, dt was forced below floating point epsilon -8.916413636525365e-17, and step error estimate = 3.1233425295948476. Aborting. There is either an error in your model specification or the true solution is unstable (or the true solution can not be represented in the precision of Float64).
└ @ SciMLBase ~/.julia/packages/SciMLBase/VW1cI/src/integrator_interface.jl:623
┌ Warning: At t=-0.9420001115050874, dt was forced below floating point epsilon -9.622967691780552e-17, and step error estimate = 1.4569084760573654. Aborting. There is either an error in your model specification or the true solution is unstable (or the true solution can not be represented in the precision of Float64).
└ @ SciMLBase ~/.julia/packages/SciMLBase/VW1cI/src/integrator_interface.jl:623
┌ Warning: At t=-0.9746849698422121, dt was forced below floating point epsilon -9.989958880677021e-17, and step error estimate = 1.0020517375052895. Aborting. There is either an error in your model specification or the true solution is unstable (or the true solution can not be represented in the precision of Float64).
└ @ SciMLBase ~/.julia/packages/SciMLBase/VW1cI/src/integrator_interface.jl:623
┌ Warning: At t=-0.9426468697235028, dt was forced below floating point epsilon -1.0747423471136956e-16, and step error estimate = 1.0871850563780017. Aborting. There is either an error in your model specification or the true solution is unstable (or the true solution can not be represented in the precision of Float64).
└ @ SciMLBase ~/.julia/packages/SciMLBase/VW1cI/src/integrator_interface.jl:623
┌ Warning: At t=-0.9465107099098193, dt was forced below floating point epsilon -1.0844086574726271e-16, and step error estimate = 1.1267913634434996. Aborting. There is either an error in your model specification or the true solution is unstable (or the true solution can not be represented in the precision of Float64).
└ @ SciMLBase ~/.julia/packages/SciMLBase/VW1cI/src/integrator_interface.jl:623
┌ Warning: At t=-0.9420000000835826, dt was forced below floating point epsilon -1.0322932807832756e-16, and step error estimate = 4.546118155316113. Aborting. There is either an error in your model specification or the true solution is unstable (or the true solution can not be represented in the precision of Float64).
└ @ SciMLBase ~/.julia/packages/SciMLBase/VW1cI/src/integrator_interface.jl:623
┌ Warning: At t=-0.9632755096999543, dt was forced below floating point epsilon -9.938373748753902e-17, and step error estimate = 1.055293421710503. Aborting. There is either an error in your model specification or the true solution is unstable (or the true solution can not be represented in the precision of Float64).
└ @ SciMLBase ~/.julia/packages/SciMLBase/VW1cI/src/integrator_interface.jl:623
┌ Warning: At t=-0.9445110580899565, dt was forced below floating point epsilon -1.076471995256364e-16, and step error estimate = 1.1078774680819599. Aborting. There is either an error in your model specification or the true solution is unstable (or the true solution can not be represented in the precision of Float64).
└ @ SciMLBase ~/.julia/packages/SciMLBase/VW1cI/src/integrator_interface.jl:623
┌ Warning: At t=-0.9444607396630844, dt was forced below floating point epsilon -1.0803802638965108e-16, and step error estimate = 1.11019449013064. Aborting. There is either an error in your model specification or the true solution is unstable (or the true solution can not be represented in the precision of Float64).
└ @ SciMLBase ~/.julia/packages/SciMLBase/VW1cI/src/integrator_interface.jl:623
┌ Warning: At t=-0.9426985838675304, dt was forced below floating point epsilon -1.0899721683181722e-16, and step error estimate = 1.0818677969926793. Aborting. There is either an error in your model specification or the true solution is unstable (or the true solution can not be represented in the precision of Float64).
└ @ SciMLBase ~/.julia/packages/SciMLBase/VW1cI/src/integrator_interface.jl:623
┌ Warning: At t=-0.9937029782584195, dt was forced below floating point epsilon -9.852460776937342e-17, and step error estimate = 1.1510409412265339. Aborting. There is either an error in your model specification or the true solution is unstable (or the true solution can not be represented in the precision of Float64).
└ @ SciMLBase ~/.julia/packages/SciMLBase/VW1cI/src/integrator_interface.jl:623
┌ Warning: At t=-0.9457639567139585, dt was forced below floating point epsilon -9.943157945886517e-17, and step error estimate = 1.050225974475724. Aborting. There is either an error in your model specification or the true solution is unstable (or the true solution can not be represented in the precision of Float64).
└ @ SciMLBase ~/.julia/packages/SciMLBase/VW1cI/src/integrator_interface.jl:623
┌ Warning: Interrupted. Larger maxiters is needed. If you are using an integrator for non-stiff ODEs or an automatic switching algorithm (the default), you may want to consider using a method for stiff equations. See the solver pages for more details (e.g. https://docs.sciml.ai/DiffEqDocs/stable/solvers/ode_solve/#Stiff-Problems).
└ @ SciMLBase ~/.julia/packages/SciMLBase/VW1cI/src/integrator_interface.jl:589
┌ Warning: At t=-0.9445110580899565, dt was forced below floating point epsilon -1.076471995256364e-16, and step error estimate = 1.1078774680819599. Aborting. There is either an error in your model specification or the true solution is unstable (or the true solution can not be represented in the precision of Float64).
└ @ SciMLBase ~/.julia/packages/SciMLBase/VW1cI/src/integrator_interface.jl:623
┌ Warning: At t=-0.9535478523908238, dt was forced below floating point epsilon -9.942966866998419e-17, and step error estimate = 1.0504274826154887. Aborting. There is either an error in your model specification or the true solution is unstable (or the true solution can not be represented in the precision of Float64).
└ @ SciMLBase ~/.julia/packages/SciMLBase/VW1cI/src/integrator_interface.jl:623
┌ Warning: At t=-0.9422272032332358, dt was forced below floating point epsilon -9.909137024471556e-17, and step error estimate = 1.0868510490751182. Aborting. There is either an error in your model specification or the true solution is unstable (or the true solution can not be represented in the precision of Float64).
└ @ SciMLBase ~/.julia/packages/SciMLBase/VW1cI/src/integrator_interface.jl:623
┌ Warning: At t=-0.942000000466289, dt was forced below floating point epsilon -1.0270848146321463e-16, and step error estimate = 1.2555985410613797. Aborting. There is either an error in your model specification or the true solution is unstable (or the true solution can not be represented in the precision of Float64).
└ @ SciMLBase ~/.julia/packages/SciMLBase/VW1cI/src/integrator_interface.jl:623
┌ Warning: At t=-0.9426664017423825, dt was forced below floating point epsilon -1.063303247106483e-16, and step error estimate = 1.4253463635823163. Aborting. There is either an error in your model specification or the true solution is unstable (or the true solution can not be represented in the precision of Float64).
└ @ SciMLBase ~/.julia/packages/SciMLBase/VW1cI/src/integrator_interface.jl:623
┌ Warning: At t=-0.9420093589073383, dt was forced below floating point epsilon -1.015607456209406e-16, and step error estimate = 1.0322538002582682. Aborting. There is either an error in your model specification or the true solution is unstable (or the true solution can not be represented in the precision of Float64).
└ @ SciMLBase ~/.julia/packages/SciMLBase/VW1cI/src/integrator_interface.jl:623
┌ Warning: At t=-0.9577375719734091, dt was forced below floating point epsilon -9.868339584459819e-17, and step error estimate = 1.1326445671847876. Aborting. There is either an error in your model specification or the true solution is unstable (or the true solution can not be represented in the precision of Float64).
└ @ SciMLBase ~/.julia/packages/SciMLBase/VW1cI/src/integrator_interface.jl:623
┌ Warning: At t=-0.9420000003798707, dt was forced below floating point epsilon -9.64347991717915e-17, and step error estimate = 16.248768349935755. Aborting. There is either an error in your model specification or the true solution is unstable (or the true solution can not be represented in the precision of Float64).
└ @ SciMLBase ~/.julia/packages/SciMLBase/VW1cI/src/integrator_interface.jl:623
┌ Warning: At t=-0.9420000000002587, dt was forced below floating point epsilon -5.833453563071456e-17, and step error estimate = NaN. Aborting. There is either an error in your model specification or the true solution is unstable (or the true solution can not be represented in the precision of Float64).
└ @ SciMLBase ~/.julia/packages/SciMLBase/VW1cI/src/integrator_interface.jl:623
┌ Warning: At t=-0.9786675843783801, dt was forced below floating point epsilon -1.0278782597645241e-16, and step error estimate = 219.2913610205052. Aborting. There is either an error in your model specification or the true solution is unstable (or the true solution can not be represented in the precision of Float64).
└ @ SciMLBase ~/.julia/packages/SciMLBase/VW1cI/src/integrator_interface.jl:623
┌ Warning: At t=-0.9426630130508903, dt was forced below floating point epsilon -1.076458803294087e-16, and step error estimate = 1.0087525494892629. Aborting. There is either an error in your model specification or the true solution is unstable (or the true solution can not be represented in the precision of Float64).
└ @ SciMLBase ~/.julia/packages/SciMLBase/VW1cI/src/integrator_interface.jl:623
┌ Warning: At t=-0.9420000000540559, dt was forced below floating point epsilon -1.0063296188485357e-16, and step error estimate = NaN. Aborting. There is either an error in your model specification or the true solution is unstable (or the true solution can not be represented in the precision of Float64).
└ @ SciMLBase ~/.julia/packages/SciMLBase/VW1cI/src/integrator_interface.jl:623
┌ Warning: At t=-0.9451017995681879, dt was forced below floating point epsilon -1.0296311392170217e-16, and step error estimate = 1.0222454508678307. Aborting. There is either an error in your model specification or the true solution is unstable (or the true solution can not be represented in the precision of Float64).
└ @ SciMLBase ~/.julia/packages/SciMLBase/VW1cI/src/integrator_interface.jl:623
┌ Warning: At t=-0.9615303713632932, dt was forced below floating point epsilon -9.940313752680557e-17, and step error estimate = 1.0532347973051506. Aborting. There is either an error in your model specification or the true solution is unstable (or the true solution can not be represented in the precision of Float64).
└ @ SciMLBase ~/.julia/packages/SciMLBase/VW1cI/src/integrator_interface.jl:623
┌ Warning: At t=-0.9506213440922375, dt was forced below floating point epsilon -1.0063189971344298e-16, and step error estimate = 1.0010815793110266. Aborting. There is either an error in your model specification or the true solution is unstable (or the true solution can not be represented in the precision of Float64).
└ @ SciMLBase ~/.julia/packages/SciMLBase/VW1cI/src/integrator_interface.jl:623
┌ Warning: At t=-0.9420000239282533, dt was forced below floating point epsilon -3.2114152092671965e-17, and step error estimate = NaN. Aborting. There is either an error in your model specification or the true solution is unstable (or the true solution can not be represented in the precision of Float64).
└ @ SciMLBase ~/.julia/packages/SciMLBase/VW1cI/src/integrator_interface.jl:623
┌ Warning: At t=-0.9614927932245818, dt was forced below floating point epsilon -7.956783060422801e-17, and step error estimate = 196.7185253110177. Aborting. There is either an error in your model specification or the true solution is unstable (or the true solution can not be represented in the precision of Float64).
└ @ SciMLBase ~/.julia/packages/SciMLBase/VW1cI/src/integrator_interface.jl:623
┌ Warning: At t=-0.9420000011265196, dt was forced below floating point epsilon -8.77284735752054e-17, and step error estimate = 5.028183398285794. Aborting. There is either an error in your model specification or the true solution is unstable (or the true solution can not be represented in the precision of Float64).
└ @ SciMLBase ~/.julia/packages/SciMLBase/VW1cI/src/integrator_interface.jl:623
┌ Warning: At t=-0.9421853954706211, dt was forced below floating point epsilon -1.0953949759441581e-16, and step error estimate = 1.1072302816210247. Aborting. There is either an error in your model specification or the true solution is unstable (or the true solution can not be represented in the precision of Float64).
└ @ SciMLBase ~/.julia/packages/SciMLBase/VW1cI/src/integrator_interface.jl:623
┌ Warning: At t=-0.9420000051536951, dt was forced below floating point epsilon -2.6987400449204552e-17, and step error estimate = NaN. Aborting. There is either an error in your model specification or the true solution is unstable (or the true solution can not be represented in the precision of Float64).
└ @ SciMLBase ~/.julia/packages/SciMLBase/VW1cI/src/integrator_interface.jl:623
┌ Warning: At t=-0.9420000000007612, dt was forced below floating point epsilon -1.0812139318587555e-16, and step error estimate = 1.8437952330687373. Aborting. There is either an error in your model specification or the true solution is unstable (or the true solution can not be represented in the precision of Float64).
└ @ SciMLBase ~/.julia/packages/SciMLBase/VW1cI/src/integrator_interface.jl:623
┌ Warning: At t=-0.9494515208981283, dt was forced below floating point epsilon -9.949667268147708e-17, and step error estimate = 1.043375232026293. Aborting. There is either an error in your model specification or the true solution is unstable (or the true solution can not be represented in the precision of Float64).
└ @ SciMLBase ~/.julia/packages/SciMLBase/VW1cI/src/integrator_interface.jl:623
┌ Warning: At t=-0.9420000000318238, dt was forced below floating point epsilon -9.945438288896325e-17, and step error estimate = NaN. Aborting. There is either an error in your model specification or the true solution is unstable (or the true solution can not be represented in the precision of Float64).
└ @ SciMLBase ~/.julia/packages/SciMLBase/VW1cI/src/integrator_interface.jl:623
┌ Warning: At t=-0.9420000000055262, dt was forced below floating point epsilon -2.2204460492503132e-17, and step error estimate = NaN. Aborting. There is either an error in your model specification or the true solution is unstable (or the true solution can not be represented in the precision of Float64).
└ @ SciMLBase ~/.julia/packages/SciMLBase/VW1cI/src/integrator_interface.jl:623
┌ Warning: At t=-0.9420000000328022, dt was forced below floating point epsilon -9.822093281734357e-17, and step error estimate = NaN. Aborting. There is either an error in your model specification or the true solution is unstable (or the true solution can not be represented in the precision of Float64).
└ @ SciMLBase ~/.julia/packages/SciMLBase/VW1cI/src/integrator_interface.jl:623
┌ Warning: At t=-0.9801972382776541, dt was forced below floating point epsilon -1.1076149693056053e-16, and step error estimate = 1.054802674088215. Aborting. There is either an error in your model specification or the true solution is unstable (or the true solution can not be represented in the precision of Float64).
└ @ SciMLBase ~/.julia/packages/SciMLBase/VW1cI/src/integrator_interface.jl:623
┌ Warning: At t=-0.9426783341817268, dt was forced below floating point epsilon -1.1096169941570839e-16, and step error estimate = 3.029599328869906. Aborting. There is either an error in your model specification or the true solution is unstable (or the true solution can not be represented in the precision of Float64).
└ @ SciMLBase ~/.julia/packages/SciMLBase/VW1cI/src/integrator_interface.jl:623
┌ Warning: At t=-0.9421799675183649, dt was forced below floating point epsilon -9.502013830443228e-17, and step error estimate = 1.8306700820381263. Aborting. There is either an error in your model specification or the true solution is unstable (or the true solution can not be represented in the precision of Float64).
└ @ SciMLBase ~/.julia/packages/SciMLBase/VW1cI/src/integrator_interface.jl:623
┌ Warning: At t=-0.977735365946345, dt was forced below floating point epsilon -9.89137321335073e-17, and step error estimate = 1.1065346860417429. Aborting. There is either an error in your model specification or the true solution is unstable (or the true solution can not be represented in the precision of Float64).
└ @ SciMLBase ~/.julia/packages/SciMLBase/VW1cI/src/integrator_interface.jl:623
┌ Warning: At t=-0.9615303713632932, dt was forced below floating point epsilon -9.940313752680557e-17, and step error estimate = 1.0532347973051506. Aborting. There is either an error in your model specification or the true solution is unstable (or the true solution can not be represented in the precision of Float64).
└ @ SciMLBase ~/.julia/packages/SciMLBase/VW1cI/src/integrator_interface.jl:623
┌ Warning: At t=-0.9480900985924122, dt was forced below floating point epsilon -1.0250143016934822e-16, and step error estimate = 1.0676994553482335. Aborting. There is either an error in your model specification or the true solution is unstable (or the true solution can not be represented in the precision of Float64).
└ @ SciMLBase ~/.julia/packages/SciMLBase/VW1cI/src/integrator_interface.jl:623
┌ Warning: At t=-0.9420000000002673, dt was forced below floating point epsilon -4.432396064268899e-17, and step error estimate = NaN. Aborting. There is either an error in your model specification or the true solution is unstable (or the true solution can not be represented in the precision of Float64).
└ @ SciMLBase ~/.julia/packages/SciMLBase/VW1cI/src/integrator_interface.jl:623
┌ Warning: At t=-0.9422481760755849, dt was forced below floating point epsilon -1.051189841726703e-16, and step error estimate = 1.085636853887336. Aborting. There is either an error in your model specification or the true solution is unstable (or the true solution can not be represented in the precision of Float64).
└ @ SciMLBase ~/.julia/packages/SciMLBase/VW1cI/src/integrator_interface.jl:623
┌ Warning: At t=-0.9420015258926422, dt was forced below floating point epsilon -9.743910982687564e-17, and step error estimate = 2.871775140103409. Aborting. There is either an error in your model specification or the true solution is unstable (or the true solution can not be represented in the precision of Float64).
└ @ SciMLBase ~/.julia/packages/SciMLBase/VW1cI/src/integrator_interface.jl:623
┌ Warning: At t=-0.9426629798133231, dt was forced below floating point epsilon -9.97698318333895e-17, and step error estimate = 1.0730867969554767. Aborting. There is either an error in your model specification or the true solution is unstable (or the true solution can not be represented in the precision of Float64).
└ @ SciMLBase ~/.julia/packages/SciMLBase/VW1cI/src/integrator_interface.jl:623
┌ Warning: At t=-0.9457639567139597, dt was forced below floating point epsilon -9.944365923127464e-17, and step error estimate = 1.0489507646588971. Aborting. There is either an error in your model specification or the true solution is unstable (or the true solution can not be represented in the precision of Float64).
└ @ SciMLBase ~/.julia/packages/SciMLBase/VW1cI/src/integrator_interface.jl:623
┌ Warning: At t=-0.9457639567139585, dt was forced below floating point epsilon -9.943157945886517e-17, and step error estimate = 1.050225974475724. Aborting. There is either an error in your model specification or the true solution is unstable (or the true solution can not be represented in the precision of Float64).
└ @ SciMLBase ~/.julia/packages/SciMLBase/VW1cI/src/integrator_interface.jl:623
┌ Warning: At t=-0.9534999407792165, dt was forced below floating point epsilon -1.0908974287052801e-16, and step error estimate = 1.1553663761109227. Aborting. There is either an error in your model specification or the true solution is unstable (or the true solution can not be represented in the precision of Float64).
└ @ SciMLBase ~/.julia/packages/SciMLBase/VW1cI/src/integrator_interface.jl:623
┌ Warning: At t=-0.9420000000002587, dt was forced below floating point epsilon -5.833453563071456e-17, and step error estimate = NaN. Aborting. There is either an error in your model specification or the true solution is unstable (or the true solution can not be represented in the precision of Float64).
└ @ SciMLBase ~/.julia/packages/SciMLBase/VW1cI/src/integrator_interface.jl:623
┌ Warning: At t=-0.94274252776288, dt was forced below floating point epsilon -9.889909675998836e-17, and step error estimate = 1.10817352622693. Aborting. There is either an error in your model specification or the true solution is unstable (or the true solution can not be represented in the precision of Float64).
└ @ SciMLBase ~/.julia/packages/SciMLBase/VW1cI/src/integrator_interface.jl:623
┌ Warning: At t=-0.9420000024206372, dt was forced below floating point epsilon -6.771109856638759e-17, and step error estimate = NaN. Aborting. There is either an error in your model specification or the true solution is unstable (or the true solution can not be represented in the precision of Float64).
└ @ SciMLBase ~/.julia/packages/SciMLBase/VW1cI/src/integrator_interface.jl:623
┌ Warning: Interrupted. Larger maxiters is needed. If you are using an integrator for non-stiff ODEs or an automatic switching algorithm (the default), you may want to consider using a method for stiff equations. See the solver pages for more details (e.g. https://docs.sciml.ai/DiffEqDocs/stable/solvers/ode_solve/#Stiff-Problems).
└ @ SciMLBase ~/.julia/packages/SciMLBase/VW1cI/src/integrator_interface.jl:589
┌ Warning: At t=-1.0, dt was forced below floating point epsilon 2.220446049250313e-16, and step error estimate = 7.322656790608752. Aborting. There is either an error in your model specification or the true solution is unstable (or the true solution can not be represented in the precision of Float64).
└ @ SciMLBase ~/.julia/packages/SciMLBase/VW1cI/src/integrator_interface.jl:623
┌ Warning: At t=-0.9419999985321471, dt was forced below floating point epsilon 1.1102230246251565e-16, and step error estimate = NaN. Aborting. There is either an error in your model specification or the true solution is unstable (or the true solution can not be represented in the precision of Float64).
└ @ SciMLBase ~/.julia/packages/SciMLBase/VW1cI/src/integrator_interface.jl:623
┌ Warning: At t=-0.9310871945579069, dt was forced below floating point epsilon 1.1102230246251565e-16, and step error estimate = NaN. Aborting. There is either an error in your model specification or the true solution is unstable (or the true solution can not be represented in the precision of Float64).
└ @ SciMLBase ~/.julia/packages/SciMLBase/VW1cI/src/integrator_interface.jl:623
┌ Warning: At t=-0.6657466319539668, dt was forced below floating point epsilon 1.1102230246251565e-16, and step error estimate = NaN. Aborting. There is either an error in your model specification or the true solution is unstable (or the true solution can not be represented in the precision of Float64).
└ @ SciMLBase ~/.julia/packages/SciMLBase/VW1cI/src/integrator_interface.jl:623
┌ Warning: At t=0.9155706205950077, dt was forced below floating point epsilon 1.1102230246251565e-16, and step error estimate = 1039.7390208960844. Aborting. There is either an error in your model specification or the true solution is unstable (or the true solution can not be represented in the precision of Float64).
└ @ SciMLBase ~/.julia/packages/SciMLBase/VW1cI/src/integrator_interface.jl:623
┌ Warning: At t=-1.0, dt was forced below floating point epsilon 2.220446049250313e-16, and step error estimate = 103.37997951800119. Aborting. There is either an error in your model specification or the true solution is unstable (or the true solution can not be represented in the precision of Float64).
└ @ SciMLBase ~/.julia/packages/SciMLBase/VW1cI/src/integrator_interface.jl:623
┌ Warning: At t=-0.6965088660819964, dt was forced below floating point epsilon 1.1102230246251565e-16, and step error estimate = 1.2632290806740214. Aborting. There is either an error in your model specification or the true solution is unstable (or the true solution can not be represented in the precision of Float64).
└ @ SciMLBase ~/.julia/packages/SciMLBase/VW1cI/src/integrator_interface.jl:623
┌ Warning: At t=-0.8558592352503664, dt was forced below floating point epsilon 1.1102230246251565e-16, and step error estimate = 9281.965220242702. Aborting. There is either an error in your model specification or the true solution is unstable (or the true solution can not be represented in the precision of Float64).
└ @ SciMLBase ~/.julia/packages/SciMLBase/VW1cI/src/integrator_interface.jl:623
┌ Warning: At t=-0.913955433351357, dt was forced below floating point epsilon 1.1102230246251565e-16, and step error estimate = 1.0944296367107695. Aborting. There is either an error in your model specification or the true solution is unstable (or the true solution can not be represented in the precision of Float64).
└ @ SciMLBase ~/.julia/packages/SciMLBase/VW1cI/src/integrator_interface.jl:623
┌ Warning: At t=-0.29839133188059236, dt was forced below floating point epsilon 5.551115123125783e-17, and step error estimate = 1.118386886063285. Aborting. There is either an error in your model specification or the true solution is unstable (or the true solution can not be represented in the precision of Float64).
└ @ SciMLBase ~/.julia/packages/SciMLBase/VW1cI/src/integrator_interface.jl:623
┌ Warning: At t=-0.926806444362873, dt was forced below floating point epsilon 1.1102230246251565e-16, and step error estimate = 21.17094416135331. Aborting. There is either an error in your model specification or the true solution is unstable (or the true solution can not be represented in the precision of Float64).
└ @ SciMLBase ~/.julia/packages/SciMLBase/VW1cI/src/integrator_interface.jl:623
┌ Warning: At t=-1.0, dt was forced below floating point epsilon 2.220446049250313e-16, and step error estimate = 7.071067811865476e11. Aborting. There is either an error in your model specification or the true solution is unstable (or the true solution can not be represented in the precision of Float64).
└ @ SciMLBase ~/.julia/packages/SciMLBase/VW1cI/src/integrator_interface.jl:623
┌ Warning: At t=0.9155706205950077, dt was forced below floating point epsilon 1.1102230246251565e-16, and step error estimate = 1039.7390208960844. Aborting. There is either an error in your model specification or the true solution is unstable (or the true solution can not be represented in the precision of Float64).
└ @ SciMLBase ~/.julia/packages/SciMLBase/VW1cI/src/integrator_interface.jl:623
┌ Warning: At t=-0.9007762750196857, dt was forced below floating point epsilon 1.1102230246251565e-16, and step error estimate = 1.047830994642273. Aborting. There is either an error in your model specification or the true solution is unstable (or the true solution can not be represented in the precision of Float64).
└ @ SciMLBase ~/.julia/packages/SciMLBase/VW1cI/src/integrator_interface.jl:623
┌ Warning: At t=-0.8813478322498743, dt was forced below floating point epsilon 1.1102230246251565e-16, and step error estimate = 1.269484320653912. Aborting. There is either an error in your model specification or the true solution is unstable (or the true solution can not be represented in the precision of Float64).
└ @ SciMLBase ~/.julia/packages/SciMLBase/VW1cI/src/integrator_interface.jl:623
┌ Warning: At t=-0.3145042335410183, dt was forced below floating point epsilon 5.551115123125783e-17, and step error estimate = 74.67863084583139. Aborting. There is either an error in your model specification or the true solution is unstable (or the true solution can not be represented in the precision of Float64).
└ @ SciMLBase ~/.julia/packages/SciMLBase/VW1cI/src/integrator_interface.jl:623
┌ Warning: At t=-1.0, dt was forced below floating point epsilon 2.220446049250313e-16, and step error estimate = 7.390823819623686. Aborting. There is either an error in your model specification or the true solution is unstable (or the true solution can not be represented in the precision of Float64).
└ @ SciMLBase ~/.julia/packages/SciMLBase/VW1cI/src/integrator_interface.jl:623
┌ Warning: At t=-0.17856751276863628, dt was forced below floating point epsilon 2.7755575615628914e-17, and step error estimate = 1.0123798379602065. Aborting. There is either an error in your model specification or the true solution is unstable (or the true solution can not be represented in the precision of Float64).
└ @ SciMLBase ~/.julia/packages/SciMLBase/VW1cI/src/integrator_interface.jl:623
┌ Warning: At t=0.7057774271001287, dt was forced below floating point epsilon 1.1102230246251565e-16, and step error estimate = 49.13431517879422. Aborting. There is either an error in your model specification or the true solution is unstable (or the true solution can not be represented in the precision of Float64).
└ @ SciMLBase ~/.julia/packages/SciMLBase/VW1cI/src/integrator_interface.jl:623
┌ Warning: At t=0.918613826150938, dt was forced below floating point epsilon 1.1102230246251565e-16, and step error estimate = 72.04120071960317. Aborting. There is either an error in your model specification or the true solution is unstable (or the true solution can not be represented in the precision of Float64).
└ @ SciMLBase ~/.julia/packages/SciMLBase/VW1cI/src/integrator_interface.jl:623
┌ Warning: At t=-0.835739683738964, dt was forced below floating point epsilon 1.1102230246251565e-16, and step error estimate = 1.0135127599641458. Aborting. There is either an error in your model specification or the true solution is unstable (or the true solution can not be represented in the precision of Float64).
└ @ SciMLBase ~/.julia/packages/SciMLBase/VW1cI/src/integrator_interface.jl:623
┌ Warning: At t=0.21348528522568366, dt was forced below floating point epsilon 2.7755575615628914e-17, and step error estimate = 43.26954695797608. Aborting. There is either an error in your model specification or the true solution is unstable (or the true solution can not be represented in the precision of Float64).
└ @ SciMLBase ~/.julia/packages/SciMLBase/VW1cI/src/integrator_interface.jl:623
┌ Warning: At t=-1.0, dt was forced below floating point epsilon 2.220446049250313e-16, and step error estimate = NaN. Aborting. There is either an error in your model specification or the true solution is unstable (or the true solution can not be represented in the precision of Float64).
└ @ SciMLBase ~/.julia/packages/SciMLBase/VW1cI/src/integrator_interface.jl:623
┌ Warning: At t=-0.9417506937216018, dt was forced below floating point epsilon 1.1102230246251565e-16, and step error estimate = 589.9899514430989. Aborting. There is either an error in your model specification or the true solution is unstable (or the true solution can not be represented in the precision of Float64).
└ @ SciMLBase ~/.julia/packages/SciMLBase/VW1cI/src/integrator_interface.jl:623
┌ Warning: At t=-0.26320938387724857, dt was forced below floating point epsilon 5.551115123125783e-17, and step error estimate = NaN. Aborting. There is either an error in your model specification or the true solution is unstable (or the true solution can not be represented in the precision of Float64).
└ @ SciMLBase ~/.julia/packages/SciMLBase/VW1cI/src/integrator_interface.jl:623
┌ Warning: At t=-1.0, dt was forced below floating point epsilon 2.220446049250313e-16, and step error estimate = 7.3513572050443505. Aborting. There is either an error in your model specification or the true solution is unstable (or the true solution can not be represented in the precision of Float64).
└ @ SciMLBase ~/.julia/packages/SciMLBase/VW1cI/src/integrator_interface.jl:623
┌ Warning: At t=-0.8813478322498743, dt was forced below floating point epsilon 1.1102230246251565e-16, and step error estimate = 1.269484320653912. Aborting. There is either an error in your model specification or the true solution is unstable (or the true solution can not be represented in the precision of Float64).
└ @ SciMLBase ~/.julia/packages/SciMLBase/VW1cI/src/integrator_interface.jl:623
┌ Warning: At t=-1.0, dt was forced below floating point epsilon 2.220446049250313e-16, and step error estimate = NaN. Aborting. There is either an error in your model specification or the true solution is unstable (or the true solution can not be represented in the precision of Float64).
└ @ SciMLBase ~/.julia/packages/SciMLBase/VW1cI/src/integrator_interface.jl:623
┌ Warning: At t=-0.941999999839741, dt was forced below floating point epsilon 1.1102230246251565e-16, and step error estimate = NaN. Aborting. There is either an error in your model specification or the true solution is unstable (or the true solution can not be represented in the precision of Float64).
└ @ SciMLBase ~/.julia/packages/SciMLBase/VW1cI/src/integrator_interface.jl:623
┌ Warning: At t=-0.2789177580537554, dt was forced below floating point epsilon 5.551115123125783e-17, and step error estimate = 1.0463723538685605. Aborting. There is either an error in your model specification or the true solution is unstable (or the true solution can not be represented in the precision of Float64).
└ @ SciMLBase ~/.julia/packages/SciMLBase/VW1cI/src/integrator_interface.jl:623
┌ Warning: At t=0.2279879974761276, dt was forced below floating point epsilon 2.7755575615628914e-17, and step error estimate = 61.3688437053615. Aborting. There is either an error in your model specification or the true solution is unstable (or the true solution can not be represented in the precision of Float64).
└ @ SciMLBase ~/.julia/packages/SciMLBase/VW1cI/src/integrator_interface.jl:623
┌ Warning: At t=-0.9388503284883623, dt was forced below floating point epsilon 1.1102230246251565e-16, and step error estimate = 1.0512505988350815. Aborting. There is either an error in your model specification or the true solution is unstable (or the true solution can not be represented in the precision of Float64).
└ @ SciMLBase ~/.julia/packages/SciMLBase/VW1cI/src/integrator_interface.jl:623
┌ Warning: At t=-0.9378578656212726, dt was forced below floating point epsilon 1.1102230246251565e-16, and step error estimate = 1.157947479449077. Aborting. There is either an error in your model specification or the true solution is unstable (or the true solution can not be represented in the precision of Float64).
└ @ SciMLBase ~/.julia/packages/SciMLBase/VW1cI/src/integrator_interface.jl:623
┌ Warning: At t=-0.9419916319694117, dt was forced below floating point epsilon 1.1102230246251565e-16, and step error estimate = NaN. Aborting. There is either an error in your model specification or the true solution is unstable (or the true solution can not be represented in the precision of Float64).
└ @ SciMLBase ~/.julia/packages/SciMLBase/VW1cI/src/integrator_interface.jl:623
┌ Warning: At t=-0.2649900103641946, dt was forced below floating point epsilon 5.551115123125783e-17, and step error estimate = 1.2355715833101035. Aborting. There is either an error in your model specification or the true solution is unstable (or the true solution can not be represented in the precision of Float64).
└ @ SciMLBase ~/.julia/packages/SciMLBase/VW1cI/src/integrator_interface.jl:623
┌ Warning: At t=-1.0, dt was forced below floating point epsilon 2.220446049250313e-16, and step error estimate = 7.418271635504415. Aborting. There is either an error in your model specification or the true solution is unstable (or the true solution can not be represented in the precision of Float64).
└ @ SciMLBase ~/.julia/packages/SciMLBase/VW1cI/src/integrator_interface.jl:623
┌ Warning: At t=0.49362894009565716, dt was forced below floating point epsilon 5.551115123125783e-17, and step error estimate = 1.3869955730815449. Aborting. There is either an error in your model specification or the true solution is unstable (or the true solution can not be represented in the precision of Float64).
└ @ SciMLBase ~/.julia/packages/SciMLBase/VW1cI/src/integrator_interface.jl:623
┌ Warning: At t=-0.861363944992752, dt was forced below floating point epsilon 1.1102230246251565e-16, and step error estimate = 1.2575904170759145. Aborting. There is either an error in your model specification or the true solution is unstable (or the true solution can not be represented in the precision of Float64).
└ @ SciMLBase ~/.julia/packages/SciMLBase/VW1cI/src/integrator_interface.jl:623
┌ Warning: At t=-0.9366859989421251, dt was forced below floating point epsilon 1.1102230246251565e-16, and step error estimate = 1.236440777691479. Aborting. There is either an error in your model specification or the true solution is unstable (or the true solution can not be represented in the precision of Float64).
└ @ SciMLBase ~/.julia/packages/SciMLBase/VW1cI/src/integrator_interface.jl:623
┌ Warning: At t=-0.7260291943205903, dt was forced below floating point epsilon 1.1102230246251565e-16, and step error estimate = NaN. Aborting. There is either an error in your model specification or the true solution is unstable (or the true solution can not be represented in the precision of Float64).
└ @ SciMLBase ~/.julia/packages/SciMLBase/VW1cI/src/integrator_interface.jl:623
┌ Warning: At t=-0.6588670744458913, dt was forced below floating point epsilon 1.1102230246251565e-16, and step error estimate = Inf. Aborting. There is either an error in your model specification or the true solution is unstable (or the true solution can not be represented in the precision of Float64).
└ @ SciMLBase ~/.julia/packages/SciMLBase/VW1cI/src/integrator_interface.jl:623
┌ Warning: At t=-1.0, dt was forced below floating point epsilon 2.220446049250313e-16, and step error estimate = 7.374875344076324. Aborting. There is either an error in your model specification or the true solution is unstable (or the true solution can not be represented in the precision of Float64).
└ @ SciMLBase ~/.julia/packages/SciMLBase/VW1cI/src/integrator_interface.jl:623
┌ Warning: Interrupted. Larger maxiters is needed. If you are using an integrator for non-stiff ODEs or an automatic switching algorithm (the default), you may want to consider using a method for stiff equations. See the solver pages for more details (e.g. https://docs.sciml.ai/DiffEqDocs/stable/solvers/ode_solve/#Stiff-Problems).
└ @ SciMLBase ~/.julia/packages/SciMLBase/VW1cI/src/integrator_interface.jl:589
┌ Warning: At t=-1.0, dt was forced below floating point epsilon 2.220446049250313e-16, and step error estimate = 7.215037980712229. Aborting. There is either an error in your model specification or the true solution is unstable (or the true solution can not be represented in the precision of Float64).
└ @ SciMLBase ~/.julia/packages/SciMLBase/VW1cI/src/integrator_interface.jl:623
┌ Warning: At t=-0.5018680631453202, dt was forced below floating point epsilon 1.1102230246251565e-16, and step error estimate = 1.2162388674622804. Aborting. There is either an error in your model specification or the true solution is unstable (or the true solution can not be represented in the precision of Float64).
└ @ SciMLBase ~/.julia/packages/SciMLBase/VW1cI/src/integrator_interface.jl:623
┌ Warning: At t=-1.0, dt was forced below floating point epsilon 2.220446049250313e-16, and step error estimate = 7.418271635504415. Aborting. There is either an error in your model specification or the true solution is unstable (or the true solution can not be represented in the precision of Float64).
└ @ SciMLBase ~/.julia/packages/SciMLBase/VW1cI/src/integrator_interface.jl:623
┌ Warning: At t=-1.0, dt was forced below floating point epsilon 2.220446049250313e-16, and step error estimate = NaN. Aborting. There is either an error in your model specification or the true solution is unstable (or the true solution can not be represented in the precision of Float64).
└ @ SciMLBase ~/.julia/packages/SciMLBase/VW1cI/src/integrator_interface.jl:623
┌ Warning: At t=-0.9277453256408142, dt was forced below floating point epsilon 1.1102230246251565e-16, and step error estimate = 1.02702714392697. Aborting. There is either an error in your model specification or the true solution is unstable (or the true solution can not be represented in the precision of Float64).
└ @ SciMLBase ~/.julia/packages/SciMLBase/VW1cI/src/integrator_interface.jl:623
┌ Warning: At t=-0.178567512768537, dt was forced below floating point epsilon 2.7755575615628914e-17, and step error estimate = 1.1659289729954114. Aborting. There is either an error in your model specification or the true solution is unstable (or the true solution can not be represented in the precision of Float64).
└ @ SciMLBase ~/.julia/packages/SciMLBase/VW1cI/src/integrator_interface.jl:623
┌ Warning: At t=0.8018651073097182, dt was forced below floating point epsilon 1.1102230246251565e-16, and step error estimate = 1.036282028578757. Aborting. There is either an error in your model specification or the true solution is unstable (or the true solution can not be represented in the precision of Float64).
└ @ SciMLBase ~/.julia/packages/SciMLBase/VW1cI/src/integrator_interface.jl:623
┌ Warning: At t=-0.9103263281115866, dt was forced below floating point epsilon 1.1102230246251565e-16, and step error estimate = NaN. Aborting. There is either an error in your model specification or the true solution is unstable (or the true solution can not be represented in the precision of Float64).
└ @ SciMLBase ~/.julia/packages/SciMLBase/VW1cI/src/integrator_interface.jl:623
┌ Warning: At t=-0.9419999992633575, dt was forced below floating point epsilon 1.1102230246251565e-16, and step error estimate = NaN. Aborting. There is either an error in your model specification or the true solution is unstable (or the true solution can not be represented in the precision of Float64).
└ @ SciMLBase ~/.julia/packages/SciMLBase/VW1cI/src/integrator_interface.jl:623
┌ Warning: At t=-0.9419999998148828, dt was forced below floating point epsilon 1.1102230246251565e-16, and step error estimate = NaN. Aborting. There is either an error in your model specification or the true solution is unstable (or the true solution can not be represented in the precision of Float64).
└ @ SciMLBase ~/.julia/packages/SciMLBase/VW1cI/src/integrator_interface.jl:623
┌ Warning: At t=-0.6435141561693084, dt was forced below floating point epsilon 1.1102230246251565e-16, and step error estimate = 1.146995859017855. Aborting. There is either an error in your model specification or the true solution is unstable (or the true solution can not be represented in the precision of Float64).
└ @ SciMLBase ~/.julia/packages/SciMLBase/VW1cI/src/integrator_interface.jl:623
┌ Warning: At t=-0.6483408027762094, dt was forced below floating point epsilon 1.1102230246251565e-16, and step error estimate = 4.954808064470551. Aborting. There is either an error in your model specification or the true solution is unstable (or the true solution can not be represented in the precision of Float64).
└ @ SciMLBase ~/.julia/packages/SciMLBase/VW1cI/src/integrator_interface.jl:623
┌ Warning: At t=-0.8623976634076972, dt was forced below floating point epsilon 1.1102230246251565e-16, and step error estimate = 1.1532320529874016. Aborting. There is either an error in your model specification or the true solution is unstable (or the true solution can not be represented in the precision of Float64).
└ @ SciMLBase ~/.julia/packages/SciMLBase/VW1cI/src/integrator_interface.jl:623
┌ Warning: At t=-0.8452241261035046, dt was forced below floating point epsilon 1.1102230246251565e-16, and step error estimate = 235.53613246250288. Aborting. There is either an error in your model specification or the true solution is unstable (or the true solution can not be represented in the precision of Float64).
└ @ SciMLBase ~/.julia/packages/SciMLBase/VW1cI/src/integrator_interface.jl:623
┌ Warning: At t=-0.9890841431669917, dt was forced below floating point epsilon 1.1102230246251565e-16, and step error estimate = 1.1334052239459937. Aborting. There is either an error in your model specification or the true solution is unstable (or the true solution can not be represented in the precision of Float64).
└ @ SciMLBase ~/.julia/packages/SciMLBase/VW1cI/src/integrator_interface.jl:623
┌ Warning: At t=-0.8887954433192973, dt was forced below floating point epsilon 1.1102230246251565e-16, and step error estimate = 1.022011747199379. Aborting. There is either an error in your model specification or the true solution is unstable (or the true solution can not be represented in the precision of Float64).
└ @ SciMLBase ~/.julia/packages/SciMLBase/VW1cI/src/integrator_interface.jl:623
┌ Warning: At t=-0.9890841431669917, dt was forced below floating point epsilon 1.1102230246251565e-16, and step error estimate = 1.1334052239459937. Aborting. There is either an error in your model specification or the true solution is unstable (or the true solution can not be represented in the precision of Float64).
└ @ SciMLBase ~/.julia/packages/SciMLBase/VW1cI/src/integrator_interface.jl:623
┌ Warning: At t=-0.50186806314529, dt was forced below floating point epsilon 1.1102230246251565e-16, and step error estimate = 1.3307957153182741. Aborting. There is either an error in your model specification or the true solution is unstable (or the true solution can not be represented in the precision of Float64).
└ @ SciMLBase ~/.julia/packages/SciMLBase/VW1cI/src/integrator_interface.jl:623
┌ Warning: At t=-0.6248790695567931, dt was forced below floating point epsilon 1.1102230246251565e-16, and step error estimate = 1.2360038607461605. Aborting. There is either an error in your model specification or the true solution is unstable (or the true solution can not be represented in the precision of Float64).
└ @ SciMLBase ~/.julia/packages/SciMLBase/VW1cI/src/integrator_interface.jl:623
┌ Warning: At t=-0.9419999984508258, dt was forced below floating point epsilon 1.1102230246251565e-16, and step error estimate = NaN. Aborting. There is either an error in your model specification or the true solution is unstable (or the true solution can not be represented in the precision of Float64).
└ @ SciMLBase ~/.julia/packages/SciMLBase/VW1cI/src/integrator_interface.jl:623
┌ Warning: At t=-1.0, dt was forced below floating point epsilon 2.220446049250313e-16, and step error estimate = NaN. Aborting. There is either an error in your model specification or the true solution is unstable (or the true solution can not be represented in the precision of Float64).
└ @ SciMLBase ~/.julia/packages/SciMLBase/VW1cI/src/integrator_interface.jl:623
┌ Warning: At t=-0.44420473746604006, dt was forced below floating point epsilon 5.551115123125783e-17, and step error estimate = 1.079554885414153. Aborting. There is either an error in your model specification or the true solution is unstable (or the true solution can not be represented in the precision of Float64).
└ @ SciMLBase ~/.julia/packages/SciMLBase/VW1cI/src/integrator_interface.jl:623
┌ Warning: At t=-0.93856922765863, dt was forced below floating point epsilon 1.1102230246251565e-16, and step error estimate = 1.0818757314055831. Aborting. There is either an error in your model specification or the true solution is unstable (or the true solution can not be represented in the precision of Float64).
└ @ SciMLBase ~/.julia/packages/SciMLBase/VW1cI/src/integrator_interface.jl:623
┌ Warning: At t=-0.8288179390192161, dt was forced below floating point epsilon 1.1102230246251565e-16, and step error estimate = 1.0991467657593892. Aborting. There is either an error in your model specification or the true solution is unstable (or the true solution can not be represented in the precision of Float64).
└ @ SciMLBase ~/.julia/packages/SciMLBase/VW1cI/src/integrator_interface.jl:623
┌ Warning: At t=-0.2789177580537554, dt was forced below floating point epsilon 5.551115123125783e-17, and step error estimate = 1.0463723538685605. Aborting. There is either an error in your model specification or the true solution is unstable (or the true solution can not be represented in the precision of Float64).
└ @ SciMLBase ~/.julia/packages/SciMLBase/VW1cI/src/integrator_interface.jl:623
┌ Warning: At t=0.8283513899841296, dt was forced below floating point epsilon 1.1102230246251565e-16, and step error estimate = 1.0122141601948935. Aborting. There is either an error in your model specification or the true solution is unstable (or the true solution can not be represented in the precision of Float64).
└ @ SciMLBase ~/.julia/packages/SciMLBase/VW1cI/src/integrator_interface.jl:623
┌ Warning: At t=-0.9376382084425835, dt was forced below floating point epsilon 1.1102230246251565e-16, and step error estimate = 1.0335128812222336. Aborting. There is either an error in your model specification or the true solution is unstable (or the true solution can not be represented in the precision of Float64).
└ @ SciMLBase ~/.julia/packages/SciMLBase/VW1cI/src/integrator_interface.jl:623
┌ Warning: At t=-0.9958597943565476, dt was forced below floating point epsilon 1.1102230246251565e-16, and step error estimate = 1.165724249625403. Aborting. There is either an error in your model specification or the true solution is unstable (or the true solution can not be represented in the precision of Float64).
└ @ SciMLBase ~/.julia/packages/SciMLBase/VW1cI/src/integrator_interface.jl:623
┌ Warning: At t=-0.16883822922425037, dt was forced below floating point epsilon 2.7755575615628914e-17, and step error estimate = 9.58346924588242. Aborting. There is either an error in your model specification or the true solution is unstable (or the true solution can not be represented in the precision of Float64).
└ @ SciMLBase ~/.julia/packages/SciMLBase/VW1cI/src/integrator_interface.jl:623
┌ Warning: Interrupted. Larger maxiters is needed. If you are using an integrator for non-stiff ODEs or an automatic switching algorithm (the default), you may want to consider using a method for stiff equations. See the solver pages for more details (e.g. https://docs.sciml.ai/DiffEqDocs/stable/solvers/ode_solve/#Stiff-Problems).
└ @ SciMLBase ~/.julia/packages/SciMLBase/VW1cI/src/integrator_interface.jl:589
┌ Warning: At t=-0.7360916276794351, dt was forced below floating point epsilon 1.1102230246251565e-16, and step error estimate = 1.110253546393512. Aborting. There is either an error in your model specification or the true solution is unstable (or the true solution can not be represented in the precision of Float64).
└ @ SciMLBase ~/.julia/packages/SciMLBase/VW1cI/src/integrator_interface.jl:623
┌ Warning: At t=-0.9376382084425819, dt was forced below floating point epsilon 1.1102230246251565e-16, and step error estimate = 1.0347805409528263. Aborting. There is either an error in your model specification or the true solution is unstable (or the true solution can not be represented in the precision of Float64).
└ @ SciMLBase ~/.julia/packages/SciMLBase/VW1cI/src/integrator_interface.jl:623
┌ Warning: At t=-0.926806444362873, dt was forced below floating point epsilon 1.1102230246251565e-16, and step error estimate = 21.17094416135331. Aborting. There is either an error in your model specification or the true solution is unstable (or the true solution can not be represented in the precision of Float64).
└ @ SciMLBase ~/.julia/packages/SciMLBase/VW1cI/src/integrator_interface.jl:623
┌ Warning: At t=-0.1365157662174527, dt was forced below floating point epsilon 2.7755575615628914e-17, and step error estimate = 10.574924477250892. Aborting. There is either an error in your model specification or the true solution is unstable (or the true solution can not be represented in the precision of Float64).
└ @ SciMLBase ~/.julia/packages/SciMLBase/VW1cI/src/integrator_interface.jl:623
┌ Warning: At t=-0.9157472714874765, dt was forced below floating point epsilon 1.1102230246251565e-16, and step error estimate = 1.100756355684639. Aborting. There is either an error in your model specification or the true solution is unstable (or the true solution can not be represented in the precision of Float64).
└ @ SciMLBase ~/.julia/packages/SciMLBase/VW1cI/src/integrator_interface.jl:623
┌ Warning: At t=-0.5317410737922315, dt was forced below floating point epsilon 1.1102230246251565e-16, and step error estimate = 1.0062749904624257. Aborting. There is either an error in your model specification or the true solution is unstable (or the true solution can not be represented in the precision of Float64).
└ @ SciMLBase ~/.julia/packages/SciMLBase/VW1cI/src/integrator_interface.jl:623
┌ Warning: At t=-0.9419999992633575, dt was forced below floating point epsilon 1.1102230246251565e-16, and step error estimate = NaN. Aborting. There is either an error in your model specification or the true solution is unstable (or the true solution can not be represented in the precision of Float64).
└ @ SciMLBase ~/.julia/packages/SciMLBase/VW1cI/src/integrator_interface.jl:623
┌ Warning: At t=-0.9419339609621815, dt was forced below floating point epsilon 1.1102230246251565e-16, and step error estimate = NaN. Aborting. There is either an error in your model specification or the true solution is unstable (or the true solution can not be represented in the precision of Float64).
└ @ SciMLBase ~/.julia/packages/SciMLBase/VW1cI/src/integrator_interface.jl:623
┌ Warning: At t=-0.9198950354674064, dt was forced below floating point epsilon 1.1102230246251565e-16, and step error estimate = 1.0848314019488896. Aborting. There is either an error in your model specification or the true solution is unstable (or the true solution can not be represented in the precision of Float64).
└ @ SciMLBase ~/.julia/packages/SciMLBase/VW1cI/src/integrator_interface.jl:623
┌ Warning: At t=0.46329276238824874, dt was forced below floating point epsilon 5.551115123125783e-17, and step error estimate = 1.2407844975851512. Aborting. There is either an error in your model specification or the true solution is unstable (or the true solution can not be represented in the precision of Float64).
└ @ SciMLBase ~/.julia/packages/SciMLBase/VW1cI/src/integrator_interface.jl:623
┌ Warning: At t=-0.9419999999919162, dt was forced below floating point epsilon 1.1102230246251565e-16, and step error estimate = NaN. Aborting. There is either an error in your model specification or the true solution is unstable (or the true solution can not be represented in the precision of Float64).
└ @ SciMLBase ~/.julia/packages/SciMLBase/VW1cI/src/integrator_interface.jl:623
┌ Warning: At t=-0.8548608575513659, dt was forced below floating point epsilon 1.1102230246251565e-16, and step error estimate = 1.0276272629638397. Aborting. There is either an error in your model specification or the true solution is unstable (or the true solution can not be represented in the precision of Float64).
└ @ SciMLBase ~/.julia/packages/SciMLBase/VW1cI/src/integrator_interface.jl:623
┌ Warning: At t=0.5901557241029046, dt was forced below floating point epsilon 1.1102230246251565e-16, and step error estimate = 1.014571424223251. Aborting. There is either an error in your model specification or the true solution is unstable (or the true solution can not be represented in the precision of Float64).
└ @ SciMLBase ~/.julia/packages/SciMLBase/VW1cI/src/integrator_interface.jl:623
┌ Warning: At t=-0.9399702193565941, dt was forced below floating point epsilon 1.1102230246251565e-16, and step error estimate = 1.1465037991290556. Aborting. There is either an error in your model specification or the true solution is unstable (or the true solution can not be represented in the precision of Float64).
└ @ SciMLBase ~/.julia/packages/SciMLBase/VW1cI/src/integrator_interface.jl:623
┌ Warning: At t=-0.7598902389564072, dt was forced below floating point epsilon 1.1102230246251565e-16, and step error estimate = 1.8589082314205512. Aborting. There is either an error in your model specification or the true solution is unstable (or the true solution can not be represented in the precision of Float64).
└ @ SciMLBase ~/.julia/packages/SciMLBase/VW1cI/src/integrator_interface.jl:623
┌ Warning: At t=-0.9210491545405389, dt was forced below floating point epsilon 1.1102230246251565e-16, and step error estimate = 1.330445462309121. Aborting. There is either an error in your model specification or the true solution is unstable (or the true solution can not be represented in the precision of Float64).
└ @ SciMLBase ~/.julia/packages/SciMLBase/VW1cI/src/integrator_interface.jl:623
┌ Warning: At t=-0.8446708063590622, dt was forced below floating point epsilon 1.1102230246251565e-16, and step error estimate = 1.2802953200415128. Aborting. There is either an error in your model specification or the true solution is unstable (or the true solution can not be represented in the precision of Float64).
└ @ SciMLBase ~/.julia/packages/SciMLBase/VW1cI/src/integrator_interface.jl:623
┌ Warning: At t=-0.2887610842427329, dt was forced below floating point epsilon 5.551115123125783e-17, and step error estimate = 1.0360825908921034. Aborting. There is either an error in your model specification or the true solution is unstable (or the true solution can not be represented in the precision of Float64).
└ @ SciMLBase ~/.julia/packages/SciMLBase/VW1cI/src/integrator_interface.jl:623
┌ Warning: At t=-0.7360916276794351, dt was forced below floating point epsilon 1.1102230246251565e-16, and step error estimate = 1.110253546393512. Aborting. There is either an error in your model specification or the true solution is unstable (or the true solution can not be represented in the precision of Float64).
└ @ SciMLBase ~/.julia/packages/SciMLBase/VW1cI/src/integrator_interface.jl:623
┌ Warning: At t=-0.9157472714874765, dt was forced below floating point epsilon 1.1102230246251565e-16, and step error estimate = 1.100756355684639. Aborting. There is either an error in your model specification or the true solution is unstable (or the true solution can not be represented in the precision of Float64).
└ @ SciMLBase ~/.julia/packages/SciMLBase/VW1cI/src/integrator_interface.jl:623
┌ Warning: At t=-0.9419998649291041, dt was forced below floating point epsilon 1.1102230246251565e-16, and step error estimate = NaN. Aborting. There is either an error in your model specification or the true solution is unstable (or the true solution can not be represented in the precision of Float64).
└ @ SciMLBase ~/.julia/packages/SciMLBase/VW1cI/src/integrator_interface.jl:623
┌ Warning: At t=-0.9419999998148828, dt was forced below floating point epsilon 1.1102230246251565e-16, and step error estimate = NaN. Aborting. There is either an error in your model specification or the true solution is unstable (or the true solution can not be represented in the precision of Float64).
└ @ SciMLBase ~/.julia/packages/SciMLBase/VW1cI/src/integrator_interface.jl:623
┌ Warning: At t=-0.8873769982002091, dt was forced below floating point epsilon 1.1102230246251565e-16, and step error estimate = 1.3101435362006242. Aborting. There is either an error in your model specification or the true solution is unstable (or the true solution can not be represented in the precision of Float64).
└ @ SciMLBase ~/.julia/packages/SciMLBase/VW1cI/src/integrator_interface.jl:623
┌ Warning: At t=0.8763441576206296, dt was forced below floating point epsilon 1.1102230246251565e-16, and step error estimate = 1.0191553470795227. Aborting. There is either an error in your model specification or the true solution is unstable (or the true solution can not be represented in the precision of Float64).
└ @ SciMLBase ~/.julia/packages/SciMLBase/VW1cI/src/integrator_interface.jl:623
┌ Warning: At t=-1.0, dt was forced below floating point epsilon 2.220446049250313e-16, and step error estimate = 7.191402044476194. Aborting. There is either an error in your model specification or the true solution is unstable (or the true solution can not be represented in the precision of Float64).
└ @ SciMLBase ~/.julia/packages/SciMLBase/VW1cI/src/integrator_interface.jl:623
┌ Warning: At t=-0.9366113891836824, dt was forced below floating point epsilon 1.1102230246251565e-16, and step error estimate = 1.0382390928934269. Aborting. There is either an error in your model specification or the true solution is unstable (or the true solution can not be represented in the precision of Float64).
└ @ SciMLBase ~/.julia/packages/SciMLBase/VW1cI/src/integrator_interface.jl:623
┌ Warning: At t=-0.7986073152157542, dt was forced below floating point epsilon 1.1102230246251565e-16, and step error estimate = 1.0895153037171978. Aborting. There is either an error in your model specification or the true solution is unstable (or the true solution can not be represented in the precision of Float64).
└ @ SciMLBase ~/.julia/packages/SciMLBase/VW1cI/src/integrator_interface.jl:623
┌ Warning: At t=-0.6818407612800956, dt was forced below floating point epsilon 1.1102230246251565e-16, and step error estimate = 1.176306668821443. Aborting. There is either an error in your model specification or the true solution is unstable (or the true solution can not be represented in the precision of Float64).
└ @ SciMLBase ~/.julia/packages/SciMLBase/VW1cI/src/integrator_interface.jl:623
┌ Warning: At t=-1.0, dt was forced below floating point epsilon 2.220446049250313e-16, and step error estimate = 7.191763173059804. Aborting. There is either an error in your model specification or the true solution is unstable (or the true solution can not be represented in the precision of Float64).
└ @ SciMLBase ~/.julia/packages/SciMLBase/VW1cI/src/integrator_interface.jl:623
┌ Warning: At t=-0.915647516333971, dt was forced below floating point epsilon 1.1102230246251565e-16, and step error estimate = 1.214079076074896. Aborting. There is either an error in your model specification or the true solution is unstable (or the true solution can not be represented in the precision of Float64).
└ @ SciMLBase ~/.julia/packages/SciMLBase/VW1cI/src/integrator_interface.jl:623
┌ Warning: At t=-0.27170805551344906, dt was forced below floating point epsilon 5.551115123125783e-17, and step error estimate = 1.2368844575852003. Aborting. There is either an error in your model specification or the true solution is unstable (or the true solution can not be represented in the precision of Float64).
└ @ SciMLBase ~/.julia/packages/SciMLBase/VW1cI/src/integrator_interface.jl:623
┌ Warning: At t=-1.0, dt was forced below floating point epsilon 2.220446049250313e-16, and step error estimate = 7.254310385254067. Aborting. There is either an error in your model specification or the true solution is unstable (or the true solution can not be represented in the precision of Float64).
└ @ SciMLBase ~/.julia/packages/SciMLBase/VW1cI/src/integrator_interface.jl:623
┌ Warning: At t=0.8018651073099095, dt was forced below floating point epsilon 1.1102230246251565e-16, and step error estimate = 1.029068138951751. Aborting. There is either an error in your model specification or the true solution is unstable (or the true solution can not be represented in the precision of Float64).
└ @ SciMLBase ~/.julia/packages/SciMLBase/VW1cI/src/integrator_interface.jl:623
┌ Warning: At t=-0.648163093393407, dt was forced below floating point epsilon 1.1102230246251565e-16, and step error estimate = 1.1153368909174965. Aborting. There is either an error in your model specification or the true solution is unstable (or the true solution can not be represented in the precision of Float64).
└ @ SciMLBase ~/.julia/packages/SciMLBase/VW1cI/src/integrator_interface.jl:623
┌ Warning: At t=-0.26320938387724857, dt was forced below floating point epsilon 5.551115123125783e-17, and step error estimate = NaN. Aborting. There is either an error in your model specification or the true solution is unstable (or the true solution can not be represented in the precision of Float64).
└ @ SciMLBase ~/.julia/packages/SciMLBase/VW1cI/src/integrator_interface.jl:623
┌ Warning: At t=-0.8655893730653306, dt was forced below floating point epsilon 1.1102230246251565e-16, and step error estimate = NaN. Aborting. There is either an error in your model specification or the true solution is unstable (or the true solution can not be represented in the precision of Float64).
└ @ SciMLBase ~/.julia/packages/SciMLBase/VW1cI/src/integrator_interface.jl:623
┌ Warning: At t=-0.92518776269495, dt was forced below floating point epsilon 1.1102230246251565e-16, and step error estimate = 1.202111046153637. Aborting. There is either an error in your model specification or the true solution is unstable (or the true solution can not be represented in the precision of Float64).
└ @ SciMLBase ~/.julia/packages/SciMLBase/VW1cI/src/integrator_interface.jl:623
┌ Warning: At t=-0.8834769107849346, dt was forced below floating point epsilon 1.1102230246251565e-16, and step error estimate = 207.99158161865546. Aborting. There is either an error in your model specification or the true solution is unstable (or the true solution can not be represented in the precision of Float64).
└ @ SciMLBase ~/.julia/packages/SciMLBase/VW1cI/src/integrator_interface.jl:623
┌ Warning: At t=-1.0, dt was forced below floating point epsilon 2.220446049250313e-16, and step error estimate = 7.3305886244959035. Aborting. There is either an error in your model specification or the true solution is unstable (or the true solution can not be represented in the precision of Float64).
└ @ SciMLBase ~/.julia/packages/SciMLBase/VW1cI/src/integrator_interface.jl:623
┌ Warning: At t=-0.9419999985321471, dt was forced below floating point epsilon 1.1102230246251565e-16, and step error estimate = NaN. Aborting. There is either an error in your model specification or the true solution is unstable (or the true solution can not be represented in the precision of Float64).
└ @ SciMLBase ~/.julia/packages/SciMLBase/VW1cI/src/integrator_interface.jl:623
┌ Warning: At t=-0.9103955839640414, dt was forced below floating point epsilon 1.1102230246251565e-16, and step error estimate = 1.3311095667011694. Aborting. There is either an error in your model specification or the true solution is unstable (or the true solution can not be represented in the precision of Float64).
└ @ SciMLBase ~/.julia/packages/SciMLBase/VW1cI/src/integrator_interface.jl:623
┌ Warning: At t=-0.31553281154103524, dt was forced below floating point epsilon 5.551115123125783e-17, and step error estimate = 1.0069488644738347. Aborting. There is either an error in your model specification or the true solution is unstable (or the true solution can not be represented in the precision of Float64).
└ @ SciMLBase ~/.julia/packages/SciMLBase/VW1cI/src/integrator_interface.jl:623
┌ Warning: At t=-0.9419999996729883, dt was forced below floating point epsilon 1.1102230246251565e-16, and step error estimate = NaN. Aborting. There is either an error in your model specification or the true solution is unstable (or the true solution can not be represented in the precision of Float64).
└ @ SciMLBase ~/.julia/packages/SciMLBase/VW1cI/src/integrator_interface.jl:623
┌ Warning: At t=0.18925775184586846, dt was forced below floating point epsilon 2.7755575615628914e-17, and step error estimate = 1.3034482857833456. Aborting. There is either an error in your model specification or the true solution is unstable (or the true solution can not be represented in the precision of Float64).
└ @ SciMLBase ~/.julia/packages/SciMLBase/VW1cI/src/integrator_interface.jl:623
┌ Warning: At t=-0.9419999984508258, dt was forced below floating point epsilon 1.1102230246251565e-16, and step error estimate = NaN. Aborting. There is either an error in your model specification or the true solution is unstable (or the true solution can not be represented in the precision of Float64).
└ @ SciMLBase ~/.julia/packages/SciMLBase/VW1cI/src/integrator_interface.jl:623
┌ Warning: At t=-1.0, dt was forced below floating point epsilon 2.220446049250313e-16, and step error estimate = 7.1966081896825855. Aborting. There is either an error in your model specification or the true solution is unstable (or the true solution can not be represented in the precision of Float64).
└ @ SciMLBase ~/.julia/packages/SciMLBase/VW1cI/src/integrator_interface.jl:623
┌ Warning: At t=-0.5345953697741885, dt was forced below floating point epsilon 1.1102230246251565e-16, and step error estimate = 111.23269044604118. Aborting. There is either an error in your model specification or the true solution is unstable (or the true solution can not be represented in the precision of Float64).
└ @ SciMLBase ~/.julia/packages/SciMLBase/VW1cI/src/integrator_interface.jl:623
┌ Warning: At t=-0.9990498740032414, dt was forced below floating point epsilon 1.1102230246251565e-16, and step error estimate = 1.3191201034969724. Aborting. There is either an error in your model specification or the true solution is unstable (or the true solution can not be represented in the precision of Float64).
└ @ SciMLBase ~/.julia/packages/SciMLBase/VW1cI/src/integrator_interface.jl:623
┌ Warning: At t=-0.8541611061857582, dt was forced below floating point epsilon 1.1102230246251565e-16, and step error estimate = 2.4845048241323107. Aborting. There is either an error in your model specification or the true solution is unstable (or the true solution can not be represented in the precision of Float64).
└ @ SciMLBase ~/.julia/packages/SciMLBase/VW1cI/src/integrator_interface.jl:623
┌ Warning: At t=-0.8526199833937188, dt was forced below floating point epsilon 1.1102230246251565e-16, and step error estimate = 2.4233580674490964. Aborting. There is either an error in your model specification or the true solution is unstable (or the true solution can not be represented in the precision of Float64).
└ @ SciMLBase ~/.julia/packages/SciMLBase/VW1cI/src/integrator_interface.jl:623
┌ Warning: At t=0.8018651073099095, dt was forced below floating point epsilon 1.1102230246251565e-16, and step error estimate = 1.029068138951751. Aborting. There is either an error in your model specification or the true solution is unstable (or the true solution can not be represented in the precision of Float64).
└ @ SciMLBase ~/.julia/packages/SciMLBase/VW1cI/src/integrator_interface.jl:623
┌ Warning: At t=-0.1365157662174527, dt was forced below floating point epsilon 2.7755575615628914e-17, and step error estimate = 10.574924477250892. Aborting. There is either an error in your model specification or the true solution is unstable (or the true solution can not be represented in the precision of Float64).
└ @ SciMLBase ~/.julia/packages/SciMLBase/VW1cI/src/integrator_interface.jl:623
┌ Warning: At t=-1.0, dt was forced below floating point epsilon 2.220446049250313e-16, and step error estimate = NaN. Aborting. There is either an error in your model specification or the true solution is unstable (or the true solution can not be represented in the precision of Float64).
└ @ SciMLBase ~/.julia/packages/SciMLBase/VW1cI/src/integrator_interface.jl:623
┌ Warning: At t=-1.0, dt was forced below floating point epsilon 2.220446049250313e-16, and step error estimate = 193.78817210902707. Aborting. There is either an error in your model specification or the true solution is unstable (or the true solution can not be represented in the precision of Float64).
└ @ SciMLBase ~/.julia/packages/SciMLBase/VW1cI/src/integrator_interface.jl:623
┌ Warning: At t=-0.23554112027977414, dt was forced below floating point epsilon 2.7755575615628914e-17, and step error estimate = NaN. Aborting. There is either an error in your model specification or the true solution is unstable (or the true solution can not be represented in the precision of Float64).
└ @ SciMLBase ~/.julia/packages/SciMLBase/VW1cI/src/integrator_interface.jl:623
┌ Warning: At t=-0.9744290962766364, dt was forced below floating point epsilon 1.1102230246251565e-16, and step error estimate = 1.068472020939289. Aborting. There is either an error in your model specification or the true solution is unstable (or the true solution can not be represented in the precision of Float64).
└ @ SciMLBase ~/.julia/packages/SciMLBase/VW1cI/src/integrator_interface.jl:623
┌ Warning: At t=-1.0, dt was forced below floating point epsilon 2.220446049250313e-16, and step error estimate = NaN. Aborting. There is either an error in your model specification or the true solution is unstable (or the true solution can not be represented in the precision of Float64).
└ @ SciMLBase ~/.julia/packages/SciMLBase/VW1cI/src/integrator_interface.jl:623
┌ Warning: Interrupted. Larger maxiters is needed. If you are using an integrator for non-stiff ODEs or an automatic switching algorithm (the default), you may want to consider using a method for stiff equations. See the solver pages for more details (e.g. https://docs.sciml.ai/DiffEqDocs/stable/solvers/ode_solve/#Stiff-Problems).
└ @ SciMLBase ~/.julia/packages/SciMLBase/VW1cI/src/integrator_interface.jl:589
┌ Warning: At t=-1.0, dt was forced below floating point epsilon 2.220446049250313e-16, and step error estimate = 7.179303615715159. Aborting. There is either an error in your model specification or the true solution is unstable (or the true solution can not be represented in the precision of Float64).
└ @ SciMLBase ~/.julia/packages/SciMLBase/VW1cI/src/integrator_interface.jl:623
┌ Warning: At t=0.22798799747613038, dt was forced below floating point epsilon 2.7755575615628914e-17, and step error estimate = 648.9178582202974. Aborting. There is either an error in your model specification or the true solution is unstable (or the true solution can not be represented in the precision of Float64).
└ @ SciMLBase ~/.julia/packages/SciMLBase/VW1cI/src/integrator_interface.jl:623
┌ Warning: At t=-0.9096372909716245, dt was forced below floating point epsilon 1.1102230246251565e-16, and step error estimate = 1.3255601662397822. Aborting. There is either an error in your model specification or the true solution is unstable (or the true solution can not be represented in the precision of Float64).
└ @ SciMLBase ~/.julia/packages/SciMLBase/VW1cI/src/integrator_interface.jl:623
┌ Warning: At t=-1.0, dt was forced below floating point epsilon 2.220446049250313e-16, and step error estimate = NaN. Aborting. There is either an error in your model specification or the true solution is unstable (or the true solution can not be represented in the precision of Float64).
└ @ SciMLBase ~/.julia/packages/SciMLBase/VW1cI/src/integrator_interface.jl:623
┌ Warning: At t=0.6468096509136256, dt was forced below floating point epsilon 1.1102230246251565e-16, and step error estimate = 1.0686584606340617. Aborting. There is either an error in your model specification or the true solution is unstable (or the true solution can not be represented in the precision of Float64).
└ @ SciMLBase ~/.julia/packages/SciMLBase/VW1cI/src/integrator_interface.jl:623
┌ Warning: At t=-0.9624714532363509, dt was forced below floating point epsilon 1.1102230246251565e-16, and step error estimate = 1.1637576696474854. Aborting. There is either an error in your model specification or the true solution is unstable (or the true solution can not be represented in the precision of Float64).
└ @ SciMLBase ~/.julia/packages/SciMLBase/VW1cI/src/integrator_interface.jl:623
┌ Warning: At t=0.49362894009565716, dt was forced below floating point epsilon 5.551115123125783e-17, and step error estimate = 1.3869955730815449. Aborting. There is either an error in your model specification or the true solution is unstable (or the true solution can not be represented in the precision of Float64).
└ @ SciMLBase ~/.julia/packages/SciMLBase/VW1cI/src/integrator_interface.jl:623
┌ Warning: At t=-0.941999574713214, dt was forced below floating point epsilon 1.1102230246251565e-16, and step error estimate = 2.19029659157875. Aborting. There is either an error in your model specification or the true solution is unstable (or the true solution can not be represented in the precision of Float64).
└ @ SciMLBase ~/.julia/packages/SciMLBase/VW1cI/src/integrator_interface.jl:623
┌ Warning: At t=-0.39513894677592704, dt was forced below floating point epsilon 5.551115123125783e-17, and step error estimate = 223.40376015457912. Aborting. There is either an error in your model specification or the true solution is unstable (or the true solution can not be represented in the precision of Float64).
└ @ SciMLBase ~/.julia/packages/SciMLBase/VW1cI/src/integrator_interface.jl:623
┌ Warning: At t=-0.8655893730653306, dt was forced below floating point epsilon 1.1102230246251565e-16, and step error estimate = NaN. Aborting. There is either an error in your model specification or the true solution is unstable (or the true solution can not be represented in the precision of Float64).
└ @ SciMLBase ~/.julia/packages/SciMLBase/VW1cI/src/integrator_interface.jl:623
┌ Warning: At t=-0.9419957755861337, dt was forced below floating point epsilon 1.1102230246251565e-16, and step error estimate = NaN. Aborting. There is either an error in your model specification or the true solution is unstable (or the true solution can not be represented in the precision of Float64).
└ @ SciMLBase ~/.julia/packages/SciMLBase/VW1cI/src/integrator_interface.jl:623
┌ Warning: At t=-1.0, dt was forced below floating point epsilon 2.220446049250313e-16, and step error estimate = 7.28758414724046. Aborting. There is either an error in your model specification or the true solution is unstable (or the true solution can not be represented in the precision of Float64).
└ @ SciMLBase ~/.julia/packages/SciMLBase/VW1cI/src/integrator_interface.jl:623
┌ Warning: At t=-1.0, dt was forced below floating point epsilon 2.220446049250313e-16, and step error estimate = 7.1966081896825855. Aborting. There is either an error in your model specification or the true solution is unstable (or the true solution can not be represented in the precision of Float64).
└ @ SciMLBase ~/.julia/packages/SciMLBase/VW1cI/src/integrator_interface.jl:623
┌ Warning: Interrupted. Larger maxiters is needed. If you are using an integrator for non-stiff ODEs or an automatic switching algorithm (the default), you may want to consider using a method for stiff equations. See the solver pages for more details (e.g. https://docs.sciml.ai/DiffEqDocs/stable/solvers/ode_solve/#Stiff-Problems).
└ @ SciMLBase ~/.julia/packages/SciMLBase/VW1cI/src/integrator_interface.jl:589
┌ Warning: At t=-0.9419900363595928, dt was forced below floating point epsilon 1.1102230246251565e-16, and step error estimate = 4.045734475250837. Aborting. There is either an error in your model specification or the true solution is unstable (or the true solution can not be represented in the precision of Float64).
└ @ SciMLBase ~/.julia/packages/SciMLBase/VW1cI/src/integrator_interface.jl:623
┌ Warning: At t=-0.6584549158119558, dt was forced below floating point epsilon 1.1102230246251565e-16, and step error estimate = 1.3772943490651661. Aborting. There is either an error in your model specification or the true solution is unstable (or the true solution can not be represented in the precision of Float64).
└ @ SciMLBase ~/.julia/packages/SciMLBase/VW1cI/src/integrator_interface.jl:623
┌ Warning: At t=0.47150913671767486, dt was forced below floating point epsilon 5.551115123125783e-17, and step error estimate = 77.27696499866578. Aborting. There is either an error in your model specification or the true solution is unstable (or the true solution can not be represented in the precision of Float64).
└ @ SciMLBase ~/.julia/packages/SciMLBase/VW1cI/src/integrator_interface.jl:623
┌ Warning: At t=-0.8887954433192973, dt was forced below floating point epsilon 1.1102230246251565e-16, and step error estimate = 1.022011747199379. Aborting. There is either an error in your model specification or the true solution is unstable (or the true solution can not be represented in the precision of Float64).
└ @ SciMLBase ~/.julia/packages/SciMLBase/VW1cI/src/integrator_interface.jl:623
┌ Warning: Interrupted. Larger maxiters is needed. If you are using an integrator for non-stiff ODEs or an automatic switching algorithm (the default), you may want to consider using a method for stiff equations. See the solver pages for more details (e.g. https://docs.sciml.ai/DiffEqDocs/stable/solvers/ode_solve/#Stiff-Problems).
└ @ SciMLBase ~/.julia/packages/SciMLBase/VW1cI/src/integrator_interface.jl:589
┌ Warning: At t=0.12756696808093998, dt was forced below floating point epsilon 2.7755575615628914e-17, and step error estimate = 1.0331402224345183. Aborting. There is either an error in your model specification or the true solution is unstable (or the true solution can not be represented in the precision of Float64).
└ @ SciMLBase ~/.julia/packages/SciMLBase/VW1cI/src/integrator_interface.jl:623
┌ Warning: At t=-0.14381814082692226, dt was forced below floating point epsilon 2.7755575615628914e-17, and step error estimate = 32.75617700592916. Aborting. There is either an error in your model specification or the true solution is unstable (or the true solution can not be represented in the precision of Float64).
└ @ SciMLBase ~/.julia/packages/SciMLBase/VW1cI/src/integrator_interface.jl:623
┌ Warning: At t=-0.3951389467759281, dt was forced below floating point epsilon 5.551115123125783e-17, and step error estimate = 2980.1356617501597. Aborting. There is either an error in your model specification or the true solution is unstable (or the true solution can not be represented in the precision of Float64).
└ @ SciMLBase ~/.julia/packages/SciMLBase/VW1cI/src/integrator_interface.jl:623
┌ Warning: At t=-1.0, dt was forced below floating point epsilon 2.220446049250313e-16, and step error estimate = 7.1892981538877905. Aborting. There is either an error in your model specification or the true solution is unstable (or the true solution can not be represented in the precision of Float64).
└ @ SciMLBase ~/.julia/packages/SciMLBase/VW1cI/src/integrator_interface.jl:623
┌ Warning: At t=-1.0, dt was forced below floating point epsilon 2.220446049250313e-16, and step error estimate = 7.191402044476194. Aborting. There is either an error in your model specification or the true solution is unstable (or the true solution can not be represented in the precision of Float64).
└ @ SciMLBase ~/.julia/packages/SciMLBase/VW1cI/src/integrator_interface.jl:623
┌ Warning: At t=-0.9103955839640414, dt was forced below floating point epsilon 1.1102230246251565e-16, and step error estimate = 1.3311095667011694. Aborting. There is either an error in your model specification or the true solution is unstable (or the true solution can not be represented in the precision of Float64).
└ @ SciMLBase ~/.julia/packages/SciMLBase/VW1cI/src/integrator_interface.jl:623
┌ Warning: At t=-0.7299270320811558, dt was forced below floating point epsilon 1.1102230246251565e-16, and step error estimate = 1.0217426337837436. Aborting. There is either an error in your model specification or the true solution is unstable (or the true solution can not be represented in the precision of Float64).
└ @ SciMLBase ~/.julia/packages/SciMLBase/VW1cI/src/integrator_interface.jl:623
┌ Warning: At t=-0.915647516333971, dt was forced below floating point epsilon 1.1102230246251565e-16, and step error estimate = 1.214079076074896. Aborting. There is either an error in your model specification or the true solution is unstable (or the true solution can not be represented in the precision of Float64).
└ @ SciMLBase ~/.julia/packages/SciMLBase/VW1cI/src/integrator_interface.jl:623
┌ Warning: At t=-0.9376382084425835, dt was forced below floating point epsilon 1.1102230246251565e-16, and step error estimate = 1.0335128812222336. Aborting. There is either an error in your model specification or the true solution is unstable (or the true solution can not be represented in the precision of Float64).
└ @ SciMLBase ~/.julia/packages/SciMLBase/VW1cI/src/integrator_interface.jl:623
┌ Warning: At t=-0.9392713142778394, dt was forced below floating point epsilon 1.1102230246251565e-16, and step error estimate = 1.1491939398348294. Aborting. There is either an error in your model specification or the true solution is unstable (or the true solution can not be represented in the precision of Float64).
└ @ SciMLBase ~/.julia/packages/SciMLBase/VW1cI/src/integrator_interface.jl:623
┌ Warning: At t=-0.9419998649291041, dt was forced below floating point epsilon 1.1102230246251565e-16, and step error estimate = NaN. Aborting. There is either an error in your model specification or the true solution is unstable (or the true solution can not be represented in the precision of Float64).
└ @ SciMLBase ~/.julia/packages/SciMLBase/VW1cI/src/integrator_interface.jl:623
┌ Warning: Interrupted. Larger maxiters is needed. If you are using an integrator for non-stiff ODEs or an automatic switching algorithm (the default), you may want to consider using a method for stiff equations. See the solver pages for more details (e.g. https://docs.sciml.ai/DiffEqDocs/stable/solvers/ode_solve/#Stiff-Problems).
└ @ SciMLBase ~/.julia/packages/SciMLBase/VW1cI/src/integrator_interface.jl:589
┌ Warning: At t=-0.9376382084425819, dt was forced below floating point epsilon 1.1102230246251565e-16, and step error estimate = 1.0347805409528263. Aborting. There is either an error in your model specification or the true solution is unstable (or the true solution can not be represented in the precision of Float64).
└ @ SciMLBase ~/.julia/packages/SciMLBase/VW1cI/src/integrator_interface.jl:623
LinearAlgebra.PosDefException(2)
LinearAlgebra.PosDefException(3)
LinearAlgebra.PosDefException(2)
LinearAlgebra.PosDefException(3)
LinearAlgebra.PosDefException(3)
LinearAlgebra.PosDefException(6)
LinearAlgebra.PosDefException(90)
LinearAlgebra.PosDefException(2)
LinearAlgebra.PosDefException(3)
LinearAlgebra.PosDefException(2)
LinearAlgebra.PosDefException(3)
LinearAlgebra.PosDefException(2)
LinearAlgebra.PosDefException(3)
LinearAlgebra.PosDefException(5)
LinearAlgebra.PosDefException(87)
LinearAlgebra.PosDefException(2)
LinearAlgebra.PosDefException(2)
LinearAlgebra.PosDefException(3)
LinearAlgebra.PosDefException(2)
LinearAlgebra.PosDefException(3)
LinearAlgebra.PosDefException(3)
LinearAlgebra.PosDefException(4)
LinearAlgebra.PosDefException(4)
LinearAlgebra.PosDefException(301)
LinearAlgebra.PosDefException(3)
LinearAlgebra.PosDefException(4)
LinearAlgebra.PosDefException(4)
LinearAlgebra.PosDefException(26)
LinearAlgebra.PosDefException(303)
LinearAlgebra.PosDefException(347)
LinearAlgebra.PosDefException(132)
LinearAlgebra.PosDefException(496)
LinearAlgebra.PosDefException(714)
LinearAlgebra.PosDefException(2)
LinearAlgebra.PosDefException(3)
LinearAlgebra.PosDefException(3)
LinearAlgebra.PosDefException(3)
LinearAlgebra.PosDefException(3)
LinearAlgebra.PosDefException(6)
LinearAlgebra.PosDefException(89)
LinearAlgebra.PosDefException(2)
LinearAlgebra.PosDefException(2)
LinearAlgebra.PosDefException(2)
LinearAlgebra.PosDefException(2)
LinearAlgebra.PosDefException(3)
LinearAlgebra.PosDefException(4)
LinearAlgebra.PosDefException(4)
LinearAlgebra.PosDefException(83)
LinearAlgebra.PosDefException(6)
LinearAlgebra.PosDefException(7)
LinearAlgebra.PosDefException(78)
LinearAlgebra.PosDefException(2)
LinearAlgebra.PosDefException(6)
LinearAlgebra.PosDefException(6)
LinearAlgebra.PosDefException(3)
LinearAlgebra.PosDefException(6)
LinearAlgebra.PosDefException(4)
LinearAlgebra.PosDefException(91)
LinearAlgebra.PosDefException(3)
LinearAlgebra.PosDefException(2)
LinearAlgebra.PosDefException(2)
LinearAlgebra.PosDefException(6)
LinearAlgebra.PosDefException(3)
LinearAlgebra.PosDefException(4)
LinearAlgebra.PosDefException(4)
LinearAlgebra.PosDefException(83)
LinearAlgebra.PosDefException(2)
LinearAlgebra.PosDefException(2)
LinearAlgebra.PosDefException(2)
LinearAlgebra.PosDefException(2)
LinearAlgebra.PosDefException(3)
LinearAlgebra.PosDefException(3)
LinearAlgebra.PosDefException(4)
LinearAlgebra.PosDefException(6)
LinearAlgebra.PosDefException(263)
LinearAlgebra.PosDefException(3)
LinearAlgebra.PosDefException(5)
LinearAlgebra.PosDefException(5)
LinearAlgebra.PosDefException(4)
LinearAlgebra.PosDefException(38)
LinearAlgebra.PosDefException(442)
LinearAlgebra.PosDefException(70)
LinearAlgebra.PosDefException(299)
LinearAlgebra.PosDefException(102)
LinearAlgebra.PosDefException(286)
LinearAlgebra.PosDefException(529)
LinearAlgebra.PosDefException(911)
LinearAlgebra.PosDefException(3)
LinearAlgebra.PosDefException(6)
LinearAlgebra.PosDefException(3)
LinearAlgebra.PosDefException(3)
LinearAlgebra.PosDefException(4)
LinearAlgebra.PosDefException(8)
LinearAlgebra.PosDefException(89)
LinearAlgebra.PosDefException(2)
LinearAlgebra.PosDefException(3)
LinearAlgebra.PosDefException(3)
LinearAlgebra.PosDefException(3)
LinearAlgebra.PosDefException(2)
LinearAlgebra.PosDefException(4)
LinearAlgebra.PosDefException(4)
LinearAlgebra.PosDefException(84)
LinearAlgebra.PosDefException(7)
LinearAlgebra.PosDefException(7)
LinearAlgebra.PosDefException(76)
LinearAlgebra.PosDefException(2)
LinearAlgebra.PosDefException(34)
LinearAlgebra.PosDefException(2)
LinearAlgebra.PosDefException(2)
LinearAlgebra.PosDefException(2)
LinearAlgebra.PosDefException(3)
LinearAlgebra.PosDefException(4)
LinearAlgebra.PosDefException(5)
LinearAlgebra.PosDefException(87)
LinearAlgebra.PosDefException(2)
LinearAlgebra.PosDefException(3)
LinearAlgebra.PosDefException(3)
LinearAlgebra.PosDefException(2)
LinearAlgebra.PosDefException(3)
LinearAlgebra.PosDefException(4)
LinearAlgebra.PosDefException(4)
LinearAlgebra.PosDefException(88)
LinearAlgebra.PosDefException(2)
LinearAlgebra.PosDefException(2)
LinearAlgebra.PosDefException(6)
LinearAlgebra.PosDefException(2)
LinearAlgebra.PosDefException(3)
LinearAlgebra.PosDefException(5)
LinearAlgebra.PosDefException(4)
LinearAlgebra.PosDefException(4)
LinearAlgebra.PosDefException(250)
LinearAlgebra.PosDefException(3)
LinearAlgebra.PosDefException(4)
LinearAlgebra.PosDefException(8)
LinearAlgebra.PosDefException(9)
LinearAlgebra.PosDefException(294)
LinearAlgebra.PosDefException(2)
LinearAlgebra.PosDefException(2)
LinearAlgebra.PosDefException(3)
LinearAlgebra.PosDefException(3)
LinearAlgebra.PosDefException(3)
LinearAlgebra.PosDefException(6)
LinearAlgebra.PosDefException(83)
LinearAlgebra.PosDefException(2)
LinearAlgebra.PosDefException(2)
LinearAlgebra.PosDefException(2)
LinearAlgebra.PosDefException(2)
LinearAlgebra.PosDefException(3)
LinearAlgebra.PosDefException(3)
LinearAlgebra.PosDefException(5)
LinearAlgebra.PosDefException(87)
LinearAlgebra.PosDefException(4)
LinearAlgebra.PosDefException(6)
LinearAlgebra.PosDefException(152)
Optimization improved residual by 0.005622632850741171 (from 0.005622632851096998 to 3.558276284971968e-13)
Optimization did not improve residual (initial: 5.473499686493503e-13, final: 5.473499686493503e-13)
Optimization improved residual by 0.007645479877134807 (from 0.007645479877880138 to 7.453304924204221e-13)
Optimization improved residual by 0.0058493027559214286 (from 0.005849302755948764 to 2.7335570420201206e-14)
Optimization improved residual by 0.002026453767454781 (from 0.00202645376750419 to 4.940922220783686e-14)
Optimization improved residual by 0.1298593181001053 (from 0.12985931810045487 to 3.4958308897985386e-13)
Optimization improved residual by 0.0094498078843403 (from 0.009449807884361738 to 2.1437147360420186e-14)
Optimization did not improve residual (initial: 1.6980145397421604e-16, final: 1.6980145397421604e-16)
Optimization improved residual by 0.15992141715936517 (from 0.1599214171601768 to 8.116330939166762e-13)
Optimization improved residual by 0.04401592191235993 (from 0.044015921913103544 to 7.436122862260923e-13)
Optimization improved residual by 0.01340097819204765 (from 0.013400978192107652 to 6.000246925571609e-14)
Optimization improved residual by 0.011585244354872699 (from 0.01158524435521575 to 3.430524191691515e-13)
Optimization improved residual by 0.011208773694067841 (from 0.011208773694123727 to 5.5885403240666685e-14)
Optimization improved residual by 0.03190900002988995 (from 0.03190900002992793 to 3.797842122235738e-14)
Optimization improved residual by 0.16349569816956103 (from 0.16349569816963566 to 7.46385232754421e-14)
Optimization improved residual by 0.0025066330458831977 (from 0.00250663304599048 to 1.0728233916011236e-13)
Optimization improved residual by 0.007969772486119764 (from 0.007969772486175372 to 5.560862191546211e-14)
Optimization improved residual by 0.3558541649478519 (from 0.35585416494805244 to 2.005536861697412e-13)
Optimization improved residual by 0.0094498078843403 (from 0.009449807884361738 to 2.1437147360420186e-14)
Optimization did not improve residual (initial: 6.253594279253519e-17, final: 6.253594279253519e-17)
Optimization improved residual by 0.15458433313575382 (from 0.1545843331365137 to 7.59888065871091e-13)
Optimization improved residual by 0.0068597702206919155 (from 0.0068597702206966244 to 4.70912033125181e-15)
Optimization improved residual by 0.01077414940207334 (from 0.0107741494021127 to 3.9358916461716074e-14)
Optimization did not improve residual (initial: 1.2175888048685166e-15, final: 1.2175888048685166e-15)
Optimization did not improve residual (initial: 1.4869658494759048e-17, final: 1.4869658494759048e-17)
Optimization improved residual by 0.014044664944274608 (from 0.01404466494443691 to 1.623022389855725e-13)
Optimization improved residual by 0.009449807884357312 (from 0.009449807884361738 to 4.424656080340784e-15)
Optimization improved residual by 0.039337814434204636 (from 0.039337814434222906 to 1.8268342701897715e-14)
Optimization did not improve residual (initial: 1.0328086141512857e-16, final: 1.0328086141512857e-16)
Optimization improved residual by 0.007969772486119764 (from 0.007969772486175372 to 5.560862191546211e-14)
Optimization improved residual by 0.02072306729409963 (from 0.020723067294102848 to 3.216085994599494e-15)
Optimization improved residual by 0.028570772120509246 (from 0.028570772120815238 to 3.0599058766876976e-13)
Optimization improved residual by 0.0011894705750212333 (from 0.0011894705750545877 to 3.3354331706491755e-14)
Optimization improved residual by 0.1502419035877182 (from 0.15024190358789857 to 1.8038360248721065e-13)
Optimization improved residual by 0.006437666427646684 (from 0.006437666427688292 to 4.1607394203075454e-14)
Optimization improved residual by 0.01077414940207334 (from 0.0107741494021127 to 3.9358916461716074e-14)
Optimization improved residual by 612.5859589683716 (from 612.585958968372 to 3.578726744262805e-13)
Optimization improved residual by 0.012127557014924887 (from 0.012127557015258146 to 3.332603191588401e-13)
Optimization improved residual by 0.04401592191235993 (from 0.044015921913103544 to 7.436122862260923e-13)
Optimization improved residual by 0.003145721367110137 (from 0.003145721367142776 to 3.263898824858941e-14)
Optimization improved residual by 0.014044664944170688 (from 0.01404466494443691 to 2.662226728793875e-13)
Optimization improved residual by 0.02303522334040311 (from 0.02303522334113087 to 7.277631477229422e-13)
Optimization did not improve residual (initial: 2.504294942187301e-14, final: 2.504294942187301e-14)
Optimization did not improve residual (initial: 8.977219952072901e-16, final: 8.977219952072901e-16)
Optimization improved residual by 0.053027200877577785 (from 0.05302720087759757 to 1.9783615520060806e-14)
Optimization improved residual by 0.05302720087747754 (from 0.05302720087759757 to 1.2002992342349952e-13)
Optimization improved residual by 0.12172681492483645 (from 0.12172681492520875 to 3.7230343942018953e-13)
Optimization did not improve residual (initial: 1.767192742262466e-16, final: 1.767192742262466e-16)
Optimization improved residual by 0.004071162036634313 (from 0.004071162036685195 to 5.0882057267899734e-14)
Optimization improved residual by 0.08092383268023402 (from 0.08092383268024471 to 1.0687368204129086e-14)
Optimization improved residual by 0.019797709500708256 (from 0.019797709500951746 to 2.4348923173015453e-13)
Optimization improved residual by 0.0015621704555772256 (from 0.0015621704556098316 to 3.2606028471030325e-14)
Optimization did not improve residual (initial: 2.2051083253193806e-17, final: 2.2051083253193806e-17)
Optimization did not improve residual (initial: 1.8442937721713924e-15, final: 1.8442937721713924e-15)
Optimization did not improve residual (initial: 3.6039436028699226e-15, final: 3.6039436028699226e-15)
Optimization improved residual by 0.03857888637131656 (from 0.03857888637159413 to 2.775708862860107e-13)
Optimization improved residual by 0.002769244511675705 (from 0.002769244512418884 to 7.431790334258315e-13)
Optimization improved residual by 0.0006841893152809903 (from 0.0006841893159033904 to 6.224001767562963e-13)
Optimization did not improve residual (initial: 1.510043016285405e-17, final: 1.510043016285405e-17)
Optimization improved residual by 0.028429788181733067 (from 0.028429788181763397 to 3.0330806356917846e-14)
Optimization improved residual by 0.0040221052521437215 (from 0.004022105252753769 to 6.100475906371683e-13)
Optimization improved residual by 0.15992141715936517 (from 0.1599214171601768 to 8.116330939166762e-13)
Optimization improved residual by 0.17105709835148986 (from 0.1710570983520135 to 5.236244063088133e-13)
Optimization improved residual by 1.0042439555783946 (from 1.0042439555784928 to 9.815607452787216e-14)
Optimization improved residual by 21.423350368060202 (from 21.423350368060802 to 5.998209158677485e-13)
Optimization did not improve residual (initial: 1.1844234220391655e-17, final: 1.1844234220391655e-17)
Optimization improved residual by 0.03756143495443723 (from 0.0375614349544757 to 3.846617101811088e-14)
Optimization did not improve residual (initial: 6.383041470975482e-16, final: 6.383041470975482e-16)
Optimization improved residual by 0.08092383268023402 (from 0.08092383268024471 to 1.0687368204129086e-14)
Optimization improved residual by 0.12172681492517837 (from 0.12172681492520875 to 3.0376164195300915e-14)
Optimization did not improve residual (initial: 1.2175888048655447e-15, final: 1.2175888048655447e-15)
Optimization did not improve residual (initial: 3.1391662073313284e-17, final: 3.1391662073313284e-17)
Optimization improved residual by 0.03480762304519939 (from 0.03480762304529038 to 9.098766524229351e-14)
Optimization improved residual by 0.028570772120472546 (from 0.02857077212081511 to 3.425628637473572e-13)
Optimization improved residual by 0.8547158812421284 (from 0.8547158812421792 to 5.087030348683565e-14)
Optimization did not improve residual (initial: 1.1376587128634085e-16, final: 1.1376587128634085e-16)
Optimization improved residual by 68.76960503688804 (from 68.76960503688902 to 9.858542115426734e-13)
Optimization improved residual by 0.012127557014308295 (from 0.012127557015258146 to 9.498520929879748e-13)
Optimization improved residual by 0.023035223340562627 (from 0.02303522334113087 to 5.682433317682368e-13)
Optimization improved residual by 0.013131183191449736 (from 0.013131183192111252 to 6.615157662596503e-13)
Optimization improved residual by 0.011585244354972338 (from 0.01158524435521575 to 2.4341308418843637e-13)
Optimization improved residual by 0.002769244512408722 (from 0.0027692445124188826 to 1.0160899452089025e-14)
Optimization did not improve residual (initial: 3.899219523860145e-15, final: 3.899219523860145e-15)
Optimization improved residual by 0.03933781443422021 (from 0.039337814434222906 to 2.700288682918123e-15)
Optimization improved residual by 0.0003683555347539771 (from 0.00036835553475843253 to 4.455426319052422e-15)
Optimization improved residual by 0.052919134471308055 (from 0.05291913447131484 to 6.786417155858319e-15)
Optimization improved residual by 0.10122911141014879 (from 0.10122911141022671 to 7.792894817063649e-14)
Optimization improved residual by 0.052919134471308055 (from 0.05291913447131484 to 6.786417155858319e-15)
Optimization did not improve residual (initial: 1.1053796869861264e-17, final: 1.1053796869861264e-17)
Optimization improved residual by 0.0020660542608533193 (from 0.002066054261038065 to 1.8474576009407786e-13)
Optimization improved residual by 0.014777514173581554 (from 0.014777514173598504 to 1.6949754764154176e-14)
Optimization improved residual by 612.5859589683716 (from 612.585958968372 to 3.578726744262805e-13)
Optimization improved residual by 0.020371659726055705 (from 0.020371659726066176 to 1.0472019102929386e-14)
Optimization improved residual by 0.156670266054694 (from 0.1566702660546954 to 1.3910105441041234e-15)
Optimization improved residual by 1453.137863847037 (from 1453.137863847037 to 4.5476480934527285e-14)
Optimization improved residual by 0.019823584847778637 (from 0.01982358484779123 to 1.2592712584686808e-14)
Optimization improved residual by 0.014044664944170688 (from 0.01404466494443691 to 2.662226728793875e-13)
Optimization improved residual by 0.004284397889574984 (from 0.004284397889633094 to 5.811036225805107e-14)
Optimization improved residual by 0.13698068758469678 (from 0.13698068758538476 to 6.879828354253391e-13)
Optimization did not improve residual (initial: 1.2056579886109353e-16, final: 1.2056579886109353e-16)
Optimization improved residual by 17.279966394141674 (from 17.27996639414189 to 2.1576887577972535e-13)
Optimization improved residual by 0.001562170455566856 (from 0.0015621704556098314 to 4.2975377169040475e-14)
Optimization improved residual by 0.04087759338487942 (from 0.04087759338488522 to 5.802024973572561e-15)
Optimization improved residual by 1.0042439555780134 (from 1.0042439555784928 to 4.794128529340875e-13)
Optimization improved residual by 0.07442010158364055 (from 0.07442010158395047 to 3.0991788021143864e-13)
Optimization improved residual by 0.008898597873187681 (from 0.008898597873654861 to 4.671803397119224e-13)
Optimization improved residual by 0.003015412100472525 (from 0.003015412100486681 to 1.415557768334713e-14)
Optimization improved residual by 0.0006191944021076048 (from 0.0006191944021688119 to 6.12071239463902e-14)
Optimization did not improve residual (initial: 7.812702782530807e-17, final: 7.812702782530807e-17)
Optimization improved residual by 0.012127557014308295 (from 0.012127557015258146 to 9.498520929879748e-13)
Optimization improved residual by 0.9523212221715034 (from 0.9523212221723046 to 8.012937376120828e-13)
Optimization improved residual by 0.007469454533221108 (from 0.007469454533224322 to 3.2136505631848582e-15)
Optimization improved residual by 0.002915991494238747 (from 0.0029159914942641567 to 2.540961732497021e-14)
Optimization did not improve residual (initial: 2.846769029404576e-17, final: 2.846769029404576e-17)
Optimization improved residual by 0.03098944831294756 (from 0.030989448313031954 to 8.439576389020643e-14)
Optimization improved residual by 0.0011894705750212333 (from 0.0011894705750545877 to 3.3354331706491755e-14)
Optimization improved residual by 0.024824785246329067 (from 0.024824785247038423 to 7.093568733645837e-13)
Optimization improved residual by 0.0031457213669388107 (from 0.0031457213671427764 to 2.0396586484091055e-13)
Optimization improved residual by 0.006168138331019063 (from 0.006168138331170022 to 1.5095914381681988e-13)
Optimization improved residual by 0.036553482053073336 (from 0.03655348205313865 to 6.531746874677576e-14)
Optimization did not improve residual (initial: 3.902375065471367e-17, final: 3.902375065471367e-17)
Optimization did not improve residual (initial: 1.395541678875986e-16, final: 1.395541678875986e-16)
Optimization did not improve residual (initial: 1.270590179235335e-13, final: 1.270590179235335e-13)
Optimization improved residual by 0.07442010158365152 (from 0.07442010158395046 to 2.989410079846911e-13)
Optimization did not improve residual (initial: 6.20560436546871e-17, final: 6.20560436546871e-17)
Optimization did not improve residual (initial: 1.8249332264111285e-16, final: 1.8249332264111285e-16)
Optimization did not improve residual (initial: 2.646431026667635e-17, final: 2.646431026667635e-17)
Optimization improved residual by 0.010788571848054367 (from 0.010788571848179088 to 1.2472214473911644e-13)
Optimization improved residual by 0.00435673115286705 (from 0.004356731152926666 to 5.961641343958174e-14)
Optimization improved residual by 0.0029643314863688755 (from 0.002964331487137531 to 7.686554656555928e-13)
Optimization improved residual by 0.002991125221687681 (from 0.0029911252217902995 to 1.0261834124628728e-13)
Optimization improved residual by 0.0002729996588317919 (from 0.00027299965915817835 to 3.26386440906537e-13)
Optimization improved residual by 0.002702377144501922 (from 0.002702377144506084 to 4.162129046976006e-15)
Optimization did not improve residual (initial: 8.16919370643376e-17, final: 8.16919370643376e-17)
Optimization improved residual by 0.003916059246244988 (from 0.003916059246264695 to 1.9706491051474736e-14)
Optimization improved residual by 0.0006191944020135878 (from 0.0006191944021688116 to 1.5522385780796161e-13)
Optimization improved residual by 0.0034591920387671746 (from 0.003459192039094196 to 3.270213485340354e-13)
Optimization improved residual by 0.002403644244258033 (from 0.0024036442443712896 to 1.1325670189666748e-13)
Optimization improved residual by 0.07442010158364055 (from 0.07442010158395047 to 3.0991788021143864e-13)
Optimization improved residual by 0.028429788181753547 (from 0.028429788181763394 to 9.844883461729281e-15)
Optimization improved residual by 0.023035223340562627 (from 0.02303522334113087 to 5.682433317682368e-13)
Optimization improved residual by 0.0011894705750139208 (from 0.0011894705750545862 to 4.0665482954291794e-14)
Optimization improved residual by 0.0006191944021076048 (from 0.0006191944021688119 to 6.12071239463902e-14)
Optimization improved residual by 0.0074613086166938625 (from 0.007461308616697832 to 3.969801747216854e-15)
Optimization improved residual by 0.01776974983911149 (from 0.017769749839142725 to 3.123666628035331e-14)
Optimization improved residual by 0.013131183191449736 (from 0.013131183192111252 to 6.615157662596503e-13)
Optimization improved residual by 0.15458433313650924 (from 0.15458433313651374 to 4.500642847222969e-15)
Optimization did not improve residual (initial: 2.2710803508865587e-15, final: 2.2710803508865587e-15)
Optimization improved residual by 1.7320928403852933 (from 1.7320928403853544 to 6.096548346820571e-14)
Optimization improved residual by 0.05263367473139013 (from 0.05263367473227089 to 8.807608905658671e-13)
Optimization improved residual by 0.004022105252727798 (from 0.00402210525275377 to 2.5972042781390207e-14)
Optimization improved residual by 1.240507426134989 (from 1.2405074261350364 to 4.733593582359185e-14)
Optimization improved residual by 63.13675837894271 (from 63.136758378943384 to 6.761220589819789e-13)
Optimization improved residual by 0.0011894705750139208 (from 0.0011894705750545862 to 4.0665482954291794e-14)
Optimization improved residual by 0.002964331487136556 (from 0.0029643314871375314 to 9.752459935252913e-16)
Optimization did not improve residual (initial: 7.288408598877426e-17, final: 7.288408598877426e-17)
Optimization did not improve residual (initial: 4.50262953590958e-17, final: 4.50262953590958e-17)
Optimization improved residual by 0.005895485388938667 (from 0.005895485388964056 to 2.5389487248447464e-14)
Optimization improved residual by 0.04037918502327373 (from 0.0403791850232767 to 2.9672150623346017e-15)
Optimization did not improve residual (initial: 9.781066344410898e-13, final: 9.781066344410898e-13)
Optimization improved residual by 0.03405512227487366 (from 0.03405512227502822 to 1.54566780280051e-13)
Optimization improved residual by 0.02655270799517387 (from 0.026552707995282768 to 1.088987812483316e-13)
Optimization improved residual by 0.1502419035877182 (from 0.15024190358789857 to 1.8038360248721065e-13)
Optimization improved residual by 0.44755239149578835 (from 0.44755239149652254 to 7.341881722060575e-13)
Optimization improved residual by 0.12985931809985712 (from 0.12985931810045487 to 5.977455043941846e-13)
Optimization improved residual by 0.0027023771444118043 (from 0.002702377144506084 to 9.427946474482979e-14)
Optimization improved residual by 0.04037918502299711 (from 0.0403791850232767 to 2.795901811126925e-13)
Optimization improved residual by 0.26779297421091103 (from 0.2677929742109994 to 8.836784783707838e-14)
Optimization improved residual by 0.015546884719512629 (from 0.015546884720491714 to 9.790845335576694e-13)
Optimization improved residual by 0.014147227525415145 (from 0.01414722752560436 to 1.8921560627937942e-13)
Optimization improved residual by 0.007645479877134807 (from 0.007645479877880138 to 7.453304924204221e-13)
Optimization improved residual by 0.018632733408877847 (from 0.018632733408906376 to 2.8529803127920646e-14)
Optimization did not improve residual (initial: 1.6007882270799792e-14, final: 1.6007882270799792e-14)
Optimization improved residual by 0.9523212221715034 (from 0.9523212221723046 to 8.012937376120828e-13)
Optimization improved residual by 0.8547158812415196 (from 0.8547158812421792 to 6.595842307200832e-13)
Optimization improved residual by 0.005622632850364842 (from 0.005622632851096997 to 7.321552485657915e-13)
Optimization improved residual by 0.0006841893158420403 (from 0.0006841893159033906 to 6.135020914527456e-14)
Optimization improved residual by 0.0013588328837144967 (from 0.0013588328837341097 to 1.9612943063086246e-14)
Optimization improved residual by 0.014777514173581554 (from 0.014777514173598504 to 1.6949754764154176e-14)
Optimization improved residual by 0.0013588328830810982 (from 0.0013588328837340997 to 6.530014569003345e-13)
Optimization improved residual by 0.0061681383308922425 (from 0.006168138331170011 to 2.7776834314437004e-13)
Optimization improved residual by 0.1710570983515324 (from 0.1710570983520134 to 4.810004815446381e-13)
Optimization did not improve residual (initial: 2.024000605967893e-15, final: 2.024000605967893e-15)
Optimization did not improve residual (initial: 1.487204487373679e-17, final: 1.487204487373679e-17)
Optimization improved residual by 0.03480762304527867 (from 0.03480762304529036 to 1.1682866769396788e-14)
Optimization did not improve residual (initial: 9.51766852125623e-17, final: 9.51766852125623e-17)
Optimization improved residual by 0.037561434954298305 (from 0.0375614349544757 to 1.7739302169460096e-13)
Optimization improved residual by 0.018379188257381884 (from 0.018379188257524368 to 1.4248327934422824e-13)
Optimization did not improve residual (initial: 9.51766852125623e-17, final: 9.51766852125623e-17)
Optimization did not improve residual (initial: 1.6698974331153844e-16, final: 1.6698974331153844e-16)
Optimization improved residual by 0.0027023771444118043 (from 0.002702377144506084 to 9.427946474482979e-14)
Optimization improved residual by 0.003015412100472525 (from 0.003015412100486681 to 1.415557768334713e-14)
Optimization improved residual by 0.6658210285637621 (from 0.6658210285646544 to 8.923165762764916e-13)
Optimization did not improve residual (initial: 5.015748268971276e-16, final: 5.015748268971276e-16)
Optimization improved residual by 0.0076454798773880174 (from 0.007645479877880139 to 4.921216941253836e-13)
Optimization improved residual by 0.0026394241144272325 (from 0.0026394241144314223 to 4.189962401396292e-15)
Optimization improved residual by 0.6658210285644821 (from 0.6658210285646541 to 1.7202543588867296e-13)
Optimization improved residual by 0.019797709500708256 (from 0.019797709500951746 to 2.4348923173015453e-13)
Optimization improved residual by 1.0042439555780134 (from 1.0042439555784928 to 4.794128529340875e-13)
Optimization improved residual by 0.07768046488941047 (from 0.07768046489005133 to 6.408619382636029e-13)
Optimization improved residual by 29994.57302660189 (from 29994.57302660189 to 5.637044730590033e-13)
Optimization improved residual by 0.0039160592462607864 (from 0.003916059246264696 to 3.909249510036977e-15)
Optimization improved residual by 0.005195725649516181 (from 0.005195725649567028 to 5.0846419375127733e-14)
Optimization improved residual by 0.024824785246836314 (from 0.024824785247038496 to 2.0218292898579028e-13)
Optimization improved residual by 0.15667026605457726 (from 0.15667026605469536 to 1.181059805506278e-13)
Optimization did not improve residual (initial: 4.9428879734117e-18, final: 4.9428879734117e-18)
Optimization improved residual by 0.2677929742108695 (from 0.2677929742109994 to 1.298793928343869e-13)
Optimization improved residual by 0.0015621704555772256 (from 0.0015621704556098316 to 3.2606028471030325e-14)
Optimization improved residual by 0.00435673115266409 (from 0.004356731152926666 to 2.625763643602503e-13)
Optimization improved residual by 0.44755239149578835 (from 0.44755239149652254 to 7.341881722060575e-13)
Optimization improved residual by 0.03655348205302646 (from 0.03655348205313868 to 1.1221557152161878e-13)
Optimization improved residual by 0.014147227525598197 (from 0.014147227525604357 to 6.159151507710537e-15)
Optimization improved residual by 0.15024190358789563 (from 0.15024190358789857 to 2.9309972706278148e-15)
Optimization improved residual by 0.01821701185163368 (from 0.018217011851920595 to 2.8691569160621825e-13)
Optimization improved residual by 0.16349569816930984 (from 0.16349569816963566 to 3.258291326633274e-13)
Optimization improved residual by 0.07768046488961267 (from 0.07768046489005137 to 4.387044215091782e-13)
Optimization improved residual by 1.8418888581405102 (from 1.8418888581408737 to 3.6356935486186655e-13)
Optimization did not improve residual (initial: 4.9428879734117e-18, final: 4.9428879734117e-18)
Optimization improved residual by 0.1710570983515324 (from 0.1710570983520134 to 4.810004815446381e-13)
Optimization did not improve residual (initial: 3.774563339618679e-14, final: 3.774563339618679e-14)
Optimization improved residual by 2.0480579215757393 (from 2.0480579215758685 to 1.2915062195295517e-13)
Optimization improved residual by 0.004284397889574984 (from 0.004284397889633094 to 5.811036225805107e-14)
Optimization improved residual by 0.0029159914939306964 (from 0.0029159914942641567 to 3.334601299401842e-13)
Optimization improved residual by 0.018632733408902105 (from 0.018632733408906376 to 4.2723087216716235e-15)
Optimization improved residual by 0.0037825991255210412 (from 0.003782599125546025 to 2.4983831038277657e-14)
Optimization improved residual by 0.10122911141014879 (from 0.10122911141022671 to 7.792894817063649e-14)
Optimization improved residual by 0.018345561267290672 (from 0.018345561267299075 to 8.401633492660774e-15)
Optimization improved residual by 0.016476244737592984 (from 0.016476244737642722 to 4.973723600107922e-14)
Optimization improved residual by 0.028570772120472546 (from 0.02857077212081511 to 3.425628637473572e-13)
Optimization improved residual by 0.024824785246836314 (from 0.024824785247038496 to 2.0218292898579028e-13)
Optimization improved residual by 0.01292189679646537 (from 0.012921896796520426 to 5.5056314488356576e-14)
Optimization improved residual by 0.0030154121004722268 (from 0.003015412100486681 to 1.4454281130705657e-14)
Optimization improved residual by 0.018632733408877847 (from 0.018632733408906376 to 2.8529803127920646e-14)
Optimization improved residual by 0.005895485388938667 (from 0.005895485388964056 to 2.5389487248447464e-14)
Optimization improved residual by 0.002294641803575749 (from 0.0022946418044282194 to 8.524706245148055e-13)
Optimization improved residual by 0.15458433313575382 (from 0.1545843331365137 to 7.59888065871091e-13)
Optimization improved residual by 0.01837918825751779 (from 0.018379188257524368 to 6.578666719780464e-15)
Optimization did not improve residual (initial: 1.4284284673021476e-16, final: 1.4284284673021476e-16)
Optimization improved residual by 63.13675837894271 (from 63.136758378943384 to 6.761220589819789e-13)
Optimization improved residual by 0.0074613086166938625 (from 0.007461308616697832 to 3.969801747216854e-15)
Optimization improved residual by 1.0042439555783946 (from 1.0042439555784928 to 9.815607452787216e-14)
Optimization improved residual by 0.0040221052521437215 (from 0.004022105252753769 to 6.100475906371683e-13)














































































































































































