interpolator,observable,eval_point,deriv_order,ground_truth,estimated,abs_error,rel_error
PureAAA_mult_n1e-4,y1,1,0,2.224,2.2238283115038566,0.00017168849614357384,7.719806481275801e-5
PureAAA_mult_n1e-4,y1,1,1,-2.6825245441795227,-2.673426893803373,0.009097650376149513,0.0033914509359809497
PureAAA_mult_n1e-4,y1,1,2,1.974023656000974,1.8894033284232006,0.08462032757777349,0.04286692680735116
PureAAA_mult_n1e-4,y1,1,3,0.40407047173108757,0.8659167456547717,0.46184627392368416,1.142984469874965
PureAAA_mult_n1e-4,y1,1,4,-1.7767526642491018,-3.9744994946592485,2.1977468304101464,1.2369458476872282
PureAAA_mult_n1e-4,y1,1,5,-3.4332576302201,2.3614914575967134,5.794749087816813,1.6878282121360413
PureAAA_mult_n1e-4,y1,1,6,3.390528178239735,13.139509679844148,9.748981501604412,2.8753577581725933
PureAAA_mult_n1e-4,y1,1,7,36.42900139194968,-35.80053914421473,72.22954053616442,1.9827482987806022
PureAAA_mult_n1e-4,y1,2,0,2.2222120889957435,2.2220464468181227,0.00016564217762082833,7.453931982508696e-5
PureAAA_mult_n1e-4,y1,2,1,-2.681208438703187,-2.6721670993544886,0.00904133934869833,0.00337211356572909
PureAAA_mult_n1e-4,y1,2,2,1.974292641312021,1.88997972447694,0.08431291683508091,0.04270537967413512
PureAAA_mult_n1e-4,y1,2,3,0.4028852071765154,0.8632687203409837,0.4603835131644683,1.14271634938128
PureAAA_mult_n1e-4,y1,2,4,-1.7790407474191312,-4.04213033628667,2.2630895888675386,1.2720841791570097
PureAAA_mult_n1e-4,y1,2,5,-3.430989180079341,-432.55994665404876,429.1289574739694,125.0744129318548
PureAAA_mult_n1e-4,y1,2,6,3.4148262710003263,-428032.6894661432,428036.1042924142,125346.37791896421
PureAAA_mult_n1e-4,y1,2,7,36.46524394726358,-6.589054036289948e9,6.589054072755193e9,1.806940900295183e8
PureAAA_mult_n1e-4,y1,3,0,2.2079403996111013,2.207821790359482,0.00011860925161943925,5.3719408205190074e-5
PureAAA_mult_n1e-4,y1,3,1,-2.6706731931232963,-2.6620750302849996,0.00859816283829673,0.003219473973991314
PureAAA_mult_n1e-4,y1,3,2,1.9764159738715827,1.8945273736434554,0.08188860022812738,0.04143287714261718
PureAAA_mult_n1e-4,y1,3,3,0.39334828113793413,0.8421127376406035,0.44876445650266933,1.1408832274655412
PureAAA_mult_n1e-4,y1,3,4,-1.7972898661644552,-3.9600907559137966,2.1628008897493416,1.2033678765267357
PureAAA_mult_n1e-4,y1,3,5,-3.4122568008382865,2.440437492173493,5.85269429301178,1.715197487942277
PureAAA_mult_n1e-4,y1,3,6,3.610067276653441,18.755845261445568,15.145777984792128,4.195428180172968
PureAAA_mult_n1e-4,y1,3,7,36.74798580066228,7234.325192045604,7197.577206244941,195.86317588364872
PureAAA_mult_n1e-4,y1,4,0,2.170744840671981,2.170738782416603,6.058255377805466e-6,2.7908648056167018e-6
PureAAA_mult_n1e-4,y1,4,1,-2.6429656487634294,-2.6354709271279773,0.007494721635452173,0.0028357241945080693
PureAAA_mult_n1e-4,y1,4,2,1.9817451608055974,1.9059299987323022,0.0758151620732952,0.03825676659781808
PureAAA_mult_n1e-4,y1,4,3,0.367853531897816,0.7869163340458429,0.41906280214802694,1.1392110332229624
PureAAA_mult_n1e-4,y1,4,4,-1.844690787881631,-3.924689706144367,2.079998918262736,1.12755966036526
PureAAA_mult_n1e-4,y1,4,5,-3.358091615611286,2.6170734628524865,5.975165078463773,1.7793335508436066
PureAAA_mult_n1e-4,y1,4,6,4.129400580326576,12.416145743161401,8.286745162834826,2.0067670843838226
PureAAA_mult_n1e-4,y1,4,7,37.42682706381732,-38.20701897569967,75.63384603951698,2.0208457935948463
PureAAA_mult_n1e-4,y1,5,0,2.0975199447405894,2.0976954999507176,0.00017555521012813102,8.369656296633823e-5
PureAAA_mult_n1e-4,y1,5,1,-2.5873394201706326,-2.581810706310365,0.005528713860267764,0.002136833620346244
PureAAA_mult_n1e-4,y1,5,2,1.9913097659252945,1.9264350655212525,0.06487470040404197,0.03257890937620993
PureAAA_mult_n1e-4,y1,5,3,0.3149018906759774,0.6780954133270587,0.3631935226510813,1.1533545316969667
PureAAA_mult_n1e-4,y1,5,4,-1.9369606143170268,-3.846677549137171,1.9097169348201442,0.9859348304268496
PureAAA_mult_n1e-4,y1,5,5,-3.227645264861911,2.9504237865650933,6.178069051427004,1.9141103016137437
PureAAA_mult_n1e-4,y1,5,6,5.193134860226937,11.39038218554362,6.197247325316683,1.1933538204023968
PureAAA_mult_n1e-4,y1,5,7,38.48421232298865,-36.92101667726561,75.40522900025425,1.959380859023344
PureAAA_mult_n1e-4,y1,6,0,1.9806138788647036,1.9809806638475613,0.000366784982857693,0.00018518752532822587
PureAAA_mult_n1e-4,y1,6,1,-2.4954380201337765,-2.492539102220585,0.002898917913191301,0.0011616870023627734
PureAAA_mult_n1e-4,y1,6,2,2.0036946227858885,1.9536075949096778,0.050087027876210666,0.02499733607438187
PureAAA_mult_n1e-4,y1,6,3,0.2224783237737739,0.5044476705583852,0.28196934678461133,1.267401434898128
PureAAA_mult_n1e-4,y1,6,4,-2.0793090433386614,-3.6995078534865007,1.6201988101478393,0.7792005788357235
PureAAA_mult_n1e-4,y1,6,5,-2.9476675262145076,3.4351710098522044,6.382838536066712,2.16538618392413
PureAAA_mult_n1e-4,y1,6,6,6.985508026385962,9.683904427846095,2.6983964014601325,0.38628491890176536
PureAAA_mult_n1e-4,y1,6,7,39.22357530590552,-37.141392385799406,76.36496769170492,1.9469150146597516
PureAAA_mult_n1e-4,y1,7,0,1.8155664073744118,1.8160279284485015,0.0004615210740896991,0.00025420225457747344
PureAAA_mult_n1e-4,y1,7,1,-2.358783918815806,-2.3587182040927313,6.571472307470572e-5,2.7859577365482828e-5
PureAAA_mult_n1e-4,y1,7,2,2.013868010594221,1.9795449738656798,0.0343230367285412,0.0170433397561212
PureAAA_mult_n1e-4,y1,7,3,0.07467124207578402,0.2612977411398554,0.18662649906407136,2.4993088888847423
PureAAA_mult_n1e-4,y1,7,4,-2.2615518372241565,-3.4454637675176363,1.1839119302934797,0.5234953764078302
PureAAA_mult_n1e-4,y1,7,5,-2.3825334577372157,4.010839406804221,6.393372864541437,2.6834346622831777
PureAAA_mult_n1e-4,y1,7,6,9.618194198596006,5.493175137251858,4.125019061344148,0.4288766660529987
PureAAA_mult_n1e-4,y1,7,7,37.636830204883545,1223.417674627837,1185.7808444229534,31.505863750159627
PureAAA_mult_n1e-4,y1,8,0,1.5984059112979474,1.5987393403359536,0.00033342903800615,0.00020860097904380051
PureAAA_mult_n1e-4,y1,8,1,-2.1654497221785167,-2.1679712467676175,0.002521524589100821,0.0011644346037109005
PureAAA_mult_n1e-4,y1,8,2,2.010300430415165,1.9893669000334977,0.02093353038166712,0.010413135303037245
PureAAA_mult_n1e-4,y1,8,3,-0.15186919854651781,-0.05006318921352617,0.10180600933299164,0.6703532402049799
PureAAA_mult_n1e-4,y1,8,4,-2.440632759033328,-3.0327824057562296,0.5921496467229015,0.24262136305891294
PureAAA_mult_n1e-4,y1,8,5,-1.2958312570297512,4.536208627972407,5.832039885002158,4.500616768860869
PureAAA_mult_n1e-4,y1,8,6,12.886801357193123,3.871235796758844,9.015565560434279,0.6995968441309133
PureAAA_mult_n1e-4,y1,8,7,29.2239478405887,-32.543193417853225,61.767141258441924,2.1135796434954783
PureAAA_mult_n1e-4,y1,9,0,1.3401647957823566,1.3400405570924088,0.00012423868994781984,9.270403933815633e-5
PureAAA_mult_n1e-4,y1,9,1,-1.9128669216974497,-1.917364117015386,0.004497195317936242,0.0023510236216252294
PureAAA_mult_n1e-4,y1,9,2,1.971190812701664,1.9602653648862682,0.010925447815395728,0.005542562264898946
PureAAA_mult_n1e-4,y1,9,3,-0.46677152769617875,-0.396849115414299,0.06992241228187973,0.1498000801955345
PureAAA_mult_n1e-4,y1,9,4,-2.4930431468824925,-2.4376099879605873,0.05543315892190526,0.022235138204977908
PureAAA_mult_n1e-4,y1,9,5,0.5204791904253628,4.783248310889886,4.262769120464523,8.190085595892441
PureAAA_mult_n1e-4,y1,9,6,15.337224031575785,0.1802433356132236,15.156980695962561,0.9882479818223856
PureAAA_mult_n1e-4,y1,9,7,7.794813163782403,-25.430986675226908,33.22579983900931,4.262552435944035
PureAAA_mult_n1e-4,y1,10,0,1.053611359014221,1.0526629812288872,0.0009483777853338538,0.0009001210714178083
PureAAA_mult_n1e-4,y1,10,1,-1.5989121201588865,-1.6041098419245765,0.00519772176569,0.0032507863941724914
PureAAA_mult_n1e-4,y1,10,2,1.8625318206671768,1.8663877677620357,0.0038559470948589247,0.00207027179459285
PureAAA_mult_n1e-4,y1,10,3,-0.8558618090931431,-0.7317510435854994,0.12411076550764377,0.14501262258582312
PureAAA_mult_n1e-4,y1,10,4,-2.204100790758087,-1.6705385958520025,0.5335621949060845,0.24207703982655396
PureAAA_mult_n1e-4,y1,10,5,2.974250231424929,4.51937995860371,1.545129727178781,0.5195022634119548
PureAAA_mult_n1e-4,y1,10,6,13.747025373683478,-3.12945021747689,16.876475591160368,1.2276456275019125
PureAAA_mult_n1e-4,y1,10,7,-27.1470303144239,-15.126518825698719,12.020511488725182,0.4427928708776069
PureAAA_mult_n1e-4,y1,11,0,0.7656556262531152,0.7639448561958437,0.0017107700572714934,0.002234385797755421
PureAAA_mult_n1e-4,y1,11,1,-1.2407296239592338,-1.2417670299611672,0.0010374060019333609,0.0008361257617295728
PureAAA_mult_n1e-4,y1,11,2,1.64799277873706,1.689135935591311,0.04114315685425085,0.024965617195107447
PureAAA_mult_n1e-4,y1,11,3,-1.2257352912896908,-0.98329319008909,0.24244210120060083,0.19779319639684093
PureAAA_mult_n1e-4,y1,11,4,-1.3655855893083324,-0.8333292789133975,0.5322563103949349,0.3897641528749012
PureAAA_mult_n1e-4,y1,11,5,4.975355357880453,3.650970160228754,1.324385197651699,0.2661890663857826
PureAAA_mult_n1e-4,y1,11,6,5.073618666536742,-5.045058146199728,10.11867681273647,1.9943707790801495
PureAAA_mult_n1e-4,y1,11,7,-52.19748433601645,-4.32410217433281,47.873382161683644,0.9171588012461137
PureAAA_mult_n1e-4,y1,12,0,0.50476113515483,0.5047573080467077,3.827108122300693e-6,7.582018217640249e-6
PureAAA_mult_n1e-4,y1,12,1,-0.8715093557873437,-0.85373110765538,0.017778248131963714,0.020399377257289904
PureAAA_mult_n1e-4,y1,12,2,1.3141203783570299,1.4273906311106743,0.11327025275364444,0.08619473118228317
PureAAA_mult_n1e-4,y1,12,3,-1.4066950062670946,-1.0909436550877336,0.31575135117936104,0.2244632630190827
PureAAA_mult_n1e-4,y1,12,4,-0.10200533591349163,-0.0864290274461378,0.015576308467353833,0.15270091831827054
PureAAA_mult_n1e-4,y1,12,5,4.7036619739815215,2.3573556343015394,2.346306339679982,0.49882545826180996
PureAAA_mult_n1e-4,y1,12,6,-6.41009085892817,-5.044843309929246,1.3652475489989238,0.2129841181732027
PureAAA_mult_n1e-4,y1,12,7,-32.581791622041266,3.28534724185443,35.8671388638957,1.1008338424100634
GP_SE_mult_n1e-4,y1,1,0,2.224,2.2239810817019636,1.89182980365743e-5,8.50642897327981e-6
GP_SE_mult_n1e-4,y1,1,1,-2.6825245441795227,-2.682157416119209,0.00036712806031369283,0.00013685916168419725
GP_SE_mult_n1e-4,y1,1,2,1.974023656000974,1.9649455442370243,0.009078111763949792,0.004598785701656917
GP_SE_mult_n1e-4,y1,1,3,0.40407047173108757,0.5712204452210277,0.1671499734899401,0.413665400428418
GP_SE_mult_n1e-4,y1,1,4,-1.7767526642491018,-3.7886771071293204,2.0119244428802183,1.1323604480033274
GP_SE_mult_n1e-4,y1,1,5,-3.4332576302201,11.284796126227123,14.718053756447222,4.286906297650513
GP_SE_mult_n1e-4,y1,1,6,3.390528178239735,-46.670670587564054,50.06119876580379,14.765014810109651
GP_SE_mult_n1e-4,y1,1,7,36.42900139194968,-47.773729889340004,84.20273128128969,2.311420243869143
GP_SE_mult_n1e-4,y1,2,0,2.2222120889957435,2.222193413558261,1.8675437482684742e-5,8.403985188976493e-6
GP_SE_mult_n1e-4,y1,2,1,-2.681208438703187,-2.6808473258469294,0.0003611128562575061,0.00013468287323165542
GP_SE_mult_n1e-4,y1,2,2,1.974292641312021,1.9653255165049468,0.008967124807074178,0.004541943083531453
GP_SE_mult_n1e-4,y1,2,3,0.4028852071765154,0.5686971658705104,0.16581195869399507,0.4115612977106607
GP_SE_mult_n1e-4,y1,2,4,-1.7790407474191312,-3.7811642826608507,2.0021235352417195,1.1253949849918932
GP_SE_mult_n1e-4,y1,2,5,-3.430989180079341,11.253671790054058,14.6846609701334,4.28000795088308
GP_SE_mult_n1e-4,y1,2,6,3.4148262710003263,-46.70224974318426,50.11707601418459,14.676317925685714
GP_SE_mult_n1e-4,y1,2,7,36.46524394726358,-46.96378333028292,83.42902727754651,2.2879053653995145
GP_SE_mult_n1e-4,y1,3,0,2.2079403996111013,2.207923526025986,1.6873585115373402e-5,7.642228530419324e-6
GP_SE_mult_n1e-4,y1,3,1,-2.6706731931232963,-2.6703575967979654,0.00031559632533095794,0.00011817107617045223
GP_SE_mult_n1e-4,y1,3,2,1.9764159738715827,1.9683050745018873,0.008110899369695446,0.004103842246228703
GP_SE_mult_n1e-4,y1,3,3,0.39334828113793413,0.5486898263543123,0.15534154521637816,0.39492112376081556
GP_SE_mult_n1e-4,y1,3,4,-1.7972898661644552,-3.7218100559936476,1.9245201898291924,1.0707900968341049
GP_SE_mult_n1e-4,y1,3,5,-3.4122568008382865,11.003955886840037,14.416212687678325,4.22483228229971
GP_SE_mult_n1e-4,y1,3,6,3.610067276653441,-46.935464006720366,50.545531283373805,14.001271281079804
GP_SE_mult_n1e-4,y1,3,7,36.74798580066228,-40.49483484100221,77.24282064166448,2.10196066420251
GP_SE_mult_n1e-4,y1,4,0,2.170744840671981,2.1707316595594968,1.3181112484161872e-5,6.072161148189806e-6
GP_SE_mult_n1e-4,y1,4,1,-2.6429656487634294,-2.6427492388805534,0.00021640988287607854,8.188145879888025e-5
GP_SE_mult_n1e-4,y1,4,2,1.9817451608055974,1.9756269519390772,0.006118208866520147,0.0030872833639381965
GP_SE_mult_n1e-4,y1,4,3,0.367853531897816,0.4976413485596597,0.1297878166618437,0.35282471257581055
GP_SE_mult_n1e-4,y1,4,4,-1.844690787881631,-3.57237093430473,1.7276801464230989,0.9365689674241272
GP_SE_mult_n1e-4,y1,4,5,-3.358091615611286,10.343443439271802,13.701535054883088,4.080155226017842
GP_SE_mult_n1e-4,y1,4,6,4.129400580326576,-47.38409026590195,51.51349084622853,12.474810773178746
GP_SE_mult_n1e-4,y1,4,7,37.42682706381732,-23.624375667096697,61.051202730914014,1.631215027306863
GP_SE_mult_n1e-4,y1,5,0,2.0975199447405894,2.0975108572081007,9.087532488738503e-6,4.3325130287914395e-6
GP_SE_mult_n1e-4,y1,5,1,-2.5873394201706326,-2.5872494208085937,8.999936203890613e-5,3.478452086235008e-5
GP_SE_mult_n1e-4,y1,5,2,1.9913097659252945,1.988197167230605,0.0031125986946896056,0.0015630911613810552
GP_SE_mult_n1e-4,y1,5,3,0.3149018906759774,0.4014957957044219,0.0865939050284445,0.2749869327318408
GP_SE_mult_n1e-4,y1,5,4,-1.9369606143170268,-3.301384994866975,1.3644243805499483,0.7044151390920486
GP_SE_mult_n1e-4,y1,5,5,-3.227645264861911,9.011781698296524,12.239426963158435,3.7920607621922406
GP_SE_mult_n1e-4,y1,5,6,5.193134860226937,-47.58032836979509,52.77346323002203,10.162159206417346
GP_SE_mult_n1e-4,y1,5,7,38.48421232298865,9.42693185784467,29.057280465143975,0.7550441781495559
GP_SE_mult_n1e-4,y1,6,0,1.9806138788647036,1.980606808252165,7.070612538573329e-6,3.5699096194490136e-6
GP_SE_mult_n1e-4,y1,6,1,-2.4954380201337765,-2.495419526017811,1.849411596532846e-5,7.4111702298809335e-6
GP_SE_mult_n1e-4,y1,6,2,2.0036946227858885,2.0033104580727334,0.0003841647131550552,0.0001917281749356206
GP_SE_mult_n1e-4,y1,6,3,0.2224783237737739,0.2583983960907412,0.03592007231696731,0.16145425634136149
GP_SE_mult_n1e-4,y1,6,4,-2.0793090433386614,-2.9368169260348913,0.8575078826962299,0.4124004007212726
GP_SE_mult_n1e-4,y1,6,5,-2.9476675262145076,6.851521625903903,9.79918915211841,3.3243875250418267
GP_SE_mult_n1e-4,y1,6,6,6.985508026385962,-45.95109761608396,52.93660564246993,7.578060957415767
GP_SE_mult_n1e-4,y1,6,7,39.22357530590552,60.64486351686533,21.42128821095981,0.5461329836429931
GP_SE_mult_n1e-4,y1,7,0,1.8155664073744118,1.8155609362627383,5.471111673482909e-6,3.013446190269062e-6
GP_SE_mult_n1e-4,y1,7,1,-2.358783918815806,-2.358745345697357,3.857311844912559e-5,1.635296821443936e-5
GP_SE_mult_n1e-4,y1,7,2,2.013868010594221,2.0144106239598853,0.0005426133656643017,0.00026943839557002334
GP_SE_mult_n1e-4,y1,7,3,0.07467124207578402,0.07219396656039051,0.0024772755153935067,0.03317576414330049
GP_SE_mult_n1e-4,y1,7,4,-2.2615518372241565,-2.573064281514057,0.31151244428990044,0.13774278314674973
GP_SE_mult_n1e-4,y1,7,5,-2.3825334577372157,3.9200455156820597,6.302578973419275,2.645326533800318
GP_SE_mult_n1e-4,y1,7,6,9.618194198596006,-39.53041251151852,49.14860671011453,5.10996198405818
GP_SE_mult_n1e-4,y1,7,7,37.636830204883545,125.70686397503854,88.07003377015499,2.3399960435224836
GP_SE_mult_n1e-4,y1,8,0,1.5984059112979474,1.5984055517888363,3.595091111474602e-7,2.2491728077727728e-7
GP_SE_mult_n1e-4,y1,8,1,-2.1654497221785167,-2.165397334512104,5.2387666412911926e-5,2.419251108735424e-5
GP_SE_mult_n1e-4,y1,8,2,2.010300430415165,2.0099320995893324,0.00036833082583243026,0.00018322178131174305
GP_SE_mult_n1e-4,y1,8,3,-0.15186919854651781,-0.16208795540868173,0.010218756862163919,0.06728656607109107
GP_SE_mult_n1e-4,y1,8,4,-2.440632759033328,-2.357656253258972,0.08297650577435611,0.03399794805967489
GP_SE_mult_n1e-4,y1,8,5,-1.2958312570297512,0.814072344584198,2.109903601613949,1.628224037788824
GP_SE_mult_n1e-4,y1,8,6,12.886801357193123,-24.191472566798634,37.07827392399176,2.8772286385322063
GP_SE_mult_n1e-4,y1,8,7,29.2239478405887,187.17363593945055,157.94968809886186,5.404803244258735
GP_SE_mult_n1e-4,y1,9,0,1.3401647957823566,1.3401659242577262,1.1284753695939287e-6,8.42042242226749e-7
GP_SE_mult_n1e-4,y1,9,1,-1.9128669216974497,-1.9129015486177876,3.462692033795456e-5,1.810210629144402e-5
GP_SE_mult_n1e-4,y1,9,2,1.971190812701664,1.9705563700155173,0.0006344426861466523,0.0003218575705905921
GP_SE_mult_n1e-4,y1,9,3,-0.46677152769617875,-0.46029259672319556,0.006478930972983188,0.013880304578475316
GP_SE_mult_n1e-4,y1,9,4,-2.4930431468824925,-2.381975810048409,0.11106733683408354,0.04455090838398498
GP_SE_mult_n1e-4,y1,9,5,0.5204791904253628,-0.6569556674290149,1.1774348578543776,2.262213128813308
GP_SE_mult_n1e-4,y1,9,6,15.337224031575785,1.2740668756053846,14.0631571559704,0.9169297603671709
GP_SE_mult_n1e-4,y1,9,7,7.794813163782403,201.84062060156714,194.04580743778473,24.894221754973373
GP_SE_mult_n1e-4,y1,10,0,1.053611359014221,1.0536049748051126,6.3842091084787e-6,6.059358656167003e-6
GP_SE_mult_n1e-4,y1,10,1,-1.5989121201588865,-1.5989267585108882,1.4638352001661303e-5,9.155194845984822e-6
GP_SE_mult_n1e-4,y1,10,2,1.8625318206671768,1.8633506913733635,0.0008188707061866918,0.00043965461266232993
GP_SE_mult_n1e-4,y1,10,3,-0.8558618090931431,-0.8515057604505951,0.004356048642548016,0.005089663537111923
GP_SE_mult_n1e-4,y1,10,4,-2.204100790758087,-2.3357227863948,0.13162199563671306,0.059716867844071
GP_SE_mult_n1e-4,y1,10,5,2.974250231424929,1.973181485928802,1.0010687454961271,0.3365785215107898
GP_SE_mult_n1e-4,y1,10,6,13.747025373683478,28.539714232513788,14.79268885883031,1.0760647090350608
GP_SE_mult_n1e-4,y1,10,7,-27.1470303144239,114.92402292782208,142.07105324224597,5.23339207260398
GP_SE_mult_n1e-4,y1,11,0,0.7656556262531152,0.765658830369361,3.2041162457696615e-6,4.1848007588602565e-6
GP_SE_mult_n1e-4,y1,11,1,-1.2407296239592338,-1.2406885885678371,4.1035391396659904e-5,3.3073596861267645e-5
GP_SE_mult_n1e-4,y1,11,2,1.64799277873706,1.6469708480405296,0.0010219306965304487,0.0006201062951948161
GP_SE_mult_n1e-4,y1,11,3,-1.2257352912896908,-1.240033041507678,0.01429775021798707,0.011664631278539188
GP_SE_mult_n1e-4,y1,11,4,-1.3655855893083324,-1.2471617779313007,0.11842381137703173,0.08672016774650738
GP_SE_mult_n1e-4,y1,11,5,4.975355357880453,8.881691940197296,3.906336582316843,0.7851372015326717
GP_SE_mult_n1e-4,y1,11,6,5.073618666536742,32.817477599802224,27.743858933265482,5.468258605293148
GP_SE_mult_n1e-4,y1,11,7,-52.19748433601645,-76.82427037801487,24.62678604199842,0.47180024775649676
GP_SE_mult_n1e-4,y1,12,0,0.50476113515483,0.5047646296017669,3.494446936924689e-6,6.922971468183272e-6
GP_SE_mult_n1e-4,y1,12,1,-0.8715093557873437,-0.871037109015397,0.00047224677194668274,0.0005418722918012085
GP_SE_mult_n1e-4,y1,12,2,1.3141203783570299,1.327155782285982,0.013035403928952194,0.00991948998253084
GP_SE_mult_n1e-4,y1,12,3,-1.4066950062670946,-1.210380407231478,0.19631459903561654,0.139557329883875
GP_SE_mult_n1e-4,y1,12,4,-0.10200533591349163,1.6483584909274462,1.7503638268409378,17.159532010417387
GP_SE_mult_n1e-4,y1,12,5,4.7036619739815215,12.65391558765541,7.950253613673889,1.6902263933188668
GP_SE_mult_n1e-4,y1,12,6,-6.41009085892817,-8.599745292061264,2.1896544331330947,0.3415949136014628
GP_SE_mult_n1e-4,y1,12,7,-32.581791622041266,-221.44440830952672,188.86261668748546,5.796569411478334
GP_RQ_mult_n1e-4,y1,1,0,2.224,2.2239809117530545,1.908824694574207e-5,8.582844849704168e-6
GP_RQ_mult_n1e-4,y1,1,1,-2.6825245441795227,-2.682115318748748,0.00040922543077481777,0.0001525523528434233
GP_RQ_mult_n1e-4,y1,1,2,1.974023656000974,1.9630475171113575,0.010976138889616571,0.005560287414109467
GP_RQ_mult_n1e-4,y1,1,3,0.40407047173108757,0.6126775832565577,0.20860711152547018,0.5162641819179998
GP_RQ_mult_n1e-4,y1,1,4,-1.7767526642491018,-4.288607240856088,2.5118545766069857,1.4137333952829927
GP_RQ_mult_n1e-4,y1,1,5,-3.4332576302201,13.964264747247404,17.397522377467503,5.067351259728266
GP_RQ_mult_n1e-4,y1,1,6,3.390528178239735,-36.4201750417628,39.81070322000254,11.741740851913848
GP_RQ_mult_n1e-4,y1,1,7,36.42900139194968,-280.99002863918895,317.4190300311386,8.713360726415189
GP_RQ_mult_n1e-4,y1,2,0,2.2222120889957435,2.2221932707119527,1.8818283790800194e-5,8.468266320747317e-6
GP_RQ_mult_n1e-4,y1,2,1,-2.681208438703187,-2.6808064844667117,0.00040195423647526596,0.0001499153257438195
GP_RQ_mult_n1e-4,y1,2,2,1.974292641312021,1.963455016456684,0.010837624855337014,0.005489371042853527
GP_RQ_mult_n1e-4,y1,2,3,0.4028852071765154,0.6098216131016609,0.20693640592514556,0.5136361480616013
GP_RQ_mult_n1e-4,y1,2,4,-1.7790407474191312,-4.279305838325016,2.5002650909058852,1.4054006882827388
GP_RQ_mult_n1e-4,y1,2,5,-3.430989180079341,13.939922280785842,17.370911460865184,5.062945567337372
GP_RQ_mult_n1e-4,y1,2,6,3.4148262710003263,-36.60708593155882,40.02191220255915,11.720043430155316
GP_RQ_mult_n1e-4,y1,2,7,36.46524394726358,-279.74204307268343,316.207287019947,8.671470496049588
GP_RQ_mult_n1e-4,y1,3,0,2.2079403996111013,2.207923575677513,1.6823933588483442e-5,7.619740818840377e-6
GP_RQ_mult_n1e-4,y1,3,1,-2.6706731931232963,-2.670326159085415,0.00034703403788149956,0.0001299425323828748
GP_RQ_mult_n1e-4,y1,3,2,1.9764159738715827,1.9666468884438317,0.009769085427751012,0.004942828613459565
GP_RQ_mult_n1e-4,y1,3,3,0.39334828113793413,0.5871959704419829,0.19384768930404878,0.49281438002794486
GP_RQ_mult_n1e-4,y1,3,4,-1.7972898661644552,-4.205487229710525,2.40819736354607,1.3399048249714638
GP_RQ_mult_n1e-4,y1,3,5,-3.4122568008382865,13.740753602674546,17.153010403512834,5.026881446700866
GP_RQ_mult_n1e-4,y1,3,6,3.610067276653441,-38.07218092742966,41.6822482040831,11.546113966807525
GP_RQ_mult_n1e-4,y1,3,7,36.74798580066228,-269.63138272411896,306.3793685247812,8.337310517825976
GP_RQ_mult_n1e-4,y1,4,0,2.170744840671981,2.1707320029280273,1.2837743953664216e-5,5.913981096778806e-6
GP_RQ_mult_n1e-4,y1,4,1,-2.6429656487634294,-2.642737458904523,0.0002281898589062692,8.63385640343199e-5
GP_RQ_mult_n1e-4,y1,4,2,1.9817451608055974,1.9744617162009508,0.007283444604646583,0.003675268015634158
GP_RQ_mult_n1e-4,y1,4,3,0.367853531897816,0.5296479084689015,0.16179437657108553,0.4398336906984748
GP_RQ_mult_n1e-4,y1,4,4,-1.844690787881631,-4.016967963231131,2.1722771753494996,1.1775833595635048
GP_RQ_mult_n1e-4,y1,4,5,-3.358091615611286,13.182207618466462,16.540299234077747,4.925505652431956
GP_RQ_mult_n1e-4,y1,4,6,4.129400580326576,-41.65581374158529,45.785214321911866,11.087617544309765
GP_RQ_mult_n1e-4,y1,4,7,37.42682706381732,-242.08236033124962,279.50918739506693,7.4681507710624135
GP_RQ_mult_n1e-4,y1,5,0,2.0975199447405894,2.097511179940081,8.76480050848727e-6,4.1786494237942775e-6
GP_RQ_mult_n1e-4,y1,5,1,-2.5873394201706326,-2.5872592741477294,8.014602290318251e-5,3.097623074822435e-5
GP_RQ_mult_n1e-4,y1,5,2,1.9913097659252945,1.9877643353268006,0.0035454305984938816,0.001780451569696611
GP_RQ_mult_n1e-4,y1,5,3,0.3149018906759774,0.4221819197323158,0.10728002905633838,0.3406776276447499
GP_RQ_mult_n1e-4,y1,5,4,-1.9369606143170268,-3.6650283766828315,1.7280677623658047,0.892154311033899
GP_RQ_mult_n1e-4,y1,5,5,-3.227645264861911,11.928486189160363,15.156131454022274,4.695724037279141
GP_RQ_mult_n1e-4,y1,5,6,5.193134860226937,-47.62122398221891,52.81435884244584,10.170034143911657
GP_RQ_mult_n1e-4,y1,5,7,38.48421232298865,-183.29109731187856,221.7753096348672,5.762760785476416
GP_RQ_mult_n1e-4,y1,6,0,1.9806138788647036,1.9806064924062106,7.386458493074954e-6,3.729378336634147e-6
GP_RQ_mult_n1e-4,y1,6,1,-2.4954380201337765,-2.4954327613754224,5.258758354109716e-6,2.1073488147895583e-6
GP_RQ_mult_n1e-4,y1,6,2,2.0036946227858885,2.0034914456315094,0.00020317715437911943,0.00010140125749133709
GP_RQ_mult_n1e-4,y1,6,3,0.2224783237737739,0.26540799481091565,0.04292967103714174,0.192961140253801
GP_RQ_mult_n1e-4,y1,6,4,-2.0793090433386614,-3.1692628887013488,1.0899538453626874,0.5241904029872313
GP_RQ_mult_n1e-4,y1,6,5,-2.9476675262145076,9.579919431287545,12.527586957502052,4.2499999901923795
GP_RQ_mult_n1e-4,y1,6,6,6.985508026385962,-53.69741265125818,60.68292067764415,8.686973151906777
GP_RQ_mult_n1e-4,y1,6,7,39.22357530590552,-79.99886559651549,119.222440902421,3.039560773657235
GP_RQ_mult_n1e-4,y1,7,0,1.8155664073744118,1.8155603310750195,6.076299392310247e-6,3.3467789267468936e-6
GP_RQ_mult_n1e-4,y1,7,1,-2.358783918815806,-2.3587399299441887,4.398887161727316e-5,1.8648961978406718e-5
GP_RQ_mult_n1e-4,y1,7,2,2.013868010594221,2.01466539855907,0.0007973879648490723,0.0003959484736111337
GP_RQ_mult_n1e-4,y1,7,3,0.07467124207578402,0.06918928182770706,0.005481960248076956,0.07341461177936885
GP_RQ_mult_n1e-4,y1,7,4,-2.2615518372241565,-2.644135326876292,0.3825834896521356,0.16916856972056898
GP_RQ_mult_n1e-4,y1,7,5,-2.3825334577372157,5.862925730772656,8.245459188509873,3.4607947106610224
GP_RQ_mult_n1e-4,y1,7,6,9.618194198596006,-53.893627104597165,63.51182130319317,6.603299953380455
GP_RQ_mult_n1e-4,y1,7,7,37.636830204883545,72.40548064281172,34.76865043792818,0.9237932697482264
GP_RQ_mult_n1e-4,y1,8,0,1.5984059112979474,1.5984060626494168,1.5135146935740806e-7,9.468900752156673e-8
GP_RQ_mult_n1e-4,y1,8,1,-2.1654497221785167,-2.165385925102541,6.37970759758133e-5,2.9461351756359993e-5
GP_RQ_mult_n1e-4,y1,8,2,2.010300430415165,2.009804333300196,0.0004960971149690074,0.00024677759973744525
GP_RQ_mult_n1e-4,y1,8,3,-0.15186919854651781,-0.16518423140136285,0.013315032854845033,0.0876743472822543
GP_RQ_mult_n1e-4,y1,8,4,-2.440632759033328,-2.311863980622047,0.1287687784112812,0.05276040728974039
GP_RQ_mult_n1e-4,y1,8,5,-1.2958312570297512,1.313070919876604,2.608902176906355,2.013303941198616
GP_RQ_mult_n1e-4,y1,8,6,12.886801357193123,-38.166547182618814,51.053348539811935,3.9616773103525107
GP_RQ_mult_n1e-4,y1,8,7,29.2239478405887,241.97464994388886,212.75070210330017,7.280012381072414
GP_RQ_mult_n1e-4,y1,9,0,1.3401647957823566,1.3401663594165518,1.563634195234087e-6,1.1667477015923809e-6
GP_RQ_mult_n1e-4,y1,9,1,-1.9128669216974497,-1.9129137025405334,4.678084308373798e-5,2.445587957693646e-5
GP_RQ_mult_n1e-4,y1,9,2,1.971190812701664,1.9704420851189999,0.0007487275826640882,0.0003798351625015446
GP_RQ_mult_n1e-4,y1,9,3,-0.46677152769617875,-0.45753341219149024,0.009238115504688504,0.01979151459876873
GP_RQ_mult_n1e-4,y1,9,4,-2.4930431468824925,-2.3590653267933006,0.1339778200891919,0.053740674427046664
GP_RQ_mult_n1e-4,y1,9,5,0.5204791904253628,-1.269600618936472,1.7900798093618349,3.439291795506537
GP_RQ_mult_n1e-4,y1,9,6,15.337224031575785,-1.2450127485848725,16.582236780160656,1.0811758859374865
GP_RQ_mult_n1e-4,y1,9,7,7.794813163782403,306.3882547114894,298.593441547707,38.30668359507102
GP_RQ_mult_n1e-4,y1,10,0,1.053611359014221,1.053603984583091,7.374431130191539e-6,6.999194785723645e-6
GP_RQ_mult_n1e-4,y1,10,1,-1.5989121201588865,-1.5989221587435087,1.0038584622229507e-5,6.2783842186598455e-6
GP_RQ_mult_n1e-4,y1,10,2,1.8625318206671768,1.8635664312961067,0.001034610628929844,0.0005554861492563582
GP_RQ_mult_n1e-4,y1,10,3,-0.8558618090931431,-0.8522215516914126,0.0036402574017305733,0.004253323799536901
GP_RQ_mult_n1e-4,y1,10,4,-2.204100790758087,-2.3812939081976623,0.17719311743957533,0.08039247487345207
GP_RQ_mult_n1e-4,y1,10,5,2.974250231424929,2.043161908579262,0.931088322845667,0.3130497605776745
GP_RQ_mult_n1e-4,y1,10,6,13.747025373683478,36.515879646289775,22.768854272606298,1.6562749870378282
GP_RQ_mult_n1e-4,y1,10,7,-27.1470303144239,116.21096527515368,143.35799558957757,5.280798449376168
GP_RQ_mult_n1e-4,y1,11,0,0.7656556262531152,0.7656599090282228,4.282775107555814e-6,5.593604958556117e-6
GP_RQ_mult_n1e-4,y1,11,1,-1.2407296239592338,-1.2406931959294611,3.6428029772661574e-5,2.936016765394688e-5
GP_RQ_mult_n1e-4,y1,11,2,1.64799277873706,1.6466786100001418,0.001314168736918253,0.0007974359802264224
GP_RQ_mult_n1e-4,y1,11,3,-1.2257352912896908,-1.239935134962497,0.014199843672806134,0.011584755512640401
GP_RQ_mult_n1e-4,y1,11,4,-1.3655855893083324,-1.1754082374656316,0.1901773518427008,0.13926432245014053
GP_RQ_mult_n1e-4,y1,11,5,4.975355357880453,9.390721793436741,4.4153664355562885,0.8874474520825534
GP_RQ_mult_n1e-4,y1,11,6,5.073618666536742,24.459869100961473,19.38625043442473,3.8209908368335865
GP_RQ_mult_n1e-4,y1,11,7,-52.19748433601645,-208.14773890515715,155.9502545691407,2.9876967549858424
GP_RQ_mult_n1e-4,y1,12,0,0.50476113515483,0.5047670163122419,5.881157411846694e-6,1.165136735426889e-5
GP_RQ_mult_n1e-4,y1,12,1,-0.8715093557873437,-0.8709538073448818,0.0005555484424618617,0.0006374555118343683
GP_RQ_mult_n1e-4,y1,12,2,1.3141203783570299,1.3281033657218093,0.013982987364779431,0.010640568090315718
GP_RQ_mult_n1e-4,y1,12,3,-1.4066950062670946,-1.2171479569080637,0.189547049359031,0.1347463725360243
GP_RQ_mult_n1e-4,y1,12,4,-0.10200533591349163,1.2990583516962984,1.40106368760979,13.735199978146237
GP_RQ_mult_n1e-4,y1,12,5,4.7036619739815215,7.9989168663648025,3.295254892383281,0.7005722159906694
GP_RQ_mult_n1e-4,y1,12,6,-6.41009085892817,-33.86631147279008,27.45622061386191,4.283281035809352
GP_RQ_mult_n1e-4,y1,12,7,-32.581791622041266,-170.3620501576011,137.78025853555982,4.228750221407494
FHD5_mult_n1e-4,y1,1,0,2.224,2.2238283115038566,0.00017168849614357384,7.719806481275801e-5
FHD5_mult_n1e-4,y1,1,1,-2.6825245441795227,-2.9571674524387936,0.27464290825927096,0.10238225363312502
FHD5_mult_n1e-4,y1,1,2,1.974023656000974,7247.782726037328,7245.808702381327,3670.5784555085147
FHD5_mult_n1e-4,y1,1,3,0.40407047173108757,-3.696196013502757e7,3.696196053909805e7,9.14740450613688e7
FHD5_mult_n1e-4,y1,1,4,-1.7767526642491018,1.0846290182462186e11,1.084629018263986e11,6.104558276952837e10
FHD5_mult_n1e-4,y1,1,5,-3.4332576302201,-2.0280409376153744e14,2.02804093761534e14,5.9070455993869766e13
FHD5_mult_n1e-4,y1,1,6,3.390528178239735,2.0097884483928352e17,2.0097884483928352e17,5.9276559365929224e16
FHD5_mult_n1e-4,y1,1,7,36.42900139194968,3.616156985283001e18,3.616156985283001e18,9.926588287106115e16
FHD5_mult_n1e-4,y1,2,0,2.2222120889957435,2.222336797619764,0.0001247086240203643,5.6119136709728874e-5
FHD5_mult_n1e-4,y1,2,1,-2.681208438703187,-2.432241504844281,0.248966933858906,0.09285623984509134
FHD5_mult_n1e-4,y1,2,2,1.974292641312021,-1660.263665238871,1662.237957880183,841.941018822589
FHD5_mult_n1e-4,y1,2,3,0.4028852071765154,115134.3442406656,115133.94135545842,285773.563547631
FHD5_mult_n1e-4,y1,2,4,-1.7790407474191312,1.7165506142427103e10,1.7165506144206144e10,9.648742542355078e9
FHD5_mult_n1e-4,y1,2,5,-3.430989180079341,-7.405638790513342e13,7.405638790512998e13,2.158455885990799e13
FHD5_mult_n1e-4,y1,2,6,3.4148262710003263,1.727987425173705e17,1.727987425173705e17,5.0602498869364584e16
FHD5_mult_n1e-4,y1,2,7,36.46524394726358,-1.0997919496714902e20,1.0997919496714902e20,3.016000527137624e18
FHD5_mult_n1e-4,y1,3,0,2.2079403996111013,2.2078745530367723,6.584657432906482e-5,2.9822623083785596e-5
FHD5_mult_n1e-4,y1,3,1,-2.6706731931232963,-2.1059026335143787,0.5647705596089176,0.2114712354409902
FHD5_mult_n1e-4,y1,3,2,1.9764159738715827,1126.5555385282444,1124.5791225543728,568.9992073639464
FHD5_mult_n1e-4,y1,3,3,0.39334828113793413,-9.203105186875615e6,9.203105580223896e6,2.339683690392605e7
FHD5_mult_n1e-4,y1,3,4,-1.7972898661644552,-3.216659023453063e9,3.216659021655773e9,1.7897274569963236e9
FHD5_mult_n1e-4,y1,3,5,-3.4122568008382865,1.5940411859649578e14,1.594041185964992e14,4.671515888175195e13
FHD5_mult_n1e-4,y1,3,6,3.610067276653441,-1.6132083187640806e17,1.6132083187640806e17,4.468637826216737e16
FHD5_mult_n1e-4,y1,3,7,36.74798580066228,-2.936212438531057e21,2.936212438531057e21,7.990131634583739e19
FHD5_mult_n1e-4,y1,4,0,2.170744840671981,2.171161654800276,0.00041681412829497333,0.00019201433557982953
FHD5_mult_n1e-4,y1,4,1,-2.6429656487634294,-3.4125123258352166,0.7695466770717871,0.2911678694847346
FHD5_mult_n1e-4,y1,4,2,1.9817451608055974,-4380.782088032354,4382.76383319316,2211.5678240947627
FHD5_mult_n1e-4,y1,4,3,0.367853531897816,1.5638678035023244e7,1.5638677667169712e7,4.251332748250979e7
FHD5_mult_n1e-4,y1,4,4,-1.844690787881631,6.488757000575522e10,6.488757000759991e10,3.517530983179799e10
FHD5_mult_n1e-4,y1,4,5,-3.358091615611286,-2.9221320846306325e14,2.922132084630599e14,8.701764034804847e13
FHD5_mult_n1e-4,y1,4,6,4.129400580326576,-1.0835585808536869e18,1.0835585808536869e18,2.6240093683717968e17
FHD5_mult_n1e-4,y1,4,7,37.42682706381732,5.415127082638705e21,5.415127082638705e21,1.4468571095821858e20
FHD5_mult_n1e-4,y1,5,0,2.0975199447405894,2.097243542117028,0.00027640262356154466,0.0001317759214898568
FHD5_mult_n1e-4,y1,5,1,-2.5873394201706326,-2.8964654304920368,0.3091260103214042,0.11947640418241594
FHD5_mult_n1e-4,y1,5,2,1.9913097659252945,1514.362626275251,1512.3713165093257,759.4857125639504
FHD5_mult_n1e-4,y1,5,3,0.3149018906759774,66133.0289964669,66132.71409457624,210010.53360655875
FHD5_mult_n1e-4,y1,5,4,-1.9369606143170268,-1.263149767496895e10,1.263149767303199e10,6.521298151168583e9
FHD5_mult_n1e-4,y1,5,5,-3.227645264861911,5.184320239064237e13,5.184320239064559e13,1.6062236750439059e13
FHD5_mult_n1e-4,y1,5,6,5.193134860226937,9.630635869236318e16,9.630635869236318e16,1.8544936976305416e16
FHD5_mult_n1e-4,y1,5,7,38.48421232298865,-1.6051603008510404e21,1.6051603008510404e21,4.170957917442404e19
FHD5_mult_n1e-4,y1,6,0,1.9806138788647036,1.9804819328956558,0.00013194596904786415,6.661872384914124e-5
FHD5_mult_n1e-4,y1,6,1,-2.4954380201337765,-2.8955002666631495,0.40006224652937306,0.16031744459352526
FHD5_mult_n1e-4,y1,6,2,2.0036946227858885,553.3150172114715,551.3113225886856,275.14737840747193
FHD5_mult_n1e-4,y1,6,3,0.2224783237737739,3.1910436635519397e6,3.191043441073616e6,1.43431656034878e7
FHD5_mult_n1e-4,y1,6,4,-2.0793090433386614,4.446466508005047e9,4.446466510084356e9,2.1384346518037777e9
FHD5_mult_n1e-4,y1,6,5,-2.9476675262145076,-3.978155784967292e13,3.978155784966998e13,1.3495944673502162e13
FHD5_mult_n1e-4,y1,6,6,6.985508026385962,-2.3208932210201997e17,2.3208932210201997e17,3.322440132133013e16
FHD5_mult_n1e-4,y1,6,7,39.22357530590552,7.410752764318629e20,7.410752764318629e20,1.8893618714056552e19
FHD5_mult_n1e-4,y1,7,0,1.8155664073744118,1.8157630106513822,0.00019660327697046398,0.00010828757140025661
FHD5_mult_n1e-4,y1,7,1,-2.358783918815806,-1.9367536234755192,0.4220302953402868,0.17891859104761115
FHD5_mult_n1e-4,y1,7,2,2.013868010594221,-1844.4476647161446,1846.4615327267388,916.8731629943878
FHD5_mult_n1e-4,y1,7,3,0.07467124207578402,-5.419848221294472e6,5.419848295965714e6,7.258280624909249e7
FHD5_mult_n1e-4,y1,7,4,-2.2615518372241565,3.328255888734118e10,3.328255888960273e10,1.4716690699627722e10
FHD5_mult_n1e-4,y1,7,5,-2.3825334577372157,7.363255024565905e13,7.363255024566142e13,3.090514846981125e13
FHD5_mult_n1e-4,y1,7,6,9.618194198596006,-5.927069747650281e17,5.927069747650281e17,6.162351918944901e16
FHD5_mult_n1e-4,y1,7,7,37.636830204883545,-1.1318655397405777e21,1.1318655397405777e21,3.0073349258666136e19
FHD5_mult_n1e-4,y1,8,0,1.5984059112979474,1.5985231198180772,0.00011720852012975236,7.332838254744439e-5
FHD5_mult_n1e-4,y1,8,1,-2.1654497221785167,-2.167324223494221,0.0018745013157044355,0.0008656406549206891
FHD5_mult_n1e-4,y1,8,2,2.010300430415165,584.3462949827674,582.3359945523522,289.6761030052055
FHD5_mult_n1e-4,y1,8,3,-0.15186919854651781,-2.279992723990185e6,2.2799925721209864e6,1.5012870245855814e7
FHD5_mult_n1e-4,y1,8,4,-2.440632759033328,-2.2963704163490067e10,2.2963704161049435e10,9.408914174431047e9
FHD5_mult_n1e-4,y1,8,5,-1.2958312570297512,5.7858729097567016e13,5.785872909756831e13,4.464989463997774e13
FHD5_mult_n1e-4,y1,8,6,12.886801357193123,5.537949448760861e17,5.537949448760861e17,4.2973809367129736e16
FHD5_mult_n1e-4,y1,8,7,29.2239478405887,-1.24439562034043e21,1.24439562034043e21,4.258136604706458e19
FHD5_mult_n1e-4,y1,9,0,1.3401647957823566,1.3401773258167315,1.2530034374957921e-5,9.349622087068168e-6
FHD5_mult_n1e-4,y1,9,1,-1.9128669216974497,-1.951635051960973,0.03876813026352344,0.020267029464402665
FHD5_mult_n1e-4,y1,9,2,1.971190812701664,-361.4229097495257,363.3941005622273,184.35257420065216
FHD5_mult_n1e-4,y1,9,3,-0.46677152769617875,-2.5788133761138613e6,2.5788129093423337e6,5.524786231222058e6
FHD5_mult_n1e-4,y1,9,4,-2.4930431468824925,6.876657914821983e9,6.876657917315026e9,2.7583389103851523e9
FHD5_mult_n1e-4,y1,9,5,0.5204791904253628,6.606386139805649e13,6.606386139805597e13,1.2692891975962598e14
FHD5_mult_n1e-4,y1,9,6,15.337224031575785,-1.2271897276003363e17,1.2271897276003365e17,8.001380987027624e15
FHD5_mult_n1e-4,y1,9,7,7.794813163782403,-1.4194054531514337e21,1.4194054531514337e21,1.8209614821128985e20
FHD5_mult_n1e-4,y1,10,0,1.053611359014221,1.0535194960311123,9.186298310881469e-5,8.718867950964714e-5
FHD5_mult_n1e-4,y1,10,1,-1.5989121201588865,-1.2719079397633282,0.32700418039555834,0.20451666872289603
FHD5_mult_n1e-4,y1,10,2,1.8625318206671768,652.6028547706924,650.7403229500252,349.3848082106451
FHD5_mult_n1e-4,y1,10,3,-0.8558618090931431,-2.5530457880867734e6,2.5530449322249643e6,2.983010697638358e6
FHD5_mult_n1e-4,y1,10,4,-2.204100790758087,-1.4055106894373962e10,1.405510689216986e10,6.376798625137144e9
FHD5_mult_n1e-4,y1,10,5,2.974250231424929,3.8462909010984086e13,3.846290901098111e13,1.2931968065294215e13
FHD5_mult_n1e-4,y1,10,6,13.747025373683478,2.8782981064960058e17,2.8782981064960058e17,2.0937606705855476e16
FHD5_mult_n1e-4,y1,10,7,-27.1470303144239,-7.537773061506158e20,7.537773061506158e20,2.7766473806533267e19
FHD5_mult_n1e-4,y1,11,0,0.7656556262531152,0.765631429847276,2.4196405839282953e-5,3.160220471139587e-5
FHD5_mult_n1e-4,y1,11,1,-1.2407296239592338,-1.0693985448843693,0.17133107907486456,0.13808897262252676
FHD5_mult_n1e-4,y1,11,2,1.64799277873706,-447.6453274708425,449.29332024957955,272.6306365212933
FHD5_mult_n1e-4,y1,11,3,-1.2257352912896908,-79083.98641485325,79082.76067956196,64518.62913757903
FHD5_mult_n1e-4,y1,11,4,-1.3655855893083324,8.233246799311577e9,8.233246800677162e9,6.029096136586571e9
FHD5_mult_n1e-4,y1,11,5,4.975355357880453,-6.647705362287079e12,6.647705362292055e12,1.3361267455525103e12
FHD5_mult_n1e-4,y1,11,6,5.073618666536742,-1.472460957914162e17,1.472460957914162e17,2.9021908320107656e16
FHD5_mult_n1e-4,y1,11,7,-52.19748433601645,1.722788900393474e20,1.722788900393474e20,3.3005209394827935e18
FHD5_mult_n1e-4,y1,12,0,0.50476113515483,0.5047573080467077,3.827108122300693e-6,7.582018217640249e-6
FHD5_mult_n1e-4,y1,12,1,-0.8715093557873437,-2.5209586418513004,1.6494492860639567,1.8926352024916615
FHD5_mult_n1e-4,y1,12,2,1.3141203783570299,-9357.184957119458,9358.499077497814,7121.493001423671
FHD5_mult_n1e-4,y1,12,3,-1.4066950062670946,-2.4095733005031943e7,2.409573159833694e7,1.7129321914832894e7
FHD5_mult_n1e-4,y1,12,4,-0.10200533591349163,-2.735170813509058e10,2.7351708134988575e10,2.68139974149832e11
FHD5_mult_n1e-4,y1,12,5,4.7036619739815215,4.795283634079064e12,4.79528363407436e12,1.0194787934591489e12
FHD5_mult_n1e-4,y1,12,6,-6.41009085892817,3.1385239332839984e16,3.138523933283999e16,4.896223785833812e15
FHD5_mult_n1e-4,y1,12,7,-32.581791622041266,-8.842581731475865e18,8.842581731475865e18,2.7139642393065776e17
S1_GP_AAA_MLE_mult_n1e-4,y1,1,0,2.224,2.223889391189865,0.00011060881013502666,4.97341772189868e-5
S1_GP_AAA_MLE_mult_n1e-4,y1,1,1,-2.6825245441795227,-2.6491810654752044,0.03334347870431831,0.012429887650670778
S1_GP_AAA_MLE_mult_n1e-4,y1,1,2,1.974023656000974,-9.94489006542426,11.918913721425234,6.037877856829165
S1_GP_AAA_MLE_mult_n1e-4,y1,1,3,0.40407047173108757,5922.4625266875955,5922.058456215865,14656.004015450668
S1_GP_AAA_MLE_mult_n1e-4,y1,1,4,-1.7767526642491018,-3.90610598384058e6,3.906104207087916e6,2.1984513014582866e6
S1_GP_AAA_MLE_mult_n1e-4,y1,1,5,-3.4332576302201,3.220136571025975e9,3.220136574459233e9,9.379245373592298e8
S1_GP_AAA_MLE_mult_n1e-4,y1,1,6,3.390528178239735,-3.1855563864583813e12,3.185556386461772e12,9.395457636678959e11
S1_GP_AAA_MLE_mult_n1e-4,y1,1,7,36.42900139194968,3.676572089980923e15,3.6765720899808865e15,1.0092431715115197e14
S1_GP_AAA_MLE_mult_n1e-4,y1,2,0,2.2222120889957435,2.2221213240060447,9.076498969884383e-5,4.0844431613123894e-5
S1_GP_AAA_MLE_mult_n1e-4,y1,2,1,-2.681208438703187,-2.6546643779653456,0.026544060737841324,0.009900036250325924
S1_GP_AAA_MLE_mult_n1e-4,y1,2,2,1.974292641312021,-6.7282879580063755,8.702580599318397,4.407948658277466
S1_GP_AAA_MLE_mult_n1e-4,y1,2,3,0.4028852071765154,3902.362245178396,3901.9593599712193,9685.040032412162
S1_GP_AAA_MLE_mult_n1e-4,y1,2,4,-1.7790407474191312,-2.31893916116496e6,2.3189373821242126e6,1.3034762612876145e6
S1_GP_AAA_MLE_mult_n1e-4,y1,2,5,-3.430989180079341,1.7223801391959624e9,1.7223801426269517e9,5.0200687097098976e8
S1_GP_AAA_MLE_mult_n1e-4,y1,2,6,3.4148262710003263,-1.5351504303508494e12,1.5351504303542642e12,4.4955447467158057e11
S1_GP_AAA_MLE_mult_n1e-4,y1,2,7,36.46524394726358,1.5962990493621435e15,1.596299049362107e15,4.377590484985351e13
S1_GP_AAA_MLE_mult_n1e-4,y1,3,0,2.2079403996111013,2.2079224713510026,1.7928260098720727e-5,8.11990219567455e-6
S1_GP_AAA_MLE_mult_n1e-4,y1,3,1,-2.6706731931232963,-2.6641469718490405,0.006526221274255839,0.002443661504919499
S1_GP_AAA_MLE_mult_n1e-4,y1,3,2,1.9764159738715827,0.5063414584905386,1.4700745153810442,0.743808254343001
S1_GP_AAA_MLE_mult_n1e-4,y1,3,3,0.39334828113793413,377.95205947914087,377.5587111980029,959.8585510676369
S1_GP_AAA_MLE_mult_n1e-4,y1,3,4,-1.7972898661644552,-125392.08321954845,125390.28592968229,69766.31220720902
S1_GP_AAA_MLE_mult_n1e-4,y1,3,5,-3.4122568008382865,5.196644277800948e7,5.196644619026628e7,1.5229347972139647e7
S1_GP_AAA_MLE_mult_n1e-4,y1,3,6,3.610067276653441,-2.5842976212810932e10,2.5842976216420998e10,7.158585764744426e9
S1_GP_AAA_MLE_mult_n1e-4,y1,3,7,36.74798580066228,1.4993688926879227e13,1.4993688926842479e13,4.0801389790926337e11
S1_GP_AAA_MLE_mult_n1e-4,y1,4,0,2.170744840671981,2.1707539830164966,9.142344515655765e-6,4.2116163744171975e-6
S1_GP_AAA_MLE_mult_n1e-4,y1,4,1,-2.6429656487634294,-2.642997908717282,3.2259953852697976e-5,1.2205967893601461e-5
S1_GP_AAA_MLE_mult_n1e-4,y1,4,2,1.9817451608055974,1.8731182758539588,0.10862688495163852,0.05481375057703217
S1_GP_AAA_MLE_mult_n1e-4,y1,4,3,0.367853531897816,17.14224751482532,16.774393982927506,45.600741948529596
S1_GP_AAA_MLE_mult_n1e-4,y1,4,4,-1.844690787881631,-2660.861681595787,2659.0169908079056,1441.443199194058
S1_GP_AAA_MLE_mult_n1e-4,y1,4,5,-3.358091615611286,511118.04335264285,511121.40144425846,152205.91334320017
S1_GP_AAA_MLE_mult_n1e-4,y1,4,6,4.129400580326576,-1.1766489460255255e8,1.1766489873195313e8,2.8494425872010592e7
S1_GP_AAA_MLE_mult_n1e-4,y1,4,7,37.42682706381732,3.159989707792873e10,3.1599897040501904e10,8.443114076066403e8
S1_GP_AAA_MLE_mult_n1e-4,y1,5,0,2.0975199447405894,2.0975142128271074,5.731913482076578e-6,2.7327098826635815e-6
S1_GP_AAA_MLE_mult_n1e-4,y1,5,1,-2.5873394201706326,-2.587909476901528,0.0005700567308952742,0.0002203254534179669
S1_GP_AAA_MLE_mult_n1e-4,y1,5,2,1.9913097659252945,2.0022251778134423,0.010915411888147819,0.005481523806556432
S1_GP_AAA_MLE_mult_n1e-4,y1,5,3,0.3149018906759774,0.8080001258347558,0.4930982351587784,1.5658789285141463
S1_GP_AAA_MLE_mult_n1e-4,y1,5,4,-1.9369606143170268,-66.66178731133034,64.72482669701331,33.41566484036915
S1_GP_AAA_MLE_mult_n1e-4,y1,5,5,-3.227645264861911,6381.7121164076425,6384.939761672505,1978.2036865026037
S1_GP_AAA_MLE_mult_n1e-4,y1,5,6,5.193134860226937,-712109.5499319308,712114.7430667911,137126.17951070736
S1_GP_AAA_MLE_mult_n1e-4,y1,5,7,38.48421232298865,9.22199270816724e7,9.221988859746008e7,2.3963044331914852e6
S1_GP_AAA_MLE_mult_n1e-4,y1,6,0,1.9806138788647036,1.980595293968452,1.8584896251727656e-5,9.38340200987615e-6
S1_GP_AAA_MLE_mult_n1e-4,y1,6,1,-2.4954380201337765,-2.495452753096009,1.4732962232422153e-5,5.9039583886889495e-6
S1_GP_AAA_MLE_mult_n1e-4,y1,6,2,2.0036946227858885,2.012817341215679,0.0091227184297904,0.004552948501257339
S1_GP_AAA_MLE_mult_n1e-4,y1,6,3,0.2224783237737739,0.03983843358848315,0.18263989018529075,0.8209334153875022
S1_GP_AAA_MLE_mult_n1e-4,y1,6,4,-2.0793090433386614,-1.9697574693579654,0.10955157398069604,0.052686527926985575
S1_GP_AAA_MLE_mult_n1e-4,y1,6,5,-2.9476675262145076,130.22897308180555,133.17664060802005,45.180346638024645
S1_GP_AAA_MLE_mult_n1e-4,y1,6,6,6.985508026385962,-9430.52609297506,9437.511601001446,1351.0129206571191
S1_GP_AAA_MLE_mult_n1e-4,y1,6,7,39.22357530590552,669340.5484020252,669301.3248267194,17063.751063150765
S1_GP_AAA_MLE_mult_n1e-4,y1,7,0,1.8155664073744118,1.8155592876648734,7.119709538372376e-6,3.92148120247971e-6
S1_GP_AAA_MLE_mult_n1e-4,y1,7,1,-2.358783918815806,-2.358538996691117,0.00024492212468896213,0.0001038340658231729
S1_GP_AAA_MLE_mult_n1e-4,y1,7,2,2.013868010594221,2.013608218624803,0.000259791969417833,0.0001290014877098016
S1_GP_AAA_MLE_mult_n1e-4,y1,7,3,0.07467124207578402,-0.00759735998766007,0.08226860206344408,1.1017441223215423
S1_GP_AAA_MLE_mult_n1e-4,y1,7,4,-2.2615518372241565,-0.703592892883093,1.5579589443410635,0.6888893363829822
S1_GP_AAA_MLE_mult_n1e-4,y1,7,5,-2.3825334577372157,-13.43317602215551,11.050642564418295,4.638189876633891
S1_GP_AAA_MLE_mult_n1e-4,y1,7,6,9.618194198596006,-125.38904921191019,135.0072434105062,14.036651851988346
S1_GP_AAA_MLE_mult_n1e-4,y1,7,7,37.636830204883545,-2523.866228790868,2561.5030589957514,68.05841631858215
S1_GP_AAA_MLE_mult_n1e-4,y1,8,0,1.5984059112979474,1.598413676081111,7.764783163555222e-6,4.857829359033098e-6
S1_GP_AAA_MLE_mult_n1e-4,y1,8,1,-2.1654497221785167,-2.165421510373179,2.8211805337630125e-5,1.3028150710997843e-5
S1_GP_AAA_MLE_mult_n1e-4,y1,8,2,2.010300430415165,2.007560162510345,0.0027402679048198486,0.0013631136238944801
S1_GP_AAA_MLE_mult_n1e-4,y1,8,3,-0.15186919854651781,-0.13889619382830115,0.012973004718216663,0.08542222414009124
S1_GP_AAA_MLE_mult_n1e-4,y1,8,4,-2.440632759033328,-1.961757480338977,0.4788752786943511,0.19620947761269142
S1_GP_AAA_MLE_mult_n1e-4,y1,8,5,-1.2958312570297512,-10.120929533427821,8.82509827639807,6.8103761415869695
S1_GP_AAA_MLE_mult_n1e-4,y1,8,6,12.886801357193123,78.66038372374554,65.77358236655242,5.1039494241788
S1_GP_AAA_MLE_mult_n1e-4,y1,8,7,29.2239478405887,3.027820076985477,26.196127763603222,0.8963925033844954
S1_GP_AAA_MLE_mult_n1e-4,y1,9,0,1.3401647957823566,1.3401616498201714,3.1459621852025776e-6,2.347444280810286e-6
S1_GP_AAA_MLE_mult_n1e-4,y1,9,1,-1.9128669216974497,-1.9129969738161128,0.0001300521186631265,6.798806398289337e-5
S1_GP_AAA_MLE_mult_n1e-4,y1,9,2,1.971190812701664,1.9716185869100764,0.00042777420841244584,0.00021701308957814664
S1_GP_AAA_MLE_mult_n1e-4,y1,9,3,-0.46677152769617875,-0.44306999567781746,0.023701532018361282,0.05077758734630573
S1_GP_AAA_MLE_mult_n1e-4,y1,9,4,-2.4930431468824925,-2.652616920546828,0.15957377366433567,0.06400762612708084
S1_GP_AAA_MLE_mult_n1e-4,y1,9,5,0.5204791904253628,-1.2026884140067682,1.7231676044321311,3.310732947889556
S1_GP_AAA_MLE_mult_n1e-4,y1,9,6,15.337224031575785,61.697519446602705,46.36029541502692,3.0227305358245946
S1_GP_AAA_MLE_mult_n1e-4,y1,9,7,7.794813163782403,-30.047933833030775,37.842746996813176,4.854862612056519
S1_GP_AAA_MLE_mult_n1e-4,y1,10,0,1.053611359014221,1.0536049263125697,6.432701651348793e-6,6.105383732164156e-6
S1_GP_AAA_MLE_mult_n1e-4,y1,10,1,-1.5989121201588865,-1.5987648867092044,0.00014723344968214924,9.208351592676551e-5
S1_GP_AAA_MLE_mult_n1e-4,y1,10,2,1.8625318206671768,1.8656099690557626,0.0030781483885857774,0.001652668885669376
S1_GP_AAA_MLE_mult_n1e-4,y1,10,3,-0.8558618090931431,-0.802746351912229,0.05311545718091415,0.062060786702463566
S1_GP_AAA_MLE_mult_n1e-4,y1,10,4,-2.204100790758087,0.5587545864392297,2.7628553771973166,1.253506821821451
S1_GP_AAA_MLE_mult_n1e-4,y1,10,5,2.974250231424929,167.26103642682776,164.28678619540284,55.236369979769634
S1_GP_AAA_MLE_mult_n1e-4,y1,10,6,13.747025373683478,10809.34022343398,10795.593198060296,785.30394064208
S1_GP_AAA_MLE_mult_n1e-4,y1,10,7,-27.1470303144239,828345.7494444847,828372.8964747991,30514.309921946187
S1_GP_AAA_MLE_mult_n1e-4,y1,11,0,0.7656556262531152,0.7656576356752712,2.009422156001861e-6,2.624446405279302e-6
S1_GP_AAA_MLE_mult_n1e-4,y1,11,1,-1.2407296239592338,-1.240664517505299,6.510645393476011e-5,5.247432855435657e-5
S1_GP_AAA_MLE_mult_n1e-4,y1,11,2,1.64799277873706,1.6460442370534618,0.0019485416835982594,0.0011823727074165488
S1_GP_AAA_MLE_mult_n1e-4,y1,11,3,-1.2257352912896908,-1.2150919925505343,0.010643298739156482,0.008683195152158705
S1_GP_AAA_MLE_mult_n1e-4,y1,11,4,-1.3655855893083324,-1.6071275734636767,0.24154198415534434,0.1768779533457768
S1_GP_AAA_MLE_mult_n1e-4,y1,11,5,4.975355357880453,22.884778902624227,17.909423544743774,3.599627012847853
S1_GP_AAA_MLE_mult_n1e-4,y1,11,6,5.073618666536742,-757.2108268315325,762.2844454980692,150.24472582572025
S1_GP_AAA_MLE_mult_n1e-4,y1,11,7,-52.19748433601645,3959.048880151678,4011.2463644876943,76.84750358208201
S1_GP_AAA_MLE_mult_n1e-4,y1,12,0,0.50476113515483,0.5047600627441605,1.0724106694892654e-6,2.1245904147519502e-6
S1_GP_AAA_MLE_mult_n1e-4,y1,12,1,-0.8715093557873437,-0.8713012930491327,0.00020806273821094567,0.00023873838740718568
S1_GP_AAA_MLE_mult_n1e-4,y1,12,2,1.3141203783570299,1.3195726123410996,0.005452233984069688,0.00414896083636288
S1_GP_AAA_MLE_mult_n1e-4,y1,12,3,-1.4066950062670946,-1.3465810356538366,0.06011397061325807,0.04273418924886977
S1_GP_AAA_MLE_mult_n1e-4,y1,12,4,-0.10200533591349163,0.1342589138792165,0.23626424979270816,2.3161950076129196
S1_GP_AAA_MLE_mult_n1e-4,y1,12,5,4.7036619739815215,4.086632848073231,0.6170291259082905,0.13118058425996804
S1_GP_AAA_MLE_mult_n1e-4,y1,12,6,-6.41009085892817,-11.362114727656147,4.952023868727977,0.7725356750334744
S1_GP_AAA_MLE_mult_n1e-4,y1,12,7,-32.581791622041266,4.9890340403807025,37.57082566242197,1.1531233794094267
S2_AAA_MLE_mult_n1e-4,y1,1,0,2.224,2.2238395294219098,0.00016047057809043253,7.21540369111657e-5
S2_AAA_MLE_mult_n1e-4,y1,1,1,-2.6825245441795227,-2.677542484206352,0.004982059973170472,0.0018572281040188153
S2_AAA_MLE_mult_n1e-4,y1,1,2,1.974023656000974,1.8971682408009372,0.07685541520003691,0.038933381049613414
S2_AAA_MLE_mult_n1e-4,y1,1,3,0.40407047173108757,1.0978872964351556,0.693816824704068,1.7170688611114577
S2_AAA_MLE_mult_n1e-4,y1,1,4,-1.7767526642491018,-5.3845737886523395,3.6078211244032374,2.0305702628159494
S2_AAA_MLE_mult_n1e-4,y1,1,5,-3.4332576302201,4.383449022055821,7.81670665227592,2.276760876746324
S2_AAA_MLE_mult_n1e-4,y1,1,6,3.390528178239735,20.545263122917916,17.154734944678182,5.059605478219157
S2_AAA_MLE_mult_n1e-4,y1,1,7,36.42900139194968,-76.83208141626676,113.26108280821644,3.1090910670212777
S2_AAA_MLE_mult_n1e-4,y1,2,0,2.2222120889957435,2.2220549227462203,0.00015716624952322178,7.072513478866365e-5
S2_AAA_MLE_mult_n1e-4,y1,2,1,-2.681208438703187,-2.676277461670629,0.004930977032557848,0.0018390875402968675
S2_AAA_MLE_mult_n1e-4,y1,2,2,1.974292641312021,1.897898969522472,0.07639367178954903,0.038694198717562675
S2_AAA_MLE_mult_n1e-4,y1,2,3,0.4028852071765154,1.0943125054651888,0.6914272982886733,1.7161893412128668
S2_AAA_MLE_mult_n1e-4,y1,2,4,-1.7790407474191312,-5.345204836714878,3.5661640892957465,2.004543231777692
S2_AAA_MLE_mult_n1e-4,y1,2,5,-3.430989180079341,-4.8735323353198705,1.4425431552405295,0.42044526506118884
S2_AAA_MLE_mult_n1e-4,y1,2,6,3.4148262710003263,2.9442978805722888e6,2.9442944657460176e6,862209.1527026724
S2_AAA_MLE_mult_n1e-4,y1,2,7,36.46524394726358,4.631327936286039e10,4.631327932639515e10,1.270066351218544e9
S2_AAA_MLE_mult_n1e-4,y1,3,0,2.2079403996111013,2.2078084627784667,0.0001319368326346826,5.975561326651818e-5
S2_AAA_MLE_mult_n1e-4,y1,3,1,-2.6706731931232963,-2.666139906396893,0.004533286726403407,0.0016974322197400062
S2_AAA_MLE_mult_n1e-4,y1,3,2,1.9764159738715827,1.9036588011485762,0.07275717272300652,0.0368126819884395
S2_AAA_MLE_mult_n1e-4,y1,3,3,0.39334828113793413,1.0656594856130437,0.6723112044751096,1.709200819513312
S2_AAA_MLE_mult_n1e-4,y1,3,4,-1.7972898661644552,-5.357919373232793,3.560629507068338,1.981110322881292
S2_AAA_MLE_mult_n1e-4,y1,3,5,-3.4122568008382865,4.493353754897474,7.905610555735761,2.3168275476199787
S2_AAA_MLE_mult_n1e-4,y1,3,6,3.610067276653441,23.118592994058893,19.50852571740545,5.403923035885913
S2_AAA_MLE_mult_n1e-4,y1,3,7,36.74798580066228,6336.287879326755,6299.539893526092,171.42544703531917
S2_AAA_MLE_mult_n1e-4,y1,4,0,2.170744840671981,2.1706695414572112,7.529921476967516e-5,3.4688192439220704e-5
S2_AAA_MLE_mult_n1e-4,y1,4,1,-2.6429656487634294,-2.639386691598739,0.003578957164690255,0.0013541444121170285
S2_AAA_MLE_mult_n1e-4,y1,4,2,1.9817451608055974,1.9180550514879926,0.06369010931760477,0.03213839527768251
S2_AAA_MLE_mult_n1e-4,y1,4,3,0.367853531897816,0.9910993914531002,0.6232458595552842,1.6942772204465668
S2_AAA_MLE_mult_n1e-4,y1,4,4,-1.844690787881631,-5.292898178976468,3.4482073910948374,1.869260373471383
S2_AAA_MLE_mult_n1e-4,y1,4,5,-3.358091615611286,4.778976362755775,8.13706797836706,2.4231226868674454
S2_AAA_MLE_mult_n1e-4,y1,4,6,4.129400580326576,19.003536952034914,14.874136371708339,3.602008592378318
S2_AAA_MLE_mult_n1e-4,y1,4,7,37.42682706381732,-74.79425437395254,112.22108143776987,2.9984129097136445
S2_AAA_MLE_mult_n1e-4,y1,5,0,2.0975199447405894,2.0975220829181995,2.1381776100781735e-6,1.0193836847366009e-6
S2_AAA_MLE_mult_n1e-4,y1,5,1,-2.5873394201706326,-2.585311879078762,0.0020275410918704218,0.0007836393926764767
S2_AAA_MLE_mult_n1e-4,y1,5,2,1.9913097659252945,1.9437489787606415,0.04756078716465306,0.023884173109829133
S2_AAA_MLE_mult_n1e-4,y1,5,3,0.3149018906759774,0.8448391693064352,0.5299372786304578,1.6828647090459803
S2_AAA_MLE_mult_n1e-4,y1,5,4,-1.9369606143170268,-5.151917457404909,3.214956843087882,1.6597946387368736
S2_AAA_MLE_mult_n1e-4,y1,5,5,-3.227645264861911,5.281054411513978,8.508699676375889,2.636194184350652
S2_AAA_MLE_mult_n1e-4,y1,5,6,5.193134860226937,16.85823489381075,11.665100033583812,2.246254015647507
S2_AAA_MLE_mult_n1e-4,y1,5,7,38.48421232298865,-76.43106652981079,114.91527885279945,2.9860369204998514
S2_AAA_MLE_mult_n1e-4,y1,6,0,1.9806138788647036,1.9806669765786036,5.309771389994111e-5,2.680871545259339e-5
S2_AAA_MLE_mult_n1e-4,y1,6,1,-2.4954380201337765,-2.495088150885065,0.0003498692487116095,0.0001402035417785506
S2_AAA_MLE_mult_n1e-4,y1,6,2,2.0036946227858885,1.9772495390448583,0.026445083741030162,0.013198160757781323
S2_AAA_MLE_mult_n1e-4,y1,6,3,0.2224783237737739,0.6136976123205498,0.39121928854677585,1.7584602486693734
S2_AAA_MLE_mult_n1e-4,y1,6,4,-2.0793090433386614,-4.892385678485981,2.8130766351473198,1.3528901074899755
S2_AAA_MLE_mult_n1e-4,y1,6,5,-2.9476675262145076,5.976323370402,8.923990896616507,3.027475391051647
S2_AAA_MLE_mult_n1e-4,y1,6,6,6.985508026385962,13.388332489102304,6.4028244627163415,0.9165868020666953
S2_AAA_MLE_mult_n1e-4,y1,6,7,39.22357530590552,-74.15467592395684,113.37825122986237,2.890563910750688
S2_AAA_MLE_mult_n1e-4,y1,7,0,1.8155664073744118,1.8156002598500374,3.3852475625595346e-5,1.8645682960476908e-5
S2_AAA_MLE_mult_n1e-4,y1,7,1,-2.358783918815806,-2.3594672240725374,0.0006833052567314368,0.0002896853973273146
S2_AAA_MLE_mult_n1e-4,y1,7,2,2.013868010594221,2.007994011426359,0.005873999167862021,0.0029167746530363785
S2_AAA_MLE_mult_n1e-4,y1,7,3,0.07467124207578402,0.2954691248768262,0.22079788280104218,2.9569333074298387
S2_AAA_MLE_mult_n1e-4,y1,7,4,-2.2615518372241565,-4.458874955922754,2.1973231186985975,0.9715997142013805
S2_AAA_MLE_mult_n1e-4,y1,7,5,-2.3825334577372157,6.728229823820112,9.110763281557329,3.823981254899217
S2_AAA_MLE_mult_n1e-4,y1,7,6,9.618194198596006,9.68336447785311,0.06517027925710295,0.006775729197338938
S2_AAA_MLE_mult_n1e-4,y1,7,7,37.636830204883545,833.685826487531,796.0489962826475,21.150798086586917
S2_AAA_MLE_mult_n1e-4,y1,8,0,1.5984059112979474,1.5983724966341961,3.3414663751285545e-5,2.0904992602380933e-5
S2_AAA_MLE_mult_n1e-4,y1,8,1,-2.1654497221785167,-2.1659714757272592,0.0005217535487425096,0.00024094466077818127
S2_AAA_MLE_mult_n1e-4,y1,8,2,2.010300430415165,2.016829140302557,0.006528709887392292,0.0032476289556601203
S2_AAA_MLE_mult_n1e-4,y1,8,3,-0.15186919854651781,-0.10059296818825791,0.0512762303582599,0.3376341670925056
S2_AAA_MLE_mult_n1e-4,y1,8,4,-2.440632759033328,-3.7840945530116743,1.3434617939783462,0.5504563474393652
S2_AAA_MLE_mult_n1e-4,y1,8,5,-1.2958312570297512,7.242459892130708,8.53829114916046,6.589045527989164
S2_AAA_MLE_mult_n1e-4,y1,8,6,12.886801357193123,2.556460459100154,10.33034089809297,0.8016217998368389
S2_AAA_MLE_mult_n1e-4,y1,8,7,29.2239478405887,-55.95000983746246,85.17395767805115,2.9145260641258854
S2_AAA_MLE_mult_n1e-4,y1,9,0,1.3401647957823566,1.3401228776273133,4.1918155043285665e-5,3.127835858336723e-5
S2_AAA_MLE_mult_n1e-4,y1,9,1,-1.9128669216974497,-1.9125170927805497,0.00034982891689994133,0.00018288199400170942
S2_AAA_MLE_mult_n1e-4,y1,9,2,1.971190812701664,1.9761966926528944,0.005005879951230474,0.0025395207399376736
S2_AAA_MLE_mult_n1e-4,y1,9,3,-0.46677152769617875,-0.5215062259764107,0.054734698280231975,0.11726229007665341
S2_AAA_MLE_mult_n1e-4,y1,9,4,-2.4930431468824925,-2.8636162056976397,0.37057305881514724,0.14864285813847325
S2_AAA_MLE_mult_n1e-4,y1,9,5,0.5204791904253628,7.166337120437029,6.645857930011666,12.768729379132955
S2_AAA_MLE_mult_n1e-4,y1,9,6,15.337224031575785,-3.3667394005730853,18.70396343214887,1.219514261097168
S2_AAA_MLE_mult_n1e-4,y1,9,7,7.794813163782403,-37.4732477627711,45.2680609265535,5.807459393239305
S2_AAA_MLE_mult_n1e-4,y1,10,0,1.053611359014221,1.0536485347228493,3.7175708628156556e-5,3.5284081089386565e-5
S2_AAA_MLE_mult_n1e-4,y1,10,1,-1.5989121201588865,-1.598565901320662,0.0003462188382246101,0.0002165340007493381
S2_AAA_MLE_mult_n1e-4,y1,10,2,1.8625318206671768,1.8578919031080845,0.004639917559092321,0.0024911883424521887
S2_AAA_MLE_mult_n1e-4,y1,10,3,-0.8558618090931431,-0.8970579130528993,0.04119610395975615,0.048134060337856235
S2_AAA_MLE_mult_n1e-4,y1,10,4,-2.204100790758087,-1.7610505805680434,0.44305021019004354,0.20101177407484125
S2_AAA_MLE_mult_n1e-4,y1,10,5,2.974250231424929,6.2181351907941105,3.2438849593691814,1.0906563694928497
S2_AAA_MLE_mult_n1e-4,y1,10,6,13.747025373683478,-7.65429275589245,21.401318129575927,1.5567962921306155
S2_AAA_MLE_mult_n1e-4,y1,10,7,-27.1470303144239,-15.887856761092092,11.25917355333181,0.4147478903926197
S2_AAA_MLE_mult_n1e-4,y1,11,0,0.7656556262531152,0.7656484658493997,7.160403715511521e-6,9.351989941682202e-6
S2_AAA_MLE_mult_n1e-4,y1,11,1,-1.2407296239592338,-1.241386712088556,0.000657088129322192,0.0005295981627531299
S2_AAA_MLE_mult_n1e-4,y1,11,2,1.64799277873706,1.647216923862081,0.0007758548749789984,0.00047078778802269697
S2_AAA_MLE_mult_n1e-4,y1,11,3,-1.2257352912896908,-1.1381464509650798,0.087588840324611,0.07145820222933454
S2_AAA_MLE_mult_n1e-4,y1,11,4,-1.3655855893083324,-0.6698133330750325,0.6957722562332999,0.5095046855215482
S2_AAA_MLE_mult_n1e-4,y1,11,5,4.975355357880453,4.474552792662227,0.5008025652182262,0.10065664242957165
S2_AAA_MLE_mult_n1e-4,y1,11,6,5.073618666536742,-8.895977685342556,13.969596351879298,2.7533792486251163
S2_AAA_MLE_mult_n1e-4,y1,11,7,-52.19748433601645,1.8159534114374558,54.01343774745391,1.034790056159554
S2_AAA_MLE_mult_n1e-4,y1,12,0,0.50476113515483,0.5048939988030575,0.0001328636482275103,0.0002632208364987447
S2_AAA_MLE_mult_n1e-4,y1,12,1,-0.8715093557873437,-0.8680404297435838,0.0034689260437599234,0.003980365811019903
S2_AAA_MLE_mult_n1e-4,y1,12,2,1.3141203783570299,1.3535699523790594,0.03944957402202953,0.030019756691811672
S2_AAA_MLE_mult_n1e-4,y1,12,3,-1.4066950062670946,-1.1884745747167782,0.21822043155031645,0.1551298828659395
S2_AAA_MLE_mult_n1e-4,y1,12,4,-0.10200533591349163,0.18019256273370032,0.28219789864719197,2.7665013415231288
S2_AAA_MLE_mult_n1e-4,y1,12,5,4.7036619739815215,2.435937339027393,2.2677246349541287,0.48211896337324633
S2_AAA_MLE_mult_n1e-4,y1,12,6,-6.41009085892817,-7.160855833660937,0.7507649747327676,0.11712236086124728
S2_AAA_MLE_mult_n1e-4,y1,12,7,-32.581791622041266,10.132142407593529,42.71393402963479,1.310975606410153
S3_High_mult_n1e-4,y1,1,0,2.224,2.223889391189865,0.00011060881013502666,4.97341772189868e-5
S3_High_mult_n1e-4,y1,1,1,-2.6825245441795227,-2.6491810654752044,0.03334347870431831,0.012429887650670778
S3_High_mult_n1e-4,y1,1,2,1.974023656000974,-9.94489006542426,11.918913721425234,6.037877856829165
S3_High_mult_n1e-4,y1,1,3,0.40407047173108757,5922.4625266875955,5922.058456215865,14656.004015450668
S3_High_mult_n1e-4,y1,1,4,-1.7767526642491018,-3.90610598384058e6,3.906104207087916e6,2.1984513014582866e6
S3_High_mult_n1e-4,y1,1,5,-3.4332576302201,3.220136571025975e9,3.220136574459233e9,9.379245373592298e8
S3_High_mult_n1e-4,y1,1,6,3.390528178239735,-3.1855563864583813e12,3.185556386461772e12,9.395457636678959e11
S3_High_mult_n1e-4,y1,1,7,36.42900139194968,3.676572089980923e15,3.6765720899808865e15,1.0092431715115197e14
S3_High_mult_n1e-4,y1,2,0,2.2222120889957435,2.2221213240060447,9.076498969884383e-5,4.0844431613123894e-5
S3_High_mult_n1e-4,y1,2,1,-2.681208438703187,-2.6546643779653456,0.026544060737841324,0.009900036250325924
S3_High_mult_n1e-4,y1,2,2,1.974292641312021,-6.7282879580063755,8.702580599318397,4.407948658277466
S3_High_mult_n1e-4,y1,2,3,0.4028852071765154,3902.362245178396,3901.9593599712193,9685.040032412162
S3_High_mult_n1e-4,y1,2,4,-1.7790407474191312,-2.31893916116496e6,2.3189373821242126e6,1.3034762612876145e6
S3_High_mult_n1e-4,y1,2,5,-3.430989180079341,1.7223801391959624e9,1.7223801426269517e9,5.0200687097098976e8
S3_High_mult_n1e-4,y1,2,6,3.4148262710003263,-1.5351504303508494e12,1.5351504303542642e12,4.4955447467158057e11
S3_High_mult_n1e-4,y1,2,7,36.46524394726358,1.5962990493621435e15,1.596299049362107e15,4.377590484985351e13
S3_High_mult_n1e-4,y1,3,0,2.2079403996111013,2.2079224713510026,1.7928260098720727e-5,8.11990219567455e-6
S3_High_mult_n1e-4,y1,3,1,-2.6706731931232963,-2.6641469718490405,0.006526221274255839,0.002443661504919499
S3_High_mult_n1e-4,y1,3,2,1.9764159738715827,0.5063414584905386,1.4700745153810442,0.743808254343001
S3_High_mult_n1e-4,y1,3,3,0.39334828113793413,377.95205947914087,377.5587111980029,959.8585510676369
S3_High_mult_n1e-4,y1,3,4,-1.7972898661644552,-125392.08321954845,125390.28592968229,69766.31220720902
S3_High_mult_n1e-4,y1,3,5,-3.4122568008382865,5.196644277800948e7,5.196644619026628e7,1.5229347972139647e7
S3_High_mult_n1e-4,y1,3,6,3.610067276653441,-2.5842976212810932e10,2.5842976216420998e10,7.158585764744426e9
S3_High_mult_n1e-4,y1,3,7,36.74798580066228,1.4993688926879227e13,1.4993688926842479e13,4.0801389790926337e11
S3_High_mult_n1e-4,y1,4,0,2.170744840671981,2.1707539830164966,9.142344515655765e-6,4.2116163744171975e-6
S3_High_mult_n1e-4,y1,4,1,-2.6429656487634294,-2.642997908717282,3.2259953852697976e-5,1.2205967893601461e-5
S3_High_mult_n1e-4,y1,4,2,1.9817451608055974,1.8731182758539588,0.10862688495163852,0.05481375057703217
S3_High_mult_n1e-4,y1,4,3,0.367853531897816,17.14224751482532,16.774393982927506,45.600741948529596
S3_High_mult_n1e-4,y1,4,4,-1.844690787881631,-2660.861681595787,2659.0169908079056,1441.443199194058
S3_High_mult_n1e-4,y1,4,5,-3.358091615611286,511118.04335264285,511121.40144425846,152205.91334320017
S3_High_mult_n1e-4,y1,4,6,4.129400580326576,-1.1766489460255255e8,1.1766489873195313e8,2.8494425872010592e7
S3_High_mult_n1e-4,y1,4,7,37.42682706381732,3.159989707792873e10,3.1599897040501904e10,8.443114076066403e8
S3_High_mult_n1e-4,y1,5,0,2.0975199447405894,2.0975142128271074,5.731913482076578e-6,2.7327098826635815e-6
S3_High_mult_n1e-4,y1,5,1,-2.5873394201706326,-2.587909476901528,0.0005700567308952742,0.0002203254534179669
S3_High_mult_n1e-4,y1,5,2,1.9913097659252945,2.0022251778134423,0.010915411888147819,0.005481523806556432
S3_High_mult_n1e-4,y1,5,3,0.3149018906759774,0.8080001258347558,0.4930982351587784,1.5658789285141463
S3_High_mult_n1e-4,y1,5,4,-1.9369606143170268,-66.66178731133034,64.72482669701331,33.41566484036915
S3_High_mult_n1e-4,y1,5,5,-3.227645264861911,6381.7121164076425,6384.939761672505,1978.2036865026037
S3_High_mult_n1e-4,y1,5,6,5.193134860226937,-712109.5499319308,712114.7430667911,137126.17951070736
S3_High_mult_n1e-4,y1,5,7,38.48421232298865,9.22199270816724e7,9.221988859746008e7,2.3963044331914852e6
S3_High_mult_n1e-4,y1,6,0,1.9806138788647036,1.980595293968452,1.8584896251727656e-5,9.38340200987615e-6
S3_High_mult_n1e-4,y1,6,1,-2.4954380201337765,-2.495452753096009,1.4732962232422153e-5,5.9039583886889495e-6
S3_High_mult_n1e-4,y1,6,2,2.0036946227858885,2.012817341215679,0.0091227184297904,0.004552948501257339
S3_High_mult_n1e-4,y1,6,3,0.2224783237737739,0.03983843358848315,0.18263989018529075,0.8209334153875022
S3_High_mult_n1e-4,y1,6,4,-2.0793090433386614,-1.9697574693579654,0.10955157398069604,0.052686527926985575
S3_High_mult_n1e-4,y1,6,5,-2.9476675262145076,130.22897308180555,133.17664060802005,45.180346638024645
S3_High_mult_n1e-4,y1,6,6,6.985508026385962,-9430.52609297506,9437.511601001446,1351.0129206571191
S3_High_mult_n1e-4,y1,6,7,39.22357530590552,669340.5484020252,669301.3248267194,17063.751063150765
S3_High_mult_n1e-4,y1,7,0,1.8155664073744118,1.8155592876648734,7.119709538372376e-6,3.92148120247971e-6
S3_High_mult_n1e-4,y1,7,1,-2.358783918815806,-2.358538996691117,0.00024492212468896213,0.0001038340658231729
S3_High_mult_n1e-4,y1,7,2,2.013868010594221,2.013608218624803,0.000259791969417833,0.0001290014877098016
S3_High_mult_n1e-4,y1,7,3,0.07467124207578402,-0.00759735998766007,0.08226860206344408,1.1017441223215423
S3_High_mult_n1e-4,y1,7,4,-2.2615518372241565,-0.703592892883093,1.5579589443410635,0.6888893363829822
S3_High_mult_n1e-4,y1,7,5,-2.3825334577372157,-13.43317602215551,11.050642564418295,4.638189876633891
S3_High_mult_n1e-4,y1,7,6,9.618194198596006,-125.38904921191019,135.0072434105062,14.036651851988346
S3_High_mult_n1e-4,y1,7,7,37.636830204883545,-2523.866228790868,2561.5030589957514,68.05841631858215
S3_High_mult_n1e-4,y1,8,0,1.5984059112979474,1.598413676081111,7.764783163555222e-6,4.857829359033098e-6
S3_High_mult_n1e-4,y1,8,1,-2.1654497221785167,-2.165421510373179,2.8211805337630125e-5,1.3028150710997843e-5
S3_High_mult_n1e-4,y1,8,2,2.010300430415165,2.007560162510345,0.0027402679048198486,0.0013631136238944801
S3_High_mult_n1e-4,y1,8,3,-0.15186919854651781,-0.13889619382830115,0.012973004718216663,0.08542222414009124
S3_High_mult_n1e-4,y1,8,4,-2.440632759033328,-1.961757480338977,0.4788752786943511,0.19620947761269142
S3_High_mult_n1e-4,y1,8,5,-1.2958312570297512,-10.120929533427821,8.82509827639807,6.8103761415869695
S3_High_mult_n1e-4,y1,8,6,12.886801357193123,78.66038372374554,65.77358236655242,5.1039494241788
S3_High_mult_n1e-4,y1,8,7,29.2239478405887,3.027820076985477,26.196127763603222,0.8963925033844954
S3_High_mult_n1e-4,y1,9,0,1.3401647957823566,1.3401616498201714,3.1459621852025776e-6,2.347444280810286e-6
S3_High_mult_n1e-4,y1,9,1,-1.9128669216974497,-1.9129969738161128,0.0001300521186631265,6.798806398289337e-5
S3_High_mult_n1e-4,y1,9,2,1.971190812701664,1.9716185869100764,0.00042777420841244584,0.00021701308957814664
S3_High_mult_n1e-4,y1,9,3,-0.46677152769617875,-0.44306999567781746,0.023701532018361282,0.05077758734630573
S3_High_mult_n1e-4,y1,9,4,-2.4930431468824925,-2.652616920546828,0.15957377366433567,0.06400762612708084
S3_High_mult_n1e-4,y1,9,5,0.5204791904253628,-1.2026884140067682,1.7231676044321311,3.310732947889556
S3_High_mult_n1e-4,y1,9,6,15.337224031575785,61.697519446602705,46.36029541502692,3.0227305358245946
S3_High_mult_n1e-4,y1,9,7,7.794813163782403,-30.047933833030775,37.842746996813176,4.854862612056519
S3_High_mult_n1e-4,y1,10,0,1.053611359014221,1.0536049263125697,6.432701651348793e-6,6.105383732164156e-6
S3_High_mult_n1e-4,y1,10,1,-1.5989121201588865,-1.5987648867092044,0.00014723344968214924,9.208351592676551e-5
S3_High_mult_n1e-4,y1,10,2,1.8625318206671768,1.8656099690557626,0.0030781483885857774,0.001652668885669376
S3_High_mult_n1e-4,y1,10,3,-0.8558618090931431,-0.802746351912229,0.05311545718091415,0.062060786702463566
S3_High_mult_n1e-4,y1,10,4,-2.204100790758087,0.5587545864392297,2.7628553771973166,1.253506821821451
S3_High_mult_n1e-4,y1,10,5,2.974250231424929,167.26103642682776,164.28678619540284,55.236369979769634
S3_High_mult_n1e-4,y1,10,6,13.747025373683478,10809.34022343398,10795.593198060296,785.30394064208
S3_High_mult_n1e-4,y1,10,7,-27.1470303144239,828345.7494444847,828372.8964747991,30514.309921946187
S3_High_mult_n1e-4,y1,11,0,0.7656556262531152,0.7656576356752712,2.009422156001861e-6,2.624446405279302e-6
S3_High_mult_n1e-4,y1,11,1,-1.2407296239592338,-1.240664517505299,6.510645393476011e-5,5.247432855435657e-5
S3_High_mult_n1e-4,y1,11,2,1.64799277873706,1.6460442370534618,0.0019485416835982594,0.0011823727074165488
S3_High_mult_n1e-4,y1,11,3,-1.2257352912896908,-1.2150919925505343,0.010643298739156482,0.008683195152158705
S3_High_mult_n1e-4,y1,11,4,-1.3655855893083324,-1.6071275734636767,0.24154198415534434,0.1768779533457768
S3_High_mult_n1e-4,y1,11,5,4.975355357880453,22.884778902624227,17.909423544743774,3.599627012847853
S3_High_mult_n1e-4,y1,11,6,5.073618666536742,-757.2108268315325,762.2844454980692,150.24472582572025
S3_High_mult_n1e-4,y1,11,7,-52.19748433601645,3959.048880151678,4011.2463644876943,76.84750358208201
S3_High_mult_n1e-4,y1,12,0,0.50476113515483,0.5047600627441605,1.0724106694892654e-6,2.1245904147519502e-6
S3_High_mult_n1e-4,y1,12,1,-0.8715093557873437,-0.8713012930491327,0.00020806273821094567,0.00023873838740718568
S3_High_mult_n1e-4,y1,12,2,1.3141203783570299,1.3195726123410996,0.005452233984069688,0.00414896083636288
S3_High_mult_n1e-4,y1,12,3,-1.4066950062670946,-1.3465810356538366,0.06011397061325807,0.04273418924886977
S3_High_mult_n1e-4,y1,12,4,-0.10200533591349163,0.1342589138792165,0.23626424979270816,2.3161950076129196
S3_High_mult_n1e-4,y1,12,5,4.7036619739815215,4.086632848073231,0.6170291259082905,0.13118058425996804
S3_High_mult_n1e-4,y1,12,6,-6.41009085892817,-11.362114727656147,4.952023868727977,0.7725356750334744
S3_High_mult_n1e-4,y1,12,7,-32.581791622041266,4.9890340403807025,37.57082566242197,1.1531233794094267
S4_Altern_mult_n1e-4,y1,1,0,2.224,2.223889391189915,0.00011060881008528867,4.97341771966226e-5
S4_Altern_mult_n1e-4,y1,1,1,-2.6825245441795227,-2.6491810655209065,0.0333434786586162,0.012429887633633802
S4_Altern_mult_n1e-4,y1,1,2,1.974023656000974,-9.944890033914135,11.918913689915108,6.03787784086678
S4_Altern_mult_n1e-4,y1,1,3,0.40407047173108757,5922.462502739718,5922.058432267987,14656.00395618408
S4_Altern_mult_n1e-4,y1,1,4,-1.7767526642491018,-3.9061059625244807e6,3.9061041857718164e6,2.1984512894610628e6
S4_Altern_mult_n1e-4,y1,1,5,-3.4332576302201,3.220136548900665e9,3.2201365523339224e9,9.379245309148226e8
S4_Altern_mult_n1e-4,y1,1,6,3.390528178239735,-3.1855563600669067e12,3.1855563600702974e12,9.39545755884013e11
S4_Altern_mult_n1e-4,y1,1,7,36.42900139194968,3.6765720543235505e15,3.676572054323514e15,1.0092431617233369e14
S4_Altern_mult_n1e-4,y1,2,0,2.2222120889957435,2.2221213240060687,9.076498967486302e-5,4.084443160233248e-5
S4_Altern_mult_n1e-4,y1,2,1,-2.681208438703187,-2.654664377998129,0.02654406070505777,0.009900036238098767
S4_Altern_mult_n1e-4,y1,2,2,1.974292641312021,-6.72828794199295,8.702580583304972,4.407948650166498
S4_Altern_mult_n1e-4,y1,2,3,0.4028852071765154,3902.362237550643,3901.9593523434664,9685.040013479344
S4_Altern_mult_n1e-4,y1,2,4,-1.7790407474191312,-2.3189391878802236e6,2.3189374088394763e6,1.3034762763042822e6
S4_Altern_mult_n1e-4,y1,2,5,-3.430989180079341,1.7223801721940427e9,1.722380175625032e9,5.0200688058864766e8
S4_Altern_mult_n1e-4,y1,2,6,3.4148262710003263,-1.5351504641896963e12,1.535150464193111e12,4.4955448458097107e11
S4_Altern_mult_n1e-4,y1,2,7,36.46524394726358,1.596277735697786e15,1.5962777356977495e15,4.377532035727783e13
S4_Altern_mult_n1e-4,y1,3,0,2.2079403996111013,2.207922471350987,1.792826011426385e-5,8.119902202714199e-6
S4_Altern_mult_n1e-4,y1,3,1,-2.6706731931232963,-2.664146971848641,0.006526221274655519,0.0024436615050691547
S4_Altern_mult_n1e-4,y1,3,2,1.9764159738715827,0.5063414593054939,1.4700745145660887,0.743808253930661
S4_Altern_mult_n1e-4,y1,3,3,0.39334828113793413,377.9520590039725,377.5587107228346,959.8585498596276
S4_Altern_mult_n1e-4,y1,3,4,-1.7972898661644552,-125392.08297283517,125390.285682969,69766.3120699394
S4_Altern_mult_n1e-4,y1,3,5,-3.4122568008382865,5.196644264385338e7,5.196644605611018e7,1.5229347932823703e7
S4_Altern_mult_n1e-4,y1,3,6,3.610067276653441,-2.5842976121999355e10,2.584297612560942e10,7.158585739589333e9
S4_Altern_mult_n1e-4,y1,3,7,36.74798580066228,1.499368886421374e13,1.4993688864176992e13,4.0801389620398663e11
S4_Altern_mult_n1e-4,y1,4,0,2.170744840671981,2.170753983016497,9.142344516099854e-6,4.211616374621776e-6
S4_Altern_mult_n1e-4,y1,4,1,-2.6429656487634294,-2.642997908716535,3.2259953105739925e-5,1.2205967610980289e-5
S4_Altern_mult_n1e-4,y1,4,2,1.9817451608055974,1.873118275778298,0.10862688502729934,0.05481375061521105
S4_Altern_mult_n1e-4,y1,4,3,0.367853531897816,17.142247519606094,16.77439398770828,45.600741961526
S4_Altern_mult_n1e-4,y1,4,4,-1.844690787881631,-2660.8616814992847,2659.016990711403,1441.4431991417443
S4_Altern_mult_n1e-4,y1,4,5,-3.358091615611286,511118.04316391045,511121.40125552606,152205.9132869979
S4_Altern_mult_n1e-4,y1,4,6,4.129400580326576,-1.1766489452031498e8,1.1766489864971556e8,2.8494425852095455e7
S4_Altern_mult_n1e-4,y1,4,7,37.42682706381732,3.1599897045262173e10,3.1599897007835346e10,8.44311406733829e8
S4_Altern_mult_n1e-4,y1,5,0,2.0975199447405894,2.0975142128271123,5.731913477191597e-6,2.7327098803346495e-6
S4_Altern_mult_n1e-4,y1,5,1,-2.5873394201706326,-2.5879094769016406,0.0005700567310080729,0.0002203254534615633
S4_Altern_mult_n1e-4,y1,5,2,1.9913097659252945,2.0022251778070617,0.010915411881767145,0.005481523803352172
S4_Altern_mult_n1e-4,y1,5,3,0.3149018906759774,0.8080001265746519,0.4930982358986745,1.5658789308637548
S4_Altern_mult_n1e-4,y1,5,4,-1.9369606143170268,-66.66178736604864,64.72482675173161,33.41566486861872
S4_Altern_mult_n1e-4,y1,5,5,-3.227645264861911,6381.71212060164,6384.939765866502,1978.2036878020022
S4_Altern_mult_n1e-4,y1,5,6,5.193134860226937,-712109.5502814185,712114.7434162787,137126.17957800537
S4_Altern_mult_n1e-4,y1,5,7,38.48421232298865,9.221992711255755e7,9.221988862834522e7,2.396304433994026e6
S4_Altern_mult_n1e-4,y1,6,0,1.9806138788647036,1.9805952939684512,1.858489625239379e-5,9.383402010212476e-6
S4_Altern_mult_n1e-4,y1,6,1,-2.4954380201337765,-2.495452753096096,1.4732962319463638e-5,5.903958423569193e-6
S4_Altern_mult_n1e-4,y1,6,2,2.0036946227858885,2.0128173412186006,0.009122718432712063,0.004552948502715476
S4_Altern_mult_n1e-4,y1,6,3,0.2224783237737739,0.039838433568147535,0.18263989020562638,0.8209334154789072
S4_Altern_mult_n1e-4,y1,6,4,-2.0793090433386614,-1.9697574710506238,0.10955157228803758,0.052686527112937045
S4_Altern_mult_n1e-4,y1,6,5,-2.9476675262145076,130.22897321528367,133.17664074149818,45.18034668330727
S4_Altern_mult_n1e-4,y1,6,6,6.985508026385962,-9430.526105997424,9437.51161402381,1351.012922521316
S4_Altern_mult_n1e-4,y1,6,7,39.22357530590552,669340.5499057723,669301.3263304664,17063.7511014886
S4_Altern_mult_n1e-4,y1,7,0,1.8155664073744118,1.815559287664873,7.1197095388164655e-6,3.921481202724311e-6
S4_Altern_mult_n1e-4,y1,7,1,-2.358783918815806,-2.3585389966911547,0.00024492212465121455,0.00010383406580716992
S4_Altern_mult_n1e-4,y1,7,2,2.013868010594221,2.013608218562949,0.0002597920312719104,0.0001290015184238688
S4_Altern_mult_n1e-4,y1,7,3,0.07467124207578402,-0.007597362573928714,0.08226860464971274,1.1017441569569466
S4_Altern_mult_n1e-4,y1,7,4,-2.2615518372241565,-0.7035848067094419,1.5579670305147146,0.6888929118807966
S4_Altern_mult_n1e-4,y1,7,5,-2.3825334577372157,-13.436493479895,11.053960022157785,4.639582284253065
S4_Altern_mult_n1e-4,y1,7,6,9.618194198596006,-116.38108900250367,125.99928320109967,13.100097648214685
S4_Altern_mult_n1e-4,y1,7,7,37.636830204883545,-9908.20656988904,9945.843400093923,264.25826367289045
S4_Altern_mult_n1e-4,y1,8,0,1.5984059112979474,1.5984136760811118,7.7647831644434e-6,4.857829359588763e-6
S4_Altern_mult_n1e-4,y1,8,1,-2.1654497221785167,-2.1654215103731707,2.821180534606782e-5,1.3028150714894352e-5
S4_Altern_mult_n1e-4,y1,8,2,2.010300430415165,2.0075601625097255,0.002740267905439353,0.0013631136242026453
S4_Altern_mult_n1e-4,y1,8,3,-0.15186919854651781,-0.13889619382147614,0.012973004725041676,0.08542222418503131
S4_Altern_mult_n1e-4,y1,8,4,-2.440632759033328,-1.961757479726924,0.47887527930640417,0.19620947786346782
S4_Altern_mult_n1e-4,y1,8,5,-1.2958312570297512,-10.120929545477841,8.825098288448089,6.810376150886035
S4_Altern_mult_n1e-4,y1,8,6,12.886801357193123,78.66038306781785,65.77358171062473,5.103949373279614
S4_Altern_mult_n1e-4,y1,8,7,29.2239478405887,3.02761111092616,26.19633672966254,0.8963996538920331
S4_Altern_mult_n1e-4,y1,9,0,1.3401647957823566,1.3401616498201705,3.145962186090756e-6,2.347444281473024e-6
S4_Altern_mult_n1e-4,y1,9,1,-1.9128669216974497,-1.9129969738161423,0.00013005211869265842,6.798806399833194e-5
S4_Altern_mult_n1e-4,y1,9,2,1.971190812701664,1.9716185869105045,0.00042777420884054784,0.000217013089795326
S4_Altern_mult_n1e-4,y1,9,3,-0.46677152769617875,-0.4430699956547248,0.02370153204145392,0.050777587395778846
S4_Altern_mult_n1e-4,y1,9,4,-2.4930431468824925,-2.6526169207907553,0.15957377390826277,0.06400762622492395
S4_Altern_mult_n1e-4,y1,9,5,0.5204791904253628,-1.20268840894619,1.723167599371553,3.310732938166635
S4_Altern_mult_n1e-4,y1,9,6,15.337224031575785,61.69752549663188,46.3603014650561,3.022730930291622
S4_Altern_mult_n1e-4,y1,9,7,7.794813163782403,-30.047707538579985,37.842520702362386,4.854833580642162
S4_Altern_mult_n1e-4,y1,10,0,1.053611359014221,1.0536049263125709,6.43270165023857e-6,6.105383731110425e-6
S4_Altern_mult_n1e-4,y1,10,1,-1.5989121201588865,-1.5987648867091737,0.0001472334497127914,9.208351594592989e-5
S4_Altern_mult_n1e-4,y1,10,2,1.8625318206671768,1.865609969059162,0.0030781483919852803,0.0016526688874945814
S4_Altern_mult_n1e-4,y1,10,3,-0.8558618090931431,-0.8027463317341524,0.05311547735899069,0.06206081027878901
S4_Altern_mult_n1e-4,y1,10,4,-2.204100790758087,0.5587639419543781,2.762864732712465,1.2535110664164295
S4_Altern_mult_n1e-4,y1,10,5,2.974250231424929,167.2578283111582,164.28357807973327,55.23529134972174
S4_Altern_mult_n1e-4,y1,10,6,13.747025373683478,10812.326545957723,10798.57952058404,785.5211747303694
S4_Altern_mult_n1e-4,y1,10,7,-27.1470303144239,831236.2058413116,831263.352871626,30620.784050546954
S4_Altern_mult_n1e-4,y1,11,0,0.7656556262531152,0.7656576356752709,2.009422155668794e-6,2.6244464048442932e-6
S4_Altern_mult_n1e-4,y1,11,1,-1.2407296239592338,-1.2406645175053626,6.510645387125535e-5,5.247432850317317e-5
S4_Altern_mult_n1e-4,y1,11,2,1.64799277873706,1.6460442370933213,0.0019485416437388103,0.001182372683229884
S4_Altern_mult_n1e-4,y1,11,3,-1.2257352912896908,-1.2150920248915758,0.010643266398115081,0.008683168767145864
S4_Altern_mult_n1e-4,y1,11,4,-1.3655855893083324,-1.6070995021559342,0.24151391284760182,0.17685739710385223
S4_Altern_mult_n1e-4,y1,11,5,4.975355357880453,22.867141232967043,17.89178587508659,3.596082005830566
S4_Altern_mult_n1e-4,y1,11,6,5.073618666536742,-758.5621965277403,763.635815194277,150.51107806561578
S4_Altern_mult_n1e-4,y1,11,7,-52.19748433601645,4302.908411729197,4355.1058960652135,83.43516840830152
S4_Altern_mult_n1e-4,y1,12,0,0.50476113515483,0.5047600627441593,1.0724106707105108e-6,2.124590417171402e-6
S4_Altern_mult_n1e-4,y1,12,1,-0.8715093557873437,-0.871301293049144,0.0002080627381996214,0.00023873838739419182
S4_Altern_mult_n1e-4,y1,12,2,1.3141203783570299,1.319572612341526,0.005452233984496013,0.0041489608366872995
S4_Altern_mult_n1e-4,y1,12,3,-1.4066950062670946,-1.3465810356449044,0.06011397062219026,0.04273418925521954
S4_Altern_mult_n1e-4,y1,12,4,-0.10200533591349163,0.13425891394181882,0.23626424985531047,2.3161950082266354
S4_Altern_mult_n1e-4,y1,12,5,4.7036619739815215,4.086632848840533,0.6170291251409887,0.13118058409683941
S4_Altern_mult_n1e-4,y1,12,6,-6.41009085892817,-11.362114716348765,4.9520238574205955,0.7725356732694773
S4_Altern_mult_n1e-4,y1,12,7,-32.581791622041266,4.989033601878324,37.57082522391959,1.1531233659509164
PureAAA_mult_n1e-4,y2,1,0,0.431,0.43099630277470713,3.6972252928646476e-6,8.578248939361131e-6
PureAAA_mult_n1e-4,y2,1,1,2.248622187277166,2.2442907695235816,0.004331417753584255,0.0019262541204528116
PureAAA_mult_n1e-4,y2,1,2,-3.707385445178789,-3.5718593473894455,0.13552609778934332,0.03655570746375619
PureAAA_mult_n1e-4,y2,1,3,7.12142585358161,4.436782185001276,2.6846436685803345,0.37698120064398827
PureAAA_mult_n1e-4,y2,1,4,-39.381152448047224,-8.598689905466628,30.782462542580596,0.7816546908623287
PureAAA_mult_n1e-4,y2,1,5,279.8523918232859,19.912384067094173,259.94000775619173,0.9288468326557382
PureAAA_mult_n1e-4,y2,1,6,-2116.9272301064316,-56.026186403014144,2060.9010437034176,0.9735341935205788
PureAAA_mult_n1e-4,y2,1,7,17646.87811230215,183.27424499920605,17463.603867302943,0.989614353097875
PureAAA_mult_n1e-4,y2,2,0,0.432498257946104,0.4324917030935641,6.554852539919498e-6,1.5155789461552778e-5
PureAAA_mult_n1e-4,y2,2,1,2.246152177577012,2.2419105154858006,0.004241662091211573,0.0018884126078167927
PureAAA_mult_n1e-4,y2,2,2,-3.7026465655078127,-3.5689034023570105,0.13374316315080215,0.036120963960398815
PureAAA_mult_n1e-4,y2,2,3,7.095233836975444,4.43105465157411,2.664179185401334,0.375488566919032
PureAAA_mult_n1e-4,y2,2,4,-39.19505374493416,-8.587305826100959,30.607747918833198,0.780908430895803
PureAAA_mult_n1e-4,y2,2,5,278.4450208550232,-62.1170147135309,340.5620355685541,1.2230853851248182
PureAAA_mult_n1e-4,y2,2,6,-2105.197172910768,-351158.0169688615,349052.8197959507,165.8052862161742
PureAAA_mult_n1e-4,y2,2,7,17543.39401693206,3.8390839130675616e9,3.839066369673545e9,218832.5911148241
PureAAA_mult_n1e-4,y2,3,0,0.4444252544483964,0.4443979131847117,2.7341263684699246e-5,6.152049959139738e-5
PureAAA_mult_n1e-4,y2,3,1,2.2265046575259575,2.2229391670373997,0.00356549048855781,0.001601384697986531
PureAAA_mult_n1e-4,y2,3,2,-3.665355789295825,-3.545392716860346,0.11996307243547921,0.03272890254905543
PureAAA_mult_n1e-4,y2,3,3,6.8901010154968905,4.385546461255829,2.5045545542410617,0.36350041147552636
PureAAA_mult_n1e-4,y2,3,4,-37.73951581879398,-8.480217108660918,29.259298710133066,0.7752960809200993
PureAAA_mult_n1e-4,y2,3,5,267.4629406174473,19.580605414004715,247.8823352034426,0.9267913327775347
PureAAA_mult_n1e-4,y2,3,6,-2013.79975312934,-55.06141541559313,1958.738337713747,0.9726579490686547
PureAAA_mult_n1e-4,y2,3,7,16736.926503527295,-848.0930742697891,17585.019577797084,1.0506719721862348
PureAAA_mult_n1e-4,y2,4,0,0.47524020662890437,0.47517360520674445,6.66014221599176e-5,0.00014014265045533895
PureAAA_mult_n1e-4,y2,4,1,2.1758480661021884,2.173729605364232,0.002118460737956518,0.0009736253054430983
PureAAA_mult_n1e-4,y2,4,2,-3.572473677838202,-3.484817260506112,0.08765641733209018,0.024536616707875474
PureAAA_mult_n1e-4,y2,4,3,6.387064326104807,4.268717365926668,2.1183469601781386,0.33166206758246736
PureAAA_mult_n1e-4,y2,4,4,-34.18496337262705,-8.211407590800016,25.973555781827038,0.7597947524093257
PureAAA_mult_n1e-4,y2,4,5,240.8444491942793,18.827619300708523,222.01682989357076,0.9218266422012447
PureAAA_mult_n1e-4,y2,4,6,-1793.3793007617383,-52.493916800215246,1740.885383961523,0.9707290494666029
PureAAA_mult_n1e-4,y2,4,7,14791.86648975519,170.21732707229836,14621.649162682892,0.9884925051757201
PureAAA_mult_n1e-4,y2,5,0,0.5347860688176563,0.5346873959707058,9.867284695053158e-5,0.00018450900781444182
PureAAA_mult_n1e-4,y2,5,1,2.078203381494844,2.0777984912456544,0.00040489024918954897,0.0001948270572528435
PureAAA_mult_n1e-4,y2,5,2,-3.406199105298277,-3.3684444824781874,0.03775462282008979,0.011084091579192537
PureAAA_mult_n1e-4,y2,5,3,5.518095865980215,4.0459905898687785,1.4721052761114368,0.26677776389989144
PureAAA_mult_n1e-4,y2,5,4,-28.093386529210164,-7.704205314927044,20.38918121428312,0.7257644496893751
PureAAA_mult_n1e-4,y2,5,5,195.97924063493485,17.42222862044062,178.55701201449423,0.9111016627883853
PureAAA_mult_n1e-4,y2,5,6,-1426.345680004148,-47.96874507740752,1378.3769349267407,0.9663694812906308
PureAAA_mult_n1e-4,y2,5,7,11559.968838861845,153.44562476301365,11406.523214098832,0.986726121246351
PureAAA_mult_n1e-4,y2,6,0,0.6268642613749901,0.6267665410451106,9.772032987942492e-5,0.00015588754360486447
PureAAA_mult_n1e-4,y2,6,1,1.9269348761029055,1.9270088902837166,7.401418081109945e-5,3.8410317717009765e-5
PureAAA_mult_n1e-4,y2,6,2,-3.179157711795061,-3.1902060224708513,0.011048310675790152,0.00347523201972635
PureAAA_mult_n1e-4,y2,6,3,4.412000795814871,3.709279374608581,0.7027214212062898,0.15927499874271922
PureAAA_mult_n1e-4,y2,6,4,-20.417346888100216,-6.951145392743096,13.466201495357119,0.659547078724787
PureAAA_mult_n1e-4,y2,6,5,141.10899917584,15.369313592575606,125.7396855832644,0.8910819743436529
PureAAA_mult_n1e-4,y2,6,6,-988.5146132810431,-41.468867456416405,947.0457458246267,0.9580493126765477
PureAAA_mult_n1e-4,y2,6,7,7740.692120553393,129.8938450928997,7610.798275460493,0.9832193500180687
PureAAA_mult_n1e-4,y2,7,0,0.7507602266383622,0.7506157632620997,0.00014446337626250472,0.000192422788443869
PureAAA_mult_n1e-4,y2,7,1,1.7199974354949787,1.7182996647508684,0.0016977707441103718,0.0009870774857415933
PureAAA_mult_n1e-4,y2,7,2,-2.919747009403085,-2.953276071097267,0.033529061694181905,0.011483550316586029
PureAAA_mult_n1e-4,y2,7,3,3.3042235323351137,3.2700724770530147,0.03415105528209894,0.010335576557668359
PureAAA_mult_n1e-4,y2,7,4,-12.75469397606379,-5.995494167297456,6.759199808766334,0.5299382189373611
PureAAA_mult_n1e-4,y2,7,5,88.75908929094645,12.826916729715832,75.93217256123062,0.8554861611111167
PureAAA_mult_n1e-4,y2,7,6,-589.4726539845561,-33.622077999601345,555.8505759849547,0.9429624465658719
PureAAA_mult_n1e-4,y2,7,7,4341.052886482184,101.75063091031494,4239.302255571869,0.9765608405216253
PureAAA_mult_n1e-4,y2,8,0,0.9028733245920112,0.9024256455015959,0.0004476790904153205,0.0004958382070016489
PureAAA_mult_n1e-4,y2,8,1,1.4533251200619346,1.4490127995585993,0.0043123205033352985,0.002967209775574185
PureAAA_mult_n1e-4,y2,8,2,-2.6500533482610895,-2.6651973538589826,0.015144005597893084,0.005714604050454407
PureAAA_mult_n1e-4,y2,8,3,2.4150642102205233,2.7489926153695876,0.3339284051490643,0.1382689552252413
PureAAA_mult_n1e-4,y2,8,4,-6.419209461259524,-4.9051426583824735,1.5140668028770508,0.23586499428232913
PureAAA_mult_n1e-4,y2,8,5,47.795374032670814,10.022152785185568,37.773221247485246,0.7903112385241537
PureAAA_mult_n1e-4,y2,8,6,-301.0377700132649,-25.26632836576248,275.7714416475024,0.9160692415285658
PureAAA_mult_n1e-4,y2,8,7,1993.7836190587034,73.64658492526853,1920.1370341334348,0.9630618968772356
PureAAA_mult_n1e-4,y2,9,0,1.066462469187783,1.065467562255216,0.0009949069325669857,0.0009329038398554297
PureAAA_mult_n1e-4,y2,9,1,1.1352924529413282,1.131913744390215,0.0033787085511132187,0.00297606889075993
PureAAA_mult_n1e-4,y2,9,2,-2.3822171215858576,-2.3531994196814643,0.029017701904393345,0.012180964380390343
PureAAA_mult_n1e-4,y2,9,3,1.9012228627531698,2.200244374866136,0.29902151211296624,0.15727851688042074
PureAAA_mult_n1e-4,y2,9,4,-2.241856414764967,-3.815825253760992,1.573968838996025,0.7020828045140605
PureAAA_mult_n1e-4,y2,9,5,21.531962603960263,7.338175835818733,14.19378676814153,0.6591961461762403
PureAAA_mult_n1e-4,y2,9,6,-138.79415908370615,-17.635667661895138,121.15849142181101,0.8729365286095422
PureAAA_mult_n1e-4,y2,9,7,779.3557529906057,48.75471262486593,730.6010403657397,0.937442288149179
PureAAA_mult_n1e-4,y2,10,0,1.2214493003079585,1.2204491374573645,0.0010001628505940108,0.0008188328818411408
PureAAA_mult_n1e-4,y2,10,1,0.7704508653155415,0.7743372155224515,0.003886350206909972,0.005044254451344279
PureAAA_mult_n1e-4,y2,10,2,-2.0894309319513917,-2.0398753617051506,0.04955557024624113,0.02371725692792318
PureAAA_mult_n1e-4,y2,10,3,1.7403204422475747,1.6633776665619067,0.07694277568566799,0.04421184387531446
PureAAA_mult_n1e-4,y2,10,4,-0.13580762259889137,-2.8211975749353915,2.6853899523365,19.773484734857746
PureAAA_mult_n1e-4,y2,10,5,6.356254480089873,5.010078150525921,1.346176329563952,0.2117876705189623
PureAAA_mult_n1e-4,y2,10,6,-59.981640992675686,-11.393005177629846,48.58863581504584,0.8100584614045315
PureAAA_mult_n1e-4,y2,10,7,289.59431935639674,29.489950586552332,260.1043687698444,0.8981680626467685
PureAAA_mult_n1e-4,y2,11,0,1.337356440626791,1.3378720707182814,0.00051563009149036,0.0003855592090682234
PureAAA_mult_n1e-4,y2,11,1,0.3816898257688914,0.3903219421825461,0.008632116413654745,0.022615526615795592
PureAAA_mult_n1e-4,y2,11,2,-1.7330183795333016,-1.7536898611341563,0.020671481600854635,0.011928022140435363
PureAAA_mult_n1e-4,y2,11,3,1.777320200906437,1.179212121683069,0.598108079223368,0.33652241105363656
PureAAA_mult_n1e-4,y2,11,4,0.2430034563852474,-2.002195168205476,2.2451986245907234,9.23936909371067
PureAAA_mult_n1e-4,y2,11,5,-1.322989561881862,3.197960757877647,4.520950319759509,3.4172229698689134
PureAAA_mult_n1e-4,y2,11,6,-20.72789748606609,-6.870795647241334,13.857101838824757,0.6685242363891424
PureAAA_mult_n1e-4,y2,11,7,130.62363766647525,16.41184633249721,114.21179133397804,0.8743577607721965
PureAAA_mult_n1e-4,y2,12,0,1.3832668761325912,1.3834385928749373,0.00017171674234606193,0.00012413854861193267
PureAAA_mult_n1e-4,y2,12,1,0.005982638418968733,-0.01397503335417834,0.019957671773147074,3.3359314696119156
PureAAA_mult_n1e-4,y2,12,2,-1.2893229094558878,-1.515144714118294,0.2258218046624063,0.17514759336565752
PureAAA_mult_n1e-4,y2,12,3,1.761677716197125,0.7648921539637186,0.9967855622334065,0.5658160701408735
PureAAA_mult_n1e-4,y2,12,4,-0.44842023179387996,-1.3836393488739742,0.9352191170800943,2.085586355769013
PureAAA_mult_n1e-4,y2,12,5,-3.321117819838993,1.8996374583206774,5.22075527815967,1.5719873733394893
PureAAA_mult_n1e-4,y2,12,6,1.5267295949678727,5.1981291972537225,3.6713996022858497,2.4047477787729057
PureAAA_mult_n1e-4,y2,12,7,53.91987755379969,-8916.810745233066,8970.730622786865,166.37149470222982
GP_SE_mult_n1e-4,y2,1,0,0.431,0.4310352229043757,3.522290437568687e-5,8.172367604567719e-5
GP_SE_mult_n1e-4,y2,1,1,2.248622187277166,2.246393325440264,0.002228861836901963,0.0009912122407725904
GP_SE_mult_n1e-4,y2,1,2,-3.707385445178789,-3.6224727691621106,0.08491267601667829,0.022903654683950288
GP_SE_mult_n1e-4,y2,1,3,7.12142585358161,5.085385559678749,2.036040293902861,0.28590346031319924
GP_SE_mult_n1e-4,y2,1,4,-39.381152448047224,-5.978985752543887,33.40216669550334,0.8481764656219358
GP_SE_mult_n1e-4,y2,1,5,279.8523918232859,-108.20905325953174,388.06144508281767,1.3866647433474888
GP_SE_mult_n1e-4,y2,1,6,-2116.9272301064316,1083.9631933983806,3200.890423504812,1.5120455620686983
GP_SE_mult_n1e-4,y2,1,7,17646.87811230215,-1558.5202805073764,19205.398392809526,1.0883170536221296
GP_SE_mult_n1e-4,y2,2,0,0.432498257946104,0.4325320140053637,3.375605925964864e-5,7.80490063010963e-5
GP_SE_mult_n1e-4,y2,2,1,2.246152177577012,2.243979473440271,0.0021727041367411992,0.000967300505473746
GP_SE_mult_n1e-4,y2,2,2,-3.7026465655078127,-3.6190838460359376,0.0835627194718751,0.02256837588829238
GP_SE_mult_n1e-4,y2,2,3,7.095233836975444,5.081375576961829,2.013858260013615,0.28383254256100493
GP_SE_mult_n1e-4,y2,2,4,-39.19505374493416,-6.0508843156083305,33.14416942932583,0.8456212267245484
GP_SE_mult_n1e-4,y2,2,5,278.4450208550232,-107.4867595553844,385.93178041040755,1.3860250731915549
GP_SE_mult_n1e-4,y2,2,6,-2105.197172910768,1082.9147923581263,3188.1119652688944,1.5144006491614395
GP_SE_mult_n1e-4,y2,2,7,17543.39401693206,-1586.666421554372,19130.06043848643,1.0904423864631323
GP_SE_mult_n1e-4,y2,3,0,0.4444252544483964,0.4444485611015635,2.3306653167076696e-5,5.244223395001263e-5
GP_SE_mult_n1e-4,y2,3,1,2.2265046575259575,2.224749804840373,0.001754852685584396,0.0007881648392931499
GP_SE_mult_n1e-4,y2,3,2,-3.665355789295825,-3.5920719145277444,0.07328387476808063,0.01999365927370441
GP_SE_mult_n1e-4,y2,3,3,6.8901010154968905,5.047602819177356,1.8424981963195348,0.2674123633565712
GP_SE_mult_n1e-4,y2,3,4,-37.73951581879398,-6.608787109790303,31.13072870900368,0.8248841574565411
GP_SE_mult_n1e-4,y2,3,5,267.4629406174473,-101.73483800794227,369.19777862538956,1.3803698477743642
GP_SE_mult_n1e-4,y2,3,6,-2013.79975312934,1073.8588222805163,3087.658575409856,1.5332500516060723
GP_SE_mult_n1e-4,y2,3,7,16736.926503527295,-1808.2528924619453,18545.17939598924,1.1080397223517027
GP_SE_mult_n1e-4,y2,4,0,0.47524020662890437,0.4752453328123052,5.1261834008164975e-6,1.0786510335854904e-5
GP_SE_mult_n1e-4,y2,4,1,2.1758480661021884,2.1749522825762364,0.0008957835259519875,0.0004116939688517375
GP_SE_mult_n1e-4,y2,4,2,-3.572473677838202,-3.5220979527301055,0.050375725108096514,0.014101076635106293
GP_SE_mult_n1e-4,y2,4,3,6.387064326104807,4.945597820693984,1.4414665054108227,0.22568529637620083
GP_SE_mult_n1e-4,y2,4,4,-34.18496337262705,-7.92872814199594,26.256235230631113,0.7680638690300685
GP_SE_mult_n1e-4,y2,4,5,240.8444491942793,-86.89637380930905,327.74082300358833,1.3607987400166874
GP_SE_mult_n1e-4,y2,4,6,-1793.3793007617383,1044.6381645201914,2838.0174652819296,1.5824970568560042
GP_SE_mult_n1e-4,y2,4,7,14791.86648975519,-2358.3105072082653,17150.176996963455,1.159432922737751
GP_SE_mult_n1e-4,y2,5,0,0.5347860688176563,0.5347812135339736,4.855283682769773e-6,9.078927006277828e-6
GP_SE_mult_n1e-4,y2,5,1,2.078203381494844,2.078241128518866,3.7747024022039e-5,1.8163296411772608e-5
GP_SE_mult_n1e-4,y2,5,2,-3.406199105298277,-3.3870208088283715,0.019178296469905654,0.005630409696272359
GP_SE_mult_n1e-4,y2,5,3,5.518095865980215,4.693286417312123,0.8248094486680921,0.14947356274709733
GP_SE_mult_n1e-4,y2,5,4,-28.093386529210164,-9.961883094533952,18.131503434676212,0.6454011308257173
GP_SE_mult_n1e-4,y2,5,5,195.97924063493485,-58.70197481019255,254.6812154451274,1.2995315964079128
GP_SE_mult_n1e-4,y2,5,6,-1426.345680004148,964.8072585797693,2391.1529385839176,1.6764189579744537
GP_SE_mult_n1e-4,y2,5,7,11559.968838861845,-3309.4143824690204,14869.383221330865,1.2862822926774302
GP_SE_mult_n1e-4,y2,6,0,0.6268642613749901,0.6268710284066571,6.767031667020973e-6,1.0795050992662886e-5
GP_SE_mult_n1e-4,y2,6,1,1.9269348761029055,1.9272327179971507,0.0002978418942451988,0.00015456770124352295
GP_SE_mult_n1e-4,y2,6,2,-3.179157711795061,-3.1824476673607807,0.003289955565719538,0.00103485132351673
GP_SE_mult_n1e-4,y2,6,3,4.412000795814871,4.187919297356132,0.22408149845873915,0.05078908840435796
GP_SE_mult_n1e-4,y2,6,4,-20.417346888100216,-11.700247302627112,8.717099585473104,0.42694575515850525
GP_SE_mult_n1e-4,y2,6,5,141.10899917584,-18.259508567440257,159.36850774328028,1.1294000288719117
GP_SE_mult_n1e-4,y2,6,6,-988.5146132810431,785.2213828534908,1773.735996134534,1.794344739373363
GP_SE_mult_n1e-4,y2,6,7,7740.692120553393,-4396.514516842533,12137.206637395926,1.567974342393587
GP_SE_mult_n1e-4,y2,7,0,0.7507602266383622,0.7507739604804394,1.373384207725703e-5,1.829324675169901e-5
GP_SE_mult_n1e-4,y2,7,1,1.7199974354949787,1.7198882147024988,0.0001092207924799915,6.350055542295624e-5
GP_SE_mult_n1e-4,y2,7,2,-2.919747009403085,-2.925032674306924,0.00528566490383886,0.001810316060540966
GP_SE_mult_n1e-4,y2,7,3,3.3042235323351137,3.387154968649744,0.08293143631463051,0.02509861560607626
GP_SE_mult_n1e-4,y2,7,4,-12.75469397606379,-11.368369085065156,1.3863248909986332,0.10869134873798558
GP_SE_mult_n1e-4,y2,7,5,88.75908929094645,24.345761246383137,64.41332804456331,0.7257096547421827
GP_SE_mult_n1e-4,y2,7,6,-589.4726539845561,462.46558638652476,1051.9382403710808,1.7845412051949758
GP_SE_mult_n1e-4,y2,7,7,4341.052886482184,-4876.451523175889,9217.504409658071,2.123333820318317
GP_SE_mult_n1e-4,y2,8,0,0.9028733245920112,0.9028659880296038,7.336562407367353e-6,8.125793738210823e-6
GP_SE_mult_n1e-4,y2,8,1,1.4533251200619346,1.4531291146432361,0.00019600541869846388,0.00013486687596104508
GP_SE_mult_n1e-4,y2,8,2,-2.6500533482610895,-2.6473497003286703,0.002703647932419173,0.0010202239642433052
GP_SE_mult_n1e-4,y2,8,3,2.4150642102205233,2.4593437149242314,0.04427950470370812,0.018334711150253386
GP_SE_mult_n1e-4,y2,8,4,-6.419209461259524,-7.59415309335882,1.1749436320992954,0.1830355652343455
GP_SE_mult_n1e-4,y2,8,5,47.795374032670814,47.47281018078816,0.3225638518826557,0.006748850875445921
GP_SE_mult_n1e-4,y2,8,6,-301.0377700132649,39.732021782385914,340.7697917956508,1.1319835108419622
GP_SE_mult_n1e-4,y2,8,7,1993.7836190587034,-3624.0816776535107,5617.865296712214,2.8176905673267076
GP_SE_mult_n1e-4,y2,9,0,1.066462469187783,1.0664557346926486,6.734495134441687e-6,6.314798062767903e-6
GP_SE_mult_n1e-4,y2,9,1,1.1352924529413282,1.1354568798299736,0.0001644268886453748,0.00014483218682496816
GP_SE_mult_n1e-4,y2,9,2,-2.3822171215858576,-2.381100788982292,0.001116332603565695,0.000468610771642236
GP_SE_mult_n1e-4,y2,9,3,1.9012228627531698,1.859186610678309,0.042036252074860725,0.02211011286387953
GP_SE_mult_n1e-4,y2,9,4,-2.241856414764967,-2.2365885399397243,0.005267874825242824,0.0023497824350160713
GP_SE_mult_n1e-4,y2,9,5,21.531962603960263,31.52933286748758,9.997370263527316,0.4643037166379135
GP_SE_mult_n1e-4,y2,9,6,-138.79415908370615,-224.70569566909694,85.91153658539079,0.6189852451469368
GP_SE_mult_n1e-4,y2,9,7,779.3557529906057,-518.6338731564484,1297.989626147054,1.6654648678300061
GP_SE_mult_n1e-4,y2,10,0,1.2214493003079585,1.221460886901635,1.158659367650472e-5,9.485939100037508e-6
GP_SE_mult_n1e-4,y2,10,1,0.7704508653155415,0.7704354739851992,1.5391330342340304e-5,1.9977043358938556e-5
GP_SE_mult_n1e-4,y2,10,2,-2.0894309319513917,-2.090993032864443,0.0015621009130510899,0.0007476202678746551
GP_SE_mult_n1e-4,y2,10,3,1.7403204422475747,1.7553295228614378,0.01500908061386319,0.00862432012490722
GP_SE_mult_n1e-4,y2,10,4,-0.13580762259889137,0.11353552016601995,0.24934314276491132,1.8360025600429497
GP_SE_mult_n1e-4,y2,10,5,6.356254480089873,1.1659865822633144,5.190267897826558,0.8165607456536529
GP_SE_mult_n1e-4,y2,10,6,-59.981640992675686,-91.69544363147527,31.713802638799585,0.528725158464273
GP_SE_mult_n1e-4,y2,10,7,289.59431935639674,1488.2334053894715,1198.6390860330748,4.139028309315483
GP_SE_mult_n1e-4,y2,11,0,1.337356440626791,1.3373565167809383,7.61541472105165e-8,5.694379216869411e-8
GP_SE_mult_n1e-4,y2,11,1,0.3816898257688914,0.38166568714305554,2.4138625835834482e-5,6.32414704458225e-5
GP_SE_mult_n1e-4,y2,11,2,-1.7330183795333016,-1.7327135654647572,0.0003048140685444345,0.00017588622956585164
GP_SE_mult_n1e-4,y2,11,3,1.777320200906437,1.7667753309277692,0.010544869978667881,0.005933016444245654
GP_SE_mult_n1e-4,y2,11,4,0.2430034563852474,0.16518369868516192,0.07781975770008548,0.3202413614097461
GP_SE_mult_n1e-4,y2,11,5,-1.322989561881862,4.606475306566802,5.9294648684486635,4.48186821671851
GP_SE_mult_n1e-4,y2,11,6,-20.72789748606609,55.88434032415317,76.61223781021926,3.696093048594064
GP_SE_mult_n1e-4,y2,11,7,130.62363766647525,-414.3236135991608,544.947251265636,4.171888495840731
GP_SE_mult_n1e-4,y2,12,0,1.3832668761325912,1.3832935995134257,2.6723380834425825e-5,1.93190347398041e-5
GP_SE_mult_n1e-4,y2,12,1,0.005982638418968733,0.006784356429570986,0.0008017180106022525,0.13400743191503955
GP_SE_mult_n1e-4,y2,12,2,-1.2893229094558878,-1.2735648389474936,0.015758070508394173,0.012221973559008812
GP_SE_mult_n1e-4,y2,12,3,1.761677716197125,1.9663033592081094,0.2046256430109843,0.11615384648941512
GP_SE_mult_n1e-4,y2,12,4,-0.44842023179387996,0.876844786790669,1.325265018584549,2.955408620353503
GP_SE_mult_n1e-4,y2,12,5,-3.321117819838993,-8.77646576098889,5.455347941149897,1.6426240311505635
GP_SE_mult_n1e-4,y2,12,6,1.5267295949678727,-155.91063835188737,157.43736794685523,103.12066292929117
GP_SE_mult_n1e-4,y2,12,7,53.91987755379969,-244.2118230135025,298.1317005673022,5.5291613054913755
GP_RQ_mult_n1e-4,y2,1,0,0.431,0.4310349077087039,3.490770870390181e-5,8.099236358213876e-5
GP_RQ_mult_n1e-4,y2,1,1,2.248622187277166,2.2461498610899953,0.002472326187170637,0.0010994849206590602
GP_RQ_mult_n1e-4,y2,1,2,-3.707385445178789,-3.6031250226746017,0.10426042250418721,0.028122358477662753
GP_RQ_mult_n1e-4,y2,1,3,7.12142585358161,4.388599343857271,2.7328265097243394,0.3837470986726495
GP_RQ_mult_n1e-4,y2,1,4,-39.381152448047224,8.593485826718542,47.974638274765766,1.2182131627065846
GP_RQ_mult_n1e-4,y2,1,5,279.8523918232859,-283.63637106461937,563.4887628879053,2.0135213396486633
GP_RQ_mult_n1e-4,y2,1,6,-2116.9272301064316,1847.1500514678328,3964.0772815742644,1.8725619025529587
GP_RQ_mult_n1e-4,y2,1,7,17646.87811230215,7912.155634683937,9734.722477618214,0.5516399226915868
GP_RQ_mult_n1e-4,y2,2,0,0.432498257946104,0.43253154027825014,3.328233214611176e-5,7.695367908339472e-5
GP_RQ_mult_n1e-4,y2,2,1,2.246152177577012,2.243748753363424,0.002403424213587968,0.0010700184242105136
GP_RQ_mult_n1e-4,y2,2,2,-3.7026465655078127,-3.600197394029761,0.10244917147805177,0.02766917383701218
GP_RQ_mult_n1e-4,y2,2,3,7.095233836975444,4.394265395820355,2.700968441155089,0.38067363292235873
GP_RQ_mult_n1e-4,y2,2,4,-39.19505374493416,8.404805780026864,47.59985952496102,1.2144353681646158
GP_RQ_mult_n1e-4,y2,2,5,278.4450208550232,-282.40318798663066,560.8482088416538,2.014215255562671
GP_RQ_mult_n1e-4,y2,2,6,-2105.197172910768,1852.3863787019516,3957.58355161272,1.8799111088206215
GP_RQ_mult_n1e-4,y2,2,7,17543.39401693206,7796.81522536434,9746.57879156772,0.555569736515111
GP_RQ_mult_n1e-4,y2,3,0,0.4444252544483964,0.4444471090879638,2.185463956738687e-5,4.9175062282434895e-5
GP_RQ_mult_n1e-4,y2,3,1,2.2265046575259575,2.224610399929976,0.0018942575959814967,0.0008507763905090383
GP_RQ_mult_n1e-4,y2,3,2,-3.665355789295825,-3.5766488546890978,0.0887069346067273,0.02420145265727924
GP_RQ_mult_n1e-4,y2,3,3,6.8901010154968905,4.435121717474459,2.4549792980224314,0.3563052693278092
GP_RQ_mult_n1e-4,y2,3,4,-37.73951581879398,6.925191791129563,44.664707609923546,1.1834997519411967
GP_RQ_mult_n1e-4,y2,3,5,267.4629406174473,-272.4172856875923,539.8802263050396,2.0185234823886544
GP_RQ_mult_n1e-4,y2,3,6,-2013.79975312934,1891.5051059112445,3905.3048590405842,1.9392716942049197
GP_RQ_mult_n1e-4,y2,3,7,16736.926503527295,6872.245539428065,9864.680964099229,0.5893962049734911
GP_RQ_mult_n1e-4,y2,4,0,0.47524020662890437,0.47524318128411136,2.9746552069886967e-6,6.259266715014042e-6
GP_RQ_mult_n1e-4,y2,4,1,2.1758480661021884,2.174974697619099,0.0008733684830892763,0.0004013922188297952
GP_RQ_mult_n1e-4,y2,4,2,-3.572473677838202,-3.5140000107071208,0.058473667131081264,0.016367837079898435
GP_RQ_mult_n1e-4,y2,4,3,6.387064326104807,4.506252778898009,1.8808115472067977,0.2944719907578922
GP_RQ_mult_n1e-4,y2,4,4,-34.18496337262705,3.299582281272803,37.48454565389986,1.096521451414363
GP_RQ_mult_n1e-4,y2,4,5,240.8444491942793,-245.34213211950376,486.18658131378305,2.018674638092225
GP_RQ_mult_n1e-4,y2,4,6,-1793.3793007617383,1970.7067769487956,3764.0860777105336,2.09887895779311
GP_RQ_mult_n1e-4,y2,4,7,14791.86648975519,4444.1793726403685,10347.687117114821,0.699552495574619
GP_RQ_mult_n1e-4,y2,5,0,0.5347860688176563,0.5347815224073227,4.546410333650108e-6,8.501362692004375e-6
GP_RQ_mult_n1e-4,y2,5,1,2.078203381494844,2.078355222187128,0.00015184069228402208,7.306344202693176e-5
GP_RQ_mult_n1e-4,y2,5,2,-3.406199105298277,-3.387378128223099,0.01882097707517838,0.005525507022153435
GP_RQ_mult_n1e-4,y2,5,3,5.518095865980215,4.509766322547399,1.008329543432816,0.18273142908757706
GP_RQ_mult_n1e-4,y2,5,4,-28.093386529210164,-2.7856103623716,25.307776166838565,0.9008446219370793
GP_RQ_mult_n1e-4,y2,5,5,195.97924063493485,-189.04571953911704,385.0249601740519,1.9646211452123472
GP_RQ_mult_n1e-4,y2,5,6,-1426.345680004148,2028.4408984824665,3454.7865784866144,2.4221243327750446
GP_RQ_mult_n1e-4,y2,5,7,11559.968838861845,-269.83967492667654,11829.808513788521,1.0233425953554078
GP_RQ_mult_n1e-4,y2,6,0,0.6268642613749901,0.626874359312767,1.0097937776953891e-5,1.6108651264955917e-5
GP_RQ_mult_n1e-4,y2,6,1,1.9269348761029055,1.9272301668320193,0.0002952907291138285,0.00015324375139809284
GP_RQ_mult_n1e-4,y2,6,2,-3.179157711795061,-3.185566987840589,0.0064092760455278786,0.002016029598578481
GP_RQ_mult_n1e-4,y2,6,3,4.412000795814871,4.214205254030144,0.19779554178472658,0.04483125705062229
GP_RQ_mult_n1e-4,y2,6,4,-20.417346888100216,-9.36901923519703,11.048327652903186,0.5411245502882871
GP_RQ_mult_n1e-4,y2,6,5,141.10899917584,-98.5165199181031,239.62551909394313,1.698159015325017
GP_RQ_mult_n1e-4,y2,6,6,-988.5146132810431,1856.7925342346116,2845.307147515655,2.878366297561966
GP_RQ_mult_n1e-4,y2,6,7,7740.692120553393,-6878.977819379272,14619.669939932664,1.8886773575600477
GP_RQ_mult_n1e-4,y2,7,0,0.7507602266383622,0.7507725307398648,1.2304101502658149e-5,1.6388856343324884e-5
GP_RQ_mult_n1e-4,y2,7,1,1.7199974354949787,1.7197975046097809,0.00019993088519787428,0.00011623906005437643
GP_RQ_mult_n1e-4,y2,7,2,-2.919747009403085,-2.924269168214076,0.004522158810990717,0.001548818714918465
GP_RQ_mult_n1e-4,y2,7,3,3.3042235323351137,3.439218126803883,0.13499459446876916,0.04085516404919727
GP_RQ_mult_n1e-4,y2,7,4,-12.75469397606379,-12.22881059422457,0.5258833818392201,0.04123057619619286
GP_RQ_mult_n1e-4,y2,7,5,88.75908929094645,6.5974124630142,82.16167682793225,0.9256705705779797
GP_RQ_mult_n1e-4,y2,7,6,-589.4726539845561,1174.9729703349576,1764.4456243195136,2.993261201164628
GP_RQ_mult_n1e-4,y2,7,7,4341.052886482184,-12136.49375667618,16477.546643158363,3.7957488825968
GP_RQ_mult_n1e-4,y2,8,0,0.9028733245920112,0.9028634570381484,9.867553862785705e-6,1.0929056816740752e-5
GP_RQ_mult_n1e-4,y2,8,1,1.4533251200619346,1.4532021532556985,0.00012296680623613554,8.461066594025101e-5
GP_RQ_mult_n1e-4,y2,8,2,-2.6500533482610895,-2.6461608625754622,0.0038924856856272783,0.0014688329531861867
GP_RQ_mult_n1e-4,y2,8,3,2.4150642102205233,2.425375167841473,0.01031095762094969,0.004269434153060543
GP_RQ_mult_n1e-4,y2,8,4,-6.419209461259524,-7.986567735830054,1.5673582745705295,0.24416686883792624
GP_RQ_mult_n1e-4,y2,8,5,47.795374032670814,63.706624663354006,15.911250630683192,0.33290356970126356
GP_RQ_mult_n1e-4,y2,8,6,-301.0377700132649,62.14211431924919,363.17988433251406,1.2064263043023171
GP_RQ_mult_n1e-4,y2,8,7,1993.7836190587034,-9296.752444098378,11290.536063157082,5.6628693079981876
GP_RQ_mult_n1e-4,y2,9,0,1.066462469187783,1.066460329470032,2.1397177509818732e-6,2.006369481160908e-6
GP_RQ_mult_n1e-4,y2,9,1,1.1352924529413282,1.1354291818551854,0.000136728913857187,0.00012043497118557268
GP_RQ_mult_n1e-4,y2,9,2,-2.3822171215858576,-2.3828070430020145,0.00058992141615688,0.000247635453045592
GP_RQ_mult_n1e-4,y2,9,3,1.9012228627531698,1.8696015338938947,0.031621328859275044,0.016632100044012752
GP_RQ_mult_n1e-4,y2,9,4,-2.241856414764967,-1.6325764579751953,0.6092799567897718,0.27177474559790116
GP_RQ_mult_n1e-4,y2,9,5,21.531962603960263,26.785232919920002,5.253270315959739,0.24397545233491777
GP_RQ_mult_n1e-4,y2,9,6,-138.79415908370615,-408.1550219790121,269.3608628953059,1.9407218911341617
GP_RQ_mult_n1e-4,y2,9,7,779.3557529906057,1535.6859285326568,756.3301755420512,0.9704556265092047
GP_RQ_mult_n1e-4,y2,10,0,1.2214493003079585,1.221455849293627,6.548985668430873e-6,5.361651659859895e-6
GP_RQ_mult_n1e-4,y2,10,1,0.7704508653155415,0.7704583429714286,7.477655887044854e-6,9.705558425172703e-6
GP_RQ_mult_n1e-4,y2,10,2,-2.0894309319513917,-2.0892102015947875,0.00022073035660419293,0.00010564137499297248
GP_RQ_mult_n1e-4,y2,10,3,1.7403204422475747,1.7491528271696688,0.00883238492209415,0.005075148637964267
GP_RQ_mult_n1e-4,y2,10,4,-0.13580762259889137,-0.5026766936022061,0.3668690710033148,2.701387919048291
GP_RQ_mult_n1e-4,y2,10,5,6.356254480089873,2.306932054817655,4.0493224252722175,0.6370610928112121
GP_RQ_mult_n1e-4,y2,10,6,-59.981640992675686,98.37312157016757,158.35476256284326,2.640053855515221
GP_RQ_mult_n1e-4,y2,10,7,289.59431935639674,1452.200300816444,1162.6059814600474,4.014602165000538
GP_RQ_mult_n1e-4,y2,11,0,1.337356440626791,1.3373590973556673,2.6567288762269214e-6,1.986552571565564e-6
GP_RQ_mult_n1e-4,y2,11,1,0.3816898257688914,0.3815645514094404,0.00012527435945097753,0.0003282098473508426
GP_RQ_mult_n1e-4,y2,11,2,-1.7330183795333016,-1.7340399400122744,0.0010215604789727273,0.0005894689237213003
GP_RQ_mult_n1e-4,y2,11,3,1.777320200906437,1.805131181403331,0.02781098049689401,0.015647704044949442
GP_RQ_mult_n1e-4,y2,11,4,0.2430034563852474,0.9558583718198317,0.7128549154345842,2.9335175969861687
GP_RQ_mult_n1e-4,y2,11,5,-1.322989561881862,-3.433442267734293,2.110452705852431,1.5952149334046575
GP_RQ_mult_n1e-4,y2,11,6,-20.72789748606609,-288.70609391556036,267.9781964294943,12.928382949097331
GP_RQ_mult_n1e-4,y2,11,7,130.62363766647525,-2020.3230931071594,2150.9467307736345,16.466749580697662
GP_RQ_mult_n1e-4,y2,12,0,1.3832668761325912,1.3832778962741932,1.1020141601925104e-5,7.966750156510494e-6
GP_RQ_mult_n1e-4,y2,12,1,0.005982638418968733,0.005645689253720771,0.00033694916524796246,0.056321164952844435
GP_RQ_mult_n1e-4,y2,12,2,-1.2893229094558878,-1.311745323661817,0.022422414205929275,0.017390844482389478
GP_RQ_mult_n1e-4,y2,12,3,1.761677716197125,1.2301980703446613,0.5314796458524638,0.30168948665579487
GP_RQ_mult_n1e-4,y2,12,4,-0.44842023179387996,-6.8959369765762135,6.447516744782334,14.378291360738576
GP_RQ_mult_n1e-4,y2,12,5,-3.321117819838993,-26.626030020159746,23.304912200320754,7.017189231019383
GP_RQ_mult_n1e-4,y2,12,6,1.5267295949678727,424.12797937476023,422.60124977979234,276.8016361068086
GP_RQ_mult_n1e-4,y2,12,7,53.91987755379969,4532.414598635831,4478.494721082031,83.05832513461328
FHD5_mult_n1e-4,y2,1,0,0.431,0.43099630277470713,3.6972252928646476e-6,8.578248939361131e-6
FHD5_mult_n1e-4,y2,1,1,2.248622187277166,2.5624433914364637,0.3138212041592978,0.13956155281884006
FHD5_mult_n1e-4,y2,1,2,-3.707385445178789,-695.5584988302794,691.8511133851006,186.6142929068267
FHD5_mult_n1e-4,y2,1,3,7.12142585358161,-30302.273725253857,30309.395151107437,4256.085196177925
FHD5_mult_n1e-4,y2,1,4,-39.381152448047224,3.8404807602026234e9,3.840480799583776e9,9.75207824263206e7
FHD5_mult_n1e-4,y2,1,5,279.8523918232859,-1.0202585618581797e13,1.0202585618861648e13,3.645702490655902e10
FHD5_mult_n1e-4,y2,1,6,-2116.9272301064316,1.0569346658415016e16,1.0569346658417132e16,4.992777506993353e12
FHD5_mult_n1e-4,y2,1,7,17646.87811230215,5.07373746715758e18,5.073737467157562e18,2.8751473404355375e14
FHD5_mult_n1e-4,y2,2,0,0.432498257946104,0.4325702826741852,7.202472808115479e-5,0.0001665318339620461
FHD5_mult_n1e-4,y2,2,1,2.246152177577012,2.209767302327829,0.036384875249183324,0.01619875786351783
FHD5_mult_n1e-4,y2,2,2,-3.7026465655078127,-275.05562465223153,271.35297808672374,73.28622197282502
FHD5_mult_n1e-4,y2,2,3,7.095233836975444,812817.0383149753,812809.9430811383,114557.17482422298
FHD5_mult_n1e-4,y2,2,4,-39.19505374493416,-4.697558312739234e8,4.6975579207886964e8,1.1985078401368035e7
FHD5_mult_n1e-4,y2,2,5,278.4450208550232,-2.7252240231729683e12,2.725224023451413e12,9.787296663029016e9
FHD5_mult_n1e-4,y2,2,6,-2105.197172910768,1.0434427051489928e16,1.0434427051492034e16,4.956508200637942e12
FHD5_mult_n1e-4,y2,2,7,17543.39401693206,-7.86239271103067e18,7.862392711030688e18,4.48168279378681e14
FHD5_mult_n1e-4,y2,3,0,0.4444252544483964,0.44440945219342143,1.5802254974994767e-5,3.555660893890452e-5
FHD5_mult_n1e-4,y2,3,1,2.2265046575259575,2.3718176536111066,0.14531299608514914,0.06526507617846967
FHD5_mult_n1e-4,y2,3,2,-3.665355789295825,141.45467935811453,145.12003514741036,39.59234614309851
FHD5_mult_n1e-4,y2,3,3,6.8901010154968905,-1.03795744334963e6,1.0379643334506454e6,150645.7352535333
FHD5_mult_n1e-4,y2,3,4,-37.73951581879398,1.624121771361459e9,1.6241218091009748e9,4.303504626024309e7
FHD5_mult_n1e-4,y2,3,5,267.4629406174473,1.5055884155435236e13,1.5055884155167773e13,5.629147769186546e10
FHD5_mult_n1e-4,y2,3,6,-2013.79975312934,-6.894538766851101e16,6.894538766850899e16,3.423646644179564e13
FHD5_mult_n1e-4,y2,3,7,16736.926503527295,-3.0807774735114424e20,3.0807774735114424e20,1.840706818460469e16
FHD5_mult_n1e-4,y2,4,0,0.47524020662890437,0.4752372059802285,3.0006486758660245e-6,6.3139621480072035e-6
FHD5_mult_n1e-4,y2,4,1,2.1758480661021884,2.06599474395888,0.10985332214330823,0.050487588657832774
FHD5_mult_n1e-4,y2,4,2,-3.572473677838202,-243.55140602735668,239.9789323495185,67.17444381416298
FHD5_mult_n1e-4,y2,4,3,6.387064326104807,1.896216882357962e6,1.8962104952936359e6,296882.94942381646
FHD5_mult_n1e-4,y2,4,4,-34.18496337262705,8.395799793015452e9,8.395799827200416e9,2.455992049979258e8
FHD5_mult_n1e-4,y2,4,5,240.8444491942793,-2.8371008359868152e13,2.8371008360108996e13,1.1779805785444228e11
FHD5_mult_n1e-4,y2,4,6,-1793.3793007617383,-2.3498860656985542e17,2.3498860656985363e17,1.310311803364978e14
FHD5_mult_n1e-4,y2,4,7,14791.86648975519,4.471289213985326e20,4.471289213985326e20,3.0228025767283188e16
FHD5_mult_n1e-4,y2,5,0,0.5347860688176563,0.5348274555091623,4.138669150599572e-5,7.73892476247491e-5
FHD5_mult_n1e-4,y2,5,1,2.078203381494844,1.977674963752161,0.10052841774268306,0.04837275246389665
FHD5_mult_n1e-4,y2,5,2,-3.406199105298277,-362.37314914881244,358.96695004351415,105.38636731045698
FHD5_mult_n1e-4,y2,5,3,5.518095865980215,859752.954730935,859747.4366350691,155805.09246595818
FHD5_mult_n1e-4,y2,5,4,-28.093386529210164,2.766664201973951e9,2.7666642300673375e9,9.848097975623879e7
FHD5_mult_n1e-4,y2,5,5,195.97924063493485,1.2007986070247898e12,1.2007986068288105e12,6.127172464483765e9
FHD5_mult_n1e-4,y2,5,6,-1426.345680004148,8.04680192754909e15,8.046801927550516e15,5.641551021157167e12
FHD5_mult_n1e-4,y2,5,7,11559.968838861845,-2.393704242447406e20,2.393704242447406e20,2.0706839921577868e16
FHD5_mult_n1e-4,y2,6,0,0.6268642613749901,0.6267954156122766,6.884576271348752e-5,0.00010982563045224236
FHD5_mult_n1e-4,y2,6,1,1.9269348761029055,2.27981894676232,0.35288407065941474,0.18313232846410396
FHD5_mult_n1e-4,y2,6,2,-3.179157711795061,340.13236111969184,343.3115188314869,107.98820000585674
FHD5_mult_n1e-4,y2,6,3,4.412000795814871,-4.012692880828173e6,4.0126972928289687e6,909496.049192767
FHD5_mult_n1e-4,y2,6,4,-20.417346888100216,-7.025977790217474e8,7.025977586044005e8,3.441180494483804e7
FHD5_mult_n1e-4,y2,6,5,141.10899917584,5.690990920542428e13,5.690990920528317e13,4.033046052177444e11
FHD5_mult_n1e-4,y2,6,6,-988.5146132810431,-2.8704375076912988e16,2.8704375076912e16,2.9037886432085656e13
FHD5_mult_n1e-4,y2,6,7,7740.692120553393,-9.104784635610661e20,9.104784635610661e20,1.1762235848956291e17
FHD5_mult_n1e-4,y2,7,0,0.7507602266383622,0.7507545778564096,5.648781952527493e-6,7.524082592681732e-6
FHD5_mult_n1e-4,y2,7,1,1.7199974354949787,2.0122270151340462,0.2922295796390675,0.1699011717159741
FHD5_mult_n1e-4,y2,7,2,-2.919747009403085,-419.53020855069593,416.61046154129286,142.68717810125096
FHD5_mult_n1e-4,y2,7,3,3.3042235323351137,-4.1118061437728414e6,4.1118094479963738e6,1.2444101943340783e6
FHD5_mult_n1e-4,y2,7,4,-12.75469397606379,3.0555322847244673e9,3.0555322974791613e9,2.3956139623681706e8
FHD5_mult_n1e-4,y2,7,5,88.75908929094645,7.498060545860055e13,7.498060545851178e13,8.447653762278959e11
FHD5_mult_n1e-4,y2,7,6,-589.4726539845561,-7.02189974857679e15,7.021899748576201e15,1.1912172178151916e13
FHD5_mult_n1e-4,y2,7,7,4341.052886482184,-1.4551160895085192e21,1.4551160895085192e21,3.351988855145433e17
FHD5_mult_n1e-4,y2,8,0,0.9028733245920112,0.9028324180768407,4.090651517052457e-5,4.530703705196887e-5
FHD5_mult_n1e-4,y2,8,1,1.4533251200619346,1.4014404611952582,0.05188465886667637,0.03570065510493981
FHD5_mult_n1e-4,y2,8,2,-2.6500533482610895,1272.8873879712307,1275.5374413194918,481.3251937575042
FHD5_mult_n1e-4,y2,8,3,2.4150642102205233,309478.8969800525,309476.4819158423,128144.20445060692
FHD5_mult_n1e-4,y2,8,4,-6.419209461259524,-1.555254263488357e10,1.5552542628464361e10,2.4228127657035155e9
FHD5_mult_n1e-4,y2,8,5,47.795374032670814,-1.5144601739776604e13,1.5144601739824398e13,3.168633376416767e11
FHD5_mult_n1e-4,y2,8,6,-301.0377700132649,1.821202515271158e17,1.821202515271161e17,6.04974756221092e14
FHD5_mult_n1e-4,y2,8,7,1993.7836190587034,5.087016218479061e20,5.087016218479061e20,2.5514384659658912e17
FHD5_mult_n1e-4,y2,9,0,1.066462469187783,1.0664222741342468,4.0195053536251635e-5,3.7690077895440755e-5
FHD5_mult_n1e-4,y2,9,1,1.1352924529413282,1.0979888553881993,0.03730359755312884,0.032858139289556866
FHD5_mult_n1e-4,y2,9,2,-2.3822171215858576,-803.8367090813506,801.4544919597647,336.43217685641986
FHD5_mult_n1e-4,y2,9,3,1.9012228627531698,361827.5934040841,361825.6921812213,190312.08769352786
FHD5_mult_n1e-4,y2,9,4,-2.241856414764967,2.089737120406223e10,2.0897371206304085e10,9.321458354189438e9
FHD5_mult_n1e-4,y2,9,5,21.531962603960263,-1.8628177989004742e13,1.8628177989026273e13,8.651407366646683e11
FHD5_mult_n1e-4,y2,9,6,-138.79415908370615,-3.9494500502959654e17,3.949450050295964e17,2.8455448531620615e15
FHD5_mult_n1e-4,y2,9,7,779.3557529906057,6.207605999025953e20,6.207605999025953e20,7.965048022300003e17
FHD5_mult_n1e-4,y2,10,0,1.2214493003079585,1.221471755972411,2.2455664452580848e-5,1.8384442519979504e-5
FHD5_mult_n1e-4,y2,10,1,0.7704508653155415,0.9346727758409266,0.16422191052538504,0.21315040052311088
FHD5_mult_n1e-4,y2,10,2,-2.0894309319513917,-1527.2316470389571,1525.1422161070057,729.9318645975163
FHD5_mult_n1e-4,y2,10,3,1.7403204422475747,-848678.237875801,848679.9781962433,487657.305858108
FHD5_mult_n1e-4,y2,10,4,-0.13580762259889137,3.565992130586168e10,3.565992130599749e10,2.6257672893162473e11
FHD5_mult_n1e-4,y2,10,5,6.356254480089873,-5.935114907135431e12,5.935114907141787e12,9.337440666878191e11
FHD5_mult_n1e-4,y2,10,6,-59.981640992675686,-7.520904270785432e17,7.520904270785432e17,1.2538677079047912e16
FHD5_mult_n1e-4,y2,10,7,289.59431935639674,4.304638507899324e20,4.304638507899324e20,1.486437481738621e18
FHD5_mult_n1e-4,y2,11,0,1.337356440626791,1.337656805852327,0.0003003652255360034,0.00022459623807937734
FHD5_mult_n1e-4,y2,11,1,0.3816898257688914,0.7271699144343929,0.34548008866550156,0.9051330827840447
FHD5_mult_n1e-4,y2,11,2,-1.7330183795333016,-1469.955203663958,1468.2221852844245,847.2052014127016
FHD5_mult_n1e-4,y2,11,3,1.777320200906437,-6.9290424296153225e6,6.929044206935523e6,3.898590812956324e6
FHD5_mult_n1e-4,y2,11,4,0.2430034563852474,8.598883419527943e9,8.598883419284939e9,3.538584819819449e10
FHD5_mult_n1e-4,y2,11,5,-1.322989561881862,1.2166043191835283e14,1.2166043191835416e14,9.195872395644644e13
FHD5_mult_n1e-4,y2,11,6,-20.72789748606609,-1.6179378172586074e16,1.6179378172586054e16,7.805605070877214e14
FHD5_mult_n1e-4,y2,11,7,130.62363766647525,-2.2349120613848952e21,2.2349120613848952e21,1.7109553074087209e19
FHD5_mult_n1e-4,y2,12,0,1.3832668761325912,1.3833708971369525,0.00010402100436124329,7.519951945359277e-5
FHD5_mult_n1e-4,y2,12,1,0.005982638418968733,3.6953119090732947,3.689329270654326,616.6726137011435
FHD5_mult_n1e-4,y2,12,2,-1.2893229094558878,18157.36827732794,18158.657600237395,14083.871051279622
FHD5_mult_n1e-4,y2,12,3,1.761677716197125,5.013323037884658e7,5.013322861716886e7,2.845766178242283e7
FHD5_mult_n1e-4,y2,12,4,-0.44842023179387996,7.630374130492386e10,7.630374130537228e10,1.7016123692752097e11
FHD5_mult_n1e-4,y2,12,5,-3.321117819838993,3.7883852795209125e13,3.7883852795212445e13,1.140695839482414e13
FHD5_mult_n1e-4,y2,12,6,1.5267295949678727,-4.4845663609449224e16,4.4845663609449224e16,2.937367806143361e16
FHD5_mult_n1e-4,y2,12,7,53.91987755379969,-1.873669058555893e19,1.873669058555893e19,3.474913415161969e17
S1_GP_AAA_MLE_mult_n1e-4,y2,1,0,0.431,0.43102508269673456,2.5082696734568533e-5,5.819651214517061e-5
S1_GP_AAA_MLE_mult_n1e-4,y2,1,1,2.248622187277166,2.2460873012660656,0.0025348860111003013,0.0011273063235979937
S1_GP_AAA_MLE_mult_n1e-4,y2,1,2,-3.707385445178789,-3.5066346636357366,0.20075078154305226,0.05414888322553984
S1_GP_AAA_MLE_mult_n1e-4,y2,1,3,7.12142585358161,-7.301450912103604,14.422876765685213,2.0252793558794764
S1_GP_AAA_MLE_mult_n1e-4,y2,1,4,-39.381152448047224,1138.390574946395,1177.7717273944422,29.90698987156847
S1_GP_AAA_MLE_mult_n1e-4,y2,1,5,279.8523918232859,-116338.26760312286,116618.11999494614,416.71296512836375
S1_GP_AAA_MLE_mult_n1e-4,y2,1,6,-2116.9272301064316,1.3808547154141286e7,1.3810664081371393e7,6523.920088021657
S1_GP_AAA_MLE_mult_n1e-4,y2,1,7,17646.87811230215,-1.907699494805233e9,1.9077171416833453e9,108105.07839080162
S1_GP_AAA_MLE_mult_n1e-4,y2,2,0,0.432498257946104,0.43252169462744233,2.3436681338306897e-5,5.4189076852252825e-5
S1_GP_AAA_MLE_mult_n1e-4,y2,2,1,2.246152177577012,2.243747977552997,0.0024042000240149797,0.0010703638195202153
S1_GP_AAA_MLE_mult_n1e-4,y2,2,2,-3.7026465655078127,-3.511254955855417,0.19139160965239554,0.05169048848337661
S1_GP_AAA_MLE_mult_n1e-4,y2,2,3,7.095233836975444,-6.567710341754455,13.662944178729898,1.9256510063879921
S1_GP_AAA_MLE_mult_n1e-4,y2,2,4,-39.19505374493416,1063.7970965630427,1102.9921503079768,28.141105698841788
S1_GP_AAA_MLE_mult_n1e-4,y2,2,5,278.4450208550232,-107664.91035369184,107943.35537454687,387.664879203386
S1_GP_AAA_MLE_mult_n1e-4,y2,2,6,-2105.197172910768,1.2459411804463482e7,1.2461517001636392e7,5919.406106937895
S1_GP_AAA_MLE_mult_n1e-4,y2,2,7,17543.39401693206,-6.015447440938517e8,6.015622874878687e8,34289.960477845336
S1_GP_AAA_MLE_mult_n1e-4,y2,3,0,0.4444252544483964,0.44443827896257604,1.302451417961592e-5,2.9306422281923307e-5
S1_GP_AAA_MLE_mult_n1e-4,y2,3,1,2.2265046575259575,2.224951552895607,0.0015531046303505214,0.0006975528324635515
S1_GP_AAA_MLE_mult_n1e-4,y2,3,2,-3.665355789295825,-3.5335015452813425,0.13185424401448254,0.035973109186165496
S1_GP_AAA_MLE_mult_n1e-4,y2,3,3,6.8901010154968905,-2.1545511178788073,9.044652133375697,1.312702399142319
S1_GP_AAA_MLE_mult_n1e-4,y2,3,4,-37.73951581879398,633.6104540239344,671.3499698427283,17.78904565353224
S1_GP_AAA_MLE_mult_n1e-4,y2,3,5,267.4629406174473,-59311.276430234495,59578.739370851945,222.755119768415
S1_GP_AAA_MLE_mult_n1e-4,y2,3,6,-2013.79975312934,6.308015907560152e6,6.3100297073132815e6,3133.394816196508
S1_GP_AAA_MLE_mult_n1e-4,y2,3,7,16736.926503527295,-7.793467695387859e8,7.793635064652895e8,46565.50928278494
S1_GP_AAA_MLE_mult_n1e-4,y2,4,0,0.47524020662890437,0.4752411334734082,9.268445038124185e-7,1.9502653413669467e-6
S1_GP_AAA_MLE_mult_n1e-4,y2,4,1,2.1758480661021884,2.1754881397920802,0.0003599263101081718,0.0001654188615995341
S1_GP_AAA_MLE_mult_n1e-4,y2,4,2,-3.572473677838202,-3.521220723568296,0.05125295426990606,0.014346628944491083
S1_GP_AAA_MLE_mult_n1e-4,y2,4,3,6.387064326104807,2.8992638269199453,3.4878004991848615,0.5460725493134213
S1_GP_AAA_MLE_mult_n1e-4,y2,4,4,-34.18496337262705,185.94117688307927,220.12614025570633,6.439267986227186
S1_GP_AAA_MLE_mult_n1e-4,y2,4,5,240.8444491942793,-15584.888792680713,15825.733241874992,65.70935429410302
S1_GP_AAA_MLE_mult_n1e-4,y2,4,6,-1793.3793007617383,1.3437105098588013e6,1.345503889159563e6,750.261748079762
S1_GP_AAA_MLE_mult_n1e-4,y2,4,7,14791.86648975519,-1.332626134367846e8,1.3327740530327435e8,9010.181737077059
S1_GP_AAA_MLE_mult_n1e-4,y2,5,0,0.5347860688176563,0.5347882610150173,2.1921973609728695e-6,4.099204315137711e-6
S1_GP_AAA_MLE_mult_n1e-4,y2,5,1,2.078203381494844,2.078443052676338,0.00023967118149403888,0.00011532614354695366
S1_GP_AAA_MLE_mult_n1e-4,y2,5,2,-3.406199105298277,-3.402205146457371,0.003993958840906142,0.0011725558951306211
S1_GP_AAA_MLE_mult_n1e-4,y2,5,3,5.518095865980215,4.846591153096875,0.6715047128833405,0.12169138217102299
S1_GP_AAA_MLE_mult_n1e-4,y2,5,4,-28.093386529210164,10.860371167330765,38.95375769654093,1.386581060849986
S1_GP_AAA_MLE_mult_n1e-4,y2,5,5,195.97924063493485,-1922.6587602627621,2118.638000897697,10.810522553479233
S1_GP_AAA_MLE_mult_n1e-4,y2,5,6,-1426.345680004148,128576.60553768356,130002.9512176877,91.14407050141564
S1_GP_AAA_MLE_mult_n1e-4,y2,5,7,11559.968838861845,-9.218301602787677e6,9.229861571626538e6,798.4330840579739
S1_GP_AAA_MLE_mult_n1e-4,y2,6,0,0.6268642613749901,0.6268756076956301,1.134632064003771e-5,1.81001236458276e-5
S1_GP_AAA_MLE_mult_n1e-4,y2,6,1,1.9269348761029055,1.9270285575442987,9.368144139321188e-5,4.861681759721751e-5
S1_GP_AAA_MLE_mult_n1e-4,y2,6,2,-3.179157711795061,-3.1846676010460713,0.005509889251010147,0.0017331286304444063
S1_GP_AAA_MLE_mult_n1e-4,y2,6,3,4.412000795814871,4.4268505395376945,0.01484974372282366,0.0033657617960789602
S1_GP_AAA_MLE_mult_n1e-4,y2,6,4,-20.417346888100216,-16.593790305368316,3.8235565827319,0.18727000151818807
S1_GP_AAA_MLE_mult_n1e-4,y2,6,5,141.10899917584,-57.610236981220794,198.7192361570608,1.4082676322396066
S1_GP_AAA_MLE_mult_n1e-4,y2,6,6,-988.5146132810431,7859.9466876834795,8848.461300964522,8.951270099685242
S1_GP_AAA_MLE_mult_n1e-4,y2,6,7,7740.692120553393,-424004.42017919687,431745.11229975027,55.776034697642025
S1_GP_AAA_MLE_mult_n1e-4,y2,7,0,0.7507602266383622,0.7507678047145734,7.5780762112120925e-6,1.0093870109694048e-5
S1_GP_AAA_MLE_mult_n1e-4,y2,7,1,1.7199974354949787,1.719842852719494,0.0001545827754847462,8.98738406782918e-5
S1_GP_AAA_MLE_mult_n1e-4,y2,7,2,-2.919747009403085,-2.921132955074308,0.0013859456712230767,0.00047468005507313464
S1_GP_AAA_MLE_mult_n1e-4,y2,7,3,3.3042235323351137,3.366908328826393,0.06268479649127912,0.018971112540615377
S1_GP_AAA_MLE_mult_n1e-4,y2,7,4,-12.75469397606379,-13.296276068787513,0.5415820927237238,0.04246139450621777
S1_GP_AAA_MLE_mult_n1e-4,y2,7,5,88.75908929094645,79.21094125557529,9.548148035371156,0.10757374947903033
S1_GP_AAA_MLE_mult_n1e-4,y2,7,6,-589.4726539845561,-48.99321969864959,540.4794342859066,0.9168863570388235
S1_GP_AAA_MLE_mult_n1e-4,y2,7,7,4341.052886482184,-15245.894068218211,19586.946954700394,4.512026797852001
S1_GP_AAA_MLE_mult_n1e-4,y2,8,0,0.9028733245920112,0.9028667413355927,6.5832564184464815e-6,7.2914507928576935e-6
S1_GP_AAA_MLE_mult_n1e-4,y2,8,1,1.4533251200619346,1.4532354584657017,8.966159623291503e-5,6.169410752983753e-5
S1_GP_AAA_MLE_mult_n1e-4,y2,8,2,-2.6500533482610895,-2.6482339877617433,0.0018193604993461676,0.0006865373108582869
S1_GP_AAA_MLE_mult_n1e-4,y2,8,3,2.4150642102205233,2.4219881185305336,0.006923908310010329,0.0028669665513274684
S1_GP_AAA_MLE_mult_n1e-4,y2,8,4,-6.419209461259524,-6.849679688141734,0.4304702268822096,0.06705969473034555
S1_GP_AAA_MLE_mult_n1e-4,y2,8,5,47.795374032670814,52.28523204470219,4.489858012031377,0.09393917513779278
S1_GP_AAA_MLE_mult_n1e-4,y2,8,6,-301.0377700132649,-300.7973793297395,0.2403906835253906,0.0007985399423959262
S1_GP_AAA_MLE_mult_n1e-4,y2,8,7,1993.7836190587034,1142.7185386662595,851.0650803924439,0.42685930020542806
S1_GP_AAA_MLE_mult_n1e-4,y2,9,0,1.066462469187783,1.0664580151894225,4.45399836057625e-6,4.176422977142751e-6
S1_GP_AAA_MLE_mult_n1e-4,y2,9,1,1.1352924529413282,1.1353881498173986,9.569687607036137e-5,8.429270873987478e-5
S1_GP_AAA_MLE_mult_n1e-4,y2,9,2,-2.3822171215858576,-2.381585617882113,0.0006315037037447624,0.0002650907417390931
S1_GP_AAA_MLE_mult_n1e-4,y2,9,3,1.9012228627531698,1.884886690510668,0.016336172242501723,0.008592455183736449
S1_GP_AAA_MLE_mult_n1e-4,y2,9,4,-2.241856414764967,-2.2338096038534827,0.008046810911484403,0.0035893516009712955
S1_GP_AAA_MLE_mult_n1e-4,y2,9,5,21.531962603960263,23.602133218193522,2.070170614233259,0.0961440743842135
S1_GP_AAA_MLE_mult_n1e-4,y2,9,6,-138.79415908370615,-160.80389274619537,22.009733662489225,0.1585782413884957
S1_GP_AAA_MLE_mult_n1e-4,y2,9,7,779.3557529906057,846.7480532601483,67.3923002695426,0.08647180701616627
S1_GP_AAA_MLE_mult_n1e-4,y2,10,0,1.2214493003079585,1.2214587495835463,9.449275587769534e-6,7.736117729476885e-6
S1_GP_AAA_MLE_mult_n1e-4,y2,10,1,0.7704508653155415,0.770479860445678,2.899513013643329e-5,3.7633976988990994e-5
S1_GP_AAA_MLE_mult_n1e-4,y2,10,2,-2.0894309319513917,-2.090429494131315,0.0009985621799231126,0.0004779110736101341
S1_GP_AAA_MLE_mult_n1e-4,y2,10,3,1.7403204422475747,1.7394250750964142,0.0008953671511604533,0.0005144840739812904
S1_GP_AAA_MLE_mult_n1e-4,y2,10,4,-0.13580762259889137,-0.020829214248247893,0.11497840835064348,0.8466270607669268
S1_GP_AAA_MLE_mult_n1e-4,y2,10,5,6.356254480089873,6.00079040496577,0.35546407512410294,0.05592351222524951
S1_GP_AAA_MLE_mult_n1e-4,y2,10,6,-59.981640992675686,-67.54886464172063,7.567223649044941,0.12615899671649478
S1_GP_AAA_MLE_mult_n1e-4,y2,10,7,289.59431935639674,369.6867862658914,80.09246690949465,0.27656781074813414
S1_GP_AAA_MLE_mult_n1e-4,y2,11,0,1.337356440626791,1.337356513705799,7.307900795616717e-8,5.464437582692358e-8
S1_GP_AAA_MLE_mult_n1e-4,y2,11,1,0.3816898257688914,0.38161820428449106,7.162148440031935e-5,0.0001876431583054176
S1_GP_AAA_MLE_mult_n1e-4,y2,11,2,-1.7330183795333016,-1.7326544492295715,0.00036393030373016444,0.00020999794810495323
S1_GP_AAA_MLE_mult_n1e-4,y2,11,3,1.777320200906437,1.7867540962735027,0.009433895367065626,0.005307932336702368
S1_GP_AAA_MLE_mult_n1e-4,y2,11,4,0.2430034563852474,0.22196084703547136,0.02104260934977603,0.08659386851031439
S1_GP_AAA_MLE_mult_n1e-4,y2,11,5,-1.322989561881862,-1.9312335472923368,0.6082439854104749,0.4597496480208729
S1_GP_AAA_MLE_mult_n1e-4,y2,11,6,-20.72789748606609,-16.745532730057054,3.982364756009037,0.19212584193288784
S1_GP_AAA_MLE_mult_n1e-4,y2,11,7,130.62363766647525,195.66027335616863,65.03663568969338,0.49789331281489135
S1_GP_AAA_MLE_mult_n1e-4,y2,12,0,1.3832668761325912,1.3832471626214669,1.9713511124397343e-5,1.4251415590542724e-5
S1_GP_AAA_MLE_mult_n1e-4,y2,12,1,0.005982638418968733,0.012578364566309588,0.0065957261473408545,1.1024778175509065
S1_GP_AAA_MLE_mult_n1e-4,y2,12,2,-1.2893229094558878,-4.3364782757603555,3.0471553663044677,2.3633764233588384
S1_GP_AAA_MLE_mult_n1e-4,y2,12,3,1.761677716197125,2162.4295945487356,2160.6679168325386,1226.483083124137
S1_GP_AAA_MLE_mult_n1e-4,y2,12,4,-0.44842023179387996,-2.0405634938498887e6,2.040563045429657e6,4.550559722219711e6
S1_GP_AAA_MLE_mult_n1e-4,y2,12,5,-3.321117819838993,2.40664966858965e9,2.406649671910768e9,7.246504949431279e8
S1_GP_AAA_MLE_mult_n1e-4,y2,12,6,1.5267295949678727,-3.402698766714886e12,3.402698766716413e12,2.2287501191643677e12
S1_GP_AAA_MLE_mult_n1e-4,y2,12,7,53.91987755379969,5.606842927343462e15,5.606842927343408e15,1.039847117929573e14
S2_AAA_MLE_mult_n1e-4,y2,1,0,0.431,0.4315562986325986,0.0005562986325985952,0.0012907160849155342
S2_AAA_MLE_mult_n1e-4,y2,1,1,2.248622187277166,2.228618187966133,0.020003999311033027,0.008896113995591082
S2_AAA_MLE_mult_n1e-4,y2,1,2,-3.707385445178789,-3.3474364660813336,0.35994897909745527,0.09708971036867646
S2_AAA_MLE_mult_n1e-4,y2,1,3,7.12142585358161,2.896611480712828,4.224814372868782,0.5932539999337321
S2_AAA_MLE_mult_n1e-4,y2,1,4,-39.381152448047224,-2.4161598299395024,36.96499261810772,0.9386467972686434
S2_AAA_MLE_mult_n1e-4,y2,1,5,279.8523918232859,1.9186792757989046,277.933712547487,0.9931439597021187
S2_AAA_MLE_mult_n1e-4,y2,1,6,-2116.9272301064316,-1.181730566866246,2115.745499539565,0.9994417708128743
S2_AAA_MLE_mult_n1e-4,y2,1,7,17646.87811230215,-0.21734272444690256,17647.095455026596,1.0000123162138403
S2_AAA_MLE_mult_n1e-4,y2,2,0,0.432498257946104,0.43304130035949506,0.0005430424133910372,0.001255594452495364
S2_AAA_MLE_mult_n1e-4,y2,2,1,2.246152177577012,2.2263872072275506,0.019764970349461564,0.008799479637565161
S2_AAA_MLE_mult_n1e-4,y2,2,2,-3.7026465655078127,-3.3455059289398066,0.3571406365680061,0.0964555029083703
S2_AAA_MLE_mult_n1e-4,y2,2,3,7.095233836975444,2.8949993505595852,4.200234486415859,0.591979712427115
S2_AAA_MLE_mult_n1e-4,y2,2,4,-39.19505374493416,-2.43196071483114,36.763093030103015,0.9379523566759883
S2_AAA_MLE_mult_n1e-4,y2,2,5,278.4450208550232,-171.79204979353213,450.23707064855535,1.6169693725030854
S2_AAA_MLE_mult_n1e-4,y2,2,6,-2105.197172910768,-643307.6384692288,641202.441296318,304.5807060484288
S2_AAA_MLE_mult_n1e-4,y2,2,7,17543.39401693206,-4.444725561541116e9,4.444743104935133e9,253357.08134043365
S2_AAA_MLE_mult_n1e-4,y2,3,0,0.4444252544483964,0.4448678580516709,0.0004426036032744718,0.0009959011078787914
S2_AAA_MLE_mult_n1e-4,y2,3,1,2.2265046575259575,2.208585621298086,0.017919036227871388,0.008048056925145902
S2_AAA_MLE_mult_n1e-4,y2,3,2,-3.665355789295825,-3.330100219064228,0.33525557023159713,0.0914660375428398
S2_AAA_MLE_mult_n1e-4,y2,3,3,6.8901010154968905,2.882149014063655,4.007952001433235,0.5816971322218264
S2_AAA_MLE_mult_n1e-4,y2,3,4,-37.73951581879398,-2.404669611712966,35.334846207081014,0.9362824466731642
S2_AAA_MLE_mult_n1e-4,y2,3,5,267.4629406174473,1.9104811118361047,265.55245950561124,0.9928570249492298
S2_AAA_MLE_mult_n1e-4,y2,3,6,-2013.79975312934,-3.6091500175508626,2010.190603111789,0.9982077910120196
S2_AAA_MLE_mult_n1e-4,y2,3,7,16736.926503527295,-634.2490055162239,17371.175509043518,1.0378951897400372
S2_AAA_MLE_mult_n1e-4,y2,4,0,0.47524020662890437,0.4754630211906734,0.0002228145617690358,0.00046884619327468345
S2_AAA_MLE_mult_n1e-4,y2,4,1,2.1758480661021884,2.1622455721538696,0.013602493948318806,0.006251582617478571
S2_AAA_MLE_mult_n1e-4,y2,4,2,-3.572473677838202,-3.2899849180778546,0.2824887597603474,0.07907371340837667
S2_AAA_MLE_mult_n1e-4,y2,4,3,6.387064326104807,2.8486704429086283,3.5383938831961785,0.5539937759408933
S2_AAA_MLE_mult_n1e-4,y2,4,4,-34.18496337262705,-2.3780228691045755,31.806940503522476,0.9304365827986016
S2_AAA_MLE_mult_n1e-4,y2,4,5,240.8444491942793,1.89500722020182,238.94944197407747,0.9921318210714783
S2_AAA_MLE_mult_n1e-4,y2,4,6,-1793.3793007617383,-1.18602355228498,1792.1932772094533,0.9993386655283792
S2_AAA_MLE_mult_n1e-4,y2,4,7,14791.86648975519,-0.3004746840419955,14792.166964439231,1.0000203135070378
S2_AAA_MLE_mult_n1e-4,y2,5,0,0.5347860688176563,0.534726584826926,5.9483990730302416e-5,0.00011122950689761594
S2_AAA_MLE_mult_n1e-4,y2,5,1,2.078203381494844,2.0712340212305946,0.006969360264249325,0.0033535506323910847
S2_AAA_MLE_mult_n1e-4,y2,5,2,-3.406199105298277,-3.2111474278252365,0.19505167747304064,0.05726373339997697
S2_AAA_MLE_mult_n1e-4,y2,5,3,5.518095865980215,2.782824304031896,2.7352715619483194,0.49569120007711853
S2_AAA_MLE_mult_n1e-4,y2,5,4,-28.093386529210164,-2.325427925178797,25.767958604031367,0.9172250763445365
S2_AAA_MLE_mult_n1e-4,y2,5,5,195.97924063493485,1.8617603886627538,194.1174802462721,0.990500216336021
S2_AAA_MLE_mult_n1e-4,y2,5,6,-1426.345680004148,-1.1887901144319917,1425.156889889716,0.9991665483822767
S2_AAA_MLE_mult_n1e-4,y2,5,7,11559.968838861845,-0.08005481856554596,11560.04889368041,1.0000069251759829
S2_AAA_MLE_mult_n1e-4,y2,6,0,0.6268642613749901,0.6266506700023854,0.0002135913726046823,0.0003407298609370107
S2_AAA_MLE_mult_n1e-4,y2,6,1,1.9269348761029055,1.9264280883122715,0.0005067877906339557,0.00026300203339455847
S2_AAA_MLE_mult_n1e-4,y2,6,2,-3.179157711795061,-3.0855678317494886,0.09358988004557256,0.029438577299371698
S2_AAA_MLE_mult_n1e-4,y2,6,3,4.412000795814871,2.677805066231823,1.734195729583048,0.3930633310918866
S2_AAA_MLE_mult_n1e-4,y2,6,4,-20.417346888100216,-2.241045498258777,18.176301389841438,0.8902381631393587
S2_AAA_MLE_mult_n1e-4,y2,6,5,141.10899917584,1.807033329422772,139.30196584641723,0.9871940603364993
S2_AAA_MLE_mult_n1e-4,y2,6,6,-988.5146132810431,-1.1897689058340173,987.3248443752091,0.9987964073673277
S2_AAA_MLE_mult_n1e-4,y2,6,7,7740.692120553393,0.03436895850099484,7740.657751594892,0.9999955599631188
S2_AAA_MLE_mult_n1e-4,y2,7,0,0.7507602266383622,0.7506523036521122,0.00010792298624995311,0.00014375160326912087
S2_AAA_MLE_mult_n1e-4,y2,7,1,1.7199974354949787,1.7226847137915855,0.0026872782966067543,0.001562373432163527
S2_AAA_MLE_mult_n1e-4,y2,7,2,-2.919747009403085,-2.908564745480601,0.011182263922484115,0.003829874261869772
S2_AAA_MLE_mult_n1e-4,y2,7,3,3.3042235323351137,2.5295295410610246,0.7746939912740891,0.23445568488116433
S2_AAA_MLE_mult_n1e-4,y2,7,4,-12.75469397606379,-2.120914188088302,10.633779787975488,0.833715007818413
S2_AAA_MLE_mult_n1e-4,y2,7,5,88.75908929094645,1.7263259150553631,87.03276337589108,0.9805504323123845
S2_AAA_MLE_mult_n1e-4,y2,7,6,-589.4726539845561,-1.1820334640216446,588.2906205205345,0.9979947611546836
S2_AAA_MLE_mult_n1e-4,y2,7,7,4341.052886482184,-0.04202154256259571,4341.0949080247465,1.0000096800346971
S2_AAA_MLE_mult_n1e-4,y2,8,0,0.9028733245920112,0.9029929743577393,0.0001196497657280915,0.0001325210995486644
S2_AAA_MLE_mult_n1e-4,y2,8,1,1.4533251200619346,1.4548118580726772,0.0014867380107426165,0.001022990651038398
S2_AAA_MLE_mult_n1e-4,y2,8,2,-2.6500533482610895,-2.6752526956534233,0.02519934739233376,0.00950899626562954
S2_AAA_MLE_mult_n1e-4,y2,8,3,2.4150642102205233,2.333703078422505,0.08136113179801852,0.033689013920913224
S2_AAA_MLE_mult_n1e-4,y2,8,4,-6.419209461259524,-1.9606031842085332,4.4586062770509916,0.6945724865279845
S2_AAA_MLE_mult_n1e-4,y2,8,5,47.795374032670814,1.6138859862920254,46.18148804637879,0.9662334270009302
S2_AAA_MLE_mult_n1e-4,y2,8,6,-301.0377700132649,-1.1576029764423164,299.88016703682257,0.9961546254598175
S2_AAA_MLE_mult_n1e-4,y2,8,7,1993.7836190587034,0.3312913886954858,1993.452327670008,0.9998338378420162
S2_AAA_MLE_mult_n1e-4,y2,9,0,1.066462469187783,1.0665775365931276,0.00011506740534450444,0.0001078963476625105
S2_AAA_MLE_mult_n1e-4,y2,9,1,1.1352924529413282,1.1340209115917081,0.0012715413496200423,0.0011200121575068336
S2_AAA_MLE_mult_n1e-4,y2,9,2,-2.3822171215858576,-2.394844370208442,0.012627248622584464,0.0053006287748357805
S2_AAA_MLE_mult_n1e-4,y2,9,3,1.9012228627531698,2.0979187572031064,0.19669589444993663,0.10345756844365966
S2_AAA_MLE_mult_n1e-4,y2,9,4,-2.241856414764967,-1.7653386595083305,0.47651775525663664,0.21255498439519555
S2_AAA_MLE_mult_n1e-4,y2,9,5,21.531962603960263,1.4703246585058323,20.061637945454432,0.9317143223054176
S2_AAA_MLE_mult_n1e-4,y2,9,6,-138.79415908370615,-1.1062740628796437,137.6878850208265,0.9920293903563158
S2_AAA_MLE_mult_n1e-4,y2,9,7,779.3557529906057,0.4680916415917982,778.8876613490138,0.9993993864293736
S2_AAA_MLE_mult_n1e-4,y2,10,0,1.2214493003079585,1.2213290028764427,0.000120297431515759,9.84874537857846e-5
S2_AAA_MLE_mult_n1e-4,y2,10,1,0.7704508653155415,0.7696074065729629,0.0008434587425786289,0.0010947599393417342
S2_AAA_MLE_mult_n1e-4,y2,10,2,-2.0894309319513917,-2.074696503761849,0.014734428189542736,0.007051885737989791
S2_AAA_MLE_mult_n1e-4,y2,10,3,1.7403204422475747,1.8284037972777378,0.08808335503016318,0.050613296776774064
S2_AAA_MLE_mult_n1e-4,y2,10,4,-0.13580762259889137,-1.5395807074516359,1.4037730848527445,10.336482282727212
S2_AAA_MLE_mult_n1e-4,y2,10,5,6.356254480089873,1.2963841121646607,5.059870367925212,0.7960459078179748
S2_AAA_MLE_mult_n1e-4,y2,10,6,-59.981640992675686,-1.0210488971213223,58.96059209555436,0.982977309719719
S2_AAA_MLE_mult_n1e-4,y2,10,7,289.59431935639674,0.5627251625607529,289.031594193836,0.9980568501350048
S2_AAA_MLE_mult_n1e-4,y2,11,0,1.337356440626791,1.3373830652163923,2.662458960123182e-5,1.990837206328735e-5
S2_AAA_MLE_mult_n1e-4,y2,11,1,0.3816898257688914,0.3834819189636226,0.0017920931947312257,0.00469515578813546
S2_AAA_MLE_mult_n1e-4,y2,11,2,-1.7330183795333016,-1.7330022967213479,1.6082811953754828e-5,9.280231614211672e-6
S2_AAA_MLE_mult_n1e-4,y2,11,3,1.777320200906437,1.5407651681195096,0.23655503278692747,0.13309646324071706
S2_AAA_MLE_mult_n1e-4,y2,11,4,0.2430034563852474,-1.2962818612110996,1.539285317596347,6.3344173802862676
S2_AAA_MLE_mult_n1e-4,y2,11,5,-1.322989561881862,1.1007629306173476,2.4237524924992098,1.832026920190956
S2_AAA_MLE_mult_n1e-4,y2,11,6,-20.72789748606609,-0.901971741557675,19.825925744508417,0.9564851311058439
S2_AAA_MLE_mult_n1e-4,y2,11,7,130.62363766647525,0.5965374334431667,130.0271002330321,0.9954331586219769
S2_AAA_MLE_mult_n1e-4,y2,12,0,1.3832668761325912,1.382912507642365,0.0003543684902262978,0.00025618230027820766
S2_AAA_MLE_mult_n1e-4,y2,12,1,0.005982638418968733,-0.0029748846855874003,0.008957523104556133,1.4972529638687742
S2_AAA_MLE_mult_n1e-4,y2,12,2,-1.2893229094558878,-1.3872612590205269,0.0979383495646391,0.07596107138588769
S2_AAA_MLE_mult_n1e-4,y2,12,3,1.761677716197125,1.250239170206347,0.5114385459907782,0.29031334238296636
S2_AAA_MLE_mult_n1e-4,y2,12,4,-0.44842023179387996,-1.0489381344834716,0.6005179026895917,1.3391855677145823
S2_AAA_MLE_mult_n1e-4,y2,12,5,-3.321117819838993,0.8784045231989528,4.199522343037946,1.2644906235941782
S2_AAA_MLE_mult_n1e-4,y2,12,6,1.5267295949678727,-4.488370499534022,6.015100094501895,3.939859497272974
S2_AAA_MLE_mult_n1e-4,y2,12,7,53.91987755379969,5449.6885683673145,5395.768690813515,100.07012136534942
S3_High_mult_n1e-4,y2,1,0,0.431,0.43102508269673456,2.5082696734568533e-5,5.819651214517061e-5
S3_High_mult_n1e-4,y2,1,1,2.248622187277166,2.2460873012660656,0.0025348860111003013,0.0011273063235979937
S3_High_mult_n1e-4,y2,1,2,-3.707385445178789,-3.5066346636357366,0.20075078154305226,0.05414888322553984
S3_High_mult_n1e-4,y2,1,3,7.12142585358161,-7.301450912103604,14.422876765685213,2.0252793558794764
S3_High_mult_n1e-4,y2,1,4,-39.381152448047224,1138.390574946395,1177.7717273944422,29.90698987156847
S3_High_mult_n1e-4,y2,1,5,279.8523918232859,-116338.26760312286,116618.11999494614,416.71296512836375
S3_High_mult_n1e-4,y2,1,6,-2116.9272301064316,1.3808547154141286e7,1.3810664081371393e7,6523.920088021657
S3_High_mult_n1e-4,y2,1,7,17646.87811230215,-1.907699494805233e9,1.9077171416833453e9,108105.07839080162
S3_High_mult_n1e-4,y2,2,0,0.432498257946104,0.43252169462744233,2.3436681338306897e-5,5.4189076852252825e-5
S3_High_mult_n1e-4,y2,2,1,2.246152177577012,2.243747977552997,0.0024042000240149797,0.0010703638195202153
S3_High_mult_n1e-4,y2,2,2,-3.7026465655078127,-3.511254955855417,0.19139160965239554,0.05169048848337661
S3_High_mult_n1e-4,y2,2,3,7.095233836975444,-6.567710341754455,13.662944178729898,1.9256510063879921
S3_High_mult_n1e-4,y2,2,4,-39.19505374493416,1063.7970965630427,1102.9921503079768,28.141105698841788
S3_High_mult_n1e-4,y2,2,5,278.4450208550232,-107664.91035369184,107943.35537454687,387.664879203386
S3_High_mult_n1e-4,y2,2,6,-2105.197172910768,1.2459411804463482e7,1.2461517001636392e7,5919.406106937895
S3_High_mult_n1e-4,y2,2,7,17543.39401693206,-6.015447440938517e8,6.015622874878687e8,34289.960477845336
S3_High_mult_n1e-4,y2,3,0,0.4444252544483964,0.44443827896257604,1.302451417961592e-5,2.9306422281923307e-5
S3_High_mult_n1e-4,y2,3,1,2.2265046575259575,2.224951552895607,0.0015531046303505214,0.0006975528324635515
S3_High_mult_n1e-4,y2,3,2,-3.665355789295825,-3.5335015452813425,0.13185424401448254,0.035973109186165496
S3_High_mult_n1e-4,y2,3,3,6.8901010154968905,-2.1545511178788073,9.044652133375697,1.312702399142319
S3_High_mult_n1e-4,y2,3,4,-37.73951581879398,633.6104540239344,671.3499698427283,17.78904565353224
S3_High_mult_n1e-4,y2,3,5,267.4629406174473,-59311.276430234495,59578.739370851945,222.755119768415
S3_High_mult_n1e-4,y2,3,6,-2013.79975312934,6.308015907560152e6,6.3100297073132815e6,3133.394816196508
S3_High_mult_n1e-4,y2,3,7,16736.926503527295,-7.793467695387859e8,7.793635064652895e8,46565.50928278494
S3_High_mult_n1e-4,y2,4,0,0.47524020662890437,0.4752411334734082,9.268445038124185e-7,1.9502653413669467e-6
S3_High_mult_n1e-4,y2,4,1,2.1758480661021884,2.1754881397920802,0.0003599263101081718,0.0001654188615995341
S3_High_mult_n1e-4,y2,4,2,-3.572473677838202,-3.521220723568296,0.05125295426990606,0.014346628944491083
S3_High_mult_n1e-4,y2,4,3,6.387064326104807,2.8992638269199453,3.4878004991848615,0.5460725493134213
S3_High_mult_n1e-4,y2,4,4,-34.18496337262705,185.94117688307927,220.12614025570633,6.439267986227186
S3_High_mult_n1e-4,y2,4,5,240.8444491942793,-15584.888792680713,15825.733241874992,65.70935429410302
S3_High_mult_n1e-4,y2,4,6,-1793.3793007617383,1.3437105098588013e6,1.345503889159563e6,750.261748079762
S3_High_mult_n1e-4,y2,4,7,14791.86648975519,-1.332626134367846e8,1.3327740530327435e8,9010.181737077059
S3_High_mult_n1e-4,y2,5,0,0.5347860688176563,0.5347882610150173,2.1921973609728695e-6,4.099204315137711e-6
S3_High_mult_n1e-4,y2,5,1,2.078203381494844,2.078443052676338,0.00023967118149403888,0.00011532614354695366
S3_High_mult_n1e-4,y2,5,2,-3.406199105298277,-3.402205146457371,0.003993958840906142,0.0011725558951306211
S3_High_mult_n1e-4,y2,5,3,5.518095865980215,4.846591153096875,0.6715047128833405,0.12169138217102299
S3_High_mult_n1e-4,y2,5,4,-28.093386529210164,10.860371167330765,38.95375769654093,1.386581060849986
S3_High_mult_n1e-4,y2,5,5,195.97924063493485,-1922.6587602627621,2118.638000897697,10.810522553479233
S3_High_mult_n1e-4,y2,5,6,-1426.345680004148,128576.60553768356,130002.9512176877,91.14407050141564
S3_High_mult_n1e-4,y2,5,7,11559.968838861845,-9.218301602787677e6,9.229861571626538e6,798.4330840579739
S3_High_mult_n1e-4,y2,6,0,0.6268642613749901,0.6268756076956301,1.134632064003771e-5,1.81001236458276e-5
S3_High_mult_n1e-4,y2,6,1,1.9269348761029055,1.9270285575442987,9.368144139321188e-5,4.861681759721751e-5
S3_High_mult_n1e-4,y2,6,2,-3.179157711795061,-3.1846676010460713,0.005509889251010147,0.0017331286304444063
S3_High_mult_n1e-4,y2,6,3,4.412000795814871,4.4268505395376945,0.01484974372282366,0.0033657617960789602
S3_High_mult_n1e-4,y2,6,4,-20.417346888100216,-16.593790305368316,3.8235565827319,0.18727000151818807
S3_High_mult_n1e-4,y2,6,5,141.10899917584,-57.610236981220794,198.7192361570608,1.4082676322396066
S3_High_mult_n1e-4,y2,6,6,-988.5146132810431,7859.9466876834795,8848.461300964522,8.951270099685242
S3_High_mult_n1e-4,y2,6,7,7740.692120553393,-424004.42017919687,431745.11229975027,55.776034697642025
S3_High_mult_n1e-4,y2,7,0,0.7507602266383622,0.7507678047145734,7.5780762112120925e-6,1.0093870109694048e-5
S3_High_mult_n1e-4,y2,7,1,1.7199974354949787,1.719842852719494,0.0001545827754847462,8.98738406782918e-5
S3_High_mult_n1e-4,y2,7,2,-2.919747009403085,-2.921132955074308,0.0013859456712230767,0.00047468005507313464
S3_High_mult_n1e-4,y2,7,3,3.3042235323351137,3.366908328826393,0.06268479649127912,0.018971112540615377
S3_High_mult_n1e-4,y2,7,4,-12.75469397606379,-13.296276068787513,0.5415820927237238,0.04246139450621777
S3_High_mult_n1e-4,y2,7,5,88.75908929094645,79.21094125557529,9.548148035371156,0.10757374947903033
S3_High_mult_n1e-4,y2,7,6,-589.4726539845561,-48.99321969864959,540.4794342859066,0.9168863570388235
S3_High_mult_n1e-4,y2,7,7,4341.052886482184,-15245.894068218211,19586.946954700394,4.512026797852001
S3_High_mult_n1e-4,y2,8,0,0.9028733245920112,0.9028667413355927,6.5832564184464815e-6,7.2914507928576935e-6
S3_High_mult_n1e-4,y2,8,1,1.4533251200619346,1.4532354584657017,8.966159623291503e-5,6.169410752983753e-5
S3_High_mult_n1e-4,y2,8,2,-2.6500533482610895,-2.6482339877617433,0.0018193604993461676,0.0006865373108582869
S3_High_mult_n1e-4,y2,8,3,2.4150642102205233,2.4219881185305336,0.006923908310010329,0.0028669665513274684
S3_High_mult_n1e-4,y2,8,4,-6.419209461259524,-6.849679688141734,0.4304702268822096,0.06705969473034555
S3_High_mult_n1e-4,y2,8,5,47.795374032670814,52.28523204470219,4.489858012031377,0.09393917513779278
S3_High_mult_n1e-4,y2,8,6,-301.0377700132649,-300.7973793297395,0.2403906835253906,0.0007985399423959262
S3_High_mult_n1e-4,y2,8,7,1993.7836190587034,1142.7185386662595,851.0650803924439,0.42685930020542806
S3_High_mult_n1e-4,y2,9,0,1.066462469187783,1.0664580151894225,4.45399836057625e-6,4.176422977142751e-6
S3_High_mult_n1e-4,y2,9,1,1.1352924529413282,1.1353881498173986,9.569687607036137e-5,8.429270873987478e-5
S3_High_mult_n1e-4,y2,9,2,-2.3822171215858576,-2.381585617882113,0.0006315037037447624,0.0002650907417390931
S3_High_mult_n1e-4,y2,9,3,1.9012228627531698,1.884886690510668,0.016336172242501723,0.008592455183736449
S3_High_mult_n1e-4,y2,9,4,-2.241856414764967,-2.2338096038534827,0.008046810911484403,0.0035893516009712955
S3_High_mult_n1e-4,y2,9,5,21.531962603960263,23.602133218193522,2.070170614233259,0.0961440743842135
S3_High_mult_n1e-4,y2,9,6,-138.79415908370615,-160.80389274619537,22.009733662489225,0.1585782413884957
S3_High_mult_n1e-4,y2,9,7,779.3557529906057,846.7480532601483,67.3923002695426,0.08647180701616627
S3_High_mult_n1e-4,y2,10,0,1.2214493003079585,1.2214587495835463,9.449275587769534e-6,7.736117729476885e-6
S3_High_mult_n1e-4,y2,10,1,0.7704508653155415,0.770479860445678,2.899513013643329e-5,3.7633976988990994e-5
S3_High_mult_n1e-4,y2,10,2,-2.0894309319513917,-2.090429494131315,0.0009985621799231126,0.0004779110736101341
S3_High_mult_n1e-4,y2,10,3,1.7403204422475747,1.7394250750964142,0.0008953671511604533,0.0005144840739812904
S3_High_mult_n1e-4,y2,10,4,-0.13580762259889137,-0.020829214248247893,0.11497840835064348,0.8466270607669268
S3_High_mult_n1e-4,y2,10,5,6.356254480089873,6.00079040496577,0.35546407512410294,0.05592351222524951
S3_High_mult_n1e-4,y2,10,6,-59.981640992675686,-67.54886464172063,7.567223649044941,0.12615899671649478
S3_High_mult_n1e-4,y2,10,7,289.59431935639674,369.6867862658914,80.09246690949465,0.27656781074813414
S3_High_mult_n1e-4,y2,11,0,1.337356440626791,1.337356513705799,7.307900795616717e-8,5.464437582692358e-8
S3_High_mult_n1e-4,y2,11,1,0.3816898257688914,0.38161820428449106,7.162148440031935e-5,0.0001876431583054176
S3_High_mult_n1e-4,y2,11,2,-1.7330183795333016,-1.7326544492295715,0.00036393030373016444,0.00020999794810495323
S3_High_mult_n1e-4,y2,11,3,1.777320200906437,1.7867540962735027,0.009433895367065626,0.005307932336702368
S3_High_mult_n1e-4,y2,11,4,0.2430034563852474,0.22196084703547136,0.02104260934977603,0.08659386851031439
S3_High_mult_n1e-4,y2,11,5,-1.322989561881862,-1.9312335472923368,0.6082439854104749,0.4597496480208729
S3_High_mult_n1e-4,y2,11,6,-20.72789748606609,-16.745532730057054,3.982364756009037,0.19212584193288784
S3_High_mult_n1e-4,y2,11,7,130.62363766647525,195.66027335616863,65.03663568969338,0.49789331281489135
S3_High_mult_n1e-4,y2,12,0,1.3832668761325912,1.3832471626214669,1.9713511124397343e-5,1.4251415590542724e-5
S3_High_mult_n1e-4,y2,12,1,0.005982638418968733,0.012578364566309588,0.0065957261473408545,1.1024778175509065
S3_High_mult_n1e-4,y2,12,2,-1.2893229094558878,-4.3364782757603555,3.0471553663044677,2.3633764233588384
S3_High_mult_n1e-4,y2,12,3,1.761677716197125,2162.4295945487356,2160.6679168325386,1226.483083124137
S3_High_mult_n1e-4,y2,12,4,-0.44842023179387996,-2.0405634938498887e6,2.040563045429657e6,4.550559722219711e6
S3_High_mult_n1e-4,y2,12,5,-3.321117819838993,2.40664966858965e9,2.406649671910768e9,7.246504949431279e8
S3_High_mult_n1e-4,y2,12,6,1.5267295949678727,-3.402698766714886e12,3.402698766716413e12,2.2287501191643677e12
S3_High_mult_n1e-4,y2,12,7,53.91987755379969,5.606842927343462e15,5.606842927343408e15,1.039847117929573e14
S4_Altern_mult_n1e-4,y2,1,0,0.431,0.431025084332,2.5084331999991605e-5,5.820030626448168e-5
S4_Altern_mult_n1e-4,y2,1,1,2.248622187277166,2.2460871710938335,0.002535016183332406,0.0011273642133728262
S4_Altern_mult_n1e-4,y2,1,2,-3.707385445178789,-3.5066277137278234,0.20075773145096543,0.054150757837180825
S4_Altern_mult_n1e-4,y2,1,3,7.12142585358161,-7.30187972529788,14.42330557887949,2.0253395703931276
S4_Altern_mult_n1e-4,y2,1,4,-39.381152448047224,1138.4245341657938,1177.805686613841,29.907852193194117
S4_Altern_mult_n1e-4,y2,1,5,279.8523918232859,-116341.61887415196,116621.47126597524,416.7249402664259
S4_Altern_mult_n1e-4,y2,1,6,-2116.9272301064316,1.3808943944886144e7,1.381106087211625e7,6524.107525142411
S4_Altern_mult_n1e-4,y2,1,7,17646.87811230215,-1.9077543042314007e9,1.907771951109513e9,108108.1842900898
S4_Altern_mult_n1e-4,y2,2,0,0.432498257946104,0.43252169617744984,2.3438231345818128e-5,5.4192660699084004e-5
S4_Altern_mult_n1e-4,y2,2,1,2.246152177577012,2.2437478519204777,0.0024043256565344784,0.0010704197518478433
S4_Altern_mult_n1e-4,y2,2,2,-3.7026465655078127,-3.5112482844350192,0.19139828107279344,0.05169229028116634
S4_Altern_mult_n1e-4,y2,2,3,7.095233836975444,-6.568117725855585,13.663351562831028,1.925708422973617
S4_Altern_mult_n1e-4,y2,2,4,-39.19505374493416,1063.8300687433803,1103.0251224883143,28.141946932038
S4_Altern_mult_n1e-4,y2,2,5,278.4450208550232,-107656.95789433847,107935.4029151935,387.63631895357815
S4_Altern_mult_n1e-4,y2,2,6,-2105.197172910768,1.2205183979687918e7,1.2207289176860828e7,5798.644105142094
S4_Altern_mult_n1e-4,y2,2,7,17543.39401693206,-7.662299721432582e9,7.662317264826599e9,436763.67625507875
S4_Altern_mult_n1e-4,y2,3,0,0.4444252544483964,0.44443827992810897,1.3025479712547305e-5,2.9308594824823875e-5
S4_Altern_mult_n1e-4,y2,3,1,2.2265046575259575,2.224951457768364,0.001553199757593493,0.0006975955573878628
S4_Altern_mult_n1e-4,y2,3,2,-3.665355789295825,-3.533496659266714,0.13185913002911098,0.035974442212182434
S4_Altern_mult_n1e-4,y2,3,3,6.8901010154968905,-2.154824693990318,9.04492570948721,1.3127421048173007
S4_Altern_mult_n1e-4,y2,3,4,-37.73951581879398,633.6298593408557,671.3693751596496,17.789559844467135
S4_Altern_mult_n1e-4,y2,3,5,267.4629406174473,-59312.98861373615,59580.451554353596,222.76152134127477
S4_Altern_mult_n1e-4,y2,3,6,-2013.79975312934,6.308197132623539e6,6.310210932376669e6,3133.4848077972647
S4_Altern_mult_n1e-4,y2,3,7,16736.926503527295,-7.793707511046335e8,7.79387488031137e8,46566.942136412064
S4_Altern_mult_n1e-4,y2,4,0,0.47524020662890437,0.47524113348577673,9.268568723630466e-7,1.9502913672596545e-6
S4_Altern_mult_n1e-4,y2,4,1,2.1758480661021884,2.175488093021543,0.0003599730806453927,0.00016544035691345307
S4_Altern_mult_n1e-4,y2,4,2,-3.572473677838202,-3.5212183342985295,0.05125534353967254,0.014347297744314941
S4_Altern_mult_n1e-4,y2,4,3,6.387064326104807,2.8991514595083334,3.4879128665964734,0.5460901422803738
S4_Altern_mult_n1e-4,y2,4,4,-34.18496337262705,185.94760781173824,220.1325711843653,6.4394561077877945
S4_Altern_mult_n1e-4,y2,4,5,240.8444491942793,-15585.34416362089,15826.18861281517,65.71124502042741
S4_Altern_mult_n1e-4,y2,4,6,-1793.3793007617383,1.3437491712538553e6,1.345542550554617e6,750.2833059259118
S4_Altern_mult_n1e-4,y2,4,7,14791.86648975519,-1.3326644246119115e8,1.332812343276809e8,9010.440597201925
S4_Altern_mult_n1e-4,y2,5,0,0.5347860688176563,0.5347882603612144,2.191543558072162e-6,4.097981764778175e-6
S4_Altern_mult_n1e-4,y2,5,1,2.078203381494844,2.0784430444072064,0.0002396629123624372,0.00011532216456603423
S4_Altern_mult_n1e-4,y2,5,2,-3.406199105298277,-3.402204416108398,0.003994689189878997,0.001172770312711707
S4_Altern_mult_n1e-4,y2,5,3,5.518095865980215,4.8465624285035975,0.6715334374766178,0.12169658769734493
S4_Altern_mult_n1e-4,y2,5,4,-28.093386529210164,10.861579179631828,38.954965708841996,1.3866240607318197
S4_Altern_mult_n1e-4,y2,5,5,195.97924063493485,-1922.7202179554968,2118.6994585904317,10.810836146350272
S4_Altern_mult_n1e-4,y2,5,6,-1426.345680004148,128580.34426307719,130006.68994308134,91.14669169307068
S4_Altern_mult_n1e-4,y2,5,7,11559.968838861845,-9.21856699461021e6,9.230126963449072e6,798.4560418899744
S4_Altern_mult_n1e-4,y2,6,0,0.6268642613749901,0.6268756071216047,1.1345746614654928e-5,1.809920793660927e-5
S4_Altern_mult_n1e-4,y2,6,1,1.9269348761029055,1.9270285647568213,9.368865391579106e-5,4.862056059998768e-5
S4_Altern_mult_n1e-4,y2,6,2,-3.179157711795061,-3.184667492542735,0.0055097807476740535,0.0017330945008585444
S4_Altern_mult_n1e-4,y2,6,3,4.412000795814871,4.426845051063937,0.014844255249066407,0.0033645178085977114
S4_Altern_mult_n1e-4,y2,6,4,-20.417346888100216,-16.593615423618147,3.8237314644820692,0.18727856686955952
S4_Altern_mult_n1e-4,y2,6,5,141.10899917584,-57.61640525788305,198.72540443372307,1.4083113450906528
S4_Altern_mult_n1e-4,y2,6,6,-988.5146132810431,7860.203327140905,8848.717940421948,8.951529720993797
S4_Altern_mult_n1e-4,y2,6,7,7740.692120553393,-424016.90635953133,431757.59848008474,55.77764775499401
S4_Altern_mult_n1e-4,y2,7,0,0.7507602266383622,0.7507678046992798,7.578060917667884e-6,1.0093849738950278e-5
S4_Altern_mult_n1e-4,y2,7,1,1.7199974354949787,1.719842860293214,0.00015457520176465067,8.986943734608954e-5
S4_Altern_mult_n1e-4,y2,7,2,-2.919747009403085,-2.9211330020166666,0.0013859926135815215,0.00047469613261625525
S4_Altern_mult_n1e-4,y2,7,3,3.3042235323351137,3.366907689965559,0.0626841576304451,0.018970919193879675
S4_Altern_mult_n1e-4,y2,7,4,-12.75469397606379,-13.296252933634209,0.5415589575704196,0.0424595806521694
S4_Altern_mult_n1e-4,y2,7,5,88.75908929094645,79.21034946508091,9.548739825865539,0.10758041685810225
S4_Altern_mult_n1e-4,y2,7,6,-589.4726539845561,-48.97084824557824,540.5018057389779,0.9169243086773262
S4_Altern_mult_n1e-4,y2,7,7,4341.052886482184,-15244.109601068945,19585.16248755113,4.511615730031377
S4_Altern_mult_n1e-4,y2,8,0,0.9028733245920112,0.9028667417908315,6.582801179710884e-6,7.290946581776031e-6
S4_Altern_mult_n1e-4,y2,8,1,1.4533251200619346,1.4532354606400624,8.965942187222353e-5,6.169261140164056e-5
S4_Altern_mult_n1e-4,y2,8,2,-2.6500533482610895,-2.6482340409203293,0.00181930734076019,0.0006865172514183467
S4_Altern_mult_n1e-4,y2,8,3,2.4150642102205233,2.421988323303162,0.006924113082638517,0.0028670513410516173
S4_Altern_mult_n1e-4,y2,8,4,-6.419209461259524,-6.849677572648474,0.4304681113889499,0.06705936517368091
S4_Altern_mult_n1e-4,y2,8,5,47.795374032670814,52.28517447572949,4.489800443058677,0.09393797064941152
S4_Altern_mult_n1e-4,y2,8,6,-301.0377700132649,-300.7961493157216,0.24162069754328286,0.0008026258549969864
S4_Altern_mult_n1e-4,y2,8,7,1993.7836190587034,1142.689931684492,851.0936873742114,0.4268736482929006
S4_Altern_mult_n1e-4,y2,9,0,1.066462469187783,1.0664580155749932,4.45361278988976e-6,4.176061435412376e-6
S4_Altern_mult_n1e-4,y2,9,1,1.1352924529413282,1.135388147223154,9.569428182576445e-5,8.429042365060972e-5
S4_Altern_mult_n1e-4,y2,9,2,-2.3822171215858576,-2.3815856394208517,0.0006314821650059699,0.00026508170027154704
S4_Altern_mult_n1e-4,y2,9,3,1.9012228627531698,1.8848869356748645,0.016335927078305224,0.008592326232943091
S4_Altern_mult_n1e-4,y2,9,4,-2.241856414764967,-2.233810074092868,0.008046340672099195,0.00358914184650972
S4_Altern_mult_n1e-4,y2,9,5,21.531962603960263,23.602129040050603,2.0701664360903393,0.09614388034045648
S4_Altern_mult_n1e-4,y2,9,6,-138.79415908370615,-160.80379753833657,22.00963845463042,0.15857755542404708
S4_Altern_mult_n1e-4,y2,9,7,779.3557529906057,846.7463298556656,67.39057686505998,0.08646959569678356
S4_Altern_mult_n1e-4,y2,10,0,1.2214493003079585,1.2214587494198912,9.449111932680054e-6,7.735983745127769e-6
S4_Altern_mult_n1e-4,y2,10,1,0.7704508653155415,0.770479857199229,2.8991883687434772e-5,3.762976328874784e-5
S4_Altern_mult_n1e-4,y2,10,2,-2.0894309319513917,-2.090429483197827,0.0009985512464352198,0.0004779058408514314
S4_Altern_mult_n1e-4,y2,10,3,1.7403204422475747,1.7394252259927319,0.00089521625484279,0.0005143973679276235
S4_Altern_mult_n1e-4,y2,10,4,-0.13580762259889137,-0.020829762800170386,0.11497785979872098,0.8466230215833229
S4_Altern_mult_n1e-4,y2,10,5,6.356254480089873,6.000792898491738,0.355461581598135,0.05592311993038848
S4_Altern_mult_n1e-4,y2,10,6,-59.981640992675686,-67.54881098080574,7.567169988130054,0.12615810209417372
S4_Altern_mult_n1e-4,y2,10,7,289.59431935639674,369.7169133633127,80.12259400691596,0.2766718428213055
S4_Altern_mult_n1e-4,y2,11,0,1.337356440626791,1.3373565132820908,7.265529977651397e-8,5.4327550658418295e-8
S4_Altern_mult_n1e-4,y2,11,1,0.3816898257688914,0.38161820565943677,7.16201094546065e-5,0.00018763955604614839
S4_Altern_mult_n1e-4,y2,11,2,-1.7330183795333016,-1.7326544179049155,0.00036396162838614465,0.00021001602330620337
S4_Altern_mult_n1e-4,y2,11,3,1.777320200906437,1.7867541526037272,0.00943395169729011,0.00530796403061124
S4_Altern_mult_n1e-4,y2,11,4,0.2430034563852474,0.2219604728403442,0.021042983544903193,0.08659540838605413
S4_Altern_mult_n1e-4,y2,11,5,-1.322989561881862,-1.9312329202022027,0.6082433583203408,0.4597491740261022
S4_Altern_mult_n1e-4,y2,11,6,-20.72789748606609,-16.74554314576217,3.982354340303921,0.19212533943594512
S4_Altern_mult_n1e-4,y2,11,7,130.62363766647525,195.65989994747764,65.0362622810024,0.49789045415395017
S4_Altern_mult_n1e-4,y2,12,0,1.3832668761325912,1.3832471637761268,1.9712356464474112e-5,1.4250580856520567e-5
S4_Altern_mult_n1e-4,y2,12,1,0.005982638418968733,0.01257832908321835,0.006595690664249617,1.1024718865404135
S4_Altern_mult_n1e-4,y2,12,2,-1.2893229094558878,-4.3364532332262185,3.0471303237703307,2.3633570003469977
S4_Altern_mult_n1e-4,y2,12,3,1.761677716197125,2162.409308324112,2160.647630607915,1226.4715678370687
S4_Altern_mult_n1e-4,y2,12,4,-0.44842023179387996,-2.0405417692836616e6,2.04054132086343e6,4.55051127532841e6
S4_Altern_mult_n1e-4,y2,12,5,-3.321117819838993,2.406620826977115e9,2.406620830298233e9,7.246418106343802e8
S4_Altern_mult_n1e-4,y2,12,6,1.5267295949678727,-3.4026531364467974e12,3.402653136448324e12,2.2287202315744243e12
S4_Altern_mult_n1e-4,y2,12,7,53.91987755379969,5.606759200534163e15,5.606759200534109e15,1.039831589925227e14
