interpolator,observable,eval_point,deriv_order,ground_truth,estimated,abs_error,rel_error
PureAAA_mult_n0,y1,1,0,2.224,2.224,0.0,0.0
PureAAA_mult_n0,y1,1,1,-2.6825245441795227,-2.682524544188768,9.245493259868454e-12,3.4465642746602645e-12
PureAAA_mult_n0,y1,1,2,1.974023656000974,1.974023657352278,1.3513039576196206e-9,6.845429402589459e-10
PureAAA_mult_n0,y1,1,3,0.40407047173108757,0.40407036115996764,1.1057111992673896e-7,2.7364315796954596e-7
PureAAA_mult_n0,y1,1,4,-1.7767526642491018,-1.7767463935729007,6.270676201181047e-6,3.5292904450666376e-6
PureAAA_mult_n0,y1,1,5,-3.4332576302201,-3.433524957272474,0.00026732705237408894,7.786396512193904e-5
PureAAA_mult_n0,y1,1,6,3.390528178239735,3.39945556916242,0.008927390922684797,0.002633038409761762
PureAAA_mult_n0,y1,1,7,36.42900139194968,36.19175553587979,0.23724585606989024,0.00651255447595987
PureAAA_mult_n0,y1,2,0,2.2222120889957435,2.2222120889957377,5.773159728050814e-15,2.5979337240757277e-15
PureAAA_mult_n0,y1,2,1,-2.681208438703187,-2.6812084387110557,7.86881670933326e-12,2.9348023062090427e-12
PureAAA_mult_n0,y1,2,2,1.974292641312021,1.9742926426814051,1.3693841616202462e-9,6.936074890651564e-10
PureAAA_mult_n0,y1,2,3,0.4028852071765154,0.40288931775675746,4.110580242078221e-6,1.0202857213065308e-5
PureAAA_mult_n0,y1,2,4,-1.7790407474191312,-1.7220173683702675,0.057023379048863676,0.03205287969462642
PureAAA_mult_n0,y1,2,5,-3.430989180079341,-132.93053658650194,129.4995474064226,37.744085046466964
PureAAA_mult_n0,y1,2,6,3.4148262710003263,-448500.3995289114,448503.8143551824,131340.1557683927
PureAAA_mult_n0,y1,2,7,36.46524394726358,2.3206618542516693e10,2.320661850605145e10,6.364037640777367e8
PureAAA_mult_n0,y1,3,0,2.2079403996111013,2.2079403996110663,3.5083047578154947e-14,1.5889490307045584e-14
PureAAA_mult_n0,y1,3,1,-2.6706731931232963,-2.6706731931261847,2.8883562208648073e-12,1.0815086729076482e-12
PureAAA_mult_n0,y1,3,2,1.9764159738715827,1.9764159746782883,8.067055912164278e-10,4.0816589315263413e-10
PureAAA_mult_n0,y1,3,3,0.39334828113793413,0.3933481982006839,8.293725023422738e-8,2.1084940296241957e-7
PureAAA_mult_n0,y1,3,4,-1.7972898661644552,-1.79728730836348,2.5578009752447173e-6,1.4231432688725092e-6
PureAAA_mult_n0,y1,3,5,-3.4122568008382865,-3.415766538308553,0.003509737470266394,0.0010285677998807593
PureAAA_mult_n0,y1,3,6,3.610067276653441,2.3582974053009997,1.2517698713524412,0.34674419489291103
PureAAA_mult_n0,y1,3,7,36.74798580066228,8481.138246316224,8444.390260515562,229.79192128574775
PureAAA_mult_n0,y1,4,0,2.170744840671981,2.170744840671951,2.9753977059954195e-14,1.3706805379642632e-14
PureAAA_mult_n0,y1,4,1,-2.6429656487634294,-2.6429656487609647,2.4646951146678475e-12,9.325490536818027e-13
PureAAA_mult_n0,y1,4,2,1.9817451608055974,1.98174516089927,9.367262521209341e-11,4.726774514943921e-11
PureAAA_mult_n0,y1,4,3,0.367853531897816,0.3678535038448779,2.8052938083611423e-8,7.626116280271055e-8
PureAAA_mult_n0,y1,4,4,-1.844690787881631,-1.8446883877197726,2.4001618583735507e-6,1.3011187967875095e-6
PureAAA_mult_n0,y1,4,5,-3.358091615611286,-3.358224779740407,0.0001331641291208996,3.9654704029466815e-5
PureAAA_mult_n0,y1,4,6,4.129400580326576,4.134030542008607,0.004629961682031336,0.001121218828730143
PureAAA_mult_n0,y1,4,7,37.42682706381732,36.96281228578012,0.46401477803720326,0.012397919205013059
PureAAA_mult_n0,y1,5,0,2.0975199447405894,2.0975199447406014,1.199040866595169e-14,5.716469440978118e-15
PureAAA_mult_n0,y1,5,1,-2.5873394201706326,-2.5873394201704683,1.6431300764452317e-13,6.35065528564037e-14
PureAAA_mult_n0,y1,5,2,1.9913097659252945,1.991309765812612,1.1268252997354011e-10,5.6587142744805624e-11
PureAAA_mult_n0,y1,5,3,0.3149018906759774,0.3149018947699337,4.093956285089462e-9,1.3000735804733525e-8
PureAAA_mult_n0,y1,5,4,-1.9369606143170268,-1.9369603448894586,2.6942756825576453e-7,1.390981139545601e-7
PureAAA_mult_n0,y1,5,5,-3.227645264861911,-3.2276826276644286,3.7362802517648674e-5,1.1575870162809597e-5
PureAAA_mult_n0,y1,5,6,5.193134860226937,5.19427534248273,0.0011404822557929961,0.00021961344861803908
PureAAA_mult_n0,y1,5,7,38.48421232298865,38.755267174559776,0.2710548515711295,0.007043273987167309
PureAAA_mult_n0,y1,6,0,1.9806138788647036,1.9806138788646805,2.3092638912203256e-14,1.1659334087591094e-14
PureAAA_mult_n0,y1,6,1,-2.4954380201337765,-2.49543802013394,1.6342482922482304e-13,6.548943628584376e-14
PureAAA_mult_n0,y1,6,2,2.0036946227858885,2.0036946227331227,5.276579173596474e-11,2.633424831105274e-11
PureAAA_mult_n0,y1,6,3,0.2224783237737739,0.22247836548371536,4.170994144514495e-8,1.874786753947208e-7
PureAAA_mult_n0,y1,6,4,-2.0793090433386614,-2.079330650548602,2.1607209940821548e-5,1.0391533673189693e-5
PureAAA_mult_n0,y1,6,5,-2.9476675262145076,-2.933853507602846,0.013814018611661538,0.004686423583667171
PureAAA_mult_n0,y1,6,6,6.985508026385962,-3.6895069273178587,10.67501495370382,1.5281658704537586
PureAAA_mult_n0,y1,6,7,39.22357530590552,9909.5686167496,9870.345041443696,251.64317542357267
PureAAA_mult_n0,y1,7,0,1.8155664073744118,1.8155664073744266,1.4876988529977098e-14,8.194130751455966e-15
PureAAA_mult_n0,y1,7,1,-2.358783918815806,-2.3587839188151927,6.132871988029365e-13,2.6000143290396376e-13
PureAAA_mult_n0,y1,7,2,2.013868010594221,2.0138680105754116,1.8809398483199402e-11,9.339936075378354e-12
PureAAA_mult_n0,y1,7,3,0.07467124207578402,0.0746712049651634,3.711062061817483e-8,4.969867861647617e-7
PureAAA_mult_n0,y1,7,4,-2.2615518372241565,-2.2615330632281685,1.8773995988041747e-5,8.301377699608721e-6
PureAAA_mult_n0,y1,7,5,-2.3825334577372157,-2.3923776215251524,0.009844163787936733,0.00413180505649063
PureAAA_mult_n0,y1,7,6,9.618194198596006,21.802006728243654,12.183812529647648,1.2667463640343373
PureAAA_mult_n0,y1,7,7,37.636830204883545,5549.379023677871,5511.742193472988,146.44544090107289
PureAAA_mult_n0,y1,8,0,1.5984059112979474,1.598405911297921,2.6423307986078726e-14,1.653103745382317e-14
PureAAA_mult_n0,y1,8,1,-2.1654497221785167,-2.1654497221788045,2.877698079828406e-13,1.3289147516818552e-13
PureAAA_mult_n0,y1,8,2,2.010300430415165,2.0103004304399072,2.474243032679624e-11,1.2307827204556914e-11
PureAAA_mult_n0,y1,8,3,-0.15186919854651781,-0.15186919830493276,2.4158505751437076e-10,1.5907442709021265e-9
PureAAA_mult_n0,y1,8,4,-2.440632759033328,-2.440632785850909,2.6817581044724648e-8,1.0987962423050653e-8
PureAAA_mult_n0,y1,8,5,-1.2958312570297512,-1.2958312795731752,2.2543424016419067e-8,1.7396882421320917e-8
PureAAA_mult_n0,y1,8,6,12.886801357193123,12.886828778553406,2.7421360282886553e-5,2.1278639689421896e-6
PureAAA_mult_n0,y1,8,7,29.2239478405887,29.2236076477154,0.0003401928732991166,1.1640893802398178e-5
PureAAA_mult_n0,y1,9,0,1.3401647957823566,1.3401647957823606,3.9968028886505635e-15,2.982321951172672e-15
PureAAA_mult_n0,y1,9,1,-1.9128669216974497,-1.9128669216976824,2.327027459614328e-13,1.2165129906420037e-13
PureAAA_mult_n0,y1,9,2,1.971190812701664,1.9711908126791617,2.2502222307707598e-11,1.1415547476536086e-11
PureAAA_mult_n0,y1,9,3,-0.46677152769617875,-0.46677152750253614,1.936426019533144e-10,4.1485521387533353e-10
PureAAA_mult_n0,y1,9,4,-2.4930431468824925,-2.493043127795232,1.9087260660910488e-8,7.656209514375545e-9
PureAAA_mult_n0,y1,9,5,0.5204791904253628,0.5204794163072973,2.258819344902463e-7,4.3398840654060303e-7
PureAAA_mult_n0,y1,9,6,15.337224031575785,15.337260615169793,3.658359400837696e-5,2.3852813216433323e-6
PureAAA_mult_n0,y1,9,7,7.794813163782403,7.795797592827359,0.0009844290449558812,0.00012629283400016617
PureAAA_mult_n0,y1,10,0,1.053611359014221,1.0536113590142182,2.886579864025407e-15,2.7397007818197276e-15
PureAAA_mult_n0,y1,10,1,-1.5989121201588865,-1.5989121201594287,5.422329252269265e-13,3.3912615858652935e-13
PureAAA_mult_n0,y1,10,2,1.8625318206671768,1.8625318209376474,2.704705348577363e-10,1.4521659810399972e-10
PureAAA_mult_n0,y1,10,3,-0.8558618090931431,-0.8558618957204236,8.662728046004986e-8,1.012164341715851e-7
PureAAA_mult_n0,y1,10,4,-2.204100790758087,-2.2040644389170243,3.635184106265399e-5,1.6492821569267255e-5
PureAAA_mult_n0,y1,10,5,2.974250231424929,2.955213445779297,0.019036785645631937,0.00640053262650723
PureAAA_mult_n0,y1,10,6,13.747025373683478,25.74195544397063,11.994930070287154,0.8725473143629723
PureAAA_mult_n0,y1,10,7,-27.1470303144239,-8701.034034397702,8673.887004083279,319.51513309633077
PureAAA_mult_n0,y1,11,0,0.7656556262531152,0.7656556262531156,3.3306690738754696e-16,4.3500876368854583e-16
PureAAA_mult_n0,y1,11,1,-1.2407296239592338,-1.2407296239585577,6.761258219967203e-13,5.449421122380935e-13
PureAAA_mult_n0,y1,11,2,1.64799277873706,1.6479927787434092,6.349143433226345e-12,3.852652460098771e-12
PureAAA_mult_n0,y1,11,3,-1.2257352912896908,-1.2257352919076123,6.179214917523268e-10,5.041231138104572e-10
PureAAA_mult_n0,y1,11,4,-1.3655855893083324,-1.3655856007695675,1.1461235072118825e-8,8.392908626052452e-9
PureAAA_mult_n0,y1,11,5,4.975355357880453,4.975355791881654,4.3400120119940766e-7,8.723019161073475e-8
PureAAA_mult_n0,y1,11,6,5.073618666536742,5.073632497631774,1.3831095031946461e-5,2.726080917978722e-6
PureAAA_mult_n0,y1,11,7,-52.19748433601645,-52.197678615787574,0.00019427977112229655,3.722014070096532e-6
PureAAA_mult_n0,y1,12,0,0.50476113515483,0.5047611351548263,3.6637359812630166e-15,7.258355935306322e-15
PureAAA_mult_n0,y1,12,1,-0.8715093557873437,-0.871509355788059,7.153166947659884e-13,8.207791345162934e-13
PureAAA_mult_n0,y1,12,2,1.3141203783570299,1.314120378361999,4.969136213617276e-12,3.781340199464759e-12
PureAAA_mult_n0,y1,12,3,-1.4066950062670946,-1.406694996835789,9.431305736384843e-9,6.704584642986984e-9
PureAAA_mult_n0,y1,12,4,-0.10200533591349163,-0.10200456042268158,7.754908100537916e-7,7.60245337274775e-6
PureAAA_mult_n0,y1,12,5,4.7036619739815215,4.703696430254272,3.44562727505604e-5,7.32541431360428e-6
PureAAA_mult_n0,y1,12,6,-6.41009085892817,-6.409314486117909,0.0007763728102609946,0.00012111728637662584
PureAAA_mult_n0,y1,12,7,-32.581791622041266,-32.60797528944187,0.026183667400601962,0.0008036288398238041
GP_SE_mult_n0,y1,1,0,2.224,2.223993474542499,6.525457501016518e-6,2.9341085885865638e-6
GP_SE_mult_n0,y1,1,1,-2.6825245441795227,-2.68224231691491,0.0002822272646127999,0.0001052095740280065
GP_SE_mult_n0,y1,1,2,1.974023656000974,1.9681732661096936,0.005850389891280505,0.002963687832967701
GP_SE_mult_n0,y1,1,3,0.40407047173108757,0.47725916336717866,0.0731886916360911,0.18112853266050782
GP_SE_mult_n0,y1,1,4,-1.7767526642491018,-2.3471759420763743,0.5704232778272724,0.3210482186435032
GP_SE_mult_n0,y1,1,5,-3.4332576302201,-0.9373403512208718,2.495917278999228,0.7269822273253695
GP_SE_mult_n0,y1,1,6,3.390528178239735,0.07696482787197212,3.313563350367763,0.9773000477135305
GP_SE_mult_n0,y1,1,7,36.42900139194968,24.7675173786872,11.661484013262484,0.3201153906963674
GP_SE_mult_n0,y1,2,0,2.2222120889957435,2.2222057505040627,6.338491680857317e-6,2.852334262892878e-6
GP_SE_mult_n0,y1,2,1,-2.681208438703187,-2.680930095320446,0.0002783433827411308,0.00010381266100883839
GP_SE_mult_n0,y1,2,2,1.974292641312021,1.9684909176448762,0.00580172366714482,0.0029386340939250378
GP_SE_mult_n0,y1,2,3,0.4028852071765154,0.47569417142188997,0.07280896424537459,0.18071888207470205
GP_SE_mult_n0,y1,2,4,-1.7790407474191312,-2.347800817516967,0.5687600700978357,0.3197004177239563
GP_SE_mult_n0,y1,2,5,-3.430989180079341,-0.9372835362417045,2.493705643837637,0.7268182768737179
GP_SE_mult_n0,y1,2,6,3.4148262710003263,0.09348300671580317,3.3213432642845233,0.972624374039263
GP_SE_mult_n0,y1,2,7,36.46524394726358,24.7870005196296,11.67824342763398,0.3202568298877468
GP_SE_mult_n0,y1,3,0,2.2079403996111013,2.2079354649198537,4.934691247626688e-6,2.234974842842618e-6
GP_SE_mult_n0,y1,3,1,-2.6706731931232963,-2.670424770885637,0.0002484222376595291,9.301858359127965e-5
GP_SE_mult_n0,y1,3,2,1.9764159738715827,1.970994538287,0.0054214355845827455,0.0027430640392785057
GP_SE_mult_n0,y1,3,3,0.39334828113793413,0.4631592395762376,0.06981095843830348,0.1774787428493252
GP_SE_mult_n0,y1,3,4,-1.7972898661644552,-2.3527977059328578,0.5555078397684026,0.3090808278766385
GP_SE_mult_n0,y1,3,5,-3.4122568008382865,-0.9364317063790721,2.475825094459214,0.7255682203786596
GP_SE_mult_n0,y1,3,6,3.610067276653441,0.22608789035760118,3.38397938629584,0.9373729426540809
GP_SE_mult_n0,y1,3,7,36.74798580066228,24.93855113090707,11.809434669755209,0.32136277437938865
GP_SE_mult_n0,y1,4,0,2.170744840671981,2.170742883559589,1.95711239170393e-6,9.015856470252311e-7
GP_SE_mult_n0,y1,4,1,-2.6429656487634294,-2.6427865356906093,0.00017911307282014732,6.776973166637613e-5
GP_SE_mult_n0,y1,4,2,1.9817451608055974,1.9772477654930734,0.004497395312524022,0.002269411527512342
GP_SE_mult_n0,y1,4,3,0.367853531897816,0.430128444958349,0.06227491306053301,0.16929268760652275
GP_SE_mult_n0,y1,4,4,-1.844690787881631,-2.3658741445557343,0.5211833566741033,0.2825315549348026
GP_SE_mult_n0,y1,4,5,-3.358091615611286,-0.9308102667246368,2.427281348886649,0.7228157021096645
GP_SE_mult_n0,y1,4,6,4.129400580326576,0.5778174258545434,3.5515831544720324,0.8600723241510161
GP_SE_mult_n0,y1,4,7,37.42682706381732,25.29961531439406,12.12721174942326,0.3240245754400949
GP_SE_mult_n0,y1,5,0,2.0975199447405894,2.0975214546507304,1.5099101409177251e-6,7.198549623824736e-7
GP_SE_mult_n0,y1,5,1,-2.5873394201706326,-2.58726366724999,7.575292064254668e-5,2.9278308076622915e-5
GP_SE_mult_n0,y1,5,2,1.9913097659252945,1.9883605523487338,0.0029492135765607497,0.0014810420894964826
GP_SE_mult_n0,y1,5,3,0.3149018906759774,0.3635218567121451,0.048619966036167694,0.15439718679299982
GP_SE_mult_n0,y1,5,4,-1.9369606143170268,-2.3916171923498557,0.4546565780328289,0.23472680583809444
GP_SE_mult_n0,y1,5,5,-3.227645264861911,-0.9046336418619363,2.3230116229999744,0.7197233377191965
GP_SE_mult_n0,y1,5,6,5.193134860226937,1.294555240872875,3.898579619354062,0.750717962133511
GP_SE_mult_n0,y1,5,7,38.48421232298865,25.85962546641307,12.624586856575576,0.3280458685400778
GP_SE_mult_n0,y1,6,0,1.9806138788647036,1.9806164608893588,2.582024655195525e-6,1.303648673145496e-6
GP_SE_mult_n0,y1,6,1,-2.4954380201337765,-2.4954534403100084,1.542017623190617e-5,6.179346514516725e-6
GP_SE_mult_n0,y1,6,2,2.0036946227858885,2.002537837527685,0.0011567852582032856,0.0005773261279680031
GP_SE_mult_n0,y1,6,3,0.2224783237737739,0.2525762126352702,0.03009788886149628,0.1352845902061955
GP_SE_mult_n0,y1,6,4,-2.0793090433386614,-2.4314386702748054,0.352129626936144,0.1693493461514234
GP_SE_mult_n0,y1,6,5,-2.9476675262145076,-0.8175161882037465,2.1301513380107613,0.7226565815400396
GP_SE_mult_n0,y1,6,6,6.985508026385962,2.496540653617993,4.488967372767969,0.6426114401145984
GP_SE_mult_n0,y1,6,7,39.22357530590552,26.300355341141223,12.923219964764296,0.329475828350063
GP_SE_mult_n0,y1,7,0,1.8155664073744118,1.8155665551630418,1.4778863000053377e-7,8.140083964995742e-8
GP_SE_mult_n0,y1,7,1,-2.358783918815806,-2.358825026163529,4.110734772311275e-5,1.74273477935826e-5
GP_SE_mult_n0,y1,7,2,2.013868010594221,2.014051234220383,0.00018322362616185472,9.098095068692805e-5
GP_SE_mult_n0,y1,7,3,0.07467124207578402,0.08550254569148408,0.01083130361570006,0.1450532134540811
GP_SE_mult_n0,y1,7,4,-2.2615518372241565,-2.479880275317194,0.21832843809303748,0.09653921457799315
GP_SE_mult_n0,y1,7,5,-2.3825334577372157,-0.5870423335287581,1.7954911242084575,0.7536058385151514
GP_SE_mult_n0,y1,7,6,9.618194198596006,4.276909089701426,5.3412851088945805,0.5553313853523838
GP_SE_mult_n0,y1,7,7,37.636830204883545,25.84228496011899,11.794545244764553,0.3133777520731318
GP_SE_mult_n0,y1,8,0,1.5984059112979474,1.5984038975912864,2.01370666097489e-6,1.2598218304508818e-6
GP_SE_mult_n0,y1,8,1,-2.1654497221785167,-2.165449544189661,1.7798885565412093e-7,8.219486872918852e-8
GP_SE_mult_n0,y1,8,2,2.010300430415165,2.01076249745073,0.0004620670355652834,0.00022984974214518666
GP_SE_mult_n0,y1,8,3,-0.15186919854651781,-0.15455036810562822,0.002681169559110408,0.017654465716358942
GP_SE_mult_n0,y1,8,4,-2.440632759033328,-2.512795233990355,0.0721624749570271,0.029567117252662298
GP_SE_mult_n0,y1,8,5,-1.2958312570297512,-0.06080440981928112,1.2350268472104702,0.9530769075916148
GP_SE_mult_n0,y1,8,6,12.886801357193123,6.640441428715559,6.246359928477564,0.48470987915018854
GP_SE_mult_n0,y1,8,7,29.2239478405887,22.97462479646918,6.249323044119521,0.2138425334663351
GP_SE_mult_n0,y1,9,0,1.3401647957823566,1.3401651285510152,3.327686586285239e-7,2.483042829328026e-7
GP_SE_mult_n0,y1,9,1,-1.9128669216974497,-1.9128426436664503,2.4278030999358435e-5,1.2691960284312132e-5
GP_SE_mult_n0,y1,9,2,1.971190812701664,1.971084515593253,0.00010629710841092432,5.3925326622863165e-5
GP_SE_mult_n0,y1,9,3,-0.46677152769617875,-0.47084301674248263,0.004071489046303889,0.008722659384130256
GP_SE_mult_n0,y1,9,4,-2.4930431468824925,-2.4599730425700104,0.03307010431248214,0.01326495466146895
GP_SE_mult_n0,y1,9,5,0.5204791904253628,0.9474013328637697,0.42692214243840687,0.8202482448712383
GP_SE_mult_n0,y1,9,6,15.337224031575785,9.12233158186184,6.214892449713945,0.4052162527533616
GP_SE_mult_n0,y1,9,7,7.794813163782403,15.589824087233454,7.795010923451051,1.0000253706746387
GP_SE_mult_n0,y1,10,0,1.053611359014221,1.0536125192241694,1.1602099483365436e-6,1.1011744875473421e-6
GP_SE_mult_n0,y1,10,1,-1.5989121201588865,-1.5989285686039205,1.6448445034011883e-5,1.028727271913942e-5
GP_SE_mult_n0,y1,10,2,1.8625318206671768,1.8623384761548758,0.00019334451230101912,0.0001038073605806967
GP_SE_mult_n0,y1,10,3,-0.8558618090931431,-0.8529890057400116,0.002872803353131559,0.003356620569593511
GP_SE_mult_n0,y1,10,4,-2.204100790758087,-2.174546052355962,0.029554738402124858,0.013408977722819874
GP_SE_mult_n0,y1,10,5,2.974250231424929,2.587601281675091,0.386648949749838,0.12999879622253535
GP_SE_mult_n0,y1,10,6,13.747025373683478,10.580827214144884,3.1661981595385935,0.23031878340748413
GP_SE_mult_n0,y1,10,7,-27.1470303144239,1.6525005607917855,28.799530875215687,1.0608722405969309
GP_SE_mult_n0,y1,11,0,0.7656556262531152,0.7656542332512883,1.3930018268881739e-6,1.819358180263233e-6
GP_SE_mult_n0,y1,11,1,-1.2407296239592338,-1.2407182187190733,1.1405240160522467e-5,9.192365476152446e-6
GP_SE_mult_n0,y1,11,2,1.64799277873706,1.6483191408228046,0.00032636208574454706,0.00019803611396565388
GP_SE_mult_n0,y1,11,3,-1.2257352912896908,-1.226992116823499,0.0012568255338081258,0.0010253645650405664
GP_SE_mult_n0,y1,11,4,-1.3655855893083324,-1.4342409146154553,0.06865532530712293,0.05027537332310073
GP_SE_mult_n0,y1,11,5,4.975355357880453,4.637563378742387,0.3377919791380659,0.06789303574126379
GP_SE_mult_n0,y1,11,6,5.073618666536742,8.915201190547046,3.8415825240103043,0.7571681627055691
GP_SE_mult_n0,y1,11,7,-52.19748433601645,-17.921186099914326,34.27629823610212,0.6566657123828351
GP_SE_mult_n0,y1,12,0,0.50476113515483,0.5047574627146524,3.67244017762669e-6,7.275600124205698e-6
GP_SE_mult_n0,y1,12,1,-0.8715093557873437,-0.8716447806867175,0.00013542489937379276,0.00015539121694390357
GP_SE_mult_n0,y1,12,2,1.3141203783570299,1.3119984685786017,0.002121909778428188,0.001614699698273526
GP_SE_mult_n0,y1,12,3,-1.4066950062670946,-1.4209470220125135,0.0142520157454189,0.01013156063107031
GP_SE_mult_n0,y1,12,4,-0.10200533591349163,-0.06480721240930089,0.037198123504190744,0.36466840848147014
GP_SE_mult_n0,y1,12,5,4.7036619739815215,6.088940418380632,1.3852784443991109,0.29451062854044985
GP_SE_mult_n0,y1,12,6,-6.41009085892817,2.0243075310784455,8.434398390006615,1.3158001307046885
GP_SE_mult_n0,y1,12,7,-32.581791622041266,-35.45316767684251,2.871376054801246,0.08812824316446699
GP_RQ_mult_n0,y1,1,0,2.224,2.2239894795715447,1.0520428455507158e-5,4.730408478195664e-6
GP_RQ_mult_n0,y1,1,1,-2.6825245441795227,-2.682073485488627,0.0004510586908956782,0.00016814708811308904
GP_RQ_mult_n0,y1,1,2,1.974023656000974,1.9646964743351054,0.009327181665868656,0.0047249594185532155
GP_RQ_mult_n0,y1,1,3,0.40407047173108757,0.5213628031015587,0.11729233137047113,0.29027691844933967
GP_RQ_mult_n0,y1,1,4,-1.7767526642491018,-2.7079560797581923,0.9312034155090905,0.5241041334825516
GP_RQ_mult_n0,y1,1,5,-3.4332576302201,0.8496424645092903,4.28290009472939,1.2474741356519818
GP_RQ_mult_n0,y1,1,6,3.390528178239735,-3.589598045824761,6.980126224064496,2.0587135269550765
GP_RQ_mult_n0,y1,1,7,36.42900139194968,13.68979113146632,22.73921026048336,0.6242062475395886
GP_RQ_mult_n0,y1,2,0,2.2222120889957435,2.222201867151904,1.0221843839364197e-5,4.5998507028119115e-6
GP_RQ_mult_n0,y1,2,1,-2.681208438703187,-2.6807635720260334,0.00044486667715348815,0.0001659202137110443
GP_RQ_mult_n0,y1,2,2,1.974292641312021,1.9650434478460674,0.009249193465953542,0.0046848138277043715
GP_RQ_mult_n0,y1,2,3,0.4028852071765154,0.519557687617278,0.11667248044076267,0.289592366169069
GP_RQ_mult_n0,y1,2,4,-1.7790407474191312,-2.7073904484125,0.928349700993369,0.5218259909673982
GP_RQ_mult_n0,y1,2,5,-3.430989180079341,0.8472524466034762,4.278241626682817,1.2469411595707462
GP_RQ_mult_n0,y1,2,6,3.4148262710003263,-3.5804478308450887,6.995274101845415,2.048500727914409
GP_RQ_mult_n0,y1,2,7,36.46524394726358,13.760835261680318,22.70440868558326,0.622631476658119
GP_RQ_mult_n0,y1,3,0,2.2079403996111013,2.207932421834185,7.977776916412438e-6,3.6132211348719444e-6
GP_RQ_mult_n0,y1,3,1,-2.6706731931232963,-2.670276019580141,0.00039717354315538245,0.00014871663975137906
GP_RQ_mult_n0,y1,3,2,1.9764159738715827,1.9677759383390856,0.008640035532497148,0.004371567345497751
GP_RQ_mult_n0,y1,3,3,0.39334828113793413,0.5051302317422796,0.11178195060434543,0.28418060015660074
GP_RQ_mult_n0,y1,3,4,-1.7972898661644552,-2.7029223392767308,0.9056324731122756,0.503887820301886
GP_RQ_mult_n0,y1,3,5,-3.4122568008382865,0.8283551171148547,4.240611917953141,1.2427587269842508
GP_RQ_mult_n0,y1,3,6,3.610067276653441,-3.5055494529295537,7.115616729582994,1.9710482338099868
GP_RQ_mult_n0,y1,3,7,36.74798580066228,14.324727320425067,22.42325848023721,0.6101901367294285
GP_RQ_mult_n0,y1,4,0,2.170744840671981,2.17074162621151,3.214460471134828e-6,1.4808099095330577e-6
GP_RQ_mult_n0,y1,4,1,-2.6429656487634294,-2.642678888485177,0.0002867602782523626,0.00010849943448433763
GP_RQ_mult_n0,y1,4,2,1.9817451608055974,1.9745832483055898,0.007161912500007528,0.0036139422170185322
GP_RQ_mult_n0,y1,4,3,0.367853531897816,0.46736891799962554,0.09951538610180954,0.270529918765204
GP_RQ_mult_n0,y1,4,4,-1.844690787881631,-2.6916621934305964,0.8469714055489654,0.4591400418503708
GP_RQ_mult_n0,y1,4,5,-3.358091615611286,0.7807287973984997,4.138820413009785,1.2324918098627815
GP_RQ_mult_n0,y1,4,6,4.129400580326576,-3.294847510986138,7.424248091312714,1.7978997064812647
GP_RQ_mult_n0,y1,4,7,37.42682706381732,15.765952802737393,21.660874261079925,0.5787526210582982
GP_RQ_mult_n0,y1,5,0,2.0975199447405894,2.0975222951438055,2.350403216055952e-6,1.1205629877081515e-6
GP_RQ_mult_n0,y1,5,1,-2.5873394201706326,-2.587217177172113,0.000122242998519706,4.724660304199446e-5
GP_RQ_mult_n0,y1,5,2,1.9913097659252945,1.986617221068393,0.004692544856901515,0.0023565117477948225
GP_RQ_mult_n0,y1,5,3,0.3149018906759774,0.39229678555758074,0.07739489488160334,0.2457746275053009
GP_RQ_mult_n0,y1,5,4,-1.9369606143170268,-2.671033146258445,0.7340725319414181,0.37898165120938837
GP_RQ_mult_n0,y1,5,5,-3.227645264861911,0.6950143976977233,3.922659662559634,1.21533171729374
GP_RQ_mult_n0,y1,5,6,5.193134860226937,-2.8150048378867045,8.008139698113641,1.542062725820236
GP_RQ_mult_n0,y1,5,7,38.48421232298865,18.46650437975741,20.017707943231237,0.5201537652694429
GP_RQ_mult_n0,y1,6,0,1.9806138788647036,1.9806180130362068,4.134171503133999e-6,2.0873182538252853e-6
GP_RQ_mult_n0,y1,6,1,-2.4954380201337765,-2.4954609411824897,2.2921048713264724e-5,9.185180528761825e-6
GP_RQ_mult_n0,y1,6,2,2.0036946227858885,2.001847702400972,0.0018469203849162952,0.0009217574194756194
GP_RQ_mult_n0,y1,6,3,0.2224783237737739,0.2701225173958038,0.04764419362202987,0.21415207025056812
GP_RQ_mult_n0,y1,6,4,-2.0793090433386614,-2.6417246424976817,0.5624155991590203,0.2704819665748063
GP_RQ_mult_n0,y1,6,5,-2.9476675262145076,0.5864867011206619,3.5341542273351694,1.1989663677822742
GP_RQ_mult_n0,y1,6,6,6.985508026385962,-1.8740755488828056,8.859583575268768,1.2682804946761161
GP_RQ_mult_n0,y1,6,7,39.22357530590552,22.31450733072459,16.90906797518093,0.431094509954963
GP_RQ_mult_n0,y1,7,0,1.8155664073744118,1.8155667502460102,3.4287159844659243e-7,1.8885103681910346e-7
GP_RQ_mult_n0,y1,7,1,-2.358783918815806,-2.3588487117022474,6.479288644145598e-5,2.746876724256469e-5
GP_RQ_mult_n0,y1,7,2,2.013868010594221,2.0141377119765305,0.0002697013823094174,0.00013392207477879253
GP_RQ_mult_n0,y1,7,3,0.07467124207578402,0.09176372166738625,0.017092479591602233,0.22890311070833716
GP_RQ_mult_n0,y1,7,4,-2.2615518372241565,-2.60494500314703,0.3433931659228735,0.15183961750103261
GP_RQ_mult_n0,y1,7,5,-2.3825334577372157,0.5142150284657262,2.896748486202942,1.2158269915563311
GP_RQ_mult_n0,y1,7,6,9.618194198596006,-0.20442806409847133,9.822622262694477,1.0212543082284937
GP_RQ_mult_n0,y1,7,7,37.636830204883545,26.46917398809215,11.167656216791393,0.2967214867989159
GP_RQ_mult_n0,y1,8,0,1.5984059112979474,1.5984027681671038,3.143130843596964e-6,1.96641592813221e-6
GP_RQ_mult_n0,y1,8,1,-2.1654497221785167,-2.1654509235348374,1.2013563206458855e-6,5.547837515420491e-7
GP_RQ_mult_n0,y1,8,2,2.010300430415165,2.011020385685754,0.00071995527058899,0.0003581331723837445
GP_RQ_mult_n0,y1,8,3,-0.15186919854651781,-0.155875296693179,0.004006098146661197,0.026378608598728606
GP_RQ_mult_n0,y1,8,4,-2.440632759033328,-2.552485432100479,0.11185267306715074,0.045829374637851174
GP_RQ_mult_n0,y1,8,5,-1.2958312570297512,0.621813393546182,1.9176446505759333,1.4798567638902893
GP_RQ_mult_n0,y1,8,6,12.886801357193123,2.4837538743688725,10.40304748282425,0.807263741752138
GP_RQ_mult_n0,y1,8,7,29.2239478405887,28.820471392769633,0.40347644781906666,0.013806363535137587
GP_RQ_mult_n0,y1,9,0,1.3401647957823566,1.3401651809231092,3.8514075262341407e-7,2.873831291759742e-7
GP_RQ_mult_n0,y1,9,1,-1.9128669216974497,-1.9128291995557858,3.7722141663865116e-5,1.972021223012788e-5
GP_RQ_mult_n0,y1,9,2,1.971190812701664,1.9710446286615204,0.0001461840401435488,7.416026860595635e-5
GP_RQ_mult_n0,y1,9,3,-0.46677152769617875,-0.4730535455329213,0.006282017836742537,0.01345844265126535
GP_RQ_mult_n0,y1,9,4,-2.4930431468824925,-2.4441420452164873,0.04890110166600525,0.019615024203313625
GP_RQ_mult_n0,y1,9,5,0.5204791904253628,1.16325164649236,0.6427724560669971,1.2349628340408572
GP_RQ_mult_n0,y1,9,6,15.337224031575785,5.991445660279439,9.345778371296346,0.6093526672138033
GP_RQ_mult_n0,y1,9,7,7.794813163782403,25.33675509719566,17.541941933413256,2.2504634254634395
GP_RQ_mult_n0,y1,10,0,1.053611359014221,1.053613231950145,1.8729359239078036e-6,1.7776345213857207e-6
GP_RQ_mult_n0,y1,10,1,-1.5989121201588865,-1.5989359961971397,2.387603825315665e-5,1.493267700715412e-5
GP_RQ_mult_n0,y1,10,2,1.8625318206671768,1.8622223538884008,0.0003094667787759686,0.00016615382102041866
GP_RQ_mult_n0,y1,10,3,-0.8558618090931431,-0.8517092748424915,0.004152534250651652,0.004851874691139224
GP_RQ_mult_n0,y1,10,4,-2.204100790758087,-2.157871463875219,0.04622932688286774,0.020974234516275204
GP_RQ_mult_n0,y1,10,5,2.974250231424929,2.427485540796448,0.5467646906284811,0.1838327807295933
GP_RQ_mult_n0,y1,10,6,13.747025373683478,9.103126148774598,4.64389922490888,0.33781120632823564
GP_RQ_mult_n0,y1,10,7,-27.1470303144239,11.248259460787043,38.39528977521094,1.414345854058687
GP_RQ_mult_n0,y1,11,0,0.7656556262531152,0.76565343335148,2.1929016352784103e-6,2.8640834862140324e-6
GP_RQ_mult_n0,y1,11,1,-1.2407296239592338,-1.2407142395339992,1.538442523463246e-5,1.2399498599493374e-5
GP_RQ_mult_n0,y1,11,2,1.64799277873706,1.6485041112762224,0.0005113325391623569,0.00031027595858412483
GP_RQ_mult_n0,y1,11,3,-1.2257352912896908,-1.227080366553236,0.0013450752635451035,0.0010973619451960512
GP_RQ_mult_n0,y1,11,4,-1.3655855893083324,-1.468797354989971,0.1032117656816387,0.0755805908393595
GP_RQ_mult_n0,y1,11,5,4.975355357880453,4.342816766624851,0.6325385912556021,0.1271343543840996
GP_RQ_mult_n0,y1,11,6,5.073618666536742,8.872619468046828,3.7990008015100862,0.7487753911358278
GP_RQ_mult_n0,y1,11,7,-52.19748433601645,-14.001333558490828,38.196150777525624,0.731762292060695
GP_RQ_mult_n0,y1,12,0,0.50476113515483,0.5047553234554587,5.811699371305323e-6,1.151376159244639e-5
GP_RQ_mult_n0,y1,12,1,-0.8715093557873437,-0.8717324921283978,0.00022313634105408653,0.00025603436104538373
GP_RQ_mult_n0,y1,12,2,1.3141203783570299,1.3103510423027753,0.0037693360542545573,0.002868333918516007
GP_RQ_mult_n0,y1,12,3,-1.4066950062670946,-1.4384886062644695,0.031793599997374855,0.022601629959392976
GP_RQ_mult_n0,y1,12,4,-0.10200533591349163,-0.16915109296257202,0.06714575704908039,0.6582573004418627
GP_RQ_mult_n0,y1,12,5,4.7036619739815215,5.822533540989221,1.1188715670076999,0.23787244346995573
GP_RQ_mult_n0,y1,12,6,-6.41009085892817,2.0060221935166234,8.416113052444793,1.3129475443741292
GP_RQ_mult_n0,y1,12,7,-32.581791622041266,-38.3455597162789,5.7637680942376335,0.17690150870458887
FHD5_mult_n0,y1,1,0,2.224,2.224,0.0,0.0
FHD5_mult_n0,y1,1,1,-2.6825245441795227,-2.6825245442106893,3.1166624836487244e-11,1.1618393167776167e-11
FHD5_mult_n0,y1,1,2,1.974023656000974,1.9740238607265594,2.0472558537321106e-7,1.0370979332028331e-7
FHD5_mult_n0,y1,1,3,0.40407047173108757,0.40266465419883857,0.0014058175322489985,0.0034791394833339428
FHD5_mult_n0,y1,1,4,-1.7767526642491018,16.094453934063043,17.871206598312146,10.058353623386823
FHD5_mult_n0,y1,1,5,-3.4332576302201,-159479.84684528527,159476.41358765506,46450.46505800129
FHD5_mult_n0,y1,1,6,3.390528178239735,4.680040066640047e8,4.680040032734765e8,1.3803277208462864e8
FHD5_mult_n0,y1,1,7,36.42900139194968,2.452751869978744e12,2.452751869942315e12,6.732964880240555e10
FHD5_mult_n0,y1,2,0,2.2222120889957435,2.2222120889957435,0.0,0.0
FHD5_mult_n0,y1,2,1,-2.681208438703187,-2.681208438702366,8.211209490127658e-13,3.062503224888831e-13
FHD5_mult_n0,y1,2,2,1.974292641312021,1.9742927096330738,6.832105281517897e-8,3.460533225194825e-8
FHD5_mult_n0,y1,2,3,0.4028852071765154,0.4024036137653255,0.0004815934111898623,0.0011953613650025692
FHD5_mult_n0,y1,2,4,-1.7790407474191312,-0.7765007317353698,1.0025400156837614,0.5635284167257857
FHD5_mult_n0,y1,2,5,-3.430989180079341,-9339.294630513868,9335.86364133379,2721.041411479444
FHD5_mult_n0,y1,2,6,3.4148262710003263,1.267694826043773e8,1.2676947918955103e8,3.712325873386691e7
FHD5_mult_n0,y1,2,7,36.46524394726358,1.4683312435993892e12,1.4683312435629238e12,4.026659593135973e10
FHD5_mult_n0,y1,3,0,2.2079403996111013,2.2079403996111013,0.0,0.0
FHD5_mult_n0,y1,3,1,-2.6706731931232963,-2.6706731931250407,1.744382416291046e-12,6.531620644497604e-13
FHD5_mult_n0,y1,3,2,1.9764159738715827,1.9764159449914573,2.8880125402253043e-8,1.461237198244256e-8
FHD5_mult_n0,y1,3,3,0.39334828113793413,0.3933740799882672,2.5798850333047518e-5,6.558780493056412e-5
FHD5_mult_n0,y1,3,4,-1.7972898661644552,-1.1102453355245037,0.6870445306399515,0.38226695847685027
FHD5_mult_n0,y1,3,5,-3.4122568008382865,229.75868137266644,233.17093817350474,68.33334997419357
FHD5_mult_n0,y1,3,6,3.610067276653441,-9.7680913076704e6,9.768094917737676e6,2.705793041838481e6
FHD5_mult_n0,y1,3,7,36.74798580066228,-3.218893245618307e9,3.218893282366293e9,8.759373370358387e7
FHD5_mult_n0,y1,4,0,2.170744840671981,2.1707448406719796,1.3322676295501878e-15,6.137375543123566e-16
FHD5_mult_n0,y1,4,1,-2.6429656487634294,-2.6429656487828264,1.9396928507831035e-11,7.339077039047527e-12
FHD5_mult_n0,y1,4,2,1.9817451608055974,1.9817451483131063,1.2492491041626863e-8,6.303782791400158e-9
FHD5_mult_n0,y1,4,3,0.367853531897816,0.36812360577145853,0.000270073873642529,0.0007341886110191035
FHD5_mult_n0,y1,4,4,-1.844690787881631,-2.18073967004135,0.33604888215971895,0.1821708463918899
FHD5_mult_n0,y1,4,5,-3.358091615611286,-4621.460122730809,4618.102031115198,1375.2162119837067
FHD5_mult_n0,y1,4,6,4.129400580326576,7.463145914615013e7,7.463145501674955e7,1.807319332793993e7
FHD5_mult_n0,y1,4,7,37.42682706381732,6.003336200533082e10,6.003336196790399e10,1.604019540997685e9
FHD5_mult_n0,y1,5,0,2.0975199447405894,2.0975199447405903,8.881784197001252e-16,4.2344218081319395e-16
FHD5_mult_n0,y1,5,1,-2.5873394201706326,-2.58733942017578,5.147438031372076e-12,1.989471497725879e-12
FHD5_mult_n0,y1,5,2,1.9913097659252945,1.9913096875712115,7.835408299960989e-8,3.9348013222443766e-8
FHD5_mult_n0,y1,5,3,0.3149018906759774,0.31506525595011065,0.00016336527413324253,0.000518781496619655
FHD5_mult_n0,y1,5,4,-1.9369606143170268,-1.6783963957662749,0.25856421855075196,0.13348966243277063
FHD5_mult_n0,y1,5,5,-3.227645264861911,-2309.850895721363,2306.623250456501,714.6458365693994
FHD5_mult_n0,y1,5,6,5.193134860226937,1.182294360950411e8,1.1822943090190624e8,2.2766485770935606e7
FHD5_mult_n0,y1,5,7,38.48421232298865,8.542294481736306e9,8.542294443252094e9,2.2196880038907102e8
FHD5_mult_n0,y1,6,0,1.9806138788647036,1.9806138788647032,4.440892098500626e-16,2.242179632229056e-16
FHD5_mult_n0,y1,6,1,-2.4954380201337765,-2.4954380201145674,1.920907877206446e-11,7.697678169956988e-12
FHD5_mult_n0,y1,6,2,2.0036946227858885,2.0036945967284625,2.6057425994707728e-8,1.3004689286672893e-8
FHD5_mult_n0,y1,6,3,0.2224783237737739,0.2220789704094215,0.00039935336435240054,0.0017950214545776658
FHD5_mult_n0,y1,6,4,-2.0793090433386614,0.17235039157484017,2.2516594349135017,1.082888299902791
FHD5_mult_n0,y1,6,5,-2.9476675262145076,8800.27866850885,8803.226336035064,2986.505858528916
FHD5_mult_n0,y1,6,6,6.985508026385962,-2.434810028146454e8,2.4348100980015343e8,3.485516141137716e7
FHD5_mult_n0,y1,6,7,39.22357530590552,-2.1749474795462958e11,2.1749474799385315e11,5.545000584408914e9
FHD5_mult_n0,y1,7,0,1.8155664073744118,1.8155664073744118,0.0,0.0
FHD5_mult_n0,y1,7,1,-2.358783918815806,-2.3587839188401944,2.438849122654574e-11,1.0339434244909401e-11
FHD5_mult_n0,y1,7,2,2.013868010594221,2.013867975365352,3.522886915519052e-8,1.7493137072471663e-8
FHD5_mult_n0,y1,7,3,0.07467124207578402,0.0750891688008774,0.00041792672509338713,0.005596889960250458
FHD5_mult_n0,y1,7,4,-2.2615518372241565,-1.1028905957442343,1.1586612414799222,0.5123301718797083
FHD5_mult_n0,y1,7,5,-2.3825334577372157,-8089.689257562705,8087.306724104968,3394.4147553696043
FHD5_mult_n0,y1,7,6,9.618194198596006,-7.810982855491102e7,7.810983817310521e7,8.121050226299976e6
FHD5_mult_n0,y1,7,7,37.636830204883545,1.753526965760707e11,1.7535269653843387e11,4.6590718608306465e9
FHD5_mult_n0,y1,8,0,1.5984059112979474,1.598405911297946,1.3322676295501878e-15,8.334976867473868e-16
FHD5_mult_n0,y1,8,1,-2.1654497221785167,-2.1654497221728315,5.685230064500502e-12,2.6254269523196155e-12
FHD5_mult_n0,y1,8,2,2.010300430415165,2.0103004634380817,3.3022916845482087e-8,1.6426856576189576e-8
FHD5_mult_n0,y1,8,3,-0.15186919854651781,-0.1522777290613473,0.0004085305148294749,0.002690015610402667
FHD5_mult_n0,y1,8,4,-2.440632759033328,-2.878847446240432,0.438214687207104,0.17954962113213196
FHD5_mult_n0,y1,8,5,-1.2958312570297512,11701.873655822337,11703.169487079367,9031.399284120425
FHD5_mult_n0,y1,8,6,12.886801357193123,-4.555355004848456e7,4.555356293528591e7,3.534900684246129e6
FHD5_mult_n0,y1,8,7,29.2239478405887,-2.973899584947155e11,2.9738995852393945e11,1.0176241763985735e10
FHD5_mult_n0,y1,9,0,1.3401647957823566,1.3401647957823237,3.2862601528904634e-14,2.4521313820753084e-14
FHD5_mult_n0,y1,9,1,-1.9128669216974497,-1.9128669218092764,1.1182677006615904e-10,5.846029788989483e-11
FHD5_mult_n0,y1,9,2,1.971190812701664,1.9711911419234958,3.2922183179628917e-7,1.6701672393910262e-7
FHD5_mult_n0,y1,9,3,-0.46677152769617875,-0.4651890325178104,0.0015824951783683372,0.0033902992887740622
FHD5_mult_n0,y1,9,4,-2.4930431468824925,-4.718405641533553,2.2253624946510606,0.8926289532669492
FHD5_mult_n0,y1,9,5,0.5204791904253628,-24143.670606301876,24144.1910854923,46388.38887249345
FHD5_mult_n0,y1,9,6,15.337224031575785,-8.082731433394152e7,8.082732967116556e7,5.270010368549149e6
FHD5_mult_n0,y1,9,7,7.794813163782403,3.8538494947652795e11,3.8538494946873315e11,4.944120421761675e10
FHD5_mult_n0,y1,10,0,1.053611359014221,1.053611359014221,0.0,0.0
FHD5_mult_n0,y1,10,1,-1.5989121201588865,-1.5989121201404422,1.844435715270265e-11,1.1535566539372911e-11
FHD5_mult_n0,y1,10,2,1.8625318206671768,1.8625318036050447,1.706213215157959e-8,9.160719812812525e-9
FHD5_mult_n0,y1,10,3,-0.8558618090931431,-0.8562649079656602,0.00040309887251710474,0.0004709859328157446
FHD5_mult_n0,y1,10,4,-2.204100790758087,-1.7896913587441912,0.4144094320138958,0.18801745988728683
FHD5_mult_n0,y1,10,5,2.974250231424929,8823.957936005423,8820.983685773997,2965.7839789586114
FHD5_mult_n0,y1,10,6,13.747025373683478,-1.415398261804696e7,1.4153996365072334e7,1.0296042947711393e6
FHD5_mult_n0,y1,10,7,-27.1470303144239,-1.9327355016884793e11,1.932735501417009e11,7.1195098654680395e9
FHD5_mult_n0,y1,11,0,0.7656556262531152,0.7656556262531156,3.3306690738754696e-16,4.3500876368854583e-16
FHD5_mult_n0,y1,11,1,-1.2407296239592338,-1.2407296239282077,3.10260706015697e-11,2.5006310804898708e-11
FHD5_mult_n0,y1,11,2,1.64799277873706,1.6479927678513064,1.0885753631839634e-8,6.6054619730687995e-9
FHD5_mult_n0,y1,11,3,-1.2257352912896908,-1.2264132788209159,0.000677987531225055,0.0005531272013157848
FHD5_mult_n0,y1,11,4,-1.3655855893083324,-1.084010290940125,0.2815752983682074,0.20619381207063334
FHD5_mult_n0,y1,11,5,4.975355357880453,14798.014570067173,14793.039214709292,2973.262842678892
FHD5_mult_n0,y1,11,6,5.073618666536742,-1.0677660454357646e7,1.0677665527976314e7,2.1045463267472764e6
FHD5_mult_n0,y1,11,7,-52.19748433601645,-3.23195368710568e11,3.231953686583705e11,6.191780557427449e9
FHD5_mult_n0,y1,12,0,0.50476113515483,0.5047611351548263,3.6637359812630166e-15,7.258355935306322e-15
FHD5_mult_n0,y1,12,1,-0.8715093557873437,-0.8715093553928918,3.944519155751891e-10,4.526077809214466e-10
FHD5_mult_n0,y1,12,2,1.3141203783570299,1.3141233472579887,2.9689009588551585e-6,2.2592305908588123e-6
FHD5_mult_n0,y1,12,3,-1.4066950062670946,-1.3944843458194387,0.012210660447655952,0.008680389418640948
FHD5_mult_n0,y1,12,4,-0.10200533591349163,31.4249702988844,31.526975634797893,309.07182798295173
FHD5_mult_n0,y1,12,5,4.7036619739815215,48422.67012555486,48417.96646358088,10293.674743509766
FHD5_mult_n0,y1,12,6,-6.41009085892817,3.5561012758899175e7,3.556101916899003e7,5.547662264328057e6
FHD5_mult_n0,y1,12,7,-32.581791622041266,5.854870298506456e10,5.8548703017646355e10,1.7969761668366551e9
S1_GP_AAA_MLE_mult_n0,y1,1,0,2.224,2.2239999999222952,7.770495358272456e-11,3.4939277690073985e-11
S1_GP_AAA_MLE_mult_n0,y1,1,1,-2.6825245441795227,-2.6825245357825978,8.396924933151695e-9,3.130232284871779e-9
S1_GP_AAA_MLE_mult_n0,y1,1,2,1.974023656000974,1.974023227748276,4.2825269797042154e-7,2.1694405569484736e-7
S1_GP_AAA_MLE_mult_n0,y1,1,3,0.40407047173108757,0.40408383450385443,1.3362772766867259e-5,3.307040158024787e-5
S1_GP_AAA_MLE_mult_n0,y1,1,4,-1.7767526642491018,-1.7770236394117322,0.00027097516263041577,0.00015251147111403733
S1_GP_AAA_MLE_mult_n0,y1,1,5,-3.4332576302201,-3.4299030906667305,0.0033545395533693956,0.0009770718992487442
S1_GP_AAA_MLE_mult_n0,y1,1,6,3.390528178239735,3.37559387509351,0.014934303146225236,0.004404712882810694
S1_GP_AAA_MLE_mult_n0,y1,1,7,36.42900139194968,36.16442619707523,0.26457519487445325,0.007262762764968924
S1_GP_AAA_MLE_mult_n0,y1,2,0,2.2222120889957435,2.2222120889235417,7.220180009426258e-11,3.2490958199625235e-11
S1_GP_AAA_MLE_mult_n0,y1,2,1,-2.681208438703187,-2.681208430589753,8.11343392470576e-9,3.026036248278393e-9
S1_GP_AAA_MLE_mult_n0,y1,2,2,1.974292641312021,1.9742922193650119,4.2194700911046823e-7,2.1372060062487104e-7
S1_GP_AAA_MLE_mult_n0,y1,2,3,0.4028852071765154,0.4029075455034712,2.2338326955806398e-5,5.544588522462019e-5
S1_GP_AAA_MLE_mult_n0,y1,2,4,-1.7790407474191312,-1.6783109457653544,0.10072980165377676,0.05662028922041629
S1_GP_AAA_MLE_mult_n0,y1,2,5,-3.430989180079341,103.31285476009441,106.74384394017375,31.111681890441087
S1_GP_AAA_MLE_mult_n0,y1,2,6,3.4148262710003263,244928.69487402026,244925.28004774926,71724.08216714398
S1_GP_AAA_MLE_mult_n0,y1,2,7,36.46524394726358,8.089418707214324e9,8.08941867074908e9,2.2183914859991288e8
S1_GP_AAA_MLE_mult_n0,y1,3,0,2.2079403996111013,2.2079403995765357,3.4565683648679624e-11,1.5655170608213834e-11
S1_GP_AAA_MLE_mult_n0,y1,3,1,-2.6706731931232963,-2.6706731870649847,6.0583116301415885e-9,2.2684586214970467e-9
S1_GP_AAA_MLE_mult_n0,y1,3,2,1.9764159738715827,1.9764156210102328,3.528613499170774e-7,1.7853597349036832e-7
S1_GP_AAA_MLE_mult_n0,y1,3,3,0.39334828113793413,0.3933600730148826,1.1791876948497038e-5,2.997820891547768e-5
S1_GP_AAA_MLE_mult_n0,y1,3,4,-1.7972898661644552,-1.7975307135353595,0.00024084737090435127,0.0001340058581748623
S1_GP_AAA_MLE_mult_n0,y1,3,5,-3.4122568008382865,-3.4000436615497,0.012213139288586472,0.003579196995251377
S1_GP_AAA_MLE_mult_n0,y1,3,6,3.610067276653441,10.940745351146974,7.330678074493534,2.030620903355886
S1_GP_AAA_MLE_mult_n0,y1,3,7,36.74798580066228,7500.175323890017,7463.427338089355,203.0975895814907
S1_GP_AAA_MLE_mult_n0,y1,4,0,2.170744840671981,2.17074484069266,2.0679014056668166e-11,9.52622973885163e-12
S1_GP_AAA_MLE_mult_n0,y1,4,1,-2.6429656487634294,-2.64296564659839,2.16503925898337e-9,8.191704118425951e-10
S1_GP_AAA_MLE_mult_n0,y1,4,2,1.9817451608055974,1.9817449499760849,2.1082951251472082e-7,1.063857839466184e-7
S1_GP_AAA_MLE_mult_n0,y1,4,3,0.367853531897816,0.36786212481030617,8.59291249016847e-6,2.335960306221947e-5
S1_GP_AAA_MLE_mult_n0,y1,4,4,-1.844690787881631,-1.844898025002362,0.00020723712073111855,0.00011234247066908235
S1_GP_AAA_MLE_mult_n0,y1,4,5,-3.358091615611286,-3.355097368722947,0.002994246888338825,0.0008916513398321241
S1_GP_AAA_MLE_mult_n0,y1,4,6,4.129400580326576,4.104504845014587,0.024895735311988965,0.006028898099786694
S1_GP_AAA_MLE_mult_n0,y1,4,7,37.42682706381732,34.449115113835205,2.9777119499821154,0.07956089745210707
S1_GP_AAA_MLE_mult_n0,y1,5,0,2.0975199447405894,2.0975199447657897,2.5200286302151653e-11,1.2014324996212752e-11
S1_GP_AAA_MLE_mult_n0,y1,5,1,-2.5873394201706326,-2.5873394212241783,1.0535456951288324e-9,4.071926887193456e-10
S1_GP_AAA_MLE_mult_n0,y1,5,2,1.9913097659252945,1.9913097249738547,4.095143979476745e-8,2.05650775662915e-8
S1_GP_AAA_MLE_mult_n0,y1,5,3,0.3149018906759774,0.3149057879082364,3.897232259020278e-6,1.2376020514371533e-5
S1_GP_AAA_MLE_mult_n0,y1,5,4,-1.9369606143170268,-1.9370915562070885,0.00013094189006168655,6.76017308219025e-5
S1_GP_AAA_MLE_mult_n0,y1,5,5,-3.227645264861911,-3.2252223281359966,0.0024229367259143153,0.0007506824719221356
S1_GP_AAA_MLE_mult_n0,y1,5,6,5.193134860226937,5.170976538806708,0.02215832142022922,0.004266848833434862
S1_GP_AAA_MLE_mult_n0,y1,5,7,38.48421232298865,38.433351759669314,0.05086056331933264,0.001321595538775025
S1_GP_AAA_MLE_mult_n0,y1,6,0,1.9806138788647036,1.980613878840782,2.3921531422388398e-11,1.2077836915946647e-11
S1_GP_AAA_MLE_mult_n0,y1,6,1,-2.4954380201337765,-2.495438020658376,5.2459947497141e-10,2.1022340396307941e-10
S1_GP_AAA_MLE_mult_n0,y1,6,2,2.0036946227858885,2.003694657705859,3.4919970470781436e-8,1.742779067911534e-8
S1_GP_AAA_MLE_mult_n0,y1,6,3,0.2224783237737739,0.22247839860706542,7.483329150792528e-8,3.363621688556912e-7
S1_GP_AAA_MLE_mult_n0,y1,6,4,-2.0793090433386614,-2.079352120520361,4.307718169949126e-5,2.0717065525922973e-5
S1_GP_AAA_MLE_mult_n0,y1,6,5,-2.9476675262145076,-2.946261033314155,0.0014064929003527737,0.0004771545256866328
S1_GP_AAA_MLE_mult_n0,y1,6,6,6.985508026385962,6.964506279524751,0.021001746861211146,0.0030064738000274913
S1_GP_AAA_MLE_mult_n0,y1,6,7,39.22357530590552,39.31027040905821,0.08669510315269235,0.002210280487603574
S1_GP_AAA_MLE_mult_n0,y1,7,0,1.8155664073744118,1.8155664073753888,9.769962616701378e-13,5.381220194986008e-13
S1_GP_AAA_MLE_mult_n0,y1,7,1,-2.358783918815806,-2.3587839180373398,7.784661804066673e-10,3.300286110130364e-10
S1_GP_AAA_MLE_mult_n0,y1,7,2,2.013868010594221,2.013868007258894,3.335327125597587e-9,1.6561796046472033e-9
S1_GP_AAA_MLE_mult_n0,y1,7,3,0.07467124207578402,0.07467069225634491,5.498194391023725e-7,7.363202001439315e-6
S1_GP_AAA_MLE_mult_n0,y1,7,4,-2.2615518372241565,-2.261573378003907,2.1540779750583994e-5,9.524778250063588e-6
S1_GP_AAA_MLE_mult_n0,y1,7,5,-2.3825334577372157,-2.3838004021694306,0.001266944432214867,0.0005317635427534072
S1_GP_AAA_MLE_mult_n0,y1,7,6,9.618194198596006,18.691372656281597,9.073178457685591,0.9433349202920053
S1_GP_AAA_MLE_mult_n0,y1,7,7,37.636830204883545,17510.33837830449,17472.701548099605,464.2447690994032
S1_GP_AAA_MLE_mult_n0,y1,8,0,1.5984059112979474,1.5984059113120466,1.4099166278924713e-11,8.82076710256647e-12
S1_GP_AAA_MLE_mult_n0,y1,8,1,-2.1654497221785167,-2.165449722733888,5.553713045003406e-10,2.5646926770556373e-10
S1_GP_AAA_MLE_mult_n0,y1,8,2,2.010300430415165,2.0103004224019974,8.013167462905812e-9,3.986054691960118e-9
S1_GP_AAA_MLE_mult_n0,y1,8,3,-0.15186919854651781,-0.15186884280448887,3.5574202894572693e-7,2.3424238249124788e-6
S1_GP_AAA_MLE_mult_n0,y1,8,4,-2.440632759033328,-2.4406301409955766,2.618037751478397e-6,1.0726881140919105e-6
S1_GP_AAA_MLE_mult_n0,y1,8,5,-1.2958312570297512,-1.2960417175614924,0.00021046053174123003,0.00016241353231719277
S1_GP_AAA_MLE_mult_n0,y1,8,6,12.886801357193123,12.887558809501268,0.0007574523081448348,5.877737129253117e-5
S1_GP_AAA_MLE_mult_n0,y1,8,7,29.2239478405887,29.305675049202904,0.08172720861420402,0.002796583441087803
S1_GP_AAA_MLE_mult_n0,y1,9,0,1.3401647957823566,1.3401647957638219,1.8534729306907138e-11,1.3830186679457582e-11
S1_GP_AAA_MLE_mult_n0,y1,9,1,-1.9128669216974497,-1.9128669212485683,4.4888137651355464e-10,2.3466419510000414e-10
S1_GP_AAA_MLE_mult_n0,y1,9,2,1.971190812701664,1.9711908221736059,9.471941897487568e-9,4.805187725335208e-9
S1_GP_AAA_MLE_mult_n0,y1,9,3,-0.46677152769617875,-0.46677175381021024,2.261140314985255e-7,4.844212169807044e-7
S1_GP_AAA_MLE_mult_n0,y1,9,4,-2.4930431468824925,-2.493047179559215,4.032676722331985e-6,1.617571973182565e-6
S1_GP_AAA_MLE_mult_n0,y1,9,5,0.5204791904253628,0.5204327152413525,4.647518401035278e-5,8.92930685132115e-5
S1_GP_AAA_MLE_mult_n0,y1,9,6,15.337224031575785,15.131206805507581,0.20601722606820339,0.013432497669986545
S1_GP_AAA_MLE_mult_n0,y1,9,7,7.794813163782403,-38.492536783848344,46.287349947630744,5.938224428867515
S1_GP_AAA_MLE_mult_n0,y1,10,0,1.053611359014221,1.0536113590222458,8.024692021990631e-12,7.616368173458843e-12
S1_GP_AAA_MLE_mult_n0,y1,10,1,-1.5989121201588865,-1.5989121207903374,6.314508915750139e-10,3.949253267979891e-10
S1_GP_AAA_MLE_mult_n0,y1,10,2,1.8625318206671768,1.862531815795159,4.872017900225956e-9,2.6158038462294576e-9
S1_GP_AAA_MLE_mult_n0,y1,10,3,-0.8558618090931431,-0.8558615780731778,2.3101996537988612e-7,2.699267135481498e-7
S1_GP_AAA_MLE_mult_n0,y1,10,4,-2.204100790758087,-2.2039450654288495,0.00015572532923746607,7.06525445163083e-5
S1_GP_AAA_MLE_mult_n0,y1,10,5,2.974250231424929,3.3877667491400723,0.4135165177151432,0.13903218812797477
S1_GP_AAA_MLE_mult_n0,y1,10,6,13.747025373683478,-549.1820871660896,562.9291125397731,40.94915788963426
S1_GP_AAA_MLE_mult_n0,y1,10,7,-27.1470303144239,-1.0962983442977334e6,1.096271197267419e6,40382.73006550343
S1_GP_AAA_MLE_mult_n0,y1,11,0,0.7656556262531152,0.765655626287419,3.430378203717055e-11,4.480314760441686e-11
S1_GP_AAA_MLE_mult_n0,y1,11,1,-1.2407296239592338,-1.2407296237232284,2.3600543741508773e-10,1.9021504190573117e-10
S1_GP_AAA_MLE_mult_n0,y1,11,2,1.64799277873706,1.6479927569234358,2.181362424025224e-8,1.3236480475945481e-8
S1_GP_AAA_MLE_mult_n0,y1,11,3,-1.2257352912896908,-1.2257355864002788,2.951105879667182e-7,2.407620879188438e-7
S1_GP_AAA_MLE_mult_n0,y1,11,4,-1.3655855893083324,-1.365574434120724,1.1155187608302697e-5,8.16879417565675e-6
S1_GP_AAA_MLE_mult_n0,y1,11,5,4.975355357880453,4.975610959873843,0.00025560199339036416,5.137361555200611e-5
S1_GP_AAA_MLE_mult_n0,y1,11,6,5.073618666536742,5.116086041952974,0.04246737541623169,0.00837023399025374
S1_GP_AAA_MLE_mult_n0,y1,11,7,-52.19748433601645,-87.74255589178559,35.545071555769134,0.6809728861059863
S1_GP_AAA_MLE_mult_n0,y1,12,0,0.50476113515483,0.5047611353241901,1.6936008151446913e-10,3.355252013658297e-10
S1_GP_AAA_MLE_mult_n0,y1,12,1,-0.8715093557873437,-0.8715092986608214,5.7126522290396053e-8,6.554894897116337e-8
S1_GP_AAA_MLE_mult_n0,y1,12,2,1.3141203783570299,1.314131624760467,1.1246403437192853e-5,8.558122697445415e-6
S1_GP_AAA_MLE_mult_n0,y1,12,3,-1.4066950062670946,-1.4045553234020036,0.0021396828650910305,0.001521070918399749
S1_GP_AAA_MLE_mult_n0,y1,12,4,-0.10200533591349163,0.3788046810344362,0.48081001694792785,4.713577114786346
S1_GP_AAA_MLE_mult_n0,y1,12,5,4.7036619739815215,137.03204342555807,132.32838145157655,28.13305509272474
S1_GP_AAA_MLE_mult_n0,y1,12,6,-6.41009085892817,43610.93181143597,43617.3419022949,6804.481069335131
S1_GP_AAA_MLE_mult_n0,y1,12,7,-32.581791622041266,1.6771179435878363e7,1.6771212017669985e7,514741.85987747903
S2_AAA_MLE_mult_n0,y1,1,0,2.224,2.2240000000998377,9.983747162323198e-11,4.4890949470877686e-11
S2_AAA_MLE_mult_n0,y1,1,1,-2.6825245441795227,-2.6825245572600593,1.3080536653831132e-8,4.8762039036000494e-9
S2_AAA_MLE_mult_n0,y1,1,2,1.974023656000974,1.974024462797253,8.067962788960159e-7,4.087064896326743e-7
S2_AAA_MLE_mult_n0,y1,1,3,0.40407047173108757,0.40403905664272344,3.141508836412843e-5,7.774655799406061e-5
S2_AAA_MLE_mult_n0,y1,1,4,-1.7767526642491018,-1.775895422412833,0.000857241836268896,0.0004824767417085523
S2_AAA_MLE_mult_n0,y1,1,5,-3.4332576302201,-3.450315745916779,0.01705811569667892,0.004968492765159997
S2_AAA_MLE_mult_n0,y1,1,6,3.390528178239735,3.638025821721893,0.24749764348215786,0.0729967811713193
S2_AAA_MLE_mult_n0,y1,1,7,36.42900139194968,33.93346004000027,2.495541351949413,0.06850424817027496
S2_AAA_MLE_mult_n0,y1,2,0,2.2222120889957435,2.2222120890870385,9.129497158255617e-11,4.108292454831076e-11
S2_AAA_MLE_mult_n0,y1,2,1,-2.681208438703187,-2.6812084512530374,1.2549850492149517e-8,4.680669473880767e-9
S2_AAA_MLE_mult_n0,y1,2,2,1.974292641312021,1.9742934267358743,7.854238532889468e-7,3.9782544737997476e-7
S2_AAA_MLE_mult_n0,y1,2,3,0.4028852071765154,0.4028580887519031,2.711842461228242e-5,6.73105493307454e-5
S2_AAA_MLE_mult_n0,y1,2,4,-1.7790407474191312,-1.7700193161416573,0.009021431277473901,0.005070952585297085
S2_AAA_MLE_mult_n0,y1,2,5,-3.430989180079341,46.78028093475129,50.21127011483063,14.634633768699178
S2_AAA_MLE_mult_n0,y1,2,6,3.4148262710003263,-88736.6655864112,88740.08041268219,25986.70426261158
S2_AAA_MLE_mult_n0,y1,2,7,36.46524394726358,1.45391153445546e10,1.4539115308089355e10,3.987115876453748e8
S2_AAA_MLE_mult_n0,y1,3,0,2.2079403996111013,2.207940399645892,3.4790836878073605e-11,1.5757144932083104e-11
S2_AAA_MLE_mult_n0,y1,3,1,-2.6706731931232963,-2.670673201898538,8.775241866487704e-9,3.2857789897629677e-9
S2_AAA_MLE_mult_n0,y1,3,2,1.9764159738715827,1.976416606999048,6.331274653437191e-7,3.203412002906917e-7
S2_AAA_MLE_mult_n0,y1,3,3,0.39334828113793413,0.39332170569415487,2.657544377926424e-5,6.756212001837913e-5
S2_AAA_MLE_mult_n0,y1,3,4,-1.7972898661644552,-1.7965286980187087,0.0007611681457464492,0.00042350883965691985
S2_AAA_MLE_mult_n0,y1,3,5,-3.4122568008382865,-3.4276541525769497,0.01539735173866319,0.004512366049026713
S2_AAA_MLE_mult_n0,y1,3,6,3.610067276653441,-5.152606246411857,8.762673523065297,2.4272881504824366
S2_AAA_MLE_mult_n0,y1,3,7,36.74798580066228,-10193.656169854092,10230.404155654755,278.3936026085648
S2_AAA_MLE_mult_n0,y1,4,0,2.170744840671981,2.1707448406349594,3.702149697915047e-11,1.7054743738416536e-11
S2_AAA_MLE_mult_n0,y1,4,1,-2.6429656487634294,-2.642965650955409,2.1919794868097142e-9,8.293635930664785e-10
S2_AAA_MLE_mult_n0,y1,4,2,1.9817451608055974,1.9817454895846298,3.287790324435491e-7,1.659037897233454e-7
S2_AAA_MLE_mult_n0,y1,4,3,0.367853531897816,0.36783616327343305,1.7368624382951836e-5,4.721614141733066e-5
S2_AAA_MLE_mult_n0,y1,4,4,-1.844690787881631,-1.8441285344227385,0.0005622534588924921,0.00030479550425801253
S2_AAA_MLE_mult_n0,y1,4,5,-3.358091615611286,-3.370699710415579,0.012608094804293035,0.003754541640758046
S2_AAA_MLE_mult_n0,y1,4,6,4.129400580326576,4.326502783117697,0.19710220279112178,0.047731431949267045
S2_AAA_MLE_mult_n0,y1,4,7,37.42682706381732,35.0244934093656,2.4023336544517235,0.06418747841903484
S2_AAA_MLE_mult_n0,y1,5,0,2.0975199447405894,2.0975199447202493,2.0340173989552568e-11,9.697249382802954e-12
S2_AAA_MLE_mult_n0,y1,5,1,-2.5873394201706326,-2.5873394182025904,1.968042173672302e-9,7.606432145429576e-10
S2_AAA_MLE_mult_n0,y1,5,2,1.9913097659252945,1.9913097876166266,2.1691332063866753e-8,1.089299738043896e-8
S2_AAA_MLE_mult_n0,y1,5,3,0.3149018906759774,0.3148960131496856,5.877526291775403e-6,1.8664626875242118e-5
S2_AAA_MLE_mult_n0,y1,5,4,-1.9369606143170268,-1.936679818360656,0.00028079595637087174,0.00014496730304961854
S2_AAA_MLE_mult_n0,y1,5,5,-3.227645264861911,-3.235430262800552,0.0077849979386410695,0.002411974458095889
S2_AAA_MLE_mult_n0,y1,5,6,5.193134860226937,5.337548160004385,0.14441329977744743,0.027808501736297418
S2_AAA_MLE_mult_n0,y1,5,7,38.48421232298865,36.67025864889209,1.8139536740965596,0.047135008477567034
S2_AAA_MLE_mult_n0,y1,6,0,1.9806138788647036,1.9806138789032772,3.857358876757644e-11,1.9475572285541584e-11
S2_AAA_MLE_mult_n0,y1,6,1,-2.4954380201337765,-2.4954380200582675,7.5508932440016e-11,3.025878897043016e-11
S2_AAA_MLE_mult_n0,y1,6,2,2.0036946227858885,2.0036945689108343,5.387505419562899e-8,2.688785685351714e-8
S2_AAA_MLE_mult_n0,y1,6,3,0.2224783237737739,0.22247915441241145,8.306386375389607e-7,3.7335710888562426e-6
S2_AAA_MLE_mult_n0,y1,6,4,-2.0793090433386614,-2.0792604307093745,4.86126292869038e-5,2.3379222748364757e-5
S2_AAA_MLE_mult_n0,y1,6,5,-2.9476675262145076,-2.950507597721473,0.0028400715069656357,0.0009634979120636952
S2_AAA_MLE_mult_n0,y1,6,6,6.985508026385962,7.06067134897273,0.07516332258676783,0.010759893525690284
S2_AAA_MLE_mult_n0,y1,6,7,39.22357530590552,38.0076170401326,1.2159582657729189,0.03100069935720122
S2_AAA_MLE_mult_n0,y1,7,0,1.8155664073744118,1.815566407354816,1.9595880473843863e-11,1.0793260105634209e-11
S2_AAA_MLE_mult_n0,y1,7,1,-2.358783918815806,-2.358783919707042,8.912359739099429e-10,3.778370569684803e-10
S2_AAA_MLE_mult_n0,y1,7,2,2.013868010594221,2.0138680305423122,1.9948091178889626e-8,9.905361758541292e-9
S2_AAA_MLE_mult_n0,y1,7,3,0.07467124207578402,0.07467180692483155,5.648490475351764e-7,7.564479066277079e-6
S2_AAA_MLE_mult_n0,y1,7,4,-2.2615518372241565,-2.2615836938865788,3.185666242222496e-5,1.4086195990681352e-5
S2_AAA_MLE_mult_n0,y1,7,5,-2.3825334577372157,-2.37391400476092,0.008619452976295516,0.003617767863155947
S2_AAA_MLE_mult_n0,y1,7,6,9.618194198596006,-14.772802851083942,24.390997049679946,2.535922705037539
S2_AAA_MLE_mult_n0,y1,7,7,37.636830204883545,33948.11217839156,33910.47534818667,900.9917988201524
S2_AAA_MLE_mult_n0,y1,8,0,1.5984059112979474,1.5984059112956677,2.2797319587652964e-12,1.4262534583059034e-12
S2_AAA_MLE_mult_n0,y1,8,1,-2.1654497221785167,-2.1654497213420694,8.364473558231111e-10,3.8626958052003e-10
S2_AAA_MLE_mult_n0,y1,8,2,2.010300430415165,2.0103004295616946,8.534701834150837e-10,4.24548575179296e-10
S2_AAA_MLE_mult_n0,y1,8,3,-0.15186919854651781,-0.151869680118305,4.815717871975433e-7,3.1709641705262375e-6
S2_AAA_MLE_mult_n0,y1,8,4,-2.440632759033328,-2.4406283428620905,4.416171237586752e-6,1.809437008186305e-6
S2_AAA_MLE_mult_n0,y1,8,5,-1.2958312570297512,-1.2956117774275586,0.000219479602192596,0.00016937359783686474
S2_AAA_MLE_mult_n0,y1,8,6,12.886801357193123,12.881527897541892,0.0052734596512316045,0.0004092140093622284
S2_AAA_MLE_mult_n0,y1,8,7,29.2239478405887,29.201070897890126,0.022876942698573544,0.0007828149305276306
S2_AAA_MLE_mult_n0,y1,9,0,1.3401647957823566,1.3401647957938803,1.1523670906399275e-11,8.598696923442186e-12
S2_AAA_MLE_mult_n0,y1,9,1,-1.9128669216974497,-1.9128669223354877,6.380380668247199e-10,3.3355068227042914e-10
S2_AAA_MLE_mult_n0,y1,9,2,1.971190812701664,1.9711908090042711,3.697392836343738e-9,1.875715335379524e-9
S2_AAA_MLE_mult_n0,y1,9,3,-0.46677152769617875,-0.4667712225586813,3.051374974361032e-7,6.537191737939872e-7
S2_AAA_MLE_mult_n0,y1,9,4,-2.4930431468824925,-2.49304295509232,1.9179017263226683e-7,7.693014574260262e-8
S2_AAA_MLE_mult_n0,y1,9,5,0.5204791904253628,0.5203429392082288,0.00013625121713400912,0.00026178033558394044
S2_AAA_MLE_mult_n0,y1,9,6,15.337224031575785,15.338119378111516,0.0008953465357315338,5.8377352634885106e-5
S2_AAA_MLE_mult_n0,y1,9,7,7.794813163782403,7.84160389820866,0.04679073442625725,0.006002803844441632
S2_AAA_MLE_mult_n0,y1,10,0,1.053611359014221,1.053611359009698,4.523048602322888e-12,4.292900378897527e-12
S2_AAA_MLE_mult_n0,y1,10,1,-1.5989121201588865,-1.5989121196311216,5.277649428592213e-10,3.3007751721012434e-10
S2_AAA_MLE_mult_n0,y1,10,2,1.8625318206671768,1.86253182092756,2.6038327050059706e-10,1.3980070977113575e-10
S2_AAA_MLE_mult_n0,y1,10,3,-0.8558618090931431,-0.8558620312611896,2.221680465153142e-7,2.595840171332329e-7
S2_AAA_MLE_mult_n0,y1,10,4,-2.204100790758087,-2.204099308233523,1.4825245640004425e-6,6.726210390272295e-7
S2_AAA_MLE_mult_n0,y1,10,5,2.974250231424929,2.975035644320542,0.000785412895612847,0.00026407088661015745
S2_AAA_MLE_mult_n0,y1,10,6,13.747025373683478,14.174146955048409,0.42712158136493095,0.031070109333077117
S2_AAA_MLE_mult_n0,y1,10,7,-27.1470303144239,49.943687977264624,77.09071829168852,2.839747751367422
S2_AAA_MLE_mult_n0,y1,11,0,0.7656556262531152,0.765655626240509,1.2606249377711265e-11,1.646464669684777e-11
S2_AAA_MLE_mult_n0,y1,11,1,-1.2407296239592338,-1.2407296241642047,2.0497092911853088e-10,1.652019305096124e-10
S2_AAA_MLE_mult_n0,y1,11,2,1.64799277873706,1.6479927857797183,7.0426582343685595e-9,4.273476392151247e-9
S2_AAA_MLE_mult_n0,y1,11,3,-1.2257352912896908,-1.2257352215955892,6.96941016009589e-8,5.685901523454412e-8
S2_AAA_MLE_mult_n0,y1,11,4,-1.3655855893083324,-1.3655892459276524,3.6566193200027186e-6,2.6776932538185267e-6
S2_AAA_MLE_mult_n0,y1,11,5,4.975355357880453,4.9753239318412525,3.142603920025522e-5,6.316340630921889e-6
S2_AAA_MLE_mult_n0,y1,11,6,5.073618666536742,5.075386641898453,0.0017679753617105831,0.0003484643758056427
S2_AAA_MLE_mult_n0,y1,11,7,-52.19748433601645,-52.175203366936536,0.02228096907991528,0.0004268590596528295
S2_AAA_MLE_mult_n0,y1,12,0,0.50476113515483,0.5047611351313315,2.3498536450006213e-11,4.6553775267975594e-11
S2_AAA_MLE_mult_n0,y1,12,1,-0.8715093557873437,-0.8715093573970314,1.6096877164528678e-9,1.8470114012701965e-9
S2_AAA_MLE_mult_n0,y1,12,2,1.3141203783570299,1.3141203046159167,7.374111321567511e-8,5.611442789424622e-8
S2_AAA_MLE_mult_n0,y1,12,3,-1.4066950062670946,-1.4066980237327091,3.0174656144854595e-6,2.1450745193820085e-6
S2_AAA_MLE_mult_n0,y1,12,4,-0.10200533591349163,-0.10210548953174606,0.00010015361825442548,0.0009818468549465241
S2_AAA_MLE_mult_n0,y1,12,5,4.7036619739815215,4.7012505974330745,0.0024113765484470306,0.0005126594049031687
S2_AAA_MLE_mult_n0,y1,12,6,-6.41009085892817,-6.449570025006242,0.039479166078072225,0.006158908968206658
S2_AAA_MLE_mult_n0,y1,12,7,-32.581791622041266,-33.018864520236676,0.4370728981954102,0.013414636716899712
S3_High_mult_n0,y1,1,0,2.224,2.2239999999222952,7.770495358272456e-11,3.4939277690073985e-11
S3_High_mult_n0,y1,1,1,-2.6825245441795227,-2.6825245357825978,8.396924933151695e-9,3.130232284871779e-9
S3_High_mult_n0,y1,1,2,1.974023656000974,1.974023227748276,4.2825269797042154e-7,2.1694405569484736e-7
S3_High_mult_n0,y1,1,3,0.40407047173108757,0.40408383450385443,1.3362772766867259e-5,3.307040158024787e-5
S3_High_mult_n0,y1,1,4,-1.7767526642491018,-1.7770236394117322,0.00027097516263041577,0.00015251147111403733
S3_High_mult_n0,y1,1,5,-3.4332576302201,-3.4299030906667305,0.0033545395533693956,0.0009770718992487442
S3_High_mult_n0,y1,1,6,3.390528178239735,3.37559387509351,0.014934303146225236,0.004404712882810694
S3_High_mult_n0,y1,1,7,36.42900139194968,36.16442619707523,0.26457519487445325,0.007262762764968924
S3_High_mult_n0,y1,2,0,2.2222120889957435,2.2222120889235417,7.220180009426258e-11,3.2490958199625235e-11
S3_High_mult_n0,y1,2,1,-2.681208438703187,-2.681208430589753,8.11343392470576e-9,3.026036248278393e-9
S3_High_mult_n0,y1,2,2,1.974292641312021,1.9742922193650119,4.2194700911046823e-7,2.1372060062487104e-7
S3_High_mult_n0,y1,2,3,0.4028852071765154,0.4029075455034712,2.2338326955806398e-5,5.544588522462019e-5
S3_High_mult_n0,y1,2,4,-1.7790407474191312,-1.6783109457653544,0.10072980165377676,0.05662028922041629
S3_High_mult_n0,y1,2,5,-3.430989180079341,103.31285476009441,106.74384394017375,31.111681890441087
S3_High_mult_n0,y1,2,6,3.4148262710003263,244928.69487402026,244925.28004774926,71724.08216714398
S3_High_mult_n0,y1,2,7,36.46524394726358,8.089418707214324e9,8.08941867074908e9,2.2183914859991288e8
S3_High_mult_n0,y1,3,0,2.2079403996111013,2.2079403995765357,3.4565683648679624e-11,1.5655170608213834e-11
S3_High_mult_n0,y1,3,1,-2.6706731931232963,-2.6706731870649847,6.0583116301415885e-9,2.2684586214970467e-9
S3_High_mult_n0,y1,3,2,1.9764159738715827,1.9764156210102328,3.528613499170774e-7,1.7853597349036832e-7
S3_High_mult_n0,y1,3,3,0.39334828113793413,0.3933600730148826,1.1791876948497038e-5,2.997820891547768e-5
S3_High_mult_n0,y1,3,4,-1.7972898661644552,-1.7975307135353595,0.00024084737090435127,0.0001340058581748623
S3_High_mult_n0,y1,3,5,-3.4122568008382865,-3.4000436615497,0.012213139288586472,0.003579196995251377
S3_High_mult_n0,y1,3,6,3.610067276653441,10.940745351146974,7.330678074493534,2.030620903355886
S3_High_mult_n0,y1,3,7,36.74798580066228,7500.175323890017,7463.427338089355,203.0975895814907
S3_High_mult_n0,y1,4,0,2.170744840671981,2.17074484069266,2.0679014056668166e-11,9.52622973885163e-12
S3_High_mult_n0,y1,4,1,-2.6429656487634294,-2.64296564659839,2.16503925898337e-9,8.191704118425951e-10
S3_High_mult_n0,y1,4,2,1.9817451608055974,1.9817449499760849,2.1082951251472082e-7,1.063857839466184e-7
S3_High_mult_n0,y1,4,3,0.367853531897816,0.36786212481030617,8.59291249016847e-6,2.335960306221947e-5
S3_High_mult_n0,y1,4,4,-1.844690787881631,-1.844898025002362,0.00020723712073111855,0.00011234247066908235
S3_High_mult_n0,y1,4,5,-3.358091615611286,-3.355097368722947,0.002994246888338825,0.0008916513398321241
S3_High_mult_n0,y1,4,6,4.129400580326576,4.104504845014587,0.024895735311988965,0.006028898099786694
S3_High_mult_n0,y1,4,7,37.42682706381732,34.449115113835205,2.9777119499821154,0.07956089745210707
S3_High_mult_n0,y1,5,0,2.0975199447405894,2.0975199447657897,2.5200286302151653e-11,1.2014324996212752e-11
S3_High_mult_n0,y1,5,1,-2.5873394201706326,-2.5873394212241783,1.0535456951288324e-9,4.071926887193456e-10
S3_High_mult_n0,y1,5,2,1.9913097659252945,1.9913097249738547,4.095143979476745e-8,2.05650775662915e-8
S3_High_mult_n0,y1,5,3,0.3149018906759774,0.3149057879082364,3.897232259020278e-6,1.2376020514371533e-5
S3_High_mult_n0,y1,5,4,-1.9369606143170268,-1.9370915562070885,0.00013094189006168655,6.76017308219025e-5
S3_High_mult_n0,y1,5,5,-3.227645264861911,-3.2252223281359966,0.0024229367259143153,0.0007506824719221356
S3_High_mult_n0,y1,5,6,5.193134860226937,5.170976538806708,0.02215832142022922,0.004266848833434862
S3_High_mult_n0,y1,5,7,38.48421232298865,38.433351759669314,0.05086056331933264,0.001321595538775025
S3_High_mult_n0,y1,6,0,1.9806138788647036,1.980613878840782,2.3921531422388398e-11,1.2077836915946647e-11
S3_High_mult_n0,y1,6,1,-2.4954380201337765,-2.495438020658376,5.2459947497141e-10,2.1022340396307941e-10
S3_High_mult_n0,y1,6,2,2.0036946227858885,2.003694657705859,3.4919970470781436e-8,1.742779067911534e-8
S3_High_mult_n0,y1,6,3,0.2224783237737739,0.22247839860706542,7.483329150792528e-8,3.363621688556912e-7
S3_High_mult_n0,y1,6,4,-2.0793090433386614,-2.079352120520361,4.307718169949126e-5,2.0717065525922973e-5
S3_High_mult_n0,y1,6,5,-2.9476675262145076,-2.946261033314155,0.0014064929003527737,0.0004771545256866328
S3_High_mult_n0,y1,6,6,6.985508026385962,6.964506279524751,0.021001746861211146,0.0030064738000274913
S3_High_mult_n0,y1,6,7,39.22357530590552,39.31027040905821,0.08669510315269235,0.002210280487603574
S3_High_mult_n0,y1,7,0,1.8155664073744118,1.8155664073753888,9.769962616701378e-13,5.381220194986008e-13
S3_High_mult_n0,y1,7,1,-2.358783918815806,-2.3587839180373398,7.784661804066673e-10,3.300286110130364e-10
S3_High_mult_n0,y1,7,2,2.013868010594221,2.013868007258894,3.335327125597587e-9,1.6561796046472033e-9
S3_High_mult_n0,y1,7,3,0.07467124207578402,0.07467069225634491,5.498194391023725e-7,7.363202001439315e-6
S3_High_mult_n0,y1,7,4,-2.2615518372241565,-2.261573378003907,2.1540779750583994e-5,9.524778250063588e-6
S3_High_mult_n0,y1,7,5,-2.3825334577372157,-2.3838004021694306,0.001266944432214867,0.0005317635427534072
S3_High_mult_n0,y1,7,6,9.618194198596006,18.691372656281597,9.073178457685591,0.9433349202920053
S3_High_mult_n0,y1,7,7,37.636830204883545,17510.33837830449,17472.701548099605,464.2447690994032
S3_High_mult_n0,y1,8,0,1.5984059112979474,1.5984059113120466,1.4099166278924713e-11,8.82076710256647e-12
S3_High_mult_n0,y1,8,1,-2.1654497221785167,-2.165449722733888,5.553713045003406e-10,2.5646926770556373e-10
S3_High_mult_n0,y1,8,2,2.010300430415165,2.0103004224019974,8.013167462905812e-9,3.986054691960118e-9
S3_High_mult_n0,y1,8,3,-0.15186919854651781,-0.15186884280448887,3.5574202894572693e-7,2.3424238249124788e-6
S3_High_mult_n0,y1,8,4,-2.440632759033328,-2.4406301409955766,2.618037751478397e-6,1.0726881140919105e-6
S3_High_mult_n0,y1,8,5,-1.2958312570297512,-1.2960417175614924,0.00021046053174123003,0.00016241353231719277
S3_High_mult_n0,y1,8,6,12.886801357193123,12.887558809501268,0.0007574523081448348,5.877737129253117e-5
S3_High_mult_n0,y1,8,7,29.2239478405887,29.305675049202904,0.08172720861420402,0.002796583441087803
S3_High_mult_n0,y1,9,0,1.3401647957823566,1.3401647957638219,1.8534729306907138e-11,1.3830186679457582e-11
S3_High_mult_n0,y1,9,1,-1.9128669216974497,-1.9128669212485683,4.4888137651355464e-10,2.3466419510000414e-10
S3_High_mult_n0,y1,9,2,1.971190812701664,1.9711908221736059,9.471941897487568e-9,4.805187725335208e-9
S3_High_mult_n0,y1,9,3,-0.46677152769617875,-0.46677175381021024,2.261140314985255e-7,4.844212169807044e-7
S3_High_mult_n0,y1,9,4,-2.4930431468824925,-2.493047179559215,4.032676722331985e-6,1.617571973182565e-6
S3_High_mult_n0,y1,9,5,0.5204791904253628,0.5204327152413525,4.647518401035278e-5,8.92930685132115e-5
S3_High_mult_n0,y1,9,6,15.337224031575785,15.131206805507581,0.20601722606820339,0.013432497669986545
S3_High_mult_n0,y1,9,7,7.794813163782403,-38.492536783848344,46.287349947630744,5.938224428867515
S3_High_mult_n0,y1,10,0,1.053611359014221,1.0536113590222458,8.024692021990631e-12,7.616368173458843e-12
S3_High_mult_n0,y1,10,1,-1.5989121201588865,-1.5989121207903374,6.314508915750139e-10,3.949253267979891e-10
S3_High_mult_n0,y1,10,2,1.8625318206671768,1.862531815795159,4.872017900225956e-9,2.6158038462294576e-9
S3_High_mult_n0,y1,10,3,-0.8558618090931431,-0.8558615780731778,2.3101996537988612e-7,2.699267135481498e-7
S3_High_mult_n0,y1,10,4,-2.204100790758087,-2.2039450654288495,0.00015572532923746607,7.06525445163083e-5
S3_High_mult_n0,y1,10,5,2.974250231424929,3.3877667491400723,0.4135165177151432,0.13903218812797477
S3_High_mult_n0,y1,10,6,13.747025373683478,-549.1820871660896,562.9291125397731,40.94915788963426
S3_High_mult_n0,y1,10,7,-27.1470303144239,-1.0962983442977334e6,1.096271197267419e6,40382.73006550343
S3_High_mult_n0,y1,11,0,0.7656556262531152,0.765655626287419,3.430378203717055e-11,4.480314760441686e-11
S3_High_mult_n0,y1,11,1,-1.2407296239592338,-1.2407296237232284,2.3600543741508773e-10,1.9021504190573117e-10
S3_High_mult_n0,y1,11,2,1.64799277873706,1.6479927569234358,2.181362424025224e-8,1.3236480475945481e-8
S3_High_mult_n0,y1,11,3,-1.2257352912896908,-1.2257355864002788,2.951105879667182e-7,2.407620879188438e-7
S3_High_mult_n0,y1,11,4,-1.3655855893083324,-1.365574434120724,1.1155187608302697e-5,8.16879417565675e-6
S3_High_mult_n0,y1,11,5,4.975355357880453,4.975610959873843,0.00025560199339036416,5.137361555200611e-5
S3_High_mult_n0,y1,11,6,5.073618666536742,5.116086041952974,0.04246737541623169,0.00837023399025374
S3_High_mult_n0,y1,11,7,-52.19748433601645,-87.74255589178559,35.545071555769134,0.6809728861059863
S3_High_mult_n0,y1,12,0,0.50476113515483,0.5047611353241901,1.6936008151446913e-10,3.355252013658297e-10
S3_High_mult_n0,y1,12,1,-0.8715093557873437,-0.8715092986608214,5.7126522290396053e-8,6.554894897116337e-8
S3_High_mult_n0,y1,12,2,1.3141203783570299,1.314131624760467,1.1246403437192853e-5,8.558122697445415e-6
S3_High_mult_n0,y1,12,3,-1.4066950062670946,-1.4045553234020036,0.0021396828650910305,0.001521070918399749
S3_High_mult_n0,y1,12,4,-0.10200533591349163,0.3788046810344362,0.48081001694792785,4.713577114786346
S3_High_mult_n0,y1,12,5,4.7036619739815215,137.03204342555807,132.32838145157655,28.13305509272474
S3_High_mult_n0,y1,12,6,-6.41009085892817,43610.93181143597,43617.3419022949,6804.481069335131
S3_High_mult_n0,y1,12,7,-32.581791622041266,1.6771179435878363e7,1.6771212017669985e7,514741.85987747903
S4_Altern_mult_n0,y1,1,0,2.224,2.2239999999222944,7.770584176114426e-11,3.493967705087421e-11
S4_Altern_mult_n0,y1,1,1,-2.6825245441795227,-2.6825245357825764,8.396946249433768e-9,3.1302402312229573e-9
S4_Altern_mult_n0,y1,1,2,1.974023656000974,1.9740232277478498,4.28253124296063e-7,2.1694427166269565e-7
S4_Altern_mult_n0,y1,1,3,0.40407047173108757,0.4040838345088851,1.3362777797509828e-5,3.307041403016173e-5
S4_Altern_mult_n0,y1,1,4,-1.7767526642491018,-1.7770236394658436,0.0002709752167417978,0.000152511501569251
S4_Altern_mult_n0,y1,1,5,-3.4332576302201,-3.429903089685369,0.003354540534731054,0.0009770721850885396
S4_Altern_mult_n0,y1,1,6,3.390528178239735,3.375593920521651,0.014934257718083987,0.004404699484266615
S4_Altern_mult_n0,y1,1,7,36.42900139194968,36.16442105593134,0.26458033601834074,0.007262903892743254
S4_Altern_mult_n0,y1,2,0,2.2222120889957435,2.222212088923541,7.220268827268228e-11,3.2491357881736635e-11
S4_Altern_mult_n0,y1,2,1,-2.681208438703187,-2.6812084305891375,8.114049432350612e-9,3.0262658117975763e-9
S4_Altern_mult_n0,y1,2,2,1.974292641312021,1.9742922211959384,4.201160825889616e-7,2.1279321707331717e-7
S4_Altern_mult_n0,y1,2,3,0.4028852071765154,0.40291522306105776,3.0015884542378135e-5,7.450232475084976e-5
S4_Altern_mult_n0,y1,2,4,-1.7790407474191312,-1.6322310566353977,0.14680969078373352,0.08252182587538341
S4_Altern_mult_n0,y1,2,5,-3.430989180079341,-224.48333193969418,221.05234275961485,64.42816667655683
S4_Altern_mult_n0,y1,2,6,3.4148262710003263,-2.6523677067952254e6,2.6523711216214965e6,776722.126143337
S4_Altern_mult_n0,y1,2,7,36.46524394726358,-2.0244486935909283e10,2.0244486972374527e10,5.551721250419253e8
S4_Altern_mult_n0,y1,3,0,2.2079403996111013,2.2079403995765348,3.4566571827099324e-11,1.565557287379123e-11
S4_Altern_mult_n0,y1,3,1,-2.6706731931232963,-2.670673187064985,6.058311186052379e-9,2.268458455213425e-9
S4_Altern_mult_n0,y1,3,2,1.9764159738715827,1.9764156210100716,3.528615111214606e-7,1.7853605505436363e-7
S4_Altern_mult_n0,y1,3,3,0.39334828113793413,0.39336007300263587,1.1791864701737875e-5,2.9978177780832505e-5
S4_Altern_mult_n0,y1,3,4,-1.7972898661644552,-1.797538872261665,0.00024900609720979183,0.00013854531864756386
S4_Altern_mult_n0,y1,3,5,-3.4122568008382865,-3.4063069147376615,0.005949886100625079,0.0017436806336391139
S4_Altern_mult_n0,y1,3,6,3.610067276653441,11.465668059995775,7.855600783342334,2.176026146145546
S4_Altern_mult_n0,y1,3,7,36.74798580066228,7502.47649271918,7465.728506918517,203.16020985248036
S4_Altern_mult_n0,y1,4,0,2.170744840671981,2.1707448406926595,2.0678569967458316e-11,9.526025159666859e-12
S4_Altern_mult_n0,y1,4,1,-2.6429656487634294,-2.642965646598363,2.165066348425171e-9,8.191806614808427e-10
S4_Altern_mult_n0,y1,4,2,1.9817451608055974,1.981744949976253,2.108293444269549e-7,1.0638569912856547e-7
S4_Altern_mult_n0,y1,4,3,0.367853531897816,0.36786212468379786,8.592785981864637e-6,2.3359259152774914e-5
S4_Altern_mult_n0,y1,4,4,-1.844690787881631,-1.8448980286978336,0.00020724081620260293,0.00011234447397039911
S4_Altern_mult_n0,y1,4,5,-3.358091615611286,-3.3550937103758973,0.002997905235388565,0.0008927407523522389
S4_Altern_mult_n0,y1,4,6,4.129400580326576,4.108491706238128,0.020908874088447327,0.005063416271131957
S4_Altern_mult_n0,y1,4,7,37.42682706381732,35.264898257064345,2.161928806752975,0.05776414877666819
S4_Altern_mult_n0,y1,5,0,2.0975199447405894,2.0975199447657897,2.5200286302151653e-11,1.2014324996212752e-11
S4_Altern_mult_n0,y1,5,1,-2.5873394201706326,-2.587339421224169,1.0535363692554256e-9,4.0718908429337266e-10
S4_Altern_mult_n0,y1,5,2,1.9913097659252945,1.9913097249735845,4.0951710023051646e-8,2.056521327008245e-8
S4_Altern_mult_n0,y1,5,3,0.3149018906759774,0.3149057879057964,3.897229818972114e-6,1.2376012765773522e-5
S4_Altern_mult_n0,y1,5,4,-1.9369606143170268,-1.9370915566304854,0.00013094231345855967,6.760194941017424e-5
S4_Altern_mult_n0,y1,5,5,-3.227645264861911,-3.2252223323637352,0.0024229324981757117,0.0007506811620698263
S4_Altern_mult_n0,y1,5,6,5.193134860226937,5.170976336129178,0.02215852409775909,0.004266887861408393
S4_Altern_mult_n0,y1,5,7,38.48421232298865,38.43365331345437,0.05055900953427539,0.0013137597597151242
S4_Altern_mult_n0,y1,6,0,1.9806138788647036,1.9806138788407823,2.3921309377783473e-11,1.2077724806965036e-11
S4_Altern_mult_n0,y1,6,1,-2.4954380201337765,-2.495438020658384,5.246074685771873e-10,2.1022660725072384e-10
S4_Altern_mult_n0,y1,6,2,2.0036946227858885,2.003694657705869,3.491998068483326e-8,1.7427795776724382e-8
S4_Altern_mult_n0,y1,6,3,0.2224783237737739,0.222478398612538,7.483876407476941e-8,3.363867670581197e-7
S4_Altern_mult_n0,y1,6,4,-2.0793090433386614,-2.0793521205940477,4.3077255386325675e-5,2.0717100964057893e-5
S4_Altern_mult_n0,y1,6,5,-2.9476675262145076,-2.9462610209491733,0.001406505265334257,0.0004771587205225067
S4_Altern_mult_n0,y1,6,6,6.985508026385962,6.964504684811933,0.021003341574028944,0.003006702088766374
S4_Altern_mult_n0,y1,6,7,39.22357530590552,39.31037709439813,0.08680178849260756,0.0022130004166024775
S4_Altern_mult_n0,y1,7,0,1.8155664073744118,1.8155664073753885,9.767742170652127e-13,5.379997190396239e-13
S4_Altern_mult_n0,y1,7,1,-2.358783918815806,-2.35878391803734,7.784657363174574e-10,3.3002842274262877e-10
S4_Altern_mult_n0,y1,7,2,2.013868010594221,2.0138680072588944,3.335326681508377e-9,1.6561793841316543e-9
S4_Altern_mult_n0,y1,7,3,0.07467124207578402,0.0746706921951796,5.498806044113014e-7,7.364021129489533e-6
S4_Altern_mult_n0,y1,7,4,-2.2615518372241565,-2.26157339377794,2.1556553783330656e-5,9.531753121250278e-6
S4_Altern_mult_n0,y1,7,5,-2.3825334577372157,-2.3940430797888994,0.01150962205168371,0.0048308333359628215
S4_Altern_mult_n0,y1,7,6,9.618194198596006,30.467042584048716,20.848848385452712,2.1676468529296358
S4_Altern_mult_n0,y1,7,7,37.636830204883545,17167.78726082732,17130.150430622438,455.1432821885124
S4_Altern_mult_n0,y1,8,0,1.5984059112979474,1.598405911312046,1.4098500145109938e-11,8.820350353723097e-12
S4_Altern_mult_n0,y1,8,1,-2.1654497221785167,-2.1654497227338885,5.553717485895504e-10,2.564694727850007e-10
S4_Altern_mult_n0,y1,8,2,2.010300430415165,2.0103004224020893,8.013075536439374e-9,3.9860089642345265e-9
S4_Altern_mult_n0,y1,8,3,-0.15186919854651781,-0.15186884280566165,3.5574085616163487e-7,2.3424161025823203e-6
S4_Altern_mult_n0,y1,8,4,-2.440632759033328,-2.440630140983215,2.6180501131456424e-6,1.0726931790354992e-6
S4_Altern_mult_n0,y1,8,5,-1.2958312570297512,-1.2960417178236163,0.0002104607938651082,0.00016241373459960936
S4_Altern_mult_n0,y1,8,6,12.886801357193123,12.887558630743332,0.0007572735502083816,5.876349989562682e-5
S4_Altern_mult_n0,y1,8,7,29.2239478405887,29.305678412914748,0.08173057232604819,0.0027966985423007714
S4_Altern_mult_n0,y1,9,0,1.3401647957823566,1.3401647957638219,1.8534729306907138e-11,1.3830186679457582e-11
S4_Altern_mult_n0,y1,9,1,-1.9128669216974497,-1.9128669212485487,4.4890091643878804e-10,2.3467441009458203e-10
S4_Altern_mult_n0,y1,9,2,1.971190812701664,1.9711908221744303,9.472766349105655e-9,4.805605975873296e-9
S4_Altern_mult_n0,y1,9,3,-0.46677152769617875,-0.46677175352521355,2.2582903480561356e-7,4.83810646978034e-7
S4_Altern_mult_n0,y1,9,4,-2.4930431468824925,-2.4930470956156197,3.9487331271459425e-6,1.5839008370487952e-6
S4_Altern_mult_n0,y1,9,5,0.5204791904253628,0.520477995782594,1.1946427688203087e-6,2.2952747982949794e-6
S4_Altern_mult_n0,y1,9,6,15.337224031575785,15.15293449884441,0.18428953273137516,0.012015833657509715
S4_Altern_mult_n0,y1,9,7,7.794813163782403,-22.146977997472305,29.94179116125471,3.841245522134564
S4_Altern_mult_n0,y1,10,0,1.053611359014221,1.053611359022246,8.024914066595557e-12,7.616578919672828e-12
S4_Altern_mult_n0,y1,10,1,-1.5989121201588865,-1.5989121207903971,6.315106215737387e-10,3.9496268344690793e-10
S4_Altern_mult_n0,y1,10,2,1.8625318206671768,1.8625318156740758,4.9931010437376244e-9,2.6808138193037944e-9
S4_Altern_mult_n0,y1,10,3,-0.8558618090931431,-0.8558615773370246,2.3175611851833366e-7,2.707868443900991e-7
S4_Altern_mult_n0,y1,10,4,-2.204100790758087,-2.203758107223008,0.0003426835350790469,0.00015547543765509155
S4_Altern_mult_n0,y1,10,5,2.974250231424929,3.3897727687036645,0.41552253727873545,0.13970665039829663
S4_Altern_mult_n0,y1,10,6,13.747025373683478,-2055.8591682924293,2069.6061936661126,150.54938340537646
S4_Altern_mult_n0,y1,10,7,-27.1470303144239,-992991.3659586434,992964.218928329,36577.268578830226
S4_Altern_mult_n0,y1,11,0,0.7656556262531152,0.765655626287419,3.430378203717055e-11,4.480314760441686e-11
S4_Altern_mult_n0,y1,11,1,-1.2407296239592338,-1.240729623723228,2.360058815042976e-10,1.9021539983158486e-10
S4_Altern_mult_n0,y1,11,2,1.64799277873706,1.6479927569218895,2.1815170558880936e-8,1.3237418780195748e-8
S4_Altern_mult_n0,y1,11,3,-1.2257352912896908,-1.2257355863517732,2.950620823227723e-7,2.4072251522783086e-7
S4_Altern_mult_n0,y1,11,4,-1.3655855893083324,-1.3655744195642605,1.1169744071892751e-5,8.179453678586498e-6
S4_Altern_mult_n0,y1,11,5,4.975355357880453,4.975641180373012,0.0002858224925592623,5.7447653885977964e-5
S4_Altern_mult_n0,y1,11,6,5.073618666536742,5.098232245669608,0.02461357913286566,0.004851286773916518
S4_Altern_mult_n0,y1,11,7,-52.19748433601645,-86.43629111927932,34.238806783262866,0.65594745070191
S4_Altern_mult_n0,y1,12,0,0.50476113515483,0.50476113532419,1.6935997049216667e-10,3.355249814156499e-10
S4_Altern_mult_n0,y1,12,1,-0.8715093557873437,-0.8715092986608374,5.71265063031845e-8,6.554893062688347e-8
S4_Altern_mult_n0,y1,12,2,1.3141203783570299,1.3141316247591195,1.1246402089604146e-5,8.558121671977178e-6
S4_Altern_mult_n0,y1,12,3,-1.4066950062670946,-1.404555323723398,0.002139682543696564,0.0015210706899248735
S4_Altern_mult_n0,y1,12,4,-0.10200533591349163,0.37880458073621615,0.4808099166497078,4.7135761315219
S4_Altern_mult_n0,y1,12,5,4.7036619739815215,137.0320156592871,132.3283536853056,28.13304918960689
S4_Altern_mult_n0,y1,12,6,-6.41009085892817,43610.92332109689,43617.33341195582,6804.479744808027
S4_Altern_mult_n0,y1,12,7,-32.581791622041266,1.6771176119020889e7,1.6771208700812511e7,514741.7580765249
PureAAA_mult_n0,y2,1,0,0.431,0.431,0.0,0.0
PureAAA_mult_n0,y2,1,1,2.248622187277166,2.2486221872898398,1.2673861959910937e-11,5.636278976352888e-12
PureAAA_mult_n0,y2,1,2,-3.707385445178789,-3.7073854477801325,2.601343584984761e-9,7.016652634183579e-10
PureAAA_mult_n0,y2,1,3,7.12142585358161,7.12142614997699,2.9639538023928935e-7,4.162022975921625e-8
PureAAA_mult_n0,y2,1,4,-39.381152448047224,-39.381176424311384,2.3976264159841776e-5,6.088258638817634e-7
PureAAA_mult_n0,y2,1,5,279.8523918232859,279.85389917446463,0.0015073511787022653,5.386236540204698e-6
PureAAA_mult_n0,y2,1,6,-2116.9272301064316,-2117.004372256607,0.07714215017540482,3.6440624447693644e-5
PureAAA_mult_n0,y2,1,7,17646.87811230215,17650.179571211866,3.301458909714711,0.00018708458735333861
PureAAA_mult_n0,y2,2,0,0.432498257946104,0.43249825794611174,7.716050021144838e-15,1.7840649943395556e-14
PureAAA_mult_n0,y2,2,1,2.246152177577012,2.246152177587756,1.0743850253902565e-11,4.783224556713811e-12
PureAAA_mult_n0,y2,2,2,-3.7026465655078127,-3.702646568413715,2.9059021855459832e-9,7.848175984756577e-10
PureAAA_mult_n0,y2,2,3,7.095233836975444,7.095233910445704,7.347026009796309e-8,1.0354875087426574e-8
PureAAA_mult_n0,y2,2,4,-39.19505374493416,-39.18835169179057,0.006702053143584408,0.00017099231926555601
PureAAA_mult_n0,y2,2,5,278.4450208550232,327.96754468529036,49.522523830267176,0.177853867446428
PureAAA_mult_n0,y2,2,6,-2105.197172910768,450962.55161393894,453067.7487868497,215.21392609529866
PureAAA_mult_n0,y2,2,7,17543.39401693206,1.853535777135779e9,1.853518233741762e9,105653.34347235394
PureAAA_mult_n0,y2,3,0,0.4444252544483964,0.44442525444843484,3.8413716652030416e-14,8.643459449600371e-14
PureAAA_mult_n0,y2,3,1,2.2265046575259575,2.2265046575275287,1.5711876244495215e-12,7.056745285210363e-13
PureAAA_mult_n0,y2,3,2,-3.665355789295825,-3.665355790487552,1.1917267173089385e-9,3.2513261626312373e-10
PureAAA_mult_n0,y2,3,3,6.8901010154968905,6.890101195200516,1.7970362531372075e-7,2.608142099942219e-8
PureAAA_mult_n0,y2,3,4,-37.73951581879398,-37.739531981622875,1.616282889216336e-5,4.282733506643029e-7
PureAAA_mult_n0,y2,3,5,267.4629406174473,267.4651611979935,0.0022205805461794625,8.302385897101022e-6
PureAAA_mult_n0,y2,3,6,-2013.79975312934,-2014.0757261716635,0.2759730423235851,0.00013704095548464407
PureAAA_mult_n0,y2,3,7,16736.926503527295,15428.663223701784,1308.2632798255108,0.07816627978558639
PureAAA_mult_n0,y2,4,0,0.47524020662890437,0.47524020662890903,4.6629367034256575e-15,9.811747066819104e-15
PureAAA_mult_n0,y2,4,1,2.1758480661021884,2.1758480660983994,3.788969138440734e-12,1.7413757869722444e-12
PureAAA_mult_n0,y2,4,2,-3.572473677838202,-3.572473677731826,1.063762411490643e-10,2.9776633991446334e-11
PureAAA_mult_n0,y2,4,3,6.387064326104807,6.387064360650049,3.4545242222350225e-8,5.408626006968348e-9
PureAAA_mult_n0,y2,4,4,-34.18496337262705,-34.18496895054176,5.5779147061230105e-6,1.6316866118363075e-7
PureAAA_mult_n0,y2,4,5,240.8444491942793,240.8449399552332,0.0004907609539088753,2.0376676961028846e-6
PureAAA_mult_n0,y2,4,6,-1793.3793007617383,-1793.4097202319422,0.030419470203923993,1.696209507436788e-5
PureAAA_mult_n0,y2,4,7,14791.86648975519,14793.108787217325,1.2422974621349567,8.39851727295787e-5
PureAAA_mult_n0,y2,5,0,0.5347860688176563,0.5347860688176385,1.787459069646502e-14,3.3423815126642056e-14
PureAAA_mult_n0,y2,5,1,2.078203381494844,2.0782033814961625,1.318500864044836e-12,6.344426516602255e-13
PureAAA_mult_n0,y2,5,2,-3.406199105298277,-3.406199105228978,6.929923301868257e-11,2.0345032946221184e-11
PureAAA_mult_n0,y2,5,3,5.518095865980215,5.518095854736585,1.1243630027024665e-8,2.0375923688356194e-9
PureAAA_mult_n0,y2,5,4,-28.093386529210164,-28.09338616104666,3.6816350501567285e-7,1.310498841543628e-8
PureAAA_mult_n0,y2,5,5,195.97924063493485,195.97929609721615,5.5462281295604043e-5,2.8300079700236096e-7
PureAAA_mult_n0,y2,5,6,-1426.345680004148,-1426.3593213262864,0.013641322138255418,9.56382616745174e-6
PureAAA_mult_n0,y2,5,7,11559.968838861845,11559.93849194594,0.030346915904374328,2.6251728120888414e-6
PureAAA_mult_n0,y2,6,0,0.6268642613749901,0.6268642613749978,7.771561172376096e-15,1.239751833248498e-14
PureAAA_mult_n0,y2,6,1,1.9269348761029055,1.9269348761023777,5.278000259067994e-13,2.7390651985823153e-13
PureAAA_mult_n0,y2,6,2,-3.179157711795061,-3.1791577118269414,3.1880276196716295e-11,1.0027900181999968e-11
PureAAA_mult_n0,y2,6,3,4.412000795814871,4.412000798906109,3.0912383763848084e-9,7.006432046243262e-10
PureAAA_mult_n0,y2,6,4,-20.417346888100216,-20.417346872408768,1.5691448140842112e-8,7.685351200056024e-10
PureAAA_mult_n0,y2,6,5,141.10899917584,141.10898841630336,1.0759536650084556e-5,7.624982611262649e-8
PureAAA_mult_n0,y2,6,6,-988.5146132810431,-988.5142117932317,0.0004014878114730891,4.061526315129372e-7
PureAAA_mult_n0,y2,6,7,7740.692120553393,7740.749664137338,0.05754358394551673,7.433906819872699e-6
PureAAA_mult_n0,y2,7,0,0.7507602266383622,0.7507602266383646,2.4424906541753444e-15,3.2533564878788938e-15
PureAAA_mult_n0,y2,7,1,1.7199974354949787,1.7199974354956438,6.650235917504688e-13,3.8664219959089014e-13
PureAAA_mult_n0,y2,7,2,-2.919747009403085,-2.9197470093987103,4.374722806232967e-12,1.498322557449023e-12
PureAAA_mult_n0,y2,7,3,3.3042235323351137,3.304223530814043,1.5210708248503124e-9,4.60341381254967e-10
PureAAA_mult_n0,y2,7,4,-12.75469397606379,-12.754694026655388,5.059159846609873e-8,3.966508217370162e-9
PureAAA_mult_n0,y2,7,5,88.75908929094645,88.75908025389035,9.037056102556562e-6,1.0181555686013956e-7
PureAAA_mult_n0,y2,7,6,-589.4726539845561,-589.4727426154595,8.863090340582858e-5,1.5035625962752575e-7
PureAAA_mult_n0,y2,7,7,4341.052886482184,4342.122118555351,1.0692320731677682,0.000246307082896249
PureAAA_mult_n0,y2,8,0,0.9028733245920112,0.9028733245920068,4.440892098500626e-15,4.9186214472637886e-15
PureAAA_mult_n0,y2,8,1,1.4533251200619346,1.4533251200613269,6.077360836798107e-13,4.1816939326962953e-13
PureAAA_mult_n0,y2,8,2,-2.6500533482610895,-2.6500533482531283,7.961187264982073e-12,3.0041611313998793e-12
PureAAA_mult_n0,y2,8,3,2.4150642102205233,2.415064210835572,6.150489006984117e-10,2.5467186259294143e-10
PureAAA_mult_n0,y2,8,4,-6.419209461259524,-6.4192094776582,1.6398675306561472e-8,2.5546253639998624e-9
PureAAA_mult_n0,y2,8,5,47.795374032670814,47.795373483139535,5.49531279148141e-7,1.1497582983083376e-8
PureAAA_mult_n0,y2,8,6,-301.0377700132649,-301.037739515713,3.0497551904318243e-5,1.0130805813162382e-7
PureAAA_mult_n0,y2,8,7,1993.7836190587034,1993.7837220185695,0.00010295986612618435,5.1640441390923515e-8
PureAAA_mult_n0,y2,9,0,1.066462469187783,1.066462469187802,1.887379141862766e-14,1.769756739119186e-14
PureAAA_mult_n0,y2,9,1,1.1352924529413282,1.1352924529414647,1.3655743202889425e-13,1.202839247940914e-13
PureAAA_mult_n0,y2,9,2,-2.3822171215858576,-2.382217121595639,9.781508936157479e-12,4.106052654699192e-12
PureAAA_mult_n0,y2,9,3,1.9012228627531698,1.9012228626542251,9.894463026682843e-11,5.204262593578653e-11
PureAAA_mult_n0,y2,9,4,-2.241856414764967,-2.2418564284855464,1.3720579339349115e-8,6.120186488744222e-9
PureAAA_mult_n0,y2,9,5,21.531962603960263,21.531958936695176,3.6672650871594215e-6,1.7031726994012706e-7
PureAAA_mult_n0,y2,9,6,-138.79415908370615,-138.79496013684422,0.0008010531380762131,5.7715190852743415e-6
PureAAA_mult_n0,y2,9,7,779.3557529906057,779.3741966206246,0.01844363001896454,2.3665225987222372e-5
PureAAA_mult_n0,y2,10,0,1.2214493003079585,1.2214493003079638,5.329070518200751e-15,4.36290766784766e-15
PureAAA_mult_n0,y2,10,1,0.7704508653155415,0.7704508653156966,1.5509815654013437e-13,2.013083033875408e-13
PureAAA_mult_n0,y2,10,2,-2.0894309319513917,-2.0894309319540594,2.667643883569326e-12,1.2767322636876642e-12
PureAAA_mult_n0,y2,10,3,1.7403204422475747,1.740320442100896,1.4667866921058703e-10,8.428256408983835e-11
PureAAA_mult_n0,y2,10,4,-0.13580762259889137,-0.13580762005292538,2.5459659935833656e-9,1.8746856360948836e-8
PureAAA_mult_n0,y2,10,5,6.356254480089873,6.356254571637044,9.154717162118686e-8,1.4402691381842291e-8
PureAAA_mult_n0,y2,10,6,-59.981640992675686,-59.98154309032964,9.790234604878378e-5,1.6322051952653074e-6
PureAAA_mult_n0,y2,10,7,289.59431935639674,289.61333393099915,0.01901457460240863,6.565934941219566e-5
PureAAA_mult_n0,y2,11,0,1.337356440626791,1.3373564406267897,1.3322676295501878e-15,9.961948730181326e-16
PureAAA_mult_n0,y2,11,1,0.3816898257688914,0.3816898257689506,5.92303983637521e-14,1.5517940056284184e-13
PureAAA_mult_n0,y2,11,2,-1.7330183795333016,-1.7330183795349026,1.6009416015094757e-12,9.237880108003275e-13
PureAAA_mult_n0,y2,11,3,1.777320200906437,1.777320200816729,8.970801879115697e-11,5.047375185709682e-11
PureAAA_mult_n0,y2,11,4,0.2430034563852474,0.24300345827066863,1.885421235803264e-9,7.7588247667317e-9
PureAAA_mult_n0,y2,11,5,-1.322989561881862,-1.32298953189691,2.99849518548001e-8,2.2664541519245673e-8
PureAAA_mult_n0,y2,11,6,-20.72789748606609,-20.72789588910391,1.5969621820488555e-6,7.704409881042595e-8
PureAAA_mult_n0,y2,11,7,130.62363766647525,130.61722742666774,0.006410239807507878,4.907411799291114e-5
PureAAA_mult_n0,y2,12,0,1.3832668761325912,1.3832668761325912,0.0,0.0
PureAAA_mult_n0,y2,12,1,0.005982638418968733,0.005982638418322769,6.459641849199116e-13,1.0797312818902745e-10
PureAAA_mult_n0,y2,12,2,-1.2893229094558878,-1.2893229095447918,8.890399527672344e-11,6.895401813207691e-11
PureAAA_mult_n0,y2,12,3,1.761677716197125,1.7616777088667175,7.330407614247747e-9,4.161037825960388e-9
PureAAA_mult_n0,y2,12,4,-0.44842023179387996,-0.44842065471787845,4.229239984887556e-7,9.431420986445502e-7
PureAAA_mult_n0,y2,12,5,-3.321117819838993,-3.3211356968301344,1.7876991141640985e-5,5.3828235285274095e-6
PureAAA_mult_n0,y2,12,6,1.5267295949678727,1.5261845324198768,0.0005450625479959115,0.00035701315399429414
PureAAA_mult_n0,y2,12,7,53.91987755379969,53.90972847712411,0.01014907667557452,0.00018822514323123352
GP_SE_mult_n0,y2,1,0,0.431,0.4310112760270135,1.127602701350705e-5,2.6162475669389908e-5
GP_SE_mult_n0,y2,1,1,2.248622187277166,2.247629756397181,0.0009924308799846848,0.0004413506571268024
GP_SE_mult_n0,y2,1,2,-3.707385445178789,-3.6640985577272156,0.043286887451573275,0.011675852994423612
GP_SE_mult_n0,y2,1,3,7.12142585358161,5.903452630635267,1.217973222946343,0.17102940450243995
GP_SE_mult_n0,y2,1,4,-39.381152448047224,-15.284581725622417,24.096570722424808,0.6118807913052751
GP_SE_mult_n0,y2,1,5,279.8523918232859,-63.762602058321235,343.6149938816072,1.2278436916079118
GP_SE_mult_n0,y2,1,6,-2116.9272301064316,1368.3055495535455,3485.232779659977,1.646363998768513
GP_SE_mult_n0,y2,1,7,17646.87811230215,-6424.589123786319,24071.46723608847,1.36406377847125
GP_SE_mult_n0,y2,2,0,0.432498257946104,0.4325088819102182,1.0623964114164774e-5,2.4564177818003337e-5
GP_SE_mult_n0,y2,2,1,2.246152177577012,2.2451883351699644,0.0009638424070477214,0.00042910823971305695
GP_SE_mult_n0,y2,2,2,-3.7026465655078127,-3.660166321554737,0.042480243953075814,0.011472940557924872
GP_SE_mult_n0,y2,2,3,7.095233836975444,5.893248806440292,1.2019850305351518,0.16940738785397577
GP_SE_mult_n0,y2,2,4,-39.19505374493416,-15.326786375873784,23.868267369060373,0.608961210370716
GP_SE_mult_n0,y2,2,5,278.4450208550232,-62.85182799973357,341.2968488547568,1.2257243739059653
GP_SE_mult_n0,y2,2,6,-2105.197172910768,1364.013653205612,3469.2108261163803,1.647926793156219
GP_SE_mult_n0,y2,2,7,17543.39401693206,-6451.0581847852945,23994.452201717355,1.3677200762041277
GP_SE_mult_n0,y2,3,0,0.4444252544483964,0.44443131249461587,6.0580462194481655e-6,1.3631192554453683e-5
GP_SE_mult_n0,y2,3,1,2.2265046575259575,2.225750873939315,0.0007537835866426867,0.0003385501953004106
GP_SE_mult_n0,y2,3,2,-3.665355789295825,-3.6289551859049514,0.0364006033908737,0.009930987735809093
GP_SE_mult_n0,y2,3,3,6.8901010154968905,5.810646321089175,1.0794546944077155,0.1566674700385171
GP_SE_mult_n0,y2,3,4,-37.73951581879398,-15.642761238212914,22.09675458058107,0.5855071031297402
GP_SE_mult_n0,y2,3,5,267.4629406174473,-55.669817009305774,323.1327576267531,1.2081403011601912
GP_SE_mult_n0,y2,3,6,-2013.79975312934,1329.0602605847828,3342.860013714123,1.659976374770874
GP_SE_mult_n0,y2,3,7,16736.926503527295,-6653.788864729886,23390.71536825718,1.3975514180173765
GP_SE_mult_n0,y2,4,0,0.47524020662890437,0.47523881922767874,1.387401225627638e-6,2.9193683663028174e-6
GP_SE_mult_n0,y2,4,1,2.1758480661021884,2.175507707135599,0.00034035896658934917,0.00015642588831998175
GP_SE_mult_n0,y2,4,2,-3.572473677838202,-3.5491624899681646,0.023311187870037386,0.006525223128905907
GP_SE_mult_n0,y2,4,3,6.387064326104807,5.586789036527308,0.8002752895774989,0.12529626268310218
GP_SE_mult_n0,y2,4,4,-34.18496337262705,-16.294989669445282,17.88997370318177,0.5233287369120547
GP_SE_mult_n0,y2,4,5,240.8444491942793,-37.73083483791508,278.57528403219436,1.1566605955177283
GP_SE_mult_n0,y2,4,6,-1793.3793007617383,1232.5883161387746,3025.967616900513,1.687299287783255
GP_SE_mult_n0,y2,4,7,14791.86648975519,-7109.430708919443,21901.297198674634,1.4806310761284533
GP_SE_mult_n0,y2,5,0,0.5347860688176563,0.5347817816120434,4.287205612962808e-6,8.016674073880182e-6
GP_SE_mult_n0,y2,5,1,2.078203381494844,2.078260766536667,5.7385041822843874e-5,2.7612813227917582e-5
GP_SE_mult_n0,y2,5,2,-3.406199105298277,-3.3992275476221945,0.006971557676082707,0.002046726412803815
GP_SE_mult_n0,y2,5,3,5.518095865980215,5.120062668913231,0.3980331970669839,0.07213234542025825
GP_SE_mult_n0,y2,5,4,-28.093386529210164,-16.894940751848427,11.198445777361737,0.39861501801209076
GP_SE_mult_n0,y2,5,5,195.97924063493485,-6.095427144568683,202.07466777950353,1.0311024123005104
GP_SE_mult_n0,y2,5,6,-1426.345680004148,1024.3751827325157,2450.7208627366635,1.7181815720362656
GP_SE_mult_n0,y2,5,7,11559.968838861845,-7690.093990308883,19250.06282917073,1.6652348373515187
GP_SE_mult_n0,y2,6,0,0.6268642613749901,0.6268653056213791,1.0442463890258935e-6,1.6658253682151223e-6
GP_SE_mult_n0,y2,6,1,1.9269348761029055,1.9270397637154963,0.00010488761259086488,5.443235985379689e-5
GP_SE_mult_n0,y2,6,2,-3.179157711795061,-3.1815006117220626,0.0023428999270014295,0.0007369561812894611
GP_SE_mult_n0,y2,6,3,4.412000795814871,4.351614607209553,0.060386188605317415,0.013686803652120475
GP_SE_mult_n0,y2,6,4,-20.417346888100216,-16.217803339887567,4.199543548212649,0.20568507608891423
GP_SE_mult_n0,y2,6,5,141.10899917584,32.778002266710644,108.33099690912937,0.7677114680271736
GP_SE_mult_n0,y2,6,6,-988.5146132810431,665.4340460511129,1653.948659332156,1.6731656134474608
GP_SE_mult_n0,y2,6,7,7740.692120553393,-7737.560941055642,15478.253061609033,1.9995954910169547
GP_SE_mult_n0,y2,7,0,0.7507602266383622,0.7507624579663176,2.231327955404261e-6,2.9720913232116137e-6
GP_SE_mult_n0,y2,7,1,1.7199974354949787,1.7199449756051075,5.245988987123695e-5,3.0499981446856118e-5
GP_SE_mult_n0,y2,7,2,-2.919747009403085,-2.9208675733149385,0.001120563911853445,0.0003837880159632508
GP_SE_mult_n0,y2,7,3,3.3042235323351137,3.352748762683738,0.048525230348624326,0.014685819489437287
GP_SE_mult_n0,y2,7,4,-12.75469397606379,-12.841634245279742,0.08694026921595288,0.006816335176611067
GP_SE_mult_n0,y2,7,5,88.75908929094645,61.047437488109175,27.711651802837274,0.3122119889265685
GP_SE_mult_n0,y2,7,6,-589.4726539845561,184.32969770475455,773.8023516893106,1.3127027122611592
GP_SE_mult_n0,y2,7,7,4341.052886482184,-6138.704035467669,10479.756921949853,2.4141048717888878
GP_SE_mult_n0,y2,8,0,0.9028733245920112,0.9028710184077221,2.306184289091462e-6,2.5542722619848985e-6
GP_SE_mult_n0,y2,8,1,1.4533251200619346,1.4533200214726079,5.098589326735237e-6,3.5082234913258476e-6
GP_SE_mult_n0,y2,8,2,-2.6500533482610895,-2.648900641665187,0.0011527065959024974,0.0004349748644339102
GP_SE_mult_n0,y2,8,3,2.4150642102205233,2.409255310577776,0.005808899642747445,0.002405277515257876
GP_SE_mult_n0,y2,8,4,-6.419209461259524,-6.902932508057582,0.48372304679805733,0.07535554801839185
GP_SE_mult_n0,y2,8,5,47.795374032670814,56.12600252463223,8.330628491961413,0.17429779890972213
GP_SE_mult_n0,y2,8,6,-301.0377700132649,-223.99647935562066,77.04129065764423,0.25591901858112187
GP_SE_mult_n0,y2,8,7,1993.7836190587034,-2261.321001628558,4255.104620687262,2.1341857662047414
GP_SE_mult_n0,y2,9,0,1.066462469187783,1.0664639599589658,1.490771182721673e-6,1.3978655843904596e-6
GP_SE_mult_n0,y2,9,1,1.1352924529413282,1.1353142821235407,2.182918221249608e-5,1.9227805272501188e-5
GP_SE_mult_n0,y2,9,2,-2.3822171215858576,-2.382889315125973,0.0006721935401152734,0.00028217139992167873
GP_SE_mult_n0,y2,9,3,1.9012228627531698,1.895395546971483,0.005827315781686826,0.0030650356125258575
GP_SE_mult_n0,y2,9,4,-2.241856414764967,-1.9547732963805255,0.28708311838444156,0.12805597918479492
GP_SE_mult_n0,y2,9,5,21.531962603960263,21.89207200019013,0.36010939622986626,0.016724411185984188
GP_SE_mult_n0,y2,9,6,-138.79415908370615,-236.92672786006563,98.13256877635948,0.7070367328438955
GP_SE_mult_n0,y2,9,7,779.3557529906057,1458.1409451559048,678.7851921652991,0.8709567993315129
GP_SE_mult_n0,y2,10,0,1.2214493003079585,1.2214480174439415,1.2828640170159389e-6,1.0502802013088028e-6
GP_SE_mult_n0,y2,10,1,0.7704508653155415,0.7704349581081482,1.5907207393306422e-5,2.064662149064049e-5
GP_SE_mult_n0,y2,10,2,-2.0894309319513917,-2.088905361757159,0.0005255701942328272,0.00025153748142417854
GP_SE_mult_n0,y2,10,3,1.7403204422475747,1.7454136181354076,0.005093175887832979,0.002926573614946042
GP_SE_mult_n0,y2,10,4,-0.13580762259889137,-0.33296284080773464,0.19715521820884327,1.451724243720416
GP_SE_mult_n0,y2,10,5,6.356254480089873,4.872414242349413,1.48384023774046,0.23344569390486072
GP_SE_mult_n0,y2,10,6,-59.981640992675686,2.739140057567969,62.72078105024366,1.0456663074273418
GP_SE_mult_n0,y2,10,7,289.59431935639674,630.2842365372095,340.68991718081276,1.176438536287495
GP_SE_mult_n0,y2,11,0,1.337356440626791,1.337357623639478,1.1830126869227797e-6,8.845904135836265e-7
GP_SE_mult_n0,y2,11,1,0.3816898257688914,0.38167678503769653,1.3040731194846611e-5,3.4165781517955936e-5
GP_SE_mult_n0,y2,11,2,-1.7330183795333016,-1.7336016098918923,0.0005832303585906473,0.00033654020377308985
GP_SE_mult_n0,y2,11,3,1.777320200906437,1.7820542395953964,0.0047340386889593855,0.0026635823339795587
GP_SE_mult_n0,y2,11,4,0.2430034563852474,0.5269293865339073,0.2839259301486599,1.1684028464950547
GP_SE_mult_n0,y2,11,5,-1.322989561881862,-1.2620234071360887,0.06096615474577316,0.046082113194493374
GP_SE_mult_n0,y2,11,6,-20.72789748606609,-121.12584902709963,100.39795154103354,4.843614824345982
GP_SE_mult_n0,y2,11,7,130.62363766647525,-938.7302917192749,1069.3539293857502,8.1865269448104
GP_SE_mult_n0,y2,12,0,1.3832668761325912,1.383263613178764,3.262953827354309e-6,2.35887512645213e-6
GP_SE_mult_n0,y2,12,1,0.005982638418968733,0.005708019524917415,0.00027461889405131813,0.04590263940749005
GP_SE_mult_n0,y2,12,2,-1.2893229094558878,-1.3000053073582636,0.010682397902375795,0.00828527735296654
GP_SE_mult_n0,y2,12,3,1.761677716197125,1.5178197626509018,0.2438579535462233,0.13842370332788867
GP_SE_mult_n0,y2,12,4,-0.44842023179387996,-3.7611992420999254,3.3127790103060453,7.387666245685344
GP_SE_mult_n0,y2,12,5,-3.321117819838993,-23.835997543898944,20.514879724059952,6.177100854872565
GP_SE_mult_n0,y2,12,6,1.5267295949678727,100.14079353378101,98.61406393881313,64.59170259346959
GP_SE_mult_n0,y2,12,7,53.91987755379969,2507.954593527602,2454.034715973802,45.512616632432774
GP_RQ_mult_n0,y2,1,0,0.431,0.43101089577591034,1.0895775910346739e-5,2.528022252980682e-5
GP_RQ_mult_n0,y2,1,1,2.248622187277166,2.2476645701131424,0.0009576171640235387,0.00042586841375211534
GP_RQ_mult_n0,y2,1,2,-3.707385445178789,-3.6656173402006305,0.041768104978158416,0.011266188961408125
GP_RQ_mult_n0,y2,1,3,7.12142585358161,5.944971870064883,1.1764539835167271,0.16519921820502392
GP_RQ_mult_n0,y2,1,4,-39.381152448047224,-16.067202253487704,23.31395019455952,0.5920078196115761
GP_RQ_mult_n0,y2,1,5,279.8523918232859,-53.169055578977215,333.02144740226316,1.1899896414412319
GP_RQ_mult_n0,y2,1,6,-2116.9272301064316,1263.6801588008752,3380.607388907307,1.5969407643442435
GP_RQ_mult_n0,y2,1,7,17646.87811230215,-5694.462126733105,23341.340239035257,1.3226894916196725
GP_RQ_mult_n0,y2,2,0,0.432498257946104,0.4325085245563953,1.0266610291298495e-5,2.373792287639196e-5
GP_RQ_mult_n0,y2,2,1,2.246152177577012,2.2452221453094476,0.0009300322675644956,0.0004140557691722151
GP_RQ_mult_n0,y2,2,2,-3.7026465655078127,-3.6616575983444024,0.04098896716341027,0.011070180866098596
GP_RQ_mult_n0,y2,2,3,7.095233836975444,5.9342486479436705,1.1609851890317735,0.1636288832344782
GP_RQ_mult_n0,y2,2,4,-39.19505374493416,-16.102367749864676,23.09268599506948,0.589173474422245
GP_RQ_mult_n0,y2,2,5,278.4450208550232,-52.3278696491343,330.7728905041575,1.1879289113824005
GP_RQ_mult_n0,y2,2,6,-2105.197172910768,1259.8745351041885,3365.0717080149566,1.598459161600627
GP_RQ_mult_n0,y2,2,7,17543.39401693206,-5722.370130263946,23265.764147196005,1.3261837546794528
GP_RQ_mult_n0,y2,3,0,0.4444252544483964,0.4444311152455024,5.860797105960991e-6,1.3187362885655964e-5
GP_RQ_mult_n0,y2,3,1,2.2265046575259575,2.225777294206229,0.0007273633197284468,0.00032668394259578005
GP_RQ_mult_n0,y2,3,2,-3.665355789295825,-3.6302385647979367,0.035117224497888344,0.009580850132050876
GP_RQ_mult_n0,y2,3,3,6.8901010154968905,5.847656795026422,1.0424442204704683,0.15129592703007574
GP_RQ_mult_n0,y2,3,4,-37.73951581879398,-16.3636775751953,21.375838243598682,0.566404676367196
GP_RQ_mult_n0,y2,3,5,267.4629406174473,-45.690959881312956,313.15390049876027,1.170830993541886
GP_RQ_mult_n0,y2,3,6,-2013.79975312934,1228.7756590956174,3242.5754122249573,1.610177678881013
GP_RQ_mult_n0,y2,3,7,16736.926503527295,-5937.205183491873,22674.131687019166,1.3547368856665893
GP_RQ_mult_n0,y2,4,0,0.47524020662890437,0.47523888196372577,1.3246651786036345e-6,2.78735923460704e-6
GP_RQ_mult_n0,y2,4,1,2.1758480661021884,2.175519473249837,0.0003285928523513171,0.0001510182891308022
GP_RQ_mult_n0,y2,4,2,-3.572473677838202,-3.5499939657379915,0.02247971210021049,0.006292478021507371
GP_RQ_mult_n0,y2,4,3,6.387064326104807,5.614639882500429,0.7724244436043781,0.12093575454491254
GP_RQ_mult_n0,y2,4,4,-34.18496337262705,-16.885706111526574,17.29925726110048,0.5060487288675151
GP_RQ_mult_n0,y2,4,5,240.8444491942793,-29.086870479818163,269.93131967409744,1.1207703585327597
GP_RQ_mult_n0,y2,4,6,-1793.3793007617383,1142.0894726979127,2935.468773459651,1.636836542170867
GP_RQ_mult_n0,y2,4,7,14791.86648975519,-6429.020465651036,21220.886955406226,1.4346321317937638
GP_RQ_mult_n0,y2,5,0,0.5347860688176563,0.5347819359109128,4.132906743503639e-6,7.728149599410785e-6
GP_RQ_mult_n0,y2,5,1,2.078203381494844,2.0782582162026735,5.4834707829520823e-5,2.638563112628487e-5
GP_RQ_mult_n0,y2,5,2,-3.406199105298277,-3.3994813576760787,0.0067177476221984556,0.0019722122561036223
GP_RQ_mult_n0,y2,5,3,5.518095865980215,5.134447794206926,0.3836480717732895,0.06952544520629483
GP_RQ_mult_n0,y2,5,4,-28.093386529210164,-17.276686753983896,10.816699775226269,0.3850265529212571
GP_RQ_mult_n0,y2,5,5,195.97924063493485,0.2705615123828088,195.70867912255204,0.9986194378980843
GP_RQ_mult_n0,y2,5,6,-1426.345680004148,951.7616733776622,2378.1073533818103,1.6672727983968756
GP_RQ_mult_n0,y2,5,7,11559.968838861845,-7095.138336942323,18655.10717580417,1.6137679465960297
GP_RQ_mult_n0,y2,6,0,0.6268642613749901,0.6268652461142687,9.847392786754838e-7,1.5708971452855134e-6
GP_RQ_mult_n0,y2,6,1,1.9269348761029055,1.9270356353435845,0.00010075924067898256,5.228990451548693e-5
GP_RQ_mult_n0,y2,6,2,-3.179157711795061,-3.1814058880172373,0.0022481762221762125,0.0007071609608529975
GP_RQ_mult_n0,y2,6,3,4.412000795814871,4.35410200337124,0.0578987924436305,0.013123024025415419
GP_RQ_mult_n0,y2,6,4,-20.417346888100216,-16.374500565455154,4.042846322645062,0.19801036563674893
GP_RQ_mult_n0,y2,6,5,141.10899917584,36.37985697285275,104.72914220298726,0.7421861313925219
GP_RQ_mult_n0,y2,6,6,-988.5146132810431,616.7087349290041,1605.2233482100473,1.623874171047453
GP_RQ_mult_n0,y2,6,7,7740.692120553393,-7293.107333298269,15033.799453851661,1.9421776786514116
GP_RQ_mult_n0,y2,7,0,0.7507602266383622,0.7507623650822333,2.138443871091411e-6,2.8483712844866646e-6
GP_RQ_mult_n0,y2,7,1,1.7199974354949787,1.7199475031572573,4.993233772143668e-5,2.9030472191993248e-5
GP_RQ_mult_n0,y2,7,2,-2.919747009403085,-2.9208156745273324,0.0010686651242473033,0.00036601291851850613
GP_RQ_mult_n0,y2,7,3,3.3042235323351137,3.3507143791613583,0.0464908468262446,0.014070127632493814
GP_RQ_mult_n0,y2,7,4,-12.75469397606379,-12.845408683367216,0.09071470730342668,0.00711226058999669
GP_RQ_mult_n0,y2,7,5,88.75908929094645,62.2109319665646,26.548157324381847,0.29910353448263466
GP_RQ_mult_n0,y2,7,6,-589.4726539845561,159.30882046286055,748.7814744474167,1.2702565070423681
GP_RQ_mult_n0,y2,7,7,4341.052886482184,-5872.73039176607,10213.783278248255,2.3528354860760743
GP_RQ_mult_n0,y2,8,0,0.9028733245920112,0.9028711495426566,2.1750493546246474e-6,2.409030475684399e-6
GP_RQ_mult_n0,y2,8,1,1.4533251200619346,1.4533202801617937,4.8399001408849784e-6,3.3302253391716796e-6
GP_RQ_mult_n0,y2,8,2,-2.6500533482610895,-2.648962261808431,0.0010910864526585407,0.00041172244829504627
GP_RQ_mult_n0,y2,8,3,2.4150642102205233,2.4093546213956576,0.005709588824865719,0.0023641561167205435
GP_RQ_mult_n0,y2,8,4,-6.419209461259524,-6.877005525327574,0.4577960640680496,0.07131657984225127
GP_RQ_mult_n0,y2,8,5,47.795374032670814,55.87753071967495,8.082156687004137,0.16909914088086286
GP_RQ_mult_n0,y2,8,6,-301.0377700132649,-230.31007806324473,70.72769195002016,0.23494623929383884
GP_RQ_mult_n0,y2,8,7,1993.7836190587034,-2117.7112641835356,4111.494883242239,2.0621570184147364
GP_RQ_mult_n0,y2,9,0,1.066462469187783,1.0664638511709335,1.381983150361421e-6,1.2958572760783025e-6
GP_RQ_mult_n0,y2,9,1,1.1352924529413282,1.1353126775248428,2.0224583514583117e-5,1.781442610860756e-5
GP_RQ_mult_n0,y2,9,2,-2.3822171215858576,-2.3828476315647587,0.0006305099789010171,0.00026467359888727624
GP_RQ_mult_n0,y2,9,3,1.9012228627531698,1.8959777567493423,0.005245106003827438,0.002758806506372417
GP_RQ_mult_n0,y2,9,4,-2.241856414764967,-1.970677894863186,0.2711785199017811,0.12096159152557104
GP_RQ_mult_n0,y2,9,5,21.531962603960263,21.727348139370154,0.19538553540989057,0.009074209304727025
GP_RQ_mult_n0,y2,9,6,-138.79415908370615,-231.66538962978993,92.87123054608378,0.6691292426079224
GP_RQ_mult_n0,y2,9,7,779.3557529906057,1487.0941025871145,707.7383495965089,0.9081069163610062
GP_RQ_mult_n0,y2,10,0,1.2214493003079585,1.2214481356105318,1.164697426725425e-6,9.535372662883144e-7
GP_RQ_mult_n0,y2,10,1,0.7704508653155415,0.7704366116104815,1.4253705060029986e-5,1.850047251772807e-5
GP_RQ_mult_n0,y2,10,2,-2.0894309319513917,-2.0889478919935107,0.00048303995788101517,0.00023118254377036884
GP_RQ_mult_n0,y2,10,3,1.7403204422475747,1.74473089170213,0.004410449454555376,0.0025342743482685325
GP_RQ_mult_n0,y2,10,4,-0.13580762259889137,-0.31909067559745824,0.18328305299856687,1.3495785397841362
GP_RQ_mult_n0,y2,10,5,6.356254480089873,5.140763390423093,1.2154910896667799,0.19122756860571663
GP_RQ_mult_n0,y2,10,6,-59.981640992675686,-0.811503806265392,59.170137186410294,0.9864707968499147
GP_RQ_mult_n0,y2,10,7,289.59431935639674,540.484197338433,250.88987798203624,0.8663494454574301
GP_RQ_mult_n0,y2,11,0,1.337356440626791,1.337357474624392,1.0339976008744145e-6,7.73165305421344e-7
GP_RQ_mult_n0,y2,11,1,0.3816898257688914,0.38167810117367634,1.1724595215034661e-5,3.0717599536262626e-5
GP_RQ_mult_n0,y2,11,2,-1.7330183795333016,-1.7335242269591904,0.0005058474258887724,0.00029188809066467956
GP_RQ_mult_n0,y2,11,3,1.777320200906437,1.7818288538414344,0.004508652934997359,0.002536770207584394
GP_RQ_mult_n0,y2,11,4,0.2430034563852474,0.48892524632247514,0.24592178993722774,1.0120094322747153
GP_RQ_mult_n0,y2,11,5,-1.322989561881862,-1.5517411356929176,0.2287515738110557,0.17290504808342727
GP_RQ_mult_n0,y2,11,6,-20.72789748606609,-109.57214817161588,88.84425068554978,4.286216233232219
GP_RQ_mult_n0,y2,11,7,130.62363766647525,-671.6760011465668,802.2996388130421,6.142070862102116
GP_RQ_mult_n0,y2,12,0,1.3832668761325912,1.3832641675944477,2.7085381435476563e-6,1.9580734493696016e-6
GP_RQ_mult_n0,y2,12,1,0.005982638418968733,0.005755698641817514,0.00022693977715121903,0.03793305917196616
GP_RQ_mult_n0,y2,12,2,-1.2893229094558878,-1.2980505347910254,0.008727625335137601,0.006769154004112732
GP_RQ_mult_n0,y2,12,3,1.761677716197125,1.5668342215164475,0.19484349468067763,0.11060110080819992
GP_RQ_mult_n0,y2,12,4,-0.44842023179387996,-2.9749073523082865,2.5264871205144064,5.634195206597473
GP_RQ_mult_n0,y2,12,5,-3.321117819838993,-16.615937663068348,13.294819843229355,4.003115988180716
GP_RQ_mult_n0,y2,12,6,1.5267295949678727,110.35909474480422,108.83236514983635,71.2846371148825
GP_RQ_mult_n0,y2,12,7,53.91987755379969,1908.1600974602998,1854.2402199065,34.38880620706887
FHD5_mult_n0,y2,1,0,0.431,0.431,0.0,0.0
FHD5_mult_n0,y2,1,1,2.248622187277166,2.248622187285619,8.453238109495942e-12,3.759296762846534e-12
FHD5_mult_n0,y2,1,2,-3.707385445178789,-3.707385504767655,5.958886628576465e-8,1.607301619076486e-8
FHD5_mult_n0,y2,1,3,7.12142585358161,7.121557777718813,0.00013192413720286567,1.8524961140544135e-5
FHD5_mult_n0,y2,1,4,-39.381152448047224,-37.75918221137759,1.6219702366696325,0.04118645940616856
FHD5_mult_n0,y2,1,5,279.8523918232859,-14827.801119206748,15107.653511030034,53.9843644451316
FHD5_mult_n0,y2,1,6,-2116.9272301064316,-9.55784628988854e6,9.555729362658434e6,4513.962136609677
FHD5_mult_n0,y2,1,7,17646.87811230215,6.102317012797577e11,6.102316836328796e11,3.4580149517067805e7
FHD5_mult_n0,y2,2,0,0.432498257946104,0.4324982579461041,5.551115123125783e-17,1.2834999959277378e-16
FHD5_mult_n0,y2,2,1,2.246152177577012,2.246152177578239,1.227018486815723e-12,5.462757595254933e-13
FHD5_mult_n0,y2,2,2,-3.7026465655078127,-3.7026465471637486,1.8344064045550112e-8,4.954311388085255e-9
FHD5_mult_n0,y2,2,3,7.095233836975444,7.095120325736407,0.00011351123903668991,1.599823792207495e-5
FHD5_mult_n0,y2,2,4,-39.19505374493416,-39.77682050307133,0.5817667581371708,0.014842861599912015
FHD5_mult_n0,y2,2,5,278.4450208550232,5656.076816800208,5377.631795945184,19.313082990071255
FHD5_mult_n0,y2,2,6,-2105.197172910768,2.2086279873952005e7,2.2088385071124915e7,10492.31176792064
FHD5_mult_n0,y2,2,7,17543.39401693206,-2.5026293827927856e11,2.5026295582267258e11,1.4265367099497994e7
FHD5_mult_n0,y2,3,0,0.4444252544483964,0.44442525444839637,5.551115123125783e-17,1.2490548337572792e-16
FHD5_mult_n0,y2,3,1,2.2265046575259575,2.226504657528381,2.4233948181517917e-12,1.0884301588861773e-12
FHD5_mult_n0,y2,3,2,-3.665355789295825,-3.6653557872091294,2.086695705116881e-9,5.693023610997855e-10
FHD5_mult_n0,y2,3,3,6.8901010154968905,6.890054417961447,4.6597535443559934e-5,6.76296840042765e-6
FHD5_mult_n0,y2,3,4,-37.73951581879398,-37.90116073459655,0.1616449158025688,0.004283174076178023
FHD5_mult_n0,y2,3,5,267.4629406174473,722.0888491613842,454.62590854393693,1.6997715926341703
FHD5_mult_n0,y2,3,6,-2013.79975312934,2.2092526802110597e6,2.211266479964189e6,1098.0567837134731
FHD5_mult_n0,y2,3,7,16736.926503527295,5.000831738668367e9,5.000815001741864e9,298789.3267433508
FHD5_mult_n0,y2,4,0,0.47524020662890437,0.47524020662890554,1.1657341758564144e-15,2.452936766704776e-15
FHD5_mult_n0,y2,4,1,2.1758480661021884,2.175848066117357,1.516875514084859e-11,6.971422029490266e-12
FHD5_mult_n0,y2,4,2,-3.572473677838202,-3.572473698810691,2.097248907872995e-8,5.870579035706417e-9
FHD5_mult_n0,y2,4,3,6.387064326104807,6.386851938672324,0.0002123874324828634,3.325274674545031e-5
FHD5_mult_n0,y2,4,4,-34.18496337262705,-34.14696747886356,0.03799589376349388,0.0011114797271925222
FHD5_mult_n0,y2,4,5,240.8444491942793,4290.369772057076,4049.525322862797,16.81386196115407
FHD5_mult_n0,y2,4,6,-1793.3793007617383,2.846827581791673e7,2.847006919721749e7,15875.096353083156
FHD5_mult_n0,y2,4,7,14791.86648975519,-9.664834027792465e10,9.664835506979114e10,6.533885033151804e6
FHD5_mult_n0,y2,5,0,0.5347860688176563,0.5347860688176554,8.881784197001252e-16,1.6608106895225864e-15
FHD5_mult_n0,y2,5,1,2.078203381494844,2.078203381498173,3.3288927170360694e-12,1.6018127709144661e-12
FHD5_mult_n0,y2,5,2,-3.406199105298277,-3.4061990891901597,1.6108117506519193e-8,4.7290592853081684e-9
FHD5_mult_n0,y2,5,3,5.518095865980215,5.517973959024372,0.00012190695584290978,2.209221419919182e-5
FHD5_mult_n0,y2,5,4,-28.093386529210164,-28.108133201292524,0.014746672082360135,0.0005249161423464291
FHD5_mult_n0,y2,5,5,195.97924063493485,2375.7835455081236,2179.804304873189,11.122628589696767
FHD5_mult_n0,y2,5,6,-1426.345680004148,-8.518965796948247e6,8.517539451268243e6,5971.581483139116
FHD5_mult_n0,y2,5,7,11559.968838861845,-4.342359608750425e10,4.342360764747309e10,3.7563775692451117e6
FHD5_mult_n0,y2,6,0,0.6268642613749901,0.6268642613749903,2.220446049250313e-16,3.5421480949957086e-16
FHD5_mult_n0,y2,6,1,1.9269348761029055,1.9269348760892508,1.36546329798648e-11,7.086193285099684e-12
FHD5_mult_n0,y2,6,2,-3.179157711795061,-3.1791577300015814,1.820652029138614e-8,5.7268377167441996e-9
FHD5_mult_n0,y2,6,3,4.412000795814871,4.4122836030727886,0.00028280725791773875,6.409954825620241e-5
FHD5_mult_n0,y2,6,4,-20.417346888100216,-20.043165947910328,0.3741809401898877,0.018326619136199842
FHD5_mult_n0,y2,6,5,141.10899917584,-5985.0508805362215,6126.159879712061,43.41438119108248
FHD5_mult_n0,y2,6,6,-988.5146132810431,3.507549191628765e6,3.508537706242046e6,3549.3028217323263
FHD5_mult_n0,y2,6,7,7740.692120553393,1.3613878661020308e11,1.3613877886951096e11,1.7587416829049416e7
FHD5_mult_n0,y2,7,0,0.7507602266383622,0.7507602266383622,0.0,0.0
FHD5_mult_n0,y2,7,1,1.7199974354949787,1.71999743551373,1.8751222796709044e-11,1.0901889973639897e-11
FHD5_mult_n0,y2,7,2,-2.919747009403085,-2.9197469804347636,2.8968321519329265e-8,9.921517660960484e-9
FHD5_mult_n0,y2,7,3,3.3042235323351137,3.3038989123401223,0.00032461999499133753,9.824395710962288e-5
FHD5_mult_n0,y2,7,4,-12.75469397606379,-13.28538686564071,0.5306928895769207,0.041607653666395315
FHD5_mult_n0,y2,7,5,88.75908929094645,6361.969471498207,6273.21038220726,70.67682230992806
FHD5_mult_n0,y2,7,6,-589.4726539845561,-2.5586765566941176e7,2.558617609428719e7,43405.19601941964
FHD5_mult_n0,y2,7,7,4341.052886482184,-1.2933134551536499e11,1.2933134985641788e11,2.979262249007587e7
FHD5_mult_n0,y2,8,0,0.9028733245920112,0.902873324592012,7.771561172376096e-16,8.607587532711629e-16
FHD5_mult_n0,y2,8,1,1.4533251200619346,1.4533251200592476,2.686961764197804e-12,1.848837350367478e-12
FHD5_mult_n0,y2,8,2,-2.6500533482610895,-2.650053387757928,3.949683868853526e-8,1.4904167387593263e-8
FHD5_mult_n0,y2,8,3,2.4150642102205233,2.4153194452955233,0.0002552350750000265,0.00010568459170562616
FHD5_mult_n0,y2,8,4,-6.419209461259524,-4.911294580337083,1.5079148809224412,0.23490663297760198
FHD5_mult_n0,y2,8,5,47.795374032670814,-7251.645308647499,7299.4406826801705,152.72274420722377
FHD5_mult_n0,y2,8,6,-301.0377700132649,-1.0516599739185777e8,1.0516569635408776e8,349343.85924216005
FHD5_mult_n0,y2,8,7,1993.7836190587034,1.7602628388863962e11,1.76026281894856e11,8.828755548606662e7
FHD5_mult_n0,y2,9,0,1.066462469187783,1.0664624691878029,1.9761969838327786e-14,1.8530394091953826e-14
FHD5_mult_n0,y2,9,1,1.1352924529413282,1.1352924530097115,6.838329902336682e-11,6.023408228091238e-11
FHD5_mult_n0,y2,9,2,-2.3822171215858576,-2.3822173402717906,2.1868593291785032e-7,9.179932884214587e-8
FHD5_mult_n0,y2,9,3,1.9012228627531698,1.9002476728885025,0.0009751898646672696,0.0005129276971007452
FHD5_mult_n0,y2,9,4,-2.241856414764967,0.5844161283593553,2.8262725431243223,1.260684013708623
FHD5_mult_n0,y2,9,5,21.531962603960263,15156.95843540229,15135.42647279833,702.9283280482082
FHD5_mult_n0,y2,9,6,-138.79415908370615,-1.051845988764649e8,1.0518446008230582e8,757845.0042618114
FHD5_mult_n0,y2,9,7,779.3557529906057,-2.4659420994743976e11,2.465942107267955e11,3.16407763438641e8
FHD5_mult_n0,y2,10,0,1.2214493003079585,1.2214493003079585,0.0,0.0
FHD5_mult_n0,y2,10,1,0.7704508653155415,0.7704508653055083,1.0033196495840002e-11,1.3022500132738332e-11
FHD5_mult_n0,y2,10,2,-2.0894309319513917,-2.089430928257683,3.693708894303427e-9,1.767806170483819e-9
FHD5_mult_n0,y2,10,3,1.7403204422475747,1.7405448380105502,0.00022439576297550445,0.0001289393364165186
FHD5_mult_n0,y2,10,4,-0.13580762259889137,-0.43353728962348326,0.2977296670245919,2.1922898091216743
FHD5_mult_n0,y2,10,5,6.356254480089873,-5204.353432366898,5210.709686846988,819.7767573920848
FHD5_mult_n0,y2,10,6,-59.981640992675686,1.4135393417863345e7,1.4135453399504337e7,235662.9989704751
FHD5_mult_n0,y2,10,7,289.59431935639674,1.2857830586957713e11,1.2857830557998282e11,4.439945709768727e8
FHD5_mult_n0,y2,11,0,1.337356440626791,1.337356440626791,0.0,0.0
FHD5_mult_n0,y2,11,1,0.3816898257688914,0.3816898257601226,8.768763493094411e-12,2.2973532174797325e-11
FHD5_mult_n0,y2,11,2,-1.7330183795333016,-1.733018366760864,1.277243755204438e-8,7.370053141319812e-9
FHD5_mult_n0,y2,11,3,1.777320200906437,1.7775134407259032,0.0001932398194661733,0.00010872538294879031
FHD5_mult_n0,y2,11,4,0.2430034563852474,-0.9383490657506794,1.181352522135927,4.861463864378376
FHD5_mult_n0,y2,11,5,-1.322989561881862,-4337.0723376045835,4335.749348042702,3277.2362480890597
FHD5_mult_n0,y2,11,6,-20.72789748606609,8.161492415916683e7,8.161494488706431e7,3.9374444485712214e6
FHD5_mult_n0,y2,11,7,130.62363766647525,1.0640455863883444e11,1.064045585082108e11,8.145888478461789e8
FHD5_mult_n0,y2,12,0,1.3832668761325912,1.3832668761325912,0.0,0.0
FHD5_mult_n0,y2,12,1,0.005982638418968733,0.005982638341265874,7.770285890412731e-11,1.298805868958423e-8
FHD5_mult_n0,y2,12,2,-1.2893229094558878,-1.2893234650197603,5.555638724619172e-7,4.308958356261372e-7
FHD5_mult_n0,y2,12,3,1.761677716197125,1.7594586533769898,0.002219062820135287,0.0012596304078395814
FHD5_mult_n0,y2,12,4,-0.44842023179387996,-6.183473708686835,5.735053476892955,12.789461916002754
FHD5_mult_n0,y2,12,5,-3.321117819838993,-9971.763147265263,9968.442029445423,3001.532185909831
FHD5_mult_n0,y2,12,6,1.5267295949678727,-1.0646511776025008e7,1.0646513302754603e7,6.973411230021149e6
FHD5_mult_n0,y2,12,7,53.91987755379969,1.0845268553332188e11,1.0845268547940201e11,2.0113674288520234e9
S1_GP_AAA_MLE_mult_n0,y2,1,0,0.431,0.4309999998422293,1.5777068540501205e-10,3.660572747216057e-10
S1_GP_AAA_MLE_mult_n0,y2,1,1,2.248622187277166,2.2486222242501572,3.69729913352046e-8,1.6442509348346696e-8
S1_GP_AAA_MLE_mult_n0,y2,1,2,-3.707385445178789,-3.7073897446357904,4.2994570015331135e-6,1.1597005666417217e-6
S1_GP_AAA_MLE_mult_n0,y2,1,3,7.12142585358161,7.121758824397787,0.00033297081617700286,4.6756200657420364e-5
S1_GP_AAA_MLE_mult_n0,y2,1,4,-39.381152448047224,-39.40037315763243,0.019220709585205498,0.0004880687433046055
S1_GP_AAA_MLE_mult_n0,y2,1,5,279.8523918232859,280.7286887263629,0.8762969030769909,0.003131282521359805
S1_GP_AAA_MLE_mult_n0,y2,1,6,-2116.9272301064316,-2149.6813104393527,32.75408033292115,0.015472463987944635
S1_GP_AAA_MLE_mult_n0,y2,1,7,17646.87811230215,18679.888975841368,1033.010863539217,0.05853788171286089
S1_GP_AAA_MLE_mult_n0,y2,2,0,0.432498257946104,0.43249825781204276,1.3406126209147828e-10,3.099694845665353e-10
S1_GP_AAA_MLE_mult_n0,y2,2,1,2.246152177577012,2.246152211756355,3.4179342911500044e-8,1.5216842052246996e-8
S1_GP_AAA_MLE_mult_n0,y2,2,2,-3.7026465655078127,-3.702650647244961,4.081737148275977e-6,1.102383680446198e-6
S1_GP_AAA_MLE_mult_n0,y2,2,3,7.095233836975444,7.095558047040145,0.0003242100647007362,4.569406338818291e-5
S1_GP_AAA_MLE_mult_n0,y2,2,4,-39.19505374493416,-39.218394747623094,0.02334100268893735,0.0005955088833614396
S1_GP_AAA_MLE_mult_n0,y2,2,5,278.4450208550232,159.94950915702324,118.49551169799994,0.4255616111724135
S1_GP_AAA_MLE_mult_n0,y2,2,6,-2105.197172910768,-413390.7467777312,411285.54960482044,195.36675941672158
S1_GP_AAA_MLE_mult_n0,y2,2,7,17543.39401693206,5.462120587108713e8,5.461945153168544e8,31133.913699349912
S1_GP_AAA_MLE_mult_n0,y2,3,0,0.4444252544483964,0.4444252544460773,2.3191448761394895e-12,5.218301284471161e-12
S1_GP_AAA_MLE_mult_n0,y2,3,1,2.2265046575259575,2.2265046740490044,1.652304693067208e-8,7.421070005320412e-9
S1_GP_AAA_MLE_mult_n0,y2,3,2,-3.665355789295825,-3.6653584070562584,2.617760433309968e-6,7.141899951308363e-7
S1_GP_AAA_MLE_mult_n0,y2,3,3,6.8901010154968905,6.8903333074527,0.00023229195580931616,3.371386795155195e-5
S1_GP_AAA_MLE_mult_n0,y2,3,4,-37.73951581879398,-37.75403652719904,0.014520708405058258,0.00038476138577875075
S1_GP_AAA_MLE_mult_n0,y2,3,5,267.4629406174473,268.15584659542776,0.6929059779804447,0.0025906616310313784
S1_GP_AAA_MLE_mult_n0,y2,3,6,-2013.79975312934,-2043.4208329211924,29.62107979185248,0.014709049271568768
S1_GP_AAA_MLE_mult_n0,y2,3,7,16736.926503527295,17830.033710219872,1093.1072066925772,0.06531110753591501
S1_GP_AAA_MLE_mult_n0,y2,4,0,0.47524020662890437,0.47524020668722927,5.832490046486782e-11,1.2272720121597655e-10
S1_GP_AAA_MLE_mult_n0,y2,4,1,2.1758480661021884,2.175848063106202,2.995986569942488e-9,1.3769282040494192e-9
S1_GP_AAA_MLE_mult_n0,y2,4,2,-3.572473677838202,-3.572474186781281,5.089430787919014e-7,1.4246237332667382e-7
S1_GP_AAA_MLE_mult_n0,y2,4,3,6.387064326104807,6.387150661714042,8.633560923509975e-5,1.3517260016034956e-5
S1_GP_AAA_MLE_mult_n0,y2,4,4,-34.18496337262705,-34.19200267811342,0.007039305486365777,0.0002059181813253708
S1_GP_AAA_MLE_mult_n0,y2,4,5,240.8444491942793,241.2388467065921,0.39439751231282116,0.001637561146342538
S1_GP_AAA_MLE_mult_n0,y2,4,6,-1793.3793007617383,-1810.2935518592803,16.914251097542092,0.009431496778376866
S1_GP_AAA_MLE_mult_n0,y2,4,7,14791.86648975519,15379.662764865676,587.796275110486,0.039737802901181694
S1_GP_AAA_MLE_mult_n0,y2,5,0,0.5347860688176563,0.5347860687748524,4.2803982580608135e-11,8.003944956016201e-11
S1_GP_AAA_MLE_mult_n0,y2,5,1,2.078203381494844,2.078203380363436,1.131407856291844e-9,5.444163292035578e-10
S1_GP_AAA_MLE_mult_n0,y2,5,2,-3.406199105298277,-3.4061988726396772,2.3265859994126004e-7,6.830446276007884e-8
S1_GP_AAA_MLE_mult_n0,y2,5,3,5.518095865980215,5.518090669910377,5.196069838397932e-6,9.416418207650911e-7
S1_GP_AAA_MLE_mult_n0,y2,5,4,-28.093386529210164,-28.094247027198676,0.0008604979885120656,3.0629913115578315e-5
S1_GP_AAA_MLE_mult_n0,y2,5,5,195.97924063493485,196.0774122548086,0.09817161987373879,0.0005009286675245894
S1_GP_AAA_MLE_mult_n0,y2,5,6,-1426.345680004148,-1432.168899082238,5.8232190780900055,0.004082614165503744
S1_GP_AAA_MLE_mult_n0,y2,5,7,11559.968838861845,11806.424618839716,246.4557799778704,0.021319761619888206
S1_GP_AAA_MLE_mult_n0,y2,6,0,0.6268642613749901,0.6268642613911385,1.6148415937777827e-11,2.5760626235665792e-11
S1_GP_AAA_MLE_mult_n0,y2,6,1,1.9269348761029055,1.9269348771811028,1.0781973092122143e-9,5.595400875159802e-10
S1_GP_AAA_MLE_mult_n0,y2,6,2,-3.179157711795061,-3.179157788499139,7.670407775606236e-8,2.4127169744200146e-8
S1_GP_AAA_MLE_mult_n0,y2,6,3,4.412000795814871,4.4120001082699405,6.875449303223036e-7,1.5583517821993457e-7
S1_GP_AAA_MLE_mult_n0,y2,6,4,-20.417346888100216,-20.41702793859649,0.00031894950372546305,1.562149604811561e-5
S1_GP_AAA_MLE_mult_n0,y2,6,5,141.10899917584,141.10510783167965,0.0038913441603654064,2.757686740812533e-5
S1_GP_AAA_MLE_mult_n0,y2,6,6,-988.5146132810431,-988.3465003034645,0.1681129775786303,0.0001700662542768443
S1_GP_AAA_MLE_mult_n0,y2,6,7,7740.692120553393,7850.744907917405,110.05278736401215,0.014217435036822563
S1_GP_AAA_MLE_mult_n0,y2,7,0,0.7507602266383622,0.7507602265652025,7.315970051990917e-11,9.744749112175579e-11
S1_GP_AAA_MLE_mult_n0,y2,7,1,1.7199974354949787,1.7199974362217947,7.268159407658459e-10,4.2256803746726734e-10
S1_GP_AAA_MLE_mult_n0,y2,7,2,-2.919747009403085,-2.9197470962186625,8.681557739365076e-8,2.9733938287824254e-8
S1_GP_AAA_MLE_mult_n0,y2,7,3,3.3042235323351137,3.304246386639881,2.2854304767339073e-5,6.916694510430959e-6
S1_GP_AAA_MLE_mult_n0,y2,7,4,-12.75469397606379,-12.759453200158266,0.0047592240944762665,0.00037313510644847354
S1_GP_AAA_MLE_mult_n0,y2,7,5,88.75908929094645,89.99278734466814,1.233698053721696,0.013899399639824096
S1_GP_AAA_MLE_mult_n0,y2,7,6,-589.4726539845561,-980.3387939417231,390.866139957167,0.6630776462913027
S1_GP_AAA_MLE_mult_n0,y2,7,7,4341.052886482184,148972.2629707071,144631.2100842249,33.317080871002304
S1_GP_AAA_MLE_mult_n0,y2,8,0,0.9028733245920112,0.9028733246248093,3.279809757117391e-11,3.6326355733230526e-11
S1_GP_AAA_MLE_mult_n0,y2,8,1,1.4533251200619346,1.453325120587777,5.258424806697803e-10,3.618202654113425e-10
S1_GP_AAA_MLE_mult_n0,y2,8,2,-2.6500533482610895,-2.6500533879106083,3.9649518779327764e-8,1.4961781356343245e-8
S1_GP_AAA_MLE_mult_n0,y2,8,3,2.4150642102205233,2.4150640588773307,1.5134319264475948e-7,6.266632249539241e-8
S1_GP_AAA_MLE_mult_n0,y2,8,4,-6.419209461259524,-6.419168776484919,4.068477460528186e-5,6.337972744279173e-6
S1_GP_AAA_MLE_mult_n0,y2,8,5,47.795374032670814,47.79509553754068,0.00027849513013222804,5.826821858154327e-6
S1_GP_AAA_MLE_mult_n0,y2,8,6,-301.0377700132649,-301.07653131212527,0.038761298860379156,0.00012875892237266832
S1_GP_AAA_MLE_mult_n0,y2,8,7,1993.7836190587034,1994.7087216062805,0.9251025475771257,0.0004639934538201699
S1_GP_AAA_MLE_mult_n0,y2,9,0,1.066462469187783,1.0664624691615394,2.6243673900694375e-11,2.460815514743949e-11
S1_GP_AAA_MLE_mult_n0,y2,9,1,1.1352924529413282,1.1352924532282551,2.8692692666254516e-10,2.5273393293434805e-10
S1_GP_AAA_MLE_mult_n0,y2,9,2,-2.3822171215858576,-2.382217099299206,2.228665163528376e-8,9.35542416908136e-9
S1_GP_AAA_MLE_mult_n0,y2,9,3,1.9012228627531698,1.9012224815181393,3.812350304333023e-7,2.0052095832743883e-7
S1_GP_AAA_MLE_mult_n0,y2,9,4,-2.241856414764967,-2.241873401052016,1.6986287048936788e-5,7.576884468186427e-6
S1_GP_AAA_MLE_mult_n0,y2,9,5,21.531962603960263,21.5324148361566,0.00045223219633783174,2.1002832145670503e-5
S1_GP_AAA_MLE_mult_n0,y2,9,6,-138.79415908370615,-138.78385654222234,0.010302541483810046,7.422892686425391e-5
S1_GP_AAA_MLE_mult_n0,y2,9,7,779.3557529906057,778.902347334928,0.45340565567767044,0.000581769819415365
S1_GP_AAA_MLE_mult_n0,y2,10,0,1.2214493003079585,1.2214493003012816,6.6768812700956914e-12,5.4663597321741306e-12
S1_GP_AAA_MLE_mult_n0,y2,10,1,0.7704508653155415,0.7704508647782706,5.372708944406668e-10,6.973460847767692e-10
S1_GP_AAA_MLE_mult_n0,y2,10,2,-2.0894309319513917,-2.0894309243980187,7.553373038149402e-9,3.615038392819736e-9
S1_GP_AAA_MLE_mult_n0,y2,10,3,1.7403204422475747,1.7403208641540107,4.219064360100333e-7,2.4243031672095576e-7
S1_GP_AAA_MLE_mult_n0,y2,10,4,-0.13580762259889137,-0.13581523219012687,7.60959123549676e-6,5.603213641381333e-5
S1_GP_AAA_MLE_mult_n0,y2,10,5,6.356254480089873,6.355938453544231,0.0003160265456418898,4.971898885291664e-5
S1_GP_AAA_MLE_mult_n0,y2,10,6,-59.981640992675686,-59.97477637930441,0.006864613371277528,0.00011444524120498405
S1_GP_AAA_MLE_mult_n0,y2,10,7,289.59431935639674,289.8104860014211,0.21616664502437288,0.0007464464272116533
S1_GP_AAA_MLE_mult_n0,y2,11,0,1.337356440626791,1.3373564406250273,1.7637002969195237e-12,1.3187959793971713e-12
S1_GP_AAA_MLE_mult_n0,y2,11,1,0.3816898257688914,0.3816898253383501,4.305412693028643e-10,1.1279872824368965e-9
S1_GP_AAA_MLE_mult_n0,y2,11,2,-1.7330183795333016,-1.7330183764097178,3.1235838360288426e-9,1.8023951003162572e-9
S1_GP_AAA_MLE_mult_n0,y2,11,3,1.777320200906437,1.7773206334746918,4.325682547712262e-7,2.4338228674305026e-7
S1_GP_AAA_MLE_mult_n0,y2,11,4,0.2430034563852474,0.24300088621965332,2.5701655940735257e-6,1.057666270392012e-5
S1_GP_AAA_MLE_mult_n0,y2,11,5,-1.322989561881862,-1.3234108813241205,0.0004213194422586497,0.00031846014087923087
S1_GP_AAA_MLE_mult_n0,y2,11,6,-20.72789748606609,-20.727757093945787,0.00014039212030425574,6.773099895859264e-6
S1_GP_AAA_MLE_mult_n0,y2,11,7,130.62363766647525,130.98062573875393,0.356988072278682,0.0027329515442694147
S1_GP_AAA_MLE_mult_n0,y2,12,0,1.3832668761325912,1.38326687612286,9.731326855444422e-12,7.035032084807645e-12
S1_GP_AAA_MLE_mult_n0,y2,12,1,0.005982638418968733,0.005982635763637791,2.6553309421042948e-9,4.438394494451182e-7
S1_GP_AAA_MLE_mult_n0,y2,12,2,-1.2893229094558878,-1.2893231949611996,2.855053118366868e-7,2.2143817483020915e-7
S1_GP_AAA_MLE_mult_n0,y2,12,3,1.761677716197125,1.7616598875471134,1.7828650011653124e-5,1.0120267656072324e-5
S1_GP_AAA_MLE_mult_n0,y2,12,4,-0.44842023179387996,-0.44915574596791674,0.0007355141740367777,0.0016402341417433252
S1_GP_AAA_MLE_mult_n0,y2,12,5,-3.321117819838993,-3.342110053865436,0.020992234026443235,0.006320833877390394
S1_GP_AAA_MLE_mult_n0,y2,12,6,1.5267295949678727,1.1123599906869073,0.4143696042809655,0.2714099508169193
S1_GP_AAA_MLE_mult_n0,y2,12,7,53.91987755379969,48.40473394854157,5.5151436052581175,0.10228405284776969
S2_AAA_MLE_mult_n0,y2,1,0,0.431,0.4310000000001179,1.1790568521519162e-13,2.735630747452242e-13
S2_AAA_MLE_mult_n0,y2,1,1,2.248622187277166,2.2486221872288006,4.836531175556047e-11,2.1508865308371588e-11
S2_AAA_MLE_mult_n0,y2,1,2,-3.707385445178789,-3.7073854364222143,8.756574576551657e-9,2.3619272142148063e-9
S2_AAA_MLE_mult_n0,y2,1,3,7.12142585358161,7.121424840657369,1.0129242413725592e-6,1.4223615638195893e-7
S2_AAA_MLE_mult_n0,y2,1,4,-39.381152448047224,-39.38106669325447,8.575479275663156e-5,2.1775592491804756e-6
S2_AAA_MLE_mult_n0,y2,1,5,279.8523918232859,279.8466740215642,0.005717801721743854,2.043149134617504e-5
S2_AAA_MLE_mult_n0,y2,1,6,-2116.9272301064316,-2116.6123340363742,0.3148960700573298,0.00014875148544501359
S2_AAA_MLE_mult_n0,y2,1,7,17646.87811230215,17632.04169799205,14.836414310102555,0.0008407387536586236
S2_AAA_MLE_mult_n0,y2,2,0,0.432498257946104,0.43249825794619146,8.743006318923108e-14,2.0215124935861872e-13
S2_AAA_MLE_mult_n0,y2,2,1,2.246152177577012,2.2461521775340705,4.2941650235661655e-11,1.9117872183524104e-11
S2_AAA_MLE_mult_n0,y2,2,2,-3.7026465655078127,-3.702646557720761,7.787051892194086e-9,2.1031042942998538e-9
S2_AAA_MLE_mult_n0,y2,2,3,7.095233836975444,7.09522964710111,4.189874333704324e-6,5.905195557995004e-7
S2_AAA_MLE_mult_n0,y2,2,4,-39.19505374493416,-39.22204779640542,0.026994051471262992,0.0006887106635171254
S2_AAA_MLE_mult_n0,y2,2,5,278.4450208550232,288.94740994023607,10.502389085212883,0.03771799924079489
S2_AAA_MLE_mult_n0,y2,2,6,-2105.197172910768,670636.8297386176,672742.0269115284,319.5624787873699
S2_AAA_MLE_mult_n0,y2,2,7,17543.39401693206,-7.982963399700593e9,7.98298094309461e9,455041.9910417455
S2_AAA_MLE_mult_n0,y2,3,0,0.4444252544483964,0.44442525444834957,4.6851411639181606e-14,1.0542022796911436e-13
S2_AAA_MLE_mult_n0,y2,3,1,2.2265046575259575,2.226504657514686,1.127142823520444e-11,5.062387000676208e-12
S2_AAA_MLE_mult_n0,y2,3,2,-3.665355789295825,-3.6653557852559167,4.03990840780466e-9,1.1021872473069777e-9
S2_AAA_MLE_mult_n0,y2,3,3,6.8901010154968905,6.890100427777085,5.877198052672838e-7,8.529915656467331e-8
S2_AAA_MLE_mult_n0,y2,3,4,-37.73951581879398,-37.73945906131237,5.675748161593219e-5,1.5039271274293194e-6
S2_AAA_MLE_mult_n0,y2,3,5,267.4629406174473,267.4586677299923,0.004272887454987995,1.597562430564731e-5
S2_AAA_MLE_mult_n0,y2,3,6,-2013.79975312934,-2013.6017185240034,0.1980346053364883,9.833877724374176e-5
S2_AAA_MLE_mult_n0,y2,3,7,16736.926503527295,16257.716284683309,479.2102188439858,0.02863191271963778
S2_AAA_MLE_mult_n0,y2,4,0,0.47524020662890437,0.4752402066289017,2.6645352591003757e-15,5.606712609610917e-15
S2_AAA_MLE_mult_n0,y2,4,1,2.1758480661021884,2.1758480661098054,7.617018127348274e-12,3.5007123181139165e-12
S2_AAA_MLE_mult_n0,y2,4,2,-3.572473677838202,-3.5724736780593376,2.2113555431246823e-10,6.18998414695901e-11
S2_AAA_MLE_mult_n0,y2,4,3,6.387064326104807,6.387064220174134,1.0593067312214544e-7,1.658518964482513e-8
S2_AAA_MLE_mult_n0,y2,4,4,-34.18496337262705,-34.184945220450565,1.815217648726275e-5,5.309988572869952e-7
S2_AAA_MLE_mult_n0,y2,4,5,240.8444491942793,240.84274947638232,0.0016997178969688775,7.057326430628198e-6
S2_AAA_MLE_mult_n0,y2,4,6,-1793.3793007617383,-1793.2647310087066,0.11456975303167383,6.388484186418919e-5
S2_AAA_MLE_mult_n0,y2,4,7,14791.86648975519,14785.969968141908,5.896521613281948,0.00039863269570245674
S2_AAA_MLE_mult_n0,y2,5,0,0.5347860688176563,0.5347860688176819,2.55351295663786e-14,4.7748307323774365e-14
S2_AAA_MLE_mult_n0,y2,5,1,2.078203381494844,2.0782033814905785,4.2654768606098514e-12,2.052482879486853e-12
S2_AAA_MLE_mult_n0,y2,5,2,-3.406199105298277,-3.406199105374032,7.575495786227293e-11,2.224031993445056e-11
S2_AAA_MLE_mult_n0,y2,5,3,5.518095865980215,5.518095897786293,3.1806077771534547e-8,5.763958898870023e-9
S2_AAA_MLE_mult_n0,y2,5,4,-28.093386529210164,-28.09338777295895,1.2437487839633832e-6,4.427194217650451e-8
S2_AAA_MLE_mult_n0,y2,5,5,195.97924063493485,195.979117779033,0.00012285590185001638,6.268822220761087e-7
S2_AAA_MLE_mult_n0,y2,5,6,-1426.345680004148,-1426.3205278912867,0.02515211286140584,1.7633953125116693e-5
S2_AAA_MLE_mult_n0,y2,5,7,11559.968838861845,11557.898904554984,2.069934306860887,0.00017906054382277084
S2_AAA_MLE_mult_n0,y2,6,0,0.6268642613749901,0.6268642613749735,1.6542323066914832e-14,2.638900330771803e-14
S2_AAA_MLE_mult_n0,y2,6,1,1.9269348761029055,1.9269348761059135,3.008038262919399e-12,1.5610482223472708e-12
S2_AAA_MLE_mult_n0,y2,6,2,-3.179157711795061,-3.1791577117549332,4.012790100205166e-11,1.2622180036294605e-11
S2_AAA_MLE_mult_n0,y2,6,3,4.412000795814871,4.412000784558762,1.1256108933821452e-8,2.551248164891256e-9
S2_AAA_MLE_mult_n0,y2,6,4,-20.417346888100216,-20.417346746629363,1.4147085281024374e-7,6.9289537757080866e-9
S2_AAA_MLE_mult_n0,y2,6,5,141.10899917584,141.10903204231533,3.286647532263487e-5,2.3291551576862227e-7
S2_AAA_MLE_mult_n0,y2,6,6,-988.5146132810431,-988.5163245813555,0.0017113003124222814,1.7311836258466563e-6
S2_AAA_MLE_mult_n0,y2,6,7,7740.692120553393,7740.686925254224,0.0051952991689177,6.711672661832054e-7
S2_AAA_MLE_mult_n0,y2,7,0,0.7507602266383622,0.7507602266383513,1.0880185641326534e-14,1.4492224355096892e-14
S2_AAA_MLE_mult_n0,y2,7,1,1.7199974354949787,1.7199974354921872,2.7915447731174936e-12,1.622993567030608e-12
S2_AAA_MLE_mult_n0,y2,7,2,-2.919747009403085,-2.919747009396062,7.02327085377874e-12,2.4054381530866205e-12
S2_AAA_MLE_mult_n0,y2,7,3,3.3042235323351137,3.3042235377121703,5.3770565777711e-9,1.6273283345243605e-9
S2_AAA_MLE_mult_n0,y2,7,4,-12.75469397606379,-12.754694021183411,4.511962181652507e-8,3.5374915228228296e-9
S2_AAA_MLE_mult_n0,y2,7,5,88.75908929094645,88.75908024130436,9.049642088143628e-6,1.0195735625992621e-7
S2_AAA_MLE_mult_n0,y2,7,6,-589.4726539845561,-589.4728690306493,0.00021504609321709722,3.6481097428945586e-7
S2_AAA_MLE_mult_n0,y2,7,7,4341.052886482184,4341.466491887116,0.41360540493224107,9.527767012933363e-5
S2_AAA_MLE_mult_n0,y2,8,0,0.9028733245920112,0.902873324592047,3.5860203695392556e-14,3.971786818665509e-14
S2_AAA_MLE_mult_n0,y2,8,1,1.4533251200619346,1.453325120064016,2.0814461265672435e-12,1.432195795582575e-12
S2_AAA_MLE_mult_n0,y2,8,2,-2.6500533482610895,-2.650053348311609,5.051958851254312e-11,1.9063611887546732e-11
S2_AAA_MLE_mult_n0,y2,8,3,2.4150642102205233,2.4150642079589693,2.261554055138504e-9,9.364364084265892e-10
S2_AAA_MLE_mult_n0,y2,8,4,-6.419209461259524,-6.419209380945828,8.031369613803463e-8,1.2511462139183122e-8
S2_AAA_MLE_mult_n0,y2,8,5,47.795374032670814,47.79537591180259,1.8791317728528156e-6,3.9316185109636843e-8
S2_AAA_MLE_mult_n0,y2,8,6,-301.0377700132649,-301.03789550065983,0.00012548739493922767,4.16849337323015e-7
S2_AAA_MLE_mult_n0,y2,8,7,1993.7836190587034,1993.7835781225572,4.0936146206149715e-5,2.0531890128316088e-8
S2_AAA_MLE_mult_n0,y2,9,0,1.066462469187783,1.0664624691877278,5.5289106626332796e-14,5.184346212243262e-14
S2_AAA_MLE_mult_n0,y2,9,1,1.1352924529413282,1.1352924529411563,1.7186252421197423e-13,1.513817199847589e-13
S2_AAA_MLE_mult_n0,y2,9,2,-2.3822171215858576,-2.3822171215277987,5.8058891028167636e-11,2.4371788155698188e-11
S2_AAA_MLE_mult_n0,y2,9,3,1.9012228627531698,1.9012228625805585,1.7261125861978144e-10,9.078959758027645e-11
S2_AAA_MLE_mult_n0,y2,9,4,-2.241856414764967,-2.241856493424598,7.865963080888605e-8,3.50868281709882e-8
S2_AAA_MLE_mult_n0,y2,9,5,21.531962603960263,21.53195851674186,4.087218403725501e-6,1.89820987473467e-7
S2_AAA_MLE_mult_n0,y2,9,6,-138.79415908370615,-138.7939304375201,0.0002286461860592226,1.6473761400962635e-6
S2_AAA_MLE_mult_n0,y2,9,7,779.3557529906057,779.4970506334068,0.14129764280119161,0.00018130057070727085
S2_AAA_MLE_mult_n0,y2,10,0,1.2214493003079585,1.2214493003079419,1.6653345369377348e-14,1.3634086462023938e-14
S2_AAA_MLE_mult_n0,y2,10,1,0.7704508653155415,0.7704508653145448,9.967582315084655e-13,1.29373367774756e-12
S2_AAA_MLE_mult_n0,y2,10,2,-2.0894309319513917,-2.0894309319337965,1.759525858346933e-11,8.42107691352904e-12
S2_AAA_MLE_mult_n0,y2,10,3,1.7403204422475747,1.740320443406823,1.1592482529465542e-9,6.661119554795426e-10
S2_AAA_MLE_mult_n0,y2,10,4,-0.13580762259889137,-0.13580763385885097,1.1259959603604486e-8,8.291110166077234e-8
S2_AAA_MLE_mult_n0,y2,10,5,6.356254480089873,6.356253663301628,8.16788244151212e-7,1.2850150142819065e-7
S2_AAA_MLE_mult_n0,y2,10,6,-59.981640992675686,-59.98167717048975,3.617781406717313e-5,6.031481211324441e-7
S2_AAA_MLE_mult_n0,y2,10,7,289.59431935639674,289.61474274764646,0.02042339124972159,7.052414320526438e-5
S2_AAA_MLE_mult_n0,y2,11,0,1.337356440626791,1.3373564406267213,6.972200594645983e-14,5.2134198354615604e-14
S2_AAA_MLE_mult_n0,y2,11,1,0.3816898257688914,0.3816898257672185,1.6728840535051859e-12,4.3828363780335535e-12
S2_AAA_MLE_mult_n0,y2,11,2,-1.7330183795333016,-1.733018379485014,4.828759614383671e-11,2.7863291419240723e-11
S2_AAA_MLE_mult_n0,y2,11,3,1.777320200906437,1.7773202030884703,2.1820332207767024e-9,1.227709683187003e-9
S2_AAA_MLE_mult_n0,y2,11,4,0.2430034563852474,0.24300343199646113,2.4388786268314533e-8,1.0036394803228471e-7
S2_AAA_MLE_mult_n0,y2,11,5,-1.322989561881862,-1.3229922598373451,2.69795548324403e-6,2.039287051824032e-6
S2_AAA_MLE_mult_n0,y2,11,6,-20.72789748606609,-20.72794624875402,4.8762687928416426e-5,2.3525149119053756e-6
S2_AAA_MLE_mult_n0,y2,11,7,130.62363766647525,130.62814885132372,0.0045111848484680195,3.453574658505948e-5
S2_AAA_MLE_mult_n0,y2,12,0,1.3832668761325912,1.383266876132452,1.3922196728799463e-13,1.0064722121969593e-13
S2_AAA_MLE_mult_n0,y2,12,1,0.005982638418968733,0.005982638380336439,3.863229441208871e-11,6.457400850032988e-9
S2_AAA_MLE_mult_n0,y2,12,2,-1.2893229094558878,-1.2893229135021136,4.046225798859382e-9,3.1382563430653267e-9
S2_AAA_MLE_mult_n0,y2,12,3,1.761677716197125,1.7616774648168456,2.513802794812392e-7,1.4269368180684343e-7
S2_AAA_MLE_mult_n0,y2,12,4,-0.44842023179387996,-0.4484309663376562,1.0734543776258487e-5,2.393858040997737e-5
S2_AAA_MLE_mult_n0,y2,12,5,-3.321117819838993,-3.3214519935406597,0.0003341737016668844,0.0001006208511094271
S2_AAA_MLE_mult_n0,y2,12,6,1.5267295949678727,1.5190334265993948,0.007696168368477974,0.005040950534950445
S2_AAA_MLE_mult_n0,y2,12,7,53.91987755379969,53.79187623504634,0.12800131875334841,0.0023739170888441357
S3_High_mult_n0,y2,1,0,0.431,0.43100000253217463,2.5321746366380182e-9,5.875115166213499e-9
S3_High_mult_n0,y2,1,1,2.248622187277166,2.248621787480184,3.9979698174263945e-7,1.7779642307396674e-7
S3_High_mult_n0,y2,1,2,-3.707385445178789,-3.7073558582082597,2.95869705291274e-5,7.980548817119437e-6
S3_High_mult_n0,y2,1,3,7.12142585358161,7.12009828897321,0.0013275646083998893,0.00018641837122157376
S3_High_mult_n0,y2,1,4,-39.381152448047224,-39.344164891427226,0.036987556619997974,0.0009392197617576846
S3_High_mult_n0,y2,1,5,279.8523918232859,279.3975481558289,0.4548436674570553,0.0016252984814375587
S3_High_mult_n0,y2,1,6,-2116.9272301064316,-2129.321199452086,12.393969345654568,0.005854697870286001
S3_High_mult_n0,y2,1,7,17646.87811230215,18565.403763296756,918.5256509946048,0.052050319900734957
S3_High_mult_n0,y2,2,0,0.432498257946104,0.43249826021825677,2.2721527437319367e-9,5.2535535160816346e-9
S3_High_mult_n0,y2,2,1,2.246152177577012,2.246151797211112,3.803659001100357e-7,1.6934110872236053e-7
S3_High_mult_n0,y2,2,2,-3.7026465655078127,-3.7026178553838878,2.8710123924913233e-5,7.753946647882575e-6
S3_High_mult_n0,y2,2,3,7.095233836975444,7.093932082315041,0.001301754660403276,0.00018346888775101848
S3_High_mult_n0,y2,2,4,-39.19505374493416,-39.15976838134699,0.03528536358716394,0.0009002504197796762
S3_High_mult_n0,y2,2,5,278.4450208550232,273.41791072071425,5.027110134308941,0.018054228870288853
S3_High_mult_n0,y2,2,6,-2105.197172910768,-181834.6941572041,179729.49698429334,85.3741869393587
S3_High_mult_n0,y2,2,7,17543.39401693206,-4.276156251578625e9,4.276173794972642e9,243748.3756475788
S3_High_mult_n0,y2,3,0,0.4444252544483964,0.44442525506852953,6.201331115285313e-10,1.3953597490723537e-9
S3_High_mult_n0,y2,3,1,2.2265046575259575,2.226504412660896,2.4486506156051746e-7,1.099773408211084e-7
S3_High_mult_n0,y2,3,2,-3.665355789295825,-3.6653335189208684,2.2270374956612216e-5,6.0759108356274246e-6
S3_High_mult_n0,y2,3,3,6.8901010154968905,6.888986789980629,0.0011142255162610581,0.00016171395945502028
S3_High_mult_n0,y2,3,4,-37.73951581879398,-37.70544681171806,0.034069007075920865,0.000902740968895917
S3_High_mult_n0,y2,3,5,267.4629406174473,266.95032214845935,0.5126184689879665,0.001916596249949878
S3_High_mult_n0,y2,3,6,-2013.79975312934,-2022.350673194397,8.550920065056971,0.004246162038588636
S3_High_mult_n0,y2,3,7,16736.926503527295,18211.42913510205,1474.5026315747564,0.08809876958377072
S3_High_mult_n0,y2,4,0,0.47524020662890437,0.47524020554601665,1.0828877239354995e-9,2.2786113397620884e-9
S3_High_mult_n0,y2,4,1,2.1758480661021884,2.1758480385597596,2.7542428782112438e-8,1.2658249999712485e-8
S3_High_mult_n0,y2,4,2,-3.572473677838202,-3.5724639118471377,9.76599106428111e-6,2.7336775425006823e-6
S3_High_mult_n0,y2,4,3,6.387064326104807,6.386374368572621,0.0006899575321854812,0.00010802420281967887
S3_High_mult_n0,y2,4,4,-34.18496337262705,-34.158517033614515,0.026446339012537123,0.0007736249041505049
S3_High_mult_n0,y2,4,5,240.8444491942793,240.2883025598263,0.5561466344530004,0.002309152800961503
S3_High_mult_n0,y2,4,6,-1793.3793007617383,-1792.748740913045,0.6305598486933377,0.0003516042860679318
S3_High_mult_n0,y2,4,7,14791.86648975519,15218.954974710163,427.08848495497296,0.02887319766242978
S3_High_mult_n0,y2,5,0,0.5347860688176563,0.5347860688664797,4.882338977552081e-11,9.129517880572897e-11
S3_High_mult_n0,y2,5,1,2.078203381494844,2.0782034397825884,5.828774440885809e-8,2.8047180044010867e-8
S3_High_mult_n0,y2,5,2,-3.406199105298277,-3.406200259724107,1.1544258295970167e-6,3.3891906900020305e-7
S3_High_mult_n0,y2,5,3,5.518095865980215,5.517939282839032,0.00015658314118294214,2.8376299539900666e-5
S3_High_mult_n0,y2,5,4,-28.093386529210164,-28.081113069649398,0.012273459560766753,0.0004368807423058589
S3_High_mult_n0,y2,5,5,195.97924063493485,195.55170688428285,0.42753375065200316,0.002181525702757478
S3_High_mult_n0,y2,5,6,-1426.345680004148,-1419.4346193137621,6.911060690385966,0.004845291563799504
S3_High_mult_n0,y2,5,7,11559.968838861845,11631.656505453191,71.68766659134599,0.006201371957885321
S3_High_mult_n0,y2,6,0,0.6268642613749901,0.6268642619931936,6.182034884005816e-10,9.861839739349448e-10
S3_High_mult_n0,y2,6,1,1.9269348761029055,1.9269348472037529,2.8899152626493674e-8,1.4997472402876554e-8
S3_High_mult_n0,y2,6,2,-3.179157711795061,-3.1791586915730354,9.797779743081492e-7,3.081879111165369e-7
S3_High_mult_n0,y2,6,3,4.412000795814871,4.412071328243057,7.05324281859987e-5,1.598649489204631e-5
S3_High_mult_n0,y2,6,4,-20.417346888100216,-20.41736225844842,1.5370348204868378e-5,7.528083001727631e-7
S3_High_mult_n0,y2,6,5,141.10899917584,140.98684540222243,0.12215377361758328,0.00086566961945045
S3_High_mult_n0,y2,6,6,-988.5146132810431,-983.3755135005274,5.139099780515721,0.005198810125283025
S3_High_mult_n0,y2,6,7,7740.692120553393,7642.703259101202,97.98886145219058,0.01265892764188446
S3_High_mult_n0,y2,7,0,0.7507602266383622,0.750760225844607,7.937551727010828e-10,1.0572685453187055e-9
S3_High_mult_n0,y2,7,1,1.7199974354949787,1.7199974443831032,8.888124458650282e-9,5.167521924875701e-9
S3_High_mult_n0,y2,7,2,-2.919747009403085,-2.9197460160569624,9.933461226907525e-7,3.4021650488609724e-7
S3_High_mult_n0,y2,7,3,3.3042235323351137,3.3041956446218523,2.7887713261343094e-5,8.440020170679763e-6
S3_High_mult_n0,y2,7,4,-12.75469397606379,-12.753316836596209,0.001377139467580335,0.00010797118850242554
S3_High_mult_n0,y2,7,5,88.75908929094645,88.06602363468166,0.6930656562647926,0.007808390800326589
S3_High_mult_n0,y2,7,6,-589.4726539845561,-305.4375349593325,284.03511902522365,0.48184613332829046
S3_High_mult_n0,y2,7,7,4341.052886482184,-124434.02319424029,128775.07608072247,29.664479896506553
S3_High_mult_n0,y2,8,0,0.9028733245920112,0.9028733253673635,7.753523378895011e-10,8.587609322048206e-10
S3_High_mult_n0,y2,8,1,1.4533251200619346,1.453325114028613,6.033321620080301e-9,4.151391548109473e-9
S3_High_mult_n0,y2,8,2,-2.6500533482610895,-2.650054027294369,6.790332793826792e-7,2.5623381500159113e-7
S3_High_mult_n0,y2,8,3,2.4150642102205233,2.4150723920716084,8.181851085087288e-6,3.3878399797660827e-6
S3_High_mult_n0,y2,8,4,-6.419209461259524,-6.418677653149395,0.0005318081101295391,8.28463556671653e-5
S3_High_mult_n0,y2,8,5,47.795374032670814,47.783696174035136,0.011677858635678717,0.0002443303117095861
S3_High_mult_n0,y2,8,6,-301.0377700132649,-301.3296385580566,0.2918685447917255,0.0009695412797499286
S3_High_mult_n0,y2,8,7,1993.7836190587034,2006.5858404291569,12.80222137045348,0.0064210685894277785
S3_High_mult_n0,y2,9,0,1.066462469187783,1.066462468569063,6.187201861962421e-10,5.80161237804701e-10
S3_High_mult_n0,y2,9,1,1.1352924529413282,1.1352924659443722,1.3003043974890716e-8,1.1453475217951362e-8
S3_High_mult_n0,y2,9,2,-2.3822171215858576,-2.3822166862551994,4.353306581883487e-7,1.82741805624563e-7
S3_High_mult_n0,y2,9,3,1.9012228627531698,1.9012128696471964,9.993105973382654e-6,5.256146540817204e-6
S3_High_mult_n0,y2,9,4,-2.241856414764967,-2.242132545154983,0.00027613039001606055,0.00012317041724771194
S3_High_mult_n0,y2,9,5,21.531962603960263,21.539801136944853,0.007838532984589364,0.00036404173315569767
S3_High_mult_n0,y2,9,6,-138.79415908370615,-138.65315280385948,0.14100627984666403,0.0010159381401750758
S3_High_mult_n0,y2,9,7,779.3557529906057,773.6713573522414,5.684395638364208,0.007293711012655767
S3_High_mult_n0,y2,10,0,1.2214493003079585,1.2214493001391622,1.6879631026256448e-10,1.381934642886992e-10
S3_High_mult_n0,y2,10,1,0.7704508653155415,0.7704508453311052,1.9984436328002175e-8,2.5938625326635804e-8
S3_High_mult_n0,y2,10,2,-2.0894309319513917,-2.0894308265458634,1.0540552830562433e-7,5.044700291058794e-8
S3_High_mult_n0,y2,10,3,1.7403204422475747,1.7403336869583512,1.3244710776572077e-5,7.610501178430627e-6
S3_High_mult_n0,y2,10,4,-0.13580762259889137,-0.1358674402429471,5.981764405574297e-5,0.0004404586643300188
S3_High_mult_n0,y2,10,5,6.356254480089873,6.347926515226196,0.008327964863676485,0.0013102000383657915
S3_High_mult_n0,y2,10,6,-59.981640992675686,-59.95275626677727,0.028884725898414843,0.0004815594475306525
S3_High_mult_n0,y2,10,7,289.59431935639674,294.27718625652057,4.682866900123827,0.016170437702407885
S3_High_mult_n0,y2,11,0,1.337356440626791,1.3373564411162466,4.894555871715056e-10,3.659873854887243e-10
S3_High_mult_n0,y2,11,1,0.3816898257688914,0.38168980622450394,1.954438744178333e-8,5.1204894975684315e-8
S3_High_mult_n0,y2,11,2,-1.7330183795333016,-1.7330188286458106,4.4911250896007004e-7,2.5915045925884243e-7
S3_High_mult_n0,y2,11,3,1.777320200906437,1.7773340260068244,1.3825100387387934e-5,7.778621083773821e-6
S3_High_mult_n0,y2,11,4,0.2430034563852474,0.2434518060178516,0.0004483496326042058,0.0018450339730699602
S3_High_mult_n0,y2,11,5,-1.322989561881862,-1.3294123928430688,0.006422830961206882,0.0048547858171086745
S3_High_mult_n0,y2,11,6,-20.72789748606609,-21.11488875067979,0.38699126461369815,0.018670068436697218
S3_High_mult_n0,y2,11,7,130.62363766647525,129.80031385824822,0.8233238082270304,0.006303023119974997
S3_High_mult_n0,y2,12,0,1.3832668761325912,1.3832668792624065,3.1298152958214587e-9,2.262625780913628e-9
S3_High_mult_n0,y2,12,1,0.005982638418968733,0.005983063827649149,4.254086804159757e-7,7.110720231180313e-5
S3_High_mult_n0,y2,12,2,-1.2893229094558878,-1.2892951435306632,2.776592522457655e-5,2.1535276400459025e-5
S3_High_mult_n0,y2,12,3,1.761677716197125,1.762817294913607,0.0011395787164818483,0.0006468712784434936
S3_High_mult_n0,y2,12,4,-0.44842023179387996,-0.4164999913401899,0.031920240453690074,0.07118376511691933
S3_High_mult_n0,y2,12,5,-3.321117819838993,-2.7070436747469957,0.6140741450919971,0.18489983746549749
S3_High_mult_n0,y2,12,6,1.5267295949678727,9.053016796707634,7.526287201739762,4.929679248078072
S3_High_mult_n0,y2,12,7,53.91987755379969,95.47940666742787,41.55952911362818,0.7707645306160291
S4_Altern_mult_n0,y2,1,0,0.431,0.4309999998551597,1.4484030641526147e-10,3.360563953950382e-10
S4_Altern_mult_n0,y2,1,1,2.248622187277166,2.2486222230101944,3.5733028536100164e-8,1.5891077095245124e-8
S4_Altern_mult_n0,y2,1,2,-3.707385445178789,-3.7073897097736648,4.264594875902361e-6,1.1502971403872199e-6
S4_Altern_mult_n0,y2,1,3,7.12142585358161,7.121759960217375,0.00033410663576471933,4.6915693940236085e-5
S4_Altern_mult_n0,y2,1,4,-39.381152448047224,-39.40049506956143,0.019342621514205405,0.0004911644355690901
S4_Altern_mult_n0,y2,1,5,279.8523918232859,280.73370532915476,0.8813135058688317,0.003149208409929693
S4_Altern_mult_n0,y2,1,6,-2116.9272301064316,-2149.8194672553063,32.892237148874756,0.015537726890697632
S4_Altern_mult_n0,y2,1,7,17646.87811230215,18682.724153109437,1035.846040807286,0.05869854340327583
S4_Altern_mult_n0,y2,2,0,0.432498257946104,0.4324982578241544,1.2194961707123753e-10,2.8196556825538554e-10
S4_Altern_mult_n0,y2,2,1,2.246152177577012,2.246152210540189,3.2963177076794636e-8,1.4675397956496851e-8
S4_Altern_mult_n0,y2,2,2,-3.7026465655078127,-3.7026506122458076,4.046737994922722e-6,1.0929312110478787e-6
S4_Altern_mult_n0,y2,2,3,7.095233836975444,7.095556468717259,0.00032263174181501597,4.547161506273166e-5
S4_Altern_mult_n0,y2,2,4,-39.19505374493416,-39.19896986002012,0.0039161150859641225,9.991350213342337e-5
S4_Altern_mult_n0,y2,2,5,278.4450208550232,235.0344695789497,43.41055127607348,0.15590349269946496
S4_Altern_mult_n0,y2,2,6,-2105.197172910768,-121153.44185569618,119048.24468278541,56.549688653715215
S4_Altern_mult_n0,y2,2,7,17543.39401693206,2.173364106097341e9,2.1733465627033243e9,123884.04208477061
S4_Altern_mult_n0,y2,3,0,0.4444252544483964,0.4444252544522301,3.833655615181897e-12,8.626097587411146e-12
S4_Altern_mult_n0,y2,3,1,2.2265046575259575,2.2265046730345404,1.5508582862366893e-8,6.9654392187976315e-9
S4_Altern_mult_n0,y2,3,2,-3.665355789295825,-3.6653583673964563,2.578100631200897e-6,7.033698171211347e-7
S4_Altern_mult_n0,y2,3,3,6.8901010154968905,6.890333803618052,0.00023278812116167558,3.3785879283641776e-5
S4_Altern_mult_n0,y2,3,4,-37.73951581879398,-37.75412732310295,0.014611504308966516,0.0003871672434570584
S4_Altern_mult_n0,y2,3,5,267.4629406174473,268.1641035317954,0.7011629143480604,0.002621532959779033
S4_Altern_mult_n0,y2,3,6,-2013.79975312934,-2039.6968349199742,25.897081790634275,0.01285980979508591
S4_Altern_mult_n0,y2,3,7,16736.926503527295,18995.357046674562,2258.4305431472676,0.13493699351976632
S4_Altern_mult_n0,y2,4,0,0.47524020662890437,0.47524020668315653,5.42521583213329e-11,1.1415734099218628e-10
S4_Altern_mult_n0,y2,4,1,2.1758480661021884,2.1758480626580936,3.444094787141694e-9,1.5828746688694313e-9
S4_Altern_mult_n0,y2,4,2,-3.572473677838202,-3.5724741477458255,4.6990762347931536e-7,1.3153564332590656e-7
S4_Altern_mult_n0,y2,4,3,6.387064326104807,6.387150196104168,8.586999936088802e-5,1.3444361130030516e-5
S4_Altern_mult_n0,y2,4,4,-34.18496337262705,-34.19204839257032,0.007085019943268378,0.000207255449304988
S4_Altern_mult_n0,y2,4,5,240.8444491942793,241.2416027840237,0.39715358974441983,0.0016490045382945588
S4_Altern_mult_n0,y2,4,6,-1793.3793007617383,-1810.3844231907017,17.005122428963432,0.009482167225717673
S4_Altern_mult_n0,y2,4,7,14791.86648975519,15381.555616860953,589.689127105763,0.039865768631306954
S4_Altern_mult_n0,y2,5,0,0.5347860688176563,0.534786068771,4.6656345453754966e-11,8.724300832463005e-11
S4_Altern_mult_n0,y2,5,1,2.078203381494844,2.0782033807174387,7.774052512843355e-10,3.740756358144075e-10
S4_Altern_mult_n0,y2,5,2,-3.406199105298277,-3.4061988565248784,2.487733987699414e-7,7.30354835637703e-8
S4_Altern_mult_n0,y2,5,3,5.518095865980215,5.518089720685581,6.145294634052334e-6,1.11366217320342e-6
S4_Altern_mult_n0,y2,5,4,-28.093386529210164,-28.094244612361763,0.000858083151598521,3.0543955628358545e-5
S4_Altern_mult_n0,y2,5,5,195.97924063493485,196.07828308127569,0.0990424463408317,0.0005053721303335666
S4_Altern_mult_n0,y2,5,6,-1426.345680004148,-1432.2164073477677,5.870727343619592,0.004115921845539237
S4_Altern_mult_n0,y2,5,7,11559.968838861845,11806.811318703134,246.84247984128888,0.021353213255338857
S4_Altern_mult_n0,y2,6,0,0.6268642613749901,0.6268642614065467,3.155664618503806e-11,5.0340477403864764e-11
S4_Altern_mult_n0,y2,6,1,1.9269348761029055,1.926934877392115,1.2892096279415455e-9,6.690468079278757e-10
S4_Altern_mult_n0,y2,6,2,-3.179157711795061,-3.179157808473608,9.667854694583866e-8,3.0410113530118216e-8
S4_Altern_mult_n0,y2,6,3,4.412000795814871,4.411999343777039,1.4520378321947192e-6,3.2911096334617417e-7
S4_Altern_mult_n0,y2,6,4,-20.417346888100216,-20.417052448489102,0.00029443961111397243,1.4421051507215163e-5
S4_Altern_mult_n0,y2,6,5,141.10899917584,141.10084331223794,0.008155863602070212,5.779832363424925e-5
S4_Altern_mult_n0,y2,6,6,-988.5146132810431,-988.8583232321748,0.3437099511317001,0.0003477034598313828
S4_Altern_mult_n0,y2,6,7,7740.692120553393,7779.512892062602,38.82077150920941,0.005015155092673296
S4_Altern_mult_n0,y2,7,0,0.7507602266383622,0.7507602266134444,2.491773454238455e-11,3.3190003490138685e-11
S4_Altern_mult_n0,y2,7,1,1.7199974354949787,1.7199974344957631,9.992155991511709e-10,5.809401680088074e-10
S4_Altern_mult_n0,y2,7,2,-2.919747009403085,-2.919746960523656,4.887942894882258e-8,1.674098091081375e-8
S4_Altern_mult_n0,y2,7,3,3.3042235323351137,3.304224248550723,7.162156094864258e-7,2.1675761414975219e-7
S4_Altern_mult_n0,y2,7,4,-12.75469397606379,-12.754717901272315,2.3925208525454877e-5,1.8757963593916353e-6
S4_Altern_mult_n0,y2,7,5,88.75908929094645,88.74140690271398,0.01768238823247259,0.00019921777446939417
S4_Altern_mult_n0,y2,7,6,-589.4726539845561,-583.610143159516,5.86251082504009,0.009945348245439871
S4_Altern_mult_n0,y2,7,7,4341.052886482184,2215.8601061705936,2125.19278031159,0.4895569890266326
S4_Altern_mult_n0,y2,8,0,0.9028733245920112,0.902873324619587,2.75758305079421e-11,3.0542302842320677e-11
S4_Altern_mult_n0,y2,8,1,1.4533251200619346,1.453325120460275,3.983404717189387e-10,2.7408902950907715e-10
S4_Altern_mult_n0,y2,8,2,-2.6500533482610895,-2.650053381074033,3.28129434734592e-8,1.2381993553069555e-8
S4_Altern_mult_n0,y2,8,3,2.4150642102205233,2.4150639932960343,2.1692448903820605e-7,8.98214168054763e-8
S4_Altern_mult_n0,y2,8,4,-6.419209461259524,-6.419170790879802,3.8670379722383075e-5,6.024165429678235e-6
S4_Altern_mult_n0,y2,8,5,47.795374032670814,47.79513337863403,0.00024065403678719122,5.035090563841821e-6
S4_Altern_mult_n0,y2,8,6,-301.0377700132649,-301.075312139437,0.037542126172127155,0.0001247090229590556
S4_Altern_mult_n0,y2,8,7,1993.7836190587034,1994.3874130391087,0.6037939804052712,0.00030283826922518895
S4_Altern_mult_n0,y2,9,0,1.066462469187783,1.0664624691643043,2.3478774480167885e-11,2.2015565627967482e-11
S4_Altern_mult_n0,y2,9,1,1.1352924529413282,1.1352924532661228,3.247946356310649e-10,2.860889586551759e-10
S4_Altern_mult_n0,y2,9,2,-2.3822171215858576,-2.382217101627156,1.9958701802380574e-8,8.378204329710272e-9
S4_Altern_mult_n0,y2,9,3,1.9012228627531698,1.9012224824714519,3.802817178932827e-7,2.0001953760570445e-7
S4_Altern_mult_n0,y2,9,4,-2.241856414764967,-2.2418719878841507,1.5573119183542872e-5,6.946528368622365e-6
S4_Altern_mult_n0,y2,9,5,21.531962603960263,21.53239756324702,0.00043495928675696405,2.0200633577032323e-5
S4_Altern_mult_n0,y2,9,6,-138.79415908370615,-138.78437605309276,0.009783030613391475,7.048589564558961e-5
S4_Altern_mult_n0,y2,9,7,779.3557529906057,778.9156879128161,0.44006507778954074,0.0005646523761464365
S4_Altern_mult_n0,y2,10,0,1.2214493003079585,1.2214493002995064,8.452127886471317e-12,6.919753349025883e-12
S4_Altern_mult_n0,y2,10,1,0.7704508653155415,0.7704508648025294,5.130120772633973e-10,6.658595640012565e-10
S4_Altern_mult_n0,y2,10,2,-2.0894309319513917,-2.089430923448186,8.503205695120641e-9,4.06962755508707e-9
S4_Altern_mult_n0,y2,10,3,1.7403204422475747,1.7403208432626651,4.0101509046763795e-7,2.3042600703450815e-7
S4_Altern_mult_n0,y2,10,4,-0.13580762259889137,-0.13581568904245875,8.06644356737829e-6,5.9396103201088936e-5
S4_Altern_mult_n0,y2,10,5,6.356254480089873,6.355953264149676,0.0003012159401967196,4.7388905076132294e-5
S4_Altern_mult_n0,y2,10,6,-59.981640992675686,-59.9745416232441,0.007099369431585956,0.0001183590397677325
S4_Altern_mult_n0,y2,10,7,289.59431935639674,289.8050522017537,0.21073284535697212,0.000727682938758299
S4_Altern_mult_n0,y2,11,0,1.337356440626791,1.3373564406241456,2.645439423076823e-12,1.9781109528563387e-12
S4_Altern_mult_n0,y2,11,1,0.3816898257688914,0.38168982532468243,4.4420894740326844e-10,1.16379561993416e-9
S4_Altern_mult_n0,y2,11,2,-1.7330183795333016,-1.733018375679291,3.854010666159979e-9,2.2238717786696853e-9
S4_Altern_mult_n0,y2,11,3,1.777320200906437,1.7773206421046917,4.4119825459709716e-7,2.482379114197234e-7
S4_Altern_mult_n0,y2,11,4,0.2430034563852474,0.24300035382223398,3.102563013418491e-6,1.2767567422990969e-5
S4_Altern_mult_n0,y2,11,5,-1.322989561881862,-1.3234175940055475,0.0004280321236855844,0.0003235340141888482
S4_Altern_mult_n0,y2,11,6,-20.72789748606609,-20.7274068312962,0.0004906547698908525,2.3671227157539026e-5
S4_Altern_mult_n0,y2,11,7,130.62363766647525,130.98696957239,0.3633319059147482,0.0027815172843559375
S4_Altern_mult_n0,y2,12,0,1.3832668761325912,1.3832668761236735,8.917755422999107e-12,6.4468799021139195e-12
S4_Altern_mult_n0,y2,12,1,0.005982638418968733,0.0059826358021173405,2.616851392696351e-9,4.3740757997329126e-7
S4_Altern_mult_n0,y2,12,2,-1.2893229094558878,-1.2893231971038535,2.8764796566882467e-7,2.2310001905590594e-7
S4_Altern_mult_n0,y2,12,3,1.761677716197125,1.7616596234824284,1.8092714696660295e-5,1.027016152291262e-5
S4_Altern_mult_n0,y2,12,4,-0.44842023179387996,-0.4491679843643446,0.0007477525704646104,0.0016675263903086358
S4_Altern_mult_n0,y2,12,5,-3.321117819838993,-3.3424543792223456,0.02133655938335277,0.006424511426814471
S4_Altern_mult_n0,y2,12,6,1.5267295949678727,1.1057321380697949,0.4209974568980779,0.2757511600519783
S4_Altern_mult_n0,y2,12,7,53.91987755379969,48.3444185195737,5.575459034225986,0.10340266497569389
