[sweep 0:+66] 66 candidates, ABORT_BITS=5000
[CAND 3] ok  max=457b  34.6s
[CAND 5] ok  max=456b  0.3s
[CAND 7] ok  max=457b  0.1s
[CAND 9] ok  max=455b  0.1s
  Activating project at `~/ParameterEstimationBenchmark-local/environments/julia_odepe`
[ Info: Getting equation system from StructuralIdentifiability.jl
[ Info: Converting ODESystem to SI.jl format
┌ Warning: Floating point value -3.2556386240584825 will be converted to -156218427//47983958.
└ @ ModelingToolkitSIExt ~/ParameterEstimationBenchmark-local/environments/StructuralIdentifiability.jl/ext/ModelingToolkitSIExt.jl:78
┌ Warning: Floating point value 8.0 will be converted to 8.
└ @ ModelingToolkitSIExt ~/ParameterEstimationBenchmark-local/environments/StructuralIdentifiability.jl/ext/ModelingToolkitSIExt.jl:78
┌ Warning: Floating point value 2.215158430372193 will be converted to 74062431//33434372.
└ @ ModelingToolkitSIExt ~/ParameterEstimationBenchmark-local/environments/StructuralIdentifiability.jl/ext/ModelingToolkitSIExt.jl:78
┌ Warning: Floating point value 8.0 will be converted to 8.
└ @ ModelingToolkitSIExt ~/ParameterEstimationBenchmark-local/environments/StructuralIdentifiability.jl/ext/ModelingToolkitSIExt.jl:78
┌ Warning: Floating point value -0.0005172400484522805 will be converted to -1628517//3148474301.
└ @ ModelingToolkitSIExt ~/ParameterEstimationBenchmark-local/environments/StructuralIdentifiability.jl/ext/ModelingToolkitSIExt.jl:78
┌ Warning: Floating point value 6.15838057060659 will be converted to 78894139//12810858.
└ @ ModelingToolkitSIExt ~/ParameterEstimationBenchmark-local/environments/StructuralIdentifiability.jl/ext/ModelingToolkitSIExt.jl:78
┌ Warning: Floating point value 0.5 will be converted to 1//2.
└ @ ModelingToolkitSIExt ~/ParameterEstimationBenchmark-local/environments/StructuralIdentifiability.jl/ext/ModelingToolkitSIExt.jl:78
┌ Warning: Floating point value 0.5 will be converted to 1//2.
└ @ ModelingToolkitSIExt ~/ParameterEstimationBenchmark-local/environments/StructuralIdentifiability.jl/ext/ModelingToolkitSIExt.jl:78
┌ Warning: Floating point value 3.2556386240584825 will be converted to 156218427//47983958.
└ @ ModelingToolkitSIExt ~/ParameterEstimationBenchmark-local/environments/StructuralIdentifiability.jl/ext/ModelingToolkitSIExt.jl:78
┌ Warning: Floating point value 2.215158430372193 will be converted to 74062431//33434372.
└ @ ModelingToolkitSIExt ~/ParameterEstimationBenchmark-local/environments/StructuralIdentifiability.jl/ext/ModelingToolkitSIExt.jl:78
┌ Warning: Floating point value 8.0 will be converted to 8.
└ @ ModelingToolkitSIExt ~/ParameterEstimationBenchmark-local/environments/StructuralIdentifiability.jl/ext/ModelingToolkitSIExt.jl:78
┌ Warning: Floating point value 0.5 will be converted to 1//2.
└ @ ModelingToolkitSIExt ~/ParameterEstimationBenchmark-local/environments/StructuralIdentifiability.jl/ext/ModelingToolkitSIExt.jl:78
┌ Warning: Floating point value -0.004869987271610289 will be converted to -3865633//793766551.
└ @ ModelingToolkitSIExt ~/ParameterEstimationBenchmark-local/environments/StructuralIdentifiability.jl/ext/ModelingToolkitSIExt.jl:78
┌ Warning: Floating point value -11.07337492825401 will be converted to -245846519//22201589.
└ @ ModelingToolkitSIExt ~/ParameterEstimationBenchmark-local/environments/StructuralIdentifiability.jl/ext/ModelingToolkitSIExt.jl:78
┌ Warning: Floating point value -0.5 will be converted to -1//2.
└ @ ModelingToolkitSIExt ~/ParameterEstimationBenchmark-local/environments/StructuralIdentifiability.jl/ext/ModelingToolkitSIExt.jl:78
┌ Warning: Floating point value 0.0005172400484522805 will be converted to 1628517//3148474301.
└ @ ModelingToolkitSIExt ~/ParameterEstimationBenchmark-local/environments/StructuralIdentifiability.jl/ext/ModelingToolkitSIExt.jl:78
┌ Warning: Floating point value 6.15838057060659 will be converted to 78894139//12810858.
└ @ ModelingToolkitSIExt ~/ParameterEstimationBenchmark-local/environments/StructuralIdentifiability.jl/ext/ModelingToolkitSIExt.jl:78
┌ Warning: Floating point value 0.5 will be converted to 1//2.
└ @ ModelingToolkitSIExt ~/ParameterEstimationBenchmark-local/environments/StructuralIdentifiability.jl/ext/ModelingToolkitSIExt.jl:78
┌ Warning: Floating point value 0.5 will be converted to 1//2.
└ @ ModelingToolkitSIExt ~/ParameterEstimationBenchmark-local/environments/StructuralIdentifiability.jl/ext/ModelingToolkitSIExt.jl:78
┌ Warning: Floating point value 0.5 will be converted to 1//2.
└ @ ModelingToolkitSIExt ~/ParameterEstimationBenchmark-local/environments/StructuralIdentifiability.jl/ext/ModelingToolkitSIExt.jl:78
┌ Warning: Floating point value 0.009739974543220578 will be converted to 7731266//793766551.
└ @ ModelingToolkitSIExt ~/ParameterEstimationBenchmark-local/environments/StructuralIdentifiability.jl/ext/ModelingToolkitSIExt.jl:78
┌ Warning: Floating point value -11.07337492825401 will be converted to -245846519//22201589.
└ @ ModelingToolkitSIExt ~/ParameterEstimationBenchmark-local/environments/StructuralIdentifiability.jl/ext/ModelingToolkitSIExt.jl:78
┌ Warning: Floating point value -0.5 will be converted to -1//2.
└ @ ModelingToolkitSIExt ~/ParameterEstimationBenchmark-local/environments/StructuralIdentifiability.jl/ext/ModelingToolkitSIExt.jl:78
┌ Warning: Floating point value 8.0 will be converted to 8.
└ @ ModelingToolkitSIExt ~/ParameterEstimationBenchmark-local/environments/StructuralIdentifiability.jl/ext/ModelingToolkitSIExt.jl:78
┌ Warning: Floating point value 0.5 will be converted to 1//2.
└ @ ModelingToolkitSIExt ~/ParameterEstimationBenchmark-local/environments/StructuralIdentifiability.jl/ext/ModelingToolkitSIExt.jl:78
[ Info: Getting polynomial system from SIAN
[ Info: Built polynomial system with 9 equations
[ Info: [SI-TEMPLATE] algebraic_multiplicity M = 1  (setup 0.01s, Groebner 4.96s, quotient_basis 0.01s, ring: 8 vars × 10 polys)
[ Info: [DEBUG-ALG-INDEP] Input: 9 equations, 7 indeterminates
[ Info: [DEBUG-ALG-INDEP] Jacobian size: (9, 7)
[ Info: [DEBUG-ALG-INDEP] Jacobian rank: 7
[ Info: [DEBUG-ALG-INDEP] Found 7 pivot columns
[ Info: [DEBUG-ALG-INDEP] Selected 7 equations (current_rank=7)
[ Info: [DEBUG-ALG-INDEP] Returning: output_ids=[1, 2, 3, 4, 5, 6, 7], alg_indep has 0 vars
[ Info: Reduced polynomial system to 7 equations
┌ Info: [SI-MAP] Extending DerivativeData support for SI template
│   current_order = -1
└   required_order = 5
[ Info: Checking identifiability
┌ Warning: There are no parameters in the given ODE, thus no identifiabile
│ functions.
│ Use `find_identifiable_functions` with keyword `with_states=true` to
│ compute the functions with the ODE states included.
└ @ StructuralIdentifiability ~/ParameterEstimationBenchmark-local/environments/StructuralIdentifiability.jl/src/identifiable_functions.jl:97
┌ Info: [SI-STRUCTURAL] SIAN/SI template summary
│   template_equation_count = 7
│   derivative_symbol_count = 12
│   max_derivative_order = 5
│   structural_unidentifiable_count = 1
└   identifiable_function_count = 1
┌ Info: [SI-MAP] Classified symbolic SI support variables while converting SIAN output
│   counts =
│    Dict{Symbol, Int64} with 2 entries:
│      :state_jet        => 2
│      :measured_rhs_jet => 5
│   samples =
│    Dict{Symbol, Vector{String}} with 2 entries:
│      :state_jet        => ["x6_0", "x6_1"]
└      :measured_rhs_jet => ["x5_0", "x4_0", "x5_1", "x4_1", "x5_2"]
[ Info: Getting equation system from StructuralIdentifiability.jl
[ Info: Converting ODESystem to SI.jl format
┌ Warning: Floating point value -3.2557693592115715 will be converted to -83258761//25572684.
└ @ ModelingToolkitSIExt ~/ParameterEstimationBenchmark-local/environments/StructuralIdentifiability.jl/ext/ModelingToolkitSIExt.jl:78
┌ Warning: Floating point value 8.0 will be converted to 8.
└ @ ModelingToolkitSIExt ~/ParameterEstimationBenchmark-local/environments/StructuralIdentifiability.jl/ext/ModelingToolkitSIExt.jl:78
┌ Warning: Floating point value 2.215464124464807 will be converted to 72888269//32899774.
└ @ ModelingToolkitSIExt ~/ParameterEstimationBenchmark-local/environments/StructuralIdentifiability.jl/ext/ModelingToolkitSIExt.jl:78
┌ Warning: Floating point value 8.0 will be converted to 8.
└ @ ModelingToolkitSIExt ~/ParameterEstimationBenchmark-local/environments/StructuralIdentifiability.jl/ext/ModelingToolkitSIExt.jl:78
┌ Warning: Floating point value -0.0007712041039198775 will be converted to -2709019//3512713413.
└ @ ModelingToolkitSIExt ~/ParameterEstimationBenchmark-local/environments/StructuralIdentifiability.jl/ext/ModelingToolkitSIExt.jl:78
┌ Warning: Floating point value 6.114143825543761 will be converted to 215797832//35294857.
└ @ ModelingToolkitSIExt ~/ParameterEstimationBenchmark-local/environments/StructuralIdentifiability.jl/ext/ModelingToolkitSIExt.jl:78
┌ Warning: Floating point value 0.5 will be converted to 1//2.
└ @ ModelingToolkitSIExt ~/ParameterEstimationBenchmark-local/environments/StructuralIdentifiability.jl/ext/ModelingToolkitSIExt.jl:78
┌ Warning: Floating point value 0.5 will be converted to 1//2.
└ @ ModelingToolkitSIExt ~/ParameterEstimationBenchmark-local/environments/StructuralIdentifiability.jl/ext/ModelingToolkitSIExt.jl:78
┌ Warning: Floating point value 3.2557693592115715 will be converted to 83258761//25572684.
└ @ ModelingToolkitSIExt ~/ParameterEstimationBenchmark-local/environments/StructuralIdentifiability.jl/ext/ModelingToolkitSIExt.jl:78
┌ Warning: Floating point value 2.215464124464807 will be converted to 72888269//32899774.
└ @ ModelingToolkitSIExt ~/ParameterEstimationBenchmark-local/environments/StructuralIdentifiability.jl/ext/ModelingToolkitSIExt.jl:78
┌ Warning: Floating point value 8.0 will be converted to 8.
└ @ ModelingToolkitSIExt ~/ParameterEstimationBenchmark-local/environments/StructuralIdentifiability.jl/ext/ModelingToolkitSIExt.jl:78
┌ Warning: Floating point value 0.5 will be converted to 1//2.
└ @ ModelingToolkitSIExt ~/ParameterEstimationBenchmark-local/environments/StructuralIdentifiability.jl/ext/ModelingToolkitSIExt.jl:78
┌ Warning: Floating point value -0.004924946260040344 will be converted to -10799261//2192767277.
└ @ ModelingToolkitSIExt ~/ParameterEstimationBenchmark-local/environments/StructuralIdentifiability.jl/ext/ModelingToolkitSIExt.jl:78
┌ Warning: Floating point value -11.00230985397716 will be converted to -465565261//42315229.
└ @ ModelingToolkitSIExt ~/ParameterEstimationBenchmark-local/environments/StructuralIdentifiability.jl/ext/ModelingToolkitSIExt.jl:78
┌ Warning: Floating point value -0.5 will be converted to -1//2.
└ @ ModelingToolkitSIExt ~/ParameterEstimationBenchmark-local/environments/StructuralIdentifiability.jl/ext/ModelingToolkitSIExt.jl:78
┌ Warning: Floating point value 0.0007712041039198775 will be converted to 2709019//3512713413.
└ @ ModelingToolkitSIExt ~/ParameterEstimationBenchmark-local/environments/StructuralIdentifiability.jl/ext/ModelingToolkitSIExt.jl:78
┌ Warning: Floating point value 6.114143825543761 will be converted to 215797832//35294857.
└ @ ModelingToolkitSIExt ~/ParameterEstimationBenchmark-local/environments/StructuralIdentifiability.jl/ext/ModelingToolkitSIExt.jl:78
┌ Warning: Floating point value 0.5 will be converted to 1//2.
└ @ ModelingToolkitSIExt ~/ParameterEstimationBenchmark-local/environments/StructuralIdentifiability.jl/ext/ModelingToolkitSIExt.jl:78
┌ Warning: Floating point value 0.5 will be converted to 1//2.
└ @ ModelingToolkitSIExt ~/ParameterEstimationBenchmark-local/environments/StructuralIdentifiability.jl/ext/ModelingToolkitSIExt.jl:78
┌ Warning: Floating point value 0.5 will be converted to 1//2.
└ @ ModelingToolkitSIExt ~/ParameterEstimationBenchmark-local/environments/StructuralIdentifiability.jl/ext/ModelingToolkitSIExt.jl:78
┌ Warning: Floating point value 0.009849892520080688 will be converted to 21232537//2155611034.
└ @ ModelingToolkitSIExt ~/ParameterEstimationBenchmark-local/environments/StructuralIdentifiability.jl/ext/ModelingToolkitSIExt.jl:78
┌ Warning: Floating point value -11.00230985397716 will be converted to -465565261//42315229.
└ @ ModelingToolkitSIExt ~/ParameterEstimationBenchmark-local/environments/StructuralIdentifiability.jl/ext/ModelingToolkitSIExt.jl:78
┌ Warning: Floating point value -0.5 will be converted to -1//2.
└ @ ModelingToolkitSIExt ~/ParameterEstimationBenchmark-local/environments/StructuralIdentifiability.jl/ext/ModelingToolkitSIExt.jl:78
┌ Warning: Floating point value 8.0 will be converted to 8.
└ @ ModelingToolkitSIExt ~/ParameterEstimationBenchmark-local/environments/StructuralIdentifiability.jl/ext/ModelingToolkitSIExt.jl:78
┌ Warning: Floating point value 0.5 will be converted to 1//2.
└ @ ModelingToolkitSIExt ~/ParameterEstimationBenchmark-local/environments/StructuralIdentifiability.jl/ext/ModelingToolkitSIExt.jl:78
[ Info: Getting polynomial system from SIAN
[ Info: Built polynomial system with 9 equations
[ Info: [SI-TEMPLATE] algebraic_multiplicity M = 1  (setup 0.0s, Groebner 0.0s, quotient_basis 0.0s, ring: 8 vars × 10 polys)
[ Info: [DEBUG-ALG-INDEP] Input: 9 equations, 7 indeterminates
[ Info: [DEBUG-ALG-INDEP] Jacobian size: (9, 7)
[ Info: [DEBUG-ALG-INDEP] Jacobian rank: 7
[ Info: [DEBUG-ALG-INDEP] Found 7 pivot columns
[ Info: [DEBUG-ALG-INDEP] Selected 7 equations (current_rank=7)
[ Info: [DEBUG-ALG-INDEP] Returning: output_ids=[1, 2, 3, 4, 5, 6, 7], alg_indep has 0 vars
[ Info: Reduced polynomial system to 7 equations
┌ Info: [SI-MAP] Extending DerivativeData support for SI template
│   current_order = -1
└   required_order = 5
[ Info: Checking identifiability
┌ Warning: There are no parameters in the given ODE, thus no identifiabile
│ functions.
│ Use `find_identifiable_functions` with keyword `with_states=true` to
│ compute the functions with the ODE states included.
└ @ StructuralIdentifiability ~/ParameterEstimationBenchmark-local/environments/StructuralIdentifiability.jl/src/identifiable_functions.jl:97
┌ Info: [SI-STRUCTURAL] SIAN/SI template summary
│   template_equation_count = 7
│   derivative_symbol_count = 12
│   max_derivative_order = 5
│   structural_unidentifiable_count = 1
└   identifiable_function_count = 1
┌ Info: [SI-MAP] Classified symbolic SI support variables while converting SIAN output
│   counts =
│    Dict{Symbol, Int64} with 2 entries:
│      :state_jet        => 2
│      :measured_rhs_jet => 5
│   samples =
│    Dict{Symbol, Vector{String}} with 2 entries:
│      :state_jet        => ["x6_0", "x6_1"]
└      :measured_rhs_jet => ["x5_0", "x4_0", "x5_1", "x4_1", "x5_2"]
[ Info: Getting equation system from StructuralIdentifiability.jl
[ Info: Converting ODESystem to SI.jl format
┌ Warning: Floating point value -3.2558737678048395 will be converted to -249419684//76606067.
└ @ ModelingToolkitSIExt ~/ParameterEstimationBenchmark-local/environments/StructuralIdentifiability.jl/ext/ModelingToolkitSIExt.jl:78
┌ Warning: Floating point value 8.0 will be converted to 8.
└ @ ModelingToolkitSIExt ~/ParameterEstimationBenchmark-local/environments/StructuralIdentifiability.jl/ext/ModelingToolkitSIExt.jl:78
┌ Warning: Floating point value 2.2157072389027554 will be converted to 104518203//47171486.
└ @ ModelingToolkitSIExt ~/ParameterEstimationBenchmark-local/environments/StructuralIdentifiability.jl/ext/ModelingToolkitSIExt.jl:78
┌ Warning: Floating point value 8.0 will be converted to 8.
└ @ ModelingToolkitSIExt ~/ParameterEstimationBenchmark-local/environments/StructuralIdentifiability.jl/ext/ModelingToolkitSIExt.jl:78
┌ Warning: Floating point value -0.0012451788024348208 will be converted to -3425590//2751082811.
└ @ ModelingToolkitSIExt ~/ParameterEstimationBenchmark-local/environments/StructuralIdentifiability.jl/ext/ModelingToolkitSIExt.jl:78
┌ Warning: Floating point value 6.087428487669799 will be converted to 109432454//17976795.
└ @ ModelingToolkitSIExt ~/ParameterEstimationBenchmark-local/environments/StructuralIdentifiability.jl/ext/ModelingToolkitSIExt.jl:78
┌ Warning: Floating point value 0.5 will be converted to 1//2.
└ @ ModelingToolkitSIExt ~/ParameterEstimationBenchmark-local/environments/StructuralIdentifiability.jl/ext/ModelingToolkitSIExt.jl:78
┌ Warning: Floating point value 0.5 will be converted to 1//2.
└ @ ModelingToolkitSIExt ~/ParameterEstimationBenchmark-local/environments/StructuralIdentifiability.jl/ext/ModelingToolkitSIExt.jl:78
┌ Warning: Floating point value 3.2558737678048395 will be converted to 249419684//76606067.
└ @ ModelingToolkitSIExt ~/ParameterEstimationBenchmark-local/environments/StructuralIdentifiability.jl/ext/ModelingToolkitSIExt.jl:78
┌ Warning: Floating point value 2.2157072389027554 will be converted to 104518203//47171486.
└ @ ModelingToolkitSIExt ~/ParameterEstimationBenchmark-local/environments/StructuralIdentifiability.jl/ext/ModelingToolkitSIExt.jl:78
┌ Warning: Floating point value 8.0 will be converted to 8.
└ @ ModelingToolkitSIExt ~/ParameterEstimationBenchmark-local/environments/StructuralIdentifiability.jl/ext/ModelingToolkitSIExt.jl:78
┌ Warning: Floating point value 0.5 will be converted to 1//2.
└ @ ModelingToolkitSIExt ~/ParameterEstimationBenchmark-local/environments/StructuralIdentifiability.jl/ext/ModelingToolkitSIExt.jl:78
┌ Warning: Floating point value -0.004958116831246205 will be converted to -3627338//731595911.
└ @ ModelingToolkitSIExt ~/ParameterEstimationBenchmark-local/environments/StructuralIdentifiability.jl/ext/ModelingToolkitSIExt.jl:78
┌ Warning: Floating point value -10.951334573959182 will be converted to -207399561//18938291.
└ @ ModelingToolkitSIExt ~/ParameterEstimationBenchmark-local/environments/StructuralIdentifiability.jl/ext/ModelingToolkitSIExt.jl:78
┌ Warning: Floating point value -0.5 will be converted to -1//2.
└ @ ModelingToolkitSIExt ~/ParameterEstimationBenchmark-local/environments/StructuralIdentifiability.jl/ext/ModelingToolkitSIExt.jl:78
┌ Warning: Floating point value 0.0012451788024348208 will be converted to 3425590//2751082811.
└ @ ModelingToolkitSIExt ~/ParameterEstimationBenchmark-local/environments/StructuralIdentifiability.jl/ext/ModelingToolkitSIExt.jl:78
┌ Warning: Floating point value 6.087428487669799 will be converted to 109432454//17976795.
└ @ ModelingToolkitSIExt ~/ParameterEstimationBenchmark-local/environments/StructuralIdentifiability.jl/ext/ModelingToolkitSIExt.jl:78
┌ Warning: Floating point value 0.5 will be converted to 1//2.
└ @ ModelingToolkitSIExt ~/ParameterEstimationBenchmark-local/environments/StructuralIdentifiability.jl/ext/ModelingToolkitSIExt.jl:78
┌ Warning: Floating point value 0.5 will be converted to 1//2.
└ @ ModelingToolkitSIExt ~/ParameterEstimationBenchmark-local/environments/StructuralIdentifiability.jl/ext/ModelingToolkitSIExt.jl:78
┌ Warning: Floating point value 0.5 will be converted to 1//2.
└ @ ModelingToolkitSIExt ~/ParameterEstimationBenchmark-local/environments/StructuralIdentifiability.jl/ext/ModelingToolkitSIExt.jl:78
┌ Warning: Floating point value 0.00991623366249241 will be converted to 7254676//731595911.
└ @ ModelingToolkitSIExt ~/ParameterEstimationBenchmark-local/environments/StructuralIdentifiability.jl/ext/ModelingToolkitSIExt.jl:78
┌ Warning: Floating point value -10.951334573959182 will be converted to -207399561//18938291.
└ @ ModelingToolkitSIExt ~/ParameterEstimationBenchmark-local/environments/StructuralIdentifiability.jl/ext/ModelingToolkitSIExt.jl:78
┌ Warning: Floating point value -0.5 will be converted to -1//2.
└ @ ModelingToolkitSIExt ~/ParameterEstimationBenchmark-local/environments/StructuralIdentifiability.jl/ext/ModelingToolkitSIExt.jl:78
┌ Warning: Floating point value 8.0 will be converted to 8.
└ @ ModelingToolkitSIExt ~/ParameterEstimationBenchmark-local/environments/StructuralIdentifiability.jl/ext/ModelingToolkitSIExt.jl:78
┌ Warning: Floating point value 0.5 will be converted to 1//2.
└ @ ModelingToolkitSIExt ~/ParameterEstimationBenchmark-local/environments/StructuralIdentifiability.jl/ext/ModelingToolkitSIExt.jl:78
[ Info: Getting polynomial system from SIAN
[ Info: Built polynomial system with 9 equations
[ Info: [SI-TEMPLATE] algebraic_multiplicity M = 1  (setup 0.0s, Groebner 0.0s, quotient_basis 0.0s, ring: 8 vars × 10 polys)
[ Info: [DEBUG-ALG-INDEP] Input: 9 equations, 7 indeterminates
[ Info: [DEBUG-ALG-INDEP] Jacobian size: (9, 7)
[ Info: [DEBUG-ALG-INDEP] Jacobian rank: 7
[ Info: [DEBUG-ALG-INDEP] Found 7 pivot columns
[ Info: [DEBUG-ALG-INDEP] Selected 7 equations (current_rank=7)
[ Info: [DEBUG-ALG-INDEP] Returning: output_ids=[1, 2, 3, 4, 5, 6, 7], alg_indep has 0 vars
[ Info: Reduced polynomial system to 7 equations
┌ Info: [SI-MAP] Extending DerivativeData support for SI template
│   current_order = -1
└   required_order = 5
[ Info: Checking identifiability
┌ Warning: There are no parameters in the given ODE, thus no identifiabile
│ functions.
│ Use `find_identifiable_functions` with keyword `with_states=true` to
│ compute the functions with the ODE states included.
└ @ StructuralIdentifiability ~/ParameterEstimationBenchmark-local/environments/StructuralIdentifiability.jl/src/identifiable_functions.jl:97
┌ Info: [SI-STRUCTURAL] SIAN/SI template summary
│   template_equation_count = 7
│   derivative_symbol_count = 12
│   max_derivative_order = 5
│   structural_unidentifiable_count = 1
└   identifiable_function_count = 1
┌ Info: [SI-MAP] Classified symbolic SI support variables while converting SIAN output
│   counts =
│    Dict{Symbol, Int64} with 2 entries:
│      :state_jet        => 2
│      :measured_rhs_jet => 5
│   samples =
│    Dict{Symbol, Vector{String}} with 2 entries:
│      :state_jet        => ["x6_0", "x6_1"]
└      :measured_rhs_jet => ["x5_0", "x4_0", "x5_1", "x4_1", "x5_2"]
[ Info: Getting equation system from StructuralIdentifiability.jl
[ Info: Converting ODESystem to SI.jl format
┌ Warning: Floating point value -3.255955060111036 will be converted to -206404007//63392769.
└ @ ModelingToolkitSIExt ~/ParameterEstimationBenchmark-local/environments/StructuralIdentifiability.jl/ext/ModelingToolkitSIExt.jl:78
┌ Warning: Floating point value 8.0 will be converted to 8.
└ @ ModelingToolkitSIExt ~/ParameterEstimationBenchmark-local/environments/StructuralIdentifiability.jl/ext/ModelingToolkitSIExt.jl:78
┌ Warning: Floating point value 2.2158955849981647 will be converted to 71711019//32362093.
└ @ ModelingToolkitSIExt ~/ParameterEstimationBenchmark-local/environments/StructuralIdentifiability.jl/ext/ModelingToolkitSIExt.jl:78
┌ Warning: Floating point value 8.0 will be converted to 8.
└ @ ModelingToolkitSIExt ~/ParameterEstimationBenchmark-local/environments/StructuralIdentifiability.jl/ext/ModelingToolkitSIExt.jl:78
┌ Warning: Floating point value -0.002417651830187403 will be converted to -4383754//1813228003.
└ @ ModelingToolkitSIExt ~/ParameterEstimationBenchmark-local/environments/StructuralIdentifiability.jl/ext/ModelingToolkitSIExt.jl:78
┌ Warning: Floating point value 6.122761003562806 will be converted to 250679128//40942171.
└ @ ModelingToolkitSIExt ~/ParameterEstimationBenchmark-local/environments/StructuralIdentifiability.jl/ext/ModelingToolkitSIExt.jl:78
┌ Warning: Floating point value 0.5 will be converted to 1//2.
└ @ ModelingToolkitSIExt ~/ParameterEstimationBenchmark-local/environments/StructuralIdentifiability.jl/ext/ModelingToolkitSIExt.jl:78
┌ Warning: Floating point value 0.5 will be converted to 1//2.
└ @ ModelingToolkitSIExt ~/ParameterEstimationBenchmark-local/environments/StructuralIdentifiability.jl/ext/ModelingToolkitSIExt.jl:78
┌ Warning: Floating point value 3.255955060111036 will be converted to 206404007//63392769.
└ @ ModelingToolkitSIExt ~/ParameterEstimationBenchmark-local/environments/StructuralIdentifiability.jl/ext/ModelingToolkitSIExt.jl:78
┌ Warning: Floating point value 2.2158955849981647 will be converted to 71711019//32362093.
└ @ ModelingToolkitSIExt ~/ParameterEstimationBenchmark-local/environments/StructuralIdentifiability.jl/ext/ModelingToolkitSIExt.jl:78
┌ Warning: Floating point value 8.0 will be converted to 8.
└ @ ModelingToolkitSIExt ~/ParameterEstimationBenchmark-local/environments/StructuralIdentifiability.jl/ext/ModelingToolkitSIExt.jl:78
┌ Warning: Floating point value 0.5 will be converted to 1//2.
└ @ ModelingToolkitSIExt ~/ParameterEstimationBenchmark-local/environments/StructuralIdentifiability.jl/ext/ModelingToolkitSIExt.jl:78
┌ Warning: Floating point value -0.00491224407045309 will be converted to -3156376//642552763.
└ @ ModelingToolkitSIExt ~/ParameterEstimationBenchmark-local/environments/StructuralIdentifiability.jl/ext/ModelingToolkitSIExt.jl:78
┌ Warning: Floating point value -10.972643415794956 will be converted to -104554753//9528675.
└ @ ModelingToolkitSIExt ~/ParameterEstimationBenchmark-local/environments/StructuralIdentifiability.jl/ext/ModelingToolkitSIExt.jl:78
┌ Warning: Floating point value -0.5 will be converted to -1//2.
└ @ ModelingToolkitSIExt ~/ParameterEstimationBenchmark-local/environments/StructuralIdentifiability.jl/ext/ModelingToolkitSIExt.jl:78
┌ Warning: Floating point value 0.002417651830187403 will be converted to 4383754//1813228003.
└ @ ModelingToolkitSIExt ~/ParameterEstimationBenchmark-local/environments/StructuralIdentifiability.jl/ext/ModelingToolkitSIExt.jl:78
┌ Warning: Floating point value 6.122761003562806 will be converted to 250679128//40942171.
└ @ ModelingToolkitSIExt ~/ParameterEstimationBenchmark-local/environments/StructuralIdentifiability.jl/ext/ModelingToolkitSIExt.jl:78
┌ Warning: Floating point value 0.5 will be converted to 1//2.
└ @ ModelingToolkitSIExt ~/ParameterEstimationBenchmark-local/environments/StructuralIdentifiability.jl/ext/ModelingToolkitSIExt.jl:78
┌ Warning: Floating point value 0.5 will be converted to 1//2.
└ @ ModelingToolkitSIExt ~/ParameterEstimationBenchmark-local/environments/StructuralIdentifiability.jl/ext/ModelingToolkitSIExt.jl:78
┌ Warning: Floating point value 0.5 will be converted to 1//2.
└ @ ModelingToolkitSIExt ~/ParameterEstimationBenchmark-local/environments/StructuralIdentifiability.jl/ext/ModelingToolkitSIExt.jl:78
┌ Warning: Floating point value 0.00982448814090618 will be converted to 6312752//642552763.
└ @ ModelingToolkitSIExt ~/ParameterEstimationBenchmark-local/environments/StructuralIdentifiability.jl/ext/ModelingToolkitSIExt.jl:78
┌ Warning: Floating point value -10.972643415794956 will be converted to -104554753//9528675.
└ @ ModelingToolkitSIExt ~/ParameterEstimationBenchmark-local/environments/StructuralIdentifiability.jl/ext/ModelingToolkitSIExt.jl:78
┌ Warning: Floating point value -0.5 will be converted to -1//2.
└ @ ModelingToolkitSIExt ~/ParameterEstimationBenchmark-local/environments/StructuralIdentifiability.jl/ext/ModelingToolkitSIExt.jl:78
┌ Warning: Floating point value 8.0 will be converted to 8.
└ @ ModelingToolkitSIExt ~/ParameterEstimationBenchmark-local/environments/StructuralIdentifiability.jl/ext/ModelingToolkitSIExt.jl:78
┌ Warning: Floating point value 0.5 will be converted to 1//2.
└ @ ModelingToolkitSIExt ~/ParameterEstimationBenchmark-local/environments/StructuralIdentifiability.jl/ext/ModelingToolkitSIExt.jl:78
[ Info: Getting polynomial system from SIAN
[ Info: Built polynomial system with 9 equations
[ Info: [SI-TEMPLATE] algebraic_multiplicity M = 1  (setup 0.0s, Groebner 0.0s, quotient_basis 0.0s, ring: 8 vars × 10 polys)
[ Info: [DEBUG-ALG-INDEP] Input: 9 equations, 7 indeterminates
[ Info: [DEBUG-ALG-INDEP] Jacobian size: (9, 7)
[ Info: [DEBUG-ALG-INDEP] Jacobian rank: 7
[ Info: [DEBUG-ALG-INDEP] Found 7 pivot columns
[ Info: [DEBUG-ALG-INDEP] Selected 7 equations (current_rank=7)
[ Info: [DEBUG-ALG-INDEP] Returning: output_ids=[1, 2, 3, 4, 5, 6, 7], alg_indep has 0 vars
[ Info: Reduced polynomial system to 7 equations
┌ Info: [SI-MAP] Extending DerivativeData support for SI template
│   current_order = -1
└   required_order = 5
[ Info: Checking identifiability
┌ Warning: There are no parameters in the given ODE, thus no identifiabile
│ functions.
│ Use `find_identifiable_functions` with keyword `with_states=true` to
│ compute the functions with the ODE states included.
└ @ StructuralIdentifiability ~/ParameterEstimationBenchmark-local/environments/StructuralIdentifiability.jl/src/identifiable_functions.jl:97
┌ Info: [SI-STRUCTURAL] SIAN/SI template summary
│   template_equation_count = 7
│   derivative_symbol_count = 12
│   max_derivative_order = 5
│   structural_unidentifiable_count = 1
└   identifiable_function_count = 1
┌ Info: [SI-MAP] Classified symbolic SI support variables while converting SIAN output
│   counts =
│    Dict{Symbol, Int64} with 2 entries:
│      :state_jet        => 2
│      :measured_rhs_jet => 5
│   samples =
│    Dict{Symbol, Vector{String}} with 2 entries:
│      :state_jet        => ["x6_0", "x6_1"]
└      :measured_rhs_jet => ["x5_0", "x4_0", "x5_1", "x4_1", "x5_2"]
[ Info: Getting equation system from StructuralIdentifiability.jl
[ Info: Converting ODESystem to SI.jl format
┌ Warning: Floating point value -3.2560026447045853 will be converted to -167070676//51311591.
└ @ ModelingToolkitSIExt ~/ParameterEstimationBenchmark-local/environments/StructuralIdentifiability.jl/ext/ModelingToolkitSIExt.jl:78
┌ Warning: Floating point value 8.0 will be converted to 8.
└ @ ModelingToolkitSIExt ~/ParameterEstimationBenchmark-local/environments/StructuralIdentifiability.jl/ext/ModelingToolkitSIExt.jl:78
┌ Warning: Floating point value 2.216005277899582 will be converted to 85057930//38383451.
└ @ ModelingToolkitSIExt ~/ParameterEstimationBenchmark-local/environments/StructuralIdentifiability.jl/ext/ModelingToolkitSIExt.jl:78
┌ Warning: Floating point value 8.0 will be converted to 8.
└ @ ModelingToolkitSIExt ~/ParameterEstimationBenchmark-local/environments/StructuralIdentifiability.jl/ext/ModelingToolkitSIExt.jl:78
┌ Warning: Floating point value -0.006123359641021303 will be converted to -1822843//297686745.
└ @ ModelingToolkitSIExt ~/ParameterEstimationBenchmark-local/environments/StructuralIdentifiability.jl/ext/ModelingToolkitSIExt.jl:78
┌ Warning: Floating point value 6.4821226475447755 will be converted to 172806966//26659009.
└ @ ModelingToolkitSIExt ~/ParameterEstimationBenchmark-local/environments/StructuralIdentifiability.jl/ext/ModelingToolkitSIExt.jl:78
┌ Warning: Floating point value 0.5 will be converted to 1//2.
└ @ ModelingToolkitSIExt ~/ParameterEstimationBenchmark-local/environments/StructuralIdentifiability.jl/ext/ModelingToolkitSIExt.jl:78
┌ Warning: Floating point value 0.5 will be converted to 1//2.
└ @ ModelingToolkitSIExt ~/ParameterEstimationBenchmark-local/environments/StructuralIdentifiability.jl/ext/ModelingToolkitSIExt.jl:78
┌ Warning: Floating point value 3.2560026447045853 will be converted to 167070676//51311591.
└ @ ModelingToolkitSIExt ~/ParameterEstimationBenchmark-local/environments/StructuralIdentifiability.jl/ext/ModelingToolkitSIExt.jl:78
┌ Warning: Floating point value 2.216005277899582 will be converted to 85057930//38383451.
└ @ ModelingToolkitSIExt ~/ParameterEstimationBenchmark-local/environments/StructuralIdentifiability.jl/ext/ModelingToolkitSIExt.jl:78
┌ Warning: Floating point value 8.0 will be converted to 8.
└ @ ModelingToolkitSIExt ~/ParameterEstimationBenchmark-local/environments/StructuralIdentifiability.jl/ext/ModelingToolkitSIExt.jl:78
┌ Warning: Floating point value 0.5 will be converted to 1//2.
└ @ ModelingToolkitSIExt ~/ParameterEstimationBenchmark-local/environments/StructuralIdentifiability.jl/ext/ModelingToolkitSIExt.jl:78
┌ Warning: Floating point value -0.004490403979629956 will be converted to -1802428//401395511.
└ @ ModelingToolkitSIExt ~/ParameterEstimationBenchmark-local/environments/StructuralIdentifiability.jl/ext/ModelingToolkitSIExt.jl:78
┌ Warning: Floating point value -11.392811297757303 will be converted to -215197867//18888917.
└ @ ModelingToolkitSIExt ~/ParameterEstimationBenchmark-local/environments/StructuralIdentifiability.jl/ext/ModelingToolkitSIExt.jl:78
┌ Warning: Floating point value -0.5 will be converted to -1//2.
└ @ ModelingToolkitSIExt ~/ParameterEstimationBenchmark-local/environments/StructuralIdentifiability.jl/ext/ModelingToolkitSIExt.jl:78
[CAND 11] ok  max=435b  0.1s
[CAND 27] ok  max=424b  0.1s
[CAND 31] ok  max=449b  0.1s
[CAND 37] ok  max=421b  0.1s
┌ Warning: Floating point value 0.006123359641021303 will be converted to 1822843//297686745.
└ @ ModelingToolkitSIExt ~/ParameterEstimationBenchmark-local/environments/StructuralIdentifiability.jl/ext/ModelingToolkitSIExt.jl:78
┌ Warning: Floating point value 6.4821226475447755 will be converted to 172806966//26659009.
└ @ ModelingToolkitSIExt ~/ParameterEstimationBenchmark-local/environments/StructuralIdentifiability.jl/ext/ModelingToolkitSIExt.jl:78
┌ Warning: Floating point value 0.5 will be converted to 1//2.
└ @ ModelingToolkitSIExt ~/ParameterEstimationBenchmark-local/environments/StructuralIdentifiability.jl/ext/ModelingToolkitSIExt.jl:78
┌ Warning: Floating point value 0.5 will be converted to 1//2.
└ @ ModelingToolkitSIExt ~/ParameterEstimationBenchmark-local/environments/StructuralIdentifiability.jl/ext/ModelingToolkitSIExt.jl:78
┌ Warning: Floating point value 0.5 will be converted to 1//2.
└ @ ModelingToolkitSIExt ~/ParameterEstimationBenchmark-local/environments/StructuralIdentifiability.jl/ext/ModelingToolkitSIExt.jl:78
┌ Warning: Floating point value 0.008980807959259911 will be converted to 3604856//401395511.
└ @ ModelingToolkitSIExt ~/ParameterEstimationBenchmark-local/environments/StructuralIdentifiability.jl/ext/ModelingToolkitSIExt.jl:78
┌ Warning: Floating point value -11.392811297757303 will be converted to -215197867//18888917.
└ @ ModelingToolkitSIExt ~/ParameterEstimationBenchmark-local/environments/StructuralIdentifiability.jl/ext/ModelingToolkitSIExt.jl:78
┌ Warning: Floating point value -0.5 will be converted to -1//2.
└ @ ModelingToolkitSIExt ~/ParameterEstimationBenchmark-local/environments/StructuralIdentifiability.jl/ext/ModelingToolkitSIExt.jl:78
┌ Warning: Floating point value 8.0 will be converted to 8.
└ @ ModelingToolkitSIExt ~/ParameterEstimationBenchmark-local/environments/StructuralIdentifiability.jl/ext/ModelingToolkitSIExt.jl:78
┌ Warning: Floating point value 0.5 will be converted to 1//2.
└ @ ModelingToolkitSIExt ~/ParameterEstimationBenchmark-local/environments/StructuralIdentifiability.jl/ext/ModelingToolkitSIExt.jl:78
[ Info: Getting polynomial system from SIAN
[ Info: Built polynomial system with 9 equations
[ Info: [SI-TEMPLATE] algebraic_multiplicity M = 1  (setup 0.0s, Groebner 0.0s, quotient_basis 0.0s, ring: 8 vars × 10 polys)
[ Info: [DEBUG-ALG-INDEP] Input: 9 equations, 7 indeterminates
[ Info: [DEBUG-ALG-INDEP] Jacobian size: (9, 7)
[ Info: [DEBUG-ALG-INDEP] Jacobian rank: 7
[ Info: [DEBUG-ALG-INDEP] Found 7 pivot columns
[ Info: [DEBUG-ALG-INDEP] Selected 7 equations (current_rank=7)
[ Info: [DEBUG-ALG-INDEP] Returning: output_ids=[1, 2, 3, 4, 5, 6, 7], alg_indep has 0 vars
[ Info: Reduced polynomial system to 7 equations
┌ Info: [SI-MAP] Extending DerivativeData support for SI template
│   current_order = -1
└   required_order = 5
[ Info: Checking identifiability
┌ Warning: There are no parameters in the given ODE, thus no identifiabile
│ functions.
│ Use `find_identifiable_functions` with keyword `with_states=true` to
│ compute the functions with the ODE states included.
└ @ StructuralIdentifiability ~/ParameterEstimationBenchmark-local/environments/StructuralIdentifiability.jl/src/identifiable_functions.jl:97
┌ Info: [SI-STRUCTURAL] SIAN/SI template summary
│   template_equation_count = 7
│   derivative_symbol_count = 12
│   max_derivative_order = 5
│   structural_unidentifiable_count = 1
└   identifiable_function_count = 1
┌ Info: [SI-MAP] Classified symbolic SI support variables while converting SIAN output
│   counts =
│    Dict{Symbol, Int64} with 2 entries:
│      :state_jet        => 2
│      :measured_rhs_jet => 5
│   samples =
│    Dict{Symbol, Vector{String}} with 2 entries:
│      :state_jet        => ["x6_0", "x6_1"]
└      :measured_rhs_jet => ["x5_0", "x4_0", "x5_1", "x4_1", "x5_2"]
[ Info: Getting equation system from StructuralIdentifiability.jl
[ Info: Converting ODESystem to SI.jl format
┌ Warning: Floating point value -3.255991067767274 will be converted to -199655728//61319495.
└ @ ModelingToolkitSIExt ~/ParameterEstimationBenchmark-local/environments/StructuralIdentifiability.jl/ext/ModelingToolkitSIExt.jl:78
┌ Warning: Floating point value 8.0 will be converted to 8.
└ @ ModelingToolkitSIExt ~/ParameterEstimationBenchmark-local/environments/StructuralIdentifiability.jl/ext/ModelingToolkitSIExt.jl:78
┌ Warning: Floating point value 2.215980687547018 will be converted to 66968964//30220915.
└ @ ModelingToolkitSIExt ~/ParameterEstimationBenchmark-local/environments/StructuralIdentifiability.jl/ext/ModelingToolkitSIExt.jl:78
┌ Warning: Floating point value 8.0 will be converted to 8.
└ @ ModelingToolkitSIExt ~/ParameterEstimationBenchmark-local/environments/StructuralIdentifiability.jl/ext/ModelingToolkitSIExt.jl:78
┌ Warning: Floating point value -0.1485668581480652 will be converted to -26444030//177994139.
└ @ ModelingToolkitSIExt ~/ParameterEstimationBenchmark-local/environments/StructuralIdentifiability.jl/ext/ModelingToolkitSIExt.jl:78
┌ Warning: Floating point value 0.963882649191764 will be converted to 92686810//96159849.
└ @ ModelingToolkitSIExt ~/ParameterEstimationBenchmark-local/environments/StructuralIdentifiability.jl/ext/ModelingToolkitSIExt.jl:78
┌ Warning: Floating point value 0.5 will be converted to 1//2.
└ @ ModelingToolkitSIExt ~/ParameterEstimationBenchmark-local/environments/StructuralIdentifiability.jl/ext/ModelingToolkitSIExt.jl:78
┌ Warning: Floating point value 0.5 will be converted to 1//2.
└ @ ModelingToolkitSIExt ~/ParameterEstimationBenchmark-local/environments/StructuralIdentifiability.jl/ext/ModelingToolkitSIExt.jl:78
┌ Warning: Floating point value 3.255991067767274 will be converted to 199655728//61319495.
└ @ ModelingToolkitSIExt ~/ParameterEstimationBenchmark-local/environments/StructuralIdentifiability.jl/ext/ModelingToolkitSIExt.jl:78
┌ Warning: Floating point value 2.215980687547018 will be converted to 66968964//30220915.
└ @ ModelingToolkitSIExt ~/ParameterEstimationBenchmark-local/environments/StructuralIdentifiability.jl/ext/ModelingToolkitSIExt.jl:78
┌ Warning: Floating point value 8.0 will be converted to 8.
└ @ ModelingToolkitSIExt ~/ParameterEstimationBenchmark-local/environments/StructuralIdentifiability.jl/ext/ModelingToolkitSIExt.jl:78
┌ Warning: Floating point value 0.5 will be converted to 1//2.
└ @ ModelingToolkitSIExt ~/ParameterEstimationBenchmark-local/environments/StructuralIdentifiability.jl/ext/ModelingToolkitSIExt.jl:78
┌ Warning: Floating point value 0.030508885470596565 will be converted to 15323429//502261186.
└ @ ModelingToolkitSIExt ~/ParameterEstimationBenchmark-local/environments/StructuralIdentifiability.jl/ext/ModelingToolkitSIExt.jl:78
┌ Warning: Floating point value -2.0833174203004496 will be converted to -113659461//54556958.
└ @ ModelingToolkitSIExt ~/ParameterEstimationBenchmark-local/environments/StructuralIdentifiability.jl/ext/ModelingToolkitSIExt.jl:78
┌ Warning: Floating point value -0.5 will be converted to -1//2.
└ @ ModelingToolkitSIExt ~/ParameterEstimationBenchmark-local/environments/StructuralIdentifiability.jl/ext/ModelingToolkitSIExt.jl:78
┌ Warning: Floating point value 0.1485668581480652 will be converted to 26444030//177994139.
└ @ ModelingToolkitSIExt ~/ParameterEstimationBenchmark-local/environments/StructuralIdentifiability.jl/ext/ModelingToolkitSIExt.jl:78
┌ Warning: Floating point value 0.963882649191764 will be converted to 92686810//96159849.
└ @ ModelingToolkitSIExt ~/ParameterEstimationBenchmark-local/environments/StructuralIdentifiability.jl/ext/ModelingToolkitSIExt.jl:78
┌ Warning: Floating point value 0.5 will be converted to 1//2.
└ @ ModelingToolkitSIExt ~/ParameterEstimationBenchmark-local/environments/StructuralIdentifiability.jl/ext/ModelingToolkitSIExt.jl:78
┌ Warning: Floating point value 0.5 will be converted to 1//2.
└ @ ModelingToolkitSIExt ~/ParameterEstimationBenchmark-local/environments/StructuralIdentifiability.jl/ext/ModelingToolkitSIExt.jl:78
┌ Warning: Floating point value 0.5 will be converted to 1//2.
└ @ ModelingToolkitSIExt ~/ParameterEstimationBenchmark-local/environments/StructuralIdentifiability.jl/ext/ModelingToolkitSIExt.jl:78
┌ Warning: Floating point value -0.06101777094119313 will be converted to -15323429//251130593.
└ @ ModelingToolkitSIExt ~/ParameterEstimationBenchmark-local/environments/StructuralIdentifiability.jl/ext/ModelingToolkitSIExt.jl:78
┌ Warning: Floating point value -2.0833174203004496 will be converted to -113659461//54556958.
└ @ ModelingToolkitSIExt ~/ParameterEstimationBenchmark-local/environments/StructuralIdentifiability.jl/ext/ModelingToolkitSIExt.jl:78
┌ Warning: Floating point value -0.5 will be converted to -1//2.
└ @ ModelingToolkitSIExt ~/ParameterEstimationBenchmark-local/environments/StructuralIdentifiability.jl/ext/ModelingToolkitSIExt.jl:78
┌ Warning: Floating point value 8.0 will be converted to 8.
└ @ ModelingToolkitSIExt ~/ParameterEstimationBenchmark-local/environments/StructuralIdentifiability.jl/ext/ModelingToolkitSIExt.jl:78
┌ Warning: Floating point value 0.5 will be converted to 1//2.
└ @ ModelingToolkitSIExt ~/ParameterEstimationBenchmark-local/environments/StructuralIdentifiability.jl/ext/ModelingToolkitSIExt.jl:78
[ Info: Getting polynomial system from SIAN
[ Info: Built polynomial system with 9 equations
[ Info: [SI-TEMPLATE] algebraic_multiplicity M = 1  (setup 0.0s, Groebner 0.0s, quotient_basis 0.0s, ring: 8 vars × 10 polys)
[ Info: [DEBUG-ALG-INDEP] Input: 9 equations, 7 indeterminates
[ Info: [DEBUG-ALG-INDEP] Jacobian size: (9, 7)
[ Info: [DEBUG-ALG-INDEP] Jacobian rank: 7
[ Info: [DEBUG-ALG-INDEP] Found 7 pivot columns
[ Info: [DEBUG-ALG-INDEP] Selected 7 equations (current_rank=7)
[ Info: [DEBUG-ALG-INDEP] Returning: output_ids=[1, 2, 3, 4, 5, 6, 7], alg_indep has 0 vars
[ Info: Reduced polynomial system to 7 equations
┌ Info: [SI-MAP] Extending DerivativeData support for SI template
│   current_order = -1
└   required_order = 5
[ Info: Checking identifiability
┌ Warning: There are no parameters in the given ODE, thus no identifiabile
│ functions.
│ Use `find_identifiable_functions` with keyword `with_states=true` to
│ compute the functions with the ODE states included.
└ @ StructuralIdentifiability ~/ParameterEstimationBenchmark-local/environments/StructuralIdentifiability.jl/src/identifiable_functions.jl:97
┌ Info: [SI-STRUCTURAL] SIAN/SI template summary
│   template_equation_count = 7
│   derivative_symbol_count = 12
│   max_derivative_order = 5
│   structural_unidentifiable_count = 1
└   identifiable_function_count = 1
┌ Info: [SI-MAP] Classified symbolic SI support variables while converting SIAN output
│   counts =
│    Dict{Symbol, Int64} with 2 entries:
│      :state_jet        => 2
│      :measured_rhs_jet => 5
│   samples =
│    Dict{Symbol, Vector{String}} with 2 entries:
│      :state_jet        => ["x6_0", "x6_1"]
└      :measured_rhs_jet => ["x5_0", "x4_0", "x5_1", "x4_1", "x5_2"]
[ Info: Getting equation system from StructuralIdentifiability.jl
[ Info: Converting ODESystem to SI.jl format
┌ Warning: Floating point value -3.255997217980772 will be converted to -236499397//72635012.
└ @ ModelingToolkitSIExt ~/ParameterEstimationBenchmark-local/environments/StructuralIdentifiability.jl/ext/ModelingToolkitSIExt.jl:78
┌ Warning: Floating point value 8.0 will be converted to 8.
└ @ ModelingToolkitSIExt ~/ParameterEstimationBenchmark-local/environments/StructuralIdentifiability.jl/ext/ModelingToolkitSIExt.jl:78
┌ Warning: Floating point value 2.2159939281487926 will be converted to 128171675//57839362.
└ @ ModelingToolkitSIExt ~/ParameterEstimationBenchmark-local/environments/StructuralIdentifiability.jl/ext/ModelingToolkitSIExt.jl:78
┌ Warning: Floating point value 8.0 will be converted to 8.
└ @ ModelingToolkitSIExt ~/ParameterEstimationBenchmark-local/environments/StructuralIdentifiability.jl/ext/ModelingToolkitSIExt.jl:78
┌ Warning: Floating point value -0.14768609920384757 will be converted to -17680169//119714510.
└ @ ModelingToolkitSIExt ~/ParameterEstimationBenchmark-local/environments/StructuralIdentifiability.jl/ext/ModelingToolkitSIExt.jl:78
┌ Warning: Floating point value 0.9954905186740676 will be converted to 254952149//256107059.
└ @ ModelingToolkitSIExt ~/ParameterEstimationBenchmark-local/environments/StructuralIdentifiability.jl/ext/ModelingToolkitSIExt.jl:78
┌ Warning: Floating point value 0.5 will be converted to 1//2.
└ @ ModelingToolkitSIExt ~/ParameterEstimationBenchmark-local/environments/StructuralIdentifiability.jl/ext/ModelingToolkitSIExt.jl:78
┌ Warning: Floating point value 0.5 will be converted to 1//2.
└ @ ModelingToolkitSIExt ~/ParameterEstimationBenchmark-local/environments/StructuralIdentifiability.jl/ext/ModelingToolkitSIExt.jl:78
┌ Warning: Floating point value 3.255997217980772 will be converted to 236499397//72635012.
└ @ ModelingToolkitSIExt ~/ParameterEstimationBenchmark-local/environments/StructuralIdentifiability.jl/ext/ModelingToolkitSIExt.jl:78
┌ Warning: Floating point value 2.2159939281487926 will be converted to 128171675//57839362.
└ @ ModelingToolkitSIExt ~/ParameterEstimationBenchmark-local/environments/StructuralIdentifiability.jl/ext/ModelingToolkitSIExt.jl:78
┌ Warning: Floating point value 8.0 will be converted to 8.
└ @ ModelingToolkitSIExt ~/ParameterEstimationBenchmark-local/environments/StructuralIdentifiability.jl/ext/ModelingToolkitSIExt.jl:78
┌ Warning: Floating point value 0.5 will be converted to 1//2.
└ @ ModelingToolkitSIExt ~/ParameterEstimationBenchmark-local/environments/StructuralIdentifiability.jl/ext/ModelingToolkitSIExt.jl:78
┌ Warning: Floating point value 0.01938822992824303 will be converted to 8252826//425661653.
└ @ ModelingToolkitSIExt ~/ParameterEstimationBenchmark-local/environments/StructuralIdentifiability.jl/ext/ModelingToolkitSIExt.jl:78
┌ Warning: Floating point value -4.082663035383832 will be converted to -34319731//8406212.
└ @ ModelingToolkitSIExt ~/ParameterEstimationBenchmark-local/environments/StructuralIdentifiability.jl/ext/ModelingToolkitSIExt.jl:78
┌ Warning: Floating point value -0.5 will be converted to -1//2.
└ @ ModelingToolkitSIExt ~/ParameterEstimationBenchmark-local/environments/StructuralIdentifiability.jl/ext/ModelingToolkitSIExt.jl:78
┌ Warning: Floating point value 0.14768609920384757 will be converted to 17680169//119714510.
└ @ ModelingToolkitSIExt ~/ParameterEstimationBenchmark-local/environments/StructuralIdentifiability.jl/ext/ModelingToolkitSIExt.jl:78
┌ Warning: Floating point value 0.9954905186740676 will be converted to 254952149//256107059.
└ @ ModelingToolkitSIExt ~/ParameterEstimationBenchmark-local/environments/StructuralIdentifiability.jl/ext/ModelingToolkitSIExt.jl:78
┌ Warning: Floating point value 0.5 will be converted to 1//2.
└ @ ModelingToolkitSIExt ~/ParameterEstimationBenchmark-local/environments/StructuralIdentifiability.jl/ext/ModelingToolkitSIExt.jl:78
┌ Warning: Floating point value 0.5 will be converted to 1//2.
└ @ ModelingToolkitSIExt ~/ParameterEstimationBenchmark-local/environments/StructuralIdentifiability.jl/ext/ModelingToolkitSIExt.jl:78
┌ Warning: Floating point value 0.5 will be converted to 1//2.
└ @ ModelingToolkitSIExt ~/ParameterEstimationBenchmark-local/environments/StructuralIdentifiability.jl/ext/ModelingToolkitSIExt.jl:78
┌ Warning: Floating point value -0.03877645985648606 will be converted to -16505652//425661653.
└ @ ModelingToolkitSIExt ~/ParameterEstimationBenchmark-local/environments/StructuralIdentifiability.jl/ext/ModelingToolkitSIExt.jl:78
┌ Warning: Floating point value -4.082663035383832 will be converted to -34319731//8406212.
└ @ ModelingToolkitSIExt ~/ParameterEstimationBenchmark-local/environments/StructuralIdentifiability.jl/ext/ModelingToolkitSIExt.jl:78
┌ Warning: Floating point value -0.5 will be converted to -1//2.
└ @ ModelingToolkitSIExt ~/ParameterEstimationBenchmark-local/environments/StructuralIdentifiability.jl/ext/ModelingToolkitSIExt.jl:78
┌ Warning: Floating point value 8.0 will be converted to 8.
└ @ ModelingToolkitSIExt ~/ParameterEstimationBenchmark-local/environments/StructuralIdentifiability.jl/ext/ModelingToolkitSIExt.jl:78
┌ Warning: Floating point value 0.5 will be converted to 1//2.
└ @ ModelingToolkitSIExt ~/ParameterEstimationBenchmark-local/environments/StructuralIdentifiability.jl/ext/ModelingToolkitSIExt.jl:78
[ Info: Getting polynomial system from SIAN
[ Info: Built polynomial system with 9 equations
[ Info: [SI-TEMPLATE] algebraic_multiplicity M = 1  (setup 0.0s, Groebner 0.0s, quotient_basis 0.0s, ring: 8 vars × 10 polys)
[ Info: [DEBUG-ALG-INDEP] Input: 9 equations, 7 indeterminates
[ Info: [DEBUG-ALG-INDEP] Jacobian size: (9, 7)
[ Info: [DEBUG-ALG-INDEP] Jacobian rank: 7
[ Info: [DEBUG-ALG-INDEP] Found 7 pivot columns
[ Info: [DEBUG-ALG-INDEP] Selected 7 equations (current_rank=7)
[ Info: [DEBUG-ALG-INDEP] Returning: output_ids=[1, 2, 3, 4, 5, 6, 7], alg_indep has 0 vars
[ Info: Reduced polynomial system to 7 equations
┌ Info: [SI-MAP] Extending DerivativeData support for SI template
│   current_order = -1
└   required_order = 5
[ Info: Checking identifiability
┌ Warning: There are no parameters in the given ODE, thus no identifiabile
│ functions.
│ Use `find_identifiable_functions` with keyword `with_states=true` to
│ compute the functions with the ODE states included.
└ @ StructuralIdentifiability ~/ParameterEstimationBenchmark-local/environments/StructuralIdentifiability.jl/src/identifiable_functions.jl:97
┌ Info: [SI-STRUCTURAL] SIAN/SI template summary
│   template_equation_count = 7
│   derivative_symbol_count = 12
│   max_derivative_order = 5
│   structural_unidentifiable_count = 1
└   identifiable_function_count = 1
┌ Info: [SI-MAP] Classified symbolic SI support variables while converting SIAN output
│   counts =
│    Dict{Symbol, Int64} with 2 entries:
│      :state_jet        => 2
│      :measured_rhs_jet => 5
│   samples =
│    Dict{Symbol, Vector{String}} with 2 entries:
│      :state_jet        => ["x6_0", "x6_1"]
└      :measured_rhs_jet => ["x5_0", "x4_0", "x5_1", "x4_1", "x5_2"]
[ Info: Getting equation system from StructuralIdentifiability.jl
[ Info: Converting ODESystem to SI.jl format
┌ Warning: Floating point value -3.256004038778315 will be converted to -131885479//40505318.
└ @ ModelingToolkitSIExt ~/ParameterEstimationBenchmark-local/environments/StructuralIdentifiability.jl/ext/ModelingToolkitSIExt.jl:78
┌ Warning: Floating point value 8.0 will be converted to 8.
└ @ ModelingToolkitSIExt ~/ParameterEstimationBenchmark-local/environments/StructuralIdentifiability.jl/ext/ModelingToolkitSIExt.jl:78
┌ Warning: Floating point value 2.216008392271618 will be converted to 126855509//57245049.
└ @ ModelingToolkitSIExt ~/ParameterEstimationBenchmark-local/environments/StructuralIdentifiability.jl/ext/ModelingToolkitSIExt.jl:78
┌ Warning: Floating point value 8.0 will be converted to 8.
└ @ ModelingToolkitSIExt ~/ParameterEstimationBenchmark-local/environments/StructuralIdentifiability.jl/ext/ModelingToolkitSIExt.jl:78
┌ Warning: Floating point value -0.14409099809992557 will be converted to -70957260//492447557.
└ @ ModelingToolkitSIExt ~/ParameterEstimationBenchmark-local/environments/StructuralIdentifiability.jl/ext/ModelingToolkitSIExt.jl:78
┌ Warning: Floating point value 4.114923708361547 will be converted to 114379909//27796362.
└ @ ModelingToolkitSIExt ~/ParameterEstimationBenchmark-local/environments/StructuralIdentifiability.jl/ext/ModelingToolkitSIExt.jl:78
┌ Warning: Floating point value 0.5 will be converted to 1//2.
└ @ ModelingToolkitSIExt ~/ParameterEstimationBenchmark-local/environments/StructuralIdentifiability.jl/ext/ModelingToolkitSIExt.jl:78
┌ Warning: Floating point value 0.5 will be converted to 1//2.
└ @ ModelingToolkitSIExt ~/ParameterEstimationBenchmark-local/environments/StructuralIdentifiability.jl/ext/ModelingToolkitSIExt.jl:78
┌ Warning: Floating point value 3.256004038778315 will be converted to 131885479//40505318.
└ @ ModelingToolkitSIExt ~/ParameterEstimationBenchmark-local/environments/StructuralIdentifiability.jl/ext/ModelingToolkitSIExt.jl:78
┌ Warning: Floating point value 2.216008392271618 will be converted to 126855509//57245049.
└ @ ModelingToolkitSIExt ~/ParameterEstimationBenchmark-local/environments/StructuralIdentifiability.jl/ext/ModelingToolkitSIExt.jl:78
┌ Warning: Floating point value 8.0 will be converted to 8.
└ @ ModelingToolkitSIExt ~/ParameterEstimationBenchmark-local/environments/StructuralIdentifiability.jl/ext/ModelingToolkitSIExt.jl:78
┌ Warning: Floating point value 0.5 will be converted to 1//2.
└ @ ModelingToolkitSIExt ~/ParameterEstimationBenchmark-local/environments/StructuralIdentifiability.jl/ext/ModelingToolkitSIExt.jl:78
┌ Warning: Floating point value -0.0462116465754218 will be converted to -23930066//517836255.
└ @ ModelingToolkitSIExt ~/ParameterEstimationBenchmark-local/environments/StructuralIdentifiability.jl/ext/ModelingToolkitSIExt.jl:78
┌ Warning: Floating point value -3.058085378905868 will be converted to -332709411//108796639.
└ @ ModelingToolkitSIExt ~/ParameterEstimationBenchmark-local/environments/StructuralIdentifiability.jl/ext/ModelingToolkitSIExt.jl:78
┌ Warning: Floating point value -0.5 will be converted to -1//2.
└ @ ModelingToolkitSIExt ~/ParameterEstimationBenchmark-local/environments/StructuralIdentifiability.jl/ext/ModelingToolkitSIExt.jl:78
┌ Warning: Floating point value 0.14409099809992557 will be converted to 70957260//492447557.
└ @ ModelingToolkitSIExt ~/ParameterEstimationBenchmark-local/environments/StructuralIdentifiability.jl/ext/ModelingToolkitSIExt.jl:78
┌ Warning: Floating point value 4.114923708361547 will be converted to 114379909//27796362.
└ @ ModelingToolkitSIExt ~/ParameterEstimationBenchmark-local/environments/StructuralIdentifiability.jl/ext/ModelingToolkitSIExt.jl:78
┌ Warning: Floating point value 0.5 will be converted to 1//2.
└ @ ModelingToolkitSIExt ~/ParameterEstimationBenchmark-local/environments/StructuralIdentifiability.jl/ext/ModelingToolkitSIExt.jl:78
┌ Warning: Floating point value 0.5 will be converted to 1//2.
└ @ ModelingToolkitSIExt ~/ParameterEstimationBenchmark-local/environments/StructuralIdentifiability.jl/ext/ModelingToolkitSIExt.jl:78
┌ Warning: Floating point value 0.5 will be converted to 1//2.
└ @ ModelingToolkitSIExt ~/ParameterEstimationBenchmark-local/environments/StructuralIdentifiability.jl/ext/ModelingToolkitSIExt.jl:78
┌ Warning: Floating point value 0.0924232931508436 will be converted to 41883129//453166378.
└ @ ModelingToolkitSIExt ~/ParameterEstimationBenchmark-local/environments/StructuralIdentifiability.jl/ext/ModelingToolkitSIExt.jl:78
┌ Warning: Floating point value -3.058085378905868 will be converted to -332709411//108796639.
└ @ ModelingToolkitSIExt ~/ParameterEstimationBenchmark-local/environments/StructuralIdentifiability.jl/ext/ModelingToolkitSIExt.jl:78
┌ Warning: Floating point value -0.5 will be converted to -1//2.
└ @ ModelingToolkitSIExt ~/ParameterEstimationBenchmark-local/environments/StructuralIdentifiability.jl/ext/ModelingToolkitSIExt.jl:78
┌ Warning: Floating point value 8.0 will be converted to 8.
└ @ ModelingToolkitSIExt ~/ParameterEstimationBenchmark-local/environments/StructuralIdentifiability.jl/ext/ModelingToolkitSIExt.jl:78
┌ Warning: Floating point value 0.5 will be converted to 1//2.
└ @ ModelingToolkitSIExt ~/ParameterEstimationBenchmark-local/environments/StructuralIdentifiability.jl/ext/ModelingToolkitSIExt.jl:78
[ Info: Getting polynomial system from SIAN
[ Info: Built polynomial system with 9 equations
[ Info: [SI-TEMPLATE] algebraic_multiplicity M = 1  (setup 0.0s, Groebner 0.0s, quotient_basis 0.0s, ring: 8 vars × 10 polys)
[ Info: [DEBUG-ALG-INDEP] Input: 9 equations, 7 indeterminates
[ Info: [DEBUG-ALG-INDEP] Jacobian size: (9, 7)
[ Info: [DEBUG-ALG-INDEP] Jacobian rank: 7
[ Info: [DEBUG-ALG-INDEP] Found 7 pivot columns
[ Info: [DEBUG-ALG-INDEP] Selected 7 equations (current_rank=7)
[ Info: [DEBUG-ALG-INDEP] Returning: output_ids=[1, 2, 3, 4, 5, 6, 7], alg_indep has 0 vars
[ Info: Reduced polynomial system to 7 equations
┌ Info: [SI-MAP] Extending DerivativeData support for SI template
│   current_order = -1
└   required_order = 5
[ Info: Checking identifiability
┌ Warning: There are no parameters in the given ODE, thus no identifiabile
│ functions.
│ Use `find_identifiable_functions` with keyword `with_states=true` to
│ compute the functions with the ODE states included.
└ @ StructuralIdentifiability ~/ParameterEstimationBenchmark-local/environments/StructuralIdentifiability.jl/src/identifiable_functions.jl:97
┌ Info: [SI-STRUCTURAL] SIAN/SI template summary
│   template_equation_count = 7
│   derivative_symbol_count = 12
│   max_derivative_order = 5
│   structural_unidentifiable_count = 1
└   identifiable_function_count = 1
┌ Info: [SI-MAP] Classified symbolic SI support variables while converting SIAN output
│   counts =
│    Dict{Symbol, Int64} with 2 entries:
│      :state_jet        => 2
│      :measured_rhs_jet => 5
│   samples =
│    Dict{Symbol, Vector{String}} with 2 entries:
│      :state_jet        => ["x6_0", "x6_1"]
└      :measured_rhs_jet => ["x5_0", "x4_0", "x5_1", "x4_1", "x5_2"]
[ Info: Getting equation system from StructuralIdentifiability.jl
[ Info: Converting ODESystem to SI.jl format
┌ Warning: Floating point value -3.2560021434956115 will be converted to -112565093//34571566.
└ @ ModelingToolkitSIExt ~/ParameterEstimationBenchmark-local/environments/StructuralIdentifiability.jl/ext/ModelingToolkitSIExt.jl:78
┌ Warning: Floating point value 8.0 will be converted to 8.
└ @ ModelingToolkitSIExt ~/ParameterEstimationBenchmark-local/environments/StructuralIdentifiability.jl/ext/ModelingToolkitSIExt.jl:78
┌ Warning: Floating point value 2.2160045118069758 will be converted to 109987681//49633329.
└ @ ModelingToolkitSIExt ~/ParameterEstimationBenchmark-local/environments/StructuralIdentifiability.jl/ext/ModelingToolkitSIExt.jl:78
┌ Warning: Floating point value 8.0 will be converted to 8.
└ @ ModelingToolkitSIExt ~/ParameterEstimationBenchmark-local/environments/StructuralIdentifiability.jl/ext/ModelingToolkitSIExt.jl:78
┌ Warning: Floating point value 0.12913585814103654 will be converted to 14717641//113970211.
└ @ ModelingToolkitSIExt ~/ParameterEstimationBenchmark-local/environments/StructuralIdentifiability.jl/ext/ModelingToolkitSIExt.jl:78
┌ Warning: Floating point value 5.553042937708136 will be converted to 505051382//90950383.
└ @ ModelingToolkitSIExt ~/ParameterEstimationBenchmark-local/environments/StructuralIdentifiability.jl/ext/ModelingToolkitSIExt.jl:78
┌ Warning: Floating point value 0.5 will be converted to 1//2.
└ @ ModelingToolkitSIExt ~/ParameterEstimationBenchmark-local/environments/StructuralIdentifiability.jl/ext/ModelingToolkitSIExt.jl:78
┌ Warning: Floating point value 0.5 will be converted to 1//2.
└ @ ModelingToolkitSIExt ~/ParameterEstimationBenchmark-local/environments/StructuralIdentifiability.jl/ext/ModelingToolkitSIExt.jl:78
┌ Warning: Floating point value 3.2560021434956115 will be converted to 112565093//34571566.
└ @ ModelingToolkitSIExt ~/ParameterEstimationBenchmark-local/environments/StructuralIdentifiability.jl/ext/ModelingToolkitSIExt.jl:78
┌ Warning: Floating point value 2.2160045118069758 will be converted to 109987681//49633329.
└ @ ModelingToolkitSIExt ~/ParameterEstimationBenchmark-local/environments/StructuralIdentifiability.jl/ext/ModelingToolkitSIExt.jl:78
┌ Warning: Floating point value 8.0 will be converted to 8.
└ @ ModelingToolkitSIExt ~/ParameterEstimationBenchmark-local/environments/StructuralIdentifiability.jl/ext/ModelingToolkitSIExt.jl:78
┌ Warning: Floating point value 0.5 will be converted to 1//2.
└ @ ModelingToolkitSIExt ~/ParameterEstimationBenchmark-local/environments/StructuralIdentifiability.jl/ext/ModelingToolkitSIExt.jl:78
┌ Warning: Floating point value -0.005731103885939968 will be converted to -4586509//800283696.
└ @ ModelingToolkitSIExt ~/ParameterEstimationBenchmark-local/environments/StructuralIdentifiability.jl/ext/ModelingToolkitSIExt.jl:78
┌ Warning: Floating point value -13.096419755205304 will be converted to -174741482//13342691.
└ @ ModelingToolkitSIExt ~/ParameterEstimationBenchmark-local/environments/StructuralIdentifiability.jl/ext/ModelingToolkitSIExt.jl:78
┌ Warning: Floating point value -0.5 will be converted to -1//2.
└ @ ModelingToolkitSIExt ~/ParameterEstimationBenchmark-local/environments/StructuralIdentifiability.jl/ext/ModelingToolkitSIExt.jl:78
┌ Warning: Floating point value -0.12913585814103654 will be converted to -14717641//113970211.
└ @ ModelingToolkitSIExt ~/ParameterEstimationBenchmark-local/environments/StructuralIdentifiability.jl/ext/ModelingToolkitSIExt.jl:78
┌ Warning: Floating point value 5.553042937708136 will be converted to 505051382//90950383.
└ @ ModelingToolkitSIExt ~/ParameterEstimationBenchmark-local/environments/StructuralIdentifiability.jl/ext/ModelingToolkitSIExt.jl:78
┌ Warning: Floating point value 0.5 will be converted to 1//2.
└ @ ModelingToolkitSIExt ~/ParameterEstimationBenchmark-local/environments/StructuralIdentifiability.jl/ext/ModelingToolkitSIExt.jl:78
┌ Warning: Floating point value 0.5 will be converted to 1//2.
└ @ ModelingToolkitSIExt ~/ParameterEstimationBenchmark-local/environments/StructuralIdentifiability.jl/ext/ModelingToolkitSIExt.jl:78
┌ Warning: Floating point value 0.5 will be converted to 1//2.
└ @ ModelingToolkitSIExt ~/ParameterEstimationBenchmark-local/environments/StructuralIdentifiability.jl/ext/ModelingToolkitSIExt.jl:78
┌ Warning: Floating point value 0.011462207771879935 will be converted to 4586509//400141848.
└ @ ModelingToolkitSIExt ~/ParameterEstimationBenchmark-local/environments/StructuralIdentifiability.jl/ext/ModelingToolkitSIExt.jl:78
┌ Warning: Floating point value -13.096419755205304 will be converted to -174741482//13342691.
└ @ ModelingToolkitSIExt ~/ParameterEstimationBenchmark-local/environments/StructuralIdentifiability.jl/ext/ModelingToolkitSIExt.jl:78
┌ Warning: Floating point value -0.5 will be converted to -1//2.
└ @ ModelingToolkitSIExt ~/ParameterEstimationBenchmark-local/environments/StructuralIdentifiability.jl/ext/ModelingToolkitSIExt.jl:78
┌ Warning: Floating point value 8.0 will be converted to 8.
└ @ ModelingToolkitSIExt ~/ParameterEstimationBenchmark-local/environments/StructuralIdentifiability.jl/ext/ModelingToolkitSIExt.jl:78
┌ Warning: Floating point value 0.5 will be converted to 1//2.
└ @ ModelingToolkitSIExt ~/ParameterEstimationBenchmark-local/environments/StructuralIdentifiability.jl/ext/ModelingToolkitSIExt.jl:78
[ Info: Getting polynomial system from SIAN
[ Info: Built polynomial system with 9 equations
[ Info: [SI-TEMPLATE] algebraic_multiplicity M = 1  (setup 0.0s, Groebner 0.0s, quotient_basis 0.0s, ring: 8 vars × 10 polys)
[ Info: [DEBUG-ALG-INDEP] Input: 9 equations, 7 indeterminates
[ Info: [DEBUG-ALG-INDEP] Jacobian size: (9, 7)
[ Info: [DEBUG-ALG-INDEP] Jacobian rank: 7
[ Info: [DEBUG-ALG-INDEP] Found 7 pivot columns
[ Info: [DEBUG-ALG-INDEP] Selected 7 equations (current_rank=7)
[ Info: [DEBUG-ALG-INDEP] Returning: output_ids=[1, 2, 3, 4, 5, 6, 7], alg_indep has 0 vars
[ Info: Reduced polynomial system to 7 equations
┌ Info: [SI-MAP] Extending DerivativeData support for SI template
│   current_order = -1
└   required_order = 5
[ Info: Checking identifiability
┌ Warning: There are no parameters in the given ODE, thus no identifiabile
│ functions.
│ Use `find_identifiable_functions` with keyword `with_states=true` to
│ compute the functions with the ODE states included.
└ @ StructuralIdentifiability ~/ParameterEstimationBenchmark-local/environments/StructuralIdentifiability.jl/src/identifiable_functions.jl:97
┌ Info: [SI-STRUCTURAL] SIAN/SI template summary
│   template_equation_count = 7
│   derivative_symbol_count = 12
│   max_derivative_order = 5
│   structural_unidentifiable_count = 1
└   identifiable_function_count = 1
[CAND 41] ok  max=455b  0.2s
[CAND 42] ok  max=414b  0.3s
[CAND 44] ok  max=441b  0.1s
[CAND 45] ok  max=436b  0.1s
[CAND 49] ok  max=430b  0.1s
┌ Info: [SI-MAP] Classified symbolic SI support variables while converting SIAN output
│   counts =
│    Dict{Symbol, Int64} with 2 entries:
│      :state_jet        => 2
│      :measured_rhs_jet => 5
│   samples =
│    Dict{Symbol, Vector{String}} with 2 entries:
│      :state_jet        => ["x6_0", "x6_1"]
└      :measured_rhs_jet => ["x5_0", "x4_0", "x5_1", "x4_1", "x5_2"]
[ Info: Getting equation system from StructuralIdentifiability.jl
[ Info: Converting ODESystem to SI.jl format
┌ Warning: Floating point value -3.256002143495612 will be converted to -152375440//46798323.
└ @ ModelingToolkitSIExt ~/ParameterEstimationBenchmark-local/environments/StructuralIdentifiability.jl/ext/ModelingToolkitSIExt.jl:78
┌ Warning: Floating point value 8.0 will be converted to 8.
└ @ ModelingToolkitSIExt ~/ParameterEstimationBenchmark-local/environments/StructuralIdentifiability.jl/ext/ModelingToolkitSIExt.jl:78
┌ Warning: Floating point value 2.2160045118069767 will be converted to 216187561//97557365.
└ @ ModelingToolkitSIExt ~/ParameterEstimationBenchmark-local/environments/StructuralIdentifiability.jl/ext/ModelingToolkitSIExt.jl:78
┌ Warning: Floating point value 8.0 will be converted to 8.
└ @ ModelingToolkitSIExt ~/ParameterEstimationBenchmark-local/environments/StructuralIdentifiability.jl/ext/ModelingToolkitSIExt.jl:78
┌ Warning: Floating point value -0.1455765037220708 will be converted to -771928//5302559.
└ @ ModelingToolkitSIExt ~/ParameterEstimationBenchmark-local/environments/StructuralIdentifiability.jl/ext/ModelingToolkitSIExt.jl:78
┌ Warning: Floating point value 5.418140346668736 will be converted to 171478117//31648888.
└ @ ModelingToolkitSIExt ~/ParameterEstimationBenchmark-local/environments/StructuralIdentifiability.jl/ext/ModelingToolkitSIExt.jl:78
┌ Warning: Floating point value 0.5 will be converted to 1//2.
└ @ ModelingToolkitSIExt ~/ParameterEstimationBenchmark-local/environments/StructuralIdentifiability.jl/ext/ModelingToolkitSIExt.jl:78
┌ Warning: Floating point value 0.5 will be converted to 1//2.
└ @ ModelingToolkitSIExt ~/ParameterEstimationBenchmark-local/environments/StructuralIdentifiability.jl/ext/ModelingToolkitSIExt.jl:78
┌ Warning: Floating point value 3.256002143495612 will be converted to 152375440//46798323.
└ @ ModelingToolkitSIExt ~/ParameterEstimationBenchmark-local/environments/StructuralIdentifiability.jl/ext/ModelingToolkitSIExt.jl:78
┌ Warning: Floating point value 2.2160045118069767 will be converted to 216187561//97557365.
└ @ ModelingToolkitSIExt ~/ParameterEstimationBenchmark-local/environments/StructuralIdentifiability.jl/ext/ModelingToolkitSIExt.jl:78
┌ Warning: Floating point value 8.0 will be converted to 8.
└ @ ModelingToolkitSIExt ~/ParameterEstimationBenchmark-local/environments/StructuralIdentifiability.jl/ext/ModelingToolkitSIExt.jl:78
┌ Warning: Floating point value 0.5 will be converted to 1//2.
└ @ ModelingToolkitSIExt ~/ParameterEstimationBenchmark-local/environments/StructuralIdentifiability.jl/ext/ModelingToolkitSIExt.jl:78
┌ Warning: Floating point value -0.028762954886431793 will be converted to -11149667//387639832.
└ @ ModelingToolkitSIExt ~/ParameterEstimationBenchmark-local/environments/StructuralIdentifiability.jl/ext/ModelingToolkitSIExt.jl:78
┌ Warning: Floating point value -4.3606595913411335 will be converted to -270871916//62117189.
└ @ ModelingToolkitSIExt ~/ParameterEstimationBenchmark-local/environments/StructuralIdentifiability.jl/ext/ModelingToolkitSIExt.jl:78
┌ Warning: Floating point value -0.5 will be converted to -1//2.
└ @ ModelingToolkitSIExt ~/ParameterEstimationBenchmark-local/environments/StructuralIdentifiability.jl/ext/ModelingToolkitSIExt.jl:78
┌ Warning: Floating point value 0.1455765037220708 will be converted to 771928//5302559.
└ @ ModelingToolkitSIExt ~/ParameterEstimationBenchmark-local/environments/StructuralIdentifiability.jl/ext/ModelingToolkitSIExt.jl:78
┌ Warning: Floating point value 5.418140346668736 will be converted to 171478117//31648888.
└ @ ModelingToolkitSIExt ~/ParameterEstimationBenchmark-local/environments/StructuralIdentifiability.jl/ext/ModelingToolkitSIExt.jl:78
┌ Warning: Floating point value 0.5 will be converted to 1//2.
└ @ ModelingToolkitSIExt ~/ParameterEstimationBenchmark-local/environments/StructuralIdentifiability.jl/ext/ModelingToolkitSIExt.jl:78
┌ Warning: Floating point value 0.5 will be converted to 1//2.
└ @ ModelingToolkitSIExt ~/ParameterEstimationBenchmark-local/environments/StructuralIdentifiability.jl/ext/ModelingToolkitSIExt.jl:78
┌ Warning: Floating point value 0.5 will be converted to 1//2.
└ @ ModelingToolkitSIExt ~/ParameterEstimationBenchmark-local/environments/StructuralIdentifiability.jl/ext/ModelingToolkitSIExt.jl:78
┌ Warning: Floating point value 0.057525909772863586 will be converted to 11149667//193819916.
└ @ ModelingToolkitSIExt ~/ParameterEstimationBenchmark-local/environments/StructuralIdentifiability.jl/ext/ModelingToolkitSIExt.jl:78
┌ Warning: Floating point value -4.3606595913411335 will be converted to -270871916//62117189.
└ @ ModelingToolkitSIExt ~/ParameterEstimationBenchmark-local/environments/StructuralIdentifiability.jl/ext/ModelingToolkitSIExt.jl:78
┌ Warning: Floating point value -0.5 will be converted to -1//2.
└ @ ModelingToolkitSIExt ~/ParameterEstimationBenchmark-local/environments/StructuralIdentifiability.jl/ext/ModelingToolkitSIExt.jl:78
┌ Warning: Floating point value 8.0 will be converted to 8.
└ @ ModelingToolkitSIExt ~/ParameterEstimationBenchmark-local/environments/StructuralIdentifiability.jl/ext/ModelingToolkitSIExt.jl:78
┌ Warning: Floating point value 0.5 will be converted to 1//2.
└ @ ModelingToolkitSIExt ~/ParameterEstimationBenchmark-local/environments/StructuralIdentifiability.jl/ext/ModelingToolkitSIExt.jl:78
[ Info: Getting polynomial system from SIAN
[ Info: Built polynomial system with 9 equations
[ Info: [SI-TEMPLATE] algebraic_multiplicity M = 1  (setup 0.0s, Groebner 0.0s, quotient_basis 0.0s, ring: 8 vars × 10 polys)
[ Info: [DEBUG-ALG-INDEP] Input: 9 equations, 7 indeterminates
[ Info: [DEBUG-ALG-INDEP] Jacobian size: (9, 7)
[ Info: [DEBUG-ALG-INDEP] Jacobian rank: 7
[ Info: [DEBUG-ALG-INDEP] Found 7 pivot columns
[ Info: [DEBUG-ALG-INDEP] Selected 7 equations (current_rank=7)
[ Info: [DEBUG-ALG-INDEP] Returning: output_ids=[1, 2, 3, 4, 5, 6, 7], alg_indep has 0 vars
[ Info: Reduced polynomial system to 7 equations
┌ Info: [SI-MAP] Extending DerivativeData support for SI template
│   current_order = -1
└   required_order = 5
[ Info: Checking identifiability
┌ Warning: There are no parameters in the given ODE, thus no identifiabile
│ functions.
│ Use `find_identifiable_functions` with keyword `with_states=true` to
│ compute the functions with the ODE states included.
└ @ StructuralIdentifiability ~/ParameterEstimationBenchmark-local/environments/StructuralIdentifiability.jl/src/identifiable_functions.jl:97
┌ Info: [SI-STRUCTURAL] SIAN/SI template summary
│   template_equation_count = 7
│   derivative_symbol_count = 12
│   max_derivative_order = 5
│   structural_unidentifiable_count = 1
└   identifiable_function_count = 1
┌ Info: [SI-MAP] Classified symbolic SI support variables while converting SIAN output
│   counts =
│    Dict{Symbol, Int64} with 2 entries:
│      :state_jet        => 2
│      :measured_rhs_jet => 5
│   samples =
│    Dict{Symbol, Vector{String}} with 2 entries:
│      :state_jet        => ["x6_0", "x6_1"]
└      :measured_rhs_jet => ["x5_0", "x4_0", "x5_1", "x4_1", "x5_2"]
[ Info: Getting equation system from StructuralIdentifiability.jl
[ Info: Converting ODESystem to SI.jl format
┌ Warning: Floating point value -3.255995540291494 will be converted to -119185987//36605083.
└ @ ModelingToolkitSIExt ~/ParameterEstimationBenchmark-local/environments/StructuralIdentifiability.jl/ext/ModelingToolkitSIExt.jl:78
┌ Warning: Floating point value 8.0 will be converted to 8.
└ @ ModelingToolkitSIExt ~/ParameterEstimationBenchmark-local/environments/StructuralIdentifiability.jl/ext/ModelingToolkitSIExt.jl:78
┌ Warning: Floating point value 2.2159911841744035 will be converted to 40383317//18223591.
└ @ ModelingToolkitSIExt ~/ParameterEstimationBenchmark-local/environments/StructuralIdentifiability.jl/ext/ModelingToolkitSIExt.jl:78
┌ Warning: Floating point value 8.0 will be converted to 8.
└ @ ModelingToolkitSIExt ~/ParameterEstimationBenchmark-local/environments/StructuralIdentifiability.jl/ext/ModelingToolkitSIExt.jl:78
┌ Warning: Floating point value -0.8334414023922043 will be converted to -78812711//94562990.
└ @ ModelingToolkitSIExt ~/ParameterEstimationBenchmark-local/environments/StructuralIdentifiability.jl/ext/ModelingToolkitSIExt.jl:78
┌ Warning: Floating point value 20.659641623233917 will be converted to 240110115//11622182.
└ @ ModelingToolkitSIExt ~/ParameterEstimationBenchmark-local/environments/StructuralIdentifiability.jl/ext/ModelingToolkitSIExt.jl:78
┌ Warning: Floating point value 0.5 will be converted to 1//2.
└ @ ModelingToolkitSIExt ~/ParameterEstimationBenchmark-local/environments/StructuralIdentifiability.jl/ext/ModelingToolkitSIExt.jl:78
┌ Warning: Floating point value 0.5 will be converted to 1//2.
└ @ ModelingToolkitSIExt ~/ParameterEstimationBenchmark-local/environments/StructuralIdentifiability.jl/ext/ModelingToolkitSIExt.jl:78
┌ Warning: Floating point value 3.255995540291494 will be converted to 119185987//36605083.
└ @ ModelingToolkitSIExt ~/ParameterEstimationBenchmark-local/environments/StructuralIdentifiability.jl/ext/ModelingToolkitSIExt.jl:78
┌ Warning: Floating point value 2.2159911841744035 will be converted to 40383317//18223591.
└ @ ModelingToolkitSIExt ~/ParameterEstimationBenchmark-local/environments/StructuralIdentifiability.jl/ext/ModelingToolkitSIExt.jl:78
┌ Warning: Floating point value 8.0 will be converted to 8.
└ @ ModelingToolkitSIExt ~/ParameterEstimationBenchmark-local/environments/StructuralIdentifiability.jl/ext/ModelingToolkitSIExt.jl:78
┌ Warning: Floating point value 0.5 will be converted to 1//2.
└ @ ModelingToolkitSIExt ~/ParameterEstimationBenchmark-local/environments/StructuralIdentifiability.jl/ext/ModelingToolkitSIExt.jl:78
┌ Warning: Floating point value 0.002197451777329247 will be converted to 9789068//4454736209.
└ @ ModelingToolkitSIExt ~/ParameterEstimationBenchmark-local/environments/StructuralIdentifiability.jl/ext/ModelingToolkitSIExt.jl:78
┌ Warning: Floating point value -30.97997975677533 will be converted to -834306097//26930492.
└ @ ModelingToolkitSIExt ~/ParameterEstimationBenchmark-local/environments/StructuralIdentifiability.jl/ext/ModelingToolkitSIExt.jl:78
┌ Warning: Floating point value -0.5 will be converted to -1//2.
└ @ ModelingToolkitSIExt ~/ParameterEstimationBenchmark-local/environments/StructuralIdentifiability.jl/ext/ModelingToolkitSIExt.jl:78
┌ Warning: Floating point value 0.8334414023922043 will be converted to 78812711//94562990.
└ @ ModelingToolkitSIExt ~/ParameterEstimationBenchmark-local/environments/StructuralIdentifiability.jl/ext/ModelingToolkitSIExt.jl:78
┌ Warning: Floating point value 20.659641623233917 will be converted to 240110115//11622182.
└ @ ModelingToolkitSIExt ~/ParameterEstimationBenchmark-local/environments/StructuralIdentifiability.jl/ext/ModelingToolkitSIExt.jl:78
┌ Warning: Floating point value 0.5 will be converted to 1//2.
└ @ ModelingToolkitSIExt ~/ParameterEstimationBenchmark-local/environments/StructuralIdentifiability.jl/ext/ModelingToolkitSIExt.jl:78
┌ Warning: Floating point value 0.5 will be converted to 1//2.
└ @ ModelingToolkitSIExt ~/ParameterEstimationBenchmark-local/environments/StructuralIdentifiability.jl/ext/ModelingToolkitSIExt.jl:78
┌ Warning: Floating point value 0.5 will be converted to 1//2.
└ @ ModelingToolkitSIExt ~/ParameterEstimationBenchmark-local/environments/StructuralIdentifiability.jl/ext/ModelingToolkitSIExt.jl:78
┌ Warning: Floating point value -0.004394903554658494 will be converted to -19578136//4454736209.
└ @ ModelingToolkitSIExt ~/ParameterEstimationBenchmark-local/environments/StructuralIdentifiability.jl/ext/ModelingToolkitSIExt.jl:78
┌ Warning: Floating point value -30.97997975677533 will be converted to -834306097//26930492.
└ @ ModelingToolkitSIExt ~/ParameterEstimationBenchmark-local/environments/StructuralIdentifiability.jl/ext/ModelingToolkitSIExt.jl:78
┌ Warning: Floating point value -0.5 will be converted to -1//2.
└ @ ModelingToolkitSIExt ~/ParameterEstimationBenchmark-local/environments/StructuralIdentifiability.jl/ext/ModelingToolkitSIExt.jl:78
┌ Warning: Floating point value 8.0 will be converted to 8.
└ @ ModelingToolkitSIExt ~/ParameterEstimationBenchmark-local/environments/StructuralIdentifiability.jl/ext/ModelingToolkitSIExt.jl:78
┌ Warning: Floating point value 0.5 will be converted to 1//2.
└ @ ModelingToolkitSIExt ~/ParameterEstimationBenchmark-local/environments/StructuralIdentifiability.jl/ext/ModelingToolkitSIExt.jl:78
[ Info: Getting polynomial system from SIAN
[ Info: Built polynomial system with 9 equations
[ Info: [SI-TEMPLATE] algebraic_multiplicity M = 1  (setup 0.0s, Groebner 0.0s, quotient_basis 0.0s, ring: 8 vars × 10 polys)
[ Info: [DEBUG-ALG-INDEP] Input: 9 equations, 7 indeterminates
[ Info: [DEBUG-ALG-INDEP] Jacobian size: (9, 7)
[ Info: [DEBUG-ALG-INDEP] Jacobian rank: 7
[ Info: [DEBUG-ALG-INDEP] Found 7 pivot columns
[ Info: [DEBUG-ALG-INDEP] Selected 7 equations (current_rank=7)
[ Info: [DEBUG-ALG-INDEP] Returning: output_ids=[1, 2, 3, 4, 5, 6, 7], alg_indep has 0 vars
[ Info: Reduced polynomial system to 7 equations
┌ Info: [SI-MAP] Extending DerivativeData support for SI template
│   current_order = -1
└   required_order = 5
[ Info: Checking identifiability
┌ Warning: There are no parameters in the given ODE, thus no identifiabile
│ functions.
│ Use `find_identifiable_functions` with keyword `with_states=true` to
│ compute the functions with the ODE states included.
└ @ StructuralIdentifiability ~/ParameterEstimationBenchmark-local/environments/StructuralIdentifiability.jl/src/identifiable_functions.jl:97
┌ Info: [SI-STRUCTURAL] SIAN/SI template summary
│   template_equation_count = 7
│   derivative_symbol_count = 12
│   max_derivative_order = 5
│   structural_unidentifiable_count = 1
└   identifiable_function_count = 1
┌ Info: [SI-MAP] Classified symbolic SI support variables while converting SIAN output
│   counts =
│    Dict{Symbol, Int64} with 2 entries:
│      :state_jet        => 2
│      :measured_rhs_jet => 5
│   samples =
│    Dict{Symbol, Vector{String}} with 2 entries:
│      :state_jet        => ["x6_0", "x6_1"]
└      :measured_rhs_jet => ["x5_0", "x4_0", "x5_1", "x4_1", "x5_2"]
[ Info: Getting equation system from StructuralIdentifiability.jl
[ Info: Converting ODESystem to SI.jl format
┌ Warning: Floating point value -3.2559955402914937 will be converted to -85257172//26184671.
└ @ ModelingToolkitSIExt ~/ParameterEstimationBenchmark-local/environments/StructuralIdentifiability.jl/ext/ModelingToolkitSIExt.jl:78
┌ Warning: Floating point value 8.0 will be converted to 8.
└ @ ModelingToolkitSIExt ~/ParameterEstimationBenchmark-local/environments/StructuralIdentifiability.jl/ext/ModelingToolkitSIExt.jl:78
┌ Warning: Floating point value 2.2159911841744027 will be converted to 124996843//56406742.
└ @ ModelingToolkitSIExt ~/ParameterEstimationBenchmark-local/environments/StructuralIdentifiability.jl/ext/ModelingToolkitSIExt.jl:78
┌ Warning: Floating point value 8.0 will be converted to 8.
└ @ ModelingToolkitSIExt ~/ParameterEstimationBenchmark-local/environments/StructuralIdentifiability.jl/ext/ModelingToolkitSIExt.jl:78
┌ Warning: Floating point value -0.15546614203154385 will be converted to -29833277//191895654.
└ @ ModelingToolkitSIExt ~/ParameterEstimationBenchmark-local/environments/StructuralIdentifiability.jl/ext/ModelingToolkitSIExt.jl:78
┌ Warning: Floating point value 1.1088038502093747 will be converted to 93603529//84418474.
└ @ ModelingToolkitSIExt ~/ParameterEstimationBenchmark-local/environments/StructuralIdentifiability.jl/ext/ModelingToolkitSIExt.jl:78
┌ Warning: Floating point value 0.5 will be converted to 1//2.
└ @ ModelingToolkitSIExt ~/ParameterEstimationBenchmark-local/environments/StructuralIdentifiability.jl/ext/ModelingToolkitSIExt.jl:78
┌ Warning: Floating point value 0.5 will be converted to 1//2.
└ @ ModelingToolkitSIExt ~/ParameterEstimationBenchmark-local/environments/StructuralIdentifiability.jl/ext/ModelingToolkitSIExt.jl:78
┌ Warning: Floating point value 3.2559955402914937 will be converted to 85257172//26184671.
└ @ ModelingToolkitSIExt ~/ParameterEstimationBenchmark-local/environments/StructuralIdentifiability.jl/ext/ModelingToolkitSIExt.jl:78
┌ Warning: Floating point value 2.2159911841744027 will be converted to 124996843//56406742.
└ @ ModelingToolkitSIExt ~/ParameterEstimationBenchmark-local/environments/StructuralIdentifiability.jl/ext/ModelingToolkitSIExt.jl:78
┌ Warning: Floating point value 8.0 will be converted to 8.
└ @ ModelingToolkitSIExt ~/ParameterEstimationBenchmark-local/environments/StructuralIdentifiability.jl/ext/ModelingToolkitSIExt.jl:78
┌ Warning: Floating point value 0.5 will be converted to 1//2.
└ @ ModelingToolkitSIExt ~/ParameterEstimationBenchmark-local/environments/StructuralIdentifiability.jl/ext/ModelingToolkitSIExt.jl:78
┌ Warning: Floating point value 0.014327704240529045 will be converted to 5157477//359965345.
└ @ ModelingToolkitSIExt ~/ParameterEstimationBenchmark-local/environments/StructuralIdentifiability.jl/ext/ModelingToolkitSIExt.jl:78
┌ Warning: Floating point value -4.7760135295068045 will be converted to -128025833//26806003.
└ @ ModelingToolkitSIExt ~/ParameterEstimationBenchmark-local/environments/StructuralIdentifiability.jl/ext/ModelingToolkitSIExt.jl:78
┌ Warning: Floating point value -0.5 will be converted to -1//2.
└ @ ModelingToolkitSIExt ~/ParameterEstimationBenchmark-local/environments/StructuralIdentifiability.jl/ext/ModelingToolkitSIExt.jl:78
┌ Warning: Floating point value 0.15546614203154385 will be converted to 29833277//191895654.
└ @ ModelingToolkitSIExt ~/ParameterEstimationBenchmark-local/environments/StructuralIdentifiability.jl/ext/ModelingToolkitSIExt.jl:78
┌ Warning: Floating point value 1.1088038502093747 will be converted to 93603529//84418474.
└ @ ModelingToolkitSIExt ~/ParameterEstimationBenchmark-local/environments/StructuralIdentifiability.jl/ext/ModelingToolkitSIExt.jl:78
┌ Warning: Floating point value 0.5 will be converted to 1//2.
└ @ ModelingToolkitSIExt ~/ParameterEstimationBenchmark-local/environments/StructuralIdentifiability.jl/ext/ModelingToolkitSIExt.jl:78
┌ Warning: Floating point value 0.5 will be converted to 1//2.
└ @ ModelingToolkitSIExt ~/ParameterEstimationBenchmark-local/environments/StructuralIdentifiability.jl/ext/ModelingToolkitSIExt.jl:78
┌ Warning: Floating point value 0.5 will be converted to 1//2.
└ @ ModelingToolkitSIExt ~/ParameterEstimationBenchmark-local/environments/StructuralIdentifiability.jl/ext/ModelingToolkitSIExt.jl:78
┌ Warning: Floating point value -0.02865540848105809 will be converted to -10314954//359965345.
└ @ ModelingToolkitSIExt ~/ParameterEstimationBenchmark-local/environments/StructuralIdentifiability.jl/ext/ModelingToolkitSIExt.jl:78
┌ Warning: Floating point value -4.7760135295068045 will be converted to -128025833//26806003.
└ @ ModelingToolkitSIExt ~/ParameterEstimationBenchmark-local/environments/StructuralIdentifiability.jl/ext/ModelingToolkitSIExt.jl:78
┌ Warning: Floating point value -0.5 will be converted to -1//2.
└ @ ModelingToolkitSIExt ~/ParameterEstimationBenchmark-local/environments/StructuralIdentifiability.jl/ext/ModelingToolkitSIExt.jl:78
┌ Warning: Floating point value 8.0 will be converted to 8.
└ @ ModelingToolkitSIExt ~/ParameterEstimationBenchmark-local/environments/StructuralIdentifiability.jl/ext/ModelingToolkitSIExt.jl:78
┌ Warning: Floating point value 0.5 will be converted to 1//2.
└ @ ModelingToolkitSIExt ~/ParameterEstimationBenchmark-local/environments/StructuralIdentifiability.jl/ext/ModelingToolkitSIExt.jl:78
[ Info: Getting polynomial system from SIAN
[ Info: Built polynomial system with 9 equations
[ Info: [SI-TEMPLATE] algebraic_multiplicity M = 1  (setup 0.0s, Groebner 0.0s, quotient_basis 0.0s, ring: 8 vars × 10 polys)
[ Info: [DEBUG-ALG-INDEP] Input: 9 equations, 7 indeterminates
[ Info: [DEBUG-ALG-INDEP] Jacobian size: (9, 7)
[ Info: [DEBUG-ALG-INDEP] Jacobian rank: 7
[ Info: [DEBUG-ALG-INDEP] Found 7 pivot columns
[ Info: [DEBUG-ALG-INDEP] Selected 7 equations (current_rank=7)
[ Info: [DEBUG-ALG-INDEP] Returning: output_ids=[1, 2, 3, 4, 5, 6, 7], alg_indep has 0 vars
[ Info: Reduced polynomial system to 7 equations
┌ Info: [SI-MAP] Extending DerivativeData support for SI template
│   current_order = -1
└   required_order = 5
[ Info: Checking identifiability
┌ Warning: There are no parameters in the given ODE, thus no identifiabile
│ functions.
│ Use `find_identifiable_functions` with keyword `with_states=true` to
│ compute the functions with the ODE states included.
└ @ StructuralIdentifiability ~/ParameterEstimationBenchmark-local/environments/StructuralIdentifiability.jl/src/identifiable_functions.jl:97
┌ Info: [SI-STRUCTURAL] SIAN/SI template summary
│   template_equation_count = 7
│   derivative_symbol_count = 12
│   max_derivative_order = 5
│   structural_unidentifiable_count = 1
└   identifiable_function_count = 1
┌ Info: [SI-MAP] Classified symbolic SI support variables while converting SIAN output
│   counts =
│    Dict{Symbol, Int64} with 2 entries:
│      :state_jet        => 2
│      :measured_rhs_jet => 5
│   samples =
│    Dict{Symbol, Vector{String}} with 2 entries:
│      :state_jet        => ["x6_0", "x6_1"]
└      :measured_rhs_jet => ["x5_0", "x4_0", "x5_1", "x4_1", "x5_2"]
[ Info: Getting equation system from StructuralIdentifiability.jl
[ Info: Converting ODESystem to SI.jl format
┌ Warning: Floating point value -3.2559982164917836 will be converted to -398334449//122338657.
└ @ ModelingToolkitSIExt ~/ParameterEstimationBenchmark-local/environments/StructuralIdentifiability.jl/ext/ModelingToolkitSIExt.jl:78
┌ Warning: Floating point value 8.0 will be converted to 8.
└ @ ModelingToolkitSIExt ~/ParameterEstimationBenchmark-local/environments/StructuralIdentifiability.jl/ext/ModelingToolkitSIExt.jl:78
┌ Warning: Floating point value 2.2159963386456365 will be converted to 39771499//17947457.
└ @ ModelingToolkitSIExt ~/ParameterEstimationBenchmark-local/environments/StructuralIdentifiability.jl/ext/ModelingToolkitSIExt.jl:78
┌ Warning: Floating point value 8.0 will be converted to 8.
└ @ ModelingToolkitSIExt ~/ParameterEstimationBenchmark-local/environments/StructuralIdentifiability.jl/ext/ModelingToolkitSIExt.jl:78
┌ Warning: Floating point value -0.13869735858058524 will be converted to -22038005//158892752.
└ @ ModelingToolkitSIExt ~/ParameterEstimationBenchmark-local/environments/StructuralIdentifiability.jl/ext/ModelingToolkitSIExt.jl:78
┌ Warning: Floating point value 3.224493839601496 will be converted to 99091027//30730723.
└ @ ModelingToolkitSIExt ~/ParameterEstimationBenchmark-local/environments/StructuralIdentifiability.jl/ext/ModelingToolkitSIExt.jl:78
┌ Warning: Floating point value 0.5 will be converted to 1//2.
└ @ ModelingToolkitSIExt ~/ParameterEstimationBenchmark-local/environments/StructuralIdentifiability.jl/ext/ModelingToolkitSIExt.jl:78
┌ Warning: Floating point value 0.5 will be converted to 1//2.
└ @ ModelingToolkitSIExt ~/ParameterEstimationBenchmark-local/environments/StructuralIdentifiability.jl/ext/ModelingToolkitSIExt.jl:78
┌ Warning: Floating point value 3.2559982164917836 will be converted to 398334449//122338657.
└ @ ModelingToolkitSIExt ~/ParameterEstimationBenchmark-local/environments/StructuralIdentifiability.jl/ext/ModelingToolkitSIExt.jl:78
┌ Warning: Floating point value 2.2159963386456365 will be converted to 39771499//17947457.
└ @ ModelingToolkitSIExt ~/ParameterEstimationBenchmark-local/environments/StructuralIdentifiability.jl/ext/ModelingToolkitSIExt.jl:78
┌ Warning: Floating point value 8.0 will be converted to 8.
└ @ ModelingToolkitSIExt ~/ParameterEstimationBenchmark-local/environments/StructuralIdentifiability.jl/ext/ModelingToolkitSIExt.jl:78
┌ Warning: Floating point value 0.5 will be converted to 1//2.
└ @ ModelingToolkitSIExt ~/ParameterEstimationBenchmark-local/environments/StructuralIdentifiability.jl/ext/ModelingToolkitSIExt.jl:78
┌ Warning: Floating point value -0.0805223859439646 will be converted to -21253278//263942477.
└ @ ModelingToolkitSIExt ~/ParameterEstimationBenchmark-local/environments/StructuralIdentifiability.jl/ext/ModelingToolkitSIExt.jl:78
┌ Warning: Floating point value -2.2143160286166705 will be converted to -154161871//69620537.
└ @ ModelingToolkitSIExt ~/ParameterEstimationBenchmark-local/environments/StructuralIdentifiability.jl/ext/ModelingToolkitSIExt.jl:78
┌ Warning: Floating point value -0.5 will be converted to -1//2.
└ @ ModelingToolkitSIExt ~/ParameterEstimationBenchmark-local/environments/StructuralIdentifiability.jl/ext/ModelingToolkitSIExt.jl:78
┌ Warning: Floating point value 0.13869735858058524 will be converted to 22038005//158892752.
└ @ ModelingToolkitSIExt ~/ParameterEstimationBenchmark-local/environments/StructuralIdentifiability.jl/ext/ModelingToolkitSIExt.jl:78
┌ Warning: Floating point value 3.224493839601496 will be converted to 99091027//30730723.
└ @ ModelingToolkitSIExt ~/ParameterEstimationBenchmark-local/environments/StructuralIdentifiability.jl/ext/ModelingToolkitSIExt.jl:78
┌ Warning: Floating point value 0.5 will be converted to 1//2.
└ @ ModelingToolkitSIExt ~/ParameterEstimationBenchmark-local/environments/StructuralIdentifiability.jl/ext/ModelingToolkitSIExt.jl:78
┌ Warning: Floating point value 0.5 will be converted to 1//2.
└ @ ModelingToolkitSIExt ~/ParameterEstimationBenchmark-local/environments/StructuralIdentifiability.jl/ext/ModelingToolkitSIExt.jl:78
┌ Warning: Floating point value 0.5 will be converted to 1//2.
└ @ ModelingToolkitSIExt ~/ParameterEstimationBenchmark-local/environments/StructuralIdentifiability.jl/ext/ModelingToolkitSIExt.jl:78
┌ Warning: Floating point value 0.1610447718879292 will be converted to 33764395//209658436.
└ @ ModelingToolkitSIExt ~/ParameterEstimationBenchmark-local/environments/StructuralIdentifiability.jl/ext/ModelingToolkitSIExt.jl:78
┌ Warning: Floating point value -2.2143160286166705 will be converted to -154161871//69620537.
└ @ ModelingToolkitSIExt ~/ParameterEstimationBenchmark-local/environments/StructuralIdentifiability.jl/ext/ModelingToolkitSIExt.jl:78
┌ Warning: Floating point value -0.5 will be converted to -1//2.
└ @ ModelingToolkitSIExt ~/ParameterEstimationBenchmark-local/environments/StructuralIdentifiability.jl/ext/ModelingToolkitSIExt.jl:78
┌ Warning: Floating point value 8.0 will be converted to 8.
└ @ ModelingToolkitSIExt ~/ParameterEstimationBenchmark-local/environments/StructuralIdentifiability.jl/ext/ModelingToolkitSIExt.jl:78
┌ Warning: Floating point value 0.5 will be converted to 1//2.
└ @ ModelingToolkitSIExt ~/ParameterEstimationBenchmark-local/environments/StructuralIdentifiability.jl/ext/ModelingToolkitSIExt.jl:78
[ Info: Getting polynomial system from SIAN
[ Info: Built polynomial system with 9 equations
[ Info: [SI-TEMPLATE] algebraic_multiplicity M = 1  (setup 0.0s, Groebner 0.0s, quotient_basis 0.0s, ring: 8 vars × 10 polys)
[ Info: [DEBUG-ALG-INDEP] Input: 9 equations, 7 indeterminates
[ Info: [DEBUG-ALG-INDEP] Jacobian size: (9, 7)
[ Info: [DEBUG-ALG-INDEP] Jacobian rank: 7
[ Info: [DEBUG-ALG-INDEP] Found 7 pivot columns
[ Info: [DEBUG-ALG-INDEP] Selected 7 equations (current_rank=7)
[ Info: [DEBUG-ALG-INDEP] Returning: output_ids=[1, 2, 3, 4, 5, 6, 7], alg_indep has 0 vars
[ Info: Reduced polynomial system to 7 equations
┌ Info: [SI-MAP] Extending DerivativeData support for SI template
│   current_order = -1
└   required_order = 5
[ Info: Checking identifiability
┌ Warning: There are no parameters in the given ODE, thus no identifiabile
│ functions.
│ Use `find_identifiable_functions` with keyword `with_states=true` to
│ compute the functions with the ODE states included.
└ @ StructuralIdentifiability ~/ParameterEstimationBenchmark-local/environments/StructuralIdentifiability.jl/src/identifiable_functions.jl:97
┌ Info: [SI-STRUCTURAL] SIAN/SI template summary
│   template_equation_count = 7
│   derivative_symbol_count = 12
│   max_derivative_order = 5
│   structural_unidentifiable_count = 1
└   identifiable_function_count = 1
┌ Info: [SI-MAP] Classified symbolic SI support variables while converting SIAN output
│   counts =
│    Dict{Symbol, Int64} with 2 entries:
│      :state_jet        => 2
│      :measured_rhs_jet => 5
│   samples =
│    Dict{Symbol, Vector{String}} with 2 entries:
│      :state_jet        => ["x6_0", "x6_1"]
└      :measured_rhs_jet => ["x5_0", "x4_0", "x5_1", "x4_1", "x5_2"]
[ Info: Getting equation system from StructuralIdentifiability.jl
[ Info: Converting ODESystem to SI.jl format
┌ Warning: Floating point value -3.255998216491783 will be converted to -332247209//102041582.
└ @ ModelingToolkitSIExt ~/ParameterEstimationBenchmark-local/environments/StructuralIdentifiability.jl/ext/ModelingToolkitSIExt.jl:78
┌ Warning: Floating point value 8.0 will be converted to 8.
└ @ ModelingToolkitSIExt ~/ParameterEstimationBenchmark-local/environments/StructuralIdentifiability.jl/ext/ModelingToolkitSIExt.jl:78
┌ Warning: Floating point value 2.215996338645636 will be converted to 149213329//67334646.
└ @ ModelingToolkitSIExt ~/ParameterEstimationBenchmark-local/environments/StructuralIdentifiability.jl/ext/ModelingToolkitSIExt.jl:78
┌ Warning: Floating point value 8.0 will be converted to 8.
└ @ ModelingToolkitSIExt ~/ParameterEstimationBenchmark-local/environments/StructuralIdentifiability.jl/ext/ModelingToolkitSIExt.jl:78
┌ Warning: Floating point value -1.877807445492299 will be converted to -116469882//62024401.
└ @ ModelingToolkitSIExt ~/ParameterEstimationBenchmark-local/environments/StructuralIdentifiability.jl/ext/ModelingToolkitSIExt.jl:78
┌ Warning: Floating point value 51.11929332082016 will be converted to 552324539//10804620.
└ @ ModelingToolkitSIExt ~/ParameterEstimationBenchmark-local/environments/StructuralIdentifiability.jl/ext/ModelingToolkitSIExt.jl:78
┌ Warning: Floating point value 0.5 will be converted to 1//2.
└ @ ModelingToolkitSIExt ~/ParameterEstimationBenchmark-local/environments/StructuralIdentifiability.jl/ext/ModelingToolkitSIExt.jl:78
┌ Warning: Floating point value 0.5 will be converted to 1//2.
└ @ ModelingToolkitSIExt ~/ParameterEstimationBenchmark-local/environments/StructuralIdentifiability.jl/ext/ModelingToolkitSIExt.jl:78
┌ Warning: Floating point value 3.255998216491783 will be converted to 332247209//102041582.
└ @ ModelingToolkitSIExt ~/ParameterEstimationBenchmark-local/environments/StructuralIdentifiability.jl/ext/ModelingToolkitSIExt.jl:78
┌ Warning: Floating point value 2.215996338645636 will be converted to 149213329//67334646.
└ @ ModelingToolkitSIExt ~/ParameterEstimationBenchmark-local/environments/StructuralIdentifiability.jl/ext/ModelingToolkitSIExt.jl:78
┌ Warning: Floating point value 8.0 will be converted to 8.
└ @ ModelingToolkitSIExt ~/ParameterEstimationBenchmark-local/environments/StructuralIdentifiability.jl/ext/ModelingToolkitSIExt.jl:78
┌ Warning: Floating point value 0.5 will be converted to 1//2.
└ @ ModelingToolkitSIExt ~/ParameterEstimationBenchmark-local/environments/StructuralIdentifiability.jl/ext/ModelingToolkitSIExt.jl:78
┌ Warning: Floating point value 0.000893978842021991 will be converted to 3359944//3758415571.
└ @ ModelingToolkitSIExt ~/ParameterEstimationBenchmark-local/environments/StructuralIdentifiability.jl/ext/ModelingToolkitSIExt.jl:78
┌ Warning: Floating point value -77.96253222225235 will be converted to -896917769//11504472.
└ @ ModelingToolkitSIExt ~/ParameterEstimationBenchmark-local/environments/StructuralIdentifiability.jl/ext/ModelingToolkitSIExt.jl:78
[CAND 50] ok  max=454b  0.2s
[CAND 60] ok  max=454b  0.2s
[CAND 62] ok  max=429b  0.2s
[CAND 63] ok  max=421b  0.2s
┌ Warning: Floating point value -0.5 will be converted to -1//2.
└ @ ModelingToolkitSIExt ~/ParameterEstimationBenchmark-local/environments/StructuralIdentifiability.jl/ext/ModelingToolkitSIExt.jl:78
┌ Warning: Floating point value 1.877807445492299 will be converted to 116469882//62024401.
└ @ ModelingToolkitSIExt ~/ParameterEstimationBenchmark-local/environments/StructuralIdentifiability.jl/ext/ModelingToolkitSIExt.jl:78
┌ Warning: Floating point value 51.11929332082016 will be converted to 552324539//10804620.
└ @ ModelingToolkitSIExt ~/ParameterEstimationBenchmark-local/environments/StructuralIdentifiability.jl/ext/ModelingToolkitSIExt.jl:78
┌ Warning: Floating point value 0.5 will be converted to 1//2.
└ @ ModelingToolkitSIExt ~/ParameterEstimationBenchmark-local/environments/StructuralIdentifiability.jl/ext/ModelingToolkitSIExt.jl:78
┌ Warning: Floating point value 0.5 will be converted to 1//2.
└ @ ModelingToolkitSIExt ~/ParameterEstimationBenchmark-local/environments/StructuralIdentifiability.jl/ext/ModelingToolkitSIExt.jl:78
┌ Warning: Floating point value 0.5 will be converted to 1//2.
└ @ ModelingToolkitSIExt ~/ParameterEstimationBenchmark-local/environments/StructuralIdentifiability.jl/ext/ModelingToolkitSIExt.jl:78
┌ Warning: Floating point value -0.001787957684043982 will be converted to -5931253//3317334103.
└ @ ModelingToolkitSIExt ~/ParameterEstimationBenchmark-local/environments/StructuralIdentifiability.jl/ext/ModelingToolkitSIExt.jl:78
┌ Warning: Floating point value -77.96253222225235 will be converted to -896917769//11504472.
└ @ ModelingToolkitSIExt ~/ParameterEstimationBenchmark-local/environments/StructuralIdentifiability.jl/ext/ModelingToolkitSIExt.jl:78
┌ Warning: Floating point value -0.5 will be converted to -1//2.
└ @ ModelingToolkitSIExt ~/ParameterEstimationBenchmark-local/environments/StructuralIdentifiability.jl/ext/ModelingToolkitSIExt.jl:78
┌ Warning: Floating point value 8.0 will be converted to 8.
└ @ ModelingToolkitSIExt ~/ParameterEstimationBenchmark-local/environments/StructuralIdentifiability.jl/ext/ModelingToolkitSIExt.jl:78
┌ Warning: Floating point value 0.5 will be converted to 1//2.
└ @ ModelingToolkitSIExt ~/ParameterEstimationBenchmark-local/environments/StructuralIdentifiability.jl/ext/ModelingToolkitSIExt.jl:78
[ Info: Getting polynomial system from SIAN
[ Info: Built polynomial system with 9 equations
[ Info: [SI-TEMPLATE] algebraic_multiplicity M = 1  (setup 0.0s, Groebner 0.0s, quotient_basis 0.0s, ring: 8 vars × 10 polys)
[ Info: [DEBUG-ALG-INDEP] Input: 9 equations, 7 indeterminates
[ Info: [DEBUG-ALG-INDEP] Jacobian size: (9, 7)
[ Info: [DEBUG-ALG-INDEP] Jacobian rank: 7
[ Info: [DEBUG-ALG-INDEP] Found 7 pivot columns
[ Info: [DEBUG-ALG-INDEP] Selected 7 equations (current_rank=7)
[ Info: [DEBUG-ALG-INDEP] Returning: output_ids=[1, 2, 3, 4, 5, 6, 7], alg_indep has 0 vars
[ Info: Reduced polynomial system to 7 equations
┌ Info: [SI-MAP] Extending DerivativeData support for SI template
│   current_order = -1
└   required_order = 5
[ Info: Checking identifiability
┌ Warning: There are no parameters in the given ODE, thus no identifiabile
│ functions.
│ Use `find_identifiable_functions` with keyword `with_states=true` to
│ compute the functions with the ODE states included.
└ @ StructuralIdentifiability ~/ParameterEstimationBenchmark-local/environments/StructuralIdentifiability.jl/src/identifiable_functions.jl:97
┌ Info: [SI-STRUCTURAL] SIAN/SI template summary
│   template_equation_count = 7
│   derivative_symbol_count = 12
│   max_derivative_order = 5
│   structural_unidentifiable_count = 1
└   identifiable_function_count = 1
┌ Info: [SI-MAP] Classified symbolic SI support variables while converting SIAN output
│   counts =
│    Dict{Symbol, Int64} with 2 entries:
│      :state_jet        => 2
│      :measured_rhs_jet => 5
│   samples =
│    Dict{Symbol, Vector{String}} with 2 entries:
│      :state_jet        => ["x6_0", "x6_1"]
└      :measured_rhs_jet => ["x5_0", "x4_0", "x5_1", "x4_1", "x5_2"]
[ Info: Getting equation system from StructuralIdentifiability.jl
[ Info: Converting ODESystem to SI.jl format
┌ Warning: Floating point value -3.256001744774178 will be converted to -327710005//100647982.
└ @ ModelingToolkitSIExt ~/ParameterEstimationBenchmark-local/environments/StructuralIdentifiability.jl/ext/ModelingToolkitSIExt.jl:78
┌ Warning: Floating point value 8.0 will be converted to 8.
└ @ ModelingToolkitSIExt ~/ParameterEstimationBenchmark-local/environments/StructuralIdentifiability.jl/ext/ModelingToolkitSIExt.jl:78
┌ Warning: Floating point value 2.216003337178191 will be converted to 118054810//53273751.
└ @ ModelingToolkitSIExt ~/ParameterEstimationBenchmark-local/environments/StructuralIdentifiability.jl/ext/ModelingToolkitSIExt.jl:78
┌ Warning: Floating point value 8.0 will be converted to 8.
└ @ ModelingToolkitSIExt ~/ParameterEstimationBenchmark-local/environments/StructuralIdentifiability.jl/ext/ModelingToolkitSIExt.jl:78
┌ Warning: Floating point value -0.21371756556084281 will be converted to -49844768//233227287.
└ @ ModelingToolkitSIExt ~/ParameterEstimationBenchmark-local/environments/StructuralIdentifiability.jl/ext/ModelingToolkitSIExt.jl:78
┌ Warning: Floating point value 2.5663969796755697 will be converted to 168404175//65618911.
└ @ ModelingToolkitSIExt ~/ParameterEstimationBenchmark-local/environments/StructuralIdentifiability.jl/ext/ModelingToolkitSIExt.jl:78
┌ Warning: Floating point value 0.5 will be converted to 1//2.
└ @ ModelingToolkitSIExt ~/ParameterEstimationBenchmark-local/environments/StructuralIdentifiability.jl/ext/ModelingToolkitSIExt.jl:78
┌ Warning: Floating point value 0.5 will be converted to 1//2.
└ @ ModelingToolkitSIExt ~/ParameterEstimationBenchmark-local/environments/StructuralIdentifiability.jl/ext/ModelingToolkitSIExt.jl:78
┌ Warning: Floating point value 3.256001744774178 will be converted to 327710005//100647982.
└ @ ModelingToolkitSIExt ~/ParameterEstimationBenchmark-local/environments/StructuralIdentifiability.jl/ext/ModelingToolkitSIExt.jl:78
┌ Warning: Floating point value 2.216003337178191 will be converted to 118054810//53273751.
└ @ ModelingToolkitSIExt ~/ParameterEstimationBenchmark-local/environments/StructuralIdentifiability.jl/ext/ModelingToolkitSIExt.jl:78
┌ Warning: Floating point value 8.0 will be converted to 8.
└ @ ModelingToolkitSIExt ~/ParameterEstimationBenchmark-local/environments/StructuralIdentifiability.jl/ext/ModelingToolkitSIExt.jl:78
┌ Warning: Floating point value 0.5 will be converted to 1//2.
└ @ ModelingToolkitSIExt ~/ParameterEstimationBenchmark-local/environments/StructuralIdentifiability.jl/ext/ModelingToolkitSIExt.jl:78
┌ Warning: Floating point value 0.01498006261912714 will be converted to 25510675//1702975191.
└ @ ModelingToolkitSIExt ~/ParameterEstimationBenchmark-local/environments/StructuralIdentifiability.jl/ext/ModelingToolkitSIExt.jl:78
┌ Warning: Floating point value -3.31848757540341 will be converted to -56392483//16993429.
└ @ ModelingToolkitSIExt ~/ParameterEstimationBenchmark-local/environments/StructuralIdentifiability.jl/ext/ModelingToolkitSIExt.jl:78
┌ Warning: Floating point value -0.5 will be converted to -1//2.
└ @ ModelingToolkitSIExt ~/ParameterEstimationBenchmark-local/environments/StructuralIdentifiability.jl/ext/ModelingToolkitSIExt.jl:78
┌ Warning: Floating point value 0.21371756556084281 will be converted to 49844768//233227287.
└ @ ModelingToolkitSIExt ~/ParameterEstimationBenchmark-local/environments/StructuralIdentifiability.jl/ext/ModelingToolkitSIExt.jl:78
┌ Warning: Floating point value 2.5663969796755697 will be converted to 168404175//65618911.
└ @ ModelingToolkitSIExt ~/ParameterEstimationBenchmark-local/environments/StructuralIdentifiability.jl/ext/ModelingToolkitSIExt.jl:78
┌ Warning: Floating point value 0.5 will be converted to 1//2.
└ @ ModelingToolkitSIExt ~/ParameterEstimationBenchmark-local/environments/StructuralIdentifiability.jl/ext/ModelingToolkitSIExt.jl:78
┌ Warning: Floating point value 0.5 will be converted to 1//2.
└ @ ModelingToolkitSIExt ~/ParameterEstimationBenchmark-local/environments/StructuralIdentifiability.jl/ext/ModelingToolkitSIExt.jl:78
┌ Warning: Floating point value 0.5 will be converted to 1//2.
└ @ ModelingToolkitSIExt ~/ParameterEstimationBenchmark-local/environments/StructuralIdentifiability.jl/ext/ModelingToolkitSIExt.jl:78
┌ Warning: Floating point value -0.02996012523825428 will be converted to -27938211//932513158.
└ @ ModelingToolkitSIExt ~/ParameterEstimationBenchmark-local/environments/StructuralIdentifiability.jl/ext/ModelingToolkitSIExt.jl:78
┌ Warning: Floating point value -3.31848757540341 will be converted to -56392483//16993429.
└ @ ModelingToolkitSIExt ~/ParameterEstimationBenchmark-local/environments/StructuralIdentifiability.jl/ext/ModelingToolkitSIExt.jl:78
┌ Warning: Floating point value -0.5 will be converted to -1//2.
└ @ ModelingToolkitSIExt ~/ParameterEstimationBenchmark-local/environments/StructuralIdentifiability.jl/ext/ModelingToolkitSIExt.jl:78
┌ Warning: Floating point value 8.0 will be converted to 8.
└ @ ModelingToolkitSIExt ~/ParameterEstimationBenchmark-local/environments/StructuralIdentifiability.jl/ext/ModelingToolkitSIExt.jl:78
┌ Warning: Floating point value 0.5 will be converted to 1//2.
└ @ ModelingToolkitSIExt ~/ParameterEstimationBenchmark-local/environments/StructuralIdentifiability.jl/ext/ModelingToolkitSIExt.jl:78
[ Info: Getting polynomial system from SIAN
[ Info: Built polynomial system with 9 equations
[ Info: [SI-TEMPLATE] algebraic_multiplicity M = 1  (setup 0.0s, Groebner 0.0s, quotient_basis 0.0s, ring: 8 vars × 10 polys)
[ Info: [DEBUG-ALG-INDEP] Input: 9 equations, 7 indeterminates
[ Info: [DEBUG-ALG-INDEP] Jacobian size: (9, 7)
[ Info: [DEBUG-ALG-INDEP] Jacobian rank: 7
[ Info: [DEBUG-ALG-INDEP] Found 7 pivot columns
[ Info: [DEBUG-ALG-INDEP] Selected 7 equations (current_rank=7)
[ Info: [DEBUG-ALG-INDEP] Returning: output_ids=[1, 2, 3, 4, 5, 6, 7], alg_indep has 0 vars
[ Info: Reduced polynomial system to 7 equations
┌ Info: [SI-MAP] Extending DerivativeData support for SI template
│   current_order = -1
└   required_order = 5
[ Info: Checking identifiability
┌ Warning: There are no parameters in the given ODE, thus no identifiabile
│ functions.
│ Use `find_identifiable_functions` with keyword `with_states=true` to
│ compute the functions with the ODE states included.
└ @ StructuralIdentifiability ~/ParameterEstimationBenchmark-local/environments/StructuralIdentifiability.jl/src/identifiable_functions.jl:97
┌ Info: [SI-STRUCTURAL] SIAN/SI template summary
│   template_equation_count = 7
│   derivative_symbol_count = 12
│   max_derivative_order = 5
│   structural_unidentifiable_count = 1
└   identifiable_function_count = 1
┌ Info: [SI-MAP] Classified symbolic SI support variables while converting SIAN output
│   counts =
│    Dict{Symbol, Int64} with 2 entries:
│      :state_jet        => 2
│      :measured_rhs_jet => 5
│   samples =
│    Dict{Symbol, Vector{String}} with 2 entries:
│      :state_jet        => ["x6_0", "x6_1"]
└      :measured_rhs_jet => ["x5_0", "x4_0", "x5_1", "x4_1", "x5_2"]
[ Info: Getting equation system from StructuralIdentifiability.jl
[ Info: Converting ODESystem to SI.jl format
┌ Warning: Floating point value -3.2559893251263787 will be converted to -307578881//94465568.
└ @ ModelingToolkitSIExt ~/ParameterEstimationBenchmark-local/environments/StructuralIdentifiability.jl/ext/ModelingToolkitSIExt.jl:78
┌ Warning: Floating point value 8.0 will be converted to 8.
└ @ ModelingToolkitSIExt ~/ParameterEstimationBenchmark-local/environments/StructuralIdentifiability.jl/ext/ModelingToolkitSIExt.jl:78
┌ Warning: Floating point value 2.215982515749371 will be converted to 66683337//30091996.
└ @ ModelingToolkitSIExt ~/ParameterEstimationBenchmark-local/environments/StructuralIdentifiability.jl/ext/ModelingToolkitSIExt.jl:78
┌ Warning: Floating point value 8.0 will be converted to 8.
└ @ ModelingToolkitSIExt ~/ParameterEstimationBenchmark-local/environments/StructuralIdentifiability.jl/ext/ModelingToolkitSIExt.jl:78
┌ Warning: Floating point value -0.14778346422018948 will be converted to -3790573//25649507.
└ @ ModelingToolkitSIExt ~/ParameterEstimationBenchmark-local/environments/StructuralIdentifiability.jl/ext/ModelingToolkitSIExt.jl:78
┌ Warning: Floating point value 1.012416768950307 will be converted to 52439468//51796325.
└ @ ModelingToolkitSIExt ~/ParameterEstimationBenchmark-local/environments/StructuralIdentifiability.jl/ext/ModelingToolkitSIExt.jl:78
┌ Warning: Floating point value 0.5 will be converted to 1//2.
└ @ ModelingToolkitSIExt ~/ParameterEstimationBenchmark-local/environments/StructuralIdentifiability.jl/ext/ModelingToolkitSIExt.jl:78
┌ Warning: Floating point value 0.5 will be converted to 1//2.
└ @ ModelingToolkitSIExt ~/ParameterEstimationBenchmark-local/environments/StructuralIdentifiability.jl/ext/ModelingToolkitSIExt.jl:78
┌ Warning: Floating point value 3.2559893251263787 will be converted to 307578881//94465568.
└ @ ModelingToolkitSIExt ~/ParameterEstimationBenchmark-local/environments/StructuralIdentifiability.jl/ext/ModelingToolkitSIExt.jl:78
┌ Warning: Floating point value 2.215982515749371 will be converted to 66683337//30091996.
└ @ ModelingToolkitSIExt ~/ParameterEstimationBenchmark-local/environments/StructuralIdentifiability.jl/ext/ModelingToolkitSIExt.jl:78
┌ Warning: Floating point value 8.0 will be converted to 8.
└ @ ModelingToolkitSIExt ~/ParameterEstimationBenchmark-local/environments/StructuralIdentifiability.jl/ext/ModelingToolkitSIExt.jl:78
┌ Warning: Floating point value 0.5 will be converted to 1//2.
└ @ ModelingToolkitSIExt ~/ParameterEstimationBenchmark-local/environments/StructuralIdentifiability.jl/ext/ModelingToolkitSIExt.jl:78
┌ Warning: Floating point value 0.002760259799337334 will be converted to 1459117//528615821.
└ @ ModelingToolkitSIExt ~/ParameterEstimationBenchmark-local/environments/StructuralIdentifiability.jl/ext/ModelingToolkitSIExt.jl:78
┌ Warning: Floating point value -32.869279070264604 will be converted to -388994540//11834593.
└ @ ModelingToolkitSIExt ~/ParameterEstimationBenchmark-local/environments/StructuralIdentifiability.jl/ext/ModelingToolkitSIExt.jl:78
┌ Warning: Floating point value -0.5 will be converted to -1//2.
└ @ ModelingToolkitSIExt ~/ParameterEstimationBenchmark-local/environments/StructuralIdentifiability.jl/ext/ModelingToolkitSIExt.jl:78
┌ Warning: Floating point value 0.14778346422018948 will be converted to 3790573//25649507.
└ @ ModelingToolkitSIExt ~/ParameterEstimationBenchmark-local/environments/StructuralIdentifiability.jl/ext/ModelingToolkitSIExt.jl:78
┌ Warning: Floating point value 1.012416768950307 will be converted to 52439468//51796325.
└ @ ModelingToolkitSIExt ~/ParameterEstimationBenchmark-local/environments/StructuralIdentifiability.jl/ext/ModelingToolkitSIExt.jl:78
┌ Warning: Floating point value 0.5 will be converted to 1//2.
└ @ ModelingToolkitSIExt ~/ParameterEstimationBenchmark-local/environments/StructuralIdentifiability.jl/ext/ModelingToolkitSIExt.jl:78
┌ Warning: Floating point value 0.5 will be converted to 1//2.
└ @ ModelingToolkitSIExt ~/ParameterEstimationBenchmark-local/environments/StructuralIdentifiability.jl/ext/ModelingToolkitSIExt.jl:78
┌ Warning: Floating point value 0.5 will be converted to 1//2.
└ @ ModelingToolkitSIExt ~/ParameterEstimationBenchmark-local/environments/StructuralIdentifiability.jl/ext/ModelingToolkitSIExt.jl:78
┌ Warning: Floating point value -0.005520519598674668 will be converted to -2918234//528615821.
└ @ ModelingToolkitSIExt ~/ParameterEstimationBenchmark-local/environments/StructuralIdentifiability.jl/ext/ModelingToolkitSIExt.jl:78
┌ Warning: Floating point value -32.869279070264604 will be converted to -388994540//11834593.
└ @ ModelingToolkitSIExt ~/ParameterEstimationBenchmark-local/environments/StructuralIdentifiability.jl/ext/ModelingToolkitSIExt.jl:78
┌ Warning: Floating point value -0.5 will be converted to -1//2.
└ @ ModelingToolkitSIExt ~/ParameterEstimationBenchmark-local/environments/StructuralIdentifiability.jl/ext/ModelingToolkitSIExt.jl:78
┌ Warning: Floating point value 8.0 will be converted to 8.
└ @ ModelingToolkitSIExt ~/ParameterEstimationBenchmark-local/environments/StructuralIdentifiability.jl/ext/ModelingToolkitSIExt.jl:78
┌ Warning: Floating point value 0.5 will be converted to 1//2.
└ @ ModelingToolkitSIExt ~/ParameterEstimationBenchmark-local/environments/StructuralIdentifiability.jl/ext/ModelingToolkitSIExt.jl:78
[ Info: Getting polynomial system from SIAN
[ Info: Built polynomial system with 9 equations
[ Info: [SI-TEMPLATE] algebraic_multiplicity M = 1  (setup 0.0s, Groebner 0.0s, quotient_basis 0.0s, ring: 8 vars × 10 polys)
[ Info: [DEBUG-ALG-INDEP] Input: 9 equations, 7 indeterminates
[ Info: [DEBUG-ALG-INDEP] Jacobian size: (9, 7)
[ Info: [DEBUG-ALG-INDEP] Jacobian rank: 7
[ Info: [DEBUG-ALG-INDEP] Found 7 pivot columns
[ Info: [DEBUG-ALG-INDEP] Selected 7 equations (current_rank=7)
[ Info: [DEBUG-ALG-INDEP] Returning: output_ids=[1, 2, 3, 4, 5, 6, 7], alg_indep has 0 vars
[ Info: Reduced polynomial system to 7 equations
┌ Info: [SI-MAP] Extending DerivativeData support for SI template
│   current_order = -1
└   required_order = 5
[ Info: Checking identifiability
┌ Warning: There are no parameters in the given ODE, thus no identifiabile
│ functions.
│ Use `find_identifiable_functions` with keyword `with_states=true` to
│ compute the functions with the ODE states included.
└ @ StructuralIdentifiability ~/ParameterEstimationBenchmark-local/environments/StructuralIdentifiability.jl/src/identifiable_functions.jl:97
┌ Info: [SI-STRUCTURAL] SIAN/SI template summary
│   template_equation_count = 7
│   derivative_symbol_count = 12
│   max_derivative_order = 5
│   structural_unidentifiable_count = 1
└   identifiable_function_count = 1
┌ Info: [SI-MAP] Classified symbolic SI support variables while converting SIAN output
│   counts =
│    Dict{Symbol, Int64} with 2 entries:
│      :state_jet        => 2
│      :measured_rhs_jet => 5
│   samples =
│    Dict{Symbol, Vector{String}} with 2 entries:
│      :state_jet        => ["x6_0", "x6_1"]
└      :measured_rhs_jet => ["x5_0", "x4_0", "x5_1", "x4_1", "x5_2"]
[ Info: Getting equation system from StructuralIdentifiability.jl
[ Info: Converting ODESystem to SI.jl format
┌ Warning: Floating point value -3.2559893251263796 will be converted to -38700217//11885855.
└ @ ModelingToolkitSIExt ~/ParameterEstimationBenchmark-local/environments/StructuralIdentifiability.jl/ext/ModelingToolkitSIExt.jl:78
┌ Warning: Floating point value 8.0 will be converted to 8.
└ @ ModelingToolkitSIExt ~/ParameterEstimationBenchmark-local/environments/StructuralIdentifiability.jl/ext/ModelingToolkitSIExt.jl:78
┌ Warning: Floating point value 2.215982515749372 will be converted to 115654277//52190970.
└ @ ModelingToolkitSIExt ~/ParameterEstimationBenchmark-local/environments/StructuralIdentifiability.jl/ext/ModelingToolkitSIExt.jl:78
┌ Warning: Floating point value 8.0 will be converted to 8.
└ @ ModelingToolkitSIExt ~/ParameterEstimationBenchmark-local/environments/StructuralIdentifiability.jl/ext/ModelingToolkitSIExt.jl:78
┌ Warning: Floating point value -0.12218194504903117 will be converted to -10186824//83374217.
└ @ ModelingToolkitSIExt ~/ParameterEstimationBenchmark-local/environments/StructuralIdentifiability.jl/ext/ModelingToolkitSIExt.jl:78
┌ Warning: Floating point value 1.366144007082272 will be converted to 299313313//219093530.
└ @ ModelingToolkitSIExt ~/ParameterEstimationBenchmark-local/environments/StructuralIdentifiability.jl/ext/ModelingToolkitSIExt.jl:78
┌ Warning: Floating point value 0.5 will be converted to 1//2.
└ @ ModelingToolkitSIExt ~/ParameterEstimationBenchmark-local/environments/StructuralIdentifiability.jl/ext/ModelingToolkitSIExt.jl:78
┌ Warning: Floating point value 0.5 will be converted to 1//2.
└ @ ModelingToolkitSIExt ~/ParameterEstimationBenchmark-local/environments/StructuralIdentifiability.jl/ext/ModelingToolkitSIExt.jl:78
┌ Warning: Floating point value 3.2559893251263796 will be converted to 38700217//11885855.
└ @ ModelingToolkitSIExt ~/ParameterEstimationBenchmark-local/environments/StructuralIdentifiability.jl/ext/ModelingToolkitSIExt.jl:78
┌ Warning: Floating point value 2.215982515749372 will be converted to 115654277//52190970.
└ @ ModelingToolkitSIExt ~/ParameterEstimationBenchmark-local/environments/StructuralIdentifiability.jl/ext/ModelingToolkitSIExt.jl:78
┌ Warning: Floating point value 8.0 will be converted to 8.
└ @ ModelingToolkitSIExt ~/ParameterEstimationBenchmark-local/environments/StructuralIdentifiability.jl/ext/ModelingToolkitSIExt.jl:78
┌ Warning: Floating point value 0.5 will be converted to 1//2.
└ @ ModelingToolkitSIExt ~/ParameterEstimationBenchmark-local/environments/StructuralIdentifiability.jl/ext/ModelingToolkitSIExt.jl:78
┌ Warning: Floating point value -1.62841868283906 will be converted to -105370047//64706975.
└ @ ModelingToolkitSIExt ~/ParameterEstimationBenchmark-local/environments/StructuralIdentifiability.jl/ext/ModelingToolkitSIExt.jl:78
┌ Warning: Floating point value -0.43429203509439485 will be converted to -121749149//280339355.
└ @ ModelingToolkitSIExt ~/ParameterEstimationBenchmark-local/environments/StructuralIdentifiability.jl/ext/ModelingToolkitSIExt.jl:78
┌ Warning: Floating point value -0.5 will be converted to -1//2.
└ @ ModelingToolkitSIExt ~/ParameterEstimationBenchmark-local/environments/StructuralIdentifiability.jl/ext/ModelingToolkitSIExt.jl:78
┌ Warning: Floating point value 0.12218194504903117 will be converted to 10186824//83374217.
└ @ ModelingToolkitSIExt ~/ParameterEstimationBenchmark-local/environments/StructuralIdentifiability.jl/ext/ModelingToolkitSIExt.jl:78
┌ Warning: Floating point value 1.366144007082272 will be converted to 299313313//219093530.
└ @ ModelingToolkitSIExt ~/ParameterEstimationBenchmark-local/environments/StructuralIdentifiability.jl/ext/ModelingToolkitSIExt.jl:78
┌ Warning: Floating point value 0.5 will be converted to 1//2.
└ @ ModelingToolkitSIExt ~/ParameterEstimationBenchmark-local/environments/StructuralIdentifiability.jl/ext/ModelingToolkitSIExt.jl:78
┌ Warning: Floating point value 0.5 will be converted to 1//2.
└ @ ModelingToolkitSIExt ~/ParameterEstimationBenchmark-local/environments/StructuralIdentifiability.jl/ext/ModelingToolkitSIExt.jl:78
┌ Warning: Floating point value 0.5 will be converted to 1//2.
└ @ ModelingToolkitSIExt ~/ParameterEstimationBenchmark-local/environments/StructuralIdentifiability.jl/ext/ModelingToolkitSIExt.jl:78
┌ Warning: Floating point value 3.25683736567812 will be converted to 143960041//44202404.
└ @ ModelingToolkitSIExt ~/ParameterEstimationBenchmark-local/environments/StructuralIdentifiability.jl/ext/ModelingToolkitSIExt.jl:78
┌ Warning: Floating point value -0.43429203509439485 will be converted to -121749149//280339355.
└ @ ModelingToolkitSIExt ~/ParameterEstimationBenchmark-local/environments/StructuralIdentifiability.jl/ext/ModelingToolkitSIExt.jl:78
┌ Warning: Floating point value -0.5 will be converted to -1//2.
└ @ ModelingToolkitSIExt ~/ParameterEstimationBenchmark-local/environments/StructuralIdentifiability.jl/ext/ModelingToolkitSIExt.jl:78
┌ Warning: Floating point value 8.0 will be converted to 8.
└ @ ModelingToolkitSIExt ~/ParameterEstimationBenchmark-local/environments/StructuralIdentifiability.jl/ext/ModelingToolkitSIExt.jl:78
┌ Warning: Floating point value 0.5 will be converted to 1//2.
└ @ ModelingToolkitSIExt ~/ParameterEstimationBenchmark-local/environments/StructuralIdentifiability.jl/ext/ModelingToolkitSIExt.jl:78
[ Info: Getting polynomial system from SIAN
[ Info: Built polynomial system with 9 equations
[ Info: [SI-TEMPLATE] algebraic_multiplicity M = 1  (setup 0.0s, Groebner 0.0s, quotient_basis 0.0s, ring: 8 vars × 10 polys)
[ Info: [DEBUG-ALG-INDEP] Input: 9 equations, 7 indeterminates
[ Info: [DEBUG-ALG-INDEP] Jacobian size: (9, 7)
[ Info: [DEBUG-ALG-INDEP] Jacobian rank: 7
[ Info: [DEBUG-ALG-INDEP] Found 7 pivot columns
[ Info: [DEBUG-ALG-INDEP] Selected 7 equations (current_rank=7)
[ Info: [DEBUG-ALG-INDEP] Returning: output_ids=[1, 2, 3, 4, 5, 6, 7], alg_indep has 0 vars
[ Info: Reduced polynomial system to 7 equations
┌ Info: [SI-MAP] Extending DerivativeData support for SI template
│   current_order = -1
└   required_order = 5
[ Info: Checking identifiability
┌ Warning: There are no parameters in the given ODE, thus no identifiabile
│ functions.
│ Use `find_identifiable_functions` with keyword `with_states=true` to
│ compute the functions with the ODE states included.
└ @ StructuralIdentifiability ~/ParameterEstimationBenchmark-local/environments/StructuralIdentifiability.jl/src/identifiable_functions.jl:97
┌ Info: [SI-STRUCTURAL] SIAN/SI template summary
│   template_equation_count = 7
│   derivative_symbol_count = 12
│   max_derivative_order = 5
│   structural_unidentifiable_count = 1
└   identifiable_function_count = 1
┌ Info: [SI-MAP] Classified symbolic SI support variables while converting SIAN output
│   counts =
│    Dict{Symbol, Int64} with 2 entries:
│      :state_jet        => 2
│      :measured_rhs_jet => 5
│   samples =
│    Dict{Symbol, Vector{String}} with 2 entries:
│      :state_jet        => ["x6_0", "x6_1"]
└      :measured_rhs_jet => ["x5_0", "x4_0", "x5_1", "x4_1", "x5_2"]
[ Info: Getting equation system from StructuralIdentifiability.jl
[ Info: Converting ODESystem to SI.jl format
┌ Warning: Floating point value -3.256459376268695 will be converted to -114109339//35040922.
└ @ ModelingToolkitSIExt ~/ParameterEstimationBenchmark-local/environments/StructuralIdentifiability.jl/ext/ModelingToolkitSIExt.jl:78
┌ Warning: Floating point value 8.0 will be converted to 8.
└ @ ModelingToolkitSIExt ~/ParameterEstimationBenchmark-local/environments/StructuralIdentifiability.jl/ext/ModelingToolkitSIExt.jl:78
┌ Warning: Floating point value 2.2167170019884224 will be converted to 172671029//77894936.
└ @ ModelingToolkitSIExt ~/ParameterEstimationBenchmark-local/environments/StructuralIdentifiability.jl/ext/ModelingToolkitSIExt.jl:78
┌ Warning: Floating point value 8.0 will be converted to 8.
└ @ ModelingToolkitSIExt ~/ParameterEstimationBenchmark-local/environments/StructuralIdentifiability.jl/ext/ModelingToolkitSIExt.jl:78
┌ Warning: Floating point value -0.007878154522116742 will be converted to -3834982//486786847.
└ @ ModelingToolkitSIExt ~/ParameterEstimationBenchmark-local/environments/StructuralIdentifiability.jl/ext/ModelingToolkitSIExt.jl:78
┌ Warning: Floating point value 0.21532738815507035 will be converted to 41929209//194723065.
└ @ ModelingToolkitSIExt ~/ParameterEstimationBenchmark-local/environments/StructuralIdentifiability.jl/ext/ModelingToolkitSIExt.jl:78
┌ Warning: Floating point value 0.5 will be converted to 1//2.
└ @ ModelingToolkitSIExt ~/ParameterEstimationBenchmark-local/environments/StructuralIdentifiability.jl/ext/ModelingToolkitSIExt.jl:78
┌ Warning: Floating point value 0.5 will be converted to 1//2.
└ @ ModelingToolkitSIExt ~/ParameterEstimationBenchmark-local/environments/StructuralIdentifiability.jl/ext/ModelingToolkitSIExt.jl:78
┌ Warning: Floating point value 3.256459376268695 will be converted to 114109339//35040922.
└ @ ModelingToolkitSIExt ~/ParameterEstimationBenchmark-local/environments/StructuralIdentifiability.jl/ext/ModelingToolkitSIExt.jl:78
┌ Warning: Floating point value 2.2167170019884224 will be converted to 172671029//77894936.
└ @ ModelingToolkitSIExt ~/ParameterEstimationBenchmark-local/environments/StructuralIdentifiability.jl/ext/ModelingToolkitSIExt.jl:78
┌ Warning: Floating point value 8.0 will be converted to 8.
└ @ ModelingToolkitSIExt ~/ParameterEstimationBenchmark-local/environments/StructuralIdentifiability.jl/ext/ModelingToolkitSIExt.jl:78
┌ Warning: Floating point value 0.5 will be converted to 1//2.
└ @ ModelingToolkitSIExt ~/ParameterEstimationBenchmark-local/environments/StructuralIdentifiability.jl/ext/ModelingToolkitSIExt.jl:78
┌ Warning: Floating point value -0.06309092565540114 will be converted to -20753834//328951173.
└ @ ModelingToolkitSIExt ~/ParameterEstimationBenchmark-local/environments/StructuralIdentifiability.jl/ext/ModelingToolkitSIExt.jl:78
┌ Warning: Floating point value -2.779450455328461 will be converted to -153294539//55152823.
└ @ ModelingToolkitSIExt ~/ParameterEstimationBenchmark-local/environments/StructuralIdentifiability.jl/ext/ModelingToolkitSIExt.jl:78
┌ Warning: Floating point value -0.5 will be converted to -1//2.
└ @ ModelingToolkitSIExt ~/ParameterEstimationBenchmark-local/environments/StructuralIdentifiability.jl/ext/ModelingToolkitSIExt.jl:78
┌ Warning: Floating point value 0.007878154522116742 will be converted to 3834982//486786847.
└ @ ModelingToolkitSIExt ~/ParameterEstimationBenchmark-local/environments/StructuralIdentifiability.jl/ext/ModelingToolkitSIExt.jl:78
┌ Warning: Floating point value 0.21532738815507035 will be converted to 41929209//194723065.
└ @ ModelingToolkitSIExt ~/ParameterEstimationBenchmark-local/environments/StructuralIdentifiability.jl/ext/ModelingToolkitSIExt.jl:78
┌ Warning: Floating point value 0.5 will be converted to 1//2.
└ @ ModelingToolkitSIExt ~/ParameterEstimationBenchmark-local/environments/StructuralIdentifiability.jl/ext/ModelingToolkitSIExt.jl:78
┌ Warning: Floating point value 0.5 will be converted to 1//2.
└ @ ModelingToolkitSIExt ~/ParameterEstimationBenchmark-local/environments/StructuralIdentifiability.jl/ext/ModelingToolkitSIExt.jl:78
┌ Warning: Floating point value 0.5 will be converted to 1//2.
└ @ ModelingToolkitSIExt ~/ParameterEstimationBenchmark-local/environments/StructuralIdentifiability.jl/ext/ModelingToolkitSIExt.jl:78
┌ Warning: Floating point value 0.12618185131080228 will be converted to 31320845//248219888.
└ @ ModelingToolkitSIExt ~/ParameterEstimationBenchmark-local/environments/StructuralIdentifiability.jl/ext/ModelingToolkitSIExt.jl:78
┌ Warning: Floating point value -2.779450455328461 will be converted to -153294539//55152823.
└ @ ModelingToolkitSIExt ~/ParameterEstimationBenchmark-local/environments/StructuralIdentifiability.jl/ext/ModelingToolkitSIExt.jl:78
┌ Warning: Floating point value -0.5 will be converted to -1//2.
└ @ ModelingToolkitSIExt ~/ParameterEstimationBenchmark-local/environments/StructuralIdentifiability.jl/ext/ModelingToolkitSIExt.jl:78
┌ Warning: Floating point value 8.0 will be converted to 8.
└ @ ModelingToolkitSIExt ~/ParameterEstimationBenchmark-local/environments/StructuralIdentifiability.jl/ext/ModelingToolkitSIExt.jl:78
┌ Warning: Floating point value 0.5 will be converted to 1//2.
└ @ ModelingToolkitSIExt ~/ParameterEstimationBenchmark-local/environments/StructuralIdentifiability.jl/ext/ModelingToolkitSIExt.jl:78
[ Info: Getting polynomial system from SIAN
[ Info: Built polynomial system with 9 equations
[ Info: [SI-TEMPLATE] algebraic_multiplicity M = 1  (setup 0.0s, Groebner 0.0s, quotient_basis 0.0s, ring: 8 vars × 10 polys)
[ Info: [DEBUG-ALG-INDEP] Input: 9 equations, 7 indeterminates
[ Info: [DEBUG-ALG-INDEP] Jacobian size: (9, 7)
[ Info: [DEBUG-ALG-INDEP] Jacobian rank: 7
[ Info: [DEBUG-ALG-INDEP] Found 7 pivot columns
[ Info: [DEBUG-ALG-INDEP] Selected 7 equations (current_rank=7)
[ Info: [DEBUG-ALG-INDEP] Returning: output_ids=[1, 2, 3, 4, 5, 6, 7], alg_indep has 0 vars
[ Info: Reduced polynomial system to 7 equations
┌ Info: [SI-MAP] Extending DerivativeData support for SI template
│   current_order = -1
└   required_order = 5
[ Info: Checking identifiability
┌ Warning: There are no parameters in the given ODE, thus no identifiabile
│ functions.
│ Use `find_identifiable_functions` with keyword `with_states=true` to
│ compute the functions with the ODE states included.
└ @ StructuralIdentifiability ~/ParameterEstimationBenchmark-local/environments/StructuralIdentifiability.jl/src/identifiable_functions.jl:97
[CAND 66] ok  max=457b  0.4s
[CAND 74] ok  max=442b  0.2s
[CAND 76] ok  max=438b  0.2s
[CAND 80] ok  max=454b  0.2s
[CAND 82] ok  max=433b  0.2s
┌ Info: [SI-STRUCTURAL] SIAN/SI template summary
│   template_equation_count = 7
│   derivative_symbol_count = 12
│   max_derivative_order = 5
│   structural_unidentifiable_count = 1
└   identifiable_function_count = 1
┌ Info: [SI-MAP] Classified symbolic SI support variables while converting SIAN output
│   counts =
│    Dict{Symbol, Int64} with 2 entries:
│      :state_jet        => 2
│      :measured_rhs_jet => 5
│   samples =
│    Dict{Symbol, Vector{String}} with 2 entries:
│      :state_jet        => ["x6_0", "x6_1"]
└      :measured_rhs_jet => ["x5_0", "x4_0", "x5_1", "x4_1", "x5_2"]
[ Info: Getting equation system from StructuralIdentifiability.jl
[ Info: Converting ODESystem to SI.jl format
┌ Warning: Floating point value -3.2560010836721807 will be converted to -151047235//46390413.
└ @ ModelingToolkitSIExt ~/ParameterEstimationBenchmark-local/environments/StructuralIdentifiability.jl/ext/ModelingToolkitSIExt.jl:78
┌ Warning: Floating point value 8.0 will be converted to 8.
└ @ ModelingToolkitSIExt ~/ParameterEstimationBenchmark-local/environments/StructuralIdentifiability.jl/ext/ModelingToolkitSIExt.jl:78
┌ Warning: Floating point value 2.2160076942891704 will be converted to 93606822//42241199.
└ @ ModelingToolkitSIExt ~/ParameterEstimationBenchmark-local/environments/StructuralIdentifiability.jl/ext/ModelingToolkitSIExt.jl:78
┌ Warning: Floating point value 8.0 will be converted to 8.
└ @ ModelingToolkitSIExt ~/ParameterEstimationBenchmark-local/environments/StructuralIdentifiability.jl/ext/ModelingToolkitSIExt.jl:78
┌ Warning: Floating point value -0.32234998310464263 will be converted to -39706687//123178809.
└ @ ModelingToolkitSIExt ~/ParameterEstimationBenchmark-local/environments/StructuralIdentifiability.jl/ext/ModelingToolkitSIExt.jl:78
┌ Warning: Floating point value 5.740149980950656 will be converted to 179638229//31295041.
└ @ ModelingToolkitSIExt ~/ParameterEstimationBenchmark-local/environments/StructuralIdentifiability.jl/ext/ModelingToolkitSIExt.jl:78
┌ Warning: Floating point value 0.5 will be converted to 1//2.
└ @ ModelingToolkitSIExt ~/ParameterEstimationBenchmark-local/environments/StructuralIdentifiability.jl/ext/ModelingToolkitSIExt.jl:78
┌ Warning: Floating point value 0.5 will be converted to 1//2.
└ @ ModelingToolkitSIExt ~/ParameterEstimationBenchmark-local/environments/StructuralIdentifiability.jl/ext/ModelingToolkitSIExt.jl:78
┌ Warning: Floating point value 3.2560010836721807 will be converted to 151047235//46390413.
└ @ ModelingToolkitSIExt ~/ParameterEstimationBenchmark-local/environments/StructuralIdentifiability.jl/ext/ModelingToolkitSIExt.jl:78
┌ Warning: Floating point value 2.2160076942891704 will be converted to 93606822//42241199.
└ @ ModelingToolkitSIExt ~/ParameterEstimationBenchmark-local/environments/StructuralIdentifiability.jl/ext/ModelingToolkitSIExt.jl:78
┌ Warning: Floating point value 8.0 will be converted to 8.
└ @ ModelingToolkitSIExt ~/ParameterEstimationBenchmark-local/environments/StructuralIdentifiability.jl/ext/ModelingToolkitSIExt.jl:78
┌ Warning: Floating point value 0.5 will be converted to 1//2.
└ @ ModelingToolkitSIExt ~/ParameterEstimationBenchmark-local/environments/StructuralIdentifiability.jl/ext/ModelingToolkitSIExt.jl:78
┌ Warning: Floating point value 0.012980971360639491 will be converted to 8788482//677028071.
└ @ ModelingToolkitSIExt ~/ParameterEstimationBenchmark-local/environments/StructuralIdentifiability.jl/ext/ModelingToolkitSIExt.jl:78
┌ Warning: Floating point value -5.407672248054719 will be converted to -367036988//67873379.
└ @ ModelingToolkitSIExt ~/ParameterEstimationBenchmark-local/environments/StructuralIdentifiability.jl/ext/ModelingToolkitSIExt.jl:78
┌ Warning: Floating point value -0.5 will be converted to -1//2.
└ @ ModelingToolkitSIExt ~/ParameterEstimationBenchmark-local/environments/StructuralIdentifiability.jl/ext/ModelingToolkitSIExt.jl:78
┌ Warning: Floating point value 0.32234998310464263 will be converted to 39706687//123178809.
└ @ ModelingToolkitSIExt ~/ParameterEstimationBenchmark-local/environments/StructuralIdentifiability.jl/ext/ModelingToolkitSIExt.jl:78
┌ Warning: Floating point value 5.740149980950656 will be converted to 179638229//31295041.
└ @ ModelingToolkitSIExt ~/ParameterEstimationBenchmark-local/environments/StructuralIdentifiability.jl/ext/ModelingToolkitSIExt.jl:78
┌ Warning: Floating point value 0.5 will be converted to 1//2.
└ @ ModelingToolkitSIExt ~/ParameterEstimationBenchmark-local/environments/StructuralIdentifiability.jl/ext/ModelingToolkitSIExt.jl:78
┌ Warning: Floating point value 0.5 will be converted to 1//2.
└ @ ModelingToolkitSIExt ~/ParameterEstimationBenchmark-local/environments/StructuralIdentifiability.jl/ext/ModelingToolkitSIExt.jl:78
┌ Warning: Floating point value 0.5 will be converted to 1//2.
└ @ ModelingToolkitSIExt ~/ParameterEstimationBenchmark-local/environments/StructuralIdentifiability.jl/ext/ModelingToolkitSIExt.jl:78
┌ Warning: Floating point value -0.025961942721278983 will be converted to -15725857//605727282.
└ @ ModelingToolkitSIExt ~/ParameterEstimationBenchmark-local/environments/StructuralIdentifiability.jl/ext/ModelingToolkitSIExt.jl:78
┌ Warning: Floating point value -5.407672248054719 will be converted to -367036988//67873379.
└ @ ModelingToolkitSIExt ~/ParameterEstimationBenchmark-local/environments/StructuralIdentifiability.jl/ext/ModelingToolkitSIExt.jl:78
┌ Warning: Floating point value -0.5 will be converted to -1//2.
└ @ ModelingToolkitSIExt ~/ParameterEstimationBenchmark-local/environments/StructuralIdentifiability.jl/ext/ModelingToolkitSIExt.jl:78
┌ Warning: Floating point value 8.0 will be converted to 8.
└ @ ModelingToolkitSIExt ~/ParameterEstimationBenchmark-local/environments/StructuralIdentifiability.jl/ext/ModelingToolkitSIExt.jl:78
┌ Warning: Floating point value 0.5 will be converted to 1//2.
└ @ ModelingToolkitSIExt ~/ParameterEstimationBenchmark-local/environments/StructuralIdentifiability.jl/ext/ModelingToolkitSIExt.jl:78
[ Info: Getting polynomial system from SIAN
[ Info: Built polynomial system with 9 equations
[ Info: [SI-TEMPLATE] algebraic_multiplicity M = 1  (setup 0.0s, Groebner 0.0s, quotient_basis 0.0s, ring: 8 vars × 10 polys)
[ Info: [DEBUG-ALG-INDEP] Input: 9 equations, 7 indeterminates
[ Info: [DEBUG-ALG-INDEP] Jacobian size: (9, 7)
[ Info: [DEBUG-ALG-INDEP] Jacobian rank: 7
[ Info: [DEBUG-ALG-INDEP] Found 7 pivot columns
[ Info: [DEBUG-ALG-INDEP] Selected 7 equations (current_rank=7)
[ Info: [DEBUG-ALG-INDEP] Returning: output_ids=[1, 2, 3, 4, 5, 6, 7], alg_indep has 0 vars
[ Info: Reduced polynomial system to 7 equations
┌ Info: [SI-MAP] Extending DerivativeData support for SI template
│   current_order = -1
└   required_order = 5
[ Info: Checking identifiability
┌ Warning: There are no parameters in the given ODE, thus no identifiabile
│ functions.
│ Use `find_identifiable_functions` with keyword `with_states=true` to
│ compute the functions with the ODE states included.
└ @ StructuralIdentifiability ~/ParameterEstimationBenchmark-local/environments/StructuralIdentifiability.jl/src/identifiable_functions.jl:97
┌ Info: [SI-STRUCTURAL] SIAN/SI template summary
│   template_equation_count = 7
│   derivative_symbol_count = 12
│   max_derivative_order = 5
│   structural_unidentifiable_count = 1
└   identifiable_function_count = 1
┌ Info: [SI-MAP] Classified symbolic SI support variables while converting SIAN output
│   counts =
│    Dict{Symbol, Int64} with 2 entries:
│      :state_jet        => 2
│      :measured_rhs_jet => 5
│   samples =
│    Dict{Symbol, Vector{String}} with 2 entries:
│      :state_jet        => ["x6_0", "x6_1"]
└      :measured_rhs_jet => ["x5_0", "x4_0", "x5_1", "x4_1", "x5_2"]
[ Info: Getting equation system from StructuralIdentifiability.jl
[ Info: Converting ODESystem to SI.jl format
┌ Warning: Floating point value -3.25600467135942 will be converted to -187296127//57523298.
└ @ ModelingToolkitSIExt ~/ParameterEstimationBenchmark-local/environments/StructuralIdentifiability.jl/ext/ModelingToolkitSIExt.jl:78
┌ Warning: Floating point value 8.0 will be converted to 8.
└ @ ModelingToolkitSIExt ~/ParameterEstimationBenchmark-local/environments/StructuralIdentifiability.jl/ext/ModelingToolkitSIExt.jl:78
┌ Warning: Floating point value 2.2160132470172766 will be converted to 79762321//35993612.
└ @ ModelingToolkitSIExt ~/ParameterEstimationBenchmark-local/environments/StructuralIdentifiability.jl/ext/ModelingToolkitSIExt.jl:78
┌ Warning: Floating point value 8.0 will be converted to 8.
└ @ ModelingToolkitSIExt ~/ParameterEstimationBenchmark-local/environments/StructuralIdentifiability.jl/ext/ModelingToolkitSIExt.jl:78
┌ Warning: Floating point value -0.43954371338986875 will be converted to -32733568//74471701.
└ @ ModelingToolkitSIExt ~/ParameterEstimationBenchmark-local/environments/StructuralIdentifiability.jl/ext/ModelingToolkitSIExt.jl:78
┌ Warning: Floating point value 9.037819971249837 will be converted to 236918434//26214113.
└ @ ModelingToolkitSIExt ~/ParameterEstimationBenchmark-local/environments/StructuralIdentifiability.jl/ext/ModelingToolkitSIExt.jl:78
┌ Warning: Floating point value 0.5 will be converted to 1//2.
└ @ ModelingToolkitSIExt ~/ParameterEstimationBenchmark-local/environments/StructuralIdentifiability.jl/ext/ModelingToolkitSIExt.jl:78
┌ Warning: Floating point value 0.5 will be converted to 1//2.
└ @ ModelingToolkitSIExt ~/ParameterEstimationBenchmark-local/environments/StructuralIdentifiability.jl/ext/ModelingToolkitSIExt.jl:78
┌ Warning: Floating point value 3.25600467135942 will be converted to 187296127//57523298.
└ @ ModelingToolkitSIExt ~/ParameterEstimationBenchmark-local/environments/StructuralIdentifiability.jl/ext/ModelingToolkitSIExt.jl:78
┌ Warning: Floating point value 2.2160132470172766 will be converted to 79762321//35993612.
└ @ ModelingToolkitSIExt ~/ParameterEstimationBenchmark-local/environments/StructuralIdentifiability.jl/ext/ModelingToolkitSIExt.jl:78
┌ Warning: Floating point value 8.0 will be converted to 8.
└ @ ModelingToolkitSIExt ~/ParameterEstimationBenchmark-local/environments/StructuralIdentifiability.jl/ext/ModelingToolkitSIExt.jl:78
┌ Warning: Floating point value 0.5 will be converted to 1//2.
└ @ ModelingToolkitSIExt ~/ParameterEstimationBenchmark-local/environments/StructuralIdentifiability.jl/ext/ModelingToolkitSIExt.jl:78
┌ Warning: Floating point value 0.008331050358389056 will be converted to 315991//37929311.
└ @ ModelingToolkitSIExt ~/ParameterEstimationBenchmark-local/environments/StructuralIdentifiability.jl/ext/ModelingToolkitSIExt.jl:78
┌ Warning: Floating point value -9.297868708093908 will be converted to -113173723//12172007.
└ @ ModelingToolkitSIExt ~/ParameterEstimationBenchmark-local/environments/StructuralIdentifiability.jl/ext/ModelingToolkitSIExt.jl:78
┌ Warning: Floating point value -0.5 will be converted to -1//2.
└ @ ModelingToolkitSIExt ~/ParameterEstimationBenchmark-local/environments/StructuralIdentifiability.jl/ext/ModelingToolkitSIExt.jl:78
┌ Warning: Floating point value 0.43954371338986875 will be converted to 32733568//74471701.
└ @ ModelingToolkitSIExt ~/ParameterEstimationBenchmark-local/environments/StructuralIdentifiability.jl/ext/ModelingToolkitSIExt.jl:78
┌ Warning: Floating point value 9.037819971249837 will be converted to 236918434//26214113.
└ @ ModelingToolkitSIExt ~/ParameterEstimationBenchmark-local/environments/StructuralIdentifiability.jl/ext/ModelingToolkitSIExt.jl:78
┌ Warning: Floating point value 0.5 will be converted to 1//2.
└ @ ModelingToolkitSIExt ~/ParameterEstimationBenchmark-local/environments/StructuralIdentifiability.jl/ext/ModelingToolkitSIExt.jl:78
┌ Warning: Floating point value 0.5 will be converted to 1//2.
└ @ ModelingToolkitSIExt ~/ParameterEstimationBenchmark-local/environments/StructuralIdentifiability.jl/ext/ModelingToolkitSIExt.jl:78
┌ Warning: Floating point value 0.5 will be converted to 1//2.
└ @ ModelingToolkitSIExt ~/ParameterEstimationBenchmark-local/environments/StructuralIdentifiability.jl/ext/ModelingToolkitSIExt.jl:78
┌ Warning: Floating point value -0.01666210071677811 will be converted to -631982//37929311.
└ @ ModelingToolkitSIExt ~/ParameterEstimationBenchmark-local/environments/StructuralIdentifiability.jl/ext/ModelingToolkitSIExt.jl:78
┌ Warning: Floating point value -9.297868708093908 will be converted to -113173723//12172007.
└ @ ModelingToolkitSIExt ~/ParameterEstimationBenchmark-local/environments/StructuralIdentifiability.jl/ext/ModelingToolkitSIExt.jl:78
┌ Warning: Floating point value -0.5 will be converted to -1//2.
└ @ ModelingToolkitSIExt ~/ParameterEstimationBenchmark-local/environments/StructuralIdentifiability.jl/ext/ModelingToolkitSIExt.jl:78
┌ Warning: Floating point value 8.0 will be converted to 8.
└ @ ModelingToolkitSIExt ~/ParameterEstimationBenchmark-local/environments/StructuralIdentifiability.jl/ext/ModelingToolkitSIExt.jl:78
┌ Warning: Floating point value 0.5 will be converted to 1//2.
└ @ ModelingToolkitSIExt ~/ParameterEstimationBenchmark-local/environments/StructuralIdentifiability.jl/ext/ModelingToolkitSIExt.jl:78
[ Info: Getting polynomial system from SIAN
[ Info: Built polynomial system with 9 equations
[ Info: [SI-TEMPLATE] algebraic_multiplicity M = 1  (setup 0.0s, Groebner 0.0s, quotient_basis 0.0s, ring: 8 vars × 10 polys)
[ Info: [DEBUG-ALG-INDEP] Input: 9 equations, 7 indeterminates
[ Info: [DEBUG-ALG-INDEP] Jacobian size: (9, 7)
[ Info: [DEBUG-ALG-INDEP] Jacobian rank: 7
[ Info: [DEBUG-ALG-INDEP] Found 7 pivot columns
[ Info: [DEBUG-ALG-INDEP] Selected 7 equations (current_rank=7)
[ Info: [DEBUG-ALG-INDEP] Returning: output_ids=[1, 2, 3, 4, 5, 6, 7], alg_indep has 0 vars
[ Info: Reduced polynomial system to 7 equations
┌ Info: [SI-MAP] Extending DerivativeData support for SI template
│   current_order = -1
└   required_order = 5
[ Info: Checking identifiability
┌ Warning: There are no parameters in the given ODE, thus no identifiabile
│ functions.
│ Use `find_identifiable_functions` with keyword `with_states=true` to
│ compute the functions with the ODE states included.
└ @ StructuralIdentifiability ~/ParameterEstimationBenchmark-local/environments/StructuralIdentifiability.jl/src/identifiable_functions.jl:97
┌ Info: [SI-STRUCTURAL] SIAN/SI template summary
│   template_equation_count = 7
│   derivative_symbol_count = 12
│   max_derivative_order = 5
│   structural_unidentifiable_count = 1
└   identifiable_function_count = 1
┌ Info: [SI-MAP] Classified symbolic SI support variables while converting SIAN output
│   counts =
│    Dict{Symbol, Int64} with 2 entries:
│      :state_jet        => 2
│      :measured_rhs_jet => 5
│   samples =
│    Dict{Symbol, Vector{String}} with 2 entries:
│      :state_jet        => ["x6_0", "x6_1"]
└      :measured_rhs_jet => ["x5_0", "x4_0", "x5_1", "x4_1", "x5_2"]
[ Info: Getting equation system from StructuralIdentifiability.jl
[ Info: Converting ODESystem to SI.jl format
┌ Warning: Floating point value -3.2560071533269332 will be converted to -162850269//50015329.
└ @ ModelingToolkitSIExt ~/ParameterEstimationBenchmark-local/environments/StructuralIdentifiability.jl/ext/ModelingToolkitSIExt.jl:78
┌ Warning: Floating point value 8.0 will be converted to 8.
└ @ ModelingToolkitSIExt ~/ParameterEstimationBenchmark-local/environments/StructuralIdentifiability.jl/ext/ModelingToolkitSIExt.jl:78
┌ Warning: Floating point value 2.2160170884030634 will be converted to 71611144//32315249.
└ @ ModelingToolkitSIExt ~/ParameterEstimationBenchmark-local/environments/StructuralIdentifiability.jl/ext/ModelingToolkitSIExt.jl:78
┌ Warning: Floating point value 8.0 will be converted to 8.
└ @ ModelingToolkitSIExt ~/ParameterEstimationBenchmark-local/environments/StructuralIdentifiability.jl/ext/ModelingToolkitSIExt.jl:78
┌ Warning: Floating point value -0.1482289533400319 will be converted to -84773483//571909071.
└ @ ModelingToolkitSIExt ~/ParameterEstimationBenchmark-local/environments/StructuralIdentifiability.jl/ext/ModelingToolkitSIExt.jl:78
┌ Warning: Floating point value 0.9070810253663251 will be converted to 77732479//85695188.
└ @ ModelingToolkitSIExt ~/ParameterEstimationBenchmark-local/environments/StructuralIdentifiability.jl/ext/ModelingToolkitSIExt.jl:78
┌ Warning: Floating point value 0.5 will be converted to 1//2.
└ @ ModelingToolkitSIExt ~/ParameterEstimationBenchmark-local/environments/StructuralIdentifiability.jl/ext/ModelingToolkitSIExt.jl:78
┌ Warning: Floating point value 0.5 will be converted to 1//2.
└ @ ModelingToolkitSIExt ~/ParameterEstimationBenchmark-local/environments/StructuralIdentifiability.jl/ext/ModelingToolkitSIExt.jl:78
┌ Warning: Floating point value 3.2560071533269332 will be converted to 162850269//50015329.
└ @ ModelingToolkitSIExt ~/ParameterEstimationBenchmark-local/environments/StructuralIdentifiability.jl/ext/ModelingToolkitSIExt.jl:78
┌ Warning: Floating point value 2.2160170884030634 will be converted to 71611144//32315249.
└ @ ModelingToolkitSIExt ~/ParameterEstimationBenchmark-local/environments/StructuralIdentifiability.jl/ext/ModelingToolkitSIExt.jl:78
┌ Warning: Floating point value 8.0 will be converted to 8.
└ @ ModelingToolkitSIExt ~/ParameterEstimationBenchmark-local/environments/StructuralIdentifiability.jl/ext/ModelingToolkitSIExt.jl:78
┌ Warning: Floating point value 0.5 will be converted to 1//2.
└ @ ModelingToolkitSIExt ~/ParameterEstimationBenchmark-local/environments/StructuralIdentifiability.jl/ext/ModelingToolkitSIExt.jl:78
┌ Warning: Floating point value 0.029961905865330894 will be converted to 11327415//378060563.
└ @ ModelingToolkitSIExt ~/ParameterEstimationBenchmark-local/environments/StructuralIdentifiability.jl/ext/ModelingToolkitSIExt.jl:78
┌ Warning: Floating point value -1.8384901998809176 will be converted to -221195073//120313436.
└ @ ModelingToolkitSIExt ~/ParameterEstimationBenchmark-local/environments/StructuralIdentifiability.jl/ext/ModelingToolkitSIExt.jl:78
┌ Warning: Floating point value -0.5 will be converted to -1//2.
└ @ ModelingToolkitSIExt ~/ParameterEstimationBenchmark-local/environments/StructuralIdentifiability.jl/ext/ModelingToolkitSIExt.jl:78
┌ Warning: Floating point value 0.1482289533400319 will be converted to 84773483//571909071.
└ @ ModelingToolkitSIExt ~/ParameterEstimationBenchmark-local/environments/StructuralIdentifiability.jl/ext/ModelingToolkitSIExt.jl:78
┌ Warning: Floating point value 0.9070810253663251 will be converted to 77732479//85695188.
└ @ ModelingToolkitSIExt ~/ParameterEstimationBenchmark-local/environments/StructuralIdentifiability.jl/ext/ModelingToolkitSIExt.jl:78
┌ Warning: Floating point value 0.5 will be converted to 1//2.
└ @ ModelingToolkitSIExt ~/ParameterEstimationBenchmark-local/environments/StructuralIdentifiability.jl/ext/ModelingToolkitSIExt.jl:78
┌ Warning: Floating point value 0.5 will be converted to 1//2.
└ @ ModelingToolkitSIExt ~/ParameterEstimationBenchmark-local/environments/StructuralIdentifiability.jl/ext/ModelingToolkitSIExt.jl:78
┌ Warning: Floating point value 0.5 will be converted to 1//2.
└ @ ModelingToolkitSIExt ~/ParameterEstimationBenchmark-local/environments/StructuralIdentifiability.jl/ext/ModelingToolkitSIExt.jl:78
┌ Warning: Floating point value -0.05992381173066179 will be converted to -22169687//369964566.
└ @ ModelingToolkitSIExt ~/ParameterEstimationBenchmark-local/environments/StructuralIdentifiability.jl/ext/ModelingToolkitSIExt.jl:78
┌ Warning: Floating point value -1.8384901998809176 will be converted to -221195073//120313436.
└ @ ModelingToolkitSIExt ~/ParameterEstimationBenchmark-local/environments/StructuralIdentifiability.jl/ext/ModelingToolkitSIExt.jl:78
┌ Warning: Floating point value -0.5 will be converted to -1//2.
└ @ ModelingToolkitSIExt ~/ParameterEstimationBenchmark-local/environments/StructuralIdentifiability.jl/ext/ModelingToolkitSIExt.jl:78
┌ Warning: Floating point value 8.0 will be converted to 8.
└ @ ModelingToolkitSIExt ~/ParameterEstimationBenchmark-local/environments/StructuralIdentifiability.jl/ext/ModelingToolkitSIExt.jl:78
┌ Warning: Floating point value 0.5 will be converted to 1//2.
└ @ ModelingToolkitSIExt ~/ParameterEstimationBenchmark-local/environments/StructuralIdentifiability.jl/ext/ModelingToolkitSIExt.jl:78
[ Info: Getting polynomial system from SIAN
[ Info: Built polynomial system with 9 equations
[ Info: [SI-TEMPLATE] algebraic_multiplicity M = 1  (setup 0.0s, Groebner 0.0s, quotient_basis 0.0s, ring: 8 vars × 10 polys)
[ Info: [DEBUG-ALG-INDEP] Input: 9 equations, 7 indeterminates
[ Info: [DEBUG-ALG-INDEP] Jacobian size: (9, 7)
[ Info: [DEBUG-ALG-INDEP] Jacobian rank: 7
[ Info: [DEBUG-ALG-INDEP] Found 7 pivot columns
[ Info: [DEBUG-ALG-INDEP] Selected 7 equations (current_rank=7)
[ Info: [DEBUG-ALG-INDEP] Returning: output_ids=[1, 2, 3, 4, 5, 6, 7], alg_indep has 0 vars
[ Info: Reduced polynomial system to 7 equations
┌ Info: [SI-MAP] Extending DerivativeData support for SI template
│   current_order = -1
└   required_order = 5
[ Info: Checking identifiability
┌ Warning: There are no parameters in the given ODE, thus no identifiabile
│ functions.
│ Use `find_identifiable_functions` with keyword `with_states=true` to
│ compute the functions with the ODE states included.
└ @ StructuralIdentifiability ~/ParameterEstimationBenchmark-local/environments/StructuralIdentifiability.jl/src/identifiable_functions.jl:97
┌ Info: [SI-STRUCTURAL] SIAN/SI template summary
│   template_equation_count = 7
│   derivative_symbol_count = 12
│   max_derivative_order = 5
│   structural_unidentifiable_count = 1
└   identifiable_function_count = 1
┌ Info: [SI-MAP] Classified symbolic SI support variables while converting SIAN output
│   counts =
│    Dict{Symbol, Int64} with 2 entries:
│      :state_jet        => 2
│      :measured_rhs_jet => 5
│   samples =
│    Dict{Symbol, Vector{String}} with 2 entries:
│      :state_jet        => ["x6_0", "x6_1"]
└      :measured_rhs_jet => ["x5_0", "x4_0", "x5_1", "x4_1", "x5_2"]
[ Info: Getting equation system from StructuralIdentifiability.jl
[ Info: Converting ODESystem to SI.jl format
┌ Warning: Floating point value -3.2560071533269332 will be converted to -162850269//50015329.
└ @ ModelingToolkitSIExt ~/ParameterEstimationBenchmark-local/environments/StructuralIdentifiability.jl/ext/ModelingToolkitSIExt.jl:78
┌ Warning: Floating point value 8.0 will be converted to 8.
└ @ ModelingToolkitSIExt ~/ParameterEstimationBenchmark-local/environments/StructuralIdentifiability.jl/ext/ModelingToolkitSIExt.jl:78
┌ Warning: Floating point value 2.2160170884030634 will be converted to 71611144//32315249.
└ @ ModelingToolkitSIExt ~/ParameterEstimationBenchmark-local/environments/StructuralIdentifiability.jl/ext/ModelingToolkitSIExt.jl:78
┌ Warning: Floating point value 8.0 will be converted to 8.
└ @ ModelingToolkitSIExt ~/ParameterEstimationBenchmark-local/environments/StructuralIdentifiability.jl/ext/ModelingToolkitSIExt.jl:78
┌ Warning: Floating point value -0.5225976213106377 will be converted to -56326991//107782716.
└ @ ModelingToolkitSIExt ~/ParameterEstimationBenchmark-local/environments/StructuralIdentifiability.jl/ext/ModelingToolkitSIExt.jl:78
┌ Warning: Floating point value 11.363886899151447 will be converted to 290512223//25564512.
└ @ ModelingToolkitSIExt ~/ParameterEstimationBenchmark-local/environments/StructuralIdentifiability.jl/ext/ModelingToolkitSIExt.jl:78
┌ Warning: Floating point value 0.5 will be converted to 1//2.
└ @ ModelingToolkitSIExt ~/ParameterEstimationBenchmark-local/environments/StructuralIdentifiability.jl/ext/ModelingToolkitSIExt.jl:78
┌ Warning: Floating point value 0.5 will be converted to 1//2.
└ @ ModelingToolkitSIExt ~/ParameterEstimationBenchmark-local/environments/StructuralIdentifiability.jl/ext/ModelingToolkitSIExt.jl:78
┌ Warning: Floating point value 3.2560071533269332 will be converted to 162850269//50015329.
└ @ ModelingToolkitSIExt ~/ParameterEstimationBenchmark-local/environments/StructuralIdentifiability.jl/ext/ModelingToolkitSIExt.jl:78
┌ Warning: Floating point value 2.2160170884030634 will be converted to 71611144//32315249.
└ @ ModelingToolkitSIExt ~/ParameterEstimationBenchmark-local/environments/StructuralIdentifiability.jl/ext/ModelingToolkitSIExt.jl:78
┌ Warning: Floating point value 8.0 will be converted to 8.
└ @ ModelingToolkitSIExt ~/ParameterEstimationBenchmark-local/environments/StructuralIdentifiability.jl/ext/ModelingToolkitSIExt.jl:78
┌ Warning: Floating point value 0.5 will be converted to 1//2.
└ @ ModelingToolkitSIExt ~/ParameterEstimationBenchmark-local/environments/StructuralIdentifiability.jl/ext/ModelingToolkitSIExt.jl:78
┌ Warning: Floating point value 0.00664194762102113 will be converted to 1924790//289793011.
└ @ ModelingToolkitSIExt ~/ParameterEstimationBenchmark-local/environments/StructuralIdentifiability.jl/ext/ModelingToolkitSIExt.jl:78
┌ Warning: Floating point value -12.036470213957964 will be converted to -48919862//4064303.
└ @ ModelingToolkitSIExt ~/ParameterEstimationBenchmark-local/environments/StructuralIdentifiability.jl/ext/ModelingToolkitSIExt.jl:78
┌ Warning: Floating point value -0.5 will be converted to -1//2.
└ @ ModelingToolkitSIExt ~/ParameterEstimationBenchmark-local/environments/StructuralIdentifiability.jl/ext/ModelingToolkitSIExt.jl:78
┌ Warning: Floating point value 0.5225976213106377 will be converted to 56326991//107782716.
└ @ ModelingToolkitSIExt ~/ParameterEstimationBenchmark-local/environments/StructuralIdentifiability.jl/ext/ModelingToolkitSIExt.jl:78
┌ Warning: Floating point value 11.363886899151447 will be converted to 290512223//25564512.
└ @ ModelingToolkitSIExt ~/ParameterEstimationBenchmark-local/environments/StructuralIdentifiability.jl/ext/ModelingToolkitSIExt.jl:78
┌ Warning: Floating point value 0.5 will be converted to 1//2.
└ @ ModelingToolkitSIExt ~/ParameterEstimationBenchmark-local/environments/StructuralIdentifiability.jl/ext/ModelingToolkitSIExt.jl:78
┌ Warning: Floating point value 0.5 will be converted to 1//2.
└ @ ModelingToolkitSIExt ~/ParameterEstimationBenchmark-local/environments/StructuralIdentifiability.jl/ext/ModelingToolkitSIExt.jl:78
┌ Warning: Floating point value 0.5 will be converted to 1//2.
└ @ ModelingToolkitSIExt ~/ParameterEstimationBenchmark-local/environments/StructuralIdentifiability.jl/ext/ModelingToolkitSIExt.jl:78
┌ Warning: Floating point value -0.01328389524204226 will be converted to -3849580//289793011.
└ @ ModelingToolkitSIExt ~/ParameterEstimationBenchmark-local/environments/StructuralIdentifiability.jl/ext/ModelingToolkitSIExt.jl:78
┌ Warning: Floating point value -12.036470213957964 will be converted to -48919862//4064303.
└ @ ModelingToolkitSIExt ~/ParameterEstimationBenchmark-local/environments/StructuralIdentifiability.jl/ext/ModelingToolkitSIExt.jl:78
┌ Warning: Floating point value -0.5 will be converted to -1//2.
└ @ ModelingToolkitSIExt ~/ParameterEstimationBenchmark-local/environments/StructuralIdentifiability.jl/ext/ModelingToolkitSIExt.jl:78
┌ Warning: Floating point value 8.0 will be converted to 8.
└ @ ModelingToolkitSIExt ~/ParameterEstimationBenchmark-local/environments/StructuralIdentifiability.jl/ext/ModelingToolkitSIExt.jl:78
┌ Warning: Floating point value 0.5 will be converted to 1//2.
└ @ ModelingToolkitSIExt ~/ParameterEstimationBenchmark-local/environments/StructuralIdentifiability.jl/ext/ModelingToolkitSIExt.jl:78
[ Info: Getting polynomial system from SIAN
[ Info: Built polynomial system with 9 equations
[ Info: [SI-TEMPLATE] algebraic_multiplicity M = 1  (setup 0.0s, Groebner 0.0s, quotient_basis 0.0s, ring: 8 vars × 10 polys)
[ Info: [DEBUG-ALG-INDEP] Input: 9 equations, 7 indeterminates
[ Info: [DEBUG-ALG-INDEP] Jacobian size: (9, 7)
[ Info: [DEBUG-ALG-INDEP] Jacobian rank: 7
[ Info: [DEBUG-ALG-INDEP] Found 7 pivot columns
[ Info: [DEBUG-ALG-INDEP] Selected 7 equations (current_rank=7)
[ Info: [DEBUG-ALG-INDEP] Returning: output_ids=[1, 2, 3, 4, 5, 6, 7], alg_indep has 0 vars
[ Info: Reduced polynomial system to 7 equations
┌ Info: [SI-MAP] Extending DerivativeData support for SI template
│   current_order = -1
└   required_order = 5
[ Info: Checking identifiability
┌ Warning: There are no parameters in the given ODE, thus no identifiabile
│ functions.
│ Use `find_identifiable_functions` with keyword `with_states=true` to
│ compute the functions with the ODE states included.
└ @ StructuralIdentifiability ~/ParameterEstimationBenchmark-local/environments/StructuralIdentifiability.jl/src/identifiable_functions.jl:97
┌ Info: [SI-STRUCTURAL] SIAN/SI template summary
│   template_equation_count = 7
│   derivative_symbol_count = 12
│   max_derivative_order = 5
│   structural_unidentifiable_count = 1
└   identifiable_function_count = 1
┌ Info: [SI-MAP] Classified symbolic SI support variables while converting SIAN output
│   counts =
│    Dict{Symbol, Int64} with 2 entries:
│      :state_jet        => 2
│      :measured_rhs_jet => 5
│   samples =
│    Dict{Symbol, Vector{String}} with 2 entries:
│      :state_jet        => ["x6_0", "x6_1"]
└      :measured_rhs_jet => ["x5_0", "x4_0", "x5_1", "x4_1", "x5_2"]
[ Info: Getting equation system from StructuralIdentifiability.jl
[ Info: Converting ODESystem to SI.jl format
┌ Warning: Floating point value -3.256008685846143 will be converted to -165815723//50926069.
└ @ ModelingToolkitSIExt ~/ParameterEstimationBenchmark-local/environments/StructuralIdentifiability.jl/ext/ModelingToolkitSIExt.jl:78
┌ Warning: Floating point value 8.0 will be converted to 8.
└ @ ModelingToolkitSIExt ~/ParameterEstimationBenchmark-local/environments/StructuralIdentifiability.jl/ext/ModelingToolkitSIExt.jl:78
┌ Warning: Floating point value 2.2160194603106236 will be converted to 68434508//30881727.
└ @ ModelingToolkitSIExt ~/ParameterEstimationBenchmark-local/environments/StructuralIdentifiability.jl/ext/ModelingToolkitSIExt.jl:78
┌ Warning: Floating point value 8.0 will be converted to 8.
└ @ ModelingToolkitSIExt ~/ParameterEstimationBenchmark-local/environments/StructuralIdentifiability.jl/ext/ModelingToolkitSIExt.jl:78
┌ Warning: Floating point value -0.14677489644574715 will be converted to -37553873//255860327.
└ @ ModelingToolkitSIExt ~/ParameterEstimationBenchmark-local/environments/StructuralIdentifiability.jl/ext/ModelingToolkitSIExt.jl:78
┌ Warning: Floating point value 0.930844993008934 will be converted to 74438935//79969206.
└ @ ModelingToolkitSIExt ~/ParameterEstimationBenchmark-local/environments/StructuralIdentifiability.jl/ext/ModelingToolkitSIExt.jl:78
┌ Warning: Floating point value 0.5 will be converted to 1//2.
└ @ ModelingToolkitSIExt ~/ParameterEstimationBenchmark-local/environments/StructuralIdentifiability.jl/ext/ModelingToolkitSIExt.jl:78
┌ Warning: Floating point value 0.5 will be converted to 1//2.
└ @ ModelingToolkitSIExt ~/ParameterEstimationBenchmark-local/environments/StructuralIdentifiability.jl/ext/ModelingToolkitSIExt.jl:78
┌ Warning: Floating point value 3.256008685846143 will be converted to 165815723//50926069.
└ @ ModelingToolkitSIExt ~/ParameterEstimationBenchmark-local/environments/StructuralIdentifiability.jl/ext/ModelingToolkitSIExt.jl:78
┌ Warning: Floating point value 2.2160194603106236 will be converted to 68434508//30881727.
└ @ ModelingToolkitSIExt ~/ParameterEstimationBenchmark-local/environments/StructuralIdentifiability.jl/ext/ModelingToolkitSIExt.jl:78
┌ Warning: Floating point value 8.0 will be converted to 8.
└ @ ModelingToolkitSIExt ~/ParameterEstimationBenchmark-local/environments/StructuralIdentifiability.jl/ext/ModelingToolkitSIExt.jl:78
┌ Warning: Floating point value 0.5 will be converted to 1//2.
└ @ ModelingToolkitSIExt ~/ParameterEstimationBenchmark-local/environments/StructuralIdentifiability.jl/ext/ModelingToolkitSIExt.jl:78
┌ Warning: Floating point value 0.02520644442673393 will be converted to 14584489//578601597.
└ @ ModelingToolkitSIExt ~/ParameterEstimationBenchmark-local/environments/StructuralIdentifiability.jl/ext/ModelingToolkitSIExt.jl:78
[CAND 84] ok  max=438b  0.2s
[CAND 85] ok  max=448b  0.2s
[CAND 87] ok  max=441b  0.4s
[CAND 88] ok  max=437b  0.2s
┌ Warning: Floating point value -2.665394760835515 will be converted to -109700012//41157135.
└ @ ModelingToolkitSIExt ~/ParameterEstimationBenchmark-local/environments/StructuralIdentifiability.jl/ext/ModelingToolkitSIExt.jl:78
┌ Warning: Floating point value -0.5 will be converted to -1//2.
└ @ ModelingToolkitSIExt ~/ParameterEstimationBenchmark-local/environments/StructuralIdentifiability.jl/ext/ModelingToolkitSIExt.jl:78
┌ Warning: Floating point value 0.14677489644574715 will be converted to 37553873//255860327.
└ @ ModelingToolkitSIExt ~/ParameterEstimationBenchmark-local/environments/StructuralIdentifiability.jl/ext/ModelingToolkitSIExt.jl:78
┌ Warning: Floating point value 0.930844993008934 will be converted to 74438935//79969206.
└ @ ModelingToolkitSIExt ~/ParameterEstimationBenchmark-local/environments/StructuralIdentifiability.jl/ext/ModelingToolkitSIExt.jl:78
┌ Warning: Floating point value 0.5 will be converted to 1//2.
└ @ ModelingToolkitSIExt ~/ParameterEstimationBenchmark-local/environments/StructuralIdentifiability.jl/ext/ModelingToolkitSIExt.jl:78
┌ Warning: Floating point value 0.5 will be converted to 1//2.
└ @ ModelingToolkitSIExt ~/ParameterEstimationBenchmark-local/environments/StructuralIdentifiability.jl/ext/ModelingToolkitSIExt.jl:78
┌ Warning: Floating point value 0.5 will be converted to 1//2.
└ @ ModelingToolkitSIExt ~/ParameterEstimationBenchmark-local/environments/StructuralIdentifiability.jl/ext/ModelingToolkitSIExt.jl:78
┌ Warning: Floating point value -0.05041288885346786 will be converted to -18936149//375621184.
└ @ ModelingToolkitSIExt ~/ParameterEstimationBenchmark-local/environments/StructuralIdentifiability.jl/ext/ModelingToolkitSIExt.jl:78
┌ Warning: Floating point value -2.665394760835515 will be converted to -109700012//41157135.
└ @ ModelingToolkitSIExt ~/ParameterEstimationBenchmark-local/environments/StructuralIdentifiability.jl/ext/ModelingToolkitSIExt.jl:78
┌ Warning: Floating point value -0.5 will be converted to -1//2.
└ @ ModelingToolkitSIExt ~/ParameterEstimationBenchmark-local/environments/StructuralIdentifiability.jl/ext/ModelingToolkitSIExt.jl:78
┌ Warning: Floating point value 8.0 will be converted to 8.
└ @ ModelingToolkitSIExt ~/ParameterEstimationBenchmark-local/environments/StructuralIdentifiability.jl/ext/ModelingToolkitSIExt.jl:78
┌ Warning: Floating point value 0.5 will be converted to 1//2.
└ @ ModelingToolkitSIExt ~/ParameterEstimationBenchmark-local/environments/StructuralIdentifiability.jl/ext/ModelingToolkitSIExt.jl:78
[ Info: Getting polynomial system from SIAN
[ Info: Built polynomial system with 9 equations
[ Info: [SI-TEMPLATE] algebraic_multiplicity M = 1  (setup 0.0s, Groebner 0.0s, quotient_basis 0.0s, ring: 8 vars × 10 polys)
[ Info: [DEBUG-ALG-INDEP] Input: 9 equations, 7 indeterminates
[ Info: [DEBUG-ALG-INDEP] Jacobian size: (9, 7)
[ Info: [DEBUG-ALG-INDEP] Jacobian rank: 7
[ Info: [DEBUG-ALG-INDEP] Found 7 pivot columns
[ Info: [DEBUG-ALG-INDEP] Selected 7 equations (current_rank=7)
[ Info: [DEBUG-ALG-INDEP] Returning: output_ids=[1, 2, 3, 4, 5, 6, 7], alg_indep has 0 vars
[ Info: Reduced polynomial system to 7 equations
┌ Info: [SI-MAP] Extending DerivativeData support for SI template
│   current_order = -1
└   required_order = 5
[ Info: Checking identifiability
┌ Warning: There are no parameters in the given ODE, thus no identifiabile
│ functions.
│ Use `find_identifiable_functions` with keyword `with_states=true` to
│ compute the functions with the ODE states included.
└ @ StructuralIdentifiability ~/ParameterEstimationBenchmark-local/environments/StructuralIdentifiability.jl/src/identifiable_functions.jl:97
┌ Info: [SI-STRUCTURAL] SIAN/SI template summary
│   template_equation_count = 7
│   derivative_symbol_count = 12
│   max_derivative_order = 5
│   structural_unidentifiable_count = 1
└   identifiable_function_count = 1
┌ Info: [SI-MAP] Classified symbolic SI support variables while converting SIAN output
│   counts =
│    Dict{Symbol, Int64} with 2 entries:
│      :state_jet        => 2
│      :measured_rhs_jet => 5
│   samples =
│    Dict{Symbol, Vector{String}} with 2 entries:
│      :state_jet        => ["x6_0", "x6_1"]
└      :measured_rhs_jet => ["x5_0", "x4_0", "x5_1", "x4_1", "x5_2"]
[ Info: Getting equation system from StructuralIdentifiability.jl
[ Info: Converting ODESystem to SI.jl format
┌ Warning: Floating point value -3.256008685846143 will be converted to -165815723//50926069.
└ @ ModelingToolkitSIExt ~/ParameterEstimationBenchmark-local/environments/StructuralIdentifiability.jl/ext/ModelingToolkitSIExt.jl:78
┌ Warning: Floating point value 8.0 will be converted to 8.
└ @ ModelingToolkitSIExt ~/ParameterEstimationBenchmark-local/environments/StructuralIdentifiability.jl/ext/ModelingToolkitSIExt.jl:78
┌ Warning: Floating point value 2.2160194603106236 will be converted to 68434508//30881727.
└ @ ModelingToolkitSIExt ~/ParameterEstimationBenchmark-local/environments/StructuralIdentifiability.jl/ext/ModelingToolkitSIExt.jl:78
┌ Warning: Floating point value 8.0 will be converted to 8.
└ @ ModelingToolkitSIExt ~/ParameterEstimationBenchmark-local/environments/StructuralIdentifiability.jl/ext/ModelingToolkitSIExt.jl:78
┌ Warning: Floating point value -0.5199534258771448 will be converted to -64167536//123410161.
└ @ ModelingToolkitSIExt ~/ParameterEstimationBenchmark-local/environments/StructuralIdentifiability.jl/ext/ModelingToolkitSIExt.jl:78
┌ Warning: Floating point value 11.289904013472304 will be converted to 49730774//4404889.
└ @ ModelingToolkitSIExt ~/ParameterEstimationBenchmark-local/environments/StructuralIdentifiability.jl/ext/ModelingToolkitSIExt.jl:78
┌ Warning: Floating point value 0.5 will be converted to 1//2.
└ @ ModelingToolkitSIExt ~/ParameterEstimationBenchmark-local/environments/StructuralIdentifiability.jl/ext/ModelingToolkitSIExt.jl:78
┌ Warning: Floating point value 0.5 will be converted to 1//2.
└ @ ModelingToolkitSIExt ~/ParameterEstimationBenchmark-local/environments/StructuralIdentifiability.jl/ext/ModelingToolkitSIExt.jl:78
┌ Warning: Floating point value 3.256008685846143 will be converted to 165815723//50926069.
└ @ ModelingToolkitSIExt ~/ParameterEstimationBenchmark-local/environments/StructuralIdentifiability.jl/ext/ModelingToolkitSIExt.jl:78
┌ Warning: Floating point value 2.2160194603106236 will be converted to 68434508//30881727.
└ @ ModelingToolkitSIExt ~/ParameterEstimationBenchmark-local/environments/StructuralIdentifiability.jl/ext/ModelingToolkitSIExt.jl:78
┌ Warning: Floating point value 8.0 will be converted to 8.
└ @ ModelingToolkitSIExt ~/ParameterEstimationBenchmark-local/environments/StructuralIdentifiability.jl/ext/ModelingToolkitSIExt.jl:78
┌ Warning: Floating point value 0.5 will be converted to 1//2.
└ @ ModelingToolkitSIExt ~/ParameterEstimationBenchmark-local/environments/StructuralIdentifiability.jl/ext/ModelingToolkitSIExt.jl:78
┌ Warning: Floating point value 0.006684569050356704 will be converted to 3657924//547219121.
└ @ ModelingToolkitSIExt ~/ParameterEstimationBenchmark-local/environments/StructuralIdentifiability.jl/ext/ModelingToolkitSIExt.jl:78
┌ Warning: Floating point value -11.950218589270937 will be converted to -358067662//29963273.
└ @ ModelingToolkitSIExt ~/ParameterEstimationBenchmark-local/environments/StructuralIdentifiability.jl/ext/ModelingToolkitSIExt.jl:78
┌ Warning: Floating point value -0.5 will be converted to -1//2.
└ @ ModelingToolkitSIExt ~/ParameterEstimationBenchmark-local/environments/StructuralIdentifiability.jl/ext/ModelingToolkitSIExt.jl:78
┌ Warning: Floating point value 0.5199534258771448 will be converted to 64167536//123410161.
└ @ ModelingToolkitSIExt ~/ParameterEstimationBenchmark-local/environments/StructuralIdentifiability.jl/ext/ModelingToolkitSIExt.jl:78
┌ Warning: Floating point value 11.289904013472304 will be converted to 49730774//4404889.
└ @ ModelingToolkitSIExt ~/ParameterEstimationBenchmark-local/environments/StructuralIdentifiability.jl/ext/ModelingToolkitSIExt.jl:78
┌ Warning: Floating point value 0.5 will be converted to 1//2.
└ @ ModelingToolkitSIExt ~/ParameterEstimationBenchmark-local/environments/StructuralIdentifiability.jl/ext/ModelingToolkitSIExt.jl:78
┌ Warning: Floating point value 0.5 will be converted to 1//2.
└ @ ModelingToolkitSIExt ~/ParameterEstimationBenchmark-local/environments/StructuralIdentifiability.jl/ext/ModelingToolkitSIExt.jl:78
┌ Warning: Floating point value 0.5 will be converted to 1//2.
└ @ ModelingToolkitSIExt ~/ParameterEstimationBenchmark-local/environments/StructuralIdentifiability.jl/ext/ModelingToolkitSIExt.jl:78
┌ Warning: Floating point value -0.013369138100713407 will be converted to -7315848//547219121.
└ @ ModelingToolkitSIExt ~/ParameterEstimationBenchmark-local/environments/StructuralIdentifiability.jl/ext/ModelingToolkitSIExt.jl:78
┌ Warning: Floating point value -11.950218589270937 will be converted to -358067662//29963273.
└ @ ModelingToolkitSIExt ~/ParameterEstimationBenchmark-local/environments/StructuralIdentifiability.jl/ext/ModelingToolkitSIExt.jl:78
┌ Warning: Floating point value -0.5 will be converted to -1//2.
└ @ ModelingToolkitSIExt ~/ParameterEstimationBenchmark-local/environments/StructuralIdentifiability.jl/ext/ModelingToolkitSIExt.jl:78
┌ Warning: Floating point value 8.0 will be converted to 8.
└ @ ModelingToolkitSIExt ~/ParameterEstimationBenchmark-local/environments/StructuralIdentifiability.jl/ext/ModelingToolkitSIExt.jl:78
┌ Warning: Floating point value 0.5 will be converted to 1//2.
└ @ ModelingToolkitSIExt ~/ParameterEstimationBenchmark-local/environments/StructuralIdentifiability.jl/ext/ModelingToolkitSIExt.jl:78
[ Info: Getting polynomial system from SIAN
[ Info: Built polynomial system with 9 equations
[ Info: [SI-TEMPLATE] algebraic_multiplicity M = 1  (setup 0.0s, Groebner 0.0s, quotient_basis 0.0s, ring: 8 vars × 10 polys)
[ Info: [DEBUG-ALG-INDEP] Input: 9 equations, 7 indeterminates
[ Info: [DEBUG-ALG-INDEP] Jacobian size: (9, 7)
[ Info: [DEBUG-ALG-INDEP] Jacobian rank: 7
[ Info: [DEBUG-ALG-INDEP] Found 7 pivot columns
[ Info: [DEBUG-ALG-INDEP] Selected 7 equations (current_rank=7)
[ Info: [DEBUG-ALG-INDEP] Returning: output_ids=[1, 2, 3, 4, 5, 6, 7], alg_indep has 0 vars
[ Info: Reduced polynomial system to 7 equations
┌ Info: [SI-MAP] Extending DerivativeData support for SI template
│   current_order = -1
└   required_order = 5
[ Info: Checking identifiability
┌ Warning: There are no parameters in the given ODE, thus no identifiabile
│ functions.
│ Use `find_identifiable_functions` with keyword `with_states=true` to
│ compute the functions with the ODE states included.
└ @ StructuralIdentifiability ~/ParameterEstimationBenchmark-local/environments/StructuralIdentifiability.jl/src/identifiable_functions.jl:97
┌ Info: [SI-STRUCTURAL] SIAN/SI template summary
│   template_equation_count = 7
│   derivative_symbol_count = 12
│   max_derivative_order = 5
│   structural_unidentifiable_count = 1
└   identifiable_function_count = 1
┌ Info: [SI-MAP] Classified symbolic SI support variables while converting SIAN output
│   counts =
│    Dict{Symbol, Int64} with 2 entries:
│      :state_jet        => 2
│      :measured_rhs_jet => 5
│   samples =
│    Dict{Symbol, Vector{String}} with 2 entries:
│      :state_jet        => ["x6_0", "x6_1"]
└      :measured_rhs_jet => ["x5_0", "x4_0", "x5_1", "x4_1", "x5_2"]
[ Info: Getting equation system from StructuralIdentifiability.jl
[ Info: Converting ODESystem to SI.jl format
┌ Warning: Floating point value -3.256009103690502 will be converted to -176800438//54299737.
└ @ ModelingToolkitSIExt ~/ParameterEstimationBenchmark-local/environments/StructuralIdentifiability.jl/ext/ModelingToolkitSIExt.jl:78
┌ Warning: Floating point value 8.0 will be converted to 8.
└ @ ModelingToolkitSIExt ~/ParameterEstimationBenchmark-local/environments/StructuralIdentifiability.jl/ext/ModelingToolkitSIExt.jl:78
┌ Warning: Floating point value 2.2160201070158583 will be converted to 154323135//69639772.
└ @ ModelingToolkitSIExt ~/ParameterEstimationBenchmark-local/environments/StructuralIdentifiability.jl/ext/ModelingToolkitSIExt.jl:78
┌ Warning: Floating point value 8.0 will be converted to 8.
└ @ ModelingToolkitSIExt ~/ParameterEstimationBenchmark-local/environments/StructuralIdentifiability.jl/ext/ModelingToolkitSIExt.jl:78
┌ Warning: Floating point value -0.4464284505529082 will be converted to -63775143//142856359.
└ @ ModelingToolkitSIExt ~/ParameterEstimationBenchmark-local/environments/StructuralIdentifiability.jl/ext/ModelingToolkitSIExt.jl:78
┌ Warning: Floating point value 9.23088654660178 will be converted to 167718110//18169231.
└ @ ModelingToolkitSIExt ~/ParameterEstimationBenchmark-local/environments/StructuralIdentifiability.jl/ext/ModelingToolkitSIExt.jl:78
┌ Warning: Floating point value 0.5 will be converted to 1//2.
└ @ ModelingToolkitSIExt ~/ParameterEstimationBenchmark-local/environments/StructuralIdentifiability.jl/ext/ModelingToolkitSIExt.jl:78
┌ Warning: Floating point value 0.5 will be converted to 1//2.
└ @ ModelingToolkitSIExt ~/ParameterEstimationBenchmark-local/environments/StructuralIdentifiability.jl/ext/ModelingToolkitSIExt.jl:78
┌ Warning: Floating point value 3.256009103690502 will be converted to 176800438//54299737.
└ @ ModelingToolkitSIExt ~/ParameterEstimationBenchmark-local/environments/StructuralIdentifiability.jl/ext/ModelingToolkitSIExt.jl:78
┌ Warning: Floating point value 2.2160201070158583 will be converted to 154323135//69639772.
└ @ ModelingToolkitSIExt ~/ParameterEstimationBenchmark-local/environments/StructuralIdentifiability.jl/ext/ModelingToolkitSIExt.jl:78
┌ Warning: Floating point value 8.0 will be converted to 8.
└ @ ModelingToolkitSIExt ~/ParameterEstimationBenchmark-local/environments/StructuralIdentifiability.jl/ext/ModelingToolkitSIExt.jl:78
┌ Warning: Floating point value 0.5 will be converted to 1//2.
└ @ ModelingToolkitSIExt ~/ParameterEstimationBenchmark-local/environments/StructuralIdentifiability.jl/ext/ModelingToolkitSIExt.jl:78
┌ Warning: Floating point value 0.008147494100117322 will be converted to 5123077//628791741.
└ @ ModelingToolkitSIExt ~/ParameterEstimationBenchmark-local/environments/StructuralIdentifiability.jl/ext/ModelingToolkitSIExt.jl:78
┌ Warning: Floating point value -9.537324687768416 will be converted to -296978805//31138586.
└ @ ModelingToolkitSIExt ~/ParameterEstimationBenchmark-local/environments/StructuralIdentifiability.jl/ext/ModelingToolkitSIExt.jl:78
┌ Warning: Floating point value -0.5 will be converted to -1//2.
└ @ ModelingToolkitSIExt ~/ParameterEstimationBenchmark-local/environments/StructuralIdentifiability.jl/ext/ModelingToolkitSIExt.jl:78
┌ Warning: Floating point value 0.4464284505529082 will be converted to 63775143//142856359.
└ @ ModelingToolkitSIExt ~/ParameterEstimationBenchmark-local/environments/StructuralIdentifiability.jl/ext/ModelingToolkitSIExt.jl:78
┌ Warning: Floating point value 9.23088654660178 will be converted to 167718110//18169231.
└ @ ModelingToolkitSIExt ~/ParameterEstimationBenchmark-local/environments/StructuralIdentifiability.jl/ext/ModelingToolkitSIExt.jl:78
┌ Warning: Floating point value 0.5 will be converted to 1//2.
└ @ ModelingToolkitSIExt ~/ParameterEstimationBenchmark-local/environments/StructuralIdentifiability.jl/ext/ModelingToolkitSIExt.jl:78
┌ Warning: Floating point value 0.5 will be converted to 1//2.
└ @ ModelingToolkitSIExt ~/ParameterEstimationBenchmark-local/environments/StructuralIdentifiability.jl/ext/ModelingToolkitSIExt.jl:78
┌ Warning: Floating point value 0.5 will be converted to 1//2.
└ @ ModelingToolkitSIExt ~/ParameterEstimationBenchmark-local/environments/StructuralIdentifiability.jl/ext/ModelingToolkitSIExt.jl:78
┌ Warning: Floating point value -0.016294988200234645 will be converted to -6437035//395031584.
└ @ ModelingToolkitSIExt ~/ParameterEstimationBenchmark-local/environments/StructuralIdentifiability.jl/ext/ModelingToolkitSIExt.jl:78
┌ Warning: Floating point value -9.537324687768416 will be converted to -296978805//31138586.
└ @ ModelingToolkitSIExt ~/ParameterEstimationBenchmark-local/environments/StructuralIdentifiability.jl/ext/ModelingToolkitSIExt.jl:78
┌ Warning: Floating point value -0.5 will be converted to -1//2.
└ @ ModelingToolkitSIExt ~/ParameterEstimationBenchmark-local/environments/StructuralIdentifiability.jl/ext/ModelingToolkitSIExt.jl:78
┌ Warning: Floating point value 8.0 will be converted to 8.
└ @ ModelingToolkitSIExt ~/ParameterEstimationBenchmark-local/environments/StructuralIdentifiability.jl/ext/ModelingToolkitSIExt.jl:78
┌ Warning: Floating point value 0.5 will be converted to 1//2.
└ @ ModelingToolkitSIExt ~/ParameterEstimationBenchmark-local/environments/StructuralIdentifiability.jl/ext/ModelingToolkitSIExt.jl:78
[ Info: Getting polynomial system from SIAN
[ Info: Built polynomial system with 9 equations
[ Info: [SI-TEMPLATE] algebraic_multiplicity M = 1  (setup 0.0s, Groebner 0.0s, quotient_basis 0.0s, ring: 8 vars × 10 polys)
[ Info: [DEBUG-ALG-INDEP] Input: 9 equations, 7 indeterminates
[ Info: [DEBUG-ALG-INDEP] Jacobian size: (9, 7)
[ Info: [DEBUG-ALG-INDEP] Jacobian rank: 7
[ Info: [DEBUG-ALG-INDEP] Found 7 pivot columns
[ Info: [DEBUG-ALG-INDEP] Selected 7 equations (current_rank=7)
[ Info: [DEBUG-ALG-INDEP] Returning: output_ids=[1, 2, 3, 4, 5, 6, 7], alg_indep has 0 vars
[ Info: Reduced polynomial system to 7 equations
┌ Info: [SI-MAP] Extending DerivativeData support for SI template
│   current_order = -1
└   required_order = 5
[ Info: Checking identifiability
┌ Warning: There are no parameters in the given ODE, thus no identifiabile
│ functions.
│ Use `find_identifiable_functions` with keyword `with_states=true` to
│ compute the functions with the ODE states included.
└ @ StructuralIdentifiability ~/ParameterEstimationBenchmark-local/environments/StructuralIdentifiability.jl/src/identifiable_functions.jl:97
┌ Info: [SI-STRUCTURAL] SIAN/SI template summary
│   template_equation_count = 7
│   derivative_symbol_count = 12
│   max_derivative_order = 5
│   structural_unidentifiable_count = 1
└   identifiable_function_count = 1
┌ Info: [SI-MAP] Classified symbolic SI support variables while converting SIAN output
│   counts =
│    Dict{Symbol, Int64} with 2 entries:
│      :state_jet        => 2
│      :measured_rhs_jet => 5
│   samples =
│    Dict{Symbol, Vector{String}} with 2 entries:
│      :state_jet        => ["x6_0", "x6_1"]
└      :measured_rhs_jet => ["x5_0", "x4_0", "x5_1", "x4_1", "x5_2"]
[ Info: Getting equation system from StructuralIdentifiability.jl
[ Info: Converting ODESystem to SI.jl format
┌ Warning: Floating point value -3.256009103690502 will be converted to -176800438//54299737.
└ @ ModelingToolkitSIExt ~/ParameterEstimationBenchmark-local/environments/StructuralIdentifiability.jl/ext/ModelingToolkitSIExt.jl:78
┌ Warning: Floating point value 8.0 will be converted to 8.
└ @ ModelingToolkitSIExt ~/ParameterEstimationBenchmark-local/environments/StructuralIdentifiability.jl/ext/ModelingToolkitSIExt.jl:78
┌ Warning: Floating point value 2.2160201070158583 will be converted to 154323135//69639772.
└ @ ModelingToolkitSIExt ~/ParameterEstimationBenchmark-local/environments/StructuralIdentifiability.jl/ext/ModelingToolkitSIExt.jl:78
┌ Warning: Floating point value 8.0 will be converted to 8.
└ @ ModelingToolkitSIExt ~/ParameterEstimationBenchmark-local/environments/StructuralIdentifiability.jl/ext/ModelingToolkitSIExt.jl:78
┌ Warning: Floating point value -0.14648836999536158 will be converted to -29669759//202540031.
└ @ ModelingToolkitSIExt ~/ParameterEstimationBenchmark-local/environments/StructuralIdentifiability.jl/ext/ModelingToolkitSIExt.jl:78
┌ Warning: Floating point value 0.9346170748627048 will be converted to 84585994//90503369.
└ @ ModelingToolkitSIExt ~/ParameterEstimationBenchmark-local/environments/StructuralIdentifiability.jl/ext/ModelingToolkitSIExt.jl:78
┌ Warning: Floating point value 0.5 will be converted to 1//2.
└ @ ModelingToolkitSIExt ~/ParameterEstimationBenchmark-local/environments/StructuralIdentifiability.jl/ext/ModelingToolkitSIExt.jl:78
┌ Warning: Floating point value 0.5 will be converted to 1//2.
└ @ ModelingToolkitSIExt ~/ParameterEstimationBenchmark-local/environments/StructuralIdentifiability.jl/ext/ModelingToolkitSIExt.jl:78
┌ Warning: Floating point value 3.256009103690502 will be converted to 176800438//54299737.
└ @ ModelingToolkitSIExt ~/ParameterEstimationBenchmark-local/environments/StructuralIdentifiability.jl/ext/ModelingToolkitSIExt.jl:78
┌ Warning: Floating point value 2.2160201070158583 will be converted to 154323135//69639772.
└ @ ModelingToolkitSIExt ~/ParameterEstimationBenchmark-local/environments/StructuralIdentifiability.jl/ext/ModelingToolkitSIExt.jl:78
┌ Warning: Floating point value 8.0 will be converted to 8.
└ @ ModelingToolkitSIExt ~/ParameterEstimationBenchmark-local/environments/StructuralIdentifiability.jl/ext/ModelingToolkitSIExt.jl:78
┌ Warning: Floating point value 0.5 will be converted to 1//2.
└ @ ModelingToolkitSIExt ~/ParameterEstimationBenchmark-local/environments/StructuralIdentifiability.jl/ext/ModelingToolkitSIExt.jl:78
┌ Warning: Floating point value 0.02414557197634223 will be converted to 133033733//5509653411.
└ @ ModelingToolkitSIExt ~/ParameterEstimationBenchmark-local/environments/StructuralIdentifiability.jl/ext/ModelingToolkitSIExt.jl:78
┌ Warning: Floating point value -2.882189455545169 will be converted to -195824627//67943010.
└ @ ModelingToolkitSIExt ~/ParameterEstimationBenchmark-local/environments/StructuralIdentifiability.jl/ext/ModelingToolkitSIExt.jl:78
┌ Warning: Floating point value -0.5 will be converted to -1//2.
└ @ ModelingToolkitSIExt ~/ParameterEstimationBenchmark-local/environments/StructuralIdentifiability.jl/ext/ModelingToolkitSIExt.jl:78
┌ Warning: Floating point value 0.14648836999536158 will be converted to 29669759//202540031.
└ @ ModelingToolkitSIExt ~/ParameterEstimationBenchmark-local/environments/StructuralIdentifiability.jl/ext/ModelingToolkitSIExt.jl:78
┌ Warning: Floating point value 0.9346170748627048 will be converted to 84585994//90503369.
└ @ ModelingToolkitSIExt ~/ParameterEstimationBenchmark-local/environments/StructuralIdentifiability.jl/ext/ModelingToolkitSIExt.jl:78
┌ Warning: Floating point value 0.5 will be converted to 1//2.
└ @ ModelingToolkitSIExt ~/ParameterEstimationBenchmark-local/environments/StructuralIdentifiability.jl/ext/ModelingToolkitSIExt.jl:78
┌ Warning: Floating point value 0.5 will be converted to 1//2.
└ @ ModelingToolkitSIExt ~/ParameterEstimationBenchmark-local/environments/StructuralIdentifiability.jl/ext/ModelingToolkitSIExt.jl:78
┌ Warning: Floating point value 0.5 will be converted to 1//2.
└ @ ModelingToolkitSIExt ~/ParameterEstimationBenchmark-local/environments/StructuralIdentifiability.jl/ext/ModelingToolkitSIExt.jl:78
┌ Warning: Floating point value -0.04829114395268446 will be converted to -266067466//5509653411.
└ @ ModelingToolkitSIExt ~/ParameterEstimationBenchmark-local/environments/StructuralIdentifiability.jl/ext/ModelingToolkitSIExt.jl:78
┌ Warning: Floating point value -2.882189455545169 will be converted to -195824627//67943010.
└ @ ModelingToolkitSIExt ~/ParameterEstimationBenchmark-local/environments/StructuralIdentifiability.jl/ext/ModelingToolkitSIExt.jl:78
┌ Warning: Floating point value -0.5 will be converted to -1//2.
└ @ ModelingToolkitSIExt ~/ParameterEstimationBenchmark-local/environments/StructuralIdentifiability.jl/ext/ModelingToolkitSIExt.jl:78
┌ Warning: Floating point value 8.0 will be converted to 8.
└ @ ModelingToolkitSIExt ~/ParameterEstimationBenchmark-local/environments/StructuralIdentifiability.jl/ext/ModelingToolkitSIExt.jl:78
┌ Warning: Floating point value 0.5 will be converted to 1//2.
└ @ ModelingToolkitSIExt ~/ParameterEstimationBenchmark-local/environments/StructuralIdentifiability.jl/ext/ModelingToolkitSIExt.jl:78
[ Info: Getting polynomial system from SIAN
[ Info: Built polynomial system with 9 equations
[ Info: [SI-TEMPLATE] algebraic_multiplicity M = 1  (setup 0.0s, Groebner 0.0s, quotient_basis 0.0s, ring: 8 vars × 10 polys)
[ Info: [DEBUG-ALG-INDEP] Input: 9 equations, 7 indeterminates
[ Info: [DEBUG-ALG-INDEP] Jacobian size: (9, 7)
[ Info: [DEBUG-ALG-INDEP] Jacobian rank: 7
[ Info: [DEBUG-ALG-INDEP] Found 7 pivot columns
[ Info: [DEBUG-ALG-INDEP] Selected 7 equations (current_rank=7)
[ Info: [DEBUG-ALG-INDEP] Returning: output_ids=[1, 2, 3, 4, 5, 6, 7], alg_indep has 0 vars
[ Info: Reduced polynomial system to 7 equations
┌ Info: [SI-MAP] Extending DerivativeData support for SI template
│   current_order = -1
└   required_order = 5
[ Info: Checking identifiability
┌ Warning: There are no parameters in the given ODE, thus no identifiabile
│ functions.
│ Use `find_identifiable_functions` with keyword `with_states=true` to
│ compute the functions with the ODE states included.
└ @ StructuralIdentifiability ~/ParameterEstimationBenchmark-local/environments/StructuralIdentifiability.jl/src/identifiable_functions.jl:97
┌ Info: [SI-STRUCTURAL] SIAN/SI template summary
│   template_equation_count = 7
│   derivative_symbol_count = 12
│   max_derivative_order = 5
│   structural_unidentifiable_count = 1
└   identifiable_function_count = 1
┌ Info: [SI-MAP] Classified symbolic SI support variables while converting SIAN output
│   counts =
│    Dict{Symbol, Int64} with 2 entries:
│      :state_jet        => 2
│      :measured_rhs_jet => 5
│   samples =
│    Dict{Symbol, Vector{String}} with 2 entries:
│      :state_jet        => ["x6_0", "x6_1"]
└      :measured_rhs_jet => ["x5_0", "x4_0", "x5_1", "x4_1", "x5_2"]
[ Info: Getting equation system from StructuralIdentifiability.jl
[ Info: Converting ODESystem to SI.jl format
┌ Warning: Floating point value -3.2560089414705904 will be converted to -246673121//75759350.
└ @ ModelingToolkitSIExt ~/ParameterEstimationBenchmark-local/environments/StructuralIdentifiability.jl/ext/ModelingToolkitSIExt.jl:78
┌ Warning: Floating point value 8.0 will be converted to 8.
└ @ ModelingToolkitSIExt ~/ParameterEstimationBenchmark-local/environments/StructuralIdentifiability.jl/ext/ModelingToolkitSIExt.jl:78
┌ Warning: Floating point value 2.216019855945181 will be converted to 91842759//41444917.
└ @ ModelingToolkitSIExt ~/ParameterEstimationBenchmark-local/environments/StructuralIdentifiability.jl/ext/ModelingToolkitSIExt.jl:78
┌ Warning: Floating point value 8.0 will be converted to 8.
└ @ ModelingToolkitSIExt ~/ParameterEstimationBenchmark-local/environments/StructuralIdentifiability.jl/ext/ModelingToolkitSIExt.jl:78
┌ Warning: Floating point value -0.3527103145422588 will be converted to -26624840//75486423.
└ @ ModelingToolkitSIExt ~/ParameterEstimationBenchmark-local/environments/StructuralIdentifiability.jl/ext/ModelingToolkitSIExt.jl:78
┌ Warning: Floating point value 6.597734551256337 will be converted to 361593157//54805654.
└ @ ModelingToolkitSIExt ~/ParameterEstimationBenchmark-local/environments/StructuralIdentifiability.jl/ext/ModelingToolkitSIExt.jl:78
┌ Warning: Floating point value 0.5 will be converted to 1//2.
└ @ ModelingToolkitSIExt ~/ParameterEstimationBenchmark-local/environments/StructuralIdentifiability.jl/ext/ModelingToolkitSIExt.jl:78
┌ Warning: Floating point value 0.5 will be converted to 1//2.
└ @ ModelingToolkitSIExt ~/ParameterEstimationBenchmark-local/environments/StructuralIdentifiability.jl/ext/ModelingToolkitSIExt.jl:78
┌ Warning: Floating point value 3.2560089414705904 will be converted to 246673121//75759350.
└ @ ModelingToolkitSIExt ~/ParameterEstimationBenchmark-local/environments/StructuralIdentifiability.jl/ext/ModelingToolkitSIExt.jl:78
┌ Warning: Floating point value 2.216019855945181 will be converted to 91842759//41444917.
└ @ ModelingToolkitSIExt ~/ParameterEstimationBenchmark-local/environments/StructuralIdentifiability.jl/ext/ModelingToolkitSIExt.jl:78
┌ Warning: Floating point value 8.0 will be converted to 8.
└ @ ModelingToolkitSIExt ~/ParameterEstimationBenchmark-local/environments/StructuralIdentifiability.jl/ext/ModelingToolkitSIExt.jl:78
┌ Warning: Floating point value 0.5 will be converted to 1//2.
└ @ ModelingToolkitSIExt ~/ParameterEstimationBenchmark-local/environments/StructuralIdentifiability.jl/ext/ModelingToolkitSIExt.jl:78
┌ Warning: Floating point value 0.011269349459566813 will be converted to 52282722//4639373567.
└ @ ModelingToolkitSIExt ~/ParameterEstimationBenchmark-local/environments/StructuralIdentifiability.jl/ext/ModelingToolkitSIExt.jl:78
┌ Warning: Floating point value -6.461614107019856 will be converted to -993720190//153788229.
└ @ ModelingToolkitSIExt ~/ParameterEstimationBenchmark-local/environments/StructuralIdentifiability.jl/ext/ModelingToolkitSIExt.jl:78
┌ Warning: Floating point value -0.5 will be converted to -1//2.
└ @ ModelingToolkitSIExt ~/ParameterEstimationBenchmark-local/environments/StructuralIdentifiability.jl/ext/ModelingToolkitSIExt.jl:78
┌ Warning: Floating point value 0.3527103145422588 will be converted to 26624840//75486423.
└ @ ModelingToolkitSIExt ~/ParameterEstimationBenchmark-local/environments/StructuralIdentifiability.jl/ext/ModelingToolkitSIExt.jl:78
┌ Warning: Floating point value 6.597734551256337 will be converted to 361593157//54805654.
└ @ ModelingToolkitSIExt ~/ParameterEstimationBenchmark-local/environments/StructuralIdentifiability.jl/ext/ModelingToolkitSIExt.jl:78
┌ Warning: Floating point value 0.5 will be converted to 1//2.
└ @ ModelingToolkitSIExt ~/ParameterEstimationBenchmark-local/environments/StructuralIdentifiability.jl/ext/ModelingToolkitSIExt.jl:78
┌ Warning: Floating point value 0.5 will be converted to 1//2.
└ @ ModelingToolkitSIExt ~/ParameterEstimationBenchmark-local/environments/StructuralIdentifiability.jl/ext/ModelingToolkitSIExt.jl:78
┌ Warning: Floating point value 0.5 will be converted to 1//2.
└ @ ModelingToolkitSIExt ~/ParameterEstimationBenchmark-local/environments/StructuralIdentifiability.jl/ext/ModelingToolkitSIExt.jl:78
┌ Warning: Floating point value -0.022538698919133626 will be converted to -52767659//2341202533.
└ @ ModelingToolkitSIExt ~/ParameterEstimationBenchmark-local/environments/StructuralIdentifiability.jl/ext/ModelingToolkitSIExt.jl:78
┌ Warning: Floating point value -6.461614107019856 will be converted to -993720190//153788229.
└ @ ModelingToolkitSIExt ~/ParameterEstimationBenchmark-local/environments/StructuralIdentifiability.jl/ext/ModelingToolkitSIExt.jl:78
┌ Warning: Floating point value -0.5 will be converted to -1//2.
└ @ ModelingToolkitSIExt ~/ParameterEstimationBenchmark-local/environments/StructuralIdentifiability.jl/ext/ModelingToolkitSIExt.jl:78
┌ Warning: Floating point value 8.0 will be converted to 8.
└ @ ModelingToolkitSIExt ~/ParameterEstimationBenchmark-local/environments/StructuralIdentifiability.jl/ext/ModelingToolkitSIExt.jl:78
┌ Warning: Floating point value 0.5 will be converted to 1//2.
└ @ ModelingToolkitSIExt ~/ParameterEstimationBenchmark-local/environments/StructuralIdentifiability.jl/ext/ModelingToolkitSIExt.jl:78
[ Info: Getting polynomial system from SIAN
[ Info: Built polynomial system with 9 equations
[ Info: [SI-TEMPLATE] algebraic_multiplicity M = 1  (setup 0.0s, Groebner 0.0s, quotient_basis 0.0s, ring: 8 vars × 10 polys)
[ Info: [DEBUG-ALG-INDEP] Input: 9 equations, 7 indeterminates
[ Info: [DEBUG-ALG-INDEP] Jacobian size: (9, 7)
[ Info: [DEBUG-ALG-INDEP] Jacobian rank: 7
[ Info: [DEBUG-ALG-INDEP] Found 7 pivot columns
[ Info: [DEBUG-ALG-INDEP] Selected 7 equations (current_rank=7)
[ Info: [DEBUG-ALG-INDEP] Returning: output_ids=[1, 2, 3, 4, 5, 6, 7], alg_indep has 0 vars
[ Info: Reduced polynomial system to 7 equations
┌ Info: [SI-MAP] Extending DerivativeData support for SI template
│   current_order = -1
└   required_order = 5
[ Info: Checking identifiability
[CAND 92] ok  max=463b  0.2s
[CAND 93] ok  max=433b  0.2s
[CAND 97] ok  max=446b  0.2s
[CAND 98] ok  max=442b  0.2s
[CAND 99] ok  max=438b  0.2s
┌ Warning: There are no parameters in the given ODE, thus no identifiabile
│ functions.
│ Use `find_identifiable_functions` with keyword `with_states=true` to
│ compute the functions with the ODE states included.
└ @ StructuralIdentifiability ~/ParameterEstimationBenchmark-local/environments/StructuralIdentifiability.jl/src/identifiable_functions.jl:97
┌ Info: [SI-STRUCTURAL] SIAN/SI template summary
│   template_equation_count = 7
│   derivative_symbol_count = 12
│   max_derivative_order = 5
│   structural_unidentifiable_count = 1
└   identifiable_function_count = 1
┌ Info: [SI-MAP] Classified symbolic SI support variables while converting SIAN output
│   counts =
│    Dict{Symbol, Int64} with 2 entries:
│      :state_jet        => 2
│      :measured_rhs_jet => 5
│   samples =
│    Dict{Symbol, Vector{String}} with 2 entries:
│      :state_jet        => ["x6_0", "x6_1"]
└      :measured_rhs_jet => ["x5_0", "x4_0", "x5_1", "x4_1", "x5_2"]
[ Info: Getting equation system from StructuralIdentifiability.jl
[ Info: Converting ODESystem to SI.jl format
┌ Warning: Floating point value -3.2560089414705904 will be converted to -246673121//75759350.
└ @ ModelingToolkitSIExt ~/ParameterEstimationBenchmark-local/environments/StructuralIdentifiability.jl/ext/ModelingToolkitSIExt.jl:78
┌ Warning: Floating point value 8.0 will be converted to 8.
└ @ ModelingToolkitSIExt ~/ParameterEstimationBenchmark-local/environments/StructuralIdentifiability.jl/ext/ModelingToolkitSIExt.jl:78
┌ Warning: Floating point value 2.216019855945181 will be converted to 91842759//41444917.
└ @ ModelingToolkitSIExt ~/ParameterEstimationBenchmark-local/environments/StructuralIdentifiability.jl/ext/ModelingToolkitSIExt.jl:78
┌ Warning: Floating point value 8.0 will be converted to 8.
└ @ ModelingToolkitSIExt ~/ParameterEstimationBenchmark-local/environments/StructuralIdentifiability.jl/ext/ModelingToolkitSIExt.jl:78
┌ Warning: Floating point value -0.14717522461745133 will be converted to -15619297//106127217.
└ @ ModelingToolkitSIExt ~/ParameterEstimationBenchmark-local/environments/StructuralIdentifiability.jl/ext/ModelingToolkitSIExt.jl:78
┌ Warning: Floating point value 0.9271558133296697 will be converted to 82971234//89490065.
└ @ ModelingToolkitSIExt ~/ParameterEstimationBenchmark-local/environments/StructuralIdentifiability.jl/ext/ModelingToolkitSIExt.jl:78
┌ Warning: Floating point value 0.5 will be converted to 1//2.
└ @ ModelingToolkitSIExt ~/ParameterEstimationBenchmark-local/environments/StructuralIdentifiability.jl/ext/ModelingToolkitSIExt.jl:78
┌ Warning: Floating point value 0.5 will be converted to 1//2.
└ @ ModelingToolkitSIExt ~/ParameterEstimationBenchmark-local/environments/StructuralIdentifiability.jl/ext/ModelingToolkitSIExt.jl:78
┌ Warning: Floating point value 3.2560089414705904 will be converted to 246673121//75759350.
└ @ ModelingToolkitSIExt ~/ParameterEstimationBenchmark-local/environments/StructuralIdentifiability.jl/ext/ModelingToolkitSIExt.jl:78
┌ Warning: Floating point value 2.216019855945181 will be converted to 91842759//41444917.
└ @ ModelingToolkitSIExt ~/ParameterEstimationBenchmark-local/environments/StructuralIdentifiability.jl/ext/ModelingToolkitSIExt.jl:78
┌ Warning: Floating point value 8.0 will be converted to 8.
└ @ ModelingToolkitSIExt ~/ParameterEstimationBenchmark-local/environments/StructuralIdentifiability.jl/ext/ModelingToolkitSIExt.jl:78
┌ Warning: Floating point value 0.5 will be converted to 1//2.
└ @ ModelingToolkitSIExt ~/ParameterEstimationBenchmark-local/environments/StructuralIdentifiability.jl/ext/ModelingToolkitSIExt.jl:78
┌ Warning: Floating point value 0.026388139942645623 will be converted to 13837151//524370078.
└ @ ModelingToolkitSIExt ~/ParameterEstimationBenchmark-local/environments/StructuralIdentifiability.jl/ext/ModelingToolkitSIExt.jl:78
┌ Warning: Floating point value -2.436450288737042 will be converted to -13922776//5714369.
└ @ ModelingToolkitSIExt ~/ParameterEstimationBenchmark-local/environments/StructuralIdentifiability.jl/ext/ModelingToolkitSIExt.jl:78
┌ Warning: Floating point value -0.5 will be converted to -1//2.
└ @ ModelingToolkitSIExt ~/ParameterEstimationBenchmark-local/environments/StructuralIdentifiability.jl/ext/ModelingToolkitSIExt.jl:78
┌ Warning: Floating point value 0.14717522461745133 will be converted to 15619297//106127217.
└ @ ModelingToolkitSIExt ~/ParameterEstimationBenchmark-local/environments/StructuralIdentifiability.jl/ext/ModelingToolkitSIExt.jl:78
┌ Warning: Floating point value 0.9271558133296697 will be converted to 82971234//89490065.
└ @ ModelingToolkitSIExt ~/ParameterEstimationBenchmark-local/environments/StructuralIdentifiability.jl/ext/ModelingToolkitSIExt.jl:78
┌ Warning: Floating point value 0.5 will be converted to 1//2.
└ @ ModelingToolkitSIExt ~/ParameterEstimationBenchmark-local/environments/StructuralIdentifiability.jl/ext/ModelingToolkitSIExt.jl:78
┌ Warning: Floating point value 0.5 will be converted to 1//2.
└ @ ModelingToolkitSIExt ~/ParameterEstimationBenchmark-local/environments/StructuralIdentifiability.jl/ext/ModelingToolkitSIExt.jl:78
┌ Warning: Floating point value 0.5 will be converted to 1//2.
└ @ ModelingToolkitSIExt ~/ParameterEstimationBenchmark-local/environments/StructuralIdentifiability.jl/ext/ModelingToolkitSIExt.jl:78
┌ Warning: Floating point value -0.052776279885291245 will be converted to -13837151//262185039.
└ @ ModelingToolkitSIExt ~/ParameterEstimationBenchmark-local/environments/StructuralIdentifiability.jl/ext/ModelingToolkitSIExt.jl:78
┌ Warning: Floating point value -2.436450288737042 will be converted to -13922776//5714369.
└ @ ModelingToolkitSIExt ~/ParameterEstimationBenchmark-local/environments/StructuralIdentifiability.jl/ext/ModelingToolkitSIExt.jl:78
┌ Warning: Floating point value -0.5 will be converted to -1//2.
└ @ ModelingToolkitSIExt ~/ParameterEstimationBenchmark-local/environments/StructuralIdentifiability.jl/ext/ModelingToolkitSIExt.jl:78
┌ Warning: Floating point value 8.0 will be converted to 8.
└ @ ModelingToolkitSIExt ~/ParameterEstimationBenchmark-local/environments/StructuralIdentifiability.jl/ext/ModelingToolkitSIExt.jl:78
┌ Warning: Floating point value 0.5 will be converted to 1//2.
└ @ ModelingToolkitSIExt ~/ParameterEstimationBenchmark-local/environments/StructuralIdentifiability.jl/ext/ModelingToolkitSIExt.jl:78
[ Info: Getting polynomial system from SIAN
[ Info: Built polynomial system with 9 equations
[ Info: [SI-TEMPLATE] algebraic_multiplicity M = 1  (setup 0.0s, Groebner 0.0s, quotient_basis 0.0s, ring: 8 vars × 10 polys)
[ Info: [DEBUG-ALG-INDEP] Input: 9 equations, 7 indeterminates
[ Info: [DEBUG-ALG-INDEP] Jacobian size: (9, 7)
[ Info: [DEBUG-ALG-INDEP] Jacobian rank: 7
[ Info: [DEBUG-ALG-INDEP] Found 7 pivot columns
[ Info: [DEBUG-ALG-INDEP] Selected 7 equations (current_rank=7)
[ Info: [DEBUG-ALG-INDEP] Returning: output_ids=[1, 2, 3, 4, 5, 6, 7], alg_indep has 0 vars
[ Info: Reduced polynomial system to 7 equations
┌ Info: [SI-MAP] Extending DerivativeData support for SI template
│   current_order = -1
└   required_order = 5
[ Info: Checking identifiability
┌ Warning: There are no parameters in the given ODE, thus no identifiabile
│ functions.
│ Use `find_identifiable_functions` with keyword `with_states=true` to
│ compute the functions with the ODE states included.
└ @ StructuralIdentifiability ~/ParameterEstimationBenchmark-local/environments/StructuralIdentifiability.jl/src/identifiable_functions.jl:97
┌ Info: [SI-STRUCTURAL] SIAN/SI template summary
│   template_equation_count = 7
│   derivative_symbol_count = 12
│   max_derivative_order = 5
│   structural_unidentifiable_count = 1
└   identifiable_function_count = 1
┌ Info: [SI-MAP] Classified symbolic SI support variables while converting SIAN output
│   counts =
│    Dict{Symbol, Int64} with 2 entries:
│      :state_jet        => 2
│      :measured_rhs_jet => 5
│   samples =
│    Dict{Symbol, Vector{String}} with 2 entries:
│      :state_jet        => ["x6_0", "x6_1"]
└      :measured_rhs_jet => ["x5_0", "x4_0", "x5_1", "x4_1", "x5_2"]
[ Info: Getting equation system from StructuralIdentifiability.jl
[ Info: Converting ODESystem to SI.jl format
┌ Warning: Floating point value -3.2560084711767487 will be converted to -58684571//18023470.
└ @ ModelingToolkitSIExt ~/ParameterEstimationBenchmark-local/environments/StructuralIdentifiability.jl/ext/ModelingToolkitSIExt.jl:78
┌ Warning: Floating point value 8.0 will be converted to 8.
└ @ ModelingToolkitSIExt ~/ParameterEstimationBenchmark-local/environments/StructuralIdentifiability.jl/ext/ModelingToolkitSIExt.jl:78
┌ Warning: Floating point value 2.216019128062939 will be converted to 107847763//48667343.
└ @ ModelingToolkitSIExt ~/ParameterEstimationBenchmark-local/environments/StructuralIdentifiability.jl/ext/ModelingToolkitSIExt.jl:78
┌ Warning: Floating point value 8.0 will be converted to 8.
└ @ ModelingToolkitSIExt ~/ParameterEstimationBenchmark-local/environments/StructuralIdentifiability.jl/ext/ModelingToolkitSIExt.jl:78
┌ Warning: Floating point value -0.2794617110683392 will be converted to -26540593//94970409.
└ @ ModelingToolkitSIExt ~/ParameterEstimationBenchmark-local/environments/StructuralIdentifiability.jl/ext/ModelingToolkitSIExt.jl:78
┌ Warning: Floating point value 4.519909421226673 will be converted to 98505220//21793627.
└ @ ModelingToolkitSIExt ~/ParameterEstimationBenchmark-local/environments/StructuralIdentifiability.jl/ext/ModelingToolkitSIExt.jl:78
┌ Warning: Floating point value 0.5 will be converted to 1//2.
└ @ ModelingToolkitSIExt ~/ParameterEstimationBenchmark-local/environments/StructuralIdentifiability.jl/ext/ModelingToolkitSIExt.jl:78
┌ Warning: Floating point value 0.5 will be converted to 1//2.
└ @ ModelingToolkitSIExt ~/ParameterEstimationBenchmark-local/environments/StructuralIdentifiability.jl/ext/ModelingToolkitSIExt.jl:78
┌ Warning: Floating point value 3.2560084711767487 will be converted to 58684571//18023470.
└ @ ModelingToolkitSIExt ~/ParameterEstimationBenchmark-local/environments/StructuralIdentifiability.jl/ext/ModelingToolkitSIExt.jl:78
┌ Warning: Floating point value 2.216019128062939 will be converted to 107847763//48667343.
└ @ ModelingToolkitSIExt ~/ParameterEstimationBenchmark-local/environments/StructuralIdentifiability.jl/ext/ModelingToolkitSIExt.jl:78
┌ Warning: Floating point value 8.0 will be converted to 8.
└ @ ModelingToolkitSIExt ~/ParameterEstimationBenchmark-local/environments/StructuralIdentifiability.jl/ext/ModelingToolkitSIExt.jl:78
┌ Warning: Floating point value 0.5 will be converted to 1//2.
└ @ ModelingToolkitSIExt ~/ParameterEstimationBenchmark-local/environments/StructuralIdentifiability.jl/ext/ModelingToolkitSIExt.jl:78
┌ Warning: Floating point value 0.015991946882738462 will be converted to 5397411//337508062.
└ @ ModelingToolkitSIExt ~/ParameterEstimationBenchmark-local/environments/StructuralIdentifiability.jl/ext/ModelingToolkitSIExt.jl:78
┌ Warning: Floating point value -4.0468968006010195 will be converted to -141837618//35048489.
└ @ ModelingToolkitSIExt ~/ParameterEstimationBenchmark-local/environments/StructuralIdentifiability.jl/ext/ModelingToolkitSIExt.jl:78
┌ Warning: Floating point value -0.5 will be converted to -1//2.
└ @ ModelingToolkitSIExt ~/ParameterEstimationBenchmark-local/environments/StructuralIdentifiability.jl/ext/ModelingToolkitSIExt.jl:78
┌ Warning: Floating point value 0.2794617110683392 will be converted to 26540593//94970409.
└ @ ModelingToolkitSIExt ~/ParameterEstimationBenchmark-local/environments/StructuralIdentifiability.jl/ext/ModelingToolkitSIExt.jl:78
┌ Warning: Floating point value 4.519909421226673 will be converted to 98505220//21793627.
└ @ ModelingToolkitSIExt ~/ParameterEstimationBenchmark-local/environments/StructuralIdentifiability.jl/ext/ModelingToolkitSIExt.jl:78
┌ Warning: Floating point value 0.5 will be converted to 1//2.
└ @ ModelingToolkitSIExt ~/ParameterEstimationBenchmark-local/environments/StructuralIdentifiability.jl/ext/ModelingToolkitSIExt.jl:78
┌ Warning: Floating point value 0.5 will be converted to 1//2.
└ @ ModelingToolkitSIExt ~/ParameterEstimationBenchmark-local/environments/StructuralIdentifiability.jl/ext/ModelingToolkitSIExt.jl:78
┌ Warning: Floating point value 0.5 will be converted to 1//2.
└ @ ModelingToolkitSIExt ~/ParameterEstimationBenchmark-local/environments/StructuralIdentifiability.jl/ext/ModelingToolkitSIExt.jl:78
┌ Warning: Floating point value -0.031983893765476924 will be converted to -5397411//168754031.
└ @ ModelingToolkitSIExt ~/ParameterEstimationBenchmark-local/environments/StructuralIdentifiability.jl/ext/ModelingToolkitSIExt.jl:78
┌ Warning: Floating point value -4.0468968006010195 will be converted to -141837618//35048489.
└ @ ModelingToolkitSIExt ~/ParameterEstimationBenchmark-local/environments/StructuralIdentifiability.jl/ext/ModelingToolkitSIExt.jl:78
┌ Warning: Floating point value -0.5 will be converted to -1//2.
└ @ ModelingToolkitSIExt ~/ParameterEstimationBenchmark-local/environments/StructuralIdentifiability.jl/ext/ModelingToolkitSIExt.jl:78
┌ Warning: Floating point value 8.0 will be converted to 8.
└ @ ModelingToolkitSIExt ~/ParameterEstimationBenchmark-local/environments/StructuralIdentifiability.jl/ext/ModelingToolkitSIExt.jl:78
┌ Warning: Floating point value 0.5 will be converted to 1//2.
└ @ ModelingToolkitSIExt ~/ParameterEstimationBenchmark-local/environments/StructuralIdentifiability.jl/ext/ModelingToolkitSIExt.jl:78
[ Info: Getting polynomial system from SIAN
[ Info: Built polynomial system with 9 equations
[ Info: [SI-TEMPLATE] algebraic_multiplicity M = 1  (setup 0.0s, Groebner 0.0s, quotient_basis 0.0s, ring: 8 vars × 10 polys)
[ Info: [DEBUG-ALG-INDEP] Input: 9 equations, 7 indeterminates
[ Info: [DEBUG-ALG-INDEP] Jacobian size: (9, 7)
[ Info: [DEBUG-ALG-INDEP] Jacobian rank: 7
[ Info: [DEBUG-ALG-INDEP] Found 7 pivot columns
[ Info: [DEBUG-ALG-INDEP] Selected 7 equations (current_rank=7)
[ Info: [DEBUG-ALG-INDEP] Returning: output_ids=[1, 2, 3, 4, 5, 6, 7], alg_indep has 0 vars
[ Info: Reduced polynomial system to 7 equations
┌ Info: [SI-MAP] Extending DerivativeData support for SI template
│   current_order = -1
└   required_order = 5
[ Info: Checking identifiability
┌ Warning: There are no parameters in the given ODE, thus no identifiabile
│ functions.
│ Use `find_identifiable_functions` with keyword `with_states=true` to
│ compute the functions with the ODE states included.
└ @ StructuralIdentifiability ~/ParameterEstimationBenchmark-local/environments/StructuralIdentifiability.jl/src/identifiable_functions.jl:97
┌ Info: [SI-STRUCTURAL] SIAN/SI template summary
│   template_equation_count = 7
│   derivative_symbol_count = 12
│   max_derivative_order = 5
│   structural_unidentifiable_count = 1
└   identifiable_function_count = 1
┌ Info: [SI-MAP] Classified symbolic SI support variables while converting SIAN output
│   counts =
│    Dict{Symbol, Int64} with 2 entries:
│      :state_jet        => 2
│      :measured_rhs_jet => 5
│   samples =
│    Dict{Symbol, Vector{String}} with 2 entries:
│      :state_jet        => ["x6_0", "x6_1"]
└      :measured_rhs_jet => ["x5_0", "x4_0", "x5_1", "x4_1", "x5_2"]
[ Info: Getting equation system from StructuralIdentifiability.jl
[ Info: Converting ODESystem to SI.jl format
┌ Warning: Floating point value -3.2560084711767487 will be converted to -58684571//18023470.
└ @ ModelingToolkitSIExt ~/ParameterEstimationBenchmark-local/environments/StructuralIdentifiability.jl/ext/ModelingToolkitSIExt.jl:78
┌ Warning: Floating point value 8.0 will be converted to 8.
└ @ ModelingToolkitSIExt ~/ParameterEstimationBenchmark-local/environments/StructuralIdentifiability.jl/ext/ModelingToolkitSIExt.jl:78
┌ Warning: Floating point value 2.2160191280629395 will be converted to 91883395//41463268.
└ @ ModelingToolkitSIExt ~/ParameterEstimationBenchmark-local/environments/StructuralIdentifiability.jl/ext/ModelingToolkitSIExt.jl:78
┌ Warning: Floating point value 8.0 will be converted to 8.
└ @ ModelingToolkitSIExt ~/ParameterEstimationBenchmark-local/environments/StructuralIdentifiability.jl/ext/ModelingToolkitSIExt.jl:78
┌ Warning: Floating point value -0.14885982383497448 will be converted to -207043557//1390862569.
└ @ ModelingToolkitSIExt ~/ParameterEstimationBenchmark-local/environments/StructuralIdentifiability.jl/ext/ModelingToolkitSIExt.jl:78
┌ Warning: Floating point value 0.9096178067087226 will be converted to 100172979//110126449.
└ @ ModelingToolkitSIExt ~/ParameterEstimationBenchmark-local/environments/StructuralIdentifiability.jl/ext/ModelingToolkitSIExt.jl:78
┌ Warning: Floating point value 0.5 will be converted to 1//2.
└ @ ModelingToolkitSIExt ~/ParameterEstimationBenchmark-local/environments/StructuralIdentifiability.jl/ext/ModelingToolkitSIExt.jl:78
┌ Warning: Floating point value 0.5 will be converted to 1//2.
└ @ ModelingToolkitSIExt ~/ParameterEstimationBenchmark-local/environments/StructuralIdentifiability.jl/ext/ModelingToolkitSIExt.jl:78
┌ Warning: Floating point value 3.2560084711767487 will be converted to 58684571//18023470.
└ @ ModelingToolkitSIExt ~/ParameterEstimationBenchmark-local/environments/StructuralIdentifiability.jl/ext/ModelingToolkitSIExt.jl:78
┌ Warning: Floating point value 2.2160191280629395 will be converted to 91883395//41463268.
└ @ ModelingToolkitSIExt ~/ParameterEstimationBenchmark-local/environments/StructuralIdentifiability.jl/ext/ModelingToolkitSIExt.jl:78
┌ Warning: Floating point value 8.0 will be converted to 8.
└ @ ModelingToolkitSIExt ~/ParameterEstimationBenchmark-local/environments/StructuralIdentifiability.jl/ext/ModelingToolkitSIExt.jl:78
┌ Warning: Floating point value 0.5 will be converted to 1//2.
└ @ ModelingToolkitSIExt ~/ParameterEstimationBenchmark-local/environments/StructuralIdentifiability.jl/ext/ModelingToolkitSIExt.jl:78
┌ Warning: Floating point value 0.03050595594038557 will be converted to 5075953//166392196.
└ @ ModelingToolkitSIExt ~/ParameterEstimationBenchmark-local/environments/StructuralIdentifiability.jl/ext/ModelingToolkitSIExt.jl:78
┌ Warning: Floating point value -1.7313120932618933 will be converted to -83773161//48387094.
└ @ ModelingToolkitSIExt ~/ParameterEstimationBenchmark-local/environments/StructuralIdentifiability.jl/ext/ModelingToolkitSIExt.jl:78
┌ Warning: Floating point value -0.5 will be converted to -1//2.
└ @ ModelingToolkitSIExt ~/ParameterEstimationBenchmark-local/environments/StructuralIdentifiability.jl/ext/ModelingToolkitSIExt.jl:78
┌ Warning: Floating point value 0.14885982383497448 will be converted to 207043557//1390862569.
└ @ ModelingToolkitSIExt ~/ParameterEstimationBenchmark-local/environments/StructuralIdentifiability.jl/ext/ModelingToolkitSIExt.jl:78
┌ Warning: Floating point value 0.9096178067087226 will be converted to 100172979//110126449.
└ @ ModelingToolkitSIExt ~/ParameterEstimationBenchmark-local/environments/StructuralIdentifiability.jl/ext/ModelingToolkitSIExt.jl:78
┌ Warning: Floating point value 0.5 will be converted to 1//2.
└ @ ModelingToolkitSIExt ~/ParameterEstimationBenchmark-local/environments/StructuralIdentifiability.jl/ext/ModelingToolkitSIExt.jl:78
┌ Warning: Floating point value 0.5 will be converted to 1//2.
└ @ ModelingToolkitSIExt ~/ParameterEstimationBenchmark-local/environments/StructuralIdentifiability.jl/ext/ModelingToolkitSIExt.jl:78
┌ Warning: Floating point value 0.5 will be converted to 1//2.
└ @ ModelingToolkitSIExt ~/ParameterEstimationBenchmark-local/environments/StructuralIdentifiability.jl/ext/ModelingToolkitSIExt.jl:78
┌ Warning: Floating point value -0.06101191188077114 will be converted to -5075953//83196098.
└ @ ModelingToolkitSIExt ~/ParameterEstimationBenchmark-local/environments/StructuralIdentifiability.jl/ext/ModelingToolkitSIExt.jl:78
┌ Warning: Floating point value -1.7313120932618933 will be converted to -83773161//48387094.
└ @ ModelingToolkitSIExt ~/ParameterEstimationBenchmark-local/environments/StructuralIdentifiability.jl/ext/ModelingToolkitSIExt.jl:78
┌ Warning: Floating point value -0.5 will be converted to -1//2.
└ @ ModelingToolkitSIExt ~/ParameterEstimationBenchmark-local/environments/StructuralIdentifiability.jl/ext/ModelingToolkitSIExt.jl:78
┌ Warning: Floating point value 8.0 will be converted to 8.
└ @ ModelingToolkitSIExt ~/ParameterEstimationBenchmark-local/environments/StructuralIdentifiability.jl/ext/ModelingToolkitSIExt.jl:78
┌ Warning: Floating point value 0.5 will be converted to 1//2.
└ @ ModelingToolkitSIExt ~/ParameterEstimationBenchmark-local/environments/StructuralIdentifiability.jl/ext/ModelingToolkitSIExt.jl:78
[ Info: Getting polynomial system from SIAN
[ Info: Built polynomial system with 9 equations
[ Info: [SI-TEMPLATE] algebraic_multiplicity M = 1  (setup 0.0s, Groebner 0.0s, quotient_basis 0.0s, ring: 8 vars × 10 polys)
[ Info: [DEBUG-ALG-INDEP] Input: 9 equations, 7 indeterminates
[ Info: [DEBUG-ALG-INDEP] Jacobian size: (9, 7)
[ Info: [DEBUG-ALG-INDEP] Jacobian rank: 7
[ Info: [DEBUG-ALG-INDEP] Found 7 pivot columns
[ Info: [DEBUG-ALG-INDEP] Selected 7 equations (current_rank=7)
[ Info: [DEBUG-ALG-INDEP] Returning: output_ids=[1, 2, 3, 4, 5, 6, 7], alg_indep has 0 vars
[ Info: Reduced polynomial system to 7 equations
┌ Info: [SI-MAP] Extending DerivativeData support for SI template
│   current_order = -1
└   required_order = 5
[ Info: Checking identifiability
┌ Warning: There are no parameters in the given ODE, thus no identifiabile
│ functions.
│ Use `find_identifiable_functions` with keyword `with_states=true` to
│ compute the functions with the ODE states included.
└ @ StructuralIdentifiability ~/ParameterEstimationBenchmark-local/environments/StructuralIdentifiability.jl/src/identifiable_functions.jl:97
┌ Info: [SI-STRUCTURAL] SIAN/SI template summary
│   template_equation_count = 7
│   derivative_symbol_count = 12
│   max_derivative_order = 5
│   structural_unidentifiable_count = 1
└   identifiable_function_count = 1
┌ Info: [SI-MAP] Classified symbolic SI support variables while converting SIAN output
│   counts =
│    Dict{Symbol, Int64} with 2 entries:
│      :state_jet        => 2
│      :measured_rhs_jet => 5
│   samples =
│    Dict{Symbol, Vector{String}} with 2 entries:
│      :state_jet        => ["x6_0", "x6_1"]
└      :measured_rhs_jet => ["x5_0", "x4_0", "x5_1", "x4_1", "x5_2"]
[ Info: Getting equation system from StructuralIdentifiability.jl
[ Info: Converting ODESystem to SI.jl format
┌ Warning: Floating point value -3.2560083235704593 will be converted to -190469887//58497973.
└ @ ModelingToolkitSIExt ~/ParameterEstimationBenchmark-local/environments/StructuralIdentifiability.jl/ext/ModelingToolkitSIExt.jl:78
┌ Warning: Floating point value 8.0 will be converted to 8.
└ @ ModelingToolkitSIExt ~/ParameterEstimationBenchmark-local/environments/StructuralIdentifiability.jl/ext/ModelingToolkitSIExt.jl:78
┌ Warning: Floating point value 2.2160188996100283 will be converted to 100611679//45401995.
└ @ ModelingToolkitSIExt ~/ParameterEstimationBenchmark-local/environments/StructuralIdentifiability.jl/ext/ModelingToolkitSIExt.jl:78
┌ Warning: Floating point value 8.0 will be converted to 8.
└ @ ModelingToolkitSIExt ~/ParameterEstimationBenchmark-local/environments/StructuralIdentifiability.jl/ext/ModelingToolkitSIExt.jl:78
┌ Warning: Floating point value -0.15214515215292615 will be converted to -29591463//194494945.
└ @ ModelingToolkitSIExt ~/ParameterEstimationBenchmark-local/environments/StructuralIdentifiability.jl/ext/ModelingToolkitSIExt.jl:78
┌ Warning: Floating point value 0.8713837508993161 will be converted to 126811307//145528657.
└ @ ModelingToolkitSIExt ~/ParameterEstimationBenchmark-local/environments/StructuralIdentifiability.jl/ext/ModelingToolkitSIExt.jl:78
┌ Warning: Floating point value 0.5 will be converted to 1//2.
└ @ ModelingToolkitSIExt ~/ParameterEstimationBenchmark-local/environments/StructuralIdentifiability.jl/ext/ModelingToolkitSIExt.jl:78
┌ Warning: Floating point value 0.5 will be converted to 1//2.
└ @ ModelingToolkitSIExt ~/ParameterEstimationBenchmark-local/environments/StructuralIdentifiability.jl/ext/ModelingToolkitSIExt.jl:78
┌ Warning: Floating point value 3.2560083235704593 will be converted to 190469887//58497973.
└ @ ModelingToolkitSIExt ~/ParameterEstimationBenchmark-local/environments/StructuralIdentifiability.jl/ext/ModelingToolkitSIExt.jl:78
┌ Warning: Floating point value 2.2160188996100283 will be converted to 100611679//45401995.
└ @ ModelingToolkitSIExt ~/ParameterEstimationBenchmark-local/environments/StructuralIdentifiability.jl/ext/ModelingToolkitSIExt.jl:78
┌ Warning: Floating point value 8.0 will be converted to 8.
└ @ ModelingToolkitSIExt ~/ParameterEstimationBenchmark-local/environments/StructuralIdentifiability.jl/ext/ModelingToolkitSIExt.jl:78
┌ Warning: Floating point value 0.5 will be converted to 1//2.
└ @ ModelingToolkitSIExt ~/ParameterEstimationBenchmark-local/environments/StructuralIdentifiability.jl/ext/ModelingToolkitSIExt.jl:78
┌ Warning: Floating point value 0.03514027178650371 will be converted to 9814961//279308056.
└ @ ModelingToolkitSIExt ~/ParameterEstimationBenchmark-local/environments/StructuralIdentifiability.jl/ext/ModelingToolkitSIExt.jl:78
┌ Warning: Floating point value -0.9715019796119375 will be converted to -90996787//93666085.
└ @ ModelingToolkitSIExt ~/ParameterEstimationBenchmark-local/environments/StructuralIdentifiability.jl/ext/ModelingToolkitSIExt.jl:78
┌ Warning: Floating point value -0.5 will be converted to -1//2.
└ @ ModelingToolkitSIExt ~/ParameterEstimationBenchmark-local/environments/StructuralIdentifiability.jl/ext/ModelingToolkitSIExt.jl:78
┌ Warning: Floating point value 0.15214515215292615 will be converted to 29591463//194494945.
└ @ ModelingToolkitSIExt ~/ParameterEstimationBenchmark-local/environments/StructuralIdentifiability.jl/ext/ModelingToolkitSIExt.jl:78
┌ Warning: Floating point value 0.8713837508993161 will be converted to 126811307//145528657.
└ @ ModelingToolkitSIExt ~/ParameterEstimationBenchmark-local/environments/StructuralIdentifiability.jl/ext/ModelingToolkitSIExt.jl:78
┌ Warning: Floating point value 0.5 will be converted to 1//2.
└ @ ModelingToolkitSIExt ~/ParameterEstimationBenchmark-local/environments/StructuralIdentifiability.jl/ext/ModelingToolkitSIExt.jl:78
┌ Warning: Floating point value 0.5 will be converted to 1//2.
└ @ ModelingToolkitSIExt ~/ParameterEstimationBenchmark-local/environments/StructuralIdentifiability.jl/ext/ModelingToolkitSIExt.jl:78
┌ Warning: Floating point value 0.5 will be converted to 1//2.
└ @ ModelingToolkitSIExt ~/ParameterEstimationBenchmark-local/environments/StructuralIdentifiability.jl/ext/ModelingToolkitSIExt.jl:78
┌ Warning: Floating point value -0.07028054357300742 will be converted to -9814961//139654028.
└ @ ModelingToolkitSIExt ~/ParameterEstimationBenchmark-local/environments/StructuralIdentifiability.jl/ext/ModelingToolkitSIExt.jl:78
┌ Warning: Floating point value -0.9715019796119375 will be converted to -90996787//93666085.
└ @ ModelingToolkitSIExt ~/ParameterEstimationBenchmark-local/environments/StructuralIdentifiability.jl/ext/ModelingToolkitSIExt.jl:78
┌ Warning: Floating point value -0.5 will be converted to -1//2.
└ @ ModelingToolkitSIExt ~/ParameterEstimationBenchmark-local/environments/StructuralIdentifiability.jl/ext/ModelingToolkitSIExt.jl:78
┌ Warning: Floating point value 8.0 will be converted to 8.
└ @ ModelingToolkitSIExt ~/ParameterEstimationBenchmark-local/environments/StructuralIdentifiability.jl/ext/ModelingToolkitSIExt.jl:78
┌ Warning: Floating point value 0.5 will be converted to 1//2.
└ @ ModelingToolkitSIExt ~/ParameterEstimationBenchmark-local/environments/StructuralIdentifiability.jl/ext/ModelingToolkitSIExt.jl:78
[ Info: Getting polynomial system from SIAN
[ Info: Built polynomial system with 9 equations
[ Info: [SI-TEMPLATE] algebraic_multiplicity M = 1  (setup 0.0s, Groebner 0.0s, quotient_basis 0.0s, ring: 8 vars × 10 polys)
[ Info: [DEBUG-ALG-INDEP] Input: 9 equations, 7 indeterminates
[ Info: [DEBUG-ALG-INDEP] Jacobian size: (9, 7)
[ Info: [DEBUG-ALG-INDEP] Jacobian rank: 7
[ Info: [DEBUG-ALG-INDEP] Found 7 pivot columns
[ Info: [DEBUG-ALG-INDEP] Selected 7 equations (current_rank=7)
[ Info: [DEBUG-ALG-INDEP] Returning: output_ids=[1, 2, 3, 4, 5, 6, 7], alg_indep has 0 vars
[ Info: Reduced polynomial system to 7 equations
┌ Info: [SI-MAP] Extending DerivativeData support for SI template
│   current_order = -1
└   required_order = 5
[ Info: Checking identifiability
┌ Warning: There are no parameters in the given ODE, thus no identifiabile
│ functions.
│ Use `find_identifiable_functions` with keyword `with_states=true` to
│ compute the functions with the ODE states included.
└ @ StructuralIdentifiability ~/ParameterEstimationBenchmark-local/environments/StructuralIdentifiability.jl/src/identifiable_functions.jl:97
┌ Info: [SI-STRUCTURAL] SIAN/SI template summary
│   template_equation_count = 7
│   derivative_symbol_count = 12
│   max_derivative_order = 5
│   structural_unidentifiable_count = 1
└   identifiable_function_count = 1
┌ Info: [SI-MAP] Classified symbolic SI support variables while converting SIAN output
│   counts =
│    Dict{Symbol, Int64} with 2 entries:
│      :state_jet        => 2
│      :measured_rhs_jet => 5
│   samples =
│    Dict{Symbol, Vector{String}} with 2 entries:
│      :state_jet        => ["x6_0", "x6_1"]
└      :measured_rhs_jet => ["x5_0", "x4_0", "x5_1", "x4_1", "x5_2"]
[ Info: Getting equation system from StructuralIdentifiability.jl
[ Info: Converting ODESystem to SI.jl format
┌ Warning: Floating point value -3.2560083235704593 will be converted to -190469887//58497973.
└ @ ModelingToolkitSIExt ~/ParameterEstimationBenchmark-local/environments/StructuralIdentifiability.jl/ext/ModelingToolkitSIExt.jl:78
┌ Warning: Floating point value 8.0 will be converted to 8.
└ @ ModelingToolkitSIExt ~/ParameterEstimationBenchmark-local/environments/StructuralIdentifiability.jl/ext/ModelingToolkitSIExt.jl:78
┌ Warning: Floating point value 2.2160188996100283 will be converted to 100611679//45401995.
└ @ ModelingToolkitSIExt ~/ParameterEstimationBenchmark-local/environments/StructuralIdentifiability.jl/ext/ModelingToolkitSIExt.jl:78
┌ Warning: Floating point value 8.0 will be converted to 8.
└ @ ModelingToolkitSIExt ~/ParameterEstimationBenchmark-local/environments/StructuralIdentifiability.jl/ext/ModelingToolkitSIExt.jl:78
┌ Warning: Floating point value -0.2239863388157253 will be converted to -23780893//106171176.
└ @ ModelingToolkitSIExt ~/ParameterEstimationBenchmark-local/environments/StructuralIdentifiability.jl/ext/ModelingToolkitSIExt.jl:78
┌ Warning: Floating point value 2.8995296533257626 will be converted to 153712838//53013025.
└ @ ModelingToolkitSIExt ~/ParameterEstimationBenchmark-local/environments/StructuralIdentifiability.jl/ext/ModelingToolkitSIExt.jl:78
┌ Warning: Floating point value 0.5 will be converted to 1//2.
└ @ ModelingToolkitSIExt ~/ParameterEstimationBenchmark-local/environments/StructuralIdentifiability.jl/ext/ModelingToolkitSIExt.jl:78
┌ Warning: Floating point value 0.5 will be converted to 1//2.
└ @ ModelingToolkitSIExt ~/ParameterEstimationBenchmark-local/environments/StructuralIdentifiability.jl/ext/ModelingToolkitSIExt.jl:78
┌ Warning: Floating point value 3.2560083235704593 will be converted to 190469887//58497973.
└ @ ModelingToolkitSIExt ~/ParameterEstimationBenchmark-local/environments/StructuralIdentifiability.jl/ext/ModelingToolkitSIExt.jl:78
┌ Warning: Floating point value 2.2160188996100283 will be converted to 100611679//45401995.
└ @ ModelingToolkitSIExt ~/ParameterEstimationBenchmark-local/environments/StructuralIdentifiability.jl/ext/ModelingToolkitSIExt.jl:78
┌ Warning: Floating point value 8.0 will be converted to 8.
└ @ ModelingToolkitSIExt ~/ParameterEstimationBenchmark-local/environments/StructuralIdentifiability.jl/ext/ModelingToolkitSIExt.jl:78
[CAND 102] ok  max=445b  0.5s
[CAND 109] ok  max=447b  0.2s
[CAND 112] ok  max=442b  0.2s
[CAND 128] ok  max=437b  0.2s
┌ Warning: Floating point value 0.5 will be converted to 1//2.
└ @ ModelingToolkitSIExt ~/ParameterEstimationBenchmark-local/environments/StructuralIdentifiability.jl/ext/ModelingToolkitSIExt.jl:78
┌ Warning: Floating point value 0.02309667174166301 will be converted to 10663449//461687689.
└ @ ModelingToolkitSIExt ~/ParameterEstimationBenchmark-local/environments/StructuralIdentifiability.jl/ext/ModelingToolkitSIExt.jl:78
┌ Warning: Floating point value -2.177556971413823 will be converted to -60941129//27986009.
└ @ ModelingToolkitSIExt ~/ParameterEstimationBenchmark-local/environments/StructuralIdentifiability.jl/ext/ModelingToolkitSIExt.jl:78
┌ Warning: Floating point value -0.5 will be converted to -1//2.
└ @ ModelingToolkitSIExt ~/ParameterEstimationBenchmark-local/environments/StructuralIdentifiability.jl/ext/ModelingToolkitSIExt.jl:78
┌ Warning: Floating point value 0.2239863388157253 will be converted to 23780893//106171176.
└ @ ModelingToolkitSIExt ~/ParameterEstimationBenchmark-local/environments/StructuralIdentifiability.jl/ext/ModelingToolkitSIExt.jl:78
┌ Warning: Floating point value 2.8995296533257626 will be converted to 153712838//53013025.
└ @ ModelingToolkitSIExt ~/ParameterEstimationBenchmark-local/environments/StructuralIdentifiability.jl/ext/ModelingToolkitSIExt.jl:78
┌ Warning: Floating point value 0.5 will be converted to 1//2.
└ @ ModelingToolkitSIExt ~/ParameterEstimationBenchmark-local/environments/StructuralIdentifiability.jl/ext/ModelingToolkitSIExt.jl:78
┌ Warning: Floating point value 0.5 will be converted to 1//2.
└ @ ModelingToolkitSIExt ~/ParameterEstimationBenchmark-local/environments/StructuralIdentifiability.jl/ext/ModelingToolkitSIExt.jl:78
┌ Warning: Floating point value 0.5 will be converted to 1//2.
└ @ ModelingToolkitSIExt ~/ParameterEstimationBenchmark-local/environments/StructuralIdentifiability.jl/ext/ModelingToolkitSIExt.jl:78
┌ Warning: Floating point value -0.04619334348332602 will be converted to -21326898//461687689.
└ @ ModelingToolkitSIExt ~/ParameterEstimationBenchmark-local/environments/StructuralIdentifiability.jl/ext/ModelingToolkitSIExt.jl:78
┌ Warning: Floating point value -2.177556971413823 will be converted to -60941129//27986009.
└ @ ModelingToolkitSIExt ~/ParameterEstimationBenchmark-local/environments/StructuralIdentifiability.jl/ext/ModelingToolkitSIExt.jl:78
┌ Warning: Floating point value -0.5 will be converted to -1//2.
└ @ ModelingToolkitSIExt ~/ParameterEstimationBenchmark-local/environments/StructuralIdentifiability.jl/ext/ModelingToolkitSIExt.jl:78
┌ Warning: Floating point value 8.0 will be converted to 8.
└ @ ModelingToolkitSIExt ~/ParameterEstimationBenchmark-local/environments/StructuralIdentifiability.jl/ext/ModelingToolkitSIExt.jl:78
┌ Warning: Floating point value 0.5 will be converted to 1//2.
└ @ ModelingToolkitSIExt ~/ParameterEstimationBenchmark-local/environments/StructuralIdentifiability.jl/ext/ModelingToolkitSIExt.jl:78
[ Info: Getting polynomial system from SIAN
[ Info: Built polynomial system with 9 equations
[ Info: [SI-TEMPLATE] algebraic_multiplicity M = 1  (setup 0.0s, Groebner 0.0s, quotient_basis 0.0s, ring: 8 vars × 10 polys)
[ Info: [DEBUG-ALG-INDEP] Input: 9 equations, 7 indeterminates
[ Info: [DEBUG-ALG-INDEP] Jacobian size: (9, 7)
[ Info: [DEBUG-ALG-INDEP] Jacobian rank: 7
[ Info: [DEBUG-ALG-INDEP] Found 7 pivot columns
[ Info: [DEBUG-ALG-INDEP] Selected 7 equations (current_rank=7)
[ Info: [DEBUG-ALG-INDEP] Returning: output_ids=[1, 2, 3, 4, 5, 6, 7], alg_indep has 0 vars
[ Info: Reduced polynomial system to 7 equations
┌ Info: [SI-MAP] Extending DerivativeData support for SI template
│   current_order = -1
└   required_order = 5
[ Info: Checking identifiability
┌ Warning: There are no parameters in the given ODE, thus no identifiabile
│ functions.
│ Use `find_identifiable_functions` with keyword `with_states=true` to
│ compute the functions with the ODE states included.
└ @ StructuralIdentifiability ~/ParameterEstimationBenchmark-local/environments/StructuralIdentifiability.jl/src/identifiable_functions.jl:97
┌ Info: [SI-STRUCTURAL] SIAN/SI template summary
│   template_equation_count = 7
│   derivative_symbol_count = 12
│   max_derivative_order = 5
│   structural_unidentifiable_count = 1
└   identifiable_function_count = 1
┌ Info: [SI-MAP] Classified symbolic SI support variables while converting SIAN output
│   counts =
│    Dict{Symbol, Int64} with 2 entries:
│      :state_jet        => 2
│      :measured_rhs_jet => 5
│   samples =
│    Dict{Symbol, Vector{String}} with 2 entries:
│      :state_jet        => ["x6_0", "x6_1"]
└      :measured_rhs_jet => ["x5_0", "x4_0", "x5_1", "x4_1", "x5_2"]
[ Info: Getting equation system from StructuralIdentifiability.jl
[ Info: Converting ODESystem to SI.jl format
┌ Warning: Floating point value -3.2559927886827165 will be converted to -185748225//57048107.
└ @ ModelingToolkitSIExt ~/ParameterEstimationBenchmark-local/environments/StructuralIdentifiability.jl/ext/ModelingToolkitSIExt.jl:78
┌ Warning: Floating point value 8.0 will be converted to 8.
└ @ ModelingToolkitSIExt ~/ParameterEstimationBenchmark-local/environments/StructuralIdentifiability.jl/ext/ModelingToolkitSIExt.jl:78
┌ Warning: Floating point value 2.215988258647302 will be converted to 100182837//45209101.
└ @ ModelingToolkitSIExt ~/ParameterEstimationBenchmark-local/environments/StructuralIdentifiability.jl/ext/ModelingToolkitSIExt.jl:78
┌ Warning: Floating point value 8.0 will be converted to 8.
└ @ ModelingToolkitSIExt ~/ParameterEstimationBenchmark-local/environments/StructuralIdentifiability.jl/ext/ModelingToolkitSIExt.jl:78
┌ Warning: Floating point value 16.207347568975234 will be converted to 354737623//21887457.
└ @ ModelingToolkitSIExt ~/ParameterEstimationBenchmark-local/environments/StructuralIdentifiability.jl/ext/ModelingToolkitSIExt.jl:78
┌ Warning: Floating point value 159.85148377598628 will be converted to 1171568309//7329105.
└ @ ModelingToolkitSIExt ~/ParameterEstimationBenchmark-local/environments/StructuralIdentifiability.jl/ext/ModelingToolkitSIExt.jl:78
┌ Warning: Floating point value 0.5 will be converted to 1//2.
└ @ ModelingToolkitSIExt ~/ParameterEstimationBenchmark-local/environments/StructuralIdentifiability.jl/ext/ModelingToolkitSIExt.jl:78
┌ Warning: Floating point value 0.5 will be converted to 1//2.
└ @ ModelingToolkitSIExt ~/ParameterEstimationBenchmark-local/environments/StructuralIdentifiability.jl/ext/ModelingToolkitSIExt.jl:78
┌ Warning: Floating point value 3.2559927886827165 will be converted to 185748225//57048107.
└ @ ModelingToolkitSIExt ~/ParameterEstimationBenchmark-local/environments/StructuralIdentifiability.jl/ext/ModelingToolkitSIExt.jl:78
┌ Warning: Floating point value 2.215988258647302 will be converted to 100182837//45209101.
└ @ ModelingToolkitSIExt ~/ParameterEstimationBenchmark-local/environments/StructuralIdentifiability.jl/ext/ModelingToolkitSIExt.jl:78
┌ Warning: Floating point value 8.0 will be converted to 8.
└ @ ModelingToolkitSIExt ~/ParameterEstimationBenchmark-local/environments/StructuralIdentifiability.jl/ext/ModelingToolkitSIExt.jl:78
┌ Warning: Floating point value 0.5 will be converted to 1//2.
└ @ ModelingToolkitSIExt ~/ParameterEstimationBenchmark-local/environments/StructuralIdentifiability.jl/ext/ModelingToolkitSIExt.jl:78
┌ Warning: Floating point value -0.00012545961401671385 will be converted to -1574623//12550835680.
└ @ ModelingToolkitSIExt ~/ParameterEstimationBenchmark-local/environments/StructuralIdentifiability.jl/ext/ModelingToolkitSIExt.jl:78
┌ Warning: Floating point value -625.72768463004 will be converted to -1484175384//2371919.
└ @ ModelingToolkitSIExt ~/ParameterEstimationBenchmark-local/environments/StructuralIdentifiability.jl/ext/ModelingToolkitSIExt.jl:78
┌ Warning: Floating point value -0.5 will be converted to -1//2.
└ @ ModelingToolkitSIExt ~/ParameterEstimationBenchmark-local/environments/StructuralIdentifiability.jl/ext/ModelingToolkitSIExt.jl:78
┌ Warning: Floating point value -16.207347568975234 will be converted to -354737623//21887457.
└ @ ModelingToolkitSIExt ~/ParameterEstimationBenchmark-local/environments/StructuralIdentifiability.jl/ext/ModelingToolkitSIExt.jl:78
┌ Warning: Floating point value 159.85148377598628 will be converted to 1171568309//7329105.
└ @ ModelingToolkitSIExt ~/ParameterEstimationBenchmark-local/environments/StructuralIdentifiability.jl/ext/ModelingToolkitSIExt.jl:78
┌ Warning: Floating point value 0.5 will be converted to 1//2.
└ @ ModelingToolkitSIExt ~/ParameterEstimationBenchmark-local/environments/StructuralIdentifiability.jl/ext/ModelingToolkitSIExt.jl:78
┌ Warning: Floating point value 0.5 will be converted to 1//2.
└ @ ModelingToolkitSIExt ~/ParameterEstimationBenchmark-local/environments/StructuralIdentifiability.jl/ext/ModelingToolkitSIExt.jl:78
┌ Warning: Floating point value 0.5 will be converted to 1//2.
└ @ ModelingToolkitSIExt ~/ParameterEstimationBenchmark-local/environments/StructuralIdentifiability.jl/ext/ModelingToolkitSIExt.jl:78
┌ Warning: Floating point value 0.0002509192280334277 will be converted to 1574623//6275417840.
└ @ ModelingToolkitSIExt ~/ParameterEstimationBenchmark-local/environments/StructuralIdentifiability.jl/ext/ModelingToolkitSIExt.jl:78
┌ Warning: Floating point value -625.72768463004 will be converted to -1484175384//2371919.
└ @ ModelingToolkitSIExt ~/ParameterEstimationBenchmark-local/environments/StructuralIdentifiability.jl/ext/ModelingToolkitSIExt.jl:78
┌ Warning: Floating point value -0.5 will be converted to -1//2.
└ @ ModelingToolkitSIExt ~/ParameterEstimationBenchmark-local/environments/StructuralIdentifiability.jl/ext/ModelingToolkitSIExt.jl:78
┌ Warning: Floating point value 8.0 will be converted to 8.
└ @ ModelingToolkitSIExt ~/ParameterEstimationBenchmark-local/environments/StructuralIdentifiability.jl/ext/ModelingToolkitSIExt.jl:78
┌ Warning: Floating point value 0.5 will be converted to 1//2.
└ @ ModelingToolkitSIExt ~/ParameterEstimationBenchmark-local/environments/StructuralIdentifiability.jl/ext/ModelingToolkitSIExt.jl:78
[ Info: Getting polynomial system from SIAN
[ Info: Built polynomial system with 9 equations
[ Info: [SI-TEMPLATE] algebraic_multiplicity M = 1  (setup 0.0s, Groebner 0.0s, quotient_basis 0.0s, ring: 8 vars × 10 polys)
[ Info: [DEBUG-ALG-INDEP] Input: 9 equations, 7 indeterminates
[ Info: [DEBUG-ALG-INDEP] Jacobian size: (9, 7)
[ Info: [DEBUG-ALG-INDEP] Jacobian rank: 7
[ Info: [DEBUG-ALG-INDEP] Found 7 pivot columns
[ Info: [DEBUG-ALG-INDEP] Selected 7 equations (current_rank=7)
[ Info: [DEBUG-ALG-INDEP] Returning: output_ids=[1, 2, 3, 4, 5, 6, 7], alg_indep has 0 vars
[ Info: Reduced polynomial system to 7 equations
┌ Info: [SI-MAP] Extending DerivativeData support for SI template
│   current_order = -1
└   required_order = 5
[ Info: Checking identifiability
┌ Warning: There are no parameters in the given ODE, thus no identifiabile
│ functions.
│ Use `find_identifiable_functions` with keyword `with_states=true` to
│ compute the functions with the ODE states included.
└ @ StructuralIdentifiability ~/ParameterEstimationBenchmark-local/environments/StructuralIdentifiability.jl/src/identifiable_functions.jl:97
┌ Info: [SI-STRUCTURAL] SIAN/SI template summary
│   template_equation_count = 7
│   derivative_symbol_count = 12
│   max_derivative_order = 5
│   structural_unidentifiable_count = 1
└   identifiable_function_count = 1
┌ Info: [SI-MAP] Classified symbolic SI support variables while converting SIAN output
│   counts =
│    Dict{Symbol, Int64} with 2 entries:
│      :state_jet        => 2
│      :measured_rhs_jet => 5
│   samples =
│    Dict{Symbol, Vector{String}} with 2 entries:
│      :state_jet        => ["x6_0", "x6_1"]
└      :measured_rhs_jet => ["x5_0", "x4_0", "x5_1", "x4_1", "x5_2"]
[ Info: Getting equation system from StructuralIdentifiability.jl
[ Info: Converting ODESystem to SI.jl format
┌ Warning: Floating point value -3.2560085684513886 will be converted to -383982051//117930295.
└ @ ModelingToolkitSIExt ~/ParameterEstimationBenchmark-local/environments/StructuralIdentifiability.jl/ext/ModelingToolkitSIExt.jl:78
┌ Warning: Floating point value 8.0 will be converted to 8.
└ @ ModelingToolkitSIExt ~/ParameterEstimationBenchmark-local/environments/StructuralIdentifiability.jl/ext/ModelingToolkitSIExt.jl:78
┌ Warning: Floating point value 2.2160192786166495 will be converted to 52795620//23824531.
└ @ ModelingToolkitSIExt ~/ParameterEstimationBenchmark-local/environments/StructuralIdentifiability.jl/ext/ModelingToolkitSIExt.jl:78
┌ Warning: Floating point value 8.0 will be converted to 8.
└ @ ModelingToolkitSIExt ~/ParameterEstimationBenchmark-local/environments/StructuralIdentifiability.jl/ext/ModelingToolkitSIExt.jl:78
┌ Warning: Floating point value -0.1821581857592669 will be converted to -55637576//305435497.
└ @ ModelingToolkitSIExt ~/ParameterEstimationBenchmark-local/environments/StructuralIdentifiability.jl/ext/ModelingToolkitSIExt.jl:78
┌ Warning: Floating point value 1.49803741181253 will be converted to 105734935//70582306.
└ @ ModelingToolkitSIExt ~/ParameterEstimationBenchmark-local/environments/StructuralIdentifiability.jl/ext/ModelingToolkitSIExt.jl:78
┌ Warning: Floating point value 0.5 will be converted to 1//2.
└ @ ModelingToolkitSIExt ~/ParameterEstimationBenchmark-local/environments/StructuralIdentifiability.jl/ext/ModelingToolkitSIExt.jl:78
┌ Warning: Floating point value 0.5 will be converted to 1//2.
└ @ ModelingToolkitSIExt ~/ParameterEstimationBenchmark-local/environments/StructuralIdentifiability.jl/ext/ModelingToolkitSIExt.jl:78
┌ Warning: Floating point value 3.2560085684513886 will be converted to 383982051//117930295.
└ @ ModelingToolkitSIExt ~/ParameterEstimationBenchmark-local/environments/StructuralIdentifiability.jl/ext/ModelingToolkitSIExt.jl:78
┌ Warning: Floating point value 2.2160192786166495 will be converted to 52795620//23824531.
└ @ ModelingToolkitSIExt ~/ParameterEstimationBenchmark-local/environments/StructuralIdentifiability.jl/ext/ModelingToolkitSIExt.jl:78
┌ Warning: Floating point value 8.0 will be converted to 8.
└ @ ModelingToolkitSIExt ~/ParameterEstimationBenchmark-local/environments/StructuralIdentifiability.jl/ext/ModelingToolkitSIExt.jl:78
┌ Warning: Floating point value 0.5 will be converted to 1//2.
└ @ ModelingToolkitSIExt ~/ParameterEstimationBenchmark-local/environments/StructuralIdentifiability.jl/ext/ModelingToolkitSIExt.jl:78
┌ Warning: Floating point value 0.033127005294908564 will be converted to 12481345//376772512.
└ @ ModelingToolkitSIExt ~/ParameterEstimationBenchmark-local/environments/StructuralIdentifiability.jl/ext/ModelingToolkitSIExt.jl:78
┌ Warning: Floating point value -0.5455219626867744 will be converted to -54097621//99166715.
└ @ ModelingToolkitSIExt ~/ParameterEstimationBenchmark-local/environments/StructuralIdentifiability.jl/ext/ModelingToolkitSIExt.jl:78
┌ Warning: Floating point value -0.5 will be converted to -1//2.
└ @ ModelingToolkitSIExt ~/ParameterEstimationBenchmark-local/environments/StructuralIdentifiability.jl/ext/ModelingToolkitSIExt.jl:78
┌ Warning: Floating point value 0.1821581857592669 will be converted to 55637576//305435497.
└ @ ModelingToolkitSIExt ~/ParameterEstimationBenchmark-local/environments/StructuralIdentifiability.jl/ext/ModelingToolkitSIExt.jl:78
┌ Warning: Floating point value 1.49803741181253 will be converted to 105734935//70582306.
└ @ ModelingToolkitSIExt ~/ParameterEstimationBenchmark-local/environments/StructuralIdentifiability.jl/ext/ModelingToolkitSIExt.jl:78
┌ Warning: Floating point value 0.5 will be converted to 1//2.
└ @ ModelingToolkitSIExt ~/ParameterEstimationBenchmark-local/environments/StructuralIdentifiability.jl/ext/ModelingToolkitSIExt.jl:78
┌ Warning: Floating point value 0.5 will be converted to 1//2.
└ @ ModelingToolkitSIExt ~/ParameterEstimationBenchmark-local/environments/StructuralIdentifiability.jl/ext/ModelingToolkitSIExt.jl:78
┌ Warning: Floating point value 0.5 will be converted to 1//2.
└ @ ModelingToolkitSIExt ~/ParameterEstimationBenchmark-local/environments/StructuralIdentifiability.jl/ext/ModelingToolkitSIExt.jl:78
┌ Warning: Floating point value -0.06625401058981713 will be converted to -12481345//188386256.
└ @ ModelingToolkitSIExt ~/ParameterEstimationBenchmark-local/environments/StructuralIdentifiability.jl/ext/ModelingToolkitSIExt.jl:78
┌ Warning: Floating point value -0.5455219626867744 will be converted to -54097621//99166715.
└ @ ModelingToolkitSIExt ~/ParameterEstimationBenchmark-local/environments/StructuralIdentifiability.jl/ext/ModelingToolkitSIExt.jl:78
┌ Warning: Floating point value -0.5 will be converted to -1//2.
└ @ ModelingToolkitSIExt ~/ParameterEstimationBenchmark-local/environments/StructuralIdentifiability.jl/ext/ModelingToolkitSIExt.jl:78
┌ Warning: Floating point value 8.0 will be converted to 8.
└ @ ModelingToolkitSIExt ~/ParameterEstimationBenchmark-local/environments/StructuralIdentifiability.jl/ext/ModelingToolkitSIExt.jl:78
┌ Warning: Floating point value 0.5 will be converted to 1//2.
└ @ ModelingToolkitSIExt ~/ParameterEstimationBenchmark-local/environments/StructuralIdentifiability.jl/ext/ModelingToolkitSIExt.jl:78
[ Info: Getting polynomial system from SIAN
[ Info: Built polynomial system with 9 equations
[ Info: [SI-TEMPLATE] algebraic_multiplicity M = 1  (setup 0.0s, Groebner 0.0s, quotient_basis 0.0s, ring: 8 vars × 10 polys)
[ Info: [DEBUG-ALG-INDEP] Input: 9 equations, 7 indeterminates
[ Info: [DEBUG-ALG-INDEP] Jacobian size: (9, 7)
[ Info: [DEBUG-ALG-INDEP] Jacobian rank: 7
[ Info: [DEBUG-ALG-INDEP] Found 7 pivot columns
[ Info: [DEBUG-ALG-INDEP] Selected 7 equations (current_rank=7)
[ Info: [DEBUG-ALG-INDEP] Returning: output_ids=[1, 2, 3, 4, 5, 6, 7], alg_indep has 0 vars
[ Info: Reduced polynomial system to 7 equations
┌ Info: [SI-MAP] Extending DerivativeData support for SI template
│   current_order = -1
└   required_order = 5
[ Info: Checking identifiability
┌ Warning: There are no parameters in the given ODE, thus no identifiabile
│ functions.
│ Use `find_identifiable_functions` with keyword `with_states=true` to
│ compute the functions with the ODE states included.
└ @ StructuralIdentifiability ~/ParameterEstimationBenchmark-local/environments/StructuralIdentifiability.jl/src/identifiable_functions.jl:97
┌ Info: [SI-STRUCTURAL] SIAN/SI template summary
│   template_equation_count = 7
│   derivative_symbol_count = 12
│   max_derivative_order = 5
│   structural_unidentifiable_count = 1
└   identifiable_function_count = 1
┌ Info: [SI-MAP] Classified symbolic SI support variables while converting SIAN output
│   counts =
│    Dict{Symbol, Int64} with 2 entries:
│      :state_jet        => 2
│      :measured_rhs_jet => 5
│   samples =
│    Dict{Symbol, Vector{String}} with 2 entries:
│      :state_jet        => ["x6_0", "x6_1"]
└      :measured_rhs_jet => ["x5_0", "x4_0", "x5_1", "x4_1", "x5_2"]
[ Info: Getting equation system from StructuralIdentifiability.jl
[ Info: Converting ODESystem to SI.jl format
┌ Warning: Floating point value -3.255699389690877 will be converted to -38276701//11756829.
└ @ ModelingToolkitSIExt ~/ParameterEstimationBenchmark-local/environments/StructuralIdentifiability.jl/ext/ModelingToolkitSIExt.jl:78
┌ Warning: Floating point value 8.0 will be converted to 8.
└ @ ModelingToolkitSIExt ~/ParameterEstimationBenchmark-local/environments/StructuralIdentifiability.jl/ext/ModelingToolkitSIExt.jl:78
┌ Warning: Floating point value 2.2152990603393077 will be converted to 73916096//33366193.
└ @ ModelingToolkitSIExt ~/ParameterEstimationBenchmark-local/environments/StructuralIdentifiability.jl/ext/ModelingToolkitSIExt.jl:78
┌ Warning: Floating point value 8.0 will be converted to 8.
└ @ ModelingToolkitSIExt ~/ParameterEstimationBenchmark-local/environments/StructuralIdentifiability.jl/ext/ModelingToolkitSIExt.jl:78
┌ Warning: Floating point value -0.0006488795951327232 will be converted to -1890005//2912720656.
└ @ ModelingToolkitSIExt ~/ParameterEstimationBenchmark-local/environments/StructuralIdentifiability.jl/ext/ModelingToolkitSIExt.jl:78
┌ Warning: Floating point value 6.129947902811007 will be converted to 56569176//9228329.
└ @ ModelingToolkitSIExt ~/ParameterEstimationBenchmark-local/environments/StructuralIdentifiability.jl/ext/ModelingToolkitSIExt.jl:78
┌ Warning: Floating point value 0.5 will be converted to 1//2.
└ @ ModelingToolkitSIExt ~/ParameterEstimationBenchmark-local/environments/StructuralIdentifiability.jl/ext/ModelingToolkitSIExt.jl:78
┌ Warning: Floating point value 0.5 will be converted to 1//2.
└ @ ModelingToolkitSIExt ~/ParameterEstimationBenchmark-local/environments/StructuralIdentifiability.jl/ext/ModelingToolkitSIExt.jl:78
┌ Warning: Floating point value 3.255699389690877 will be converted to 38276701//11756829.
└ @ ModelingToolkitSIExt ~/ParameterEstimationBenchmark-local/environments/StructuralIdentifiability.jl/ext/ModelingToolkitSIExt.jl:78
┌ Warning: Floating point value 2.2152990603393077 will be converted to 73916096//33366193.
└ @ ModelingToolkitSIExt ~/ParameterEstimationBenchmark-local/environments/StructuralIdentifiability.jl/ext/ModelingToolkitSIExt.jl:78
┌ Warning: Floating point value 8.0 will be converted to 8.
└ @ ModelingToolkitSIExt ~/ParameterEstimationBenchmark-local/environments/StructuralIdentifiability.jl/ext/ModelingToolkitSIExt.jl:78
┌ Warning: Floating point value 0.5 will be converted to 1//2.
└ @ ModelingToolkitSIExt ~/ParameterEstimationBenchmark-local/environments/StructuralIdentifiability.jl/ext/ModelingToolkitSIExt.jl:78
┌ Warning: Floating point value -0.0049044669115641745 will be converted to -7226139//1473379091.
└ @ ModelingToolkitSIExt ~/ParameterEstimationBenchmark-local/environments/StructuralIdentifiability.jl/ext/ModelingToolkitSIExt.jl:78
┌ Warning: Floating point value -11.029198351102403 will be converted to -428558792//38856749.
└ @ ModelingToolkitSIExt ~/ParameterEstimationBenchmark-local/environments/StructuralIdentifiability.jl/ext/ModelingToolkitSIExt.jl:78
┌ Warning: Floating point value -0.5 will be converted to -1//2.
└ @ ModelingToolkitSIExt ~/ParameterEstimationBenchmark-local/environments/StructuralIdentifiability.jl/ext/ModelingToolkitSIExt.jl:78
┌ Warning: Floating point value 0.0006488795951327232 will be converted to 1890005//2912720656.
└ @ ModelingToolkitSIExt ~/ParameterEstimationBenchmark-local/environments/StructuralIdentifiability.jl/ext/ModelingToolkitSIExt.jl:78
┌ Warning: Floating point value 6.129947902811007 will be converted to 56569176//9228329.
└ @ ModelingToolkitSIExt ~/ParameterEstimationBenchmark-local/environments/StructuralIdentifiability.jl/ext/ModelingToolkitSIExt.jl:78
┌ Warning: Floating point value 0.5 will be converted to 1//2.
└ @ ModelingToolkitSIExt ~/ParameterEstimationBenchmark-local/environments/StructuralIdentifiability.jl/ext/ModelingToolkitSIExt.jl:78
┌ Warning: Floating point value 0.5 will be converted to 1//2.
└ @ ModelingToolkitSIExt ~/ParameterEstimationBenchmark-local/environments/StructuralIdentifiability.jl/ext/ModelingToolkitSIExt.jl:78
┌ Warning: Floating point value 0.5 will be converted to 1//2.
└ @ ModelingToolkitSIExt ~/ParameterEstimationBenchmark-local/environments/StructuralIdentifiability.jl/ext/ModelingToolkitSIExt.jl:78
┌ Warning: Floating point value 0.009808933823128349 will be converted to 8359553//852238699.
└ @ ModelingToolkitSIExt ~/ParameterEstimationBenchmark-local/environments/StructuralIdentifiability.jl/ext/ModelingToolkitSIExt.jl:78
┌ Warning: Floating point value -11.029198351102403 will be converted to -428558792//38856749.
└ @ ModelingToolkitSIExt ~/ParameterEstimationBenchmark-local/environments/StructuralIdentifiability.jl/ext/ModelingToolkitSIExt.jl:78
┌ Warning: Floating point value -0.5 will be converted to -1//2.
└ @ ModelingToolkitSIExt ~/ParameterEstimationBenchmark-local/environments/StructuralIdentifiability.jl/ext/ModelingToolkitSIExt.jl:78
┌ Warning: Floating point value 8.0 will be converted to 8.
└ @ ModelingToolkitSIExt ~/ParameterEstimationBenchmark-local/environments/StructuralIdentifiability.jl/ext/ModelingToolkitSIExt.jl:78
┌ Warning: Floating point value 0.5 will be converted to 1//2.
└ @ ModelingToolkitSIExt ~/ParameterEstimationBenchmark-local/environments/StructuralIdentifiability.jl/ext/ModelingToolkitSIExt.jl:78
[ Info: Getting polynomial system from SIAN
[ Info: Built polynomial system with 9 equations
[ Info: [SI-TEMPLATE] algebraic_multiplicity M = 1  (setup 0.0s, Groebner 0.0s, quotient_basis 0.0s, ring: 8 vars × 10 polys)
[ Info: [DEBUG-ALG-INDEP] Input: 9 equations, 7 indeterminates
[ Info: [DEBUG-ALG-INDEP] Jacobian size: (9, 7)
[ Info: [DEBUG-ALG-INDEP] Jacobian rank: 7
[ Info: [DEBUG-ALG-INDEP] Found 7 pivot columns
[ Info: [DEBUG-ALG-INDEP] Selected 7 equations (current_rank=7)
[ Info: [DEBUG-ALG-INDEP] Returning: output_ids=[1, 2, 3, 4, 5, 6, 7], alg_indep has 0 vars
[ Info: Reduced polynomial system to 7 equations
┌ Info: [SI-MAP] Extending DerivativeData support for SI template
│   current_order = -1
└   required_order = 5
[ Info: Checking identifiability
┌ Warning: There are no parameters in the given ODE, thus no identifiabile
│ functions.
│ Use `find_identifiable_functions` with keyword `with_states=true` to
│ compute the functions with the ODE states included.
└ @ StructuralIdentifiability ~/ParameterEstimationBenchmark-local/environments/StructuralIdentifiability.jl/src/identifiable_functions.jl:97
┌ Info: [SI-STRUCTURAL] SIAN/SI template summary
│   template_equation_count = 7
│   derivative_symbol_count = 12
│   max_derivative_order = 5
│   structural_unidentifiable_count = 1
└   identifiable_function_count = 1
┌ Info: [SI-MAP] Classified symbolic SI support variables while converting SIAN output
│   counts =
│    Dict{Symbol, Int64} with 2 entries:
│      :state_jet        => 2
│      :measured_rhs_jet => 5
│   samples =
│    Dict{Symbol, Vector{String}} with 2 entries:
│      :state_jet        => ["x6_0", "x6_1"]
└      :measured_rhs_jet => ["x5_0", "x4_0", "x5_1", "x4_1", "x5_2"]
[ Info: Getting equation system from StructuralIdentifiability.jl
[ Info: Converting ODESystem to SI.jl format
┌ Warning: Floating point value -3.255835085866264 will be converted to -297277083//91305940.
└ @ ModelingToolkitSIExt ~/ParameterEstimationBenchmark-local/environments/StructuralIdentifiability.jl/ext/ModelingToolkitSIExt.jl:78
┌ Warning: Floating point value 8.0 will be converted to 8.
└ @ ModelingToolkitSIExt ~/ParameterEstimationBenchmark-local/environments/StructuralIdentifiability.jl/ext/ModelingToolkitSIExt.jl:78
┌ Warning: Floating point value 2.215616487108889 will be converted to 31874457//14386270.
└ @ ModelingToolkitSIExt ~/ParameterEstimationBenchmark-local/environments/StructuralIdentifiability.jl/ext/ModelingToolkitSIExt.jl:78
┌ Warning: Floating point value 8.0 will be converted to 8.
└ @ ModelingToolkitSIExt ~/ParameterEstimationBenchmark-local/environments/StructuralIdentifiability.jl/ext/ModelingToolkitSIExt.jl:78
┌ Warning: Floating point value -0.0009144642370555569 will be converted to -4613021//5044506732.
└ @ ModelingToolkitSIExt ~/ParameterEstimationBenchmark-local/environments/StructuralIdentifiability.jl/ext/ModelingToolkitSIExt.jl:78
┌ Warning: Floating point value 6.081725577095155 will be converted to 381207309//62680781.
└ @ ModelingToolkitSIExt ~/ParameterEstimationBenchmark-local/environments/StructuralIdentifiability.jl/ext/ModelingToolkitSIExt.jl:78
┌ Warning: Floating point value 0.5 will be converted to 1//2.
└ @ ModelingToolkitSIExt ~/ParameterEstimationBenchmark-local/environments/StructuralIdentifiability.jl/ext/ModelingToolkitSIExt.jl:78
┌ Warning: Floating point value 0.5 will be converted to 1//2.
└ @ ModelingToolkitSIExt ~/ParameterEstimationBenchmark-local/environments/StructuralIdentifiability.jl/ext/ModelingToolkitSIExt.jl:78
┌ Warning: Floating point value 3.255835085866264 will be converted to 297277083//91305940.
└ @ ModelingToolkitSIExt ~/ParameterEstimationBenchmark-local/environments/StructuralIdentifiability.jl/ext/ModelingToolkitSIExt.jl:78
┌ Warning: Floating point value 2.215616487108889 will be converted to 31874457//14386270.
└ @ ModelingToolkitSIExt ~/ParameterEstimationBenchmark-local/environments/StructuralIdentifiability.jl/ext/ModelingToolkitSIExt.jl:78
┌ Warning: Floating point value 8.0 will be converted to 8.
└ @ ModelingToolkitSIExt ~/ParameterEstimationBenchmark-local/environments/StructuralIdentifiability.jl/ext/ModelingToolkitSIExt.jl:78
┌ Warning: Floating point value 0.5 will be converted to 1//2.
└ @ ModelingToolkitSIExt ~/ParameterEstimationBenchmark-local/environments/StructuralIdentifiability.jl/ext/ModelingToolkitSIExt.jl:78
┌ Warning: Floating point value -0.004964879424197893 will be converted to -4953107//997628860.
└ @ ModelingToolkitSIExt ~/ParameterEstimationBenchmark-local/environments/StructuralIdentifiability.jl/ext/ModelingToolkitSIExt.jl:78
┌ Warning: Floating point value -10.952238631213927 will be converted to -209341593//19114046.
└ @ ModelingToolkitSIExt ~/ParameterEstimationBenchmark-local/environments/StructuralIdentifiability.jl/ext/ModelingToolkitSIExt.jl:78
┌ Warning: Floating point value -0.5 will be converted to -1//2.
└ @ ModelingToolkitSIExt ~/ParameterEstimationBenchmark-local/environments/StructuralIdentifiability.jl/ext/ModelingToolkitSIExt.jl:78
┌ Warning: Floating point value 0.0009144642370555569 will be converted to 4613021//5044506732.
└ @ ModelingToolkitSIExt ~/ParameterEstimationBenchmark-local/environments/StructuralIdentifiability.jl/ext/ModelingToolkitSIExt.jl:78
┌ Warning: Floating point value 6.081725577095155 will be converted to 381207309//62680781.
└ @ ModelingToolkitSIExt ~/ParameterEstimationBenchmark-local/environments/StructuralIdentifiability.jl/ext/ModelingToolkitSIExt.jl:78
┌ Warning: Floating point value 0.5 will be converted to 1//2.
└ @ ModelingToolkitSIExt ~/ParameterEstimationBenchmark-local/environments/StructuralIdentifiability.jl/ext/ModelingToolkitSIExt.jl:78
┌ Warning: Floating point value 0.5 will be converted to 1//2.
└ @ ModelingToolkitSIExt ~/ParameterEstimationBenchmark-local/environments/StructuralIdentifiability.jl/ext/ModelingToolkitSIExt.jl:78
┌ Warning: Floating point value 0.5 will be converted to 1//2.
└ @ ModelingToolkitSIExt ~/ParameterEstimationBenchmark-local/environments/StructuralIdentifiability.jl/ext/ModelingToolkitSIExt.jl:78
┌ Warning: Floating point value 0.009929758848395786 will be converted to 4953107//498814430.
└ @ ModelingToolkitSIExt ~/ParameterEstimationBenchmark-local/environments/StructuralIdentifiability.jl/ext/ModelingToolkitSIExt.jl:78
┌ Warning: Floating point value -10.952238631213927 will be converted to -209341593//19114046.
└ @ ModelingToolkitSIExt ~/ParameterEstimationBenchmark-local/environments/StructuralIdentifiability.jl/ext/ModelingToolkitSIExt.jl:78
┌ Warning: Floating point value -0.5 will be converted to -1//2.
└ @ ModelingToolkitSIExt ~/ParameterEstimationBenchmark-local/environments/StructuralIdentifiability.jl/ext/ModelingToolkitSIExt.jl:78
┌ Warning: Floating point value 8.0 will be converted to 8.
└ @ ModelingToolkitSIExt ~/ParameterEstimationBenchmark-local/environments/StructuralIdentifiability.jl/ext/ModelingToolkitSIExt.jl:78
┌ Warning: Floating point value 0.5 will be converted to 1//2.
└ @ ModelingToolkitSIExt ~/ParameterEstimationBenchmark-local/environments/StructuralIdentifiability.jl/ext/ModelingToolkitSIExt.jl:78
[ Info: Getting polynomial system from SIAN
[ Info: Built polynomial system with 9 equations
[ Info: [SI-TEMPLATE] algebraic_multiplicity M = 1  (setup 0.0s, Groebner 0.0s, quotient_basis 0.0s, ring: 8 vars × 10 polys)
[ Info: [DEBUG-ALG-INDEP] Input: 9 equations, 7 indeterminates
[ Info: [DEBUG-ALG-INDEP] Jacobian size: (9, 7)
[ Info: [DEBUG-ALG-INDEP] Jacobian rank: 7
[ Info: [DEBUG-ALG-INDEP] Found 7 pivot columns
[ Info: [DEBUG-ALG-INDEP] Selected 7 equations (current_rank=7)
[ Info: [DEBUG-ALG-INDEP] Returning: output_ids=[1, 2, 3, 4, 5, 6, 7], alg_indep has 0 vars
[CAND 130] ok  max=450b  0.2s
[CAND 131] ok  max=433b  0.2s
[CAND 133] ok  max=438b  0.2s
[CAND 135] ok  max=460b  1.8s
[CAND 137] ok  max=445b  0.2s
[ Info: Reduced polynomial system to 7 equations
┌ Info: [SI-MAP] Extending DerivativeData support for SI template
│   current_order = -1
└   required_order = 5
[ Info: Checking identifiability
┌ Warning: There are no parameters in the given ODE, thus no identifiabile
│ functions.
│ Use `find_identifiable_functions` with keyword `with_states=true` to
│ compute the functions with the ODE states included.
└ @ StructuralIdentifiability ~/ParameterEstimationBenchmark-local/environments/StructuralIdentifiability.jl/src/identifiable_functions.jl:97
┌ Info: [SI-STRUCTURAL] SIAN/SI template summary
│   template_equation_count = 7
│   derivative_symbol_count = 12
│   max_derivative_order = 5
│   structural_unidentifiable_count = 1
└   identifiable_function_count = 1
┌ Info: [SI-MAP] Classified symbolic SI support variables while converting SIAN output
│   counts =
│    Dict{Symbol, Int64} with 2 entries:
│      :state_jet        => 2
│      :measured_rhs_jet => 5
│   samples =
│    Dict{Symbol, Vector{String}} with 2 entries:
│      :state_jet        => ["x6_0", "x6_1"]
└      :measured_rhs_jet => ["x5_0", "x4_0", "x5_1", "x4_1", "x5_2"]
[ Info: Getting equation system from StructuralIdentifiability.jl
[ Info: Converting ODESystem to SI.jl format
┌ Warning: Floating point value -3.2559306594960433 will be converted to -227872920//69987031.
└ @ ModelingToolkitSIExt ~/ParameterEstimationBenchmark-local/environments/StructuralIdentifiability.jl/ext/ModelingToolkitSIExt.jl:78
┌ Warning: Floating point value 8.0 will be converted to 8.
└ @ ModelingToolkitSIExt ~/ParameterEstimationBenchmark-local/environments/StructuralIdentifiability.jl/ext/ModelingToolkitSIExt.jl:78
┌ Warning: Floating point value 2.215839042581823 will be converted to 56431123//25467158.
└ @ ModelingToolkitSIExt ~/ParameterEstimationBenchmark-local/environments/StructuralIdentifiability.jl/ext/ModelingToolkitSIExt.jl:78
┌ Warning: Floating point value 8.0 will be converted to 8.
└ @ ModelingToolkitSIExt ~/ParameterEstimationBenchmark-local/environments/StructuralIdentifiability.jl/ext/ModelingToolkitSIExt.jl:78
┌ Warning: Floating point value -0.0013576932342799083 will be converted to -1626570//1198039409.
└ @ ModelingToolkitSIExt ~/ParameterEstimationBenchmark-local/environments/StructuralIdentifiability.jl/ext/ModelingToolkitSIExt.jl:78
┌ Warning: Floating point value 6.04523995668108 will be converted to 103374504//17100149.
└ @ ModelingToolkitSIExt ~/ParameterEstimationBenchmark-local/environments/StructuralIdentifiability.jl/ext/ModelingToolkitSIExt.jl:78
┌ Warning: Floating point value 0.5 will be converted to 1//2.
└ @ ModelingToolkitSIExt ~/ParameterEstimationBenchmark-local/environments/StructuralIdentifiability.jl/ext/ModelingToolkitSIExt.jl:78
┌ Warning: Floating point value 0.5 will be converted to 1//2.
└ @ ModelingToolkitSIExt ~/ParameterEstimationBenchmark-local/environments/StructuralIdentifiability.jl/ext/ModelingToolkitSIExt.jl:78
┌ Warning: Floating point value 3.2559306594960433 will be converted to 227872920//69987031.
└ @ ModelingToolkitSIExt ~/ParameterEstimationBenchmark-local/environments/StructuralIdentifiability.jl/ext/ModelingToolkitSIExt.jl:78
┌ Warning: Floating point value 2.215839042581823 will be converted to 56431123//25467158.
└ @ ModelingToolkitSIExt ~/ParameterEstimationBenchmark-local/environments/StructuralIdentifiability.jl/ext/ModelingToolkitSIExt.jl:78
┌ Warning: Floating point value 8.0 will be converted to 8.
└ @ ModelingToolkitSIExt ~/ParameterEstimationBenchmark-local/environments/StructuralIdentifiability.jl/ext/ModelingToolkitSIExt.jl:78
┌ Warning: Floating point value 0.5 will be converted to 1//2.
└ @ ModelingToolkitSIExt ~/ParameterEstimationBenchmark-local/environments/StructuralIdentifiability.jl/ext/ModelingToolkitSIExt.jl:78
┌ Warning: Floating point value -0.005010739554767456 will be converted to -3768356//752055851.
└ @ ModelingToolkitSIExt ~/ParameterEstimationBenchmark-local/environments/StructuralIdentifiability.jl/ext/ModelingToolkitSIExt.jl:78
┌ Warning: Floating point value -10.888175205188602 will be converted to -233245150//21421877.
└ @ ModelingToolkitSIExt ~/ParameterEstimationBenchmark-local/environments/StructuralIdentifiability.jl/ext/ModelingToolkitSIExt.jl:78
┌ Warning: Floating point value -0.5 will be converted to -1//2.
└ @ ModelingToolkitSIExt ~/ParameterEstimationBenchmark-local/environments/StructuralIdentifiability.jl/ext/ModelingToolkitSIExt.jl:78
┌ Warning: Floating point value 0.0013576932342799083 will be converted to 1626570//1198039409.
└ @ ModelingToolkitSIExt ~/ParameterEstimationBenchmark-local/environments/StructuralIdentifiability.jl/ext/ModelingToolkitSIExt.jl:78
┌ Warning: Floating point value 6.04523995668108 will be converted to 103374504//17100149.
└ @ ModelingToolkitSIExt ~/ParameterEstimationBenchmark-local/environments/StructuralIdentifiability.jl/ext/ModelingToolkitSIExt.jl:78
┌ Warning: Floating point value 0.5 will be converted to 1//2.
└ @ ModelingToolkitSIExt ~/ParameterEstimationBenchmark-local/environments/StructuralIdentifiability.jl/ext/ModelingToolkitSIExt.jl:78
┌ Warning: Floating point value 0.5 will be converted to 1//2.
└ @ ModelingToolkitSIExt ~/ParameterEstimationBenchmark-local/environments/StructuralIdentifiability.jl/ext/ModelingToolkitSIExt.jl:78
┌ Warning: Floating point value 0.5 will be converted to 1//2.
└ @ ModelingToolkitSIExt ~/ParameterEstimationBenchmark-local/environments/StructuralIdentifiability.jl/ext/ModelingToolkitSIExt.jl:78
┌ Warning: Floating point value 0.010021479109534912 will be converted to 6262611//624918830.
└ @ ModelingToolkitSIExt ~/ParameterEstimationBenchmark-local/environments/StructuralIdentifiability.jl/ext/ModelingToolkitSIExt.jl:78
┌ Warning: Floating point value -10.888175205188602 will be converted to -233245150//21421877.
└ @ ModelingToolkitSIExt ~/ParameterEstimationBenchmark-local/environments/StructuralIdentifiability.jl/ext/ModelingToolkitSIExt.jl:78
┌ Warning: Floating point value -0.5 will be converted to -1//2.
└ @ ModelingToolkitSIExt ~/ParameterEstimationBenchmark-local/environments/StructuralIdentifiability.jl/ext/ModelingToolkitSIExt.jl:78
┌ Warning: Floating point value 8.0 will be converted to 8.
└ @ ModelingToolkitSIExt ~/ParameterEstimationBenchmark-local/environments/StructuralIdentifiability.jl/ext/ModelingToolkitSIExt.jl:78
┌ Warning: Floating point value 0.5 will be converted to 1//2.
└ @ ModelingToolkitSIExt ~/ParameterEstimationBenchmark-local/environments/StructuralIdentifiability.jl/ext/ModelingToolkitSIExt.jl:78
[ Info: Getting polynomial system from SIAN
[ Info: Built polynomial system with 9 equations
[ Info: [SI-TEMPLATE] algebraic_multiplicity M = 1  (setup 0.0s, Groebner 0.0s, quotient_basis 0.0s, ring: 8 vars × 10 polys)
[ Info: [DEBUG-ALG-INDEP] Input: 9 equations, 7 indeterminates
[ Info: [DEBUG-ALG-INDEP] Jacobian size: (9, 7)
[ Info: [DEBUG-ALG-INDEP] Jacobian rank: 7
[ Info: [DEBUG-ALG-INDEP] Found 7 pivot columns
[ Info: [DEBUG-ALG-INDEP] Selected 7 equations (current_rank=7)
[ Info: [DEBUG-ALG-INDEP] Returning: output_ids=[1, 2, 3, 4, 5, 6, 7], alg_indep has 0 vars
[ Info: Reduced polynomial system to 7 equations
┌ Info: [SI-MAP] Extending DerivativeData support for SI template
│   current_order = -1
└   required_order = 5
[ Info: Checking identifiability
┌ Warning: There are no parameters in the given ODE, thus no identifiabile
│ functions.
│ Use `find_identifiable_functions` with keyword `with_states=true` to
│ compute the functions with the ODE states included.
└ @ StructuralIdentifiability ~/ParameterEstimationBenchmark-local/environments/StructuralIdentifiability.jl/src/identifiable_functions.jl:97
┌ Info: [SI-STRUCTURAL] SIAN/SI template summary
│   template_equation_count = 7
│   derivative_symbol_count = 12
│   max_derivative_order = 5
│   structural_unidentifiable_count = 1
└   identifiable_function_count = 1
┌ Info: [SI-MAP] Classified symbolic SI support variables while converting SIAN output
│   counts =
│    Dict{Symbol, Int64} with 2 entries:
│      :state_jet        => 2
│      :measured_rhs_jet => 5
│   samples =
│    Dict{Symbol, Vector{String}} with 2 entries:
│      :state_jet        => ["x6_0", "x6_1"]
└      :measured_rhs_jet => ["x5_0", "x4_0", "x5_1", "x4_1", "x5_2"]
[ Info: Getting equation system from StructuralIdentifiability.jl
[ Info: Converting ODESystem to SI.jl format
┌ Warning: Floating point value -3.255991926754139 will be converted to -72462872//22255237.
└ @ ModelingToolkitSIExt ~/ParameterEstimationBenchmark-local/environments/StructuralIdentifiability.jl/ext/ModelingToolkitSIExt.jl:78
┌ Warning: Floating point value 8.0 will be converted to 8.
└ @ ModelingToolkitSIExt ~/ParameterEstimationBenchmark-local/environments/StructuralIdentifiability.jl/ext/ModelingToolkitSIExt.jl:78
┌ Warning: Floating point value 2.215981009838941 will be converted to 88301485//39847582.
└ @ ModelingToolkitSIExt ~/ParameterEstimationBenchmark-local/environments/StructuralIdentifiability.jl/ext/ModelingToolkitSIExt.jl:78
┌ Warning: Floating point value 8.0 will be converted to 8.
└ @ ModelingToolkitSIExt ~/ParameterEstimationBenchmark-local/environments/StructuralIdentifiability.jl/ext/ModelingToolkitSIExt.jl:78
┌ Warning: Floating point value -0.002273054286625678 will be converted to -2778844//1222515457.
└ @ ModelingToolkitSIExt ~/ParameterEstimationBenchmark-local/environments/StructuralIdentifiability.jl/ext/ModelingToolkitSIExt.jl:78
┌ Warning: Floating point value 6.0413348655918675 will be converted to 154735115//25612736.
└ @ ModelingToolkitSIExt ~/ParameterEstimationBenchmark-local/environments/StructuralIdentifiability.jl/ext/ModelingToolkitSIExt.jl:78
┌ Warning: Floating point value 0.5 will be converted to 1//2.
└ @ ModelingToolkitSIExt ~/ParameterEstimationBenchmark-local/environments/StructuralIdentifiability.jl/ext/ModelingToolkitSIExt.jl:78
┌ Warning: Floating point value 0.5 will be converted to 1//2.
└ @ ModelingToolkitSIExt ~/ParameterEstimationBenchmark-local/environments/StructuralIdentifiability.jl/ext/ModelingToolkitSIExt.jl:78
┌ Warning: Floating point value 3.255991926754139 will be converted to 72462872//22255237.
└ @ ModelingToolkitSIExt ~/ParameterEstimationBenchmark-local/environments/StructuralIdentifiability.jl/ext/ModelingToolkitSIExt.jl:78
┌ Warning: Floating point value 2.215981009838941 will be converted to 88301485//39847582.
└ @ ModelingToolkitSIExt ~/ParameterEstimationBenchmark-local/environments/StructuralIdentifiability.jl/ext/ModelingToolkitSIExt.jl:78
┌ Warning: Floating point value 8.0 will be converted to 8.
└ @ ModelingToolkitSIExt ~/ParameterEstimationBenchmark-local/environments/StructuralIdentifiability.jl/ext/ModelingToolkitSIExt.jl:78
┌ Warning: Floating point value 0.5 will be converted to 1//2.
└ @ ModelingToolkitSIExt ~/ParameterEstimationBenchmark-local/environments/StructuralIdentifiability.jl/ext/ModelingToolkitSIExt.jl:78
┌ Warning: Floating point value -0.0050139201249435415 will be converted to -4754625//948284951.
└ @ ModelingToolkitSIExt ~/ParameterEstimationBenchmark-local/environments/StructuralIdentifiability.jl/ext/ModelingToolkitSIExt.jl:78
┌ Warning: Floating point value -10.859888103150919 will be converted to -120261847//11073949.
└ @ ModelingToolkitSIExt ~/ParameterEstimationBenchmark-local/environments/StructuralIdentifiability.jl/ext/ModelingToolkitSIExt.jl:78
┌ Warning: Floating point value -0.5 will be converted to -1//2.
└ @ ModelingToolkitSIExt ~/ParameterEstimationBenchmark-local/environments/StructuralIdentifiability.jl/ext/ModelingToolkitSIExt.jl:78
┌ Warning: Floating point value 0.002273054286625678 will be converted to 2778844//1222515457.
└ @ ModelingToolkitSIExt ~/ParameterEstimationBenchmark-local/environments/StructuralIdentifiability.jl/ext/ModelingToolkitSIExt.jl:78
┌ Warning: Floating point value 6.0413348655918675 will be converted to 154735115//25612736.
└ @ ModelingToolkitSIExt ~/ParameterEstimationBenchmark-local/environments/StructuralIdentifiability.jl/ext/ModelingToolkitSIExt.jl:78
┌ Warning: Floating point value 0.5 will be converted to 1//2.
└ @ ModelingToolkitSIExt ~/ParameterEstimationBenchmark-local/environments/StructuralIdentifiability.jl/ext/ModelingToolkitSIExt.jl:78
┌ Warning: Floating point value 0.5 will be converted to 1//2.
└ @ ModelingToolkitSIExt ~/ParameterEstimationBenchmark-local/environments/StructuralIdentifiability.jl/ext/ModelingToolkitSIExt.jl:78
┌ Warning: Floating point value 0.5 will be converted to 1//2.
└ @ ModelingToolkitSIExt ~/ParameterEstimationBenchmark-local/environments/StructuralIdentifiability.jl/ext/ModelingToolkitSIExt.jl:78
┌ Warning: Floating point value 0.010027840249887083 will be converted to 8053699//803133955.
└ @ ModelingToolkitSIExt ~/ParameterEstimationBenchmark-local/environments/StructuralIdentifiability.jl/ext/ModelingToolkitSIExt.jl:78
┌ Warning: Floating point value -10.859888103150919 will be converted to -120261847//11073949.
└ @ ModelingToolkitSIExt ~/ParameterEstimationBenchmark-local/environments/StructuralIdentifiability.jl/ext/ModelingToolkitSIExt.jl:78
┌ Warning: Floating point value -0.5 will be converted to -1//2.
└ @ ModelingToolkitSIExt ~/ParameterEstimationBenchmark-local/environments/StructuralIdentifiability.jl/ext/ModelingToolkitSIExt.jl:78
┌ Warning: Floating point value 8.0 will be converted to 8.
└ @ ModelingToolkitSIExt ~/ParameterEstimationBenchmark-local/environments/StructuralIdentifiability.jl/ext/ModelingToolkitSIExt.jl:78
┌ Warning: Floating point value 0.5 will be converted to 1//2.
└ @ ModelingToolkitSIExt ~/ParameterEstimationBenchmark-local/environments/StructuralIdentifiability.jl/ext/ModelingToolkitSIExt.jl:78
[ Info: Getting polynomial system from SIAN
[ Info: Built polynomial system with 9 equations
[ Info: [SI-TEMPLATE] algebraic_multiplicity M = 1  (setup 0.0s, Groebner 0.0s, quotient_basis 0.0s, ring: 8 vars × 10 polys)
[ Info: [DEBUG-ALG-INDEP] Input: 9 equations, 7 indeterminates
[ Info: [DEBUG-ALG-INDEP] Jacobian size: (9, 7)
[ Info: [DEBUG-ALG-INDEP] Jacobian rank: 7
[ Info: [DEBUG-ALG-INDEP] Found 7 pivot columns
[ Info: [DEBUG-ALG-INDEP] Selected 7 equations (current_rank=7)
[ Info: [DEBUG-ALG-INDEP] Returning: output_ids=[1, 2, 3, 4, 5, 6, 7], alg_indep has 0 vars
[ Info: Reduced polynomial system to 7 equations
┌ Info: [SI-MAP] Extending DerivativeData support for SI template
│   current_order = -1
└   required_order = 5
[ Info: Checking identifiability
┌ Warning: There are no parameters in the given ODE, thus no identifiabile
│ functions.
│ Use `find_identifiable_functions` with keyword `with_states=true` to
│ compute the functions with the ODE states included.
└ @ StructuralIdentifiability ~/ParameterEstimationBenchmark-local/environments/StructuralIdentifiability.jl/src/identifiable_functions.jl:97
┌ Info: [SI-STRUCTURAL] SIAN/SI template summary
│   template_equation_count = 7
│   derivative_symbol_count = 12
│   max_derivative_order = 5
│   structural_unidentifiable_count = 1
└   identifiable_function_count = 1
┌ Info: [SI-MAP] Classified symbolic SI support variables while converting SIAN output
│   counts =
│    Dict{Symbol, Int64} with 2 entries:
│      :state_jet        => 2
│      :measured_rhs_jet => 5
│   samples =
│    Dict{Symbol, Vector{String}} with 2 entries:
│      :state_jet        => ["x6_0", "x6_1"]
└      :measured_rhs_jet => ["x5_0", "x4_0", "x5_1", "x4_1", "x5_2"]
[ Info: Getting equation system from StructuralIdentifiability.jl
[ Info: Converting ODESystem to SI.jl format
┌ Warning: Floating point value -3.2560161868931883 will be converted to -118857947//36504102.
└ @ ModelingToolkitSIExt ~/ParameterEstimationBenchmark-local/environments/StructuralIdentifiability.jl/ext/ModelingToolkitSIExt.jl:78
┌ Warning: Floating point value 8.0 will be converted to 8.
└ @ ModelingToolkitSIExt ~/ParameterEstimationBenchmark-local/environments/StructuralIdentifiability.jl/ext/ModelingToolkitSIExt.jl:78
┌ Warning: Floating point value 2.2160369305950045 will be converted to 73111599//32992049.
└ @ ModelingToolkitSIExt ~/ParameterEstimationBenchmark-local/environments/StructuralIdentifiability.jl/ext/ModelingToolkitSIExt.jl:78
┌ Warning: Floating point value 8.0 will be converted to 8.
└ @ ModelingToolkitSIExt ~/ParameterEstimationBenchmark-local/environments/StructuralIdentifiability.jl/ext/ModelingToolkitSIExt.jl:78
┌ Warning: Floating point value -0.004330402090928719 will be converted to -3361784//776321443.
└ @ ModelingToolkitSIExt ~/ParameterEstimationBenchmark-local/environments/StructuralIdentifiability.jl/ext/ModelingToolkitSIExt.jl:78
┌ Warning: Floating point value 6.153786708235571 will be converted to 229001314//37213073.
└ @ ModelingToolkitSIExt ~/ParameterEstimationBenchmark-local/environments/StructuralIdentifiability.jl/ext/ModelingToolkitSIExt.jl:78
┌ Warning: Floating point value 0.5 will be converted to 1//2.
└ @ ModelingToolkitSIExt ~/ParameterEstimationBenchmark-local/environments/StructuralIdentifiability.jl/ext/ModelingToolkitSIExt.jl:78
┌ Warning: Floating point value 0.5 will be converted to 1//2.
└ @ ModelingToolkitSIExt ~/ParameterEstimationBenchmark-local/environments/StructuralIdentifiability.jl/ext/ModelingToolkitSIExt.jl:78
┌ Warning: Floating point value 3.2560161868931883 will be converted to 118857947//36504102.
└ @ ModelingToolkitSIExt ~/ParameterEstimationBenchmark-local/environments/StructuralIdentifiability.jl/ext/ModelingToolkitSIExt.jl:78
┌ Warning: Floating point value 2.2160369305950045 will be converted to 73111599//32992049.
└ @ ModelingToolkitSIExt ~/ParameterEstimationBenchmark-local/environments/StructuralIdentifiability.jl/ext/ModelingToolkitSIExt.jl:78
┌ Warning: Floating point value 8.0 will be converted to 8.
└ @ ModelingToolkitSIExt ~/ParameterEstimationBenchmark-local/environments/StructuralIdentifiability.jl/ext/ModelingToolkitSIExt.jl:78
┌ Warning: Floating point value 0.5 will be converted to 1//2.
└ @ ModelingToolkitSIExt ~/ParameterEstimationBenchmark-local/environments/StructuralIdentifiability.jl/ext/ModelingToolkitSIExt.jl:78
┌ Warning: Floating point value -0.0048683828246241685 will be converted to -3231319//663735601.
└ @ ModelingToolkitSIExt ~/ParameterEstimationBenchmark-local/environments/StructuralIdentifiability.jl/ext/ModelingToolkitSIExt.jl:78
┌ Warning: Floating point value -10.971043146012395 will be converted to -58521113//5334143.
└ @ ModelingToolkitSIExt ~/ParameterEstimationBenchmark-local/environments/StructuralIdentifiability.jl/ext/ModelingToolkitSIExt.jl:78
┌ Warning: Floating point value -0.5 will be converted to -1//2.
└ @ ModelingToolkitSIExt ~/ParameterEstimationBenchmark-local/environments/StructuralIdentifiability.jl/ext/ModelingToolkitSIExt.jl:78
┌ Warning: Floating point value 0.004330402090928719 will be converted to 3361784//776321443.
└ @ ModelingToolkitSIExt ~/ParameterEstimationBenchmark-local/environments/StructuralIdentifiability.jl/ext/ModelingToolkitSIExt.jl:78
┌ Warning: Floating point value 6.153786708235571 will be converted to 229001314//37213073.
└ @ ModelingToolkitSIExt ~/ParameterEstimationBenchmark-local/environments/StructuralIdentifiability.jl/ext/ModelingToolkitSIExt.jl:78
┌ Warning: Floating point value 0.5 will be converted to 1//2.
└ @ ModelingToolkitSIExt ~/ParameterEstimationBenchmark-local/environments/StructuralIdentifiability.jl/ext/ModelingToolkitSIExt.jl:78
┌ Warning: Floating point value 0.5 will be converted to 1//2.
└ @ ModelingToolkitSIExt ~/ParameterEstimationBenchmark-local/environments/StructuralIdentifiability.jl/ext/ModelingToolkitSIExt.jl:78
┌ Warning: Floating point value 0.5 will be converted to 1//2.
└ @ ModelingToolkitSIExt ~/ParameterEstimationBenchmark-local/environments/StructuralIdentifiability.jl/ext/ModelingToolkitSIExt.jl:78
┌ Warning: Floating point value 0.009736765649248337 will be converted to 6462638//663735601.
└ @ ModelingToolkitSIExt ~/ParameterEstimationBenchmark-local/environments/StructuralIdentifiability.jl/ext/ModelingToolkitSIExt.jl:78
┌ Warning: Floating point value -10.971043146012395 will be converted to -58521113//5334143.
└ @ ModelingToolkitSIExt ~/ParameterEstimationBenchmark-local/environments/StructuralIdentifiability.jl/ext/ModelingToolkitSIExt.jl:78
┌ Warning: Floating point value -0.5 will be converted to -1//2.
└ @ ModelingToolkitSIExt ~/ParameterEstimationBenchmark-local/environments/StructuralIdentifiability.jl/ext/ModelingToolkitSIExt.jl:78
┌ Warning: Floating point value 8.0 will be converted to 8.
└ @ ModelingToolkitSIExt ~/ParameterEstimationBenchmark-local/environments/StructuralIdentifiability.jl/ext/ModelingToolkitSIExt.jl:78
┌ Warning: Floating point value 0.5 will be converted to 1//2.
└ @ ModelingToolkitSIExt ~/ParameterEstimationBenchmark-local/environments/StructuralIdentifiability.jl/ext/ModelingToolkitSIExt.jl:78
[ Info: Getting polynomial system from SIAN
[ Info: Built polynomial system with 9 equations
[ Info: [SI-TEMPLATE] algebraic_multiplicity M = 1  (setup 0.0s, Groebner 0.0s, quotient_basis 0.0s, ring: 8 vars × 10 polys)
[ Info: [DEBUG-ALG-INDEP] Input: 9 equations, 7 indeterminates
[ Info: [DEBUG-ALG-INDEP] Jacobian size: (9, 7)
[ Info: [DEBUG-ALG-INDEP] Jacobian rank: 7
[ Info: [DEBUG-ALG-INDEP] Found 7 pivot columns
[ Info: [DEBUG-ALG-INDEP] Selected 7 equations (current_rank=7)
[ Info: [DEBUG-ALG-INDEP] Returning: output_ids=[1, 2, 3, 4, 5, 6, 7], alg_indep has 0 vars
[ Info: Reduced polynomial system to 7 equations
┌ Info: [SI-MAP] Extending DerivativeData support for SI template
│   current_order = -1
└   required_order = 5
[ Info: Checking identifiability
┌ Warning: There are no parameters in the given ODE, thus no identifiabile
│ functions.
│ Use `find_identifiable_functions` with keyword `with_states=true` to
│ compute the functions with the ODE states included.
└ @ StructuralIdentifiability ~/ParameterEstimationBenchmark-local/environments/StructuralIdentifiability.jl/src/identifiable_functions.jl:97
┌ Info: [SI-STRUCTURAL] SIAN/SI template summary
│   template_equation_count = 7
│   derivative_symbol_count = 12
│   max_derivative_order = 5
│   structural_unidentifiable_count = 1
└   identifiable_function_count = 1
┌ Info: [SI-MAP] Classified symbolic SI support variables while converting SIAN output
│   counts =
│    Dict{Symbol, Int64} with 2 entries:
│      :state_jet        => 2
│      :measured_rhs_jet => 5
│   samples =
│    Dict{Symbol, Vector{String}} with 2 entries:
│      :state_jet        => ["x6_0", "x6_1"]
└      :measured_rhs_jet => ["x5_0", "x4_0", "x5_1", "x4_1", "x5_2"]
[ Info: Getting equation system from StructuralIdentifiability.jl
[ Info: Converting ODESystem to SI.jl format
┌ Warning: Floating point value -3.25601624441933 will be converted to -107680677//33071296.
└ @ ModelingToolkitSIExt ~/ParameterEstimationBenchmark-local/environments/StructuralIdentifiability.jl/ext/ModelingToolkitSIExt.jl:78
┌ Warning: Floating point value 8.0 will be converted to 8.
└ @ ModelingToolkitSIExt ~/ParameterEstimationBenchmark-local/environments/StructuralIdentifiability.jl/ext/ModelingToolkitSIExt.jl:78
┌ Warning: Floating point value 2.2160371092434312 will be converted to 304856008//137568097.
└ @ ModelingToolkitSIExt ~/ParameterEstimationBenchmark-local/environments/StructuralIdentifiability.jl/ext/ModelingToolkitSIExt.jl:78
┌ Warning: Floating point value 8.0 will be converted to 8.
└ @ ModelingToolkitSIExt ~/ParameterEstimationBenchmark-local/environments/StructuralIdentifiability.jl/ext/ModelingToolkitSIExt.jl:78
┌ Warning: Floating point value -0.26870023497469425 will be converted to -27320723//101677332.
└ @ ModelingToolkitSIExt ~/ParameterEstimationBenchmark-local/environments/StructuralIdentifiability.jl/ext/ModelingToolkitSIExt.jl:78
┌ Warning: Floating point value 3.884841248084023 will be converted to 194439525//50050829.
└ @ ModelingToolkitSIExt ~/ParameterEstimationBenchmark-local/environments/StructuralIdentifiability.jl/ext/ModelingToolkitSIExt.jl:78
┌ Warning: Floating point value 0.5 will be converted to 1//2.
└ @ ModelingToolkitSIExt ~/ParameterEstimationBenchmark-local/environments/StructuralIdentifiability.jl/ext/ModelingToolkitSIExt.jl:78
┌ Warning: Floating point value 0.5 will be converted to 1//2.
└ @ ModelingToolkitSIExt ~/ParameterEstimationBenchmark-local/environments/StructuralIdentifiability.jl/ext/ModelingToolkitSIExt.jl:78
┌ Warning: Floating point value 3.25601624441933 will be converted to 107680677//33071296.
└ @ ModelingToolkitSIExt ~/ParameterEstimationBenchmark-local/environments/StructuralIdentifiability.jl/ext/ModelingToolkitSIExt.jl:78
┌ Warning: Floating point value 2.2160371092434312 will be converted to 304856008//137568097.
└ @ ModelingToolkitSIExt ~/ParameterEstimationBenchmark-local/environments/StructuralIdentifiability.jl/ext/ModelingToolkitSIExt.jl:78
┌ Warning: Floating point value 8.0 will be converted to 8.
└ @ ModelingToolkitSIExt ~/ParameterEstimationBenchmark-local/environments/StructuralIdentifiability.jl/ext/ModelingToolkitSIExt.jl:78
┌ Warning: Floating point value 0.5 will be converted to 1//2.
└ @ ModelingToolkitSIExt ~/ParameterEstimationBenchmark-local/environments/StructuralIdentifiability.jl/ext/ModelingToolkitSIExt.jl:78
┌ Warning: Floating point value 0.047953552634655325 will be converted to 28170578//587455495.
└ @ ModelingToolkitSIExt ~/ParameterEstimationBenchmark-local/environments/StructuralIdentifiability.jl/ext/ModelingToolkitSIExt.jl:78
┌ Warning: Floating point value -2.0804178038512413 will be converted to -99992184//48063511.
└ @ ModelingToolkitSIExt ~/ParameterEstimationBenchmark-local/environments/StructuralIdentifiability.jl/ext/ModelingToolkitSIExt.jl:78
┌ Warning: Floating point value -0.5 will be converted to -1//2.
└ @ ModelingToolkitSIExt ~/ParameterEstimationBenchmark-local/environments/StructuralIdentifiability.jl/ext/ModelingToolkitSIExt.jl:78
┌ Warning: Floating point value 0.26870023497469425 will be converted to 27320723//101677332.
└ @ ModelingToolkitSIExt ~/ParameterEstimationBenchmark-local/environments/StructuralIdentifiability.jl/ext/ModelingToolkitSIExt.jl:78
┌ Warning: Floating point value 3.884841248084023 will be converted to 194439525//50050829.
└ @ ModelingToolkitSIExt ~/ParameterEstimationBenchmark-local/environments/StructuralIdentifiability.jl/ext/ModelingToolkitSIExt.jl:78
┌ Warning: Floating point value 0.5 will be converted to 1//2.
└ @ ModelingToolkitSIExt ~/ParameterEstimationBenchmark-local/environments/StructuralIdentifiability.jl/ext/ModelingToolkitSIExt.jl:78
┌ Warning: Floating point value 0.5 will be converted to 1//2.
└ @ ModelingToolkitSIExt ~/ParameterEstimationBenchmark-local/environments/StructuralIdentifiability.jl/ext/ModelingToolkitSIExt.jl:78
┌ Warning: Floating point value 0.5 will be converted to 1//2.
└ @ ModelingToolkitSIExt ~/ParameterEstimationBenchmark-local/environments/StructuralIdentifiability.jl/ext/ModelingToolkitSIExt.jl:78
┌ Warning: Floating point value -0.09590710526931065 will be converted to -35884441//374158316.
└ @ ModelingToolkitSIExt ~/ParameterEstimationBenchmark-local/environments/StructuralIdentifiability.jl/ext/ModelingToolkitSIExt.jl:78
┌ Warning: Floating point value -2.0804178038512413 will be converted to -99992184//48063511.
└ @ ModelingToolkitSIExt ~/ParameterEstimationBenchmark-local/environments/StructuralIdentifiability.jl/ext/ModelingToolkitSIExt.jl:78
┌ Warning: Floating point value -0.5 will be converted to -1//2.
└ @ ModelingToolkitSIExt ~/ParameterEstimationBenchmark-local/environments/StructuralIdentifiability.jl/ext/ModelingToolkitSIExt.jl:78
┌ Warning: Floating point value 8.0 will be converted to 8.
└ @ ModelingToolkitSIExt ~/ParameterEstimationBenchmark-local/environments/StructuralIdentifiability.jl/ext/ModelingToolkitSIExt.jl:78
┌ Warning: Floating point value 0.5 will be converted to 1//2.
└ @ ModelingToolkitSIExt ~/ParameterEstimationBenchmark-local/environments/StructuralIdentifiability.jl/ext/ModelingToolkitSIExt.jl:78
[ Info: Getting polynomial system from SIAN
[ Info: Built polynomial system with 9 equations
[ Info: [SI-TEMPLATE] algebraic_multiplicity M = 1  (setup 0.0s, Groebner 0.0s, quotient_basis 0.0s, ring: 8 vars × 10 polys)
[ Info: [DEBUG-ALG-INDEP] Input: 9 equations, 7 indeterminates
[ Info: [DEBUG-ALG-INDEP] Jacobian size: (9, 7)
[ Info: [DEBUG-ALG-INDEP] Jacobian rank: 7
[ Info: [DEBUG-ALG-INDEP] Found 7 pivot columns
[ Info: [DEBUG-ALG-INDEP] Selected 7 equations (current_rank=7)
[ Info: [DEBUG-ALG-INDEP] Returning: output_ids=[1, 2, 3, 4, 5, 6, 7], alg_indep has 0 vars
[ Info: Reduced polynomial system to 7 equations
┌ Info: [SI-MAP] Extending DerivativeData support for SI template
│   current_order = -1
└   required_order = 5
[ Info: Checking identifiability
┌ Warning: There are no parameters in the given ODE, thus no identifiabile
│ functions.
│ Use `find_identifiable_functions` with keyword `with_states=true` to
│ compute the functions with the ODE states included.
└ @ StructuralIdentifiability ~/ParameterEstimationBenchmark-local/environments/StructuralIdentifiability.jl/src/identifiable_functions.jl:97
┌ Info: [SI-STRUCTURAL] SIAN/SI template summary
│   template_equation_count = 7
│   derivative_symbol_count = 12
│   max_derivative_order = 5
│   structural_unidentifiable_count = 1
└   identifiable_function_count = 1
┌ Info: [SI-MAP] Classified symbolic SI support variables while converting SIAN output
│   counts =
│    Dict{Symbol, Int64} with 2 entries:
│      :state_jet        => 2
│      :measured_rhs_jet => 5
│   samples =
│    Dict{Symbol, Vector{String}} with 2 entries:
│      :state_jet        => ["x6_0", "x6_1"]
└      :measured_rhs_jet => ["x5_0", "x4_0", "x5_1", "x4_1", "x5_2"]
[ Info: Getting equation system from StructuralIdentifiability.jl
[ Info: Converting ODESystem to SI.jl format
┌ Warning: Floating point value -3.25601624441933 will be converted to -107680677//33071296.
└ @ ModelingToolkitSIExt ~/ParameterEstimationBenchmark-local/environments/StructuralIdentifiability.jl/ext/ModelingToolkitSIExt.jl:78
┌ Warning: Floating point value 8.0 will be converted to 8.
└ @ ModelingToolkitSIExt ~/ParameterEstimationBenchmark-local/environments/StructuralIdentifiability.jl/ext/ModelingToolkitSIExt.jl:78
┌ Warning: Floating point value 2.216037109243431 will be converted to 13388935//6041837.
└ @ ModelingToolkitSIExt ~/ParameterEstimationBenchmark-local/environments/StructuralIdentifiability.jl/ext/ModelingToolkitSIExt.jl:78
┌ Warning: Floating point value 8.0 will be converted to 8.
└ @ ModelingToolkitSIExt ~/ParameterEstimationBenchmark-local/environments/StructuralIdentifiability.jl/ext/ModelingToolkitSIExt.jl:78
┌ Warning: Floating point value -0.012885521260363393 will be converted to -5473041//424743469.
└ @ ModelingToolkitSIExt ~/ParameterEstimationBenchmark-local/environments/StructuralIdentifiability.jl/ext/ModelingToolkitSIExt.jl:78
┌ Warning: Floating point value 7.343643215948463 will be converted to 345421558//47036811.
└ @ ModelingToolkitSIExt ~/ParameterEstimationBenchmark-local/environments/StructuralIdentifiability.jl/ext/ModelingToolkitSIExt.jl:78
┌ Warning: Floating point value 0.5 will be converted to 1//2.
└ @ ModelingToolkitSIExt ~/ParameterEstimationBenchmark-local/environments/StructuralIdentifiability.jl/ext/ModelingToolkitSIExt.jl:78
┌ Warning: Floating point value 0.5 will be converted to 1//2.
└ @ ModelingToolkitSIExt ~/ParameterEstimationBenchmark-local/environments/StructuralIdentifiability.jl/ext/ModelingToolkitSIExt.jl:78
┌ Warning: Floating point value 3.25601624441933 will be converted to 107680677//33071296.
└ @ ModelingToolkitSIExt ~/ParameterEstimationBenchmark-local/environments/StructuralIdentifiability.jl/ext/ModelingToolkitSIExt.jl:78
┌ Warning: Floating point value 2.216037109243431 will be converted to 13388935//6041837.
└ @ ModelingToolkitSIExt ~/ParameterEstimationBenchmark-local/environments/StructuralIdentifiability.jl/ext/ModelingToolkitSIExt.jl:78
[CAND 138] ok  max=453b  0.3s
[CAND 158] ok  max=459b  0.3s
[CAND 159] ok  max=444b  0.3s
[CAND 163] ok  max=455b  0.3s
┌ Warning: Floating point value 8.0 will be converted to 8.
└ @ ModelingToolkitSIExt ~/ParameterEstimationBenchmark-local/environments/StructuralIdentifiability.jl/ext/ModelingToolkitSIExt.jl:78
┌ Warning: Floating point value 0.5 will be converted to 1//2.
└ @ ModelingToolkitSIExt ~/ParameterEstimationBenchmark-local/environments/StructuralIdentifiability.jl/ext/ModelingToolkitSIExt.jl:78
┌ Warning: Floating point value -0.0036812105845275733 will be converted to -7045109//1913802223.
└ @ ModelingToolkitSIExt ~/ParameterEstimationBenchmark-local/environments/StructuralIdentifiability.jl/ext/ModelingToolkitSIExt.jl:78
┌ Warning: Floating point value -12.428265039687812 will be converted to -330043602//26555887.
└ @ ModelingToolkitSIExt ~/ParameterEstimationBenchmark-local/environments/StructuralIdentifiability.jl/ext/ModelingToolkitSIExt.jl:78
┌ Warning: Floating point value -0.5 will be converted to -1//2.
└ @ ModelingToolkitSIExt ~/ParameterEstimationBenchmark-local/environments/StructuralIdentifiability.jl/ext/ModelingToolkitSIExt.jl:78
┌ Warning: Floating point value 0.012885521260363393 will be converted to 5473041//424743469.
└ @ ModelingToolkitSIExt ~/ParameterEstimationBenchmark-local/environments/StructuralIdentifiability.jl/ext/ModelingToolkitSIExt.jl:78
┌ Warning: Floating point value 7.343643215948463 will be converted to 345421558//47036811.
└ @ ModelingToolkitSIExt ~/ParameterEstimationBenchmark-local/environments/StructuralIdentifiability.jl/ext/ModelingToolkitSIExt.jl:78
┌ Warning: Floating point value 0.5 will be converted to 1//2.
└ @ ModelingToolkitSIExt ~/ParameterEstimationBenchmark-local/environments/StructuralIdentifiability.jl/ext/ModelingToolkitSIExt.jl:78
┌ Warning: Floating point value 0.5 will be converted to 1//2.
└ @ ModelingToolkitSIExt ~/ParameterEstimationBenchmark-local/environments/StructuralIdentifiability.jl/ext/ModelingToolkitSIExt.jl:78
┌ Warning: Floating point value 0.5 will be converted to 1//2.
└ @ ModelingToolkitSIExt ~/ParameterEstimationBenchmark-local/environments/StructuralIdentifiability.jl/ext/ModelingToolkitSIExt.jl:78
┌ Warning: Floating point value 0.007362421169055147 will be converted to 14090218//1913802223.
└ @ ModelingToolkitSIExt ~/ParameterEstimationBenchmark-local/environments/StructuralIdentifiability.jl/ext/ModelingToolkitSIExt.jl:78
┌ Warning: Floating point value -12.428265039687812 will be converted to -330043602//26555887.
└ @ ModelingToolkitSIExt ~/ParameterEstimationBenchmark-local/environments/StructuralIdentifiability.jl/ext/ModelingToolkitSIExt.jl:78
┌ Warning: Floating point value -0.5 will be converted to -1//2.
└ @ ModelingToolkitSIExt ~/ParameterEstimationBenchmark-local/environments/StructuralIdentifiability.jl/ext/ModelingToolkitSIExt.jl:78
┌ Warning: Floating point value 8.0 will be converted to 8.
└ @ ModelingToolkitSIExt ~/ParameterEstimationBenchmark-local/environments/StructuralIdentifiability.jl/ext/ModelingToolkitSIExt.jl:78
┌ Warning: Floating point value 0.5 will be converted to 1//2.
└ @ ModelingToolkitSIExt ~/ParameterEstimationBenchmark-local/environments/StructuralIdentifiability.jl/ext/ModelingToolkitSIExt.jl:78
[ Info: Getting polynomial system from SIAN
[ Info: Built polynomial system with 9 equations
[ Info: [SI-TEMPLATE] algebraic_multiplicity M = 1  (setup 0.0s, Groebner 0.0s, quotient_basis 0.0s, ring: 8 vars × 10 polys)
[ Info: [DEBUG-ALG-INDEP] Input: 9 equations, 7 indeterminates
[ Info: [DEBUG-ALG-INDEP] Jacobian size: (9, 7)
[ Info: [DEBUG-ALG-INDEP] Jacobian rank: 7
[ Info: [DEBUG-ALG-INDEP] Found 7 pivot columns
[ Info: [DEBUG-ALG-INDEP] Selected 7 equations (current_rank=7)
[ Info: [DEBUG-ALG-INDEP] Returning: output_ids=[1, 2, 3, 4, 5, 6, 7], alg_indep has 0 vars
[ Info: Reduced polynomial system to 7 equations
┌ Info: [SI-MAP] Extending DerivativeData support for SI template
│   current_order = -1
└   required_order = 5
[ Info: Checking identifiability
┌ Warning: There are no parameters in the given ODE, thus no identifiabile
│ functions.
│ Use `find_identifiable_functions` with keyword `with_states=true` to
│ compute the functions with the ODE states included.
└ @ StructuralIdentifiability ~/ParameterEstimationBenchmark-local/environments/StructuralIdentifiability.jl/src/identifiable_functions.jl:97
┌ Info: [SI-STRUCTURAL] SIAN/SI template summary
│   template_equation_count = 7
│   derivative_symbol_count = 12
│   max_derivative_order = 5
│   structural_unidentifiable_count = 1
└   identifiable_function_count = 1
┌ Info: [SI-MAP] Classified symbolic SI support variables while converting SIAN output
│   counts =
│    Dict{Symbol, Int64} with 2 entries:
│      :state_jet        => 2
│      :measured_rhs_jet => 5
│   samples =
│    Dict{Symbol, Vector{String}} with 2 entries:
│      :state_jet        => ["x6_0", "x6_1"]
└      :measured_rhs_jet => ["x5_0", "x4_0", "x5_1", "x4_1", "x5_2"]
[ Info: Getting equation system from StructuralIdentifiability.jl
[ Info: Converting ODESystem to SI.jl format
┌ Warning: Floating point value -3.2560042826383593 will be converted to -151940437//46664692.
└ @ ModelingToolkitSIExt ~/ParameterEstimationBenchmark-local/environments/StructuralIdentifiability.jl/ext/ModelingToolkitSIExt.jl:78
┌ Warning: Floating point value 8.0 will be converted to 8.
└ @ ModelingToolkitSIExt ~/ParameterEstimationBenchmark-local/environments/StructuralIdentifiability.jl/ext/ModelingToolkitSIExt.jl:78
┌ Warning: Floating point value 2.21600916127108 will be converted to 44890697//20257451.
└ @ ModelingToolkitSIExt ~/ParameterEstimationBenchmark-local/environments/StructuralIdentifiability.jl/ext/ModelingToolkitSIExt.jl:78
┌ Warning: Floating point value 8.0 will be converted to 8.
└ @ ModelingToolkitSIExt ~/ParameterEstimationBenchmark-local/environments/StructuralIdentifiability.jl/ext/ModelingToolkitSIExt.jl:78
┌ Warning: Floating point value -0.1496205575906685 will be converted to -60434488//403918345.
└ @ ModelingToolkitSIExt ~/ParameterEstimationBenchmark-local/environments/StructuralIdentifiability.jl/ext/ModelingToolkitSIExt.jl:78
┌ Warning: Floating point value 1.005817674515073 will be converted to 110451633//109812778.
└ @ ModelingToolkitSIExt ~/ParameterEstimationBenchmark-local/environments/StructuralIdentifiability.jl/ext/ModelingToolkitSIExt.jl:78
┌ Warning: Floating point value 0.5 will be converted to 1//2.
└ @ ModelingToolkitSIExt ~/ParameterEstimationBenchmark-local/environments/StructuralIdentifiability.jl/ext/ModelingToolkitSIExt.jl:78
┌ Warning: Floating point value 0.5 will be converted to 1//2.
└ @ ModelingToolkitSIExt ~/ParameterEstimationBenchmark-local/environments/StructuralIdentifiability.jl/ext/ModelingToolkitSIExt.jl:78
┌ Warning: Floating point value 3.2560042826383593 will be converted to 151940437//46664692.
└ @ ModelingToolkitSIExt ~/ParameterEstimationBenchmark-local/environments/StructuralIdentifiability.jl/ext/ModelingToolkitSIExt.jl:78
┌ Warning: Floating point value 2.21600916127108 will be converted to 44890697//20257451.
└ @ ModelingToolkitSIExt ~/ParameterEstimationBenchmark-local/environments/StructuralIdentifiability.jl/ext/ModelingToolkitSIExt.jl:78
┌ Warning: Floating point value 8.0 will be converted to 8.
└ @ ModelingToolkitSIExt ~/ParameterEstimationBenchmark-local/environments/StructuralIdentifiability.jl/ext/ModelingToolkitSIExt.jl:78
┌ Warning: Floating point value 0.5 will be converted to 1//2.
└ @ ModelingToolkitSIExt ~/ParameterEstimationBenchmark-local/environments/StructuralIdentifiability.jl/ext/ModelingToolkitSIExt.jl:78
┌ Warning: Floating point value 0.020643960890026982 will be converted to 37240648//1803948777.
└ @ ModelingToolkitSIExt ~/ParameterEstimationBenchmark-local/environments/StructuralIdentifiability.jl/ext/ModelingToolkitSIExt.jl:78
┌ Warning: Floating point value -3.476786713940081 will be converted to -213095133//61290827.
└ @ ModelingToolkitSIExt ~/ParameterEstimationBenchmark-local/environments/StructuralIdentifiability.jl/ext/ModelingToolkitSIExt.jl:78
┌ Warning: Floating point value -0.5 will be converted to -1//2.
└ @ ModelingToolkitSIExt ~/ParameterEstimationBenchmark-local/environments/StructuralIdentifiability.jl/ext/ModelingToolkitSIExt.jl:78
┌ Warning: Floating point value 0.1496205575906685 will be converted to 60434488//403918345.
└ @ ModelingToolkitSIExt ~/ParameterEstimationBenchmark-local/environments/StructuralIdentifiability.jl/ext/ModelingToolkitSIExt.jl:78
┌ Warning: Floating point value 1.005817674515073 will be converted to 110451633//109812778.
└ @ ModelingToolkitSIExt ~/ParameterEstimationBenchmark-local/environments/StructuralIdentifiability.jl/ext/ModelingToolkitSIExt.jl:78
┌ Warning: Floating point value 0.5 will be converted to 1//2.
└ @ ModelingToolkitSIExt ~/ParameterEstimationBenchmark-local/environments/StructuralIdentifiability.jl/ext/ModelingToolkitSIExt.jl:78
┌ Warning: Floating point value 0.5 will be converted to 1//2.
└ @ ModelingToolkitSIExt ~/ParameterEstimationBenchmark-local/environments/StructuralIdentifiability.jl/ext/ModelingToolkitSIExt.jl:78
┌ Warning: Floating point value 0.5 will be converted to 1//2.
└ @ ModelingToolkitSIExt ~/ParameterEstimationBenchmark-local/environments/StructuralIdentifiability.jl/ext/ModelingToolkitSIExt.jl:78
┌ Warning: Floating point value -0.041287921780053964 will be converted to -37433993//906657235.
└ @ ModelingToolkitSIExt ~/ParameterEstimationBenchmark-local/environments/StructuralIdentifiability.jl/ext/ModelingToolkitSIExt.jl:78
┌ Warning: Floating point value -3.476786713940081 will be converted to -213095133//61290827.
└ @ ModelingToolkitSIExt ~/ParameterEstimationBenchmark-local/environments/StructuralIdentifiability.jl/ext/ModelingToolkitSIExt.jl:78
┌ Warning: Floating point value -0.5 will be converted to -1//2.
└ @ ModelingToolkitSIExt ~/ParameterEstimationBenchmark-local/environments/StructuralIdentifiability.jl/ext/ModelingToolkitSIExt.jl:78
┌ Warning: Floating point value 8.0 will be converted to 8.
└ @ ModelingToolkitSIExt ~/ParameterEstimationBenchmark-local/environments/StructuralIdentifiability.jl/ext/ModelingToolkitSIExt.jl:78
┌ Warning: Floating point value 0.5 will be converted to 1//2.
└ @ ModelingToolkitSIExt ~/ParameterEstimationBenchmark-local/environments/StructuralIdentifiability.jl/ext/ModelingToolkitSIExt.jl:78
[ Info: Getting polynomial system from SIAN
[ Info: Built polynomial system with 9 equations
[ Info: [SI-TEMPLATE] algebraic_multiplicity M = 1  (setup 0.0s, Groebner 0.0s, quotient_basis 0.0s, ring: 8 vars × 10 polys)
[ Info: [DEBUG-ALG-INDEP] Input: 9 equations, 7 indeterminates
[ Info: [DEBUG-ALG-INDEP] Jacobian size: (9, 7)
[ Info: [DEBUG-ALG-INDEP] Jacobian rank: 7
[ Info: [DEBUG-ALG-INDEP] Found 7 pivot columns
[ Info: [DEBUG-ALG-INDEP] Selected 7 equations (current_rank=7)
[ Info: [DEBUG-ALG-INDEP] Returning: output_ids=[1, 2, 3, 4, 5, 6, 7], alg_indep has 0 vars
[ Info: Reduced polynomial system to 7 equations
┌ Info: [SI-MAP] Extending DerivativeData support for SI template
│   current_order = -1
└   required_order = 5
[ Info: Checking identifiability
┌ Warning: There are no parameters in the given ODE, thus no identifiabile
│ functions.
│ Use `find_identifiable_functions` with keyword `with_states=true` to
│ compute the functions with the ODE states included.
└ @ StructuralIdentifiability ~/ParameterEstimationBenchmark-local/environments/StructuralIdentifiability.jl/src/identifiable_functions.jl:97
┌ Info: [SI-STRUCTURAL] SIAN/SI template summary
│   template_equation_count = 7
│   derivative_symbol_count = 12
│   max_derivative_order = 5
│   structural_unidentifiable_count = 1
└   identifiable_function_count = 1
┌ Info: [SI-MAP] Classified symbolic SI support variables while converting SIAN output
│   counts =
│    Dict{Symbol, Int64} with 2 entries:
│      :state_jet        => 2
│      :measured_rhs_jet => 5
│   samples =
│    Dict{Symbol, Vector{String}} with 2 entries:
│      :state_jet        => ["x6_0", "x6_1"]
└      :measured_rhs_jet => ["x5_0", "x4_0", "x5_1", "x4_1", "x5_2"]
[ Info: Getting equation system from StructuralIdentifiability.jl
[ Info: Converting ODESystem to SI.jl format
┌ Warning: Floating point value -3.2560005895652235 will be converted to -188611756//57927433.
└ @ ModelingToolkitSIExt ~/ParameterEstimationBenchmark-local/environments/StructuralIdentifiability.jl/ext/ModelingToolkitSIExt.jl:78
┌ Warning: Floating point value 8.0 will be converted to 8.
└ @ ModelingToolkitSIExt ~/ParameterEstimationBenchmark-local/environments/StructuralIdentifiability.jl/ext/ModelingToolkitSIExt.jl:78
┌ Warning: Floating point value 2.216001407633396 will be converted to 175626067//79253590.
└ @ ModelingToolkitSIExt ~/ParameterEstimationBenchmark-local/environments/StructuralIdentifiability.jl/ext/ModelingToolkitSIExt.jl:78
┌ Warning: Floating point value 8.0 will be converted to 8.
└ @ ModelingToolkitSIExt ~/ParameterEstimationBenchmark-local/environments/StructuralIdentifiability.jl/ext/ModelingToolkitSIExt.jl:78
┌ Warning: Floating point value -0.1490382127141038 will be converted to -55252061//370724125.
└ @ ModelingToolkitSIExt ~/ParameterEstimationBenchmark-local/environments/StructuralIdentifiability.jl/ext/ModelingToolkitSIExt.jl:78
┌ Warning: Floating point value 1.0061497256010075 will be converted to 28668039//28492816.
└ @ ModelingToolkitSIExt ~/ParameterEstimationBenchmark-local/environments/StructuralIdentifiability.jl/ext/ModelingToolkitSIExt.jl:78
┌ Warning: Floating point value 0.5 will be converted to 1//2.
└ @ ModelingToolkitSIExt ~/ParameterEstimationBenchmark-local/environments/StructuralIdentifiability.jl/ext/ModelingToolkitSIExt.jl:78
┌ Warning: Floating point value 0.5 will be converted to 1//2.
└ @ ModelingToolkitSIExt ~/ParameterEstimationBenchmark-local/environments/StructuralIdentifiability.jl/ext/ModelingToolkitSIExt.jl:78
┌ Warning: Floating point value 3.2560005895652235 will be converted to 188611756//57927433.
└ @ ModelingToolkitSIExt ~/ParameterEstimationBenchmark-local/environments/StructuralIdentifiability.jl/ext/ModelingToolkitSIExt.jl:78
┌ Warning: Floating point value 2.216001407633396 will be converted to 175626067//79253590.
└ @ ModelingToolkitSIExt ~/ParameterEstimationBenchmark-local/environments/StructuralIdentifiability.jl/ext/ModelingToolkitSIExt.jl:78
┌ Warning: Floating point value 8.0 will be converted to 8.
└ @ ModelingToolkitSIExt ~/ParameterEstimationBenchmark-local/environments/StructuralIdentifiability.jl/ext/ModelingToolkitSIExt.jl:78
┌ Warning: Floating point value 0.5 will be converted to 1//2.
└ @ ModelingToolkitSIExt ~/ParameterEstimationBenchmark-local/environments/StructuralIdentifiability.jl/ext/ModelingToolkitSIExt.jl:78
┌ Warning: Floating point value 0.01892163764505351 will be converted to 4449590//235158821.
└ @ ModelingToolkitSIExt ~/ParameterEstimationBenchmark-local/environments/StructuralIdentifiability.jl/ext/ModelingToolkitSIExt.jl:78
┌ Warning: Floating point value -3.9775191323677235 will be converted to -282261324//70964165.
└ @ ModelingToolkitSIExt ~/ParameterEstimationBenchmark-local/environments/StructuralIdentifiability.jl/ext/ModelingToolkitSIExt.jl:78
┌ Warning: Floating point value -0.5 will be converted to -1//2.
└ @ ModelingToolkitSIExt ~/ParameterEstimationBenchmark-local/environments/StructuralIdentifiability.jl/ext/ModelingToolkitSIExt.jl:78
┌ Warning: Floating point value 0.1490382127141038 will be converted to 55252061//370724125.
└ @ ModelingToolkitSIExt ~/ParameterEstimationBenchmark-local/environments/StructuralIdentifiability.jl/ext/ModelingToolkitSIExt.jl:78
┌ Warning: Floating point value 1.0061497256010075 will be converted to 28668039//28492816.
└ @ ModelingToolkitSIExt ~/ParameterEstimationBenchmark-local/environments/StructuralIdentifiability.jl/ext/ModelingToolkitSIExt.jl:78
┌ Warning: Floating point value 0.5 will be converted to 1//2.
└ @ ModelingToolkitSIExt ~/ParameterEstimationBenchmark-local/environments/StructuralIdentifiability.jl/ext/ModelingToolkitSIExt.jl:78
┌ Warning: Floating point value 0.5 will be converted to 1//2.
└ @ ModelingToolkitSIExt ~/ParameterEstimationBenchmark-local/environments/StructuralIdentifiability.jl/ext/ModelingToolkitSIExt.jl:78
┌ Warning: Floating point value 0.5 will be converted to 1//2.
└ @ ModelingToolkitSIExt ~/ParameterEstimationBenchmark-local/environments/StructuralIdentifiability.jl/ext/ModelingToolkitSIExt.jl:78
┌ Warning: Floating point value -0.03784327529010702 will be converted to -8899180//235158821.
└ @ ModelingToolkitSIExt ~/ParameterEstimationBenchmark-local/environments/StructuralIdentifiability.jl/ext/ModelingToolkitSIExt.jl:78
┌ Warning: Floating point value -3.9775191323677235 will be converted to -282261324//70964165.
└ @ ModelingToolkitSIExt ~/ParameterEstimationBenchmark-local/environments/StructuralIdentifiability.jl/ext/ModelingToolkitSIExt.jl:78
┌ Warning: Floating point value -0.5 will be converted to -1//2.
└ @ ModelingToolkitSIExt ~/ParameterEstimationBenchmark-local/environments/StructuralIdentifiability.jl/ext/ModelingToolkitSIExt.jl:78
┌ Warning: Floating point value 8.0 will be converted to 8.
└ @ ModelingToolkitSIExt ~/ParameterEstimationBenchmark-local/environments/StructuralIdentifiability.jl/ext/ModelingToolkitSIExt.jl:78
┌ Warning: Floating point value 0.5 will be converted to 1//2.
└ @ ModelingToolkitSIExt ~/ParameterEstimationBenchmark-local/environments/StructuralIdentifiability.jl/ext/ModelingToolkitSIExt.jl:78
[ Info: Getting polynomial system from SIAN
[ Info: Built polynomial system with 9 equations
[ Info: [SI-TEMPLATE] algebraic_multiplicity M = 1  (setup 0.0s, Groebner 0.0s, quotient_basis 0.0s, ring: 8 vars × 10 polys)
[ Info: [DEBUG-ALG-INDEP] Input: 9 equations, 7 indeterminates
[ Info: [DEBUG-ALG-INDEP] Jacobian size: (9, 7)
[ Info: [DEBUG-ALG-INDEP] Jacobian rank: 7
[ Info: [DEBUG-ALG-INDEP] Found 7 pivot columns
[ Info: [DEBUG-ALG-INDEP] Selected 7 equations (current_rank=7)
[ Info: [DEBUG-ALG-INDEP] Returning: output_ids=[1, 2, 3, 4, 5, 6, 7], alg_indep has 0 vars
[ Info: Reduced polynomial system to 7 equations
┌ Info: [SI-MAP] Extending DerivativeData support for SI template
│   current_order = -1
└   required_order = 5
[ Info: Checking identifiability
┌ Warning: There are no parameters in the given ODE, thus no identifiabile
│ functions.
│ Use `find_identifiable_functions` with keyword `with_states=true` to
│ compute the functions with the ODE states included.
└ @ StructuralIdentifiability ~/ParameterEstimationBenchmark-local/environments/StructuralIdentifiability.jl/src/identifiable_functions.jl:97
┌ Info: [SI-STRUCTURAL] SIAN/SI template summary
│   template_equation_count = 7
│   derivative_symbol_count = 12
│   max_derivative_order = 5
│   structural_unidentifiable_count = 1
└   identifiable_function_count = 1
┌ Info: [SI-MAP] Classified symbolic SI support variables while converting SIAN output
│   counts =
│    Dict{Symbol, Int64} with 2 entries:
│      :state_jet        => 2
│      :measured_rhs_jet => 5
│   samples =
│    Dict{Symbol, Vector{String}} with 2 entries:
│      :state_jet        => ["x6_0", "x6_1"]
└      :measured_rhs_jet => ["x5_0", "x4_0", "x5_1", "x4_1", "x5_2"]
[ Info: Getting equation system from StructuralIdentifiability.jl
[ Info: Converting ODESystem to SI.jl format
┌ Warning: Floating point value -3.2559970318730223 will be converted to -132068472//40561607.
└ @ ModelingToolkitSIExt ~/ParameterEstimationBenchmark-local/environments/StructuralIdentifiability.jl/ext/ModelingToolkitSIExt.jl:78
┌ Warning: Floating point value 8.0 will be converted to 8.
└ @ ModelingToolkitSIExt ~/ParameterEstimationBenchmark-local/environments/StructuralIdentifiability.jl/ext/ModelingToolkitSIExt.jl:78
┌ Warning: Floating point value 2.2159939912941504 will be converted to 324671367//146512747.
└ @ ModelingToolkitSIExt ~/ParameterEstimationBenchmark-local/environments/StructuralIdentifiability.jl/ext/ModelingToolkitSIExt.jl:78
┌ Warning: Floating point value 8.0 will be converted to 8.
└ @ ModelingToolkitSIExt ~/ParameterEstimationBenchmark-local/environments/StructuralIdentifiability.jl/ext/ModelingToolkitSIExt.jl:78
┌ Warning: Floating point value 0.10314900861599184 will be converted to 17918434//173714069.
└ @ ModelingToolkitSIExt ~/ParameterEstimationBenchmark-local/environments/StructuralIdentifiability.jl/ext/ModelingToolkitSIExt.jl:78
┌ Warning: Floating point value 5.067254948503877 will be converted to 104282612//20579705.
└ @ ModelingToolkitSIExt ~/ParameterEstimationBenchmark-local/environments/StructuralIdentifiability.jl/ext/ModelingToolkitSIExt.jl:78
┌ Warning: Floating point value 0.5 will be converted to 1//2.
└ @ ModelingToolkitSIExt ~/ParameterEstimationBenchmark-local/environments/StructuralIdentifiability.jl/ext/ModelingToolkitSIExt.jl:78
┌ Warning: Floating point value 0.5 will be converted to 1//2.
└ @ ModelingToolkitSIExt ~/ParameterEstimationBenchmark-local/environments/StructuralIdentifiability.jl/ext/ModelingToolkitSIExt.jl:78
┌ Warning: Floating point value 3.2559970318730223 will be converted to 132068472//40561607.
└ @ ModelingToolkitSIExt ~/ParameterEstimationBenchmark-local/environments/StructuralIdentifiability.jl/ext/ModelingToolkitSIExt.jl:78
┌ Warning: Floating point value 2.2159939912941504 will be converted to 324671367//146512747.
└ @ ModelingToolkitSIExt ~/ParameterEstimationBenchmark-local/environments/StructuralIdentifiability.jl/ext/ModelingToolkitSIExt.jl:78
┌ Warning: Floating point value 8.0 will be converted to 8.
└ @ ModelingToolkitSIExt ~/ParameterEstimationBenchmark-local/environments/StructuralIdentifiability.jl/ext/ModelingToolkitSIExt.jl:78
┌ Warning: Floating point value 0.5 will be converted to 1//2.
└ @ ModelingToolkitSIExt ~/ParameterEstimationBenchmark-local/environments/StructuralIdentifiability.jl/ext/ModelingToolkitSIExt.jl:78
┌ Warning: Floating point value -0.0064122779225125786 will be converted to -163356077//25475514158.
└ @ ModelingToolkitSIExt ~/ParameterEstimationBenchmark-local/environments/StructuralIdentifiability.jl/ext/ModelingToolkitSIExt.jl:78
┌ Warning: Floating point value -11.84184596725319 will be converted to -277130541//23402647.
└ @ ModelingToolkitSIExt ~/ParameterEstimationBenchmark-local/environments/StructuralIdentifiability.jl/ext/ModelingToolkitSIExt.jl:78
┌ Warning: Floating point value -0.5 will be converted to -1//2.
└ @ ModelingToolkitSIExt ~/ParameterEstimationBenchmark-local/environments/StructuralIdentifiability.jl/ext/ModelingToolkitSIExt.jl:78
┌ Warning: Floating point value -0.10314900861599184 will be converted to -17918434//173714069.
└ @ ModelingToolkitSIExt ~/ParameterEstimationBenchmark-local/environments/StructuralIdentifiability.jl/ext/ModelingToolkitSIExt.jl:78
┌ Warning: Floating point value 5.067254948503877 will be converted to 104282612//20579705.
└ @ ModelingToolkitSIExt ~/ParameterEstimationBenchmark-local/environments/StructuralIdentifiability.jl/ext/ModelingToolkitSIExt.jl:78
┌ Warning: Floating point value 0.5 will be converted to 1//2.
└ @ ModelingToolkitSIExt ~/ParameterEstimationBenchmark-local/environments/StructuralIdentifiability.jl/ext/ModelingToolkitSIExt.jl:78
┌ Warning: Floating point value 0.5 will be converted to 1//2.
└ @ ModelingToolkitSIExt ~/ParameterEstimationBenchmark-local/environments/StructuralIdentifiability.jl/ext/ModelingToolkitSIExt.jl:78
┌ Warning: Floating point value 0.5 will be converted to 1//2.
└ @ ModelingToolkitSIExt ~/ParameterEstimationBenchmark-local/environments/StructuralIdentifiability.jl/ext/ModelingToolkitSIExt.jl:78
┌ Warning: Floating point value 0.012824555845025157 will be converted to 163356077//12737757079.
└ @ ModelingToolkitSIExt ~/ParameterEstimationBenchmark-local/environments/StructuralIdentifiability.jl/ext/ModelingToolkitSIExt.jl:78
┌ Warning: Floating point value -11.84184596725319 will be converted to -277130541//23402647.
└ @ ModelingToolkitSIExt ~/ParameterEstimationBenchmark-local/environments/StructuralIdentifiability.jl/ext/ModelingToolkitSIExt.jl:78
┌ Warning: Floating point value -0.5 will be converted to -1//2.
└ @ ModelingToolkitSIExt ~/ParameterEstimationBenchmark-local/environments/StructuralIdentifiability.jl/ext/ModelingToolkitSIExt.jl:78
┌ Warning: Floating point value 8.0 will be converted to 8.
└ @ ModelingToolkitSIExt ~/ParameterEstimationBenchmark-local/environments/StructuralIdentifiability.jl/ext/ModelingToolkitSIExt.jl:78
┌ Warning: Floating point value 0.5 will be converted to 1//2.
└ @ ModelingToolkitSIExt ~/ParameterEstimationBenchmark-local/environments/StructuralIdentifiability.jl/ext/ModelingToolkitSIExt.jl:78
[ Info: Getting polynomial system from SIAN
[ Info: Built polynomial system with 9 equations
[ Info: [SI-TEMPLATE] algebraic_multiplicity M = 1  (setup 0.0s, Groebner 0.0s, quotient_basis 0.0s, ring: 8 vars × 10 polys)
[ Info: [DEBUG-ALG-INDEP] Input: 9 equations, 7 indeterminates
[ Info: [DEBUG-ALG-INDEP] Jacobian size: (9, 7)
[ Info: [DEBUG-ALG-INDEP] Jacobian rank: 7
[ Info: [DEBUG-ALG-INDEP] Found 7 pivot columns
[ Info: [DEBUG-ALG-INDEP] Selected 7 equations (current_rank=7)
[ Info: [DEBUG-ALG-INDEP] Returning: output_ids=[1, 2, 3, 4, 5, 6, 7], alg_indep has 0 vars
[ Info: Reduced polynomial system to 7 equations
┌ Info: [SI-MAP] Extending DerivativeData support for SI template
│   current_order = -1
└   required_order = 5
[ Info: Checking identifiability
┌ Warning: There are no parameters in the given ODE, thus no identifiabile
│ functions.
│ Use `find_identifiable_functions` with keyword `with_states=true` to
│ compute the functions with the ODE states included.
└ @ StructuralIdentifiability ~/ParameterEstimationBenchmark-local/environments/StructuralIdentifiability.jl/src/identifiable_functions.jl:97
┌ Info: [SI-STRUCTURAL] SIAN/SI template summary
│   template_equation_count = 7
│   derivative_symbol_count = 12
│   max_derivative_order = 5
│   structural_unidentifiable_count = 1
└   identifiable_function_count = 1
┌ Info: [SI-MAP] Classified symbolic SI support variables while converting SIAN output
│   counts =
│    Dict{Symbol, Int64} with 2 entries:
│      :state_jet        => 2
│      :measured_rhs_jet => 5
│   samples =
│    Dict{Symbol, Vector{String}} with 2 entries:
│      :state_jet        => ["x6_0", "x6_1"]
└      :measured_rhs_jet => ["x5_0", "x4_0", "x5_1", "x4_1", "x5_2"]
[ Info: Getting equation system from StructuralIdentifiability.jl
[ Info: Converting ODESystem to SI.jl format
┌ Warning: Floating point value -3.2559970318730223 will be converted to -132068472//40561607.
└ @ ModelingToolkitSIExt ~/ParameterEstimationBenchmark-local/environments/StructuralIdentifiability.jl/ext/ModelingToolkitSIExt.jl:78
┌ Warning: Floating point value 8.0 will be converted to 8.
└ @ ModelingToolkitSIExt ~/ParameterEstimationBenchmark-local/environments/StructuralIdentifiability.jl/ext/ModelingToolkitSIExt.jl:78
┌ Warning: Floating point value 2.21599399129415 will be converted to 223396701//100811059.
└ @ ModelingToolkitSIExt ~/ParameterEstimationBenchmark-local/environments/StructuralIdentifiability.jl/ext/ModelingToolkitSIExt.jl:78
┌ Warning: Floating point value 8.0 will be converted to 8.
└ @ ModelingToolkitSIExt ~/ParameterEstimationBenchmark-local/environments/StructuralIdentifiability.jl/ext/ModelingToolkitSIExt.jl:78
┌ Warning: Floating point value -0.1431529400248045 will be converted to -72568229//506927968.
└ @ ModelingToolkitSIExt ~/ParameterEstimationBenchmark-local/environments/StructuralIdentifiability.jl/ext/ModelingToolkitSIExt.jl:78
┌ Warning: Floating point value 4.264707757717054 will be converted to 119789939//28088663.
└ @ ModelingToolkitSIExt ~/ParameterEstimationBenchmark-local/environments/StructuralIdentifiability.jl/ext/ModelingToolkitSIExt.jl:78
┌ Warning: Floating point value 0.5 will be converted to 1//2.
└ @ ModelingToolkitSIExt ~/ParameterEstimationBenchmark-local/environments/StructuralIdentifiability.jl/ext/ModelingToolkitSIExt.jl:78
┌ Warning: Floating point value 0.5 will be converted to 1//2.
└ @ ModelingToolkitSIExt ~/ParameterEstimationBenchmark-local/environments/StructuralIdentifiability.jl/ext/ModelingToolkitSIExt.jl:78
┌ Warning: Floating point value 3.2559970318730223 will be converted to 132068472//40561607.
└ @ ModelingToolkitSIExt ~/ParameterEstimationBenchmark-local/environments/StructuralIdentifiability.jl/ext/ModelingToolkitSIExt.jl:78
┌ Warning: Floating point value 2.21599399129415 will be converted to 223396701//100811059.
└ @ ModelingToolkitSIExt ~/ParameterEstimationBenchmark-local/environments/StructuralIdentifiability.jl/ext/ModelingToolkitSIExt.jl:78
┌ Warning: Floating point value 8.0 will be converted to 8.
└ @ ModelingToolkitSIExt ~/ParameterEstimationBenchmark-local/environments/StructuralIdentifiability.jl/ext/ModelingToolkitSIExt.jl:78
┌ Warning: Floating point value 0.5 will be converted to 1//2.
└ @ ModelingToolkitSIExt ~/ParameterEstimationBenchmark-local/environments/StructuralIdentifiability.jl/ext/ModelingToolkitSIExt.jl:78
┌ Warning: Floating point value -0.044309192960090275 will be converted to -16669385//376206017.
└ @ ModelingToolkitSIExt ~/ParameterEstimationBenchmark-local/environments/StructuralIdentifiability.jl/ext/ModelingToolkitSIExt.jl:78
┌ Warning: Floating point value -3.2220006924956834 will be converted to -166912308//51803933.
└ @ ModelingToolkitSIExt ~/ParameterEstimationBenchmark-local/environments/StructuralIdentifiability.jl/ext/ModelingToolkitSIExt.jl:78
┌ Warning: Floating point value -0.5 will be converted to -1//2.
└ @ ModelingToolkitSIExt ~/ParameterEstimationBenchmark-local/environments/StructuralIdentifiability.jl/ext/ModelingToolkitSIExt.jl:78
┌ Warning: Floating point value 0.1431529400248045 will be converted to 72568229//506927968.
└ @ ModelingToolkitSIExt ~/ParameterEstimationBenchmark-local/environments/StructuralIdentifiability.jl/ext/ModelingToolkitSIExt.jl:78
┌ Warning: Floating point value 4.264707757717054 will be converted to 119789939//28088663.
└ @ ModelingToolkitSIExt ~/ParameterEstimationBenchmark-local/environments/StructuralIdentifiability.jl/ext/ModelingToolkitSIExt.jl:78
┌ Warning: Floating point value 0.5 will be converted to 1//2.
└ @ ModelingToolkitSIExt ~/ParameterEstimationBenchmark-local/environments/StructuralIdentifiability.jl/ext/ModelingToolkitSIExt.jl:78
┌ Warning: Floating point value 0.5 will be converted to 1//2.
└ @ ModelingToolkitSIExt ~/ParameterEstimationBenchmark-local/environments/StructuralIdentifiability.jl/ext/ModelingToolkitSIExt.jl:78
┌ Warning: Floating point value 0.5 will be converted to 1//2.
└ @ ModelingToolkitSIExt ~/ParameterEstimationBenchmark-local/environments/StructuralIdentifiability.jl/ext/ModelingToolkitSIExt.jl:78
┌ Warning: Floating point value 0.08861838592018055 will be converted to 33338770//376206017.
└ @ ModelingToolkitSIExt ~/ParameterEstimationBenchmark-local/environments/StructuralIdentifiability.jl/ext/ModelingToolkitSIExt.jl:78
┌ Warning: Floating point value -3.2220006924956834 will be converted to -166912308//51803933.
└ @ ModelingToolkitSIExt ~/ParameterEstimationBenchmark-local/environments/StructuralIdentifiability.jl/ext/ModelingToolkitSIExt.jl:78
┌ Warning: Floating point value -0.5 will be converted to -1//2.
└ @ ModelingToolkitSIExt ~/ParameterEstimationBenchmark-local/environments/StructuralIdentifiability.jl/ext/ModelingToolkitSIExt.jl:78
┌ Warning: Floating point value 8.0 will be converted to 8.
└ @ ModelingToolkitSIExt ~/ParameterEstimationBenchmark-local/environments/StructuralIdentifiability.jl/ext/ModelingToolkitSIExt.jl:78
┌ Warning: Floating point value 0.5 will be converted to 1//2.
└ @ ModelingToolkitSIExt ~/ParameterEstimationBenchmark-local/environments/StructuralIdentifiability.jl/ext/ModelingToolkitSIExt.jl:78
[ Info: Getting polynomial system from SIAN
[ Info: Built polynomial system with 9 equations
[ Info: [SI-TEMPLATE] algebraic_multiplicity M = 1  (setup 0.0s, Groebner 0.0s, quotient_basis 0.0s, ring: 8 vars × 10 polys)
[ Info: [DEBUG-ALG-INDEP] Input: 9 equations, 7 indeterminates
[ Info: [DEBUG-ALG-INDEP] Jacobian size: (9, 7)
[CAND 164] ok  max=446b  0.3s
[CAND 169] ok  max=434b  0.3s
[CAND 170] ok  max=430b  0.6s
[CAND 180] ok  max=435b  3.1s
[CAND 189] ok  max=448b  0.6s
[ Info: [DEBUG-ALG-INDEP] Jacobian rank: 7
[ Info: [DEBUG-ALG-INDEP] Found 7 pivot columns
[ Info: [DEBUG-ALG-INDEP] Selected 7 equations (current_rank=7)
[ Info: [DEBUG-ALG-INDEP] Returning: output_ids=[1, 2, 3, 4, 5, 6, 7], alg_indep has 0 vars
[ Info: Reduced polynomial system to 7 equations
┌ Info: [SI-MAP] Extending DerivativeData support for SI template
│   current_order = -1
└   required_order = 5
[ Info: Checking identifiability
┌ Warning: There are no parameters in the given ODE, thus no identifiabile
│ functions.
│ Use `find_identifiable_functions` with keyword `with_states=true` to
│ compute the functions with the ODE states included.
└ @ StructuralIdentifiability ~/ParameterEstimationBenchmark-local/environments/StructuralIdentifiability.jl/src/identifiable_functions.jl:97
┌ Info: [SI-STRUCTURAL] SIAN/SI template summary
│   template_equation_count = 7
│   derivative_symbol_count = 12
│   max_derivative_order = 5
│   structural_unidentifiable_count = 1
└   identifiable_function_count = 1
┌ Info: [SI-MAP] Classified symbolic SI support variables while converting SIAN output
│   counts =
│    Dict{Symbol, Int64} with 2 entries:
│      :state_jet        => 2
│      :measured_rhs_jet => 5
│   samples =
│    Dict{Symbol, Vector{String}} with 2 entries:
│      :state_jet        => ["x6_0", "x6_1"]
└      :measured_rhs_jet => ["x5_0", "x4_0", "x5_1", "x4_1", "x5_2"]
[ Info: Getting equation system from StructuralIdentifiability.jl
[ Info: Converting ODESystem to SI.jl format
┌ Warning: Floating point value -3.255999099855068 will be converted to -24278608//7456577.
└ @ ModelingToolkitSIExt ~/ParameterEstimationBenchmark-local/environments/StructuralIdentifiability.jl/ext/ModelingToolkitSIExt.jl:78
┌ Warning: Floating point value 8.0 will be converted to 8.
└ @ ModelingToolkitSIExt ~/ParameterEstimationBenchmark-local/environments/StructuralIdentifiability.jl/ext/ModelingToolkitSIExt.jl:78
┌ Warning: Floating point value 2.215998159417912 will be converted to 63396031//28608341.
└ @ ModelingToolkitSIExt ~/ParameterEstimationBenchmark-local/environments/StructuralIdentifiability.jl/ext/ModelingToolkitSIExt.jl:78
┌ Warning: Floating point value 8.0 will be converted to 8.
└ @ ModelingToolkitSIExt ~/ParameterEstimationBenchmark-local/environments/StructuralIdentifiability.jl/ext/ModelingToolkitSIExt.jl:78
┌ Warning: Floating point value 0.39658478318954965 will be converted to 134101781//338141519.
└ @ ModelingToolkitSIExt ~/ParameterEstimationBenchmark-local/environments/StructuralIdentifiability.jl/ext/ModelingToolkitSIExt.jl:78
┌ Warning: Floating point value 9.803156369465782 will be converted to 124382399//12687995.
└ @ ModelingToolkitSIExt ~/ParameterEstimationBenchmark-local/environments/StructuralIdentifiability.jl/ext/ModelingToolkitSIExt.jl:78
┌ Warning: Floating point value 0.5 will be converted to 1//2.
└ @ ModelingToolkitSIExt ~/ParameterEstimationBenchmark-local/environments/StructuralIdentifiability.jl/ext/ModelingToolkitSIExt.jl:78
┌ Warning: Floating point value 0.5 will be converted to 1//2.
└ @ ModelingToolkitSIExt ~/ParameterEstimationBenchmark-local/environments/StructuralIdentifiability.jl/ext/ModelingToolkitSIExt.jl:78
┌ Warning: Floating point value 3.255999099855068 will be converted to 24278608//7456577.
└ @ ModelingToolkitSIExt ~/ParameterEstimationBenchmark-local/environments/StructuralIdentifiability.jl/ext/ModelingToolkitSIExt.jl:78
┌ Warning: Floating point value 2.215998159417912 will be converted to 63396031//28608341.
└ @ ModelingToolkitSIExt ~/ParameterEstimationBenchmark-local/environments/StructuralIdentifiability.jl/ext/ModelingToolkitSIExt.jl:78
┌ Warning: Floating point value 8.0 will be converted to 8.
└ @ ModelingToolkitSIExt ~/ParameterEstimationBenchmark-local/environments/StructuralIdentifiability.jl/ext/ModelingToolkitSIExt.jl:78
┌ Warning: Floating point value 0.5 will be converted to 1//2.
└ @ ModelingToolkitSIExt ~/ParameterEstimationBenchmark-local/environments/StructuralIdentifiability.jl/ext/ModelingToolkitSIExt.jl:78
┌ Warning: Floating point value -0.002910219514821054 will be converted to -4734385//1626813708.
└ @ ModelingToolkitSIExt ~/ParameterEstimationBenchmark-local/environments/StructuralIdentifiability.jl/ext/ModelingToolkitSIExt.jl:78
┌ Warning: Floating point value -25.108486077731236 will be converted to -457193945//18208742.
└ @ ModelingToolkitSIExt ~/ParameterEstimationBenchmark-local/environments/StructuralIdentifiability.jl/ext/ModelingToolkitSIExt.jl:78
┌ Warning: Floating point value -0.5 will be converted to -1//2.
└ @ ModelingToolkitSIExt ~/ParameterEstimationBenchmark-local/environments/StructuralIdentifiability.jl/ext/ModelingToolkitSIExt.jl:78
┌ Warning: Floating point value -0.39658478318954965 will be converted to -134101781//338141519.
└ @ ModelingToolkitSIExt ~/ParameterEstimationBenchmark-local/environments/StructuralIdentifiability.jl/ext/ModelingToolkitSIExt.jl:78
┌ Warning: Floating point value 9.803156369465782 will be converted to 124382399//12687995.
└ @ ModelingToolkitSIExt ~/ParameterEstimationBenchmark-local/environments/StructuralIdentifiability.jl/ext/ModelingToolkitSIExt.jl:78
┌ Warning: Floating point value 0.5 will be converted to 1//2.
└ @ ModelingToolkitSIExt ~/ParameterEstimationBenchmark-local/environments/StructuralIdentifiability.jl/ext/ModelingToolkitSIExt.jl:78
┌ Warning: Floating point value 0.5 will be converted to 1//2.
└ @ ModelingToolkitSIExt ~/ParameterEstimationBenchmark-local/environments/StructuralIdentifiability.jl/ext/ModelingToolkitSIExt.jl:78
┌ Warning: Floating point value 0.5 will be converted to 1//2.
└ @ ModelingToolkitSIExt ~/ParameterEstimationBenchmark-local/environments/StructuralIdentifiability.jl/ext/ModelingToolkitSIExt.jl:78
┌ Warning: Floating point value 0.005820439029642108 will be converted to 4734385//813406854.
└ @ ModelingToolkitSIExt ~/ParameterEstimationBenchmark-local/environments/StructuralIdentifiability.jl/ext/ModelingToolkitSIExt.jl:78
┌ Warning: Floating point value -25.108486077731236 will be converted to -457193945//18208742.
└ @ ModelingToolkitSIExt ~/ParameterEstimationBenchmark-local/environments/StructuralIdentifiability.jl/ext/ModelingToolkitSIExt.jl:78
┌ Warning: Floating point value -0.5 will be converted to -1//2.
└ @ ModelingToolkitSIExt ~/ParameterEstimationBenchmark-local/environments/StructuralIdentifiability.jl/ext/ModelingToolkitSIExt.jl:78
┌ Warning: Floating point value 8.0 will be converted to 8.
└ @ ModelingToolkitSIExt ~/ParameterEstimationBenchmark-local/environments/StructuralIdentifiability.jl/ext/ModelingToolkitSIExt.jl:78
┌ Warning: Floating point value 0.5 will be converted to 1//2.
└ @ ModelingToolkitSIExt ~/ParameterEstimationBenchmark-local/environments/StructuralIdentifiability.jl/ext/ModelingToolkitSIExt.jl:78
[ Info: Getting polynomial system from SIAN
[ Info: Built polynomial system with 9 equations
[ Info: [SI-TEMPLATE] algebraic_multiplicity M = 1  (setup 0.0s, Groebner 0.0s, quotient_basis 0.0s, ring: 8 vars × 10 polys)
[ Info: [DEBUG-ALG-INDEP] Input: 9 equations, 7 indeterminates
[ Info: [DEBUG-ALG-INDEP] Jacobian size: (9, 7)
[ Info: [DEBUG-ALG-INDEP] Jacobian rank: 7
[ Info: [DEBUG-ALG-INDEP] Found 7 pivot columns
[ Info: [DEBUG-ALG-INDEP] Selected 7 equations (current_rank=7)
[ Info: [DEBUG-ALG-INDEP] Returning: output_ids=[1, 2, 3, 4, 5, 6, 7], alg_indep has 0 vars
[ Info: Reduced polynomial system to 7 equations
┌ Info: [SI-MAP] Extending DerivativeData support for SI template
│   current_order = -1
└   required_order = 5
[ Info: Checking identifiability
┌ Warning: There are no parameters in the given ODE, thus no identifiabile
│ functions.
│ Use `find_identifiable_functions` with keyword `with_states=true` to
│ compute the functions with the ODE states included.
└ @ StructuralIdentifiability ~/ParameterEstimationBenchmark-local/environments/StructuralIdentifiability.jl/src/identifiable_functions.jl:97
┌ Info: [SI-STRUCTURAL] SIAN/SI template summary
│   template_equation_count = 7
│   derivative_symbol_count = 12
│   max_derivative_order = 5
│   structural_unidentifiable_count = 1
└   identifiable_function_count = 1
┌ Info: [SI-MAP] Classified symbolic SI support variables while converting SIAN output
│   counts =
│    Dict{Symbol, Int64} with 2 entries:
│      :state_jet        => 2
│      :measured_rhs_jet => 5
│   samples =
│    Dict{Symbol, Vector{String}} with 2 entries:
│      :state_jet        => ["x6_0", "x6_1"]
└      :measured_rhs_jet => ["x5_0", "x4_0", "x5_1", "x4_1", "x5_2"]
[ Info: Getting equation system from StructuralIdentifiability.jl
[ Info: Converting ODESystem to SI.jl format
┌ Warning: Floating point value -3.255999099855068 will be converted to -24278608//7456577.
└ @ ModelingToolkitSIExt ~/ParameterEstimationBenchmark-local/environments/StructuralIdentifiability.jl/ext/ModelingToolkitSIExt.jl:78
┌ Warning: Floating point value 8.0 will be converted to 8.
└ @ ModelingToolkitSIExt ~/ParameterEstimationBenchmark-local/environments/StructuralIdentifiability.jl/ext/ModelingToolkitSIExt.jl:78
┌ Warning: Floating point value 2.2159981594179126 will be converted to 63396031//28608341.
└ @ ModelingToolkitSIExt ~/ParameterEstimationBenchmark-local/environments/StructuralIdentifiability.jl/ext/ModelingToolkitSIExt.jl:78
┌ Warning: Floating point value 8.0 will be converted to 8.
└ @ ModelingToolkitSIExt ~/ParameterEstimationBenchmark-local/environments/StructuralIdentifiability.jl/ext/ModelingToolkitSIExt.jl:78
┌ Warning: Floating point value -0.14430636329620494 will be converted to -23972607//166123007.
└ @ ModelingToolkitSIExt ~/ParameterEstimationBenchmark-local/environments/StructuralIdentifiability.jl/ext/ModelingToolkitSIExt.jl:78
┌ Warning: Floating point value 4.7596738570993455 will be converted to 187395861//39371576.
└ @ ModelingToolkitSIExt ~/ParameterEstimationBenchmark-local/environments/StructuralIdentifiability.jl/ext/ModelingToolkitSIExt.jl:78
┌ Warning: Floating point value 0.5 will be converted to 1//2.
└ @ ModelingToolkitSIExt ~/ParameterEstimationBenchmark-local/environments/StructuralIdentifiability.jl/ext/ModelingToolkitSIExt.jl:78
┌ Warning: Floating point value 0.5 will be converted to 1//2.
└ @ ModelingToolkitSIExt ~/ParameterEstimationBenchmark-local/environments/StructuralIdentifiability.jl/ext/ModelingToolkitSIExt.jl:78
┌ Warning: Floating point value 3.255999099855068 will be converted to 24278608//7456577.
└ @ ModelingToolkitSIExt ~/ParameterEstimationBenchmark-local/environments/StructuralIdentifiability.jl/ext/ModelingToolkitSIExt.jl:78
┌ Warning: Floating point value 2.2159981594179126 will be converted to 63396031//28608341.
└ @ ModelingToolkitSIExt ~/ParameterEstimationBenchmark-local/environments/StructuralIdentifiability.jl/ext/ModelingToolkitSIExt.jl:78
┌ Warning: Floating point value 8.0 will be converted to 8.
└ @ ModelingToolkitSIExt ~/ParameterEstimationBenchmark-local/environments/StructuralIdentifiability.jl/ext/ModelingToolkitSIExt.jl:78
┌ Warning: Floating point value 0.5 will be converted to 1//2.
└ @ ModelingToolkitSIExt ~/ParameterEstimationBenchmark-local/environments/StructuralIdentifiability.jl/ext/ModelingToolkitSIExt.jl:78
┌ Warning: Floating point value -0.03615048955711564 will be converted to -22394912//619491251.
└ @ ModelingToolkitSIExt ~/ParameterEstimationBenchmark-local/environments/StructuralIdentifiability.jl/ext/ModelingToolkitSIExt.jl:78
┌ Warning: Floating point value -3.7098947775031004 will be converted to -235148579//63384164.
└ @ ModelingToolkitSIExt ~/ParameterEstimationBenchmark-local/environments/StructuralIdentifiability.jl/ext/ModelingToolkitSIExt.jl:78
┌ Warning: Floating point value -0.5 will be converted to -1//2.
└ @ ModelingToolkitSIExt ~/ParameterEstimationBenchmark-local/environments/StructuralIdentifiability.jl/ext/ModelingToolkitSIExt.jl:78
┌ Warning: Floating point value 0.14430636329620494 will be converted to 23972607//166123007.
└ @ ModelingToolkitSIExt ~/ParameterEstimationBenchmark-local/environments/StructuralIdentifiability.jl/ext/ModelingToolkitSIExt.jl:78
┌ Warning: Floating point value 4.7596738570993455 will be converted to 187395861//39371576.
└ @ ModelingToolkitSIExt ~/ParameterEstimationBenchmark-local/environments/StructuralIdentifiability.jl/ext/ModelingToolkitSIExt.jl:78
┌ Warning: Floating point value 0.5 will be converted to 1//2.
└ @ ModelingToolkitSIExt ~/ParameterEstimationBenchmark-local/environments/StructuralIdentifiability.jl/ext/ModelingToolkitSIExt.jl:78
┌ Warning: Floating point value 0.5 will be converted to 1//2.
└ @ ModelingToolkitSIExt ~/ParameterEstimationBenchmark-local/environments/StructuralIdentifiability.jl/ext/ModelingToolkitSIExt.jl:78
┌ Warning: Floating point value 0.5 will be converted to 1//2.
└ @ ModelingToolkitSIExt ~/ParameterEstimationBenchmark-local/environments/StructuralIdentifiability.jl/ext/ModelingToolkitSIExt.jl:78
┌ Warning: Floating point value 0.07230097911423128 will be converted to 43973509//608200740.
└ @ ModelingToolkitSIExt ~/ParameterEstimationBenchmark-local/environments/StructuralIdentifiability.jl/ext/ModelingToolkitSIExt.jl:78
┌ Warning: Floating point value -3.7098947775031004 will be converted to -235148579//63384164.
└ @ ModelingToolkitSIExt ~/ParameterEstimationBenchmark-local/environments/StructuralIdentifiability.jl/ext/ModelingToolkitSIExt.jl:78
┌ Warning: Floating point value -0.5 will be converted to -1//2.
└ @ ModelingToolkitSIExt ~/ParameterEstimationBenchmark-local/environments/StructuralIdentifiability.jl/ext/ModelingToolkitSIExt.jl:78
┌ Warning: Floating point value 8.0 will be converted to 8.
└ @ ModelingToolkitSIExt ~/ParameterEstimationBenchmark-local/environments/StructuralIdentifiability.jl/ext/ModelingToolkitSIExt.jl:78
┌ Warning: Floating point value 0.5 will be converted to 1//2.
└ @ ModelingToolkitSIExt ~/ParameterEstimationBenchmark-local/environments/StructuralIdentifiability.jl/ext/ModelingToolkitSIExt.jl:78
[ Info: Getting polynomial system from SIAN
[ Info: Built polynomial system with 9 equations
[ Info: [SI-TEMPLATE] algebraic_multiplicity M = 1  (setup 0.0s, Groebner 0.0s, quotient_basis 0.0s, ring: 8 vars × 10 polys)
[ Info: [DEBUG-ALG-INDEP] Input: 9 equations, 7 indeterminates
[ Info: [DEBUG-ALG-INDEP] Jacobian size: (9, 7)
[ Info: [DEBUG-ALG-INDEP] Jacobian rank: 7
[ Info: [DEBUG-ALG-INDEP] Found 7 pivot columns
[ Info: [DEBUG-ALG-INDEP] Selected 7 equations (current_rank=7)
[ Info: [DEBUG-ALG-INDEP] Returning: output_ids=[1, 2, 3, 4, 5, 6, 7], alg_indep has 0 vars
[ Info: Reduced polynomial system to 7 equations
┌ Info: [SI-MAP] Extending DerivativeData support for SI template
│   current_order = -1
└   required_order = 5
[ Info: Checking identifiability
┌ Warning: There are no parameters in the given ODE, thus no identifiabile
│ functions.
│ Use `find_identifiable_functions` with keyword `with_states=true` to
│ compute the functions with the ODE states included.
└ @ StructuralIdentifiability ~/ParameterEstimationBenchmark-local/environments/StructuralIdentifiability.jl/src/identifiable_functions.jl:97
┌ Info: [SI-STRUCTURAL] SIAN/SI template summary
│   template_equation_count = 7
│   derivative_symbol_count = 12
│   max_derivative_order = 5
│   structural_unidentifiable_count = 1
└   identifiable_function_count = 1
┌ Info: [SI-MAP] Classified symbolic SI support variables while converting SIAN output
│   counts =
│    Dict{Symbol, Int64} with 2 entries:
│      :state_jet        => 2
│      :measured_rhs_jet => 5
│   samples =
│    Dict{Symbol, Vector{String}} with 2 entries:
│      :state_jet        => ["x6_0", "x6_1"]
└      :measured_rhs_jet => ["x5_0", "x4_0", "x5_1", "x4_1", "x5_2"]
[ Info: Getting equation system from StructuralIdentifiability.jl
[ Info: Converting ODESystem to SI.jl format
┌ Warning: Floating point value -3.2560021787284614 will be converted to -80138422//24612521.
└ @ ModelingToolkitSIExt ~/ParameterEstimationBenchmark-local/environments/StructuralIdentifiability.jl/ext/ModelingToolkitSIExt.jl:78
┌ Warning: Floating point value 8.0 will be converted to 8.
└ @ ModelingToolkitSIExt ~/ParameterEstimationBenchmark-local/environments/StructuralIdentifiability.jl/ext/ModelingToolkitSIExt.jl:78
┌ Warning: Floating point value 2.2160038263102253 will be converted to 119313965//53841949.
└ @ ModelingToolkitSIExt ~/ParameterEstimationBenchmark-local/environments/StructuralIdentifiability.jl/ext/ModelingToolkitSIExt.jl:78
┌ Warning: Floating point value 8.0 will be converted to 8.
└ @ ModelingToolkitSIExt ~/ParameterEstimationBenchmark-local/environments/StructuralIdentifiability.jl/ext/ModelingToolkitSIExt.jl:78
┌ Warning: Floating point value -0.2973052479043458 will be converted to -28617551//96256461.
└ @ ModelingToolkitSIExt ~/ParameterEstimationBenchmark-local/environments/StructuralIdentifiability.jl/ext/ModelingToolkitSIExt.jl:78
┌ Warning: Floating point value 5.021066972899725 will be converted to 184538451//36752836.
└ @ ModelingToolkitSIExt ~/ParameterEstimationBenchmark-local/environments/StructuralIdentifiability.jl/ext/ModelingToolkitSIExt.jl:78
┌ Warning: Floating point value 0.5 will be converted to 1//2.
└ @ ModelingToolkitSIExt ~/ParameterEstimationBenchmark-local/environments/StructuralIdentifiability.jl/ext/ModelingToolkitSIExt.jl:78
┌ Warning: Floating point value 0.5 will be converted to 1//2.
└ @ ModelingToolkitSIExt ~/ParameterEstimationBenchmark-local/environments/StructuralIdentifiability.jl/ext/ModelingToolkitSIExt.jl:78
┌ Warning: Floating point value 3.2560021787284614 will be converted to 80138422//24612521.
└ @ ModelingToolkitSIExt ~/ParameterEstimationBenchmark-local/environments/StructuralIdentifiability.jl/ext/ModelingToolkitSIExt.jl:78
┌ Warning: Floating point value 2.2160038263102253 will be converted to 119313965//53841949.
└ @ ModelingToolkitSIExt ~/ParameterEstimationBenchmark-local/environments/StructuralIdentifiability.jl/ext/ModelingToolkitSIExt.jl:78
┌ Warning: Floating point value 8.0 will be converted to 8.
└ @ ModelingToolkitSIExt ~/ParameterEstimationBenchmark-local/environments/StructuralIdentifiability.jl/ext/ModelingToolkitSIExt.jl:78
┌ Warning: Floating point value 0.5 will be converted to 1//2.
└ @ ModelingToolkitSIExt ~/ParameterEstimationBenchmark-local/environments/StructuralIdentifiability.jl/ext/ModelingToolkitSIExt.jl:78
┌ Warning: Floating point value 0.008445566154418547 will be converted to 3677393//435422911.
└ @ ModelingToolkitSIExt ~/ParameterEstimationBenchmark-local/environments/StructuralIdentifiability.jl/ext/ModelingToolkitSIExt.jl:78
┌ Warning: Floating point value -7.030126175668348 will be converted to -149377759//21248233.
└ @ ModelingToolkitSIExt ~/ParameterEstimationBenchmark-local/environments/StructuralIdentifiability.jl/ext/ModelingToolkitSIExt.jl:78
┌ Warning: Floating point value -0.5 will be converted to -1//2.
└ @ ModelingToolkitSIExt ~/ParameterEstimationBenchmark-local/environments/StructuralIdentifiability.jl/ext/ModelingToolkitSIExt.jl:78
┌ Warning: Floating point value 0.2973052479043458 will be converted to 28617551//96256461.
└ @ ModelingToolkitSIExt ~/ParameterEstimationBenchmark-local/environments/StructuralIdentifiability.jl/ext/ModelingToolkitSIExt.jl:78
┌ Warning: Floating point value 5.021066972899725 will be converted to 184538451//36752836.
└ @ ModelingToolkitSIExt ~/ParameterEstimationBenchmark-local/environments/StructuralIdentifiability.jl/ext/ModelingToolkitSIExt.jl:78
┌ Warning: Floating point value 0.5 will be converted to 1//2.
└ @ ModelingToolkitSIExt ~/ParameterEstimationBenchmark-local/environments/StructuralIdentifiability.jl/ext/ModelingToolkitSIExt.jl:78
┌ Warning: Floating point value 0.5 will be converted to 1//2.
└ @ ModelingToolkitSIExt ~/ParameterEstimationBenchmark-local/environments/StructuralIdentifiability.jl/ext/ModelingToolkitSIExt.jl:78
┌ Warning: Floating point value 0.5 will be converted to 1//2.
└ @ ModelingToolkitSIExt ~/ParameterEstimationBenchmark-local/environments/StructuralIdentifiability.jl/ext/ModelingToolkitSIExt.jl:78
┌ Warning: Floating point value -0.016891132308837094 will be converted to -7354786//435422911.
└ @ ModelingToolkitSIExt ~/ParameterEstimationBenchmark-local/environments/StructuralIdentifiability.jl/ext/ModelingToolkitSIExt.jl:78
┌ Warning: Floating point value -7.030126175668348 will be converted to -149377759//21248233.
└ @ ModelingToolkitSIExt ~/ParameterEstimationBenchmark-local/environments/StructuralIdentifiability.jl/ext/ModelingToolkitSIExt.jl:78
┌ Warning: Floating point value -0.5 will be converted to -1//2.
└ @ ModelingToolkitSIExt ~/ParameterEstimationBenchmark-local/environments/StructuralIdentifiability.jl/ext/ModelingToolkitSIExt.jl:78
┌ Warning: Floating point value 8.0 will be converted to 8.
└ @ ModelingToolkitSIExt ~/ParameterEstimationBenchmark-local/environments/StructuralIdentifiability.jl/ext/ModelingToolkitSIExt.jl:78
┌ Warning: Floating point value 0.5 will be converted to 1//2.
└ @ ModelingToolkitSIExt ~/ParameterEstimationBenchmark-local/environments/StructuralIdentifiability.jl/ext/ModelingToolkitSIExt.jl:78
[ Info: Getting polynomial system from SIAN
[ Info: Built polynomial system with 9 equations
[ Info: [SI-TEMPLATE] algebraic_multiplicity M = 1  (setup 0.0s, Groebner 0.0s, quotient_basis 0.0s, ring: 8 vars × 10 polys)
[ Info: [DEBUG-ALG-INDEP] Input: 9 equations, 7 indeterminates
[ Info: [DEBUG-ALG-INDEP] Jacobian size: (9, 7)
[ Info: [DEBUG-ALG-INDEP] Jacobian rank: 7
[ Info: [DEBUG-ALG-INDEP] Found 7 pivot columns
[ Info: [DEBUG-ALG-INDEP] Selected 7 equations (current_rank=7)
[ Info: [DEBUG-ALG-INDEP] Returning: output_ids=[1, 2, 3, 4, 5, 6, 7], alg_indep has 0 vars
[ Info: Reduced polynomial system to 7 equations
┌ Info: [SI-MAP] Extending DerivativeData support for SI template
│   current_order = -1
└   required_order = 5
[ Info: Checking identifiability
┌ Warning: There are no parameters in the given ODE, thus no identifiabile
│ functions.
│ Use `find_identifiable_functions` with keyword `with_states=true` to
│ compute the functions with the ODE states included.
└ @ StructuralIdentifiability ~/ParameterEstimationBenchmark-local/environments/StructuralIdentifiability.jl/src/identifiable_functions.jl:97
┌ Info: [SI-STRUCTURAL] SIAN/SI template summary
│   template_equation_count = 7
│   derivative_symbol_count = 12
│   max_derivative_order = 5
│   structural_unidentifiable_count = 1
└   identifiable_function_count = 1
┌ Info: [SI-MAP] Classified symbolic SI support variables while converting SIAN output
│   counts =
│    Dict{Symbol, Int64} with 2 entries:
│      :state_jet        => 2
│      :measured_rhs_jet => 5
│   samples =
│    Dict{Symbol, Vector{String}} with 2 entries:
│      :state_jet        => ["x6_0", "x6_1"]
└      :measured_rhs_jet => ["x5_0", "x4_0", "x5_1", "x4_1", "x5_2"]
[ Info: Getting equation system from StructuralIdentifiability.jl
[ Info: Converting ODESystem to SI.jl format
┌ Warning: Floating point value -3.2559858513223308 will be converted to -101014493//31024242.
└ @ ModelingToolkitSIExt ~/ParameterEstimationBenchmark-local/environments/StructuralIdentifiability.jl/ext/ModelingToolkitSIExt.jl:78
┌ Warning: Floating point value 8.0 will be converted to 8.
└ @ ModelingToolkitSIExt ~/ParameterEstimationBenchmark-local/environments/StructuralIdentifiability.jl/ext/ModelingToolkitSIExt.jl:78
┌ Warning: Floating point value 2.2159765267666955 will be converted to 214259473//96688512.
└ @ ModelingToolkitSIExt ~/ParameterEstimationBenchmark-local/environments/StructuralIdentifiability.jl/ext/ModelingToolkitSIExt.jl:78
┌ Warning: Floating point value 8.0 will be converted to 8.
└ @ ModelingToolkitSIExt ~/ParameterEstimationBenchmark-local/environments/StructuralIdentifiability.jl/ext/ModelingToolkitSIExt.jl:78
┌ Warning: Floating point value -0.11789933998204756 will be converted to -66652561//565334471.
└ @ ModelingToolkitSIExt ~/ParameterEstimationBenchmark-local/environments/StructuralIdentifiability.jl/ext/ModelingToolkitSIExt.jl:78
┌ Warning: Floating point value 1.0907889634372854 will be converted to 62594376//57384497.
└ @ ModelingToolkitSIExt ~/ParameterEstimationBenchmark-local/environments/StructuralIdentifiability.jl/ext/ModelingToolkitSIExt.jl:78
┌ Warning: Floating point value 0.5 will be converted to 1//2.
└ @ ModelingToolkitSIExt ~/ParameterEstimationBenchmark-local/environments/StructuralIdentifiability.jl/ext/ModelingToolkitSIExt.jl:78
┌ Warning: Floating point value 0.5 will be converted to 1//2.
└ @ ModelingToolkitSIExt ~/ParameterEstimationBenchmark-local/environments/StructuralIdentifiability.jl/ext/ModelingToolkitSIExt.jl:78
┌ Warning: Floating point value 3.2559858513223308 will be converted to 101014493//31024242.
└ @ ModelingToolkitSIExt ~/ParameterEstimationBenchmark-local/environments/StructuralIdentifiability.jl/ext/ModelingToolkitSIExt.jl:78
┌ Warning: Floating point value 2.2159765267666955 will be converted to 214259473//96688512.
└ @ ModelingToolkitSIExt ~/ParameterEstimationBenchmark-local/environments/StructuralIdentifiability.jl/ext/ModelingToolkitSIExt.jl:78
┌ Warning: Floating point value 8.0 will be converted to 8.
└ @ ModelingToolkitSIExt ~/ParameterEstimationBenchmark-local/environments/StructuralIdentifiability.jl/ext/ModelingToolkitSIExt.jl:78
┌ Warning: Floating point value 0.5 will be converted to 1//2.
└ @ ModelingToolkitSIExt ~/ParameterEstimationBenchmark-local/environments/StructuralIdentifiability.jl/ext/ModelingToolkitSIExt.jl:78
┌ Warning: Floating point value -10.320622293183668 will be converted to -787327321//76286807.
└ @ ModelingToolkitSIExt ~/ParameterEstimationBenchmark-local/environments/StructuralIdentifiability.jl/ext/ModelingToolkitSIExt.jl:78
┌ Warning: Floating point value -0.17017551278725085 will be converted to -14273602//83875769.
└ @ ModelingToolkitSIExt ~/ParameterEstimationBenchmark-local/environments/StructuralIdentifiability.jl/ext/ModelingToolkitSIExt.jl:78
┌ Warning: Floating point value -0.5 will be converted to -1//2.
└ @ ModelingToolkitSIExt ~/ParameterEstimationBenchmark-local/environments/StructuralIdentifiability.jl/ext/ModelingToolkitSIExt.jl:78
┌ Warning: Floating point value 0.11789933998204756 will be converted to 66652561//565334471.
└ @ ModelingToolkitSIExt ~/ParameterEstimationBenchmark-local/environments/StructuralIdentifiability.jl/ext/ModelingToolkitSIExt.jl:78
┌ Warning: Floating point value 1.0907889634372854 will be converted to 62594376//57384497.
└ @ ModelingToolkitSIExt ~/ParameterEstimationBenchmark-local/environments/StructuralIdentifiability.jl/ext/ModelingToolkitSIExt.jl:78
┌ Warning: Floating point value 0.5 will be converted to 1//2.
└ @ ModelingToolkitSIExt ~/ParameterEstimationBenchmark-local/environments/StructuralIdentifiability.jl/ext/ModelingToolkitSIExt.jl:78
┌ Warning: Floating point value 0.5 will be converted to 1//2.
└ @ ModelingToolkitSIExt ~/ParameterEstimationBenchmark-local/environments/StructuralIdentifiability.jl/ext/ModelingToolkitSIExt.jl:78
┌ Warning: Floating point value 0.5 will be converted to 1//2.
└ @ ModelingToolkitSIExt ~/ParameterEstimationBenchmark-local/environments/StructuralIdentifiability.jl/ext/ModelingToolkitSIExt.jl:78
┌ Warning: Floating point value 20.641244586367336 will be converted to 1562062781//75676773.
└ @ ModelingToolkitSIExt ~/ParameterEstimationBenchmark-local/environments/StructuralIdentifiability.jl/ext/ModelingToolkitSIExt.jl:78
┌ Warning: Floating point value -0.17017551278725085 will be converted to -14273602//83875769.
└ @ ModelingToolkitSIExt ~/ParameterEstimationBenchmark-local/environments/StructuralIdentifiability.jl/ext/ModelingToolkitSIExt.jl:78
┌ Warning: Floating point value -0.5 will be converted to -1//2.
└ @ ModelingToolkitSIExt ~/ParameterEstimationBenchmark-local/environments/StructuralIdentifiability.jl/ext/ModelingToolkitSIExt.jl:78
┌ Warning: Floating point value 8.0 will be converted to 8.
└ @ ModelingToolkitSIExt ~/ParameterEstimationBenchmark-local/environments/StructuralIdentifiability.jl/ext/ModelingToolkitSIExt.jl:78
┌ Warning: Floating point value 0.5 will be converted to 1//2.
└ @ ModelingToolkitSIExt ~/ParameterEstimationBenchmark-local/environments/StructuralIdentifiability.jl/ext/ModelingToolkitSIExt.jl:78
[ Info: Getting polynomial system from SIAN
[ Info: Built polynomial system with 9 equations
[ Info: [SI-TEMPLATE] algebraic_multiplicity M = 1  (setup 0.0s, Groebner 0.01s, quotient_basis 0.0s, ring: 8 vars × 10 polys)
[ Info: [DEBUG-ALG-INDEP] Input: 9 equations, 7 indeterminates
[ Info: [DEBUG-ALG-INDEP] Jacobian size: (9, 7)
[ Info: [DEBUG-ALG-INDEP] Jacobian rank: 7
[ Info: [DEBUG-ALG-INDEP] Found 7 pivot columns
[ Info: [DEBUG-ALG-INDEP] Selected 7 equations (current_rank=7)
[ Info: [DEBUG-ALG-INDEP] Returning: output_ids=[1, 2, 3, 4, 5, 6, 7], alg_indep has 0 vars
[ Info: Reduced polynomial system to 7 equations
┌ Info: [SI-MAP] Extending DerivativeData support for SI template
│   current_order = -1
└   required_order = 5
[ Info: Checking identifiability
┌ Warning: There are no parameters in the given ODE, thus no identifiabile
│ functions.
│ Use `find_identifiable_functions` with keyword `with_states=true` to
│ compute the functions with the ODE states included.
└ @ StructuralIdentifiability ~/ParameterEstimationBenchmark-local/environments/StructuralIdentifiability.jl/src/identifiable_functions.jl:97
┌ Info: [SI-STRUCTURAL] SIAN/SI template summary
│   template_equation_count = 7
│   derivative_symbol_count = 12
│   max_derivative_order = 5
│   structural_unidentifiable_count = 1
└   identifiable_function_count = 1
┌ Info: [SI-MAP] Classified symbolic SI support variables while converting SIAN output
│   counts =
│    Dict{Symbol, Int64} with 2 entries:
│      :state_jet        => 2
│      :measured_rhs_jet => 5
│   samples =
│    Dict{Symbol, Vector{String}} with 2 entries:
│      :state_jet        => ["x6_0", "x6_1"]
└      :measured_rhs_jet => ["x5_0", "x4_0", "x5_1", "x4_1", "x5_2"]
[ Info: Getting equation system from StructuralIdentifiability.jl
[ Info: Converting ODESystem to SI.jl format
┌ Warning: Floating point value -3.2559858513223308 will be converted to -101014493//31024242.
└ @ ModelingToolkitSIExt ~/ParameterEstimationBenchmark-local/environments/StructuralIdentifiability.jl/ext/ModelingToolkitSIExt.jl:78
┌ Warning: Floating point value 8.0 will be converted to 8.
└ @ ModelingToolkitSIExt ~/ParameterEstimationBenchmark-local/environments/StructuralIdentifiability.jl/ext/ModelingToolkitSIExt.jl:78
┌ Warning: Floating point value 2.2159765267666955 will be converted to 214259473//96688512.
└ @ ModelingToolkitSIExt ~/ParameterEstimationBenchmark-local/environments/StructuralIdentifiability.jl/ext/ModelingToolkitSIExt.jl:78
┌ Warning: Floating point value 8.0 will be converted to 8.
└ @ ModelingToolkitSIExt ~/ParameterEstimationBenchmark-local/environments/StructuralIdentifiability.jl/ext/ModelingToolkitSIExt.jl:78
┌ Warning: Floating point value -0.24748902716849833 will be converted to -61855727//249933210.
└ @ ModelingToolkitSIExt ~/ParameterEstimationBenchmark-local/environments/StructuralIdentifiability.jl/ext/ModelingToolkitSIExt.jl:78
┌ Warning: Floating point value 3.557150466329721 will be converted to 103573760//29117059.
└ @ ModelingToolkitSIExt ~/ParameterEstimationBenchmark-local/environments/StructuralIdentifiability.jl/ext/ModelingToolkitSIExt.jl:78
┌ Warning: Floating point value 0.5 will be converted to 1//2.
└ @ ModelingToolkitSIExt ~/ParameterEstimationBenchmark-local/environments/StructuralIdentifiability.jl/ext/ModelingToolkitSIExt.jl:78
┌ Warning: Floating point value 0.5 will be converted to 1//2.
└ @ ModelingToolkitSIExt ~/ParameterEstimationBenchmark-local/environments/StructuralIdentifiability.jl/ext/ModelingToolkitSIExt.jl:78
┌ Warning: Floating point value 3.2559858513223308 will be converted to 101014493//31024242.
└ @ ModelingToolkitSIExt ~/ParameterEstimationBenchmark-local/environments/StructuralIdentifiability.jl/ext/ModelingToolkitSIExt.jl:78
[CAND 190] ok  max=433b  0.7s
[CAND 191] ok  max=424b  0.3s
[CAND 200] ok  max=416b  0.3s
[CAND 201] ok  max=428b  0.3s
┌ Warning: Floating point value 2.2159765267666955 will be converted to 214259473//96688512.
└ @ ModelingToolkitSIExt ~/ParameterEstimationBenchmark-local/environments/StructuralIdentifiability.jl/ext/ModelingToolkitSIExt.jl:78
┌ Warning: Floating point value 8.0 will be converted to 8.
└ @ ModelingToolkitSIExt ~/ParameterEstimationBenchmark-local/environments/StructuralIdentifiability.jl/ext/ModelingToolkitSIExt.jl:78
┌ Warning: Floating point value 0.5 will be converted to 1//2.
└ @ ModelingToolkitSIExt ~/ParameterEstimationBenchmark-local/environments/StructuralIdentifiability.jl/ext/ModelingToolkitSIExt.jl:78
┌ Warning: Floating point value 0.016821701763559446 will be converted to 13188547//784019785.
└ @ ModelingToolkitSIExt ~/ParameterEstimationBenchmark-local/environments/StructuralIdentifiability.jl/ext/ModelingToolkitSIExt.jl:78
┌ Warning: Floating point value -3.135731567350094 will be converted to -111926674//35693959.
└ @ ModelingToolkitSIExt ~/ParameterEstimationBenchmark-local/environments/StructuralIdentifiability.jl/ext/ModelingToolkitSIExt.jl:78
┌ Warning: Floating point value -0.5 will be converted to -1//2.
└ @ ModelingToolkitSIExt ~/ParameterEstimationBenchmark-local/environments/StructuralIdentifiability.jl/ext/ModelingToolkitSIExt.jl:78
┌ Warning: Floating point value 0.24748902716849833 will be converted to 61855727//249933210.
└ @ ModelingToolkitSIExt ~/ParameterEstimationBenchmark-local/environments/StructuralIdentifiability.jl/ext/ModelingToolkitSIExt.jl:78
┌ Warning: Floating point value 3.557150466329721 will be converted to 103573760//29117059.
└ @ ModelingToolkitSIExt ~/ParameterEstimationBenchmark-local/environments/StructuralIdentifiability.jl/ext/ModelingToolkitSIExt.jl:78
┌ Warning: Floating point value 0.5 will be converted to 1//2.
└ @ ModelingToolkitSIExt ~/ParameterEstimationBenchmark-local/environments/StructuralIdentifiability.jl/ext/ModelingToolkitSIExt.jl:78
┌ Warning: Floating point value 0.5 will be converted to 1//2.
└ @ ModelingToolkitSIExt ~/ParameterEstimationBenchmark-local/environments/StructuralIdentifiability.jl/ext/ModelingToolkitSIExt.jl:78
┌ Warning: Floating point value 0.5 will be converted to 1//2.
└ @ ModelingToolkitSIExt ~/ParameterEstimationBenchmark-local/environments/StructuralIdentifiability.jl/ext/ModelingToolkitSIExt.jl:78
┌ Warning: Floating point value -0.03364340352711889 will be converted to -14089619//418792914.
└ @ ModelingToolkitSIExt ~/ParameterEstimationBenchmark-local/environments/StructuralIdentifiability.jl/ext/ModelingToolkitSIExt.jl:78
┌ Warning: Floating point value -3.135731567350094 will be converted to -111926674//35693959.
└ @ ModelingToolkitSIExt ~/ParameterEstimationBenchmark-local/environments/StructuralIdentifiability.jl/ext/ModelingToolkitSIExt.jl:78
┌ Warning: Floating point value -0.5 will be converted to -1//2.
└ @ ModelingToolkitSIExt ~/ParameterEstimationBenchmark-local/environments/StructuralIdentifiability.jl/ext/ModelingToolkitSIExt.jl:78
┌ Warning: Floating point value 8.0 will be converted to 8.
└ @ ModelingToolkitSIExt ~/ParameterEstimationBenchmark-local/environments/StructuralIdentifiability.jl/ext/ModelingToolkitSIExt.jl:78
┌ Warning: Floating point value 0.5 will be converted to 1//2.
└ @ ModelingToolkitSIExt ~/ParameterEstimationBenchmark-local/environments/StructuralIdentifiability.jl/ext/ModelingToolkitSIExt.jl:78
[ Info: Getting polynomial system from SIAN
[ Info: Built polynomial system with 9 equations
[ Info: [SI-TEMPLATE] algebraic_multiplicity M = 1  (setup 0.0s, Groebner 0.0s, quotient_basis 0.0s, ring: 8 vars × 10 polys)
[ Info: [DEBUG-ALG-INDEP] Input: 9 equations, 7 indeterminates
[ Info: [DEBUG-ALG-INDEP] Jacobian size: (9, 7)
[ Info: [DEBUG-ALG-INDEP] Jacobian rank: 7
[ Info: [DEBUG-ALG-INDEP] Found 7 pivot columns
[ Info: [DEBUG-ALG-INDEP] Selected 7 equations (current_rank=7)
[ Info: [DEBUG-ALG-INDEP] Returning: output_ids=[1, 2, 3, 4, 5, 6, 7], alg_indep has 0 vars
[ Info: Reduced polynomial system to 7 equations
┌ Info: [SI-MAP] Extending DerivativeData support for SI template
│   current_order = -1
└   required_order = 5
[ Info: Checking identifiability
┌ Warning: There are no parameters in the given ODE, thus no identifiabile
│ functions.
│ Use `find_identifiable_functions` with keyword `with_states=true` to
│ compute the functions with the ODE states included.
└ @ StructuralIdentifiability ~/ParameterEstimationBenchmark-local/environments/StructuralIdentifiability.jl/src/identifiable_functions.jl:97
┌ Info: [SI-STRUCTURAL] SIAN/SI template summary
│   template_equation_count = 7
│   derivative_symbol_count = 12
│   max_derivative_order = 5
│   structural_unidentifiable_count = 1
└   identifiable_function_count = 1
┌ Info: [SI-MAP] Classified symbolic SI support variables while converting SIAN output
│   counts =
│    Dict{Symbol, Int64} with 2 entries:
│      :state_jet        => 2
│      :measured_rhs_jet => 5
│   samples =
│    Dict{Symbol, Vector{String}} with 2 entries:
│      :state_jet        => ["x6_0", "x6_1"]
└      :measured_rhs_jet => ["x5_0", "x4_0", "x5_1", "x4_1", "x5_2"]
[ Info: Getting equation system from StructuralIdentifiability.jl
[ Info: Converting ODESystem to SI.jl format
┌ Warning: Floating point value -3.2566058820088952 will be converted to -84076999//25817370.
└ @ ModelingToolkitSIExt ~/ParameterEstimationBenchmark-local/environments/StructuralIdentifiability.jl/ext/ModelingToolkitSIExt.jl:78
┌ Warning: Floating point value 8.0 will be converted to 8.
└ @ ModelingToolkitSIExt ~/ParameterEstimationBenchmark-local/environments/StructuralIdentifiability.jl/ext/ModelingToolkitSIExt.jl:78
┌ Warning: Floating point value 2.2169458921993184 will be converted to 17354299//7828021.
└ @ ModelingToolkitSIExt ~/ParameterEstimationBenchmark-local/environments/StructuralIdentifiability.jl/ext/ModelingToolkitSIExt.jl:78
┌ Warning: Floating point value 8.0 will be converted to 8.
└ @ ModelingToolkitSIExt ~/ParameterEstimationBenchmark-local/environments/StructuralIdentifiability.jl/ext/ModelingToolkitSIExt.jl:78
┌ Warning: Floating point value -0.020188037584720306 will be converted to -9982153//494458808.
└ @ ModelingToolkitSIExt ~/ParameterEstimationBenchmark-local/environments/StructuralIdentifiability.jl/ext/ModelingToolkitSIExt.jl:78
┌ Warning: Floating point value 0.36993429026576546 will be converted to 43270214//116967297.
└ @ ModelingToolkitSIExt ~/ParameterEstimationBenchmark-local/environments/StructuralIdentifiability.jl/ext/ModelingToolkitSIExt.jl:78
┌ Warning: Floating point value 0.5 will be converted to 1//2.
└ @ ModelingToolkitSIExt ~/ParameterEstimationBenchmark-local/environments/StructuralIdentifiability.jl/ext/ModelingToolkitSIExt.jl:78
┌ Warning: Floating point value 0.5 will be converted to 1//2.
└ @ ModelingToolkitSIExt ~/ParameterEstimationBenchmark-local/environments/StructuralIdentifiability.jl/ext/ModelingToolkitSIExt.jl:78
┌ Warning: Floating point value 3.2566058820088952 will be converted to 84076999//25817370.
└ @ ModelingToolkitSIExt ~/ParameterEstimationBenchmark-local/environments/StructuralIdentifiability.jl/ext/ModelingToolkitSIExt.jl:78
┌ Warning: Floating point value 2.2169458921993184 will be converted to 17354299//7828021.
└ @ ModelingToolkitSIExt ~/ParameterEstimationBenchmark-local/environments/StructuralIdentifiability.jl/ext/ModelingToolkitSIExt.jl:78
┌ Warning: Floating point value 8.0 will be converted to 8.
└ @ ModelingToolkitSIExt ~/ParameterEstimationBenchmark-local/environments/StructuralIdentifiability.jl/ext/ModelingToolkitSIExt.jl:78
┌ Warning: Floating point value 0.5 will be converted to 1//2.
└ @ ModelingToolkitSIExt ~/ParameterEstimationBenchmark-local/environments/StructuralIdentifiability.jl/ext/ModelingToolkitSIExt.jl:78
┌ Warning: Floating point value -0.06858595719715659 will be converted to -12318963//179613488.
└ @ ModelingToolkitSIExt ~/ParameterEstimationBenchmark-local/environments/StructuralIdentifiability.jl/ext/ModelingToolkitSIExt.jl:78
┌ Warning: Floating point value -2.6024947335369375 will be converted to -21765439//8363298.
└ @ ModelingToolkitSIExt ~/ParameterEstimationBenchmark-local/environments/StructuralIdentifiability.jl/ext/ModelingToolkitSIExt.jl:78
┌ Warning: Floating point value -0.5 will be converted to -1//2.
└ @ ModelingToolkitSIExt ~/ParameterEstimationBenchmark-local/environments/StructuralIdentifiability.jl/ext/ModelingToolkitSIExt.jl:78
┌ Warning: Floating point value 0.020188037584720306 will be converted to 9982153//494458808.
└ @ ModelingToolkitSIExt ~/ParameterEstimationBenchmark-local/environments/StructuralIdentifiability.jl/ext/ModelingToolkitSIExt.jl:78
┌ Warning: Floating point value 0.36993429026576546 will be converted to 43270214//116967297.
└ @ ModelingToolkitSIExt ~/ParameterEstimationBenchmark-local/environments/StructuralIdentifiability.jl/ext/ModelingToolkitSIExt.jl:78
┌ Warning: Floating point value 0.5 will be converted to 1//2.
└ @ ModelingToolkitSIExt ~/ParameterEstimationBenchmark-local/environments/StructuralIdentifiability.jl/ext/ModelingToolkitSIExt.jl:78
┌ Warning: Floating point value 0.5 will be converted to 1//2.
└ @ ModelingToolkitSIExt ~/ParameterEstimationBenchmark-local/environments/StructuralIdentifiability.jl/ext/ModelingToolkitSIExt.jl:78
┌ Warning: Floating point value 0.5 will be converted to 1//2.
└ @ ModelingToolkitSIExt ~/ParameterEstimationBenchmark-local/environments/StructuralIdentifiability.jl/ext/ModelingToolkitSIExt.jl:78
┌ Warning: Floating point value 0.13717191439431317 will be converted to 12318963//89806744.
└ @ ModelingToolkitSIExt ~/ParameterEstimationBenchmark-local/environments/StructuralIdentifiability.jl/ext/ModelingToolkitSIExt.jl:78
┌ Warning: Floating point value -2.6024947335369375 will be converted to -21765439//8363298.
└ @ ModelingToolkitSIExt ~/ParameterEstimationBenchmark-local/environments/StructuralIdentifiability.jl/ext/ModelingToolkitSIExt.jl:78
┌ Warning: Floating point value -0.5 will be converted to -1//2.
└ @ ModelingToolkitSIExt ~/ParameterEstimationBenchmark-local/environments/StructuralIdentifiability.jl/ext/ModelingToolkitSIExt.jl:78
┌ Warning: Floating point value 8.0 will be converted to 8.
└ @ ModelingToolkitSIExt ~/ParameterEstimationBenchmark-local/environments/StructuralIdentifiability.jl/ext/ModelingToolkitSIExt.jl:78
┌ Warning: Floating point value 0.5 will be converted to 1//2.
└ @ ModelingToolkitSIExt ~/ParameterEstimationBenchmark-local/environments/StructuralIdentifiability.jl/ext/ModelingToolkitSIExt.jl:78
[ Info: Getting polynomial system from SIAN
[ Info: Built polynomial system with 9 equations
[ Info: [SI-TEMPLATE] algebraic_multiplicity M = 1  (setup 0.0s, Groebner 0.0s, quotient_basis 0.0s, ring: 8 vars × 10 polys)
[ Info: [DEBUG-ALG-INDEP] Input: 9 equations, 7 indeterminates
[ Info: [DEBUG-ALG-INDEP] Jacobian size: (9, 7)
[ Info: [DEBUG-ALG-INDEP] Jacobian rank: 7
[ Info: [DEBUG-ALG-INDEP] Found 7 pivot columns
[ Info: [DEBUG-ALG-INDEP] Selected 7 equations (current_rank=7)
[ Info: [DEBUG-ALG-INDEP] Returning: output_ids=[1, 2, 3, 4, 5, 6, 7], alg_indep has 0 vars
[ Info: Reduced polynomial system to 7 equations
┌ Info: [SI-MAP] Extending DerivativeData support for SI template
│   current_order = -1
└   required_order = 5
[ Info: Checking identifiability
┌ Warning: There are no parameters in the given ODE, thus no identifiabile
│ functions.
│ Use `find_identifiable_functions` with keyword `with_states=true` to
│ compute the functions with the ODE states included.
└ @ StructuralIdentifiability ~/ParameterEstimationBenchmark-local/environments/StructuralIdentifiability.jl/src/identifiable_functions.jl:97
┌ Info: [SI-STRUCTURAL] SIAN/SI template summary
│   template_equation_count = 7
│   derivative_symbol_count = 12
│   max_derivative_order = 5
│   structural_unidentifiable_count = 1
└   identifiable_function_count = 1
┌ Info: [SI-MAP] Classified symbolic SI support variables while converting SIAN output
│   counts =
│    Dict{Symbol, Int64} with 2 entries:
│      :state_jet        => 2
│      :measured_rhs_jet => 5
│   samples =
│    Dict{Symbol, Vector{String}} with 2 entries:
│      :state_jet        => ["x6_0", "x6_1"]
└      :measured_rhs_jet => ["x5_0", "x4_0", "x5_1", "x4_1", "x5_2"]
[ Info: Getting equation system from StructuralIdentifiability.jl
[ Info: Converting ODESystem to SI.jl format
┌ Warning: Floating point value -3.256005971963637 will be converted to -137939472//42364625.
└ @ ModelingToolkitSIExt ~/ParameterEstimationBenchmark-local/environments/StructuralIdentifiability.jl/ext/ModelingToolkitSIExt.jl:78
┌ Warning: Floating point value 8.0 will be converted to 8.
└ @ ModelingToolkitSIExt ~/ParameterEstimationBenchmark-local/environments/StructuralIdentifiability.jl/ext/ModelingToolkitSIExt.jl:78
┌ Warning: Floating point value 2.2160174002343074 will be converted to 109045946//49208073.
└ @ ModelingToolkitSIExt ~/ParameterEstimationBenchmark-local/environments/StructuralIdentifiability.jl/ext/ModelingToolkitSIExt.jl:78
┌ Warning: Floating point value 8.0 will be converted to 8.
└ @ ModelingToolkitSIExt ~/ParameterEstimationBenchmark-local/environments/StructuralIdentifiability.jl/ext/ModelingToolkitSIExt.jl:78
┌ Warning: Floating point value -0.2749353412220449 will be converted to -15875201//57741580.
└ @ ModelingToolkitSIExt ~/ParameterEstimationBenchmark-local/environments/StructuralIdentifiability.jl/ext/ModelingToolkitSIExt.jl:78
┌ Warning: Floating point value 4.388377463749435 will be converted to 61992581//14126538.
└ @ ModelingToolkitSIExt ~/ParameterEstimationBenchmark-local/environments/StructuralIdentifiability.jl/ext/ModelingToolkitSIExt.jl:78
┌ Warning: Floating point value 0.5 will be converted to 1//2.
└ @ ModelingToolkitSIExt ~/ParameterEstimationBenchmark-local/environments/StructuralIdentifiability.jl/ext/ModelingToolkitSIExt.jl:78
┌ Warning: Floating point value 0.5 will be converted to 1//2.
└ @ ModelingToolkitSIExt ~/ParameterEstimationBenchmark-local/environments/StructuralIdentifiability.jl/ext/ModelingToolkitSIExt.jl:78
┌ Warning: Floating point value 3.256005971963637 will be converted to 137939472//42364625.
└ @ ModelingToolkitSIExt ~/ParameterEstimationBenchmark-local/environments/StructuralIdentifiability.jl/ext/ModelingToolkitSIExt.jl:78
┌ Warning: Floating point value 2.2160174002343074 will be converted to 109045946//49208073.
└ @ ModelingToolkitSIExt ~/ParameterEstimationBenchmark-local/environments/StructuralIdentifiability.jl/ext/ModelingToolkitSIExt.jl:78
┌ Warning: Floating point value 8.0 will be converted to 8.
└ @ ModelingToolkitSIExt ~/ParameterEstimationBenchmark-local/environments/StructuralIdentifiability.jl/ext/ModelingToolkitSIExt.jl:78
┌ Warning: Floating point value 0.5 will be converted to 1//2.
└ @ ModelingToolkitSIExt ~/ParameterEstimationBenchmark-local/environments/StructuralIdentifiability.jl/ext/ModelingToolkitSIExt.jl:78
┌ Warning: Floating point value 0.01650069920220871 will be converted to 7585271//459693914.
└ @ ModelingToolkitSIExt ~/ParameterEstimationBenchmark-local/environments/StructuralIdentifiability.jl/ext/ModelingToolkitSIExt.jl:78
┌ Warning: Floating point value -3.8519203585738744 will be converted to -144700959//37565927.
└ @ ModelingToolkitSIExt ~/ParameterEstimationBenchmark-local/environments/StructuralIdentifiability.jl/ext/ModelingToolkitSIExt.jl:78
┌ Warning: Floating point value -0.5 will be converted to -1//2.
└ @ ModelingToolkitSIExt ~/ParameterEstimationBenchmark-local/environments/StructuralIdentifiability.jl/ext/ModelingToolkitSIExt.jl:78
┌ Warning: Floating point value 0.2749353412220449 will be converted to 15875201//57741580.
└ @ ModelingToolkitSIExt ~/ParameterEstimationBenchmark-local/environments/StructuralIdentifiability.jl/ext/ModelingToolkitSIExt.jl:78
┌ Warning: Floating point value 4.388377463749435 will be converted to 61992581//14126538.
└ @ ModelingToolkitSIExt ~/ParameterEstimationBenchmark-local/environments/StructuralIdentifiability.jl/ext/ModelingToolkitSIExt.jl:78
┌ Warning: Floating point value 0.5 will be converted to 1//2.
└ @ ModelingToolkitSIExt ~/ParameterEstimationBenchmark-local/environments/StructuralIdentifiability.jl/ext/ModelingToolkitSIExt.jl:78
┌ Warning: Floating point value 0.5 will be converted to 1//2.
└ @ ModelingToolkitSIExt ~/ParameterEstimationBenchmark-local/environments/StructuralIdentifiability.jl/ext/ModelingToolkitSIExt.jl:78
┌ Warning: Floating point value 0.5 will be converted to 1//2.
└ @ ModelingToolkitSIExt ~/ParameterEstimationBenchmark-local/environments/StructuralIdentifiability.jl/ext/ModelingToolkitSIExt.jl:78
┌ Warning: Floating point value -0.03300139840441742 will be converted to -7585271//229846957.
└ @ ModelingToolkitSIExt ~/ParameterEstimationBenchmark-local/environments/StructuralIdentifiability.jl/ext/ModelingToolkitSIExt.jl:78
┌ Warning: Floating point value -3.8519203585738744 will be converted to -144700959//37565927.
└ @ ModelingToolkitSIExt ~/ParameterEstimationBenchmark-local/environments/StructuralIdentifiability.jl/ext/ModelingToolkitSIExt.jl:78
┌ Warning: Floating point value -0.5 will be converted to -1//2.
└ @ ModelingToolkitSIExt ~/ParameterEstimationBenchmark-local/environments/StructuralIdentifiability.jl/ext/ModelingToolkitSIExt.jl:78
┌ Warning: Floating point value 8.0 will be converted to 8.
└ @ ModelingToolkitSIExt ~/ParameterEstimationBenchmark-local/environments/StructuralIdentifiability.jl/ext/ModelingToolkitSIExt.jl:78
┌ Warning: Floating point value 0.5 will be converted to 1//2.
└ @ ModelingToolkitSIExt ~/ParameterEstimationBenchmark-local/environments/StructuralIdentifiability.jl/ext/ModelingToolkitSIExt.jl:78
[ Info: Getting polynomial system from SIAN
[ Info: Built polynomial system with 9 equations
[ Info: [SI-TEMPLATE] algebraic_multiplicity M = 1  (setup 0.0s, Groebner 0.0s, quotient_basis 0.0s, ring: 8 vars × 10 polys)
[ Info: [DEBUG-ALG-INDEP] Input: 9 equations, 7 indeterminates
[ Info: [DEBUG-ALG-INDEP] Jacobian size: (9, 7)
[ Info: [DEBUG-ALG-INDEP] Jacobian rank: 7
[ Info: [DEBUG-ALG-INDEP] Found 7 pivot columns
[ Info: [DEBUG-ALG-INDEP] Selected 7 equations (current_rank=7)
[ Info: [DEBUG-ALG-INDEP] Returning: output_ids=[1, 2, 3, 4, 5, 6, 7], alg_indep has 0 vars
[ Info: Reduced polynomial system to 7 equations
┌ Info: [SI-MAP] Extending DerivativeData support for SI template
│   current_order = -1
└   required_order = 5
[ Info: Checking identifiability
┌ Warning: There are no parameters in the given ODE, thus no identifiabile
│ functions.
│ Use `find_identifiable_functions` with keyword `with_states=true` to
│ compute the functions with the ODE states included.
└ @ StructuralIdentifiability ~/ParameterEstimationBenchmark-local/environments/StructuralIdentifiability.jl/src/identifiable_functions.jl:97
┌ Info: [SI-STRUCTURAL] SIAN/SI template summary
│   template_equation_count = 7
│   derivative_symbol_count = 12
│   max_derivative_order = 5
│   structural_unidentifiable_count = 1
└   identifiable_function_count = 1
┌ Info: [SI-MAP] Classified symbolic SI support variables while converting SIAN output
│   counts =
│    Dict{Symbol, Int64} with 2 entries:
│      :state_jet        => 2
│      :measured_rhs_jet => 5
│   samples =
│    Dict{Symbol, Vector{String}} with 2 entries:
│      :state_jet        => ["x6_0", "x6_1"]
└      :measured_rhs_jet => ["x5_0", "x4_0", "x5_1", "x4_1", "x5_2"]
[ Info: Getting equation system from StructuralIdentifiability.jl
[ Info: Converting ODESystem to SI.jl format
┌ Warning: Floating point value -3.2560086883577415 will be converted to -135688425//41673238.
└ @ ModelingToolkitSIExt ~/ParameterEstimationBenchmark-local/environments/StructuralIdentifiability.jl/ext/ModelingToolkitSIExt.jl:78
┌ Warning: Floating point value 8.0 will be converted to 8.
└ @ ModelingToolkitSIExt ~/ParameterEstimationBenchmark-local/environments/StructuralIdentifiability.jl/ext/ModelingToolkitSIExt.jl:78
┌ Warning: Floating point value 2.2160216044481214 will be converted to 38359642//17310139.
└ @ ModelingToolkitSIExt ~/ParameterEstimationBenchmark-local/environments/StructuralIdentifiability.jl/ext/ModelingToolkitSIExt.jl:78
┌ Warning: Floating point value 8.0 will be converted to 8.
└ @ ModelingToolkitSIExt ~/ParameterEstimationBenchmark-local/environments/StructuralIdentifiability.jl/ext/ModelingToolkitSIExt.jl:78
┌ Warning: Floating point value -0.3682000552546577 will be converted to -35194959//95586512.
└ @ ModelingToolkitSIExt ~/ParameterEstimationBenchmark-local/environments/StructuralIdentifiability.jl/ext/ModelingToolkitSIExt.jl:78
┌ Warning: Floating point value 7.034231794754278 will be converted to 200873195//28556522.
└ @ ModelingToolkitSIExt ~/ParameterEstimationBenchmark-local/environments/StructuralIdentifiability.jl/ext/ModelingToolkitSIExt.jl:78
┌ Warning: Floating point value 0.5 will be converted to 1//2.
└ @ ModelingToolkitSIExt ~/ParameterEstimationBenchmark-local/environments/StructuralIdentifiability.jl/ext/ModelingToolkitSIExt.jl:78
┌ Warning: Floating point value 0.5 will be converted to 1//2.
└ @ ModelingToolkitSIExt ~/ParameterEstimationBenchmark-local/environments/StructuralIdentifiability.jl/ext/ModelingToolkitSIExt.jl:78
┌ Warning: Floating point value 3.2560086883577415 will be converted to 135688425//41673238.
└ @ ModelingToolkitSIExt ~/ParameterEstimationBenchmark-local/environments/StructuralIdentifiability.jl/ext/ModelingToolkitSIExt.jl:78
┌ Warning: Floating point value 2.2160216044481214 will be converted to 38359642//17310139.
└ @ ModelingToolkitSIExt ~/ParameterEstimationBenchmark-local/environments/StructuralIdentifiability.jl/ext/ModelingToolkitSIExt.jl:78
┌ Warning: Floating point value 8.0 will be converted to 8.
└ @ ModelingToolkitSIExt ~/ParameterEstimationBenchmark-local/environments/StructuralIdentifiability.jl/ext/ModelingToolkitSIExt.jl:78
┌ Warning: Floating point value 0.5 will be converted to 1//2.
└ @ ModelingToolkitSIExt ~/ParameterEstimationBenchmark-local/environments/StructuralIdentifiability.jl/ext/ModelingToolkitSIExt.jl:78
┌ Warning: Floating point value 0.010542976360632632 will be converted to 3940901//373793971.
└ @ ModelingToolkitSIExt ~/ParameterEstimationBenchmark-local/environments/StructuralIdentifiability.jl/ext/ModelingToolkitSIExt.jl:78
┌ Warning: Floating point value -6.984205263820509 will be converted to -145457403//20826622.
└ @ ModelingToolkitSIExt ~/ParameterEstimationBenchmark-local/environments/StructuralIdentifiability.jl/ext/ModelingToolkitSIExt.jl:78
┌ Warning: Floating point value -0.5 will be converted to -1//2.
└ @ ModelingToolkitSIExt ~/ParameterEstimationBenchmark-local/environments/StructuralIdentifiability.jl/ext/ModelingToolkitSIExt.jl:78
┌ Warning: Floating point value 0.3682000552546577 will be converted to 35194959//95586512.
└ @ ModelingToolkitSIExt ~/ParameterEstimationBenchmark-local/environments/StructuralIdentifiability.jl/ext/ModelingToolkitSIExt.jl:78
┌ Warning: Floating point value 7.034231794754278 will be converted to 200873195//28556522.
└ @ ModelingToolkitSIExt ~/ParameterEstimationBenchmark-local/environments/StructuralIdentifiability.jl/ext/ModelingToolkitSIExt.jl:78
┌ Warning: Floating point value 0.5 will be converted to 1//2.
└ @ ModelingToolkitSIExt ~/ParameterEstimationBenchmark-local/environments/StructuralIdentifiability.jl/ext/ModelingToolkitSIExt.jl:78
┌ Warning: Floating point value 0.5 will be converted to 1//2.
└ @ ModelingToolkitSIExt ~/ParameterEstimationBenchmark-local/environments/StructuralIdentifiability.jl/ext/ModelingToolkitSIExt.jl:78
┌ Warning: Floating point value 0.5 will be converted to 1//2.
└ @ ModelingToolkitSIExt ~/ParameterEstimationBenchmark-local/environments/StructuralIdentifiability.jl/ext/ModelingToolkitSIExt.jl:78
┌ Warning: Floating point value -0.021085952721265264 will be converted to -7881802//373793971.
└ @ ModelingToolkitSIExt ~/ParameterEstimationBenchmark-local/environments/StructuralIdentifiability.jl/ext/ModelingToolkitSIExt.jl:78
┌ Warning: Floating point value -6.984205263820509 will be converted to -145457403//20826622.
└ @ ModelingToolkitSIExt ~/ParameterEstimationBenchmark-local/environments/StructuralIdentifiability.jl/ext/ModelingToolkitSIExt.jl:78
┌ Warning: Floating point value -0.5 will be converted to -1//2.
└ @ ModelingToolkitSIExt ~/ParameterEstimationBenchmark-local/environments/StructuralIdentifiability.jl/ext/ModelingToolkitSIExt.jl:78
┌ Warning: Floating point value 8.0 will be converted to 8.
└ @ ModelingToolkitSIExt ~/ParameterEstimationBenchmark-local/environments/StructuralIdentifiability.jl/ext/ModelingToolkitSIExt.jl:78
┌ Warning: Floating point value 0.5 will be converted to 1//2.
└ @ ModelingToolkitSIExt ~/ParameterEstimationBenchmark-local/environments/StructuralIdentifiability.jl/ext/ModelingToolkitSIExt.jl:78
[ Info: Getting polynomial system from SIAN
[ Info: Built polynomial system with 9 equations
[ Info: [SI-TEMPLATE] algebraic_multiplicity M = 1  (setup 0.0s, Groebner 0.0s, quotient_basis 0.0s, ring: 8 vars × 10 polys)
[ Info: [DEBUG-ALG-INDEP] Input: 9 equations, 7 indeterminates
[ Info: [DEBUG-ALG-INDEP] Jacobian size: (9, 7)
[ Info: [DEBUG-ALG-INDEP] Jacobian rank: 7
[ Info: [DEBUG-ALG-INDEP] Found 7 pivot columns
[ Info: [DEBUG-ALG-INDEP] Selected 7 equations (current_rank=7)
[ Info: [DEBUG-ALG-INDEP] Returning: output_ids=[1, 2, 3, 4, 5, 6, 7], alg_indep has 0 vars
[ Info: Reduced polynomial system to 7 equations
┌ Info: [SI-MAP] Extending DerivativeData support for SI template
│   current_order = -1
└   required_order = 5
[ Info: Checking identifiability
┌ Warning: There are no parameters in the given ODE, thus no identifiabile
│ functions.
│ Use `find_identifiable_functions` with keyword `with_states=true` to
│ compute the functions with the ODE states included.
└ @ StructuralIdentifiability ~/ParameterEstimationBenchmark-local/environments/StructuralIdentifiability.jl/src/identifiable_functions.jl:97
┌ Info: [SI-STRUCTURAL] SIAN/SI template summary
│   template_equation_count = 7
│   derivative_symbol_count = 12
│   max_derivative_order = 5
│   structural_unidentifiable_count = 1
└   identifiable_function_count = 1
┌ Info: [SI-MAP] Classified symbolic SI support variables while converting SIAN output
│   counts =
│    Dict{Symbol, Int64} with 2 entries:
│      :state_jet        => 2
│      :measured_rhs_jet => 5
│   samples =
│    Dict{Symbol, Vector{String}} with 2 entries:
│      :state_jet        => ["x6_0", "x6_1"]
└      :measured_rhs_jet => ["x5_0", "x4_0", "x5_1", "x4_1", "x5_2"]
[ Info: Getting equation system from StructuralIdentifiability.jl
[ Info: Converting ODESystem to SI.jl format
┌ Warning: Floating point value -3.2560103701426164 will be converted to -53499565//16431018.
└ @ ModelingToolkitSIExt ~/ParameterEstimationBenchmark-local/environments/StructuralIdentifiability.jl/ext/ModelingToolkitSIExt.jl:78
┌ Warning: Floating point value 8.0 will be converted to 8.
└ @ ModelingToolkitSIExt ~/ParameterEstimationBenchmark-local/environments/StructuralIdentifiability.jl/ext/ModelingToolkitSIExt.jl:78
┌ Warning: Floating point value 2.2160242073779366 will be converted to 198072689//89382006.
└ @ ModelingToolkitSIExt ~/ParameterEstimationBenchmark-local/environments/StructuralIdentifiability.jl/ext/ModelingToolkitSIExt.jl:78
┌ Warning: Floating point value 8.0 will be converted to 8.
└ @ ModelingToolkitSIExt ~/ParameterEstimationBenchmark-local/environments/StructuralIdentifiability.jl/ext/ModelingToolkitSIExt.jl:78
┌ Warning: Floating point value -0.44704150638700496 will be converted to -15532108//34744219.
└ @ ModelingToolkitSIExt ~/ParameterEstimationBenchmark-local/environments/StructuralIdentifiability.jl/ext/ModelingToolkitSIExt.jl:78
┌ Warning: Floating point value 9.249361522226417 will be converted to 19777808//2138289.
└ @ ModelingToolkitSIExt ~/ParameterEstimationBenchmark-local/environments/StructuralIdentifiability.jl/ext/ModelingToolkitSIExt.jl:78
┌ Warning: Floating point value 0.5 will be converted to 1//2.
└ @ ModelingToolkitSIExt ~/ParameterEstimationBenchmark-local/environments/StructuralIdentifiability.jl/ext/ModelingToolkitSIExt.jl:78
┌ Warning: Floating point value 0.5 will be converted to 1//2.
└ @ ModelingToolkitSIExt ~/ParameterEstimationBenchmark-local/environments/StructuralIdentifiability.jl/ext/ModelingToolkitSIExt.jl:78
┌ Warning: Floating point value 3.2560103701426164 will be converted to 53499565//16431018.
└ @ ModelingToolkitSIExt ~/ParameterEstimationBenchmark-local/environments/StructuralIdentifiability.jl/ext/ModelingToolkitSIExt.jl:78
┌ Warning: Floating point value 2.2160242073779366 will be converted to 198072689//89382006.
└ @ ModelingToolkitSIExt ~/ParameterEstimationBenchmark-local/environments/StructuralIdentifiability.jl/ext/ModelingToolkitSIExt.jl:78
┌ Warning: Floating point value 8.0 will be converted to 8.
└ @ ModelingToolkitSIExt ~/ParameterEstimationBenchmark-local/environments/StructuralIdentifiability.jl/ext/ModelingToolkitSIExt.jl:78
┌ Warning: Floating point value 0.5 will be converted to 1//2.
└ @ ModelingToolkitSIExt ~/ParameterEstimationBenchmark-local/environments/StructuralIdentifiability.jl/ext/ModelingToolkitSIExt.jl:78
┌ Warning: Floating point value 0.008067846659988262 will be converted to 6859663//850247072.
└ @ ModelingToolkitSIExt ~/ParameterEstimationBenchmark-local/environments/StructuralIdentifiability.jl/ext/ModelingToolkitSIExt.jl:78
┌ Warning: Floating point value -9.600283885503796 will be converted to -255639633//26628341.
└ @ ModelingToolkitSIExt ~/ParameterEstimationBenchmark-local/environments/StructuralIdentifiability.jl/ext/ModelingToolkitSIExt.jl:78
┌ Warning: Floating point value -0.5 will be converted to -1//2.
└ @ ModelingToolkitSIExt ~/ParameterEstimationBenchmark-local/environments/StructuralIdentifiability.jl/ext/ModelingToolkitSIExt.jl:78
┌ Warning: Floating point value 0.44704150638700496 will be converted to 15532108//34744219.
└ @ ModelingToolkitSIExt ~/ParameterEstimationBenchmark-local/environments/StructuralIdentifiability.jl/ext/ModelingToolkitSIExt.jl:78
┌ Warning: Floating point value 9.249361522226417 will be converted to 19777808//2138289.
└ @ ModelingToolkitSIExt ~/ParameterEstimationBenchmark-local/environments/StructuralIdentifiability.jl/ext/ModelingToolkitSIExt.jl:78
┌ Warning: Floating point value 0.5 will be converted to 1//2.
└ @ ModelingToolkitSIExt ~/ParameterEstimationBenchmark-local/environments/StructuralIdentifiability.jl/ext/ModelingToolkitSIExt.jl:78
┌ Warning: Floating point value 0.5 will be converted to 1//2.
└ @ ModelingToolkitSIExt ~/ParameterEstimationBenchmark-local/environments/StructuralIdentifiability.jl/ext/ModelingToolkitSIExt.jl:78
┌ Warning: Floating point value 0.5 will be converted to 1//2.
└ @ ModelingToolkitSIExt ~/ParameterEstimationBenchmark-local/environments/StructuralIdentifiability.jl/ext/ModelingToolkitSIExt.jl:78
┌ Warning: Floating point value -0.016135693319976524 will be converted to -6859663//425123536.
└ @ ModelingToolkitSIExt ~/ParameterEstimationBenchmark-local/environments/StructuralIdentifiability.jl/ext/ModelingToolkitSIExt.jl:78
┌ Warning: Floating point value -9.600283885503796 will be converted to -255639633//26628341.
└ @ ModelingToolkitSIExt ~/ParameterEstimationBenchmark-local/environments/StructuralIdentifiability.jl/ext/ModelingToolkitSIExt.jl:78
┌ Warning: Floating point value -0.5 will be converted to -1//2.
└ @ ModelingToolkitSIExt ~/ParameterEstimationBenchmark-local/environments/StructuralIdentifiability.jl/ext/ModelingToolkitSIExt.jl:78
┌ Warning: Floating point value 8.0 will be converted to 8.
└ @ ModelingToolkitSIExt ~/ParameterEstimationBenchmark-local/environments/StructuralIdentifiability.jl/ext/ModelingToolkitSIExt.jl:78
┌ Warning: Floating point value 0.5 will be converted to 1//2.
└ @ ModelingToolkitSIExt ~/ParameterEstimationBenchmark-local/environments/StructuralIdentifiability.jl/ext/ModelingToolkitSIExt.jl:78
[ Info: Getting polynomial system from SIAN
[ Info: Built polynomial system with 9 equations
[CAND 208] ok  max=411b  0.3s
[CAND 210] ok  max=446b  0.4s
[CAND 212] ok  max=434b  0.3s
[CAND 214] ok  max=440b  0.4s
[CAND 215] ok  max=434b  0.5s
[ Info: [SI-TEMPLATE] algebraic_multiplicity M = 1  (setup 0.0s, Groebner 0.0s, quotient_basis 0.0s, ring: 8 vars × 10 polys)
[ Info: [DEBUG-ALG-INDEP] Input: 9 equations, 7 indeterminates
[ Info: [DEBUG-ALG-INDEP] Jacobian size: (9, 7)
[ Info: [DEBUG-ALG-INDEP] Jacobian rank: 7
[ Info: [DEBUG-ALG-INDEP] Found 7 pivot columns
[ Info: [DEBUG-ALG-INDEP] Selected 7 equations (current_rank=7)
[ Info: [DEBUG-ALG-INDEP] Returning: output_ids=[1, 2, 3, 4, 5, 6, 7], alg_indep has 0 vars
[ Info: Reduced polynomial system to 7 equations
┌ Info: [SI-MAP] Extending DerivativeData support for SI template
│   current_order = -1
└   required_order = 5
[ Info: Checking identifiability
┌ Warning: There are no parameters in the given ODE, thus no identifiabile
│ functions.
│ Use `find_identifiable_functions` with keyword `with_states=true` to
│ compute the functions with the ODE states included.
└ @ StructuralIdentifiability ~/ParameterEstimationBenchmark-local/environments/StructuralIdentifiability.jl/src/identifiable_functions.jl:97
┌ Info: [SI-STRUCTURAL] SIAN/SI template summary
│   template_equation_count = 7
│   derivative_symbol_count = 12
│   max_derivative_order = 5
│   structural_unidentifiable_count = 1
└   identifiable_function_count = 1
┌ Info: [SI-MAP] Classified symbolic SI support variables while converting SIAN output
│   counts =
│    Dict{Symbol, Int64} with 2 entries:
│      :state_jet        => 2
│      :measured_rhs_jet => 5
│   samples =
│    Dict{Symbol, Vector{String}} with 2 entries:
│      :state_jet        => ["x6_0", "x6_1"]
└      :measured_rhs_jet => ["x5_0", "x4_0", "x5_1", "x4_1", "x5_2"]
[ Info: Getting equation system from StructuralIdentifiability.jl
[ Info: Converting ODESystem to SI.jl format
┌ Warning: Floating point value -3.256011148540769 will be converted to -127528511//39167099.
└ @ ModelingToolkitSIExt ~/ParameterEstimationBenchmark-local/environments/StructuralIdentifiability.jl/ext/ModelingToolkitSIExt.jl:78
┌ Warning: Floating point value 8.0 will be converted to 8.
└ @ ModelingToolkitSIExt ~/ParameterEstimationBenchmark-local/environments/StructuralIdentifiability.jl/ext/ModelingToolkitSIExt.jl:78
┌ Warning: Floating point value 2.216025412119274 will be converted to 53722929//24242921.
└ @ ModelingToolkitSIExt ~/ParameterEstimationBenchmark-local/environments/StructuralIdentifiability.jl/ext/ModelingToolkitSIExt.jl:78
┌ Warning: Floating point value 8.0 will be converted to 8.
└ @ ModelingToolkitSIExt ~/ParameterEstimationBenchmark-local/environments/StructuralIdentifiability.jl/ext/ModelingToolkitSIExt.jl:78
┌ Warning: Floating point value -0.1478159318216499 will be converted to -11536027//78043191.
└ @ ModelingToolkitSIExt ~/ParameterEstimationBenchmark-local/environments/StructuralIdentifiability.jl/ext/ModelingToolkitSIExt.jl:78
┌ Warning: Floating point value 0.9319547708234176 will be converted to 61348755//65828039.
└ @ ModelingToolkitSIExt ~/ParameterEstimationBenchmark-local/environments/StructuralIdentifiability.jl/ext/ModelingToolkitSIExt.jl:78
┌ Warning: Floating point value 0.5 will be converted to 1//2.
└ @ ModelingToolkitSIExt ~/ParameterEstimationBenchmark-local/environments/StructuralIdentifiability.jl/ext/ModelingToolkitSIExt.jl:78
┌ Warning: Floating point value 0.5 will be converted to 1//2.
└ @ ModelingToolkitSIExt ~/ParameterEstimationBenchmark-local/environments/StructuralIdentifiability.jl/ext/ModelingToolkitSIExt.jl:78
┌ Warning: Floating point value 3.256011148540769 will be converted to 127528511//39167099.
└ @ ModelingToolkitSIExt ~/ParameterEstimationBenchmark-local/environments/StructuralIdentifiability.jl/ext/ModelingToolkitSIExt.jl:78
┌ Warning: Floating point value 2.216025412119274 will be converted to 53722929//24242921.
└ @ ModelingToolkitSIExt ~/ParameterEstimationBenchmark-local/environments/StructuralIdentifiability.jl/ext/ModelingToolkitSIExt.jl:78
┌ Warning: Floating point value 8.0 will be converted to 8.
└ @ ModelingToolkitSIExt ~/ParameterEstimationBenchmark-local/environments/StructuralIdentifiability.jl/ext/ModelingToolkitSIExt.jl:78
┌ Warning: Floating point value 0.5 will be converted to 1//2.
└ @ ModelingToolkitSIExt ~/ParameterEstimationBenchmark-local/environments/StructuralIdentifiability.jl/ext/ModelingToolkitSIExt.jl:78
┌ Warning: Floating point value 0.026077496863997268 will be converted to 14392691//551919959.
└ @ ModelingToolkitSIExt ~/ParameterEstimationBenchmark-local/environments/StructuralIdentifiability.jl/ext/ModelingToolkitSIExt.jl:78
┌ Warning: Floating point value -2.410665058307588 will be converted to -353353375//146579208.
└ @ ModelingToolkitSIExt ~/ParameterEstimationBenchmark-local/environments/StructuralIdentifiability.jl/ext/ModelingToolkitSIExt.jl:78
┌ Warning: Floating point value -0.5 will be converted to -1//2.
└ @ ModelingToolkitSIExt ~/ParameterEstimationBenchmark-local/environments/StructuralIdentifiability.jl/ext/ModelingToolkitSIExt.jl:78
┌ Warning: Floating point value 0.1478159318216499 will be converted to 11536027//78043191.
└ @ ModelingToolkitSIExt ~/ParameterEstimationBenchmark-local/environments/StructuralIdentifiability.jl/ext/ModelingToolkitSIExt.jl:78
┌ Warning: Floating point value 0.9319547708234176 will be converted to 61348755//65828039.
└ @ ModelingToolkitSIExt ~/ParameterEstimationBenchmark-local/environments/StructuralIdentifiability.jl/ext/ModelingToolkitSIExt.jl:78
┌ Warning: Floating point value 0.5 will be converted to 1//2.
└ @ ModelingToolkitSIExt ~/ParameterEstimationBenchmark-local/environments/StructuralIdentifiability.jl/ext/ModelingToolkitSIExt.jl:78
┌ Warning: Floating point value 0.5 will be converted to 1//2.
└ @ ModelingToolkitSIExt ~/ParameterEstimationBenchmark-local/environments/StructuralIdentifiability.jl/ext/ModelingToolkitSIExt.jl:78
┌ Warning: Floating point value 0.5 will be converted to 1//2.
└ @ ModelingToolkitSIExt ~/ParameterEstimationBenchmark-local/environments/StructuralIdentifiability.jl/ext/ModelingToolkitSIExt.jl:78
┌ Warning: Floating point value -0.052154993727994536 will be converted to -23331107//447341766.
└ @ ModelingToolkitSIExt ~/ParameterEstimationBenchmark-local/environments/StructuralIdentifiability.jl/ext/ModelingToolkitSIExt.jl:78
┌ Warning: Floating point value -2.410665058307588 will be converted to -353353375//146579208.
└ @ ModelingToolkitSIExt ~/ParameterEstimationBenchmark-local/environments/StructuralIdentifiability.jl/ext/ModelingToolkitSIExt.jl:78
┌ Warning: Floating point value -0.5 will be converted to -1//2.
└ @ ModelingToolkitSIExt ~/ParameterEstimationBenchmark-local/environments/StructuralIdentifiability.jl/ext/ModelingToolkitSIExt.jl:78
┌ Warning: Floating point value 8.0 will be converted to 8.
└ @ ModelingToolkitSIExt ~/ParameterEstimationBenchmark-local/environments/StructuralIdentifiability.jl/ext/ModelingToolkitSIExt.jl:78
┌ Warning: Floating point value 0.5 will be converted to 1//2.
└ @ ModelingToolkitSIExt ~/ParameterEstimationBenchmark-local/environments/StructuralIdentifiability.jl/ext/ModelingToolkitSIExt.jl:78
[ Info: Getting polynomial system from SIAN
[ Info: Built polynomial system with 9 equations
[ Info: [SI-TEMPLATE] algebraic_multiplicity M = 1  (setup 0.0s, Groebner 0.0s, quotient_basis 0.0s, ring: 8 vars × 10 polys)
[ Info: [DEBUG-ALG-INDEP] Input: 9 equations, 7 indeterminates
[ Info: [DEBUG-ALG-INDEP] Jacobian size: (9, 7)
[ Info: [DEBUG-ALG-INDEP] Jacobian rank: 7
[ Info: [DEBUG-ALG-INDEP] Found 7 pivot columns
[ Info: [DEBUG-ALG-INDEP] Selected 7 equations (current_rank=7)
[ Info: [DEBUG-ALG-INDEP] Returning: output_ids=[1, 2, 3, 4, 5, 6, 7], alg_indep has 0 vars
[ Info: Reduced polynomial system to 7 equations
┌ Info: [SI-MAP] Extending DerivativeData support for SI template
│   current_order = -1
└   required_order = 5
[ Info: Checking identifiability
┌ Warning: There are no parameters in the given ODE, thus no identifiabile
│ functions.
│ Use `find_identifiable_functions` with keyword `with_states=true` to
│ compute the functions with the ODE states included.
└ @ StructuralIdentifiability ~/ParameterEstimationBenchmark-local/environments/StructuralIdentifiability.jl/src/identifiable_functions.jl:97
┌ Info: [SI-STRUCTURAL] SIAN/SI template summary
│   template_equation_count = 7
│   derivative_symbol_count = 12
│   max_derivative_order = 5
│   structural_unidentifiable_count = 1
└   identifiable_function_count = 1
┌ Info: [SI-MAP] Classified symbolic SI support variables while converting SIAN output
│   counts =
│    Dict{Symbol, Int64} with 2 entries:
│      :state_jet        => 2
│      :measured_rhs_jet => 5
│   samples =
│    Dict{Symbol, Vector{String}} with 2 entries:
│      :state_jet        => ["x6_0", "x6_1"]
└      :measured_rhs_jet => ["x5_0", "x4_0", "x5_1", "x4_1", "x5_2"]
[ Info: Getting equation system from StructuralIdentifiability.jl
[ Info: Converting ODESystem to SI.jl format
┌ Warning: Floating point value -3.256011148540769 will be converted to -127528511//39167099.
└ @ ModelingToolkitSIExt ~/ParameterEstimationBenchmark-local/environments/StructuralIdentifiability.jl/ext/ModelingToolkitSIExt.jl:78
┌ Warning: Floating point value 8.0 will be converted to 8.
└ @ ModelingToolkitSIExt ~/ParameterEstimationBenchmark-local/environments/StructuralIdentifiability.jl/ext/ModelingToolkitSIExt.jl:78
┌ Warning: Floating point value 2.216025412119274 will be converted to 53722929//24242921.
└ @ ModelingToolkitSIExt ~/ParameterEstimationBenchmark-local/environments/StructuralIdentifiability.jl/ext/ModelingToolkitSIExt.jl:78
┌ Warning: Floating point value 8.0 will be converted to 8.
└ @ ModelingToolkitSIExt ~/ParameterEstimationBenchmark-local/environments/StructuralIdentifiability.jl/ext/ModelingToolkitSIExt.jl:78
┌ Warning: Floating point value -0.47973304463821836 will be converted to -12665920//26402017.
└ @ ModelingToolkitSIExt ~/ParameterEstimationBenchmark-local/environments/StructuralIdentifiability.jl/ext/ModelingToolkitSIExt.jl:78
┌ Warning: Floating point value 10.165756087622412 will be converted to 98893075//9728059.
└ @ ModelingToolkitSIExt ~/ParameterEstimationBenchmark-local/environments/StructuralIdentifiability.jl/ext/ModelingToolkitSIExt.jl:78
┌ Warning: Floating point value 0.5 will be converted to 1//2.
└ @ ModelingToolkitSIExt ~/ParameterEstimationBenchmark-local/environments/StructuralIdentifiability.jl/ext/ModelingToolkitSIExt.jl:78
┌ Warning: Floating point value 0.5 will be converted to 1//2.
└ @ ModelingToolkitSIExt ~/ParameterEstimationBenchmark-local/environments/StructuralIdentifiability.jl/ext/ModelingToolkitSIExt.jl:78
┌ Warning: Floating point value 3.256011148540769 will be converted to 127528511//39167099.
└ @ ModelingToolkitSIExt ~/ParameterEstimationBenchmark-local/environments/StructuralIdentifiability.jl/ext/ModelingToolkitSIExt.jl:78
┌ Warning: Floating point value 2.216025412119274 will be converted to 53722929//24242921.
└ @ ModelingToolkitSIExt ~/ParameterEstimationBenchmark-local/environments/StructuralIdentifiability.jl/ext/ModelingToolkitSIExt.jl:78
┌ Warning: Floating point value 8.0 will be converted to 8.
└ @ ModelingToolkitSIExt ~/ParameterEstimationBenchmark-local/environments/StructuralIdentifiability.jl/ext/ModelingToolkitSIExt.jl:78
┌ Warning: Floating point value 0.5 will be converted to 1//2.
└ @ ModelingToolkitSIExt ~/ParameterEstimationBenchmark-local/environments/StructuralIdentifiability.jl/ext/ModelingToolkitSIExt.jl:78
┌ Warning: Floating point value 0.007352424264638059 will be converted to 10235138//1392076631.
└ @ ModelingToolkitSIExt ~/ParameterEstimationBenchmark-local/environments/StructuralIdentifiability.jl/ext/ModelingToolkitSIExt.jl:78
┌ Warning: Floating point value -10.680526477984696 will be converted to -726011607//67975264.
└ @ ModelingToolkitSIExt ~/ParameterEstimationBenchmark-local/environments/StructuralIdentifiability.jl/ext/ModelingToolkitSIExt.jl:78
┌ Warning: Floating point value -0.5 will be converted to -1//2.
└ @ ModelingToolkitSIExt ~/ParameterEstimationBenchmark-local/environments/StructuralIdentifiability.jl/ext/ModelingToolkitSIExt.jl:78
┌ Warning: Floating point value 0.47973304463821836 will be converted to 12665920//26402017.
└ @ ModelingToolkitSIExt ~/ParameterEstimationBenchmark-local/environments/StructuralIdentifiability.jl/ext/ModelingToolkitSIExt.jl:78
┌ Warning: Floating point value 10.165756087622412 will be converted to 98893075//9728059.
└ @ ModelingToolkitSIExt ~/ParameterEstimationBenchmark-local/environments/StructuralIdentifiability.jl/ext/ModelingToolkitSIExt.jl:78
┌ Warning: Floating point value 0.5 will be converted to 1//2.
└ @ ModelingToolkitSIExt ~/ParameterEstimationBenchmark-local/environments/StructuralIdentifiability.jl/ext/ModelingToolkitSIExt.jl:78
┌ Warning: Floating point value 0.5 will be converted to 1//2.
└ @ ModelingToolkitSIExt ~/ParameterEstimationBenchmark-local/environments/StructuralIdentifiability.jl/ext/ModelingToolkitSIExt.jl:78
┌ Warning: Floating point value 0.5 will be converted to 1//2.
└ @ ModelingToolkitSIExt ~/ParameterEstimationBenchmark-local/environments/StructuralIdentifiability.jl/ext/ModelingToolkitSIExt.jl:78
┌ Warning: Floating point value -0.014704848529276117 will be converted to -20470276//1392076631.
└ @ ModelingToolkitSIExt ~/ParameterEstimationBenchmark-local/environments/StructuralIdentifiability.jl/ext/ModelingToolkitSIExt.jl:78
┌ Warning: Floating point value -10.680526477984696 will be converted to -726011607//67975264.
└ @ ModelingToolkitSIExt ~/ParameterEstimationBenchmark-local/environments/StructuralIdentifiability.jl/ext/ModelingToolkitSIExt.jl:78
┌ Warning: Floating point value -0.5 will be converted to -1//2.
└ @ ModelingToolkitSIExt ~/ParameterEstimationBenchmark-local/environments/StructuralIdentifiability.jl/ext/ModelingToolkitSIExt.jl:78
┌ Warning: Floating point value 8.0 will be converted to 8.
└ @ ModelingToolkitSIExt ~/ParameterEstimationBenchmark-local/environments/StructuralIdentifiability.jl/ext/ModelingToolkitSIExt.jl:78
┌ Warning: Floating point value 0.5 will be converted to 1//2.
└ @ ModelingToolkitSIExt ~/ParameterEstimationBenchmark-local/environments/StructuralIdentifiability.jl/ext/ModelingToolkitSIExt.jl:78
[ Info: Getting polynomial system from SIAN
[ Info: Built polynomial system with 9 equations
[ Info: [SI-TEMPLATE] algebraic_multiplicity M = 1  (setup 0.0s, Groebner 0.0s, quotient_basis 0.0s, ring: 8 vars × 10 polys)
[ Info: [DEBUG-ALG-INDEP] Input: 9 equations, 7 indeterminates
[ Info: [DEBUG-ALG-INDEP] Jacobian size: (9, 7)
[ Info: [DEBUG-ALG-INDEP] Jacobian rank: 7
[ Info: [DEBUG-ALG-INDEP] Found 7 pivot columns
[ Info: [DEBUG-ALG-INDEP] Selected 7 equations (current_rank=7)
[ Info: [DEBUG-ALG-INDEP] Returning: output_ids=[1, 2, 3, 4, 5, 6, 7], alg_indep has 0 vars
[ Info: Reduced polynomial system to 7 equations
┌ Info: [SI-MAP] Extending DerivativeData support for SI template
│   current_order = -1
└   required_order = 5
[ Info: Checking identifiability
┌ Warning: There are no parameters in the given ODE, thus no identifiabile
│ functions.
│ Use `find_identifiable_functions` with keyword `with_states=true` to
│ compute the functions with the ODE states included.
└ @ StructuralIdentifiability ~/ParameterEstimationBenchmark-local/environments/StructuralIdentifiability.jl/src/identifiable_functions.jl:97
┌ Info: [SI-STRUCTURAL] SIAN/SI template summary
│   template_equation_count = 7
│   derivative_symbol_count = 12
│   max_derivative_order = 5
│   structural_unidentifiable_count = 1
└   identifiable_function_count = 1
┌ Info: [SI-MAP] Classified symbolic SI support variables while converting SIAN output
│   counts =
│    Dict{Symbol, Int64} with 2 entries:
│      :state_jet        => 2
│      :measured_rhs_jet => 5
│   samples =
│    Dict{Symbol, Vector{String}} with 2 entries:
│      :state_jet        => ["x6_0", "x6_1"]
└      :measured_rhs_jet => ["x5_0", "x4_0", "x5_1", "x4_1", "x5_2"]
[ Info: Getting equation system from StructuralIdentifiability.jl
[ Info: Converting ODESystem to SI.jl format
┌ Warning: Floating point value -3.2560112140663326 will be converted to -38124199//11708866.
└ @ ModelingToolkitSIExt ~/ParameterEstimationBenchmark-local/environments/StructuralIdentifiability.jl/ext/ModelingToolkitSIExt.jl:78
┌ Warning: Floating point value 8.0 will be converted to 8.
└ @ ModelingToolkitSIExt ~/ParameterEstimationBenchmark-local/environments/StructuralIdentifiability.jl/ext/ModelingToolkitSIExt.jl:78
┌ Warning: Floating point value 2.216025513534411 will be converted to 136235334//61477331.
└ @ ModelingToolkitSIExt ~/ParameterEstimationBenchmark-local/environments/StructuralIdentifiability.jl/ext/ModelingToolkitSIExt.jl:78
┌ Warning: Floating point value 8.0 will be converted to 8.
└ @ ModelingToolkitSIExt ~/ParameterEstimationBenchmark-local/environments/StructuralIdentifiability.jl/ext/ModelingToolkitSIExt.jl:78
┌ Warning: Floating point value -0.44658318558804483 will be converted to -60215590//134836223.
└ @ ModelingToolkitSIExt ~/ParameterEstimationBenchmark-local/environments/StructuralIdentifiability.jl/ext/ModelingToolkitSIExt.jl:78
┌ Warning: Floating point value 9.236522712150297 will be converted to 255376654//27648571.
└ @ ModelingToolkitSIExt ~/ParameterEstimationBenchmark-local/environments/StructuralIdentifiability.jl/ext/ModelingToolkitSIExt.jl:78
┌ Warning: Floating point value 0.5 will be converted to 1//2.
└ @ ModelingToolkitSIExt ~/ParameterEstimationBenchmark-local/environments/StructuralIdentifiability.jl/ext/ModelingToolkitSIExt.jl:78
┌ Warning: Floating point value 0.5 will be converted to 1//2.
└ @ ModelingToolkitSIExt ~/ParameterEstimationBenchmark-local/environments/StructuralIdentifiability.jl/ext/ModelingToolkitSIExt.jl:78
┌ Warning: Floating point value 3.2560112140663326 will be converted to 38124199//11708866.
└ @ ModelingToolkitSIExt ~/ParameterEstimationBenchmark-local/environments/StructuralIdentifiability.jl/ext/ModelingToolkitSIExt.jl:78
┌ Warning: Floating point value 2.216025513534411 will be converted to 136235334//61477331.
└ @ ModelingToolkitSIExt ~/ParameterEstimationBenchmark-local/environments/StructuralIdentifiability.jl/ext/ModelingToolkitSIExt.jl:78
┌ Warning: Floating point value 8.0 will be converted to 8.
└ @ ModelingToolkitSIExt ~/ParameterEstimationBenchmark-local/environments/StructuralIdentifiability.jl/ext/ModelingToolkitSIExt.jl:78
┌ Warning: Floating point value 0.5 will be converted to 1//2.
└ @ ModelingToolkitSIExt ~/ParameterEstimationBenchmark-local/environments/StructuralIdentifiability.jl/ext/ModelingToolkitSIExt.jl:78
┌ Warning: Floating point value 0.008075341162699909 will be converted to 6822869//844901641.
└ @ ModelingToolkitSIExt ~/ParameterEstimationBenchmark-local/environments/StructuralIdentifiability.jl/ext/ModelingToolkitSIExt.jl:78
┌ Warning: Floating point value -9.588861164723845 will be converted to -190176641//19833079.
└ @ ModelingToolkitSIExt ~/ParameterEstimationBenchmark-local/environments/StructuralIdentifiability.jl/ext/ModelingToolkitSIExt.jl:78
┌ Warning: Floating point value -0.5 will be converted to -1//2.
└ @ ModelingToolkitSIExt ~/ParameterEstimationBenchmark-local/environments/StructuralIdentifiability.jl/ext/ModelingToolkitSIExt.jl:78
┌ Warning: Floating point value 0.44658318558804483 will be converted to 60215590//134836223.
└ @ ModelingToolkitSIExt ~/ParameterEstimationBenchmark-local/environments/StructuralIdentifiability.jl/ext/ModelingToolkitSIExt.jl:78
┌ Warning: Floating point value 9.236522712150297 will be converted to 255376654//27648571.
└ @ ModelingToolkitSIExt ~/ParameterEstimationBenchmark-local/environments/StructuralIdentifiability.jl/ext/ModelingToolkitSIExt.jl:78
┌ Warning: Floating point value 0.5 will be converted to 1//2.
└ @ ModelingToolkitSIExt ~/ParameterEstimationBenchmark-local/environments/StructuralIdentifiability.jl/ext/ModelingToolkitSIExt.jl:78
┌ Warning: Floating point value 0.5 will be converted to 1//2.
└ @ ModelingToolkitSIExt ~/ParameterEstimationBenchmark-local/environments/StructuralIdentifiability.jl/ext/ModelingToolkitSIExt.jl:78
┌ Warning: Floating point value 0.5 will be converted to 1//2.
└ @ ModelingToolkitSIExt ~/ParameterEstimationBenchmark-local/environments/StructuralIdentifiability.jl/ext/ModelingToolkitSIExt.jl:78
┌ Warning: Floating point value -0.016150682325399818 will be converted to -13645738//844901641.
└ @ ModelingToolkitSIExt ~/ParameterEstimationBenchmark-local/environments/StructuralIdentifiability.jl/ext/ModelingToolkitSIExt.jl:78
┌ Warning: Floating point value -9.588861164723845 will be converted to -190176641//19833079.
└ @ ModelingToolkitSIExt ~/ParameterEstimationBenchmark-local/environments/StructuralIdentifiability.jl/ext/ModelingToolkitSIExt.jl:78
┌ Warning: Floating point value -0.5 will be converted to -1//2.
└ @ ModelingToolkitSIExt ~/ParameterEstimationBenchmark-local/environments/StructuralIdentifiability.jl/ext/ModelingToolkitSIExt.jl:78
┌ Warning: Floating point value 8.0 will be converted to 8.
└ @ ModelingToolkitSIExt ~/ParameterEstimationBenchmark-local/environments/StructuralIdentifiability.jl/ext/ModelingToolkitSIExt.jl:78
┌ Warning: Floating point value 0.5 will be converted to 1//2.
└ @ ModelingToolkitSIExt ~/ParameterEstimationBenchmark-local/environments/StructuralIdentifiability.jl/ext/ModelingToolkitSIExt.jl:78
[ Info: Getting polynomial system from SIAN
[ Info: Built polynomial system with 9 equations
[ Info: [SI-TEMPLATE] algebraic_multiplicity M = 1  (setup 0.0s, Groebner 0.0s, quotient_basis 0.0s, ring: 8 vars × 10 polys)
[ Info: [DEBUG-ALG-INDEP] Input: 9 equations, 7 indeterminates
[ Info: [DEBUG-ALG-INDEP] Jacobian size: (9, 7)
[ Info: [DEBUG-ALG-INDEP] Jacobian rank: 7
[ Info: [DEBUG-ALG-INDEP] Found 7 pivot columns
[ Info: [DEBUG-ALG-INDEP] Selected 7 equations (current_rank=7)
[ Info: [DEBUG-ALG-INDEP] Returning: output_ids=[1, 2, 3, 4, 5, 6, 7], alg_indep has 0 vars
[ Info: Reduced polynomial system to 7 equations
┌ Info: [SI-MAP] Extending DerivativeData support for SI template
│   current_order = -1
└   required_order = 5
[ Info: Checking identifiability
┌ Warning: There are no parameters in the given ODE, thus no identifiabile
│ functions.
│ Use `find_identifiable_functions` with keyword `with_states=true` to
│ compute the functions with the ODE states included.
└ @ StructuralIdentifiability ~/ParameterEstimationBenchmark-local/environments/StructuralIdentifiability.jl/src/identifiable_functions.jl:97
┌ Info: [SI-STRUCTURAL] SIAN/SI template summary
│   template_equation_count = 7
│   derivative_symbol_count = 12
│   max_derivative_order = 5
│   structural_unidentifiable_count = 1
└   identifiable_function_count = 1
┌ Info: [SI-MAP] Classified symbolic SI support variables while converting SIAN output
│   counts =
│    Dict{Symbol, Int64} with 2 entries:
│      :state_jet        => 2
│      :measured_rhs_jet => 5
│   samples =
│    Dict{Symbol, Vector{String}} with 2 entries:
│      :state_jet        => ["x6_0", "x6_1"]
└      :measured_rhs_jet => ["x5_0", "x4_0", "x5_1", "x4_1", "x5_2"]
[ Info: Getting equation system from StructuralIdentifiability.jl
[ Info: Converting ODESystem to SI.jl format
┌ Warning: Floating point value -3.2560112140663326 will be converted to -38124199//11708866.
└ @ ModelingToolkitSIExt ~/ParameterEstimationBenchmark-local/environments/StructuralIdentifiability.jl/ext/ModelingToolkitSIExt.jl:78
┌ Warning: Floating point value 8.0 will be converted to 8.
└ @ ModelingToolkitSIExt ~/ParameterEstimationBenchmark-local/environments/StructuralIdentifiability.jl/ext/ModelingToolkitSIExt.jl:78
┌ Warning: Floating point value 2.216025513534411 will be converted to 136235334//61477331.
└ @ ModelingToolkitSIExt ~/ParameterEstimationBenchmark-local/environments/StructuralIdentifiability.jl/ext/ModelingToolkitSIExt.jl:78
┌ Warning: Floating point value 8.0 will be converted to 8.
└ @ ModelingToolkitSIExt ~/ParameterEstimationBenchmark-local/environments/StructuralIdentifiability.jl/ext/ModelingToolkitSIExt.jl:78
┌ Warning: Floating point value -0.14682275463518388 will be converted to -15720395//107070563.
└ @ ModelingToolkitSIExt ~/ParameterEstimationBenchmark-local/environments/StructuralIdentifiability.jl/ext/ModelingToolkitSIExt.jl:78
┌ Warning: Floating point value 0.9434060162082708 will be converted to 64650869//68529210.
└ @ ModelingToolkitSIExt ~/ParameterEstimationBenchmark-local/environments/StructuralIdentifiability.jl/ext/ModelingToolkitSIExt.jl:78
┌ Warning: Floating point value 0.5 will be converted to 1//2.
└ @ ModelingToolkitSIExt ~/ParameterEstimationBenchmark-local/environments/StructuralIdentifiability.jl/ext/ModelingToolkitSIExt.jl:78
┌ Warning: Floating point value 0.5 will be converted to 1//2.
└ @ ModelingToolkitSIExt ~/ParameterEstimationBenchmark-local/environments/StructuralIdentifiability.jl/ext/ModelingToolkitSIExt.jl:78
┌ Warning: Floating point value 3.2560112140663326 will be converted to 38124199//11708866.
└ @ ModelingToolkitSIExt ~/ParameterEstimationBenchmark-local/environments/StructuralIdentifiability.jl/ext/ModelingToolkitSIExt.jl:78
┌ Warning: Floating point value 2.216025513534411 will be converted to 136235334//61477331.
└ @ ModelingToolkitSIExt ~/ParameterEstimationBenchmark-local/environments/StructuralIdentifiability.jl/ext/ModelingToolkitSIExt.jl:78
┌ Warning: Floating point value 8.0 will be converted to 8.
└ @ ModelingToolkitSIExt ~/ParameterEstimationBenchmark-local/environments/StructuralIdentifiability.jl/ext/ModelingToolkitSIExt.jl:78
┌ Warning: Floating point value 0.5 will be converted to 1//2.
└ @ ModelingToolkitSIExt ~/ParameterEstimationBenchmark-local/environments/StructuralIdentifiability.jl/ext/ModelingToolkitSIExt.jl:78
┌ Warning: Floating point value 0.022757740129375613 will be converted to 90045325//3956690097.
└ @ ModelingToolkitSIExt ~/ParameterEstimationBenchmark-local/environments/StructuralIdentifiability.jl/ext/ModelingToolkitSIExt.jl:78
┌ Warning: Floating point value -3.102297996712657 will be converted to -72631677//23412218.
└ @ ModelingToolkitSIExt ~/ParameterEstimationBenchmark-local/environments/StructuralIdentifiability.jl/ext/ModelingToolkitSIExt.jl:78
┌ Warning: Floating point value -0.5 will be converted to -1//2.
└ @ ModelingToolkitSIExt ~/ParameterEstimationBenchmark-local/environments/StructuralIdentifiability.jl/ext/ModelingToolkitSIExt.jl:78
┌ Warning: Floating point value 0.14682275463518388 will be converted to 15720395//107070563.
└ @ ModelingToolkitSIExt ~/ParameterEstimationBenchmark-local/environments/StructuralIdentifiability.jl/ext/ModelingToolkitSIExt.jl:78
┌ Warning: Floating point value 0.9434060162082708 will be converted to 64650869//68529210.
└ @ ModelingToolkitSIExt ~/ParameterEstimationBenchmark-local/environments/StructuralIdentifiability.jl/ext/ModelingToolkitSIExt.jl:78
┌ Warning: Floating point value 0.5 will be converted to 1//2.
└ @ ModelingToolkitSIExt ~/ParameterEstimationBenchmark-local/environments/StructuralIdentifiability.jl/ext/ModelingToolkitSIExt.jl:78
┌ Warning: Floating point value 0.5 will be converted to 1//2.
└ @ ModelingToolkitSIExt ~/ParameterEstimationBenchmark-local/environments/StructuralIdentifiability.jl/ext/ModelingToolkitSIExt.jl:78
┌ Warning: Floating point value 0.5 will be converted to 1//2.
└ @ ModelingToolkitSIExt ~/ParameterEstimationBenchmark-local/environments/StructuralIdentifiability.jl/ext/ModelingToolkitSIExt.jl:78
┌ Warning: Floating point value -0.045515480258751226 will be converted to -180038533//3955545058.
└ @ ModelingToolkitSIExt ~/ParameterEstimationBenchmark-local/environments/StructuralIdentifiability.jl/ext/ModelingToolkitSIExt.jl:78
┌ Warning: Floating point value -3.102297996712657 will be converted to -72631677//23412218.
└ @ ModelingToolkitSIExt ~/ParameterEstimationBenchmark-local/environments/StructuralIdentifiability.jl/ext/ModelingToolkitSIExt.jl:78
┌ Warning: Floating point value -0.5 will be converted to -1//2.
└ @ ModelingToolkitSIExt ~/ParameterEstimationBenchmark-local/environments/StructuralIdentifiability.jl/ext/ModelingToolkitSIExt.jl:78
┌ Warning: Floating point value 8.0 will be converted to 8.
└ @ ModelingToolkitSIExt ~/ParameterEstimationBenchmark-local/environments/StructuralIdentifiability.jl/ext/ModelingToolkitSIExt.jl:78
┌ Warning: Floating point value 0.5 will be converted to 1//2.
└ @ ModelingToolkitSIExt ~/ParameterEstimationBenchmark-local/environments/StructuralIdentifiability.jl/ext/ModelingToolkitSIExt.jl:78
[ Info: Getting polynomial system from SIAN
[ Info: Built polynomial system with 9 equations
[ Info: [SI-TEMPLATE] algebraic_multiplicity M = 1  (setup 0.0s, Groebner 0.0s, quotient_basis 0.0s, ring: 8 vars × 10 polys)
[ Info: [DEBUG-ALG-INDEP] Input: 9 equations, 7 indeterminates
[ Info: [DEBUG-ALG-INDEP] Jacobian size: (9, 7)
[ Info: [DEBUG-ALG-INDEP] Jacobian rank: 7
[ Info: [DEBUG-ALG-INDEP] Found 7 pivot columns
[ Info: [DEBUG-ALG-INDEP] Selected 7 equations (current_rank=7)
[ Info: [DEBUG-ALG-INDEP] Returning: output_ids=[1, 2, 3, 4, 5, 6, 7], alg_indep has 0 vars
[ Info: Reduced polynomial system to 7 equations
┌ Info: [SI-MAP] Extending DerivativeData support for SI template
│   current_order = -1
└   required_order = 5
[ Info: Checking identifiability
┌ Warning: There are no parameters in the given ODE, thus no identifiabile
│ functions.
│ Use `find_identifiable_functions` with keyword `with_states=true` to
│ compute the functions with the ODE states included.
└ @ StructuralIdentifiability ~/ParameterEstimationBenchmark-local/environments/StructuralIdentifiability.jl/src/identifiable_functions.jl:97
┌ Info: [SI-STRUCTURAL] SIAN/SI template summary
│   template_equation_count = 7
│   derivative_symbol_count = 12
│   max_derivative_order = 5
│   structural_unidentifiable_count = 1
└   identifiable_function_count = 1
┌ Info: [SI-MAP] Classified symbolic SI support variables while converting SIAN output
│   counts =
│    Dict{Symbol, Int64} with 2 entries:
│      :state_jet        => 2
│      :measured_rhs_jet => 5
│   samples =
│    Dict{Symbol, Vector{String}} with 2 entries:
│      :state_jet        => ["x6_0", "x6_1"]
└      :measured_rhs_jet => ["x5_0", "x4_0", "x5_1", "x4_1", "x5_2"]
[ Info: Getting equation system from StructuralIdentifiability.jl
[ Info: Converting ODESystem to SI.jl format
┌ Warning: Floating point value -3.2560110292455926 will be converted to -159563129//49005709.
└ @ ModelingToolkitSIExt ~/ParameterEstimationBenchmark-local/environments/StructuralIdentifiability.jl/ext/ModelingToolkitSIExt.jl:78
┌ Warning: Floating point value 8.0 will be converted to 8.
└ @ ModelingToolkitSIExt ~/ParameterEstimationBenchmark-local/environments/StructuralIdentifiability.jl/ext/ModelingToolkitSIExt.jl:78
┌ Warning: Floating point value 2.2160252274839047 will be converted to 92306173//41653936.
└ @ ModelingToolkitSIExt ~/ParameterEstimationBenchmark-local/environments/StructuralIdentifiability.jl/ext/ModelingToolkitSIExt.jl:78
┌ Warning: Floating point value 8.0 will be converted to 8.
└ @ ModelingToolkitSIExt ~/ParameterEstimationBenchmark-local/environments/StructuralIdentifiability.jl/ext/ModelingToolkitSIExt.jl:78
┌ Warning: Floating point value -0.14679904944864663 will be converted to -13123265//89396117.
└ @ ModelingToolkitSIExt ~/ParameterEstimationBenchmark-local/environments/StructuralIdentifiability.jl/ext/ModelingToolkitSIExt.jl:78
┌ Warning: Floating point value 0.9437754027564937 will be converted to 37833067//40086939.
└ @ ModelingToolkitSIExt ~/ParameterEstimationBenchmark-local/environments/StructuralIdentifiability.jl/ext/ModelingToolkitSIExt.jl:78
┌ Warning: Floating point value 0.5 will be converted to 1//2.
└ @ ModelingToolkitSIExt ~/ParameterEstimationBenchmark-local/environments/StructuralIdentifiability.jl/ext/ModelingToolkitSIExt.jl:78
┌ Warning: Floating point value 0.5 will be converted to 1//2.
└ @ ModelingToolkitSIExt ~/ParameterEstimationBenchmark-local/environments/StructuralIdentifiability.jl/ext/ModelingToolkitSIExt.jl:78
[CAND 217] ok  max=438b  0.6s
[CAND 220] ok  max=437b  0.3s
[CAND 221] ok  max=421b  0.3s
[CAND 223] ok  max=453b  0.4s
┌ Warning: Floating point value 3.2560110292455926 will be converted to 159563129//49005709.
└ @ ModelingToolkitSIExt ~/ParameterEstimationBenchmark-local/environments/StructuralIdentifiability.jl/ext/ModelingToolkitSIExt.jl:78
┌ Warning: Floating point value 2.2160252274839047 will be converted to 92306173//41653936.
└ @ ModelingToolkitSIExt ~/ParameterEstimationBenchmark-local/environments/StructuralIdentifiability.jl/ext/ModelingToolkitSIExt.jl:78
┌ Warning: Floating point value 8.0 will be converted to 8.
└ @ ModelingToolkitSIExt ~/ParameterEstimationBenchmark-local/environments/StructuralIdentifiability.jl/ext/ModelingToolkitSIExt.jl:78
┌ Warning: Floating point value 0.5 will be converted to 1//2.
└ @ ModelingToolkitSIExt ~/ParameterEstimationBenchmark-local/environments/StructuralIdentifiability.jl/ext/ModelingToolkitSIExt.jl:78
┌ Warning: Floating point value 0.022655856882522602 will be converted to 3043471//134334844.
└ @ ModelingToolkitSIExt ~/ParameterEstimationBenchmark-local/environments/StructuralIdentifiability.jl/ext/ModelingToolkitSIExt.jl:78
┌ Warning: Floating point value -3.1258355677723824 will be converted to -62183838//19893509.
└ @ ModelingToolkitSIExt ~/ParameterEstimationBenchmark-local/environments/StructuralIdentifiability.jl/ext/ModelingToolkitSIExt.jl:78
┌ Warning: Floating point value -0.5 will be converted to -1//2.
└ @ ModelingToolkitSIExt ~/ParameterEstimationBenchmark-local/environments/StructuralIdentifiability.jl/ext/ModelingToolkitSIExt.jl:78
┌ Warning: Floating point value 0.14679904944864663 will be converted to 13123265//89396117.
└ @ ModelingToolkitSIExt ~/ParameterEstimationBenchmark-local/environments/StructuralIdentifiability.jl/ext/ModelingToolkitSIExt.jl:78
┌ Warning: Floating point value 0.9437754027564937 will be converted to 37833067//40086939.
└ @ ModelingToolkitSIExt ~/ParameterEstimationBenchmark-local/environments/StructuralIdentifiability.jl/ext/ModelingToolkitSIExt.jl:78
┌ Warning: Floating point value 0.5 will be converted to 1//2.
└ @ ModelingToolkitSIExt ~/ParameterEstimationBenchmark-local/environments/StructuralIdentifiability.jl/ext/ModelingToolkitSIExt.jl:78
┌ Warning: Floating point value 0.5 will be converted to 1//2.
└ @ ModelingToolkitSIExt ~/ParameterEstimationBenchmark-local/environments/StructuralIdentifiability.jl/ext/ModelingToolkitSIExt.jl:78
┌ Warning: Floating point value 0.5 will be converted to 1//2.
└ @ ModelingToolkitSIExt ~/ParameterEstimationBenchmark-local/environments/StructuralIdentifiability.jl/ext/ModelingToolkitSIExt.jl:78
┌ Warning: Floating point value -0.045311713765045204 will be converted to -3043471//67167422.
└ @ ModelingToolkitSIExt ~/ParameterEstimationBenchmark-local/environments/StructuralIdentifiability.jl/ext/ModelingToolkitSIExt.jl:78
┌ Warning: Floating point value -3.1258355677723824 will be converted to -62183838//19893509.
└ @ ModelingToolkitSIExt ~/ParameterEstimationBenchmark-local/environments/StructuralIdentifiability.jl/ext/ModelingToolkitSIExt.jl:78
┌ Warning: Floating point value -0.5 will be converted to -1//2.
└ @ ModelingToolkitSIExt ~/ParameterEstimationBenchmark-local/environments/StructuralIdentifiability.jl/ext/ModelingToolkitSIExt.jl:78
┌ Warning: Floating point value 8.0 will be converted to 8.
└ @ ModelingToolkitSIExt ~/ParameterEstimationBenchmark-local/environments/StructuralIdentifiability.jl/ext/ModelingToolkitSIExt.jl:78
┌ Warning: Floating point value 0.5 will be converted to 1//2.
└ @ ModelingToolkitSIExt ~/ParameterEstimationBenchmark-local/environments/StructuralIdentifiability.jl/ext/ModelingToolkitSIExt.jl:78
[ Info: Getting polynomial system from SIAN
[ Info: Built polynomial system with 9 equations
[ Info: [SI-TEMPLATE] algebraic_multiplicity M = 1  (setup 0.0s, Groebner 0.0s, quotient_basis 0.0s, ring: 8 vars × 10 polys)
[ Info: [DEBUG-ALG-INDEP] Input: 9 equations, 7 indeterminates
[ Info: [DEBUG-ALG-INDEP] Jacobian size: (9, 7)
[ Info: [DEBUG-ALG-INDEP] Jacobian rank: 7
[ Info: [DEBUG-ALG-INDEP] Found 7 pivot columns
[ Info: [DEBUG-ALG-INDEP] Selected 7 equations (current_rank=7)
[ Info: [DEBUG-ALG-INDEP] Returning: output_ids=[1, 2, 3, 4, 5, 6, 7], alg_indep has 0 vars
[ Info: Reduced polynomial system to 7 equations
┌ Info: [SI-MAP] Extending DerivativeData support for SI template
│   current_order = -1
└   required_order = 5
[ Info: Checking identifiability
┌ Warning: There are no parameters in the given ODE, thus no identifiabile
│ functions.
│ Use `find_identifiable_functions` with keyword `with_states=true` to
│ compute the functions with the ODE states included.
└ @ StructuralIdentifiability ~/ParameterEstimationBenchmark-local/environments/StructuralIdentifiability.jl/src/identifiable_functions.jl:97
┌ Info: [SI-STRUCTURAL] SIAN/SI template summary
│   template_equation_count = 7
│   derivative_symbol_count = 12
│   max_derivative_order = 5
│   structural_unidentifiable_count = 1
└   identifiable_function_count = 1
┌ Info: [SI-MAP] Classified symbolic SI support variables while converting SIAN output
│   counts =
│    Dict{Symbol, Int64} with 2 entries:
│      :state_jet        => 2
│      :measured_rhs_jet => 5
│   samples =
│    Dict{Symbol, Vector{String}} with 2 entries:
│      :state_jet        => ["x6_0", "x6_1"]
└      :measured_rhs_jet => ["x5_0", "x4_0", "x5_1", "x4_1", "x5_2"]
[ Info: Getting equation system from StructuralIdentifiability.jl
[ Info: Converting ODESystem to SI.jl format
┌ Warning: Floating point value -3.2560110292455926 will be converted to -159563129//49005709.
└ @ ModelingToolkitSIExt ~/ParameterEstimationBenchmark-local/environments/StructuralIdentifiability.jl/ext/ModelingToolkitSIExt.jl:78
┌ Warning: Floating point value 8.0 will be converted to 8.
└ @ ModelingToolkitSIExt ~/ParameterEstimationBenchmark-local/environments/StructuralIdentifiability.jl/ext/ModelingToolkitSIExt.jl:78
┌ Warning: Floating point value 2.2160252274839047 will be converted to 92306173//41653936.
└ @ ModelingToolkitSIExt ~/ParameterEstimationBenchmark-local/environments/StructuralIdentifiability.jl/ext/ModelingToolkitSIExt.jl:78
┌ Warning: Floating point value 8.0 will be converted to 8.
└ @ ModelingToolkitSIExt ~/ParameterEstimationBenchmark-local/environments/StructuralIdentifiability.jl/ext/ModelingToolkitSIExt.jl:78
┌ Warning: Floating point value -0.37160605765892946 will be converted to -36940777//99408436.
└ @ ModelingToolkitSIExt ~/ParameterEstimationBenchmark-local/environments/StructuralIdentifiability.jl/ext/ModelingToolkitSIExt.jl:78
┌ Warning: Floating point value 7.130172061842714 will be converted to 286839863//40229024.
└ @ ModelingToolkitSIExt ~/ParameterEstimationBenchmark-local/environments/StructuralIdentifiability.jl/ext/ModelingToolkitSIExt.jl:78
┌ Warning: Floating point value 0.5 will be converted to 1//2.
└ @ ModelingToolkitSIExt ~/ParameterEstimationBenchmark-local/environments/StructuralIdentifiability.jl/ext/ModelingToolkitSIExt.jl:78
┌ Warning: Floating point value 0.5 will be converted to 1//2.
└ @ ModelingToolkitSIExt ~/ParameterEstimationBenchmark-local/environments/StructuralIdentifiability.jl/ext/ModelingToolkitSIExt.jl:78
┌ Warning: Floating point value 3.2560110292455926 will be converted to 159563129//49005709.
└ @ ModelingToolkitSIExt ~/ParameterEstimationBenchmark-local/environments/StructuralIdentifiability.jl/ext/ModelingToolkitSIExt.jl:78
┌ Warning: Floating point value 2.2160252274839047 will be converted to 92306173//41653936.
└ @ ModelingToolkitSIExt ~/ParameterEstimationBenchmark-local/environments/StructuralIdentifiability.jl/ext/ModelingToolkitSIExt.jl:78
┌ Warning: Floating point value 8.0 will be converted to 8.
└ @ ModelingToolkitSIExt ~/ParameterEstimationBenchmark-local/environments/StructuralIdentifiability.jl/ext/ModelingToolkitSIExt.jl:78
┌ Warning: Floating point value 0.5 will be converted to 1//2.
└ @ ModelingToolkitSIExt ~/ParameterEstimationBenchmark-local/environments/StructuralIdentifiability.jl/ext/ModelingToolkitSIExt.jl:78
┌ Warning: Floating point value 0.010367390231513092 will be converted to 9050060//872935213.
└ @ ModelingToolkitSIExt ~/ParameterEstimationBenchmark-local/environments/StructuralIdentifiability.jl/ext/ModelingToolkitSIExt.jl:78
┌ Warning: Floating point value -7.122091487357618 will be converted to -232069961//32584524.
└ @ ModelingToolkitSIExt ~/ParameterEstimationBenchmark-local/environments/StructuralIdentifiability.jl/ext/ModelingToolkitSIExt.jl:78
┌ Warning: Floating point value -0.5 will be converted to -1//2.
└ @ ModelingToolkitSIExt ~/ParameterEstimationBenchmark-local/environments/StructuralIdentifiability.jl/ext/ModelingToolkitSIExt.jl:78
┌ Warning: Floating point value 0.37160605765892946 will be converted to 36940777//99408436.
└ @ ModelingToolkitSIExt ~/ParameterEstimationBenchmark-local/environments/StructuralIdentifiability.jl/ext/ModelingToolkitSIExt.jl:78
┌ Warning: Floating point value 7.130172061842714 will be converted to 286839863//40229024.
└ @ ModelingToolkitSIExt ~/ParameterEstimationBenchmark-local/environments/StructuralIdentifiability.jl/ext/ModelingToolkitSIExt.jl:78
┌ Warning: Floating point value 0.5 will be converted to 1//2.
└ @ ModelingToolkitSIExt ~/ParameterEstimationBenchmark-local/environments/StructuralIdentifiability.jl/ext/ModelingToolkitSIExt.jl:78
┌ Warning: Floating point value 0.5 will be converted to 1//2.
└ @ ModelingToolkitSIExt ~/ParameterEstimationBenchmark-local/environments/StructuralIdentifiability.jl/ext/ModelingToolkitSIExt.jl:78
┌ Warning: Floating point value 0.5 will be converted to 1//2.
└ @ ModelingToolkitSIExt ~/ParameterEstimationBenchmark-local/environments/StructuralIdentifiability.jl/ext/ModelingToolkitSIExt.jl:78
┌ Warning: Floating point value -0.020734780463026185 will be converted to -10912877//526307815.
└ @ ModelingToolkitSIExt ~/ParameterEstimationBenchmark-local/environments/StructuralIdentifiability.jl/ext/ModelingToolkitSIExt.jl:78
┌ Warning: Floating point value -7.122091487357618 will be converted to -232069961//32584524.
└ @ ModelingToolkitSIExt ~/ParameterEstimationBenchmark-local/environments/StructuralIdentifiability.jl/ext/ModelingToolkitSIExt.jl:78
┌ Warning: Floating point value -0.5 will be converted to -1//2.
└ @ ModelingToolkitSIExt ~/ParameterEstimationBenchmark-local/environments/StructuralIdentifiability.jl/ext/ModelingToolkitSIExt.jl:78
┌ Warning: Floating point value 8.0 will be converted to 8.
└ @ ModelingToolkitSIExt ~/ParameterEstimationBenchmark-local/environments/StructuralIdentifiability.jl/ext/ModelingToolkitSIExt.jl:78
┌ Warning: Floating point value 0.5 will be converted to 1//2.
└ @ ModelingToolkitSIExt ~/ParameterEstimationBenchmark-local/environments/StructuralIdentifiability.jl/ext/ModelingToolkitSIExt.jl:78
[ Info: Getting polynomial system from SIAN
[ Info: Built polynomial system with 9 equations
[ Info: [SI-TEMPLATE] algebraic_multiplicity M = 1  (setup 0.0s, Groebner 0.0s, quotient_basis 0.0s, ring: 8 vars × 10 polys)
[ Info: [DEBUG-ALG-INDEP] Input: 9 equations, 7 indeterminates
[ Info: [DEBUG-ALG-INDEP] Jacobian size: (9, 7)
[ Info: [DEBUG-ALG-INDEP] Jacobian rank: 7
[ Info: [DEBUG-ALG-INDEP] Found 7 pivot columns
[ Info: [DEBUG-ALG-INDEP] Selected 7 equations (current_rank=7)
[ Info: [DEBUG-ALG-INDEP] Returning: output_ids=[1, 2, 3, 4, 5, 6, 7], alg_indep has 0 vars
[ Info: Reduced polynomial system to 7 equations
┌ Info: [SI-MAP] Extending DerivativeData support for SI template
│   current_order = -1
└   required_order = 5
[ Info: Checking identifiability
┌ Warning: There are no parameters in the given ODE, thus no identifiabile
│ functions.
│ Use `find_identifiable_functions` with keyword `with_states=true` to
│ compute the functions with the ODE states included.
└ @ StructuralIdentifiability ~/ParameterEstimationBenchmark-local/environments/StructuralIdentifiability.jl/src/identifiable_functions.jl:97
┌ Info: [SI-STRUCTURAL] SIAN/SI template summary
│   template_equation_count = 7
│   derivative_symbol_count = 12
│   max_derivative_order = 5
│   structural_unidentifiable_count = 1
└   identifiable_function_count = 1
┌ Info: [SI-MAP] Classified symbolic SI support variables while converting SIAN output
│   counts =
│    Dict{Symbol, Int64} with 2 entries:
│      :state_jet        => 2
│      :measured_rhs_jet => 5
│   samples =
│    Dict{Symbol, Vector{String}} with 2 entries:
│      :state_jet        => ["x6_0", "x6_1"]
└      :measured_rhs_jet => ["x5_0", "x4_0", "x5_1", "x4_1", "x5_2"]
[ Info: Getting equation system from StructuralIdentifiability.jl
[ Info: Converting ODESystem to SI.jl format
┌ Warning: Floating point value -3.2560111101762477 will be converted to -113967373//35002145.
└ @ ModelingToolkitSIExt ~/ParameterEstimationBenchmark-local/environments/StructuralIdentifiability.jl/ext/ModelingToolkitSIExt.jl:78
┌ Warning: Floating point value 8.0 will be converted to 8.
└ @ ModelingToolkitSIExt ~/ParameterEstimationBenchmark-local/environments/StructuralIdentifiability.jl/ext/ModelingToolkitSIExt.jl:78
┌ Warning: Floating point value 2.2160253527417892 will be converted to 72592461//32757956.
└ @ ModelingToolkitSIExt ~/ParameterEstimationBenchmark-local/environments/StructuralIdentifiability.jl/ext/ModelingToolkitSIExt.jl:78
┌ Warning: Floating point value 8.0 will be converted to 8.
└ @ ModelingToolkitSIExt ~/ParameterEstimationBenchmark-local/environments/StructuralIdentifiability.jl/ext/ModelingToolkitSIExt.jl:78
┌ Warning: Floating point value -0.29741012241087095 will be converted to -34100509//114658199.
└ @ ModelingToolkitSIExt ~/ParameterEstimationBenchmark-local/environments/StructuralIdentifiability.jl/ext/ModelingToolkitSIExt.jl:78
┌ Warning: Floating point value 5.031298305683929 will be converted to 126864544//25215071.
└ @ ModelingToolkitSIExt ~/ParameterEstimationBenchmark-local/environments/StructuralIdentifiability.jl/ext/ModelingToolkitSIExt.jl:78
┌ Warning: Floating point value 0.5 will be converted to 1//2.
└ @ ModelingToolkitSIExt ~/ParameterEstimationBenchmark-local/environments/StructuralIdentifiability.jl/ext/ModelingToolkitSIExt.jl:78
┌ Warning: Floating point value 0.5 will be converted to 1//2.
└ @ ModelingToolkitSIExt ~/ParameterEstimationBenchmark-local/environments/StructuralIdentifiability.jl/ext/ModelingToolkitSIExt.jl:78
┌ Warning: Floating point value 3.2560111101762477 will be converted to 113967373//35002145.
└ @ ModelingToolkitSIExt ~/ParameterEstimationBenchmark-local/environments/StructuralIdentifiability.jl/ext/ModelingToolkitSIExt.jl:78
┌ Warning: Floating point value 2.2160253527417892 will be converted to 72592461//32757956.
└ @ ModelingToolkitSIExt ~/ParameterEstimationBenchmark-local/environments/StructuralIdentifiability.jl/ext/ModelingToolkitSIExt.jl:78
┌ Warning: Floating point value 8.0 will be converted to 8.
└ @ ModelingToolkitSIExt ~/ParameterEstimationBenchmark-local/environments/StructuralIdentifiability.jl/ext/ModelingToolkitSIExt.jl:78
┌ Warning: Floating point value 0.5 will be converted to 1//2.
└ @ ModelingToolkitSIExt ~/ParameterEstimationBenchmark-local/environments/StructuralIdentifiability.jl/ext/ModelingToolkitSIExt.jl:78
┌ Warning: Floating point value 0.014350793026007733 will be converted to 6665133//464443532.
└ @ ModelingToolkitSIExt ~/ParameterEstimationBenchmark-local/environments/StructuralIdentifiability.jl/ext/ModelingToolkitSIExt.jl:78
┌ Warning: Floating point value -4.676594973244433 will be converted to -34361015//7347443.
└ @ ModelingToolkitSIExt ~/ParameterEstimationBenchmark-local/environments/StructuralIdentifiability.jl/ext/ModelingToolkitSIExt.jl:78
┌ Warning: Floating point value -0.5 will be converted to -1//2.
└ @ ModelingToolkitSIExt ~/ParameterEstimationBenchmark-local/environments/StructuralIdentifiability.jl/ext/ModelingToolkitSIExt.jl:78
┌ Warning: Floating point value 0.29741012241087095 will be converted to 34100509//114658199.
└ @ ModelingToolkitSIExt ~/ParameterEstimationBenchmark-local/environments/StructuralIdentifiability.jl/ext/ModelingToolkitSIExt.jl:78
┌ Warning: Floating point value 5.031298305683929 will be converted to 126864544//25215071.
└ @ ModelingToolkitSIExt ~/ParameterEstimationBenchmark-local/environments/StructuralIdentifiability.jl/ext/ModelingToolkitSIExt.jl:78
┌ Warning: Floating point value 0.5 will be converted to 1//2.
└ @ ModelingToolkitSIExt ~/ParameterEstimationBenchmark-local/environments/StructuralIdentifiability.jl/ext/ModelingToolkitSIExt.jl:78
┌ Warning: Floating point value 0.5 will be converted to 1//2.
└ @ ModelingToolkitSIExt ~/ParameterEstimationBenchmark-local/environments/StructuralIdentifiability.jl/ext/ModelingToolkitSIExt.jl:78
┌ Warning: Floating point value 0.5 will be converted to 1//2.
└ @ ModelingToolkitSIExt ~/ParameterEstimationBenchmark-local/environments/StructuralIdentifiability.jl/ext/ModelingToolkitSIExt.jl:78
┌ Warning: Floating point value -0.028701586052015466 will be converted to -6665133//232221766.
└ @ ModelingToolkitSIExt ~/ParameterEstimationBenchmark-local/environments/StructuralIdentifiability.jl/ext/ModelingToolkitSIExt.jl:78
┌ Warning: Floating point value -4.676594973244433 will be converted to -34361015//7347443.
└ @ ModelingToolkitSIExt ~/ParameterEstimationBenchmark-local/environments/StructuralIdentifiability.jl/ext/ModelingToolkitSIExt.jl:78
┌ Warning: Floating point value -0.5 will be converted to -1//2.
└ @ ModelingToolkitSIExt ~/ParameterEstimationBenchmark-local/environments/StructuralIdentifiability.jl/ext/ModelingToolkitSIExt.jl:78
┌ Warning: Floating point value 8.0 will be converted to 8.
└ @ ModelingToolkitSIExt ~/ParameterEstimationBenchmark-local/environments/StructuralIdentifiability.jl/ext/ModelingToolkitSIExt.jl:78
┌ Warning: Floating point value 0.5 will be converted to 1//2.
└ @ ModelingToolkitSIExt ~/ParameterEstimationBenchmark-local/environments/StructuralIdentifiability.jl/ext/ModelingToolkitSIExt.jl:78
[ Info: Getting polynomial system from SIAN
[ Info: Built polynomial system with 9 equations
[ Info: [SI-TEMPLATE] algebraic_multiplicity M = 1  (setup 0.0s, Groebner 0.0s, quotient_basis 0.0s, ring: 8 vars × 10 polys)
[ Info: [DEBUG-ALG-INDEP] Input: 9 equations, 7 indeterminates
[ Info: [DEBUG-ALG-INDEP] Jacobian size: (9, 7)
[ Info: [DEBUG-ALG-INDEP] Jacobian rank: 7
[ Info: [DEBUG-ALG-INDEP] Found 7 pivot columns
[ Info: [DEBUG-ALG-INDEP] Selected 7 equations (current_rank=7)
[ Info: [DEBUG-ALG-INDEP] Returning: output_ids=[1, 2, 3, 4, 5, 6, 7], alg_indep has 0 vars
[ Info: Reduced polynomial system to 7 equations
┌ Info: [SI-MAP] Extending DerivativeData support for SI template
│   current_order = -1
└   required_order = 5
[ Info: Checking identifiability
┌ Warning: There are no parameters in the given ODE, thus no identifiabile
│ functions.
│ Use `find_identifiable_functions` with keyword `with_states=true` to
│ compute the functions with the ODE states included.
└ @ StructuralIdentifiability ~/ParameterEstimationBenchmark-local/environments/StructuralIdentifiability.jl/src/identifiable_functions.jl:97
┌ Info: [SI-STRUCTURAL] SIAN/SI template summary
│   template_equation_count = 7
│   derivative_symbol_count = 12
│   max_derivative_order = 5
│   structural_unidentifiable_count = 1
└   identifiable_function_count = 1
┌ Info: [SI-MAP] Classified symbolic SI support variables while converting SIAN output
│   counts =
│    Dict{Symbol, Int64} with 2 entries:
│      :state_jet        => 2
│      :measured_rhs_jet => 5
│   samples =
│    Dict{Symbol, Vector{String}} with 2 entries:
│      :state_jet        => ["x6_0", "x6_1"]
└      :measured_rhs_jet => ["x5_0", "x4_0", "x5_1", "x4_1", "x5_2"]
[ Info: Getting equation system from StructuralIdentifiability.jl
[ Info: Converting ODESystem to SI.jl format
┌ Warning: Floating point value -3.2560111101762477 will be converted to -113967373//35002145.
└ @ ModelingToolkitSIExt ~/ParameterEstimationBenchmark-local/environments/StructuralIdentifiability.jl/ext/ModelingToolkitSIExt.jl:78
┌ Warning: Floating point value 8.0 will be converted to 8.
└ @ ModelingToolkitSIExt ~/ParameterEstimationBenchmark-local/environments/StructuralIdentifiability.jl/ext/ModelingToolkitSIExt.jl:78
┌ Warning: Floating point value 2.2160253527417892 will be converted to 72592461//32757956.
└ @ ModelingToolkitSIExt ~/ParameterEstimationBenchmark-local/environments/StructuralIdentifiability.jl/ext/ModelingToolkitSIExt.jl:78
┌ Warning: Floating point value 8.0 will be converted to 8.
└ @ ModelingToolkitSIExt ~/ParameterEstimationBenchmark-local/environments/StructuralIdentifiability.jl/ext/ModelingToolkitSIExt.jl:78
┌ Warning: Floating point value -0.14788140739623434 will be converted to -34568335//233757141.
└ @ ModelingToolkitSIExt ~/ParameterEstimationBenchmark-local/environments/StructuralIdentifiability.jl/ext/ModelingToolkitSIExt.jl:78
┌ Warning: Floating point value 0.9354821730189098 will be converted to 887506764//948715849.
└ @ ModelingToolkitSIExt ~/ParameterEstimationBenchmark-local/environments/StructuralIdentifiability.jl/ext/ModelingToolkitSIExt.jl:78
┌ Warning: Floating point value 0.5 will be converted to 1//2.
└ @ ModelingToolkitSIExt ~/ParameterEstimationBenchmark-local/environments/StructuralIdentifiability.jl/ext/ModelingToolkitSIExt.jl:78
┌ Warning: Floating point value 0.5 will be converted to 1//2.
└ @ ModelingToolkitSIExt ~/ParameterEstimationBenchmark-local/environments/StructuralIdentifiability.jl/ext/ModelingToolkitSIExt.jl:78
┌ Warning: Floating point value 3.2560111101762477 will be converted to 113967373//35002145.
└ @ ModelingToolkitSIExt ~/ParameterEstimationBenchmark-local/environments/StructuralIdentifiability.jl/ext/ModelingToolkitSIExt.jl:78
┌ Warning: Floating point value 2.2160253527417892 will be converted to 72592461//32757956.
└ @ ModelingToolkitSIExt ~/ParameterEstimationBenchmark-local/environments/StructuralIdentifiability.jl/ext/ModelingToolkitSIExt.jl:78
┌ Warning: Floating point value 8.0 will be converted to 8.
└ @ ModelingToolkitSIExt ~/ParameterEstimationBenchmark-local/environments/StructuralIdentifiability.jl/ext/ModelingToolkitSIExt.jl:78
┌ Warning: Floating point value 0.5 will be converted to 1//2.
└ @ ModelingToolkitSIExt ~/ParameterEstimationBenchmark-local/environments/StructuralIdentifiability.jl/ext/ModelingToolkitSIExt.jl:78
┌ Warning: Floating point value 0.025808489209976516 will be converted to 6758407//261867595.
└ @ ModelingToolkitSIExt ~/ParameterEstimationBenchmark-local/environments/StructuralIdentifiability.jl/ext/ModelingToolkitSIExt.jl:78
┌ Warning: Floating point value -2.452992861518689 will be converted to -150947511//61536058.
└ @ ModelingToolkitSIExt ~/ParameterEstimationBenchmark-local/environments/StructuralIdentifiability.jl/ext/ModelingToolkitSIExt.jl:78
┌ Warning: Floating point value -0.5 will be converted to -1//2.
└ @ ModelingToolkitSIExt ~/ParameterEstimationBenchmark-local/environments/StructuralIdentifiability.jl/ext/ModelingToolkitSIExt.jl:78
┌ Warning: Floating point value 0.14788140739623434 will be converted to 34568335//233757141.
└ @ ModelingToolkitSIExt ~/ParameterEstimationBenchmark-local/environments/StructuralIdentifiability.jl/ext/ModelingToolkitSIExt.jl:78
┌ Warning: Floating point value 0.9354821730189098 will be converted to 887506764//948715849.
└ @ ModelingToolkitSIExt ~/ParameterEstimationBenchmark-local/environments/StructuralIdentifiability.jl/ext/ModelingToolkitSIExt.jl:78
┌ Warning: Floating point value 0.5 will be converted to 1//2.
└ @ ModelingToolkitSIExt ~/ParameterEstimationBenchmark-local/environments/StructuralIdentifiability.jl/ext/ModelingToolkitSIExt.jl:78
┌ Warning: Floating point value 0.5 will be converted to 1//2.
└ @ ModelingToolkitSIExt ~/ParameterEstimationBenchmark-local/environments/StructuralIdentifiability.jl/ext/ModelingToolkitSIExt.jl:78
┌ Warning: Floating point value 0.5 will be converted to 1//2.
└ @ ModelingToolkitSIExt ~/ParameterEstimationBenchmark-local/environments/StructuralIdentifiability.jl/ext/ModelingToolkitSIExt.jl:78
┌ Warning: Floating point value -0.05161697841995303 will be converted to -13516814//261867595.
└ @ ModelingToolkitSIExt ~/ParameterEstimationBenchmark-local/environments/StructuralIdentifiability.jl/ext/ModelingToolkitSIExt.jl:78
┌ Warning: Floating point value -2.452992861518689 will be converted to -150947511//61536058.
└ @ ModelingToolkitSIExt ~/ParameterEstimationBenchmark-local/environments/StructuralIdentifiability.jl/ext/ModelingToolkitSIExt.jl:78
┌ Warning: Floating point value -0.5 will be converted to -1//2.
└ @ ModelingToolkitSIExt ~/ParameterEstimationBenchmark-local/environments/StructuralIdentifiability.jl/ext/ModelingToolkitSIExt.jl:78
┌ Warning: Floating point value 8.0 will be converted to 8.
└ @ ModelingToolkitSIExt ~/ParameterEstimationBenchmark-local/environments/StructuralIdentifiability.jl/ext/ModelingToolkitSIExt.jl:78
┌ Warning: Floating point value 0.5 will be converted to 1//2.
└ @ ModelingToolkitSIExt ~/ParameterEstimationBenchmark-local/environments/StructuralIdentifiability.jl/ext/ModelingToolkitSIExt.jl:78
[ Info: Getting polynomial system from SIAN
[ Info: Built polynomial system with 9 equations
[ Info: [SI-TEMPLATE] algebraic_multiplicity M = 1  (setup 0.0s, Groebner 0.0s, quotient_basis 0.0s, ring: 8 vars × 10 polys)
[ Info: [DEBUG-ALG-INDEP] Input: 9 equations, 7 indeterminates
[ Info: [DEBUG-ALG-INDEP] Jacobian size: (9, 7)
[ Info: [DEBUG-ALG-INDEP] Jacobian rank: 7
[ Info: [DEBUG-ALG-INDEP] Found 7 pivot columns
[ Info: [DEBUG-ALG-INDEP] Selected 7 equations (current_rank=7)
[ Info: [DEBUG-ALG-INDEP] Returning: output_ids=[1, 2, 3, 4, 5, 6, 7], alg_indep has 0 vars
[ Info: Reduced polynomial system to 7 equations
┌ Info: [SI-MAP] Extending DerivativeData support for SI template
│   current_order = -1
└   required_order = 5
[ Info: Checking identifiability
┌ Warning: There are no parameters in the given ODE, thus no identifiabile
│ functions.
│ Use `find_identifiable_functions` with keyword `with_states=true` to
│ compute the functions with the ODE states included.
└ @ StructuralIdentifiability ~/ParameterEstimationBenchmark-local/environments/StructuralIdentifiability.jl/src/identifiable_functions.jl:97
┌ Info: [SI-STRUCTURAL] SIAN/SI template summary
│   template_equation_count = 7
│   derivative_symbol_count = 12
│   max_derivative_order = 5
│   structural_unidentifiable_count = 1
└   identifiable_function_count = 1
┌ Info: [SI-MAP] Classified symbolic SI support variables while converting SIAN output
│   counts =
│    Dict{Symbol, Int64} with 2 entries:
│      :state_jet        => 2
│      :measured_rhs_jet => 5
│   samples =
│    Dict{Symbol, Vector{String}} with 2 entries:
│      :state_jet        => ["x6_0", "x6_1"]
└      :measured_rhs_jet => ["x5_0", "x4_0", "x5_1", "x4_1", "x5_2"]
[ Info: Getting equation system from StructuralIdentifiability.jl
[ Info: Converting ODESystem to SI.jl format
┌ Warning: Floating point value -3.2560115745546967 will be converted to -288279649//88537661.
└ @ ModelingToolkitSIExt ~/ParameterEstimationBenchmark-local/environments/StructuralIdentifiability.jl/ext/ModelingToolkitSIExt.jl:78
┌ Warning: Floating point value 8.0 will be converted to 8.
└ @ ModelingToolkitSIExt ~/ParameterEstimationBenchmark-local/environments/StructuralIdentifiability.jl/ext/ModelingToolkitSIExt.jl:78
┌ Warning: Floating point value 2.216026071468975 will be converted to 91790499//41421218.
└ @ ModelingToolkitSIExt ~/ParameterEstimationBenchmark-local/environments/StructuralIdentifiability.jl/ext/ModelingToolkitSIExt.jl:78
┌ Warning: Floating point value 8.0 will be converted to 8.
└ @ ModelingToolkitSIExt ~/ParameterEstimationBenchmark-local/environments/StructuralIdentifiability.jl/ext/ModelingToolkitSIExt.jl:78
┌ Warning: Floating point value -0.1507489566071225 will be converted to -32275400//214100321.
└ @ ModelingToolkitSIExt ~/ParameterEstimationBenchmark-local/environments/StructuralIdentifiability.jl/ext/ModelingToolkitSIExt.jl:78
┌ Warning: Floating point value 0.9152468128467806 will be converted to 74681569//81597191.
└ @ ModelingToolkitSIExt ~/ParameterEstimationBenchmark-local/environments/StructuralIdentifiability.jl/ext/ModelingToolkitSIExt.jl:78
┌ Warning: Floating point value 0.5 will be converted to 1//2.
└ @ ModelingToolkitSIExt ~/ParameterEstimationBenchmark-local/environments/StructuralIdentifiability.jl/ext/ModelingToolkitSIExt.jl:78
┌ Warning: Floating point value 0.5 will be converted to 1//2.
└ @ ModelingToolkitSIExt ~/ParameterEstimationBenchmark-local/environments/StructuralIdentifiability.jl/ext/ModelingToolkitSIExt.jl:78
┌ Warning: Floating point value 3.2560115745546967 will be converted to 288279649//88537661.
└ @ ModelingToolkitSIExt ~/ParameterEstimationBenchmark-local/environments/StructuralIdentifiability.jl/ext/ModelingToolkitSIExt.jl:78
┌ Warning: Floating point value 2.216026071468975 will be converted to 91790499//41421218.
└ @ ModelingToolkitSIExt ~/ParameterEstimationBenchmark-local/environments/StructuralIdentifiability.jl/ext/ModelingToolkitSIExt.jl:78
┌ Warning: Floating point value 8.0 will be converted to 8.
└ @ ModelingToolkitSIExt ~/ParameterEstimationBenchmark-local/environments/StructuralIdentifiability.jl/ext/ModelingToolkitSIExt.jl:78
┌ Warning: Floating point value 0.5 will be converted to 1//2.
└ @ ModelingToolkitSIExt ~/ParameterEstimationBenchmark-local/environments/StructuralIdentifiability.jl/ext/ModelingToolkitSIExt.jl:78
┌ Warning: Floating point value 0.031264567527648224 will be converted to 9051389//289509490.
└ @ ModelingToolkitSIExt ~/ParameterEstimationBenchmark-local/environments/StructuralIdentifiability.jl/ext/ModelingToolkitSIExt.jl:78
┌ Warning: Floating point value -1.4941805415246874 will be converted to -46312353//30995152.
└ @ ModelingToolkitSIExt ~/ParameterEstimationBenchmark-local/environments/StructuralIdentifiability.jl/ext/ModelingToolkitSIExt.jl:78
┌ Warning: Floating point value -0.5 will be converted to -1//2.
└ @ ModelingToolkitSIExt ~/ParameterEstimationBenchmark-local/environments/StructuralIdentifiability.jl/ext/ModelingToolkitSIExt.jl:78
┌ Warning: Floating point value 0.1507489566071225 will be converted to 32275400//214100321.
└ @ ModelingToolkitSIExt ~/ParameterEstimationBenchmark-local/environments/StructuralIdentifiability.jl/ext/ModelingToolkitSIExt.jl:78
┌ Warning: Floating point value 0.9152468128467806 will be converted to 74681569//81597191.
└ @ ModelingToolkitSIExt ~/ParameterEstimationBenchmark-local/environments/StructuralIdentifiability.jl/ext/ModelingToolkitSIExt.jl:78
┌ Warning: Floating point value 0.5 will be converted to 1//2.
└ @ ModelingToolkitSIExt ~/ParameterEstimationBenchmark-local/environments/StructuralIdentifiability.jl/ext/ModelingToolkitSIExt.jl:78
┌ Warning: Floating point value 0.5 will be converted to 1//2.
└ @ ModelingToolkitSIExt ~/ParameterEstimationBenchmark-local/environments/StructuralIdentifiability.jl/ext/ModelingToolkitSIExt.jl:78
┌ Warning: Floating point value 0.5 will be converted to 1//2.
└ @ ModelingToolkitSIExt ~/ParameterEstimationBenchmark-local/environments/StructuralIdentifiability.jl/ext/ModelingToolkitSIExt.jl:78
┌ Warning: Floating point value -0.06252913505529645 will be converted to -9051389//144754745.
└ @ ModelingToolkitSIExt ~/ParameterEstimationBenchmark-local/environments/StructuralIdentifiability.jl/ext/ModelingToolkitSIExt.jl:78
┌ Warning: Floating point value -1.4941805415246874 will be converted to -46312353//30995152.
└ @ ModelingToolkitSIExt ~/ParameterEstimationBenchmark-local/environments/StructuralIdentifiability.jl/ext/ModelingToolkitSIExt.jl:78
┌ Warning: Floating point value -0.5 will be converted to -1//2.
└ @ ModelingToolkitSIExt ~/ParameterEstimationBenchmark-local/environments/StructuralIdentifiability.jl/ext/ModelingToolkitSIExt.jl:78
┌ Warning: Floating point value 8.0 will be converted to 8.
└ @ ModelingToolkitSIExt ~/ParameterEstimationBenchmark-local/environments/StructuralIdentifiability.jl/ext/ModelingToolkitSIExt.jl:78
[CAND 225] ok  max=445b  0.3s
[CAND 228] ok  max=445b  0.3s
[CAND 234] ok  max=469b  0.3s
[CAND 237] ok  max=436b  0.3s
[sweep 0 DONE]
┌ Warning: Floating point value 0.5 will be converted to 1//2.
└ @ ModelingToolkitSIExt ~/ParameterEstimationBenchmark-local/environments/StructuralIdentifiability.jl/ext/ModelingToolkitSIExt.jl:78
[ Info: Getting polynomial system from SIAN
[ Info: Built polynomial system with 9 equations
[ Info: [SI-TEMPLATE] algebraic_multiplicity M = 1  (setup 0.0s, Groebner 0.0s, quotient_basis 0.0s, ring: 8 vars × 10 polys)
[ Info: [DEBUG-ALG-INDEP] Input: 9 equations, 7 indeterminates
[ Info: [DEBUG-ALG-INDEP] Jacobian size: (9, 7)
[ Info: [DEBUG-ALG-INDEP] Jacobian rank: 7
[ Info: [DEBUG-ALG-INDEP] Found 7 pivot columns
[ Info: [DEBUG-ALG-INDEP] Selected 7 equations (current_rank=7)
[ Info: [DEBUG-ALG-INDEP] Returning: output_ids=[1, 2, 3, 4, 5, 6, 7], alg_indep has 0 vars
[ Info: Reduced polynomial system to 7 equations
┌ Info: [SI-MAP] Extending DerivativeData support for SI template
│   current_order = -1
└   required_order = 5
[ Info: Checking identifiability
┌ Warning: There are no parameters in the given ODE, thus no identifiabile
│ functions.
│ Use `find_identifiable_functions` with keyword `with_states=true` to
│ compute the functions with the ODE states included.
└ @ StructuralIdentifiability ~/ParameterEstimationBenchmark-local/environments/StructuralIdentifiability.jl/src/identifiable_functions.jl:97
┌ Info: [SI-STRUCTURAL] SIAN/SI template summary
│   template_equation_count = 7
│   derivative_symbol_count = 12
│   max_derivative_order = 5
│   structural_unidentifiable_count = 1
└   identifiable_function_count = 1
┌ Info: [SI-MAP] Classified symbolic SI support variables while converting SIAN output
│   counts =
│    Dict{Symbol, Int64} with 2 entries:
│      :state_jet        => 2
│      :measured_rhs_jet => 5
│   samples =
│    Dict{Symbol, Vector{String}} with 2 entries:
│      :state_jet        => ["x6_0", "x6_1"]
└      :measured_rhs_jet => ["x5_0", "x4_0", "x5_1", "x4_1", "x5_2"]
[ Info: Getting equation system from StructuralIdentifiability.jl
[ Info: Converting ODESystem to SI.jl format
┌ Warning: Floating point value -3.2560115745546967 will be converted to -288279649//88537661.
└ @ ModelingToolkitSIExt ~/ParameterEstimationBenchmark-local/environments/StructuralIdentifiability.jl/ext/ModelingToolkitSIExt.jl:78
┌ Warning: Floating point value 8.0 will be converted to 8.
└ @ ModelingToolkitSIExt ~/ParameterEstimationBenchmark-local/environments/StructuralIdentifiability.jl/ext/ModelingToolkitSIExt.jl:78
┌ Warning: Floating point value 2.216026071468975 will be converted to 91790499//41421218.
└ @ ModelingToolkitSIExt ~/ParameterEstimationBenchmark-local/environments/StructuralIdentifiability.jl/ext/ModelingToolkitSIExt.jl:78
┌ Warning: Floating point value 8.0 will be converted to 8.
└ @ ModelingToolkitSIExt ~/ParameterEstimationBenchmark-local/environments/StructuralIdentifiability.jl/ext/ModelingToolkitSIExt.jl:78
┌ Warning: Floating point value -0.2347880856234961 will be converted to -89686648//381989775.
└ @ ModelingToolkitSIExt ~/ParameterEstimationBenchmark-local/environments/StructuralIdentifiability.jl/ext/ModelingToolkitSIExt.jl:78
┌ Warning: Floating point value 3.220717745594418 will be converted to 174236627//54098695.
└ @ ModelingToolkitSIExt ~/ParameterEstimationBenchmark-local/environments/StructuralIdentifiability.jl/ext/ModelingToolkitSIExt.jl:78
┌ Warning: Floating point value 0.5 will be converted to 1//2.
└ @ ModelingToolkitSIExt ~/ParameterEstimationBenchmark-local/environments/StructuralIdentifiability.jl/ext/ModelingToolkitSIExt.jl:78
┌ Warning: Floating point value 0.5 will be converted to 1//2.
└ @ ModelingToolkitSIExt ~/ParameterEstimationBenchmark-local/environments/StructuralIdentifiability.jl/ext/ModelingToolkitSIExt.jl:78
┌ Warning: Floating point value 3.2560115745546967 will be converted to 288279649//88537661.
└ @ ModelingToolkitSIExt ~/ParameterEstimationBenchmark-local/environments/StructuralIdentifiability.jl/ext/ModelingToolkitSIExt.jl:78
┌ Warning: Floating point value 2.216026071468975 will be converted to 91790499//41421218.
└ @ ModelingToolkitSIExt ~/ParameterEstimationBenchmark-local/environments/StructuralIdentifiability.jl/ext/ModelingToolkitSIExt.jl:78
┌ Warning: Floating point value 8.0 will be converted to 8.
└ @ ModelingToolkitSIExt ~/ParameterEstimationBenchmark-local/environments/StructuralIdentifiability.jl/ext/ModelingToolkitSIExt.jl:78
┌ Warning: Floating point value 0.5 will be converted to 1//2.
└ @ ModelingToolkitSIExt ~/ParameterEstimationBenchmark-local/environments/StructuralIdentifiability.jl/ext/ModelingToolkitSIExt.jl:78
┌ Warning: Floating point value 0.020973386454122552 will be converted to 27306317//1301950787.
└ @ ModelingToolkitSIExt ~/ParameterEstimationBenchmark-local/environments/StructuralIdentifiability.jl/ext/ModelingToolkitSIExt.jl:78
┌ Warning: Floating point value -2.5848879964200835 will be converted to -86496127//33462234.
└ @ ModelingToolkitSIExt ~/ParameterEstimationBenchmark-local/environments/StructuralIdentifiability.jl/ext/ModelingToolkitSIExt.jl:78
┌ Warning: Floating point value -0.5 will be converted to -1//2.
└ @ ModelingToolkitSIExt ~/ParameterEstimationBenchmark-local/environments/StructuralIdentifiability.jl/ext/ModelingToolkitSIExt.jl:78
┌ Warning: Floating point value 0.2347880856234961 will be converted to 89686648//381989775.
└ @ ModelingToolkitSIExt ~/ParameterEstimationBenchmark-local/environments/StructuralIdentifiability.jl/ext/ModelingToolkitSIExt.jl:78
┌ Warning: Floating point value 3.220717745594418 will be converted to 174236627//54098695.
└ @ ModelingToolkitSIExt ~/ParameterEstimationBenchmark-local/environments/StructuralIdentifiability.jl/ext/ModelingToolkitSIExt.jl:78
┌ Warning: Floating point value 0.5 will be converted to 1//2.
└ @ ModelingToolkitSIExt ~/ParameterEstimationBenchmark-local/environments/StructuralIdentifiability.jl/ext/ModelingToolkitSIExt.jl:78
┌ Warning: Floating point value 0.5 will be converted to 1//2.
└ @ ModelingToolkitSIExt ~/ParameterEstimationBenchmark-local/environments/StructuralIdentifiability.jl/ext/ModelingToolkitSIExt.jl:78
┌ Warning: Floating point value 0.5 will be converted to 1//2.
└ @ ModelingToolkitSIExt ~/ParameterEstimationBenchmark-local/environments/StructuralIdentifiability.jl/ext/ModelingToolkitSIExt.jl:78
┌ Warning: Floating point value -0.041946772908245104 will be converted to -52410777//1249459097.
└ @ ModelingToolkitSIExt ~/ParameterEstimationBenchmark-local/environments/StructuralIdentifiability.jl/ext/ModelingToolkitSIExt.jl:78
┌ Warning: Floating point value -2.5848879964200835 will be converted to -86496127//33462234.
└ @ ModelingToolkitSIExt ~/ParameterEstimationBenchmark-local/environments/StructuralIdentifiability.jl/ext/ModelingToolkitSIExt.jl:78
┌ Warning: Floating point value -0.5 will be converted to -1//2.
└ @ ModelingToolkitSIExt ~/ParameterEstimationBenchmark-local/environments/StructuralIdentifiability.jl/ext/ModelingToolkitSIExt.jl:78
┌ Warning: Floating point value 8.0 will be converted to 8.
└ @ ModelingToolkitSIExt ~/ParameterEstimationBenchmark-local/environments/StructuralIdentifiability.jl/ext/ModelingToolkitSIExt.jl:78
┌ Warning: Floating point value 0.5 will be converted to 1//2.
└ @ ModelingToolkitSIExt ~/ParameterEstimationBenchmark-local/environments/StructuralIdentifiability.jl/ext/ModelingToolkitSIExt.jl:78
[ Info: Getting polynomial system from SIAN
[ Info: Built polynomial system with 9 equations
[ Info: [SI-TEMPLATE] algebraic_multiplicity M = 1  (setup 0.0s, Groebner 0.0s, quotient_basis 0.0s, ring: 8 vars × 10 polys)
[ Info: [DEBUG-ALG-INDEP] Input: 9 equations, 7 indeterminates
[ Info: [DEBUG-ALG-INDEP] Jacobian size: (9, 7)
[ Info: [DEBUG-ALG-INDEP] Jacobian rank: 7
[ Info: [DEBUG-ALG-INDEP] Found 7 pivot columns
[ Info: [DEBUG-ALG-INDEP] Selected 7 equations (current_rank=7)
[ Info: [DEBUG-ALG-INDEP] Returning: output_ids=[1, 2, 3, 4, 5, 6, 7], alg_indep has 0 vars
[ Info: Reduced polynomial system to 7 equations
┌ Info: [SI-MAP] Extending DerivativeData support for SI template
│   current_order = -1
└   required_order = 5
[ Info: Checking identifiability
┌ Warning: There are no parameters in the given ODE, thus no identifiabile
│ functions.
│ Use `find_identifiable_functions` with keyword `with_states=true` to
│ compute the functions with the ODE states included.
└ @ StructuralIdentifiability ~/ParameterEstimationBenchmark-local/environments/StructuralIdentifiability.jl/src/identifiable_functions.jl:97
┌ Info: [SI-STRUCTURAL] SIAN/SI template summary
│   template_equation_count = 7
│   derivative_symbol_count = 12
│   max_derivative_order = 5
│   structural_unidentifiable_count = 1
└   identifiable_function_count = 1
┌ Info: [SI-MAP] Classified symbolic SI support variables while converting SIAN output
│   counts =
│    Dict{Symbol, Int64} with 2 entries:
│      :state_jet        => 2
│      :measured_rhs_jet => 5
│   samples =
│    Dict{Symbol, Vector{String}} with 2 entries:
│      :state_jet        => ["x6_0", "x6_1"]
└      :measured_rhs_jet => ["x5_0", "x4_0", "x5_1", "x4_1", "x5_2"]
[ Info: Getting equation system from StructuralIdentifiability.jl
[ Info: Converting ODESystem to SI.jl format
┌ Warning: Floating point value -3.2559950055918927 will be converted to -507413897//155839888.
└ @ ModelingToolkitSIExt ~/ParameterEstimationBenchmark-local/environments/StructuralIdentifiability.jl/ext/ModelingToolkitSIExt.jl:78
┌ Warning: Floating point value 8.0 will be converted to 8.
└ @ ModelingToolkitSIExt ~/ParameterEstimationBenchmark-local/environments/StructuralIdentifiability.jl/ext/ModelingToolkitSIExt.jl:78
┌ Warning: Floating point value 2.215991705394692 will be converted to 61459761//27734653.
└ @ ModelingToolkitSIExt ~/ParameterEstimationBenchmark-local/environments/StructuralIdentifiability.jl/ext/ModelingToolkitSIExt.jl:78
┌ Warning: Floating point value 8.0 will be converted to 8.
└ @ ModelingToolkitSIExt ~/ParameterEstimationBenchmark-local/environments/StructuralIdentifiability.jl/ext/ModelingToolkitSIExt.jl:78
┌ Warning: Floating point value -1.249535996752347 will be converted to -115806805//92679847.
└ @ ModelingToolkitSIExt ~/ParameterEstimationBenchmark-local/environments/StructuralIdentifiability.jl/ext/ModelingToolkitSIExt.jl:78
┌ Warning: Floating point value 32.24246342586746 will be converted to 416466582//12916711.
└ @ ModelingToolkitSIExt ~/ParameterEstimationBenchmark-local/environments/StructuralIdentifiability.jl/ext/ModelingToolkitSIExt.jl:78
┌ Warning: Floating point value 0.5 will be converted to 1//2.
└ @ ModelingToolkitSIExt ~/ParameterEstimationBenchmark-local/environments/StructuralIdentifiability.jl/ext/ModelingToolkitSIExt.jl:78
┌ Warning: Floating point value 0.5 will be converted to 1//2.
└ @ ModelingToolkitSIExt ~/ParameterEstimationBenchmark-local/environments/StructuralIdentifiability.jl/ext/ModelingToolkitSIExt.jl:78
┌ Warning: Floating point value 3.2559950055918927 will be converted to 507413897//155839888.
└ @ ModelingToolkitSIExt ~/ParameterEstimationBenchmark-local/environments/StructuralIdentifiability.jl/ext/ModelingToolkitSIExt.jl:78
┌ Warning: Floating point value 2.215991705394692 will be converted to 61459761//27734653.
└ @ ModelingToolkitSIExt ~/ParameterEstimationBenchmark-local/environments/StructuralIdentifiability.jl/ext/ModelingToolkitSIExt.jl:78
┌ Warning: Floating point value 8.0 will be converted to 8.
└ @ ModelingToolkitSIExt ~/ParameterEstimationBenchmark-local/environments/StructuralIdentifiability.jl/ext/ModelingToolkitSIExt.jl:78
┌ Warning: Floating point value 0.5 will be converted to 1//2.
└ @ ModelingToolkitSIExt ~/ParameterEstimationBenchmark-local/environments/StructuralIdentifiability.jl/ext/ModelingToolkitSIExt.jl:78
┌ Warning: Floating point value 0.0018066141082465383 will be converted to 10501479//5812795855.
└ @ ModelingToolkitSIExt ~/ParameterEstimationBenchmark-local/environments/StructuralIdentifiability.jl/ext/ModelingToolkitSIExt.jl:78
┌ Warning: Floating point value -41.970958292604045 will be converted to -939760353//22390729.
└ @ ModelingToolkitSIExt ~/ParameterEstimationBenchmark-local/environments/StructuralIdentifiability.jl/ext/ModelingToolkitSIExt.jl:78
┌ Warning: Floating point value -0.5 will be converted to -1//2.
└ @ ModelingToolkitSIExt ~/ParameterEstimationBenchmark-local/environments/StructuralIdentifiability.jl/ext/ModelingToolkitSIExt.jl:78
┌ Warning: Floating point value 1.249535996752347 will be converted to 115806805//92679847.
└ @ ModelingToolkitSIExt ~/ParameterEstimationBenchmark-local/environments/StructuralIdentifiability.jl/ext/ModelingToolkitSIExt.jl:78
┌ Warning: Floating point value 32.24246342586746 will be converted to 416466582//12916711.
└ @ ModelingToolkitSIExt ~/ParameterEstimationBenchmark-local/environments/StructuralIdentifiability.jl/ext/ModelingToolkitSIExt.jl:78
┌ Warning: Floating point value 0.5 will be converted to 1//2.
└ @ ModelingToolkitSIExt ~/ParameterEstimationBenchmark-local/environments/StructuralIdentifiability.jl/ext/ModelingToolkitSIExt.jl:78
┌ Warning: Floating point value 0.5 will be converted to 1//2.
└ @ ModelingToolkitSIExt ~/ParameterEstimationBenchmark-local/environments/StructuralIdentifiability.jl/ext/ModelingToolkitSIExt.jl:78
┌ Warning: Floating point value 0.5 will be converted to 1//2.
└ @ ModelingToolkitSIExt ~/ParameterEstimationBenchmark-local/environments/StructuralIdentifiability.jl/ext/ModelingToolkitSIExt.jl:78
┌ Warning: Floating point value -0.0036132282164930765 will be converted to -20545309//5686136543.
└ @ ModelingToolkitSIExt ~/ParameterEstimationBenchmark-local/environments/StructuralIdentifiability.jl/ext/ModelingToolkitSIExt.jl:78
┌ Warning: Floating point value -41.970958292604045 will be converted to -939760353//22390729.
└ @ ModelingToolkitSIExt ~/ParameterEstimationBenchmark-local/environments/StructuralIdentifiability.jl/ext/ModelingToolkitSIExt.jl:78
┌ Warning: Floating point value -0.5 will be converted to -1//2.
└ @ ModelingToolkitSIExt ~/ParameterEstimationBenchmark-local/environments/StructuralIdentifiability.jl/ext/ModelingToolkitSIExt.jl:78
┌ Warning: Floating point value 8.0 will be converted to 8.
└ @ ModelingToolkitSIExt ~/ParameterEstimationBenchmark-local/environments/StructuralIdentifiability.jl/ext/ModelingToolkitSIExt.jl:78
┌ Warning: Floating point value 0.5 will be converted to 1//2.
└ @ ModelingToolkitSIExt ~/ParameterEstimationBenchmark-local/environments/StructuralIdentifiability.jl/ext/ModelingToolkitSIExt.jl:78
[ Info: Getting polynomial system from SIAN
[ Info: Built polynomial system with 9 equations
[ Info: [SI-TEMPLATE] algebraic_multiplicity M = 1  (setup 0.0s, Groebner 0.0s, quotient_basis 0.0s, ring: 8 vars × 10 polys)
[ Info: [DEBUG-ALG-INDEP] Input: 9 equations, 7 indeterminates
[ Info: [DEBUG-ALG-INDEP] Jacobian size: (9, 7)
[ Info: [DEBUG-ALG-INDEP] Jacobian rank: 7
[ Info: [DEBUG-ALG-INDEP] Found 7 pivot columns
[ Info: [DEBUG-ALG-INDEP] Selected 7 equations (current_rank=7)
[ Info: [DEBUG-ALG-INDEP] Returning: output_ids=[1, 2, 3, 4, 5, 6, 7], alg_indep has 0 vars
[ Info: Reduced polynomial system to 7 equations
┌ Info: [SI-MAP] Extending DerivativeData support for SI template
│   current_order = -1
└   required_order = 5
[ Info: Checking identifiability
┌ Warning: There are no parameters in the given ODE, thus no identifiabile
│ functions.
│ Use `find_identifiable_functions` with keyword `with_states=true` to
│ compute the functions with the ODE states included.
└ @ StructuralIdentifiability ~/ParameterEstimationBenchmark-local/environments/StructuralIdentifiability.jl/src/identifiable_functions.jl:97
┌ Info: [SI-STRUCTURAL] SIAN/SI template summary
│   template_equation_count = 7
│   derivative_symbol_count = 12
│   max_derivative_order = 5
│   structural_unidentifiable_count = 1
└   identifiable_function_count = 1
┌ Info: [SI-MAP] Classified symbolic SI support variables while converting SIAN output
│   counts =
│    Dict{Symbol, Int64} with 2 entries:
│      :state_jet        => 2
│      :measured_rhs_jet => 5
│   samples =
│    Dict{Symbol, Vector{String}} with 2 entries:
│      :state_jet        => ["x6_0", "x6_1"]
└      :measured_rhs_jet => ["x5_0", "x4_0", "x5_1", "x4_1", "x5_2"]
[ Info: Getting equation system from StructuralIdentifiability.jl
[ Info: Converting ODESystem to SI.jl format
┌ Warning: Floating point value -3.2560123801195586 will be converted to -158361655//48636687.
└ @ ModelingToolkitSIExt ~/ParameterEstimationBenchmark-local/environments/StructuralIdentifiability.jl/ext/ModelingToolkitSIExt.jl:78
┌ Warning: Floating point value 8.0 will be converted to 8.
└ @ ModelingToolkitSIExt ~/ParameterEstimationBenchmark-local/environments/StructuralIdentifiability.jl/ext/ModelingToolkitSIExt.jl:78
┌ Warning: Floating point value 2.216027318256735 will be converted to 107123042//48340127.
└ @ ModelingToolkitSIExt ~/ParameterEstimationBenchmark-local/environments/StructuralIdentifiability.jl/ext/ModelingToolkitSIExt.jl:78
┌ Warning: Floating point value 8.0 will be converted to 8.
└ @ ModelingToolkitSIExt ~/ParameterEstimationBenchmark-local/environments/StructuralIdentifiability.jl/ext/ModelingToolkitSIExt.jl:78
┌ Warning: Floating point value -0.1580489469933887 will be converted to -97187177//614918219.
└ @ ModelingToolkitSIExt ~/ParameterEstimationBenchmark-local/environments/StructuralIdentifiability.jl/ext/ModelingToolkitSIExt.jl:78
┌ Warning: Floating point value 0.8434122133742589 will be converted to 38204194//45297179.
└ @ ModelingToolkitSIExt ~/ParameterEstimationBenchmark-local/environments/StructuralIdentifiability.jl/ext/ModelingToolkitSIExt.jl:78
┌ Warning: Floating point value 0.5 will be converted to 1//2.
└ @ ModelingToolkitSIExt ~/ParameterEstimationBenchmark-local/environments/StructuralIdentifiability.jl/ext/ModelingToolkitSIExt.jl:78
┌ Warning: Floating point value 0.5 will be converted to 1//2.
└ @ ModelingToolkitSIExt ~/ParameterEstimationBenchmark-local/environments/StructuralIdentifiability.jl/ext/ModelingToolkitSIExt.jl:78
┌ Warning: Floating point value 3.2560123801195586 will be converted to 158361655//48636687.
└ @ ModelingToolkitSIExt ~/ParameterEstimationBenchmark-local/environments/StructuralIdentifiability.jl/ext/ModelingToolkitSIExt.jl:78
┌ Warning: Floating point value 2.216027318256735 will be converted to 107123042//48340127.
└ @ ModelingToolkitSIExt ~/ParameterEstimationBenchmark-local/environments/StructuralIdentifiability.jl/ext/ModelingToolkitSIExt.jl:78
┌ Warning: Floating point value 8.0 will be converted to 8.
└ @ ModelingToolkitSIExt ~/ParameterEstimationBenchmark-local/environments/StructuralIdentifiability.jl/ext/ModelingToolkitSIExt.jl:78
┌ Warning: Floating point value 0.5 will be converted to 1//2.
└ @ ModelingToolkitSIExt ~/ParameterEstimationBenchmark-local/environments/StructuralIdentifiability.jl/ext/ModelingToolkitSIExt.jl:78
┌ Warning: Floating point value 0.03622560393890857 will be converted to 8638989//238477432.
└ @ ModelingToolkitSIExt ~/ParameterEstimationBenchmark-local/environments/StructuralIdentifiability.jl/ext/ModelingToolkitSIExt.jl:78
┌ Warning: Floating point value -0.4170988269849788 will be converted to -90805341//217707016.
└ @ ModelingToolkitSIExt ~/ParameterEstimationBenchmark-local/environments/StructuralIdentifiability.jl/ext/ModelingToolkitSIExt.jl:78
┌ Warning: Floating point value -0.5 will be converted to -1//2.
└ @ ModelingToolkitSIExt ~/ParameterEstimationBenchmark-local/environments/StructuralIdentifiability.jl/ext/ModelingToolkitSIExt.jl:78
┌ Warning: Floating point value 0.1580489469933887 will be converted to 97187177//614918219.
└ @ ModelingToolkitSIExt ~/ParameterEstimationBenchmark-local/environments/StructuralIdentifiability.jl/ext/ModelingToolkitSIExt.jl:78
┌ Warning: Floating point value 0.8434122133742589 will be converted to 38204194//45297179.
└ @ ModelingToolkitSIExt ~/ParameterEstimationBenchmark-local/environments/StructuralIdentifiability.jl/ext/ModelingToolkitSIExt.jl:78
┌ Warning: Floating point value 0.5 will be converted to 1//2.
└ @ ModelingToolkitSIExt ~/ParameterEstimationBenchmark-local/environments/StructuralIdentifiability.jl/ext/ModelingToolkitSIExt.jl:78
┌ Warning: Floating point value 0.5 will be converted to 1//2.
└ @ ModelingToolkitSIExt ~/ParameterEstimationBenchmark-local/environments/StructuralIdentifiability.jl/ext/ModelingToolkitSIExt.jl:78
┌ Warning: Floating point value 0.5 will be converted to 1//2.
└ @ ModelingToolkitSIExt ~/ParameterEstimationBenchmark-local/environments/StructuralIdentifiability.jl/ext/ModelingToolkitSIExt.jl:78
┌ Warning: Floating point value -0.07245120787781714 will be converted to -8638989//119238716.
└ @ ModelingToolkitSIExt ~/ParameterEstimationBenchmark-local/environments/StructuralIdentifiability.jl/ext/ModelingToolkitSIExt.jl:78
┌ Warning: Floating point value -0.4170988269849788 will be converted to -90805341//217707016.
└ @ ModelingToolkitSIExt ~/ParameterEstimationBenchmark-local/environments/StructuralIdentifiability.jl/ext/ModelingToolkitSIExt.jl:78
┌ Warning: Floating point value -0.5 will be converted to -1//2.
└ @ ModelingToolkitSIExt ~/ParameterEstimationBenchmark-local/environments/StructuralIdentifiability.jl/ext/ModelingToolkitSIExt.jl:78
┌ Warning: Floating point value 8.0 will be converted to 8.
└ @ ModelingToolkitSIExt ~/ParameterEstimationBenchmark-local/environments/StructuralIdentifiability.jl/ext/ModelingToolkitSIExt.jl:78
┌ Warning: Floating point value 0.5 will be converted to 1//2.
└ @ ModelingToolkitSIExt ~/ParameterEstimationBenchmark-local/environments/StructuralIdentifiability.jl/ext/ModelingToolkitSIExt.jl:78
[ Info: Getting polynomial system from SIAN
[ Info: Built polynomial system with 9 equations
[ Info: [SI-TEMPLATE] algebraic_multiplicity M = 1  (setup 0.0s, Groebner 0.0s, quotient_basis 0.0s, ring: 8 vars × 10 polys)
[ Info: [DEBUG-ALG-INDEP] Input: 9 equations, 7 indeterminates
[ Info: [DEBUG-ALG-INDEP] Jacobian size: (9, 7)
[ Info: [DEBUG-ALG-INDEP] Jacobian rank: 7
[ Info: [DEBUG-ALG-INDEP] Found 7 pivot columns
[ Info: [DEBUG-ALG-INDEP] Selected 7 equations (current_rank=7)
[ Info: [DEBUG-ALG-INDEP] Returning: output_ids=[1, 2, 3, 4, 5, 6, 7], alg_indep has 0 vars
[ Info: Reduced polynomial system to 7 equations
┌ Info: [SI-MAP] Extending DerivativeData support for SI template
│   current_order = -1
└   required_order = 5
[ Info: Checking identifiability
┌ Warning: There are no parameters in the given ODE, thus no identifiabile
│ functions.
│ Use `find_identifiable_functions` with keyword `with_states=true` to
│ compute the functions with the ODE states included.
└ @ StructuralIdentifiability ~/ParameterEstimationBenchmark-local/environments/StructuralIdentifiability.jl/src/identifiable_functions.jl:97
┌ Info: [SI-STRUCTURAL] SIAN/SI template summary
│   template_equation_count = 7
│   derivative_symbol_count = 12
│   max_derivative_order = 5
│   structural_unidentifiable_count = 1
└   identifiable_function_count = 1
┌ Info: [SI-MAP] Classified symbolic SI support variables while converting SIAN output
│   counts =
│    Dict{Symbol, Int64} with 2 entries:
│      :state_jet        => 2
│      :measured_rhs_jet => 5
│   samples =
│    Dict{Symbol, Vector{String}} with 2 entries:
│      :state_jet        => ["x6_0", "x6_1"]
└      :measured_rhs_jet => ["x5_0", "x4_0", "x5_1", "x4_1", "x5_2"]
