[sweep 132:+66] 66 candidates, ABORT_BITS=5000
[CAND 453] ok  max=445b  33.7s
[CAND 462] ok  max=418b  0.2s
[CAND 465] ok  max=442b  0.1s
[CAND 469] ok  max=433b  0.1s
  Activating project at `~/ParameterEstimationBenchmark-local/environments/julia_odepe`
[ Info: Getting equation system from StructuralIdentifiability.jl
[ Info: Converting ODESystem to SI.jl format
┌ Warning: Floating point value -3.2559064481957134 will be converted to -160288994//49230221.
└ @ ModelingToolkitSIExt ~/ParameterEstimationBenchmark-local/environments/StructuralIdentifiability.jl/ext/ModelingToolkitSIExt.jl:78
┌ Warning: Floating point value 8.0 will be converted to 8.
└ @ ModelingToolkitSIExt ~/ParameterEstimationBenchmark-local/environments/StructuralIdentifiability.jl/ext/ModelingToolkitSIExt.jl:78
┌ Warning: Floating point value 2.215852530178361 will be converted to 95128601//42930926.
└ @ ModelingToolkitSIExt ~/ParameterEstimationBenchmark-local/environments/StructuralIdentifiability.jl/ext/ModelingToolkitSIExt.jl:78
┌ Warning: Floating point value 8.0 will be converted to 8.
└ @ ModelingToolkitSIExt ~/ParameterEstimationBenchmark-local/environments/StructuralIdentifiability.jl/ext/ModelingToolkitSIExt.jl:78
┌ Warning: Floating point value -0.10534519745714144 will be converted to -4958501//47069075.
└ @ ModelingToolkitSIExt ~/ParameterEstimationBenchmark-local/environments/StructuralIdentifiability.jl/ext/ModelingToolkitSIExt.jl:78
┌ Warning: Floating point value 0.9059267657847304 will be converted to 241627477//266718554.
└ @ ModelingToolkitSIExt ~/ParameterEstimationBenchmark-local/environments/StructuralIdentifiability.jl/ext/ModelingToolkitSIExt.jl:78
┌ Warning: Floating point value 0.5 will be converted to 1//2.
└ @ ModelingToolkitSIExt ~/ParameterEstimationBenchmark-local/environments/StructuralIdentifiability.jl/ext/ModelingToolkitSIExt.jl:78
┌ Warning: Floating point value 0.5 will be converted to 1//2.
└ @ ModelingToolkitSIExt ~/ParameterEstimationBenchmark-local/environments/StructuralIdentifiability.jl/ext/ModelingToolkitSIExt.jl:78
┌ Warning: Floating point value 3.2559064481957134 will be converted to 160288994//49230221.
└ @ ModelingToolkitSIExt ~/ParameterEstimationBenchmark-local/environments/StructuralIdentifiability.jl/ext/ModelingToolkitSIExt.jl:78
┌ Warning: Floating point value 2.215852530178361 will be converted to 95128601//42930926.
└ @ ModelingToolkitSIExt ~/ParameterEstimationBenchmark-local/environments/StructuralIdentifiability.jl/ext/ModelingToolkitSIExt.jl:78
┌ Warning: Floating point value 8.0 will be converted to 8.
└ @ ModelingToolkitSIExt ~/ParameterEstimationBenchmark-local/environments/StructuralIdentifiability.jl/ext/ModelingToolkitSIExt.jl:78
┌ Warning: Floating point value 0.5 will be converted to 1//2.
└ @ ModelingToolkitSIExt ~/ParameterEstimationBenchmark-local/environments/StructuralIdentifiability.jl/ext/ModelingToolkitSIExt.jl:78
┌ Warning: Floating point value -1.2937558497828907 will be converted to -243389941//188126640.
└ @ ModelingToolkitSIExt ~/ParameterEstimationBenchmark-local/environments/StructuralIdentifiability.jl/ext/ModelingToolkitSIExt.jl:78
┌ Warning: Floating point value -0.4979655319820728 will be converted to -202758867//407174501.
└ @ ModelingToolkitSIExt ~/ParameterEstimationBenchmark-local/environments/StructuralIdentifiability.jl/ext/ModelingToolkitSIExt.jl:78
┌ Warning: Floating point value -0.5 will be converted to -1//2.
└ @ ModelingToolkitSIExt ~/ParameterEstimationBenchmark-local/environments/StructuralIdentifiability.jl/ext/ModelingToolkitSIExt.jl:78
┌ Warning: Floating point value 0.10534519745714144 will be converted to 4958501//47069075.
└ @ ModelingToolkitSIExt ~/ParameterEstimationBenchmark-local/environments/StructuralIdentifiability.jl/ext/ModelingToolkitSIExt.jl:78
┌ Warning: Floating point value 0.9059267657847304 will be converted to 241627477//266718554.
└ @ ModelingToolkitSIExt ~/ParameterEstimationBenchmark-local/environments/StructuralIdentifiability.jl/ext/ModelingToolkitSIExt.jl:78
┌ Warning: Floating point value 0.5 will be converted to 1//2.
└ @ ModelingToolkitSIExt ~/ParameterEstimationBenchmark-local/environments/StructuralIdentifiability.jl/ext/ModelingToolkitSIExt.jl:78
┌ Warning: Floating point value 0.5 will be converted to 1//2.
└ @ ModelingToolkitSIExt ~/ParameterEstimationBenchmark-local/environments/StructuralIdentifiability.jl/ext/ModelingToolkitSIExt.jl:78
┌ Warning: Floating point value 0.5 will be converted to 1//2.
└ @ ModelingToolkitSIExt ~/ParameterEstimationBenchmark-local/environments/StructuralIdentifiability.jl/ext/ModelingToolkitSIExt.jl:78
┌ Warning: Floating point value 2.5875116995657814 will be converted to 243389941//94063320.
└ @ ModelingToolkitSIExt ~/ParameterEstimationBenchmark-local/environments/StructuralIdentifiability.jl/ext/ModelingToolkitSIExt.jl:78
┌ Warning: Floating point value -0.4979655319820728 will be converted to -202758867//407174501.
└ @ ModelingToolkitSIExt ~/ParameterEstimationBenchmark-local/environments/StructuralIdentifiability.jl/ext/ModelingToolkitSIExt.jl:78
┌ Warning: Floating point value -0.5 will be converted to -1//2.
└ @ ModelingToolkitSIExt ~/ParameterEstimationBenchmark-local/environments/StructuralIdentifiability.jl/ext/ModelingToolkitSIExt.jl:78
┌ Warning: Floating point value 8.0 will be converted to 8.
└ @ ModelingToolkitSIExt ~/ParameterEstimationBenchmark-local/environments/StructuralIdentifiability.jl/ext/ModelingToolkitSIExt.jl:78
┌ Warning: Floating point value 0.5 will be converted to 1//2.
└ @ ModelingToolkitSIExt ~/ParameterEstimationBenchmark-local/environments/StructuralIdentifiability.jl/ext/ModelingToolkitSIExt.jl:78
[ Info: Getting polynomial system from SIAN
[ Info: Built polynomial system with 9 equations
[ Info: [SI-TEMPLATE] algebraic_multiplicity M = 1  (setup 0.01s, Groebner 5.0s, quotient_basis 0.01s, ring: 8 vars × 10 polys)
[ Info: [DEBUG-ALG-INDEP] Input: 9 equations, 7 indeterminates
[ Info: [DEBUG-ALG-INDEP] Jacobian size: (9, 7)
[ Info: [DEBUG-ALG-INDEP] Jacobian rank: 7
[ Info: [DEBUG-ALG-INDEP] Found 7 pivot columns
[ Info: [DEBUG-ALG-INDEP] Selected 7 equations (current_rank=7)
[ Info: [DEBUG-ALG-INDEP] Returning: output_ids=[1, 2, 3, 4, 5, 6, 7], alg_indep has 0 vars
[ Info: Reduced polynomial system to 7 equations
┌ Info: [SI-MAP] Extending DerivativeData support for SI template
│   current_order = -1
└   required_order = 5
[ Info: Checking identifiability
┌ Warning: There are no parameters in the given ODE, thus no identifiabile
│ functions.
│ Use `find_identifiable_functions` with keyword `with_states=true` to
│ compute the functions with the ODE states included.
└ @ StructuralIdentifiability ~/ParameterEstimationBenchmark-local/environments/StructuralIdentifiability.jl/src/identifiable_functions.jl:97
┌ Info: [SI-STRUCTURAL] SIAN/SI template summary
│   template_equation_count = 7
│   derivative_symbol_count = 12
│   max_derivative_order = 5
│   structural_unidentifiable_count = 1
└   identifiable_function_count = 1
┌ Info: [SI-MAP] Classified symbolic SI support variables while converting SIAN output
│   counts =
│    Dict{Symbol, Int64} with 2 entries:
│      :state_jet        => 2
│      :measured_rhs_jet => 5
│   samples =
│    Dict{Symbol, Vector{String}} with 2 entries:
│      :state_jet        => ["x6_0", "x6_1"]
└      :measured_rhs_jet => ["x5_0", "x4_0", "x5_1", "x4_1", "x5_2"]
[ Info: Getting equation system from StructuralIdentifiability.jl
[ Info: Converting ODESystem to SI.jl format
┌ Warning: Floating point value -3.2559979412727347 will be converted to -131484461//40382231.
└ @ ModelingToolkitSIExt ~/ParameterEstimationBenchmark-local/environments/StructuralIdentifiability.jl/ext/ModelingToolkitSIExt.jl:78
┌ Warning: Floating point value 8.0 will be converted to 8.
└ @ ModelingToolkitSIExt ~/ParameterEstimationBenchmark-local/environments/StructuralIdentifiability.jl/ext/ModelingToolkitSIExt.jl:78
┌ Warning: Floating point value 2.215994135414205 will be converted to 76974677//34735957.
└ @ ModelingToolkitSIExt ~/ParameterEstimationBenchmark-local/environments/StructuralIdentifiability.jl/ext/ModelingToolkitSIExt.jl:78
┌ Warning: Floating point value 8.0 will be converted to 8.
└ @ ModelingToolkitSIExt ~/ParameterEstimationBenchmark-local/environments/StructuralIdentifiability.jl/ext/ModelingToolkitSIExt.jl:78
┌ Warning: Floating point value -0.891857178892065 will be converted to -86995553//97544265.
└ @ ModelingToolkitSIExt ~/ParameterEstimationBenchmark-local/environments/StructuralIdentifiability.jl/ext/ModelingToolkitSIExt.jl:78
┌ Warning: Floating point value 21.76343416963036 will be converted to 35921201//1650530.
└ @ ModelingToolkitSIExt ~/ParameterEstimationBenchmark-local/environments/StructuralIdentifiability.jl/ext/ModelingToolkitSIExt.jl:78
┌ Warning: Floating point value 0.5 will be converted to 1//2.
└ @ ModelingToolkitSIExt ~/ParameterEstimationBenchmark-local/environments/StructuralIdentifiability.jl/ext/ModelingToolkitSIExt.jl:78
┌ Warning: Floating point value 0.5 will be converted to 1//2.
└ @ ModelingToolkitSIExt ~/ParameterEstimationBenchmark-local/environments/StructuralIdentifiability.jl/ext/ModelingToolkitSIExt.jl:78
┌ Warning: Floating point value 3.2559979412727347 will be converted to 131484461//40382231.
└ @ ModelingToolkitSIExt ~/ParameterEstimationBenchmark-local/environments/StructuralIdentifiability.jl/ext/ModelingToolkitSIExt.jl:78
┌ Warning: Floating point value 2.215994135414205 will be converted to 76974677//34735957.
└ @ ModelingToolkitSIExt ~/ParameterEstimationBenchmark-local/environments/StructuralIdentifiability.jl/ext/ModelingToolkitSIExt.jl:78
┌ Warning: Floating point value 8.0 will be converted to 8.
└ @ ModelingToolkitSIExt ~/ParameterEstimationBenchmark-local/environments/StructuralIdentifiability.jl/ext/ModelingToolkitSIExt.jl:78
┌ Warning: Floating point value 0.5 will be converted to 1//2.
└ @ ModelingToolkitSIExt ~/ParameterEstimationBenchmark-local/environments/StructuralIdentifiability.jl/ext/ModelingToolkitSIExt.jl:78
┌ Warning: Floating point value 0.003246278397943041 will be converted to 1314329//404872546.
└ @ ModelingToolkitSIExt ~/ParameterEstimationBenchmark-local/environments/StructuralIdentifiability.jl/ext/ModelingToolkitSIExt.jl:78
┌ Warning: Floating point value -25.159989136570328 will be converted to -498501507//19813264.
└ @ ModelingToolkitSIExt ~/ParameterEstimationBenchmark-local/environments/StructuralIdentifiability.jl/ext/ModelingToolkitSIExt.jl:78
┌ Warning: Floating point value -0.5 will be converted to -1//2.
└ @ ModelingToolkitSIExt ~/ParameterEstimationBenchmark-local/environments/StructuralIdentifiability.jl/ext/ModelingToolkitSIExt.jl:78
┌ Warning: Floating point value 0.891857178892065 will be converted to 86995553//97544265.
└ @ ModelingToolkitSIExt ~/ParameterEstimationBenchmark-local/environments/StructuralIdentifiability.jl/ext/ModelingToolkitSIExt.jl:78
┌ Warning: Floating point value 21.76343416963036 will be converted to 35921201//1650530.
└ @ ModelingToolkitSIExt ~/ParameterEstimationBenchmark-local/environments/StructuralIdentifiability.jl/ext/ModelingToolkitSIExt.jl:78
┌ Warning: Floating point value 0.5 will be converted to 1//2.
└ @ ModelingToolkitSIExt ~/ParameterEstimationBenchmark-local/environments/StructuralIdentifiability.jl/ext/ModelingToolkitSIExt.jl:78
┌ Warning: Floating point value 0.5 will be converted to 1//2.
└ @ ModelingToolkitSIExt ~/ParameterEstimationBenchmark-local/environments/StructuralIdentifiability.jl/ext/ModelingToolkitSIExt.jl:78
┌ Warning: Floating point value 0.5 will be converted to 1//2.
└ @ ModelingToolkitSIExt ~/ParameterEstimationBenchmark-local/environments/StructuralIdentifiability.jl/ext/ModelingToolkitSIExt.jl:78
┌ Warning: Floating point value -0.006492556795886082 will be converted to -1314329//202436273.
└ @ ModelingToolkitSIExt ~/ParameterEstimationBenchmark-local/environments/StructuralIdentifiability.jl/ext/ModelingToolkitSIExt.jl:78
┌ Warning: Floating point value -25.159989136570328 will be converted to -498501507//19813264.
└ @ ModelingToolkitSIExt ~/ParameterEstimationBenchmark-local/environments/StructuralIdentifiability.jl/ext/ModelingToolkitSIExt.jl:78
┌ Warning: Floating point value -0.5 will be converted to -1//2.
└ @ ModelingToolkitSIExt ~/ParameterEstimationBenchmark-local/environments/StructuralIdentifiability.jl/ext/ModelingToolkitSIExt.jl:78
┌ Warning: Floating point value 8.0 will be converted to 8.
└ @ ModelingToolkitSIExt ~/ParameterEstimationBenchmark-local/environments/StructuralIdentifiability.jl/ext/ModelingToolkitSIExt.jl:78
┌ Warning: Floating point value 0.5 will be converted to 1//2.
└ @ ModelingToolkitSIExt ~/ParameterEstimationBenchmark-local/environments/StructuralIdentifiability.jl/ext/ModelingToolkitSIExt.jl:78
[ Info: Getting polynomial system from SIAN
[ Info: Built polynomial system with 9 equations
[ Info: [SI-TEMPLATE] algebraic_multiplicity M = 1  (setup 0.0s, Groebner 0.0s, quotient_basis 0.0s, ring: 8 vars × 10 polys)
[ Info: [DEBUG-ALG-INDEP] Input: 9 equations, 7 indeterminates
[ Info: [DEBUG-ALG-INDEP] Jacobian size: (9, 7)
[ Info: [DEBUG-ALG-INDEP] Jacobian rank: 7
[ Info: [DEBUG-ALG-INDEP] Found 7 pivot columns
[ Info: [DEBUG-ALG-INDEP] Selected 7 equations (current_rank=7)
[ Info: [DEBUG-ALG-INDEP] Returning: output_ids=[1, 2, 3, 4, 5, 6, 7], alg_indep has 0 vars
[ Info: Reduced polynomial system to 7 equations
┌ Info: [SI-MAP] Extending DerivativeData support for SI template
│   current_order = -1
└   required_order = 5
[ Info: Checking identifiability
┌ Warning: There are no parameters in the given ODE, thus no identifiabile
│ functions.
│ Use `find_identifiable_functions` with keyword `with_states=true` to
│ compute the functions with the ODE states included.
└ @ StructuralIdentifiability ~/ParameterEstimationBenchmark-local/environments/StructuralIdentifiability.jl/src/identifiable_functions.jl:97
┌ Info: [SI-STRUCTURAL] SIAN/SI template summary
│   template_equation_count = 7
│   derivative_symbol_count = 12
│   max_derivative_order = 5
│   structural_unidentifiable_count = 1
└   identifiable_function_count = 1
┌ Info: [SI-MAP] Classified symbolic SI support variables while converting SIAN output
│   counts =
│    Dict{Symbol, Int64} with 2 entries:
│      :state_jet        => 2
│      :measured_rhs_jet => 5
│   samples =
│    Dict{Symbol, Vector{String}} with 2 entries:
│      :state_jet        => ["x6_0", "x6_1"]
└      :measured_rhs_jet => ["x5_0", "x4_0", "x5_1", "x4_1", "x5_2"]
[ Info: Getting equation system from StructuralIdentifiability.jl
[ Info: Converting ODESystem to SI.jl format
┌ Warning: Floating point value -3.2559975658030216 will be converted to -222823832//68434889.
└ @ ModelingToolkitSIExt ~/ParameterEstimationBenchmark-local/environments/StructuralIdentifiability.jl/ext/ModelingToolkitSIExt.jl:78
┌ Warning: Floating point value 8.0 will be converted to 8.
└ @ ModelingToolkitSIExt ~/ParameterEstimationBenchmark-local/environments/StructuralIdentifiability.jl/ext/ModelingToolkitSIExt.jl:78
┌ Warning: Floating point value 2.2159935542939824 will be converted to 94708307//42738530.
└ @ ModelingToolkitSIExt ~/ParameterEstimationBenchmark-local/environments/StructuralIdentifiability.jl/ext/ModelingToolkitSIExt.jl:78
┌ Warning: Floating point value 8.0 will be converted to 8.
└ @ ModelingToolkitSIExt ~/ParameterEstimationBenchmark-local/environments/StructuralIdentifiability.jl/ext/ModelingToolkitSIExt.jl:78
┌ Warning: Floating point value -0.9838582863741917 will be converted to -69402980//70541643.
└ @ ModelingToolkitSIExt ~/ParameterEstimationBenchmark-local/environments/StructuralIdentifiability.jl/ext/ModelingToolkitSIExt.jl:78
┌ Warning: Floating point value 24.344270677673304 will be converted to 408008735//16759949.
└ @ ModelingToolkitSIExt ~/ParameterEstimationBenchmark-local/environments/StructuralIdentifiability.jl/ext/ModelingToolkitSIExt.jl:78
┌ Warning: Floating point value 0.5 will be converted to 1//2.
└ @ ModelingToolkitSIExt ~/ParameterEstimationBenchmark-local/environments/StructuralIdentifiability.jl/ext/ModelingToolkitSIExt.jl:78
┌ Warning: Floating point value 0.5 will be converted to 1//2.
└ @ ModelingToolkitSIExt ~/ParameterEstimationBenchmark-local/environments/StructuralIdentifiability.jl/ext/ModelingToolkitSIExt.jl:78
┌ Warning: Floating point value 3.2559975658030216 will be converted to 222823832//68434889.
└ @ ModelingToolkitSIExt ~/ParameterEstimationBenchmark-local/environments/StructuralIdentifiability.jl/ext/ModelingToolkitSIExt.jl:78
┌ Warning: Floating point value 2.2159935542939824 will be converted to 94708307//42738530.
└ @ ModelingToolkitSIExt ~/ParameterEstimationBenchmark-local/environments/StructuralIdentifiability.jl/ext/ModelingToolkitSIExt.jl:78
┌ Warning: Floating point value 8.0 will be converted to 8.
└ @ ModelingToolkitSIExt ~/ParameterEstimationBenchmark-local/environments/StructuralIdentifiability.jl/ext/ModelingToolkitSIExt.jl:78
┌ Warning: Floating point value 0.5 will be converted to 1//2.
└ @ ModelingToolkitSIExt ~/ParameterEstimationBenchmark-local/environments/StructuralIdentifiability.jl/ext/ModelingToolkitSIExt.jl:78
┌ Warning: Floating point value 0.0029053718365361692 will be converted to 8545538//2941288923.
└ @ ModelingToolkitSIExt ~/ParameterEstimationBenchmark-local/environments/StructuralIdentifiability.jl/ext/ModelingToolkitSIExt.jl:78
┌ Warning: Floating point value -28.289263260004276 will be converted to -299095393//10572753.
└ @ ModelingToolkitSIExt ~/ParameterEstimationBenchmark-local/environments/StructuralIdentifiability.jl/ext/ModelingToolkitSIExt.jl:78
┌ Warning: Floating point value -0.5 will be converted to -1//2.
└ @ ModelingToolkitSIExt ~/ParameterEstimationBenchmark-local/environments/StructuralIdentifiability.jl/ext/ModelingToolkitSIExt.jl:78
┌ Warning: Floating point value 0.9838582863741917 will be converted to 69402980//70541643.
└ @ ModelingToolkitSIExt ~/ParameterEstimationBenchmark-local/environments/StructuralIdentifiability.jl/ext/ModelingToolkitSIExt.jl:78
┌ Warning: Floating point value 24.344270677673304 will be converted to 408008735//16759949.
└ @ ModelingToolkitSIExt ~/ParameterEstimationBenchmark-local/environments/StructuralIdentifiability.jl/ext/ModelingToolkitSIExt.jl:78
┌ Warning: Floating point value 0.5 will be converted to 1//2.
└ @ ModelingToolkitSIExt ~/ParameterEstimationBenchmark-local/environments/StructuralIdentifiability.jl/ext/ModelingToolkitSIExt.jl:78
┌ Warning: Floating point value 0.5 will be converted to 1//2.
└ @ ModelingToolkitSIExt ~/ParameterEstimationBenchmark-local/environments/StructuralIdentifiability.jl/ext/ModelingToolkitSIExt.jl:78
┌ Warning: Floating point value 0.5 will be converted to 1//2.
└ @ ModelingToolkitSIExt ~/ParameterEstimationBenchmark-local/environments/StructuralIdentifiability.jl/ext/ModelingToolkitSIExt.jl:78
┌ Warning: Floating point value -0.0058107436730723385 will be converted to -17091076//2941288923.
└ @ ModelingToolkitSIExt ~/ParameterEstimationBenchmark-local/environments/StructuralIdentifiability.jl/ext/ModelingToolkitSIExt.jl:78
┌ Warning: Floating point value -28.289263260004276 will be converted to -299095393//10572753.
└ @ ModelingToolkitSIExt ~/ParameterEstimationBenchmark-local/environments/StructuralIdentifiability.jl/ext/ModelingToolkitSIExt.jl:78
┌ Warning: Floating point value -0.5 will be converted to -1//2.
└ @ ModelingToolkitSIExt ~/ParameterEstimationBenchmark-local/environments/StructuralIdentifiability.jl/ext/ModelingToolkitSIExt.jl:78
┌ Warning: Floating point value 8.0 will be converted to 8.
└ @ ModelingToolkitSIExt ~/ParameterEstimationBenchmark-local/environments/StructuralIdentifiability.jl/ext/ModelingToolkitSIExt.jl:78
┌ Warning: Floating point value 0.5 will be converted to 1//2.
└ @ ModelingToolkitSIExt ~/ParameterEstimationBenchmark-local/environments/StructuralIdentifiability.jl/ext/ModelingToolkitSIExt.jl:78
[ Info: Getting polynomial system from SIAN
[ Info: Built polynomial system with 9 equations
[ Info: [SI-TEMPLATE] algebraic_multiplicity M = 1  (setup 0.0s, Groebner 0.0s, quotient_basis 0.0s, ring: 8 vars × 10 polys)
[ Info: [DEBUG-ALG-INDEP] Input: 9 equations, 7 indeterminates
[ Info: [DEBUG-ALG-INDEP] Jacobian size: (9, 7)
[ Info: [DEBUG-ALG-INDEP] Jacobian rank: 7
[ Info: [DEBUG-ALG-INDEP] Found 7 pivot columns
[ Info: [DEBUG-ALG-INDEP] Selected 7 equations (current_rank=7)
[ Info: [DEBUG-ALG-INDEP] Returning: output_ids=[1, 2, 3, 4, 5, 6, 7], alg_indep has 0 vars
[ Info: Reduced polynomial system to 7 equations
┌ Info: [SI-MAP] Extending DerivativeData support for SI template
│   current_order = -1
└   required_order = 5
[ Info: Checking identifiability
┌ Warning: There are no parameters in the given ODE, thus no identifiabile
│ functions.
│ Use `find_identifiable_functions` with keyword `with_states=true` to
│ compute the functions with the ODE states included.
└ @ StructuralIdentifiability ~/ParameterEstimationBenchmark-local/environments/StructuralIdentifiability.jl/src/identifiable_functions.jl:97
┌ Info: [SI-STRUCTURAL] SIAN/SI template summary
│   template_equation_count = 7
│   derivative_symbol_count = 12
│   max_derivative_order = 5
│   structural_unidentifiable_count = 1
└   identifiable_function_count = 1
┌ Info: [SI-MAP] Classified symbolic SI support variables while converting SIAN output
│   counts =
│    Dict{Symbol, Int64} with 2 entries:
│      :state_jet        => 2
│      :measured_rhs_jet => 5
│   samples =
│    Dict{Symbol, Vector{String}} with 2 entries:
│      :state_jet        => ["x6_0", "x6_1"]
└      :measured_rhs_jet => ["x5_0", "x4_0", "x5_1", "x4_1", "x5_2"]
[ Info: Getting equation system from StructuralIdentifiability.jl
[ Info: Converting ODESystem to SI.jl format
┌ Warning: Floating point value -3.255997194497042 will be converted to -131544237//40400599.
└ @ ModelingToolkitSIExt ~/ParameterEstimationBenchmark-local/environments/StructuralIdentifiability.jl/ext/ModelingToolkitSIExt.jl:78
┌ Warning: Floating point value 8.0 will be converted to 8.
└ @ ModelingToolkitSIExt ~/ParameterEstimationBenchmark-local/environments/StructuralIdentifiability.jl/ext/ModelingToolkitSIExt.jl:78
┌ Warning: Floating point value 2.2159929796180338 will be converted to 204509241//92287856.
└ @ ModelingToolkitSIExt ~/ParameterEstimationBenchmark-local/environments/StructuralIdentifiability.jl/ext/ModelingToolkitSIExt.jl:78
┌ Warning: Floating point value 8.0 will be converted to 8.
└ @ ModelingToolkitSIExt ~/ParameterEstimationBenchmark-local/environments/StructuralIdentifiability.jl/ext/ModelingToolkitSIExt.jl:78
┌ Warning: Floating point value -0.1478573805494243 will be converted to -31070253//210136639.
└ @ ModelingToolkitSIExt ~/ParameterEstimationBenchmark-local/environments/StructuralIdentifiability.jl/ext/ModelingToolkitSIExt.jl:78
┌ Warning: Floating point value 1.0260847791897798 will be converted to 37663747//36706272.
└ @ ModelingToolkitSIExt ~/ParameterEstimationBenchmark-local/environments/StructuralIdentifiability.jl/ext/ModelingToolkitSIExt.jl:78
┌ Warning: Floating point value 0.5 will be converted to 1//2.
└ @ ModelingToolkitSIExt ~/ParameterEstimationBenchmark-local/environments/StructuralIdentifiability.jl/ext/ModelingToolkitSIExt.jl:78
┌ Warning: Floating point value 0.5 will be converted to 1//2.
└ @ ModelingToolkitSIExt ~/ParameterEstimationBenchmark-local/environments/StructuralIdentifiability.jl/ext/ModelingToolkitSIExt.jl:78
┌ Warning: Floating point value 3.255997194497042 will be converted to 131544237//40400599.
└ @ ModelingToolkitSIExt ~/ParameterEstimationBenchmark-local/environments/StructuralIdentifiability.jl/ext/ModelingToolkitSIExt.jl:78
┌ Warning: Floating point value 2.2159929796180338 will be converted to 204509241//92287856.
└ @ ModelingToolkitSIExt ~/ParameterEstimationBenchmark-local/environments/StructuralIdentifiability.jl/ext/ModelingToolkitSIExt.jl:78
┌ Warning: Floating point value 8.0 will be converted to 8.
└ @ ModelingToolkitSIExt ~/ParameterEstimationBenchmark-local/environments/StructuralIdentifiability.jl/ext/ModelingToolkitSIExt.jl:78
┌ Warning: Floating point value 0.5 will be converted to 1//2.
└ @ ModelingToolkitSIExt ~/ParameterEstimationBenchmark-local/environments/StructuralIdentifiability.jl/ext/ModelingToolkitSIExt.jl:78
┌ Warning: Floating point value 0.002713117182460305 will be converted to 10089034//3718613433.
└ @ ModelingToolkitSIExt ~/ParameterEstimationBenchmark-local/environments/StructuralIdentifiability.jl/ext/ModelingToolkitSIExt.jl:78
┌ Warning: Floating point value -34.06424937834788 will be converted to -649473407//19066130.
└ @ ModelingToolkitSIExt ~/ParameterEstimationBenchmark-local/environments/StructuralIdentifiability.jl/ext/ModelingToolkitSIExt.jl:78
┌ Warning: Floating point value -0.5 will be converted to -1//2.
└ @ ModelingToolkitSIExt ~/ParameterEstimationBenchmark-local/environments/StructuralIdentifiability.jl/ext/ModelingToolkitSIExt.jl:78
┌ Warning: Floating point value 0.1478573805494243 will be converted to 31070253//210136639.
└ @ ModelingToolkitSIExt ~/ParameterEstimationBenchmark-local/environments/StructuralIdentifiability.jl/ext/ModelingToolkitSIExt.jl:78
┌ Warning: Floating point value 1.0260847791897798 will be converted to 37663747//36706272.
└ @ ModelingToolkitSIExt ~/ParameterEstimationBenchmark-local/environments/StructuralIdentifiability.jl/ext/ModelingToolkitSIExt.jl:78
┌ Warning: Floating point value 0.5 will be converted to 1//2.
└ @ ModelingToolkitSIExt ~/ParameterEstimationBenchmark-local/environments/StructuralIdentifiability.jl/ext/ModelingToolkitSIExt.jl:78
┌ Warning: Floating point value 0.5 will be converted to 1//2.
└ @ ModelingToolkitSIExt ~/ParameterEstimationBenchmark-local/environments/StructuralIdentifiability.jl/ext/ModelingToolkitSIExt.jl:78
┌ Warning: Floating point value 0.5 will be converted to 1//2.
└ @ ModelingToolkitSIExt ~/ParameterEstimationBenchmark-local/environments/StructuralIdentifiability.jl/ext/ModelingToolkitSIExt.jl:78
┌ Warning: Floating point value -0.00542623436492061 will be converted to -10951533//2018256541.
└ @ ModelingToolkitSIExt ~/ParameterEstimationBenchmark-local/environments/StructuralIdentifiability.jl/ext/ModelingToolkitSIExt.jl:78
┌ Warning: Floating point value -34.06424937834788 will be converted to -649473407//19066130.
└ @ ModelingToolkitSIExt ~/ParameterEstimationBenchmark-local/environments/StructuralIdentifiability.jl/ext/ModelingToolkitSIExt.jl:78
┌ Warning: Floating point value -0.5 will be converted to -1//2.
└ @ ModelingToolkitSIExt ~/ParameterEstimationBenchmark-local/environments/StructuralIdentifiability.jl/ext/ModelingToolkitSIExt.jl:78
┌ Warning: Floating point value 8.0 will be converted to 8.
└ @ ModelingToolkitSIExt ~/ParameterEstimationBenchmark-local/environments/StructuralIdentifiability.jl/ext/ModelingToolkitSIExt.jl:78
┌ Warning: Floating point value 0.5 will be converted to 1//2.
└ @ ModelingToolkitSIExt ~/ParameterEstimationBenchmark-local/environments/StructuralIdentifiability.jl/ext/ModelingToolkitSIExt.jl:78
[ Info: Getting polynomial system from SIAN
[ Info: Built polynomial system with 9 equations
[ Info: [SI-TEMPLATE] algebraic_multiplicity M = 1  (setup 0.0s, Groebner 0.0s, quotient_basis 0.0s, ring: 8 vars × 10 polys)
[ Info: [DEBUG-ALG-INDEP] Input: 9 equations, 7 indeterminates
[ Info: [DEBUG-ALG-INDEP] Jacobian size: (9, 7)
[ Info: [DEBUG-ALG-INDEP] Jacobian rank: 7
[ Info: [DEBUG-ALG-INDEP] Found 7 pivot columns
[ Info: [DEBUG-ALG-INDEP] Selected 7 equations (current_rank=7)
[ Info: [DEBUG-ALG-INDEP] Returning: output_ids=[1, 2, 3, 4, 5, 6, 7], alg_indep has 0 vars
[ Info: Reduced polynomial system to 7 equations
┌ Info: [SI-MAP] Extending DerivativeData support for SI template
│   current_order = -1
└   required_order = 5
[ Info: Checking identifiability
┌ Warning: There are no parameters in the given ODE, thus no identifiabile
│ functions.
│ Use `find_identifiable_functions` with keyword `with_states=true` to
│ compute the functions with the ODE states included.
└ @ StructuralIdentifiability ~/ParameterEstimationBenchmark-local/environments/StructuralIdentifiability.jl/src/identifiable_functions.jl:97
┌ Info: [SI-STRUCTURAL] SIAN/SI template summary
│   template_equation_count = 7
│   derivative_symbol_count = 12
│   max_derivative_order = 5
│   structural_unidentifiable_count = 1
└   identifiable_function_count = 1
┌ Info: [SI-MAP] Classified symbolic SI support variables while converting SIAN output
│   counts =
│    Dict{Symbol, Int64} with 2 entries:
│      :state_jet        => 2
│      :measured_rhs_jet => 5
│   samples =
│    Dict{Symbol, Vector{String}} with 2 entries:
│      :state_jet        => ["x6_0", "x6_1"]
└      :measured_rhs_jet => ["x5_0", "x4_0", "x5_1", "x4_1", "x5_2"]
[ Info: Getting equation system from StructuralIdentifiability.jl
[ Info: Converting ODESystem to SI.jl format
┌ Warning: Floating point value -3.255997194497042 will be converted to -131544237//40400599.
└ @ ModelingToolkitSIExt ~/ParameterEstimationBenchmark-local/environments/StructuralIdentifiability.jl/ext/ModelingToolkitSIExt.jl:78
┌ Warning: Floating point value 8.0 will be converted to 8.
└ @ ModelingToolkitSIExt ~/ParameterEstimationBenchmark-local/environments/StructuralIdentifiability.jl/ext/ModelingToolkitSIExt.jl:78
┌ Warning: Floating point value 2.2159929796180338 will be converted to 204509241//92287856.
└ @ ModelingToolkitSIExt ~/ParameterEstimationBenchmark-local/environments/StructuralIdentifiability.jl/ext/ModelingToolkitSIExt.jl:78
┌ Warning: Floating point value 8.0 will be converted to 8.
└ @ ModelingToolkitSIExt ~/ParameterEstimationBenchmark-local/environments/StructuralIdentifiability.jl/ext/ModelingToolkitSIExt.jl:78
┌ Warning: Floating point value -0.9454961284709259 will be converted to -97871119//103512977.
└ @ ModelingToolkitSIExt ~/ParameterEstimationBenchmark-local/environments/StructuralIdentifiability.jl/ext/ModelingToolkitSIExt.jl:78
┌ Warning: Floating point value 23.268205310555608 will be converted to 286089239//12295286.
└ @ ModelingToolkitSIExt ~/ParameterEstimationBenchmark-local/environments/StructuralIdentifiability.jl/ext/ModelingToolkitSIExt.jl:78
┌ Warning: Floating point value 0.5 will be converted to 1//2.
└ @ ModelingToolkitSIExt ~/ParameterEstimationBenchmark-local/environments/StructuralIdentifiability.jl/ext/ModelingToolkitSIExt.jl:78
┌ Warning: Floating point value 0.5 will be converted to 1//2.
└ @ ModelingToolkitSIExt ~/ParameterEstimationBenchmark-local/environments/StructuralIdentifiability.jl/ext/ModelingToolkitSIExt.jl:78
┌ Warning: Floating point value 3.255997194497042 will be converted to 131544237//40400599.
└ @ ModelingToolkitSIExt ~/ParameterEstimationBenchmark-local/environments/StructuralIdentifiability.jl/ext/ModelingToolkitSIExt.jl:78
┌ Warning: Floating point value 2.2159929796180338 will be converted to 204509241//92287856.
└ @ ModelingToolkitSIExt ~/ParameterEstimationBenchmark-local/environments/StructuralIdentifiability.jl/ext/ModelingToolkitSIExt.jl:78
┌ Warning: Floating point value 8.0 will be converted to 8.
└ @ ModelingToolkitSIExt ~/ParameterEstimationBenchmark-local/environments/StructuralIdentifiability.jl/ext/ModelingToolkitSIExt.jl:78
┌ Warning: Floating point value 0.5 will be converted to 1//2.
└ @ ModelingToolkitSIExt ~/ParameterEstimationBenchmark-local/environments/StructuralIdentifiability.jl/ext/ModelingToolkitSIExt.jl:78
┌ Warning: Floating point value 0.0030381877624692318 will be converted to 2304601//758544626.
└ @ ModelingToolkitSIExt ~/ParameterEstimationBenchmark-local/environments/StructuralIdentifiability.jl/ext/ModelingToolkitSIExt.jl:78
┌ Warning: Floating point value -26.98621344418679 will be converted to -335434936//12429863.
└ @ ModelingToolkitSIExt ~/ParameterEstimationBenchmark-local/environments/StructuralIdentifiability.jl/ext/ModelingToolkitSIExt.jl:78
┌ Warning: Floating point value -0.5 will be converted to -1//2.
└ @ ModelingToolkitSIExt ~/ParameterEstimationBenchmark-local/environments/StructuralIdentifiability.jl/ext/ModelingToolkitSIExt.jl:78
[CAND 470] ok  max=453b  0.2s
[CAND 471] ok  max=446b  0.1s
[CAND 473] ok  max=431b  0.2s
[CAND 477] ok  max=420b  0.2s
┌ Warning: Floating point value 0.9454961284709259 will be converted to 97871119//103512977.
└ @ ModelingToolkitSIExt ~/ParameterEstimationBenchmark-local/environments/StructuralIdentifiability.jl/ext/ModelingToolkitSIExt.jl:78
┌ Warning: Floating point value 23.268205310555608 will be converted to 286089239//12295286.
└ @ ModelingToolkitSIExt ~/ParameterEstimationBenchmark-local/environments/StructuralIdentifiability.jl/ext/ModelingToolkitSIExt.jl:78
┌ Warning: Floating point value 0.5 will be converted to 1//2.
└ @ ModelingToolkitSIExt ~/ParameterEstimationBenchmark-local/environments/StructuralIdentifiability.jl/ext/ModelingToolkitSIExt.jl:78
┌ Warning: Floating point value 0.5 will be converted to 1//2.
└ @ ModelingToolkitSIExt ~/ParameterEstimationBenchmark-local/environments/StructuralIdentifiability.jl/ext/ModelingToolkitSIExt.jl:78
┌ Warning: Floating point value 0.5 will be converted to 1//2.
└ @ ModelingToolkitSIExt ~/ParameterEstimationBenchmark-local/environments/StructuralIdentifiability.jl/ext/ModelingToolkitSIExt.jl:78
┌ Warning: Floating point value -0.0060763755249384635 will be converted to -2304601//379272313.
└ @ ModelingToolkitSIExt ~/ParameterEstimationBenchmark-local/environments/StructuralIdentifiability.jl/ext/ModelingToolkitSIExt.jl:78
┌ Warning: Floating point value -26.98621344418679 will be converted to -335434936//12429863.
└ @ ModelingToolkitSIExt ~/ParameterEstimationBenchmark-local/environments/StructuralIdentifiability.jl/ext/ModelingToolkitSIExt.jl:78
┌ Warning: Floating point value -0.5 will be converted to -1//2.
└ @ ModelingToolkitSIExt ~/ParameterEstimationBenchmark-local/environments/StructuralIdentifiability.jl/ext/ModelingToolkitSIExt.jl:78
┌ Warning: Floating point value 8.0 will be converted to 8.
└ @ ModelingToolkitSIExt ~/ParameterEstimationBenchmark-local/environments/StructuralIdentifiability.jl/ext/ModelingToolkitSIExt.jl:78
┌ Warning: Floating point value 0.5 will be converted to 1//2.
└ @ ModelingToolkitSIExt ~/ParameterEstimationBenchmark-local/environments/StructuralIdentifiability.jl/ext/ModelingToolkitSIExt.jl:78
[ Info: Getting polynomial system from SIAN
[ Info: Built polynomial system with 9 equations
[ Info: [SI-TEMPLATE] algebraic_multiplicity M = 1  (setup 0.0s, Groebner 0.0s, quotient_basis 0.0s, ring: 8 vars × 10 polys)
[ Info: [DEBUG-ALG-INDEP] Input: 9 equations, 7 indeterminates
[ Info: [DEBUG-ALG-INDEP] Jacobian size: (9, 7)
[ Info: [DEBUG-ALG-INDEP] Jacobian rank: 7
[ Info: [DEBUG-ALG-INDEP] Found 7 pivot columns
[ Info: [DEBUG-ALG-INDEP] Selected 7 equations (current_rank=7)
[ Info: [DEBUG-ALG-INDEP] Returning: output_ids=[1, 2, 3, 4, 5, 6, 7], alg_indep has 0 vars
[ Info: Reduced polynomial system to 7 equations
┌ Info: [SI-MAP] Extending DerivativeData support for SI template
│   current_order = -1
└   required_order = 5
[ Info: Checking identifiability
┌ Warning: There are no parameters in the given ODE, thus no identifiabile
│ functions.
│ Use `find_identifiable_functions` with keyword `with_states=true` to
│ compute the functions with the ODE states included.
└ @ StructuralIdentifiability ~/ParameterEstimationBenchmark-local/environments/StructuralIdentifiability.jl/src/identifiable_functions.jl:97
┌ Info: [SI-STRUCTURAL] SIAN/SI template summary
│   template_equation_count = 7
│   derivative_symbol_count = 12
│   max_derivative_order = 5
│   structural_unidentifiable_count = 1
└   identifiable_function_count = 1
┌ Info: [SI-MAP] Classified symbolic SI support variables while converting SIAN output
│   counts =
│    Dict{Symbol, Int64} with 2 entries:
│      :state_jet        => 2
│      :measured_rhs_jet => 5
│   samples =
│    Dict{Symbol, Vector{String}} with 2 entries:
│      :state_jet        => ["x6_0", "x6_1"]
└      :measured_rhs_jet => ["x5_0", "x4_0", "x5_1", "x4_1", "x5_2"]
[ Info: Getting equation system from StructuralIdentifiability.jl
[ Info: Converting ODESystem to SI.jl format
┌ Warning: Floating point value -3.2559968078461825 will be converted to -151996316//46681961.
└ @ ModelingToolkitSIExt ~/ParameterEstimationBenchmark-local/environments/StructuralIdentifiability.jl/ext/ModelingToolkitSIExt.jl:78
┌ Warning: Floating point value 8.0 will be converted to 8.
└ @ ModelingToolkitSIExt ~/ParameterEstimationBenchmark-local/environments/StructuralIdentifiability.jl/ext/ModelingToolkitSIExt.jl:78
┌ Warning: Floating point value 2.2159923811925806 will be converted to 100234379//45232276.
└ @ ModelingToolkitSIExt ~/ParameterEstimationBenchmark-local/environments/StructuralIdentifiability.jl/ext/ModelingToolkitSIExt.jl:78
┌ Warning: Floating point value 8.0 will be converted to 8.
└ @ ModelingToolkitSIExt ~/ParameterEstimationBenchmark-local/environments/StructuralIdentifiability.jl/ext/ModelingToolkitSIExt.jl:78
┌ Warning: Floating point value -0.8006149599154248 will be converted to -38967103//48671465.
└ @ ModelingToolkitSIExt ~/ParameterEstimationBenchmark-local/environments/StructuralIdentifiability.jl/ext/ModelingToolkitSIExt.jl:78
┌ Warning: Floating point value 19.203473969699314 will be converted to 390393337//20329308.
└ @ ModelingToolkitSIExt ~/ParameterEstimationBenchmark-local/environments/StructuralIdentifiability.jl/ext/ModelingToolkitSIExt.jl:78
┌ Warning: Floating point value 0.5 will be converted to 1//2.
└ @ ModelingToolkitSIExt ~/ParameterEstimationBenchmark-local/environments/StructuralIdentifiability.jl/ext/ModelingToolkitSIExt.jl:78
┌ Warning: Floating point value 0.5 will be converted to 1//2.
└ @ ModelingToolkitSIExt ~/ParameterEstimationBenchmark-local/environments/StructuralIdentifiability.jl/ext/ModelingToolkitSIExt.jl:78
┌ Warning: Floating point value 3.2559968078461825 will be converted to 151996316//46681961.
└ @ ModelingToolkitSIExt ~/ParameterEstimationBenchmark-local/environments/StructuralIdentifiability.jl/ext/ModelingToolkitSIExt.jl:78
┌ Warning: Floating point value 2.2159923811925806 will be converted to 100234379//45232276.
└ @ ModelingToolkitSIExt ~/ParameterEstimationBenchmark-local/environments/StructuralIdentifiability.jl/ext/ModelingToolkitSIExt.jl:78
┌ Warning: Floating point value 8.0 will be converted to 8.
└ @ ModelingToolkitSIExt ~/ParameterEstimationBenchmark-local/environments/StructuralIdentifiability.jl/ext/ModelingToolkitSIExt.jl:78
┌ Warning: Floating point value 0.5 will be converted to 1//2.
└ @ ModelingToolkitSIExt ~/ParameterEstimationBenchmark-local/environments/StructuralIdentifiability.jl/ext/ModelingToolkitSIExt.jl:78
┌ Warning: Floating point value 0.0036709942204611427 will be converted to 3229153//879639903.
└ @ ModelingToolkitSIExt ~/ParameterEstimationBenchmark-local/environments/StructuralIdentifiability.jl/ext/ModelingToolkitSIExt.jl:78
┌ Warning: Floating point value -22.069241714449742 will be converted to -474599021//21504999.
└ @ ModelingToolkitSIExt ~/ParameterEstimationBenchmark-local/environments/StructuralIdentifiability.jl/ext/ModelingToolkitSIExt.jl:78
┌ Warning: Floating point value -0.5 will be converted to -1//2.
└ @ ModelingToolkitSIExt ~/ParameterEstimationBenchmark-local/environments/StructuralIdentifiability.jl/ext/ModelingToolkitSIExt.jl:78
┌ Warning: Floating point value 0.8006149599154248 will be converted to 38967103//48671465.
└ @ ModelingToolkitSIExt ~/ParameterEstimationBenchmark-local/environments/StructuralIdentifiability.jl/ext/ModelingToolkitSIExt.jl:78
┌ Warning: Floating point value 19.203473969699314 will be converted to 390393337//20329308.
└ @ ModelingToolkitSIExt ~/ParameterEstimationBenchmark-local/environments/StructuralIdentifiability.jl/ext/ModelingToolkitSIExt.jl:78
┌ Warning: Floating point value 0.5 will be converted to 1//2.
└ @ ModelingToolkitSIExt ~/ParameterEstimationBenchmark-local/environments/StructuralIdentifiability.jl/ext/ModelingToolkitSIExt.jl:78
┌ Warning: Floating point value 0.5 will be converted to 1//2.
└ @ ModelingToolkitSIExt ~/ParameterEstimationBenchmark-local/environments/StructuralIdentifiability.jl/ext/ModelingToolkitSIExt.jl:78
┌ Warning: Floating point value 0.5 will be converted to 1//2.
└ @ ModelingToolkitSIExt ~/ParameterEstimationBenchmark-local/environments/StructuralIdentifiability.jl/ext/ModelingToolkitSIExt.jl:78
┌ Warning: Floating point value -0.0073419884409222855 will be converted to -6458306//879639903.
└ @ ModelingToolkitSIExt ~/ParameterEstimationBenchmark-local/environments/StructuralIdentifiability.jl/ext/ModelingToolkitSIExt.jl:78
┌ Warning: Floating point value -22.069241714449742 will be converted to -474599021//21504999.
└ @ ModelingToolkitSIExt ~/ParameterEstimationBenchmark-local/environments/StructuralIdentifiability.jl/ext/ModelingToolkitSIExt.jl:78
┌ Warning: Floating point value -0.5 will be converted to -1//2.
└ @ ModelingToolkitSIExt ~/ParameterEstimationBenchmark-local/environments/StructuralIdentifiability.jl/ext/ModelingToolkitSIExt.jl:78
┌ Warning: Floating point value 8.0 will be converted to 8.
└ @ ModelingToolkitSIExt ~/ParameterEstimationBenchmark-local/environments/StructuralIdentifiability.jl/ext/ModelingToolkitSIExt.jl:78
┌ Warning: Floating point value 0.5 will be converted to 1//2.
└ @ ModelingToolkitSIExt ~/ParameterEstimationBenchmark-local/environments/StructuralIdentifiability.jl/ext/ModelingToolkitSIExt.jl:78
[ Info: Getting polynomial system from SIAN
[ Info: Built polynomial system with 9 equations
[ Info: [SI-TEMPLATE] algebraic_multiplicity M = 1  (setup 0.0s, Groebner 0.0s, quotient_basis 0.0s, ring: 8 vars × 10 polys)
[ Info: [DEBUG-ALG-INDEP] Input: 9 equations, 7 indeterminates
[ Info: [DEBUG-ALG-INDEP] Jacobian size: (9, 7)
[ Info: [DEBUG-ALG-INDEP] Jacobian rank: 7
[ Info: [DEBUG-ALG-INDEP] Found 7 pivot columns
[ Info: [DEBUG-ALG-INDEP] Selected 7 equations (current_rank=7)
[ Info: [DEBUG-ALG-INDEP] Returning: output_ids=[1, 2, 3, 4, 5, 6, 7], alg_indep has 0 vars
[ Info: Reduced polynomial system to 7 equations
┌ Info: [SI-MAP] Extending DerivativeData support for SI template
│   current_order = -1
└   required_order = 5
[ Info: Checking identifiability
┌ Warning: There are no parameters in the given ODE, thus no identifiabile
│ functions.
│ Use `find_identifiable_functions` with keyword `with_states=true` to
│ compute the functions with the ODE states included.
└ @ StructuralIdentifiability ~/ParameterEstimationBenchmark-local/environments/StructuralIdentifiability.jl/src/identifiable_functions.jl:97
┌ Info: [SI-STRUCTURAL] SIAN/SI template summary
│   template_equation_count = 7
│   derivative_symbol_count = 12
│   max_derivative_order = 5
│   structural_unidentifiable_count = 1
└   identifiable_function_count = 1
┌ Info: [SI-MAP] Classified symbolic SI support variables while converting SIAN output
│   counts =
│    Dict{Symbol, Int64} with 2 entries:
│      :state_jet        => 2
│      :measured_rhs_jet => 5
│   samples =
│    Dict{Symbol, Vector{String}} with 2 entries:
│      :state_jet        => ["x6_0", "x6_1"]
└      :measured_rhs_jet => ["x5_0", "x4_0", "x5_1", "x4_1", "x5_2"]
[ Info: Getting equation system from StructuralIdentifiability.jl
[ Info: Converting ODESystem to SI.jl format
┌ Warning: Floating point value -3.2559968078461825 will be converted to -151996316//46681961.
└ @ ModelingToolkitSIExt ~/ParameterEstimationBenchmark-local/environments/StructuralIdentifiability.jl/ext/ModelingToolkitSIExt.jl:78
┌ Warning: Floating point value 8.0 will be converted to 8.
└ @ ModelingToolkitSIExt ~/ParameterEstimationBenchmark-local/environments/StructuralIdentifiability.jl/ext/ModelingToolkitSIExt.jl:78
┌ Warning: Floating point value 2.2159923811925806 will be converted to 100234379//45232276.
└ @ ModelingToolkitSIExt ~/ParameterEstimationBenchmark-local/environments/StructuralIdentifiability.jl/ext/ModelingToolkitSIExt.jl:78
┌ Warning: Floating point value 8.0 will be converted to 8.
└ @ ModelingToolkitSIExt ~/ParameterEstimationBenchmark-local/environments/StructuralIdentifiability.jl/ext/ModelingToolkitSIExt.jl:78
┌ Warning: Floating point value -0.147115038048807 will be converted to -37591700//255525883.
└ @ ModelingToolkitSIExt ~/ParameterEstimationBenchmark-local/environments/StructuralIdentifiability.jl/ext/ModelingToolkitSIExt.jl:78
┌ Warning: Floating point value 110.06811675812659 will be converted to 509383357//4627892.
└ @ ModelingToolkitSIExt ~/ParameterEstimationBenchmark-local/environments/StructuralIdentifiability.jl/ext/ModelingToolkitSIExt.jl:78
┌ Warning: Floating point value 0.5 will be converted to 1//2.
└ @ ModelingToolkitSIExt ~/ParameterEstimationBenchmark-local/environments/StructuralIdentifiability.jl/ext/ModelingToolkitSIExt.jl:78
┌ Warning: Floating point value 0.5 will be converted to 1//2.
└ @ ModelingToolkitSIExt ~/ParameterEstimationBenchmark-local/environments/StructuralIdentifiability.jl/ext/ModelingToolkitSIExt.jl:78
┌ Warning: Floating point value 3.2559968078461825 will be converted to 151996316//46681961.
└ @ ModelingToolkitSIExt ~/ParameterEstimationBenchmark-local/environments/StructuralIdentifiability.jl/ext/ModelingToolkitSIExt.jl:78
┌ Warning: Floating point value 2.2159923811925806 will be converted to 100234379//45232276.
└ @ ModelingToolkitSIExt ~/ParameterEstimationBenchmark-local/environments/StructuralIdentifiability.jl/ext/ModelingToolkitSIExt.jl:78
┌ Warning: Floating point value 8.0 will be converted to 8.
└ @ ModelingToolkitSIExt ~/ParameterEstimationBenchmark-local/environments/StructuralIdentifiability.jl/ext/ModelingToolkitSIExt.jl:78
┌ Warning: Floating point value 0.5 will be converted to 1//2.
└ @ ModelingToolkitSIExt ~/ParameterEstimationBenchmark-local/environments/StructuralIdentifiability.jl/ext/ModelingToolkitSIExt.jl:78
┌ Warning: Floating point value -0.000898072446335176 will be converted to -4823506//5370954225.
└ @ ModelingToolkitSIExt ~/ParameterEstimationBenchmark-local/environments/StructuralIdentifiability.jl/ext/ModelingToolkitSIExt.jl:78
┌ Warning: Floating point value -109.04068522301232 will be converted to -127795465//1171998.
└ @ ModelingToolkitSIExt ~/ParameterEstimationBenchmark-local/environments/StructuralIdentifiability.jl/ext/ModelingToolkitSIExt.jl:78
┌ Warning: Floating point value -0.5 will be converted to -1//2.
└ @ ModelingToolkitSIExt ~/ParameterEstimationBenchmark-local/environments/StructuralIdentifiability.jl/ext/ModelingToolkitSIExt.jl:78
┌ Warning: Floating point value 0.147115038048807 will be converted to 37591700//255525883.
└ @ ModelingToolkitSIExt ~/ParameterEstimationBenchmark-local/environments/StructuralIdentifiability.jl/ext/ModelingToolkitSIExt.jl:78
┌ Warning: Floating point value 110.06811675812659 will be converted to 509383357//4627892.
└ @ ModelingToolkitSIExt ~/ParameterEstimationBenchmark-local/environments/StructuralIdentifiability.jl/ext/ModelingToolkitSIExt.jl:78
┌ Warning: Floating point value 0.5 will be converted to 1//2.
└ @ ModelingToolkitSIExt ~/ParameterEstimationBenchmark-local/environments/StructuralIdentifiability.jl/ext/ModelingToolkitSIExt.jl:78
┌ Warning: Floating point value 0.5 will be converted to 1//2.
└ @ ModelingToolkitSIExt ~/ParameterEstimationBenchmark-local/environments/StructuralIdentifiability.jl/ext/ModelingToolkitSIExt.jl:78
┌ Warning: Floating point value 0.5 will be converted to 1//2.
└ @ ModelingToolkitSIExt ~/ParameterEstimationBenchmark-local/environments/StructuralIdentifiability.jl/ext/ModelingToolkitSIExt.jl:78
┌ Warning: Floating point value 0.001796144892670352 will be converted to 5205475//2898137573.
└ @ ModelingToolkitSIExt ~/ParameterEstimationBenchmark-local/environments/StructuralIdentifiability.jl/ext/ModelingToolkitSIExt.jl:78
┌ Warning: Floating point value -109.04068522301232 will be converted to -127795465//1171998.
└ @ ModelingToolkitSIExt ~/ParameterEstimationBenchmark-local/environments/StructuralIdentifiability.jl/ext/ModelingToolkitSIExt.jl:78
┌ Warning: Floating point value -0.5 will be converted to -1//2.
└ @ ModelingToolkitSIExt ~/ParameterEstimationBenchmark-local/environments/StructuralIdentifiability.jl/ext/ModelingToolkitSIExt.jl:78
┌ Warning: Floating point value 8.0 will be converted to 8.
└ @ ModelingToolkitSIExt ~/ParameterEstimationBenchmark-local/environments/StructuralIdentifiability.jl/ext/ModelingToolkitSIExt.jl:78
┌ Warning: Floating point value 0.5 will be converted to 1//2.
└ @ ModelingToolkitSIExt ~/ParameterEstimationBenchmark-local/environments/StructuralIdentifiability.jl/ext/ModelingToolkitSIExt.jl:78
[ Info: Getting polynomial system from SIAN
[ Info: Built polynomial system with 9 equations
[ Info: [SI-TEMPLATE] algebraic_multiplicity M = 1  (setup 0.0s, Groebner 0.0s, quotient_basis 0.0s, ring: 8 vars × 10 polys)
[ Info: [DEBUG-ALG-INDEP] Input: 9 equations, 7 indeterminates
[ Info: [DEBUG-ALG-INDEP] Jacobian size: (9, 7)
[ Info: [DEBUG-ALG-INDEP] Jacobian rank: 7
[ Info: [DEBUG-ALG-INDEP] Found 7 pivot columns
[ Info: [DEBUG-ALG-INDEP] Selected 7 equations (current_rank=7)
[ Info: [DEBUG-ALG-INDEP] Returning: output_ids=[1, 2, 3, 4, 5, 6, 7], alg_indep has 0 vars
[ Info: Reduced polynomial system to 7 equations
┌ Info: [SI-MAP] Extending DerivativeData support for SI template
│   current_order = -1
└   required_order = 5
[ Info: Checking identifiability
┌ Warning: There are no parameters in the given ODE, thus no identifiabile
│ functions.
│ Use `find_identifiable_functions` with keyword `with_states=true` to
│ compute the functions with the ODE states included.
└ @ StructuralIdentifiability ~/ParameterEstimationBenchmark-local/environments/StructuralIdentifiability.jl/src/identifiable_functions.jl:97
┌ Info: [SI-STRUCTURAL] SIAN/SI template summary
│   template_equation_count = 7
│   derivative_symbol_count = 12
│   max_derivative_order = 5
│   structural_unidentifiable_count = 1
└   identifiable_function_count = 1
┌ Info: [SI-MAP] Classified symbolic SI support variables while converting SIAN output
│   counts =
│    Dict{Symbol, Int64} with 2 entries:
│      :state_jet        => 2
│      :measured_rhs_jet => 5
│   samples =
│    Dict{Symbol, Vector{String}} with 2 entries:
│      :state_jet        => ["x6_0", "x6_1"]
└      :measured_rhs_jet => ["x5_0", "x4_0", "x5_1", "x4_1", "x5_2"]
[ Info: Getting equation system from StructuralIdentifiability.jl
[ Info: Converting ODESystem to SI.jl format
┌ Warning: Floating point value -3.255996461575231 will be converted to -133956484//41141471.
└ @ ModelingToolkitSIExt ~/ParameterEstimationBenchmark-local/environments/StructuralIdentifiability.jl/ext/ModelingToolkitSIExt.jl:78
┌ Warning: Floating point value 8.0 will be converted to 8.
└ @ ModelingToolkitSIExt ~/ParameterEstimationBenchmark-local/environments/StructuralIdentifiability.jl/ext/ModelingToolkitSIExt.jl:78
┌ Warning: Floating point value 2.2159918452637277 will be converted to 8789253//3966284.
└ @ ModelingToolkitSIExt ~/ParameterEstimationBenchmark-local/environments/StructuralIdentifiability.jl/ext/ModelingToolkitSIExt.jl:78
┌ Warning: Floating point value 8.0 will be converted to 8.
└ @ ModelingToolkitSIExt ~/ParameterEstimationBenchmark-local/environments/StructuralIdentifiability.jl/ext/ModelingToolkitSIExt.jl:78
┌ Warning: Floating point value -0.6414896304840471 will be converted to -41850244//65239159.
└ @ ModelingToolkitSIExt ~/ParameterEstimationBenchmark-local/environments/StructuralIdentifiability.jl/ext/ModelingToolkitSIExt.jl:78
┌ Warning: Floating point value 14.736516319243728 will be converted to 193236107//13112740.
└ @ ModelingToolkitSIExt ~/ParameterEstimationBenchmark-local/environments/StructuralIdentifiability.jl/ext/ModelingToolkitSIExt.jl:78
┌ Warning: Floating point value 0.5 will be converted to 1//2.
└ @ ModelingToolkitSIExt ~/ParameterEstimationBenchmark-local/environments/StructuralIdentifiability.jl/ext/ModelingToolkitSIExt.jl:78
┌ Warning: Floating point value 0.5 will be converted to 1//2.
└ @ ModelingToolkitSIExt ~/ParameterEstimationBenchmark-local/environments/StructuralIdentifiability.jl/ext/ModelingToolkitSIExt.jl:78
┌ Warning: Floating point value 3.255996461575231 will be converted to 133956484//41141471.
└ @ ModelingToolkitSIExt ~/ParameterEstimationBenchmark-local/environments/StructuralIdentifiability.jl/ext/ModelingToolkitSIExt.jl:78
┌ Warning: Floating point value 2.2159918452637277 will be converted to 8789253//3966284.
└ @ ModelingToolkitSIExt ~/ParameterEstimationBenchmark-local/environments/StructuralIdentifiability.jl/ext/ModelingToolkitSIExt.jl:78
┌ Warning: Floating point value 8.0 will be converted to 8.
└ @ ModelingToolkitSIExt ~/ParameterEstimationBenchmark-local/environments/StructuralIdentifiability.jl/ext/ModelingToolkitSIExt.jl:78
┌ Warning: Floating point value 0.5 will be converted to 1//2.
└ @ ModelingToolkitSIExt ~/ParameterEstimationBenchmark-local/environments/StructuralIdentifiability.jl/ext/ModelingToolkitSIExt.jl:78
┌ Warning: Floating point value 0.00475595906366624 will be converted to 1880841//395470393.
└ @ ModelingToolkitSIExt ~/ParameterEstimationBenchmark-local/environments/StructuralIdentifiability.jl/ext/ModelingToolkitSIExt.jl:78
┌ Warning: Floating point value -16.675454961370445 will be converted to -178634027//10712393.
└ @ ModelingToolkitSIExt ~/ParameterEstimationBenchmark-local/environments/StructuralIdentifiability.jl/ext/ModelingToolkitSIExt.jl:78
┌ Warning: Floating point value -0.5 will be converted to -1//2.
└ @ ModelingToolkitSIExt ~/ParameterEstimationBenchmark-local/environments/StructuralIdentifiability.jl/ext/ModelingToolkitSIExt.jl:78
┌ Warning: Floating point value 0.6414896304840471 will be converted to 41850244//65239159.
└ @ ModelingToolkitSIExt ~/ParameterEstimationBenchmark-local/environments/StructuralIdentifiability.jl/ext/ModelingToolkitSIExt.jl:78
┌ Warning: Floating point value 14.736516319243728 will be converted to 193236107//13112740.
└ @ ModelingToolkitSIExt ~/ParameterEstimationBenchmark-local/environments/StructuralIdentifiability.jl/ext/ModelingToolkitSIExt.jl:78
┌ Warning: Floating point value 0.5 will be converted to 1//2.
└ @ ModelingToolkitSIExt ~/ParameterEstimationBenchmark-local/environments/StructuralIdentifiability.jl/ext/ModelingToolkitSIExt.jl:78
┌ Warning: Floating point value 0.5 will be converted to 1//2.
└ @ ModelingToolkitSIExt ~/ParameterEstimationBenchmark-local/environments/StructuralIdentifiability.jl/ext/ModelingToolkitSIExt.jl:78
┌ Warning: Floating point value 0.5 will be converted to 1//2.
└ @ ModelingToolkitSIExt ~/ParameterEstimationBenchmark-local/environments/StructuralIdentifiability.jl/ext/ModelingToolkitSIExt.jl:78
┌ Warning: Floating point value -0.00951191812733248 will be converted to -3761682//395470393.
└ @ ModelingToolkitSIExt ~/ParameterEstimationBenchmark-local/environments/StructuralIdentifiability.jl/ext/ModelingToolkitSIExt.jl:78
┌ Warning: Floating point value -16.675454961370445 will be converted to -178634027//10712393.
└ @ ModelingToolkitSIExt ~/ParameterEstimationBenchmark-local/environments/StructuralIdentifiability.jl/ext/ModelingToolkitSIExt.jl:78
┌ Warning: Floating point value -0.5 will be converted to -1//2.
└ @ ModelingToolkitSIExt ~/ParameterEstimationBenchmark-local/environments/StructuralIdentifiability.jl/ext/ModelingToolkitSIExt.jl:78
┌ Warning: Floating point value 8.0 will be converted to 8.
└ @ ModelingToolkitSIExt ~/ParameterEstimationBenchmark-local/environments/StructuralIdentifiability.jl/ext/ModelingToolkitSIExt.jl:78
┌ Warning: Floating point value 0.5 will be converted to 1//2.
└ @ ModelingToolkitSIExt ~/ParameterEstimationBenchmark-local/environments/StructuralIdentifiability.jl/ext/ModelingToolkitSIExt.jl:78
[ Info: Getting polynomial system from SIAN
[ Info: Built polynomial system with 9 equations
[ Info: [SI-TEMPLATE] algebraic_multiplicity M = 1  (setup 0.0s, Groebner 0.0s, quotient_basis 0.0s, ring: 8 vars × 10 polys)
[ Info: [DEBUG-ALG-INDEP] Input: 9 equations, 7 indeterminates
[ Info: [DEBUG-ALG-INDEP] Jacobian size: (9, 7)
[ Info: [DEBUG-ALG-INDEP] Jacobian rank: 7
[ Info: [DEBUG-ALG-INDEP] Found 7 pivot columns
[ Info: [DEBUG-ALG-INDEP] Selected 7 equations (current_rank=7)
[ Info: [DEBUG-ALG-INDEP] Returning: output_ids=[1, 2, 3, 4, 5, 6, 7], alg_indep has 0 vars
[ Info: Reduced polynomial system to 7 equations
┌ Info: [SI-MAP] Extending DerivativeData support for SI template
│   current_order = -1
└   required_order = 5
[ Info: Checking identifiability
┌ Warning: There are no parameters in the given ODE, thus no identifiabile
│ functions.
│ Use `find_identifiable_functions` with keyword `with_states=true` to
│ compute the functions with the ODE states included.
└ @ StructuralIdentifiability ~/ParameterEstimationBenchmark-local/environments/StructuralIdentifiability.jl/src/identifiable_functions.jl:97
┌ Info: [SI-STRUCTURAL] SIAN/SI template summary
│   template_equation_count = 7
│   derivative_symbol_count = 12
│   max_derivative_order = 5
│   structural_unidentifiable_count = 1
└   identifiable_function_count = 1
┌ Info: [SI-MAP] Classified symbolic SI support variables while converting SIAN output
│   counts =
│    Dict{Symbol, Int64} with 2 entries:
│      :state_jet        => 2
│      :measured_rhs_jet => 5
│   samples =
│    Dict{Symbol, Vector{String}} with 2 entries:
│      :state_jet        => ["x6_0", "x6_1"]
└      :measured_rhs_jet => ["x5_0", "x4_0", "x5_1", "x4_1", "x5_2"]
[ Info: Getting equation system from StructuralIdentifiability.jl
[ Info: Converting ODESystem to SI.jl format
┌ Warning: Floating point value -3.2559961249944203 will be converted to -240400561//73833184.
└ @ ModelingToolkitSIExt ~/ParameterEstimationBenchmark-local/environments/StructuralIdentifiability.jl/ext/ModelingToolkitSIExt.jl:78
┌ Warning: Floating point value 8.0 will be converted to 8.
└ @ ModelingToolkitSIExt ~/ParameterEstimationBenchmark-local/environments/StructuralIdentifiability.jl/ext/ModelingToolkitSIExt.jl:78
┌ Warning: Floating point value 2.215991324332455 will be converted to 63592908//28697273.
└ @ ModelingToolkitSIExt ~/ParameterEstimationBenchmark-local/environments/StructuralIdentifiability.jl/ext/ModelingToolkitSIExt.jl:78
┌ Warning: Floating point value 8.0 will be converted to 8.
└ @ ModelingToolkitSIExt ~/ParameterEstimationBenchmark-local/environments/StructuralIdentifiability.jl/ext/ModelingToolkitSIExt.jl:78
┌ Warning: Floating point value -0.4954576960519891 will be converted to -67554605//136347877.
└ @ ModelingToolkitSIExt ~/ParameterEstimationBenchmark-local/environments/StructuralIdentifiability.jl/ext/ModelingToolkitSIExt.jl:78
┌ Warning: Floating point value 10.631418086864144 will be converted to 205313170//19311927.
└ @ ModelingToolkitSIExt ~/ParameterEstimationBenchmark-local/environments/StructuralIdentifiability.jl/ext/ModelingToolkitSIExt.jl:78
┌ Warning: Floating point value 0.5 will be converted to 1//2.
└ @ ModelingToolkitSIExt ~/ParameterEstimationBenchmark-local/environments/StructuralIdentifiability.jl/ext/ModelingToolkitSIExt.jl:78
┌ Warning: Floating point value 0.5 will be converted to 1//2.
└ @ ModelingToolkitSIExt ~/ParameterEstimationBenchmark-local/environments/StructuralIdentifiability.jl/ext/ModelingToolkitSIExt.jl:78
┌ Warning: Floating point value 3.2559961249944203 will be converted to 240400561//73833184.
└ @ ModelingToolkitSIExt ~/ParameterEstimationBenchmark-local/environments/StructuralIdentifiability.jl/ext/ModelingToolkitSIExt.jl:78
┌ Warning: Floating point value 2.215991324332455 will be converted to 63592908//28697273.
└ @ ModelingToolkitSIExt ~/ParameterEstimationBenchmark-local/environments/StructuralIdentifiability.jl/ext/ModelingToolkitSIExt.jl:78
┌ Warning: Floating point value 8.0 will be converted to 8.
└ @ ModelingToolkitSIExt ~/ParameterEstimationBenchmark-local/environments/StructuralIdentifiability.jl/ext/ModelingToolkitSIExt.jl:78
┌ Warning: Floating point value 0.5 will be converted to 1//2.
└ @ ModelingToolkitSIExt ~/ParameterEstimationBenchmark-local/environments/StructuralIdentifiability.jl/ext/ModelingToolkitSIExt.jl:78
┌ Warning: Floating point value 0.006514444800538534 will be converted to 4095129//628622872.
└ @ ModelingToolkitSIExt ~/ParameterEstimationBenchmark-local/environments/StructuralIdentifiability.jl/ext/ModelingToolkitSIExt.jl:78
┌ Warning: Floating point value -11.733424585379037 will be converted to -326831233//27854718.
└ @ ModelingToolkitSIExt ~/ParameterEstimationBenchmark-local/environments/StructuralIdentifiability.jl/ext/ModelingToolkitSIExt.jl:78
┌ Warning: Floating point value -0.5 will be converted to -1//2.
└ @ ModelingToolkitSIExt ~/ParameterEstimationBenchmark-local/environments/StructuralIdentifiability.jl/ext/ModelingToolkitSIExt.jl:78
┌ Warning: Floating point value 0.4954576960519891 will be converted to 67554605//136347877.
└ @ ModelingToolkitSIExt ~/ParameterEstimationBenchmark-local/environments/StructuralIdentifiability.jl/ext/ModelingToolkitSIExt.jl:78
┌ Warning: Floating point value 10.631418086864144 will be converted to 205313170//19311927.
└ @ ModelingToolkitSIExt ~/ParameterEstimationBenchmark-local/environments/StructuralIdentifiability.jl/ext/ModelingToolkitSIExt.jl:78
┌ Warning: Floating point value 0.5 will be converted to 1//2.
└ @ ModelingToolkitSIExt ~/ParameterEstimationBenchmark-local/environments/StructuralIdentifiability.jl/ext/ModelingToolkitSIExt.jl:78
┌ Warning: Floating point value 0.5 will be converted to 1//2.
└ @ ModelingToolkitSIExt ~/ParameterEstimationBenchmark-local/environments/StructuralIdentifiability.jl/ext/ModelingToolkitSIExt.jl:78
┌ Warning: Floating point value 0.5 will be converted to 1//2.
└ @ ModelingToolkitSIExt ~/ParameterEstimationBenchmark-local/environments/StructuralIdentifiability.jl/ext/ModelingToolkitSIExt.jl:78
┌ Warning: Floating point value -0.013028889601077068 will be converted to -4095129//314311436.
└ @ ModelingToolkitSIExt ~/ParameterEstimationBenchmark-local/environments/StructuralIdentifiability.jl/ext/ModelingToolkitSIExt.jl:78
┌ Warning: Floating point value -11.733424585379037 will be converted to -326831233//27854718.
└ @ ModelingToolkitSIExt ~/ParameterEstimationBenchmark-local/environments/StructuralIdentifiability.jl/ext/ModelingToolkitSIExt.jl:78
┌ Warning: Floating point value -0.5 will be converted to -1//2.
└ @ ModelingToolkitSIExt ~/ParameterEstimationBenchmark-local/environments/StructuralIdentifiability.jl/ext/ModelingToolkitSIExt.jl:78
┌ Warning: Floating point value 8.0 will be converted to 8.
└ @ ModelingToolkitSIExt ~/ParameterEstimationBenchmark-local/environments/StructuralIdentifiability.jl/ext/ModelingToolkitSIExt.jl:78
┌ Warning: Floating point value 0.5 will be converted to 1//2.
└ @ ModelingToolkitSIExt ~/ParameterEstimationBenchmark-local/environments/StructuralIdentifiability.jl/ext/ModelingToolkitSIExt.jl:78
[ Info: Getting polynomial system from SIAN
[ Info: Built polynomial system with 9 equations
[ Info: [SI-TEMPLATE] algebraic_multiplicity M = 1  (setup 0.0s, Groebner 0.0s, quotient_basis 0.0s, ring: 8 vars × 10 polys)
[ Info: [DEBUG-ALG-INDEP] Input: 9 equations, 7 indeterminates
[ Info: [DEBUG-ALG-INDEP] Jacobian size: (9, 7)
[ Info: [DEBUG-ALG-INDEP] Jacobian rank: 7
[ Info: [DEBUG-ALG-INDEP] Found 7 pivot columns
[ Info: [DEBUG-ALG-INDEP] Selected 7 equations (current_rank=7)
[ Info: [DEBUG-ALG-INDEP] Returning: output_ids=[1, 2, 3, 4, 5, 6, 7], alg_indep has 0 vars
[ Info: Reduced polynomial system to 7 equations
┌ Info: [SI-MAP] Extending DerivativeData support for SI template
│   current_order = -1
└   required_order = 5
[ Info: Checking identifiability
┌ Warning: There are no parameters in the given ODE, thus no identifiabile
│ functions.
│ Use `find_identifiable_functions` with keyword `with_states=true` to
│ compute the functions with the ODE states included.
└ @ StructuralIdentifiability ~/ParameterEstimationBenchmark-local/environments/StructuralIdentifiability.jl/src/identifiable_functions.jl:97
┌ Info: [SI-STRUCTURAL] SIAN/SI template summary
│   template_equation_count = 7
│   derivative_symbol_count = 12
│   max_derivative_order = 5
│   structural_unidentifiable_count = 1
└   identifiable_function_count = 1
[CAND 482] ok  max=443b  0.2s
[CAND 485] ok  max=436b  0.3s
[CAND 486] ok  max=457b  0.1s
[CAND 488] ok  max=427b  0.2s
[CAND 489] ok  max=439b  0.2s
┌ Info: [SI-MAP] Classified symbolic SI support variables while converting SIAN output
│   counts =
│    Dict{Symbol, Int64} with 2 entries:
│      :state_jet        => 2
│      :measured_rhs_jet => 5
│   samples =
│    Dict{Symbol, Vector{String}} with 2 entries:
│      :state_jet        => ["x6_0", "x6_1"]
└      :measured_rhs_jet => ["x5_0", "x4_0", "x5_1", "x4_1", "x5_2"]
[ Info: Getting equation system from StructuralIdentifiability.jl
[ Info: Converting ODESystem to SI.jl format
┌ Warning: Floating point value -3.255995851389275 will be converted to -116099819//35657238.
└ @ ModelingToolkitSIExt ~/ParameterEstimationBenchmark-local/environments/StructuralIdentifiability.jl/ext/ModelingToolkitSIExt.jl:78
┌ Warning: Floating point value 8.0 will be converted to 8.
└ @ ModelingToolkitSIExt ~/ParameterEstimationBenchmark-local/environments/StructuralIdentifiability.jl/ext/ModelingToolkitSIExt.jl:78
┌ Warning: Floating point value 2.2159909008695835 will be converted to 199181581//89883754.
└ @ ModelingToolkitSIExt ~/ParameterEstimationBenchmark-local/environments/StructuralIdentifiability.jl/ext/ModelingToolkitSIExt.jl:78
┌ Warning: Floating point value 8.0 will be converted to 8.
└ @ ModelingToolkitSIExt ~/ParameterEstimationBenchmark-local/environments/StructuralIdentifiability.jl/ext/ModelingToolkitSIExt.jl:78
┌ Warning: Floating point value -0.14664295957019327 will be converted to -62177467//424005811.
└ @ ModelingToolkitSIExt ~/ParameterEstimationBenchmark-local/environments/StructuralIdentifiability.jl/ext/ModelingToolkitSIExt.jl:78
┌ Warning: Floating point value 31.337114435662556 will be converted to 1821666699//58131284.
└ @ ModelingToolkitSIExt ~/ParameterEstimationBenchmark-local/environments/StructuralIdentifiability.jl/ext/ModelingToolkitSIExt.jl:78
┌ Warning: Floating point value 0.5 will be converted to 1//2.
└ @ ModelingToolkitSIExt ~/ParameterEstimationBenchmark-local/environments/StructuralIdentifiability.jl/ext/ModelingToolkitSIExt.jl:78
┌ Warning: Floating point value 0.5 will be converted to 1//2.
└ @ ModelingToolkitSIExt ~/ParameterEstimationBenchmark-local/environments/StructuralIdentifiability.jl/ext/ModelingToolkitSIExt.jl:78
┌ Warning: Floating point value 3.255995851389275 will be converted to 116099819//35657238.
└ @ ModelingToolkitSIExt ~/ParameterEstimationBenchmark-local/environments/StructuralIdentifiability.jl/ext/ModelingToolkitSIExt.jl:78
┌ Warning: Floating point value 2.2159909008695835 will be converted to 199181581//89883754.
└ @ ModelingToolkitSIExt ~/ParameterEstimationBenchmark-local/environments/StructuralIdentifiability.jl/ext/ModelingToolkitSIExt.jl:78
┌ Warning: Floating point value 8.0 will be converted to 8.
└ @ ModelingToolkitSIExt ~/ParameterEstimationBenchmark-local/environments/StructuralIdentifiability.jl/ext/ModelingToolkitSIExt.jl:78
┌ Warning: Floating point value 0.5 will be converted to 1//2.
└ @ ModelingToolkitSIExt ~/ParameterEstimationBenchmark-local/environments/StructuralIdentifiability.jl/ext/ModelingToolkitSIExt.jl:78
┌ Warning: Floating point value -0.0033489112992989446 will be converted to -2722589//812977340.
└ @ ModelingToolkitSIExt ~/ParameterEstimationBenchmark-local/environments/StructuralIdentifiability.jl/ext/ModelingToolkitSIExt.jl:78
┌ Warning: Floating point value -30.309143994342964 will be converted to -415549427//13710365.
└ @ ModelingToolkitSIExt ~/ParameterEstimationBenchmark-local/environments/StructuralIdentifiability.jl/ext/ModelingToolkitSIExt.jl:78
┌ Warning: Floating point value -0.5 will be converted to -1//2.
└ @ ModelingToolkitSIExt ~/ParameterEstimationBenchmark-local/environments/StructuralIdentifiability.jl/ext/ModelingToolkitSIExt.jl:78
┌ Warning: Floating point value 0.14664295957019327 will be converted to 62177467//424005811.
└ @ ModelingToolkitSIExt ~/ParameterEstimationBenchmark-local/environments/StructuralIdentifiability.jl/ext/ModelingToolkitSIExt.jl:78
┌ Warning: Floating point value 31.337114435662556 will be converted to 1821666699//58131284.
└ @ ModelingToolkitSIExt ~/ParameterEstimationBenchmark-local/environments/StructuralIdentifiability.jl/ext/ModelingToolkitSIExt.jl:78
┌ Warning: Floating point value 0.5 will be converted to 1//2.
└ @ ModelingToolkitSIExt ~/ParameterEstimationBenchmark-local/environments/StructuralIdentifiability.jl/ext/ModelingToolkitSIExt.jl:78
┌ Warning: Floating point value 0.5 will be converted to 1//2.
└ @ ModelingToolkitSIExt ~/ParameterEstimationBenchmark-local/environments/StructuralIdentifiability.jl/ext/ModelingToolkitSIExt.jl:78
┌ Warning: Floating point value 0.5 will be converted to 1//2.
└ @ ModelingToolkitSIExt ~/ParameterEstimationBenchmark-local/environments/StructuralIdentifiability.jl/ext/ModelingToolkitSIExt.jl:78
┌ Warning: Floating point value 0.006697822598597889 will be converted to 2722589//406488670.
└ @ ModelingToolkitSIExt ~/ParameterEstimationBenchmark-local/environments/StructuralIdentifiability.jl/ext/ModelingToolkitSIExt.jl:78
┌ Warning: Floating point value -30.309143994342964 will be converted to -415549427//13710365.
└ @ ModelingToolkitSIExt ~/ParameterEstimationBenchmark-local/environments/StructuralIdentifiability.jl/ext/ModelingToolkitSIExt.jl:78
┌ Warning: Floating point value -0.5 will be converted to -1//2.
└ @ ModelingToolkitSIExt ~/ParameterEstimationBenchmark-local/environments/StructuralIdentifiability.jl/ext/ModelingToolkitSIExt.jl:78
┌ Warning: Floating point value 8.0 will be converted to 8.
└ @ ModelingToolkitSIExt ~/ParameterEstimationBenchmark-local/environments/StructuralIdentifiability.jl/ext/ModelingToolkitSIExt.jl:78
┌ Warning: Floating point value 0.5 will be converted to 1//2.
└ @ ModelingToolkitSIExt ~/ParameterEstimationBenchmark-local/environments/StructuralIdentifiability.jl/ext/ModelingToolkitSIExt.jl:78
[ Info: Getting polynomial system from SIAN
[ Info: Built polynomial system with 9 equations
[ Info: [SI-TEMPLATE] algebraic_multiplicity M = 1  (setup 0.0s, Groebner 0.0s, quotient_basis 0.0s, ring: 8 vars × 10 polys)
[ Info: [DEBUG-ALG-INDEP] Input: 9 equations, 7 indeterminates
[ Info: [DEBUG-ALG-INDEP] Jacobian size: (9, 7)
[ Info: [DEBUG-ALG-INDEP] Jacobian rank: 7
[ Info: [DEBUG-ALG-INDEP] Found 7 pivot columns
[ Info: [DEBUG-ALG-INDEP] Selected 7 equations (current_rank=7)
[ Info: [DEBUG-ALG-INDEP] Returning: output_ids=[1, 2, 3, 4, 5, 6, 7], alg_indep has 0 vars
[ Info: Reduced polynomial system to 7 equations
┌ Info: [SI-MAP] Extending DerivativeData support for SI template
│   current_order = -1
└   required_order = 5
[ Info: Checking identifiability
┌ Warning: There are no parameters in the given ODE, thus no identifiabile
│ functions.
│ Use `find_identifiable_functions` with keyword `with_states=true` to
│ compute the functions with the ODE states included.
└ @ StructuralIdentifiability ~/ParameterEstimationBenchmark-local/environments/StructuralIdentifiability.jl/src/identifiable_functions.jl:97
┌ Info: [SI-STRUCTURAL] SIAN/SI template summary
│   template_equation_count = 7
│   derivative_symbol_count = 12
│   max_derivative_order = 5
│   structural_unidentifiable_count = 1
└   identifiable_function_count = 1
┌ Info: [SI-MAP] Classified symbolic SI support variables while converting SIAN output
│   counts =
│    Dict{Symbol, Int64} with 2 entries:
│      :state_jet        => 2
│      :measured_rhs_jet => 5
│   samples =
│    Dict{Symbol, Vector{String}} with 2 entries:
│      :state_jet        => ["x6_0", "x6_1"]
└      :measured_rhs_jet => ["x5_0", "x4_0", "x5_1", "x4_1", "x5_2"]
[ Info: Getting equation system from StructuralIdentifiability.jl
[ Info: Converting ODESystem to SI.jl format
┌ Warning: Floating point value -3.255995851389275 will be converted to -116099819//35657238.
└ @ ModelingToolkitSIExt ~/ParameterEstimationBenchmark-local/environments/StructuralIdentifiability.jl/ext/ModelingToolkitSIExt.jl:78
┌ Warning: Floating point value 8.0 will be converted to 8.
└ @ ModelingToolkitSIExt ~/ParameterEstimationBenchmark-local/environments/StructuralIdentifiability.jl/ext/ModelingToolkitSIExt.jl:78
┌ Warning: Floating point value 2.2159909008695835 will be converted to 199181581//89883754.
└ @ ModelingToolkitSIExt ~/ParameterEstimationBenchmark-local/environments/StructuralIdentifiability.jl/ext/ModelingToolkitSIExt.jl:78
┌ Warning: Floating point value 8.0 will be converted to 8.
└ @ ModelingToolkitSIExt ~/ParameterEstimationBenchmark-local/environments/StructuralIdentifiability.jl/ext/ModelingToolkitSIExt.jl:78
┌ Warning: Floating point value -0.388772027275127 will be converted to -71902093//184946673.
└ @ ModelingToolkitSIExt ~/ParameterEstimationBenchmark-local/environments/StructuralIdentifiability.jl/ext/ModelingToolkitSIExt.jl:78
┌ Warning: Floating point value 7.622867452680045 will be converted to 181959081//23870162.
└ @ ModelingToolkitSIExt ~/ParameterEstimationBenchmark-local/environments/StructuralIdentifiability.jl/ext/ModelingToolkitSIExt.jl:78
┌ Warning: Floating point value 0.5 will be converted to 1//2.
└ @ ModelingToolkitSIExt ~/ParameterEstimationBenchmark-local/environments/StructuralIdentifiability.jl/ext/ModelingToolkitSIExt.jl:78
┌ Warning: Floating point value 0.5 will be converted to 1//2.
└ @ ModelingToolkitSIExt ~/ParameterEstimationBenchmark-local/environments/StructuralIdentifiability.jl/ext/ModelingToolkitSIExt.jl:78
┌ Warning: Floating point value 3.255995851389275 will be converted to 116099819//35657238.
└ @ ModelingToolkitSIExt ~/ParameterEstimationBenchmark-local/environments/StructuralIdentifiability.jl/ext/ModelingToolkitSIExt.jl:78
┌ Warning: Floating point value 2.2159909008695835 will be converted to 199181581//89883754.
└ @ ModelingToolkitSIExt ~/ParameterEstimationBenchmark-local/environments/StructuralIdentifiability.jl/ext/ModelingToolkitSIExt.jl:78
┌ Warning: Floating point value 8.0 will be converted to 8.
└ @ ModelingToolkitSIExt ~/ParameterEstimationBenchmark-local/environments/StructuralIdentifiability.jl/ext/ModelingToolkitSIExt.jl:78
┌ Warning: Floating point value 0.5 will be converted to 1//2.
└ @ ModelingToolkitSIExt ~/ParameterEstimationBenchmark-local/environments/StructuralIdentifiability.jl/ext/ModelingToolkitSIExt.jl:78
┌ Warning: Floating point value 0.008896792873850175 will be converted to 3503379//393779989.
└ @ ModelingToolkitSIExt ~/ParameterEstimationBenchmark-local/environments/StructuralIdentifiability.jl/ext/ModelingToolkitSIExt.jl:78
┌ Warning: Floating point value -8.130713584393716 will be converted to -650615221//80019449.
└ @ ModelingToolkitSIExt ~/ParameterEstimationBenchmark-local/environments/StructuralIdentifiability.jl/ext/ModelingToolkitSIExt.jl:78
┌ Warning: Floating point value -0.5 will be converted to -1//2.
└ @ ModelingToolkitSIExt ~/ParameterEstimationBenchmark-local/environments/StructuralIdentifiability.jl/ext/ModelingToolkitSIExt.jl:78
┌ Warning: Floating point value 0.388772027275127 will be converted to 71902093//184946673.
└ @ ModelingToolkitSIExt ~/ParameterEstimationBenchmark-local/environments/StructuralIdentifiability.jl/ext/ModelingToolkitSIExt.jl:78
┌ Warning: Floating point value 7.622867452680045 will be converted to 181959081//23870162.
└ @ ModelingToolkitSIExt ~/ParameterEstimationBenchmark-local/environments/StructuralIdentifiability.jl/ext/ModelingToolkitSIExt.jl:78
┌ Warning: Floating point value 0.5 will be converted to 1//2.
└ @ ModelingToolkitSIExt ~/ParameterEstimationBenchmark-local/environments/StructuralIdentifiability.jl/ext/ModelingToolkitSIExt.jl:78
┌ Warning: Floating point value 0.5 will be converted to 1//2.
└ @ ModelingToolkitSIExt ~/ParameterEstimationBenchmark-local/environments/StructuralIdentifiability.jl/ext/ModelingToolkitSIExt.jl:78
┌ Warning: Floating point value 0.5 will be converted to 1//2.
└ @ ModelingToolkitSIExt ~/ParameterEstimationBenchmark-local/environments/StructuralIdentifiability.jl/ext/ModelingToolkitSIExt.jl:78
┌ Warning: Floating point value -0.01779358574770035 will be converted to -7006758//393779989.
└ @ ModelingToolkitSIExt ~/ParameterEstimationBenchmark-local/environments/StructuralIdentifiability.jl/ext/ModelingToolkitSIExt.jl:78
┌ Warning: Floating point value -8.130713584393716 will be converted to -650615221//80019449.
└ @ ModelingToolkitSIExt ~/ParameterEstimationBenchmark-local/environments/StructuralIdentifiability.jl/ext/ModelingToolkitSIExt.jl:78
┌ Warning: Floating point value -0.5 will be converted to -1//2.
└ @ ModelingToolkitSIExt ~/ParameterEstimationBenchmark-local/environments/StructuralIdentifiability.jl/ext/ModelingToolkitSIExt.jl:78
┌ Warning: Floating point value 8.0 will be converted to 8.
└ @ ModelingToolkitSIExt ~/ParameterEstimationBenchmark-local/environments/StructuralIdentifiability.jl/ext/ModelingToolkitSIExt.jl:78
┌ Warning: Floating point value 0.5 will be converted to 1//2.
└ @ ModelingToolkitSIExt ~/ParameterEstimationBenchmark-local/environments/StructuralIdentifiability.jl/ext/ModelingToolkitSIExt.jl:78
[ Info: Getting polynomial system from SIAN
[ Info: Built polynomial system with 9 equations
[ Info: [SI-TEMPLATE] algebraic_multiplicity M = 1  (setup 0.0s, Groebner 0.0s, quotient_basis 0.0s, ring: 8 vars × 10 polys)
[ Info: [DEBUG-ALG-INDEP] Input: 9 equations, 7 indeterminates
[ Info: [DEBUG-ALG-INDEP] Jacobian size: (9, 7)
[ Info: [DEBUG-ALG-INDEP] Jacobian rank: 7
[ Info: [DEBUG-ALG-INDEP] Found 7 pivot columns
[ Info: [DEBUG-ALG-INDEP] Selected 7 equations (current_rank=7)
[ Info: [DEBUG-ALG-INDEP] Returning: output_ids=[1, 2, 3, 4, 5, 6, 7], alg_indep has 0 vars
[ Info: Reduced polynomial system to 7 equations
┌ Info: [SI-MAP] Extending DerivativeData support for SI template
│   current_order = -1
└   required_order = 5
[ Info: Checking identifiability
┌ Warning: There are no parameters in the given ODE, thus no identifiabile
│ functions.
│ Use `find_identifiable_functions` with keyword `with_states=true` to
│ compute the functions with the ODE states included.
└ @ StructuralIdentifiability ~/ParameterEstimationBenchmark-local/environments/StructuralIdentifiability.jl/src/identifiable_functions.jl:97
┌ Info: [SI-STRUCTURAL] SIAN/SI template summary
│   template_equation_count = 7
│   derivative_symbol_count = 12
│   max_derivative_order = 5
│   structural_unidentifiable_count = 1
└   identifiable_function_count = 1
┌ Info: [SI-MAP] Classified symbolic SI support variables while converting SIAN output
│   counts =
│    Dict{Symbol, Int64} with 2 entries:
│      :state_jet        => 2
│      :measured_rhs_jet => 5
│   samples =
│    Dict{Symbol, Vector{String}} with 2 entries:
│      :state_jet        => ["x6_0", "x6_1"]
└      :measured_rhs_jet => ["x5_0", "x4_0", "x5_1", "x4_1", "x5_2"]
[ Info: Getting equation system from StructuralIdentifiability.jl
[ Info: Converting ODESystem to SI.jl format
┌ Warning: Floating point value -3.255995636390757 will be converted to -82598068//25367991.
└ @ ModelingToolkitSIExt ~/ParameterEstimationBenchmark-local/environments/StructuralIdentifiability.jl/ext/ModelingToolkitSIExt.jl:78
┌ Warning: Floating point value 8.0 will be converted to 8.
└ @ ModelingToolkitSIExt ~/ParameterEstimationBenchmark-local/environments/StructuralIdentifiability.jl/ext/ModelingToolkitSIExt.jl:78
┌ Warning: Floating point value 2.215990568113086 will be converted to 97861873//44161683.
└ @ ModelingToolkitSIExt ~/ParameterEstimationBenchmark-local/environments/StructuralIdentifiability.jl/ext/ModelingToolkitSIExt.jl:78
┌ Warning: Floating point value 8.0 will be converted to 8.
└ @ ModelingToolkitSIExt ~/ParameterEstimationBenchmark-local/environments/StructuralIdentifiability.jl/ext/ModelingToolkitSIExt.jl:78
┌ Warning: Floating point value -0.30767385796108887 will be converted to -35588577//115669811.
└ @ ModelingToolkitSIExt ~/ParameterEstimationBenchmark-local/environments/StructuralIdentifiability.jl/ext/ModelingToolkitSIExt.jl:78
┌ Warning: Floating point value 5.319489829397169 will be converted to 31016227//5830677.
└ @ ModelingToolkitSIExt ~/ParameterEstimationBenchmark-local/environments/StructuralIdentifiability.jl/ext/ModelingToolkitSIExt.jl:78
┌ Warning: Floating point value 0.5 will be converted to 1//2.
└ @ ModelingToolkitSIExt ~/ParameterEstimationBenchmark-local/environments/StructuralIdentifiability.jl/ext/ModelingToolkitSIExt.jl:78
┌ Warning: Floating point value 0.5 will be converted to 1//2.
└ @ ModelingToolkitSIExt ~/ParameterEstimationBenchmark-local/environments/StructuralIdentifiability.jl/ext/ModelingToolkitSIExt.jl:78
┌ Warning: Floating point value 3.255995636390757 will be converted to 82598068//25367991.
└ @ ModelingToolkitSIExt ~/ParameterEstimationBenchmark-local/environments/StructuralIdentifiability.jl/ext/ModelingToolkitSIExt.jl:78
┌ Warning: Floating point value 2.215990568113086 will be converted to 97861873//44161683.
└ @ ModelingToolkitSIExt ~/ParameterEstimationBenchmark-local/environments/StructuralIdentifiability.jl/ext/ModelingToolkitSIExt.jl:78
┌ Warning: Floating point value 8.0 will be converted to 8.
└ @ ModelingToolkitSIExt ~/ParameterEstimationBenchmark-local/environments/StructuralIdentifiability.jl/ext/ModelingToolkitSIExt.jl:78
┌ Warning: Floating point value 0.5 will be converted to 1//2.
└ @ ModelingToolkitSIExt ~/ParameterEstimationBenchmark-local/environments/StructuralIdentifiability.jl/ext/ModelingToolkitSIExt.jl:78
┌ Warning: Floating point value 0.01224376051163481 will be converted to 30126345//2460546739.
└ @ ModelingToolkitSIExt ~/ParameterEstimationBenchmark-local/environments/StructuralIdentifiability.jl/ext/ModelingToolkitSIExt.jl:78
┌ Warning: Floating point value -5.400265418286155 will be converted to -96404577//17851822.
└ @ ModelingToolkitSIExt ~/ParameterEstimationBenchmark-local/environments/StructuralIdentifiability.jl/ext/ModelingToolkitSIExt.jl:78
┌ Warning: Floating point value -0.5 will be converted to -1//2.
└ @ ModelingToolkitSIExt ~/ParameterEstimationBenchmark-local/environments/StructuralIdentifiability.jl/ext/ModelingToolkitSIExt.jl:78
┌ Warning: Floating point value 0.30767385796108887 will be converted to 35588577//115669811.
└ @ ModelingToolkitSIExt ~/ParameterEstimationBenchmark-local/environments/StructuralIdentifiability.jl/ext/ModelingToolkitSIExt.jl:78
┌ Warning: Floating point value 5.319489829397169 will be converted to 31016227//5830677.
└ @ ModelingToolkitSIExt ~/ParameterEstimationBenchmark-local/environments/StructuralIdentifiability.jl/ext/ModelingToolkitSIExt.jl:78
┌ Warning: Floating point value 0.5 will be converted to 1//2.
└ @ ModelingToolkitSIExt ~/ParameterEstimationBenchmark-local/environments/StructuralIdentifiability.jl/ext/ModelingToolkitSIExt.jl:78
┌ Warning: Floating point value 0.5 will be converted to 1//2.
└ @ ModelingToolkitSIExt ~/ParameterEstimationBenchmark-local/environments/StructuralIdentifiability.jl/ext/ModelingToolkitSIExt.jl:78
┌ Warning: Floating point value 0.5 will be converted to 1//2.
└ @ ModelingToolkitSIExt ~/ParameterEstimationBenchmark-local/environments/StructuralIdentifiability.jl/ext/ModelingToolkitSIExt.jl:78
┌ Warning: Floating point value -0.02448752102326962 will be converted to -31362739//1280764148.
└ @ ModelingToolkitSIExt ~/ParameterEstimationBenchmark-local/environments/StructuralIdentifiability.jl/ext/ModelingToolkitSIExt.jl:78
┌ Warning: Floating point value -5.400265418286155 will be converted to -96404577//17851822.
└ @ ModelingToolkitSIExt ~/ParameterEstimationBenchmark-local/environments/StructuralIdentifiability.jl/ext/ModelingToolkitSIExt.jl:78
┌ Warning: Floating point value -0.5 will be converted to -1//2.
└ @ ModelingToolkitSIExt ~/ParameterEstimationBenchmark-local/environments/StructuralIdentifiability.jl/ext/ModelingToolkitSIExt.jl:78
┌ Warning: Floating point value 8.0 will be converted to 8.
└ @ ModelingToolkitSIExt ~/ParameterEstimationBenchmark-local/environments/StructuralIdentifiability.jl/ext/ModelingToolkitSIExt.jl:78
┌ Warning: Floating point value 0.5 will be converted to 1//2.
└ @ ModelingToolkitSIExt ~/ParameterEstimationBenchmark-local/environments/StructuralIdentifiability.jl/ext/ModelingToolkitSIExt.jl:78
[ Info: Getting polynomial system from SIAN
[ Info: Built polynomial system with 9 equations
[ Info: [SI-TEMPLATE] algebraic_multiplicity M = 1  (setup 0.0s, Groebner 0.0s, quotient_basis 0.0s, ring: 8 vars × 10 polys)
[ Info: [DEBUG-ALG-INDEP] Input: 9 equations, 7 indeterminates
[ Info: [DEBUG-ALG-INDEP] Jacobian size: (9, 7)
[ Info: [DEBUG-ALG-INDEP] Jacobian rank: 7
[ Info: [DEBUG-ALG-INDEP] Found 7 pivot columns
[ Info: [DEBUG-ALG-INDEP] Selected 7 equations (current_rank=7)
[ Info: [DEBUG-ALG-INDEP] Returning: output_ids=[1, 2, 3, 4, 5, 6, 7], alg_indep has 0 vars
[ Info: Reduced polynomial system to 7 equations
┌ Info: [SI-MAP] Extending DerivativeData support for SI template
│   current_order = -1
└   required_order = 5
[ Info: Checking identifiability
┌ Warning: There are no parameters in the given ODE, thus no identifiabile
│ functions.
│ Use `find_identifiable_functions` with keyword `with_states=true` to
│ compute the functions with the ODE states included.
└ @ StructuralIdentifiability ~/ParameterEstimationBenchmark-local/environments/StructuralIdentifiability.jl/src/identifiable_functions.jl:97
┌ Info: [SI-STRUCTURAL] SIAN/SI template summary
│   template_equation_count = 7
│   derivative_symbol_count = 12
│   max_derivative_order = 5
│   structural_unidentifiable_count = 1
└   identifiable_function_count = 1
┌ Info: [SI-MAP] Classified symbolic SI support variables while converting SIAN output
│   counts =
│    Dict{Symbol, Int64} with 2 entries:
│      :state_jet        => 2
│      :measured_rhs_jet => 5
│   samples =
│    Dict{Symbol, Vector{String}} with 2 entries:
│      :state_jet        => ["x6_0", "x6_1"]
└      :measured_rhs_jet => ["x5_0", "x4_0", "x5_1", "x4_1", "x5_2"]
[ Info: Getting equation system from StructuralIdentifiability.jl
[ Info: Converting ODESystem to SI.jl format
┌ Warning: Floating point value -3.255995636390757 will be converted to -82598068//25367991.
└ @ ModelingToolkitSIExt ~/ParameterEstimationBenchmark-local/environments/StructuralIdentifiability.jl/ext/ModelingToolkitSIExt.jl:78
┌ Warning: Floating point value 8.0 will be converted to 8.
└ @ ModelingToolkitSIExt ~/ParameterEstimationBenchmark-local/environments/StructuralIdentifiability.jl/ext/ModelingToolkitSIExt.jl:78
┌ Warning: Floating point value 2.215990568113086 will be converted to 97861873//44161683.
└ @ ModelingToolkitSIExt ~/ParameterEstimationBenchmark-local/environments/StructuralIdentifiability.jl/ext/ModelingToolkitSIExt.jl:78
┌ Warning: Floating point value 8.0 will be converted to 8.
└ @ ModelingToolkitSIExt ~/ParameterEstimationBenchmark-local/environments/StructuralIdentifiability.jl/ext/ModelingToolkitSIExt.jl:78
┌ Warning: Floating point value -0.14704806001134574 will be converted to -19408066//131984509.
└ @ ModelingToolkitSIExt ~/ParameterEstimationBenchmark-local/environments/StructuralIdentifiability.jl/ext/ModelingToolkitSIExt.jl:78
┌ Warning: Floating point value 64.88767547934954 will be converted to 369491902//5694331.
└ @ ModelingToolkitSIExt ~/ParameterEstimationBenchmark-local/environments/StructuralIdentifiability.jl/ext/ModelingToolkitSIExt.jl:78
┌ Warning: Floating point value 0.5 will be converted to 1//2.
└ @ ModelingToolkitSIExt ~/ParameterEstimationBenchmark-local/environments/StructuralIdentifiability.jl/ext/ModelingToolkitSIExt.jl:78
┌ Warning: Floating point value 0.5 will be converted to 1//2.
└ @ ModelingToolkitSIExt ~/ParameterEstimationBenchmark-local/environments/StructuralIdentifiability.jl/ext/ModelingToolkitSIExt.jl:78
┌ Warning: Floating point value 3.255995636390757 will be converted to 82598068//25367991.
└ @ ModelingToolkitSIExt ~/ParameterEstimationBenchmark-local/environments/StructuralIdentifiability.jl/ext/ModelingToolkitSIExt.jl:78
┌ Warning: Floating point value 2.215990568113086 will be converted to 97861873//44161683.
└ @ ModelingToolkitSIExt ~/ParameterEstimationBenchmark-local/environments/StructuralIdentifiability.jl/ext/ModelingToolkitSIExt.jl:78
┌ Warning: Floating point value 8.0 will be converted to 8.
└ @ ModelingToolkitSIExt ~/ParameterEstimationBenchmark-local/environments/StructuralIdentifiability.jl/ext/ModelingToolkitSIExt.jl:78
┌ Warning: Floating point value 0.5 will be converted to 1//2.
└ @ ModelingToolkitSIExt ~/ParameterEstimationBenchmark-local/environments/StructuralIdentifiability.jl/ext/ModelingToolkitSIExt.jl:78
┌ Warning: Floating point value -0.001547608195476338 will be converted to -5213853//3368974793.
└ @ ModelingToolkitSIExt ~/ParameterEstimationBenchmark-local/environments/StructuralIdentifiability.jl/ext/ModelingToolkitSIExt.jl:78
┌ Warning: Floating point value -63.858829385771585 will be converted to -986764576//15452281.
└ @ ModelingToolkitSIExt ~/ParameterEstimationBenchmark-local/environments/StructuralIdentifiability.jl/ext/ModelingToolkitSIExt.jl:78
┌ Warning: Floating point value -0.5 will be converted to -1//2.
└ @ ModelingToolkitSIExt ~/ParameterEstimationBenchmark-local/environments/StructuralIdentifiability.jl/ext/ModelingToolkitSIExt.jl:78
┌ Warning: Floating point value 0.14704806001134574 will be converted to 19408066//131984509.
└ @ ModelingToolkitSIExt ~/ParameterEstimationBenchmark-local/environments/StructuralIdentifiability.jl/ext/ModelingToolkitSIExt.jl:78
┌ Warning: Floating point value 64.88767547934954 will be converted to 369491902//5694331.
└ @ ModelingToolkitSIExt ~/ParameterEstimationBenchmark-local/environments/StructuralIdentifiability.jl/ext/ModelingToolkitSIExt.jl:78
┌ Warning: Floating point value 0.5 will be converted to 1//2.
└ @ ModelingToolkitSIExt ~/ParameterEstimationBenchmark-local/environments/StructuralIdentifiability.jl/ext/ModelingToolkitSIExt.jl:78
┌ Warning: Floating point value 0.5 will be converted to 1//2.
└ @ ModelingToolkitSIExt ~/ParameterEstimationBenchmark-local/environments/StructuralIdentifiability.jl/ext/ModelingToolkitSIExt.jl:78
┌ Warning: Floating point value 0.5 will be converted to 1//2.
└ @ ModelingToolkitSIExt ~/ParameterEstimationBenchmark-local/environments/StructuralIdentifiability.jl/ext/ModelingToolkitSIExt.jl:78
┌ Warning: Floating point value 0.003095216390952676 will be converted to 9491447//3066488995.
└ @ ModelingToolkitSIExt ~/ParameterEstimationBenchmark-local/environments/StructuralIdentifiability.jl/ext/ModelingToolkitSIExt.jl:78
┌ Warning: Floating point value -63.858829385771585 will be converted to -986764576//15452281.
└ @ ModelingToolkitSIExt ~/ParameterEstimationBenchmark-local/environments/StructuralIdentifiability.jl/ext/ModelingToolkitSIExt.jl:78
┌ Warning: Floating point value -0.5 will be converted to -1//2.
└ @ ModelingToolkitSIExt ~/ParameterEstimationBenchmark-local/environments/StructuralIdentifiability.jl/ext/ModelingToolkitSIExt.jl:78
┌ Warning: Floating point value 8.0 will be converted to 8.
└ @ ModelingToolkitSIExt ~/ParameterEstimationBenchmark-local/environments/StructuralIdentifiability.jl/ext/ModelingToolkitSIExt.jl:78
┌ Warning: Floating point value 0.5 will be converted to 1//2.
└ @ ModelingToolkitSIExt ~/ParameterEstimationBenchmark-local/environments/StructuralIdentifiability.jl/ext/ModelingToolkitSIExt.jl:78
[ Info: Getting polynomial system from SIAN
[ Info: Built polynomial system with 9 equations
[ Info: [SI-TEMPLATE] algebraic_multiplicity M = 1  (setup 0.0s, Groebner 0.0s, quotient_basis 0.0s, ring: 8 vars × 10 polys)
[ Info: [DEBUG-ALG-INDEP] Input: 9 equations, 7 indeterminates
[ Info: [DEBUG-ALG-INDEP] Jacobian size: (9, 7)
[ Info: [DEBUG-ALG-INDEP] Jacobian rank: 7
[ Info: [DEBUG-ALG-INDEP] Found 7 pivot columns
[ Info: [DEBUG-ALG-INDEP] Selected 7 equations (current_rank=7)
[ Info: [DEBUG-ALG-INDEP] Returning: output_ids=[1, 2, 3, 4, 5, 6, 7], alg_indep has 0 vars
[ Info: Reduced polynomial system to 7 equations
┌ Info: [SI-MAP] Extending DerivativeData support for SI template
│   current_order = -1
└   required_order = 5
[ Info: Checking identifiability
┌ Warning: There are no parameters in the given ODE, thus no identifiabile
│ functions.
│ Use `find_identifiable_functions` with keyword `with_states=true` to
│ compute the functions with the ODE states included.
└ @ StructuralIdentifiability ~/ParameterEstimationBenchmark-local/environments/StructuralIdentifiability.jl/src/identifiable_functions.jl:97
┌ Info: [SI-STRUCTURAL] SIAN/SI template summary
│   template_equation_count = 7
│   derivative_symbol_count = 12
│   max_derivative_order = 5
│   structural_unidentifiable_count = 1
└   identifiable_function_count = 1
┌ Info: [SI-MAP] Classified symbolic SI support variables while converting SIAN output
│   counts =
│    Dict{Symbol, Int64} with 2 entries:
│      :state_jet        => 2
│      :measured_rhs_jet => 5
│   samples =
│    Dict{Symbol, Vector{String}} with 2 entries:
│      :state_jet        => ["x6_0", "x6_1"]
└      :measured_rhs_jet => ["x5_0", "x4_0", "x5_1", "x4_1", "x5_2"]
[ Info: Getting equation system from StructuralIdentifiability.jl
[ Info: Converting ODESystem to SI.jl format
┌ Warning: Floating point value -3.2559955101915863 will be converted to -414888094//127422809.
└ @ ModelingToolkitSIExt ~/ParameterEstimationBenchmark-local/environments/StructuralIdentifiability.jl/ext/ModelingToolkitSIExt.jl:78
┌ Warning: Floating point value 8.0 will be converted to 8.
└ @ ModelingToolkitSIExt ~/ParameterEstimationBenchmark-local/environments/StructuralIdentifiability.jl/ext/ModelingToolkitSIExt.jl:78
┌ Warning: Floating point value 2.2159903727926973 will be converted to 63365786//28594793.
└ @ ModelingToolkitSIExt ~/ParameterEstimationBenchmark-local/environments/StructuralIdentifiability.jl/ext/ModelingToolkitSIExt.jl:78
┌ Warning: Floating point value 8.0 will be converted to 8.
└ @ ModelingToolkitSIExt ~/ParameterEstimationBenchmark-local/environments/StructuralIdentifiability.jl/ext/ModelingToolkitSIExt.jl:78
┌ Warning: Floating point value -0.25295901543152177 will be converted to -68569082//271067951.
└ @ ModelingToolkitSIExt ~/ParameterEstimationBenchmark-local/environments/StructuralIdentifiability.jl/ext/ModelingToolkitSIExt.jl:78
┌ Warning: Floating point value 3.7409895552256422 will be converted to 250745197//67026436.
└ @ ModelingToolkitSIExt ~/ParameterEstimationBenchmark-local/environments/StructuralIdentifiability.jl/ext/ModelingToolkitSIExt.jl:78
┌ Warning: Floating point value 0.5 will be converted to 1//2.
└ @ ModelingToolkitSIExt ~/ParameterEstimationBenchmark-local/environments/StructuralIdentifiability.jl/ext/ModelingToolkitSIExt.jl:78
┌ Warning: Floating point value 0.5 will be converted to 1//2.
└ @ ModelingToolkitSIExt ~/ParameterEstimationBenchmark-local/environments/StructuralIdentifiability.jl/ext/ModelingToolkitSIExt.jl:78
┌ Warning: Floating point value 3.2559955101915863 will be converted to 414888094//127422809.
└ @ ModelingToolkitSIExt ~/ParameterEstimationBenchmark-local/environments/StructuralIdentifiability.jl/ext/ModelingToolkitSIExt.jl:78
┌ Warning: Floating point value 2.2159903727926973 will be converted to 63365786//28594793.
└ @ ModelingToolkitSIExt ~/ParameterEstimationBenchmark-local/environments/StructuralIdentifiability.jl/ext/ModelingToolkitSIExt.jl:78
┌ Warning: Floating point value 8.0 will be converted to 8.
└ @ ModelingToolkitSIExt ~/ParameterEstimationBenchmark-local/environments/StructuralIdentifiability.jl/ext/ModelingToolkitSIExt.jl:78
┌ Warning: Floating point value 0.5 will be converted to 1//2.
└ @ ModelingToolkitSIExt ~/ParameterEstimationBenchmark-local/environments/StructuralIdentifiability.jl/ext/ModelingToolkitSIExt.jl:78
┌ Warning: Floating point value 0.016218612288953146 will be converted to 10369374//639350261.
└ @ ModelingToolkitSIExt ~/ParameterEstimationBenchmark-local/environments/StructuralIdentifiability.jl/ext/ModelingToolkitSIExt.jl:78
┌ Warning: Floating point value -3.568818941638457 will be converted to -164796742//46176829.
└ @ ModelingToolkitSIExt ~/ParameterEstimationBenchmark-local/environments/StructuralIdentifiability.jl/ext/ModelingToolkitSIExt.jl:78
[CAND 500] ok  max=450b  0.1s
[CAND 501] ok  max=440b  0.2s
[CAND 505] ok  max=433b  0.2s
[CAND 507] ok  max=459b  0.3s
┌ Warning: Floating point value -0.5 will be converted to -1//2.
└ @ ModelingToolkitSIExt ~/ParameterEstimationBenchmark-local/environments/StructuralIdentifiability.jl/ext/ModelingToolkitSIExt.jl:78
┌ Warning: Floating point value 0.25295901543152177 will be converted to 68569082//271067951.
└ @ ModelingToolkitSIExt ~/ParameterEstimationBenchmark-local/environments/StructuralIdentifiability.jl/ext/ModelingToolkitSIExt.jl:78
┌ Warning: Floating point value 3.7409895552256422 will be converted to 250745197//67026436.
└ @ ModelingToolkitSIExt ~/ParameterEstimationBenchmark-local/environments/StructuralIdentifiability.jl/ext/ModelingToolkitSIExt.jl:78
┌ Warning: Floating point value 0.5 will be converted to 1//2.
└ @ ModelingToolkitSIExt ~/ParameterEstimationBenchmark-local/environments/StructuralIdentifiability.jl/ext/ModelingToolkitSIExt.jl:78
┌ Warning: Floating point value 0.5 will be converted to 1//2.
└ @ ModelingToolkitSIExt ~/ParameterEstimationBenchmark-local/environments/StructuralIdentifiability.jl/ext/ModelingToolkitSIExt.jl:78
┌ Warning: Floating point value 0.5 will be converted to 1//2.
└ @ ModelingToolkitSIExt ~/ParameterEstimationBenchmark-local/environments/StructuralIdentifiability.jl/ext/ModelingToolkitSIExt.jl:78
┌ Warning: Floating point value -0.03243722457790629 will be converted to -14181653//437203034.
└ @ ModelingToolkitSIExt ~/ParameterEstimationBenchmark-local/environments/StructuralIdentifiability.jl/ext/ModelingToolkitSIExt.jl:78
┌ Warning: Floating point value -3.568818941638457 will be converted to -164796742//46176829.
└ @ ModelingToolkitSIExt ~/ParameterEstimationBenchmark-local/environments/StructuralIdentifiability.jl/ext/ModelingToolkitSIExt.jl:78
┌ Warning: Floating point value -0.5 will be converted to -1//2.
└ @ ModelingToolkitSIExt ~/ParameterEstimationBenchmark-local/environments/StructuralIdentifiability.jl/ext/ModelingToolkitSIExt.jl:78
┌ Warning: Floating point value 8.0 will be converted to 8.
└ @ ModelingToolkitSIExt ~/ParameterEstimationBenchmark-local/environments/StructuralIdentifiability.jl/ext/ModelingToolkitSIExt.jl:78
┌ Warning: Floating point value 0.5 will be converted to 1//2.
└ @ ModelingToolkitSIExt ~/ParameterEstimationBenchmark-local/environments/StructuralIdentifiability.jl/ext/ModelingToolkitSIExt.jl:78
[ Info: Getting polynomial system from SIAN
[ Info: Built polynomial system with 9 equations
[ Info: [SI-TEMPLATE] algebraic_multiplicity M = 1  (setup 0.0s, Groebner 0.0s, quotient_basis 0.0s, ring: 8 vars × 10 polys)
[ Info: [DEBUG-ALG-INDEP] Input: 9 equations, 7 indeterminates
[ Info: [DEBUG-ALG-INDEP] Jacobian size: (9, 7)
[ Info: [DEBUG-ALG-INDEP] Jacobian rank: 7
[ Info: [DEBUG-ALG-INDEP] Found 7 pivot columns
[ Info: [DEBUG-ALG-INDEP] Selected 7 equations (current_rank=7)
[ Info: [DEBUG-ALG-INDEP] Returning: output_ids=[1, 2, 3, 4, 5, 6, 7], alg_indep has 0 vars
[ Info: Reduced polynomial system to 7 equations
┌ Info: [SI-MAP] Extending DerivativeData support for SI template
│   current_order = -1
└   required_order = 5
[ Info: Checking identifiability
┌ Warning: There are no parameters in the given ODE, thus no identifiabile
│ functions.
│ Use `find_identifiable_functions` with keyword `with_states=true` to
│ compute the functions with the ODE states included.
└ @ StructuralIdentifiability ~/ParameterEstimationBenchmark-local/environments/StructuralIdentifiability.jl/src/identifiable_functions.jl:97
┌ Info: [SI-STRUCTURAL] SIAN/SI template summary
│   template_equation_count = 7
│   derivative_symbol_count = 12
│   max_derivative_order = 5
│   structural_unidentifiable_count = 1
└   identifiable_function_count = 1
┌ Info: [SI-MAP] Classified symbolic SI support variables while converting SIAN output
│   counts =
│    Dict{Symbol, Int64} with 2 entries:
│      :state_jet        => 2
│      :measured_rhs_jet => 5
│   samples =
│    Dict{Symbol, Vector{String}} with 2 entries:
│      :state_jet        => ["x6_0", "x6_1"]
└      :measured_rhs_jet => ["x5_0", "x4_0", "x5_1", "x4_1", "x5_2"]
[ Info: Getting equation system from StructuralIdentifiability.jl
[ Info: Converting ODESystem to SI.jl format
┌ Warning: Floating point value -3.255995510191585 will be converted to -385067994//118264289.
└ @ ModelingToolkitSIExt ~/ParameterEstimationBenchmark-local/environments/StructuralIdentifiability.jl/ext/ModelingToolkitSIExt.jl:78
┌ Warning: Floating point value 8.0 will be converted to 8.
└ @ ModelingToolkitSIExt ~/ParameterEstimationBenchmark-local/environments/StructuralIdentifiability.jl/ext/ModelingToolkitSIExt.jl:78
┌ Warning: Floating point value 2.215990372792696 will be converted to 88017141//39719099.
└ @ ModelingToolkitSIExt ~/ParameterEstimationBenchmark-local/environments/StructuralIdentifiability.jl/ext/ModelingToolkitSIExt.jl:78
┌ Warning: Floating point value 8.0 will be converted to 8.
└ @ ModelingToolkitSIExt ~/ParameterEstimationBenchmark-local/environments/StructuralIdentifiability.jl/ext/ModelingToolkitSIExt.jl:78
┌ Warning: Floating point value -0.14778574646293366 will be converted to -28362277//191914834.
└ @ ModelingToolkitSIExt ~/ParameterEstimationBenchmark-local/environments/StructuralIdentifiability.jl/ext/ModelingToolkitSIExt.jl:78
┌ Warning: Floating point value 1.031253925402604 will be converted to 88657396//85970481.
└ @ ModelingToolkitSIExt ~/ParameterEstimationBenchmark-local/environments/StructuralIdentifiability.jl/ext/ModelingToolkitSIExt.jl:78
┌ Warning: Floating point value 0.5 will be converted to 1//2.
└ @ ModelingToolkitSIExt ~/ParameterEstimationBenchmark-local/environments/StructuralIdentifiability.jl/ext/ModelingToolkitSIExt.jl:78
┌ Warning: Floating point value 0.5 will be converted to 1//2.
└ @ ModelingToolkitSIExt ~/ParameterEstimationBenchmark-local/environments/StructuralIdentifiability.jl/ext/ModelingToolkitSIExt.jl:78
┌ Warning: Floating point value 3.255995510191585 will be converted to 385067994//118264289.
└ @ ModelingToolkitSIExt ~/ParameterEstimationBenchmark-local/environments/StructuralIdentifiability.jl/ext/ModelingToolkitSIExt.jl:78
┌ Warning: Floating point value 2.215990372792696 will be converted to 88017141//39719099.
└ @ ModelingToolkitSIExt ~/ParameterEstimationBenchmark-local/environments/StructuralIdentifiability.jl/ext/ModelingToolkitSIExt.jl:78
┌ Warning: Floating point value 8.0 will be converted to 8.
└ @ ModelingToolkitSIExt ~/ParameterEstimationBenchmark-local/environments/StructuralIdentifiability.jl/ext/ModelingToolkitSIExt.jl:78
┌ Warning: Floating point value 0.5 will be converted to 1//2.
└ @ ModelingToolkitSIExt ~/ParameterEstimationBenchmark-local/environments/StructuralIdentifiability.jl/ext/ModelingToolkitSIExt.jl:78
┌ Warning: Floating point value 0.001319084610993761 will be converted to 1041227//789355733.
└ @ ModelingToolkitSIExt ~/ParameterEstimationBenchmark-local/environments/StructuralIdentifiability.jl/ext/ModelingToolkitSIExt.jl:78
┌ Warning: Floating point value -71.54478955333431 will be converted to -694007353//9700320.
└ @ ModelingToolkitSIExt ~/ParameterEstimationBenchmark-local/environments/StructuralIdentifiability.jl/ext/ModelingToolkitSIExt.jl:78
┌ Warning: Floating point value -0.5 will be converted to -1//2.
└ @ ModelingToolkitSIExt ~/ParameterEstimationBenchmark-local/environments/StructuralIdentifiability.jl/ext/ModelingToolkitSIExt.jl:78
┌ Warning: Floating point value 0.14778574646293366 will be converted to 28362277//191914834.
└ @ ModelingToolkitSIExt ~/ParameterEstimationBenchmark-local/environments/StructuralIdentifiability.jl/ext/ModelingToolkitSIExt.jl:78
┌ Warning: Floating point value 1.031253925402604 will be converted to 88657396//85970481.
└ @ ModelingToolkitSIExt ~/ParameterEstimationBenchmark-local/environments/StructuralIdentifiability.jl/ext/ModelingToolkitSIExt.jl:78
┌ Warning: Floating point value 0.5 will be converted to 1//2.
└ @ ModelingToolkitSIExt ~/ParameterEstimationBenchmark-local/environments/StructuralIdentifiability.jl/ext/ModelingToolkitSIExt.jl:78
┌ Warning: Floating point value 0.5 will be converted to 1//2.
└ @ ModelingToolkitSIExt ~/ParameterEstimationBenchmark-local/environments/StructuralIdentifiability.jl/ext/ModelingToolkitSIExt.jl:78
┌ Warning: Floating point value 0.5 will be converted to 1//2.
└ @ ModelingToolkitSIExt ~/ParameterEstimationBenchmark-local/environments/StructuralIdentifiability.jl/ext/ModelingToolkitSIExt.jl:78
┌ Warning: Floating point value -0.002638169221987522 will be converted to -2082454//789355733.
└ @ ModelingToolkitSIExt ~/ParameterEstimationBenchmark-local/environments/StructuralIdentifiability.jl/ext/ModelingToolkitSIExt.jl:78
┌ Warning: Floating point value -71.54478955333431 will be converted to -694007353//9700320.
└ @ ModelingToolkitSIExt ~/ParameterEstimationBenchmark-local/environments/StructuralIdentifiability.jl/ext/ModelingToolkitSIExt.jl:78
┌ Warning: Floating point value -0.5 will be converted to -1//2.
└ @ ModelingToolkitSIExt ~/ParameterEstimationBenchmark-local/environments/StructuralIdentifiability.jl/ext/ModelingToolkitSIExt.jl:78
┌ Warning: Floating point value 8.0 will be converted to 8.
└ @ ModelingToolkitSIExt ~/ParameterEstimationBenchmark-local/environments/StructuralIdentifiability.jl/ext/ModelingToolkitSIExt.jl:78
┌ Warning: Floating point value 0.5 will be converted to 1//2.
└ @ ModelingToolkitSIExt ~/ParameterEstimationBenchmark-local/environments/StructuralIdentifiability.jl/ext/ModelingToolkitSIExt.jl:78
[ Info: Getting polynomial system from SIAN
[ Info: Built polynomial system with 9 equations
[ Info: [SI-TEMPLATE] algebraic_multiplicity M = 1  (setup 0.0s, Groebner 0.0s, quotient_basis 0.0s, ring: 8 vars × 10 polys)
[ Info: [DEBUG-ALG-INDEP] Input: 9 equations, 7 indeterminates
[ Info: [DEBUG-ALG-INDEP] Jacobian size: (9, 7)
[ Info: [DEBUG-ALG-INDEP] Jacobian rank: 7
[ Info: [DEBUG-ALG-INDEP] Found 7 pivot columns
[ Info: [DEBUG-ALG-INDEP] Selected 7 equations (current_rank=7)
[ Info: [DEBUG-ALG-INDEP] Returning: output_ids=[1, 2, 3, 4, 5, 6, 7], alg_indep has 0 vars
[ Info: Reduced polynomial system to 7 equations
┌ Info: [SI-MAP] Extending DerivativeData support for SI template
│   current_order = -1
└   required_order = 5
[ Info: Checking identifiability
┌ Warning: There are no parameters in the given ODE, thus no identifiabile
│ functions.
│ Use `find_identifiable_functions` with keyword `with_states=true` to
│ compute the functions with the ODE states included.
└ @ StructuralIdentifiability ~/ParameterEstimationBenchmark-local/environments/StructuralIdentifiability.jl/src/identifiable_functions.jl:97
┌ Info: [SI-STRUCTURAL] SIAN/SI template summary
│   template_equation_count = 7
│   derivative_symbol_count = 12
│   max_derivative_order = 5
│   structural_unidentifiable_count = 1
└   identifiable_function_count = 1
┌ Info: [SI-MAP] Classified symbolic SI support variables while converting SIAN output
│   counts =
│    Dict{Symbol, Int64} with 2 entries:
│      :state_jet        => 2
│      :measured_rhs_jet => 5
│   samples =
│    Dict{Symbol, Vector{String}} with 2 entries:
│      :state_jet        => ["x6_0", "x6_1"]
└      :measured_rhs_jet => ["x5_0", "x4_0", "x5_1", "x4_1", "x5_2"]
[ Info: Getting equation system from StructuralIdentifiability.jl
[ Info: Converting ODESystem to SI.jl format
┌ Warning: Floating point value -3.256001383803774 will be converted to -85816273//26356338.
└ @ ModelingToolkitSIExt ~/ParameterEstimationBenchmark-local/environments/StructuralIdentifiability.jl/ext/ModelingToolkitSIExt.jl:78
┌ Warning: Floating point value 8.0 will be converted to 8.
└ @ ModelingToolkitSIExt ~/ParameterEstimationBenchmark-local/environments/StructuralIdentifiability.jl/ext/ModelingToolkitSIExt.jl:78
┌ Warning: Floating point value 2.2160024639464426 will be converted to 67179431//30315594.
└ @ ModelingToolkitSIExt ~/ParameterEstimationBenchmark-local/environments/StructuralIdentifiability.jl/ext/ModelingToolkitSIExt.jl:78
┌ Warning: Floating point value 8.0 will be converted to 8.
└ @ ModelingToolkitSIExt ~/ParameterEstimationBenchmark-local/environments/StructuralIdentifiability.jl/ext/ModelingToolkitSIExt.jl:78
┌ Warning: Floating point value -0.14891418628505934 will be converted to -56190772//377336595.
└ @ ModelingToolkitSIExt ~/ParameterEstimationBenchmark-local/environments/StructuralIdentifiability.jl/ext/ModelingToolkitSIExt.jl:78
┌ Warning: Floating point value 1194.2735499342336 will be converted to 1489068033//1246840.
└ @ ModelingToolkitSIExt ~/ParameterEstimationBenchmark-local/environments/StructuralIdentifiability.jl/ext/ModelingToolkitSIExt.jl:78
┌ Warning: Floating point value 0.5 will be converted to 1//2.
└ @ ModelingToolkitSIExt ~/ParameterEstimationBenchmark-local/environments/StructuralIdentifiability.jl/ext/ModelingToolkitSIExt.jl:78
┌ Warning: Floating point value 0.5 will be converted to 1//2.
└ @ ModelingToolkitSIExt ~/ParameterEstimationBenchmark-local/environments/StructuralIdentifiability.jl/ext/ModelingToolkitSIExt.jl:78
┌ Warning: Floating point value 3.256001383803774 will be converted to 85816273//26356338.
└ @ ModelingToolkitSIExt ~/ParameterEstimationBenchmark-local/environments/StructuralIdentifiability.jl/ext/ModelingToolkitSIExt.jl:78
┌ Warning: Floating point value 2.2160024639464426 will be converted to 67179431//30315594.
└ @ ModelingToolkitSIExt ~/ParameterEstimationBenchmark-local/environments/StructuralIdentifiability.jl/ext/ModelingToolkitSIExt.jl:78
┌ Warning: Floating point value 8.0 will be converted to 8.
└ @ ModelingToolkitSIExt ~/ParameterEstimationBenchmark-local/environments/StructuralIdentifiability.jl/ext/ModelingToolkitSIExt.jl:78
┌ Warning: Floating point value 0.5 will be converted to 1//2.
└ @ ModelingToolkitSIExt ~/ParameterEstimationBenchmark-local/environments/StructuralIdentifiability.jl/ext/ModelingToolkitSIExt.jl:78
┌ Warning: Floating point value -7.790880591719664e-5 will be converted to -604649//7760984049.
└ @ ModelingToolkitSIExt ~/ParameterEstimationBenchmark-local/environments/StructuralIdentifiability.jl/ext/ModelingToolkitSIExt.jl:78
┌ Warning: Floating point value -1193.2280690226144 will be converted to -4485205897//3758884.
└ @ ModelingToolkitSIExt ~/ParameterEstimationBenchmark-local/environments/StructuralIdentifiability.jl/ext/ModelingToolkitSIExt.jl:78
┌ Warning: Floating point value -0.5 will be converted to -1//2.
└ @ ModelingToolkitSIExt ~/ParameterEstimationBenchmark-local/environments/StructuralIdentifiability.jl/ext/ModelingToolkitSIExt.jl:78
┌ Warning: Floating point value 0.14891418628505934 will be converted to 56190772//377336595.
└ @ ModelingToolkitSIExt ~/ParameterEstimationBenchmark-local/environments/StructuralIdentifiability.jl/ext/ModelingToolkitSIExt.jl:78
┌ Warning: Floating point value 1194.2735499342336 will be converted to 1489068033//1246840.
└ @ ModelingToolkitSIExt ~/ParameterEstimationBenchmark-local/environments/StructuralIdentifiability.jl/ext/ModelingToolkitSIExt.jl:78
┌ Warning: Floating point value 0.5 will be converted to 1//2.
└ @ ModelingToolkitSIExt ~/ParameterEstimationBenchmark-local/environments/StructuralIdentifiability.jl/ext/ModelingToolkitSIExt.jl:78
┌ Warning: Floating point value 0.5 will be converted to 1//2.
└ @ ModelingToolkitSIExt ~/ParameterEstimationBenchmark-local/environments/StructuralIdentifiability.jl/ext/ModelingToolkitSIExt.jl:78
┌ Warning: Floating point value 0.5 will be converted to 1//2.
└ @ ModelingToolkitSIExt ~/ParameterEstimationBenchmark-local/environments/StructuralIdentifiability.jl/ext/ModelingToolkitSIExt.jl:78
┌ Warning: Floating point value 0.00015581761183439328 will be converted to 1209298//7760984049.
└ @ ModelingToolkitSIExt ~/ParameterEstimationBenchmark-local/environments/StructuralIdentifiability.jl/ext/ModelingToolkitSIExt.jl:78
┌ Warning: Floating point value -1193.2280690226144 will be converted to -4485205897//3758884.
└ @ ModelingToolkitSIExt ~/ParameterEstimationBenchmark-local/environments/StructuralIdentifiability.jl/ext/ModelingToolkitSIExt.jl:78
┌ Warning: Floating point value -0.5 will be converted to -1//2.
└ @ ModelingToolkitSIExt ~/ParameterEstimationBenchmark-local/environments/StructuralIdentifiability.jl/ext/ModelingToolkitSIExt.jl:78
┌ Warning: Floating point value 8.0 will be converted to 8.
└ @ ModelingToolkitSIExt ~/ParameterEstimationBenchmark-local/environments/StructuralIdentifiability.jl/ext/ModelingToolkitSIExt.jl:78
┌ Warning: Floating point value 0.5 will be converted to 1//2.
└ @ ModelingToolkitSIExt ~/ParameterEstimationBenchmark-local/environments/StructuralIdentifiability.jl/ext/ModelingToolkitSIExt.jl:78
[ Info: Getting polynomial system from SIAN
[ Info: Built polynomial system with 9 equations
[ Info: [SI-TEMPLATE] algebraic_multiplicity M = 1  (setup 0.0s, Groebner 0.0s, quotient_basis 0.0s, ring: 8 vars × 10 polys)
[ Info: [DEBUG-ALG-INDEP] Input: 9 equations, 7 indeterminates
[ Info: [DEBUG-ALG-INDEP] Jacobian size: (9, 7)
[ Info: [DEBUG-ALG-INDEP] Jacobian rank: 7
[ Info: [DEBUG-ALG-INDEP] Found 7 pivot columns
[ Info: [DEBUG-ALG-INDEP] Selected 7 equations (current_rank=7)
[ Info: [DEBUG-ALG-INDEP] Returning: output_ids=[1, 2, 3, 4, 5, 6, 7], alg_indep has 0 vars
[ Info: Reduced polynomial system to 7 equations
┌ Info: [SI-MAP] Extending DerivativeData support for SI template
│   current_order = -1
└   required_order = 5
[ Info: Checking identifiability
┌ Warning: There are no parameters in the given ODE, thus no identifiabile
│ functions.
│ Use `find_identifiable_functions` with keyword `with_states=true` to
│ compute the functions with the ODE states included.
└ @ StructuralIdentifiability ~/ParameterEstimationBenchmark-local/environments/StructuralIdentifiability.jl/src/identifiable_functions.jl:97
┌ Info: [SI-STRUCTURAL] SIAN/SI template summary
│   template_equation_count = 7
│   derivative_symbol_count = 12
│   max_derivative_order = 5
│   structural_unidentifiable_count = 1
└   identifiable_function_count = 1
┌ Info: [SI-MAP] Classified symbolic SI support variables while converting SIAN output
│   counts =
│    Dict{Symbol, Int64} with 2 entries:
│      :state_jet        => 2
│      :measured_rhs_jet => 5
│   samples =
│    Dict{Symbol, Vector{String}} with 2 entries:
│      :state_jet        => ["x6_0", "x6_1"]
└      :measured_rhs_jet => ["x5_0", "x4_0", "x5_1", "x4_1", "x5_2"]
[ Info: Getting equation system from StructuralIdentifiability.jl
[ Info: Converting ODESystem to SI.jl format
┌ Warning: Floating point value -3.2560010118947895 will be converted to -166498057//51135751.
└ @ ModelingToolkitSIExt ~/ParameterEstimationBenchmark-local/environments/StructuralIdentifiability.jl/ext/ModelingToolkitSIExt.jl:78
┌ Warning: Floating point value 8.0 will be converted to 8.
└ @ ModelingToolkitSIExt ~/ParameterEstimationBenchmark-local/environments/StructuralIdentifiability.jl/ext/ModelingToolkitSIExt.jl:78
┌ Warning: Floating point value 2.2160018472868304 will be converted to 160429457//72395904.
└ @ ModelingToolkitSIExt ~/ParameterEstimationBenchmark-local/environments/StructuralIdentifiability.jl/ext/ModelingToolkitSIExt.jl:78
┌ Warning: Floating point value 8.0 will be converted to 8.
└ @ ModelingToolkitSIExt ~/ParameterEstimationBenchmark-local/environments/StructuralIdentifiability.jl/ext/ModelingToolkitSIExt.jl:78
┌ Warning: Floating point value -0.14783431525420526 will be converted to -339400916//2295819583.
└ @ ModelingToolkitSIExt ~/ParameterEstimationBenchmark-local/environments/StructuralIdentifiability.jl/ext/ModelingToolkitSIExt.jl:78
┌ Warning: Floating point value 18.873810365161432 will be converted to 231056999//12242202.
└ @ ModelingToolkitSIExt ~/ParameterEstimationBenchmark-local/environments/StructuralIdentifiability.jl/ext/ModelingToolkitSIExt.jl:78
┌ Warning: Floating point value 0.5 will be converted to 1//2.
└ @ ModelingToolkitSIExt ~/ParameterEstimationBenchmark-local/environments/StructuralIdentifiability.jl/ext/ModelingToolkitSIExt.jl:78
┌ Warning: Floating point value 0.5 will be converted to 1//2.
└ @ ModelingToolkitSIExt ~/ParameterEstimationBenchmark-local/environments/StructuralIdentifiability.jl/ext/ModelingToolkitSIExt.jl:78
┌ Warning: Floating point value 3.2560010118947895 will be converted to 166498057//51135751.
└ @ ModelingToolkitSIExt ~/ParameterEstimationBenchmark-local/environments/StructuralIdentifiability.jl/ext/ModelingToolkitSIExt.jl:78
┌ Warning: Floating point value 2.2160018472868304 will be converted to 160429457//72395904.
└ @ ModelingToolkitSIExt ~/ParameterEstimationBenchmark-local/environments/StructuralIdentifiability.jl/ext/ModelingToolkitSIExt.jl:78
┌ Warning: Floating point value 8.0 will be converted to 8.
└ @ ModelingToolkitSIExt ~/ParameterEstimationBenchmark-local/environments/StructuralIdentifiability.jl/ext/ModelingToolkitSIExt.jl:78
┌ Warning: Floating point value 0.5 will be converted to 1//2.
└ @ ModelingToolkitSIExt ~/ParameterEstimationBenchmark-local/environments/StructuralIdentifiability.jl/ext/ModelingToolkitSIExt.jl:78
┌ Warning: Floating point value -0.005666002814080801 will be converted to -6579929//1161299988.
└ @ ModelingToolkitSIExt ~/ParameterEstimationBenchmark-local/environments/StructuralIdentifiability.jl/ext/ModelingToolkitSIExt.jl:78
┌ Warning: Floating point value -17.82673560860664 will be converted to -273742414//15355723.
└ @ ModelingToolkitSIExt ~/ParameterEstimationBenchmark-local/environments/StructuralIdentifiability.jl/ext/ModelingToolkitSIExt.jl:78
┌ Warning: Floating point value -0.5 will be converted to -1//2.
└ @ ModelingToolkitSIExt ~/ParameterEstimationBenchmark-local/environments/StructuralIdentifiability.jl/ext/ModelingToolkitSIExt.jl:78
┌ Warning: Floating point value 0.14783431525420526 will be converted to 339400916//2295819583.
└ @ ModelingToolkitSIExt ~/ParameterEstimationBenchmark-local/environments/StructuralIdentifiability.jl/ext/ModelingToolkitSIExt.jl:78
┌ Warning: Floating point value 18.873810365161432 will be converted to 231056999//12242202.
└ @ ModelingToolkitSIExt ~/ParameterEstimationBenchmark-local/environments/StructuralIdentifiability.jl/ext/ModelingToolkitSIExt.jl:78
┌ Warning: Floating point value 0.5 will be converted to 1//2.
└ @ ModelingToolkitSIExt ~/ParameterEstimationBenchmark-local/environments/StructuralIdentifiability.jl/ext/ModelingToolkitSIExt.jl:78
┌ Warning: Floating point value 0.5 will be converted to 1//2.
└ @ ModelingToolkitSIExt ~/ParameterEstimationBenchmark-local/environments/StructuralIdentifiability.jl/ext/ModelingToolkitSIExt.jl:78
┌ Warning: Floating point value 0.5 will be converted to 1//2.
└ @ ModelingToolkitSIExt ~/ParameterEstimationBenchmark-local/environments/StructuralIdentifiability.jl/ext/ModelingToolkitSIExt.jl:78
┌ Warning: Floating point value 0.011332005628161602 will be converted to 6579929//580649994.
└ @ ModelingToolkitSIExt ~/ParameterEstimationBenchmark-local/environments/StructuralIdentifiability.jl/ext/ModelingToolkitSIExt.jl:78
┌ Warning: Floating point value -17.82673560860664 will be converted to -273742414//15355723.
└ @ ModelingToolkitSIExt ~/ParameterEstimationBenchmark-local/environments/StructuralIdentifiability.jl/ext/ModelingToolkitSIExt.jl:78
┌ Warning: Floating point value -0.5 will be converted to -1//2.
└ @ ModelingToolkitSIExt ~/ParameterEstimationBenchmark-local/environments/StructuralIdentifiability.jl/ext/ModelingToolkitSIExt.jl:78
┌ Warning: Floating point value 8.0 will be converted to 8.
└ @ ModelingToolkitSIExt ~/ParameterEstimationBenchmark-local/environments/StructuralIdentifiability.jl/ext/ModelingToolkitSIExt.jl:78
┌ Warning: Floating point value 0.5 will be converted to 1//2.
└ @ ModelingToolkitSIExt ~/ParameterEstimationBenchmark-local/environments/StructuralIdentifiability.jl/ext/ModelingToolkitSIExt.jl:78
[ Info: Getting polynomial system from SIAN
[ Info: Built polynomial system with 9 equations
[ Info: [SI-TEMPLATE] algebraic_multiplicity M = 1  (setup 0.0s, Groebner 0.0s, quotient_basis 0.0s, ring: 8 vars × 10 polys)
[ Info: [DEBUG-ALG-INDEP] Input: 9 equations, 7 indeterminates
[ Info: [DEBUG-ALG-INDEP] Jacobian size: (9, 7)
[ Info: [DEBUG-ALG-INDEP] Jacobian rank: 7
[ Info: [DEBUG-ALG-INDEP] Found 7 pivot columns
[ Info: [DEBUG-ALG-INDEP] Selected 7 equations (current_rank=7)
[ Info: [DEBUG-ALG-INDEP] Returning: output_ids=[1, 2, 3, 4, 5, 6, 7], alg_indep has 0 vars
[ Info: Reduced polynomial system to 7 equations
┌ Info: [SI-MAP] Extending DerivativeData support for SI template
│   current_order = -1
└   required_order = 5
[ Info: Checking identifiability
┌ Warning: There are no parameters in the given ODE, thus no identifiabile
│ functions.
│ Use `find_identifiable_functions` with keyword `with_states=true` to
│ compute the functions with the ODE states included.
└ @ StructuralIdentifiability ~/ParameterEstimationBenchmark-local/environments/StructuralIdentifiability.jl/src/identifiable_functions.jl:97
┌ Info: [SI-STRUCTURAL] SIAN/SI template summary
│   template_equation_count = 7
│   derivative_symbol_count = 12
│   max_derivative_order = 5
│   structural_unidentifiable_count = 1
└   identifiable_function_count = 1
┌ Info: [SI-MAP] Classified symbolic SI support variables while converting SIAN output
│   counts =
│    Dict{Symbol, Int64} with 2 entries:
│      :state_jet        => 2
│      :measured_rhs_jet => 5
│   samples =
│    Dict{Symbol, Vector{String}} with 2 entries:
│      :state_jet        => ["x6_0", "x6_1"]
└      :measured_rhs_jet => ["x5_0", "x4_0", "x5_1", "x4_1", "x5_2"]
[ Info: Getting equation system from StructuralIdentifiability.jl
[ Info: Converting ODESystem to SI.jl format
┌ Warning: Floating point value -3.2560006356927937 will be converted to -95022823//29183908.
└ @ ModelingToolkitSIExt ~/ParameterEstimationBenchmark-local/environments/StructuralIdentifiability.jl/ext/ModelingToolkitSIExt.jl:78
┌ Warning: Floating point value 8.0 will be converted to 8.
└ @ ModelingToolkitSIExt ~/ParameterEstimationBenchmark-local/environments/StructuralIdentifiability.jl/ext/ModelingToolkitSIExt.jl:78
┌ Warning: Floating point value 2.216001223509008 will be converted to 142996682//64529153.
└ @ ModelingToolkitSIExt ~/ParameterEstimationBenchmark-local/environments/StructuralIdentifiability.jl/ext/ModelingToolkitSIExt.jl:78
┌ Warning: Floating point value 8.0 will be converted to 8.
└ @ ModelingToolkitSIExt ~/ParameterEstimationBenchmark-local/environments/StructuralIdentifiability.jl/ext/ModelingToolkitSIExt.jl:78
┌ Warning: Floating point value -0.14703974630523084 will be converted to -54711088//372083667.
└ @ ModelingToolkitSIExt ~/ParameterEstimationBenchmark-local/environments/StructuralIdentifiability.jl/ext/ModelingToolkitSIExt.jl:78
┌ Warning: Floating point value 11.483436042783053 will be converted to 143302407//12479053.
└ @ ModelingToolkitSIExt ~/ParameterEstimationBenchmark-local/environments/StructuralIdentifiability.jl/ext/ModelingToolkitSIExt.jl:78
┌ Warning: Floating point value 0.5 will be converted to 1//2.
└ @ ModelingToolkitSIExt ~/ParameterEstimationBenchmark-local/environments/StructuralIdentifiability.jl/ext/ModelingToolkitSIExt.jl:78
┌ Warning: Floating point value 0.5 will be converted to 1//2.
└ @ ModelingToolkitSIExt ~/ParameterEstimationBenchmark-local/environments/StructuralIdentifiability.jl/ext/ModelingToolkitSIExt.jl:78
┌ Warning: Floating point value 3.2560006356927937 will be converted to 95022823//29183908.
└ @ ModelingToolkitSIExt ~/ParameterEstimationBenchmark-local/environments/StructuralIdentifiability.jl/ext/ModelingToolkitSIExt.jl:78
┌ Warning: Floating point value 2.216001223509008 will be converted to 142996682//64529153.
└ @ ModelingToolkitSIExt ~/ParameterEstimationBenchmark-local/environments/StructuralIdentifiability.jl/ext/ModelingToolkitSIExt.jl:78
┌ Warning: Floating point value 8.0 will be converted to 8.
└ @ ModelingToolkitSIExt ~/ParameterEstimationBenchmark-local/environments/StructuralIdentifiability.jl/ext/ModelingToolkitSIExt.jl:78
┌ Warning: Floating point value 0.5 will be converted to 1//2.
└ @ ModelingToolkitSIExt ~/ParameterEstimationBenchmark-local/environments/StructuralIdentifiability.jl/ext/ModelingToolkitSIExt.jl:78
┌ Warning: Floating point value -0.01027278981267949 will be converted to -10291359//1001807609.
└ @ ModelingToolkitSIExt ~/ParameterEstimationBenchmark-local/environments/StructuralIdentifiability.jl/ext/ModelingToolkitSIExt.jl:78
┌ Warning: Floating point value -10.43573126900827 will be converted to -286373925//27441673.
└ @ ModelingToolkitSIExt ~/ParameterEstimationBenchmark-local/environments/StructuralIdentifiability.jl/ext/ModelingToolkitSIExt.jl:78
┌ Warning: Floating point value -0.5 will be converted to -1//2.
└ @ ModelingToolkitSIExt ~/ParameterEstimationBenchmark-local/environments/StructuralIdentifiability.jl/ext/ModelingToolkitSIExt.jl:78
┌ Warning: Floating point value 0.14703974630523084 will be converted to 54711088//372083667.
└ @ ModelingToolkitSIExt ~/ParameterEstimationBenchmark-local/environments/StructuralIdentifiability.jl/ext/ModelingToolkitSIExt.jl:78
┌ Warning: Floating point value 11.483436042783053 will be converted to 143302407//12479053.
└ @ ModelingToolkitSIExt ~/ParameterEstimationBenchmark-local/environments/StructuralIdentifiability.jl/ext/ModelingToolkitSIExt.jl:78
┌ Warning: Floating point value 0.5 will be converted to 1//2.
└ @ ModelingToolkitSIExt ~/ParameterEstimationBenchmark-local/environments/StructuralIdentifiability.jl/ext/ModelingToolkitSIExt.jl:78
┌ Warning: Floating point value 0.5 will be converted to 1//2.
└ @ ModelingToolkitSIExt ~/ParameterEstimationBenchmark-local/environments/StructuralIdentifiability.jl/ext/ModelingToolkitSIExt.jl:78
┌ Warning: Floating point value 0.5 will be converted to 1//2.
└ @ ModelingToolkitSIExt ~/ParameterEstimationBenchmark-local/environments/StructuralIdentifiability.jl/ext/ModelingToolkitSIExt.jl:78
┌ Warning: Floating point value 0.02054557962535898 will be converted to 13219735//643434512.
└ @ ModelingToolkitSIExt ~/ParameterEstimationBenchmark-local/environments/StructuralIdentifiability.jl/ext/ModelingToolkitSIExt.jl:78
┌ Warning: Floating point value -10.43573126900827 will be converted to -286373925//27441673.
└ @ ModelingToolkitSIExt ~/ParameterEstimationBenchmark-local/environments/StructuralIdentifiability.jl/ext/ModelingToolkitSIExt.jl:78
┌ Warning: Floating point value -0.5 will be converted to -1//2.
└ @ ModelingToolkitSIExt ~/ParameterEstimationBenchmark-local/environments/StructuralIdentifiability.jl/ext/ModelingToolkitSIExt.jl:78
┌ Warning: Floating point value 8.0 will be converted to 8.
└ @ ModelingToolkitSIExt ~/ParameterEstimationBenchmark-local/environments/StructuralIdentifiability.jl/ext/ModelingToolkitSIExt.jl:78
┌ Warning: Floating point value 0.5 will be converted to 1//2.
└ @ ModelingToolkitSIExt ~/ParameterEstimationBenchmark-local/environments/StructuralIdentifiability.jl/ext/ModelingToolkitSIExt.jl:78
[ Info: Getting polynomial system from SIAN
[ Info: Built polynomial system with 9 equations
[ Info: [SI-TEMPLATE] algebraic_multiplicity M = 1  (setup 0.0s, Groebner 0.0s, quotient_basis 0.0s, ring: 8 vars × 10 polys)
[ Info: [DEBUG-ALG-INDEP] Input: 9 equations, 7 indeterminates
[ Info: [DEBUG-ALG-INDEP] Jacobian size: (9, 7)
[ Info: [DEBUG-ALG-INDEP] Jacobian rank: 7
[ Info: [DEBUG-ALG-INDEP] Found 7 pivot columns
[ Info: [DEBUG-ALG-INDEP] Selected 7 equations (current_rank=7)
[ Info: [DEBUG-ALG-INDEP] Returning: output_ids=[1, 2, 3, 4, 5, 6, 7], alg_indep has 0 vars
[ Info: Reduced polynomial system to 7 equations
┌ Info: [SI-MAP] Extending DerivativeData support for SI template
│   current_order = -1
└   required_order = 5
[ Info: Checking identifiability
┌ Warning: There are no parameters in the given ODE, thus no identifiabile
│ functions.
│ Use `find_identifiable_functions` with keyword `with_states=true` to
│ compute the functions with the ODE states included.
└ @ StructuralIdentifiability ~/ParameterEstimationBenchmark-local/environments/StructuralIdentifiability.jl/src/identifiable_functions.jl:97
[CAND 512] ok  max=446b  0.2s
[CAND 518] ok  max=430b  0.2s
[CAND 519] ok  max=440b  0.2s
[CAND 522] ok  max=444b  0.2s
[CAND 523] ok  max=466b  0.2s
┌ Info: [SI-STRUCTURAL] SIAN/SI template summary
│   template_equation_count = 7
│   derivative_symbol_count = 12
│   max_derivative_order = 5
│   structural_unidentifiable_count = 1
└   identifiable_function_count = 1
┌ Info: [SI-MAP] Classified symbolic SI support variables while converting SIAN output
│   counts =
│    Dict{Symbol, Int64} with 2 entries:
│      :state_jet        => 2
│      :measured_rhs_jet => 5
│   samples =
│    Dict{Symbol, Vector{String}} with 2 entries:
│      :state_jet        => ["x6_0", "x6_1"]
└      :measured_rhs_jet => ["x5_0", "x4_0", "x5_1", "x4_1", "x5_2"]
[ Info: Getting equation system from StructuralIdentifiability.jl
[ Info: Converting ODESystem to SI.jl format
┌ Warning: Floating point value -3.2556497557072186 will be converted to -236341436//72594245.
└ @ ModelingToolkitSIExt ~/ParameterEstimationBenchmark-local/environments/StructuralIdentifiability.jl/ext/ModelingToolkitSIExt.jl:78
┌ Warning: Floating point value 8.0 will be converted to 8.
└ @ ModelingToolkitSIExt ~/ParameterEstimationBenchmark-local/environments/StructuralIdentifiability.jl/ext/ModelingToolkitSIExt.jl:78
┌ Warning: Floating point value 2.215189948389722 will be converted to 113699451//51327179.
└ @ ModelingToolkitSIExt ~/ParameterEstimationBenchmark-local/environments/StructuralIdentifiability.jl/ext/ModelingToolkitSIExt.jl:78
┌ Warning: Floating point value 8.0 will be converted to 8.
└ @ ModelingToolkitSIExt ~/ParameterEstimationBenchmark-local/environments/StructuralIdentifiability.jl/ext/ModelingToolkitSIExt.jl:78
┌ Warning: Floating point value -0.0016404248507062892 will be converted to -3286019//2003151195.
└ @ ModelingToolkitSIExt ~/ParameterEstimationBenchmark-local/environments/StructuralIdentifiability.jl/ext/ModelingToolkitSIExt.jl:78
┌ Warning: Floating point value 6.1571608275329375 will be converted to 159684279//25934726.
└ @ ModelingToolkitSIExt ~/ParameterEstimationBenchmark-local/environments/StructuralIdentifiability.jl/ext/ModelingToolkitSIExt.jl:78
┌ Warning: Floating point value 0.5 will be converted to 1//2.
└ @ ModelingToolkitSIExt ~/ParameterEstimationBenchmark-local/environments/StructuralIdentifiability.jl/ext/ModelingToolkitSIExt.jl:78
┌ Warning: Floating point value 0.5 will be converted to 1//2.
└ @ ModelingToolkitSIExt ~/ParameterEstimationBenchmark-local/environments/StructuralIdentifiability.jl/ext/ModelingToolkitSIExt.jl:78
┌ Warning: Floating point value 3.2556497557072186 will be converted to 236341436//72594245.
└ @ ModelingToolkitSIExt ~/ParameterEstimationBenchmark-local/environments/StructuralIdentifiability.jl/ext/ModelingToolkitSIExt.jl:78
┌ Warning: Floating point value 2.215189948389722 will be converted to 113699451//51327179.
└ @ ModelingToolkitSIExt ~/ParameterEstimationBenchmark-local/environments/StructuralIdentifiability.jl/ext/ModelingToolkitSIExt.jl:78
┌ Warning: Floating point value 8.0 will be converted to 8.
└ @ ModelingToolkitSIExt ~/ParameterEstimationBenchmark-local/environments/StructuralIdentifiability.jl/ext/ModelingToolkitSIExt.jl:78
┌ Warning: Floating point value 0.5 will be converted to 1//2.
└ @ ModelingToolkitSIExt ~/ParameterEstimationBenchmark-local/environments/StructuralIdentifiability.jl/ext/ModelingToolkitSIExt.jl:78
┌ Warning: Floating point value -0.004867643425492913 will be converted to -6970422//1431991087.
└ @ ModelingToolkitSIExt ~/ParameterEstimationBenchmark-local/environments/StructuralIdentifiability.jl/ext/ModelingToolkitSIExt.jl:78
┌ Warning: Floating point value -11.045046244430242 will be converted to -328036780//29699901.
└ @ ModelingToolkitSIExt ~/ParameterEstimationBenchmark-local/environments/StructuralIdentifiability.jl/ext/ModelingToolkitSIExt.jl:78
┌ Warning: Floating point value -0.5 will be converted to -1//2.
└ @ ModelingToolkitSIExt ~/ParameterEstimationBenchmark-local/environments/StructuralIdentifiability.jl/ext/ModelingToolkitSIExt.jl:78
┌ Warning: Floating point value 0.0016404248507062892 will be converted to 3286019//2003151195.
└ @ ModelingToolkitSIExt ~/ParameterEstimationBenchmark-local/environments/StructuralIdentifiability.jl/ext/ModelingToolkitSIExt.jl:78
┌ Warning: Floating point value 6.1571608275329375 will be converted to 159684279//25934726.
└ @ ModelingToolkitSIExt ~/ParameterEstimationBenchmark-local/environments/StructuralIdentifiability.jl/ext/ModelingToolkitSIExt.jl:78
┌ Warning: Floating point value 0.5 will be converted to 1//2.
└ @ ModelingToolkitSIExt ~/ParameterEstimationBenchmark-local/environments/StructuralIdentifiability.jl/ext/ModelingToolkitSIExt.jl:78
┌ Warning: Floating point value 0.5 will be converted to 1//2.
└ @ ModelingToolkitSIExt ~/ParameterEstimationBenchmark-local/environments/StructuralIdentifiability.jl/ext/ModelingToolkitSIExt.jl:78
┌ Warning: Floating point value 0.5 will be converted to 1//2.
└ @ ModelingToolkitSIExt ~/ParameterEstimationBenchmark-local/environments/StructuralIdentifiability.jl/ext/ModelingToolkitSIExt.jl:78
┌ Warning: Floating point value 0.009735286850985826 will be converted to 11229449//1153479006.
└ @ ModelingToolkitSIExt ~/ParameterEstimationBenchmark-local/environments/StructuralIdentifiability.jl/ext/ModelingToolkitSIExt.jl:78
┌ Warning: Floating point value -11.045046244430242 will be converted to -328036780//29699901.
└ @ ModelingToolkitSIExt ~/ParameterEstimationBenchmark-local/environments/StructuralIdentifiability.jl/ext/ModelingToolkitSIExt.jl:78
┌ Warning: Floating point value -0.5 will be converted to -1//2.
└ @ ModelingToolkitSIExt ~/ParameterEstimationBenchmark-local/environments/StructuralIdentifiability.jl/ext/ModelingToolkitSIExt.jl:78
┌ Warning: Floating point value 8.0 will be converted to 8.
└ @ ModelingToolkitSIExt ~/ParameterEstimationBenchmark-local/environments/StructuralIdentifiability.jl/ext/ModelingToolkitSIExt.jl:78
┌ Warning: Floating point value 0.5 will be converted to 1//2.
└ @ ModelingToolkitSIExt ~/ParameterEstimationBenchmark-local/environments/StructuralIdentifiability.jl/ext/ModelingToolkitSIExt.jl:78
[ Info: Getting polynomial system from SIAN
[ Info: Built polynomial system with 9 equations
[ Info: [SI-TEMPLATE] algebraic_multiplicity M = 1  (setup 0.0s, Groebner 0.0s, quotient_basis 0.0s, ring: 8 vars × 10 polys)
[ Info: [DEBUG-ALG-INDEP] Input: 9 equations, 7 indeterminates
[ Info: [DEBUG-ALG-INDEP] Jacobian size: (9, 7)
[ Info: [DEBUG-ALG-INDEP] Jacobian rank: 7
[ Info: [DEBUG-ALG-INDEP] Found 7 pivot columns
[ Info: [DEBUG-ALG-INDEP] Selected 7 equations (current_rank=7)
[ Info: [DEBUG-ALG-INDEP] Returning: output_ids=[1, 2, 3, 4, 5, 6, 7], alg_indep has 0 vars
[ Info: Reduced polynomial system to 7 equations
┌ Info: [SI-MAP] Extending DerivativeData support for SI template
│   current_order = -1
└   required_order = 5
[ Info: Checking identifiability
┌ Warning: There are no parameters in the given ODE, thus no identifiabile
│ functions.
│ Use `find_identifiable_functions` with keyword `with_states=true` to
│ compute the functions with the ODE states included.
└ @ StructuralIdentifiability ~/ParameterEstimationBenchmark-local/environments/StructuralIdentifiability.jl/src/identifiable_functions.jl:97
┌ Info: [SI-STRUCTURAL] SIAN/SI template summary
│   template_equation_count = 7
│   derivative_symbol_count = 12
│   max_derivative_order = 5
│   structural_unidentifiable_count = 1
└   identifiable_function_count = 1
┌ Info: [SI-MAP] Classified symbolic SI support variables while converting SIAN output
│   counts =
│    Dict{Symbol, Int64} with 2 entries:
│      :state_jet        => 2
│      :measured_rhs_jet => 5
│   samples =
│    Dict{Symbol, Vector{String}} with 2 entries:
│      :state_jet        => ["x6_0", "x6_1"]
└      :measured_rhs_jet => ["x5_0", "x4_0", "x5_1", "x4_1", "x5_2"]
[ Info: Getting equation system from StructuralIdentifiability.jl
[ Info: Converting ODESystem to SI.jl format
┌ Warning: Floating point value -3.255710432892456 will be converted to -185326104//56923399.
└ @ ModelingToolkitSIExt ~/ParameterEstimationBenchmark-local/environments/StructuralIdentifiability.jl/ext/ModelingToolkitSIExt.jl:78
┌ Warning: Floating point value 8.0 will be converted to 8.
└ @ ModelingToolkitSIExt ~/ParameterEstimationBenchmark-local/environments/StructuralIdentifiability.jl/ext/ModelingToolkitSIExt.jl:78
┌ Warning: Floating point value 2.215331837149719 will be converted to 88013098//39729081.
└ @ ModelingToolkitSIExt ~/ParameterEstimationBenchmark-local/environments/StructuralIdentifiability.jl/ext/ModelingToolkitSIExt.jl:78
┌ Warning: Floating point value 8.0 will be converted to 8.
└ @ ModelingToolkitSIExt ~/ParameterEstimationBenchmark-local/environments/StructuralIdentifiability.jl/ext/ModelingToolkitSIExt.jl:78
┌ Warning: Floating point value -0.0022364199197341386 will be converted to -4983161//2228186646.
└ @ ModelingToolkitSIExt ~/ParameterEstimationBenchmark-local/environments/StructuralIdentifiability.jl/ext/ModelingToolkitSIExt.jl:78
┌ Warning: Floating point value 6.123229175370643 will be converted to 125530417//20500689.
└ @ ModelingToolkitSIExt ~/ParameterEstimationBenchmark-local/environments/StructuralIdentifiability.jl/ext/ModelingToolkitSIExt.jl:78
┌ Warning: Floating point value 0.5 will be converted to 1//2.
└ @ ModelingToolkitSIExt ~/ParameterEstimationBenchmark-local/environments/StructuralIdentifiability.jl/ext/ModelingToolkitSIExt.jl:78
┌ Warning: Floating point value 0.5 will be converted to 1//2.
└ @ ModelingToolkitSIExt ~/ParameterEstimationBenchmark-local/environments/StructuralIdentifiability.jl/ext/ModelingToolkitSIExt.jl:78
┌ Warning: Floating point value 3.255710432892456 will be converted to 185326104//56923399.
└ @ ModelingToolkitSIExt ~/ParameterEstimationBenchmark-local/environments/StructuralIdentifiability.jl/ext/ModelingToolkitSIExt.jl:78
┌ Warning: Floating point value 2.215331837149719 will be converted to 88013098//39729081.
└ @ ModelingToolkitSIExt ~/ParameterEstimationBenchmark-local/environments/StructuralIdentifiability.jl/ext/ModelingToolkitSIExt.jl:78
┌ Warning: Floating point value 8.0 will be converted to 8.
└ @ ModelingToolkitSIExt ~/ParameterEstimationBenchmark-local/environments/StructuralIdentifiability.jl/ext/ModelingToolkitSIExt.jl:78
┌ Warning: Floating point value 0.5 will be converted to 1//2.
└ @ ModelingToolkitSIExt ~/ParameterEstimationBenchmark-local/environments/StructuralIdentifiability.jl/ext/ModelingToolkitSIExt.jl:78
┌ Warning: Floating point value -0.004908295965769661 will be converted to -5233820//1066321191.
└ @ ModelingToolkitSIExt ~/ParameterEstimationBenchmark-local/environments/StructuralIdentifiability.jl/ext/ModelingToolkitSIExt.jl:78
┌ Warning: Floating point value -10.981149558116163 will be converted to -198449479//18071831.
└ @ ModelingToolkitSIExt ~/ParameterEstimationBenchmark-local/environments/StructuralIdentifiability.jl/ext/ModelingToolkitSIExt.jl:78
┌ Warning: Floating point value -0.5 will be converted to -1//2.
└ @ ModelingToolkitSIExt ~/ParameterEstimationBenchmark-local/environments/StructuralIdentifiability.jl/ext/ModelingToolkitSIExt.jl:78
┌ Warning: Floating point value 0.0022364199197341386 will be converted to 4983161//2228186646.
└ @ ModelingToolkitSIExt ~/ParameterEstimationBenchmark-local/environments/StructuralIdentifiability.jl/ext/ModelingToolkitSIExt.jl:78
┌ Warning: Floating point value 6.123229175370643 will be converted to 125530417//20500689.
└ @ ModelingToolkitSIExt ~/ParameterEstimationBenchmark-local/environments/StructuralIdentifiability.jl/ext/ModelingToolkitSIExt.jl:78
┌ Warning: Floating point value 0.5 will be converted to 1//2.
└ @ ModelingToolkitSIExt ~/ParameterEstimationBenchmark-local/environments/StructuralIdentifiability.jl/ext/ModelingToolkitSIExt.jl:78
┌ Warning: Floating point value 0.5 will be converted to 1//2.
└ @ ModelingToolkitSIExt ~/ParameterEstimationBenchmark-local/environments/StructuralIdentifiability.jl/ext/ModelingToolkitSIExt.jl:78
┌ Warning: Floating point value 0.5 will be converted to 1//2.
└ @ ModelingToolkitSIExt ~/ParameterEstimationBenchmark-local/environments/StructuralIdentifiability.jl/ext/ModelingToolkitSIExt.jl:78
┌ Warning: Floating point value 0.009816591931539323 will be converted to 8193111//834618680.
└ @ ModelingToolkitSIExt ~/ParameterEstimationBenchmark-local/environments/StructuralIdentifiability.jl/ext/ModelingToolkitSIExt.jl:78
┌ Warning: Floating point value -10.981149558116163 will be converted to -198449479//18071831.
└ @ ModelingToolkitSIExt ~/ParameterEstimationBenchmark-local/environments/StructuralIdentifiability.jl/ext/ModelingToolkitSIExt.jl:78
┌ Warning: Floating point value -0.5 will be converted to -1//2.
└ @ ModelingToolkitSIExt ~/ParameterEstimationBenchmark-local/environments/StructuralIdentifiability.jl/ext/ModelingToolkitSIExt.jl:78
┌ Warning: Floating point value 8.0 will be converted to 8.
└ @ ModelingToolkitSIExt ~/ParameterEstimationBenchmark-local/environments/StructuralIdentifiability.jl/ext/ModelingToolkitSIExt.jl:78
┌ Warning: Floating point value 0.5 will be converted to 1//2.
└ @ ModelingToolkitSIExt ~/ParameterEstimationBenchmark-local/environments/StructuralIdentifiability.jl/ext/ModelingToolkitSIExt.jl:78
[ Info: Getting polynomial system from SIAN
[ Info: Built polynomial system with 9 equations
[ Info: [SI-TEMPLATE] algebraic_multiplicity M = 1  (setup 0.0s, Groebner 0.0s, quotient_basis 0.0s, ring: 8 vars × 10 polys)
[ Info: [DEBUG-ALG-INDEP] Input: 9 equations, 7 indeterminates
[ Info: [DEBUG-ALG-INDEP] Jacobian size: (9, 7)
[ Info: [DEBUG-ALG-INDEP] Jacobian rank: 7
[ Info: [DEBUG-ALG-INDEP] Found 7 pivot columns
[ Info: [DEBUG-ALG-INDEP] Selected 7 equations (current_rank=7)
[ Info: [DEBUG-ALG-INDEP] Returning: output_ids=[1, 2, 3, 4, 5, 6, 7], alg_indep has 0 vars
[ Info: Reduced polynomial system to 7 equations
┌ Info: [SI-MAP] Extending DerivativeData support for SI template
│   current_order = -1
└   required_order = 5
[ Info: Checking identifiability
┌ Warning: There are no parameters in the given ODE, thus no identifiabile
│ functions.
│ Use `find_identifiable_functions` with keyword `with_states=true` to
│ compute the functions with the ODE states included.
└ @ StructuralIdentifiability ~/ParameterEstimationBenchmark-local/environments/StructuralIdentifiability.jl/src/identifiable_functions.jl:97
┌ Info: [SI-STRUCTURAL] SIAN/SI template summary
│   template_equation_count = 7
│   derivative_symbol_count = 12
│   max_derivative_order = 5
│   structural_unidentifiable_count = 1
└   identifiable_function_count = 1
┌ Info: [SI-MAP] Classified symbolic SI support variables while converting SIAN output
│   counts =
│    Dict{Symbol, Int64} with 2 entries:
│      :state_jet        => 2
│      :measured_rhs_jet => 5
│   samples =
│    Dict{Symbol, Vector{String}} with 2 entries:
│      :state_jet        => ["x6_0", "x6_1"]
└      :measured_rhs_jet => ["x5_0", "x4_0", "x5_1", "x4_1", "x5_2"]
[ Info: Getting equation system from StructuralIdentifiability.jl
[ Info: Converting ODESystem to SI.jl format
┌ Warning: Floating point value -3.25577031987757 will be converted to -249441657//76615250.
└ @ ModelingToolkitSIExt ~/ParameterEstimationBenchmark-local/environments/StructuralIdentifiability.jl/ext/ModelingToolkitSIExt.jl:78
┌ Warning: Floating point value 8.0 will be converted to 8.
└ @ ModelingToolkitSIExt ~/ParameterEstimationBenchmark-local/environments/StructuralIdentifiability.jl/ext/ModelingToolkitSIExt.jl:78
┌ Warning: Floating point value 2.2154712781681956 will be converted to 120063210//54193079.
└ @ ModelingToolkitSIExt ~/ParameterEstimationBenchmark-local/environments/StructuralIdentifiability.jl/ext/ModelingToolkitSIExt.jl:78
┌ Warning: Floating point value 8.0 will be converted to 8.
└ @ ModelingToolkitSIExt ~/ParameterEstimationBenchmark-local/environments/StructuralIdentifiability.jl/ext/ModelingToolkitSIExt.jl:78
┌ Warning: Floating point value -0.003145073957126591 will be converted to -7654693//2433867408.
└ @ ModelingToolkitSIExt ~/ParameterEstimationBenchmark-local/environments/StructuralIdentifiability.jl/ext/ModelingToolkitSIExt.jl:78
┌ Warning: Floating point value 6.10897244476136 will be converted to 140400064//22982599.
└ @ ModelingToolkitSIExt ~/ParameterEstimationBenchmark-local/environments/StructuralIdentifiability.jl/ext/ModelingToolkitSIExt.jl:78
┌ Warning: Floating point value 0.5 will be converted to 1//2.
└ @ ModelingToolkitSIExt ~/ParameterEstimationBenchmark-local/environments/StructuralIdentifiability.jl/ext/ModelingToolkitSIExt.jl:78
┌ Warning: Floating point value 0.5 will be converted to 1//2.
└ @ ModelingToolkitSIExt ~/ParameterEstimationBenchmark-local/environments/StructuralIdentifiability.jl/ext/ModelingToolkitSIExt.jl:78
┌ Warning: Floating point value 3.25577031987757 will be converted to 249441657//76615250.
└ @ ModelingToolkitSIExt ~/ParameterEstimationBenchmark-local/environments/StructuralIdentifiability.jl/ext/ModelingToolkitSIExt.jl:78
┌ Warning: Floating point value 2.2154712781681956 will be converted to 120063210//54193079.
└ @ ModelingToolkitSIExt ~/ParameterEstimationBenchmark-local/environments/StructuralIdentifiability.jl/ext/ModelingToolkitSIExt.jl:78
┌ Warning: Floating point value 8.0 will be converted to 8.
└ @ ModelingToolkitSIExt ~/ParameterEstimationBenchmark-local/environments/StructuralIdentifiability.jl/ext/ModelingToolkitSIExt.jl:78
┌ Warning: Floating point value 0.5 will be converted to 1//2.
└ @ ModelingToolkitSIExt ~/ParameterEstimationBenchmark-local/environments/StructuralIdentifiability.jl/ext/ModelingToolkitSIExt.jl:78
┌ Warning: Floating point value -0.0049236008770148585 will be converted to -4257164//864644415.
└ @ ModelingToolkitSIExt ~/ParameterEstimationBenchmark-local/environments/StructuralIdentifiability.jl/ext/ModelingToolkitSIExt.jl:78
┌ Warning: Floating point value -10.938455643906517 will be converted to -335165821//30641055.
└ @ ModelingToolkitSIExt ~/ParameterEstimationBenchmark-local/environments/StructuralIdentifiability.jl/ext/ModelingToolkitSIExt.jl:78
┌ Warning: Floating point value -0.5 will be converted to -1//2.
└ @ ModelingToolkitSIExt ~/ParameterEstimationBenchmark-local/environments/StructuralIdentifiability.jl/ext/ModelingToolkitSIExt.jl:78
┌ Warning: Floating point value 0.003145073957126591 will be converted to 7654693//2433867408.
└ @ ModelingToolkitSIExt ~/ParameterEstimationBenchmark-local/environments/StructuralIdentifiability.jl/ext/ModelingToolkitSIExt.jl:78
┌ Warning: Floating point value 6.10897244476136 will be converted to 140400064//22982599.
└ @ ModelingToolkitSIExt ~/ParameterEstimationBenchmark-local/environments/StructuralIdentifiability.jl/ext/ModelingToolkitSIExt.jl:78
┌ Warning: Floating point value 0.5 will be converted to 1//2.
└ @ ModelingToolkitSIExt ~/ParameterEstimationBenchmark-local/environments/StructuralIdentifiability.jl/ext/ModelingToolkitSIExt.jl:78
┌ Warning: Floating point value 0.5 will be converted to 1//2.
└ @ ModelingToolkitSIExt ~/ParameterEstimationBenchmark-local/environments/StructuralIdentifiability.jl/ext/ModelingToolkitSIExt.jl:78
┌ Warning: Floating point value 0.5 will be converted to 1//2.
└ @ ModelingToolkitSIExt ~/ParameterEstimationBenchmark-local/environments/StructuralIdentifiability.jl/ext/ModelingToolkitSIExt.jl:78
┌ Warning: Floating point value 0.009847201754029717 will be converted to 6292545//639018592.
└ @ ModelingToolkitSIExt ~/ParameterEstimationBenchmark-local/environments/StructuralIdentifiability.jl/ext/ModelingToolkitSIExt.jl:78
┌ Warning: Floating point value -10.938455643906517 will be converted to -335165821//30641055.
└ @ ModelingToolkitSIExt ~/ParameterEstimationBenchmark-local/environments/StructuralIdentifiability.jl/ext/ModelingToolkitSIExt.jl:78
┌ Warning: Floating point value -0.5 will be converted to -1//2.
└ @ ModelingToolkitSIExt ~/ParameterEstimationBenchmark-local/environments/StructuralIdentifiability.jl/ext/ModelingToolkitSIExt.jl:78
┌ Warning: Floating point value 8.0 will be converted to 8.
└ @ ModelingToolkitSIExt ~/ParameterEstimationBenchmark-local/environments/StructuralIdentifiability.jl/ext/ModelingToolkitSIExt.jl:78
┌ Warning: Floating point value 0.5 will be converted to 1//2.
└ @ ModelingToolkitSIExt ~/ParameterEstimationBenchmark-local/environments/StructuralIdentifiability.jl/ext/ModelingToolkitSIExt.jl:78
[ Info: Getting polynomial system from SIAN
[ Info: Built polynomial system with 9 equations
[ Info: [SI-TEMPLATE] algebraic_multiplicity M = 1  (setup 0.0s, Groebner 0.0s, quotient_basis 0.0s, ring: 8 vars × 10 polys)
[ Info: [DEBUG-ALG-INDEP] Input: 9 equations, 7 indeterminates
[ Info: [DEBUG-ALG-INDEP] Jacobian size: (9, 7)
[ Info: [DEBUG-ALG-INDEP] Jacobian rank: 7
[ Info: [DEBUG-ALG-INDEP] Found 7 pivot columns
[ Info: [DEBUG-ALG-INDEP] Selected 7 equations (current_rank=7)
[ Info: [DEBUG-ALG-INDEP] Returning: output_ids=[1, 2, 3, 4, 5, 6, 7], alg_indep has 0 vars
[ Info: Reduced polynomial system to 7 equations
┌ Info: [SI-MAP] Extending DerivativeData support for SI template
│   current_order = -1
└   required_order = 5
[ Info: Checking identifiability
┌ Warning: There are no parameters in the given ODE, thus no identifiabile
│ functions.
│ Use `find_identifiable_functions` with keyword `with_states=true` to
│ compute the functions with the ODE states included.
└ @ StructuralIdentifiability ~/ParameterEstimationBenchmark-local/environments/StructuralIdentifiability.jl/src/identifiable_functions.jl:97
┌ Info: [SI-STRUCTURAL] SIAN/SI template summary
│   template_equation_count = 7
│   derivative_symbol_count = 12
│   max_derivative_order = 5
│   structural_unidentifiable_count = 1
└   identifiable_function_count = 1
┌ Info: [SI-MAP] Classified symbolic SI support variables while converting SIAN output
│   counts =
│    Dict{Symbol, Int64} with 2 entries:
│      :state_jet        => 2
│      :measured_rhs_jet => 5
│   samples =
│    Dict{Symbol, Vector{String}} with 2 entries:
│      :state_jet        => ["x6_0", "x6_1"]
└      :measured_rhs_jet => ["x5_0", "x4_0", "x5_1", "x4_1", "x5_2"]
[ Info: Getting equation system from StructuralIdentifiability.jl
[ Info: Converting ODESystem to SI.jl format
┌ Warning: Floating point value -3.255832531615036 will be converted to -124705246//38302107.
└ @ ModelingToolkitSIExt ~/ParameterEstimationBenchmark-local/environments/StructuralIdentifiability.jl/ext/ModelingToolkitSIExt.jl:78
┌ Warning: Floating point value 8.0 will be converted to 8.
└ @ ModelingToolkitSIExt ~/ParameterEstimationBenchmark-local/environments/StructuralIdentifiability.jl/ext/ModelingToolkitSIExt.jl:78
┌ Warning: Floating point value 2.215615402731923 will be converted to 280043471//126395344.
└ @ ModelingToolkitSIExt ~/ParameterEstimationBenchmark-local/environments/StructuralIdentifiability.jl/ext/ModelingToolkitSIExt.jl:78
┌ Warning: Floating point value 8.0 will be converted to 8.
└ @ ModelingToolkitSIExt ~/ParameterEstimationBenchmark-local/environments/StructuralIdentifiability.jl/ext/ModelingToolkitSIExt.jl:78
┌ Warning: Floating point value -0.004766702385169603 will be converted to -4797347//1006428892.
└ @ ModelingToolkitSIExt ~/ParameterEstimationBenchmark-local/environments/StructuralIdentifiability.jl/ext/ModelingToolkitSIExt.jl:78
┌ Warning: Floating point value 6.14220347548451 will be converted to 181060347//29478077.
└ @ ModelingToolkitSIExt ~/ParameterEstimationBenchmark-local/environments/StructuralIdentifiability.jl/ext/ModelingToolkitSIExt.jl:78
┌ Warning: Floating point value 0.5 will be converted to 1//2.
└ @ ModelingToolkitSIExt ~/ParameterEstimationBenchmark-local/environments/StructuralIdentifiability.jl/ext/ModelingToolkitSIExt.jl:78
┌ Warning: Floating point value 0.5 will be converted to 1//2.
└ @ ModelingToolkitSIExt ~/ParameterEstimationBenchmark-local/environments/StructuralIdentifiability.jl/ext/ModelingToolkitSIExt.jl:78
┌ Warning: Floating point value 3.255832531615036 will be converted to 124705246//38302107.
└ @ ModelingToolkitSIExt ~/ParameterEstimationBenchmark-local/environments/StructuralIdentifiability.jl/ext/ModelingToolkitSIExt.jl:78
┌ Warning: Floating point value 2.215615402731923 will be converted to 280043471//126395344.
└ @ ModelingToolkitSIExt ~/ParameterEstimationBenchmark-local/environments/StructuralIdentifiability.jl/ext/ModelingToolkitSIExt.jl:78
┌ Warning: Floating point value 8.0 will be converted to 8.
└ @ ModelingToolkitSIExt ~/ParameterEstimationBenchmark-local/environments/StructuralIdentifiability.jl/ext/ModelingToolkitSIExt.jl:78
┌ Warning: Floating point value 0.5 will be converted to 1//2.
└ @ ModelingToolkitSIExt ~/ParameterEstimationBenchmark-local/environments/StructuralIdentifiability.jl/ext/ModelingToolkitSIExt.jl:78
┌ Warning: Floating point value -0.004877266112973977 will be converted to -12911589//2647300496.
└ @ ModelingToolkitSIExt ~/ParameterEstimationBenchmark-local/environments/StructuralIdentifiability.jl/ext/ModelingToolkitSIExt.jl:78
┌ Warning: Floating point value -10.947392507612058 will be converted to -809420447//73937282.
└ @ ModelingToolkitSIExt ~/ParameterEstimationBenchmark-local/environments/StructuralIdentifiability.jl/ext/ModelingToolkitSIExt.jl:78
┌ Warning: Floating point value -0.5 will be converted to -1//2.
└ @ ModelingToolkitSIExt ~/ParameterEstimationBenchmark-local/environments/StructuralIdentifiability.jl/ext/ModelingToolkitSIExt.jl:78
┌ Warning: Floating point value 0.004766702385169603 will be converted to 4797347//1006428892.
└ @ ModelingToolkitSIExt ~/ParameterEstimationBenchmark-local/environments/StructuralIdentifiability.jl/ext/ModelingToolkitSIExt.jl:78
┌ Warning: Floating point value 6.14220347548451 will be converted to 181060347//29478077.
└ @ ModelingToolkitSIExt ~/ParameterEstimationBenchmark-local/environments/StructuralIdentifiability.jl/ext/ModelingToolkitSIExt.jl:78
┌ Warning: Floating point value 0.5 will be converted to 1//2.
└ @ ModelingToolkitSIExt ~/ParameterEstimationBenchmark-local/environments/StructuralIdentifiability.jl/ext/ModelingToolkitSIExt.jl:78
┌ Warning: Floating point value 0.5 will be converted to 1//2.
└ @ ModelingToolkitSIExt ~/ParameterEstimationBenchmark-local/environments/StructuralIdentifiability.jl/ext/ModelingToolkitSIExt.jl:78
┌ Warning: Floating point value 0.5 will be converted to 1//2.
└ @ ModelingToolkitSIExt ~/ParameterEstimationBenchmark-local/environments/StructuralIdentifiability.jl/ext/ModelingToolkitSIExt.jl:78
┌ Warning: Floating point value 0.009754532225947955 will be converted to 12911589//1323650248.
└ @ ModelingToolkitSIExt ~/ParameterEstimationBenchmark-local/environments/StructuralIdentifiability.jl/ext/ModelingToolkitSIExt.jl:78
┌ Warning: Floating point value -10.947392507612058 will be converted to -809420447//73937282.
└ @ ModelingToolkitSIExt ~/ParameterEstimationBenchmark-local/environments/StructuralIdentifiability.jl/ext/ModelingToolkitSIExt.jl:78
┌ Warning: Floating point value -0.5 will be converted to -1//2.
└ @ ModelingToolkitSIExt ~/ParameterEstimationBenchmark-local/environments/StructuralIdentifiability.jl/ext/ModelingToolkitSIExt.jl:78
┌ Warning: Floating point value 8.0 will be converted to 8.
└ @ ModelingToolkitSIExt ~/ParameterEstimationBenchmark-local/environments/StructuralIdentifiability.jl/ext/ModelingToolkitSIExt.jl:78
┌ Warning: Floating point value 0.5 will be converted to 1//2.
└ @ ModelingToolkitSIExt ~/ParameterEstimationBenchmark-local/environments/StructuralIdentifiability.jl/ext/ModelingToolkitSIExt.jl:78
[ Info: Getting polynomial system from SIAN
[ Info: Built polynomial system with 9 equations
[ Info: [SI-TEMPLATE] algebraic_multiplicity M = 1  (setup 0.0s, Groebner 0.0s, quotient_basis 0.0s, ring: 8 vars × 10 polys)
[ Info: [DEBUG-ALG-INDEP] Input: 9 equations, 7 indeterminates
[ Info: [DEBUG-ALG-INDEP] Jacobian size: (9, 7)
[ Info: [DEBUG-ALG-INDEP] Jacobian rank: 7
[ Info: [DEBUG-ALG-INDEP] Found 7 pivot columns
[ Info: [DEBUG-ALG-INDEP] Selected 7 equations (current_rank=7)
[ Info: [DEBUG-ALG-INDEP] Returning: output_ids=[1, 2, 3, 4, 5, 6, 7], alg_indep has 0 vars
[ Info: Reduced polynomial system to 7 equations
┌ Info: [SI-MAP] Extending DerivativeData support for SI template
│   current_order = -1
└   required_order = 5
[ Info: Checking identifiability
┌ Warning: There are no parameters in the given ODE, thus no identifiabile
│ functions.
│ Use `find_identifiable_functions` with keyword `with_states=true` to
│ compute the functions with the ODE states included.
└ @ StructuralIdentifiability ~/ParameterEstimationBenchmark-local/environments/StructuralIdentifiability.jl/src/identifiable_functions.jl:97
┌ Info: [SI-STRUCTURAL] SIAN/SI template summary
│   template_equation_count = 7
│   derivative_symbol_count = 12
│   max_derivative_order = 5
│   structural_unidentifiable_count = 1
└   identifiable_function_count = 1
┌ Info: [SI-MAP] Classified symbolic SI support variables while converting SIAN output
│   counts =
│    Dict{Symbol, Int64} with 2 entries:
│      :state_jet        => 2
│      :measured_rhs_jet => 5
│   samples =
│    Dict{Symbol, Vector{String}} with 2 entries:
│      :state_jet        => ["x6_0", "x6_1"]
└      :measured_rhs_jet => ["x5_0", "x4_0", "x5_1", "x4_1", "x5_2"]
[ Info: Getting equation system from StructuralIdentifiability.jl
[ Info: Converting ODESystem to SI.jl format
┌ Warning: Floating point value -3.255888053608077 will be converted to -121352473//37271697.
└ @ ModelingToolkitSIExt ~/ParameterEstimationBenchmark-local/environments/StructuralIdentifiability.jl/ext/ModelingToolkitSIExt.jl:78
┌ Warning: Floating point value 8.0 will be converted to 8.
└ @ ModelingToolkitSIExt ~/ParameterEstimationBenchmark-local/environments/StructuralIdentifiability.jl/ext/ModelingToolkitSIExt.jl:78
┌ Warning: Floating point value 2.215743280849535 will be converted to 152840323//68979256.
└ @ ModelingToolkitSIExt ~/ParameterEstimationBenchmark-local/environments/StructuralIdentifiability.jl/ext/ModelingToolkitSIExt.jl:78
┌ Warning: Floating point value 8.0 will be converted to 8.
└ @ ModelingToolkitSIExt ~/ParameterEstimationBenchmark-local/environments/StructuralIdentifiability.jl/ext/ModelingToolkitSIExt.jl:78
┌ Warning: Floating point value -0.007618062393318466 will be converted to -12353390//1621592127.
└ @ ModelingToolkitSIExt ~/ParameterEstimationBenchmark-local/environments/StructuralIdentifiability.jl/ext/ModelingToolkitSIExt.jl:78
┌ Warning: Floating point value 6.29805293605783 will be converted to 131770219//20922374.
└ @ ModelingToolkitSIExt ~/ParameterEstimationBenchmark-local/environments/StructuralIdentifiability.jl/ext/ModelingToolkitSIExt.jl:78
┌ Warning: Floating point value 0.5 will be converted to 1//2.
└ @ ModelingToolkitSIExt ~/ParameterEstimationBenchmark-local/environments/StructuralIdentifiability.jl/ext/ModelingToolkitSIExt.jl:78
┌ Warning: Floating point value 0.5 will be converted to 1//2.
└ @ ModelingToolkitSIExt ~/ParameterEstimationBenchmark-local/environments/StructuralIdentifiability.jl/ext/ModelingToolkitSIExt.jl:78
┌ Warning: Floating point value 3.255888053608077 will be converted to 121352473//37271697.
└ @ ModelingToolkitSIExt ~/ParameterEstimationBenchmark-local/environments/StructuralIdentifiability.jl/ext/ModelingToolkitSIExt.jl:78
┌ Warning: Floating point value 2.215743280849535 will be converted to 152840323//68979256.
└ @ ModelingToolkitSIExt ~/ParameterEstimationBenchmark-local/environments/StructuralIdentifiability.jl/ext/ModelingToolkitSIExt.jl:78
┌ Warning: Floating point value 8.0 will be converted to 8.
└ @ ModelingToolkitSIExt ~/ParameterEstimationBenchmark-local/environments/StructuralIdentifiability.jl/ext/ModelingToolkitSIExt.jl:78
┌ Warning: Floating point value 0.5 will be converted to 1//2.
└ @ ModelingToolkitSIExt ~/ParameterEstimationBenchmark-local/environments/StructuralIdentifiability.jl/ext/ModelingToolkitSIExt.jl:78
┌ Warning: Floating point value -0.004681231559617851 will be converted to -3687988//787824305.
└ @ ModelingToolkitSIExt ~/ParameterEstimationBenchmark-local/environments/StructuralIdentifiability.jl/ext/ModelingToolkitSIExt.jl:78
[CAND 525] ok  max=432b  0.2s
[CAND 527] ok  max=436b  0.4s
[CAND 530] ok  max=447b  0.2s
[CAND 537] ok  max=438b  0.2s
┌ Warning: Floating point value -11.102543033899826 will be converted to -251215809//22626871.
└ @ ModelingToolkitSIExt ~/ParameterEstimationBenchmark-local/environments/StructuralIdentifiability.jl/ext/ModelingToolkitSIExt.jl:78
┌ Warning: Floating point value -0.5 will be converted to -1//2.
└ @ ModelingToolkitSIExt ~/ParameterEstimationBenchmark-local/environments/StructuralIdentifiability.jl/ext/ModelingToolkitSIExt.jl:78
┌ Warning: Floating point value 0.007618062393318466 will be converted to 12353390//1621592127.
└ @ ModelingToolkitSIExt ~/ParameterEstimationBenchmark-local/environments/StructuralIdentifiability.jl/ext/ModelingToolkitSIExt.jl:78
┌ Warning: Floating point value 6.29805293605783 will be converted to 131770219//20922374.
└ @ ModelingToolkitSIExt ~/ParameterEstimationBenchmark-local/environments/StructuralIdentifiability.jl/ext/ModelingToolkitSIExt.jl:78
┌ Warning: Floating point value 0.5 will be converted to 1//2.
└ @ ModelingToolkitSIExt ~/ParameterEstimationBenchmark-local/environments/StructuralIdentifiability.jl/ext/ModelingToolkitSIExt.jl:78
┌ Warning: Floating point value 0.5 will be converted to 1//2.
└ @ ModelingToolkitSIExt ~/ParameterEstimationBenchmark-local/environments/StructuralIdentifiability.jl/ext/ModelingToolkitSIExt.jl:78
┌ Warning: Floating point value 0.5 will be converted to 1//2.
└ @ ModelingToolkitSIExt ~/ParameterEstimationBenchmark-local/environments/StructuralIdentifiability.jl/ext/ModelingToolkitSIExt.jl:78
┌ Warning: Floating point value 0.009362463119235703 will be converted to 7375976//787824305.
└ @ ModelingToolkitSIExt ~/ParameterEstimationBenchmark-local/environments/StructuralIdentifiability.jl/ext/ModelingToolkitSIExt.jl:78
┌ Warning: Floating point value -11.102543033899826 will be converted to -251215809//22626871.
└ @ ModelingToolkitSIExt ~/ParameterEstimationBenchmark-local/environments/StructuralIdentifiability.jl/ext/ModelingToolkitSIExt.jl:78
┌ Warning: Floating point value -0.5 will be converted to -1//2.
└ @ ModelingToolkitSIExt ~/ParameterEstimationBenchmark-local/environments/StructuralIdentifiability.jl/ext/ModelingToolkitSIExt.jl:78
┌ Warning: Floating point value 8.0 will be converted to 8.
└ @ ModelingToolkitSIExt ~/ParameterEstimationBenchmark-local/environments/StructuralIdentifiability.jl/ext/ModelingToolkitSIExt.jl:78
┌ Warning: Floating point value 0.5 will be converted to 1//2.
└ @ ModelingToolkitSIExt ~/ParameterEstimationBenchmark-local/environments/StructuralIdentifiability.jl/ext/ModelingToolkitSIExt.jl:78
[ Info: Getting polynomial system from SIAN
[ Info: Built polynomial system with 9 equations
[ Info: [SI-TEMPLATE] algebraic_multiplicity M = 1  (setup 0.0s, Groebner 0.0s, quotient_basis 0.0s, ring: 8 vars × 10 polys)
[ Info: [DEBUG-ALG-INDEP] Input: 9 equations, 7 indeterminates
[ Info: [DEBUG-ALG-INDEP] Jacobian size: (9, 7)
[ Info: [DEBUG-ALG-INDEP] Jacobian rank: 7
[ Info: [DEBUG-ALG-INDEP] Found 7 pivot columns
[ Info: [DEBUG-ALG-INDEP] Selected 7 equations (current_rank=7)
[ Info: [DEBUG-ALG-INDEP] Returning: output_ids=[1, 2, 3, 4, 5, 6, 7], alg_indep has 0 vars
[ Info: Reduced polynomial system to 7 equations
┌ Info: [SI-MAP] Extending DerivativeData support for SI template
│   current_order = -1
└   required_order = 5
[ Info: Checking identifiability
┌ Warning: There are no parameters in the given ODE, thus no identifiabile
│ functions.
│ Use `find_identifiable_functions` with keyword `with_states=true` to
│ compute the functions with the ODE states included.
└ @ StructuralIdentifiability ~/ParameterEstimationBenchmark-local/environments/StructuralIdentifiability.jl/src/identifiable_functions.jl:97
┌ Info: [SI-STRUCTURAL] SIAN/SI template summary
│   template_equation_count = 7
│   derivative_symbol_count = 12
│   max_derivative_order = 5
│   structural_unidentifiable_count = 1
└   identifiable_function_count = 1
┌ Info: [SI-MAP] Classified symbolic SI support variables while converting SIAN output
│   counts =
│    Dict{Symbol, Int64} with 2 entries:
│      :state_jet        => 2
│      :measured_rhs_jet => 5
│   samples =
│    Dict{Symbol, Vector{String}} with 2 entries:
│      :state_jet        => ["x6_0", "x6_1"]
└      :measured_rhs_jet => ["x5_0", "x4_0", "x5_1", "x4_1", "x5_2"]
[ Info: Getting equation system from StructuralIdentifiability.jl
[ Info: Converting ODESystem to SI.jl format
┌ Warning: Floating point value -3.255941671150531 will be converted to -120697621//37069958.
└ @ ModelingToolkitSIExt ~/ParameterEstimationBenchmark-local/environments/StructuralIdentifiability.jl/ext/ModelingToolkitSIExt.jl:78
┌ Warning: Floating point value 8.0 will be converted to 8.
└ @ ModelingToolkitSIExt ~/ParameterEstimationBenchmark-local/environments/StructuralIdentifiability.jl/ext/ModelingToolkitSIExt.jl:78
┌ Warning: Floating point value 2.2158659329785944 will be converted to 113494127//51218860.
└ @ ModelingToolkitSIExt ~/ParameterEstimationBenchmark-local/environments/StructuralIdentifiability.jl/ext/ModelingToolkitSIExt.jl:78
┌ Warning: Floating point value 8.0 will be converted to 8.
└ @ ModelingToolkitSIExt ~/ParameterEstimationBenchmark-local/environments/StructuralIdentifiability.jl/ext/ModelingToolkitSIExt.jl:78
┌ Warning: Floating point value -0.01448778598664348 will be converted to -2471657//170602810.
└ @ ModelingToolkitSIExt ~/ParameterEstimationBenchmark-local/environments/StructuralIdentifiability.jl/ext/ModelingToolkitSIExt.jl:78
┌ Warning: Floating point value 7.054115492074978 will be converted to 165603029//23476087.
└ @ ModelingToolkitSIExt ~/ParameterEstimationBenchmark-local/environments/StructuralIdentifiability.jl/ext/ModelingToolkitSIExt.jl:78
┌ Warning: Floating point value 0.5 will be converted to 1//2.
└ @ ModelingToolkitSIExt ~/ParameterEstimationBenchmark-local/environments/StructuralIdentifiability.jl/ext/ModelingToolkitSIExt.jl:78
┌ Warning: Floating point value 0.5 will be converted to 1//2.
└ @ ModelingToolkitSIExt ~/ParameterEstimationBenchmark-local/environments/StructuralIdentifiability.jl/ext/ModelingToolkitSIExt.jl:78
┌ Warning: Floating point value 3.255941671150531 will be converted to 120697621//37069958.
└ @ ModelingToolkitSIExt ~/ParameterEstimationBenchmark-local/environments/StructuralIdentifiability.jl/ext/ModelingToolkitSIExt.jl:78
┌ Warning: Floating point value 2.2158659329785944 will be converted to 113494127//51218860.
└ @ ModelingToolkitSIExt ~/ParameterEstimationBenchmark-local/environments/StructuralIdentifiability.jl/ext/ModelingToolkitSIExt.jl:78
┌ Warning: Floating point value 8.0 will be converted to 8.
└ @ ModelingToolkitSIExt ~/ParameterEstimationBenchmark-local/environments/StructuralIdentifiability.jl/ext/ModelingToolkitSIExt.jl:78
┌ Warning: Floating point value 0.5 will be converted to 1//2.
└ @ ModelingToolkitSIExt ~/ParameterEstimationBenchmark-local/environments/StructuralIdentifiability.jl/ext/ModelingToolkitSIExt.jl:78
┌ Warning: Floating point value -0.003897729146443405 will be converted to -8853364//2271415911.
└ @ ModelingToolkitSIExt ~/ParameterEstimationBenchmark-local/environments/StructuralIdentifiability.jl/ext/ModelingToolkitSIExt.jl:78
┌ Warning: Floating point value -12.002488710863155 will be converted to -88946411//7410664.
└ @ ModelingToolkitSIExt ~/ParameterEstimationBenchmark-local/environments/StructuralIdentifiability.jl/ext/ModelingToolkitSIExt.jl:78
┌ Warning: Floating point value -0.5 will be converted to -1//2.
└ @ ModelingToolkitSIExt ~/ParameterEstimationBenchmark-local/environments/StructuralIdentifiability.jl/ext/ModelingToolkitSIExt.jl:78
┌ Warning: Floating point value 0.01448778598664348 will be converted to 2471657//170602810.
└ @ ModelingToolkitSIExt ~/ParameterEstimationBenchmark-local/environments/StructuralIdentifiability.jl/ext/ModelingToolkitSIExt.jl:78
┌ Warning: Floating point value 7.054115492074978 will be converted to 165603029//23476087.
└ @ ModelingToolkitSIExt ~/ParameterEstimationBenchmark-local/environments/StructuralIdentifiability.jl/ext/ModelingToolkitSIExt.jl:78
┌ Warning: Floating point value 0.5 will be converted to 1//2.
└ @ ModelingToolkitSIExt ~/ParameterEstimationBenchmark-local/environments/StructuralIdentifiability.jl/ext/ModelingToolkitSIExt.jl:78
┌ Warning: Floating point value 0.5 will be converted to 1//2.
└ @ ModelingToolkitSIExt ~/ParameterEstimationBenchmark-local/environments/StructuralIdentifiability.jl/ext/ModelingToolkitSIExt.jl:78
┌ Warning: Floating point value 0.5 will be converted to 1//2.
└ @ ModelingToolkitSIExt ~/ParameterEstimationBenchmark-local/environments/StructuralIdentifiability.jl/ext/ModelingToolkitSIExt.jl:78
┌ Warning: Floating point value 0.00779545829288681 will be converted to 16739287//2147312752.
└ @ ModelingToolkitSIExt ~/ParameterEstimationBenchmark-local/environments/StructuralIdentifiability.jl/ext/ModelingToolkitSIExt.jl:78
┌ Warning: Floating point value -12.002488710863155 will be converted to -88946411//7410664.
└ @ ModelingToolkitSIExt ~/ParameterEstimationBenchmark-local/environments/StructuralIdentifiability.jl/ext/ModelingToolkitSIExt.jl:78
┌ Warning: Floating point value -0.5 will be converted to -1//2.
└ @ ModelingToolkitSIExt ~/ParameterEstimationBenchmark-local/environments/StructuralIdentifiability.jl/ext/ModelingToolkitSIExt.jl:78
┌ Warning: Floating point value 8.0 will be converted to 8.
└ @ ModelingToolkitSIExt ~/ParameterEstimationBenchmark-local/environments/StructuralIdentifiability.jl/ext/ModelingToolkitSIExt.jl:78
┌ Warning: Floating point value 0.5 will be converted to 1//2.
└ @ ModelingToolkitSIExt ~/ParameterEstimationBenchmark-local/environments/StructuralIdentifiability.jl/ext/ModelingToolkitSIExt.jl:78
[ Info: Getting polynomial system from SIAN
[ Info: Built polynomial system with 9 equations
[ Info: [SI-TEMPLATE] algebraic_multiplicity M = 1  (setup 0.0s, Groebner 0.0s, quotient_basis 0.0s, ring: 8 vars × 10 polys)
[ Info: [DEBUG-ALG-INDEP] Input: 9 equations, 7 indeterminates
[ Info: [DEBUG-ALG-INDEP] Jacobian size: (9, 7)
[ Info: [DEBUG-ALG-INDEP] Jacobian rank: 7
[ Info: [DEBUG-ALG-INDEP] Found 7 pivot columns
[ Info: [DEBUG-ALG-INDEP] Selected 7 equations (current_rank=7)
[ Info: [DEBUG-ALG-INDEP] Returning: output_ids=[1, 2, 3, 4, 5, 6, 7], alg_indep has 0 vars
[ Info: Reduced polynomial system to 7 equations
┌ Info: [SI-MAP] Extending DerivativeData support for SI template
│   current_order = -1
└   required_order = 5
[ Info: Checking identifiability
┌ Warning: There are no parameters in the given ODE, thus no identifiabile
│ functions.
│ Use `find_identifiable_functions` with keyword `with_states=true` to
│ compute the functions with the ODE states included.
└ @ StructuralIdentifiability ~/ParameterEstimationBenchmark-local/environments/StructuralIdentifiability.jl/src/identifiable_functions.jl:97
┌ Info: [SI-STRUCTURAL] SIAN/SI template summary
│   template_equation_count = 7
│   derivative_symbol_count = 12
│   max_derivative_order = 5
│   structural_unidentifiable_count = 1
└   identifiable_function_count = 1
┌ Info: [SI-MAP] Classified symbolic SI support variables while converting SIAN output
│   counts =
│    Dict{Symbol, Int64} with 2 entries:
│      :state_jet        => 2
│      :measured_rhs_jet => 5
│   samples =
│    Dict{Symbol, Vector{String}} with 2 entries:
│      :state_jet        => ["x6_0", "x6_1"]
└      :measured_rhs_jet => ["x5_0", "x4_0", "x5_1", "x4_1", "x5_2"]
[ Info: Getting equation system from StructuralIdentifiability.jl
[ Info: Converting ODESystem to SI.jl format
┌ Warning: Floating point value -3.255941671150531 will be converted to -120697621//37069958.
└ @ ModelingToolkitSIExt ~/ParameterEstimationBenchmark-local/environments/StructuralIdentifiability.jl/ext/ModelingToolkitSIExt.jl:78
┌ Warning: Floating point value 8.0 will be converted to 8.
└ @ ModelingToolkitSIExt ~/ParameterEstimationBenchmark-local/environments/StructuralIdentifiability.jl/ext/ModelingToolkitSIExt.jl:78
┌ Warning: Floating point value 2.2158659329785944 will be converted to 113494127//51218860.
└ @ ModelingToolkitSIExt ~/ParameterEstimationBenchmark-local/environments/StructuralIdentifiability.jl/ext/ModelingToolkitSIExt.jl:78
┌ Warning: Floating point value 8.0 will be converted to 8.
└ @ ModelingToolkitSIExt ~/ParameterEstimationBenchmark-local/environments/StructuralIdentifiability.jl/ext/ModelingToolkitSIExt.jl:78
┌ Warning: Floating point value -0.23757576931127222 will be converted to -108435143//456423411.
└ @ ModelingToolkitSIExt ~/ParameterEstimationBenchmark-local/environments/StructuralIdentifiability.jl/ext/ModelingToolkitSIExt.jl:78
┌ Warning: Floating point value 3.1576034782925024 will be converted to 176379537//55858672.
└ @ ModelingToolkitSIExt ~/ParameterEstimationBenchmark-local/environments/StructuralIdentifiability.jl/ext/ModelingToolkitSIExt.jl:78
┌ Warning: Floating point value 0.5 will be converted to 1//2.
└ @ ModelingToolkitSIExt ~/ParameterEstimationBenchmark-local/environments/StructuralIdentifiability.jl/ext/ModelingToolkitSIExt.jl:78
┌ Warning: Floating point value 0.5 will be converted to 1//2.
└ @ ModelingToolkitSIExt ~/ParameterEstimationBenchmark-local/environments/StructuralIdentifiability.jl/ext/ModelingToolkitSIExt.jl:78
┌ Warning: Floating point value 3.255941671150531 will be converted to 120697621//37069958.
└ @ ModelingToolkitSIExt ~/ParameterEstimationBenchmark-local/environments/StructuralIdentifiability.jl/ext/ModelingToolkitSIExt.jl:78
┌ Warning: Floating point value 2.2158659329785944 will be converted to 113494127//51218860.
└ @ ModelingToolkitSIExt ~/ParameterEstimationBenchmark-local/environments/StructuralIdentifiability.jl/ext/ModelingToolkitSIExt.jl:78
┌ Warning: Floating point value 8.0 will be converted to 8.
└ @ ModelingToolkitSIExt ~/ParameterEstimationBenchmark-local/environments/StructuralIdentifiability.jl/ext/ModelingToolkitSIExt.jl:78
┌ Warning: Floating point value 0.5 will be converted to 1//2.
└ @ ModelingToolkitSIExt ~/ParameterEstimationBenchmark-local/environments/StructuralIdentifiability.jl/ext/ModelingToolkitSIExt.jl:78
┌ Warning: Floating point value 0.05719114237912519 will be converted to 26845788//469404647.
└ @ ModelingToolkitSIExt ~/ParameterEstimationBenchmark-local/environments/StructuralIdentifiability.jl/ext/ModelingToolkitSIExt.jl:78
┌ Warning: Floating point value -1.4402430419768395 will be converted to -75384353//52341411.
└ @ ModelingToolkitSIExt ~/ParameterEstimationBenchmark-local/environments/StructuralIdentifiability.jl/ext/ModelingToolkitSIExt.jl:78
┌ Warning: Floating point value -0.5 will be converted to -1//2.
└ @ ModelingToolkitSIExt ~/ParameterEstimationBenchmark-local/environments/StructuralIdentifiability.jl/ext/ModelingToolkitSIExt.jl:78
┌ Warning: Floating point value 0.23757576931127222 will be converted to 108435143//456423411.
└ @ ModelingToolkitSIExt ~/ParameterEstimationBenchmark-local/environments/StructuralIdentifiability.jl/ext/ModelingToolkitSIExt.jl:78
┌ Warning: Floating point value 3.1576034782925024 will be converted to 176379537//55858672.
└ @ ModelingToolkitSIExt ~/ParameterEstimationBenchmark-local/environments/StructuralIdentifiability.jl/ext/ModelingToolkitSIExt.jl:78
┌ Warning: Floating point value 0.5 will be converted to 1//2.
└ @ ModelingToolkitSIExt ~/ParameterEstimationBenchmark-local/environments/StructuralIdentifiability.jl/ext/ModelingToolkitSIExt.jl:78
┌ Warning: Floating point value 0.5 will be converted to 1//2.
└ @ ModelingToolkitSIExt ~/ParameterEstimationBenchmark-local/environments/StructuralIdentifiability.jl/ext/ModelingToolkitSIExt.jl:78
┌ Warning: Floating point value 0.5 will be converted to 1//2.
└ @ ModelingToolkitSIExt ~/ParameterEstimationBenchmark-local/environments/StructuralIdentifiability.jl/ext/ModelingToolkitSIExt.jl:78
┌ Warning: Floating point value -0.11438228475825038 will be converted to -40195991//351417976.
└ @ ModelingToolkitSIExt ~/ParameterEstimationBenchmark-local/environments/StructuralIdentifiability.jl/ext/ModelingToolkitSIExt.jl:78
┌ Warning: Floating point value -1.4402430419768395 will be converted to -75384353//52341411.
└ @ ModelingToolkitSIExt ~/ParameterEstimationBenchmark-local/environments/StructuralIdentifiability.jl/ext/ModelingToolkitSIExt.jl:78
┌ Warning: Floating point value -0.5 will be converted to -1//2.
└ @ ModelingToolkitSIExt ~/ParameterEstimationBenchmark-local/environments/StructuralIdentifiability.jl/ext/ModelingToolkitSIExt.jl:78
┌ Warning: Floating point value 8.0 will be converted to 8.
└ @ ModelingToolkitSIExt ~/ParameterEstimationBenchmark-local/environments/StructuralIdentifiability.jl/ext/ModelingToolkitSIExt.jl:78
┌ Warning: Floating point value 0.5 will be converted to 1//2.
└ @ ModelingToolkitSIExt ~/ParameterEstimationBenchmark-local/environments/StructuralIdentifiability.jl/ext/ModelingToolkitSIExt.jl:78
[ Info: Getting polynomial system from SIAN
[ Info: Built polynomial system with 9 equations
[ Info: [SI-TEMPLATE] algebraic_multiplicity M = 1  (setup 0.0s, Groebner 0.0s, quotient_basis 0.0s, ring: 8 vars × 10 polys)
[ Info: [DEBUG-ALG-INDEP] Input: 9 equations, 7 indeterminates
[ Info: [DEBUG-ALG-INDEP] Jacobian size: (9, 7)
[ Info: [DEBUG-ALG-INDEP] Jacobian rank: 7
[ Info: [DEBUG-ALG-INDEP] Found 7 pivot columns
[ Info: [DEBUG-ALG-INDEP] Selected 7 equations (current_rank=7)
[ Info: [DEBUG-ALG-INDEP] Returning: output_ids=[1, 2, 3, 4, 5, 6, 7], alg_indep has 0 vars
[ Info: Reduced polynomial system to 7 equations
┌ Info: [SI-MAP] Extending DerivativeData support for SI template
│   current_order = -1
└   required_order = 5
[ Info: Checking identifiability
┌ Warning: There are no parameters in the given ODE, thus no identifiabile
│ functions.
│ Use `find_identifiable_functions` with keyword `with_states=true` to
│ compute the functions with the ODE states included.
└ @ StructuralIdentifiability ~/ParameterEstimationBenchmark-local/environments/StructuralIdentifiability.jl/src/identifiable_functions.jl:97
┌ Info: [SI-STRUCTURAL] SIAN/SI template summary
│   template_equation_count = 7
│   derivative_symbol_count = 12
│   max_derivative_order = 5
│   structural_unidentifiable_count = 1
└   identifiable_function_count = 1
┌ Info: [SI-MAP] Classified symbolic SI support variables while converting SIAN output
│   counts =
│    Dict{Symbol, Int64} with 2 entries:
│      :state_jet        => 2
│      :measured_rhs_jet => 5
│   samples =
│    Dict{Symbol, Vector{String}} with 2 entries:
│      :state_jet        => ["x6_0", "x6_1"]
└      :measured_rhs_jet => ["x5_0", "x4_0", "x5_1", "x4_1", "x5_2"]
[ Info: Getting equation system from StructuralIdentifiability.jl
[ Info: Converting ODESystem to SI.jl format
┌ Warning: Floating point value -3.2560318951595875 will be converted to -57901237//17782761.
└ @ ModelingToolkitSIExt ~/ParameterEstimationBenchmark-local/environments/StructuralIdentifiability.jl/ext/ModelingToolkitSIExt.jl:78
┌ Warning: Floating point value 8.0 will be converted to 8.
└ @ ModelingToolkitSIExt ~/ParameterEstimationBenchmark-local/environments/StructuralIdentifiability.jl/ext/ModelingToolkitSIExt.jl:78
┌ Warning: Floating point value 2.2160692642036808 will be converted to 162724991//73429560.
└ @ ModelingToolkitSIExt ~/ParameterEstimationBenchmark-local/environments/StructuralIdentifiability.jl/ext/ModelingToolkitSIExt.jl:78
┌ Warning: Floating point value 8.0 will be converted to 8.
└ @ ModelingToolkitSIExt ~/ParameterEstimationBenchmark-local/environments/StructuralIdentifiability.jl/ext/ModelingToolkitSIExt.jl:78
┌ Warning: Floating point value -0.14579501917869533 will be converted to -12990893//89103819.
└ @ ModelingToolkitSIExt ~/ParameterEstimationBenchmark-local/environments/StructuralIdentifiability.jl/ext/ModelingToolkitSIExt.jl:78
┌ Warning: Floating point value 0.9854337400420387 will be converted to 51585920//52348441.
└ @ ModelingToolkitSIExt ~/ParameterEstimationBenchmark-local/environments/StructuralIdentifiability.jl/ext/ModelingToolkitSIExt.jl:78
┌ Warning: Floating point value 0.5 will be converted to 1//2.
└ @ ModelingToolkitSIExt ~/ParameterEstimationBenchmark-local/environments/StructuralIdentifiability.jl/ext/ModelingToolkitSIExt.jl:78
┌ Warning: Floating point value 0.5 will be converted to 1//2.
└ @ ModelingToolkitSIExt ~/ParameterEstimationBenchmark-local/environments/StructuralIdentifiability.jl/ext/ModelingToolkitSIExt.jl:78
┌ Warning: Floating point value 3.2560318951595875 will be converted to 57901237//17782761.
└ @ ModelingToolkitSIExt ~/ParameterEstimationBenchmark-local/environments/StructuralIdentifiability.jl/ext/ModelingToolkitSIExt.jl:78
┌ Warning: Floating point value 2.2160692642036808 will be converted to 162724991//73429560.
└ @ ModelingToolkitSIExt ~/ParameterEstimationBenchmark-local/environments/StructuralIdentifiability.jl/ext/ModelingToolkitSIExt.jl:78
┌ Warning: Floating point value 8.0 will be converted to 8.
└ @ ModelingToolkitSIExt ~/ParameterEstimationBenchmark-local/environments/StructuralIdentifiability.jl/ext/ModelingToolkitSIExt.jl:78
┌ Warning: Floating point value 0.5 will be converted to 1//2.
└ @ ModelingToolkitSIExt ~/ParameterEstimationBenchmark-local/environments/StructuralIdentifiability.jl/ext/ModelingToolkitSIExt.jl:78
┌ Warning: Floating point value 0.022658184228161172 will be converted to 5956068//262866077.
└ @ ModelingToolkitSIExt ~/ParameterEstimationBenchmark-local/environments/StructuralIdentifiability.jl/ext/ModelingToolkitSIExt.jl:78
┌ Warning: Floating point value -3.7484397783555323 will be converted to -158834989//42373627.
└ @ ModelingToolkitSIExt ~/ParameterEstimationBenchmark-local/environments/StructuralIdentifiability.jl/ext/ModelingToolkitSIExt.jl:78
┌ Warning: Floating point value -0.5 will be converted to -1//2.
└ @ ModelingToolkitSIExt ~/ParameterEstimationBenchmark-local/environments/StructuralIdentifiability.jl/ext/ModelingToolkitSIExt.jl:78
┌ Warning: Floating point value 0.14579501917869533 will be converted to 12990893//89103819.
└ @ ModelingToolkitSIExt ~/ParameterEstimationBenchmark-local/environments/StructuralIdentifiability.jl/ext/ModelingToolkitSIExt.jl:78
┌ Warning: Floating point value 0.9854337400420387 will be converted to 51585920//52348441.
└ @ ModelingToolkitSIExt ~/ParameterEstimationBenchmark-local/environments/StructuralIdentifiability.jl/ext/ModelingToolkitSIExt.jl:78
┌ Warning: Floating point value 0.5 will be converted to 1//2.
└ @ ModelingToolkitSIExt ~/ParameterEstimationBenchmark-local/environments/StructuralIdentifiability.jl/ext/ModelingToolkitSIExt.jl:78
┌ Warning: Floating point value 0.5 will be converted to 1//2.
└ @ ModelingToolkitSIExt ~/ParameterEstimationBenchmark-local/environments/StructuralIdentifiability.jl/ext/ModelingToolkitSIExt.jl:78
┌ Warning: Floating point value 0.5 will be converted to 1//2.
└ @ ModelingToolkitSIExt ~/ParameterEstimationBenchmark-local/environments/StructuralIdentifiability.jl/ext/ModelingToolkitSIExt.jl:78
┌ Warning: Floating point value -0.045316368456322344 will be converted to -11912136//262866077.
└ @ ModelingToolkitSIExt ~/ParameterEstimationBenchmark-local/environments/StructuralIdentifiability.jl/ext/ModelingToolkitSIExt.jl:78
┌ Warning: Floating point value -3.7484397783555323 will be converted to -158834989//42373627.
└ @ ModelingToolkitSIExt ~/ParameterEstimationBenchmark-local/environments/StructuralIdentifiability.jl/ext/ModelingToolkitSIExt.jl:78
┌ Warning: Floating point value -0.5 will be converted to -1//2.
└ @ ModelingToolkitSIExt ~/ParameterEstimationBenchmark-local/environments/StructuralIdentifiability.jl/ext/ModelingToolkitSIExt.jl:78
┌ Warning: Floating point value 8.0 will be converted to 8.
└ @ ModelingToolkitSIExt ~/ParameterEstimationBenchmark-local/environments/StructuralIdentifiability.jl/ext/ModelingToolkitSIExt.jl:78
┌ Warning: Floating point value 0.5 will be converted to 1//2.
└ @ ModelingToolkitSIExt ~/ParameterEstimationBenchmark-local/environments/StructuralIdentifiability.jl/ext/ModelingToolkitSIExt.jl:78
[ Info: Getting polynomial system from SIAN
[ Info: Built polynomial system with 9 equations
[ Info: [SI-TEMPLATE] algebraic_multiplicity M = 1  (setup 0.0s, Groebner 0.0s, quotient_basis 0.0s, ring: 8 vars × 10 polys)
[ Info: [DEBUG-ALG-INDEP] Input: 9 equations, 7 indeterminates
[ Info: [DEBUG-ALG-INDEP] Jacobian size: (9, 7)
[ Info: [DEBUG-ALG-INDEP] Jacobian rank: 7
[ Info: [DEBUG-ALG-INDEP] Found 7 pivot columns
[ Info: [DEBUG-ALG-INDEP] Selected 7 equations (current_rank=7)
[ Info: [DEBUG-ALG-INDEP] Returning: output_ids=[1, 2, 3, 4, 5, 6, 7], alg_indep has 0 vars
[ Info: Reduced polynomial system to 7 equations
┌ Info: [SI-MAP] Extending DerivativeData support for SI template
│   current_order = -1
└   required_order = 5
[ Info: Checking identifiability
┌ Warning: There are no parameters in the given ODE, thus no identifiabile
│ functions.
│ Use `find_identifiable_functions` with keyword `with_states=true` to
│ compute the functions with the ODE states included.
└ @ StructuralIdentifiability ~/ParameterEstimationBenchmark-local/environments/StructuralIdentifiability.jl/src/identifiable_functions.jl:97
┌ Info: [SI-STRUCTURAL] SIAN/SI template summary
│   template_equation_count = 7
│   derivative_symbol_count = 12
│   max_derivative_order = 5
│   structural_unidentifiable_count = 1
└   identifiable_function_count = 1
┌ Info: [SI-MAP] Classified symbolic SI support variables while converting SIAN output
│   counts =
│    Dict{Symbol, Int64} with 2 entries:
│      :state_jet        => 2
│      :measured_rhs_jet => 5
│   samples =
│    Dict{Symbol, Vector{String}} with 2 entries:
│      :state_jet        => ["x6_0", "x6_1"]
└      :measured_rhs_jet => ["x5_0", "x4_0", "x5_1", "x4_1", "x5_2"]
[ Info: Getting equation system from StructuralIdentifiability.jl
[ Info: Converting ODESystem to SI.jl format
┌ Warning: Floating point value -3.255998019661134 will be converted to -141542623//43471348.
└ @ ModelingToolkitSIExt ~/ParameterEstimationBenchmark-local/environments/StructuralIdentifiability.jl/ext/ModelingToolkitSIExt.jl:78
┌ Warning: Floating point value 8.0 will be converted to 8.
└ @ ModelingToolkitSIExt ~/ParameterEstimationBenchmark-local/environments/StructuralIdentifiability.jl/ext/ModelingToolkitSIExt.jl:78
┌ Warning: Floating point value 2.215997103905305 will be converted to 67536731//30476904.
└ @ ModelingToolkitSIExt ~/ParameterEstimationBenchmark-local/environments/StructuralIdentifiability.jl/ext/ModelingToolkitSIExt.jl:78
┌ Warning: Floating point value 8.0 will be converted to 8.
└ @ ModelingToolkitSIExt ~/ParameterEstimationBenchmark-local/environments/StructuralIdentifiability.jl/ext/ModelingToolkitSIExt.jl:78
┌ Warning: Floating point value -0.14531180914075217 will be converted to -25175444//173251191.
└ @ ModelingToolkitSIExt ~/ParameterEstimationBenchmark-local/environments/StructuralIdentifiability.jl/ext/ModelingToolkitSIExt.jl:78
┌ Warning: Floating point value 4.290004121592377 will be converted to 172335330//40171367.
└ @ ModelingToolkitSIExt ~/ParameterEstimationBenchmark-local/environments/StructuralIdentifiability.jl/ext/ModelingToolkitSIExt.jl:78
┌ Warning: Floating point value 0.5 will be converted to 1//2.
└ @ ModelingToolkitSIExt ~/ParameterEstimationBenchmark-local/environments/StructuralIdentifiability.jl/ext/ModelingToolkitSIExt.jl:78
┌ Warning: Floating point value 0.5 will be converted to 1//2.
└ @ ModelingToolkitSIExt ~/ParameterEstimationBenchmark-local/environments/StructuralIdentifiability.jl/ext/ModelingToolkitSIExt.jl:78
┌ Warning: Floating point value 3.255998019661134 will be converted to 141542623//43471348.
└ @ ModelingToolkitSIExt ~/ParameterEstimationBenchmark-local/environments/StructuralIdentifiability.jl/ext/ModelingToolkitSIExt.jl:78
┌ Warning: Floating point value 2.215997103905305 will be converted to 67536731//30476904.
└ @ ModelingToolkitSIExt ~/ParameterEstimationBenchmark-local/environments/StructuralIdentifiability.jl/ext/ModelingToolkitSIExt.jl:78
┌ Warning: Floating point value 8.0 will be converted to 8.
└ @ ModelingToolkitSIExt ~/ParameterEstimationBenchmark-local/environments/StructuralIdentifiability.jl/ext/ModelingToolkitSIExt.jl:78
┌ Warning: Floating point value 0.5 will be converted to 1//2.
└ @ ModelingToolkitSIExt ~/ParameterEstimationBenchmark-local/environments/StructuralIdentifiability.jl/ext/ModelingToolkitSIExt.jl:78
┌ Warning: Floating point value -0.04192747494681326 will be converted to -18139079//432629893.
└ @ ModelingToolkitSIExt ~/ParameterEstimationBenchmark-local/environments/StructuralIdentifiability.jl/ext/ModelingToolkitSIExt.jl:78
┌ Warning: Floating point value -3.221581460593406 will be converted to -115427363//35829410.
└ @ ModelingToolkitSIExt ~/ParameterEstimationBenchmark-local/environments/StructuralIdentifiability.jl/ext/ModelingToolkitSIExt.jl:78
┌ Warning: Floating point value -0.5 will be converted to -1//2.
└ @ ModelingToolkitSIExt ~/ParameterEstimationBenchmark-local/environments/StructuralIdentifiability.jl/ext/ModelingToolkitSIExt.jl:78
┌ Warning: Floating point value 0.14531180914075217 will be converted to 25175444//173251191.
└ @ ModelingToolkitSIExt ~/ParameterEstimationBenchmark-local/environments/StructuralIdentifiability.jl/ext/ModelingToolkitSIExt.jl:78
┌ Warning: Floating point value 4.290004121592377 will be converted to 172335330//40171367.
└ @ ModelingToolkitSIExt ~/ParameterEstimationBenchmark-local/environments/StructuralIdentifiability.jl/ext/ModelingToolkitSIExt.jl:78
┌ Warning: Floating point value 0.5 will be converted to 1//2.
└ @ ModelingToolkitSIExt ~/ParameterEstimationBenchmark-local/environments/StructuralIdentifiability.jl/ext/ModelingToolkitSIExt.jl:78
┌ Warning: Floating point value 0.5 will be converted to 1//2.
└ @ ModelingToolkitSIExt ~/ParameterEstimationBenchmark-local/environments/StructuralIdentifiability.jl/ext/ModelingToolkitSIExt.jl:78
┌ Warning: Floating point value 0.5 will be converted to 1//2.
└ @ ModelingToolkitSIExt ~/ParameterEstimationBenchmark-local/environments/StructuralIdentifiability.jl/ext/ModelingToolkitSIExt.jl:78
┌ Warning: Floating point value 0.08385494989362652 will be converted to 28600875//341075572.
└ @ ModelingToolkitSIExt ~/ParameterEstimationBenchmark-local/environments/StructuralIdentifiability.jl/ext/ModelingToolkitSIExt.jl:78
┌ Warning: Floating point value -3.221581460593406 will be converted to -115427363//35829410.
└ @ ModelingToolkitSIExt ~/ParameterEstimationBenchmark-local/environments/StructuralIdentifiability.jl/ext/ModelingToolkitSIExt.jl:78
┌ Warning: Floating point value -0.5 will be converted to -1//2.
└ @ ModelingToolkitSIExt ~/ParameterEstimationBenchmark-local/environments/StructuralIdentifiability.jl/ext/ModelingToolkitSIExt.jl:78
┌ Warning: Floating point value 8.0 will be converted to 8.
└ @ ModelingToolkitSIExt ~/ParameterEstimationBenchmark-local/environments/StructuralIdentifiability.jl/ext/ModelingToolkitSIExt.jl:78
┌ Warning: Floating point value 0.5 will be converted to 1//2.
└ @ ModelingToolkitSIExt ~/ParameterEstimationBenchmark-local/environments/StructuralIdentifiability.jl/ext/ModelingToolkitSIExt.jl:78
[ Info: Getting polynomial system from SIAN
[ Info: Built polynomial system with 9 equations
[ Info: [SI-TEMPLATE] algebraic_multiplicity M = 1  (setup 0.0s, Groebner 0.0s, quotient_basis 0.0s, ring: 8 vars × 10 polys)
[ Info: [DEBUG-ALG-INDEP] Input: 9 equations, 7 indeterminates
[ Info: [DEBUG-ALG-INDEP] Jacobian size: (9, 7)
[ Info: [DEBUG-ALG-INDEP] Jacobian rank: 7
[ Info: [DEBUG-ALG-INDEP] Found 7 pivot columns
[ Info: [DEBUG-ALG-INDEP] Selected 7 equations (current_rank=7)
[ Info: [DEBUG-ALG-INDEP] Returning: output_ids=[1, 2, 3, 4, 5, 6, 7], alg_indep has 0 vars
[ Info: Reduced polynomial system to 7 equations
┌ Info: [SI-MAP] Extending DerivativeData support for SI template
│   current_order = -1
└   required_order = 5
[ Info: Checking identifiability
[CAND 551] ok  max=429b  0.2s
[CAND 555] ok  max=435b  0.3s
[CAND 556] ok  max=434b  0.2s
[CAND 559] ok  max=426b  0.3s
[CAND 560] ok  max=423b  0.2s
┌ Warning: There are no parameters in the given ODE, thus no identifiabile
│ functions.
│ Use `find_identifiable_functions` with keyword `with_states=true` to
│ compute the functions with the ODE states included.
└ @ StructuralIdentifiability ~/ParameterEstimationBenchmark-local/environments/StructuralIdentifiability.jl/src/identifiable_functions.jl:97
┌ Info: [SI-STRUCTURAL] SIAN/SI template summary
│   template_equation_count = 7
│   derivative_symbol_count = 12
│   max_derivative_order = 5
│   structural_unidentifiable_count = 1
└   identifiable_function_count = 1
┌ Info: [SI-MAP] Classified symbolic SI support variables while converting SIAN output
│   counts =
│    Dict{Symbol, Int64} with 2 entries:
│      :state_jet        => 2
│      :measured_rhs_jet => 5
│   samples =
│    Dict{Symbol, Vector{String}} with 2 entries:
│      :state_jet        => ["x6_0", "x6_1"]
└      :measured_rhs_jet => ["x5_0", "x4_0", "x5_1", "x4_1", "x5_2"]
[ Info: Getting equation system from StructuralIdentifiability.jl
[ Info: Converting ODESystem to SI.jl format
┌ Warning: Floating point value -3.2559819365529186 will be converted to -123312915//37872727.
└ @ ModelingToolkitSIExt ~/ParameterEstimationBenchmark-local/environments/StructuralIdentifiability.jl/ext/ModelingToolkitSIExt.jl:78
┌ Warning: Floating point value 8.0 will be converted to 8.
└ @ ModelingToolkitSIExt ~/ParameterEstimationBenchmark-local/environments/StructuralIdentifiability.jl/ext/ModelingToolkitSIExt.jl:78
┌ Warning: Floating point value 2.2159637639064496 will be converted to 161199145//72744486.
└ @ ModelingToolkitSIExt ~/ParameterEstimationBenchmark-local/environments/StructuralIdentifiability.jl/ext/ModelingToolkitSIExt.jl:78
┌ Warning: Floating point value 8.0 will be converted to 8.
└ @ ModelingToolkitSIExt ~/ParameterEstimationBenchmark-local/environments/StructuralIdentifiability.jl/ext/ModelingToolkitSIExt.jl:78
┌ Warning: Floating point value 0.18929700525315665 will be converted to 11187577//59100655.
└ @ ModelingToolkitSIExt ~/ParameterEstimationBenchmark-local/environments/StructuralIdentifiability.jl/ext/ModelingToolkitSIExt.jl:78
┌ Warning: Floating point value 6.487629115549328 will be converted to 46041043//7096744.
└ @ ModelingToolkitSIExt ~/ParameterEstimationBenchmark-local/environments/StructuralIdentifiability.jl/ext/ModelingToolkitSIExt.jl:78
┌ Warning: Floating point value 0.5 will be converted to 1//2.
└ @ ModelingToolkitSIExt ~/ParameterEstimationBenchmark-local/environments/StructuralIdentifiability.jl/ext/ModelingToolkitSIExt.jl:78
┌ Warning: Floating point value 0.5 will be converted to 1//2.
└ @ ModelingToolkitSIExt ~/ParameterEstimationBenchmark-local/environments/StructuralIdentifiability.jl/ext/ModelingToolkitSIExt.jl:78
┌ Warning: Floating point value 3.2559819365529186 will be converted to 123312915//37872727.
└ @ ModelingToolkitSIExt ~/ParameterEstimationBenchmark-local/environments/StructuralIdentifiability.jl/ext/ModelingToolkitSIExt.jl:78
┌ Warning: Floating point value 2.2159637639064496 will be converted to 161199145//72744486.
└ @ ModelingToolkitSIExt ~/ParameterEstimationBenchmark-local/environments/StructuralIdentifiability.jl/ext/ModelingToolkitSIExt.jl:78
┌ Warning: Floating point value 8.0 will be converted to 8.
└ @ ModelingToolkitSIExt ~/ParameterEstimationBenchmark-local/environments/StructuralIdentifiability.jl/ext/ModelingToolkitSIExt.jl:78
┌ Warning: Floating point value 0.5 will be converted to 1//2.
└ @ ModelingToolkitSIExt ~/ParameterEstimationBenchmark-local/environments/StructuralIdentifiability.jl/ext/ModelingToolkitSIExt.jl:78
┌ Warning: Floating point value -0.004718382730993186 will be converted to -4802401//1017806582.
└ @ ModelingToolkitSIExt ~/ParameterEstimationBenchmark-local/environments/StructuralIdentifiability.jl/ext/ModelingToolkitSIExt.jl:78
┌ Warning: Floating point value -15.770405188434024 will be converted to -3874611532//245688775.
└ @ ModelingToolkitSIExt ~/ParameterEstimationBenchmark-local/environments/StructuralIdentifiability.jl/ext/ModelingToolkitSIExt.jl:78
┌ Warning: Floating point value -0.5 will be converted to -1//2.
└ @ ModelingToolkitSIExt ~/ParameterEstimationBenchmark-local/environments/StructuralIdentifiability.jl/ext/ModelingToolkitSIExt.jl:78
┌ Warning: Floating point value -0.18929700525315665 will be converted to -11187577//59100655.
└ @ ModelingToolkitSIExt ~/ParameterEstimationBenchmark-local/environments/StructuralIdentifiability.jl/ext/ModelingToolkitSIExt.jl:78
┌ Warning: Floating point value 6.487629115549328 will be converted to 46041043//7096744.
└ @ ModelingToolkitSIExt ~/ParameterEstimationBenchmark-local/environments/StructuralIdentifiability.jl/ext/ModelingToolkitSIExt.jl:78
┌ Warning: Floating point value 0.5 will be converted to 1//2.
└ @ ModelingToolkitSIExt ~/ParameterEstimationBenchmark-local/environments/StructuralIdentifiability.jl/ext/ModelingToolkitSIExt.jl:78
┌ Warning: Floating point value 0.5 will be converted to 1//2.
└ @ ModelingToolkitSIExt ~/ParameterEstimationBenchmark-local/environments/StructuralIdentifiability.jl/ext/ModelingToolkitSIExt.jl:78
┌ Warning: Floating point value 0.5 will be converted to 1//2.
└ @ ModelingToolkitSIExt ~/ParameterEstimationBenchmark-local/environments/StructuralIdentifiability.jl/ext/ModelingToolkitSIExt.jl:78
┌ Warning: Floating point value 0.009436765461986373 will be converted to 4802401//508903291.
└ @ ModelingToolkitSIExt ~/ParameterEstimationBenchmark-local/environments/StructuralIdentifiability.jl/ext/ModelingToolkitSIExt.jl:78
┌ Warning: Floating point value -15.770405188434024 will be converted to -3874611532//245688775.
└ @ ModelingToolkitSIExt ~/ParameterEstimationBenchmark-local/environments/StructuralIdentifiability.jl/ext/ModelingToolkitSIExt.jl:78
┌ Warning: Floating point value -0.5 will be converted to -1//2.
└ @ ModelingToolkitSIExt ~/ParameterEstimationBenchmark-local/environments/StructuralIdentifiability.jl/ext/ModelingToolkitSIExt.jl:78
┌ Warning: Floating point value 8.0 will be converted to 8.
└ @ ModelingToolkitSIExt ~/ParameterEstimationBenchmark-local/environments/StructuralIdentifiability.jl/ext/ModelingToolkitSIExt.jl:78
┌ Warning: Floating point value 0.5 will be converted to 1//2.
└ @ ModelingToolkitSIExt ~/ParameterEstimationBenchmark-local/environments/StructuralIdentifiability.jl/ext/ModelingToolkitSIExt.jl:78
[ Info: Getting polynomial system from SIAN
[ Info: Built polynomial system with 9 equations
[ Info: [SI-TEMPLATE] algebraic_multiplicity M = 1  (setup 0.0s, Groebner 0.0s, quotient_basis 0.0s, ring: 8 vars × 10 polys)
[ Info: [DEBUG-ALG-INDEP] Input: 9 equations, 7 indeterminates
[ Info: [DEBUG-ALG-INDEP] Jacobian size: (9, 7)
[ Info: [DEBUG-ALG-INDEP] Jacobian rank: 7
[ Info: [DEBUG-ALG-INDEP] Found 7 pivot columns
[ Info: [DEBUG-ALG-INDEP] Selected 7 equations (current_rank=7)
[ Info: [DEBUG-ALG-INDEP] Returning: output_ids=[1, 2, 3, 4, 5, 6, 7], alg_indep has 0 vars
[ Info: Reduced polynomial system to 7 equations
┌ Info: [SI-MAP] Extending DerivativeData support for SI template
│   current_order = -1
└   required_order = 5
[ Info: Checking identifiability
┌ Warning: There are no parameters in the given ODE, thus no identifiabile
│ functions.
│ Use `find_identifiable_functions` with keyword `with_states=true` to
│ compute the functions with the ODE states included.
└ @ StructuralIdentifiability ~/ParameterEstimationBenchmark-local/environments/StructuralIdentifiability.jl/src/identifiable_functions.jl:97
┌ Info: [SI-STRUCTURAL] SIAN/SI template summary
│   template_equation_count = 7
│   derivative_symbol_count = 12
│   max_derivative_order = 5
│   structural_unidentifiable_count = 1
└   identifiable_function_count = 1
┌ Info: [SI-MAP] Classified symbolic SI support variables while converting SIAN output
│   counts =
│    Dict{Symbol, Int64} with 2 entries:
│      :state_jet        => 2
│      :measured_rhs_jet => 5
│   samples =
│    Dict{Symbol, Vector{String}} with 2 entries:
│      :state_jet        => ["x6_0", "x6_1"]
└      :measured_rhs_jet => ["x5_0", "x4_0", "x5_1", "x4_1", "x5_2"]
[ Info: Getting equation system from StructuralIdentifiability.jl
[ Info: Converting ODESystem to SI.jl format
┌ Warning: Floating point value -3.2559819365529186 will be converted to -123312915//37872727.
└ @ ModelingToolkitSIExt ~/ParameterEstimationBenchmark-local/environments/StructuralIdentifiability.jl/ext/ModelingToolkitSIExt.jl:78
┌ Warning: Floating point value 8.0 will be converted to 8.
└ @ ModelingToolkitSIExt ~/ParameterEstimationBenchmark-local/environments/StructuralIdentifiability.jl/ext/ModelingToolkitSIExt.jl:78
┌ Warning: Floating point value 2.2159637639064496 will be converted to 161199145//72744486.
└ @ ModelingToolkitSIExt ~/ParameterEstimationBenchmark-local/environments/StructuralIdentifiability.jl/ext/ModelingToolkitSIExt.jl:78
┌ Warning: Floating point value 8.0 will be converted to 8.
└ @ ModelingToolkitSIExt ~/ParameterEstimationBenchmark-local/environments/StructuralIdentifiability.jl/ext/ModelingToolkitSIExt.jl:78
┌ Warning: Floating point value -0.14890168922075217 will be converted to -49010470//329146501.
└ @ ModelingToolkitSIExt ~/ParameterEstimationBenchmark-local/environments/StructuralIdentifiability.jl/ext/ModelingToolkitSIExt.jl:78
┌ Warning: Floating point value 18.966707863023146 will be converted to 339819544//17916633.
└ @ ModelingToolkitSIExt ~/ParameterEstimationBenchmark-local/environments/StructuralIdentifiability.jl/ext/ModelingToolkitSIExt.jl:78
┌ Warning: Floating point value 0.5 will be converted to 1//2.
└ @ ModelingToolkitSIExt ~/ParameterEstimationBenchmark-local/environments/StructuralIdentifiability.jl/ext/ModelingToolkitSIExt.jl:78
┌ Warning: Floating point value 0.5 will be converted to 1//2.
└ @ ModelingToolkitSIExt ~/ParameterEstimationBenchmark-local/environments/StructuralIdentifiability.jl/ext/ModelingToolkitSIExt.jl:78
┌ Warning: Floating point value 3.2559819365529186 will be converted to 123312915//37872727.
└ @ ModelingToolkitSIExt ~/ParameterEstimationBenchmark-local/environments/StructuralIdentifiability.jl/ext/ModelingToolkitSIExt.jl:78
┌ Warning: Floating point value 2.2159637639064496 will be converted to 161199145//72744486.
└ @ ModelingToolkitSIExt ~/ParameterEstimationBenchmark-local/environments/StructuralIdentifiability.jl/ext/ModelingToolkitSIExt.jl:78
┌ Warning: Floating point value 8.0 will be converted to 8.
└ @ ModelingToolkitSIExt ~/ParameterEstimationBenchmark-local/environments/StructuralIdentifiability.jl/ext/ModelingToolkitSIExt.jl:78
┌ Warning: Floating point value 0.5 will be converted to 1//2.
└ @ ModelingToolkitSIExt ~/ParameterEstimationBenchmark-local/environments/StructuralIdentifiability.jl/ext/ModelingToolkitSIExt.jl:78
┌ Warning: Floating point value -0.005551925197846152 will be converted to -4432343//798343429.
└ @ ModelingToolkitSIExt ~/ParameterEstimationBenchmark-local/environments/StructuralIdentifiability.jl/ext/ModelingToolkitSIExt.jl:78
┌ Warning: Floating point value -17.900764021110337 will be converted to -129151381//7214853.
└ @ ModelingToolkitSIExt ~/ParameterEstimationBenchmark-local/environments/StructuralIdentifiability.jl/ext/ModelingToolkitSIExt.jl:78
┌ Warning: Floating point value -0.5 will be converted to -1//2.
└ @ ModelingToolkitSIExt ~/ParameterEstimationBenchmark-local/environments/StructuralIdentifiability.jl/ext/ModelingToolkitSIExt.jl:78
┌ Warning: Floating point value 0.14890168922075217 will be converted to 49010470//329146501.
└ @ ModelingToolkitSIExt ~/ParameterEstimationBenchmark-local/environments/StructuralIdentifiability.jl/ext/ModelingToolkitSIExt.jl:78
┌ Warning: Floating point value 18.966707863023146 will be converted to 339819544//17916633.
└ @ ModelingToolkitSIExt ~/ParameterEstimationBenchmark-local/environments/StructuralIdentifiability.jl/ext/ModelingToolkitSIExt.jl:78
┌ Warning: Floating point value 0.5 will be converted to 1//2.
└ @ ModelingToolkitSIExt ~/ParameterEstimationBenchmark-local/environments/StructuralIdentifiability.jl/ext/ModelingToolkitSIExt.jl:78
┌ Warning: Floating point value 0.5 will be converted to 1//2.
└ @ ModelingToolkitSIExt ~/ParameterEstimationBenchmark-local/environments/StructuralIdentifiability.jl/ext/ModelingToolkitSIExt.jl:78
┌ Warning: Floating point value 0.5 will be converted to 1//2.
└ @ ModelingToolkitSIExt ~/ParameterEstimationBenchmark-local/environments/StructuralIdentifiability.jl/ext/ModelingToolkitSIExt.jl:78
┌ Warning: Floating point value 0.011103850395692304 will be converted to 8864686//798343429.
└ @ ModelingToolkitSIExt ~/ParameterEstimationBenchmark-local/environments/StructuralIdentifiability.jl/ext/ModelingToolkitSIExt.jl:78
┌ Warning: Floating point value -17.900764021110337 will be converted to -129151381//7214853.
└ @ ModelingToolkitSIExt ~/ParameterEstimationBenchmark-local/environments/StructuralIdentifiability.jl/ext/ModelingToolkitSIExt.jl:78
┌ Warning: Floating point value -0.5 will be converted to -1//2.
└ @ ModelingToolkitSIExt ~/ParameterEstimationBenchmark-local/environments/StructuralIdentifiability.jl/ext/ModelingToolkitSIExt.jl:78
┌ Warning: Floating point value 8.0 will be converted to 8.
└ @ ModelingToolkitSIExt ~/ParameterEstimationBenchmark-local/environments/StructuralIdentifiability.jl/ext/ModelingToolkitSIExt.jl:78
┌ Warning: Floating point value 0.5 will be converted to 1//2.
└ @ ModelingToolkitSIExt ~/ParameterEstimationBenchmark-local/environments/StructuralIdentifiability.jl/ext/ModelingToolkitSIExt.jl:78
[ Info: Getting polynomial system from SIAN
[ Info: Built polynomial system with 9 equations
[ Info: [SI-TEMPLATE] algebraic_multiplicity M = 1  (setup 0.0s, Groebner 0.0s, quotient_basis 0.0s, ring: 8 vars × 10 polys)
[ Info: [DEBUG-ALG-INDEP] Input: 9 equations, 7 indeterminates
[ Info: [DEBUG-ALG-INDEP] Jacobian size: (9, 7)
[ Info: [DEBUG-ALG-INDEP] Jacobian rank: 7
[ Info: [DEBUG-ALG-INDEP] Found 7 pivot columns
[ Info: [DEBUG-ALG-INDEP] Selected 7 equations (current_rank=7)
[ Info: [DEBUG-ALG-INDEP] Returning: output_ids=[1, 2, 3, 4, 5, 6, 7], alg_indep has 0 vars
[ Info: Reduced polynomial system to 7 equations
┌ Info: [SI-MAP] Extending DerivativeData support for SI template
│   current_order = -1
└   required_order = 5
[ Info: Checking identifiability
┌ Warning: There are no parameters in the given ODE, thus no identifiabile
│ functions.
│ Use `find_identifiable_functions` with keyword `with_states=true` to
│ compute the functions with the ODE states included.
└ @ StructuralIdentifiability ~/ParameterEstimationBenchmark-local/environments/StructuralIdentifiability.jl/src/identifiable_functions.jl:97
┌ Info: [SI-STRUCTURAL] SIAN/SI template summary
│   template_equation_count = 7
│   derivative_symbol_count = 12
│   max_derivative_order = 5
│   structural_unidentifiable_count = 1
└   identifiable_function_count = 1
┌ Info: [SI-MAP] Classified symbolic SI support variables while converting SIAN output
│   counts =
│    Dict{Symbol, Int64} with 2 entries:
│      :state_jet        => 2
│      :measured_rhs_jet => 5
│   samples =
│    Dict{Symbol, Vector{String}} with 2 entries:
│      :state_jet        => ["x6_0", "x6_1"]
└      :measured_rhs_jet => ["x5_0", "x4_0", "x5_1", "x4_1", "x5_2"]
[ Info: Getting equation system from StructuralIdentifiability.jl
[ Info: Converting ODESystem to SI.jl format
┌ Warning: Floating point value -3.255981437917421 will be converted to -58852278//18075127.
└ @ ModelingToolkitSIExt ~/ParameterEstimationBenchmark-local/environments/StructuralIdentifiability.jl/ext/ModelingToolkitSIExt.jl:78
┌ Warning: Floating point value 8.0 will be converted to 8.
└ @ ModelingToolkitSIExt ~/ParameterEstimationBenchmark-local/environments/StructuralIdentifiability.jl/ext/ModelingToolkitSIExt.jl:78
┌ Warning: Floating point value 2.215962655980976 will be converted to 67655660//30531047.
└ @ ModelingToolkitSIExt ~/ParameterEstimationBenchmark-local/environments/StructuralIdentifiability.jl/ext/ModelingToolkitSIExt.jl:78
┌ Warning: Floating point value 8.0 will be converted to 8.
└ @ ModelingToolkitSIExt ~/ParameterEstimationBenchmark-local/environments/StructuralIdentifiability.jl/ext/ModelingToolkitSIExt.jl:78
┌ Warning: Floating point value -0.8229728255892859 will be converted to -48270379//58653673.
└ @ ModelingToolkitSIExt ~/ParameterEstimationBenchmark-local/environments/StructuralIdentifiability.jl/ext/ModelingToolkitSIExt.jl:78
┌ Warning: Floating point value 20.35775214206025 will be converted to 167110395//8208686.
└ @ ModelingToolkitSIExt ~/ParameterEstimationBenchmark-local/environments/StructuralIdentifiability.jl/ext/ModelingToolkitSIExt.jl:78
┌ Warning: Floating point value 0.5 will be converted to 1//2.
└ @ ModelingToolkitSIExt ~/ParameterEstimationBenchmark-local/environments/StructuralIdentifiability.jl/ext/ModelingToolkitSIExt.jl:78
┌ Warning: Floating point value 0.5 will be converted to 1//2.
└ @ ModelingToolkitSIExt ~/ParameterEstimationBenchmark-local/environments/StructuralIdentifiability.jl/ext/ModelingToolkitSIExt.jl:78
┌ Warning: Floating point value 3.255981437917421 will be converted to 58852278//18075127.
└ @ ModelingToolkitSIExt ~/ParameterEstimationBenchmark-local/environments/StructuralIdentifiability.jl/ext/ModelingToolkitSIExt.jl:78
┌ Warning: Floating point value 2.215962655980976 will be converted to 67655660//30531047.
└ @ ModelingToolkitSIExt ~/ParameterEstimationBenchmark-local/environments/StructuralIdentifiability.jl/ext/ModelingToolkitSIExt.jl:78
┌ Warning: Floating point value 8.0 will be converted to 8.
└ @ ModelingToolkitSIExt ~/ParameterEstimationBenchmark-local/environments/StructuralIdentifiability.jl/ext/ModelingToolkitSIExt.jl:78
┌ Warning: Floating point value 0.5 will be converted to 1//2.
└ @ ModelingToolkitSIExt ~/ParameterEstimationBenchmark-local/environments/StructuralIdentifiability.jl/ext/ModelingToolkitSIExt.jl:78
┌ Warning: Floating point value 0.0022302156559035587 will be converted to 3736149//1675241132.
└ @ ModelingToolkitSIExt ~/ParameterEstimationBenchmark-local/environments/StructuralIdentifiability.jl/ext/ModelingToolkitSIExt.jl:78
┌ Warning: Floating point value -30.49815951209375 will be converted to -336509342//11033759.
└ @ ModelingToolkitSIExt ~/ParameterEstimationBenchmark-local/environments/StructuralIdentifiability.jl/ext/ModelingToolkitSIExt.jl:78
┌ Warning: Floating point value -0.5 will be converted to -1//2.
└ @ ModelingToolkitSIExt ~/ParameterEstimationBenchmark-local/environments/StructuralIdentifiability.jl/ext/ModelingToolkitSIExt.jl:78
┌ Warning: Floating point value 0.8229728255892859 will be converted to 48270379//58653673.
└ @ ModelingToolkitSIExt ~/ParameterEstimationBenchmark-local/environments/StructuralIdentifiability.jl/ext/ModelingToolkitSIExt.jl:78
┌ Warning: Floating point value 20.35775214206025 will be converted to 167110395//8208686.
└ @ ModelingToolkitSIExt ~/ParameterEstimationBenchmark-local/environments/StructuralIdentifiability.jl/ext/ModelingToolkitSIExt.jl:78
┌ Warning: Floating point value 0.5 will be converted to 1//2.
└ @ ModelingToolkitSIExt ~/ParameterEstimationBenchmark-local/environments/StructuralIdentifiability.jl/ext/ModelingToolkitSIExt.jl:78
┌ Warning: Floating point value 0.5 will be converted to 1//2.
└ @ ModelingToolkitSIExt ~/ParameterEstimationBenchmark-local/environments/StructuralIdentifiability.jl/ext/ModelingToolkitSIExt.jl:78
┌ Warning: Floating point value 0.5 will be converted to 1//2.
└ @ ModelingToolkitSIExt ~/ParameterEstimationBenchmark-local/environments/StructuralIdentifiability.jl/ext/ModelingToolkitSIExt.jl:78
┌ Warning: Floating point value -0.004460431311807117 will be converted to -3736149//837620566.
└ @ ModelingToolkitSIExt ~/ParameterEstimationBenchmark-local/environments/StructuralIdentifiability.jl/ext/ModelingToolkitSIExt.jl:78
┌ Warning: Floating point value -30.49815951209375 will be converted to -336509342//11033759.
└ @ ModelingToolkitSIExt ~/ParameterEstimationBenchmark-local/environments/StructuralIdentifiability.jl/ext/ModelingToolkitSIExt.jl:78
┌ Warning: Floating point value -0.5 will be converted to -1//2.
└ @ ModelingToolkitSIExt ~/ParameterEstimationBenchmark-local/environments/StructuralIdentifiability.jl/ext/ModelingToolkitSIExt.jl:78
┌ Warning: Floating point value 8.0 will be converted to 8.
└ @ ModelingToolkitSIExt ~/ParameterEstimationBenchmark-local/environments/StructuralIdentifiability.jl/ext/ModelingToolkitSIExt.jl:78
┌ Warning: Floating point value 0.5 will be converted to 1//2.
└ @ ModelingToolkitSIExt ~/ParameterEstimationBenchmark-local/environments/StructuralIdentifiability.jl/ext/ModelingToolkitSIExt.jl:78
[ Info: Getting polynomial system from SIAN
[ Info: Built polynomial system with 9 equations
[ Info: [SI-TEMPLATE] algebraic_multiplicity M = 1  (setup 0.0s, Groebner 0.0s, quotient_basis 0.0s, ring: 8 vars × 10 polys)
[ Info: [DEBUG-ALG-INDEP] Input: 9 equations, 7 indeterminates
[ Info: [DEBUG-ALG-INDEP] Jacobian size: (9, 7)
[ Info: [DEBUG-ALG-INDEP] Jacobian rank: 7
[ Info: [DEBUG-ALG-INDEP] Found 7 pivot columns
[ Info: [DEBUG-ALG-INDEP] Selected 7 equations (current_rank=7)
[ Info: [DEBUG-ALG-INDEP] Returning: output_ids=[1, 2, 3, 4, 5, 6, 7], alg_indep has 0 vars
[ Info: Reduced polynomial system to 7 equations
┌ Info: [SI-MAP] Extending DerivativeData support for SI template
│   current_order = -1
└   required_order = 5
[ Info: Checking identifiability
┌ Warning: There are no parameters in the given ODE, thus no identifiabile
│ functions.
│ Use `find_identifiable_functions` with keyword `with_states=true` to
│ compute the functions with the ODE states included.
└ @ StructuralIdentifiability ~/ParameterEstimationBenchmark-local/environments/StructuralIdentifiability.jl/src/identifiable_functions.jl:97
┌ Info: [SI-STRUCTURAL] SIAN/SI template summary
│   template_equation_count = 7
│   derivative_symbol_count = 12
│   max_derivative_order = 5
│   structural_unidentifiable_count = 1
└   identifiable_function_count = 1
┌ Info: [SI-MAP] Classified symbolic SI support variables while converting SIAN output
│   counts =
│    Dict{Symbol, Int64} with 2 entries:
│      :state_jet        => 2
│      :measured_rhs_jet => 5
│   samples =
│    Dict{Symbol, Vector{String}} with 2 entries:
│      :state_jet        => ["x6_0", "x6_1"]
└      :measured_rhs_jet => ["x5_0", "x4_0", "x5_1", "x4_1", "x5_2"]
[ Info: Getting equation system from StructuralIdentifiability.jl
[ Info: Converting ODESystem to SI.jl format
┌ Warning: Floating point value -3.255981437917421 will be converted to -58852278//18075127.
└ @ ModelingToolkitSIExt ~/ParameterEstimationBenchmark-local/environments/StructuralIdentifiability.jl/ext/ModelingToolkitSIExt.jl:78
┌ Warning: Floating point value 8.0 will be converted to 8.
└ @ ModelingToolkitSIExt ~/ParameterEstimationBenchmark-local/environments/StructuralIdentifiability.jl/ext/ModelingToolkitSIExt.jl:78
┌ Warning: Floating point value 2.215962655980976 will be converted to 67655660//30531047.
└ @ ModelingToolkitSIExt ~/ParameterEstimationBenchmark-local/environments/StructuralIdentifiability.jl/ext/ModelingToolkitSIExt.jl:78
┌ Warning: Floating point value 8.0 will be converted to 8.
└ @ ModelingToolkitSIExt ~/ParameterEstimationBenchmark-local/environments/StructuralIdentifiability.jl/ext/ModelingToolkitSIExt.jl:78
┌ Warning: Floating point value -0.15553825637261579 will be converted to -36993080//237839107.
└ @ ModelingToolkitSIExt ~/ParameterEstimationBenchmark-local/environments/StructuralIdentifiability.jl/ext/ModelingToolkitSIExt.jl:78
┌ Warning: Floating point value 1.1087263292639324 will be converted to 214314011//193297485.
└ @ ModelingToolkitSIExt ~/ParameterEstimationBenchmark-local/environments/StructuralIdentifiability.jl/ext/ModelingToolkitSIExt.jl:78
┌ Warning: Floating point value 0.5 will be converted to 1//2.
└ @ ModelingToolkitSIExt ~/ParameterEstimationBenchmark-local/environments/StructuralIdentifiability.jl/ext/ModelingToolkitSIExt.jl:78
┌ Warning: Floating point value 0.5 will be converted to 1//2.
└ @ ModelingToolkitSIExt ~/ParameterEstimationBenchmark-local/environments/StructuralIdentifiability.jl/ext/ModelingToolkitSIExt.jl:78
┌ Warning: Floating point value 3.255981437917421 will be converted to 58852278//18075127.
└ @ ModelingToolkitSIExt ~/ParameterEstimationBenchmark-local/environments/StructuralIdentifiability.jl/ext/ModelingToolkitSIExt.jl:78
┌ Warning: Floating point value 2.215962655980976 will be converted to 67655660//30531047.
└ @ ModelingToolkitSIExt ~/ParameterEstimationBenchmark-local/environments/StructuralIdentifiability.jl/ext/ModelingToolkitSIExt.jl:78
┌ Warning: Floating point value 8.0 will be converted to 8.
└ @ ModelingToolkitSIExt ~/ParameterEstimationBenchmark-local/environments/StructuralIdentifiability.jl/ext/ModelingToolkitSIExt.jl:78
┌ Warning: Floating point value 0.5 will be converted to 1//2.
└ @ ModelingToolkitSIExt ~/ParameterEstimationBenchmark-local/environments/StructuralIdentifiability.jl/ext/ModelingToolkitSIExt.jl:78
┌ Warning: Floating point value 0.014374848993511147 will be converted to 5690613//395872889.
└ @ ModelingToolkitSIExt ~/ParameterEstimationBenchmark-local/environments/StructuralIdentifiability.jl/ext/ModelingToolkitSIExt.jl:78
┌ Warning: Floating point value -4.738454323864553 will be converted to -161599943//34103936.
└ @ ModelingToolkitSIExt ~/ParameterEstimationBenchmark-local/environments/StructuralIdentifiability.jl/ext/ModelingToolkitSIExt.jl:78
┌ Warning: Floating point value -0.5 will be converted to -1//2.
└ @ ModelingToolkitSIExt ~/ParameterEstimationBenchmark-local/environments/StructuralIdentifiability.jl/ext/ModelingToolkitSIExt.jl:78
┌ Warning: Floating point value 0.15553825637261579 will be converted to 36993080//237839107.
└ @ ModelingToolkitSIExt ~/ParameterEstimationBenchmark-local/environments/StructuralIdentifiability.jl/ext/ModelingToolkitSIExt.jl:78
┌ Warning: Floating point value 1.1087263292639324 will be converted to 214314011//193297485.
└ @ ModelingToolkitSIExt ~/ParameterEstimationBenchmark-local/environments/StructuralIdentifiability.jl/ext/ModelingToolkitSIExt.jl:78
┌ Warning: Floating point value 0.5 will be converted to 1//2.
└ @ ModelingToolkitSIExt ~/ParameterEstimationBenchmark-local/environments/StructuralIdentifiability.jl/ext/ModelingToolkitSIExt.jl:78
┌ Warning: Floating point value 0.5 will be converted to 1//2.
└ @ ModelingToolkitSIExt ~/ParameterEstimationBenchmark-local/environments/StructuralIdentifiability.jl/ext/ModelingToolkitSIExt.jl:78
┌ Warning: Floating point value 0.5 will be converted to 1//2.
└ @ ModelingToolkitSIExt ~/ParameterEstimationBenchmark-local/environments/StructuralIdentifiability.jl/ext/ModelingToolkitSIExt.jl:78
┌ Warning: Floating point value -0.028749697987022295 will be converted to -11381226//395872889.
└ @ ModelingToolkitSIExt ~/ParameterEstimationBenchmark-local/environments/StructuralIdentifiability.jl/ext/ModelingToolkitSIExt.jl:78
┌ Warning: Floating point value -4.738454323864553 will be converted to -161599943//34103936.
└ @ ModelingToolkitSIExt ~/ParameterEstimationBenchmark-local/environments/StructuralIdentifiability.jl/ext/ModelingToolkitSIExt.jl:78
┌ Warning: Floating point value -0.5 will be converted to -1//2.
└ @ ModelingToolkitSIExt ~/ParameterEstimationBenchmark-local/environments/StructuralIdentifiability.jl/ext/ModelingToolkitSIExt.jl:78
┌ Warning: Floating point value 8.0 will be converted to 8.
└ @ ModelingToolkitSIExt ~/ParameterEstimationBenchmark-local/environments/StructuralIdentifiability.jl/ext/ModelingToolkitSIExt.jl:78
┌ Warning: Floating point value 0.5 will be converted to 1//2.
└ @ ModelingToolkitSIExt ~/ParameterEstimationBenchmark-local/environments/StructuralIdentifiability.jl/ext/ModelingToolkitSIExt.jl:78
[ Info: Getting polynomial system from SIAN
[ Info: Built polynomial system with 9 equations
[ Info: [SI-TEMPLATE] algebraic_multiplicity M = 1  (setup 0.0s, Groebner 0.0s, quotient_basis 0.0s, ring: 8 vars × 10 polys)
[ Info: [DEBUG-ALG-INDEP] Input: 9 equations, 7 indeterminates
[ Info: [DEBUG-ALG-INDEP] Jacobian size: (9, 7)
[ Info: [DEBUG-ALG-INDEP] Jacobian rank: 7
[ Info: [DEBUG-ALG-INDEP] Found 7 pivot columns
[ Info: [DEBUG-ALG-INDEP] Selected 7 equations (current_rank=7)
[ Info: [DEBUG-ALG-INDEP] Returning: output_ids=[1, 2, 3, 4, 5, 6, 7], alg_indep has 0 vars
[ Info: Reduced polynomial system to 7 equations
┌ Info: [SI-MAP] Extending DerivativeData support for SI template
│   current_order = -1
└   required_order = 5
[ Info: Checking identifiability
┌ Warning: There are no parameters in the given ODE, thus no identifiabile
│ functions.
│ Use `find_identifiable_functions` with keyword `with_states=true` to
│ compute the functions with the ODE states included.
└ @ StructuralIdentifiability ~/ParameterEstimationBenchmark-local/environments/StructuralIdentifiability.jl/src/identifiable_functions.jl:97
┌ Info: [SI-STRUCTURAL] SIAN/SI template summary
│   template_equation_count = 7
│   derivative_symbol_count = 12
│   max_derivative_order = 5
│   structural_unidentifiable_count = 1
└   identifiable_function_count = 1
┌ Info: [SI-MAP] Classified symbolic SI support variables while converting SIAN output
│   counts =
│    Dict{Symbol, Int64} with 2 entries:
│      :state_jet        => 2
│      :measured_rhs_jet => 5
│   samples =
│    Dict{Symbol, Vector{String}} with 2 entries:
│      :state_jet        => ["x6_0", "x6_1"]
└      :measured_rhs_jet => ["x5_0", "x4_0", "x5_1", "x4_1", "x5_2"]
[ Info: Getting equation system from StructuralIdentifiability.jl
[ Info: Converting ODESystem to SI.jl format
┌ Warning: Floating point value -3.2560007390942984 will be converted to -143122403//43956502.
└ @ ModelingToolkitSIExt ~/ParameterEstimationBenchmark-local/environments/StructuralIdentifiability.jl/ext/ModelingToolkitSIExt.jl:78
┌ Warning: Floating point value 8.0 will be converted to 8.
└ @ ModelingToolkitSIExt ~/ParameterEstimationBenchmark-local/environments/StructuralIdentifiability.jl/ext/ModelingToolkitSIExt.jl:78
┌ Warning: Floating point value 2.2160002862120116 will be converted to 100652672//45420875.
└ @ ModelingToolkitSIExt ~/ParameterEstimationBenchmark-local/environments/StructuralIdentifiability.jl/ext/ModelingToolkitSIExt.jl:78
┌ Warning: Floating point value 8.0 will be converted to 8.
└ @ ModelingToolkitSIExt ~/ParameterEstimationBenchmark-local/environments/StructuralIdentifiability.jl/ext/ModelingToolkitSIExt.jl:78
┌ Warning: Floating point value -0.42224353442254897 will be converted to -53760434//127320917.
└ @ ModelingToolkitSIExt ~/ParameterEstimationBenchmark-local/environments/StructuralIdentifiability.jl/ext/ModelingToolkitSIExt.jl:78
┌ Warning: Floating point value 8.665683555208224 will be converted to 288614759//33305481.
└ @ ModelingToolkitSIExt ~/ParameterEstimationBenchmark-local/environments/StructuralIdentifiability.jl/ext/ModelingToolkitSIExt.jl:78
┌ Warning: Floating point value 0.5 will be converted to 1//2.
└ @ ModelingToolkitSIExt ~/ParameterEstimationBenchmark-local/environments/StructuralIdentifiability.jl/ext/ModelingToolkitSIExt.jl:78
┌ Warning: Floating point value 0.5 will be converted to 1//2.
└ @ ModelingToolkitSIExt ~/ParameterEstimationBenchmark-local/environments/StructuralIdentifiability.jl/ext/ModelingToolkitSIExt.jl:78
┌ Warning: Floating point value 3.2560007390942984 will be converted to 143122403//43956502.
└ @ ModelingToolkitSIExt ~/ParameterEstimationBenchmark-local/environments/StructuralIdentifiability.jl/ext/ModelingToolkitSIExt.jl:78
┌ Warning: Floating point value 2.2160002862120116 will be converted to 100652672//45420875.
└ @ ModelingToolkitSIExt ~/ParameterEstimationBenchmark-local/environments/StructuralIdentifiability.jl/ext/ModelingToolkitSIExt.jl:78
┌ Warning: Floating point value 8.0 will be converted to 8.
└ @ ModelingToolkitSIExt ~/ParameterEstimationBenchmark-local/environments/StructuralIdentifiability.jl/ext/ModelingToolkitSIExt.jl:78
[CAND 563] ok  max=455b  0.5s
[CAND 564] ok  max=435b  0.2s
[CAND 568] ok  max=433b  0.2s
[CAND 577] ok  max=449b  0.3s
┌ Warning: Floating point value 0.5 will be converted to 1//2.
└ @ ModelingToolkitSIExt ~/ParameterEstimationBenchmark-local/environments/StructuralIdentifiability.jl/ext/ModelingToolkitSIExt.jl:78
┌ Warning: Floating point value 0.005162359676468049 will be converted to 2929289//567432179.
└ @ ModelingToolkitSIExt ~/ParameterEstimationBenchmark-local/environments/StructuralIdentifiability.jl/ext/ModelingToolkitSIExt.jl:78
┌ Warning: Floating point value -12.467308689295935 will be converted to -770474528//61799587.
└ @ ModelingToolkitSIExt ~/ParameterEstimationBenchmark-local/environments/StructuralIdentifiability.jl/ext/ModelingToolkitSIExt.jl:78
┌ Warning: Floating point value -0.5 will be converted to -1//2.
└ @ ModelingToolkitSIExt ~/ParameterEstimationBenchmark-local/environments/StructuralIdentifiability.jl/ext/ModelingToolkitSIExt.jl:78
┌ Warning: Floating point value 0.42224353442254897 will be converted to 53760434//127320917.
└ @ ModelingToolkitSIExt ~/ParameterEstimationBenchmark-local/environments/StructuralIdentifiability.jl/ext/ModelingToolkitSIExt.jl:78
┌ Warning: Floating point value 8.665683555208224 will be converted to 288614759//33305481.
└ @ ModelingToolkitSIExt ~/ParameterEstimationBenchmark-local/environments/StructuralIdentifiability.jl/ext/ModelingToolkitSIExt.jl:78
┌ Warning: Floating point value 0.5 will be converted to 1//2.
└ @ ModelingToolkitSIExt ~/ParameterEstimationBenchmark-local/environments/StructuralIdentifiability.jl/ext/ModelingToolkitSIExt.jl:78
┌ Warning: Floating point value 0.5 will be converted to 1//2.
└ @ ModelingToolkitSIExt ~/ParameterEstimationBenchmark-local/environments/StructuralIdentifiability.jl/ext/ModelingToolkitSIExt.jl:78
┌ Warning: Floating point value 0.5 will be converted to 1//2.
└ @ ModelingToolkitSIExt ~/ParameterEstimationBenchmark-local/environments/StructuralIdentifiability.jl/ext/ModelingToolkitSIExt.jl:78
┌ Warning: Floating point value -0.010324719352936098 will be converted to -5858578//567432179.
└ @ ModelingToolkitSIExt ~/ParameterEstimationBenchmark-local/environments/StructuralIdentifiability.jl/ext/ModelingToolkitSIExt.jl:78
┌ Warning: Floating point value -12.467308689295935 will be converted to -770474528//61799587.
└ @ ModelingToolkitSIExt ~/ParameterEstimationBenchmark-local/environments/StructuralIdentifiability.jl/ext/ModelingToolkitSIExt.jl:78
┌ Warning: Floating point value -0.5 will be converted to -1//2.
└ @ ModelingToolkitSIExt ~/ParameterEstimationBenchmark-local/environments/StructuralIdentifiability.jl/ext/ModelingToolkitSIExt.jl:78
┌ Warning: Floating point value 8.0 will be converted to 8.
└ @ ModelingToolkitSIExt ~/ParameterEstimationBenchmark-local/environments/StructuralIdentifiability.jl/ext/ModelingToolkitSIExt.jl:78
┌ Warning: Floating point value 0.5 will be converted to 1//2.
└ @ ModelingToolkitSIExt ~/ParameterEstimationBenchmark-local/environments/StructuralIdentifiability.jl/ext/ModelingToolkitSIExt.jl:78
[ Info: Getting polynomial system from SIAN
[ Info: Built polynomial system with 9 equations
[ Info: [SI-TEMPLATE] algebraic_multiplicity M = 1  (setup 0.0s, Groebner 0.0s, quotient_basis 0.0s, ring: 8 vars × 10 polys)
[ Info: [DEBUG-ALG-INDEP] Input: 9 equations, 7 indeterminates
[ Info: [DEBUG-ALG-INDEP] Jacobian size: (9, 7)
[ Info: [DEBUG-ALG-INDEP] Jacobian rank: 7
[ Info: [DEBUG-ALG-INDEP] Found 7 pivot columns
[ Info: [DEBUG-ALG-INDEP] Selected 7 equations (current_rank=7)
[ Info: [DEBUG-ALG-INDEP] Returning: output_ids=[1, 2, 3, 4, 5, 6, 7], alg_indep has 0 vars
[ Info: Reduced polynomial system to 7 equations
┌ Info: [SI-MAP] Extending DerivativeData support for SI template
│   current_order = -1
└   required_order = 5
[ Info: Checking identifiability
┌ Warning: There are no parameters in the given ODE, thus no identifiabile
│ functions.
│ Use `find_identifiable_functions` with keyword `with_states=true` to
│ compute the functions with the ODE states included.
└ @ StructuralIdentifiability ~/ParameterEstimationBenchmark-local/environments/StructuralIdentifiability.jl/src/identifiable_functions.jl:97
┌ Info: [SI-STRUCTURAL] SIAN/SI template summary
│   template_equation_count = 7
│   derivative_symbol_count = 12
│   max_derivative_order = 5
│   structural_unidentifiable_count = 1
└   identifiable_function_count = 1
┌ Info: [SI-MAP] Classified symbolic SI support variables while converting SIAN output
│   counts =
│    Dict{Symbol, Int64} with 2 entries:
│      :state_jet        => 2
│      :measured_rhs_jet => 5
│   samples =
│    Dict{Symbol, Vector{String}} with 2 entries:
│      :state_jet        => ["x6_0", "x6_1"]
└      :measured_rhs_jet => ["x5_0", "x4_0", "x5_1", "x4_1", "x5_2"]
[ Info: Getting equation system from StructuralIdentifiability.jl
[ Info: Converting ODESystem to SI.jl format
┌ Warning: Floating point value -3.2560007390942984 will be converted to -143122403//43956502.
└ @ ModelingToolkitSIExt ~/ParameterEstimationBenchmark-local/environments/StructuralIdentifiability.jl/ext/ModelingToolkitSIExt.jl:78
┌ Warning: Floating point value 8.0 will be converted to 8.
└ @ ModelingToolkitSIExt ~/ParameterEstimationBenchmark-local/environments/StructuralIdentifiability.jl/ext/ModelingToolkitSIExt.jl:78
┌ Warning: Floating point value 2.2160002862120116 will be converted to 100652672//45420875.
└ @ ModelingToolkitSIExt ~/ParameterEstimationBenchmark-local/environments/StructuralIdentifiability.jl/ext/ModelingToolkitSIExt.jl:78
┌ Warning: Floating point value 8.0 will be converted to 8.
└ @ ModelingToolkitSIExt ~/ParameterEstimationBenchmark-local/environments/StructuralIdentifiability.jl/ext/ModelingToolkitSIExt.jl:78
┌ Warning: Floating point value -0.1445235349745152 will be converted to -6248026//43231893.
└ @ ModelingToolkitSIExt ~/ParameterEstimationBenchmark-local/environments/StructuralIdentifiability.jl/ext/ModelingToolkitSIExt.jl:78
┌ Warning: Floating point value 8.711747426763713 will be converted to 139084851//15965207.
└ @ ModelingToolkitSIExt ~/ParameterEstimationBenchmark-local/environments/StructuralIdentifiability.jl/ext/ModelingToolkitSIExt.jl:78
┌ Warning: Floating point value 0.5 will be converted to 1//2.
└ @ ModelingToolkitSIExt ~/ParameterEstimationBenchmark-local/environments/StructuralIdentifiability.jl/ext/ModelingToolkitSIExt.jl:78
┌ Warning: Floating point value 0.5 will be converted to 1//2.
└ @ ModelingToolkitSIExt ~/ParameterEstimationBenchmark-local/environments/StructuralIdentifiability.jl/ext/ModelingToolkitSIExt.jl:78
┌ Warning: Floating point value 3.2560007390942984 will be converted to 143122403//43956502.
└ @ ModelingToolkitSIExt ~/ParameterEstimationBenchmark-local/environments/StructuralIdentifiability.jl/ext/ModelingToolkitSIExt.jl:78
┌ Warning: Floating point value 2.2160002862120116 will be converted to 100652672//45420875.
└ @ ModelingToolkitSIExt ~/ParameterEstimationBenchmark-local/environments/StructuralIdentifiability.jl/ext/ModelingToolkitSIExt.jl:78
┌ Warning: Floating point value 8.0 will be converted to 8.
└ @ ModelingToolkitSIExt ~/ParameterEstimationBenchmark-local/environments/StructuralIdentifiability.jl/ext/ModelingToolkitSIExt.jl:78
┌ Warning: Floating point value 0.5 will be converted to 1//2.
└ @ ModelingToolkitSIExt ~/ParameterEstimationBenchmark-local/environments/StructuralIdentifiability.jl/ext/ModelingToolkitSIExt.jl:78
┌ Warning: Floating point value -0.015220826318783588 will be converted to -3074043//201962951.
└ @ ModelingToolkitSIExt ~/ParameterEstimationBenchmark-local/environments/StructuralIdentifiability.jl/ext/ModelingToolkitSIExt.jl:78
┌ Warning: Floating point value -7.690165188578427 will be converted to -154289253//20063191.
└ @ ModelingToolkitSIExt ~/ParameterEstimationBenchmark-local/environments/StructuralIdentifiability.jl/ext/ModelingToolkitSIExt.jl:78
┌ Warning: Floating point value -0.5 will be converted to -1//2.
└ @ ModelingToolkitSIExt ~/ParameterEstimationBenchmark-local/environments/StructuralIdentifiability.jl/ext/ModelingToolkitSIExt.jl:78
┌ Warning: Floating point value 0.1445235349745152 will be converted to 6248026//43231893.
└ @ ModelingToolkitSIExt ~/ParameterEstimationBenchmark-local/environments/StructuralIdentifiability.jl/ext/ModelingToolkitSIExt.jl:78
┌ Warning: Floating point value 8.711747426763713 will be converted to 139084851//15965207.
└ @ ModelingToolkitSIExt ~/ParameterEstimationBenchmark-local/environments/StructuralIdentifiability.jl/ext/ModelingToolkitSIExt.jl:78
┌ Warning: Floating point value 0.5 will be converted to 1//2.
└ @ ModelingToolkitSIExt ~/ParameterEstimationBenchmark-local/environments/StructuralIdentifiability.jl/ext/ModelingToolkitSIExt.jl:78
┌ Warning: Floating point value 0.5 will be converted to 1//2.
└ @ ModelingToolkitSIExt ~/ParameterEstimationBenchmark-local/environments/StructuralIdentifiability.jl/ext/ModelingToolkitSIExt.jl:78
┌ Warning: Floating point value 0.5 will be converted to 1//2.
└ @ ModelingToolkitSIExt ~/ParameterEstimationBenchmark-local/environments/StructuralIdentifiability.jl/ext/ModelingToolkitSIExt.jl:78
┌ Warning: Floating point value 0.030441652637567176 will be converted to 6148086//201962951.
└ @ ModelingToolkitSIExt ~/ParameterEstimationBenchmark-local/environments/StructuralIdentifiability.jl/ext/ModelingToolkitSIExt.jl:78
┌ Warning: Floating point value -7.690165188578427 will be converted to -154289253//20063191.
└ @ ModelingToolkitSIExt ~/ParameterEstimationBenchmark-local/environments/StructuralIdentifiability.jl/ext/ModelingToolkitSIExt.jl:78
┌ Warning: Floating point value -0.5 will be converted to -1//2.
└ @ ModelingToolkitSIExt ~/ParameterEstimationBenchmark-local/environments/StructuralIdentifiability.jl/ext/ModelingToolkitSIExt.jl:78
┌ Warning: Floating point value 8.0 will be converted to 8.
└ @ ModelingToolkitSIExt ~/ParameterEstimationBenchmark-local/environments/StructuralIdentifiability.jl/ext/ModelingToolkitSIExt.jl:78
┌ Warning: Floating point value 0.5 will be converted to 1//2.
└ @ ModelingToolkitSIExt ~/ParameterEstimationBenchmark-local/environments/StructuralIdentifiability.jl/ext/ModelingToolkitSIExt.jl:78
[ Info: Getting polynomial system from SIAN
[ Info: Built polynomial system with 9 equations
[ Info: [SI-TEMPLATE] algebraic_multiplicity M = 1  (setup 0.0s, Groebner 0.0s, quotient_basis 0.0s, ring: 8 vars × 10 polys)
[ Info: [DEBUG-ALG-INDEP] Input: 9 equations, 7 indeterminates
[ Info: [DEBUG-ALG-INDEP] Jacobian size: (9, 7)
[ Info: [DEBUG-ALG-INDEP] Jacobian rank: 7
[ Info: [DEBUG-ALG-INDEP] Found 7 pivot columns
[ Info: [DEBUG-ALG-INDEP] Selected 7 equations (current_rank=7)
[ Info: [DEBUG-ALG-INDEP] Returning: output_ids=[1, 2, 3, 4, 5, 6, 7], alg_indep has 0 vars
[ Info: Reduced polynomial system to 7 equations
┌ Info: [SI-MAP] Extending DerivativeData support for SI template
│   current_order = -1
└   required_order = 5
[ Info: Checking identifiability
┌ Warning: There are no parameters in the given ODE, thus no identifiabile
│ functions.
│ Use `find_identifiable_functions` with keyword `with_states=true` to
│ compute the functions with the ODE states included.
└ @ StructuralIdentifiability ~/ParameterEstimationBenchmark-local/environments/StructuralIdentifiability.jl/src/identifiable_functions.jl:97
┌ Info: [SI-STRUCTURAL] SIAN/SI template summary
│   template_equation_count = 7
│   derivative_symbol_count = 12
│   max_derivative_order = 5
│   structural_unidentifiable_count = 1
└   identifiable_function_count = 1
┌ Info: [SI-MAP] Classified symbolic SI support variables while converting SIAN output
│   counts =
│    Dict{Symbol, Int64} with 2 entries:
│      :state_jet        => 2
│      :measured_rhs_jet => 5
│   samples =
│    Dict{Symbol, Vector{String}} with 2 entries:
│      :state_jet        => ["x6_0", "x6_1"]
└      :measured_rhs_jet => ["x5_0", "x4_0", "x5_1", "x4_1", "x5_2"]
[ Info: Getting equation system from StructuralIdentifiability.jl
[ Info: Converting ODESystem to SI.jl format
┌ Warning: Floating point value -3.2560218978372655 will be converted to -263615725//80962516.
└ @ ModelingToolkitSIExt ~/ParameterEstimationBenchmark-local/environments/StructuralIdentifiability.jl/ext/ModelingToolkitSIExt.jl:78
┌ Warning: Floating point value 8.0 will be converted to 8.
└ @ ModelingToolkitSIExt ~/ParameterEstimationBenchmark-local/environments/StructuralIdentifiability.jl/ext/ModelingToolkitSIExt.jl:78
┌ Warning: Floating point value 2.2160402344519965 will be converted to 108885148//49135005.
└ @ ModelingToolkitSIExt ~/ParameterEstimationBenchmark-local/environments/StructuralIdentifiability.jl/ext/ModelingToolkitSIExt.jl:78
┌ Warning: Floating point value 8.0 will be converted to 8.
└ @ ModelingToolkitSIExt ~/ParameterEstimationBenchmark-local/environments/StructuralIdentifiability.jl/ext/ModelingToolkitSIExt.jl:78
┌ Warning: Floating point value -0.322933261479634 will be converted to -21983799//68075363.
└ @ ModelingToolkitSIExt ~/ParameterEstimationBenchmark-local/environments/StructuralIdentifiability.jl/ext/ModelingToolkitSIExt.jl:78
┌ Warning: Floating point value 5.771156320172893 will be converted to 73318709//12704336.
└ @ ModelingToolkitSIExt ~/ParameterEstimationBenchmark-local/environments/StructuralIdentifiability.jl/ext/ModelingToolkitSIExt.jl:78
┌ Warning: Floating point value 0.5 will be converted to 1//2.
└ @ ModelingToolkitSIExt ~/ParameterEstimationBenchmark-local/environments/StructuralIdentifiability.jl/ext/ModelingToolkitSIExt.jl:78
┌ Warning: Floating point value 0.5 will be converted to 1//2.
└ @ ModelingToolkitSIExt ~/ParameterEstimationBenchmark-local/environments/StructuralIdentifiability.jl/ext/ModelingToolkitSIExt.jl:78
┌ Warning: Floating point value 3.2560218978372655 will be converted to 263615725//80962516.
└ @ ModelingToolkitSIExt ~/ParameterEstimationBenchmark-local/environments/StructuralIdentifiability.jl/ext/ModelingToolkitSIExt.jl:78
┌ Warning: Floating point value 2.2160402344519965 will be converted to 108885148//49135005.
└ @ ModelingToolkitSIExt ~/ParameterEstimationBenchmark-local/environments/StructuralIdentifiability.jl/ext/ModelingToolkitSIExt.jl:78
┌ Warning: Floating point value 8.0 will be converted to 8.
└ @ ModelingToolkitSIExt ~/ParameterEstimationBenchmark-local/environments/StructuralIdentifiability.jl/ext/ModelingToolkitSIExt.jl:78
┌ Warning: Floating point value 0.5 will be converted to 1//2.
└ @ ModelingToolkitSIExt ~/ParameterEstimationBenchmark-local/environments/StructuralIdentifiability.jl/ext/ModelingToolkitSIExt.jl:78
┌ Warning: Floating point value 0.0072880974651159365 will be converted to 6298153//864169700.
└ @ ModelingToolkitSIExt ~/ParameterEstimationBenchmark-local/environments/StructuralIdentifiability.jl/ext/ModelingToolkitSIExt.jl:78
┌ Warning: Floating point value -8.320658536055566 will be converted to -24898697//2992395.
└ @ ModelingToolkitSIExt ~/ParameterEstimationBenchmark-local/environments/StructuralIdentifiability.jl/ext/ModelingToolkitSIExt.jl:78
┌ Warning: Floating point value -0.5 will be converted to -1//2.
└ @ ModelingToolkitSIExt ~/ParameterEstimationBenchmark-local/environments/StructuralIdentifiability.jl/ext/ModelingToolkitSIExt.jl:78
┌ Warning: Floating point value 0.322933261479634 will be converted to 21983799//68075363.
└ @ ModelingToolkitSIExt ~/ParameterEstimationBenchmark-local/environments/StructuralIdentifiability.jl/ext/ModelingToolkitSIExt.jl:78
┌ Warning: Floating point value 5.771156320172893 will be converted to 73318709//12704336.
└ @ ModelingToolkitSIExt ~/ParameterEstimationBenchmark-local/environments/StructuralIdentifiability.jl/ext/ModelingToolkitSIExt.jl:78
┌ Warning: Floating point value 0.5 will be converted to 1//2.
└ @ ModelingToolkitSIExt ~/ParameterEstimationBenchmark-local/environments/StructuralIdentifiability.jl/ext/ModelingToolkitSIExt.jl:78
┌ Warning: Floating point value 0.5 will be converted to 1//2.
└ @ ModelingToolkitSIExt ~/ParameterEstimationBenchmark-local/environments/StructuralIdentifiability.jl/ext/ModelingToolkitSIExt.jl:78
┌ Warning: Floating point value 0.5 will be converted to 1//2.
└ @ ModelingToolkitSIExt ~/ParameterEstimationBenchmark-local/environments/StructuralIdentifiability.jl/ext/ModelingToolkitSIExt.jl:78
┌ Warning: Floating point value -0.014576194930231873 will be converted to -6298153//432084850.
└ @ ModelingToolkitSIExt ~/ParameterEstimationBenchmark-local/environments/StructuralIdentifiability.jl/ext/ModelingToolkitSIExt.jl:78
┌ Warning: Floating point value -8.320658536055566 will be converted to -24898697//2992395.
└ @ ModelingToolkitSIExt ~/ParameterEstimationBenchmark-local/environments/StructuralIdentifiability.jl/ext/ModelingToolkitSIExt.jl:78
┌ Warning: Floating point value -0.5 will be converted to -1//2.
└ @ ModelingToolkitSIExt ~/ParameterEstimationBenchmark-local/environments/StructuralIdentifiability.jl/ext/ModelingToolkitSIExt.jl:78
┌ Warning: Floating point value 8.0 will be converted to 8.
└ @ ModelingToolkitSIExt ~/ParameterEstimationBenchmark-local/environments/StructuralIdentifiability.jl/ext/ModelingToolkitSIExt.jl:78
┌ Warning: Floating point value 0.5 will be converted to 1//2.
└ @ ModelingToolkitSIExt ~/ParameterEstimationBenchmark-local/environments/StructuralIdentifiability.jl/ext/ModelingToolkitSIExt.jl:78
[ Info: Getting polynomial system from SIAN
[ Info: Built polynomial system with 9 equations
[ Info: [SI-TEMPLATE] algebraic_multiplicity M = 1  (setup 0.0s, Groebner 0.0s, quotient_basis 0.0s, ring: 8 vars × 10 polys)
[ Info: [DEBUG-ALG-INDEP] Input: 9 equations, 7 indeterminates
[ Info: [DEBUG-ALG-INDEP] Jacobian size: (9, 7)
[ Info: [DEBUG-ALG-INDEP] Jacobian rank: 7
[ Info: [DEBUG-ALG-INDEP] Found 7 pivot columns
[ Info: [DEBUG-ALG-INDEP] Selected 7 equations (current_rank=7)
[ Info: [DEBUG-ALG-INDEP] Returning: output_ids=[1, 2, 3, 4, 5, 6, 7], alg_indep has 0 vars
[ Info: Reduced polynomial system to 7 equations
┌ Info: [SI-MAP] Extending DerivativeData support for SI template
│   current_order = -1
└   required_order = 5
[ Info: Checking identifiability
┌ Warning: There are no parameters in the given ODE, thus no identifiabile
│ functions.
│ Use `find_identifiable_functions` with keyword `with_states=true` to
│ compute the functions with the ODE states included.
└ @ StructuralIdentifiability ~/ParameterEstimationBenchmark-local/environments/StructuralIdentifiability.jl/src/identifiable_functions.jl:97
┌ Info: [SI-STRUCTURAL] SIAN/SI template summary
│   template_equation_count = 7
│   derivative_symbol_count = 12
│   max_derivative_order = 5
│   structural_unidentifiable_count = 1
└   identifiable_function_count = 1
┌ Info: [SI-MAP] Classified symbolic SI support variables while converting SIAN output
│   counts =
│    Dict{Symbol, Int64} with 2 entries:
│      :state_jet        => 2
│      :measured_rhs_jet => 5
│   samples =
│    Dict{Symbol, Vector{String}} with 2 entries:
│      :state_jet        => ["x6_0", "x6_1"]
└      :measured_rhs_jet => ["x5_0", "x4_0", "x5_1", "x4_1", "x5_2"]
[ Info: Getting equation system from StructuralIdentifiability.jl
[ Info: Converting ODESystem to SI.jl format
┌ Warning: Floating point value -3.2559608787320107 will be converted to -492706792//151324543.
└ @ ModelingToolkitSIExt ~/ParameterEstimationBenchmark-local/environments/StructuralIdentifiability.jl/ext/ModelingToolkitSIExt.jl:78
┌ Warning: Floating point value 8.0 will be converted to 8.
└ @ ModelingToolkitSIExt ~/ParameterEstimationBenchmark-local/environments/StructuralIdentifiability.jl/ext/ModelingToolkitSIExt.jl:78
┌ Warning: Floating point value 2.2159339096612363 will be converted to 57023476//25733383.
└ @ ModelingToolkitSIExt ~/ParameterEstimationBenchmark-local/environments/StructuralIdentifiability.jl/ext/ModelingToolkitSIExt.jl:78
┌ Warning: Floating point value 8.0 will be converted to 8.
└ @ ModelingToolkitSIExt ~/ParameterEstimationBenchmark-local/environments/StructuralIdentifiability.jl/ext/ModelingToolkitSIExt.jl:78
┌ Warning: Floating point value -0.11744242249815799 will be converted to -41680473//354901339.
└ @ ModelingToolkitSIExt ~/ParameterEstimationBenchmark-local/environments/StructuralIdentifiability.jl/ext/ModelingToolkitSIExt.jl:78
┌ Warning: Floating point value 1.0777867721726808 will be converted to 40173242//37273831.
└ @ ModelingToolkitSIExt ~/ParameterEstimationBenchmark-local/environments/StructuralIdentifiability.jl/ext/ModelingToolkitSIExt.jl:78
┌ Warning: Floating point value 0.5 will be converted to 1//2.
└ @ ModelingToolkitSIExt ~/ParameterEstimationBenchmark-local/environments/StructuralIdentifiability.jl/ext/ModelingToolkitSIExt.jl:78
┌ Warning: Floating point value 0.5 will be converted to 1//2.
└ @ ModelingToolkitSIExt ~/ParameterEstimationBenchmark-local/environments/StructuralIdentifiability.jl/ext/ModelingToolkitSIExt.jl:78
┌ Warning: Floating point value 3.2559608787320107 will be converted to 492706792//151324543.
└ @ ModelingToolkitSIExt ~/ParameterEstimationBenchmark-local/environments/StructuralIdentifiability.jl/ext/ModelingToolkitSIExt.jl:78
┌ Warning: Floating point value 2.2159339096612363 will be converted to 57023476//25733383.
└ @ ModelingToolkitSIExt ~/ParameterEstimationBenchmark-local/environments/StructuralIdentifiability.jl/ext/ModelingToolkitSIExt.jl:78
┌ Warning: Floating point value 8.0 will be converted to 8.
└ @ ModelingToolkitSIExt ~/ParameterEstimationBenchmark-local/environments/StructuralIdentifiability.jl/ext/ModelingToolkitSIExt.jl:78
┌ Warning: Floating point value 0.5 will be converted to 1//2.
└ @ ModelingToolkitSIExt ~/ParameterEstimationBenchmark-local/environments/StructuralIdentifiability.jl/ext/ModelingToolkitSIExt.jl:78
┌ Warning: Floating point value -11.21409747305468 will be converted to -276112409//24621902.
└ @ ModelingToolkitSIExt ~/ParameterEstimationBenchmark-local/environments/StructuralIdentifiability.jl/ext/ModelingToolkitSIExt.jl:78
┌ Warning: Floating point value -0.16388937792528824 will be converted to -21223789//129500699.
└ @ ModelingToolkitSIExt ~/ParameterEstimationBenchmark-local/environments/StructuralIdentifiability.jl/ext/ModelingToolkitSIExt.jl:78
┌ Warning: Floating point value -0.5 will be converted to -1//2.
└ @ ModelingToolkitSIExt ~/ParameterEstimationBenchmark-local/environments/StructuralIdentifiability.jl/ext/ModelingToolkitSIExt.jl:78
┌ Warning: Floating point value 0.11744242249815799 will be converted to 41680473//354901339.
└ @ ModelingToolkitSIExt ~/ParameterEstimationBenchmark-local/environments/StructuralIdentifiability.jl/ext/ModelingToolkitSIExt.jl:78
┌ Warning: Floating point value 1.0777867721726808 will be converted to 40173242//37273831.
└ @ ModelingToolkitSIExt ~/ParameterEstimationBenchmark-local/environments/StructuralIdentifiability.jl/ext/ModelingToolkitSIExt.jl:78
┌ Warning: Floating point value 0.5 will be converted to 1//2.
└ @ ModelingToolkitSIExt ~/ParameterEstimationBenchmark-local/environments/StructuralIdentifiability.jl/ext/ModelingToolkitSIExt.jl:78
┌ Warning: Floating point value 0.5 will be converted to 1//2.
└ @ ModelingToolkitSIExt ~/ParameterEstimationBenchmark-local/environments/StructuralIdentifiability.jl/ext/ModelingToolkitSIExt.jl:78
┌ Warning: Floating point value 0.5 will be converted to 1//2.
└ @ ModelingToolkitSIExt ~/ParameterEstimationBenchmark-local/environments/StructuralIdentifiability.jl/ext/ModelingToolkitSIExt.jl:78
┌ Warning: Floating point value 22.42819494610936 will be converted to 276112409//12310951.
└ @ ModelingToolkitSIExt ~/ParameterEstimationBenchmark-local/environments/StructuralIdentifiability.jl/ext/ModelingToolkitSIExt.jl:78
┌ Warning: Floating point value -0.16388937792528824 will be converted to -21223789//129500699.
└ @ ModelingToolkitSIExt ~/ParameterEstimationBenchmark-local/environments/StructuralIdentifiability.jl/ext/ModelingToolkitSIExt.jl:78
┌ Warning: Floating point value -0.5 will be converted to -1//2.
└ @ ModelingToolkitSIExt ~/ParameterEstimationBenchmark-local/environments/StructuralIdentifiability.jl/ext/ModelingToolkitSIExt.jl:78
┌ Warning: Floating point value 8.0 will be converted to 8.
└ @ ModelingToolkitSIExt ~/ParameterEstimationBenchmark-local/environments/StructuralIdentifiability.jl/ext/ModelingToolkitSIExt.jl:78
┌ Warning: Floating point value 0.5 will be converted to 1//2.
└ @ ModelingToolkitSIExt ~/ParameterEstimationBenchmark-local/environments/StructuralIdentifiability.jl/ext/ModelingToolkitSIExt.jl:78
[ Info: Getting polynomial system from SIAN
[ Info: Built polynomial system with 9 equations
[ Info: [SI-TEMPLATE] algebraic_multiplicity M = 1  (setup 0.0s, Groebner 0.0s, quotient_basis 0.0s, ring: 8 vars × 10 polys)
[ Info: [DEBUG-ALG-INDEP] Input: 9 equations, 7 indeterminates
[ Info: [DEBUG-ALG-INDEP] Jacobian size: (9, 7)
[ Info: [DEBUG-ALG-INDEP] Jacobian rank: 7
[ Info: [DEBUG-ALG-INDEP] Found 7 pivot columns
[ Info: [DEBUG-ALG-INDEP] Selected 7 equations (current_rank=7)
[ Info: [DEBUG-ALG-INDEP] Returning: output_ids=[1, 2, 3, 4, 5, 6, 7], alg_indep has 0 vars
[ Info: Reduced polynomial system to 7 equations
┌ Info: [SI-MAP] Extending DerivativeData support for SI template
│   current_order = -1
└   required_order = 5
[ Info: Checking identifiability
┌ Warning: There are no parameters in the given ODE, thus no identifiabile
│ functions.
│ Use `find_identifiable_functions` with keyword `with_states=true` to
│ compute the functions with the ODE states included.
└ @ StructuralIdentifiability ~/ParameterEstimationBenchmark-local/environments/StructuralIdentifiability.jl/src/identifiable_functions.jl:97
┌ Info: [SI-STRUCTURAL] SIAN/SI template summary
│   template_equation_count = 7
│   derivative_symbol_count = 12
│   max_derivative_order = 5
│   structural_unidentifiable_count = 1
└   identifiable_function_count = 1
┌ Info: [SI-MAP] Classified symbolic SI support variables while converting SIAN output
│   counts =
│    Dict{Symbol, Int64} with 2 entries:
│      :state_jet        => 2
│      :measured_rhs_jet => 5
│   samples =
│    Dict{Symbol, Vector{String}} with 2 entries:
│      :state_jet        => ["x6_0", "x6_1"]
└      :measured_rhs_jet => ["x5_0", "x4_0", "x5_1", "x4_1", "x5_2"]
[ Info: Getting equation system from StructuralIdentifiability.jl
[ Info: Converting ODESystem to SI.jl format
┌ Warning: Floating point value -3.2559608787320107 will be converted to -492706792//151324543.
└ @ ModelingToolkitSIExt ~/ParameterEstimationBenchmark-local/environments/StructuralIdentifiability.jl/ext/ModelingToolkitSIExt.jl:78
┌ Warning: Floating point value 8.0 will be converted to 8.
└ @ ModelingToolkitSIExt ~/ParameterEstimationBenchmark-local/environments/StructuralIdentifiability.jl/ext/ModelingToolkitSIExt.jl:78
┌ Warning: Floating point value 2.2159339096612363 will be converted to 57023476//25733383.
└ @ ModelingToolkitSIExt ~/ParameterEstimationBenchmark-local/environments/StructuralIdentifiability.jl/ext/ModelingToolkitSIExt.jl:78
┌ Warning: Floating point value 8.0 will be converted to 8.
└ @ ModelingToolkitSIExt ~/ParameterEstimationBenchmark-local/environments/StructuralIdentifiability.jl/ext/ModelingToolkitSIExt.jl:78
┌ Warning: Floating point value -0.29724417633050404 will be converted to -48408826//162858787.
└ @ ModelingToolkitSIExt ~/ParameterEstimationBenchmark-local/environments/StructuralIdentifiability.jl/ext/ModelingToolkitSIExt.jl:78
┌ Warning: Floating point value 5.014887247066609 will be converted to 112878061//22508594.
└ @ ModelingToolkitSIExt ~/ParameterEstimationBenchmark-local/environments/StructuralIdentifiability.jl/ext/ModelingToolkitSIExt.jl:78
┌ Warning: Floating point value 0.5 will be converted to 1//2.
└ @ ModelingToolkitSIExt ~/ParameterEstimationBenchmark-local/environments/StructuralIdentifiability.jl/ext/ModelingToolkitSIExt.jl:78
┌ Warning: Floating point value 0.5 will be converted to 1//2.
└ @ ModelingToolkitSIExt ~/ParameterEstimationBenchmark-local/environments/StructuralIdentifiability.jl/ext/ModelingToolkitSIExt.jl:78
┌ Warning: Floating point value 3.2559608787320107 will be converted to 492706792//151324543.
└ @ ModelingToolkitSIExt ~/ParameterEstimationBenchmark-local/environments/StructuralIdentifiability.jl/ext/ModelingToolkitSIExt.jl:78
┌ Warning: Floating point value 2.2159339096612363 will be converted to 57023476//25733383.
└ @ ModelingToolkitSIExt ~/ParameterEstimationBenchmark-local/environments/StructuralIdentifiability.jl/ext/ModelingToolkitSIExt.jl:78
┌ Warning: Floating point value 8.0 will be converted to 8.
└ @ ModelingToolkitSIExt ~/ParameterEstimationBenchmark-local/environments/StructuralIdentifiability.jl/ext/ModelingToolkitSIExt.jl:78
┌ Warning: Floating point value 0.5 will be converted to 1//2.
└ @ ModelingToolkitSIExt ~/ParameterEstimationBenchmark-local/environments/StructuralIdentifiability.jl/ext/ModelingToolkitSIExt.jl:78
┌ Warning: Floating point value 0.01619391978972552 will be converted to 8161383//503978228.
└ @ ModelingToolkitSIExt ~/ParameterEstimationBenchmark-local/environments/StructuralIdentifiability.jl/ext/ModelingToolkitSIExt.jl:78
┌ Warning: Floating point value -3.820445080320815 will be converted to -216480573//56663705.
└ @ ModelingToolkitSIExt ~/ParameterEstimationBenchmark-local/environments/StructuralIdentifiability.jl/ext/ModelingToolkitSIExt.jl:78
┌ Warning: Floating point value -0.5 will be converted to -1//2.
└ @ ModelingToolkitSIExt ~/ParameterEstimationBenchmark-local/environments/StructuralIdentifiability.jl/ext/ModelingToolkitSIExt.jl:78
┌ Warning: Floating point value 0.29724417633050404 will be converted to 48408826//162858787.
└ @ ModelingToolkitSIExt ~/ParameterEstimationBenchmark-local/environments/StructuralIdentifiability.jl/ext/ModelingToolkitSIExt.jl:78
┌ Warning: Floating point value 5.014887247066609 will be converted to 112878061//22508594.
└ @ ModelingToolkitSIExt ~/ParameterEstimationBenchmark-local/environments/StructuralIdentifiability.jl/ext/ModelingToolkitSIExt.jl:78
┌ Warning: Floating point value 0.5 will be converted to 1//2.
└ @ ModelingToolkitSIExt ~/ParameterEstimationBenchmark-local/environments/StructuralIdentifiability.jl/ext/ModelingToolkitSIExt.jl:78
┌ Warning: Floating point value 0.5 will be converted to 1//2.
└ @ ModelingToolkitSIExt ~/ParameterEstimationBenchmark-local/environments/StructuralIdentifiability.jl/ext/ModelingToolkitSIExt.jl:78
┌ Warning: Floating point value 0.5 will be converted to 1//2.
└ @ ModelingToolkitSIExt ~/ParameterEstimationBenchmark-local/environments/StructuralIdentifiability.jl/ext/ModelingToolkitSIExt.jl:78
┌ Warning: Floating point value -0.03238783957945104 will be converted to -8161383//251989114.
└ @ ModelingToolkitSIExt ~/ParameterEstimationBenchmark-local/environments/StructuralIdentifiability.jl/ext/ModelingToolkitSIExt.jl:78
┌ Warning: Floating point value -3.820445080320815 will be converted to -216480573//56663705.
└ @ ModelingToolkitSIExt ~/ParameterEstimationBenchmark-local/environments/StructuralIdentifiability.jl/ext/ModelingToolkitSIExt.jl:78
┌ Warning: Floating point value -0.5 will be converted to -1//2.
└ @ ModelingToolkitSIExt ~/ParameterEstimationBenchmark-local/environments/StructuralIdentifiability.jl/ext/ModelingToolkitSIExt.jl:78
┌ Warning: Floating point value 8.0 will be converted to 8.
└ @ ModelingToolkitSIExt ~/ParameterEstimationBenchmark-local/environments/StructuralIdentifiability.jl/ext/ModelingToolkitSIExt.jl:78
┌ Warning: Floating point value 0.5 will be converted to 1//2.
└ @ ModelingToolkitSIExt ~/ParameterEstimationBenchmark-local/environments/StructuralIdentifiability.jl/ext/ModelingToolkitSIExt.jl:78
[ Info: Getting polynomial system from SIAN
[ Info: Built polynomial system with 9 equations
[ Info: [SI-TEMPLATE] algebraic_multiplicity M = 1  (setup 0.0s, Groebner 0.0s, quotient_basis 0.0s, ring: 8 vars × 10 polys)
[ Info: [DEBUG-ALG-INDEP] Input: 9 equations, 7 indeterminates
[ Info: [DEBUG-ALG-INDEP] Jacobian size: (9, 7)
[ Info: [DEBUG-ALG-INDEP] Jacobian rank: 7
[ Info: [DEBUG-ALG-INDEP] Found 7 pivot columns
[ Info: [DEBUG-ALG-INDEP] Selected 7 equations (current_rank=7)
[ Info: [DEBUG-ALG-INDEP] Returning: output_ids=[1, 2, 3, 4, 5, 6, 7], alg_indep has 0 vars
[CAND 578] ok  max=425b  0.4s
[CAND 579] ok  max=452b  0.2s
[CAND 581] ok  max=445b  1.6s
[CAND 618] ok  max=438b  0.2s
[CAND 627] ok  max=424b  0.2s
[ Info: Reduced polynomial system to 7 equations
┌ Info: [SI-MAP] Extending DerivativeData support for SI template
│   current_order = -1
└   required_order = 5
[ Info: Checking identifiability
┌ Warning: There are no parameters in the given ODE, thus no identifiabile
│ functions.
│ Use `find_identifiable_functions` with keyword `with_states=true` to
│ compute the functions with the ODE states included.
└ @ StructuralIdentifiability ~/ParameterEstimationBenchmark-local/environments/StructuralIdentifiability.jl/src/identifiable_functions.jl:97
┌ Info: [SI-STRUCTURAL] SIAN/SI template summary
│   template_equation_count = 7
│   derivative_symbol_count = 12
│   max_derivative_order = 5
│   structural_unidentifiable_count = 1
└   identifiable_function_count = 1
┌ Info: [SI-MAP] Classified symbolic SI support variables while converting SIAN output
│   counts =
│    Dict{Symbol, Int64} with 2 entries:
│      :state_jet        => 2
│      :measured_rhs_jet => 5
│   samples =
│    Dict{Symbol, Vector{String}} with 2 entries:
│      :state_jet        => ["x6_0", "x6_1"]
└      :measured_rhs_jet => ["x5_0", "x4_0", "x5_1", "x4_1", "x5_2"]
[ Info: Getting equation system from StructuralIdentifiability.jl
[ Info: Converting ODESystem to SI.jl format
┌ Warning: Floating point value -3.256491188467074 will be converted to -127727781//39222517.
└ @ ModelingToolkitSIExt ~/ParameterEstimationBenchmark-local/environments/StructuralIdentifiability.jl/ext/ModelingToolkitSIExt.jl:78
┌ Warning: Floating point value 8.0 will be converted to 8.
└ @ ModelingToolkitSIExt ~/ParameterEstimationBenchmark-local/environments/StructuralIdentifiability.jl/ext/ModelingToolkitSIExt.jl:78
┌ Warning: Floating point value 2.2167719955614924 will be converted to 133178891//60077848.
└ @ ModelingToolkitSIExt ~/ParameterEstimationBenchmark-local/environments/StructuralIdentifiability.jl/ext/ModelingToolkitSIExt.jl:78
┌ Warning: Floating point value 8.0 will be converted to 8.
└ @ ModelingToolkitSIExt ~/ParameterEstimationBenchmark-local/environments/StructuralIdentifiability.jl/ext/ModelingToolkitSIExt.jl:78
┌ Warning: Floating point value -0.11555670194074785 will be converted to -32476718//281045733.
└ @ ModelingToolkitSIExt ~/ParameterEstimationBenchmark-local/environments/StructuralIdentifiability.jl/ext/ModelingToolkitSIExt.jl:78
┌ Warning: Floating point value 0.9143816385609228 will be converted to 78815193//86195074.
└ @ ModelingToolkitSIExt ~/ParameterEstimationBenchmark-local/environments/StructuralIdentifiability.jl/ext/ModelingToolkitSIExt.jl:78
┌ Warning: Floating point value 0.5 will be converted to 1//2.
└ @ ModelingToolkitSIExt ~/ParameterEstimationBenchmark-local/environments/StructuralIdentifiability.jl/ext/ModelingToolkitSIExt.jl:78
┌ Warning: Floating point value 0.5 will be converted to 1//2.
└ @ ModelingToolkitSIExt ~/ParameterEstimationBenchmark-local/environments/StructuralIdentifiability.jl/ext/ModelingToolkitSIExt.jl:78
┌ Warning: Floating point value 3.256491188467074 will be converted to 127727781//39222517.
└ @ ModelingToolkitSIExt ~/ParameterEstimationBenchmark-local/environments/StructuralIdentifiability.jl/ext/ModelingToolkitSIExt.jl:78
┌ Warning: Floating point value 2.2167719955614924 will be converted to 133178891//60077848.
└ @ ModelingToolkitSIExt ~/ParameterEstimationBenchmark-local/environments/StructuralIdentifiability.jl/ext/ModelingToolkitSIExt.jl:78
┌ Warning: Floating point value 8.0 will be converted to 8.
└ @ ModelingToolkitSIExt ~/ParameterEstimationBenchmark-local/environments/StructuralIdentifiability.jl/ext/ModelingToolkitSIExt.jl:78
┌ Warning: Floating point value 0.5 will be converted to 1//2.
└ @ ModelingToolkitSIExt ~/ParameterEstimationBenchmark-local/environments/StructuralIdentifiability.jl/ext/ModelingToolkitSIExt.jl:78
┌ Warning: Floating point value -111.60944724786394 will be converted to -962032363//8619632.
└ @ ModelingToolkitSIExt ~/ParameterEstimationBenchmark-local/environments/StructuralIdentifiability.jl/ext/ModelingToolkitSIExt.jl:78
┌ Warning: Floating point value 0.051534585959007714 will be converted to 12653529//245534698.
└ @ ModelingToolkitSIExt ~/ParameterEstimationBenchmark-local/environments/StructuralIdentifiability.jl/ext/ModelingToolkitSIExt.jl:78
┌ Warning: Floating point value -0.5 will be converted to -1//2.
└ @ ModelingToolkitSIExt ~/ParameterEstimationBenchmark-local/environments/StructuralIdentifiability.jl/ext/ModelingToolkitSIExt.jl:78
┌ Warning: Floating point value 0.11555670194074785 will be converted to 32476718//281045733.
└ @ ModelingToolkitSIExt ~/ParameterEstimationBenchmark-local/environments/StructuralIdentifiability.jl/ext/ModelingToolkitSIExt.jl:78
┌ Warning: Floating point value 0.9143816385609228 will be converted to 78815193//86195074.
└ @ ModelingToolkitSIExt ~/ParameterEstimationBenchmark-local/environments/StructuralIdentifiability.jl/ext/ModelingToolkitSIExt.jl:78
┌ Warning: Floating point value 0.5 will be converted to 1//2.
└ @ ModelingToolkitSIExt ~/ParameterEstimationBenchmark-local/environments/StructuralIdentifiability.jl/ext/ModelingToolkitSIExt.jl:78
┌ Warning: Floating point value 0.5 will be converted to 1//2.
└ @ ModelingToolkitSIExt ~/ParameterEstimationBenchmark-local/environments/StructuralIdentifiability.jl/ext/ModelingToolkitSIExt.jl:78
┌ Warning: Floating point value 0.5 will be converted to 1//2.
└ @ ModelingToolkitSIExt ~/ParameterEstimationBenchmark-local/environments/StructuralIdentifiability.jl/ext/ModelingToolkitSIExt.jl:78
┌ Warning: Floating point value 223.21889449572788 will be converted to 962032363//4309816.
└ @ ModelingToolkitSIExt ~/ParameterEstimationBenchmark-local/environments/StructuralIdentifiability.jl/ext/ModelingToolkitSIExt.jl:78
┌ Warning: Floating point value 0.051534585959007714 will be converted to 12653529//245534698.
└ @ ModelingToolkitSIExt ~/ParameterEstimationBenchmark-local/environments/StructuralIdentifiability.jl/ext/ModelingToolkitSIExt.jl:78
┌ Warning: Floating point value -0.5 will be converted to -1//2.
└ @ ModelingToolkitSIExt ~/ParameterEstimationBenchmark-local/environments/StructuralIdentifiability.jl/ext/ModelingToolkitSIExt.jl:78
┌ Warning: Floating point value 8.0 will be converted to 8.
└ @ ModelingToolkitSIExt ~/ParameterEstimationBenchmark-local/environments/StructuralIdentifiability.jl/ext/ModelingToolkitSIExt.jl:78
┌ Warning: Floating point value 0.5 will be converted to 1//2.
└ @ ModelingToolkitSIExt ~/ParameterEstimationBenchmark-local/environments/StructuralIdentifiability.jl/ext/ModelingToolkitSIExt.jl:78
[ Info: Getting polynomial system from SIAN
[ Info: Built polynomial system with 9 equations
[ Info: [SI-TEMPLATE] algebraic_multiplicity M = 1  (setup 0.0s, Groebner 0.0s, quotient_basis 0.0s, ring: 8 vars × 10 polys)
[ Info: [DEBUG-ALG-INDEP] Input: 9 equations, 7 indeterminates
[ Info: [DEBUG-ALG-INDEP] Jacobian size: (9, 7)
[ Info: [DEBUG-ALG-INDEP] Jacobian rank: 7
[ Info: [DEBUG-ALG-INDEP] Found 7 pivot columns
[ Info: [DEBUG-ALG-INDEP] Selected 7 equations (current_rank=7)
[ Info: [DEBUG-ALG-INDEP] Returning: output_ids=[1, 2, 3, 4, 5, 6, 7], alg_indep has 0 vars
[ Info: Reduced polynomial system to 7 equations
┌ Info: [SI-MAP] Extending DerivativeData support for SI template
│   current_order = -1
└   required_order = 5
[ Info: Checking identifiability
┌ Warning: There are no parameters in the given ODE, thus no identifiabile
│ functions.
│ Use `find_identifiable_functions` with keyword `with_states=true` to
│ compute the functions with the ODE states included.
└ @ StructuralIdentifiability ~/ParameterEstimationBenchmark-local/environments/StructuralIdentifiability.jl/src/identifiable_functions.jl:97
┌ Info: [SI-STRUCTURAL] SIAN/SI template summary
│   template_equation_count = 7
│   derivative_symbol_count = 12
│   max_derivative_order = 5
│   structural_unidentifiable_count = 1
└   identifiable_function_count = 1
┌ Info: [SI-MAP] Classified symbolic SI support variables while converting SIAN output
│   counts =
│    Dict{Symbol, Int64} with 2 entries:
│      :state_jet        => 2
│      :measured_rhs_jet => 5
│   samples =
│    Dict{Symbol, Vector{String}} with 2 entries:
│      :state_jet        => ["x6_0", "x6_1"]
└      :measured_rhs_jet => ["x5_0", "x4_0", "x5_1", "x4_1", "x5_2"]
[ Info: Getting equation system from StructuralIdentifiability.jl
[ Info: Converting ODESystem to SI.jl format
┌ Warning: Floating point value -3.256491188467074 will be converted to -127727781//39222517.
└ @ ModelingToolkitSIExt ~/ParameterEstimationBenchmark-local/environments/StructuralIdentifiability.jl/ext/ModelingToolkitSIExt.jl:78
┌ Warning: Floating point value 8.0 will be converted to 8.
└ @ ModelingToolkitSIExt ~/ParameterEstimationBenchmark-local/environments/StructuralIdentifiability.jl/ext/ModelingToolkitSIExt.jl:78
┌ Warning: Floating point value 2.2167719955614924 will be converted to 133178891//60077848.
└ @ ModelingToolkitSIExt ~/ParameterEstimationBenchmark-local/environments/StructuralIdentifiability.jl/ext/ModelingToolkitSIExt.jl:78
┌ Warning: Floating point value 8.0 will be converted to 8.
└ @ ModelingToolkitSIExt ~/ParameterEstimationBenchmark-local/environments/StructuralIdentifiability.jl/ext/ModelingToolkitSIExt.jl:78
┌ Warning: Floating point value -0.11555670194074785 will be converted to -32476718//281045733.
└ @ ModelingToolkitSIExt ~/ParameterEstimationBenchmark-local/environments/StructuralIdentifiability.jl/ext/ModelingToolkitSIExt.jl:78
┌ Warning: Floating point value 0.9659162245199305 will be converted to 63178065//65407396.
└ @ ModelingToolkitSIExt ~/ParameterEstimationBenchmark-local/environments/StructuralIdentifiability.jl/ext/ModelingToolkitSIExt.jl:78
┌ Warning: Floating point value 0.5 will be converted to 1//2.
└ @ ModelingToolkitSIExt ~/ParameterEstimationBenchmark-local/environments/StructuralIdentifiability.jl/ext/ModelingToolkitSIExt.jl:78
┌ Warning: Floating point value 0.5 will be converted to 1//2.
└ @ ModelingToolkitSIExt ~/ParameterEstimationBenchmark-local/environments/StructuralIdentifiability.jl/ext/ModelingToolkitSIExt.jl:78
┌ Warning: Floating point value 3.256491188467074 will be converted to 127727781//39222517.
└ @ ModelingToolkitSIExt ~/ParameterEstimationBenchmark-local/environments/StructuralIdentifiability.jl/ext/ModelingToolkitSIExt.jl:78
┌ Warning: Floating point value 2.2167719955614924 will be converted to 133178891//60077848.
└ @ ModelingToolkitSIExt ~/ParameterEstimationBenchmark-local/environments/StructuralIdentifiability.jl/ext/ModelingToolkitSIExt.jl:78
┌ Warning: Floating point value 8.0 will be converted to 8.
└ @ ModelingToolkitSIExt ~/ParameterEstimationBenchmark-local/environments/StructuralIdentifiability.jl/ext/ModelingToolkitSIExt.jl:78
┌ Warning: Floating point value 0.5 will be converted to 1//2.
└ @ ModelingToolkitSIExt ~/ParameterEstimationBenchmark-local/environments/StructuralIdentifiability.jl/ext/ModelingToolkitSIExt.jl:78
┌ Warning: Floating point value -111.60944724786397 will be converted to -528060568//4731325.
└ @ ModelingToolkitSIExt ~/ParameterEstimationBenchmark-local/environments/StructuralIdentifiability.jl/ext/ModelingToolkitSIExt.jl:78
┌ Warning: Floating point value -0.0515345859590077 will be converted to -11823422//229426933.
└ @ ModelingToolkitSIExt ~/ParameterEstimationBenchmark-local/environments/StructuralIdentifiability.jl/ext/ModelingToolkitSIExt.jl:78
┌ Warning: Floating point value -0.5 will be converted to -1//2.
└ @ ModelingToolkitSIExt ~/ParameterEstimationBenchmark-local/environments/StructuralIdentifiability.jl/ext/ModelingToolkitSIExt.jl:78
┌ Warning: Floating point value 0.11555670194074785 will be converted to 32476718//281045733.
└ @ ModelingToolkitSIExt ~/ParameterEstimationBenchmark-local/environments/StructuralIdentifiability.jl/ext/ModelingToolkitSIExt.jl:78
┌ Warning: Floating point value 0.9659162245199305 will be converted to 63178065//65407396.
└ @ ModelingToolkitSIExt ~/ParameterEstimationBenchmark-local/environments/StructuralIdentifiability.jl/ext/ModelingToolkitSIExt.jl:78
┌ Warning: Floating point value 0.5 will be converted to 1//2.
└ @ ModelingToolkitSIExt ~/ParameterEstimationBenchmark-local/environments/StructuralIdentifiability.jl/ext/ModelingToolkitSIExt.jl:78
┌ Warning: Floating point value 0.5 will be converted to 1//2.
└ @ ModelingToolkitSIExt ~/ParameterEstimationBenchmark-local/environments/StructuralIdentifiability.jl/ext/ModelingToolkitSIExt.jl:78
┌ Warning: Floating point value 0.5 will be converted to 1//2.
└ @ ModelingToolkitSIExt ~/ParameterEstimationBenchmark-local/environments/StructuralIdentifiability.jl/ext/ModelingToolkitSIExt.jl:78
┌ Warning: Floating point value 223.21889449572794 will be converted to 1056121136//4731325.
└ @ ModelingToolkitSIExt ~/ParameterEstimationBenchmark-local/environments/StructuralIdentifiability.jl/ext/ModelingToolkitSIExt.jl:78
┌ Warning: Floating point value -0.0515345859590077 will be converted to -11823422//229426933.
└ @ ModelingToolkitSIExt ~/ParameterEstimationBenchmark-local/environments/StructuralIdentifiability.jl/ext/ModelingToolkitSIExt.jl:78
┌ Warning: Floating point value -0.5 will be converted to -1//2.
└ @ ModelingToolkitSIExt ~/ParameterEstimationBenchmark-local/environments/StructuralIdentifiability.jl/ext/ModelingToolkitSIExt.jl:78
┌ Warning: Floating point value 8.0 will be converted to 8.
└ @ ModelingToolkitSIExt ~/ParameterEstimationBenchmark-local/environments/StructuralIdentifiability.jl/ext/ModelingToolkitSIExt.jl:78
┌ Warning: Floating point value 0.5 will be converted to 1//2.
└ @ ModelingToolkitSIExt ~/ParameterEstimationBenchmark-local/environments/StructuralIdentifiability.jl/ext/ModelingToolkitSIExt.jl:78
[ Info: Getting polynomial system from SIAN
[ Info: Built polynomial system with 9 equations
[ Info: [SI-TEMPLATE] algebraic_multiplicity M = 1  (setup 0.0s, Groebner 0.0s, quotient_basis 0.0s, ring: 8 vars × 10 polys)
[ Info: [DEBUG-ALG-INDEP] Input: 9 equations, 7 indeterminates
[ Info: [DEBUG-ALG-INDEP] Jacobian size: (9, 7)
[ Info: [DEBUG-ALG-INDEP] Jacobian rank: 7
[ Info: [DEBUG-ALG-INDEP] Found 7 pivot columns
[ Info: [DEBUG-ALG-INDEP] Selected 7 equations (current_rank=7)
[ Info: [DEBUG-ALG-INDEP] Returning: output_ids=[1, 2, 3, 4, 5, 6, 7], alg_indep has 0 vars
[ Info: Reduced polynomial system to 7 equations
┌ Info: [SI-MAP] Extending DerivativeData support for SI template
│   current_order = -1
└   required_order = 5
[ Info: Checking identifiability
┌ Warning: There are no parameters in the given ODE, thus no identifiabile
│ functions.
│ Use `find_identifiable_functions` with keyword `with_states=true` to
│ compute the functions with the ODE states included.
└ @ StructuralIdentifiability ~/ParameterEstimationBenchmark-local/environments/StructuralIdentifiability.jl/src/identifiable_functions.jl:97
┌ Info: [SI-STRUCTURAL] SIAN/SI template summary
│   template_equation_count = 7
│   derivative_symbol_count = 12
│   max_derivative_order = 5
│   structural_unidentifiable_count = 1
└   identifiable_function_count = 1
┌ Info: [SI-MAP] Classified symbolic SI support variables while converting SIAN output
│   counts =
│    Dict{Symbol, Int64} with 2 entries:
│      :state_jet        => 2
│      :measured_rhs_jet => 5
│   samples =
│    Dict{Symbol, Vector{String}} with 2 entries:
│      :state_jet        => ["x6_0", "x6_1"]
└      :measured_rhs_jet => ["x5_0", "x4_0", "x5_1", "x4_1", "x5_2"]
[ Info: Getting equation system from StructuralIdentifiability.jl
[ Info: Converting ODESystem to SI.jl format
┌ Warning: Floating point value -3.2560198140989307 will be converted to -111104425//34122773.
└ @ ModelingToolkitSIExt ~/ParameterEstimationBenchmark-local/environments/StructuralIdentifiability.jl/ext/ModelingToolkitSIExt.jl:78
┌ Warning: Floating point value 8.0 will be converted to 8.
└ @ ModelingToolkitSIExt ~/ParameterEstimationBenchmark-local/environments/StructuralIdentifiability.jl/ext/ModelingToolkitSIExt.jl:78
┌ Warning: Floating point value 2.216042440128176 will be converted to 159036176//71765853.
└ @ ModelingToolkitSIExt ~/ParameterEstimationBenchmark-local/environments/StructuralIdentifiability.jl/ext/ModelingToolkitSIExt.jl:78
┌ Warning: Floating point value 8.0 will be converted to 8.
└ @ ModelingToolkitSIExt ~/ParameterEstimationBenchmark-local/environments/StructuralIdentifiability.jl/ext/ModelingToolkitSIExt.jl:78
┌ Warning: Floating point value 0.8136616682412571 will be converted to 21946159//26972094.
└ @ ModelingToolkitSIExt ~/ParameterEstimationBenchmark-local/environments/StructuralIdentifiability.jl/ext/ModelingToolkitSIExt.jl:78
┌ Warning: Floating point value 11.514684052075426 will be converted to 156757627//13613715.
└ @ ModelingToolkitSIExt ~/ParameterEstimationBenchmark-local/environments/StructuralIdentifiability.jl/ext/ModelingToolkitSIExt.jl:78
┌ Warning: Floating point value 0.5 will be converted to 1//2.
└ @ ModelingToolkitSIExt ~/ParameterEstimationBenchmark-local/environments/StructuralIdentifiability.jl/ext/ModelingToolkitSIExt.jl:78
┌ Warning: Floating point value 0.5 will be converted to 1//2.
└ @ ModelingToolkitSIExt ~/ParameterEstimationBenchmark-local/environments/StructuralIdentifiability.jl/ext/ModelingToolkitSIExt.jl:78
┌ Warning: Floating point value 3.2560198140989307 will be converted to 111104425//34122773.
└ @ ModelingToolkitSIExt ~/ParameterEstimationBenchmark-local/environments/StructuralIdentifiability.jl/ext/ModelingToolkitSIExt.jl:78
┌ Warning: Floating point value 2.216042440128176 will be converted to 159036176//71765853.
└ @ ModelingToolkitSIExt ~/ParameterEstimationBenchmark-local/environments/StructuralIdentifiability.jl/ext/ModelingToolkitSIExt.jl:78
┌ Warning: Floating point value 8.0 will be converted to 8.
└ @ ModelingToolkitSIExt ~/ParameterEstimationBenchmark-local/environments/StructuralIdentifiability.jl/ext/ModelingToolkitSIExt.jl:78
┌ Warning: Floating point value 0.5 will be converted to 1//2.
└ @ ModelingToolkitSIExt ~/ParameterEstimationBenchmark-local/environments/StructuralIdentifiability.jl/ext/ModelingToolkitSIExt.jl:78
┌ Warning: Floating point value -0.002077153099210209 will be converted to -2644166//1272975979.
└ @ ModelingToolkitSIExt ~/ParameterEstimationBenchmark-local/environments/StructuralIdentifiability.jl/ext/ModelingToolkitSIExt.jl:78
┌ Warning: Floating point value -38.22813432970699 will be converted to -687413533//17981875.
└ @ ModelingToolkitSIExt ~/ParameterEstimationBenchmark-local/environments/StructuralIdentifiability.jl/ext/ModelingToolkitSIExt.jl:78
┌ Warning: Floating point value -0.5 will be converted to -1//2.
└ @ ModelingToolkitSIExt ~/ParameterEstimationBenchmark-local/environments/StructuralIdentifiability.jl/ext/ModelingToolkitSIExt.jl:78
┌ Warning: Floating point value -0.8136616682412571 will be converted to -21946159//26972094.
└ @ ModelingToolkitSIExt ~/ParameterEstimationBenchmark-local/environments/StructuralIdentifiability.jl/ext/ModelingToolkitSIExt.jl:78
┌ Warning: Floating point value 11.514684052075426 will be converted to 156757627//13613715.
└ @ ModelingToolkitSIExt ~/ParameterEstimationBenchmark-local/environments/StructuralIdentifiability.jl/ext/ModelingToolkitSIExt.jl:78
┌ Warning: Floating point value 0.5 will be converted to 1//2.
└ @ ModelingToolkitSIExt ~/ParameterEstimationBenchmark-local/environments/StructuralIdentifiability.jl/ext/ModelingToolkitSIExt.jl:78
┌ Warning: Floating point value 0.5 will be converted to 1//2.
└ @ ModelingToolkitSIExt ~/ParameterEstimationBenchmark-local/environments/StructuralIdentifiability.jl/ext/ModelingToolkitSIExt.jl:78
┌ Warning: Floating point value 0.5 will be converted to 1//2.
└ @ ModelingToolkitSIExt ~/ParameterEstimationBenchmark-local/environments/StructuralIdentifiability.jl/ext/ModelingToolkitSIExt.jl:78
┌ Warning: Floating point value 0.004154306198420418 will be converted to 4089075//984297932.
└ @ ModelingToolkitSIExt ~/ParameterEstimationBenchmark-local/environments/StructuralIdentifiability.jl/ext/ModelingToolkitSIExt.jl:78
┌ Warning: Floating point value -38.22813432970699 will be converted to -687413533//17981875.
└ @ ModelingToolkitSIExt ~/ParameterEstimationBenchmark-local/environments/StructuralIdentifiability.jl/ext/ModelingToolkitSIExt.jl:78
┌ Warning: Floating point value -0.5 will be converted to -1//2.
└ @ ModelingToolkitSIExt ~/ParameterEstimationBenchmark-local/environments/StructuralIdentifiability.jl/ext/ModelingToolkitSIExt.jl:78
┌ Warning: Floating point value 8.0 will be converted to 8.
└ @ ModelingToolkitSIExt ~/ParameterEstimationBenchmark-local/environments/StructuralIdentifiability.jl/ext/ModelingToolkitSIExt.jl:78
┌ Warning: Floating point value 0.5 will be converted to 1//2.
└ @ ModelingToolkitSIExt ~/ParameterEstimationBenchmark-local/environments/StructuralIdentifiability.jl/ext/ModelingToolkitSIExt.jl:78
[ Info: Getting polynomial system from SIAN
[ Info: Built polynomial system with 9 equations
[ Info: [SI-TEMPLATE] algebraic_multiplicity M = 1  (setup 0.0s, Groebner 0.0s, quotient_basis 0.0s, ring: 8 vars × 10 polys)
[ Info: [DEBUG-ALG-INDEP] Input: 9 equations, 7 indeterminates
[ Info: [DEBUG-ALG-INDEP] Jacobian size: (9, 7)
[ Info: [DEBUG-ALG-INDEP] Jacobian rank: 7
[ Info: [DEBUG-ALG-INDEP] Found 7 pivot columns
[ Info: [DEBUG-ALG-INDEP] Selected 7 equations (current_rank=7)
[ Info: [DEBUG-ALG-INDEP] Returning: output_ids=[1, 2, 3, 4, 5, 6, 7], alg_indep has 0 vars
[ Info: Reduced polynomial system to 7 equations
┌ Info: [SI-MAP] Extending DerivativeData support for SI template
│   current_order = -1
└   required_order = 5
[ Info: Checking identifiability
┌ Warning: There are no parameters in the given ODE, thus no identifiabile
│ functions.
│ Use `find_identifiable_functions` with keyword `with_states=true` to
│ compute the functions with the ODE states included.
└ @ StructuralIdentifiability ~/ParameterEstimationBenchmark-local/environments/StructuralIdentifiability.jl/src/identifiable_functions.jl:97
┌ Info: [SI-STRUCTURAL] SIAN/SI template summary
│   template_equation_count = 7
│   derivative_symbol_count = 12
│   max_derivative_order = 5
│   structural_unidentifiable_count = 1
└   identifiable_function_count = 1
┌ Info: [SI-MAP] Classified symbolic SI support variables while converting SIAN output
│   counts =
│    Dict{Symbol, Int64} with 2 entries:
│      :state_jet        => 2
│      :measured_rhs_jet => 5
│   samples =
│    Dict{Symbol, Vector{String}} with 2 entries:
│      :state_jet        => ["x6_0", "x6_1"]
└      :measured_rhs_jet => ["x5_0", "x4_0", "x5_1", "x4_1", "x5_2"]
[ Info: Getting equation system from StructuralIdentifiability.jl
[ Info: Converting ODESystem to SI.jl format
┌ Warning: Floating point value -3.2560195770691256 will be converted to -246859865//75816456.
└ @ ModelingToolkitSIExt ~/ParameterEstimationBenchmark-local/environments/StructuralIdentifiability.jl/ext/ModelingToolkitSIExt.jl:78
┌ Warning: Floating point value 8.0 will be converted to 8.
└ @ ModelingToolkitSIExt ~/ParameterEstimationBenchmark-local/environments/StructuralIdentifiability.jl/ext/ModelingToolkitSIExt.jl:78
┌ Warning: Floating point value 2.2160420732724586 will be converted to 56545919//25516627.
└ @ ModelingToolkitSIExt ~/ParameterEstimationBenchmark-local/environments/StructuralIdentifiability.jl/ext/ModelingToolkitSIExt.jl:78
┌ Warning: Floating point value 8.0 will be converted to 8.
└ @ ModelingToolkitSIExt ~/ParameterEstimationBenchmark-local/environments/StructuralIdentifiability.jl/ext/ModelingToolkitSIExt.jl:78
┌ Warning: Floating point value 1.1877929395733695 will be converted to 58354255//49128306.
└ @ ModelingToolkitSIExt ~/ParameterEstimationBenchmark-local/environments/StructuralIdentifiability.jl/ext/ModelingToolkitSIExt.jl:78
┌ Warning: Floating point value 16.331542668230814 will be converted to 192354853//11778119.
└ @ ModelingToolkitSIExt ~/ParameterEstimationBenchmark-local/environments/StructuralIdentifiability.jl/ext/ModelingToolkitSIExt.jl:78
┌ Warning: Floating point value 0.5 will be converted to 1//2.
└ @ ModelingToolkitSIExt ~/ParameterEstimationBenchmark-local/environments/StructuralIdentifiability.jl/ext/ModelingToolkitSIExt.jl:78
┌ Warning: Floating point value 0.5 will be converted to 1//2.
└ @ ModelingToolkitSIExt ~/ParameterEstimationBenchmark-local/environments/StructuralIdentifiability.jl/ext/ModelingToolkitSIExt.jl:78
┌ Warning: Floating point value 3.2560195770691256 will be converted to 246859865//75816456.
└ @ ModelingToolkitSIExt ~/ParameterEstimationBenchmark-local/environments/StructuralIdentifiability.jl/ext/ModelingToolkitSIExt.jl:78
┌ Warning: Floating point value 2.2160420732724586 will be converted to 56545919//25516627.
└ @ ModelingToolkitSIExt ~/ParameterEstimationBenchmark-local/environments/StructuralIdentifiability.jl/ext/ModelingToolkitSIExt.jl:78
┌ Warning: Floating point value 8.0 will be converted to 8.
└ @ ModelingToolkitSIExt ~/ParameterEstimationBenchmark-local/environments/StructuralIdentifiability.jl/ext/ModelingToolkitSIExt.jl:78
┌ Warning: Floating point value 0.5 will be converted to 1//2.
└ @ ModelingToolkitSIExt ~/ParameterEstimationBenchmark-local/environments/StructuralIdentifiability.jl/ext/ModelingToolkitSIExt.jl:78
┌ Warning: Floating point value -0.0014476139934814435 will be converted to -4636625//3202942926.
└ @ ModelingToolkitSIExt ~/ParameterEstimationBenchmark-local/environments/StructuralIdentifiability.jl/ext/ModelingToolkitSIExt.jl:78
┌ Warning: Floating point value -53.81730067348347 will be converted to -454082129//8437475.
└ @ ModelingToolkitSIExt ~/ParameterEstimationBenchmark-local/environments/StructuralIdentifiability.jl/ext/ModelingToolkitSIExt.jl:78
┌ Warning: Floating point value -0.5 will be converted to -1//2.
└ @ ModelingToolkitSIExt ~/ParameterEstimationBenchmark-local/environments/StructuralIdentifiability.jl/ext/ModelingToolkitSIExt.jl:78
┌ Warning: Floating point value -1.1877929395733695 will be converted to -58354255//49128306.
└ @ ModelingToolkitSIExt ~/ParameterEstimationBenchmark-local/environments/StructuralIdentifiability.jl/ext/ModelingToolkitSIExt.jl:78
┌ Warning: Floating point value 16.331542668230814 will be converted to 192354853//11778119.
└ @ ModelingToolkitSIExt ~/ParameterEstimationBenchmark-local/environments/StructuralIdentifiability.jl/ext/ModelingToolkitSIExt.jl:78
┌ Warning: Floating point value 0.5 will be converted to 1//2.
└ @ ModelingToolkitSIExt ~/ParameterEstimationBenchmark-local/environments/StructuralIdentifiability.jl/ext/ModelingToolkitSIExt.jl:78
┌ Warning: Floating point value 0.5 will be converted to 1//2.
└ @ ModelingToolkitSIExt ~/ParameterEstimationBenchmark-local/environments/StructuralIdentifiability.jl/ext/ModelingToolkitSIExt.jl:78
┌ Warning: Floating point value 0.5 will be converted to 1//2.
└ @ ModelingToolkitSIExt ~/ParameterEstimationBenchmark-local/environments/StructuralIdentifiability.jl/ext/ModelingToolkitSIExt.jl:78
┌ Warning: Floating point value 0.002895227986962887 will be converted to 4636625//1601471463.
└ @ ModelingToolkitSIExt ~/ParameterEstimationBenchmark-local/environments/StructuralIdentifiability.jl/ext/ModelingToolkitSIExt.jl:78
┌ Warning: Floating point value -53.81730067348347 will be converted to -454082129//8437475.
└ @ ModelingToolkitSIExt ~/ParameterEstimationBenchmark-local/environments/StructuralIdentifiability.jl/ext/ModelingToolkitSIExt.jl:78
┌ Warning: Floating point value -0.5 will be converted to -1//2.
└ @ ModelingToolkitSIExt ~/ParameterEstimationBenchmark-local/environments/StructuralIdentifiability.jl/ext/ModelingToolkitSIExt.jl:78
┌ Warning: Floating point value 8.0 will be converted to 8.
└ @ ModelingToolkitSIExt ~/ParameterEstimationBenchmark-local/environments/StructuralIdentifiability.jl/ext/ModelingToolkitSIExt.jl:78
┌ Warning: Floating point value 0.5 will be converted to 1//2.
└ @ ModelingToolkitSIExt ~/ParameterEstimationBenchmark-local/environments/StructuralIdentifiability.jl/ext/ModelingToolkitSIExt.jl:78
[ Info: Getting polynomial system from SIAN
[ Info: Built polynomial system with 9 equations
[ Info: [SI-TEMPLATE] algebraic_multiplicity M = 1  (setup 0.0s, Groebner 0.0s, quotient_basis 0.0s, ring: 8 vars × 10 polys)
[ Info: [DEBUG-ALG-INDEP] Input: 9 equations, 7 indeterminates
[ Info: [DEBUG-ALG-INDEP] Jacobian size: (9, 7)
[ Info: [DEBUG-ALG-INDEP] Jacobian rank: 7
[ Info: [DEBUG-ALG-INDEP] Found 7 pivot columns
[ Info: [DEBUG-ALG-INDEP] Selected 7 equations (current_rank=7)
[ Info: [DEBUG-ALG-INDEP] Returning: output_ids=[1, 2, 3, 4, 5, 6, 7], alg_indep has 0 vars
[ Info: Reduced polynomial system to 7 equations
┌ Info: [SI-MAP] Extending DerivativeData support for SI template
│   current_order = -1
└   required_order = 5
[ Info: Checking identifiability
┌ Warning: There are no parameters in the given ODE, thus no identifiabile
│ functions.
│ Use `find_identifiable_functions` with keyword `with_states=true` to
│ compute the functions with the ODE states included.
└ @ StructuralIdentifiability ~/ParameterEstimationBenchmark-local/environments/StructuralIdentifiability.jl/src/identifiable_functions.jl:97
┌ Info: [SI-STRUCTURAL] SIAN/SI template summary
│   template_equation_count = 7
│   derivative_symbol_count = 12
│   max_derivative_order = 5
│   structural_unidentifiable_count = 1
└   identifiable_function_count = 1
┌ Info: [SI-MAP] Classified symbolic SI support variables while converting SIAN output
│   counts =
│    Dict{Symbol, Int64} with 2 entries:
│      :state_jet        => 2
│      :measured_rhs_jet => 5
│   samples =
│    Dict{Symbol, Vector{String}} with 2 entries:
│      :state_jet        => ["x6_0", "x6_1"]
└      :measured_rhs_jet => ["x5_0", "x4_0", "x5_1", "x4_1", "x5_2"]
[ Info: Getting equation system from StructuralIdentifiability.jl
[ Info: Converting ODESystem to SI.jl format
┌ Warning: Floating point value -3.2559909150243627 will be converted to -128522567//39472643.
└ @ ModelingToolkitSIExt ~/ParameterEstimationBenchmark-local/environments/StructuralIdentifiability.jl/ext/ModelingToolkitSIExt.jl:78
┌ Warning: Floating point value 8.0 will be converted to 8.
└ @ ModelingToolkitSIExt ~/ParameterEstimationBenchmark-local/environments/StructuralIdentifiability.jl/ext/ModelingToolkitSIExt.jl:78
┌ Warning: Floating point value 2.2159837126088653 will be converted to 25528303//11520077.
└ @ ModelingToolkitSIExt ~/ParameterEstimationBenchmark-local/environments/StructuralIdentifiability.jl/ext/ModelingToolkitSIExt.jl:78
┌ Warning: Floating point value 8.0 will be converted to 8.
└ @ ModelingToolkitSIExt ~/ParameterEstimationBenchmark-local/environments/StructuralIdentifiability.jl/ext/ModelingToolkitSIExt.jl:78
┌ Warning: Floating point value -0.15074218415155766 will be converted to -44362664//294294953.
└ @ ModelingToolkitSIExt ~/ParameterEstimationBenchmark-local/environments/StructuralIdentifiability.jl/ext/ModelingToolkitSIExt.jl:78
┌ Warning: Floating point value 1.0389702301966393 will be converted to 97350269//93698805.
└ @ ModelingToolkitSIExt ~/ParameterEstimationBenchmark-local/environments/StructuralIdentifiability.jl/ext/ModelingToolkitSIExt.jl:78
┌ Warning: Floating point value 0.5 will be converted to 1//2.
└ @ ModelingToolkitSIExt ~/ParameterEstimationBenchmark-local/environments/StructuralIdentifiability.jl/ext/ModelingToolkitSIExt.jl:78
┌ Warning: Floating point value 0.5 will be converted to 1//2.
└ @ ModelingToolkitSIExt ~/ParameterEstimationBenchmark-local/environments/StructuralIdentifiability.jl/ext/ModelingToolkitSIExt.jl:78
┌ Warning: Floating point value 3.2559909150243627 will be converted to 128522567//39472643.
└ @ ModelingToolkitSIExt ~/ParameterEstimationBenchmark-local/environments/StructuralIdentifiability.jl/ext/ModelingToolkitSIExt.jl:78
┌ Warning: Floating point value 2.2159837126088653 will be converted to 25528303//11520077.
└ @ ModelingToolkitSIExt ~/ParameterEstimationBenchmark-local/environments/StructuralIdentifiability.jl/ext/ModelingToolkitSIExt.jl:78
[CAND 636] ok  max=453b  0.2s
[CAND 641] ok  max=429b  0.3s
[CAND 652] ok  max=443b  0.3s
[CAND 653] ok  max=442b  0.3s
┌ Warning: Floating point value 8.0 will be converted to 8.
└ @ ModelingToolkitSIExt ~/ParameterEstimationBenchmark-local/environments/StructuralIdentifiability.jl/ext/ModelingToolkitSIExt.jl:78
┌ Warning: Floating point value 0.5 will be converted to 1//2.
└ @ ModelingToolkitSIExt ~/ParameterEstimationBenchmark-local/environments/StructuralIdentifiability.jl/ext/ModelingToolkitSIExt.jl:78
┌ Warning: Floating point value 0.00943651254855917 will be converted to 7534859//798479201.
└ @ ModelingToolkitSIExt ~/ParameterEstimationBenchmark-local/environments/StructuralIdentifiability.jl/ext/ModelingToolkitSIExt.jl:78
┌ Warning: Floating point value -8.366178668659751 will be converted to -331789486//39658427.
└ @ ModelingToolkitSIExt ~/ParameterEstimationBenchmark-local/environments/StructuralIdentifiability.jl/ext/ModelingToolkitSIExt.jl:78
┌ Warning: Floating point value -0.5 will be converted to -1//2.
└ @ ModelingToolkitSIExt ~/ParameterEstimationBenchmark-local/environments/StructuralIdentifiability.jl/ext/ModelingToolkitSIExt.jl:78
┌ Warning: Floating point value 0.15074218415155766 will be converted to 44362664//294294953.
└ @ ModelingToolkitSIExt ~/ParameterEstimationBenchmark-local/environments/StructuralIdentifiability.jl/ext/ModelingToolkitSIExt.jl:78
┌ Warning: Floating point value 1.0389702301966393 will be converted to 97350269//93698805.
└ @ ModelingToolkitSIExt ~/ParameterEstimationBenchmark-local/environments/StructuralIdentifiability.jl/ext/ModelingToolkitSIExt.jl:78
┌ Warning: Floating point value 0.5 will be converted to 1//2.
└ @ ModelingToolkitSIExt ~/ParameterEstimationBenchmark-local/environments/StructuralIdentifiability.jl/ext/ModelingToolkitSIExt.jl:78
┌ Warning: Floating point value 0.5 will be converted to 1//2.
└ @ ModelingToolkitSIExt ~/ParameterEstimationBenchmark-local/environments/StructuralIdentifiability.jl/ext/ModelingToolkitSIExt.jl:78
┌ Warning: Floating point value 0.5 will be converted to 1//2.
└ @ ModelingToolkitSIExt ~/ParameterEstimationBenchmark-local/environments/StructuralIdentifiability.jl/ext/ModelingToolkitSIExt.jl:78
┌ Warning: Floating point value -0.01887302509711834 will be converted to -15069718//798479201.
└ @ ModelingToolkitSIExt ~/ParameterEstimationBenchmark-local/environments/StructuralIdentifiability.jl/ext/ModelingToolkitSIExt.jl:78
┌ Warning: Floating point value -8.366178668659751 will be converted to -331789486//39658427.
└ @ ModelingToolkitSIExt ~/ParameterEstimationBenchmark-local/environments/StructuralIdentifiability.jl/ext/ModelingToolkitSIExt.jl:78
┌ Warning: Floating point value -0.5 will be converted to -1//2.
└ @ ModelingToolkitSIExt ~/ParameterEstimationBenchmark-local/environments/StructuralIdentifiability.jl/ext/ModelingToolkitSIExt.jl:78
┌ Warning: Floating point value 8.0 will be converted to 8.
└ @ ModelingToolkitSIExt ~/ParameterEstimationBenchmark-local/environments/StructuralIdentifiability.jl/ext/ModelingToolkitSIExt.jl:78
┌ Warning: Floating point value 0.5 will be converted to 1//2.
└ @ ModelingToolkitSIExt ~/ParameterEstimationBenchmark-local/environments/StructuralIdentifiability.jl/ext/ModelingToolkitSIExt.jl:78
[ Info: Getting polynomial system from SIAN
[ Info: Built polynomial system with 9 equations
[ Info: [SI-TEMPLATE] algebraic_multiplicity M = 1  (setup 0.0s, Groebner 0.0s, quotient_basis 0.0s, ring: 8 vars × 10 polys)
[ Info: [DEBUG-ALG-INDEP] Input: 9 equations, 7 indeterminates
[ Info: [DEBUG-ALG-INDEP] Jacobian size: (9, 7)
[ Info: [DEBUG-ALG-INDEP] Jacobian rank: 7
[ Info: [DEBUG-ALG-INDEP] Found 7 pivot columns
[ Info: [DEBUG-ALG-INDEP] Selected 7 equations (current_rank=7)
[ Info: [DEBUG-ALG-INDEP] Returning: output_ids=[1, 2, 3, 4, 5, 6, 7], alg_indep has 0 vars
[ Info: Reduced polynomial system to 7 equations
┌ Info: [SI-MAP] Extending DerivativeData support for SI template
│   current_order = -1
└   required_order = 5
[ Info: Checking identifiability
┌ Warning: There are no parameters in the given ODE, thus no identifiabile
│ functions.
│ Use `find_identifiable_functions` with keyword `with_states=true` to
│ compute the functions with the ODE states included.
└ @ StructuralIdentifiability ~/ParameterEstimationBenchmark-local/environments/StructuralIdentifiability.jl/src/identifiable_functions.jl:97
┌ Info: [SI-STRUCTURAL] SIAN/SI template summary
│   template_equation_count = 7
│   derivative_symbol_count = 12
│   max_derivative_order = 5
│   structural_unidentifiable_count = 1
└   identifiable_function_count = 1
┌ Info: [SI-MAP] Classified symbolic SI support variables while converting SIAN output
│   counts =
│    Dict{Symbol, Int64} with 2 entries:
│      :state_jet        => 2
│      :measured_rhs_jet => 5
│   samples =
│    Dict{Symbol, Vector{String}} with 2 entries:
│      :state_jet        => ["x6_0", "x6_1"]
└      :measured_rhs_jet => ["x5_0", "x4_0", "x5_1", "x4_1", "x5_2"]
[ Info: Getting equation system from StructuralIdentifiability.jl
[ Info: Converting ODESystem to SI.jl format
┌ Warning: Floating point value -3.2559946647377283 will be converted to -245219576//75313261.
└ @ ModelingToolkitSIExt ~/ParameterEstimationBenchmark-local/environments/StructuralIdentifiability.jl/ext/ModelingToolkitSIExt.jl:78
┌ Warning: Floating point value 8.0 will be converted to 8.
└ @ ModelingToolkitSIExt ~/ParameterEstimationBenchmark-local/environments/StructuralIdentifiability.jl/ext/ModelingToolkitSIExt.jl:78
┌ Warning: Floating point value 2.215989929980043 will be converted to 35941657//16219233.
└ @ ModelingToolkitSIExt ~/ParameterEstimationBenchmark-local/environments/StructuralIdentifiability.jl/ext/ModelingToolkitSIExt.jl:78
┌ Warning: Floating point value 8.0 will be converted to 8.
└ @ ModelingToolkitSIExt ~/ParameterEstimationBenchmark-local/environments/StructuralIdentifiability.jl/ext/ModelingToolkitSIExt.jl:78
┌ Warning: Floating point value -0.14896688308866834 will be converted to -37777598//253597291.
└ @ ModelingToolkitSIExt ~/ParameterEstimationBenchmark-local/environments/StructuralIdentifiability.jl/ext/ModelingToolkitSIExt.jl:78
┌ Warning: Floating point value 1.0396994504934993 will be converted to 102875861//98947692.
└ @ ModelingToolkitSIExt ~/ParameterEstimationBenchmark-local/environments/StructuralIdentifiability.jl/ext/ModelingToolkitSIExt.jl:78
┌ Warning: Floating point value 0.5 will be converted to 1//2.
└ @ ModelingToolkitSIExt ~/ParameterEstimationBenchmark-local/environments/StructuralIdentifiability.jl/ext/ModelingToolkitSIExt.jl:78
┌ Warning: Floating point value 0.5 will be converted to 1//2.
└ @ ModelingToolkitSIExt ~/ParameterEstimationBenchmark-local/environments/StructuralIdentifiability.jl/ext/ModelingToolkitSIExt.jl:78
┌ Warning: Floating point value 3.2559946647377283 will be converted to 245219576//75313261.
└ @ ModelingToolkitSIExt ~/ParameterEstimationBenchmark-local/environments/StructuralIdentifiability.jl/ext/ModelingToolkitSIExt.jl:78
┌ Warning: Floating point value 2.215989929980043 will be converted to 35941657//16219233.
└ @ ModelingToolkitSIExt ~/ParameterEstimationBenchmark-local/environments/StructuralIdentifiability.jl/ext/ModelingToolkitSIExt.jl:78
┌ Warning: Floating point value 8.0 will be converted to 8.
└ @ ModelingToolkitSIExt ~/ParameterEstimationBenchmark-local/environments/StructuralIdentifiability.jl/ext/ModelingToolkitSIExt.jl:78
┌ Warning: Floating point value 0.5 will be converted to 1//2.
└ @ ModelingToolkitSIExt ~/ParameterEstimationBenchmark-local/environments/StructuralIdentifiability.jl/ext/ModelingToolkitSIExt.jl:78
┌ Warning: Floating point value 0.0028888911698943544 will be converted to 3706339//1282962487.
└ @ ModelingToolkitSIExt ~/ParameterEstimationBenchmark-local/environments/StructuralIdentifiability.jl/ext/ModelingToolkitSIExt.jl:78
┌ Warning: Floating point value -31.16261484519366 will be converted to -287581106//9228401.
└ @ ModelingToolkitSIExt ~/ParameterEstimationBenchmark-local/environments/StructuralIdentifiability.jl/ext/ModelingToolkitSIExt.jl:78
┌ Warning: Floating point value -0.5 will be converted to -1//2.
└ @ ModelingToolkitSIExt ~/ParameterEstimationBenchmark-local/environments/StructuralIdentifiability.jl/ext/ModelingToolkitSIExt.jl:78
┌ Warning: Floating point value 0.14896688308866834 will be converted to 37777598//253597291.
└ @ ModelingToolkitSIExt ~/ParameterEstimationBenchmark-local/environments/StructuralIdentifiability.jl/ext/ModelingToolkitSIExt.jl:78
┌ Warning: Floating point value 1.0396994504934993 will be converted to 102875861//98947692.
└ @ ModelingToolkitSIExt ~/ParameterEstimationBenchmark-local/environments/StructuralIdentifiability.jl/ext/ModelingToolkitSIExt.jl:78
┌ Warning: Floating point value 0.5 will be converted to 1//2.
└ @ ModelingToolkitSIExt ~/ParameterEstimationBenchmark-local/environments/StructuralIdentifiability.jl/ext/ModelingToolkitSIExt.jl:78
┌ Warning: Floating point value 0.5 will be converted to 1//2.
└ @ ModelingToolkitSIExt ~/ParameterEstimationBenchmark-local/environments/StructuralIdentifiability.jl/ext/ModelingToolkitSIExt.jl:78
┌ Warning: Floating point value 0.5 will be converted to 1//2.
└ @ ModelingToolkitSIExt ~/ParameterEstimationBenchmark-local/environments/StructuralIdentifiability.jl/ext/ModelingToolkitSIExt.jl:78
┌ Warning: Floating point value -0.005777782339788709 will be converted to -7412678//1282962487.
└ @ ModelingToolkitSIExt ~/ParameterEstimationBenchmark-local/environments/StructuralIdentifiability.jl/ext/ModelingToolkitSIExt.jl:78
┌ Warning: Floating point value -31.16261484519366 will be converted to -287581106//9228401.
└ @ ModelingToolkitSIExt ~/ParameterEstimationBenchmark-local/environments/StructuralIdentifiability.jl/ext/ModelingToolkitSIExt.jl:78
┌ Warning: Floating point value -0.5 will be converted to -1//2.
└ @ ModelingToolkitSIExt ~/ParameterEstimationBenchmark-local/environments/StructuralIdentifiability.jl/ext/ModelingToolkitSIExt.jl:78
┌ Warning: Floating point value 8.0 will be converted to 8.
└ @ ModelingToolkitSIExt ~/ParameterEstimationBenchmark-local/environments/StructuralIdentifiability.jl/ext/ModelingToolkitSIExt.jl:78
┌ Warning: Floating point value 0.5 will be converted to 1//2.
└ @ ModelingToolkitSIExt ~/ParameterEstimationBenchmark-local/environments/StructuralIdentifiability.jl/ext/ModelingToolkitSIExt.jl:78
[ Info: Getting polynomial system from SIAN
[ Info: Built polynomial system with 9 equations
[ Info: [SI-TEMPLATE] algebraic_multiplicity M = 1  (setup 0.0s, Groebner 0.0s, quotient_basis 0.0s, ring: 8 vars × 10 polys)
[ Info: [DEBUG-ALG-INDEP] Input: 9 equations, 7 indeterminates
[ Info: [DEBUG-ALG-INDEP] Jacobian size: (9, 7)
[ Info: [DEBUG-ALG-INDEP] Jacobian rank: 7
[ Info: [DEBUG-ALG-INDEP] Found 7 pivot columns
[ Info: [DEBUG-ALG-INDEP] Selected 7 equations (current_rank=7)
[ Info: [DEBUG-ALG-INDEP] Returning: output_ids=[1, 2, 3, 4, 5, 6, 7], alg_indep has 0 vars
[ Info: Reduced polynomial system to 7 equations
┌ Info: [SI-MAP] Extending DerivativeData support for SI template
│   current_order = -1
└   required_order = 5
[ Info: Checking identifiability
┌ Warning: There are no parameters in the given ODE, thus no identifiabile
│ functions.
│ Use `find_identifiable_functions` with keyword `with_states=true` to
│ compute the functions with the ODE states included.
└ @ StructuralIdentifiability ~/ParameterEstimationBenchmark-local/environments/StructuralIdentifiability.jl/src/identifiable_functions.jl:97
┌ Info: [SI-STRUCTURAL] SIAN/SI template summary
│   template_equation_count = 7
│   derivative_symbol_count = 12
│   max_derivative_order = 5
│   structural_unidentifiable_count = 1
└   identifiable_function_count = 1
┌ Info: [SI-MAP] Classified symbolic SI support variables while converting SIAN output
│   counts =
│    Dict{Symbol, Int64} with 2 entries:
│      :state_jet        => 2
│      :measured_rhs_jet => 5
│   samples =
│    Dict{Symbol, Vector{String}} with 2 entries:
│      :state_jet        => ["x6_0", "x6_1"]
└      :measured_rhs_jet => ["x5_0", "x4_0", "x5_1", "x4_1", "x5_2"]
[ Info: Getting equation system from StructuralIdentifiability.jl
[ Info: Converting ODESystem to SI.jl format
┌ Warning: Floating point value -3.2556497557072186 will be converted to -236341436//72594245.
└ @ ModelingToolkitSIExt ~/ParameterEstimationBenchmark-local/environments/StructuralIdentifiability.jl/ext/ModelingToolkitSIExt.jl:78
┌ Warning: Floating point value 8.0 will be converted to 8.
└ @ ModelingToolkitSIExt ~/ParameterEstimationBenchmark-local/environments/StructuralIdentifiability.jl/ext/ModelingToolkitSIExt.jl:78
┌ Warning: Floating point value 2.215189948389722 will be converted to 113699451//51327179.
└ @ ModelingToolkitSIExt ~/ParameterEstimationBenchmark-local/environments/StructuralIdentifiability.jl/ext/ModelingToolkitSIExt.jl:78
┌ Warning: Floating point value 8.0 will be converted to 8.
└ @ ModelingToolkitSIExt ~/ParameterEstimationBenchmark-local/environments/StructuralIdentifiability.jl/ext/ModelingToolkitSIExt.jl:78
┌ Warning: Floating point value -0.008304151310268819 will be converted to -4206398//506541589.
└ @ ModelingToolkitSIExt ~/ParameterEstimationBenchmark-local/environments/StructuralIdentifiability.jl/ext/ModelingToolkitSIExt.jl:78
┌ Warning: Floating point value 7.205769003412969 will be converted to 555554594//77098585.
└ @ ModelingToolkitSIExt ~/ParameterEstimationBenchmark-local/environments/StructuralIdentifiability.jl/ext/ModelingToolkitSIExt.jl:78
┌ Warning: Floating point value 0.5 will be converted to 1//2.
└ @ ModelingToolkitSIExt ~/ParameterEstimationBenchmark-local/environments/StructuralIdentifiability.jl/ext/ModelingToolkitSIExt.jl:78
┌ Warning: Floating point value 0.5 will be converted to 1//2.
└ @ ModelingToolkitSIExt ~/ParameterEstimationBenchmark-local/environments/StructuralIdentifiability.jl/ext/ModelingToolkitSIExt.jl:78
┌ Warning: Floating point value 3.2556497557072186 will be converted to 236341436//72594245.
└ @ ModelingToolkitSIExt ~/ParameterEstimationBenchmark-local/environments/StructuralIdentifiability.jl/ext/ModelingToolkitSIExt.jl:78
┌ Warning: Floating point value 2.215189948389722 will be converted to 113699451//51327179.
└ @ ModelingToolkitSIExt ~/ParameterEstimationBenchmark-local/environments/StructuralIdentifiability.jl/ext/ModelingToolkitSIExt.jl:78
┌ Warning: Floating point value 8.0 will be converted to 8.
└ @ ModelingToolkitSIExt ~/ParameterEstimationBenchmark-local/environments/StructuralIdentifiability.jl/ext/ModelingToolkitSIExt.jl:78
┌ Warning: Floating point value 0.5 will be converted to 1//2.
└ @ ModelingToolkitSIExt ~/ParameterEstimationBenchmark-local/environments/StructuralIdentifiability.jl/ext/ModelingToolkitSIExt.jl:78
┌ Warning: Floating point value -0.003804672947095637 will be converted to -8370485//2200053754.
└ @ ModelingToolkitSIExt ~/ParameterEstimationBenchmark-local/environments/StructuralIdentifiability.jl/ext/ModelingToolkitSIExt.jl:78
┌ Warning: Floating point value -12.357827172941247 will be converted to -249450737//20185647.
└ @ ModelingToolkitSIExt ~/ParameterEstimationBenchmark-local/environments/StructuralIdentifiability.jl/ext/ModelingToolkitSIExt.jl:78
┌ Warning: Floating point value -0.5 will be converted to -1//2.
└ @ ModelingToolkitSIExt ~/ParameterEstimationBenchmark-local/environments/StructuralIdentifiability.jl/ext/ModelingToolkitSIExt.jl:78
┌ Warning: Floating point value 0.008304151310268819 will be converted to 4206398//506541589.
└ @ ModelingToolkitSIExt ~/ParameterEstimationBenchmark-local/environments/StructuralIdentifiability.jl/ext/ModelingToolkitSIExt.jl:78
┌ Warning: Floating point value 7.205769003412969 will be converted to 555554594//77098585.
└ @ ModelingToolkitSIExt ~/ParameterEstimationBenchmark-local/environments/StructuralIdentifiability.jl/ext/ModelingToolkitSIExt.jl:78
┌ Warning: Floating point value 0.5 will be converted to 1//2.
└ @ ModelingToolkitSIExt ~/ParameterEstimationBenchmark-local/environments/StructuralIdentifiability.jl/ext/ModelingToolkitSIExt.jl:78
┌ Warning: Floating point value 0.5 will be converted to 1//2.
└ @ ModelingToolkitSIExt ~/ParameterEstimationBenchmark-local/environments/StructuralIdentifiability.jl/ext/ModelingToolkitSIExt.jl:78
┌ Warning: Floating point value 0.5 will be converted to 1//2.
└ @ ModelingToolkitSIExt ~/ParameterEstimationBenchmark-local/environments/StructuralIdentifiability.jl/ext/ModelingToolkitSIExt.jl:78
┌ Warning: Floating point value 0.007609345894191274 will be converted to 8370485//1100026877.
└ @ ModelingToolkitSIExt ~/ParameterEstimationBenchmark-local/environments/StructuralIdentifiability.jl/ext/ModelingToolkitSIExt.jl:78
┌ Warning: Floating point value -12.357827172941247 will be converted to -249450737//20185647.
└ @ ModelingToolkitSIExt ~/ParameterEstimationBenchmark-local/environments/StructuralIdentifiability.jl/ext/ModelingToolkitSIExt.jl:78
┌ Warning: Floating point value -0.5 will be converted to -1//2.
└ @ ModelingToolkitSIExt ~/ParameterEstimationBenchmark-local/environments/StructuralIdentifiability.jl/ext/ModelingToolkitSIExt.jl:78
┌ Warning: Floating point value 8.0 will be converted to 8.
└ @ ModelingToolkitSIExt ~/ParameterEstimationBenchmark-local/environments/StructuralIdentifiability.jl/ext/ModelingToolkitSIExt.jl:78
┌ Warning: Floating point value 0.5 will be converted to 1//2.
└ @ ModelingToolkitSIExt ~/ParameterEstimationBenchmark-local/environments/StructuralIdentifiability.jl/ext/ModelingToolkitSIExt.jl:78
[ Info: Getting polynomial system from SIAN
[ Info: Built polynomial system with 9 equations
[ Info: [SI-TEMPLATE] algebraic_multiplicity M = 1  (setup 0.0s, Groebner 0.0s, quotient_basis 0.0s, ring: 8 vars × 10 polys)
[ Info: [DEBUG-ALG-INDEP] Input: 9 equations, 7 indeterminates
[ Info: [DEBUG-ALG-INDEP] Jacobian size: (9, 7)
[ Info: [DEBUG-ALG-INDEP] Jacobian rank: 7
[ Info: [DEBUG-ALG-INDEP] Found 7 pivot columns
[ Info: [DEBUG-ALG-INDEP] Selected 7 equations (current_rank=7)
[ Info: [DEBUG-ALG-INDEP] Returning: output_ids=[1, 2, 3, 4, 5, 6, 7], alg_indep has 0 vars
[ Info: Reduced polynomial system to 7 equations
┌ Info: [SI-MAP] Extending DerivativeData support for SI template
│   current_order = -1
└   required_order = 5
[ Info: Checking identifiability
┌ Warning: There are no parameters in the given ODE, thus no identifiabile
│ functions.
│ Use `find_identifiable_functions` with keyword `with_states=true` to
│ compute the functions with the ODE states included.
└ @ StructuralIdentifiability ~/ParameterEstimationBenchmark-local/environments/StructuralIdentifiability.jl/src/identifiable_functions.jl:97
┌ Info: [SI-STRUCTURAL] SIAN/SI template summary
│   template_equation_count = 7
│   derivative_symbol_count = 12
│   max_derivative_order = 5
│   structural_unidentifiable_count = 1
└   identifiable_function_count = 1
┌ Info: [SI-MAP] Classified symbolic SI support variables while converting SIAN output
│   counts =
│    Dict{Symbol, Int64} with 2 entries:
│      :state_jet        => 2
│      :measured_rhs_jet => 5
│   samples =
│    Dict{Symbol, Vector{String}} with 2 entries:
│      :state_jet        => ["x6_0", "x6_1"]
└      :measured_rhs_jet => ["x5_0", "x4_0", "x5_1", "x4_1", "x5_2"]
[ Info: Getting equation system from StructuralIdentifiability.jl
[ Info: Converting ODESystem to SI.jl format
┌ Warning: Floating point value -3.255649755707219 will be converted to -184329462//56618333.
└ @ ModelingToolkitSIExt ~/ParameterEstimationBenchmark-local/environments/StructuralIdentifiability.jl/ext/ModelingToolkitSIExt.jl:78
┌ Warning: Floating point value 8.0 will be converted to 8.
└ @ ModelingToolkitSIExt ~/ParameterEstimationBenchmark-local/environments/StructuralIdentifiability.jl/ext/ModelingToolkitSIExt.jl:78
┌ Warning: Floating point value 2.215189948389723 will be converted to 128285892//57911915.
└ @ ModelingToolkitSIExt ~/ParameterEstimationBenchmark-local/environments/StructuralIdentifiability.jl/ext/ModelingToolkitSIExt.jl:78
┌ Warning: Floating point value 8.0 will be converted to 8.
└ @ ModelingToolkitSIExt ~/ParameterEstimationBenchmark-local/environments/StructuralIdentifiability.jl/ext/ModelingToolkitSIExt.jl:78
┌ Warning: Floating point value -0.2868403266356808 will be converted to -153844941//536343487.
└ @ ModelingToolkitSIExt ~/ParameterEstimationBenchmark-local/environments/StructuralIdentifiability.jl/ext/ModelingToolkitSIExt.jl:78
┌ Warning: Floating point value 4.196041198781258 will be converted to 134157109//31972305.
└ @ ModelingToolkitSIExt ~/ParameterEstimationBenchmark-local/environments/StructuralIdentifiability.jl/ext/ModelingToolkitSIExt.jl:78
┌ Warning: Floating point value 0.5 will be converted to 1//2.
└ @ ModelingToolkitSIExt ~/ParameterEstimationBenchmark-local/environments/StructuralIdentifiability.jl/ext/ModelingToolkitSIExt.jl:78
┌ Warning: Floating point value 0.5 will be converted to 1//2.
└ @ ModelingToolkitSIExt ~/ParameterEstimationBenchmark-local/environments/StructuralIdentifiability.jl/ext/ModelingToolkitSIExt.jl:78
┌ Warning: Floating point value 3.255649755707219 will be converted to 184329462//56618333.
└ @ ModelingToolkitSIExt ~/ParameterEstimationBenchmark-local/environments/StructuralIdentifiability.jl/ext/ModelingToolkitSIExt.jl:78
┌ Warning: Floating point value 2.215189948389723 will be converted to 128285892//57911915.
└ @ ModelingToolkitSIExt ~/ParameterEstimationBenchmark-local/environments/StructuralIdentifiability.jl/ext/ModelingToolkitSIExt.jl:78
┌ Warning: Floating point value 8.0 will be converted to 8.
└ @ ModelingToolkitSIExt ~/ParameterEstimationBenchmark-local/environments/StructuralIdentifiability.jl/ext/ModelingToolkitSIExt.jl:78
┌ Warning: Floating point value 0.5 will be converted to 1//2.
└ @ ModelingToolkitSIExt ~/ParameterEstimationBenchmark-local/environments/StructuralIdentifiability.jl/ext/ModelingToolkitSIExt.jl:78
┌ Warning: Floating point value 0.05351368276778745 will be converted to 18324721//342430572.
└ @ ModelingToolkitSIExt ~/ParameterEstimationBenchmark-local/environments/StructuralIdentifiability.jl/ext/ModelingToolkitSIExt.jl:78
┌ Warning: Floating point value -2.203070095188014 will be converted to -181173719//82236929.
└ @ ModelingToolkitSIExt ~/ParameterEstimationBenchmark-local/environments/StructuralIdentifiability.jl/ext/ModelingToolkitSIExt.jl:78
┌ Warning: Floating point value -0.5 will be converted to -1//2.
└ @ ModelingToolkitSIExt ~/ParameterEstimationBenchmark-local/environments/StructuralIdentifiability.jl/ext/ModelingToolkitSIExt.jl:78
┌ Warning: Floating point value 0.2868403266356808 will be converted to 153844941//536343487.
└ @ ModelingToolkitSIExt ~/ParameterEstimationBenchmark-local/environments/StructuralIdentifiability.jl/ext/ModelingToolkitSIExt.jl:78
┌ Warning: Floating point value 4.196041198781258 will be converted to 134157109//31972305.
└ @ ModelingToolkitSIExt ~/ParameterEstimationBenchmark-local/environments/StructuralIdentifiability.jl/ext/ModelingToolkitSIExt.jl:78
┌ Warning: Floating point value 0.5 will be converted to 1//2.
└ @ ModelingToolkitSIExt ~/ParameterEstimationBenchmark-local/environments/StructuralIdentifiability.jl/ext/ModelingToolkitSIExt.jl:78
┌ Warning: Floating point value 0.5 will be converted to 1//2.
└ @ ModelingToolkitSIExt ~/ParameterEstimationBenchmark-local/environments/StructuralIdentifiability.jl/ext/ModelingToolkitSIExt.jl:78
┌ Warning: Floating point value 0.5 will be converted to 1//2.
└ @ ModelingToolkitSIExt ~/ParameterEstimationBenchmark-local/environments/StructuralIdentifiability.jl/ext/ModelingToolkitSIExt.jl:78
┌ Warning: Floating point value -0.1070273655355749 will be converted to -18324721//171215286.
└ @ ModelingToolkitSIExt ~/ParameterEstimationBenchmark-local/environments/StructuralIdentifiability.jl/ext/ModelingToolkitSIExt.jl:78
┌ Warning: Floating point value -2.203070095188014 will be converted to -181173719//82236929.
└ @ ModelingToolkitSIExt ~/ParameterEstimationBenchmark-local/environments/StructuralIdentifiability.jl/ext/ModelingToolkitSIExt.jl:78
┌ Warning: Floating point value -0.5 will be converted to -1//2.
└ @ ModelingToolkitSIExt ~/ParameterEstimationBenchmark-local/environments/StructuralIdentifiability.jl/ext/ModelingToolkitSIExt.jl:78
┌ Warning: Floating point value 8.0 will be converted to 8.
└ @ ModelingToolkitSIExt ~/ParameterEstimationBenchmark-local/environments/StructuralIdentifiability.jl/ext/ModelingToolkitSIExt.jl:78
┌ Warning: Floating point value 0.5 will be converted to 1//2.
└ @ ModelingToolkitSIExt ~/ParameterEstimationBenchmark-local/environments/StructuralIdentifiability.jl/ext/ModelingToolkitSIExt.jl:78
[ Info: Getting polynomial system from SIAN
[ Info: Built polynomial system with 9 equations
[ Info: [SI-TEMPLATE] algebraic_multiplicity M = 1  (setup 0.0s, Groebner 0.0s, quotient_basis 0.0s, ring: 8 vars × 10 polys)
[ Info: [DEBUG-ALG-INDEP] Input: 9 equations, 7 indeterminates
[ Info: [DEBUG-ALG-INDEP] Jacobian size: (9, 7)
[ Info: [DEBUG-ALG-INDEP] Jacobian rank: 7
[ Info: [DEBUG-ALG-INDEP] Found 7 pivot columns
[ Info: [DEBUG-ALG-INDEP] Selected 7 equations (current_rank=7)
[ Info: [DEBUG-ALG-INDEP] Returning: output_ids=[1, 2, 3, 4, 5, 6, 7], alg_indep has 0 vars
[ Info: Reduced polynomial system to 7 equations
┌ Info: [SI-MAP] Extending DerivativeData support for SI template
│   current_order = -1
└   required_order = 5
[ Info: Checking identifiability
┌ Warning: There are no parameters in the given ODE, thus no identifiabile
│ functions.
│ Use `find_identifiable_functions` with keyword `with_states=true` to
│ compute the functions with the ODE states included.
└ @ StructuralIdentifiability ~/ParameterEstimationBenchmark-local/environments/StructuralIdentifiability.jl/src/identifiable_functions.jl:97
┌ Info: [SI-STRUCTURAL] SIAN/SI template summary
│   template_equation_count = 7
│   derivative_symbol_count = 12
│   max_derivative_order = 5
│   structural_unidentifiable_count = 1
└   identifiable_function_count = 1
┌ Info: [SI-MAP] Classified symbolic SI support variables while converting SIAN output
│   counts =
│    Dict{Symbol, Int64} with 2 entries:
│      :state_jet        => 2
│      :measured_rhs_jet => 5
│   samples =
│    Dict{Symbol, Vector{String}} with 2 entries:
│      :state_jet        => ["x6_0", "x6_1"]
└      :measured_rhs_jet => ["x5_0", "x4_0", "x5_1", "x4_1", "x5_2"]
[ Info: Getting equation system from StructuralIdentifiability.jl
[ Info: Converting ODESystem to SI.jl format
┌ Warning: Floating point value -3.255710432892456 will be converted to -185326104//56923399.
└ @ ModelingToolkitSIExt ~/ParameterEstimationBenchmark-local/environments/StructuralIdentifiability.jl/ext/ModelingToolkitSIExt.jl:78
┌ Warning: Floating point value 8.0 will be converted to 8.
└ @ ModelingToolkitSIExt ~/ParameterEstimationBenchmark-local/environments/StructuralIdentifiability.jl/ext/ModelingToolkitSIExt.jl:78
┌ Warning: Floating point value 2.215331837149719 will be converted to 88013098//39729081.
└ @ ModelingToolkitSIExt ~/ParameterEstimationBenchmark-local/environments/StructuralIdentifiability.jl/ext/ModelingToolkitSIExt.jl:78
┌ Warning: Floating point value 8.0 will be converted to 8.
└ @ ModelingToolkitSIExt ~/ParameterEstimationBenchmark-local/environments/StructuralIdentifiability.jl/ext/ModelingToolkitSIExt.jl:78
┌ Warning: Floating point value -0.474476345826507 will be converted to -16249111//34246409.
└ @ ModelingToolkitSIExt ~/ParameterEstimationBenchmark-local/environments/StructuralIdentifiability.jl/ext/ModelingToolkitSIExt.jl:78
┌ Warning: Floating point value 8.80458406058124 will be converted to 199947464//22709473.
└ @ ModelingToolkitSIExt ~/ParameterEstimationBenchmark-local/environments/StructuralIdentifiability.jl/ext/ModelingToolkitSIExt.jl:78
┌ Warning: Floating point value 0.5 will be converted to 1//2.
└ @ ModelingToolkitSIExt ~/ParameterEstimationBenchmark-local/environments/StructuralIdentifiability.jl/ext/ModelingToolkitSIExt.jl:78
┌ Warning: Floating point value 0.5 will be converted to 1//2.
└ @ ModelingToolkitSIExt ~/ParameterEstimationBenchmark-local/environments/StructuralIdentifiability.jl/ext/ModelingToolkitSIExt.jl:78
┌ Warning: Floating point value 3.255710432892456 will be converted to 185326104//56923399.
└ @ ModelingToolkitSIExt ~/ParameterEstimationBenchmark-local/environments/StructuralIdentifiability.jl/ext/ModelingToolkitSIExt.jl:78
┌ Warning: Floating point value 2.215331837149719 will be converted to 88013098//39729081.
└ @ ModelingToolkitSIExt ~/ParameterEstimationBenchmark-local/environments/StructuralIdentifiability.jl/ext/ModelingToolkitSIExt.jl:78
┌ Warning: Floating point value 8.0 will be converted to 8.
└ @ ModelingToolkitSIExt ~/ParameterEstimationBenchmark-local/environments/StructuralIdentifiability.jl/ext/ModelingToolkitSIExt.jl:78
┌ Warning: Floating point value 0.5 will be converted to 1//2.
└ @ ModelingToolkitSIExt ~/ParameterEstimationBenchmark-local/environments/StructuralIdentifiability.jl/ext/ModelingToolkitSIExt.jl:78
┌ Warning: Floating point value 0.01616499804702641 will be converted to 8094486//500741539.
└ @ ModelingToolkitSIExt ~/ParameterEstimationBenchmark-local/environments/StructuralIdentifiability.jl/ext/ModelingToolkitSIExt.jl:78
┌ Warning: Floating point value -7.076917196888386 will be converted to -166923161//23586988.
└ @ ModelingToolkitSIExt ~/ParameterEstimationBenchmark-local/environments/StructuralIdentifiability.jl/ext/ModelingToolkitSIExt.jl:78
┌ Warning: Floating point value -0.5 will be converted to -1//2.
└ @ ModelingToolkitSIExt ~/ParameterEstimationBenchmark-local/environments/StructuralIdentifiability.jl/ext/ModelingToolkitSIExt.jl:78
┌ Warning: Floating point value 0.474476345826507 will be converted to 16249111//34246409.
└ @ ModelingToolkitSIExt ~/ParameterEstimationBenchmark-local/environments/StructuralIdentifiability.jl/ext/ModelingToolkitSIExt.jl:78
┌ Warning: Floating point value 8.80458406058124 will be converted to 199947464//22709473.
└ @ ModelingToolkitSIExt ~/ParameterEstimationBenchmark-local/environments/StructuralIdentifiability.jl/ext/ModelingToolkitSIExt.jl:78
┌ Warning: Floating point value 0.5 will be converted to 1//2.
└ @ ModelingToolkitSIExt ~/ParameterEstimationBenchmark-local/environments/StructuralIdentifiability.jl/ext/ModelingToolkitSIExt.jl:78
┌ Warning: Floating point value 0.5 will be converted to 1//2.
└ @ ModelingToolkitSIExt ~/ParameterEstimationBenchmark-local/environments/StructuralIdentifiability.jl/ext/ModelingToolkitSIExt.jl:78
┌ Warning: Floating point value 0.5 will be converted to 1//2.
└ @ ModelingToolkitSIExt ~/ParameterEstimationBenchmark-local/environments/StructuralIdentifiability.jl/ext/ModelingToolkitSIExt.jl:78
┌ Warning: Floating point value -0.03232999609405282 will be converted to -10779377//333417207.
└ @ ModelingToolkitSIExt ~/ParameterEstimationBenchmark-local/environments/StructuralIdentifiability.jl/ext/ModelingToolkitSIExt.jl:78
┌ Warning: Floating point value -7.076917196888386 will be converted to -166923161//23586988.
└ @ ModelingToolkitSIExt ~/ParameterEstimationBenchmark-local/environments/StructuralIdentifiability.jl/ext/ModelingToolkitSIExt.jl:78
┌ Warning: Floating point value -0.5 will be converted to -1//2.
└ @ ModelingToolkitSIExt ~/ParameterEstimationBenchmark-local/environments/StructuralIdentifiability.jl/ext/ModelingToolkitSIExt.jl:78
┌ Warning: Floating point value 8.0 will be converted to 8.
└ @ ModelingToolkitSIExt ~/ParameterEstimationBenchmark-local/environments/StructuralIdentifiability.jl/ext/ModelingToolkitSIExt.jl:78
┌ Warning: Floating point value 0.5 will be converted to 1//2.
└ @ ModelingToolkitSIExt ~/ParameterEstimationBenchmark-local/environments/StructuralIdentifiability.jl/ext/ModelingToolkitSIExt.jl:78
[ Info: Getting polynomial system from SIAN
[ Info: Built polynomial system with 9 equations
[ Info: [SI-TEMPLATE] algebraic_multiplicity M = 1  (setup 0.0s, Groebner 0.02s, quotient_basis 0.0s, ring: 8 vars × 10 polys)
[ Info: [DEBUG-ALG-INDEP] Input: 9 equations, 7 indeterminates
[ Info: [DEBUG-ALG-INDEP] Jacobian size: (9, 7)
[ Info: [DEBUG-ALG-INDEP] Jacobian rank: 7
[CAND 658] ok  max=434b  0.5s
[CAND 659] ok  max=455b  0.6s
[CAND 662] ok  max=418b  3.1s
[CAND 674] ok  max=433b  0.9s
[CAND 676] ok  max=449b  0.3s
[ Info: [DEBUG-ALG-INDEP] Found 7 pivot columns
[ Info: [DEBUG-ALG-INDEP] Selected 7 equations (current_rank=7)
[ Info: [DEBUG-ALG-INDEP] Returning: output_ids=[1, 2, 3, 4, 5, 6, 7], alg_indep has 0 vars
[ Info: Reduced polynomial system to 7 equations
┌ Info: [SI-MAP] Extending DerivativeData support for SI template
│   current_order = -1
└   required_order = 5
[ Info: Checking identifiability
┌ Warning: There are no parameters in the given ODE, thus no identifiabile
│ functions.
│ Use `find_identifiable_functions` with keyword `with_states=true` to
│ compute the functions with the ODE states included.
└ @ StructuralIdentifiability ~/ParameterEstimationBenchmark-local/environments/StructuralIdentifiability.jl/src/identifiable_functions.jl:97
┌ Info: [SI-STRUCTURAL] SIAN/SI template summary
│   template_equation_count = 7
│   derivative_symbol_count = 12
│   max_derivative_order = 5
│   structural_unidentifiable_count = 1
└   identifiable_function_count = 1
┌ Info: [SI-MAP] Classified symbolic SI support variables while converting SIAN output
│   counts =
│    Dict{Symbol, Int64} with 2 entries:
│      :state_jet        => 2
│      :measured_rhs_jet => 5
│   samples =
│    Dict{Symbol, Vector{String}} with 2 entries:
│      :state_jet        => ["x6_0", "x6_1"]
└      :measured_rhs_jet => ["x5_0", "x4_0", "x5_1", "x4_1", "x5_2"]
[ Info: Getting equation system from StructuralIdentifiability.jl
[ Info: Converting ODESystem to SI.jl format
┌ Warning: Floating point value -3.255710432892456 will be converted to -185326104//56923399.
└ @ ModelingToolkitSIExt ~/ParameterEstimationBenchmark-local/environments/StructuralIdentifiability.jl/ext/ModelingToolkitSIExt.jl:78
┌ Warning: Floating point value 8.0 will be converted to 8.
└ @ ModelingToolkitSIExt ~/ParameterEstimationBenchmark-local/environments/StructuralIdentifiability.jl/ext/ModelingToolkitSIExt.jl:78
┌ Warning: Floating point value 2.215331837149719 will be converted to 88013098//39729081.
└ @ ModelingToolkitSIExt ~/ParameterEstimationBenchmark-local/environments/StructuralIdentifiability.jl/ext/ModelingToolkitSIExt.jl:78
┌ Warning: Floating point value 8.0 will be converted to 8.
└ @ ModelingToolkitSIExt ~/ParameterEstimationBenchmark-local/environments/StructuralIdentifiability.jl/ext/ModelingToolkitSIExt.jl:78
┌ Warning: Floating point value -0.012027165174302258 will be converted to -8270473//687649407.
└ @ ModelingToolkitSIExt ~/ParameterEstimationBenchmark-local/environments/StructuralIdentifiability.jl/ext/ModelingToolkitSIExt.jl:78
┌ Warning: Floating point value 7.8977001614012385 will be converted to 321317473//40684942.
└ @ ModelingToolkitSIExt ~/ParameterEstimationBenchmark-local/environments/StructuralIdentifiability.jl/ext/ModelingToolkitSIExt.jl:78
┌ Warning: Floating point value 0.5 will be converted to 1//2.
└ @ ModelingToolkitSIExt ~/ParameterEstimationBenchmark-local/environments/StructuralIdentifiability.jl/ext/ModelingToolkitSIExt.jl:78
┌ Warning: Floating point value 0.5 will be converted to 1//2.
└ @ ModelingToolkitSIExt ~/ParameterEstimationBenchmark-local/environments/StructuralIdentifiability.jl/ext/ModelingToolkitSIExt.jl:78
┌ Warning: Floating point value 3.255710432892456 will be converted to 185326104//56923399.
└ @ ModelingToolkitSIExt ~/ParameterEstimationBenchmark-local/environments/StructuralIdentifiability.jl/ext/ModelingToolkitSIExt.jl:78
┌ Warning: Floating point value 2.215331837149719 will be converted to 88013098//39729081.
└ @ ModelingToolkitSIExt ~/ParameterEstimationBenchmark-local/environments/StructuralIdentifiability.jl/ext/ModelingToolkitSIExt.jl:78
┌ Warning: Floating point value 8.0 will be converted to 8.
└ @ ModelingToolkitSIExt ~/ParameterEstimationBenchmark-local/environments/StructuralIdentifiability.jl/ext/ModelingToolkitSIExt.jl:78
┌ Warning: Floating point value 0.5 will be converted to 1//2.
└ @ ModelingToolkitSIExt ~/ParameterEstimationBenchmark-local/environments/StructuralIdentifiability.jl/ext/ModelingToolkitSIExt.jl:78
┌ Warning: Floating point value -0.0032931062245639305 will be converted to -3358637//1019899381.
└ @ ModelingToolkitSIExt ~/ParameterEstimationBenchmark-local/environments/StructuralIdentifiability.jl/ext/ModelingToolkitSIExt.jl:78
┌ Warning: Floating point value -13.212070826891393 will be converted to -438449586//33185531.
└ @ ModelingToolkitSIExt ~/ParameterEstimationBenchmark-local/environments/StructuralIdentifiability.jl/ext/ModelingToolkitSIExt.jl:78
┌ Warning: Floating point value -0.5 will be converted to -1//2.
└ @ ModelingToolkitSIExt ~/ParameterEstimationBenchmark-local/environments/StructuralIdentifiability.jl/ext/ModelingToolkitSIExt.jl:78
┌ Warning: Floating point value 0.012027165174302258 will be converted to 8270473//687649407.
└ @ ModelingToolkitSIExt ~/ParameterEstimationBenchmark-local/environments/StructuralIdentifiability.jl/ext/ModelingToolkitSIExt.jl:78
┌ Warning: Floating point value 7.8977001614012385 will be converted to 321317473//40684942.
└ @ ModelingToolkitSIExt ~/ParameterEstimationBenchmark-local/environments/StructuralIdentifiability.jl/ext/ModelingToolkitSIExt.jl:78
┌ Warning: Floating point value 0.5 will be converted to 1//2.
└ @ ModelingToolkitSIExt ~/ParameterEstimationBenchmark-local/environments/StructuralIdentifiability.jl/ext/ModelingToolkitSIExt.jl:78
┌ Warning: Floating point value 0.5 will be converted to 1//2.
└ @ ModelingToolkitSIExt ~/ParameterEstimationBenchmark-local/environments/StructuralIdentifiability.jl/ext/ModelingToolkitSIExt.jl:78
┌ Warning: Floating point value 0.5 will be converted to 1//2.
└ @ ModelingToolkitSIExt ~/ParameterEstimationBenchmark-local/environments/StructuralIdentifiability.jl/ext/ModelingToolkitSIExt.jl:78
┌ Warning: Floating point value 0.006586212449127861 will be converted to 6717274//1019899381.
└ @ ModelingToolkitSIExt ~/ParameterEstimationBenchmark-local/environments/StructuralIdentifiability.jl/ext/ModelingToolkitSIExt.jl:78
┌ Warning: Floating point value -13.212070826891393 will be converted to -438449586//33185531.
└ @ ModelingToolkitSIExt ~/ParameterEstimationBenchmark-local/environments/StructuralIdentifiability.jl/ext/ModelingToolkitSIExt.jl:78
┌ Warning: Floating point value -0.5 will be converted to -1//2.
└ @ ModelingToolkitSIExt ~/ParameterEstimationBenchmark-local/environments/StructuralIdentifiability.jl/ext/ModelingToolkitSIExt.jl:78
┌ Warning: Floating point value 8.0 will be converted to 8.
└ @ ModelingToolkitSIExt ~/ParameterEstimationBenchmark-local/environments/StructuralIdentifiability.jl/ext/ModelingToolkitSIExt.jl:78
┌ Warning: Floating point value 0.5 will be converted to 1//2.
└ @ ModelingToolkitSIExt ~/ParameterEstimationBenchmark-local/environments/StructuralIdentifiability.jl/ext/ModelingToolkitSIExt.jl:78
[ Info: Getting polynomial system from SIAN
[ Info: Built polynomial system with 9 equations
[ Info: [SI-TEMPLATE] algebraic_multiplicity M = 1  (setup 0.0s, Groebner 0.0s, quotient_basis 0.0s, ring: 8 vars × 10 polys)
[ Info: [DEBUG-ALG-INDEP] Input: 9 equations, 7 indeterminates
[ Info: [DEBUG-ALG-INDEP] Jacobian size: (9, 7)
[ Info: [DEBUG-ALG-INDEP] Jacobian rank: 7
[ Info: [DEBUG-ALG-INDEP] Found 7 pivot columns
[ Info: [DEBUG-ALG-INDEP] Selected 7 equations (current_rank=7)
[ Info: [DEBUG-ALG-INDEP] Returning: output_ids=[1, 2, 3, 4, 5, 6, 7], alg_indep has 0 vars
[ Info: Reduced polynomial system to 7 equations
┌ Info: [SI-MAP] Extending DerivativeData support for SI template
│   current_order = -1
└   required_order = 5
[ Info: Checking identifiability
┌ Warning: There are no parameters in the given ODE, thus no identifiabile
│ functions.
│ Use `find_identifiable_functions` with keyword `with_states=true` to
│ compute the functions with the ODE states included.
└ @ StructuralIdentifiability ~/ParameterEstimationBenchmark-local/environments/StructuralIdentifiability.jl/src/identifiable_functions.jl:97
┌ Info: [SI-STRUCTURAL] SIAN/SI template summary
│   template_equation_count = 7
│   derivative_symbol_count = 12
│   max_derivative_order = 5
│   structural_unidentifiable_count = 1
└   identifiable_function_count = 1
┌ Info: [SI-MAP] Classified symbolic SI support variables while converting SIAN output
│   counts =
│    Dict{Symbol, Int64} with 2 entries:
│      :state_jet        => 2
│      :measured_rhs_jet => 5
│   samples =
│    Dict{Symbol, Vector{String}} with 2 entries:
│      :state_jet        => ["x6_0", "x6_1"]
└      :measured_rhs_jet => ["x5_0", "x4_0", "x5_1", "x4_1", "x5_2"]
[ Info: Getting equation system from StructuralIdentifiability.jl
[ Info: Converting ODESystem to SI.jl format
┌ Warning: Floating point value -3.2557703198775694 will be converted to -38925316//11955793.
└ @ ModelingToolkitSIExt ~/ParameterEstimationBenchmark-local/environments/StructuralIdentifiability.jl/ext/ModelingToolkitSIExt.jl:78
┌ Warning: Floating point value 8.0 will be converted to 8.
└ @ ModelingToolkitSIExt ~/ParameterEstimationBenchmark-local/environments/StructuralIdentifiability.jl/ext/ModelingToolkitSIExt.jl:78
┌ Warning: Floating point value 2.215471278168195 will be converted to 149845591//67635989.
└ @ ModelingToolkitSIExt ~/ParameterEstimationBenchmark-local/environments/StructuralIdentifiability.jl/ext/ModelingToolkitSIExt.jl:78
┌ Warning: Floating point value 8.0 will be converted to 8.
└ @ ModelingToolkitSIExt ~/ParameterEstimationBenchmark-local/environments/StructuralIdentifiability.jl/ext/ModelingToolkitSIExt.jl:78
┌ Warning: Floating point value -0.018408944827420483 will be converted to -9891739//537333296.
└ @ ModelingToolkitSIExt ~/ParameterEstimationBenchmark-local/environments/StructuralIdentifiability.jl/ext/ModelingToolkitSIExt.jl:78
┌ Warning: Floating point value 10.30179536254138 will be converted to 90088366//8744919.
└ @ ModelingToolkitSIExt ~/ParameterEstimationBenchmark-local/environments/StructuralIdentifiability.jl/ext/ModelingToolkitSIExt.jl:78
┌ Warning: Floating point value 0.5 will be converted to 1//2.
└ @ ModelingToolkitSIExt ~/ParameterEstimationBenchmark-local/environments/StructuralIdentifiability.jl/ext/ModelingToolkitSIExt.jl:78
┌ Warning: Floating point value 0.5 will be converted to 1//2.
└ @ ModelingToolkitSIExt ~/ParameterEstimationBenchmark-local/environments/StructuralIdentifiability.jl/ext/ModelingToolkitSIExt.jl:78
┌ Warning: Floating point value 3.2557703198775694 will be converted to 38925316//11955793.
└ @ ModelingToolkitSIExt ~/ParameterEstimationBenchmark-local/environments/StructuralIdentifiability.jl/ext/ModelingToolkitSIExt.jl:78
┌ Warning: Floating point value 2.215471278168195 will be converted to 149845591//67635989.
└ @ ModelingToolkitSIExt ~/ParameterEstimationBenchmark-local/environments/StructuralIdentifiability.jl/ext/ModelingToolkitSIExt.jl:78
┌ Warning: Floating point value 8.0 will be converted to 8.
└ @ ModelingToolkitSIExt ~/ParameterEstimationBenchmark-local/environments/StructuralIdentifiability.jl/ext/ModelingToolkitSIExt.jl:78
┌ Warning: Floating point value 0.5 will be converted to 1//2.
└ @ ModelingToolkitSIExt ~/ParameterEstimationBenchmark-local/environments/StructuralIdentifiability.jl/ext/ModelingToolkitSIExt.jl:78
┌ Warning: Floating point value -0.002182232323747945 will be converted to -1691483//775115913.
└ @ ModelingToolkitSIExt ~/ParameterEstimationBenchmark-local/environments/StructuralIdentifiability.jl/ext/ModelingToolkitSIExt.jl:78
┌ Warning: Floating point value -16.214769306052485 will be converted to -431297119//26599029.
└ @ ModelingToolkitSIExt ~/ParameterEstimationBenchmark-local/environments/StructuralIdentifiability.jl/ext/ModelingToolkitSIExt.jl:78
┌ Warning: Floating point value -0.5 will be converted to -1//2.
└ @ ModelingToolkitSIExt ~/ParameterEstimationBenchmark-local/environments/StructuralIdentifiability.jl/ext/ModelingToolkitSIExt.jl:78
┌ Warning: Floating point value 0.018408944827420483 will be converted to 9891739//537333296.
└ @ ModelingToolkitSIExt ~/ParameterEstimationBenchmark-local/environments/StructuralIdentifiability.jl/ext/ModelingToolkitSIExt.jl:78
┌ Warning: Floating point value 10.30179536254138 will be converted to 90088366//8744919.
└ @ ModelingToolkitSIExt ~/ParameterEstimationBenchmark-local/environments/StructuralIdentifiability.jl/ext/ModelingToolkitSIExt.jl:78
┌ Warning: Floating point value 0.5 will be converted to 1//2.
└ @ ModelingToolkitSIExt ~/ParameterEstimationBenchmark-local/environments/StructuralIdentifiability.jl/ext/ModelingToolkitSIExt.jl:78
┌ Warning: Floating point value 0.5 will be converted to 1//2.
└ @ ModelingToolkitSIExt ~/ParameterEstimationBenchmark-local/environments/StructuralIdentifiability.jl/ext/ModelingToolkitSIExt.jl:78
┌ Warning: Floating point value 0.5 will be converted to 1//2.
└ @ ModelingToolkitSIExt ~/ParameterEstimationBenchmark-local/environments/StructuralIdentifiability.jl/ext/ModelingToolkitSIExt.jl:78
┌ Warning: Floating point value 0.00436446464749589 will be converted to 3382966//775115913.
└ @ ModelingToolkitSIExt ~/ParameterEstimationBenchmark-local/environments/StructuralIdentifiability.jl/ext/ModelingToolkitSIExt.jl:78
┌ Warning: Floating point value -16.214769306052485 will be converted to -431297119//26599029.
└ @ ModelingToolkitSIExt ~/ParameterEstimationBenchmark-local/environments/StructuralIdentifiability.jl/ext/ModelingToolkitSIExt.jl:78
┌ Warning: Floating point value -0.5 will be converted to -1//2.
└ @ ModelingToolkitSIExt ~/ParameterEstimationBenchmark-local/environments/StructuralIdentifiability.jl/ext/ModelingToolkitSIExt.jl:78
┌ Warning: Floating point value 8.0 will be converted to 8.
└ @ ModelingToolkitSIExt ~/ParameterEstimationBenchmark-local/environments/StructuralIdentifiability.jl/ext/ModelingToolkitSIExt.jl:78
┌ Warning: Floating point value 0.5 will be converted to 1//2.
└ @ ModelingToolkitSIExt ~/ParameterEstimationBenchmark-local/environments/StructuralIdentifiability.jl/ext/ModelingToolkitSIExt.jl:78
[ Info: Getting polynomial system from SIAN
[ Info: Built polynomial system with 9 equations
[ Info: [SI-TEMPLATE] algebraic_multiplicity M = 1  (setup 0.0s, Groebner 0.0s, quotient_basis 0.0s, ring: 8 vars × 10 polys)
[ Info: [DEBUG-ALG-INDEP] Input: 9 equations, 7 indeterminates
[ Info: [DEBUG-ALG-INDEP] Jacobian size: (9, 7)
[ Info: [DEBUG-ALG-INDEP] Jacobian rank: 7
[ Info: [DEBUG-ALG-INDEP] Found 7 pivot columns
[ Info: [DEBUG-ALG-INDEP] Selected 7 equations (current_rank=7)
[ Info: [DEBUG-ALG-INDEP] Returning: output_ids=[1, 2, 3, 4, 5, 6, 7], alg_indep has 0 vars
[ Info: Reduced polynomial system to 7 equations
┌ Info: [SI-MAP] Extending DerivativeData support for SI template
│   current_order = -1
└   required_order = 5
[ Info: Checking identifiability
┌ Warning: There are no parameters in the given ODE, thus no identifiabile
│ functions.
│ Use `find_identifiable_functions` with keyword `with_states=true` to
│ compute the functions with the ODE states included.
└ @ StructuralIdentifiability ~/ParameterEstimationBenchmark-local/environments/StructuralIdentifiability.jl/src/identifiable_functions.jl:97
┌ Info: [SI-STRUCTURAL] SIAN/SI template summary
│   template_equation_count = 7
│   derivative_symbol_count = 12
│   max_derivative_order = 5
│   structural_unidentifiable_count = 1
└   identifiable_function_count = 1
┌ Info: [SI-MAP] Classified symbolic SI support variables while converting SIAN output
│   counts =
│    Dict{Symbol, Int64} with 2 entries:
│      :state_jet        => 2
│      :measured_rhs_jet => 5
│   samples =
│    Dict{Symbol, Vector{String}} with 2 entries:
│      :state_jet        => ["x6_0", "x6_1"]
└      :measured_rhs_jet => ["x5_0", "x4_0", "x5_1", "x4_1", "x5_2"]
[ Info: Getting equation system from StructuralIdentifiability.jl
[ Info: Converting ODESystem to SI.jl format
┌ Warning: Floating point value -3.2559845630244593 will be converted to -36607474//11243135.
└ @ ModelingToolkitSIExt ~/ParameterEstimationBenchmark-local/environments/StructuralIdentifiability.jl/ext/ModelingToolkitSIExt.jl:78
┌ Warning: Floating point value 8.0 will be converted to 8.
└ @ ModelingToolkitSIExt ~/ParameterEstimationBenchmark-local/environments/StructuralIdentifiability.jl/ext/ModelingToolkitSIExt.jl:78
┌ Warning: Floating point value 2.2159632560793354 will be converted to 180078643//81264273.
└ @ ModelingToolkitSIExt ~/ParameterEstimationBenchmark-local/environments/StructuralIdentifiability.jl/ext/ModelingToolkitSIExt.jl:78
┌ Warning: Floating point value 8.0 will be converted to 8.
└ @ ModelingToolkitSIExt ~/ParameterEstimationBenchmark-local/environments/StructuralIdentifiability.jl/ext/ModelingToolkitSIExt.jl:78
┌ Warning: Floating point value -0.14654324236356703 will be converted to -23461853//160101910.
└ @ ModelingToolkitSIExt ~/ParameterEstimationBenchmark-local/environments/StructuralIdentifiability.jl/ext/ModelingToolkitSIExt.jl:78
┌ Warning: Floating point value 0.7913037630159253 will be converted to 126873256//160334453.
└ @ ModelingToolkitSIExt ~/ParameterEstimationBenchmark-local/environments/StructuralIdentifiability.jl/ext/ModelingToolkitSIExt.jl:78
┌ Warning: Floating point value 0.5 will be converted to 1//2.
└ @ ModelingToolkitSIExt ~/ParameterEstimationBenchmark-local/environments/StructuralIdentifiability.jl/ext/ModelingToolkitSIExt.jl:78
┌ Warning: Floating point value 0.5 will be converted to 1//2.
└ @ ModelingToolkitSIExt ~/ParameterEstimationBenchmark-local/environments/StructuralIdentifiability.jl/ext/ModelingToolkitSIExt.jl:78
┌ Warning: Floating point value 3.2559845630244593 will be converted to 36607474//11243135.
└ @ ModelingToolkitSIExt ~/ParameterEstimationBenchmark-local/environments/StructuralIdentifiability.jl/ext/ModelingToolkitSIExt.jl:78
┌ Warning: Floating point value 2.2159632560793354 will be converted to 180078643//81264273.
└ @ ModelingToolkitSIExt ~/ParameterEstimationBenchmark-local/environments/StructuralIdentifiability.jl/ext/ModelingToolkitSIExt.jl:78
┌ Warning: Floating point value 8.0 will be converted to 8.
└ @ ModelingToolkitSIExt ~/ParameterEstimationBenchmark-local/environments/StructuralIdentifiability.jl/ext/ModelingToolkitSIExt.jl:78
┌ Warning: Floating point value 0.5 will be converted to 1//2.
└ @ ModelingToolkitSIExt ~/ParameterEstimationBenchmark-local/environments/StructuralIdentifiability.jl/ext/ModelingToolkitSIExt.jl:78
┌ Warning: Floating point value 0.06264571298586302 will be converted to 9609988//153402165.
└ @ ModelingToolkitSIExt ~/ParameterEstimationBenchmark-local/environments/StructuralIdentifiability.jl/ext/ModelingToolkitSIExt.jl:78
┌ Warning: Floating point value -0.37472050145443025 will be converted to -30996887//82720019.
└ @ ModelingToolkitSIExt ~/ParameterEstimationBenchmark-local/environments/StructuralIdentifiability.jl/ext/ModelingToolkitSIExt.jl:78
┌ Warning: Floating point value -0.5 will be converted to -1//2.
└ @ ModelingToolkitSIExt ~/ParameterEstimationBenchmark-local/environments/StructuralIdentifiability.jl/ext/ModelingToolkitSIExt.jl:78
┌ Warning: Floating point value 0.14654324236356703 will be converted to 23461853//160101910.
└ @ ModelingToolkitSIExt ~/ParameterEstimationBenchmark-local/environments/StructuralIdentifiability.jl/ext/ModelingToolkitSIExt.jl:78
┌ Warning: Floating point value 0.7913037630159253 will be converted to 126873256//160334453.
└ @ ModelingToolkitSIExt ~/ParameterEstimationBenchmark-local/environments/StructuralIdentifiability.jl/ext/ModelingToolkitSIExt.jl:78
┌ Warning: Floating point value 0.5 will be converted to 1//2.
└ @ ModelingToolkitSIExt ~/ParameterEstimationBenchmark-local/environments/StructuralIdentifiability.jl/ext/ModelingToolkitSIExt.jl:78
┌ Warning: Floating point value 0.5 will be converted to 1//2.
└ @ ModelingToolkitSIExt ~/ParameterEstimationBenchmark-local/environments/StructuralIdentifiability.jl/ext/ModelingToolkitSIExt.jl:78
┌ Warning: Floating point value 0.5 will be converted to 1//2.
└ @ ModelingToolkitSIExt ~/ParameterEstimationBenchmark-local/environments/StructuralIdentifiability.jl/ext/ModelingToolkitSIExt.jl:78
┌ Warning: Floating point value -0.12529142597172604 will be converted to -19219976//153402165.
└ @ ModelingToolkitSIExt ~/ParameterEstimationBenchmark-local/environments/StructuralIdentifiability.jl/ext/ModelingToolkitSIExt.jl:78
┌ Warning: Floating point value -0.37472050145443025 will be converted to -30996887//82720019.
└ @ ModelingToolkitSIExt ~/ParameterEstimationBenchmark-local/environments/StructuralIdentifiability.jl/ext/ModelingToolkitSIExt.jl:78
┌ Warning: Floating point value -0.5 will be converted to -1//2.
└ @ ModelingToolkitSIExt ~/ParameterEstimationBenchmark-local/environments/StructuralIdentifiability.jl/ext/ModelingToolkitSIExt.jl:78
┌ Warning: Floating point value 8.0 will be converted to 8.
└ @ ModelingToolkitSIExt ~/ParameterEstimationBenchmark-local/environments/StructuralIdentifiability.jl/ext/ModelingToolkitSIExt.jl:78
┌ Warning: Floating point value 0.5 will be converted to 1//2.
└ @ ModelingToolkitSIExt ~/ParameterEstimationBenchmark-local/environments/StructuralIdentifiability.jl/ext/ModelingToolkitSIExt.jl:78
[ Info: Getting polynomial system from SIAN
[ Info: Built polynomial system with 9 equations
[ Info: [SI-TEMPLATE] algebraic_multiplicity M = 1  (setup 0.0s, Groebner 0.01s, quotient_basis 0.0s, ring: 8 vars × 10 polys)
[ Info: [DEBUG-ALG-INDEP] Input: 9 equations, 7 indeterminates
[ Info: [DEBUG-ALG-INDEP] Jacobian size: (9, 7)
[ Info: [DEBUG-ALG-INDEP] Jacobian rank: 7
[ Info: [DEBUG-ALG-INDEP] Found 7 pivot columns
[ Info: [DEBUG-ALG-INDEP] Selected 7 equations (current_rank=7)
[ Info: [DEBUG-ALG-INDEP] Returning: output_ids=[1, 2, 3, 4, 5, 6, 7], alg_indep has 0 vars
[ Info: Reduced polynomial system to 7 equations
┌ Info: [SI-MAP] Extending DerivativeData support for SI template
│   current_order = -1
└   required_order = 5
[ Info: Checking identifiability
┌ Warning: There are no parameters in the given ODE, thus no identifiabile
│ functions.
│ Use `find_identifiable_functions` with keyword `with_states=true` to
│ compute the functions with the ODE states included.
└ @ StructuralIdentifiability ~/ParameterEstimationBenchmark-local/environments/StructuralIdentifiability.jl/src/identifiable_functions.jl:97
┌ Info: [SI-STRUCTURAL] SIAN/SI template summary
│   template_equation_count = 7
│   derivative_symbol_count = 12
│   max_derivative_order = 5
│   structural_unidentifiable_count = 1
└   identifiable_function_count = 1
┌ Info: [SI-MAP] Classified symbolic SI support variables while converting SIAN output
│   counts =
│    Dict{Symbol, Int64} with 2 entries:
│      :state_jet        => 2
│      :measured_rhs_jet => 5
│   samples =
│    Dict{Symbol, Vector{String}} with 2 entries:
│      :state_jet        => ["x6_0", "x6_1"]
└      :measured_rhs_jet => ["x5_0", "x4_0", "x5_1", "x4_1", "x5_2"]
[ Info: Getting equation system from StructuralIdentifiability.jl
[ Info: Converting ODESystem to SI.jl format
┌ Warning: Floating point value -3.2560166097615917 will be converted to -229378979//70447730.
└ @ ModelingToolkitSIExt ~/ParameterEstimationBenchmark-local/environments/StructuralIdentifiability.jl/ext/ModelingToolkitSIExt.jl:78
┌ Warning: Floating point value 8.0 will be converted to 8.
└ @ ModelingToolkitSIExt ~/ParameterEstimationBenchmark-local/environments/StructuralIdentifiability.jl/ext/ModelingToolkitSIExt.jl:78
┌ Warning: Floating point value 2.2160352815793174 will be converted to 40024529//18061323.
└ @ ModelingToolkitSIExt ~/ParameterEstimationBenchmark-local/environments/StructuralIdentifiability.jl/ext/ModelingToolkitSIExt.jl:78
┌ Warning: Floating point value 8.0 will be converted to 8.
└ @ ModelingToolkitSIExt ~/ParameterEstimationBenchmark-local/environments/StructuralIdentifiability.jl/ext/ModelingToolkitSIExt.jl:78
┌ Warning: Floating point value -0.14629815890843906 will be converted to -35492131//242601351.
└ @ ModelingToolkitSIExt ~/ParameterEstimationBenchmark-local/environments/StructuralIdentifiability.jl/ext/ModelingToolkitSIExt.jl:78
┌ Warning: Floating point value 1.0242314182279932 will be converted to 91535991//89370419.
└ @ ModelingToolkitSIExt ~/ParameterEstimationBenchmark-local/environments/StructuralIdentifiability.jl/ext/ModelingToolkitSIExt.jl:78
┌ Warning: Floating point value 0.5 will be converted to 1//2.
└ @ ModelingToolkitSIExt ~/ParameterEstimationBenchmark-local/environments/StructuralIdentifiability.jl/ext/ModelingToolkitSIExt.jl:78
┌ Warning: Floating point value 0.5 will be converted to 1//2.
└ @ ModelingToolkitSIExt ~/ParameterEstimationBenchmark-local/environments/StructuralIdentifiability.jl/ext/ModelingToolkitSIExt.jl:78
┌ Warning: Floating point value 3.2560166097615917 will be converted to 229378979//70447730.
└ @ ModelingToolkitSIExt ~/ParameterEstimationBenchmark-local/environments/StructuralIdentifiability.jl/ext/ModelingToolkitSIExt.jl:78
┌ Warning: Floating point value 2.2160352815793174 will be converted to 40024529//18061323.
└ @ ModelingToolkitSIExt ~/ParameterEstimationBenchmark-local/environments/StructuralIdentifiability.jl/ext/ModelingToolkitSIExt.jl:78
┌ Warning: Floating point value 8.0 will be converted to 8.
└ @ ModelingToolkitSIExt ~/ParameterEstimationBenchmark-local/environments/StructuralIdentifiability.jl/ext/ModelingToolkitSIExt.jl:78
┌ Warning: Floating point value 0.5 will be converted to 1//2.
└ @ ModelingToolkitSIExt ~/ParameterEstimationBenchmark-local/environments/StructuralIdentifiability.jl/ext/ModelingToolkitSIExt.jl:78
┌ Warning: Floating point value 0.003196197153572561 will be converted to 2671141//835724729.
└ @ ModelingToolkitSIExt ~/ParameterEstimationBenchmark-local/environments/StructuralIdentifiability.jl/ext/ModelingToolkitSIExt.jl:78
┌ Warning: Floating point value -31.271022908178168 will be converted to -632799200//20235961.
└ @ ModelingToolkitSIExt ~/ParameterEstimationBenchmark-local/environments/StructuralIdentifiability.jl/ext/ModelingToolkitSIExt.jl:78
┌ Warning: Floating point value -0.5 will be converted to -1//2.
└ @ ModelingToolkitSIExt ~/ParameterEstimationBenchmark-local/environments/StructuralIdentifiability.jl/ext/ModelingToolkitSIExt.jl:78
┌ Warning: Floating point value 0.14629815890843906 will be converted to 35492131//242601351.
└ @ ModelingToolkitSIExt ~/ParameterEstimationBenchmark-local/environments/StructuralIdentifiability.jl/ext/ModelingToolkitSIExt.jl:78
┌ Warning: Floating point value 1.0242314182279932 will be converted to 91535991//89370419.
└ @ ModelingToolkitSIExt ~/ParameterEstimationBenchmark-local/environments/StructuralIdentifiability.jl/ext/ModelingToolkitSIExt.jl:78
┌ Warning: Floating point value 0.5 will be converted to 1//2.
└ @ ModelingToolkitSIExt ~/ParameterEstimationBenchmark-local/environments/StructuralIdentifiability.jl/ext/ModelingToolkitSIExt.jl:78
┌ Warning: Floating point value 0.5 will be converted to 1//2.
└ @ ModelingToolkitSIExt ~/ParameterEstimationBenchmark-local/environments/StructuralIdentifiability.jl/ext/ModelingToolkitSIExt.jl:78
┌ Warning: Floating point value 0.5 will be converted to 1//2.
└ @ ModelingToolkitSIExt ~/ParameterEstimationBenchmark-local/environments/StructuralIdentifiability.jl/ext/ModelingToolkitSIExt.jl:78
┌ Warning: Floating point value -0.006392394307145122 will be converted to -5342282//835724729.
└ @ ModelingToolkitSIExt ~/ParameterEstimationBenchmark-local/environments/StructuralIdentifiability.jl/ext/ModelingToolkitSIExt.jl:78
┌ Warning: Floating point value -31.271022908178168 will be converted to -632799200//20235961.
└ @ ModelingToolkitSIExt ~/ParameterEstimationBenchmark-local/environments/StructuralIdentifiability.jl/ext/ModelingToolkitSIExt.jl:78
┌ Warning: Floating point value -0.5 will be converted to -1//2.
└ @ ModelingToolkitSIExt ~/ParameterEstimationBenchmark-local/environments/StructuralIdentifiability.jl/ext/ModelingToolkitSIExt.jl:78
┌ Warning: Floating point value 8.0 will be converted to 8.
└ @ ModelingToolkitSIExt ~/ParameterEstimationBenchmark-local/environments/StructuralIdentifiability.jl/ext/ModelingToolkitSIExt.jl:78
┌ Warning: Floating point value 0.5 will be converted to 1//2.
└ @ ModelingToolkitSIExt ~/ParameterEstimationBenchmark-local/environments/StructuralIdentifiability.jl/ext/ModelingToolkitSIExt.jl:78
[ Info: Getting polynomial system from SIAN
[ Info: Built polynomial system with 9 equations
[ Info: [SI-TEMPLATE] algebraic_multiplicity M = 1  (setup 0.0s, Groebner 0.0s, quotient_basis 0.0s, ring: 8 vars × 10 polys)
[ Info: [DEBUG-ALG-INDEP] Input: 9 equations, 7 indeterminates
[ Info: [DEBUG-ALG-INDEP] Jacobian size: (9, 7)
[ Info: [DEBUG-ALG-INDEP] Jacobian rank: 7
[ Info: [DEBUG-ALG-INDEP] Found 7 pivot columns
[ Info: [DEBUG-ALG-INDEP] Selected 7 equations (current_rank=7)
[ Info: [DEBUG-ALG-INDEP] Returning: output_ids=[1, 2, 3, 4, 5, 6, 7], alg_indep has 0 vars
[ Info: Reduced polynomial system to 7 equations
┌ Info: [SI-MAP] Extending DerivativeData support for SI template
│   current_order = -1
└   required_order = 5
[ Info: Checking identifiability
┌ Warning: There are no parameters in the given ODE, thus no identifiabile
│ functions.
│ Use `find_identifiable_functions` with keyword `with_states=true` to
│ compute the functions with the ODE states included.
└ @ StructuralIdentifiability ~/ParameterEstimationBenchmark-local/environments/StructuralIdentifiability.jl/src/identifiable_functions.jl:97
┌ Info: [SI-STRUCTURAL] SIAN/SI template summary
│   template_equation_count = 7
│   derivative_symbol_count = 12
│   max_derivative_order = 5
│   structural_unidentifiable_count = 1
└   identifiable_function_count = 1
┌ Info: [SI-MAP] Classified symbolic SI support variables while converting SIAN output
│   counts =
│    Dict{Symbol, Int64} with 2 entries:
│      :state_jet        => 2
│      :measured_rhs_jet => 5
│   samples =
│    Dict{Symbol, Vector{String}} with 2 entries:
│      :state_jet        => ["x6_0", "x6_1"]
└      :measured_rhs_jet => ["x5_0", "x4_0", "x5_1", "x4_1", "x5_2"]
[ Info: Getting equation system from StructuralIdentifiability.jl
[ Info: Converting ODESystem to SI.jl format
┌ Warning: Floating point value -3.2560318951595875 will be converted to -57901237//17782761.
└ @ ModelingToolkitSIExt ~/ParameterEstimationBenchmark-local/environments/StructuralIdentifiability.jl/ext/ModelingToolkitSIExt.jl:78
┌ Warning: Floating point value 8.0 will be converted to 8.
└ @ ModelingToolkitSIExt ~/ParameterEstimationBenchmark-local/environments/StructuralIdentifiability.jl/ext/ModelingToolkitSIExt.jl:78
┌ Warning: Floating point value 2.2160692642036803 will be converted to 158157721//71368582.
└ @ ModelingToolkitSIExt ~/ParameterEstimationBenchmark-local/environments/StructuralIdentifiability.jl/ext/ModelingToolkitSIExt.jl:78
┌ Warning: Floating point value 8.0 will be converted to 8.
└ @ ModelingToolkitSIExt ~/ParameterEstimationBenchmark-local/environments/StructuralIdentifiability.jl/ext/ModelingToolkitSIExt.jl:78
┌ Warning: Floating point value -0.14608922078343037 will be converted to -15107569//103413304.
└ @ ModelingToolkitSIExt ~/ParameterEstimationBenchmark-local/environments/StructuralIdentifiability.jl/ext/ModelingToolkitSIExt.jl:78
┌ Warning: Floating point value 6.624982148741537 will be converted to 1184943903//178859939.
└ @ ModelingToolkitSIExt ~/ParameterEstimationBenchmark-local/environments/StructuralIdentifiability.jl/ext/ModelingToolkitSIExt.jl:78
┌ Warning: Floating point value 0.5 will be converted to 1//2.
└ @ ModelingToolkitSIExt ~/ParameterEstimationBenchmark-local/environments/StructuralIdentifiability.jl/ext/ModelingToolkitSIExt.jl:78
┌ Warning: Floating point value 0.5 will be converted to 1//2.
└ @ ModelingToolkitSIExt ~/ParameterEstimationBenchmark-local/environments/StructuralIdentifiability.jl/ext/ModelingToolkitSIExt.jl:78
┌ Warning: Floating point value 3.2560318951595875 will be converted to 57901237//17782761.
└ @ ModelingToolkitSIExt ~/ParameterEstimationBenchmark-local/environments/StructuralIdentifiability.jl/ext/ModelingToolkitSIExt.jl:78
[CAND 679] ok  max=441b  0.3s
[CAND 685] ok  max=418b  0.3s
[CAND 689] ok  max=434b  0.4s
[CAND 694] ok  max=424b  0.4s
┌ Warning: Floating point value 2.2160692642036803 will be converted to 158157721//71368582.
└ @ ModelingToolkitSIExt ~/ParameterEstimationBenchmark-local/environments/StructuralIdentifiability.jl/ext/ModelingToolkitSIExt.jl:78
┌ Warning: Floating point value 8.0 will be converted to 8.
└ @ ModelingToolkitSIExt ~/ParameterEstimationBenchmark-local/environments/StructuralIdentifiability.jl/ext/ModelingToolkitSIExt.jl:78
┌ Warning: Floating point value 0.5 will be converted to 1//2.
└ @ ModelingToolkitSIExt ~/ParameterEstimationBenchmark-local/environments/StructuralIdentifiability.jl/ext/ModelingToolkitSIExt.jl:78
┌ Warning: Floating point value -0.021284651179775668 will be converted to -11443849//537657343.
└ @ ModelingToolkitSIExt ~/ParameterEstimationBenchmark-local/environments/StructuralIdentifiability.jl/ext/ModelingToolkitSIExt.jl:78
┌ Warning: Floating point value -5.570767178400892 will be converted to -87196216//15652461.
└ @ ModelingToolkitSIExt ~/ParameterEstimationBenchmark-local/environments/StructuralIdentifiability.jl/ext/ModelingToolkitSIExt.jl:78
┌ Warning: Floating point value -0.5 will be converted to -1//2.
└ @ ModelingToolkitSIExt ~/ParameterEstimationBenchmark-local/environments/StructuralIdentifiability.jl/ext/ModelingToolkitSIExt.jl:78
┌ Warning: Floating point value 0.14608922078343037 will be converted to 15107569//103413304.
└ @ ModelingToolkitSIExt ~/ParameterEstimationBenchmark-local/environments/StructuralIdentifiability.jl/ext/ModelingToolkitSIExt.jl:78
┌ Warning: Floating point value 6.624982148741537 will be converted to 1184943903//178859939.
└ @ ModelingToolkitSIExt ~/ParameterEstimationBenchmark-local/environments/StructuralIdentifiability.jl/ext/ModelingToolkitSIExt.jl:78
┌ Warning: Floating point value 0.5 will be converted to 1//2.
└ @ ModelingToolkitSIExt ~/ParameterEstimationBenchmark-local/environments/StructuralIdentifiability.jl/ext/ModelingToolkitSIExt.jl:78
┌ Warning: Floating point value 0.5 will be converted to 1//2.
└ @ ModelingToolkitSIExt ~/ParameterEstimationBenchmark-local/environments/StructuralIdentifiability.jl/ext/ModelingToolkitSIExt.jl:78
┌ Warning: Floating point value 0.5 will be converted to 1//2.
└ @ ModelingToolkitSIExt ~/ParameterEstimationBenchmark-local/environments/StructuralIdentifiability.jl/ext/ModelingToolkitSIExt.jl:78
┌ Warning: Floating point value 0.042569302359551336 will be converted to 14025911//329484164.
└ @ ModelingToolkitSIExt ~/ParameterEstimationBenchmark-local/environments/StructuralIdentifiability.jl/ext/ModelingToolkitSIExt.jl:78
┌ Warning: Floating point value -5.570767178400892 will be converted to -87196216//15652461.
└ @ ModelingToolkitSIExt ~/ParameterEstimationBenchmark-local/environments/StructuralIdentifiability.jl/ext/ModelingToolkitSIExt.jl:78
┌ Warning: Floating point value -0.5 will be converted to -1//2.
└ @ ModelingToolkitSIExt ~/ParameterEstimationBenchmark-local/environments/StructuralIdentifiability.jl/ext/ModelingToolkitSIExt.jl:78
┌ Warning: Floating point value 8.0 will be converted to 8.
└ @ ModelingToolkitSIExt ~/ParameterEstimationBenchmark-local/environments/StructuralIdentifiability.jl/ext/ModelingToolkitSIExt.jl:78
┌ Warning: Floating point value 0.5 will be converted to 1//2.
└ @ ModelingToolkitSIExt ~/ParameterEstimationBenchmark-local/environments/StructuralIdentifiability.jl/ext/ModelingToolkitSIExt.jl:78
[ Info: Getting polynomial system from SIAN
[ Info: Built polynomial system with 9 equations
[ Info: [SI-TEMPLATE] algebraic_multiplicity M = 1  (setup 0.0s, Groebner 0.0s, quotient_basis 0.0s, ring: 8 vars × 10 polys)
[ Info: [DEBUG-ALG-INDEP] Input: 9 equations, 7 indeterminates
[ Info: [DEBUG-ALG-INDEP] Jacobian size: (9, 7)
[ Info: [DEBUG-ALG-INDEP] Jacobian rank: 7
[ Info: [DEBUG-ALG-INDEP] Found 7 pivot columns
[ Info: [DEBUG-ALG-INDEP] Selected 7 equations (current_rank=7)
[ Info: [DEBUG-ALG-INDEP] Returning: output_ids=[1, 2, 3, 4, 5, 6, 7], alg_indep has 0 vars
[ Info: Reduced polynomial system to 7 equations
┌ Info: [SI-MAP] Extending DerivativeData support for SI template
│   current_order = -1
└   required_order = 5
[ Info: Checking identifiability
┌ Warning: There are no parameters in the given ODE, thus no identifiabile
│ functions.
│ Use `find_identifiable_functions` with keyword `with_states=true` to
│ compute the functions with the ODE states included.
└ @ StructuralIdentifiability ~/ParameterEstimationBenchmark-local/environments/StructuralIdentifiability.jl/src/identifiable_functions.jl:97
┌ Info: [SI-STRUCTURAL] SIAN/SI template summary
│   template_equation_count = 7
│   derivative_symbol_count = 12
│   max_derivative_order = 5
│   structural_unidentifiable_count = 1
└   identifiable_function_count = 1
┌ Info: [SI-MAP] Classified symbolic SI support variables while converting SIAN output
│   counts =
│    Dict{Symbol, Int64} with 2 entries:
│      :state_jet        => 2
│      :measured_rhs_jet => 5
│   samples =
│    Dict{Symbol, Vector{String}} with 2 entries:
│      :state_jet        => ["x6_0", "x6_1"]
└      :measured_rhs_jet => ["x5_0", "x4_0", "x5_1", "x4_1", "x5_2"]
[ Info: Getting equation system from StructuralIdentifiability.jl
[ Info: Converting ODESystem to SI.jl format
┌ Warning: Floating point value -3.2560319798943125 will be converted to -38685616//11881215.
└ @ ModelingToolkitSIExt ~/ParameterEstimationBenchmark-local/environments/StructuralIdentifiability.jl/ext/ModelingToolkitSIExt.jl:78
┌ Warning: Floating point value 8.0 will be converted to 8.
└ @ ModelingToolkitSIExt ~/ParameterEstimationBenchmark-local/environments/StructuralIdentifiability.jl/ext/ModelingToolkitSIExt.jl:78
┌ Warning: Floating point value 2.2160694919121577 will be converted to 48619399//21939474.
└ @ ModelingToolkitSIExt ~/ParameterEstimationBenchmark-local/environments/StructuralIdentifiability.jl/ext/ModelingToolkitSIExt.jl:78
┌ Warning: Floating point value 8.0 will be converted to 8.
└ @ ModelingToolkitSIExt ~/ParameterEstimationBenchmark-local/environments/StructuralIdentifiability.jl/ext/ModelingToolkitSIExt.jl:78
┌ Warning: Floating point value -0.14599089231236032 will be converted to -25897313//177389922.
└ @ ModelingToolkitSIExt ~/ParameterEstimationBenchmark-local/environments/StructuralIdentifiability.jl/ext/ModelingToolkitSIExt.jl:78
┌ Warning: Floating point value 5.4884215366818125 will be converted to 147066794//26795827.
└ @ ModelingToolkitSIExt ~/ParameterEstimationBenchmark-local/environments/StructuralIdentifiability.jl/ext/ModelingToolkitSIExt.jl:78
┌ Warning: Floating point value 0.5 will be converted to 1//2.
└ @ ModelingToolkitSIExt ~/ParameterEstimationBenchmark-local/environments/StructuralIdentifiability.jl/ext/ModelingToolkitSIExt.jl:78
┌ Warning: Floating point value 0.5 will be converted to 1//2.
└ @ ModelingToolkitSIExt ~/ParameterEstimationBenchmark-local/environments/StructuralIdentifiability.jl/ext/ModelingToolkitSIExt.jl:78
┌ Warning: Floating point value 3.2560319798943125 will be converted to 38685616//11881215.
└ @ ModelingToolkitSIExt ~/ParameterEstimationBenchmark-local/environments/StructuralIdentifiability.jl/ext/ModelingToolkitSIExt.jl:78
┌ Warning: Floating point value 2.2160694919121577 will be converted to 48619399//21939474.
└ @ ModelingToolkitSIExt ~/ParameterEstimationBenchmark-local/environments/StructuralIdentifiability.jl/ext/ModelingToolkitSIExt.jl:78
┌ Warning: Floating point value 8.0 will be converted to 8.
└ @ ModelingToolkitSIExt ~/ParameterEstimationBenchmark-local/environments/StructuralIdentifiability.jl/ext/ModelingToolkitSIExt.jl:78
┌ Warning: Floating point value 0.5 will be converted to 1//2.
└ @ ModelingToolkitSIExt ~/ParameterEstimationBenchmark-local/environments/StructuralIdentifiability.jl/ext/ModelingToolkitSIExt.jl:78
┌ Warning: Floating point value -0.027849955655558506 will be converted to -17145759//615647623.
└ @ ModelingToolkitSIExt ~/ParameterEstimationBenchmark-local/environments/StructuralIdentifiability.jl/ext/ModelingToolkitSIExt.jl:78
┌ Warning: Floating point value -4.428034312430135 will be converted to -189603492//42818885.
└ @ ModelingToolkitSIExt ~/ParameterEstimationBenchmark-local/environments/StructuralIdentifiability.jl/ext/ModelingToolkitSIExt.jl:78
┌ Warning: Floating point value -0.5 will be converted to -1//2.
└ @ ModelingToolkitSIExt ~/ParameterEstimationBenchmark-local/environments/StructuralIdentifiability.jl/ext/ModelingToolkitSIExt.jl:78
┌ Warning: Floating point value 0.14599089231236032 will be converted to 25897313//177389922.
└ @ ModelingToolkitSIExt ~/ParameterEstimationBenchmark-local/environments/StructuralIdentifiability.jl/ext/ModelingToolkitSIExt.jl:78
┌ Warning: Floating point value 5.4884215366818125 will be converted to 147066794//26795827.
└ @ ModelingToolkitSIExt ~/ParameterEstimationBenchmark-local/environments/StructuralIdentifiability.jl/ext/ModelingToolkitSIExt.jl:78
┌ Warning: Floating point value 0.5 will be converted to 1//2.
└ @ ModelingToolkitSIExt ~/ParameterEstimationBenchmark-local/environments/StructuralIdentifiability.jl/ext/ModelingToolkitSIExt.jl:78
┌ Warning: Floating point value 0.5 will be converted to 1//2.
└ @ ModelingToolkitSIExt ~/ParameterEstimationBenchmark-local/environments/StructuralIdentifiability.jl/ext/ModelingToolkitSIExt.jl:78
┌ Warning: Floating point value 0.5 will be converted to 1//2.
└ @ ModelingToolkitSIExt ~/ParameterEstimationBenchmark-local/environments/StructuralIdentifiability.jl/ext/ModelingToolkitSIExt.jl:78
┌ Warning: Floating point value 0.05569991131111701 will be converted to 25640809//460338417.
└ @ ModelingToolkitSIExt ~/ParameterEstimationBenchmark-local/environments/StructuralIdentifiability.jl/ext/ModelingToolkitSIExt.jl:78
┌ Warning: Floating point value -4.428034312430135 will be converted to -189603492//42818885.
└ @ ModelingToolkitSIExt ~/ParameterEstimationBenchmark-local/environments/StructuralIdentifiability.jl/ext/ModelingToolkitSIExt.jl:78
┌ Warning: Floating point value -0.5 will be converted to -1//2.
└ @ ModelingToolkitSIExt ~/ParameterEstimationBenchmark-local/environments/StructuralIdentifiability.jl/ext/ModelingToolkitSIExt.jl:78
┌ Warning: Floating point value 8.0 will be converted to 8.
└ @ ModelingToolkitSIExt ~/ParameterEstimationBenchmark-local/environments/StructuralIdentifiability.jl/ext/ModelingToolkitSIExt.jl:78
┌ Warning: Floating point value 0.5 will be converted to 1//2.
└ @ ModelingToolkitSIExt ~/ParameterEstimationBenchmark-local/environments/StructuralIdentifiability.jl/ext/ModelingToolkitSIExt.jl:78
[ Info: Getting polynomial system from SIAN
[ Info: Built polynomial system with 9 equations
[ Info: [SI-TEMPLATE] algebraic_multiplicity M = 1  (setup 0.0s, Groebner 0.0s, quotient_basis 0.0s, ring: 8 vars × 10 polys)
[ Info: [DEBUG-ALG-INDEP] Input: 9 equations, 7 indeterminates
[ Info: [DEBUG-ALG-INDEP] Jacobian size: (9, 7)
[ Info: [DEBUG-ALG-INDEP] Jacobian rank: 7
[ Info: [DEBUG-ALG-INDEP] Found 7 pivot columns
[ Info: [DEBUG-ALG-INDEP] Selected 7 equations (current_rank=7)
[ Info: [DEBUG-ALG-INDEP] Returning: output_ids=[1, 2, 3, 4, 5, 6, 7], alg_indep has 0 vars
[ Info: Reduced polynomial system to 7 equations
┌ Info: [SI-MAP] Extending DerivativeData support for SI template
│   current_order = -1
└   required_order = 5
[ Info: Checking identifiability
┌ Warning: There are no parameters in the given ODE, thus no identifiabile
│ functions.
│ Use `find_identifiable_functions` with keyword `with_states=true` to
│ compute the functions with the ODE states included.
└ @ StructuralIdentifiability ~/ParameterEstimationBenchmark-local/environments/StructuralIdentifiability.jl/src/identifiable_functions.jl:97
┌ Info: [SI-STRUCTURAL] SIAN/SI template summary
│   template_equation_count = 7
│   derivative_symbol_count = 12
│   max_derivative_order = 5
│   structural_unidentifiable_count = 1
└   identifiable_function_count = 1
┌ Info: [SI-MAP] Classified symbolic SI support variables while converting SIAN output
│   counts =
│    Dict{Symbol, Int64} with 2 entries:
│      :state_jet        => 2
│      :measured_rhs_jet => 5
│   samples =
│    Dict{Symbol, Vector{String}} with 2 entries:
│      :state_jet        => ["x6_0", "x6_1"]
└      :measured_rhs_jet => ["x5_0", "x4_0", "x5_1", "x4_1", "x5_2"]
[ Info: Getting equation system from StructuralIdentifiability.jl
[ Info: Converting ODESystem to SI.jl format
┌ Warning: Floating point value -3.2560182638326207 will be converted to -334431653//102711848.
└ @ ModelingToolkitSIExt ~/ParameterEstimationBenchmark-local/environments/StructuralIdentifiability.jl/ext/ModelingToolkitSIExt.jl:78
┌ Warning: Floating point value 8.0 will be converted to 8.
└ @ ModelingToolkitSIExt ~/ParameterEstimationBenchmark-local/environments/StructuralIdentifiability.jl/ext/ModelingToolkitSIExt.jl:78
┌ Warning: Floating point value 2.216039944178219 will be converted to 27920736//12599383.
└ @ ModelingToolkitSIExt ~/ParameterEstimationBenchmark-local/environments/StructuralIdentifiability.jl/ext/ModelingToolkitSIExt.jl:78
┌ Warning: Floating point value 8.0 will be converted to 8.
└ @ ModelingToolkitSIExt ~/ParameterEstimationBenchmark-local/environments/StructuralIdentifiability.jl/ext/ModelingToolkitSIExt.jl:78
┌ Warning: Floating point value -0.14617742547110832 will be converted to -8061546//55149049.
└ @ ModelingToolkitSIExt ~/ParameterEstimationBenchmark-local/environments/StructuralIdentifiability.jl/ext/ModelingToolkitSIExt.jl:78
┌ Warning: Floating point value 6.365011727655679 will be converted to 180258647//28320238.
└ @ ModelingToolkitSIExt ~/ParameterEstimationBenchmark-local/environments/StructuralIdentifiability.jl/ext/ModelingToolkitSIExt.jl:78
┌ Warning: Floating point value 0.5 will be converted to 1//2.
└ @ ModelingToolkitSIExt ~/ParameterEstimationBenchmark-local/environments/StructuralIdentifiability.jl/ext/ModelingToolkitSIExt.jl:78
┌ Warning: Floating point value 0.5 will be converted to 1//2.
└ @ ModelingToolkitSIExt ~/ParameterEstimationBenchmark-local/environments/StructuralIdentifiability.jl/ext/ModelingToolkitSIExt.jl:78
┌ Warning: Floating point value 3.2560182638326207 will be converted to 334431653//102711848.
└ @ ModelingToolkitSIExt ~/ParameterEstimationBenchmark-local/environments/StructuralIdentifiability.jl/ext/ModelingToolkitSIExt.jl:78
┌ Warning: Floating point value 2.216039944178219 will be converted to 27920736//12599383.
└ @ ModelingToolkitSIExt ~/ParameterEstimationBenchmark-local/environments/StructuralIdentifiability.jl/ext/ModelingToolkitSIExt.jl:78
┌ Warning: Floating point value 8.0 will be converted to 8.
└ @ ModelingToolkitSIExt ~/ParameterEstimationBenchmark-local/environments/StructuralIdentifiability.jl/ext/ModelingToolkitSIExt.jl:78
┌ Warning: Floating point value 0.5 will be converted to 1//2.
└ @ ModelingToolkitSIExt ~/ParameterEstimationBenchmark-local/environments/StructuralIdentifiability.jl/ext/ModelingToolkitSIExt.jl:78
┌ Warning: Floating point value -0.022414819257363414 will be converted to -10642015//474775856.
└ @ ModelingToolkitSIExt ~/ParameterEstimationBenchmark-local/environments/StructuralIdentifiability.jl/ext/ModelingToolkitSIExt.jl:78
┌ Warning: Floating point value -5.308827153132935 will be converted to -191034413//35984297.
└ @ ModelingToolkitSIExt ~/ParameterEstimationBenchmark-local/environments/StructuralIdentifiability.jl/ext/ModelingToolkitSIExt.jl:78
┌ Warning: Floating point value -0.5 will be converted to -1//2.
└ @ ModelingToolkitSIExt ~/ParameterEstimationBenchmark-local/environments/StructuralIdentifiability.jl/ext/ModelingToolkitSIExt.jl:78
┌ Warning: Floating point value 0.14617742547110832 will be converted to 8061546//55149049.
└ @ ModelingToolkitSIExt ~/ParameterEstimationBenchmark-local/environments/StructuralIdentifiability.jl/ext/ModelingToolkitSIExt.jl:78
┌ Warning: Floating point value 6.365011727655679 will be converted to 180258647//28320238.
└ @ ModelingToolkitSIExt ~/ParameterEstimationBenchmark-local/environments/StructuralIdentifiability.jl/ext/ModelingToolkitSIExt.jl:78
┌ Warning: Floating point value 0.5 will be converted to 1//2.
└ @ ModelingToolkitSIExt ~/ParameterEstimationBenchmark-local/environments/StructuralIdentifiability.jl/ext/ModelingToolkitSIExt.jl:78
┌ Warning: Floating point value 0.5 will be converted to 1//2.
└ @ ModelingToolkitSIExt ~/ParameterEstimationBenchmark-local/environments/StructuralIdentifiability.jl/ext/ModelingToolkitSIExt.jl:78
┌ Warning: Floating point value 0.5 will be converted to 1//2.
└ @ ModelingToolkitSIExt ~/ParameterEstimationBenchmark-local/environments/StructuralIdentifiability.jl/ext/ModelingToolkitSIExt.jl:78
┌ Warning: Floating point value 0.04482963851472683 will be converted to 10642015//237387928.
└ @ ModelingToolkitSIExt ~/ParameterEstimationBenchmark-local/environments/StructuralIdentifiability.jl/ext/ModelingToolkitSIExt.jl:78
┌ Warning: Floating point value -5.308827153132935 will be converted to -191034413//35984297.
└ @ ModelingToolkitSIExt ~/ParameterEstimationBenchmark-local/environments/StructuralIdentifiability.jl/ext/ModelingToolkitSIExt.jl:78
┌ Warning: Floating point value -0.5 will be converted to -1//2.
└ @ ModelingToolkitSIExt ~/ParameterEstimationBenchmark-local/environments/StructuralIdentifiability.jl/ext/ModelingToolkitSIExt.jl:78
┌ Warning: Floating point value 8.0 will be converted to 8.
└ @ ModelingToolkitSIExt ~/ParameterEstimationBenchmark-local/environments/StructuralIdentifiability.jl/ext/ModelingToolkitSIExt.jl:78
┌ Warning: Floating point value 0.5 will be converted to 1//2.
└ @ ModelingToolkitSIExt ~/ParameterEstimationBenchmark-local/environments/StructuralIdentifiability.jl/ext/ModelingToolkitSIExt.jl:78
[ Info: Getting polynomial system from SIAN
[ Info: Built polynomial system with 9 equations
[ Info: [SI-TEMPLATE] algebraic_multiplicity M = 1  (setup 0.0s, Groebner 0.0s, quotient_basis 0.0s, ring: 8 vars × 10 polys)
[ Info: [DEBUG-ALG-INDEP] Input: 9 equations, 7 indeterminates
[ Info: [DEBUG-ALG-INDEP] Jacobian size: (9, 7)
[ Info: [DEBUG-ALG-INDEP] Jacobian rank: 7
[ Info: [DEBUG-ALG-INDEP] Found 7 pivot columns
[ Info: [DEBUG-ALG-INDEP] Selected 7 equations (current_rank=7)
[ Info: [DEBUG-ALG-INDEP] Returning: output_ids=[1, 2, 3, 4, 5, 6, 7], alg_indep has 0 vars
[ Info: Reduced polynomial system to 7 equations
┌ Info: [SI-MAP] Extending DerivativeData support for SI template
│   current_order = -1
└   required_order = 5
[ Info: Checking identifiability
┌ Warning: There are no parameters in the given ODE, thus no identifiabile
│ functions.
│ Use `find_identifiable_functions` with keyword `with_states=true` to
│ compute the functions with the ODE states included.
└ @ StructuralIdentifiability ~/ParameterEstimationBenchmark-local/environments/StructuralIdentifiability.jl/src/identifiable_functions.jl:97
┌ Info: [SI-STRUCTURAL] SIAN/SI template summary
│   template_equation_count = 7
│   derivative_symbol_count = 12
│   max_derivative_order = 5
│   structural_unidentifiable_count = 1
└   identifiable_function_count = 1
┌ Info: [SI-MAP] Classified symbolic SI support variables while converting SIAN output
│   counts =
│    Dict{Symbol, Int64} with 2 entries:
│      :state_jet        => 2
│      :measured_rhs_jet => 5
│   samples =
│    Dict{Symbol, Vector{String}} with 2 entries:
│      :state_jet        => ["x6_0", "x6_1"]
└      :measured_rhs_jet => ["x5_0", "x4_0", "x5_1", "x4_1", "x5_2"]
[ Info: Getting equation system from StructuralIdentifiability.jl
[ Info: Converting ODESystem to SI.jl format
┌ Warning: Floating point value -3.255998019661134 will be converted to -141542623//43471348.
└ @ ModelingToolkitSIExt ~/ParameterEstimationBenchmark-local/environments/StructuralIdentifiability.jl/ext/ModelingToolkitSIExt.jl:78
┌ Warning: Floating point value 8.0 will be converted to 8.
└ @ ModelingToolkitSIExt ~/ParameterEstimationBenchmark-local/environments/StructuralIdentifiability.jl/ext/ModelingToolkitSIExt.jl:78
┌ Warning: Floating point value 2.215997103905305 will be converted to 67536731//30476904.
└ @ ModelingToolkitSIExt ~/ParameterEstimationBenchmark-local/environments/StructuralIdentifiability.jl/ext/ModelingToolkitSIExt.jl:78
┌ Warning: Floating point value 8.0 will be converted to 8.
└ @ ModelingToolkitSIExt ~/ParameterEstimationBenchmark-local/environments/StructuralIdentifiability.jl/ext/ModelingToolkitSIExt.jl:78
┌ Warning: Floating point value -0.14676563684723895 will be converted to -6215959//42352959.
└ @ ModelingToolkitSIExt ~/ParameterEstimationBenchmark-local/environments/StructuralIdentifiability.jl/ext/ModelingToolkitSIExt.jl:78
┌ Warning: Floating point value 9.798116560322521 will be converted to 56358012//5751923.
└ @ ModelingToolkitSIExt ~/ParameterEstimationBenchmark-local/environments/StructuralIdentifiability.jl/ext/ModelingToolkitSIExt.jl:78
┌ Warning: Floating point value 0.5 will be converted to 1//2.
└ @ ModelingToolkitSIExt ~/ParameterEstimationBenchmark-local/environments/StructuralIdentifiability.jl/ext/ModelingToolkitSIExt.jl:78
┌ Warning: Floating point value 0.5 will be converted to 1//2.
└ @ ModelingToolkitSIExt ~/ParameterEstimationBenchmark-local/environments/StructuralIdentifiability.jl/ext/ModelingToolkitSIExt.jl:78
┌ Warning: Floating point value 3.255998019661134 will be converted to 141542623//43471348.
└ @ ModelingToolkitSIExt ~/ParameterEstimationBenchmark-local/environments/StructuralIdentifiability.jl/ext/ModelingToolkitSIExt.jl:78
┌ Warning: Floating point value 2.215997103905305 will be converted to 67536731//30476904.
└ @ ModelingToolkitSIExt ~/ParameterEstimationBenchmark-local/environments/StructuralIdentifiability.jl/ext/ModelingToolkitSIExt.jl:78
┌ Warning: Floating point value 8.0 will be converted to 8.
└ @ ModelingToolkitSIExt ~/ParameterEstimationBenchmark-local/environments/StructuralIdentifiability.jl/ext/ModelingToolkitSIExt.jl:78
┌ Warning: Floating point value 0.5 will be converted to 1//2.
└ @ ModelingToolkitSIExt ~/ParameterEstimationBenchmark-local/environments/StructuralIdentifiability.jl/ext/ModelingToolkitSIExt.jl:78
┌ Warning: Floating point value -0.012579059502312352 will be converted to -12872579//1023333978.
└ @ ModelingToolkitSIExt ~/ParameterEstimationBenchmark-local/environments/StructuralIdentifiability.jl/ext/ModelingToolkitSIExt.jl:78
┌ Warning: Floating point value -8.74839985640858 will be converted to -294100277//33617608.
└ @ ModelingToolkitSIExt ~/ParameterEstimationBenchmark-local/environments/StructuralIdentifiability.jl/ext/ModelingToolkitSIExt.jl:78
┌ Warning: Floating point value -0.5 will be converted to -1//2.
└ @ ModelingToolkitSIExt ~/ParameterEstimationBenchmark-local/environments/StructuralIdentifiability.jl/ext/ModelingToolkitSIExt.jl:78
┌ Warning: Floating point value 0.14676563684723895 will be converted to 6215959//42352959.
└ @ ModelingToolkitSIExt ~/ParameterEstimationBenchmark-local/environments/StructuralIdentifiability.jl/ext/ModelingToolkitSIExt.jl:78
┌ Warning: Floating point value 9.798116560322521 will be converted to 56358012//5751923.
└ @ ModelingToolkitSIExt ~/ParameterEstimationBenchmark-local/environments/StructuralIdentifiability.jl/ext/ModelingToolkitSIExt.jl:78
┌ Warning: Floating point value 0.5 will be converted to 1//2.
└ @ ModelingToolkitSIExt ~/ParameterEstimationBenchmark-local/environments/StructuralIdentifiability.jl/ext/ModelingToolkitSIExt.jl:78
┌ Warning: Floating point value 0.5 will be converted to 1//2.
└ @ ModelingToolkitSIExt ~/ParameterEstimationBenchmark-local/environments/StructuralIdentifiability.jl/ext/ModelingToolkitSIExt.jl:78
┌ Warning: Floating point value 0.5 will be converted to 1//2.
└ @ ModelingToolkitSIExt ~/ParameterEstimationBenchmark-local/environments/StructuralIdentifiability.jl/ext/ModelingToolkitSIExt.jl:78
┌ Warning: Floating point value 0.025158119004624703 will be converted to 12872579//511666989.
└ @ ModelingToolkitSIExt ~/ParameterEstimationBenchmark-local/environments/StructuralIdentifiability.jl/ext/ModelingToolkitSIExt.jl:78
┌ Warning: Floating point value -8.74839985640858 will be converted to -294100277//33617608.
└ @ ModelingToolkitSIExt ~/ParameterEstimationBenchmark-local/environments/StructuralIdentifiability.jl/ext/ModelingToolkitSIExt.jl:78
┌ Warning: Floating point value -0.5 will be converted to -1//2.
└ @ ModelingToolkitSIExt ~/ParameterEstimationBenchmark-local/environments/StructuralIdentifiability.jl/ext/ModelingToolkitSIExt.jl:78
┌ Warning: Floating point value 8.0 will be converted to 8.
└ @ ModelingToolkitSIExt ~/ParameterEstimationBenchmark-local/environments/StructuralIdentifiability.jl/ext/ModelingToolkitSIExt.jl:78
┌ Warning: Floating point value 0.5 will be converted to 1//2.
└ @ ModelingToolkitSIExt ~/ParameterEstimationBenchmark-local/environments/StructuralIdentifiability.jl/ext/ModelingToolkitSIExt.jl:78
[ Info: Getting polynomial system from SIAN
[ Info: Built polynomial system with 9 equations
[ Info: [SI-TEMPLATE] algebraic_multiplicity M = 1  (setup 0.0s, Groebner 0.01s, quotient_basis 0.0s, ring: 8 vars × 10 polys)
[ Info: [DEBUG-ALG-INDEP] Input: 9 equations, 7 indeterminates
[ Info: [DEBUG-ALG-INDEP] Jacobian size: (9, 7)
[ Info: [DEBUG-ALG-INDEP] Jacobian rank: 7
[ Info: [DEBUG-ALG-INDEP] Found 7 pivot columns
[ Info: [DEBUG-ALG-INDEP] Selected 7 equations (current_rank=7)
[ Info: [DEBUG-ALG-INDEP] Returning: output_ids=[1, 2, 3, 4, 5, 6, 7], alg_indep has 0 vars
[ Info: Reduced polynomial system to 7 equations
┌ Info: [SI-MAP] Extending DerivativeData support for SI template
│   current_order = -1
└   required_order = 5
[ Info: Checking identifiability
┌ Warning: There are no parameters in the given ODE, thus no identifiabile
│ functions.
│ Use `find_identifiable_functions` with keyword `with_states=true` to
│ compute the functions with the ODE states included.
└ @ StructuralIdentifiability ~/ParameterEstimationBenchmark-local/environments/StructuralIdentifiability.jl/src/identifiable_functions.jl:97
┌ Info: [SI-STRUCTURAL] SIAN/SI template summary
│   template_equation_count = 7
│   derivative_symbol_count = 12
│   max_derivative_order = 5
│   structural_unidentifiable_count = 1
└   identifiable_function_count = 1
┌ Info: [SI-MAP] Classified symbolic SI support variables while converting SIAN output
│   counts =
│    Dict{Symbol, Int64} with 2 entries:
│      :state_jet        => 2
│      :measured_rhs_jet => 5
│   samples =
│    Dict{Symbol, Vector{String}} with 2 entries:
│      :state_jet        => ["x6_0", "x6_1"]
└      :measured_rhs_jet => ["x5_0", "x4_0", "x5_1", "x4_1", "x5_2"]
[ Info: Getting equation system from StructuralIdentifiability.jl
[ Info: Converting ODESystem to SI.jl format
┌ Warning: Floating point value -3.2559819365529186 will be converted to -123312915//37872727.
└ @ ModelingToolkitSIExt ~/ParameterEstimationBenchmark-local/environments/StructuralIdentifiability.jl/ext/ModelingToolkitSIExt.jl:78
┌ Warning: Floating point value 8.0 will be converted to 8.
└ @ ModelingToolkitSIExt ~/ParameterEstimationBenchmark-local/environments/StructuralIdentifiability.jl/ext/ModelingToolkitSIExt.jl:78
┌ Warning: Floating point value 2.2159637639064496 will be converted to 161199145//72744486.
└ @ ModelingToolkitSIExt ~/ParameterEstimationBenchmark-local/environments/StructuralIdentifiability.jl/ext/ModelingToolkitSIExt.jl:78
┌ Warning: Floating point value 8.0 will be converted to 8.
└ @ ModelingToolkitSIExt ~/ParameterEstimationBenchmark-local/environments/StructuralIdentifiability.jl/ext/ModelingToolkitSIExt.jl:78
┌ Warning: Floating point value 0.16715587981084762 will be converted to 46113157//275869189.
└ @ ModelingToolkitSIExt ~/ParameterEstimationBenchmark-local/environments/StructuralIdentifiability.jl/ext/ModelingToolkitSIExt.jl:78
┌ Warning: Floating point value 6.031109025705043 will be converted to 249693601//41400943.
└ @ ModelingToolkitSIExt ~/ParameterEstimationBenchmark-local/environments/StructuralIdentifiability.jl/ext/ModelingToolkitSIExt.jl:78
┌ Warning: Floating point value 0.5 will be converted to 1//2.
└ @ ModelingToolkitSIExt ~/ParameterEstimationBenchmark-local/environments/StructuralIdentifiability.jl/ext/ModelingToolkitSIExt.jl:78
┌ Warning: Floating point value 0.5 will be converted to 1//2.
└ @ ModelingToolkitSIExt ~/ParameterEstimationBenchmark-local/environments/StructuralIdentifiability.jl/ext/ModelingToolkitSIExt.jl:78
┌ Warning: Floating point value 3.2559819365529186 will be converted to 123312915//37872727.
└ @ ModelingToolkitSIExt ~/ParameterEstimationBenchmark-local/environments/StructuralIdentifiability.jl/ext/ModelingToolkitSIExt.jl:78
┌ Warning: Floating point value 2.2159637639064496 will be converted to 161199145//72744486.
└ @ ModelingToolkitSIExt ~/ParameterEstimationBenchmark-local/environments/StructuralIdentifiability.jl/ext/ModelingToolkitSIExt.jl:78
┌ Warning: Floating point value 8.0 will be converted to 8.
└ @ ModelingToolkitSIExt ~/ParameterEstimationBenchmark-local/environments/StructuralIdentifiability.jl/ext/ModelingToolkitSIExt.jl:78
┌ Warning: Floating point value 0.5 will be converted to 1//2.
└ @ ModelingToolkitSIExt ~/ParameterEstimationBenchmark-local/environments/StructuralIdentifiability.jl/ext/ModelingToolkitSIExt.jl:78
┌ Warning: Floating point value -0.005131130695013341 will be converted to -3274428//638149405.
└ @ ModelingToolkitSIExt ~/ParameterEstimationBenchmark-local/environments/StructuralIdentifiability.jl/ext/ModelingToolkitSIExt.jl:78
┌ Warning: Floating point value -14.64822658713893 will be converted to -234253048//15991905.
└ @ ModelingToolkitSIExt ~/ParameterEstimationBenchmark-local/environments/StructuralIdentifiability.jl/ext/ModelingToolkitSIExt.jl:78
┌ Warning: Floating point value -0.5 will be converted to -1//2.
└ @ ModelingToolkitSIExt ~/ParameterEstimationBenchmark-local/environments/StructuralIdentifiability.jl/ext/ModelingToolkitSIExt.jl:78
┌ Warning: Floating point value -0.16715587981084762 will be converted to -46113157//275869189.
└ @ ModelingToolkitSIExt ~/ParameterEstimationBenchmark-local/environments/StructuralIdentifiability.jl/ext/ModelingToolkitSIExt.jl:78
┌ Warning: Floating point value 6.031109025705043 will be converted to 249693601//41400943.
└ @ ModelingToolkitSIExt ~/ParameterEstimationBenchmark-local/environments/StructuralIdentifiability.jl/ext/ModelingToolkitSIExt.jl:78
┌ Warning: Floating point value 0.5 will be converted to 1//2.
└ @ ModelingToolkitSIExt ~/ParameterEstimationBenchmark-local/environments/StructuralIdentifiability.jl/ext/ModelingToolkitSIExt.jl:78
┌ Warning: Floating point value 0.5 will be converted to 1//2.
└ @ ModelingToolkitSIExt ~/ParameterEstimationBenchmark-local/environments/StructuralIdentifiability.jl/ext/ModelingToolkitSIExt.jl:78
┌ Warning: Floating point value 0.5 will be converted to 1//2.
└ @ ModelingToolkitSIExt ~/ParameterEstimationBenchmark-local/environments/StructuralIdentifiability.jl/ext/ModelingToolkitSIExt.jl:78
┌ Warning: Floating point value 0.010262261390026683 will be converted to 6548856//638149405.
└ @ ModelingToolkitSIExt ~/ParameterEstimationBenchmark-local/environments/StructuralIdentifiability.jl/ext/ModelingToolkitSIExt.jl:78
┌ Warning: Floating point value -14.64822658713893 will be converted to -234253048//15991905.
└ @ ModelingToolkitSIExt ~/ParameterEstimationBenchmark-local/environments/StructuralIdentifiability.jl/ext/ModelingToolkitSIExt.jl:78
┌ Warning: Floating point value -0.5 will be converted to -1//2.
└ @ ModelingToolkitSIExt ~/ParameterEstimationBenchmark-local/environments/StructuralIdentifiability.jl/ext/ModelingToolkitSIExt.jl:78
┌ Warning: Floating point value 8.0 will be converted to 8.
└ @ ModelingToolkitSIExt ~/ParameterEstimationBenchmark-local/environments/StructuralIdentifiability.jl/ext/ModelingToolkitSIExt.jl:78
┌ Warning: Floating point value 0.5 will be converted to 1//2.
└ @ ModelingToolkitSIExt ~/ParameterEstimationBenchmark-local/environments/StructuralIdentifiability.jl/ext/ModelingToolkitSIExt.jl:78
[ Info: Getting polynomial system from SIAN
[ Info: Built polynomial system with 9 equations
[CAND 695] ok  max=440b  0.4s
[CAND 696] ok  max=438b  0.4s
[CAND 700] ok  max=442b  0.5s
[CAND 701] ok  max=424b  0.4s
[CAND 704] ok  max=443b  0.5s
[ Info: [SI-TEMPLATE] algebraic_multiplicity M = 1  (setup 0.0s, Groebner 0.0s, quotient_basis 0.0s, ring: 8 vars × 10 polys)
[ Info: [DEBUG-ALG-INDEP] Input: 9 equations, 7 indeterminates
[ Info: [DEBUG-ALG-INDEP] Jacobian size: (9, 7)
[ Info: [DEBUG-ALG-INDEP] Jacobian rank: 7
[ Info: [DEBUG-ALG-INDEP] Found 7 pivot columns
[ Info: [DEBUG-ALG-INDEP] Selected 7 equations (current_rank=7)
[ Info: [DEBUG-ALG-INDEP] Returning: output_ids=[1, 2, 3, 4, 5, 6, 7], alg_indep has 0 vars
[ Info: Reduced polynomial system to 7 equations
┌ Info: [SI-MAP] Extending DerivativeData support for SI template
│   current_order = -1
└   required_order = 5
[ Info: Checking identifiability
┌ Warning: There are no parameters in the given ODE, thus no identifiabile
│ functions.
│ Use `find_identifiable_functions` with keyword `with_states=true` to
│ compute the functions with the ODE states included.
└ @ StructuralIdentifiability ~/ParameterEstimationBenchmark-local/environments/StructuralIdentifiability.jl/src/identifiable_functions.jl:97
┌ Info: [SI-STRUCTURAL] SIAN/SI template summary
│   template_equation_count = 7
│   derivative_symbol_count = 12
│   max_derivative_order = 5
│   structural_unidentifiable_count = 1
└   identifiable_function_count = 1
┌ Info: [SI-MAP] Classified symbolic SI support variables while converting SIAN output
│   counts =
│    Dict{Symbol, Int64} with 2 entries:
│      :state_jet        => 2
│      :measured_rhs_jet => 5
│   samples =
│    Dict{Symbol, Vector{String}} with 2 entries:
│      :state_jet        => ["x6_0", "x6_1"]
└      :measured_rhs_jet => ["x5_0", "x4_0", "x5_1", "x4_1", "x5_2"]
[ Info: Getting equation system from StructuralIdentifiability.jl
[ Info: Converting ODESystem to SI.jl format
┌ Warning: Floating point value -3.2559819365529186 will be converted to -123312915//37872727.
└ @ ModelingToolkitSIExt ~/ParameterEstimationBenchmark-local/environments/StructuralIdentifiability.jl/ext/ModelingToolkitSIExt.jl:78
┌ Warning: Floating point value 8.0 will be converted to 8.
└ @ ModelingToolkitSIExt ~/ParameterEstimationBenchmark-local/environments/StructuralIdentifiability.jl/ext/ModelingToolkitSIExt.jl:78
┌ Warning: Floating point value 2.2159637639064496 will be converted to 161199145//72744486.
└ @ ModelingToolkitSIExt ~/ParameterEstimationBenchmark-local/environments/StructuralIdentifiability.jl/ext/ModelingToolkitSIExt.jl:78
┌ Warning: Floating point value 8.0 will be converted to 8.
└ @ ModelingToolkitSIExt ~/ParameterEstimationBenchmark-local/environments/StructuralIdentifiability.jl/ext/ModelingToolkitSIExt.jl:78
┌ Warning: Floating point value -0.14734745051156264 will be converted to -8336641//56578115.
└ @ ModelingToolkitSIExt ~/ParameterEstimationBenchmark-local/environments/StructuralIdentifiability.jl/ext/ModelingToolkitSIExt.jl:78
┌ Warning: Floating point value 16.146578793019636 will be converted to 192952214//11950037.
└ @ ModelingToolkitSIExt ~/ParameterEstimationBenchmark-local/environments/StructuralIdentifiability.jl/ext/ModelingToolkitSIExt.jl:78
┌ Warning: Floating point value 0.5 will be converted to 1//2.
└ @ ModelingToolkitSIExt ~/ParameterEstimationBenchmark-local/environments/StructuralIdentifiability.jl/ext/ModelingToolkitSIExt.jl:78
┌ Warning: Floating point value 0.5 will be converted to 1//2.
└ @ ModelingToolkitSIExt ~/ParameterEstimationBenchmark-local/environments/StructuralIdentifiability.jl/ext/ModelingToolkitSIExt.jl:78
┌ Warning: Floating point value 3.2559819365529186 will be converted to 123312915//37872727.
└ @ ModelingToolkitSIExt ~/ParameterEstimationBenchmark-local/environments/StructuralIdentifiability.jl/ext/ModelingToolkitSIExt.jl:78
┌ Warning: Floating point value 2.2159637639064496 will be converted to 161199145//72744486.
└ @ ModelingToolkitSIExt ~/ParameterEstimationBenchmark-local/environments/StructuralIdentifiability.jl/ext/ModelingToolkitSIExt.jl:78
┌ Warning: Floating point value 8.0 will be converted to 8.
└ @ ModelingToolkitSIExt ~/ParameterEstimationBenchmark-local/environments/StructuralIdentifiability.jl/ext/ModelingToolkitSIExt.jl:78
┌ Warning: Floating point value 0.5 will be converted to 1//2.
└ @ ModelingToolkitSIExt ~/ParameterEstimationBenchmark-local/environments/StructuralIdentifiability.jl/ext/ModelingToolkitSIExt.jl:78
┌ Warning: Floating point value -0.006886667273629927 will be converted to -3888158//564592109.
└ @ ModelingToolkitSIExt ~/ParameterEstimationBenchmark-local/environments/StructuralIdentifiability.jl/ext/ModelingToolkitSIExt.jl:78
┌ Warning: Floating point value -15.098975251103276 will be converted to -553149841//36634926.
└ @ ModelingToolkitSIExt ~/ParameterEstimationBenchmark-local/environments/StructuralIdentifiability.jl/ext/ModelingToolkitSIExt.jl:78
┌ Warning: Floating point value -0.5 will be converted to -1//2.
└ @ ModelingToolkitSIExt ~/ParameterEstimationBenchmark-local/environments/StructuralIdentifiability.jl/ext/ModelingToolkitSIExt.jl:78
┌ Warning: Floating point value 0.14734745051156264 will be converted to 8336641//56578115.
└ @ ModelingToolkitSIExt ~/ParameterEstimationBenchmark-local/environments/StructuralIdentifiability.jl/ext/ModelingToolkitSIExt.jl:78
┌ Warning: Floating point value 16.146578793019636 will be converted to 192952214//11950037.
└ @ ModelingToolkitSIExt ~/ParameterEstimationBenchmark-local/environments/StructuralIdentifiability.jl/ext/ModelingToolkitSIExt.jl:78
┌ Warning: Floating point value 0.5 will be converted to 1//2.
└ @ ModelingToolkitSIExt ~/ParameterEstimationBenchmark-local/environments/StructuralIdentifiability.jl/ext/ModelingToolkitSIExt.jl:78
┌ Warning: Floating point value 0.5 will be converted to 1//2.
└ @ ModelingToolkitSIExt ~/ParameterEstimationBenchmark-local/environments/StructuralIdentifiability.jl/ext/ModelingToolkitSIExt.jl:78
┌ Warning: Floating point value 0.5 will be converted to 1//2.
└ @ ModelingToolkitSIExt ~/ParameterEstimationBenchmark-local/environments/StructuralIdentifiability.jl/ext/ModelingToolkitSIExt.jl:78
┌ Warning: Floating point value 0.013773334547259854 will be converted to 7776316//564592109.
└ @ ModelingToolkitSIExt ~/ParameterEstimationBenchmark-local/environments/StructuralIdentifiability.jl/ext/ModelingToolkitSIExt.jl:78
┌ Warning: Floating point value -15.098975251103276 will be converted to -553149841//36634926.
└ @ ModelingToolkitSIExt ~/ParameterEstimationBenchmark-local/environments/StructuralIdentifiability.jl/ext/ModelingToolkitSIExt.jl:78
┌ Warning: Floating point value -0.5 will be converted to -1//2.
└ @ ModelingToolkitSIExt ~/ParameterEstimationBenchmark-local/environments/StructuralIdentifiability.jl/ext/ModelingToolkitSIExt.jl:78
┌ Warning: Floating point value 8.0 will be converted to 8.
└ @ ModelingToolkitSIExt ~/ParameterEstimationBenchmark-local/environments/StructuralIdentifiability.jl/ext/ModelingToolkitSIExt.jl:78
┌ Warning: Floating point value 0.5 will be converted to 1//2.
└ @ ModelingToolkitSIExt ~/ParameterEstimationBenchmark-local/environments/StructuralIdentifiability.jl/ext/ModelingToolkitSIExt.jl:78
[ Info: Getting polynomial system from SIAN
[ Info: Built polynomial system with 9 equations
[ Info: [SI-TEMPLATE] algebraic_multiplicity M = 1  (setup 0.0s, Groebner 0.0s, quotient_basis 0.0s, ring: 8 vars × 10 polys)
[ Info: [DEBUG-ALG-INDEP] Input: 9 equations, 7 indeterminates
[ Info: [DEBUG-ALG-INDEP] Jacobian size: (9, 7)
[ Info: [DEBUG-ALG-INDEP] Jacobian rank: 7
[ Info: [DEBUG-ALG-INDEP] Found 7 pivot columns
[ Info: [DEBUG-ALG-INDEP] Selected 7 equations (current_rank=7)
[ Info: [DEBUG-ALG-INDEP] Returning: output_ids=[1, 2, 3, 4, 5, 6, 7], alg_indep has 0 vars
[ Info: Reduced polynomial system to 7 equations
┌ Info: [SI-MAP] Extending DerivativeData support for SI template
│   current_order = -1
└   required_order = 5
[ Info: Checking identifiability
┌ Warning: There are no parameters in the given ODE, thus no identifiabile
│ functions.
│ Use `find_identifiable_functions` with keyword `with_states=true` to
│ compute the functions with the ODE states included.
└ @ StructuralIdentifiability ~/ParameterEstimationBenchmark-local/environments/StructuralIdentifiability.jl/src/identifiable_functions.jl:97
┌ Info: [SI-STRUCTURAL] SIAN/SI template summary
│   template_equation_count = 7
│   derivative_symbol_count = 12
│   max_derivative_order = 5
│   structural_unidentifiable_count = 1
└   identifiable_function_count = 1
┌ Info: [SI-MAP] Classified symbolic SI support variables while converting SIAN output
│   counts =
│    Dict{Symbol, Int64} with 2 entries:
│      :state_jet        => 2
│      :measured_rhs_jet => 5
│   samples =
│    Dict{Symbol, Vector{String}} with 2 entries:
│      :state_jet        => ["x6_0", "x6_1"]
└      :measured_rhs_jet => ["x5_0", "x4_0", "x5_1", "x4_1", "x5_2"]
[ Info: Getting equation system from StructuralIdentifiability.jl
[ Info: Converting ODESystem to SI.jl format
┌ Warning: Floating point value -3.255981437917421 will be converted to -58852278//18075127.
└ @ ModelingToolkitSIExt ~/ParameterEstimationBenchmark-local/environments/StructuralIdentifiability.jl/ext/ModelingToolkitSIExt.jl:78
┌ Warning: Floating point value 8.0 will be converted to 8.
└ @ ModelingToolkitSIExt ~/ParameterEstimationBenchmark-local/environments/StructuralIdentifiability.jl/ext/ModelingToolkitSIExt.jl:78
┌ Warning: Floating point value 2.215962655980976 will be converted to 67655660//30531047.
└ @ ModelingToolkitSIExt ~/ParameterEstimationBenchmark-local/environments/StructuralIdentifiability.jl/ext/ModelingToolkitSIExt.jl:78
┌ Warning: Floating point value 8.0 will be converted to 8.
└ @ ModelingToolkitSIExt ~/ParameterEstimationBenchmark-local/environments/StructuralIdentifiability.jl/ext/ModelingToolkitSIExt.jl:78
┌ Warning: Floating point value -0.14630963043953146 will be converted to -30497914//208447755.
└ @ ModelingToolkitSIExt ~/ParameterEstimationBenchmark-local/environments/StructuralIdentifiability.jl/ext/ModelingToolkitSIExt.jl:78
┌ Warning: Floating point value 9.601972125203579 will be converted to 205962859//21450058.
└ @ ModelingToolkitSIExt ~/ParameterEstimationBenchmark-local/environments/StructuralIdentifiability.jl/ext/ModelingToolkitSIExt.jl:78
┌ Warning: Floating point value 0.5 will be converted to 1//2.
└ @ ModelingToolkitSIExt ~/ParameterEstimationBenchmark-local/environments/StructuralIdentifiability.jl/ext/ModelingToolkitSIExt.jl:78
┌ Warning: Floating point value 0.5 will be converted to 1//2.
└ @ ModelingToolkitSIExt ~/ParameterEstimationBenchmark-local/environments/StructuralIdentifiability.jl/ext/ModelingToolkitSIExt.jl:78
┌ Warning: Floating point value 3.255981437917421 will be converted to 58852278//18075127.
└ @ ModelingToolkitSIExt ~/ParameterEstimationBenchmark-local/environments/StructuralIdentifiability.jl/ext/ModelingToolkitSIExt.jl:78
┌ Warning: Floating point value 2.215962655980976 will be converted to 67655660//30531047.
└ @ ModelingToolkitSIExt ~/ParameterEstimationBenchmark-local/environments/StructuralIdentifiability.jl/ext/ModelingToolkitSIExt.jl:78
┌ Warning: Floating point value 8.0 will be converted to 8.
└ @ ModelingToolkitSIExt ~/ParameterEstimationBenchmark-local/environments/StructuralIdentifiability.jl/ext/ModelingToolkitSIExt.jl:78
┌ Warning: Floating point value 0.5 will be converted to 1//2.
└ @ ModelingToolkitSIExt ~/ParameterEstimationBenchmark-local/environments/StructuralIdentifiability.jl/ext/ModelingToolkitSIExt.jl:78
┌ Warning: Floating point value -0.013031130607246035 will be converted to -50894599//3905616522.
└ @ ModelingToolkitSIExt ~/ParameterEstimationBenchmark-local/environments/StructuralIdentifiability.jl/ext/ModelingToolkitSIExt.jl:78
┌ Warning: Floating point value -8.557534856633415 will be converted to -610346072//71322651.
└ @ ModelingToolkitSIExt ~/ParameterEstimationBenchmark-local/environments/StructuralIdentifiability.jl/ext/ModelingToolkitSIExt.jl:78
┌ Warning: Floating point value -0.5 will be converted to -1//2.
└ @ ModelingToolkitSIExt ~/ParameterEstimationBenchmark-local/environments/StructuralIdentifiability.jl/ext/ModelingToolkitSIExt.jl:78
┌ Warning: Floating point value 0.14630963043953146 will be converted to 30497914//208447755.
└ @ ModelingToolkitSIExt ~/ParameterEstimationBenchmark-local/environments/StructuralIdentifiability.jl/ext/ModelingToolkitSIExt.jl:78
┌ Warning: Floating point value 9.601972125203579 will be converted to 205962859//21450058.
└ @ ModelingToolkitSIExt ~/ParameterEstimationBenchmark-local/environments/StructuralIdentifiability.jl/ext/ModelingToolkitSIExt.jl:78
┌ Warning: Floating point value 0.5 will be converted to 1//2.
└ @ ModelingToolkitSIExt ~/ParameterEstimationBenchmark-local/environments/StructuralIdentifiability.jl/ext/ModelingToolkitSIExt.jl:78
┌ Warning: Floating point value 0.5 will be converted to 1//2.
└ @ ModelingToolkitSIExt ~/ParameterEstimationBenchmark-local/environments/StructuralIdentifiability.jl/ext/ModelingToolkitSIExt.jl:78
┌ Warning: Floating point value 0.5 will be converted to 1//2.
└ @ ModelingToolkitSIExt ~/ParameterEstimationBenchmark-local/environments/StructuralIdentifiability.jl/ext/ModelingToolkitSIExt.jl:78
┌ Warning: Floating point value 0.02606226121449207 will be converted to 50894599//1952808261.
└ @ ModelingToolkitSIExt ~/ParameterEstimationBenchmark-local/environments/StructuralIdentifiability.jl/ext/ModelingToolkitSIExt.jl:78
┌ Warning: Floating point value -8.557534856633415 will be converted to -610346072//71322651.
└ @ ModelingToolkitSIExt ~/ParameterEstimationBenchmark-local/environments/StructuralIdentifiability.jl/ext/ModelingToolkitSIExt.jl:78
┌ Warning: Floating point value -0.5 will be converted to -1//2.
└ @ ModelingToolkitSIExt ~/ParameterEstimationBenchmark-local/environments/StructuralIdentifiability.jl/ext/ModelingToolkitSIExt.jl:78
┌ Warning: Floating point value 8.0 will be converted to 8.
└ @ ModelingToolkitSIExt ~/ParameterEstimationBenchmark-local/environments/StructuralIdentifiability.jl/ext/ModelingToolkitSIExt.jl:78
┌ Warning: Floating point value 0.5 will be converted to 1//2.
└ @ ModelingToolkitSIExt ~/ParameterEstimationBenchmark-local/environments/StructuralIdentifiability.jl/ext/ModelingToolkitSIExt.jl:78
[ Info: Getting polynomial system from SIAN
[ Info: Built polynomial system with 9 equations
[ Info: [SI-TEMPLATE] algebraic_multiplicity M = 1  (setup 0.0s, Groebner 0.0s, quotient_basis 0.0s, ring: 8 vars × 10 polys)
[ Info: [DEBUG-ALG-INDEP] Input: 9 equations, 7 indeterminates
[ Info: [DEBUG-ALG-INDEP] Jacobian size: (9, 7)
[ Info: [DEBUG-ALG-INDEP] Jacobian rank: 7
[ Info: [DEBUG-ALG-INDEP] Found 7 pivot columns
[ Info: [DEBUG-ALG-INDEP] Selected 7 equations (current_rank=7)
[ Info: [DEBUG-ALG-INDEP] Returning: output_ids=[1, 2, 3, 4, 5, 6, 7], alg_indep has 0 vars
[ Info: Reduced polynomial system to 7 equations
┌ Info: [SI-MAP] Extending DerivativeData support for SI template
│   current_order = -1
└   required_order = 5
[ Info: Checking identifiability
┌ Warning: There are no parameters in the given ODE, thus no identifiabile
│ functions.
│ Use `find_identifiable_functions` with keyword `with_states=true` to
│ compute the functions with the ODE states included.
└ @ StructuralIdentifiability ~/ParameterEstimationBenchmark-local/environments/StructuralIdentifiability.jl/src/identifiable_functions.jl:97
┌ Info: [SI-STRUCTURAL] SIAN/SI template summary
│   template_equation_count = 7
│   derivative_symbol_count = 12
│   max_derivative_order = 5
│   structural_unidentifiable_count = 1
└   identifiable_function_count = 1
┌ Info: [SI-MAP] Classified symbolic SI support variables while converting SIAN output
│   counts =
│    Dict{Symbol, Int64} with 2 entries:
│      :state_jet        => 2
│      :measured_rhs_jet => 5
│   samples =
│    Dict{Symbol, Vector{String}} with 2 entries:
│      :state_jet        => ["x6_0", "x6_1"]
└      :measured_rhs_jet => ["x5_0", "x4_0", "x5_1", "x4_1", "x5_2"]
[ Info: Getting equation system from StructuralIdentifiability.jl
[ Info: Converting ODESystem to SI.jl format
┌ Warning: Floating point value -3.255981437917421 will be converted to -58852278//18075127.
└ @ ModelingToolkitSIExt ~/ParameterEstimationBenchmark-local/environments/StructuralIdentifiability.jl/ext/ModelingToolkitSIExt.jl:78
┌ Warning: Floating point value 8.0 will be converted to 8.
└ @ ModelingToolkitSIExt ~/ParameterEstimationBenchmark-local/environments/StructuralIdentifiability.jl/ext/ModelingToolkitSIExt.jl:78
┌ Warning: Floating point value 2.215962655980976 will be converted to 67655660//30531047.
└ @ ModelingToolkitSIExt ~/ParameterEstimationBenchmark-local/environments/StructuralIdentifiability.jl/ext/ModelingToolkitSIExt.jl:78
┌ Warning: Floating point value 8.0 will be converted to 8.
└ @ ModelingToolkitSIExt ~/ParameterEstimationBenchmark-local/environments/StructuralIdentifiability.jl/ext/ModelingToolkitSIExt.jl:78
┌ Warning: Floating point value 0.7032574468135367 will be converted to 44059847//62651092.
└ @ ModelingToolkitSIExt ~/ParameterEstimationBenchmark-local/environments/StructuralIdentifiability.jl/ext/ModelingToolkitSIExt.jl:78
┌ Warning: Floating point value 14.421252882529332 will be converted to 367588117//25489333.
└ @ ModelingToolkitSIExt ~/ParameterEstimationBenchmark-local/environments/StructuralIdentifiability.jl/ext/ModelingToolkitSIExt.jl:78
┌ Warning: Floating point value 0.5 will be converted to 1//2.
└ @ ModelingToolkitSIExt ~/ParameterEstimationBenchmark-local/environments/StructuralIdentifiability.jl/ext/ModelingToolkitSIExt.jl:78
┌ Warning: Floating point value 0.5 will be converted to 1//2.
└ @ ModelingToolkitSIExt ~/ParameterEstimationBenchmark-local/environments/StructuralIdentifiability.jl/ext/ModelingToolkitSIExt.jl:78
┌ Warning: Floating point value 3.255981437917421 will be converted to 58852278//18075127.
└ @ ModelingToolkitSIExt ~/ParameterEstimationBenchmark-local/environments/StructuralIdentifiability.jl/ext/ModelingToolkitSIExt.jl:78
┌ Warning: Floating point value 2.215962655980976 will be converted to 67655660//30531047.
└ @ ModelingToolkitSIExt ~/ParameterEstimationBenchmark-local/environments/StructuralIdentifiability.jl/ext/ModelingToolkitSIExt.jl:78
┌ Warning: Floating point value 8.0 will be converted to 8.
└ @ ModelingToolkitSIExt ~/ParameterEstimationBenchmark-local/environments/StructuralIdentifiability.jl/ext/ModelingToolkitSIExt.jl:78
┌ Warning: Floating point value 0.5 will be converted to 1//2.
└ @ ModelingToolkitSIExt ~/ParameterEstimationBenchmark-local/environments/StructuralIdentifiability.jl/ext/ModelingToolkitSIExt.jl:78
┌ Warning: Floating point value -0.0018793620735805079 will be converted to -4466743//2376733607.
└ @ ModelingToolkitSIExt ~/ParameterEstimationBenchmark-local/environments/StructuralIdentifiability.jl/ext/ModelingToolkitSIExt.jl:78
┌ Warning: Floating point value -38.62865375194288 will be converted to -661950461//17136255.
└ @ ModelingToolkitSIExt ~/ParameterEstimationBenchmark-local/environments/StructuralIdentifiability.jl/ext/ModelingToolkitSIExt.jl:78
┌ Warning: Floating point value -0.5 will be converted to -1//2.
└ @ ModelingToolkitSIExt ~/ParameterEstimationBenchmark-local/environments/StructuralIdentifiability.jl/ext/ModelingToolkitSIExt.jl:78
┌ Warning: Floating point value -0.7032574468135367 will be converted to -44059847//62651092.
└ @ ModelingToolkitSIExt ~/ParameterEstimationBenchmark-local/environments/StructuralIdentifiability.jl/ext/ModelingToolkitSIExt.jl:78
┌ Warning: Floating point value 14.421252882529332 will be converted to 367588117//25489333.
└ @ ModelingToolkitSIExt ~/ParameterEstimationBenchmark-local/environments/StructuralIdentifiability.jl/ext/ModelingToolkitSIExt.jl:78
┌ Warning: Floating point value 0.5 will be converted to 1//2.
└ @ ModelingToolkitSIExt ~/ParameterEstimationBenchmark-local/environments/StructuralIdentifiability.jl/ext/ModelingToolkitSIExt.jl:78
┌ Warning: Floating point value 0.5 will be converted to 1//2.
└ @ ModelingToolkitSIExt ~/ParameterEstimationBenchmark-local/environments/StructuralIdentifiability.jl/ext/ModelingToolkitSIExt.jl:78
┌ Warning: Floating point value 0.5 will be converted to 1//2.
└ @ ModelingToolkitSIExt ~/ParameterEstimationBenchmark-local/environments/StructuralIdentifiability.jl/ext/ModelingToolkitSIExt.jl:78
┌ Warning: Floating point value 0.0037587241471610158 will be converted to 8914669//2371727387.
└ @ ModelingToolkitSIExt ~/ParameterEstimationBenchmark-local/environments/StructuralIdentifiability.jl/ext/ModelingToolkitSIExt.jl:78
┌ Warning: Floating point value -38.62865375194288 will be converted to -661950461//17136255.
└ @ ModelingToolkitSIExt ~/ParameterEstimationBenchmark-local/environments/StructuralIdentifiability.jl/ext/ModelingToolkitSIExt.jl:78
┌ Warning: Floating point value -0.5 will be converted to -1//2.
└ @ ModelingToolkitSIExt ~/ParameterEstimationBenchmark-local/environments/StructuralIdentifiability.jl/ext/ModelingToolkitSIExt.jl:78
┌ Warning: Floating point value 8.0 will be converted to 8.
└ @ ModelingToolkitSIExt ~/ParameterEstimationBenchmark-local/environments/StructuralIdentifiability.jl/ext/ModelingToolkitSIExt.jl:78
┌ Warning: Floating point value 0.5 will be converted to 1//2.
└ @ ModelingToolkitSIExt ~/ParameterEstimationBenchmark-local/environments/StructuralIdentifiability.jl/ext/ModelingToolkitSIExt.jl:78
[ Info: Getting polynomial system from SIAN
[ Info: Built polynomial system with 9 equations
[ Info: [SI-TEMPLATE] algebraic_multiplicity M = 1  (setup 0.0s, Groebner 0.0s, quotient_basis 0.0s, ring: 8 vars × 10 polys)
[ Info: [DEBUG-ALG-INDEP] Input: 9 equations, 7 indeterminates
[ Info: [DEBUG-ALG-INDEP] Jacobian size: (9, 7)
[ Info: [DEBUG-ALG-INDEP] Jacobian rank: 7
[ Info: [DEBUG-ALG-INDEP] Found 7 pivot columns
[ Info: [DEBUG-ALG-INDEP] Selected 7 equations (current_rank=7)
[ Info: [DEBUG-ALG-INDEP] Returning: output_ids=[1, 2, 3, 4, 5, 6, 7], alg_indep has 0 vars
[ Info: Reduced polynomial system to 7 equations
┌ Info: [SI-MAP] Extending DerivativeData support for SI template
│   current_order = -1
└   required_order = 5
[ Info: Checking identifiability
┌ Warning: There are no parameters in the given ODE, thus no identifiabile
│ functions.
│ Use `find_identifiable_functions` with keyword `with_states=true` to
│ compute the functions with the ODE states included.
└ @ StructuralIdentifiability ~/ParameterEstimationBenchmark-local/environments/StructuralIdentifiability.jl/src/identifiable_functions.jl:97
┌ Info: [SI-STRUCTURAL] SIAN/SI template summary
│   template_equation_count = 7
│   derivative_symbol_count = 12
│   max_derivative_order = 5
│   structural_unidentifiable_count = 1
└   identifiable_function_count = 1
┌ Info: [SI-MAP] Classified symbolic SI support variables while converting SIAN output
│   counts =
│    Dict{Symbol, Int64} with 2 entries:
│      :state_jet        => 2
│      :measured_rhs_jet => 5
│   samples =
│    Dict{Symbol, Vector{String}} with 2 entries:
│      :state_jet        => ["x6_0", "x6_1"]
└      :measured_rhs_jet => ["x5_0", "x4_0", "x5_1", "x4_1", "x5_2"]
[ Info: Getting equation system from StructuralIdentifiability.jl
[ Info: Converting ODESystem to SI.jl format
┌ Warning: Floating point value -3.2560007390942984 will be converted to -143122403//43956502.
└ @ ModelingToolkitSIExt ~/ParameterEstimationBenchmark-local/environments/StructuralIdentifiability.jl/ext/ModelingToolkitSIExt.jl:78
┌ Warning: Floating point value 8.0 will be converted to 8.
└ @ ModelingToolkitSIExt ~/ParameterEstimationBenchmark-local/environments/StructuralIdentifiability.jl/ext/ModelingToolkitSIExt.jl:78
┌ Warning: Floating point value 2.2160002862120116 will be converted to 100652672//45420875.
└ @ ModelingToolkitSIExt ~/ParameterEstimationBenchmark-local/environments/StructuralIdentifiability.jl/ext/ModelingToolkitSIExt.jl:78
┌ Warning: Floating point value 8.0 will be converted to 8.
└ @ ModelingToolkitSIExt ~/ParameterEstimationBenchmark-local/environments/StructuralIdentifiability.jl/ext/ModelingToolkitSIExt.jl:78
┌ Warning: Floating point value -0.47534439334291956 will be converted to -67756001//142540865.
└ @ ModelingToolkitSIExt ~/ParameterEstimationBenchmark-local/environments/StructuralIdentifiability.jl/ext/ModelingToolkitSIExt.jl:78
┌ Warning: Floating point value 10.229258041089027 will be converted to 176755513//17279407.
└ @ ModelingToolkitSIExt ~/ParameterEstimationBenchmark-local/environments/StructuralIdentifiability.jl/ext/ModelingToolkitSIExt.jl:78
┌ Warning: Floating point value 0.5 will be converted to 1//2.
└ @ ModelingToolkitSIExt ~/ParameterEstimationBenchmark-local/environments/StructuralIdentifiability.jl/ext/ModelingToolkitSIExt.jl:78
┌ Warning: Floating point value 0.5 will be converted to 1//2.
└ @ ModelingToolkitSIExt ~/ParameterEstimationBenchmark-local/environments/StructuralIdentifiability.jl/ext/ModelingToolkitSIExt.jl:78
┌ Warning: Floating point value 3.2560007390942984 will be converted to 143122403//43956502.
└ @ ModelingToolkitSIExt ~/ParameterEstimationBenchmark-local/environments/StructuralIdentifiability.jl/ext/ModelingToolkitSIExt.jl:78
┌ Warning: Floating point value 2.2160002862120116 will be converted to 100652672//45420875.
└ @ ModelingToolkitSIExt ~/ParameterEstimationBenchmark-local/environments/StructuralIdentifiability.jl/ext/ModelingToolkitSIExt.jl:78
┌ Warning: Floating point value 8.0 will be converted to 8.
└ @ ModelingToolkitSIExt ~/ParameterEstimationBenchmark-local/environments/StructuralIdentifiability.jl/ext/ModelingToolkitSIExt.jl:78
┌ Warning: Floating point value 0.5 will be converted to 1//2.
└ @ ModelingToolkitSIExt ~/ParameterEstimationBenchmark-local/environments/StructuralIdentifiability.jl/ext/ModelingToolkitSIExt.jl:78
┌ Warning: Floating point value 0.004242858058792647 will be converted to 2051565//483533734.
└ @ ModelingToolkitSIExt ~/ParameterEstimationBenchmark-local/environments/StructuralIdentifiability.jl/ext/ModelingToolkitSIExt.jl:78
┌ Warning: Floating point value -15.246414888494325 will be converted to -278912471//18293643.
└ @ ModelingToolkitSIExt ~/ParameterEstimationBenchmark-local/environments/StructuralIdentifiability.jl/ext/ModelingToolkitSIExt.jl:78
┌ Warning: Floating point value -0.5 will be converted to -1//2.
└ @ ModelingToolkitSIExt ~/ParameterEstimationBenchmark-local/environments/StructuralIdentifiability.jl/ext/ModelingToolkitSIExt.jl:78
┌ Warning: Floating point value 0.47534439334291956 will be converted to 67756001//142540865.
└ @ ModelingToolkitSIExt ~/ParameterEstimationBenchmark-local/environments/StructuralIdentifiability.jl/ext/ModelingToolkitSIExt.jl:78
┌ Warning: Floating point value 10.229258041089027 will be converted to 176755513//17279407.
└ @ ModelingToolkitSIExt ~/ParameterEstimationBenchmark-local/environments/StructuralIdentifiability.jl/ext/ModelingToolkitSIExt.jl:78
┌ Warning: Floating point value 0.5 will be converted to 1//2.
└ @ ModelingToolkitSIExt ~/ParameterEstimationBenchmark-local/environments/StructuralIdentifiability.jl/ext/ModelingToolkitSIExt.jl:78
┌ Warning: Floating point value 0.5 will be converted to 1//2.
└ @ ModelingToolkitSIExt ~/ParameterEstimationBenchmark-local/environments/StructuralIdentifiability.jl/ext/ModelingToolkitSIExt.jl:78
┌ Warning: Floating point value 0.5 will be converted to 1//2.
└ @ ModelingToolkitSIExt ~/ParameterEstimationBenchmark-local/environments/StructuralIdentifiability.jl/ext/ModelingToolkitSIExt.jl:78
┌ Warning: Floating point value -0.008485716117585295 will be converted to -2051565//241766867.
└ @ ModelingToolkitSIExt ~/ParameterEstimationBenchmark-local/environments/StructuralIdentifiability.jl/ext/ModelingToolkitSIExt.jl:78
┌ Warning: Floating point value -15.246414888494325 will be converted to -278912471//18293643.
└ @ ModelingToolkitSIExt ~/ParameterEstimationBenchmark-local/environments/StructuralIdentifiability.jl/ext/ModelingToolkitSIExt.jl:78
┌ Warning: Floating point value -0.5 will be converted to -1//2.
└ @ ModelingToolkitSIExt ~/ParameterEstimationBenchmark-local/environments/StructuralIdentifiability.jl/ext/ModelingToolkitSIExt.jl:78
┌ Warning: Floating point value 8.0 will be converted to 8.
└ @ ModelingToolkitSIExt ~/ParameterEstimationBenchmark-local/environments/StructuralIdentifiability.jl/ext/ModelingToolkitSIExt.jl:78
┌ Warning: Floating point value 0.5 will be converted to 1//2.
└ @ ModelingToolkitSIExt ~/ParameterEstimationBenchmark-local/environments/StructuralIdentifiability.jl/ext/ModelingToolkitSIExt.jl:78
[ Info: Getting polynomial system from SIAN
[ Info: Built polynomial system with 9 equations
[ Info: [SI-TEMPLATE] algebraic_multiplicity M = 1  (setup 0.0s, Groebner 0.0s, quotient_basis 0.0s, ring: 8 vars × 10 polys)
[ Info: [DEBUG-ALG-INDEP] Input: 9 equations, 7 indeterminates
[ Info: [DEBUG-ALG-INDEP] Jacobian size: (9, 7)
[ Info: [DEBUG-ALG-INDEP] Jacobian rank: 7
[ Info: [DEBUG-ALG-INDEP] Found 7 pivot columns
[ Info: [DEBUG-ALG-INDEP] Selected 7 equations (current_rank=7)
[ Info: [DEBUG-ALG-INDEP] Returning: output_ids=[1, 2, 3, 4, 5, 6, 7], alg_indep has 0 vars
[ Info: Reduced polynomial system to 7 equations
┌ Info: [SI-MAP] Extending DerivativeData support for SI template
│   current_order = -1
└   required_order = 5
[ Info: Checking identifiability
┌ Warning: There are no parameters in the given ODE, thus no identifiabile
│ functions.
│ Use `find_identifiable_functions` with keyword `with_states=true` to
│ compute the functions with the ODE states included.
└ @ StructuralIdentifiability ~/ParameterEstimationBenchmark-local/environments/StructuralIdentifiability.jl/src/identifiable_functions.jl:97
┌ Info: [SI-STRUCTURAL] SIAN/SI template summary
│   template_equation_count = 7
│   derivative_symbol_count = 12
│   max_derivative_order = 5
│   structural_unidentifiable_count = 1
└   identifiable_function_count = 1
┌ Info: [SI-MAP] Classified symbolic SI support variables while converting SIAN output
│   counts =
│    Dict{Symbol, Int64} with 2 entries:
│      :state_jet        => 2
│      :measured_rhs_jet => 5
│   samples =
│    Dict{Symbol, Vector{String}} with 2 entries:
│      :state_jet        => ["x6_0", "x6_1"]
└      :measured_rhs_jet => ["x5_0", "x4_0", "x5_1", "x4_1", "x5_2"]
[ Info: Getting equation system from StructuralIdentifiability.jl
[ Info: Converting ODESystem to SI.jl format
┌ Warning: Floating point value -3.2560007390942984 will be converted to -143122403//43956502.
└ @ ModelingToolkitSIExt ~/ParameterEstimationBenchmark-local/environments/StructuralIdentifiability.jl/ext/ModelingToolkitSIExt.jl:78
┌ Warning: Floating point value 8.0 will be converted to 8.
└ @ ModelingToolkitSIExt ~/ParameterEstimationBenchmark-local/environments/StructuralIdentifiability.jl/ext/ModelingToolkitSIExt.jl:78
┌ Warning: Floating point value 2.2160002862120116 will be converted to 100652672//45420875.
└ @ ModelingToolkitSIExt ~/ParameterEstimationBenchmark-local/environments/StructuralIdentifiability.jl/ext/ModelingToolkitSIExt.jl:78
┌ Warning: Floating point value 8.0 will be converted to 8.
└ @ ModelingToolkitSIExt ~/ParameterEstimationBenchmark-local/environments/StructuralIdentifiability.jl/ext/ModelingToolkitSIExt.jl:78
┌ Warning: Floating point value -0.14367618518214192 will be converted to -34591869//240762719.
└ @ ModelingToolkitSIExt ~/ParameterEstimationBenchmark-local/environments/StructuralIdentifiability.jl/ext/ModelingToolkitSIExt.jl:78
┌ Warning: Floating point value 5.446522135382274 will be converted to 107432916//19725049.
└ @ ModelingToolkitSIExt ~/ParameterEstimationBenchmark-local/environments/StructuralIdentifiability.jl/ext/ModelingToolkitSIExt.jl:78
┌ Warning: Floating point value 0.5 will be converted to 1//2.
└ @ ModelingToolkitSIExt ~/ParameterEstimationBenchmark-local/environments/StructuralIdentifiability.jl/ext/ModelingToolkitSIExt.jl:78
┌ Warning: Floating point value 0.5 will be converted to 1//2.
└ @ ModelingToolkitSIExt ~/ParameterEstimationBenchmark-local/environments/StructuralIdentifiability.jl/ext/ModelingToolkitSIExt.jl:78
[CAND 705] ok  max=440b  0.4s
[CAND 707] ok  max=444b  0.3s
[CAND 714] ok  max=423b  0.3s
[CAND 719] ok  max=438b  0.3s
┌ Warning: Floating point value 3.2560007390942984 will be converted to 143122403//43956502.
└ @ ModelingToolkitSIExt ~/ParameterEstimationBenchmark-local/environments/StructuralIdentifiability.jl/ext/ModelingToolkitSIExt.jl:78
┌ Warning: Floating point value 2.2160002862120116 will be converted to 100652672//45420875.
└ @ ModelingToolkitSIExt ~/ParameterEstimationBenchmark-local/environments/StructuralIdentifiability.jl/ext/ModelingToolkitSIExt.jl:78
┌ Warning: Floating point value 8.0 will be converted to 8.
└ @ ModelingToolkitSIExt ~/ParameterEstimationBenchmark-local/environments/StructuralIdentifiability.jl/ext/ModelingToolkitSIExt.jl:78
┌ Warning: Floating point value 0.5 will be converted to 1//2.
└ @ ModelingToolkitSIExt ~/ParameterEstimationBenchmark-local/environments/StructuralIdentifiability.jl/ext/ModelingToolkitSIExt.jl:78
┌ Warning: Floating point value -0.029625313297784672 will be converted to -9321449//314644740.
└ @ ModelingToolkitSIExt ~/ParameterEstimationBenchmark-local/environments/StructuralIdentifiability.jl/ext/ModelingToolkitSIExt.jl:78
┌ Warning: Floating point value -4.414268333220185 will be converted to -189276547//42878351.
└ @ ModelingToolkitSIExt ~/ParameterEstimationBenchmark-local/environments/StructuralIdentifiability.jl/ext/ModelingToolkitSIExt.jl:78
┌ Warning: Floating point value -0.5 will be converted to -1//2.
└ @ ModelingToolkitSIExt ~/ParameterEstimationBenchmark-local/environments/StructuralIdentifiability.jl/ext/ModelingToolkitSIExt.jl:78
┌ Warning: Floating point value 0.14367618518214192 will be converted to 34591869//240762719.
└ @ ModelingToolkitSIExt ~/ParameterEstimationBenchmark-local/environments/StructuralIdentifiability.jl/ext/ModelingToolkitSIExt.jl:78
┌ Warning: Floating point value 5.446522135382274 will be converted to 107432916//19725049.
└ @ ModelingToolkitSIExt ~/ParameterEstimationBenchmark-local/environments/StructuralIdentifiability.jl/ext/ModelingToolkitSIExt.jl:78
┌ Warning: Floating point value 0.5 will be converted to 1//2.
└ @ ModelingToolkitSIExt ~/ParameterEstimationBenchmark-local/environments/StructuralIdentifiability.jl/ext/ModelingToolkitSIExt.jl:78
┌ Warning: Floating point value 0.5 will be converted to 1//2.
└ @ ModelingToolkitSIExt ~/ParameterEstimationBenchmark-local/environments/StructuralIdentifiability.jl/ext/ModelingToolkitSIExt.jl:78
┌ Warning: Floating point value 0.5 will be converted to 1//2.
└ @ ModelingToolkitSIExt ~/ParameterEstimationBenchmark-local/environments/StructuralIdentifiability.jl/ext/ModelingToolkitSIExt.jl:78
┌ Warning: Floating point value 0.059250626595569345 will be converted to 9321449//157322370.
└ @ ModelingToolkitSIExt ~/ParameterEstimationBenchmark-local/environments/StructuralIdentifiability.jl/ext/ModelingToolkitSIExt.jl:78
┌ Warning: Floating point value -4.414268333220185 will be converted to -189276547//42878351.
└ @ ModelingToolkitSIExt ~/ParameterEstimationBenchmark-local/environments/StructuralIdentifiability.jl/ext/ModelingToolkitSIExt.jl:78
┌ Warning: Floating point value -0.5 will be converted to -1//2.
└ @ ModelingToolkitSIExt ~/ParameterEstimationBenchmark-local/environments/StructuralIdentifiability.jl/ext/ModelingToolkitSIExt.jl:78
┌ Warning: Floating point value 8.0 will be converted to 8.
└ @ ModelingToolkitSIExt ~/ParameterEstimationBenchmark-local/environments/StructuralIdentifiability.jl/ext/ModelingToolkitSIExt.jl:78
┌ Warning: Floating point value 0.5 will be converted to 1//2.
└ @ ModelingToolkitSIExt ~/ParameterEstimationBenchmark-local/environments/StructuralIdentifiability.jl/ext/ModelingToolkitSIExt.jl:78
[ Info: Getting polynomial system from SIAN
[ Info: Built polynomial system with 9 equations
[ Info: [SI-TEMPLATE] algebraic_multiplicity M = 1  (setup 0.0s, Groebner 0.0s, quotient_basis 0.0s, ring: 8 vars × 10 polys)
[ Info: [DEBUG-ALG-INDEP] Input: 9 equations, 7 indeterminates
[ Info: [DEBUG-ALG-INDEP] Jacobian size: (9, 7)
[ Info: [DEBUG-ALG-INDEP] Jacobian rank: 7
[ Info: [DEBUG-ALG-INDEP] Found 7 pivot columns
[ Info: [DEBUG-ALG-INDEP] Selected 7 equations (current_rank=7)
[ Info: [DEBUG-ALG-INDEP] Returning: output_ids=[1, 2, 3, 4, 5, 6, 7], alg_indep has 0 vars
[ Info: Reduced polynomial system to 7 equations
┌ Info: [SI-MAP] Extending DerivativeData support for SI template
│   current_order = -1
└   required_order = 5
[ Info: Checking identifiability
┌ Warning: There are no parameters in the given ODE, thus no identifiabile
│ functions.
│ Use `find_identifiable_functions` with keyword `with_states=true` to
│ compute the functions with the ODE states included.
└ @ StructuralIdentifiability ~/ParameterEstimationBenchmark-local/environments/StructuralIdentifiability.jl/src/identifiable_functions.jl:97
┌ Info: [SI-STRUCTURAL] SIAN/SI template summary
│   template_equation_count = 7
│   derivative_symbol_count = 12
│   max_derivative_order = 5
│   structural_unidentifiable_count = 1
└   identifiable_function_count = 1
┌ Info: [SI-MAP] Classified symbolic SI support variables while converting SIAN output
│   counts =
│    Dict{Symbol, Int64} with 2 entries:
│      :state_jet        => 2
│      :measured_rhs_jet => 5
│   samples =
│    Dict{Symbol, Vector{String}} with 2 entries:
│      :state_jet        => ["x6_0", "x6_1"]
└      :measured_rhs_jet => ["x5_0", "x4_0", "x5_1", "x4_1", "x5_2"]
[ Info: Getting equation system from StructuralIdentifiability.jl
[ Info: Converting ODESystem to SI.jl format
┌ Warning: Floating point value -3.2560218978372655 will be converted to -263615725//80962516.
└ @ ModelingToolkitSIExt ~/ParameterEstimationBenchmark-local/environments/StructuralIdentifiability.jl/ext/ModelingToolkitSIExt.jl:78
┌ Warning: Floating point value 8.0 will be converted to 8.
└ @ ModelingToolkitSIExt ~/ParameterEstimationBenchmark-local/environments/StructuralIdentifiability.jl/ext/ModelingToolkitSIExt.jl:78
┌ Warning: Floating point value 2.2160402344519965 will be converted to 108885148//49135005.
└ @ ModelingToolkitSIExt ~/ParameterEstimationBenchmark-local/environments/StructuralIdentifiability.jl/ext/ModelingToolkitSIExt.jl:78
┌ Warning: Floating point value 8.0 will be converted to 8.
└ @ ModelingToolkitSIExt ~/ParameterEstimationBenchmark-local/environments/StructuralIdentifiability.jl/ext/ModelingToolkitSIExt.jl:78
┌ Warning: Floating point value -0.1573268482798266 will be converted to -26295872//167141669.
└ @ ModelingToolkitSIExt ~/ParameterEstimationBenchmark-local/environments/StructuralIdentifiability.jl/ext/ModelingToolkitSIExt.jl:78
┌ Warning: Floating point value 1.1571882016422084 will be converted to 63867986//55192393.
└ @ ModelingToolkitSIExt ~/ParameterEstimationBenchmark-local/environments/StructuralIdentifiability.jl/ext/ModelingToolkitSIExt.jl:78
┌ Warning: Floating point value 0.5 will be converted to 1//2.
└ @ ModelingToolkitSIExt ~/ParameterEstimationBenchmark-local/environments/StructuralIdentifiability.jl/ext/ModelingToolkitSIExt.jl:78
┌ Warning: Floating point value 0.5 will be converted to 1//2.
└ @ ModelingToolkitSIExt ~/ParameterEstimationBenchmark-local/environments/StructuralIdentifiability.jl/ext/ModelingToolkitSIExt.jl:78
┌ Warning: Floating point value 3.2560218978372655 will be converted to 263615725//80962516.
└ @ ModelingToolkitSIExt ~/ParameterEstimationBenchmark-local/environments/StructuralIdentifiability.jl/ext/ModelingToolkitSIExt.jl:78
┌ Warning: Floating point value 2.2160402344519965 will be converted to 108885148//49135005.
└ @ ModelingToolkitSIExt ~/ParameterEstimationBenchmark-local/environments/StructuralIdentifiability.jl/ext/ModelingToolkitSIExt.jl:78
┌ Warning: Floating point value 8.0 will be converted to 8.
└ @ ModelingToolkitSIExt ~/ParameterEstimationBenchmark-local/environments/StructuralIdentifiability.jl/ext/ModelingToolkitSIExt.jl:78
┌ Warning: Floating point value 0.5 will be converted to 1//2.
└ @ ModelingToolkitSIExt ~/ParameterEstimationBenchmark-local/environments/StructuralIdentifiability.jl/ext/ModelingToolkitSIExt.jl:78
┌ Warning: Floating point value 0.017205771166312767 will be converted to 8420477//489398407.
└ @ ModelingToolkitSIExt ~/ParameterEstimationBenchmark-local/environments/StructuralIdentifiability.jl/ext/ModelingToolkitSIExt.jl:78
┌ Warning: Floating point value -4.100487235936389 will be converted to -77043415//18788844.
└ @ ModelingToolkitSIExt ~/ParameterEstimationBenchmark-local/environments/StructuralIdentifiability.jl/ext/ModelingToolkitSIExt.jl:78
┌ Warning: Floating point value -0.5 will be converted to -1//2.
└ @ ModelingToolkitSIExt ~/ParameterEstimationBenchmark-local/environments/StructuralIdentifiability.jl/ext/ModelingToolkitSIExt.jl:78
┌ Warning: Floating point value 0.1573268482798266 will be converted to 26295872//167141669.
└ @ ModelingToolkitSIExt ~/ParameterEstimationBenchmark-local/environments/StructuralIdentifiability.jl/ext/ModelingToolkitSIExt.jl:78
┌ Warning: Floating point value 1.1571882016422084 will be converted to 63867986//55192393.
└ @ ModelingToolkitSIExt ~/ParameterEstimationBenchmark-local/environments/StructuralIdentifiability.jl/ext/ModelingToolkitSIExt.jl:78
┌ Warning: Floating point value 0.5 will be converted to 1//2.
└ @ ModelingToolkitSIExt ~/ParameterEstimationBenchmark-local/environments/StructuralIdentifiability.jl/ext/ModelingToolkitSIExt.jl:78
┌ Warning: Floating point value 0.5 will be converted to 1//2.
└ @ ModelingToolkitSIExt ~/ParameterEstimationBenchmark-local/environments/StructuralIdentifiability.jl/ext/ModelingToolkitSIExt.jl:78
┌ Warning: Floating point value 0.5 will be converted to 1//2.
└ @ ModelingToolkitSIExt ~/ParameterEstimationBenchmark-local/environments/StructuralIdentifiability.jl/ext/ModelingToolkitSIExt.jl:78
┌ Warning: Floating point value -0.034411542332625535 will be converted to -15173239//440934581.
└ @ ModelingToolkitSIExt ~/ParameterEstimationBenchmark-local/environments/StructuralIdentifiability.jl/ext/ModelingToolkitSIExt.jl:78
┌ Warning: Floating point value -4.100487235936389 will be converted to -77043415//18788844.
└ @ ModelingToolkitSIExt ~/ParameterEstimationBenchmark-local/environments/StructuralIdentifiability.jl/ext/ModelingToolkitSIExt.jl:78
┌ Warning: Floating point value -0.5 will be converted to -1//2.
└ @ ModelingToolkitSIExt ~/ParameterEstimationBenchmark-local/environments/StructuralIdentifiability.jl/ext/ModelingToolkitSIExt.jl:78
┌ Warning: Floating point value 8.0 will be converted to 8.
└ @ ModelingToolkitSIExt ~/ParameterEstimationBenchmark-local/environments/StructuralIdentifiability.jl/ext/ModelingToolkitSIExt.jl:78
┌ Warning: Floating point value 0.5 will be converted to 1//2.
└ @ ModelingToolkitSIExt ~/ParameterEstimationBenchmark-local/environments/StructuralIdentifiability.jl/ext/ModelingToolkitSIExt.jl:78
[ Info: Getting polynomial system from SIAN
[ Info: Built polynomial system with 9 equations
[ Info: [SI-TEMPLATE] algebraic_multiplicity M = 1  (setup 0.0s, Groebner 0.0s, quotient_basis 0.0s, ring: 8 vars × 10 polys)
[ Info: [DEBUG-ALG-INDEP] Input: 9 equations, 7 indeterminates
[ Info: [DEBUG-ALG-INDEP] Jacobian size: (9, 7)
[ Info: [DEBUG-ALG-INDEP] Jacobian rank: 7
[ Info: [DEBUG-ALG-INDEP] Found 7 pivot columns
[ Info: [DEBUG-ALG-INDEP] Selected 7 equations (current_rank=7)
[ Info: [DEBUG-ALG-INDEP] Returning: output_ids=[1, 2, 3, 4, 5, 6, 7], alg_indep has 0 vars
[ Info: Reduced polynomial system to 7 equations
┌ Info: [SI-MAP] Extending DerivativeData support for SI template
│   current_order = -1
└   required_order = 5
[ Info: Checking identifiability
┌ Warning: There are no parameters in the given ODE, thus no identifiabile
│ functions.
│ Use `find_identifiable_functions` with keyword `with_states=true` to
│ compute the functions with the ODE states included.
└ @ StructuralIdentifiability ~/ParameterEstimationBenchmark-local/environments/StructuralIdentifiability.jl/src/identifiable_functions.jl:97
┌ Info: [SI-STRUCTURAL] SIAN/SI template summary
│   template_equation_count = 7
│   derivative_symbol_count = 12
│   max_derivative_order = 5
│   structural_unidentifiable_count = 1
└   identifiable_function_count = 1
┌ Info: [SI-MAP] Classified symbolic SI support variables while converting SIAN output
│   counts =
│    Dict{Symbol, Int64} with 2 entries:
│      :state_jet        => 2
│      :measured_rhs_jet => 5
│   samples =
│    Dict{Symbol, Vector{String}} with 2 entries:
│      :state_jet        => ["x6_0", "x6_1"]
└      :measured_rhs_jet => ["x5_0", "x4_0", "x5_1", "x4_1", "x5_2"]
[ Info: Getting equation system from StructuralIdentifiability.jl
[ Info: Converting ODESystem to SI.jl format
┌ Warning: Floating point value -3.256001400848632 will be converted to -159856495//49095954.
└ @ ModelingToolkitSIExt ~/ParameterEstimationBenchmark-local/environments/StructuralIdentifiability.jl/ext/ModelingToolkitSIExt.jl:78
┌ Warning: Floating point value 8.0 will be converted to 8.
└ @ ModelingToolkitSIExt ~/ParameterEstimationBenchmark-local/environments/StructuralIdentifiability.jl/ext/ModelingToolkitSIExt.jl:78
┌ Warning: Floating point value 2.2160037735605695 will be converted to 109612763//49464159.
└ @ ModelingToolkitSIExt ~/ParameterEstimationBenchmark-local/environments/StructuralIdentifiability.jl/ext/ModelingToolkitSIExt.jl:78
┌ Warning: Floating point value 8.0 will be converted to 8.
└ @ ModelingToolkitSIExt ~/ParameterEstimationBenchmark-local/environments/StructuralIdentifiability.jl/ext/ModelingToolkitSIExt.jl:78
┌ Warning: Floating point value -0.13926230032075565 will be converted to -4144321//29759102.
└ @ ModelingToolkitSIExt ~/ParameterEstimationBenchmark-local/environments/StructuralIdentifiability.jl/ext/ModelingToolkitSIExt.jl:78
┌ Warning: Floating point value 3.008801790506543 will be converted to 162214238//53913235.
└ @ ModelingToolkitSIExt ~/ParameterEstimationBenchmark-local/environments/StructuralIdentifiability.jl/ext/ModelingToolkitSIExt.jl:78
┌ Warning: Floating point value 0.5 will be converted to 1//2.
└ @ ModelingToolkitSIExt ~/ParameterEstimationBenchmark-local/environments/StructuralIdentifiability.jl/ext/ModelingToolkitSIExt.jl:78
┌ Warning: Floating point value 0.5 will be converted to 1//2.
└ @ ModelingToolkitSIExt ~/ParameterEstimationBenchmark-local/environments/StructuralIdentifiability.jl/ext/ModelingToolkitSIExt.jl:78
┌ Warning: Floating point value 3.256001400848632 will be converted to 159856495//49095954.
└ @ ModelingToolkitSIExt ~/ParameterEstimationBenchmark-local/environments/StructuralIdentifiability.jl/ext/ModelingToolkitSIExt.jl:78
┌ Warning: Floating point value 2.2160037735605695 will be converted to 109612763//49464159.
└ @ ModelingToolkitSIExt ~/ParameterEstimationBenchmark-local/environments/StructuralIdentifiability.jl/ext/ModelingToolkitSIExt.jl:78
┌ Warning: Floating point value 8.0 will be converted to 8.
└ @ ModelingToolkitSIExt ~/ParameterEstimationBenchmark-local/environments/StructuralIdentifiability.jl/ext/ModelingToolkitSIExt.jl:78
┌ Warning: Floating point value 0.5 will be converted to 1//2.
└ @ ModelingToolkitSIExt ~/ParameterEstimationBenchmark-local/environments/StructuralIdentifiability.jl/ext/ModelingToolkitSIExt.jl:78
┌ Warning: Floating point value -0.07009274441991116 will be converted to -26107910//372476641.
└ @ ModelingToolkitSIExt ~/ParameterEstimationBenchmark-local/environments/StructuralIdentifiability.jl/ext/ModelingToolkitSIExt.jl:78
┌ Warning: Floating point value -2.023120296173152 will be converted to -106974703//52876096.
└ @ ModelingToolkitSIExt ~/ParameterEstimationBenchmark-local/environments/StructuralIdentifiability.jl/ext/ModelingToolkitSIExt.jl:78
┌ Warning: Floating point value -0.5 will be converted to -1//2.
└ @ ModelingToolkitSIExt ~/ParameterEstimationBenchmark-local/environments/StructuralIdentifiability.jl/ext/ModelingToolkitSIExt.jl:78
┌ Warning: Floating point value 0.13926230032075565 will be converted to 4144321//29759102.
└ @ ModelingToolkitSIExt ~/ParameterEstimationBenchmark-local/environments/StructuralIdentifiability.jl/ext/ModelingToolkitSIExt.jl:78
┌ Warning: Floating point value 3.008801790506543 will be converted to 162214238//53913235.
└ @ ModelingToolkitSIExt ~/ParameterEstimationBenchmark-local/environments/StructuralIdentifiability.jl/ext/ModelingToolkitSIExt.jl:78
┌ Warning: Floating point value 0.5 will be converted to 1//2.
└ @ ModelingToolkitSIExt ~/ParameterEstimationBenchmark-local/environments/StructuralIdentifiability.jl/ext/ModelingToolkitSIExt.jl:78
┌ Warning: Floating point value 0.5 will be converted to 1//2.
└ @ ModelingToolkitSIExt ~/ParameterEstimationBenchmark-local/environments/StructuralIdentifiability.jl/ext/ModelingToolkitSIExt.jl:78
┌ Warning: Floating point value 0.5 will be converted to 1//2.
└ @ ModelingToolkitSIExt ~/ParameterEstimationBenchmark-local/environments/StructuralIdentifiability.jl/ext/ModelingToolkitSIExt.jl:78
┌ Warning: Floating point value 0.14018548883982232 will be converted to 34357321//245084718.
└ @ ModelingToolkitSIExt ~/ParameterEstimationBenchmark-local/environments/StructuralIdentifiability.jl/ext/ModelingToolkitSIExt.jl:78
┌ Warning: Floating point value -2.023120296173152 will be converted to -106974703//52876096.
└ @ ModelingToolkitSIExt ~/ParameterEstimationBenchmark-local/environments/StructuralIdentifiability.jl/ext/ModelingToolkitSIExt.jl:78
┌ Warning: Floating point value -0.5 will be converted to -1//2.
└ @ ModelingToolkitSIExt ~/ParameterEstimationBenchmark-local/environments/StructuralIdentifiability.jl/ext/ModelingToolkitSIExt.jl:78
┌ Warning: Floating point value 8.0 will be converted to 8.
└ @ ModelingToolkitSIExt ~/ParameterEstimationBenchmark-local/environments/StructuralIdentifiability.jl/ext/ModelingToolkitSIExt.jl:78
┌ Warning: Floating point value 0.5 will be converted to 1//2.
└ @ ModelingToolkitSIExt ~/ParameterEstimationBenchmark-local/environments/StructuralIdentifiability.jl/ext/ModelingToolkitSIExt.jl:78
[ Info: Getting polynomial system from SIAN
[ Info: Built polynomial system with 9 equations
[ Info: [SI-TEMPLATE] algebraic_multiplicity M = 1  (setup 0.0s, Groebner 0.0s, quotient_basis 0.0s, ring: 8 vars × 10 polys)
[ Info: [DEBUG-ALG-INDEP] Input: 9 equations, 7 indeterminates
[ Info: [DEBUG-ALG-INDEP] Jacobian size: (9, 7)
[ Info: [DEBUG-ALG-INDEP] Jacobian rank: 7
[ Info: [DEBUG-ALG-INDEP] Found 7 pivot columns
[ Info: [DEBUG-ALG-INDEP] Selected 7 equations (current_rank=7)
[ Info: [DEBUG-ALG-INDEP] Returning: output_ids=[1, 2, 3, 4, 5, 6, 7], alg_indep has 0 vars
[ Info: Reduced polynomial system to 7 equations
┌ Info: [SI-MAP] Extending DerivativeData support for SI template
│   current_order = -1
└   required_order = 5
[ Info: Checking identifiability
┌ Warning: There are no parameters in the given ODE, thus no identifiabile
│ functions.
│ Use `find_identifiable_functions` with keyword `with_states=true` to
│ compute the functions with the ODE states included.
└ @ StructuralIdentifiability ~/ParameterEstimationBenchmark-local/environments/StructuralIdentifiability.jl/src/identifiable_functions.jl:97
┌ Info: [SI-STRUCTURAL] SIAN/SI template summary
│   template_equation_count = 7
│   derivative_symbol_count = 12
│   max_derivative_order = 5
│   structural_unidentifiable_count = 1
└   identifiable_function_count = 1
┌ Info: [SI-MAP] Classified symbolic SI support variables while converting SIAN output
│   counts =
│    Dict{Symbol, Int64} with 2 entries:
│      :state_jet        => 2
│      :measured_rhs_jet => 5
│   samples =
│    Dict{Symbol, Vector{String}} with 2 entries:
│      :state_jet        => ["x6_0", "x6_1"]
└      :measured_rhs_jet => ["x5_0", "x4_0", "x5_1", "x4_1", "x5_2"]
[ Info: Getting equation system from StructuralIdentifiability.jl
[ Info: Converting ODESystem to SI.jl format
┌ Warning: Floating point value -3.2559608787320107 will be converted to -492706792//151324543.
└ @ ModelingToolkitSIExt ~/ParameterEstimationBenchmark-local/environments/StructuralIdentifiability.jl/ext/ModelingToolkitSIExt.jl:78
┌ Warning: Floating point value 8.0 will be converted to 8.
└ @ ModelingToolkitSIExt ~/ParameterEstimationBenchmark-local/environments/StructuralIdentifiability.jl/ext/ModelingToolkitSIExt.jl:78
┌ Warning: Floating point value 2.2159339096612363 will be converted to 57023476//25733383.
└ @ ModelingToolkitSIExt ~/ParameterEstimationBenchmark-local/environments/StructuralIdentifiability.jl/ext/ModelingToolkitSIExt.jl:78
┌ Warning: Floating point value 8.0 will be converted to 8.
└ @ ModelingToolkitSIExt ~/ParameterEstimationBenchmark-local/environments/StructuralIdentifiability.jl/ext/ModelingToolkitSIExt.jl:78
┌ Warning: Floating point value -0.1576145068074866 will be converted to -15731047//99807101.
└ @ ModelingToolkitSIExt ~/ParameterEstimationBenchmark-local/environments/StructuralIdentifiability.jl/ext/ModelingToolkitSIExt.jl:78
┌ Warning: Floating point value 1.1872301895273818 will be converted to 97574719//82186858.
└ @ ModelingToolkitSIExt ~/ParameterEstimationBenchmark-local/environments/StructuralIdentifiability.jl/ext/ModelingToolkitSIExt.jl:78
┌ Warning: Floating point value 0.5 will be converted to 1//2.
└ @ ModelingToolkitSIExt ~/ParameterEstimationBenchmark-local/environments/StructuralIdentifiability.jl/ext/ModelingToolkitSIExt.jl:78
┌ Warning: Floating point value 0.5 will be converted to 1//2.
└ @ ModelingToolkitSIExt ~/ParameterEstimationBenchmark-local/environments/StructuralIdentifiability.jl/ext/ModelingToolkitSIExt.jl:78
┌ Warning: Floating point value 3.2559608787320107 will be converted to 492706792//151324543.
└ @ ModelingToolkitSIExt ~/ParameterEstimationBenchmark-local/environments/StructuralIdentifiability.jl/ext/ModelingToolkitSIExt.jl:78
┌ Warning: Floating point value 2.2159339096612363 will be converted to 57023476//25733383.
└ @ ModelingToolkitSIExt ~/ParameterEstimationBenchmark-local/environments/StructuralIdentifiability.jl/ext/ModelingToolkitSIExt.jl:78
┌ Warning: Floating point value 8.0 will be converted to 8.
└ @ ModelingToolkitSIExt ~/ParameterEstimationBenchmark-local/environments/StructuralIdentifiability.jl/ext/ModelingToolkitSIExt.jl:78
┌ Warning: Floating point value 0.5 will be converted to 1//2.
└ @ ModelingToolkitSIExt ~/ParameterEstimationBenchmark-local/environments/StructuralIdentifiability.jl/ext/ModelingToolkitSIExt.jl:78
┌ Warning: Floating point value 0.006227260194218554 will be converted to 8267527//1327634745.
└ @ ModelingToolkitSIExt ~/ParameterEstimationBenchmark-local/environments/StructuralIdentifiability.jl/ext/ModelingToolkitSIExt.jl:78
┌ Warning: Floating point value -12.267976665888503 will be converted to -171999008//14020161.
└ @ ModelingToolkitSIExt ~/ParameterEstimationBenchmark-local/environments/StructuralIdentifiability.jl/ext/ModelingToolkitSIExt.jl:78
┌ Warning: Floating point value -0.5 will be converted to -1//2.
└ @ ModelingToolkitSIExt ~/ParameterEstimationBenchmark-local/environments/StructuralIdentifiability.jl/ext/ModelingToolkitSIExt.jl:78
┌ Warning: Floating point value 0.1576145068074866 will be converted to 15731047//99807101.
└ @ ModelingToolkitSIExt ~/ParameterEstimationBenchmark-local/environments/StructuralIdentifiability.jl/ext/ModelingToolkitSIExt.jl:78
┌ Warning: Floating point value 1.1872301895273818 will be converted to 97574719//82186858.
└ @ ModelingToolkitSIExt ~/ParameterEstimationBenchmark-local/environments/StructuralIdentifiability.jl/ext/ModelingToolkitSIExt.jl:78
┌ Warning: Floating point value 0.5 will be converted to 1//2.
└ @ ModelingToolkitSIExt ~/ParameterEstimationBenchmark-local/environments/StructuralIdentifiability.jl/ext/ModelingToolkitSIExt.jl:78
┌ Warning: Floating point value 0.5 will be converted to 1//2.
└ @ ModelingToolkitSIExt ~/ParameterEstimationBenchmark-local/environments/StructuralIdentifiability.jl/ext/ModelingToolkitSIExt.jl:78
┌ Warning: Floating point value 0.5 will be converted to 1//2.
└ @ ModelingToolkitSIExt ~/ParameterEstimationBenchmark-local/environments/StructuralIdentifiability.jl/ext/ModelingToolkitSIExt.jl:78
┌ Warning: Floating point value -0.012454520388437107 will be converted to -12742017//1023083716.
└ @ ModelingToolkitSIExt ~/ParameterEstimationBenchmark-local/environments/StructuralIdentifiability.jl/ext/ModelingToolkitSIExt.jl:78
┌ Warning: Floating point value -12.267976665888503 will be converted to -171999008//14020161.
└ @ ModelingToolkitSIExt ~/ParameterEstimationBenchmark-local/environments/StructuralIdentifiability.jl/ext/ModelingToolkitSIExt.jl:78
┌ Warning: Floating point value -0.5 will be converted to -1//2.
└ @ ModelingToolkitSIExt ~/ParameterEstimationBenchmark-local/environments/StructuralIdentifiability.jl/ext/ModelingToolkitSIExt.jl:78
┌ Warning: Floating point value 8.0 will be converted to 8.
└ @ ModelingToolkitSIExt ~/ParameterEstimationBenchmark-local/environments/StructuralIdentifiability.jl/ext/ModelingToolkitSIExt.jl:78
┌ Warning: Floating point value 0.5 will be converted to 1//2.
└ @ ModelingToolkitSIExt ~/ParameterEstimationBenchmark-local/environments/StructuralIdentifiability.jl/ext/ModelingToolkitSIExt.jl:78
[ Info: Getting polynomial system from SIAN
[ Info: Built polynomial system with 9 equations
[ Info: [SI-TEMPLATE] algebraic_multiplicity M = 1  (setup 0.0s, Groebner 0.0s, quotient_basis 0.0s, ring: 8 vars × 10 polys)
[ Info: [DEBUG-ALG-INDEP] Input: 9 equations, 7 indeterminates
[ Info: [DEBUG-ALG-INDEP] Jacobian size: (9, 7)
[ Info: [DEBUG-ALG-INDEP] Jacobian rank: 7
[ Info: [DEBUG-ALG-INDEP] Found 7 pivot columns
[ Info: [DEBUG-ALG-INDEP] Selected 7 equations (current_rank=7)
[ Info: [DEBUG-ALG-INDEP] Returning: output_ids=[1, 2, 3, 4, 5, 6, 7], alg_indep has 0 vars
[ Info: Reduced polynomial system to 7 equations
┌ Info: [SI-MAP] Extending DerivativeData support for SI template
│   current_order = -1
└   required_order = 5
[ Info: Checking identifiability
┌ Warning: There are no parameters in the given ODE, thus no identifiabile
│ functions.
│ Use `find_identifiable_functions` with keyword `with_states=true` to
│ compute the functions with the ODE states included.
└ @ StructuralIdentifiability ~/ParameterEstimationBenchmark-local/environments/StructuralIdentifiability.jl/src/identifiable_functions.jl:97
┌ Info: [SI-STRUCTURAL] SIAN/SI template summary
│   template_equation_count = 7
│   derivative_symbol_count = 12
│   max_derivative_order = 5
│   structural_unidentifiable_count = 1
└   identifiable_function_count = 1
┌ Info: [SI-MAP] Classified symbolic SI support variables while converting SIAN output
│   counts =
│    Dict{Symbol, Int64} with 2 entries:
│      :state_jet        => 2
│      :measured_rhs_jet => 5
│   samples =
│    Dict{Symbol, Vector{String}} with 2 entries:
│      :state_jet        => ["x6_0", "x6_1"]
└      :measured_rhs_jet => ["x5_0", "x4_0", "x5_1", "x4_1", "x5_2"]
[ Info: Getting equation system from StructuralIdentifiability.jl
[ Info: Converting ODESystem to SI.jl format
┌ Warning: Floating point value -3.2559608787320107 will be converted to -492706792//151324543.
└ @ ModelingToolkitSIExt ~/ParameterEstimationBenchmark-local/environments/StructuralIdentifiability.jl/ext/ModelingToolkitSIExt.jl:78
┌ Warning: Floating point value 8.0 will be converted to 8.
└ @ ModelingToolkitSIExt ~/ParameterEstimationBenchmark-local/environments/StructuralIdentifiability.jl/ext/ModelingToolkitSIExt.jl:78
┌ Warning: Floating point value 2.2159339096612363 will be converted to 57023476//25733383.
└ @ ModelingToolkitSIExt ~/ParameterEstimationBenchmark-local/environments/StructuralIdentifiability.jl/ext/ModelingToolkitSIExt.jl:78
┌ Warning: Floating point value 8.0 will be converted to 8.
└ @ ModelingToolkitSIExt ~/ParameterEstimationBenchmark-local/environments/StructuralIdentifiability.jl/ext/ModelingToolkitSIExt.jl:78
┌ Warning: Floating point value -0.12078954352911538 will be converted to -27900629//230985466.
└ @ ModelingToolkitSIExt ~/ParameterEstimationBenchmark-local/environments/StructuralIdentifiability.jl/ext/ModelingToolkitSIExt.jl:78
┌ Warning: Floating point value 1.2530916586777232 will be converted to 63151727//50396734.
└ @ ModelingToolkitSIExt ~/ParameterEstimationBenchmark-local/environments/StructuralIdentifiability.jl/ext/ModelingToolkitSIExt.jl:78
┌ Warning: Floating point value 0.5 will be converted to 1//2.
└ @ ModelingToolkitSIExt ~/ParameterEstimationBenchmark-local/environments/StructuralIdentifiability.jl/ext/ModelingToolkitSIExt.jl:78
┌ Warning: Floating point value 0.5 will be converted to 1//2.
└ @ ModelingToolkitSIExt ~/ParameterEstimationBenchmark-local/environments/StructuralIdentifiability.jl/ext/ModelingToolkitSIExt.jl:78
┌ Warning: Floating point value 3.2559608787320107 will be converted to 492706792//151324543.
└ @ ModelingToolkitSIExt ~/ParameterEstimationBenchmark-local/environments/StructuralIdentifiability.jl/ext/ModelingToolkitSIExt.jl:78
┌ Warning: Floating point value 2.2159339096612363 will be converted to 57023476//25733383.
└ @ ModelingToolkitSIExt ~/ParameterEstimationBenchmark-local/environments/StructuralIdentifiability.jl/ext/ModelingToolkitSIExt.jl:78
┌ Warning: Floating point value 8.0 will be converted to 8.
└ @ ModelingToolkitSIExt ~/ParameterEstimationBenchmark-local/environments/StructuralIdentifiability.jl/ext/ModelingToolkitSIExt.jl:78
┌ Warning: Floating point value 0.5 will be converted to 1//2.
└ @ ModelingToolkitSIExt ~/ParameterEstimationBenchmark-local/environments/StructuralIdentifiability.jl/ext/ModelingToolkitSIExt.jl:78
┌ Warning: Floating point value -2.9583151296019907 will be converted to -138547799//46833347.
└ @ ModelingToolkitSIExt ~/ParameterEstimationBenchmark-local/environments/StructuralIdentifiability.jl/ext/ModelingToolkitSIExt.jl:78
┌ Warning: Floating point value -0.3191761495299248 will be converted to -24090411//75476852.
└ @ ModelingToolkitSIExt ~/ParameterEstimationBenchmark-local/environments/StructuralIdentifiability.jl/ext/ModelingToolkitSIExt.jl:78
┌ Warning: Floating point value -0.5 will be converted to -1//2.
└ @ ModelingToolkitSIExt ~/ParameterEstimationBenchmark-local/environments/StructuralIdentifiability.jl/ext/ModelingToolkitSIExt.jl:78
┌ Warning: Floating point value 0.12078954352911538 will be converted to 27900629//230985466.
└ @ ModelingToolkitSIExt ~/ParameterEstimationBenchmark-local/environments/StructuralIdentifiability.jl/ext/ModelingToolkitSIExt.jl:78
┌ Warning: Floating point value 1.2530916586777232 will be converted to 63151727//50396734.
└ @ ModelingToolkitSIExt ~/ParameterEstimationBenchmark-local/environments/StructuralIdentifiability.jl/ext/ModelingToolkitSIExt.jl:78
┌ Warning: Floating point value 0.5 will be converted to 1//2.
└ @ ModelingToolkitSIExt ~/ParameterEstimationBenchmark-local/environments/StructuralIdentifiability.jl/ext/ModelingToolkitSIExt.jl:78
┌ Warning: Floating point value 0.5 will be converted to 1//2.
└ @ ModelingToolkitSIExt ~/ParameterEstimationBenchmark-local/environments/StructuralIdentifiability.jl/ext/ModelingToolkitSIExt.jl:78
┌ Warning: Floating point value 0.5 will be converted to 1//2.
└ @ ModelingToolkitSIExt ~/ParameterEstimationBenchmark-local/environments/StructuralIdentifiability.jl/ext/ModelingToolkitSIExt.jl:78
┌ Warning: Floating point value 5.9166302592039814 will be converted to 144878975//24486738.
└ @ ModelingToolkitSIExt ~/ParameterEstimationBenchmark-local/environments/StructuralIdentifiability.jl/ext/ModelingToolkitSIExt.jl:78
┌ Warning: Floating point value -0.3191761495299248 will be converted to -24090411//75476852.
└ @ ModelingToolkitSIExt ~/ParameterEstimationBenchmark-local/environments/StructuralIdentifiability.jl/ext/ModelingToolkitSIExt.jl:78
┌ Warning: Floating point value -0.5 will be converted to -1//2.
└ @ ModelingToolkitSIExt ~/ParameterEstimationBenchmark-local/environments/StructuralIdentifiability.jl/ext/ModelingToolkitSIExt.jl:78
┌ Warning: Floating point value 8.0 will be converted to 8.
└ @ ModelingToolkitSIExt ~/ParameterEstimationBenchmark-local/environments/StructuralIdentifiability.jl/ext/ModelingToolkitSIExt.jl:78
[CAND 720] ok  max=441b  0.3s
[CAND 723] ok  max=443b  0.3s
[CAND 729] ok  max=465b  0.4s
[CAND 736] ok  max=452b  0.5s
[sweep 132 DONE]
┌ Warning: Floating point value 0.5 will be converted to 1//2.
└ @ ModelingToolkitSIExt ~/ParameterEstimationBenchmark-local/environments/StructuralIdentifiability.jl/ext/ModelingToolkitSIExt.jl:78
[ Info: Getting polynomial system from SIAN
[ Info: Built polynomial system with 9 equations
[ Info: [SI-TEMPLATE] algebraic_multiplicity M = 1  (setup 0.0s, Groebner 0.0s, quotient_basis 0.0s, ring: 8 vars × 10 polys)
[ Info: [DEBUG-ALG-INDEP] Input: 9 equations, 7 indeterminates
[ Info: [DEBUG-ALG-INDEP] Jacobian size: (9, 7)
[ Info: [DEBUG-ALG-INDEP] Jacobian rank: 7
[ Info: [DEBUG-ALG-INDEP] Found 7 pivot columns
[ Info: [DEBUG-ALG-INDEP] Selected 7 equations (current_rank=7)
[ Info: [DEBUG-ALG-INDEP] Returning: output_ids=[1, 2, 3, 4, 5, 6, 7], alg_indep has 0 vars
[ Info: Reduced polynomial system to 7 equations
┌ Info: [SI-MAP] Extending DerivativeData support for SI template
│   current_order = -1
└   required_order = 5
[ Info: Checking identifiability
┌ Warning: There are no parameters in the given ODE, thus no identifiabile
│ functions.
│ Use `find_identifiable_functions` with keyword `with_states=true` to
│ compute the functions with the ODE states included.
└ @ StructuralIdentifiability ~/ParameterEstimationBenchmark-local/environments/StructuralIdentifiability.jl/src/identifiable_functions.jl:97
┌ Info: [SI-STRUCTURAL] SIAN/SI template summary
│   template_equation_count = 7
│   derivative_symbol_count = 12
│   max_derivative_order = 5
│   structural_unidentifiable_count = 1
└   identifiable_function_count = 1
┌ Info: [SI-MAP] Classified symbolic SI support variables while converting SIAN output
│   counts =
│    Dict{Symbol, Int64} with 2 entries:
│      :state_jet        => 2
│      :measured_rhs_jet => 5
│   samples =
│    Dict{Symbol, Vector{String}} with 2 entries:
│      :state_jet        => ["x6_0", "x6_1"]
└      :measured_rhs_jet => ["x5_0", "x4_0", "x5_1", "x4_1", "x5_2"]
[ Info: Getting equation system from StructuralIdentifiability.jl
[ Info: Converting ODESystem to SI.jl format
┌ Warning: Floating point value -3.256491188467074 will be converted to -127727781//39222517.
└ @ ModelingToolkitSIExt ~/ParameterEstimationBenchmark-local/environments/StructuralIdentifiability.jl/ext/ModelingToolkitSIExt.jl:78
┌ Warning: Floating point value 8.0 will be converted to 8.
└ @ ModelingToolkitSIExt ~/ParameterEstimationBenchmark-local/environments/StructuralIdentifiability.jl/ext/ModelingToolkitSIExt.jl:78
┌ Warning: Floating point value 2.2167719955614924 will be converted to 133178891//60077848.
└ @ ModelingToolkitSIExt ~/ParameterEstimationBenchmark-local/environments/StructuralIdentifiability.jl/ext/ModelingToolkitSIExt.jl:78
┌ Warning: Floating point value 8.0 will be converted to 8.
└ @ ModelingToolkitSIExt ~/ParameterEstimationBenchmark-local/environments/StructuralIdentifiability.jl/ext/ModelingToolkitSIExt.jl:78
┌ Warning: Floating point value -0.02427576473316605 will be converted to -22172236//913348611.
└ @ ModelingToolkitSIExt ~/ParameterEstimationBenchmark-local/environments/StructuralIdentifiability.jl/ext/ModelingToolkitSIExt.jl:78
┌ Warning: Floating point value 0.39292476778488356 will be converted to 25664126//65315623.
└ @ ModelingToolkitSIExt ~/ParameterEstimationBenchmark-local/environments/StructuralIdentifiability.jl/ext/ModelingToolkitSIExt.jl:78
┌ Warning: Floating point value 0.5 will be converted to 1//2.
└ @ ModelingToolkitSIExt ~/ParameterEstimationBenchmark-local/environments/StructuralIdentifiability.jl/ext/ModelingToolkitSIExt.jl:78
┌ Warning: Floating point value 0.5 will be converted to 1//2.
└ @ ModelingToolkitSIExt ~/ParameterEstimationBenchmark-local/environments/StructuralIdentifiability.jl/ext/ModelingToolkitSIExt.jl:78
┌ Warning: Floating point value 3.256491188467074 will be converted to 127727781//39222517.
└ @ ModelingToolkitSIExt ~/ParameterEstimationBenchmark-local/environments/StructuralIdentifiability.jl/ext/ModelingToolkitSIExt.jl:78
┌ Warning: Floating point value 2.2167719955614924 will be converted to 133178891//60077848.
└ @ ModelingToolkitSIExt ~/ParameterEstimationBenchmark-local/environments/StructuralIdentifiability.jl/ext/ModelingToolkitSIExt.jl:78
┌ Warning: Floating point value 8.0 will be converted to 8.
└ @ ModelingToolkitSIExt ~/ParameterEstimationBenchmark-local/environments/StructuralIdentifiability.jl/ext/ModelingToolkitSIExt.jl:78
┌ Warning: Floating point value 0.5 will be converted to 1//2.
└ @ ModelingToolkitSIExt ~/ParameterEstimationBenchmark-local/environments/StructuralIdentifiability.jl/ext/ModelingToolkitSIExt.jl:78
┌ Warning: Floating point value -0.07261971003021912 will be converted to -23494093//323522264.
└ @ ModelingToolkitSIExt ~/ParameterEstimationBenchmark-local/environments/StructuralIdentifiability.jl/ext/ModelingToolkitSIExt.jl:78
┌ Warning: Floating point value -2.50596146795752 will be converted to -87389229//34872535.
└ @ ModelingToolkitSIExt ~/ParameterEstimationBenchmark-local/environments/StructuralIdentifiability.jl/ext/ModelingToolkitSIExt.jl:78
┌ Warning: Floating point value -0.5 will be converted to -1//2.
└ @ ModelingToolkitSIExt ~/ParameterEstimationBenchmark-local/environments/StructuralIdentifiability.jl/ext/ModelingToolkitSIExt.jl:78
┌ Warning: Floating point value 0.02427576473316605 will be converted to 22172236//913348611.
└ @ ModelingToolkitSIExt ~/ParameterEstimationBenchmark-local/environments/StructuralIdentifiability.jl/ext/ModelingToolkitSIExt.jl:78
┌ Warning: Floating point value 0.39292476778488356 will be converted to 25664126//65315623.
└ @ ModelingToolkitSIExt ~/ParameterEstimationBenchmark-local/environments/StructuralIdentifiability.jl/ext/ModelingToolkitSIExt.jl:78
┌ Warning: Floating point value 0.5 will be converted to 1//2.
└ @ ModelingToolkitSIExt ~/ParameterEstimationBenchmark-local/environments/StructuralIdentifiability.jl/ext/ModelingToolkitSIExt.jl:78
┌ Warning: Floating point value 0.5 will be converted to 1//2.
└ @ ModelingToolkitSIExt ~/ParameterEstimationBenchmark-local/environments/StructuralIdentifiability.jl/ext/ModelingToolkitSIExt.jl:78
┌ Warning: Floating point value 0.5 will be converted to 1//2.
└ @ ModelingToolkitSIExt ~/ParameterEstimationBenchmark-local/environments/StructuralIdentifiability.jl/ext/ModelingToolkitSIExt.jl:78
┌ Warning: Floating point value 0.14523942006043825 will be converted to 23494093//161761132.
└ @ ModelingToolkitSIExt ~/ParameterEstimationBenchmark-local/environments/StructuralIdentifiability.jl/ext/ModelingToolkitSIExt.jl:78
┌ Warning: Floating point value -2.50596146795752 will be converted to -87389229//34872535.
└ @ ModelingToolkitSIExt ~/ParameterEstimationBenchmark-local/environments/StructuralIdentifiability.jl/ext/ModelingToolkitSIExt.jl:78
┌ Warning: Floating point value -0.5 will be converted to -1//2.
└ @ ModelingToolkitSIExt ~/ParameterEstimationBenchmark-local/environments/StructuralIdentifiability.jl/ext/ModelingToolkitSIExt.jl:78
┌ Warning: Floating point value 8.0 will be converted to 8.
└ @ ModelingToolkitSIExt ~/ParameterEstimationBenchmark-local/environments/StructuralIdentifiability.jl/ext/ModelingToolkitSIExt.jl:78
┌ Warning: Floating point value 0.5 will be converted to 1//2.
└ @ ModelingToolkitSIExt ~/ParameterEstimationBenchmark-local/environments/StructuralIdentifiability.jl/ext/ModelingToolkitSIExt.jl:78
[ Info: Getting polynomial system from SIAN
[ Info: Built polynomial system with 9 equations
[ Info: [SI-TEMPLATE] algebraic_multiplicity M = 1  (setup 0.0s, Groebner 0.0s, quotient_basis 0.0s, ring: 8 vars × 10 polys)
[ Info: [DEBUG-ALG-INDEP] Input: 9 equations, 7 indeterminates
[ Info: [DEBUG-ALG-INDEP] Jacobian size: (9, 7)
[ Info: [DEBUG-ALG-INDEP] Jacobian rank: 7
[ Info: [DEBUG-ALG-INDEP] Found 7 pivot columns
[ Info: [DEBUG-ALG-INDEP] Selected 7 equations (current_rank=7)
[ Info: [DEBUG-ALG-INDEP] Returning: output_ids=[1, 2, 3, 4, 5, 6, 7], alg_indep has 0 vars
[ Info: Reduced polynomial system to 7 equations
┌ Info: [SI-MAP] Extending DerivativeData support for SI template
│   current_order = -1
└   required_order = 5
[ Info: Checking identifiability
┌ Warning: There are no parameters in the given ODE, thus no identifiabile
│ functions.
│ Use `find_identifiable_functions` with keyword `with_states=true` to
│ compute the functions with the ODE states included.
└ @ StructuralIdentifiability ~/ParameterEstimationBenchmark-local/environments/StructuralIdentifiability.jl/src/identifiable_functions.jl:97
┌ Info: [SI-STRUCTURAL] SIAN/SI template summary
│   template_equation_count = 7
│   derivative_symbol_count = 12
│   max_derivative_order = 5
│   structural_unidentifiable_count = 1
└   identifiable_function_count = 1
┌ Info: [SI-MAP] Classified symbolic SI support variables while converting SIAN output
│   counts =
│    Dict{Symbol, Int64} with 2 entries:
│      :state_jet        => 2
│      :measured_rhs_jet => 5
│   samples =
│    Dict{Symbol, Vector{String}} with 2 entries:
│      :state_jet        => ["x6_0", "x6_1"]
└      :measured_rhs_jet => ["x5_0", "x4_0", "x5_1", "x4_1", "x5_2"]
[ Info: Getting equation system from StructuralIdentifiability.jl
[ Info: Converting ODESystem to SI.jl format
┌ Warning: Floating point value -3.2560014858762387 will be converted to -186453385//57264527.
└ @ ModelingToolkitSIExt ~/ParameterEstimationBenchmark-local/environments/StructuralIdentifiability.jl/ext/ModelingToolkitSIExt.jl:78
┌ Warning: Floating point value 8.0 will be converted to 8.
└ @ ModelingToolkitSIExt ~/ParameterEstimationBenchmark-local/environments/StructuralIdentifiability.jl/ext/ModelingToolkitSIExt.jl:78
┌ Warning: Floating point value 2.2160140731753852 will be converted to 118087687//53288329.
└ @ ModelingToolkitSIExt ~/ParameterEstimationBenchmark-local/environments/StructuralIdentifiability.jl/ext/ModelingToolkitSIExt.jl:78
┌ Warning: Floating point value 8.0 will be converted to 8.
└ @ ModelingToolkitSIExt ~/ParameterEstimationBenchmark-local/environments/StructuralIdentifiability.jl/ext/ModelingToolkitSIExt.jl:78
┌ Warning: Floating point value -1.0380076545373778 will be converted to -152259093//146683979.
└ @ ModelingToolkitSIExt ~/ParameterEstimationBenchmark-local/environments/StructuralIdentifiability.jl/ext/ModelingToolkitSIExt.jl:78
┌ Warning: Floating point value 25.78250442726584 will be converted to 890700884//34546717.
└ @ ModelingToolkitSIExt ~/ParameterEstimationBenchmark-local/environments/StructuralIdentifiability.jl/ext/ModelingToolkitSIExt.jl:78
┌ Warning: Floating point value 0.5 will be converted to 1//2.
└ @ ModelingToolkitSIExt ~/ParameterEstimationBenchmark-local/environments/StructuralIdentifiability.jl/ext/ModelingToolkitSIExt.jl:78
┌ Warning: Floating point value 0.5 will be converted to 1//2.
└ @ ModelingToolkitSIExt ~/ParameterEstimationBenchmark-local/environments/StructuralIdentifiability.jl/ext/ModelingToolkitSIExt.jl:78
┌ Warning: Floating point value 3.2560014858762387 will be converted to 186453385//57264527.
└ @ ModelingToolkitSIExt ~/ParameterEstimationBenchmark-local/environments/StructuralIdentifiability.jl/ext/ModelingToolkitSIExt.jl:78
┌ Warning: Floating point value 2.2160140731753852 will be converted to 118087687//53288329.
└ @ ModelingToolkitSIExt ~/ParameterEstimationBenchmark-local/environments/StructuralIdentifiability.jl/ext/ModelingToolkitSIExt.jl:78
┌ Warning: Floating point value 8.0 will be converted to 8.
└ @ ModelingToolkitSIExt ~/ParameterEstimationBenchmark-local/environments/StructuralIdentifiability.jl/ext/ModelingToolkitSIExt.jl:78
┌ Warning: Floating point value 0.5 will be converted to 1//2.
└ @ ModelingToolkitSIExt ~/ParameterEstimationBenchmark-local/environments/StructuralIdentifiability.jl/ext/ModelingToolkitSIExt.jl:78
┌ Warning: Floating point value 0.0028902609317088316 will be converted to 2051371//709752873.
└ @ ModelingToolkitSIExt ~/ParameterEstimationBenchmark-local/environments/StructuralIdentifiability.jl/ext/ModelingToolkitSIExt.jl:78
┌ Warning: Floating point value -29.242764544812843 will be converted to -356817084//12201893.
└ @ ModelingToolkitSIExt ~/ParameterEstimationBenchmark-local/environments/StructuralIdentifiability.jl/ext/ModelingToolkitSIExt.jl:78
┌ Warning: Floating point value -0.5 will be converted to -1//2.
└ @ ModelingToolkitSIExt ~/ParameterEstimationBenchmark-local/environments/StructuralIdentifiability.jl/ext/ModelingToolkitSIExt.jl:78
┌ Warning: Floating point value 1.0380076545373778 will be converted to 152259093//146683979.
└ @ ModelingToolkitSIExt ~/ParameterEstimationBenchmark-local/environments/StructuralIdentifiability.jl/ext/ModelingToolkitSIExt.jl:78
┌ Warning: Floating point value 25.78250442726584 will be converted to 890700884//34546717.
└ @ ModelingToolkitSIExt ~/ParameterEstimationBenchmark-local/environments/StructuralIdentifiability.jl/ext/ModelingToolkitSIExt.jl:78
┌ Warning: Floating point value 0.5 will be converted to 1//2.
└ @ ModelingToolkitSIExt ~/ParameterEstimationBenchmark-local/environments/StructuralIdentifiability.jl/ext/ModelingToolkitSIExt.jl:78
┌ Warning: Floating point value 0.5 will be converted to 1//2.
└ @ ModelingToolkitSIExt ~/ParameterEstimationBenchmark-local/environments/StructuralIdentifiability.jl/ext/ModelingToolkitSIExt.jl:78
┌ Warning: Floating point value 0.5 will be converted to 1//2.
└ @ ModelingToolkitSIExt ~/ParameterEstimationBenchmark-local/environments/StructuralIdentifiability.jl/ext/ModelingToolkitSIExt.jl:78
┌ Warning: Floating point value -0.005780521863417663 will be converted to -4102742//709752873.
└ @ ModelingToolkitSIExt ~/ParameterEstimationBenchmark-local/environments/StructuralIdentifiability.jl/ext/ModelingToolkitSIExt.jl:78
┌ Warning: Floating point value -29.242764544812843 will be converted to -356817084//12201893.
└ @ ModelingToolkitSIExt ~/ParameterEstimationBenchmark-local/environments/StructuralIdentifiability.jl/ext/ModelingToolkitSIExt.jl:78
┌ Warning: Floating point value -0.5 will be converted to -1//2.
└ @ ModelingToolkitSIExt ~/ParameterEstimationBenchmark-local/environments/StructuralIdentifiability.jl/ext/ModelingToolkitSIExt.jl:78
┌ Warning: Floating point value 8.0 will be converted to 8.
└ @ ModelingToolkitSIExt ~/ParameterEstimationBenchmark-local/environments/StructuralIdentifiability.jl/ext/ModelingToolkitSIExt.jl:78
┌ Warning: Floating point value 0.5 will be converted to 1//2.
└ @ ModelingToolkitSIExt ~/ParameterEstimationBenchmark-local/environments/StructuralIdentifiability.jl/ext/ModelingToolkitSIExt.jl:78
[ Info: Getting polynomial system from SIAN
[ Info: Built polynomial system with 9 equations
[ Info: [SI-TEMPLATE] algebraic_multiplicity M = 1  (setup 0.0s, Groebner 0.0s, quotient_basis 0.0s, ring: 8 vars × 10 polys)
[ Info: [DEBUG-ALG-INDEP] Input: 9 equations, 7 indeterminates
[ Info: [DEBUG-ALG-INDEP] Jacobian size: (9, 7)
[ Info: [DEBUG-ALG-INDEP] Jacobian rank: 7
[ Info: [DEBUG-ALG-INDEP] Found 7 pivot columns
[ Info: [DEBUG-ALG-INDEP] Selected 7 equations (current_rank=7)
[ Info: [DEBUG-ALG-INDEP] Returning: output_ids=[1, 2, 3, 4, 5, 6, 7], alg_indep has 0 vars
[ Info: Reduced polynomial system to 7 equations
┌ Info: [SI-MAP] Extending DerivativeData support for SI template
│   current_order = -1
└   required_order = 5
[ Info: Checking identifiability
┌ Warning: There are no parameters in the given ODE, thus no identifiabile
│ functions.
│ Use `find_identifiable_functions` with keyword `with_states=true` to
│ compute the functions with the ODE states included.
└ @ StructuralIdentifiability ~/ParameterEstimationBenchmark-local/environments/StructuralIdentifiability.jl/src/identifiable_functions.jl:97
┌ Info: [SI-STRUCTURAL] SIAN/SI template summary
│   template_equation_count = 7
│   derivative_symbol_count = 12
│   max_derivative_order = 5
│   structural_unidentifiable_count = 1
└   identifiable_function_count = 1
┌ Info: [SI-MAP] Classified symbolic SI support variables while converting SIAN output
│   counts =
│    Dict{Symbol, Int64} with 2 entries:
│      :state_jet        => 2
│      :measured_rhs_jet => 5
│   samples =
│    Dict{Symbol, Vector{String}} with 2 entries:
│      :state_jet        => ["x6_0", "x6_1"]
└      :measured_rhs_jet => ["x5_0", "x4_0", "x5_1", "x4_1", "x5_2"]
[ Info: Getting equation system from StructuralIdentifiability.jl
[ Info: Converting ODESystem to SI.jl format
┌ Warning: Floating point value -3.2560053499040116 will be converted to -208397819//64004139.
└ @ ModelingToolkitSIExt ~/ParameterEstimationBenchmark-local/environments/StructuralIdentifiability.jl/ext/ModelingToolkitSIExt.jl:78
┌ Warning: Floating point value 8.0 will be converted to 8.
└ @ ModelingToolkitSIExt ~/ParameterEstimationBenchmark-local/environments/StructuralIdentifiability.jl/ext/ModelingToolkitSIExt.jl:78
┌ Warning: Floating point value 2.2160200536075996 will be converted to 112371013//50708482.
└ @ ModelingToolkitSIExt ~/ParameterEstimationBenchmark-local/environments/StructuralIdentifiability.jl/ext/ModelingToolkitSIExt.jl:78
┌ Warning: Floating point value 8.0 will be converted to 8.
└ @ ModelingToolkitSIExt ~/ParameterEstimationBenchmark-local/environments/StructuralIdentifiability.jl/ext/ModelingToolkitSIExt.jl:78
┌ Warning: Floating point value -0.8534697299921457 will be converted to -94903737//111197543.
└ @ ModelingToolkitSIExt ~/ParameterEstimationBenchmark-local/environments/StructuralIdentifiability.jl/ext/ModelingToolkitSIExt.jl:78
┌ Warning: Floating point value 20.62527607227584 will be converted to 244823677//11870080.
└ @ ModelingToolkitSIExt ~/ParameterEstimationBenchmark-local/environments/StructuralIdentifiability.jl/ext/ModelingToolkitSIExt.jl:78
┌ Warning: Floating point value 0.5 will be converted to 1//2.
└ @ ModelingToolkitSIExt ~/ParameterEstimationBenchmark-local/environments/StructuralIdentifiability.jl/ext/ModelingToolkitSIExt.jl:78
┌ Warning: Floating point value 0.5 will be converted to 1//2.
└ @ ModelingToolkitSIExt ~/ParameterEstimationBenchmark-local/environments/StructuralIdentifiability.jl/ext/ModelingToolkitSIExt.jl:78
┌ Warning: Floating point value 3.2560053499040116 will be converted to 208397819//64004139.
└ @ ModelingToolkitSIExt ~/ParameterEstimationBenchmark-local/environments/StructuralIdentifiability.jl/ext/ModelingToolkitSIExt.jl:78
┌ Warning: Floating point value 2.2160200536075996 will be converted to 112371013//50708482.
└ @ ModelingToolkitSIExt ~/ParameterEstimationBenchmark-local/environments/StructuralIdentifiability.jl/ext/ModelingToolkitSIExt.jl:78
┌ Warning: Floating point value 8.0 will be converted to 8.
└ @ ModelingToolkitSIExt ~/ParameterEstimationBenchmark-local/environments/StructuralIdentifiability.jl/ext/ModelingToolkitSIExt.jl:78
┌ Warning: Floating point value 0.5 will be converted to 1//2.
└ @ ModelingToolkitSIExt ~/ParameterEstimationBenchmark-local/environments/StructuralIdentifiability.jl/ext/ModelingToolkitSIExt.jl:78
┌ Warning: Floating point value 0.0036112917465078095 will be converted to 4559984//1262701637.
└ @ ModelingToolkitSIExt ~/ParameterEstimationBenchmark-local/environments/StructuralIdentifiability.jl/ext/ModelingToolkitSIExt.jl:78
┌ Warning: Floating point value -23.12613009135842 will be converted to -502832441//21743043.
└ @ ModelingToolkitSIExt ~/ParameterEstimationBenchmark-local/environments/StructuralIdentifiability.jl/ext/ModelingToolkitSIExt.jl:78
┌ Warning: Floating point value -0.5 will be converted to -1//2.
└ @ ModelingToolkitSIExt ~/ParameterEstimationBenchmark-local/environments/StructuralIdentifiability.jl/ext/ModelingToolkitSIExt.jl:78
┌ Warning: Floating point value 0.8534697299921457 will be converted to 94903737//111197543.
└ @ ModelingToolkitSIExt ~/ParameterEstimationBenchmark-local/environments/StructuralIdentifiability.jl/ext/ModelingToolkitSIExt.jl:78
┌ Warning: Floating point value 20.62527607227584 will be converted to 244823677//11870080.
└ @ ModelingToolkitSIExt ~/ParameterEstimationBenchmark-local/environments/StructuralIdentifiability.jl/ext/ModelingToolkitSIExt.jl:78
┌ Warning: Floating point value 0.5 will be converted to 1//2.
└ @ ModelingToolkitSIExt ~/ParameterEstimationBenchmark-local/environments/StructuralIdentifiability.jl/ext/ModelingToolkitSIExt.jl:78
┌ Warning: Floating point value 0.5 will be converted to 1//2.
└ @ ModelingToolkitSIExt ~/ParameterEstimationBenchmark-local/environments/StructuralIdentifiability.jl/ext/ModelingToolkitSIExt.jl:78
┌ Warning: Floating point value 0.5 will be converted to 1//2.
└ @ ModelingToolkitSIExt ~/ParameterEstimationBenchmark-local/environments/StructuralIdentifiability.jl/ext/ModelingToolkitSIExt.jl:78
┌ Warning: Floating point value -0.007222583493015619 will be converted to -8516749//1179183184.
└ @ ModelingToolkitSIExt ~/ParameterEstimationBenchmark-local/environments/StructuralIdentifiability.jl/ext/ModelingToolkitSIExt.jl:78
┌ Warning: Floating point value -23.12613009135842 will be converted to -502832441//21743043.
└ @ ModelingToolkitSIExt ~/ParameterEstimationBenchmark-local/environments/StructuralIdentifiability.jl/ext/ModelingToolkitSIExt.jl:78
┌ Warning: Floating point value -0.5 will be converted to -1//2.
└ @ ModelingToolkitSIExt ~/ParameterEstimationBenchmark-local/environments/StructuralIdentifiability.jl/ext/ModelingToolkitSIExt.jl:78
┌ Warning: Floating point value 8.0 will be converted to 8.
└ @ ModelingToolkitSIExt ~/ParameterEstimationBenchmark-local/environments/StructuralIdentifiability.jl/ext/ModelingToolkitSIExt.jl:78
┌ Warning: Floating point value 0.5 will be converted to 1//2.
└ @ ModelingToolkitSIExt ~/ParameterEstimationBenchmark-local/environments/StructuralIdentifiability.jl/ext/ModelingToolkitSIExt.jl:78
[ Info: Getting polynomial system from SIAN
[ Info: Built polynomial system with 9 equations
[ Info: [SI-TEMPLATE] algebraic_multiplicity M = 1  (setup 0.0s, Groebner 0.0s, quotient_basis 0.0s, ring: 8 vars × 10 polys)
[ Info: [DEBUG-ALG-INDEP] Input: 9 equations, 7 indeterminates
[ Info: [DEBUG-ALG-INDEP] Jacobian size: (9, 7)
[ Info: [DEBUG-ALG-INDEP] Jacobian rank: 7
[ Info: [DEBUG-ALG-INDEP] Found 7 pivot columns
[ Info: [DEBUG-ALG-INDEP] Selected 7 equations (current_rank=7)
[ Info: [DEBUG-ALG-INDEP] Returning: output_ids=[1, 2, 3, 4, 5, 6, 7], alg_indep has 0 vars
[ Info: Reduced polynomial system to 7 equations
┌ Info: [SI-MAP] Extending DerivativeData support for SI template
│   current_order = -1
└   required_order = 5
[ Info: Checking identifiability
┌ Warning: There are no parameters in the given ODE, thus no identifiabile
│ functions.
│ Use `find_identifiable_functions` with keyword `with_states=true` to
│ compute the functions with the ODE states included.
└ @ StructuralIdentifiability ~/ParameterEstimationBenchmark-local/environments/StructuralIdentifiability.jl/src/identifiable_functions.jl:97
┌ Info: [SI-STRUCTURAL] SIAN/SI template summary
│   template_equation_count = 7
│   derivative_symbol_count = 12
│   max_derivative_order = 5
│   structural_unidentifiable_count = 1
└   identifiable_function_count = 1
┌ Info: [SI-MAP] Classified symbolic SI support variables while converting SIAN output
│   counts =
│    Dict{Symbol, Int64} with 2 entries:
│      :state_jet        => 2
│      :measured_rhs_jet => 5
│   samples =
│    Dict{Symbol, Vector{String}} with 2 entries:
│      :state_jet        => ["x6_0", "x6_1"]
└      :measured_rhs_jet => ["x5_0", "x4_0", "x5_1", "x4_1", "x5_2"]
