arm,system,noise,trial,cell,status,source,max_rel,median_rel,n_params,n_rows,recovered
odepe_v2_polish,aircraft_pitch,0,0,aircraft_pitch_0_0,DONE,local,0.0004659168055800359,5.5743615154200316e-06,4,1,1
odepe_v2_polish,aircraft_pitch,0,1,aircraft_pitch_1_0,DONE,local,4.303623253196025e-05,1.0849516523158437e-06,4,1,1
odepe_v2_polish,aircraft_pitch,0,2,aircraft_pitch_2_0,DONE,local,7.211372303284549e-05,9.204197155822252e-07,4,1,1
odepe_v2_polish,aircraft_pitch,0,3,aircraft_pitch_3_0,DONE,local,0.00012486587462804714,2.889472606069249e-06,4,1,1
odepe_v2_polish,aircraft_pitch,0,4,aircraft_pitch_4_0,DONE,local,0.00019967575967806895,3.619434734551413e-06,4,1,1
odepe_v2_polish,aircraft_pitch,0,5,aircraft_pitch_5_0,DONE,local,0.0011871750675031204,6.518690903465631e-06,4,1,1
odepe_v2_polish,aircraft_pitch,0,6,aircraft_pitch_6_0,DONE,local,0.0003825028737386438,1.4067714751803655e-06,4,1,1
odepe_v2_polish,aircraft_pitch,0,7,aircraft_pitch_7_0,DONE,local,0.00021439506894060633,1.9622085138882215e-06,4,1,1
odepe_v2_polish,bicycle_model,0,0,bicycle_model_0_0,DONE,local,5.035654433121245e-13,2.1260770921571748e-13,3,1,1
odepe_v2_polish,bicycle_model,0,1,bicycle_model_1_0,DONE,local,3.63870783215297e-13,9.811273240873477e-14,3,1,1
odepe_v2_polish,bicycle_model,0,2,bicycle_model_2_0,DONE,local,3.2012021716428237e-13,1.4232442385125272e-13,3,1,1
odepe_v2_polish,bicycle_model,0,3,bicycle_model_3_0,DONE,local,5.214022234149581e-05,5.088035237905872e-05,3,1,1
odepe_v2_polish,bicycle_model,0,4,bicycle_model_4_0,DONE,local,9.910836404167863e-06,9.149312973094298e-06,3,1,1
odepe_v2_polish,bicycle_model,0,5,bicycle_model_5_0,DONE,local,1.0163520080912355e-12,7.911323290724299e-13,3,1,1
odepe_v2_polish,bicycle_model,0,6,bicycle_model_6_0,DONE,local,1.119705875689629e-12,9.824550779669882e-13,3,1,1
odepe_v2_polish,bicycle_model,0,7,bicycle_model_7_0,DONE,local,8.14603069635687e-05,6.499847808439251e-05,3,1,1
odepe_v2_polish,biohydrogenation,0,0,biohydrogenation_0_0,DONE,local,6.16965642310786e-10,3.2933913273492496e-11,6,2,1
odepe_v2_polish,biohydrogenation,0,1,biohydrogenation_1_0,DONE,local,1.4570163367901951e-09,1.778586469279668e-11,6,2,1
odepe_v2_polish,biohydrogenation,0,2,biohydrogenation_2_0,DONE,local,1.6549884419868106e-08,5.8910580646906665e-12,6,2,1
odepe_v2_polish,biohydrogenation,0,3,biohydrogenation_3_0,DONE,local,6.439789446215032e-07,6.930070125598311e-09,6,2,1
odepe_v2_polish,biohydrogenation,0,4,biohydrogenation_4_0,DONE,local,9.976242054676732e-11,1.2731024874209873e-11,6,2,1
odepe_v2_polish,biohydrogenation,0,5,biohydrogenation_5_0,DONE,local,9.600060615736417e-09,3.242699331010627e-11,6,2,1
odepe_v2_polish,biohydrogenation,0,6,biohydrogenation_6_0,DONE,local,2.8440652984002914e-08,1.317764310556385e-11,6,2,1
odepe_v2_polish,biohydrogenation,0,7,biohydrogenation_7_0,DONE,local,8.690307509832581e-07,3.119603407302721e-08,6,2,1
odepe_v2_polish,boost_converter,0,0,boost_converter_0_0,DONE,local,8.132216253560126e-05,7.702055431548324e-05,3,1,1
odepe_v2_polish,boost_converter,0,1,boost_converter_1_0,DONE,local,5.451758303229792e-05,3.2962356483048213e-05,3,1,1
odepe_v2_polish,boost_converter,0,2,boost_converter_2_0,DONE,local,8.141255340818195e-05,7.565111384426161e-05,3,1,1
odepe_v2_polish,boost_converter,0,3,boost_converter_3_0,DONE,local,5.6273254642993955e-05,4.867140134622893e-05,3,1,1
odepe_v2_polish,boost_converter,0,4,boost_converter_4_0,DONE,local,7.505674619941234e-05,5.0400992073552843e-05,3,1,1
odepe_v2_polish,boost_converter,0,5,boost_converter_5_0,DONE,local,5.9062036974625996e-05,3.8367609636649045e-05,3,1,1
odepe_v2_polish,boost_converter,0,6,boost_converter_6_0,DONE,local,0.0009905613890481683,0.0009299403019332306,3,1,1
odepe_v2_polish,boost_converter,0,7,boost_converter_7_0,DONE,local,0.00011373481147713345,5.031828098875248e-05,3,1,1
odepe_v2_polish,brusselator,0,0,brusselator_0_0,DONE,local,2.5842901830219694e-13,1.2985998765378752e-13,2,1,1
odepe_v2_polish,brusselator,0,1,brusselator_1_0,DONE,local,4.866777246610884e-13,2.490671407022804e-13,2,1,1
odepe_v2_polish,brusselator,0,2,brusselator_2_0,DONE,local,6.008454074912066e-11,3.00586103505276e-11,2,1,1
odepe_v2_polish,brusselator,0,3,brusselator_3_0,DONE,local,1.280299743291138e-12,6.48105672414704e-13,2,1,1
odepe_v2_polish,brusselator,0,4,brusselator_4_0,DONE,local,2.6901557904378796e-13,1.418803642947954e-13,2,1,1
odepe_v2_polish,brusselator,0,5,brusselator_5_0,DONE,local,0.9999852976506207,0.9462122981320784,2,1,0
odepe_v2_polish,brusselator,0,6,brusselator_6_0,DONE,local,0.055050117447588316,0.027525058723891025,2,1,1
odepe_v2_polish,brusselator,0,7,brusselator_7_0,DONE,local,3.265330470054753e-10,1.6327259250615215e-10,2,1,1
odepe_v2_polish,crauste,0,0,crauste_0_0,DONE,local,7.998485272702538,0.001040625949476695,12,1,0
odepe_v2_polish,crauste,0,1,crauste_1_0,DONE,local,0.5073223762924951,0.000722039368463086,12,1,0
odepe_v2_polish,crauste,0,2,crauste_2_0,DONE,local,2.3113296658356287e-08,3.15258761541703e-11,12,1,1
odepe_v2_polish,crauste,0,3,crauste_3_0,DONE,local,2.4527817625771208e-11,4.948377961039704e-13,12,1,1
odepe_v2_polish,crauste,0,4,crauste_4_0,DONE,local,1.5260809538157907,0.006049172829200634,12,1,0
odepe_v2_polish,crauste,0,5,crauste_5_0,DONE,local,9.356772776431756,0.0007797576177604922,12,1,0
odepe_v2_polish,crauste,0,6,crauste_6_0,DONE,local,1.4307942119618813e-11,1.265730290745598e-13,12,1,1
odepe_v2_polish,crauste,0,7,crauste_7_0,DONE,local,13.367816091954014,0.9997681551017716,12,1,0
odepe_v2_polish,cstr,0,0,cstr_0_0,DONE,local,0.019569478425266806,0.006666104501336112,4,1,1
odepe_v2_polish,cstr,0,1,cstr_1_0,DONE,local,0.9993283614167813,0.0776265757622292,4,1,0
odepe_v2_polish,cstr,0,2,cstr_2_0,DONE,local,1.2317989573759192,0.07717689959403451,4,1,0
odepe_v2_polish,cstr,0,3,cstr_3_0,DONE,local,0.707163456114621,0.004540605269434462,4,1,0
odepe_v2_polish,cstr,0,4,cstr_4_0,DONE,local,0.8551302177961483,0.23155168867705744,4,1,0
odepe_v2_polish,cstr,0,5,cstr_5_0,DONE,local,3.8753965599102216,0.1906923712490911,4,1,0
odepe_v2_polish,cstr,0,6,cstr_6_0,DONE,local,0.03976852829391891,0.0030530332724396847,4,1,1
odepe_v2_polish,cstr,0,7,cstr_7_0,PARSE_FAIL,local,,,,,0
odepe_v2_polish,daisy_mamil3,0,0,daisy_mamil3_0_0,DONE,local,2.0841641716267716e-09,4.136953022256908e-10,5,1,1
odepe_v2_polish,daisy_mamil3,0,1,daisy_mamil3_1_0,DONE,local,4.339962732625612e-12,6.996273218881846e-13,5,1,1
odepe_v2_polish,daisy_mamil3,0,2,daisy_mamil3_2_0,DONE,local,2.9884613302518424e-11,8.494640005757424e-12,5,1,1
odepe_v2_polish,daisy_mamil3,0,3,daisy_mamil3_3_0,DONE,local,1.1375161516486249e-10,1.8535319478093912e-11,5,1,1
odepe_v2_polish,daisy_mamil3,0,4,daisy_mamil3_4_0,DONE,local,6.210560782771855e-10,2.8581264339371566e-10,5,1,1
odepe_v2_polish,daisy_mamil3,0,5,daisy_mamil3_5_0,DONE,local,8.442177991157521e-10,4.034184302944077e-10,5,1,1
odepe_v2_polish,daisy_mamil3,0,6,daisy_mamil3_6_0,DONE,local,1.5549887656167328e-09,2.3728260475145115e-10,5,1,1
odepe_v2_polish,daisy_mamil3,0,7,daisy_mamil3_7_0,DONE,local,1.9082870571795206e-10,1.3009927195100936e-11,5,1,1
odepe_v2_polish,daisy_mamil4,0,0,daisy_mamil4_0_0,DONE,local,3.2568685555570287e-10,1.255735257205117e-10,7,2,1
odepe_v2_polish,daisy_mamil4,0,1,daisy_mamil4_1_0,DONE,local,7.244492115013675e-10,2.374089438403707e-10,7,2,1
odepe_v2_polish,daisy_mamil4,0,2,daisy_mamil4_2_0,DONE,local,3.232492174710785e-10,9.043435192620822e-11,7,2,1
odepe_v2_polish,daisy_mamil4,0,3,daisy_mamil4_3_0,DONE,local,2.1810937629879019e-10,8.013173967698437e-12,7,2,1
odepe_v2_polish,daisy_mamil4,0,4,daisy_mamil4_4_0,DONE,local,4.3176571951311935e-09,3.7145681695589033e-10,7,2,1
odepe_v2_polish,daisy_mamil4,0,5,daisy_mamil4_5_0,DONE,local,2.1818942664016305e-10,3.569711436422043e-11,7,2,1
odepe_v2_polish,daisy_mamil4,0,6,daisy_mamil4_6_0,DONE,local,5.70274678749601e-10,5.183079966731335e-11,7,2,1
odepe_v2_polish,daisy_mamil4,0,7,daisy_mamil4_7_0,DONE,local,3.142619752214008e-09,7.826235196234026e-11,7,2,1
odepe_v2_polish,dc_motor,0,0,dc_motor_0_0,DONE,local,1.5028988022454274e-05,1.0036172725141837e-05,2,1,1
odepe_v2_polish,dc_motor,0,1,dc_motor_1_0,DONE,local,1.3252005014673584e-12,7.239546810419115e-13,2,1,1
odepe_v2_polish,dc_motor,0,2,dc_motor_2_0,DONE,local,1.6668484774258599e-12,1.0211598682241977e-12,2,1,1
odepe_v2_polish,dc_motor,0,3,dc_motor_3_0,DONE,local,1.8031508834285034e-05,1.094421761043199e-05,2,1,1
odepe_v2_polish,dc_motor,0,4,dc_motor_4_0,DONE,local,1.7486349509658088e-05,1.2129844965066107e-05,2,1,1
odepe_v2_polish,dc_motor,0,5,dc_motor_5_0,DONE,local,2.233851539992758e-05,2.208057054911588e-05,2,1,1
odepe_v2_polish,dc_motor,0,6,dc_motor_6_0,DONE,local,1.7350279815963082e-05,1.6714716940929383e-05,2,1,1
odepe_v2_polish,dc_motor,0,7,dc_motor_7_0,DONE,local,2.982670750538517e-13,2.1536330535771516e-13,2,1,1
odepe_v2_polish,fitzhugh_nagumo,0,0,fitzhugh_nagumo_0_0,DONE,local,9.809631942726497e-10,8.065925783864432e-10,3,1,1
odepe_v2_polish,fitzhugh_nagumo,0,1,fitzhugh_nagumo_1_0,DONE,local,1.2859707988507863e-09,3.474579947996121e-10,3,1,1
odepe_v2_polish,fitzhugh_nagumo,0,2,fitzhugh_nagumo_2_0,DONE,local,1.3749686787176194e-09,1.2732870313669764e-10,3,1,1
odepe_v2_polish,fitzhugh_nagumo,0,3,fitzhugh_nagumo_3_0,DONE,local,1.2648004455558648e-08,1.0999512694056047e-08,3,1,1
odepe_v2_polish,fitzhugh_nagumo,0,4,fitzhugh_nagumo_4_0,DONE,local,3.7478196894472565e-08,3.65081656366117e-09,3,1,1
odepe_v2_polish,fitzhugh_nagumo,0,5,fitzhugh_nagumo_5_0,DONE,local,4.039700921446816e-11,3.462030045358549e-11,3,1,1
odepe_v2_polish,fitzhugh_nagumo,0,6,fitzhugh_nagumo_6_0,DONE,local,1.2415273637816241e-08,9.265294787718322e-09,3,1,1
odepe_v2_polish,fitzhugh_nagumo,0,7,fitzhugh_nagumo_7_0,DONE,local,8.871576560588648e-10,4.82850400883846e-10,3,1,1
odepe_v2_polish,flexible_arm,0,0,flexible_arm_0_0,DONE,local,1.2416655005763134e-12,1.079651665976058e-12,5,1,1
odepe_v2_polish,flexible_arm,0,1,flexible_arm_1_0,DONE,local,1.5242848501793074e-12,3.8078874965385033e-13,5,1,1
odepe_v2_polish,flexible_arm,0,2,flexible_arm_2_0,DONE,local,1.0638276751892279e-12,4.556540330232414e-13,5,1,1
odepe_v2_polish,flexible_arm,0,3,flexible_arm_3_0,DONE,local,6.098516753322909e-13,2.449143676045757e-13,5,1,1
odepe_v2_polish,flexible_arm,0,4,flexible_arm_4_0,DONE,local,1.9311680430085404e-12,1.8839312442707623e-13,5,1,1
odepe_v2_polish,flexible_arm,0,5,flexible_arm_5_0,DONE,local,2.1222860867072351e-13,8.611515107474365e-14,5,1,1
odepe_v2_polish,flexible_arm,0,6,flexible_arm_6_0,DONE,local,7.615191732288046e-13,1.890250408305762e-13,5,1,1
odepe_v2_polish,flexible_arm,0,7,flexible_arm_7_0,DONE,local,1.0883938507888648e-11,8.527490545805693e-12,5,1,1
odepe_v2_polish,forced_lotka_volterra,0,0,forced_lotka_volterra_0_0,DONE,local,2.215514820257624e-11,6.044187766808382e-12,4,1,1
odepe_v2_polish,forced_lotka_volterra,0,1,forced_lotka_volterra_1_0,DONE,local,4.87452718467285e-05,3.812556939615702e-05,4,1,1
odepe_v2_polish,forced_lotka_volterra,0,2,forced_lotka_volterra_2_0,DONE,local,0.00012612294862928103,5.547634895325779e-05,4,1,1
odepe_v2_polish,forced_lotka_volterra,0,3,forced_lotka_volterra_3_0,DONE,local,0.0001267058939872968,6.332857795531749e-05,4,1,1
odepe_v2_polish,forced_lotka_volterra,0,4,forced_lotka_volterra_4_0,DONE,local,0.00011603776798689106,4.329637791646887e-05,4,1,1
odepe_v2_polish,forced_lotka_volterra,0,5,forced_lotka_volterra_5_0,DONE,local,6.215809743646484e-05,3.064658389603094e-05,4,1,1
odepe_v2_polish,forced_lotka_volterra,0,6,forced_lotka_volterra_6_0,DONE,local,5.3431008091712885e-12,2.698316645487983e-12,4,1,1
odepe_v2_polish,forced_lotka_volterra,0,7,forced_lotka_volterra_7_0,DONE,local,0.0013970269097222292,0.0008830649975077739,4,1,1
odepe_v2_polish,harmonic_oscillator,0,0,harmonic_oscillator_0_0,DONE,local,6.434458400675112e-14,6.374472247669443e-14,2,1,1
odepe_v2_polish,harmonic_oscillator,0,1,harmonic_oscillator_1_0,DONE,local,4.4729457816262865e-14,4.4031071097882573e-14,2,1,1
odepe_v2_polish,harmonic_oscillator,0,2,harmonic_oscillator_2_0,DONE,local,5.086500781728028e-13,4.006998096283065e-13,2,1,1
odepe_v2_polish,harmonic_oscillator,0,3,harmonic_oscillator_3_0,DONE,local,4.9313627744454734e-15,4.519345053849988e-15,2,1,1
odepe_v2_polish,harmonic_oscillator,0,4,harmonic_oscillator_4_0,DONE,local,1.127986593019159e-13,1.1151845297804024e-13,2,1,1
odepe_v2_polish,harmonic_oscillator,0,5,harmonic_oscillator_5_0,DONE,local,7.863430959827547e-14,4.3614043074360624e-14,2,1,1
odepe_v2_polish,harmonic_oscillator,0,6,harmonic_oscillator_6_0,DONE,local,7.851906259684495e-15,4.406866568726907e-15,2,1,1
odepe_v2_polish,harmonic_oscillator,0,7,harmonic_oscillator_7_0,DONE,local,1.6369955107836391e-13,1.6190596938575341e-13,2,1,1
odepe_v2_polish,hiv,0,0,hiv_0_0,DONE,local,1.009986796183337e-10,5.824311252889678e-12,10,1,1
odepe_v2_polish,hiv,0,1,hiv_1_0,DONE,local,2.1982044510157893e-10,8.932478462130658e-12,10,1,1
odepe_v2_polish,hiv,0,2,hiv_2_0,DONE,local,8.784582098164777e-12,7.212670564260898e-13,10,1,1
odepe_v2_polish,hiv,0,3,hiv_3_0,DONE,local,7.553274245380565e-12,9.17015106017105e-13,10,1,1
odepe_v2_polish,hiv,0,4,hiv_4_0,DONE,local,9.200035628215592e-12,4.4352937291676307e-13,10,1,1
odepe_v2_polish,hiv,0,5,hiv_5_0,DONE,local,4.7718402596579724e-11,2.7974468659516173e-12,10,1,1
odepe_v2_polish,hiv,0,6,hiv_6_0,DONE,local,8.124619949558486e-11,2.09037888311796e-12,10,1,1
odepe_v2_polish,hiv,0,7,hiv_7_0,DONE,local,4.320746597984933e-12,1.0484024083372665e-12,10,1,1
odepe_v2_polish,lotka_volterra,0,0,lotka_volterra_0_0,DONE,local,3.81821767186053e-12,9.145053995120086e-13,3,1,1
odepe_v2_polish,lotka_volterra,0,1,lotka_volterra_1_0,DONE,local,7.049285397833026e-14,5.699364488431812e-14,3,1,1
odepe_v2_polish,lotka_volterra,0,2,lotka_volterra_2_0,DONE,local,1.3929667388404416e-13,1.1950036919601686e-13,3,1,1
odepe_v2_polish,lotka_volterra,0,3,lotka_volterra_3_0,DONE,local,3.782107277741964e-13,2.634616108548116e-13,3,1,1
odepe_v2_polish,lotka_volterra,0,4,lotka_volterra_4_0,DONE,local,8.380848898415372e-12,7.708565371540624e-12,3,1,1
odepe_v2_polish,lotka_volterra,0,5,lotka_volterra_5_0,DONE,local,8.234154099303245e-14,4.534486481390538e-14,3,1,1
odepe_v2_polish,lotka_volterra,0,6,lotka_volterra_6_0,DONE,local,1.5298368632505284e-11,1.48998978939773e-11,3,1,1
odepe_v2_polish,lotka_volterra,0,7,lotka_volterra_7_0,DONE,local,4.815868086950182e-13,4.4725043714113653e-13,3,1,1
odepe_v2_polish,mass_spring_damper,0,0,mass_spring_damper_0_0,DONE,local,6.149163437495688e-14,1.593071499831955e-14,3,1,1
odepe_v2_polish,mass_spring_damper,0,1,mass_spring_damper_1_0,DONE,local,1.8081349622065501e-13,3.00060276925718e-15,3,1,1
odepe_v2_polish,mass_spring_damper,0,2,mass_spring_damper_2_0,DONE,local,3.5432649722079465e-15,1.3691091110848343e-15,3,1,1
odepe_v2_polish,mass_spring_damper,0,3,mass_spring_damper_3_0,DONE,local,1.875894076090782e-14,1.3418726124604308e-14,3,1,1
odepe_v2_polish,mass_spring_damper,0,4,mass_spring_damper_4_0,DONE,local,7.909666459768886e-14,2.801336733961308e-14,3,1,1
odepe_v2_polish,mass_spring_damper,0,5,mass_spring_damper_5_0,DONE,local,4.560725694809373e-13,1.8462135690395862e-13,3,1,1
odepe_v2_polish,mass_spring_damper,0,6,mass_spring_damper_6_0,DONE,local,4.5400191542707294e-13,3.1567619584893233e-13,3,1,1
odepe_v2_polish,mass_spring_damper,0,7,mass_spring_damper_7_0,DONE,local,1.7860109526578605e-13,3.2683348524625245e-14,3,1,1
odepe_v2_polish,quadrotor,0,0,quadrotor_0_0,DONE,local,2.8647420134013342e-05,2.1738192076294195e-05,2,1,1
odepe_v2_polish,quadrotor,0,1,quadrotor_1_0,DONE,local,0.00016400096862298193,8.742410151224958e-05,2,1,1
odepe_v2_polish,quadrotor,0,2,quadrotor_2_0,DONE,local,7.80890969669836e-05,7.395601874694834e-05,2,1,1
odepe_v2_polish,quadrotor,0,3,quadrotor_3_0,DONE,local,0.0002944875972062284,0.0002761173928507278,2,1,1
odepe_v2_polish,quadrotor,0,4,quadrotor_4_0,DONE,local,0.00016371112003506645,0.00010544607122888998,2,1,1
odepe_v2_polish,quadrotor,0,5,quadrotor_5_0,DONE,local,0.00021023220486107412,0.00012138963854895151,2,1,1
odepe_v2_polish,quadrotor,0,6,quadrotor_6_0,DONE,local,3.395333195364826e-05,1.9613671469147323e-05,2,1,1
odepe_v2_polish,quadrotor,0,7,quadrotor_7_0,DONE,local,0.00022637907159392238,0.00012094912477410741,2,1,1
odepe_v2_polish,repressilator,0,0,repressilator_0_0,DONE,local,1.1147340888335658e-12,6.521384185960269e-13,3,1,1
odepe_v2_polish,repressilator,0,1,repressilator_1_0,DONE,local,3.540796030513564e-12,2.4341694559631636e-12,3,1,1
odepe_v2_polish,repressilator,0,2,repressilator_2_0,DONE,local,2.025954424498461e-13,1.3873688018210967e-13,3,1,1
odepe_v2_polish,repressilator,0,3,repressilator_3_0,DONE,local,2.640605640023242e-13,1.203093391704067e-13,3,1,1
odepe_v2_polish,repressilator,0,4,repressilator_4_0,DONE,local,3.2063692950370295e-14,3.012588648087546e-14,3,1,1
odepe_v2_polish,repressilator,0,5,repressilator_5_0,DONE,local,9.708171923475634e-13,3.7058478890936265e-13,3,1,1
odepe_v2_polish,repressilator,0,6,repressilator_6_0,DONE,local,5.683610875035781e-13,3.9222019297560676e-13,3,1,1
odepe_v2_polish,repressilator,0,7,repressilator_7_0,DONE,local,1.898123235649461e-12,7.659291428312878e-13,3,1,1
odepe_v2_polish,seir,0,0,seir_0_0,DONE,local,6.588479761759913e-11,3.856071018049079e-11,3,2,1
odepe_v2_polish,seir,0,1,seir_1_0,DONE,local,8.658138308867627e-12,3.55668822423472e-12,3,2,1
odepe_v2_polish,seir,0,2,seir_2_0,DONE,local,1.920706780205759e-11,1.6124730304003556e-11,3,2,1
odepe_v2_polish,seir,0,3,seir_3_0,DONE,local,5.670485820027817e-09,5.617967867769862e-09,3,2,1
odepe_v2_polish,seir,0,4,seir_4_0,DONE,local,0.010463456719112859,0.01037742592298573,3,2,1
odepe_v2_polish,seir,0,5,seir_5_0,DONE,local,3.607481377113483e-12,9.24226819737497e-13,3,2,1
odepe_v2_polish,seir,0,6,seir_6_0,DONE,local,5.449683861744503e-09,3.624534639889546e-09,3,2,1
odepe_v2_polish,seir,0,7,seir_7_0,DONE,local,1.739263849901593e-08,1.1388478742723695e-08,3,2,1
odepe_v2_polish,slow_fast,0,0,slow_fast_0_0,DONE,local,1.2556093730879746e-14,7.944047802752533e-15,2,2,1
odepe_v2_polish,slow_fast,0,1,slow_fast_1_0,DONE,local,1.3005686388197701e-11,6.897213720672222e-12,2,2,1
odepe_v2_polish,slow_fast,0,2,slow_fast_2_0,DONE,local,4.2161110283740544e-13,2.2784270070047154e-13,2,2,1
odepe_v2_polish,slow_fast,0,3,slow_fast_3_0,DONE,local,1.6097381151208681e-12,9.620350044839328e-13,2,2,1
odepe_v2_polish,slow_fast,0,4,slow_fast_4_0,DONE,local,3.0982968129074134e-13,2.28962575236267e-13,2,2,1
odepe_v2_polish,slow_fast,0,5,slow_fast_5_0,DONE,local,1.9831439934020703e-11,1.4060409706431447e-11,2,2,1
odepe_v2_polish,slow_fast,0,6,slow_fast_6_0,DONE,local,1.398720882706838e-12,7.240743100522667e-13,2,2,1
odepe_v2_polish,slow_fast,0,7,slow_fast_7_0,DONE,local,1.8155078046638634e-12,1.0079170890791356e-12,2,2,1
odepe_v2_polish,sirt_treatment,0,0,sirt_treatment_0_0,DONE,local,3.214154398248803e-11,3.7403718834913705e-12,5,1,1
odepe_v2_polish,sirt_treatment,0,1,sirt_treatment_1_0,DONE,local,1.7175150190951172e-12,8.531484820274739e-14,5,1,1
odepe_v2_polish,sirt_treatment,0,2,sirt_treatment_2_0,DONE,local,2.4855577851500826e-12,1.5068668060724347e-13,5,1,1
odepe_v2_polish,sirt_treatment,0,3,sirt_treatment_3_0,DONE,local,2.291883854416648e-11,4.146631597760857e-13,5,1,1
odepe_v2_polish,sirt_treatment,0,4,sirt_treatment_4_0,DONE,local,1.2210676914037321e-12,1.1909365679584393e-13,5,1,1
odepe_v2_polish,sirt_treatment,0,5,sirt_treatment_5_0,DONE,local,1.678891244821975e-12,1.4492224214572653e-13,5,1,1
odepe_v2_polish,sirt_treatment,0,6,sirt_treatment_6_0,DONE,local,1.5504491286406687e-12,2.844586972420414e-13,5,1,1
odepe_v2_polish,sirt_treatment,0,7,sirt_treatment_7_0,DONE,local,5.02786634681574e-10,3.834681238242418e-11,5,1,1
odepe_v2_polish,vanderpol,0,0,vanderpol_0_0,DONE,local,2.0821172905186998e-13,1.519737067195167e-13,2,1,1
odepe_v2_polish,vanderpol,0,1,vanderpol_1_0,DONE,local,4.2545042914467676e-14,2.8614318878142134e-14,2,1,1
odepe_v2_polish,vanderpol,0,2,vanderpol_2_0,DONE,local,3.405031838157061e-14,3.0396458392475146e-14,2,1,1
odepe_v2_polish,vanderpol,0,3,vanderpol_3_0,DONE,local,2.6596251818415915e-14,1.8882087867381823e-14,2,1,1
odepe_v2_polish,vanderpol,0,4,vanderpol_4_0,DONE,local,3.0599384592640074e-14,2.4495205776772005e-14,2,1,1
odepe_v2_polish,vanderpol,0,5,vanderpol_5_0,DONE,local,3.51003658203218e-14,3.398699542012554e-14,2,1,1
odepe_v2_polish,vanderpol,0,6,vanderpol_6_0,DONE,local,3.934182679904676e-13,2.3311482125258987e-13,2,1,1
odepe_v2_polish,vanderpol,0,7,vanderpol_7_0,DONE,local,2.86371663245372e-13,1.542363634743101e-13,2,1,1
odepe_v2_polish,latent_subpopulation_branch,0,0,latent_subpopulation_branch_0_0,DONE,local,2.1075671836736305e-06,9.386335723847291e-07,6,6,1
odepe_v2_polish,latent_subpopulation_branch,0,1,latent_subpopulation_branch_1_0,DONE,local,5.822383998600151e-05,9.540892079224476e-06,6,6,1
odepe_v2_polish,latent_subpopulation_branch,0,2,latent_subpopulation_branch_2_0,DONE,local,2.6300094830228934e-07,4.021424232365168e-08,6,6,1
odepe_v2_polish,latent_subpopulation_branch,0,3,latent_subpopulation_branch_3_0,DONE,local,5.3258860226912463e-11,1.29613232943532e-11,6,6,1
odepe_v2_polish,latent_subpopulation_branch,0,4,latent_subpopulation_branch_4_0,DONE,local,2.4230428699004483e-12,9.78067984687878e-13,6,6,1
odepe_v2_polish,latent_subpopulation_branch,0,5,latent_subpopulation_branch_5_0,DONE,local,3.155460293017386e-06,1.19469070243961e-07,6,6,1
odepe_v2_polish,latent_subpopulation_branch,0,6,latent_subpopulation_branch_6_0,DONE,local,6.477995676111509e-10,5.984974842378647e-11,6,6,1
odepe_v2_polish,latent_subpopulation_branch,0,7,latent_subpopulation_branch_7_0,DONE,local,4.089968751766256e-07,4.048116816161634e-08,6,6,1
odepe_v2_polish,latent_subpopulation_observed_control,0,0,latent_subpopulation_observed_control_0_0,DONE,local,1.926358950254825e-11,1.4020340246166609e-12,6,1,1
odepe_v2_polish,latent_subpopulation_observed_control,0,1,latent_subpopulation_observed_control_1_0,DONE,local,4.598397787115269e-13,9.296815612157083e-14,6,1,1
odepe_v2_polish,latent_subpopulation_observed_control,0,2,latent_subpopulation_observed_control_2_0,DONE,local,6.436107823960413e-12,7.626420605492285e-13,6,1,1
odepe_v2_polish,latent_subpopulation_observed_control,0,3,latent_subpopulation_observed_control_3_0,DONE,local,7.178573453827067e-11,6.584909255042388e-12,6,1,1
odepe_v2_polish,latent_subpopulation_observed_control,0,4,latent_subpopulation_observed_control_4_0,DONE,local,6.13970955205404e-13,8.09424241503165e-14,6,1,1
odepe_v2_polish,latent_subpopulation_observed_control,0,5,latent_subpopulation_observed_control_5_0,DONE,local,4.514960062123395e-12,5.043637078220241e-13,6,1,1
odepe_v2_polish,latent_subpopulation_observed_control,0,6,latent_subpopulation_observed_control_6_0,DONE,local,1.8303676892468798e-13,7.028800934658424e-14,6,1,1
odepe_v2_polish,latent_subpopulation_observed_control,0,7,latent_subpopulation_observed_control_7_0,DONE,local,1.2311580326646824e-13,2.4749393093131597e-14,6,1,1
odepe_v2_polish,receptor_subtype_binding_branch,0,0,receptor_subtype_binding_branch_0_0,FAILURE,,,,,,0
odepe_v2_polish,receptor_subtype_binding_branch,0,1,receptor_subtype_binding_branch_1_0,FAILURE,,,,,,0
odepe_v2_polish,receptor_subtype_binding_branch,0,2,receptor_subtype_binding_branch_2_0,FAILURE,,,,,,0
odepe_v2_polish,receptor_subtype_binding_branch,0,3,receptor_subtype_binding_branch_3_0,FAILURE,,,,,,0
odepe_v2_polish,receptor_subtype_binding_branch,0,4,receptor_subtype_binding_branch_4_0,FAILURE,,,,,,0
odepe_v2_polish,receptor_subtype_binding_branch,0,5,receptor_subtype_binding_branch_5_0,FAILURE,,,,,,0
odepe_v2_polish,receptor_subtype_binding_branch,0,6,receptor_subtype_binding_branch_6_0,FAILURE,,,,,,0
odepe_v2_polish,receptor_subtype_binding_branch,0,7,receptor_subtype_binding_branch_7_0,FAILURE,,,,,,0
odepe_v2_polish,receptor_subtype_binding_observed_control,0,0,receptor_subtype_binding_observed_control_0_0,DONE,local,1.7931308611853478e-11,1.1007856081050804e-11,6,1,1
odepe_v2_polish,receptor_subtype_binding_observed_control,0,1,receptor_subtype_binding_observed_control_1_0,DONE,local,1.2322612066542307e-11,4.2616107200700254e-12,6,1,1
odepe_v2_polish,receptor_subtype_binding_observed_control,0,2,receptor_subtype_binding_observed_control_2_0,DONE,local,1.6672381916003774e-11,1.2209115505586657e-11,6,1,1
odepe_v2_polish,receptor_subtype_binding_observed_control,0,3,receptor_subtype_binding_observed_control_3_0,DONE,local,2.1453360629925093e-12,5.42412722191517e-13,6,1,1
odepe_v2_polish,receptor_subtype_binding_observed_control,0,4,receptor_subtype_binding_observed_control_4_0,DONE,local,1.770304361657274e-09,5.609387026859054e-10,6,1,1
odepe_v2_polish,receptor_subtype_binding_observed_control,0,5,receptor_subtype_binding_observed_control_5_0,DONE,local,5.811653840163248e-10,5.6326151562709376e-11,6,1,1
odepe_v2_polish,receptor_subtype_binding_observed_control,0,6,receptor_subtype_binding_observed_control_6_0,DONE,local,8.416082038925905e-11,1.8623497352278634e-11,6,1,1
odepe_v2_polish,receptor_subtype_binding_observed_control,0,7,receptor_subtype_binding_observed_control_7_0,DONE,local,1.6473954553449862e-11,8.855953608955412e-12,6,1,1
odepe_v2_polish,aircraft_pitch,1em8,0,aircraft_pitch_0_1em8,DONE,local,0.005008916385838221,8.0714824228405e-06,4,1,1
odepe_v2_polish,aircraft_pitch,1em8,1,aircraft_pitch_1_1em8,DONE,local,0.0026451567528953516,5.3989187048169745e-06,4,1,1
odepe_v2_polish,aircraft_pitch,1em8,2,aircraft_pitch_2_1em8,DONE,local,0.0009015020135825239,4.446015273903111e-06,4,1,1
odepe_v2_polish,aircraft_pitch,1em8,3,aircraft_pitch_3_1em8,DONE,local,0.00012486587462804714,2.889472606069249e-06,4,1,1
odepe_v2_polish,aircraft_pitch,1em8,4,aircraft_pitch_4_1em8,DONE,local,0.002526553232266434,9.811588313992355e-06,4,1,1
odepe_v2_polish,aircraft_pitch,1em8,5,aircraft_pitch_5_1em8,DONE,local,0.09204689424429373,9.229246786924515e-05,4,1,1
odepe_v2_polish,aircraft_pitch,1em8,6,aircraft_pitch_6_1em8,DONE,local,0.0015519989861382008,4.417664631842184e-06,4,1,1
odepe_v2_polish,aircraft_pitch,1em8,7,aircraft_pitch_7_1em8,DONE,local,0.0009456653984226085,2.9761910711659938e-06,4,1,1
odepe_v2_polish,bicycle_model,1em8,0,bicycle_model_0_1em8,DONE,local,3.619129168574986e-07,3.575106990752727e-07,3,1,1
odepe_v2_polish,bicycle_model,1em8,1,bicycle_model_1_1em8,DONE,local,4.5936535068690246e-08,3.9310337192856e-08,3,1,1
odepe_v2_polish,bicycle_model,1em8,2,bicycle_model_2_1em8,DONE,local,4.6662975560229453e-07,3.075058794019567e-07,3,1,1
odepe_v2_polish,bicycle_model,1em8,3,bicycle_model_3_1em8,DONE,local,1.1005468069389728e-05,2.0971795394283573e-06,3,1,1
odepe_v2_polish,bicycle_model,1em8,4,bicycle_model_4_1em8,DONE,local,1.4156155514232222e-07,1.0427481141622402e-07,3,1,1
odepe_v2_polish,bicycle_model,1em8,5,bicycle_model_5_1em8,DONE,local,5.243548286600797e-08,4.559197385265462e-09,3,1,1
odepe_v2_polish,bicycle_model,1em8,6,bicycle_model_6_1em8,DONE,local,1.2902885418015362e-07,1.0993385998305947e-07,3,1,1
odepe_v2_polish,bicycle_model,1em8,7,bicycle_model_7_1em8,DONE,local,2.8585811088697363e-05,1.6159898652819106e-05,3,1,1
odepe_v2_polish,biohydrogenation,1em8,0,biohydrogenation_0_1em8,DONE,local,8.538312616775928e-05,5.347203282695466e-06,6,2,1
odepe_v2_polish,biohydrogenation,1em8,1,biohydrogenation_1_1em8,DONE,local,0.00015709175758651052,1.9868463454251647e-05,6,2,1
odepe_v2_polish,biohydrogenation,1em8,2,biohydrogenation_2_1em8,DONE,local,0.0013733898076766604,2.3153330042856944e-06,6,2,1
odepe_v2_polish,biohydrogenation,1em8,3,biohydrogenation_3_1em8,DONE,local,0.0008278152762136196,6.5697844098593105e-06,6,2,1
odepe_v2_polish,biohydrogenation,1em8,4,biohydrogenation_4_1em8,DONE,local,3.6155506751090297e-06,6.925634896715386e-07,6,2,1
odepe_v2_polish,biohydrogenation,1em8,5,biohydrogenation_5_1em8,DONE,local,6.729600871381499e-05,2.1309342882582723e-06,6,2,1
odepe_v2_polish,biohydrogenation,1em8,6,biohydrogenation_6_1em8,DONE,local,0.009289443829322593,3.441635778936805e-06,6,2,1
odepe_v2_polish,biohydrogenation,1em8,7,biohydrogenation_7_1em8,DONE,local,0.0001649103386144224,4.5208367609344285e-06,6,2,1
odepe_v2_polish,boost_converter,1em8,0,boost_converter_0_1em8,DONE,local,5.955498840935304e-05,5.280025421627689e-05,3,1,1
odepe_v2_polish,boost_converter,1em8,1,boost_converter_1_1em8,DONE,local,6.0498414926244794e-05,4.734137119387609e-05,3,1,1
odepe_v2_polish,boost_converter,1em8,2,boost_converter_2_1em8,DONE,local,0.00011794265780906205,7.439425671435387e-05,3,1,1
odepe_v2_polish,boost_converter,1em8,3,boost_converter_3_1em8,DONE,local,5.6273254642993955e-05,4.867140134622893e-05,3,1,1
odepe_v2_polish,boost_converter,1em8,4,boost_converter_4_1em8,DONE,local,7.615647874428134e-05,6.719280505130153e-05,3,1,1
odepe_v2_polish,boost_converter,1em8,5,boost_converter_5_1em8,DONE,local,0.00010052849264701404,8.892190867461969e-05,3,1,1
odepe_v2_polish,boost_converter,1em8,6,boost_converter_6_1em8,DONE,local,0.0006055919402236269,0.0002786505248753037,3,1,1
odepe_v2_polish,boost_converter,1em8,7,boost_converter_7_1em8,DONE,local,6.206848282307024e-05,5.230847147308766e-05,3,1,1
odepe_v2_polish,brusselator,1em8,0,brusselator_0_1em8,DONE,local,3.5138294568576754e-09,1.850932222477262e-09,2,1,1
odepe_v2_polish,brusselator,1em8,1,brusselator_1_1em8,DONE,local,6.774756947519049e-08,3.390664291004293e-08,2,1,1
odepe_v2_polish,brusselator,1em8,2,brusselator_2_1em8,DONE,local,1.500786791408499e-07,7.518434795968177e-08,2,1,1
odepe_v2_polish,brusselator,1em8,3,brusselator_3_1em8,DONE,local,5.431697388953313e-08,2.7161735184566306e-08,2,1,1
odepe_v2_polish,brusselator,1em8,4,brusselator_4_1em8,DONE,local,2.1370517001317015e-08,1.0748589026377948e-08,2,1,1
odepe_v2_polish,brusselator,1em8,5,brusselator_5_1em8,DONE,local,0.9999852192072131,0.707571945223541,2,1,0
odepe_v2_polish,brusselator,1em8,6,brusselator_6_1em8,DONE,local,2.3855345415882354,1.6907135118011634,2,1,0
odepe_v2_polish,brusselator,1em8,7,brusselator_7_1em8,DONE,local,5.53427236908421e-05,2.76713758017013e-05,2,1,1
odepe_v2_polish,crauste,1em8,0,crauste_0_1em8,DONE,local,0.9872448864261797,0.9812728547192702,12,1,0
odepe_v2_polish,crauste,1em8,1,crauste_1_1em8,DONE,local,1020.2712059945069,0.21438589780408648,12,1,0
odepe_v2_polish,crauste,1em8,2,crauste_2_1em8,DONE,local,0.9864588310787501,0.9603657763776616,12,1,0
odepe_v2_polish,crauste,1em8,3,crauste_3_1em8,DONE,local,1.1613950280093614e-06,1.6863263246039768e-07,12,1,1
odepe_v2_polish,crauste,1em8,4,crauste_4_1em8,DONE,local,3.150701209147989e-06,9.96603656775e-09,12,1,1
odepe_v2_polish,crauste,1em8,5,crauste_5_1em8,DONE,local,0.9934354271911886,0.9482950117055853,12,1,0
odepe_v2_polish,crauste,1em8,6,crauste_6_1em8,DONE,local,4.7510395754171585e-05,4.651992971964279e-07,12,1,1
odepe_v2_polish,crauste,1em8,7,crauste_7_1em8,DONE,local,13.862672549399479,0.9999864949794384,12,1,0
odepe_v2_polish,cstr,1em8,0,cstr_0_1em8,DONE,local,0.7938705933051602,0.031634147443171064,4,1,0
odepe_v2_polish,cstr,1em8,1,cstr_1_1em8,DONE,local,0.9882463247936726,0.0043679226836093816,4,1,0
odepe_v2_polish,cstr,1em8,2,cstr_2_1em8,DONE,local,1.2715166877297794,0.07381246716581763,4,1,0
odepe_v2_polish,cstr,1em8,3,cstr_3_1em8,DONE,local,0.8038942633122744,0.003405720892558484,4,1,0
odepe_v2_polish,cstr,1em8,4,cstr_4_1em8,DONE,local,35.11705549373183,0.5477524143338307,4,1,0
odepe_v2_polish,cstr,1em8,5,cstr_5_1em8,DONE,local,20.797306629834253,0.8036495894765063,4,1,0
odepe_v2_polish,cstr,1em8,6,cstr_6_1em8,DONE,local,0.36355838260135137,0.023410462448348282,4,1,0
odepe_v2_polish,cstr,1em8,7,cstr_7_1em8,PARSE_FAIL,local,,,,,0
odepe_v2_polish,daisy_mamil3,1em8,0,daisy_mamil3_0_1em8,DONE,local,3.3965151353482686e-07,7.562768954458877e-08,5,1,1
odepe_v2_polish,daisy_mamil3,1em8,1,daisy_mamil3_1_1em8,DONE,local,7.505957202581749e-08,3.305258289287849e-08,5,1,1
odepe_v2_polish,daisy_mamil3,1em8,2,daisy_mamil3_2_1em8,DONE,local,7.394042578463532e-08,9.855075520629066e-09,5,1,1
odepe_v2_polish,daisy_mamil3,1em8,3,daisy_mamil3_3_1em8,DONE,local,1.0903329288145251e-07,1.281343876032088e-08,5,1,1
odepe_v2_polish,daisy_mamil3,1em8,4,daisy_mamil3_4_1em8,DONE,local,2.4278242593992897e-08,6.4812611993066655e-09,5,1,1
odepe_v2_polish,daisy_mamil3,1em8,5,daisy_mamil3_5_1em8,DONE,local,7.003574039453272e-08,2.567393410152673e-08,5,1,1
odepe_v2_polish,daisy_mamil3,1em8,6,daisy_mamil3_6_1em8,DONE,local,4.9408966588690524e-08,3.672104244345841e-08,5,1,1
odepe_v2_polish,daisy_mamil3,1em8,7,daisy_mamil3_7_1em8,DONE,local,1.797216435600807e-07,3.996004175889085e-09,5,1,1
odepe_v2_polish,daisy_mamil4,1em8,0,daisy_mamil4_0_1em8,DONE,local,1.486394517003895e-06,8.198702756611116e-07,7,2,1
odepe_v2_polish,daisy_mamil4,1em8,1,daisy_mamil4_1_1em8,DONE,local,1.2399172060250185e-05,1.905121434540537e-07,7,2,1
odepe_v2_polish,daisy_mamil4,1em8,2,daisy_mamil4_2_1em8,DONE,local,5.203044743718729e-07,9.778155065945623e-08,7,2,1
odepe_v2_polish,daisy_mamil4,1em8,3,daisy_mamil4_3_1em8,DONE,local,4.250983151922474e-06,1.778463829963643e-07,7,2,1
odepe_v2_polish,daisy_mamil4,1em8,4,daisy_mamil4_4_1em8,DONE,local,2.7592318487954135e-05,2.231930376221815e-06,7,2,1
odepe_v2_polish,daisy_mamil4,1em8,5,daisy_mamil4_5_1em8,DONE,local,2.960243273372102e-05,2.8605830507841987e-06,7,2,1
odepe_v2_polish,daisy_mamil4,1em8,6,daisy_mamil4_6_1em8,DONE,local,1.0659659614761326e-05,1.496637176175057e-06,7,2,1
odepe_v2_polish,daisy_mamil4,1em8,7,daisy_mamil4_7_1em8,DONE,local,1.5533650938904279e-06,8.917129361511054e-09,7,2,1
odepe_v2_polish,dc_motor,1em8,0,dc_motor_0_1em8,DONE,local,3.093121999712403e-05,2.391411130465786e-05,2,1,1
odepe_v2_polish,dc_motor,1em8,1,dc_motor_1_1em8,DONE,local,5.7792271921498364e-05,3.8246446551706344e-05,2,1,1
odepe_v2_polish,dc_motor,1em8,2,dc_motor_2_1em8,DONE,local,1.7570726799289524e-05,8.970800072284964e-06,2,1,1
odepe_v2_polish,dc_motor,1em8,3,dc_motor_3_1em8,DONE,local,7.873385008331879e-06,5.9588352676513156e-06,2,1,1
odepe_v2_polish,dc_motor,1em8,4,dc_motor_4_1em8,DONE,local,1.950902263009182e-05,1.1453026155905734e-05,2,1,1
odepe_v2_polish,dc_motor,1em8,5,dc_motor_5_1em8,DONE,local,3.140482523320045e-08,1.8111028990513564e-08,2,1,1
odepe_v2_polish,dc_motor,1em8,6,dc_motor_6_1em8,DONE,local,3.297991966567675e-07,1.9423028473140886e-07,2,1,1
odepe_v2_polish,dc_motor,1em8,7,dc_motor_7_1em8,DONE,local,1.8778454581865607e-06,9.97207727420547e-07,2,1,1
odepe_v2_polish,fitzhugh_nagumo,1em8,0,fitzhugh_nagumo_0_1em8,DONE,local,3.490523776498537e-06,1.9139875797350494e-06,3,1,1
odepe_v2_polish,fitzhugh_nagumo,1em8,1,fitzhugh_nagumo_1_1em8,DONE,local,2.0293383593754644e-06,5.850175026672719e-07,3,1,1
odepe_v2_polish,fitzhugh_nagumo,1em8,2,fitzhugh_nagumo_2_1em8,DONE,local,5.12604607781657e-06,1.3004088066032762e-06,3,1,1
odepe_v2_polish,fitzhugh_nagumo,1em8,3,fitzhugh_nagumo_3_1em8,DONE,local,1.9365737590648124e-06,1.2293952566608631e-06,3,1,1
odepe_v2_polish,fitzhugh_nagumo,1em8,4,fitzhugh_nagumo_4_1em8,DONE,local,0.00021848244591271134,2.118435067988053e-05,3,1,1
odepe_v2_polish,fitzhugh_nagumo,1em8,5,fitzhugh_nagumo_5_1em8,DONE,local,8.684144958021235e-06,5.325644837319812e-06,3,1,1
odepe_v2_polish,fitzhugh_nagumo,1em8,6,fitzhugh_nagumo_6_1em8,DONE,local,2.564473412414473e-06,2.5472885086299587e-06,3,1,1
odepe_v2_polish,fitzhugh_nagumo,1em8,7,fitzhugh_nagumo_7_1em8,DONE,local,1.7752639908848046e-05,3.6290795617137794e-06,3,1,1
odepe_v2_polish,flexible_arm,1em8,0,flexible_arm_0_1em8,DONE,local,1.2976643930568196e-06,8.755808278812108e-07,5,1,1
odepe_v2_polish,flexible_arm,1em8,1,flexible_arm_1_1em8,DONE,local,1.3251490517786539e-06,6.522808910524292e-07,5,1,1
odepe_v2_polish,flexible_arm,1em8,2,flexible_arm_2_1em8,DONE,local,5.251734251725015e-07,3.7400686227693557e-07,5,1,1
odepe_v2_polish,flexible_arm,1em8,3,flexible_arm_3_1em8,DONE,local,8.96419110237486e-07,4.2511910795582345e-07,5,1,1
odepe_v2_polish,flexible_arm,1em8,4,flexible_arm_4_1em8,DONE,local,1.9877081237001695e-07,9.544400154837884e-08,5,1,1
odepe_v2_polish,flexible_arm,1em8,5,flexible_arm_5_1em8,DONE,local,9.218027457917894e-07,4.485877331867003e-07,5,1,1
odepe_v2_polish,flexible_arm,1em8,6,flexible_arm_6_1em8,DONE,local,2.040116738140315e-07,9.739812529788107e-08,5,1,1
odepe_v2_polish,flexible_arm,1em8,7,flexible_arm_7_1em8,DONE,local,7.88648330834638e-07,2.0711686496569016e-07,5,1,1
odepe_v2_polish,forced_lotka_volterra,1em8,0,forced_lotka_volterra_0_1em8,DONE,local,0.00010807074389416906,2.0963036423325e-05,4,1,1
odepe_v2_polish,forced_lotka_volterra,1em8,1,forced_lotka_volterra_1_1em8,DONE,local,0.00022249443586484107,6.864006236650188e-05,4,1,1
odepe_v2_polish,forced_lotka_volterra,1em8,2,forced_lotka_volterra_2_1em8,DONE,local,0.00010815385856139923,3.47963760224788e-05,4,1,1
odepe_v2_polish,forced_lotka_volterra,1em8,3,forced_lotka_volterra_3_1em8,DONE,local,8.249282836911981e-05,6.236998420618144e-05,4,1,1
odepe_v2_polish,forced_lotka_volterra,1em8,4,forced_lotka_volterra_4_1em8,DONE,local,7.617566012599653e-05,3.6779145852813396e-05,4,1,1
odepe_v2_polish,forced_lotka_volterra,1em8,5,forced_lotka_volterra_5_1em8,DONE,local,0.00011949415330758277,3.6970147365922884e-05,4,1,1
odepe_v2_polish,forced_lotka_volterra,1em8,6,forced_lotka_volterra_6_1em8,DONE,local,0.0008995349590594203,0.00010834586235786114,4,1,1
odepe_v2_polish,forced_lotka_volterra,1em8,7,forced_lotka_volterra_7_1em8,DONE,local,0.0009005776645949138,0.00029839409722219997,4,1,1
odepe_v2_polish,harmonic_oscillator,1em8,0,harmonic_oscillator_0_1em8,DONE,local,6.498050873528366e-11,4.878737993740955e-11,2,1,1
odepe_v2_polish,harmonic_oscillator,1em8,1,harmonic_oscillator_1_1em8,DONE,local,1.915219683526198e-11,1.7946407820938462e-11,2,1,1
odepe_v2_polish,harmonic_oscillator,1em8,2,harmonic_oscillator_2_1em8,DONE,local,2.5222879340702775e-12,1.4236656904718633e-12,2,1,1
odepe_v2_polish,harmonic_oscillator,1em8,3,harmonic_oscillator_3_1em8,DONE,local,3.1107569501501985e-12,2.8832276161304225e-12,2,1,1
odepe_v2_polish,harmonic_oscillator,1em8,4,harmonic_oscillator_4_1em8,DONE,local,8.465783629674206e-11,7.300855149566454e-11,2,1,1
odepe_v2_polish,harmonic_oscillator,1em8,5,harmonic_oscillator_5_1em8,DONE,local,9.520979921557532e-12,8.073274688860066e-12,2,1,1
odepe_v2_polish,harmonic_oscillator,1em8,6,harmonic_oscillator_6_1em8,DONE,local,1.99270242120052e-10,1.2788191540251568e-10,2,1,1
odepe_v2_polish,harmonic_oscillator,1em8,7,harmonic_oscillator_7_1em8,DONE,local,4.043200268784152e-13,3.1051511344016133e-13,2,1,1
odepe_v2_polish,hiv,1em8,0,hiv_0_1em8,DONE,local,3.287592004333429e-05,5.641915299889206e-07,10,1,1
odepe_v2_polish,hiv,1em8,1,hiv_1_1em8,DONE,local,2.7743672619969652e-05,1.2345620924552522e-06,10,1,1
odepe_v2_polish,hiv,1em8,2,hiv_2_1em8,DONE,local,5.103763394713534e-06,4.0980211501604145e-07,10,1,1
odepe_v2_polish,hiv,1em8,3,hiv_3_1em8,DONE,local,5.635636600976623e-06,5.628253205630281e-07,10,1,1
odepe_v2_polish,hiv,1em8,4,hiv_4_1em8,DONE,local,3.551002082657906e-06,1.0803024254471381e-07,10,1,1
odepe_v2_polish,hiv,1em8,5,hiv_5_1em8,DONE,local,6.521333544420457e-06,1.8675760796822403e-07,10,1,1
odepe_v2_polish,hiv,1em8,6,hiv_6_1em8,DONE,local,6.490627822736695e-05,1.6263964411757614e-06,10,1,1
odepe_v2_polish,hiv,1em8,7,hiv_7_1em8,DONE,local,1.849144571527845e-05,6.978840796012785e-07,10,1,1
odepe_v2_polish,lotka_volterra,1em8,0,lotka_volterra_0_1em8,DONE,local,8.759795155326082e-09,3.7918230224163323e-10,3,1,1
odepe_v2_polish,lotka_volterra,1em8,1,lotka_volterra_1_1em8,DONE,local,7.96800873938765e-10,5.399534985794929e-10,3,1,1
odepe_v2_polish,lotka_volterra,1em8,2,lotka_volterra_2_1em8,DONE,local,2.2839010144383737e-09,2.2003006893114254e-09,3,1,1
odepe_v2_polish,lotka_volterra,1em8,3,lotka_volterra_3_1em8,DONE,local,2.9768995254154918e-09,2.842222745206026e-09,3,1,1
odepe_v2_polish,lotka_volterra,1em8,4,lotka_volterra_4_1em8,DONE,local,4.0412213805237137e-10,3.332045171953086e-10,3,1,1
odepe_v2_polish,lotka_volterra,1em8,5,lotka_volterra_5_1em8,DONE,local,3.2663529122244917e-09,1.1380964000675264e-09,3,1,1
odepe_v2_polish,lotka_volterra,1em8,6,lotka_volterra_6_1em8,DONE,local,1.3383405909211196e-08,1.299892179282916e-08,3,1,1
odepe_v2_polish,lotka_volterra,1em8,7,lotka_volterra_7_1em8,DONE,local,3.5653011080598275e-09,3.3581661875477805e-09,3,1,1
odepe_v2_polish,mass_spring_damper,1em8,0,mass_spring_damper_0_1em8,DONE,local,2.120469316243591e-09,1.4956093453938857e-09,3,1,1
odepe_v2_polish,mass_spring_damper,1em8,1,mass_spring_damper_1_1em8,DONE,local,1.871241688170592e-09,1.4691615538569628e-10,3,1,1
odepe_v2_polish,mass_spring_damper,1em8,2,mass_spring_damper_2_1em8,DONE,local,8.779179117328271e-10,1.7683873797290902e-10,3,1,1
odepe_v2_polish,mass_spring_damper,1em8,3,mass_spring_damper_3_1em8,DONE,local,9.902701264361088e-10,3.936184146507035e-10,3,1,1
odepe_v2_polish,mass_spring_damper,1em8,4,mass_spring_damper_4_1em8,DONE,local,3.3447226320490566e-09,1.1021831881986876e-09,3,1,1
odepe_v2_polish,mass_spring_damper,1em8,5,mass_spring_damper_5_1em8,DONE,local,1.2954124545536788e-09,5.7962373976638086e-11,3,1,1
odepe_v2_polish,mass_spring_damper,1em8,6,mass_spring_damper_6_1em8,DONE,local,8.157163617011693e-10,1.9460870659237234e-10,3,1,1
odepe_v2_polish,mass_spring_damper,1em8,7,mass_spring_damper_7_1em8,DONE,local,4.699918253363124e-10,4.6529464640750894e-10,3,1,1
odepe_v2_polish,quadrotor,1em8,0,quadrotor_0_1em8,DONE,local,0.00017601335552385676,8.904801573414048e-05,2,1,1
odepe_v2_polish,quadrotor,1em8,1,quadrotor_1_1em8,DONE,local,0.00020816461826726198,0.00014843140863668553,2,1,1
odepe_v2_polish,quadrotor,1em8,2,quadrotor_2_1em8,DONE,local,8.313776518878043e-05,4.695433755766143e-05,2,1,1
odepe_v2_polish,quadrotor,1em8,3,quadrotor_3_1em8,DONE,local,0.00037398611664012316,0.0002155417604369935,2,1,1
odepe_v2_polish,quadrotor,1em8,4,quadrotor_4_1em8,DONE,local,7.45826792494356e-05,4.8855692999930165e-05,2,1,1
odepe_v2_polish,quadrotor,1em8,5,quadrotor_5_1em8,DONE,local,8.020260063878685e-05,5.154539211628693e-05,2,1,1
odepe_v2_polish,quadrotor,1em8,6,quadrotor_6_1em8,DONE,local,2.0327984086662345e-05,1.703549970061888e-05,2,1,1
odepe_v2_polish,quadrotor,1em8,7,quadrotor_7_1em8,DONE,local,0.0001860119047619118,9.751068020995792e-05,2,1,1
odepe_v2_polish,repressilator,1em8,0,repressilator_0_1em8,DONE,local,2.616091692410304e-09,2.003493397137639e-09,3,1,1
odepe_v2_polish,repressilator,1em8,1,repressilator_1_1em8,DONE,local,1.1631115781743911e-08,8.134146435526852e-09,3,1,1
odepe_v2_polish,repressilator,1em8,2,repressilator_2_1em8,DONE,local,8.216906879160233e-09,6.02740736035334e-09,3,1,1
odepe_v2_polish,repressilator,1em8,3,repressilator_3_1em8,DONE,local,3.233952550835555e-09,3.099915757114669e-09,3,1,1
odepe_v2_polish,repressilator,1em8,4,repressilator_4_1em8,DONE,local,3.5643946287498187e-09,1.3845318728085373e-09,3,1,1
odepe_v2_polish,repressilator,1em8,5,repressilator_5_1em8,DONE,local,5.77843597599206e-09,3.4998597785596298e-09,3,1,1
odepe_v2_polish,repressilator,1em8,6,repressilator_6_1em8,DONE,local,8.93041287924364e-09,7.53208468446521e-09,3,1,1
odepe_v2_polish,repressilator,1em8,7,repressilator_7_1em8,DONE,local,2.1289176067190898e-08,9.201932183358058e-09,3,1,1
odepe_v2_polish,seir,1em8,0,seir_0_1em8,DONE,local,3.238485769445915e-07,9.07645187291967e-08,3,2,1
odepe_v2_polish,seir,1em8,1,seir_1_1em8,DONE,local,2.320063749023254e-06,5.619787339010945e-07,3,2,1
odepe_v2_polish,seir,1em8,2,seir_2_1em8,DONE,local,8.718218244634328e-07,6.432939591917508e-07,3,2,1
odepe_v2_polish,seir,1em8,3,seir_3_1em8,DONE,local,1.1263931853589144e-05,1.1035021394131565e-05,3,2,1
odepe_v2_polish,seir,1em8,4,seir_4_1em8,DONE,local,0.04509688240869388,0.044726216897870326,3,2,1
odepe_v2_polish,seir,1em8,5,seir_5_1em8,DONE,local,6.429785480085992e-07,6.289701170122748e-07,3,2,1
odepe_v2_polish,seir,1em8,6,seir_6_1em8,DONE,local,0.010443004327089188,0.006849025830278477,3,2,1
odepe_v2_polish,seir,1em8,7,seir_7_1em8,DONE,local,8.971722879215713e-05,5.7553902754092166e-05,3,2,1
odepe_v2_polish,slow_fast,1em8,0,slow_fast_0_1em8,DONE,local,4.902150422805355e-08,4.126013137519397e-08,2,2,1
odepe_v2_polish,slow_fast,1em8,1,slow_fast_1_1em8,DONE,local,4.03433126310838e-08,2.8220100533394854e-08,2,2,1
odepe_v2_polish,slow_fast,1em8,2,slow_fast_2_1em8,DONE,local,1.112842994593832e-08,1.0683864852198409e-08,2,2,1
odepe_v2_polish,slow_fast,1em8,3,slow_fast_3_1em8,DONE,local,2.7361224465498523e-07,1.57737545935754e-07,2,2,1
odepe_v2_polish,slow_fast,1em8,4,slow_fast_4_1em8,DONE,local,9.69436196549556e-08,7.341493534791346e-08,2,2,1
odepe_v2_polish,slow_fast,1em8,5,slow_fast_5_1em8,DONE,local,9.543418621961752e-08,6.451275417509359e-08,2,2,1
odepe_v2_polish,slow_fast,1em8,6,slow_fast_6_1em8,DONE,local,2.8368452218729114e-08,1.6261759270090044e-08,2,2,1
odepe_v2_polish,slow_fast,1em8,7,slow_fast_7_1em8,DONE,local,1.8134822396367789e-07,9.792404418548526e-08,2,2,1
odepe_v2_polish,sirt_treatment,1em8,0,sirt_treatment_0_1em8,DONE,local,6.268743729576793e-07,6.581078048033605e-08,5,1,1
odepe_v2_polish,sirt_treatment,1em8,1,sirt_treatment_1_1em8,DONE,local,6.108668000326389e-07,1.9775367941989084e-08,5,1,1
odepe_v2_polish,sirt_treatment,1em8,2,sirt_treatment_2_1em8,DONE,local,6.751657913712235e-07,4.443046405622683e-08,5,1,1
odepe_v2_polish,sirt_treatment,1em8,3,sirt_treatment_3_1em8,DONE,local,1.7504296320494914e-07,4.856997057631516e-08,5,1,1
odepe_v2_polish,sirt_treatment,1em8,4,sirt_treatment_4_1em8,DONE,local,2.2777251391659091e-07,1.0135490040394814e-08,5,1,1
odepe_v2_polish,sirt_treatment,1em8,5,sirt_treatment_5_1em8,DONE,local,2.717720983990571e-07,3.56101136703676e-08,5,1,1
odepe_v2_polish,sirt_treatment,1em8,6,sirt_treatment_6_1em8,DONE,local,6.576014239785037e-07,9.204686667451301e-09,5,1,1
odepe_v2_polish,sirt_treatment,1em8,7,sirt_treatment_7_1em8,DONE,local,3.94900796108731e-06,2.3120844475593565e-07,5,1,1
odepe_v2_polish,vanderpol,1em8,0,vanderpol_0_1em8,DONE,local,1.581924091899958e-11,8.543820788210695e-12,2,1,1
odepe_v2_polish,vanderpol,1em8,1,vanderpol_1_1em8,DONE,local,7.534078794736386e-11,4.220905732564148e-11,2,1,1
odepe_v2_polish,vanderpol,1em8,2,vanderpol_2_1em8,DONE,local,1.932820009278417e-10,1.365083799346174e-10,2,1,1
odepe_v2_polish,vanderpol,1em8,3,vanderpol_3_1em8,DONE,local,4.2331671883367e-10,2.169558969733896e-10,2,1,1
odepe_v2_polish,vanderpol,1em8,4,vanderpol_4_1em8,DONE,local,8.604273941788595e-11,4.460928613606367e-11,2,1,1
odepe_v2_polish,vanderpol,1em8,5,vanderpol_5_1em8,DONE,local,3.418478463264781e-09,1.8510258450327017e-09,2,1,1
odepe_v2_polish,vanderpol,1em8,6,vanderpol_6_1em8,DONE,local,4.427551271419981e-11,2.2735892772534813e-11,2,1,1
odepe_v2_polish,vanderpol,1em8,7,vanderpol_7_1em8,DONE,local,5.3323643735966726e-12,2.9783758673550378e-12,2,1,1
odepe_v2_polish,latent_subpopulation_branch,1em8,0,latent_subpopulation_branch_0_1em8,DONE,local,6.844062011116781e-05,3.233570070898158e-05,6,6,1
odepe_v2_polish,latent_subpopulation_branch,1em8,1,latent_subpopulation_branch_1_1em8,DONE,local,0.059731746191768964,0.004838835121683263,6,6,1
odepe_v2_polish,latent_subpopulation_branch,1em8,2,latent_subpopulation_branch_2_1em8,DONE,local,2.7010727643549405e-05,4.146052693673791e-06,6,6,1
odepe_v2_polish,latent_subpopulation_branch,1em8,3,latent_subpopulation_branch_3_1em8,DONE,local,6.843254565521765e-05,1.3004943550892901e-05,6,6,1
odepe_v2_polish,latent_subpopulation_branch,1em8,4,latent_subpopulation_branch_4_1em8,DONE,local,1.5364940540595846e-06,5.206091290302335e-07,6,6,1
odepe_v2_polish,latent_subpopulation_branch,1em8,5,latent_subpopulation_branch_5_1em8,DONE,local,0.0002280336063639252,8.226852190590632e-06,6,6,1
odepe_v2_polish,latent_subpopulation_branch,1em8,6,latent_subpopulation_branch_6_1em8,DONE,local,9.071110209598078e-07,6.155008224677382e-08,6,6,1
odepe_v2_polish,latent_subpopulation_branch,1em8,7,latent_subpopulation_branch_7_1em8,DONE,local,9.387681735641347e-06,9.426393195077512e-07,6,6,1
odepe_v2_polish,latent_subpopulation_observed_control,1em8,0,latent_subpopulation_observed_control_0_1em8,DONE,local,2.0451608253891985e-07,3.436923014928546e-08,6,1,1
odepe_v2_polish,latent_subpopulation_observed_control,1em8,1,latent_subpopulation_observed_control_1_1em8,DONE,local,1.249836332083724e-07,1.9042339142843082e-08,6,1,1
odepe_v2_polish,latent_subpopulation_observed_control,1em8,2,latent_subpopulation_observed_control_2_1em8,DONE,local,1.1188101566738852e-08,5.9030860325955054e-09,6,1,1
odepe_v2_polish,latent_subpopulation_observed_control,1em8,3,latent_subpopulation_observed_control_3_1em8,DONE,local,2.908406899461932e-08,4.172829169132658e-09,6,1,1
odepe_v2_polish,latent_subpopulation_observed_control,1em8,4,latent_subpopulation_observed_control_4_1em8,DONE,local,6.148725764654195e-08,6.7391714787659826e-09,6,1,1
odepe_v2_polish,latent_subpopulation_observed_control,1em8,5,latent_subpopulation_observed_control_5_1em8,DONE,local,1.1126946008925739e-08,2.9065840401981212e-09,6,1,1
odepe_v2_polish,latent_subpopulation_observed_control,1em8,6,latent_subpopulation_observed_control_6_1em8,DONE,local,1.5712272365499414e-07,4.523568819233601e-08,6,1,1
odepe_v2_polish,latent_subpopulation_observed_control,1em8,7,latent_subpopulation_observed_control_7_1em8,DONE,local,6.158087948301575e-08,4.257222174501407e-09,6,1,1
odepe_v2_polish,receptor_subtype_binding_branch,1em8,0,receptor_subtype_binding_branch_0_1em8,DONE,local,0.0005861249373377705,0.00016356694880760364,6,2,1
odepe_v2_polish,receptor_subtype_binding_branch,1em8,1,receptor_subtype_binding_branch_1_1em8,DONE,local,0.001860130526099732,0.0013265560600296954,6,2,1
odepe_v2_polish,receptor_subtype_binding_branch,1em8,2,receptor_subtype_binding_branch_2_1em8,DONE,local,0.0009826619763648992,0.00023506649451326495,6,2,1
odepe_v2_polish,receptor_subtype_binding_branch,1em8,3,receptor_subtype_binding_branch_3_1em8,DONE,local,0.0008334846585892596,0.00028440272507724033,6,2,1
odepe_v2_polish,receptor_subtype_binding_branch,1em8,4,receptor_subtype_binding_branch_4_1em8,DONE,local,0.07406405433596187,0.01060609290102374,6,2,1
odepe_v2_polish,receptor_subtype_binding_branch,1em8,5,receptor_subtype_binding_branch_5_1em8,DONE,local,0.27884107818176684,0.0328300120010501,6,2,0
odepe_v2_polish,receptor_subtype_binding_branch,1em8,6,receptor_subtype_binding_branch_6_1em8,DONE,local,0.0020676100255062734,0.00014102175607445634,6,2,1
odepe_v2_polish,receptor_subtype_binding_branch,1em8,7,receptor_subtype_binding_branch_7_1em8,DONE,local,0.48431659273178007,0.0372750822873475,6,2,0
odepe_v2_polish,receptor_subtype_binding_observed_control,1em8,0,receptor_subtype_binding_observed_control_0_1em8,DONE,local,1.022546356766873e-07,4.665947073380299e-08,6,1,1
odepe_v2_polish,receptor_subtype_binding_observed_control,1em8,1,receptor_subtype_binding_observed_control_1_1em8,DONE,local,2.714356920711462e-07,9.601048720544937e-08,6,1,1
odepe_v2_polish,receptor_subtype_binding_observed_control,1em8,2,receptor_subtype_binding_observed_control_2_1em8,DONE,local,7.186096137581323e-07,4.4697400663900733e-07,6,1,1
odepe_v2_polish,receptor_subtype_binding_observed_control,1em8,3,receptor_subtype_binding_observed_control_3_1em8,DONE,local,8.814888996965871e-08,4.4444816445267624e-08,6,1,1
odepe_v2_polish,receptor_subtype_binding_observed_control,1em8,4,receptor_subtype_binding_observed_control_4_1em8,DONE,local,8.82373713924701e-07,5.6617349129479e-07,6,1,1
odepe_v2_polish,receptor_subtype_binding_observed_control,1em8,5,receptor_subtype_binding_observed_control_5_1em8,DONE,local,5.802827130445706e-07,6.138995569005223e-08,6,1,1
odepe_v2_polish,receptor_subtype_binding_observed_control,1em8,6,receptor_subtype_binding_observed_control_6_1em8,DONE,local,4.2847581160121015e-07,9.404092333472262e-08,6,1,1
odepe_v2_polish,receptor_subtype_binding_observed_control,1em8,7,receptor_subtype_binding_observed_control_7_1em8,DONE,local,1.261429113941226e-06,2.2250406998157876e-07,6,1,1
odepe_v2_polish,aircraft_pitch,1em6,0,aircraft_pitch_0_1em6,DONE,local,0.003392751099633367,8.0714824228405e-06,4,1,1
odepe_v2_polish,aircraft_pitch,1em6,1,aircraft_pitch_1_1em6,DONE,local,0.00035331618617962755,1.0849516523158437e-06,4,1,1
odepe_v2_polish,aircraft_pitch,1em6,2,aircraft_pitch_2_1em6,DONE,local,0.0029314338972892045,2.345689363227257e-05,4,1,1
odepe_v2_polish,aircraft_pitch,1em6,3,aircraft_pitch_3_1em6,DONE,local,0.001607200499338233,1.324343701122649e-05,4,1,1
odepe_v2_polish,aircraft_pitch,1em6,4,aircraft_pitch_4_1em6,DONE,local,4.512301242127718e-05,9.613632418046687e-06,4,1,1
odepe_v2_polish,aircraft_pitch,1em6,5,aircraft_pitch_5_1em6,DONE,local,0.05499331630877588,5.644692702148119e-05,4,1,1
odepe_v2_polish,aircraft_pitch,1em6,6,aircraft_pitch_6_1em6,DONE,local,0.0010143121083577844,1.4067714751803655e-06,4,1,1
odepe_v2_polish,aircraft_pitch,1em6,7,aircraft_pitch_7_1em6,DONE,local,0.0006314232235863654,2.9761910711659938e-06,4,1,1
odepe_v2_polish,bicycle_model,1em6,0,bicycle_model_0_1em6,DONE,local,1.2874603271471398e-05,1.1682510375939556e-05,3,1,1
odepe_v2_polish,bicycle_model,1em6,1,bicycle_model_1_1em6,DONE,local,7.944895808911507e-06,6.074850269899226e-06,3,1,1
odepe_v2_polish,bicycle_model,1em6,2,bicycle_model_2_1em6,DONE,local,1.2212329440609694e-05,1.1323553035756274e-05,3,1,1
odepe_v2_polish,bicycle_model,1em6,3,bicycle_model_3_1em6,DONE,local,9.638401323384843e-05,5.214022234149581e-05,3,1,1
odepe_v2_polish,bicycle_model,1em6,4,bicycle_model_4_1em6,DONE,local,5.055249221940255e-06,3.7796357098029318e-06,3,1,1
odepe_v2_polish,bicycle_model,1em6,5,bicycle_model_5_1em6,DONE,local,5.578341549414316e-06,6.526919967854458e-07,3,1,1
odepe_v2_polish,bicycle_model,1em6,6,bicycle_model_6_1em6,DONE,local,2.050515237159781e-06,1.987552517516534e-06,3,1,1
odepe_v2_polish,bicycle_model,1em6,7,bicycle_model_7_1em6,DONE,local,9.397571794002866e-05,8.481508725647043e-05,3,1,1
odepe_v2_polish,biohydrogenation,1em6,0,biohydrogenation_0_1em6,DONE,local,0.0025436923066654523,0.0002000152174036057,6,2,1
odepe_v2_polish,biohydrogenation,1em6,1,biohydrogenation_1_1em6,DONE,local,0.010453542359946406,0.0013425668324422893,6,2,1
odepe_v2_polish,biohydrogenation,1em6,2,biohydrogenation_2_1em6,DONE,local,5.763659986556567,0.0003840963605857428,6,2,0
odepe_v2_polish,biohydrogenation,1em6,3,biohydrogenation_3_1em6,DONE,local,0.03133902760576884,0.0003925385370864336,6,2,1
odepe_v2_polish,biohydrogenation,1em6,4,biohydrogenation_4_1em6,DONE,local,0.0003165649061588525,6.32118913179377e-05,6,2,1
odepe_v2_polish,biohydrogenation,1em6,5,biohydrogenation_5_1em6,DONE,local,0.0062315409106215944,0.0004266580742274331,6,2,1
odepe_v2_polish,biohydrogenation,1em6,6,biohydrogenation_6_1em6,DONE,local,4.868603751391845,1.1855039317247515,6,2,0
odepe_v2_polish,biohydrogenation,1em6,7,biohydrogenation_7_1em6,DONE,local,0.022067303090746244,0.0007834936842208488,6,2,1
odepe_v2_polish,boost_converter,1em6,0,boost_converter_0_1em6,DONE,local,0.0001375713045634991,0.00011335100446426758,3,1,1
odepe_v2_polish,boost_converter,1em6,1,boost_converter_1_1em6,DONE,local,5.451758303229792e-05,4.350019423339352e-05,3,1,1
odepe_v2_polish,boost_converter,1em6,2,boost_converter_2_1em6,DONE,local,0.0002122748807730888,5.96818268430998e-05,3,1,1
odepe_v2_polish,boost_converter,1em6,3,boost_converter_3_1em6,DONE,local,6.277428553254878e-05,2.1673311853100852e-05,3,1,1
odepe_v2_polish,boost_converter,1em6,4,boost_converter_4_1em6,DONE,local,7.659844442901998e-05,6.088677256380534e-05,3,1,1
odepe_v2_polish,boost_converter,1em6,5,boost_converter_5_1em6,DONE,local,0.00013258477219008126,0.00012180722993000762,3,1,1
odepe_v2_polish,boost_converter,1em6,6,boost_converter_6_1em6,DONE,local,0.0010955530569094066,0.0009045653755543503,3,1,1
odepe_v2_polish,boost_converter,1em6,7,boost_converter_7_1em6,DONE,local,0.00011410920516308359,5.096590458444196e-05,3,1,1
odepe_v2_polish,brusselator,1em6,0,brusselator_0_1em6,DONE,local,8.156227005668812e-07,4.083468039631133e-07,2,1,1
odepe_v2_polish,brusselator,1em6,1,brusselator_1_1em6,DONE,local,4.0195730720501835e-06,2.094436344877876e-06,2,1,1
odepe_v2_polish,brusselator,1em6,2,brusselator_2_1em6,DONE,local,7.500903351132987e-06,3.7517225522275703e-06,2,1,1
odepe_v2_polish,brusselator,1em6,3,brusselator_3_1em6,DONE,local,4.1942291773247896e-06,2.1126430542686806e-06,2,1,1
odepe_v2_polish,brusselator,1em6,4,brusselator_4_1em6,DONE,local,2.404951426172543e-06,1.4390664907628632e-06,2,1,1
odepe_v2_polish,brusselator,1em6,5,brusselator_5_1em6,DONE,local,0.9873417721518767,0.9861746342019442,2,1,0
odepe_v2_polish,brusselator,1em6,6,brusselator_6_1em6,DONE,local,1.4823977097810108,1.2411864255457743,2,1,0
odepe_v2_polish,brusselator,1em6,7,brusselator_7_1em6,DONE,local,0.0012355085443666067,0.0006177689057979991,2,1,1
odepe_v2_polish,crauste,1em6,0,crauste_0_1em6,DONE,local,0.9872449025781624,0.9812728487864678,12,1,0
odepe_v2_polish,crauste,1em6,1,crauste_1_1em6,DONE,local,28.411764705882344,0.9999589277739084,12,1,0
odepe_v2_polish,crauste,1em6,2,crauste_2_1em6,DONE,local,32726.93720999415,2.1391537959742566,12,1,0
odepe_v2_polish,crauste,1em6,3,crauste_3_1em6,DONE,local,10.453996813705215,0.5344325466497298,12,1,0
odepe_v2_polish,crauste,1em6,4,crauste_4_1em6,DONE,local,61.11180124223585,0.9999829490749549,12,1,0
odepe_v2_polish,crauste,1em6,5,crauste_5_1em6,DONE,local,13.786626908722331,0.006416259433998492,12,1,0
odepe_v2_polish,crauste,1em6,6,crauste_6_1em6,DONE,local,0.00019951016317381823,1.665203027625892e-05,12,1,1
odepe_v2_polish,crauste,1em6,7,crauste_7_1em6,DONE,local,29.769230607169177,2.2636146104344723,12,1,0
odepe_v2_polish,cstr,1em6,0,cstr_0_1em6,DONE,local,0.9989139651912812,0.021930226597517744,4,1,0
odepe_v2_polish,cstr,1em6,1,cstr_1_1em6,DONE,local,1.0046175152596286,0.0032173993466607315,4,1,0
odepe_v2_polish,cstr,1em6,2,cstr_2_1em6,DONE,local,2.535976634306066,0.07288925007856692,4,1,0
odepe_v2_polish,cstr,1em6,3,cstr_3_1em6,DONE,local,0.9951524424638989,0.0018450298068883684,4,1,0
odepe_v2_polish,cstr,1em6,4,cstr_4_1em6,DONE,local,3.9808717331499315,1.070104714899428,4,1,0
odepe_v2_polish,cstr,1em6,5,cstr_5_1em6,DONE,local,17.68969990974729,1.4985299937255925,4,1,0
odepe_v2_polish,cstr,1em6,6,cstr_6_1em6,DONE,local,0.6560586465371622,0.021077624228038834,4,1,0
odepe_v2_polish,cstr,1em6,7,cstr_7_1em6,PARSE_FAIL,local,,,,,0
odepe_v2_polish,daisy_mamil3,1em6,0,daisy_mamil3_0_1em6,DONE,local,1.9139423934400318e-05,1.905797696609989e-06,5,1,1
odepe_v2_polish,daisy_mamil3,1em6,1,daisy_mamil3_1_1em6,DONE,local,8.466364653455482e-06,5.459711591747459e-07,5,1,1
odepe_v2_polish,daisy_mamil3,1em6,2,daisy_mamil3_2_1em6,DONE,local,8.716259298028698e-06,1.455382935323202e-06,5,1,1
odepe_v2_polish,daisy_mamil3,1em6,3,daisy_mamil3_3_1em6,DONE,local,2.5083464695161464e-06,4.365859054568215e-07,5,1,1
odepe_v2_polish,daisy_mamil3,1em6,4,daisy_mamil3_4_1em6,DONE,local,4.829392118765338e-06,1.5266145864179228e-06,5,1,1
odepe_v2_polish,daisy_mamil3,1em6,5,daisy_mamil3_5_1em6,DONE,local,2.4984236407956992e-05,7.32899201412748e-06,5,1,1
odepe_v2_polish,daisy_mamil3,1em6,6,daisy_mamil3_6_1em6,DONE,local,1.1425044397146986e-05,1.1920482246799292e-06,5,1,1
odepe_v2_polish,daisy_mamil3,1em6,7,daisy_mamil3_7_1em6,DONE,local,9.770279661959738e-05,3.5757043016871573e-06,5,1,1
odepe_v2_polish,daisy_mamil4,1em6,0,daisy_mamil4_0_1em6,DONE,local,0.0005405092698922194,0.0002910047993144273,7,2,1
odepe_v2_polish,daisy_mamil4,1em6,1,daisy_mamil4_1_1em6,DONE,local,0.0021889507502376748,0.00013901946379709566,7,2,1
odepe_v2_polish,daisy_mamil4,1em6,2,daisy_mamil4_2_1em6,DONE,local,8.587152027519354e-05,2.4918366242506057e-05,7,2,1
odepe_v2_polish,daisy_mamil4,1em6,3,daisy_mamil4_3_1em6,DONE,local,9.98759532368362e-05,9.365479408927823e-05,7,2,1
odepe_v2_polish,daisy_mamil4,1em6,4,daisy_mamil4_4_1em6,DONE,local,0.0031945781068481,0.0002719141029066556,7,2,1
odepe_v2_polish,daisy_mamil4,1em6,5,daisy_mamil4_5_1em6,DONE,local,0.005158354847772014,0.0005731788643073503,7,2,1
odepe_v2_polish,daisy_mamil4,1em6,6,daisy_mamil4_6_1em6,DONE,local,0.0007867534187369896,0.00013372607351716753,7,2,1
odepe_v2_polish,daisy_mamil4,1em6,7,daisy_mamil4_7_1em6,DONE,local,0.00018213056190201517,4.4743688851503665e-06,7,2,1
odepe_v2_polish,dc_motor,1em6,0,dc_motor_0_1em6,DONE,local,5.2371657038361656e-05,3.317163915594193e-05,2,1,1
odepe_v2_polish,dc_motor,1em6,1,dc_motor_1_1em6,DONE,local,6.152274913411037e-06,3.0878870375939463e-06,2,1,1
odepe_v2_polish,dc_motor,1em6,2,dc_motor_2_1em6,DONE,local,1.7570726799289524e-05,1.0074589790347754e-05,2,1,1
odepe_v2_polish,dc_motor,1em6,3,dc_motor_3_1em6,DONE,local,0.00011344618756252931,6.573884819840717e-05,2,1,1
odepe_v2_polish,dc_motor,1em6,4,dc_motor_4_1em6,DONE,local,2.010373303482184e-05,1.8131815843820472e-05,2,1,1
odepe_v2_polish,dc_motor,1em6,5,dc_motor_5_1em6,DONE,local,1.3389917203188418e-05,9.635898392979831e-06,2,1,1
odepe_v2_polish,dc_motor,1em6,6,dc_motor_6_1em6,DONE,local,1.3219596054111992e-05,9.301455692450497e-06,2,1,1
odepe_v2_polish,dc_motor,1em6,7,dc_motor_7_1em6,DONE,local,5.991805401381725e-05,3.4215670906958566e-05,2,1,1
odepe_v2_polish,fitzhugh_nagumo,1em6,0,fitzhugh_nagumo_0_1em6,DONE,local,0.0005954847336088674,0.00019808071613798228,3,1,1
odepe_v2_polish,fitzhugh_nagumo,1em6,1,fitzhugh_nagumo_1_1em6,DONE,local,0.00034595421301972603,9.905885838164467e-05,3,1,1
odepe_v2_polish,fitzhugh_nagumo,1em6,2,fitzhugh_nagumo_2_1em6,DONE,local,0.0002758203238926648,7.76830867320031e-05,3,1,1
odepe_v2_polish,fitzhugh_nagumo,1em6,3,fitzhugh_nagumo_3_1em6,DONE,local,3.06865070165957e-05,3.062831118162152e-05,3,1,1
odepe_v2_polish,fitzhugh_nagumo,1em6,4,fitzhugh_nagumo_4_1em6,DONE,local,0.02349984788613868,0.0022842744564358936,3,1,1
odepe_v2_polish,fitzhugh_nagumo,1em6,5,fitzhugh_nagumo_5_1em6,DONE,local,0.0006641360844088811,0.0004883900404513573,3,1,1
odepe_v2_polish,fitzhugh_nagumo,1em6,6,fitzhugh_nagumo_6_1em6,DONE,local,0.00033633306110535875,0.0002719432144649534,3,1,1
odepe_v2_polish,fitzhugh_nagumo,1em6,7,fitzhugh_nagumo_7_1em6,DONE,local,0.0013712215118549284,0.0004499470757180952,3,1,1
odepe_v2_polish,flexible_arm,1em6,0,flexible_arm_0_1em6,DONE,local,1.9365088798968062e-05,1.7765177652165738e-05,5,1,1
odepe_v2_polish,flexible_arm,1em6,1,flexible_arm_1_1em6,DONE,local,5.0283935081676105e-05,3.1926145128659584e-05,5,1,1
odepe_v2_polish,flexible_arm,1em6,2,flexible_arm_2_1em6,DONE,local,0.00022634683945539774,7.332154877308294e-05,5,1,1
odepe_v2_polish,flexible_arm,1em6,3,flexible_arm_3_1em6,DONE,local,5.784795174880728e-05,3.2976670296453526e-05,5,1,1
odepe_v2_polish,flexible_arm,1em6,4,flexible_arm_4_1em6,DONE,local,2.3843404428625092e-05,1.2393021207279693e-05,5,1,1
odepe_v2_polish,flexible_arm,1em6,5,flexible_arm_5_1em6,DONE,local,0.00016181271466135855,4.716529966094666e-05,5,1,1
odepe_v2_polish,flexible_arm,1em6,6,flexible_arm_6_1em6,DONE,local,5.105807023697254e-05,2.8008723294812797e-05,5,1,1
odepe_v2_polish,flexible_arm,1em6,7,flexible_arm_7_1em6,DONE,local,4.15646375408685e-05,1.4008423994781066e-05,5,1,1
odepe_v2_polish,forced_lotka_volterra,1em6,0,forced_lotka_volterra_0_1em6,DONE,local,0.00011142239163886396,9.493914733084728e-05,4,1,1
odepe_v2_polish,forced_lotka_volterra,1em6,1,forced_lotka_volterra_1_1em6,DONE,local,0.0005581877952398101,0.0002499134247891929,4,1,1
odepe_v2_polish,forced_lotka_volterra,1em6,2,forced_lotka_volterra_2_1em6,DONE,local,0.00011394334876017332,0.0001042632057361345,4,1,1
odepe_v2_polish,forced_lotka_volterra,1em6,3,forced_lotka_volterra_3_1em6,DONE,local,0.0004017014357373307,0.0002241709649511815,4,1,1
odepe_v2_polish,forced_lotka_volterra,1em6,4,forced_lotka_volterra_4_1em6,DONE,local,0.0005936733511991554,8.791521914430984e-05,4,1,1
odepe_v2_polish,forced_lotka_volterra,1em6,5,forced_lotka_volterra_5_1em6,DONE,local,0.00018136332354209075,0.00012526377590100162,4,1,1
odepe_v2_polish,forced_lotka_volterra,1em6,6,forced_lotka_volterra_6_1em6,DONE,local,2.489683828940262e-05,7.1329201838733265e-06,4,1,1
odepe_v2_polish,forced_lotka_volterra,1em6,7,forced_lotka_volterra_7_1em6,DONE,local,0.003823071334024011,0.0010304636769480702,4,1,1
odepe_v2_polish,harmonic_oscillator,1em6,0,harmonic_oscillator_0_1em6,DONE,local,8.11416707135914e-09,6.444284564432776e-09,2,1,1
odepe_v2_polish,harmonic_oscillator,1em6,1,harmonic_oscillator_1_1em6,DONE,local,1.4672774514783514e-09,1.4204389031264199e-09,2,1,1
odepe_v2_polish,harmonic_oscillator,1em6,2,harmonic_oscillator_2_1em6,DONE,local,3.9325480313799893e-10,3.1519102552599344e-10,2,1,1
odepe_v2_polish,harmonic_oscillator,1em6,3,harmonic_oscillator_3_1em6,DONE,local,6.705288585277997e-10,5.420196948875883e-10,2,1,1
odepe_v2_polish,harmonic_oscillator,1em6,4,harmonic_oscillator_4_1em6,DONE,local,2.0395943933770866e-08,1.9304298692211545e-08,2,1,1
odepe_v2_polish,harmonic_oscillator,1em6,5,harmonic_oscillator_5_1em6,DONE,local,8.046885449932158e-09,6.354127769957256e-09,2,1,1
odepe_v2_polish,harmonic_oscillator,1em6,6,harmonic_oscillator_6_1em6,DONE,local,6.167644832699054e-08,4.2785900290448396e-08,2,1,1
odepe_v2_polish,harmonic_oscillator,1em6,7,harmonic_oscillator_7_1em6,DONE,local,7.682053191769154e-10,6.621230109395667e-10,2,1,1
odepe_v2_polish,hiv,1em6,0,hiv_0_1em6,DONE,local,0.001406890135127027,5.572173148095012e-05,10,1,1
odepe_v2_polish,hiv,1em6,1,hiv_1_1em6,DONE,local,0.003036765137095389,0.00016889296377258775,10,1,1
odepe_v2_polish,hiv,1em6,2,hiv_2_1em6,DONE,local,0.001536591408158844,9.60054814741476e-05,10,1,1
odepe_v2_polish,hiv,1em6,3,hiv_3_1em6,DONE,local,9.378478624029337e-05,3.6202419063037027e-06,10,1,1
odepe_v2_polish,hiv,1em6,4,hiv_4_1em6,DONE,local,0.00023589994091483056,4.660957895475004e-06,10,1,1
odepe_v2_polish,hiv,1em6,5,hiv_5_1em6,DONE,local,0.0007415063254023322,2.5567627998818693e-05,10,1,1
odepe_v2_polish,hiv,1em6,6,hiv_6_1em6,DONE,local,0.0019440354457948075,4.010297788499767e-05,10,1,1
odepe_v2_polish,hiv,1em6,7,hiv_7_1em6,DONE,local,0.0012254399401116403,2.2465594845735704e-05,10,1,1
odepe_v2_polish,lotka_volterra,1em6,0,lotka_volterra_0_1em6,DONE,local,6.6905329355419294e-06,1.026402147710933e-06,3,1,1
odepe_v2_polish,lotka_volterra,1em6,1,lotka_volterra_1_1em6,DONE,local,2.04006594076861e-07,1.5530521534205685e-07,3,1,1
odepe_v2_polish,lotka_volterra,1em6,2,lotka_volterra_2_1em6,DONE,local,3.164364393411013e-08,3.1575018949684866e-08,3,1,1
odepe_v2_polish,lotka_volterra,1em6,3,lotka_volterra_3_1em6,DONE,local,3.3886883186557033e-07,3.3438181387364134e-07,3,1,1
odepe_v2_polish,lotka_volterra,1em6,4,lotka_volterra_4_1em6,DONE,local,3.9598717291172424e-07,2.8890805303660727e-07,3,1,1
odepe_v2_polish,lotka_volterra,1em6,5,lotka_volterra_5_1em6,DONE,local,3.570109243937387e-07,1.4086492243976566e-07,3,1,1
odepe_v2_polish,lotka_volterra,1em6,6,lotka_volterra_6_1em6,DONE,local,5.774841738717548e-07,3.743657511729988e-07,3,1,1
odepe_v2_polish,lotka_volterra,1em6,7,lotka_volterra_7_1em6,DONE,local,1.755152292000616e-07,1.2935410512911235e-07,3,1,1
odepe_v2_polish,mass_spring_damper,1em6,0,mass_spring_damper_0_1em6,DONE,local,1.4607366958130977e-07,1.0701703757222e-07,3,1,1
odepe_v2_polish,mass_spring_damper,1em6,1,mass_spring_damper_1_1em6,DONE,local,1.429717719013502e-07,2.1007360785084074e-08,3,1,1
odepe_v2_polish,mass_spring_damper,1em6,2,mass_spring_damper_2_1em6,DONE,local,1.3434083674079864e-07,1.570833137207769e-08,3,1,1
odepe_v2_polish,mass_spring_damper,1em6,3,mass_spring_damper_3_1em6,DONE,local,6.309761257544869e-08,2.1956435115054634e-08,3,1,1
odepe_v2_polish,mass_spring_damper,1em6,4,mass_spring_damper_4_1em6,DONE,local,8.151723901549707e-08,7.087548350073e-08,3,1,1
odepe_v2_polish,mass_spring_damper,1em6,5,mass_spring_damper_5_1em6,DONE,local,4.730554246383765e-07,6.39140007383109e-08,3,1,1
odepe_v2_polish,mass_spring_damper,1em6,6,mass_spring_damper_6_1em6,DONE,local,3.312234054851882e-08,2.750324404311669e-08,3,1,1
odepe_v2_polish,mass_spring_damper,1em6,7,mass_spring_damper_7_1em6,DONE,local,5.322822476838999e-07,3.614274955867925e-08,3,1,1
odepe_v2_polish,quadrotor,1em6,0,quadrotor_0_1em6,DONE,local,0.0011431197045555469,0.000649638948399794,2,1,1
odepe_v2_polish,quadrotor,1em6,1,quadrotor_1_1em6,DONE,local,0.00041211135988314455,0.00022982617446753558,2,1,1
odepe_v2_polish,quadrotor,1em6,2,quadrotor_2_1em6,DONE,local,0.0007521685431984576,0.0004476115096828206,2,1,1
odepe_v2_polish,quadrotor,1em6,3,quadrotor_3_1em6,DONE,local,0.0003383654053859375,0.0001765691228760919,2,1,1
odepe_v2_polish,quadrotor,1em6,4,quadrotor_4_1em6,DONE,local,1.454576153619524e-05,1.0139916796258523e-05,2,1,1
odepe_v2_polish,quadrotor,1em6,5,quadrotor_5_1em6,DONE,local,0.00018903944227426856,0.00010139745118258075,2,1,1
odepe_v2_polish,quadrotor,1em6,6,quadrotor_6_1em6,DONE,local,0.00045970942350037625,0.0003049360380643467,2,1,1
odepe_v2_polish,quadrotor,1em6,7,quadrotor_7_1em6,DONE,local,0.0004396791811342522,0.00026991237447014687,2,1,1
odepe_v2_polish,repressilator,1em6,0,repressilator_0_1em6,DONE,local,6.42295333047241e-07,3.0314986514476725e-07,3,1,1
odepe_v2_polish,repressilator,1em6,1,repressilator_1_1em6,DONE,local,1.514704596151053e-06,9.760838019940544e-07,3,1,1
odepe_v2_polish,repressilator,1em6,2,repressilator_2_1em6,DONE,local,4.6218532434610197e-07,3.5769420414286627e-07,3,1,1
odepe_v2_polish,repressilator,1em6,3,repressilator_3_1em6,DONE,local,1.8651299041835702e-06,8.650095177531669e-07,3,1,1
odepe_v2_polish,repressilator,1em6,4,repressilator_4_1em6,DONE,local,7.090068338766181e-07,4.398311251479634e-07,3,1,1
odepe_v2_polish,repressilator,1em6,5,repressilator_5_1em6,DONE,local,9.511425627796259e-07,6.606609215203675e-07,3,1,1
odepe_v2_polish,repressilator,1em6,6,repressilator_6_1em6,DONE,local,3.1619216230205087e-07,2.0647831421009046e-07,3,1,1
odepe_v2_polish,repressilator,1em6,7,repressilator_7_1em6,DONE,local,1.2380400429446478e-06,5.027340502463523e-07,3,1,1
odepe_v2_polish,seir,1em6,0,seir_0_1em6,DONE,local,0.002024150306520478,0.001821115640131099,3,2,1
odepe_v2_polish,seir,1em6,1,seir_1_1em6,DONE,local,0.72041554592209,0.15996157439935668,3,2,0
odepe_v2_polish,seir,1em6,2,seir_2_1em6,DONE,local,0.07649118719538842,0.06174235440169547,3,2,1
odepe_v2_polish,seir,1em6,3,seir_3_1em6,DONE,local,0.02219382364812068,0.02166188919220026,3,2,1
odepe_v2_polish,seir,1em6,4,seir_4_1em6,DONE,local,0.15008682535093867,0.1488522740139817,3,2,0
odepe_v2_polish,seir,1em6,5,seir_5_1em6,DONE,local,6.401175946957598e-05,6.307703477555512e-05,3,2,1
odepe_v2_polish,seir,1em6,6,seir_6_1em6,DONE,local,0.05235122965347946,0.03305711212384561,3,2,1
odepe_v2_polish,seir,1em6,7,seir_7_1em6,DONE,local,0.01926663896344234,0.011908436823044379,3,2,1
odepe_v2_polish,slow_fast,1em6,0,slow_fast_0_1em6,DONE,local,3.1504746732489435e-06,1.958924809574413e-06,2,2,1
odepe_v2_polish,slow_fast,1em6,1,slow_fast_1_1em6,DONE,local,1.157302496105881e-06,9.451722800051671e-07,2,2,1
odepe_v2_polish,slow_fast,1em6,2,slow_fast_2_1em6,DONE,local,1.8220333862565073e-06,1.378873822033359e-06,2,2,1
odepe_v2_polish,slow_fast,1em6,3,slow_fast_3_1em6,DONE,local,5.297428041492277e-05,3.188695381045507e-05,2,2,1
odepe_v2_polish,slow_fast,1em6,4,slow_fast_4_1em6,DONE,local,2.4405343733589923e-06,1.7162848851750344e-06,2,2,1
odepe_v2_polish,slow_fast,1em6,5,slow_fast_5_1em6,DONE,local,1.8670299263727216e-06,1.4587863033381638e-06,2,2,1
odepe_v2_polish,slow_fast,1em6,6,slow_fast_6_1em6,DONE,local,3.2508033531345974e-06,3.0926438394433507e-06,2,2,1
odepe_v2_polish,slow_fast,1em6,7,slow_fast_7_1em6,DONE,local,2.504702378627995e-05,1.3422464512701662e-05,2,2,1
odepe_v2_polish,sirt_treatment,1em6,0,sirt_treatment_0_1em6,DONE,local,2.5469314154175523e-05,3.557458844762146e-06,5,1,1
odepe_v2_polish,sirt_treatment,1em6,1,sirt_treatment_1_1em6,DONE,local,9.212785780920996e-06,4.448922054511096e-07,5,1,1
odepe_v2_polish,sirt_treatment,1em6,2,sirt_treatment_2_1em6,DONE,local,0.0002365046846285085,1.5001208432906979e-05,5,1,1
odepe_v2_polish,sirt_treatment,1em6,3,sirt_treatment_3_1em6,DONE,local,4.871697859181784e-05,8.659627085768233e-07,5,1,1
odepe_v2_polish,sirt_treatment,1em6,4,sirt_treatment_4_1em6,DONE,local,1.348293939056333e-05,1.602406413065696e-06,5,1,1
odepe_v2_polish,sirt_treatment,1em6,5,sirt_treatment_5_1em6,DONE,local,7.989654200546083e-05,5.933151681409114e-06,5,1,1
odepe_v2_polish,sirt_treatment,1em6,6,sirt_treatment_6_1em6,DONE,local,5.6369698795783854e-05,8.619341197026744e-06,5,1,1
odepe_v2_polish,sirt_treatment,1em6,7,sirt_treatment_7_1em6,DONE,local,0.00034905342100596267,2.4733049662024667e-05,5,1,1
odepe_v2_polish,vanderpol,1em6,0,vanderpol_0_1em6,DONE,local,5.41619015009766e-09,2.8109813989097666e-09,2,1,1
odepe_v2_polish,vanderpol,1em6,1,vanderpol_1_1em6,DONE,local,9.650982567854874e-09,4.881443390674524e-09,2,1,1
odepe_v2_polish,vanderpol,1em6,2,vanderpol_2_1em6,DONE,local,3.6853968108103245e-09,2.266330905125648e-09,2,1,1
odepe_v2_polish,vanderpol,1em6,3,vanderpol_3_1em6,DONE,local,1.978314331898698e-08,1.1215541521573832e-08,2,1,1
odepe_v2_polish,vanderpol,1em6,4,vanderpol_4_1em6,DONE,local,8.541447945106669e-09,4.34955447267253e-09,2,1,1
odepe_v2_polish,vanderpol,1em6,5,vanderpol_5_1em6,DONE,local,2.779395136029133e-07,1.696591864434116e-07,2,1,1
odepe_v2_polish,vanderpol,1em6,6,vanderpol_6_1em6,DONE,local,3.5569991245499e-08,1.980468491660671e-08,2,1,1
odepe_v2_polish,vanderpol,1em6,7,vanderpol_7_1em6,DONE,local,6.915168457246609e-10,3.8692475591330783e-10,2,1,1
odepe_v2_polish,latent_subpopulation_branch,1em6,0,latent_subpopulation_branch_0_1em6,DONE,local,0.20712930241789368,0.12377186640102315,6,6,0
odepe_v2_polish,latent_subpopulation_branch,1em6,1,latent_subpopulation_branch_1_1em6,DONE,local,0.13343002636455972,0.0070013028786815755,6,6,0
odepe_v2_polish,latent_subpopulation_branch,1em6,2,latent_subpopulation_branch_2_1em6,DONE,local,0.001850714804674174,0.00031399481400959167,6,6,1
odepe_v2_polish,latent_subpopulation_branch,1em6,3,latent_subpopulation_branch_3_1em6,DONE,local,0.02369108450264053,0.003939377765666515,6,6,1
odepe_v2_polish,latent_subpopulation_branch,1em6,4,latent_subpopulation_branch_4_1em6,DONE,local,0.000658401552742435,0.00025283518505218053,6,6,1
odepe_v2_polish,latent_subpopulation_branch,1em6,5,latent_subpopulation_branch_5_1em6,DONE,local,0.007599385590612325,0.0020415282843722405,6,6,1
odepe_v2_polish,latent_subpopulation_branch,1em6,6,latent_subpopulation_branch_6_1em6,DONE,local,0.00021891991984176895,2.0928396187968026e-05,6,6,1
odepe_v2_polish,latent_subpopulation_branch,1em6,7,latent_subpopulation_branch_7_1em6,DONE,local,0.015612551527103934,0.0014154814172154474,6,6,1
odepe_v2_polish,latent_subpopulation_observed_control,1em6,0,latent_subpopulation_observed_control_0_1em6,DONE,local,1.099830969480374e-06,5.358938786698479e-07,6,1,1
odepe_v2_polish,latent_subpopulation_observed_control,1em6,1,latent_subpopulation_observed_control_1_1em6,DONE,local,1.3552159253605988e-05,1.2017615964663885e-06,6,1,1
odepe_v2_polish,latent_subpopulation_observed_control,1em6,2,latent_subpopulation_observed_control_2_1em6,DONE,local,1.5210461430155442e-06,2.454359960805258e-07,6,1,1
odepe_v2_polish,latent_subpopulation_observed_control,1em6,3,latent_subpopulation_observed_control_3_1em6,DONE,local,2.210497155330181e-06,3.0163491540979096e-07,6,1,1
odepe_v2_polish,latent_subpopulation_observed_control,1em6,4,latent_subpopulation_observed_control_4_1em6,DONE,local,4.127271036752279e-06,3.0600667334188603e-07,6,1,1
odepe_v2_polish,latent_subpopulation_observed_control,1em6,5,latent_subpopulation_observed_control_5_1em6,DONE,local,9.306797242366984e-07,1.1707425188574978e-07,6,1,1
odepe_v2_polish,latent_subpopulation_observed_control,1em6,6,latent_subpopulation_observed_control_6_1em6,DONE,local,2.8252785110631797e-05,1.4106506797541027e-06,6,1,1
odepe_v2_polish,latent_subpopulation_observed_control,1em6,7,latent_subpopulation_observed_control_7_1em6,DONE,local,4.901894296225974e-06,6.182180973838156e-07,6,1,1
odepe_v2_polish,receptor_subtype_binding_branch,1em6,0,receptor_subtype_binding_branch_0_1em6,FAILURE,,,,,,0
odepe_v2_polish,receptor_subtype_binding_branch,1em6,1,receptor_subtype_binding_branch_1_1em6,FAILURE,,,,,,0
odepe_v2_polish,receptor_subtype_binding_branch,1em6,2,receptor_subtype_binding_branch_2_1em6,FAILURE,,,,,,0
odepe_v2_polish,receptor_subtype_binding_branch,1em6,3,receptor_subtype_binding_branch_3_1em6,FAILURE,,,,,,0
odepe_v2_polish,receptor_subtype_binding_branch,1em6,4,receptor_subtype_binding_branch_4_1em6,FAILURE,,,,,,0
odepe_v2_polish,receptor_subtype_binding_branch,1em6,5,receptor_subtype_binding_branch_5_1em6,FAILURE,,,,,,0
odepe_v2_polish,receptor_subtype_binding_branch,1em6,6,receptor_subtype_binding_branch_6_1em6,FAILURE,,,,,,0
odepe_v2_polish,receptor_subtype_binding_branch,1em6,7,receptor_subtype_binding_branch_7_1em6,FAILURE,,,,,,0
odepe_v2_polish,receptor_subtype_binding_observed_control,1em6,0,receptor_subtype_binding_observed_control_0_1em6,DONE,local,7.190899112998943e-06,3.874619528249728e-06,6,1,1
odepe_v2_polish,receptor_subtype_binding_observed_control,1em6,1,receptor_subtype_binding_observed_control_1_1em6,DONE,local,5.405677539273136e-05,1.4585095367595585e-05,6,1,1
odepe_v2_polish,receptor_subtype_binding_observed_control,1em6,2,receptor_subtype_binding_observed_control_2_1em6,DONE,local,5.874040788380029e-05,2.523186485731579e-05,6,1,1
odepe_v2_polish,receptor_subtype_binding_observed_control,1em6,3,receptor_subtype_binding_observed_control_3_1em6,DONE,local,2.5023859698099992e-05,3.0862336438987205e-06,6,1,1
odepe_v2_polish,receptor_subtype_binding_observed_control,1em6,4,receptor_subtype_binding_observed_control_4_1em6,DONE,local,0.0003494507310096836,2.6523494679601284e-05,6,1,1
odepe_v2_polish,receptor_subtype_binding_observed_control,1em6,5,receptor_subtype_binding_observed_control_5_1em6,DONE,local,1.6899605103366175e-05,1.8814166588004726e-06,6,1,1
odepe_v2_polish,receptor_subtype_binding_observed_control,1em6,6,receptor_subtype_binding_observed_control_6_1em6,DONE,local,1.7760219115952703e-05,3.326440907062036e-06,6,1,1
odepe_v2_polish,receptor_subtype_binding_observed_control,1em6,7,receptor_subtype_binding_observed_control_7_1em6,DONE,local,1.7863176333342034e-05,1.0135212038965047e-05,6,1,1
odepe_v2_polish,aircraft_pitch,1em4,0,aircraft_pitch_0_1em4,DONE,local,0.0037708986000936323,8.0714824228405e-06,4,1,1
odepe_v2_polish,aircraft_pitch,1em4,1,aircraft_pitch_1_1em4,DONE,local,0.00027339559205825866,1.0849516523158437e-06,4,1,1
odepe_v2_polish,aircraft_pitch,1em4,2,aircraft_pitch_2_1em4,DONE,local,0.0001785371581838584,9.204197155822252e-07,4,1,1
odepe_v2_polish,aircraft_pitch,1em4,3,aircraft_pitch_3_1em4,DONE,local,0.004758304734570189,1.3837053545146495e-05,4,1,1
odepe_v2_polish,aircraft_pitch,1em4,4,aircraft_pitch_4_1em4,DONE,local,0.00019967575967806895,9.613632418046687e-06,4,1,1
odepe_v2_polish,aircraft_pitch,1em4,5,aircraft_pitch_5_1em4,DONE,local,0.09029700862827592,9.229246786924515e-05,4,1,1
odepe_v2_polish,aircraft_pitch,1em4,6,aircraft_pitch_6_1em4,DONE,local,0.0007772180769178973,1.4067714751803655e-06,4,1,1
odepe_v2_polish,aircraft_pitch,1em4,7,aircraft_pitch_7_1em4,DONE,local,0.0005890528361002045,2.2311935774558234e-06,4,1,1
odepe_v2_polish,bicycle_model,1em4,0,bicycle_model_0_1em4,DONE,local,3.413359324133669e-05,3.358141168370126e-05,3,1,1
odepe_v2_polish,bicycle_model,1em4,1,bicycle_model_1_1em4,DONE,local,2.2967392424050234e-05,1.8048107175845307e-05,3,1,1
odepe_v2_polish,bicycle_model,1em4,2,bicycle_model_2_1em4,DONE,local,4.1412154981132084e-05,3.6827672403839935e-05,3,1,1
odepe_v2_polish,bicycle_model,1em4,3,bicycle_model_3_1em4,DONE,local,5.459345110487189e-05,1.1136746519582385e-05,3,1,1
odepe_v2_polish,bicycle_model,1em4,4,bicycle_model_4_1em4,DONE,local,2.9669282186065306e-05,2.9447602062676106e-05,3,1,1
odepe_v2_polish,bicycle_model,1em4,5,bicycle_model_5_1em4,DONE,local,0.0002100304381488364,0.00020229393708800055,3,1,1
odepe_v2_polish,bicycle_model,1em4,6,bicycle_model_6_1em4,DONE,local,1.1229797042478549e-05,1.0421143316996722e-05,3,1,1
odepe_v2_polish,bicycle_model,1em4,7,bicycle_model_7_1em4,DONE,local,0.00123594020881496,0.0010161957183441328,3,1,1
odepe_v2_polish,biohydrogenation,1em4,0,biohydrogenation_0_1em4,DONE,local,1.0345936590270017,0.13668811886874532,6,2,0
odepe_v2_polish,biohydrogenation,1em4,1,biohydrogenation_1_1em4,DONE,local,1.1261167207463454,0.05712324921897175,6,2,0
odepe_v2_polish,biohydrogenation,1em4,2,biohydrogenation_2_1em4,DONE,local,4.612845945055226,0.020767527187813245,6,2,0
odepe_v2_polish,biohydrogenation,1em4,3,biohydrogenation_3_1em4,DONE,local,0.7269977562152297,0.023735990250479847,6,2,0
odepe_v2_polish,biohydrogenation,1em4,4,biohydrogenation_4_1em4,DONE,local,0.03674969099267836,0.007897667839022253,6,2,1
odepe_v2_polish,biohydrogenation,1em4,5,biohydrogenation_5_1em4,DONE,local,4.896420222627311,0.05458253867662317,6,2,0
odepe_v2_polish,biohydrogenation,1em4,6,biohydrogenation_6_1em4,DONE,local,2.119885577926771,0.020343167338478674,6,2,0
odepe_v2_polish,biohydrogenation,1em4,7,biohydrogenation_7_1em4,DONE,local,0.6130257759521469,0.05214606414196562,6,2,0
odepe_v2_polish,boost_converter,1em4,0,boost_converter_0_1em4,DONE,local,0.00021192520729309056,0.00016518244667658026,3,1,1
odepe_v2_polish,boost_converter,1em4,1,boost_converter_1_1em4,DONE,local,0.000321217072315671,0.0002905304108433302,3,1,1
odepe_v2_polish,boost_converter,1em4,2,boost_converter_2_1em4,DONE,local,0.00022759495011294824,7.626968650636495e-05,3,1,1
odepe_v2_polish,boost_converter,1em4,3,boost_converter_3_1em4,DONE,local,8.132216253560126e-05,6.336770999204246e-05,3,1,1
odepe_v2_polish,boost_converter,1em4,4,boost_converter_4_1em4,DONE,local,0.00045722234011222394,0.000446216480152115,3,1,1
odepe_v2_polish,boost_converter,1em4,5,boost_converter_5_1em4,DONE,local,0.00011259453481730833,3.641593356087959e-05,3,1,1
odepe_v2_polish,boost_converter,1em4,6,boost_converter_6_1em4,DONE,local,0.00016963984115158094,0.00015062804615825995,3,1,1
odepe_v2_polish,boost_converter,1em4,7,boost_converter_7_1em4,DONE,local,0.0002927237928512107,7.570839358776497e-05,3,1,1
odepe_v2_polish,brusselator,1em4,0,brusselator_0_1em4,DONE,local,0.0003104900884997728,0.00015651190004704755,2,1,1
odepe_v2_polish,brusselator,1em4,1,brusselator_1_1em4,DONE,local,0.0023642194188024917,0.0011826366835407485,2,1,1
odepe_v2_polish,brusselator,1em4,2,brusselator_2_1em4,DONE,local,0.002060413627463854,0.0010303380791221734,2,1,1
odepe_v2_polish,brusselator,1em4,3,brusselator_3_1em4,DONE,local,0.0003009671268667361,0.00015095148106969864,2,1,1
odepe_v2_polish,brusselator,1em4,4,brusselator_4_1em4,DONE,local,0.00010552226360813852,5.3391792415042896e-05,2,1,1
odepe_v2_polish,brusselator,1em4,5,brusselator_5_1em4,DONE,local,0.5523316389383567,0.2761659971645239,2,1,0
odepe_v2_polish,brusselator,1em4,6,brusselator_6_1em4,DONE,local,0.37222649499014354,0.18611339812018085,2,1,0
odepe_v2_polish,brusselator,1em4,7,brusselator_7_1em4,DONE,local,0.5228303729802956,0.2614152124863675,2,1,0
odepe_v2_polish,crauste,1em4,0,crauste_0_1em4,PARSE_FAIL,local,,,,,0
odepe_v2_polish,crauste,1em4,1,crauste_1_1em4,DONE,local,0.015563501887182076,0.00021549074158673894,12,1,1
odepe_v2_polish,crauste,1em4,2,crauste_2_1em4,DONE,local,5554016.756197171,45.042262251818045,12,1,0
odepe_v2_polish,crauste,1em4,3,crauste_3_1em4,DONE,local,0.018818288884531482,0.0005661285484600461,12,1,1
odepe_v2_polish,crauste,1em4,4,crauste_4_1em4,PARSE_FAIL,local,,,,,0
odepe_v2_polish,crauste,1em4,5,crauste_5_1em4,DONE,local,484587.9938212701,2.7365841494286123,12,1,0
odepe_v2_polish,crauste,1em4,6,crauste_6_1em4,DONE,local,0.010744811502904714,0.00011892167892321558,12,1,1
odepe_v2_polish,crauste,1em4,7,crauste_7_1em4,DONE,local,11.267112580945309,0.9999296061117224,12,1,0
odepe_v2_polish,cstr,1em4,0,cstr_0_1em4,DONE,local,0.9854471335631673,0.010481696653475701,4,1,0
odepe_v2_polish,cstr,1em4,1,cstr_1_1em4,DONE,local,1.001007457874828,0.04387569306780952,4,1,0
odepe_v2_polish,cstr,1em4,2,cstr_2_1em4,DONE,local,2.32908540613511,0.06215161218513463,4,1,0
odepe_v2_polish,cstr,1em4,3,cstr_3_1em4,DONE,local,0.9174813501240975,0.016747510900383712,4,1,0
odepe_v2_polish,cstr,1em4,4,cstr_4_1em4,DONE,local,0.6908320937045784,0.037140847225708026,4,1,0
odepe_v2_polish,cstr,1em4,5,cstr_5_1em4,DONE,local,6.583342734657038,2.124992156571004,4,1,0
odepe_v2_polish,cstr,1em4,6,cstr_6_1em4,DONE,local,0.9975256017736487,0.10908504727294346,4,1,0
odepe_v2_polish,cstr,1em4,7,cstr_7_1em4,DONE,local,0.09017249381188122,0.03480583744529618,4,1,1
odepe_v2_polish,daisy_mamil3,1em4,0,daisy_mamil3_0_1em4,DONE,local,0.016478567582976014,0.002553186520901228,5,1,1
odepe_v2_polish,daisy_mamil3,1em4,1,daisy_mamil3_1_1em4,DONE,local,0.00011264914729190427,5.698056223849426e-05,5,1,1
odepe_v2_polish,daisy_mamil3,1em4,2,daisy_mamil3_2_1em4,DONE,local,0.0005645435332569794,0.0001346643306302137,5,1,1
odepe_v2_polish,daisy_mamil3,1em4,3,daisy_mamil3_3_1em4,DONE,local,0.0005224551147276957,0.00011296506364802817,5,1,1
odepe_v2_polish,daisy_mamil3,1em4,4,daisy_mamil3_4_1em4,DONE,local,0.0004926830769339364,0.00018864181627784867,5,1,1
odepe_v2_polish,daisy_mamil3,1em4,5,daisy_mamil3_5_1em4,DONE,local,0.010233151678608348,0.004691911437451836,5,1,1
odepe_v2_polish,daisy_mamil3,1em4,6,daisy_mamil3_6_1em4,DONE,local,6.493488610968759e-05,5.0023510506331156e-05,5,1,1
odepe_v2_polish,daisy_mamil3,1em4,7,daisy_mamil3_7_1em4,DONE,local,0.0005826612622311861,0.00014034415415574704,5,1,1
odepe_v2_polish,daisy_mamil4,1em4,0,daisy_mamil4_0_1em4,DONE,local,0.009470273101988823,0.00317469241574402,7,2,1
odepe_v2_polish,daisy_mamil4,1em4,1,daisy_mamil4_1_1em4,DONE,local,0.2151678609076956,0.010312886218360079,7,2,0
odepe_v2_polish,daisy_mamil4,1em4,2,daisy_mamil4_2_1em4,DONE,local,0.024794182692545366,0.0020565606220186742,7,2,1
odepe_v2_polish,daisy_mamil4,1em4,3,daisy_mamil4_3_1em4,DONE,local,0.05765867536552976,0.00021930095549422448,7,2,1
odepe_v2_polish,daisy_mamil4,1em4,4,daisy_mamil4_4_1em4,DONE,local,0.0756804559517534,0.006179977724146574,7,2,1
odepe_v2_polish,daisy_mamil4,1em4,5,daisy_mamil4_5_1em4,DONE,local,0.3920445968251878,0.04330610964023879,7,2,0
odepe_v2_polish,daisy_mamil4,1em4,6,daisy_mamil4_6_1em4,DONE,local,0.02137830982565888,0.0053814227544661,7,2,1
odepe_v2_polish,daisy_mamil4,1em4,7,daisy_mamil4_7_1em4,DONE,local,0.035521754022446665,0.0009435124583074066,7,2,1
odepe_v2_polish,dc_motor,1em4,0,dc_motor_0_1em4,DONE,local,0.0002578597470937919,0.00013364558826481278,2,1,1
odepe_v2_polish,dc_motor,1em4,1,dc_motor_1_1em4,DONE,local,5.681314017980817e-05,3.429353711070092e-05,2,1,1
odepe_v2_polish,dc_motor,1em4,2,dc_motor_2_1em4,DONE,local,0.0003701412316525092,0.00019077500108920874,2,1,1
odepe_v2_polish,dc_motor,1em4,3,dc_motor_3_1em4,DONE,local,1.9106331199963017e-05,1.08423919906845e-05,2,1,1
odepe_v2_polish,dc_motor,1em4,4,dc_motor_4_1em4,DONE,local,3.8687638410447056e-05,3.148402364177222e-05,2,1,1
odepe_v2_polish,dc_motor,1em4,5,dc_motor_5_1em4,DONE,local,0.00016180032955459333,9.449668352294206e-05,2,1,1
odepe_v2_polish,dc_motor,1em4,6,dc_motor_6_1em4,DONE,local,0.00010111584641413503,6.006965941648764e-05,2,1,1
odepe_v2_polish,dc_motor,1em4,7,dc_motor_7_1em4,DONE,local,0.00015833062360192976,8.653884249123506e-05,2,1,1
odepe_v2_polish,fitzhugh_nagumo,1em4,0,fitzhugh_nagumo_0_1em4,DONE,local,0.014572532759767479,0.008247636022114853,3,1,1
odepe_v2_polish,fitzhugh_nagumo,1em4,1,fitzhugh_nagumo_1_1em4,DONE,local,0.0022978824788423935,0.00040390206321764703,3,1,1
odepe_v2_polish,fitzhugh_nagumo,1em4,2,fitzhugh_nagumo_2_1em4,DONE,local,0.0351090770133869,0.008463347609818163,3,1,1
odepe_v2_polish,fitzhugh_nagumo,1em4,3,fitzhugh_nagumo_3_1em4,DONE,local,0.02629746061348706,0.015743470054952812,3,1,1
odepe_v2_polish,fitzhugh_nagumo,1em4,4,fitzhugh_nagumo_4_1em4,DONE,local,0.8687332845116121,0.08149656742717137,3,1,0
odepe_v2_polish,fitzhugh_nagumo,1em4,5,fitzhugh_nagumo_5_1em4,DONE,local,0.012132155357519171,0.000238033994444879,3,1,1
odepe_v2_polish,fitzhugh_nagumo,1em4,6,fitzhugh_nagumo_6_1em4,DONE,local,0.0258572753440968,0.005839890679279542,3,1,1
odepe_v2_polish,fitzhugh_nagumo,1em4,7,fitzhugh_nagumo_7_1em4,DONE,local,0.07356039430687829,0.019991428372198052,3,1,1
odepe_v2_polish,flexible_arm,1em4,0,flexible_arm_0_1em4,DONE,local,0.006751354556648999,0.0023079393942832564,5,1,1
odepe_v2_polish,flexible_arm,1em4,1,flexible_arm_1_1em4,DONE,local,0.016786818549902927,0.009409614220265214,5,1,1
odepe_v2_polish,flexible_arm,1em4,2,flexible_arm_2_1em4,DONE,local,0.009935569893525205,0.002903920155292281,5,1,1
odepe_v2_polish,flexible_arm,1em4,3,flexible_arm_3_1em4,DONE,local,0.0037865275066444872,0.0016972903160294753,5,1,1
odepe_v2_polish,flexible_arm,1em4,4,flexible_arm_4_1em4,DONE,local,0.0038055542292345697,0.00035740245645055546,5,1,1
odepe_v2_polish,flexible_arm,1em4,5,flexible_arm_5_1em4,DONE,local,0.002677461863878907,0.0016418867067256046,5,1,1
odepe_v2_polish,flexible_arm,1em4,6,flexible_arm_6_1em4,DONE,local,0.006285490594272014,0.005081184459046523,5,1,1
odepe_v2_polish,flexible_arm,1em4,7,flexible_arm_7_1em4,DONE,local,0.02921979974859244,0.02265583354090623,5,1,1
odepe_v2_polish,forced_lotka_volterra,1em4,0,forced_lotka_volterra_0_1em4,DONE,local,4.435018272876307e-05,2.3252966256103518e-05,4,1,1
odepe_v2_polish,forced_lotka_volterra,1em4,1,forced_lotka_volterra_1_1em4,DONE,local,0.000221075013626438,5.801054779812961e-05,4,1,1
odepe_v2_polish,forced_lotka_volterra,1em4,2,forced_lotka_volterra_2_1em4,DONE,local,0.0023914237377389283,0.0013242976980217154,4,1,1
odepe_v2_polish,forced_lotka_volterra,1em4,3,forced_lotka_volterra_3_1em4,DONE,local,0.00023937225341798957,0.0001324067553429868,4,1,1
odepe_v2_polish,forced_lotka_volterra,1em4,4,forced_lotka_volterra_4_1em4,DONE,local,0.0003148936692563461,0.00028257085955032886,4,1,1
odepe_v2_polish,forced_lotka_volterra,1em4,5,forced_lotka_volterra_5_1em4,DONE,local,0.00012944185473098377,0.00010496695084935432,4,1,1
odepe_v2_polish,forced_lotka_volterra,1em4,6,forced_lotka_volterra_6_1em4,DONE,local,0.0003650581443702033,2.8557697748822256e-05,4,1,1
odepe_v2_polish,forced_lotka_volterra,1em4,7,forced_lotka_volterra_7_1em4,DONE,local,0.06946407760704412,0.0069260049895259225,4,1,1
odepe_v2_polish,harmonic_oscillator,1em4,0,harmonic_oscillator_0_1em4,DONE,local,4.688199447118641e-08,2.8885674061883714e-08,2,1,1
odepe_v2_polish,harmonic_oscillator,1em4,1,harmonic_oscillator_1_1em4,DONE,local,2.894282412941556e-07,2.794473662776523e-07,2,1,1
odepe_v2_polish,harmonic_oscillator,1em4,2,harmonic_oscillator_2_1em4,DONE,local,3.0331594192416715e-08,2.693412927421389e-08,2,1,1
odepe_v2_polish,harmonic_oscillator,1em4,3,harmonic_oscillator_3_1em4,DONE,local,3.9851781404013555e-07,3.907522863967631e-07,2,1,1
odepe_v2_polish,harmonic_oscillator,1em4,4,harmonic_oscillator_4_1em4,DONE,local,2.0340261427456318e-07,1.5018589936722864e-07,2,1,1
odepe_v2_polish,harmonic_oscillator,1em4,5,harmonic_oscillator_5_1em4,DONE,local,1.7029818098011676e-06,1.448919117508119e-06,2,1,1
odepe_v2_polish,harmonic_oscillator,1em4,6,harmonic_oscillator_6_1em4,DONE,local,6.19505215608455e-06,4.555766540086791e-06,2,1,1
odepe_v2_polish,harmonic_oscillator,1em4,7,harmonic_oscillator_7_1em4,DONE,local,3.176389965201234e-08,2.9639552780871954e-08,2,1,1
odepe_v2_polish,hiv,1em4,0,hiv_0_1em4,DONE,local,0.9949767697738138,0.020938543885460542,10,1,0
odepe_v2_polish,hiv,1em4,1,hiv_1_1em4,DONE,local,0.06659745035312316,0.02227631012079137,10,1,1
odepe_v2_polish,hiv,1em4,2,hiv_2_1em4,DONE,local,0.044182483731430106,0.003746586974860637,10,1,1
odepe_v2_polish,hiv,1em4,3,hiv_3_1em4,DONE,local,0.03973103308272579,0.011707458293363952,10,1,1
odepe_v2_polish,hiv,1em4,4,hiv_4_1em4,DONE,local,0.003954115726669696,0.0011180100336453814,10,1,1
odepe_v2_polish,hiv,1em4,5,hiv_5_1em4,DONE,local,0.1591954311324728,0.008570840242422464,10,1,0
odepe_v2_polish,hiv,1em4,6,hiv_6_1em4,DONE,local,0.023448033385222597,0.002787358194905041,10,1,1
odepe_v2_polish,hiv,1em4,7,hiv_7_1em4,DONE,local,0.13808655441452675,0.005291467047474582,10,1,0
odepe_v2_polish,lotka_volterra,1em4,0,lotka_volterra_0_1em4,DONE,local,0.00032943459062341446,4.368842218202551e-05,3,1,1
odepe_v2_polish,lotka_volterra,1em4,1,lotka_volterra_1_1em4,DONE,local,1.7654128396849495e-05,1.691995170517384e-05,3,1,1
odepe_v2_polish,lotka_volterra,1em4,2,lotka_volterra_2_1em4,DONE,local,6.057225461949164e-06,3.896722494999371e-06,3,1,1
odepe_v2_polish,lotka_volterra,1em4,3,lotka_volterra_3_1em4,DONE,local,1.4690554731239122e-05,1.2906894364946246e-05,3,1,1
odepe_v2_polish,lotka_volterra,1em4,4,lotka_volterra_4_1em4,DONE,local,8.253130210729902e-05,7.239547379820954e-05,3,1,1
odepe_v2_polish,lotka_volterra,1em4,5,lotka_volterra_5_1em4,DONE,local,5.702146163709729e-06,5.193051937273839e-06,3,1,1
odepe_v2_polish,lotka_volterra,1em4,6,lotka_volterra_6_1em4,DONE,local,4.600911491179095e-05,3.998243151147886e-05,3,1,1
odepe_v2_polish,lotka_volterra,1em4,7,lotka_volterra_7_1em4,DONE,local,6.98385934469337e-05,6.524663638994395e-05,3,1,1
odepe_v2_polish,mass_spring_damper,1em4,0,mass_spring_damper_0_1em4,DONE,local,3.23915241998259e-05,4.347335539550985e-06,3,1,1
odepe_v2_polish,mass_spring_damper,1em4,1,mass_spring_damper_1_1em4,DONE,local,2.0205101422089918e-05,8.95618256319385e-06,3,1,1
odepe_v2_polish,mass_spring_damper,1em4,2,mass_spring_damper_2_1em4,DONE,local,3.740190358720773e-06,2.3771415490095295e-06,3,1,1
odepe_v2_polish,mass_spring_damper,1em4,3,mass_spring_damper_3_1em4,DONE,local,1.3401732427513005e-05,5.007416870805476e-06,3,1,1
odepe_v2_polish,mass_spring_damper,1em4,4,mass_spring_damper_4_1em4,DONE,local,1.719364054039301e-05,8.375411805614986e-06,3,1,1
odepe_v2_polish,mass_spring_damper,1em4,5,mass_spring_damper_5_1em4,DONE,local,2.4623349369003377e-05,2.641353019959551e-06,3,1,1
odepe_v2_polish,mass_spring_damper,1em4,6,mass_spring_damper_6_1em4,DONE,local,1.2652964976272492e-06,1.1927160984152939e-06,3,1,1
odepe_v2_polish,mass_spring_damper,1em4,7,mass_spring_damper_7_1em4,DONE,local,2.9614195286106762e-05,5.156278028047297e-06,3,1,1
odepe_v2_polish,quadrotor,1em4,0,quadrotor_0_1em4,DONE,local,0.0010597336460166362,0.0005495034819132426,2,1,1
odepe_v2_polish,quadrotor,1em4,1,quadrotor_1_1em4,DONE,local,0.0002508877085990088,0.00016092364024971486,2,1,1
odepe_v2_polish,quadrotor,1em4,2,quadrotor_2_1em4,DONE,local,0.0015151079963234575,0.0009189563027129252,2,1,1
odepe_v2_polish,quadrotor,1em4,3,quadrotor_3_1em4,DONE,local,0.001394478378781843,0.0010378547387860863,2,1,1
odepe_v2_polish,quadrotor,1em4,4,quadrotor_4_1em4,DONE,local,0.00021718818450644495,0.00014180552973349473,2,1,1
odepe_v2_polish,quadrotor,1em4,5,quadrotor_5_1em4,DONE,local,0.0006150870487608436,0.00043385238939776445,2,1,1
odepe_v2_polish,quadrotor,1em4,6,quadrotor_6_1em4,DONE,local,0.0005365154087143024,0.0003610230577304985,2,1,1
odepe_v2_polish,quadrotor,1em4,7,quadrotor_7_1em4,DONE,local,0.0006906014901620441,0.0004897645022802245,2,1,1
odepe_v2_polish,repressilator,1em4,0,repressilator_0_1em4,DONE,local,3.7027245865999594e-05,1.3995081847878925e-05,3,1,1
odepe_v2_polish,repressilator,1em4,1,repressilator_1_1em4,DONE,local,9.85863352775449e-05,6.134114569806481e-05,3,1,1
odepe_v2_polish,repressilator,1em4,2,repressilator_2_1em4,DONE,local,0.00011599377989634874,7.770054058526652e-05,3,1,1
odepe_v2_polish,repressilator,1em4,3,repressilator_3_1em4,DONE,local,1.7599403192687234e-05,3.726544911900824e-06,3,1,1
odepe_v2_polish,repressilator,1em4,4,repressilator_4_1em4,DONE,local,0.00022215993929798527,0.00015803658787768782,3,1,1
odepe_v2_polish,repressilator,1em4,5,repressilator_5_1em4,DONE,local,0.00013500917032980599,5.392251515607807e-05,3,1,1
odepe_v2_polish,repressilator,1em4,6,repressilator_6_1em4,DONE,local,9.905438940630567e-05,5.896726422270457e-05,3,1,1
odepe_v2_polish,repressilator,1em4,7,repressilator_7_1em4,DONE,local,0.0001742338881454476,6.803253394756198e-05,3,1,1
odepe_v2_polish,seir,1em4,0,seir_0_1em4,DONE,local,0.0008956526604644299,0.000391967764766092,3,2,1
odepe_v2_polish,seir,1em4,1,seir_1_1em4,DONE,local,0.19655887972604627,0.0664856442235672,3,2,0
odepe_v2_polish,seir,1em4,2,seir_2_1em4,DONE,local,0.0863875784047249,0.06658071370116844,3,2,1
odepe_v2_polish,seir,1em4,3,seir_3_1em4,DONE,local,1487.9275643649657,1.7621456288516302,3,2,0
odepe_v2_polish,seir,1em4,4,seir_4_1em4,DONE,local,0.13443807317159587,0.1341361548166529,3,2,0
odepe_v2_polish,seir,1em4,5,seir_5_1em4,DONE,local,0.0028786103832294206,0.002521414548222878,3,2,1
odepe_v2_polish,seir,1em4,6,seir_6_1em4,DONE,local,2.8582718507087903,0.8945217627382466,3,2,0
odepe_v2_polish,seir,1em4,7,seir_7_1em4,DONE,local,0.3852445345567111,0.21662037469019943,3,2,0
odepe_v2_polish,slow_fast,1em4,0,slow_fast_0_1em4,DONE,local,8.99530679073719,5.505414546302154,2,2,0
odepe_v2_polish,slow_fast,1em4,1,slow_fast_1_1em4,DONE,local,0.4015529011648073,0.2590846006567422,2,2,0
odepe_v2_polish,slow_fast,1em4,2,slow_fast_2_1em4,DONE,local,6.087034996388781,4.662437802908533,2,2,0
odepe_v2_polish,slow_fast,1em4,3,slow_fast_3_1em4,DONE,local,2.8512826333314427,1.4588984956324818,2,2,0
odepe_v2_polish,slow_fast,1em4,4,slow_fast_4_1em4,DONE,local,0.0020512335325298483,0.0011585294492328408,2,2,1
odepe_v2_polish,slow_fast,1em4,5,slow_fast_5_1em4,DONE,local,0.0069601108007725275,0.005017375847682457,2,2,1
odepe_v2_polish,slow_fast,1em4,6,slow_fast_6_1em4,DONE,local,8.647432289069885,5.26054120477116,2,2,0
odepe_v2_polish,slow_fast,1em4,7,slow_fast_7_1em4,DONE,local,0.11918578110282503,0.06694450974616521,2,2,0
odepe_v2_polish,sirt_treatment,1em4,0,sirt_treatment_0_1em4,DONE,local,0.0011420592913100758,0.00013363836390117286,5,1,1
odepe_v2_polish,sirt_treatment,1em4,1,sirt_treatment_1_1em4,DONE,local,0.0022158234499843887,6.313432403856658e-05,5,1,1
odepe_v2_polish,sirt_treatment,1em4,2,sirt_treatment_2_1em4,DONE,local,0.029986733959258473,0.0022089305174557107,5,1,1
odepe_v2_polish,sirt_treatment,1em4,3,sirt_treatment_3_1em4,DONE,local,0.014554398098839506,0.00016540262962222785,5,1,1
odepe_v2_polish,sirt_treatment,1em4,4,sirt_treatment_4_1em4,DONE,local,0.0014075874406225708,4.1687095578172915e-05,5,1,1
odepe_v2_polish,sirt_treatment,1em4,5,sirt_treatment_5_1em4,DONE,local,0.014132111212149492,0.0014284289591427713,5,1,1
odepe_v2_polish,sirt_treatment,1em4,6,sirt_treatment_6_1em4,DONE,local,0.000784604393101379,0.0002932879215607817,5,1,1
odepe_v2_polish,sirt_treatment,1em4,7,sirt_treatment_7_1em4,DONE,local,0.016412874620677993,0.001172097047923106,5,1,1
odepe_v2_polish,vanderpol,1em4,0,vanderpol_0_1em4,DONE,local,5.451202188314174e-07,3.005993525846766e-07,2,1,1
odepe_v2_polish,vanderpol,1em4,1,vanderpol_1_1em4,DONE,local,3.022365383107114e-07,1.9885642819047916e-07,2,1,1
odepe_v2_polish,vanderpol,1em4,2,vanderpol_2_1em4,DONE,local,8.124555800289725e-07,5.757400168164027e-07,2,1,1
odepe_v2_polish,vanderpol,1em4,3,vanderpol_3_1em4,DONE,local,2.4817002733468044e-06,1.4156394925749433e-06,2,1,1
odepe_v2_polish,vanderpol,1em4,4,vanderpol_4_1em4,DONE,local,1.2360059894976923e-06,6.328158717531531e-07,2,1,1
odepe_v2_polish,vanderpol,1em4,5,vanderpol_5_1em4,DONE,local,8.885231867243535e-06,6.571596919710201e-06,2,1,1
odepe_v2_polish,vanderpol,1em4,6,vanderpol_6_1em4,DONE,local,1.7270823145826e-07,1.1797167156246573e-07,2,1,1
odepe_v2_polish,vanderpol,1em4,7,vanderpol_7_1em4,DONE,local,1.3258665001660287e-07,7.743586985655249e-08,2,1,1
odepe_v2_polish,latent_subpopulation_branch,1em4,0,latent_subpopulation_branch_0_1em4,DONE,local,0.05501926103727469,0.019089334669372113,6,6,1
odepe_v2_polish,latent_subpopulation_branch,1em4,1,latent_subpopulation_branch_1_1em4,DONE,local,4.581432022134789,0.044927501574865844,6,6,0
odepe_v2_polish,latent_subpopulation_branch,1em4,2,latent_subpopulation_branch_2_1em4,DONE,local,0.05030761958300324,0.007177973318032211,6,6,1
odepe_v2_polish,latent_subpopulation_branch,1em4,3,latent_subpopulation_branch_3_1em4,DONE,local,2.219888442646529,0.26608444818442356,6,6,0
odepe_v2_polish,latent_subpopulation_branch,1em4,4,latent_subpopulation_branch_4_1em4,DONE,local,0.05566171659955514,0.020074966233425626,6,6,1
odepe_v2_polish,latent_subpopulation_branch,1em4,5,latent_subpopulation_branch_5_1em4,DONE,local,0.2868731111410014,0.1728915270330333,6,6,0
odepe_v2_polish,latent_subpopulation_branch,1em4,6,latent_subpopulation_branch_6_1em4,DONE,local,0.00994847271067755,0.0008077784654641155,6,6,1
odepe_v2_polish,latent_subpopulation_branch,1em4,7,latent_subpopulation_branch_7_1em4,DONE,local,0.5168450787504764,0.12120042100849102,6,6,0
odepe_v2_polish,latent_subpopulation_observed_control,1em4,0,latent_subpopulation_observed_control_0_1em4,DONE,local,0.0010577070661645454,0.00014117509789221354,6,1,1
odepe_v2_polish,latent_subpopulation_observed_control,1em4,1,latent_subpopulation_observed_control_1_1em4,DONE,local,0.0016112963422271495,0.000535566977009558,6,1,1
odepe_v2_polish,latent_subpopulation_observed_control,1em4,2,latent_subpopulation_observed_control_2_1em4,DONE,local,8.293558358151962e-05,1.3984801529174016e-05,6,1,1
odepe_v2_polish,latent_subpopulation_observed_control,1em4,3,latent_subpopulation_observed_control_3_1em4,DONE,local,0.00033189726580951096,2.9561434627881852e-05,6,1,1
odepe_v2_polish,latent_subpopulation_observed_control,1em4,4,latent_subpopulation_observed_control_4_1em4,DONE,local,0.0010390433633277601,6.859174874038875e-05,6,1,1
odepe_v2_polish,latent_subpopulation_observed_control,1em4,5,latent_subpopulation_observed_control_5_1em4,DONE,local,0.00014864301979665304,2.3769720981821448e-05,6,1,1
odepe_v2_polish,latent_subpopulation_observed_control,1em4,6,latent_subpopulation_observed_control_6_1em4,DONE,local,0.0015312862161033123,2.648312125585306e-05,6,1,1
odepe_v2_polish,latent_subpopulation_observed_control,1em4,7,latent_subpopulation_observed_control_7_1em4,DONE,local,0.0002826744620342983,2.2287214727384777e-05,6,1,1
odepe_v2_polish,receptor_subtype_binding_branch,1em4,0,receptor_subtype_binding_branch_0_1em4,FAILURE,,,,,,0
odepe_v2_polish,receptor_subtype_binding_branch,1em4,1,receptor_subtype_binding_branch_1_1em4,FAILURE,,,,,,0
odepe_v2_polish,receptor_subtype_binding_branch,1em4,2,receptor_subtype_binding_branch_2_1em4,FAILURE,,,,,,0
odepe_v2_polish,receptor_subtype_binding_branch,1em4,3,receptor_subtype_binding_branch_3_1em4,FAILURE,,,,,,0
odepe_v2_polish,receptor_subtype_binding_branch,1em4,4,receptor_subtype_binding_branch_4_1em4,FAILURE,,,,,,0
odepe_v2_polish,receptor_subtype_binding_branch,1em4,5,receptor_subtype_binding_branch_5_1em4,FAILURE,,,,,,0
odepe_v2_polish,receptor_subtype_binding_branch,1em4,6,receptor_subtype_binding_branch_6_1em4,FAILURE,,,,,,0
odepe_v2_polish,receptor_subtype_binding_branch,1em4,7,receptor_subtype_binding_branch_7_1em4,FAILURE,,,,,,0
odepe_v2_polish,receptor_subtype_binding_observed_control,1em4,0,receptor_subtype_binding_observed_control_0_1em4,DONE,local,0.0005083468631900414,0.00021814552461482385,6,1,1
odepe_v2_polish,receptor_subtype_binding_observed_control,1em4,1,receptor_subtype_binding_observed_control_1_1em4,DONE,local,0.001027666268514545,0.000761646235658923,6,1,1
odepe_v2_polish,receptor_subtype_binding_observed_control,1em4,2,receptor_subtype_binding_observed_control_2_1em4,DONE,local,0.013247624014301549,0.004301301673669267,6,1,1
odepe_v2_polish,receptor_subtype_binding_observed_control,1em4,3,receptor_subtype_binding_observed_control_3_1em4,DONE,local,0.00043952835836915495,0.00014266497184348077,6,1,1
odepe_v2_polish,receptor_subtype_binding_observed_control,1em4,4,receptor_subtype_binding_observed_control_4_1em4,DONE,local,0.019124025043756713,0.003391005198739766,6,1,1
odepe_v2_polish,receptor_subtype_binding_observed_control,1em4,5,receptor_subtype_binding_observed_control_5_1em4,DONE,local,0.004813842410033796,0.0005595308294355476,6,1,1
odepe_v2_polish,receptor_subtype_binding_observed_control,1em4,6,receptor_subtype_binding_observed_control_6_1em4,DONE,local,0.002479876036001461,0.0005588274903010956,6,1,1
odepe_v2_polish,receptor_subtype_binding_observed_control,1em4,7,receptor_subtype_binding_observed_control_7_1em4,DONE,local,0.002870669899434328,0.001072286044380844,6,1,1
odepe_v2_polish,aircraft_pitch,1em2,0,aircraft_pitch_0_1em2,DONE,local,0.011750248611950505,6.35807229972049e-05,4,1,1
odepe_v2_polish,aircraft_pitch,1em2,1,aircraft_pitch_1_1em2,DONE,local,0.033342280857999514,0.00014288789989542084,4,1,1
odepe_v2_polish,aircraft_pitch,1em2,2,aircraft_pitch_2_1em2,DONE,local,0.04632060685744422,0.0002709978358769073,4,1,1
odepe_v2_polish,aircraft_pitch,1em2,3,aircraft_pitch_3_1em2,DONE,local,0.002989097687630129,3.9478134902160274e-05,4,1,1
odepe_v2_polish,aircraft_pitch,1em2,4,aircraft_pitch_4_1em2,DONE,local,0.001312495476037372,2.1032257756088396e-05,4,1,1
odepe_v2_polish,aircraft_pitch,1em2,5,aircraft_pitch_5_1em2,DONE,local,1.053879040390698,0.0007497438224743302,4,1,0
odepe_v2_polish,aircraft_pitch,1em2,6,aircraft_pitch_6_1em2,DONE,local,0.1601606210072835,0.00018382178186274162,4,1,0
odepe_v2_polish,aircraft_pitch,1em2,7,aircraft_pitch_7_1em2,DONE,local,0.12151430739837434,0.0009326921589836494,4,1,0
odepe_v2_polish,bicycle_model,1em2,0,bicycle_model_0_1em2,DONE,local,0.0002640088399250932,0.0002601951747745533,3,1,1
odepe_v2_polish,bicycle_model,1em2,1,bicycle_model_1_1em2,DONE,local,0.0006380302961482219,0.0006306267887180886,3,1,1
odepe_v2_polish,bicycle_model,1em2,2,bicycle_model_2_1em2,DONE,local,0.00020501348707414725,0.0001731756777047335,3,1,1
odepe_v2_polish,bicycle_model,1em2,3,bicycle_model_3_1em2,DONE,local,0.0026140910823171525,0.002524136367002402,3,1,1
odepe_v2_polish,bicycle_model,1em2,4,bicycle_model_4_1em2,DONE,local,0.0004787910275343132,0.00043169042682124006,3,1,1
odepe_v2_polish,bicycle_model,1em2,5,bicycle_model_5_1em2,DONE,local,0.0007159350669547547,0.0006431992172350391,3,1,1
odepe_v2_polish,bicycle_model,1em2,6,bicycle_model_6_1em2,DONE,local,7.559427626201735e-05,4.2464557566120924e-05,3,1,1
odepe_v2_polish,bicycle_model,1em2,7,bicycle_model_7_1em2,DONE,local,0.004212076938677928,0.004086581143465932,3,1,1
odepe_v2_polish,biohydrogenation,1em2,0,biohydrogenation_0_1em2,DONE,local,0.9999709569270847,0.05816014011925196,6,2,0
odepe_v2_polish,biohydrogenation,1em2,1,biohydrogenation_1_1em2,DONE,local,2.758414499991244,0.6338659184078554,6,2,0
odepe_v2_polish,biohydrogenation,1em2,2,biohydrogenation_2_1em2,DONE,local,0.9999129904020384,0.3072123275935586,6,2,0
odepe_v2_polish,biohydrogenation,1em2,3,biohydrogenation_3_1em2,DONE,local,8.534578451898845,0.5950434606686386,6,2,0
odepe_v2_polish,biohydrogenation,1em2,4,biohydrogenation_4_1em2,DONE,local,0.7659873492778957,0.2154947542752882,6,2,0
odepe_v2_polish,biohydrogenation,1em2,5,biohydrogenation_5_1em2,DONE,local,4.907946304151953,0.05366604237562322,6,2,0
odepe_v2_polish,biohydrogenation,1em2,6,biohydrogenation_6_1em2,DONE,local,8.25252558566432,0.04748056263366947,6,2,0
odepe_v2_polish,biohydrogenation,1em2,7,biohydrogenation_7_1em2,DONE,local,0.9999499934327882,0.4794197413408402,6,2,0
odepe_v2_polish,boost_converter,1em2,0,boost_converter_0_1em2,DONE,local,0.006958976624503961,0.006045527873127613,3,1,1
odepe_v2_polish,boost_converter,1em2,1,boost_converter_1_1em2,DONE,local,0.003792537516684936,0.0034347925430689443,3,1,1
odepe_v2_polish,boost_converter,1em2,2,boost_converter_2_1em2,DONE,local,0.006191008371154405,0.001556056861089036,3,1,1
odepe_v2_polish,boost_converter,1em2,3,boost_converter_3_1em2,DONE,local,0.008069875066868697,0.006019002223435396,3,1,1
odepe_v2_polish,boost_converter,1em2,4,boost_converter_4_1em2,DONE,local,0.0031829009184965334,0.000897424534035668,3,1,1
odepe_v2_polish,boost_converter,1em2,5,boost_converter_5_1em2,DONE,local,0.0032260157480960686,0.002516376373430322,3,1,1
odepe_v2_polish,boost_converter,1em2,6,boost_converter_6_1em2,DONE,local,0.003545358640338306,0.0031121839705169334,3,1,1
odepe_v2_polish,boost_converter,1em2,7,boost_converter_7_1em2,DONE,local,0.007769020106082817,0.005405951299731952,3,1,1
odepe_v2_polish,brusselator,1em2,0,brusselator_0_1em2,DONE,local,0.014971436743692326,0.007553815703212138,2,1,1
odepe_v2_polish,brusselator,1em2,1,brusselator_1_1em2,DONE,local,0.02883548776732619,0.01449440254085362,2,1,1
odepe_v2_polish,brusselator,1em2,2,brusselator_2_1em2,DONE,local,0.6959740827113486,0.34803919205074557,2,1,0
odepe_v2_polish,brusselator,1em2,3,brusselator_3_1em2,DONE,local,0.08155991960031116,0.040802998449046037,2,1,1
odepe_v2_polish,brusselator,1em2,4,brusselator_4_1em2,DONE,local,0.021590246145981422,0.010798221771346561,2,1,1
odepe_v2_polish,brusselator,1em2,5,brusselator_5_1em2,DONE,local,0.9999853497923595,0.6395245104466508,2,1,0
odepe_v2_polish,brusselator,1em2,6,brusselator_6_1em2,DONE,local,0.7540144992341159,0.3770720940995076,2,1,0
odepe_v2_polish,brusselator,1em2,7,brusselator_7_1em2,DONE,local,0.6205379185394293,0.3102908594985864,2,1,0
odepe_v2_polish,crauste,1em2,0,crauste_0_1em2,DONE,local,29.648341919251962,0.9891215166648075,12,1,0
odepe_v2_polish,crauste,1em2,1,crauste_1_1em2,DONE,local,99718.55299868426,20.34050405476451,12,1,0
odepe_v2_polish,crauste,1em2,2,crauste_2_1em2,DONE,local,9.259314005604631,0.9893270030973716,12,1,0
odepe_v2_polish,crauste,1em2,3,crauste_3_1em2,DONE,local,12.831258644531975,0.6093734755858997,12,1,0
odepe_v2_polish,crauste,1em2,4,crauste_4_1em2,DONE,local,120044.14775331257,9.73358873925817,12,1,0
odepe_v2_polish,crauste,1em2,5,crauste_5_1em2,DONE,local,9143267.12917869,37.102055444301946,12,1,0
odepe_v2_polish,crauste,1em2,6,crauste_6_1em2,DONE,local,40.152263314924944,0.9970112418509047,12,1,0
odepe_v2_polish,crauste,1em2,7,crauste_7_1em2,DONE,local,30.152647975077876,0.9999560055094113,12,1,0
odepe_v2_polish,cstr,1em2,0,cstr_0_1em2,DONE,local,1.289578583741103,0.08864956770676385,4,1,0
odepe_v2_polish,cstr,1em2,1,cstr_1_1em2,DONE,local,0.883638615457359,0.1846323701348559,4,1,0
odepe_v2_polish,cstr,1em2,2,cstr_2_1em2,DONE,local,0.8882751464843749,0.1959579444430058,4,1,0
odepe_v2_polish,cstr,1em2,3,cstr_3_1em2,DONE,local,8.124146829873647,0.1837995140050167,4,1,0
odepe_v2_polish,cstr,1em2,4,cstr_4_1em2,DONE,local,1.2119374829669332,0.41090241338375505,4,1,0
odepe_v2_polish,cstr,1em2,5,cstr_5_1em2,DONE,local,3.2114284789364644,0.447089732611879,4,1,0
odepe_v2_polish,cstr,1em2,6,cstr_6_1em2,DONE,local,78.86452834670608,0.35727856944965153,4,1,0
odepe_v2_polish,cstr,1em2,7,cstr_7_1em2,DONE,local,22.228812139026402,0.12152173808314037,4,1,0
odepe_v2_polish,daisy_mamil3,1em2,0,daisy_mamil3_0_1em2,DONE,local,0.7388773703828234,0.1630097942934069,5,1,0
odepe_v2_polish,daisy_mamil3,1em2,1,daisy_mamil3_1_1em2,DONE,local,0.08570305571298685,0.0074087938364571695,5,1,1
odepe_v2_polish,daisy_mamil3,1em2,2,daisy_mamil3_2_1em2,DONE,local,0.07471722943112923,0.01535542907416468,5,1,1
odepe_v2_polish,daisy_mamil3,1em2,3,daisy_mamil3_3_1em2,DONE,local,0.059268719847033594,0.01147022301456483,5,1,1
odepe_v2_polish,daisy_mamil3,1em2,4,daisy_mamil3_4_1em2,DONE,local,0.1334879593620398,0.055898974854577003,5,1,0
odepe_v2_polish,daisy_mamil3,1em2,5,daisy_mamil3_5_1em2,DONE,local,0.31648642567912166,0.1267379917182577,5,1,0
odepe_v2_polish,daisy_mamil3,1em2,6,daisy_mamil3_6_1em2,DONE,local,0.2135984114634428,0.04050724707516421,5,1,0
odepe_v2_polish,daisy_mamil3,1em2,7,daisy_mamil3_7_1em2,DONE,local,0.1528942974907883,0.00635175286949832,5,1,0
odepe_v2_polish,daisy_mamil4,1em2,0,daisy_mamil4_0_1em2,DONE,local,0.6184095033814514,0.2387029090626052,7,2,0
odepe_v2_polish,daisy_mamil4,1em2,1,daisy_mamil4_1_1em2,DONE,local,17.20411726196191,0.11148005387941902,7,2,0
odepe_v2_polish,daisy_mamil4,1em2,2,daisy_mamil4_2_1em2,DONE,local,0.48308358413073554,0.09220615734435501,7,2,0
odepe_v2_polish,daisy_mamil4,1em2,3,daisy_mamil4_3_1em2,DONE,local,0.9463966233694834,0.03436406579611914,7,2,0
odepe_v2_polish,daisy_mamil4,1em2,4,daisy_mamil4_4_1em2,DONE,local,0.999909032909899,0.10391279889400631,7,2,0
odepe_v2_polish,daisy_mamil4,1em2,5,daisy_mamil4_5_1em2,DONE,local,0.9998720969527246,0.09965146573312023,7,2,0
odepe_v2_polish,daisy_mamil4,1em2,6,daisy_mamil4_6_1em2,DONE,local,8.18371963946861,0.5149074723812445,7,2,0
odepe_v2_polish,daisy_mamil4,1em2,7,daisy_mamil4_7_1em2,DONE,local,0.2759722023716424,0.006445354827225708,7,2,0
odepe_v2_polish,dc_motor,1em2,0,dc_motor_0_1em2,DONE,local,0.007229448801063577,0.004110248894726352,2,1,1
odepe_v2_polish,dc_motor,1em2,1,dc_motor_1_1em2,DONE,local,0.0027307749284121775,0.0015299213804786773,2,1,1
odepe_v2_polish,dc_motor,1em2,2,dc_motor_2_1em2,DONE,local,0.010730049826882054,0.005558002677429375,2,1,1
odepe_v2_polish,dc_motor,1em2,3,dc_motor_3_1em2,DONE,local,0.0019504129520055646,0.0011575172161557828,2,1,1
odepe_v2_polish,dc_motor,1em2,4,dc_motor_4_1em2,DONE,local,0.014987314779927397,0.007545559548380708,2,1,1
odepe_v2_polish,dc_motor,1em2,5,dc_motor_5_1em2,DONE,local,0.005567787016502991,0.0029061769323305907,2,1,1
odepe_v2_polish,dc_motor,1em2,6,dc_motor_6_1em2,DONE,local,0.020384640554495452,0.010258966084779926,2,1,1
odepe_v2_polish,dc_motor,1em2,7,dc_motor_7_1em2,DONE,local,0.002473214701820137,0.0013242135793740794,2,1,1
odepe_v2_polish,fitzhugh_nagumo,1em2,0,fitzhugh_nagumo_0_1em2,DONE,local,2.8461772876214377,0.034800449576399085,3,1,0
odepe_v2_polish,fitzhugh_nagumo,1em2,1,fitzhugh_nagumo_1_1em2,DONE,local,0.9999761624119552,0.36295454872744815,3,1,0
odepe_v2_polish,fitzhugh_nagumo,1em2,2,fitzhugh_nagumo_2_1em2,DONE,local,0.9999235532755859,0.14218942556535719,3,1,0
odepe_v2_polish,fitzhugh_nagumo,1em2,3,fitzhugh_nagumo_3_1em2,DONE,local,1.3043190074595168,1.0707105225021518,3,1,0
odepe_v2_polish,fitzhugh_nagumo,1em2,4,fitzhugh_nagumo_4_1em2,DONE,local,19.50339032984968,3.653077740610997,3,1,0
odepe_v2_polish,fitzhugh_nagumo,1em2,5,fitzhugh_nagumo_5_1em2,DONE,local,1.1460914875818715,0.4216018305618341,3,1,0
odepe_v2_polish,fitzhugh_nagumo,1em2,6,fitzhugh_nagumo_6_1em2,DONE,local,0.9999533834558552,0.757976429034044,3,1,0
odepe_v2_polish,fitzhugh_nagumo,1em2,7,fitzhugh_nagumo_7_1em2,DONE,local,7.892818252291124,0.999969534182637,3,1,0
odepe_v2_polish,flexible_arm,1em2,0,flexible_arm_0_1em2,DONE,local,1.0054435785075244,0.999854079557389,5,1,0
odepe_v2_polish,flexible_arm,1em2,1,flexible_arm_1_1em2,DONE,local,1.9703194920341163,0.4374185680617517,5,1,0
odepe_v2_polish,flexible_arm,1em2,2,flexible_arm_2_1em2,DONE,local,1.112954868251585,0.9986149848808797,5,1,0
odepe_v2_polish,flexible_arm,1em2,3,flexible_arm_3_1em2,DONE,local,0.11691478815189675,0.029272188174960374,5,1,0
odepe_v2_polish,flexible_arm,1em2,4,flexible_arm_4_1em2,DONE,local,0.24902874702407427,0.113119464557295,5,1,0
odepe_v2_polish,flexible_arm,1em2,5,flexible_arm_5_1em2,DONE,local,1.556814402991308,0.3744747352752044,5,1,0
odepe_v2_polish,flexible_arm,1em2,6,flexible_arm_6_1em2,DONE,local,1.004473618831389,0.9997379338883481,5,1,0
odepe_v2_polish,flexible_arm,1em2,7,flexible_arm_7_1em2,DONE,local,4.204612239881643,1.2123999996708108,5,1,0
odepe_v2_polish,forced_lotka_volterra,1em2,0,forced_lotka_volterra_0_1em2,DONE,local,0.0010564426761358013,0.0007257606647707284,4,1,1
odepe_v2_polish,forced_lotka_volterra,1em2,1,forced_lotka_volterra_1_1em2,DONE,local,0.00029204612554504264,0.00012579717927023703,4,1,1
odepe_v2_polish,forced_lotka_volterra,1em2,2,forced_lotka_volterra_2_1em2,DONE,local,0.014165559764839028,0.010331514611979743,4,1,1
odepe_v2_polish,forced_lotka_volterra,1em2,3,forced_lotka_volterra_3_1em2,DONE,local,0.0003943443298340052,0.0003165172334560875,4,1,1
odepe_v2_polish,forced_lotka_volterra,1em2,4,forced_lotka_volterra_4_1em2,DONE,local,0.0018459586210028793,0.0016491236539687565,4,1,1
odepe_v2_polish,forced_lotka_volterra,1em2,5,forced_lotka_volterra_5_1em2,DONE,local,0.0003011464040516304,0.00014361008658757924,4,1,1
odepe_v2_polish,forced_lotka_volterra,1em2,6,forced_lotka_volterra_6_1em2,DONE,local,0.004830370892535274,0.0003676861867926705,4,1,1
odepe_v2_polish,forced_lotka_volterra,1em2,7,forced_lotka_volterra_7_1em2,DONE,local,0.2508861900034531,0.1406025057442757,4,1,0
odepe_v2_polish,harmonic_oscillator,1em2,0,harmonic_oscillator_0_1em2,DONE,local,6.738835325196033e-05,6.243685449653551e-05,2,1,1
odepe_v2_polish,harmonic_oscillator,1em2,1,harmonic_oscillator_1_1em2,DONE,local,1.8912663687126977e-06,1.276383105464767e-06,2,1,1
odepe_v2_polish,harmonic_oscillator,1em2,2,harmonic_oscillator_2_1em2,DONE,local,9.774121904558037e-06,7.456403141052952e-06,2,1,1
odepe_v2_polish,harmonic_oscillator,1em2,3,harmonic_oscillator_3_1em2,DONE,local,2.7992137515483156e-06,2.640492589090012e-06,2,1,1
odepe_v2_polish,harmonic_oscillator,1em2,4,harmonic_oscillator_4_1em2,DONE,local,0.00014317403273433893,0.0001365770415345052,2,1,1
odepe_v2_polish,harmonic_oscillator,1em2,5,harmonic_oscillator_5_1em2,DONE,local,2.8131862288648944e-05,2.4915445278241397e-05,2,1,1
odepe_v2_polish,harmonic_oscillator,1em2,6,harmonic_oscillator_6_1em2,DONE,local,0.0001675989889278327,0.0001421261363322852,2,1,1
odepe_v2_polish,harmonic_oscillator,1em2,7,harmonic_oscillator_7_1em2,DONE,local,2.1234868275664624e-05,1.7317703850928804e-05,2,1,1
odepe_v2_polish,hiv,1em2,0,hiv_0_1em2,DONE,local,4.637203646379236,0.9879899697652026,10,1,0
odepe_v2_polish,hiv,1em2,1,hiv_1_1em2,DONE,local,2.3901988165224526,0.2711658637916507,10,1,0
odepe_v2_polish,hiv,1em2,2,hiv_2_1em2,DONE,local,0.9999821149874494,0.21375215426048128,10,1,0
odepe_v2_polish,hiv,1em2,3,hiv_3_1em2,DONE,local,0.9999433181808481,0.05881893785870464,10,1,0
odepe_v2_polish,hiv,1em2,4,hiv_4_1em2,DONE,local,6.097047729731943,0.967112727312627,10,1,0
odepe_v2_polish,hiv,1em2,5,hiv_5_1em2,DONE,local,15.303219967277691,0.5136888267915487,10,1,0
odepe_v2_polish,hiv,1em2,6,hiv_6_1em2,DONE,local,5.798030030478584,0.3122472664004804,10,1,0
odepe_v2_polish,hiv,1em2,7,hiv_7_1em2,DONE,local,5.5187056667597005,0.10416840651893441,10,1,0
odepe_v2_polish,lotka_volterra,1em2,0,lotka_volterra_0_1em2,DONE,local,0.011657370649162755,0.0008589937172169956,3,1,1
odepe_v2_polish,lotka_volterra,1em2,1,lotka_volterra_1_1em2,DONE,local,0.001173916904027215,0.0009436819575676873,3,1,1
odepe_v2_polish,lotka_volterra,1em2,2,lotka_volterra_2_1em2,DONE,local,0.002284644493260015,0.0019514740861034747,3,1,1
odepe_v2_polish,lotka_volterra,1em2,3,lotka_volterra_3_1em2,DONE,local,0.005079026824461003,0.004922913250288165,3,1,1
odepe_v2_polish,lotka_volterra,1em2,4,lotka_volterra_4_1em2,DONE,local,0.007907746681546413,0.006223257335783882,3,1,1
odepe_v2_polish,lotka_volterra,1em2,5,lotka_volterra_5_1em2,DONE,local,0.00032682089487624317,0.0002658663844957139,3,1,1
odepe_v2_polish,lotka_volterra,1em2,6,lotka_volterra_6_1em2,DONE,local,0.00482840454834824,0.00348097606914516,3,1,1
odepe_v2_polish,lotka_volterra,1em2,7,lotka_volterra_7_1em2,DONE,local,0.004250821872997891,0.004102957225717073,3,1,1
odepe_v2_polish,mass_spring_damper,1em2,0,mass_spring_damper_0_1em2,DONE,local,0.0025324235284284063,0.0003640295365115358,3,1,1
odepe_v2_polish,mass_spring_damper,1em2,1,mass_spring_damper_1_1em2,DONE,local,0.0012089393818033487,0.0011473257262160645,3,1,1
odepe_v2_polish,mass_spring_damper,1em2,2,mass_spring_damper_2_1em2,DONE,local,0.001155384304970772,0.0008888872899076758,3,1,1
odepe_v2_polish,mass_spring_damper,1em2,3,mass_spring_damper_3_1em2,DONE,local,0.00044701951267248367,0.00028912392109780574,3,1,1
odepe_v2_polish,mass_spring_damper,1em2,4,mass_spring_damper_4_1em2,DONE,local,0.0002526109085413288,0.00014860027523208222,3,1,1
odepe_v2_polish,mass_spring_damper,1em2,5,mass_spring_damper_5_1em2,DONE,local,0.003291389553677298,0.0005646434273267109,3,1,1
odepe_v2_polish,mass_spring_damper,1em2,6,mass_spring_damper_6_1em2,DONE,local,0.0009726894932088754,0.000872583912983678,3,1,1
odepe_v2_polish,mass_spring_damper,1em2,7,mass_spring_damper_7_1em2,DONE,local,0.003998574940224515,0.0006977283929142419,3,1,1
odepe_v2_polish,quadrotor,1em2,0,quadrotor_0_1em2,DONE,local,0.04933725276463478,0.024956566957537164,2,1,1
odepe_v2_polish,quadrotor,1em2,1,quadrotor_1_1em2,DONE,local,0.007614291444116654,0.004205859120813401,2,1,1
odepe_v2_polish,quadrotor,1em2,2,quadrotor_2_1em2,DONE,local,0.018366196576286836,0.012024188944843313,2,1,1
odepe_v2_polish,quadrotor,1em2,3,quadrotor_3_1em2,DONE,local,0.008032926328622616,0.0054161933720446,2,1,1
odepe_v2_polish,quadrotor,1em2,4,quadrotor_4_1em2,DONE,local,0.0021704424825623116,0.0012796638476990781,2,1,1
odepe_v2_polish,quadrotor,1em2,5,quadrotor_5_1em2,DONE,local,0.007502889398283491,0.004017201941980306,2,1,1
odepe_v2_polish,quadrotor,1em2,6,quadrotor_6_1em2,DONE,local,0.002671399653352655,0.002023190200326159,2,1,1
odepe_v2_polish,quadrotor,1em2,7,quadrotor_7_1em2,DONE,local,0.00859384688120039,0.0052591124737700196,2,1,1
odepe_v2_polish,repressilator,1em2,0,repressilator_0_1em2,DONE,local,0.0020278733847332955,0.00037380361539676016,3,1,1
odepe_v2_polish,repressilator,1em2,1,repressilator_1_1em2,DONE,local,0.01993303595897695,0.014035916600871263,3,1,1
odepe_v2_polish,repressilator,1em2,2,repressilator_2_1em2,DONE,local,0.0105609285916681,0.00782050712325534,3,1,1
odepe_v2_polish,repressilator,1em2,3,repressilator_3_1em2,DONE,local,0.019595541154853246,0.009232390129565449,3,1,1
odepe_v2_polish,repressilator,1em2,4,repressilator_4_1em2,DONE,local,0.009948980183319522,0.0071983821637459765,3,1,1
odepe_v2_polish,repressilator,1em2,5,repressilator_5_1em2,DONE,local,0.006100603652749415,0.0036292216801632336,3,1,1
odepe_v2_polish,repressilator,1em2,6,repressilator_6_1em2,DONE,local,0.009634888537877041,0.006620728480248514,3,1,1
odepe_v2_polish,repressilator,1em2,7,repressilator_7_1em2,DONE,local,0.01661873933016584,0.006571391549386391,3,1,1
odepe_v2_polish,seir,1em2,0,seir_0_1em2,DONE,local,0.2088187794743306,0.09201786836454692,3,2,0
odepe_v2_polish,seir,1em2,1,seir_1_1em2,DONE,local,1.0289395134317258,0.3105427640669065,3,2,0
odepe_v2_polish,seir,1em2,2,seir_2_1em2,DONE,local,0.15380010038125147,0.093422124674732,3,2,0
odepe_v2_polish,seir,1em2,3,seir_3_1em2,DONE,local,1823.916716086274,1.7396591101782222,3,2,0
odepe_v2_polish,seir,1em2,4,seir_4_1em2,DONE,local,49.039098919372854,0.922689151660715,3,2,0
odepe_v2_polish,seir,1em2,5,seir_5_1em2,DONE,local,0.3213458754333707,0.2603462173955184,3,2,0
odepe_v2_polish,seir,1em2,6,seir_6_1em2,DONE,local,2.2002512103196907,0.9103236028823771,3,2,0
odepe_v2_polish,seir,1em2,7,seir_7_1em2,DONE,local,0.2551578160694078,0.12280650643966821,3,2,0
odepe_v2_polish,slow_fast,1em2,0,slow_fast_0_1em2,DONE,local,0.05872117617862471,0.030869450317083734,2,2,1
odepe_v2_polish,slow_fast,1em2,1,slow_fast_1_1em2,DONE,local,0.16003132055298708,0.08725002142571263,2,2,0
odepe_v2_polish,slow_fast,1em2,2,slow_fast_2_1em2,DONE,local,0.020223145419288862,0.014214476862086704,2,2,1
odepe_v2_polish,slow_fast,1em2,3,slow_fast_3_1em2,DONE,local,0.07765443751271957,0.051002448511562666,2,2,1
odepe_v2_polish,slow_fast,1em2,4,slow_fast_4_1em2,DONE,local,0.03492352534145173,0.025842541079806554,2,2,1
odepe_v2_polish,slow_fast,1em2,5,slow_fast_5_1em2,DONE,local,6.667781496842032,3.4291220876439965,2,2,0
odepe_v2_polish,slow_fast,1em2,6,slow_fast_6_1em2,DONE,local,0.026879476127547198,0.022225133752804473,2,2,1
odepe_v2_polish,slow_fast,1em2,7,slow_fast_7_1em2,DONE,local,0.5696219813905327,0.29521897058626545,2,2,0
odepe_v2_polish,sirt_treatment,1em2,0,sirt_treatment_0_1em2,DONE,local,0.4138696085597156,0.038979105079492385,5,1,0
odepe_v2_polish,sirt_treatment,1em2,1,sirt_treatment_1_1em2,DONE,local,0.987460051476525,0.0240904603660483,5,1,0
odepe_v2_polish,sirt_treatment,1em2,2,sirt_treatment_2_1em2,DONE,local,0.9733612328933878,0.08862861719817348,5,1,0
odepe_v2_polish,sirt_treatment,1em2,3,sirt_treatment_3_1em2,DONE,local,20.43320940315677,0.500041210917142,5,1,0
odepe_v2_polish,sirt_treatment,1em2,4,sirt_treatment_4_1em2,DONE,local,0.4968560124931443,0.012262193798000668,5,1,0
odepe_v2_polish,sirt_treatment,1em2,5,sirt_treatment_5_1em2,DONE,local,0.24286763382824517,0.013771062163687085,5,1,0
odepe_v2_polish,sirt_treatment,1em2,6,sirt_treatment_6_1em2,DONE,local,0.3341490985170219,0.07558307662157146,5,1,0
odepe_v2_polish,sirt_treatment,1em2,7,sirt_treatment_7_1em2,DONE,local,2.9002030411484303,0.2084627745488381,5,1,0
odepe_v2_polish,vanderpol,1em2,0,vanderpol_0_1em2,DONE,local,2.4507933757384725e-05,1.6545460540164206e-05,2,1,1
odepe_v2_polish,vanderpol,1em2,1,vanderpol_1_1em2,DONE,local,0.0006478027210802092,0.0003410142967684898,2,1,1
odepe_v2_polish,vanderpol,1em2,2,vanderpol_2_1em2,DONE,local,5.373608822776686e-05,3.305428302293298e-05,2,1,1
odepe_v2_polish,vanderpol,1em2,3,vanderpol_3_1em2,DONE,local,0.00023485451108200747,0.00013148901228664448,2,1,1
odepe_v2_polish,vanderpol,1em2,4,vanderpol_4_1em2,DONE,local,9.285946772562032e-06,5.950700839200673e-06,2,1,1
odepe_v2_polish,vanderpol,1em2,5,vanderpol_5_1em2,DONE,local,0.006649183977721968,0.0033339578057522885,2,1,1
odepe_v2_polish,vanderpol,1em2,6,vanderpol_6_1em2,DONE,local,2.83487382335019e-05,1.4302587955413912e-05,2,1,1
odepe_v2_polish,vanderpol,1em2,7,vanderpol_7_1em2,DONE,local,1.1858730379488168e-05,6.552038330900196e-06,2,1,1
odepe_v2_polish,latent_subpopulation_branch,1em2,0,latent_subpopulation_branch_0_1em2,DONE,local,10.084291199432387,0.343456914935656,6,6,0
odepe_v2_polish,latent_subpopulation_branch,1em2,1,latent_subpopulation_branch_1_1em2,DONE,local,0.9999442685608331,0.13888828649749552,6,6,0
odepe_v2_polish,latent_subpopulation_branch,1em2,2,latent_subpopulation_branch_2_1em2,DONE,local,8.696387666302838,0.8292449015784304,6,6,0
odepe_v2_polish,latent_subpopulation_branch,1em2,3,latent_subpopulation_branch_3_1em2,DONE,local,13.257191303285799,0.45043512616884324,6,6,0
odepe_v2_polish,latent_subpopulation_branch,1em2,4,latent_subpopulation_branch_4_1em2,DONE,local,1.6223900626276917,0.5869267009644759,6,6,0
odepe_v2_polish,latent_subpopulation_branch,1em2,5,latent_subpopulation_branch_5_1em2,DONE,local,0.9995997042461857,0.16746299600372277,6,6,0
odepe_v2_polish,latent_subpopulation_branch,1em2,6,latent_subpopulation_branch_6_1em2,DONE,local,0.9999117149412505,0.3801593692669814,6,6,0
odepe_v2_polish,latent_subpopulation_branch,1em2,7,latent_subpopulation_branch_7_1em2,DONE,local,5.290683112611177,0.8786417983965639,6,6,0
odepe_v2_polish,latent_subpopulation_observed_control,1em2,0,latent_subpopulation_observed_control_0_1em2,DONE,local,0.0679225706043223,0.006878415612697008,6,1,1
odepe_v2_polish,latent_subpopulation_observed_control,1em2,1,latent_subpopulation_observed_control_1_1em2,DONE,local,0.27581451524085854,0.015691934438002143,6,1,0
odepe_v2_polish,latent_subpopulation_observed_control,1em2,2,latent_subpopulation_observed_control_2_1em2,DONE,local,0.021035112670180964,0.005049344761170408,6,1,1
odepe_v2_polish,latent_subpopulation_observed_control,1em2,3,latent_subpopulation_observed_control_3_1em2,DONE,local,0.008253895311537376,0.0028927039278456293,6,1,1
odepe_v2_polish,latent_subpopulation_observed_control,1em2,4,latent_subpopulation_observed_control_4_1em2,DONE,local,0.052209588944741536,0.002932526670545315,6,1,1
odepe_v2_polish,latent_subpopulation_observed_control,1em2,5,latent_subpopulation_observed_control_5_1em2,DONE,local,0.011233424412454427,0.0017708708361273355,6,1,1
odepe_v2_polish,latent_subpopulation_observed_control,1em2,6,latent_subpopulation_observed_control_6_1em2,DONE,local,0.04043933406488864,0.009120595410198228,6,1,1
odepe_v2_polish,latent_subpopulation_observed_control,1em2,7,latent_subpopulation_observed_control_7_1em2,DONE,local,0.11169290693283185,0.006096124767466085,6,1,0
odepe_v2_polish,receptor_subtype_binding_branch,1em2,0,receptor_subtype_binding_branch_0_1em2,FAILURE,,,,,,0
odepe_v2_polish,receptor_subtype_binding_branch,1em2,1,receptor_subtype_binding_branch_1_1em2,FAILURE,,,,,,0
odepe_v2_polish,receptor_subtype_binding_branch,1em2,2,receptor_subtype_binding_branch_2_1em2,FAILURE,,,,,,0
odepe_v2_polish,receptor_subtype_binding_branch,1em2,3,receptor_subtype_binding_branch_3_1em2,FAILURE,,,,,,0
odepe_v2_polish,receptor_subtype_binding_branch,1em2,4,receptor_subtype_binding_branch_4_1em2,FAILURE,,,,,,0
odepe_v2_polish,receptor_subtype_binding_branch,1em2,5,receptor_subtype_binding_branch_5_1em2,FAILURE,,,,,,0
odepe_v2_polish,receptor_subtype_binding_branch,1em2,6,receptor_subtype_binding_branch_6_1em2,FAILURE,,,,,,0
odepe_v2_polish,receptor_subtype_binding_branch,1em2,7,receptor_subtype_binding_branch_7_1em2,FAILURE,,,,,,0
odepe_v2_polish,receptor_subtype_binding_observed_control,1em2,0,receptor_subtype_binding_observed_control_0_1em2,DONE,local,0.09907305679142096,0.029479647057269492,6,1,1
odepe_v2_polish,receptor_subtype_binding_observed_control,1em2,1,receptor_subtype_binding_observed_control_1_1em2,DONE,local,0.187680257573585,0.057315319233097406,6,1,0
odepe_v2_polish,receptor_subtype_binding_observed_control,1em2,2,receptor_subtype_binding_observed_control_2_1em2,DONE,local,0.38666412884474904,0.13245124703211014,6,1,0
odepe_v2_polish,receptor_subtype_binding_observed_control,1em2,3,receptor_subtype_binding_observed_control_3_1em2,DONE,local,0.059252250617130416,0.012586942817892069,6,1,1
odepe_v2_polish,receptor_subtype_binding_observed_control,1em2,4,receptor_subtype_binding_observed_control_4_1em2,DONE,local,9.348229136312721,0.4396914575055675,6,1,0
odepe_v2_polish,receptor_subtype_binding_observed_control,1em2,5,receptor_subtype_binding_observed_control_5_1em2,DONE,local,0.049915666898568606,0.02500021268289669,6,1,1
odepe_v2_polish,receptor_subtype_binding_observed_control,1em2,6,receptor_subtype_binding_observed_control_6_1em2,DONE,local,0.3503521581929203,0.0701974838282376,6,1,0
odepe_v2_polish,receptor_subtype_binding_observed_control,1em2,7,receptor_subtype_binding_observed_control_7_1em2,DONE,local,0.6298416145223104,0.1716851751262545,6,1,0
odepe_v2_nopolish,aircraft_pitch,0,0,aircraft_pitch_0_0,DONE,local,5.040988346239876e-09,1.0833607964837958e-11,4,1,1
odepe_v2_nopolish,aircraft_pitch,0,1,aircraft_pitch_1_0,DONE,local,2.5501213034823503e-10,8.203996433031647e-11,4,1,1
odepe_v2_nopolish,aircraft_pitch,0,2,aircraft_pitch_2_0,DONE,local,2.2311455172005648e-09,1.2247544717305183e-11,4,1,1
odepe_v2_nopolish,aircraft_pitch,0,3,aircraft_pitch_3_0,DONE,local,1.9210250259078328e-09,2.488557118178893e-10,4,1,1
odepe_v2_nopolish,aircraft_pitch,0,4,aircraft_pitch_4_0,DONE,local,1.8365069375911859e-09,2.1712538771094888e-11,4,1,1
odepe_v2_nopolish,aircraft_pitch,0,5,aircraft_pitch_5_0,DONE,local,1.9555101319329665e-07,2.0578021185866516e-10,4,1,1
odepe_v2_nopolish,aircraft_pitch,0,6,aircraft_pitch_6_0,DONE,local,1.5754821521459426e-08,3.506545657775033e-11,4,1,1
odepe_v2_nopolish,aircraft_pitch,0,7,aircraft_pitch_7_0,DONE,local,8.543176936856635e-09,2.0483859392318334e-11,4,1,1
odepe_v2_nopolish,bicycle_model,0,0,bicycle_model_0_0,DONE,local,3.0849397110917684e-12,2.5722569817289342e-12,3,1,1
odepe_v2_nopolish,bicycle_model,0,1,bicycle_model_1_0,DONE,local,5.451527011282331e-13,4.74090901411465e-13,3,1,1
odepe_v2_nopolish,bicycle_model,0,2,bicycle_model_2_0,DONE,local,5.878816640431498e-12,3.724335654690473e-12,3,1,1
odepe_v2_nopolish,bicycle_model,0,3,bicycle_model_3_0,DONE,local,1.5156448362560845e-12,1.4805166045208693e-12,3,1,1
odepe_v2_nopolish,bicycle_model,0,4,bicycle_model_4_0,DONE,local,2.359632097558099e-12,2.0095956820045135e-12,3,1,1
odepe_v2_nopolish,bicycle_model,0,5,bicycle_model_5_0,DONE,local,1.9316405249043006e-12,1.9004584816049254e-12,3,1,1
odepe_v2_nopolish,bicycle_model,0,6,bicycle_model_6_0,DONE,local,8.601675365558374e-13,8.20839226560028e-13,3,1,1
odepe_v2_nopolish,bicycle_model,0,7,bicycle_model_7_0,DONE,local,1.7057062832877404e-13,1.1860277261642853e-13,3,1,1
odepe_v2_nopolish,biohydrogenation,0,0,biohydrogenation_0_0,DONE,local,1.2235554556903473e-05,4.0106292551890164e-07,6,2,1
odepe_v2_nopolish,biohydrogenation,0,1,biohydrogenation_1_0,DONE,local,2.207403370716808e-06,1.7707000629411287e-07,6,2,1
odepe_v2_nopolish,biohydrogenation,0,2,biohydrogenation_2_0,DONE,local,0.000325460913309019,2.759432882933157e-07,6,2,1
odepe_v2_nopolish,biohydrogenation,0,3,biohydrogenation_3_0,DONE,local,1.118867222792044e-06,1.5063810839240536e-08,6,2,1
odepe_v2_nopolish,biohydrogenation,0,4,biohydrogenation_4_0,DONE,local,1.5394245522386197e-08,4.616724920739846e-09,6,2,1
odepe_v2_nopolish,biohydrogenation,0,5,biohydrogenation_5_0,DONE,local,9.937963275837259e-08,3.1205863231651558e-09,6,2,1
odepe_v2_nopolish,biohydrogenation,0,6,biohydrogenation_6_0,DONE,local,0.0001993383824997917,1.365861991836037e-07,6,2,1
odepe_v2_nopolish,biohydrogenation,0,7,biohydrogenation_7_0,DONE,local,8.175398875043396e-07,3.123552298859068e-08,6,2,1
odepe_v2_nopolish,boost_converter,0,0,boost_converter_0_0,DONE,local,2.303377946931043e-11,7.635049055572697e-12,3,1,1
odepe_v2_nopolish,boost_converter,0,1,boost_converter_1_0,DONE,local,4.101828815187967e-08,3.3188931090568126e-08,3,1,1
odepe_v2_nopolish,boost_converter,0,2,boost_converter_2_0,DONE,local,1.0676357556096017e-12,7.007289996441767e-13,3,1,1
odepe_v2_nopolish,boost_converter,0,3,boost_converter_3_0,DONE,local,4.604440461813782e-09,3.853823637416816e-09,3,1,1
odepe_v2_nopolish,boost_converter,0,4,boost_converter_4_0,DONE,local,5.281168895592329e-10,8.612289703649373e-11,3,1,1
odepe_v2_nopolish,boost_converter,0,5,boost_converter_5_0,DONE,local,5.464431428356468e-11,1.3270036410713616e-12,3,1,1
odepe_v2_nopolish,boost_converter,0,6,boost_converter_6_0,DONE,local,0.058934887084551114,0.047613845057928594,3,1,1
odepe_v2_nopolish,boost_converter,0,7,boost_converter_7_0,DONE,local,2.483591461407517e-13,3.7570999141291256e-14,3,1,1
odepe_v2_nopolish,brusselator,0,0,brusselator_0_0,DONE,local,3.599618449995905e-13,3.3174878377852036e-13,2,1,1
odepe_v2_nopolish,brusselator,0,1,brusselator_1_0,DONE,local,1.0255389917893868e-12,9.466891527357908e-13,2,1,1
odepe_v2_nopolish,brusselator,0,2,brusselator_2_0,DONE,local,1.9777974061364218e-11,1.6868737682150057e-11,2,1,1
odepe_v2_nopolish,brusselator,0,3,brusselator_3_0,DONE,local,9.920225560551506e-13,8.936443471309115e-13,2,1,1
odepe_v2_nopolish,brusselator,0,4,brusselator_4_0,DONE,local,1.6681834866463582e-10,1.3466775938243586e-10,2,1,1
odepe_v2_nopolish,brusselator,0,5,brusselator_5_0,DONE,local,3.8177101963621296,2.4088477425484944,2,1,0
odepe_v2_nopolish,brusselator,0,6,brusselator_6_0,DONE,local,0.25293824064424353,0.1444491820206683,2,1,0
odepe_v2_nopolish,brusselator,0,7,brusselator_7_0,DONE,local,1.8342038332202787e-09,1.701319359780538e-09,2,1,1
odepe_v2_nopolish,crauste,0,0,crauste_0_0,DONE,local,157.87079205565558,0.005974999214186599,12,1,0
odepe_v2_nopolish,crauste,0,1,crauste_1_0,DONE,local,2284323.1241762424,30.11224730302577,12,1,0
odepe_v2_nopolish,crauste,0,2,crauste_2_0,DONE,local,847.5583988436701,0.028829152708985714,12,1,0
odepe_v2_nopolish,crauste,0,3,crauste_3_0,DONE,local,4.793801613531744,0.012251054154791455,12,1,0
odepe_v2_nopolish,crauste,0,4,crauste_4_0,DONE,local,64164.8975963134,309.75610210461946,12,1,0
odepe_v2_nopolish,crauste,0,5,crauste_5_0,DONE,local,299.39809320387945,0.036960921811496315,12,1,0
odepe_v2_nopolish,crauste,0,6,crauste_6_0,DONE,local,488.65697690623693,0.8780744591380357,12,1,0
odepe_v2_nopolish,crauste,0,7,crauste_7_0,DONE,local,13.367816091954014,0.9997681551017716,12,1,0
odepe_v2_nopolish,cstr,0,0,cstr_0_0,DONE,local,0.00840845723581394,2.709157326734611e-06,4,1,1
odepe_v2_nopolish,cstr,0,1,cstr_1_0,DONE,local,1.179420496236524,0.8294614581630171,4,1,0
odepe_v2_nopolish,cstr,0,2,cstr_2_0,DONE,local,3.8396925222672346e-07,3.314891847817279e-08,4,1,1
odepe_v2_nopolish,cstr,0,3,cstr_3_0,DONE,local,1.0014962864875652,0.03825410321898836,4,1,0
odepe_v2_nopolish,cstr,0,4,cstr_4_0,DONE,local,5.0978923452984315,1.3270847795679144,4,1,0
odepe_v2_nopolish,cstr,0,5,cstr_5_0,PARSE_FAIL,local,,,,,0
odepe_v2_nopolish,cstr,0,6,cstr_6_0,PARSE_FAIL,local,,,,,0
odepe_v2_nopolish,cstr,0,7,cstr_7_0,PARSE_FAIL,local,,,,,0
odepe_v2_nopolish,daisy_mamil3,0,0,daisy_mamil3_0_0,DONE,local,1.6908879946641024e-09,4.369221278146119e-10,5,1,1
odepe_v2_nopolish,daisy_mamil3,0,1,daisy_mamil3_1_0,DONE,local,5.168841785561971e-10,7.600797662206286e-11,5,1,1
odepe_v2_nopolish,daisy_mamil3,0,2,daisy_mamil3_2_0,DONE,local,2.931999903380863e-10,8.217002314322564e-11,5,1,1
odepe_v2_nopolish,daisy_mamil3,0,3,daisy_mamil3_3_0,DONE,local,4.916038108747809e-10,1.3664215957551038e-11,5,1,1
odepe_v2_nopolish,daisy_mamil3,0,4,daisy_mamil3_4_0,DONE,local,4.878077276522435e-10,1.6725820728424878e-10,5,1,1
odepe_v2_nopolish,daisy_mamil3,0,5,daisy_mamil3_5_0,DONE,local,1.6802820948162886e-09,7.777085923364072e-10,5,1,1
odepe_v2_nopolish,daisy_mamil3,0,6,daisy_mamil3_6_0,DONE,local,6.574389023133757e-08,1.738125138903958e-09,5,1,1
odepe_v2_nopolish,daisy_mamil3,0,7,daisy_mamil3_7_0,DONE,local,2.7866546518877326e-10,1.1980021267431556e-11,5,1,1
odepe_v2_nopolish,daisy_mamil4,0,0,daisy_mamil4_0_0,DONE,local,1.0745049881025542e-09,3.285136824366391e-10,7,2,1
odepe_v2_nopolish,daisy_mamil4,0,1,daisy_mamil4_1_0,DONE,local,5.546532898955128e-10,4.5685015302475515e-10,7,2,1
odepe_v2_nopolish,daisy_mamil4,0,2,daisy_mamil4_2_0,DONE,local,1.7420361995891903e-10,8.778293748467159e-11,7,2,1
odepe_v2_nopolish,daisy_mamil4,0,3,daisy_mamil4_3_0,DONE,local,2.6243118519710455e-08,4.507411360725183e-10,7,2,1
odepe_v2_nopolish,daisy_mamil4,0,4,daisy_mamil4_4_0,DONE,local,2.6081689703952835e-08,2.1614424569082236e-09,7,2,1
odepe_v2_nopolish,daisy_mamil4,0,5,daisy_mamil4_5_0,DONE,local,7.1028971522110665e-09,8.36620639021601e-10,7,2,1
odepe_v2_nopolish,daisy_mamil4,0,6,daisy_mamil4_6_0,DONE,local,5.365987321903934e-10,1.5096430125323967e-10,7,2,1
odepe_v2_nopolish,daisy_mamil4,0,7,daisy_mamil4_7_0,DONE,local,4.155359262787631e-09,1.1545399988330924e-10,7,2,1
odepe_v2_nopolish,dc_motor,0,0,dc_motor_0_0,DONE,local,3.996635686387819e-12,2.0050438875915617e-12,2,1,1
odepe_v2_nopolish,dc_motor,0,1,dc_motor_1_0,DONE,local,2.2945369081832036e-13,1.1983971460151286e-13,2,1,1
odepe_v2_nopolish,dc_motor,0,2,dc_motor_2_0,DONE,local,3.439033569703276e-11,1.8154855424837327e-11,2,1,1
odepe_v2_nopolish,dc_motor,0,3,dc_motor_3_0,DONE,local,4.193720674814091e-13,2.467577169125052e-13,2,1,1
odepe_v2_nopolish,dc_motor,0,4,dc_motor_4_0,DONE,local,1.0079426357423666e-12,5.338744051767806e-13,2,1,1
odepe_v2_nopolish,dc_motor,0,5,dc_motor_5_0,DONE,local,1.471205482127558e-11,7.76792635513699e-12,2,1,1
odepe_v2_nopolish,dc_motor,0,6,dc_motor_6_0,DONE,local,5.04119702118581e-12,2.7468775775904045e-12,2,1,1
odepe_v2_nopolish,dc_motor,0,7,dc_motor_7_0,DONE,local,7.657167259860488e-13,4.128704894717126e-13,2,1,1
odepe_v2_nopolish,fitzhugh_nagumo,0,0,fitzhugh_nagumo_0_0,DONE,local,1.54784848959197e-09,1.5073885796002155e-09,3,1,1
odepe_v2_nopolish,fitzhugh_nagumo,0,1,fitzhugh_nagumo_1_0,DONE,local,3.126688606684202e-09,9.845600618086658e-10,3,1,1
odepe_v2_nopolish,fitzhugh_nagumo,0,2,fitzhugh_nagumo_2_0,DONE,local,2.8923021917030967e-09,7.527627876913028e-10,3,1,1
odepe_v2_nopolish,fitzhugh_nagumo,0,3,fitzhugh_nagumo_3_0,DONE,local,1.190883422364656e-08,9.917300621982438e-09,3,1,1
odepe_v2_nopolish,fitzhugh_nagumo,0,4,fitzhugh_nagumo_4_0,DONE,local,1.6396886960234753e-08,1.6071770865487108e-09,3,1,1
odepe_v2_nopolish,fitzhugh_nagumo,0,5,fitzhugh_nagumo_5_0,DONE,local,7.327254652037433e-08,5.306503708668586e-08,3,1,1
odepe_v2_nopolish,fitzhugh_nagumo,0,6,fitzhugh_nagumo_6_0,DONE,local,1.2172080321863713e-08,1.0305185833408847e-08,3,1,1
odepe_v2_nopolish,fitzhugh_nagumo,0,7,fitzhugh_nagumo_7_0,DONE,local,8.76478112488714e-09,9.767065866855447e-10,3,1,1
odepe_v2_nopolish,flexible_arm,0,0,flexible_arm_0_0,DONE,local,0.9829201871235747,0.9761460801813283,5,1,0
odepe_v2_nopolish,flexible_arm,0,1,flexible_arm_1_0,DONE,local,0.9999122223243938,0.9998624017809451,5,1,0
odepe_v2_nopolish,flexible_arm,0,2,flexible_arm_2_0,DONE,local,6.973347585644895e-07,6.883404886935008e-07,5,1,1
odepe_v2_nopolish,flexible_arm,0,3,flexible_arm_3_0,DONE,local,1.665995680986107e-10,6.682209754744223e-11,5,1,1
odepe_v2_nopolish,flexible_arm,0,4,flexible_arm_4_0,DONE,local,1.9453800343114496e-10,1.3344927999527345e-10,5,1,1
odepe_v2_nopolish,flexible_arm,0,5,flexible_arm_5_0,DONE,local,1.4089435009775777e-05,1.298520556262655e-05,5,1,1
odepe_v2_nopolish,flexible_arm,0,6,flexible_arm_6_0,DONE,local,1.0465371385584852e-10,9.701943042008119e-11,5,1,1
odepe_v2_nopolish,flexible_arm,0,7,flexible_arm_7_0,DONE,local,3.473256210158432e-10,2.189446048766174e-10,5,1,1
odepe_v2_nopolish,forced_lotka_volterra,0,0,forced_lotka_volterra_0_0,DONE,local,4.9378126109018164e-11,1.1479249764859943e-11,4,1,1
odepe_v2_nopolish,forced_lotka_volterra,0,1,forced_lotka_volterra_1_0,DONE,local,4.972374950196351e-10,1.0336122825997232e-10,4,1,1
odepe_v2_nopolish,forced_lotka_volterra,0,2,forced_lotka_volterra_2_0,DONE,local,6.075064439877956e-12,2.827557995589581e-12,4,1,1
odepe_v2_nopolish,forced_lotka_volterra,0,3,forced_lotka_volterra_3_0,DONE,local,5.0821418254298756e-09,3.4459745716857078e-09,4,1,1
odepe_v2_nopolish,forced_lotka_volterra,0,4,forced_lotka_volterra_4_0,DONE,local,2.4548831959484713e-09,1.4388745681083473e-10,4,1,1
odepe_v2_nopolish,forced_lotka_volterra,0,5,forced_lotka_volterra_5_0,DONE,local,0.42179470881265185,5.3993397239251506e-05,4,1,0
odepe_v2_nopolish,forced_lotka_volterra,0,6,forced_lotka_volterra_6_0,DONE,local,0.6863940360071985,0.005674839119318986,4,1,0
odepe_v2_nopolish,forced_lotka_volterra,0,7,forced_lotka_volterra_7_0,DONE,local,6.694635663092796e-10,2.7090322297243195e-10,4,1,1
odepe_v2_nopolish,harmonic_oscillator,0,0,harmonic_oscillator_0_0,DONE,local,3.866254050579063e-13,1.9894534270729172e-13,2,1,1
odepe_v2_nopolish,harmonic_oscillator,0,1,harmonic_oscillator_1_0,DONE,local,2.4011122632313095e-13,1.44270936785405e-13,2,1,1
odepe_v2_nopolish,harmonic_oscillator,0,2,harmonic_oscillator_2_0,DONE,local,9.037263274889491e-11,4.519060799286197e-11,2,1,1
odepe_v2_nopolish,harmonic_oscillator,0,3,harmonic_oscillator_3_0,DONE,local,1.0663617472845843e-11,5.360463952544699e-12,2,1,1
odepe_v2_nopolish,harmonic_oscillator,0,4,harmonic_oscillator_4_0,DONE,local,5.9649397787734934e-12,5.508282781560209e-12,2,1,1
odepe_v2_nopolish,harmonic_oscillator,0,5,harmonic_oscillator_5_0,DONE,local,4.2968882752228865e-13,3.559190365255752e-13,2,1,1
odepe_v2_nopolish,harmonic_oscillator,0,6,harmonic_oscillator_6_0,DONE,local,5.606530091669263e-11,2.81241342963952e-11,2,1,1
odepe_v2_nopolish,harmonic_oscillator,0,7,harmonic_oscillator_7_0,DONE,local,4.349754387523934e-14,2.6916476706895926e-14,2,1,1
odepe_v2_nopolish,hiv,0,0,hiv_0_0,DONE,local,3.0199456750617896e-07,1.7202828533017283e-08,10,1,1
odepe_v2_nopolish,hiv,0,1,hiv_1_0,DONE,local,1.5052198281655032e-06,1.3958501105600974e-07,10,1,1
odepe_v2_nopolish,hiv,0,2,hiv_2_0,DONE,local,1.906062047102841e-08,3.83435406141273e-09,10,1,1
odepe_v2_nopolish,hiv,0,3,hiv_3_0,DONE,local,2.2157350428185672e-07,1.7322410221878296e-09,10,1,1
odepe_v2_nopolish,hiv,0,4,hiv_4_0,DONE,local,5.158109730498555e-08,2.510716189446367e-09,10,1,1
odepe_v2_nopolish,hiv,0,5,hiv_5_0,DONE,local,5.763439111033814e-08,2.7834993288345967e-09,10,1,1
odepe_v2_nopolish,hiv,0,6,hiv_6_0,DONE,local,7.39993903532162e-08,1.4865033356183688e-09,10,1,1
odepe_v2_nopolish,hiv,0,7,hiv_7_0,DONE,local,8.210744796525896e-08,9.168101538084053e-09,10,1,1
odepe_v2_nopolish,lotka_volterra,0,0,lotka_volterra_0_0,DONE,local,1.4741400108395135e-10,1.06169158432077e-11,3,1,1
odepe_v2_nopolish,lotka_volterra,0,1,lotka_volterra_1_0,DONE,local,1.7749384503811815e-10,8.466175337441647e-11,3,1,1
odepe_v2_nopolish,lotka_volterra,0,2,lotka_volterra_2_0,DONE,local,4.6370314995177374e-11,2.6132795665716423e-11,3,1,1
odepe_v2_nopolish,lotka_volterra,0,3,lotka_volterra_3_0,DONE,local,7.037651827300388e-11,6.148271192574628e-11,3,1,1
odepe_v2_nopolish,lotka_volterra,0,4,lotka_volterra_4_0,DONE,local,3.74617924072324e-09,4.954169258738751e-10,3,1,1
odepe_v2_nopolish,lotka_volterra,0,5,lotka_volterra_5_0,DONE,local,2.1732536405392825e-10,1.716042332512324e-10,3,1,1
odepe_v2_nopolish,lotka_volterra,0,6,lotka_volterra_6_0,DONE,local,2.2445312606875168e-10,1.3560845568165512e-10,3,1,1
odepe_v2_nopolish,lotka_volterra,0,7,lotka_volterra_7_0,DONE,local,3.031251154917755e-09,2.9413084827567414e-09,3,1,1
odepe_v2_nopolish,mass_spring_damper,0,0,mass_spring_damper_0_0,DONE,local,5.165329045486064e-12,3.4110079973873748e-12,3,1,1
odepe_v2_nopolish,mass_spring_damper,0,1,mass_spring_damper_1_0,DONE,local,1.4434065858812328e-09,1.6216099841997167e-10,3,1,1
odepe_v2_nopolish,mass_spring_damper,0,2,mass_spring_damper_2_0,DONE,local,1.2853201820901434e-12,8.423754967111053e-13,3,1,1
odepe_v2_nopolish,mass_spring_damper,0,3,mass_spring_damper_3_0,DONE,local,1.1825993958488118e-11,1.0279708119214619e-11,3,1,1
odepe_v2_nopolish,mass_spring_damper,0,4,mass_spring_damper_4_0,DONE,local,1.529392367823416e-11,3.0022654619063805e-12,3,1,1
odepe_v2_nopolish,mass_spring_damper,0,5,mass_spring_damper_5_0,DONE,local,6.448196121676386e-09,7.635052671149199e-10,3,1,1
odepe_v2_nopolish,mass_spring_damper,0,6,mass_spring_damper_6_0,DONE,local,3.1148334272618566e-10,5.865227343447178e-11,3,1,1
odepe_v2_nopolish,mass_spring_damper,0,7,mass_spring_damper_7_0,DONE,local,2.8798849463532817e-11,2.588184261412952e-11,3,1,1
odepe_v2_nopolish,quadrotor,0,0,quadrotor_0_0,DONE,local,2.0715491137804708e-10,1.0833224092679842e-10,2,1,1
odepe_v2_nopolish,quadrotor,0,1,quadrotor_1_0,DONE,local,2.798123070193484e-13,2.2109593252137782e-13,2,1,1
odepe_v2_nopolish,quadrotor,0,2,quadrotor_2_0,DONE,local,2.0002349449968317e-10,1.0910395067978227e-10,2,1,1
odepe_v2_nopolish,quadrotor,0,3,quadrotor_3_0,DONE,local,7.110377396564299e-12,3.94696440386128e-12,2,1,1
odepe_v2_nopolish,quadrotor,0,4,quadrotor_4_0,DONE,local,1.1252033352979045e-12,5.969070403140636e-13,2,1,1
odepe_v2_nopolish,quadrotor,0,5,quadrotor_5_0,DONE,local,8.403925703485509e-12,4.573860219597487e-12,2,1,1
odepe_v2_nopolish,quadrotor,0,6,quadrotor_6_0,DONE,local,7.68475514394064e-12,4.021483749982696e-12,2,1,1
odepe_v2_nopolish,quadrotor,0,7,quadrotor_7_0,DONE,local,5.6992329726809323e-11,3.0242208446159857e-11,2,1,1
odepe_v2_nopolish,repressilator,0,0,repressilator_0_0,DONE,local,5.231405978088692e-11,4.0976403061625985e-11,3,1,1
odepe_v2_nopolish,repressilator,0,1,repressilator_1_0,DONE,local,1.06726931122045e-11,9.242223466928868e-12,3,1,1
odepe_v2_nopolish,repressilator,0,2,repressilator_2_0,DONE,local,6.619769332177765e-12,5.135119147962099e-12,3,1,1
odepe_v2_nopolish,repressilator,0,3,repressilator_3_0,DONE,local,1.0253577435736403e-10,4.8757364854460155e-11,3,1,1
odepe_v2_nopolish,repressilator,0,4,repressilator_4_0,DONE,local,5.3707674440111005e-11,3.8675980080023826e-11,3,1,1
odepe_v2_nopolish,repressilator,0,5,repressilator_5_0,DONE,local,6.907621784774687e-12,6.268648152003893e-12,3,1,1
odepe_v2_nopolish,repressilator,0,6,repressilator_6_0,DONE,local,6.122217502048188e-12,4.669216245420143e-12,3,1,1
odepe_v2_nopolish,repressilator,0,7,repressilator_7_0,DONE,local,1.8846971424212557e-11,9.603130715957974e-12,3,1,1
odepe_v2_nopolish,seir,0,0,seir_0_0,DONE,local,1.236519308930577e-09,6.503749760966571e-10,3,2,1
odepe_v2_nopolish,seir,0,1,seir_1_0,DONE,local,2.0517238829372756e-07,6.380233069527954e-08,3,2,1
odepe_v2_nopolish,seir,0,2,seir_2_0,DONE,local,6.102764141066493e-09,5.6752866557207074e-09,3,2,1
odepe_v2_nopolish,seir,0,3,seir_3_0,DONE,local,9.000362897578893e-09,8.33362927780022e-09,3,2,1
odepe_v2_nopolish,seir,0,4,seir_4_0,DONE,local,0.016387271233823185,0.016252511328997642,3,2,1
odepe_v2_nopolish,seir,0,5,seir_5_0,DONE,local,2.1563975555590912e-08,1.8707694607525887e-08,3,2,1
odepe_v2_nopolish,seir,0,6,seir_6_0,DONE,local,2.0630598124387886e-06,1.3754043434918699e-06,3,2,1
odepe_v2_nopolish,seir,0,7,seir_7_0,DONE,local,3.783490956570613e-07,2.398991932490346e-07,3,2,1
odepe_v2_nopolish,slow_fast,0,0,slow_fast_0_0,DONE,local,2.9352622625258355e-12,1.9539701248832295e-12,2,2,1
odepe_v2_nopolish,slow_fast,0,1,slow_fast_1_0,DONE,local,1.008452580701184e-12,8.310180241206924e-13,2,2,1
odepe_v2_nopolish,slow_fast,0,2,slow_fast_2_0,DONE,local,9.798304577717337e-12,5.382557997051275e-12,2,2,1
odepe_v2_nopolish,slow_fast,0,3,slow_fast_3_0,DONE,local,2.066571866696006e-10,1.2021598759555643e-10,2,2,1
odepe_v2_nopolish,slow_fast,0,4,slow_fast_4_0,DONE,local,5.577651461569665e-12,4.272048196098885e-12,2,2,1
odepe_v2_nopolish,slow_fast,0,5,slow_fast_5_0,DONE,local,8.791862624538922e-12,6.3531816329020725e-12,2,2,1
odepe_v2_nopolish,slow_fast,0,6,slow_fast_6_0,DONE,local,4.223651343201377e-12,2.2530115676546184e-12,2,2,1
odepe_v2_nopolish,slow_fast,0,7,slow_fast_7_0,DONE,local,2.1505228035596965e-11,1.1722316843540426e-11,2,2,1
odepe_v2_nopolish,sirt_treatment,0,0,sirt_treatment_0_0,DONE,local,4.292315914810575e-09,6.146941072193431e-10,5,1,1
odepe_v2_nopolish,sirt_treatment,0,1,sirt_treatment_1_0,DONE,local,3.82431641909875e-10,1.8030474302808825e-11,5,1,1
odepe_v2_nopolish,sirt_treatment,0,2,sirt_treatment_2_0,DONE,local,6.898733263228926e-10,9.301004411099711e-11,5,1,1
odepe_v2_nopolish,sirt_treatment,0,3,sirt_treatment_3_0,DONE,local,3.076680324650996e-10,1.3084569436169654e-11,5,1,1
odepe_v2_nopolish,sirt_treatment,0,4,sirt_treatment_4_0,DONE,local,8.150397690087629e-10,7.075462382931393e-11,5,1,1
odepe_v2_nopolish,sirt_treatment,0,5,sirt_treatment_5_0,DONE,local,3.0695754421562957e-10,2.1567650125554013e-11,5,1,1
odepe_v2_nopolish,sirt_treatment,0,6,sirt_treatment_6_0,DONE,local,1.6741709716314607e-10,2.4316805878829415e-11,5,1,1
odepe_v2_nopolish,sirt_treatment,0,7,sirt_treatment_7_0,DONE,local,6.141049079767622e-10,4.704921556671307e-11,5,1,1
odepe_v2_nopolish,vanderpol,0,0,vanderpol_0_0,DONE,local,1.432331419957342e-12,1.021509428653291e-12,2,1,1
odepe_v2_nopolish,vanderpol,0,1,vanderpol_1_0,DONE,local,2.008286010609041e-11,1.068781081218144e-11,2,1,1
odepe_v2_nopolish,vanderpol,0,2,vanderpol_2_0,DONE,local,3.3023642574920766e-10,1.6641085283561082e-10,2,1,1
odepe_v2_nopolish,vanderpol,0,3,vanderpol_3_0,DONE,local,9.039997797562086e-13,8.46599868255724e-13,2,1,1
odepe_v2_nopolish,vanderpol,0,4,vanderpol_4_0,DONE,local,3.1423292929459744e-11,1.707555747890397e-11,2,1,1
odepe_v2_nopolish,vanderpol,0,5,vanderpol_5_0,DONE,local,6.801100266099142e-13,3.453896504009972e-13,2,1,1
odepe_v2_nopolish,vanderpol,0,6,vanderpol_6_0,DONE,local,1.0451827111934376e-13,9.49831652335939e-14,2,1,1
odepe_v2_nopolish,vanderpol,0,7,vanderpol_7_0,DONE,local,2.594395514787233e-13,1.3476036921554106e-13,2,1,1
odepe_v2_nopolish,latent_subpopulation_branch,0,0,latent_subpopulation_branch_0_0,DONE,local,1.962200166944587e-06,9.758453773603325e-07,6,6,1
odepe_v2_nopolish,latent_subpopulation_branch,0,1,latent_subpopulation_branch_1_0,DONE,local,5.8515963480316517e-05,9.536586418209901e-06,6,6,1
odepe_v2_nopolish,latent_subpopulation_branch,0,2,latent_subpopulation_branch_2_0,DONE,local,2.623672546180374e-07,3.9124143635155904e-08,6,6,1
odepe_v2_nopolish,latent_subpopulation_branch,0,3,latent_subpopulation_branch_3_0,DONE,local,3.339215874377212e-05,6.7304290900256205e-06,6,6,1
odepe_v2_nopolish,latent_subpopulation_branch,0,4,latent_subpopulation_branch_4_0,DONE,local,5.9388203240250004e-06,2.078227014505935e-06,6,6,1
odepe_v2_nopolish,latent_subpopulation_branch,0,5,latent_subpopulation_branch_5_0,DONE,local,3.3065512916883645e-06,1.1479758287697859e-07,6,6,1
odepe_v2_nopolish,latent_subpopulation_branch,0,6,latent_subpopulation_branch_6_0,DONE,local,1.1357936196492662e-09,1.9437003552269318e-10,6,6,1
odepe_v2_nopolish,latent_subpopulation_branch,0,7,latent_subpopulation_branch_7_0,DONE,local,4.096613290486661e-07,4.0576462000751206e-08,6,6,1
odepe_v2_nopolish,latent_subpopulation_observed_control,0,0,latent_subpopulation_observed_control_0_0,DONE,local,6.575763898539145e-11,7.469103227038554e-12,6,1,1
odepe_v2_nopolish,latent_subpopulation_observed_control,0,1,latent_subpopulation_observed_control_1_0,DONE,local,2.1259338757542115e-10,1.1014473714340761e-11,6,1,1
odepe_v2_nopolish,latent_subpopulation_observed_control,0,2,latent_subpopulation_observed_control_2_0,DONE,local,1.3901999271192223e-11,2.560767254810127e-12,6,1,1
odepe_v2_nopolish,latent_subpopulation_observed_control,0,3,latent_subpopulation_observed_control_3_0,DONE,local,3.0233979276789844e-10,5.025952061092041e-11,6,1,1
odepe_v2_nopolish,latent_subpopulation_observed_control,0,4,latent_subpopulation_observed_control_4_0,DONE,local,3.1264232825198256e-12,6.456765802701062e-13,6,1,1
odepe_v2_nopolish,latent_subpopulation_observed_control,0,5,latent_subpopulation_observed_control_5_0,DONE,local,6.272202588330673e-12,2.536318804443111e-12,6,1,1
odepe_v2_nopolish,latent_subpopulation_observed_control,0,6,latent_subpopulation_observed_control_6_0,DONE,local,2.1757880567514292e-10,1.5999266031761192e-11,6,1,1
odepe_v2_nopolish,latent_subpopulation_observed_control,0,7,latent_subpopulation_observed_control_7_0,DONE,local,2.995750155879558e-08,3.230287081944438e-11,6,1,1
odepe_v2_nopolish,receptor_subtype_binding_branch,0,0,receptor_subtype_binding_branch_0_0,FAILURE,,,,,,0
odepe_v2_nopolish,receptor_subtype_binding_branch,0,1,receptor_subtype_binding_branch_1_0,FAILURE,,,,,,0
odepe_v2_nopolish,receptor_subtype_binding_branch,0,2,receptor_subtype_binding_branch_2_0,FAILURE,,,,,,0
odepe_v2_nopolish,receptor_subtype_binding_branch,0,3,receptor_subtype_binding_branch_3_0,FAILURE,,,,,,0
odepe_v2_nopolish,receptor_subtype_binding_branch,0,4,receptor_subtype_binding_branch_4_0,FAILURE,,,,,,0
odepe_v2_nopolish,receptor_subtype_binding_branch,0,5,receptor_subtype_binding_branch_5_0,FAILURE,,,,,,0
odepe_v2_nopolish,receptor_subtype_binding_branch,0,6,receptor_subtype_binding_branch_6_0,FAILURE,,,,,,0
odepe_v2_nopolish,receptor_subtype_binding_branch,0,7,receptor_subtype_binding_branch_7_0,FAILURE,,,,,,0
odepe_v2_nopolish,receptor_subtype_binding_observed_control,0,0,receptor_subtype_binding_observed_control_0_0,DONE,local,3.8045274551529895e-07,1.0968057474504066e-07,6,1,1
odepe_v2_nopolish,receptor_subtype_binding_observed_control,0,1,receptor_subtype_binding_observed_control_1_0,DONE,local,1.8556331167238092e-07,3.8849920894827133e-08,6,1,1
odepe_v2_nopolish,receptor_subtype_binding_observed_control,0,2,receptor_subtype_binding_observed_control_2_0,DONE,local,6.123721163661186e-08,1.4363783060677527e-08,6,1,1
odepe_v2_nopolish,receptor_subtype_binding_observed_control,0,3,receptor_subtype_binding_observed_control_3_0,DONE,local,1.1016151029934337e-08,1.782106195878016e-09,6,1,1
odepe_v2_nopolish,receptor_subtype_binding_observed_control,0,4,receptor_subtype_binding_observed_control_4_0,DONE,local,1.4909968684532139e-09,5.210525714662444e-10,6,1,1
odepe_v2_nopolish,receptor_subtype_binding_observed_control,0,5,receptor_subtype_binding_observed_control_5_0,DONE,local,1.1707594159771704e-09,9.421035161658816e-10,6,1,1
odepe_v2_nopolish,receptor_subtype_binding_observed_control,0,6,receptor_subtype_binding_observed_control_6_0,DONE,local,1.4425633244452119e-08,4.359829479427617e-10,6,1,1
odepe_v2_nopolish,receptor_subtype_binding_observed_control,0,7,receptor_subtype_binding_observed_control_7_0,DONE,local,2.609944470511425e-08,2.3181197885478947e-09,6,1,1
odepe_v2_nopolish,aircraft_pitch,1em8,0,aircraft_pitch_0_1em8,DONE,local,7.715399564646066e-05,2.5150529199551515e-07,4,1,1
odepe_v2_nopolish,aircraft_pitch,1em8,1,aircraft_pitch_1_1em8,DONE,local,0.00011034725069372838,1.6358509477886973e-06,4,1,1
odepe_v2_nopolish,aircraft_pitch,1em8,2,aircraft_pitch_2_1em8,DONE,local,8.275557993082092e-05,9.217875171366131e-07,4,1,1
odepe_v2_nopolish,aircraft_pitch,1em8,3,aircraft_pitch_3_1em8,DONE,local,6.087499772996869e-08,8.650701579379413e-09,4,1,1
odepe_v2_nopolish,aircraft_pitch,1em8,4,aircraft_pitch_4_1em8,DONE,local,3.0320491133648384e-06,4.0210137525689566e-08,4,1,1
odepe_v2_nopolish,aircraft_pitch,1em8,5,aircraft_pitch_5_1em8,DONE,local,0.286200672737531,0.00020280706674598702,4,1,0
odepe_v2_nopolish,aircraft_pitch,1em8,6,aircraft_pitch_6_1em8,DONE,local,0.0016787600756131159,4.275817532895929e-06,4,1,1
odepe_v2_nopolish,aircraft_pitch,1em8,7,aircraft_pitch_7_1em8,DONE,local,0.0003325920401751014,6.950557655944816e-07,4,1,1
odepe_v2_nopolish,bicycle_model,1em8,0,bicycle_model_0_1em8,DONE,local,3.811477981378412e-07,3.6122923789989574e-07,3,1,1
odepe_v2_nopolish,bicycle_model,1em8,1,bicycle_model_1_1em8,DONE,local,6.949225969490539e-07,6.349868686417182e-07,3,1,1
odepe_v2_nopolish,bicycle_model,1em8,2,bicycle_model_2_1em8,DONE,local,5.231114008417478e-07,3.487185339872628e-07,3,1,1
odepe_v2_nopolish,bicycle_model,1em8,3,bicycle_model_3_1em8,DONE,local,5.361680934674301e-07,5.121065594449442e-07,3,1,1
odepe_v2_nopolish,bicycle_model,1em8,4,bicycle_model_4_1em8,DONE,local,1.9747606450397765e-07,1.4530934739114879e-07,3,1,1
odepe_v2_nopolish,bicycle_model,1em8,5,bicycle_model_5_1em8,DONE,local,9.722486608711182e-07,9.59189121353076e-07,3,1,1
odepe_v2_nopolish,bicycle_model,1em8,6,bicycle_model_6_1em8,DONE,local,5.247240454894217e-08,3.087233095189687e-08,3,1,1
odepe_v2_nopolish,bicycle_model,1em8,7,bicycle_model_7_1em8,DONE,local,9.741331003026915e-08,7.57406522516808e-08,3,1,1
odepe_v2_nopolish,biohydrogenation,1em8,0,biohydrogenation_0_1em8,DONE,local,0.33420758330432565,0.007828273243319427,6,2,0
odepe_v2_nopolish,biohydrogenation,1em8,1,biohydrogenation_1_1em8,DONE,local,0.0830196207246527,0.01587263182228715,6,2,1
odepe_v2_nopolish,biohydrogenation,1em8,2,biohydrogenation_2_1em8,DONE,local,0.9582715184250453,0.01099838426901822,6,2,0
odepe_v2_nopolish,biohydrogenation,1em8,3,biohydrogenation_3_1em8,DONE,local,0.0008278152762136196,6.5697844098593105e-06,6,2,1
odepe_v2_nopolish,biohydrogenation,1em8,4,biohydrogenation_4_1em8,DONE,local,0.0033232304667166596,0.0005680047236899656,6,1,1
odepe_v2_nopolish,biohydrogenation,1em8,5,biohydrogenation_5_1em8,DONE,local,0.13092322258634403,0.007247372299386152,6,2,0
odepe_v2_nopolish,biohydrogenation,1em8,6,biohydrogenation_6_1em8,DONE,local,0.7602210443389054,0.0013479404529967054,6,2,0
odepe_v2_nopolish,biohydrogenation,1em8,7,biohydrogenation_7_1em8,DONE,local,0.00209395378574623,8.148108919898777e-05,6,2,1
odepe_v2_nopolish,boost_converter,1em8,0,boost_converter_0_1em8,DONE,local,1.3860819804848048e-07,1.2859679053117937e-07,3,1,1
odepe_v2_nopolish,boost_converter,1em8,1,boost_converter_1_1em8,DONE,local,9.957867199632212e-07,8.064126739347079e-07,3,1,1
odepe_v2_nopolish,boost_converter,1em8,2,boost_converter_2_1em8,DONE,local,4.805474229104994e-07,1.6498741742113083e-07,3,1,1
odepe_v2_nopolish,boost_converter,1em8,3,boost_converter_3_1em8,DONE,local,1.065382361504052e-07,1.0104302168072186e-07,3,1,1
odepe_v2_nopolish,boost_converter,1em8,4,boost_converter_4_1em8,DONE,local,2.4589899025893055e-07,1.0687499651706238e-07,3,1,1
odepe_v2_nopolish,boost_converter,1em8,5,boost_converter_5_1em8,DONE,local,2.063572300345469e-07,1.3333581203461088e-07,3,1,1
odepe_v2_nopolish,boost_converter,1em8,6,boost_converter_6_1em8,DONE,local,0.0589369892250342,0.047613733768798794,3,1,1
odepe_v2_nopolish,boost_converter,1em8,7,boost_converter_7_1em8,DONE,local,4.430329406570581e-07,1.7387311876050585e-07,3,1,1
odepe_v2_nopolish,brusselator,1em8,0,brusselator_0_1em8,DONE,local,2.9973051974043545e-08,1.5047758444541366e-08,2,1,1
odepe_v2_nopolish,brusselator,1em8,1,brusselator_1_1em8,DONE,local,7.047734255168829e-07,5.917758343456263e-07,2,1,1
odepe_v2_nopolish,brusselator,1em8,2,brusselator_2_1em8,DONE,local,1.123678578948236e-06,1.0840963964590114e-06,2,1,1
odepe_v2_nopolish,brusselator,1em8,3,brusselator_3_1em8,DONE,local,2.7664669944143643e-07,1.872074375304815e-07,2,1,1
odepe_v2_nopolish,brusselator,1em8,4,brusselator_4_1em8,DONE,local,1.1110769997189213e-06,1.0915444346753666e-06,2,1,1
odepe_v2_nopolish,brusselator,1em8,5,brusselator_5_1em8,DONE,local,0.7337672971586798,0.36689480158441673,2,1,0
odepe_v2_nopolish,brusselator,1em8,6,brusselator_6_1em8,DONE,local,0.999413179236533,0.792468280500409,2,1,0
odepe_v2_nopolish,brusselator,1em8,7,brusselator_7_1em8,DONE,local,0.024854569304876475,0.012428521991918465,2,1,1
odepe_v2_nopolish,crauste,1em8,0,crauste_0_1em8,DONE,local,588.1313856871864,0.05616493328848286,12,1,0
odepe_v2_nopolish,crauste,1em8,1,crauste_1_1em8,DONE,local,281.45185210445675,0.11296288012023281,12,1,0
odepe_v2_nopolish,crauste,1em8,2,crauste_2_1em8,DONE,local,794.6758067250322,0.026825772907874402,12,1,0
odepe_v2_nopolish,crauste,1em8,3,crauste_3_1em8,DONE,local,46.010434263490275,0.08415377750435642,12,1,0
odepe_v2_nopolish,crauste,1em8,4,crauste_4_1em8,DONE,local,32816.44485528612,77.19239295380267,12,1,0
odepe_v2_nopolish,crauste,1em8,5,crauste_5_1em8,DONE,local,0.9875314746879175,0.9737828462012622,12,1,0
odepe_v2_nopolish,crauste,1em8,6,crauste_6_1em8,DONE,local,5.927204894446016,0.021965224696023238,12,1,0
odepe_v2_nopolish,crauste,1em8,7,crauste_7_1em8,DONE,local,13.862672549399479,0.9999864949794384,12,1,0
odepe_v2_nopolish,cstr,1em8,0,cstr_0_1em8,DONE,local,0.9993468627634768,1.9291250481377212e-05,4,1,0
odepe_v2_nopolish,cstr,1em8,1,cstr_1_1em8,DONE,local,0.9996318815203024,0.03102906043970623,4,1,0
odepe_v2_nopolish,cstr,1em8,2,cstr_2_1em8,DONE,local,0.004112000144560412,0.002012110494259177,4,1,1
odepe_v2_nopolish,cstr,1em8,3,cstr_3_1em8,DONE,local,1.0146685519200798,0.0023443570110186812,4,1,0
odepe_v2_nopolish,cstr,1em8,4,cstr_4_1em8,PARSE_FAIL,local,,,,,0
odepe_v2_nopolish,cstr,1em8,5,cstr_5_1em8,DONE,local,0.9728868498267026,0.42087835238089555,4,1,0
odepe_v2_nopolish,cstr,1em8,6,cstr_6_1em8,DONE,local,2.0356386664143553,0.3030355664419261,4,1,0
odepe_v2_nopolish,cstr,1em8,7,cstr_7_1em8,PARSE_FAIL,local,,,,,0
odepe_v2_nopolish,daisy_mamil3,1em8,0,daisy_mamil3_0_1em8,DONE,local,0.0007680288180533937,0.00016123146612132702,5,1,1
odepe_v2_nopolish,daisy_mamil3,1em8,1,daisy_mamil3_1_1em8,DONE,local,3.7398097524511966e-06,2.6015964293798852e-06,5,1,1
odepe_v2_nopolish,daisy_mamil3,1em8,2,daisy_mamil3_2_1em8,DONE,local,6.781083065661968e-05,2.47917866977061e-05,5,1,1
odepe_v2_nopolish,daisy_mamil3,1em8,3,daisy_mamil3_3_1em8,DONE,local,1.5058304366650206e-05,1.287426454478856e-06,5,1,1
odepe_v2_nopolish,daisy_mamil3,1em8,4,daisy_mamil3_4_1em8,DONE,local,0.0001254945310357283,7.630085806376845e-05,5,1,1
odepe_v2_nopolish,daisy_mamil3,1em8,5,daisy_mamil3_5_1em8,DONE,local,0.00011117323398713762,5.356088500481978e-05,5,1,1
odepe_v2_nopolish,daisy_mamil3,1em8,6,daisy_mamil3_6_1em8,DONE,local,0.000217698966400871,3.5401492456457356e-05,5,1,1
odepe_v2_nopolish,daisy_mamil3,1em8,7,daisy_mamil3_7_1em8,DONE,local,0.00042785880949495884,7.105815847835842e-05,5,1,1
odepe_v2_nopolish,daisy_mamil4,1em8,0,daisy_mamil4_0_1em8,DONE,local,0.007903558957984017,0.0041424105852550675,7,2,1
odepe_v2_nopolish,daisy_mamil4,1em8,1,daisy_mamil4_1_1em8,DONE,local,0.0013309446837686345,7.059357165760193e-06,7,2,1
odepe_v2_nopolish,daisy_mamil4,1em8,2,daisy_mamil4_2_1em8,DONE,local,1.7740438086575008e-05,1.2327471773535388e-06,7,2,1
odepe_v2_nopolish,daisy_mamil4,1em8,3,daisy_mamil4_3_1em8,DONE,local,3.918123434656677e-05,1.6877994431809645e-05,7,2,1
odepe_v2_nopolish,daisy_mamil4,1em8,4,daisy_mamil4_4_1em8,DONE,local,0.1385440300474225,0.012826239872446823,7,2,0
odepe_v2_nopolish,daisy_mamil4,1em8,5,daisy_mamil4_5_1em8,DONE,local,0.005604414058652259,0.000787342265637633,7,2,1
odepe_v2_nopolish,daisy_mamil4,1em8,6,daisy_mamil4_6_1em8,DONE,local,0.005140587316509146,0.0009364731422851482,7,2,1
odepe_v2_nopolish,daisy_mamil4,1em8,7,daisy_mamil4_7_1em8,DONE,local,0.0026821804561352257,0.00012343311433089745,7,2,1
odepe_v2_nopolish,dc_motor,1em8,0,dc_motor_0_1em8,DONE,local,9.71790495129407e-07,9.590918022722675e-07,2,1,1
odepe_v2_nopolish,dc_motor,1em8,1,dc_motor_1_1em8,DONE,local,2.994660226390046e-06,1.6812686733801986e-06,2,1,1
odepe_v2_nopolish,dc_motor,1em8,2,dc_motor_2_1em8,DONE,local,1.6895392429886503e-05,9.935939856113868e-06,2,1,1
odepe_v2_nopolish,dc_motor,1em8,3,dc_motor_3_1em8,DONE,local,2.5994308728203525e-07,1.580702415207871e-07,2,1,1
odepe_v2_nopolish,dc_motor,1em8,4,dc_motor_4_1em8,DONE,local,1.5201349689081399e-06,7.61012331007054e-07,2,1,1
odepe_v2_nopolish,dc_motor,1em8,5,dc_motor_5_1em8,DONE,local,3.1404800671841915e-08,1.8110985674781446e-08,2,1,1
odepe_v2_nopolish,dc_motor,1em8,6,dc_motor_6_1em8,DONE,local,3.297997149313868e-07,1.9423062875645036e-07,2,1,1
odepe_v2_nopolish,dc_motor,1em8,7,dc_motor_7_1em8,DONE,local,5.719631380714117e-06,3.2115831738931926e-06,2,1,1
odepe_v2_nopolish,fitzhugh_nagumo,1em8,0,fitzhugh_nagumo_0_1em8,DONE,local,0.005935467112475586,0.0005797072563802936,3,1,1
odepe_v2_nopolish,fitzhugh_nagumo,1em8,1,fitzhugh_nagumo_1_1em8,DONE,local,0.0004388351362493394,0.00011639987436309393,3,1,1
odepe_v2_nopolish,fitzhugh_nagumo,1em8,2,fitzhugh_nagumo_2_1em8,DONE,local,0.001960576865949729,0.00022311082046500328,3,1,1
odepe_v2_nopolish,fitzhugh_nagumo,1em8,3,fitzhugh_nagumo_3_1em8,DONE,local,0.0008646880447610173,0.0007444375708419364,3,1,1
odepe_v2_nopolish,fitzhugh_nagumo,1em8,4,fitzhugh_nagumo_4_1em8,DONE,local,0.0037068850504355915,0.0003527258674394532,3,1,1
odepe_v2_nopolish,fitzhugh_nagumo,1em8,5,fitzhugh_nagumo_5_1em8,DONE,local,0.0006282257406929928,0.0004342553779096425,3,1,1
odepe_v2_nopolish,fitzhugh_nagumo,1em8,6,fitzhugh_nagumo_6_1em8,DONE,local,8.924722264869163e-05,5.029245541853836e-05,3,1,1
odepe_v2_nopolish,fitzhugh_nagumo,1em8,7,fitzhugh_nagumo_7_1em8,DONE,local,0.00011599950613490814,6.994801141406596e-05,3,1,1
odepe_v2_nopolish,flexible_arm,1em8,0,flexible_arm_0_1em8,DONE,local,0.9829221906039042,0.976148107235763,5,1,0
odepe_v2_nopolish,flexible_arm,1em8,1,flexible_arm_1_1em8,DONE,local,0.9999122510727959,0.9998624701710183,5,1,0
odepe_v2_nopolish,flexible_arm,1em8,2,flexible_arm_2_1em8,DONE,local,0.00010349211589821284,9.529842485851829e-05,5,1,1
odepe_v2_nopolish,flexible_arm,1em8,3,flexible_arm_3_1em8,DONE,local,7.690322945023359e-05,5.878221344376336e-05,5,1,1
odepe_v2_nopolish,flexible_arm,1em8,4,flexible_arm_4_1em8,DONE,local,5.063671445983972e-05,3.8034739777802665e-05,5,1,1
odepe_v2_nopolish,flexible_arm,1em8,5,flexible_arm_5_1em8,DONE,local,3.6442831785855756e-05,1.4652234305861683e-05,5,1,1
odepe_v2_nopolish,flexible_arm,1em8,6,flexible_arm_6_1em8,DONE,local,0.00012120540050965675,7.14995997482757e-05,5,1,1
odepe_v2_nopolish,flexible_arm,1em8,7,flexible_arm_7_1em8,DONE,local,0.00014484934635107055,0.00013988987976980684,5,1,1
odepe_v2_nopolish,forced_lotka_volterra,1em8,0,forced_lotka_volterra_0_1em8,DONE,local,6.123664616926671e-06,1.3236809772156034e-06,4,1,1
odepe_v2_nopolish,forced_lotka_volterra,1em8,1,forced_lotka_volterra_1_1em8,DONE,local,0.00017670142384050049,1.9406468246635906e-05,4,1,1
odepe_v2_nopolish,forced_lotka_volterra,1em8,2,forced_lotka_volterra_2_1em8,DONE,local,4.762017898008649e-06,2.4623081443055375e-06,4,1,1
odepe_v2_nopolish,forced_lotka_volterra,1em8,3,forced_lotka_volterra_3_1em8,DONE,local,0.00023175583155551904,4.8561852601545407e-05,4,1,1
odepe_v2_nopolish,forced_lotka_volterra,1em8,4,forced_lotka_volterra_4_1em8,DONE,local,4.553092988544489e-05,3.6470377703836315e-05,4,1,1
odepe_v2_nopolish,forced_lotka_volterra,1em8,5,forced_lotka_volterra_5_1em8,DONE,local,0.4217052496598713,0.0004943156020634377,4,1,0
odepe_v2_nopolish,forced_lotka_volterra,1em8,6,forced_lotka_volterra_6_1em8,DONE,local,0.6863940334784643,0.005681136045056017,4,1,0
odepe_v2_nopolish,forced_lotka_volterra,1em8,7,forced_lotka_volterra_7_1em8,DONE,local,0.0023786543186877676,0.0001763248540752186,4,1,1
odepe_v2_nopolish,harmonic_oscillator,1em8,0,harmonic_oscillator_0_1em8,DONE,local,2.6922186795177545e-09,1.9825546198592468e-09,2,1,1
odepe_v2_nopolish,harmonic_oscillator,1em8,1,harmonic_oscillator_1_1em8,DONE,local,5.713104238743695e-09,5.5767414142738695e-09,2,1,1
odepe_v2_nopolish,harmonic_oscillator,1em8,2,harmonic_oscillator_2_1em8,DONE,local,1.7832658242787098e-10,1.2874115600893002e-10,2,1,1
odepe_v2_nopolish,harmonic_oscillator,1em8,3,harmonic_oscillator_3_1em8,DONE,local,3.791803472515366e-10,3.124175571663806e-10,2,1,1
odepe_v2_nopolish,harmonic_oscillator,1em8,4,harmonic_oscillator_4_1em8,DONE,local,2.0742372822485212e-08,2.0456212891831116e-08,2,1,1
odepe_v2_nopolish,harmonic_oscillator,1em8,5,harmonic_oscillator_5_1em8,DONE,local,1.4022110261132553e-08,1.1135113675252859e-08,2,1,1
odepe_v2_nopolish,harmonic_oscillator,1em8,6,harmonic_oscillator_6_1em8,DONE,local,8.622798569777895e-09,6.20355119884154e-09,2,1,1
odepe_v2_nopolish,harmonic_oscillator,1em8,7,harmonic_oscillator_7_1em8,DONE,local,9.641183413851013e-10,5.956377823823819e-10,2,1,1
odepe_v2_nopolish,hiv,1em8,0,hiv_0_1em8,DONE,local,0.1492399789392147,0.011644955115004067,10,1,0
odepe_v2_nopolish,hiv,1em8,1,hiv_1_1em8,DONE,local,0.04090197431881057,0.004058719703666471,10,1,1
odepe_v2_nopolish,hiv,1em8,2,hiv_2_1em8,DONE,local,0.005492918272291173,0.0013847111060268165,10,1,1
odepe_v2_nopolish,hiv,1em8,3,hiv_3_1em8,DONE,local,0.15427481716174893,0.009650279443343408,10,1,0
odepe_v2_nopolish,hiv,1em8,4,hiv_4_1em8,DONE,local,0.010275000777846011,0.0017112775792602793,10,1,1
odepe_v2_nopolish,hiv,1em8,5,hiv_5_1em8,DONE,local,0.006951231726387393,0.0010861674832099795,10,1,1
odepe_v2_nopolish,hiv,1em8,6,hiv_6_1em8,DONE,local,0.3395535145216677,0.0355290896377155,10,1,0
odepe_v2_nopolish,hiv,1em8,7,hiv_7_1em8,DONE,local,0.019657014346924948,0.0007532950246044313,10,1,1
odepe_v2_nopolish,lotka_volterra,1em8,0,lotka_volterra_0_1em8,DONE,local,5.158854620878198e-05,2.2312360278876013e-05,3,1,1
odepe_v2_nopolish,lotka_volterra,1em8,1,lotka_volterra_1_1em8,DONE,local,1.0823750653843388e-05,2.5938370662195984e-06,3,1,1
odepe_v2_nopolish,lotka_volterra,1em8,2,lotka_volterra_2_1em8,DONE,local,1.0317765372350729e-05,9.446312753158885e-06,3,1,1
odepe_v2_nopolish,lotka_volterra,1em8,3,lotka_volterra_3_1em8,DONE,local,5.2449423394393606e-05,4.847205889796163e-05,3,1,1
odepe_v2_nopolish,lotka_volterra,1em8,4,lotka_volterra_4_1em8,DONE,local,1.7215001552082322e-05,8.555522778161886e-06,3,1,1
odepe_v2_nopolish,lotka_volterra,1em8,5,lotka_volterra_5_1em8,DONE,local,3.2326414699444606e-05,2.481200529951731e-05,3,1,1
odepe_v2_nopolish,lotka_volterra,1em8,6,lotka_volterra_6_1em8,DONE,local,4.273119120154779e-06,4.033343877999138e-06,3,1,1
odepe_v2_nopolish,lotka_volterra,1em8,7,lotka_volterra_7_1em8,DONE,local,2.9010270280675624e-06,2.537265321869727e-06,3,1,1
odepe_v2_nopolish,mass_spring_damper,1em8,0,mass_spring_damper_0_1em8,DONE,local,3.286562684064302e-07,1.9341919404050068e-07,3,1,1
odepe_v2_nopolish,mass_spring_damper,1em8,1,mass_spring_damper_1_1em8,DONE,local,1.5013207726125463e-07,1.1430414191967241e-07,3,1,1
odepe_v2_nopolish,mass_spring_damper,1em8,2,mass_spring_damper_2_1em8,DONE,local,2.065781030319215e-06,4.728382723450064e-07,3,1,1
odepe_v2_nopolish,mass_spring_damper,1em8,3,mass_spring_damper_3_1em8,DONE,local,5.483951788576782e-07,1.0682909020999643e-07,3,1,1
odepe_v2_nopolish,mass_spring_damper,1em8,4,mass_spring_damper_4_1em8,DONE,local,3.002272150148156e-06,3.6923545359616806e-07,3,1,1
odepe_v2_nopolish,mass_spring_damper,1em8,5,mass_spring_damper_5_1em8,DONE,local,5.277110882312331e-07,1.4581238626009492e-07,3,1,1
odepe_v2_nopolish,mass_spring_damper,1em8,6,mass_spring_damper_6_1em8,DONE,local,8.434001927584519e-07,5.8825777165050384e-08,3,1,1
odepe_v2_nopolish,mass_spring_damper,1em8,7,mass_spring_damper_7_1em8,DONE,local,3.3888648627480945e-06,1.964131022721057e-07,3,1,1
odepe_v2_nopolish,quadrotor,1em8,0,quadrotor_0_1em8,DONE,local,2.9591026557879704e-06,1.5329816669700407e-06,2,1,1
odepe_v2_nopolish,quadrotor,1em8,1,quadrotor_1_1em8,DONE,local,3.586717317707367e-08,3.1577903238407216e-08,2,1,1
odepe_v2_nopolish,quadrotor,1em8,2,quadrotor_2_1em8,DONE,local,1.8727179068915986e-06,1.1040247020954498e-06,2,1,1
odepe_v2_nopolish,quadrotor,1em8,3,quadrotor_3_1em8,DONE,local,7.001435286100621e-07,4.0065865215827766e-07,2,1,1
odepe_v2_nopolish,quadrotor,1em8,4,quadrotor_4_1em8,DONE,local,1.342142046514449e-07,1.2248557231533868e-07,2,1,1
odepe_v2_nopolish,quadrotor,1em8,5,quadrotor_5_1em8,DONE,local,2.75755712052369e-07,1.3907229856488838e-07,2,1,1
odepe_v2_nopolish,quadrotor,1em8,6,quadrotor_6_1em8,DONE,local,4.4460882030465154e-08,2.9476664651075434e-08,2,1,1
odepe_v2_nopolish,quadrotor,1em8,7,quadrotor_7_1em8,DONE,local,1.74206852837967e-06,8.901327530022599e-07,2,1,1
odepe_v2_nopolish,repressilator,1em8,0,repressilator_0_1em8,DONE,local,3.4342412294314524e-06,2.992648855212856e-06,3,1,1
odepe_v2_nopolish,repressilator,1em8,1,repressilator_1_1em8,DONE,local,7.440264382857257e-07,4.560568898200344e-07,3,1,1
odepe_v2_nopolish,repressilator,1em8,2,repressilator_2_1em8,DONE,local,4.190945857180923e-06,3.3342485613122715e-06,3,1,1
odepe_v2_nopolish,repressilator,1em8,3,repressilator_3_1em8,DONE,local,5.531172899827937e-07,4.214019002863349e-07,3,1,1
odepe_v2_nopolish,repressilator,1em8,4,repressilator_4_1em8,DONE,local,2.518338573723464e-06,2.3313124042203824e-06,3,1,1
odepe_v2_nopolish,repressilator,1em8,5,repressilator_5_1em8,DONE,local,1.7298543727555259e-06,1.4376542755412967e-06,3,1,1
odepe_v2_nopolish,repressilator,1em8,6,repressilator_6_1em8,DONE,local,3.490560918381613e-06,2.2909855208243906e-06,3,1,1
odepe_v2_nopolish,repressilator,1em8,7,repressilator_7_1em8,DONE,local,1.5080204847866117e-05,1.4585794566918884e-05,3,1,1
odepe_v2_nopolish,seir,1em8,0,seir_0_1em8,DONE,local,0.00024539140336842164,0.00015541820449305188,3,2,1
odepe_v2_nopolish,seir,1em8,1,seir_1_1em8,DONE,local,0.010339185539452761,0.0035032440942419354,3,2,1
odepe_v2_nopolish,seir,1em8,2,seir_2_1em8,DONE,local,7.58956308736676e-05,6.779227418307763e-05,3,2,1
odepe_v2_nopolish,seir,1em8,3,seir_3_1em8,DONE,local,0.00012148910981746583,0.00011737036439354343,3,2,1
odepe_v2_nopolish,seir,1em8,4,seir_4_1em8,DONE,local,0.42306620400089023,0.4195854887707497,3,2,0
odepe_v2_nopolish,seir,1em8,5,seir_5_1em8,DONE,local,0.00016714927822877122,0.00013145283095583306,3,2,1
odepe_v2_nopolish,seir,1em8,6,seir_6_1em8,DONE,local,0.21810948872274644,0.1812646711771691,3,2,0
odepe_v2_nopolish,seir,1em8,7,seir_7_1em8,DONE,local,0.01062511311860516,0.007000415645358252,3,2,1
odepe_v2_nopolish,slow_fast,1em8,0,slow_fast_0_1em8,DONE,local,6.262903461492832e-06,3.321713660540283e-06,2,2,1
odepe_v2_nopolish,slow_fast,1em8,1,slow_fast_1_1em8,DONE,local,6.200969086038152e-08,4.256844151875462e-08,2,2,1
odepe_v2_nopolish,slow_fast,1em8,2,slow_fast_2_1em8,DONE,local,5.152070768445538e-06,3.1624842498022907e-06,2,2,1
odepe_v2_nopolish,slow_fast,1em8,3,slow_fast_3_1em8,DONE,local,8.327324364798106e-06,4.94293306348681e-06,2,2,1
odepe_v2_nopolish,slow_fast,1em8,4,slow_fast_4_1em8,DONE,local,1.8670372668221994e-06,1.2389376990167132e-06,2,2,1
odepe_v2_nopolish,slow_fast,1em8,5,slow_fast_5_1em8,DONE,local,1.187310586917093e-06,9.045830005703832e-07,2,2,1
odepe_v2_nopolish,slow_fast,1em8,6,slow_fast_6_1em8,DONE,local,7.022861822775861e-07,4.0059769234359274e-07,2,2,1
odepe_v2_nopolish,slow_fast,1em8,7,slow_fast_7_1em8,DONE,local,3.5655960652319996e-06,2.0291129627877372e-06,2,2,1
odepe_v2_nopolish,sirt_treatment,1em8,0,sirt_treatment_0_1em8,DONE,local,0.0002784811857524126,2.5409408903111827e-05,5,1,1
odepe_v2_nopolish,sirt_treatment,1em8,1,sirt_treatment_1_1em8,DONE,local,2.0213692309756226e-05,2.1975897894490753e-06,5,1,1
odepe_v2_nopolish,sirt_treatment,1em8,2,sirt_treatment_2_1em8,DONE,local,3.803878487829343e-05,2.0843042581523987e-06,5,1,1
odepe_v2_nopolish,sirt_treatment,1em8,3,sirt_treatment_3_1em8,DONE,local,4.515585355918167e-05,2.2165815619450495e-06,5,1,1
odepe_v2_nopolish,sirt_treatment,1em8,4,sirt_treatment_4_1em8,DONE,local,0.00020136000976478385,2.4535245920831118e-05,5,1,1
odepe_v2_nopolish,sirt_treatment,1em8,5,sirt_treatment_5_1em8,DONE,local,0.00021802649487369128,1.6552501359321267e-05,5,1,1
odepe_v2_nopolish,sirt_treatment,1em8,6,sirt_treatment_6_1em8,DONE,local,0.00012743449185571623,4.5726262598750276e-05,5,1,1
odepe_v2_nopolish,sirt_treatment,1em8,7,sirt_treatment_7_1em8,DONE,local,4.502867381915502e-05,3.719856357278755e-06,5,1,1
odepe_v2_nopolish,vanderpol,1em8,0,vanderpol_0_1em8,DONE,local,5.29832135639457e-09,2.7253597935355485e-09,2,1,1
odepe_v2_nopolish,vanderpol,1em8,1,vanderpol_1_1em8,DONE,local,5.65090067196826e-08,2.8764063674931114e-08,2,1,1
odepe_v2_nopolish,vanderpol,1em8,2,vanderpol_2_1em8,DONE,local,9.826388526874385e-09,7.2817386500414175e-09,2,1,1
odepe_v2_nopolish,vanderpol,1em8,3,vanderpol_3_1em8,DONE,local,4.478364826124218e-08,2.6127320154455848e-08,2,1,1
odepe_v2_nopolish,vanderpol,1em8,4,vanderpol_4_1em8,DONE,local,1.1539499774670038e-08,6.396820958002944e-09,2,1,1
odepe_v2_nopolish,vanderpol,1em8,5,vanderpol_5_1em8,DONE,local,4.521065094205481e-06,2.2843791112565864e-06,2,1,1
odepe_v2_nopolish,vanderpol,1em8,6,vanderpol_6_1em8,DONE,local,5.890071022501906e-08,3.8637566026250165e-08,2,1,1
odepe_v2_nopolish,vanderpol,1em8,7,vanderpol_7_1em8,DONE,local,4.90498314836432e-09,2.7034765526816955e-09,2,1,1
odepe_v2_nopolish,latent_subpopulation_branch,1em8,0,latent_subpopulation_branch_0_1em8,DONE,local,0.06159767194055521,0.04052763590176975,6,6,1
odepe_v2_nopolish,latent_subpopulation_branch,1em8,1,latent_subpopulation_branch_1_1em8,DONE,local,46.230735996911186,1.0093001094163372,6,6,0
odepe_v2_nopolish,latent_subpopulation_branch,1em8,2,latent_subpopulation_branch_2_1em8,DONE,local,0.007549171530658748,0.0011470478702867554,6,6,1
odepe_v2_nopolish,latent_subpopulation_branch,1em8,3,latent_subpopulation_branch_3_1em8,DONE,local,0.1490510246165246,0.03133683888256267,6,6,0
odepe_v2_nopolish,latent_subpopulation_branch,1em8,4,latent_subpopulation_branch_4_1em8,DONE,local,0.00023518754208879175,7.220605078070102e-05,6,6,1
odepe_v2_nopolish,latent_subpopulation_branch,1em8,5,latent_subpopulation_branch_5_1em8,DONE,local,0.6932568232852687,0.1813866512243656,6,6,0
odepe_v2_nopolish,latent_subpopulation_branch,1em8,6,latent_subpopulation_branch_6_1em8,DONE,local,0.04697126200586507,0.005080562477069556,6,6,1
odepe_v2_nopolish,latent_subpopulation_branch,1em8,7,latent_subpopulation_branch_7_1em8,DONE,local,0.01642446890255434,0.001460182622673069,6,6,1
odepe_v2_nopolish,latent_subpopulation_observed_control,1em8,0,latent_subpopulation_observed_control_0_1em8,DONE,local,3.8681625335009895e-06,9.123938394215421e-07,6,1,1
odepe_v2_nopolish,latent_subpopulation_observed_control,1em8,1,latent_subpopulation_observed_control_1_1em8,DONE,local,5.158401534257318e-06,1.0493373251677007e-06,6,1,1
odepe_v2_nopolish,latent_subpopulation_observed_control,1em8,2,latent_subpopulation_observed_control_2_1em8,DONE,local,4.468007579252485e-06,2.0964233210027042e-07,6,1,1
odepe_v2_nopolish,latent_subpopulation_observed_control,1em8,3,latent_subpopulation_observed_control_3_1em8,DONE,local,4.92832801381013e-06,6.050016666201182e-07,6,1,1
odepe_v2_nopolish,latent_subpopulation_observed_control,1em8,4,latent_subpopulation_observed_control_4_1em8,DONE,local,8.800699303175497e-06,5.996372728643264e-07,6,1,1
odepe_v2_nopolish,latent_subpopulation_observed_control,1em8,5,latent_subpopulation_observed_control_5_1em8,DONE,local,3.055822842642386e-06,8.903370024861666e-07,6,1,1
odepe_v2_nopolish,latent_subpopulation_observed_control,1em8,6,latent_subpopulation_observed_control_6_1em8,DONE,local,9.817783687684472e-06,8.336319010683614e-07,6,1,1
odepe_v2_nopolish,latent_subpopulation_observed_control,1em8,7,latent_subpopulation_observed_control_7_1em8,DONE,local,2.6531608515337598e-06,9.357295197551581e-08,6,1,1
odepe_v2_nopolish,receptor_subtype_binding_branch,1em8,0,receptor_subtype_binding_branch_0_1em8,FAILURE,,,,,,0
odepe_v2_nopolish,receptor_subtype_binding_branch,1em8,1,receptor_subtype_binding_branch_1_1em8,FAILURE,,,,,,0
odepe_v2_nopolish,receptor_subtype_binding_branch,1em8,2,receptor_subtype_binding_branch_2_1em8,FAILURE,,,,,,0
odepe_v2_nopolish,receptor_subtype_binding_branch,1em8,3,receptor_subtype_binding_branch_3_1em8,FAILURE,,,,,,0
odepe_v2_nopolish,receptor_subtype_binding_branch,1em8,4,receptor_subtype_binding_branch_4_1em8,FAILURE,,,,,,0
odepe_v2_nopolish,receptor_subtype_binding_branch,1em8,5,receptor_subtype_binding_branch_5_1em8,FAILURE,,,,,,0
odepe_v2_nopolish,receptor_subtype_binding_branch,1em8,6,receptor_subtype_binding_branch_6_1em8,FAILURE,,,,,,0
odepe_v2_nopolish,receptor_subtype_binding_branch,1em8,7,receptor_subtype_binding_branch_7_1em8,FAILURE,,,,,,0
odepe_v2_nopolish,receptor_subtype_binding_observed_control,1em8,0,receptor_subtype_binding_observed_control_0_1em8,DONE,local,1.0430384296878396e-05,2.9061693572970027e-06,6,1,1
odepe_v2_nopolish,receptor_subtype_binding_observed_control,1em8,1,receptor_subtype_binding_observed_control_1_1em8,DONE,local,0.00025582049828486316,0.00012045230331678558,6,1,1
odepe_v2_nopolish,receptor_subtype_binding_observed_control,1em8,2,receptor_subtype_binding_observed_control_2_1em8,DONE,local,2.6202712796639524e-05,1.1523948717237967e-05,6,1,1
odepe_v2_nopolish,receptor_subtype_binding_observed_control,1em8,3,receptor_subtype_binding_observed_control_3_1em8,DONE,local,0.00025327406493271177,0.00015357604347489642,6,1,1
odepe_v2_nopolish,receptor_subtype_binding_observed_control,1em8,4,receptor_subtype_binding_observed_control_4_1em8,DONE,local,0.00022918630162718613,0.00011346614556262822,6,1,1
odepe_v2_nopolish,receptor_subtype_binding_observed_control,1em8,5,receptor_subtype_binding_observed_control_5_1em8,DONE,local,3.888319678173085e-05,2.1458686048165394e-05,6,1,1
odepe_v2_nopolish,receptor_subtype_binding_observed_control,1em8,6,receptor_subtype_binding_observed_control_6_1em8,DONE,local,6.427908419502144e-05,1.4384444855243666e-05,6,1,1
odepe_v2_nopolish,receptor_subtype_binding_observed_control,1em8,7,receptor_subtype_binding_observed_control_7_1em8,DONE,local,1.5162734899819117e-05,6.3321789822683946e-06,6,1,1
odepe_v2_nopolish,aircraft_pitch,1em6,0,aircraft_pitch_0_1em6,DONE,local,0.0023054529387510872,4.462780748026228e-06,4,1,1
odepe_v2_nopolish,aircraft_pitch,1em6,1,aircraft_pitch_1_1em6,DONE,local,0.004498339492590732,1.003261206781756e-05,4,1,1
odepe_v2_nopolish,aircraft_pitch,1em6,2,aircraft_pitch_2_1em6,DONE,local,0.004995013672973476,4.0953021284334605e-05,4,1,1
odepe_v2_nopolish,aircraft_pitch,1em6,3,aircraft_pitch_3_1em6,DONE,local,0.00010697296655256432,2.155936255479019e-06,4,1,1
odepe_v2_nopolish,aircraft_pitch,1em6,4,aircraft_pitch_4_1em6,DONE,local,0.0006751092449627408,6.759488978179108e-05,4,1,1
odepe_v2_nopolish,aircraft_pitch,1em6,5,aircraft_pitch_5_1em6,DONE,local,2.777297361583588,0.0025538359966693043,4,1,0
odepe_v2_nopolish,aircraft_pitch,1em6,6,aircraft_pitch_6_1em6,DONE,local,0.04489155699852153,7.553266232106504e-05,4,1,1
odepe_v2_nopolish,aircraft_pitch,1em6,7,aircraft_pitch_7_1em6,DONE,local,0.014564239183633951,0.00015181882031978296,4,1,1
odepe_v2_nopolish,bicycle_model,1em6,0,bicycle_model_0_1em6,DONE,local,2.089869565101234e-05,1.4159959022726673e-05,3,1,1
odepe_v2_nopolish,bicycle_model,1em6,1,bicycle_model_1_1em6,DONE,local,3.918576691293941e-06,3.514477438675854e-06,3,1,1
odepe_v2_nopolish,bicycle_model,1em6,2,bicycle_model_2_1em6,DONE,local,5.104035296262429e-06,3.6417230901081165e-06,3,1,1
odepe_v2_nopolish,bicycle_model,1em6,3,bicycle_model_3_1em6,DONE,local,1.4361474418367355e-05,6.166486428528755e-06,3,1,1
odepe_v2_nopolish,bicycle_model,1em6,4,bicycle_model_4_1em6,DONE,local,7.791398529065657e-06,2.4222011259478854e-06,3,1,1
odepe_v2_nopolish,bicycle_model,1em6,5,bicycle_model_5_1em6,DONE,local,3.4585297389964806e-06,2.4376798636128257e-06,3,1,1
odepe_v2_nopolish,bicycle_model,1em6,6,bicycle_model_6_1em6,DONE,local,8.251619914222088e-05,6.942460728507487e-05,3,1,1
odepe_v2_nopolish,bicycle_model,1em6,7,bicycle_model_7_1em6,DONE,local,6.905626148819714e-05,5.535130929545861e-05,3,1,1
odepe_v2_nopolish,biohydrogenation,1em6,0,biohydrogenation_0_1em6,DONE,local,0.6527570506353638,0.07449594921528219,6,2,0
odepe_v2_nopolish,biohydrogenation,1em6,1,biohydrogenation_1_1em6,DONE,local,5.28185739326259,0.8303426359869035,6,2,0
odepe_v2_nopolish,biohydrogenation,1em6,2,biohydrogenation_2_1em6,DONE,local,0.80347031230114,0.0020887720722692965,6,2,0
odepe_v2_nopolish,biohydrogenation,1em6,3,biohydrogenation_3_1em6,DONE,local,0.052097714172924255,0.013973373678566301,6,2,1
odepe_v2_nopolish,biohydrogenation,1em6,4,biohydrogenation_4_1em6,DONE,local,0.014464430334350752,0.002928998910491188,6,2,1
odepe_v2_nopolish,biohydrogenation,1em6,5,biohydrogenation_5_1em6,DONE,local,0.3661596835518723,0.028010417053809876,6,2,0
odepe_v2_nopolish,biohydrogenation,1em6,6,biohydrogenation_6_1em6,DONE,local,0.9413295043166026,0.01900786473216708,6,2,0
odepe_v2_nopolish,biohydrogenation,1em6,7,biohydrogenation_7_1em6,DONE,local,0.45780689199873364,0.013002859315924655,6,2,0
odepe_v2_nopolish,boost_converter,1em6,0,boost_converter_0_1em6,DONE,local,5.302221081807736e-06,3.0239540821991936e-06,3,1,1
odepe_v2_nopolish,boost_converter,1em6,1,boost_converter_1_1em6,DONE,local,6.688089892216995e-06,3.828569646783327e-06,3,1,1
odepe_v2_nopolish,boost_converter,1em6,2,boost_converter_2_1em6,DONE,local,3.0499001283684812e-05,2.0562648788913968e-05,3,1,1
odepe_v2_nopolish,boost_converter,1em6,3,boost_converter_3_1em6,DONE,local,9.711437398110182e-06,3.653011897046255e-06,3,1,1
odepe_v2_nopolish,boost_converter,1em6,4,boost_converter_4_1em6,DONE,local,2.6956433500184097e-05,2.693374535275696e-05,3,1,1
odepe_v2_nopolish,boost_converter,1em6,5,boost_converter_5_1em6,DONE,local,9.482010636433617e-07,4.207273525834338e-07,3,1,1
odepe_v2_nopolish,boost_converter,1em6,6,boost_converter_6_1em6,DONE,local,0.05882565624521069,0.04762311735035692,3,1,1
odepe_v2_nopolish,boost_converter,1em6,7,boost_converter_7_1em6,DONE,local,4.469729158516617e-06,3.3114526990032272e-06,3,1,1
odepe_v2_nopolish,brusselator,1em6,0,brusselator_0_1em6,DONE,local,5.401722548496059e-07,4.087201937531864e-07,2,1,1
odepe_v2_nopolish,brusselator,1em6,1,brusselator_1_1em6,DONE,local,1.488885725797481e-06,8.309293574604845e-07,2,1,1
odepe_v2_nopolish,brusselator,1em6,2,brusselator_2_1em6,DONE,local,2.272752764049229e-05,1.289437974781991e-05,2,1,1
odepe_v2_nopolish,brusselator,1em6,3,brusselator_3_1em6,DONE,local,2.104858692188685e-06,1.5261836605485088e-06,2,1,1
odepe_v2_nopolish,brusselator,1em6,4,brusselator_4_1em6,DONE,local,1.0532366503518837e-05,5.419532000172511e-06,2,1,1
odepe_v2_nopolish,brusselator,1em6,5,brusselator_5_1em6,DONE,local,0.9999852408531146,0.9554482108841771,2,1,0
odepe_v2_nopolish,brusselator,1em6,6,brusselator_6_1em6,DONE,local,0.8196688178893499,0.4098344211962384,2,1,0
odepe_v2_nopolish,brusselator,1em6,7,brusselator_7_1em6,DONE,local,0.0008286991176795364,0.000515532709052406,2,1,1
odepe_v2_nopolish,crauste,1em6,0,crauste_0_1em6,DONE,local,1452.0252047679899,0.13786137168889231,12,1,0
odepe_v2_nopolish,crauste,1em6,1,crauste_1_1em6,DONE,local,101190.98231328274,2.1256163577489153,12,1,0
odepe_v2_nopolish,crauste,1em6,2,crauste_2_1em6,DONE,local,41370.67489305688,3.4897559643786864,12,1,0
odepe_v2_nopolish,crauste,1em6,3,crauste_3_1em6,DONE,local,866568.078481499,1.5599286621062216,12,1,0
odepe_v2_nopolish,crauste,1em6,4,crauste_4_1em6,DONE,local,61.11180124223585,0.9999829490749549,12,1,0
odepe_v2_nopolish,crauste,1em6,5,crauste_5_1em6,DONE,local,69.7575935128766,0.05791066785822191,12,1,0
odepe_v2_nopolish,crauste,1em6,6,crauste_6_1em6,DONE,local,7825877.274015509,88.13778000061491,12,1,0
odepe_v2_nopolish,crauste,1em6,7,crauste_7_1em6,DONE,local,29.769230607169177,2.2636146104344723,12,1,0
odepe_v2_nopolish,cstr,1em6,0,cstr_0_1em6,DONE,local,0.7028410139979342,0.0071282448682287594,4,1,0
odepe_v2_nopolish,cstr,1em6,1,cstr_1_1em6,DONE,local,1.002087279989009,0.23094958773545518,4,1,0
odepe_v2_nopolish,cstr,1em6,2,cstr_2_1em6,DONE,local,0.08443781906989219,0.004209872419667424,4,1,1
odepe_v2_nopolish,cstr,1em6,3,cstr_3_1em6,DONE,local,1.0079883131190948,0.07395392627624756,4,1,0
odepe_v2_nopolish,cstr,1em6,4,cstr_4_1em6,PARSE_FAIL,local,,,,,0
odepe_v2_nopolish,cstr,1em6,5,cstr_5_1em6,PARSE_FAIL,local,,,,,0
odepe_v2_nopolish,cstr,1em6,6,cstr_6_1em6,DONE,local,1.1298333167707653,0.006024760801159159,4,1,0
odepe_v2_nopolish,cstr,1em6,7,cstr_7_1em6,PARSE_FAIL,local,,,,,0
odepe_v2_nopolish,daisy_mamil3,1em6,0,daisy_mamil3_0_1em6,DONE,local,0.003869320078207148,0.0004533538838282174,5,1,1
odepe_v2_nopolish,daisy_mamil3,1em6,1,daisy_mamil3_1_1em6,DONE,local,0.0005401070091277054,4.757969344999366e-05,5,1,1
odepe_v2_nopolish,daisy_mamil3,1em6,2,daisy_mamil3_2_1em6,DONE,local,0.0060117966311751415,0.0010927150607100324,5,1,1
odepe_v2_nopolish,daisy_mamil3,1em6,3,daisy_mamil3_3_1em6,DONE,local,0.0006030277944797958,0.00011638908906448131,5,1,1
odepe_v2_nopolish,daisy_mamil3,1em6,4,daisy_mamil3_4_1em6,DONE,local,0.0028898366897981095,0.00084596173409514,5,1,1
odepe_v2_nopolish,daisy_mamil3,1em6,5,daisy_mamil3_5_1em6,DONE,local,0.0020500667639084327,0.0010760619452894445,5,1,1
odepe_v2_nopolish,daisy_mamil3,1em6,6,daisy_mamil3_6_1em6,DONE,local,0.0016859056260880015,0.0002601107379019417,5,1,1
odepe_v2_nopolish,daisy_mamil3,1em6,7,daisy_mamil3_7_1em6,DONE,local,0.006836940640945441,0.00020617706282966577,5,1,1
odepe_v2_nopolish,daisy_mamil4,1em6,0,daisy_mamil4_0_1em6,DONE,local,0.0024534212052097796,0.00030312788475795227,7,2,1
odepe_v2_nopolish,daisy_mamil4,1em6,1,daisy_mamil4_1_1em6,DONE,local,0.06190149602400649,0.00655060540651575,7,2,1
odepe_v2_nopolish,daisy_mamil4,1em6,2,daisy_mamil4_2_1em6,DONE,local,0.007706094589946274,0.0022468318542855207,7,2,1
odepe_v2_nopolish,daisy_mamil4,1em6,3,daisy_mamil4_3_1em6,DONE,local,0.002427864949120652,0.0002748409116700086,7,2,1
odepe_v2_nopolish,daisy_mamil4,1em6,4,daisy_mamil4_4_1em6,DONE,local,0.04248596682481338,0.003632052858700955,7,2,1
odepe_v2_nopolish,daisy_mamil4,1em6,5,daisy_mamil4_5_1em6,DONE,local,0.2038475343905287,0.022116920206646358,7,2,0
odepe_v2_nopolish,daisy_mamil4,1em6,6,daisy_mamil4_6_1em6,DONE,local,0.0086497961256388,0.003667636049975966,7,2,1
odepe_v2_nopolish,daisy_mamil4,1em6,7,daisy_mamil4_7_1em6,DONE,local,0.016569139755367578,9.180868742003956e-05,7,2,1
odepe_v2_nopolish,dc_motor,1em6,0,dc_motor_0_1em6,DONE,local,7.265535074511412e-06,3.646154529605395e-06,2,1,1
odepe_v2_nopolish,dc_motor,1em6,1,dc_motor_1_1em6,DONE,local,2.26416619704671e-05,1.1439413138832974e-05,2,1,1
odepe_v2_nopolish,dc_motor,1em6,2,dc_motor_2_1em6,DONE,local,0.00011024207163408532,5.5337467246084226e-05,2,1,1
odepe_v2_nopolish,dc_motor,1em6,3,dc_motor_3_1em6,DONE,local,3.0364097711508585e-06,1.847679832257765e-06,2,1,1
odepe_v2_nopolish,dc_motor,1em6,4,dc_motor_4_1em6,DONE,local,2.5678537960899467e-05,1.3309246568034928e-05,2,1,1
odepe_v2_nopolish,dc_motor,1em6,5,dc_motor_5_1em6,DONE,local,5.482020792324612e-06,2.827503155795848e-06,2,1,1
odepe_v2_nopolish,dc_motor,1em6,6,dc_motor_6_1em6,DONE,local,1.393127145014591e-05,8.4907343191684e-06,2,1,1
odepe_v2_nopolish,dc_motor,1em6,7,dc_motor_7_1em6,DONE,local,7.958187774232296e-06,4.957972760851623e-06,2,1,1
odepe_v2_nopolish,fitzhugh_nagumo,1em6,0,fitzhugh_nagumo_0_1em6,DONE,local,0.009346483870770195,0.004888887204311767,3,1,1
odepe_v2_nopolish,fitzhugh_nagumo,1em6,1,fitzhugh_nagumo_1_1em6,DONE,local,0.013327027528852677,0.003547592474173272,3,1,1
odepe_v2_nopolish,fitzhugh_nagumo,1em6,2,fitzhugh_nagumo_2_1em6,DONE,local,0.00554204539704025,0.0012456468526822874,3,1,1
odepe_v2_nopolish,fitzhugh_nagumo,1em6,3,fitzhugh_nagumo_3_1em6,DONE,local,0.0006970072104243875,0.00014629193048947784,3,1,1
odepe_v2_nopolish,fitzhugh_nagumo,1em6,4,fitzhugh_nagumo_4_1em6,DONE,local,0.019482085547168026,0.0018686353403679222,3,1,1
odepe_v2_nopolish,fitzhugh_nagumo,1em6,5,fitzhugh_nagumo_5_1em6,DONE,local,0.008493936197159992,0.0016478610047304665,3,1,1
odepe_v2_nopolish,fitzhugh_nagumo,1em6,6,fitzhugh_nagumo_6_1em6,DONE,local,0.000998901487480239,0.0006245876566173746,3,1,1
odepe_v2_nopolish,fitzhugh_nagumo,1em6,7,fitzhugh_nagumo_7_1em6,DONE,local,0.009282087479793666,0.0037159483412725802,3,1,1
odepe_v2_nopolish,flexible_arm,1em6,0,flexible_arm_0_1em6,DONE,local,0.9826132375933891,0.9758973486398662,5,1,0
odepe_v2_nopolish,flexible_arm,1em6,1,flexible_arm_1_1em6,DONE,local,0.9999121568721335,0.9998622141853076,5,1,0
odepe_v2_nopolish,flexible_arm,1em6,2,flexible_arm_2_1em6,DONE,local,0.0035720460864629554,0.0017687942911406526,5,1,1
odepe_v2_nopolish,flexible_arm,1em6,3,flexible_arm_3_1em6,DONE,local,0.0003226111479512428,4.3963088778840445e-05,5,1,1
odepe_v2_nopolish,flexible_arm,1em6,4,flexible_arm_4_1em6,DONE,local,0.0004983626309117254,0.00021311070841660053,5,1,1
odepe_v2_nopolish,flexible_arm,1em6,5,flexible_arm_5_1em6,DONE,local,0.0012596962113315298,0.0006076274107367187,5,1,1
odepe_v2_nopolish,flexible_arm,1em6,6,flexible_arm_6_1em6,DONE,local,0.001238837914493779,0.001200867679621044,5,1,1
odepe_v2_nopolish,flexible_arm,1em6,7,flexible_arm_7_1em6,DONE,local,0.9999430616109007,0.9998994062477576,5,1,0
odepe_v2_nopolish,forced_lotka_volterra,1em6,0,forced_lotka_volterra_0_1em6,DONE,local,0.0001709466340742963,0.00013385198147555045,4,1,1
odepe_v2_nopolish,forced_lotka_volterra,1em6,1,forced_lotka_volterra_1_1em6,DONE,local,0.0005075362792942063,0.00034549967609935183,4,1,1
odepe_v2_nopolish,forced_lotka_volterra,1em6,2,forced_lotka_volterra_2_1em6,DONE,local,0.00011345926337909323,4.1580356979849874e-05,4,1,1
odepe_v2_nopolish,forced_lotka_volterra,1em6,3,forced_lotka_volterra_3_1em6,DONE,local,0.00760844845109522,0.0020281755381626873,4,1,1
odepe_v2_nopolish,forced_lotka_volterra,1em6,4,forced_lotka_volterra_4_1em6,DONE,local,0.002100760139545981,0.0005292343877864986,4,1,1
odepe_v2_nopolish,forced_lotka_volterra,1em6,5,forced_lotka_volterra_5_1em6,DONE,local,0.4217558925039548,0.005492592872503534,4,1,0
odepe_v2_nopolish,forced_lotka_volterra,1em6,6,forced_lotka_volterra_6_1em6,DONE,local,0.6863943174883883,0.0051986885248198125,4,1,0
odepe_v2_nopolish,forced_lotka_volterra,1em6,7,forced_lotka_volterra_7_1em6,DONE,local,0.0005011064029767704,5.492865658750232e-05,4,1,1
odepe_v2_nopolish,harmonic_oscillator,1em6,0,harmonic_oscillator_0_1em6,DONE,local,4.6100413651159574e-08,4.504059846610263e-08,2,1,1
odepe_v2_nopolish,harmonic_oscillator,1em6,1,harmonic_oscillator_1_1em6,DONE,local,2.4882987677135536e-08,1.6884236308776103e-08,2,1,1
odepe_v2_nopolish,harmonic_oscillator,1em6,2,harmonic_oscillator_2_1em6,DONE,local,1.3187307268589596e-08,1.2629044212406817e-08,2,1,1
odepe_v2_nopolish,harmonic_oscillator,1em6,3,harmonic_oscillator_3_1em6,DONE,local,2.2695468324803283e-08,1.2964179701913823e-08,2,1,1
odepe_v2_nopolish,harmonic_oscillator,1em6,4,harmonic_oscillator_4_1em6,DONE,local,3.085643228687486e-08,1.744046084763446e-08,2,1,1
odepe_v2_nopolish,harmonic_oscillator,1em6,5,harmonic_oscillator_5_1em6,DONE,local,4.7621730710380647e-08,3.3564239013229293e-08,2,1,1
odepe_v2_nopolish,harmonic_oscillator,1em6,6,harmonic_oscillator_6_1em6,DONE,local,6.17384949815716e-08,4.076081229949939e-08,2,1,1
odepe_v2_nopolish,harmonic_oscillator,1em6,7,harmonic_oscillator_7_1em6,DONE,local,5.370123098288189e-09,4.340395482917009e-09,2,1,1
odepe_v2_nopolish,hiv,1em6,0,hiv_0_1em6,DONE,local,0.5917876633902049,0.05914697031917116,10,1,0
odepe_v2_nopolish,hiv,1em6,1,hiv_1_1em6,DONE,local,1.140000388473844,0.036477528622173974,10,1,0
odepe_v2_nopolish,hiv,1em6,2,hiv_2_1em6,DONE,local,0.05043830108640518,0.0015830850297857326,10,1,1
odepe_v2_nopolish,hiv,1em6,3,hiv_3_1em6,DONE,local,0.8233310607117587,0.04825314532899405,10,1,0
odepe_v2_nopolish,hiv,1em6,4,hiv_4_1em6,DONE,local,0.5854875425901122,0.050320914942303,10,1,0
odepe_v2_nopolish,hiv,1em6,5,hiv_5_1em6,DONE,local,0.017878983907722905,0.002408622988646856,10,1,1
odepe_v2_nopolish,hiv,1em6,6,hiv_6_1em6,DONE,local,9.228507096870219,0.09761941977672932,10,1,0
odepe_v2_nopolish,hiv,1em6,7,hiv_7_1em6,DONE,local,0.45846347103043394,0.012755868117000236,10,1,0
odepe_v2_nopolish,lotka_volterra,1em6,0,lotka_volterra_0_1em6,DONE,local,0.000141184318644332,7.535334772212729e-05,3,1,1
odepe_v2_nopolish,lotka_volterra,1em6,1,lotka_volterra_1_1em6,DONE,local,0.0007678525023357216,0.0002929973111671231,3,1,1
odepe_v2_nopolish,lotka_volterra,1em6,2,lotka_volterra_2_1em6,DONE,local,0.003124871888850695,0.0026795898650869877,3,1,1
odepe_v2_nopolish,lotka_volterra,1em6,3,lotka_volterra_3_1em6,DONE,local,0.00016097912086663536,9.450270325600863e-05,3,1,1
odepe_v2_nopolish,lotka_volterra,1em6,4,lotka_volterra_4_1em6,DONE,local,0.00011522200299985965,9.178874889508075e-05,3,1,1
odepe_v2_nopolish,lotka_volterra,1em6,5,lotka_volterra_5_1em6,DONE,local,0.0003827988517238862,1.9896586646174334e-05,3,1,1
odepe_v2_nopolish,lotka_volterra,1em6,6,lotka_volterra_6_1em6,DONE,local,0.00025518240234565165,0.00023703648712466852,3,1,1
odepe_v2_nopolish,lotka_volterra,1em6,7,lotka_volterra_7_1em6,DONE,local,0.00043542688793183395,0.00042559557545217546,3,1,1
odepe_v2_nopolish,mass_spring_damper,1em6,0,mass_spring_damper_0_1em6,DONE,local,2.4069842558627333e-06,6.388322840717754e-07,3,1,1
odepe_v2_nopolish,mass_spring_damper,1em6,1,mass_spring_damper_1_1em6,DONE,local,8.646411523757337e-06,9.330331268512554e-07,3,1,1
odepe_v2_nopolish,mass_spring_damper,1em6,2,mass_spring_damper_2_1em6,DONE,local,1.0962300561791285e-05,7.067107138156954e-06,3,1,1
odepe_v2_nopolish,mass_spring_damper,1em6,3,mass_spring_damper_3_1em6,DONE,local,1.0927474670253331e-05,6.486025048081417e-06,3,1,1
odepe_v2_nopolish,mass_spring_damper,1em6,4,mass_spring_damper_4_1em6,DONE,local,2.6856215378502896e-06,1.4557186725122386e-06,3,1,1
odepe_v2_nopolish,mass_spring_damper,1em6,5,mass_spring_damper_5_1em6,DONE,local,9.745321800464907e-07,2.0690399164692057e-07,3,1,1
odepe_v2_nopolish,mass_spring_damper,1em6,6,mass_spring_damper_6_1em6,DONE,local,5.4530444970108345e-06,1.4961206227003192e-06,3,1,1
odepe_v2_nopolish,mass_spring_damper,1em6,7,mass_spring_damper_7_1em6,DONE,local,7.3724620468578495e-06,2.958264611018947e-06,3,1,1
odepe_v2_nopolish,quadrotor,1em6,0,quadrotor_0_1em6,DONE,local,7.800010075683541e-05,4.108280898845566e-05,2,1,1
odepe_v2_nopolish,quadrotor,1em6,1,quadrotor_1_1em6,DONE,local,7.28540486520465e-07,5.249830261001582e-07,2,1,1
odepe_v2_nopolish,quadrotor,1em6,2,quadrotor_2_1em6,DONE,local,6.995329449196517e-06,6.894989728618948e-06,2,1,1
odepe_v2_nopolish,quadrotor,1em6,3,quadrotor_3_1em6,DONE,local,6.132581897360257e-06,3.7191270968519383e-06,2,1,1
odepe_v2_nopolish,quadrotor,1em6,4,quadrotor_4_1em6,DONE,local,2.5736094572539342e-06,1.864330936558345e-06,2,1,1
odepe_v2_nopolish,quadrotor,1em6,5,quadrotor_5_1em6,DONE,local,9.473606087756464e-06,5.828349228182167e-06,2,1,1
odepe_v2_nopolish,quadrotor,1em6,6,quadrotor_6_1em6,DONE,local,1.4002089665398432e-05,7.259579157332174e-06,2,1,1
odepe_v2_nopolish,quadrotor,1em6,7,quadrotor_7_1em6,DONE,local,1.220488056694895e-05,6.5629283839128165e-06,2,1,1
odepe_v2_nopolish,repressilator,1em6,0,repressilator_0_1em6,DONE,local,0.0008455610678804003,0.0004926865253109475,3,1,1
odepe_v2_nopolish,repressilator,1em6,1,repressilator_1_1em6,DONE,local,6.297339500921153e-05,4.5632075695768555e-05,3,1,1
odepe_v2_nopolish,repressilator,1em6,2,repressilator_2_1em6,DONE,local,2.5629995478071406e-05,2.0391161427851594e-05,3,1,1
odepe_v2_nopolish,repressilator,1em6,3,repressilator_3_1em6,DONE,local,6.472808751845939e-06,6.343550141448148e-06,3,1,1
odepe_v2_nopolish,repressilator,1em6,4,repressilator_4_1em6,DONE,local,7.05139068954313e-05,4.856229530716112e-05,3,1,1
odepe_v2_nopolish,repressilator,1em6,5,repressilator_5_1em6,DONE,local,1.8979276016305754e-05,1.0732928645239215e-05,3,1,1
odepe_v2_nopolish,repressilator,1em6,6,repressilator_6_1em6,DONE,local,5.566245535777868e-05,3.510369085734758e-05,3,1,1
odepe_v2_nopolish,repressilator,1em6,7,repressilator_7_1em6,DONE,local,0.00012502380054025544,4.7733095935688984e-05,3,1,1
odepe_v2_nopolish,seir,1em6,0,seir_0_1em6,DONE,local,0.002024150306520478,0.001821115640131099,3,2,1
odepe_v2_nopolish,seir,1em6,1,seir_1_1em6,DONE,local,0.025619726469333103,0.008813612686302366,3,2,1
odepe_v2_nopolish,seir,1em6,2,seir_2_1em6,DONE,local,0.07649118719538842,0.06174235440169547,3,2,1
odepe_v2_nopolish,seir,1em6,3,seir_3_1em6,DONE,local,0.02219382364812068,0.02166188919220026,3,2,1
odepe_v2_nopolish,seir,1em6,4,seir_4_1em6,DONE,local,3.782593250378772,0.792307906523067,3,2,0
odepe_v2_nopolish,seir,1em6,5,seir_5_1em6,DONE,local,0.026917263705414585,0.02035126839987508,3,2,1
odepe_v2_nopolish,seir,1em6,6,seir_6_1em6,DONE,local,2.817868037496871,0.895176234683799,3,2,0
odepe_v2_nopolish,seir,1em6,7,seir_7_1em6,DONE,local,0.0234132014712568,0.015702102107237128,3,2,1
odepe_v2_nopolish,slow_fast,1em6,0,slow_fast_0_1em6,DONE,local,5.152387340896901e-05,2.7728670757478202e-05,2,2,1
odepe_v2_nopolish,slow_fast,1em6,1,slow_fast_1_1em6,DONE,local,2.9961069997622173e-05,2.4106248383892694e-05,2,2,1
odepe_v2_nopolish,slow_fast,1em6,2,slow_fast_2_1em6,DONE,local,7.807458904307094e-05,4.318183052429227e-05,2,2,1
odepe_v2_nopolish,slow_fast,1em6,3,slow_fast_3_1em6,DONE,local,0.00017032402449486378,0.00010188178362150599,2,2,1
odepe_v2_nopolish,slow_fast,1em6,4,slow_fast_4_1em6,DONE,local,2.387163740151833e-05,1.4850040746302459e-05,2,2,1
odepe_v2_nopolish,slow_fast,1em6,5,slow_fast_5_1em6,DONE,local,7.107211778311609e-05,5.242283245169758e-05,2,2,1
odepe_v2_nopolish,slow_fast,1em6,6,slow_fast_6_1em6,DONE,local,2.218096366802717e-05,1.2806463390248805e-05,2,2,1
odepe_v2_nopolish,slow_fast,1em6,7,slow_fast_7_1em6,DONE,local,0.00019980158705301676,0.00011037663503707,2,2,1
odepe_v2_nopolish,sirt_treatment,1em6,0,sirt_treatment_0_1em6,DONE,local,0.00026899371205509287,3.675981458575464e-05,5,1,1
odepe_v2_nopolish,sirt_treatment,1em6,1,sirt_treatment_1_1em6,DONE,local,0.003618463759795243,9.423925377536042e-05,5,1,1
odepe_v2_nopolish,sirt_treatment,1em6,2,sirt_treatment_2_1em6,DONE,local,0.002117048818999511,0.00016232643622756396,5,1,1
odepe_v2_nopolish,sirt_treatment,1em6,3,sirt_treatment_3_1em6,DONE,local,0.0012791115148152504,9.073696882602939e-05,5,1,1
odepe_v2_nopolish,sirt_treatment,1em6,4,sirt_treatment_4_1em6,DONE,local,0.0003415211540437113,5.337101042072333e-05,5,1,1
odepe_v2_nopolish,sirt_treatment,1em6,5,sirt_treatment_5_1em6,DONE,local,0.00038897387794301075,0.00010091676197640859,5,1,1
odepe_v2_nopolish,sirt_treatment,1em6,6,sirt_treatment_6_1em6,DONE,local,0.0013287142960481493,0.00013498870816219753,5,1,1
odepe_v2_nopolish,sirt_treatment,1em6,7,sirt_treatment_7_1em6,DONE,local,0.0007859051738230081,5.438542987944369e-05,5,1,1
odepe_v2_nopolish,vanderpol,1em6,0,vanderpol_0_1em6,DONE,local,1.6557118854666956e-08,1.4060535906680667e-08,2,1,1
odepe_v2_nopolish,vanderpol,1em6,1,vanderpol_1_1em6,DONE,local,5.32864961198738e-07,2.887024819441874e-07,2,1,1
odepe_v2_nopolish,vanderpol,1em6,2,vanderpol_2_1em6,DONE,local,5.514982284662775e-07,3.112926768113122e-07,2,1,1
odepe_v2_nopolish,vanderpol,1em6,3,vanderpol_3_1em6,DONE,local,1.0499409443148523e-06,5.362515987491469e-07,2,1,1
odepe_v2_nopolish,vanderpol,1em6,4,vanderpol_4_1em6,DONE,local,1.9081783216365196e-07,1.0062592195906558e-07,2,1,1
odepe_v2_nopolish,vanderpol,1em6,5,vanderpol_5_1em6,DONE,local,3.066135966537431e-05,1.5542426993810787e-05,2,1,1
odepe_v2_nopolish,vanderpol,1em6,6,vanderpol_6_1em6,DONE,local,8.682905469406479e-08,4.3446481611620556e-08,2,1,1
odepe_v2_nopolish,vanderpol,1em6,7,vanderpol_7_1em6,DONE,local,1.2860670488611245e-07,7.892518238313551e-08,2,1,1
odepe_v2_nopolish,latent_subpopulation_branch,1em6,0,latent_subpopulation_branch_0_1em6,DONE,local,1.845311256586367,0.08489958450763578,6,6,0
odepe_v2_nopolish,latent_subpopulation_branch,1em6,1,latent_subpopulation_branch_1_1em6,DONE,local,12.236694778704871,0.10906571806068215,6,6,0
odepe_v2_nopolish,latent_subpopulation_branch,1em6,2,latent_subpopulation_branch_2_1em6,DONE,local,0.39927901353962764,0.18683235544659477,6,6,0
odepe_v2_nopolish,latent_subpopulation_branch,1em6,3,latent_subpopulation_branch_3_1em6,DONE,local,5.739753828308169,0.17639495342304098,6,6,0
odepe_v2_nopolish,latent_subpopulation_branch,1em6,4,latent_subpopulation_branch_4_1em6,DONE,local,0.05050419006712622,0.019966702201125577,6,6,1
odepe_v2_nopolish,latent_subpopulation_branch,1em6,5,latent_subpopulation_branch_5_1em6,DONE,local,57.6585647088045,0.5814014145452302,6,6,0
odepe_v2_nopolish,latent_subpopulation_branch,1em6,6,latent_subpopulation_branch_6_1em6,DONE,local,0.06166270724169336,0.007970940703448073,6,6,1
odepe_v2_nopolish,latent_subpopulation_branch,1em6,7,latent_subpopulation_branch_7_1em6,DONE,local,0.7860961593037392,0.048967181577196754,6,6,0
odepe_v2_nopolish,latent_subpopulation_observed_control,1em6,0,latent_subpopulation_observed_control_0_1em6,DONE,local,8.03155515488535e-05,5.1519741764924636e-06,6,1,1
odepe_v2_nopolish,latent_subpopulation_observed_control,1em6,1,latent_subpopulation_observed_control_1_1em6,DONE,local,0.00030778322225680357,6.054258835426971e-05,6,1,1
odepe_v2_nopolish,latent_subpopulation_observed_control,1em6,2,latent_subpopulation_observed_control_2_1em6,DONE,local,8.01672611204079e-05,1.3678974811727395e-05,6,1,1
odepe_v2_nopolish,latent_subpopulation_observed_control,1em6,3,latent_subpopulation_observed_control_3_1em6,DONE,local,5.866944871594745e-05,1.4252300970129913e-05,6,1,1
odepe_v2_nopolish,latent_subpopulation_observed_control,1em6,4,latent_subpopulation_observed_control_4_1em6,DONE,local,2.515739340163553e-05,2.903832687182036e-06,6,1,1
odepe_v2_nopolish,latent_subpopulation_observed_control,1em6,5,latent_subpopulation_observed_control_5_1em6,DONE,local,1.0324119787205897e-05,5.336909236200012e-06,6,1,1
odepe_v2_nopolish,latent_subpopulation_observed_control,1em6,6,latent_subpopulation_observed_control_6_1em6,DONE,local,7.323303830338186e-05,1.4657753749952267e-05,6,1,1
odepe_v2_nopolish,latent_subpopulation_observed_control,1em6,7,latent_subpopulation_observed_control_7_1em6,DONE,local,0.0001917594029633112,4.056447606752572e-06,6,1,1
odepe_v2_nopolish,receptor_subtype_binding_branch,1em6,0,receptor_subtype_binding_branch_0_1em6,FAILURE,,,,,,0
odepe_v2_nopolish,receptor_subtype_binding_branch,1em6,1,receptor_subtype_binding_branch_1_1em6,FAILURE,,,,,,0
odepe_v2_nopolish,receptor_subtype_binding_branch,1em6,2,receptor_subtype_binding_branch_2_1em6,FAILURE,,,,,,0
odepe_v2_nopolish,receptor_subtype_binding_branch,1em6,3,receptor_subtype_binding_branch_3_1em6,FAILURE,,,,,,0
odepe_v2_nopolish,receptor_subtype_binding_branch,1em6,4,receptor_subtype_binding_branch_4_1em6,FAILURE,,,,,,0
odepe_v2_nopolish,receptor_subtype_binding_branch,1em6,5,receptor_subtype_binding_branch_5_1em6,FAILURE,,,,,,0
odepe_v2_nopolish,receptor_subtype_binding_branch,1em6,6,receptor_subtype_binding_branch_6_1em6,FAILURE,,,,,,0
odepe_v2_nopolish,receptor_subtype_binding_branch,1em6,7,receptor_subtype_binding_branch_7_1em6,FAILURE,,,,,,0
odepe_v2_nopolish,receptor_subtype_binding_observed_control,1em6,0,receptor_subtype_binding_observed_control_0_1em6,DONE,local,0.0005356616185789429,0.00023516982795893882,6,1,1
odepe_v2_nopolish,receptor_subtype_binding_observed_control,1em6,1,receptor_subtype_binding_observed_control_1_1em6,DONE,local,0.002228132407987952,0.0003859123190408749,6,1,1
odepe_v2_nopolish,receptor_subtype_binding_observed_control,1em6,2,receptor_subtype_binding_observed_control_2_1em6,DONE,local,0.000646450100786356,0.00029852320349683004,6,1,1
odepe_v2_nopolish,receptor_subtype_binding_observed_control,1em6,3,receptor_subtype_binding_observed_control_3_1em6,DONE,local,0.00010398613709897568,9.243892567021118e-05,6,1,1
odepe_v2_nopolish,receptor_subtype_binding_observed_control,1em6,4,receptor_subtype_binding_observed_control_4_1em6,DONE,local,0.0030877215261430643,0.0007920494750077983,6,1,1
odepe_v2_nopolish,receptor_subtype_binding_observed_control,1em6,5,receptor_subtype_binding_observed_control_5_1em6,DONE,local,0.0001843633875346783,7.715035022849652e-05,6,1,1
odepe_v2_nopolish,receptor_subtype_binding_observed_control,1em6,6,receptor_subtype_binding_observed_control_6_1em6,DONE,local,0.0018824539804122634,0.00024261172015026532,6,1,1
odepe_v2_nopolish,receptor_subtype_binding_observed_control,1em6,7,receptor_subtype_binding_observed_control_7_1em6,DONE,local,0.005311848220247594,0.0008548323511865418,6,1,1
odepe_v2_nopolish,aircraft_pitch,1em4,0,aircraft_pitch_0_1em4,DONE,local,0.0017413168317437905,6.744575077667437e-06,4,1,1
odepe_v2_nopolish,aircraft_pitch,1em4,1,aircraft_pitch_1_1em4,DONE,local,0.0019691397863550483,5.8939729831125194e-05,4,1,1
odepe_v2_nopolish,aircraft_pitch,1em4,2,aircraft_pitch_2_1em4,DONE,local,0.012479133093782447,6.4541322280655e-05,4,1,1
odepe_v2_nopolish,aircraft_pitch,1em4,3,aircraft_pitch_3_1em4,DONE,local,0.007964266774711543,3.281335209109414e-05,4,1,1
odepe_v2_nopolish,aircraft_pitch,1em4,4,aircraft_pitch_4_1em4,DONE,local,0.0024577606448241652,1.3773236340314872e-05,4,1,1
odepe_v2_nopolish,aircraft_pitch,1em4,5,aircraft_pitch_5_1em4,DONE,local,6.22584325809691,0.0037304586561696263,4,1,0
odepe_v2_nopolish,aircraft_pitch,1em4,6,aircraft_pitch_6_1em4,DONE,local,0.013389949314753112,7.266040360167801e-05,4,1,1
odepe_v2_nopolish,aircraft_pitch,1em4,7,aircraft_pitch_7_1em4,DONE,local,0.019091726303547343,0.00014979175433971876,4,1,1
odepe_v2_nopolish,bicycle_model,1em4,0,bicycle_model_0_1em4,DONE,local,0.0002851635479487537,0.0002609232728917332,3,1,1
odepe_v2_nopolish,bicycle_model,1em4,1,bicycle_model_1_1em4,DONE,local,0.0003675654975317066,0.00028317588148744655,3,1,1
odepe_v2_nopolish,bicycle_model,1em4,2,bicycle_model_2_1em4,DONE,local,0.001625068384750916,0.0013955676662348747,3,1,1
odepe_v2_nopolish,bicycle_model,1em4,3,bicycle_model_3_1em4,DONE,local,8.336840086349818e-05,4.974036317176103e-05,3,1,1
odepe_v2_nopolish,bicycle_model,1em4,4,bicycle_model_4_1em4,DONE,local,0.00033990135718677943,0.00026135945293144253,3,1,1
odepe_v2_nopolish,bicycle_model,1em4,5,bicycle_model_5_1em4,DONE,local,0.0002917583580426537,0.00020916120831536756,3,1,1
odepe_v2_nopolish,bicycle_model,1em4,6,bicycle_model_6_1em4,DONE,local,0.0002547689890689948,0.00022058792229535083,3,1,1
odepe_v2_nopolish,bicycle_model,1em4,7,bicycle_model_7_1em4,DONE,local,0.0008528372964280258,0.0007459034140357633,3,1,1
odepe_v2_nopolish,biohydrogenation,1em4,0,biohydrogenation_0_1em4,DONE,local,5.213868603932943,0.4117498241100142,6,2,0
odepe_v2_nopolish,biohydrogenation,1em4,1,biohydrogenation_1_1em4,DONE,local,1.5628768846015852,0.46086529915628727,6,2,0
odepe_v2_nopolish,biohydrogenation,1em4,2,biohydrogenation_2_1em4,DONE,local,2.316174971695781,0.0164617863915839,6,2,0
odepe_v2_nopolish,biohydrogenation,1em4,3,biohydrogenation_3_1em4,DONE,local,0.6122575773069886,0.044377983858101225,6,2,0
odepe_v2_nopolish,biohydrogenation,1em4,4,biohydrogenation_4_1em4,DONE,local,0.7344479549435172,0.12287813439801129,6,2,0
odepe_v2_nopolish,biohydrogenation,1em4,5,biohydrogenation_5_1em4,DONE,local,2.460408435245852,0.557496231950851,6,2,0
odepe_v2_nopolish,biohydrogenation,1em4,6,biohydrogenation_6_1em4,DONE,local,3.258433423217128,0.03108392705677762,6,2,0
odepe_v2_nopolish,biohydrogenation,1em4,7,biohydrogenation_7_1em4,DONE,local,4.558750760481776,0.3873209739091845,6,2,0
odepe_v2_nopolish,boost_converter,1em4,0,boost_converter_0_1em4,DONE,local,0.00018489136704096106,7.92907636030608e-05,3,1,1
odepe_v2_nopolish,boost_converter,1em4,1,boost_converter_1_1em4,DONE,local,0.001075579527384582,0.0008358113555013289,3,1,1
odepe_v2_nopolish,boost_converter,1em4,2,boost_converter_2_1em4,DONE,local,0.0009578183934401078,0.0004900581780473079,3,1,1
odepe_v2_nopolish,boost_converter,1em4,3,boost_converter_3_1em4,DONE,local,0.0011089512745999519,0.0004638504566745717,3,1,1
odepe_v2_nopolish,boost_converter,1em4,4,boost_converter_4_1em4,DONE,local,0.0009089549209074441,0.0002883400821170619,3,1,1
odepe_v2_nopolish,boost_converter,1em4,5,boost_converter_5_1em4,DONE,local,0.00037195477663573166,0.00025365498821834306,3,1,1
odepe_v2_nopolish,boost_converter,1em4,6,boost_converter_6_1em4,DONE,local,0.059325163296599974,0.04650099663220453,3,1,1
odepe_v2_nopolish,boost_converter,1em4,7,boost_converter_7_1em4,DONE,local,0.00023200910114302452,0.0002095043818514023,3,1,1
odepe_v2_nopolish,brusselator,1em4,0,brusselator_0_1em4,DONE,local,0.0001569416461404138,8.476528678230333e-05,2,1,1
odepe_v2_nopolish,brusselator,1em4,1,brusselator_1_1em4,DONE,local,0.0002902868925249875,0.00015669456845086163,2,1,1
odepe_v2_nopolish,brusselator,1em4,2,brusselator_2_1em4,DONE,local,0.0006069938220516411,0.0005284158381976797,2,1,1
odepe_v2_nopolish,brusselator,1em4,3,brusselator_3_1em4,DONE,local,0.00010910779633429165,6.961890547743539e-05,2,1,1
odepe_v2_nopolish,brusselator,1em4,4,brusselator_4_1em4,DONE,local,0.008177465427464569,0.004359762659721154,2,1,1
odepe_v2_nopolish,brusselator,1em4,5,brusselator_5_1em4,DONE,local,0.5523316389383567,0.2761659971645239,2,1,0
odepe_v2_nopolish,brusselator,1em4,6,brusselator_6_1em4,DONE,local,0.37222649499014354,0.18611339812018085,2,1,0
odepe_v2_nopolish,brusselator,1em4,7,brusselator_7_1em4,DONE,local,0.012215655298872611,0.011495342567659647,2,1,1
odepe_v2_nopolish,crauste,1em4,0,crauste_0_1em4,DONE,local,21059.610872409143,1.8526595262119503,12,1,0
odepe_v2_nopolish,crauste,1em4,1,crauste_1_1em4,DONE,local,87560.7574728084,25.694514681716537,12,1,0
odepe_v2_nopolish,crauste,1em4,2,crauste_2_1em4,DONE,local,5554016.756197171,45.042262251818045,12,1,0
odepe_v2_nopolish,crauste,1em4,3,crauste_3_1em4,DONE,local,2957266.1206073826,6.009969826703731,12,1,0
odepe_v2_nopolish,crauste,1em4,4,crauste_4_1em4,DONE,local,18855.748288249197,45.651227992341774,12,1,0
odepe_v2_nopolish,crauste,1em4,5,crauste_5_1em4,DONE,local,484587.9938212701,2.7365841494286123,12,1,0
odepe_v2_nopolish,crauste,1em4,6,crauste_6_1em4,DONE,local,6981.487049247184,3.5233842039523253,12,1,0
odepe_v2_nopolish,crauste,1em4,7,crauste_7_1em4,DONE,local,11.267112580945309,0.9999296061117224,12,1,0
odepe_v2_nopolish,cstr,1em4,0,cstr_0_1em4,DONE,local,0.9798759010341233,0.01116079090413572,4,1,0
odepe_v2_nopolish,cstr,1em4,1,cstr_1_1em4,DONE,local,0.9938630019789357,0.13570767932217884,4,1,0
odepe_v2_nopolish,cstr,1em4,2,cstr_2_1em4,DONE,local,2.4813476338456475,0.06022393837319695,4,1,0
odepe_v2_nopolish,cstr,1em4,3,cstr_3_1em4,DONE,local,0.9801216393406906,0.1375821628526152,4,1,0
odepe_v2_nopolish,cstr,1em4,4,cstr_4_1em4,DONE,local,0.9005420052491868,0.12318486811042621,4,1,0
odepe_v2_nopolish,cstr,1em4,5,cstr_5_1em4,DONE,local,0.6746549327628899,0.08494725594731113,4,1,0
odepe_v2_nopolish,cstr,1em4,6,cstr_6_1em4,DONE,local,2.6323853098373897,0.9828632061291708,4,1,0
odepe_v2_nopolish,cstr,1em4,7,cstr_7_1em4,DONE,local,0.7732497293545809,0.05022611838788371,4,1,0
odepe_v2_nopolish,daisy_mamil3,1em4,0,daisy_mamil3_0_1em4,DONE,local,0.4166349107608365,0.07703959546424376,5,1,0
odepe_v2_nopolish,daisy_mamil3,1em4,1,daisy_mamil3_1_1em4,DONE,local,0.021633054527560005,0.00761002879181713,5,1,1
odepe_v2_nopolish,daisy_mamil3,1em4,2,daisy_mamil3_2_1em4,DONE,local,0.014926536932384344,0.0027198155674402133,5,1,1
odepe_v2_nopolish,daisy_mamil3,1em4,3,daisy_mamil3_3_1em4,DONE,local,0.023489189963295094,0.0014396423296364352,5,1,1
odepe_v2_nopolish,daisy_mamil3,1em4,4,daisy_mamil3_4_1em4,DONE,local,0.029853406083470636,0.010205155141072644,5,1,1
odepe_v2_nopolish,daisy_mamil3,1em4,5,daisy_mamil3_5_1em4,DONE,local,0.16580803591165957,0.06236725223116573,5,1,0
odepe_v2_nopolish,daisy_mamil3,1em4,6,daisy_mamil3_6_1em4,DONE,local,0.0741859654658138,0.010923708959829036,5,1,1
odepe_v2_nopolish,daisy_mamil3,1em4,7,daisy_mamil3_7_1em4,DONE,local,0.12913852008687798,0.008941738439899953,5,1,0
odepe_v2_nopolish,daisy_mamil4,1em4,0,daisy_mamil4_0_1em4,DONE,local,0.17537560503355643,0.04501824067464511,7,2,0
odepe_v2_nopolish,daisy_mamil4,1em4,1,daisy_mamil4_1_1em4,DONE,local,0.29997868638021613,0.019181112705515774,7,2,0
odepe_v2_nopolish,daisy_mamil4,1em4,2,daisy_mamil4_2_1em4,DONE,local,0.024794182692545366,0.0020565606220186742,7,2,1
odepe_v2_nopolish,daisy_mamil4,1em4,3,daisy_mamil4_3_1em4,DONE,local,0.6518890089728255,0.3365889078999209,7,2,0
odepe_v2_nopolish,daisy_mamil4,1em4,4,daisy_mamil4_4_1em4,DONE,local,0.33152331367276267,0.008527875888006745,7,2,0
odepe_v2_nopolish,daisy_mamil4,1em4,5,daisy_mamil4_5_1em4,DONE,local,1.080587161342971,0.1550147948601115,7,2,0
odepe_v2_nopolish,daisy_mamil4,1em4,6,daisy_mamil4_6_1em4,DONE,local,0.35054390406906843,0.05306845828331461,7,2,0
odepe_v2_nopolish,daisy_mamil4,1em4,7,daisy_mamil4_7_1em4,DONE,local,0.42967371433715823,0.03520065595296384,7,2,0
odepe_v2_nopolish,dc_motor,1em4,0,dc_motor_0_1em4,DONE,local,0.0028537003974601935,0.0015210902655887748,2,1,1
odepe_v2_nopolish,dc_motor,1em4,1,dc_motor_1_1em4,DONE,local,0.002099199339333073,0.001085170886710695,2,1,1
odepe_v2_nopolish,dc_motor,1em4,2,dc_motor_2_1em4,DONE,local,0.0020692185357840793,0.0011020336690069279,2,1,1
odepe_v2_nopolish,dc_motor,1em4,3,dc_motor_3_1em4,DONE,local,0.0006566305338791061,0.0003796203604847714,2,1,1
odepe_v2_nopolish,dc_motor,1em4,4,dc_motor_4_1em4,DONE,local,0.0007314623235931102,0.00037653464655954845,2,1,1
odepe_v2_nopolish,dc_motor,1em4,5,dc_motor_5_1em4,DONE,local,2.184170347106114e-05,1.2215383699543823e-05,2,1,1
odepe_v2_nopolish,dc_motor,1em4,6,dc_motor_6_1em4,DONE,local,0.0012780542850057614,0.0007120701353119524,2,1,1
odepe_v2_nopolish,dc_motor,1em4,7,dc_motor_7_1em4,DONE,local,0.002696530256658931,0.0013975836383807833,2,1,1
odepe_v2_nopolish,fitzhugh_nagumo,1em4,0,fitzhugh_nagumo_0_1em4,DONE,local,0.43108375265855453,0.2781389326880962,3,1,0
odepe_v2_nopolish,fitzhugh_nagumo,1em4,1,fitzhugh_nagumo_1_1em4,DONE,local,0.5168490061153443,0.15018667887417642,3,1,0
odepe_v2_nopolish,fitzhugh_nagumo,1em4,2,fitzhugh_nagumo_2_1em4,DONE,local,0.06699720386070375,0.028615593663207362,3,1,1
odepe_v2_nopolish,fitzhugh_nagumo,1em4,3,fitzhugh_nagumo_3_1em4,DONE,local,0.9950257281344743,0.8197793040207928,3,1,0
odepe_v2_nopolish,fitzhugh_nagumo,1em4,4,fitzhugh_nagumo_4_1em4,DONE,local,0.4149111612522476,0.03970223975114174,3,1,0
odepe_v2_nopolish,fitzhugh_nagumo,1em4,5,fitzhugh_nagumo_5_1em4,DONE,local,0.5364977227951695,0.41315103653951973,3,1,0
odepe_v2_nopolish,fitzhugh_nagumo,1em4,6,fitzhugh_nagumo_6_1em4,DONE,local,0.30421386582078624,0.27074314470638144,3,1,0
odepe_v2_nopolish,fitzhugh_nagumo,1em4,7,fitzhugh_nagumo_7_1em4,DONE,local,0.838698270705674,0.2267687446111661,3,1,0
odepe_v2_nopolish,flexible_arm,1em4,0,flexible_arm_0_1em4,DONE,local,0.9582941074971267,0.9245024673678729,5,1,0
odepe_v2_nopolish,flexible_arm,1em4,1,flexible_arm_1_1em4,DONE,local,1.000904502684905,1.0005505842692106,5,1,0
odepe_v2_nopolish,flexible_arm,1em4,2,flexible_arm_2_1em4,DONE,local,0.9491072833519651,0.9092947574862168,5,1,0
odepe_v2_nopolish,flexible_arm,1em4,3,flexible_arm_3_1em4,DONE,local,0.028976259773351946,0.010842471102681227,5,1,1
odepe_v2_nopolish,flexible_arm,1em4,4,flexible_arm_4_1em4,DONE,local,0.04876201927016827,0.044096307125123926,5,1,1
odepe_v2_nopolish,flexible_arm,1em4,5,flexible_arm_5_1em4,DONE,local,0.024172482481423122,0.019389666648993362,5,1,1
odepe_v2_nopolish,flexible_arm,1em4,6,flexible_arm_6_1em4,DONE,local,0.10645986702099937,0.02534931449260725,5,1,0
odepe_v2_nopolish,flexible_arm,1em4,7,flexible_arm_7_1em4,DONE,local,0.9998243114942251,0.9997133315303126,5,1,0
odepe_v2_nopolish,forced_lotka_volterra,1em4,0,forced_lotka_volterra_0_1em4,DONE,local,0.01326279945763789,0.003831817022956794,4,1,1
odepe_v2_nopolish,forced_lotka_volterra,1em4,1,forced_lotka_volterra_1_1em4,DONE,local,0.052732589897560946,0.0014921959699510175,4,1,1
odepe_v2_nopolish,forced_lotka_volterra,1em4,2,forced_lotka_volterra_2_1em4,DONE,local,0.07159507524460887,0.010498749253018903,4,1,1
odepe_v2_nopolish,forced_lotka_volterra,1em4,3,forced_lotka_volterra_3_1em4,DONE,local,0.026714355683261914,0.013355313177614056,4,1,1
odepe_v2_nopolish,forced_lotka_volterra,1em4,4,forced_lotka_volterra_4_1em4,DONE,local,0.08068030382553844,0.006616592270797763,4,1,1
odepe_v2_nopolish,forced_lotka_volterra,1em4,5,forced_lotka_volterra_5_1em4,DONE,local,0.43089160930388676,0.0009826638240952794,4,1,0
odepe_v2_nopolish,forced_lotka_volterra,1em4,6,forced_lotka_volterra_6_1em4,DONE,local,0.6864158159284816,0.03288589230552324,4,1,0
odepe_v2_nopolish,forced_lotka_volterra,1em4,7,forced_lotka_volterra_7_1em4,DONE,local,0.06929159549166496,0.005218689813419023,4,1,1
odepe_v2_nopolish,harmonic_oscillator,1em4,0,harmonic_oscillator_0_1em4,DONE,local,5.16912454243698e-07,3.7032455514181063e-07,2,1,1
odepe_v2_nopolish,harmonic_oscillator,1em4,1,harmonic_oscillator_1_1em4,DONE,local,4.5313355328114575e-07,3.916921532355498e-07,2,1,1
odepe_v2_nopolish,harmonic_oscillator,1em4,2,harmonic_oscillator_2_1em4,DONE,local,1.0867901163503135e-08,8.710513750047421e-09,2,1,1
odepe_v2_nopolish,harmonic_oscillator,1em4,3,harmonic_oscillator_3_1em4,DONE,local,4.1613301240236143e-07,3.920714713024892e-07,2,1,1
odepe_v2_nopolish,harmonic_oscillator,1em4,4,harmonic_oscillator_4_1em4,DONE,local,4.630431054437098e-06,4.264022390601827e-06,2,1,1
odepe_v2_nopolish,harmonic_oscillator,1em4,5,harmonic_oscillator_5_1em4,DONE,local,7.41671830075587e-07,4.585650745163688e-07,2,1,1
odepe_v2_nopolish,harmonic_oscillator,1em4,6,harmonic_oscillator_6_1em4,DONE,local,6.19505215608455e-06,4.555766540086791e-06,2,1,1
odepe_v2_nopolish,harmonic_oscillator,1em4,7,harmonic_oscillator_7_1em4,DONE,local,3.37945965339331e-07,2.5831010442882985e-07,2,1,1
odepe_v2_nopolish,hiv,1em4,0,hiv_0_1em4,DONE,local,0.9715829553669373,0.2189889218986555,10,1,0
odepe_v2_nopolish,hiv,1em4,1,hiv_1_1em4,DONE,local,18.61236357429156,0.36561902603869884,10,1,0
odepe_v2_nopolish,hiv,1em4,2,hiv_2_1em4,DONE,local,28.514902163018043,0.5565174947302212,10,1,0
odepe_v2_nopolish,hiv,1em4,3,hiv_3_1em4,DONE,local,7.598535122752528,0.921069550908462,10,1,0
odepe_v2_nopolish,hiv,1em4,4,hiv_4_1em4,DONE,local,50.027225656477476,0.3168510299435521,10,1,0
odepe_v2_nopolish,hiv,1em4,5,hiv_5_1em4,DONE,local,1.4366018410195471,0.10698575627371504,10,1,0
odepe_v2_nopolish,hiv,1em4,6,hiv_6_1em4,DONE,local,14.677421255517574,0.17864368547229073,10,1,0
odepe_v2_nopolish,hiv,1em4,7,hiv_7_1em4,DONE,local,4.7695481019757295,0.7142734872920504,10,1,0
odepe_v2_nopolish,lotka_volterra,1em4,0,lotka_volterra_0_1em4,DONE,local,0.011126798062523908,0.001581984468115166,3,1,1
odepe_v2_nopolish,lotka_volterra,1em4,1,lotka_volterra_1_1em4,DONE,local,0.01149497190500747,0.009090313941558325,3,1,1
odepe_v2_nopolish,lotka_volterra,1em4,2,lotka_volterra_2_1em4,DONE,local,0.018922839096533306,0.0181011365879785,3,1,1
odepe_v2_nopolish,lotka_volterra,1em4,3,lotka_volterra_3_1em4,DONE,local,0.01252370652243077,0.01166724370630239,3,1,1
odepe_v2_nopolish,lotka_volterra,1em4,4,lotka_volterra_4_1em4,DONE,local,0.00150677786838464,0.0009350808411015762,3,1,1
odepe_v2_nopolish,lotka_volterra,1em4,5,lotka_volterra_5_1em4,DONE,local,0.016764680157968892,0.015874750832679082,3,1,1
odepe_v2_nopolish,lotka_volterra,1em4,6,lotka_volterra_6_1em4,DONE,local,0.0019486854876678567,0.0012516554889993137,3,1,1
odepe_v2_nopolish,lotka_volterra,1em4,7,lotka_volterra_7_1em4,DONE,local,0.006353921749508275,0.0059951528544370004,3,1,1
odepe_v2_nopolish,mass_spring_damper,1em4,0,mass_spring_damper_0_1em4,DONE,local,0.0005139456025829054,4.322162465870216e-05,3,1,1
odepe_v2_nopolish,mass_spring_damper,1em4,1,mass_spring_damper_1_1em4,DONE,local,0.00019480509691532195,2.0686749647768623e-05,3,1,1
odepe_v2_nopolish,mass_spring_damper,1em4,2,mass_spring_damper_2_1em4,DONE,local,9.951744235283338e-05,5.3410585710682576e-05,3,1,1
odepe_v2_nopolish,mass_spring_damper,1em4,3,mass_spring_damper_3_1em4,DONE,local,3.312641746444936e-05,1.8927454588129594e-05,3,1,1
odepe_v2_nopolish,mass_spring_damper,1em4,4,mass_spring_damper_4_1em4,DONE,local,2.6744200983839075e-05,1.5882305715784764e-05,3,1,1
odepe_v2_nopolish,mass_spring_damper,1em4,5,mass_spring_damper_5_1em4,DONE,local,9.109166226767009e-05,5.324714148304222e-05,3,1,1
odepe_v2_nopolish,mass_spring_damper,1em4,6,mass_spring_damper_6_1em4,DONE,local,3.513470213703193e-05,1.5722852015469563e-05,3,1,1
odepe_v2_nopolish,mass_spring_damper,1em4,7,mass_spring_damper_7_1em4,DONE,local,0.00019653902463975912,5.809774651368024e-05,3,1,1
odepe_v2_nopolish,quadrotor,1em4,0,quadrotor_0_1em4,DONE,local,0.001911340865167645,0.0009809071615139826,2,1,1
odepe_v2_nopolish,quadrotor,1em4,1,quadrotor_1_1em4,DONE,local,3.214655964552201e-05,2.3632455063745583e-05,2,1,1
odepe_v2_nopolish,quadrotor,1em4,2,quadrotor_2_1em4,DONE,local,0.0014937687894389323,0.0009234537251292907,2,1,1
odepe_v2_nopolish,quadrotor,1em4,3,quadrotor_3_1em4,DONE,local,0.00018407000018773561,9.243325057721413e-05,2,1,1
odepe_v2_nopolish,quadrotor,1em4,4,quadrotor_4_1em4,DONE,local,0.00017405355551161975,0.00011630121110144672,2,1,1
odepe_v2_nopolish,quadrotor,1em4,5,quadrotor_5_1em4,DONE,local,7.4618311428347e-05,5.283291663928223e-05,2,1,1
odepe_v2_nopolish,quadrotor,1em4,6,quadrotor_6_1em4,DONE,local,0.0005487088903695137,0.00034980089573108885,2,1,1
odepe_v2_nopolish,quadrotor,1em4,7,quadrotor_7_1em4,DONE,local,0.0002736963343739826,0.00026275225054602554,2,1,1
odepe_v2_nopolish,repressilator,1em4,0,repressilator_0_1em4,DONE,local,0.006998694269026238,0.004016472933411525,3,1,1
odepe_v2_nopolish,repressilator,1em4,1,repressilator_1_1em4,DONE,local,0.00037167864662477273,0.00013006548857288835,3,1,1
odepe_v2_nopolish,repressilator,1em4,2,repressilator_2_1em4,DONE,local,0.0011300719039672737,0.0007863916774555624,3,1,1
odepe_v2_nopolish,repressilator,1em4,3,repressilator_3_1em4,DONE,local,0.003871581399620775,0.0020241919939052748,3,1,1
odepe_v2_nopolish,repressilator,1em4,4,repressilator_4_1em4,DONE,local,0.002768765420968093,0.0020038715546508027,3,1,1
odepe_v2_nopolish,repressilator,1em4,5,repressilator_5_1em4,DONE,local,0.0017601712975716338,0.00022350743125636223,3,1,1
odepe_v2_nopolish,repressilator,1em4,6,repressilator_6_1em4,DONE,local,0.0020271295631407475,0.001136380587538606,3,1,1
odepe_v2_nopolish,repressilator,1em4,7,repressilator_7_1em4,DONE,local,0.0028481691901208824,0.0011556605360920976,3,1,1
odepe_v2_nopolish,seir,1em4,0,seir_0_1em4,DONE,local,0.18017371613989125,0.0771939636707738,3,2,0
odepe_v2_nopolish,seir,1em4,1,seir_1_1em4,DONE,local,0.11736955132416453,0.059780024600057734,3,2,0
odepe_v2_nopolish,seir,1em4,2,seir_2_1em4,DONE,local,0.7455366342749407,0.3360658116933164,3,2,0
odepe_v2_nopolish,seir,1em4,3,seir_3_1em4,DONE,local,0.3776198944503297,0.2824608411548289,3,2,0
odepe_v2_nopolish,seir,1em4,4,seir_4_1em4,DONE,local,3.599306192177588,0.8060558145654266,3,2,0
odepe_v2_nopolish,seir,1em4,5,seir_5_1em4,DONE,local,0.02248802341003378,0.016812959414728074,3,2,1
odepe_v2_nopolish,seir,1em4,6,seir_6_1em4,DONE,local,5.397013355444561,1.0105657895266622,3,2,0
odepe_v2_nopolish,seir,1em4,7,seir_7_1em4,DONE,local,13.400294241125962,1.5491511571025933,3,2,0
odepe_v2_nopolish,slow_fast,1em4,0,slow_fast_0_1em4,DONE,local,0.00024769453245068783,0.00020732319047559513,2,2,1
odepe_v2_nopolish,slow_fast,1em4,1,slow_fast_1_1em4,DONE,local,0.0035761870955513812,0.0019660653137692674,2,2,1
odepe_v2_nopolish,slow_fast,1em4,2,slow_fast_2_1em4,DONE,local,0.010023472044969863,0.005192149386796411,2,2,1
odepe_v2_nopolish,slow_fast,1em4,3,slow_fast_3_1em4,DONE,local,0.0025176213498223905,0.0018226967005531695,2,2,1
odepe_v2_nopolish,slow_fast,1em4,4,slow_fast_4_1em4,DONE,local,0.0020512335325298483,0.0011585294492328408,2,2,1
odepe_v2_nopolish,slow_fast,1em4,5,slow_fast_5_1em4,DONE,local,0.0069601108007725275,0.005017375847682457,2,2,1
odepe_v2_nopolish,slow_fast,1em4,6,slow_fast_6_1em4,DONE,local,0.002855538055623752,0.0018626679526525859,2,2,1
odepe_v2_nopolish,slow_fast,1em4,7,slow_fast_7_1em4,DONE,local,0.00787490637351674,0.004357120785285035,2,2,1
odepe_v2_nopolish,sirt_treatment,1em4,0,sirt_treatment_0_1em4,DONE,local,0.006517042533444337,0.0021386884528489625,5,1,1
odepe_v2_nopolish,sirt_treatment,1em4,1,sirt_treatment_1_1em4,DONE,local,0.235732706164538,0.009593879604483532,5,1,0
odepe_v2_nopolish,sirt_treatment,1em4,2,sirt_treatment_2_1em4,DONE,local,0.07932524290428745,0.005173203744002588,5,1,1
odepe_v2_nopolish,sirt_treatment,1em4,3,sirt_treatment_3_1em4,DONE,local,0.1381806274027805,0.003918997894501216,5,1,0
odepe_v2_nopolish,sirt_treatment,1em4,4,sirt_treatment_4_1em4,DONE,local,0.3284091865932538,0.060894926559648316,5,1,0
odepe_v2_nopolish,sirt_treatment,1em4,5,sirt_treatment_5_1em4,DONE,local,0.07001633194375105,0.0069142497116610364,5,1,1
odepe_v2_nopolish,sirt_treatment,1em4,6,sirt_treatment_6_1em4,DONE,local,0.07519613787116063,0.016638127973987647,5,1,1
odepe_v2_nopolish,sirt_treatment,1em4,7,sirt_treatment_7_1em4,DONE,local,0.08238414297503463,0.005485139771374365,5,1,1
odepe_v2_nopolish,vanderpol,1em4,0,vanderpol_0_1em4,DONE,local,2.6467359676935977e-06,2.634938042447511e-06,2,1,1
odepe_v2_nopolish,vanderpol,1em4,1,vanderpol_1_1em4,DONE,local,4.609330290524153e-05,2.4469406597322044e-05,2,1,1
odepe_v2_nopolish,vanderpol,1em4,2,vanderpol_2_1em4,DONE,local,2.1870496499732718e-05,1.498632669831366e-05,2,1,1
odepe_v2_nopolish,vanderpol,1em4,3,vanderpol_3_1em4,DONE,local,2.077526668743153e-05,1.2160588738857172e-05,2,1,1
odepe_v2_nopolish,vanderpol,1em4,4,vanderpol_4_1em4,DONE,local,2.134240854241553e-05,1.0933703897925717e-05,2,1,1
odepe_v2_nopolish,vanderpol,1em4,5,vanderpol_5_1em4,DONE,local,0.0038028235228093937,0.001902408501019791,2,1,1
odepe_v2_nopolish,vanderpol,1em4,6,vanderpol_6_1em4,DONE,local,1.070312930624725e-06,7.230163470581478e-07,2,1,1
odepe_v2_nopolish,vanderpol,1em4,7,vanderpol_7_1em4,DONE,local,1.2363607155709085e-06,7.702181909558858e-07,2,1,1
odepe_v2_nopolish,latent_subpopulation_branch,1em4,0,latent_subpopulation_branch_0_1em4,DONE,local,36.92519920578725,0.1330685740391015,6,6,0
odepe_v2_nopolish,latent_subpopulation_branch,1em4,1,latent_subpopulation_branch_1_1em4,DONE,local,3.451133593617717,0.5817258965439132,6,6,0
odepe_v2_nopolish,latent_subpopulation_branch,1em4,2,latent_subpopulation_branch_2_1em4,DONE,local,7.744429078341025,1.4688946747518328,6,6,0
odepe_v2_nopolish,latent_subpopulation_branch,1em4,3,latent_subpopulation_branch_3_1em4,DONE,local,60.472830858339805,1.02784419770426,6,6,0
odepe_v2_nopolish,latent_subpopulation_branch,1em4,4,latent_subpopulation_branch_4_1em4,DONE,local,0.4087576293046474,0.0864745682496261,6,6,0
odepe_v2_nopolish,latent_subpopulation_branch,1em4,5,latent_subpopulation_branch_5_1em4,DONE,local,74.65929058351246,1.766923661724368,6,6,0
odepe_v2_nopolish,latent_subpopulation_branch,1em4,6,latent_subpopulation_branch_6_1em4,DONE,local,0.42508693202323833,0.04074826914882139,6,6,0
odepe_v2_nopolish,latent_subpopulation_branch,1em4,7,latent_subpopulation_branch_7_1em4,DONE,local,7.12278039150861,1.5211558543786967,6,6,0
odepe_v2_nopolish,latent_subpopulation_observed_control,1em4,0,latent_subpopulation_observed_control_0_1em4,DONE,local,0.0012457905699771496,0.00040002437540856227,6,1,1
odepe_v2_nopolish,latent_subpopulation_observed_control,1em4,1,latent_subpopulation_observed_control_1_1em4,DONE,local,0.003787794983528607,0.0002693475280731817,6,1,1
odepe_v2_nopolish,latent_subpopulation_observed_control,1em4,2,latent_subpopulation_observed_control_2_1em4,DONE,local,0.0016318353752245438,0.00035614817841909675,6,1,1
odepe_v2_nopolish,latent_subpopulation_observed_control,1em4,3,latent_subpopulation_observed_control_3_1em4,DONE,local,0.0016946015640388443,0.00018909195127256908,6,1,1
odepe_v2_nopolish,latent_subpopulation_observed_control,1em4,4,latent_subpopulation_observed_control_4_1em4,DONE,local,0.0017654666327126048,0.0004103011397893603,6,1,1
odepe_v2_nopolish,latent_subpopulation_observed_control,1em4,5,latent_subpopulation_observed_control_5_1em4,DONE,local,0.0012899717585010682,0.0004232416850738777,6,1,1
odepe_v2_nopolish,latent_subpopulation_observed_control,1em4,6,latent_subpopulation_observed_control_6_1em4,DONE,local,0.0014920469969468661,0.0005866493207174725,6,1,1
odepe_v2_nopolish,latent_subpopulation_observed_control,1em4,7,latent_subpopulation_observed_control_7_1em4,DONE,local,0.007565233564827648,0.000342212587592283,6,1,1
odepe_v2_nopolish,receptor_subtype_binding_branch,1em4,0,receptor_subtype_binding_branch_0_1em4,FAILURE,,,,,,0
odepe_v2_nopolish,receptor_subtype_binding_branch,1em4,1,receptor_subtype_binding_branch_1_1em4,FAILURE,,,,,,0
odepe_v2_nopolish,receptor_subtype_binding_branch,1em4,2,receptor_subtype_binding_branch_2_1em4,FAILURE,,,,,,0
odepe_v2_nopolish,receptor_subtype_binding_branch,1em4,3,receptor_subtype_binding_branch_3_1em4,FAILURE,,,,,,0
odepe_v2_nopolish,receptor_subtype_binding_branch,1em4,4,receptor_subtype_binding_branch_4_1em4,FAILURE,,,,,,0
odepe_v2_nopolish,receptor_subtype_binding_branch,1em4,5,receptor_subtype_binding_branch_5_1em4,FAILURE,,,,,,0
odepe_v2_nopolish,receptor_subtype_binding_branch,1em4,6,receptor_subtype_binding_branch_6_1em4,FAILURE,,,,,,0
odepe_v2_nopolish,receptor_subtype_binding_branch,1em4,7,receptor_subtype_binding_branch_7_1em4,FAILURE,,,,,,0
odepe_v2_nopolish,receptor_subtype_binding_observed_control,1em4,0,receptor_subtype_binding_observed_control_0_1em4,DONE,local,0.027069514415300065,0.009806541211703846,6,1,1
odepe_v2_nopolish,receptor_subtype_binding_observed_control,1em4,1,receptor_subtype_binding_observed_control_1_1em4,DONE,local,0.05561779971414111,0.011391642771126637,6,1,1
odepe_v2_nopolish,receptor_subtype_binding_observed_control,1em4,2,receptor_subtype_binding_observed_control_2_1em4,DONE,local,0.04920412116645504,0.017450594603875262,6,1,1
odepe_v2_nopolish,receptor_subtype_binding_observed_control,1em4,3,receptor_subtype_binding_observed_control_3_1em4,DONE,local,0.007451528370499415,0.004868430405085432,6,1,1
odepe_v2_nopolish,receptor_subtype_binding_observed_control,1em4,4,receptor_subtype_binding_observed_control_4_1em4,DONE,local,0.0960568638849465,0.04488241768654777,6,1,1
odepe_v2_nopolish,receptor_subtype_binding_observed_control,1em4,5,receptor_subtype_binding_observed_control_5_1em4,DONE,local,0.015849239519712236,0.005402511970002811,6,1,1
odepe_v2_nopolish,receptor_subtype_binding_observed_control,1em4,6,receptor_subtype_binding_observed_control_6_1em4,DONE,local,0.05176373210236069,0.004593136391451102,6,1,1
odepe_v2_nopolish,receptor_subtype_binding_observed_control,1em4,7,receptor_subtype_binding_observed_control_7_1em4,DONE,local,0.09247961717375397,0.014529287633572896,6,1,1
odepe_v2_nopolish,aircraft_pitch,1em2,0,aircraft_pitch_0_1em2,DONE,local,0.45145045588579163,0.005576203787007492,4,1,0
odepe_v2_nopolish,aircraft_pitch,1em2,1,aircraft_pitch_1_1em2,DONE,local,0.14903437964477195,0.00032017884835705795,4,1,0
odepe_v2_nopolish,aircraft_pitch,1em2,2,aircraft_pitch_2_1em2,DONE,local,0.05082299410169035,0.0009316937170276908,4,1,1
odepe_v2_nopolish,aircraft_pitch,1em2,3,aircraft_pitch_3_1em2,DONE,local,0.019275855959851894,4.089277575239815e-05,4,1,1
odepe_v2_nopolish,aircraft_pitch,1em2,4,aircraft_pitch_4_1em2,DONE,local,0.15453377930965104,0.0006461272258827921,4,1,0
odepe_v2_nopolish,aircraft_pitch,1em2,5,aircraft_pitch_5_1em2,DONE,local,38.102926530593194,0.0458067732655576,4,1,0
odepe_v2_nopolish,aircraft_pitch,1em2,6,aircraft_pitch_6_1em2,DONE,local,0.3344256426785008,0.0041132073391948396,4,1,0
odepe_v2_nopolish,aircraft_pitch,1em2,7,aircraft_pitch_7_1em2,DONE,local,0.465816071289297,0.001521686962353291,4,1,0
odepe_v2_nopolish,bicycle_model,1em2,0,bicycle_model_0_1em2,DONE,local,0.025362340481901297,0.006452018432744159,3,1,1
odepe_v2_nopolish,bicycle_model,1em2,1,bicycle_model_1_1em2,DONE,local,0.007810569939271631,0.007780320039256499,3,1,1
odepe_v2_nopolish,bicycle_model,1em2,2,bicycle_model_2_1em2,DONE,local,0.03791864059043784,0.02653141722965531,3,1,1
odepe_v2_nopolish,bicycle_model,1em2,3,bicycle_model_3_1em2,DONE,local,0.008228139280246696,0.007870187479664998,3,1,1
odepe_v2_nopolish,bicycle_model,1em2,4,bicycle_model_4_1em2,DONE,local,0.0032506504406363853,0.002199506862504471,3,1,1
odepe_v2_nopolish,bicycle_model,1em2,5,bicycle_model_5_1em2,DONE,local,0.026851895402202067,0.025196150790299663,3,1,1
odepe_v2_nopolish,bicycle_model,1em2,6,bicycle_model_6_1em2,DONE,local,0.003586371082728174,0.0023889113015560957,3,1,1
odepe_v2_nopolish,bicycle_model,1em2,7,bicycle_model_7_1em2,DONE,local,0.05342480982207183,0.0357892239220338,3,1,1
odepe_v2_nopolish,biohydrogenation,1em2,0,biohydrogenation_0_1em2,DONE,local,9.16616336077775,0.3158247055901877,6,2,0
odepe_v2_nopolish,biohydrogenation,1em2,1,biohydrogenation_1_1em2,DONE,local,33.569318761800155,0.7570606559954607,6,2,0
odepe_v2_nopolish,biohydrogenation,1em2,2,biohydrogenation_2_1em2,DONE,local,1.5031285793552343,0.4948686423274218,6,2,0
odepe_v2_nopolish,biohydrogenation,1em2,3,biohydrogenation_3_1em2,DONE,local,7.482442186871263,0.4842496742394506,6,2,0
odepe_v2_nopolish,biohydrogenation,1em2,4,biohydrogenation_4_1em2,DONE,local,9.752404125754257,0.6222071328939365,6,2,0
odepe_v2_nopolish,biohydrogenation,1em2,5,biohydrogenation_5_1em2,DONE,local,11.325702632760716,0.09155308225961296,6,2,0
odepe_v2_nopolish,biohydrogenation,1em2,6,biohydrogenation_6_1em2,DONE,local,3.899858331181876,0.11707928376586482,6,2,0
odepe_v2_nopolish,biohydrogenation,1em2,7,biohydrogenation_7_1em2,DONE,local,1.560851108799753,0.23314638613057784,6,2,0
odepe_v2_nopolish,boost_converter,1em2,0,boost_converter_0_1em2,DONE,local,0.015499239047181933,0.014275540706811899,3,1,1
odepe_v2_nopolish,boost_converter,1em2,1,boost_converter_1_1em2,DONE,local,0.01310073255841438,0.007575734976268001,3,1,1
odepe_v2_nopolish,boost_converter,1em2,2,boost_converter_2_1em2,DONE,local,0.04983705617490358,0.01146124516639206,3,1,1
odepe_v2_nopolish,boost_converter,1em2,3,boost_converter_3_1em2,DONE,local,0.022839876797807922,0.019705655074670102,3,1,1
odepe_v2_nopolish,boost_converter,1em2,4,boost_converter_4_1em2,DONE,local,0.01363428300664515,0.010231686915170632,3,1,1
odepe_v2_nopolish,boost_converter,1em2,5,boost_converter_5_1em2,DONE,local,0.015051890754096716,0.002739356792464632,3,1,1
odepe_v2_nopolish,boost_converter,1em2,6,boost_converter_6_1em2,DONE,local,0.07142168608801149,0.06689893534247052,3,1,1
odepe_v2_nopolish,boost_converter,1em2,7,boost_converter_7_1em2,DONE,local,0.035530672617582096,0.02361787964715568,3,1,1
odepe_v2_nopolish,brusselator,1em2,0,brusselator_0_1em2,DONE,local,0.030540581295135757,0.016184579306814693,2,1,1
odepe_v2_nopolish,brusselator,1em2,1,brusselator_1_1em2,DONE,local,0.033087899244901686,0.02103744973424771,2,1,1
odepe_v2_nopolish,brusselator,1em2,2,brusselator_2_1em2,DONE,local,0.020884355913608408,0.010789764176992695,2,1,1
odepe_v2_nopolish,brusselator,1em2,3,brusselator_3_1em2,DONE,local,0.014927394017464323,0.009510098930811691,2,1,1
odepe_v2_nopolish,brusselator,1em2,4,brusselator_4_1em2,DONE,local,0.0044014891607227925,0.0029137817772702194,2,1,1
odepe_v2_nopolish,brusselator,1em2,5,brusselator_5_1em2,DONE,local,0.9999853497923595,0.6395245104466508,2,1,0
odepe_v2_nopolish,brusselator,1em2,6,brusselator_6_1em2,DONE,local,0.7540144992341159,0.3770720940995076,2,1,0
odepe_v2_nopolish,brusselator,1em2,7,brusselator_7_1em2,DONE,local,0.47652321769934064,0.2387215291065718,2,1,0
odepe_v2_nopolish,crauste,1em2,0,crauste_0_1em2,DONE,local,1450859.9550705336,247.9519518875734,12,1,0
odepe_v2_nopolish,crauste,1em2,1,crauste_1_1em2,DONE,local,99718.55299868426,20.34050405476451,12,1,0
odepe_v2_nopolish,crauste,1em2,2,crauste_2_1em2,DONE,local,1537980.281826577,65.6814147461578,12,1,0
odepe_v2_nopolish,crauste,1em2,3,crauste_3_1em2,DONE,local,54916.12957468632,64.95356618239164,12,1,0
odepe_v2_nopolish,crauste,1em2,4,crauste_4_1em2,DONE,local,120044.14775331257,9.73358873925817,12,1,0
odepe_v2_nopolish,crauste,1em2,5,crauste_5_1em2,DONE,local,9143267.12917869,37.102055444301946,12,1,0
odepe_v2_nopolish,crauste,1em2,6,crauste_6_1em2,DONE,local,141037.2258523908,341.03834521072037,12,1,0
odepe_v2_nopolish,crauste,1em2,7,crauste_7_1em2,DONE,local,30.152647975077876,0.9999560055094113,12,1,0
odepe_v2_nopolish,cstr,1em2,0,cstr_0_1em2,DONE,local,2.290913530769764,1.0703625650117714,4,1,0
odepe_v2_nopolish,cstr,1em2,1,cstr_1_1em2,DONE,local,1.0040729491880254,0.264925590758301,4,1,0
odepe_v2_nopolish,cstr,1em2,2,cstr_2_1em2,DONE,local,0.8521236128819735,0.19600610423017942,4,1,0
odepe_v2_nopolish,cstr,1em2,3,cstr_3_1em2,DONE,local,3.6328780947923334,0.5144070018085107,4,1,0
odepe_v2_nopolish,cstr,1em2,4,cstr_4_1em2,DONE,local,3.21101549151764,0.5996543099824178,4,1,0
odepe_v2_nopolish,cstr,1em2,5,cstr_5_1em2,DONE,local,3.657861146884715,0.45354970716568316,4,1,0
odepe_v2_nopolish,cstr,1em2,6,cstr_6_1em2,DONE,local,3.672459625046691,1.968843789528799,4,1,0
odepe_v2_nopolish,cstr,1em2,7,cstr_7_1em2,DONE,local,0.5202186796376718,0.20089299735337732,4,1,0
odepe_v2_nopolish,daisy_mamil3,1em2,0,daisy_mamil3_0_1em2,DONE,local,1.8880987609748066,0.12373301262931485,5,1,0
odepe_v2_nopolish,daisy_mamil3,1em2,1,daisy_mamil3_1_1em2,DONE,local,0.045954694252516456,0.030934049449108457,5,1,1
odepe_v2_nopolish,daisy_mamil3,1em2,2,daisy_mamil3_2_1em2,DONE,local,0.16971078858385671,0.10013439873878273,5,1,0
odepe_v2_nopolish,daisy_mamil3,1em2,3,daisy_mamil3_3_1em2,DONE,local,0.25960409862442074,0.13847116633359247,5,1,0
odepe_v2_nopolish,daisy_mamil3,1em2,4,daisy_mamil3_4_1em2,DONE,local,1.8001587152390515,0.23380350550812612,5,1,0
odepe_v2_nopolish,daisy_mamil3,1em2,5,daisy_mamil3_5_1em2,DONE,local,10.188826882562166,0.5382831756539216,5,1,0
odepe_v2_nopolish,daisy_mamil3,1em2,6,daisy_mamil3_6_1em2,DONE,local,0.491781586381312,0.42928065201585175,5,1,0
odepe_v2_nopolish,daisy_mamil3,1em2,7,daisy_mamil3_7_1em2,DONE,local,0.8334794987226578,0.09588564675368451,5,1,0
odepe_v2_nopolish,daisy_mamil4,1em2,0,daisy_mamil4_0_1em2,DONE,local,2.8976245932611895,0.3237127403133704,7,2,0
odepe_v2_nopolish,daisy_mamil4,1em2,1,daisy_mamil4_1_1em2,DONE,local,1.6856147229671068,0.5386243797930514,7,2,0
odepe_v2_nopolish,daisy_mamil4,1em2,2,daisy_mamil4_2_1em2,DONE,local,0.3861025366068183,0.07633491836012386,7,2,0
odepe_v2_nopolish,daisy_mamil4,1em2,3,daisy_mamil4_3_1em2,DONE,local,4.589133175498616,0.25957747070146103,7,2,0
odepe_v2_nopolish,daisy_mamil4,1em2,4,daisy_mamil4_4_1em2,DONE,local,0.27664350485177347,0.03121907565894514,7,2,0
odepe_v2_nopolish,daisy_mamil4,1em2,5,daisy_mamil4_5_1em2,DONE,local,54.90687779735314,2.011943051847605,7,2,0
odepe_v2_nopolish,daisy_mamil4,1em2,6,daisy_mamil4_6_1em2,DONE,local,3.310446392518178,0.14812371232905427,7,2,0
odepe_v2_nopolish,daisy_mamil4,1em2,7,daisy_mamil4_7_1em2,DONE,local,1.627821956176929,0.09202995224632052,7,2,0
odepe_v2_nopolish,dc_motor,1em2,0,dc_motor_0_1em2,DONE,local,0.040109067529402104,0.020254450645384114,2,1,1
odepe_v2_nopolish,dc_motor,1em2,1,dc_motor_1_1em2,DONE,local,0.03192175731890039,0.016077149500393104,2,1,1
odepe_v2_nopolish,dc_motor,1em2,2,dc_motor_2_1em2,DONE,local,0.02745397572116061,0.013807438636952848,2,1,1
odepe_v2_nopolish,dc_motor,1em2,3,dc_motor_3_1em2,DONE,local,0.012549438434522876,0.007285629479035614,2,1,1
odepe_v2_nopolish,dc_motor,1em2,4,dc_motor_4_1em2,DONE,local,0.02270583882308399,0.011643609906274952,2,1,1
odepe_v2_nopolish,dc_motor,1em2,5,dc_motor_5_1em2,DONE,local,0.011324592437971116,0.005850334704889132,2,1,1
odepe_v2_nopolish,dc_motor,1em2,6,dc_motor_6_1em2,DONE,local,0.008266846571893562,0.005007936051307544,2,1,1
odepe_v2_nopolish,dc_motor,1em2,7,dc_motor_7_1em2,DONE,local,0.020514078309474392,0.011487695889849443,2,1,1
odepe_v2_nopolish,fitzhugh_nagumo,1em2,0,fitzhugh_nagumo_0_1em2,DONE,local,20.30491157472239,7.669663871767567,3,1,0
odepe_v2_nopolish,fitzhugh_nagumo,1em2,1,fitzhugh_nagumo_1_1em2,DONE,local,0.4256758089369182,0.11312034660181673,3,1,0
odepe_v2_nopolish,fitzhugh_nagumo,1em2,2,fitzhugh_nagumo_2_1em2,DONE,local,52.19047540952065,5.063504482585757,3,1,0
odepe_v2_nopolish,fitzhugh_nagumo,1em2,3,fitzhugh_nagumo_3_1em2,DONE,local,3.015020402426693,2.8845833847887103,3,1,0
odepe_v2_nopolish,fitzhugh_nagumo,1em2,4,fitzhugh_nagumo_4_1em2,DONE,local,8.382465715171541,1.3287025959302874,3,1,0
odepe_v2_nopolish,fitzhugh_nagumo,1em2,5,fitzhugh_nagumo_5_1em2,DONE,local,31.345396480922673,23.63154190556407,3,1,0
odepe_v2_nopolish,fitzhugh_nagumo,1em2,6,fitzhugh_nagumo_6_1em2,DONE,local,5.350203545815987,5.1261182026816,3,1,0
odepe_v2_nopolish,fitzhugh_nagumo,1em2,7,fitzhugh_nagumo_7_1em2,DONE,local,3.6528214218629738,3.408685182210938,3,1,0
odepe_v2_nopolish,flexible_arm,1em2,0,flexible_arm_0_1em2,DONE,local,2.7247796658235477,0.9519146877460964,5,1,0
odepe_v2_nopolish,flexible_arm,1em2,1,flexible_arm_1_1em2,DONE,local,1.0018312213495708,0.6757199174921753,5,1,0
odepe_v2_nopolish,flexible_arm,1em2,2,flexible_arm_2_1em2,DONE,local,1.0041220848362422,0.8272849033144878,5,1,0
odepe_v2_nopolish,flexible_arm,1em2,3,flexible_arm_3_1em2,DONE,local,0.9986242288893549,0.9861750827736047,5,1,0
odepe_v2_nopolish,flexible_arm,1em2,4,flexible_arm_4_1em2,DONE,local,1.0229675946887504,0.917168924198719,5,1,0
odepe_v2_nopolish,flexible_arm,1em2,5,flexible_arm_5_1em2,DONE,local,2.945636897471786,0.9786012320987637,5,1,0
odepe_v2_nopolish,flexible_arm,1em2,6,flexible_arm_6_1em2,DONE,local,0.9731732330572596,0.505718638138041,5,1,0
odepe_v2_nopolish,flexible_arm,1em2,7,flexible_arm_7_1em2,DONE,local,0.9869432380222756,0.47350137111642115,5,1,0
odepe_v2_nopolish,forced_lotka_volterra,1em2,0,forced_lotka_volterra_0_1em2,DONE,local,0.175041599099529,0.038895475379787825,4,1,0
odepe_v2_nopolish,forced_lotka_volterra,1em2,1,forced_lotka_volterra_1_1em2,DONE,local,7.607131753701432,0.5120834471114675,4,1,0
odepe_v2_nopolish,forced_lotka_volterra,1em2,2,forced_lotka_volterra_2_1em2,DONE,local,0.29474592123628135,0.12934189692936154,4,1,0
odepe_v2_nopolish,forced_lotka_volterra,1em2,3,forced_lotka_volterra_3_1em2,DONE,local,1.485828004531218,0.07491461452366287,4,1,0
odepe_v2_nopolish,forced_lotka_volterra,1em2,4,forced_lotka_volterra_4_1em2,DONE,local,0.6657057886518343,0.14920470746103612,4,1,0
odepe_v2_nopolish,forced_lotka_volterra,1em2,5,forced_lotka_volterra_5_1em2,DONE,local,0.30993986201110646,0.25064517797981506,4,1,0
odepe_v2_nopolish,forced_lotka_volterra,1em2,6,forced_lotka_volterra_6_1em2,DONE,local,0.7435376708187523,0.25399904923962235,4,1,0
odepe_v2_nopolish,forced_lotka_volterra,1em2,7,forced_lotka_volterra_7_1em2,DONE,local,1.2959050336678755,0.1283310020538571,4,1,0
odepe_v2_nopolish,harmonic_oscillator,1em2,0,harmonic_oscillator_0_1em2,DONE,local,0.00010282944816855236,9.830201397618093e-05,2,1,1
odepe_v2_nopolish,harmonic_oscillator,1em2,1,harmonic_oscillator_1_1em2,DONE,local,3.483625165835065e-05,3.3184329191163396e-05,2,1,1
odepe_v2_nopolish,harmonic_oscillator,1em2,2,harmonic_oscillator_2_1em2,DONE,local,9.774121904558037e-06,7.456403141052952e-06,2,1,1
odepe_v2_nopolish,harmonic_oscillator,1em2,3,harmonic_oscillator_3_1em2,DONE,local,1.1186564328570022e-05,9.39685639677067e-06,2,1,1
odepe_v2_nopolish,harmonic_oscillator,1em2,4,harmonic_oscillator_4_1em2,DONE,local,0.00024394879716171936,0.0002055046797938522,2,1,1
odepe_v2_nopolish,harmonic_oscillator,1em2,5,harmonic_oscillator_5_1em2,DONE,local,0.00027237744267255955,0.0002642210411500551,2,1,1
odepe_v2_nopolish,harmonic_oscillator,1em2,6,harmonic_oscillator_6_1em2,DONE,local,0.0002742407720989303,0.00015215372592948843,2,1,1
odepe_v2_nopolish,harmonic_oscillator,1em2,7,harmonic_oscillator_7_1em2,DONE,local,2.1234868275664624e-05,1.7317703850928804e-05,2,1,1
odepe_v2_nopolish,hiv,1em2,0,hiv_0_1em2,DONE,local,4.637203646379236,0.9879899697652026,10,1,0
odepe_v2_nopolish,hiv,1em2,1,hiv_1_1em2,DONE,local,49.33251516019303,1.5314449458967974,10,1,0
odepe_v2_nopolish,hiv,1em2,2,hiv_2_1em2,DONE,local,136.00847767023302,0.9171241009375984,10,1,0
odepe_v2_nopolish,hiv,1em2,3,hiv_3_1em2,DONE,local,1.800846763927419,0.6442806907491351,10,1,0
odepe_v2_nopolish,hiv,1em2,4,hiv_4_1em2,DONE,local,3.0928147263674077,0.9921383575008289,10,1,0
odepe_v2_nopolish,hiv,1em2,5,hiv_5_1em2,DONE,local,6.008737880909794,0.3290243640663827,10,1,0
odepe_v2_nopolish,hiv,1em2,6,hiv_6_1em2,DONE,local,1.5818336124127566,0.9666071455821071,10,1,0
odepe_v2_nopolish,hiv,1em2,7,hiv_7_1em2,DONE,local,13.911187658166702,1.4355074188404782,10,1,0
odepe_v2_nopolish,lotka_volterra,1em2,0,lotka_volterra_0_1em2,DONE,local,0.4359858855116385,0.058562654491023415,3,1,0
odepe_v2_nopolish,lotka_volterra,1em2,1,lotka_volterra_1_1em2,DONE,local,0.1466006236461097,0.06248796608103104,3,1,0
odepe_v2_nopolish,lotka_volterra,1em2,2,lotka_volterra_2_1em2,DONE,local,0.14454916772465223,0.12077838193803317,3,1,0
odepe_v2_nopolish,lotka_volterra,1em2,3,lotka_volterra_3_1em2,DONE,local,0.16439289630872442,0.15910095462413207,3,1,0
odepe_v2_nopolish,lotka_volterra,1em2,4,lotka_volterra_4_1em2,DONE,local,0.42842243949538816,0.1407313904791984,3,1,0
odepe_v2_nopolish,lotka_volterra,1em2,5,lotka_volterra_5_1em2,DONE,local,0.07232410714616674,0.0639277659062741,3,1,1
odepe_v2_nopolish,lotka_volterra,1em2,6,lotka_volterra_6_1em2,DONE,local,0.2672796287881226,0.22954008115851715,3,1,0
odepe_v2_nopolish,lotka_volterra,1em2,7,lotka_volterra_7_1em2,DONE,local,0.06793528773252976,0.05874756950697028,3,1,1
odepe_v2_nopolish,mass_spring_damper,1em2,0,mass_spring_damper_0_1em2,DONE,local,0.020492065675107564,0.003269925205709078,3,1,1
odepe_v2_nopolish,mass_spring_damper,1em2,1,mass_spring_damper_1_1em2,DONE,local,0.011114571000988109,0.001125544496118374,3,1,1
odepe_v2_nopolish,mass_spring_damper,1em2,2,mass_spring_damper_2_1em2,DONE,local,0.001592987769726649,0.0015005084933377543,3,1,1
odepe_v2_nopolish,mass_spring_damper,1em2,3,mass_spring_damper_3_1em2,DONE,local,0.011300094198752926,0.002280096176395341,3,1,1
odepe_v2_nopolish,mass_spring_damper,1em2,4,mass_spring_damper_4_1em2,DONE,local,0.00949589811206981,0.004869028325585697,3,1,1
odepe_v2_nopolish,mass_spring_damper,1em2,5,mass_spring_damper_5_1em2,DONE,local,0.0031686182565487326,0.0012244123328849835,3,1,1
odepe_v2_nopolish,mass_spring_damper,1em2,6,mass_spring_damper_6_1em2,DONE,local,0.015523591012269399,0.0026985998678562824,3,1,1
odepe_v2_nopolish,mass_spring_damper,1em2,7,mass_spring_damper_7_1em2,DONE,local,0.003250188171231075,0.001657127955350288,3,1,1
odepe_v2_nopolish,quadrotor,1em2,0,quadrotor_0_1em2,DONE,local,0.11255548629278159,0.05670520491453764,2,1,0
odepe_v2_nopolish,quadrotor,1em2,1,quadrotor_1_1em2,DONE,local,0.005079392718727995,0.004452975406834903,2,1,1
odepe_v2_nopolish,quadrotor,1em2,2,quadrotor_2_1em2,DONE,local,0.05150520730117758,0.03013873241854515,2,1,1
odepe_v2_nopolish,quadrotor,1em2,3,quadrotor_3_1em2,DONE,local,0.24261567733933165,0.13239142107998114,2,1,0
odepe_v2_nopolish,quadrotor,1em2,4,quadrotor_4_1em2,DONE,local,0.00952263951893417,0.00546341850394179,2,1,1
odepe_v2_nopolish,quadrotor,1em2,5,quadrotor_5_1em2,DONE,local,0.00257881989013402,0.0023475646829863995,2,1,1
odepe_v2_nopolish,quadrotor,1em2,6,quadrotor_6_1em2,DONE,local,0.1618075475473697,0.08165053388870018,2,1,0
odepe_v2_nopolish,quadrotor,1em2,7,quadrotor_7_1em2,DONE,local,0.17046407571141003,0.10345975547674305,2,1,0
odepe_v2_nopolish,repressilator,1em2,0,repressilator_0_1em2,DONE,local,0.055232139222659224,0.0291035487766499,3,1,1
odepe_v2_nopolish,repressilator,1em2,1,repressilator_1_1em2,DONE,local,0.024209329255779472,0.0216962072199663,3,1,1
odepe_v2_nopolish,repressilator,1em2,2,repressilator_2_1em2,DONE,local,0.01523893522447962,0.008101880679086583,3,1,1
odepe_v2_nopolish,repressilator,1em2,3,repressilator_3_1em2,DONE,local,0.016965937212987198,0.006253819851912596,3,1,1
odepe_v2_nopolish,repressilator,1em2,4,repressilator_4_1em2,DONE,local,0.10911547067455929,0.07394484981226122,3,1,0
odepe_v2_nopolish,repressilator,1em2,5,repressilator_5_1em2,DONE,local,0.03408655765953611,0.011869520750583827,3,1,1
odepe_v2_nopolish,repressilator,1em2,6,repressilator_6_1em2,DONE,local,0.08167817558453296,0.059289943730513744,3,1,1
odepe_v2_nopolish,repressilator,1em2,7,repressilator_7_1em2,DONE,local,0.028078508991390184,0.019486373766938018,3,1,1
odepe_v2_nopolish,seir,1em2,0,seir_0_1em2,DONE,local,0.7432869436150303,0.3876546768517799,3,2,0
odepe_v2_nopolish,seir,1em2,1,seir_1_1em2,DONE,local,12.67545471099659,5.400821900357725,3,2,0
odepe_v2_nopolish,seir,1em2,2,seir_2_1em2,DONE,local,1.2568804058239385,0.7113794971098386,3,2,0
odepe_v2_nopolish,seir,1em2,3,seir_3_1em2,DONE,local,1.2659143060718379,0.2575967091247511,3,2,0
odepe_v2_nopolish,seir,1em2,4,seir_4_1em2,DONE,local,237.38282998835356,0.8816880789057489,3,2,0
odepe_v2_nopolish,seir,1em2,5,seir_5_1em2,DONE,local,18.338653250780858,4.668591126043846,3,2,0
odepe_v2_nopolish,seir,1em2,6,seir_6_1em2,DONE,local,5.094081157241952,3.355040620920214,3,2,0
odepe_v2_nopolish,seir,1em2,7,seir_7_1em2,DONE,local,11.175876184734722,1.6943036243481238,3,2,0
odepe_v2_nopolish,slow_fast,1em2,0,slow_fast_0_1em2,DONE,local,0.4220374000585523,0.22924573712907562,2,2,0
odepe_v2_nopolish,slow_fast,1em2,1,slow_fast_1_1em2,DONE,local,0.269772811019859,0.15324375704624152,2,2,0
odepe_v2_nopolish,slow_fast,1em2,2,slow_fast_2_1em2,DONE,local,0.21667864311680052,0.12256518929775898,2,2,0
odepe_v2_nopolish,slow_fast,1em2,3,slow_fast_3_1em2,DONE,local,0.14824847321532142,0.11730334374243398,2,2,0
odepe_v2_nopolish,slow_fast,1em2,4,slow_fast_4_1em2,DONE,local,0.009556572498775708,0.008766402429735629,2,2,1
odepe_v2_nopolish,slow_fast,1em2,5,slow_fast_5_1em2,DONE,local,0.38710369682273116,0.2420045604486709,2,2,0
odepe_v2_nopolish,slow_fast,1em2,6,slow_fast_6_1em2,DONE,local,0.12574715764463845,0.07390221340263244,2,2,0
odepe_v2_nopolish,slow_fast,1em2,7,slow_fast_7_1em2,DONE,local,1.4430901213877307,0.7388372901838359,2,2,0
odepe_v2_nopolish,sirt_treatment,1em2,0,sirt_treatment_0_1em2,DONE,local,0.14484229306382582,0.03676503376396625,5,1,0
odepe_v2_nopolish,sirt_treatment,1em2,1,sirt_treatment_1_1em2,DONE,local,2.3561495360536133,0.11504774834655296,5,1,0
odepe_v2_nopolish,sirt_treatment,1em2,2,sirt_treatment_2_1em2,DONE,local,0.5050967212385188,0.13817462340684195,5,1,0
odepe_v2_nopolish,sirt_treatment,1em2,3,sirt_treatment_3_1em2,DONE,local,3.292835412235194,0.07365550260622564,5,1,0
odepe_v2_nopolish,sirt_treatment,1em2,4,sirt_treatment_4_1em2,DONE,local,1.3710169442432456,0.39357914299175006,5,1,0
odepe_v2_nopolish,sirt_treatment,1em2,5,sirt_treatment_5_1em2,DONE,local,0.34557974717146994,0.16984218063921142,5,1,0
odepe_v2_nopolish,sirt_treatment,1em2,6,sirt_treatment_6_1em2,DONE,local,1.4794401471193295,0.09880154599333284,5,1,0
odepe_v2_nopolish,sirt_treatment,1em2,7,sirt_treatment_7_1em2,DONE,local,0.23175620687081983,0.05431221625047208,5,1,0
odepe_v2_nopolish,vanderpol,1em2,0,vanderpol_0_1em2,DONE,local,0.00032373939184353226,0.0002485161205066467,2,1,1
odepe_v2_nopolish,vanderpol,1em2,1,vanderpol_1_1em2,DONE,local,0.0006008426352734307,0.00032378179274926953,2,1,1
odepe_v2_nopolish,vanderpol,1em2,2,vanderpol_2_1em2,DONE,local,0.0004984964804237238,0.0002876909881784709,2,1,1
odepe_v2_nopolish,vanderpol,1em2,3,vanderpol_3_1em2,DONE,local,0.0013110967018993044,0.000845783849625943,2,1,1
odepe_v2_nopolish,vanderpol,1em2,4,vanderpol_4_1em2,DONE,local,0.0002807616070012107,0.00014137661912031117,2,1,1
odepe_v2_nopolish,vanderpol,1em2,5,vanderpol_5_1em2,DONE,local,0.02192920150627259,0.011685242759458446,2,1,1
odepe_v2_nopolish,vanderpol,1em2,6,vanderpol_6_1em2,DONE,local,0.0002454262726901596,0.00022447911092545809,2,1,1
odepe_v2_nopolish,vanderpol,1em2,7,vanderpol_7_1em2,DONE,local,2.8535065777594428e-05,2.724329838418682e-05,2,1,1
odepe_v2_nopolish,latent_subpopulation_branch,1em2,0,latent_subpopulation_branch_0_1em2,DONE,local,296.15483449945947,7.4021712990017425,6,6,0
odepe_v2_nopolish,latent_subpopulation_branch,1em2,1,latent_subpopulation_branch_1_1em2,DONE,local,288.4735895087831,2.895094750995314,6,6,0
odepe_v2_nopolish,latent_subpopulation_branch,1em2,2,latent_subpopulation_branch_2_1em2,DONE,local,14.582001962865117,5.781426194211109,6,6,0
odepe_v2_nopolish,latent_subpopulation_branch,1em2,3,latent_subpopulation_branch_3_1em2,DONE,local,14.14419362405732,1.6126785145573614,6,6,0
odepe_v2_nopolish,latent_subpopulation_branch,1em2,4,latent_subpopulation_branch_4_1em2,DONE,local,5.938721140078699,0.9682137540954867,6,6,0
odepe_v2_nopolish,latent_subpopulation_branch,1em2,5,latent_subpopulation_branch_5_1em2,DONE,local,9387.337607936697,216.93136286704512,6,6,0
odepe_v2_nopolish,latent_subpopulation_branch,1em2,6,latent_subpopulation_branch_6_1em2,DONE,local,124.31614162369317,1.4633172573377617,6,6,0
odepe_v2_nopolish,latent_subpopulation_branch,1em2,7,latent_subpopulation_branch_7_1em2,DONE,local,2.1533272423734098,0.6784741672867247,6,6,0
odepe_v2_nopolish,latent_subpopulation_observed_control,1em2,0,latent_subpopulation_observed_control_0_1em2,DONE,local,0.2529561902373856,0.028506054362442176,6,1,0
odepe_v2_nopolish,latent_subpopulation_observed_control,1em2,1,latent_subpopulation_observed_control_1_1em2,DONE,local,0.2859220937344477,0.050682109924565934,6,1,0
odepe_v2_nopolish,latent_subpopulation_observed_control,1em2,2,latent_subpopulation_observed_control_2_1em2,DONE,local,0.043923305658028454,0.011917613777933642,6,1,1
odepe_v2_nopolish,latent_subpopulation_observed_control,1em2,3,latent_subpopulation_observed_control_3_1em2,DONE,local,0.03258001102423695,0.00393933499773835,6,1,1
odepe_v2_nopolish,latent_subpopulation_observed_control,1em2,4,latent_subpopulation_observed_control_4_1em2,DONE,local,0.27614753729072966,0.019356068330856784,6,1,0
odepe_v2_nopolish,latent_subpopulation_observed_control,1em2,5,latent_subpopulation_observed_control_5_1em2,DONE,local,0.031972528763341966,0.006773193526859276,6,1,1
odepe_v2_nopolish,latent_subpopulation_observed_control,1em2,6,latent_subpopulation_observed_control_6_1em2,DONE,local,0.078225303003775,0.009251971501168146,6,1,1
odepe_v2_nopolish,latent_subpopulation_observed_control,1em2,7,latent_subpopulation_observed_control_7_1em2,DONE,local,0.027521057370715314,0.012550951710746314,6,1,1
odepe_v2_nopolish,receptor_subtype_binding_branch,1em2,0,receptor_subtype_binding_branch_0_1em2,FAILURE,,,,,,0
odepe_v2_nopolish,receptor_subtype_binding_branch,1em2,1,receptor_subtype_binding_branch_1_1em2,FAILURE,,,,,,0
odepe_v2_nopolish,receptor_subtype_binding_branch,1em2,2,receptor_subtype_binding_branch_2_1em2,FAILURE,,,,,,0
odepe_v2_nopolish,receptor_subtype_binding_branch,1em2,3,receptor_subtype_binding_branch_3_1em2,FAILURE,,,,,,0
odepe_v2_nopolish,receptor_subtype_binding_branch,1em2,4,receptor_subtype_binding_branch_4_1em2,FAILURE,,,,,,0
odepe_v2_nopolish,receptor_subtype_binding_branch,1em2,5,receptor_subtype_binding_branch_5_1em2,FAILURE,,,,,,0
odepe_v2_nopolish,receptor_subtype_binding_branch,1em2,6,receptor_subtype_binding_branch_6_1em2,FAILURE,,,,,,0
odepe_v2_nopolish,receptor_subtype_binding_branch,1em2,7,receptor_subtype_binding_branch_7_1em2,FAILURE,,,,,,0
odepe_v2_nopolish,receptor_subtype_binding_observed_control,1em2,0,receptor_subtype_binding_observed_control_0_1em2,DONE,local,0.3493702541742598,0.15841407533780727,6,1,0
odepe_v2_nopolish,receptor_subtype_binding_observed_control,1em2,1,receptor_subtype_binding_observed_control_1_1em2,DONE,local,1.2672229730633284,0.3369299773569207,6,1,0
odepe_v2_nopolish,receptor_subtype_binding_observed_control,1em2,2,receptor_subtype_binding_observed_control_2_1em2,DONE,local,1.241277866735284,0.4765146533019057,6,1,0
odepe_v2_nopolish,receptor_subtype_binding_observed_control,1em2,3,receptor_subtype_binding_observed_control_3_1em2,DONE,local,0.375948727381248,0.1213741196100814,6,1,0
odepe_v2_nopolish,receptor_subtype_binding_observed_control,1em2,4,receptor_subtype_binding_observed_control_4_1em2,DONE,local,4.180240723892907,1.2438537009480861,6,1,0
odepe_v2_nopolish,receptor_subtype_binding_observed_control,1em2,5,receptor_subtype_binding_observed_control_5_1em2,DONE,local,0.3979100089913668,0.05511886708586046,6,1,0
odepe_v2_nopolish,receptor_subtype_binding_observed_control,1em2,6,receptor_subtype_binding_observed_control_6_1em2,DONE,local,0.927136450232072,0.25004119841003625,6,1,0
odepe_v2_nopolish,receptor_subtype_binding_observed_control,1em2,7,receptor_subtype_binding_observed_control_7_1em2,DONE,local,4.43437479716041,0.4432032200532338,6,1,0
odepe_shade,aircraft_pitch,0,0,aircraft_pitch_0_0,DONE,local,3.9447043081917195e-12,3.000458817912885e-14,4,1,1
odepe_shade,aircraft_pitch,0,1,aircraft_pitch_1_0,DONE,local,9.383573730243806e-12,3.232647413722319e-14,4,1,1
odepe_shade,aircraft_pitch,0,2,aircraft_pitch_2_0,DONE,local,7.967163556998541e-12,3.581657604070159e-14,4,1,1
odepe_shade,aircraft_pitch,0,3,aircraft_pitch_3_0,DONE,local,2.714442996681103e-12,2.3523762268834275e-14,4,1,1
odepe_shade,aircraft_pitch,0,4,aircraft_pitch_4_0,DONE,local,3.13298614671022e-12,2.1398204353593147e-14,4,1,1
odepe_shade,aircraft_pitch,0,5,aircraft_pitch_5_0,DONE,local,9.938360250846946e-12,1.6745035783282344e-13,4,1,1
odepe_shade,aircraft_pitch,0,6,aircraft_pitch_6_0,DONE,local,4.766557519057339e-12,1.1568796868344855e-14,4,1,1
odepe_shade,aircraft_pitch,0,7,aircraft_pitch_7_0,DONE,local,4.870065046625283e-12,3.0062286642204795e-14,4,1,1
odepe_shade,bicycle_model,0,0,bicycle_model_0_0,DONE,local,2.3781108574811046e-14,2.016905161402368e-14,3,1,1
odepe_shade,bicycle_model,0,1,bicycle_model_1_0,DONE,local,2.6792954496011728e-14,2.0660165307874153e-14,3,1,1
odepe_shade,bicycle_model,0,2,bicycle_model_2_0,DONE,local,3.60024399359276e-14,3.2605062804976714e-14,3,1,1
odepe_shade,bicycle_model,0,3,bicycle_model_3_0,DONE,local,1.1991956015114932e-14,1.03918979793113e-14,3,1,1
odepe_shade,bicycle_model,0,4,bicycle_model_4_0,DONE,local,3.551080997881934e-14,3.484114532563499e-14,3,1,1
odepe_shade,bicycle_model,0,5,bicycle_model_5_0,DONE,local,9.239563709920323e-14,8.444781517095606e-14,3,1,1
odepe_shade,bicycle_model,0,6,bicycle_model_6_0,DONE,local,1.0864890407258065e-13,1.0445725172557321e-13,3,1,1
odepe_shade,bicycle_model,0,7,bicycle_model_7_0,DONE,local,5.3908467074974794e-15,3.790235076956438e-15,3,1,1
odepe_shade,biohydrogenation,0,0,biohydrogenation_0_0,DONE,local,8.03317423002285e-10,3.050448202597847e-11,6,1,1
odepe_shade,biohydrogenation,0,1,biohydrogenation_1_0,DONE,local,4.061781236437877e-10,4.865974606501034e-11,6,1,1
odepe_shade,biohydrogenation,0,2,biohydrogenation_2_0,DONE,local,3.7082244907056044e-08,2.5067486956967112e-11,6,1,1
odepe_shade,biohydrogenation,0,3,biohydrogenation_3_0,DONE,local,1.2169939507666235e-10,8.923071786105759e-13,6,1,1
odepe_shade,biohydrogenation,0,4,biohydrogenation_4_0,DONE,local,1.4269564039755227e-12,2.291804027422163e-13,6,1,1
odepe_shade,biohydrogenation,0,5,biohydrogenation_5_0,DONE,local,1.3828964117625646e-10,1.844180638969384e-11,6,1,1
odepe_shade,biohydrogenation,0,6,biohydrogenation_6_0,DONE,local,5.126983590363204,0.5288702547906243,6,1,0
odepe_shade,biohydrogenation,0,7,biohydrogenation_7_0,DONE,local,5.2507876392381315e-11,7.888819799593409e-13,6,1,1
odepe_shade,boost_converter,0,0,boost_converter_0_0,DONE,local,3.5159702063735343e-14,1.1983359630874706e-14,3,1,1
odepe_shade,boost_converter,0,1,boost_converter_1_0,DONE,local,2.9847704430877326e-14,7.11681426041767e-15,3,1,1
odepe_shade,boost_converter,0,2,boost_converter_2_0,DONE,local,6.089458561139571e-14,8.615921477135361e-16,3,1,1
odepe_shade,boost_converter,0,3,boost_converter_3_0,DONE,local,2.877240131660853e-14,3.801048871755172e-15,3,1,1
odepe_shade,boost_converter,0,4,boost_converter_4_0,DONE,local,3.040189435503477e-14,3.600723323108615e-15,3,1,1
odepe_shade,boost_converter,0,5,boost_converter_5_0,DONE,local,1.656040432469792e-14,1.1545386495576733e-14,3,1,1
odepe_shade,boost_converter,0,6,boost_converter_6_0,DONE,local,5.1564257451053715e-14,2.5109256876223052e-14,3,1,1
odepe_shade,boost_converter,0,7,boost_converter_7_0,DONE,local,2.599184338587323e-14,1.1778889877512948e-14,3,1,1
odepe_shade,brusselator,0,0,brusselator_0_0,DONE,local,1.2485336371205463e-13,6.32873198596127e-14,2,1,1
odepe_shade,brusselator,0,1,brusselator_1_0,DONE,local,1.0760623161751518e-12,5.425783481352427e-13,2,1,1
odepe_shade,brusselator,0,2,brusselator_2_0,DONE,local,2.9177795621626834e-12,1.463758198578438e-12,2,1,1
odepe_shade,brusselator,0,3,brusselator_3_0,DONE,local,3.679090129475918e-13,1.883212241891858e-13,2,1,1
odepe_shade,brusselator,0,4,brusselator_4_0,DONE,local,5.960776743991075e-13,3.0725455566568054e-13,2,1,1
odepe_shade,brusselator,0,5,brusselator_5_0,DONE,local,4.327321504994809,4.0682488084711705,2,1,0
odepe_shade,brusselator,0,6,brusselator_6_0,DONE,local,9.545873613476767,6.015100601430403,2,1,0
odepe_shade,brusselator,0,7,brusselator_7_0,DONE,local,0.1071053629178598,0.05355268200261542,2,1,0
odepe_shade,crauste,0,0,crauste_0_0,DONE,local,0.9999594830946209,0.0006934487490233691,12,1,0
odepe_shade,crauste,0,1,crauste_1_0,DONE,local,1.4736285711324704,0.9886264078387808,12,1,0
odepe_shade,crauste,0,2,crauste_2_0,DONE,local,21.271714922049,0.6065716298202855,12,1,0
odepe_shade,crauste,0,3,crauste_3_0,DONE,local,1.2122745243078015,0.9634651173032072,12,1,0
odepe_shade,crauste,0,4,crauste_4_0,DONE,local,12.310267883341716,0.6675444053409689,12,1,0
odepe_shade,crauste,0,5,crauste_5_0,DONE,local,12.175230566534916,0.9827868571500793,12,1,0
odepe_shade,crauste,0,6,crauste_6_0,DONE,local,0.021311793421218726,0.00025050043928657366,12,1,1
odepe_shade,crauste,0,7,crauste_7_0,DONE,local,10.541690316765798,0.9979898442159334,12,1,0
odepe_shade,cstr,0,0,cstr_0_0,DONE,local,1.6459184410812938e-07,3.146325383028212e-13,4,1,1
odepe_shade,cstr,0,1,cstr_1_0,DONE,local,4.223922755198758e-09,1.3725846128331237e-13,4,1,1
odepe_shade,cstr,0,2,cstr_2_0,DONE,local,0.9998533010094919,0.03637796934070296,4,1,0
odepe_shade,cstr,0,3,cstr_3_0,DONE,local,4.0085476594703103e-07,7.127087227089229e-13,4,1,1
odepe_shade,cstr,0,4,cstr_4_0,DONE,local,1.747762141731126e-11,2.0106944405214514e-13,4,1,1
odepe_shade,cstr,0,5,cstr_5_0,DONE,local,0.7985481417998297,0.0015572327524812659,4,1,0
odepe_shade,cstr,0,6,cstr_6_0,DONE,local,25.9993465646106,0.02837986452160842,4,1,0
odepe_shade,cstr,0,7,cstr_7_0,DONE,local,8.783586252908994e-12,8.447988308111868e-14,4,1,1
odepe_shade,daisy_mamil3,0,0,daisy_mamil3_0_0,DONE,local,0.9999621418097746,0.5977830049112091,5,1,0
odepe_shade,daisy_mamil3,0,1,daisy_mamil3_1_0,DONE,local,2.245871004012721e-14,8.578996099376209e-15,5,1,1
odepe_shade,daisy_mamil3,0,2,daisy_mamil3_2_0,DONE,local,5.97176629134487e-13,1.3048193112291968e-13,5,1,1
odepe_shade,daisy_mamil3,0,3,daisy_mamil3_3_0,DONE,local,0.9999703544155547,0.5292204947694912,5,1,0
odepe_shade,daisy_mamil3,0,4,daisy_mamil3_4_0,DONE,local,1.2127737457752713e-13,2.198992464233402e-14,5,1,1
odepe_shade,daisy_mamil3,0,5,daisy_mamil3_5_0,DONE,local,5.696831895107834e-13,1.8205899994842605e-13,5,1,1
odepe_shade,daisy_mamil3,0,6,daisy_mamil3_6_0,DONE,local,1.154103267979389e-12,2.1071579855130522e-13,5,1,1
odepe_shade,daisy_mamil3,0,7,daisy_mamil3_7_0,DONE,local,4.865449606991542e-12,2.2095828102618087e-13,5,1,1
odepe_shade,daisy_mamil4,0,0,daisy_mamil4_0_0,DONE,local,3.4185438692608586e-13,1.451730224012778e-13,7,1,1
odepe_shade,daisy_mamil4,0,1,daisy_mamil4_1_0,DONE,local,4.161803825899302e-12,1.1516770884645196e-12,7,1,1
odepe_shade,daisy_mamil4,0,2,daisy_mamil4_2_0,DONE,local,2.977401129943215,0.5756152125279922,7,1,0
odepe_shade,daisy_mamil4,0,3,daisy_mamil4_3_0,DONE,local,0.9999757846090896,0.9690858866706845,7,1,0
odepe_shade,daisy_mamil4,0,4,daisy_mamil4_4_0,DONE,local,1.086394567687058e-11,1.0004781754336532e-12,7,1,1
odepe_shade,daisy_mamil4,0,5,daisy_mamil4_5_0,DONE,local,1.89289467291459e-12,1.662764576232584e-13,7,1,1
odepe_shade,daisy_mamil4,0,6,daisy_mamil4_6_0,DONE,local,2.4168120263948988e-12,6.842760027441018e-14,7,1,1
odepe_shade,daisy_mamil4,0,7,daisy_mamil4_7_0,DONE,local,1.70883315158083,0.2490729295426827,7,1,0
odepe_shade,dc_motor,0,0,dc_motor_0_0,DONE,local,9.864933501940396e-15,5.698724973487561e-15,2,1,1
odepe_shade,dc_motor,0,1,dc_motor_1_0,DONE,local,3.875521851874263e-14,1.9794986336298067e-14,2,1,1
odepe_shade,dc_motor,0,2,dc_motor_2_0,DONE,local,4.306319610667274e-14,2.2238337247252845e-14,2,1,1
odepe_shade,dc_motor,0,3,dc_motor_3_0,DONE,local,5.2302019487261374e-14,2.6343756796517e-14,2,1,1
odepe_shade,dc_motor,0,4,dc_motor_4_0,DONE,local,1.835801851742385e-14,9.584200143611616e-15,2,1,1
odepe_shade,dc_motor,0,5,dc_motor_5_0,DONE,local,3.39145938358117e-14,1.78876514078152e-14,2,1,1
odepe_shade,dc_motor,0,6,dc_motor_6_0,DONE,local,2.8309834422085404e-14,1.4618061500218868e-14,2,1,1
odepe_shade,dc_motor,0,7,dc_motor_7_0,DONE,local,2.155422141083547e-14,1.1397662192759032e-14,2,1,1
odepe_shade,fitzhugh_nagumo,0,0,fitzhugh_nagumo_0_0,DONE,local,8.836115448470572e-12,2.4500243104138725e-12,3,1,1
odepe_shade,fitzhugh_nagumo,0,1,fitzhugh_nagumo_1_0,DONE,local,1.724679074717579e-11,5.28764816207731e-12,3,1,1
odepe_shade,fitzhugh_nagumo,0,2,fitzhugh_nagumo_2_0,DONE,local,8.657187355238002e-12,1.7128005937876507e-12,3,1,1
odepe_shade,fitzhugh_nagumo,0,3,fitzhugh_nagumo_3_0,DONE,local,3.513562938103627e-11,3.408961591327962e-11,3,1,1
odepe_shade,fitzhugh_nagumo,0,4,fitzhugh_nagumo_4_0,DONE,local,2.3285615022168184e-10,2.2621367589043672e-11,3,1,1
odepe_shade,fitzhugh_nagumo,0,5,fitzhugh_nagumo_5_0,DONE,local,9.13389734217655e-12,5.451172667380796e-12,3,1,1
odepe_shade,fitzhugh_nagumo,0,6,fitzhugh_nagumo_6_0,DONE,local,3.413683149188794e-12,1.3104782057024045e-12,3,1,1
odepe_shade,fitzhugh_nagumo,0,7,fitzhugh_nagumo_7_0,DONE,local,9.166200881961404e-12,3.885950085886464e-12,3,1,1
odepe_shade,flexible_arm,0,0,flexible_arm_0_0,DONE,local,0.03140654365753818,0.029929606121803506,5,1,1
odepe_shade,flexible_arm,0,1,flexible_arm_1_0,DONE,local,1.6072552541548527e-12,4.0031132149006536e-13,5,1,1
odepe_shade,flexible_arm,0,2,flexible_arm_2_0,DONE,local,4.393735741644968,0.9915072088106265,5,1,0
odepe_shade,flexible_arm,0,3,flexible_arm_3_0,DONE,local,4.65291385667557e-13,2.5221689292935614e-13,5,1,1
odepe_shade,flexible_arm,0,4,flexible_arm_4_0,DONE,local,8.544648409418744e-13,6.472393359709142e-13,5,1,1
odepe_shade,flexible_arm,0,5,flexible_arm_5_0,DONE,local,1.92311359302392e-13,1.2058778332439906e-13,5,1,1
odepe_shade,flexible_arm,0,6,flexible_arm_6_0,DONE,local,7.613531839558523e-13,1.8017196929800491e-13,5,1,1
odepe_shade,flexible_arm,0,7,flexible_arm_7_0,DONE,local,2.2897177112093195e-12,4.780393097399564e-13,5,1,1
odepe_shade,forced_lotka_volterra,0,0,forced_lotka_volterra_0_0,DONE,local,2.4957329572636352e-14,1.237547501825722e-14,4,1,1
odepe_shade,forced_lotka_volterra,0,1,forced_lotka_volterra_1_0,DONE,local,1.1566974768187678e-13,4.807188335437398e-14,4,1,1
odepe_shade,forced_lotka_volterra,0,2,forced_lotka_volterra_2_0,DONE,local,0.9999864130434746,0.9079032350989855,4,1,0
odepe_shade,forced_lotka_volterra,0,3,forced_lotka_volterra_3_0,DONE,local,9.26342336171615e-14,5.5781819178212473e-14,4,1,1
odepe_shade,forced_lotka_volterra,0,4,forced_lotka_volterra_4_0,DONE,local,0.999961240310077,0.7301613585947754,4,1,0
odepe_shade,forced_lotka_volterra,0,5,forced_lotka_volterra_5_0,DONE,local,22.560375049226774,7.989778534206397,4,1,0
odepe_shade,forced_lotka_volterra,0,6,forced_lotka_volterra_6_0,DONE,local,8.564577618536921e-13,3.157836255669854e-14,4,1,1
odepe_shade,forced_lotka_volterra,0,7,forced_lotka_volterra_7_0,DONE,local,1.343308521507786e-13,5.033871165187419e-14,4,1,1
odepe_shade,harmonic_oscillator,0,0,harmonic_oscillator_0_0,DONE,local,3.1614390985975983e-15,2.914765907326357e-15,2,1,1
odepe_shade,harmonic_oscillator,0,1,harmonic_oscillator_1_0,DONE,local,1.0198899176346583e-15,9.347751978320574e-16,2,1,1
odepe_shade,harmonic_oscillator,0,2,harmonic_oscillator_2_0,DONE,local,7.89598271823926e-15,6.466984776336372e-15,2,1,1
odepe_shade,harmonic_oscillator,0,3,harmonic_oscillator_3_0,DONE,local,3.733933939322275e-15,3.466327869481291e-15,2,1,1
odepe_shade,harmonic_oscillator,0,4,harmonic_oscillator_4_0,DONE,local,3.774758283725532e-15,3.4554907585649645e-15,2,1,1
odepe_shade,harmonic_oscillator,0,5,harmonic_oscillator_5_0,DONE,local,2.090378079838161e-15,1.2009005440740814e-15,2,1,1
odepe_shade,harmonic_oscillator,0,6,harmonic_oscillator_6_0,DONE,local,5.478074134663602e-15,3.0138447466944634e-15,2,1,1
odepe_shade,harmonic_oscillator,0,7,harmonic_oscillator_7_0,DONE,local,5.799672516698579e-15,5.400338566063606e-15,2,1,1
odepe_shade,hiv,0,0,hiv_0_0,DONE,local,10.345120058266104,0.9423841292037682,10,1,0
odepe_shade,hiv,0,1,hiv_1_0,DONE,local,7.972641789461836e-11,1.1072202284328225e-12,10,1,1
odepe_shade,hiv,0,2,hiv_2_0,DONE,local,4.19938404013559e-12,7.130786045288267e-13,10,1,1
odepe_shade,hiv,0,3,hiv_3_0,DONE,local,2.7149223040641326e-12,6.576868514048421e-13,10,1,1
odepe_shade,hiv,0,4,hiv_4_0,DONE,local,3.939452512529113e-12,4.2791571792880146e-13,10,1,1
odepe_shade,hiv,0,5,hiv_5_0,DONE,local,4.502510772228304,0.9758004736469328,10,1,0
odepe_shade,hiv,0,6,hiv_6_0,DONE,local,1.9778989766771334e-11,3.739215240510525e-12,10,1,1
odepe_shade,hiv,0,7,hiv_7_0,DONE,local,6.77306822903164,0.9587148155366088,10,1,0
odepe_shade,lotka_volterra,0,0,lotka_volterra_0_0,DONE,local,8.375366676996794e-13,7.102161995763868e-14,3,1,1
odepe_shade,lotka_volterra,0,1,lotka_volterra_1_0,DONE,local,1.2725604681267284e-13,1.860885183320575e-14,3,1,1
odepe_shade,lotka_volterra,0,2,lotka_volterra_2_0,DONE,local,1.1711815318183603e-13,9.85070610940139e-14,3,1,1
odepe_shade,lotka_volterra,0,3,lotka_volterra_3_0,DONE,local,5.228284314546837e-13,4.0724661950058636e-13,3,1,1
odepe_shade,lotka_volterra,0,4,lotka_volterra_4_0,DONE,local,4.776142028689403e-13,1.6653345369377348e-13,3,1,1
odepe_shade,lotka_volterra,0,5,lotka_volterra_5_0,DONE,local,7.771561172376096e-14,3.308077326281353e-14,3,1,1
odepe_shade,lotka_volterra,0,6,lotka_volterra_6_0,DONE,local,4.39532324301228e-13,4.226903533663578e-13,3,1,1
odepe_shade,lotka_volterra,0,7,lotka_volterra_7_0,DONE,local,10.05396518877179,6.60633362845701,3,1,0
odepe_shade,mass_spring_damper,0,0,mass_spring_damper_0_0,DONE,local,6.02648686018904e-14,1.6423417524040777e-14,3,1,1
odepe_shade,mass_spring_damper,0,1,mass_spring_damper_1_0,DONE,local,1.7638869431091706e-13,3.4253704933988492e-15,3,1,1
odepe_shade,mass_spring_damper,0,2,mass_spring_damper_2_0,DONE,local,1.2695375393695736e-14,7.493240799811663e-15,3,1,1
odepe_shade,mass_spring_damper,0,3,mass_spring_damper_3_0,DONE,local,1.2633572349182817e-14,3.2009465049890702e-15,3,1,1
odepe_shade,mass_spring_damper,0,4,mass_spring_damper_4_0,DONE,local,6.761778356763878e-14,2.7669645040967523e-14,3,1,1
odepe_shade,mass_spring_damper,0,5,mass_spring_damper_5_0,DONE,local,1.4767728486283828e-13,5.114510562879934e-15,3,1,1
odepe_shade,mass_spring_damper,0,6,mass_spring_damper_6_0,DONE,local,1.3409187180537605e-13,1.5303826153980854e-15,3,1,1
odepe_shade,mass_spring_damper,0,7,mass_spring_damper_7_0,DONE,local,1.5341645198506415e-13,2.4765217696494385e-14,3,1,1
odepe_shade,quadrotor,0,0,quadrotor_0_0,DONE,local,1.7298369309740556e-13,9.11306614148246e-14,2,1,1
odepe_shade,quadrotor,0,1,quadrotor_1_0,DONE,local,3.606336695636138e-14,1.8144511021333655e-14,2,1,1
odepe_shade,quadrotor,0,2,quadrotor_2_0,DONE,local,4.6041601903572666e-14,2.708968114674764e-14,2,1,1
odepe_shade,quadrotor,0,3,quadrotor_3_0,DONE,local,7.601845550777346e-15,5.1439344987255565e-15,2,1,1
odepe_shade,quadrotor,0,4,quadrotor_4_0,DONE,local,3.4860722967422946e-14,2.0543136319109108e-14,2,1,1
odepe_shade,quadrotor,0,5,quadrotor_5_0,DONE,local,2.3517039437872774e-14,1.229821146701806e-14,2,1,1
odepe_shade,quadrotor,0,6,quadrotor_6_0,DONE,local,1.764592886821441e-14,1.2269126507188647e-14,2,1,1
odepe_shade,quadrotor,0,7,quadrotor_7_0,DONE,local,1.8650571974523134e-14,1.0083117403387954e-14,2,1,1
odepe_shade,repressilator,0,0,repressilator_0_0,DONE,local,1.704179812065703e-14,1.6582780346625752e-14,3,1,1
odepe_shade,repressilator,0,1,repressilator_1_0,DONE,local,1.4175729014987874e-14,7.994812541458328e-15,3,1,1
odepe_shade,repressilator,0,2,repressilator_2_0,DONE,local,3.291940363714127e-14,1.2299368810470714e-14,3,1,1
odepe_shade,repressilator,0,3,repressilator_3_0,DONE,local,1.2660438000111433e-13,6.184322171391081e-14,3,1,1
odepe_shade,repressilator,0,4,repressilator_4_0,DONE,local,1.94212567668588e-14,1.8079967831045807e-14,3,1,1
odepe_shade,repressilator,0,5,repressilator_5_0,DONE,local,1.0876166734450062e-13,4.3451832170674233e-14,3,1,1
odepe_shade,repressilator,0,6,repressilator_6_0,DONE,local,2.6841811809353064e-14,1.444294658731821e-14,3,1,1
odepe_shade,repressilator,0,7,repressilator_7_0,DONE,local,4.981081258331684e-13,1.9475946279441308e-13,3,1,1
odepe_shade,seir,0,0,seir_0_0,DONE,local,1.4632739464559563e-13,5.187769405975731e-14,3,1,1
odepe_shade,seir,0,1,seir_1_0,DONE,local,4.430403693484336e-11,1.5933290221544684e-11,3,1,1
odepe_shade,seir,0,2,seir_2_0,DONE,local,0.2754716981121248,0.21597633136033248,3,1,0
odepe_shade,seir,0,3,seir_3_0,DONE,local,6.814406706497297e-11,6.762223631292964e-11,3,1,1
odepe_shade,seir,0,4,seir_4_0,DONE,local,0.18182182559261217,0.1803236713370923,3,1,0
odepe_shade,seir,0,5,seir_5_0,DONE,local,2.288595900092259e-13,2.1476722839166517e-13,3,1,1
odepe_shade,seir,0,6,seir_6_0,DONE,local,1.1174132040701246,0.33583012483215235,3,1,0
odepe_shade,seir,0,7,seir_7_0,DONE,local,3.430941568861064e-09,2.2203531664185283e-09,3,1,1
odepe_shade,slow_fast,0,0,slow_fast_0_0,DONE,local,2.533246980791528e-13,2.152935989046099e-13,2,1,1
odepe_shade,slow_fast,0,1,slow_fast_1_0,DONE,local,0.9043060899804192,0.7767287917972807,2,1,0
odepe_shade,slow_fast,0,2,slow_fast_2_0,DONE,local,1.4698727368276722e-12,8.464267244280487e-13,2,1,1
odepe_shade,slow_fast,0,3,slow_fast_3_0,DONE,local,2.1292065226490137e-12,1.258684123816792e-12,2,1,1
odepe_shade,slow_fast,0,4,slow_fast_4_0,DONE,local,7.732832462214753e-13,5.423292035621694e-13,2,1,1
odepe_shade,slow_fast,0,5,slow_fast_5_0,DONE,local,1.9006888330936524e-13,1.3479242834734024e-13,2,1,1
odepe_shade,slow_fast,0,6,slow_fast_6_0,DONE,local,7.299182625840873e-14,4.8536003008130146e-14,2,1,1
odepe_shade,slow_fast,0,7,slow_fast_7_0,DONE,local,1.970787720033072e-12,1.097064467894891e-12,2,1,1
odepe_shade,sirt_treatment,0,0,sirt_treatment_0_0,DONE,local,6.001959658257956e-13,4.5535574371518053e-14,5,1,1
odepe_shade,sirt_treatment,0,1,sirt_treatment_1_0,DONE,local,1.588729148238599e-12,8.587984719746758e-14,5,1,1
odepe_shade,sirt_treatment,0,2,sirt_treatment_2_0,DONE,local,1.801894133144065e-12,1.1386902816668272e-13,5,1,1
odepe_shade,sirt_treatment,0,3,sirt_treatment_3_0,DONE,local,2.4009077554348384e-12,4.613079465745731e-14,5,1,1
odepe_shade,sirt_treatment,0,4,sirt_treatment_4_0,DONE,local,2.880362615087506e-12,1.4166050462576181e-13,5,1,1
odepe_shade,sirt_treatment,0,5,sirt_treatment_5_0,DONE,local,1.2301271112846734e-13,4.20359252071815e-14,5,1,1
odepe_shade,sirt_treatment,0,6,sirt_treatment_6_0,DONE,local,7.672464109663713e-13,1.554599857020459e-13,5,1,1
odepe_shade,sirt_treatment,0,7,sirt_treatment_7_0,DONE,local,8.389696123451828e-12,4.326152892171097e-13,5,1,1
odepe_shade,vanderpol,0,0,vanderpol_0_0,DONE,local,1.6322998961816772e-14,1.1934101991770568e-14,2,1,1
odepe_shade,vanderpol,0,1,vanderpol_1_0,DONE,local,4.274763835691752e-14,2.871561659936705e-14,2,1,1
odepe_shade,vanderpol,0,2,vanderpol_2_0,DONE,local,3.796414808060171e-14,3.0489495171452115e-14,2,1,1
odepe_shade,vanderpol,0,3,vanderpol_3_0,DONE,local,1.2481797318270991e-14,1.1696540057784915e-14,2,1,1
odepe_shade,vanderpol,0,4,vanderpol_4_0,DONE,local,7.50765569930946e-14,4.0242841284915525e-14,2,1,1
odepe_shade,vanderpol,0,5,vanderpol_5_0,DONE,local,3.5432649722079465e-14,3.480262628458845e-14,2,1,1
odepe_shade,vanderpol,0,6,vanderpol_6_0,DONE,local,2.0873402915295858e-14,1.6830262236315836e-14,2,1,1
odepe_shade,vanderpol,0,7,vanderpol_7_0,DONE,local,1.2012884385123859e-14,1.0142313762760418e-14,2,1,1
odepe_shade,latent_subpopulation_branch,0,0,latent_subpopulation_branch_0_0,DONE,local,0.5519182682958397,0.23229134912212146,6,1,0
odepe_shade,latent_subpopulation_branch,0,1,latent_subpopulation_branch_1_0,DONE,local,0.13572084835939685,0.04779214672571174,6,1,0
odepe_shade,latent_subpopulation_branch,0,2,latent_subpopulation_branch_2_0,DONE,local,1.2044198895031908,0.5227697342513108,6,1,0
odepe_shade,latent_subpopulation_branch,0,3,latent_subpopulation_branch_3_0,DONE,local,0.5488597377478541,0.3092860005549285,6,1,0
odepe_shade,latent_subpopulation_branch,0,4,latent_subpopulation_branch_4_0,DONE,local,2.8228571428538127,0.5859057090055277,6,1,0
odepe_shade,latent_subpopulation_branch,0,5,latent_subpopulation_branch_5_0,DONE,local,0.2178571427416491,0.17178576937418083,6,1,0
odepe_shade,latent_subpopulation_branch,0,6,latent_subpopulation_branch_6_0,DONE,local,5.968750000001187,0.6030220315844836,6,1,0
odepe_shade,latent_subpopulation_branch,0,7,latent_subpopulation_branch_7_0,DONE,local,5.110294117681048,0.4085589753151283,6,1,0
odepe_shade,latent_subpopulation_observed_control,0,0,latent_subpopulation_observed_control_0_0,DONE,local,3.6637359812630166e-13,6.209674944674966e-14,6,1,1
odepe_shade,latent_subpopulation_observed_control,0,1,latent_subpopulation_observed_control_1_0,DONE,local,2.79922969428411e-13,3.9099981580574195e-14,6,1,1
odepe_shade,latent_subpopulation_observed_control,0,2,latent_subpopulation_observed_control_2_0,DONE,local,1.9958528692328855e-13,3.649467725476894e-14,6,1,1
odepe_shade,latent_subpopulation_observed_control,0,3,latent_subpopulation_observed_control_3_0,DONE,local,3.4829862571319696e-13,5.902847932214197e-14,6,1,1
odepe_shade,latent_subpopulation_observed_control,0,4,latent_subpopulation_observed_control_4_0,DONE,local,1.1207965772406342e-13,1.3318292244887208e-14,6,1,1
odepe_shade,latent_subpopulation_observed_control,0,5,latent_subpopulation_observed_control_5_0,DONE,local,1.0783658359702023e-13,2.1998833091319646e-14,6,1,1
odepe_shade,latent_subpopulation_observed_control,0,6,latent_subpopulation_observed_control_6_0,DONE,local,3.2260060441077043e-13,3.576955284333887e-14,6,1,1
odepe_shade,latent_subpopulation_observed_control,0,7,latent_subpopulation_observed_control_7_0,DONE,local,6.38378239159465e-14,2.4604265900370136e-14,6,1,1
odepe_shade,receptor_subtype_binding_branch,0,0,receptor_subtype_binding_branch_0_0,DONE,local,1.0109588246715473,0.40288684127531815,6,1,0
odepe_shade,receptor_subtype_binding_branch,0,1,receptor_subtype_binding_branch_1_0,DONE,local,0.8418872207933727,0.42046164020023935,6,1,0
odepe_shade,receptor_subtype_binding_branch,0,2,receptor_subtype_binding_branch_2_0,DONE,local,0.46739027799885147,0.1374288726736655,6,1,0
odepe_shade,receptor_subtype_binding_branch,0,3,receptor_subtype_binding_branch_3_0,DONE,local,0.9999690176660968,0.6331141612719924,6,1,0
odepe_shade,receptor_subtype_binding_branch,0,4,receptor_subtype_binding_branch_4_0,DONE,local,4.288791690664006,0.6187082508436005,6,1,0
odepe_shade,receptor_subtype_binding_branch,0,5,receptor_subtype_binding_branch_5_0,DONE,local,1.8228163899730014,0.9710017357762546,6,1,0
odepe_shade,receptor_subtype_binding_branch,0,6,receptor_subtype_binding_branch_6_0,DONE,local,1.9771754927723444,0.13682772876179072,6,1,0
odepe_shade,receptor_subtype_binding_branch,0,7,receptor_subtype_binding_branch_7_0,DONE,local,1.4259671847004551,0.909905106678934,6,1,0
odepe_shade,receptor_subtype_binding_observed_control,0,0,receptor_subtype_binding_observed_control_0_0,DONE,local,1.2224520912448733e-13,5.866349240241828e-14,6,1,1
odepe_shade,receptor_subtype_binding_observed_control,0,1,receptor_subtype_binding_observed_control_1_0,DONE,local,4.674089628787189e-13,2.474339325158789e-13,6,1,1
odepe_shade,receptor_subtype_binding_observed_control,0,2,receptor_subtype_binding_observed_control_2_0,DONE,local,8.226716913982872e-13,1.6542155917096183e-13,6,1,1
odepe_shade,receptor_subtype_binding_observed_control,0,3,receptor_subtype_binding_observed_control_3_0,DONE,local,2.800187082586999e-13,8.705596932231954e-14,6,1,1
odepe_shade,receptor_subtype_binding_observed_control,0,4,receptor_subtype_binding_observed_control_4_0,DONE,local,1.703996421089387e-11,1.1984881581629964e-12,6,1,1
odepe_shade,receptor_subtype_binding_observed_control,0,5,receptor_subtype_binding_observed_control_5_0,DONE,local,6.739101613915416e-12,7.248741935497857e-13,6,1,1
odepe_shade,receptor_subtype_binding_observed_control,0,6,receptor_subtype_binding_observed_control_6_0,DONE,local,1.2452091574006196e-12,3.0242965887758885e-13,6,1,1
odepe_shade,receptor_subtype_binding_observed_control,0,7,receptor_subtype_binding_observed_control_7_0,DONE,local,1.0358922391959846e-12,5.055417174613839e-13,6,1,1
odepe_shade,aircraft_pitch,1em8,0,aircraft_pitch_0_1em8,DONE,local,3.0898197024633005e-08,8.819339760622842e-11,4,1,1
odepe_shade,aircraft_pitch,1em8,1,aircraft_pitch_1_1em8,DONE,local,6.435038183068072e-08,1.3924313862025142e-10,4,1,1
odepe_shade,aircraft_pitch,1em8,2,aircraft_pitch_2_1em8,DONE,local,1.1563553287007966e-07,6.230414020892132e-10,4,1,1
odepe_shade,aircraft_pitch,1em8,3,aircraft_pitch_3_1em8,DONE,local,9.536621529856876e-10,2.9709097103964984e-12,4,1,1
odepe_shade,aircraft_pitch,1em8,4,aircraft_pitch_4_1em8,DONE,local,1.3033282995558405e-08,1.3168459071607625e-10,4,1,1
odepe_shade,aircraft_pitch,1em8,5,aircraft_pitch_5_1em8,DONE,local,1.3382328682180567e-06,3.466030524877867e-10,4,1,1
odepe_shade,aircraft_pitch,1em8,6,aircraft_pitch_6_1em8,DONE,local,3.413679619843377e-07,4.2920071276334835e-10,4,1,1
odepe_shade,aircraft_pitch,1em8,7,aircraft_pitch_7_1em8,DONE,local,1.1267160843775553e-07,3.701194662612952e-10,4,1,1
odepe_shade,bicycle_model,1em8,0,bicycle_model_0_1em8,DONE,local,1.0265633941753992e-10,8.519956600845606e-11,3,1,1
odepe_shade,bicycle_model,1em8,1,bicycle_model_1_1em8,DONE,local,1.8341802596376823e-10,1.4767865778536782e-10,3,1,1
odepe_shade,bicycle_model,1em8,2,bicycle_model_2_1em8,DONE,local,2.566457873341916e-10,2.4496782132734286e-10,3,1,1
odepe_shade,bicycle_model,1em8,3,bicycle_model_3_1em8,DONE,local,9.162769265740574e-10,7.898342327723694e-10,3,1,1
odepe_shade,bicycle_model,1em8,4,bicycle_model_4_1em8,DONE,local,8.354716550260974e-10,8.253529747633816e-10,3,1,1
odepe_shade,bicycle_model,1em8,5,bicycle_model_5_1em8,DONE,local,1.0908678906659522e-09,8.424947107173403e-10,3,1,1
odepe_shade,bicycle_model,1em8,6,bicycle_model_6_1em8,DONE,local,1.3464829673512375e-10,9.325114778766157e-11,3,1,1
odepe_shade,bicycle_model,1em8,7,bicycle_model_7_1em8,DONE,local,4.3377345338227954e-10,2.42723310100753e-10,3,1,1
odepe_shade,biohydrogenation,1em8,0,biohydrogenation_0_1em8,DONE,local,8.537069199618232e-05,5.346814667370693e-06,6,1,1
odepe_shade,biohydrogenation,1em8,1,biohydrogenation_1_1em8,DONE,local,0.00015710631746286216,1.986980485551493e-05,6,1,1
odepe_shade,biohydrogenation,1em8,2,biohydrogenation_2_1em8,DONE,local,0.001296885359977123,2.360576549187817e-06,6,1,1
odepe_shade,biohydrogenation,1em8,3,biohydrogenation_3_1em8,DONE,local,0.0008278509383235442,6.570018083476446e-06,6,1,1
odepe_shade,biohydrogenation,1em8,4,biohydrogenation_4_1em8,DONE,local,3.6134951842905917e-06,6.937740463390729e-07,6,1,1
odepe_shade,biohydrogenation,1em8,5,biohydrogenation_5_1em8,DONE,local,6.730129439694801e-05,2.1311226359543146e-06,6,1,1
odepe_shade,biohydrogenation,1em8,6,biohydrogenation_6_1em8,DONE,local,1.6647256775263726,0.469456138652522,6,1,0
odepe_shade,biohydrogenation,1em8,7,biohydrogenation_7_1em8,DONE,local,0.00016490875747706565,4.520782445724805e-06,6,1,1
odepe_shade,boost_converter,1em8,0,boost_converter_0_1em8,DONE,local,1.4011534437106403e-09,6.789113573115717e-10,3,1,1
odepe_shade,boost_converter,1em8,1,boost_converter_1_1em8,DONE,local,1.396628346194692e-09,5.088053980595248e-10,3,1,1
odepe_shade,boost_converter,1em8,2,boost_converter_2_1em8,DONE,local,6.926858077026633e-09,3.884717490277504e-09,3,1,1
odepe_shade,boost_converter,1em8,3,boost_converter_3_1em8,DONE,local,1.8451133789332846e-09,5.993314478814501e-10,3,1,1
odepe_shade,boost_converter,1em8,4,boost_converter_4_1em8,DONE,local,6.091738471136188e-09,3.17627605898611e-10,3,1,1
odepe_shade,boost_converter,1em8,5,boost_converter_5_1em8,DONE,local,3.1658807150333406e-09,2.737586068199661e-09,3,1,1
odepe_shade,boost_converter,1em8,6,boost_converter_6_1em8,DONE,local,2.1362756110469138e-09,2.1059178052541584e-09,3,1,1
odepe_shade,boost_converter,1em8,7,boost_converter_7_1em8,DONE,local,3.124096542033908e-09,1.5253576922554048e-09,3,1,1
odepe_shade,brusselator,1em8,0,brusselator_0_1em8,DONE,local,3.509335607993129e-09,1.8486506573653444e-09,2,1,1
odepe_shade,brusselator,1em8,1,brusselator_1_1em8,DONE,local,6.774443354462893e-08,3.3905084275359914e-08,2,1,1
odepe_shade,brusselator,1em8,2,brusselator_2_1em8,DONE,local,1.4967170203946596e-07,7.498084407627262e-08,2,1,1
odepe_shade,brusselator,1em8,3,brusselator_3_1em8,DONE,local,5.4317424671576814e-08,2.7161955012509414e-08,2,1,1
odepe_shade,brusselator,1em8,4,brusselator_4_1em8,DONE,local,2.1318000783446898e-08,1.072233091744289e-08,2,1,1
odepe_shade,brusselator,1em8,5,brusselator_5_1em8,DONE,local,3.5021056272023086,1.8020691084551839,2,1,0
odepe_shade,brusselator,1em8,6,brusselator_6_1em8,DONE,local,0.8839037148836849,0.8167728613278133,2,1,0
odepe_shade,brusselator,1em8,7,brusselator_7_1em8,DONE,local,0.03622276456231826,0.018111382342413256,2,1,1
odepe_shade,crauste,1em8,0,crauste_0_1em8,DONE,local,8.00373694345177,0.001302909657631428,12,1,0
odepe_shade,crauste,1em8,1,crauste_1_1em8,DONE,local,15.844687249264918,0.9989347362754073,12,1,0
odepe_shade,crauste,1em8,2,crauste_2_1em8,DONE,local,21.271714922049,0.5307068755420522,12,1,0
odepe_shade,crauste,1em8,3,crauste_3_1em8,DONE,local,12.831258644536655,0.6168014113179737,12,1,0
odepe_shade,crauste,1em8,4,crauste_4_1em8,DONE,local,41.856839215984905,1.3561884921302183,12,1,0
odepe_shade,crauste,1em8,5,crauste_5_1em8,DONE,local,12.175230566534916,0.972428903753225,12,1,0
odepe_shade,crauste,1em8,6,crauste_6_1em8,DONE,local,0.021047211122798632,0.00014039762208975848,12,1,1
odepe_shade,crauste,1em8,7,crauste_7_1em8,DONE,local,2.1546890222794186,0.9979456362994557,12,1,0
odepe_shade,cstr,1em8,0,cstr_0_1em8,DONE,local,0.09481350505710372,1.7254753720222062e-08,4,1,1
odepe_shade,cstr,1em8,1,cstr_1_1em8,DONE,local,0.0018557907679609882,3.928104542213581e-08,4,1,1
odepe_shade,cstr,1em8,2,cstr_2_1em8,DONE,local,1.2851275044338609e-05,5.202701479006752e-07,4,1,1
odepe_shade,cstr,1em8,3,cstr_3_1em8,DONE,local,0.1670664607787563,2.302578692036701e-08,4,1,0
odepe_shade,cstr,1em8,4,cstr_4_1em8,DONE,local,0.0028259202797542766,2.9322181092184784e-05,4,1,1
odepe_shade,cstr,1em8,5,cstr_5_1em8,DONE,local,0.7704283496765001,0.0015023907770165246,4,1,0
odepe_shade,cstr,1em8,6,cstr_6_1em8,DONE,local,26.027027027027035,0.028651216474643634,4,1,0
odepe_shade,cstr,1em8,7,cstr_7_1em8,DONE,local,1.921897771108534e-07,2.8844886380018054e-08,4,1,1
odepe_shade,daisy_mamil3,1em8,0,daisy_mamil3_0_1em8,DONE,local,0.9999621418067478,0.5977830069301725,5,1,0
odepe_shade,daisy_mamil3,1em8,1,daisy_mamil3_1_1em8,DONE,local,7.499062515740096e-08,3.306445456935987e-08,5,1,1
odepe_shade,daisy_mamil3,1em8,2,daisy_mamil3_2_1em8,DONE,local,0.9999774547899257,0.2709959552256786,5,1,0
odepe_shade,daisy_mamil3,1em8,3,daisy_mamil3_3_1em8,DONE,local,0.9999703544142284,0.5292205675098284,5,1,0
odepe_shade,daisy_mamil3,1em8,4,daisy_mamil3_4_1em8,DONE,local,2.4259998867549233e-08,6.480287859201141e-09,5,1,1
odepe_shade,daisy_mamil3,1em8,5,daisy_mamil3_5_1em8,DONE,local,7.004678851542449e-08,2.5214080749998913e-08,5,1,1
odepe_shade,daisy_mamil3,1em8,6,daisy_mamil3_6_1em8,DONE,local,4.940816000329462e-08,3.672106306679633e-08,5,1,1
odepe_shade,daisy_mamil3,1em8,7,daisy_mamil3_7_1em8,DONE,local,0.9999609551575045,0.3245038441732168,5,1,0
odepe_shade,daisy_mamil4,1em8,0,daisy_mamil4_0_1em8,DONE,local,1.4863243435805341e-06,8.198327181080164e-07,7,1,1
odepe_shade,daisy_mamil4,1em8,1,daisy_mamil4_1_1em8,DONE,local,0.4509591919984751,0.27797129955502536,7,1,0
odepe_shade,daisy_mamil4,1em8,2,daisy_mamil4_2_1em8,DONE,local,5.203054186759585e-07,9.778146688808255e-08,7,1,1
odepe_shade,daisy_mamil4,1em8,3,daisy_mamil4_3_1em8,DONE,local,0.9999826950372797,0.9842300020975009,7,1,0
odepe_shade,daisy_mamil4,1em8,4,daisy_mamil4_4_1em8,DONE,local,2.7592218795684332e-05,2.2319206901065856e-06,7,1,1
odepe_shade,daisy_mamil4,1em8,5,daisy_mamil4_5_1em8,DONE,local,3.5171262808887986,0.5771586671318435,7,1,0
odepe_shade,daisy_mamil4,1em8,6,daisy_mamil4_6_1em8,DONE,local,1.0659674316400495e-05,1.4966376157256192e-06,7,1,1
odepe_shade,daisy_mamil4,1em8,7,daisy_mamil4_7_1em8,DONE,local,1.5536342087734777e-06,8.925174567270711e-09,7,1,1
odepe_shade,dc_motor,1em8,0,dc_motor_0_1em8,DONE,local,1.762189507434041e-08,8.835867446523704e-09,2,1,1
odepe_shade,dc_motor,1em8,1,dc_motor_1_1em8,DONE,local,2.3515327604373206e-08,1.2062323608341438e-08,2,1,1
odepe_shade,dc_motor,1em8,2,dc_motor_2_1em8,DONE,local,1.6939784928317957e-08,8.806862113873367e-09,2,1,1
odepe_shade,dc_motor,1em8,3,dc_motor_3_1em8,DONE,local,9.976700892236724e-09,5.112460337720876e-09,2,1,1
odepe_shade,dc_motor,1em8,4,dc_motor_4_1em8,DONE,local,1.1828318289834813e-08,6.133384107512598e-09,2,1,1
odepe_shade,dc_motor,1em8,5,dc_motor_5_1em8,DONE,local,7.359233459576769e-09,3.941112396621695e-09,2,1,1
odepe_shade,dc_motor,1em8,6,dc_motor_6_1em8,DONE,local,3.810711091276896e-09,2.0734862516586502e-09,2,1,1
odepe_shade,dc_motor,1em8,7,dc_motor_7_1em8,DONE,local,6.2196926327014995e-09,3.4622800151067315e-09,2,1,1
odepe_shade,fitzhugh_nagumo,1em8,0,fitzhugh_nagumo_0_1em8,DONE,local,3.4912348492336217e-06,1.914470432460543e-06,3,1,1
odepe_shade,fitzhugh_nagumo,1em8,1,fitzhugh_nagumo_1_1em8,DONE,local,2.027230270549169e-06,5.844490309518271e-07,3,1,1
odepe_shade,fitzhugh_nagumo,1em8,2,fitzhugh_nagumo_2_1em8,DONE,local,5.125937834049279e-06,1.300383573164749e-06,3,1,1
odepe_shade,fitzhugh_nagumo,1em8,3,fitzhugh_nagumo_3_1em8,DONE,local,1.9372930742290836e-06,1.2302228795914733e-06,3,1,1
odepe_shade,fitzhugh_nagumo,1em8,4,fitzhugh_nagumo_4_1em8,DONE,local,0.0002185493903576274,2.1190848987970507e-05,3,1,1
odepe_shade,fitzhugh_nagumo,1em8,5,fitzhugh_nagumo_5_1em8,DONE,local,8.68446322930422e-06,5.325508031012789e-06,3,1,1
odepe_shade,fitzhugh_nagumo,1em8,6,fitzhugh_nagumo_6_1em8,DONE,local,2.5664996960489255e-06,2.550440577059695e-06,3,1,1
odepe_shade,fitzhugh_nagumo,1em8,7,fitzhugh_nagumo_7_1em8,DONE,local,1.775160087963225e-05,3.628768229244221e-06,3,1,1
odepe_shade,flexible_arm,1em8,0,flexible_arm_0_1em8,DONE,local,3.03985358698848,0.9497533969742212,5,1,0
odepe_shade,flexible_arm,1em8,1,flexible_arm_1_1em8,DONE,local,1.32515213294387e-06,6.522793021524774e-07,5,1,1
odepe_shade,flexible_arm,1em8,2,flexible_arm_2_1em8,DONE,local,5.251734673500919e-07,3.7400710090279346e-07,5,1,1
odepe_shade,flexible_arm,1em8,3,flexible_arm_3_1em8,DONE,local,0.9999812734082398,0.9896267739228867,5,1,0
odepe_shade,flexible_arm,1em8,4,flexible_arm_4_1em8,DONE,local,1.9877534014913476e-07,9.54555017538594e-08,5,1,1
odepe_shade,flexible_arm,1em8,5,flexible_arm_5_1em8,DONE,local,9.218028868201195e-07,4.485876632489222e-07,5,1,1
odepe_shade,flexible_arm,1em8,6,flexible_arm_6_1em8,DONE,local,28.229351449283154,0.8050137038244753,5,1,0
odepe_shade,flexible_arm,1em8,7,flexible_arm_7_1em8,DONE,local,7.879475131834653e-07,2.0696323104410335e-07,5,1,1
odepe_shade,forced_lotka_volterra,1em8,0,forced_lotka_volterra_0_1em8,DONE,local,1.4021378448810031e-09,3.490867858629735e-10,4,1,1
odepe_shade,forced_lotka_volterra,1em8,1,forced_lotka_volterra_1_1em8,DONE,local,1.966285403232587e-09,1.274463086040487e-09,4,1,1
odepe_shade,forced_lotka_volterra,1em8,2,forced_lotka_volterra_2_1em8,DONE,local,0.9999864130434726,0.9079032365790345,4,1,0
odepe_shade,forced_lotka_volterra,1em8,3,forced_lotka_volterra_3_1em8,DONE,local,8.311462629251309e-10,4.71682880124073e-10,4,1,1
odepe_shade,forced_lotka_volterra,1em8,4,forced_lotka_volterra_4_1em8,DONE,local,0.9999612403100768,0.7301613536326479,4,1,0
odepe_shade,forced_lotka_volterra,1em8,5,forced_lotka_volterra_5_1em8,DONE,local,22.56032462538784,7.98976152681739,4,1,0
odepe_shade,forced_lotka_volterra,1em8,6,forced_lotka_volterra_6_1em8,DONE,local,1.2161907215948631e-08,9.635991193716356e-10,4,1,1
odepe_shade,forced_lotka_volterra,1em8,7,forced_lotka_volterra_7_1em8,DONE,local,4.599683352292096e-10,3.3238604264725875e-10,4,1,1
odepe_shade,harmonic_oscillator,1em8,0,harmonic_oscillator_0_1em8,DONE,local,6.518684123865859e-11,4.8979252450863546e-11,2,1,1
odepe_shade,harmonic_oscillator,1em8,1,harmonic_oscillator_1_1em8,DONE,local,1.9031403437302124e-11,1.78211752629089e-11,2,1,1
odepe_shade,harmonic_oscillator,1em8,2,harmonic_oscillator_2_1em8,DONE,local,2.3393643344310678e-12,1.2254732066042602e-12,2,1,1
odepe_shade,harmonic_oscillator,1em8,3,harmonic_oscillator_3_1em8,DONE,local,3.043983632582707e-12,2.814119655993827e-12,2,1,1
odepe_shade,harmonic_oscillator,1em8,4,harmonic_oscillator_4_1em8,DONE,local,8.421863206820035e-11,7.255812335141511e-11,2,1,1
odepe_shade,harmonic_oscillator,1em8,5,harmonic_oscillator_5_1em8,DONE,local,9.421791693410796e-12,8.092779183536902e-12,2,1,1
odepe_shade,harmonic_oscillator,1em8,6,harmonic_oscillator_6_1em8,DONE,local,1.998826908083074e-10,1.2844343608077128e-10,2,1,1
odepe_shade,harmonic_oscillator,1em8,7,harmonic_oscillator_7_1em8,DONE,local,4.0411289571710455e-13,3.214971080903728e-13,2,1,1
odepe_shade,hiv,1em8,0,hiv_0_1em8,DONE,local,3.28706889154414e-05,5.641903116271803e-07,10,1,1
odepe_shade,hiv,1em8,1,hiv_1_1em8,DONE,local,2.7743716278197936e-05,1.8474081108388691e-06,10,1,1
odepe_shade,hiv,1em8,2,hiv_2_1em8,DONE,local,5.103738259616708e-06,4.098822424611325e-07,10,1,1
odepe_shade,hiv,1em8,3,hiv_3_1em8,DONE,local,5.636020164414044e-06,5.643335598206054e-07,10,1,1
odepe_shade,hiv,1em8,4,hiv_4_1em8,DONE,local,3.550967412943359e-06,1.0802934610046645e-07,10,1,1
odepe_shade,hiv,1em8,5,hiv_5_1em8,DONE,local,4.4864164213205076,0.975800468383077,10,1,0
odepe_shade,hiv,1em8,6,hiv_6_1em8,DONE,local,6.490756105461274e-05,1.626414310388607e-06,10,1,1
odepe_shade,hiv,1em8,7,hiv_7_1em8,DONE,local,11.642225031605564,0.9653799513949359,10,1,0
odepe_shade,lotka_volterra,1em8,0,lotka_volterra_0_1em8,DONE,local,8.72684453940608e-09,3.7841700287514405e-10,3,1,1
odepe_shade,lotka_volterra,1em8,1,lotka_volterra_1_1em8,DONE,local,7.975725270918162e-10,5.405663290729153e-10,3,1,1
odepe_shade,lotka_volterra,1em8,2,lotka_volterra_2_1em8,DONE,local,2.2840540233570405e-09,2.2007010699746284e-09,3,1,1
odepe_shade,lotka_volterra,1em8,3,lotka_volterra_3_1em8,DONE,local,4.6365385293375905,3.0635547174770137,3,1,0
odepe_shade,lotka_volterra,1em8,4,lotka_volterra_4_1em8,DONE,local,3.964114477285868e-10,3.2310571497331745e-10,3,1,1
odepe_shade,lotka_volterra,1em8,5,lotka_volterra_5_1em8,DONE,local,3.2669763780849787e-09,1.1376584429034518e-09,3,1,1
odepe_shade,lotka_volterra,1em8,6,lotka_volterra_6_1em8,DONE,local,1.3382863225568562e-08,1.2998113545432208e-08,3,1,1
odepe_shade,lotka_volterra,1em8,7,lotka_volterra_7_1em8,DONE,local,10.05396521577001,6.606333692019499,3,1,0
odepe_shade,mass_spring_damper,1em8,0,mass_spring_damper_0_1em8,DONE,local,2.120197508683568e-09,1.494947198567873e-09,3,1,1
odepe_shade,mass_spring_damper,1em8,1,mass_spring_damper_1_1em8,DONE,local,1.868923695351968e-09,1.4676423012969496e-10,3,1,1
odepe_shade,mass_spring_damper,1em8,2,mass_spring_damper_2_1em8,DONE,local,8.775327457071445e-10,1.7633552814235304e-10,3,1,1
odepe_shade,mass_spring_damper,1em8,3,mass_spring_damper_3_1em8,DONE,local,9.897058268711787e-10,3.952118530655631e-10,3,1,1
odepe_shade,mass_spring_damper,1em8,4,mass_spring_damper_4_1em8,DONE,local,3.3446860431157736e-09,1.1018690260177255e-09,3,1,1
odepe_shade,mass_spring_damper,1em8,5,mass_spring_damper_5_1em8,DONE,local,1.294310690371146e-09,5.846896001068335e-11,3,1,1
odepe_shade,mass_spring_damper,1em8,6,mass_spring_damper_6_1em8,DONE,local,8.145762203288025e-10,1.9446755763497024e-10,3,1,1
odepe_shade,mass_spring_damper,1em8,7,mass_spring_damper_7_1em8,DONE,local,4.706338238679435e-10,4.6533124133841615e-10,3,1,1
odepe_shade,quadrotor,1em8,0,quadrotor_0_1em8,DONE,local,1.0332839814354169e-08,6.886803230457917e-09,2,1,1
odepe_shade,quadrotor,1em8,1,quadrotor_1_1em8,DONE,local,1.4241476110413718e-09,1.3159620601156607e-09,2,1,1
odepe_shade,quadrotor,1em8,2,quadrotor_2_1em8,DONE,local,2.851995012702743e-08,1.6266636237756668e-08,2,1,1
odepe_shade,quadrotor,1em8,3,quadrotor_3_1em8,DONE,local,1.8920402223015807e-08,9.625928758167675e-09,2,1,1
odepe_shade,quadrotor,1em8,4,quadrotor_4_1em8,DONE,local,3.420108108728239e-09,2.414054450764447e-09,2,1,1
odepe_shade,quadrotor,1em8,5,quadrotor_5_1em8,DONE,local,1.967269557133654e-09,1.3817644468256919e-09,2,1,1
odepe_shade,quadrotor,1em8,6,quadrotor_6_1em8,DONE,local,2.2506671768641526e-08,1.2360864669706557e-08,2,1,1
odepe_shade,quadrotor,1em8,7,quadrotor_7_1em8,DONE,local,3.541926966301393e-08,1.9636588119377707e-08,2,1,1
odepe_shade,repressilator,1em8,0,repressilator_0_1em8,DONE,local,2.6115399033166798e-09,2.0071060790674048e-09,3,1,1
odepe_shade,repressilator,1em8,1,repressilator_1_1em8,DONE,local,1.163718788627057e-08,8.138491414867012e-09,3,1,1
odepe_shade,repressilator,1em8,2,repressilator_2_1em8,DONE,local,8.218984968145256e-09,6.028959376705637e-09,3,1,1
odepe_shade,repressilator,1em8,3,repressilator_3_1em8,DONE,local,3.233184593344068e-09,3.0946545799343152e-09,3,1,1
odepe_shade,repressilator,1em8,4,repressilator_4_1em8,DONE,local,3.5617363145680115e-09,1.386393685745889e-09,3,1,1
odepe_shade,repressilator,1em8,5,repressilator_5_1em8,DONE,local,5.779532439842448e-09,3.49757050873012e-09,3,1,1
odepe_shade,repressilator,1em8,6,repressilator_6_1em8,DONE,local,8.927320930964155e-09,7.529948635460366e-09,3,1,1
odepe_shade,repressilator,1em8,7,repressilator_7_1em8,DONE,local,2.129588112783142e-08,9.210072571430375e-09,3,1,1
odepe_shade,seir,1em8,0,seir_0_1em8,DONE,local,0.7730495323880685,0.435999815424824,3,1,0
odepe_shade,seir,1em8,1,seir_1_1em8,DONE,local,2.3169778639768283e-06,5.609364541408492e-07,3,1,1
odepe_shade,seir,1em8,2,seir_2_1em8,DONE,local,0.27547282345067814,0.215976842791352,3,1,0
odepe_shade,seir,1em8,3,seir_3_1em8,DONE,local,1.1260904472988509e-05,1.103191230114391e-05,3,1,1
odepe_shade,seir,1em8,4,seir_4_1em8,DONE,local,0.18182432072191673,0.18032616249372377,3,1,0
odepe_shade,seir,1em8,5,seir_5_1em8,DONE,local,6.431915513586763e-07,6.292146739276439e-07,3,1,1
odepe_shade,seir,1em8,6,seir_6_1em8,DONE,local,1.1210921043393733,0.33622288857215354,3,1,0
odepe_shade,seir,1em8,7,seir_7_1em8,DONE,local,8.911854896367483e-05,5.7169427829098e-05,3,1,1
odepe_shade,slow_fast,1em8,0,slow_fast_0_1em8,DONE,local,4.896197754993422e-08,4.122565718524393e-08,2,1,1
odepe_shade,slow_fast,1em8,1,slow_fast_1_1em8,DONE,local,0.9043061453353451,0.776728819355067,2,1,0
odepe_shade,slow_fast,1em8,2,slow_fast_2_1em8,DONE,local,1.1523437525009944e-08,1.0911688589148888e-08,2,1,1
odepe_shade,slow_fast,1em8,3,slow_fast_3_1em8,DONE,local,2.7066494326586554e-07,1.5601666508817763e-07,2,1,1
odepe_shade,slow_fast,1em8,4,slow_fast_4_1em8,DONE,local,9.432447143193132e-08,7.164314147324626e-08,2,1,1
odepe_shade,slow_fast,1em8,5,slow_fast_5_1em8,DONE,local,0.32046319315197075,0.2815766129209243,2,1,0
odepe_shade,slow_fast,1em8,6,slow_fast_6_1em8,DONE,local,2.8463382292146598e-08,1.630355602259047e-08,2,1,1
odepe_shade,slow_fast,1em8,7,slow_fast_7_1em8,DONE,local,1.8084649942631215e-07,9.765054187610862e-08,2,1,1
odepe_shade,sirt_treatment,1em8,0,sirt_treatment_0_1em8,DONE,local,6.271695385251519e-07,6.584735000622604e-08,5,1,1
odepe_shade,sirt_treatment,1em8,1,sirt_treatment_1_1em8,DONE,local,6.108025487616686e-07,1.9773069384828813e-08,5,1,1
odepe_shade,sirt_treatment,1em8,2,sirt_treatment_2_1em8,DONE,local,6.751683671752077e-07,4.4430663327026124e-08,5,1,1
odepe_shade,sirt_treatment,1em8,3,sirt_treatment_3_1em8,DONE,local,1.7145722783470677e-07,4.884838842578999e-08,5,1,1
odepe_shade,sirt_treatment,1em8,4,sirt_treatment_4_1em8,DONE,local,2.2680904674388102e-07,1.0191648217744875e-08,5,1,1
odepe_shade,sirt_treatment,1em8,5,sirt_treatment_5_1em8,DONE,local,2.7178931641698546e-07,3.561111660008313e-08,5,1,1
odepe_shade,sirt_treatment,1em8,6,sirt_treatment_6_1em8,DONE,local,6.576276924263342e-07,9.200386135154879e-09,5,1,1
odepe_shade,sirt_treatment,1em8,7,sirt_treatment_7_1em8,DONE,local,3.942941695566794e-06,2.3083750696146517e-07,5,1,1
odepe_shade,vanderpol,1em8,0,vanderpol_0_1em8,DONE,local,1.5739836618532863e-11,8.5179802323338e-12,2,1,1
odepe_shade,vanderpol,1em8,1,vanderpol_1_1em8,DONE,local,7.458146022906184e-11,4.182545396543535e-11,2,1,1
odepe_shade,vanderpol,1em8,2,vanderpol_2_1em8,DONE,local,1.9279772973308158e-10,1.361658380359592e-10,2,1,1
odepe_shade,vanderpol,1em8,3,vanderpol_3_1em8,DONE,local,4.2370188711641466e-10,2.17156035886823e-10,2,1,1
odepe_shade,vanderpol,1em8,4,vanderpol_4_1em8,DONE,local,8.566747038527956e-11,4.442029933836629e-11,2,1,1
odepe_shade,vanderpol,1em8,5,vanderpol_5_1em8,DONE,local,3.4164930537920207e-09,1.850521452874562e-09,2,1,1
odepe_shade,vanderpol,1em8,6,vanderpol_6_1em8,DONE,local,4.422378297654016e-11,2.272379286396965e-11,2,1,1
odepe_shade,vanderpol,1em8,7,vanderpol_7_1em8,DONE,local,4.873743448764606e-12,2.714039742578886e-12,2,1,1
odepe_shade,latent_subpopulation_branch,1em8,0,latent_subpopulation_branch_0_1em8,DONE,local,0.0010943075866841605,0.0004810466093191283,6,1,1
odepe_shade,latent_subpopulation_branch,1em8,1,latent_subpopulation_branch_1_1em8,DONE,local,1.6174319589549118,0.03281592828244699,6,1,0
odepe_shade,latent_subpopulation_branch,1em8,2,latent_subpopulation_branch_2_1em8,DONE,local,1.2044216555041996,0.5921902826765008,6,1,0
odepe_shade,latent_subpopulation_branch,1em8,3,latent_subpopulation_branch_3_1em8,DONE,local,0.8183271104784904,0.18048322310052559,6,1,0
odepe_shade,latent_subpopulation_branch,1em8,4,latent_subpopulation_branch_4_1em8,DONE,local,2.822856079210476,0.5859058893372617,6,1,0
odepe_shade,latent_subpopulation_branch,1em8,5,latent_subpopulation_branch_5_1em8,DONE,local,1.0664446403646461,0.0763604675377583,6,1,0
odepe_shade,latent_subpopulation_branch,1em8,6,latent_subpopulation_branch_6_1em8,DONE,local,2.593753258855879,0.36804922579956534,6,1,0
odepe_shade,latent_subpopulation_branch,1em8,7,latent_subpopulation_branch_7_1em8,DONE,local,5.110293161168698,0.54279320340535,6,1,0
odepe_shade,latent_subpopulation_observed_control,1em8,0,latent_subpopulation_observed_control_0_1em8,DONE,local,2.0447728959773651e-07,3.4367944694211054e-08,6,1,1
odepe_shade,latent_subpopulation_observed_control,1em8,1,latent_subpopulation_observed_control_1_1em8,DONE,local,1.2497860531946366e-07,1.9039895493283626e-08,6,1,1
odepe_shade,latent_subpopulation_observed_control,1em8,2,latent_subpopulation_observed_control_2_1em8,DONE,local,1.1129589816260172e-08,5.955738918283577e-09,6,1,1
odepe_shade,latent_subpopulation_observed_control,1em8,3,latent_subpopulation_observed_control_3_1em8,DONE,local,2.9084482112668573e-08,4.172869226900986e-09,6,1,1
odepe_shade,latent_subpopulation_observed_control,1em8,4,latent_subpopulation_observed_control_4_1em8,DONE,local,6.143348798420822e-08,6.735228953241278e-09,6,1,1
odepe_shade,latent_subpopulation_observed_control,1em8,5,latent_subpopulation_observed_control_5_1em8,DONE,local,1.1126921319604532e-08,2.9066244677158316e-09,6,1,1
odepe_shade,latent_subpopulation_observed_control,1em8,6,latent_subpopulation_observed_control_6_1em8,DONE,local,1.5712283139180305e-07,4.523571584779481e-08,6,1,1
odepe_shade,latent_subpopulation_observed_control,1em8,7,latent_subpopulation_observed_control_7_1em8,DONE,local,6.17551159019593e-08,4.247100794175574e-09,6,1,1
odepe_shade,receptor_subtype_binding_branch,1em8,0,receptor_subtype_binding_branch_0_1em8,DONE,local,0.0005861116824178248,0.00016356218739061606,6,1,1
odepe_shade,receptor_subtype_binding_branch,1em8,1,receptor_subtype_binding_branch_1_1em8,DONE,local,5.139348060337796,0.7864006566114047,6,1,0
odepe_shade,receptor_subtype_binding_branch,1em8,2,receptor_subtype_binding_branch_2_1em8,DONE,local,4.8435142197446455,0.44274995391971345,6,1,0
odepe_shade,receptor_subtype_binding_branch,1em8,3,receptor_subtype_binding_branch_3_1em8,DONE,local,0.0008340187891065081,0.0002845880960350312,6,1,1
odepe_shade,receptor_subtype_binding_branch,1em8,4,receptor_subtype_binding_branch_4_1em8,DONE,local,4.198072125483339,0.5155796149452824,6,1,0
odepe_shade,receptor_subtype_binding_branch,1em8,5,receptor_subtype_binding_branch_5_1em8,DONE,local,1.8230481626381514,0.9710130564385111,6,1,0
odepe_shade,receptor_subtype_binding_branch,1em8,6,receptor_subtype_binding_branch_6_1em8,DONE,local,1.2622035455787928,0.08253915492143021,6,1,0
odepe_shade,receptor_subtype_binding_branch,1em8,7,receptor_subtype_binding_branch_7_1em8,DONE,local,0.47742890886767764,0.03675298475572394,6,1,0
odepe_shade,receptor_subtype_binding_observed_control,1em8,0,receptor_subtype_binding_observed_control_0_1em8,DONE,local,1.0230485770129397e-07,4.6673694533733684e-08,6,1,1
odepe_shade,receptor_subtype_binding_observed_control,1em8,1,receptor_subtype_binding_observed_control_1_1em8,DONE,local,2.7143501952270947e-07,9.601045405015425e-08,6,1,1
odepe_shade,receptor_subtype_binding_observed_control,1em8,2,receptor_subtype_binding_observed_control_2_1em8,DONE,local,7.186106408036763e-07,4.4697411434731393e-07,6,1,1
odepe_shade,receptor_subtype_binding_observed_control,1em8,3,receptor_subtype_binding_observed_control_3_1em8,DONE,local,8.81494249986385e-08,4.4443279325365594e-08,6,1,1
odepe_shade,receptor_subtype_binding_observed_control,1em8,4,receptor_subtype_binding_observed_control_4_1em8,DONE,local,8.823818571756188e-07,5.661022096223258e-07,6,1,1
odepe_shade,receptor_subtype_binding_observed_control,1em8,5,receptor_subtype_binding_observed_control_5_1em8,DONE,local,5.802399712526641e-07,6.138709472378324e-08,6,1,1
odepe_shade,receptor_subtype_binding_observed_control,1em8,6,receptor_subtype_binding_observed_control_6_1em8,DONE,local,4.2838155836818364e-07,9.402021835188504e-08,6,1,1
odepe_shade,receptor_subtype_binding_observed_control,1em8,7,receptor_subtype_binding_observed_control_7_1em8,DONE,local,1.2612680632341417e-06,2.2253324125620849e-07,6,1,1
odepe_shade,aircraft_pitch,1em6,0,aircraft_pitch_0_1em6,DONE,local,7.619160964258009e-06,1.7560239858782168e-08,4,1,1
odepe_shade,aircraft_pitch,1em6,1,aircraft_pitch_1_1em6,DONE,local,5.750351694185496e-06,1.9758538003516686e-08,4,1,1
odepe_shade,aircraft_pitch,1em6,2,aircraft_pitch_2_1em6,DONE,local,5.222873533240969e-06,2.8614675397469887e-08,4,1,1
odepe_shade,aircraft_pitch,1em6,3,aircraft_pitch_3_1em6,DONE,local,1.6560548655442366e-08,1.5709950043442136e-11,4,1,1
odepe_shade,aircraft_pitch,1em6,4,aircraft_pitch_4_1em6,DONE,local,3.0877273955617794e-07,9.900094020189094e-10,4,1,1
odepe_shade,aircraft_pitch,1em6,5,aircraft_pitch_5_1em6,DONE,local,0.0004335473991522652,3.4453298547961425e-07,4,1,1
odepe_shade,aircraft_pitch,1em6,6,aircraft_pitch_6_1em6,DONE,local,7.003898814312354e-07,2.3824917698924373e-08,4,1,1
odepe_shade,aircraft_pitch,1em6,7,aircraft_pitch_7_1em6,DONE,local,5.657238729438139e-06,2.492216703634814e-08,4,1,1
odepe_shade,bicycle_model,1em6,0,bicycle_model_0_1em6,DONE,local,1.4661729604573955e-07,1.3256673296139593e-07,3,1,1
odepe_shade,bicycle_model,1em6,1,bicycle_model_1_1em6,DONE,local,6.327288880806283e-08,6.128850012598437e-08,3,1,1
odepe_shade,bicycle_model,1em6,2,bicycle_model_2_1em6,DONE,local,3.434415350211897e-08,2.6344123723098266e-08,3,1,1
odepe_shade,bicycle_model,1em6,3,bicycle_model_3_1em6,DONE,local,3.3322287028771996e-08,1.0643543182143832e-08,3,1,1
odepe_shade,bicycle_model,1em6,4,bicycle_model_4_1em6,DONE,local,5.4723301054003604e-08,5.272314202203258e-08,3,1,1
odepe_shade,bicycle_model,1em6,5,bicycle_model_5_1em6,DONE,local,1.1650661660796847e-07,1.164077275972757e-07,3,1,1
odepe_shade,bicycle_model,1em6,6,bicycle_model_6_1em6,DONE,local,2.303897468283415e-08,1.72084789110824e-08,3,1,1
odepe_shade,bicycle_model,1em6,7,bicycle_model_7_1em6,DONE,local,1.44943267124605e-08,6.804216209225352e-09,3,1,1
odepe_shade,biohydrogenation,1em6,0,biohydrogenation_0_1em6,DONE,local,0.002543693002490379,0.00020001524048706632,6,1,1
odepe_shade,biohydrogenation,1em6,1,biohydrogenation_1_1em6,DONE,local,0.01045354397906791,0.0013425673689184284,6,1,1
odepe_shade,biohydrogenation,1em6,2,biohydrogenation_2_1em6,DONE,local,5.763660374444375,0.00038409642205706346,6,1,0
odepe_shade,biohydrogenation,1em6,3,biohydrogenation_3_1em6,DONE,local,0.03133902757261363,0.00039253853683595785,6,1,1
odepe_shade,biohydrogenation,1em6,4,biohydrogenation_4_1em6,DONE,local,0.0003165641538907154,6.320984967294069e-05,6,1,1
odepe_shade,biohydrogenation,1em6,5,biohydrogenation_5_1em6,DONE,local,0.006231532746360954,0.0004266580692204043,6,1,1
odepe_shade,biohydrogenation,1em6,6,biohydrogenation_6_1em6,DONE,local,1.6290429622107225,0.4693719250056592,6,1,0
odepe_shade,biohydrogenation,1em6,7,biohydrogenation_7_1em6,DONE,local,0.02206632793616048,0.0007834588024768421,6,1,1
odepe_shade,boost_converter,1em6,0,boost_converter_0_1em6,DONE,local,1.8215392245703729e-07,2.9446843829541255e-08,3,1,1
odepe_shade,boost_converter,1em6,1,boost_converter_1_1em6,DONE,local,8.954762836707183e-08,2.352809014060092e-08,3,1,1
odepe_shade,boost_converter,1em6,2,boost_converter_2_1em6,DONE,local,6.304077240517226e-08,5.6509110056886086e-08,3,1,1
odepe_shade,boost_converter,1em6,3,boost_converter_3_1em6,DONE,local,5.446062045476186e-07,1.3869238124424922e-07,3,1,1
odepe_shade,boost_converter,1em6,4,boost_converter_4_1em6,DONE,local,4.1687782775351004e-07,7.528678641338672e-08,3,1,1
odepe_shade,boost_converter,1em6,5,boost_converter_5_1em6,DONE,local,4.6601011735427186e-08,4.832363197332953e-09,3,1,1
odepe_shade,boost_converter,1em6,6,boost_converter_6_1em6,DONE,local,3.248523855679497e-07,1.58917996753894e-07,3,1,1
odepe_shade,boost_converter,1em6,7,boost_converter_7_1em6,DONE,local,3.3834839018231663e-07,1.5717467833888878e-07,3,1,1
odepe_shade,brusselator,1em6,0,brusselator_0_1em6,DONE,local,8.156061060346732e-07,4.083379951552959e-07,2,1,1
odepe_shade,brusselator,1em6,1,brusselator_1_1em6,DONE,local,5.456702494039048e-06,2.7327920497096385e-06,2,1,1
odepe_shade,brusselator,1em6,2,brusselator_2_1em6,DONE,local,7.500389508717493e-06,3.7514656147358056e-06,2,1,1
odepe_shade,brusselator,1em6,3,brusselator_3_1em6,DONE,local,4.194230822383977e-06,2.1126438724315563e-06,2,1,1
odepe_shade,brusselator,1em6,4,brusselator_4_1em6,DONE,local,7.15794365059799e-06,3.579327883038711e-06,2,1,1
odepe_shade,brusselator,1em6,5,brusselator_5_1em6,DONE,local,0.8673694366212419,0.8464664435138293,2,1,0
odepe_shade,brusselator,1em6,6,brusselator_6_1em6,DONE,local,3.7878907541170697,2.2771396603388694,2,1,0
odepe_shade,brusselator,1em6,7,brusselator_7_1em6,DONE,local,0.7021654408236497,0.3510827342068007,2,1,0
odepe_shade,crauste,1em6,0,crauste_0_1em6,DONE,local,0.9999424439293668,0.005210458061311481,12,1,0
odepe_shade,crauste,1em6,1,crauste_1_1em6,DONE,local,12.233784712618293,0.9991891415392564,12,1,0
odepe_shade,crauste,1em6,2,crauste_2_1em6,DONE,local,21.271714922049,0.9213476701405852,12,1,0
odepe_shade,crauste,1em6,3,crauste_3_1em6,DONE,local,12.831258644536655,0.9050621492534945,12,1,0
odepe_shade,crauste,1em6,4,crauste_4_1em6,DONE,local,15.110214955063311,0.9988030899726652,12,1,0
odepe_shade,crauste,1em6,5,crauste_5_1em6,DONE,local,12.175230566534916,0.9542590839835773,12,1,0
odepe_shade,crauste,1em6,6,crauste_6_1em6,DONE,local,1.591679293129472,0.0055275319568209086,12,1,0
odepe_shade,crauste,1em6,7,crauste_7_1em6,DONE,local,12.150624562127717,0.9074396340285402,12,1,0
odepe_shade,cstr,1em6,0,cstr_0_1em6,DONE,local,16.793592882201526,3.6012113723933575e-06,4,1,0
odepe_shade,cstr,1em6,1,cstr_1_1em6,DONE,local,0.11056479713535436,2.691738747501304e-06,4,1,0
odepe_shade,cstr,1em6,2,cstr_2_1em6,DONE,local,0.9999264705882352,0.03637464247969898,4,1,0
odepe_shade,cstr,1em6,3,cstr_3_1em6,DONE,local,17.050537033302227,1.2527287763310583e-06,4,1,0
odepe_shade,cstr,1em6,4,cstr_4_1em6,DONE,local,0.0033727557097440078,3.604928902816715e-05,4,1,1
odepe_shade,cstr,1em6,5,cstr_5_1em6,DONE,local,0.4107333244715925,0.0008024984281518162,4,1,0
odepe_shade,cstr,1em6,6,cstr_6_1em6,DONE,local,26.027027027027035,0.028529760747633276,4,1,0
odepe_shade,cstr,1em6,7,cstr_7_1em6,DONE,local,0.00156739037087139,7.33959814594752e-06,4,1,1
odepe_shade,daisy_mamil3,1em6,0,daisy_mamil3_0_1em6,DONE,local,1.9137015958410093e-05,1.9057963092424019e-06,5,1,1
odepe_shade,daisy_mamil3,1em6,1,daisy_mamil3_1_1em6,DONE,local,8.466434948740227e-06,5.459824753097407e-07,5,1,1
odepe_shade,daisy_mamil3,1em6,2,daisy_mamil3_2_1em6,DONE,local,8.716592166699596e-06,1.4554124873298003e-06,5,1,1
odepe_shade,daisy_mamil3,1em6,3,daisy_mamil3_3_1em6,DONE,local,2.507418149346235e-06,4.3662467286094314e-07,5,1,1
odepe_shade,daisy_mamil3,1em6,4,daisy_mamil3_4_1em6,DONE,local,4.829383185626622e-06,1.5266157604007435e-06,5,1,1
odepe_shade,daisy_mamil3,1em6,5,daisy_mamil3_5_1em6,DONE,local,2.4988562620014808e-05,7.330967552007933e-06,5,1,1
odepe_shade,daisy_mamil3,1em6,6,daisy_mamil3_6_1em6,DONE,local,1.1425051417457245e-05,1.1920493408191082e-06,5,1,1
odepe_shade,daisy_mamil3,1em6,7,daisy_mamil3_7_1em6,DONE,local,9.770293561091068e-05,3.5757105884608247e-06,5,1,1
odepe_shade,daisy_mamil4,1em6,0,daisy_mamil4_0_1em6,DONE,local,0.8817983222685558,0.2516650581011106,7,1,0
odepe_shade,daisy_mamil4,1em6,1,daisy_mamil4_1_1em6,DONE,local,0.0021889506953763106,0.00013901945460188694,7,1,1
odepe_shade,daisy_mamil4,1em6,2,daisy_mamil4_2_1em6,DONE,local,2.9773020212263845,0.5756516543959644,7,1,0
odepe_shade,daisy_mamil4,1em6,3,daisy_mamil4_3_1em6,DONE,local,9.987595123195292e-05,9.36547939548828e-05,7,1,1
odepe_shade,daisy_mamil4,1em6,4,daisy_mamil4_4_1em6,DONE,local,0.003194577549715155,0.0002719140559528154,7,1,1
odepe_shade,daisy_mamil4,1em6,5,daisy_mamil4_5_1em6,DONE,local,0.005158363727770068,0.0005731797743003675,7,1,1
odepe_shade,daisy_mamil4,1em6,6,daisy_mamil4_6_1em6,DONE,local,1.5234720211432704,0.23607795025019493,7,1,0
odepe_shade,daisy_mamil4,1em6,7,daisy_mamil4_7_1em6,DONE,local,0.0001821305981601194,4.474370313756262e-06,7,1,1
odepe_shade,dc_motor,1em6,0,dc_motor_0_1em6,DONE,local,9.829645048054482e-07,5.03818622058593e-07,2,1,1
odepe_shade,dc_motor,1em6,1,dc_motor_1_1em6,DONE,local,6.286653716400018e-08,4.349204475901101e-08,2,1,1
odepe_shade,dc_motor,1em6,2,dc_motor_2_1em6,DONE,local,8.199562813238754e-07,4.124409009174397e-07,2,1,1
odepe_shade,dc_motor,1em6,3,dc_motor_3_1em6,DONE,local,1.6109902582364704e-06,8.311803853164188e-07,2,1,1
odepe_shade,dc_motor,1em6,4,dc_motor_4_1em6,DONE,local,7.570703064889384e-07,3.9688669526608416e-07,2,1,1
odepe_shade,dc_motor,1em6,5,dc_motor_5_1em6,DONE,local,8.553598735485624e-07,4.5560149209661146e-07,2,1,1
odepe_shade,dc_motor,1em6,6,dc_motor_6_1em6,DONE,local,3.5334660577237413e-07,1.8563702610768507e-07,2,1,1
odepe_shade,dc_motor,1em6,7,dc_motor_7_1em6,DONE,local,9.91450286294711e-07,5.326891389794823e-07,2,1,1
odepe_shade,fitzhugh_nagumo,1em6,0,fitzhugh_nagumo_0_1em6,DONE,local,0.0005955155869914147,0.00019808462523561416,3,1,1
odepe_shade,fitzhugh_nagumo,1em6,1,fitzhugh_nagumo_1_1em6,DONE,local,0.00034595433439150894,9.905889111024032e-05,3,1,1
odepe_shade,fitzhugh_nagumo,1em6,2,fitzhugh_nagumo_2_1em6,DONE,local,0.0002758310383685868,7.768232885374215e-05,3,1,1
odepe_shade,fitzhugh_nagumo,1em6,3,fitzhugh_nagumo_3_1em6,DONE,local,3.066943946932285e-05,3.064795415693585e-05,3,1,1
odepe_shade,fitzhugh_nagumo,1em6,4,fitzhugh_nagumo_4_1em6,DONE,local,0.023500313664645844,0.0022843197516185577,3,1,1
odepe_shade,fitzhugh_nagumo,1em6,5,fitzhugh_nagumo_5_1em6,DONE,local,0.0006641419297728365,0.0004883940521811945,3,1,1
odepe_shade,fitzhugh_nagumo,1em6,6,fitzhugh_nagumo_6_1em6,DONE,local,0.00033633356549589124,0.0002719449456752737,3,1,1
odepe_shade,fitzhugh_nagumo,1em6,7,fitzhugh_nagumo_7_1em6,DONE,local,0.001371153945465313,0.00044993232168515497,3,1,1
odepe_shade,flexible_arm,1em6,0,flexible_arm_0_1em6,DONE,local,0.879807429577424,0.8755600232637026,5,1,0
odepe_shade,flexible_arm,1em6,1,flexible_arm_1_1em6,DONE,local,5.0283810455545725e-05,3.192607589899485e-05,5,1,1
odepe_shade,flexible_arm,1em6,2,flexible_arm_2_1em6,DONE,local,0.00022634749261198428,7.332160901902297e-05,5,1,1
odepe_shade,flexible_arm,1em6,3,flexible_arm_3_1em6,DONE,local,5.7847950214869927e-05,3.297666792180983e-05,5,1,1
odepe_shade,flexible_arm,1em6,4,flexible_arm_4_1em6,DONE,local,2.384335113281702e-05,1.2392876747694813e-05,5,1,1
odepe_shade,flexible_arm,1em6,5,flexible_arm_5_1em6,DONE,local,3.4371384603676556,0.999214825884808,5,1,0
odepe_shade,flexible_arm,1em6,6,flexible_arm_6_1em6,DONE,local,5.105808119925308e-05,2.800854137926695e-05,5,1,1
odepe_shade,flexible_arm,1em6,7,flexible_arm_7_1em6,DONE,local,4.156468506826522e-05,1.4008376270625182e-05,5,1,1
odepe_shade,forced_lotka_volterra,1em6,0,forced_lotka_volterra_0_1em6,DONE,local,1.5287471383186821e-07,1.0467730115141647e-07,4,1,1
odepe_shade,forced_lotka_volterra,1em6,1,forced_lotka_volterra_1_1em6,DONE,local,5.780177292874629e-08,1.974090294859334e-08,4,1,1
odepe_shade,forced_lotka_volterra,1em6,2,forced_lotka_volterra_2_1em6,DONE,local,0.9999864130434784,0.9079032352588247,4,1,0
odepe_shade,forced_lotka_volterra,1em6,3,forced_lotka_volterra_3_1em6,DONE,local,8.556039921697733e-08,7.03322203171776e-08,4,1,1
odepe_shade,forced_lotka_volterra,1em6,4,forced_lotka_volterra_4_1em6,DONE,local,3.16507990931441e-08,1.2734159305631169e-08,4,1,1
odepe_shade,forced_lotka_volterra,1em6,5,forced_lotka_volterra_5_1em6,DONE,local,22.56037331538301,7.989777836297225,4,1,0
odepe_shade,forced_lotka_volterra,1em6,6,forced_lotka_volterra_6_1em6,DONE,local,2.3282907256628722e-06,1.8614592794841827e-07,4,1,1
odepe_shade,forced_lotka_volterra,1em6,7,forced_lotka_volterra_7_1em6,DONE,local,1.7416952206235072e-07,9.458894162957749e-08,4,1,1
odepe_shade,harmonic_oscillator,1em6,0,harmonic_oscillator_0_1em6,DONE,local,8.115287522569085e-09,6.4454629722973204e-09,2,1,1
odepe_shade,harmonic_oscillator,1em6,1,harmonic_oscillator_1_1em6,DONE,local,1.4671802705390567e-09,1.4203138432137499e-09,2,1,1
odepe_shade,harmonic_oscillator,1em6,2,harmonic_oscillator_2_1em6,DONE,local,3.9338429805885434e-10,3.153987979461129e-10,2,1,1
odepe_shade,harmonic_oscillator,1em6,3,harmonic_oscillator_3_1em6,DONE,local,6.698632578333246e-10,5.414858221977181e-10,2,1,1
odepe_shade,harmonic_oscillator,1em6,4,harmonic_oscillator_4_1em6,DONE,local,2.039684854349133e-08,1.9304965044307455e-08,2,1,1
odepe_shade,harmonic_oscillator,1em6,5,harmonic_oscillator_5_1em6,DONE,local,8.044965205401596e-09,6.3521372268132294e-09,2,1,1
odepe_shade,harmonic_oscillator,1em6,6,harmonic_oscillator_6_1em6,DONE,local,6.168355457877119e-08,4.2794012087031116e-08,2,1,1
odepe_shade,harmonic_oscillator,1em6,7,harmonic_oscillator_7_1em6,DONE,local,7.682028186746076e-10,6.620914159732807e-10,2,1,1
odepe_shade,hiv,1em6,0,hiv_0_1em6,DONE,local,0.0014068902035947646,5.572172088112822e-05,10,1,1
odepe_shade,hiv,1em6,1,hiv_1_1em6,DONE,local,0.0030368367328951007,0.00016928352378777788,10,1,1
odepe_shade,hiv,1em6,2,hiv_2_1em6,DONE,local,0.0015365810204286336,9.600540616480112e-05,10,1,1
odepe_shade,hiv,1em6,3,hiv_3_1em6,DONE,local,9.378478655013136e-05,3.620241792582331e-06,10,1,1
odepe_shade,hiv,1em6,4,hiv_4_1em6,DONE,local,0.00023586057211912387,4.654503908720088e-06,10,1,1
odepe_shade,hiv,1em6,5,hiv_5_1em6,DONE,local,0.9999635258244285,0.9293512607113406,10,1,0
odepe_shade,hiv,1em6,6,hiv_6_1em6,DONE,local,0.0019440354816957948,4.010297851219551e-05,10,1,1
odepe_shade,hiv,1em6,7,hiv_7_1em6,DONE,local,0.00122544012629155,2.2465552623564682e-05,10,1,1
odepe_shade,lotka_volterra,1em6,0,lotka_volterra_0_1em6,DONE,local,6.690657156472742e-06,1.0264388597658976e-06,3,1,1
odepe_shade,lotka_volterra,1em6,1,lotka_volterra_1_1em6,DONE,local,2.0401013207011063e-07,1.5530769236947842e-07,3,1,1
odepe_shade,lotka_volterra,1em6,2,lotka_volterra_2_1em6,DONE,local,3.1658264158333324e-08,3.158661341050339e-08,3,1,1
odepe_shade,lotka_volterra,1em6,3,lotka_volterra_3_1em6,DONE,local,4.63653804759337,3.0635540581476253,3,1,0
odepe_shade,lotka_volterra,1em6,4,lotka_volterra_4_1em6,DONE,local,3.959869908039997e-07,2.8890135226640037e-07,3,1,1
odepe_shade,lotka_volterra,1em6,5,lotka_volterra_5_1em6,DONE,local,3.570213653420446e-07,1.4087414632756908e-07,3,1,1
odepe_shade,lotka_volterra,1em6,6,lotka_volterra_6_1em6,DONE,local,5.773785494073561e-07,3.742576739825666e-07,3,1,1
odepe_shade,lotka_volterra,1em6,7,lotka_volterra_7_1em6,DONE,local,10.053961897238558,6.606331513265378,3,1,0
odepe_shade,mass_spring_damper,1em6,0,mass_spring_damper_0_1em6,DONE,local,1.4608377215079669e-07,1.0701978077564903e-07,3,1,1
odepe_shade,mass_spring_damper,1em6,1,mass_spring_damper_1_1em6,DONE,local,1.4297021658347892e-07,2.1005701451752675e-08,3,1,1
odepe_shade,mass_spring_damper,1em6,2,mass_spring_damper_2_1em6,DONE,local,1.3433501066961515e-07,1.5708533377903804e-08,3,1,1
odepe_shade,mass_spring_damper,1em6,3,mass_spring_damper_3_1em6,DONE,local,6.309525851980096e-08,2.1954105765449152e-08,3,1,1
odepe_shade,mass_spring_damper,1em6,4,mass_spring_damper_4_1em6,DONE,local,8.151817304018006e-08,7.088130650019135e-08,3,1,1
odepe_shade,mass_spring_damper,1em6,5,mass_spring_damper_5_1em6,DONE,local,4.730610894191902e-07,6.391625881045962e-08,3,1,1
odepe_shade,mass_spring_damper,1em6,6,mass_spring_damper_6_1em6,DONE,local,3.313572234058577e-08,2.750766017084196e-08,3,1,1
odepe_shade,mass_spring_damper,1em6,7,mass_spring_damper_7_1em6,DONE,local,5.322745279611183e-07,3.61387306861068e-08,3,1,1
odepe_shade,quadrotor,1em6,0,quadrotor_0_1em6,DONE,local,3.047370736035139e-07,2.2611690919057704e-07,2,1,1
odepe_shade,quadrotor,1em6,1,quadrotor_1_1em6,DONE,local,1.72833429729711e-07,1.7080259701088995e-07,2,1,1
odepe_shade,quadrotor,1em6,2,quadrotor_2_1em6,DONE,local,8.46097503334263e-07,5.296788355260883e-07,2,1,1
odepe_shade,quadrotor,1em6,3,quadrotor_3_1em6,DONE,local,2.5179347322655858e-06,1.6837393953192975e-06,2,1,1
odepe_shade,quadrotor,1em6,4,quadrotor_4_1em6,DONE,local,9.314082653525963e-07,6.469691622072584e-07,2,1,1
odepe_shade,quadrotor,1em6,5,quadrotor_5_1em6,DONE,local,4.93458659538798e-07,3.6648528985617985e-07,2,1,1
odepe_shade,quadrotor,1em6,6,quadrotor_6_1em6,DONE,local,1.0762619736515007e-06,6.371495706657925e-07,2,1,1
odepe_shade,quadrotor,1em6,7,quadrotor_7_1em6,DONE,local,2.5411434649635383e-06,1.2806153754942226e-06,2,1,1
odepe_shade,repressilator,1em6,0,repressilator_0_1em6,DONE,local,6.422099235648951e-07,3.0310247308744544e-07,3,1,1
odepe_shade,repressilator,1em6,1,repressilator_1_1em6,DONE,local,1.514723218919164e-06,9.760948490416178e-07,3,1,1
odepe_shade,repressilator,1em6,2,repressilator_2_1em6,DONE,local,4.6213892958459007e-07,3.5766127479676266e-07,3,1,1
odepe_shade,repressilator,1em6,3,repressilator_3_1em6,DONE,local,1.865074760185041e-06,8.649820910230784e-07,3,1,1
odepe_shade,repressilator,1em6,4,repressilator_4_1em6,DONE,local,7.090130432155701e-07,4.398385003319898e-07,3,1,1
odepe_shade,repressilator,1em6,5,repressilator_5_1em6,DONE,local,9.511221253450385e-07,6.605560314418443e-07,3,1,1
odepe_shade,repressilator,1em6,6,repressilator_6_1em6,DONE,local,3.1623976402799547e-07,2.0650761606012681e-07,3,1,1
odepe_shade,repressilator,1em6,7,repressilator_7_1em6,DONE,local,1.2379023376852661e-06,5.02680770988385e-07,3,1,1
odepe_shade,seir,1em6,0,seir_0_1em6,DONE,local,1.218708864246586,0.988629884980733,3,1,0
odepe_shade,seir,1em6,1,seir_1_1em6,DONE,local,0.0015231885999510302,0.0005079311917777855,3,1,1
odepe_shade,seir,1em6,2,seir_2_1em6,DONE,local,0.2758641814662551,0.21618495625438702,3,1,0
odepe_shade,seir,1em6,3,seir_3_1em6,DONE,local,0.0003821751164972781,0.0003819800156531929,3,1,1
odepe_shade,seir,1em6,4,seir_4_1em6,DONE,local,0.18021036967675813,0.17872797561989784,3,1,0
odepe_shade,seir,1em6,5,seir_5_1em6,DONE,local,6.401176389219002e-05,6.307705038918159e-05,3,1,1
odepe_shade,seir,1em6,6,seir_6_1em6,DONE,local,1.1196869656205397,0.3360926163770712,3,1,0
odepe_shade,seir,1em6,7,seir_7_1em6,DONE,local,0.019259783456166624,0.01190435267210327,3,1,1
odepe_shade,slow_fast,1em6,0,slow_fast_0_1em6,DONE,local,3.148405086463046e-06,1.957763181597545e-06,2,1,1
odepe_shade,slow_fast,1em6,1,slow_fast_1_1em6,DONE,local,0.9042992892696172,0.776725401497403,2,1,0
odepe_shade,slow_fast,1em6,2,slow_fast_2_1em6,DONE,local,1.829005654676398e-06,1.3819066471273717e-06,2,1,1
odepe_shade,slow_fast,1em6,3,slow_fast_3_1em6,DONE,local,5.293363038217172e-05,3.186321805447213e-05,2,1,1
odepe_shade,slow_fast,1em6,4,slow_fast_4_1em6,DONE,local,2.4392402302717247e-06,1.7154086203142239e-06,2,1,1
odepe_shade,slow_fast,1em6,5,slow_fast_5_1em6,DONE,local,1.8668414817586824e-06,1.4585047197506429e-06,2,1,1
odepe_shade,slow_fast,1em6,6,slow_fast_6_1em6,DONE,local,3.2517005136855755e-06,3.0927998135334905e-06,2,1,1
odepe_shade,slow_fast,1em6,7,slow_fast_7_1em6,DONE,local,2.50479661131325e-05,1.3422978204558026e-05,2,1,1
odepe_shade,sirt_treatment,1em6,0,sirt_treatment_0_1em6,DONE,local,2.5469318817993354e-05,3.55745968287465e-06,5,1,1
odepe_shade,sirt_treatment,1em6,1,sirt_treatment_1_1em6,DONE,local,0.999819038241472,0.03542708525830121,5,1,0
odepe_shade,sirt_treatment,1em6,2,sirt_treatment_2_1em6,DONE,local,0.00023650387088675526,1.5001148826645932e-05,5,1,1
odepe_shade,sirt_treatment,1em6,3,sirt_treatment_3_1em6,DONE,local,4.869944412763419e-05,8.659435461051692e-07,5,1,1
odepe_shade,sirt_treatment,1em6,4,sirt_treatment_4_1em6,DONE,local,1.3482753928251156e-05,1.602367772195448e-06,5,1,1
odepe_shade,sirt_treatment,1em6,5,sirt_treatment_5_1em6,DONE,local,7.989429666116188e-05,5.9330203318553186e-06,5,1,1
odepe_shade,sirt_treatment,1em6,6,sirt_treatment_6_1em6,DONE,local,5.636969956101473e-05,8.619341284607808e-06,5,1,1
odepe_shade,sirt_treatment,1em6,7,sirt_treatment_7_1em6,DONE,local,0.00034912569282190633,2.473755715619233e-05,5,1,1
odepe_shade,vanderpol,1em6,0,vanderpol_0_1em6,DONE,local,5.422022413931714e-09,2.813697509315706e-09,2,1,1
odepe_shade,vanderpol,1em6,1,vanderpol_1_1em6,DONE,local,9.65948023109299e-09,4.8852424924344936e-09,2,1,1
odepe_shade,vanderpol,1em6,2,vanderpol_2_1em6,DONE,local,3.689380698060968e-09,2.269020425378413e-09,2,1,1
odepe_shade,vanderpol,1em6,3,vanderpol_3_1em6,DONE,local,1.9784171434608557e-08,1.1215635796832706e-08,2,1,1
odepe_shade,vanderpol,1em6,4,vanderpol_4_1em6,DONE,local,8.546883146575893e-09,4.3521380623209785e-09,2,1,1
odepe_shade,vanderpol,1em6,5,vanderpol_5_1em6,DONE,local,2.7793430382231583e-07,1.6965138035925782e-07,2,1,1
odepe_shade,vanderpol,1em6,6,vanderpol_6_1em6,DONE,local,3.557207979584287e-08,1.980582381647817e-08,2,1,1
odepe_shade,vanderpol,1em6,7,vanderpol_7_1em6,DONE,local,6.91228536499418e-10,3.8671494433950947e-10,2,1,1
odepe_shade,latent_subpopulation_branch,1em6,0,latent_subpopulation_branch_0_1em6,DONE,local,0.8908102380586979,0.2494882446996024,6,1,0
odepe_shade,latent_subpopulation_branch,1em6,1,latent_subpopulation_branch_1_1em6,DONE,local,0.04207965212404128,0.017732814300149388,6,1,1
odepe_shade,latent_subpopulation_branch,1em6,2,latent_subpopulation_branch_2_1em6,DONE,local,1.2045827228785353,0.5907968135730843,6,1,0
odepe_shade,latent_subpopulation_branch,1em6,3,latent_subpopulation_branch_3_1em6,DONE,local,0.1951037733241166,0.14046129363908708,6,1,0
odepe_shade,latent_subpopulation_branch,1em6,4,latent_subpopulation_branch_4_1em6,DONE,local,1.27502352182322,0.34767802788542973,6,1,0
odepe_shade,latent_subpopulation_branch,1em6,5,latent_subpopulation_branch_5_1em6,DONE,local,1.5189902572395662,0.10272031728636988,6,1,0
odepe_shade,latent_subpopulation_branch,1em6,6,latent_subpopulation_branch_6_1em6,DONE,local,0.00021891957779882908,2.0928368247607904e-05,6,1,1
odepe_shade,latent_subpopulation_branch,1em6,7,latent_subpopulation_branch_7_1em6,DONE,local,0.015612340972359374,0.0014154611359022242,6,1,1
odepe_shade,latent_subpopulation_observed_control,1em6,0,latent_subpopulation_observed_control_0_1em6,DONE,local,1.0998219256361495e-06,5.358962937299682e-07,6,1,1
odepe_shade,latent_subpopulation_observed_control,1em6,1,latent_subpopulation_observed_control_1_1em6,DONE,local,1.3552167997381651e-05,1.201759065653481e-06,6,1,1
odepe_shade,latent_subpopulation_observed_control,1em6,2,latent_subpopulation_observed_control_2_1em6,DONE,local,1.5210275099051859e-06,2.4543297460049065e-07,6,1,1
odepe_shade,latent_subpopulation_observed_control,1em6,3,latent_subpopulation_observed_control_3_1em6,DONE,local,2.2105093556187334e-06,3.01636325027664e-07,6,1,1
odepe_shade,latent_subpopulation_observed_control,1em6,4,latent_subpopulation_observed_control_4_1em6,DONE,local,4.127209490217214e-06,3.0600199332734016e-07,6,1,1
odepe_shade,latent_subpopulation_observed_control,1em6,5,latent_subpopulation_observed_control_5_1em6,DONE,local,9.30678653037077e-07,1.170732370319766e-07,6,1,1
odepe_shade,latent_subpopulation_observed_control,1em6,6,latent_subpopulation_observed_control_6_1em6,DONE,local,2.8252779454058734e-05,1.410651584683689e-06,6,1,1
odepe_shade,latent_subpopulation_observed_control,1em6,7,latent_subpopulation_observed_control_7_1em6,DONE,local,4.90216856829928e-06,6.182151370431386e-07,6,1,1
odepe_shade,receptor_subtype_binding_branch,1em6,0,receptor_subtype_binding_branch_0_1em6,FAILURE,,,,,,0
odepe_shade,receptor_subtype_binding_branch,1em6,1,receptor_subtype_binding_branch_1_1em6,FAILURE,,,,,,0
odepe_shade,receptor_subtype_binding_branch,1em6,2,receptor_subtype_binding_branch_2_1em6,FAILURE,,,,,,0
odepe_shade,receptor_subtype_binding_branch,1em6,3,receptor_subtype_binding_branch_3_1em6,FAILURE,,,,,,0
odepe_shade,receptor_subtype_binding_branch,1em6,4,receptor_subtype_binding_branch_4_1em6,FAILURE,,,,,,0
odepe_shade,receptor_subtype_binding_branch,1em6,5,receptor_subtype_binding_branch_5_1em6,FAILURE,,,,,,0
odepe_shade,receptor_subtype_binding_branch,1em6,6,receptor_subtype_binding_branch_6_1em6,FAILURE,,,,,,0
odepe_shade,receptor_subtype_binding_branch,1em6,7,receptor_subtype_binding_branch_7_1em6,FAILURE,,,,,,0
odepe_shade,receptor_subtype_binding_observed_control,1em6,0,receptor_subtype_binding_observed_control_0_1em6,DONE,local,7.190902635422841e-06,3.874615931306961e-06,6,1,1
odepe_shade,receptor_subtype_binding_observed_control,1em6,1,receptor_subtype_binding_observed_control_1_1em6,DONE,local,5.4056585624530205e-05,1.4585029264849316e-05,6,1,1
odepe_shade,receptor_subtype_binding_observed_control,1em6,2,receptor_subtype_binding_observed_control_2_1em6,DONE,local,5.8740480079533076e-05,2.5231863192052764e-05,6,1,1
odepe_shade,receptor_subtype_binding_observed_control,1em6,3,receptor_subtype_binding_observed_control_3_1em6,DONE,local,2.502388998917576e-05,3.0862298503319673e-06,6,1,1
odepe_shade,receptor_subtype_binding_observed_control,1em6,4,receptor_subtype_binding_observed_control_4_1em6,DONE,local,0.00034945760679328626,2.652372276416257e-05,6,1,1
odepe_shade,receptor_subtype_binding_observed_control,1em6,5,receptor_subtype_binding_observed_control_5_1em6,DONE,local,1.689957093170642e-05,1.8814144091342384e-06,6,1,1
odepe_shade,receptor_subtype_binding_observed_control,1em6,6,receptor_subtype_binding_observed_control_6_1em6,DONE,local,1.776021919739939e-05,3.3264409130485254e-06,6,1,1
odepe_shade,receptor_subtype_binding_observed_control,1em6,7,receptor_subtype_binding_observed_control_7_1em6,DONE,local,1.786317520209824e-05,1.0135212539254744e-05,6,1,1
odepe_shade,aircraft_pitch,1em4,0,aircraft_pitch_0_1em4,DONE,local,0.0002918116101609634,7.089697105344368e-07,4,1,1
odepe_shade,aircraft_pitch,1em4,1,aircraft_pitch_1_1em4,DONE,local,0.00043815909824047346,1.0373424927677161e-06,4,1,1
odepe_shade,aircraft_pitch,1em4,2,aircraft_pitch_2_1em4,DONE,local,0.0005657162149177672,3.0229529761657574e-06,4,1,1
odepe_shade,aircraft_pitch,1em4,3,aircraft_pitch_3_1em4,DONE,local,2.9802043097570563e-05,2.883347619781247e-07,4,1,1
odepe_shade,aircraft_pitch,1em4,4,aircraft_pitch_4_1em4,DONE,local,6.945012761682055e-05,2.1137376864109812e-07,4,1,1
odepe_shade,aircraft_pitch,1em4,5,aircraft_pitch_5_1em4,DONE,local,0.03271906631141974,2.9351861206717e-05,4,1,1
odepe_shade,aircraft_pitch,1em4,6,aircraft_pitch_6_1em4,DONE,local,0.0009080305127138878,1.9393395457115403e-06,4,1,1
odepe_shade,aircraft_pitch,1em4,7,aircraft_pitch_7_1em4,DONE,local,2.857324717401972e-05,1.649520785462892e-06,4,1,1
odepe_shade,bicycle_model,1em4,0,bicycle_model_0_1em4,DONE,local,4.978504633618081e-06,3.872592106065239e-06,3,1,1
odepe_shade,bicycle_model,1em4,1,bicycle_model_1_1em4,DONE,local,9.236605526587286e-06,8.929359353809066e-06,3,1,1
odepe_shade,bicycle_model,1em4,2,bicycle_model_2_1em4,DONE,local,4.0046540307331615e-06,2.833137552338272e-06,3,1,1
odepe_shade,bicycle_model,1em4,3,bicycle_model_3_1em4,DONE,local,2.682356147371748e-06,2.1489404633060993e-06,3,1,1
odepe_shade,bicycle_model,1em4,4,bicycle_model_4_1em4,DONE,local,5.147291034413658e-06,5.028889799060937e-06,3,1,1
odepe_shade,bicycle_model,1em4,5,bicycle_model_5_1em4,DONE,local,1.7273109521096448e-05,1.630060976348382e-05,3,1,1
odepe_shade,bicycle_model,1em4,6,bicycle_model_6_1em4,DONE,local,5.855572900920136e-06,4.625286462784029e-06,3,1,1
odepe_shade,bicycle_model,1em4,7,bicycle_model_7_1em4,DONE,local,1.0925875227469782e-06,5.739068415305443e-07,3,1,1
odepe_shade,biohydrogenation,1em4,0,biohydrogenation_0_1em4,DONE,local,1.0345936576964285,0.13668811874198117,6,1,0
odepe_shade,biohydrogenation,1em4,1,biohydrogenation_1_1em4,DONE,local,1.126266203505822,0.057127108619381944,6,1,0
odepe_shade,biohydrogenation,1em4,2,biohydrogenation_2_1em4,DONE,local,4.6128447018810075,0.020767503978180068,6,1,0
odepe_shade,biohydrogenation,1em4,3,biohydrogenation_3_1em4,DONE,local,0.7269996082454,0.023736130820554428,6,1,0
odepe_shade,biohydrogenation,1em4,4,biohydrogenation_4_1em4,DONE,local,0.03674974637060583,0.007897675042767307,6,1,1
odepe_shade,biohydrogenation,1em4,5,biohydrogenation_5_1em4,DONE,local,4.896420263216405,0.05458256085918843,6,1,0
odepe_shade,biohydrogenation,1em4,6,biohydrogenation_6_1em4,DONE,local,5.126985127457895,0.47293697367228316,6,1,0
odepe_shade,biohydrogenation,1em4,7,biohydrogenation_7_1em4,DONE,local,0.6130233877128932,0.05214557103250832,6,1,0
odepe_shade,boost_converter,1em4,0,boost_converter_0_1em4,DONE,local,1.2944428225423117e-05,3.0167093641633075e-06,3,1,1
odepe_shade,boost_converter,1em4,1,boost_converter_1_1em4,DONE,local,2.8463917141377026e-05,2.098085595850411e-05,3,1,1
odepe_shade,boost_converter,1em4,2,boost_converter_2_1em4,DONE,local,1.633879388418295e-05,1.1683186174479209e-05,3,1,1
odepe_shade,boost_converter,1em4,3,boost_converter_3_1em4,DONE,local,6.238292414586172e-05,3.1371429378334085e-05,3,1,1
odepe_shade,boost_converter,1em4,4,boost_converter_4_1em4,DONE,local,1.4047849790418529e-05,4.3060481116732706e-06,3,1,1
odepe_shade,boost_converter,1em4,5,boost_converter_5_1em4,DONE,local,6.0362163297509794e-05,5.310741493674785e-05,3,1,1
odepe_shade,boost_converter,1em4,6,boost_converter_6_1em4,DONE,local,5.917352051813076e-06,1.9123593407100312e-07,3,1,1
odepe_shade,boost_converter,1em4,7,boost_converter_7_1em4,DONE,local,4.601368243100662e-05,3.320077097545632e-05,3,1,1
odepe_shade,brusselator,1em4,0,brusselator_0_1em4,DONE,local,0.0003104904574357308,0.00015651208615841483,2,1,1
odepe_shade,brusselator,1em4,1,brusselator_1_1em4,DONE,local,0.00236422985251936,0.0011826419008658896,2,1,1
odepe_shade,brusselator,1em4,2,brusselator_2_1em4,DONE,local,0.0020604136499769348,0.001030338090373286,2,1,1
odepe_shade,brusselator,1em4,3,brusselator_3_1em4,DONE,local,0.00030096712947674445,0.00015095148237583936,2,1,1
odepe_shade,brusselator,1em4,4,brusselator_4_1em4,DONE,local,0.00010551673917946758,5.338902999189009e-05,2,1,1
odepe_shade,brusselator,1em4,5,brusselator_5_1em4,DONE,local,5.201424582978651,4.787218358418022,2,1,0
odepe_shade,brusselator,1em4,6,brusselator_6_1em4,DONE,local,0.8810841335868178,0.8088062825328193,2,1,0
odepe_shade,brusselator,1em4,7,brusselator_7_1em4,DONE,local,17.761726078799253,8.880863075799265,2,1,0
odepe_shade,crauste,1em4,0,crauste_0_1em4,DONE,local,0.9999627823902569,0.15718901119773115,12,1,0
odepe_shade,crauste,1em4,1,crauste_1_1em4,DONE,local,5.940710135312252,0.9859452487270876,12,1,0
odepe_shade,crauste,1em4,2,crauste_2_1em4,DONE,local,21.271714922049,0.3357813920000246,12,1,0
odepe_shade,crauste,1em4,3,crauste_3_1em4,DONE,local,3.7921016993336267,0.9203999678867917,12,1,0
odepe_shade,crauste,1em4,4,crauste_4_1em4,DONE,local,15.59077690334303,0.9987464064720537,12,1,0
odepe_shade,crauste,1em4,5,crauste_5_1em4,DONE,local,12.175230566534916,0.7792608249696984,12,1,0
odepe_shade,crauste,1em4,6,crauste_6_1em4,DONE,local,0.010744811504115014,0.00011892167893010384,12,1,1
odepe_shade,crauste,1em4,7,crauste_7_1em4,DONE,local,2.6011328090154624,0.9978950491762357,12,1,0
odepe_shade,cstr,1em4,0,cstr_0_1em4,DONE,local,0.9999644971122792,0.0001654651708219577,4,1,0
odepe_shade,cstr,1em4,1,cstr_1_1em4,DONE,local,0.6653545334756704,6.026546387763053e-05,4,1,0
odepe_shade,cstr,1em4,2,cstr_2_1em4,DONE,local,0.9027832715045645,0.031527131028594994,4,1,0
odepe_shade,cstr,1em4,3,cstr_3_1em4,DONE,local,0.8000775584457995,1.3212385615269835e-05,4,1,0
odepe_shade,cstr,1em4,4,cstr_4_1em4,DONE,local,0.8080001108060078,0.00840921150419015,4,1,0
odepe_shade,cstr,1em4,5,cstr_5_1em4,DONE,local,0.8499708138561931,0.0017453573004675388,4,1,0
odepe_shade,cstr,1em4,6,cstr_6_1em4,DONE,local,26.027027027027035,0.02932047345548735,4,1,0
odepe_shade,cstr,1em4,7,cstr_7_1em4,DONE,local,0.5169540189992893,0.0020158177901593312,4,1,0
odepe_shade,daisy_mamil3,1em4,0,daisy_mamil3_0_1em4,DONE,local,0.016478591060627,0.002553190839413467,5,1,1
odepe_shade,daisy_mamil3,1em4,1,daisy_mamil3_1_1em4,DONE,local,0.00011267049561467714,5.6980507987841285e-05,5,1,1
odepe_shade,daisy_mamil3,1em4,2,daisy_mamil3_2_1em4,DONE,local,0.0005645331782243455,0.00013468011189978794,5,1,1
odepe_shade,daisy_mamil3,1em4,3,daisy_mamil3_3_1em4,DONE,local,0.0005224438692604932,0.00011296619999013277,5,1,1
odepe_shade,daisy_mamil3,1em4,4,daisy_mamil3_4_1em4,DONE,local,0.0004926860880313464,0.00018864167314647034,5,1,1
odepe_shade,daisy_mamil3,1em4,5,daisy_mamil3_5_1em4,DONE,local,0.010233121894506215,0.0046918978253273624,5,1,1
odepe_shade,daisy_mamil3,1em4,6,daisy_mamil3_6_1em4,DONE,local,6.493403208652609e-05,5.002328223554013e-05,5,1,1
odepe_shade,daisy_mamil3,1em4,7,daisy_mamil3_7_1em4,DONE,local,0.9999609551607737,0.3244995135193584,5,1,0
odepe_shade,daisy_mamil4,1em4,0,daisy_mamil4_0_1em4,DONE,local,0.009470221564215143,0.0031746645783863434,7,1,1
odepe_shade,daisy_mamil4,1em4,1,daisy_mamil4_1_1em4,DONE,local,0.21516781340982577,0.010312884934627405,7,1,0
odepe_shade,daisy_mamil4,1em4,2,daisy_mamil4_2_1em4,DONE,local,2.968156429722602,0.580112899624719,7,1,0
odepe_shade,daisy_mamil4,1em4,3,daisy_mamil4_3_1em4,DONE,local,0.9999757860543037,0.96908186518048,7,1,0
odepe_shade,daisy_mamil4,1em4,4,daisy_mamil4_4_1em4,DONE,local,0.44456572029228464,0.22567900280209538,7,1,0
odepe_shade,daisy_mamil4,1em4,5,daisy_mamil4_5_1em4,DONE,local,3.094162826165084,0.6023853705746076,7,1,0
odepe_shade,daisy_mamil4,1em4,6,daisy_mamil4_6_1em4,DONE,local,1.5373912149329618,0.22035997246599107,7,1,0
odepe_shade,daisy_mamil4,1em4,7,daisy_mamil4_7_1em4,DONE,local,0.035522023704069115,0.00094352079562396,7,1,1
odepe_shade,dc_motor,1em4,0,dc_motor_0_1em4,DONE,local,0.00021295190810231225,0.0001083792991406524,2,1,1
odepe_shade,dc_motor,1em4,1,dc_motor_1_1em4,DONE,local,5.868381026259732e-05,3.348649938869132e-05,2,1,1
odepe_shade,dc_motor,1em4,2,dc_motor_2_1em4,DONE,local,0.0003377004161356139,0.00016921734191774844,2,1,1
odepe_shade,dc_motor,1em4,3,dc_motor_3_1em4,DONE,local,1.9250481929992675e-05,9.805652727557458e-06,2,1,1
odepe_shade,dc_motor,1em4,4,dc_motor_4_1em4,DONE,local,3.2354161573631084e-05,1.9633022163522197e-05,2,1,1
odepe_shade,dc_motor,1em4,5,dc_motor_5_1em4,DONE,local,0.0001246084085025742,6.563821894999499e-05,2,1,1
odepe_shade,dc_motor,1em4,6,dc_motor_6_1em4,DONE,local,3.271947679666467e-05,2.105287373253452e-05,2,1,1
odepe_shade,dc_motor,1em4,7,dc_motor_7_1em4,DONE,local,0.00010978188053670011,5.532709915158115e-05,2,1,1
odepe_shade,fitzhugh_nagumo,1em4,0,fitzhugh_nagumo_0_1em4,DONE,local,0.014572510516243671,0.008247776186970368,3,1,1
odepe_shade,fitzhugh_nagumo,1em4,1,fitzhugh_nagumo_1_1em4,DONE,local,0.0022980075563927282,0.00040393580961656467,3,1,1
odepe_shade,fitzhugh_nagumo,1em4,2,fitzhugh_nagumo_2_1em4,DONE,local,0.03510907538477544,0.008463343114858404,3,1,1
odepe_shade,fitzhugh_nagumo,1em4,3,fitzhugh_nagumo_3_1em4,DONE,local,0.026297367633656105,0.01574338957403796,3,1,1
odepe_shade,fitzhugh_nagumo,1em4,4,fitzhugh_nagumo_4_1em4,DONE,local,0.8687324766425005,0.08149649362374015,3,1,0
odepe_shade,fitzhugh_nagumo,1em4,5,fitzhugh_nagumo_5_1em4,DONE,local,0.012132219574154422,0.00023795697124847834,3,1,1
odepe_shade,fitzhugh_nagumo,1em4,6,fitzhugh_nagumo_6_1em4,DONE,local,0.025857611278860968,0.005840136348273864,3,1,1
odepe_shade,fitzhugh_nagumo,1em4,7,fitzhugh_nagumo_7_1em4,DONE,local,0.07356043783729316,0.01999143257312519,3,1,1
odepe_shade,flexible_arm,1em4,0,flexible_arm_0_1em4,DONE,local,0.23846898169764816,0.2253529079595825,5,1,0
odepe_shade,flexible_arm,1em4,1,flexible_arm_1_1em4,DONE,local,0.01678681782431824,0.009409613850712534,5,1,1
odepe_shade,flexible_arm,1em4,2,flexible_arm_2_1em4,DONE,local,22.419203747072604,0.999854974379767,5,1,0
odepe_shade,flexible_arm,1em4,3,flexible_arm_3_1em4,DONE,local,0.0037865274997068406,0.0016972903074246686,5,1,1
odepe_shade,flexible_arm,1em4,4,flexible_arm_4_1em4,DONE,local,0.003805528766076131,0.0003574072665690528,5,1,1
odepe_shade,flexible_arm,1em4,5,flexible_arm_5_1em4,DONE,local,0.002677463196134398,0.0016418864821726178,5,1,1
odepe_shade,flexible_arm,1em4,6,flexible_arm_6_1em4,DONE,local,0.00628548912960012,0.005081184338157178,5,1,1
odepe_shade,flexible_arm,1em4,7,flexible_arm_7_1em4,DONE,local,0.029219933777212877,0.022655939636361942,5,1,1
odepe_shade,forced_lotka_volterra,1em4,0,forced_lotka_volterra_0_1em4,DONE,local,1.758964090912852e-05,5.675490148177717e-06,4,1,1
odepe_shade,forced_lotka_volterra,1em4,1,forced_lotka_volterra_1_1em4,DONE,local,9.345620829411532e-06,4.151731039094095e-06,4,1,1
odepe_shade,forced_lotka_volterra,1em4,2,forced_lotka_volterra_2_1em4,DONE,local,0.9999864130434722,0.9079024726987991,4,1,0
odepe_shade,forced_lotka_volterra,1em4,3,forced_lotka_volterra_3_1em4,DONE,local,4.0197361677270095e-06,2.870582507511477e-06,4,1,1
odepe_shade,forced_lotka_volterra,1em4,4,forced_lotka_volterra_4_1em4,DONE,local,0.9999612403100775,0.7301580485343593,4,1,0
odepe_shade,forced_lotka_volterra,1em4,5,forced_lotka_volterra_5_1em4,DONE,local,22.56249787699536,7.990473562247982,4,1,0
odepe_shade,forced_lotka_volterra,1em4,6,forced_lotka_volterra_6_1em4,DONE,local,0.0001568331329727005,1.1374727028582682e-05,4,1,1
odepe_shade,forced_lotka_volterra,1em4,7,forced_lotka_volterra_7_1em4,DONE,local,1.3633574419643204e-05,6.565133384937068e-06,4,1,1
odepe_shade,harmonic_oscillator,1em4,0,harmonic_oscillator_0_1em4,DONE,local,4.6863176841803535e-08,2.8868234584571698e-08,2,1,1
odepe_shade,harmonic_oscillator,1em4,1,harmonic_oscillator_1_1em4,DONE,local,2.894476350777868e-07,2.7946573354505483e-07,2,1,1
odepe_shade,harmonic_oscillator,1em4,2,harmonic_oscillator_2_1em4,DONE,local,3.034164572251983e-08,2.6943536890947712e-08,2,1,1
odepe_shade,harmonic_oscillator,1em4,3,harmonic_oscillator_3_1em4,DONE,local,3.9846920967097634e-07,3.907041172826756e-07,2,1,1
odepe_shade,harmonic_oscillator,1em4,4,harmonic_oscillator_4_1em4,DONE,local,2.0339872222153051e-07,1.5019024763912812e-07,2,1,1
odepe_shade,harmonic_oscillator,1em4,5,harmonic_oscillator_5_1em4,DONE,local,1.7029254610777555e-06,1.448861383226118e-06,2,1,1
odepe_shade,harmonic_oscillator,1em4,6,harmonic_oscillator_6_1em4,DONE,local,2.2428066627938323e-06,2.0176118543570464e-06,2,1,1
odepe_shade,harmonic_oscillator,1em4,7,harmonic_oscillator_7_1em4,DONE,local,3.176939592278486e-08,2.964372483942664e-08,2,1,1
odepe_shade,hiv,1em4,0,hiv_0_1em4,DONE,local,0.18865899333403535,0.0035275454064358416,10,1,0
odepe_shade,hiv,1em4,1,hiv_1_1em4,DONE,local,0.9998248709687235,0.013343186073260866,10,1,0
odepe_shade,hiv,1em4,2,hiv_2_1em4,DONE,local,0.04418247667629189,0.003746586074691102,10,1,1
odepe_shade,hiv,1em4,3,hiv_3_1em4,DONE,local,0.039731033816696765,0.01170745834570076,10,1,1
odepe_shade,hiv,1em4,4,hiv_4_1em4,DONE,local,4.631994416723476,0.03817377866040422,10,1,0
odepe_shade,hiv,1em4,5,hiv_5_1em4,DONE,local,0.9999618320610687,0.8078841364231983,10,1,0
odepe_shade,hiv,1em4,6,hiv_6_1em4,DONE,local,0.023447783625329406,0.0027875655592504746,10,1,1
odepe_shade,hiv,1em4,7,hiv_7_1em4,DONE,local,3.2096708166873986,0.9507568773763385,10,1,0
odepe_shade,lotka_volterra,1em4,0,lotka_volterra_0_1em4,DONE,local,0.00032943304395564984,4.368818347285053e-05,3,1,1
odepe_shade,lotka_volterra,1em4,1,lotka_volterra_1_1em4,DONE,local,1.7654087366696733e-05,1.691990069888667e-05,3,1,1
odepe_shade,lotka_volterra,1em4,2,lotka_volterra_2_1em4,DONE,local,6.057418676417158e-06,3.8968531202268745e-06,3,1,1
odepe_shade,lotka_volterra,1em4,3,lotka_volterra_3_1em4,DONE,local,1.4690755789167162e-05,1.2907077983236244e-05,3,1,1
odepe_shade,lotka_volterra,1em4,4,lotka_volterra_4_1em4,DONE,local,8.253111904798649e-05,7.239525416927527e-05,3,1,1
odepe_shade,lotka_volterra,1em4,5,lotka_volterra_5_1em4,DONE,local,5.702174900378858e-06,5.193053721053681e-06,3,1,1
odepe_shade,lotka_volterra,1em4,6,lotka_volterra_6_1em4,DONE,local,4.600979390037273e-05,3.998306705575417e-05,3,1,1
odepe_shade,lotka_volterra,1em4,7,lotka_volterra_7_1em4,DONE,local,6.983840507610123e-05,6.524647250933188e-05,3,1,1
odepe_shade,mass_spring_damper,1em4,0,mass_spring_damper_0_1em4,DONE,local,3.239142433020443e-05,4.3473900225962795e-06,3,1,1
odepe_shade,mass_spring_damper,1em4,1,mass_spring_damper_1_1em4,DONE,local,2.0205243036668275e-05,8.956151368119606e-06,3,1,1
odepe_shade,mass_spring_damper,1em4,2,mass_spring_damper_2_1em4,DONE,local,3.740189344459851e-06,2.377154466441298e-06,3,1,1
odepe_shade,mass_spring_damper,1em4,3,mass_spring_damper_3_1em4,DONE,local,1.340166915723058e-05,5.007401227571641e-06,3,1,1
odepe_shade,mass_spring_damper,1em4,4,mass_spring_damper_4_1em4,DONE,local,1.719355077231492e-05,8.375373502061331e-06,3,1,1
odepe_shade,mass_spring_damper,1em4,5,mass_spring_damper_5_1em4,DONE,local,2.462362973855811e-05,2.641341822736058e-06,3,1,1
odepe_shade,mass_spring_damper,1em4,6,mass_spring_damper_6_1em4,DONE,local,1.2650947362202448e-06,1.1927125037195636e-06,3,1,1
odepe_shade,mass_spring_damper,1em4,7,mass_spring_damper_7_1em4,DONE,local,2.961412309033923e-05,5.1562896038902e-06,3,1,1
odepe_shade,quadrotor,1em4,0,quadrotor_0_1em4,DONE,local,0.0001276663352066915,6.622091042899726e-05,2,1,1
odepe_shade,quadrotor,1em4,1,quadrotor_1_1em4,DONE,local,2.384501974840779e-05,2.0081908364171113e-05,2,1,1
odepe_shade,quadrotor,1em4,2,quadrotor_2_1em4,DONE,local,4.091453226285993e-05,4.043019522766337e-05,2,1,1
odepe_shade,quadrotor,1em4,3,quadrotor_3_1em4,DONE,local,0.00019657287382294423,9.975760715169798e-05,2,1,1
odepe_shade,quadrotor,1em4,4,quadrotor_4_1em4,DONE,local,5.251660511965985e-06,3.1712934215810296e-06,2,1,1
odepe_shade,quadrotor,1em4,5,quadrotor_5_1em4,DONE,local,2.6008127156570628e-05,1.4034726481225275e-05,2,1,1
odepe_shade,quadrotor,1em4,6,quadrotor_6_1em4,DONE,local,0.00019040792063372382,0.0001341229881536934,2,1,1
odepe_shade,quadrotor,1em4,7,quadrotor_7_1em4,DONE,local,0.00020766790136826147,0.00010846024812208194,2,1,1
odepe_shade,repressilator,1em4,0,repressilator_0_1em4,DONE,local,3.702719246767572e-05,1.3994859471971219e-05,3,1,1
odepe_shade,repressilator,1em4,1,repressilator_1_1em4,DONE,local,9.858708366960259e-05,6.134165959293056e-05,3,1,1
odepe_shade,repressilator,1em4,2,repressilator_2_1em4,DONE,local,0.00011599414264605465,7.770074529268119e-05,3,1,1
odepe_shade,repressilator,1em4,3,repressilator_3_1em4,DONE,local,1.7599341132625503e-05,3.7269270396903113e-06,3,1,1
odepe_shade,repressilator,1em4,4,repressilator_4_1em4,DONE,local,0.00022215997918253555,0.00015803661190667598,3,1,1
odepe_shade,repressilator,1em4,5,repressilator_5_1em4,DONE,local,0.0001350092704456743,5.3922551461136646e-05,3,1,1
odepe_shade,repressilator,1em4,6,repressilator_6_1em4,DONE,local,9.90537684993447e-05,5.896678504366523e-05,3,1,1
odepe_shade,repressilator,1em4,7,repressilator_7_1em4,DONE,local,0.0001742343725436621,6.803273577889455e-05,3,1,1
odepe_shade,seir,1em4,0,seir_0_1em4,DONE,local,0.7746375062091889,0.43602407086597095,3,1,0
odepe_shade,seir,1em4,1,seir_1_1em4,DONE,local,0.1969834358169702,0.06662991771175977,3,1,0
odepe_shade,seir,1em4,2,seir_2_1em4,DONE,local,0.385656729539126,0.2681772362363025,3,1,0
odepe_shade,seir,1em4,3,seir_3_1em4,DONE,local,1.6899472800885353,0.999885131356838,3,1,0
odepe_shade,seir,1em4,4,seir_4_1em4,DONE,local,0.14951992235972464,0.14748647819782176,3,1,0
odepe_shade,seir,1em4,5,seir_5_1em4,DONE,local,0.0028786104553128506,0.002521414613494575,3,1,1
odepe_shade,seir,1em4,6,seir_6_1em4,DONE,local,1.1227586540067327,0.3413514449467386,3,1,0
odepe_shade,seir,1em4,7,seir_7_1em4,DONE,local,0.3850556029207583,0.21651416088820405,3,1,0
odepe_shade,slow_fast,1em4,0,slow_fast_0_1em4,DONE,local,0.0009035229362818691,0.0007331836410291542,2,1,1
odepe_shade,slow_fast,1em4,1,slow_fast_1_1em4,DONE,local,0.9046646564345283,0.7769090092743527,2,1,0
odepe_shade,slow_fast,1em4,2,slow_fast_2_1em4,DONE,local,0.0012709517211500574,0.0006434492881214991,2,1,1
odepe_shade,slow_fast,1em4,3,slow_fast_3_1em4,DONE,local,0.0011584620095517059,0.0006419893919241208,2,1,1
odepe_shade,slow_fast,1em4,4,slow_fast_4_1em4,DONE,local,0.0002658242681506591,0.00025012135975118464,2,1,1
odepe_shade,slow_fast,1em4,5,slow_fast_5_1em4,DONE,local,0.32110290823025994,0.2819804438770715,2,1,0
odepe_shade,slow_fast,1em4,6,slow_fast_6_1em4,DONE,local,0.00012418658905442113,6.259367767917119e-05,2,1,1
odepe_shade,slow_fast,1em4,7,slow_fast_7_1em4,DONE,local,0.0015774453399855055,0.0008157135114962555,2,1,1
odepe_shade,sirt_treatment,1em4,0,sirt_treatment_0_1em4,DONE,local,0.001142059288611154,0.00013363838549809465,5,1,1
odepe_shade,sirt_treatment,1em4,1,sirt_treatment_1_1em4,DONE,local,0.002215824556341839,6.313436386407446e-05,5,1,1
odepe_shade,sirt_treatment,1em4,2,sirt_treatment_2_1em4,DONE,local,0.029986844129882232,0.0022089386081570388,5,1,1
odepe_shade,sirt_treatment,1em4,3,sirt_treatment_3_1em4,DONE,local,0.014554401781187266,0.00016540262562609242,5,1,1
odepe_shade,sirt_treatment,1em4,4,sirt_treatment_4_1em4,DONE,local,0.0014075880440667988,4.168706051571553e-05,5,1,1
odepe_shade,sirt_treatment,1em4,5,sirt_treatment_5_1em4,DONE,local,0.014131994487790093,0.0014284222897186405,5,1,1
odepe_shade,sirt_treatment,1em4,6,sirt_treatment_6_1em4,DONE,local,0.0006452217936138066,3.0608548102561285e-05,5,1,1
odepe_shade,sirt_treatment,1em4,7,sirt_treatment_7_1em4,DONE,local,0.016412564360818404,0.0011720746542238868,5,1,1
odepe_shade,vanderpol,1em4,0,vanderpol_0_1em4,DONE,local,5.450984661849875e-07,3.0058773045586624e-07,2,1,1
odepe_shade,vanderpol,1em4,1,vanderpol_1_1em4,DONE,local,3.0212931426760393e-07,1.988064180368333e-07,2,1,1
odepe_shade,vanderpol,1em4,2,vanderpol_2_1em4,DONE,local,8.124540922518429e-07,5.757385688681562e-07,2,1,1
odepe_shade,vanderpol,1em4,3,vanderpol_3_1em4,DONE,local,2.4817073291278254e-06,1.41563996855652e-06,2,1,1
odepe_shade,vanderpol,1em4,4,vanderpol_4_1em4,DONE,local,1.2360359179708711e-06,6.328304716175209e-07,2,1,1
odepe_shade,vanderpol,1em4,5,vanderpol_5_1em4,DONE,local,8.885175249806241e-06,6.571519218978327e-06,2,1,1
odepe_shade,vanderpol,1em4,6,vanderpol_6_1em4,DONE,local,1.727154448827892e-07,1.1797484885310109e-07,2,1,1
odepe_shade,vanderpol,1em4,7,vanderpol_7_1em4,DONE,local,1.3257038592743882e-07,7.74255241513355e-08,2,1,1
odepe_shade,latent_subpopulation_branch,1em4,0,latent_subpopulation_branch_0_1em4,DONE,local,0.047133169070820394,0.02582948894857823,6,1,1
odepe_shade,latent_subpopulation_branch,1em4,1,latent_subpopulation_branch_1_1em4,DONE,local,4.581432004386085,0.04492749256036716,6,1,0
odepe_shade,latent_subpopulation_branch,1em4,2,latent_subpopulation_branch_2_1em4,DONE,local,2.0137848038644544,0.5118465483104891,6,1,0
odepe_shade,latent_subpopulation_branch,1em4,3,latent_subpopulation_branch_3_1em4,DONE,local,2.2198860374654235,0.06723842444156497,6,1,0
odepe_shade,latent_subpopulation_branch,1em4,4,latent_subpopulation_branch_4_1em4,DONE,local,2.893105176755597,0.4639390166867511,6,1,0
odepe_shade,latent_subpopulation_branch,1em4,5,latent_subpopulation_branch_5_1em4,DONE,local,0.22121446518949403,0.05060604768039176,6,1,0
odepe_shade,latent_subpopulation_branch,1em4,6,latent_subpopulation_branch_6_1em4,DONE,local,5.9699643021333015,0.7322674974805444,6,1,0
odepe_shade,latent_subpopulation_branch,1em4,7,latent_subpopulation_branch_7_1em4,DONE,local,0.5168443200685767,0.12120175380561578,6,1,0
odepe_shade,latent_subpopulation_observed_control,1em4,0,latent_subpopulation_observed_control_0_1em4,DONE,local,0.001057637862620958,0.00014119146796099554,6,1,1
odepe_shade,latent_subpopulation_observed_control,1em4,1,latent_subpopulation_observed_control_1_1em4,DONE,local,0.001611296352734499,0.0005355669804348877,6,1,1
odepe_shade,latent_subpopulation_observed_control,1em4,2,latent_subpopulation_observed_control_2_1em4,DONE,local,8.293272475468263e-05,1.3984869545914795e-05,6,1,1
odepe_shade,latent_subpopulation_observed_control,1em4,3,latent_subpopulation_observed_control_3_1em4,DONE,local,0.0003319039895714714,2.9562202738558982e-05,6,1,1
odepe_shade,latent_subpopulation_observed_control,1em4,4,latent_subpopulation_observed_control_4_1em4,DONE,local,0.0010390352684587142,6.859115918888464e-05,6,1,1
odepe_shade,latent_subpopulation_observed_control,1em4,5,latent_subpopulation_observed_control_5_1em4,DONE,local,0.00014864323482296002,2.3769725791679638e-05,6,1,1
odepe_shade,latent_subpopulation_observed_control,1em4,6,latent_subpopulation_observed_control_6_1em4,DONE,local,0.0015313017201574652,2.648334245848664e-05,6,1,1
odepe_shade,latent_subpopulation_observed_control,1em4,7,latent_subpopulation_observed_control_7_1em4,DONE,local,0.00028268631987916307,2.2287418934185802e-05,6,1,1
odepe_shade,receptor_subtype_binding_branch,1em4,0,receptor_subtype_binding_branch_0_1em4,FAILURE,,,,,,0
odepe_shade,receptor_subtype_binding_branch,1em4,1,receptor_subtype_binding_branch_1_1em4,FAILURE,,,,,,0
odepe_shade,receptor_subtype_binding_branch,1em4,2,receptor_subtype_binding_branch_2_1em4,FAILURE,,,,,,0
odepe_shade,receptor_subtype_binding_branch,1em4,3,receptor_subtype_binding_branch_3_1em4,FAILURE,,,,,,0
odepe_shade,receptor_subtype_binding_branch,1em4,4,receptor_subtype_binding_branch_4_1em4,FAILURE,,,,,,0
odepe_shade,receptor_subtype_binding_branch,1em4,5,receptor_subtype_binding_branch_5_1em4,FAILURE,,,,,,0
odepe_shade,receptor_subtype_binding_branch,1em4,6,receptor_subtype_binding_branch_6_1em4,FAILURE,,,,,,0
odepe_shade,receptor_subtype_binding_branch,1em4,7,receptor_subtype_binding_branch_7_1em4,FAILURE,,,,,,0
odepe_shade,receptor_subtype_binding_observed_control,1em4,0,receptor_subtype_binding_observed_control_0_1em4,DONE,local,0.0005083472554768381,0.0002181469931422707,6,1,1
odepe_shade,receptor_subtype_binding_observed_control,1em4,1,receptor_subtype_binding_observed_control_1_1em4,DONE,local,0.0010276748780768674,0.0007616508784861471,6,1,1
odepe_shade,receptor_subtype_binding_observed_control,1em4,2,receptor_subtype_binding_observed_control_2_1em4,DONE,local,0.013247634859694015,0.004301303454631882,6,1,1
odepe_shade,receptor_subtype_binding_observed_control,1em4,3,receptor_subtype_binding_observed_control_3_1em4,DONE,local,0.00043952835657832433,0.0001426649721099832,6,1,1
odepe_shade,receptor_subtype_binding_observed_control,1em4,4,receptor_subtype_binding_observed_control_4_1em4,DONE,local,0.019124025302992807,0.0033910051698841995,6,1,1
odepe_shade,receptor_subtype_binding_observed_control,1em4,5,receptor_subtype_binding_observed_control_5_1em4,DONE,local,0.00481385227845477,0.0005595314578274928,6,1,1
odepe_shade,receptor_subtype_binding_observed_control,1em4,6,receptor_subtype_binding_observed_control_6_1em4,DONE,local,0.0024798835079513563,0.0005588291298755503,6,1,1
odepe_shade,receptor_subtype_binding_observed_control,1em4,7,receptor_subtype_binding_observed_control_7_1em4,DONE,local,0.002870632066369624,0.001072304664876653,6,1,1
odepe_shade,aircraft_pitch,1em2,0,aircraft_pitch_0_1em2,DONE,local,0.009968320288524072,6.147813905459936e-05,4,1,1
odepe_shade,aircraft_pitch,1em2,1,aircraft_pitch_1_1em2,DONE,local,0.0332052296610473,0.00014498895017582997,4,1,1
odepe_shade,aircraft_pitch,1em2,2,aircraft_pitch_2_1em2,DONE,local,0.04566657543660664,0.00026764553184967916,4,1,1
odepe_shade,aircraft_pitch,1em2,3,aircraft_pitch_3_1em2,DONE,local,0.0025456046422055044,3.2735790868158225e-05,4,1,1
odepe_shade,aircraft_pitch,1em2,4,aircraft_pitch_4_1em2,DONE,local,0.0001642640562190677,2.724673271172249e-06,4,1,1
odepe_shade,aircraft_pitch,1em2,5,aircraft_pitch_5_1em2,DONE,local,0.9998510982556156,0.0007004940453234289,4,1,0
odepe_shade,aircraft_pitch,1em2,6,aircraft_pitch_6_1em2,DONE,local,0.15849300923225462,0.00018170537395981913,4,1,0
odepe_shade,aircraft_pitch,1em2,7,aircraft_pitch_7_1em2,DONE,local,0.12211836106628898,0.000934640139788922,4,1,0
odepe_shade,bicycle_model,1em2,0,bicycle_model_0_1em2,DONE,local,0.00017735569127708128,0.00017142424303330858,3,1,1
odepe_shade,bicycle_model,1em2,1,bicycle_model_1_1em2,DONE,local,0.0006308250318835147,0.0006233419427422785,3,1,1
odepe_shade,bicycle_model,1em2,2,bicycle_model_2_1em2,DONE,local,0.00023021881747615892,0.00020361403482813521,3,1,1
odepe_shade,bicycle_model,1em2,3,bicycle_model_3_1em2,DONE,local,0.0008855551539374935,0.0007176612060139797,3,1,1
odepe_shade,bicycle_model,1em2,4,bicycle_model_4_1em2,DONE,local,0.0004923180059185215,0.00044274574281830267,3,1,1
odepe_shade,bicycle_model,1em2,5,bicycle_model_5_1em2,DONE,local,0.0006864327098174151,0.0006124400148361435,3,1,1
odepe_shade,bicycle_model,1em2,6,bicycle_model_6_1em2,DONE,local,6.255346920081786e-05,5.752438949882843e-05,3,1,1
odepe_shade,bicycle_model,1em2,7,bicycle_model_7_1em2,DONE,local,0.0011260320783206598,0.0010902803995582455,3,1,1
odepe_shade,biohydrogenation,1em2,0,biohydrogenation_0_1em2,DONE,local,0.9999709565298558,0.05790558675335418,6,1,0
odepe_shade,biohydrogenation,1em2,1,biohydrogenation_1_1em2,DONE,local,20.907612350696457,0.044612722606235326,6,1,0
odepe_shade,biohydrogenation,1em2,2,biohydrogenation_2_1em2,DONE,local,0.9974933120946666,0.30999907642697705,6,1,0
odepe_shade,biohydrogenation,1em2,3,biohydrogenation_3_1em2,DONE,local,9.032350721404145,0.26881118168155665,6,1,0
odepe_shade,biohydrogenation,1em2,4,biohydrogenation_4_1em2,DONE,local,0.7659908705042855,0.21549448710835528,6,1,0
odepe_shade,biohydrogenation,1em2,5,biohydrogenation_5_1em2,DONE,local,4.907930263701361,0.05366443138528297,6,1,0
odepe_shade,biohydrogenation,1em2,6,biohydrogenation_6_1em2,DONE,local,8.252443532988849,0.04747950754652833,6,1,0
odepe_shade,biohydrogenation,1em2,7,biohydrogenation_7_1em2,DONE,local,0.9999499925824716,0.47975934227174577,6,1,0
odepe_shade,boost_converter,1em2,0,boost_converter_0_1em2,DONE,local,0.004439659757277026,0.003668197174150147,3,1,1
odepe_shade,boost_converter,1em2,1,boost_converter_1_1em2,DONE,local,0.0018904665297081458,0.00148174135140809,3,1,1
odepe_shade,boost_converter,1em2,2,boost_converter_2_1em2,DONE,local,0.9910903019508538,0.11765205884960561,3,1,0
odepe_shade,boost_converter,1em2,3,boost_converter_3_1em2,DONE,local,0.0033043205959557014,0.0013671995721819083,3,1,1
odepe_shade,boost_converter,1em2,4,boost_converter_4_1em2,DONE,local,0.003260729722995367,0.0006071855870581755,3,1,1
odepe_shade,boost_converter,1em2,5,boost_converter_5_1em2,DONE,local,0.004342004602359543,0.003950395873899688,3,1,1
odepe_shade,boost_converter,1em2,6,boost_converter_6_1em2,DONE,local,0.0023401768431155975,0.0018467330718420583,3,1,1
odepe_shade,boost_converter,1em2,7,boost_converter_7_1em2,DONE,local,0.0045031791252749965,0.0025797166313550053,3,1,1
odepe_shade,brusselator,1em2,0,brusselator_0_1em2,DONE,local,0.014971435491869639,0.007553815046602697,2,1,1
odepe_shade,brusselator,1em2,1,brusselator_1_1em2,DONE,local,0.028835300322826996,0.014494308821529757,2,1,1
odepe_shade,brusselator,1em2,2,brusselator_2_1em2,DONE,local,0.6959761013120697,0.3480402013448855,2,1,0
odepe_shade,brusselator,1em2,3,brusselator_3_1em2,DONE,local,0.0815597713554584,0.04080292433694336,2,1,1
odepe_shade,brusselator,1em2,4,brusselator_4_1em2,DONE,local,0.02159063492764987,0.010798416178033881,2,1,1
odepe_shade,brusselator,1em2,5,brusselator_5_1em2,DONE,local,11.658227848101266,6.854035917435683,2,1,0
odepe_shade,brusselator,1em2,6,brusselator_6_1em2,DONE,local,0.9125253050972504,0.6304953668303266,2,1,0
odepe_shade,brusselator,1em2,7,brusselator_7_1em2,DONE,local,6.505521310264065,3.2527825710221485,2,1,0
odepe_shade,crauste,1em2,0,crauste_0_1em2,DONE,local,17.656716417910452,0.9613252865601123,12,1,0
odepe_shade,crauste,1em2,1,crauste_1_1em2,DONE,local,14.965306870877248,0.998520338785139,12,1,0
odepe_shade,crauste,1em2,2,crauste_2_1em2,DONE,local,32.89830508474577,0.9128617215931443,12,1,0
odepe_shade,crauste,1em2,3,crauste_3_1em2,DONE,local,12.831258644536655,0.9719900835190414,12,1,0
odepe_shade,crauste,1em2,4,crauste_4_1em2,DONE,local,16.854619174571706,0.9550205360562116,12,1,0
odepe_shade,crauste,1em2,5,crauste_5_1em2,DONE,local,21.935779816513765,0.5230406535792476,12,1,0
odepe_shade,crauste,1em2,6,crauste_6_1em2,DONE,local,0.9999588477366255,0.019384785815758265,12,1,0
odepe_shade,crauste,1em2,7,crauste_7_1em2,DONE,local,8.310411537823802,0.9998483547344129,12,1,0
odepe_shade,cstr,1em2,0,cstr_0_1em2,DONE,local,0.9999818826009043,0.0027312847000676233,4,1,0
odepe_shade,cstr,1em2,1,cstr_1_1em2,DONE,local,0.973662583655151,0.018925526297464787,4,1,0
odepe_shade,cstr,1em2,2,cstr_2_1em2,DONE,local,0.9999264703814931,0.07511044119424833,4,1,0
odepe_shade,cstr,1em2,3,cstr_3_1em2,DONE,local,17.050541516245488,0.008344600289283065,4,1,0
odepe_shade,cstr,1em2,4,cstr_4_1em2,DONE,local,13.534883720930235,0.1582067860859772,4,1,0
odepe_shade,cstr,1em2,5,cstr_5_1em2,DONE,local,42.94398571778511,0.10968384738030408,4,1,0
odepe_shade,cstr,1em2,6,cstr_6_1em2,DONE,local,17.920229954656612,0.05229558637506526,4,1,0
odepe_shade,cstr,1em2,7,cstr_7_1em2,DONE,local,0.8995936655790419,0.0496284394228637,4,1,0
odepe_shade,daisy_mamil3,1em2,0,daisy_mamil3_0_1em2,DONE,local,0.7388774460825714,0.16300980880178934,5,1,0
odepe_shade,daisy_mamil3,1em2,1,daisy_mamil3_1_1em2,DONE,local,0.0857030527916306,0.007408796506224817,5,1,1
odepe_shade,daisy_mamil3,1em2,2,daisy_mamil3_2_1em2,DONE,local,0.07471717859891708,0.015355357843375066,5,1,1
odepe_shade,daisy_mamil3,1em2,3,daisy_mamil3_3_1em2,DONE,local,0.05926875507611568,0.011470208282178321,5,1,1
odepe_shade,daisy_mamil3,1em2,4,daisy_mamil3_4_1em2,DONE,local,0.13348795315284506,0.05589897332089271,5,1,0
odepe_shade,daisy_mamil3,1em2,5,daisy_mamil3_5_1em2,DONE,local,0.3164866857086395,0.1267380678696507,5,1,0
odepe_shade,daisy_mamil3,1em2,6,daisy_mamil3_6_1em2,DONE,local,0.21359841003037475,0.040507245849424375,5,1,0
odepe_shade,daisy_mamil3,1em2,7,daisy_mamil3_7_1em2,DONE,local,0.15288998350990488,0.006351559031624106,5,1,0
odepe_shade,daisy_mamil4,1em2,0,daisy_mamil4_0_1em2,DONE,local,0.618411368158699,0.2387033313053361,7,1,0
odepe_shade,daisy_mamil4,1em2,1,daisy_mamil4_1_1em2,DONE,local,14.929931597656571,0.05299075081151255,7,1,0
odepe_shade,daisy_mamil4,1em2,2,daisy_mamil4_2_1em2,DONE,local,3.4125807242743296,0.3706013991599753,7,1,0
odepe_shade,daisy_mamil4,1em2,3,daisy_mamil4_3_1em2,DONE,local,0.9999757857286701,0.9696650330980118,7,1,0
odepe_shade,daisy_mamil4,1em2,4,daisy_mamil4_4_1em2,DONE,local,0.9998938721793122,0.10390887717440621,7,1,0
odepe_shade,daisy_mamil4,1em2,5,daisy_mamil4_5_1em2,DONE,local,0.9998720359526692,0.09965144868672227,7,1,0
odepe_shade,daisy_mamil4,1em2,6,daisy_mamil4_6_1em2,DONE,local,8.183718832894485,0.5149074869902457,7,1,0
odepe_shade,daisy_mamil4,1em2,7,daisy_mamil4_7_1em2,DONE,local,0.275974858535925,0.0064453549198571335,7,1,0
odepe_shade,dc_motor,1em2,0,dc_motor_0_1em2,DONE,local,0.007621926033554548,0.00432124140927328,2,1,1
odepe_shade,dc_motor,1em2,1,dc_motor_1_1em2,DONE,local,0.0026170568334019945,0.0014693365111419728,2,1,1
odepe_shade,dc_motor,1em2,2,dc_motor_2_1em2,DONE,local,0.010784055527310404,0.005590618518227707,2,1,1
odepe_shade,dc_motor,1em2,3,dc_motor_3_1em2,DONE,local,0.0019671134333214477,0.0011798384737975896,2,1,1
odepe_shade,dc_motor,1em2,4,dc_motor_4_1em2,DONE,local,0.014479342942239223,0.007308500602981428,2,1,1
odepe_shade,dc_motor,1em2,5,dc_motor_5_1em2,DONE,local,0.004273140453440628,0.0022619545068870766,2,1,1
odepe_shade,dc_motor,1em2,6,dc_motor_6_1em2,DONE,local,0.01968687321773722,0.009909515044379705,2,1,1
odepe_shade,dc_motor,1em2,7,dc_motor_7_1em2,DONE,local,0.002550959360762012,0.0013567414174424708,2,1,1
odepe_shade,fitzhugh_nagumo,1em2,0,fitzhugh_nagumo_0_1em2,DONE,local,2.846174496551495,0.03480094990064467,3,1,0
odepe_shade,fitzhugh_nagumo,1em2,1,fitzhugh_nagumo_1_1em2,DONE,local,0.999976161757723,0.36295460996438167,3,1,0
odepe_shade,fitzhugh_nagumo,1em2,2,fitzhugh_nagumo_2_1em2,DONE,local,0.9999235532756078,0.14219318260562144,3,1,0
odepe_shade,fitzhugh_nagumo,1em2,3,fitzhugh_nagumo_3_1em2,DONE,local,1.3043199348673196,1.0707115367754896,3,1,0
odepe_shade,fitzhugh_nagumo,1em2,4,fitzhugh_nagumo_4_1em2,DONE,local,0.999917209139921,0.2630571688561734,3,1,0
odepe_shade,fitzhugh_nagumo,1em2,5,fitzhugh_nagumo_5_1em2,DONE,local,1.1460932297827053,0.42160496903327405,3,1,0
odepe_shade,fitzhugh_nagumo,1em2,6,fitzhugh_nagumo_6_1em2,DONE,local,0.9999533820228466,0.7579701678508507,3,1,0
odepe_shade,fitzhugh_nagumo,1em2,7,fitzhugh_nagumo_7_1em2,DONE,local,7.891060112575341,0.9999695381098033,3,1,0
odepe_shade,flexible_arm,1em2,0,flexible_arm_0_1em2,DONE,local,0.5565872254394623,0.05934211277880066,5,1,0
odepe_shade,flexible_arm,1em2,1,flexible_arm_1_1em2,DONE,local,0.8596725695379147,0.3313538207951199,5,1,0
odepe_shade,flexible_arm,1em2,2,flexible_arm_2_1em2,DONE,local,8.492387857997189,0.9774006860183704,5,1,0
odepe_shade,flexible_arm,1em2,3,flexible_arm_3_1em2,DONE,local,3.0460652269959083,1.8973426712176593,5,1,0
odepe_shade,flexible_arm,1em2,4,flexible_arm_4_1em2,DONE,local,0.24903540591316653,0.11312184169020237,5,1,0
odepe_shade,flexible_arm,1em2,5,flexible_arm_5_1em2,DONE,local,1.55681446420261,0.3744747314104296,5,1,0
odepe_shade,flexible_arm,1em2,6,flexible_arm_6_1em2,DONE,local,1.9265822956694618,0.9273891512699218,5,1,0
odepe_shade,flexible_arm,1em2,7,flexible_arm_7_1em2,DONE,local,0.9999536999212576,0.23755441700540028,5,1,0
odepe_shade,forced_lotka_volterra,1em2,0,forced_lotka_volterra_0_1em2,DONE,local,0.0010613069428124884,0.0007210438341142644,4,1,1
odepe_shade,forced_lotka_volterra,1em2,1,forced_lotka_volterra_1_1em2,DONE,local,0.0004659122374873681,0.0001259119142960653,4,1,1
odepe_shade,forced_lotka_volterra,1em2,2,forced_lotka_volterra_2_1em2,DONE,local,0.9999864130434726,0.9079344768576122,4,1,0
odepe_shade,forced_lotka_volterra,1em2,3,forced_lotka_volterra_3_1em2,DONE,local,0.0004093876620627832,0.00024125017239827408,4,1,1
odepe_shade,forced_lotka_volterra,1em2,4,forced_lotka_volterra_4_1em2,DONE,local,0.999961240310077,0.7296646553323342,4,1,0
odepe_shade,forced_lotka_volterra,1em2,5,forced_lotka_volterra_5_1em2,DONE,local,0.0003594940087214131,0.000214080270132228,4,1,1
odepe_shade,forced_lotka_volterra,1em2,6,forced_lotka_volterra_6_1em2,DONE,local,0.005086728722815194,0.0003682789293060889,4,1,1
odepe_shade,forced_lotka_volterra,1em2,7,forced_lotka_volterra_7_1em2,DONE,local,0.0006643657677539152,0.0005841974453403484,4,1,1
odepe_shade,harmonic_oscillator,1em2,0,harmonic_oscillator_0_1em2,DONE,local,6.738825193936717e-05,6.243674382660713e-05,2,1,1
odepe_shade,harmonic_oscillator,1em2,1,harmonic_oscillator_1_1em2,DONE,local,1.8909005548992164e-06,1.2763906203104666e-06,2,1,1
odepe_shade,harmonic_oscillator,1em2,2,harmonic_oscillator_2_1em2,DONE,local,2.774625485297982e-06,1.6019297647196977e-06,2,1,1
odepe_shade,harmonic_oscillator,1em2,3,harmonic_oscillator_3_1em2,DONE,local,2.799266356660792e-06,2.6405436077374073e-06,2,1,1
odepe_shade,harmonic_oscillator,1em2,4,harmonic_oscillator_4_1em2,DONE,local,0.0001431736149999363,0.00013657666674831475,2,1,1
odepe_shade,harmonic_oscillator,1em2,5,harmonic_oscillator_5_1em2,DONE,local,2.813192016436618e-05,2.4915476214345746e-05,2,1,1
odepe_shade,harmonic_oscillator,1em2,6,harmonic_oscillator_6_1em2,DONE,local,0.00016759888050104176,0.00014212579708149453,2,1,1
odepe_shade,harmonic_oscillator,1em2,7,harmonic_oscillator_7_1em2,DONE,local,1.0656514839504625e-05,9.952318933824047e-06,2,1,1
odepe_shade,hiv,1em2,0,hiv_0_1em2,DONE,local,0.9999456913289262,0.07260244586529406,10,1,0
odepe_shade,hiv,1em2,1,hiv_1_1em2,DONE,local,2.3901988084931807,0.2609189429136895,10,1,0
odepe_shade,hiv,1em2,2,hiv_2_1em2,DONE,local,0.9998914073648396,0.40914449471548103,10,1,0
odepe_shade,hiv,1em2,3,hiv_3_1em2,DONE,local,0.999943315813731,0.07069405482535089,10,1,0
odepe_shade,hiv,1em2,4,hiv_4_1em2,DONE,local,0.9999662162162162,0.09910997976598993,10,1,0
odepe_shade,hiv,1em2,5,hiv_5_1em2,DONE,local,0.9999618320610687,0.7626405279362931,10,1,0
odepe_shade,hiv,1em2,6,hiv_6_1em2,DONE,local,0.9999882075471699,0.08264919593066072,10,1,0
odepe_shade,hiv,1em2,7,hiv_7_1em2,DONE,local,5.518542560976001,0.10416077769349638,10,1,0
odepe_shade,lotka_volterra,1em2,0,lotka_volterra_0_1em2,DONE,local,0.011657344757407763,0.0008589886826800742,3,1,1
odepe_shade,lotka_volterra,1em2,1,lotka_volterra_1_1em2,DONE,local,0.0011739180999434985,0.0009436833513605967,3,1,1
odepe_shade,lotka_volterra,1em2,2,lotka_volterra_2_1em2,DONE,local,0.0022846429269433644,0.0019514722028454807,3,1,1
odepe_shade,lotka_volterra,1em2,3,lotka_volterra_3_1em2,DONE,local,4.617648673578663,3.0476129490354,3,1,0
odepe_shade,lotka_volterra,1em2,4,lotka_volterra_4_1em2,DONE,local,0.007907746100757378,0.006223257309999888,3,1,1
odepe_shade,lotka_volterra,1em2,5,lotka_volterra_5_1em2,DONE,local,0.00032682065133365397,0.0002658668857553297,3,1,1
odepe_shade,lotka_volterra,1em2,6,lotka_volterra_6_1em2,DONE,local,0.004828403432364478,0.0034809752460397813,3,1,1
odepe_shade,lotka_volterra,1em2,7,lotka_volterra_7_1em2,DONE,local,0.0042508186568479545,0.004102954602584281,3,1,1
odepe_shade,mass_spring_damper,1em2,0,mass_spring_damper_0_1em2,DONE,local,0.0025324225566051095,0.0003640301535649527,3,1,1
odepe_shade,mass_spring_damper,1em2,1,mass_spring_damper_1_1em2,DONE,local,0.0012089403699929514,0.001147325882349198,3,1,1
odepe_shade,mass_spring_damper,1em2,2,mass_spring_damper_2_1em2,DONE,local,0.001155384736866644,0.000888887113574388,3,1,1
odepe_shade,mass_spring_damper,1em2,3,mass_spring_damper_3_1em2,DONE,local,0.0004470197554294476,0.00028912432832083117,3,1,1
odepe_shade,mass_spring_damper,1em2,4,mass_spring_damper_4_1em2,DONE,local,0.0002526106610889726,0.00014860044434039242,3,1,1
odepe_shade,mass_spring_damper,1em2,5,mass_spring_damper_5_1em2,DONE,local,0.003291392210133658,0.0005646440709385211,3,1,1
odepe_shade,mass_spring_damper,1em2,6,mass_spring_damper_6_1em2,DONE,local,0.0009726888421025431,0.0008725832599289305,3,1,1
odepe_shade,mass_spring_damper,1em2,7,mass_spring_damper_7_1em2,DONE,local,0.003998574365564472,0.0006977284922887492,3,1,1
odepe_shade,quadrotor,1em2,0,quadrotor_0_1em2,DONE,local,0.049988916305083876,0.02522309421754729,2,1,1
odepe_shade,quadrotor,1em2,1,quadrotor_1_1em2,DONE,local,0.0025944404731914994,0.0018601521861035695,2,1,1
odepe_shade,quadrotor,1em2,2,quadrotor_2_1em2,DONE,local,0.018828209977810283,0.01228965941082084,2,1,1
odepe_shade,quadrotor,1em2,3,quadrotor_3_1em2,DONE,local,0.0071765918741672615,0.004889822274686888,2,1,1
odepe_shade,quadrotor,1em2,4,quadrotor_4_1em2,DONE,local,0.00136885412667913,0.0008499476689446446,2,1,1
odepe_shade,quadrotor,1em2,5,quadrotor_5_1em2,DONE,local,0.003928025241919314,0.0020488899865827525,2,1,1
odepe_shade,quadrotor,1em2,6,quadrotor_6_1em2,DONE,local,0.003848853402660055,0.003309377324993853,2,1,1
odepe_shade,quadrotor,1em2,7,quadrotor_7_1em2,DONE,local,0.006449279200185687,0.004194005789118079,2,1,1
odepe_shade,repressilator,1em2,0,repressilator_0_1em2,DONE,local,0.0020278766985726846,0.00037379494194038614,3,1,1
odepe_shade,repressilator,1em2,1,repressilator_1_1em2,DONE,local,0.0199330228464655,0.014035907000976419,3,1,1
odepe_shade,repressilator,1em2,2,repressilator_2_1em2,DONE,local,0.010560937586039851,0.00782050620514616,3,1,1
odepe_shade,repressilator,1em2,3,repressilator_3_1em2,DONE,local,0.019595535158932278,0.009232387360027364,3,1,1
odepe_shade,repressilator,1em2,4,repressilator_4_1em2,DONE,local,0.009948980940616489,0.007198382736529303,3,1,1
odepe_shade,repressilator,1em2,5,repressilator_5_1em2,DONE,local,0.0061006001264123245,0.0036292225156508164,3,1,1
odepe_shade,repressilator,1em2,6,repressilator_6_1em2,DONE,local,0.0096348945270294,0.006620732693374843,3,1,1
odepe_shade,repressilator,1em2,7,repressilator_7_1em2,DONE,local,0.016618737129615316,0.006571391223049505,3,1,1
odepe_shade,seir,1em2,0,seir_0_1em2,DONE,local,0.7234867591156481,0.5537719482897119,3,1,0
odepe_shade,seir,1em2,1,seir_1_1em2,DONE,local,0.9998352966006625,0.4021748790827817,3,1,0
odepe_shade,seir,1em2,2,seir_2_1em2,DONE,local,0.15634715539119495,0.09541900779469788,3,1,0
odepe_shade,seir,1em2,3,seir_3_1em2,DONE,local,0.11639360083361518,0.06265734282815329,3,1,0
odepe_shade,seir,1em2,4,seir_4_1em2,DONE,local,0.9996109953550365,0.8908399622521218,3,1,0
odepe_shade,seir,1em2,5,seir_5_1em2,DONE,local,0.32134592857411864,0.26034624639285964,3,1,0
odepe_shade,seir,1em2,6,seir_6_1em2,DONE,local,1.138974383927342,0.4891371008921212,3,1,0
odepe_shade,seir,1em2,7,seir_7_1em2,DONE,local,0.2448027645369136,0.1256733592611447,3,1,0
odepe_shade,slow_fast,1em2,0,slow_fast_0_1em2,DONE,local,0.05872132377024728,0.03086953916587709,2,1,1
odepe_shade,slow_fast,1em2,1,slow_fast_1_1em2,DONE,local,0.919710627569012,0.7846870661301568,2,1,0
odepe_shade,slow_fast,1em2,2,slow_fast_2_1em2,DONE,local,0.020223238670835215,0.014214530161307979,2,1,1
odepe_shade,slow_fast,1em2,3,slow_fast_3_1em2,DONE,local,0.07752448762182396,0.05094701975905093,2,1,1
odepe_shade,slow_fast,1em2,4,slow_fast_4_1em2,DONE,local,0.0349235706801495,0.02584253879727572,2,1,1
odepe_shade,slow_fast,1em2,5,slow_fast_5_1em2,DONE,local,0.08188949401882945,0.06462707358575619,2,1,1
odepe_shade,slow_fast,1em2,6,slow_fast_6_1em2,DONE,local,0.026878436985478198,0.022224513737539288,2,1,1
odepe_shade,slow_fast,1em2,7,slow_fast_7_1em2,DONE,local,0.005651361463229369,0.004178982752964201,2,1,1
odepe_shade,sirt_treatment,1em2,0,sirt_treatment_0_1em2,DONE,local,0.4152939595119609,0.039788359173372125,5,1,0
odepe_shade,sirt_treatment,1em2,1,sirt_treatment_1_1em2,DONE,local,0.9794502061211405,0.023880063141121267,5,1,0
odepe_shade,sirt_treatment,1em2,2,sirt_treatment_2_1em2,DONE,local,0.9733454103972728,0.08862771658063662,5,1,0
odepe_shade,sirt_treatment,1em2,3,sirt_treatment_3_1em2,DONE,local,2.1405833528635463,0.05245771233978589,5,1,0
odepe_shade,sirt_treatment,1em2,4,sirt_treatment_4_1em2,DONE,local,0.4968559795110757,0.012262192637981506,5,1,0
odepe_shade,sirt_treatment,1em2,5,sirt_treatment_5_1em2,DONE,local,0.2412571682717042,0.013831971154892153,5,1,0
odepe_shade,sirt_treatment,1em2,6,sirt_treatment_6_1em2,DONE,local,4.9423933631779,0.4421309529288362,5,1,0
odepe_shade,sirt_treatment,1em2,7,sirt_treatment_7_1em2,DONE,local,0.999986674250782,0.014371924579397358,5,1,0
odepe_shade,vanderpol,1em2,0,vanderpol_0_1em2,DONE,local,2.450847758091103e-05,1.6545738617551573e-05,2,1,1
odepe_shade,vanderpol,1em2,1,vanderpol_1_1em2,DONE,local,0.0006478026477568665,0.00034101423465692545,2,1,1
odepe_shade,vanderpol,1em2,2,vanderpol_2_1em2,DONE,local,5.373632077487286e-05,3.3054454666711824e-05,2,1,1
odepe_shade,vanderpol,1em2,3,vanderpol_3_1em2,DONE,local,0.00023485387959083364,0.0001314886565559483,2,1,1
odepe_shade,vanderpol,1em2,4,vanderpol_4_1em2,DONE,local,9.28572795545279e-06,5.950575582516638e-06,2,1,1
odepe_shade,vanderpol,1em2,5,vanderpol_5_1em2,DONE,local,0.0066491819671791325,0.0033339573712783035,2,1,1
odepe_shade,vanderpol,1em2,6,vanderpol_6_1em2,DONE,local,2.834882377694223e-05,1.4302601741587803e-05,2,1,1
odepe_shade,vanderpol,1em2,7,vanderpol_7_1em2,DONE,local,1.1858748240709686e-05,6.552044860508263e-06,2,1,1
odepe_shade,latent_subpopulation_branch,1em2,0,latent_subpopulation_branch_0_1em2,DONE,local,11.541667554624262,0.43433600038521375,6,1,0
odepe_shade,latent_subpopulation_branch,1em2,1,latent_subpopulation_branch_1_1em2,DONE,local,1.7331426939957415,0.22625757915195713,6,1,0
odepe_shade,latent_subpopulation_branch,1em2,2,latent_subpopulation_branch_2_1em2,DONE,local,3.0386944648374374,0.9290389505270911,6,1,0
odepe_shade,latent_subpopulation_branch,1em2,3,latent_subpopulation_branch_3_1em2,DONE,local,4.8948116592665425,0.37545108623684914,6,1,0
odepe_shade,latent_subpopulation_branch,1em2,4,latent_subpopulation_branch_4_1em2,DONE,local,3.628084292347909,0.2551164065411796,6,1,0
odepe_shade,latent_subpopulation_branch,1em2,5,latent_subpopulation_branch_5_1em2,DONE,local,16.857142857142858,1.525520110598022,6,1,0
odepe_shade,latent_subpopulation_branch,1em2,6,latent_subpopulation_branch_6_1em2,DONE,local,0.9999117149944113,0.7911965764434995,6,1,0
odepe_shade,latent_subpopulation_branch,1em2,7,latent_subpopulation_branch_7_1em2,DONE,local,24.012203586190246,0.0517099503189883,6,1,0
odepe_shade,latent_subpopulation_observed_control,1em2,0,latent_subpopulation_observed_control_0_1em2,DONE,local,0.06792230711840667,0.006878337334810352,6,1,1
odepe_shade,latent_subpopulation_observed_control,1em2,1,latent_subpopulation_observed_control_1_1em2,DONE,local,0.27581445267854277,0.01569192159337204,6,1,0
odepe_shade,latent_subpopulation_observed_control,1em2,2,latent_subpopulation_observed_control_2_1em2,DONE,local,0.02103507049447869,0.005049336272876184,6,1,1
odepe_shade,latent_subpopulation_observed_control,1em2,3,latent_subpopulation_observed_control_3_1em2,DONE,local,0.008253754815262701,0.0028927013202618866,6,1,1
odepe_shade,latent_subpopulation_observed_control,1em2,4,latent_subpopulation_observed_control_4_1em2,DONE,local,0.05220944323364121,0.002932536661277998,6,1,1
odepe_shade,latent_subpopulation_observed_control,1em2,5,latent_subpopulation_observed_control_5_1em2,DONE,local,0.011233420016590714,0.001770853893184234,6,1,1
odepe_shade,latent_subpopulation_observed_control,1em2,6,latent_subpopulation_observed_control_6_1em2,DONE,local,0.040439444273674845,0.00912074355910217,6,1,1
odepe_shade,latent_subpopulation_observed_control,1em2,7,latent_subpopulation_observed_control_7_1em2,DONE,local,0.11169279081658685,0.006096122958905671,6,1,0
odepe_shade,receptor_subtype_binding_branch,1em2,0,receptor_subtype_binding_branch_0_1em2,FAILURE,,,,,,0
odepe_shade,receptor_subtype_binding_branch,1em2,1,receptor_subtype_binding_branch_1_1em2,FAILURE,,,,,,0
odepe_shade,receptor_subtype_binding_branch,1em2,2,receptor_subtype_binding_branch_2_1em2,FAILURE,,,,,,0
odepe_shade,receptor_subtype_binding_branch,1em2,3,receptor_subtype_binding_branch_3_1em2,FAILURE,,,,,,0
odepe_shade,receptor_subtype_binding_branch,1em2,4,receptor_subtype_binding_branch_4_1em2,FAILURE,,,,,,0
odepe_shade,receptor_subtype_binding_branch,1em2,5,receptor_subtype_binding_branch_5_1em2,FAILURE,,,,,,0
odepe_shade,receptor_subtype_binding_branch,1em2,6,receptor_subtype_binding_branch_6_1em2,FAILURE,,,,,,0
odepe_shade,receptor_subtype_binding_branch,1em2,7,receptor_subtype_binding_branch_7_1em2,FAILURE,,,,,,0
odepe_shade,receptor_subtype_binding_observed_control,1em2,0,receptor_subtype_binding_observed_control_0_1em2,DONE,local,0.09907304005794645,0.02947964179047372,6,1,1
odepe_shade,receptor_subtype_binding_observed_control,1em2,1,receptor_subtype_binding_observed_control_1_1em2,DONE,local,0.18767988064162602,0.05731514676197174,6,1,0
odepe_shade,receptor_subtype_binding_observed_control,1em2,2,receptor_subtype_binding_observed_control_2_1em2,DONE,local,0.3866624578925212,0.1324511847923522,6,1,0
odepe_shade,receptor_subtype_binding_observed_control,1em2,3,receptor_subtype_binding_observed_control_3_1em2,DONE,local,0.059251855507835266,0.012586921503909923,6,1,1
odepe_shade,receptor_subtype_binding_observed_control,1em2,4,receptor_subtype_binding_observed_control_4_1em2,DONE,local,9.348232512595573,0.43969140968653925,6,1,0
odepe_shade,receptor_subtype_binding_observed_control,1em2,5,receptor_subtype_binding_observed_control_5_1em2,DONE,local,0.04991566684708197,0.02500021321694192,6,1,1
odepe_shade,receptor_subtype_binding_observed_control,1em2,6,receptor_subtype_binding_observed_control_6_1em2,DONE,local,0.3503521660085633,0.07019748526106334,6,1,0
odepe_shade,receptor_subtype_binding_observed_control,1em2,7,receptor_subtype_binding_observed_control_7_1em2,DONE,local,0.6298416815980458,0.17168517666046196,6,1,0
amigo2,aircraft_pitch,0,0,aircraft_pitch_0_0,DONE,local,8.275763157639298e-09,3.257282545352486e-11,4,1,1
amigo2,aircraft_pitch,0,1,aircraft_pitch_1_0,DONE,local,6.131384601915247e-09,2.728094185687218e-11,4,1,1
amigo2,aircraft_pitch,0,2,aircraft_pitch_2_0,DONE,local,6.704826319104482e-09,9.873143805012433e-11,4,1,1
amigo2,aircraft_pitch,0,3,aircraft_pitch_3_0,DONE,local,6.134805539299708e-10,9.02037379062059e-12,4,1,1
amigo2,aircraft_pitch,0,4,aircraft_pitch_4_0,DONE,local,2.95812769403481e-09,2.087755082977069e-11,4,1,1
amigo2,aircraft_pitch,0,5,aircraft_pitch_5_0,DONE,local,5.7571917796942136e-08,1.9230716932278934e-10,4,1,1
amigo2,aircraft_pitch,0,6,aircraft_pitch_6_0,DONE,local,3.680026036987114e-09,1.2750154918301408e-10,4,1,1
amigo2,aircraft_pitch,0,7,aircraft_pitch_7_0,DONE,local,1.7962603437928742e-08,1.3424791345465042e-10,4,1,1
amigo2,bicycle_model,0,0,bicycle_model_0_0,DONE,local,1.7888283447102065e-11,1.475952824784516e-11,3,1,1
amigo2,bicycle_model,0,1,bicycle_model_1_0,DONE,local,5.236121613813529e-12,3.547258825789337e-12,3,1,1
amigo2,bicycle_model,0,2,bicycle_model_2_0,DONE,local,1.1421463703811515e-11,3.752708020875338e-12,3,1,1
amigo2,bicycle_model,0,3,bicycle_model_3_0,DONE,local,1.2183827311356771e-11,9.877696343853986e-12,3,1,1
amigo2,bicycle_model,0,4,bicycle_model_4_0,DONE,local,7.61992593206424e-12,3.5902833806006617e-12,3,1,1
amigo2,bicycle_model,0,5,bicycle_model_5_0,DONE,local,1.0275074723295022e-11,4.029501238005962e-12,3,1,1
amigo2,bicycle_model,0,6,bicycle_model_6_0,DONE,local,9.998324471282267e-12,8.239911787989938e-12,3,1,1
amigo2,bicycle_model,0,7,bicycle_model_7_0,DONE,local,4.079319854493807e-11,3.676512232001591e-11,3,1,1
amigo2,biohydrogenation,0,0,biohydrogenation_0_0,DONE,local,21.18074530348511,0.7126772036993683,6,1,0
amigo2,biohydrogenation,0,1,biohydrogenation_1_0,DONE,local,5.90196723492394e-07,3.0645354985775966e-08,6,1,1
amigo2,biohydrogenation,0,2,biohydrogenation_2_0,DONE,local,3.2015096544734294e-06,2.175821003133503e-09,6,1,1
amigo2,biohydrogenation,0,3,biohydrogenation_3_0,DONE,local,8.126858737276636e-07,7.299862068080503e-09,6,1,1
amigo2,biohydrogenation,0,4,biohydrogenation_4_0,DONE,local,12.038972891433684,0.6509234470939724,6,1,0
amigo2,biohydrogenation,0,5,biohydrogenation_5_0,DONE,local,1.9485733574399397e-06,4.758800308623877e-08,6,1,1
amigo2,biohydrogenation,0,6,biohydrogenation_6_0,DONE,local,11.224938875305625,0.529304080838156,6,1,0
amigo2,biohydrogenation,0,7,biohydrogenation_7_0,DONE,local,3.704569501931577e-07,7.355510453980264e-09,6,1,1
amigo2,boost_converter,0,0,boost_converter_0_0,DONE,local,1.944258670687856e-10,1.3125356181109373e-10,3,1,1
amigo2,boost_converter,0,1,boost_converter_1_0,DONE,local,4.109544613438396e-10,4.08127747120012e-10,3,1,1
amigo2,boost_converter,0,2,boost_converter_2_0,DONE,local,3.3824029957383686e-11,1.35886620999603e-11,3,1,1
amigo2,boost_converter,0,3,boost_converter_3_0,DONE,local,2.2254095855686803e-10,2.0785514120976103e-10,3,1,1
amigo2,boost_converter,0,4,boost_converter_4_0,DONE,local,7.69554289718333e-10,5.335061721730034e-10,3,1,1
amigo2,boost_converter,0,5,boost_converter_5_0,DONE,local,2.4691816323700996e-10,1.94055672558113e-10,3,1,1
amigo2,boost_converter,0,6,boost_converter_6_0,DONE,local,8.816926546660162e-10,7.047285888627367e-10,3,1,1
amigo2,boost_converter,0,7,boost_converter_7_0,DONE,local,5.628257057734813e-10,4.4803501265169034e-10,3,1,1
amigo2,brusselator,0,0,brusselator_0_0,DONE,local,2.052379964445104e-11,1.1332425918935301e-11,2,1,1
amigo2,brusselator,0,1,brusselator_1_0,DONE,local,2.338708399230703e-10,1.2372880378391703e-10,2,1,1
amigo2,brusselator,0,2,brusselator_2_0,DONE,local,4.4079028072883767e-10,2.2894676751276644e-10,2,1,1
amigo2,brusselator,0,3,brusselator_3_0,DONE,local,7.270425396473487e-11,4.1417220441965233e-11,2,1,1
amigo2,brusselator,0,4,brusselator_4_0,DONE,local,3.341326948031337e-10,1.7725838992401682e-10,2,1,1
amigo2,brusselator,0,5,brusselator_5_0,DONE,local,0.19194488934450418,0.09597736130938377,2,1,0
amigo2,brusselator,0,6,brusselator_6_0,DONE,local,0.5197447672942872,0.25987238367019994,2,1,0
amigo2,brusselator,0,7,brusselator_7_0,DONE,local,0.612171984864228,0.30608599466705144,2,1,0
amigo2,crauste,0,0,crauste_0_0,DONE,local,0.25596276905695053,2.433421315102692e-05,12,1,0
amigo2,crauste,0,1,crauste_1_0,DONE,local,1.1022641334677929e-07,8.239401021783375e-10,12,1,1
amigo2,crauste,0,2,crauste_2_0,DONE,local,0.008821473731989282,1.679893731198814e-06,12,1,1
amigo2,crauste,0,3,crauste_3_0,DONE,local,2.544318077263289e-07,1.7728224432067116e-08,12,1,1
amigo2,crauste,0,4,crauste_4_0,DONE,local,11.738853503184712,0.9265500135205196,12,1,0
amigo2,crauste,0,5,crauste_5_0,DONE,local,0.3989440137876957,3.795401457344748e-05,12,1,0
amigo2,crauste,0,6,crauste_6_0,DONE,local,2.37368913619457e-07,2.012773676961363e-09,12,1,1
amigo2,crauste,0,7,crauste_7_0,DONE,local,7.538823264482818e-08,1.0862313058695589e-08,12,1,1
amigo2,cstr,0,0,cstr_0_0,DONE,local,0.0006870542211323351,3.929994322195562e-10,4,1,1
amigo2,cstr,0,1,cstr_1_0,DONE,local,1.0653231154943962e-05,4.401985036876346e-10,4,1,1
amigo2,cstr,0,2,cstr_2_0,DONE,local,4.712794696976379e-11,2.9367582222925755e-11,4,1,1
amigo2,cstr,0,3,cstr_3_0,DONE,local,0.02245518580446512,2.3381258839120836e-10,4,1,1
amigo2,cstr,0,4,cstr_4_0,DONE,local,5.438944106141831e-07,5.700697980455433e-09,4,1,1
amigo2,cstr,0,5,cstr_5_0,DONE,local,0.5226243671524223,0.001019158461727346,4,1,0
amigo2,cstr,0,6,cstr_6_0,DONE,local,5.366036293986477e-09,1.0390351185902779e-10,4,1,1
amigo2,cstr,0,7,cstr_7_0,DONE,local,1.1094020623317773e-07,4.1856123298025885e-10,4,1,1
amigo2,daisy_mamil3,0,0,daisy_mamil3_0_0,DONE,local,3.909894756684009e-09,8.980533195042772e-10,5,1,1
amigo2,daisy_mamil3,0,1,daisy_mamil3_1_0,DONE,local,1.0514553604380802e-10,6.167593338678143e-11,5,1,1
amigo2,daisy_mamil3,0,2,daisy_mamil3_2_0,DONE,local,2.953401741623473e-09,5.08807296518806e-10,5,1,1
amigo2,daisy_mamil3,0,3,daisy_mamil3_3_0,DONE,local,5.849889821988285e-10,1.6970361058295944e-10,5,1,1
amigo2,daisy_mamil3,0,4,daisy_mamil3_4_0,DONE,local,6.307665501026349e-10,2.5053477810862057e-10,5,1,1
amigo2,daisy_mamil3,0,5,daisy_mamil3_5_0,DONE,local,1.0463758340000138e-08,5.386955173932543e-09,5,1,1
amigo2,daisy_mamil3,0,6,daisy_mamil3_6_0,DONE,local,1.2580551365084358e-10,4.7563432812637813e-11,5,1,1
amigo2,daisy_mamil3,0,7,daisy_mamil3_7_0,DONE,local,3.907075023594857e-09,2.299088708368882e-10,5,1,1
amigo2,daisy_mamil4,0,0,daisy_mamil4_0_0,DONE,local,9.104351764123211e-10,2.804906404606842e-10,7,1,1
amigo2,daisy_mamil4,0,1,daisy_mamil4_1_0,DONE,local,4.00506076837483e-09,5.334717737900944e-10,7,1,1
amigo2,daisy_mamil4,0,2,daisy_mamil4_2_0,DONE,local,3.801234644804485e-09,5.852104112037423e-10,7,1,1
amigo2,daisy_mamil4,0,3,daisy_mamil4_3_0,DONE,local,3.614770423853019,0.15013869545034664,7,1,0
amigo2,daisy_mamil4,0,4,daisy_mamil4_4_0,DONE,local,0.36778119350358074,0.22086389843223989,7,1,0
amigo2,daisy_mamil4,0,5,daisy_mamil4_5_0,DONE,local,3.517093883931006,0.577160501177569,7,1,0
amigo2,daisy_mamil4,0,6,daisy_mamil4_6_0,DONE,local,1.5238095211202136,0.23667850817406053,7,1,0
amigo2,daisy_mamil4,0,7,daisy_mamil4_7_0,DONE,local,6.479501413785672e-09,1.4251174063117314e-10,7,1,1
amigo2,dc_motor,0,0,dc_motor_0_0,DONE,local,5.050503188354856e-10,2.526840302892114e-10,2,1,1
amigo2,dc_motor,0,1,dc_motor_1_0,DONE,local,3.289310416559762e-10,1.651227853798785e-10,2,1,1
amigo2,dc_motor,0,2,dc_motor_2_0,DONE,local,3.860401897138775e-10,1.934781903526319e-10,2,1,1
amigo2,dc_motor,0,3,dc_motor_3_0,DONE,local,3.546445629989887e-11,1.8438260604671994e-11,2,1,1
amigo2,dc_motor,0,4,dc_motor_4_0,DONE,local,2.9854946161800027e-10,1.498662284627767e-10,2,1,1
amigo2,dc_motor,0,5,dc_motor_5_0,DONE,local,1.895065916550553e-10,9.560903588734627e-11,2,1,1
amigo2,dc_motor,0,6,dc_motor_6_0,DONE,local,6.861263562769076e-11,3.50946555574931e-11,2,1,1
amigo2,dc_motor,0,7,dc_motor_7_0,DONE,local,2.7761596347866577e-12,1.7395376143148087e-12,2,1,1
amigo2,fitzhugh_nagumo,0,0,fitzhugh_nagumo_0_0,DONE,local,2.122514390408114e-07,1.8020634429127824e-07,3,1,1
amigo2,fitzhugh_nagumo,0,1,fitzhugh_nagumo_1_0,DONE,local,6.187169044724844e-07,1.658319714166995e-07,3,1,1
amigo2,fitzhugh_nagumo,0,2,fitzhugh_nagumo_2_0,DONE,local,1.9799110839543157e-08,6.822408580105062e-09,3,1,1
amigo2,fitzhugh_nagumo,0,3,fitzhugh_nagumo_3_0,DONE,local,5.315027998488478e-08,4.685993394700897e-08,3,1,1
amigo2,fitzhugh_nagumo,0,4,fitzhugh_nagumo_4_0,DONE,local,3.6780331869138415e-07,3.5216327329027054e-08,3,1,1
amigo2,fitzhugh_nagumo,0,5,fitzhugh_nagumo_5_0,DONE,local,1.7517822007799094e-07,8.845957736475409e-08,3,1,1
amigo2,fitzhugh_nagumo,0,6,fitzhugh_nagumo_6_0,DONE,local,5.0875194114621127e-08,1.024741092443687e-08,3,1,1
amigo2,fitzhugh_nagumo,0,7,fitzhugh_nagumo_7_0,DONE,local,2.3824230781507071e-07,9.190202509095046e-08,3,1,1
amigo2,flexible_arm,0,0,flexible_arm_0_0,DONE,local,6.210073526841901e-09,3.788784101269964e-09,5,1,1
amigo2,flexible_arm,0,1,flexible_arm_1_0,DONE,local,2.1090087959936292e-08,5.2628395030544585e-09,5,1,1
amigo2,flexible_arm,0,2,flexible_arm_2_0,DONE,local,8.071620169632986e-09,2.6062397066192463e-09,5,1,1
amigo2,flexible_arm,0,3,flexible_arm_3_0,DONE,local,6.76277918696153e-09,3.410658299321032e-09,5,1,1
amigo2,flexible_arm,0,4,flexible_arm_4_0,DONE,local,1.1209096478229229e-08,8.615413972297037e-09,5,1,1
amigo2,flexible_arm,0,5,flexible_arm_5_0,DONE,local,1.1040069039626871e-09,8.288384103343657e-10,5,1,1
amigo2,flexible_arm,0,6,flexible_arm_6_0,DONE,local,9.600816589935906e-09,5.844056081972459e-10,5,1,1
amigo2,flexible_arm,0,7,flexible_arm_7_0,DONE,local,2.9700141407273482e-08,6.518634515581897e-09,5,1,1
amigo2,forced_lotka_volterra,0,0,forced_lotka_volterra_0_0,DONE,local,1.3449913147533574e-10,7.733387633665249e-11,4,1,1
amigo2,forced_lotka_volterra,0,1,forced_lotka_volterra_1_0,DONE,local,1.6808914725224446e-09,5.373047271888021e-10,4,1,1
amigo2,forced_lotka_volterra,0,2,forced_lotka_volterra_2_0,DONE,local,2.3520961759172193e-10,1.1741070036279705e-10,4,1,1
amigo2,forced_lotka_volterra,0,3,forced_lotka_volterra_3_0,DONE,local,5.35969359172217e-10,3.159493348032485e-10,4,1,1
amigo2,forced_lotka_volterra,0,4,forced_lotka_volterra_4_0,DONE,local,2.45265048580767e-10,1.606169514291711e-10,4,1,1
amigo2,forced_lotka_volterra,0,5,forced_lotka_volterra_5_0,DONE,local,1.0776623684437046e-10,9.998750443583926e-11,4,1,1
amigo2,forced_lotka_volterra,0,6,forced_lotka_volterra_6_0,DONE,local,2.9625601930949277e-09,3.593900322949469e-10,4,1,1
amigo2,forced_lotka_volterra,0,7,forced_lotka_volterra_7_0,DONE,local,7.460107833300357e-10,2.486803836083475e-10,4,1,1
amigo2,harmonic_oscillator,0,0,harmonic_oscillator_0_0,DONE,local,6.053754145355944e-12,4.581654224667691e-12,2,1,1
amigo2,harmonic_oscillator,0,1,harmonic_oscillator_1_0,DONE,local,3.9864437210585884e-11,3.975359387204295e-11,2,1,1
amigo2,harmonic_oscillator,0,2,harmonic_oscillator_2_0,DONE,local,8.331673353102112e-11,8.104604092222561e-11,2,1,1
amigo2,harmonic_oscillator,0,3,harmonic_oscillator_3_0,DONE,local,3.467306163161736e-11,3.41430816313813e-11,2,1,1
amigo2,harmonic_oscillator,0,4,harmonic_oscillator_4_0,DONE,local,1.197364429827985e-11,1.1630612668812807e-11,2,1,1
amigo2,harmonic_oscillator,0,5,harmonic_oscillator_5_0,DONE,local,1.6703951608227724e-11,1.502690140938375e-11,2,1,1
amigo2,harmonic_oscillator,0,6,harmonic_oscillator_6_0,DONE,local,6.965188659753614e-12,3.768943931772701e-12,2,1,1
amigo2,harmonic_oscillator,0,7,harmonic_oscillator_7_0,DONE,local,6.432392156456616e-11,6.070401341740859e-11,2,1,1
amigo2,hiv,0,0,hiv_0_0,DONE,local,3.091369434169007e-08,5.364451479286137e-10,10,1,1
amigo2,hiv,0,1,hiv_1_0,DONE,local,4.1170820164388377e-08,6.394280956794382e-11,10,1,1
amigo2,hiv,0,2,hiv_2_0,DONE,local,1.6953348130599776e-08,2.3047978184971295e-10,10,1,1
amigo2,hiv,0,3,hiv_3_0,DONE,local,9.515671155184597e-09,3.568278200788001e-10,10,1,1
amigo2,hiv,0,4,hiv_4_0,DONE,local,4.662330123759177,0.040408069354038456,10,1,0
amigo2,hiv,0,5,hiv_5_0,DONE,local,5.554032651481566e-07,5.791578722723591e-10,10,1,1
amigo2,hiv,0,6,hiv_6_0,DONE,local,1.85485575878311e-08,3.17196351654167e-10,10,1,1
amigo2,hiv,0,7,hiv_7_0,DONE,local,3.590690221126572e-09,9.159487434127758e-11,10,1,1
amigo2,lotka_volterra,0,0,lotka_volterra_0_0,DONE,local,2.9098026376320534e-09,4.296721195309335e-10,3,1,1
amigo2,lotka_volterra,0,1,lotka_volterra_1_0,DONE,local,5.448462829190924e-10,1.6494034673429007e-10,3,1,1
amigo2,lotka_volterra,0,2,lotka_volterra_2_0,DONE,local,6.543215885838653e-10,6.12795874649857e-10,3,1,1
amigo2,lotka_volterra,0,3,lotka_volterra_3_0,DONE,local,1.595851766992917e-09,1.4924404201959753e-09,3,1,1
amigo2,lotka_volterra,0,4,lotka_volterra_4_0,DONE,local,7.464294943685678e-09,2.8202346588336736e-09,3,1,1
amigo2,lotka_volterra,0,5,lotka_volterra_5_0,DONE,local,2.247850161821228e-09,1.2488863128461322e-09,3,1,1
amigo2,lotka_volterra,0,6,lotka_volterra_6_0,DONE,local,8.850530176071086e-10,6.202276032143602e-10,3,1,1
amigo2,lotka_volterra,0,7,lotka_volterra_7_0,DONE,local,1.2934552541220028e-09,1.189937405416761e-09,3,1,1
amigo2,mass_spring_damper,0,0,mass_spring_damper_0_0,DONE,local,5.443129065951607e-10,5.776937114081343e-11,3,1,1
amigo2,mass_spring_damper,0,1,mass_spring_damper_1_0,DONE,local,2.9809037685900094e-09,2.7523836755603207e-11,3,1,1
amigo2,mass_spring_damper,0,2,mass_spring_damper_2_0,DONE,local,2.3712513434285637e-10,1.3100768601487955e-10,3,1,1
amigo2,mass_spring_damper,0,3,mass_spring_damper_3_0,DONE,local,1.470446608693929e-10,9.100478991076122e-11,3,1,1
amigo2,mass_spring_damper,0,4,mass_spring_damper_4_0,DONE,local,1.0110654012098103e-09,2.23053945455004e-10,3,1,1
amigo2,mass_spring_damper,0,5,mass_spring_damper_5_0,DONE,local,1.4168343746911476e-09,3.358050417010888e-11,3,1,1
amigo2,mass_spring_damper,0,6,mass_spring_damper_6_0,DONE,local,2.383693531160813e-09,2.3185018371896377e-11,3,1,1
amigo2,mass_spring_damper,0,7,mass_spring_damper_7_0,DONE,local,1.965699604769319e-09,2.0010801311373514e-10,3,1,1
amigo2,quadrotor,0,0,quadrotor_0_0,DONE,local,1.1864069976832552e-09,6.137897087680841e-10,2,1,1
amigo2,quadrotor,0,1,quadrotor_1_0,DONE,local,9.561021664481956e-11,4.874005375874681e-11,2,1,1
amigo2,quadrotor,0,2,quadrotor_2_0,DONE,local,8.372947759963601e-10,4.326934530654861e-10,2,1,1
amigo2,quadrotor,0,3,quadrotor_3_0,DONE,local,6.096317718156476e-10,3.0544032240623626e-10,2,1,1
amigo2,quadrotor,0,4,quadrotor_4_0,DONE,local,1.20707143313899e-10,7.211778535152896e-11,2,1,1
amigo2,quadrotor,0,5,quadrotor_5_0,DONE,local,6.632201629703203e-11,4.383125369983878e-11,2,1,1
amigo2,quadrotor,0,6,quadrotor_6_0,DONE,local,6.372356035834498e-10,3.2070641804738893e-10,2,1,1
amigo2,quadrotor,0,7,quadrotor_7_0,DONE,local,1.424904286273157e-09,7.287142580373806e-10,2,1,1
amigo2,repressilator,0,0,repressilator_0_0,DONE,local,6.642715574680949e-11,3.5050822884431716e-12,3,1,1
amigo2,repressilator,0,1,repressilator_1_0,DONE,local,2.2429290063659425e-10,1.5155661078525022e-10,3,1,1
amigo2,repressilator,0,2,repressilator_2_0,DONE,local,2.3334146185966304e-10,1.7305999075936165e-10,3,1,1
amigo2,repressilator,0,3,repressilator_3_0,DONE,local,2.19687259194549e-10,1.1003651640290602e-10,3,1,1
amigo2,repressilator,0,4,repressilator_4_0,DONE,local,2.207299935140661e-10,1.5681074437109542e-10,3,1,1
amigo2,repressilator,0,5,repressilator_5_0,DONE,local,1.8343778537940156e-10,1.6574838535362283e-10,3,1,1
amigo2,repressilator,0,6,repressilator_6_0,DONE,local,3.6796012053494814e-11,3.63717351862634e-11,3,1,1
amigo2,repressilator,0,7,repressilator_7_0,DONE,local,4.216088350601762e-10,2.557163802389249e-10,3,1,1
amigo2,seir,0,0,seir_0_0,DONE,local,6.837040390104463e-09,2.7808852998134626e-09,3,1,1
amigo2,seir,0,1,seir_1_0,DONE,local,1.298032058441376e-07,4.334761123370671e-08,3,1,1
amigo2,seir,0,2,seir_2_0,DONE,local,0.2754717169204432,0.21597634399871996,3,1,0
amigo2,seir,0,3,seir_3_0,DONE,local,8.667191035120081e-08,8.329224170281528e-08,3,1,1
amigo2,seir,0,4,seir_4_0,DONE,local,0.022566251796354065,0.02238072033574289,3,1,1
amigo2,seir,0,5,seir_5_0,DONE,local,3.902016111017354e-09,3.3555120064646046e-09,3,1,1
amigo2,seir,0,6,seir_6_0,DONE,local,0.039972055727133374,0.025505803527910844,3,1,1
amigo2,seir,0,7,seir_7_0,DONE,local,0.7787833003777612,0.4378180731625878,3,1,0
amigo2,slow_fast,0,0,slow_fast_0_0,DONE,local,2.99922951620349e-10,1.8768890281275657e-10,2,1,1
amigo2,slow_fast,0,1,slow_fast_1_0,DONE,local,8.397835567038832e-11,7.752495980248928e-11,2,1,1
amigo2,slow_fast,0,2,slow_fast_2_0,DONE,local,1.1202658519148117e-10,8.754802619848099e-11,2,1,1
amigo2,slow_fast,0,3,slow_fast_3_0,DONE,local,2.5912223382527627e-09,1.5970016095089576e-09,2,1,1
amigo2,slow_fast,0,4,slow_fast_4_0,DONE,local,3.989296690862626e-10,2.389239947768758e-10,2,1,1
amigo2,slow_fast,0,5,slow_fast_5_0,DONE,local,1.2448218219701104e-09,9.273948555619704e-10,2,1,1
amigo2,slow_fast,0,6,slow_fast_6_0,DONE,local,4.137270120513775e-10,2.2604165824267684e-10,2,1,1
amigo2,slow_fast,0,7,slow_fast_7_0,DONE,local,2.352775366165835e-09,1.3247420046111354e-09,2,1,1
amigo2,sirt_treatment,0,0,sirt_treatment_0_0,DONE,local,4.259683984447537e-10,1.1092670832742532e-10,5,1,1
amigo2,sirt_treatment,0,1,sirt_treatment_1_0,DONE,local,1.4819532712095906e-08,5.112510641016966e-10,5,1,1
amigo2,sirt_treatment,0,2,sirt_treatment_2_0,DONE,local,7.909907340339323e-08,6.071591852267756e-09,5,1,1
amigo2,sirt_treatment,0,3,sirt_treatment_3_0,DONE,local,6.068757012074725e-09,1.9238618714144514e-10,5,1,1
amigo2,sirt_treatment,0,4,sirt_treatment_4_0,DONE,local,1.217570577694005e-09,4.7841912852569194e-11,5,1,1
amigo2,sirt_treatment,0,5,sirt_treatment_5_0,DONE,local,9.740024981925139e-09,9.51387738734345e-10,5,1,1
amigo2,sirt_treatment,0,6,sirt_treatment_6_0,DONE,local,1.3353670497495846e-08,1.1721818104530522e-09,5,1,1
amigo2,sirt_treatment,0,7,sirt_treatment_7_0,DONE,local,2.1922987311080433e-08,1.91394013689644e-09,5,1,1
amigo2,vanderpol,0,0,vanderpol_0_0,DONE,local,1.9938437811966832e-10,1.3562208936984145e-10,2,1,1
amigo2,vanderpol,0,1,vanderpol_1_0,DONE,local,1.4847288038113948e-10,7.644148637205912e-11,2,1,1
amigo2,vanderpol,0,2,vanderpol_2_0,DONE,local,3.877261483543157e-11,2.1926205960621013e-11,2,1,1
amigo2,vanderpol,0,3,vanderpol_3_0,DONE,local,4.31206681144205e-11,3.459331579444384e-11,2,1,1
amigo2,vanderpol,0,4,vanderpol_4_0,DONE,local,6.303746231745648e-10,3.254526824927431e-10,2,1,1
amigo2,vanderpol,0,5,vanderpol_5_0,DONE,local,1.0014034518870302e-10,5.200625929230856e-11,2,1,1
amigo2,vanderpol,0,6,vanderpol_6_0,DONE,local,1.724065939966577e-10,1.2575228438956439e-10,2,1,1
amigo2,vanderpol,0,7,vanderpol_7_0,DONE,local,1.0822291288838229e-10,9.311615036980696e-11,2,1,1
amigo2,latent_subpopulation_branch,0,0,latent_subpopulation_branch_0_0,DONE,local,0.5694914358606882,0.24250196763849638,6,1,0
amigo2,latent_subpopulation_branch,0,1,latent_subpopulation_branch_1_0,DONE,local,0.07782811443238748,0.03230943850309598,6,1,1
amigo2,latent_subpopulation_branch,0,2,latent_subpopulation_branch_2_0,DONE,local,1.8087974334323674e-07,2.8319035371933595e-08,6,1,1
amigo2,latent_subpopulation_branch,0,3,latent_subpopulation_branch_3_0,DONE,local,0.012210915438536325,0.0022683405355103997,6,1,1
amigo2,latent_subpopulation_branch,0,4,latent_subpopulation_branch_4_0,DONE,local,2.8228571517609535,0.4826500094693131,6,1,0
amigo2,latent_subpopulation_branch,0,5,latent_subpopulation_branch_5_0,DONE,local,4.060900677842548e-06,6.139958503351689e-07,6,1,1
amigo2,latent_subpopulation_branch,0,6,latent_subpopulation_branch_6_0,DONE,local,2.593749981711124,0.36804872559497415,6,1,0
amigo2,latent_subpopulation_branch,0,7,latent_subpopulation_branch_7_0,DONE,local,2.9760766362320386,0.17492916399672298,6,1,0
amigo2,latent_subpopulation_observed_control,0,0,latent_subpopulation_observed_control_0_0,DONE,local,1.1507790363331351e-09,3.4049283610585605e-10,6,1,1
amigo2,latent_subpopulation_observed_control,0,1,latent_subpopulation_observed_control_1_0,DONE,local,6.083430726709819e-09,4.691414872702121e-10,6,1,1
amigo2,latent_subpopulation_observed_control,0,2,latent_subpopulation_observed_control_2_0,DONE,local,6.868886138978534e-10,2.2934243373870492e-10,6,1,1
amigo2,latent_subpopulation_observed_control,0,3,latent_subpopulation_observed_control_3_0,DONE,local,1.1580054327366647e-09,2.6304042462290463e-10,6,1,1
amigo2,latent_subpopulation_observed_control,0,4,latent_subpopulation_observed_control_4_0,DONE,local,1.0558219229461763e-09,1.3835702031933684e-10,6,1,1
amigo2,latent_subpopulation_observed_control,0,5,latent_subpopulation_observed_control_5_0,DONE,local,8.874219992658377e-10,2.280697862034315e-10,6,1,1
amigo2,latent_subpopulation_observed_control,0,6,latent_subpopulation_observed_control_6_0,DONE,local,1.0430392285612114e-09,2.2459285901965097e-10,6,1,1
amigo2,latent_subpopulation_observed_control,0,7,latent_subpopulation_observed_control_7_0,DONE,local,2.673775730736102e-10,7.112492717965933e-11,6,1,1
amigo2,receptor_subtype_binding_branch,0,0,receptor_subtype_binding_branch_0_0,FAILURE,,,,,,0
amigo2,receptor_subtype_binding_branch,0,1,receptor_subtype_binding_branch_1_0,FAILURE,,,,,,0
amigo2,receptor_subtype_binding_branch,0,2,receptor_subtype_binding_branch_2_0,FAILURE,,,,,,0
amigo2,receptor_subtype_binding_branch,0,3,receptor_subtype_binding_branch_3_0,FAILURE,,,,,,0
amigo2,receptor_subtype_binding_branch,0,4,receptor_subtype_binding_branch_4_0,FAILURE,,,,,,0
amigo2,receptor_subtype_binding_branch,0,5,receptor_subtype_binding_branch_5_0,FAILURE,,,,,,0
amigo2,receptor_subtype_binding_branch,0,6,receptor_subtype_binding_branch_6_0,FAILURE,,,,,,0
amigo2,receptor_subtype_binding_branch,0,7,receptor_subtype_binding_branch_7_0,FAILURE,,,,,,0
amigo2,receptor_subtype_binding_observed_control,0,0,receptor_subtype_binding_observed_control_0_0,DONE,local,3.5839264192841002e-09,8.54983425205346e-10,6,1,1
amigo2,receptor_subtype_binding_observed_control,0,1,receptor_subtype_binding_observed_control_1_0,DONE,local,2.45061489619521e-09,1.8675350013655457e-09,6,1,1
amigo2,receptor_subtype_binding_observed_control,0,2,receptor_subtype_binding_observed_control_2_0,DONE,local,4.5214070072814925e-09,8.727281213261633e-10,6,1,1
amigo2,receptor_subtype_binding_observed_control,0,3,receptor_subtype_binding_observed_control_3_0,DONE,local,3.115271844170579e-09,1.1289830685191566e-09,6,1,1
amigo2,receptor_subtype_binding_observed_control,0,4,receptor_subtype_binding_observed_control_4_0,DONE,local,1.0210313966856474e-08,1.077318169575726e-09,6,1,1
amigo2,receptor_subtype_binding_observed_control,0,5,receptor_subtype_binding_observed_control_5_0,DONE,local,1.124110431175555e-08,3.069114315461924e-09,6,1,1
amigo2,receptor_subtype_binding_observed_control,0,6,receptor_subtype_binding_observed_control_6_0,DONE,local,6.497142684210799e-09,1.5024193242933376e-09,6,1,1
amigo2,receptor_subtype_binding_observed_control,0,7,receptor_subtype_binding_observed_control_7_0,DONE,local,3.003926600928127e-08,5.464978199326722e-09,6,1,1
amigo2,aircraft_pitch,1em8,0,aircraft_pitch_0_1em8,DONE,local,4.996666400308623e-08,1.600599018081812e-10,4,1,1
amigo2,aircraft_pitch,1em8,1,aircraft_pitch_1_1em8,DONE,local,5.81220408265472e-08,1.1116024765225351e-10,4,1,1
amigo2,aircraft_pitch,1em8,2,aircraft_pitch_2_1em8,DONE,local,8.18170604872722e-08,4.910419734165141e-10,4,1,1
amigo2,aircraft_pitch,1em8,3,aircraft_pitch_3_1em8,DONE,local,1.9730810375699916e-09,1.7318336808607707e-11,4,1,1
amigo2,aircraft_pitch,1em8,4,aircraft_pitch_4_1em8,DONE,local,1.1167610666480623e-09,1.3241752343818923e-10,4,1,1
amigo2,aircraft_pitch,1em8,5,aircraft_pitch_5_1em8,DONE,local,1.4273703013492332e-06,5.321556349344202e-10,4,1,1
amigo2,aircraft_pitch,1em8,6,aircraft_pitch_6_1em8,DONE,local,4.7282256335521057e-07,5.587619874612355e-10,4,1,1
amigo2,aircraft_pitch,1em8,7,aircraft_pitch_7_1em8,DONE,local,2.7723381394794715e-07,5.364906861415768e-10,4,1,1
amigo2,bicycle_model,1em8,0,bicycle_model_0_1em8,DONE,local,1.1584222037607906e-10,9.983572154386062e-11,3,1,1
amigo2,bicycle_model,1em8,1,bicycle_model_1_1em8,DONE,local,1.82795508053532e-10,1.550415388543271e-10,3,1,1
amigo2,bicycle_model,1em8,2,bicycle_model_2_1em8,DONE,local,2.682022158497826e-10,2.4387740897378906e-10,3,1,1
amigo2,bicycle_model,1em8,3,bicycle_model_3_1em8,DONE,local,9.311720964567026e-10,8.014118594654213e-10,3,1,1
amigo2,bicycle_model,1em8,4,bicycle_model_4_1em8,DONE,local,8.393956186969721e-10,8.283166384048891e-10,3,1,1
amigo2,bicycle_model,1em8,5,bicycle_model_5_1em8,DONE,local,1.091619043220653e-09,8.533191883593815e-10,3,1,1
amigo2,bicycle_model,1em8,6,bicycle_model_6_1em8,DONE,local,1.0782296143288325e-10,7.747125513068972e-11,3,1,1
amigo2,bicycle_model,1em8,7,bicycle_model_7_1em8,DONE,local,3.9667984402226073e-10,2.7780737756882556e-10,3,1,1
amigo2,biohydrogenation,1em8,0,biohydrogenation_0_1em8,DONE,local,21.179318640458185,0.7126895991220747,6,1,0
amigo2,biohydrogenation,1em8,1,biohydrogenation_1_1em8,DONE,local,0.0001578857158610604,1.9925572280374768e-05,6,1,1
amigo2,biohydrogenation,1em8,2,biohydrogenation_2_1em8,DONE,local,0.0013515900620230971,2.3279063411348555e-06,6,1,1
amigo2,biohydrogenation,1em8,3,biohydrogenation_3_1em8,DONE,local,0.0008280665696130138,6.569326458114889e-06,6,1,1
amigo2,biohydrogenation,1em8,4,biohydrogenation_4_1em8,DONE,local,1.6000186914781194,0.23673665713548,6,1,0
amigo2,biohydrogenation,1em8,5,biohydrogenation_5_1em8,DONE,local,6.339353060334866e-05,1.9789531223520434e-06,6,1,1
amigo2,biohydrogenation,1em8,6,biohydrogenation_6_1em8,DONE,local,11.224938875305625,0.5293073108789228,6,1,0
amigo2,biohydrogenation,1em8,7,biohydrogenation_7_1em8,DONE,local,3.2218527384169278,0.6642317603587582,6,1,0
amigo2,boost_converter,1em8,0,boost_converter_0_1em8,DONE,local,1.5403234243649422e-09,8.812988379963211e-10,3,1,1
amigo2,boost_converter,1em8,1,boost_converter_1_1em8,DONE,local,1.014030289106139e-09,6.770894386475809e-10,3,1,1
amigo2,boost_converter,1em8,2,boost_converter_2_1em8,DONE,local,6.948787197285645e-09,3.840313864473856e-09,3,1,1
amigo2,boost_converter,1em8,3,boost_converter_3_1em8,DONE,local,2.0360948622161148e-09,6.129502425792206e-10,3,1,1
amigo2,boost_converter,1em8,4,boost_converter_4_1em8,DONE,local,6.862824671693155e-09,8.745898899992671e-10,3,1,1
amigo2,boost_converter,1em8,5,boost_converter_5_1em8,DONE,local,2.900787677033692e-09,2.5421100798624613e-09,3,1,1
amigo2,boost_converter,1em8,6,boost_converter_6_1em8,DONE,local,1.281550130859623e-09,1.1434412285517422e-09,3,1,1
amigo2,boost_converter,1em8,7,boost_converter_7_1em8,DONE,local,2.6749471712154015e-09,9.571631855745473e-10,3,1,1
amigo2,brusselator,1em8,0,brusselator_0_1em8,DONE,local,3.5364690350608398e-09,1.859323260452643e-09,2,1,1
amigo2,brusselator,1em8,1,brusselator_1_1em8,DONE,local,7.129372587115912e-08,3.5669746994293734e-08,2,1,1
amigo2,brusselator,1em8,2,brusselator_2_1em8,DONE,local,1.447655272218806e-07,7.252174165372403e-08,2,1,1
amigo2,brusselator,1em8,3,brusselator_3_1em8,DONE,local,5.349787516057922e-08,2.6753511986277708e-08,2,1,1
amigo2,brusselator,1em8,4,brusselator_4_1em8,DONE,local,2.132896823902309e-08,1.0709998709872052e-08,2,1,1
amigo2,brusselator,1em8,5,brusselator_5_1em8,DONE,local,0.8169994565267247,0.4085047957609323,2,1,0
amigo2,brusselator,1em8,6,brusselator_6_1em8,DONE,local,0.6048859680772652,0.3024429841386561,2,1,0
amigo2,brusselator,1em8,7,brusselator_7_1em8,DONE,local,0.856144703950243,0.4280723573243417,2,1,0
amigo2,crauste,1em8,0,crauste_0_1em8,DONE,local,0.9644294723644803,0.00015633568971184763,12,1,0
amigo2,crauste,1em8,1,crauste_1_1em8,DONE,local,2.415707481467265e-06,2.6902402007471142e-08,12,1,1
amigo2,crauste,1em8,2,crauste_2_1em8,DONE,local,0.0041719373091012625,8.107809813451014e-07,12,1,1
amigo2,crauste,1em8,3,crauste_3_1em8,DONE,local,1.3629325799201453e-06,1.727604020399024e-07,12,1,1
amigo2,crauste,1em8,4,crauste_4_1em8,DONE,local,0.06328961481474388,0.0012698531624511446,12,1,1
amigo2,crauste,1em8,5,crauste_5_1em8,DONE,local,4.830112600153358,0.0005980699969174411,12,1,0
amigo2,crauste,1em8,6,crauste_6_1em8,DONE,local,4.789694917284681e-05,4.679926946134806e-07,12,1,1
amigo2,crauste,1em8,7,crauste_7_1em8,DONE,local,8.995399647966712e-06,8.220706062617106e-08,12,1,1
amigo2,cstr,1em8,0,cstr_0_1em8,DONE,local,0.1039935320210341,1.727830169265063e-08,4,1,0
amigo2,cstr,1em8,1,cstr_1_1em8,DONE,local,0.0018452238599991739,3.881956666530718e-08,4,1,1
amigo2,cstr,1em8,2,cstr_2_1em8,DONE,local,1.2851338697873666e-05,5.202589906782773e-07,4,1,1
amigo2,cstr,1em8,3,cstr_3_1em8,DONE,local,0.14919450563449968,2.4585848834557694e-08,4,1,0
amigo2,cstr,1em8,4,cstr_4_1em8,DONE,local,7.901848635703781e-05,8.263147688289443e-07,4,1,1
amigo2,cstr,1em8,5,cstr_5_1em8,DONE,local,0.3744098282355713,0.000730122254258221,4,1,0
amigo2,cstr,1em8,6,cstr_6_1em8,DONE,local,5.806150473651649e-05,1.4525168395191582e-06,4,1,1
amigo2,cstr,1em8,7,cstr_7_1em8,DONE,local,2.220092069478526e-07,2.8953854552577837e-08,4,1,1
amigo2,daisy_mamil3,1em8,0,daisy_mamil3_0_1em8,DONE,local,3.46240944201554e-07,7.702335500698374e-08,5,1,1
amigo2,daisy_mamil3,1em8,1,daisy_mamil3_1_1em8,DONE,local,7.504654423148596e-08,3.298794832974473e-08,5,1,1
amigo2,daisy_mamil3,1em8,2,daisy_mamil3_2_1em8,DONE,local,7.098191814613894e-08,9.342554964469398e-09,5,1,1
amigo2,daisy_mamil3,1em8,3,daisy_mamil3_3_1em8,DONE,local,1.0970852099893494e-07,1.317055397491367e-08,5,1,1
amigo2,daisy_mamil3,1em8,4,daisy_mamil3_4_1em8,DONE,local,2.4104999933839805e-08,6.187464084156402e-09,5,1,1
amigo2,daisy_mamil3,1em8,5,daisy_mamil3_5_1em8,DONE,local,6.964491623698416e-08,3.08878062382573e-08,5,1,1
amigo2,daisy_mamil3,1em8,6,daisy_mamil3_6_1em8,DONE,local,4.945594171488032e-08,3.680235751509359e-08,5,1,1
amigo2,daisy_mamil3,1em8,7,daisy_mamil3_7_1em8,DONE,local,1.7646332594744717e-07,3.8273615218334384e-09,5,1,1
amigo2,daisy_mamil4,1em8,0,daisy_mamil4_0_1em8,DONE,local,1.5113976894369987e-06,8.333643700171727e-07,7,1,1
amigo2,daisy_mamil4,1em8,1,daisy_mamil4_1_1em8,DONE,local,1.2395220001903621e-05,1.9213347963902112e-07,7,1,1
amigo2,daisy_mamil4,1em8,2,daisy_mamil4_2_1em8,DONE,local,2.9774015211099463,0.5756149904332272,7,1,0
amigo2,daisy_mamil4,1em8,3,daisy_mamil4_3_1em8,DONE,local,3.6147786131474606,0.1501393299388949,7,1,0
amigo2,daisy_mamil4,1em8,4,daisy_mamil4_4_1em8,DONE,local,0.36780934082749,0.22086563909751386,7,1,0
amigo2,daisy_mamil4,1em8,5,daisy_mamil4_5_1em8,DONE,local,2.9498661079524053e-05,2.8501015250288393e-06,7,1,1
amigo2,daisy_mamil4,1em8,6,daisy_mamil4_6_1em8,DONE,local,1.0671060585485347e-05,1.4979763083345159e-06,7,1,1
amigo2,daisy_mamil4,1em8,7,daisy_mamil4_7_1em8,DONE,local,1.708831392742448,0.24907308319288007,7,1,0
amigo2,dc_motor,1em8,0,dc_motor_0_1em8,DONE,local,1.7122360256546085e-08,8.586253629830255e-09,2,1,1
amigo2,dc_motor,1em8,1,dc_motor_1_1em8,DONE,local,2.3841526517109548e-08,1.2224761417698411e-08,2,1,1
amigo2,dc_motor,1em8,2,dc_motor_2_1em8,DONE,local,1.732636122118024e-08,9.000625510287909e-09,2,1,1
amigo2,dc_motor,1em8,3,dc_motor_3_1em8,DONE,local,1.0012492133739321e-08,5.129641766392213e-09,2,1,1
amigo2,dc_motor,1em8,4,dc_motor_4_1em8,DONE,local,1.2127359265543833e-08,6.282237651170563e-09,2,1,1
amigo2,dc_motor,1em8,5,dc_motor_5_1em8,DONE,local,7.166083448701852e-09,3.845338798541845e-09,2,1,1
amigo2,dc_motor,1em8,6,dc_motor_6_1em8,DONE,local,3.73746229390966e-09,2.0376337160146795e-09,2,1,1
amigo2,dc_motor,1em8,7,dc_motor_7_1em8,DONE,local,6.6250436084319214e-09,3.6623402733491995e-09,2,1,1
amigo2,fitzhugh_nagumo,1em8,0,fitzhugh_nagumo_0_1em8,DONE,local,3.3113018056365885e-06,1.701896942719991e-06,3,1,1
amigo2,fitzhugh_nagumo,1em8,1,fitzhugh_nagumo_1_1em8,DONE,local,2.6459443384482503e-06,7.502768728582775e-07,3,1,1
amigo2,fitzhugh_nagumo,1em8,2,fitzhugh_nagumo_2_1em8,DONE,local,5.10614378046703e-06,1.2935501029821244e-06,3,1,1
amigo2,fitzhugh_nagumo,1em8,3,fitzhugh_nagumo_3_1em8,DONE,local,1.8904662296716554e-06,1.177106179459061e-06,3,1,1
amigo2,fitzhugh_nagumo,1em8,4,fitzhugh_nagumo_4_1em8,DONE,local,0.00021811377219379505,2.1149049302471577e-05,3,1,1
amigo2,fitzhugh_nagumo,1em8,5,fitzhugh_nagumo_5_1em8,DONE,local,8.595751215314995e-06,5.1505368641365425e-06,3,1,1
amigo2,fitzhugh_nagumo,1em8,6,fitzhugh_nagumo_6_1em8,DONE,local,2.598992925987091e-06,2.575341841819012e-06,3,1,1
amigo2,fitzhugh_nagumo,1em8,7,fitzhugh_nagumo_7_1em8,DONE,local,1.7990678838774305e-05,3.720954658218143e-06,3,1,1
amigo2,flexible_arm,1em8,0,flexible_arm_0_1em8,DONE,local,1.2954793902488635e-06,8.711825572446255e-07,5,1,1
amigo2,flexible_arm,1em8,1,flexible_arm_1_1em8,DONE,local,1.3119906568830235e-06,6.535863833051918e-07,5,1,1
amigo2,flexible_arm,1em8,2,flexible_arm_2_1em8,DONE,local,5.279111761026006e-07,3.6685630711692574e-07,5,1,1
amigo2,flexible_arm,1em8,3,flexible_arm_3_1em8,DONE,local,8.892692641288004e-07,4.217251852511689e-07,5,1,1
amigo2,flexible_arm,1em8,4,flexible_arm_4_1em8,DONE,local,1.8722862059899657e-07,9.091530048261823e-08,5,1,1
amigo2,flexible_arm,1em8,5,flexible_arm_5_1em8,DONE,local,9.229780707124425e-07,4.4946305763866716e-07,5,1,1
amigo2,flexible_arm,1em8,6,flexible_arm_6_1em8,DONE,local,2.126416413639964e-07,8.778276410413181e-08,5,1,1
amigo2,flexible_arm,1em8,7,flexible_arm_7_1em8,DONE,local,7.748824277067482e-07,2.04104388411688e-07,5,1,1
amigo2,forced_lotka_volterra,1em8,0,forced_lotka_volterra_0_1em8,DONE,local,1.3459854859587026e-09,3.6657397547420024e-10,4,1,1
amigo2,forced_lotka_volterra,1em8,1,forced_lotka_volterra_1_1em8,DONE,local,3.6476674394170757e-09,1.3293013807250349e-09,4,1,1
amigo2,forced_lotka_volterra,1em8,2,forced_lotka_volterra_2_1em8,DONE,local,7.774359651957017e-10,4.3147230125518896e-10,4,1,1
amigo2,forced_lotka_volterra,1em8,3,forced_lotka_volterra_3_1em8,DONE,local,1.3674880672276402e-09,7.8804992006787e-10,4,1,1
amigo2,forced_lotka_volterra,1em8,4,forced_lotka_volterra_4_1em8,DONE,local,1.0452375399314288e-09,6.07568112244507e-10,4,1,1
amigo2,forced_lotka_volterra,1em8,5,forced_lotka_volterra_5_1em8,DONE,local,1.1211440058631885e-09,7.163197531676897e-10,4,1,1
amigo2,forced_lotka_volterra,1em8,6,forced_lotka_volterra_6_1em8,DONE,local,1.5129793226160954e-08,1.3225797265486059e-09,4,1,1
amigo2,forced_lotka_volterra,1em8,7,forced_lotka_volterra_7_1em8,DONE,local,9.881377484211275e-10,6.010218226073701e-10,4,1,1
amigo2,harmonic_oscillator,1em8,0,harmonic_oscillator_0_1em8,DONE,local,5.887220691662171e-11,4.415846042296537e-11,2,1,1
amigo2,harmonic_oscillator,1em8,1,harmonic_oscillator_1_1em8,DONE,local,2.3295597005812554e-11,2.1961827045705848e-11,2,1,1
amigo2,harmonic_oscillator,1em8,2,harmonic_oscillator_2_1em8,DONE,local,8.366808646469661e-11,8.248339971855656e-11,2,1,1
amigo2,harmonic_oscillator,1em8,3,harmonic_oscillator_3_1em8,DONE,local,3.738837839229252e-11,3.714108453459692e-11,2,1,1
amigo2,harmonic_oscillator,1em8,4,harmonic_oscillator_4_1em8,DONE,local,7.248779354540602e-11,6.120313734784772e-11,2,1,1
amigo2,harmonic_oscillator,1em8,5,harmonic_oscillator_5_1em8,DONE,local,2.6230537143934835e-11,1.6480951478680177e-11,2,1,1
amigo2,harmonic_oscillator,1em8,6,harmonic_oscillator_6_1em8,DONE,local,1.9230194921828875e-10,1.2468755364952198e-10,2,1,1
amigo2,harmonic_oscillator,1em8,7,harmonic_oscillator_7_1em8,DONE,local,6.444044497210565e-11,6.089753176951419e-11,2,1,1
amigo2,hiv,1em8,0,hiv_0_1em8,DONE,local,3.285090124063144e-05,5.390471844969174e-07,10,1,1
amigo2,hiv,1em8,1,hiv_1_1em8,DONE,local,2.767030185054685e-05,1.843098234309133e-06,10,1,1
amigo2,hiv,1em8,2,hiv_2_1em8,DONE,local,5.103626627792994e-06,4.1220313376413964e-07,10,1,1
amigo2,hiv,1em8,3,hiv_3_1em8,DONE,local,5.635772787935768e-06,5.638252685213464e-07,10,1,1
amigo2,hiv,1em8,4,hiv_4_1em8,DONE,local,3.5502152559730184e-06,1.0038106101191662e-07,10,1,1
amigo2,hiv,1em8,5,hiv_5_1em8,DONE,local,6.3733079763663525e-06,7.730060641519078e-07,10,1,1
amigo2,hiv,1em8,6,hiv_6_1em8,DONE,local,6.509795102450214e-05,1.6290368367707047e-06,10,1,1
amigo2,hiv,1em8,7,hiv_7_1em8,DONE,local,1.8494575550761804e-05,6.952290832801363e-07,10,1,1
amigo2,lotka_volterra,1em8,0,lotka_volterra_0_1em8,DONE,local,1.1668607113684627e-08,8.086526773621048e-10,3,1,1
amigo2,lotka_volterra,1em8,1,lotka_volterra_1_1em8,DONE,local,3.983791536022204e-10,3.691256580698718e-10,3,1,1
amigo2,lotka_volterra,1em8,2,lotka_volterra_2_1em8,DONE,local,2.897727848917522e-09,2.7797006648688056e-09,3,1,1
amigo2,lotka_volterra,1em8,3,lotka_volterra_3_1em8,DONE,local,4.580376661092672e-09,4.342546861572522e-09,3,1,1
amigo2,lotka_volterra,1em8,4,lotka_volterra_4_1em8,DONE,local,7.651389353563029e-09,2.4144603940700022e-09,3,1,1
amigo2,lotka_volterra,1em8,5,lotka_volterra_5_1em8,DONE,local,4.515234230494035e-09,3.3859168698776308e-09,3,1,1
amigo2,lotka_volterra,1em8,6,lotka_volterra_6_1em8,DONE,local,1.2497720934430929e-08,1.2378031580317563e-08,3,1,1
amigo2,lotka_volterra,1em8,7,lotka_volterra_7_1em8,DONE,local,4.691916649168278e-09,4.5128149508871315e-09,3,1,1
amigo2,mass_spring_damper,1em8,0,mass_spring_damper_0_1em8,DONE,local,2.1783063518646034e-09,2.039632581920881e-09,3,1,1
amigo2,mass_spring_damper,1em8,1,mass_spring_damper_1_1em8,DONE,local,1.1101319139312877e-09,1.4686054348827405e-10,3,1,1
amigo2,mass_spring_damper,1em8,2,mass_spring_damper_2_1em8,DONE,local,8.811005510700859e-10,3.077767238875879e-10,3,1,1
amigo2,mass_spring_damper,1em8,3,mass_spring_damper_3_1em8,DONE,local,1.1402731249642652e-09,1.541047470576676e-10,3,1,1
amigo2,mass_spring_damper,1em8,4,mass_spring_damper_4_1em8,DONE,local,4.3546507272493116e-09,1.3236606513309536e-09,3,1,1
amigo2,mass_spring_damper,1em8,5,mass_spring_damper_5_1em8,DONE,local,2.712801940757139e-09,9.155834642259567e-11,3,1,1
amigo2,mass_spring_damper,1em8,6,mass_spring_damper_6_1em8,DONE,local,3.2026466615793917e-09,2.1657418270344469e-10,3,1,1
amigo2,mass_spring_damper,1em8,7,mass_spring_damper_7_1em8,DONE,local,1.4943314386777151e-09,4.653476825392585e-10,3,1,1
amigo2,quadrotor,1em8,0,quadrotor_0_1em8,DONE,local,1.0369569641209797e-08,7.501654130467508e-09,2,1,1
amigo2,quadrotor,1em8,1,quadrotor_1_1em8,DONE,local,1.4245691347425913e-09,1.3646160253076803e-09,2,1,1
amigo2,quadrotor,1em8,2,quadrotor_2_1em8,DONE,local,2.769244000777604e-08,1.5867178351233166e-08,2,1,1
amigo2,quadrotor,1em8,3,quadrotor_3_1em8,DONE,local,1.9531694909690745e-08,9.930810608069869e-09,2,1,1
amigo2,quadrotor,1em8,4,quadrotor_4_1em8,DONE,local,3.3003340847660582e-09,2.3431532741251568e-09,2,1,1
amigo2,quadrotor,1em8,5,quadrotor_5_1em8,DONE,local,1.9438327490838168e-09,1.404860968783942e-09,2,1,1
amigo2,quadrotor,1em8,6,quadrotor_6_1em8,DONE,local,2.1853434051180993e-08,1.2028588673230549e-08,2,1,1
amigo2,quadrotor,1em8,7,quadrotor_7_1em8,DONE,local,3.400424915190299e-08,1.8945875670805314e-08,2,1,1
amigo2,repressilator,1em8,0,repressilator_0_1em8,DONE,local,2.6134765282428177e-09,1.9392490857259613e-09,3,1,1
amigo2,repressilator,1em8,1,repressilator_1_1em8,DONE,local,1.1854755093458663e-08,8.285475746213569e-09,3,1,1
amigo2,repressilator,1em8,2,repressilator_2_1em8,DONE,local,7.983605531198174e-09,5.854406570555853e-09,3,1,1
amigo2,repressilator,1em8,3,repressilator_3_1em8,DONE,local,3.3440212624285882e-09,2.8797512967955008e-09,3,1,1
amigo2,repressilator,1em8,4,repressilator_4_1em8,DONE,local,3.4903965094957257e-09,1.1685648208199623e-09,3,1,1
amigo2,repressilator,1em8,5,repressilator_5_1em8,DONE,local,5.59662588510973e-09,3.340236207285749e-09,3,1,1
amigo2,repressilator,1em8,6,repressilator_6_1em8,DONE,local,8.893537255518525e-09,7.495691096472806e-09,3,1,1
amigo2,repressilator,1em8,7,repressilator_7_1em8,DONE,local,2.171509701444766e-08,9.460148644471724e-09,3,1,1
amigo2,seir,1em8,0,seir_0_1em8,DONE,local,3.20435227406586e-07,8.912568945489015e-08,3,1,1
amigo2,seir,1em8,1,seir_1_1em8,DONE,local,2.45000486444965e-06,6.053738999084974e-07,3,1,1
amigo2,seir,1em8,2,seir_2_1em8,DONE,local,0.2754728298714965,0.21597684887961655,3,1,0
amigo2,seir,1em8,3,seir_3_1em8,DONE,local,1.134572229161859e-05,1.1120194102664062e-05,3,1,1
amigo2,seir,1em8,4,seir_4_1em8,DONE,local,0.008309489897756843,0.008241171524507035,3,1,1
amigo2,seir,1em8,5,seir_5_1em8,DONE,local,3.3928598874812814,0.7723578688118633,3,1,0
amigo2,seir,1em8,6,seir_6_1em8,DONE,local,0.001500532909683122,0.000992789923817056,3,1,1
amigo2,seir,1em8,7,seir_7_1em8,DONE,local,0.7788724874862635,0.4378681379731943,3,1,0
amigo2,slow_fast,1em8,0,slow_fast_0_1em8,DONE,local,4.8945531710534924e-08,4.137210892464615e-08,2,1,1
amigo2,slow_fast,1em8,1,slow_fast_1_1em8,DONE,local,4.0267152696622827e-08,2.813970326915483e-08,2,1,1
amigo2,slow_fast,1em8,2,slow_fast_2_1em8,DONE,local,1.1019102297282758e-08,1.066079136623531e-08,2,1,1
amigo2,slow_fast,1em8,3,slow_fast_3_1em8,DONE,local,2.6806275240164477e-07,1.5441328146159138e-07,2,1,1
amigo2,slow_fast,1em8,4,slow_fast_4_1em8,DONE,local,9.610694755097672e-08,7.287962694740075e-08,2,1,1
amigo2,slow_fast,1em8,5,slow_fast_5_1em8,DONE,local,0.3204631924202656,0.281576612437165,2,1,0
amigo2,slow_fast,1em8,6,slow_fast_6_1em8,DONE,local,2.796485759306065e-08,1.607980941173228e-08,2,1,1
amigo2,slow_fast,1em8,7,slow_fast_7_1em8,DONE,local,1.83574626255431e-07,9.917985096669144e-08,2,1,1
amigo2,sirt_treatment,1em8,0,sirt_treatment_0_1em8,DONE,local,6.265238328140299e-07,6.624147695013315e-08,5,1,1
amigo2,sirt_treatment,1em8,1,sirt_treatment_1_1em8,DONE,local,6.256720088693157e-07,2.0286083669543282e-08,5,1,1
amigo2,sirt_treatment,1em8,2,sirt_treatment_2_1em8,DONE,local,5.960524034490159e-07,3.835778570364865e-08,5,1,1
amigo2,sirt_treatment,1em8,3,sirt_treatment_3_1em8,DONE,local,1.734204931173751e-07,4.85889610439498e-08,5,1,1
amigo2,sirt_treatment,1em8,4,sirt_treatment_4_1em8,DONE,local,2.2785555167104122e-07,1.0195187424259282e-08,5,1,1
amigo2,sirt_treatment,1em8,5,sirt_treatment_5_1em8,DONE,local,2.815164035904168e-07,3.656144394870418e-08,5,1,1
amigo2,sirt_treatment,1em8,6,sirt_treatment_6_1em8,DONE,local,6.444001412489022e-07,1.0353089140165391e-08,5,1,1
amigo2,sirt_treatment,1em8,7,sirt_treatment_7_1em8,DONE,local,3.970710901131223e-06,2.3310773204976576e-07,5,1,1
amigo2,vanderpol,1em8,0,vanderpol_0_1em8,DONE,local,2.1114627486210492e-10,1.4219184238772627e-10,2,1,1
amigo2,vanderpol,1em8,1,vanderpol_1_1em8,DONE,local,2.2275247340095104e-10,1.181329286805834e-10,2,1,1
amigo2,vanderpol,1em8,2,vanderpol_2_1em8,DONE,local,1.534664809386083e-10,1.1897098661666391e-10,2,1,1
amigo2,vanderpol,1em8,3,vanderpol_3_1em8,DONE,local,4.492216044958421e-10,2.408879418665477e-10,2,1,1
amigo2,vanderpol,1em8,4,vanderpol_4_1em8,DONE,local,7.170885015110254e-10,3.672730919268317e-10,2,1,1
amigo2,vanderpol,1em8,5,vanderpol_5_1em8,DONE,local,3.5208303963403043e-09,1.8999938903213517e-09,2,1,1
amigo2,vanderpol,1em8,6,vanderpol_6_1em8,DONE,local,1.548677928253518e-10,1.2047098490966634e-10,2,1,1
amigo2,vanderpol,1em8,7,vanderpol_7_1em8,DONE,local,1.068329059113036e-10,9.264887830960167e-11,2,1,1
amigo2,latent_subpopulation_branch,1em8,0,latent_subpopulation_branch_0_1em8,DONE,local,0.8897693648137728,0.1944189141208463,6,1,0
amigo2,latent_subpopulation_branch,1em8,1,latent_subpopulation_branch_1_1em8,DONE,local,0.000495547790107214,7.544790285610539e-05,6,1,1
amigo2,latent_subpopulation_branch,1em8,2,latent_subpopulation_branch_2_1em8,DONE,local,2.0250055878928572,0.5227747954629889,6,1,0
amigo2,latent_subpopulation_branch,1em8,3,latent_subpopulation_branch_3_1em8,DONE,local,0.3041013775975875,0.10204410315942969,6,1,0
amigo2,latent_subpopulation_branch,1em8,4,latent_subpopulation_branch_4_1em8,DONE,local,2.8228560850929987,0.4826505709894898,6,1,0
amigo2,latent_subpopulation_branch,1em8,5,latent_subpopulation_branch_5_1em8,DONE,local,0.0002244010909162007,8.127288323198211e-06,6,1,1
amigo2,latent_subpopulation_branch,1em8,6,latent_subpopulation_branch_6_1em8,DONE,local,5.968750253817392,0.6030217874472114,6,1,0
amigo2,latent_subpopulation_branch,1em8,7,latent_subpopulation_branch_7_1em8,DONE,local,2.9760760106979167,0.1749300531263286,6,1,0
amigo2,latent_subpopulation_observed_control,1em8,0,latent_subpopulation_observed_control_0_1em8,DONE,local,2.03988344937641e-07,3.379247368351727e-08,6,1,1
amigo2,latent_subpopulation_observed_control,1em8,1,latent_subpopulation_observed_control_1_1em8,DONE,local,1.2561139959780151e-07,1.602573220857002e-08,6,1,1
amigo2,latent_subpopulation_observed_control,1em8,2,latent_subpopulation_observed_control_2_1em8,DONE,local,1.1687416423284146e-08,5.4339541388946754e-09,6,1,1
amigo2,latent_subpopulation_observed_control,1em8,3,latent_subpopulation_observed_control_3_1em8,DONE,local,3.0240649923209906e-08,4.3820821664227724e-09,6,1,1
amigo2,latent_subpopulation_observed_control,1em8,4,latent_subpopulation_observed_control_4_1em8,DONE,local,6.254310524339557e-08,6.652917938433905e-09,6,1,1
amigo2,latent_subpopulation_observed_control,1em8,5,latent_subpopulation_observed_control_5_1em8,DONE,local,1.1520715196435869e-08,2.67848112906721e-09,6,1,1
amigo2,latent_subpopulation_observed_control,1em8,6,latent_subpopulation_observed_control_6_1em8,DONE,local,1.5809002880589248e-07,4.4715355094452476e-08,6,1,1
amigo2,latent_subpopulation_observed_control,1em8,7,latent_subpopulation_observed_control_7_1em8,DONE,local,6.151914711776435e-08,4.116753474073956e-09,6,1,1
amigo2,receptor_subtype_binding_branch,1em8,0,receptor_subtype_binding_branch_0_1em8,FAILURE,,,,,,0
amigo2,receptor_subtype_binding_branch,1em8,1,receptor_subtype_binding_branch_1_1em8,FAILURE,,,,,,0
amigo2,receptor_subtype_binding_branch,1em8,2,receptor_subtype_binding_branch_2_1em8,FAILURE,,,,,,0
amigo2,receptor_subtype_binding_branch,1em8,3,receptor_subtype_binding_branch_3_1em8,FAILURE,,,,,,0
amigo2,receptor_subtype_binding_branch,1em8,4,receptor_subtype_binding_branch_4_1em8,FAILURE,,,,,,0
amigo2,receptor_subtype_binding_branch,1em8,5,receptor_subtype_binding_branch_5_1em8,FAILURE,,,,,,0
amigo2,receptor_subtype_binding_branch,1em8,6,receptor_subtype_binding_branch_6_1em8,FAILURE,,,,,,0
amigo2,receptor_subtype_binding_branch,1em8,7,receptor_subtype_binding_branch_7_1em8,FAILURE,,,,,,0
amigo2,receptor_subtype_binding_observed_control,1em8,0,receptor_subtype_binding_observed_control_0_1em8,DONE,local,1.0181636862119008e-07,4.4794736409576515e-08,6,1,1
amigo2,receptor_subtype_binding_observed_control,1em8,1,receptor_subtype_binding_observed_control_1_1em8,DONE,local,2.7391707013713074e-07,9.40734516101758e-08,6,1,1
amigo2,receptor_subtype_binding_observed_control,1em8,2,receptor_subtype_binding_observed_control_2_1em8,DONE,local,7.140893739129663e-07,4.4656219366795595e-07,6,1,1
amigo2,receptor_subtype_binding_observed_control,1em8,3,receptor_subtype_binding_observed_control_3_1em8,DONE,local,8.959473265679664e-08,4.133168032574511e-08,6,1,1
amigo2,receptor_subtype_binding_observed_control,1em8,4,receptor_subtype_binding_observed_control_4_1em8,DONE,local,8.831396755868168e-07,5.715617141382027e-07,6,1,1
amigo2,receptor_subtype_binding_observed_control,1em8,5,receptor_subtype_binding_observed_control_5_1em8,DONE,local,5.914844033622271e-07,6.117350650977117e-08,6,1,1
amigo2,receptor_subtype_binding_observed_control,1em8,6,receptor_subtype_binding_observed_control_6_1em8,DONE,local,4.2197575791829556e-07,9.253789270408638e-08,6,1,1
amigo2,receptor_subtype_binding_observed_control,1em8,7,receptor_subtype_binding_observed_control_7_1em8,DONE,local,1.2311488434116824e-06,2.1736767446541795e-07,6,1,1
amigo2,aircraft_pitch,1em6,0,aircraft_pitch_0_1em6,DONE,local,7.608398132375451e-06,1.7516541813899487e-08,4,1,1
amigo2,aircraft_pitch,1em6,1,aircraft_pitch_1_1em6,DONE,local,5.76353169400004e-06,1.9750095354911833e-08,4,1,1
amigo2,aircraft_pitch,1em6,2,aircraft_pitch_2_1em6,DONE,local,5.269818124812901e-06,2.890044514103182e-08,4,1,1
amigo2,aircraft_pitch,1em6,3,aircraft_pitch_3_1em6,DONE,local,2.706048829011189e-08,8.957180123805942e-11,4,1,1
amigo2,aircraft_pitch,1em6,4,aircraft_pitch_4_1em6,DONE,local,3.2736681539784395e-07,9.84814275663707e-10,4,1,1
amigo2,aircraft_pitch,1em6,5,aircraft_pitch_5_1em6,DONE,local,0.0004320477861268826,3.4266338315266383e-07,4,1,1
amigo2,aircraft_pitch,1em6,6,aircraft_pitch_6_1em6,DONE,local,8.091584576757565e-07,2.3873140537011103e-08,4,1,1
amigo2,aircraft_pitch,1em6,7,aircraft_pitch_7_1em6,DONE,local,5.571921734095079e-06,2.5795790901846356e-08,4,1,1
amigo2,bicycle_model,1em6,0,bicycle_model_0_1em6,DONE,local,1.4660688392003248e-07,1.3255154825605095e-07,3,1,1
amigo2,bicycle_model,1em6,1,bicycle_model_1_1em6,DONE,local,6.328361435549716e-08,6.129210450032992e-08,3,1,1
amigo2,bicycle_model,1em6,2,bicycle_model_2_1em6,DONE,local,3.4345556551625376e-08,2.63573871638522e-08,3,1,1
amigo2,bicycle_model,1em6,3,bicycle_model_3_1em6,DONE,local,3.3346519916529416e-08,1.0652730803844654e-08,3,1,1
amigo2,bicycle_model,1em6,4,bicycle_model_4_1em6,DONE,local,5.472077101083517e-08,5.272631184416093e-08,3,1,1
amigo2,bicycle_model,1em6,5,bicycle_model_5_1em6,DONE,local,1.1651086498267015e-07,1.1641921536387365e-07,3,1,1
amigo2,bicycle_model,1em6,6,bicycle_model_6_1em6,DONE,local,2.3024650117625143e-08,1.7201779933310423e-08,3,1,1
amigo2,bicycle_model,1em6,7,bicycle_model_7_1em6,DONE,local,1.4502309421311955e-08,6.794739951063347e-09,3,1,1
amigo2,biohydrogenation,1em6,0,biohydrogenation_0_1em6,DONE,local,0.0025474042543764913,0.00020007963079807857,6,1,1
amigo2,biohydrogenation,1em6,1,biohydrogenation_1_1em6,DONE,local,0.010467097130068114,0.0013441854165466493,6,1,1
amigo2,biohydrogenation,1em6,2,biohydrogenation_2_1em6,DONE,local,12.494836058855885,0.00042697250590434556,6,1,0
amigo2,biohydrogenation,1em6,3,biohydrogenation_3_1em6,DONE,local,0.03134185321262095,0.0003925262809263612,6,1,1
amigo2,biohydrogenation,1em6,4,biohydrogenation_4_1em6,DONE,local,1.6000057983901852,0.2367323957690781,6,1,0
amigo2,biohydrogenation,1em6,5,biohydrogenation_5_1em6,DONE,local,0.006324281201186947,0.0004294091427361681,6,1,1
amigo2,biohydrogenation,1em6,6,biohydrogenation_6_1em6,DONE,local,11.224937176085177,0.5290057046135729,6,1,0
amigo2,biohydrogenation,1em6,7,biohydrogenation_7_1em6,DONE,local,10.070753386773074,0.7501198785197369,6,1,0
amigo2,boost_converter,1em6,0,boost_converter_0_1em6,DONE,local,1.8245422985503393e-07,2.9467856273027114e-08,3,1,1
amigo2,boost_converter,1em6,1,boost_converter_1_1em6,DONE,local,8.959607963462481e-08,2.4003255692397426e-08,3,1,1
amigo2,boost_converter,1em6,2,boost_converter_2_1em6,DONE,local,6.31962889262424e-08,5.678483403330477e-08,3,1,1
amigo2,boost_converter,1em6,3,boost_converter_3_1em6,DONE,local,5.434617550192575e-07,1.3769415010630296e-07,3,1,1
amigo2,boost_converter,1em6,4,boost_converter_4_1em6,DONE,local,4.1752728221769175e-07,7.607378277454336e-08,3,1,1
amigo2,boost_converter,1em6,5,boost_converter_5_1em6,DONE,local,4.592473044841027e-08,4.837690712581831e-09,3,1,1
amigo2,boost_converter,1em6,6,boost_converter_6_1em6,DONE,local,3.235736925997365e-07,1.5751512568789284e-07,3,1,1
amigo2,boost_converter,1em6,7,boost_converter_7_1em6,DONE,local,3.375669179338288e-07,1.5618829530444498e-07,3,1,1
amigo2,brusselator,1em6,0,brusselator_0_1em6,DONE,local,8.161737741569338e-07,4.086206664944833e-07,2,1,1
amigo2,brusselator,1em6,1,brusselator_1_1em6,DONE,local,5.584506800762848e-06,2.796710637384078e-06,2,1,1
amigo2,brusselator,1em6,2,brusselator_2_1em6,DONE,local,7.416189644820953e-06,3.70935256436094e-06,2,1,1
amigo2,brusselator,1em6,3,brusselator_3_1em6,DONE,local,4.1964555922007335e-06,2.113747356174689e-06,2,1,1
amigo2,brusselator,1em6,4,brusselator_4_1em6,DONE,local,7.178298059594947e-06,3.5895012303795403e-06,2,1,1
amigo2,brusselator,1em6,5,brusselator_5_1em6,DONE,local,0.4880536013988127,0.2440271644859394,2,1,0
amigo2,brusselator,1em6,6,brusselator_6_1em6,DONE,local,0.4752677426477563,0.23763388358067639,2,1,0
amigo2,brusselator,1em6,7,brusselator_7_1em6,DONE,local,0.08356972599657454,0.041784877760288656,2,1,1
amigo2,crauste,1em6,0,crauste_0_1em6,DONE,local,0.9999872448979592,0.005251941107278007,12,1,0
amigo2,crauste,1em6,1,crauste_1_1em6,DONE,local,0.0006116604615045823,2.6803087853349867e-05,12,1,1
amigo2,crauste,1em6,2,crauste_2_1em6,DONE,local,0.5275417549074486,0.00037592746994276533,12,1,0
amigo2,crauste,1em6,3,crauste_3_1em6,DONE,local,0.0008663281537132431,2.133532224477666e-05,12,1,1
amigo2,crauste,1em6,4,crauste_4_1em6,DONE,local,0.014716308341411874,5.150957046582899e-06,12,1,1
amigo2,crauste,1em6,5,crauste_5_1em6,DONE,local,28.49852507374631,0.014537876812886662,12,1,0
amigo2,crauste,1em6,6,crauste_6_1em6,DONE,local,0.00021933521087618002,1.0623913517525056e-05,12,1,1
amigo2,crauste,1em6,7,crauste_7_1em6,DONE,local,0.002254848213136017,4.102218614949645e-06,12,1,1
amigo2,cstr,1em6,0,cstr_0_1em6,DONE,local,16.793594306049823,3.6011779890802314e-06,4,1,0
amigo2,cstr,1em6,1,cstr_1_1em6,DONE,local,0.11054677913795047,2.692291520195648e-06,4,1,0
amigo2,cstr,1em6,2,cstr_2_1em6,DONE,local,7.648020528178635e-05,6.95372509074823e-06,4,1,1
amigo2,cstr,1em6,3,cstr_3_1em6,DONE,local,16.90331238313107,1.2514182729977491e-06,4,1,0
amigo2,cstr,1em6,4,cstr_4_1em6,DONE,local,0.0034495988245384127,3.684395559872344e-05,4,1,1
amigo2,cstr,1em6,5,cstr_5_1em6,DONE,local,0.3988208587432486,0.0007788584706006301,4,1,0
amigo2,cstr,1em6,6,cstr_6_1em6,DONE,local,0.002477682509236193,7.665448859651403e-05,4,1,1
amigo2,cstr,1em6,7,cstr_7_1em6,DONE,local,0.0015344902168703523,7.225019952906273e-06,4,1,1
amigo2,daisy_mamil3,1em6,0,daisy_mamil3_0_1em6,DONE,local,1.916129144494354e-05,1.9058955550939937e-06,5,1,1
amigo2,daisy_mamil3,1em6,1,daisy_mamil3_1_1em6,DONE,local,8.466353786895304e-06,5.459534375065958e-07,5,1,1
amigo2,daisy_mamil3,1em6,2,daisy_mamil3_2_1em6,DONE,local,8.714962450831167e-06,1.4554761207251962e-06,5,1,1
amigo2,daisy_mamil3,1em6,3,daisy_mamil3_3_1em6,DONE,local,2.5089152014385113e-06,4.3652088972064403e-07,5,1,1
amigo2,daisy_mamil3,1em6,4,daisy_mamil3_4_1em6,DONE,local,4.829228543895103e-06,1.5268927443251612e-06,5,1,1
amigo2,daisy_mamil3,1em6,5,daisy_mamil3_5_1em6,DONE,local,2.5000420311089052e-05,7.336990683283403e-06,5,1,1
amigo2,daisy_mamil3,1em6,6,daisy_mamil3_6_1em6,DONE,local,1.1425051137081875e-05,1.1919213649579074e-06,5,1,1
amigo2,daisy_mamil3,1em6,7,daisy_mamil3_7_1em6,DONE,local,9.76989415379628e-05,3.5752508531451245e-06,5,1,1
amigo2,daisy_mamil4,1em6,0,daisy_mamil4_0_1em6,DONE,local,0.8817978801127987,0.2516647612533514,7,1,0
amigo2,daisy_mamil4,1em6,1,daisy_mamil4_1_1em6,DONE,local,0.45123917099470373,0.2763818281971567,7,1,0
amigo2,daisy_mamil4,1em6,2,daisy_mamil4_2_1em6,DONE,local,2.9773020218630104,0.5756516538081743,7,1,0
amigo2,daisy_mamil4,1em6,3,daisy_mamil4_3_1em6,DONE,local,3.615216253167602,0.1502182891317983,7,1,0
amigo2,daisy_mamil4,1em6,4,daisy_mamil4_4_1em6,DONE,local,0.0031920282931483797,0.0002716937748358978,7,1,1
amigo2,daisy_mamil4,1em6,5,daisy_mamil4_5_1em6,DONE,local,3.51184437852599,0.5774486608556527,7,1,0
amigo2,daisy_mamil4,1em6,6,daisy_mamil4_6_1em6,DONE,local,1.5234720223269564,0.23607796286819335,7,1,0
amigo2,daisy_mamil4,1em6,7,daisy_mamil4_7_1em6,DONE,local,0.0001821223847621763,4.474183102981978e-06,7,1,1
amigo2,dc_motor,1em6,0,dc_motor_0_1em6,DONE,local,9.835028706767423e-07,5.040887760988274e-07,2,1,1
amigo2,dc_motor,1em6,1,dc_motor_1_1em6,DONE,local,6.286776696555734e-08,4.365618935607629e-08,2,1,1
amigo2,dc_motor,1em6,2,dc_motor_2_1em6,DONE,local,8.203619801990432e-07,4.1264341947258275e-07,2,1,1
amigo2,dc_motor,1em6,3,dc_motor_3_1em6,DONE,local,1.6110717675881508e-06,8.312204585671781e-07,2,1,1
amigo2,dc_motor,1em6,4,dc_motor_4_1em6,DONE,local,7.574164631006246e-07,3.97059097146264e-07,2,1,1
amigo2,dc_motor,1em6,5,dc_motor_5_1em6,DONE,local,8.554115966636265e-07,4.556297835540003e-07,2,1,1
amigo2,dc_motor,1em6,6,dc_motor_6_1em6,DONE,local,3.5338013229068255e-07,1.856540472720449e-07,2,1,1
amigo2,dc_motor,1em6,7,dc_motor_7_1em6,DONE,local,9.90359992014207e-07,5.321455350379519e-07,2,1,1
amigo2,fitzhugh_nagumo,1em6,0,fitzhugh_nagumo_0_1em6,DONE,local,0.0005956672123296256,0.00019829379205285347,3,1,1
amigo2,fitzhugh_nagumo,1em6,1,fitzhugh_nagumo_1_1em6,DONE,local,0.0003465874600067651,9.922861050991806e-05,3,1,1
amigo2,fitzhugh_nagumo,1em6,2,fitzhugh_nagumo_2_1em6,DONE,local,0.00027583881847932727,7.768960866515767e-05,3,1,1
amigo2,fitzhugh_nagumo,1em6,3,fitzhugh_nagumo_3_1em6,DONE,local,3.068269611500029e-05,3.063856992837324e-05,3,1,1
amigo2,fitzhugh_nagumo,1em6,4,fitzhugh_nagumo_4_1em6,DONE,local,0.02350077223436884,0.002284365295162815,3,1,1
amigo2,fitzhugh_nagumo,1em6,5,fitzhugh_nagumo_5_1em6,DONE,local,0.0006642231805532458,0.0004885642045442272,3,1,1
amigo2,fitzhugh_nagumo,1em6,6,fitzhugh_nagumo_6_1em6,DONE,local,0.00033637942603231363,0.00027195018999621713,3,1,1
amigo2,fitzhugh_nagumo,1em6,7,fitzhugh_nagumo_7_1em6,DONE,local,0.0013709974708296744,0.0004498582745154021,3,1,1
amigo2,flexible_arm,1em6,0,flexible_arm_0_1em6,DONE,local,1.9673290537280486e-05,1.805547466557763e-05,5,1,1
amigo2,flexible_arm,1em6,1,flexible_arm_1_1em6,DONE,local,4.993726430142455e-05,3.173554361609513e-05,5,1,1
amigo2,flexible_arm,1em6,2,flexible_arm_2_1em6,DONE,local,0.00022633938618278534,7.337685428589785e-05,5,1,1
amigo2,flexible_arm,1em6,3,flexible_arm_3_1em6,DONE,local,5.784931138197904e-05,3.2989156730022724e-05,5,1,1
amigo2,flexible_arm,1em6,4,flexible_arm_4_1em6,DONE,local,2.385959240505026e-05,1.240585840319717e-05,5,1,1
amigo2,flexible_arm,1em6,5,flexible_arm_5_1em6,DONE,local,0.00016176135070977352,4.715036597919514e-05,5,1,1
amigo2,flexible_arm,1em6,6,flexible_arm_6_1em6,DONE,local,5.114369914450236e-05,2.830022600208225e-05,5,1,1
amigo2,flexible_arm,1em6,7,flexible_arm_7_1em6,DONE,local,4.185229818703247e-05,1.3598347828221494e-05,5,1,1
amigo2,forced_lotka_volterra,1em6,0,forced_lotka_volterra_0_1em6,DONE,local,1.528324971971494e-07,1.0456408255986935e-07,4,1,1
amigo2,forced_lotka_volterra,1em6,1,forced_lotka_volterra_1_1em6,DONE,local,5.948893819412347e-08,1.9795689842816703e-08,4,1,1
amigo2,forced_lotka_volterra,1em6,2,forced_lotka_volterra_2_1em6,DONE,local,9.183144211143805e-08,5.218074672964915e-08,4,1,1
amigo2,forced_lotka_volterra,1em6,3,forced_lotka_volterra_3_1em6,DONE,local,8.502702396329109e-08,7.021705044740732e-08,4,1,1
amigo2,forced_lotka_volterra,1em6,4,forced_lotka_volterra_4_1em6,DONE,local,3.150075255473873e-08,1.2633895477669598e-08,4,1,1
amigo2,forced_lotka_volterra,1em6,5,forced_lotka_volterra_5_1em6,DONE,local,2.9238494991613655e-08,2.615988289214407e-08,4,1,1
amigo2,forced_lotka_volterra,1em6,6,forced_lotka_volterra_6_1em6,DONE,local,2.3256131932708944e-06,1.863181920934911e-07,4,1,1
amigo2,forced_lotka_volterra,1em6,7,forced_lotka_volterra_7_1em6,DONE,local,1.7496490566990552e-07,9.441969266328457e-08,4,1,1
amigo2,harmonic_oscillator,1em6,0,harmonic_oscillator_0_1em6,DONE,local,8.111009909501677e-09,6.439671769176397e-09,2,1,1
amigo2,harmonic_oscillator,1em6,1,harmonic_oscillator_1_1em6,DONE,local,1.5072026449883163e-09,1.4602257781547857e-09,2,1,1
amigo2,harmonic_oscillator,1em6,2,harmonic_oscillator_2_1em6,DONE,local,3.1003229861999217e-10,2.3414011722404664e-10,2,1,1
amigo2,harmonic_oscillator,1em6,3,harmonic_oscillator_3_1em6,DONE,local,6.368027353930672e-10,5.078215338457567e-10,2,1,1
amigo2,harmonic_oscillator,1em6,4,harmonic_oscillator_4_1em6,DONE,local,2.0408043810427046e-08,1.9316030604577173e-08,2,1,1
amigo2,harmonic_oscillator,1em6,5,harmonic_oscillator_5_1em6,DONE,local,8.060259688886963e-09,6.369184538494494e-09,2,1,1
amigo2,harmonic_oscillator,1em6,6,harmonic_oscillator_6_1em6,DONE,local,6.168216254047137e-08,4.279542567423047e-08,2,1,1
amigo2,harmonic_oscillator,1em6,7,harmonic_oscillator_7_1em6,DONE,local,8.322921931227102e-10,7.225783186127058e-10,2,1,1
amigo2,hiv,1em6,0,hiv_0_1em6,DONE,local,0.0014070143783074505,5.64170214922467e-05,10,1,1
amigo2,hiv,1em6,1,hiv_1_1em6,DONE,local,0.0030369854394740373,0.00016228543235388367,10,1,1
amigo2,hiv,1em6,2,hiv_2_1em6,DONE,local,0.8301705482877831,0.009287065629654812,10,1,0
amigo2,hiv,1em6,3,hiv_3_1em6,DONE,local,9.373040993854879e-05,3.624403202810519e-06,10,1,1
amigo2,hiv,1em6,4,hiv_4_1em6,DONE,local,0.00023577841707263654,4.585389087355163e-06,10,1,1
amigo2,hiv,1em6,5,hiv_5_1em6,DONE,local,0.0007375632779186012,5.57049596476098e-05,10,1,1
amigo2,hiv,1em6,6,hiv_6_1em6,DONE,local,0.0019428498710878056,4.0127199700031946e-05,10,1,1
amigo2,hiv,1em6,7,hiv_7_1em6,DONE,local,0.0012254399083922458,2.248527401483451e-05,10,1,1
amigo2,lotka_volterra,1em6,0,lotka_volterra_0_1em6,DONE,local,6.6876167070016025e-06,1.0264730699414397e-06,3,1,1
amigo2,lotka_volterra,1em6,1,lotka_volterra_1_1em6,DONE,local,2.0343314985208344e-07,1.5511259716685907e-07,3,1,1
amigo2,lotka_volterra,1em6,2,lotka_volterra_2_1em6,DONE,local,3.103634749874807e-08,3.09246807319552e-08,3,1,1
amigo2,lotka_volterra,1em6,3,lotka_volterra_3_1em6,DONE,local,3.3995204930566565e-07,3.353446449011192e-07,3,1,1
amigo2,lotka_volterra,1em6,4,lotka_volterra_4_1em6,DONE,local,3.943830932058759e-07,2.860803475339067e-07,3,1,1
amigo2,lotka_volterra,1em6,5,lotka_volterra_5_1em6,DONE,local,3.5577572236453314e-07,1.3862495792744214e-07,3,1,1
amigo2,lotka_volterra,1em6,6,lotka_volterra_6_1em6,DONE,local,5.766043208819524e-07,3.737509841803322e-07,3,1,1
amigo2,lotka_volterra,1em6,7,lotka_volterra_7_1em6,DONE,local,1.761494945064664e-07,1.297310516415873e-07,3,1,1
amigo2,mass_spring_damper,1em6,0,mass_spring_damper_0_1em6,DONE,local,1.455295848531484e-07,1.0695926163171217e-07,3,1,1
amigo2,mass_spring_damper,1em6,1,mass_spring_damper_1_1em6,DONE,local,1.3999062014272587e-07,2.097971807829569e-08,3,1,1
amigo2,mass_spring_damper,1em6,2,mass_spring_damper_2_1em6,DONE,local,1.3457804231278764e-07,1.5839440372166787e-08,3,1,1
amigo2,mass_spring_damper,1em6,3,mass_spring_damper_3_1em6,DONE,local,6.324732538464834e-08,2.219981069202633e-08,3,1,1
amigo2,mass_spring_damper,1em6,4,mass_spring_damper_4_1em6,DONE,local,8.151410362672307e-08,7.065544210936146e-08,3,1,1
amigo2,mass_spring_damper,1em6,5,mass_spring_damper_5_1em6,DONE,local,4.7447267966423584e-07,6.391411007334433e-08,3,1,1
amigo2,mass_spring_damper,1em6,6,mass_spring_damper_6_1em6,DONE,local,3.550392069085062e-08,2.7525208094412883e-08,3,1,1
amigo2,mass_spring_damper,1em6,7,mass_spring_damper_7_1em6,DONE,local,5.303164641303197e-07,3.634290103727711e-08,3,1,1
amigo2,quadrotor,1em6,0,quadrotor_0_1em6,DONE,local,3.061374041592512e-07,2.2683436951653823e-07,2,1,1
amigo2,quadrotor,1em6,1,quadrotor_1_1em6,DONE,local,1.7291867465496417e-07,1.7084183120598188e-07,2,1,1
amigo2,quadrotor,1em6,2,quadrotor_2_1em6,DONE,local,8.469492311728476e-07,5.301307550040995e-07,2,1,1
amigo2,quadrotor,1em6,3,quadrotor_3_1em6,DONE,local,2.518606387318463e-06,1.684076334923396e-06,2,1,1
amigo2,quadrotor,1em6,4,quadrotor_4_1em6,DONE,local,9.312989503855417e-07,6.468935338299661e-07,2,1,1
amigo2,quadrotor,1em6,5,quadrotor_5_1em6,DONE,local,4.934970217093809e-07,3.665147463639595e-07,2,1,1
amigo2,quadrotor,1em6,6,quadrotor_6_1em6,DONE,local,1.0768999931172464e-06,6.374725383805105e-07,2,1,1
amigo2,quadrotor,1em6,7,quadrotor_7_1em6,DONE,local,2.5399685291535183e-06,1.2799943109332282e-06,2,1,1
amigo2,repressilator,1em6,0,repressilator_0_1em6,DONE,local,6.422932562034024e-07,3.0314652541984877e-07,3,1,1
amigo2,repressilator,1em6,1,repressilator_1_1em6,DONE,local,1.5144817782789276e-06,9.759331712260597e-07,3,1,1
amigo2,repressilator,1em6,2,repressilator_2_1em6,DONE,local,4.624231523515665e-07,3.578704939478753e-07,3,1,1
amigo2,repressilator,1em6,3,repressilator_3_1em6,DONE,local,1.864910219985141e-06,8.649070741397943e-07,3,1,1
amigo2,repressilator,1em6,4,repressilator_4_1em6,DONE,local,7.087855886040209e-07,4.3967376235054565e-07,3,1,1
amigo2,repressilator,1em6,5,repressilator_5_1em6,DONE,local,9.509551346755663e-07,6.607783886423698e-07,3,1,1
amigo2,repressilator,1em6,6,repressilator_6_1em6,DONE,local,3.1615550700962357e-07,2.0644207610355783e-07,3,1,1
amigo2,repressilator,1em6,7,repressilator_7_1em6,DONE,local,1.238459767235813e-06,5.028993808016248e-07,3,1,1
amigo2,seir,1em6,0,seir_0_1em6,DONE,local,0.7730521447129058,0.43603242396939124,3,1,0
amigo2,seir,1em6,1,seir_1_1em6,DONE,local,2.0200994697036405,0.6685490894449436,3,1,0
amigo2,seir,1em6,2,seir_2_1em6,DONE,local,0.0003076378189317529,0.0002660440023390083,3,1,1
amigo2,seir,1em6,3,seir_3_1em6,DONE,local,0.0003821922641138233,0.00038200111469470846,3,1,1
amigo2,seir,1em6,4,seir_4_1em6,DONE,local,0.0397863468325127,0.039456873286185655,3,1,1
amigo2,seir,1em6,5,seir_5_1em6,DONE,local,3.3925759291979545,0.7723433634064083,3,1,0
amigo2,seir,1em6,6,seir_6_1em6,DONE,local,0.015637593344920358,0.010234533798344846,3,1,1
amigo2,seir,1em6,7,seir_7_1em6,DONE,local,0.7594949313519408,0.4269864832572054,3,1,0
amigo2,slow_fast,1em6,0,slow_fast_0_1em6,DONE,local,3.150542536512453e-06,1.958807388819495e-06,2,1,1
amigo2,slow_fast,1em6,1,slow_fast_1_1em6,DONE,local,1.1573860478704219e-06,9.451808551380625e-07,2,1,1
amigo2,slow_fast,1em6,2,slow_fast_2_1em6,DONE,local,1.8225789619694397e-06,1.379076289992272e-06,2,1,1
amigo2,slow_fast,1em6,3,slow_fast_3_1em6,DONE,local,5.294859154010296e-05,3.187187020592955e-05,2,1,1
amigo2,slow_fast,1em6,4,slow_fast_4_1em6,DONE,local,2.440910186434742e-06,1.716508366867336e-06,2,1,1
amigo2,slow_fast,1em6,5,slow_fast_5_1em6,DONE,local,1.8685758408412833e-06,1.4599364600238693e-06,2,1,1
amigo2,slow_fast,1em6,6,slow_fast_6_1em6,DONE,local,3.2512779211690398e-06,3.092892190330975e-06,2,1,1
amigo2,slow_fast,1em6,7,slow_fast_7_1em6,DONE,local,2.5043241652483946e-05,1.342036197903094e-05,2,1,1
amigo2,sirt_treatment,1em6,0,sirt_treatment_0_1em6,DONE,local,2.546884607783358e-05,3.5573342409834433e-06,5,1,1
amigo2,sirt_treatment,1em6,1,sirt_treatment_1_1em6,DONE,local,9.228137967109973e-06,4.436957763203739e-07,5,1,1
amigo2,sirt_treatment,1em6,2,sirt_treatment_2_1em6,DONE,local,0.00023657804271549483,1.5006853311014186e-05,5,1,1
amigo2,sirt_treatment,1em6,3,sirt_treatment_3_1em6,DONE,local,29.562376581523495,0.588413237298714,5,1,0
amigo2,sirt_treatment,1em6,4,sirt_treatment_4_1em6,DONE,local,1.3483924371016088e-05,1.6026121081137112e-06,5,1,1
amigo2,sirt_treatment,1em6,5,sirt_treatment_5_1em6,DONE,local,7.988757881794216e-05,5.9322518205617e-06,5,1,1
amigo2,sirt_treatment,1em6,6,sirt_treatment_6_1em6,DONE,local,5.6328544257442195e-05,8.613719460070538e-06,5,1,1
amigo2,sirt_treatment,1em6,7,sirt_treatment_7_1em6,DONE,local,0.00034905017180478844,2.4732298419837984e-05,5,1,1
amigo2,vanderpol,1em6,0,vanderpol_0_1em6,DONE,local,5.575190974111412e-09,2.928967685587893e-09,2,1,1
amigo2,vanderpol,1em6,1,vanderpol_1_1em6,DONE,local,9.798341578493424e-09,4.9573652779011966e-09,2,1,1
amigo2,vanderpol,1em6,2,vanderpol_2_1em6,DONE,local,3.647137951353386e-09,2.249814227261189e-09,2,1,1
amigo2,vanderpol,1em6,3,vanderpol_3_1em6,DONE,local,1.9807299944362955e-08,1.1205929426737818e-08,2,1,1
amigo2,vanderpol,1em6,4,vanderpol_4_1em6,DONE,local,9.172425342032003e-09,4.6753814976218745e-09,2,1,1
amigo2,vanderpol,1em6,5,vanderpol_5_1em6,DONE,local,2.7783946754794247e-07,1.6960725887316934e-07,2,1,1
amigo2,vanderpol,1em6,6,vanderpol_6_1em6,DONE,local,3.5718397207556636e-08,1.9838414025263888e-08,2,1,1
amigo2,vanderpol,1em6,7,vanderpol_7_1em6,DONE,local,5.883542635054122e-10,3.749794607506941e-10,2,1,1
amigo2,latent_subpopulation_branch,1em6,0,latent_subpopulation_branch_0_1em6,DONE,local,0.002530585684501485,0.001180933770978024,6,1,1
amigo2,latent_subpopulation_branch,1em6,1,latent_subpopulation_branch_1_1em6,DONE,local,0.19123336971373192,0.046069525440033426,6,1,0
amigo2,latent_subpopulation_branch,1em6,2,latent_subpopulation_branch_2_1em6,DONE,local,0.5121962010986886,0.2284961940257977,6,1,0
amigo2,latent_subpopulation_branch,1em6,3,latent_subpopulation_branch_3_1em6,DONE,local,0.2160552484120103,0.16776900504781034,6,1,0
amigo2,latent_subpopulation_branch,1em6,4,latent_subpopulation_branch_4_1em6,DONE,local,2.822039529272672,0.4828839645919343,6,1,0
amigo2,latent_subpopulation_branch,1em6,5,latent_subpopulation_branch_5_1em6,DONE,local,0.007649422813504072,0.002045441034696931,6,1,1
amigo2,latent_subpopulation_branch,1em6,6,latent_subpopulation_branch_6_1em6,DONE,local,0.00021891408719761868,2.0928089295258047e-05,6,1,1
amigo2,latent_subpopulation_branch,1em6,7,latent_subpopulation_branch_7_1em6,DONE,local,0.5127743247487874,0.3187157301006499,6,1,0
amigo2,latent_subpopulation_observed_control,1em6,0,latent_subpopulation_observed_control_0_1em6,DONE,local,1.0993637650611437e-06,5.352663244232135e-07,6,1,1
amigo2,latent_subpopulation_observed_control,1em6,1,latent_subpopulation_observed_control_1_1em6,DONE,local,1.355823697875691e-05,1.2022555217749736e-06,6,1,1
amigo2,latent_subpopulation_observed_control,1em6,2,latent_subpopulation_observed_control_2_1em6,DONE,local,1.5203623899454397e-06,2.450837065167603e-07,6,1,1
amigo2,latent_subpopulation_observed_control,1em6,3,latent_subpopulation_observed_control_3_1em6,DONE,local,2.2114412578855994e-06,3.0181566510363415e-07,6,1,1
amigo2,latent_subpopulation_observed_control,1em6,4,latent_subpopulation_observed_control_4_1em6,DONE,local,4.126840617383702e-06,3.059036521981641e-07,6,1,1
amigo2,latent_subpopulation_observed_control,1em6,5,latent_subpopulation_observed_control_5_1em6,DONE,local,9.297887390119144e-07,1.1728036011325131e-07,6,1,1
amigo2,latent_subpopulation_observed_control,1em6,6,latent_subpopulation_observed_control_6_1em6,DONE,local,2.8252513231586397e-05,1.4111094780981603e-06,6,1,1
amigo2,latent_subpopulation_observed_control,1em6,7,latent_subpopulation_observed_control_7_1em6,DONE,local,4.902476424420828e-06,6.183905071306869e-07,6,1,1
amigo2,receptor_subtype_binding_branch,1em6,0,receptor_subtype_binding_branch_0_1em6,FAILURE,,,,,,0
amigo2,receptor_subtype_binding_branch,1em6,1,receptor_subtype_binding_branch_1_1em6,FAILURE,,,,,,0
amigo2,receptor_subtype_binding_branch,1em6,2,receptor_subtype_binding_branch_2_1em6,FAILURE,,,,,,0
amigo2,receptor_subtype_binding_branch,1em6,3,receptor_subtype_binding_branch_3_1em6,FAILURE,,,,,,0
amigo2,receptor_subtype_binding_branch,1em6,4,receptor_subtype_binding_branch_4_1em6,FAILURE,,,,,,0
amigo2,receptor_subtype_binding_branch,1em6,5,receptor_subtype_binding_branch_5_1em6,FAILURE,,,,,,0
amigo2,receptor_subtype_binding_branch,1em6,6,receptor_subtype_binding_branch_6_1em6,FAILURE,,,,,,0
amigo2,receptor_subtype_binding_branch,1em6,7,receptor_subtype_binding_branch_7_1em6,FAILURE,,,,,,0
amigo2,receptor_subtype_binding_observed_control,1em6,0,receptor_subtype_binding_observed_control_0_1em6,DONE,local,7.191394850507956e-06,3.873632691274926e-06,6,1,1
amigo2,receptor_subtype_binding_observed_control,1em6,1,receptor_subtype_binding_observed_control_1_1em6,DONE,local,5.4050051091985513e-05,1.4586839150198529e-05,6,1,1
amigo2,receptor_subtype_binding_observed_control,1em6,2,receptor_subtype_binding_observed_control_2_1em6,DONE,local,5.873574972444723e-05,2.5231442234011526e-05,6,1,1
amigo2,receptor_subtype_binding_observed_control,1em6,3,receptor_subtype_binding_observed_control_3_1em6,DONE,local,2.5020758843606182e-05,3.0863110612524486e-06,6,1,1
amigo2,receptor_subtype_binding_observed_control,1em6,4,receptor_subtype_binding_observed_control_4_1em6,DONE,local,0.00034944050909355964,2.6522433280491216e-05,6,1,1
amigo2,receptor_subtype_binding_observed_control,1em6,5,receptor_subtype_binding_observed_control_5_1em6,DONE,local,1.6888297768149562e-05,1.8818281663139219e-06,6,1,1
amigo2,receptor_subtype_binding_observed_control,1em6,6,receptor_subtype_binding_observed_control_6_1em6,DONE,local,1.7766663104434564e-05,3.3268266156894346e-06,6,1,1
amigo2,receptor_subtype_binding_observed_control,1em6,7,receptor_subtype_binding_observed_control_7_1em6,DONE,local,1.7842315073522766e-05,1.0116509723226502e-05,6,1,1
amigo2,aircraft_pitch,1em4,0,aircraft_pitch_0_1em4,DONE,local,0.0002918377324729272,7.090875544184992e-07,4,1,1
amigo2,aircraft_pitch,1em4,1,aircraft_pitch_1_1em4,DONE,local,0.00043819039671555275,1.0373308576289813e-06,4,1,1
amigo2,aircraft_pitch,1em4,2,aircraft_pitch_2_1em4,DONE,local,0.0005658531488365804,3.023657213643016e-06,4,1,1
amigo2,aircraft_pitch,1em4,3,aircraft_pitch_3_1em4,DONE,local,2.9815305158527982e-05,2.8861635107164496e-07,4,1,1
amigo2,aircraft_pitch,1em4,4,aircraft_pitch_4_1em4,DONE,local,6.945831692702205e-05,2.113491245906534e-07,4,1,1
amigo2,aircraft_pitch,1em4,5,aircraft_pitch_5_1em4,DONE,local,0.03272143600572164,2.935429774372837e-05,4,1,1
amigo2,aircraft_pitch,1em4,6,aircraft_pitch_6_1em4,DONE,local,0.0009076398045311056,1.9389746612674615e-06,4,1,1
amigo2,aircraft_pitch,1em4,7,aircraft_pitch_7_1em4,DONE,local,2.8704946730420017e-05,1.6494852900965927e-06,4,1,1
amigo2,bicycle_model,1em4,0,bicycle_model_0_1em4,DONE,local,4.978440458221482e-06,3.87252096630449e-06,3,1,1
amigo2,bicycle_model,1em4,1,bicycle_model_1_1em4,DONE,local,9.236642135356768e-06,8.929416031616586e-06,3,1,1
amigo2,bicycle_model,1em4,2,bicycle_model_2_1em4,DONE,local,4.004656756764045e-06,2.8331452750187915e-06,3,1,1
amigo2,bicycle_model,1em4,3,bicycle_model_3_1em4,DONE,local,2.6823627966995676e-06,2.148474776838302e-06,3,1,1
amigo2,bicycle_model,1em4,4,bicycle_model_4_1em4,DONE,local,5.147248207244566e-06,5.028823820990783e-06,3,1,1
amigo2,bicycle_model,1em4,5,bicycle_model_5_1em4,DONE,local,1.7273043275153167e-05,1.630051575633345e-05,3,1,1
amigo2,bicycle_model,1em4,6,bicycle_model_6_1em4,DONE,local,5.8556317619610095e-06,4.625352725008237e-06,3,1,1
amigo2,bicycle_model,1em4,7,bicycle_model_7_1em4,DONE,local,1.1007311785614765e-06,5.797989453628003e-07,3,1,1
amigo2,biohydrogenation,1em4,0,biohydrogenation_0_1em4,DONE,local,1.0346181183941414,0.13669080764253233,6,1,0
amigo2,biohydrogenation,1em4,1,biohydrogenation_1_1em4,DONE,local,1.1258613750080493,0.05711665882477728,6,1,0
amigo2,biohydrogenation,1em4,2,biohydrogenation_2_1em4,DONE,local,5.106570385931337,0.021169011449663804,6,1,0
amigo2,biohydrogenation,1em4,3,biohydrogenation_3_1em4,DONE,local,0.7270040289889632,0.02373616783945195,6,1,0
amigo2,biohydrogenation,1em4,4,biohydrogenation_4_1em4,DONE,local,0.03674956575107327,0.007897624284876888,6,1,1
amigo2,biohydrogenation,1em4,5,biohydrogenation_5_1em4,DONE,local,10.764705882352942,0.05950127754782004,6,1,0
amigo2,biohydrogenation,1em4,6,biohydrogenation_6_1em4,DONE,local,11.224938875305625,0.5365246049360595,6,1,0
amigo2,biohydrogenation,1em4,7,biohydrogenation_7_1em4,DONE,local,3.2055448238696247,0.6640029433857184,6,1,0
amigo2,boost_converter,1em4,0,boost_converter_0_1em4,DONE,local,1.2949504617639755e-05,3.023965562816816e-06,3,1,1
amigo2,boost_converter,1em4,1,boost_converter_1_1em4,DONE,local,2.846877298360107e-05,2.0985195647079104e-05,3,1,1
amigo2,boost_converter,1em4,2,boost_converter_2_1em4,DONE,local,1.634050529509348e-05,1.1679517737528105e-05,3,1,1
amigo2,boost_converter,1em4,3,boost_converter_3_1em4,DONE,local,6.236918671540125e-05,3.137020457870955e-05,3,1,1
amigo2,boost_converter,1em4,4,boost_converter_4_1em4,DONE,local,1.3930533436570981e-05,4.211020579483773e-06,3,1,1
amigo2,boost_converter,1em4,5,boost_converter_5_1em4,DONE,local,6.0369486414592934e-05,5.311227329905974e-05,3,1,1
amigo2,boost_converter,1em4,6,boost_converter_6_1em4,DONE,local,5.905325035943037e-06,1.7149065959336558e-07,3,1,1
amigo2,boost_converter,1em4,7,boost_converter_7_1em4,DONE,local,4.597889583590728e-05,3.318561058597592e-05,3,1,1
amigo2,brusselator,1em4,0,brusselator_0_1em4,DONE,local,0.0003106067944711344,0.00015657010373753113,2,1,1
amigo2,brusselator,1em4,1,brusselator_1_1em4,DONE,local,0.0023634761443724088,0.0011822644290184969,2,1,1
amigo2,brusselator,1em4,2,brusselator_2_1em4,DONE,local,0.0020600722091744313,0.0010301664918563537,2,1,1
amigo2,brusselator,1em4,3,brusselator_3_1em4,DONE,local,0.00030076098955187465,0.00015084855346801738,2,1,1
amigo2,brusselator,1em4,4,brusselator_4_1em4,DONE,local,0.00010440590404138422,5.283372451558368e-05,2,1,1
amigo2,brusselator,1em4,5,brusselator_5_1em4,DONE,local,2.8539877120446238,1.4269939894815644,2,1,0
amigo2,brusselator,1em4,6,brusselator_6_1em4,DONE,local,0.5970295092604484,0.29851513125636775,2,1,0
amigo2,brusselator,1em4,7,brusselator_7_1em4,DONE,local,1.191299635393557,0.5956498436186173,2,1,0
amigo2,crauste,1em4,0,crauste_0_1em4,DONE,local,0.9999872448979592,0.1548523528466566,12,1,0
amigo2,crauste,1em4,1,crauste_1_1em4,DONE,local,0.3189999859194097,0.004269019695456463,12,1,0
amigo2,crauste,1em4,2,crauste_2_1em4,DONE,local,21.271678179610227,0.061407899157915946,12,1,0
amigo2,crauste,1em4,3,crauste_3_1em4,DONE,local,0.13443452960280683,0.0019507799850418716,12,1,0
amigo2,crauste,1em4,4,crauste_4_1em4,DONE,local,0.5785247337706674,0.002021817937537722,12,1,0
amigo2,crauste,1em4,5,crauste_5_1em4,DONE,local,28.498468447706188,0.14513423298551928,12,1,0
amigo2,crauste,1em4,6,crauste_6_1em4,DONE,local,0.23306019024802832,0.0028916600021836555,12,1,0
amigo2,crauste,1em4,7,crauste_7_1em4,DONE,local,0.4303578568719293,0.00219068049508101,12,1,0
amigo2,cstr,1em4,0,cstr_0_1em4,DONE,local,0.999982206405694,0.0001654599728988071,4,1,0
amigo2,cstr,1em4,1,cstr_1_1em4,DONE,local,0.6653542640648721,6.026568116140313e-05,4,1,0
amigo2,cstr,1em4,2,cstr_2_1em4,DONE,local,0.05497679342649493,0.0022691253252585747,4,1,1
amigo2,cstr,1em4,3,cstr_3_1em4,DONE,local,0.8000543874261111,1.3219167328779686e-05,4,1,0
amigo2,cstr,1em4,4,cstr_4_1em4,DONE,local,0.7907552597045976,0.008230318737151325,4,1,0
amigo2,cstr,1em4,5,cstr_5_1em4,DONE,local,0.9235208310883499,0.001889261509400865,4,1,0
amigo2,cstr,1em4,6,cstr_6_1em4,DONE,local,0.0683211978920019,0.00290808431787933,4,1,1
amigo2,cstr,1em4,7,cstr_7_1em4,DONE,local,0.5160082478401432,0.0020118939048961145,4,1,0
amigo2,daisy_mamil3,1em4,0,daisy_mamil3_0_1em4,DONE,local,0.0164783145817086,0.0025531387905730865,5,1,1
amigo2,daisy_mamil3,1em4,1,daisy_mamil3_1_1em4,DONE,local,0.0001126494297612384,5.698050387897971e-05,5,1,1
amigo2,daisy_mamil3,1em4,2,daisy_mamil3_2_1em4,DONE,local,0.000564547233769345,0.00013466610191327114,5,1,1
amigo2,daisy_mamil3,1em4,3,daisy_mamil3_3_1em4,DONE,local,0.0005224543621826769,0.00011296521477792187,5,1,1
amigo2,daisy_mamil3,1em4,4,daisy_mamil3_4_1em4,DONE,local,0.0004926861936147628,0.00018863851303474658,5,1,1
amigo2,daisy_mamil3,1em4,5,daisy_mamil3_5_1em4,DONE,local,0.010232950646477687,0.004691818613340935,5,1,1
amigo2,daisy_mamil3,1em4,6,daisy_mamil3_6_1em4,DONE,local,6.493444391608592e-05,5.0023484982278646e-05,5,1,1
amigo2,daisy_mamil3,1em4,7,daisy_mamil3_7_1em4,DONE,local,0.0005822210379139241,0.00014034303365067607,5,1,1
amigo2,daisy_mamil4,1em4,0,daisy_mamil4_0_1em4,DONE,local,0.009469749350535359,0.0031744254707296786,7,1,1
amigo2,daisy_mamil4,1em4,1,daisy_mamil4_1_1em4,DONE,local,0.5690618352914689,0.29240539610350874,7,1,0
amigo2,daisy_mamil4,1em4,2,daisy_mamil4_2_1em4,DONE,local,2.9681564670312106,0.5801128827669317,7,1,0
amigo2,daisy_mamil4,1em4,3,daisy_mamil4_3_1em4,DONE,local,0.05765813329868824,0.00021930109246146926,7,1,1
amigo2,daisy_mamil4,1em4,4,daisy_mamil4_4_1em4,DONE,local,0.44456693318283713,0.22567908700224307,7,1,0
amigo2,daisy_mamil4,1em4,5,daisy_mamil4_5_1em4,DONE,local,0.3920450305054801,0.043306164672532454,7,1,0
amigo2,daisy_mamil4,1em4,6,daisy_mamil4_6_1em4,DONE,local,1.5373913450162873,0.2203596238663729,7,1,0
amigo2,daisy_mamil4,1em4,7,daisy_mamil4_7_1em4,DONE,local,1.6733417981040717,0.2516551657809478,7,1,0
amigo2,dc_motor,1em4,0,dc_motor_0_1em4,DONE,local,0.00021295035929354026,0.0001083785231169925,2,1,1
amigo2,dc_motor,1em4,1,dc_motor_1_1em4,DONE,local,5.868370921520419e-05,3.348644905698821e-05,2,1,1
amigo2,dc_motor,1em4,2,dc_motor_2_1em4,DONE,local,0.00033769992925521255,0.00016921709467439144,2,1,1
amigo2,dc_motor,1em4,3,dc_motor_3_1em4,DONE,local,1.9250314360877058e-05,9.805563883196765e-06,2,1,1
amigo2,dc_motor,1em4,4,dc_motor_4_1em4,DONE,local,3.2354008088576144e-05,1.9632945185984013e-05,2,1,1
amigo2,dc_motor,1em4,5,dc_motor_5_1em4,DONE,local,0.00012460722472647432,6.563763814792511e-05,2,1,1
amigo2,dc_motor,1em4,6,dc_motor_6_1em4,DONE,local,3.2719208097623155e-05,2.1052741360639878e-05,2,1,1
amigo2,dc_motor,1em4,7,dc_motor_7_1em4,DONE,local,0.0001097883673816249,5.5330266485969136e-05,2,1,1
amigo2,fitzhugh_nagumo,1em4,0,fitzhugh_nagumo_0_1em4,DONE,local,0.014572500286265066,0.008247870208833812,3,1,1
amigo2,fitzhugh_nagumo,1em4,1,fitzhugh_nagumo_1_1em4,DONE,local,0.002298520693913521,0.0004040737189210737,3,1,1
amigo2,fitzhugh_nagumo,1em4,2,fitzhugh_nagumo_2_1em4,DONE,local,0.035109091168252775,0.008463348525232646,3,1,1
amigo2,fitzhugh_nagumo,1em4,3,fitzhugh_nagumo_3_1em4,DONE,local,0.026297607636868364,0.015743598180483268,3,1,1
amigo2,fitzhugh_nagumo,1em4,4,fitzhugh_nagumo_4_1em4,DONE,local,0.8687289145110236,0.0814961676125306,3,1,0
amigo2,fitzhugh_nagumo,1em4,5,fitzhugh_nagumo_5_1em4,DONE,local,0.012132266744385877,0.00023801302806772306,3,1,1
amigo2,fitzhugh_nagumo,1em4,6,fitzhugh_nagumo_6_1em4,DONE,local,0.025857791987296465,0.005840300876157596,3,1,1
amigo2,fitzhugh_nagumo,1em4,7,fitzhugh_nagumo_7_1em4,DONE,local,0.07356244308659256,0.019991829646576833,3,1,1
amigo2,flexible_arm,1em4,0,flexible_arm_0_1em4,DONE,local,0.006750871456826948,0.002309136069954855,5,1,1
amigo2,flexible_arm,1em4,1,flexible_arm_1_1em4,DONE,local,0.016796244698788206,0.009414585122915401,5,1,1
amigo2,flexible_arm,1em4,2,flexible_arm_2_1em4,DONE,local,0.009936488043909765,0.002904695123667157,5,1,1
amigo2,flexible_arm,1em4,3,flexible_arm_3_1em4,DONE,local,0.003787126112188938,0.0016973758254502,5,1,1
amigo2,flexible_arm,1em4,4,flexible_arm_4_1em4,DONE,local,0.0038057276592390753,0.00035751847847493104,5,1,1
amigo2,flexible_arm,1em4,5,flexible_arm_5_1em4,DONE,local,0.002677162096619298,0.0016423402899463846,5,1,1
amigo2,flexible_arm,1em4,6,flexible_arm_6_1em4,DONE,local,0.006283622887096195,0.005081530312369421,5,1,1
amigo2,flexible_arm,1em4,7,flexible_arm_7_1em4,DONE,local,0.9992956223409698,0.9991414551587623,5,1,0
amigo2,forced_lotka_volterra,1em4,0,forced_lotka_volterra_0_1em4,DONE,local,1.758944984271017e-05,5.675315896266114e-06,4,1,1
amigo2,forced_lotka_volterra,1em4,1,forced_lotka_volterra_1_1em4,DONE,local,9.347324729739857e-06,4.151729659077645e-06,4,1,1
amigo2,forced_lotka_volterra,1em4,2,forced_lotka_volterra_2_1em4,DONE,local,1.4733775107407907e-05,9.193161171363609e-06,4,1,1
amigo2,forced_lotka_volterra,1em4,3,forced_lotka_volterra_3_1em4,DONE,local,4.0194631127036635e-06,2.8703732222643363e-06,4,1,1
amigo2,forced_lotka_volterra,1em4,4,forced_lotka_volterra_4_1em4,DONE,local,3.602995595741514e-06,2.534592554038585e-06,4,1,1
amigo2,forced_lotka_volterra,1em4,5,forced_lotka_volterra_5_1em4,DONE,local,6.746199115522576e-06,6.158612832104015e-06,4,1,1
amigo2,forced_lotka_volterra,1em4,6,forced_lotka_volterra_6_1em4,DONE,local,0.00015683378420634626,1.1374465553752718e-05,4,1,1
amigo2,forced_lotka_volterra,1em4,7,forced_lotka_volterra_7_1em4,DONE,local,1.3633536607282065e-05,6.565251975351093e-06,4,1,1
amigo2,harmonic_oscillator,1em4,0,harmonic_oscillator_0_1em4,DONE,local,4.687496510433418e-08,2.88771732319671e-08,2,1,1
amigo2,harmonic_oscillator,1em4,1,harmonic_oscillator_1_1em4,DONE,local,2.8946814276630467e-07,2.7948738516908833e-07,2,1,1
amigo2,harmonic_oscillator,1em4,2,harmonic_oscillator_2_1em4,DONE,local,3.041504172701332e-08,2.7015308310066422e-08,2,1,1
amigo2,harmonic_oscillator,1em4,3,harmonic_oscillator_3_1em4,DONE,local,3.9844439419494454e-07,3.90679289441032e-07,2,1,1
amigo2,harmonic_oscillator,1em4,4,harmonic_oscillator_4_1em4,DONE,local,2.034212556718402e-07,1.502050413207876e-07,2,1,1
amigo2,harmonic_oscillator,1em4,5,harmonic_oscillator_5_1em4,DONE,local,1.703003849051754e-06,1.4489388667264717e-06,2,1,1
amigo2,harmonic_oscillator,1em4,6,harmonic_oscillator_6_1em4,DONE,local,2.242789485561973e-06,2.017582046053943e-06,2,1,1
amigo2,harmonic_oscillator,1em4,7,harmonic_oscillator_7_1em4,DONE,local,3.17001766845024e-08,2.9579470090650727e-08,2,1,1
amigo2,hiv,1em4,0,hiv_0_1em4,DONE,local,0.18865480679534025,0.0035290264005279743,10,1,0
amigo2,hiv,1em4,1,hiv_1_1em4,DONE,local,0.09246475554936022,0.021079544262199195,10,1,1
amigo2,hiv,1em4,2,hiv_2_1em4,DONE,local,0.04418277358849196,0.003690192503135111,10,1,1
amigo2,hiv,1em4,3,hiv_3_1em4,DONE,local,0.03973177265274411,0.011774769607245284,10,1,1
amigo2,hiv,1em4,4,hiv_4_1em4,DONE,local,0.003952947605491645,0.0011175642696723295,10,1,1
amigo2,hiv,1em4,5,hiv_5_1em4,DONE,local,0.03729051804838434,0.0066106974220895825,10,1,1
amigo2,hiv,1em4,6,hiv_6_1em4,DONE,local,0.02539253171331973,0.0016268739928406337,10,1,1
amigo2,hiv,1em4,7,hiv_7_1em4,DONE,local,0.13808539213402243,0.005291339390936515,10,1,0
amigo2,lotka_volterra,1em4,0,lotka_volterra_0_1em4,DONE,local,0.00032943175323239544,4.3688512884389424e-05,3,1,1
amigo2,lotka_volterra,1em4,1,lotka_volterra_1_1em4,DONE,local,1.76555663069309e-05,1.6921105518003233e-05,3,1,1
amigo2,lotka_volterra,1em4,2,lotka_volterra_2_1em4,DONE,local,6.0573593238942616e-06,3.896680317816853e-06,3,1,1
amigo2,lotka_volterra,1em4,3,lotka_volterra_3_1em4,DONE,local,1.4685575766090017e-05,1.290182462271056e-05,3,1,1
amigo2,lotka_volterra,1em4,4,lotka_volterra_4_1em4,DONE,local,8.253028451347418e-05,7.238849937482988e-05,3,1,1
amigo2,lotka_volterra,1em4,5,lotka_volterra_5_1em4,DONE,local,5.702121892384039e-06,5.190807523800936e-06,3,1,1
amigo2,lotka_volterra,1em4,6,lotka_volterra_6_1em4,DONE,local,4.6008382640996366e-05,3.998197748212255e-05,3,1,1
amigo2,lotka_volterra,1em4,7,lotka_volterra_7_1em4,DONE,local,6.983969093564966e-05,6.524789095190808e-05,3,1,1
amigo2,mass_spring_damper,1em4,0,mass_spring_damper_0_1em4,DONE,local,3.2392086748912406e-05,4.347271981582104e-06,3,1,1
amigo2,mass_spring_damper,1em4,1,mass_spring_damper_1_1em4,DONE,local,2.0202087752864316e-05,8.956146196926957e-06,3,1,1
amigo2,mass_spring_damper,1em4,2,mass_spring_damper_2_1em4,DONE,local,3.740058929598081e-06,2.377149808885108e-06,3,1,1
amigo2,mass_spring_damper,1em4,3,mass_spring_damper_3_1em4,DONE,local,1.3401590043811343e-05,5.007320716303491e-06,3,1,1
amigo2,mass_spring_damper,1em4,4,mass_spring_damper_4_1em4,DONE,local,1.719466077921374e-05,8.375602651062446e-06,3,1,1
amigo2,mass_spring_damper,1em4,5,mass_spring_damper_5_1em4,DONE,local,2.4621912648243376e-05,2.6413622255306758e-06,3,1,1
amigo2,mass_spring_damper,1em4,6,mass_spring_damper_6_1em4,DONE,local,1.2677167708442992e-06,1.1926781368774164e-06,3,1,1
amigo2,mass_spring_damper,1em4,7,mass_spring_damper_7_1em4,DONE,local,2.9612229141783168e-05,5.156275758100858e-06,3,1,1
amigo2,quadrotor,1em4,0,quadrotor_0_1em4,DONE,local,0.00012766804455414382,6.622182120594206e-05,2,1,1
amigo2,quadrotor,1em4,1,quadrotor_1_1em4,DONE,local,2.3845098470961585e-05,2.008197277005983e-05,2,1,1
amigo2,quadrotor,1em4,2,quadrotor_2_1em4,DONE,local,4.091473334285029e-05,4.043065515436196e-05,2,1,1
amigo2,quadrotor,1em4,3,quadrotor_3_1em4,DONE,local,0.00019657288007254522,9.975764540034802e-05,2,1,1
amigo2,quadrotor,1em4,4,quadrotor_4_1em4,DONE,local,5.2518130902015965e-06,3.1712370704780445e-06,2,1,1
amigo2,quadrotor,1em4,5,quadrotor_5_1em4,DONE,local,2.6008223938211893e-05,1.4034820567669118e-05,2,1,1
amigo2,quadrotor,1em4,6,quadrotor_6_1em4,DONE,local,0.00019040719305279022,0.00013412242321559235,2,1,1
amigo2,quadrotor,1em4,7,quadrotor_7_1em4,DONE,local,0.0002076691381042837,0.00010846105626093146,2,1,1
amigo2,repressilator,1em4,0,repressilator_0_1em4,DONE,local,3.7027094472260205e-05,1.399498663214156e-05,3,1,1
amigo2,repressilator,1em4,1,repressilator_1_1em4,DONE,local,9.858598279829384e-05,6.134090104257456e-05,3,1,1
amigo2,repressilator,1em4,2,repressilator_2_1em4,DONE,local,0.00011599386346170127,7.770059247745148e-05,3,1,1
amigo2,repressilator,1em4,3,repressilator_3_1em4,DONE,local,1.7599297765704402e-05,3.727030797841516e-06,3,1,1
amigo2,repressilator,1em4,4,repressilator_4_1em4,DONE,local,0.00022215974793565076,0.00015803645090231648,3,1,1
amigo2,repressilator,1em4,5,repressilator_5_1em4,DONE,local,0.00013500981206245087,5.3922750869634024e-05,3,1,1
amigo2,repressilator,1em4,6,repressilator_6_1em4,DONE,local,9.905447648308493e-05,5.896733584603024e-05,3,1,1
amigo2,repressilator,1em4,7,repressilator_7_1em4,DONE,local,0.00017423345954787798,6.803236557236119e-05,3,1,1
amigo2,seir,1em4,0,seir_0_1em4,DONE,local,0.774637489103386,0.43602406693306983,3,1,0
amigo2,seir,1em4,1,seir_1_1em4,DONE,local,0.19673494957192453,0.06654547463903444,3,1,0
amigo2,seir,1em4,2,seir_2_1em4,DONE,local,0.3856555717536319,0.26817676385138994,3,1,0
amigo2,seir,1em4,3,seir_3_1em4,DONE,local,0.034371683903670826,0.032589482508478845,3,1,1
amigo2,seir,1em4,4,seir_4_1em4,DONE,local,0.022301088158236778,0.004984316308336562,3,1,1
amigo2,seir,1em4,5,seir_5_1em4,DONE,local,3.3802119065236225,0.7717837473044423,3,1,0
amigo2,seir,1em4,6,seir_6_1em4,DONE,local,1.6382673685313474,0.7725421389681438,3,1,0
amigo2,seir,1em4,7,seir_7_1em4,DONE,local,0.3893287184167309,0.21891647240592826,3,1,0
amigo2,slow_fast,1em4,0,slow_fast_0_1em4,DONE,local,0.0009035029659610576,0.0007331720686256731,2,1,1
amigo2,slow_fast,1em4,1,slow_fast_1_1em4,DONE,local,0.00040055246076153974,0.00020978241385467955,2,1,1
amigo2,slow_fast,1em4,2,slow_fast_2_1em4,DONE,local,0.0012709199111605558,0.0006434311545225257,2,1,1
amigo2,slow_fast,1em4,3,slow_fast_3_1em4,DONE,local,0.0011584473711233288,0.0006419809293643752,2,1,1
amigo2,slow_fast,1em4,4,slow_fast_4_1em4,DONE,local,0.00026582335177730725,0.00025011835004737164,2,1,1
amigo2,slow_fast,1em4,5,slow_fast_5_1em4,DONE,local,0.3211029189666108,0.28198045068134475,2,1,0
amigo2,slow_fast,1em4,6,slow_fast_6_1em4,DONE,local,0.00012422330945571343,6.260960409148666e-05,2,1,1
amigo2,slow_fast,1em4,7,slow_fast_7_1em4,DONE,local,0.0015773415712620033,0.0008156568544872635,2,1,1
amigo2,sirt_treatment,1em4,0,sirt_treatment_0_1em4,DONE,local,0.0011420570110215972,0.00013365762029629919,5,1,1
amigo2,sirt_treatment,1em4,1,sirt_treatment_1_1em4,DONE,local,0.002215794419993644,6.313330914711608e-05,5,1,1
amigo2,sirt_treatment,1em4,2,sirt_treatment_2_1em4,DONE,local,0.029986690277620135,0.0022089277300085144,5,1,1
amigo2,sirt_treatment,1em4,3,sirt_treatment_3_1em4,DONE,local,0.014554636629615848,0.00016540254905485587,5,1,1
amigo2,sirt_treatment,1em4,4,sirt_treatment_4_1em4,DONE,local,0.0014075852155601253,4.1686698042558205e-05,5,1,1
amigo2,sirt_treatment,1em4,5,sirt_treatment_5_1em4,DONE,local,0.014131993297974495,0.001428421138993663,5,1,1
amigo2,sirt_treatment,1em4,6,sirt_treatment_6_1em4,DONE,local,0.0006452462770624726,3.054708703015568e-05,5,1,1
amigo2,sirt_treatment,1em4,7,sirt_treatment_7_1em4,DONE,local,0.016412038342203446,0.0011720424768326162,5,1,1
amigo2,vanderpol,1em4,0,vanderpol_0_1em4,DONE,local,5.44729922262531e-07,3.004359970328185e-07,2,1,1
amigo2,vanderpol,1em4,1,vanderpol_1_1em4,DONE,local,3.0238407438976665e-07,1.9892791713911228e-07,2,1,1
amigo2,vanderpol,1em4,2,vanderpol_2_1em4,DONE,local,8.124144555938709e-07,5.757216885782768e-07,2,1,1
amigo2,vanderpol,1em4,3,vanderpol_3_1em4,DONE,local,2.481726113719507e-06,1.4156316415177046e-06,2,1,1
amigo2,vanderpol,1em4,4,vanderpol_4_1em4,DONE,local,1.2366376622627888e-06,6.331209271399003e-07,2,1,1
amigo2,vanderpol,1em4,5,vanderpol_5_1em4,DONE,local,8.885027132669088e-06,6.571469805041489e-06,2,1,1
amigo2,vanderpol,1em4,6,vanderpol_6_1em4,DONE,local,1.728077656750354e-07,1.179814187412971e-07,2,1,1
amigo2,vanderpol,1em4,7,vanderpol_7_1em4,DONE,local,1.3248417895026058e-07,7.74241640791274e-08,2,1,1
amigo2,latent_subpopulation_branch,1em4,0,latent_subpopulation_branch_0_1em4,DONE,local,0.26951602634768257,0.13257892736592777,6,1,0
amigo2,latent_subpopulation_branch,1em4,1,latent_subpopulation_branch_1_1em4,DONE,local,11.135922330097088,0.7974445189222261,6,1,0
amigo2,latent_subpopulation_branch,1em4,2,latent_subpopulation_branch_2_1em4,DONE,local,2.0137846561949693,0.5545899757049806,6,1,0
amigo2,latent_subpopulation_branch,1em4,3,latent_subpopulation_branch_3_1em4,DONE,local,4.035565607265579,0.17043910136171125,6,1,0
amigo2,latent_subpopulation_branch,1em4,4,latent_subpopulation_branch_4_1em4,DONE,local,2.893105019139879,0.4639390466651504,6,1,0
amigo2,latent_subpopulation_branch,1em4,5,latent_subpopulation_branch_5_1em4,DONE,local,7.701186321203204,0.22034256248383588,6,1,0
amigo2,latent_subpopulation_branch,1em4,6,latent_subpopulation_branch_6_1em4,DONE,local,0.9394683202300979,0.465136911199663,6,1,0
amigo2,latent_subpopulation_branch,1em4,7,latent_subpopulation_branch_7_1em4,DONE,local,2.930167180103018,0.4087389872093365,6,1,0
amigo2,latent_subpopulation_observed_control,1em4,0,latent_subpopulation_observed_control_0_1em4,DONE,local,0.0010576032095912244,0.00014119912629104305,6,1,1
amigo2,latent_subpopulation_observed_control,1em4,1,latent_subpopulation_observed_control_1_1em4,DONE,local,0.0016112882628143887,0.0005355676621923177,6,1,1
amigo2,latent_subpopulation_observed_control,1em4,2,latent_subpopulation_observed_control_2_1em4,DONE,local,8.293640718143577e-05,1.3984678863019523e-05,6,1,1
amigo2,latent_subpopulation_observed_control,1em4,3,latent_subpopulation_observed_control_3_1em4,DONE,local,0.0003319003245277625,2.9561784445206655e-05,6,1,1
amigo2,latent_subpopulation_observed_control,1em4,4,latent_subpopulation_observed_control_4_1em4,DONE,local,0.0010390349571421167,6.859089603961733e-05,6,1,1
amigo2,latent_subpopulation_observed_control,1em4,5,latent_subpopulation_observed_control_5_1em4,DONE,local,0.0001486428086895767,2.376961497936593e-05,6,1,1
amigo2,latent_subpopulation_observed_control,1em4,6,latent_subpopulation_observed_control_6_1em4,DONE,local,0.0015312890304043452,2.6483154533203288e-05,6,1,1
amigo2,latent_subpopulation_observed_control,1em4,7,latent_subpopulation_observed_control_7_1em4,DONE,local,0.0002826719521858185,2.228730536226161e-05,6,1,1
amigo2,receptor_subtype_binding_branch,1em4,0,receptor_subtype_binding_branch_0_1em4,FAILURE,,,,,,0
amigo2,receptor_subtype_binding_branch,1em4,1,receptor_subtype_binding_branch_1_1em4,FAILURE,,,,,,0
amigo2,receptor_subtype_binding_branch,1em4,2,receptor_subtype_binding_branch_2_1em4,FAILURE,,,,,,0
amigo2,receptor_subtype_binding_branch,1em4,3,receptor_subtype_binding_branch_3_1em4,FAILURE,,,,,,0
amigo2,receptor_subtype_binding_branch,1em4,4,receptor_subtype_binding_branch_4_1em4,FAILURE,,,,,,0
amigo2,receptor_subtype_binding_branch,1em4,5,receptor_subtype_binding_branch_5_1em4,FAILURE,,,,,,0
amigo2,receptor_subtype_binding_branch,1em4,6,receptor_subtype_binding_branch_6_1em4,FAILURE,,,,,,0
amigo2,receptor_subtype_binding_branch,1em4,7,receptor_subtype_binding_branch_7_1em4,FAILURE,,,,,,0
amigo2,receptor_subtype_binding_observed_control,1em4,0,receptor_subtype_binding_observed_control_0_1em4,DONE,local,0.0005083171906391364,0.0002181492177372328,6,1,1
amigo2,receptor_subtype_binding_observed_control,1em4,1,receptor_subtype_binding_observed_control_1_1em4,DONE,local,0.0010276063273411621,0.0007613622471272371,6,1,1
amigo2,receptor_subtype_binding_observed_control,1em4,2,receptor_subtype_binding_observed_control_2_1em4,DONE,local,0.01324765758574139,0.004301301663744374,6,1,1
amigo2,receptor_subtype_binding_observed_control,1em4,3,receptor_subtype_binding_observed_control_3_1em4,DONE,local,0.0004395320887864592,0.000142665082142468,6,1,1
amigo2,receptor_subtype_binding_observed_control,1em4,4,receptor_subtype_binding_observed_control_4_1em4,DONE,local,0.019124037160928194,0.003391007216166272,6,1,1
amigo2,receptor_subtype_binding_observed_control,1em4,5,receptor_subtype_binding_observed_control_5_1em4,DONE,local,0.004813862574387938,0.0005595306786989815,6,1,1
amigo2,receptor_subtype_binding_observed_control,1em4,6,receptor_subtype_binding_observed_control_6_1em4,DONE,local,0.002479879340830094,0.0005588281474378433,6,1,1
amigo2,receptor_subtype_binding_observed_control,1em4,7,receptor_subtype_binding_observed_control_7_1em4,DONE,local,0.002872722089185999,0.001070176400100321,6,1,1
amigo2,aircraft_pitch,1em2,0,aircraft_pitch_0_1em2,DONE,local,0.009968290302623355,6.147832984016864e-05,4,1,1
amigo2,aircraft_pitch,1em2,1,aircraft_pitch_1_1em2,DONE,local,0.033206465439066656,0.00014499756974787844,4,1,1
amigo2,aircraft_pitch,1em2,2,aircraft_pitch_2_1em2,DONE,local,0.04566754221824614,0.0002676507249233141,4,1,1
amigo2,aircraft_pitch,1em2,3,aircraft_pitch_3_1em2,DONE,local,0.0025453187037987103,3.273276223030778e-05,4,1,1
amigo2,aircraft_pitch,1em2,4,aircraft_pitch_4_1em2,DONE,local,0.00016390933464013828,2.724427505251856e-06,4,1,1
amigo2,aircraft_pitch,1em2,5,aircraft_pitch_5_1em2,DONE,local,0.9999253731343283,0.0007005653392728263,4,1,0
amigo2,aircraft_pitch,1em2,6,aircraft_pitch_6_1em2,DONE,local,0.15849805644518894,0.0001817113721203573,4,1,0
amigo2,aircraft_pitch,1em2,7,aircraft_pitch_7_1em2,DONE,local,0.12212028834793466,0.0009346440082543205,4,1,0
amigo2,bicycle_model,1em2,0,bicycle_model_0_1em2,DONE,local,0.0001773551747911532,0.00017142349058884543,3,1,1
amigo2,bicycle_model,1em2,1,bicycle_model_1_1em2,DONE,local,0.0006308239400356033,0.0006233409984095162,3,1,1
amigo2,bicycle_model,1em2,2,bicycle_model_2_1em2,DONE,local,0.00023021813239392107,0.00020361331465146577,3,1,1
amigo2,bicycle_model,1em2,3,bicycle_model_3_1em2,DONE,local,0.000885554181298784,0.0007176635675175475,3,1,1
amigo2,bicycle_model,1em2,4,bicycle_model_4_1em2,DONE,local,0.0004923176634112884,0.00044274533334642943,3,1,1
amigo2,bicycle_model,1em2,5,bicycle_model_5_1em2,DONE,local,0.0006864313478367194,0.0006124387229918525,3,1,1
amigo2,bicycle_model,1em2,6,bicycle_model_6_1em2,DONE,local,6.254445222815028e-05,5.753299892250649e-05,3,1,1
amigo2,bicycle_model,1em2,7,bicycle_model_7_1em2,DONE,local,0.001125999633747474,0.001090260241106714,3,1,1
amigo2,biohydrogenation,1em2,0,biohydrogenation_0_1em2,DONE,local,21.238097221634483,0.724706115810265,6,1,0
amigo2,biohydrogenation,1em2,1,biohydrogenation_1_1em2,DONE,local,42.668120474593735,0.04468160572225956,6,1,0
amigo2,biohydrogenation,1em2,2,biohydrogenation_2_1em2,DONE,local,0.9999370371272011,0.3071823428431425,6,1,0
amigo2,biohydrogenation,1em2,3,biohydrogenation_3_1em2,DONE,local,16.793594306049823,0.26784465228373255,6,1,0
amigo2,biohydrogenation,1em2,4,biohydrogenation_4_1em2,DONE,local,9.270911851598116,0.6188570907663447,6,1,0
amigo2,biohydrogenation,1em2,5,biohydrogenation_5_1em2,DONE,local,10.764705882352942,0.053941326553078185,6,1,0
amigo2,biohydrogenation,1em2,6,biohydrogenation_6_1em2,DONE,local,0.9999887514060742,0.6438433537084091,6,1,0
amigo2,biohydrogenation,1em2,7,biohydrogenation_7_1em2,DONE,local,0.9999749373433584,0.47939601059900927,6,1,0
amigo2,boost_converter,1em2,0,boost_converter_0_1em2,DONE,local,0.00443958270285651,0.0036682597046638035,3,1,1
amigo2,boost_converter,1em2,1,boost_converter_1_1em2,DONE,local,0.0018905419631126826,0.0014818309861313796,3,1,1
amigo2,boost_converter,1em2,2,boost_converter_2_1em2,DONE,local,0.009174380090052994,0.0027734673888768387,3,1,1
amigo2,boost_converter,1em2,3,boost_converter_3_1em2,DONE,local,0.0033040596550504542,0.00136716611290709,3,1,1
amigo2,boost_converter,1em2,4,boost_converter_4_1em2,DONE,local,0.003259863470999107,0.0006071561374205973,3,1,1
amigo2,boost_converter,1em2,5,boost_converter_5_1em2,DONE,local,0.004341963887103563,0.003950036792310094,3,1,1
amigo2,boost_converter,1em2,6,boost_converter_6_1em2,DONE,local,0.0023399520943119317,0.0018464387017588094,3,1,1
amigo2,boost_converter,1em2,7,boost_converter_7_1em2,DONE,local,0.004504708519424968,0.0025807614856889847,3,1,1
amigo2,brusselator,1em2,0,brusselator_0_1em2,DONE,local,0.014971101770235074,0.00755364753813649,2,1,1
amigo2,brusselator,1em2,1,brusselator_1_1em2,DONE,local,0.028847263457803342,0.014500289751732258,2,1,1
amigo2,brusselator,1em2,2,brusselator_2_1em2,DONE,local,0.6960791711598736,0.34809174295401624,2,1,0
amigo2,brusselator,1em2,3,brusselator_3_1em2,DONE,local,0.08157041595338313,0.04080824865680019,2,1,1
amigo2,brusselator,1em2,4,brusselator_4_1em2,DONE,local,0.021583574423595195,0.010794880376461887,2,1,1
amigo2,brusselator,1em2,5,brusselator_5_1em2,DONE,local,0.30872703128277584,0.15438287203911463,2,1,0
amigo2,brusselator,1em2,6,brusselator_6_1em2,DONE,local,0.33066580910024707,0.165397982858358,2,1,0
amigo2,brusselator,1em2,7,brusselator_7_1em2,DONE,local,0.8569468492057561,0.4284954719631448,2,1,0
amigo2,crauste,1em2,0,crauste_0_1em2,DONE,local,18.57879341157857,1.0689265774705043,12,1,0
amigo2,crauste,1em2,1,crauste_1_1em2,DONE,local,0.9999462396917055,0.03458041752224722,12,1,0
amigo2,crauste,1em2,2,crauste_2_1em2,DONE,local,32.898239278504875,0.9999073656100874,12,1,0
amigo2,crauste,1em2,3,crauste_3_1em2,DONE,local,3.8345816356968925,0.26386047406168817,12,1,0
amigo2,crauste,1em2,4,crauste_4_1em2,DONE,local,2.2045594654315845,0.11467547740494703,12,1,0
amigo2,crauste,1em2,5,crauste_5_1em2,DONE,local,28.49852507374631,0.9999382511243824,12,1,0
amigo2,crauste,1em2,6,crauste_6_1em2,DONE,local,0.999916225683676,0.10708278323465717,12,1,0
amigo2,crauste,1em2,7,crauste_7_1em2,DONE,local,0.9155295163616076,0.01302035892946268,12,1,0
amigo2,cstr,1em2,0,cstr_0_1em2,DONE,local,0.9999822056131993,0.002731269212236388,4,1,0
amigo2,cstr,1em2,1,cstr_1_1em2,DONE,local,0.9736625005345554,0.018925518816867864,4,1,0
amigo2,cstr,1em2,2,cstr_2_1em2,DONE,local,11.202848072308933,0.45974863576550895,4,1,0
amigo2,cstr,1em2,3,cstr_3_1em2,DONE,local,17.050541516245485,0.008344053883819145,4,1,0
amigo2,cstr,1em2,4,cstr_4_1em2,DONE,local,13.534883720930234,0.15821825480853632,4,1,0
amigo2,cstr,1em2,5,cstr_5_1em2,DONE,local,54.24861878453039,0.1317715619470866,4,1,0
amigo2,cstr,1em2,6,cstr_6_1em2,DONE,local,26.027027027027028,0.6573528280669092,4,1,0
amigo2,cstr,1em2,7,cstr_7_1em2,DONE,local,12.436793492986565,0.07160904763775694,4,1,0
amigo2,daisy_mamil3,1em2,0,daisy_mamil3_0_1em2,DONE,local,0.7388783020371215,0.16300997355448565,5,1,0
amigo2,daisy_mamil3,1em2,1,daisy_mamil3_1_1em2,DONE,local,0.08570285474076432,0.007408831331497883,5,1,1
amigo2,daisy_mamil3,1em2,2,daisy_mamil3_2_1em2,DONE,local,0.07471712319161179,0.015355373033632483,5,1,1
amigo2,daisy_mamil3,1em2,3,daisy_mamil3_3_1em2,DONE,local,0.059268711788994184,0.011470195859267084,5,1,1
amigo2,daisy_mamil3,1em2,4,daisy_mamil3_4_1em2,DONE,local,0.13348802009771327,0.05589900562053859,5,1,0
amigo2,daisy_mamil3,1em2,5,daisy_mamil3_5_1em2,DONE,local,0.31648750141861376,0.1267382714772469,5,1,0
amigo2,daisy_mamil3,1em2,6,daisy_mamil3_6_1em2,DONE,local,0.21359838154575048,0.04050723895244365,5,1,0
amigo2,daisy_mamil3,1em2,7,daisy_mamil3_7_1em2,DONE,local,0.15289445946578614,0.006351752860037525,5,1,0
amigo2,daisy_mamil4,1em2,0,daisy_mamil4_0_1em2,DONE,local,1.6163627815726123,0.6543944091395895,7,1,0
amigo2,daisy_mamil4,1em2,1,daisy_mamil4_1_1em2,DONE,local,33.327578122382754,0.07663305177713517,7,1,0
amigo2,daisy_mamil4,1em2,2,daisy_mamil4_2_1em2,DONE,local,0.4830852057600723,0.0922067227720243,7,1,0
amigo2,daisy_mamil4,1em2,3,daisy_mamil4_3_1em2,DONE,local,0.9463970195055159,0.03436404534184938,7,1,0
amigo2,daisy_mamil4,1em2,4,daisy_mamil4_4_1em2,DONE,local,1.3650918665172138,0.1500885146503984,7,1,0
amigo2,daisy_mamil4,1em2,5,daisy_mamil4_5_1em2,DONE,local,0.9999358974358974,0.09965706229817589,7,1,0
amigo2,daisy_mamil4,1em2,6,daisy_mamil4_6_1em2,DONE,local,12.430366019312194,0.5357393946879843,7,1,0
amigo2,daisy_mamil4,1em2,7,daisy_mamil4_7_1em2,DONE,local,1.5984285782028242,0.22549652468249887,7,1,0
amigo2,dc_motor,1em2,0,dc_motor_0_1em2,DONE,local,0.007621964891545169,0.004321260734842206,2,1,1
amigo2,dc_motor,1em2,1,dc_motor_1_1em2,DONE,local,0.002617054207419515,0.0014693351552740033,2,1,1
amigo2,dc_motor,1em2,2,dc_motor_2_1em2,DONE,local,0.0107840547354657,0.005590618105459262,2,1,1
amigo2,dc_motor,1em2,3,dc_motor_3_1em2,DONE,local,0.0019671117448903114,0.0011798376168688756,2,1,1
amigo2,dc_motor,1em2,4,dc_motor_4_1em2,DONE,local,0.01447934834743673,0.007308503342907419,2,1,1
amigo2,dc_motor,1em2,5,dc_motor_5_1em2,DONE,local,0.00427314791992867,0.002261958157514999,2,1,1
amigo2,dc_motor,1em2,6,dc_motor_6_1em2,DONE,local,0.0196868759440957,0.009909516375117739,2,1,1
amigo2,dc_motor,1em2,7,dc_motor_7_1em2,DONE,local,0.002551221181908241,0.0013568742890140784,2,1,1
amigo2,fitzhugh_nagumo,1em2,0,fitzhugh_nagumo_0_1em2,DONE,local,2.846175086320878,0.03480089471788914,3,1,0
amigo2,fitzhugh_nagumo,1em2,1,fitzhugh_nagumo_1_1em2,DONE,local,0.9999880525686978,0.36295751016378847,3,1,0
amigo2,fitzhugh_nagumo,1em2,2,fitzhugh_nagumo_2_1em2,DONE,local,0.9999616858237548,0.14219450730948474,3,1,0
amigo2,fitzhugh_nagumo,1em2,3,fitzhugh_nagumo_3_1em2,DONE,local,1.3043197471516408,1.0707115408620749,3,1,0
amigo2,fitzhugh_nagumo,1em2,4,fitzhugh_nagumo_4_1em2,DONE,local,19.50337044615698,3.6530735737621076,3,1,0
amigo2,fitzhugh_nagumo,1em2,5,fitzhugh_nagumo_5_1em2,DONE,local,1.1460909153000542,0.42160111136460005,3,1,0
amigo2,fitzhugh_nagumo,1em2,6,fitzhugh_nagumo_6_1em2,DONE,local,0.9999766355140187,0.7579944496427573,3,1,0
amigo2,fitzhugh_nagumo,1em2,7,fitzhugh_nagumo_7_1em2,DONE,local,8.467983305949446,0.9999847328244276,3,1,0
amigo2,flexible_arm,1em2,0,flexible_arm_0_1em2,DONE,local,1.0045033410222262,0.9991548507159999,5,1,0
amigo2,flexible_arm,1em2,1,flexible_arm_1_1em2,DONE,local,14.829354820124257,2.1268280837509637,5,1,0
amigo2,flexible_arm,1em2,2,flexible_arm_2_1em2,DONE,local,1.1113818923525405,0.9899080951599405,5,1,0
amigo2,flexible_arm,1em2,3,flexible_arm_3_1em2,DONE,local,0.11697193749900056,0.029306736444212392,5,1,0
amigo2,flexible_arm,1em2,4,flexible_arm_4_1em2,DONE,local,0.2490596286494138,0.11306705298425221,5,1,0
amigo2,flexible_arm,1em2,5,flexible_arm_5_1em2,DONE,local,0.9998776025024158,0.9996104930399378,5,1,0
amigo2,flexible_arm,1em2,6,flexible_arm_6_1em2,DONE,local,0.9673303968564331,0.31924649857157533,5,1,0
amigo2,flexible_arm,1em2,7,flexible_arm_7_1em2,DONE,local,4.204658893357832,1.2124431672891531,5,1,0
amigo2,forced_lotka_volterra,1em2,0,forced_lotka_volterra_0_1em2,DONE,local,0.0010613010335785071,0.0007210367091108936,4,1,1
amigo2,forced_lotka_volterra,1em2,1,forced_lotka_volterra_1_1em2,DONE,local,0.0004659039080741108,0.00012591036570154722,4,1,1
amigo2,forced_lotka_volterra,1em2,2,forced_lotka_volterra_2_1em2,DONE,local,0.0007181365676510032,0.0005546112456524664,4,1,1
amigo2,forced_lotka_volterra,1em2,3,forced_lotka_volterra_3_1em2,DONE,local,0.00040939278238326333,0.00024124673242786472,4,1,1
amigo2,forced_lotka_volterra,1em2,4,forced_lotka_volterra_4_1em2,DONE,local,0.0006522032541165549,0.0002573156249126495,4,1,1
amigo2,forced_lotka_volterra,1em2,5,forced_lotka_volterra_5_1em2,DONE,local,0.0003594851381259687,0.00021407391554071313,4,1,1
amigo2,forced_lotka_volterra,1em2,6,forced_lotka_volterra_6_1em2,DONE,local,0.0050866472986828,0.0003682748919960609,4,1,1
amigo2,forced_lotka_volterra,1em2,7,forced_lotka_volterra_7_1em2,DONE,local,0.0006644004282953275,0.0005842064110964236,4,1,1
amigo2,harmonic_oscillator,1em2,0,harmonic_oscillator_0_1em2,DONE,local,6.738800798375768e-05,6.243650746010806e-05,2,1,1
amigo2,harmonic_oscillator,1em2,1,harmonic_oscillator_1_1em2,DONE,local,1.8898742249428205e-06,1.27638300667817e-06,2,1,1
amigo2,harmonic_oscillator,1em2,2,harmonic_oscillator_2_1em2,DONE,local,2.7746884916674782e-06,1.6020004158278544e-06,2,1,1
amigo2,harmonic_oscillator,1em2,3,harmonic_oscillator_3_1em2,DONE,local,2.7992676909276226e-06,2.640546376888934e-06,2,1,1
amigo2,harmonic_oscillator,1em2,4,harmonic_oscillator_4_1em2,DONE,local,0.0001431738171233654,0.00013657679583931878,2,1,1
amigo2,harmonic_oscillator,1em2,5,harmonic_oscillator_5_1em2,DONE,local,2.8131999832623296e-05,2.4915586462072896e-05,2,1,1
amigo2,harmonic_oscillator,1em2,6,harmonic_oscillator_6_1em2,DONE,local,0.00016759876709413363,0.00014212591365637384,2,1,1
amigo2,harmonic_oscillator,1em2,7,harmonic_oscillator_7_1em2,DONE,local,1.0656724714118167e-05,9.952531998351709e-06,2,1,1
amigo2,hiv,1em2,0,hiv_0_1em2,DONE,local,0.99992700729927,0.06537313938128148,10,1,0
amigo2,hiv,1em2,1,hiv_1_1em2,DONE,local,2.3901983016665715,0.271269598375119,10,1,0
amigo2,hiv,1em2,2,hiv_2_1em2,DONE,local,0.9999866488651536,0.21367289403373627,10,1,0
amigo2,hiv,1em2,3,hiv_3_1em2,DONE,local,0.9999692307692307,0.05880816181239884,10,1,0
amigo2,hiv,1em2,4,hiv_4_1em2,DONE,local,0.9999662162162162,0.0942551835869939,10,1,0
amigo2,hiv,1em2,5,hiv_5_1em2,DONE,local,15.304946038260772,0.4062388685603138,10,1,0
amigo2,hiv,1em2,6,hiv_6_1em2,DONE,local,0.9999882075471699,0.09397667326083506,10,1,0
amigo2,hiv,1em2,7,hiv_7_1em2,DONE,local,5.516492972093348,0.10457172565248064,10,1,0
amigo2,lotka_volterra,1em2,0,lotka_volterra_0_1em2,DONE,local,0.011657249278240427,0.0008589678016799182,3,1,1
amigo2,lotka_volterra,1em2,1,lotka_volterra_1_1em2,DONE,local,0.0011742554373163213,0.00094400032781862,3,1,1
amigo2,lotka_volterra,1em2,2,lotka_volterra_2_1em2,DONE,local,0.0022846340086507284,0.0019514614658673055,3,1,1
amigo2,lotka_volterra,1em2,3,lotka_volterra_3_1em2,DONE,local,0.005079099577173172,0.004922978026035054,3,1,1
amigo2,lotka_volterra,1em2,4,lotka_volterra_4_1em2,DONE,local,0.007907684346199331,0.006223210946107294,3,1,1
amigo2,lotka_volterra,1em2,5,lotka_volterra_5_1em2,DONE,local,0.00032681610784081105,0.00026586666857046176,3,1,1
amigo2,lotka_volterra,1em2,6,lotka_volterra_6_1em2,DONE,local,0.004828413637278121,0.003480985480901996,3,1,1
amigo2,lotka_volterra,1em2,7,lotka_volterra_7_1em2,DONE,local,0.004250825295275437,0.004102960668912308,3,1,1
amigo2,mass_spring_damper,1em2,0,mass_spring_damper_0_1em2,DONE,local,0.002532421816195841,0.0003640294737032959,3,1,1
amigo2,mass_spring_damper,1em2,1,mass_spring_damper_1_1em2,DONE,local,0.001208934806428849,0.0011473244600625622,3,1,1
amigo2,mass_spring_damper,1em2,2,mass_spring_damper_2_1em2,DONE,local,0.0011553811198184464,0.0008888855067834545,3,1,1
amigo2,mass_spring_damper,1em2,3,mass_spring_damper_3_1em2,DONE,local,0.0004470174608453846,0.0002891211563440137,3,1,1
amigo2,mass_spring_damper,1em2,4,mass_spring_damper_4_1em2,DONE,local,0.0002526102107393935,0.0001485990301305913,3,1,1
amigo2,mass_spring_damper,1em2,5,mass_spring_damper_5_1em2,DONE,local,0.0032913922485336288,0.0005646433603944356,3,1,1
amigo2,mass_spring_damper,1em2,6,mass_spring_damper_6_1em2,DONE,local,0.0009726880206270479,0.0008725824349649125,3,1,1
amigo2,mass_spring_damper,1em2,7,mass_spring_damper_7_1em2,DONE,local,0.003998572594159353,0.0006977281899704231,3,1,1
amigo2,quadrotor,1em2,0,quadrotor_0_1em2,DONE,local,0.049988910174541594,0.025223090869999548,2,1,1
amigo2,quadrotor,1em2,1,quadrotor_1_1em2,DONE,local,0.002594441068594478,0.0018601527181610668,2,1,1
amigo2,quadrotor,1em2,2,quadrotor_2_1em2,DONE,local,0.018828234291448313,0.01228967109777894,2,1,1
amigo2,quadrotor,1em2,3,quadrotor_3_1em2,DONE,local,0.007176593202306382,0.004889823301512612,2,1,1
amigo2,quadrotor,1em2,4,quadrotor_4_1em2,DONE,local,0.0013688569962237208,0.0008499499560450131,2,1,1
amigo2,quadrotor,1em2,5,quadrotor_5_1em2,DONE,local,0.003928033886061504,0.0020488937818721425,2,1,1
amigo2,quadrotor,1em2,6,quadrotor_6_1em2,DONE,local,0.0038488634866125577,0.0033093836146223434,2,1,1
amigo2,quadrotor,1em2,7,quadrotor_7_1em2,DONE,local,0.006449254110645013,0.004193991878529873,2,1,1
amigo2,repressilator,1em2,0,repressilator_0_1em2,DONE,local,0.002027878890251478,0.0003738028156784178,3,1,1
amigo2,repressilator,1em2,1,repressilator_1_1em2,DONE,local,0.019933043379607163,0.014035921678743202,3,1,1
amigo2,repressilator,1em2,2,repressilator_2_1em2,DONE,local,0.010560937143000222,0.007820506474245363,3,1,1
amigo2,repressilator,1em2,3,repressilator_3_1em2,DONE,local,0.019595542619285693,0.00923239080082001,3,1,1
amigo2,repressilator,1em2,4,repressilator_4_1em2,DONE,local,0.009948993848927324,0.007198391597372187,3,1,1
amigo2,repressilator,1em2,5,repressilator_5_1em2,DONE,local,0.006100743927987296,0.003629663091195366,3,1,1
amigo2,repressilator,1em2,6,repressilator_6_1em2,DONE,local,0.009634888577014,0.006620728549665962,3,1,1
amigo2,repressilator,1em2,7,repressilator_7_1em2,DONE,local,0.016618738769623338,0.006571391359023129,3,1,1
amigo2,seir,1em2,0,seir_0_1em2,DONE,local,0.2088210881164407,0.09201770437572641,3,1,0
amigo2,seir,1em2,1,seir_1_1em2,DONE,local,1.0552480915709201,0.31925225075417113,3,1,0
amigo2,seir,1em2,2,seir_2_1em2,DONE,local,0.15504809298536046,0.09440117162857344,3,1,0
amigo2,seir,1em2,3,seir_3_1em2,DONE,local,0.11645200301509198,0.06266242628236364,3,1,0
amigo2,seir,1em2,4,seir_4_1em2,DONE,local,69.42253521126761,0.9176985154725124,3,1,0
amigo2,seir,1em2,5,seir_5_1em2,DONE,local,0.321345644775999,0.26034608812141774,3,1,0
amigo2,seir,1em2,6,seir_6_1em2,DONE,local,2.914140445208718,0.9538320265007455,3,1,0
amigo2,seir,1em2,7,seir_7_1em2,DONE,local,0.43157552597812693,0.20360050983674105,3,1,0
amigo2,slow_fast,1em2,0,slow_fast_0_1em2,DONE,local,0.058721294689880195,0.030869528797434265,2,1,1
amigo2,slow_fast,1em2,1,slow_fast_1_1em2,DONE,local,0.1600313138783657,0.08725001789145893,2,1,0
amigo2,slow_fast,1em2,2,slow_fast_2_1em2,DONE,local,0.020223308526541528,0.014214568828750624,2,1,1
amigo2,slow_fast,1em2,3,slow_fast_3_1em2,DONE,local,0.07767567581553508,0.051007289125683766,2,1,1
amigo2,slow_fast,1em2,4,slow_fast_4_1em2,DONE,local,0.03492345680970398,0.025842494141983537,2,1,1
amigo2,slow_fast,1em2,5,slow_fast_5_1em2,DONE,local,0.21233171472941784,0.20957612225021946,2,1,0
amigo2,slow_fast,1em2,6,slow_fast_6_1em2,DONE,local,0.026878399409227993,0.022224516436799305,2,1,1
amigo2,slow_fast,1em2,7,slow_fast_7_1em2,DONE,local,0.569618465085941,0.29521718880094555,2,1,0
amigo2,sirt_treatment,1em2,0,sirt_treatment_0_1em2,DONE,local,0.4153211754950074,0.039790960022283155,5,1,0
amigo2,sirt_treatment,1em2,1,sirt_treatment_1_1em2,DONE,local,0.99992,0.02433541804786888,5,1,0
amigo2,sirt_treatment,1em2,2,sirt_treatment_2_1em2,DONE,local,0.975189154528544,0.08873257791461883,5,1,0
amigo2,sirt_treatment,1em2,3,sirt_treatment_3_1em2,DONE,local,20.433539043540573,0.5000454617036147,5,1,0
amigo2,sirt_treatment,1em2,4,sirt_treatment_4_1em2,DONE,local,0.4968558117486051,0.012262188170504838,5,1,0
amigo2,sirt_treatment,1em2,5,sirt_treatment_5_1em2,DONE,local,0.2416145175305822,0.013820233175012981,5,1,0
amigo2,sirt_treatment,1em2,6,sirt_treatment_6_1em2,DONE,local,2.351121042588859,0.07567427947285026,5,1,0
amigo2,sirt_treatment,1em2,7,sirt_treatment_7_1em2,DONE,local,2.900203868711592,0.20846284253480238,5,1,0
amigo2,vanderpol,1em2,0,vanderpol_0_1em2,DONE,local,2.4508529832713337e-05,1.6545682008389276e-05,2,1,1
amigo2,vanderpol,1em2,1,vanderpol_1_1em2,DONE,local,0.0006478023446189787,0.0003410140641690649,2,1,1
amigo2,vanderpol,1em2,2,vanderpol_2_1em2,DONE,local,5.373494722286304e-05,3.3053517124389225e-05,2,1,1
amigo2,vanderpol,1em2,3,vanderpol_3_1em2,DONE,local,0.00023484982550275556,0.0001314862043840824,2,1,1
amigo2,vanderpol,1em2,4,vanderpol_4_1em2,DONE,local,9.28654337865989e-06,5.9509879461710265e-06,2,1,1
amigo2,vanderpol,1em2,5,vanderpol_5_1em2,DONE,local,0.006649239199703014,0.003333961390787337,2,1,1
amigo2,vanderpol,1em2,6,vanderpol_6_1em2,DONE,local,2.834724936346949e-05,1.4301952105173926e-05,2,1,1
amigo2,vanderpol,1em2,7,vanderpol_7_1em2,DONE,local,1.1858718122083458e-05,6.551986026613466e-06,2,1,1
amigo2,latent_subpopulation_branch,1em2,0,latent_subpopulation_branch_0_1em2,DONE,local,17.51851851851852,0.4312959915400857,6,1,0
amigo2,latent_subpopulation_branch,1em2,1,latent_subpopulation_branch_1_1em2,DONE,local,0.9999730458221024,0.13888633731380312,6,1,0
amigo2,latent_subpopulation_branch,1em2,2,latent_subpopulation_branch_2_1em2,DONE,local,49.0,0.37279497327396316,6,1,0
amigo2,latent_subpopulation_branch,1em2,3,latent_subpopulation_branch_3_1em2,DONE,local,16.246615773898043,0.4476277824484757,6,1,0
amigo2,latent_subpopulation_branch,1em2,4,latent_subpopulation_branch_4_1em2,DONE,local,55.242915880868956,0.7217937853192109,6,1,0
amigo2,latent_subpopulation_branch,1em2,5,latent_subpopulation_branch_5_1em2,DONE,local,35.90036900369003,1.6480571162099253,6,1,0
amigo2,latent_subpopulation_branch,1em2,6,latent_subpopulation_branch_6_1em2,DONE,local,0.9999557522123893,0.3801628985563922,6,1,0
amigo2,latent_subpopulation_branch,1em2,7,latent_subpopulation_branch_7_1em2,DONE,local,11.03369434416366,1.8637714674664614,6,1,0
amigo2,latent_subpopulation_observed_control,1em2,0,latent_subpopulation_observed_control_0_1em2,DONE,local,0.06792221996661195,0.0068782712549639285,6,1,1
amigo2,latent_subpopulation_observed_control,1em2,1,latent_subpopulation_observed_control_1_1em2,DONE,local,0.27581458881163134,0.01569196538633931,6,1,0
amigo2,latent_subpopulation_observed_control,1em2,2,latent_subpopulation_observed_control_2_1em2,DONE,local,0.021035129908621514,0.005049344161661766,6,1,1
amigo2,latent_subpopulation_observed_control,1em2,3,latent_subpopulation_observed_control_3_1em2,DONE,local,0.00825384047743484,0.0028927039443058166,6,1,1
amigo2,latent_subpopulation_observed_control,1em2,4,latent_subpopulation_observed_control_4_1em2,DONE,local,0.0522095610760987,0.0029325370071058903,6,1,1
amigo2,latent_subpopulation_observed_control,1em2,5,latent_subpopulation_observed_control_5_1em2,DONE,local,0.011233442592814722,0.0017708530518490357,6,1,1
amigo2,latent_subpopulation_observed_control,1em2,6,latent_subpopulation_observed_control_6_1em2,DONE,local,0.04043931447928437,0.00912062673061329,6,1,1
amigo2,latent_subpopulation_observed_control,1em2,7,latent_subpopulation_observed_control_7_1em2,DONE,local,0.11169286077466577,0.006096123979009954,6,1,0
amigo2,receptor_subtype_binding_branch,1em2,0,receptor_subtype_binding_branch_0_1em2,FAILURE,,,,,,0
amigo2,receptor_subtype_binding_branch,1em2,1,receptor_subtype_binding_branch_1_1em2,FAILURE,,,,,,0
amigo2,receptor_subtype_binding_branch,1em2,2,receptor_subtype_binding_branch_2_1em2,FAILURE,,,,,,0
amigo2,receptor_subtype_binding_branch,1em2,3,receptor_subtype_binding_branch_3_1em2,FAILURE,,,,,,0
amigo2,receptor_subtype_binding_branch,1em2,4,receptor_subtype_binding_branch_4_1em2,FAILURE,,,,,,0
amigo2,receptor_subtype_binding_branch,1em2,5,receptor_subtype_binding_branch_5_1em2,FAILURE,,,,,,0
amigo2,receptor_subtype_binding_branch,1em2,6,receptor_subtype_binding_branch_6_1em2,FAILURE,,,,,,0
amigo2,receptor_subtype_binding_branch,1em2,7,receptor_subtype_binding_branch_7_1em2,FAILURE,,,,,,0
amigo2,receptor_subtype_binding_observed_control,1em2,0,receptor_subtype_binding_observed_control_0_1em2,DONE,local,0.09907294342162432,0.029479617073604688,6,1,1
amigo2,receptor_subtype_binding_observed_control,1em2,1,receptor_subtype_binding_observed_control_1_1em2,DONE,local,0.18768072877618835,0.057315630905433165,6,1,0
amigo2,receptor_subtype_binding_observed_control,1em2,2,receptor_subtype_binding_observed_control_2_1em2,DONE,local,0.3866635811588965,0.13245144800387493,6,1,0
amigo2,receptor_subtype_binding_observed_control,1em2,3,receptor_subtype_binding_observed_control_3_1em2,DONE,local,0.05925225412577794,0.012586856332463899,6,1,1
amigo2,receptor_subtype_binding_observed_control,1em2,4,receptor_subtype_binding_observed_control_4_1em2,DONE,local,9.348225033081082,0.43969118060088475,6,1,0
amigo2,receptor_subtype_binding_observed_control,1em2,5,receptor_subtype_binding_observed_control_5_1em2,DONE,local,0.049915659222062016,0.025000238993498538,6,1,1
amigo2,receptor_subtype_binding_observed_control,1em2,6,receptor_subtype_binding_observed_control_6_1em2,DONE,local,0.3503519793151601,0.07019744587424695,6,1,0
amigo2,receptor_subtype_binding_observed_control,1em2,7,receptor_subtype_binding_observed_control_7_1em2,DONE,local,0.6298421054932521,0.1716863473316238,6,1,0
