LinearAlgebra.PosDefException(6)
LinearAlgebra.PosDefException(3)
LinearAlgebra.PosDefException(2)
LinearAlgebra.PosDefException(3)
LinearAlgebra.PosDefException(6)
LinearAlgebra.PosDefException(4)
LinearAlgebra.PosDefException(87)
LinearAlgebra.PosDefException(2)
LinearAlgebra.PosDefException(6)
LinearAlgebra.PosDefException(2)
LinearAlgebra.PosDefException(3)
LinearAlgebra.PosDefException(2)
LinearAlgebra.PosDefException(3)
LinearAlgebra.PosDefException(5)
LinearAlgebra.PosDefException(5)
LinearAlgebra.PosDefException(3)
LinearAlgebra.PosDefException(3)
LinearAlgebra.PosDefException(6)
LinearAlgebra.PosDefException(9)
LinearAlgebra.PosDefException(4)
LinearAlgebra.PosDefException(15)
LinearAlgebra.PosDefException(3)
LinearAlgebra.PosDefException(4)
LinearAlgebra.PosDefException(3)
LinearAlgebra.PosDefException(3)
LinearAlgebra.PosDefException(2)
LinearAlgebra.PosDefException(3)
LinearAlgebra.PosDefException(3)
LinearAlgebra.PosDefException(3)
LinearAlgebra.PosDefException(5)
LinearAlgebra.PosDefException(94)
LinearAlgebra.PosDefException(2)
LinearAlgebra.PosDefException(2)
LinearAlgebra.PosDefException(4)
LinearAlgebra.PosDefException(93)
LinearAlgebra.PosDefException(3)
LinearAlgebra.PosDefException(2)
LinearAlgebra.PosDefException(2)
LinearAlgebra.PosDefException(3)
LinearAlgebra.PosDefException(3)
LinearAlgebra.PosDefException(3)
LinearAlgebra.PosDefException(5)
LinearAlgebra.PosDefException(94)
LinearAlgebra.PosDefException(2)
LinearAlgebra.PosDefException(2)
LinearAlgebra.PosDefException(6)
LinearAlgebra.PosDefException(6)
LinearAlgebra.PosDefException(2)
LinearAlgebra.PosDefException(4)
LinearAlgebra.PosDefException(4)
LinearAlgebra.PosDefException(5)
LinearAlgebra.PosDefException(2)
LinearAlgebra.PosDefException(3)
LinearAlgebra.PosDefException(3)
LinearAlgebra.PosDefException(4)
LinearAlgebra.PosDefException(4)
LinearAlgebra.PosDefException(16)
LinearAlgebra.PosDefException(5)
LinearAlgebra.PosDefException(3)
LinearAlgebra.PosDefException(5)
LinearAlgebra.PosDefException(2)
LinearAlgebra.PosDefException(2)
LinearAlgebra.PosDefException(2)
LinearAlgebra.PosDefException(3)
LinearAlgebra.PosDefException(3)
LinearAlgebra.PosDefException(4)
LinearAlgebra.PosDefException(91)
LinearAlgebra.PosDefException(2)
LinearAlgebra.PosDefException(2)
LinearAlgebra.PosDefException(4)
LinearAlgebra.PosDefException(87)
LinearAlgebra.PosDefException(3)
LinearAlgebra.PosDefException(2)
LinearAlgebra.PosDefException(2)
LinearAlgebra.PosDefException(6)
LinearAlgebra.PosDefException(5)
LinearAlgebra.PosDefException(3)
LinearAlgebra.PosDefException(4)
LinearAlgebra.PosDefException(87)
LinearAlgebra.PosDefException(2)
LinearAlgebra.PosDefException(2)
LinearAlgebra.PosDefException(2)
LinearAlgebra.PosDefException(2)
LinearAlgebra.PosDefException(2)
LinearAlgebra.PosDefException(6)
LinearAlgebra.PosDefException(5)
LinearAlgebra.PosDefException(5)
LinearAlgebra.PosDefException(2)
LinearAlgebra.PosDefException(3)
LinearAlgebra.PosDefException(3)
LinearAlgebra.PosDefException(8)
LinearAlgebra.PosDefException(4)
LinearAlgebra.PosDefException(26)
LinearAlgebra.PosDefException(3)
LinearAlgebra.PosDefException(3)
LinearAlgebra.PosDefException(3)
LinearAlgebra.PosDefException(3)
LinearAlgebra.PosDefException(6)
LinearAlgebra.PosDefException(2)
LinearAlgebra.PosDefException(3)
LinearAlgebra.PosDefException(5)
LinearAlgebra.PosDefException(4)
LinearAlgebra.PosDefException(102)
LinearAlgebra.PosDefException(2)
LinearAlgebra.PosDefException(2)
LinearAlgebra.PosDefException(3)
LinearAlgebra.PosDefException(92)
LinearAlgebra.PosDefException(4)
Optimization improved residual by 3.828194744166843e-5 (from 3.8281948120002615e-5 to 6.783341847074243e-13)
Optimization improved residual by 0.06265108158172313 (from 0.06265108158193822 to 2.1508859351888944e-13)
Optimization did not improve residual (initial: 1.1789253713229369e-17, final: 1.1789253713229369e-17)
Optimization improved residual by 0.0009314078126480748 (from 0.0009314078127037294 to 5.56546349896198e-14)
Optimization did not improve residual (initial: 6.623375010097385e-17, final: 6.623375010097385e-17)
Optimization improved residual by 0.00337204331602815 (from 0.00337204331603843 to 1.0280105342875302e-14)
Optimization did not improve residual (initial: 8.3890188387307e-19, final: 8.3890188387307e-19)
Optimization improved residual by 9.889118964808765e-5 (from 9.889119039387005e-5 to 7.457823968965976e-13)
Optimization improved residual by 0.0002671558781994426 (from 0.00026715587820415457 to 4.711943003278981e-15)
Optimization improved residual by 0.16466056140598836 (from 0.16466056140601032 to 2.19516518958745e-14)
Optimization improved residual by 0.0003069435060925961 (from 0.00030694350610209074 to 9.49462801068235e-15)
Optimization improved residual by 0.00016886382552631481 (from 0.00016886382561810042 to 9.178560440216979e-14)
Optimization improved residual by 0.0003598779661557141 (from 0.0003598779661850048 to 2.929068982896852e-14)
Optimization improved residual by 0.19737724613786295 (from 0.19737724613820465 to 3.416982510858957e-13)
Optimization improved residual by 0.013036638567009755 (from 0.013036638567279935 to 2.7018043398226063e-13)
Optimization improved residual by 0.0002272402272759712 (from 0.0002272402280263579 to 7.503867098199936e-13)
Optimization improved residual by 0.00035987796543089217 (from 0.0003598779661850048 to 7.541126611305607e-13)
Optimization improved residual by 0.0014057112303326 (from 0.00140571123044758 to 1.1497997176960792e-13)
Optimization did not improve residual (initial: 1.2966548732876856e-18, final: 1.2966548732876856e-18)
Optimization improved residual by 0.001221484153722061 (from 0.0012214841539015765 to 1.7951539927191334e-13)
Optimization improved residual by 0.06265108158177524 (from 0.06265108158193822 to 1.629760445210562e-13)
Optimization improved residual by 0.00015515051031780665 (from 0.0001551505109424938 to 6.246871515246865e-13)
Optimization did not improve residual (initial: 1.7622972299818414e-18, final: 1.7622972299818414e-18)
Optimization improved residual by 0.0010315925643695615 (from 0.0010315925646958357 to 3.262742244169994e-13)
Optimization improved residual by 0.001522734432108109 (from 0.0015227344321439495 to 3.5840516875193045e-14)
Optimization did not improve residual (initial: 8.402819447519231e-19, final: 8.402819447519231e-19)
Optimization improved residual by 0.0348360723379546 (from 0.034836072337995704 to 4.1107978836598506e-14)
Optimization improved residual by 0.00038223741095600285 (from 0.00038223741096771874 to 1.171589996623743e-14)
Optimization improved residual by 0.0006220172295370378 (from 0.0006220172298421412 to 3.051034270659084e-13)
Optimization improved residual by 0.006917812456110058 (from 0.006917812456430917 to 3.2085836197166976e-13)
Optimization did not improve residual (initial: 3.6540565294451295e-17, final: 3.6540565294451295e-17)
Optimization improved residual by 0.023091033527429604 (from 0.02309103352745946 to 2.98541257029964e-14)
Optimization improved residual by 0.00014476812234445882 (from 0.00014476812267309397 to 3.286351429758247e-13)
Optimization did not improve residual (initial: 1.155958701023905e-18, final: 1.155958701023905e-18)
Optimization improved residual by 0.00021914022626771446 (from 0.00021914022649075087 to 2.2303640668958876e-13)
Optimization improved residual by 0.006219107821846545 (from 0.006219107821850292 to 3.747087698906477e-15)
Optimization improved residual by 5.349193698794786 (from 5.349193698794925 to 1.3890972003302057e-13)
Optimization improved residual by 0.0002272402274817401 (from 0.00022724022802635789 to 5.446177967894434e-13)
Optimization did not improve residual (initial: 2.604579640352605e-18, final: 2.604579640352605e-18)
Optimization improved residual by 0.006219107821839599 (from 0.006219107821850291 to 1.069220352459333e-14)
Optimization improved residual by 0.039434369350307 (from 0.03943436935031526 to 8.258526808650738e-15)
Optimization improved residual by 0.00017194852737219 (from 0.00017194852738825893 to 1.606893426829641e-14)
Optimization improved residual by 0.0005375845513533896 (from 0.0005375845520301548 to 6.767652087245898e-13)
Optimization improved residual by 0.001375846393289307 (from 0.0013758463933652323 to 7.592544047697202e-14)
Optimization did not improve residual (initial: 2.3126222256212455e-17, final: 2.3126222256212455e-17)
Optimization improved residual by 0.001375846393289307 (from 0.0013758463933652323 to 7.592544047697202e-14)
Optimization improved residual by 0.0013987709719166595 (from 0.0013987709725550041 to 6.383446164768158e-13)
Optimization improved residual by 0.0004746090360474401 (from 0.0004746090368900249 to 8.425847701794468e-13)
Optimization did not improve residual (initial: 2.866367806539903e-17, final: 2.866367806539903e-17)
Optimization improved residual by 0.000270683543231642 (from 0.00027068354324482995 to 1.3187969177813968e-14)
Optimization did not improve residual (initial: 7.184642010310718e-18, final: 7.184642010310718e-18)
Optimization improved residual by 0.0002647100773714773 (from 0.0002647100775687901 to 1.973127470105957e-13)
Optimization improved residual by 0.0028824795953806995 (from 0.0028824795957602834 to 3.795841137248655e-13)
Optimization improved residual by 0.0004372388548387485 (from 0.00043723885485165767 to 1.2909147673707158e-14)
Optimization improved residual by 0.0013758463927325446 (from 0.0013758463933652323 to 6.326875925968534e-13)
Optimization did not improve residual (initial: 3.0352977102109925e-16, final: 3.0352977102109925e-16)
Optimization improved residual by 0.0016638211892698149 (from 0.0016638211893530031 to 8.318829189818536e-14)
Optimization improved residual by 0.00027604169880698844 (from 0.0002760416988143279 to 7.33943610454567e-15)
Optimization improved residual by 0.0002975447271269948 (from 0.00029754472739695664 to 2.6996185080207555e-13)
Optimization improved residual by 0.0014947863436550106 (from 0.0014947863436597666 to 4.756027358604468e-15)
Optimization did not improve residual (initial: 2.4559132428231937e-16, final: 2.4559132428231937e-16)
Optimization improved residual by 0.00044827447728349183 (from 0.000448274477307709 to 2.421717232385074e-14)
Optimization improved residual by 0.0004228832546691508 (from 0.0004228832547413636 to 7.221278892523042e-14)
Optimization improved residual by 0.0009253905656173343 (from 0.0009253905656616259 to 4.429165339033524e-14)
Optimization improved residual by 0.0001836410030673044 (from 0.00018364100403204625 to 9.647418488087852e-13)
Optimization improved residual by 0.0015227344321308376 (from 0.0015227344321439495 to 1.3111890978994421e-14)
Optimization improved residual by 0.00642263927658338 (from 0.006422639276585667 to 2.286308394543521e-15)
Optimization did not improve residual (initial: 1.7056918799508167e-19, final: 1.7056918799508167e-19)
Optimization improved residual by 0.0006477081645903663 (from 0.0006477081653557495 to 7.653832013584144e-13)
Optimization improved residual by 0.0020341306444886333 (from 0.0020341306451287923 to 6.401588529511177e-13)
Optimization did not improve residual (initial: 3.682208514712655e-17, final: 3.682208514712655e-17)
Optimization improved residual by 0.009537206261638237 (from 0.009537206261900513 to 2.622755212275474e-13)
Optimization did not improve residual (initial: 1.4513732679165556e-17, final: 1.4513732679165556e-17)
Optimization improved residual by 0.001663821189275807 (from 0.0016638211893530031 to 7.719615279886781e-14)
Optimization did not improve residual (initial: 4.4765283498711566e-17, final: 4.4765283498711566e-17)
Optimization improved residual by 0.0006507294710087052 (from 0.0006507294718480928 to 8.393875635434627e-13)
Optimization improved residual by 0.0006670440199952992 (from 0.0006670440202882341 to 2.9293478974794584e-13)
Optimization improved residual by 0.0004307754152855338 (from 0.0004307754154495532 to 1.640194105241801e-13)
Optimization improved residual by 0.00016886382559064777 (from 0.00016886382561810042 to 2.7452661100499872e-14)
Optimization improved residual by 0.027623595184837885 (from 0.027623595185352515 to 5.146316852419196e-13)
Optimization did not improve residual (initial: 4.578471728150721e-16, final: 4.578471728150721e-16)
Optimization improved residual by 0.00028807767175743996 (from 0.00028807767203999134 to 2.825513962530466e-13)
Optimization improved residual by 0.0010797282687835463 (from 0.001079728269511049 to 7.275026312002556e-13)
Optimization improved residual by 0.0010123426916038454 (from 0.0010123426925651466 to 9.613011335305573e-13)
Optimization improved residual by 0.0003800349049466991 (from 0.00038003490553228865 to 5.855895745735061e-13)
Optimization improved residual by 0.00642263927656945 (from 0.006422639276585667 to 1.621690034871247e-14)
Optimization improved residual by 0.002882479595748715 (from 0.0028824795957602834 to 1.1568527153609715e-14)
Optimization improved residual by 0.00014476812234445882 (from 0.00014476812267309397 to 3.286351429758247e-13)
Optimization improved residual by 0.0015227344321308376 (from 0.0015227344321439495 to 1.3111890978994421e-14)
Optimization improved residual by 0.00805199353493016 (from 0.0080519935350788 to 1.4864027639106078e-13)
Optimization improved residual by 0.0001485528816226521 (from 0.0001485528824159502 to 7.932980995354722e-13)
Optimization improved residual by 0.008491260532457887 (from 0.008491260532835384 to 3.774972697140493e-13)
Optimization improved residual by 0.0004400952391506858 (from 0.0004400952391555452 to 4.859374528691132e-15)
Optimization improved residual by 0.02097657914530394 (from 0.02097657914537142 to 6.747610308829739e-14)
Optimization did not improve residual (initial: 1.5555825065829856e-18, final: 1.5555825065829856e-18)
Optimization improved residual by 0.0249827706639821 (from 0.024982770664009533 to 2.7431362468260687e-14)
Optimization improved residual by 0.00044827447728349183 (from 0.000448274477307709 to 2.421717232385074e-14)
Optimization improved residual by 0.00015313308996151847 (from 0.0001531330900260815 to 6.456301311352603e-14)
Optimization improved residual by 0.0001177733052680318 (from 0.00011777330558490279 to 3.1687099010096236e-13)
Optimization improved residual by 0.027623595184520885 (from 0.027623595185352512 to 8.316265097248112e-13)
Optimization improved residual by 0.00042288325469872097 (from 0.0004228832547413636 to 4.2642633033545945e-14)
Optimization improved residual by 0.003213482154239145 (from 0.0032134821543148228 to 7.567779272238416e-14)
Optimization improved residual by 0.0004400952391506858 (from 0.0004400952391555452 to 4.859374528691132e-15)
Optimization did not improve residual (initial: 2.652887243430153e-18, final: 2.652887243430153e-18)
Optimization improved residual by 0.00013614979966558339 (from 0.00013614980042937912 to 7.637957418459546e-13)
Optimization improved residual by 0.0005225613118880676 (from 0.0005225613127812989 to 8.932312775723588e-13)
Optimization did not improve residual (initial: 1.06599868670826e-17, final: 1.06599868670826e-17)
Optimization improved residual by 0.06819137330174185 (from 0.06819137330176853 to 2.667847469439214e-14)
Optimization improved residual by 0.003213482154239145 (from 0.0032134821543148228 to 7.567779272238416e-14)
Optimization improved residual by 0.0014947863435468324 (from 0.0014947863436597666 to 1.1293415792547929e-13)
Optimization improved residual by 0.0013987709719166595 (from 0.0013987709725550041 to 6.383446164768158e-13)
Optimization improved residual by 0.00044009523894001095 (from 0.0004400952391555452 to 2.1553424910566778e-13)
Optimization improved residual by 0.00043077541445661236 (from 0.000430775415449553 to 9.929406488976566e-13)
Optimization improved residual by 0.0004075339551386613 (from 0.00040753395514737636 to 8.715057035554046e-15)
Optimization improved residual by 0.0010944973617370904 (from 0.0010944973617417432 to 4.652675592290732e-15)
Optimization did not improve residual (initial: 1.2703198085033599e-17, final: 1.2703198085033599e-17)
Optimization did not improve residual (initial: 4.979009342475326e-13, final: 4.979009342475326e-13)
Optimization improved residual by 0.017080658354351755 (from 0.01708065835436743 to 1.567517279862043e-14)
Optimization improved residual by 0.028178216627753116 (from 0.02817821662780006 to 4.694451269488127e-14)
Optimization improved residual by 0.01394966068973106 (from 0.013949660689733306 to 2.245844298894464e-15)
Optimization improved residual by 0.00010333191451915698 (from 0.00010333191456974985 to 5.059286809050512e-14)
Optimization did not improve residual (initial: 6.317250767450526e-18, final: 6.317250767450526e-18)
Optimization improved residual by 1.7774718866462926 (from 1.7774718866462986 to 5.9337270808606875e-15)
Optimization improved residual by 0.00012589077709534722 (from 0.00012589077792925902 to 8.339117954453136e-13)
Optimization did not improve residual (initial: 3.2794299658055785e-19, final: 3.2794299658055785e-19)
Optimization improved residual by 0.0249827706639821 (from 0.024982770664009533 to 2.7431362468260687e-14)
Optimization improved residual by 7.393350672125607e-5 (from 7.393350757460882e-5 to 8.533527488985404e-13)
Optimization improved residual by 0.0020341306444886333 (from 0.0020341306451287923 to 6.401588529511177e-13)
Optimization improved residual by 0.0787171916370452 (from 0.07871719163704799 to 2.7876129515282324e-15)
Optimization improved residual by 0.0016334641467227753 (from 0.0016334641472359461 to 5.131709447018539e-13)
Optimization improved residual by 0.0006507294710087052 (from 0.0006507294718480928 to 8.393875635434627e-13)
Optimization improved residual by 0.023091033527429604 (from 0.02309103352745946 to 2.98541257029964e-14)
Optimization did not improve residual (initial: 9.402107837147921e-18, final: 9.402107837147921e-18)
Optimization improved residual by 0.0032134821541655715 (from 0.0032134821543148228 to 1.4925108301252661e-13)
Optimization improved residual by 0.0019049681361738586 (from 0.0019049681361882082 to 1.434954461403414e-14)
Optimization improved residual by 2.6895738069272153e-6 (from 2.6895746081321217e-6 to 8.0120490652628e-13)
Optimization improved residual by 0.008051993535034425 (from 0.0080519935350788 to 4.437410479756958e-14)
Optimization improved residual by 5.349193698794897 (from 5.349193698794925 to 2.7369697679976276e-14)
Optimization improved residual by 0.00015313308996151847 (from 0.0001531330900260815 to 6.456301311352603e-14)
Optimization improved residual by 0.0001361497999350403 (from 0.0001361498004293799 to 4.943396184350982e-13)
Optimization improved residual by 0.07866509639974514 (from 0.07866509639975194 to 6.7945075017782405e-15)
Optimization improved residual by 0.01394966068973106 (from 0.013949660689733306 to 2.245844298894464e-15)
Optimization improved residual by 0.0006477081649204507 (from 0.0006477081653557447 to 4.352940771538377e-13)
Optimization did not improve residual (initial: 3.580797280907518e-17, final: 3.580797280907518e-17)
Optimization improved residual by 0.0014413152658491013 (from 0.0014413152658532319 to 4.130619148500466e-15)
Optimization improved residual by 0.0003432833576601714 (from 0.0003432833580581072 to 3.979358123189863e-13)
Optimization improved residual by 1.7774718866462704 (from 1.7774718866462977 to 2.7312777879942913e-14)
Optimization improved residual by 0.00203413064468835 (from 0.0020341306451287927 to 4.4044296305235494e-13)
Optimization improved residual by 4.768113549285602e-5 (from 4.7681135510473136e-5 to 1.7617111537622557e-14)
Optimization improved residual by 0.002765180288662973 (from 0.002765180288806567 to 1.4359384848293685e-13)
Optimization improved residual by 0.0004746090363076289 (from 0.0004746090368900249 to 5.82396019075917e-13)
Optimization did not improve residual (initial: 6.985162157269113e-16, final: 6.985162157269113e-16)
Optimization improved residual by 0.1895749798662202 (from 0.18957497986637867 to 1.5844273687230686e-13)
Optimization improved residual by 0.0681913733016063 (from 0.06819137330176853 to 1.62235570462303e-13)
Optimization improved residual by 0.00642263927658338 (from 0.006422639276585667 to 2.286308394543521e-15)
Optimization improved residual by 0.00012768445524045377 (from 0.00012768445526385055 to 2.339677398156229e-14)
Optimization improved residual by 0.07866509639927122 (from 0.07866509639975194 to 4.807293934995565e-13)
Optimization improved residual by 0.023091033527254248 (from 0.02309103352745946 to 2.052096035234177e-13)
Optimization improved residual by 0.001221484153653916 (from 0.0012214841539015765 to 2.476604355667671e-13)
Optimization improved residual by 0.0002925463452791371 (from 0.0002925463460166394 to 7.375022818038054e-13)
Optimization improved residual by 0.38450908732177413 (from 0.3845090873217965 to 2.2385671076446462e-14)
Optimization improved residual by 0.039434369350274986 (from 0.03943436935031528 to 4.029303326731092e-14)
Optimization improved residual by 9.889118964808765e-5 (from 9.889119039387005e-5 to 7.457823968965976e-13)
Optimization improved residual by 0.025625952152887647 (from 0.02562595215307461 to 1.8696218104685165e-13)
Optimization improved residual by 0.00805199353493016 (from 0.0080519935350788 to 1.4864027639106078e-13)
Optimization improved residual by 1.8038445161473988 (from 1.8038445161483252 to 9.26347473237753e-13)
Optimization improved residual by 0.006917812456109582 (from 0.006917812456430917 to 3.2133457532576075e-13)
Optimization did not improve residual (initial: 8.906900430637312e-14, final: 8.906900430637312e-14)
Optimization did not improve residual (initial: 4.1601545895184977e-17, final: 4.1601545895184977e-17)
Optimization did not improve residual (initial: 9.402107837147922e-18, final: 9.402107837147922e-18)
Optimization improved residual by 0.00029883660535107436 (from 0.00029883660558759333 to 2.365189900584862e-13)
Optimization improved residual by 0.01303663856680554 (from 0.013036638567279935 to 4.743940491189007e-13)
Optimization improved residual by 0.0348360723379546 (from 0.034836072337995704 to 4.1107978836598506e-14)
Optimization improved residual by 0.013949660689002094 (from 0.013949660689733306 to 7.312122152712924e-13)
Optimization improved residual by 0.0002671558781994426 (from 0.00026715587820415457 to 4.711943003278981e-15)
Optimization improved residual by 0.0002932027460616938 (from 0.0002932027462830958 to 2.2140197962417133e-13)
Optimization improved residual by 0.0003432833576601714 (from 0.0003432833580581072 to 3.979358123189863e-13)
Optimization did not improve residual (initial: 3.668625450212753e-18, final: 3.668625450212753e-18)
Optimization improved residual by 0.028178216627753116 (from 0.02817821662780006 to 4.694451269488127e-14)
Optimization improved residual by 0.0008885441844457985 (from 0.000888544184460825 to 1.502646671428095e-14)
Optimization did not improve residual (initial: 4.080090471242878e-19, final: 4.080090471242878e-19)
Optimization did not improve residual (initial: 7.059252224950164e-18, final: 7.059252224950164e-18)
Optimization improved residual by 0.008491260532457887 (from 0.008491260532835384 to 3.774972697140493e-13)
Optimization improved residual by 0.06265108158177524 (from 0.06265108158193822 to 1.629760445210562e-13)
Optimization improved residual by 0.05677040547229625 (from 0.05677040547247019 to 1.7394727970579756e-13)
Optimization improved residual by 1.142840982840933 (from 1.1428409828409931 to 6.019599786068488e-14)
Optimization improved residual by 0.002765180288662973 (from 0.002765180288806567 to 1.4359384848293685e-13)
Optimization improved residual by 0.0003065317696525548 (from 0.00030653176976687993 to 1.1432509278913927e-13)
Optimization improved residual by 0.0001258907778040696 (from 0.0001258907779292617 to 1.2519210169962242e-13)
Optimization did not improve residual (initial: 3.4135074162534013e-17, final: 3.4135074162534013e-17)
Optimization improved residual by 0.00016642215975517407 (from 0.00016642216027100995 to 5.158358745414659e-13)
Optimization improved residual by 0.009968421152092373 (from 0.009968421152220895 to 1.2852230106790171e-13)
Optimization improved residual by 0.015079770919668743 (from 0.015079770919684831 to 1.6087561058265302e-14)
Optimization improved residual by 0.039434369350307 (from 0.03943436935031526 to 8.258526808650738e-15)
Optimization did not improve residual (initial: 9.025179601032082e-17, final: 9.025179601032082e-17)
Optimization improved residual by 0.02562595215307183 (from 0.02562595215307461 to 2.7776590213130787e-15)
Optimization improved residual by 0.38450908732143313 (from 0.3845090873217966 to 3.6348869915355114e-13)
Optimization improved residual by 0.0027651802887911315 (from 0.002765180288806567 to 1.543567325165336e-14)
Optimization improved residual by 0.009210018374364403 (from 0.009210018374393744 to 2.9340811031247686e-14)
Optimization improved residual by 0.03747189493980216 (from 0.037471894939946626 to 1.4446681889561943e-13)
Optimization improved residual by 0.024982770663993795 (from 0.02498277066400953 to 1.573416368877353e-14)
Optimization improved residual by 0.001522734432108109 (from 0.0015227344321439495 to 3.5840516875193045e-14)
Optimization improved residual by 0.00043077541445661236 (from 0.000430775415449553 to 9.929406488976566e-13)
Optimization improved residual by 0.056770405472329075 (from 0.05677040547247018 to 1.4110303525703543e-13)
Optimization improved residual by 0.00642263927656945 (from 0.006422639276585667 to 1.621690034871247e-14)
Optimization did not improve residual (initial: 3.5314172276970937e-16, final: 3.5314172276970937e-16)
Optimization improved residual by 0.0017553160663049791 (from 0.0017553160669896311 to 6.846520942628416e-13)
Optimization improved residual by 0.0787171916370452 (from 0.07871719163704799 to 2.7876129515282324e-15)
Optimization improved residual by 0.0002990164856499569 (from 0.00029901648622188495 to 5.719280535269048e-13)
Optimization improved residual by 3.828194732750116e-5 (from 3.8281948120002534e-5 to 7.925013726999115e-13)
Optimization improved residual by 9.889118996489364e-5 (from 9.889119039387003e-5 to 4.289763919057514e-13)
Optimization improved residual by 0.03747189493980216 (from 0.037471894939946626 to 1.4446681889561943e-13)
Optimization improved residual by 0.0010944973608674317 (from 0.0010944973617417432 to 8.743115410166437e-13)
Optimization improved residual by 0.00019111468012871974 (from 0.0001911146802086994 to 7.997965662589114e-14)
Optimization improved residual by 0.006219107821839599 (from 0.006219107821850291 to 1.069220352459333e-14)
Optimization improved residual by 0.0014413152650841901 (from 0.0014413152658532314 to 7.690413349877643e-13)
Optimization improved residual by 0.0016334641472328106 (from 0.0016334641472359461 to 3.1354978463423054e-15)
Optimization improved residual by 0.044499417475228564 (from 0.04449941747530789 to 7.932345097868608e-14)
Optimization improved residual by 0.02817821662715525 (from 0.02817821662780006 to 6.448109540766909e-13)
Optimization improved residual by 0.19737724613755134 (from 0.19737724613820465 to 6.533050762356515e-13)
Optimization improved residual by 0.00021914022625944908 (from 0.00021914022649075087 to 2.313017913013519e-13)
Optimization improved residual by 0.009968421152092373 (from 0.009968421152220895 to 1.2852230106790171e-13)
Optimization improved residual by 0.0007364059374285559 (from 0.0007364059376587512 to 2.3019528384766037e-13)
Optimization did not improve residual (initial: 8.79404794259298e-18, final: 8.79404794259298e-18)
Optimization did not improve residual (initial: 1.2966548732876856e-18, final: 1.2966548732876856e-18)
Optimization did not improve residual (initial: 1.1789253713229369e-17, final: 1.1789253713229369e-17)
Optimization improved residual by 0.009537206261638237 (from 0.009537206261900513 to 2.622755212275474e-13)
Optimization improved residual by 0.020976579145154134 (from 0.02097657914537142 to 2.1728398247913247e-13)
Optimization did not improve residual (initial: 1.6648354727359262e-17, final: 1.6648354727359262e-17)
Optimization improved residual by 0.0003680203127116294 (from 0.00036802031272251 to 1.0880563545890463e-14)
Optimization did not improve residual (initial: 5.94873917372512e-15, final: 5.94873917372512e-15)
Optimization improved residual by 1.8016479015698725 (from 1.801647901570356 to 4.83404311162665e-13)
Optimization improved residual by 0.02229774364336528 (from 0.02229774364409047 to 7.251923529305749e-13)
Optimization improved residual by 1.8016479015698725 (from 1.801647901570356 to 4.83404311162665e-13)
Optimization improved residual by 3.075154686370253e-5 (from 3.0751547173947276e-5 to 3.1024474002698134e-13)
Optimization improved residual by 0.006219107821846545 (from 0.006219107821850292 to 3.747087698906477e-15)
Optimization did not improve residual (initial: 2.4559132428231937e-16, final: 2.4559132428231937e-16)
Optimization improved residual by 0.044499417475228564 (from 0.04449941747530789 to 7.932345097868608e-14)
Optimization improved residual by 0.0006507294716109671 (from 0.0006507294718480928 to 2.3712567961203593e-13)
Optimization did not improve residual (initial: 7.946996138057135e-16, final: 7.946996138057135e-16)
Optimization improved residual by 0.034836072337985746 (from 0.03483607233799571 to 9.960800134816806e-15)
Optimization improved residual by 0.0012849805650013042 (from 0.0012849805651853157 to 1.8401140309816572e-13)
Optimization did not improve residual (initial: 8.68484327201884e-19, final: 8.68484327201884e-19)
Optimization improved residual by 0.00042288325469872097 (from 0.0004228832547413636 to 4.2642633033545945e-14)
Optimization improved residual by 0.00017194852737219 (from 0.00017194852738825893 to 1.606893426829641e-14)
Optimization improved residual by 0.0005225613119570769 (from 0.0005225613127813007 to 8.242238161959647e-13)
Optimization improved residual by 5.478872647673111e-6 (from 5.478873048264519e-6 to 4.005914071912477e-13)
Optimization did not improve residual (initial: 4.551514797082653e-15, final: 4.551514797082653e-15)
Optimization improved residual by 0.24005392408540896 (from 0.24005392408620868 to 7.997144712554184e-13)
Optimization improved residual by 0.02097657914530394 (from 0.02097657914537142 to 6.747610308829739e-14)
Optimization did not improve residual (initial: 2.9393485777814883e-17, final: 2.9393485777814883e-17)
Optimization improved residual by 0.00019111468012871974 (from 0.0001911146802086994 to 7.997965662589114e-14)
Optimization improved residual by 0.01160733512169339 (from 0.011607335121705212 to 1.1822949407857258e-14)
Optimization improved residual by 0.9628724210015364 (from 0.9628724210017507 to 2.1440367302202415e-13)
Optimization improved residual by 0.5484998463974929 (from 0.5484998463976513 to 1.5828122497475686e-13)
Optimization improved residual by 1.7774718866462926 (from 1.7774718866462986 to 5.9337270808606875e-15)
Optimization improved residual by 0.9628724210016143 (from 0.9628724210017507 to 1.3641901630964902e-13)
Optimization improved residual by 0.0002047158293362737 (from 0.0002047158293488205 to 1.2546786324284123e-14)
Optimization improved residual by 0.008051993535034425 (from 0.0080519935350788 to 4.437410479756958e-14)
Optimization improved residual by 0.0010797282689597217 (from 0.001079728269511049 to 5.513272774327978e-13)
Optimization improved residual by 0.027623595184520885 (from 0.027623595185352512 to 8.316265097248112e-13)
Optimization improved residual by 0.022297743643164423 (from 0.02229774364409047 to 9.260485754338403e-13)
Optimization did not improve residual (initial: 2.423892772625666e-15, final: 2.423892772625666e-15)
Optimization did not improve residual (initial: 3.5314172276970937e-16, final: 3.5314172276970937e-16)
Optimization improved residual by 0.0006477081649204507 (from 0.0006477081653557447 to 4.352940771538377e-13)
Optimization did not improve residual (initial: 7.71319667574482e-19, final: 7.71319667574482e-19)
Optimization improved residual by 0.00012589077709534722 (from 0.00012589077792925902 to 8.339117954453136e-13)
Optimization improved residual by 0.0002047158293362737 (from 0.0002047158293488205 to 1.2546786324284123e-14)
Optimization improved residual by 1.142840982840933 (from 1.1428409828409931 to 6.019599786068488e-14)
Optimization improved residual by 0.0003800349048914942 (from 0.0003800349055322886 to 6.407943679230602e-13)
Optimization improved residual by 0.07871719163704156 (from 0.07871719163704799 to 6.427708303509467e-15)
┌ Warning: Optimization did not converge. RetCode: Stalled
└ @ ODEParameterEstimation ~/ODEParameterEstimation/src/core/solvers/homotopy_continuation.jl:778
┌ Warning: Optimization did not converge. RetCode: Stalled
└ @ ODEParameterEstimation ~/ODEParameterEstimation/src/core/solvers/homotopy_continuation.jl:778
┌ Warning: Optimization did not converge. RetCode: MaxIters
└ @ ODEParameterEstimation ~/ODEParameterEstimation/src/core/solvers/homotopy_continuation.jl:778
┌ Warning: Optimization did not converge. RetCode: MaxIters
└ @ ODEParameterEstimation ~/ODEParameterEstimation/src/core/solvers/homotopy_continuation.jl:778
┌ Warning: Optimization did not converge. RetCode: MaxIters
└ @ ODEParameterEstimation ~/ODEParameterEstimation/src/core/solvers/homotopy_continuation.jl:778
┌ Warning: Optimization did not converge. RetCode: MaxIters
└ @ ODEParameterEstimation ~/ODEParameterEstimation/src/core/solvers/homotopy_continuation.jl:778
┌ Warning: Optimization did not converge. RetCode: MaxIters
└ @ ODEParameterEstimation ~/ODEParameterEstimation/src/core/solvers/homotopy_continuation.jl:778
┌ Warning: Optimization did not converge. RetCode: Stalled
└ @ ODEParameterEstimation ~/ODEParameterEstimation/src/core/solvers/homotopy_continuation.jl:778
┌ Warning: Optimization did not converge. RetCode: MaxIters
└ @ ODEParameterEstimation ~/ODEParameterEstimation/src/core/solvers/homotopy_continuation.jl:778
┌ Warning: At t=-0.4297342721419199, dt was forced below floating point epsilon -4.880515183596311e-17, and step error estimate = 1.26357416886142. Aborting. There is either an error in your model specification or the true solution is unstable (or the true solution can not be represented in the precision of Float64).
└ @ SciMLBase ~/.julia/packages/SciMLBase/VW1cI/src/integrator_interface.jl:623
┌ Warning: At t=-0.37451054097032055, dt was forced below floating point epsilon -4.9512496358522975e-17, and step error estimate = 1.0941612281206095. Aborting. There is either an error in your model specification or the true solution is unstable (or the true solution can not be represented in the precision of Float64).
└ @ SciMLBase ~/.julia/packages/SciMLBase/VW1cI/src/integrator_interface.jl:623
┌ Warning: At t=-0.27066396003401755, dt was forced below floating point epsilon -5.4577839925551774e-17, and step error estimate = 1.0171287819070627. Aborting. There is either an error in your model specification or the true solution is unstable (or the true solution can not be represented in the precision of Float64).
└ @ SciMLBase ~/.julia/packages/SciMLBase/VW1cI/src/integrator_interface.jl:623
┌ Warning: At t=-0.9263055897969692, dt was forced below floating point epsilon -9.828915064433736e-17, and step error estimate = 1.1789279050535881. Aborting. There is either an error in your model specification or the true solution is unstable (or the true solution can not be represented in the precision of Float64).
└ @ SciMLBase ~/.julia/packages/SciMLBase/VW1cI/src/integrator_interface.jl:623
┌ Warning: At t=-0.7009935289121128, dt was forced below floating point epsilon -1.1034210657907329e-16, and step error estimate = 1.07324871868303. Aborting. There is either an error in your model specification or the true solution is unstable (or the true solution can not be represented in the precision of Float64).
└ @ SciMLBase ~/.julia/packages/SciMLBase/VW1cI/src/integrator_interface.jl:623
┌ Warning: At t=-0.22162592969144124, dt was forced below floating point epsilon -2.4957293924985366e-17, and step error estimate = 1.0091410485447394. Aborting. There is either an error in your model specification or the true solution is unstable (or the true solution can not be represented in the precision of Float64).
└ @ SciMLBase ~/.julia/packages/SciMLBase/VW1cI/src/integrator_interface.jl:623
┌ Warning: At t=-0.6471952716808804, dt was forced below floating point epsilon -1.0965643669015371e-16, and step error estimate = 1.081945444065343. Aborting. There is either an error in your model specification or the true solution is unstable (or the true solution can not be represented in the precision of Float64).
└ @ SciMLBase ~/.julia/packages/SciMLBase/VW1cI/src/integrator_interface.jl:623
┌ Warning: At t=-0.22000068017467905, dt was forced below floating point epsilon -7.381644261104736e-18, and step error estimate = NaN. Aborting. There is either an error in your model specification or the true solution is unstable (or the true solution can not be represented in the precision of Float64).
└ @ SciMLBase ~/.julia/packages/SciMLBase/VW1cI/src/integrator_interface.jl:623
┌ Warning: At t=-0.2294902293959069, dt was forced below floating point epsilon -2.647960214595917e-17, and step error estimate = 1.0183087407648954. Aborting. There is either an error in your model specification or the true solution is unstable (or the true solution can not be represented in the precision of Float64).
└ @ SciMLBase ~/.julia/packages/SciMLBase/VW1cI/src/integrator_interface.jl:623
┌ Warning: At t=-0.22000000003270626, dt was forced below floating point epsilon -2.3462935995034937e-17, and step error estimate = 2.099495267742124. Aborting. There is either an error in your model specification or the true solution is unstable (or the true solution can not be represented in the precision of Float64).
└ @ SciMLBase ~/.julia/packages/SciMLBase/VW1cI/src/integrator_interface.jl:623
┌ Warning: At t=-0.22011065256653117, dt was forced below floating point epsilon -1.961035937048745e-17, and step error estimate = NaN. Aborting. There is either an error in your model specification or the true solution is unstable (or the true solution can not be represented in the precision of Float64).
└ @ SciMLBase ~/.julia/packages/SciMLBase/VW1cI/src/integrator_interface.jl:623
┌ Warning: At t=-0.23934474777372688, dt was forced below floating point epsilon -2.6224926047269636e-17, and step error estimate = 1.0043988798596117. Aborting. There is either an error in your model specification or the true solution is unstable (or the true solution can not be represented in the precision of Float64).
└ @ SciMLBase ~/.julia/packages/SciMLBase/VW1cI/src/integrator_interface.jl:623
┌ Warning: At t=-0.35102857700043344, dt was forced below floating point epsilon -5.54290630680425e-17, and step error estimate = 1.027592040161714. Aborting. There is either an error in your model specification or the true solution is unstable (or the true solution can not be represented in the precision of Float64).
└ @ SciMLBase ~/.julia/packages/SciMLBase/VW1cI/src/integrator_interface.jl:623
┌ Warning: At t=-0.2938668851517822, dt was forced below floating point epsilon -5.321470372823021e-17, and step error estimate = NaN. Aborting. There is either an error in your model specification or the true solution is unstable (or the true solution can not be represented in the precision of Float64).
└ @ SciMLBase ~/.julia/packages/SciMLBase/VW1cI/src/integrator_interface.jl:623
┌ Warning: At t=-0.5314391427588964, dt was forced below floating point epsilon -1.0796006054622743e-16, and step error estimate = 1.0221011275108514. Aborting. There is either an error in your model specification or the true solution is unstable (or the true solution can not be represented in the precision of Float64).
└ @ SciMLBase ~/.julia/packages/SciMLBase/VW1cI/src/integrator_interface.jl:623
┌ Warning: At t=-0.22000000121915556, dt was forced below floating point epsilon -2.368815015719173e-17, and step error estimate = 1.7007232323887922. Aborting. There is either an error in your model specification or the true solution is unstable (or the true solution can not be represented in the precision of Float64).
└ @ SciMLBase ~/.julia/packages/SciMLBase/VW1cI/src/integrator_interface.jl:623
┌ Warning: At t=-0.22000003605524057, dt was forced below floating point epsilon -2.3570233616106218e-17, and step error estimate = 1.7877356641671924. Aborting. There is either an error in your model specification or the true solution is unstable (or the true solution can not be represented in the precision of Float64).
└ @ SciMLBase ~/.julia/packages/SciMLBase/VW1cI/src/integrator_interface.jl:623
┌ Warning: At t=-0.2890980402048694, dt was forced below floating point epsilon -4.924746149105614e-17, and step error estimate = 1.1545159456742362. Aborting. There is either an error in your model specification or the true solution is unstable (or the true solution can not be represented in the precision of Float64).
└ @ SciMLBase ~/.julia/packages/SciMLBase/VW1cI/src/integrator_interface.jl:623
┌ Warning: At t=-0.22000000182298055, dt was forced below floating point epsilon -2.562122686024911e-17, and step error estimate = 1.7558598565436563. Aborting. There is either an error in your model specification or the true solution is unstable (or the true solution can not be represented in the precision of Float64).
└ @ SciMLBase ~/.julia/packages/SciMLBase/VW1cI/src/integrator_interface.jl:623
┌ Warning: At t=-0.2201838246340184, dt was forced below floating point epsilon -2.730590624779676e-17, and step error estimate = 1.250656421727847. Aborting. There is either an error in your model specification or the true solution is unstable (or the true solution can not be represented in the precision of Float64).
└ @ SciMLBase ~/.julia/packages/SciMLBase/VW1cI/src/integrator_interface.jl:623
┌ Warning: At t=-0.22000000005663475, dt was forced below floating point epsilon -7.081460955842484e-18, and step error estimate = NaN. Aborting. There is either an error in your model specification or the true solution is unstable (or the true solution can not be represented in the precision of Float64).
└ @ SciMLBase ~/.julia/packages/SciMLBase/VW1cI/src/integrator_interface.jl:623
┌ Warning: At t=-0.2709515259213506, dt was forced below floating point epsilon -5.495923682959975e-17, and step error estimate = 1.041748314210112. Aborting. There is either an error in your model specification or the true solution is unstable (or the true solution can not be represented in the precision of Float64).
└ @ SciMLBase ~/.julia/packages/SciMLBase/VW1cI/src/integrator_interface.jl:623
┌ Warning: At t=-0.28426743798330595, dt was forced below floating point epsilon -2.669863951613932e-17, and step error estimate = NaN. Aborting. There is either an error in your model specification or the true solution is unstable (or the true solution can not be represented in the precision of Float64).
└ @ SciMLBase ~/.julia/packages/SciMLBase/VW1cI/src/integrator_interface.jl:623
┌ Warning: At t=-0.22573921734229535, dt was forced below floating point epsilon -2.744349567111984e-17, and step error estimate = 1.0472666198044986. Aborting. There is either an error in your model specification or the true solution is unstable (or the true solution can not be represented in the precision of Float64).
└ @ SciMLBase ~/.julia/packages/SciMLBase/VW1cI/src/integrator_interface.jl:623
┌ Warning: At t=-0.22000012094370636, dt was forced below floating point epsilon -8.881784197001253e-18, and step error estimate = NaN. Aborting. There is either an error in your model specification or the true solution is unstable (or the true solution can not be represented in the precision of Float64).
└ @ SciMLBase ~/.julia/packages/SciMLBase/VW1cI/src/integrator_interface.jl:623
┌ Warning: At t=-0.2200000000285264, dt was forced below floating point epsilon -1.8204033138847387e-17, and step error estimate = NaN. Aborting. There is either an error in your model specification or the true solution is unstable (or the true solution can not be represented in the precision of Float64).
└ @ SciMLBase ~/.julia/packages/SciMLBase/VW1cI/src/integrator_interface.jl:623
┌ Warning: At t=-0.2200000247862821, dt was forced below floating point epsilon -2.4739726071691575e-17, and step error estimate = 3.0943580000279467. Aborting. There is either an error in your model specification or the true solution is unstable (or the true solution can not be represented in the precision of Float64).
└ @ SciMLBase ~/.julia/packages/SciMLBase/VW1cI/src/integrator_interface.jl:623
┌ Warning: At t=-0.2200000247862821, dt was forced below floating point epsilon -2.4739726071691575e-17, and step error estimate = 3.0943580000279467. Aborting. There is either an error in your model specification or the true solution is unstable (or the true solution can not be represented in the precision of Float64).
└ @ SciMLBase ~/.julia/packages/SciMLBase/VW1cI/src/integrator_interface.jl:623
┌ Warning: At t=-0.7407710325034271, dt was forced below floating point epsilon -8.525804604007959e-17, and step error estimate = 116.60265126018263. Aborting. There is either an error in your model specification or the true solution is unstable (or the true solution can not be represented in the precision of Float64).
└ @ SciMLBase ~/.julia/packages/SciMLBase/VW1cI/src/integrator_interface.jl:623
┌ Warning: At t=-0.3277879534947514, dt was forced below floating point epsilon -4.977102316522488e-17, and step error estimate = 1.0386288214506538. Aborting. There is either an error in your model specification or the true solution is unstable (or the true solution can not be represented in the precision of Float64).
└ @ SciMLBase ~/.julia/packages/SciMLBase/VW1cI/src/integrator_interface.jl:623
┌ Warning: At t=-0.7528201994043747, dt was forced below floating point epsilon -9.805720143437376e-17, and step error estimate = 143.0844477709847. Aborting. There is either an error in your model specification or the true solution is unstable (or the true solution can not be represented in the precision of Float64).
└ @ SciMLBase ~/.julia/packages/SciMLBase/VW1cI/src/integrator_interface.jl:623
┌ Warning: At t=-0.398041410823234, dt was forced below floating point epsilon -4.9123636229230965e-17, and step error estimate = 1.1839645825113567. Aborting. There is either an error in your model specification or the true solution is unstable (or the true solution can not be represented in the precision of Float64).
└ @ SciMLBase ~/.julia/packages/SciMLBase/VW1cI/src/integrator_interface.jl:623
┌ Warning: At t=-0.4578877259691, dt was forced below floating point epsilon -5.331814158261075e-17, and step error estimate = 1.811406713720687. Aborting. There is either an error in your model specification or the true solution is unstable (or the true solution can not be represented in the precision of Float64).
└ @ SciMLBase ~/.julia/packages/SciMLBase/VW1cI/src/integrator_interface.jl:623
┌ Warning: At t=-0.22000000460892472, dt was forced below floating point epsilon -2.6598821107315566e-17, and step error estimate = 3.160374887009649. Aborting. There is either an error in your model specification or the true solution is unstable (or the true solution can not be represented in the precision of Float64).
└ @ SciMLBase ~/.julia/packages/SciMLBase/VW1cI/src/integrator_interface.jl:623
┌ Warning: At t=-0.22000000022434918, dt was forced below floating point epsilon -2.149737757386164e-17, and step error estimate = NaN. Aborting. There is either an error in your model specification or the true solution is unstable (or the true solution can not be represented in the precision of Float64).
└ @ SciMLBase ~/.julia/packages/SciMLBase/VW1cI/src/integrator_interface.jl:623
┌ Warning: At t=-0.25075574139940515, dt was forced below floating point epsilon -5.4741040765197544e-17, and step error estimate = 203.36323444094367. Aborting. There is either an error in your model specification or the true solution is unstable (or the true solution can not be represented in the precision of Float64).
└ @ SciMLBase ~/.julia/packages/SciMLBase/VW1cI/src/integrator_interface.jl:623
┌ Warning: At t=-0.3279669632224603, dt was forced below floating point epsilon -2.89392495057663e-17, and step error estimate = NaN. Aborting. There is either an error in your model specification or the true solution is unstable (or the true solution can not be represented in the precision of Float64).
└ @ SciMLBase ~/.julia/packages/SciMLBase/VW1cI/src/integrator_interface.jl:623
┌ Warning: At t=-0.41278273752072286, dt was forced below floating point epsilon -4.104253534161836e-17, and step error estimate = 460.48810255799617. Aborting. There is either an error in your model specification or the true solution is unstable (or the true solution can not be represented in the precision of Float64).
└ @ SciMLBase ~/.julia/packages/SciMLBase/VW1cI/src/integrator_interface.jl:623
┌ Warning: At t=-0.22000000159738797, dt was forced below floating point epsilon -2.3212767548831843e-17, and step error estimate = 3.2795325825278527. Aborting. There is either an error in your model specification or the true solution is unstable (or the true solution can not be represented in the precision of Float64).
└ @ SciMLBase ~/.julia/packages/SciMLBase/VW1cI/src/integrator_interface.jl:623
┌ Warning: At t=-0.22000000240150377, dt was forced below floating point epsilon -6.437519584727323e-18, and step error estimate = NaN. Aborting. There is either an error in your model specification or the true solution is unstable (or the true solution can not be represented in the precision of Float64).
└ @ SciMLBase ~/.julia/packages/SciMLBase/VW1cI/src/integrator_interface.jl:623
┌ Warning: At t=-0.22000000002900016, dt was forced below floating point epsilon -2.4492392015864346e-17, and step error estimate = NaN. Aborting. There is either an error in your model specification or the true solution is unstable (or the true solution can not be represented in the precision of Float64).
└ @ SciMLBase ~/.julia/packages/SciMLBase/VW1cI/src/integrator_interface.jl:623
┌ Warning: At t=-0.22462657984720286, dt was forced below floating point epsilon -2.4743580889834823e-17, and step error estimate = 1.8495475427228487. Aborting. There is either an error in your model specification or the true solution is unstable (or the true solution can not be represented in the precision of Float64).
└ @ SciMLBase ~/.julia/packages/SciMLBase/VW1cI/src/integrator_interface.jl:623
┌ Warning: At t=-0.2200000799627937, dt was forced below floating point epsilon -2.7329561524911922e-17, and step error estimate = 1.9219739679189416. Aborting. There is either an error in your model specification or the true solution is unstable (or the true solution can not be represented in the precision of Float64).
└ @ SciMLBase ~/.julia/packages/SciMLBase/VW1cI/src/integrator_interface.jl:623
┌ Warning: At t=-0.22000294887419547, dt was forced below floating point epsilon -2.4689170217327613e-17, and step error estimate = 1.1242645932553839. Aborting. There is either an error in your model specification or the true solution is unstable (or the true solution can not be represented in the precision of Float64).
└ @ SciMLBase ~/.julia/packages/SciMLBase/VW1cI/src/integrator_interface.jl:623
┌ Warning: At t=-0.22000067040815383, dt was forced below floating point epsilon -5.9274872367955245e-18, and step error estimate = NaN. Aborting. There is either an error in your model specification or the true solution is unstable (or the true solution can not be represented in the precision of Float64).
└ @ SciMLBase ~/.julia/packages/SciMLBase/VW1cI/src/integrator_interface.jl:623
┌ Warning: At t=-0.22001525035923974, dt was forced below floating point epsilon -2.6656931575009404e-17, and step error estimate = 1.823127411883498. Aborting. There is either an error in your model specification or the true solution is unstable (or the true solution can not be represented in the precision of Float64).
└ @ SciMLBase ~/.julia/packages/SciMLBase/VW1cI/src/integrator_interface.jl:623
┌ Warning: At t=-0.22000000151135343, dt was forced below floating point epsilon -1.7028342358669436e-17, and step error estimate = NaN. Aborting. There is either an error in your model specification or the true solution is unstable (or the true solution can not be represented in the precision of Float64).
└ @ SciMLBase ~/.julia/packages/SciMLBase/VW1cI/src/integrator_interface.jl:623
┌ Warning: At t=-0.22001897946669774, dt was forced below floating point epsilon -5.7585457337121095e-18, and step error estimate = NaN. Aborting. There is either an error in your model specification or the true solution is unstable (or the true solution can not be represented in the precision of Float64).
└ @ SciMLBase ~/.julia/packages/SciMLBase/VW1cI/src/integrator_interface.jl:623
┌ Warning: At t=-0.22000000000131406, dt was forced below floating point epsilon -1.5920112120801977e-17, and step error estimate = NaN. Aborting. There is either an error in your model specification or the true solution is unstable (or the true solution can not be represented in the precision of Float64).
└ @ SciMLBase ~/.julia/packages/SciMLBase/VW1cI/src/integrator_interface.jl:623
┌ Warning: At t=-0.2201838246340184, dt was forced below floating point epsilon -2.730590624779676e-17, and step error estimate = 1.250656421727847. Aborting. There is either an error in your model specification or the true solution is unstable (or the true solution can not be represented in the precision of Float64).
└ @ SciMLBase ~/.julia/packages/SciMLBase/VW1cI/src/integrator_interface.jl:623
┌ Warning: At t=-0.22000000240150377, dt was forced below floating point epsilon -6.437519584727323e-18, and step error estimate = NaN. Aborting. There is either an error in your model specification or the true solution is unstable (or the true solution can not be represented in the precision of Float64).
└ @ SciMLBase ~/.julia/packages/SciMLBase/VW1cI/src/integrator_interface.jl:623
┌ Warning: At t=-0.418437143585677, dt was forced below floating point epsilon -5.300271255838432e-17, and step error estimate = 1.0209167231067051. Aborting. There is either an error in your model specification or the true solution is unstable (or the true solution can not be represented in the precision of Float64).
└ @ SciMLBase ~/.julia/packages/SciMLBase/VW1cI/src/integrator_interface.jl:623
┌ Warning: At t=-0.33198208835550624, dt was forced below floating point epsilon -1.5199997449240686e-17, and step error estimate = NaN. Aborting. There is either an error in your model specification or the true solution is unstable (or the true solution can not be represented in the precision of Float64).
└ @ SciMLBase ~/.julia/packages/SciMLBase/VW1cI/src/integrator_interface.jl:623
┌ Warning: At t=-0.2200000012764317, dt was forced below floating point epsilon -1.3386593177495373e-17, and step error estimate = NaN. Aborting. There is either an error in your model specification or the true solution is unstable (or the true solution can not be represented in the precision of Float64).
└ @ SciMLBase ~/.julia/packages/SciMLBase/VW1cI/src/integrator_interface.jl:623
┌ Warning: At t=-0.9759943508205514, dt was forced below floating point epsilon -7.313287694544647e-17, and step error estimate = 359.5164736331108. Aborting. There is either an error in your model specification or the true solution is unstable (or the true solution can not be represented in the precision of Float64).
└ @ SciMLBase ~/.julia/packages/SciMLBase/VW1cI/src/integrator_interface.jl:623
┌ Warning: At t=-0.3279669632224603, dt was forced below floating point epsilon -2.89392495057663e-17, and step error estimate = NaN. Aborting. There is either an error in your model specification or the true solution is unstable (or the true solution can not be represented in the precision of Float64).
└ @ SciMLBase ~/.julia/packages/SciMLBase/VW1cI/src/integrator_interface.jl:623
┌ Warning: At t=-0.2902533142442419, dt was forced below floating point epsilon -4.9952431836308286e-17, and step error estimate = 1.0015226775321444. Aborting. There is either an error in your model specification or the true solution is unstable (or the true solution can not be represented in the precision of Float64).
└ @ SciMLBase ~/.julia/packages/SciMLBase/VW1cI/src/integrator_interface.jl:623
┌ Warning: At t=-0.7729093173845324, dt was forced below floating point epsilon -9.931257853644966e-17, and step error estimate = 1.0628802254319567. Aborting. There is either an error in your model specification or the true solution is unstable (or the true solution can not be represented in the precision of Float64).
└ @ SciMLBase ~/.julia/packages/SciMLBase/VW1cI/src/integrator_interface.jl:623
┌ Warning: Interrupted. Larger maxiters is needed. If you are using an integrator for non-stiff ODEs or an automatic switching algorithm (the default), you may want to consider using a method for stiff equations. See the solver pages for more details (e.g. https://docs.sciml.ai/DiffEqDocs/stable/solvers/ode_solve/#Stiff-Problems).
└ @ SciMLBase ~/.julia/packages/SciMLBase/VW1cI/src/integrator_interface.jl:589
┌ Warning: At t=-0.22000000143309426, dt was forced below floating point epsilon -2.2069575381416016e-17, and step error estimate = NaN. Aborting. There is either an error in your model specification or the true solution is unstable (or the true solution can not be represented in the precision of Float64).
└ @ SciMLBase ~/.julia/packages/SciMLBase/VW1cI/src/integrator_interface.jl:623
┌ Warning: At t=-0.33198208835550624, dt was forced below floating point epsilon -1.5199997449240686e-17, and step error estimate = NaN. Aborting. There is either an error in your model specification or the true solution is unstable (or the true solution can not be represented in the precision of Float64).
└ @ SciMLBase ~/.julia/packages/SciMLBase/VW1cI/src/integrator_interface.jl:623
┌ Warning: At t=-0.7115280472164338, dt was forced below floating point epsilon -9.985692217133185e-17, and step error estimate = 1.0063413959590364. Aborting. There is either an error in your model specification or the true solution is unstable (or the true solution can not be represented in the precision of Float64).
└ @ SciMLBase ~/.julia/packages/SciMLBase/VW1cI/src/integrator_interface.jl:623
┌ Warning: At t=-0.22000013529371465, dt was forced below floating point epsilon -2.3323299648758813e-17, and step error estimate = 1.986223209188652. Aborting. There is either an error in your model specification or the true solution is unstable (or the true solution can not be represented in the precision of Float64).
└ @ SciMLBase ~/.julia/packages/SciMLBase/VW1cI/src/integrator_interface.jl:623
┌ Warning: At t=-0.22000000472709536, dt was forced below floating point epsilon -1.035585175719655e-17, and step error estimate = NaN. Aborting. There is either an error in your model specification or the true solution is unstable (or the true solution can not be represented in the precision of Float64).
└ @ SciMLBase ~/.julia/packages/SciMLBase/VW1cI/src/integrator_interface.jl:623
┌ Warning: Interrupted. Larger maxiters is needed. If you are using an integrator for non-stiff ODEs or an automatic switching algorithm (the default), you may want to consider using a method for stiff equations. See the solver pages for more details (e.g. https://docs.sciml.ai/DiffEqDocs/stable/solvers/ode_solve/#Stiff-Problems).
└ @ SciMLBase ~/.julia/packages/SciMLBase/VW1cI/src/integrator_interface.jl:589
┌ Warning: At t=-0.2205863364311753, dt was forced below floating point epsilon -2.4671026142698803e-17, and step error estimate = 1.1325637966495274. Aborting. There is either an error in your model specification or the true solution is unstable (or the true solution can not be represented in the precision of Float64).
└ @ SciMLBase ~/.julia/packages/SciMLBase/VW1cI/src/integrator_interface.jl:623
┌ Warning: At t=-0.678908760844932, dt was forced below floating point epsilon -9.404120515079095e-17, and step error estimate = 2.909452374964617. Aborting. There is either an error in your model specification or the true solution is unstable (or the true solution can not be represented in the precision of Float64).
└ @ SciMLBase ~/.julia/packages/SciMLBase/VW1cI/src/integrator_interface.jl:623
┌ Warning: At t=-0.27257802723456853, dt was forced below floating point epsilon -5.167607277059933e-17, and step error estimate = 1.8758509760376387. Aborting. There is either an error in your model specification or the true solution is unstable (or the true solution can not be represented in the precision of Float64).
└ @ SciMLBase ~/.julia/packages/SciMLBase/VW1cI/src/integrator_interface.jl:623
┌ Warning: At t=-0.9759943508205514, dt was forced below floating point epsilon -7.313287694544647e-17, and step error estimate = 359.5164736331108. Aborting. There is either an error in your model specification or the true solution is unstable (or the true solution can not be represented in the precision of Float64).
└ @ SciMLBase ~/.julia/packages/SciMLBase/VW1cI/src/integrator_interface.jl:623
┌ Warning: At t=-0.22462657984720286, dt was forced below floating point epsilon -2.4743580889834823e-17, and step error estimate = 1.8495475427228487. Aborting. There is either an error in your model specification or the true solution is unstable (or the true solution can not be represented in the precision of Float64).
└ @ SciMLBase ~/.julia/packages/SciMLBase/VW1cI/src/integrator_interface.jl:623
┌ Warning: At t=-0.2505434449873852, dt was forced below floating point epsilon -5.291995364990895e-17, and step error estimate = 1.0942719751969896. Aborting. There is either an error in your model specification or the true solution is unstable (or the true solution can not be represented in the precision of Float64).
└ @ SciMLBase ~/.julia/packages/SciMLBase/VW1cI/src/integrator_interface.jl:623
┌ Warning: At t=-0.2902533142442419, dt was forced below floating point epsilon -4.9952431836308286e-17, and step error estimate = 1.0015226775321444. Aborting. There is either an error in your model specification or the true solution is unstable (or the true solution can not be represented in the precision of Float64).
└ @ SciMLBase ~/.julia/packages/SciMLBase/VW1cI/src/integrator_interface.jl:623
┌ Warning: At t=-0.6442158910876276, dt was forced below floating point epsilon -1.0512271526955455e-16, and step error estimate = 1.045353853093009. Aborting. There is either an error in your model specification or the true solution is unstable (or the true solution can not be represented in the precision of Float64).
└ @ SciMLBase ~/.julia/packages/SciMLBase/VW1cI/src/integrator_interface.jl:623
┌ Warning: At t=-0.386689327425265, dt was forced below floating point epsilon -5.429928713231763e-17, and step error estimate = 1.104167983022559. Aborting. There is either an error in your model specification or the true solution is unstable (or the true solution can not be represented in the precision of Float64).
└ @ SciMLBase ~/.julia/packages/SciMLBase/VW1cI/src/integrator_interface.jl:623
┌ Warning: At t=-0.22000000119218835, dt was forced below floating point epsilon -9.581387895880188e-18, and step error estimate = NaN. Aborting. There is either an error in your model specification or the true solution is unstable (or the true solution can not be represented in the precision of Float64).
└ @ SciMLBase ~/.julia/packages/SciMLBase/VW1cI/src/integrator_interface.jl:623
┌ Warning: At t=-0.2200000161916872, dt was forced below floating point epsilon -2.718138588409461e-17, and step error estimate = 1.1755333033852255. Aborting. There is either an error in your model specification or the true solution is unstable (or the true solution can not be represented in the precision of Float64).
└ @ SciMLBase ~/.julia/packages/SciMLBase/VW1cI/src/integrator_interface.jl:623
┌ Warning: At t=-0.22000000040295536, dt was forced below floating point epsilon -8.607946638881857e-18, and step error estimate = NaN. Aborting. There is either an error in your model specification or the true solution is unstable (or the true solution can not be represented in the precision of Float64).
└ @ SciMLBase ~/.julia/packages/SciMLBase/VW1cI/src/integrator_interface.jl:623
┌ Warning: At t=-0.7767978047245012, dt was forced below floating point epsilon -9.796972244326547e-17, and step error estimate = 2.993272874237304. Aborting. There is either an error in your model specification or the true solution is unstable (or the true solution can not be represented in the precision of Float64).
└ @ SciMLBase ~/.julia/packages/SciMLBase/VW1cI/src/integrator_interface.jl:623
┌ Warning: At t=-0.22263849652364223, dt was forced below floating point epsilon -2.569108376832552e-17, and step error estimate = 1.0681865183545334. Aborting. There is either an error in your model specification or the true solution is unstable (or the true solution can not be represented in the precision of Float64).
└ @ SciMLBase ~/.julia/packages/SciMLBase/VW1cI/src/integrator_interface.jl:623
┌ Warning: At t=-0.48211402131057923, dt was forced below floating point epsilon -4.776243035187218e-17, and step error estimate = 669.3135474391038. Aborting. There is either an error in your model specification or the true solution is unstable (or the true solution can not be represented in the precision of Float64).
└ @ SciMLBase ~/.julia/packages/SciMLBase/VW1cI/src/integrator_interface.jl:623
┌ Warning: At t=-0.22000000002900016, dt was forced below floating point epsilon -2.4492392015864346e-17, and step error estimate = NaN. Aborting. There is either an error in your model specification or the true solution is unstable (or the true solution can not be represented in the precision of Float64).
└ @ SciMLBase ~/.julia/packages/SciMLBase/VW1cI/src/integrator_interface.jl:623
┌ Warning: At t=-0.4673515791475744, dt was forced below floating point epsilon -4.987935371713371e-17, and step error estimate = 1.0162914942953751. Aborting. There is either an error in your model specification or the true solution is unstable (or the true solution can not be represented in the precision of Float64).
└ @ SciMLBase ~/.julia/packages/SciMLBase/VW1cI/src/integrator_interface.jl:623
┌ Warning: At t=-0.22000029415678266, dt was forced below floating point epsilon -2.5869787420681762e-17, and step error estimate = 1.4297321440970476. Aborting. There is either an error in your model specification or the true solution is unstable (or the true solution can not be represented in the precision of Float64).
└ @ SciMLBase ~/.julia/packages/SciMLBase/VW1cI/src/integrator_interface.jl:623
┌ Warning: At t=-0.22, dt was forced below floating point epsilon -1.6884593729979923e-17, and step error estimate = 962.2834113546511. Aborting. There is either an error in your model specification or the true solution is unstable (or the true solution can not be represented in the precision of Float64).
└ @ SciMLBase ~/.julia/packages/SciMLBase/VW1cI/src/integrator_interface.jl:623
┌ Warning: At t=-0.34797786809080566, dt was forced below floating point epsilon -4.9122766793208034e-17, and step error estimate = 1.1841747358601145. Aborting. There is either an error in your model specification or the true solution is unstable (or the true solution can not be represented in the precision of Float64).
└ @ SciMLBase ~/.julia/packages/SciMLBase/VW1cI/src/integrator_interface.jl:623
┌ Warning: At t=-0.26383479610281957, dt was forced below floating point epsilon -4.264230427453772e-17, and step error estimate = 5.178013678051271. Aborting. There is either an error in your model specification or the true solution is unstable (or the true solution can not be represented in the precision of Float64).
└ @ SciMLBase ~/.julia/packages/SciMLBase/VW1cI/src/integrator_interface.jl:623
┌ Warning: At t=-0.2853418793385029, dt was forced below floating point epsilon -4.508504492925249e-17, and step error estimate = 2.7920646795801987. Aborting. There is either an error in your model specification or the true solution is unstable (or the true solution can not be represented in the precision of Float64).
└ @ SciMLBase ~/.julia/packages/SciMLBase/VW1cI/src/integrator_interface.jl:623
┌ Warning: At t=-0.22000000460667085, dt was forced below floating point epsilon -2.353573618381096e-17, and step error estimate = 1.8141051188262545. Aborting. There is either an error in your model specification or the true solution is unstable (or the true solution can not be represented in the precision of Float64).
└ @ SciMLBase ~/.julia/packages/SciMLBase/VW1cI/src/integrator_interface.jl:623
┌ Warning: At t=-0.7009935289121128, dt was forced below floating point epsilon -1.1034210657907329e-16, and step error estimate = 1.07324871868303. Aborting. There is either an error in your model specification or the true solution is unstable (or the true solution can not be represented in the precision of Float64).
└ @ SciMLBase ~/.julia/packages/SciMLBase/VW1cI/src/integrator_interface.jl:623
┌ Warning: At t=-0.5676166555711399, dt was forced below floating point epsilon -9.401561775983956e-17, and step error estimate = 1.8388153497167248. Aborting. There is either an error in your model specification or the true solution is unstable (or the true solution can not be represented in the precision of Float64).
└ @ SciMLBase ~/.julia/packages/SciMLBase/VW1cI/src/integrator_interface.jl:623
┌ Warning: At t=-0.2200000161916872, dt was forced below floating point epsilon -2.718138588409461e-17, and step error estimate = 1.1755333033852255. Aborting. There is either an error in your model specification or the true solution is unstable (or the true solution can not be represented in the precision of Float64).
└ @ SciMLBase ~/.julia/packages/SciMLBase/VW1cI/src/integrator_interface.jl:623
┌ Warning: At t=-0.2365148005657055, dt was forced below floating point epsilon -2.4556271576456162e-17, and step error estimate = 1.1866432980954784. Aborting. There is either an error in your model specification or the true solution is unstable (or the true solution can not be represented in the precision of Float64).
└ @ SciMLBase ~/.julia/packages/SciMLBase/VW1cI/src/integrator_interface.jl:623
┌ Warning: At t=-0.22003003559245324, dt was forced below floating point epsilon -2.739839954700618e-17, and step error estimate = 1.0599531754316114. Aborting. There is either an error in your model specification or the true solution is unstable (or the true solution can not be represented in the precision of Float64).
└ @ SciMLBase ~/.julia/packages/SciMLBase/VW1cI/src/integrator_interface.jl:623
┌ Warning: At t=-0.22000000054957233, dt was forced below floating point epsilon -1.1102230246251566e-17, and step error estimate = NaN. Aborting. There is either an error in your model specification or the true solution is unstable (or the true solution can not be represented in the precision of Float64).
└ @ SciMLBase ~/.julia/packages/SciMLBase/VW1cI/src/integrator_interface.jl:623
┌ Warning: At t=-0.6494915564953025, dt was forced below floating point epsilon -1.1087063086124003e-16, and step error estimate = 1.135636209452654. Aborting. There is either an error in your model specification or the true solution is unstable (or the true solution can not be represented in the precision of Float64).
└ @ SciMLBase ~/.julia/packages/SciMLBase/VW1cI/src/integrator_interface.jl:623
┌ Warning: At t=-0.3235258570074475, dt was forced below floating point epsilon -4.69860357957151e-17, and step error estimate = 1.9184177675219516. Aborting. There is either an error in your model specification or the true solution is unstable (or the true solution can not be represented in the precision of Float64).
└ @ SciMLBase ~/.julia/packages/SciMLBase/VW1cI/src/integrator_interface.jl:623
┌ Warning: At t=-0.22000000021326013, dt was forced below floating point epsilon -2.2273704234580655e-17, and step error estimate = 3.147762343069847. Aborting. There is either an error in your model specification or the true solution is unstable (or the true solution can not be represented in the precision of Float64).
└ @ SciMLBase ~/.julia/packages/SciMLBase/VW1cI/src/integrator_interface.jl:623
┌ Warning: At t=-0.2200090314317149, dt was forced below floating point epsilon -2.3083147834113594e-17, and step error estimate = 212.72581063576214. Aborting. There is either an error in your model specification or the true solution is unstable (or the true solution can not be represented in the precision of Float64).
└ @ SciMLBase ~/.julia/packages/SciMLBase/VW1cI/src/integrator_interface.jl:623
┌ Warning: At t=-0.2524034195671887, dt was forced below floating point epsilon -4.777927821092541e-17, and step error estimate = 2.612889040339329. Aborting. There is either an error in your model specification or the true solution is unstable (or the true solution can not be represented in the precision of Float64).
└ @ SciMLBase ~/.julia/packages/SciMLBase/VW1cI/src/integrator_interface.jl:623
┌ Warning: At t=-0.22140843977029925, dt was forced below floating point epsilon -2.489550767088491e-17, and step error estimate = 1.0344653954703495. Aborting. There is either an error in your model specification or the true solution is unstable (or the true solution can not be represented in the precision of Float64).
└ @ SciMLBase ~/.julia/packages/SciMLBase/VW1cI/src/integrator_interface.jl:623
┌ Warning: At t=-0.22314738140311302, dt was forced below floating point epsilon -2.457108039995247e-17, and step error estimate = 1.17950796573035. Aborting. There is either an error in your model specification or the true solution is unstable (or the true solution can not be represented in the precision of Float64).
└ @ SciMLBase ~/.julia/packages/SciMLBase/VW1cI/src/integrator_interface.jl:623
┌ Warning: At t=-0.2200000015694076, dt was forced below floating point epsilon -9.47400052134187e-18, and step error estimate = NaN. Aborting. There is either an error in your model specification or the true solution is unstable (or the true solution can not be represented in the precision of Float64).
└ @ SciMLBase ~/.julia/packages/SciMLBase/VW1cI/src/integrator_interface.jl:623
┌ Warning: At t=-0.24937141827928308, dt was forced below floating point epsilon -2.467475044872328e-17, and step error estimate = 1.1308547573882404. Aborting. There is either an error in your model specification or the true solution is unstable (or the true solution can not be represented in the precision of Float64).
└ @ SciMLBase ~/.julia/packages/SciMLBase/VW1cI/src/integrator_interface.jl:623
┌ Warning: At t=-0.4815016527205351, dt was forced below floating point epsilon -5.3878996601379985e-17, and step error estimate = 1.0695903626743601. Aborting. There is either an error in your model specification or the true solution is unstable (or the true solution can not be represented in the precision of Float64).
└ @ SciMLBase ~/.julia/packages/SciMLBase/VW1cI/src/integrator_interface.jl:623
┌ Warning: At t=-0.22000003605524057, dt was forced below floating point epsilon -2.3570233616106218e-17, and step error estimate = 1.7877356641671924. Aborting. There is either an error in your model specification or the true solution is unstable (or the true solution can not be represented in the precision of Float64).
└ @ SciMLBase ~/.julia/packages/SciMLBase/VW1cI/src/integrator_interface.jl:623
┌ Warning: Interrupted. Larger maxiters is needed. If you are using an integrator for non-stiff ODEs or an automatic switching algorithm (the default), you may want to consider using a method for stiff equations. See the solver pages for more details (e.g. https://docs.sciml.ai/DiffEqDocs/stable/solvers/ode_solve/#Stiff-Problems).
└ @ SciMLBase ~/.julia/packages/SciMLBase/VW1cI/src/integrator_interface.jl:589
┌ Warning: At t=-0.22000974596352044, dt was forced below floating point epsilon -2.6103344951509447e-17, and step error estimate = 1.436757830446694. Aborting. There is either an error in your model specification or the true solution is unstable (or the true solution can not be represented in the precision of Float64).
└ @ SciMLBase ~/.julia/packages/SciMLBase/VW1cI/src/integrator_interface.jl:623
┌ Warning: At t=-0.746901739937615, dt was forced below floating point epsilon -9.943527149973667e-17, and step error estimate = 1.0498357395622693. Aborting. There is either an error in your model specification or the true solution is unstable (or the true solution can not be represented in the precision of Float64).
└ @ SciMLBase ~/.julia/packages/SciMLBase/VW1cI/src/integrator_interface.jl:623
┌ Warning: At t=-0.2723221627167627, dt was forced below floating point epsilon -4.976558589554632e-17, and step error estimate = 1.0397646609989257. Aborting. There is either an error in your model specification or the true solution is unstable (or the true solution can not be represented in the precision of Float64).
└ @ SciMLBase ~/.julia/packages/SciMLBase/VW1cI/src/integrator_interface.jl:623
┌ Warning: At t=-0.722156925309167, dt was forced below floating point epsilon -1.0926633984559108e-16, and step error estimate = 1.0292770775976319. Aborting. There is either an error in your model specification or the true solution is unstable (or the true solution can not be represented in the precision of Float64).
└ @ SciMLBase ~/.julia/packages/SciMLBase/VW1cI/src/integrator_interface.jl:623
┌ Warning: At t=-0.22000000003000508, dt was forced below floating point epsilon -1.1273738737346672e-17, and step error estimate = NaN. Aborting. There is either an error in your model specification or the true solution is unstable (or the true solution can not be represented in the precision of Float64).
└ @ SciMLBase ~/.julia/packages/SciMLBase/VW1cI/src/integrator_interface.jl:623
┌ Warning: At t=-0.24937141827928308, dt was forced below floating point epsilon -2.467475044872328e-17, and step error estimate = 1.1308547573882404. Aborting. There is either an error in your model specification or the true solution is unstable (or the true solution can not be represented in the precision of Float64).
└ @ SciMLBase ~/.julia/packages/SciMLBase/VW1cI/src/integrator_interface.jl:623
┌ Warning: At t=-0.2200000010501828, dt was forced below floating point epsilon -2.6066366660174007e-17, and step error estimate = NaN. Aborting. There is either an error in your model specification or the true solution is unstable (or the true solution can not be represented in the precision of Float64).
└ @ SciMLBase ~/.julia/packages/SciMLBase/VW1cI/src/integrator_interface.jl:623
┌ Warning: At t=-0.3743667564208241, dt was forced below floating point epsilon -5.2781043287126793e-17, and step error estimate = 1.101928593685993. Aborting. There is either an error in your model specification or the true solution is unstable (or the true solution can not be represented in the precision of Float64).
└ @ SciMLBase ~/.julia/packages/SciMLBase/VW1cI/src/integrator_interface.jl:623
┌ Warning: At t=-0.2200002731472912, dt was forced below floating point epsilon -2.667684846719403e-17, and step error estimate = 1.5798409569430945. Aborting. There is either an error in your model specification or the true solution is unstable (or the true solution can not be represented in the precision of Float64).
└ @ SciMLBase ~/.julia/packages/SciMLBase/VW1cI/src/integrator_interface.jl:623
┌ Warning: At t=-0.23118293340263807, dt was forced below floating point epsilon -2.5826090735140652e-17, and step error estimate = 1.0450909957603514. Aborting. There is either an error in your model specification or the true solution is unstable (or the true solution can not be represented in the precision of Float64).
└ @ SciMLBase ~/.julia/packages/SciMLBase/VW1cI/src/integrator_interface.jl:623
┌ Warning: At t=-0.2200090314317149, dt was forced below floating point epsilon -2.3083147834113594e-17, and step error estimate = 212.72581063576214. Aborting. There is either an error in your model specification or the true solution is unstable (or the true solution can not be represented in the precision of Float64).
└ @ SciMLBase ~/.julia/packages/SciMLBase/VW1cI/src/integrator_interface.jl:623
┌ Warning: At t=-0.22000000403303543, dt was forced below floating point epsilon -2.55370940979712e-17, and step error estimate = 1.8207515212543859. Aborting. There is either an error in your model specification or the true solution is unstable (or the true solution can not be represented in the precision of Float64).
└ @ SciMLBase ~/.julia/packages/SciMLBase/VW1cI/src/integrator_interface.jl:623
┌ Warning: At t=-0.4038295715352902, dt was forced below floating point epsilon -5.332120229157585e-17, and step error estimate = 1.0205283638646305. Aborting. There is either an error in your model specification or the true solution is unstable (or the true solution can not be represented in the precision of Float64).
└ @ SciMLBase ~/.julia/packages/SciMLBase/VW1cI/src/integrator_interface.jl:623
┌ Warning: At t=-0.5475565319493164, dt was forced below floating point epsilon -1.067426039266175e-16, and step error estimate = 1.133307029883741. Aborting. There is either an error in your model specification or the true solution is unstable (or the true solution can not be represented in the precision of Float64).
└ @ SciMLBase ~/.julia/packages/SciMLBase/VW1cI/src/integrator_interface.jl:623
┌ Warning: At t=-0.27329013817597353, dt was forced below floating point epsilon -4.918432080181299e-17, and step error estimate = 12.112852889830243. Aborting. There is either an error in your model specification or the true solution is unstable (or the true solution can not be represented in the precision of Float64).
└ @ SciMLBase ~/.julia/packages/SciMLBase/VW1cI/src/integrator_interface.jl:623
┌ Warning: At t=-0.23495111530685164, dt was forced below floating point epsilon -2.4684266768500918e-17, and step error estimate = 1.1265007832390281. Aborting. There is either an error in your model specification or the true solution is unstable (or the true solution can not be represented in the precision of Float64).
└ @ SciMLBase ~/.julia/packages/SciMLBase/VW1cI/src/integrator_interface.jl:623
┌ Warning: At t=-0.22000025718181587, dt was forced below floating point epsilon -2.5475277311084388e-17, and step error estimate = NaN. Aborting. There is either an error in your model specification or the true solution is unstable (or the true solution can not be represented in the precision of Float64).
└ @ SciMLBase ~/.julia/packages/SciMLBase/VW1cI/src/integrator_interface.jl:623
┌ Warning: At t=-0.22000000005663475, dt was forced below floating point epsilon -7.081460955842484e-18, and step error estimate = NaN. Aborting. There is either an error in your model specification or the true solution is unstable (or the true solution can not be represented in the precision of Float64).
└ @ SciMLBase ~/.julia/packages/SciMLBase/VW1cI/src/integrator_interface.jl:623
┌ Warning: At t=-0.2507557413994051, dt was forced below floating point epsilon -4.881162112446969e-17, and step error estimate = 207.92021154068874. Aborting. There is either an error in your model specification or the true solution is unstable (or the true solution can not be represented in the precision of Float64).
└ @ SciMLBase ~/.julia/packages/SciMLBase/VW1cI/src/integrator_interface.jl:623
┌ Warning: At t=-0.2200002731472912, dt was forced below floating point epsilon -2.667684846719403e-17, and step error estimate = 1.5798409569430945. Aborting. There is either an error in your model specification or the true solution is unstable (or the true solution can not be represented in the precision of Float64).
└ @ SciMLBase ~/.julia/packages/SciMLBase/VW1cI/src/integrator_interface.jl:623
┌ Warning: At t=-0.22000000082667495, dt was forced below floating point epsilon -1.4026199626902787e-17, and step error estimate = NaN. Aborting. There is either an error in your model specification or the true solution is unstable (or the true solution can not be represented in the precision of Float64).
└ @ SciMLBase ~/.julia/packages/SciMLBase/VW1cI/src/integrator_interface.jl:623
┌ Warning: At t=-0.4821140213105821, dt was forced below floating point epsilon -4.528157496875913e-17, and step error estimate = 679.1828249155897. Aborting. There is either an error in your model specification or the true solution is unstable (or the true solution can not be represented in the precision of Float64).
└ @ SciMLBase ~/.julia/packages/SciMLBase/VW1cI/src/integrator_interface.jl:623
┌ Warning: At t=-0.22000000143309426, dt was forced below floating point epsilon -2.2069575381416016e-17, and step error estimate = NaN. Aborting. There is either an error in your model specification or the true solution is unstable (or the true solution can not be represented in the precision of Float64).
└ @ SciMLBase ~/.julia/packages/SciMLBase/VW1cI/src/integrator_interface.jl:623
┌ Warning: At t=-0.22000012094370636, dt was forced below floating point epsilon -8.881784197001253e-18, and step error estimate = NaN. Aborting. There is either an error in your model specification or the true solution is unstable (or the true solution can not be represented in the precision of Float64).
└ @ SciMLBase ~/.julia/packages/SciMLBase/VW1cI/src/integrator_interface.jl:623
┌ Warning: At t=-0.22000027742087128, dt was forced below floating point epsilon -2.7689865519441563e-17, and step error estimate = 1.0320283894247908. Aborting. There is either an error in your model specification or the true solution is unstable (or the true solution can not be represented in the precision of Float64).
└ @ SciMLBase ~/.julia/packages/SciMLBase/VW1cI/src/integrator_interface.jl:623
┌ Warning: At t=-0.22000260039974498, dt was forced below floating point epsilon -2.5894141514255853e-17, and step error estimate = 1.065576648402162. Aborting. There is either an error in your model specification or the true solution is unstable (or the true solution can not be represented in the precision of Float64).
└ @ SciMLBase ~/.julia/packages/SciMLBase/VW1cI/src/integrator_interface.jl:623
┌ Warning: At t=-0.22041536780726395, dt was forced below floating point epsilon -2.7699813474489452e-17, and step error estimate = 1.1199848840558109. Aborting. There is either an error in your model specification or the true solution is unstable (or the true solution can not be represented in the precision of Float64).
└ @ SciMLBase ~/.julia/packages/SciMLBase/VW1cI/src/integrator_interface.jl:623
┌ Warning: At t=-0.2200000012764317, dt was forced below floating point epsilon -1.3386593177495373e-17, and step error estimate = NaN. Aborting. There is either an error in your model specification or the true solution is unstable (or the true solution can not be represented in the precision of Float64).
└ @ SciMLBase ~/.julia/packages/SciMLBase/VW1cI/src/integrator_interface.jl:623
┌ Warning: At t=-0.43271558011878336, dt was forced below floating point epsilon -5.40391782719201e-17, and step error estimate = 1.0485072585295059. Aborting. There is either an error in your model specification or the true solution is unstable (or the true solution can not be represented in the precision of Float64).
└ @ SciMLBase ~/.julia/packages/SciMLBase/VW1cI/src/integrator_interface.jl:623
┌ Warning: At t=-0.2200000010501828, dt was forced below floating point epsilon -2.6066366660174007e-17, and step error estimate = NaN. Aborting. There is either an error in your model specification or the true solution is unstable (or the true solution can not be represented in the precision of Float64).
└ @ SciMLBase ~/.julia/packages/SciMLBase/VW1cI/src/integrator_interface.jl:623
┌ Warning: At t=-0.22000000876875958, dt was forced below floating point epsilon -2.3471525063967244e-17, and step error estimate = 1.8643306800788182. Aborting. There is either an error in your model specification or the true solution is unstable (or the true solution can not be represented in the precision of Float64).
└ @ SciMLBase ~/.julia/packages/SciMLBase/VW1cI/src/integrator_interface.jl:623
┌ Warning: At t=-0.2200000000825058, dt was forced below floating point epsilon -1.8442881876858744e-17, and step error estimate = NaN. Aborting. There is either an error in your model specification or the true solution is unstable (or the true solution can not be represented in the precision of Float64).
└ @ SciMLBase ~/.julia/packages/SciMLBase/VW1cI/src/integrator_interface.jl:623
┌ Warning: At t=-0.22025875670657855, dt was forced below floating point epsilon -2.492226545456783e-17, and step error estimate = 1.0234135584472241. Aborting. There is either an error in your model specification or the true solution is unstable (or the true solution can not be represented in the precision of Float64).
└ @ SciMLBase ~/.julia/packages/SciMLBase/VW1cI/src/integrator_interface.jl:623
┌ Warning: At t=-0.6176623201987993, dt was forced below floating point epsilon -1.0591234613580733e-16, and step error estimate = 1.0455186016758107. Aborting. There is either an error in your model specification or the true solution is unstable (or the true solution can not be represented in the precision of Float64).
└ @ SciMLBase ~/.julia/packages/SciMLBase/VW1cI/src/integrator_interface.jl:623
┌ Warning: Interrupted. Larger maxiters is needed. If you are using an integrator for non-stiff ODEs or an automatic switching algorithm (the default), you may want to consider using a method for stiff equations. See the solver pages for more details (e.g. https://docs.sciml.ai/DiffEqDocs/stable/solvers/ode_solve/#Stiff-Problems).
└ @ SciMLBase ~/.julia/packages/SciMLBase/VW1cI/src/integrator_interface.jl:589
┌ Warning: At t=-0.2558245033110358, dt was forced below floating point epsilon -5.272994360200575e-17, and step error estimate = 1.1072513212223731. Aborting. There is either an error in your model specification or the true solution is unstable (or the true solution can not be represented in the precision of Float64).
└ @ SciMLBase ~/.julia/packages/SciMLBase/VW1cI/src/integrator_interface.jl:623
┌ Warning: At t=-0.24882697136711526, dt was forced below floating point epsilon -2.4815442772000784e-17, and step error estimate = 1.0683335222349166. Aborting. There is either an error in your model specification or the true solution is unstable (or the true solution can not be represented in the precision of Float64).
└ @ SciMLBase ~/.julia/packages/SciMLBase/VW1cI/src/integrator_interface.jl:623
┌ Warning: At t=-0.7331777193527251, dt was forced below floating point epsilon -9.914810157391217e-17, and step error estimate = 1.0806469134656775. Aborting. There is either an error in your model specification or the true solution is unstable (or the true solution can not be represented in the precision of Float64).
└ @ SciMLBase ~/.julia/packages/SciMLBase/VW1cI/src/integrator_interface.jl:623
┌ Warning: At t=-0.27257802723456853, dt was forced below floating point epsilon -5.167607277059933e-17, and step error estimate = 1.8758509760376387. Aborting. There is either an error in your model specification or the true solution is unstable (or the true solution can not be represented in the precision of Float64).
└ @ SciMLBase ~/.julia/packages/SciMLBase/VW1cI/src/integrator_interface.jl:623
┌ Warning: At t=-0.6176623201987993, dt was forced below floating point epsilon -1.0591234613580733e-16, and step error estimate = 1.0455186016758107. Aborting. There is either an error in your model specification or the true solution is unstable (or the true solution can not be represented in the precision of Float64).
└ @ SciMLBase ~/.julia/packages/SciMLBase/VW1cI/src/integrator_interface.jl:623
┌ Warning: At t=-0.22000000054957233, dt was forced below floating point epsilon -1.1102230246251566e-17, and step error estimate = NaN. Aborting. There is either an error in your model specification or the true solution is unstable (or the true solution can not be represented in the precision of Float64).
└ @ SciMLBase ~/.julia/packages/SciMLBase/VW1cI/src/integrator_interface.jl:623
┌ Warning: At t=-0.22000008031458798, dt was forced below floating point epsilon -2.6775502855482088e-17, and step error estimate = 1.6346131997234652. Aborting. There is either an error in your model specification or the true solution is unstable (or the true solution can not be represented in the precision of Float64).
└ @ SciMLBase ~/.julia/packages/SciMLBase/VW1cI/src/integrator_interface.jl:623
┌ Warning: At t=-0.3343883986882535, dt was forced below floating point epsilon -4.2344741293879825e-17, and step error estimate = NaN. Aborting. There is either an error in your model specification or the true solution is unstable (or the true solution can not be represented in the precision of Float64).
└ @ SciMLBase ~/.julia/packages/SciMLBase/VW1cI/src/integrator_interface.jl:623
┌ Warning: At t=-0.21964650151241677, dt was forced below floating point epsilon 2.7755575615628914e-17, and step error estimate = 1.3219441463021124. Aborting. There is either an error in your model specification or the true solution is unstable (or the true solution can not be represented in the precision of Float64).
└ @ SciMLBase ~/.julia/packages/SciMLBase/VW1cI/src/integrator_interface.jl:623
┌ Warning: At t=0.2768789488452985, dt was forced below floating point epsilon 5.551115123125783e-17, and step error estimate = 1.0233934934892457. Aborting. There is either an error in your model specification or the true solution is unstable (or the true solution can not be represented in the precision of Float64).
└ @ SciMLBase ~/.julia/packages/SciMLBase/VW1cI/src/integrator_interface.jl:623
┌ Warning: At t=0.9771113094984235, dt was forced below floating point epsilon 1.1102230246251565e-16, and step error estimate = 1.3108563807275662. Aborting. There is either an error in your model specification or the true solution is unstable (or the true solution can not be represented in the precision of Float64).
└ @ SciMLBase ~/.julia/packages/SciMLBase/VW1cI/src/integrator_interface.jl:623
┌ Warning: At t=0.24285082749029713, dt was forced below floating point epsilon 2.7755575615628914e-17, and step error estimate = 292.4594420073983. Aborting. There is either an error in your model specification or the true solution is unstable (or the true solution can not be represented in the precision of Float64).
└ @ SciMLBase ~/.julia/packages/SciMLBase/VW1cI/src/integrator_interface.jl:623
┌ Warning: At t=-1.0, dt was forced below floating point epsilon 2.220446049250313e-16, and step error estimate = 2.446273020197373e6. Aborting. There is either an error in your model specification or the true solution is unstable (or the true solution can not be represented in the precision of Float64).
└ @ SciMLBase ~/.julia/packages/SciMLBase/VW1cI/src/integrator_interface.jl:623
┌ Warning: At t=-0.3678335045192502, dt was forced below floating point epsilon 5.551115123125783e-17, and step error estimate = 1.0050158010882435. Aborting. There is either an error in your model specification or the true solution is unstable (or the true solution can not be represented in the precision of Float64).
└ @ SciMLBase ~/.julia/packages/SciMLBase/VW1cI/src/integrator_interface.jl:623
┌ Warning: At t=-1.0, dt was forced below floating point epsilon 2.220446049250313e-16, and step error estimate = 7.40650479794248. Aborting. There is either an error in your model specification or the true solution is unstable (or the true solution can not be represented in the precision of Float64).
└ @ SciMLBase ~/.julia/packages/SciMLBase/VW1cI/src/integrator_interface.jl:623
┌ Warning: At t=0.13782811002940865, dt was forced below floating point epsilon 2.7755575615628914e-17, and step error estimate = 1.2546464200132632. Aborting. There is either an error in your model specification or the true solution is unstable (or the true solution can not be represented in the precision of Float64).
└ @ SciMLBase ~/.julia/packages/SciMLBase/VW1cI/src/integrator_interface.jl:623
┌ Warning: At t=-0.9388667915600093, dt was forced below floating point epsilon 1.1102230246251565e-16, and step error estimate = 1.306223736370685. Aborting. There is either an error in your model specification or the true solution is unstable (or the true solution can not be represented in the precision of Float64).
└ @ SciMLBase ~/.julia/packages/SciMLBase/VW1cI/src/integrator_interface.jl:623
┌ Warning: At t=-0.0441064333735978, dt was forced below floating point epsilon 6.938893903907228e-18, and step error estimate = 1.1302723937945829. Aborting. There is either an error in your model specification or the true solution is unstable (or the true solution can not be represented in the precision of Float64).
└ @ SciMLBase ~/.julia/packages/SciMLBase/VW1cI/src/integrator_interface.jl:623
┌ Warning: At t=-0.47166605656805527, dt was forced below floating point epsilon 5.551115123125783e-17, and step error estimate = NaN. Aborting. There is either an error in your model specification or the true solution is unstable (or the true solution can not be represented in the precision of Float64).
└ @ SciMLBase ~/.julia/packages/SciMLBase/VW1cI/src/integrator_interface.jl:623
┌ Warning: At t=-0.21999999742843582, dt was forced below floating point epsilon 2.7755575615628914e-17, and step error estimate = NaN. Aborting. There is either an error in your model specification or the true solution is unstable (or the true solution can not be represented in the precision of Float64).
└ @ SciMLBase ~/.julia/packages/SciMLBase/VW1cI/src/integrator_interface.jl:623
┌ Warning: At t=-0.9511818053494073, dt was forced below floating point epsilon 1.1102230246251565e-16, and step error estimate = 1.2597804802472086. Aborting. There is either an error in your model specification or the true solution is unstable (or the true solution can not be represented in the precision of Float64).
└ @ SciMLBase ~/.julia/packages/SciMLBase/VW1cI/src/integrator_interface.jl:623
┌ Warning: At t=-0.9959265260999867, dt was forced below floating point epsilon 1.1102230246251565e-16, and step error estimate = 1.0638535831395577. Aborting. There is either an error in your model specification or the true solution is unstable (or the true solution can not be represented in the precision of Float64).
└ @ SciMLBase ~/.julia/packages/SciMLBase/VW1cI/src/integrator_interface.jl:623
┌ Warning: At t=-1.0, dt was forced below floating point epsilon 2.220446049250313e-16, and step error estimate = NaN. Aborting. There is either an error in your model specification or the true solution is unstable (or the true solution can not be represented in the precision of Float64).
└ @ SciMLBase ~/.julia/packages/SciMLBase/VW1cI/src/integrator_interface.jl:623
┌ Warning: At t=-0.21999995706458644, dt was forced below floating point epsilon 2.7755575615628914e-17, and step error estimate = NaN. Aborting. There is either an error in your model specification or the true solution is unstable (or the true solution can not be represented in the precision of Float64).
└ @ SciMLBase ~/.julia/packages/SciMLBase/VW1cI/src/integrator_interface.jl:623
┌ Warning: At t=-0.8752123047709901, dt was forced below floating point epsilon 1.1102230246251565e-16, and step error estimate = 22.090057584367123. Aborting. There is either an error in your model specification or the true solution is unstable (or the true solution can not be represented in the precision of Float64).
└ @ SciMLBase ~/.julia/packages/SciMLBase/VW1cI/src/integrator_interface.jl:623
┌ Warning: At t=-0.6370688628061618, dt was forced below floating point epsilon 1.1102230246251565e-16, and step error estimate = 1.2262707273037405. Aborting. There is either an error in your model specification or the true solution is unstable (or the true solution can not be represented in the precision of Float64).
└ @ SciMLBase ~/.julia/packages/SciMLBase/VW1cI/src/integrator_interface.jl:623
┌ Warning: At t=-1.0, dt was forced below floating point epsilon 2.220446049250313e-16, and step error estimate = NaN. Aborting. There is either an error in your model specification or the true solution is unstable (or the true solution can not be represented in the precision of Float64).
└ @ SciMLBase ~/.julia/packages/SciMLBase/VW1cI/src/integrator_interface.jl:623
┌ Warning: At t=-0.6825920385656108, dt was forced below floating point epsilon 1.1102230246251565e-16, and step error estimate = NaN. Aborting. There is either an error in your model specification or the true solution is unstable (or the true solution can not be represented in the precision of Float64).
└ @ SciMLBase ~/.julia/packages/SciMLBase/VW1cI/src/integrator_interface.jl:623
┌ Warning: At t=-0.014819185594703113, dt was forced below floating point epsilon 1.734723475976807e-18, and step error estimate = 3.18387285248857. Aborting. There is either an error in your model specification or the true solution is unstable (or the true solution can not be represented in the precision of Float64).
└ @ SciMLBase ~/.julia/packages/SciMLBase/VW1cI/src/integrator_interface.jl:623
┌ Warning: At t=-0.937836214157114, dt was forced below floating point epsilon 1.1102230246251565e-16, and step error estimate = 1.0570445319818451. Aborting. There is either an error in your model specification or the true solution is unstable (or the true solution can not be represented in the precision of Float64).
└ @ SciMLBase ~/.julia/packages/SciMLBase/VW1cI/src/integrator_interface.jl:623
┌ Warning: At t=-0.22000000107463372, dt was forced below floating point epsilon 2.7755575615628914e-17, and step error estimate = NaN. Aborting. There is either an error in your model specification or the true solution is unstable (or the true solution can not be represented in the precision of Float64).
└ @ SciMLBase ~/.julia/packages/SciMLBase/VW1cI/src/integrator_interface.jl:623
┌ Warning: At t=-0.2199999996634766, dt was forced below floating point epsilon 2.7755575615628914e-17, and step error estimate = NaN. Aborting. There is either an error in your model specification or the true solution is unstable (or the true solution can not be represented in the precision of Float64).
└ @ SciMLBase ~/.julia/packages/SciMLBase/VW1cI/src/integrator_interface.jl:623
┌ Warning: At t=-0.08354654388558959, dt was forced below floating point epsilon 1.3877787807814457e-17, and step error estimate = 9.860763425800211. Aborting. There is either an error in your model specification or the true solution is unstable (or the true solution can not be represented in the precision of Float64).
└ @ SciMLBase ~/.julia/packages/SciMLBase/VW1cI/src/integrator_interface.jl:623
┌ Warning: At t=-0.21999643480087308, dt was forced below floating point epsilon 2.7755575615628914e-17, and step error estimate = NaN. Aborting. There is either an error in your model specification or the true solution is unstable (or the true solution can not be represented in the precision of Float64).
└ @ SciMLBase ~/.julia/packages/SciMLBase/VW1cI/src/integrator_interface.jl:623
┌ Warning: At t=0.7512244587165222, dt was forced below floating point epsilon 1.1102230246251565e-16, and step error estimate = 32.4459100629341. Aborting. There is either an error in your model specification or the true solution is unstable (or the true solution can not be represented in the precision of Float64).
└ @ SciMLBase ~/.julia/packages/SciMLBase/VW1cI/src/integrator_interface.jl:623
┌ Warning: At t=-1.0, dt was forced below floating point epsilon 2.220446049250313e-16, and step error estimate = NaN. Aborting. There is either an error in your model specification or the true solution is unstable (or the true solution can not be represented in the precision of Float64).
└ @ SciMLBase ~/.julia/packages/SciMLBase/VW1cI/src/integrator_interface.jl:623
┌ Warning: At t=-1.0, dt was forced below floating point epsilon 2.220446049250313e-16, and step error estimate = NaN. Aborting. There is either an error in your model specification or the true solution is unstable (or the true solution can not be represented in the precision of Float64).
└ @ SciMLBase ~/.julia/packages/SciMLBase/VW1cI/src/integrator_interface.jl:623
┌ Warning: At t=-0.8549699384429661, dt was forced below floating point epsilon 1.1102230246251565e-16, and step error estimate = 1.2154943259276927. Aborting. There is either an error in your model specification or the true solution is unstable (or the true solution can not be represented in the precision of Float64).
└ @ SciMLBase ~/.julia/packages/SciMLBase/VW1cI/src/integrator_interface.jl:623
┌ Warning: At t=-0.8549699384429661, dt was forced below floating point epsilon 1.1102230246251565e-16, and step error estimate = 1.2154943259276927. Aborting. There is either an error in your model specification or the true solution is unstable (or the true solution can not be represented in the precision of Float64).
└ @ SciMLBase ~/.julia/packages/SciMLBase/VW1cI/src/integrator_interface.jl:623
┌ Warning: At t=-0.7029452805406333, dt was forced below floating point epsilon 1.1102230246251565e-16, and step error estimate = 1.3270271327521483. Aborting. There is either an error in your model specification or the true solution is unstable (or the true solution can not be represented in the precision of Float64).
└ @ SciMLBase ~/.julia/packages/SciMLBase/VW1cI/src/integrator_interface.jl:623
┌ Warning: At t=0.022539108575983784, dt was forced below floating point epsilon 3.469446951953614e-18, and step error estimate = NaN. Aborting. There is either an error in your model specification or the true solution is unstable (or the true solution can not be represented in the precision of Float64).
└ @ SciMLBase ~/.julia/packages/SciMLBase/VW1cI/src/integrator_interface.jl:623
┌ Warning: At t=-0.07736461952614603, dt was forced below floating point epsilon 1.3877787807814457e-17, and step error estimate = 1.299762886476296. Aborting. There is either an error in your model specification or the true solution is unstable (or the true solution can not be represented in the precision of Float64).
└ @ SciMLBase ~/.julia/packages/SciMLBase/VW1cI/src/integrator_interface.jl:623
┌ Warning: At t=-0.21999808769969098, dt was forced below floating point epsilon 2.7755575615628914e-17, and step error estimate = NaN. Aborting. There is either an error in your model specification or the true solution is unstable (or the true solution can not be represented in the precision of Float64).
└ @ SciMLBase ~/.julia/packages/SciMLBase/VW1cI/src/integrator_interface.jl:623
┌ Warning: At t=-1.0, dt was forced below floating point epsilon 2.220446049250313e-16, and step error estimate = 2.3076164241827247e6. Aborting. There is either an error in your model specification or the true solution is unstable (or the true solution can not be represented in the precision of Float64).
└ @ SciMLBase ~/.julia/packages/SciMLBase/VW1cI/src/integrator_interface.jl:623
┌ Warning: At t=-0.9955597534274844, dt was forced below floating point epsilon 1.1102230246251565e-16, and step error estimate = NaN. Aborting. There is either an error in your model specification or the true solution is unstable (or the true solution can not be represented in the precision of Float64).
└ @ SciMLBase ~/.julia/packages/SciMLBase/VW1cI/src/integrator_interface.jl:623
┌ Warning: At t=-1.0, dt was forced below floating point epsilon 2.220446049250313e-16, and step error estimate = 2.672095459961484e6. Aborting. There is either an error in your model specification or the true solution is unstable (or the true solution can not be represented in the precision of Float64).
└ @ SciMLBase ~/.julia/packages/SciMLBase/VW1cI/src/integrator_interface.jl:623
┌ Warning: At t=-0.21999668051496615, dt was forced below floating point epsilon 2.7755575615628914e-17, and step error estimate = NaN. Aborting. There is either an error in your model specification or the true solution is unstable (or the true solution can not be represented in the precision of Float64).
└ @ SciMLBase ~/.julia/packages/SciMLBase/VW1cI/src/integrator_interface.jl:623
┌ Warning: At t=-0.7621122703318961, dt was forced below floating point epsilon 1.1102230246251565e-16, and step error estimate = NaN. Aborting. There is either an error in your model specification or the true solution is unstable (or the true solution can not be represented in the precision of Float64).
└ @ SciMLBase ~/.julia/packages/SciMLBase/VW1cI/src/integrator_interface.jl:623
┌ Warning: At t=-0.8212628988257987, dt was forced below floating point epsilon 1.1102230246251565e-16, and step error estimate = NaN. Aborting. There is either an error in your model specification or the true solution is unstable (or the true solution can not be represented in the precision of Float64).
└ @ SciMLBase ~/.julia/packages/SciMLBase/VW1cI/src/integrator_interface.jl:623
┌ Warning: At t=-1.0, dt was forced below floating point epsilon 2.220446049250313e-16, and step error estimate = NaN. Aborting. There is either an error in your model specification or the true solution is unstable (or the true solution can not be represented in the precision of Float64).
└ @ SciMLBase ~/.julia/packages/SciMLBase/VW1cI/src/integrator_interface.jl:623
┌ Warning: At t=-1.0, dt was forced below floating point epsilon 2.220446049250313e-16, and step error estimate = 198.07907389351735. Aborting. There is either an error in your model specification or the true solution is unstable (or the true solution can not be represented in the precision of Float64).
└ @ SciMLBase ~/.julia/packages/SciMLBase/VW1cI/src/integrator_interface.jl:623
┌ Warning: At t=-0.8920330290602192, dt was forced below floating point epsilon 1.1102230246251565e-16, and step error estimate = NaN. Aborting. There is either an error in your model specification or the true solution is unstable (or the true solution can not be represented in the precision of Float64).
└ @ SciMLBase ~/.julia/packages/SciMLBase/VW1cI/src/integrator_interface.jl:623
┌ Warning: At t=-0.21648315183354716, dt was forced below floating point epsilon 2.7755575615628914e-17, and step error estimate = 1.8092980721463532. Aborting. There is either an error in your model specification or the true solution is unstable (or the true solution can not be represented in the precision of Float64).
└ @ SciMLBase ~/.julia/packages/SciMLBase/VW1cI/src/integrator_interface.jl:623
┌ Warning: At t=-0.990119774634772, dt was forced below floating point epsilon 1.1102230246251565e-16, and step error estimate = 1.1640474598765185. Aborting. There is either an error in your model specification or the true solution is unstable (or the true solution can not be represented in the precision of Float64).
└ @ SciMLBase ~/.julia/packages/SciMLBase/VW1cI/src/integrator_interface.jl:623
┌ Warning: At t=-0.0644665104060969, dt was forced below floating point epsilon 1.3877787807814457e-17, and step error estimate = 1.3767096300037007. Aborting. There is either an error in your model specification or the true solution is unstable (or the true solution can not be represented in the precision of Float64).
└ @ SciMLBase ~/.julia/packages/SciMLBase/VW1cI/src/integrator_interface.jl:623
┌ Warning: At t=0.8723514014558985, dt was forced below floating point epsilon 1.1102230246251565e-16, and step error estimate = 1.0114717242231395. Aborting. There is either an error in your model specification or the true solution is unstable (or the true solution can not be represented in the precision of Float64).
└ @ SciMLBase ~/.julia/packages/SciMLBase/VW1cI/src/integrator_interface.jl:623
┌ Warning: At t=-0.9953261777466496, dt was forced below floating point epsilon 1.1102230246251565e-16, and step error estimate = NaN. Aborting. There is either an error in your model specification or the true solution is unstable (or the true solution can not be represented in the precision of Float64).
└ @ SciMLBase ~/.julia/packages/SciMLBase/VW1cI/src/integrator_interface.jl:623
┌ Warning: At t=-0.040010542938669146, dt was forced below floating point epsilon 6.938893903907228e-18, and step error estimate = 271.39988315902013. Aborting. There is either an error in your model specification or the true solution is unstable (or the true solution can not be represented in the precision of Float64).
└ @ SciMLBase ~/.julia/packages/SciMLBase/VW1cI/src/integrator_interface.jl:623
┌ Warning: At t=-0.2199991815912725, dt was forced below floating point epsilon 2.7755575615628914e-17, and step error estimate = NaN. Aborting. There is either an error in your model specification or the true solution is unstable (or the true solution can not be represented in the precision of Float64).
└ @ SciMLBase ~/.julia/packages/SciMLBase/VW1cI/src/integrator_interface.jl:623
┌ Warning: At t=0.412045441045423, dt was forced below floating point epsilon 5.551115123125783e-17, and step error estimate = 114.76476348507548. Aborting. There is either an error in your model specification or the true solution is unstable (or the true solution can not be represented in the precision of Float64).
└ @ SciMLBase ~/.julia/packages/SciMLBase/VW1cI/src/integrator_interface.jl:623
┌ Warning: At t=-0.21999985131485764, dt was forced below floating point epsilon 2.7755575615628914e-17, and step error estimate = NaN. Aborting. There is either an error in your model specification or the true solution is unstable (or the true solution can not be represented in the precision of Float64).
└ @ SciMLBase ~/.julia/packages/SciMLBase/VW1cI/src/integrator_interface.jl:623
┌ Warning: At t=-1.0, dt was forced below floating point epsilon 2.220446049250313e-16, and step error estimate = 5.0834642075345224e8. Aborting. There is either an error in your model specification or the true solution is unstable (or the true solution can not be represented in the precision of Float64).
└ @ SciMLBase ~/.julia/packages/SciMLBase/VW1cI/src/integrator_interface.jl:623
┌ Warning: At t=-0.9999999999999971, dt was forced below floating point epsilon 1.1102230246251565e-16, and step error estimate = NaN. Aborting. There is either an error in your model specification or the true solution is unstable (or the true solution can not be represented in the precision of Float64).
└ @ SciMLBase ~/.julia/packages/SciMLBase/VW1cI/src/integrator_interface.jl:623
┌ Warning: At t=-0.21999985012879375, dt was forced below floating point epsilon 2.7755575615628914e-17, and step error estimate = NaN. Aborting. There is either an error in your model specification or the true solution is unstable (or the true solution can not be represented in the precision of Float64).
└ @ SciMLBase ~/.julia/packages/SciMLBase/VW1cI/src/integrator_interface.jl:623
┌ Warning: At t=-0.9656272803013477, dt was forced below floating point epsilon 1.1102230246251565e-16, and step error estimate = NaN. Aborting. There is either an error in your model specification or the true solution is unstable (or the true solution can not be represented in the precision of Float64).
└ @ SciMLBase ~/.julia/packages/SciMLBase/VW1cI/src/integrator_interface.jl:623
┌ Warning: At t=-1.0, dt was forced below floating point epsilon 2.220446049250313e-16, and step error estimate = NaN. Aborting. There is either an error in your model specification or the true solution is unstable (or the true solution can not be represented in the precision of Float64).
└ @ SciMLBase ~/.julia/packages/SciMLBase/VW1cI/src/integrator_interface.jl:623
┌ Warning: At t=-0.18678484478464763, dt was forced below floating point epsilon 2.7755575615628914e-17, and step error estimate = 1.1274836354751352. Aborting. There is either an error in your model specification or the true solution is unstable (or the true solution can not be represented in the precision of Float64).
└ @ SciMLBase ~/.julia/packages/SciMLBase/VW1cI/src/integrator_interface.jl:623
┌ Warning: At t=-0.21999999942611956, dt was forced below floating point epsilon 2.7755575615628914e-17, and step error estimate = NaN. Aborting. There is either an error in your model specification or the true solution is unstable (or the true solution can not be represented in the precision of Float64).
└ @ SciMLBase ~/.julia/packages/SciMLBase/VW1cI/src/integrator_interface.jl:623
┌ Warning: At t=0.9660339572910905, dt was forced below floating point epsilon 1.1102230246251565e-16, and step error estimate = 1.0098926233482008. Aborting. There is either an error in your model specification or the true solution is unstable (or the true solution can not be represented in the precision of Float64).
└ @ SciMLBase ~/.julia/packages/SciMLBase/VW1cI/src/integrator_interface.jl:623
┌ Warning: At t=-0.7691385858977655, dt was forced below floating point epsilon 1.1102230246251565e-16, and step error estimate = 1.26265706694974. Aborting. There is either an error in your model specification or the true solution is unstable (or the true solution can not be represented in the precision of Float64).
└ @ SciMLBase ~/.julia/packages/SciMLBase/VW1cI/src/integrator_interface.jl:623
┌ Warning: At t=-0.21999999620917768, dt was forced below floating point epsilon 2.7755575615628914e-17, and step error estimate = NaN. Aborting. There is either an error in your model specification or the true solution is unstable (or the true solution can not be represented in the precision of Float64).
└ @ SciMLBase ~/.julia/packages/SciMLBase/VW1cI/src/integrator_interface.jl:623
┌ Warning: At t=-1.0, dt was forced below floating point epsilon 2.220446049250313e-16, and step error estimate = NaN. Aborting. There is either an error in your model specification or the true solution is unstable (or the true solution can not be represented in the precision of Float64).
└ @ SciMLBase ~/.julia/packages/SciMLBase/VW1cI/src/integrator_interface.jl:623
┌ Warning: At t=0.43137679684502644, dt was forced below floating point epsilon 5.551115123125783e-17, and step error estimate = 1.0744028476853338. Aborting. There is either an error in your model specification or the true solution is unstable (or the true solution can not be represented in the precision of Float64).
└ @ SciMLBase ~/.julia/packages/SciMLBase/VW1cI/src/integrator_interface.jl:623
┌ Warning: At t=-0.14951259697041022, dt was forced below floating point epsilon 2.7755575615628914e-17, and step error estimate = 1.003810819341687. Aborting. There is either an error in your model specification or the true solution is unstable (or the true solution can not be represented in the precision of Float64).
└ @ SciMLBase ~/.julia/packages/SciMLBase/VW1cI/src/integrator_interface.jl:623
┌ Warning: At t=-0.8920330290602192, dt was forced below floating point epsilon 1.1102230246251565e-16, and step error estimate = NaN. Aborting. There is either an error in your model specification or the true solution is unstable (or the true solution can not be represented in the precision of Float64).
└ @ SciMLBase ~/.julia/packages/SciMLBase/VW1cI/src/integrator_interface.jl:623
┌ Warning: At t=-1.0, dt was forced below floating point epsilon 2.220446049250313e-16, and step error estimate = 2.215418359088794e6. Aborting. There is either an error in your model specification or the true solution is unstable (or the true solution can not be represented in the precision of Float64).
└ @ SciMLBase ~/.julia/packages/SciMLBase/VW1cI/src/integrator_interface.jl:623
┌ Warning: At t=0.11315616609782876, dt was forced below floating point epsilon 1.3877787807814457e-17, and step error estimate = 1.1918496713345443. Aborting. There is either an error in your model specification or the true solution is unstable (or the true solution can not be represented in the precision of Float64).
└ @ SciMLBase ~/.julia/packages/SciMLBase/VW1cI/src/integrator_interface.jl:623
┌ Warning: At t=-0.7950586292975169, dt was forced below floating point epsilon 1.1102230246251565e-16, and step error estimate = 1.0458480377441535. Aborting. There is either an error in your model specification or the true solution is unstable (or the true solution can not be represented in the precision of Float64).
└ @ SciMLBase ~/.julia/packages/SciMLBase/VW1cI/src/integrator_interface.jl:623
┌ Warning: At t=-0.08308377545143023, dt was forced below floating point epsilon 1.3877787807814457e-17, and step error estimate = 1.366332962107557. Aborting. There is either an error in your model specification or the true solution is unstable (or the true solution can not be represented in the precision of Float64).
└ @ SciMLBase ~/.julia/packages/SciMLBase/VW1cI/src/integrator_interface.jl:623
┌ Warning: At t=-0.2029069135877286, dt was forced below floating point epsilon 2.7755575615628914e-17, and step error estimate = 1.2505107982756878. Aborting. There is either an error in your model specification or the true solution is unstable (or the true solution can not be represented in the precision of Float64).
└ @ SciMLBase ~/.julia/packages/SciMLBase/VW1cI/src/integrator_interface.jl:623
┌ Warning: At t=-0.7029452805406333, dt was forced below floating point epsilon 1.1102230246251565e-16, and step error estimate = 1.3270271327521483. Aborting. There is either an error in your model specification or the true solution is unstable (or the true solution can not be represented in the precision of Float64).
└ @ SciMLBase ~/.julia/packages/SciMLBase/VW1cI/src/integrator_interface.jl:623
┌ Warning: At t=-0.21493817902484827, dt was forced below floating point epsilon 2.7755575615628914e-17, and step error estimate = NaN. Aborting. There is either an error in your model specification or the true solution is unstable (or the true solution can not be represented in the precision of Float64).
└ @ SciMLBase ~/.julia/packages/SciMLBase/VW1cI/src/integrator_interface.jl:623
┌ Warning: At t=-0.9999999738799903, dt was forced below floating point epsilon 1.1102230246251565e-16, and step error estimate = 2.6733142069340614. Aborting. There is either an error in your model specification or the true solution is unstable (or the true solution can not be represented in the precision of Float64).
└ @ SciMLBase ~/.julia/packages/SciMLBase/VW1cI/src/integrator_interface.jl:623
┌ Warning: At t=-1.0, dt was forced below floating point epsilon 2.220446049250313e-16, and step error estimate = 5.12462238910135e8. Aborting. There is either an error in your model specification or the true solution is unstable (or the true solution can not be represented in the precision of Float64).
└ @ SciMLBase ~/.julia/packages/SciMLBase/VW1cI/src/integrator_interface.jl:623
┌ Warning: At t=0.03219019862111344, dt was forced below floating point epsilon 6.938893903907228e-18, and step error estimate = 15.488514971622527. Aborting. There is either an error in your model specification or the true solution is unstable (or the true solution can not be represented in the precision of Float64).
└ @ SciMLBase ~/.julia/packages/SciMLBase/VW1cI/src/integrator_interface.jl:623
┌ Warning: At t=-0.0075791645417950205, dt was forced below floating point epsilon 8.673617379884035e-19, and step error estimate = 17.80382896866937. Aborting. There is either an error in your model specification or the true solution is unstable (or the true solution can not be represented in the precision of Float64).
└ @ SciMLBase ~/.julia/packages/SciMLBase/VW1cI/src/integrator_interface.jl:623
┌ Warning: At t=0.1386857993968777, dt was forced below floating point epsilon 2.7755575615628914e-17, and step error estimate = 503.97177913640905. Aborting. There is either an error in your model specification or the true solution is unstable (or the true solution can not be represented in the precision of Float64).
└ @ SciMLBase ~/.julia/packages/SciMLBase/VW1cI/src/integrator_interface.jl:623
┌ Warning: At t=-0.5410909337266011, dt was forced below floating point epsilon 1.1102230246251565e-16, and step error estimate = NaN. Aborting. There is either an error in your model specification or the true solution is unstable (or the true solution can not be represented in the precision of Float64).
└ @ SciMLBase ~/.julia/packages/SciMLBase/VW1cI/src/integrator_interface.jl:623
┌ Warning: At t=0.9015942113506734, dt was forced below floating point epsilon 1.1102230246251565e-16, and step error estimate = 1.1549998448342467. Aborting. There is either an error in your model specification or the true solution is unstable (or the true solution can not be represented in the precision of Float64).
└ @ SciMLBase ~/.julia/packages/SciMLBase/VW1cI/src/integrator_interface.jl:623
┌ Warning: At t=0.7694505055649422, dt was forced below floating point epsilon 1.1102230246251565e-16, and step error estimate = 1.161339014237244. Aborting. There is either an error in your model specification or the true solution is unstable (or the true solution can not be represented in the precision of Float64).
└ @ SciMLBase ~/.julia/packages/SciMLBase/VW1cI/src/integrator_interface.jl:623
┌ Warning: At t=-0.9474217617794127, dt was forced below floating point epsilon 1.1102230246251565e-16, and step error estimate = 2.4449486802132663. Aborting. There is either an error in your model specification or the true solution is unstable (or the true solution can not be represented in the precision of Float64).
└ @ SciMLBase ~/.julia/packages/SciMLBase/VW1cI/src/integrator_interface.jl:623
┌ Warning: At t=-0.14951259697041022, dt was forced below floating point epsilon 2.7755575615628914e-17, and step error estimate = 1.003810819341687. Aborting. There is either an error in your model specification or the true solution is unstable (or the true solution can not be represented in the precision of Float64).
└ @ SciMLBase ~/.julia/packages/SciMLBase/VW1cI/src/integrator_interface.jl:623
┌ Warning: At t=-0.21999960293526566, dt was forced below floating point epsilon 2.7755575615628914e-17, and step error estimate = NaN. Aborting. There is either an error in your model specification or the true solution is unstable (or the true solution can not be represented in the precision of Float64).
└ @ SciMLBase ~/.julia/packages/SciMLBase/VW1cI/src/integrator_interface.jl:623
┌ Warning: At t=-0.9953261777466496, dt was forced below floating point epsilon 1.1102230246251565e-16, and step error estimate = NaN. Aborting. There is either an error in your model specification or the true solution is unstable (or the true solution can not be represented in the precision of Float64).
└ @ SciMLBase ~/.julia/packages/SciMLBase/VW1cI/src/integrator_interface.jl:623
┌ Warning: At t=-0.2199993548924193, dt was forced below floating point epsilon 2.7755575615628914e-17, and step error estimate = NaN. Aborting. There is either an error in your model specification or the true solution is unstable (or the true solution can not be represented in the precision of Float64).
└ @ SciMLBase ~/.julia/packages/SciMLBase/VW1cI/src/integrator_interface.jl:623
┌ Warning: At t=-0.21999985131485764, dt was forced below floating point epsilon 2.7755575615628914e-17, and step error estimate = NaN. Aborting. There is either an error in your model specification or the true solution is unstable (or the true solution can not be represented in the precision of Float64).
└ @ SciMLBase ~/.julia/packages/SciMLBase/VW1cI/src/integrator_interface.jl:623
┌ Warning: At t=0.5136544083583566, dt was forced below floating point epsilon 1.1102230246251565e-16, and step error estimate = 1.0601553033933573. Aborting. There is either an error in your model specification or the true solution is unstable (or the true solution can not be represented in the precision of Float64).
└ @ SciMLBase ~/.julia/packages/SciMLBase/VW1cI/src/integrator_interface.jl:623
┌ Warning: At t=-0.21998733145409252, dt was forced below floating point epsilon 2.7755575615628914e-17, and step error estimate = NaN. Aborting. There is either an error in your model specification or the true solution is unstable (or the true solution can not be represented in the precision of Float64).
└ @ SciMLBase ~/.julia/packages/SciMLBase/VW1cI/src/integrator_interface.jl:623
┌ Warning: At t=0.9662320867308885, dt was forced below floating point epsilon 1.1102230246251565e-16, and step error estimate = 1.1804620866768092. Aborting. There is either an error in your model specification or the true solution is unstable (or the true solution can not be represented in the precision of Float64).
└ @ SciMLBase ~/.julia/packages/SciMLBase/VW1cI/src/integrator_interface.jl:623
┌ Warning: At t=0.5327961066620013, dt was forced below floating point epsilon 1.1102230246251565e-16, and step error estimate = 214.464144523361. Aborting. There is either an error in your model specification or the true solution is unstable (or the true solution can not be represented in the precision of Float64).
└ @ SciMLBase ~/.julia/packages/SciMLBase/VW1cI/src/integrator_interface.jl:623
┌ Warning: At t=-1.0, dt was forced below floating point epsilon 2.220446049250313e-16, and step error estimate = 2.215418359088794e6. Aborting. There is either an error in your model specification or the true solution is unstable (or the true solution can not be represented in the precision of Float64).
└ @ SciMLBase ~/.julia/packages/SciMLBase/VW1cI/src/integrator_interface.jl:623
┌ Warning: At t=-0.38573552909178294, dt was forced below floating point epsilon 5.551115123125783e-17, and step error estimate = NaN. Aborting. There is either an error in your model specification or the true solution is unstable (or the true solution can not be represented in the precision of Float64).
└ @ SciMLBase ~/.julia/packages/SciMLBase/VW1cI/src/integrator_interface.jl:623
┌ Warning: At t=0.1386857993968777, dt was forced below floating point epsilon 2.7755575615628914e-17, and step error estimate = 503.97177913640905. Aborting. There is either an error in your model specification or the true solution is unstable (or the true solution can not be represented in the precision of Float64).
└ @ SciMLBase ~/.julia/packages/SciMLBase/VW1cI/src/integrator_interface.jl:623
┌ Warning: At t=0.8862514250161259, dt was forced below floating point epsilon 1.1102230246251565e-16, and step error estimate = 1.0509085060068797. Aborting. There is either an error in your model specification or the true solution is unstable (or the true solution can not be represented in the precision of Float64).
└ @ SciMLBase ~/.julia/packages/SciMLBase/VW1cI/src/integrator_interface.jl:623
┌ Warning: At t=-0.43281651447528985, dt was forced below floating point epsilon 5.551115123125783e-17, and step error estimate = 1.4098591305923216. Aborting. There is either an error in your model specification or the true solution is unstable (or the true solution can not be represented in the precision of Float64).
└ @ SciMLBase ~/.julia/packages/SciMLBase/VW1cI/src/integrator_interface.jl:623
┌ Warning: At t=-0.8592320632983429, dt was forced below floating point epsilon 1.1102230246251565e-16, and step error estimate = 3.5384528160585265. Aborting. There is either an error in your model specification or the true solution is unstable (or the true solution can not be represented in the precision of Float64).
└ @ SciMLBase ~/.julia/packages/SciMLBase/VW1cI/src/integrator_interface.jl:623
┌ Warning: At t=-0.9979248324161484, dt was forced below floating point epsilon 1.1102230246251565e-16, and step error estimate = NaN. Aborting. There is either an error in your model specification or the true solution is unstable (or the true solution can not be represented in the precision of Float64).
└ @ SciMLBase ~/.julia/packages/SciMLBase/VW1cI/src/integrator_interface.jl:623
┌ Warning: At t=-0.4431871162347424, dt was forced below floating point epsilon 5.551115123125783e-17, and step error estimate = NaN. Aborting. There is either an error in your model specification or the true solution is unstable (or the true solution can not be represented in the precision of Float64).
└ @ SciMLBase ~/.julia/packages/SciMLBase/VW1cI/src/integrator_interface.jl:623
┌ Warning: At t=-0.9220513770177735, dt was forced below floating point epsilon 1.1102230246251565e-16, and step error estimate = 1.2813205933711875. Aborting. There is either an error in your model specification or the true solution is unstable (or the true solution can not be represented in the precision of Float64).
└ @ SciMLBase ~/.julia/packages/SciMLBase/VW1cI/src/integrator_interface.jl:623
┌ Warning: At t=-0.24547010390969198, dt was forced below floating point epsilon 2.7755575615628914e-17, and step error estimate = 1.3866586002265877. Aborting. There is either an error in your model specification or the true solution is unstable (or the true solution can not be represented in the precision of Float64).
└ @ SciMLBase ~/.julia/packages/SciMLBase/VW1cI/src/integrator_interface.jl:623
┌ Warning: At t=0.022708368565451203, dt was forced below floating point epsilon 3.469446951953614e-18, and step error estimate = NaN. Aborting. There is either an error in your model specification or the true solution is unstable (or the true solution can not be represented in the precision of Float64).
└ @ SciMLBase ~/.julia/packages/SciMLBase/VW1cI/src/integrator_interface.jl:623
┌ Warning: At t=-0.1939533267550796, dt was forced below floating point epsilon 2.7755575615628914e-17, and step error estimate = NaN. Aborting. There is either an error in your model specification or the true solution is unstable (or the true solution can not be represented in the precision of Float64).
└ @ SciMLBase ~/.julia/packages/SciMLBase/VW1cI/src/integrator_interface.jl:623
┌ Warning: At t=-0.202920676102312, dt was forced below floating point epsilon 2.7755575615628914e-17, and step error estimate = 1.0672212543790773. Aborting. There is either an error in your model specification or the true solution is unstable (or the true solution can not be represented in the precision of Float64).
└ @ SciMLBase ~/.julia/packages/SciMLBase/VW1cI/src/integrator_interface.jl:623
┌ Warning: At t=-0.723059815887351, dt was forced below floating point epsilon 1.1102230246251565e-16, and step error estimate = 5.233056725654727. Aborting. There is either an error in your model specification or the true solution is unstable (or the true solution can not be represented in the precision of Float64).
└ @ SciMLBase ~/.julia/packages/SciMLBase/VW1cI/src/integrator_interface.jl:623
┌ Warning: At t=-1.0, dt was forced below floating point epsilon 2.220446049250313e-16, and step error estimate = 68.77339664594597. Aborting. There is either an error in your model specification or the true solution is unstable (or the true solution can not be represented in the precision of Float64).
└ @ SciMLBase ~/.julia/packages/SciMLBase/VW1cI/src/integrator_interface.jl:623
┌ Warning: At t=-1.0, dt was forced below floating point epsilon 2.220446049250313e-16, and step error estimate = 2.672402926891511e6. Aborting. There is either an error in your model specification or the true solution is unstable (or the true solution can not be represented in the precision of Float64).
└ @ SciMLBase ~/.julia/packages/SciMLBase/VW1cI/src/integrator_interface.jl:623
┌ Warning: At t=-0.21999999207286416, dt was forced below floating point epsilon 2.7755575615628914e-17, and step error estimate = NaN. Aborting. There is either an error in your model specification or the true solution is unstable (or the true solution can not be represented in the precision of Float64).
└ @ SciMLBase ~/.julia/packages/SciMLBase/VW1cI/src/integrator_interface.jl:623
┌ Warning: At t=-0.21999999861909614, dt was forced below floating point epsilon 2.7755575615628914e-17, and step error estimate = NaN. Aborting. There is either an error in your model specification or the true solution is unstable (or the true solution can not be represented in the precision of Float64).
└ @ SciMLBase ~/.julia/packages/SciMLBase/VW1cI/src/integrator_interface.jl:623
┌ Warning: At t=0.9660339572910905, dt was forced below floating point epsilon 1.1102230246251565e-16, and step error estimate = 1.0098926233482008. Aborting. There is either an error in your model specification or the true solution is unstable (or the true solution can not be represented in the precision of Float64).
└ @ SciMLBase ~/.julia/packages/SciMLBase/VW1cI/src/integrator_interface.jl:623
┌ Warning: At t=-0.20928759933679522, dt was forced below floating point epsilon 2.7755575615628914e-17, and step error estimate = 19.306269028169414. Aborting. There is either an error in your model specification or the true solution is unstable (or the true solution can not be represented in the precision of Float64).
└ @ SciMLBase ~/.julia/packages/SciMLBase/VW1cI/src/integrator_interface.jl:623
┌ Warning: At t=-0.9561654817918599, dt was forced below floating point epsilon 1.1102230246251565e-16, and step error estimate = NaN. Aborting. There is either an error in your model specification or the true solution is unstable (or the true solution can not be represented in the precision of Float64).
└ @ SciMLBase ~/.julia/packages/SciMLBase/VW1cI/src/integrator_interface.jl:623
┌ Warning: At t=0.27687894884528774, dt was forced below floating point epsilon 5.551115123125783e-17, and step error estimate = 1.0743171436258225. Aborting. There is either an error in your model specification or the true solution is unstable (or the true solution can not be represented in the precision of Float64).
└ @ SciMLBase ~/.julia/packages/SciMLBase/VW1cI/src/integrator_interface.jl:623
┌ Warning: At t=0.5138835625524464, dt was forced below floating point epsilon 1.1102230246251565e-16, and step error estimate = 1.0659325753738291. Aborting. There is either an error in your model specification or the true solution is unstable (or the true solution can not be represented in the precision of Float64).
└ @ SciMLBase ~/.julia/packages/SciMLBase/VW1cI/src/integrator_interface.jl:623
┌ Warning: At t=-0.9223844090609612, dt was forced below floating point epsilon 1.1102230246251565e-16, and step error estimate = 1.0951213944444018. Aborting. There is either an error in your model specification or the true solution is unstable (or the true solution can not be represented in the precision of Float64).
└ @ SciMLBase ~/.julia/packages/SciMLBase/VW1cI/src/integrator_interface.jl:623
┌ Warning: At t=-0.2199999989344937, dt was forced below floating point epsilon 2.7755575615628914e-17, and step error estimate = NaN. Aborting. There is either an error in your model specification or the true solution is unstable (or the true solution can not be represented in the precision of Float64).
└ @ SciMLBase ~/.julia/packages/SciMLBase/VW1cI/src/integrator_interface.jl:623
┌ Warning: At t=0.13782811002940865, dt was forced below floating point epsilon 2.7755575615628914e-17, and step error estimate = 1.2546464200132632. Aborting. There is either an error in your model specification or the true solution is unstable (or the true solution can not be represented in the precision of Float64).
└ @ SciMLBase ~/.julia/packages/SciMLBase/VW1cI/src/integrator_interface.jl:623
┌ Warning: At t=-0.6523831098418938, dt was forced below floating point epsilon 1.1102230246251565e-16, and step error estimate = NaN. Aborting. There is either an error in your model specification or the true solution is unstable (or the true solution can not be represented in the precision of Float64).
└ @ SciMLBase ~/.julia/packages/SciMLBase/VW1cI/src/integrator_interface.jl:623
┌ Warning: At t=-0.8592320632983429, dt was forced below floating point epsilon 1.1102230246251565e-16, and step error estimate = 3.5384528160585265. Aborting. There is either an error in your model specification or the true solution is unstable (or the true solution can not be represented in the precision of Float64).
└ @ SciMLBase ~/.julia/packages/SciMLBase/VW1cI/src/integrator_interface.jl:623
┌ Warning: At t=-0.0075791645417950205, dt was forced below floating point epsilon 8.673617379884035e-19, and step error estimate = 17.80382896866937. Aborting. There is either an error in your model specification or the true solution is unstable (or the true solution can not be represented in the precision of Float64).
└ @ SciMLBase ~/.julia/packages/SciMLBase/VW1cI/src/integrator_interface.jl:623
┌ Warning: At t=-1.0, dt was forced below floating point epsilon 2.220446049250313e-16, and step error estimate = 5.366293078144561e8. Aborting. There is either an error in your model specification or the true solution is unstable (or the true solution can not be represented in the precision of Float64).
└ @ SciMLBase ~/.julia/packages/SciMLBase/VW1cI/src/integrator_interface.jl:623
┌ Warning: At t=0.8154888104995264, dt was forced below floating point epsilon 1.1102230246251565e-16, and step error estimate = 1.1031967045838122. Aborting. There is either an error in your model specification or the true solution is unstable (or the true solution can not be represented in the precision of Float64).
└ @ SciMLBase ~/.julia/packages/SciMLBase/VW1cI/src/integrator_interface.jl:623
┌ Warning: At t=-0.21999999620917768, dt was forced below floating point epsilon 2.7755575615628914e-17, and step error estimate = NaN. Aborting. There is either an error in your model specification or the true solution is unstable (or the true solution can not be represented in the precision of Float64).
└ @ SciMLBase ~/.julia/packages/SciMLBase/VW1cI/src/integrator_interface.jl:623
┌ Warning: At t=-0.3240330864823185, dt was forced below floating point epsilon 5.551115123125783e-17, and step error estimate = 1.102892168636349. Aborting. There is either an error in your model specification or the true solution is unstable (or the true solution can not be represented in the precision of Float64).
└ @ SciMLBase ~/.julia/packages/SciMLBase/VW1cI/src/integrator_interface.jl:623
┌ Warning: At t=-0.9663655870995925, dt was forced below floating point epsilon 1.1102230246251565e-16, and step error estimate = 4.655628370329329. Aborting. There is either an error in your model specification or the true solution is unstable (or the true solution can not be represented in the precision of Float64).
└ @ SciMLBase ~/.julia/packages/SciMLBase/VW1cI/src/integrator_interface.jl:623
┌ Warning: At t=-0.24547010390969198, dt was forced below floating point epsilon 2.7755575615628914e-17, and step error estimate = 1.3866586002265877. Aborting. There is either an error in your model specification or the true solution is unstable (or the true solution can not be represented in the precision of Float64).
└ @ SciMLBase ~/.julia/packages/SciMLBase/VW1cI/src/integrator_interface.jl:623
┌ Warning: At t=-0.029519615115650245, dt was forced below floating point epsilon 3.469446951953614e-18, and step error estimate = 1.0373409801611875. Aborting. There is either an error in your model specification or the true solution is unstable (or the true solution can not be represented in the precision of Float64).
└ @ SciMLBase ~/.julia/packages/SciMLBase/VW1cI/src/integrator_interface.jl:623
┌ Warning: At t=-0.8964741276477214, dt was forced below floating point epsilon 1.1102230246251565e-16, and step error estimate = NaN. Aborting. There is either an error in your model specification or the true solution is unstable (or the true solution can not be represented in the precision of Float64).
└ @ SciMLBase ~/.julia/packages/SciMLBase/VW1cI/src/integrator_interface.jl:623
┌ Warning: At t=-0.9999819349227249, dt was forced below floating point epsilon 1.1102230246251565e-16, and step error estimate = 1.0687734784266811. Aborting. There is either an error in your model specification or the true solution is unstable (or the true solution can not be represented in the precision of Float64).
└ @ SciMLBase ~/.julia/packages/SciMLBase/VW1cI/src/integrator_interface.jl:623
┌ Warning: At t=-0.9675965863285986, dt was forced below floating point epsilon 1.1102230246251565e-16, and step error estimate = NaN. Aborting. There is either an error in your model specification or the true solution is unstable (or the true solution can not be represented in the precision of Float64).
└ @ SciMLBase ~/.julia/packages/SciMLBase/VW1cI/src/integrator_interface.jl:623
┌ Warning: At t=-0.9850967436643461, dt was forced below floating point epsilon 1.1102230246251565e-16, and step error estimate = 45.377314085696284. Aborting. There is either an error in your model specification or the true solution is unstable (or the true solution can not be represented in the precision of Float64).
└ @ SciMLBase ~/.julia/packages/SciMLBase/VW1cI/src/integrator_interface.jl:623
┌ Warning: At t=0.9351092218008495, dt was forced below floating point epsilon 1.1102230246251565e-16, and step error estimate = 33.91575539757479. Aborting. There is either an error in your model specification or the true solution is unstable (or the true solution can not be represented in the precision of Float64).
└ @ SciMLBase ~/.julia/packages/SciMLBase/VW1cI/src/integrator_interface.jl:623
┌ Warning: At t=-1.0, dt was forced below floating point epsilon 2.220446049250313e-16, and step error estimate = 5.334802932624636e8. Aborting. There is either an error in your model specification or the true solution is unstable (or the true solution can not be represented in the precision of Float64).
└ @ SciMLBase ~/.julia/packages/SciMLBase/VW1cI/src/integrator_interface.jl:623
┌ Warning: At t=0.2705690325380992, dt was forced below floating point epsilon 5.551115123125783e-17, and step error estimate = 1.1229523854716852. Aborting. There is either an error in your model specification or the true solution is unstable (or the true solution can not be represented in the precision of Float64).
└ @ SciMLBase ~/.julia/packages/SciMLBase/VW1cI/src/integrator_interface.jl:623
┌ Warning: At t=-1.0, dt was forced below floating point epsilon 2.220446049250313e-16, and step error estimate = 5.116439405656399e8. Aborting. There is either an error in your model specification or the true solution is unstable (or the true solution can not be represented in the precision of Float64).
└ @ SciMLBase ~/.julia/packages/SciMLBase/VW1cI/src/integrator_interface.jl:623
┌ Warning: At t=-0.7628855285122166, dt was forced below floating point epsilon 1.1102230246251565e-16, and step error estimate = 1.1224671896240546. Aborting. There is either an error in your model specification or the true solution is unstable (or the true solution can not be represented in the precision of Float64).
└ @ SciMLBase ~/.julia/packages/SciMLBase/VW1cI/src/integrator_interface.jl:623
┌ Warning: At t=-0.9999999738799903, dt was forced below floating point epsilon 1.1102230246251565e-16, and step error estimate = 2.6733142069340614. Aborting. There is either an error in your model specification or the true solution is unstable (or the true solution can not be represented in the precision of Float64).
└ @ SciMLBase ~/.julia/packages/SciMLBase/VW1cI/src/integrator_interface.jl:623
┌ Warning: At t=-0.21999999942611956, dt was forced below floating point epsilon 2.7755575615628914e-17, and step error estimate = NaN. Aborting. There is either an error in your model specification or the true solution is unstable (or the true solution can not be represented in the precision of Float64).
└ @ SciMLBase ~/.julia/packages/SciMLBase/VW1cI/src/integrator_interface.jl:623
┌ Warning: At t=0.9015942113506734, dt was forced below floating point epsilon 1.1102230246251565e-16, and step error estimate = 1.1549998448342467. Aborting. There is either an error in your model specification or the true solution is unstable (or the true solution can not be represented in the precision of Float64).
└ @ SciMLBase ~/.julia/packages/SciMLBase/VW1cI/src/integrator_interface.jl:623
┌ Warning: At t=-1.0, dt was forced below floating point epsilon 2.220446049250313e-16, and step error estimate = 7.190751999827786. Aborting. There is either an error in your model specification or the true solution is unstable (or the true solution can not be represented in the precision of Float64).
└ @ SciMLBase ~/.julia/packages/SciMLBase/VW1cI/src/integrator_interface.jl:623
┌ Warning: At t=-1.0, dt was forced below floating point epsilon 2.220446049250313e-16, and step error estimate = 2.3101854453581725e6. Aborting. There is either an error in your model specification or the true solution is unstable (or the true solution can not be represented in the precision of Float64).
└ @ SciMLBase ~/.julia/packages/SciMLBase/VW1cI/src/integrator_interface.jl:623
┌ Warning: At t=-0.4873693467998395, dt was forced below floating point epsilon 5.551115123125783e-17, and step error estimate = NaN. Aborting. There is either an error in your model specification or the true solution is unstable (or the true solution can not be represented in the precision of Float64).
└ @ SciMLBase ~/.julia/packages/SciMLBase/VW1cI/src/integrator_interface.jl:623
┌ Warning: At t=0.014053642246326008, dt was forced below floating point epsilon 1.734723475976807e-18, and step error estimate = 1.367783716369627. Aborting. There is either an error in your model specification or the true solution is unstable (or the true solution can not be represented in the precision of Float64).
└ @ SciMLBase ~/.julia/packages/SciMLBase/VW1cI/src/integrator_interface.jl:623
┌ Warning: At t=-1.0, dt was forced below floating point epsilon 2.220446049250313e-16, and step error estimate = 5.116439405656399e8. Aborting. There is either an error in your model specification or the true solution is unstable (or the true solution can not be represented in the precision of Float64).
└ @ SciMLBase ~/.julia/packages/SciMLBase/VW1cI/src/integrator_interface.jl:623
┌ Warning: At t=0.9518464002022379, dt was forced below floating point epsilon 1.1102230246251565e-16, and step error estimate = NaN. Aborting. There is either an error in your model specification or the true solution is unstable (or the true solution can not be represented in the precision of Float64).
└ @ SciMLBase ~/.julia/packages/SciMLBase/VW1cI/src/integrator_interface.jl:623
┌ Warning: At t=-0.47353903291304617, dt was forced below floating point epsilon 5.551115123125783e-17, and step error estimate = 1.0869001555292608. Aborting. There is either an error in your model specification or the true solution is unstable (or the true solution can not be represented in the precision of Float64).
└ @ SciMLBase ~/.julia/packages/SciMLBase/VW1cI/src/integrator_interface.jl:623
┌ Warning: At t=-0.21999999605781445, dt was forced below floating point epsilon 2.7755575615628914e-17, and step error estimate = NaN. Aborting. There is either an error in your model specification or the true solution is unstable (or the true solution can not be represented in the precision of Float64).
└ @ SciMLBase ~/.julia/packages/SciMLBase/VW1cI/src/integrator_interface.jl:623
┌ Warning: At t=-0.9730253782542446, dt was forced below floating point epsilon 1.1102230246251565e-16, and step error estimate = 3.884770814953082. Aborting. There is either an error in your model specification or the true solution is unstable (or the true solution can not be represented in the precision of Float64).
└ @ SciMLBase ~/.julia/packages/SciMLBase/VW1cI/src/integrator_interface.jl:623
┌ Warning: At t=-0.007718183422874107, dt was forced below floating point epsilon 8.673617379884035e-19, and step error estimate = 40.63207093365701. Aborting. There is either an error in your model specification or the true solution is unstable (or the true solution can not be represented in the precision of Float64).
└ @ SciMLBase ~/.julia/packages/SciMLBase/VW1cI/src/integrator_interface.jl:623
┌ Warning: At t=-0.21999747650541238, dt was forced below floating point epsilon 2.7755575615628914e-17, and step error estimate = NaN. Aborting. There is either an error in your model specification or the true solution is unstable (or the true solution can not be represented in the precision of Float64).
└ @ SciMLBase ~/.julia/packages/SciMLBase/VW1cI/src/integrator_interface.jl:623
┌ Warning: At t=-0.9999819349227249, dt was forced below floating point epsilon 1.1102230246251565e-16, and step error estimate = 1.0687734784266811. Aborting. There is either an error in your model specification or the true solution is unstable (or the true solution can not be represented in the precision of Float64).
└ @ SciMLBase ~/.julia/packages/SciMLBase/VW1cI/src/integrator_interface.jl:623
┌ Warning: At t=-0.8766282199922794, dt was forced below floating point epsilon 1.1102230246251565e-16, and step error estimate = 1.1234010057123267. Aborting. There is either an error in your model specification or the true solution is unstable (or the true solution can not be represented in the precision of Float64).
└ @ SciMLBase ~/.julia/packages/SciMLBase/VW1cI/src/integrator_interface.jl:623
┌ Warning: At t=-0.48062911904442435, dt was forced below floating point epsilon 5.551115123125783e-17, and step error estimate = 1.1795255183409339. Aborting. There is either an error in your model specification or the true solution is unstable (or the true solution can not be represented in the precision of Float64).
└ @ SciMLBase ~/.julia/packages/SciMLBase/VW1cI/src/integrator_interface.jl:623
┌ Warning: At t=0.3606730873007459, dt was forced below floating point epsilon 5.551115123125783e-17, and step error estimate = 3643.3174617920017. Aborting. There is either an error in your model specification or the true solution is unstable (or the true solution can not be represented in the precision of Float64).
└ @ SciMLBase ~/.julia/packages/SciMLBase/VW1cI/src/integrator_interface.jl:623
┌ Warning: At t=-0.040010542938669146, dt was forced below floating point epsilon 6.938893903907228e-18, and step error estimate = 271.39988315902013. Aborting. There is either an error in your model specification or the true solution is unstable (or the true solution can not be represented in the precision of Float64).
└ @ SciMLBase ~/.julia/packages/SciMLBase/VW1cI/src/integrator_interface.jl:623
┌ Warning: At t=-0.9467098601985333, dt was forced below floating point epsilon 1.1102230246251565e-16, and step error estimate = NaN. Aborting. There is either an error in your model specification or the true solution is unstable (or the true solution can not be represented in the precision of Float64).
└ @ SciMLBase ~/.julia/packages/SciMLBase/VW1cI/src/integrator_interface.jl:623
┌ Warning: At t=-0.29462065133646553, dt was forced below floating point epsilon 5.551115123125783e-17, and step error estimate = 464.7733653836478. Aborting. There is either an error in your model specification or the true solution is unstable (or the true solution can not be represented in the precision of Float64).
└ @ SciMLBase ~/.julia/packages/SciMLBase/VW1cI/src/integrator_interface.jl:623
┌ Warning: At t=-0.9277196453724353, dt was forced below floating point epsilon 1.1102230246251565e-16, and step error estimate = NaN. Aborting. There is either an error in your model specification or the true solution is unstable (or the true solution can not be represented in the precision of Float64).
└ @ SciMLBase ~/.julia/packages/SciMLBase/VW1cI/src/integrator_interface.jl:623
┌ Warning: At t=-0.15789195328228897, dt was forced below floating point epsilon 2.7755575615628914e-17, and step error estimate = 1.0306399409563056. Aborting. There is either an error in your model specification or the true solution is unstable (or the true solution can not be represented in the precision of Float64).
└ @ SciMLBase ~/.julia/packages/SciMLBase/VW1cI/src/integrator_interface.jl:623
┌ Warning: At t=-0.21999999939206896, dt was forced below floating point epsilon 2.7755575615628914e-17, and step error estimate = NaN. Aborting. There is either an error in your model specification or the true solution is unstable (or the true solution can not be represented in the precision of Float64).
└ @ SciMLBase ~/.julia/packages/SciMLBase/VW1cI/src/integrator_interface.jl:623
┌ Warning: At t=-0.21999999966713626, dt was forced below floating point epsilon 2.7755575615628914e-17, and step error estimate = NaN. Aborting. There is either an error in your model specification or the true solution is unstable (or the true solution can not be represented in the precision of Float64).
└ @ SciMLBase ~/.julia/packages/SciMLBase/VW1cI/src/integrator_interface.jl:623
┌ Warning: At t=-0.21999999939206896, dt was forced below floating point epsilon 2.7755575615628914e-17, and step error estimate = NaN. Aborting. There is either an error in your model specification or the true solution is unstable (or the true solution can not be represented in the precision of Float64).
└ @ SciMLBase ~/.julia/packages/SciMLBase/VW1cI/src/integrator_interface.jl:623
┌ Warning: At t=-0.2199990886554477, dt was forced below floating point epsilon 2.7755575615628914e-17, and step error estimate = NaN. Aborting. There is either an error in your model specification or the true solution is unstable (or the true solution can not be represented in the precision of Float64).
└ @ SciMLBase ~/.julia/packages/SciMLBase/VW1cI/src/integrator_interface.jl:623
┌ Warning: At t=-1.0, dt was forced below floating point epsilon 2.220446049250313e-16, and step error estimate = 158.22778554155173. Aborting. There is either an error in your model specification or the true solution is unstable (or the true solution can not be represented in the precision of Float64).
└ @ SciMLBase ~/.julia/packages/SciMLBase/VW1cI/src/integrator_interface.jl:623
┌ Warning: At t=-0.9730253782542446, dt was forced below floating point epsilon 1.1102230246251565e-16, and step error estimate = 3.884770814953082. Aborting. There is either an error in your model specification or the true solution is unstable (or the true solution can not be represented in the precision of Float64).
└ @ SciMLBase ~/.julia/packages/SciMLBase/VW1cI/src/integrator_interface.jl:623
┌ Warning: At t=-0.21999774784691614, dt was forced below floating point epsilon 2.7755575615628914e-17, and step error estimate = NaN. Aborting. There is either an error in your model specification or the true solution is unstable (or the true solution can not be represented in the precision of Float64).
└ @ SciMLBase ~/.julia/packages/SciMLBase/VW1cI/src/integrator_interface.jl:623
┌ Warning: At t=-0.7950586292975169, dt was forced below floating point epsilon 1.1102230246251565e-16, and step error estimate = 1.0458480377441535. Aborting. There is either an error in your model specification or the true solution is unstable (or the true solution can not be represented in the precision of Float64).
└ @ SciMLBase ~/.julia/packages/SciMLBase/VW1cI/src/integrator_interface.jl:623
┌ Warning: At t=-1.0, dt was forced below floating point epsilon 2.220446049250313e-16, and step error estimate = NaN. Aborting. There is either an error in your model specification or the true solution is unstable (or the true solution can not be represented in the precision of Float64).
└ @ SciMLBase ~/.julia/packages/SciMLBase/VW1cI/src/integrator_interface.jl:623
┌ Warning: At t=-0.09473414280258535, dt was forced below floating point epsilon 1.3877787807814457e-17, and step error estimate = 381.7574827204923. Aborting. There is either an error in your model specification or the true solution is unstable (or the true solution can not be represented in the precision of Float64).
└ @ SciMLBase ~/.julia/packages/SciMLBase/VW1cI/src/integrator_interface.jl:623
┌ Warning: At t=-0.9491004295125502, dt was forced below floating point epsilon 1.1102230246251565e-16, and step error estimate = 1.2412629966700313. Aborting. There is either an error in your model specification or the true solution is unstable (or the true solution can not be represented in the precision of Float64).
└ @ SciMLBase ~/.julia/packages/SciMLBase/VW1cI/src/integrator_interface.jl:623
┌ Warning: At t=-1.0, dt was forced below floating point epsilon 2.220446049250313e-16, and step error estimate = NaN. Aborting. There is either an error in your model specification or the true solution is unstable (or the true solution can not be represented in the precision of Float64).
└ @ SciMLBase ~/.julia/packages/SciMLBase/VW1cI/src/integrator_interface.jl:623
┌ Warning: At t=-0.2908810716357368, dt was forced below floating point epsilon 5.551115123125783e-17, and step error estimate = 1.407076112567838. Aborting. There is either an error in your model specification or the true solution is unstable (or the true solution can not be represented in the precision of Float64).
└ @ SciMLBase ~/.julia/packages/SciMLBase/VW1cI/src/integrator_interface.jl:623
┌ Warning: At t=0.9518464002022379, dt was forced below floating point epsilon 1.1102230246251565e-16, and step error estimate = NaN. Aborting. There is either an error in your model specification or the true solution is unstable (or the true solution can not be represented in the precision of Float64).
└ @ SciMLBase ~/.julia/packages/SciMLBase/VW1cI/src/integrator_interface.jl:623
┌ Warning: At t=-0.03227070247650668, dt was forced below floating point epsilon 6.938893903907228e-18, and step error estimate = 5.070894451672762. Aborting. There is either an error in your model specification or the true solution is unstable (or the true solution can not be represented in the precision of Float64).
└ @ SciMLBase ~/.julia/packages/SciMLBase/VW1cI/src/integrator_interface.jl:623
┌ Warning: At t=-0.9586438540385588, dt was forced below floating point epsilon 1.1102230246251565e-16, and step error estimate = 28.61662988492604. Aborting. There is either an error in your model specification or the true solution is unstable (or the true solution can not be represented in the precision of Float64).
└ @ SciMLBase ~/.julia/packages/SciMLBase/VW1cI/src/integrator_interface.jl:623
┌ Warning: At t=-0.971238564027061, dt was forced below floating point epsilon 1.1102230246251565e-16, and step error estimate = 204.62373920088166. Aborting. There is either an error in your model specification or the true solution is unstable (or the true solution can not be represented in the precision of Float64).
└ @ SciMLBase ~/.julia/packages/SciMLBase/VW1cI/src/integrator_interface.jl:623
┌ Warning: At t=-0.9936313609317026, dt was forced below floating point epsilon 1.1102230246251565e-16, and step error estimate = 92.25110888913636. Aborting. There is either an error in your model specification or the true solution is unstable (or the true solution can not be represented in the precision of Float64).
└ @ SciMLBase ~/.julia/packages/SciMLBase/VW1cI/src/integrator_interface.jl:623
┌ Warning: At t=-0.03816485752483274, dt was forced below floating point epsilon 6.938893903907228e-18, and step error estimate = 1.356552957053119. Aborting. There is either an error in your model specification or the true solution is unstable (or the true solution can not be represented in the precision of Float64).
└ @ SciMLBase ~/.julia/packages/SciMLBase/VW1cI/src/integrator_interface.jl:623
┌ Warning: At t=0.9662320867308885, dt was forced below floating point epsilon 1.1102230246251565e-16, and step error estimate = 1.1804620866768092. Aborting. There is either an error in your model specification or the true solution is unstable (or the true solution can not be represented in the precision of Float64).
└ @ SciMLBase ~/.julia/packages/SciMLBase/VW1cI/src/integrator_interface.jl:623
┌ Warning: At t=0.10609378198798769, dt was forced below floating point epsilon 1.3877787807814457e-17, and step error estimate = 1.381920132845375. Aborting. There is either an error in your model specification or the true solution is unstable (or the true solution can not be represented in the precision of Float64).
└ @ SciMLBase ~/.julia/packages/SciMLBase/VW1cI/src/integrator_interface.jl:623
┌ Warning: At t=-0.6775696700921248, dt was forced below floating point epsilon 1.1102230246251565e-16, and step error estimate = 1.0439277062038013. Aborting. There is either an error in your model specification or the true solution is unstable (or the true solution can not be represented in the precision of Float64).
└ @ SciMLBase ~/.julia/packages/SciMLBase/VW1cI/src/integrator_interface.jl:623
┌ Warning: At t=-1.0, dt was forced below floating point epsilon 2.220446049250313e-16, and step error estimate = 4.837440122141482e8. Aborting. There is either an error in your model specification or the true solution is unstable (or the true solution can not be represented in the precision of Float64).
└ @ SciMLBase ~/.julia/packages/SciMLBase/VW1cI/src/integrator_interface.jl:623
┌ Warning: At t=-1.0, dt was forced below floating point epsilon 2.220446049250313e-16, and step error estimate = 7.243761511500899. Aborting. There is either an error in your model specification or the true solution is unstable (or the true solution can not be represented in the precision of Float64).
└ @ SciMLBase ~/.julia/packages/SciMLBase/VW1cI/src/integrator_interface.jl:623
┌ Warning: At t=0.8862514250161259, dt was forced below floating point epsilon 1.1102230246251565e-16, and step error estimate = 1.0509085060068797. Aborting. There is either an error in your model specification or the true solution is unstable (or the true solution can not be represented in the precision of Float64).
└ @ SciMLBase ~/.julia/packages/SciMLBase/VW1cI/src/integrator_interface.jl:623
┌ Warning: At t=-0.9474217617794127, dt was forced below floating point epsilon 1.1102230246251565e-16, and step error estimate = 2.4449486802132663. Aborting. There is either an error in your model specification or the true solution is unstable (or the true solution can not be represented in the precision of Float64).
└ @ SciMLBase ~/.julia/packages/SciMLBase/VW1cI/src/integrator_interface.jl:623
┌ Warning: At t=-0.03816485752483274, dt was forced below floating point epsilon 6.938893903907228e-18, and step error estimate = 1.356552957053119. Aborting. There is either an error in your model specification or the true solution is unstable (or the true solution can not be represented in the precision of Float64).
└ @ SciMLBase ~/.julia/packages/SciMLBase/VW1cI/src/integrator_interface.jl:623
┌ Warning: At t=-0.9663655870995925, dt was forced below floating point epsilon 1.1102230246251565e-16, and step error estimate = 4.655628370329329. Aborting. There is either an error in your model specification or the true solution is unstable (or the true solution can not be represented in the precision of Float64).
└ @ SciMLBase ~/.julia/packages/SciMLBase/VW1cI/src/integrator_interface.jl:623
┌ Warning: At t=-0.8856115870375859, dt was forced below floating point epsilon 1.1102230246251565e-16, and step error estimate = NaN. Aborting. There is either an error in your model specification or the true solution is unstable (or the true solution can not be represented in the precision of Float64).
└ @ SciMLBase ~/.julia/packages/SciMLBase/VW1cI/src/integrator_interface.jl:623
Optimization improved residual by 0.0002975447273925984 (from 0.0002975447273969567 to 4.3582951111929635e-15)






















































































































































