s(t),deltaLM,p(t),rhoP,deltaNE,rhoE,m(t),muLE,muPL,muLL,muP,e(t),muEE,muPE,n(t),muN,deltaEL,muM
-9.311403640864776e-6,-10.07164381366642,0.46301812625368227,0.38335742409676665,0.14615368630108866,0.6640288083737217,0.7665014686436868,8.681156842579938,1.0174423163842408e-6,-0.0113717954832145,0.5316119192952702,0.11996945776658485,0.3044571845322285,0.27010364112369023,0.24400414993060446,0.4189593182965191,0.4463768728952385,0.4182749217060233
-412.3804557625916,6.2033380854203655,0.46300183557763985,0.3866941624273557,0.1459699794720969,0.657471385875923,639.452836761848,7.509412979831714,-1.6434008728045867e-7,0.009898230787791154,0.5304405880617642,0.11999891013595677,0.2702676291936538,0.29107543767701816,0.24399920755555368,0.41900815745028336,0.44789270764675654,0.3480494922801864
-1.775066416968926e-5,-5.281644632236889,0.46255675473318636,0.3810923785285929,0.26484028870072074,0.6077042150468217,0.7829536906188126,8.333566449307956,0.049011662827673774,-8.674433135982895,0.5338120920338091,0.11837407736556402,0.5481553219277222,0.2347001579300455,0.24869376816704009,0.40156344067110394,0.45611149464055883,0.42670943085050905
-2.3522685320781562,-7.531772338323684,0.46306768779918883,0.3762825109856785,0.14594603578465074,0.6320028405963002,-27.814403999219735,72.61779075287012,0.00021624723844506575,-0.16133874458554312,0.5342559771525173,0.12017786294211105,0.16633451092412202,0.22718672184993163,0.24399575935810627,0.419006763489737,0.4513860251471362,5.397525270306637
0.0003730829325270374,3.225508119917275,0.4629955278679613,0.38668699176379767,0.14596997947209694,0.6574713858759229,4.773228247148761,-100.52819610429574,-7.74817087914095e-6,34.98191694338147,0.5304414826021377,0.11999902493041337,0.27026762919365394,0.2910636583905928,0.2439991720917889,0.41900815745028336,0.4478927076467565,3.3066401729896278
10.372273897980772,1.3439184063933505,0.46293235394917986,0.3819047312470716,0.14603065176212476,0.6520255992146414,-1.101671022995671,-23.80380925487061,-0.00048070385168848457,5.844490038126456,0.5318703897213983,0.12000250993826218,0.22907067091188313,0.26506002125156714,0.24400168679737236,0.418997103176302,0.45057967532035015,3.4913380756047
-1.1716464244658211,-4.396991144825555,0.4631519613931649,0.3681906557003636,0.14540974258724762,0.5407792057198287,-0.12206849967925058,44.91128316663506,0.001229485742807359,-0.20822204382027074,0.5369320866832286,0.12092809273854804,-0.18978458648848862,0.18427225669452207,0.24396812336300874,0.41911635198612485,0.46246629155512253,2.7086904359814192
-18.03321580114038,3.063831435074299,0.4630001108025342,0.3898068423323509,0.14603552709247078,0.6568092514613061,18.831184597787917,12.90160429934086,-0.002141756914186639,0.2291121046509242,0.5073905655964835,0.12000000179421443,0.2667508345509032,0.17370907676407962,0.24400002182895622,0.41898496290908915,0.44809469049189427,-2.8817747304540946
7.866280588089379,-2.6937288096164957,0.46299947400452446,0.3864569319573021,0.1456837990165708,0.7170528796847534,-7.068280497180528,15.671467060227664,7.31389764628637e-5,0.042512994641366715,0.5241868120959304,0.1199999806186423,1.542633559476933,0.33748941339360516,0.24399983531059533,0.41912988223784614,0.32222291586860696,2.049660114659711
-41.31888110789988,4.417128450883788,0.4629897357462298,0.3825801203968393,0.14603065176212468,0.6520255992146419,43.129728857488786,7.113342153366421,1.0506833411448866e-5,0.007095830376525108,0.5317879508776164,0.12000220439132005,0.22907067091188438,0.26620385527715607,0.24400178214877105,0.41899710317630207,0.45057967532035004,0.3593906818749354
-6.285966274677076e-6,-8.32839238550181,0.46299625449254445,0.38659451772687936,0.14600977200409382,0.6567488542019583,0.7474861285943527,9.144863361041905,7.394462313625594e-7,-0.018320646674050797,0.5304655574994128,0.12000169383428567,0.26716788840194905,0.2905510417381777,0.24400052283421714,0.4189981102085145,0.44801826844797277,0.39403162661031604
-8.369447053694936e-5,7.23659113042495,0.46299547364927124,0.38668611958388943,0.1459699794720969,0.657471385875923,0.3874790256747799,-139.020068407542,1.657488835002241e-5,-91.4501255026491,0.530441102605912,0.11999902681724632,0.2702676291936538,0.29106191828983585,0.2439991715111151,0.41900815745028336,0.44789270764675654,-0.7070392661055374
-0.01599863283316683,6.3624249274234534,0.4630092759538755,0.38294763735568665,0.14603065176212468,0.6520255992146419,0.5140521284793224,-109.3391881909926,-0.000312415218067319,-25.580851382529215,0.531758694653992,0.12000195748769021,0.22907067091188438,0.26683724380536233,0.24400185906812097,0.41899710317630207,0.45057967532035004,-1.6178949542695307
-0.3184459294145232,-0.3466824642741435,0.46300011217951087,0.38722560554439256,0.14603552709247086,0.6568092514613058,1.1164429469020491,94.22822214010627,-0.03758318314359108,32.8093112206084,0.5325028848041635,0.12000000178751812,0.26675083455090143,0.17660224020706194,0.244000021831037,0.4189849629090891,0.4480946904918944,0.4769229989419774
0.013627553849147753,2.9997555130832967,0.46300822092684424,0.382910465959361,0.14603065176212468,0.6520255992146419,1.0620298086481894,-78.48233259919753,0.000599532135828776,39.617225250852194,0.5317383837696493,0.12000197564157375,0.22907067091188438,0.26675552998574276,0.24400185341785885,0.41899710317630207,0.45057967532035004,1.7491506391204665
0.5773321408953167,-0.23298744433888735,0.4631308608394266,0.377399309262952,0.14672432792719903,0.6731042531462205,0.049447459347750175,36.57730455057615,-0.002855292520243126,-6.210967861798431,0.5319114786995902,0.1198273659860236,0.3324449668493339,0.2630671169163868,0.24404365602575964,0.4188598833666848,0.44607078653409205,-2.5147373780140834
0.46779402546885035,-1.171506346568126,0.46301784195227885,0.3850792980904775,0.1459733327481913,0.6549424576834477,0.17046794827372921,59.84435925737383,-0.0005015690380348334,-11.66768251813477,0.5307282385883836,0.12001237287254411,0.258834647805417,0.28547606980840795,0.2439988065186974,0.4190054701322354,0.44834356882550175,-3.0323267918772943
-0.030174822136694184,-5.7975439197565874,0.4630001104357798,0.3856254123759771,0.14603552709247078,0.6568092514613061,0.8282242012512361,125.09154964779124,-0.000617353307979095,286.0990496270815,0.5311592384475917,0.12000000179613761,0.2667508345509032,0.2812044635296829,0.24400002182835867,0.41898496290908915,0.44809469049189427,0.7017676260953635
-0.03229230239701902,5.386513000367279,0.46299836775623565,0.3867684076469437,0.1460339442599286,0.6567272414627668,0.6077937632385418,-93.24716125257925,9.662327576193024e-5,-20.823924783406905,0.5304069316127136,0.1200001873392865,0.26663223956831517,0.29183833716614577,0.24400042915124542,0.4189889232287158,0.4480757075812223,-1.4060871468398224
-22.414134410815286,3.671959821586548,0.4630017166410666,0.386893524470858,0.1460339442599286,0.6567272414627668,23.507124556231528,6.87425306063007,-4.174976857233007e-6,0.007048736533395203,0.5303976804543857,0.12000014528869292,0.26663223956831517,0.2920488429785276,0.24400044218149047,0.4189889232287158,0.4480757075812223,0.3451005974098233
1.482095445933457,0.9378132320509229,0.46300382007232804,0.38713752449640254,0.14603394425992824,0.6567272414627683,-0.38918398241888824,-14.69345330036094,0.000164937318819693,4.002761191749004,0.5303680490490259,0.12000012619947802,0.26663223956831894,0.2924521135910011,0.24400044810217614,0.4189889232287159,0.4480757075812222,3.1541569875084985
0.028174853228991274,2.3031897966070183,0.4629986323754237,0.3867813520465089,0.14603394425992824,0.6567272414627683,0.9595775741200336,-64.97930343286671,-0.00017937684758651028,30.530721037714226,0.5304144059296358,0.12000018317610399,0.26663223956831894,0.29186612799818146,0.24400043044035238,0.4189889232287159,0.4480757075812222,1.6803981712715788
0.6101429699017797,-0.224231065685359,0.463559508612638,0.3245377527785071,0.14540974258724762,0.5407792057198284,0.07866028089778483,22.959630252798608,-0.024041130561222347,-3.07548511348551,0.5419867687680402,0.12091661642558858,-0.18978458648849042,0.10524313072334993,0.24397217503152396,0.41911635198612485,0.46246629155512264,-1.3948871438521135
0.07762976739620325,-2.7421530505628797,0.46318915921299214,0.3750432639938944,0.14672432792719903,0.6731042531462205,0.6336661275011386,74.20079342352521,-0.01959761003939609,-71.87589054223521,0.5314655081478767,0.11982507976184664,0.3324449668493339,0.25896715426231004,0.24404434760497964,0.4188598833666848,0.44607078653409205,0.0019194671092574952
0.46323492918859466,-0.8248765317860286,0.463192400227468,0.3620122184436516,0.14594603578465104,0.632002840596299,0.24282429974817332,32.1553777994755,-0.009980949702698208,-5.155326959641311,0.5358294890922354,0.12017435629438551,0.16633451092411855,0.2004880889943577,0.243996870059913,0.4190067634897369,0.4513860251471364,-1.251131368228302
0.12529894396435287,-1.5836939673367627,0.4640130515920791,0.3009706288108311,0.14540974258724762,0.5407792057198287,0.5994650579641806,46.56705662357017,-0.11426760346817441,-27.014375460850232,0.5385627456472802,0.12090302131661539,-0.18978458648848862,0.06064152014252985,0.24397697581558953,0.41911635198612485,0.46246629155512253,0.025574079752742476
0.07054952542409376,-4.093157770524773,0.4630220647685143,0.38484680984126507,0.1459733327481913,0.6549424576834477,0.6532315192165995,96.57797590323912,-0.003094746154391577,-98.21888721750558,0.5306811118972125,0.12001222734376786,0.258834647805417,0.2850258047890175,0.24399885135653301,0.4190054701322354,0.44834356882550175,-0.09995033472688857
-0.0022151156193895277,-3.1746599266659126,0.46305385971599533,0.3828981713653428,0.14672432792719897,0.6731042531462207,0.7399285515602807,11.551797216764811,0.0002950808255547855,-0.0966632576910627,0.5312989772559541,0.11983017320475234,0.33244496684933483,0.2721965129458951,0.24404280620659347,0.4188598833666848,0.446070786534092,0.3934943809883795
0.036569009271381396,6.84773950854878,0.46300010719967866,0.3855607952647901,0.1453747075108183,0.6588308347871821,0.7614307508794435,-87.95890901495585,-0.0005581447388991231,128.73419734759725,0.5311781705108042,0.12000005378568153,0.25190490526152964,0.28112152741118984,0.24399993588388935,0.4192835245200536,0.45019697104038386,0.829780148857342
-0.0748542353804696,-1.3703879821495502,0.46299947400452446,0.38810657249863645,0.14568379901657083,0.7170528796847532,0.8728543262893198,43.71516762546263,0.00936444204587829,44.03299228373383,0.5258468954489411,0.1199999806186423,1.5426335594769318,0.3406560739868496,0.24399983531059533,0.4191298822378461,0.32222291586860696,0.5995629313804474
-3.8754800911867524,7.129660879287006,0.46300010719967866,0.385589737225045,0.1453747075108183,0.6588308347871821,4.673479851337577,7.535357809983409,2.1521274981959922e-7,-0.00020863025222377926,0.5311648720128874,0.12000005378568153,0.25190490526152964,0.2811808763946978,0.24399993588388935,0.4192835245200536,0.45019697104038386,0.4631034631717647
-0.0003667148206974515,-4.622964476975472,0.4630075101421603,0.3858828385832876,0.1459733327481913,0.6549424576834477,0.7422736155388924,10.172381291517995,2.8039450116884775e-5,-0.048003097422309696,0.5306392172435851,0.12001271291261492,0.258834647805417,0.28686335548867176,0.2439987017135978,0.4190054701322354,0.44834356882550175,0.39120664270015876
28.756161376965657,-4.987694682267599,0.46300010719967866,0.38100814679135075,0.14537470751081827,0.6588308347871822,-27.95816161681483,-14.312231544250524,0.0030545757776609833,0.24884907961547525,0.46397490744552977,0.12000005378568153,0.2519049052615309,0.09143079187747186,0.24399993588388935,0.41928352452005363,0.45019697104038375,5.116295828085628
-0.36369831687833737,4.684729955413028,0.4629635605698728,0.38144483405162255,0.14603065176212476,0.6520255992146414,1.0034527712171595,-42.73309671021164,0.004837282648894337,-45.73640554888798,0.5317811304680843,0.12000238970322295,0.22907067091188313,0.26416943298556855,0.24400172433831843,0.418997103176302,0.45057967532035015,0.19936243404863405
0.1377780968659359,-1.9684769981512038,0.463250507888911,0.3573859163796662,0.14594603578465104,0.632002840596299,0.6025816632772891,48.5832233090888,-0.03323384189117925,-23.314130969139033,0.5351206176057582,0.12017266090401096,0.16633451092411855,0.19127229663622272,0.24399740699139452,0.4190067634897369,0.4513860251471364,-0.07787932795446018
0.02424274223691494,6.766207168473987,0.46300010719967866,0.3856044896114767,0.1453747075108183,0.6588308347871821,0.7737570179139099,-136.25318370655876,0.0006873219563759789,404.5239206653887,0.5311514601135185,0.12000005378568153,0.25190490526152964,0.2812037566687658,0.24399993588388935,0.4192835245200536,0.45019697104038386,0.7380519153010746
0.33278138156156295,-0.20315900218877436,0.4686730830225918,-1.4879409626917315,0.14540974258724762,0.5407792057198287,0.4285441315881795,16.46895238722406,-1.324803597007628,-2.5597864641073182,0.699863813280141,0.12080214495944769,-0.18978458648848862,-4.360437167129939,0.24401257818040795,0.41911635198612485,0.46246629155512253,0.16900821847352987
0.37646886952264164,-0.0901103957909677,0.46807794726639895,-1.4774403162367944,0.14672432792719897,0.6731042531462207,0.3837309180222278,14.637797643701633,-1.199410962201373,-1.9275111426896834,0.6829713859498093,0.1196978380120093,0.33244496684933483,-4.152672402851276,0.24408302563187884,0.4188598833666848,0.446070786534092,0.19455731990725147
-0.7183560759914513,0.34401231307925206,0.4630164494122353,0.3873168806056994,0.1459699794720969,0.657471385875923,1.5782512317139499,-68.34583224519915,0.0053023292326322075,-10.5574521804518,0.5306727022412416,0.11999875057757695,0.2702676291936538,0.3263893216999461,0.24399925695642635,0.41900815745028336,0.44789270764675654,0.07749794999062858
-0.0015567841317626016,-4.978142464395925,0.4578507972026985,0.791239774127277,0.14540974258724762,0.5407792057198284,0.7736053186280596,27.682199951813267,4.831013841023378,-230.15756251658286,0.6156434728748036,0.12108451942473103,-0.18978458648849042,0.9398546936835723,0.24391292309908041,0.41911635198612485,0.46246629155512264,0.4451692695204561
-0.023936861431691277,-2.161380450797446,0.4632085793947402,0.37124554301345797,0.1454097425872474,0.5407792057198298,0.7934922196632361,13.861023575937457,0.004512805170438178,-0.21890686994063713,0.536690965562283,0.12092647319757095,-0.18978458648848529,0.1898109759711405,0.24396869515976174,0.41911635198612496,0.4624662915551224,0.46761241795982794
0.016383958981099088,7.6863766975261205,0.4630001116654096,0.38301611223238324,0.14603552709247078,0.6568092514613061,0.7816167254248029,5.391944033202476,-11.874297191951996,-480.957413886746,0.7096382311926976,0.12000000179000331,0.2667508345509032,0.4052009483696573,0.24400002183026528,0.41898496290908915,0.44809469049189427,0.6747395915568001
-0.002566454853825548,-3.8242320505035594,0.46092477322125136,0.558642176780262,0.14672432792719897,0.6731042531462207,0.7748084172688504,18.901077095387453,1.5997408327969076,-142.49370759276673,0.5676805685201952,0.11990270344470522,0.33244496684933483,0.5763603942557955,0.24402083239362543,0.4188598833666848,0.446070786534092,0.44623175792047637
-0.013779992342244918,-2.587239589268396,0.46309111536486053,0.3772572331106266,0.14594603578465104,0.632002840596299,0.7852117252142746,11.584571311960744,0.0011168567255375385,-0.12869076650383346,0.5341603096036968,0.12017720567233404,0.16633451092411855,0.22901141157147104,0.24399596752947172,0.4190067634897369,0.4513860251471364,0.4488281654999111
-0.005421381777273953,-3.6237393756383893,0.4630384309543618,0.38114240659201376,0.1461614931293215,0.6646525437893781,0.7782257222366625,9.991494136416176,0.0001397260243967715,-0.059439898514208375,0.5325014722616545,0.11996942319541486,0.30924953538128175,0.25534067491553736,0.24400438884272638,0.4189567274248366,0.44607547632203265,0.43774033238740906
-0.000769999524534956,-7.007624639435667,0.46258056304323647,0.421035842378001,0.14597333274819116,0.6549424576834482,0.7779785438462399,41.69545831094576,0.5444548274419125,-434.10699603116996,0.5366828538567526,0.12002570103741017,0.25883464780541815,0.35342355370167877,0.24399469519862307,0.4190054701322354,0.4483435688255017,0.4500010840697902
1.3255789283194834,-0.879683332687043,0.45438385719590696,-0.8229326511815808,0.14540974258724762,0.5407792057198284,-0.5423642228156644,-13.816931858881883,2.6577274525010806,2.2099922139706316,-1.1897474765796343,0.12112023646625765,-0.18978458648849042,-19.7681155526756,0.2439003767595001,0.41911635198612485,0.46246629155512264,1.3131561018790852
-0.02371522202401608,5.158447569064446,0.46300010719967866,0.37767426258912035,0.1453747075108183,0.6588308347871821,0.821714982174841,-28.349945938396807,0.053432980613351354,10.791303941264976,0.5311384111186409,0.12000005378568153,0.25190490526152964,0.261413687214632,0.24399993588388935,0.4192835245200536,0.45019697104038386,0.37007819364429667
-0.5834043222757629,0.1362523852289563,0.46302314285527585,0.39274045194079177,0.14615368630108866,0.6640288083737217,1.3793727671744582,159.34196163855515,-0.252542786872647,32.14788012727319,0.5376330635713495,0.1199693534239015,0.3044571845322285,-0.9715618097490925,0.24400418192163933,0.4189593182965191,0.4463768728952385,0.24889871988707166
-0.0019357864154902903,-5.237977230850011,0.46154156682120157,0.5660577632545727,0.14594603578465074,0.6320028405963002,0.7844748452513012,28.33916820172592,2.3784885793103965,-236.85143725254812,0.5716516080753431,0.12022039772913275,0.16633451092412202,0.5932019751016219,0.24398228638224204,0.419006763489737,0.4513860251471362,0.464527716597115
-7.671432941582728,0.651692547712127,0.46299947400452446,0.36735993245482323,0.14568379901657083,0.7170528796847532,8.469433032491578,1.2227918728038736,0.003604229282415821,0.042991689480157316,0.5390901158849917,0.1199999806186423,1.5426335594769318,0.3748205064492557,0.24399983531059533,0.4191298822378461,0.32222291586860696,-0.41028010417300403
0.3479998193198305,-0.22878302615173574,0.4639581802952561,-0.6772439749261181,0.14594603578465074,0.6320028405963002,0.4344136382904453,13.740174440138652,-0.789162242526954,-1.230629153014496,0.6565902314639689,0.12015830471166905,0.16633451092412202,-2.5073626695875997,0.2440019632042081,0.419006763489737,0.4513860251471362,0.1839457304183611
0.36205254488026417,-0.17658012572009643,0.46328959763681066,-0.07499208209104434,0.1459733327481913,0.6549424576834477,0.4212285349774616,13.173437634577251,-0.3300450745683974,-1.0952270192859186,0.5814798208152856,0.12000669254078948,0.258834647805417,-0.8969258739436085,0.24400056390373695,0.4190054701322354,0.44834356882550175,0.19905113902453725
-0.00044195324112334387,-10.464048929759551,0.4629503626927707,0.3915751098873431,0.14600977200409385,0.656748854201958,0.7842799385411154,67.11431059305276,0.11810870352062107,-859.9536928205822,0.5313412705235709,0.12000290506117427,0.267167888401948,0.30016991196188353,0.24400014934744324,0.4189981102085145,0.4480182684479729,0.4607048228540481
0.49556686686250667,-0.267016755084663,0.45852250427290947,-1.3607992620291283,0.14540974258724762,0.5407792057198287,0.31037053236579387,2.2188740650262324,-2.175769384818349,1.6121233173010396,1.413340428491565,0.12103631711910413,-0.18978458648848862,-5.018806188553555,0.24392994895300324,0.41911635198612485,0.46246629155512253,0.41308660649598966
-0.6438386659083315,0.37774454518978434,0.46332576662861513,0.46695319916875216,0.14672432792719903,0.6731042531462205,1.4304923464663064,116.37084409683062,-1.7565732612747427,21.469482558770096,0.5769601302755805,0.11982101057040616,0.3324449668493339,-9.208541792498494,0.24404558220235936,0.4188598833666848,0.44607078653409205,0.11352677785352792
-0.577640183624021,0.2455289013510863,0.4635142118552887,0.478818492298349,0.14540974258724762,0.5407792057198287,1.3657424167293841,85.48539877532731,-2.017611485551503,17.389106932611202,0.6227947024285209,0.12091803532939543,-0.18978458648848862,-9.733006223408609,0.2439716739925892,0.41911635198612485,0.46246629155512253,0.20276197551934458
0.09899894018647494,-0.34368047672308444,0.46300010719967866,0.359275265987248,0.1453747075108183,0.6588308347871821,0.6990008199643499,-0.7998514365822318,0.09174317646075777,3.3411998392860984,0.5004479574201207,0.12000005378568153,0.25190490526152964,0.35993084357353256,0.24399993588388935,0.4192835245200536,0.45019697104038386,0.6049324854586273
1.3129543271469288,-0.003934154527630151,0.4597794135368506,-1.5887408621294123,0.14540974258724762,0.5407792057198287,-0.5075405640551576,1.8483911818942698,-0.9768357825829833,0.40932793644462284,1.4543791973762192,0.12100822561361481,-0.18978458648848862,-4.465394536028344,0.2439398541240634,0.41911635198612485,0.46246629155512253,-0.06526340937016827
0.049562116081546925,-0.36041561494270674,0.4629001292333278,0.3672319953183544,0.1403579838607909,0.6904845382195929,0.7480555605996256,-0.8182701120799148,0.09648703594813954,3.306235996186644,0.5079302526658162,0.11990623456852424,0.23525037184698686,0.35927896066098153,0.2439512098910725,0.42083077570536387,0.4594916757109554,0.557658842429139
-0.13788995586753644,1.8178960282876415,0.46300010719967866,0.28039437570227305,0.1453747075108183,0.6588308347871821,0.9358897160183612,-3.6248158080649677,0.16978636353189294,1.2483412954267419,0.5323013702751109,0.12000005378568153,0.25190490526152964,0.06092296009587461,0.24399993588388935,0.4192835245200536,0.45019697104038386,0.273249373942188
-0.004072382045813104,-5.678935631177501,0.4627837470649354,0.5419128123807904,0.13477107950330658,0.6770220076416608,0.8015399389044319,28.304443803764773,2.379312738159293,-236.84909401797614,0.573013943932724,0.11995865544508638,0.14170924225406734,0.596205255393019,0.24385754781771443,0.4225233490875469,0.4619796969483584,0.5130031071837193
0.05486247039812755,1.4328156560341194,0.46299947400452446,0.3908206901905601,0.1456837990165708,0.7170528796847534,0.7431376205107226,-4.807474896628281,-0.11969420171479331,-10.861870920580941,0.5356743908154418,0.1199999806186423,1.542633559476933,0.3181134965671587,0.24399983531059533,0.41912988223784614,0.32222291586860696,0.6506517394113823
1.3372517947481959,-0.8864679670995995,0.4625231573408164,-0.896128963097864,0.16144967927516174,0.5527218281458779,-0.5392353914575546,-13.81800479917733,2.635549044396934,2.214630865578318,-1.1916006086978839,0.12002174170627662,-0.19193526377768103,-19.766008823227004,0.24412704975872204,0.4139210039204403,0.47089061987092923,1.3202998948961813
-0.6796846226400942,1.311257101370455,0.4629996014886078,0.3763147664283007,0.14588371428329414,0.6479428044034684,1.4767880613932574,-30.49900530449338,-0.007243967681911279,-3.6543728132413014,0.5331408230937462,0.12000991517969929,0.19728758596014173,0.18751978294476615,0.2440003406691375,0.41904786934182253,0.4526162218639569,-0.4838566088872987
-0.0017981992211646661,-6.320004571959765,0.462697039033953,0.44683340142293726,0.1461614931293215,0.6646525437893781,0.7908169261988071,35.16637100307718,1.0269285197470086,-316.59573935686507,0.545808148012079,0.11997771563828427,0.30924953538128175,0.3900318336154312,0.244001851580553,0.4189567274248366,0.44607547632203265,0.4791529548687315
0.04670836515536388,1.3283560878661747,0.46301854831479006,0.39361075654375893,0.16919777287308416,0.765692720322467,0.7511175927126786,-4.811634114843046,-0.11962128664983332,-10.866880202744454,0.5360765951990062,0.11993579029879388,1.5322049553042099,0.31771102510943455,0.24418925909121578,0.4114247877316277,0.3606641699931889,0.6222078549356241
-0.006502852346283086,-7.7442469146671895,0.4630001077539334,0.38725999449083376,0.14603552709247078,0.6568092514613061,0.8044983110890627,46.250381329100506,0.045526025197364095,-266.2906524000484,0.531631314670078,0.12000000180837163,0.2667508345509032,0.28619853729980854,0.24400002182455668,0.41898496290908915,0.44809469049189427,0.5542402298974248
1.0985730862248468,0.21289358736368133,0.46217730666746,-0.7643022991381799,0.14672432792719897,0.6731042531462207,-0.30686347242936207,4.177408175175287,-0.45156192233080356,0.13723799152325866,0.7594117993132176,0.11985704628228368,0.33244496684933483,-1.9661347552867445,0.24403465612876574,0.4188598833666848,0.446070786534092,-0.5137431782460561
0.0697306761835015,0.7220653278804147,0.46299947400452446,0.3942683439007044,0.1456837990165708,0.7170528796847534,0.7282694147253487,-4.4741543147056175,-0.09836852059550102,-0.1892908813638002,0.5377052625386717,0.1199999806186423,1.542633559476933,0.31692994628438775,0.24399983531059533,0.41912988223784614,0.32222291586860696,0.6348341870272924
-0.32781648465733476,-0.7333885197763341,0.46300010719967866,0.41258304614703817,0.14537470751081827,0.6588308347871822,1.1258162448081597,-4.067306129188867,0.15000202392967557,-4.860499758084607,0.5676104231639001,0.12000005378568153,0.2519049052615309,0.49138624798544217,0.24399993588388935,0.41928352452005363,0.45019697104038375,0.5473974260701631
-0.6196233931164181,0.2811868733042672,0.46305267180437104,0.40658586804513563,0.1459733327481913,0.6549424576834477,1.4109173007421014,112.60696545797762,-0.42262650830702647,21.449471875777256,0.5437589028337948,0.12001139556773548,0.258834647805417,-1.9220007734351132,0.2439991081337542,0.4190054701322354,0.44834356882550175,0.17150784225966995
-0.5590812823483958,0.21365968195460694,0.4632094471898108,0.44906756745555054,0.14594603578465074,0.6320028405963002,1.3509772070197996,81.07446601262278,-1.1400375933760145,16.88295044882879,0.5852641017168498,0.12017398932320471,0.16633451092412202,-5.216148066969646,0.2439969864599645,0.419006763489737,0.4513860251471362,0.22260735060241085
1.9986622137526677,-1.237461527874316,0.4629997065164296,0.3882260805317941,0.1459699794720969,0.657471385875923,-1.2094643270559233,-20.891253614135373,-0.0031207488391154343,2.0702757626142363,0.5331434440619348,0.11999895133511497,0.2702676291936538,0.32687768376638293,0.24399919482750257,0.41900815745028336,0.44789270764675654,1.666297520237861
-0.0003824814118596354,-14.348703913101753,0.4629691959568002,0.39283190133255147,0.14615368630108866,0.6640288083737217,0.7911091354180734,95.30868075945827,0.3209480735475742,-1397.2849573415365,0.5333105172781805,0.11997049715948856,0.3044571845322285,0.28983463183399877,0.24400383123859795,0.4189593182965191,0.4463768728952385,0.477154778126513
0.4628783065851532,0.44053701550951707,0.45991021863667314,24.31306835134496,0.14540974258724762,0.5407792057198287,0.3373042064645044,4.648770700670922,23.163131783082363,-0.40331826460317016,-2.974862572612668,0.12101845393286184,-0.18978458648848862,31.425509594418912,0.24393623293270994,0.41911635198612485,0.46246629155512253,1.3337610987680137
-4.857490432491537,2.116064245130182,0.4630128467022656,0.42295529540252874,0.14615368630108866,0.6640288083737217,5.64904367773645,33.63141686732758,-0.05037860829012017,1.16331305367904,0.46793240057883123,0.11996957678724703,0.3044571845322285,-1.0864418364252149,0.24400411345377498,0.4189593182965191,0.4463768728952385,-1.70704135327284
-0.7091642755041296,1.1176162025988778,0.46299956729679215,0.3750685805945546,0.14588371428329414,0.6479428044034685,1.5065444962077277,-28.471648984488077,-0.009300310683024402,-3.5143381238486153,0.533038062224472,0.1200099154631742,0.1972875859601421,0.1696301400453827,0.24400034058036044,0.41904786934182253,0.4526162218639569,-0.3858796705566961
-2.2978081477509873,1.0359641029518698,0.4629819490707289,0.4335058757459946,0.14600977200409382,0.6567488542019583,3.0896739448887347,13.313688049717722,-0.04722983569455866,0.9077839407046727,0.51390808437432,0.12000205763035643,0.26716788840194905,-0.2957618662513569,0.24400041063823694,0.4189981102085145,0.44801826844797277,-0.5736542960120328
0.4603779399323034,-0.28857777114026484,0.46301350885203274,-1.147734099569783,0.16638541692594472,0.5293483797582065,0.33782470998905756,2.2466316669187427,-2.2297306931964274,1.5955755810522017,1.4873332745385623,0.12008592594572856,-0.16458544987693852,-5.051844998453066,0.24417387770501467,0.41239903372583747,0.4630478416687187,0.45851006569505665
0.5895749164070314,0.2994409116941611,0.46299947400452446,0.32660392455900644,0.14568379901657083,0.7170528796847532,0.20842517450181877,3.155748371257449,-0.03813134689470155,0.18543168679385044,0.5380626841101739,0.1199999806186423,1.5426335594769318,0.18306300854758106,0.24399983531059533,0.4191298822378461,0.32222291586860696,1.4573843674607865
0.363684644503747,-0.22199040497922454,0.4630082719515303,0.25944935797194224,0.14600977200409382,0.6567488542019583,0.42839771238414304,11.760248171080685,-0.09631233107220288,-0.45252825470644764,0.5482183353813394,0.12000154206924987,0.26716788840194905,-0.054581069235011145,0.2440005699135879,0.4189981102085145,0.44801826844797277,0.20306158516897807
0.11247904685432891,-0.10058028216023812,0.4615575617970883,-1.2566631833988295,0.14672432792719903,0.6731042531462205,0.6825633594658707,-0.05996636978610483,10.564604033776138,2.446974822307133,-1.8776482450184162,0.11987467970397932,0.3324449668493339,4.052388636902968,0.2440293049200717,0.4188598833666848,0.44607078653409205,0.607120896943334
-0.1324142076683681,3.9456483785187606,0.46300281234216606,0.387372371241482,0.1460339442599286,0.6567272414627668,0.921482306358783,-31.502528905668616,-0.0017835764037605786,-26.33030869159414,0.5304036592746574,0.12000013497724588,0.26663223956831517,0.2928870890398511,0.2440004453794736,0.4189889232287158,0.4480757075812223,0.21708400472200914
0.49935117601672896,0.2848510529649323,0.46299947400452446,0.31966757091436093,0.1456837990165708,0.7170528796847534,0.2986489148921212,2.892518376522423,-0.05434634358730381,0.24086272167881911,0.5403015746059866,0.1199999806186423,1.542633559476933,0.176448060310903,0.24399983531059533,0.41912988223784614,0.32222291586860696,1.1016943726262318
1.2955122322210106,-0.08155074824792997,0.46216291207970916,-0.7364910466297889,0.14594603578465074,0.6320028405963002,-0.49352518055103006,1.6506565737075363,-0.6345179401234738,0.4531480649282873,1.1770486931403952,0.12019940642893373,0.16633451092412202,-2.629797584345965,0.2439889298734152,0.419006763489737,0.4513860251471362,0.03425240288558936
0.3613773543552067,-0.26442224293547123,0.4631001282994286,-0.1586946841150008,0.1461614931293215,0.6646525437893781,0.4314145308591586,11.626868832239067,-0.42305461835932595,-0.3370077598455013,0.6155124414810914,0.11996842661576558,0.30924953538128175,-1.23937849163862,0.24400469473795366,0.4189567274248366,0.44607547632203265,0.1886401575051101
0.5561224587501052,-0.2986275494425051,0.4619442377265756,-0.5984905361024487,0.14594603578465104,0.632002840596299,0.24561006818913939,1.9456388605961181,-1.2770007504825374,1.4070073962425873,1.1509919485331364,0.1202043036822863,0.16633451092411855,-2.8282717699833464,0.24398737704498671,0.4190067634897369,0.4513860251471364,0.41188057942388806
-0.25106795628253653,-0.9495126248313197,0.46299947400452446,0.37563164720769704,0.1456837990165708,0.7170528796847534,1.0490680471913867,2.7125237563983307,-0.0449457664906514,-2.976821106929119,0.5124783272323494,0.1199999806186423,1.542633559476933,0.30405002210099236,0.24399983531059533,0.41912988223784614,0.32222291586860696,0.562375867122378
-0.6121903487061139,-0.6993262180875026,0.46299947400452446,0.22628062579832722,0.1456837990165708,0.7170528796847534,1.410190439614964,-0.4754408549991573,-0.6535181925745458,-1.6561214396736277,0.13458555340205627,0.1199999806186423,1.542633559476933,-0.36303141052290633,0.24399983531059533,0.41912988223784614,0.32222291586860696,0.560200990213711
1.074040952335308,0.14640853600796555,0.46151084901153105,-1.2748833825913695,0.14540974258724762,0.5407792057198284,-0.27790128267237396,4.303842425271738,-0.6744981486733446,0.1904948369549296,0.9202257375638605,0.12096900398533167,-0.18978458648849042,-3.375417159105893,0.24395368716530763,0.41911635198612485,0.46246629155512264,-0.4082796720269956
-3.3493337200512525,0.8600250789604322,0.46300010719967866,0.7078530468390366,0.1453747075108183,0.6588308347871821,4.147333480202078,0.7921763761084438,-0.051112164088582976,0.04975104665828339,0.5159913114849862,0.12000005378568153,0.25190490526152964,0.22442239088707636,0.24399993588388935,0.4192835245200536,0.45019697104038386,-0.3245588287424562
-0.7342919637204613,1.0013349992238874,0.46299947400452446,1.0580136401429685,0.1456837990165708,0.7170528796847534,1.5322920546293115,-0.045096454900824486,-0.27236293074422185,0.13495699525405083,0.5114761632211869,0.1199999806186423,1.542633559476933,1.3726768470786288,0.24399983531059533,0.41912988223784614,0.32222291586860696,0.057532563217835474
1.5864309402984198,-0.10552780272123582,0.46261542257003085,-0.07322827196393497,0.14597333274819116,0.6549424576834482,-0.7842855083233027,0.975986497924254,-0.27403909919323344,0.4007855590944164,0.8855883046253086,0.12002261783282497,0.25883464780541815,-0.8451222083151502,0.24399564242488106,0.4190054701322354,0.4483435688255017,0.08602615738360371
2.1253445183600355,-0.10093659854975609,0.4608072307407719,-1.2697539981308787,0.14672432792719903,0.6731042531462205,-1.325049857741626,0.5196114280249183,-0.986886316472731,0.2994238990284722,2.284878661285621,0.1198936668436421,0.3324449668493339,-3.356420301396791,0.24402353696141146,0.4188598833666848,0.44607078653409205,0.09523194673038511
-0.6291534371889845,0.23998492901339355,0.46300136381973606,0.39092199575027453,0.14600977200409385,0.656748854201958,1.4228267143682685,154.63273739302485,-0.11206411840303203,29.08130047953142,0.5330805268634937,0.12000156448799629,0.267167888401948,-0.301740269407499,0.2440005627211475,0.4189981102085145,0.4480182684479729,0.18844320861292851
-3.2618048044628365,0.7646828469752774,0.46299947400452446,0.23263529199278277,0.1456837990165708,0.7170528796847534,4.059804895371687,0.43692704900511425,0.02290038112474291,0.037901284984644276,0.5345992472630713,0.1199999806186423,1.542633559476933,0.28449049921928476,0.24399983531059533,0.41912988223784614,0.32222291586860696,-0.21719043761993176
-0.6460902149097232,1.1083378303527083,0.4630423449394511,21.37722856884354,0.14672432792719897,0.6731042531462207,1.440672215647589,-0.06886075769396738,-10.747275295136784,0.19720777197334347,0.4818434564230998,0.11983073805637771,0.33244496684933483,23.86354886569892,0.24404263579893057,0.4188598833666848,0.446070786534092,0.01169234232396662
-0.7870622612717458,0.31994037912216844,0.4630727112429181,0.3824922989004294,0.15162280910932543,0.6522023021049511,1.585395963639897,-68.34538538821123,0.0031040088253531718,-10.560068762395689,0.5274335673049959,0.11997973890496587,0.27567931938119816,0.3268327613663196,0.24404671630588687,0.4172044689579346,0.44845066776725556,0.09124826489924279
-0.24197095835359772,-0.39464994625631805,0.46299947400452446,0.3845808612671298,0.14568379901657083,0.7170528796847532,1.0399710492624479,36.94581696527789,0.0389941826558502,14.849788682352774,0.5236933250178691,0.1199999806186423,1.5426335594769318,0.4177865829754246,0.24399983531059533,0.4191298822378461,0.32222291586860696,0.5066078614390003
1.3300742874754334,-0.10446840274056106,0.46302200497466495,-0.6963534523910918,0.15317015051270028,0.6227240888998832,-0.531807897434521,1.6881073215047475,-0.6358488667302838,0.4329032636535882,1.2246501971664938,0.1199697801798882,0.17707667934590215,-2.634060169795643,0.2440970909704068,0.41688974648414306,0.4498265682024013,0.061091702681195764
0.5384493444764378,0.4176868282259799,0.46191519597893566,5.16268656529635,0.14594603578465104,0.632002840596299,0.262526039158292,4.751164852109261,3.723225340539515,-0.2816060833649085,-0.08856085912420639,0.12020688036032287,0.16633451092411855,7.042674548803992,0.24398656325036963,0.4190067634897369,0.4513860251471364,1.6404025034952343
-0.09368563874129324,7.196012575974051,0.4630029199092537,0.38697349750262794,0.14596997947209694,0.6574713858759229,0.8857443207907968,-65.23899073033813,-0.0022131046667604355,-100.45689866535602,0.5304486048507726,0.11999892122657695,0.27026762919365394,0.29156371218420796,0.24399920415202658,0.41900815745028336,0.4478927076467565,0.25798789376507303
-2.081468489528885,0.8732651380021343,0.4629740819829405,0.4846292661614918,0.14600977200409385,0.656748854201958,2.875420453109465,6.426050409105958,-0.06296776044516099,0.502359346717553,0.5160687019730786,0.12000223317125891,0.267167888401948,-0.30496937986602646,0.244000356451832,0.4189981102085145,0.4480182684479729,-0.3887643970869258
0.6086596359239919,-0.3322759854059158,0.4625357772797195,-0.02837700591739623,0.1459733327481913,0.6549424576834477,0.19255566878083208,1.190084508525337,-0.6632711548745333,1.3753343348472342,0.8934588345802205,0.12002445733803827,0.258834647805417,-1.0023296409222162,0.24399507391031175,0.4190054701322354,0.44834356882550175,0.46291872492963304
-0.5481534185783765,0.1631038300310146,0.46307220953688083,0.4175276206038023,0.14616149312932153,0.6646525437893781,1.3426447360010898,85.41291932860501,-0.5738957464697819,18.063646358693397,0.5576435518687591,0.1199686040919535,0.30924953538128225,-2.433614149718272,0.2440046394314942,0.4189567274248366,0.4460754763220326,0.24872155662576564
1.0567730083774756,0.14232541310016958,0.4627995896072374,-1.2748154714969344,0.16101880163060597,0.5525018648978525,-0.25890310754740264,4.297791018112556,-0.6719751450829907,0.21753262105989418,0.9076867675226942,0.12001074260426171,-0.19243262677518905,-3.3770825031611817,0.2441397117345426,0.41417319698158944,0.47049410318226575,-0.42223133228743315
-0.29128533457317757,-0.958386318796185,0.4629890305056386,0.3794919831166468,0.1461338186622127,0.8412047697425415,1.0894773474474093,2.7105485693515807,-0.045518997215878765,-2.9822192044907325,0.5122324912452325,0.11987140930378509,1.5236932938291503,0.30350107076181887,0.24400088543694315,0.41895433073094324,0.3743096829205886,0.5894318799536682
-0.8339688280753342,1.0422109589449697,0.4621519848898133,11.124445493975022,0.14540974258724762,0.5407792057198287,1.631011436203317,0.6787611376792742,-4.506555747343166,0.2150039255156137,0.4869647584202929,0.12095600499908178,-0.18978458648848862,10.560118058142391,0.2439582706646691,0.41911635198612485,0.46246629155512253,-0.0419650733545198
0.04776100274079414,2.129685747468218,0.4632330750174006,0.35040672356116254,0.14540974258724762,0.5407792057198284,0.7490891218554528,0.8198327628355427,-13.618375335927121,-36.8340363015319,1.1528553216358366,0.12092576134808569,-0.18978458648849042,0.39363957465990734,0.24396894649926987,0.41911635198612485,0.46246629155512264,0.6677468792119772
0.4745189856318393,0.32575570324099606,0.4629927458929801,0.32173674496256943,0.14252665268743894,0.8592632931564109,0.3235392559154283,2.914040839468917,-0.05634801898469886,0.27636526016610785,0.5408034180461573,0.11983167688140003,1.5251770786027445,0.1763288448315216,0.24397144573322663,0.42013477798073345,0.37812746731054253,1.0918549657774383
0.44980425648017813,-0.43615036933601115,0.46232792704187636,19.066556770763224,0.14594603578465074,0.6320028405963002,0.3498019940538815,-0.8048540900740557,-52.30034847616536,1.9095504345165588,24.85385036129572,0.12019715419233502,0.16633451092412202,65.45514530327438,0.24398964669516077,0.419006763489737,0.4513860251471362,0.7642896408415758
0.5840904088453898,0.32954818426513455,0.4629866746467302,0.32694278579556174,0.1422998472700133,0.8580262781144373,0.21386114175564233,3.1841002222915287,-0.03877898697047183,0.2581411744488984,0.5382012072669454,0.11984026266724228,1.524063013729578,0.1831102326065636,0.2439694962660939,0.4202081441288324,0.37774215363438557,1.4514450857904346
0.04795480969816024,2.1424973346069094,0.4630192165114546,0.3558080805440022,0.15926741498921507,0.5477806167195808,0.7499630936241123,0.8204308249024016,-13.618180997665574,-36.833691503476366,1.157395533330387,0.12006827133747211,-0.19003717794993105,0.3931472414574856,0.24410721901639443,0.41465759340550085,0.4680125168017772,0.67111973482094
0.034785292330054327,3.157301069397747,0.4630452754135241,0.39337368132906203,0.14672432792719897,0.6731042531462207,0.7618439707447527,1.144197503512303,14.63180451200388,-81.74794149506546,0.04593105620273697,0.11983043119118346,0.33244496684933483,0.11519667017593835,0.24404272793136955,0.4188598833666848,0.446070786534092,0.6672471191140616
-6.101799107300983,-0.22371997468442878,0.462999472878919,0.3422734168188308,0.14577085237118154,0.6689487113518172,6.899798802106419,0.35290890575988015,-0.020527009756940908,-0.09003770876310699,0.38827403670322574,0.12000223146997538,0.44472967887308834,0.2606463598336803,0.24399988485885615,0.41909172369274117,0.4320671304750833,0.1993969678433026
-0.754198908626717,0.24849930686723085,0.46298470385671,0.3700608976282589,0.14603065176212476,0.6520255992146414,1.5549886936548032,-50.324479450256504,-0.08147376070680179,-8.215250980867037,0.5265168603620499,0.12000225638889422,0.22907067091188313,-0.2547515799392407,0.24400176594061337,0.418997103176302,0.45057967532035015,0.12999879110128745
2.006876989173794,-1.2257579574941329,0.4630060595277626,0.38772099206945004,0.14826270639661973,0.6517456661742144,-1.2091091620650796,-20.8915312794723,-0.003151139454862062,2.066270110653921,0.5330312203679005,0.12000117622548663,0.27412147793047736,0.32690636667687084,0.2440190449278861,0.4182635694716239,0.446813700713055,1.6519960373747264
1.2392748141456285,-0.1813291012811704,0.4628150837414368,-0.18205303354232819,0.1461614931293215,0.6646525437893781,-0.43942428946403245,1.475959965568504,-0.39830529796641456,0.5288459355766572,0.9573102687376237,0.11997424145243961,0.30924953538128175,-1.3621696315304517,0.24400291349094444,0.4189567274248366,0.44607547632203265,0.15834236218838726
1.0196305824971397,0.08439027377678952,0.4626056181953269,-0.6009829350438338,0.14594603578465104,0.632002840596299,-0.2227538785521009,4.3725395503089715,-0.42385255698506547,0.23951610363469816,0.780998261013564,0.12018934069663542,0.16633451092411855,-2.0270613136921964,0.2439921214618153,0.4190067634897369,0.4513860251471364,-0.3275932123508305
0.6950956067307079,-0.3238548423534299,0.4627910015316558,-0.1282465952980229,0.1461614931293215,0.6646525437893781,0.10453253522480815,1.6705789070779957,-0.6494073159434475,1.1139343481225423,0.9462099259032573,0.11997472629433674,0.30924953538128175,-1.4159620579294627,0.24400276496172188,0.4189567274248366,0.44607547632203265,0.39184290582169395
-0.7607060991780654,0.23255397730474273,0.463000762238853,0.3700431287686888,0.14168217768578886,0.670397920522844,1.558744636365689,-50.32533022316176,-0.08144871906745248,-8.210371285254642,0.5262851282208018,0.1199640215484701,0.22471518834776372,-0.2547522851567528,0.24396443197860398,0.42040952408555127,0.4546981020919521,0.13829149134732177
0.5530080289201749,0.40668613106357177,0.46274996115297506,2.2188674931475902,0.14616149312932153,0.6646525437893781,0.2465550701321462,4.5619208542318885,1.3684873983684447,-0.19218095363546464,0.2962116197532577,0.11997572244449314,0.30924953538128225,2.9819480870765984,0.2440024601420292,0.4189567274248366,0.4460754763220326,1.6686030678775159
-0.04841715786098305,5.2773371175837935,0.46299219624037863,0.3757115296883197,0.14603065176212468,0.6520255992146419,0.8475126435213087,-40.55652488306354,0.03939358938434648,-32.77073529898533,0.5316189673430847,0.12000217246440918,0.22907067091188438,0.2537040053044327,0.24400179209390715,0.41899710317630207,0.45057967532035004,0.26845126687469256
-6.102110491051636,-0.23646319137360497,0.4629564647211305,0.34624643767210145,0.14964059590465917,0.675479958523436,6.900194615179057,0.3560015549576341,-0.020947341941136385,-0.09342279037239724,0.3872611407800573,0.11996853878466618,0.4429092799360755,0.260035832795056,0.24402932041488037,0.4178074974356526,0.4372265451281902,0.21358258787463447
2.321319345105538,-1.3286425789472933,0.46299272240959294,0.35962488230877093,0.14603065176212468,0.6520255992146419,-1.5251692376956565,-19.588156230240358,0.04310553563397314,1.765378833410595,0.4857670984808713,0.12000216858138507,0.22907067091188438,-0.27586922515198814,0.2440017933058749,0.41899710317630207,0.45057967532035004,1.7193107969508974
0.19041894018398342,-0.41911201605926485,0.4629994730804329,0.31060366239469545,0.1457708523711815,0.6689487113518174,0.6075815625658966,1.1950625050796093,0.2220094381072414,1.9175269508526107,0.43583976343741415,0.12000223146903542,0.44472967887308856,0.433543901271726,0.24399988485914476,0.4190917236927412,0.4320671304750834,0.6368654817005471
-0.7819921964342631,0.2950371437884121,0.4630021826877779,0.3898152800048257,0.14603394425992824,0.6567272414627683,1.581591006242977,-42.94805153012457,0.015427040990675437,-6.734353394852424,0.5314910127266227,0.1200001402436506,0.26663223956831894,0.39560241636253196,0.24400044374548904,0.4189889232287159,0.4480757075812222,0.09546338440714044
0.23360537833976155,-0.2706472376976559,0.46279415552327385,3.471174201522665,0.14597333274819116,0.6549424576834482,0.5652981115371031,0.11326921232690501,-12.822364155952872,2.2606714025482986,4.584922373476734,0.12001854429667488,0.25883464780541815,3.3477409326077137,0.2439969015727891,0.4190054701322354,0.4483435688255017,0.676209677257619
-0.023825412002991993,-6.315151687095394,0.46300010719967866,0.38565509524731095,0.1453747075108183,0.6588308347871821,0.8218251721538169,-7.190939949338751,0.11889947424561921,-320.290846942522,0.5336819907639092,0.12000005378568153,0.25190490526152964,0.2840570161756334,0.24399993588388935,0.4192835245200536,0.45019697104038386,0.6717381642735502
1.6290482330597729,-0.15600222767055077,0.4629675042582996,-0.030416780507909108,0.1556043804122146,0.6357180882664377,-0.8309240048582843,1.0480820935518063,-0.2760714590913865,0.3917982870530388,0.9233091224496146,0.11998032917845616,0.27377042299716925,-0.8500917479676352,0.24408518175866284,0.41590333255901163,0.44533575092699773,0.13954948796992173
0.3829131555017279,-0.21287806402107123,0.4629972319044188,0.3958796428198994,0.1459699794720969,0.657471385875923,0.4136866288632777,9.74757385904436,0.007233682558413472,0.14991407771195261,0.5288493192222863,0.11999899048379693,0.2702676291936538,0.3168485741683553,0.24399918272765236,0.41900815745028336,0.44789270764675654,0.23238022984373796
0.5383305981214275,-0.3198511740843329,0.4630224378813874,-0.5027186460057068,0.15059255735217236,0.6268256904195723,0.25980373765475706,1.9580104086496568,-1.2970505227564546,1.3911617595011674,1.1927388187899945,0.12002797062755123,0.1734413653109074,-2.8413688686528356,0.24403807714956918,0.41750046873448404,0.4506170913756445,0.44725380583457164
2.3235749891758033,-1.3196747954385823,0.46299901411446304,0.3597331479824108,0.14309040788243557,0.6580453531961087,-1.5256368780423328,-19.588870791159913,0.04305381431666128,1.7626423575329733,0.48595533316990797,0.12000827393926335,0.22721834423668638,-0.2758934791864805,0.24397603725198333,0.4199499508145197,0.4512002897341121,1.708176712478185
-0.38500694200393726,-0.9156781492511141,0.4629994727427428,0.4647967160975261,0.14577085237118154,0.6689487113518172,1.1830073801967467,-1.1954404853618397,1.3332496391963973,-3.8178644148087644,1.0065858685716258,0.12000223147059069,0.44472967887308834,0.9021214388127293,0.24399988485866858,0.41909172369274117,0.4320671304750833,0.6304713698799687
-0.7871412191075339,0.28353277509859875,0.46299789429161164,0.3896683518378582,0.14253888022271155,0.6726352225931677,1.585176801240575,-42.94888804600211,0.015753756503923026,-6.729320861200455,0.5317266435385315,0.11996687425247358,0.26292260748133334,0.3955581207267245,0.24396726779775876,0.4201072960697486,0.4518117465317539,0.10139762500101257
0.38674384148344854,-0.284603611917166,0.46300177033275847,0.11684047122476833,0.1461536863010885,0.6640288083737225,0.4099926845606955,9.827113367860557,-0.21344691335738555,0.235295772746425,0.5845861729824533,0.11996980824906987,0.3044571845322304,-0.5131607310991764,0.244004042475625,0.4189593182965192,0.4463768728952384,0.1870477278882427
1.0003265759268838,0.08405917373124729,0.46296517445955154,0.27518700559982895,0.14600977200409382,0.6567488542019583,-0.2034570566164832,4.536508395168092,-0.04774242176890567,0.22986966834829714,0.5575831292235255,0.12000241567625453,0.26716788840194905,0.030455765574828823,0.2440003000848095,0.4189981102085145,0.44801826844797277,-0.3466900822782867
1.864236974101165,-0.1955164889978125,0.4629463743449303,0.25891884708253293,0.14600977200409382,0.6567488542019583,-1.0651574205751448,0.7087804801044236,-0.09318963167654046,0.37021180540729304,0.6866401308296919,0.12000279923528251,0.26716788840194905,-0.05965115229266405,0.24400018162221968,0.4189981102085145,0.44801826844797277,0.19139653116379157
0.376634401067802,-0.1888870946426083,0.4630002866087011,0.39582973371490443,0.14853222227796684,0.6482966645165461,0.42119069605648113,9.751549536048394,0.00721085211285022,0.17012439441293375,0.5289104614538006,0.12001274280907881,0.27419542741067593,0.31687532403783664,0.244019878342805,0.41816993654875617,0.4458203515748764,0.2421565856579839
-0.8669009833145548,1.0365413208967489,0.4626780035906373,7.600475291730381,0.14594603578465074,0.6320028405963002,1.6645072688675584,0.5838150854830809,-2.8635216755875703,0.18076864628856887,0.490878470770282,0.1201881843421496,0.16633451092412202,7.7159367520162006,0.24399248905017556,0.419006763489737,0.4513860251471362,-0.039837947545201
-0.06726730519936698,4.2457987996730875,0.46300159771667243,0.3883211165178097,0.1460339442599286,0.6567272414627668,0.8657810287645786,-30.96226623065947,-0.006250878640373957,-20.510416690433075,0.53042808861452,0.12000014721988733,0.26663223956831517,0.29457118627444834,0.24400044158354783,0.4189889232287158,0.4480757075812223,0.25034672774349875
0.9935381028663829,0.08347780896711966,0.46297184472402825,0.27532585426989403,0.14186156977219347,0.6556564872154265,-0.19565567995410904,4.534485118382572,-0.04784529259358244,0.23599170402140335,0.5573605975393079,0.12006438740627748,0.26672765859584247,0.03039216232447961,0.24396798168867445,0.42036309488104034,0.44570376321857386,-0.35336909032033925
0.04239815781809066,2.5588817101493144,0.46310126453511885,0.36120194254927646,0.14594603578465104,0.632002840596299,0.7551518889418943,1.5220303961760113,-9.74900120661558,-53.81209744986678,0.9158057036981805,0.12017692764383145,0.16633451092411855,0.4313542102228701,0.2439960556027833,0.4190067634897369,0.4513860251471364,0.673414923588186
1.9003657310193265,-1.1435414711069691,0.46300127334159435,0.3919066398736104,0.1460339442599286,0.6567272414627668,-1.1033481623971544,-16.82200862282763,-0.009865020854849457,1.8791992407753042,0.5392742420362233,0.12000015067011086,0.26663223956831517,0.39436011597639054,0.2440004405139117,0.4189889232287158,0.4480757075812223,1.5445320322069418
-0.7241357958070227,1.0890793694058543,0.462999473204258,0.08000197820777748,0.14577085237118145,0.6689487113518177,1.5221360635709258,0.1177588963114809,0.12558258165713976,0.1242031977410438,0.5370931467531292,0.12000223146848125,0.4447296788730901,-0.18984609813532852,0.24399988485931473,0.4190917236927412,0.43206713047508316,0.02216293564851446
0.3771386892957117,-0.26940488988784056,0.46299642698341253,0.115466178788566,0.14943714664481547,0.6501414675208552,0.4207186481074178,9.83163433544046,-0.21228771328789056,0.26188880437385753,0.5813770075970661,0.12001393371300084,0.3099616325972828,-0.513215491078592,0.244026815736792,0.41786997349474697,0.44308048665768374,0.2002072917067512
-5.803000837776363,-0.23703449160787823,0.46300019458974245,0.39606392232645504,0.1459710170585203,0.6571518290697752,6.600979890183012,0.27507447421984726,0.005327840067542464,-0.10224589204511092,0.5650242146035683,0.12000003947304753,0.26876695379248716,0.29708854487894076,0.2439998470015797,0.4190108326654415,0.44795159542945545,0.21762654743890225
1.0119705666658003,0.08377131432349445,0.4629241172745224,-0.6034383271735052,0.14497301227535678,0.6330647287346992,-0.21403537621806898,4.370156559409161,-0.42027066784333994,0.24830913344575747,0.7739698423072067,0.12006155177076597,0.16553222886006036,-2.027385863675596,0.2439916433362251,0.4193546598460885,0.4506266979415135,-0.33400671203818044
1.0689738911180247,0.13567660400902576,0.4627764271705657,-0.016531026190464503,0.14597333274819116,0.6549424576834482,-0.2715354914722655,4.083196647330436,-0.16561309619339523,0.21862848524618927,0.6247695620665985,0.12001882391197465,0.25883464780541815,-0.5890506514526248,0.24399681483272392,0.4190054701322354,0.4483435688255017,-0.38466697177253883
0.2342758001865219,-0.27281936795255635,0.46296795117923195,3.4659939691778225,0.1451129219419231,0.6586538069487948,0.5638305058532358,0.11180001499231342,-12.821423205282825,2.2675401008460434,4.592499810899979,0.11999817863637494,0.25773827953182593,3.3467913778111744,0.24399266261087352,0.4192895336850738,0.44918025247840004,0.674058892571666
-2.1900568885765397,0.8554771595073812,0.46299785624168255,0.3637730741696071,0.1459699794720969,0.657471385875923,2.987255795144902,1.776632628633194,0.006705354369274187,0.15456443071086717,0.5311935898547552,0.11999898000900314,0.2702676291936538,0.3189600381295518,0.24399918596419687,0.41900815745028336,0.44789270764675654,-0.28712586583542776
1.2577930348067967,-0.20688588297597177,0.46298466148244444,-0.15159400234287845,0.14964966047027267,0.6573043635561628,-0.45968366561579277,1.4989185525309103,-0.40040864431005235,0.5201121444735917,0.9831977345609927,0.1199780855984754,0.31509467239236855,-1.3654254403447075,0.24402861615247753,0.41780122070937353,0.44491784673595364,0.18786253358641125
0.9430553903316519,0.015422182417047665,0.4629122143024068,-0.14182277333185156,0.1461614931293215,0.6646525437893781,-0.14563047903578985,4.655898868292313,-0.2427981972555423,0.2881649144182501,0.6742981959984232,0.11997225734582662,0.30924953538128175,-1.0457065430445296,0.24400352126123437,0.4189567274248366,0.44607547632203265,-0.2528099387490909
0.42193576337852845,-0.40947033319376525,0.46286552197502795,16.058040575465064,0.14616149312932153,0.6646525437893781,0.3765890938171073,-0.4380929559589525,-58.58097220605386,1.905482947596239,26.81273750945871,0.11997336249458727,0.30924953538128225,47.698269229251956,0.24400318307800667,0.4189567274248366,0.4460754763220326,0.7297884019884191
-2.4185472345910757,0.848837324852053,0.46298508884571715,1.2169733449011606,0.1461536863010885,0.6640288083737225,3.215857196673497,1.639454982502087,-0.22532014001339193,0.132107878734458,0.49742556938428595,0.11997009260729548,0.3044571845322304,-0.7731933298988697,0.24400395517996384,0.4189593182965192,0.4463768728952384,-0.3042597650149975
0.41142623129454237,-0.061395515944143546,0.4629993688158354,0.3222124223786237,0.14588371428329414,0.6479428044034684,0.38655952451968834,7.1489684972609275,-0.04784243046801378,0.5105615063419808,0.5429235304904928,0.12000991709746028,0.19728758596014173,0.1022698387031453,0.24400034006853485,0.41904786934182253,0.4526162218639569,0.3833384620860282
-0.7113799215355094,1.083052908774545,0.46295184726272126,1.8501504363230494,0.14600977200409382,0.6567488542019583,1.5088259810483264,0.27803966175269335,-0.675168460461913,0.2012563653651321,0.5238274996726405,0.12000269891567576,0.26716788840194905,1.986233433976819,0.24400021262730714,0.4189981102085145,0.44801826844797277,0.0016540007157568473
1.901765992067442,-1.136848674300505,0.4629989537036268,0.3918760946833045,0.1443192067439888,0.6603070376285861,-1.1037864797059147,-16.822555453030343,-0.00993556304650923,1.8768920251693895,0.5393870767936229,0.12000459228423678,0.26567591968809856,0.39434554233436553,0.24398610617973998,0.4195484456690083,0.44846943442248394,1.5358393133268846
0.558971949634242,0.39599170021840935,0.4630101680206698,2.228748091026404,0.14436250927336808,0.6692578160604186,0.23912455869266053,4.571924824679981,1.3599528488284445,-0.15407136258091506,0.3002763216308398,0.11999006536635953,0.30776168717315033,2.979843366605291,0.2439842809342086,0.4195250075002729,0.4469404832206159,1.6490124108066833
0.013228709055984045,9.664915087075016,0.46301836227990123,0.3825612325501953,0.14615368630108858,0.6640288083737225,0.784727913762821,6.843647422378885,-5.203478324649669,-758.5570319778341,0.5948328691382692,0.11996945285941375,0.3044571845322304,0.31384812701834575,0.24400415143517687,0.4189593182965192,0.4463768728952371,0.674411362629018
0.524357168439967,0.40708000073670936,0.4629606333170463,1.1034444786755162,0.1461536863010885,0.6640288083737225,0.27412157974268914,4.2778071330317315,0.5747574483747807,-0.13870771203431972,0.4350185661599424,0.11997050763305221,0.3044571845322304,1.3363982248341708,0.24400382776558063,0.4189593182965192,0.4463768728952384,1.4853526496270302
0.46722721356949465,0.4046613421762854,0.4630001083991763,0.45139348784897515,0.14603552709247078,0.6568092514613061,0.3307737324661698,3.360966413420299,0.058232836029413,0.11306651526081807,0.5204748365842741,0.12000000180533468,0.2667508345509032,0.3974177552394297,0.2440000218255005,0.41898496290908915,0.44809469049189427,1.2025919840935535
0.6907637998635665,-0.3415317001367004,0.46300963728406,-0.09343843504429447,0.14638363158944687,0.6622278808520404,0.1073291601575197,1.6765969963538416,-0.6536455890010959,1.1040088087648094,0.9649939145008696,0.11999616881743894,0.3111463443467207,-1.420163713918221,0.24400316821884738,0.4188748114345948,0.4453058491784008,0.4162736402640989
-0.7633882843131017,1.0618772981607263,0.4627478458649627,4.103737493873339,0.14597333274819116,0.6549424576834482,1.5614207323320226,0.4652072110464015,-1.6225089906303072,0.20345025606124956,0.5129916113479212,0.1200196972371096,0.25883464780541815,4.432028990094054,0.24399654541269702,0.4190054701322354,0.4483435688255017,-0.011092220661289755
0.026233136630626333,4.64843100102763,0.46301350728921437,0.378949596271298,0.1459733327481913,0.6549424576834477,0.7721202573280167,3.7343844985723353,-9.390583957806296,-176.89406304491612,0.7535647405645006,0.12001254291513573,0.258834647805417,0.45560875119441235,0.2439987541746602,0.4190054701322354,0.44834356882550175,0.6788608879813137
-0.3968546174782569,-0.9421222131819521,0.4629392586079307,0.44880456849923633,0.1476229440862181,0.6772858251867668,1.1948193953540251,-1.19503313574354,1.3307403474560981,-3.8181738563075958,1.0125116937747178,0.11998692524037538,0.4437850694019252,0.9049889658564728,0.24401312369649045,0.41846887507486596,0.43671466009961046,0.6462175991290915
-2.1899130056440086,0.8554945476059073,0.46301212756263493,0.363647401331193,0.14709813437294614,0.6583955190734263,2.987804693987426,1.777004822087887,0.0064042798446677165,0.15116055675964735,0.5305922609442464,0.11998001034588664,0.2699998587318622,0.3189413838914699,0.24400881444595032,0.4186397671414262,0.44877625747132693,-0.28139907942498865
-2.4185501125221296,0.849676001903007,0.46301904813057587,1.2179770208233351,0.14780645653610883,0.6646895188631353,3.2164526734104486,1.6402074384175431,-0.22332640524678965,0.1298740310459877,0.5031592543443852,0.11996182059953713,0.30440809557724746,-0.7729957329433995,0.2440136536103903,0.41840446157662126,0.44750910347606326,-0.3003036727720505
0.4043390054804634,-0.2524477921056459,0.46300034875751717,0.4148179302526494,0.14603394425992824,0.6567272414627683,0.39339209657707586,8.579924057606968,0.022956770659136514,0.47096113070889756,0.5242506569048934,0.12000016240776117,0.26663223956831894,0.3742474454204609,0.2440004368773401,0.4189889232287159,0.4480757075812222,0.22284589911717456
-5.803262297287684,-0.2481669698319179,0.4630076369755379,0.39537391986505926,0.1450600550167324,0.6601632596700499,6.601312865032332,0.2782774510143764,0.0054008626849192205,-0.10456125250015243,0.565181601325675,0.1199963846573411,0.2674141086776656,0.2971888519518649,0.24399232688958863,0.4193071456406226,0.4486050498501244,0.2293240718995632
0.8035407146222046,-0.4109569782207124,0.46294015066803473,0.25589746140981096,0.14600977200409382,0.6567488542019583,-0.005183520176431831,0.6831327188789961,-0.30694236693698174,1.0840993649520152,0.7702022362064627,0.12000292546484673,0.26716788840194905,-0.16058518112733505,0.2440001426346162,0.4189981102085145,0.44801826844797277,0.5180505920268645
0.4083620257114409,-0.04855954953139153,0.4630008004063736,0.3216202474982475,0.14695516749343332,0.6438578775840702,0.38968506070969544,7.150507452470499,-0.04754676805183383,0.5164394485559708,0.5423851345532908,0.12000866213463965,0.1991616208169949,0.10236465522041464,0.24400785476065961,0.4186880868794617,0.45153885615370143,0.3845125687138226
-3.3491935999234426,0.8601882177623768,0.4629869302487473,0.7077457273798298,0.1439296806792218,0.6578308329972422,4.147226518954332,0.7917194070742044,-0.05136522747446564,0.05180008447606873,0.5148862243976248,0.12002515628953819,0.2521660077511601,0.2243629771776243,0.24398615562116785,0.4197037696369292,0.44902849217164414,-0.32911388723761204
2.363576619827434,-0.22540713345465097,0.4629982151142432,0.3958891611436751,0.14596997947209694,0.6574713858759229,-1.565162070001807,0.47993855446031547,0.007243277600663016,0.3008994242353344,0.5145624642533331,0.11999897408093932,0.27026762919365394,0.31646255734718154,0.24399918779602855,0.41900815745028336,0.4478927076467565,0.22673506923220177
0.026220848942655136,4.646640387330675,0.46300163339899403,0.3786394768295388,0.1465733514048487,0.6552875661623593,0.7718481963699138,3.734332971131495,-9.390588932085558,-176.89408714791813,0.753311763921734,0.11998470119189193,0.2587449799725122,0.45565081214067304,0.24399222202119777,0.4187925004173805,0.44864432959606165,0.6783722904116942
176.97379530775422,-0.26618152379589594,0.46299932301985186,0.31145352925789455,0.14588371428329414,0.6479428044034685,-176.17578527694653,0.0011745706955479758,-0.057189066830215504,0.004067990596150293,10.63860892475599,0.12000991749805018,0.1972875859601421,0.10739210585471214,0.2440003399430963,0.41904786934182253,0.4526162218639569,0.26638441026514664
0.5942668193909947,-0.35675461019857735,0.4630228538376148,0.024520449792601436,0.14699873865198243,0.6527240159063694,0.20380880414714653,1.1970629838265479,-0.669702050696349,1.3646169799685706,0.9169967985905229,0.12000315150944445,0.260899441910456,-1.009141082256105,0.2440080784593655,0.4186731033532312,0.4478768241047609,0.49767104109899407
-0.024236586448394336,-6.388986744512376,0.4630130715115304,0.3848913971200764,0.14470214864858696,0.6573693087398396,0.8221728095776298,-7.192614992337203,0.11890178784353199,-320.29011338394776,0.5334261377440122,0.12000305392062731,0.2502085732501273,0.2842576799871625,0.24399205288669815,0.4194336809558685,0.4493380025392048,0.6766330834323305
0.40701526508196473,-0.2661680705364989,0.462998629063334,0.24992394808322432,0.14603065176212476,0.6520255992146414,0.3907760928507922,8.544797325184984,-0.10914159476779277,0.5023203986708764,0.5620108542618355,0.12000209532609984,0.22907067091188313,-0.12961636797375523,0.24400181612647176,0.418997103176302,0.45057967532035015,0.21237679710644716
0.6626677981993615,0.4163660976348871,0.4630001892634516,0.4049389656988732,0.14597101705852034,0.6571518290697751,0.13535580140297288,3.4823156526154917,0.010108726786092186,0.153442577260948,0.5281215967336136,0.12000003951979885,0.2687669537924867,0.3253839287391167,0.24399984698708393,0.4190108326654415,0.4479515954294555,2.6177278264397423
0.15391829163900939,-0.1855616536287098,0.46294873792204977,-0.3650399025516268,0.14600977200409385,0.656748854201958,0.6438185214931801,0.18782404056400273,3.7030789065898393,2.392418644097635,-0.45435012664624397,0.12000275834516462,0.267167888401948,0.8441587945689418,0.24400019426486494,0.4189981102085145,0.4480182684479729,0.6358755823893131
0.514487282006926,0.3659761222146089,0.46299930650207904,0.33853571135413335,0.14588371428329414,0.6479428044034684,0.2835243756348105,2.938884012825083,-0.03209789317828378,0.46541491620413106,0.5383577503777947,0.12000991763956312,0.19728758596014173,0.17686594322436008,0.24400033989878098,0.41904786934182253,0.4526162218639569,1.1633161009916135
-0.8875439532479238,1.0338045197599424,0.46290130455675044,4.801138222971304,0.1461614931293215,0.6646525437893781,1.6853700410728403,0.5387167643239262,-1.6923255866856415,0.1627887096964934,0.5012589400046298,0.11997256967275295,0.30924953538128175,5.039877016991482,0.2440034257904744,0.4189567274248366,0.44607547632203265,-0.039175339220063644
0.39574679628979387,-0.24709048145075924,0.4630010076895598,0.4147294673331607,0.14962078750376348,0.6441067998822383,0.4022281026493325,8.583719078563051,0.02289441639121334,0.4912804950984664,0.5244283594650564,0.1200161236337362,0.27225576883108177,0.37430886595397694,0.2440298439485593,0.41781793501242265,0.4452097733398057,0.23015632168471742
0.401074637009973,-0.2651362881037089,0.46299902454371095,0.24988392966517864,0.14899983240260029,0.6404484145514812,0.3969097607152422,8.547906595315935,-0.10932784411275738,0.5198741449208978,0.5614169414949963,0.12001884705458765,0.2340345111109976,-0.12959865107826465,0.24402461229341757,0.4180198921618205,0.44777169714210574,0.2157850071711741
-2.170271361542286,0.888394864182772,0.4630006874243998,0.2748241061235929,0.14603394425992824,0.6567272414627683,2.968092546113225,1.0687661925795007,0.026274407420691568,0.10097377231874495,0.5325418944124661,0.12000015800647897,0.26663223956831894,0.3175973777027825,0.2440004382408227,0.4189889232287159,0.4480757075812222,-0.259192073322174
0.5113267099160932,0.3661213059253307,0.4629976530422157,0.3357648743502126,0.14308906183232567,0.6571125744108289,0.28669834260225413,2.9776283555038776,-0.03525718976537649,0.452255626518745,0.5382700580810665,0.11999317962374438,0.19333192094965632,0.17926999558259346,0.243976161197024,0.4199509927307872,0.4544898757265774,1.1619472649451748
-0.8663631354650597,1.0397561652829403,0.46295132843074044,7.600590300242196,0.1496985002085565,0.6332091330722569,1.664307137921142,0.5846427944058998,-2.8628994881069496,0.17808446335994074,0.49772048157717336,0.12000270937504477,0.16641990852998378,7.716095231679993,0.2440297345010704,0.41778859237770133,0.45293714535604074,-0.03866422474482939
-0.09988600237560663,-1.964702796303774,0.4629992585277589,0.4240513337939245,0.14588371428329414,0.6479428044034684,0.8978934781059599,-1.7031728946151024,7.25561543234491,-26.19569261524796,1.2036387131156407,0.12000991804848038,0.19728758596014173,0.8645755869641303,0.2440003397707259,0.41904786934182253,0.4526162218639569,0.6652308184735422
1.8784835524349206,-0.21775102209515362,0.46299558163777604,0.2659978407562,0.14924033424389913,0.647433854436317,-1.0804149107756191,0.7515080821237863,-0.09235260127242984,0.36904096607655323,0.6901434493198286,0.12000962010447691,0.27429551216038656,-0.06075358404099726,0.24402617653399145,0.41793820258287057,0.44589640455406293,0.2143244003694193
1.061333814414909,0.13420311570868776,0.46295406947489737,-0.016935364441777765,0.14587188629923464,0.6552900915554392,-0.263394840415597,4.080583635602319,-0.16386660739502748,0.22555828975536774,0.6222597424053496,0.12000375141744431,0.2581241111045513,-0.5894242362002501,0.24399811776986743,0.4190393476723216,0.4484306544302979,-0.3904775829491377
0.03253256945649856,3.5688523289406655,0.4630411000105196,0.37393051054835635,0.1461614931293215,0.6646525437893781,0.765328260490268,2.5069820523370123,-7.003271544393654,-104.98673327184649,0.740701735559131,0.1199693590987279,0.30924953538128175,0.39134929772661337,0.2440044084534473,0.4189567274248366,0.44607547632203265,0.6755722767327096
0.19527654653115703,-0.3892369654904787,0.4629964358465854,0.318857428613866,0.1489785113704576,0.6714049382345677,0.6026887363032352,1.200419455740167,0.22613237412631573,1.920332705864342,0.43778916509917665,0.11999891745403149,0.4459790715899364,0.43252710564124197,0.24402466841062784,0.4180325198881482,0.4352831401742456,0.6384722642836955
0.17917451531693152,-0.26005250955505776,0.46299929423936376,-0.3630508461679206,0.14588371428329414,0.6479428044034684,0.6188325119397602,0.4090822151015229,3.0241473688365943,2.304057360850941,-0.39679262962372464,0.12000991775107679,0.19728758596014173,0.6097628617032054,0.24400033986386488,0.41904786934182253,0.4526162218639569,0.6462193130361054
0.8711551492252688,-0.045549224431015195,0.46298401410606577,0.11774958876350976,0.14615368630108866,0.6640288083737217,-0.07336454860849881,4.975676216501439,-0.1319653406673839,0.3366776924039977,0.6080350164947879,0.11997010566120407,0.3044571845322285,-0.43679341637018876,0.24400395116304824,0.4189593182965191,0.4463768728952385,-0.18850512960578447
-2.2095921128507854,0.8933367189662691,0.4629974391975514,1.0156109526403556,0.14603065176212468,0.6520255992146419,3.0074637899178813,1.0043834915937597,-0.1427687796178845,0.09338014189024513,0.5196642754845976,0.12000211079062453,0.22907067091188438,0.17834059448306788,0.24400181130973275,0.41899710317630207,0.45057967532035004,-0.260847968316148
2.042762888786337,-0.3245375847573252,0.46299616466202653,0.25522587039817635,0.14603065176212468,0.6520255992146419,-1.2446222785889536,0.5387109596517496,-0.14006522993459905,0.38548329212866633,0.8081193856930036,0.12000212693806754,0.22907067091188438,-0.14625224246685553,0.2440018062798122,0.41899710317630207,0.45057967532035004,0.3356758786959091
-0.7085825453723892,1.0870235563529649,0.46303611771928915,1.8505592411775846,0.14661887252663772,0.6557021042943731,1.5065169349371217,0.2808291245179488,-0.6735634765699963,0.1933459542165043,0.5281156056135873,0.11999769746316379,0.26785357945133886,1.9865265393110958,0.24400554747751926,0.41880053030375863,0.44790396436208835,0.0067913907868613855
0.8914941831472519,0.21320109434233275,0.4629993158599331,0.35342141917259595,0.14588371428329414,0.6479428044034684,-0.09349178718450499,6.83710821719788,-0.008482119643476756,0.19813636471700183,0.535098157790512,0.12000991755865238,0.19728758596014173,0.1868625814970013,0.24400033992411785,0.41904786934182253,0.4526162218639569,0.8976467841953505
-1.6037473543120782,-0.711321510961588,0.4629358310745569,0.1764187554685393,0.14600977200409382,0.6567488542019583,2.401597228539467,-0.10185514412477972,-3.5863956247769737,-0.7267464302450312,-5.192764081508263,0.12000301753924038,0.26716788840194905,-0.7620854374768631,0.24400011420397888,0.4189981102085145,0.44801826844797277,0.6379585205813576
1.0148066992657014,0.07006435525938169,0.4629978652988089,0.3956957394116159,0.1459699794720969,0.657471385875923,-0.21704916881699007,4.253379954380617,0.003931430433648416,0.2639124879662598,0.5280925616717741,0.11999897996225406,0.2702676291936538,0.31234847679205174,0.24399918597881418,0.41900815745028336,0.44789270764675654,-0.29995114914806664
0.016383991695189365,7.6863779208390834,0.4630023866130808,0.38301652814723136,0.14603581513535216,0.6568094011312386,0.7816296951417174,5.3919440945770285,-11.874297210534396,-480.9574138771131,0.7096370895040341,0.12000269145154427,0.2667507891875834,0.40520082072997965,0.24399976683437247,0.4189850820733397,0.44809354678537644,0.6747229802238093
-0.03170175614960735,-4.83979188521733,0.46300290816490935,0.3870785629300571,0.1459699794720969,0.657471385875923,0.8299586270226279,-2.630269402560141,0.6315714532666836,-175.77587337532498,0.5494427584224487,0.11999890748274844,0.2702676291936538,0.30193470825176255,0.24399920839033912,0.41900815745028336,0.44789270764675654,0.6694731356233914
0.35198391953576763,-0.34543301932966514,0.46297311653426065,-23.219968122874,0.14615368630108866,0.6640288083737217,0.4461789227679374,-0.2536195969897984,121.26368813807923,2.0734182724306836,-45.785949880836434,0.11997024668244181,0.3044571845322285,-60.524987492746156,0.2440039078243308,0.4189593182965191,0.4463768728952385,0.702123605002186
0.0425221245390652,2.567271718852611,0.4630178972196207,0.36250528754922756,0.14966458946397596,0.6335799420733035,0.7554421924669343,1.5222856990088087,-9.748943227501874,-53.81189930021679,0.9173555285598334,0.12000227515700568,0.16649451922839376,0.4312920867659,0.24402887901450576,0.4177980012942291,0.4530379543955861,0.6752489196533096
1.240763150260014,-0.4228743222887645,0.4629960301788731,0.266975180699775,0.14603065176212476,0.6520255992146414,-0.4426503656484013,0.6060979169177066,-0.22568758000378,0.7026506574964313,0.8081946804262731,0.12000212864927172,0.22907067091188313,-0.15235927942230515,0.24400180574678326,0.418997103176302,0.45057967532035015,0.4759264851385436
0.07700381117458437,1.1783970620209625,0.46300010957756155,0.4152787197168718,0.14603552709247078,0.6568092514613061,0.7209969084190886,0.7712221971269955,4.333435659800058,-10.448589192908406,0.2317080757102799,0.12000000179995257,0.2667508345509032,0.1104392466999794,0.24400002182717387,0.41898496290908915,0.44809469049189427,0.6808305961285176
0.8468890866039088,-0.42679205523470487,0.46299831146307546,0.39464598630231434,0.14596997947209694,0.6574713858759229,-0.048683253596888916,0.5818119582201517,0.02099107494117141,1.0438696618828822,0.5130399636197225,0.11999897248279323,0.27026762919365394,0.3188882883165043,0.24399918828985986,0.41900815745028336,0.4478927076467565,0.5327602728377303
0.33212990039395107,0.37846986527776433,0.46300010839332084,0.4806678910518496,0.14603552709247086,0.6568092514613058,0.4658708664864961,2.6012240308806556,0.14914448972024386,0.263792454906826,0.5087778630249005,0.12000000180536213,0.26675083455090143,0.42178147448771575,0.24400002182549196,0.4189849629090891,0.4480946904918944,0.8963783988685977
0.6647462149999135,0.4120958059645813,0.462999902237685,0.404981887190945,0.1457287883266866,0.6583383305622871,0.13322066910968597,3.4843435659824524,0.010070441599771808,0.16391528541079609,0.5281464792378837,0.11999731372943467,0.26834394758882735,0.3253738901679401,0.24399776698084122,0.419088587093396,0.4482567793974111,2.6175643778342823
-0.8690040857794455,1.072926047987223,0.4630001904008934,0.4330625007149363,0.1459710170585203,0.6571518290697752,1.6669968666324042,0.22265976876674654,-0.016380181372904774,0.09150072551838413,0.529568754222742,0.12000003951003346,0.26876695379248716,0.35903688601836076,0.24399984699011135,0.4190108326654415,0.44795159542945545,-0.020201795407452892
-0.8196090763516192,1.0487214477561753,0.46299822268964436,0.3258798456520085,0.1459699794720969,0.657471385875923,1.6174174050820633,0.496364343042408,0.02501275433722042,0.18287277177410396,0.5307768993400283,0.11999897386287649,0.2702676291936538,0.22472925115896938,0.24399918786327027,0.41900815745028336,0.44789270764675654,-0.025091700466759514
0.35199498594350415,-0.34547169297070013,0.46300015545193207,-23.219938576195165,0.14553481382051936,0.6639070371807567,0.4460649847235368,-0.25282039017820174,121.26369808008867,2.072688662739149,-45.78592229509324,0.11999518567526829,0.30438715406600575,-60.52500014634245,0.2439961592876958,0.41915187524487896,0.44613714048600345,0.7017459186722939
1.217863821241649,0.2302719249144422,0.462999331386022,0.31007748087164616,0.14588371428329414,0.6479428044034684,-0.4198573792071698,3.2146406179254456,-0.02649339765105748,0.20068539875490143,0.5479405067641704,0.12000991742326401,0.19728758596014173,0.11847991195041592,0.2440003399665125,0.41904786934182253,0.4526162218639569,-0.4413329593343156
2.6957170718906474,-0.30686965190060295,0.46300085105418276,0.41435401924646426,0.14603394425992824,0.6567272414627683,-1.8976345461119317,0.38704006364780535,0.02796365560731383,0.2863492087928377,0.4576378758368492,0.12000015592334938,0.26663223956831894,0.37680160910479366,0.24400043888621295,0.4189889232287159,0.4480757075812222,0.31414257889248515
-0.0454797235411845,-3.570716315428671,0.46299055230447456,0.377092630091287,0.14603065176212476,0.6520255992146414,0.8435746997943762,-2.295259240194332,-4.179370683315583,-94.20662288693688,0.35328615838101446,0.12000219392074545,0.22907067091188313,0.14506385526608034,0.2440017854105442,0.418997103176302,0.45057967532035015,0.6685840703601116
-2.2096797901601786,0.8940611262650813,0.46301306220222266,1.0158343738715832,0.14650287042235302,0.6522803563994053,3.007674056324347,1.004870714538654,-0.14199825880817588,0.09160151979612337,0.5216909618706276,0.11999278263106562,0.22902337281300872,0.17843401989690968,0.24400377422114883,0.41883395613482743,0.45085724751999007,-0.257922235676486
-0.9093791796512942,1.031467523347316,0.46297791709143976,2.6348355672572867,0.1461536863010885,0.6640288083737225,1.7072997994427,0.5444732372644047,-0.8396493402727928,0.1543450332301124,0.5142621378319066,0.1199702170057976,0.3044571845322304,2.7351478640235736,0.24400391699391838,0.4189593182965192,0.4463768728952384,-0.042793421503545995
0.8937522026708796,0.2151212436863432,0.4630019015020841,0.35321978968673434,0.1456681564509882,0.6477445576303623,-0.09572774226993225,6.836373856529018,-0.00838209438314733,0.1984763007803883,0.5349663528038551,0.12000603713735525,0.19710876762374543,0.1869197582040768,0.24399734188295819,0.4191087734065354,0.4523654323573113,0.894964338213984
0.03510078074710846,3.1809077391341725,0.4629793457993661,0.39695405493607905,0.14436258431131924,0.6691822939201658,0.7628632288776124,1.1447628942636836,14.631684771514871,-81.74748763463418,0.04259800909135454,0.12000098642509326,0.33367632924683327,0.11480718365806221,0.2439769040152326,0.41949151097659776,0.4441155100293966,0.6721202400666122
0.5272954868541307,0.4006818757606844,0.4630046805406509,1.1057331677028803,0.1450406137022204,0.665720472017445,0.27075453797594495,4.284623167136934,0.5728423776430794,-0.11740336672274529,0.4359248286854272,0.11999248186762426,0.3040097714418143,1.3359544025145405,0.2439921080292366,0.41931341172562275,0.4465100101589249,1.4746843582446971
0.9302724841901802,-0.006314456620518462,0.46300061784389623,0.4150351957953694,0.1460339442599286,0.6567272414627668,-0.13234838120653328,4.610489641739699,0.013471353205953026,0.31727808918348843,0.5223524536875805,0.1200001589516672,0.26663223956831517,0.3638604620148278,0.2440004379480606,0.4189889232287158,0.4480757075812223,-0.21626026817049784
-0.7286256774612939,1.0906290491685124,0.4630190976051561,0.07959424309610257,0.14700381410922359,0.6795524360355855,1.5266027277599585,0.11315903329161697,0.1256995573415782,0.1379131273638655,0.5378397513531739,0.1199837730246536,0.4425903049826594,-0.18953210911793095,0.24400682363031892,0.41866700324859724,0.43726284239980145,0.012632602577438106
0.17661298810842166,0.3977862319406292,0.4629960302097252,1.6948418060006454,0.14603065176212476,0.6520255992146414,0.6214346285222282,0.9401189895581089,10.510714115137942,0.36890886564816044,-0.7471531978221162,0.12000212913113423,0.22907067091188313,0.5150607059676308,0.24400180559722,0.418997103176302,0.45057967532035015,0.7240688088773569
-0.10044494572205366,-1.9739875569094263,0.4629669530096273,0.4195807638813201,0.1455860173692397,0.6477984137815478,0.8984445464968476,-1.7031560688102245,7.255463084655185,-26.19541297314879,1.20483674538783,0.12000708623811236,0.19716094927552494,0.8653731919808366,0.24399681059470063,0.4191363826463659,0.45233883220158594,0.667525898831346
0.17812865032403732,-0.25479889336549444,0.4630205183887841,-0.3525246211435584,0.14703231846599035,0.6421915429221003,0.6198879397095334,0.41261067322972445,3.029008675730369,2.2959284319652697,-0.3893987555339306,0.12001355397082054,0.19734217617069644,0.609760458120005,0.24400404379643809,0.4186482859945385,0.4512226539796146,0.6457958332333347
-0.9245959931003359,1.0273011173667284,0.4630008416948454,0.23184090480441893,0.14603394425992824,0.6567272414627683,1.7225170538571242,0.5833834330527451,0.05768444631439826,0.16009371522164223,0.5314649530143798,0.12000015601324998,0.26663223956831894,0.13001776273384794,0.24400043885832623,0.4189889232287159,0.4480757075812222,-0.049583224984245916
0.21224671238869858,-0.22703277135851127,0.4629981269391821,2.783089097027579,0.14603065176212476,0.6520255992146414,0.5857931586948997,0.11083649404574861,-11.812093698739728,2.340538288894109,3.933886386856972,0.12000210180091475,0.22907067091188313,2.067201343746099,0.24400181410972202,0.418997103176302,0.45057967532035015,0.6642911728196635
0.1559759115082261,-0.19005242419187363,0.46297230442809884,-0.3743021515575381,0.1463567970728802,0.6548319408724336,0.6419887041710621,0.1787794106082233,3.698328160811031,2.3899944346942092,-0.4654962276463501,0.12000415748377866,0.26570811701389513,0.8434487902815121,0.24400275691907375,0.4188827315943157,0.44772411502143855,0.637904802901171
0.032550152063721756,3.570187478894122,0.46300133957753226,0.3753687024242715,0.14532088045299957,0.6642761882783934,0.7654269958026626,2.507030118407573,-7.003258731558673,-104.98671020862349,0.7412856302557873,0.11999798295255125,0.3093190971686299,0.3911813352598744,0.24399481528033834,0.4192241491144772,0.4456176155199144,0.6759286447641297
-1.5049301911864774,1.1138849701716935,0.4629993118216571,0.34832487654076555,0.14588371428329414,0.6479428044034684,2.3029264056041483,1.1823974613849484,0.005145603094968446,-0.03314316475287525,0.5338584113043464,0.12000991759441136,0.19728758596014173,0.17904629921624934,0.2440003399129201,0.41904786934182253,0.4526162218639569,0.003872743907335256
-2.1703502215622654,0.889295312096966,0.46299793607092177,0.2747629580500177,0.1468215467973635,0.6571628755500981,2.9683370804586398,1.0691814826227437,0.026067689102313493,0.09857532270935243,0.5320262299207804,0.11998762724702916,0.26654058293875016,0.31757579248747736,0.2440064471723674,0.4187300507316385,0.44861192212029566,-0.25547303945621097
2.368030435680061,-0.23022162417904393,0.46300039381219277,0.3956233215946251,0.14783602511576474,0.6521975070362593,-1.5699856941309098,0.5068418201914479,0.007231321022918382,0.299383311904006,0.514441839791082,0.12000239294840231,0.27412705549745736,0.3164976131971828,0.24401499931672896,0.4183997684331975,0.44672270678009224,0.2310903965152298
0.9023838779817084,-0.030382523396682206,0.4629974031527083,0.24689668601709122,0.14603065176212493,0.6520255992146409,-0.10440745412212989,4.724290279713313,-0.06681070708956276,0.33944633104769,0.5716777417693836,0.12000211097531172,0.22907067091188196,-0.08980113761124327,0.2440018112518915,0.4189971031763019,0.45057967532035015,-0.19125471186170429
0.9395909857695695,0.015761496162942815,0.462972241034318,-0.14274241494302153,0.14565922542014495,0.6639741108599884,-0.1416347959590251,4.654951731614107,-0.24147511358464388,0.2926862072635835,0.6720610705655368,0.11999472281963428,0.3091583926159303,-1.0458163681146992,0.2440016011783345,0.4191338237999441,0.44569797637310854,-0.2577504591397206
-0.9909122315038684,1.0174097899769485,0.4629967829912015,1.2094460136568295,0.14603065176212468,0.6520255992146419,1.7888761635570216,0.6359511717560419,-0.29016631831696543,0.14760183141090094,0.5253707751260727,0.12000211930394498,0.22907067091188438,1.1113146156363958,0.24400180865805665,0.41899710317630207,0.45057967532035004,-0.06401902607903512
0.29609972230501125,0.34320019648794925,0.46300018775742957,0.42292959993835894,0.14597101705852034,0.6571518290697751,0.501897463760998,2.103913589641518,0.07121463503833864,0.5281072418197184,0.5201253138132063,0.12000003953339228,0.2687669537924867,0.3415339964637997,0.24399984698286922,0.4190108326654415,0.4479515954294555,0.8230707230624745
0.1982192748047185,-0.1792512926016807,0.46300019998994196,-0.3235288674512456,0.14597101705852034,0.6571518290697751,0.5997774387031641,0.02982744783480512,4.170781775093141,2.3857642018093714,-0.5657626741941402,0.12000003942648217,0.2687669537924867,-0.2031728062584402,0.24399984701601912,0.4190108326654415,0.4479515954294555,0.6600055891590862
1.272780371342159,-0.46944962356977665,0.46300088839996173,0.41147301238101375,0.14603394425992824,0.6567272414627683,-0.47474410300939346,0.40655471943356664,0.07151613620666374,0.7191047900237656,0.4397749163347431,0.12000015544210282,0.26663223956831894,0.3841969179795298,0.24400043903530474,0.4189889232287159,0.4480757075812222,0.5370453834070337
176.9737819151025,-0.266176694628467,0.4630101892980475,0.31144929325308357,0.14589919219442862,0.6479589824585535,-176.17579867445383,0.0017047473217296882,-0.05718849470471449,0.004067019152305782,10.638608909504871,0.12000176427276517,0.1972816496367129,0.10739287002565948,0.24399769817476655,0.4190245867181828,0.4525268844896881,0.2663668705392555
0.17678668075551032,0.3960358663617891,0.4630024973765886,1.692196084397072,0.14667418154692746,0.6490034006835812,0.6212461276260796,0.94346553160705,10.510666888767092,0.37031976366109026,-0.7501659409232992,0.12000648850640111,0.22968267514059484,0.515518906432847,0.2440054346802147,0.4187785906545424,0.44982468951775023,0.7239634889385071
-0.7627864379787904,1.0626725430272783,0.462982907959343,4.1037702436557355,0.14627461135357187,0.6548028103084078,1.5607499665916484,0.46590824078289217,-1.6224802969494245,0.19862651246349428,0.5163937258064742,0.12000138747056362,0.25892248004531926,4.43201894665063,0.24400229324689676,0.4189104429032658,0.44839147981973865,-0.008916908198133473
0.2773217078779708,-0.18061967849182897,0.46300019670363574,0.3866791814527728,0.14597101705852034,0.6571518290697751,0.5206754262666408,-0.30906809856715584,0.15816926259303504,2.4182192142340475,0.4880539506699221,0.12000003945452281,0.2687669537924867,0.2791214516276253,0.24399984700732405,0.4190108326654415,0.4479515954294555,0.6722985239323046
0.043307980588713865,2.5303584203872593,0.46300019892376865,0.3692314357784761,0.14597101705852034,0.6571518290697751,0.7546892609650445,1.6166298089735953,-9.763013587423533,-52.346013001826975,0.9188187978791654,0.12000003943258145,0.2687669537924867,0.5110968877183386,0.2439998470141248,0.4190108326654415,0.4479515954294555,0.6766951263304823
0.2018787571954298,-0.20841614265353786,0.4630001091849178,1.2368435372861322,0.14603552709247078,0.6568092514613061,0.5961219247564936,0.12467214432900811,-4.436742430893937,2.348123317348116,1.7628561773428377,0.1200000018017642,0.2667508345509032,0.7655358189387813,0.24400002182661085,0.41898496290908915,0.44809469049189427,0.6597382331793179
0.46800350500959126,0.39438518719834526,0.4630003158231699,0.4517048980377082,0.14436755364752354,0.6623897110024407,0.3299823207504457,3.3777516230244924,0.0583375222349954,0.14298289558962848,0.5205745920735831,0.11999453098996059,0.26587909591768577,0.3971705270668489,0.2439867511057986,0.4195338601986038,0.44914261524903065,1.183480774967856
0.21219900986343804,-0.22673576833384546,0.4629929325597629,2.782512226925409,0.1461346857220716,0.6507063325128142,0.5858308520286785,0.1122226034350994,-11.812450333966337,2.337643549733573,3.933032132379763,0.12000499191040967,0.22889909045694742,2.0672445618903716,0.24400110874932315,0.418956048086391,0.45018617827677243,0.6643606564008934
0.17631787113186903,0.2718125503016016,0.4630001956865849,0.41129796690953363,0.14597101705852034,0.6571518290697751,0.6216797453944584,0.2653811427793142,0.2826411343142487,1.3342870689697635,0.4911848065984723,0.1200000394633054,0.2687669537924867,0.2982606810703842,0.24399984700460067,0.4190108326654415,0.4479515954294555,0.6971549145170293
-0.8869669020075281,1.0345338092339702,0.46299020231553073,4.8013751255730845,0.14567565058762624,0.6641316597799493,1.6849379779006253,0.539190754240387,-1.691604613607568,0.16191989091175552,0.503866216673582,0.11999434495411689,0.3093625802499474,5.039928458466048,0.2440000923974563,0.4191169239340708,0.4457488875562354,-0.03808772056442877
2.0465592366999923,-0.334407365764737,0.4630050328406341,0.2593902875180689,0.14721207491374988,0.6472323113539346,-1.2485480291031175,0.5616137901103219,-0.1395716103544129,0.38567621968445637,0.8097398309671485,0.12000966805769943,0.23248263057846222,-0.1466216121297164,0.24400968069154014,0.418602871871549,0.44923087864357203,0.34617038988796556
-1.6037160401087893,-0.7129227504126172,0.4629933824026382,0.17438540964791094,0.14585845387945265,0.6572871558168353,2.401692181219668,-0.09618867664520991,-3.5861449613181584,-0.7274493589023816,-5.192708944082515,0.12000000699540106,0.2669984188479847,-0.7628022610280942,0.24399894790961865,0.41904673766745804,0.44812965811432093,0.6391648863985685
0.09906032914839652,0.8208367664901371,0.46299795422602363,0.3651208323021795,0.1459699794720969,0.657471385875923,0.6989694202825518,0.7342306150328864,-1.3329969739353278,-4.343662095143691,0.6448948613682818,0.11999897840698052,0.2702676291936538,0.3546772428241861,0.24399918645926882,0.41900815745028336,0.44789270764675654,0.6866223574981765
2.6972517347454006,-0.3087468135681161,0.4629999591891169,0.41404592011418984,0.14690741268284963,0.6541934065967776,-1.8992491805040386,0.4036231784137953,0.027910976962554963,0.2855880702072724,0.4575808281563677,0.12000155584259223,0.2686469969998874,0.37686692137511063,0.24400721153802846,0.41870191914888666,0.44748010467447746,0.31578253611293516
0.8027469372355999,-0.41796874370868126,0.4629962523828829,0.26152112613727435,0.1461547008773552,0.656422851455308,-0.0047217318120803525,0.6853246905520437,-0.30624859837315066,1.0831256473239217,0.7725414102573911,0.12000044343459382,0.2674872318805456,-0.1614176277148054,0.24400125657388527,0.4189494057580581,0.4479462638385989,0.5269808127363691
1.0119087195316678,0.07012894982879384,0.46299950312955074,0.3956933407800765,0.14594053073496172,0.6573201345027828,-0.21393778306853095,4.252485295307593,0.003950138825205236,0.2666405210334161,0.5280919512651462,0.12000089576428782,0.27011067440962444,0.3123461525667917,0.2439995910182659,0.4190198936484967,0.4478526565952553,-0.30332219912212044
0.9017442145659954,-0.030211650439447377,0.4629992415525025,0.2467547322358126,0.1459135042771747,0.651688899727452,-0.10373887287562268,4.724155792634557,-0.0667526244827863,0.34001162327307416,0.5715333818776385,0.12000319788205922,0.22912681487138375,-0.08977438121816933,0.24399927808898972,0.4190282105569492,0.45036573880684666,-0.19240349338409585
-0.9907759221292863,1.0176090810467369,0.4630046525078396,1.2094846925968794,0.1458859294649509,0.6516466997629897,1.7887731037482135,0.6363756938317421,-0.2899064024912917,0.14627292993144728,0.5258013573612379,0.12000379694194181,0.22918139241694974,1.1113696714831567,0.2439990667934248,0.41903730424301805,0.45033287678165485,-0.06298385166592665
-0.8675423298014239,1.0748226418368452,0.4630043357805805,0.43307762450918075,0.1464383375306405,0.6559388750130484,1.665547228543873,0.2256449666935938,-0.01635921181433231,0.08400847774301126,0.5296572633365889,0.11999894360860988,0.26943443494496644,0.3590322715560473,0.24400055187773445,0.4188380504513294,0.44771234930881815,-0.015921580790398904
-0.20833415450124626,-1.2643953505047567,0.46300100415692097,0.40323030945351723,0.1460339442599286,0.6567272414627668,1.0063346932789299,-0.5843683802632395,1.2728735537609954,-8.510003189908897,0.78676808289616,0.12000015395883708,0.26663223956831517,0.4291947867168902,0.2440004394948367,0.4189889232287158,0.4480757075812223,0.6587591254106264
-0.023713266311575158,-6.317386653326957,0.4630046821318663,0.3818346935113673,0.14603394425992824,0.6567272414627683,0.82169681772534,-3.8605695055877978,-13.467743311368679,-304.95995285305247,0.2315438920393081,0.1200001141486237,0.26663223956831894,0.10292227044432299,0.24400045183598357,0.4189889232287159,0.4480757075812222,0.6708900889861895
1.2420052766211938,-0.43212413206995476,0.46300794573228804,0.2722498248460936,0.14638943010223554,0.6502121171316296,-0.4439987286733159,0.6122211908704284,-0.22490947142656656,0.7038053261514745,0.8102119251590134,0.12000471478017244,0.23013595534094625,-0.15290021070015436,0.24400320513642473,0.41887241057527563,0.4500228051609581,0.48722531499805877
-0.045696885921794425,-3.5786300422791637,0.46301182621988696,0.37779287970541503,0.14575906460597293,0.6520780957781331,0.8436938182015826,-2.295441266612189,-4.17936341738387,-94.20647825323127,0.35312344890758435,0.12000369409966641,0.2288914259036706,0.1450270820264367,0.24399769248809747,0.4190773341289157,0.45044301959912225,0.669687270203033
0.8700084191664398,-0.045258009996152884,0.4629935365909763,0.11745587553224356,0.1456812594424231,0.6634588818255733,-0.0720277392934467,4.975414383987681,-0.131651812391667,0.33837611992349736,0.6075278834363388,0.11999518551817208,0.30450019552831176,-0.43679528985951094,0.24399736767248043,0.41910406380348075,0.4460514957595417,-0.1907591154480263
-0.8187125256875486,1.0503696725707548,0.4629979933676024,0.32584800186612295,0.1461410948368718,0.6569285944097616,1.6166909151160949,0.49786458454661026,0.024916306315212612,0.17708495412240735,0.5306422926941743,0.12000006187916733,0.2705785253936751,0.22472040869496834,0.24400106996306886,0.4189533620689429,0.44777440796699436,-0.02176196876034958
-0.9091495283098953,1.0317670188175578,0.4630006537976471,2.634958930235551,0.14569900898016436,0.6635114446833754,1.7071360366920814,0.544797083253079,-0.8392139915260203,0.15382053220521588,0.515097977468426,0.119994835781025,0.30455309554293475,2.735189325959361,0.24399760176063143,0.41909833007308317,0.44607223599368623,-0.042131325455544766
0.18838262058236813,-0.1991492861753454,0.4629973111931117,-0.3239534881445045,0.1459699794720969,0.657471385875923,0.6096215890770195,0.13206570820803323,3.603920129700573,2.36441514227073,-0.4530706500342172,0.11999898931443972,0.2702676291936538,0.08763245899504067,0.24399918308920596,0.41900815745028336,0.44789270764675654,0.6545339267722341
0.8466494801325815,-0.43167799281728136,0.46299909631137065,0.3943000806757672,0.1460389605687752,0.6572344803527441,-0.04863077071077372,0.5832582846390713,0.020965114304128497,1.0434069050653245,0.5128983409147051,0.11999984636783927,0.2704387969704912,0.3189239414567511,0.24400026950828388,0.41898698186493516,0.44783670363200595,0.5389292735105428
1.219560918985747,0.2308691824825154,0.46300175122150167,0.30983051416322854,0.14581349197465993,0.6472004607418284,-0.42156029930826977,3.215406428748278,-0.026405295363525778,0.19948693458739045,0.5477907518775251,0.12000723587867017,0.19760812836239602,0.1185677677291596,0.24399847647371867,0.41906103730586386,0.4522124892950381,-0.44055667493034545
0.016323906850338674,7.692454812753521,0.46299571098213876,0.3874953974270924,0.14600977200409374,0.6567488542019583,0.7816727811876175,4.819616305380523,4.095558950401275,-478.92835185829625,0.4685220397711649,0.12000170744173631,0.26716788840194905,0.25305760557279566,0.24400051863750613,0.4189981102085145,0.4480182684479742,0.6742070462524107
-1.5050350100496708,1.114888898430075,0.46300167831069877,0.34820471687037996,0.14566077355768922,0.6476571918343592,2.3030288532806105,1.1822375484512377,0.005093370684261263,-0.033598103444990694,0.5337583573678628,0.12000680583641794,0.19731715171139835,0.17908735744901896,0.24399732308815902,0.4191113499210639,0.452313606700256,0.0044687112957561385
0.1798533965138508,-0.2027392637361673,0.4630009098744632,1.6696574404844255,0.14603394425992824,0.6567272414627683,0.6181366046430148,0.17580668542624092,-6.237546854631119,2.3629366903990277,2.244518298177017,0.12000015504283852,0.26663223956831894,0.30641055516482085,0.24400043915884834,0.4189889232287159,0.4480757075812222,0.6500524418607039
0.2779622992569663,-0.18178254815554248,0.4629998754904582,0.38673244602933043,0.14568321398336412,0.6582468081044658,0.5200300861219612,-0.31276525488097773,0.15814139483287612,2.419588482233349,0.4880051409554174,0.11999877197220687,0.2689411124547309,0.2789261525222548,0.24399738467983464,0.41910345728011733,0.448142861475408,0.6721465625390672
0.9284995947356359,-0.006115986712578045,0.4630005297138309,0.41503239687554716,0.14610066886843512,0.6564905727175928,-0.13050642902276569,4.610048313853381,0.013466153209637854,0.3191183593006621,0.5223803816387754,0.1200002876711394,0.26662901421046364,0.3638654700096491,0.24400081624004044,0.41896707952542217,0.4480316343512108,-0.21924065902964318
0.1982013651911739,-0.18138504874942019,0.4629937033732136,-0.33269819835465075,0.14615156289898384,0.6566252409475651,0.5997964277567227,0.02113836028794421,4.168203106334968,2.3893991582870653,-0.5694812029041674,0.12000036833605798,0.2692456990242568,-0.2034813930997743,0.2440014272938995,0.4189514839019026,0.4478216354050912,0.660084624932829
-0.9241448441174599,1.0282311775837887,0.46299752261693955,0.23178681219506594,0.14611241823501778,0.6564199483189865,1.722137516848436,0.5845380913763089,0.05751453559048096,0.15549142614400013,0.5312029819089582,0.12000062227820638,0.2668282605114803,0.1300078043255111,0.24400091325639145,0.4189632628529026,0.4479940434558852,-0.046807340843699086
1.2731179387363785,-0.4731674674399685,0.46299934935500325,0.4108065364829106,0.14599677041456297,0.6568197583300999,-0.47511914662521626,0.4086872153658323,0.071396211501536,0.7199197447799262,0.4395643168114066,0.1200002073611602,0.26683061238853134,0.3842571378073966,0.2439999567229193,0.41900101217004937,0.44806429018730776,0.5415814847317098
0.20223140934392186,-0.20908467739709338,0.4630021299719495,1.2385581811333521,0.14610868407540778,0.6563670294526693,0.5957702919687103,0.12110723786658571,-4.435839640493034,2.347888966710947,1.7651395817791942,0.12000106381008879,0.2664618151290298,0.7649576101538097,0.24400074978076217,0.41896369700924935,0.4480173431741032,0.6599878848212742
-0.031854292852373595,-4.840746304652945,0.462999105137757,0.38698492473570417,0.14595902223317245,0.6574806846613995,0.8298589495887986,-2.6302977346514185,0.6315722102243058,-175.7758604519553,0.5494194828322507,0.11999959247192617,0.27024117713884727,0.30193578574907143,0.24399966263240014,0.4190134014727375,0.4478967056263031,0.6695945867672467
0.29915150560825926,0.3459518763912745,0.46300046770169184,0.42349286489925214,0.14610686220183183,0.6567469940831887,0.4988516103625196,2.102513590274737,0.07101939727793675,0.5274372828036682,0.5202469071007562,0.12000032854232201,0.26884520476144724,0.3414276140220177,0.24400088471648046,0.41896515310172655,0.44788273094533393,0.8276492790351282
0.04330876449241818,2.5304009244449253,0.4630024540201406,0.3687985149968067,0.14594862636425873,0.6571356973399402,0.7546885529727249,1.616619774694213,-9.763017995092598,-52.34601187005253,0.9186500153344075,0.12000050243967737,0.2687705871938877,0.5111636569018918,0.24399958219795634,0.4190168201872107,0.4479367292310369,0.6766948466798314
0.09896044295779809,0.8202518421104344,0.4629991003167832,0.36529951081190254,0.14597426336252878,0.6574022539078318,0.6990436824847868,0.7342178114316031,-1.3330059748049403,-4.343700460904936,0.6448527558218989,0.11999965361111695,0.2702490019352755,0.35462479176515516,0.24399976633358345,0.4190081957851712,0.4478774331164197,0.6862593934813214
0.32928094589782836,0.3752910792220337,0.46299816574132324,0.47985596009442005,0.14587157158541114,0.6572262709860816,0.4687192928481692,2.6035761809604625,0.14969896703293667,0.26585369681208426,0.5086237773185429,0.11999985015303433,0.26671991857014865,0.42170418430898965,0.24399893789275884,0.4190419400286188,0.44814426589572004,0.890502766690544
0.07690133789232989,1.1768939703191776,0.46300332375155573,0.41342708007330314,0.14595340377606242,0.656964753066858,0.7210989767583451,0.7712738370084369,4.333430841773053,-10.448659604188826,0.23132325864682268,0.11999997401076966,0.26666588512230294,0.11067384831690942,0.24399959794705678,0.41901513021822223,0.4481065762665489,0.6804462246708265
-0.20848429916129552,-1.2651480793448133,0.46299946884709625,0.40298619101898814,0.1459881945620014,0.6568292050319691,1.0064821176596552,-0.5843374849842231,1.2728718300713493,-8.509968976503464,0.7868308561838261,0.12000014960731892,0.2666149744138372,0.4291237857488009,0.24399989656810125,0.4190038389004647,0.4480859652658693,0.6590873998948099
-0.02370971619374626,-6.318154905608061,0.46300029355723044,0.3818175822836105,0.1459992627227412,0.6567856345060472,0.8217078105776348,-3.8605825239293172,-13.467742250034778,-304.95994501959706,0.23150703155543284,0.12000022260567045,0.26660579736304507,0.1029053056698421,0.24399998249839053,0.4190001995958188,0.4480786146741033,0.6709439487080591
0.17986082831213662,-0.20271745928291424,0.4630006615433795,1.669853424019281,0.14602343170573437,0.6566958555202056,0.6181351891075204,0.17548639512751668,-6.237472771217762,2.362737694116649,2.244641120882751,0.12000029918606674,0.26657394194450695,0.3064124841636333,0.24400020356112628,0.4189924364162984,0.44806506829464204,0.6500981780021386
0.18821625353509974,-0.19942120715889827,0.462999911611122,-0.3259495673851529,0.1459960030141053,0.6573399378473589,0.609784061600247,0.13113311579715456,3.6034647195047667,2.365041374885217,-0.45327700479372107,0.11999989085500101,0.27031355792353734,0.08753232038848197,0.24399997980718066,0.4190013559353941,0.4478628877749158,0.6544633265625547
0.17730452805613053,0.27321201677957163,0.46300009631918404,0.41212600971953384,0.14604549007632536,0.6570015596498388,0.6206960318334722,0.26516424164548313,0.282589906866791,1.3343773582972998,0.4913156683080317,0.11999979370431044,0.2688485896410362,0.2981234123039503,0.2440004324585058,0.41898549428565174,0.4479322982840729,0.6982032051164553
