s(t),deltaLM,p(t),rhoP,deltaNE,rhoE,m(t),muLE,muPL,muLL,muP,e(t),muEE,muPE,n(t),muN,deltaEL,muM
3.7459001955562066e-11,-4.6628658610357085,0.24388020781905217,0.089762288207271,0.26599999999771096,0.47099999930735303,-246.08366125131735,-58.36311509297462,-0.023720494403922262,3.7157427123837286,0.3067470157132084,0.7859515836635036,0.271999999814517,0.8562936399415377,0.5704116695257603,0.6500000000001803,0.4400000000058106,5.384407528062687
0.02937220581471958,-17.3063879858137,0.18176605570960674,0.021934433521556843,0.26601877800305884,0.4720392058468692,-94.38567672012513,-130.16622321747778,0.06569841758579402,3.6847148632367337,-0.04891260900071956,0.791401940953362,0.27230525006305656,-1.8598684356516568,0.5688846548048709,0.649996798449343,0.43997378832333905,18.1311285638646
-8.432855409478749e-11,-15.074306051968653,0.2060102808469877,0.05425542323006318,0.26597980121397924,0.47375434495568636,0.6815489550066333,1.8235172396596047,-6.453240667046304e-7,-0.06837178422434491,0.27211442137178404,0.790986887412442,0.272640465836282,0.47368300240970795,0.5689996925834487,0.6500019676929734,0.440017580253533,0.24184721127161288
-1.4508528883830536,-5.747898840374543,0.2059998999176283,0.04425964278020386,0.26601877800305884,0.4720392058468692,2.157798711444941,5.99063846118448,1.2525661727668186e-5,-0.09519798354798135,0.27274691517167454,0.7909998763872677,0.27230525006305656,0.4701486388557788,0.569000052829683,0.649996798449343,0.43997378832333905,3.0804017092356952
4.235459919044703e-24,-27.333989291545553,0.20599810647072694,0.06803039240288451,0.2659936267471611,0.4693354514158321,0.6870597148587722,1.5790570291025112,-8.16420550576924e-8,-0.030186000454085544,0.2721824138754089,0.7910060396598511,0.27160302445157625,0.476947139406025,0.5689998264803343,0.6500007336692962,0.4399923462242335,0.24874354913787397
1.216984939051749,2.4018412957198407,0.20599989969155458,0.044994122089408985,0.26601877800305884,0.4720392058468692,-0.5090748668259909,3.9206497235557736,0.00045987690666475425,-3.875787887539708,0.2724634221189516,0.7909998763922038,0.27230525006305656,0.4699677760187255,0.5690000528282705,0.649996798449343,0.43997378832333905,-5.358524633842932
0.0002772032817968996,-1.7304449411408014,0.22821184786713286,0.10541618944003332,0.2659999998121053,0.4710006044587165,-14.358328958162959,-28.8316239271047,-0.03864967956876218,3.785523030644306,0.2976410795939774,0.7886364777110946,0.27200014012419743,0.7826482657085877,0.5696640400487243,0.6500000000182046,0.4400000042407456,2.419631864917714
0.6924218782846061,-0.2851944504738882,0.2059999997472459,0.07049674950514875,0.26600000012913005,0.4710001506317552,0.015583121320455848,-1.3019934342816588,0.052322791439135916,2.999586680091252,0.2575225929232052,0.790999993342547,0.2720000479605868,0.450413763318781,0.5689999999738138,0.6499999999632675,0.4399999883534395,-12.360055179300412
2.8245691261781403e-29,-33.49733994552597,0.20599687468621064,0.07057049176347562,0.2660082696900918,0.4700726084940682,0.6938712906395021,1.3891008492520653,-2.848788278399134e-8,-0.018695321935356203,0.272177650515625,0.7910014436687206,0.2717638955336823,0.47758638814685095,0.5690001015156185,0.649998996363099,0.4400037512372247,0.25955809638236116
37.676722948970976,-8.97768817471716,0.20599969257554612,0.07461005526339379,0.2660000000049286,0.47099999964352046,-67.36910259525688,22.146792341926414,3.573424782480636e-6,-0.13335429409045788,0.27218804793904944,0.7910000101065452,0.2719999998818311,0.4785505008007749,0.568999997114449,0.6499999999993462,0.44000000001769884,13.709690680867007
-0.25305827116404445,-3.107663051367796,0.20599989999134857,0.04428709088921754,0.26601877800305906,0.4720392058468694,0.9609775222021335,1.4852837062468616,4.4535090556056976e-5,-0.09234130875283315,0.2727436364224916,0.790999876385638,0.27230525006305667,0.47015121433662127,0.5690000528301496,0.649996798449343,0.4399737883233391,0.43536308109466376
-91.41348089257019,11.297828221653868,0.20600024904176578,0.0650270306341232,0.26601228451572706,0.47145149488713933,110.4269321817682,1.128987101645925,-9.102197379936842e-7,0.042360356432537064,0.27221127364905773,0.7909996152423572,0.2721228671601577,0.4761478638108481,0.5690001099798102,0.6499981985395716,0.43999518908691826,0.258810152077791
0.06004747774839163,-0.7919172415172159,0.21676249651396953,0.11598478185165083,0.26599999989182543,0.47096829197621043,-4.504299932362331,-18.018291217198083,-0.047254420914914594,3.892793048598586,0.2911236343820707,0.7901255733548961,0.27199285155932623,0.7098795003678642,0.5692467558472716,0.6500000000091553,0.4399997037193832,1.457996033931604
11.981477968288047,-0.34165148212545293,0.20584839176965852,0.973618541411756,0.26595271175663726,0.48745424576177976,-16.938287432428396,6.680270772619276,0.0017406038138273502,-0.29086370324453825,0.28351456495647936,0.790905894203813,0.27570675911734616,0.6665036223723033,0.5689955439480351,0.6500040883401255,0.44015266081088417,2.230399352257719
-0.0006197327545083111,0.6644800162854725,1.3188650926514271e-127,-303.018471776183,0.2710407948561463,1.6237316253643426,1.8401677330439565,-11.006732818903021,-135.54724442811687,-4.3937282094691,-8.754086193526609,1.2476356347522077,0.5281279855988005,-411.2516365900753,0.5389367394445371,0.6496163311236259,0.4521725723871151,-0.06234834298561346
-3.6822357907017937,2.075404314083811,0.1996638838300555,662.1524613032702,0.27104079485614546,1.6237316253643117,6.136557174510925,1.9181137426441075,-3.515252917846117,0.5952386174944669,8.4272486890777,0.7829228348520666,0.5281279855987933,142.2254985767444,0.5691374657456674,0.649616331123626,0.4521725723871149,0.19603639009168325
-0.0818356157278648,14.21466792763254,0.2059969147048462,0.07003994933312144,0.2660082696900922,0.470072608494067,0.7876177532772752,38.05998001299954,0.1025353106273545,531.8344121750015,0.2748074885626731,0.7910014406732644,0.2717638955336821,0.4847330068851355,0.5690001023610896,0.6499989963630989,0.4400037512372247,-1.165921906240339
3.5816103954165057,-3.4354934623429245,0.206,0.08704363287608682,0.26600000018493347,0.4710001507106745,-2.8736103954165055,8.183108899569664,0.00014679147682784087,-0.13161951826068907,0.27212973758262177,0.7910000000000001,0.27200004765521507,0.4813938064617359,0.569,0.6499999999621966,0.4399999933753791,6.8523718017878075
0.6269327180016135,-0.3879328182651362,0.21004403129937413,0.12313102738667024,0.26599999860386053,0.47099842176796336,-2.277718617834882,-12.579790605653063,-0.052383477387433375,3.999240636731775,0.28732586357088813,0.7907305806718057,0.2719996499816874,0.6577901576687902,0.5690760963689905,0.6500000001061345,0.43999998335001794,1.0378687037102727
-1.3664995136389677,-6.746682412157793,0.20599626239552402,0.07249701629641951,0.26599999999771096,0.47099999930735303,-0.11104156581555853,11.065239339398815,-3.3890148359643023e-6,-0.1090437977206492,0.27215956686931364,0.791000277657989,0.271999999814517,0.47809030599782154,0.5689999218033889,0.6500000000001803,0.4400000000058106,3.8642377388209823
7.545316224078671,-4.140801789182438,0.20599999622257556,0.0832893015547725,0.2659999995701624,0.47099998990419084,-6.851826136921063,10.736724978539266,4.378111933135561e-5,-0.1389364388317186,0.27218560214621695,0.7910000000730736,0.27199999696845156,0.48059192231202746,0.5689999999782754,0.650000000074263,0.4400000002714503,7.725573347432533
2.605395938970989,0.2566736822625329,0.20599770711793008,0.07136795868940081,0.26600826969009167,0.47007260849406807,-1.899605123761953,33.29586553897875,0.09544379606570808,-9.833819561411778,0.2786996423193695,0.791001382063661,0.2717638955336821,0.15520502789408067,0.5690001189091682,0.649998996363099,0.44000375123722635,0.26562633208395486
0.07523138213005298,-1.749884318512446,0.205982668961946,0.041286542761705146,0.30986121389816534,0.5256599582981376,0.6283907691783781,1.3957201051357215,0.006622823099410575,0.24108524991251679,0.272680036515938,0.7908647514753785,0.29390393556200095,0.46719495244529424,0.5692901401040609,0.643598980234068,0.43957922370258423,0.22782245435282683
-0.2819008490808382,-1.2999139238768005,0.24132427137562484,10050.232302229002,0.27104079485614546,1.6237316253643117,1.1700682039642525,-2.0856701453655924,4058.4622168042038,-8.296857971638742,991.8109647787658,0.7652451225538502,0.5281279855987933,3369.5817087106548,0.5708979103573436,0.649616331123626,0.4521725723871149,0.725129732220711
1.5385879456221545,0.2258703299268996,0.24321567570189345,588.0633110858294,0.27104079485614546,1.6237316253643117,-0.3683135499415863,-0.9029926229533258,47.81764901921775,2.153294310215642,0.2787057891251009,0.7701862547180567,0.5281279855987933,91.63904058460407,0.5704249690665676,0.649616331123626,0.4521725723871149,1.2268735457092876
5.2666857827711135,0.2226370907196738,0.2058625281380348,0.4287044320071572,0.26599999860386053,0.47099842176796336,-5.572547806215583,4.585764776474398,0.0019167355919654902,-0.4711159123529196,0.27717580679699566,0.7910153498793102,0.2719996499816874,0.5485642801655076,0.5689957304521615,0.6500000001061345,0.43999998335001794,1.2155226040106388
-5.8955280568271,0.0026128213843647423,0.20599999720366058,0.4159361900293846,0.26502003586208284,0.5324130773598783,6.603528051324932,10.92264597319487,6.00539352017164,1.2913640848741963,-4.730821806564519,0.7909999894804743,0.29110524283454986,51.652308948331466,0.5689999904177276,0.6501998864611205,0.437392241946073,0.5604822865962793
-0.030409456408005263,4.730898796395777,0.20598272778241639,0.10450770176423736,0.2710407948561463,1.6237316253643426,0.727494419455272,63.198424099711936,-64.96842034492379,1749.919774171104,0.12479085532612766,0.781513105245485,0.5281279855988005,-1.8496107856518578,0.5692864431534901,0.6496163311236259,0.4521725723871151,0.08956222353047294
-0.05218039118510887,10.950403973845182,0.2059983505084047,0.06682415768363001,0.2659936267471611,0.4693354514158328,0.7562507118769459,36.81483366649646,0.22681758591179754,752.1595662768859,0.27530198939179906,0.7910060161893655,0.2716030244515764,0.4876581074836845,0.5689998330683779,0.6500007336692962,0.43999234622423355,-0.4505875071427174
6.26944464725811,-1.0476350497092333,0.20314510634015637,328.84697686797045,0.27104079485614546,1.6237316253643117,-5.509412176020191,0.1689664949392774,58.59968319701728,0.21109295730418615,-412.64759914937264,0.7825922241084242,0.5281279855987933,143.95186430244334,0.5691794387688963,0.649616331123626,0.4521725723871149,1.076163317222358
-4.008770923426673,3.90659509235694,0.20599820666401386,0.0596101630539641,0.2659999999977901,0.47100000014922216,4.71493529809829,20.00772565741116,0.014876994249846844,4.704780217027341,0.2823958422424117,0.7910001086585977,0.2720000000593886,0.5372520158582428,0.5689999692573707,0.6500000000002865,0.43999999998855116,-2.9076792393703945
4.772008039344155,0.18766299688840335,0.20591474284505829,0.48599000753541427,0.26599999989182543,0.47096829197621043,-4.6016699013735325,4.220248792793174,0.0026850843102090233,-0.42590841479463026,0.27774472723908433,0.7910085162583433,0.27199285155932623,0.5602628661130997,0.5689976756601621,0.6500000000091553,0.4399997037193832,1.3000700663153233
5.513795570668452,0.013492625635033173,0.20587787810012453,1.888988261946079,0.26597980121398024,0.47375434495568514,-5.2831106954419305,4.449929689486574,0.009877794236854396,-0.33942624122039633,0.2945431720394302,0.7909970540120275,0.2726404658362819,0.8493682009575039,0.5689968433081396,0.6500019676929732,0.44001758025353294,1.6417561545556494
3.9104524173077664,-0.9284530419806211,0.20505437973995153,0.11345967012253552,0.1965285659052191,0.5249838777616105,-3.2019718017248153,-17.98441865370598,-0.06758815628204684,4.1121064176494455,0.3458853572469688,0.7923142824883612,0.30012610801554934,0.7010898257378115,0.5682322435205208,0.6588374571649099,0.42653245157579206,1.6390042771850908
4.067227738102698,0.15873339089342178,0.20595115802691918,0.6195693904183616,0.2659999998121053,0.4710006044587165,-3.5807224086675125,3.8393033678884674,0.004510269407085535,-0.39002483228722334,0.27914570984073744,0.7910040801408852,0.27200014012419743,0.587059722559532,0.5689988537738254,0.6500000000182046,0.4400000042407456,1.3728429380353167
0.06064045901152367,-2.9107282930392713,0.20599989819109968,0.0461104298626428,0.26601877800305906,0.4720392058468694,0.6472768034270537,18.297694055121422,0.00260704739773664,-171.01524379435298,0.2726728954188062,0.7909998764259452,0.27230525006305667,0.470501172155183,0.5690000528186135,0.649996798449343,0.4399737883233391,0.0067196919095072515
-1.384996147472466,1.7358706953794023,0.20608750065964593,0.9461118025813415,0.26595271175663987,0.4874542457617856,2.2395716812430257,1.4680219447238196,-0.017124400399393124,0.7257161321768821,0.283665675061599,0.7908804968495478,0.27570675911734804,0.6616114393048432,0.5690024600695031,0.6500040883401252,0.44015266081088417,0.19943292728626363
-7.822906014877917,1.3413292368262502,0.20599999720366058,2.666356055061791,0.2650200358620826,0.5324130773598792,8.530906009375748,-17.98567499640276,6.5062886257937675,-1.7711937911438087,-1.2661593417326185,0.7909999894804743,0.29110524283455014,67.4450303415022,0.5689999904177276,0.6501998864611206,0.4373922419460729,-0.7143998967632066
-1.0161093746030294,1.310760089623019,0.20590762335596913,0.4265455253419585,0.26599999860386053,0.47099842176796336,1.8122168573973025,1.5880921411355071,-0.009773011216138982,0.9939278500207495,0.2774785098101636,0.7910099925787518,0.2719996499816874,0.5488039765835035,0.5689972196617896,0.6500000001061345,0.43999998335001794,0.18175618114717626
0.6064154155079984,-0.5933791386915082,0.20600000202557772,0.06483879873748613,0.2659999995701624,0.47099998990419084,0.1016001569823184,-1.934406982398706,0.044087028594038465,4.764444099912979,0.26157655270974783,0.790999999960796,0.27199999696845156,0.4558184679270976,0.5690000000104876,0.650000000074263,0.4400000002714503,-3.2406589391858844
-0.4438374244294218,22.042425127597614,0.20599999720366058,-0.006409065837347374,0.26502003586208284,0.5324130773598783,1.1518374189272529,0.9188431894093745,3.0802987636666115e-5,0.009492512456668751,0.27448987844947575,0.7909999894804743,0.29110524283454986,0.45475185091502157,0.5689999904177276,0.6501998864611205,0.437392241946073,0.307688944403033
-1.2908711943672786,1.5617131914723963,0.20602156366819335,0.9462175121606669,0.23745237947554987,0.48544296817149857,2.000098945166352,1.0624897826175665,-0.019349754541861372,0.2541070380556771,0.28341140099465484,0.7910208256375018,0.26975472282820123,0.6605687445283062,0.568761928431877,0.6538343123242153,0.4407188928894365,0.17179296964433383
-0.006014469696614419,22.1758997863654,0.20599999720366058,0.003980024503124991,0.26502003586208284,0.5324130773598783,0.7140144641944455,-56.25614669312087,-0.06571363097899124,-3839.1420988261075,0.2744392359390243,0.7909999894804743,0.29110524283454986,0.45700455755770136,0.5689999904177276,0.6501998864611205,0.437392241946073,0.13506126192943338
-1.995390580478514,3.3983452192293773,0.20599865577600396,0.04309729190284728,0.2660082696900922,0.470072608494067,2.701588321692077,13.33458350754579,0.06266507100668312,6.561586502238935,0.29851017608967834,0.7910013166776656,0.2717638955336821,0.595285001580807,0.5690001373958773,0.6499989963630989,0.4400037512372247,-2.124307571907675
-3.8016223716134383,6.5231525847200285,0.2060994118908587,-0.44046591206569624,0.26595271175663987,0.4874542457617856,4.443479807908463,-6.709149815799332,0.011881433130523521,0.46145961877937236,0.4215608253640154,0.7908827580511585,0.27570675911734804,0.21446019795052285,0.5690018704086388,0.6500040883401252,0.44015266081088417,-6.409917029187417
-2.969129854130525e-20,-21.754605057329982,0.20664531469046038,-0.4389026701842916,0.27104079485614546,1.6237316253643117,0.6652522599782584,2.363285083592844,0.00011751997783710347,-0.06721071291127997,0.2671279799368031,0.7812220987848166,0.5281279855987933,0.3636875391335948,0.5693149424061189,0.649616331123626,0.4521725723871149,0.22623531215914397
3.3980108033594103,0.12065495205106333,0.2058948296855619,5.168890460136932,0.2659936267471611,0.4693354514158321,-2.7630844398064873,3.512125993593799,0.053041422183268176,-0.354441986918307,0.3317325637975445,0.7910129368210834,0.27160302445157625,1.497332876251481,0.5689978746008041,0.6500007336692962,0.4399923462242335,1.4634335849482039
-1.58685757758439e-19,31.572605446804207,0.20599730715613468,0.0694025649456809,0.2659999999977897,0.47100000014922205,0.6643842217303783,-122.12725321554736,7.731150517410866e-5,-30617.564226152583,0.2721816318239837,0.7910001769890902,0.27200000005938846,0.47728912941761764,0.5689999500016969,0.6500000000002866,0.4399999999885512,0.1978204634575282
-3.3636055432931165,2.462600928210601,0.19929477388003697,134.38879422988978,0.27104079485614546,1.6237316253643117,4.041297441749443,-1.8795187722508737,-8.36276949880701,0.2898096757878053,-55.44242814685359,0.7849598198363307,0.5281279855987933,69.6348769450533,0.5689533159607637,0.649616331123626,0.4521725723871149,-2.3808386121233576
3.196671644448829,0.1499363149526931,0.20597104498643298,1.1094610259774877,0.26599999999771057,0.4709999993073557,-2.5509026345005417,3.40320639260169,0.011811956165522454,-0.365533221129921,0.28441516251284815,0.7910020140042628,0.2719999998145176,0.6838803393071086,0.5689994320409861,0.6500000000001804,0.4400000000058106,1.4079199677802876
0.5171399294692977,2.019069104460824,0.20599989978708508,0.047950234402485595,0.26601877800305884,0.4720392058468692,0.19088682378033614,2.83470667132561,0.023799669895963903,-6.7949874735420845,0.2674979668723763,0.790999876389973,0.27230525006305656,0.4621628774051738,0.5690000528289093,0.649996798449343,0.43997378832333905,5.833361357615033
-0.0006740507805876295,-4.924732220742914,0.18912842466517693,54.72221646995139,0.26599999860386053,0.47099842176796336,0.6925187143848689,4.463675004565952,239.7059363430934,-991.7786196616532,2.237179140990091,0.7938738710894256,0.2719996499816874,11.008115198862388,0.5682109398641391,0.6500000001061345,0.43999998335001794,0.26407141222422204
-0.7933829370908524,1.3743045555384472,0.2059459443742495,0.48337209269861303,0.26599999989182543,0.47096829197621043,1.5395115117500742,1.375893109391366,-0.015188304096408062,0.9567799145762559,0.27821325719215934,0.7910053656706383,0.27199285155932623,0.5607769610486242,0.5689985557894068,0.6500000000091553,0.4399997037193832,0.1895600430212875
-0.004068058143757406,22.23301104079829,0.20599999720366058,-0.031174774254693928,0.2650200358620822,0.5324130773598786,0.7120680526415885,-43.124125346419255,0.16016130491446554,-3497.1001754049726,0.27446480132313833,0.7909999894804743,0.2911052428345498,0.4491402392647821,0.5689999904177276,0.6501998864611207,0.437392241946073,0.20384797641175403
-0.0013558927923782676,27.350339593159863,0.20599999720366058,-1.3161751820773016,0.26502003586208284,0.5324130773598783,0.7093558872902093,-35.076584074802604,10.76134974144062,-2853.1368550252505,0.2650092903592006,0.7909999894804743,0.29110524283454986,0.14406453558138776,0.5689999904177276,0.6501998864611205,0.437392241946073,0.27469658982322953
-3.7027015972152184,3.5341636870089896,0.20614994304212308,-0.41871967653708814,0.26595271175663987,0.4874542457617856,4.378413708040884,-2.9756830704908745,0.021334723987641267,0.35380478880311395,0.45118121494147895,0.7908769073707317,0.27570675911734804,0.22658879392452372,0.5690034583017072,0.6500040883401252,0.44015266081088417,-3.4407540559624947
-0.45706995936969425,-9.908978563016653,0.20599999720366058,0.24017132597742222,0.2650200358620826,0.5324130773598792,1.1650699538675253,-14.752263780608317,10.141416997920999,-48.76786189425527,2.4422499857444997,0.7909999894804743,0.29110524283455014,3.638517805267972,0.5689999904177276,0.6501998864611206,0.4373922419460729,4.19080111169777
0.28884883323654165,-4.42383842744173,0.20600132593946432,0.06406987280789907,0.26601228451572706,0.4714514948871395,0.4289381051819963,-10.279041116948445,0.0204395366371997,47.586469975918476,0.2700744598591282,0.7909995878870426,0.27212286716015777,0.4713707404070141,0.5690001178004306,0.6499981985395716,0.43999518908691837,-2.6041352707653562
1.073100799809278,0.2352379191994006,0.20599999720366058,-146.0718435596462,0.26502003586208284,0.5324130773598783,-0.36510080531144706,1.7426435790168873,-8.748243470863613,-0.26219068127108575,0.2415125081490567,0.7909999894804743,0.29110524283454986,-25.67517053575845,0.5689999904177276,0.6501998864611205,0.437392241946073,1.3149235684507725
-5.377215318630941,5.853346877811206,0.2060243033441243,-0.21953040581921815,0.26597980121397885,0.47375434495568486,6.0567218023155895,-4.887314616140845,0.012681499403019776,0.40727299423763086,0.4361174608613206,0.7909853564383307,0.27264046583628154,0.28157324412185525,0.5690001176632068,0.6500019676929735,0.44001758025353294,-5.7457009600012405
-0.05596461699131339,2.704614957920022,0.206,0.06250150741250175,0.26600000018493347,0.4710001507106745,0.7639646169913133,-6.969534495903308,0.01870881069609497,-64.1531560222528,0.2719957376277132,0.7910000000000001,0.27200004765521507,0.4771600560366349,0.569,0.6499999999621966,0.4399999933753791,0.12514253545881335
2.7184699521924722,-3.9048765597979624,0.20599999720366058,-2.187955980607095,0.26502003586208284,0.5324130773598783,-2.010469957694641,-11.235485542914988,7.46709444747035,4.993253841981254,-6.44223639520953,0.7909999894804743,0.29110524283454986,-17.28451253396735,0.5689999904177276,0.6501998864611205,0.437392241946073,5.632465719836092
-0.008604912584756094,-3.1719739228568686,0.205996199702551,0.07248601353222191,0.26599999999771096,0.47099999930735303,0.7078380142951662,1.9003666830028203,-4.0127100514066895e-5,-0.2265466825478385,0.2721601522320517,0.7910002829649704,0.271999999814517,0.4780901324520488,0.5689999203132591,0.6500000000001803,0.4400000000058106,0.28697233805126476
-5.221397723715288,4.837613417009652,0.20602987543114576,-0.2140719846469756,0.26597980121397885,0.47375434495568486,5.906314456149922,-3.77754511957104,0.015233472717538948,0.37498361130603935,0.4461050536027358,0.7909848087332517,0.27264046583628154,0.2848636318262888,0.5690002701681335,0.6500019676929735,0.44001758025353294,-4.736477070761306
4.886452116113173,0.5483050370601878,0.20599922301815418,0.055194043891628145,0.2660122845157267,0.4714514948871373,-4.179032539182075,8.34049170509978,0.012346767003484175,-1.2583696315553698,0.27682797186360686,0.790999653393709,0.27212286716015693,0.3915095362223325,0.5690000991082906,0.6499981985395716,0.43999518908691854,-0.043452907974860344
2914.9997471574184,0.9672906105231421,0.205999998640443,-0.0051483821459868675,0.2659999995701624,0.47099998990419084,-2914.2917624513207,0.005550419201392055,4.134106403319394e-5,-1.4861656666808398e-6,0.2767895374875527,0.7910000000286924,0.27199999696845156,0.2998072789670265,0.5689999999910138,0.650000000074263,0.4400000002714503,-0.44012674649898176
0.6761754712600738,0.23484332958081292,0.19323134200580752,38.09644758062913,0.27104079485614546,1.6237316253643117,0.02918035111534436,19.438437642341498,-42.361466267648595,-21.54449250248451,-0.9644884314206356,0.7885581430710761,0.5281279855987933,47.535973909098836,0.5686098567874668,0.649616331123626,0.4521725723871149,0.11056247277887149
-1.4561670747294382,1.4376018982958862,0.1948484763083362,80.93157276644091,0.27104079485614546,1.6237316253643117,2.163640711201714,8.865833897396753,-35.1682589438423,5.146536858537281,-3.9603274257509784,0.7874610297332197,0.5281279855987933,-39.311355988260765,0.5687134868028283,0.649616331123626,0.4521725723871149,-0.5501189898127077
0.01680247400422945,-2.9054797989847647,0.20599543608561557,0.07498105418046119,0.26599999999771096,0.47099999930735303,0.6855337960830112,15.69028327898747,0.0060423648201739545,-491.25146133043927,0.2722056742291325,0.7910003508196803,0.271999999814517,0.47853284944044444,0.5689999012707501,0.6500000000001803,0.4400000000058106,0.20632822096161127
0.3835570247069739,-0.33538357962003956,0.20599999720366058,-38.58908641456871,0.26502003586208284,0.5324130773598783,0.3244429697908571,0.20528599313609577,-23.21774039249731,2.2210610470714434,6.823756044352018,0.7909999894804743,0.29110524283454986,-6.614760048417916,0.5689999904177276,0.6501998864611205,0.437392241946073,0.020201410082396308
1.394621134312155,0.18028212983180653,0.20599989156302692,0.7325065955218028,0.26601877800305906,0.4720392058468694,-0.6866464874990855,2.161681215388305,0.0250559852114421,-0.29538270959489665,0.27579161535541796,0.7909998765574662,0.27230525006305667,0.6013388290300158,0.5690000527809462,0.649996798449343,0.4399737883233391,1.4114923156101804
-2.1408620327249673e-5,11.28440700955337,0.20599879197790155,0.0649016772330476,0.26601228451572706,0.4714514948871395,0.6867189875068173,-37.5795308563804,0.0006040557369981943,-2640.5025233671213,0.27220975744331377,0.7909996716095935,0.27212286716015777,0.47612396723482603,0.5690000939219572,0.6499981985395716,0.43999518908691837,0.1884961338839794
0.05068879079540766,-0.9670368070791433,0.20599999720366058,-40.73985894092436,0.26502003586208334,0.5324130773598771,0.6573112037024234,3.3930277834984715,-31.453125778498563,-8.639069119894303,1.1721834521140324,0.7909999894804743,0.2911052428345496,-9.272779116755876,0.5689999904177276,0.6501998864611204,0.437392241946073,0.2071320500296425
-0.00029914116051652043,-20.828578546743678,0.20607942609033403,0.01346509474718726,0.26597980121397885,0.47375434495568486,0.691315456751548,30.259550838747966,-0.5672710613740652,-15659.198098114784,0.2709556705539775,0.7909782519067353,0.27264046583628154,0.46566598485110766,0.5690020825472973,0.6500019676929735,0.44001758025353294,0.25992859471555485
0.9465229326350348,-7.363242048192981,0.20599999720366058,-0.010452436089094136,0.2650200358620827,0.5324130773598786,-0.2385229381372039,-15.600512070215935,-0.0045962667781413585,21.692183211765865,0.27631907179819876,0.7909999894804743,0.2911052428345499,0.45686900995967045,0.5689999904177276,0.6501998864611205,0.43739224194607296,29.817781990475844
0.06910412734307396,-0.019386632099118048,0.2059457248767949,0.1489158916315621,0.26599999860386053,0.47099842176796336,0.6230872043692268,6.576078120148997,0.046389535993826385,-58.511505642525165,0.27323813304423783,0.7910066957878813,0.2719996499816874,0.4915564480851498,0.5689981452622976,0.6500000001061345,0.43999998335001794,0.21286642004611794
-0.6908065849021725,1.5449108012308423,0.2059773286348125,1.835250391167852,0.26597980121397885,0.47375434495568486,1.418678266506236,1.1978784188945168,-0.07200021701102957,0.8185316954285065,0.29614888969213,0.790988560430547,0.27264046583628154,0.8426684823936739,0.5689992170151836,0.6500019676929735,0.44001758025353294,0.19978653539780386
-3.7229221165502033,0.8735778423271847,0.206,-0.2743775409103387,0.26600000018493347,0.4710001507106745,4.430922116550203,-1.5708601824846775,-0.10952618392350913,-0.34918004033439953,0.2654813586776076,0.7910000000000001,0.27200004765521507,-0.11915750262271636,0.569,0.6499999999621966,0.4399999933753791,-0.27003193636843614
-3.7240919414313924,0.8166806212821873,0.20579776653639087,-0.27438302815763116,0.2648517968423109,0.47127540708177634,4.4324790415094615,-1.5697621298152036,-0.10888905980539297,-0.3580211214424514,0.26277328059988897,0.7909652395783633,0.2708090831283786,-0.11920194857743988,0.5689873218260663,0.6501591589963942,0.4405732271451836,-0.24041607744404134
0.9586981767175926,-7.993793850541589,0.20599999720366058,-0.004585925760260939,0.26502003586208284,0.5324130773598783,-0.2506981822197616,-17.125148369780785,0.0020115987493672383,23.097738204095016,0.2736709477550077,0.7909999894804743,0.29110524283454986,0.45380660434524034,0.5689999904177276,0.6501998864611205,0.437392241946073,30.297432755765023
0.051233594288250105,-1.1058650317440166,0.20599989956031836,0.012522118474364134,0.26601877800305906,0.4720392058468694,0.6567627897752782,3.6772753006449213,-0.026433935884298508,-11.45002214423202,0.27348357719201843,0.7909998763948664,0.27230525006305667,0.46264106224681856,0.5690000528275093,0.649996798449343,0.4399737883233391,0.19996726902511297
-0.25384496248921035,3.187842294710795,0.206,0.08864967847615891,0.26600000018493364,0.47100015071067475,0.9618449624892103,0.6549342796877246,-0.0013565077267852924,0.08407786163007593,0.272235736835597,0.7910000000000001,0.27200004765521524,0.48190740111026,0.569,0.6499999999621965,0.43999999337537904,0.2518304096848884
3.7437435225160955,0.6314326254078402,0.20599979926949671,0.041256307017022716,0.2660000000049286,0.47099999964352046,-3.036208564515367,6.440055572755558,0.017195083397665494,-1.2621743820338525,0.2779717551140543,0.791000007955919,0.2719999998818311,0.3813516357035178,0.5689999977332728,0.6499999999993462,0.44000000001769884,-0.16137137956738853
-0.008600617872093189,-37.198008142439576,0.2060267016677747,0.050363956135060055,0.2659936267471611,0.4693354514158328,0.691969614539151,54.73496785777198,-0.38872100224045586,-40955.06042397228,0.27171005242323504,0.7910035308555715,0.2716030244515764,0.47336857101353236,0.5690005298513849,0.6500007336692962,0.43999234622423355,0.2659162004342153
2.4980926272428934,-0.1992301720902689,0.20594355692196803,0.11957618407517584,0.26550852824957394,0.47887594460820204,-1.7895101993761655,-12.466615672766398,-0.05910366303243156,4.397358731002246,0.2859486057677029,0.7911135992873434,0.27624196956337393,0.6582209729654163,0.5690566228643416,0.6501508873568426,0.4387365861112004,0.8154172769873193
0.04727031164737093,-1.2611310252723784,0.20602998217096746,0.044613837716122325,0.26599999860386053,0.47099842176796336,0.6490889659518028,28.381144386343248,-0.13000215814630786,-426.6990172070736,0.27126034021076495,0.7909952764658803,0.2719996499816874,0.4802999728764295,0.5690013043321077,0.6500000001061345,0.43999998335001794,0.16466503420538983
-0.0670461714215619,5.4079995394894285,0.20601191459479537,0.04999574819158291,0.26597980121398024,0.47375434495568514,0.7691798673054383,23.795894846296118,0.25657589273592013,348.642424744752,0.27561189200491426,0.7909867002289308,0.2726404658362819,0.4899361221309052,0.568999744486952,0.6500019676929732,0.44001758025353294,-0.16760870310582804
-0.5955637705322286,1.4440869380443138,0.2059699068488862,0.6223014442735111,0.26599999981210604,0.4710006044587117,1.3169368170750102,1.1734657886786182,-0.027648609263299297,0.908891252848577,0.28008683542676754,0.7910024895897825,0.27200014012419643,0.5895607740402222,0.5689993001947301,0.6500000000182045,0.44000000424074553,0.1967863255215455
-2.128485246645248,4.486831229927122,0.20600010310973788,0.07467484277804018,0.266000000004929,0.470999999643521,2.8540556968809403,1.0104697271411407,-7.263445924404615e-5,0.11598378160848562,0.27219169099133456,0.7909999959811277,0.27199999988183143,0.47857068410073794,0.5690000011450794,0.6499999999993462,0.4400000000176988,0.24442602609663877
-0.0019626603395486177,-3.311219152203715,0.20653362133617037,-0.6797801800965372,0.26599999989182543,0.4709682919762168,0.6994295633155644,1.7135847209492652,-2.2136011796555946,-401.89618466495915,0.24276856543685585,0.7909421736714949,0.2719928515593278,0.3259132445437496,0.5690161809924786,0.6500000000091553,0.4399997037193832,0.27734795388499517
0.055198383929751314,-0.22702023759273676,0.20597119974578865,0.13111379209700597,0.26599999989182543,0.47096829197621043,0.6421826490779089,6.464743365145176,0.04099955091904814,-66.63675447044766,0.27286255837564005,0.7910032742862061,0.27199285155932623,0.48903039425829986,0.568999143127521,0.6500000000091553,0.4399997037193832,0.2133728957407948
0.6853500671084027,0.41507941000142945,0.206,3.0772710003550783,0.26600000018493364,0.47100015071067475,0.022649932891597172,1.0632882471105964,0.45348669116886864,-0.1425844178709954,0.2514603460141338,0.7910000000000001,0.27200004765521524,0.8940168721041802,0.569,0.6499999999621965,0.43999999337537904,0.8799838481965038
-0.09208714700506097,2.2302912136192585,0.20599999720366058,-1410.8044369000397,0.2650200358620826,0.5324130773598792,0.800087141502892,0.08967687674920989,336.87173041413683,0.5118323217317873,-11.911960785346867,0.7909999894804743,0.29110524283455014,-312.33462808132,0.5689999904177276,0.6501998864611206,0.4373922419460729,0.23714788910106244
0.05627430697849722,-1.1081875346066588,0.20600488952323565,0.0633818433905269,0.26599999989182543,0.4709682919762168,0.6421934185964944,23.496273208307713,-0.05345347868885321,-292.318837675363,0.27171801626769315,0.7909993185078186,0.2719928515593278,0.48024094476317153,0.5690002431996083,0.6500000000091553,0.4399997037193832,0.1586941383206826
1.047885909588633,0.33310350306345765,0.2060000061569301,-1.0720436444543162,0.2659999995701624,0.47099998990419084,-0.33989639218136747,1.720720376491892,-0.07304551837531535,-0.334294008006047,0.26740251108336116,0.79099999987662,0.27199999696845156,0.2829425075684312,0.5690000000346285,0.650000000074263,0.4400000002714503,1.090015675694163
54.75716591687869,-31.068818739459946,0.20599999720366058,3.7062736801026097,0.2650200358620826,0.5324130773598792,-54.04916592238086,-221.04952137196244,-10.324656637429309,3.776586961858803,87.17503096661507,0.7909999894804743,0.29110524283455014,606.2868640875563,0.5689999904177276,0.6501998864611206,0.4373922419460729,31.916146753485236
-28.654608791474853,0.9479809178538161,0.205999898284387,0.02999526798430207,0.26601877800305884,0.4720392058468692,29.362618107144044,0.8453237380276936,0.0020667897287082815,0.02098079600621956,0.2668702292567907,0.790999876421311,0.27230525006305656,0.5487111479149275,0.5690000528199382,0.649996798449343,0.43997378832333905,-0.35577189728228503
-18.655004585218226,0.594151708644766,0.20598224972004886,0.1017846359180284,0.26599999860386053,0.47099842176796336,19.354548288162107,-0.03306286075425389,0.003395249853905862,0.00767763719612068,0.3370725508727491,0.7910020034142411,0.2719996499816874,0.48343686352849463,0.5689994459209117,0.6500000001061345,0.43999998335001794,-0.5769918733481121
-0.02937825204095394,3.0082646548815735,0.20599999074315709,0.07099726674059038,0.2659999995701622,0.4709999899041908,0.7372965056620115,-8.629013455013947,0.012179901759213954,-124.27175094568662,0.2720639714697641,0.7910000001765358,0.2719999969684515,0.47841366018939363,0.5689999999485919,0.6500000000742631,0.44000000027145025,0.1627082322731843
-0.008285930419525462,-6.525632887273216,0.2059998891794613,0.06833481687095203,0.26601877800305906,0.4720392058468694,0.7162571495983973,2.443031061633071,0.063388441108959,-477.46174978226577,0.2732220013407637,0.7909998766056031,0.27230525006305667,0.47645749867844006,0.5690000527671596,0.649996798449343,0.4399737883233391,0.3803402549292083
12.406526920628432,0.2972646599261146,0.20598157894156052,0.10438055821012408,0.2659999986038578,0.47099842176796597,-11.706928320851388,0.04531719108145393,0.00017965021175269448,-0.0003093449633292921,0.26911395846826663,0.7910020829166293,0.2719996499816875,0.4871209246910936,0.5689994238375397,0.6500000001061347,0.43999998335001805,-0.44952903840708075
-0.059320870254752585,1.6591978136768162,0.206027279080106,0.061976521159946896,0.2644845874693402,0.4690549300211651,0.7677599903079791,-6.637492217794127,0.018283968392797625,-64.18627528219373,0.27109396181728956,0.7909995349603652,0.2711587867326457,0.47903486603443135,0.568987732751315,0.6502042532346288,0.4400575988858906,0.1610247270267348
23.177466253545948,-13.488602506991835,0.206,-0.10736768678997191,0.26600000018493364,0.47100015071067475,-22.469466253545946,-89.79812734215265,0.3871230510161783,3.6842248425224975,-1.2190462298420344,0.7910000000000001,0.27200004765521524,-9.02666999308871,0.569,0.6499999999621965,0.43999999337537904,14.34917145938805
2.3021343273967654,0.17966077482383727,0.2072506363850333,-47.44922753785981,0.2660082696900922,0.470072608494067,-1.6041608506229332,2.8824970932186877,-0.846741996025393,-0.3553553612849047,-0.22865409639911916,0.7909485017067568,0.2717638955336821,-8.7867549266337,0.5690151767595614,0.6499989963630989,0.4400037512372247,1.3698806165267348
0.4075760095260964,-1.3369605679403702,0.20600024159048397,0.06625183402164819,0.2660000000049286,0.47099999964352046,0.3010655960023826,-3.652118938133324,0.03825046889177275,12.32459334315741,0.2663122747361762,0.7909999912165823,0.2719999998818311,0.464307722083584,0.5690000025044097,0.6499999999993462,0.44000000001769884,-1.5141648801161574
0.36948805494760606,0.12421404357878907,0.2060989729939633,-0.026008624641655216,0.26595271175663987,0.4874542457617856,0.33070655383685205,27.51615281229152,0.34543040140337977,-56.58361775707199,0.27665345765380395,0.7908829666782823,0.27570675911734804,0.2872171739731975,0.5690018151852334,0.6500040883401252,0.44015266081088417,0.1445383175226693
-0.49389380841744107,3.3470488055255356,0.20600000035482657,0.08395827822888832,0.2659999995701624,0.47099998990419084,1.20194783767534,0.7973556657330135,-0.0005596747775448617,0.11714983238350064,0.2722207760660775,0.7909999999936108,0.27199999696845156,0.4807904476824807,0.5690000000010728,0.650000000074263,0.4400000002714503,0.24505640158839867
0.11640864517540389,-0.16656263247470018,0.206027028018407,-0.08015717812081384,0.2659999986038578,0.47099842176796597,0.5840252933253476,-0.13648609838540818,-0.11876946550421023,2.5669778428040093,0.3011540218097558,0.7909966749494491,0.2719996499816875,0.419860445445043,0.5690009259718651,0.6500000001061347,0.43999998335001805,0.3963384865487211
-28.654782208793332,0.9464745477555843,0.20602880086071662,0.029995420052454688,0.2657475284275187,0.4716943290929898,29.362439843909254,0.8452854213207601,0.0020515177540325323,0.021109779143059917,0.2668383549706971,0.7910618638592675,0.27368664481523935,0.5487093423475127,0.5689895409328188,0.6500098927535344,0.4391676980710893,-0.35872984084872656
2.299592556834775,0.18020060845728086,0.2060641180900532,-9.321917471649728,0.2659999999977897,0.47100000014922205,-1.6015646098483685,2.880645641985087,-0.16762979466446806,-0.35556580219537387,0.17319449433622477,0.7909966079983416,0.27200000005938846,-1.3532988073213303,0.5690009617569668,0.6500000000002866,0.4399999999885512,1.3688303830812905
-0.1988212305713715,0.8016792538218651,0.20640275888169737,0.45461915596050445,0.26595271175663726,0.48745424576177976,0.9140677707610168,-2.9840121071199253,0.39913138831759887,-10.366328878836761,0.27890234664472363,0.7908506235838324,0.27570675911734616,0.6793626293405968,0.5690106137021093,0.6500040883401255,0.44015266081088417,0.11949292233069841
0.04964883728611414,-1.4241550301718813,0.20599755072570566,0.07030682467982083,0.2659999998121053,0.4710006044587165,0.650976755434256,22.246553063581736,-0.02059506530174532,-304.6846142845894,0.2719908725798519,0.7910001229250792,0.27200014012419743,0.479058615333322,0.5689999640624822,0.6500000000182046,0.4400000042407456,0.154499784708239
1.6340840124052414,0.2255545347723675,0.20599990765014603,-0.9951287806127316,0.2660122845157267,0.4714514948871373,-0.9268881389179214,2.3720736119691184,-0.03142134824701641,-0.3457521726620811,0.2631998870562077,0.7909996268898626,0.27212286716015693,0.27643636577588615,0.569000106656054,0.6499981985395716,0.43999518908691854,1.2991727938691795
0.0367939082779128,-0.7928173818504439,0.2059872886240839,0.10096937138126987,0.26599999981210604,0.4710006044587117,0.6639263273792039,7.993907561967028,0.025823811565417108,-115.97142483067798,0.27244700161427016,0.7910011652407237,0.27200014012419643,0.4837133436713422,0.5689996728119535,0.6500000000182045,0.44000000424074553,0.21106400675086712
-0.5373484678167822,1.3000272405762947,0.2061568884067285,-0.1593048518557549,0.26595271175663987,0.4874542457617856,1.2388023547825278,6.751570893585407,0.2380180245142981,10.652679422917922,0.28404315746302067,0.7908757795430719,0.27570675911734804,0.5674395797714306,0.569003762072941,0.6500040883401252,0.44015266081088417,-0.19224641997652311
-0.0025348210710403594,-3.364489857606484,0.20607325060878948,-0.11361363036032815,0.26599999981210604,0.4710006044587117,0.7031382792237765,1.4059267651798555,-0.5123608243219975,-371.4253456483251,0.2650119288175409,0.7909931523623855,0.27200014012419643,0.43914155748469885,0.5690019173643414,0.6500000000182045,0.44000000424074553,0.28652950158580204
-0.7975706915407369,0.9604367945168564,0.20594628440630516,0.4262338536294864,0.23810093615276529,0.469005655065629,1.5056990698938024,1.2196161390386382,-0.013652363480381288,0.7489709369566423,0.27573523242908576,0.7910144003135804,0.26557362985329597,0.5494637972687924,0.5687853620538773,0.6537797494993821,0.4408010874645403,0.11384659902174071
-1.3633269200568179,0.771817364422151,0.206,0.8339275663572927,0.26600000018493347,0.4710001507106745,2.071326920056818,-1.4031947147328696,0.31430398174604174,-0.8920513018930061,0.3024894081077098,0.7910000000000001,0.27200004765521507,1.1799061314261237,0.569,0.6499999999621966,0.4399999933753791,-0.10969330531853282
-0.029192387160481656,2.2285926582990774,0.2059974670954212,0.07097635346123576,0.26561636938816996,0.4694696986742517,0.737509291754847,-8.379690275447269,0.012236199137816966,-124.28768475991356,0.27216143492192485,0.7910018395072477,0.27155030808889313,0.47829058012535947,0.5689926880959254,0.6500414397067407,0.4400024444060502,0.176234151577696
-8.21280580898967e-5,-46.27927721208139,0.20600239052068497,0.06221255419645191,0.2660082696900918,0.4700726084940682,0.7004172304483456,61.99732176128977,-0.20123453473234876,-48081.49802724323,0.27196592045001083,0.7910009950549333,0.2717638955336823,0.4758178993882937,0.5690002280070947,0.649998996363099,0.4400037512372247,0.27873800934450577
-0.005987449110313309,-4.363249428919731,0.205982276265228,-0.11218979366566745,0.24696842526334972,0.4698412599645166,0.7136375728754396,1.029306959530876,-0.5124653097202102,-371.4221956526792,0.2657182873381662,0.7909982768000063,0.26760284526874717,0.43394019329331934,0.5688502722758524,0.6525633277117084,0.44055967242616173,0.33345529143691355
-19.482084089786486,0.7657031726077456,0.2059890227830276,0.0885627278087535,0.26599999989182543,0.47096829197621043,20.183599433344295,-0.049825677095797966,0.005246466740675068,0.01584666820257652,0.37866574080096715,0.7910012999105951,0.27199285155932623,0.47668830751787006,0.5689996931840885,0.6500000000091553,0.4399997037193832,-0.7506074060380867
0.5893006016547232,0.44520051903405583,0.206,1.153705505212225,0.26600000018493364,0.47100015071067475,0.11869939834527675,0.863248830405878,0.21819513749931252,-0.015960482377391078,0.2606648763354351,0.7910000000000001,0.27200004765521524,0.6117862603445631,0.569,0.6499999999621965,0.43999999337537904,0.7604849490887832
1.5481814409605548,0.2525654416145281,0.20600047546467998,-1.006351137728624,0.266000000004929,0.470999999643521,-0.8408663120423131,2.2894392316822865,-0.03497926575720525,-0.3568877523437952,0.26306898594938904,0.7909999817769221,0.27199999988183143,0.2772572182164846,0.569000005193366,0.6499999999993462,0.4400000000176988,1.2441960862038175
2.2367560149533805,0.3675468174193346,0.20599846134565186,0.06400468884070125,0.2659999999977901,0.47100000014922216,-1.5305811292422782,15.025477178236969,0.02424457912433653,-5.036731964576581,0.2751348563108903,0.7910000907417442,0.2720000000593886,0.4036310962875206,0.5689999743143592,0.6500000000002865,0.43999999998855116,0.12040155407742525
-0.012060041482412284,-1.6893649555824384,0.20557218528688315,2.2408574221961617,0.26595271175663726,0.48745424576177976,0.7138823106555156,0.013457737457272615,4.1677008305581635,-94.15994942255011,0.3938611906071173,0.7909347840407652,0.27570675911734616,0.9386611068564685,0.5689876802851027,0.6500040883401255,0.44015266081088417,0.29572183693477405
0.02455928311534091,-3.2369932143433164,0.20599679257488096,0.0706571990795853,0.26599999999771096,0.47099999930735303,0.6779053498606618,28.48503129134033,-0.005107672036373377,-741.4444861093219,0.2721457266796065,0.7910002273738194,0.271999999814517,0.47780692178546336,0.5689999358929416,0.6500000000001803,0.4400000000058106,0.16200713941959222
3.0592585401778316,-1.1239319886615877,0.2059998975691778,0.09309794887178649,0.26601877800305906,0.4720392058468694,-2.3512633869697344,0.22177903545613145,0.03746905825101888,0.41488709039992305,0.1294496721554741,0.7909998764359958,0.27230525006305667,0.5190891959414755,0.5690000528157303,0.649996798449343,0.4399737883233391,1.2103712144959518
-0.6030208939365899,1.1168570239317819,0.20597034812649567,0.4827384678437128,0.24505905687061677,0.46935765004429375,1.3112062261057713,1.0902361613704425,-0.020740382875835895,0.7595484100804848,0.2759864869792705,0.7910269672088075,0.2668197507680957,0.5629118026415585,0.5688268806128051,0.6528440126049055,0.44081997446858534,0.1594840509299886
-0.021047363879703358,-2.178737312304161,0.20601710028912013,2.229076080958185,0.26182167179769683,0.4863145769045755,0.7286973186864641,-0.21280241046372728,4.168057215824749,-94.15635657327766,0.4048445763214255,0.7910494834009993,0.27520472759560255,0.9830058302121191,0.5690063627747496,0.6506407551466022,0.4400427509291381,0.3454993768403403
-0.5386570160978522,1.3815242988293823,0.20594433383742533,1.8331791559562332,0.25145499070186933,0.4721782099066414,1.2469722418059705,0.9803942605005364,-0.0851557926166575,0.6156965013568432,0.29152586006225834,0.7909865908405956,0.2688584151333741,0.8503318448220023,0.5688839261217211,0.6519998556072402,0.44058122739723576,0.18830138923896483
0.37900509952941747,-0.2313340253038784,0.20627765725798958,-38.59322412554086,0.263111974659307,0.529719227613539,0.3289022521687029,0.1599332775459605,-23.237915443476787,2.0395294125444856,6.738924245896368,0.790961579532754,0.28633014874099727,-6.603418644109476,0.5689822835855353,0.6503724395053146,0.43996585500341423,0.15763438704913402
-0.0010061639936056266,-5.788307377688311,0.20601117855575965,0.030480690644840693,0.26599999999771096,0.47099999930735303,0.7030140478398804,3.718716982055867,-0.15690125949448927,-954.9826539999705,0.27084781078674397,0.7909990642201923,0.271999999814517,0.4690745939567228,0.569000263078538,0.6500000000001803,0.4400000000058106,0.2894027667708478
0.1938446035566817,-0.2587884097094709,0.2060075152596836,-0.036995675570726014,0.26599999989182543,0.47096829197621043,0.5089857797750661,-0.045488420015631824,-0.07947880737157326,1.9337372199455842,0.30176241474778254,0.7909993503744857,0.27199285155932623,0.43193621709688823,0.5690002369599584,0.6500000000091553,0.4399997037193832,0.4478291034445582
0.4529201318269103,-0.3937737008528967,0.20632781771655395,-1.158659253978195,0.26595271175663726,0.48745424576177976,0.2504142718359344,0.11465206038370299,-0.5369776873487033,1.1818180756828656,0.6427016579888764,0.7908573803044372,0.27570675911734616,0.003310190373264088,0.569008766523579,0.6500040883401255,0.44015266081088417,0.5023744852817148
0.4067733330934313,-0.23705826047380604,0.206,0.1902801743796689,0.26600000018493347,0.4710001507106745,0.3012266669065687,-0.21957340129949557,0.11758200485287888,2.812367727143985,0.2449233803000566,0.7910000000000001,0.27200004765521507,0.48287245461073036,0.569,0.6499999999621966,0.4399999933753791,0.04019811729580986
0.7136406801830059,0.4634021770123161,0.2060554877227619,3.083523715055681,0.26732917152518154,0.4712009782411239,-0.005362262927997109,1.0691571035205638,0.4328550575018153,-0.10523925554719804,0.2760321480022521,0.7909957484253008,0.2722836734497042,0.8703019839291691,0.5690111963478833,0.6498222988662286,0.4399860335710509,0.7904753476930316
-0.00482093128558033,4.323586159039552,0.20599941064328706,0.07171043759989985,0.266000000004929,0.470999999643521,0.7072509925776738,-13.996385915813962,0.004938458989999182,-378.97220409906436,0.2721508734360968,0.7910000208424417,0.27199999988183143,0.47802354915180767,0.5689999940533839,0.6499999999993462,0.4400000000176988,0.1841697175645479
-12.962158706345917,1.128807438699379,0.20599386579898987,0.07417114479794444,0.2659999998121053,0.4710006044587165,13.665204915640096,-0.1464364437801243,0.006567110886192389,0.04806062969074222,0.365607447734919,0.7910005317301737,0.27200014012419743,0.46795329608807956,0.5689998500828991,0.6500000000182046,0.4400000042407456,-1.102949568948181
-0.597056279586408,1.691108447407825,0.2060335097447407,-0.024303398176333185,0.26597980121397885,0.47375434495568486,1.3003041856683828,7.533693344021861,0.1709012053545985,11.324451529402541,0.28725673534563245,0.7909843803980776,0.27264046583628154,0.5636284000980503,0.5690003889796479,0.6500019676929735,0.44001758025353294,-0.4095946772668648
2.367806536234414,0.04229311219462241,0.2059883083774672,0.09267627139196366,0.26599999989182543,0.47096829197621043,-1.6641020279837295,0.2930541013110371,0.00022072830668755353,0.0011230328481568344,0.2712422329930433,0.7910013751805046,0.27199285155932623,0.48366902421102076,0.5689996721904546,0.6500000000091553,0.4399997037193832,-0.4195977626480953
-0.9598387877872675,0.6973498693001566,0.20599999720366058,-98.33623989478552,0.26502003586208284,0.5324130773598783,1.6678387822850986,-1.1991509882042788,-34.65229780373699,-1.1165031653790545,-3.8598288571912973,0.7909999894804743,0.29110524283454986,-61.975412480811514,0.5689999904177276,0.6501998864611205,0.437392241946073,-0.0442556301972562
0.044179332194156325,-0.9604039928108971,0.20600232856402886,0.0123090936455901,0.2658796268886261,0.47283992900569666,0.6640683769692776,3.787883285501519,-0.026463923178600378,-11.443079945008465,0.2726570737985301,0.7909967255525939,0.27241067270678854,0.4634865038541549,0.56899906397678,0.6500164021272328,0.44001533309244295,0.21082829106383877
-0.09276441509400854,-0.7234699498379551,0.2059571833802829,0.3960566959508081,0.2659999986038578,0.47099842176796597,0.796725967677453,-0.33990675830909084,0.3500559108330114,-13.05500916178386,0.30832087037525335,0.7910045414556759,0.2719996499816875,0.5567028065528257,0.5689987376273806,0.6500000001061347,0.43999998335001805,0.32461649006040527
-9.109445823559707,2.177258128175667,0.2059969647828026,0.056975216052733514,0.26599999999771057,0.4709999993073557,9.813207094080447,-0.6442690297858393,0.005989584155085745,0.14937296272786307,0.341274300372742,0.7910002228238752,0.2719999998145176,0.45567958666579894,0.5689999372319743,0.6500000000001804,0.4400000000058106,-2.1234291371833764
-0.6442227495991047,0.6771844091901313,0.20599712772403844,0.21795699896333487,0.26599999860386053,0.47099842176796336,1.3551501945641906,-1.3848390511306123,0.050250787594372355,-1.8404583883229082,0.2769023931623925,0.7910002907504677,0.2719996499816874,0.5509594328351793,0.5689999220735174,0.6500000001061345,0.43999998335001794,0.008896822077056393
-0.4409122947274474,1.5321473156741507,0.20594253550702793,5.7302997210092075,0.2659936267471611,0.4693354514158328,1.1526684812930612,0.9822343069247749,-0.3803872942883545,0.8376324444123057,0.350953912578233,0.791009592424204,0.2716030244515764,1.6371748871708385,0.5689988200219801,0.6500007336692962,0.43999234622423355,0.2037807249417172
-1.110101895189084,2.173375550797071,0.20600905523670976,-0.0010046863682790657,0.2659936267471611,0.4693354514158321,1.8150072728725446,9.189282003266126,0.13738762967073842,7.719193227536369,0.29905319208058145,0.7910050507563455,0.27160302445157625,0.6181166696441495,0.5690001045134092,0.6500007336692962,0.4399923462242335,-0.946693978683319
-0.4308678486184106,1.5156412131936778,0.20597968081738002,1.265742191535992,0.26599999999771096,0.47099999930735303,1.1423736543375163,0.9782323334501424,-0.08336155098568661,0.8575914133123528,0.2890351558397546,0.7910014139096045,0.271999999814517,0.721413211092002,0.568999601284623,0.6500000000001803,0.4400000000058106,0.2033178968586827
0.24422769051779097,-0.9091735021293951,0.20599319416820408,0.08161018709792561,0.2659999998121053,0.4710006044587165,0.46645350123384466,1.7270924132362835,0.0003950129544103422,0.16890404578188345,0.27195863794135994,0.7910005930146052,0.27200014012419743,0.48052626834997025,0.5689998329145637,0.6500000000182046,0.4400000042407456,0.00014499706230280564
0.391874051416793,-0.3943258922550603,0.20600143334202314,-0.02514299305572777,0.2659999998121053,0.4710006044587165,0.31310102607194634,0.06820988958763814,-0.060871616781461566,1.2898466532225668,0.3121458173546475,0.7909998440980394,0.27200014012419743,0.43243977321653787,0.5690000427416169,0.6500000000182046,0.4400000042407456,0.5358990745356005
-0.4706900152468227,1.287760341854091,0.20594460211446514,0.6218985696934805,0.25577434098341695,0.46952995202623543,1.1788679612785424,0.9868040726396696,-0.03135269529391892,0.7799752886783522,0.2793826271905376,0.7910201364849787,0.2694730088928173,0.5908490258726272,0.5689252775050376,0.6513810189957532,0.4402987783966049,0.18541901983685347
-0.09661637461467937,-0.7469019374854078,0.2059695887620173,0.43865190070268784,0.26599999989182543,0.47096829197621043,0.801706534802778,-0.3832166951474911,0.3884202229960352,-13.168741088543566,0.31267554861268715,0.7910030790285826,0.27199285155932623,0.5689136992543008,0.5689991951107853,0.6500000000091553,0.4399997037193832,0.3322561012022046
0.7092237991503603,-0.4841247993949693,0.20609710978343324,-0.7423804831736683,0.26597980121398024,0.47375434495568514,-0.004004825878594474,0.14020917916031272,-0.3722566511445133,0.8971624431358536,0.6513397188657274,0.7909785326072076,0.2726404658362819,0.1228586462614307,0.5690020200476671,0.6500019676929732,0.44001758025353294,0.5779759341591175
-1.4252831153881755,-0.8751277508211713,0.20599989324573117,1.4597007321044944,0.26601877800305906,0.4720392058468694,2.1332806238395072,-0.3324595273741035,0.9884635567868101,-1.1591881302519327,1.4146518743826415,0.7909998765236859,0.27230525006305667,1.1762135891919405,0.5690000527906203,0.649996798449343,0.4399737883233391,0.7409666614041913
0.5702409071822164,0.49040177790003553,0.20599999720366058,-94.69671513780709,0.26502003586208284,0.5324130773598783,0.13775908731561456,0.9865811522010194,-17.700713223181115,-0.1752066776009639,0.48787012103089683,0.7909999894804743,0.29110524283454986,-11.714560490419984,0.5689999904177276,0.6501998864611205,0.437392241946073,0.6475745618280885
0.6013956664662116,0.47386927572694815,0.20599989993890322,-1.2468298637586477,0.26601877800305884,0.4720392058468692,0.10660179856312837,1.0399956859320025,-0.22923538963158885,-0.21105188570454497,0.2765139839732023,0.7909998763877879,0.27230525006305656,0.30341236494323437,0.5690000528295374,0.649996798449343,0.43997378832333905,0.693981083523071
0.5671260335491851,0.49519803830919534,0.20591657943484112,-94.69306319524367,0.27032810696955845,0.5303275312043948,0.140953504888572,0.9602213350556434,-17.706455256658803,-0.13013174695936175,0.4421474569045246,0.7909671285632713,0.28835837585634555,-11.735299655966429,0.5690340398231687,0.6494152122200315,0.43955471606203544,0.634035312241569
0.6097159598797947,0.4790234622754998,0.20601867231918275,1.1562091068982805,0.2668828162772642,0.4711557566074151,0.09847179860578692,0.8807495459544583,0.21151657695771642,0.011055299454790205,0.26926431978698123,0.7909993544477213,0.2722507455638019,0.6022786332858875,0.5690075689436256,0.6498830291156812,0.43996062282536935,0.7090684200719255
-0.21218509048729634,0.8863690089045412,0.20601977469532728,0.4541684180493764,0.2665179962148464,0.4873906755057902,0.9203988281229813,-2.979453605531073,0.3985380682970296,-10.365573659424749,0.2759250121271379,0.7909895281420886,0.27629980350302374,0.6813615659992415,0.5690042595656878,0.6499304898807601,0.4399398160857962,0.11358543733860625
-0.058100408595838975,-0.973312678910583,0.20593124963183215,2.365484083898879,0.26597980121398024,0.47375434495568514,0.7637919699756645,-0.43217175927363627,2.8412434383619707,-23.861913762645223,0.47118048865071765,0.7909925316078504,0.2726404658362819,1.0294556687520815,0.5689981075978267,0.6500019676929732,0.44001758025353294,0.32936849614353825
-0.39319634144010596,1.438671055813636,0.20586237471752744,5.725079941087354,0.2579814997643386,0.4686603292551135,1.1013682016029833,0.895278502028807,-0.4011555010013644,0.7595146845866487,0.33968034309045314,0.791016081054135,0.2698335579854468,1.6566413850699235,0.5689351029093486,0.6510784049357526,0.44017175735905756,0.19863659548199367
-1.1779145285682562,-0.8514876219666104,0.20599999720366058,-161.43637561647776,0.26502003586208284,0.5324130773598783,1.8859145230660872,-0.3771801566691128,-110.36139757849071,-1.4139882442717604,-102.6030607803871,0.7909999894804743,0.29110524283454986,-75.87057061989286,0.5689999904177276,0.6501998864611205,0.437392241946073,0.701552815384266
0.1461420873838074,-1.00049616745104,0.2059932325836014,0.08186453211946162,0.2659999998121053,0.4710006044587165,0.563754565515753,2.0321367598520252,0.0007872411152627227,0.4167774158875655,0.27196212776391315,0.791000589386604,0.27200014012419743,0.48056569592293513,0.5689998339299607,0.6500000000182046,0.4400000042407456,0.09695581732150199
-1.3686607945821332,0.723882039082672,0.20602498918555454,0.8346060851622139,0.2652602027151252,0.4708907023145588,2.0768610590067405,-1.3970323430271772,0.3168968327641506,-0.9036837836955105,0.31157036237545055,0.7910044202733242,0.2722478018618554,1.177410604676674,0.568983114810451,0.6500795828617709,0.4397584442831822,-0.09211631244505417
-0.18130745368711254,1.8738667326124434,0.20599989544737915,0.3472669764480607,0.26601877800305884,0.4720392058468692,0.8893091000181222,0.48458941967412533,-0.04082202246143166,0.5924856798304898,0.27564022311769837,0.7909998764789028,0.27230525006305656,0.536022463258912,0.5690000528034443,0.649996798449343,0.43997378832333905,0.2227655756408457
0.1178103267364515,-0.5882129921476295,0.20599989799417526,-0.006805074251507018,0.26601877800305884,0.4720392058468692,0.5901906691410957,1.3097922740407841,-0.03416944420671941,3.5467605315119544,0.2757800062808158,0.7909998764269827,0.27230525006305656,0.45808128011589666,0.5690000528183111,0.649996798449343,0.43997378832333905,0.18366195062819368
0.3330846696279526,0.43789623977483344,0.20633547404812613,2.7220586960987925,0.26595271175663987,0.4874542457617856,0.376257935776954,0.25398759466587995,1.286492715772202,1.3730727222977135,0.22100222467689934,0.7908572367106677,0.27570675911734804,0.7000897250871759,0.5690088099510032,0.6500040883401252,0.44015266081088417,0.4270039310996251
-1.4224776367552725,-0.8292248770931802,0.2060400674128847,1.4572234315861285,0.26121222379393033,0.47388020937346087,2.1306060905406783,-0.3505222216018965,0.9913718446602673,-1.1392794879048953,1.4037454444452064,0.790999076085073,0.271552397159704,1.1934427971669228,0.5689607359407207,0.6506455813323498,0.4402229084343925,0.7106845390222434
-1.1454952899312438,0.7250174653143959,0.20599989940633381,-0.38298140138128595,0.26601877800305884,0.4720392058468692,1.8534933440911945,-1.172420086780526,-0.15083861342731616,-0.9111856824568273,0.2534310316796671,0.7909998763986271,0.27230525006305656,0.16484028406220158,0.5690000528264326,0.649996798449343,0.43997378832333905,-0.07709307601004733
-0.11922954749174727,-0.7423089213623792,0.20598214949307672,0.517578158514166,0.2659999998121053,0.4710006044587165,0.8254846302366585,-0.4271041920041163,0.4479415688574003,-11.322576629408266,0.3255441168669537,0.7910014669140749,0.27200014012419743,0.5935668009672554,0.5689995872879527,0.6500000000182046,0.4400000042407456,0.3482243656978371
0.07924469071325474,-0.464765305989798,0.2059910723911322,0.10606397927282805,0.26599999989182543,0.47096829197621043,0.6303536595766167,1.7137541455458225,0.016358880765337074,4.4358173693044565,0.27162435931709444,0.7910010933339406,0.27199285155932623,0.4857683320755004,0.5689997508551553,0.6500000000091553,0.4399997037193832,0.21283540260124836
-0.11588954992189149,-0.839547441053054,0.20599693435673344,0.39447904624593494,0.2644849335435741,0.470877579439992,0.8236563818853222,-0.5218225210070202,0.3492481102607688,-13.051478236205437,0.31184944380897406,0.7909705554802723,0.27133948289315923,0.5627600650960884,0.5689655026978195,0.6501623465738617,0.440196240513049,0.3656789628234322
0.2873869470031798,-0.22271059720269934,0.2060000008217639,0.19466947089878414,0.2659999995701624,0.47099998990419084,0.42061435271458497,-0.13110182822549793,0.11643330304735805,3.8482308811304144,0.2539458329460574,0.7909999999848186,0.27199999696845156,0.4907733964424476,0.5690000000035957,0.650000000074263,0.4400000002714503,0.1575635076113164
-0.197908041404071,1.683158841808462,0.20600252098017252,0.34758449745258124,0.2638922825387847,0.4713788402581537,0.9057807075249598,0.4760909295366712,-0.04058811161657553,0.533519743331418,0.2758945340980443,0.7909933326663284,0.27147725622937335,0.5347779497417895,0.5689832292395121,0.6502873866276994,0.44015148076419697,0.21258961737540932
5.652796625347749,-0.9172956280928198,0.2059993893276733,-0.06883559432892354,0.26601228451572706,0.4714514948871395,-4.944878397112836,0.1038055814493751,-0.06954543336765817,0.21753940148734607,0.7056048121614267,0.7909996467030797,0.27212286716015777,0.39042240791850724,0.5690001010128736,0.6499981985395716,0.43999518908691837,0.9507219084805488
-0.7139506976995048,0.7161122373572282,0.20599999723224663,0.48056206762307413,0.2659999995701622,0.4709999899041908,1.4219489698569683,-1.3333731557543615,0.17422320225290985,-1.6168423436847623,0.2865374363718114,0.7910000000568496,0.2719999969684515,0.7235800556666121,0.568999999982938,0.6500000000742631,0.44000000027145025,-0.010690812868775849
5.652913245568411,-0.9172706877746041,0.2059967336044453,-0.06834350166557776,0.2660462103030386,0.47147663209985513,-4.944827078632094,0.10953890247862723,-0.06924503590767657,0.2165169925620096,0.7054163958781603,0.7909976630181269,0.27209364656085944,0.3885048920405246,0.5690003404063388,0.649993793382943,0.44001694240341627,0.9490094635585242
0.9069487440013536,-0.5694385531449068,0.20600004689498858,-0.03404840790717225,0.26599999999771096,0.47099999930735303,-0.20034388240259257,0.15250380874378125,-0.05543046463494575,0.7824537862554897,0.34383059330948595,0.7909999899977556,0.271999999814517,0.42342938363897675,0.5690000027842104,0.6500000000001803,0.4400000000058106,0.6665469698088562
-0.5193246466765854,0.6845038731721591,0.20599752521639136,0.2258377831801526,0.26599999989182543,0.4709682919762168,1.2284162981390816,-1.3609903640153649,0.060002175611654565,-2.207450681918887,0.276891672837021,0.7910004179499688,0.2719928515593278,0.5514974963528269,0.568999939291903,0.6500000000091553,0.4399997037193832,0.03188230230437351
1.2357732834707973,-0.6059715088252807,0.20603738327199164,-0.7219696397114226,0.2659936267471611,0.4693354514158321,-0.529086232775472,0.1581228795547769,-0.36931092640655955,0.6357976317788709,0.8762757118063369,0.7910028914782421,0.27160302445157625,0.08573575898120157,0.5690007138521779,0.6500007336692962,0.4399923462242335,0.6822320445170109
18.435554721206035,-0.8910329013054786,0.20599999158525675,-0.13684733518138276,0.2660000000049286,0.47099999964352046,-17.72762696787258,0.03228203364622658,-0.10242863215188111,0.07014889003449318,2.2138743656460322,0.7910000002735567,0.2719999998818311,0.35622018373421865,0.5689999999217564,0.6499999999993462,0.44000000001769884,0.9010500000682725
-0.17738012817407448,1.6469780096490947,0.20600000028359944,-0.15276110219852887,0.2659999995701624,0.47099998990419084,0.8853802675875745,0.5416505831741563,0.04085698366190416,1.0974509553480172,0.26874073582042696,0.7909999999950778,0.27199999696845156,0.4330527451818134,0.5690000000006542,0.650000000074263,0.4400000002714503,0.21600713442123126
0.611203338299763,0.4921992059885819,0.20598802755283713,-1.2480993103354279,0.2665298398184573,0.4721604097204987,0.09691609794685432,1.0491854039626383,-0.22551540120921174,-0.19611114824329506,0.2718630628658403,0.7909995379107049,0.27242801602521455,0.30822499985439744,0.5690044395700457,0.6499290104288551,0.4399711853882284,0.6633838335200578
0.11909426899713423,0.07555828012012478,0.20600118597495967,0.20160859630074743,0.26599999989182543,0.47096829197621043,0.5900757673533505,0.7268552858783203,0.08592515355568256,4.915304620242529,0.2702622594885591,0.7910001168085428,0.27199285155932623,0.5013654488567215,0.5690000238016473,0.6500000000091553,0.4399997037193832,0.2503242933568639
18.43563223936834,-0.8910261544686459,0.20601631041354057,-0.13653320587162168,0.26608604950569226,0.47108995514692636,-17.72755620214891,0.0341021359617461,-0.10235437761206011,0.07006187698759776,2.2138335249158985,0.7909810209688921,0.2716718055625216,0.35499696700895295,0.5690029621518026,0.6499941969362079,0.44018798845370494,0.9006149096026504
0.08211600543632012,-0.4791867465897947,0.20599344676005651,0.10586629771039438,0.25815802448920544,0.46988510549742074,0.6260160496908089,1.589325685754764,0.016772412299570376,4.400382459045203,0.2715687602562867,0.7910022338439869,0.269935809067582,0.4856390623528066,0.5689359228005321,0.6510539766173683,0.4402902748295718,0.2119737898553395
0.31444665445608544,0.47506072243436764,0.2060087613570263,0.5137103851076232,0.2659999986038578,0.47099842176796597,0.39442764784403817,0.6489304287660628,0.16610468418511504,0.5187857305102874,0.2690850920438378,0.7909990284286393,0.2719996499816875,0.5312101871111534,0.5690002735330771,0.6500000001061347,0.43999998335001805,0.3963798219847274
-0.3805086953545217,1.4229659271969661,0.20596233082085352,1.2646479692137915,0.2586371781282613,0.470271460385274,1.0886443677315971,0.8871172474379192,-0.08863315974876929,0.7878491999472802,0.2867496109975337,0.7910064863518581,0.270211230303328,0.7253640231407932,0.5689393712028878,0.6509877490828216,0.44023850072281817,0.19815502975626909
0.42496454317943494,0.4858316667019893,0.2059999995537917,0.6060450765104357,0.2659999995701622,0.4709999899041908,0.28303468080129235,0.6968532045503713,0.16016939675552772,0.18273384836263806,0.266897759350807,0.7910000000102118,0.2719999969684515,0.5377852882867838,0.5689999999963117,0.6500000000742631,0.44000000027145025,0.5213143117465987
-0.1775854578555692,1.539811709773611,0.2060020515379758,-0.15271978176676587,0.26380065188664215,0.4705799588013356,0.885488746136922,0.5032299014210472,0.040713430325066614,1.0770666666230932,0.26912900679287155,0.7910020354590054,0.2714114143851798,0.4327472092297842,0.5689819864846478,0.6502958525783018,0.44007321112822423,0.208914161510684
0.1245892056467625,0.06586369679028317,0.20600164547943214,0.20958967702051706,0.2659999998121053,0.4710006044587165,0.5842606135679974,0.5921480201817105,0.09489754769301324,5.258748433610959,0.26958579207261785,0.7909998720678625,0.27200014012419743,0.5023038624654974,0.5690000351696278,0.6500000000182046,0.4400000042407456,0.2519238666347359
-0.14741023736510933,-0.758868177627077,0.20598471698129095,3.4203893892517017,0.2659936267471611,0.4693354514158321,0.8545576052419852,-0.47120626516058717,3.262198369994785,-9.84999824002955,0.7172576009576809,0.7910065779583532,0.27160302445157625,1.3944394576425185,0.5689996718113373,0.6500007336692962,0.4399923462242335,0.37105230329542677
-0.22183000175317136,1.6703354157448655,0.20599953340651192,-0.3379640691497607,0.2660122845157267,0.4714514948871373,0.9298834485703188,0.6206906515226948,0.05437138970776689,0.813475510186297,0.2665773509131268,0.7909996411703305,0.27212286716015693,0.39362126431461614,0.5690001025886317,0.6499981985395716,0.43999518908691854,0.21468559841174645
-0.1792626589025737,-0.7133945596003708,0.20599226522860842,0.657605335361079,0.26599999999771096,0.47099999930735303,0.8864626589317265,-0.4518068694646429,0.5395380524461139,-7.953757028637915,0.3591572030412127,0.7910005332211023,0.271999999814517,0.6425866679117773,0.5689998496105292,0.6500000000001803,0.4400000000058106,0.3788433673706362
-0.2159923126948595,1.629665133006988,0.2060001031344061,-0.2885081176105202,0.266000000004929,0.470999999643521,0.9240369111939657,0.6225853689373284,0.05181116182629392,0.9062352955411282,0.26694139777144615,0.7909999959820294,0.27199999988183143,0.4049676899358067,0.5690000011447794,0.6499999999993462,0.4400000000176988,0.21353448219986107
-0.12959307322300928,-0.7614860763454215,0.2060047637482568,0.5164109116149055,0.26542487322275454,0.4709434085353746,0.837458641234804,-0.5473745728744026,0.4476299206249681,-11.321244513364162,0.32699065068056676,0.7910003092282161,0.2718580928269362,0.5981028742064339,0.568995319374563,0.6500774751981665,0.4400195679324778,0.36124483200650415
-0.22491247338641246,0.7633832461272787,0.20608527410581715,0.7409729339069481,0.26597980121397885,0.47375434495568486,0.9333851176412703,-1.8299894232987093,0.39030077459982043,-5.8583124202984616,0.28496608039594323,0.7909795475886775,0.27264046583628154,0.7493516986318023,0.5690017365940837,0.6500019676929735,0.44001758025353294,0.10801139488882035
0.3950239202641262,-0.1777293326432229,0.20596417523130325,0.1911223836571528,0.2666183172868978,0.4710771935044575,0.31289253753178925,-0.24507075498997527,0.1175596061031532,2.8065675754706176,0.24817741441920083,0.7910016023513712,0.2721645040771888,0.47965921934892514,0.5690063765932667,0.6499194656774951,0.43997846282400244,0.124901833123367
-0.6483035794064717,-0.7300101089667842,0.205999457863473,2.4923869177567024,0.266000000004929,0.470999999643521,1.3562555369676372,-0.3928881728127491,1.7899328515894655,-2.3707452697545195,1.1942685223357643,0.7910000208429562,0.27199999988183143,1.4096814249787477,0.568999994059914,0.6499999999993462,0.4400000000176988,0.5434286940821704
-0.6720681862484884,-0.727855761366254,0.20599889485918102,2.413756235271711,0.26601228451572706,0.4714514948871395,1.3800191861692443,-0.3861767687054978,1.7154166131763806,-2.276893709762127,1.1898054672518816,0.7909996657818239,0.27212286716015777,1.3852817643673132,0.5690000955794279,0.6499981985395716,0.43999518908691837,0.5469122152430989
-0.22463355847376484,1.5829777182251048,0.20600459282196845,-0.3380320276377922,0.2641381940751855,0.4710834895003999,0.9325673894210897,0.5999990664227949,0.05417452937829939,0.7833639389740512,0.26675696780558655,0.7910010739939537,0.2716043289272001,0.39381909964363887,0.568984787681126,0.6502498217633494,0.4400659837169744,0.20931440151971606
0.23347733194734807,-0.9368350641724666,0.20602262150857692,0.08114771095743482,0.2673929551625299,0.47096034328995223,0.4746096667799547,1.7036037978801346,-0.0008348581115009865,0.1724529709445109,0.2713568518689547,0.791007290738186,0.27250357588424096,0.4822813397457344,0.5690077505654729,0.649801337796642,0.4398370533913866,0.015235074541001769
0.26126647259355457,0.4126304490503728,0.20610311458158848,1.6798084095348356,0.26597980121398024,0.47375434495568514,0.44722026069682436,0.3463238792057982,0.8442507401328792,1.6395767896255833,0.24649037146177832,0.7909781933098091,0.2726404658362819,0.6534672284565636,0.5690021158983082,0.6500019676929732,0.44001758025353294,0.36154081663705173
-0.30492756773161656,1.583367911710106,0.20603232500477572,-6.294783670206902,0.2660082696900918,0.4700726084940682,1.0135308411451651,0.7911282280162746,0.6309580449095112,0.8268380118828701,0.18260258220658707,0.7909994730617976,0.2717638955336823,-0.8221666385098474,0.5690006605932353,0.649998996363099,0.4400037512372247,0.20904241212324837
-0.14979864145984434,-0.7488387091736605,0.20603368516729964,3.418252358411429,0.2660161462696347,0.4693799350329381,0.8576636227887594,-0.5251595757678711,3.2615049079040146,-9.849912518451514,0.7194685636289899,0.791000853991939,0.27157137130953674,1.4036162028371097,0.5690010516283293,0.6499989673741117,0.4400139253497684,0.3714434168995798
-0.2168684900658082,1.5513988612103715,0.20600393396031655,-0.2885117336503212,0.26434019649974727,0.4706821118352745,0.9248045222218795,0.5992334833155896,0.05167751391171983,0.8826685805120289,0.2672250815477245,0.7910004708367917,0.2715366512110151,0.4048824384196793,0.5689861721377459,0.6502221297665279,0.44006492412411274,0.20850187705734177
-0.3039927598623519,1.580418325369094,0.20600537780427722,-1.3947870160351623,0.2659999999977901,0.47100000014922216,1.0125909682891632,0.7908267627983145,0.1459964439096939,0.8318308226938169,0.25151873515490053,0.7909997058989311,0.2720000000593886,0.17857174214227525,0.5690000833496018,0.6500000000002865,0.43999999998855116,0.20896126308632698
-0.18869323805655985,1.6351693324562142,0.206,-0.16647687592618882,0.26600000018493347,0.4710001507106745,0.8966932380565598,0.5551575885656304,0.040562332728387857,1.0003698760360933,0.2685844416775998,0.7910000000000001,0.27200004765521507,0.43019236382806375,0.569,0.6499999999621966,0.4399999933753791,0.21416873557937882
2.1157720938941833,-0.7465897327127242,0.2060046879965335,-0.4146796912709777,0.2660082696900918,0.4700726084940682,-1.408227380556429,0.15928720263022683,-0.23965126938417744,0.4532104167092136,0.8984850621119415,0.7910009528175341,0.2717638955336823,0.20077043098612976,0.5690002405029361,0.649998996363099,0.4400037512372247,0.8093216725560489
2.3646880322769284,-0.7514586596317513,0.2059999387913653,-0.06372752245509943,0.2659999999977901,0.47100000014922216,-1.6571308655311514,0.1504272837440033,-0.06380695719019558,0.415440810958187,0.4546376533326006,0.7910000024879549,0.2720000000593886,0.4028088257070684,0.5689999992917858,0.6500000000002865,0.43999999998855116,0.8081159506661438
0.15425923792951088,0.0603868969461709,0.20604374856314225,0.9570202005206523,0.2659936267471611,0.4693354514158328,0.5542361931890375,0.16407540644908308,0.694085861944987,5.683115858408269,0.2417407247184575,0.7910025082875574,0.2716030244515764,0.6132392553904404,0.5690008224807358,0.6500007336692962,0.43999234622423355,0.25888620865528705
-0.11774365069397034,-0.8366099203834187,0.2060096160408085,0.43668322107451807,0.26458120902821997,0.4707510444036297,0.8256461161494257,-0.5734819568702317,0.38794818421645005,-13.165705224226507,0.315354648608465,0.7910118019617155,0.2718351671488901,0.5764894426362256,0.5689888740112624,0.6501903907889688,0.43993972723093505,0.3672897325788162
-0.2983832956997431,1.5293090535155602,0.20607377687976186,-6.293305779934191,0.2632344878497127,0.469818971673796,1.0064391271595123,0.7648710060179684,0.6356753277985756,0.7958477367022648,0.18718638521437186,0.7910007782205235,0.27104434312210623,-0.827423562687135,0.5689769816100051,0.6503704001334192,0.44011964161110495,0.20587528717309525
0.1341393352444819,-0.0002244410396212849,0.20600098072808046,0.20859048409611167,0.26599999999771096,0.47099999930735303,0.5743404468499224,0.3915702460409423,0.10150025038519643,5.867733363734162,0.26810520403977345,0.7909999353539566,0.271999999814517,0.5016302490445468,0.5690000182459959,0.6500000000001803,0.4400000000058106,0.24840467754826853
0.17629189887847693,-0.1945987436056818,0.20599942848997185,0.18390662079254827,0.2660122845157267,0.4714514948871373,0.5317391665119303,0.21060145634781688,0.09184843857009009,5.1931646119498,0.26402146471321214,0.7909996452731364,0.27212286716015693,0.497037044902223,0.5690001014203444,0.6499981985395716,0.43999518908691854,0.21618408003185785
0.13712535964023329,-1.0176307848022403,0.20600377736936507,0.08170299189337689,0.26618128560371085,0.47100552328501766,0.570939457099133,2.0228148879767707,0.0006119045096456372,0.41753361280081225,0.27166651639306527,0.7909989994421532,0.2720286510924314,0.48116769082929806,0.5690018041204786,0.6499764936434922,0.44000019551872854,0.10790029883767913
-1.147738837663916,0.7060085203513766,0.2059922544235593,-0.3831772792327647,0.26584215578248577,0.4720680903326257,1.8558061931159944,-1.1698820439086615,-0.15142984131460646,-0.915313948744829,0.251515432281685,0.7909982788343146,0.2722139399835289,0.16554552519763885,0.5689986227023366,0.650020938145878,0.4400151372623031,-0.07149444824176356
-0.0718553965229246,-1.0963830536288626,0.20602447422240994,2.3563621325678388,0.2654741562337892,0.47342111190944014,0.7797338627389095,-0.616217659674925,2.840732593785817,-23.859600530332727,0.48352938179862426,0.7909902429869367,0.27234925803851,1.0655633710064971,0.5689963966227517,0.6500767854935311,0.44008921851737914,0.36198594612206586
0.20693315525095343,-0.16905966223622682,0.20600003890960764,0.20008546338491975,0.2660000000049286,0.47099999964352046,0.501097579993793,-0.002028845644660613,0.11322846577872168,4.9779372646194116,0.260728435004629,0.7909999985403571,0.2719999998818311,0.4962929636421389,0.5690000004159481,0.6499999999993462,0.44000000001769884,0.21226697976401246
-0.18469692379284888,-0.715895531935009,0.2060036375635718,0.6571086740857391,0.26784834131557766,0.4708075494198049,0.8925980175961501,-0.5045539511175262,0.5390247448274258,-7.95311976650166,0.3600205296770027,0.7909964946132634,0.27224813334897124,0.6454123139688963,0.5690139684837603,0.6497443643668709,0.4400020179814469,0.38364117680479454
-0.6483416964199697,-0.7156690409513101,0.20602459626176942,2.489959357797176,0.26603295970077634,0.47108300259899505,1.3563736323776363,-0.4093541074381965,1.7913012409531346,-2.3684400292744305,1.1881911129732616,0.7909994453386866,0.2720033849123881,1.419291922985144,0.5689996374182391,0.6499937522088873,0.44001200516973643,0.5370519977665921
0.10762900282480778,-0.5153295853878642,0.20598825695465334,-0.006671807648996668,0.26594785256527675,0.4720118625945471,0.6003196818042491,1.3305782159895492,-0.03417820236761887,3.544506690966459,0.27566465393252715,0.7909998931146135,0.2722499467043022,0.45753895672373085,0.5689991062978668,0.6500053819670052,0.43999783853060054,0.20035079750070187
-0.3237412509461386,-0.6907795444900169,0.2059958292290984,3.552806283362233,0.2660082696900922,0.470072608494067,1.0314816394332107,-0.4372502628158568,2.8503438976196334,-4.567711411219942,1.0316679757320613,0.791001441410962,0.2717638955336821,1.5907616505702262,0.5690001018547826,0.6499989963630989,0.4400037512372247,0.43652186012894373
0.40616163559940166,0.49992635923698187,0.20599937202441929,0.6098962279518721,0.2660122845157267,0.4714514948871373,0.3018167149286055,0.8126842465864038,0.15707265725973826,0.00022027310089718755,0.269200492669697,0.7909996474025316,0.27212286716015693,0.5412425213156458,0.569000100813772,0.6499981985395716,0.43999518908691854,0.48104178183286445
-0.31298384118059186,-0.6955572448842162,0.2059976749073933,0.9484552368527214,0.2659999999977901,0.47100000014922216,1.020723835035212,-0.4424621354642672,0.7269407373466195,-4.7435052000005316,0.45970846498140727,0.7910001266377827,0.2720000000593886,0.7567708770096594,0.5689999641090492,0.6500000000002865,0.43999999998855116,0.43435399911283695
0.2783295273976581,-0.17647842025388402,0.20599709792820095,0.1949261376394023,0.2660755840628226,0.4710201813065083,0.4296189692049034,-0.1338719274755288,0.1165216351054569,3.8459871170929367,0.2555964748096006,0.7909998742619703,0.2720180198224824,0.4898038245076244,0.5690018823314283,0.6499906837683154,0.4400012730055828,0.18896991497846266
-0.6669933360387643,-0.7063292152336842,0.20601733740649367,2.4146713479906468,0.2659046193352711,0.4717925809287537,1.3750089153220022,-0.3956196617826167,1.7169944286992347,-2.270740290120619,1.1800591388571458,0.791002269053039,0.2721625241379807,1.3893609950379977,0.5690052034632799,0.6500252919317119,0.44001717214549235,0.5352072630245036
-0.5528924493383905,0.695248974317971,0.20599931534397417,0.3621559227955981,0.2660122845157267,0.4714514948871373,1.2608592666462108,-1.271497997787299,0.12000782178672448,-1.9603396714595116,0.2818135450909416,0.7909996495480943,0.27212286716015693,0.6253103293475708,0.5690001002026186,0.6499981985395716,0.43999518908691854,0.021725266200341566
-0.46611678842029697,0.7024060489824356,0.20599990216521574,0.3700191913652951,0.2660000000049286,0.47099999964352046,1.1740828200330062,-1.3551137537722484,0.1304297685158625,-2.4203077003767737,0.2809313599433784,0.7910000036929817,0.2719999998818311,0.621478366324296,0.5689999989472223,0.6499999999993462,0.44000000001769884,0.04139021028292606
-0.2686202191431266,0.7304642278548341,0.20602693241277217,1.1254071720579615,0.2659936267471611,0.4693354514158328,0.9763942315615518,-1.524929419136888,0.5054889358658603,-4.244742768575205,0.29506034714228324,0.7910036188577599,0.2716030244515764,0.8959790764302449,0.5690005082419558,0.6500007336692962,0.43999234622423355,0.09241619701648736
0.09544194664584058,0.08733522244994579,0.20599936728963555,0.2241185955087246,0.2660122845157267,0.4714514948871373,0.6125445123512675,1.7257166700097164,0.09769919646330931,-0.9776988822394163,0.2716442403086967,0.7909996475928502,0.27212286716015693,0.5065501337550161,0.5690001007595957,0.6499981985395716,0.43999518908691854,0.24211587185793146
-0.7173604476110628,0.6957366744577128,0.20600485125112497,0.4807123577842981,0.2658166964239694,0.47100695999302344,1.4254095965309026,-1.3306793497097755,0.17451119749655772,-1.6197571549492125,0.2880152472908845,0.7909989749458318,0.27194013896774094,0.7230210327654963,0.568998509946963,0.6500246474238214,0.44001703826032196,-0.006119625063568223
0.1357682418929427,-0.050097087371385705,0.20600308722452373,0.2083254421418202,0.264201197940622,0.47078416213062574,0.5723121644010403,0.3830977557283735,0.10161031579772975,5.857494002026671,0.26715156929097483,0.7910021070797139,0.27151749909437656,0.502587482133154,0.5689834352088181,0.6502354128787015,0.44007983637057563,0.24396924563601757
-0.29511778328357474,1.5219316415826818,0.20602183425826273,-1.3943769804145605,0.2631831213718793,0.4706671077414768,1.0031501518235941,0.759006213781486,0.14725359709977123,0.8001744947930364,0.25271167466786437,0.7910007651118361,0.27127365413769255,0.1770590562739248,0.56897680778881,0.6503780895750959,0.44010541475154524,0.20553975392172605
-0.6479791619431576,0.6970347785441532,0.2059955067145702,0.21777376602428328,0.2659518947645893,0.47107185268510354,1.3560285443988631,-1.380497888753239,0.04987307537995026,-1.842750172982347,0.2761327946585778,0.7909990340089518,0.271991533911271,0.5516239612882585,0.5689996250355269,0.6500064725939039,0.44000958819417446,0.007009201840788287
2.115885207078388,-0.7472819220708133,0.20599621692361683,-0.41393303572651097,0.26594650485156685,0.470060170501718,-1.407956424590545,0.16546854630024235,-0.23842342666537894,0.45065250848798416,0.8981768746761712,0.7910013065813786,0.27175970201060085,0.1977432679740322,0.5689992352411954,0.6500062207536034,0.43999829056265255,0.8075836587695556
-0.353858946166573,0.703050535316566,0.20599856921320964,0.26772650159119143,0.26599999999771096,0.47099999930735303,1.0616541610571792,-1.3542952861319626,0.08540386222051699,-3.038561920284451,0.27730548167658103,0.7910000954314276,0.271999999814517,0.5607160648422344,0.568999973068889,0.6500000000001803,0.4400000000058106,0.06788973456521363
2.364856754355419,-0.7524891039792446,0.2059980685040146,-0.06353616188233809,0.26583646723856375,0.4709472833247413,-1.6569256699964268,0.15614129140921948,-0.06348862782296512,0.41346644594142457,0.4545327332623339,0.7910006047703705,0.27196189244434216,0.4019511571905673,0.5689985717878826,0.6500218084550425,0.4399997858616802,0.8071318077612017
0.1172226083485002,0.01857072551748685,0.20599810474174768,0.20135265074148853,0.264779940799683,0.47081330424673923,0.5908387678505076,0.7093415177128928,0.08609157556088998,4.9094671625423985,0.2695046894831512,0.7910009209405421,0.27168671436785746,0.5022898876329474,0.5689899430261368,0.65016359101363,0.4400394549680359,0.24919198826509822
0.15180883044541454,-0.09929564751025624,0.2060058352059438,0.597812661777664,0.2660082696900918,0.4700726084940682,0.5563614628840958,0.24577357128692356,0.408303038518763,5.849017341005457,0.24711981688093132,0.7910008956096823,0.2717638955336823,0.5686128053941428,0.5690002567613905,0.649998996363099,0.4400037512372247,0.23653949356845738
-0.4128098104478395,0.6947320606597159,0.2059978465381246,0.241592630093828,0.2659999998121053,0.4710006044587165,1.120906752378011,-1.3402933661551673,0.07151307277962099,-2.652892277434101,0.27695061088356,0.7910001653345746,0.27200014012419743,0.5534564391330511,0.5689999527153002,0.6500000000182046,0.4400000042407456,0.053958920068757917
0.15851834174479237,-0.08858067855110989,0.2060003021604539,0.2047614463269955,0.2659999999977897,0.47100000014922205,0.549653230989355,0.17568104671579593,0.10783353044140283,5.8188901726062605,0.2653266636008859,0.7909999840621317,0.27200000005938846,0.4997222642461105,0.569000004519577,0.6500000000002866,0.4399999999885512,0.23764527087610574
0.42878907620088325,0.49475081739748855,0.20600267056104626,0.6064614335648826,0.2661963480554484,0.47103732057857856,0.2792530424437115,0.7035085083845265,0.15939367674717217,0.18753081264926033,0.2680991144307663,0.7910002641143482,0.27206292387140796,0.5362004399195981,0.5690018268704733,0.6499741242667638,0.4399879427439264,0.5155226731657958
0.14909241271359208,-0.07255959645327825,0.20600133290459613,0.5981898731493334,0.2648640872301884,0.47007775947057323,0.5589678323838052,0.2527090461954384,0.408098644418469,5.840535980449045,0.24890880958916387,0.7909974568262881,0.27142880115392193,0.5677870108308458,0.5689916969596394,0.6501552057752815,0.4400854889672936,0.24105673391817498
0.1241105193794906,0.008932208358369737,0.20599863253068423,0.2093444405955822,0.2647063445947581,0.47083683223453016,0.5839462643856087,0.5773962761247342,0.09504306389682629,5.252264513446006,0.268751043462563,0.7910008492137406,0.27167534472932425,0.5031959784977921,0.5689894357411359,0.650173794884347,0.4400424341716487,0.24976900223225187
0.15536779370636136,-0.05835458950292204,0.20599897176971207,0.20485999599315238,0.26489105400141494,0.4708307533987442,0.5526961527509361,0.1839620087990318,0.1078279608570654,5.809347041066935,0.265952686041865,0.7910011046284793,0.2716938762974037,0.4993233813792265,0.5689897832078814,0.6501460973079918,0.4400488113105467,0.24301765778177098
0.26706199469797176,0.4601610070553543,0.20600170112803104,0.4292575610191721,0.26599999989182543,0.47096829197621043,0.4410324309496889,0.7252157655011091,0.14803539405808175,0.483576174226471,0.2699592529692976,0.7910000281051234,0.27199285155932623,0.523990349488307,0.5690000483424801,0.6500000000091553,0.4399997037193832,0.3579908033167262
0.3399842831871139,0.48507012211320083,0.20599999104803676,0.49323980403206247,0.2660000000049286,0.47099999964352046,0.36800557063485584,0.7029266105228993,0.14922817909053568,0.27838207729744163,0.268984061092446,0.7910000003349025,0.2719999998818311,0.5276796140598021,0.5689999999043995,0.6499999999993462,0.44000000001769884,0.4241815855314531
-0.3900296127503612,0.6990422016139222,0.20600250570311981,1.0300383368315287,0.2660082696900918,0.4700726084940682,1.097893008591544,-1.3347879510610927,0.4080650622883225,-2.7695396614483783,0.298253818034023,0.7910010727254438,0.2717638955336823,0.8959292290974952,0.5690002064755605,0.649998996363099,0.4400037512372247,0.0588911372053956
0.32401894125654185,0.4294114987117338,0.20602631285112022,2.7187959012368816,0.2659569390811563,0.4872087651978305,0.38402127859921564,0.2435630653940093,1.290632145922543,1.3674711357322866,0.2149692138394481,0.7909909954460894,0.27614909182913894,0.71313509269148,0.5689996918969775,0.6500059717441268,0.43994908814647377,0.42979356760840814
-0.3650511522730297,0.7037973587671053,0.20599942658464024,0.3071224962958233,0.2659999999977901,0.47100000014922216,1.07291203235741,-1.3715037089351532,0.10363058105016353,-3.0031870416145456,0.27837177047962586,0.7910000305716235,0.2720000000593886,0.5792782905853049,0.5689999913333392,0.6500000000002865,0.43999999998855116,0.06551574524142732
0.1560236143097494,0.0026479818804405644,0.20600085152530143,0.9562122108588142,0.264774833319007,0.46934541641651667,0.5520344815032618,0.1606795992205425,0.6939501221802045,5.673209143883431,0.23585994489680892,0.790997579704441,0.27120440787969774,0.6178134823576013,0.5689905532515572,0.6501656748572896,0.44010069440215394,0.2527495448650574
-0.2687207292256663,0.722932606548178,0.20601237919238505,1.125810933160538,0.2659717173162745,0.46933341079837354,0.9766641301875436,-1.52697192795673,0.5057467896278071,-4.244620833510775,0.29635785137450665,0.7910004870849341,0.27155743513152353,0.8945675436645478,0.5689997782290993,0.6500038137156218,0.4400108456768995,0.09269645305492587
-0.327111649205697,-0.6899691116697099,0.20601440560635925,3.5531745046956984,0.26717860020580747,0.47000649568603026,1.0350701878892097,-0.4576063243185121,2.845340218625246,-4.568750721757704,1.0319577143246625,0.7909975954823165,0.27194929564325404,1.6016999982838753,0.5690102394414521,0.6498457274830893,0.4399926814576787,0.43820349716805296
-0.3538429248507922,0.697414086003537,0.20600049663885567,0.26775282991243143,0.2659620482441238,0.47098004508240215,1.0617955491892244,-1.355337489408527,0.08543289624289585,-3.038518926629173,0.2774488266471214,0.7910002547589061,0.27199091523360264,0.560614919296335,0.5689997216700977,0.6500051897599051,0.4399990419601546,0.06818912444144352
0.30834959916345667,0.4828685830994524,0.20600428205175594,1.6677392117421,0.2660082696900918,0.4700726084940682,0.3995988293541215,0.7686270354836373,0.58366612327912,0.20583925307710665,0.2632965911295993,0.79100097779885,0.2717638955336823,0.6775607603504955,0.5690002334250639,0.649998996363099,0.4400037512372247,0.39059651100862985
0.25740796604446037,0.40606792538672415,0.20601538961996546,1.6788599520113139,0.2659305297563917,0.4737180289901451,0.45062362988363425,0.34327657474043793,0.8451944530591239,1.6381296203011455,0.2448232309086539,0.7909984033216568,0.2726793720073374,0.6572837927586271,0.568999448058636,0.6500093942618161,0.4399948891500557,0.3621241922455707
-0.3146884617992691,-0.6902026562221225,0.20600424475977672,0.9483047089458345,0.26531370295620177,0.4709618680936459,1.0226459415266367,-0.46077185881392385,0.7264036596121235,-4.743338446794511,0.4594515046056961,0.7910001517118038,0.2718337942602025,0.7587424363746114,0.5689943745753908,0.6500921077693778,0.4400256663419988,0.4337354557549187
0.17080697150942017,-0.15125271037139937,0.2060040199961724,0.18387637157889816,0.26551752962687625,0.471414725330219,0.5371843925116694,0.21711162029471487,0.09189194494272453,5.190418828537764,0.2644858576787662,0.7909995676472577,0.271996972207295,0.49719660887569106,0.568996091191834,0.65006489241164,0.44001576988970076,0.22752381609888622
0.25205392130534493,0.4537713198599312,0.20599998623547877,0.394965926861679,0.26599999999771096,0.47099999930735303,0.4558982686351832,0.7668450958572843,0.13697318527838315,0.4397402576257769,0.27037203034915286,0.7910000004256827,0.271999999814517,0.5208249921776102,0.5689999998769336,0.6500000000001803,0.4400000000058106,0.3457121066190484
0.2017455708956354,-0.13198383475710157,0.20599628029831907,0.20017606374996202,0.2658582460021205,0.47097905078426416,0.5062436603481143,0.0012777415520800171,0.11326716038350652,4.9754403595789505,0.26153690139886193,0.79100123696634,0.27197867641410906,0.49595499674524635,0.568999452953293,0.6500200368467823,0.4399972322359216,0.2248980801950675
-0.5210484722224938,0.6954899339506244,0.20599728038541285,0.22572660360597965,0.26609715328012784,0.4709866021479094,1.229065241982444,-1.3588808862860589,0.05980791338732182,-2.2082048066163775,0.2764738124254455,0.7909998244020323,0.27201548250438673,0.5519132168847048,0.5690007926768652,0.649986940441126,0.43999810216244617,0.03104951708631116
0.2455975585791959,0.44896101892025053,0.20600021374564892,0.3913462518092084,0.2659999998121053,0.4710006044587165,0.4623601406403155,0.7680867830948884,0.1377623294380443,0.4777374291104772,0.27038912831289125,0.7909999771271431,0.27200014012419743,0.5207406734849919,0.569000005597767,0.6500000000182046,0.4400000042407456,0.3408632678486756
0.40752498110023616,0.5034106897809144,0.20600130088711027,0.6100404118452053,0.26596293688763906,0.4714786224126317,0.3004864701689223,0.8161717429008261,0.15679553636300791,0.002512477337250871,0.2696225882100918,0.7909997989523941,0.2721153834832888,0.5407143346815523,0.5689997541021514,0.6500051538757636,0.43999928896763957,0.47826839247818465
-0.3652566832478405,0.699485138608397,0.2060007784141962,0.30715063360847755,0.26612356808300497,0.470957847782582,1.0732208876669238,-1.3724564127761878,0.10364951441801748,-3.003167651191091,0.2785161396406551,0.7909999802190747,0.27201865074465237,0.579184384340417,0.569000636361987,0.6499822203881074,0.43999475074630096,0.06578188740412665
-0.39017906922126055,0.6949564339811982,0.20600441443209294,1.030160177889302,0.2660328654872705,0.4700597132832895,1.098144472187968,-1.3354888905287943,0.4081621201724072,-2.7695285399466294,0.29881793987095373,0.7910004214798861,0.27176474770743053,0.8955185193394355,0.5690003071991017,0.6499956980513062,0.44000255025994095,0.05916899784984419
0.28337028359547634,0.4699886724509253,0.2059999694783589,0.4287452387266735,0.2659999999977897,0.47100000014922205,0.4245989348786616,0.7372704526535584,0.1414839720845459,0.3653477070198433,0.2699726228967379,0.7910000015885337,0.27200000005938846,0.5230875220357382,0.568999999550003,0.6500000000002866,0.4399999999885512,0.371381470291046
0.09506026032376336,0.09720089051028681,0.20600040034636688,0.22413274740423791,0.2659992188685224,0.4715009654236378,0.6129503179069594,1.7330541887136632,0.09768119715977586,-0.9766525523778834,0.2717394467461701,0.7909996446200152,0.2721273364937155,0.5065229722977419,0.569000015223692,0.6500001304160653,0.4399989077848002,0.24187669302740308
0.1563274924745973,0.3412246241689703,0.2060044443130838,0.9439038021470927,0.2660082696900918,0.4700726084940682,0.5516592948701374,1.0708439714330296,0.44707096256554973,0.45930956305300324,0.2695464569020311,0.7910009695077656,0.2717638955336823,0.6203267355406548,0.5690002357805514,0.649998996363099,0.4400037512372247,0.27712393908358185
-0.22617617042548377,0.7733557084799796,0.20601436214676447,0.7411345569381714,0.2661058397766561,0.47372185963149666,0.9341668679132438,-1.8284792203175289,0.3902882803293279,-5.858321725559854,0.28482778477074067,0.7909979568359891,0.27271230952743436,0.7489485585728998,0.5690008988146916,0.6499858856300242,0.43999250585646876,0.10764548168992603
-0.5537712293337771,0.689216654409827,0.20600102632052877,0.3621707574729467,0.26594872964278055,0.47145233051821894,1.2617728040422371,-1.271097608655789,0.12001436119926892,-1.960856276430739,0.2820230849771268,0.7909995709820272,0.27210081493613514,0.6252605892691969,0.5689995832834097,0.6500068889780621,0.4400022799295553,0.022685203331541823
-0.46702492756913455,0.6958134657400985,0.20600088558586963,0.37004713449312004,0.2659473806981222,0.47100041890473404,1.1750254279954533,-1.3548413429789723,0.1304610594462008,-2.4207299232488553,0.2811924948500303,0.7909998633341264,0.2719854407942595,0.6213747137734442,0.5689995655443997,0.6500070592401751,0.4400033265171612,0.04231809044631966
-0.41594957277554845,0.6957964870067149,0.2059992597432743,0.2412809478684609,0.26557404634066406,0.4704440029979212,1.123931219389335,-1.3470848042019858,0.071786224455109,-2.6524914911259243,0.27688041339953173,0.7910008445027243,0.27176684851515215,0.5539126824082115,0.5689971178805044,0.6500585463195687,0.44001439825916777,0.053483877891427375
0.3408197449117596,0.4873098829416527,0.20600059215335226,0.49332150674567415,0.26599316732658473,0.47101266478563913,0.36718606924585195,0.7044436429196227,0.14910360069179487,0.27920912512810103,0.26919015486228454,0.7909999956954901,0.2720018084692916,0.5273714281680864,0.5689999465336866,0.6500009221418644,0.4400001432375185,0.423472268743979
0.30724587282702337,0.471738067169227,0.20599853481804023,0.5132930742308967,0.2658143691223085,0.4709746584104088,0.4007622924532219,0.6399030552612983,0.16667836164351052,0.5146876877023109,0.2685132606997469,0.7910002011100385,0.27195452157997907,0.5328192879872106,0.5689984702691987,0.6500249001144097,0.4400052420186362,0.3967903580866911
0.309001997107799,0.48391153193496506,0.20600404640416425,1.667950724464421,0.2660229995807653,0.47008324727580203,0.39898932998788583,0.7700915882634424,0.5833590406055966,0.20655345526119465,0.2637302215854777,0.7910002040117069,0.27176596065838315,0.6767825127539869,0.5690001797747932,0.6499968852456399,0.4400040606081158,0.390169264260414
0.2526462896931253,0.4545832128979673,0.20600018234197384,0.39500200989339773,0.26601292140427035,0.47100256703731674,0.45534687239115057,0.7675758617139781,0.13693178335944203,0.4400284719147447,0.27042861741729335,0.7909999495613573,0.272002352751174,0.5206872361431965,0.5690000905362284,0.6499982250731771,0.4400001867489982,0.3456519779257138
0.2461109096479208,0.449696756571197,0.20600021951261613,0.39137954983335677,0.2660167310888505,0.471002513914662,0.4618831887831996,0.7687027978856475,0.13772513469936085,0.4779752859367267,0.27044212913328375,0.7909999750156754,0.27200396181239106,0.5206136412801424,0.5690001321884672,0.6499977410449842,0.4399996336649264,0.34081515470727286
0.28384502137909157,0.47074019029654196,0.2060001930799919,0.42877803896656197,0.26599943144634364,0.47100304959459,0.42414973451878385,0.7379522556647552,0.14144172850955378,0.3656503857528869,0.2700331430531726,0.7909999857413195,0.2720003350624023,0.522962989253804,0.5689999970850518,0.6500000804551417,0.4400001807525976,0.3712621300385078
0.1940132047350401,0.3990277236671118,0.20600000061043175,0.32201160922413935,0.2660001585999421,0.4709687487783037,0.5139867812702384,0.8580613718865904,0.1209973386192989,0.6845846601705862,0.27100035022703606,0.7910000159396232,0.2719919912258122,0.5150012167354692,0.5690000013312619,0.6499999787869913,0.44000010910990117,0.3030065178284036
0.15643311859783743,0.34206837469364976,0.2060027821355005,0.9439542276290411,0.2660031226202428,0.4700878707475999,0.5515651878926621,1.0712839036129358,0.4470165534483462,0.4594244696633447,0.26962766270351574,0.7910003457418407,0.27176347999430456,0.6201874024419434,0.5690000289350485,0.6499995915868254,0.4400044984212039,0.2770685799155503
0.19364287409975006,0.398573371979985,0.20600000151791337,0.32184467723243215,0.26600009828092597,0.4710001685584459,0.5143571332478383,0.8593843721874806,0.1210115026588228,0.6847692122371782,0.2710041255674555,0.7909999996881286,0.27200006164679597,0.515006224130151,0.5690000007908768,0.6499999867710835,0.4399999978758576,0.3027444647553795
0.19401353042670264,0.3990254287608235,0.2060000012773783,0.32200923516117574,0.266000117389691,0.4709984496893472,0.5139864578451903,0.8580355137957825,0.12099778683078229,0.6846770547685057,0.2710002043530329,0.7910000006711303,0.27199962693057733,0.5150006512880584,0.5690000009906048,0.64999998429381,0.44000000161058844,0.30300738895623364
0.26624903279767564,0.4597284195224006,0.2060000977848861,0.4292218338214512,0.2659999168329963,0.4709648339255836,0.44174814692388187,0.7243125035330116,0.1480775330102798,0.48322856027765654,0.2699220495125931,0.7910000169841004,0.2719908953182478,0.524129942078757,0.5689999992150259,0.6500000108824517,0.4400001507422537,0.3579455863035915
0.1938745254390468,0.3988508355709506,0.206000002015641,0.32195724552050436,0.2660000137119116,0.47099999037318613,0.5141254742950959,0.8584920565223643,0.12100874439224309,0.6848947312839802,0.2710013503180474,0.7910000000157589,0.27200000357712767,0.5150042714350981,0.5690000001427997,0.6499999982380724,0.43999999776730164,0.3029100752570492
0.19399995796378525,0.398999953253193,0.205999999997959,0.32199993376504343,0.26599999999771057,0.4709999993073557,0.5140000420028693,0.8580001968693357,0.12099997534973314,0.6849998376115648,0.2710000008731843,0.7909999999995475,0.2719999998145176,0.5149999940582497,0.5689999999998512,0.6500000000001804,0.4400000000058106,0.30299996924595
0.19402619103200586,0.3990309034369673,0.20599999897577195,0.3218170143381405,0.2660000000378828,0.47100000021542,0.5139738095343529,0.8578949933562328,0.1209068179335143,0.6850310843946386,0.2710005880429211,0.7910000000094232,0.27199999979624395,0.5149703830306294,0.568999999991926,0.6499999999714934,0.4400000001785586,0.30301882608267894
